fecha,mp25_ugm3,mp10_ugm3,so2_ppb,cov_ppb,temperatura_c,humedad_pct
2026-09-01 00:04:46,21,22,0,0,10.925,81.423
2026-09-01 00:09:54,21,21,0,0,10.853,80.582
2026-09-01 00:14:46,21,22,0,0,10.807,82.31
2026-09-01 00:19:46,21,22,0,0,10.794,82.424
2026-09-01 00:24:46,25,28,0,0,10.746,82.552
2026-09-01 00:29:46,25,27,0,0,10.703,83.378
2026-09-01 00:34:46,25,27,0,0,10.762,82.876
2026-09-01 00:39:46,27,27,0,0,10.767,81.764
2026-09-01 00:44:46,22,24,0,0,10.692,82.771
2026-09-01 00:49:46,25,26,0,0,10.69,82.766
2026-09-01 00:54:46,25,26,0,0,10.612,82.855
2026-09-01 00:59:46,22,25,0,0,10.612,82.727
2026-09-01 01:04:46,16,19,0,0,10.564,83.288
2026-09-01 01:09:46,13,15,0,0,10.527,83.534
2026-09-01 01:14:46,13,14,0,0,10.5,82.949
2026-09-01 01:19:46,12,14,0,0,10.377,81.6
2026-09-01 01:24:46,12,13,0,0,10.238,82.418
2026-09-01 01:29:46,7,10,0,0,10.11,82.928
2026-09-01 01:34:46,9,9,0,0,9.974,83.448
2026-09-01 01:39:46,7,10,0,0,9.987,83.742
2026-09-01 01:44:46,9,10,0,0,9.987,83.519
2026-09-01 01:49:46,10,12,0,0,9.897,82.619
2026-09-01 01:54:46,8,8,0,0,9.787,82.659
2026-09-01 01:59:46,8,10,0,0,9.686,83.87
2026-09-01 02:04:46,6,8,0,0,9.608,84.164
2026-09-01 02:09:46,8,9,0,0,9.557,85.024
2026-09-01 02:14:46,5,5,0,0,9.517,85.802
2026-09-01 02:19:46,5,5,0,0,9.504,85.588
2026-09-01 02:25:20,4,4,0,0,9.429,85.073
2026-09-01 02:29:55,4,4,0,0,9.309,84.856
2026-09-01 02:34:46,3,3,0,0,9.277,85.342
2026-09-01 02:39:46,2,2,0,0,9.176,84.08
2026-09-01 02:44:46,3,3,0,0,9.109,85.007
2026-09-01 02:49:48,2,2,0,0,9.077,84.148
2026-09-01 02:54:47,1,2,0,0,8.946,84.566
2026-09-01 02:59:46,2,2,0,0,8.842,84.312
2026-09-01 03:04:46,2,2,0,0,8.684,85.047
2026-09-01 03:09:47,3,3,0,0,8.746,86.395
2026-09-01 03:14:47,2,2,0,0,8.682,85.503
2026-09-01 03:19:47,4,4,0,0,8.602,85.913
2026-09-01 03:24:47,1,2,0,0,8.647,86.441
2026-09-01 03:29:47,3,4,0,0,8.652,86.575
2026-09-01 03:34:46,2,3,0,0,8.66,86.06
2026-09-01 03:39:46,3,3,0,0,8.593,85.495
2026-09-01 03:44:46,1,1,0,0,8.505,85.302
2026-09-01 03:49:46,2,2,0,0,8.423,84.991
2026-09-01 03:54:46,2,2,0,0,8.342,85.857
2026-09-01 03:59:46,1,1,0,0,8.284,85.678
2026-09-01 04:04:46,3,3,0,0,8.252,86.079
2026-09-01 04:09:46,3,4,0,0,8.134,85.89
2026-09-01 04:14:46,2,2,0,0,8.102,86.334
2026-09-01 04:19:47,2,2,0,0,8.105,86.693
2026-09-01 04:24:47,2,2,0,0,8.043,86.218
2026-09-01 04:29:47,3,3,0,0,8.003,86.134
2026-09-01 04:34:47,1,1,0,0,7.915,86.216
2026-09-01 04:39:47,1,1,0,0,7.851,86.451
2026-09-01 04:44:47,2,2,0,0,7.774,86.388
2026-09-01 04:49:47,1,1,0,0,7.75,86.716
2026-09-01 04:54:47,1,1,0,0,7.662,85.434
2026-09-01 04:59:47,1,1,0,0,7.6,86.279
2026-09-01 05:04:47,0,0,0,0,7.531,86.494
2026-09-01 05:09:47,0,1,0,0,7.48,86.992
2026-09-01 05:14:59,0,0,0,0,7.509,87.53
2026-09-01 05:19:47,0,0,0,0,7.451,87.187
2026-09-01 05:24:47,1,1,0,0,7.448,87.751
2026-09-01 05:29:47,1,1,0,0,7.488,88.289
2026-09-01 05:34:47,3,3,0,0,7.557,88.774
2026-09-01 05:39:47,15,17,0,0,7.579,87.648
2026-09-01 05:44:47,6,7,0,0,7.587,86.927
2026-09-01 05:49:47,2,3,0,0,7.613,87.4
2026-09-01 05:54:47,0,0,0,0,7.611,87.603
2026-09-01 05:59:47,0,0,0,0,7.63,87.538
2026-09-01 06:04:47,0,0,0,0,7.67,87.647
2026-09-01 06:09:47,0,1,0,0,7.704,87.29
2026-09-01 06:14:47,0,0,0,0,7.699,87.418
2026-09-01 06:19:47,0,0,0,0,7.752,87.818
2026-09-01 06:24:47,0,0,0,0,7.851,88.537
2026-09-01 06:29:47,0,0,0,0,7.907,88.089
2026-09-01 06:34:47,1,1,0,0,7.974,88.482
2026-09-01 06:39:47,0,0,0,0,8.091,88.375
2026-09-01 06:44:47,1,1,0,0,8.137,87.864
2026-09-01 06:50:00,1,1,0,0,8.193,87.13
2026-09-01 06:54:47,3,3,0,0,8.172,87.082
2026-09-01 06:59:47,5,5,0,0,8.196,86.838
2026-09-01 07:04:57,3,3,0,0,8.249,87.097
2026-09-01 07:09:47,2,3,0,0,8.31,87.385
2026-09-01 07:14:47,2,2,0,0,8.399,87.124
2026-09-01 07:19:47,2,2,0,0,8.455,87.414
2026-09-01 07:24:47,3,4,0,0,8.471,86.811
2026-09-01 07:29:47,4,4,0,0,8.543,86.878
2026-09-01 07:34:47,2,3,0,0,8.593,86.807
2026-09-01 07:39:47,3,3,0,0,8.671,87.282
2026-09-01 07:44:47,5,5,0,0,8.775,87.338
2026-09-01 07:49:47,2,2,0,0,8.925,87.467
2026-09-01 07:54:47,2,2,0,0,9.082,87.486
2026-09-01 07:59:47,1,1,0,0,9.272,86.668
2026-09-01 08:04:47,3,5,0,0,9.536,86.416
2026-09-01 08:09:47,5,5,0,0,9.742,86.056
2026-09-01 08:14:47,1,2,0,0,10.041,84.978
2026-09-01 08:19:55,2,2,0,0,10.332,83.338
2026-09-01 08:24:47,1,1,0,0,10.66,82.766
2026-09-01 08:29:47,1,3,0,0,10.879,81.56
2026-09-01 08:34:47,2,3,0,0,10.973,80.589
2026-09-01 08:39:47,4,4,0,0,11.093,80.154
2026-09-01 08:44:47,4,4,0,0,11.977,78.461
2026-09-01 08:49:47,3,3,0,0,13.261,74.94
2026-09-01 08:54:47,4,4,0,0,14.249,71.689
2026-09-01 08:59:47,4,4,0,0,14.594,70.583
2026-09-01 09:04:47,5,6,0,0,15.616,67.695
2026-09-01 09:09:48,2,4,0,0,16.009,66.21
2026-09-01 09:14:47,4,5,0,0,16.604,64.335
2026-09-01 09:19:47,4,4,0,0,17.443,62.664
2026-09-01 09:24:47,5,5,0,0,18.642,57.951
2026-09-01 09:29:47,20,20,0,0,19.494,55.851
2026-09-01 09:34:47,13,16,0,0,20.153,55.618
2026-09-01 09:39:58,2,2,0,0,20.631,53.934
2026-09-01 09:44:47,0,0,0,0,21.203,52.511
2026-09-01 09:49:47,0,0,0,0,21.748,50.374
2026-09-01 09:54:47,0,0,0,0,22.503,48.416
2026-09-01 09:59:47,0,0,0,0,23.2,45.366
2026-09-01 10:04:48,0,0,0,0,23.721,45.387
2026-09-01 10:09:48,0,0,0,0,24.343,44.994
2026-09-01 10:14:48,0,0,0,0,24.573,45.001
2026-09-01 10:19:48,0,0,0,0,24.907,45.152
2026-09-01 10:24:48,0,0,0,0,25.299,43.632
2026-09-01 10:29:48,0,0,0,0,25.521,43.115
2026-09-01 10:34:48,4,6,0,0,25.812,42.667
2026-09-01 10:39:48,1,1,0,0,26.303,42.293
2026-09-01 10:44:48,1,2,0,0,26.551,41.391
2026-09-01 10:49:48,0,0,0,0,26.65,40.393
2026-09-01 10:54:48,0,0,0,0,26.701,40.439
2026-09-01 10:59:48,0,0,0,0,26.843,41.141
2026-09-01 11:00:32,0,0,0,0,26.805,41.797
2026-09-01 11:04:53,0,0,0,0,27.035,41.221
2026-09-01 11:09:52,0,0,0,0,26.888,42.455
2026-09-01 11:14:52,0,0,0,0,26.88,42.613
2026-09-01 11:19:52,0,2,0,0,26.933,43.157
2026-09-01 11:24:52,3,4,0,0,26.96,42.602
2026-09-01 11:29:52,3,3,0,0,27.403,41.501
2026-09-01 11:34:52,3,3,0,0,27.598,41.86
2026-09-01 11:39:52,2,3,0,0,27.756,41.347
2026-09-01 11:44:52,1,1,0,0,27.622,41.482
2026-09-01 11:49:53,1,1,0,0,27.585,41.139
2026-09-01 11:54:52,2,2,0,0,27.964,39.872
2026-09-01 11:59:52,2,2,0,0,28.138,40.639
2026-09-01 12:04:52,4,4,0,0,28.557,42.394
2026-09-01 12:09:53,1,1,0,0,29.219,38.419
2026-09-01 12:14:53,2,2,0,0,29.369,36.842
2026-09-01 12:19:52,0,0,0,0,29.475,38.713
2026-09-01 12:24:53,1,1,0,0,29.702,38.408
2026-09-01 12:29:52,1,3,0,0,29.876,37.112
2026-09-01 12:34:53,106,107,0,0,30.357,35.379
2026-09-01 12:39:53,3,3,0,0,30.56,35.073
2026-09-01 12:44:53,1,1,0,0,30.325,37.292
2026-09-01 12:49:53,0,0,0,0,30.391,36.376
2026-09-01 12:54:53,0,0,0,0,30.437,37.965
2026-09-01 12:59:52,0,0,0,0,30.522,37.858
2026-09-01 13:04:52,0,0,0,0,30.586,36.847
2026-09-01 13:09:52,0,0,0,0,30.698,38.837
2026-09-01 13:14:52,0,0,0,0,30.867,35.491
2026-09-01 13:19:52,0,0,0,0,30.741,37.471
2026-09-01 13:24:53,0,0,0,0,30.795,35.138
2026-09-01 13:29:52,0,0,0,0,31.072,36.597
2026-09-01 13:34:52,0,0,0,0,31.638,33.305
2026-09-01 13:39:53,1,1,0,0,32.143,34.64
2026-09-01 13:44:53,0,0,0,0,32.327,34.728
2026-09-01 13:49:53,0,0,0,0,32.445,31.856
2026-09-01 14:00:29,1,1,0,0,31.334,34.131
2026-09-01 14:04:55,0,0,0,0,31.011,33.197
2026-09-01 14:09:55,0,0,0,0,30.725,33.683
2026-09-01 14:14:55,0,0,0,0,30.322,35.537
2026-09-01 14:19:55,0,0,0,0,30.026,35.104
2026-09-01 14:24:55,0,0,0,0,29.841,34.026
2026-09-01 14:29:55,0,0,0,0,29.622,37.452
2026-09-01 14:34:55,0,0,0,0,29.39,37.502
2026-09-01 14:39:55,0,0,0,0,29.174,36.782
2026-09-01 14:44:55,0,0,0,0,28.765,39.405
2026-09-01 14:49:55,0,0,0,0,28.533,39.459
2026-09-01 14:54:55,1,1,0,0,28.397,34.53
2026-09-01 14:59:55,0,0,0,0,28.242,38.537
2026-09-01 15:04:55,0,0,0,0,28.114,40.387
2026-09-01 15:09:55,0,0,0,0,28.042,38.97
2026-09-01 15:14:55,0,0,0,0,28.114,41.042
2026-09-01 15:19:55,0,0,0,0,28.108,39.701
2026-09-01 15:24:55,0,0,0,0,27.975,40.279
2026-09-01 15:29:55,1,1,0,0,27.857,41.335
2026-09-01 15:34:55,0,0,0,0,27.919,38.787
2026-09-01 15:39:55,0,0,0,0,27.916,38.9
2026-09-01 15:44:55,0,0,0,0,28.028,39.523
2026-09-01 15:49:56,0,0,0,0,27.964,40.176
2026-09-01 15:54:55,0,0,0,0,28.042,38.499
2026-09-01 15:59:55,0,0,0,0,28.151,40.347
2026-09-01 16:04:55,0,0,0,0,28.074,39.748
2026-09-01 16:09:56,0,0,0,0,27.801,38.49
2026-09-01 16:14:55,0,0,0,0,27.462,40.162
2026-09-01 16:19:55,0,0,0,0,27.198,40.464
2026-09-01 16:24:55,0,0,0,0,26.955,42.346
2026-09-01 16:29:55,0,0,0,0,26.653,40.984
2026-09-01 16:34:55,0,0,0,0,26.463,43.968
2026-09-01 16:39:55,0,0,0,0,26.228,43.166
2026-09-01 16:44:55,1,1,0,0,26.017,40.387
2026-09-01 16:49:55,0,0,0,0,25.758,44.965
2026-09-01 16:54:55,0,0,0,0,25.462,45.022
2026-09-01 16:59:55,0,0,0,0,25.251,45.406
2026-09-01 17:04:55,0,0,0,0,24.995,47.105
2026-09-01 17:09:55,0,0,0,0,24.81,44.639
2026-09-01 17:14:56,0,0,0,0,24.535,46.821
2026-09-01 17:19:55,0,0,0,0,24.314,47.26
2026-09-01 17:24:55,0,0,0,0,24.087,49.076
2026-09-01 17:29:56,0,0,0,0,23.766,48.717
2026-09-01 17:34:56,0,0,0,0,23.507,48.501
2026-09-01 17:39:56,0,0,0,0,23.275,48.084
2026-09-01 17:44:56,0,0,0,0,23.059,50.453
2026-09-01 17:49:56,0,1,0,0,22.85,51.994
2026-09-01 17:54:56,0,0,0,0,22.65,50.342
2026-09-01 17:59:56,3,4,0,0,22.412,52.652
2026-09-01 18:04:56,1,1,0,0,22.121,53.432
2026-09-01 18:09:56,0,0,0,0,21.862,53.882
2026-09-01 18:14:56,0,0,0,0,21.67,51.628
2026-09-01 18:19:57,0,0,0,0,21.502,50.191
2026-09-01 18:24:56,0,0,0,0,21.36,51.801
2026-09-01 18:29:56,0,0,0,0,21.256,53.564
2026-09-01 18:34:56,0,0,0,0,21.077,53.234
2026-09-01 18:39:56,0,0,0,0,20.938,56.718
2026-09-01 18:44:56,0,0,0,0,20.738,56.701
2026-09-01 18:49:56,0,1,0,0,20.538,59.589
2026-09-01 18:54:56,0,0,0,0,20.311,59.023
2026-09-01 18:59:56,0,0,0,0,20.14,59.789
2026-09-01 19:04:56,2,2,0,0,19.921,60.798
2026-09-01 19:09:56,0,0,0,0,19.729,58.611
2026-09-01 19:14:56,0,0,0,0,19.678,59.566
2026-09-01 19:19:56,1,1,0,0,19.569,59.036
2026-09-01 19:24:56,1,1,0,0,19.51,59.335
2026-09-01 19:29:56,3,3,0,0,19.39,59.64
2026-09-01 19:34:56,0,0,0,0,19.211,61.144
2026-09-01 19:39:56,0,0,0,0,19.051,62.58
2026-09-01 19:44:56,4,4,0,0,18.81,63.242
2026-09-01 19:49:56,6,6,0,0,18.578,62.521
2026-09-01 19:54:56,8,8,0,0,18.332,63.291
2026-09-01 19:59:56,7,7,0,0,18.193,64.649
2026-09-01 20:04:56,5,6,0,0,18.004,65.061
2026-09-01 20:09:56,4,4,0,0,17.9,64.918
2026-09-01 20:14:56,5,5,0,0,17.715,65.052
2026-09-01 20:19:56,6,6,0,0,17.531,66.206
2026-09-01 20:24:56,4,4,0,0,17.323,67.756
2026-09-01 20:29:56,4,5,0,0,17.176,67.32
2026-09-01 20:34:56,7,7,0,0,17.098,67.709
2026-09-01 20:39:56,12,16,0,0,17.042,67.991
2026-09-01 20:44:56,8,8,0,0,17.026,67.783
2026-09-01 20:49:56,8,10,0,0,16.965,68.817
2026-09-01 20:54:56,9,9,0,0,16.888,70.719
2026-09-01 20:59:56,8,8,0,0,16.837,70.843
2026-09-01 21:04:56,12,15,0,0,16.786,71.974
2026-09-01 21:09:57,10,12,0,0,16.727,70.913
2026-09-01 21:14:57,17,18,0,0,16.693,71.531
2026-09-01 21:19:56,16,18,0,0,16.626,70.459
2026-09-01 21:24:56,13,18,0,0,16.591,71.333
2026-09-01 21:29:56,9,9,0,0,16.532,71.655
2026-09-01 21:34:56,6,6,0,0,16.46,70.98
2026-09-01 21:39:56,7,7,0,0,16.442,70.69
2026-09-01 21:44:57,6,8,0,0,16.327,71.533
2026-09-01 21:49:56,6,7,0,0,16.164,72.721
2026-09-01 21:54:57,6,7,0,0,15.95,73.129
2026-09-01 21:59:57,6,6,0,0,15.83,73.07
2026-09-01 22:04:57,8,8,0,0,15.667,73.555
2026-09-01 22:09:56,6,7,0,0,15.542,74.137
2026-09-01 22:14:56,6,6,0,0,15.336,74.215
2026-09-01 22:19:56,6,7,0,0,15.205,73.738
2026-09-01 22:24:57,11,11,0,0,15.018,75.146
2026-09-01 22:29:56,9,9,0,0,14.936,75.607
2026-09-01 22:34:56,8,9,0,0,14.847,77.425
2026-09-01 22:39:57,7,7,0,0,14.823,77.467
2026-09-01 22:44:59,6,6,0,0,14.783,77.463
2026-09-01 22:49:57,7,7,0,0,14.778,77.906
2026-09-01 22:54:57,7,7,0,0,14.751,77.82
2026-09-01 22:59:56,6,7,0,0,14.773,77.484
2026-09-01 23:04:57,5,6,0,0,14.781,77.572
2026-09-01 23:09:57,9,9,0,0,14.81,77.53
2026-09-01 23:14:57,16,18,0,0,14.81,77.038
2026-09-01 23:19:57,12,15,0,0,14.805,77.206
2026-09-01 23:24:57,15,16,0,0,14.797,77.032
2026-09-01 23:29:57,20,22,0,0,14.695,77.24
2026-09-01 23:34:57,22,22,0,0,14.628,77.446
2026-09-01 23:39:56,23,23,0,0,14.578,78.281
2026-09-01 23:44:56,20,23,0,0,14.49,79.065
2026-09-01 23:49:57,20,23,0,0,14.444,78.148
2026-09-01 23:54:56,22,22,0,0,14.308,78.392
2026-09-01 23:59:57,25,25,0,0,14.263,78.672
2026-09-02 00:04:56,22,22,0,0,14.158,78.962
2026-09-02 00:09:57,19,22,0,0,14.084,78.693
2026-09-02 00:14:57,20,20,0,0,13.945,79.348
2026-09-02 00:19:57,20,22,0,0,13.809,79.872
2026-09-02 00:24:57,22,22,0,0,13.715,80.156
2026-09-02 00:29:57,20,20,0,0,13.63,79.948
2026-09-02 00:34:57,23,25,0,0,13.587,80.73
2026-09-02 00:39:57,18,19,0,0,13.499,80.906
2026-09-02 00:44:56,19,20,0,0,13.453,80.797
2026-09-02 00:49:57,11,13,0,0,13.413,80.116
2026-09-02 00:54:57,16,19,0,0,13.376,81.213
2026-09-02 00:59:57,14,16,0,0,13.339,81.394
2026-09-02 01:04:57,14,14,0,0,13.363,80.707
2026-09-02 01:09:57,12,12,0,0,13.312,81.091
2026-09-02 01:14:57,11,12,0,0,13.224,81.032
2026-09-02 01:19:57,7,8,0,0,13.176,80.896
2026-09-02 01:24:57,8,8,0,0,13.058,81.774
2026-09-02 01:29:57,7,7,0,0,13.016,82.207
2026-09-02 01:34:57,6,6,0,0,12.914,82.039
2026-09-02 01:39:57,6,7,0,0,12.893,82.424
2026-09-02 01:44:57,6,6,0,0,12.826,82.514
2026-09-02 01:49:57,6,6,0,0,12.797,82.375
2026-09-02 01:54:57,5,5,0,0,12.716,82.821
2026-09-02 01:59:57,8,8,0,0,12.631,82.138
2026-09-02 02:04:57,5,6,0,0,12.516,82.329
2026-09-02 02:09:57,7,8,0,0,12.479,82.897
2026-09-02 02:14:57,16,17,0,0,12.396,82.945
2026-09-02 02:19:57,9,9,0,0,12.377,83.149
2026-09-02 02:24:57,7,7,0,0,12.316,82.561
2026-09-02 02:29:57,7,7,0,0,12.233,83.469
2026-09-02 02:34:57,6,6,0,0,12.18,83.082
2026-09-02 02:39:57,7,7,0,0,12.084,83.328
2026-09-02 02:44:57,9,9,0,0,12.054,84.009
2026-09-02 02:49:57,6,6,0,0,12.046,83.443
2026-09-02 02:54:57,5,5,0,0,12.028,84.253
2026-09-02 02:59:57,5,5,0,0,12.017,84.604
2026-09-02 03:04:57,4,4,0,0,12.065,84.774
2026-09-02 03:09:57,5,5,0,0,12.092,84.225
2026-09-02 03:14:57,4,4,0,0,12.081,84.07
2026-09-02 03:19:57,3,3,0,0,12.07,83.727
2026-09-02 03:24:57,3,3,0,0,12.004,83.914
2026-09-02 03:30:00,4,4,0,0,11.985,83.847
2026-09-02 03:34:57,3,3,0,0,11.979,83.786
2026-09-02 03:39:57,2,2,0,0,11.982,84.249
2026-09-02 03:44:57,3,3,0,0,11.915,84.723
2026-09-02 03:49:57,3,3,0,0,11.913,85.009
2026-09-02 03:54:57,5,5,0,0,11.865,85.087
2026-09-02 03:59:57,5,5,0,0,11.859,85.241
2026-09-02 04:04:57,4,5,0,0,11.841,85.068
2026-09-02 04:09:57,7,7,0,0,11.841,85.264
2026-09-02 04:14:57,8,9,0,0,11.782,84.74
2026-09-02 04:19:57,5,5,0,0,11.782,84.688
2026-09-02 04:24:57,3,4,0,0,11.752,84.471
2026-09-02 04:29:57,6,6,0,0,11.742,84.08
2026-09-02 04:34:57,2,2,0,0,11.704,84.766
2026-09-02 04:39:57,5,5,0,0,11.64,85.005
2026-09-02 04:44:57,5,5,0,0,11.635,85.247
2026-09-02 04:49:57,4,4,0,0,11.616,85.15
2026-09-02 04:54:57,4,4,0,0,11.614,85.398
2026-09-02 04:59:57,2,4,0,0,11.55,84.745
2026-09-02 05:04:57,3,3,0,0,11.509,85.032
2026-09-02 05:09:57,3,3,0,0,11.435,84.452
2026-09-02 05:14:58,2,3,0,0,11.333,84.77
2026-09-02 05:19:57,3,4,0,0,11.272,85.35
2026-09-02 05:24:57,2,3,0,0,11.242,85.367
2026-09-02 05:29:57,3,3,0,0,11.181,85.19
2026-09-02 05:34:57,3,3,0,0,11.133,85.428
2026-09-02 05:39:57,6,6,0,0,11.037,85.592
2026-09-02 05:44:57,4,4,0,0,10.991,85.396
2026-09-02 05:49:57,4,4,0,0,10.93,85.892
2026-09-02 05:54:57,3,3,0,0,10.853,85.897
2026-09-02 05:59:57,2,3,0,0,10.799,86.229
2026-09-02 06:04:57,3,3,0,0,10.77,85.943
2026-09-02 06:09:57,4,4,0,0,10.716,86.252
2026-09-02 06:14:57,3,3,0,0,10.679,86.496
2026-09-02 06:19:59,3,4,0,0,10.524,84.965
2026-09-02 06:24:57,4,5,0,0,10.441,86.061
2026-09-02 06:29:57,5,5,0,0,10.401,85.735
2026-09-02 06:34:57,6,7,0,0,10.297,85.964
2026-09-02 06:39:57,5,6,0,0,10.273,86.693
2026-09-02 06:44:57,9,10,0,0,10.286,87.023
2026-09-02 06:49:57,9,10,0,0,10.292,87.044
2026-09-02 06:54:57,5,5,0,0,10.268,87.341
2026-09-02 06:59:57,6,6,0,0,10.238,86.634
2026-09-02 07:04:57,6,6,0,0,10.206,86.87
2026-09-02 07:09:57,4,4,0,0,10.153,86.725
2026-09-02 07:14:57,9,10,0,0,10.137,87.149
2026-09-02 07:19:57,12,12,0,0,10.129,87.175
2026-09-02 07:24:58,5,5,0,0,10.222,87.881
2026-09-02 07:29:57,5,5,0,0,10.303,88.596
2026-09-02 07:34:58,4,4,0,0,10.537,89.241
2026-09-02 07:39:58,6,6,0,0,10.73,89.182
2026-09-02 07:44:57,4,4,0,0,10.983,89.09
2026-09-02 07:49:57,3,3,0,0,11.248,88.627
2026-09-02 07:54:57,4,5,0,0,11.387,86.264
2026-09-02 07:59:57,4,4,0,0,11.421,85.146
2026-09-02 08:05:00,5,6,0,0,11.477,84.333
2026-09-02 08:09:58,4,5,0,0,11.531,84.274
2026-09-02 08:14:58,5,5,0,0,11.704,84.618
2026-09-02 08:19:57,4,4,0,0,11.931,84.711
2026-09-02 08:24:57,4,4,0,0,12.214,83.733
2026-09-02 08:29:58,5,5,0,0,12.46,82.781
2026-09-02 08:34:58,4,4,0,0,12.738,82.97
2026-09-02 08:39:57,5,5,0,0,13.002,81.043
2026-09-02 08:44:58,5,5,0,0,13.478,80.73
2026-09-02 08:49:58,6,8,0,0,13.881,78.253
2026-09-02 08:54:58,6,8,0,0,14.353,77.562
2026-09-02 08:59:58,7,7,0,0,14.879,75.626
2026-09-02 09:04:58,5,6,0,0,15.371,74.388
2026-09-02 09:09:58,6,6,0,0,15.779,73.561
2026-09-02 09:14:58,9,9,0,0,16.049,71.943
2026-09-02 09:19:58,19,22,0,0,16.404,70.757
2026-09-02 09:24:58,12,13,0,0,16.994,70.078
2026-09-02 09:29:58,8,8,0,0,17.571,68.271
2026-09-02 09:34:58,6,6,0,0,17.953,66.477
2026-09-02 09:39:58,11,12,0,0,18.34,65.464
2026-09-02 09:44:58,7,7,0,0,18.508,63.615
2026-09-02 09:49:58,6,6,0,0,18.476,64.598
2026-09-02 09:54:58,6,6,0,0,18.527,63.503
2026-09-02 09:59:58,8,8,0,0,18.658,62.893
2026-09-02 10:04:58,5,5,0,0,18.794,62.856
2026-09-02 10:09:58,5,5,0,0,19.083,63.238
2026-09-02 10:14:58,3,3,0,0,19.131,62.08
2026-09-02 10:19:58,4,5,0,0,19.211,63.476
2026-09-02 10:24:58,6,6,0,0,19.32,62.305
2026-09-02 10:29:58,4,4,0,0,19.406,61.035
2026-09-02 10:34:58,4,4,0,0,19.478,60.352
2026-09-02 10:39:58,4,4,0,0,19.52,60.566
2026-09-02 10:44:58,6,6,0,0,19.788,59.732
2026-09-02 10:49:58,7,8,0,0,19.91,59.026
2026-09-02 10:54:58,5,6,0,0,20.039,61.893
2026-09-02 11:04:58,3,4,0,0,20.3,59.883
2026-09-02 11:09:58,3,3,0,0,20.65,58.399
2026-09-02 11:14:58,1,1,0,0,20.909,55.751
2026-09-02 11:19:58,2,2,0,0,21.168,54.981
2026-09-02 11:24:59,3,3,0,0,21.411,54.218
2026-09-02 11:29:58,2,2,0,0,21.737,55.088
2026-09-02 11:34:58,1,1,0,0,22.081,53.06
2026-09-02 11:39:58,1,2,0,0,22.324,52.162
2026-09-02 11:44:58,5,5,0,0,22.701,53.415
2026-09-02 11:49:58,11,13,0,0,23.633,49.797
2026-09-02 11:54:58,5,5,0,0,24.316,48.377
2026-09-02 11:59:58,3,4,0,0,24.517,48.961
2026-09-02 12:04:58,2,2,0,0,24.813,48.059
2026-09-02 12:09:58,2,2,0,0,25.142,48.841
2026-09-02 12:14:58,4,4,0,0,25.529,48.685
2026-09-02 12:19:58,1,2,0,0,25.849,47.168
2026-09-02 12:24:58,2,2,0,0,26.087,46.972
2026-09-02 12:29:58,5,5,0,0,26.41,47.216
2026-09-02 12:34:58,4,4,0,0,26.538,45.967
2026-09-02 12:39:59,3,3,0,0,26.656,45.932
2026-09-02 12:44:58,3,3,0,0,26.933,44.973
2026-09-02 12:49:58,4,4,0,0,27.096,45.274
2026-09-02 12:54:58,3,3,0,0,27.489,44.406
2026-09-02 12:59:58,4,6,0,0,27.644,43.737
2026-09-02 13:04:59,5,5,0,0,27.748,44.368
2026-09-02 13:09:58,4,4,0,0,28.14,43.884
2026-09-02 13:14:58,3,3,0,0,29.187,41.673
2026-09-02 13:19:59,1,1,0,0,29.633,41.242
2026-09-02 13:24:58,3,3,0,0,29.633,40.342
2026-09-02 13:29:59,4,4,0,0,29.518,40.672
2026-09-02 13:34:58,1,1,0,0,29.446,40.241
2026-09-02 13:39:59,2,3,0,0,29.71,40.414
2026-09-02 13:44:58,3,3,0,0,29.697,39.735
2026-09-02 13:49:58,6,7,0,0,29.71,42.161
2026-09-02 13:54:59,3,4,0,0,29.566,40.475
2026-09-02 13:59:58,5,6,0,0,29.251,42.491
2026-09-02 14:04:59,5,5,0,0,28.891,42.541
2026-09-02 14:09:58,4,5,0,0,29.064,43.271
2026-09-02 14:14:58,5,5,0,0,28.957,43.634
2026-09-02 14:19:58,5,5,0,0,28.706,44.896
2026-09-02 14:24:59,5,5,0,0,28.37,45.534
2026-09-02 14:29:59,5,5,0,0,27.959,46.209
2026-09-02 14:34:59,5,5,0,0,27.913,46.003
2026-09-02 14:39:59,6,6,0,0,27.686,46.392
2026-09-02 14:44:58,3,3,0,0,27.521,46.209
2026-09-02 14:49:59,5,6,0,0,27.363,46.199
2026-09-02 14:54:59,5,5,0,0,27.056,46.174
2026-09-02 14:59:59,2,2,0,0,26.885,47.714
2026-09-02 15:04:59,1,2,0,0,26.792,49.507
2026-09-02 15:09:59,5,6,0,0,26.482,47.883
2026-09-02 15:14:59,2,3,0,0,26.202,47.197
2026-09-02 15:19:59,1,1,0,0,25.964,48.524
2026-09-02 15:24:59,0,0,0,0,25.86,49.928
2026-09-02 15:29:59,3,3,0,0,25.98,52.413
2026-09-02 15:34:59,2,3,0,0,26.036,49.379
2026-09-02 15:39:58,0,1,0,0,25.863,49.241
2026-09-02 15:44:59,0,1,0,0,25.662,48.759
2026-09-02 15:49:59,0,0,0,0,25.555,49.085
2026-09-02 15:54:59,0,0,0,0,25.595,51.898
2026-09-02 15:59:59,1,2,0,0,25.582,48.664
2026-09-02 16:04:59,0,0,0,0,25.513,51.164
2026-09-02 16:09:58,0,0,0,0,25.513,49.289
2026-09-02 16:14:58,0,1,0,0,25.515,50.563
2026-09-02 16:19:58,1,2,0,0,25.529,49.606
2026-09-02 16:24:58,1,1,0,0,25.465,49.093
2026-09-02 16:29:58,0,0,0,0,25.438,51.269
2026-09-02 16:34:58,0,0,0,0,25.31,50.077
2026-09-02 16:39:58,0,0,0,0,25.12,50.275
2026-09-02 16:44:58,0,0,0,0,24.84,49.297
2026-09-02 16:49:58,0,0,0,0,24.546,51.172
2026-09-02 16:54:58,0,0,0,0,24.231,53.092
2026-09-02 16:59:58,0,0,0,0,23.948,53.363
2026-09-02 17:04:58,0,0,0,0,23.721,52.816
2026-09-02 17:09:58,0,1,0,0,23.601,55.368
2026-09-02 17:14:58,0,0,0,0,23.499,55.975
2026-09-02 17:19:58,0,0,0,0,23.334,55.786
2026-09-02 17:24:58,0,0,0,0,23.542,55.389
2026-09-02 17:29:58,0,0,0,0,23.203,56.156
2026-09-02 17:34:58,0,0,0,0,22.757,54.729
2026-09-02 17:39:58,0,0,0,0,22.404,56.341
2026-09-02 17:44:58,4,4,0,0,22.105,58.284
2026-09-02 17:49:58,31,32,0,0,21.817,59.911
2026-09-02 17:54:58,8,8,0,0,21.467,59.28
2026-09-02 17:59:58,3,3,0,0,21.197,60.415
2026-09-02 18:04:58,2,2,0,0,20.93,61.924
2026-09-02 18:09:58,2,2,0,0,20.658,62.851
2026-09-02 18:14:58,2,2,0,0,20.412,64.098
2026-09-02 18:19:58,2,2,0,0,20.164,64.148
2026-09-02 18:24:59,0,0,0,0,19.884,63.844
2026-09-02 18:29:58,0,0,0,0,19.601,64.203
2026-09-02 18:34:59,1,2,0,0,19.307,63.656
2026-09-02 18:39:58,1,1,0,0,19.08,63.4
2026-09-02 18:44:58,0,0,0,0,18.944,64.991
2026-09-02 18:49:59,1,1,0,0,18.754,64.701
2026-09-02 18:54:59,1,1,0,0,18.548,65.729
2026-09-02 18:59:58,1,1,0,0,18.431,66.465
2026-09-02 19:04:59,1,1,0,0,18.343,66.482
2026-09-02 19:09:59,0,0,0,0,18.169,66.755
2026-09-02 19:14:59,1,1,0,0,18.001,67.314
2026-09-02 19:19:59,1,1,0,0,17.705,68.563
2026-09-02 19:24:59,3,3,0,0,17.576,68.924
2026-09-02 19:29:59,2,2,0,0,17.376,69.183
2026-09-02 19:34:59,3,3,0,0,17.277,69.303
2026-09-02 19:39:59,4,4,0,0,17.098,70.2
2026-09-02 19:44:59,4,5,0,0,16.909,70.69
2026-09-02 19:49:59,6,6,0,0,16.711,71.132
2026-09-02 19:54:58,6,6,0,0,16.442,72.141
2026-09-02 19:59:59,6,6,0,0,16.236,73.732
2026-09-02 20:04:59,6,6,0,0,16.057,74.173
2026-09-02 20:09:59,6,6,0,0,15.937,74.104
2026-09-02 20:14:59,7,7,0,0,15.782,74.406
2026-09-02 20:19:59,5,6,0,0,15.603,75.128
2026-09-02 20:24:59,5,5,0,0,15.462,75.722
2026-09-02 20:29:58,9,9,0,0,15.325,75.361
2026-09-02 20:34:59,9,9,0,0,15.259,75.313
2026-09-02 20:39:59,5,7,0,0,15.141,75.558
2026-09-02 20:44:59,3,3,0,0,15.037,74.961
2026-09-02 20:49:59,1,1,0,0,14.938,74.478
2026-09-02 20:54:59,1,1,0,0,14.845,74.312
2026-09-02 20:59:58,0,1,0,0,14.778,73.166
2026-09-02 21:04:59,0,0,0,0,14.671,73.938
2026-09-02 21:09:58,1,1,0,0,14.562,74.961
2026-09-02 21:14:59,0,1,0,0,14.442,74.268
2026-09-02 21:19:58,0,1,0,0,14.321,74.224
2026-09-02 21:24:58,4,5,0,0,14.281,75.252
2026-09-02 21:29:59,2,2,0,0,14.276,75.533
2026-09-02 21:34:59,2,2,0,0,14.209,75.8
2026-09-02 21:39:59,6,6,0,0,14.057,76.242
2026-09-02 21:44:59,4,4,0,0,13.958,76.71
2026-09-02 21:49:59,4,4,0,0,13.838,77.207
2026-09-02 21:54:59,2,2,0,0,13.699,77.434
2026-09-02 21:59:59,4,5,0,0,13.584,77.721
2026-09-02 22:04:59,5,5,0,0,13.464,78.588
2026-09-02 22:09:59,2,3,0,0,13.371,77.909
2026-09-02 22:14:59,3,4,0,0,13.261,77.915
2026-09-02 22:19:59,6,6,0,0,13.136,78.682
2026-09-02 22:24:59,6,6,0,0,13.04,79.021
2026-09-02 22:29:59,5,5,0,0,12.941,78.823
2026-09-02 22:34:59,4,4,0,0,12.821,79.519
2026-09-02 22:39:59,5,5,0,0,12.738,79.624
2026-09-02 22:44:59,12,12,0,0,12.671,80.152
2026-09-02 22:49:59,7,8,0,0,12.543,80.683
2026-09-02 22:54:59,9,9,0,0,12.495,81.07
2026-09-02 22:59:59,6,6,0,0,12.38,81.261
2026-09-02 23:04:59,3,3,0,0,12.265,81.247
2026-09-02 23:09:59,4,4,0,0,12.14,81.697
2026-09-02 23:14:59,12,14,0,0,12.102,81.675
2026-09-02 23:19:59,8,8,0,0,12.033,81.472
2026-09-02 23:24:59,5,5,0,0,11.915,81.388
2026-09-02 23:29:59,7,7,0,0,11.857,81.493
2026-09-02 23:34:59,4,4,0,0,11.758,81.484
2026-09-02 23:39:59,3,4,0,0,11.667,81.652
2026-09-02 23:44:59,3,4,0,0,11.579,81.526
2026-09-02 23:49:59,4,4,0,0,11.445,81.985
2026-09-02 23:54:59,6,6,0,0,11.325,82.563
2026-09-02 23:59:59,10,13,0,0,11.269,83.492
2026-09-03 00:04:59,15,17,0,0,11.149,83.057
2026-09-03 00:09:59,13,14,0,0,11.082,83.67
2026-09-03 00:14:59,17,19,0,0,11.01,84.082
2026-09-03 00:19:59,17,18,0,0,10.941,84.248
2026-09-03 00:24:59,20,20,0,0,10.949,84.105
2026-09-03 00:29:59,18,22,0,0,10.895,84.118
2026-09-03 00:34:59,21,21,0,0,10.842,83.681
2026-09-03 00:39:59,30,31,0,0,10.754,84.364
2026-09-03 00:44:59,28,29,0,0,10.698,83.158
2026-09-03 00:49:59,30,32,0,0,10.57,83.532
2026-09-03 00:54:59,31,33,0,0,10.511,83.801
2026-09-03 00:59:59,33,37,0,0,10.476,83.685
2026-09-03 01:04:59,35,41,0,0,10.369,83.899
2026-09-03 01:09:59,30,32,0,0,10.27,84.187
2026-09-03 01:14:59,19,22,0,0,10.204,85.217
2026-09-03 01:19:59,6,6,0,0,10.292,85.794
2026-09-03 01:24:59,6,6,0,0,10.364,85.474
2026-09-03 01:29:59,6,8,0,0,10.364,85.428
2026-09-03 01:35:00,4,4,0,0,10.313,84.311
2026-09-03 01:39:59,3,4,0,0,10.228,84.19
2026-09-03 01:45:00,2,3,0,0,10.145,84.869
2026-09-03 01:50:00,1,2,0,0,10.086,85.171
2026-09-03 01:55:00,5,5,0,0,10.051,84.995
2026-09-03 02:00:00,9,9,0,0,9.953,85.052
2026-09-03 02:05:00,7,9,0,0,9.865,85.083
2026-09-03 02:10:00,5,5,0,0,9.782,85.329
2026-09-03 02:14:59,3,3,0,0,9.691,85.075
2026-09-03 02:20:00,3,3,0,0,9.6,85.026
2026-09-03 02:25:00,4,4,0,0,9.555,84.749
2026-09-03 02:29:59,4,4,0,0,9.472,85.6
2026-09-03 02:35:00,2,2,0,0,9.453,85.424
2026-09-03 02:40:00,3,3,0,0,9.384,85.327
2026-09-03 02:45:00,2,3,0,0,9.266,84.917
2026-09-03 02:49:59,3,3,0,0,9.208,85.957
2026-09-03 02:55:00,2,2,0,0,9.165,85.939
2026-09-03 03:00:00,1,1,0,0,9.133,85.949
2026-09-03 03:05:00,3,3,0,0,9.093,86.195
2026-09-03 03:10:00,3,4,0,0,8.967,85.855
2026-09-03 03:15:00,2,2,0,0,8.949,86.92
2026-09-03 03:20:00,2,2,0,0,8.959,87.484
2026-09-03 03:25:00,3,3,0,0,8.951,87.444
2026-09-03 03:30:00,0,1,0,0,8.917,86.817
2026-09-03 03:35:00,1,1,0,0,8.82,86.79
2026-09-03 03:40:00,3,3,0,0,8.786,87.078
2026-09-03 03:45:00,3,3,0,0,8.807,87.158
2026-09-03 03:50:00,1,2,0,0,8.746,86.111
2026-09-03 03:55:00,2,3,0,0,8.73,86.603
2026-09-03 04:00:00,2,3,0,0,8.679,86.754
2026-09-03 04:05:00,3,3,0,0,8.668,87.082
2026-09-03 04:10:00,2,2,0,0,8.602,86.548
2026-09-03 04:15:00,1,1,0,0,8.556,87.099
2026-09-03 04:20:01,2,2,0,0,8.529,87.286
2026-09-03 04:25:01,1,1,0,0,8.535,87.156
2026-09-03 04:30:01,2,2,0,0,8.471,87.231
2026-09-03 04:35:01,1,2,0,0,8.436,86.59
2026-09-03 04:40:01,2,3,0,0,8.321,86.47
2026-09-03 04:45:01,4,4,0,0,8.294,86.849
2026-09-03 04:50:01,3,3,0,0,8.278,86.926
2026-09-03 04:55:01,4,4,0,0,8.26,87.824
2026-09-03 05:00:01,3,4,0,0,8.326,87.278
2026-09-03 05:05:01,2,3,0,0,8.222,86.054
2026-09-03 05:10:01,2,2,0,0,8.107,86.401
2026-09-03 05:15:01,2,2,0,0,8.043,86.681
2026-09-03 05:20:01,2,2,0,0,8.006,87.256
2026-09-03 05:25:01,0,0,0,0,7.971,87.294
2026-09-03 05:30:01,2,2,0,0,8.014,87.845
2026-09-03 05:35:01,1,1,0,0,7.931,86.664
2026-09-03 05:40:01,2,2,0,0,7.864,87.099
2026-09-03 05:45:01,0,0,0,0,7.824,86.613
2026-09-03 05:50:01,1,2,0,0,7.752,86.872
2026-09-03 05:55:01,1,1,0,0,7.742,87.694
2026-09-03 06:00:01,1,1,0,0,7.704,87.62
2026-09-03 06:05:01,1,1,0,0,7.691,88.022
2026-09-03 06:10:01,2,3,0,0,7.71,88.278
2026-09-03 06:15:01,31,34,0,0,7.627,88.083
2026-09-03 06:20:01,39,48,0,0,7.624,87.776
2026-09-03 06:25:01,55,68,0,0,7.557,87.616
2026-09-03 06:30:01,53,66,0,0,7.557,88.356
2026-09-03 06:35:01,51,63,0,0,7.544,88.205
2026-09-03 06:40:01,57,72,0,0,7.445,87.267
2026-09-03 06:45:01,51,63,0,0,7.357,87.051
2026-09-03 06:50:01,47,54,0,0,7.37,87.956
2026-09-03 06:55:01,43,50,0,0,7.403,88.173
2026-09-03 07:00:01,32,34,0,0,7.362,88.167
2026-09-03 07:05:01,33,39,0,0,7.333,88.427
2026-09-03 07:10:01,40,45,0,0,7.352,88.72
2026-09-03 07:15:01,34,36,0,0,7.373,88.816
2026-09-03 07:20:01,24,24,0,0,7.435,89.174
2026-09-03 07:25:01,26,29,0,0,7.437,88.139
2026-09-03 07:30:01,31,31,0,0,7.491,88.682
2026-09-03 07:35:01,19,20,0,0,7.541,88.615
2026-09-03 07:40:01,20,22,0,0,7.584,88.163
2026-09-03 07:45:01,21,21,0,0,7.643,88.236
2026-09-03 07:50:01,13,14,0,0,7.744,88.57
2026-09-03 07:55:01,5,7,0,0,7.886,88.991
2026-09-03 08:00:01,7,7,0,0,8.043,89.193
2026-09-03 08:05:01,5,5,0,0,8.204,89.319
2026-09-03 08:10:01,4,4,0,0,8.353,89.583
2026-09-03 08:15:01,8,8,0,0,8.54,89.541
2026-09-03 08:20:01,5,5,0,0,8.826,90.044
2026-09-03 08:25:01,5,5,0,0,9.154,90.269
2026-09-03 08:30:01,4,4,0,0,9.528,90.178
2026-09-03 08:35:01,3,3,0,0,9.945,90.368
2026-09-03 08:40:01,1,2,0,0,11.237,91.646
2026-09-03 08:45:01,2,2,0,0,13.627,80.223
2026-09-03 08:50:01,2,2,0,0,15.643,71.743
2026-09-03 08:55:01,2,3,0,0,17.288,66.274
2026-09-03 09:00:02,2,2,0,0,18.484,62.12
2026-09-03 09:05:01,4,5,0,0,19.582,58.273
2026-09-03 09:10:02,3,4,0,0,20.338,56.009
2026-09-03 09:15:01,8,8,0,0,20.938,54.8
2026-09-03 09:20:02,1,1,0,0,21.502,51.721
2026-09-03 09:25:02,1,1,0,0,21.828,51.986
2026-09-03 09:30:02,0,1,0,0,22.37,50.275
2026-09-03 09:35:02,1,1,0,0,22.559,48.805
2026-09-03 09:40:02,1,2,0,0,22.685,50.304
2026-09-03 09:45:02,1,1,0,0,23.147,52.65
2026-09-03 09:50:02,2,2,0,0,23.515,49.297
2026-09-03 09:55:01,0,1,0,0,23.716,50.394
2026-09-03 10:00:02,3,3,0,0,24.076,49.873
2026-09-03 10:05:02,1,1,0,0,24.175,47.885
2026-09-03 10:10:02,2,3,0,0,24.194,47.506
2026-09-03 10:15:02,1,1,0,0,24.311,48.211
2026-09-03 10:20:02,3,3,0,0,24.543,48.08
2026-09-03 10:25:02,2,2,0,0,24.749,49.024
2026-09-03 10:30:02,2,2,0,0,25.008,49.123
2026-09-03 10:35:02,1,1,0,0,25.315,46.392
2026-09-03 10:40:02,3,3,0,0,25.288,45.068
2026-09-03 10:45:02,0,1,0,0,25.377,46.068
2026-09-03 10:50:02,2,3,0,0,25.326,44.238
2026-09-03 10:55:01,1,2,0,0,25.419,43.874
2026-09-03 11:00:01,2,2,0,0,25.465,46.348
2026-09-03 11:05:01,4,4,0,0,25.732,46.615
2026-09-03 11:10:01,10,10,0,0,25.953,44.803
2026-09-03 11:15:01,18,19,0,0,26.015,43.414
2026-09-03 11:20:01,5,6,0,0,25.959,43.874
2026-09-03 11:25:02,7,7,0,0,26.18,46.136
2026-09-03 11:30:01,3,3,0,0,26.698,42.926
2026-09-03 11:35:01,2,2,0,0,27.112,43.748
2026-09-03 11:40:01,1,1,0,0,27.286,41.267
2026-09-03 11:45:01,1,2,0,0,27.614,43.31
2026-09-03 11:50:02,1,2,0,0,27.585,42.529
2026-09-03 11:55:01,1,2,0,0,27.713,42.268
2026-09-03 12:00:02,0,0,0,0,28.09,42.632
2026-09-03 12:05:01,2,2,0,0,28.471,41.091
2026-09-03 12:10:02,0,0,0,0,28.805,41.942
2026-09-03 12:15:02,1,2,0,0,28.957,39.159
2026-09-03 12:20:02,0,1,0,0,28.989,38.673
2026-09-03 12:25:02,1,1,0,0,29.147,38.438
2026-09-03 12:30:02,0,0,0,0,29.134,40.601
2026-09-03 12:35:20,0,0,0,0,29.622,37.219
2026-09-03 12:40:02,0,0,0,0,29.953,37.946
2026-09-03 12:45:02,0,0,0,0,30.042,34.959
2026-09-03 12:50:02,0,0,0,0,29.55,34.15
2026-09-03 12:55:02,0,0,0,0,29.414,38.141
2026-09-03 13:00:02,0,0,0,0,29.123,38.972
2026-09-03 13:05:02,0,0,0,0,29.387,39.701
2026-09-03 13:10:02,0,0,0,0,30.042,35.419
2026-09-03 13:15:02,0,0,0,0,30.731,35.262
2026-09-03 13:20:02,0,0,0,0,31.315,33.78
2026-09-03 13:25:20,0,1,0,0,31.5,35.003
2026-09-03 13:30:02,2,3,0,0,31.863,37.141
2026-09-03 13:35:02,0,0,0,0,32.031,36.678
2026-09-03 13:40:02,0,0,0,0,31.911,32.218
2026-09-03 13:45:02,0,0,0,0,31.777,34.537
2026-09-03 13:50:02,0,0,0,0,31.582,35.606
2026-09-03 13:55:02,0,0,0,0,30.816,34.343
2026-09-03 14:00:02,0,1,0,0,30.135,38.736
2026-09-03 14:05:02,1,1,0,0,29.315,39.813
2026-09-03 14:10:02,1,1,0,0,29.273,41.278
2026-09-03 14:15:02,0,0,0,0,29.072,38.915
2026-09-03 14:20:02,0,0,0,0,28.664,41.73
2026-09-03 14:25:02,0,0,0,0,28.351,41.213
2026-09-03 14:30:02,0,0,0,0,28.22,42.753
2026-09-03 14:35:02,0,1,0,0,28.231,41.793
2026-09-03 14:40:02,0,0,0,0,27.956,42.455
2026-09-03 14:45:02,0,0,0,0,27.734,42.585
2026-09-03 14:50:02,0,0,0,0,27.406,41.583
2026-09-03 14:55:02,0,0,0,0,27.083,43.765
2026-09-03 15:00:02,0,0,0,0,26.794,44.057
2026-09-03 15:05:02,0,0,0,0,26.477,45.047
2026-09-03 15:10:02,0,0,0,0,26.346,44.011
2026-09-03 15:15:02,0,0,0,0,26.258,43.985
2026-09-03 15:20:02,0,0,0,0,26.191,44.49
2026-09-03 15:25:02,0,0,0,0,26.073,45.902
2026-09-03 15:30:02,0,0,0,0,25.985,46.581
2026-09-03 15:35:02,0,0,0,0,25.865,45.904
2026-09-03 15:40:02,0,0,0,0,25.697,47.635
2026-09-03 15:45:02,0,0,0,0,25.625,46.361
2026-09-03 15:50:02,0,0,0,0,25.491,45.984
2026-09-03 15:55:02,0,0,0,0,25.259,46.926
2026-09-03 16:00:02,0,1,0,0,25.134,46.59
2026-09-03 16:05:02,0,0,0,0,24.73,47.304
2026-09-03 16:10:02,0,0,0,0,24.471,48.915
2026-09-03 16:15:03,0,0,0,0,24.274,48.248
2026-09-03 16:20:02,0,0,0,0,24.052,49.261
2026-09-03 16:25:02,0,0,0,0,23.932,50.977
2026-09-03 16:30:02,0,0,0,0,23.87,47.981
2026-09-03 16:35:03,0,0,0,0,23.777,47.929
2026-09-03 16:40:03,0,1,0,0,23.788,49.411
2026-09-03 16:45:02,0,0,0,0,23.79,49.648
2026-09-03 16:50:03,0,0,0,0,23.676,49.215
2026-09-03 16:55:03,0,0,0,0,23.523,49.735
2026-09-03 17:00:03,0,0,0,0,23.36,49.917
2026-09-03 17:05:03,0,0,0,0,23.243,48.757
2026-09-03 17:10:03,0,0,0,0,23.069,49.68
2026-09-03 17:15:03,0,0,0,0,22.885,49.819
2026-09-03 17:20:03,0,0,0,0,22.76,49.812
2026-09-03 17:25:03,0,0,0,0,22.693,50.863
2026-09-03 17:30:02,0,0,0,0,22.511,52.095
2026-09-03 17:35:03,0,0,0,0,22.327,52.751
2026-09-03 17:40:03,0,0,0,0,22.025,54.235
2026-09-03 17:45:03,0,0,0,0,21.734,55.101
2026-09-03 17:50:03,0,0,0,0,21.32,55.881
2026-09-03 17:55:03,0,0,0,0,21.016,55.902
2026-09-03 18:00:03,0,0,0,0,20.693,57.045
2026-09-03 18:05:02,0,0,0,0,20.402,57.89
2026-09-03 18:10:03,0,0,0,0,20.079,57.981
2026-09-03 18:15:02,0,0,0,0,19.857,59.038
2026-09-03 18:20:03,0,0,0,0,19.558,60.007
2026-09-03 18:25:03,0,0,0,0,19.24,60.938
2026-09-03 18:30:03,0,0,0,0,19.024,61.296
2026-09-03 18:35:20,0,0,0,0,18.743,62.362
2026-09-03 18:40:03,0,0,0,0,18.519,62.479
2026-09-03 18:45:03,0,0,0,0,18.303,63.276
2026-09-03 18:50:03,0,0,0,0,18.14,64.047
2026-09-03 18:55:03,0,0,0,0,17.924,64.928
2026-09-03 19:00:03,1,1,0,0,17.731,65.916
2026-09-03 19:05:03,0,1,0,0,17.579,66.272
2026-09-03 19:10:03,2,2,0,0,17.358,67.43
2026-09-03 19:15:03,0,1,0,0,17.157,68.363
2026-09-03 19:20:03,1,2,0,0,17.037,68.517
2026-09-03 19:25:03,1,1,0,0,16.855,69.769
2026-09-03 19:30:03,1,1,0,0,16.698,69.389
2026-09-03 19:35:03,2,2,0,0,16.492,69.69
2026-09-03 19:40:03,1,1,0,0,16.319,69.79
2026-09-03 19:45:03,2,2,0,0,16.049,70.984
2026-09-03 19:50:03,35,40,0,0,15.873,72.277
2026-09-03 19:55:03,6,7,0,0,15.774,71.884
2026-09-03 20:00:03,6,6,0,0,15.657,71.712
2026-09-03 20:05:03,12,14,0,0,15.558,72.029
2026-09-03 20:10:03,22,22,0,0,15.478,72.866
2026-09-03 20:15:03,12,14,0,0,15.403,73.356
2026-09-03 20:20:03,12,15,0,0,15.259,73.852
2026-09-03 20:25:20,6,7,0,0,15.154,73.94
2026-09-03 20:30:03,8,8,0,0,15.072,73.654
2026-09-03 20:35:21,6,6,0,0,14.962,74.583
2026-09-03 20:40:03,3,3,0,0,14.898,74.751
2026-09-03 20:45:20,11,12,0,0,14.799,75.601
2026-09-03 20:50:03,9,11,0,0,14.738,75.447
2026-09-03 20:55:20,5,6,0,0,14.682,75.092
2026-09-03 21:00:03,3,4,0,0,14.61,75.382
2026-09-03 21:05:20,3,3,0,0,14.479,74.356
2026-09-03 21:10:03,2,2,0,0,14.417,75.14
2026-09-03 21:15:03,2,2,0,0,14.34,75.601
2026-09-03 21:20:03,5,5,0,0,14.297,75.943
2026-09-03 21:25:20,4,5,0,0,14.174,76.559
2026-09-03 21:30:03,7,7,0,0,14.049,76.713
2026-09-03 21:35:20,3,3,0,0,13.961,76.805
2026-09-03 21:40:03,2,2,0,0,13.859,76.429
2026-09-03 21:45:22,2,2,0,0,13.779,76.338
2026-09-03 21:50:03,1,1,0,0,13.745,75.039
2026-09-03 21:55:20,0,0,0,0,13.598,75.893
2026-09-03 22:00:03,0,0,0,0,13.483,75.735
2026-09-03 22:05:21,3,3,0,0,13.4,76.599
2026-09-03 22:10:03,4,4,0,0,13.272,77.268
2026-09-03 22:15:03,5,5,0,0,13.184,76.963
2026-09-03 22:20:03,4,4,0,0,13.032,77.968
2026-09-03 22:25:20,4,4,0,0,12.922,77.749
2026-09-03 22:30:03,5,6,0,0,12.821,78.232
2026-09-03 22:35:20,11,12,0,0,12.69,78.503
2026-09-03 22:40:03,7,7,0,0,12.663,79.735
2026-09-03 22:45:20,6,6,0,0,12.631,80.118
2026-09-03 22:50:03,6,6,0,0,12.583,79.67
2026-09-03 22:55:20,6,6,0,0,12.514,79.931
2026-09-03 23:00:03,5,5,0,0,12.377,80.418
2026-09-03 23:05:20,6,6,0,0,12.241,80.57
2026-09-03 23:10:03,7,11,0,0,12.166,81.097
2026-09-03 23:15:03,5,6,0,0,12.092,80.217
2026-09-03 23:20:03,5,5,0,0,12.001,80.992
2026-09-03 23:25:20,7,7,0,0,11.873,81.024
2026-09-03 23:30:03,5,6,0,0,11.827,80.498
2026-09-03 23:35:20,5,6,0,0,11.752,80.679
2026-09-03 23:40:03,4,4,0,0,11.595,80.074
2026-09-03 23:45:21,5,5,0,0,11.419,80.284
2026-09-03 23:50:03,6,6,0,0,11.309,80.515
2026-09-03 23:55:20,5,5,0,0,11.146,81.139
2026-09-04 00:00:03,4,5,0,0,11.056,82.273
2026-09-04 00:05:20,3,3,0,0,11.007,82.495
2026-09-04 00:10:03,3,5,0,0,10.938,81.846
2026-09-04 00:15:03,3,3,0,0,10.863,82.054
2026-09-04 00:20:03,2,3,0,0,10.719,80.761
2026-09-04 00:25:20,3,3,0,0,10.546,81.409
2026-09-04 00:30:04,2,2,0,0,10.42,81.909
2026-09-04 00:35:20,3,3,0,0,10.335,82.703
2026-09-04 00:40:04,1,1,0,0,10.233,83.454
2026-09-04 00:45:20,1,3,0,0,10.26,83.961
2026-09-04 00:50:04,2,2,0,0,10.241,83.71
2026-09-04 00:55:20,1,2,0,0,10.177,83.315
2026-09-04 01:00:04,3,3,0,0,10.124,82.773
2026-09-04 01:05:20,2,4,0,0,10.081,84.146
2026-09-04 01:10:05,1,1,0,0,10.046,84.087
2026-09-04 01:15:04,2,2,0,0,9.993,83.883
2026-09-04 01:20:04,3,3,0,0,9.897,83.523
2026-09-04 01:25:20,2,3,0,0,9.867,84.137
2026-09-04 01:30:04,2,2,0,0,9.814,83.988
2026-09-04 01:35:20,3,4,0,0,9.8,83.616
2026-09-04 01:40:04,2,2,0,0,9.656,82.657
2026-09-04 01:45:21,1,2,0,0,9.576,84.206
2026-09-04 01:50:04,1,1,0,0,9.469,83.323
2026-09-04 01:55:20,1,1,0,0,9.322,82.863
2026-09-04 02:00:04,1,1,0,0,9.216,83.614
2026-09-04 02:05:20,1,1,0,0,9.176,84.475
2026-09-04 02:10:04,2,2,0,0,9.128,84.528
2026-09-04 02:15:04,1,2,0,0,9.061,83.885
2026-09-04 02:20:04,0,1,0,0,9.042,84.757
2026-09-04 02:25:20,1,1,0,0,8.935,83.698
2026-09-04 02:30:04,0,1,0,0,8.853,84.162
2026-09-04 02:35:20,1,1,0,0,8.794,84.892
2026-09-04 02:40:04,0,1,0,0,8.722,84.833
2026-09-04 02:45:20,1,2,0,0,8.716,85.541
2026-09-04 02:50:04,0,0,0,0,8.596,85.077
2026-09-04 02:55:20,1,1,0,0,8.556,85.388
2026-09-04 03:00:04,1,1,0,0,8.564,85.615
2026-09-04 03:05:20,2,2,0,0,8.535,85.913
2026-09-04 03:10:04,1,1,0,0,8.519,84.593
2026-09-04 03:15:04,1,1,0,0,8.407,85.192
2026-09-04 03:20:04,0,0,0,0,8.383,85.871
2026-09-04 03:25:20,1,1,0,0,8.407,86.298
2026-09-04 03:30:04,0,0,0,0,8.359,85.196
2026-09-04 03:35:20,1,2,0,0,8.273,85.318
2026-09-04 03:40:04,2,2,0,0,8.193,84.644
2026-09-04 03:45:20,0,1,0,0,8.091,85.211
2026-09-04 03:50:04,1,1,0,0,8.081,86.174
2026-09-04 03:55:20,0,1,0,0,8.091,85.808
2026-09-04 04:00:04,4,4,0,0,8.107,86.071
2026-09-04 04:05:20,1,1,0,0,7.889,84.761
2026-09-04 04:10:04,1,1,0,0,7.851,84.978
2026-09-04 04:15:04,1,3,0,0,7.779,84.646
2026-09-04 04:20:04,1,1,0,0,7.675,85.732
2026-09-04 04:25:20,1,1,0,0,7.587,85.489
2026-09-04 04:30:04,1,1,0,0,7.576,86.182
2026-09-04 04:35:20,1,1,0,0,7.509,85.175
2026-09-04 04:40:05,2,2,0,0,7.485,86.056
2026-09-04 04:45:21,1,1,0,0,7.389,83.837
2026-09-04 04:50:06,1,2,0,0,7.197,84.301
2026-09-04 04:55:20,2,2,0,0,7.109,85.876
2026-09-04 05:00:04,0,1,0,0,7.093,85.926
2026-09-04 05:05:21,0,1,0,0,7.085,86.672
2026-09-04 05:10:04,0,0,0,0,7.058,86.428
2026-09-04 05:15:04,1,1,0,0,6.981,85.85
2026-09-04 05:20:04,1,1,0,0,6.962,86.926
2026-09-04 05:25:20,0,1,0,0,6.879,85.453
2026-09-04 05:30:04,2,2,0,0,6.81,86.47
2026-09-04 05:35:20,4,4,0,0,6.842,86.416
2026-09-04 05:40:04,15,15,0,0,6.759,86.784
2026-09-04 05:45:20,20,26,0,0,6.748,86.433
2026-09-04 05:50:04,28,28,0,0,6.644,86.021
2026-09-04 05:55:20,26,29,0,0,6.644,87.154
2026-09-04 06:00:04,22,23,0,0,6.625,87.282
2026-09-04 06:05:20,11,13,0,0,6.591,87.147
2026-09-04 06:10:04,6,6,0,0,6.609,87.458
2026-09-04 06:15:04,9,9,0,0,6.604,86.912
2026-09-04 06:20:04,7,7,0,0,6.447,85.789
2026-09-04 06:25:20,6,6,0,0,6.46,86.563
2026-09-04 06:30:05,3,3,0,0,6.332,85.897
2026-09-04 06:35:20,3,3,0,0,6.238,86.374
2026-09-04 06:40:05,4,6,0,0,6.131,85.4
2026-09-04 06:45:20,4,4,0,0,6.102,86.571
2026-09-04 06:50:05,4,4,0,0,6.009,86.117
2026-09-04 06:55:20,7,7,0,0,6.033,87.41
2026-09-04 07:00:05,4,4,0,0,6.035,87.57
2026-09-04 07:05:20,2,2,0,0,6.166,88.709
2026-09-04 07:10:05,4,4,0,0,6.326,89.436
2026-09-04 07:15:05,3,3,0,0,6.372,88.083
2026-09-04 07:20:05,4,4,0,0,6.316,86.962
2026-09-04 07:25:20,4,6,0,0,6.321,87.772
2026-09-04 07:30:05,2,4,0,0,6.356,87.866
2026-09-04 07:35:20,3,3,0,0,6.361,87.5
2026-09-04 07:40:05,4,4,0,0,6.377,87.643
2026-09-04 07:45:20,8,8,0,0,6.433,87.41
2026-09-04 07:50:05,4,6,0,0,6.524,87.883
2026-09-04 07:55:20,6,6,0,0,6.655,88.087
2026-09-04 08:00:05,6,6,0,0,6.804,88.409
2026-09-04 08:05:21,4,4,0,0,6.997,88.902
2026-09-04 08:10:05,4,6,0,0,7.186,89.449
2026-09-04 08:15:06,6,6,0,0,7.392,89.293
2026-09-04 08:20:05,6,6,0,0,7.664,89.861
2026-09-04 08:25:20,2,3,0,0,7.963,90.031
2026-09-04 08:30:05,2,2,0,0,8.332,89.409
2026-09-04 08:35:20,2,3,0,0,8.658,88.81
2026-09-04 08:40:05,3,5,0,0,10.054,85.321
2026-09-04 08:45:20,3,3,0,0,12.156,78.884
2026-09-04 08:50:05,2,2,0,0,13.854,71.604
2026-09-04 08:55:20,3,3,0,0,15.173,67.146
2026-09-04 09:00:05,2,2,0,0,16.191,65.25
2026-09-04 09:05:20,2,2,0,0,16.984,61.624
2026-09-04 09:10:05,2,2,0,0,17.862,60.663
2026-09-04 09:15:05,2,2,0,0,18.719,57.745
2026-09-04 09:20:05,5,5,0,0,19.219,56.503
2026-09-04 09:25:20,5,5,0,0,19.59,55.986
2026-09-04 09:30:05,5,5,0,0,19.886,54.891
2026-09-04 09:35:20,7,8,0,0,20.087,54.605
2026-09-04 09:40:05,10,10,0,0,20.517,54.462
2026-09-04 09:45:21,8,11,0,0,20.925,53.327
2026-09-04 09:50:05,6,6,0,0,21.545,52.013
2026-09-04 09:55:20,7,7,0,0,21.942,50.619
2026-09-04 10:00:05,4,4,0,0,22.348,49.959
2026-09-04 10:05:20,6,6,0,0,22.663,49.316
2026-09-04 10:10:05,3,3,0,0,22.96,48.559
2026-09-04 10:15:05,6,6,0,0,23.344,48.046
2026-09-04 10:20:05,3,3,0,0,23.558,44.996
2026-09-04 10:25:21,4,5,0,0,23.694,44.984
2026-09-04 10:30:05,3,3,0,0,23.921,45.757
2026-09-04 10:35:20,4,4,0,0,24.089,45.114
2026-09-04 10:40:05,4,4,0,0,24.212,45.305
2026-09-04 10:45:20,3,3,0,0,24.258,45.459
2026-09-04 10:50:05,5,5,0,0,24.535,44.153
2026-09-04 10:55:20,5,5,0,0,24.73,44.147
2026-09-04 11:00:05,7,7,0,0,25.011,41.999
2026-09-04 11:05:20,7,7,0,0,25.101,42.468
2026-09-04 11:10:05,7,7,0,0,25.272,42.318
2026-09-04 11:15:06,8,8,0,0,25.427,41.354
2026-09-04 11:20:06,7,7,0,0,25.419,41.454
2026-09-04 11:25:21,7,7,0,0,25.694,44.086
2026-09-04 11:30:06,10,10,0,0,25.967,42.583
2026-09-04 11:35:20,7,7,0,0,26.172,40.231
2026-09-04 11:40:06,7,7,0,0,26.413,41.993
2026-09-04 11:45:20,7,7,0,0,26.575,40.401
2026-09-04 11:50:06,6,6,0,0,26.808,41.473
2026-09-04 11:55:21,7,7,0,0,27.099,41.124
2026-09-04 12:00:06,7,8,0,0,27.545,39.619
2026-09-04 12:05:21,9,11,0,0,27.841,39.516
2026-09-04 12:10:06,8,8,0,0,27.9,39.542
2026-09-04 12:15:06,9,9,0,0,28.042,39.134
2026-09-04 12:20:06,7,8,0,0,28.268,39.186
2026-09-04 12:25:21,8,8,0,0,28.642,39.874
2026-09-04 12:30:06,8,13,0,0,28.669,37.063
2026-09-04 12:35:20,8,8,0,0,28.752,38.343
2026-09-04 12:40:05,9,9,0,0,29.139,39.171
2026-09-04 12:45:21,7,7,0,0,29.382,37.845
2026-09-04 12:50:06,6,6,0,0,29.353,38.287
2026-09-04 12:55:20,6,6,0,0,28.981,38.169
2026-09-04 13:00:06,6,6,0,0,28.64,38.333
2026-09-04 13:05:20,5,5,0,0,28.973,38.682
2026-09-04 13:10:06,6,6,0,0,29.668,36.023
2026-09-04 13:15:06,7,7,0,0,30.237,36.475
2026-09-04 13:20:06,4,5,0,0,30.605,35.491
2026-09-04 13:25:20,6,6,0,0,30.837,34.572
2026-09-04 13:30:06,6,6,0,0,30.933,35.121
2026-09-04 13:35:20,3,4,0,0,31.043,32.905
2026-09-04 13:40:06,2,2,0,0,31.056,33.95
2026-09-04 13:45:20,1,1,0,0,30.875,33.443
2026-09-04 13:50:06,2,2,0,0,30.672,32.207
2026-09-04 13:55:20,1,1,0,0,29.849,32.527
2026-09-04 14:00:06,0,0,0,0,29.126,31.753
2026-09-04 14:05:20,0,0,0,0,28.578,33.004
2026-09-04 14:10:05,0,0,0,0,28.6,31.797
2026-09-04 14:15:06,0,1,0,0,28.602,33.817
2026-09-04 14:20:06,0,0,0,0,28.541,34.053
2026-09-04 14:25:22,0,0,0,0,28.373,32.565
2026-09-04 14:30:06,0,0,0,0,28.156,31.669
2026-09-04 14:35:20,0,0,0,0,27.932,32.098
2026-09-04 14:40:06,0,0,0,0,27.612,31.299
2026-09-04 14:45:20,0,0,0,0,27.323,33.008
2026-09-04 14:50:06,0,0,0,0,27.086,33.33
2026-09-04 14:55:20,0,0,0,0,26.816,33.818
2026-09-04 15:00:06,1,1,0,0,26.514,33.893
2026-09-04 15:05:20,0,0,0,0,26.276,35.125
2026-09-04 15:10:06,0,0,0,0,26.116,36.504
2026-09-04 15:15:06,0,0,0,0,26.17,36.056
2026-09-04 15:20:06,0,0,0,0,26.081,34.246
2026-09-04 15:25:21,0,0,0,0,26.041,35.054
2026-09-04 15:30:07,0,0,0,0,25.911,35.667
2026-09-04 15:35:20,1,1,0,0,25.86,34.385
2026-09-04 15:40:06,0,0,0,0,25.75,34.414
2026-09-04 15:45:20,0,0,0,0,25.777,35.426
2026-09-04 15:50:06,0,0,0,0,25.863,34.679
2026-09-04 15:55:21,0,0,0,0,25.937,34.85
2026-09-04 16:00:06,0,0,0,0,26.004,34.631
2026-09-04 16:05:21,0,0,0,0,26.049,33.734
2026-09-04 16:10:06,1,1,0,0,26.055,34.488
2026-09-04 16:15:06,0,0,0,0,25.929,34.698
2026-09-04 16:20:06,0,0,0,0,25.75,35.251
2026-09-04 16:25:21,0,0,0,0,25.585,36.889
2026-09-04 16:30:06,0,0,0,0,25.454,37.397
2026-09-04 16:35:21,0,0,0,0,25.171,37.614
2026-09-04 16:40:06,0,0,0,0,25.021,37.986
2026-09-04 16:45:21,0,1,0,0,24.805,38.795
2026-09-04 16:50:06,0,0,0,0,24.364,39.804
2026-09-04 16:55:20,0,0,0,0,24.065,40.551
2026-09-04 17:00:06,0,0,0,0,23.838,41.143
2026-09-04 17:05:20,1,1,0,0,23.74,41.444
2026-09-04 17:10:06,0,1,0,0,23.534,42.171
2026-09-04 17:15:06,0,1,0,0,23.403,42.632
2026-09-04 17:20:06,0,0,0,0,23.315,42.77
2026-09-04 17:25:20,0,0,0,0,23.147,43.8
2026-09-04 17:30:06,1,1,0,0,23.027,44.433
2026-09-04 17:35:21,0,0,0,0,22.805,44.82
2026-09-04 17:40:06,0,0,0,0,22.514,45.787
2026-09-04 17:45:20,0,0,0,0,22.207,47.906
2026-09-04 17:50:06,0,1,0,0,21.817,48.904
2026-09-04 17:55:20,1,1,0,0,21.483,49.55
2026-09-04 18:00:10,0,0,0,0,21.141,50.176
2026-09-04 18:05:20,0,0,0,0,20.837,51.488
2026-09-04 18:10:06,0,0,0,0,20.626,52.644
2026-09-04 18:15:06,1,2,0,0,20.274,55.444
2026-09-04 18:20:06,2,2,0,0,19.982,57.027
2026-09-04 18:25:20,1,1,0,0,19.67,57.964
2026-09-04 18:30:06,0,0,0,0,19.376,58.918
2026-09-04 18:35:21,1,2,0,0,19.08,60.032
2026-09-04 18:40:06,4,4,0,0,18.786,60.533
2026-09-04 18:45:20,4,4,0,0,18.508,61.67
2026-09-04 18:50:06,2,2,0,0,18.239,61.727
2026-09-04 18:55:21,1,2,0,0,18.046,63.083
2026-09-04 19:00:07,2,2,0,0,17.79,62.771
2026-09-04 19:05:20,3,3,0,0,17.547,63.699
2026-09-04 19:10:07,2,2,0,0,17.387,64.382
2026-09-04 19:15:07,2,4,0,0,17.176,65.242
2026-09-04 19:20:07,2,2,0,0,16.946,65.376
2026-09-04 19:25:21,2,3,0,0,16.735,65.502
2026-09-04 19:30:07,3,3,0,0,16.508,65.939
2026-09-04 19:35:20,3,3,0,0,16.292,66.398
2026-09-04 19:40:07,4,5,0,0,16.148,67.705
2026-09-04 19:45:20,5,5,0,0,15.99,68.977
2026-09-04 19:50:06,4,4,0,0,15.822,69.763
2026-09-04 19:55:20,5,6,0,0,15.697,69.372
2026-09-04 20:00:07,7,7,0,0,15.592,69.727
2026-09-04 20:05:20,7,8,0,0,15.531,70.141
2026-09-04 20:10:07,6,7,0,0,15.451,70.514
2026-09-04 20:15:06,7,7,0,0,15.325,70.421
2026-09-04 20:20:06,7,7,0,0,15.163,71.707
2026-09-04 20:25:20,7,7,0,0,15.008,71.184
2026-09-04 20:30:07,7,7,0,0,14.869,71.405
2026-09-04 20:35:20,6,7,0,0,14.727,72.609
2026-09-04 20:40:07,9,11,0,0,14.556,72.78
2026-09-04 20:45:21,6,7,0,0,14.367,72.914
2026-09-04 20:50:07,6,8,0,0,14.223,72.458
2026-09-04 20:55:20,6,6,0,0,13.985,74.154
2026-09-04 21:00:07,7,8,0,0,13.846,74.209
2026-09-04 21:05:20,8,8,0,0,13.688,74.571
2026-09-04 21:10:07,8,9,0,0,13.544,74.875
2026-09-04 21:15:07,11,11,0,0,13.328,74.489
2026-09-04 21:20:07,8,8,0,0,13.202,74.907
2026-09-04 21:25:20,9,11,0,0,13.072,74.518
2026-09-04 21:30:07,8,9,0,0,12.93,76.374
2026-09-04 21:35:20,7,7,0,0,12.754,76.029
2026-09-04 21:40:07,8,8,0,0,12.7,77.154
2026-09-04 21:45:20,6,6,0,0,12.618,77.038
2026-09-04 21:50:07,7,7,0,0,12.548,76.984
2026-09-04 21:55:20,6,6,0,0,12.433,78.066
2026-09-04 22:00:07,7,7,0,0,12.369,77.856
2026-09-04 22:05:20,9,11,0,0,12.348,77.963
2026-09-04 22:10:07,9,9,0,0,12.142,77.604
2026-09-04 22:15:07,17,17,0,0,12.044,78.518
2026-09-04 22:20:07,18,19,0,0,11.905,78.747
2026-09-04 22:25:20,18,18,0,0,11.761,78.682
2026-09-04 22:30:07,14,14,0,0,11.632,78.379
2026-09-04 22:35:20,9,12,0,0,11.477,78.77
2026-09-04 22:40:08,9,9,0,0,11.357,78.861
2026-09-04 22:45:22,8,8,0,0,11.232,79.466
2026-09-04 22:50:07,5,5,0,0,11.072,78.617
2026-09-04 22:55:20,5,5,0,0,11.015,80.252
2026-09-04 23:00:08,8,13,0,0,11.007,80.606
2026-09-04 23:05:21,7,7,0,0,10.949,80.78
2026-09-04 23:10:08,10,10,0,0,10.914,80.913
2026-09-04 23:15:08,7,8,0,0,10.823,79.773
2026-09-04 23:20:08,8,8,0,0,10.634,79.744
2026-09-04 23:25:21,10,12,0,0,10.54,80.078
2026-09-04 23:30:08,10,12,0,0,10.401,80.639
2026-09-04 23:35:21,12,12,0,0,10.27,80.334
2026-09-04 23:40:07,12,12,0,0,10.204,81.045
2026-09-04 23:45:20,10,12,0,0,10.222,81.629
2026-09-04 23:50:08,24,24,0,0,10.164,80.793
2026-09-04 23:55:20,18,19,0,0,10.011,80.727
2026-09-05 00:00:08,17,19,0,0,9.958,82.058
2026-09-05 00:05:21,15,16,0,0,9.87,81.688
2026-09-05 00:10:08,14,17,0,0,9.859,82.027
2026-09-05 00:15:07,14,14,0,0,9.814,81.411
2026-09-05 00:20:08,17,19,0,0,9.71,82.098
2026-09-05 00:25:20,17,17,0,0,9.712,82.357
2026-09-05 00:30:08,10,14,0,0,9.664,81.486
2026-09-05 00:35:22,14,19,0,0,9.485,81.253
2026-09-05 00:40:08,10,12,0,0,9.395,82.439
2026-09-05 00:45:20,16,18,0,0,9.224,81.312
2026-09-05 00:50:08,17,17,0,0,9.165,82.115
2026-09-05 00:55:21,21,21,0,0,9.157,82.281
2026-09-05 01:00:08,9,12,0,0,9.082,82.825
2026-09-05 01:05:20,16,19,0,0,9.063,81.734
2026-09-05 01:10:08,9,12,0,0,9.007,82.237
2026-09-05 01:15:08,10,12,0,0,8.927,82.758
2026-09-05 01:20:08,12,13,0,0,8.893,82.697
2026-09-05 01:25:21,9,10,0,0,8.772,82.21
2026-09-05 01:30:08,10,12,0,0,8.66,82.47
2026-09-05 01:35:20,15,15,0,0,8.487,82.329
2026-09-05 01:40:08,10,12,0,0,8.359,83.719
2026-09-05 01:45:21,14,17,0,0,8.372,84.406
2026-09-05 01:50:08,13,13,0,0,8.399,84.518
2026-09-05 01:55:21,13,14,0,0,8.329,83.763
2026-09-05 02:00:08,10,10,0,0,8.268,83.502
2026-09-05 02:05:20,16,16,0,0,8.206,83.904
2026-09-05 02:10:08,15,16,0,0,8.075,83.784
2026-09-05 02:15:08,9,9,0,0,8.043,82.785
2026-09-05 02:20:08,8,8,0,0,7.979,84.106
2026-09-05 02:25:21,5,5,0,0,7.99,84.311
2026-09-05 02:30:08,5,5,0,0,7.953,84.211
2026-09-05 02:35:21,8,9,0,0,7.923,83.105
2026-09-05 02:40:08,7,7,0,0,7.878,84.515
2026-09-05 02:45:20,7,7,0,0,7.864,83.25
2026-09-05 02:50:08,7,7,0,0,7.8,84.352
2026-09-05 02:55:22,7,8,0,0,7.675,82.701
2026-09-05 03:00:08,5,5,0,0,7.611,84.181
2026-09-05 03:05:20,7,7,0,0,7.613,84.309
2026-09-05 03:10:08,7,7,0,0,7.549,84.164
2026-09-05 03:15:08,8,9,0,0,7.472,83.256
2026-09-05 03:20:08,14,14,0,0,7.453,84.251
2026-09-05 03:25:21,9,9,0,0,7.392,84.152
2026-09-05 03:30:08,13,14,0,0,7.296,83.546
2026-09-05 03:35:20,8,8,0,0,7.261,84.379
2026-09-05 03:40:08,7,7,0,0,7.192,84.86
2026-09-05 03:45:21,7,7,0,0,7.098,83.807
2026-09-05 03:50:08,8,8,0,0,7.018,85.106
2026-09-05 03:55:20,7,7,0,0,6.999,84.297
2026-09-05 04:00:08,7,7,0,0,6.871,84.74
2026-09-05 04:05:20,9,9,0,0,6.756,84.612
2026-09-05 04:10:08,4,4,0,0,6.778,85.63
2026-09-05 04:15:08,8,8,0,0,6.706,84.726
2026-09-05 04:20:08,7,8,0,0,6.772,86.279
2026-09-05 04:25:20,6,7,0,0,6.77,85.531
2026-09-05 04:30:08,7,7,0,0,6.722,84.524
2026-09-05 04:35:20,6,7,0,0,6.679,85.26
2026-09-05 04:40:08,7,7,0,0,6.532,85.348
2026-09-05 04:45:20,6,6,0,0,6.508,84.547
2026-09-05 04:50:08,4,6,0,0,6.463,85.491
2026-09-05 04:55:20,6,6,0,0,6.401,84.492
2026-09-05 05:00:08,6,6,0,0,6.249,84.143
2026-09-05 05:05:20,4,4,0,0,6.198,85.545
2026-09-05 05:10:08,3,4,0,0,6.164,84.915
2026-09-05 05:15:08,6,6,0,0,6.083,85.228
2026-09-05 05:20:08,23,27,0,0,6.049,85.289
2026-09-05 05:25:21,32,33,0,0,5.977,85.169
2026-09-05 05:30:08,32,32,0,0,5.883,85.251
2026-09-05 05:35:20,18,21,0,0,5.843,85.89
2026-09-05 05:40:09,18,19,0,0,5.784,86.052
2026-09-05 05:45:20,17,18,0,0,5.774,86.323
2026-09-05 05:50:09,17,17,0,0,5.835,87.505
2026-09-05 05:55:20,18,20,0,0,5.835,85.691
2026-09-05 06:00:09,11,11,0,0,5.779,86.115
2026-09-05 06:05:20,10,11,0,0,5.704,85.388
2026-09-05 06:10:09,10,10,0,0,5.584,85.22
2026-09-05 06:15:09,9,9,0,0,5.581,86.443
2026-09-05 06:20:08,7,7,0,0,5.547,86.72
2026-09-05 06:25:20,7,7,0,0,5.56,87.09
2026-09-05 06:30:08,6,6,0,0,5.576,87.235
2026-09-05 06:35:20,6,6,0,0,5.579,86.607
2026-09-05 06:40:09,5,6,0,0,5.547,86.107
2026-09-05 06:45:20,2,2,0,0,5.528,85.951
2026-09-05 06:50:08,6,6,0,0,5.437,86.098
2026-09-05 06:55:20,6,6,0,0,5.408,86.243
2026-09-05 07:00:08,6,6,0,0,5.386,86.306
2026-09-05 07:05:20,3,6,0,0,5.378,85.739
2026-09-05 07:10:09,6,7,0,0,5.405,87.254
2026-09-05 07:15:09,7,7,0,0,5.451,87.067
2026-09-05 07:20:09,8,8,0,0,5.496,86.651
2026-09-05 07:25:20,6,7,0,0,5.435,86.298
2026-09-05 07:30:08,6,6,0,0,5.459,85.714
2026-09-05 07:35:20,6,6,0,0,5.443,86.403
2026-09-05 07:40:08,6,6,0,0,5.485,86.557
2026-09-05 07:45:20,8,8,0,0,5.541,85.886
2026-09-05 07:50:09,5,6,0,0,5.608,86.605
2026-09-05 07:55:20,5,6,0,0,5.72,86.584
2026-09-05 08:00:08,3,4,0,0,5.859,87.196
2026-09-05 08:05:21,6,7,0,0,6.086,87.118
2026-09-05 08:10:09,6,6,0,0,6.284,87.235
2026-09-05 08:15:09,7,8,0,0,6.481,87.318
2026-09-05 08:20:09,7,8,0,0,6.756,87.095
2026-09-05 08:25:20,6,6,0,0,7.17,86.468
2026-09-05 08:30:09,7,8,0,0,7.611,85.64
2026-09-05 08:35:20,6,6,0,0,8.118,83.246
2026-09-05 08:40:09,7,7,0,0,10.27,78.03
2026-09-05 08:45:23,7,8,0,0,12.508,71.413
2026-09-05 08:50:09,5,5,0,0,14.348,64.764
2026-09-05 08:55:20,4,4,0,0,15.472,59.379
2026-09-05 09:00:09,4,4,0,0,16.519,57.287
2026-09-05 09:05:20,4,4,0,0,17.713,53.455
2026-09-05 09:10:09,4,4,0,0,18.594,50.773
2026-09-05 09:15:09,3,3,0,0,19.168,47.71
2026-09-05 09:20:09,1,4,0,0,19.416,47.546
2026-09-05 09:25:20,3,3,0,0,19.91,46.081
2026-09-05 09:30:09,3,3,0,0,20.161,45.427
2026-09-05 09:35:21,1,3,0,0,20.479,45.686
2026-09-05 09:40:09,5,5,0,0,20.837,43.66
2026-09-05 09:45:20,2,2,0,0,21.304,42.936
2026-09-05 09:50:09,4,4,0,0,21.86,41.059
2026-09-05 09:55:21,4,4,0,0,22.364,40.584
2026-09-05 10:00:09,5,5,0,0,22.808,39.253
2026-09-05 10:05:22,6,6,0,0,23.061,41.011
2026-09-05 10:10:09,8,8,0,0,23.344,38.223
2026-09-05 10:15:09,14,14,0,0,23.582,37.736
2026-09-05 10:20:09,20,20,0,0,23.964,37.221
2026-09-05 10:25:20,14,15,0,0,24.242,37.79
2026-09-05 10:30:09,10,13,0,0,24.589,36.245
2026-09-05 10:35:20,12,12,0,0,24.872,35.64
2026-09-05 10:40:09,8,10,0,0,24.989,36.283
2026-09-05 10:45:20,8,8,0,0,25.208,37.82
2026-09-05 10:50:09,7,7,0,0,25.534,35.842
2026-09-05 10:55:21,5,5,0,0,25.724,32.584
2026-09-05 11:00:09,4,4,0,0,25.579,34.232
2026-09-05 11:05:21,3,3,0,0,25.652,34.015
2026-09-05 11:10:09,4,4,0,0,25.78,34.284
2026-09-05 11:15:09,3,3,0,0,25.953,34.135
2026-09-05 11:20:09,2,2,0,0,26.057,33.714
2026-09-05 11:25:21,2,3,0,0,26.306,33.649
2026-09-05 11:30:09,2,2,0,0,26.584,32.146
2026-09-05 11:35:20,0,1,0,0,26.853,29.672
2026-09-05 11:40:10,0,0,0,0,27.067,29.132
2026-09-05 11:45:21,1,1,0,0,27.246,29.018
2026-09-05 11:50:10,0,0,0,0,27.534,29.742
2026-09-05 11:55:20,1,1,0,0,27.943,28.714
2026-09-05 12:00:10,0,0,0,0,28.194,28.26
2026-09-05 12:05:21,0,1,0,0,28.389,28.352
2026-09-05 12:10:10,1,1,0,0,28.797,27.024
2026-09-05 12:15:10,0,0,0,0,29.142,27.698
2026-09-05 12:20:10,1,1,0,0,29.641,28.325
2026-09-05 12:25:20,2,2,0,0,29.796,27.793
2026-09-05 12:30:10,2,2,0,0,30.143,26.652
2026-09-05 12:35:21,3,3,0,0,30.439,27.188
2026-09-05 12:40:10,2,2,0,0,30.429,26.748
2026-09-05 12:45:21,4,4,0,0,30.725,27.131
2026-09-05 12:50:10,1,1,0,0,30.613,25.117
2026-09-05 12:55:20,1,1,0,0,30.493,25.786
2026-09-05 13:00:10,0,0,0,0,30.05,25.748
2026-09-05 13:05:20,0,0,0,0,30.56,25.432
2026-09-05 13:10:10,1,1,0,0,31.379,24.451
2026-09-05 13:15:10,0,0,0,0,31.986,23.641
2026-09-05 13:20:10,0,0,0,0,32.626,23.507
2026-09-05 13:25:20,0,0,0,0,32.958,22.311
2026-09-05 13:30:10,1,1,0,0,32.971,20.961
2026-09-05 13:35:20,0,0,0,0,33.134,22.025
2026-09-05 13:40:10,0,0,0,0,32.942,22.222
2026-09-05 13:45:20,0,0,0,0,32.616,21.737
2026-09-05 13:50:10,0,0,0,0,32.501,22.721
2026-09-05 13:55:20,0,0,0,0,31.609,24.159
2026-09-05 14:00:10,2,2,0,0,30.949,23.013
2026-09-05 14:05:20,1,2,0,0,30.311,23.77
2026-09-05 14:10:10,0,0,0,0,30.055,24.694
2026-09-05 14:15:10,0,0,0,0,30.501,25.153
2026-09-05 14:20:10,0,0,0,0,30.837,24.051
2026-09-05 14:25:20,3,3,0,0,30.733,24.756
2026-09-05 14:30:10,2,2,0,0,30.437,26.359
2026-09-05 14:35:21,0,0,0,0,30.079,24.669
2026-09-05 14:40:10,1,1,0,0,29.748,26.523
2026-09-05 14:45:20,0,1,0,0,29.273,26.547
2026-09-05 14:50:10,0,0,0,0,28.941,26.292
2026-09-05 14:55:20,0,0,0,0,28.72,26.483
2026-09-05 15:00:10,0,0,0,0,28.325,26.408
2026-09-05 15:05:21,0,0,0,0,28.167,27.066
2026-09-05 15:10:10,0,0,0,0,28.058,27.453
2026-09-05 15:15:10,0,0,0,0,27.809,25.838
2026-09-05 15:20:10,0,0,0,0,27.66,26.025
2026-09-05 15:25:20,0,0,0,0,27.494,29.563
2026-09-05 15:30:10,0,0,0,0,27.668,30.213
2026-09-05 15:35:21,2,2,0,0,27.71,34.909
2026-09-05 15:40:10,0,1,0,0,27.457,36.536
2026-09-05 15:45:20,1,1,0,0,27.361,37.004
2026-09-05 15:50:10,1,2,0,0,27.307,36.107
2026-09-05 15:55:20,1,1,0,0,27.339,33.311
2026-09-05 16:00:10,1,1,0,0,27.43,31.07
2026-09-05 16:05:20,1,1,0,0,27.358,32.016
2026-09-05 16:10:10,2,2,0,0,27.385,32.697
2026-09-05 16:15:10,2,2,0,0,27.291,32.863
2026-09-05 16:20:10,2,2,0,0,27.08,34.091
2026-09-05 16:25:20,3,4,0,0,26.869,35.861
2026-09-05 16:30:10,1,1,0,0,26.666,36.308
2026-09-05 16:35:23,1,1,0,0,26.378,36.189
2026-09-05 16:40:10,2,2,0,0,26.108,36.63
2026-09-05 16:45:20,1,2,0,0,26.025,37.294
2026-09-05 16:50:10,3,3,0,0,25.593,38.137
2026-09-05 16:55:21,3,3,0,0,25.203,41.206
2026-09-05 17:00:13,2,3,0,0,24.928,42.644
2026-09-05 17:05:20,2,3,0,0,24.65,43.472
2026-09-05 17:10:10,2,2,0,0,24.327,43.731
2026-09-05 17:15:10,4,4,0,0,24.14,43.355
2026-09-05 17:20:10,2,2,0,0,23.991,44.259
2026-09-05 17:25:20,4,4,0,0,23.758,46.222
2026-09-05 17:30:10,3,3,0,0,23.606,46.708
2026-09-05 17:35:20,3,4,0,0,23.427,47.445
2026-09-05 17:40:11,1,1,0,0,23.029,48.053
2026-09-05 17:45:20,3,3,0,0,22.565,48.629
2026-09-05 17:50:11,3,3,0,0,22.196,49.108
2026-09-05 17:55:23,2,2,0,0,21.809,49.987
2026-09-05 18:00:12,2,2,0,0,21.44,52.331
2026-09-05 18:05:20,2,3,0,0,21.155,51.334
2026-09-05 18:10:11,6,6,0,0,20.77,52.675
2026-09-05 18:15:11,3,3,0,0,20.484,52.598
2026-09-05 18:20:11,6,7,0,0,20.241,52.7
2026-09-05 18:25:21,3,3,0,0,19.977,53.783
2026-09-05 18:30:11,4,4,0,0,19.697,55.532
2026-09-05 18:35:20,4,4,0,0,19.331,55.753
2026-09-05 18:40:11,5,5,0,0,19.04,56.4
2026-09-05 18:45:20,4,4,0,0,18.733,56.907
2026-09-05 18:50:11,4,4,0,0,18.447,57.413
2026-09-05 18:55:20,5,5,0,0,18.132,59.679
2026-09-05 19:00:11,8,9,0,0,17.87,59.452
2026-09-05 19:05:20,7,8,0,0,17.579,61.208
2026-09-05 19:10:11,7,7,0,0,17.293,61.067
2026-09-05 19:15:11,7,7,0,0,17.053,62.133
2026-09-05 19:20:11,8,9,0,0,16.855,62.328
2026-09-05 19:25:20,7,7,0,0,16.591,62.206
2026-09-05 19:30:11,8,10,0,0,16.412,64.253
2026-09-05 19:35:20,9,9,0,0,16.185,63.875
2026-09-05 19:40:11,7,7,0,0,15.958,63.993
2026-09-05 19:45:20,8,11,0,0,15.75,65.258
2026-09-05 19:50:11,11,11,0,0,15.552,65.88
2026-09-05 19:55:20,8,8,0,0,15.336,65.908
2026-09-05 20:00:11,6,6,0,0,15.211,65.538
2026-09-05 20:05:21,5,5,0,0,15.008,66.955
2026-09-05 20:10:11,4,5,0,0,14.887,66.772
2026-09-05 20:15:11,5,6,0,0,14.722,67.535
2026-09-05 20:20:11,5,5,0,0,14.586,67.857
2026-09-05 20:25:20,6,6,0,0,14.54,67.945
2026-09-05 20:30:11,3,3,0,0,14.399,68.268
2026-09-05 20:35:20,4,4,0,0,14.308,68.315
2026-09-05 20:40:11,7,8,0,0,14.239,68.712
2026-09-05 20:45:20,7,7,0,0,14.076,69.877
2026-09-05 20:50:11,6,6,0,0,13.977,69.868
2026-09-05 20:55:20,8,8,0,0,13.806,70.564
2026-09-05 21:00:11,12,12,0,0,13.68,70.923
2026-09-05 21:05:20,16,17,0,0,13.526,71.462
2026-09-05 21:10:11,19,20,0,0,13.411,71.886
2026-09-05 21:15:12,27,29,0,0,13.256,72.742
2026-09-05 21:20:11,27,28,0,0,13.128,72.523
2026-09-05 21:25:20,35,40,0,0,12.984,73.314
2026-09-05 21:30:12,35,41,0,0,12.797,73.751
2026-09-05 21:35:20,36,40,0,0,12.61,72.895
2026-09-05 21:40:12,34,37,0,0,12.423,74.51
2026-09-05 21:45:20,34,38,0,0,12.348,74.842
2026-09-05 21:50:12,34,39,0,0,12.241,74.377
2026-09-05 21:55:20,37,41,0,0,12.148,75.624
2026-09-05 22:00:11,34,36,0,0,12.054,74.982
2026-09-05 22:05:20,32,33,0,0,11.859,75.531
2026-09-05 22:10:12,34,37,0,0,11.809,74.909
2026-09-05 22:15:12,34,38,0,0,11.606,75.455
2026-09-05 22:20:12,36,40,0,0,11.488,76.015
2026-09-05 22:25:20,39,46,0,0,11.445,76.391
2026-09-05 22:30:12,40,46,0,0,11.408,76.702
2026-09-05 22:35:22,37,41,0,0,11.344,76.414
2026-09-05 22:40:12,28,30,0,0,11.237,76.12
2026-09-05 22:45:19,30,32,0,0,11.122,76.086
2026-09-05 22:50:13,27,27,0,0,11.056,76.879
2026-09-05 22:55:20,24,26,0,0,10.973,76.053
2026-09-05 23:00:13,19,21,0,0,10.919,76.065
2026-09-05 23:05:22,24,24,0,0,10.732,75.685
2026-09-05 23:10:13,17,21,0,0,10.66,76.767
2026-09-05 23:15:12,22,22,0,0,10.572,75.846
2026-09-05 23:20:13,24,25,0,0,10.388,77.104
2026-09-05 23:25:20,29,30,0,0,10.164,78.123
2026-09-05 23:30:13,29,29,0,0,10.014,77.583
2026-09-05 23:35:20,26,28,0,0,9.894,78.783
2026-09-05 23:40:13,29,29,0,0,9.849,79.412
2026-09-05 23:45:20,28,28,0,0,9.656,78.705
2026-09-05 23:50:13,24,26,0,0,9.555,77.982
2026-09-05 23:55:20,21,25,0,0,9.435,79.071
2026-09-06 01:00:13,19,19,0,0,9.293,78.913
2026-09-06 01:05:21,41,48,0,0,9.2,80.425
2026-09-06 01:10:13,58,71,0,0,9.178,80.7
2026-09-06 01:15:13,43,51,0,0,9.063,78.792
2026-09-06 01:20:13,40,45,0,0,8.973,80.601
2026-09-06 01:25:20,29,30,0,0,8.914,81.068
2026-09-06 01:30:14,22,23,0,0,8.914,80.746
2026-09-06 01:35:19,26,26,0,0,8.834,80.257
2026-09-06 01:40:14,31,33,0,0,8.775,80.547
2026-09-06 01:45:20,37,41,0,0,8.708,80.477
2026-09-06 01:50:14,32,34,0,0,8.671,79.7
2026-09-06 01:55:20,32,33,0,0,8.535,80.122
2026-09-06 02:00:14,35,38,0,0,8.473,80.738
2026-09-06 02:05:20,34,38,0,0,8.375,80.757
2026-09-06 02:10:14,37,39,0,0,8.369,81.589
2026-09-06 02:15:14,37,38,0,0,8.26,79.414
2026-09-06 02:20:14,35,36,0,0,8.105,81.018
2026-09-06 02:25:20,30,30,0,0,8.019,80.109
2026-09-06 02:30:14,30,32,0,0,7.859,80.955
2026-09-06 02:35:20,30,30,0,0,7.851,81.139
2026-09-06 02:40:14,27,28,0,0,7.816,81.43
2026-09-06 02:45:20,22,26,0,0,7.792,81.451
2026-09-06 02:50:14,20,22,0,0,7.787,81.863
2026-09-06 02:55:21,23,26,0,0,7.664,79.845
2026-09-06 03:00:14,19,19,0,0,7.52,80.856
2026-09-06 03:05:21,10,10,0,0,7.424,80.769
2026-09-06 03:10:14,7,8,0,0,7.362,80.61
2026-09-06 03:15:14,10,10,0,0,7.221,80.37
2026-09-06 03:20:14,9,13,0,0,7.074,80.578
2026-09-06 03:25:21,27,27,0,0,6.946,81.602
2026-09-06 03:30:14,28,30,0,0,6.842,82.685
2026-09-06 03:35:20,10,10,0,0,6.823,82.859
2026-09-06 03:40:14,13,17,0,0,6.708,81.623
2026-09-06 03:45:20,8,10,0,0,6.633,82.21
2026-09-06 03:50:14,13,13,0,0,6.543,82.684
2026-09-06 03:55:20,8,8,0,0,6.548,82.573
2026-09-06 04:00:15,8,8,0,0,6.489,82.76
2026-09-06 04:05:20,8,8,0,0,6.463,83.206
2026-09-06 04:10:14,8,8,0,0,6.473,82.897
2026-09-06 04:15:14,8,8,0,0,6.31,81.671
2026-09-06 04:20:14,9,9,0,0,6.276,83.622
2026-09-06 04:25:20,9,9,0,0,6.204,82.104
2026-09-06 04:30:14,7,8,0,0,6.038,82.708
2026-09-06 04:35:20,9,9,0,0,5.934,82.958
2026-09-06 04:40:14,13,13,0,0,5.929,84.173
2026-09-06 04:45:20,16,18,0,0,5.843,84.152
2026-09-06 04:50:14,29,29,0,0,5.832,83.063
2026-09-06 04:55:20,35,36,0,0,5.819,83.754
2026-09-06 05:00:14,36,37,0,0,5.798,83.157
2026-09-06 05:05:20,27,28,0,0,5.816,84.448
2026-09-06 05:10:14,25,25,0,0,5.875,84.414
2026-09-06 05:15:14,22,25,0,0,5.806,83.351
2026-09-06 05:20:14,22,24,0,0,5.645,82.869
2026-09-06 05:25:20,16,17,0,0,5.592,83.2
2026-09-06 05:30:14,10,11,0,0,5.48,83.118
2026-09-06 05:35:20,7,10,0,0,5.435,84.328
2026-09-06 05:40:14,11,11,0,0,5.392,83.502
2026-09-06 05:45:21,7,11,0,0,5.352,84.013
2026-09-06 05:50:14,8,8,0,0,5.202,83.023
2026-09-06 05:55:20,8,10,0,0,5.141,84.509
2026-09-06 06:00:14,11,13,0,0,5.175,85.575
2026-09-06 06:05:20,7,8,0,0,5.173,85.005
2026-09-06 06:10:14,10,10,0,0,5.167,85.083
2026-09-06 06:15:14,8,10,0,0,5.085,83.513
2026-09-06 06:20:14,10,10,0,0,4.975,84.129
2026-09-06 06:25:21,5,6,0,0,4.949,84.324
2026-09-06 06:30:14,6,6,0,0,4.772,82.79
2026-09-06 06:35:21,5,5,0,0,4.623,83.685
2026-09-06 06:40:14,3,3,0,0,4.564,84.316
2026-09-06 06:45:20,2,2,0,0,4.537,83.303
2026-09-06 06:50:14,3,5,0,0,4.42,83.187
2026-09-06 06:55:20,2,2,0,0,4.428,84.583
2026-09-06 07:00:15,3,3,0,0,4.244,82.527
2026-09-06 07:05:20,6,6,0,0,4.145,84.122
2026-09-06 07:10:14,3,5,0,0,4.198,85.783
2026-09-06 07:15:14,5,5,0,0,4.193,84.475
2026-09-06 07:20:14,6,6,0,0,4.089,84.723
2026-09-06 07:25:20,5,5,0,0,3.942,84.105
2026-09-06 07:30:14,5,5,0,0,3.843,84.463
2026-09-06 07:35:21,2,2,0,0,3.867,85.768
2026-09-06 07:40:14,2,2,0,0,3.774,84.747
2026-09-06 07:45:21,6,6,0,0,3.776,84.656
2026-09-06 07:50:14,6,6,0,0,3.685,84.528
2026-09-06 07:55:20,5,6,0,0,3.709,85.726
2026-09-06 08:00:14,3,3,0,0,3.659,85.341
2026-09-06 08:05:21,3,5,0,0,3.603,85.089
2026-09-06 08:10:15,5,5,0,0,3.648,85.649
2026-09-06 08:15:15,3,3,0,0,3.621,86.138
2026-09-06 08:20:15,5,5,0,0,3.528,84.82
2026-09-06 08:25:20,10,10,0,0,3.595,86.397
2026-09-06 08:30:15,6,7,0,0,3.619,86.517
2026-09-06 08:35:20,6,6,0,0,3.766,87.379
2026-09-06 08:40:15,6,6,0,0,3.939,86.861
2026-09-06 08:45:21,7,7,0,0,4.081,86.189
2026-09-06 08:50:15,10,10,0,0,4.171,85.228
2026-09-06 08:55:20,9,9,0,0,4.289,86.277
2026-09-06 09:00:15,6,7,0,0,4.441,86.84
2026-09-06 09:05:21,5,5,0,0,4.593,86.973
2026-09-06 09:10:15,6,7,0,0,4.778,87.534
2026-09-06 09:15:15,6,6,0,0,5.029,87.475
2026-09-06 09:20:15,7,8,0,0,5.253,87.467
2026-09-06 09:25:20,10,10,0,0,5.581,87.383
2026-09-06 09:30:15,7,7,0,0,5.998,86.576
2026-09-06 09:35:21,7,8,0,0,6.815,86.264
2026-09-06 09:40:15,9,9,0,0,9.282,78.852
2026-09-06 09:45:21,9,9,0,0,11.347,71.07
2026-09-06 09:50:15,5,5,0,0,13.202,64.462
2026-09-06 09:55:21,3,3,0,0,14.869,56.509
2026-09-06 10:00:15,2,2,0,0,15.758,54.468
2026-09-06 10:05:20,3,3,0,0,16.746,51.284
2026-09-06 10:10:15,5,5,0,0,17.205,49.583
2026-09-06 10:15:15,4,4,0,0,17.641,48.763
2026-09-06 10:20:15,4,4,0,0,18.185,47.586
2026-09-06 10:25:21,4,4,0,0,18.655,46.779
2026-09-06 10:30:15,3,4,0,0,18.968,46.316
2026-09-06 10:35:20,2,3,0,0,19.2,45.858
2026-09-06 10:40:15,2,4,0,0,19.494,45.209
2026-09-06 10:45:20,3,4,0,0,20.084,44.006
2026-09-06 10:50:15,2,2,0,0,20.356,43.475
2026-09-06 10:55:21,3,3,0,0,20.77,41.229
2026-09-06 11:00:15,0,1,0,0,21.283,40.447
2026-09-06 11:05:21,2,2,0,0,21.705,41.156
2026-09-06 11:10:15,1,2,0,0,21.95,41.068
2026-09-06 11:15:15,2,2,0,0,22.199,40.973
2026-09-06 11:20:15,3,3,0,0,22.714,38.408
2026-09-06 11:25:21,3,3,0,0,23.088,38.511
2026-09-06 11:30:15,3,4,0,0,23.358,38.486
2026-09-06 11:35:21,2,2,0,0,23.51,37.856
2026-09-06 11:40:15,4,5,0,0,23.643,39.371
2026-09-06 11:45:21,3,3,0,0,23.828,38.465
2026-09-06 11:50:15,3,4,0,0,23.959,38.673
2026-09-06 11:55:20,4,4,0,0,24.129,38.051
2026-09-06 12:00:15,5,5,0,0,24.239,37.984
2026-09-06 12:05:20,5,5,0,0,24.348,38.455
2026-09-06 12:10:15,8,9,0,0,24.455,37.446
2026-09-06 12:15:15,6,6,0,0,24.522,36.99
2026-09-06 12:20:15,7,7,0,0,24.733,36.826
2026-09-06 12:25:20,6,6,0,0,24.8,37.494
2026-09-06 12:30:15,7,7,0,0,25.019,37.883
2026-09-06 12:35:20,7,7,0,0,25.134,37.658
2026-09-06 12:40:15,6,6,0,0,25.326,37.227
2026-09-06 12:45:21,4,4,0,0,25.545,36.332
2026-09-06 12:50:15,8,8,0,0,25.774,36.504
2026-09-06 12:55:20,7,7,0,0,26.009,36.601
2026-09-06 13:00:15,6,6,0,0,26.284,36.472
2026-09-06 13:05:20,6,8,0,0,26.549,35.636
2026-09-06 13:10:15,7,7,0,0,26.762,36.113
2026-09-06 13:15:15,6,6,0,0,26.909,35.194
2026-09-06 13:20:15,5,5,0,0,27.243,35.873
2026-09-06 13:25:22,6,6,0,0,27.529,34.883
2026-09-06 13:30:15,6,6,0,0,27.726,35.365
2026-09-06 13:35:21,4,4,0,0,28.151,35.085
2026-09-06 13:40:15,5,6,0,0,28.242,34.6
2026-09-06 13:45:22,5,5,0,0,28.268,34.705
2026-09-06 13:50:15,3,3,0,0,28.183,34.873
2026-09-06 13:55:21,3,3,0,0,28.033,35.527
2026-09-06 14:00:15,6,6,0,0,27.844,35.64
2026-09-06 14:05:22,3,3,0,0,28.204,35.609
2026-09-06 14:10:15,2,2,0,0,28.536,35.249
2026-09-06 14:15:16,3,4,0,0,28.773,34.33
2026-09-06 14:20:16,4,4,0,0,29.123,34.148
2026-09-06 14:25:21,2,3,0,0,29.697,33.038
2026-09-06 14:30:15,1,1,0,0,29.868,33.494
2026-09-06 14:35:21,2,2,0,0,30.063,32.437
2026-09-06 14:40:16,1,2,0,0,29.839,32.527
2026-09-06 14:45:20,0,0,0,0,29.694,32.464
2026-09-06 14:50:16,0,0,0,0,29.748,31.491
2026-09-06 14:55:20,0,1,0,0,28.76,32.884
2026-09-06 15:00:16,0,0,0,0,28.079,33.49
2026-09-06 15:05:21,0,0,0,0,27.457,35.52
2026-09-06 15:10:16,0,1,0,0,27.457,35.716
2026-09-06 15:15:16,1,1,0,0,27.454,37.137
2026-09-06 15:20:16,1,2,0,0,27.921,36.081
2026-09-06 15:25:22,0,0,0,0,27.609,35.405
2026-09-06 15:30:16,0,0,0,0,27.176,33.086
2026-09-06 15:35:22,2,2,0,0,26.816,36.208
2026-09-06 15:40:16,2,2,0,0,26.49,37.677
2026-09-06 15:45:21,1,1,0,0,26.207,35.213
2026-09-06 15:50:16,0,0,0,0,26.063,32.914
2026-09-06 15:55:21,0,0,0,0,25.977,34.293
2026-09-06 16:00:16,0,0,0,0,25.724,32.798
2026-09-06 16:05:20,0,0,0,0,25.529,32.832
2026-09-06 16:10:16,1,1,0,0,25.438,37.729
2026-09-06 16:15:16,0,1,0,0,25.294,38.816
2026-09-06 16:20:16,0,1,0,0,25.28,38.2
2026-09-06 16:25:21,0,0,0,0,25.224,37.585
2026-09-06 16:30:16,0,0,0,0,25.243,37.732
2026-09-06 16:35:20,0,0,0,0,25.304,38.162
2026-09-06 16:40:16,0,0,0,0,25.366,37.095
2026-09-06 16:45:21,0,0,0,0,25.328,37.57
2026-09-06 16:50:16,0,0,0,0,25.318,37.025
2026-09-06 16:55:20,1,1,0,0,25.352,36.298
2026-09-06 17:00:16,0,0,0,0,25.096,37.698
2026-09-06 17:05:22,0,0,0,0,24.765,37.851
2026-09-06 17:10:15,0,0,0,0,24.356,37.616
2026-09-06 17:15:15,0,0,0,0,23.801,38.123
2026-09-06 17:20:16,0,0,0,0,23.451,37.975
2026-09-06 17:25:20,0,0,0,0,23.123,38.846
2026-09-06 17:30:15,0,0,0,0,22.89,40.349
2026-09-06 17:35:20,0,0,0,0,22.634,40.712
2026-09-06 17:40:16,0,0,0,0,22.434,41.099
2026-09-06 17:45:21,0,0,0,0,22.153,40.643
2026-09-06 17:50:16,0,0,0,0,21.956,40.139
2026-09-06 17:55:21,0,0,0,0,21.713,41.629
2026-09-06 18:00:18,0,0,0,0,21.497,41.499
2026-09-06 18:05:20,0,0,0,0,21.358,43.689
2026-09-06 18:10:16,0,0,0,0,21.12,42.709
2026-09-06 18:15:16,0,0,0,0,20.946,43.174
2026-09-06 18:20:16,0,0,0,0,20.639,42.791
2026-09-06 18:25:20,0,0,0,0,20.404,42.419
2026-09-06 18:30:16,0,0,0,0,20.22,42.461
2026-09-06 18:35:22,0,0,0,0,20.041,43.542
2026-09-06 18:40:16,0,0,0,0,19.633,44.25
2026-09-06 18:45:21,0,1,0,0,19.125,44.923
2026-09-06 18:50:16,0,0,0,0,18.687,45.49
2026-09-06 18:55:21,0,0,0,0,18.34,45.978
2026-09-06 19:00:16,0,0,0,0,18.057,47.012
2026-09-06 19:05:20,0,0,0,0,17.686,47.073
2026-09-06 19:10:16,0,0,0,0,17.366,46.605
2026-09-06 19:15:16,0,0,0,0,17.112,46.514
2026-09-06 19:20:16,0,0,0,0,16.858,50.067
2026-09-06 19:25:20,0,0,0,0,16.599,49.285
2026-09-06 19:30:16,0,0,0,0,16.327,50.481
2026-09-06 19:35:21,0,0,0,0,16.1,49.272
2026-09-06 19:40:16,0,0,0,0,15.793,50.037
2026-09-06 19:45:20,0,0,0,0,15.55,51.301
2026-09-06 19:50:16,1,1,0,0,15.352,52.248
2026-09-06 19:55:20,0,0,0,0,15.114,53.686
2026-09-06 20:00:19,0,0,0,0,14.909,53.546
2026-09-06 20:05:21,0,0,0,0,14.679,52.431
2026-09-06 20:10:16,0,0,0,0,14.516,52.211
2026-09-06 20:15:16,0,0,0,0,14.38,52.896
2026-09-06 20:20:16,3,3,0,0,14.193,52.52
2026-09-06 20:25:20,2,2,0,0,14.004,53.323
2026-09-06 20:30:16,2,2,0,0,13.835,54.243
2026-09-06 20:35:21,1,1,0,0,13.753,54.557
2026-09-06 20:40:18,2,2,0,0,13.63,55.154
2026-09-06 20:45:20,2,2,0,0,13.515,55.292
2026-09-06 20:50:16,6,6,0,0,13.291,56.707
2026-09-06 20:55:23,5,5,0,0,13.112,58.193
2026-09-06 21:00:17,4,4,0,0,12.962,57.6
2026-09-06 21:05:21,5,5,0,0,12.786,58.677
2026-09-06 21:10:16,5,5,0,0,12.562,60.23
2026-09-06 21:15:16,5,5,0,0,12.404,61.582
2026-09-06 21:20:16,3,3,0,0,12.247,61.899
2026-09-06 21:25:22,2,2,0,0,12.121,61.844
2026-09-06 21:30:17,1,1,0,0,11.971,61.535
2026-09-06 21:35:20,1,1,0,0,11.771,61.99
2026-09-06 21:40:17,1,2,0,0,11.627,61.933
2026-09-06 21:45:20,1,1,0,0,11.368,64.556
2026-09-06 21:50:17,1,1,0,0,11.237,65.22
2026-09-06 21:55:21,1,1,0,0,11.149,65.105
2026-09-06 22:00:17,1,1,0,0,11.064,65.147
2026-09-06 22:05:20,1,2,0,0,10.97,65.839
2026-09-06 22:10:16,2,2,0,0,10.855,65.975
2026-09-06 22:15:20,1,1,0,0,10.77,66.129
2026-09-06 22:20:27,1,2,0,0,10.639,66.881
2026-09-06 22:25:20,21,21,0,0,10.473,66.94
2026-09-06 22:30:17,8,8,0,0,10.407,68.149
2026-09-06 22:35:21,7,7,0,0,10.286,69.463
2026-09-06 22:40:17,5,5,0,0,10.222,69.809
2026-09-06 22:45:21,7,7,0,0,10.11,68.817
2026-09-06 22:50:17,5,8,0,0,9.977,69.662
2026-09-06 22:55:20,7,7,0,0,9.873,70.757
2026-09-06 23:00:17,13,13,0,0,9.822,70.841
2026-09-06 23:05:21,15,18,0,0,9.675,71.245
2026-09-06 23:10:17,6,8,0,0,9.606,70.871
2026-09-06 23:15:17,3,3,0,0,9.523,71.049
2026-09-06 23:20:17,5,5,0,0,9.389,71.379
2026-09-06 23:25:20,5,5,0,0,9.269,71.44
2026-09-06 23:30:17,2,2,0,0,9.165,72.227
2026-09-06 23:35:21,5,6,0,0,8.994,72.191
2026-09-06 23:40:17,8,9,0,0,8.927,73.095
2026-09-06 23:45:20,6,6,0,0,8.786,72.532
2026-09-06 23:50:17,8,8,0,0,8.652,73.009
2026-09-06 23:55:20,4,4,0,0,8.38,73.479
2026-09-07 00:00:17,2,2,0,0,8.204,74.161
2026-09-07 00:05:20,1,1,0,0,8.11,75.235
2026-09-07 00:10:17,6,6,0,0,8.054,75.394
2026-09-07 00:15:17,9,10,0,0,7.987,75.809
2026-09-07 00:20:17,9,9,0,0,7.958,75.844
2026-09-07 00:25:21,8,8,0,0,7.894,76.275
2026-09-07 00:30:17,9,9,0,0,7.819,75.519
2026-09-07 00:35:20,10,10,0,0,7.694,77.141
2026-09-07 00:40:17,21,21,0,0,7.557,75.956
2026-09-07 00:45:20,9,10,0,0,7.483,77.398
2026-09-07 00:50:17,7,8,0,0,7.405,75.933
2026-09-07 00:55:21,8,8,0,0,7.301,76.742
2026-09-07 01:00:17,4,6,0,0,7.226,76.338
2026-09-07 01:05:20,9,9,0,0,7.178,77.44
2026-09-07 01:10:17,4,4,0,0,7.178,77.604
2026-09-07 01:15:17,6,6,0,0,7.117,77.335
2026-09-07 01:20:17,4,4,0,0,7.061,76.87
2026-09-07 01:25:21,2,2,0,0,6.938,76.904
2026-09-07 01:30:17,1,3,0,0,6.863,77.867
2026-09-07 01:35:21,2,2,0,0,6.783,77.661
2026-09-07 01:40:17,2,2,0,0,6.671,77.478
2026-09-07 01:45:23,1,2,0,0,6.492,77.471
2026-09-07 01:50:17,1,1,0,0,6.455,79.052
2026-09-07 01:55:21,1,1,0,0,6.377,79.273
2026-09-07 02:00:17,7,7,0,0,6.348,79.197
2026-09-07 02:05:20,3,3,0,0,6.35,78.609
2026-09-07 02:10:17,2,2,0,0,6.302,78.962
2026-09-07 02:15:17,2,3,0,0,6.225,78.611
2026-09-07 02:20:17,2,2,0,0,6.142,78.627
2026-09-07 02:25:21,1,2,0,0,6.107,78.796
2026-09-07 02:30:17,1,1,0,0,6.07,79.601
2026-09-07 02:35:21,2,2,0,0,5.966,79.447
2026-09-07 02:40:17,1,1,0,0,5.894,79.441
2026-09-07 02:45:20,2,2,0,0,5.84,79.569
2026-09-07 02:50:17,1,1,0,0,5.79,79.906
2026-09-07 02:55:21,2,2,0,0,5.766,79.313
2026-09-07 03:00:17,0,0,0,0,5.726,80.658
2026-09-07 03:05:20,0,0,0,0,5.758,80.524
2026-09-07 03:10:17,0,1,0,0,5.669,79.254
2026-09-07 03:15:17,0,0,0,0,5.571,80.217
2026-09-07 03:20:17,3,3,0,0,5.52,80.999
2026-09-07 03:25:22,2,2,0,0,5.515,80.517
2026-09-07 03:30:18,3,3,0,0,5.507,80.9
2026-09-07 03:35:21,5,5,0,0,5.453,80.521
2026-09-07 03:40:17,1,1,0,0,5.416,81.083
2026-09-07 03:45:20,1,2,0,0,5.272,80.5
2026-09-07 03:50:17,0,1,0,0,5.213,80.32
2026-09-07 03:55:21,1,1,0,0,5.122,81.287
2026-09-07 04:00:18,0,0,0,0,5.047,80.845
2026-09-07 04:05:20,0,0,0,0,4.938,80.152
2026-09-07 04:10:17,1,1,0,0,4.855,81.589
2026-09-07 04:15:17,0,0,0,0,4.828,82.071
2026-09-07 04:20:17,1,1,0,0,4.876,82.977
2026-09-07 04:25:21,0,1,0,0,4.831,81.776
2026-09-07 04:30:18,1,1,0,0,4.815,82.107
2026-09-07 04:35:20,0,0,0,0,4.748,81.285
2026-09-07 04:40:17,0,0,0,0,4.668,81.646
2026-09-07 04:45:20,0,0,0,0,4.585,81.905
2026-09-07 04:50:17,0,1,0,0,4.535,80.77
2026-09-07 04:55:20,1,1,0,0,4.46,81.989
2026-09-07 05:00:18,1,1,0,0,4.345,82.231
2026-09-07 05:05:21,0,0,0,0,4.342,81.715
2026-09-07 05:10:18,0,0,0,0,4.31,82.661
2026-09-07 05:15:18,0,0,0,0,4.318,83.662
2026-09-07 05:20:18,0,0,0,0,4.348,83.637
2026-09-07 05:25:24,0,0,0,0,4.324,81.636
2026-09-07 05:30:18,0,0,0,0,4.174,82.481
2026-09-07 05:35:20,0,2,0,0,4.15,82.733
2026-09-07 05:40:18,0,2,0,0,4.086,82.483
2026-09-07 05:45:20,0,0,0,0,4.017,83.023
2026-09-07 05:50:18,2,2,0,0,4.054,83.778
2026-09-07 05:55:21,2,2,0,0,3.96,82.64
2026-09-07 06:00:18,3,5,0,0,3.915,83.076
2026-09-07 06:05:21,1,1,0,0,3.944,83.71
2026-09-07 06:10:18,1,1,0,0,3.928,82.523
2026-09-07 06:15:18,1,1,0,0,3.814,82.725
2026-09-07 06:20:18,1,2,0,0,3.613,82.121
2026-09-07 06:25:21,3,3,0,0,3.611,82.813
2026-09-07 06:30:18,1,1,0,0,3.531,82.621
2026-09-07 06:35:21,3,3,0,0,3.397,82.569
2026-09-07 06:40:18,3,3,0,0,3.418,82.754
2026-09-07 06:45:20,2,3,0,0,3.416,83.864
2026-09-07 06:50:18,2,2,0,0,3.378,83.34
2026-09-07 06:55:21,3,3,0,0,3.386,83.826
2026-09-07 07:00:18,2,3,0,0,3.378,82.998
2026-09-07 07:05:21,5,5,0,0,3.32,83.178
2026-09-07 07:10:18,2,2,0,0,3.328,83.799
2026-09-07 07:15:18,1,1,0,0,3.325,84.593
2026-09-07 07:20:18,0,1,0,0,3.312,83.698
2026-09-07 07:25:21,2,2,0,0,3.312,84.351
2026-09-07 07:30:18,5,6,0,0,3.349,84.37
2026-09-07 07:35:23,2,2,0,0,3.223,83.443
2026-09-07 07:40:18,1,1,0,0,3.146,83.075
2026-09-07 07:45:20,2,2,0,0,3.069,84.007
2026-09-07 07:50:18,2,2,0,0,3.069,84.393
2026-09-07 07:55:20,3,3,0,0,3.018,83.601
2026-09-07 08:00:18,6,6,0,0,3.037,83.605
2026-09-07 08:05:22,5,6,0,0,2.986,83.883
2026-09-07 08:10:18,3,3,0,0,2.914,83.729
2026-09-07 08:15:18,5,5,0,0,2.874,84.064
2026-09-07 08:20:19,3,6,0,0,2.911,84.429
2026-09-07 08:25:20,7,7,0,0,2.962,85.136
2026-09-07 08:30:18,11,14,0,0,3.037,84.991
2026-09-07 08:35:20,11,11,0,0,3.13,84.614
2026-09-07 08:40:18,11,14,0,0,3.09,83.828
2026-09-07 08:45:21,9,9,0,0,3.178,84.505
2026-09-07 08:50:18,10,10,0,0,3.25,85.06
2026-09-07 08:55:20,9,9,0,0,3.402,86.185
2026-09-07 09:00:18,10,11,0,0,3.616,86.63
2026-09-07 09:05:21,14,17,0,0,3.848,86.601
2026-09-07 09:10:18,11,11,0,0,4.097,86.523
2026-09-07 09:15:18,10,11,0,0,4.404,85.732
2026-09-07 09:20:18,20,23,0,0,4.751,85.234
2026-09-07 09:25:20,11,11,0,0,5.037,84.291
2026-09-07 09:30:18,19,24,0,0,5.429,83.231
2026-09-07 09:35:21,10,11,0,0,6.767,81.526
2026-09-07 09:40:18,10,10,0,0,9.063,74.043
2026-09-07 09:45:20,10,10,0,0,10.893,67.344
2026-09-07 09:50:18,9,11,0,0,12.409,61.607
2026-09-07 09:55:21,19,19,0,0,13.923,58.559
2026-09-07 10:00:18,12,12,0,0,14.981,54.548
2026-09-07 10:05:21,6,7,0,0,15.905,53.01
2026-09-07 10:10:18,7,8,0,0,16.431,50.592
2026-09-07 10:15:18,7,8,0,0,16.877,48.808
2026-09-07 10:20:18,3,3,0,0,17.277,49.549
2026-09-07 10:25:21,8,8,0,0,17.504,47.517
2026-09-07 10:30:18,9,9,0,0,17.985,47.803
2026-09-07 10:35:20,6,6,0,0,18.463,46.007
2026-09-07 10:40:19,5,5,0,0,18.647,45.755
2026-09-07 10:45:21,3,3,0,0,18.816,45.864
2026-09-07 10:50:19,1,1,0,0,19.091,44.29
2026-09-07 10:55:22,1,1,0,0,19.275,44.858
2026-09-07 11:00:19,0,0,0,0,19.82,44.563
2026-09-07 11:05:20,0,0,0,0,20.327,43.06
2026-09-07 11:10:19,0,1,0,0,20.557,41.835
2026-09-07 11:15:19,0,0,0,0,20.65,42.201
2026-09-07 11:20:19,0,0,0,0,20.906,41.642
2026-09-07 11:25:21,0,0,0,0,21.112,40.656
2026-09-07 11:30:19,0,0,0,0,21.344,40.92
2026-09-07 11:35:21,0,0,0,0,21.438,41.454
2026-09-07 11:40:19,0,0,0,0,21.774,40.883
2026-09-07 11:45:22,0,0,0,0,22.017,40.227
2026-09-07 11:50:19,0,0,0,0,22.153,40.698
2026-09-07 11:55:22,0,0,0,0,22.258,39.914
2026-09-07 12:00:19,0,1,0,0,22.348,40.584
2026-09-07 12:05:20,0,0,0,0,22.447,40.029
2026-09-07 12:10:19,1,1,0,0,22.623,40.138
2026-09-07 12:15:19,1,2,0,0,22.805,41.034
2026-09-07 12:20:19,0,1,0,0,23.163,38.39
2026-09-07 12:25:21,18,26,0,0,23.227,39.417
2026-09-07 12:30:19,0,0,0,0,23.323,38.827
2026-09-07 12:35:20,0,0,0,0,23.47,39.172
2026-09-07 12:40:19,12,17,0,0,23.814,38.537
2026-09-07 12:45:20,7,7,0,0,24.167,38.627
2026-09-07 12:50:19,0,1,0,0,24.383,38.341
2026-09-07 12:55:21,1,1,0,0,24.749,36.464
2026-09-07 13:00:18,0,0,0,0,24.84,35.423
2026-09-07 13:05:20,1,1,0,0,24.931,36.851
2026-09-07 13:10:19,0,2,0,0,25.47,36.927
2026-09-07 13:15:19,1,2,0,0,25.75,36.681
2026-09-07 13:20:19,0,0,0,0,26.183,35.531
2026-09-07 13:25:20,0,0,0,0,26.458,34.452
2026-09-07 13:30:19,1,2,0,0,26.503,34.053
2026-09-07 13:35:21,0,0,0,0,26.73,34.286
2026-09-07 13:40:19,0,0,0,0,26.843,34.98
2026-09-07 13:45:20,0,0,0,0,26.984,34.23
2026-09-07 13:50:19,0,1,0,0,27.107,35.102
2026-09-07 13:55:20,0,0,0,0,27.056,35.413
2026-09-07 14:00:20,1,1,0,0,26.776,34.654
2026-09-07 14:05:21,0,0,0,0,27.264,34.345
2026-09-07 14:10:19,0,0,0,0,27.369,34.419
2026-09-07 14:15:19,0,0,0,0,27.606,34.888
2026-09-07 14:20:19,0,0,0,0,27.686,34.171
2026-09-07 14:25:21,0,0,0,0,28.058,33.033
2026-09-07 14:30:19,0,0,0,0,28.009,31.737
2026-09-07 14:35:21,0,0,0,0,27.927,33.652
2026-09-07 14:40:19,0,0,0,0,27.823,33.548
2026-09-07 14:45:21,0,0,0,0,27.916,33.199
2026-09-07 14:50:19,0,0,0,0,27.582,34.028
2026-09-07 14:55:20,0,0,0,0,26.864,36.029
2026-09-07 15:00:20,0,0,0,0,26.405,36.758
2026-09-07 15:05:21,1,1,0,0,26.081,37.053
2026-09-07 15:10:19,0,0,0,0,25.964,37.378
2026-09-07 15:15:19,0,0,0,0,26.266,36.659
2026-09-07 15:20:19,0,0,0,0,25.897,37.153
2026-09-07 15:25:20,0,0,0,0,25.513,37.999
2026-09-07 15:30:19,0,0,0,0,25.254,39.298
2026-09-07 15:35:21,0,0,0,0,24.733,38.551
2026-09-07 15:40:19,0,0,0,0,24.72,40.302
2026-09-07 15:45:20,0,0,0,0,24.64,39.661
2026-09-07 15:50:20,0,0,0,0,24.455,40.53
2026-09-07 15:55:21,0,0,0,0,24.351,40.056
2026-09-07 16:00:20,0,0,0,0,24.129,40.233
2026-09-07 16:05:21,0,0,0,0,23.937,41.564
2026-09-07 16:10:19,0,0,0,0,23.668,41.948
2026-09-07 16:15:20,0,0,0,0,23.692,41.816
2026-09-07 16:20:19,0,0,0,0,23.593,41.978
2026-09-07 16:25:21,0,0,0,0,23.406,41.91
2026-09-07 16:30:20,0,0,0,0,23.323,41.198
2026-09-07 16:35:21,0,0,0,0,23.144,42.22
2026-09-07 16:40:20,0,0,0,0,23.045,41.797
2026-09-07 16:45:21,0,0,0,0,22.928,43.13
2026-09-07 16:50:20,0,0,0,0,22.752,42.629
2026-09-07 16:55:20,0,0,0,0,22.626,41.866
2026-09-07 17:00:20,0,0,0,0,22.479,41.616
2026-09-07 17:05:20,0,0,0,0,22.367,42.033
2026-09-07 17:10:20,0,0,0,0,22.148,44.303
2026-09-07 17:15:20,0,0,0,0,22.004,44.078
2026-09-07 17:20:20,0,0,0,0,21.782,43.817
2026-09-07 17:25:21,0,0,0,0,21.694,44.357
2026-09-07 17:30:20,0,0,0,0,21.435,44.566
2026-09-07 17:35:22,0,0,0,0,21.139,44.364
2026-09-07 17:40:20,0,0,0,0,20.981,44.71
2026-09-07 17:45:20,0,0,0,0,20.695,45.442
2026-09-07 17:50:20,0,0,0,0,20.506,45.141
2026-09-07 17:55:20,0,0,0,0,20.188,46.407
2026-09-07 18:00:20,0,0,0,0,19.942,47.054
2026-09-07 18:05:21,0,0,0,0,19.758,47.422
2026-09-07 18:10:20,0,0,0,0,19.542,47.408
2026-09-07 18:15:20,0,0,0,0,19.464,48.706
2026-09-07 18:20:20,0,0,0,0,19.213,48.856
2026-09-07 18:25:21,0,0,0,0,19.221,48.69
2026-09-07 18:30:20,0,0,0,0,19.053,49.362
2026-09-07 18:35:21,0,0,0,0,18.757,49.337
2026-09-07 18:40:20,0,0,0,0,18.354,50.298
2026-09-07 18:45:20,0,0,0,0,17.908,52.034
2026-09-07 18:50:20,0,0,0,0,17.534,53.045
2026-09-07 18:55:21,0,0,0,0,17.211,53.598
2026-09-07 19:00:20,0,0,0,0,16.888,54.163
2026-09-07 19:05:20,0,0,0,0,16.551,55.45
2026-09-07 19:10:20,0,0,0,0,16.3,56.177
2026-09-07 19:15:20,0,0,0,0,16.036,56.873
2026-09-07 19:20:20,0,0,0,0,15.809,57.907
2026-09-07 19:25:20,0,0,0,0,15.584,57.855
2026-09-07 19:30:20,0,0,0,0,15.323,58.496
2026-09-07 19:35:23,0,0,0,0,15.12,58.78
2026-09-07 19:40:20,0,0,0,0,14.949,59.837
2026-09-07 19:45:21,0,0,0,0,14.786,60.222
2026-09-07 19:50:20,7,7,0,0,14.62,60.886
2026-09-07 19:55:22,33,36,0,0,14.484,61.296
2026-09-07 20:00:20,19,20,0,0,14.297,61.817
2026-09-07 20:05:20,7,7,0,0,14.073,62.894
2026-09-07 20:10:20,4,4,0,0,13.881,62.719
2026-09-07 20:15:20,0,0,0,0,13.688,63.36
2026-09-07 20:20:20,0,0,0,0,13.504,64.211
2026-09-07 20:25:22,0,0,0,0,13.293,64.426
2026-09-07 20:30:20,0,0,0,0,13.114,64.882
2026-09-07 20:35:23,0,0,0,0,12.941,65.651
2026-09-07 20:40:20,0,0,0,0,12.831,65.41
2026-09-07 20:45:22,0,0,0,0,12.738,66.023
2026-09-07 20:50:20,0,0,0,0,12.652,66.192
2026-09-07 20:55:23,0,0,0,0,12.559,66.576
2026-09-07 21:00:20,0,0,0,0,12.471,66.768
2026-09-07 21:05:23,2,3,0,0,12.388,66.995
2026-09-07 21:10:20,3,3,0,0,12.284,67.821
2026-09-07 21:15:20,1,1,0,0,12.172,68.371
2026-09-07 21:20:20,1,1,0,0,12.036,68.588
2026-09-07 21:25:22,1,1,0,0,11.905,69.534
2026-09-07 21:30:20,3,3,0,0,11.795,69.031
2026-09-07 21:35:21,3,3,0,0,11.606,70.156
2026-09-07 21:40:20,3,3,0,0,11.435,70.926
2026-09-07 21:45:20,1,1,0,0,11.357,71.157
2026-09-07 21:50:20,1,1,0,0,11.221,71.23
2026-09-07 21:55:21,1,1,0,0,10.999,71.838
2026-09-07 22:00:20,2,2,0,0,10.877,72.63
2026-09-07 22:05:21,4,4,0,0,10.687,72.567
2026-09-07 22:10:20,4,4,0,0,10.594,73.295
2026-09-07 22:15:20,6,7,0,0,10.489,73.566
2026-09-07 22:20:20,6,7,0,0,10.399,72.384
2026-09-07 22:25:21,2,4,0,0,10.313,73.738
2026-09-07 22:30:20,4,6,0,0,10.204,72.988
2026-09-07 22:35:21,6,7,0,0,10.06,73.757
2026-09-07 22:40:20,4,4,0,0,9.993,73.694
2026-09-07 22:45:22,5,5,0,0,9.889,73.62
2026-09-07 22:50:20,4,4,0,0,9.833,74.098
2026-09-07 22:55:21,4,4,0,0,9.659,73.862
2026-09-07 23:00:20,2,3,0,0,9.496,74.509
2026-09-07 23:05:20,21,23,0,0,9.464,75.548
2026-09-07 23:10:20,22,26,0,0,9.373,76.385
2026-09-07 23:15:20,28,31,0,0,9.317,76.401
2026-09-07 23:20:20,22,25,0,0,9.242,76.66
2026-09-07 23:25:20,10,10,0,0,9.202,76.837
2026-09-07 23:30:20,8,9,0,0,9.141,77.253
2026-09-07 23:35:21,9,12,0,0,9.042,76.79
2026-09-07 23:40:20,10,10,0,0,8.917,76.794
2026-09-07 23:45:21,10,10,0,0,8.834,76.813
2026-09-07 23:50:20,10,13,0,0,8.762,77.141
2026-09-07 23:55:20,8,9,0,0,8.695,77.389
2026-09-08 00:00:20,7,7,0,0,8.567,77.223
2026-09-08 00:05:22,7,8,0,0,8.484,77.564
2026-09-08 00:10:20,7,8,0,0,8.383,77.658
2026-09-08 00:15:20,4,4,0,0,8.268,78.136
2026-09-08 00:20:20,4,4,0,0,8.182,78.321
2026-09-08 00:25:20,5,5,0,0,8.091,78.834
2026-09-08 00:30:20,3,3,0,0,8.067,78.724
2026-09-08 00:35:23,2,2,0,0,7.926,78.678
2026-09-08 00:40:20,2,2,0,0,7.854,79.281
2026-09-08 00:45:20,1,1,0,0,7.758,79.843
2026-09-08 00:50:20,0,0,0,0,7.744,80.172
2026-09-08 00:55:21,1,2,0,0,7.71,80.681
2026-09-08 01:00:20,1,2,0,0,7.67,79.595
2026-09-08 01:05:21,1,1,0,0,7.613,80.334
2026-09-08 01:10:20,1,1,0,0,7.549,80.152
2026-09-08 01:15:20,0,0,0,0,7.392,79.323
2026-09-08 01:20:20,1,1,0,0,7.333,79.477
2026-09-08 01:25:22,0,0,0,0,7.248,79.893
2026-09-08 01:30:20,4,4,0,0,7.218,80.36
2026-09-08 01:35:21,3,3,0,0,7.162,80.318
2026-09-08 01:40:20,2,2,0,0,7.079,80.664
2026-09-08 01:45:21,3,3,0,0,6.981,80.58
2026-09-08 01:50:21,1,1,0,0,6.933,81.184
2026-09-08 01:55:20,0,0,0,0,6.74,78.888
2026-09-08 02:00:21,1,1,0,0,6.639,80.749
2026-09-08 02:05:21,0,0,0,0,6.612,80.656
2026-09-08 02:10:21,1,1,0,0,6.452,81.329
2026-09-08 02:15:21,2,2,0,0,6.439,81.572
2026-09-08 02:20:21,2,2,0,0,6.452,81.991
2026-09-08 02:25:21,1,2,0,0,6.425,81.572
2026-09-08 02:30:21,1,1,0,0,6.356,81.955
2026-09-08 02:35:21,1,1,0,0,6.316,80.94
2026-09-08 02:40:21,1,2,0,0,6.246,81.655
2026-09-08 02:45:21,3,3,0,0,6.126,81.684
2026-09-08 02:50:21,2,2,0,0,6.059,81.081
2026-09-08 02:55:21,2,3,0,0,5.87,81.253
2026-09-08 03:00:22,3,3,0,0,5.776,81.524
2026-09-08 03:05:21,5,5,0,0,5.76,82.624
2026-09-08 03:10:21,4,4,0,0,5.691,81.522
2026-09-08 03:15:21,11,15,0,0,5.576,82.128
2026-09-08 03:20:21,5,5,0,0,5.584,82.603
2026-09-08 03:25:21,2,3,0,0,5.544,82.737
2026-09-08 03:30:21,2,2,0,0,5.416,82.195
2026-09-08 03:35:21,3,3,0,0,5.4,82.937
2026-09-08 03:40:21,2,3,0,0,5.213,80.971
2026-09-08 03:45:21,2,2,0,0,5.197,82.89
2026-09-08 03:50:21,3,5,0,0,5.194,83.513
2026-09-08 03:55:23,6,7,0,0,5.186,83.406
2026-09-08 04:00:21,3,3,0,0,5.181,82.447
2026-09-08 04:05:21,3,3,0,0,5.106,82.727
2026-09-08 04:10:21,3,3,0,0,4.989,81.341
2026-09-08 04:15:21,2,3,0,0,4.876,82.308
2026-09-08 04:20:21,2,2,0,0,4.735,82.643
2026-09-08 04:25:21,2,2,0,0,4.748,82.899
2026-09-08 04:30:21,3,5,0,0,4.596,82.254
2026-09-08 04:35:21,5,5,0,0,4.577,83.517
2026-09-08 04:40:21,3,5,0,0,4.508,82.468
2026-09-08 04:45:22,1,1,0,0,4.337,82.624
2026-09-08 04:50:21,1,2,0,0,4.305,83.441
2026-09-08 04:55:21,3,3,0,0,4.276,83.017
2026-09-08 05:00:21,2,2,0,0,4.147,82.985
2026-09-08 05:05:22,3,3,0,0,4.15,83.828
2026-09-08 05:10:21,0,0,0,0,4.121,83.891
2026-09-08 05:15:21,1,2,0,0,4.043,82.846
2026-09-08 05:20:21,2,2,0,0,4.041,83.912
2026-09-08 05:25:21,1,2,0,0,4.025,83.925
2026-09-08 05:30:21,1,1,0,0,3.867,83.395
2026-09-08 05:35:21,2,2,0,0,3.811,83.01
2026-09-08 05:40:21,0,0,0,0,3.712,82.941
2026-09-08 05:45:21,2,2,0,0,3.651,83.879
2026-09-08 05:50:21,3,3,0,0,3.621,83.553
2026-09-08 05:55:21,3,3,0,0,3.515,83.847
2026-09-08 06:00:24,3,3,0,0,3.515,84.906
2026-09-08 06:05:21,3,3,0,0,3.547,84.904
2026-09-08 06:10:21,2,2,0,0,3.528,84.291
2026-09-08 06:15:21,2,2,0,0,3.56,84.618
2026-09-08 06:20:21,6,7,0,0,3.512,84.299
2026-09-08 06:25:21,6,7,0,0,3.466,83.221
2026-09-08 06:30:21,5,5,0,0,3.48,84.7
2026-09-08 06:35:21,10,10,0,0,3.493,84.373
2026-09-08 06:40:21,46,54,0,0,3.408,84.29
2026-09-08 06:45:21,56,67,0,0,3.322,84.652
2026-09-08 06:50:21,25,29,0,0,3.36,84.911
2026-09-08 06:55:21,42,48,0,0,3.248,83.935
2026-09-08 07:00:21,25,29,0,0,3.288,85.127
2026-09-08 07:05:21,26,29,0,0,3.183,83.794
2026-09-08 07:10:21,23,25,0,0,3.146,85.045
2026-09-08 07:15:21,25,25,0,0,3.119,83.851
2026-09-08 07:20:21,7,9,0,0,3.13,85.478
2026-09-08 07:25:21,10,10,0,0,3.09,84.524
2026-09-08 07:30:21,22,23,0,0,3.023,84.621
2026-09-08 07:35:30,26,26,0,0,2.922,84.713
2026-09-08 07:40:21,11,11,0,0,2.959,84.946
2026-09-08 07:45:21,10,11,0,0,2.866,84.621
2026-09-08 07:50:21,6,6,0,0,2.86,84.852
2026-09-08 07:55:21,10,10,0,0,2.767,84.448
2026-09-08 08:00:21,9,9,0,0,2.796,84.902
2026-09-08 08:05:21,10,11,0,0,2.703,84.387
2026-09-08 08:10:21,8,10,0,0,2.759,85.354
2026-09-08 08:15:21,11,11,0,0,2.743,84.801
2026-09-08 08:20:21,10,12,0,0,2.767,85.714
2026-09-08 08:25:21,10,10,0,0,2.823,85.749
2026-09-08 08:30:21,9,10,0,0,2.916,86.176
2026-09-08 08:35:21,6,7,0,0,3.037,86.752
2026-09-08 08:40:21,6,6,0,0,3.17,86.687
2026-09-08 08:45:21,8,9,0,0,3.28,86.679
2026-09-08 08:50:21,14,18,0,0,3.421,86.639
2026-09-08 08:55:22,14,15,0,0,3.541,86.317
2026-09-08 09:00:21,31,35,0,0,3.715,86.859
2026-09-08 09:05:21,20,23,0,0,3.939,87.83
2026-09-08 09:10:21,30,34,0,0,4.257,88.65
2026-09-08 09:15:21,31,33,0,0,4.593,89.075
2026-09-08 09:20:21,21,21,0,0,5.023,89.377
2026-09-08 09:25:22,9,9,0,0,5.432,88.408
2026-09-08 09:30:21,10,10,0,0,5.832,88.041
2026-09-08 09:35:21,27,28,0,0,7.691,83.477
2026-09-08 09:40:22,29,29,0,0,9.739,76.048
2026-09-08 09:45:22,11,11,0,0,11.643,68.847
2026-09-08 09:50:22,24,26,0,0,11.865,66.944
2026-09-08 09:55:24,28,30,0,0,11.563,67.507
2026-09-08 10:00:22,22,22,0,0,11.162,68.453
2026-09-08 10:05:22,27,28,0,0,11.173,69.706
2026-09-08 10:10:22,17,19,0,0,12.965,66.124
2026-09-08 10:15:22,22,24,0,0,14.174,61.931
2026-09-08 10:20:22,10,10,0,0,14.324,61.332
2026-09-08 10:25:22,9,9,0,0,14.554,60.039
2026-09-08 10:30:22,5,5,0,0,14.244,61.233
2026-09-08 10:35:22,4,4,0,0,14.14,62.965
2026-09-08 10:40:22,5,5,0,0,14.057,63.329
2026-09-08 10:45:22,4,4,0,0,13.865,63.036
2026-09-08 10:50:22,4,4,0,0,13.769,64.047
2026-09-08 10:55:22,4,4,0,0,13.694,65.62
2026-09-08 11:00:22,3,4,0,0,13.718,65.529
2026-09-08 11:05:22,3,4,0,0,13.881,64.672
2026-09-08 11:10:22,2,3,0,0,14.02,64.556
2026-09-08 11:15:22,6,7,0,0,13.982,64.283
2026-09-08 11:20:22,5,5,0,0,14.068,63.245
2026-09-08 11:25:22,13,14,0,0,14.514,67.722
2026-09-08 11:30:22,11,12,0,0,15.146,64.649
2026-09-08 11:35:23,12,15,0,0,15.28,67.459
2026-09-08 11:40:22,11,11,0,0,15.568,62.059
2026-09-08 11:45:23,29,31,0,0,15.48,63.823
2026-09-08 11:50:22,38,46,0,0,16.193,70.093
2026-09-08 11:55:22,25,25,0,0,16.922,59.936
2026-09-08 12:00:22,18,19,0,0,16.69,58.393
2026-09-08 12:05:23,13,13,0,0,16.386,58.256
2026-09-08 12:10:23,15,17,0,0,17.211,59.629
2026-09-08 12:15:23,15,15,0,0,17.94,55.526
2026-09-08 12:20:23,13,16,0,0,18.402,54.63
2026-09-08 12:25:23,7,7,0,0,18.655,52.747
2026-09-08 12:30:23,8,10,0,0,18.949,51.811
2026-09-08 12:35:23,5,5,0,0,18.722,51.679
2026-09-08 12:40:23,5,5,0,0,18.773,52.871
2026-09-08 12:45:23,3,4,0,0,18.786,52.669
2026-09-08 12:50:23,5,5,0,0,18.607,53.617
2026-09-08 12:55:28,2,2,0,0,18.287,54.105
2026-09-08 13:00:23,4,5,0,0,18.209,54.832
2026-09-08 13:05:23,4,4,0,0,18.316,55.481
2026-09-08 13:10:23,3,4,0,0,18.57,55.332
2026-09-08 13:15:23,2,2,0,0,19.176,53.134
2026-09-08 13:20:23,5,8,0,0,19.948,51.256
2026-09-08 13:25:23,1,2,0,0,20.127,51.399
2026-09-08 13:30:23,1,1,0,0,20.634,50.695
2026-09-08 13:35:23,0,0,0,0,21.256,48.692
2026-09-08 13:40:23,0,0,0,0,20.933,47.109
2026-09-08 13:45:23,0,0,0,0,20.412,48.904
2026-09-08 13:50:23,1,1,0,0,20.239,48.44
2026-09-08 13:55:23,0,0,0,0,20.5,48.017
2026-09-08 14:00:23,0,0,0,0,20.53,47.798
2026-09-08 14:05:23,0,0,0,0,20.282,47.908
2026-09-08 14:10:23,0,0,0,0,19.825,48.965
2026-09-08 14:15:23,0,1,0,0,19.368,50.271
2026-09-08 14:20:23,0,0,0,0,19.24,51.176
2026-09-08 14:25:23,0,0,0,0,19.734,49.985
2026-09-08 14:30:23,0,1,0,0,20.249,49.062
2026-09-08 14:35:23,0,0,0,0,20.888,47.998
2026-09-08 14:40:23,0,0,0,0,21.478,45.881
2026-09-08 14:45:23,0,0,0,0,21.67,45.631
2026-09-08 14:50:23,0,0,0,0,21.448,45.555
2026-09-08 14:55:23,0,0,0,0,21.27,44.931
2026-09-08 15:00:23,0,0,0,0,21,46.373
2026-09-08 15:05:23,0,0,0,0,20.992,46.075
2026-09-08 15:10:23,0,0,0,0,21.12,46.06
2026-09-08 15:15:23,0,0,0,0,21.304,45.997
2026-09-08 15:20:23,0,0,0,0,21.131,45.93
2026-09-08 15:25:23,0,0,0,0,20.978,46.039
2026-09-08 15:30:23,0,0,0,0,20.666,47.046
2026-09-08 15:35:23,0,0,0,0,20.517,47.553
2026-09-08 15:40:23,0,0,0,0,20.284,46.583
2026-09-08 15:45:24,0,1,0,0,20.169,47.571
2026-09-08 15:50:23,0,0,0,0,20.001,47.84
2026-09-08 15:55:23,0,0,0,0,19.796,47.95
2026-09-08 16:00:23,0,0,0,0,19.707,47.597
2026-09-08 16:05:23,0,0,0,0,19.52,48.776
2026-09-08 16:10:23,0,0,0,0,19.635,48.038
2026-09-08 16:15:24,0,0,0,0,19.467,49.013
2026-09-08 16:20:23,0,0,0,0,19.235,48.99
2026-09-08 16:25:23,0,0,0,0,18.962,49.577
2026-09-08 16:30:23,0,0,0,0,18.613,50.584
2026-09-08 16:35:24,0,1,0,0,18.37,51.788
2026-09-08 16:40:24,0,0,0,0,18.143,50.76
2026-09-08 16:45:24,0,0,0,0,18.012,52.957
2026-09-08 16:50:24,0,0,0,0,17.844,51.948
2026-09-08 16:55:24,3,3,0,0,17.897,52.747
2026-09-08 17:00:24,0,0,0,0,17.87,52.827
2026-09-08 17:05:24,0,0,0,0,17.809,53.312
2026-09-08 17:10:24,0,0,0,0,17.619,53.703
2026-09-08 17:15:24,0,0,0,0,17.39,53.815
2026-09-08 17:20:24,0,0,0,0,17.133,54.269
2026-09-08 17:25:24,0,0,0,0,16.946,55.492
2026-09-08 17:30:24,0,0,0,0,16.81,55.799
2026-09-08 17:35:24,0,0,0,0,16.717,55.101
2026-09-08 17:40:24,0,0,0,0,16.54,56.47
2026-09-08 17:45:24,0,0,0,0,16.407,55.91
2026-09-08 17:50:24,0,0,0,0,16.295,56.818
2026-09-08 17:55:24,0,0,0,0,16.164,56.505
2026-09-08 18:00:27,0,0,0,0,16.126,56.615
2026-09-08 18:05:24,0,0,0,0,16.086,58.229
2026-09-08 18:10:24,0,0,0,0,15.985,58.263
2026-09-08 18:15:24,0,0,0,0,15.98,58.328
2026-09-08 18:20:24,0,0,0,0,15.918,57.863
2026-09-08 18:25:24,0,0,0,0,15.745,57.668
2026-09-08 18:30:24,2,2,0,0,15.531,58.298
2026-09-08 18:35:24,0,1,0,0,15.392,59.652
2026-09-08 18:40:24,1,1,0,0,15.224,59.507
2026-09-08 18:45:24,0,0,0,0,15.114,59.385
2026-09-08 18:50:24,0,0,0,0,15.01,60.949
2026-09-08 18:55:24,0,0,0,0,14.895,60.564
2026-09-08 19:00:24,0,1,0,0,14.799,61.065
2026-09-08 19:05:24,0,0,0,0,14.757,61.945
2026-09-08 19:10:24,0,0,0,0,14.682,61.624
2026-09-08 19:15:24,0,0,0,0,14.679,61.432
2026-09-08 19:20:24,0,1,0,0,14.58,61.674
2026-09-08 19:25:24,0,0,0,0,14.551,62.772
2026-09-08 19:30:24,0,0,0,0,14.495,63.429
2026-09-08 19:35:24,0,0,0,0,14.425,63.543
2026-09-08 19:40:24,0,0,0,0,14.401,64.197
2026-09-08 19:45:24,0,0,0,0,14.34,64.434
2026-09-08 19:50:24,0,0,0,0,14.284,64.754
2026-09-08 19:55:24,0,1,0,0,14.249,65.04
2026-09-08 20:00:24,11,11,0,0,14.142,65.387
2026-09-08 20:05:24,5,6,0,0,14.044,65.53
2026-09-08 20:10:24,0,2,0,0,13.945,65.895
2026-09-08 20:15:24,0,0,0,0,13.862,66.408
2026-09-08 20:20:24,4,4,0,0,13.726,66.148
2026-09-08 20:25:24,3,3,0,0,13.603,66.463
2026-09-08 20:30:24,2,2,0,0,13.478,67.093
2026-09-08 20:35:24,1,1,0,0,13.373,66.772
2026-09-08 20:40:24,1,1,0,0,13.312,68.029
2026-09-08 20:45:24,1,2,0,0,13.192,68.283
2026-09-08 20:50:24,4,4,0,0,13.058,68.594
2026-09-08 20:55:24,7,7,0,0,12.965,68.603
2026-09-08 21:00:24,6,6,0,0,12.85,69.248
2026-09-08 21:05:24,3,5,0,0,12.719,69.879
2026-09-08 21:10:24,3,3,0,0,12.519,69.982
2026-09-08 21:15:24,6,6,0,0,12.433,71.293
2026-09-08 21:20:24,7,7,0,0,12.335,70.719
2026-09-08 21:25:24,14,14,0,0,12.263,71.035
2026-09-08 21:30:24,15,18,0,0,12.228,71.567
2026-09-08 21:35:24,26,30,0,0,12.177,71.867
2026-09-08 21:40:24,26,27,0,0,12.15,72.7
2026-09-08 21:45:24,30,32,0,0,12.078,72.794
2026-09-08 21:50:24,30,30,0,0,12.017,72.511
2026-09-08 21:55:24,18,20,0,0,11.907,72.817
2026-09-08 22:00:25,15,15,0,0,11.873,73.974
2026-09-08 22:05:26,28,28,0,0,11.841,74.104
2026-09-08 22:10:24,25,27,0,0,11.881,73.051
2026-09-08 22:15:25,23,25,0,0,11.915,73.253
2026-09-08 22:20:24,18,20,0,0,11.942,73.587
2026-09-08 22:25:26,13,14,0,0,11.907,74.051
2026-09-08 22:30:25,8,8,0,0,11.897,73.562
2026-09-08 22:35:25,8,8,0,0,11.859,73.772
2026-09-08 22:40:24,13,14,0,0,11.809,74.144
2026-09-08 22:45:24,30,31,0,0,11.817,74.873
2026-09-08 22:50:24,15,18,0,0,11.774,74.203
2026-09-08 22:55:24,13,14,0,0,11.766,73.774
2026-09-08 23:00:24,9,12,0,0,11.758,74.217
2026-09-08 23:05:25,16,18,0,0,11.704,74.699
2026-09-08 23:10:25,16,17,0,0,11.704,74.997
2026-09-08 23:15:24,16,17,0,0,11.718,74.684
2026-09-08 23:20:24,8,9,0,0,11.694,74.747
2026-09-08 23:25:24,5,6,0,0,11.75,74.571
2026-09-08 23:30:24,6,7,0,0,11.739,74.119
2026-09-08 23:35:24,7,7,0,0,11.782,73.786
2026-09-08 23:40:24,5,5,0,0,11.766,73.778
2026-09-08 23:45:24,26,26,0,0,11.766,73.717
2026-09-08 23:50:24,52,62,0,0,11.728,74.15
2026-09-08 23:55:24,6,6,0,0,11.726,74.255
2026-09-09 00:00:24,28,28,0,0,11.664,74.253
2026-09-09 00:05:24,7,7,0,0,11.696,75.062
2026-09-09 00:10:24,12,13,0,0,11.654,75.163
2026-09-09 00:15:24,6,6,0,0,11.64,75.676
2026-09-09 00:20:24,6,6,0,0,11.603,75.611
2026-09-09 00:25:25,5,5,0,0,11.579,75.5
2026-09-09 00:30:25,5,5,0,0,11.576,75.306
2026-09-09 00:35:25,4,4,0,0,11.488,75.537
2026-09-09 00:40:24,6,6,0,0,11.416,75.395
2026-09-09 00:45:25,3,4,0,0,11.325,75.907
2026-09-09 00:50:26,3,3,0,0,11.24,75.846
2026-09-09 00:55:24,3,3,0,0,11.184,75.64
2026-09-09 01:00:25,3,4,0,0,11.141,75.571
2026-09-09 01:05:25,4,4,0,0,11.12,76.422
2026-09-09 01:10:25,5,5,0,0,11.12,76.757
2026-09-09 01:15:25,6,6,0,0,11.136,76.958
2026-09-09 01:20:25,6,6,0,0,11.098,77.169
2026-09-09 01:25:25,6,6,0,0,11.106,77.312
2026-09-09 01:30:25,6,6,0,0,11.141,77.181
2026-09-09 01:35:25,15,16,0,0,11.077,76.698
2026-09-09 01:40:25,15,18,0,0,11.013,76.677
2026-09-09 01:45:25,16,18,0,0,10.903,76.853
2026-09-09 01:50:25,16,17,0,0,10.845,77.841
2026-09-09 01:55:25,13,15,0,0,10.703,77.658
2026-09-09 02:00:26,12,12,0,0,10.642,78.203
2026-09-09 02:05:25,9,9,0,0,10.564,78.522
2026-09-09 02:10:25,6,6,0,0,10.551,78.726
2026-09-09 02:15:25,6,6,0,0,10.583,78.289
2026-09-09 02:20:25,4,5,0,0,10.578,78.121
2026-09-09 02:25:25,5,5,0,0,10.511,78.205
2026-09-09 02:30:26,6,7,0,0,10.476,78.464
2026-09-09 02:35:25,6,6,0,0,10.348,78.426
2026-09-09 02:40:25,7,7,0,0,10.265,79.016
2026-09-09 02:45:25,9,9,0,0,10.166,78.522
2026-09-09 02:50:25,5,5,0,0,9.971,79.01
2026-09-09 02:55:25,5,5,0,0,9.798,78.365
2026-09-09 03:00:25,6,6,0,0,9.627,79.76
2026-09-09 03:05:25,8,8,0,0,9.499,80.509
2026-09-09 03:10:25,6,8,0,0,9.411,81.068
2026-09-09 03:15:25,6,6,0,0,9.253,80.872
2026-09-09 03:20:25,10,10,0,0,9.074,80.69
2026-09-09 03:25:25,7,8,0,0,9.015,82.17
2026-09-09 03:30:25,12,13,0,0,8.925,80.687
2026-09-09 03:35:25,8,8,0,0,8.855,82.569
2026-09-09 03:40:25,8,9,0,0,8.748,82.18
2026-09-09 03:45:25,6,8,0,0,8.695,82.796
2026-09-09 03:50:25,8,9,0,0,8.644,82.71
2026-09-09 03:55:25,9,9,0,0,8.572,83.084
2026-09-09 04:00:25,6,6,0,0,8.588,83.345
2026-09-09 04:05:25,8,8,0,0,8.62,83.778
2026-09-09 04:10:25,10,10,0,0,8.644,84.454
2026-09-09 04:15:25,8,9,0,0,8.687,83.944
2026-09-09 04:20:25,8,9,0,0,8.764,84.396
2026-09-09 04:25:25,9,9,0,0,8.845,84.042
2026-09-09 04:30:25,12,14,0,0,8.914,83.603
2026-09-09 04:35:25,8,9,0,0,8.986,83.424
2026-09-09 04:40:25,14,16,0,0,9.047,83.395
2026-09-09 04:45:25,12,12,0,0,9.12,83.384
2026-09-09 04:50:25,9,9,0,0,9.202,83.225
2026-09-09 04:55:25,8,8,0,0,9.256,83.019
2026-09-09 05:00:25,6,9,0,0,9.355,82.851
2026-09-09 05:05:25,9,9,0,0,9.472,83.466
2026-09-09 05:10:25,4,4,0,0,9.509,82.832
2026-09-09 05:15:25,6,6,0,0,9.608,82.899
2026-09-09 05:20:25,5,5,0,0,9.622,82.546
2026-09-09 05:25:25,5,5,0,0,9.667,82.485
2026-09-09 05:30:25,4,4,0,0,9.667,81.757
2026-09-09 05:35:25,4,4,0,0,9.71,81.991
2026-09-09 05:40:25,5,5,0,0,9.763,82.046
2026-09-09 05:45:25,5,5,0,0,9.768,81.873
2026-09-09 05:50:25,6,8,0,0,9.774,81.819
2026-09-09 05:55:25,5,5,0,0,9.798,81.385
2026-09-09 06:00:25,8,8,0,0,9.8,81.598
2026-09-09 06:05:25,6,6,0,0,9.849,81.53
2026-09-09 06:10:25,6,7,0,0,9.865,81.263
2026-09-09 06:15:25,6,6,0,0,9.883,81.938
2026-09-09 06:20:25,5,5,0,0,9.91,82.077
2026-09-09 06:25:25,4,4,0,0,9.955,81.766
2026-09-09 06:30:25,7,7,0,0,9.963,81.898
2026-09-09 06:35:25,5,5,0,0,10.019,81.688
2026-09-09 06:40:25,6,6,0,0,10.038,81.102
2026-09-09 06:45:25,9,9,0,0,10.076,80.751
2026-09-09 06:50:25,6,7,0,0,10.108,80.866
2026-09-09 06:55:25,9,10,0,0,10.078,80.78
2026-09-09 07:00:25,7,9,0,0,10.092,80.704
2026-09-09 07:05:25,7,7,0,0,10.124,80.858
2026-09-09 07:10:25,10,10,0,0,10.121,81.081
2026-09-09 07:15:25,7,7,0,0,10.113,80.513
2026-09-09 07:20:25,10,12,0,0,10.065,80.875
2026-09-09 07:25:25,19,21,0,0,10.076,81.07
2026-09-09 07:30:25,12,12,0,0,10.068,81.417
2026-09-09 07:35:25,13,16,0,0,10.11,81.816
2026-09-09 07:40:25,10,10,0,0,10.15,81.774
2026-09-09 07:45:25,6,7,0,0,10.201,81.207
2026-09-09 07:50:25,6,6,0,0,10.268,80.803
2026-09-09 07:55:25,5,6,0,0,10.308,80.791
2026-09-09 08:00:25,5,5,0,0,10.335,80.845
2026-09-09 08:05:25,6,6,0,0,10.423,80.698
2026-09-09 08:10:25,6,6,0,0,10.42,80.522
2026-09-09 08:15:25,6,7,0,0,10.455,81.181
2026-09-09 08:20:25,5,6,0,0,10.489,81.371
2026-09-09 08:25:25,7,7,0,0,10.57,81.2
2026-09-09 08:30:25,7,10,0,0,10.668,80.877
2026-09-09 08:35:25,7,7,0,0,10.751,79.828
2026-09-09 08:40:25,4,4,0,0,10.823,79.788
2026-09-09 08:45:25,3,3,0,0,10.981,78.087
2026-09-09 08:50:25,5,6,0,0,11.184,77.835
2026-09-09 08:55:25,4,4,0,0,11.416,77.53
2026-09-09 09:00:25,6,6,0,0,11.643,76.374
2026-09-09 09:05:25,5,5,0,0,11.87,75.878
2026-09-09 09:10:25,5,5,0,0,12.033,75.008
2026-09-09 09:15:25,16,17,0,0,12.343,75.144
2026-09-09 09:20:25,7,7,0,0,12.671,73.822
2026-09-09 09:25:25,8,8,0,0,12.909,72.817
2026-09-09 09:30:25,8,8,0,0,13.125,71.745
2026-09-09 09:35:25,5,5,0,0,13.47,70.194
2026-09-09 09:40:25,5,5,0,0,13.886,69.254
2026-09-09 09:45:25,7,7,0,0,14.215,68.523
2026-09-09 09:50:25,7,7,0,0,14.474,67.718
2026-09-09 09:55:25,8,8,0,0,14.695,67.228
2026-09-09 10:00:25,8,8,0,0,15.008,67.173
2026-09-09 10:05:25,9,9,0,0,15.211,66.297
2026-09-09 10:10:25,7,8,0,0,15.47,64.504
2026-09-09 10:15:25,8,8,0,0,15.665,63.717
2026-09-09 10:20:25,7,7,0,0,15.742,63.598
2026-09-09 10:25:25,7,7,0,0,15.916,63.059
2026-09-09 10:30:25,6,6,0,0,16.135,62.961
2026-09-09 10:35:25,7,7,0,0,16.426,62.778
2026-09-09 10:40:25,6,6,0,0,16.695,61.781
2026-09-09 10:45:25,5,6,0,0,16.864,61.884
2026-09-09 10:50:25,6,6,0,0,17.149,61.451
2026-09-09 10:55:25,4,4,0,0,17.491,60.117
2026-09-09 11:00:25,4,5,0,0,17.873,59.537
2026-09-09 11:05:25,7,7,0,0,18.255,57.977
2026-09-09 11:10:25,5,6,0,0,18.717,56.835
2026-09-09 11:15:25,6,6,0,0,19.579,54.611
2026-09-09 11:20:25,7,7,0,0,20.482,55
2026-09-09 11:25:25,8,10,0,0,21.248,52.4
2026-09-09 11:30:25,7,8,0,0,21.87,51.067
2026-09-09 11:35:25,7,7,0,0,22.119,50.188
2026-09-09 11:40:25,6,7,0,0,22.49,50.317
2026-09-09 11:45:36,6,6,0,0,22.837,48.932
2026-09-09 11:50:25,4,5,0,0,23.019,48.423
2026-09-09 11:55:25,6,7,0,0,23.408,46.733
2026-09-09 12:00:25,4,4,0,0,23.74,46.728
2026-09-09 12:05:25,5,5,0,0,23.948,44.21
2026-09-09 12:10:25,5,5,0,0,24.228,46.644
2026-09-09 12:15:25,2,2,0,0,24.546,44.441
2026-09-09 12:20:25,4,4,0,0,24.968,42.507
2026-09-09 12:25:25,2,2,0,0,25.363,41.276
2026-09-09 12:30:25,4,4,0,0,25.764,40.574
2026-09-09 12:35:26,4,4,0,0,25.9,40.87
2026-09-09 12:40:27,4,4,0,0,25.761,41.593
2026-09-09 12:45:28,4,4,0,0,25.86,42.085
2026-09-09 12:50:27,4,4,0,0,26.06,41.112
2026-09-09 12:55:27,4,4,0,0,26.274,41.929
2026-09-09 13:00:28,3,3,0,0,26.567,41.53
2026-09-09 13:05:26,4,4,0,0,26.581,41.024
2026-09-09 13:10:26,4,4,0,0,27.08,39.558
2026-09-09 13:15:26,3,3,0,0,27.491,39.569
2026-09-09 13:20:26,2,2,0,0,27.745,39.176
2026-09-09 13:25:26,4,4,0,0,27.315,37.902
2026-09-09 13:30:26,3,4,0,0,27.259,38.879
2026-09-09 13:35:26,1,1,0,0,27.534,37.847
2026-09-09 13:40:26,0,0,0,0,28.143,38.921
2026-09-09 13:45:26,0,0,0,0,28.247,38.15
2026-09-09 13:50:26,0,0,0,0,28.351,35.64
2026-09-09 13:55:26,0,0,0,0,27.975,35.037
2026-09-09 14:00:26,0,0,0,0,28.031,35.293
2026-09-09 14:05:26,0,0,0,0,28.511,36.788
2026-09-09 14:10:26,0,0,0,0,28.482,36.012
2026-09-09 14:15:30,0,0,0,0,28.437,35.079
2026-09-09 14:20:26,0,1,0,0,28.696,37.318
2026-09-09 14:25:26,1,1,0,0,28.957,35.932
2026-09-09 14:30:26,0,0,0,0,29.086,35.835
2026-09-09 14:35:26,0,0,0,0,29.163,35.075
2026-09-09 14:40:26,0,0,0,0,28.915,37.126
2026-09-09 14:45:26,1,1,0,0,28.904,36.157
2026-09-09 14:50:26,1,1,0,0,28.37,37.221
2026-09-09 14:55:26,0,0,0,0,27.657,37.191
2026-09-09 15:00:26,0,0,0,0,27.013,39.472
2026-09-09 15:05:26,0,1,0,0,26.728,39.27
2026-09-09 15:10:26,0,0,0,0,26.394,40.218
2026-09-09 15:15:26,0,0,0,0,26.218,40.986
2026-09-09 15:20:26,0,0,0,0,26.14,39.033
2026-09-09 15:25:26,0,0,0,0,25.951,41.082
2026-09-09 15:30:26,0,0,0,0,25.734,41.343
2026-09-09 15:35:26,0,0,0,0,25.518,40.815
2026-09-09 15:40:26,0,0,0,0,25.214,41.679
2026-09-09 15:45:26,0,0,0,0,25.227,43.098
2026-09-09 15:50:26,0,0,0,0,25.059,40.914
2026-09-09 15:55:26,0,0,0,0,24.885,41.644
2026-09-09 16:00:26,0,0,0,0,24.525,43.346
2026-09-09 16:05:26,0,1,0,0,24.306,43.918
2026-09-09 16:10:26,0,1,0,0,24.362,43.64
2026-09-09 16:15:26,0,0,0,0,24.38,44.681
2026-09-09 16:20:26,0,0,0,0,24.378,44.141
2026-09-09 16:25:26,0,1,0,0,24.258,44.441
2026-09-09 16:30:26,0,0,0,0,24.242,44.753
2026-09-09 16:35:26,0,0,0,0,24.137,44.147
2026-09-09 16:40:26,0,0,0,0,24.028,44.473
2026-09-09 16:45:26,0,0,0,0,23.993,45.009
2026-09-09 16:50:26,0,0,0,0,24.113,44.549
2026-09-09 16:55:26,0,0,0,0,24.06,45.11
2026-09-09 17:00:26,0,0,0,0,24.009,44.9
2026-09-09 17:05:26,0,0,0,0,23.9,45.516
2026-09-09 17:10:27,0,0,0,0,23.635,45.421
2026-09-09 17:15:27,0,0,0,0,23.483,46.337
2026-09-09 17:20:27,0,0,0,0,23.176,46.644
2026-09-09 17:25:27,0,1,0,0,22.842,46.934
2026-09-09 17:30:27,0,0,0,0,22.554,47.83
2026-09-09 17:35:27,0,0,0,0,22.295,48.158
2026-09-09 17:40:27,1,1,0,0,22.132,48.595
2026-09-09 17:45:27,0,1,0,0,21.98,48.498
2026-09-09 17:50:27,0,0,0,0,21.761,49.055
2026-09-09 17:55:27,0,0,0,0,21.603,49.491
2026-09-09 18:00:30,0,0,0,0,21.328,49.703
2026-09-09 18:05:27,0,0,0,0,21.139,50.247
2026-09-09 18:10:27,0,0,0,0,20.995,50.701
2026-09-09 18:15:28,0,0,0,0,20.986,49.812
2026-09-09 18:20:28,0,0,0,0,20.84,50.561
2026-09-09 18:25:28,0,0,0,0,20.784,50.241
2026-09-09 18:30:28,0,0,0,0,20.711,50.699
2026-09-09 18:35:28,0,0,0,0,20.61,51.78
2026-09-09 18:40:28,0,0,0,0,20.37,51.998
2026-09-09 18:45:27,0,0,0,0,20.108,52.572
2026-09-09 18:50:28,0,0,0,0,19.86,53.194
2026-09-09 18:55:28,0,0,0,0,19.542,53.981
2026-09-09 19:00:28,0,0,0,0,19.256,54.645
2026-09-09 19:05:28,0,0,0,0,18.989,55.769
2026-09-09 19:10:28,0,0,0,0,18.703,56.545
2026-09-09 19:15:28,0,0,0,0,18.463,57.876
2026-09-09 19:20:28,0,0,0,0,18.199,58.614
2026-09-09 19:25:28,0,0,0,0,17.86,57.815
2026-09-09 19:30:28,0,1,0,0,17.411,58.828
2026-09-09 19:35:28,0,0,0,0,17.048,60.505
2026-09-09 19:40:28,0,0,0,0,16.855,60.205
2026-09-09 19:45:28,0,0,0,0,16.671,61.117
2026-09-09 19:50:28,0,0,0,0,16.514,61.72
2026-09-09 19:55:28,0,0,0,0,16.402,62.53
2026-09-09 20:00:28,0,0,0,0,16.332,62.191
2026-09-09 20:05:28,0,0,0,0,16.273,63.324
2026-09-09 20:10:28,0,0,0,0,16.233,63.354
2026-09-09 20:15:28,0,0,0,0,16.086,63.404
2026-09-09 20:20:28,0,0,0,0,15.942,64.027
2026-09-09 20:25:28,3,4,0,0,15.809,65.008
2026-09-09 20:30:28,4,4,0,0,15.638,64.72
2026-09-09 20:35:28,6,6,0,0,15.47,66.185
2026-09-09 20:40:28,8,8,0,0,15.275,66.303
2026-09-09 20:45:28,8,8,0,0,15.13,66.48
2026-09-09 20:50:28,18,19,0,0,15.045,67.459
2026-09-09 20:55:29,20,23,0,0,14.89,67.428
2026-09-09 21:00:28,22,23,0,0,14.77,67.411
2026-09-09 21:05:28,25,27,0,0,14.618,68.813
2026-09-09 21:10:29,24,26,0,0,14.49,68.733
2026-09-09 21:15:29,23,24,0,0,14.292,70.27
2026-09-09 21:20:28,13,13,0,0,14.169,71.11
2026-09-09 21:25:28,9,11,0,0,14.07,71.289
2026-09-09 21:30:29,12,14,0,0,13.966,70.965
2026-09-09 21:35:29,12,12,0,0,13.806,72.122
2026-09-09 21:40:29,9,9,0,0,13.715,71.92
2026-09-09 21:45:29,8,8,0,0,13.672,72.794
2026-09-09 21:50:29,12,14,0,0,13.622,72.731
2026-09-09 21:55:29,13,13,0,0,13.56,72.525
2026-09-09 22:00:29,15,19,0,0,13.464,72.315
2026-09-09 22:05:29,14,18,0,0,13.373,73.246
2026-09-09 22:10:29,18,19,0,0,13.24,73.116
2026-09-09 22:15:29,17,19,0,0,13.162,73.625
2026-09-09 22:20:29,16,21,0,0,13.042,74.102
2026-09-09 22:25:29,24,25,0,0,12.93,74.169
2026-09-09 22:30:29,20,20,0,0,12.871,74.163
2026-09-09 22:35:29,14,16,0,0,12.829,74.711
2026-09-09 22:40:29,20,23,0,0,12.743,75.43
2026-09-09 22:45:29,24,24,0,0,12.708,75.119
2026-09-09 22:50:29,21,21,0,0,12.626,75.167
2026-09-09 22:55:29,19,19,0,0,12.564,75.147
2026-09-09 23:00:29,8,9,0,0,12.46,75.59
2026-09-09 23:05:29,9,11,0,0,12.391,75.63
2026-09-09 23:10:29,21,23,0,0,12.348,75.331
2026-09-09 23:15:29,12,13,0,0,12.263,76.28
2026-09-09 23:20:29,14,15,0,0,12.279,75.947
2026-09-09 23:25:29,8,8,0,0,12.113,76.521
2026-09-09 23:30:29,7,8,0,0,12.062,76.855
2026-09-09 23:35:29,5,5,0,0,12.033,77.133
2026-09-09 23:40:29,5,5,0,0,11.979,77.49
2026-09-09 23:45:29,6,6,0,0,11.958,77.206
2026-09-09 23:50:29,5,5,0,0,11.934,77.141
2026-09-09 23:55:29,4,5,0,0,11.763,76.523
2026-09-10 00:00:29,5,5,0,0,11.606,77.297
2026-09-10 00:05:29,7,7,0,0,11.534,78.255
2026-09-10 00:10:29,6,6,0,0,11.419,78.413
2026-09-10 00:15:29,6,6,0,0,11.395,78.22
2026-09-10 00:20:29,6,6,0,0,11.299,78.375
2026-09-10 00:25:29,8,8,0,0,11.24,79.292
2026-09-10 00:30:29,7,10,0,0,11.178,78.945
2026-09-10 00:35:29,6,6,0,0,11.096,78.924
2026-09-10 00:40:29,5,5,0,0,11.034,80.089
2026-09-10 00:45:29,6,7,0,0,11.061,80.263
2026-09-10 00:50:29,16,17,0,0,11.093,79.801
2026-09-10 00:55:29,7,7,0,0,11.088,79.466
2026-09-10 01:00:29,7,8,0,0,11.023,79.805
2026-09-10 01:05:29,8,9,0,0,11.018,80.28
2026-09-10 01:10:29,6,6,0,0,11.037,80.271
2026-09-10 01:15:29,6,6,0,0,11.029,79.607
2026-09-10 01:20:29,9,9,0,0,10.927,79.691
2026-09-10 01:25:29,6,9,0,0,10.927,79.822
2026-09-10 01:30:29,5,6,0,0,10.845,79.838
2026-09-10 01:35:29,6,6,0,0,10.797,80.263
2026-09-10 01:40:29,8,8,0,0,10.751,79.922
2026-09-10 01:45:29,6,6,0,0,10.604,79.252
2026-09-10 01:50:29,6,7,0,0,10.468,80.36
2026-09-10 01:55:29,5,6,0,0,10.401,80.587
2026-09-10 02:00:29,5,6,0,0,10.391,80.772
2026-09-10 02:05:29,4,4,0,0,10.327,80.913
2026-09-10 02:10:29,4,4,0,0,10.297,80.683
2026-09-10 02:15:29,4,4,0,0,10.23,81.697
2026-09-10 02:20:29,4,5,0,0,10.222,81.451
2026-09-10 02:25:29,6,6,0,0,10.142,80.648
2026-09-10 02:30:29,5,5,0,0,10.022,81.825
2026-09-10 02:35:29,4,4,0,0,10.003,81.606
2026-09-10 02:40:29,3,3,0,0,9.937,81.558
2026-09-10 02:45:29,4,4,0,0,9.865,81.379
2026-09-10 02:50:29,2,2,0,0,9.891,82.334
2026-09-10 02:55:29,4,4,0,0,9.897,82.598
2026-09-10 03:00:29,5,5,0,0,9.881,82.197
2026-09-10 03:05:29,4,4,0,0,9.859,81.974
2026-09-10 03:10:29,6,6,0,0,9.843,82.111
2026-09-10 03:15:29,6,6,0,0,9.899,82.6
2026-09-10 03:20:29,6,6,0,0,9.897,82.849
2026-09-10 03:25:29,6,7,0,0,9.886,82.18
2026-09-10 03:30:29,6,6,0,0,9.881,82.619
2026-09-10 03:35:29,8,8,0,0,9.899,82.767
2026-09-10 03:40:29,8,9,0,0,9.969,83.055
2026-09-10 03:45:29,9,10,0,0,10.046,82.613
2026-09-10 03:50:29,5,5,0,0,10.025,82.293
2026-09-10 03:55:29,5,5,0,0,9.974,82.651
2026-09-10 04:00:32,5,5,0,0,9.95,82.907
2026-09-10 04:05:29,4,5,0,0,9.91,82.552
2026-09-10 04:10:29,3,4,0,0,9.881,82.643
2026-09-10 04:15:29,4,4,0,0,9.859,82.018
2026-09-10 04:20:29,4,5,0,0,9.806,82.512
2026-09-10 04:25:29,4,4,0,0,9.734,82.041
2026-09-10 04:30:29,4,4,0,0,9.603,82.245
2026-09-10 04:35:31,3,4,0,0,9.496,82.607
2026-09-10 04:40:29,3,3,0,0,9.48,83.181
2026-09-10 04:45:29,4,4,0,0,9.469,83.324
2026-09-10 04:50:29,4,4,0,0,9.421,82.851
2026-09-10 04:55:29,4,4,0,0,9.347,83.195
2026-09-10 05:00:31,4,4,0,0,9.347,83.872
2026-09-10 05:05:29,3,3,0,0,9.344,84.537
2026-09-10 05:10:29,3,3,0,0,9.397,84.574
2026-09-10 05:15:29,3,3,0,0,9.405,84.572
2026-09-10 05:20:29,4,4,0,0,9.376,83.71
2026-09-10 05:25:29,3,3,0,0,9.347,83.611
2026-09-10 05:30:29,5,7,0,0,9.325,83.981
2026-09-10 05:35:29,4,4,0,0,9.288,83.862
2026-09-10 05:40:29,4,5,0,0,9.277,84.284
2026-09-10 05:45:29,4,4,0,0,9.282,84.106
2026-09-10 05:50:29,9,9,0,0,9.261,84.29
2026-09-10 05:55:29,6,6,0,0,9.237,84.036
2026-09-10 06:00:29,6,6,0,0,9.24,84.398
2026-09-10 06:05:29,8,9,0,0,9.176,83.668
2026-09-10 06:10:29,5,5,0,0,9.058,83.998
2026-09-10 06:15:29,6,6,0,0,9.071,84.583
2026-09-10 06:20:29,8,10,0,0,9.066,84.562
2026-09-10 06:25:29,6,8,0,0,8.999,83.927
2026-09-10 06:30:29,6,6,0,0,8.943,84.62
2026-09-10 06:35:29,8,9,0,0,8.935,84.581
2026-09-10 06:40:29,4,4,0,0,8.874,84.656
2026-09-10 06:45:29,25,25,0,0,8.81,84.404
2026-09-10 06:50:29,17,20,0,0,8.671,83.696
2026-09-10 06:55:29,29,29,0,0,8.556,83.446
2026-09-10 07:00:29,8,9,0,0,8.473,84.831
2026-09-10 07:05:29,16,20,0,0,8.38,84.368
2026-09-10 07:10:29,21,22,0,0,8.316,84.505
2026-09-10 07:15:29,10,13,0,0,8.329,85.199
2026-09-10 07:20:29,7,7,0,0,8.321,86.06
2026-09-10 07:25:29,8,8,0,0,8.367,86.283
2026-09-10 07:30:29,7,7,0,0,8.391,86.163
2026-09-10 07:35:29,8,8,0,0,8.359,86.243
2026-09-10 07:40:29,7,7,0,0,8.372,86.235
2026-09-10 07:45:29,7,8,0,0,8.359,86.674
2026-09-10 07:50:29,8,8,0,0,8.361,86.14
2026-09-10 07:55:29,7,8,0,0,8.364,86.588
2026-09-10 08:00:29,9,10,0,0,8.38,85.89
2026-09-10 08:05:29,10,10,0,0,8.345,86.178
2026-09-10 08:10:29,8,9,0,0,8.391,86.224
2026-09-10 08:15:29,10,10,0,0,8.468,86.14
2026-09-10 08:20:30,8,9,0,0,8.535,86.313
2026-09-10 08:25:29,8,8,0,0,8.668,86.647
2026-09-10 08:30:30,14,14,0,0,8.847,86.491
2026-09-10 08:35:30,12,13,0,0,9.047,86.168
2026-09-10 08:40:30,9,9,0,0,9.317,85.596
2026-09-10 08:45:30,9,9,0,0,9.571,85.69
2026-09-10 08:50:30,8,8,0,0,9.865,85.398
2026-09-10 08:55:30,5,5,0,0,10.214,84.541
2026-09-10 09:00:30,5,5,0,0,10.543,84.091
2026-09-10 09:05:30,3,4,0,0,10.893,83.096
2026-09-10 09:10:30,4,5,0,0,11.242,81.736
2026-09-10 09:15:30,4,4,0,0,11.568,80.511
2026-09-10 09:20:30,5,5,0,0,11.934,80.431
2026-09-10 09:25:30,7,7,0,0,12.348,79.191
2026-09-10 09:30:30,8,8,0,0,12.842,77.608
2026-09-10 09:35:30,20,21,0,0,13.539,76.053
2026-09-10 09:40:29,28,29,0,0,13.87,74.613
2026-09-10 09:45:30,9,9,0,0,14.076,74.377
2026-09-10 09:50:30,8,8,0,0,14.297,73.246
2026-09-10 09:55:30,6,6,0,0,14.567,72.75
2026-09-10 10:00:30,4,4,0,0,14.714,71.739
2026-09-10 10:05:30,2,2,0,0,14.906,71.77
2026-09-10 10:10:30,6,7,0,0,15.069,71.012
2026-09-10 10:15:30,4,4,0,0,15.232,70.513
2026-09-10 10:20:30,5,5,0,0,15.277,69.555
2026-09-10 10:25:30,6,6,0,0,15.339,69.704
2026-09-10 10:30:30,4,4,0,0,15.339,68.853
2026-09-10 10:35:30,6,6,0,0,15.379,69.534
2026-09-10 10:40:30,7,8,0,0,15.515,68.651
2026-09-10 10:45:30,7,7,0,0,15.571,68.533
2026-09-10 10:50:30,7,7,0,0,15.681,68.54
2026-09-10 10:55:30,4,4,0,0,15.798,67.953
2026-09-10 11:00:30,3,5,0,0,15.843,67.953
2026-09-10 11:05:30,6,6,0,0,15.926,67.583
2026-09-10 11:10:30,8,8,0,0,16.121,68.58
2026-09-10 11:15:30,4,5,0,0,16.316,67.901
2026-09-10 11:20:30,4,4,0,0,16.466,67.98
2026-09-10 11:25:30,3,3,0,0,16.623,67.911
2026-09-10 11:30:30,5,6,0,0,16.775,66.881
2026-09-10 11:35:30,4,5,0,0,16.954,67.049
2026-09-10 11:40:30,5,5,0,0,17.032,66.595
2026-09-10 11:45:30,3,3,0,0,17.112,65.971
2026-09-10 11:50:30,4,4,0,0,17.216,65.742
2026-09-10 11:55:30,5,5,0,0,17.224,64.829
2026-09-10 12:00:30,5,5,0,0,17.328,64.657
2026-09-10 12:05:30,2,4,0,0,17.384,64.853
2026-09-10 12:10:30,4,4,0,0,17.502,63.965
2026-09-10 12:15:30,3,3,0,0,17.59,64.256
2026-09-10 12:20:30,5,6,0,0,17.657,63.368
2026-09-10 12:25:30,7,7,0,0,17.777,63.062
2026-09-10 12:30:30,7,7,0,0,17.876,63.192
2026-09-10 12:35:30,11,11,0,0,17.95,62.839
2026-09-10 12:40:30,10,11,0,0,18.14,61.493
2026-09-10 12:45:30,9,9,0,0,18.249,60.516
2026-09-10 12:50:30,7,7,0,0,18.37,60.178
2026-09-10 12:55:30,12,12,0,0,18.602,61.014
2026-09-10 13:00:30,8,8,0,0,18.858,60.232
2026-09-10 13:05:30,8,8,0,0,19.16,59.936
2026-09-10 13:10:30,11,12,0,0,19.376,59.209
2026-09-10 13:15:30,10,10,0,0,19.582,59.095
2026-09-10 13:20:30,9,9,0,0,19.488,59.095
2026-09-10 13:25:30,9,11,0,0,19.456,58.654
2026-09-10 13:30:30,10,10,0,0,19.395,59.137
2026-09-10 13:35:30,15,16,0,0,19.366,59.848
2026-09-10 13:40:30,17,19,0,0,19.432,60.312
2026-09-10 13:45:30,9,11,0,0,19.435,58.729
2026-09-10 13:50:30,6,7,0,0,19.403,58.284
2026-09-10 13:55:30,7,8,0,0,19.277,57.651
2026-09-10 14:00:30,19,19,0,0,19.275,59.919
2026-09-10 14:05:30,32,38,0,0,19.32,57.928
2026-09-10 14:10:30,11,12,0,0,19.376,58.992
2026-09-10 14:15:30,1,1,0,0,19.456,57.432
2026-09-10 14:20:30,1,1,0,0,19.582,58.706
2026-09-10 14:25:30,0,0,0,0,19.852,58.952
2026-09-10 14:30:30,0,0,0,0,20.073,56.091
2026-09-10 14:35:31,0,0,0,0,20.29,55.328
2026-09-10 14:40:30,0,0,0,0,20.802,55.913
2026-09-10 14:45:30,1,1,0,0,21.28,55.364
2026-09-10 14:50:31,0,0,0,0,21.582,53.966
2026-09-10 14:55:31,0,0,0,0,21.9,52.959
2026-09-10 15:00:31,1,1,0,0,22.025,51.988
2026-09-10 15:05:34,1,1,0,0,22.212,51.174
2026-09-10 15:10:31,0,0,0,0,22.308,49.959
2026-09-10 15:15:31,1,1,0,0,22.319,50.342
2026-09-10 15:20:31,0,0,0,0,22.196,50.134
2026-09-10 15:25:31,0,0,0,0,22.02,50.424
2026-09-10 15:30:31,0,0,0,0,21.985,51.149
2026-09-10 15:35:31,0,0,0,0,21.86,49.865
2026-09-10 15:40:31,2,2,0,0,21.833,51.021
2026-09-10 15:45:31,0,0,0,0,21.721,51.259
2026-09-10 15:50:31,0,0,0,0,21.678,51.883
2026-09-10 15:55:31,0,0,0,0,21.574,51.885
2026-09-10 16:00:31,1,1,0,0,21.529,52.812
2026-09-10 16:05:43,0,0,0,0,21.507,52.579
2026-09-10 16:10:31,0,0,0,0,21.155,51.855
2026-09-10 16:15:31,0,0,0,0,20.912,53.527
2026-09-10 16:20:31,1,1,0,0,20.984,53.678
2026-09-10 16:25:31,1,1,0,0,21.016,53.51
2026-09-10 16:30:31,0,0,0,0,21.051,53.428
2026-09-10 16:35:31,0,0,0,0,21.027,52.89
2026-09-10 16:40:31,0,0,0,0,20.986,53.167
2026-09-10 16:45:31,1,1,0,0,20.941,52.9
2026-09-10 16:50:31,1,1,0,0,20.872,53.014
2026-09-10 16:55:31,0,1,0,0,20.762,53.363
2026-09-10 17:00:31,0,1,0,0,20.845,53.421
2026-09-10 17:05:31,0,0,0,0,20.853,53.813
2026-09-10 17:10:31,0,1,0,0,20.797,52.936
2026-09-10 17:15:31,0,0,0,0,20.631,53.947
2026-09-10 17:20:31,0,0,0,0,20.527,54.571
2026-09-10 17:25:31,1,1,0,0,20.284,55.013
2026-09-10 17:30:31,0,0,0,0,19.913,55.515
2026-09-10 17:35:31,0,0,0,0,19.59,56.108
2026-09-10 17:40:31,0,0,0,0,19.28,56.84
2026-09-10 17:45:31,0,0,0,0,19.021,57.365
2026-09-10 17:50:31,0,0,0,0,18.548,58.05
2026-09-10 17:55:31,0,2,0,0,18.028,59.656
2026-09-10 18:00:31,0,0,0,0,17.539,60.497
2026-09-10 18:05:32,0,1,0,0,17.133,60.787
2026-09-10 18:10:31,1,1,0,0,16.815,62.231
2026-09-10 18:15:31,0,1,0,0,16.653,62.978
2026-09-10 18:20:31,1,1,0,0,16.527,63.463
2026-09-10 18:25:31,3,3,0,0,16.412,63.831
2026-09-10 18:30:31,0,1,0,0,16.316,64.956
2026-09-10 18:35:31,3,3,0,0,16.265,65.017
2026-09-10 18:40:31,1,1,0,0,16.172,64.609
2026-09-10 18:45:31,0,0,0,0,15.945,65.592
2026-09-10 18:50:31,1,1,0,0,15.83,66.669
2026-09-10 18:55:31,5,5,0,0,15.665,66.589
2026-09-10 19:00:31,6,6,0,0,15.544,67.474
2026-09-10 19:05:31,6,6,0,0,15.435,67.659
2026-09-10 19:10:31,5,5,0,0,15.229,67.903
2026-09-10 19:15:31,7,7,0,0,15.093,68.012
2026-09-10 19:20:31,9,9,0,0,14.944,68.197
2026-09-10 19:25:31,2,2,0,0,14.845,68.783
2026-09-10 19:30:31,3,3,0,0,14.773,69.25
2026-09-10 19:35:32,2,2,0,0,14.695,68.929
2026-09-10 19:40:31,2,2,0,0,14.644,68.702
2026-09-10 19:45:31,1,1,0,0,14.57,68.92
2026-09-10 19:50:31,2,2,0,0,14.535,69.038
2026-09-10 19:55:32,1,2,0,0,14.463,68.334
2026-09-10 20:00:31,1,2,0,0,14.385,68.687
2026-09-10 20:05:32,2,2,0,0,14.329,68.817
2026-09-10 20:10:31,3,3,0,0,14.297,68.857
2026-09-10 20:15:31,2,2,0,0,14.247,68.367
2026-09-10 20:20:31,6,6,0,0,14.18,68.699
2026-09-10 20:25:31,8,8,0,0,14.164,69.116
2026-09-10 20:30:31,3,3,0,0,14.172,69.408
2026-09-10 20:35:31,2,2,0,0,14.148,68.825
2026-09-10 20:40:32,2,2,0,0,14.14,69.656
2026-09-10 20:45:31,2,2,0,0,14.132,69.574
2026-09-10 20:50:31,0,0,0,0,14.142,68.926
2026-09-10 20:55:31,0,1,0,0,14.134,68.981
2026-09-10 21:00:32,1,1,0,0,14.132,69.505
2026-09-10 21:05:32,2,2,0,0,14.15,69.479
2026-09-10 21:10:31,3,3,0,0,14.126,69.462
2026-09-10 21:15:32,3,4,0,0,14.086,69.416
2026-09-10 21:20:31,3,4,0,0,14.036,69.46
2026-09-10 21:25:32,1,1,0,0,14.036,69.061
2026-09-10 21:30:32,3,3,0,0,14.022,69.929
2026-09-10 21:35:32,3,3,0,0,14.014,70.347
2026-09-10 21:40:32,2,2,0,0,14.012,70.171
2026-09-10 21:45:32,3,4,0,0,14.012,70.194
2026-09-10 21:50:32,2,2,0,0,14.057,70.095
2026-09-10 21:55:32,1,1,0,0,14.07,70.291
2026-09-10 22:00:32,4,4,0,0,14.094,70.406
2026-09-10 22:05:32,4,5,0,0,14.076,69.446
2026-09-10 22:10:32,3,3,0,0,14.113,70.553
2026-09-10 22:15:32,2,2,0,0,14.105,70.591
2026-09-10 22:20:32,3,3,0,0,14.092,71.073
2026-09-10 22:25:32,3,3,0,0,14.094,71.247
2026-09-10 22:30:32,7,8,0,0,14.062,71.468
2026-09-10 22:35:32,4,4,0,0,14.078,71.428
2026-09-10 22:40:32,7,7,0,0,14.062,71.533
2026-09-10 22:45:32,7,7,0,0,14.065,72.098
2026-09-10 22:50:32,4,4,0,0,14.068,72.397
2026-09-10 22:55:32,2,3,0,0,14.07,72.363
2026-09-10 23:00:32,3,3,0,0,14.07,72.119
2026-09-10 23:05:32,2,3,0,0,14.049,72.466
2026-09-10 23:10:32,2,2,0,0,14.004,71.609
2026-09-10 23:15:32,1,1,0,0,13.964,70.812
2026-09-10 23:20:32,0,0,0,0,13.934,70.583
2026-09-10 23:25:32,2,2,0,0,13.891,70.123
2026-09-10 23:30:32,1,1,0,0,13.833,70.324
2026-09-10 23:35:32,1,1,0,0,13.817,71.07
2026-09-10 23:40:32,0,0,0,0,13.742,70.688
2026-09-10 23:45:32,1,2,0,0,13.758,71.178
2026-09-10 23:50:32,1,1,0,0,13.734,72.13
2026-09-10 23:55:32,1,2,0,0,13.694,71.308
2026-09-11 00:00:32,0,1,0,0,13.656,71.659
2026-09-11 00:05:32,0,1,0,0,13.656,71.976
2026-09-11 00:10:32,0,1,0,0,13.63,71.743
2026-09-11 00:15:32,0,0,0,0,13.64,71.874
2026-09-11 00:20:32,0,0,0,0,13.608,72.099
2026-09-11 00:25:32,1,1,0,0,13.598,71.943
2026-09-11 00:30:32,0,0,0,0,13.622,71.996
2026-09-11 00:35:32,0,0,0,0,13.606,72.292
2026-09-11 00:40:32,0,0,0,0,13.576,72.136
2026-09-11 00:45:44,0,0,0,0,13.59,71.636
2026-09-11 00:50:32,0,0,0,0,13.582,72.099
2026-09-11 00:55:32,1,1,0,0,13.544,71.327
2026-09-11 01:00:32,0,0,0,0,13.558,72.273
2026-09-11 01:05:32,0,0,0,0,13.558,71.825
2026-09-11 01:10:32,0,0,0,0,13.566,72.841
2026-09-11 01:15:32,0,0,0,0,13.542,73.206
2026-09-11 01:20:32,0,0,0,0,13.528,73.273
2026-09-11 01:25:32,0,0,0,0,13.52,73.337
2026-09-11 01:30:32,0,0,0,0,13.499,73.767
2026-09-11 01:35:31,0,0,0,0,13.504,74.081
2026-09-11 01:40:32,0,0,0,0,13.491,73.129
2026-09-11 01:45:32,0,1,0,0,13.496,73.171
2026-09-11 01:50:32,0,0,0,0,13.518,73.313
2026-09-11 01:55:32,0,0,0,0,13.51,74.117
2026-09-11 02:00:32,0,0,0,0,13.478,74.282
2026-09-11 02:05:32,0,0,0,0,13.448,73.973
2026-09-11 02:10:32,0,1,0,0,13.478,74.394
2026-09-11 02:15:32,0,0,0,0,13.453,74.219
2026-09-11 02:20:32,0,0,0,0,13.44,74.505
2026-09-11 02:25:32,2,2,0,0,13.413,74.48
2026-09-11 02:30:32,1,1,0,0,13.419,75.378
2026-09-11 02:35:32,1,1,0,0,13.405,75.195
2026-09-11 02:40:32,1,2,0,0,13.339,75.75
2026-09-11 02:45:32,1,1,0,0,13.363,76.212
2026-09-11 02:50:32,2,2,0,0,13.357,76.275
2026-09-11 02:55:32,1,1,0,0,13.315,76.45
2026-09-11 03:00:32,2,2,0,0,13.315,76.597
2026-09-11 03:05:32,2,3,0,0,13.256,76.742
2026-09-11 03:10:32,3,3,0,0,13.224,77.074
2026-09-11 03:15:32,2,2,0,0,13.2,76.959
2026-09-11 03:20:32,3,3,0,0,13.16,76.643
2026-09-11 03:25:32,2,2,0,0,13.149,77.089
2026-09-11 03:30:32,1,1,0,0,13.154,77.263
2026-09-11 03:35:32,1,1,0,0,13.152,77.419
2026-09-11 03:40:32,2,2,0,0,13.106,77.358
2026-09-11 03:45:32,2,3,0,0,13.09,77.587
2026-09-11 03:50:32,2,3,0,0,13.058,77.873
2026-09-11 03:55:32,3,3,0,0,13.061,77.978
2026-09-11 04:00:32,2,2,0,0,13.061,78.113
2026-09-11 04:05:32,3,3,0,0,13.021,78.115
2026-09-11 04:10:32,4,4,0,0,12.997,78.47
2026-09-11 04:15:32,4,4,0,0,12.973,78.52
2026-09-11 04:20:32,3,3,0,0,12.935,78.483
2026-09-11 04:25:32,4,4,0,0,12.93,78.752
2026-09-11 04:30:32,1,1,0,0,12.919,78.607
2026-09-11 04:35:32,3,4,0,0,12.901,78.548
2026-09-11 04:40:32,3,3,0,0,12.871,78.203
2026-09-11 04:45:32,4,4,0,0,12.837,78.377
2026-09-11 04:50:32,2,3,0,0,12.845,78.749
2026-09-11 04:55:32,3,3,0,0,12.834,78.585
2026-09-11 05:00:32,3,3,0,0,12.858,78.779
2026-09-11 05:05:32,3,3,0,0,12.855,78.825
2026-09-11 05:10:32,2,2,0,0,12.855,79.029
2026-09-11 05:15:32,2,2,0,0,12.818,79.189
2026-09-11 05:20:32,2,2,0,0,12.802,79.06
2026-09-11 05:25:32,3,3,0,0,12.781,78.735
2026-09-11 05:30:32,3,3,0,0,12.767,78.392
2026-09-11 05:35:32,2,2,0,0,12.724,78.396
2026-09-11 05:40:33,3,3,0,0,12.711,78.918
2026-09-11 05:45:32,3,4,0,0,12.719,78.8
2026-09-11 05:50:32,4,4,0,0,12.7,78.648
2026-09-11 05:55:32,1,2,0,0,12.7,78.697
2026-09-11 06:00:32,3,3,0,0,12.722,78.726
2026-09-11 06:05:32,1,1,0,0,12.754,78.915
2026-09-11 06:10:32,2,2,0,0,12.711,78.537
2026-09-11 06:15:32,4,4,0,0,12.722,78.943
2026-09-11 06:20:32,3,3,0,0,12.73,79.613
2026-09-11 06:25:32,3,3,0,0,12.679,79.752
2026-09-11 06:30:32,4,5,0,0,12.642,80.4
2026-09-11 06:35:32,4,4,0,0,12.674,79.878
2026-09-11 06:40:32,5,6,0,0,12.623,80.076
2026-09-11 06:45:32,3,3,0,0,12.618,80.37
2026-09-11 06:50:32,4,4,0,0,12.599,80.145
2026-09-11 06:55:32,4,4,0,0,12.644,79.803
2026-09-11 07:00:32,5,5,0,0,12.599,80.006
2026-09-11 07:05:32,12,15,0,0,12.586,80.07
2026-09-11 07:10:33,9,11,0,0,12.583,80.011
2026-09-11 07:15:32,8,9,0,0,12.586,80.181
2026-09-11 07:20:32,5,5,0,0,12.586,80.37
2026-09-11 07:25:32,4,4,0,0,12.578,80.576
2026-09-11 07:30:33,5,5,0,0,12.57,80.667
2026-09-11 07:35:32,9,11,0,0,12.524,80.662
2026-09-11 07:40:32,12,14,0,0,12.554,80.547
2026-09-11 07:45:32,9,13,0,0,12.532,80.917
2026-09-11 07:50:33,5,5,0,0,12.487,81.091
2026-09-11 07:55:33,6,7,0,0,12.506,80.862
2026-09-11 08:00:33,5,5,0,0,12.471,80.372
2026-09-11 08:05:33,6,7,0,0,12.479,80.332
2026-09-11 08:10:33,5,6,0,0,12.506,80.511
2026-09-11 08:15:33,6,6,0,0,12.514,80.309
2026-09-11 08:20:33,5,6,0,0,12.556,80.566
2026-09-11 08:25:33,5,5,0,0,12.628,80.484
2026-09-11 08:30:33,5,5,0,0,12.69,80.126
2026-09-11 08:35:33,5,5,0,0,12.765,79.842
2026-09-11 08:40:32,4,4,0,0,12.829,79.91
2026-09-11 08:45:33,4,5,0,0,12.903,79.166
2026-09-11 08:50:33,8,8,0,0,12.97,79.615
2026-09-11 08:55:33,6,7,0,0,13.096,79.163
2026-09-11 09:00:33,6,6,0,0,13.272,78.476
2026-09-11 09:05:33,6,6,0,0,13.437,77.427
2026-09-11 09:10:33,37,40,0,0,13.683,76.769
2026-09-11 09:15:33,26,27,0,0,13.99,76.09
2026-09-11 09:20:33,9,9,0,0,14.169,74.28
2026-09-11 09:25:33,5,5,0,0,14.42,73.902
2026-09-11 09:30:33,3,5,0,0,15.008,71.842
2026-09-11 09:35:33,6,6,0,0,16.551,67.255
2026-09-11 09:40:32,7,7,0,0,17.761,62.9
2026-09-11 09:45:32,8,11,0,0,18.842,58.628
2026-09-11 09:50:33,4,4,0,0,19.761,55.309
2026-09-11 09:55:33,5,5,0,0,20.573,53.84
2026-09-11 10:00:33,3,3,0,0,21.085,52.028
2026-09-11 10:05:33,3,3,0,0,21.654,50.704
2026-09-11 10:10:33,3,3,0,0,22.191,48.932
2026-09-11 10:15:33,4,4,0,0,22.378,48.435
2026-09-11 10:20:33,5,5,0,0,22.677,47.574
2026-09-11 10:25:33,3,3,0,0,22.623,47.859
2026-09-11 10:30:33,5,5,0,0,22.802,47.792
2026-09-11 10:35:33,6,6,0,0,22.933,47.487
2026-09-11 10:40:33,6,6,0,0,22.645,47.906
2026-09-11 10:45:33,6,6,0,0,22.72,47.872
2026-09-11 10:50:33,6,6,0,0,22.837,48.112
2026-09-11 10:55:34,7,8,0,0,22.845,46.886
2026-09-11 11:00:34,6,7,0,0,22.842,46.379
2026-09-11 11:05:34,10,10,0,0,22.987,47.111
2026-09-11 11:10:34,10,10,0,0,23.173,47.048
2026-09-11 11:15:34,10,10,0,0,23.414,46.443
2026-09-11 11:20:34,8,8,0,0,23.603,47.058
2026-09-11 11:25:34,8,8,0,0,23.777,46.218
2026-09-11 11:30:34,12,12,0,0,23.772,45.686
2026-09-11 11:35:34,8,8,0,0,23.756,45.745
2026-09-11 11:40:34,7,7,0,0,23.975,44.13
2026-09-11 11:45:34,7,8,0,0,24.234,44.181
2026-09-11 11:50:34,7,8,0,0,24.359,43.212
2026-09-11 11:55:35,6,6,0,0,24.562,43.315
2026-09-11 12:00:35,7,8,0,0,24.765,42.1
2026-09-11 12:05:34,6,6,0,0,24.888,42.962
2026-09-11 12:10:35,8,8,0,0,25.019,43.306
2026-09-11 12:15:35,5,6,0,0,25.251,41.322
2026-09-11 12:20:35,6,6,0,0,25.294,41.496
2026-09-11 12:25:35,6,6,0,0,25.491,40.571
2026-09-11 12:30:35,3,3,0,0,25.63,40.273
2026-09-11 12:35:35,5,5,0,0,25.676,39.212
2026-09-11 12:40:35,4,5,0,0,25.732,40.139
2026-09-11 12:45:35,6,7,0,0,25.908,38.791
2026-09-11 12:50:35,6,7,0,0,26.207,39.804
2026-09-11 12:55:35,6,6,0,0,26.383,39.422
2026-09-11 13:00:35,4,4,0,0,26.738,39.848
2026-09-11 13:05:35,6,7,0,0,27.094,37.872
2026-09-11 13:10:35,5,5,0,0,27.339,36.01
2026-09-11 13:15:35,6,6,0,0,27.483,36.016
2026-09-11 13:20:35,4,4,0,0,27.537,36.983
2026-09-11 13:25:35,6,6,0,0,27.636,36.351
2026-09-11 13:30:35,7,7,0,0,27.708,36.435
2026-09-11 13:35:35,5,6,0,0,27.98,35.648
2026-09-11 13:40:35,4,4,0,0,28.236,36.109
2026-09-11 13:45:35,3,3,0,0,28.178,35.394
2026-09-11 13:50:35,4,4,0,0,27.903,34.234
2026-09-11 13:55:35,2,2,0,0,27.654,35.15
2026-09-11 14:00:35,3,4,0,0,27.478,35.501
2026-09-11 14:05:35,1,1,0,0,27.35,36.403
2026-09-11 14:10:35,1,1,0,0,27.622,36.762
2026-09-11 14:15:35,1,1,0,0,27.913,33.788
2026-09-11 14:20:35,1,2,0,0,28.268,34.112
2026-09-11 14:25:35,0,0,0,0,28.471,32.914
2026-09-11 14:30:36,1,1,0,0,28.685,34.585
2026-09-11 14:35:35,1,1,0,0,28.375,34.146
2026-09-11 14:40:35,1,1,0,0,27.961,33.767
2026-09-11 14:45:35,1,2,0,0,27.313,35.138
2026-09-11 14:50:35,0,0,0,0,26.554,35.659
2026-09-11 14:55:36,1,1,0,0,25.908,38.566
2026-09-11 15:00:35,0,0,0,0,25.144,39.88
2026-09-11 15:05:35,0,0,0,0,24.388,40.183
2026-09-11 15:10:35,0,0,0,0,23.929,40.95
2026-09-11 15:15:35,0,0,0,0,23.451,41.272
2026-09-11 15:20:35,0,0,0,0,23.262,41.686
2026-09-11 15:25:36,0,0,0,0,23.064,43.041
2026-09-11 15:30:35,0,0,0,0,22.896,42.945
2026-09-11 15:35:35,0,0,0,0,22.546,43.836
2026-09-11 15:40:35,0,0,0,0,22.287,45.596
2026-09-11 15:45:36,0,0,0,0,22.129,44.986
2026-09-11 15:50:36,0,0,0,0,22.001,44.662
2026-09-11 15:55:36,0,0,0,0,21.683,45.89
2026-09-11 16:00:36,0,0,0,0,21.467,45.186
2026-09-11 16:05:36,0,0,0,0,21.213,47.328
2026-09-11 16:10:36,0,0,0,0,21.216,47.468
2026-09-11 16:15:36,0,0,0,0,21.254,47.882
2026-09-11 16:20:36,0,0,0,0,21.16,47.273
2026-09-11 16:25:36,0,0,0,0,21.093,46.876
2026-09-11 16:30:36,0,0,0,0,20.893,47.87
2026-09-11 16:35:36,0,0,0,0,20.597,47.525
2026-09-11 16:40:36,0,0,0,0,20.42,49.062
2026-09-11 16:45:36,0,0,0,0,20.364,47.618
2026-09-11 16:50:36,0,0,0,0,20.335,48.656
2026-09-11 16:55:36,0,0,0,0,20.562,49.018
2026-09-11 17:00:36,0,0,0,0,20.645,48.578
2026-09-11 17:05:36,0,0,0,0,21.056,48.105
2026-09-11 17:10:36,0,0,0,0,21.299,47.563
2026-09-11 17:15:36,0,0,0,0,21.344,47.407
2026-09-11 17:20:36,0,0,0,0,21.139,47.37
2026-09-11 17:25:36,0,0,0,0,21.008,47.199
2026-09-11 17:30:36,0,0,0,0,21.003,47.277
2026-09-11 17:35:36,0,0,0,0,21.048,48.339
2026-09-11 17:40:36,0,0,0,0,21.024,47.923
2026-09-11 17:45:36,0,0,0,0,20.904,49.089
2026-09-11 17:50:36,0,0,0,0,20.757,48.379
2026-09-11 17:55:38,0,0,0,0,20.559,48.757
2026-09-11 18:00:36,0,0,0,0,20.364,49.43
2026-09-11 18:05:36,0,0,0,0,20.228,50.039
2026-09-11 18:10:36,0,0,0,0,20.124,49.873
2026-09-11 18:15:36,0,0,0,0,19.876,49.631
2026-09-11 18:20:36,0,0,0,0,19.574,51.473
2026-09-11 18:25:36,0,0,0,0,19.392,52.324
2026-09-11 18:30:36,0,0,0,0,19.336,54.161
2026-09-11 18:35:36,0,0,0,0,19.077,55.501
2026-09-11 18:40:36,0,0,0,0,18.909,55.374
2026-09-11 18:45:36,0,0,0,0,18.591,56.629
2026-09-11 18:50:36,0,0,0,0,18.297,55.852
2026-09-11 18:55:36,0,0,0,0,18.012,58.225
2026-09-11 19:00:37,0,0,0,0,17.699,59.545
2026-09-11 19:05:36,0,0,0,0,17.379,61.496
2026-09-11 19:10:36,0,0,0,0,16.968,62.242
2026-09-11 19:15:36,0,0,0,0,16.717,63.633
2026-09-11 19:20:36,0,1,0,0,16.447,64.043
2026-09-11 19:25:36,0,0,0,0,16.209,64.846
2026-09-11 19:30:38,0,0,0,0,16.081,65.361
2026-09-11 19:35:36,0,0,0,0,15.99,66.427
2026-09-11 19:40:36,1,1,0,0,15.961,65.582
2026-09-11 19:45:36,0,0,0,0,15.889,65.742
2026-09-11 19:50:36,0,0,0,0,15.825,66.709
2026-09-11 19:55:36,0,0,0,0,15.873,66.641
2026-09-11 20:00:36,0,0,0,0,15.83,66.545
2026-09-11 20:05:36,0,0,0,0,15.731,66.25
2026-09-11 20:10:36,1,2,0,0,15.718,66.948
2026-09-11 20:15:36,0,0,0,0,15.681,67.541
2026-09-11 20:20:36,3,3,0,0,15.705,67.39
2026-09-11 20:25:36,3,3,0,0,15.63,67.026
2026-09-11 20:30:36,1,2,0,0,15.494,66.395
2026-09-11 20:35:36,0,0,0,0,15.309,66.551
2026-09-11 20:40:36,0,0,0,0,15.072,66.557
2026-09-11 20:45:36,1,1,0,0,14.898,66.7
2026-09-11 20:50:36,2,2,0,0,14.701,67.131
2026-09-11 20:55:36,1,1,0,0,14.452,67.636
2026-09-11 21:00:36,1,1,0,0,14.295,68.344
2026-09-11 21:05:36,0,0,0,0,14.164,68.479
2026-09-11 21:10:36,0,0,0,0,14.038,68.802
2026-09-11 21:15:36,0,0,0,0,13.857,69.776
2026-09-11 21:20:36,0,1,0,0,13.721,70.127
2026-09-11 21:25:36,1,1,0,0,13.542,70.606
2026-09-11 21:30:36,2,2,0,0,13.427,70.995
2026-09-11 21:35:36,5,5,0,0,13.291,70.915
2026-09-11 21:40:36,5,5,0,0,13.194,71.544
2026-09-11 21:45:36,33,35,0,0,13.053,71.937
2026-09-11 21:50:36,18,19,0,0,12.965,72.607
2026-09-11 21:55:36,6,6,0,0,12.866,72.759
2026-09-11 22:00:36,5,6,0,0,12.847,73.183
2026-09-11 22:05:36,3,3,0,0,12.874,73.229
2026-09-11 22:10:36,6,6,0,0,12.893,73.471
2026-09-11 22:15:36,3,3,0,0,13.021,73.379
2026-09-11 22:20:36,3,4,0,0,13.114,72.901
2026-09-11 22:25:36,1,1,0,0,13.227,72.981
2026-09-11 22:30:36,3,3,0,0,13.304,72.58
2026-09-11 22:35:36,3,3,0,0,13.365,72.262
2026-09-11 22:40:37,1,1,0,0,13.411,72.082
2026-09-11 22:45:37,2,3,0,0,13.437,71.842
2026-09-11 22:50:37,1,1,0,0,13.504,71.916
2026-09-11 22:55:37,1,1,0,0,13.494,71.888
2026-09-11 23:00:37,11,14,0,0,13.499,71.792
2026-09-11 23:05:36,1,1,0,0,13.48,71.905
2026-09-11 23:10:37,1,1,0,0,13.451,71.749
2026-09-11 23:15:37,13,14,0,0,13.352,71.844
2026-09-11 23:20:36,20,21,0,0,13.288,71.956
2026-09-11 23:25:37,29,32,0,0,13.301,72.05
2026-09-11 23:30:37,41,50,0,0,13.267,71.831
2026-09-11 23:35:36,34,38,0,0,13.2,72.313
2026-09-11 23:40:37,12,12,0,0,13.208,72.357
2026-09-11 23:45:37,4,4,0,0,13.197,72.784
2026-09-11 23:50:37,4,4,0,0,13.208,72.721
2026-09-11 23:55:37,3,4,0,0,13.21,73.196
2026-09-12 00:00:37,3,3,0,0,13.224,73.076
2026-09-12 00:05:37,4,4,0,0,13.251,73.351
2026-09-12 00:10:37,3,3,0,0,13.224,73.351
2026-09-12 00:15:37,4,5,0,0,13.296,73.16
2026-09-12 00:20:37,3,4,0,0,13.312,72.983
2026-09-12 00:25:37,2,2,0,0,13.32,72.721
2026-09-12 00:30:37,4,4,0,0,13.309,72.83
2026-09-12 00:35:37,3,3,0,0,13.331,72.552
2026-09-12 00:40:37,1,1,0,0,13.317,72.91
2026-09-12 00:45:37,0,0,0,0,13.325,72.355
2026-09-12 00:50:37,8,11,0,0,13.339,72.714
2026-09-12 00:55:37,11,12,0,0,13.325,72.296
2026-09-12 01:00:37,4,6,0,0,13.336,72.357
2026-09-12 01:05:37,8,8,0,0,13.32,71.976
2026-09-12 01:10:37,14,18,0,0,13.304,72.099
2026-09-12 01:15:37,3,3,0,0,13.299,72.197
2026-09-12 01:20:37,1,1,0,0,13.304,72.059
2026-09-12 01:25:37,2,2,0,0,13.291,72.264
2026-09-12 01:30:37,3,3,0,0,13.283,72.138
2026-09-12 01:35:37,0,0,0,0,13.272,72.237
2026-09-12 01:40:37,1,1,0,0,13.272,71.777
2026-09-12 01:45:37,0,0,0,0,13.227,72.195
2026-09-12 01:50:37,1,1,0,0,13.227,72.178
2026-09-12 01:55:37,0,0,0,0,13.219,72.046
2026-09-12 02:00:36,0,1,0,0,13.178,72.063
2026-09-12 02:05:37,0,0,0,0,13.133,71.876
