fecha,mp25_ugm3,mp10_ugm3,so2_ppb,cov_ppb,temperatura_c,humedad_pct
2026-09-01 00:01:58,5,6,0,420,11.795,82.867
2026-09-01 00:06:57,9,9,0,478,11.6,82.996
2026-09-01 00:11:57,13,13,0,507,11.357,85.041
2026-09-01 00:16:58,27,31,0,574,11.451,83.815
2026-09-01 00:21:58,7,7,0,666,11.435,83.328
2026-09-01 00:26:58,43,53,0,3115,11.162,83.92
2026-09-01 00:31:58,24,26,0,551,11.293,84.164
2026-09-01 00:36:58,16,16,0,579,11.192,84.671
2026-09-01 00:41:58,5,6,0,585,11.197,85.125
2026-09-01 00:46:59,7,8,0,613,11.36,85.018
2026-09-01 00:51:58,7,7,0,559,11.373,84.944
2026-09-01 00:56:58,6,6,0,596,11.312,84.831
2026-09-01 01:01:58,8,8,0,539,11.387,85.213
2026-09-01 01:06:59,28,29,0,559,11.317,83.954
2026-09-01 01:11:59,23,24,0,523,11.088,85.283
2026-09-01 01:16:59,8,8,0,453,10.965,85.968
2026-09-01 01:21:58,21,23,0,508,11.002,86.264
2026-09-01 01:26:59,16,16,0,564,10.994,86.462
2026-09-01 01:31:59,16,16,0,549,10.975,86.327
2026-09-01 01:36:59,9,12,0,543,10.847,86.065
2026-09-01 01:41:59,6,6,0,516,10.794,87.311
2026-09-01 01:46:59,14,14,0,530,10.7,88.192
2026-09-01 01:51:59,14,18,0,550,10.668,88.829
2026-09-01 01:56:59,13,13,0,533,10.639,89.127
2026-09-01 02:01:59,8,8,0,495,10.535,89.325
2026-09-01 02:06:59,6,6,0,394,10.292,90.935
2026-09-01 02:11:59,9,11,0,423,10.401,90.914
2026-09-01 02:16:59,8,8,0,508,10.449,90.023
2026-09-01 02:21:59,9,9,0,556,10.391,88.837
2026-09-01 02:26:59,11,12,0,536,10.409,88.8
2026-09-01 02:31:59,9,11,0,536,10.359,89.615
2026-09-01 02:36:59,11,13,0,456,10.137,89.487
2026-09-01 02:41:59,9,9,0,493,10.142,89.953
2026-09-01 02:46:59,11,11,0,448,9.774,89.924
2026-09-01 02:51:59,9,15,0,469,9.758,89.821
2026-09-01 02:56:59,12,13,0,460,9.694,89.724
2026-09-01 03:01:59,15,17,0,506,9.736,90.471
2026-09-01 03:06:59,18,20,0,488,9.568,91.545
2026-09-01 03:11:59,13,19,0,441,9.363,92.907
2026-09-01 03:16:59,13,14,0,437,9.101,93.422
2026-09-01 03:21:59,13,15,0,422,9.138,94.702
2026-09-01 03:27:00,14,15,0,3571,9.213,94.536
2026-09-01 03:32:00,13,13,0,486,9.285,94.582
2026-09-01 03:37:00,13,17,0,506,9.266,91.826
2026-09-01 03:42:00,18,19,0,543,9.218,91.215
2026-09-01 03:47:00,18,19,0,530,9.25,91.221
2026-09-01 03:52:00,18,22,0,527,9.063,91.454
2026-09-01 03:57:00,24,25,0,507,8.994,91.858
2026-09-01 04:02:00,18,22,0,535,8.93,91.505
2026-09-01 04:07:00,21,22,0,537,8.842,92.657
2026-09-01 04:12:00,22,25,0,518,8.743,92.981
2026-09-01 04:17:00,24,25,0,597,8.882,92.505
2026-09-01 04:22:00,24,25,0,547,8.845,91.759
2026-09-01 04:27:00,21,26,0,508,8.831,91.581
2026-09-01 04:32:00,22,24,0,472,8.66,90.935
2026-09-01 04:37:00,21,21,0,500,8.561,92.445
2026-09-01 04:42:00,22,24,0,546,8.559,94.465
2026-09-01 04:47:00,22,22,0,505,8.519,94.513
2026-09-01 04:52:00,21,24,0,502,8.559,95.335
2026-09-01 04:57:00,22,24,0,487,8.58,93.464
2026-09-01 05:02:00,22,28,0,527,8.655,93.046
2026-09-01 05:07:01,24,24,0,601,8.593,92.669
2026-09-01 05:12:00,24,25,0,569,8.596,93.025
2026-09-01 05:17:01,22,24,0,500,8.455,94.237
2026-09-01 05:22:00,22,22,0,497,8.497,95.339
2026-09-01 05:27:01,25,26,0,483,8.545,94.366
2026-09-01 05:32:01,24,26,0,459,8.246,92.583
2026-09-01 05:37:01,22,24,0,451,8.204,92.405
2026-09-01 05:42:00,22,22,0,451,8.332,92.07
2026-09-01 05:47:00,21,24,0,444,8.281,92.31
2026-09-01 05:52:00,22,27,0,452,8.476,91.757
2026-09-01 05:57:00,25,25,0,496,8.599,91.908
2026-09-01 06:02:01,33,36,0,530,8.62,92.354
2026-09-01 06:07:01,25,26,0,427,8.65,91.383
2026-09-01 06:12:00,26,29,0,474,8.682,91.881
2026-09-01 06:17:01,27,28,0,483,8.711,92.226
2026-09-01 06:22:00,27,30,0,457,8.751,91.993
2026-09-01 06:27:02,24,24,0,3112,8.706,91.538
2026-09-01 06:32:02,20,21,0,489,8.748,91.114
2026-09-01 06:37:02,14,17,0,472,8.722,91.423
2026-09-01 06:42:02,17,18,0,490,8.644,92.215
2026-09-01 06:47:01,16,18,0,540,8.679,92.6
2026-09-01 06:52:02,22,22,0,545,8.78,92.32
2026-09-01 06:57:02,22,26,0,529,9.037,92.024
2026-09-01 07:02:02,24,25,0,584,9.093,91.269
2026-09-01 07:07:02,26,26,0,604,8.922,92.714
2026-09-01 07:12:01,28,32,0,652,8.845,92.947
2026-09-01 07:17:02,26,27,0,618,8.842,93.008
2026-09-01 07:22:02,24,24,0,603,9.149,92.316
2026-09-01 07:27:02,20,26,0,605,9.226,91.766
2026-09-01 07:32:02,25,25,0,573,9.445,91.36
2026-09-01 07:37:02,24,26,0,576,9.483,90.771
2026-09-01 07:42:02,25,25,0,974,9.779,90.16
2026-09-01 07:47:02,25,26,0,569,9.782,89.241
2026-09-01 07:52:02,19,19,0,519,9.918,88.369
2026-09-01 07:57:02,15,18,0,496,10.19,88.293
2026-09-01 08:02:02,16,18,0,511,10.529,88.211
2026-09-01 08:07:02,15,16,0,500,10.738,86.014
2026-09-01 08:12:02,11,15,0,624,10.772,86.96
2026-09-01 08:17:02,12,12,0,467,10.973,85.278
2026-09-01 08:22:02,11,11,0,448,11.44,84.833
2026-09-01 08:27:02,9,9,0,432,11.389,84.602
2026-09-01 08:32:02,11,11,0,459,11.785,84.805
2026-09-01 08:37:02,17,17,0,475,11.261,85.396
2026-09-01 08:42:02,12,16,0,479,11.13,85.949
2026-09-01 08:47:02,16,19,0,462,12.004,83.742
2026-09-01 08:52:02,13,17,0,498,12.754,80.652
2026-09-01 08:57:02,24,24,0,503,13.032,79.185
2026-09-01 09:02:02,20,22,0,485,14.084,76.242
2026-09-01 09:07:02,25,25,0,532,14.858,72.378
2026-09-01 09:12:02,25,26,0,528,17.224,64.897
2026-09-01 09:17:02,24,24,0,545,16.38,68.01
2026-09-01 09:22:02,23,23,0,526,19.876,57.966
2026-09-01 09:27:03,17,17,0,1330,20.845,55.439
2026-09-01 09:32:03,14,15,0,569,21.478,53.129
2026-09-01 09:37:03,14,14,0,542,21.056,52.104
2026-09-01 09:42:03,7,7,0,545,22.287,49.558
2026-09-01 09:47:03,19,20,0,503,22.498,48.454
2026-09-01 09:52:03,16,17,0,497,22.159,48.37
2026-09-01 09:57:04,8,10,0,439,21.969,50.373
2026-09-01 10:02:03,6,6,0,437,23.945,46.529
2026-09-01 10:07:04,5,5,0,529,24.666,43.695
2026-09-01 10:12:03,6,7,0,499,24.439,43.676
2026-09-01 10:17:04,9,9,187,499,23.721,45.549
2026-09-01 10:22:03,5,6,0,676,23.862,44.858
2026-09-01 10:27:03,7,7,93,591,25.198,42.365
2026-09-01 10:32:03,3,3,0,485,24.936,42.054
2026-09-01 10:37:03,2,3,0,399,24.706,42.135
2026-09-01 10:42:03,8,8,0,385,25.182,42.901
2026-09-01 10:47:03,3,3,0,383,25.502,41.532
2026-09-01 10:52:03,3,3,0,411,25.852,40.588
2026-09-01 10:57:04,0,0,0,277,23.868,44.067
2026-09-01 11:02:04,0,0,0,307,25.085,39.827
2026-09-01 11:07:04,0,0,0,194,25.24,41.068
2026-09-01 11:12:03,11,11,374,251,25.296,39.813
2026-09-01 11:17:04,0,0,0,222,24.319,43.075
2026-09-01 11:22:04,1,1,0,302,26.073,39.42
2026-09-01 11:27:04,2,2,0,190,23.587,42.548
2026-09-01 11:32:03,2,2,0,305,25.299,42.598
2026-09-01 11:37:04,3,3,0,176,26.824,40.101
2026-09-01 11:42:04,2,2,0,159,25.259,41.793
2026-09-01 11:47:04,1,1,0,166,26.306,40.635
2026-09-01 11:52:04,2,2,0,161,26.885,39.436
2026-09-01 11:57:04,2,2,0,70,26.391,40.056
2026-09-01 12:02:04,3,3,0,128,27.019,38.688
2026-09-01 12:07:04,2,2,0,151,27.681,37.999
2026-09-01 12:12:04,1,2,0,130,25.881,41.259
2026-09-01 12:17:04,3,3,0,210,27.724,37.656
2026-09-01 12:22:04,2,2,0,163,26.805,39.703
2026-09-01 12:27:05,2,2,0,117,27.056,38.396
2026-09-01 12:32:05,2,2,0,100,27.788,38.766
2026-09-01 12:37:05,2,3,0,50,27.681,37.45
2026-09-01 12:42:05,3,3,0,26,26.944,38.625
2026-09-01 12:47:05,0,0,0,22,27.764,36.216
2026-09-01 12:52:05,3,3,0,8,28.124,36.077
2026-09-01 12:57:05,2,3,0,0,27.831,37.101
2026-09-01 13:02:05,2,2,0,37,27.377,38.589
2026-09-01 13:07:05,39,46,0,54,27.796,36.918
2026-09-01 13:12:05,35,39,0,132,27.529,38.867
2026-09-01 13:17:05,1,1,0,37,27.969,35.928
2026-09-01 13:22:05,0,0,0,0,25.729,39.19
2026-09-01 13:27:05,0,0,0,0,25.737,39.008
2026-09-01 13:32:05,1,2,0,0,28.127,36.176
2026-09-01 13:37:05,0,0,0,0,28.191,34.812
2026-09-01 13:42:05,3,3,0,0,28.917,34.41
2026-09-01 13:47:05,1,1,0,0,29.481,34.227
2026-09-01 13:52:05,2,2,0,0,28.645,34.311
2026-09-01 13:57:05,0,0,0,0,29.534,33.242
2026-09-01 14:02:05,0,0,0,0,29.267,33.908
2026-09-01 14:07:05,1,1,0,0,28.803,35.217
2026-09-01 14:12:05,17,17,0,0,28.712,33.654
2026-09-01 14:17:05,0,0,0,0,28.717,32.874
2026-09-01 14:22:05,0,0,0,0,29.289,32.222
2026-09-01 14:27:05,0,0,0,0,28.789,32.859
2026-09-01 14:32:05,0,1,0,0,28.21,33.357
2026-09-01 14:37:05,0,0,0,0,27.98,31.882
2026-09-01 14:42:05,0,0,0,0,27.094,28.972
2026-09-01 14:47:05,0,0,0,0,27.935,30.843
2026-09-01 14:52:05,0,0,0,0,26.252,34.366
2026-09-01 14:57:05,0,0,0,0,27.264,33.078
2026-09-01 15:02:05,0,0,0,0,27.048,33.765
2026-09-01 15:07:05,0,0,0,0,27.296,32.434
2026-09-01 15:12:05,0,0,0,0,26.381,32.773
2026-09-01 15:17:05,0,0,0,0,26.717,34.051
2026-09-01 15:22:05,0,0,0,0,27.539,32.136
2026-09-01 15:27:07,0,0,0,33,26.917,33.49
2026-09-01 15:32:06,0,0,0,266,27.136,32.859
2026-09-01 15:37:06,0,0,0,167,26.477,35.129
2026-09-01 15:42:06,0,0,0,272,27.377,34.776
2026-09-01 15:47:06,0,0,0,697,26.081,38.142
2026-09-01 15:52:07,0,0,0,592,25.601,39.666
2026-09-01 15:57:07,0,0,0,654,25.457,40.971
2026-09-01 16:02:06,0,0,0,389,25.636,41.164
2026-09-01 16:07:07,0,0,0,336,25.387,41.227
2026-09-01 16:12:07,0,0,0,304,24.818,41.822
2026-09-01 16:17:07,0,0,0,326,24.76,42.087
2026-09-01 16:22:07,0,0,0,385,24.29,43.166
2026-09-01 16:27:07,0,0,0,551,24.423,41.414
2026-09-01 16:32:07,0,1,0,464,23.932,41.114
2026-09-01 16:37:06,0,0,0,361,23.74,41.856
2026-09-01 16:42:07,0,0,0,364,23.801,41.093
2026-09-01 16:47:07,0,0,0,1002,23.766,42.606
2026-09-01 16:52:07,0,0,0,886,23.243,43.765
2026-09-01 16:57:07,0,0,0,326,22.965,43.664
2026-09-01 17:02:07,0,0,0,315,22.866,44.959
2026-09-01 17:07:07,0,0,0,339,22.765,45.684
2026-09-01 17:12:07,0,0,0,691,22.848,46.054
2026-09-01 17:17:07,0,0,0,571,22.909,45.52
2026-09-01 17:22:07,0,0,0,270,22.559,46.661
2026-09-01 17:27:07,0,1,0,490,22.498,46.302
2026-09-01 17:32:07,0,0,0,419,22.327,46.708
2026-09-01 17:37:07,5,7,0,1015,22.407,47.214
2026-09-01 17:42:07,0,0,0,674,22.218,47.622
2026-09-01 17:47:06,0,0,0,645,22.14,47.025
2026-09-01 17:52:07,0,0,0,675,22.036,48.173
2026-09-01 17:57:07,2,3,0,902,21.812,48.656
2026-09-01 18:02:06,0,0,0,796,21.78,47.857
2026-09-01 18:07:07,0,0,0,351,21.566,47.962
2026-09-01 18:12:07,0,0,0,661,21.47,47.99
2026-09-01 18:17:07,0,0,0,624,21.342,48.17
2026-09-01 18:22:07,0,0,0,396,21.104,49.865
2026-09-01 18:27:08,0,0,0,25,20.995,50.5
2026-09-01 18:32:08,0,0,0,0,20.786,51.351
2026-09-01 18:37:08,0,0,0,0,20.605,52.068
2026-09-01 18:42:08,0,0,0,0,20.76,51.01
2026-09-01 18:47:08,0,0,0,38,20.442,53.07
2026-09-01 18:52:08,0,0,0,0,20.476,53.081
2026-09-01 18:57:08,1,1,0,113,20.343,53.129
2026-09-01 19:02:08,0,0,0,37,20.332,53.35
2026-09-01 19:07:08,0,0,0,0,20.201,54.046
2026-09-01 19:12:08,0,0,0,31,20.196,53.825
2026-09-01 19:17:08,0,0,0,0,20.167,53.909
2026-09-01 19:22:08,1,1,0,0,20.079,54.092
2026-09-01 19:27:08,0,0,0,0,19.953,54.904
2026-09-01 19:32:08,0,1,0,0,20.031,54.563
2026-09-01 19:37:08,2,2,0,0,19.763,55.152
2026-09-01 19:42:08,0,0,0,42,19.657,55.656
2026-09-01 19:47:08,1,1,0,68,19.75,55.404
2026-09-01 19:52:08,0,0,0,0,19.694,55.221
2026-09-01 19:57:08,0,1,0,0,19.467,55.801
2026-09-01 20:02:08,0,0,0,0,19.51,55.902
2026-09-01 20:07:08,0,0,0,0,19.633,54.83
2026-09-01 20:12:08,0,1,0,0,19.446,55.45
2026-09-01 20:17:08,0,0,0,0,19.387,55.767
2026-09-01 20:22:08,1,1,0,0,19.328,55.786
2026-09-01 20:27:08,1,1,0,0,19.24,56.083
2026-09-01 20:32:09,0,0,0,0,19.173,56.537
2026-09-01 20:37:08,0,0,0,0,19.077,56.507
2026-09-01 20:42:08,1,2,0,0,18.965,57.18
2026-09-01 20:47:08,0,0,0,0,18.904,57.54
2026-09-01 20:52:08,0,0,0,0,18.877,57.828
2026-09-01 20:57:08,0,0,0,0,18.938,56.924
2026-09-01 21:02:08,1,1,0,0,18.909,57.035
2026-09-01 21:07:08,0,0,0,0,18.762,57.577
2026-09-01 21:12:08,0,0,0,0,18.936,57.008
2026-09-01 21:17:08,0,0,0,0,18.904,57.432
2026-09-01 21:22:09,0,0,0,0,18.808,57.331
2026-09-01 21:27:10,0,0,0,0,18.751,57.798
2026-09-01 21:32:09,0,1,0,0,18.754,57.701
2026-09-01 21:37:10,2,2,0,0,18.754,57.996
2026-09-01 21:42:09,0,0,0,50,18.661,58.145
2026-09-01 21:47:10,3,4,0,94,18.492,59.471
2026-09-01 21:52:09,16,16,0,298,18.265,60.968
2026-09-01 21:57:10,1,1,0,139,17.905,62.33
2026-09-01 22:02:10,3,4,0,368,17.611,63.482
2026-09-01 22:07:10,2,2,0,366,17.243,64.815
2026-09-01 22:12:10,3,3,0,393,16.85,66.795
2026-09-01 22:17:10,6,6,0,426,16.666,67.348
2026-09-01 22:22:10,14,18,0,565,16.562,67.98
2026-09-01 22:27:10,12,14,0,542,16.508,68.645
2026-09-01 22:32:10,9,9,0,556,16.46,70.759
2026-09-01 22:37:10,3,4,0,408,16.252,69.069
2026-09-01 22:42:10,4,5,0,525,16.231,69.443
2026-09-01 22:47:10,3,3,0,445,16.065,70.268
2026-09-01 22:52:10,6,7,0,344,16.372,68.548
2026-09-01 22:57:10,36,45,0,587,16.145,70.471
2026-09-01 23:02:10,6,6,0,504,16.215,69.566
2026-09-01 23:07:10,23,24,0,537,16.14,71.712
2026-09-01 23:12:10,2,3,0,562,16.276,70.49
2026-09-01 23:17:10,4,4,0,577,16.319,70.783
2026-09-01 23:22:10,4,5,0,534,16.065,71.293
2026-09-01 23:27:10,5,7,0,540,16.217,70.783
2026-09-01 23:32:10,5,5,0,547,16.22,71.281
2026-09-01 23:37:10,5,6,0,571,16.239,71.218
2026-09-01 23:42:10,8,8,0,551,16.137,71.544
2026-09-01 23:47:10,7,8,0,505,16.041,71.888
2026-09-01 23:52:10,5,7,0,504,15.905,72.34
2026-09-01 23:57:10,5,5,0,506,15.897,72.943
2026-09-02 00:02:10,8,8,0,481,15.745,73.637
2026-09-02 00:07:10,6,6,0,500,15.616,74.11
2026-09-02 00:12:10,7,7,0,448,15.462,74.144
2026-09-02 00:17:10,8,8,0,476,15.414,74.446
2026-09-02 00:22:10,8,8,0,546,15.211,75.197
2026-09-02 00:27:11,11,11,0,1961,15.248,74.961
2026-09-02 00:32:11,7,7,0,580,15.339,75.159
2026-09-02 00:37:11,10,10,0,547,15.157,75.409
2026-09-02 00:42:11,6,7,0,552,15.002,76.362
2026-09-02 00:47:11,4,4,0,485,14.861,76.971
2026-09-02 00:52:11,7,7,0,581,14.863,76.769
2026-09-02 00:57:11,9,9,0,473,14.767,76.631
2026-09-02 01:02:11,8,8,0,479,14.677,76.986
2026-09-02 01:07:11,6,6,0,325,15.122,73.58
2026-09-02 01:12:11,5,6,0,189,15.47,71.426
2026-09-02 01:17:11,3,3,0,154,15.515,71.213
2026-09-02 01:22:11,6,6,0,111,15.731,70.364
2026-09-02 01:27:11,3,3,0,55,15.985,69.128
2026-09-02 01:32:11,3,3,0,79,15.667,70.299
2026-09-02 01:37:11,4,4,0,103,15.598,70.865
2026-09-02 01:42:11,3,3,0,134,15.518,71.117
2026-09-02 01:47:11,4,4,0,113,15.6,70.665
2026-09-02 01:52:11,6,6,0,108,15.507,71.159
2026-09-02 01:57:11,4,5,0,84,15.67,70.276
2026-09-02 02:02:11,4,4,0,130,15.622,70.682
2026-09-02 02:07:11,3,3,0,161,15.531,71.007
2026-09-02 02:12:11,4,4,0,145,15.349,71.804
2026-09-02 02:17:11,5,5,0,113,15.12,72.672
2026-09-02 02:22:12,4,4,0,49,15.109,72.475
2026-09-02 02:27:11,4,4,0,65,14.829,73.738
2026-09-02 02:32:11,4,4,0,83,14.826,73.406
2026-09-02 02:37:11,5,5,0,50,14.644,73.692
2026-09-02 02:42:11,2,2,0,57,14.746,73.498
2026-09-02 02:47:14,5,5,0,19,14.61,73.753
2026-09-02 02:52:11,3,3,0,2,14.588,73.755
2026-09-02 02:57:11,3,3,0,22,14.709,73.45
2026-09-02 03:02:11,4,5,0,200,14.546,74.556
2026-09-02 03:07:11,4,4,0,183,14.428,74.871
2026-09-02 03:12:11,4,4,0,317,14.311,75.538
2026-09-02 03:17:12,2,2,0,307,14.191,76.04
2026-09-02 03:22:11,3,3,0,341,13.942,76.914
2026-09-02 03:27:13,5,5,0,452,13.678,78.165
2026-09-02 03:32:13,5,5,0,378,13.6,78.434
2026-09-02 03:37:12,5,6,0,390,13.502,78.92
2026-09-02 03:42:13,7,7,0,389,13.325,79.576
2026-09-02 03:47:13,9,9,0,419,13.144,80.105
2026-09-02 03:52:12,7,7,0,413,13.106,80.717
2026-09-02 03:57:13,7,7,0,448,13.128,80.87
2026-09-02 04:02:13,6,6,0,517,13.17,80.98
2026-09-02 04:07:13,5,5,0,425,13.13,80.856
2026-09-02 04:12:13,6,7,0,446,12.989,81.263
2026-09-02 04:17:13,8,8,0,408,12.877,82.064
2026-09-02 04:22:13,8,8,0,446,12.957,81.739
2026-09-02 04:27:13,6,6,0,458,12.954,81.797
2026-09-02 04:32:13,7,7,0,476,13.018,81.289
2026-09-02 04:37:13,7,7,0,458,13.074,81.345
2026-09-02 04:42:13,7,7,0,479,12.933,81.64
2026-09-02 04:47:13,8,11,0,461,12.839,82.251
2026-09-02 04:52:13,8,8,0,475,12.762,82.577
2026-09-02 04:57:13,7,7,0,487,12.559,83.494
2026-09-02 05:02:13,11,12,0,576,12.554,83.914
2026-09-02 05:07:13,11,12,0,551,12.391,84.799
2026-09-02 05:12:13,12,12,0,571,12.548,83.832
2026-09-02 05:17:13,12,13,0,567,12.572,84.152
2026-09-02 05:22:13,12,13,0,531,12.38,85.203
2026-09-02 05:27:13,8,8,0,526,12.353,83.807
2026-09-02 05:32:13,7,8,0,545,12.343,84.099
2026-09-02 05:37:13,9,9,0,539,12.279,84.606
2026-09-02 05:42:13,11,13,0,554,12.15,85.539
2026-09-02 05:47:13,9,9,0,543,12.062,86.012
2026-09-02 05:52:13,12,14,0,578,12.124,85.579
2026-09-02 05:57:13,11,12,0,528,12.113,85.421
2026-09-02 06:02:13,17,20,0,561,11.83,86.563
2026-09-02 06:07:13,16,18,0,533,11.608,87.814
2026-09-02 06:12:13,12,12,0,446,11.699,88.112
2026-09-02 06:17:13,15,15,0,467,11.6,87.084
2026-09-02 06:22:13,14,16,0,477,11.411,87.002
2026-09-02 06:27:14,14,18,0,2325,11.424,87.366
2026-09-02 06:32:14,17,19,0,587,11.464,87.872
2026-09-02 06:37:14,14,19,0,549,11.165,88.432
2026-09-02 06:42:14,17,20,0,558,11.149,89.758
2026-09-02 06:47:14,17,18,0,594,11.125,90.845
2026-09-02 06:52:14,15,16,0,561,11.074,89.178
2026-09-02 06:57:14,19,20,0,658,11.056,89.027
2026-09-02 07:02:14,17,18,0,533,11.056,88.114
2026-09-02 07:07:15,13,15,0,470,10.986,88.476
2026-09-02 07:12:14,19,20,0,446,10.975,88.808
2026-09-02 07:17:14,21,23,0,504,10.853,90.658
2026-09-02 07:22:14,20,20,0,537,10.917,88.839
2026-09-02 07:27:14,23,26,0,453,10.791,89.344
2026-09-02 07:32:14,23,24,0,443,10.874,88.486
2026-09-02 07:37:14,20,20,0,489,10.821,88.478
2026-09-02 07:42:14,23,24,0,427,10.879,87.847
2026-09-02 07:47:14,20,20,0,445,10.871,88.211
2026-09-02 07:52:15,16,16,0,396,11.106,87.715
2026-09-02 07:57:14,21,21,0,498,11.104,88.814
2026-09-02 08:02:15,24,27,0,536,11.128,89.264
2026-09-02 08:07:14,19,21,0,492,11.526,87.889
2026-09-02 08:12:14,17,20,0,325,13.344,80.79
2026-09-02 08:17:14,19,20,0,321,13.44,80.851
2026-09-02 08:22:14,15,17,0,288,13.616,80.204
2026-09-02 08:27:14,18,20,0,331,13.881,79.7
2026-09-02 08:32:15,9,9,0,386,13.6,80.587
2026-09-02 08:37:15,16,17,0,375,13.854,80.503
2026-09-02 08:42:15,15,16,0,421,14.329,78.213
2026-09-02 08:47:14,15,16,0,367,14.522,77.974
2026-09-02 08:52:15,16,18,0,416,15.05,77.743
2026-09-02 08:57:15,16,17,0,386,15.718,74.316
2026-09-02 09:02:14,15,17,0,406,16.321,72.178
2026-09-02 09:07:14,18,18,0,399,17.072,70.349
2026-09-02 09:12:15,19,19,0,374,17.08,68.802
2026-09-02 09:17:15,18,19,0,359,17.63,67.285
2026-09-02 09:22:15,15,16,0,340,18.057,65.485
2026-09-02 09:27:16,14,16,0,675,17.966,66.356
2026-09-02 09:32:16,13,14,0,372,20.188,59.814
2026-09-02 09:37:16,14,17,0,396,20.236,59.181
2026-09-02 09:42:16,18,18,0,410,20.717,57.31
2026-09-02 09:47:16,17,18,0,399,20.711,58.41
2026-09-02 09:52:16,27,28,0,540,21.021,56.53
2026-09-02 09:57:16,29,29,0,417,19.945,58.364
2026-09-02 10:02:16,30,31,0,408,18.217,64.39
2026-09-02 10:07:16,30,31,0,406,19.483,61.128
2026-09-02 10:12:16,32,34,0,430,18.597,63.528
2026-09-02 10:17:16,31,32,0,404,18.439,65.012
2026-09-02 10:22:16,32,35,0,434,19.55,61.668
2026-09-02 10:27:16,31,33,0,443,19.264,62.736
2026-09-02 10:32:16,28,28,0,471,20.346,59.261
2026-09-02 10:37:17,29,32,0,523,20.962,57.226
2026-09-02 10:42:16,30,30,0,460,21.713,55.04
2026-09-02 10:47:16,29,29,0,396,21.505,55.793
2026-09-02 10:52:16,27,28,0,416,21.814,54.237
2026-09-02 10:57:16,30,33,0,397,21.94,53.718
2026-09-02 11:02:19,31,33,0,412,22.087,54.025
2026-09-02 11:07:16,30,33,0,393,21.075,56.844
2026-09-02 11:12:16,28,29,93,253,20.231,56.837
2026-09-02 11:17:16,32,35,186,351,21.47,54.34
2026-09-02 11:22:16,34,37,186,361,22.298,52.721
2026-09-02 11:27:16,44,54,745,397,23.043,50.418
2026-09-02 11:32:16,39,45,373,446,24.242,49.89
2026-09-02 11:37:17,33,38,186,402,24.893,47.532
2026-09-02 11:42:16,28,28,0,355,24.973,46.678
2026-09-02 11:47:16,27,27,0,310,24.8,48.202
2026-09-02 11:52:16,14,15,0,179,24.629,47.449
2026-09-02 11:57:16,17,19,0,163,24.573,48.559
2026-09-02 12:02:16,16,16,0,57,24.041,48.229
2026-09-02 12:07:17,11,11,0,34,24.482,47.161
2026-09-02 12:12:16,11,11,0,69,25.28,44.591
2026-09-02 12:17:16,8,9,0,40,25.28,44.935
2026-09-02 12:22:17,10,10,0,0,24.933,46.138
2026-09-02 12:27:17,7,7,0,6,25.646,44.862
2026-09-02 12:32:17,8,10,0,37,25.935,45.699
2026-09-02 12:37:17,11,11,0,0,25.574,44.021
2026-09-02 12:42:17,13,13,0,0,26.298,43.022
2026-09-02 12:47:17,14,14,0,0,25.352,43.325
2026-09-02 12:52:18,7,7,0,0,26.522,42.398
2026-09-02 12:57:17,6,6,0,0,26.947,39.308
2026-09-02 13:02:17,11,13,0,0,26.471,40.195
2026-09-02 13:07:17,8,8,0,0,26.965,39.584
2026-09-02 13:12:18,7,7,0,0,27.091,39.722
2026-09-02 13:17:18,4,4,0,0,25.55,41.32
2026-09-02 13:22:18,4,4,0,0,25.74,44.736
2026-09-02 13:27:18,5,5,0,0,24.944,44.814
2026-09-02 13:32:18,4,4,0,0,24.415,46.75
2026-09-02 13:37:18,4,4,0,0,23.601,47.74
2026-09-02 13:42:18,2,2,0,0,23.449,47.681
2026-09-02 13:47:18,4,4,0,0,23.254,47.09
2026-09-02 13:52:18,3,3,0,0,22.88,48.639
2026-09-02 13:57:18,2,2,0,0,23.467,47.895
2026-09-02 14:02:18,1,2,0,0,23.056,46.991
2026-09-02 14:07:18,1,1,0,0,23.601,46.703
2026-09-02 14:12:18,2,2,0,0,23.243,47.452
2026-09-02 14:17:18,3,3,0,0,23.267,48.948
2026-09-02 14:22:18,4,5,0,0,22.677,49.64
2026-09-02 14:27:18,2,2,0,0,23.238,48.099
2026-09-02 14:32:18,3,4,0,0,23.051,51.141
2026-09-02 14:37:18,4,5,0,0,23.016,49.352
2026-09-02 14:42:18,4,4,0,0,22.615,50.487
2026-09-02 14:47:18,5,5,0,0,22.73,50.531
2026-09-02 14:52:18,0,1,0,0,22.824,50.785
2026-09-02 14:57:18,3,3,0,0,22.837,51.136
2026-09-02 15:02:18,3,3,0,0,22.882,50.607
2026-09-02 15:07:18,2,2,0,0,22.589,51.359
2026-09-02 15:12:18,1,1,0,0,23.059,51.786
2026-09-02 15:17:19,3,3,0,0,22.992,51.927
2026-09-02 15:22:18,3,3,0,0,22.258,53.373
2026-09-02 15:27:19,4,4,0,34,22.965,52.469
2026-09-02 15:32:19,4,4,0,367,22.968,52.558
2026-09-02 15:37:19,4,4,0,190,22.912,52.175
2026-09-02 15:42:19,4,4,0,0,22.137,53.243
2026-09-02 15:47:19,2,3,0,0,22.143,53.968
2026-09-02 15:52:19,3,3,0,36,22.055,53.867
2026-09-02 15:57:19,2,2,0,0,21.894,54.201
2026-09-02 16:02:19,2,2,0,0,21.886,54.376
2026-09-02 16:07:19,3,3,0,0,21.793,54.214
2026-09-02 16:12:19,3,5,0,0,21.78,54.256
2026-09-02 16:17:19,1,1,0,0,21.804,54.258
2026-09-02 16:22:19,4,4,0,89,21.777,54.26
2026-09-02 16:27:19,3,3,0,86,21.761,54.883
2026-09-02 16:32:19,3,3,0,238,21.929,54.716
2026-09-02 16:37:19,2,2,0,389,22.028,54.361
2026-09-02 16:42:19,1,1,0,173,21.977,54.472
2026-09-02 16:47:19,2,2,0,596,21.721,54.708
2026-09-02 16:52:19,3,3,0,155,21.678,55.202
2026-09-02 16:57:19,3,4,0,201,21.566,54.813
2026-09-02 17:02:20,4,4,0,141,21.486,54.714
2026-09-02 17:07:19,2,4,0,36,21.283,55.107
2026-09-02 17:12:19,4,4,0,2312,21.28,54.124
2026-09-02 17:17:19,3,3,0,496,20.968,54.941
2026-09-02 17:22:20,4,4,0,116,20.706,54.855
2026-09-02 17:27:19,1,2,0,414,20.53,55.032
2026-09-02 17:32:19,0,0,0,415,20.175,55.681
2026-09-02 17:37:19,3,3,0,170,20.132,56.236
2026-09-02 17:42:19,1,1,0,185,20.017,56.446
2026-09-02 17:47:19,2,3,0,271,19.977,56.833
2026-09-02 17:52:19,2,3,0,171,19.873,57.117
2026-09-02 17:57:19,3,4,0,375,19.865,56.411
2026-09-02 18:02:20,0,0,0,226,19.598,56.741
2026-09-02 18:07:19,0,2,0,330,19.651,56.776
2026-09-02 18:12:19,1,1,0,619,19.483,55.542
2026-09-02 18:17:20,1,2,0,1129,19.454,56.865
2026-09-02 18:22:19,0,0,0,904,18.997,57.218
2026-09-02 18:27:21,0,0,0,34,18.751,57.745
2026-09-02 18:32:20,0,0,0,234,18.53,57.918
2026-09-02 18:37:21,0,0,0,173,18.305,58.387
2026-09-02 18:42:20,1,3,0,318,18.271,58.393
2026-09-02 18:47:20,0,0,0,0,18.193,57.56
2026-09-02 18:52:20,1,1,0,355,18.046,57.293
2026-09-02 18:57:21,0,0,0,163,17.996,57.817
2026-09-02 19:02:20,1,2,0,489,17.852,58.16
2026-09-02 19:07:21,0,0,0,140,17.83,58.658
2026-09-02 19:12:21,0,0,0,265,17.838,58.958
2026-09-02 19:17:21,0,0,0,558,17.777,59.364
2026-09-02 19:22:21,0,0,0,262,17.662,59.602
2026-09-02 19:27:20,0,0,0,187,17.785,59.633
2026-09-02 19:32:21,1,1,0,523,17.822,59.511
2026-09-02 19:37:21,0,0,0,460,17.731,59.845
2026-09-02 19:42:21,0,0,0,2282,17.598,60.512
2026-09-02 19:47:21,0,0,0,1171,17.491,60.714
2026-09-02 19:52:21,0,0,0,2581,17.456,61.065
2026-09-02 19:57:21,0,0,0,4155,17.39,61.098
2026-09-02 20:02:21,0,0,0,2875,17.053,61.758
2026-09-02 20:07:21,0,0,0,2500,16.941,62.463
2026-09-02 20:12:21,0,0,0,2147,16.639,63.354
2026-09-02 20:17:20,0,0,0,2083,16.399,64.087
2026-09-02 20:22:21,0,0,0,3541,16.369,64.665
2026-09-02 20:27:21,0,0,0,3407,16.105,65.567
2026-09-02 20:32:21,0,0,0,5593,16.012,66.135
2026-09-02 20:37:21,0,0,0,2286,15.849,66.658
2026-09-02 20:42:21,0,0,0,1581,15.715,67.051
2026-09-02 20:47:21,0,0,0,1336,15.673,67.062
2026-09-02 20:52:21,0,1,0,1393,15.574,67.457
2026-09-02 20:57:21,1,1,0,1555,15.438,68.199
2026-09-02 21:02:21,0,0,0,1517,15.547,67.705
2026-09-02 21:07:21,0,0,0,1135,15.873,66.593
2026-09-02 21:12:21,0,0,0,1997,15.819,66.574
2026-09-02 21:17:21,0,0,0,1631,15.723,66.936
2026-09-02 21:22:21,3,3,0,2122,15.504,68.083
2026-09-02 21:27:22,0,0,0,0,15.365,68.359
2026-09-02 21:32:22,0,0,0,56,15.384,68.413
2026-09-02 21:37:22,0,0,0,0,15.296,68.67
2026-09-02 21:42:22,0,0,0,0,15.109,69.166
2026-09-02 21:47:22,0,0,0,45,15.045,69.019
2026-09-02 21:52:22,0,0,0,0,14.906,69.334
2026-09-02 21:57:22,1,1,0,0,14.917,69.099
2026-09-02 22:02:22,0,0,0,0,14.858,69.08
2026-09-02 22:07:22,0,0,0,1,14.829,68.832
2026-09-02 22:12:22,1,1,0,0,14.698,68.861
2026-09-02 22:17:22,0,0,0,0,14.586,69.198
2026-09-02 22:22:22,0,0,0,2,14.442,70.022
2026-09-02 22:27:22,0,0,0,0,14.279,70.919
2026-09-02 22:32:22,0,1,0,0,14.166,71.821
2026-09-02 22:37:23,0,0,0,18,13.827,73.227
2026-09-02 22:42:22,0,0,0,33,13.702,73.673
2026-09-02 22:47:22,0,0,0,18,13.592,74.119
2026-09-02 22:52:22,0,0,0,47,13.552,74.283
2026-09-02 22:57:23,34,41,0,343,13.648,73.854
2026-09-02 23:02:22,0,0,0,97,13.606,73.728
2026-09-02 23:07:22,0,0,0,50,13.571,74.241
2026-09-02 23:12:22,0,0,0,5,13.531,74.243
2026-09-02 23:17:23,0,0,0,5,13.608,73.696
2026-09-02 23:22:22,0,0,0,0,13.512,73.866
2026-09-02 23:27:23,0,1,0,126,13.496,74.005
2026-09-02 23:32:23,0,0,0,145,13.512,73.944
2026-09-02 23:37:23,0,0,0,179,13.464,74.184
2026-09-02 23:42:22,0,0,0,76,13.416,74.377
2026-09-02 23:47:23,0,0,0,205,13.419,74.32
2026-09-02 23:52:23,0,0,0,126,13.267,75.134
2026-09-02 23:57:23,0,0,0,128,13.176,75.785
2026-09-03 00:02:22,0,0,0,177,13.053,76.103
2026-09-03 00:07:23,0,0,0,131,13.082,76.172
2026-09-03 00:12:23,1,1,0,139,13.082,76.017
2026-09-03 00:17:23,0,0,0,179,13.042,76.227
2026-09-03 00:22:22,0,0,0,136,12.895,76.839
2026-09-03 00:27:23,3,4,0,213,12.866,76.803
2026-09-03 00:32:24,0,0,0,202,12.879,76.792
2026-09-03 00:37:24,0,0,0,213,12.727,77.4
2026-09-03 00:42:24,0,0,0,190,12.556,78.14
2026-09-03 00:47:24,0,0,0,241,12.524,78.621
2026-09-03 00:52:24,0,0,0,299,12.468,78.747
2026-09-03 00:57:24,1,1,0,192,12.457,78.649
2026-09-03 01:02:25,0,0,0,286,12.492,78.295
2026-09-03 01:07:24,0,0,0,337,12.476,78.371
2026-09-03 01:12:23,0,0,0,212,12.118,80.078
2026-09-03 01:17:24,1,1,0,233,12.041,80.46
2026-09-03 01:22:24,1,1,0,293,11.809,81.388
2026-09-03 01:27:24,2,3,0,284,11.574,82.268
2026-09-03 01:32:24,2,2,0,330,11.483,82.729
2026-09-03 01:37:24,1,1,0,328,11.614,82.617
2026-09-03 01:42:24,2,2,0,350,11.534,82.439
2026-09-03 01:47:24,2,3,0,384,11.221,83.62
2026-09-03 01:52:24,4,4,0,387,10.903,84.732
2026-09-03 01:57:24,5,5,0,392,10.906,84.53
2026-09-03 02:02:24,6,6,0,428,10.893,84.623
2026-09-03 02:07:24,4,4,0,436,10.791,84.864
2026-09-03 02:12:24,4,4,0,445,10.706,84.15
2026-09-03 02:17:24,4,4,0,435,10.484,85.829
2026-09-03 02:22:24,3,4,0,456,10.524,85.106
2026-09-03 02:27:24,3,3,0,493,10.447,85.279
2026-09-03 02:32:24,3,3,0,474,10.351,85.985
2026-09-03 02:37:24,3,3,0,447,10.046,87.496
2026-09-03 02:42:24,5,6,0,469,10.035,88.118
2026-09-03 02:47:24,2,3,0,467,10.025,87.853
2026-09-03 02:52:24,3,4,0,473,10.019,87.746
2026-09-03 02:57:24,4,4,0,461,10.134,88.03
2026-09-03 03:02:24,5,5,0,426,10.196,88.114
2026-09-03 03:07:24,5,5,0,399,9.752,89.224
2026-09-03 03:12:24,3,4,0,429,9.779,88.648
2026-09-03 03:17:24,5,5,0,444,9.835,88.083
2026-09-03 03:22:24,5,5,0,452,9.889,87.561
2026-09-03 03:27:25,4,5,0,1698,9.768,87.156
2026-09-03 03:32:25,6,6,0,481,9.747,87.353
2026-09-03 03:37:25,5,6,0,459,9.654,87.477
2026-09-03 03:42:25,3,4,0,471,9.504,88.285
2026-09-03 03:47:26,3,3,0,481,9.445,88.24
2026-09-03 03:52:26,2,3,0,455,9.379,88.53
2026-09-03 03:57:25,3,4,0,468,9.344,88.547
2026-09-03 04:02:25,4,5,0,447,9.293,88.551
2026-09-03 04:07:25,4,4,0,414,9.224,88.388
2026-09-03 04:12:25,4,4,0,444,9.224,88.242
2026-09-03 04:17:26,4,4,0,445,9.101,88.537
2026-09-03 04:22:25,3,5,0,424,9.122,88.423
2026-09-03 04:27:25,4,4,0,417,8.989,89.069
2026-09-03 04:32:25,3,3,0,468,8.997,88.717
2026-09-03 04:37:26,3,3,0,442,8.957,87.965
2026-09-03 04:42:25,2,2,0,423,8.914,87.893
2026-09-03 04:47:26,3,4,0,405,8.882,87.843
2026-09-03 04:52:25,3,3,0,389,8.794,87.626
2026-09-03 04:57:25,2,3,0,391,8.746,88.268
2026-09-03 05:02:25,4,4,0,406,8.567,87.854
2026-09-03 05:07:25,4,4,0,391,8.457,88.301
2026-09-03 05:12:26,2,2,0,423,8.348,89.016
2026-09-03 05:17:26,3,4,0,429,8.388,89.356
2026-09-03 05:22:26,3,4,0,390,8.26,87.862
2026-09-03 05:27:25,4,4,0,418,8.281,89.424
2026-09-03 05:32:26,3,3,0,420,8.188,89.386
2026-09-03 05:37:26,3,3,0,390,8.185,88.68
2026-09-03 05:42:26,4,4,0,394,8.043,89.594
2026-09-03 05:47:26,3,4,0,408,8.091,89.397
2026-09-03 05:52:25,4,4,0,397,8.033,88.995
2026-09-03 05:57:26,3,4,0,384,8.001,89.134
2026-09-03 06:02:25,6,6,0,388,7.958,89.59
2026-09-03 06:07:26,9,9,0,411,7.921,90.788
2026-09-03 06:12:25,9,10,0,439,7.982,91.41
2026-09-03 06:17:26,9,12,0,430,7.883,90.927
2026-09-03 06:22:25,12,12,0,471,7.862,91.147
2026-09-03 06:27:27,10,12,0,2114,7.937,91.126
2026-09-03 06:32:27,21,22,0,562,7.929,92.852
2026-09-03 06:37:27,14,17,0,561,8.124,91.351
2026-09-03 06:42:27,17,18,0,751,8.001,90.408
2026-09-03 06:47:27,16,19,0,512,7.969,91.145
2026-09-03 06:52:27,14,16,0,541,8.059,91.446
2026-09-03 06:57:27,18,19,0,536,8.15,90.923
2026-09-03 07:02:27,12,15,0,530,8.257,89.705
2026-09-03 07:07:27,19,22,0,502,8.222,89.224
2026-09-03 07:12:27,12,14,0,458,8.065,88.928
2026-09-03 07:17:27,10,10,0,437,8.011,88.696
2026-09-03 07:22:27,12,12,0,415,7.91,88.457
2026-09-03 07:27:27,10,12,0,411,7.763,88.919
2026-09-03 07:32:27,10,12,0,480,7.768,88.921
2026-09-03 07:37:27,10,12,0,509,7.83,88.678
2026-09-03 07:42:27,10,12,0,413,7.971,89.045
2026-09-03 07:47:27,13,14,0,434,8.081,89.012
2026-09-03 07:52:27,17,20,0,493,8.313,89.045
2026-09-03 07:57:27,19,19,0,416,8.5,88.72
2026-09-03 08:02:27,20,21,0,419,8.66,88.139
2026-09-03 08:07:27,24,24,0,461,8.855,87.662
2026-09-03 08:12:27,24,26,0,505,9.034,87.643
2026-09-03 08:17:27,24,25,0,566,9.336,86.977
2026-09-03 08:22:27,24,25,0,548,9.501,87.029
2026-09-03 08:27:27,24,25,0,565,9.731,86.134
2026-09-03 08:32:27,26,27,0,506,10.051,85.094
2026-09-03 08:37:27,28,28,0,567,10.244,85.239
2026-09-03 08:42:27,28,29,0,556,10.639,83.876
2026-09-03 08:47:27,24,26,0,525,11.015,82.668
2026-09-03 08:52:27,36,40,0,478,12.508,79.136
2026-09-03 08:57:27,25,27,0,520,15.008,68.483
2026-09-03 09:02:27,21,21,0,491,15.761,65.45
2026-09-03 09:07:28,23,24,0,477,18.396,58.824
2026-09-03 09:12:27,15,16,0,476,19.507,54.218
2026-09-03 09:17:27,11,12,0,442,20.471,49.591
2026-09-03 09:22:27,6,6,0,339,21.702,47.981
2026-09-03 09:27:28,7,7,0,614,21.673,47.004
2026-09-03 09:32:28,7,7,0,260,22.327,46.104
2026-09-03 09:37:28,7,8,0,307,22.479,46.588
2026-09-03 09:42:28,6,7,0,219,22.348,45.175
2026-09-03 09:47:28,6,7,0,153,21.561,46.911
2026-09-03 09:52:28,11,11,0,321,24.202,42.278
2026-09-03 09:57:29,8,8,0,203,24.303,41.374
2026-09-03 10:02:29,6,6,0,157,25.013,40.862
2026-09-03 10:07:28,6,7,0,181,24.06,41.507
2026-09-03 10:12:29,5,5,0,125,24.73,41.019
2026-09-03 10:17:29,7,7,0,122,25.096,40.065
2026-09-03 10:22:28,7,8,0,152,25.016,41.095
2026-09-03 10:27:28,7,7,0,128,25.219,40.258
2026-09-03 10:32:29,6,7,0,190,25.94,39.127
2026-09-03 10:37:29,5,6,0,123,26.111,38.936
2026-09-03 10:42:29,7,7,0,199,26.207,38.894
2026-09-03 10:47:28,7,7,0,133,24.613,40.715
2026-09-03 10:52:28,3,4,0,76,23.595,42.217
2026-09-03 10:57:28,4,5,0,99,22.741,44.437
2026-09-03 11:02:28,5,5,0,56,21.796,47.166
2026-09-03 11:07:29,2,2,0,53,23.945,41.807
2026-09-03 11:12:29,2,2,0,0,20.613,47.422
2026-09-03 11:17:29,3,3,0,0,22.618,44.673
2026-09-03 11:22:29,4,4,0,18,22.893,45.875
2026-09-03 11:27:29,4,4,0,0,21.817,47.21
2026-09-03 11:32:30,5,5,0,0,21.024,49.058
2026-09-03 11:37:30,2,2,0,0,21.16,49.781
2026-09-03 11:42:28,4,4,0,0,19.796,53.283
2026-09-03 11:47:29,0,0,0,0,21.683,49.066
2026-09-03 11:52:29,1,1,0,0,20.402,52.196
2026-09-03 11:57:29,1,1,0,0,20.476,51.605
2026-09-03 12:02:28,0,0,0,0,20.909,51.448
2026-09-03 12:07:29,1,1,0,0,21.587,50.453
2026-09-03 12:12:29,0,0,0,0,22.255,48.589
2026-09-03 12:17:29,0,1,0,0,22.712,47.435
2026-09-03 12:22:29,0,0,0,0,21.715,47.7
2026-09-03 12:27:30,1,1,0,0,23.286,45.408
2026-09-03 12:32:30,1,1,0,0,23.029,45.568
2026-09-03 12:37:30,0,0,0,0,21.956,46.461
2026-09-03 12:42:29,0,0,0,0,22.354,44.658
2026-09-03 12:47:30,0,0,0,0,21.545,46.691
2026-09-03 12:52:30,0,0,0,0,21.486,46.121
2026-09-03 12:57:30,1,1,0,0,21.427,45.574
2026-09-03 13:02:30,0,0,0,0,22.284,45.713
2026-09-03 13:07:30,0,0,0,0,21.606,45.549
2026-09-03 13:12:30,0,0,0,0,21.822,43.992
2026-09-03 13:17:30,0,0,0,0,21.702,44.282
2026-09-03 13:22:30,0,0,0,0,22.228,45.095
2026-09-03 13:27:30,0,0,0,0,22.348,45.438
2026-09-03 13:32:30,0,0,0,0,22.963,44.441
2026-09-03 13:37:30,0,0,0,0,21.729,45.244
2026-09-03 13:42:30,0,0,0,0,21.918,45.31
2026-09-03 13:47:30,0,0,0,0,21.75,46.918
2026-09-03 13:52:30,0,0,0,0,21.774,45.757
2026-09-03 13:57:30,0,0,0,0,21.87,45.341
2026-09-03 14:02:30,0,0,0,0,21.683,46.539
2026-09-03 14:07:30,0,0,0,0,22.175,46.3
2026-09-03 14:12:30,0,0,0,0,22.175,48.173
2026-09-03 14:17:30,0,0,0,0,22.127,46.907
2026-09-03 14:22:30,0,0,0,0,22.065,47.094
2026-09-03 14:27:30,0,0,0,0,22.089,48.198
2026-09-03 14:32:30,0,0,0,0,22.239,47.525
2026-09-03 14:37:30,0,0,0,0,22.18,48.353
2026-09-03 14:42:31,0,0,0,0,21.51,49.205
2026-09-03 14:47:30,0,0,0,0,21.804,49.104
2026-09-03 14:52:30,0,0,0,0,22.025,48.768
2026-09-03 14:57:30,0,0,0,0,21.718,48.887
2026-09-03 15:02:30,0,0,0,0,22.068,48.423
2026-09-03 15:07:30,1,1,0,0,22.108,48.795
2026-09-03 15:12:31,0,0,0,0,21.825,49.545
2026-09-03 15:17:30,0,0,0,0,21.403,49.77
2026-09-03 15:22:31,0,0,0,0,22.047,50.249
2026-09-03 15:27:31,0,0,0,23,21.929,49.602
2026-09-03 15:32:31,0,0,0,236,21.772,49.524
2026-09-03 15:37:32,0,0,0,283,21.748,49.177
2026-09-03 15:42:31,0,0,0,213,21.328,49.474
2026-09-03 15:47:32,0,0,0,130,21.392,48.646
2026-09-03 15:52:31,0,0,0,129,21.398,47.944
2026-09-03 15:57:32,0,0,0,142,21.117,48.124
2026-09-03 16:02:32,0,0,0,168,20.949,48.086
2026-09-03 16:07:31,0,0,0,52,20.989,48.412
2026-09-03 16:12:32,0,0,0,203,21.368,48.147
2026-09-03 16:17:31,0,0,0,191,21.149,48.389
2026-09-03 16:22:31,0,0,0,553,20.898,48.267
2026-09-03 16:27:31,0,0,0,181,20.824,48.057
2026-09-03 16:32:32,0,0,0,224,20.845,48.255
2026-09-03 16:37:32,0,0,0,594,21.109,48.206
2026-09-03 16:42:31,0,0,0,461,20.936,47.933
2026-09-03 16:47:32,0,0,0,249,20.749,48.557
2026-09-03 16:52:32,0,0,0,265,20.669,48.831
2026-09-03 16:57:32,0,0,0,471,20.901,48.469
2026-09-03 17:02:32,0,0,0,401,20.762,49.091
2026-09-03 17:07:32,0,0,0,650,20.551,50.195
2026-09-03 17:12:32,0,1,0,718,20.41,50.27
2026-09-03 17:17:32,0,0,0,1136,20.621,50.447
2026-09-03 17:22:32,0,0,0,826,20.287,51.319
2026-09-03 17:27:31,0,0,0,1510,20.137,51.166
2026-09-03 17:32:32,0,0,0,1753,20.02,51.588
2026-09-03 17:37:32,0,0,0,1082,20.087,51.565
2026-09-03 17:42:32,1,1,0,2767,20.004,51.963
2026-09-03 17:47:34,0,0,0,1171,19.659,52.448
2026-09-03 17:52:32,0,0,0,1704,19.595,53.178
2026-09-03 17:57:32,1,2,0,1476,19.261,54.319
2026-09-03 18:02:32,0,0,0,677,19.136,54.796
2026-09-03 18:07:32,0,0,0,1059,19.075,55.315
2026-09-03 18:12:32,1,2,0,2098,18.861,57.092
2026-09-03 18:17:32,0,0,0,1296,18.476,59.188
2026-09-03 18:22:32,1,2,0,1430,18.265,60.48
2026-09-03 18:27:33,1,1,0,0,18.137,60.876
2026-09-03 18:32:33,0,0,0,0,17.934,62.029
2026-09-03 18:37:33,0,0,0,0,17.721,62.374
2026-09-03 18:42:33,0,0,0,0,17.646,63.066
2026-09-03 18:47:33,0,0,0,0,17.582,62.902
2026-09-03 18:52:33,0,1,0,0,17.451,62.942
2026-09-03 18:57:33,0,1,0,0,17.363,63.108
2026-09-03 19:02:33,0,1,0,0,17.181,63.575
2026-09-03 19:07:33,0,1,0,0,17.149,63.713
2026-09-03 19:12:33,0,0,0,0,17.061,63.543
2026-09-03 19:17:33,0,1,0,0,16.976,63.615
2026-09-03 19:22:33,0,0,0,0,16.866,63.862
2026-09-03 19:27:33,0,1,0,0,16.933,63.516
2026-09-03 19:32:33,0,1,0,0,16.786,63.753
2026-09-03 19:37:33,0,0,0,0,16.57,64.602
2026-09-03 19:42:33,0,0,0,0,16.479,64.541
2026-09-03 19:47:33,0,0,0,0,16.372,64.684
2026-09-03 19:52:33,0,0,0,0,16.295,64.968
2026-09-03 19:57:33,0,0,0,0,16.132,65.059
2026-09-03 20:02:33,0,0,0,0,16.017,65.351
2026-09-03 20:07:33,0,0,0,0,15.985,65.452
2026-09-03 20:12:33,0,0,0,0,15.862,65.809
2026-09-03 20:17:33,0,0,0,0,15.803,65.965
2026-09-03 20:22:33,0,0,0,0,15.691,66.24
2026-09-03 20:27:33,0,0,0,0,15.745,66.084
2026-09-03 20:32:33,1,1,0,0,15.646,66.375
2026-09-03 20:37:33,0,0,0,0,15.494,66.618
2026-09-03 20:42:33,0,1,0,0,15.408,66.919
2026-09-03 20:47:34,0,0,0,0,15.365,67.203
2026-09-03 20:52:33,0,0,0,0,15.555,67.033
2026-09-03 20:57:34,0,0,0,0,15.406,67.043
2026-09-03 21:02:33,0,0,0,0,15.403,66.9
2026-09-03 21:07:34,0,0,0,0,15.566,66.623
2026-09-03 21:12:33,0,0,0,0,15.349,67.354
2026-09-03 21:17:34,0,0,0,0,15.24,67.177
2026-09-03 21:22:33,1,1,0,6,15.229,67.274
2026-09-03 21:27:35,1,1,0,0,15.211,66.826
2026-09-03 21:32:34,0,0,0,0,15.077,67.43
2026-09-03 21:37:35,0,0,0,0,14.92,67.697
2026-09-03 21:42:35,0,0,0,0,14.826,67.77
2026-09-03 21:47:35,0,0,0,0,14.829,67.774
2026-09-03 21:52:35,0,0,0,0,14.727,67.985
2026-09-03 21:57:35,0,0,0,0,14.551,68.456
2026-09-03 22:02:35,1,1,0,0,14.623,68.243
2026-09-03 22:07:35,1,1,0,0,14.508,68.598
2026-09-03 22:12:35,1,1,0,39,14.297,69.078
2026-09-03 22:17:35,0,0,0,43,14.185,69.637
2026-09-03 22:22:35,0,0,0,19,14.105,69.923
2026-09-03 22:27:34,1,1,0,51,14.052,70.358
2026-09-03 22:32:35,0,0,0,58,14.004,70.19
2026-09-03 22:37:35,1,1,0,36,13.913,70.543
2026-09-03 22:42:35,0,0,0,8,13.948,70.383
2026-09-03 22:47:34,0,0,0,19,13.747,70.759
2026-09-03 22:52:35,0,0,0,50,13.817,70.646
2026-09-03 22:57:35,1,1,0,15,13.833,70.495
2026-09-03 23:02:35,1,1,0,0,13.825,70.511
2026-09-03 23:07:35,0,0,0,0,13.825,70.431
2026-09-03 23:12:35,1,1,0,0,13.854,70.465
2026-09-03 23:17:35,0,0,0,0,13.83,70.106
2026-09-03 23:22:35,0,2,0,0,13.64,70.831
2026-09-03 23:27:35,1,1,0,17,13.616,70.698
2026-09-03 23:32:35,0,1,0,88,13.584,70.961
2026-09-03 23:37:35,13,14,0,136,13.55,71.159
2026-09-03 23:42:35,1,3,0,108,13.478,71.775
2026-09-03 23:47:35,6,6,0,168,13.379,72.145
2026-09-03 23:52:35,3,4,0,112,13.373,72.187
2026-09-03 23:57:35,1,1,0,175,13.325,72.704
2026-09-04 00:02:36,0,0,0,39,13.595,71.367
2026-09-04 00:07:35,1,1,0,292,13.237,72.746
2026-09-04 00:12:35,0,0,0,245,13.064,72.502
2026-09-04 00:17:35,1,1,0,238,12.805,73.541
2026-09-04 00:22:35,2,2,0,305,12.546,74.562
2026-09-04 00:27:36,0,0,0,480,12.471,74.724
2026-09-04 00:32:36,0,1,0,335,12.281,75.512
2026-09-04 00:37:36,6,7,0,393,12.172,75.92
2026-09-04 00:42:36,0,1,0,393,11.969,76.666
2026-09-04 00:47:36,2,3,0,426,11.969,76.58
2026-09-04 00:52:36,2,3,0,410,11.704,77.848
2026-09-04 00:57:36,0,1,0,420,11.63,78.283
2026-09-04 01:02:36,4,4,0,411,11.499,78.728
2026-09-04 01:07:36,2,3,0,409,11.352,79.185
2026-09-04 01:12:36,12,13,0,435,11.194,79.883
2026-09-04 01:17:36,3,5,0,434,11.058,80.059
2026-09-04 01:22:36,1,1,0,461,10.93,80.393
2026-09-04 01:27:36,6,7,0,493,10.871,81.039
2026-09-04 01:32:36,4,4,0,540,10.901,80.574
2026-09-04 01:37:36,4,4,0,541,10.722,82.037
2026-09-04 01:42:36,2,2,0,507,10.655,82.014
2026-09-04 01:47:36,2,3,0,479,10.58,81.766
2026-09-04 01:52:37,0,0,0,565,10.559,82.376
2026-09-04 01:57:37,1,2,0,527,10.297,84.198
2026-09-04 02:02:36,0,0,0,521,10.409,83.231
2026-09-04 02:07:36,3,3,0,506,10.361,82.245
2026-09-04 02:12:37,1,1,0,523,10.257,83.439
2026-09-04 02:17:36,3,4,0,407,10.372,85.232
2026-09-04 02:22:37,1,1,0,531,10.303,83.622
2026-09-04 02:27:37,1,1,0,454,10.174,84.721
2026-09-04 02:32:36,2,2,0,441,10.124,83.977
2026-09-04 02:37:37,3,3,0,469,10.049,85.018
2026-09-04 02:42:37,3,3,0,425,9.918,86.012
2026-09-04 02:47:36,3,4,0,454,9.969,86.494
2026-09-04 02:52:37,3,4,0,451,9.843,85.712
2026-09-04 02:57:37,4,4,0,474,9.787,85.476
2026-09-04 03:02:37,3,5,0,451,9.782,85.23
2026-09-04 03:07:37,3,3,0,446,9.632,85.411
2026-09-04 03:12:36,2,2,0,450,9.587,84.131
2026-09-04 03:17:36,3,3,0,440,9.544,84.915
2026-09-04 03:22:37,3,4,0,414,9.475,85.26
2026-09-04 03:27:38,4,4,0,1683,9.395,85.993
2026-09-04 03:32:38,2,3,0,458,9.331,85.533
2026-09-04 03:37:38,1,1,0,420,9.21,85.825
2026-09-04 03:42:38,3,4,0,425,9.005,86.914
2026-09-04 03:47:38,2,2,0,437,8.997,86.908
2026-09-04 03:52:38,4,4,0,414,8.933,86.956
2026-09-04 03:57:38,3,4,0,419,8.767,87.032
2026-09-04 04:02:38,4,4,0,434,8.727,89.251
2026-09-04 04:07:38,5,5,0,452,8.735,88.879
2026-09-04 04:12:38,5,6,0,391,8.652,88.636
2026-09-04 04:17:38,4,4,0,409,8.674,88.903
2026-09-04 04:22:38,4,7,0,416,8.455,91.177
2026-09-04 04:27:37,3,4,0,389,8.561,91.19
2026-09-04 04:37:38,4,4,0,438,8.487,88.364
2026-09-04 04:42:38,2,2,0,411,8.543,88.766
2026-09-04 04:47:38,2,3,0,420,8.46,90.29
2026-09-04 04:52:38,4,4,0,413,8.391,89.607
2026-09-04 04:57:38,4,4,0,440,8.38,89.417
2026-09-04 05:02:38,5,5,0,430,8.399,90.145
2026-09-04 05:07:38,7,7,0,464,8.468,89.809
2026-09-04 05:12:38,9,9,0,425,8.391,89.943
2026-09-04 05:17:38,7,7,0,387,8.35,89.981
2026-09-04 05:22:38,9,9,0,404,8.236,89.672
2026-09-04 05:27:38,7,9,0,413,8.174,90.509
2026-09-04 05:32:38,10,12,0,393,8.11,90.481
2026-09-04 05:37:38,7,7,0,403,8.164,90.057
2026-09-04 05:42:38,8,9,0,418,8.278,89.52
2026-09-04 05:47:38,10,12,0,402,8.158,89.592
2026-09-04 05:52:38,10,10,0,425,8.156,90.79
2026-09-04 05:57:38,9,9,0,413,8.145,90.603
2026-09-04 06:02:38,10,12,0,433,8.172,90.984
2026-09-04 06:07:38,21,21,0,447,8.118,91.894
2026-09-04 06:12:38,16,22,0,464,8.113,90.834
2026-09-04 06:17:38,13,13,0,432,8.118,90.775
2026-09-04 06:22:38,13,13,0,415,8.121,90.05
2026-09-04 06:27:39,12,12,0,2748,7.979,89.31
2026-09-04 06:32:39,10,12,0,458,7.963,89.068
2026-09-04 06:37:39,13,13,0,443,7.848,89.783
2026-09-04 06:42:40,7,7,0,419,7.889,89.256
2026-09-04 06:47:39,10,12,0,389,7.766,88.963
2026-09-04 06:52:40,10,12,0,382,7.621,89.291
2026-09-04 06:57:39,14,16,0,459,7.587,91.005
2026-09-04 07:02:39,16,17,0,416,7.651,90.799
2026-09-04 07:07:39,21,23,0,494,7.648,90.902
2026-09-04 07:12:39,27,28,0,598,7.752,91.339
2026-09-04 07:17:39,26,26,0,562,7.712,90.141
2026-09-04 07:22:39,25,25,0,554,7.752,91.2
2026-09-04 07:27:39,21,21,0,432,7.784,90.754
2026-09-04 07:32:40,29,30,0,486,7.742,92.028
2026-09-04 07:37:40,26,27,0,590,7.926,91.885
2026-09-04 07:42:39,28,28,0,578,8.228,91.005
2026-09-04 07:47:40,30,33,0,634,8.3,91.196
2026-09-04 07:52:39,36,44,0,626,8.508,92.026
2026-09-04 07:57:40,28,29,0,616,8.722,91.988
2026-09-04 08:02:39,29,31,0,635,8.983,91.827
2026-09-04 08:07:40,32,34,0,638,9.331,91.221
2026-09-04 08:12:40,27,30,0,612,9.555,89.781
2026-09-04 08:17:40,28,28,0,610,9.798,89.165
2026-09-04 08:22:39,27,30,0,536,9.849,89.186
2026-09-04 08:27:39,29,29,0,494,9.849,89.499
2026-09-04 08:32:40,26,28,0,533,10.126,88.509
2026-09-04 08:37:40,31,32,0,542,10.481,87.048
2026-09-04 08:42:40,28,30,0,506,10.903,86.432
2026-09-04 08:47:39,27,30,0,510,11.376,86.166
2026-09-04 08:52:40,32,33,0,440,12.874,80.215
2026-09-04 08:57:40,30,31,0,447,15.339,71.956
2026-09-04 09:02:40,30,32,0,471,18.239,61.443
2026-09-04 09:07:40,29,29,0,485,16.922,65.509
2026-09-04 09:12:39,29,29,0,517,20.348,55.444
2026-09-04 09:17:40,27,28,0,494,18.527,59.98
2026-09-04 09:22:40,25,27,0,484,19.061,55.955
2026-09-04 09:27:41,25,25,0,1202,21.224,52.026
2026-09-04 09:32:41,40,46,0,546,23.056,47.763
2026-09-04 09:37:41,25,25,0,474,23.798,45.017
2026-09-04 09:42:41,32,36,0,547,24.199,44.299
2026-09-04 09:47:41,24,24,0,412,24.623,42.774
2026-09-04 09:52:41,23,26,0,402,22.746,46.329
2026-09-04 09:57:41,27,28,0,495,24.231,44.702
2026-09-04 10:02:41,24,26,0,364,24.637,42.734
2026-09-04 10:07:41,24,24,0,384,23.235,46.722
2026-09-04 10:12:41,24,25,0,433,24.276,43.245
2026-09-04 10:17:41,22,23,0,384,24.338,43.409
2026-09-04 10:22:41,23,23,0,364,24.191,43.979
2026-09-04 10:27:41,22,22,0,323,23.75,45.658
2026-09-04 10:32:41,28,30,0,394,25.398,42.013
2026-09-04 10:37:41,25,25,0,369,25.601,41.856
2026-09-04 10:42:41,23,23,0,317,25.441,42.375
2026-09-04 10:47:41,24,24,0,275,25.016,42.892
2026-09-04 10:52:41,19,21,0,149,21.996,48.751
2026-09-04 10:57:41,17,17,0,173,24.781,43.342
2026-09-04 11:02:41,22,23,0,100,21.983,47.981
2026-09-04 11:07:41,18,18,0,109,22.928,47.82
2026-09-04 11:12:41,19,19,0,51,21.497,50.029
2026-09-04 11:17:41,18,19,0,61,24.712,43.25
2026-09-04 11:22:41,19,20,0,86,25.235,43.05
2026-09-04 11:27:41,16,16,0,0,23.187,45.518
2026-09-04 11:32:41,18,18,0,0,23.045,45.841
2026-09-04 11:37:42,16,18,0,0,25.155,41.583
2026-09-04 11:42:41,14,18,0,2,25.78,39.857
2026-09-04 11:47:41,17,18,0,0,25.542,40.387
2026-09-04 11:52:41,18,18,0,0,25.478,40.801
2026-09-04 11:57:41,17,17,0,0,25.47,41.269
2026-09-04 12:02:41,16,17,0,0,25.045,40.62
2026-09-04 12:07:41,14,14,0,0,26.047,38.459
2026-09-04 12:12:41,14,15,0,0,25.51,40.134
2026-09-04 12:17:41,14,16,0,0,26.546,37.853
2026-09-04 12:22:41,12,14,0,0,26.471,36.897
2026-09-04 12:27:42,17,17,0,36,25.62,38.865
2026-09-04 12:32:42,10,12,0,189,25.724,37.431
2026-09-04 12:37:42,7,7,0,669,26.501,36.159
2026-09-04 12:42:42,6,6,0,296,26.007,37.17
2026-09-04 12:47:42,7,7,0,128,25.008,37.603
2026-09-04 12:52:43,3,3,0,462,26.049,35.745
2026-09-04 12:57:42,3,5,0,472,26.25,36.344
2026-09-04 13:02:42,3,3,0,224,25.179,36.023
2026-09-04 13:07:42,5,5,0,37,23.868,37.614
2026-09-04 13:12:43,2,2,0,32,24.268,38.137
2026-09-04 13:17:42,3,3,0,247,24.519,36.582
2026-09-04 13:22:43,4,4,0,24,23.083,36.821
2026-09-04 13:27:42,2,2,0,0,23.462,35.335
2026-09-04 13:32:42,4,4,0,40,24.215,35.76
2026-09-04 13:37:43,4,4,0,18,23.828,38.289
2026-09-04 13:42:42,5,5,0,128,24.578,39.096
2026-09-04 13:47:43,5,5,0,462,25.176,40.798
2026-09-04 13:52:43,5,5,0,485,25.39,40.13
2026-09-04 13:57:43,4,4,0,622,24.17,41.028
2026-09-04 14:02:43,4,4,0,394,24.469,41.038
2026-09-04 14:07:43,2,2,0,314,23.478,41.673
2026-09-04 14:12:43,2,2,0,279,22.776,43.424
2026-09-04 14:17:43,3,3,0,185,23.82,41.551
2026-09-04 14:22:43,3,3,0,38,23.048,42.634
2026-09-04 14:27:43,4,4,0,13,22.818,43.229
2026-09-04 14:32:42,3,3,0,153,23.571,42.56
2026-09-04 14:37:43,1,1,0,138,24.583,38.327
2026-09-04 14:42:43,1,1,0,67,24.597,39.214
2026-09-04 14:47:43,1,1,0,21,24.995,37.839
2026-09-04 14:52:43,1,2,0,27,25.214,37.578
2026-09-04 14:57:43,2,2,0,112,24.199,37.116
2026-09-04 15:02:43,1,1,0,0,24.236,36.205
2026-09-04 15:07:43,1,2,0,0,24.386,37.647
2026-09-04 15:12:43,2,2,0,25,23.734,35.943
2026-09-04 15:17:43,3,3,0,0,23.219,40.212
2026-09-04 15:22:43,1,2,0,0,23.408,39.281
2026-09-04 15:27:44,2,2,0,32,23.259,40.923
2026-09-04 15:32:44,3,3,0,154,22.88,40.83
2026-09-04 15:37:44,4,4,0,224,23.2,40.616
2026-09-04 15:42:44,1,2,0,78,23.43,40.015
2026-09-04 15:47:44,2,3,0,322,22.8,41.024
2026-09-04 15:52:44,0,0,0,98,23.852,38.678
2026-09-04 15:57:44,3,3,0,203,24.402,35.726
2026-09-04 16:02:44,0,0,0,296,25.312,37.297
2026-09-04 16:07:44,1,2,0,61,24.065,38.591
2026-09-04 16:12:44,2,2,0,0,24.573,37.927
2026-09-04 16:17:44,1,1,0,0,24.418,36.424
2026-09-04 16:22:44,2,2,0,17,24.805,36.773
2026-09-04 16:27:44,0,0,0,32,24.698,37.084
2026-09-04 16:32:44,2,2,0,59,24.941,37.21
2026-09-04 16:37:44,0,0,0,55,24.116,38.791
2026-09-04 16:42:44,0,0,0,246,24.023,39.239
2026-09-04 16:47:44,0,1,0,355,23.507,40.815
2026-09-04 16:52:44,1,1,0,19,23.069,41.059
2026-09-04 16:57:44,0,0,0,49,24.527,38.694
2026-09-04 17:02:45,1,1,0,304,23.232,41.698
2026-09-04 17:07:44,1,1,0,506,23.603,40.502
2026-09-04 17:12:44,0,0,0,180,23.147,38.812
2026-09-04 17:17:44,1,2,0,188,23.494,40.954
2026-09-04 17:22:44,1,1,0,864,22.49,42.274
2026-09-04 17:27:44,1,1,0,4127,22.821,41.213
2026-09-04 17:32:44,2,2,0,1911,21.748,43.819
2026-09-04 17:37:44,1,1,0,4558,22.18,43.231
2026-09-04 17:42:45,0,1,0,10188,21.59,43.51
2026-09-04 17:47:44,2,2,0,9432,21.139,44.423
2026-09-04 17:52:44,0,0,0,4764,20.936,43.735
2026-09-04 17:57:44,0,0,0,1416,20.765,44.305
2026-09-04 18:02:44,2,2,0,8795,20.415,45.474
2026-09-04 18:07:44,1,1,0,5905,20.26,44.265
2026-09-04 18:12:44,0,1,0,3109,20.375,43.138
2026-09-04 18:17:45,0,0,0,2229,20.068,44.217
2026-09-04 18:22:44,1,1,0,5339,19.761,44.368
2026-09-04 18:27:46,0,0,0,0,19.659,45.684
2026-09-04 18:32:45,0,1,0,200,19.2,48.032
2026-09-04 18:37:45,1,1,0,318,18.917,48.448
2026-09-04 18:42:46,2,3,0,240,18.81,49.081
2026-09-04 18:47:46,1,1,0,354,18.581,49.602
2026-09-04 18:52:46,1,2,0,333,18.308,51.061
2026-09-04 18:57:45,3,3,0,429,18.076,51.259
2026-09-04 19:02:45,3,3,0,246,17.827,51.105
2026-09-04 19:07:45,14,15,0,396,17.646,52.751
2026-09-04 19:12:46,5,5,0,300,17.416,53.495
2026-09-04 19:17:46,15,18,0,450,16.965,55.259
2026-09-04 19:22:46,5,6,0,314,16.709,55.687
2026-09-04 19:27:46,7,8,0,385,16.295,58.261
2026-09-04 19:32:46,3,4,0,320,15.758,60.394
2026-09-04 19:37:46,3,3,0,342,15.611,60.812
2026-09-04 19:42:46,2,2,0,374,15.502,60.976
2026-09-04 19:47:45,5,5,0,590,15.352,61.126
2026-09-04 19:52:46,4,4,0,524,15.614,57.424
2026-09-04 19:57:46,6,7,0,640,15.28,60.743
2026-09-04 20:02:46,8,11,0,652,15.101,61.39
2026-09-04 20:07:46,6,8,0,585,15.04,61.13
2026-09-04 20:12:46,23,23,0,569,14.842,60.892
2026-09-04 20:17:46,27,29,0,529,14.783,61.819
2026-09-04 20:22:46,12,13,0,722,14.607,62.433
2026-09-04 20:27:46,24,24,0,589,14.377,62.927
2026-09-04 20:32:46,6,7,0,587,14.548,61.657
2026-09-04 20:37:46,7,7,0,572,14.305,62.719
2026-09-04 20:42:46,13,14,0,475,14.249,61.897
2026-09-04 20:47:46,22,22,0,499,14.148,63.285
2026-09-04 20:52:46,9,11,0,503,14.11,62.093
2026-09-04 20:57:46,24,24,0,474,13.948,63.173
2026-09-04 21:02:46,25,26,0,593,13.915,63.066
2026-09-04 21:07:46,14,14,0,631,13.897,63.144
2026-09-04 21:12:46,6,6,0,511,13.702,63.436
2026-09-04 21:17:46,6,6,0,414,13.742,62.599
2026-09-04 21:22:46,49,60,0,663,13.59,64.52
2026-09-04 21:27:47,25,26,0,766,14.42,59.747
2026-09-04 21:32:47,9,9,0,518,13.905,61.887
2026-09-04 21:37:47,14,15,0,570,13.542,64.02
2026-09-04 21:42:47,26,28,0,574,13.162,65.586
2026-09-04 21:47:47,44,55,0,788,13.058,65.309
2026-09-04 21:52:47,42,51,0,613,13.152,64.752
2026-09-04 21:57:47,40,48,0,764,12.989,65.565
2026-09-04 22:02:47,48,57,0,666,12.951,64.407
2026-09-04 22:07:47,36,39,0,575,12.925,62.091
2026-09-04 22:12:47,14,14,0,489,13.267,60.449
2026-09-04 22:17:47,32,33,0,740,13.053,61.315
2026-09-04 22:22:47,15,16,0,616,12.978,60.571
2026-09-04 22:27:48,20,22,0,578,12.954,60.381
2026-09-04 22:32:47,27,29,0,629,12.994,61.397
2026-09-04 22:37:48,33,36,0,682,12.855,61.571
2026-09-04 22:42:47,19,20,0,577,12.925,59.387
2026-09-04 22:47:48,24,25,0,563,13.008,60.436
2026-09-04 22:52:47,19,22,0,568,12.992,60.732
2026-09-04 22:57:48,20,25,0,559,12.946,59.988
2026-09-04 23:02:48,20,23,0,553,12.757,61.99
2026-09-04 23:07:47,19,20,0,605,12.572,63.285
2026-09-04 23:12:48,11,11,0,620,12.452,64.142
2026-09-04 23:17:47,20,23,0,613,12.383,63.699
2026-09-04 23:22:48,17,22,0,628,12.212,63.621
2026-09-04 23:27:48,8,8,0,566,12.204,62.307
2026-09-04 23:32:47,12,13,0,610,12.308,62.349
2026-09-04 23:37:48,40,49,0,716,12.337,61.649
2026-09-04 23:42:48,16,18,0,566,12.182,61.462
2026-09-04 23:47:48,26,26,0,622,12.124,62.645
2026-09-04 23:52:47,28,29,0,659,12.049,63.059
2026-09-04 23:57:48,14,15,0,560,11.926,62.793
2026-09-05 00:02:48,9,11,0,431,11.857,63.905
2026-09-05 00:07:48,8,8,0,421,11.929,61.903
2026-09-05 00:12:48,7,7,0,455,11.953,62.641
2026-09-05 00:17:48,9,9,0,441,11.728,64.176
2026-09-05 00:22:48,29,32,0,787,11.59,65.023
2026-09-05 00:27:49,34,36,0,1564,11.264,66.614
2026-09-05 00:32:49,24,24,0,593,11.077,67.486
2026-09-05 00:37:49,72,79,0,1067,11.101,66.913
2026-09-05 00:42:49,21,21,0,547,10.751,68.907
2026-09-05 00:47:49,12,17,0,571,10.794,68.546
2026-09-05 00:52:49,17,17,0,661,10.751,68.134
2026-09-05 00:57:49,34,41,0,733,10.626,69.469
2026-09-05 01:02:49,11,13,0,526,10.487,69.855
2026-09-05 01:07:49,19,20,0,510,10.367,70.675
2026-09-05 01:12:49,19,20,0,564,10.166,71.615
2026-09-05 01:17:49,11,13,0,660,10.303,70.278
2026-09-05 01:22:49,17,18,0,679,10.172,71.049
2026-09-05 01:27:49,21,25,0,718,10.14,71.213
2026-09-05 01:32:49,9,9,0,618,10.177,70.974
2026-09-05 01:37:49,8,8,0,636,10.121,70.417
2026-09-05 01:42:49,8,8,0,580,10.22,67.436
2026-09-05 01:47:49,15,18,0,647,10.137,70.751
2026-09-05 01:52:49,12,12,0,546,9.833,71.504
2026-09-05 01:57:49,8,8,0,449,9.838,71.522
2026-09-05 02:02:49,12,12,0,480,9.833,71.22
2026-09-05 02:07:49,31,32,0,542,9.784,72.222
2026-09-05 02:12:49,30,31,0,544,9.774,71.651
2026-09-05 02:17:49,56,72,0,762,9.723,72.13
2026-09-05 02:22:49,35,36,0,546,10.025,71.388
2026-09-05 02:27:49,32,39,0,591,9.822,71.701
2026-09-05 02:32:49,35,39,0,563,9.71,72.01
2026-09-05 02:37:49,36,39,0,508,9.819,72.655
2026-09-05 02:42:49,31,34,0,490,9.483,73.803
2026-09-05 02:47:49,32,37,0,510,9.48,73.372
2026-09-05 02:52:49,43,54,0,494,9.456,74.014
2026-09-05 02:57:49,46,56,0,546,9.427,73.511
2026-09-05 03:02:49,40,50,0,518,9.344,73.843
2026-09-05 03:07:49,46,55,0,522,9.216,74.177
2026-09-05 03:12:50,59,74,481,599,9.493,73.284
2026-09-05 03:17:49,47,58,96,547,9.32,73.915
2026-09-05 03:22:49,41,50,96,541,9.152,74.558
2026-09-05 03:27:51,32,39,0,1518,9.021,75.277
2026-09-05 03:32:50,35,37,0,558,8.983,75.001
2026-09-05 03:37:50,35,40,0,525,8.834,75.527
2026-09-05 03:42:50,32,33,0,510,8.812,75.495
2026-09-05 03:47:50,29,32,0,486,8.885,75.224
2026-09-05 03:52:50,35,39,0,494,9.141,74.093
2026-09-05 03:57:50,33,36,0,469,9.224,73.959
2026-09-05 04:02:50,31,31,0,513,9.061,74.203
2026-09-05 04:07:51,30,30,0,507,8.866,74.863
2026-09-05 04:12:50,30,30,0,521,8.831,75.434
2026-09-05 04:17:51,32,34,0,554,8.553,76.429
2026-09-05 04:22:50,32,32,0,504,8.628,76.532
2026-09-05 04:27:51,33,34,0,557,8.551,76.771
2026-09-05 04:32:51,31,31,0,504,8.254,77.482
2026-09-05 04:37:50,35,37,0,495,8.262,77.576
2026-09-05 04:42:51,46,57,781,631,8.706,75.979
2026-09-05 04:47:51,43,51,781,712,9.16,74.407
2026-09-05 04:52:51,50,61,586,607,9.224,73.849
2026-09-05 04:57:50,47,56,195,705,9.261,73.881
2026-09-05 05:02:51,31,31,0,620,9.539,71.813
2026-09-05 05:07:50,31,31,0,585,9.579,71.218
2026-09-05 05:12:51,35,40,0,526,8.839,74.734
2026-09-05 05:17:51,31,33,0,507,8.786,75.432
2026-09-05 05:22:51,32,34,0,483,8.716,75.258
2026-09-05 05:27:51,35,38,0,498,8.639,75.439
2026-09-05 05:32:50,32,33,0,496,8.575,75.426
2026-09-05 05:37:51,30,33,0,483,8.428,75.886
2026-09-05 05:42:51,30,31,0,451,8.286,76.458
2026-09-05 05:47:50,30,32,0,480,8.284,76.485
2026-09-05 05:52:51,30,34,0,467,8.26,76.717
2026-09-05 05:57:51,29,30,0,500,8.212,76.565
2026-09-05 06:02:51,32,35,0,476,8.019,77.686
2026-09-05 06:07:50,34,37,0,527,7.995,77.694
2026-09-05 06:12:51,34,38,0,533,7.918,77.658
2026-09-05 06:17:51,33,37,0,531,7.867,78.03
2026-09-05 06:22:51,29,29,0,493,7.899,77.822
2026-09-05 06:27:52,29,30,0,1621,8.209,76.366
2026-09-05 06:32:52,29,29,0,564,8.337,75.518
2026-09-05 06:37:52,40,47,0,677,8.778,74.632
2026-09-05 06:42:52,48,60,0,539,8.893,73.597
2026-09-05 06:47:52,39,46,0,499,8.719,74.676
2026-09-05 06:52:52,39,44,0,542,8.591,75.281
2026-09-05 06:57:52,40,47,98,534,8.473,76.042
2026-09-05 07:02:52,57,69,295,569,8.754,74.35
2026-09-05 07:07:52,33,34,0,627,9.098,72.485
2026-09-05 07:12:52,33,39,0,652,9.314,71.869
2026-09-05 07:17:52,40,45,0,479,9.314,72.588
2026-09-05 07:22:52,40,46,0,441,8.93,73.303
2026-09-05 07:27:52,32,38,0,418,8.941,73.032
2026-09-05 07:32:52,42,53,0,595,9.015,73.202
2026-09-05 07:37:52,36,41,0,659,9.16,72.985
2026-09-05 07:42:52,29,32,0,512,9.162,73.217
2026-09-05 07:47:52,29,30,0,480,8.989,73.931
2026-09-05 07:52:52,32,32,0,490,9.106,73.776
2026-09-05 07:57:52,27,28,0,538,9.507,71.544
2026-09-05 08:02:52,32,32,98,570,10.001,69.778
2026-09-05 08:07:52,33,36,0,558,10.108,69.864
2026-09-05 08:12:52,30,32,0,439,10.148,70.701
2026-09-05 08:17:52,37,41,0,427,10.364,70.064
2026-09-05 08:22:52,27,27,0,383,10.57,69.32
2026-09-05 08:27:52,30,30,0,366,10.775,69.566
2026-09-05 08:32:52,30,31,0,497,10.978,69.149
2026-09-05 08:37:52,25,25,0,338,11.256,67.657
2026-09-05 08:42:52,29,29,0,335,11.376,67.346
2026-09-05 08:47:52,32,33,0,360,11.987,66.322
2026-09-05 08:52:52,38,45,0,402,14.698,57.47
2026-09-05 08:57:52,38,43,0,495,16.471,51.511
2026-09-05 09:02:52,34,37,0,510,17.491,48.511
2026-09-05 09:07:52,33,35,0,507,19.51,43.495
2026-09-05 09:12:52,29,30,0,444,20.006,42.171
2026-09-05 09:17:52,27,29,0,435,21.091,41.36
2026-09-05 09:22:52,23,23,0,376,22.226,38.949
2026-09-05 09:27:53,23,24,0,520,21.854,38.518
2026-09-05 09:32:53,24,24,0,299,21.732,39.556
2026-09-05 09:37:54,26,26,0,341,21.51,38.884
2026-09-05 09:42:54,26,27,0,358,21.307,39.449
2026-09-05 09:47:54,25,28,0,368,21.814,38.602
2026-09-05 09:52:53,25,25,0,302,22.773,38.301
2026-09-05 09:57:54,20,22,0,210,24.137,35.337
2026-09-05 10:02:53,21,21,0,191,24.637,35.232
2026-09-05 10:07:54,26,26,93,200,25.481,33.633
2026-09-05 10:12:53,21,21,0,116,25.16,34.997
2026-09-05 10:17:54,19,22,0,101,24.802,35.327
2026-09-05 10:22:53,22,22,0,174,25.961,33.342
2026-09-05 10:27:54,18,21,0,107,25.011,34.383
2026-09-05 10:32:54,17,17,0,133,26.402,34.295
2026-09-05 10:37:54,15,18,0,101,26.88,32.806
2026-09-05 10:42:54,16,17,0,24,26.709,32.664
2026-09-05 10:47:54,17,17,0,21,26.415,33.08
2026-09-05 10:52:54,18,18,0,0,25.371,34.591
2026-09-05 10:57:54,15,16,0,49,25.975,32.987
2026-09-05 11:02:53,17,20,0,0,27.019,32.251
2026-09-05 11:07:54,12,15,0,0,26.797,32.144
2026-09-05 11:12:54,18,19,0,0,26.191,32.325
2026-09-05 11:17:54,13,13,0,0,26.653,31.133
2026-09-05 11:22:54,10,14,0,0,26.701,31.65
2026-09-05 11:27:54,13,15,0,0,26.322,31.175
2026-09-05 11:32:54,11,13,0,33,27.366,29.681
2026-09-05 11:37:54,21,22,93,0,25.558,30.955
2026-09-05 11:42:54,16,17,0,0,26.981,30.692
2026-09-05 11:47:54,11,12,0,0,27.75,27.488
2026-09-05 11:52:54,8,10,0,0,28.033,27.404
2026-09-05 11:57:54,8,9,0,0,27.847,26.902
2026-09-05 12:02:54,6,6,0,0,28.861,25.668
2026-09-05 12:07:54,7,8,0,0,27.777,25.994
2026-09-05 12:12:54,7,7,0,0,28.148,26.771
2026-09-05 12:17:54,12,13,0,0,28.397,26.279
2026-09-05 12:22:54,8,8,0,0,28.749,25.102
2026-09-05 12:27:55,8,8,0,27,27.473,26.79
2026-09-05 12:32:55,8,8,0,308,28.495,26.403
2026-09-05 12:37:55,8,8,0,97,28.677,24.543
2026-09-05 12:42:55,8,9,0,364,29.152,25.506
2026-09-05 12:47:56,11,12,0,473,28.333,25.617
2026-09-05 12:52:56,11,11,0,22,27.844,25.809
2026-09-05 12:57:55,6,6,0,23,28.637,25.136
2026-09-05 13:02:55,4,5,0,0,29.497,21.617
2026-09-05 13:07:55,4,4,0,0,28.017,26.017
2026-09-05 13:12:55,4,5,0,0,28.637,23.149
2026-09-05 13:17:55,4,5,0,24,29.315,23.557
2026-09-05 13:22:55,5,5,0,0,26.597,28.142
2026-09-05 13:27:55,3,3,0,77,29.11,23.433
2026-09-05 13:32:55,5,6,0,0,26.805,26.921
2026-09-05 13:37:55,2,2,0,27,25.737,23.852
2026-09-05 13:42:55,0,0,0,242,26.8,22.193
2026-09-05 13:47:55,2,2,0,0,26.487,24.386
2026-09-05 13:52:55,0,1,0,0,26.039,24.858
2026-09-05 13:57:56,1,1,0,0,25.598,24.52
2026-09-05 14:02:55,0,0,0,0,26.039,22.912
2026-09-05 14:07:55,0,0,0,0,26.447,22.164
2026-09-05 14:12:55,1,2,0,0,27.07,25.35
2026-09-05 14:17:55,0,0,0,70,27.192,22.04
2026-09-05 14:22:56,1,1,0,0,26.701,27.371
2026-09-05 14:27:55,1,2,0,0,26.474,27.955
2026-09-05 14:32:55,1,1,0,45,26.167,27.57
2026-09-05 14:37:55,1,1,0,136,27.2,27.625
2026-09-05 14:42:55,2,2,0,233,25.491,27.865
2026-09-05 14:47:55,2,2,0,390,25.262,28.85
2026-09-05 14:52:56,3,3,0,463,25.7,29.012
2026-09-05 14:57:55,2,2,0,218,25.593,27.812
2026-09-05 15:02:55,0,0,0,180,25.294,27.293
2026-09-05 15:07:55,0,0,0,218,25.499,26.916
2026-09-05 15:12:55,0,0,0,323,25.39,26.868
2026-09-05 15:17:55,2,2,0,147,25.23,26.939
2026-09-05 15:22:55,0,0,0,145,25.523,27.606
2026-09-05 15:27:56,0,0,0,28,25.262,27.371
2026-09-05 15:32:57,0,0,0,457,25.126,26.83
2026-09-05 15:37:57,1,1,0,49,25.636,26.486
2026-09-05 15:42:57,11,11,0,91,25.892,28.394
2026-09-05 15:47:57,1,1,0,14,24.941,27.959
2026-09-05 15:52:56,1,2,0,0,24.931,28.304
2026-09-05 15:57:57,1,2,0,154,24.813,28.726
2026-09-05 16:02:57,1,1,0,181,24.941,29.304
2026-09-05 16:07:57,4,4,0,68,24.372,28.859
2026-09-05 16:12:57,3,3,0,0,24.439,29.929
2026-09-05 16:17:56,1,1,0,0,24.493,29.946
2026-09-05 16:22:57,0,1,0,195,24.215,28.213
2026-09-05 16:27:57,3,4,0,163,24.228,30.387
2026-09-05 16:32:57,1,2,0,0,23.854,30.492
2026-09-05 16:37:57,2,2,0,0,23.59,31.953
2026-09-05 16:42:57,1,1,0,0,23.507,31.697
2026-09-05 16:47:57,2,2,0,18,23.547,31.64
2026-09-05 16:52:57,1,1,0,114,23.71,32.016
2026-09-05 16:57:57,3,3,0,74,23.24,32.832
2026-09-05 17:02:57,2,2,0,154,23.272,32.478
2026-09-05 17:07:57,2,2,0,137,23.008,32.88
2026-09-05 17:12:57,3,3,0,26,22.663,33.954
2026-09-05 17:17:57,2,2,0,143,22.741,33.837
2026-09-05 17:22:57,2,2,0,239,22.485,33.788
2026-09-05 17:27:57,3,3,0,133,22.137,34.417
2026-09-05 17:32:57,5,5,0,228,22.02,35.167
2026-09-05 17:37:57,0,2,0,115,21.886,35.577
2026-09-05 17:42:57,3,3,0,293,21.683,36.035
2026-09-05 17:47:57,3,3,0,5512,21.398,36.556
2026-09-05 17:52:57,3,4,0,1179,21.085,36.689
2026-09-05 17:57:57,3,3,0,149,20.995,37.202
2026-09-05 18:02:57,1,2,0,561,20.808,38.041
2026-09-05 18:07:57,1,1,0,538,20.666,38.514
2026-09-05 18:12:57,2,2,0,2054,20.426,39.686
2026-09-05 18:17:57,3,4,0,5816,20.306,40.008
2026-09-05 18:22:57,3,4,0,5066,19.998,40.086
2026-09-05 18:27:58,4,6,0,46,19.798,40.038
2026-09-05 18:32:58,2,2,0,292,19.622,39.733
2026-09-05 18:37:58,1,1,0,3262,19.59,39.487
2026-09-05 18:42:58,2,2,0,133,19.531,38.625
2026-09-05 18:47:58,2,2,0,21,19.475,37.971
2026-09-05 18:52:58,1,2,0,13,19.363,38.203
2026-09-05 18:57:58,2,2,0,178,19.184,38.015
2026-09-05 19:02:58,2,2,0,158,19,37.896
2026-09-05 19:07:58,2,3,0,286,18.944,37.711
2026-09-05 19:12:58,2,2,0,65,18.93,37.61
2026-09-05 19:17:59,2,2,0,22,18.733,38.028
2026-09-05 19:22:58,2,2,0,182,18.615,38.232
2026-09-05 19:27:58,3,3,0,313,18.532,38.167
2026-09-05 19:32:58,3,3,0,205,18.514,38.055
2026-09-05 19:37:58,1,1,0,48,18.484,37.736
2026-09-05 19:42:59,2,2,0,188,18.5,37.469
2026-09-05 19:47:59,4,4,0,154,18.292,38.053
2026-09-05 19:52:59,1,2,0,422,18.244,37.923
2026-09-05 19:57:59,1,1,0,805,18.201,38.272
2026-09-05 20:02:59,2,2,0,2498,18.025,38.562
2026-09-05 20:07:59,2,3,0,1478,17.782,39.001
2026-09-05 20:12:59,3,3,0,754,17.673,39.504
2026-09-05 20:17:59,2,2,0,1950,17.491,40.172
2026-09-05 20:22:59,4,4,0,1878,17.352,40.519
2026-09-05 20:27:59,2,2,0,5431,17.237,41.139
2026-09-05 20:32:59,2,2,0,6774,17.034,42.089
2026-09-05 20:37:59,4,4,0,5430,16.872,42.514
2026-09-05 20:42:59,1,2,0,4868,16.661,43.184
2026-09-05 20:47:59,1,1,0,4192,16.61,43.441
2026-09-05 20:52:59,1,1,0,2607,16.49,43.905
2026-09-05 20:57:59,0,1,0,2045,16.399,44.231
2026-09-05 21:02:59,1,1,0,1215,16.383,44.366
2026-09-05 21:07:59,3,3,0,1560,16.156,45.623
2026-09-05 21:12:59,1,1,0,1836,16.148,45.659
2026-09-05 21:17:59,0,0,0,1609,16.028,46.15
2026-09-05 21:22:59,4,4,0,853,16.065,45.833
2026-09-05 21:28:00,1,2,0,18,15.91,46.243
2026-09-05 21:33:00,4,5,0,298,15.862,46.222
2026-09-05 21:38:00,3,4,0,320,15.715,46.295
2026-09-05 21:43:00,3,3,0,225,15.568,46.281
2026-09-05 21:48:00,1,1,0,178,15.611,46.188
2026-09-05 21:53:00,3,3,0,381,15.328,47.336
2026-09-05 21:58:00,3,3,0,719,15.288,47.603
2026-09-05 22:03:00,3,3,0,352,15.379,46.935
2026-09-05 22:08:00,3,3,0,266,15.104,48.417
2026-09-05 22:13:00,4,5,0,1005,14.989,49.083
2026-09-05 22:18:00,4,4,0,710,14.885,49.764
2026-09-05 22:23:00,3,3,0,1621,14.759,50.579
2026-09-05 22:28:00,4,4,0,870,14.626,51.191
2026-09-05 22:33:00,3,4,0,883,14.407,52.698
2026-09-05 22:38:00,3,3,0,1054,14.212,53.976
2026-09-05 22:43:00,25,25,0,2003,14.097,54.462
2026-09-05 22:48:00,5,5,0,1378,13.956,55.532
2026-09-05 22:53:00,6,7,0,1705,13.843,55.664
2026-09-05 22:58:00,4,4,0,1365,13.758,56.327
2026-09-05 23:03:00,8,9,0,1394,13.544,56.976
2026-09-05 23:08:00,7,7,0,1055,13.373,57.949
2026-09-05 23:13:00,6,6,0,1636,13.16,59.114
2026-09-05 23:18:00,34,40,0,1329,12.992,60.155
2026-09-05 23:23:00,4,5,0,987,12.695,61.201
2026-09-05 23:28:00,3,4,0,985,12.508,62.221
2026-09-05 23:33:00,20,22,0,1289,12.279,63.45
2026-09-05 23:38:00,4,5,0,1129,12.036,63.846
2026-09-05 23:43:00,8,8,0,1085,11.688,64.655
2026-09-05 23:48:00,9,9,0,1127,11.627,64.846
2026-09-05 23:53:00,30,31,0,1288,11.421,65.801
2026-09-05 23:58:00,23,24,0,1355,11.221,66.827
2026-09-06 01:03:00,21,24,0,1301,11.085,67.455
2026-09-06 01:08:00,6,8,0,1137,10.914,68.01
2026-09-06 01:13:01,27,30,0,1312,10.711,68.96
2026-09-06 01:18:00,7,7,0,888,10.425,69.336
2026-09-06 01:23:00,11,11,0,891,10.188,70.127
2026-09-06 01:28:02,9,11,0,1122,9.971,70.703
2026-09-06 01:33:01,12,13,0,401,9.763,71.718
2026-09-06 01:38:01,12,16,0,404,9.598,72.199
2026-09-06 01:43:01,16,16,0,410,9.614,72.197
2026-09-06 01:48:01,28,30,0,523,9.549,72.002
2026-09-06 01:53:01,39,46,0,379,9.331,72.809
2026-09-06 01:58:02,27,29,0,390,9.25,73.101
2026-09-06 02:03:01,27,29,0,407,9.162,73.524
2026-09-06 02:08:01,15,19,0,412,9.037,74.264
2026-09-06 02:13:01,15,16,0,431,8.866,75.151
2026-09-06 02:18:01,19,21,0,423,8.882,75.071
2026-09-06 02:23:02,13,16,0,433,8.853,75.174
2026-09-06 02:28:01,18,20,0,444,8.778,75.701
2026-09-06 02:33:02,166,184,0,637,8.716,75.699
2026-09-06 02:38:02,27,30,0,417,8.569,75.92
2026-09-06 02:43:01,28,31,0,432,8.503,76.321
2026-09-06 02:48:02,54,67,0,492,8.388,77.068
2026-09-06 02:53:02,37,41,0,508,8.27,76.635
2026-09-06 02:58:02,79,87,0,586,8.174,76.885
2026-09-06 03:03:02,22,24,0,396,7.953,78.272
2026-09-06 03:08:02,28,30,0,480,7.982,78.712
2026-09-06 03:13:02,14,19,0,392,7.953,78.453
2026-09-06 03:18:02,12,13,0,409,8.033,78.394
2026-09-06 03:23:02,14,16,0,410,7.878,79.157
2026-09-06 03:28:02,17,20,0,434,7.926,79
2026-09-06 03:33:02,20,21,0,447,8.011,78.522
2026-09-06 03:38:02,22,25,0,489,7.926,78.934
2026-09-06 03:43:02,26,26,0,495,7.864,78.876
2026-09-06 03:48:02,26,27,0,479,7.691,79.681
2026-09-06 03:53:02,30,31,0,507,7.707,78.955
2026-09-06 03:58:01,27,27,0,507,7.766,78.733
2026-09-06 04:03:02,30,33,0,485,7.646,78.884
2026-09-06 04:08:02,27,30,0,518,7.592,79.271
2026-09-06 04:13:02,28,29,0,518,7.531,79.241
2026-09-06 04:18:02,40,46,0,608,7.523,79.599
2026-09-06 04:23:02,30,31,0,495,7.173,80.372
2026-09-06 04:28:03,28,30,0,1727,7.194,80.248
2026-09-06 04:33:03,27,28,0,561,7.154,80.505
2026-09-06 04:38:03,25,25,0,516,7.133,80.501
2026-09-06 04:43:03,216,233,0,1960,7.013,80.662
2026-09-06 04:48:03,32,33,0,531,6.967,80.797
2026-09-06 04:53:03,36,40,0,532,6.938,80.41
2026-09-06 04:58:03,26,27,0,459,6.748,81.154
2026-09-06 05:03:03,28,31,0,443,6.625,80.755
2026-09-06 05:08:03,28,29,0,435,6.604,80.204
2026-09-06 05:13:03,37,40,0,542,6.58,80.669
2026-09-06 05:18:03,29,32,0,459,6.407,81.058
2026-09-06 05:23:03,29,30,0,453,6.366,81.928
2026-09-06 05:28:03,31,33,0,474,6.366,81.194
2026-09-06 05:33:03,29,30,0,494,6.382,81.249
2026-09-06 05:38:03,27,28,0,474,6.174,83.147
2026-09-06 05:43:03,28,29,0,434,5.88,85.054
2026-09-06 05:48:03,30,32,0,468,6.094,84.188
2026-09-06 05:53:03,30,30,0,474,6.23,83.418
2026-09-06 05:58:03,29,31,0,466,6.212,83.715
2026-09-06 06:03:03,28,30,0,440,6.18,83.511
2026-09-06 06:08:03,26,29,0,454,6.19,83.466
2026-09-06 06:13:03,28,28,0,439,6.22,82.899
2026-09-06 06:18:03,26,29,0,417,6.342,82.216
2026-09-06 06:23:03,28,29,0,440,6.361,81.533
2026-09-06 06:28:03,25,27,0,424,6.113,81.221
2026-09-06 06:33:03,25,28,0,422,6.03,82.458
2026-09-06 06:38:03,23,26,0,419,6.065,81.9
2026-09-06 06:43:04,27,28,0,457,6.001,81.896
2026-09-06 06:48:03,29,30,0,443,5.814,83.62
2026-09-06 06:53:03,25,27,0,440,5.923,84.862
2026-09-06 06:58:03,27,27,0,460,5.878,84.059
2026-09-06 07:03:03,29,29,0,432,5.87,83.984
2026-09-06 07:08:03,29,29,0,423,5.795,84.362
2026-09-06 07:13:03,26,29,0,400,5.971,81.989
2026-09-06 07:18:04,27,29,0,426,5.806,82.867
2026-09-06 07:23:03,28,28,0,416,5.704,84.364
2026-09-06 07:28:04,33,34,0,2006,5.88,82.924
2026-09-06 07:33:04,29,29,0,479,5.819,83.193
2026-09-06 07:38:04,28,31,0,479,5.768,83.513
2026-09-06 07:43:04,27,29,0,457,5.84,83.204
2026-09-06 07:48:05,29,32,0,493,5.752,82.348
2026-09-06 07:53:04,39,43,0,464,6.121,81.247
2026-09-06 07:58:05,30,34,0,548,5.848,82.735
2026-09-06 08:03:04,28,29,0,465,6.126,80.86
2026-09-06 08:08:04,28,29,0,455,6.083,80.744
2026-09-06 08:13:05,19,23,0,402,5.88,80.233
2026-09-06 08:18:05,17,21,0,379,5.75,80.381
2026-09-06 08:23:04,17,18,0,413,5.581,80.986
2026-09-06 08:28:04,18,18,0,361,5.587,80.955
2026-09-06 08:33:05,15,18,0,356,5.603,81.306
2026-09-06 08:38:04,19,21,0,377,5.75,81.148
2026-09-06 08:43:05,14,16,0,354,5.953,80.435
2026-09-06 08:48:05,16,22,0,372,5.886,81.413
2026-09-06 08:53:04,23,23,0,407,5.995,81.396
2026-09-06 08:58:05,22,22,0,369,6.003,81.932
2026-09-06 09:03:04,27,29,0,449,6.358,80.902
2026-09-06 09:08:05,23,28,0,413,6.882,79.073
2026-09-06 09:13:05,26,26,0,461,7.501,77.56
2026-09-06 09:18:04,20,25,0,396,7.894,76.504
2026-09-06 09:23:05,25,25,0,426,8.062,76.904
2026-09-06 09:28:05,19,20,0,388,8.754,74.156
2026-09-06 09:33:05,7,9,0,332,9.234,72.847
2026-09-06 09:38:05,12,12,0,280,9.731,69.614
2026-09-06 09:43:05,15,20,0,416,9.982,69.752
2026-09-06 09:48:05,9,9,0,288,11.664,63.671
2026-09-06 09:53:05,9,11,0,285,15.253,52.263
2026-09-06 09:58:05,13,13,0,203,16.057,48.49
2026-09-06 10:03:05,8,9,0,203,18.346,43.807
2026-09-06 10:08:05,11,12,0,278,19.734,40.55
2026-09-06 10:13:05,9,9,0,236,20.589,39.525
2026-09-06 10:18:05,8,10,0,234,19.005,41.94
2026-09-06 10:23:05,8,8,0,179,20.682,39.537
2026-09-06 10:28:06,9,9,0,175,21.39,37.299
2026-09-06 10:33:06,8,8,0,89,22.324,35.482
2026-09-06 10:38:06,8,8,0,97,23.489,33.824
2026-09-06 10:43:06,10,11,0,126,24.18,32.117
2026-09-06 10:48:06,6,6,0,121,24.904,32.165
2026-09-06 10:53:06,7,7,0,76,25.203,31.465
2026-09-06 10:58:06,9,9,0,56,23.222,35.093
2026-09-06 11:03:06,5,6,0,15,24.762,32.418
2026-09-06 11:08:06,8,8,0,9,23.048,35.163
2026-09-06 11:13:06,7,8,0,0,24.007,34
2026-09-06 11:18:06,6,6,0,0,22.493,37.967
2026-09-06 11:23:06,5,5,0,0,23.75,34.61
2026-09-06 11:28:06,7,7,0,0,21.707,36.235
2026-09-06 11:33:06,7,7,0,0,24.137,33.023
2026-09-06 11:38:07,7,11,0,1,24.997,33.815
2026-09-06 11:43:06,8,8,0,66,26.148,30.11
2026-09-06 11:48:06,6,6,0,0,26.29,30.29
2026-09-06 11:53:06,6,6,0,56,26.92,27.883
2026-09-06 11:58:06,7,7,0,0,26.736,28.665
2026-09-06 12:03:06,5,5,0,0,26.653,30.17
2026-09-06 12:08:06,6,6,0,0,24.904,32.373
2026-09-06 12:13:06,5,5,0,0,24.351,30.978
2026-09-06 12:18:06,6,6,0,0,23.443,33.784
2026-09-06 12:23:06,6,6,0,0,23.63,33.443
2026-09-06 12:28:06,5,5,0,0,23.179,33.189
2026-09-06 12:33:06,6,7,0,0,22.14,35.823
2026-09-06 12:38:07,18,19,0,0,22.677,35.123
2026-09-06 12:43:06,19,22,0,0,21.406,36.893
2026-09-06 12:48:07,19,19,0,0,20.727,39.483
2026-09-06 12:53:06,9,9,0,0,20.663,40.17
2026-09-06 12:58:06,12,13,0,0,21.16,39.19
2026-09-06 13:03:07,7,7,0,0,20.589,39.352
2026-09-06 13:08:06,6,6,0,0,20.677,38.348
2026-09-06 13:13:07,6,6,0,0,20.557,38.4
2026-09-06 13:18:07,3,5,0,0,21.764,38.215
2026-09-06 13:23:07,4,5,0,0,21.213,37.95
2026-09-06 13:28:08,4,4,0,24,21.101,37.881
2026-09-06 13:33:08,3,3,0,231,21.168,37.7
2026-09-06 13:38:07,3,5,0,109,20.81,36.079
2026-09-06 13:43:08,1,1,0,96,21.128,35.236
2026-09-06 13:48:07,1,2,0,193,21.537,35.077
2026-09-06 13:53:08,1,1,0,348,21.101,32.596
2026-09-06 13:58:08,2,3,0,19,20.631,35.352
2026-09-06 14:03:07,2,2,0,17,20.984,38.657
2026-09-06 14:08:07,2,2,0,7,20.808,37.786
2026-09-06 14:13:11,3,4,0,23,21.203,39.277
2026-09-06 14:18:08,6,6,0,0,20.76,41.461
2026-09-06 14:23:07,2,3,0,8,21.246,40.256
2026-09-06 14:28:08,4,4,0,6,20.792,42.455
2026-09-06 14:33:08,5,6,0,14,20.944,42.785
2026-09-06 14:38:08,2,2,0,16,21.067,41.738
2026-09-06 14:43:08,4,4,0,0,20.781,43.796
2026-09-06 14:48:08,2,3,0,4,20.768,44.023
2026-09-06 14:53:07,4,5,0,0,21.085,44.637
2026-09-06 14:58:08,3,6,0,0,20.784,46.432
2026-09-06 15:03:08,5,5,0,0,20.768,45.686
2026-09-06 15:08:07,4,4,0,62,21.163,45.2
2026-09-06 15:13:08,4,5,0,0,20.909,46.535
2026-09-06 15:18:08,3,3,0,0,21.008,46.476
2026-09-06 15:23:08,4,6,0,0,21.224,46.487
2026-09-06 15:28:08,4,4,0,18,20.77,47.277
2026-09-06 15:33:08,5,5,0,20,20.829,46.691
2026-09-06 15:38:08,3,4,0,144,20.695,47.05
2026-09-06 15:43:08,3,3,0,192,21.283,46.558
2026-09-06 15:48:08,1,2,0,107,21.197,47.069
2026-09-06 15:53:08,2,2,0,505,20.981,46.239
2026-09-06 15:58:08,3,3,0,426,20.989,46.785
2026-09-06 16:03:08,3,4,0,291,20.733,46.766
2026-09-06 16:08:08,3,3,0,307,21.059,46.094
2026-09-06 16:13:08,2,2,0,138,21.088,46.481
2026-09-06 16:18:08,3,3,0,397,21.558,45.669
2026-09-06 16:23:08,2,2,0,1124,20.856,46.651
2026-09-06 16:28:09,1,1,0,21,20.85,46.884
2026-09-06 16:33:09,2,2,0,223,20.901,46.283
2026-09-06 16:38:09,2,2,0,205,20.837,46.39
2026-09-06 16:43:09,2,2,0,153,20.642,46.985
2026-09-06 16:48:09,1,1,0,256,20.602,47.157
2026-09-06 16:53:09,3,3,0,325,20.706,46.724
2026-09-06 16:58:09,2,2,0,816,20.845,46.14
2026-09-06 17:03:09,4,5,0,795,20.626,45.984
2026-09-06 17:08:09,1,1,0,805,20.37,46.098
2026-09-06 17:13:09,2,2,0,777,20.418,46.222
2026-09-06 17:18:09,2,2,0,1145,20.306,46.035
2026-09-06 17:23:09,1,1,0,1892,20.399,46.134
2026-09-06 17:28:09,0,0,0,498,19.702,46.445
2026-09-06 17:33:09,0,3,0,231,19.606,46.319
2026-09-06 17:38:09,0,1,0,467,19.841,46.256
2026-09-06 17:43:09,0,1,0,283,19.448,46.892
2026-09-06 17:48:09,0,1,0,497,19.256,47.195
2026-09-06 17:53:09,0,0,0,484,19.243,46.476
2026-09-06 17:58:10,0,0,0,735,19.347,46.655
2026-09-06 18:03:09,0,0,0,720,18.858,47.326
2026-09-06 18:08:09,0,0,0,1300,19.139,46.729
2026-09-06 18:13:09,0,0,0,1068,18.642,48.139
2026-09-06 18:18:10,1,2,0,1596,18.53,47.948
2026-09-06 18:23:09,0,0,0,2806,18.346,48.139
2026-09-06 18:28:10,0,0,0,1064,18.14,48.999
2026-09-06 18:33:09,0,1,0,3687,17.86,49.535
2026-09-06 18:38:10,1,1,0,3955,17.737,49.575
2026-09-06 18:43:10,0,1,0,3425,17.528,50.312
2026-09-06 18:48:09,1,1,0,1462,17.155,51.279
2026-09-06 18:53:10,0,0,0,5110,16.861,52.238
2026-09-06 18:58:10,0,0,0,3670,16.674,52.629
2026-09-06 19:03:10,0,0,0,4880,16.548,53.033
2026-09-06 19:08:10,0,1,0,1832,16.289,53.329
2026-09-06 19:13:10,1,1,0,2347,15.948,54.613
2026-09-06 19:18:10,0,0,0,1853,15.809,54.843
2026-09-06 19:23:10,0,1,0,821,15.726,54.657
2026-09-06 19:28:11,0,0,0,19,15.638,54.527
2026-09-06 19:33:11,0,1,0,226,15.504,54.407
2026-09-06 19:38:11,0,0,0,681,15.486,54.666
2026-09-06 19:43:11,0,1,0,318,15.173,55.28
2026-09-06 19:48:10,0,1,0,370,14.882,56.16
2026-09-06 19:53:11,0,1,0,378,15.09,55.589
2026-09-06 19:58:11,0,0,0,67,14.957,55.786
2026-09-06 20:03:11,0,0,0,363,14.885,56.058
2026-09-06 20:08:11,0,0,0,681,15.01,55.748
2026-09-06 20:13:11,0,0,0,1027,14.879,56.175
2026-09-06 20:18:11,1,1,0,502,14.57,57.132
2026-09-06 20:23:11,0,0,0,385,14.356,57.827
2026-09-06 20:28:11,1,1,0,270,14.324,57.949
2026-09-06 20:33:11,0,1,0,122,14.084,58.374
2026-09-06 20:38:11,2,2,0,108,13.753,58.969
2026-09-06 20:43:11,1,1,0,246,13.819,58.677
2026-09-06 20:48:11,1,1,0,166,13.742,58.363
2026-09-06 20:53:11,1,1,0,226,13.64,58.456
2026-09-06 20:58:11,0,0,0,151,13.48,58.851
2026-09-06 21:03:11,0,1,0,115,13.13,59.209
2026-09-06 21:08:11,0,0,0,106,12.981,59.333
2026-09-06 21:13:11,1,2,0,128,13.08,59.536
2026-09-06 21:18:11,1,1,0,181,12.938,59.698
2026-09-06 21:23:11,0,0,0,234,12.663,60.079
2026-09-06 21:28:12,0,0,0,162,12.65,60.215
2026-09-06 21:33:11,0,1,0,108,12.452,60.308
2026-09-06 21:38:11,0,1,0,99,12.522,60.629
2026-09-06 21:43:11,0,0,0,124,12.551,60.678
2026-09-06 21:48:11,0,1,0,140,12.238,61.065
2026-09-06 21:53:11,1,1,0,121,12.06,61.466
2026-09-06 21:58:11,1,1,0,131,11.873,61.063
2026-09-06 22:03:11,0,1,0,315,11.638,61.988
2026-09-06 22:08:11,0,1,0,255,11.771,61.847
2026-09-06 22:13:11,0,1,0,225,11.568,62.023
2026-09-06 22:18:11,1,1,0,176,11.691,62.259
2026-09-06 22:23:11,1,1,0,329,11.48,62.496
2026-09-06 22:28:12,2,2,0,0,11.307,62.774
2026-09-06 22:33:12,0,0,0,0,11.213,63.211
2026-09-06 22:38:12,1,1,0,0,11.042,63.495
2026-09-06 22:43:12,1,1,0,0,11.069,63.736
2026-09-06 22:48:12,0,1,0,0,11.098,63.6
2026-09-06 22:53:12,1,1,0,0,10.823,64.176
2026-09-06 22:58:12,1,1,0,0,10.933,64.281
2026-09-06 23:03:12,0,0,0,0,10.949,64.626
2026-09-06 23:08:12,0,0,0,0,10.714,65.368
2026-09-06 23:13:12,2,2,0,0,10.778,65.34
2026-09-06 23:18:12,9,9,0,0,10.57,65.736
2026-09-06 23:23:12,3,3,0,0,10.431,65.75
2026-09-06 23:28:13,0,1,0,0,10.396,65.777
2026-09-06 23:33:12,1,1,0,0,10.228,66.517
2026-09-06 23:38:13,0,1,0,0,10.019,66.864
2026-09-06 23:43:13,1,1,0,0,10.035,66.864
2026-09-06 23:48:13,0,2,0,0,9.899,66.946
2026-09-06 23:53:12,0,0,0,0,9.803,67.013
2026-09-06 23:58:12,0,0,0,0,9.897,66.778
2026-09-07 00:03:12,0,0,0,0,9.723,66.833
2026-09-07 00:08:13,0,1,0,0,9.822,66.204
2026-09-07 00:13:12,0,0,0,0,9.739,66.669
2026-09-07 00:18:13,0,0,0,0,9.862,66.398
2026-09-07 00:23:13,0,0,0,0,9.798,66.568
2026-09-07 00:28:13,0,0,0,0,9.774,66.86
2026-09-07 00:33:13,0,0,0,0,9.723,66.932
2026-09-07 00:38:12,3,3,0,0,9.507,67.507
2026-09-07 00:43:13,0,1,0,3,9.395,67.768
2026-09-07 00:48:12,1,1,0,21,9.368,67.816
2026-09-07 00:53:13,1,2,0,14,9.368,68.128
2026-09-07 00:58:13,0,1,0,47,9.298,68.126
2026-09-07 01:03:13,0,1,0,87,9.202,68.153
2026-09-07 01:08:13,0,0,0,236,9.098,68.537
2026-09-07 01:13:13,0,1,0,221,9.074,68.649
2026-09-07 01:18:13,0,0,0,282,9.047,69.046
2026-09-07 01:23:12,0,0,0,303,8.989,69.019
2026-09-07 01:28:14,0,0,0,406,8.957,69.164
2026-09-07 01:33:14,1,2,0,300,8.855,69.284
2026-09-07 01:38:14,1,1,0,229,8.869,69.156
2026-09-07 01:43:14,1,1,0,264,8.818,69.591
2026-09-07 01:48:14,1,1,0,279,8.77,69.675
2026-09-07 01:53:14,0,0,0,205,8.78,69.313
2026-09-07 01:58:14,0,0,0,211,8.663,69.919
2026-09-07 02:03:14,1,1,0,306,8.679,69.977
2026-09-07 02:08:14,0,0,0,262,8.62,70.232
2026-09-07 02:13:14,0,1,0,207,8.489,71.039
2026-09-07 02:18:14,0,1,0,256,8.471,71.029
2026-09-07 02:23:14,3,4,0,268,8.487,70.801
2026-09-07 02:28:14,0,1,0,135,8.492,70.404
2026-09-07 02:33:14,0,0,0,206,8.377,71.359
2026-09-07 02:38:14,2,2,0,269,8.254,72.281
2026-09-07 02:43:14,1,1,0,303,8.268,71.89
2026-09-07 02:48:14,1,1,0,248,8.212,71.625
2026-09-07 02:53:14,0,0,0,332,8.134,71.895
2026-09-07 02:58:14,0,0,0,35,8.26,71.037
2026-09-07 03:03:14,0,0,0,185,7.897,72.748
2026-09-07 03:08:14,0,0,0,145,7.768,73.208
2026-09-07 03:13:14,1,1,0,161,7.627,73.629
2026-09-07 03:18:14,0,0,0,194,7.427,74.722
2026-09-07 03:23:14,0,1,0,202,7.098,76.731
2026-09-07 03:28:14,1,1,0,200,6.943,77.028
2026-09-07 03:33:15,0,0,0,220,6.751,78.171
2026-09-07 03:38:14,0,0,0,235,6.617,79.288
2026-09-07 03:43:14,0,1,0,260,6.617,78.995
2026-09-07 03:48:14,0,2,0,289,6.644,79.157
2026-09-07 03:53:14,1,2,0,309,6.401,79.575
2026-09-07 03:58:14,2,3,0,307,6.377,79.571
2026-09-07 04:03:14,1,1,0,325,6.276,79.521
2026-09-07 04:08:14,0,0,0,333,6.222,79.363
2026-09-07 04:13:15,1,1,0,345,6.241,79.832
2026-09-07 04:18:14,2,2,0,342,6.065,79.767
2026-09-07 04:23:14,1,2,0,347,5.929,80.425
2026-09-07 04:28:16,1,1,0,696,5.886,81.663
2026-09-07 04:33:15,2,2,0,375,5.814,81.362
2026-09-07 04:38:16,3,3,0,310,5.621,84.055
2026-09-07 04:43:15,2,3,0,314,5.648,83.508
2026-09-07 04:48:15,3,4,0,348,5.501,83.679
2026-09-07 04:53:15,4,4,0,358,5.429,83.05
2026-09-07 04:58:16,3,3,0,374,5.394,83
2026-09-07 05:03:15,2,2,0,364,5.368,83.355
2026-09-07 05:08:16,3,3,0,349,5.309,83.546
2026-09-07 05:13:16,3,3,0,348,5.266,83.563
2026-09-07 05:18:15,2,4,0,351,5.149,84.171
2026-09-07 05:23:15,4,4,0,355,4.919,84.043
2026-09-07 05:28:16,3,3,0,348,4.804,84.463
2026-09-07 05:33:16,2,2,0,342,4.78,85.125
2026-09-07 05:38:16,4,4,0,323,4.7,86.479
2026-09-07 05:43:16,4,4,0,363,4.652,86.67
2026-09-07 05:48:16,4,4,0,318,4.527,86.216
2026-09-07 05:53:16,4,4,0,321,4.569,86.205
2026-09-07 05:58:16,4,6,0,319,4.481,87.805
2026-09-07 06:03:16,4,6,0,317,4.398,87.872
2026-09-07 06:08:16,7,7,0,351,4.449,88.718
2026-09-07 06:13:16,4,6,0,411,4.5,88.886
2026-09-07 06:18:15,7,13,0,442,4.457,90.117
2026-09-07 06:23:16,7,7,0,424,4.511,89.684
2026-09-07 06:28:16,6,6,0,406,4.497,89.245
2026-09-07 06:33:16,6,8,0,401,4.452,87.975
2026-09-07 06:38:16,6,7,0,430,4.476,89.47
2026-09-07 06:43:16,9,13,0,422,4.577,91.704
2026-09-07 06:48:16,8,8,0,446,4.647,89.462
2026-09-07 06:53:15,8,9,0,414,4.652,87.681
2026-09-07 06:58:16,8,8,0,431,4.567,86.659
2026-09-07 07:03:16,7,7,0,424,4.551,86.815
2026-09-07 07:08:15,8,8,0,421,4.42,86.256
2026-09-07 07:13:16,7,7,0,426,4.22,86.454
2026-09-07 07:18:16,7,8,0,345,3.899,87.481
2026-09-07 07:23:16,6,6,0,393,3.888,87.994
2026-09-07 07:28:17,6,6,0,1597,3.84,87.437
2026-09-07 07:33:17,5,5,0,389,3.926,86.618
2026-09-07 07:38:17,6,7,0,346,3.696,86.523
2026-09-07 07:43:17,4,4,0,332,3.731,86.649
2026-09-07 07:48:17,6,6,0,331,3.685,86.273
2026-09-07 07:53:17,6,7,0,383,3.541,87.214
2026-09-07 07:58:17,7,8,0,476,3.525,88.289
2026-09-07 08:03:17,8,9,0,434,3.587,88.772
2026-09-07 08:08:17,8,8,0,451,3.677,88.993
2026-09-07 08:13:17,7,8,0,398,3.787,88.083
2026-09-07 08:18:17,8,8,0,414,3.677,87.069
2026-09-07 08:23:17,6,6,0,362,3.648,86.781
2026-09-07 08:28:17,6,6,0,348,3.838,86.365
2026-09-07 08:33:17,6,6,0,507,3.827,87.235
2026-09-07 08:38:17,5,6,0,365,3.779,87.412
2026-09-07 08:43:17,7,8,0,352,3.904,87.898
2026-09-07 08:48:17,9,9,0,548,4.185,88.81
2026-09-07 08:53:17,9,9,0,436,4.438,88.417
2026-09-07 08:58:17,9,9,0,426,4.647,88.266
2026-09-07 09:03:17,8,9,0,387,4.93,87.582
2026-09-07 09:08:17,9,15,0,453,5.202,86.899
2026-09-07 09:13:17,15,17,0,488,5.298,86.775
2026-09-07 09:18:17,21,21,0,470,5.688,87.04
2026-09-07 09:23:17,24,26,0,464,5.958,86.203
2026-09-07 09:28:17,23,26,0,459,6.233,85.606
2026-09-07 09:33:17,21,21,0,400,6.591,85.171
2026-09-07 09:38:17,22,25,0,362,6.81,84.032
2026-09-07 09:43:17,22,23,0,335,7.106,83.95
2026-09-07 09:48:17,26,26,0,369,8.885,76.74
2026-09-07 09:53:17,23,23,0,375,10.639,71.127
2026-09-07 09:58:17,21,22,0,371,13.285,61.777
2026-09-07 10:03:17,28,29,0,414,13.64,60.537
2026-09-07 10:08:17,25,27,0,394,15.582,55.633
2026-09-07 10:13:18,27,27,0,412,17.595,50.376
2026-09-07 10:18:17,33,35,100,426,18.311,47.933
2026-09-07 10:23:18,33,37,100,442,17.699,47.01
2026-09-07 10:28:19,32,36,94,965,18.116,47.008
2026-09-07 10:33:18,29,32,94,371,18.861,45.339
2026-09-07 10:38:18,32,36,94,411,20.5,42.577
2026-09-07 10:43:19,32,35,0,440,20.407,42.968
2026-09-07 10:48:19,29,31,0,449,20.212,42.888
2026-09-07 10:53:19,22,22,0,395,18.548,45.39
2026-09-07 10:58:20,24,25,0,395,20.388,43.224
2026-09-07 11:03:19,23,24,0,380,19.766,42.476
2026-09-07 11:08:18,18,19,0,357,17.187,49.587
2026-09-07 11:13:19,14,16,0,249,17.491,47.851
2026-09-07 11:18:19,12,14,0,217,16.137,52.381
2026-09-07 11:23:19,6,8,0,189,16.778,51.633
2026-09-07 11:28:19,4,5,0,163,17.224,50.71
2026-09-07 11:33:18,5,6,0,127,15.945,52.366
2026-09-07 11:38:20,7,7,0,125,16.241,52.448
2026-09-07 11:43:19,11,11,0,155,15.187,54.967
2026-09-07 11:48:19,8,8,0,173,16.498,52.583
2026-09-07 11:53:19,8,8,0,92,15.878,53.31
2026-09-07 11:58:19,7,7,0,73,15.595,53.67
2026-09-07 12:03:19,6,6,0,44,14.818,56.051
2026-09-07 12:08:19,7,7,0,57,15.94,53.607
2026-09-07 12:13:19,5,5,0,16,15.2,54.227
2026-09-07 12:18:19,3,3,0,0,15.689,54.462
2026-09-07 12:23:19,6,6,0,10,15.846,54.782
2026-09-07 12:28:19,4,4,0,7,16.228,52.528
2026-09-07 12:33:19,3,4,0,0,15.95,53.886
2026-09-07 12:38:19,4,4,0,0,15.795,53.731
2026-09-07 12:43:19,4,4,0,0,15.948,53.182
2026-09-07 12:48:19,3,4,0,0,16.345,53.667
2026-09-07 12:53:19,3,3,0,0,16.113,52.463
2026-09-07 12:58:19,4,4,0,0,16.551,51.937
2026-09-07 13:03:19,1,1,0,0,17.288,51.452
2026-09-07 13:08:19,1,2,0,0,16.172,53.358
2026-09-07 13:13:19,2,3,0,0,16.861,51.588
2026-09-07 13:18:19,4,4,0,40,17.165,52.354
2026-09-07 13:23:19,3,3,0,33,17.28,51.237
2026-09-07 13:28:20,1,2,0,0,17.101,51.902
2026-09-07 13:33:20,2,3,0,0,17.032,51.475
2026-09-07 13:38:20,1,3,0,0,18.143,49.077
2026-09-07 13:43:20,0,0,0,0,17.71,48.498
2026-09-07 13:48:20,0,1,0,0,18.567,45.541
2026-09-07 13:53:20,0,0,0,0,18.554,44.731
2026-09-07 13:58:20,2,2,0,0,18.271,47.998
2026-09-07 14:03:20,0,0,0,0,18.394,47.738
2026-09-07 14:08:20,0,0,0,0,18.46,46.672
2026-09-07 14:13:20,0,1,0,0,18.204,46.668
2026-09-07 14:18:20,0,0,0,0,18.105,45.055
2026-09-07 14:23:20,1,2,0,0,18.984,44.75
2026-09-07 14:28:21,0,0,0,0,18.703,46.882
2026-09-07 14:33:20,0,0,0,0,18.888,46.934
2026-09-07 14:38:20,1,1,0,0,18.84,46.062
2026-09-07 14:43:20,2,2,0,0,19.048,46.687
2026-09-07 14:48:20,0,0,0,0,18.682,48.919
2026-09-07 14:53:20,0,1,0,0,18.605,48.587
2026-09-07 14:58:21,2,2,0,0,18.885,48.572
2026-09-07 15:03:20,0,1,0,0,18.96,48.29
2026-09-07 15:08:21,0,0,0,0,18.906,48.736
2026-09-07 15:13:21,0,0,0,0,18.81,48.856
2026-09-07 15:18:21,0,0,0,0,19.093,48.29
2026-09-07 15:23:21,0,1,0,0,18.97,48.671
2026-09-07 15:28:21,1,2,0,0,19.432,48.559
2026-09-07 15:33:21,0,0,0,0,19.44,48.253
2026-09-07 15:38:21,1,2,0,0,19.099,48.345
2026-09-07 15:43:20,0,0,0,0,18.816,48.812
2026-09-07 15:48:21,1,1,0,0,18.845,49.303
2026-09-07 15:53:21,1,1,0,0,18.914,49.184
2026-09-07 15:58:21,0,0,0,0,19.125,48.871
2026-09-07 16:03:21,0,0,0,0,19.181,49.444
2026-09-07 16:08:21,0,0,0,0,18.88,49.093
2026-09-07 16:13:21,0,1,0,0,19.026,49.713
2026-09-07 16:18:21,0,0,0,0,19.229,49.121
2026-09-07 16:23:21,0,1,0,0,18.888,49.341
2026-09-07 16:28:22,0,0,0,24,18.543,50.029
2026-09-07 16:33:22,1,1,0,177,18.575,50.233
2026-09-07 16:38:22,1,2,0,204,18.538,49.806
2026-09-07 16:43:21,0,0,0,225,18.885,49.907
2026-09-07 16:48:22,0,0,0,338,18.698,50.447
2026-09-07 16:53:22,0,0,0,104,18.41,50.786
2026-09-07 16:58:22,0,0,0,85,18.209,51.538
2026-09-07 17:03:22,0,0,0,151,18.661,50.981
2026-09-07 17:08:22,1,1,0,208,18.169,52.001
2026-09-07 17:13:22,0,0,0,36,17.913,52.598
2026-09-07 17:18:22,1,1,0,178,17.913,52.181
2026-09-07 17:23:22,1,1,0,116,17.902,52.907
2026-09-07 17:28:22,0,1,0,225,17.721,53.558
2026-09-07 17:33:22,0,0,0,2,17.566,53.44
2026-09-07 17:38:22,0,1,0,113,17.657,53.627
2026-09-07 17:43:22,0,0,0,123,17.43,54.134
2026-09-07 17:48:22,2,2,0,65,17.502,53.985
2026-09-07 17:53:22,1,1,0,159,17.107,54.531
2026-09-07 17:58:22,0,1,0,8,17.058,54.962
2026-09-07 18:03:22,0,0,0,155,17.275,54.281
2026-09-07 18:08:22,0,1,0,109,16.896,55.553
2026-09-07 18:13:22,6,7,0,289,16.685,55.936
2026-09-07 18:18:22,1,1,0,554,16.65,55.995
2026-09-07 18:23:22,0,0,0,183,16.754,55.767
2026-09-07 18:28:22,0,0,0,168,16.217,56.867
2026-09-07 18:33:22,0,0,0,1136,16.538,56.4
2026-09-07 18:38:22,0,0,0,610,16.217,57.083
2026-09-07 18:43:22,1,1,0,351,16.167,57.34
2026-09-07 18:48:22,0,0,0,121,16.004,57.754
2026-09-07 18:53:22,0,0,0,409,15.707,58.509
2026-09-07 18:58:22,0,0,0,342,15.627,59.177
2026-09-07 19:03:22,2,3,0,1451,15.333,59.848
2026-09-07 19:08:22,4,4,0,542,15.066,60.382
2026-09-07 19:13:22,4,6,0,905,14.954,60.997
2026-09-07 19:18:22,4,5,0,986,14.89,61.329
2026-09-07 19:23:22,4,4,0,805,14.642,61.884
2026-09-07 19:28:23,2,2,0,30,14.559,62.379
2026-09-07 19:33:23,0,0,0,184,14.316,62.769
2026-09-07 19:38:24,0,0,0,177,14.247,63.221
2026-09-07 19:43:23,1,1,0,322,14.03,63.905
2026-09-07 19:48:23,1,1,0,257,13.819,64.491
2026-09-07 19:53:23,1,2,0,150,13.63,64.708
2026-09-07 19:58:24,0,0,0,70,13.507,65.113
2026-09-07 20:03:23,1,1,0,107,13.352,65.38
2026-09-07 20:08:23,0,0,0,133,13.208,66.091
2026-09-07 20:13:26,0,1,0,293,13.219,65.454
2026-09-07 20:18:24,1,1,0,111,13.016,66.248
2026-09-07 20:23:23,0,0,0,147,12.903,66.74
2026-09-07 20:28:24,1,1,0,217,12.818,66.789
2026-09-07 20:33:23,0,0,0,202,12.676,67.322
2026-09-07 20:38:27,0,0,0,148,12.66,67.316
2026-09-07 20:43:23,0,0,0,187,12.305,68.203
2026-09-07 20:48:24,0,0,0,295,12.393,68.092
2026-09-07 20:53:23,0,0,0,251,12.271,68.39
2026-09-07 20:58:24,0,0,0,306,12.228,68.552
2026-09-07 21:03:24,0,0,0,194,11.953,69.305
2026-09-07 21:08:24,0,0,0,287,12.009,69.189
2026-09-07 21:13:24,0,0,0,274,11.777,69.641
2026-09-07 21:18:24,0,0,0,328,11.803,69.566
2026-09-07 21:23:24,0,1,0,477,11.552,70.535
2026-09-07 21:28:24,0,0,0,641,11.381,71.014
2026-09-07 21:33:24,0,0,0,393,11.429,70.892
2026-09-07 21:38:24,0,1,0,437,11.301,71.438
2026-09-07 21:43:24,1,3,0,531,11.186,71.771
2026-09-07 21:48:24,4,4,0,607,11.376,71.649
2026-09-07 21:53:24,2,2,0,631,11.307,71.588
2026-09-07 21:58:23,2,2,0,748,11.216,72.025
2026-09-07 22:03:24,1,1,0,1091,11.144,71.886
2026-09-07 22:08:24,0,0,0,768,11.09,72.183
2026-09-07 22:13:24,2,2,0,706,11.002,72.494
2026-09-07 22:18:24,0,0,0,517,10.829,72.931
2026-09-07 22:23:24,1,1,0,1041,10.66,73.099
2026-09-07 22:28:25,1,3,0,28,10.628,73.278
2026-09-07 22:33:25,0,0,0,332,10.674,73.458
2026-09-07 22:38:25,1,2,0,204,10.46,73.957
2026-09-07 22:43:25,1,2,0,445,10.303,74.56
2026-09-07 22:48:25,1,1,0,230,10.327,74.528
2026-09-07 22:53:25,0,0,0,188,10.479,74.146
2026-09-07 22:58:25,0,0,0,135,10.596,73.809
2026-09-07 23:03:25,0,0,0,178,10.351,74.404
2026-09-07 23:08:25,1,1,0,219,10.174,74.941
2026-09-07 23:13:25,0,0,0,118,10.116,75.161
2026-09-07 23:18:25,0,1,0,175,10.035,75.415
2026-09-07 23:23:25,0,0,0,81,9.953,75.58
2026-09-07 23:28:25,0,0,0,330,9.87,76.015
2026-09-07 23:33:25,0,1,0,125,9.817,76.141
2026-09-07 23:38:25,0,0,0,228,9.811,76.389
2026-09-07 23:43:25,0,0,0,343,9.707,76.836
2026-09-07 23:48:25,0,0,0,187,9.632,76.921
2026-09-07 23:53:25,0,0,0,174,9.688,76.853
2026-09-07 23:58:25,0,0,0,137,9.574,77.137
2026-09-08 00:03:25,0,0,0,120,9.598,77.135
2026-09-08 00:08:25,0,0,0,99,9.6,76.952
2026-09-08 00:13:25,0,0,0,212,9.445,77.515
2026-09-08 00:18:25,0,0,0,154,9.328,77.774
2026-09-08 00:23:25,0,0,0,131,9.314,77.845
2026-09-08 00:28:25,0,0,0,106,9.253,77.921
2026-09-08 00:33:25,0,0,0,70,9.266,78.226
2026-09-08 00:38:25,0,0,0,118,9.32,78.056
2026-09-08 00:43:25,0,0,0,107,9.096,78.758
2026-09-08 00:48:25,0,0,0,212,9.149,78.627
2026-09-08 00:53:25,0,1,0,388,9.074,78.668
2026-09-08 00:58:25,5,5,0,659,8.999,79.016
2026-09-08 01:03:26,1,1,0,821,9.023,79.077
2026-09-08 01:08:26,1,2,0,629,8.962,79.1
2026-09-08 01:13:25,0,0,0,784,8.866,79.639
2026-09-08 01:18:26,0,1,0,807,8.855,79.426
2026-09-08 01:23:25,1,1,0,741,8.756,79.912
2026-09-08 01:28:27,0,0,0,0,8.69,79.998
2026-09-08 01:33:26,0,0,0,0,8.794,79.531
2026-09-08 01:38:27,0,0,0,0,8.78,79.372
2026-09-08 01:43:26,0,0,0,0,8.711,79.822
2026-09-08 01:48:26,0,0,0,0,8.738,79.454
2026-09-08 01:53:26,1,1,0,0,8.618,80.044
2026-09-08 01:58:27,1,1,0,0,8.65,80.158
2026-09-08 02:03:26,0,0,0,0,8.487,80.54
2026-09-08 02:08:27,0,0,0,0,8.431,80.738
2026-09-08 02:13:26,0,0,0,0,8.439,80.637
2026-09-08 02:18:27,1,1,0,0,8.329,81.068
2026-09-08 02:23:27,1,1,0,0,8.35,80.986
2026-09-08 02:28:27,0,0,0,26,8.27,80.79
2026-09-08 02:33:27,0,0,0,115,8.07,81.215
2026-09-08 02:38:26,0,0,0,88,7.843,82.212
2026-09-08 02:43:27,0,1,0,184,7.659,82.882
2026-09-08 02:48:26,1,2,0,265,7.696,82.249
2026-09-08 02:53:26,0,0,0,307,7.579,82.47
2026-09-08 02:58:27,0,1,0,302,7.301,82.706
2026-09-08 03:03:27,0,2,0,315,7.237,82.836
2026-09-08 03:08:26,1,1,0,292,7.077,83.786
2026-09-08 03:13:27,1,1,0,359,6.962,83.935
2026-09-08 03:18:26,2,2,0,366,6.82,83.845
2026-09-08 03:23:27,1,1,0,389,6.815,84.078
2026-09-08 03:28:27,4,5,0,408,6.65,84.061
2026-09-08 03:33:27,2,2,0,406,6.577,84.497
2026-09-08 03:38:27,3,3,0,371,6.423,85.037
2026-09-08 03:43:26,3,3,0,397,6.393,84.436
2026-09-08 03:48:27,3,3,0,410,6.23,84.492
2026-09-08 03:53:26,2,2,0,404,6.067,85.699
2026-09-08 03:58:27,2,2,0,401,5.937,86.893
2026-09-08 04:03:27,4,4,0,436,5.99,86.464
2026-09-08 04:08:27,3,4,0,459,5.862,86.567
2026-09-08 04:13:27,4,4,0,369,5.763,86.491
2026-09-08 04:18:27,7,7,0,418,5.707,86.365
2026-09-08 04:23:27,4,5,0,413,5.565,86.477
2026-09-08 04:28:28,4,7,0,1370,5.501,86.672
2026-09-08 04:33:28,4,4,0,378,5.314,86.84
2026-09-08 04:38:28,5,5,0,371,5.098,88.064
2026-09-08 04:43:28,4,4,0,359,5.197,89.108
2026-09-08 04:48:28,6,6,0,326,5.183,88.53
2026-09-08 04:53:28,4,4,0,363,5.034,87.282
2026-09-08 04:58:28,6,6,0,332,4.97,87.435
2026-09-08 05:03:28,6,6,0,371,5.074,87.601
2026-09-08 05:08:28,8,8,0,338,5.002,87.284
2026-09-08 05:13:28,4,6,0,343,4.951,88.759
2026-09-08 05:18:28,7,7,0,396,5.037,89.104
2026-09-08 05:23:28,4,4,0,365,4.86,87.551
2026-09-08 05:28:28,8,9,0,376,4.839,87.666
2026-09-08 05:33:28,8,9,0,350,4.7,87.751
2026-09-08 05:38:28,8,8,0,354,4.652,88.562
2026-09-08 05:43:28,20,21,0,400,4.762,90.084
2026-09-08 05:48:28,7,7,0,371,4.652,88.469
2026-09-08 05:53:28,8,9,0,365,4.641,87.826
2026-09-08 05:58:28,8,9,0,390,4.572,88.383
2026-09-08 06:03:28,7,8,0,373,4.676,88.995
2026-09-08 06:08:28,8,8,0,383,4.628,89.743
2026-09-08 06:13:28,9,11,0,371,4.593,89.676
2026-09-08 06:18:28,14,14,0,406,4.527,90.923
2026-09-08 06:23:28,14,19,0,423,4.519,90.881
2026-09-08 06:28:28,10,10,0,372,4.527,90.21
2026-09-08 06:33:28,13,15,0,403,4.564,90.435
2026-09-08 06:38:29,8,8,0,377,4.596,89.884
2026-09-08 06:43:28,15,15,0,354,4.449,88.631
2026-09-08 06:48:28,11,15,0,386,4.398,90.984
2026-09-08 06:53:28,13,15,0,381,4.385,89.439
2026-09-08 06:58:28,14,19,0,360,4.321,89.882
2026-09-08 07:03:28,9,11,0,351,4.209,89.176
2026-09-08 07:08:28,9,10,0,354,4.209,89.117
2026-09-08 07:13:28,11,11,0,350,4.198,88.421
2026-09-08 07:18:29,7,7,0,336,4.027,88.722
2026-09-08 07:23:28,9,13,0,380,4.03,89.302
2026-09-08 07:28:29,9,9,0,1640,3.958,90.254
2026-09-08 07:33:29,11,14,0,470,4.019,90.693
2026-09-08 07:38:29,14,14,0,532,3.896,90.721
2026-09-08 07:43:30,9,9,0,554,3.955,91.177
2026-09-08 07:48:30,14,14,0,538,3.958,90.58
2026-09-08 07:53:29,17,18,0,391,3.843,88.873
2026-09-08 07:58:30,11,14,0,382,3.872,89.127
2026-09-08 08:03:30,14,16,0,353,3.888,88.806
2026-09-08 08:08:30,19,23,0,407,3.862,90.906
2026-09-08 08:13:30,19,19,0,426,3.92,89.981
2026-09-08 08:18:30,21,21,0,463,3.867,91.305
2026-09-08 08:23:30,23,25,0,559,4.017,90.942
2026-09-08 08:28:30,30,32,0,428,4.083,90.349
2026-09-08 08:33:29,27,28,0,396,4.209,89.893
2026-09-08 08:38:30,24,29,0,499,4.39,90.386
2026-09-08 08:43:30,27,28,0,523,4.503,90.193
2026-09-08 08:48:30,29,33,0,454,4.655,90.09
2026-09-08 08:53:30,30,32,0,572,4.788,90.973
2026-09-08 08:58:29,29,30,0,431,4.94,90.515
2026-09-08 09:03:30,30,30,0,520,5.157,89.67
2026-09-08 09:08:30,32,33,0,485,5.325,89.834
2026-09-08 09:13:30,32,33,0,477,5.536,90.117
2026-09-08 09:18:30,29,30,0,475,5.84,89.647
2026-09-08 09:23:30,33,34,0,495,6.102,89.178
2026-09-08 09:28:30,34,36,0,443,6.404,88.85
2026-09-08 09:33:30,37,39,0,497,6.802,87.73
2026-09-08 09:38:30,40,49,0,500,7.274,87.137
2026-09-08 09:43:30,38,41,0,457,7.969,85.819
2026-09-08 09:48:30,43,54,0,465,11.066,74.241
2026-09-08 09:53:30,46,57,0,458,10.885,72.941
2026-09-08 09:58:30,47,55,100,441,13.603,64.539
2026-09-08 10:03:30,44,53,100,441,15.221,58.302
2026-09-08 10:08:30,35,41,0,450,15.635,58.929
2026-09-08 10:13:30,31,35,0,454,13.758,62.256
2026-09-08 10:18:30,31,31,0,436,14.516,62.664
2026-09-08 10:23:30,22,22,0,376,13.95,63.362
2026-09-08 10:28:31,24,24,0,826,12.989,65.818
2026-09-08 10:33:31,23,23,0,445,12.951,65.714
2026-09-08 10:38:31,22,23,0,386,15.042,60.991
2026-09-08 10:43:31,24,24,0,461,16.986,54.958
2026-09-08 10:48:31,25,25,0,465,16.944,54.634
2026-09-08 10:53:31,32,34,95,540,16.375,55.162
2026-09-08 10:58:31,23,24,0,449,15.726,58.973
2026-09-08 11:03:31,28,29,0,351,15.221,59.824
2026-09-08 11:08:31,33,37,95,371,14.949,59.377
2026-09-08 11:13:31,32,35,0,443,15.328,59.332
2026-09-08 11:18:32,34,39,0,414,14.666,60.575
2026-09-08 11:23:31,35,39,0,433,14.949,61.59
2026-09-08 11:28:31,35,40,0,440,14.949,60.342
2026-09-08 11:33:31,37,45,0,437,15.699,58.986
2026-09-08 11:38:32,35,44,0,435,17.032,56.318
2026-09-08 11:43:31,37,43,0,401,15.584,59.326
2026-09-08 11:48:31,40,48,0,506,15.942,58.817
2026-09-08 11:53:31,39,46,0,415,14.909,62.235
2026-09-08 11:58:31,39,46,0,473,15.138,61.203
2026-09-08 12:03:32,39,45,0,499,14.548,63.583
2026-09-08 12:08:31,39,45,0,527,14.551,63.661
2026-09-08 12:13:31,40,48,0,444,13.827,66.414
2026-09-08 12:18:32,36,41,0,414,13.942,64.663
2026-09-08 12:23:31,52,67,0,482,14.882,63.413
2026-09-08 12:28:32,35,39,0,437,14.711,63.116
2026-09-08 12:33:31,38,44,0,312,14.837,62.763
2026-09-08 12:38:32,37,47,0,352,15.133,61.798
2026-09-08 12:43:32,22,23,0,212,15.611,61.082
2026-09-08 12:48:31,19,21,0,198,16.829,56.61
2026-09-08 12:53:32,20,20,0,150,16.786,55.927
2026-09-08 12:58:32,13,14,0,117,15.964,58.723
2026-09-08 13:03:31,15,16,0,124,16.765,57.046
2026-09-08 13:08:31,12,12,0,115,16.46,58.12
2026-09-08 13:13:32,19,21,0,117,15.769,60.663
2026-09-08 13:18:32,17,17,0,91,15.969,59.98
2026-09-08 13:23:32,16,16,0,59,15.579,60.236
2026-09-08 13:28:32,8,9,0,133,15.349,60.192
2026-09-08 13:33:33,11,11,0,62,16.151,59.129
2026-09-08 13:38:32,7,7,0,29,16.599,57.304
2026-09-08 13:43:33,13,14,0,61,15.932,59.53
2026-09-08 13:48:33,12,12,0,98,16.175,59.717
2026-09-08 13:53:33,14,14,0,97,16.321,58.738
2026-09-08 13:58:33,13,14,0,93,16.273,60.199
2026-09-08 14:03:33,18,19,0,47,16.268,58.342
2026-09-08 14:08:33,9,9,0,0,17.366,55.421
2026-09-08 14:13:33,8,9,0,32,17.018,56.514
2026-09-08 14:18:33,14,16,0,44,16.524,58.286
2026-09-08 14:23:33,13,15,0,37,16.623,60.175
2026-09-08 14:28:32,9,11,0,28,16.097,61.287
2026-09-08 14:33:33,7,7,0,0,15.528,62.462
2026-09-08 14:38:33,4,5,0,0,15.838,61.47
2026-09-08 14:43:33,4,4,0,0,16.233,60.142
2026-09-08 14:48:33,1,2,0,0,15.958,61.138
2026-09-08 14:53:33,5,5,0,0,15.87,61.3
2026-09-08 14:58:33,5,6,0,0,15.99,60.93
2026-09-08 15:03:33,2,2,0,0,15.862,61.081
2026-09-08 15:08:33,0,0,0,0,16.337,59.473
2026-09-08 15:13:33,3,4,0,0,16.61,57.918
2026-09-08 15:18:33,0,0,0,0,16.791,57.287
2026-09-08 15:23:33,1,1,0,0,16.049,57.891
2026-09-08 15:28:33,0,0,0,0,16.532,56.669
2026-09-08 15:33:33,1,1,0,0,17.24,55.528
2026-09-08 15:38:33,0,0,0,0,16.492,56.501
2026-09-08 15:43:33,0,0,0,0,16.535,57.342
2026-09-08 15:48:33,0,1,0,0,16.479,57.373
2026-09-08 15:53:33,0,1,0,0,16.42,56.797
2026-09-08 15:58:33,0,0,0,0,16.289,56.913
2026-09-08 16:03:33,0,0,0,0,15.966,58.847
2026-09-08 16:08:33,0,0,0,0,16.14,58.467
2026-09-08 16:13:33,0,0,0,0,15.544,59.829
2026-09-08 16:18:33,0,0,0,0,15.379,61.142
2026-09-08 16:23:33,0,0,0,0,15.336,61.435
2026-09-08 16:28:34,0,0,0,27,14.906,62.847
2026-09-08 16:33:34,4,4,0,240,14.474,63.932
2026-09-08 16:38:34,0,0,0,255,14.498,63.947
2026-09-08 16:43:34,0,0,0,230,14.116,64.798
2026-09-08 16:48:34,0,0,0,347,13.964,65.319
2026-09-08 16:53:34,0,0,0,278,14.006,65.612
2026-09-08 16:58:34,0,0,0,223,13.974,65.828
2026-09-08 17:03:34,0,0,0,133,13.737,66.446
2026-09-08 17:08:34,0,0,0,256,13.632,66.892
2026-09-08 17:13:34,0,0,0,452,13.656,66.814
2026-09-08 17:18:34,0,0,0,328,13.512,67.449
2026-09-08 17:23:34,0,0,0,237,13.251,68.121
2026-09-08 17:28:34,0,1,0,257,13.304,68.056
2026-09-08 17:33:34,0,0,0,285,13.208,68.361
2026-09-08 17:38:34,8,8,0,353,13.08,68.611
2026-09-08 17:43:35,0,0,0,211,13.034,68.666
2026-09-08 17:48:34,0,1,0,266,13.064,68.645
2026-09-08 17:53:34,0,0,0,358,12.914,68.704
2026-09-08 17:58:35,0,0,0,290,12.829,69.204
2026-09-08 18:03:34,0,0,0,305,12.927,68.926
2026-09-08 18:08:34,0,0,0,335,12.842,69.015
2026-09-08 18:13:35,0,0,0,315,12.935,68.84
2026-09-08 18:18:34,0,0,0,144,12.692,69.649
2026-09-08 18:23:35,0,1,0,297,12.69,69.923
2026-09-08 18:28:35,0,0,0,318,12.58,70.196
2026-09-08 18:33:34,0,1,0,228,12.61,70.198
2026-09-08 18:38:35,0,0,0,216,12.385,70.877
2026-09-08 18:43:34,0,1,0,275,12.311,71.031
2026-09-08 18:48:35,0,0,0,214,12.201,70.967
2026-09-08 18:53:36,0,0,0,365,12.116,71.573
2026-09-08 18:58:35,0,0,0,264,12.001,71.88
2026-09-08 19:03:35,0,1,0,483,12.022,71.886
2026-09-08 19:08:35,0,0,0,351,11.905,72.115
2026-09-08 19:13:34,1,1,0,467,11.907,72.355
2026-09-08 19:18:35,2,3,0,461,11.777,73.164
2026-09-08 19:23:34,0,0,0,164,11.6,73.286
2026-09-08 19:28:36,1,1,0,0,11.702,73.166
2026-09-08 19:33:35,0,0,0,0,11.534,73.522
2026-09-08 19:38:36,0,0,0,0,11.547,73.454
2026-09-08 19:43:36,1,1,0,0,11.638,73.128
2026-09-08 19:48:36,0,0,0,0,11.611,73.408
2026-09-08 19:53:36,0,0,0,0,11.48,73.725
2026-09-08 19:58:36,0,1,0,0,11.566,73.389
2026-09-08 20:03:36,1,1,0,0,11.499,73.734
2026-09-08 20:08:36,2,2,0,0,11.501,73.667
2026-09-08 20:13:36,0,1,0,0,11.429,73.78
2026-09-08 20:18:36,1,1,0,0,11.363,74.303
2026-09-08 20:23:36,0,0,0,0,11.299,74.694
2026-09-08 20:28:36,0,0,0,0,11.283,74.364
2026-09-08 20:33:36,0,0,0,0,11.28,74.613
2026-09-08 20:38:36,0,0,0,0,11.106,74.953
2026-09-08 20:43:36,0,0,0,0,11.125,75.039
2026-09-08 20:48:36,1,1,0,0,11.205,74.833
2026-09-08 20:53:36,0,0,0,0,11.242,74.793
2026-09-08 20:58:36,1,1,0,0,11.226,74.907
2026-09-08 21:03:36,1,1,0,0,11.451,74.135
2026-09-08 21:08:36,1,1,0,0,11.429,74.184
2026-09-08 21:13:36,0,0,0,0,11.448,74.049
2026-09-08 21:18:36,1,1,0,0,11.477,73.967
2026-09-08 21:23:36,1,1,0,0,11.579,73.871
2026-09-08 21:28:36,1,1,0,0,11.622,73.639
2026-09-08 21:33:36,0,0,0,0,11.534,73.889
2026-09-08 21:38:36,0,0,0,0,11.619,73.589
2026-09-08 21:43:36,3,3,0,0,11.664,73.41
2026-09-08 21:48:36,24,25,0,333,11.71,73.383
2026-09-08 21:53:36,1,1,0,154,11.371,74.392
2026-09-08 21:58:37,2,2,0,0,11.336,74.703
2026-09-08 22:03:36,1,1,0,0,11.395,74.535
2026-09-08 22:08:36,1,1,0,0,11.485,74.018
2026-09-08 22:13:36,23,23,0,0,11.552,73.927
2026-09-08 22:18:36,36,41,0,348,11.395,75.02
2026-09-08 22:23:36,25,25,0,267,11.258,75.487
2026-09-08 22:28:38,4,4,0,167,11.269,75.254
2026-09-08 22:33:37,45,54,0,501,11.04,76.544
2026-09-08 22:38:37,50,64,0,597,11.04,76.551
2026-09-08 22:43:37,13,15,0,493,10.951,77.49
2026-09-08 22:48:37,4,4,0,375,10.914,77.4
2026-09-08 22:53:37,5,5,0,378,11.002,76.902
2026-09-08 22:58:37,12,12,0,451,10.967,76.961
2026-09-08 23:03:37,8,8,0,371,10.575,78.76
2026-09-08 23:08:37,9,9,0,364,10.562,78.771
2026-09-08 23:13:37,6,6,0,237,10.583,78.73
2026-09-08 23:18:37,11,11,0,342,10.615,78.537
2026-09-08 23:23:38,7,7,0,395,10.586,78.737
2026-09-08 23:28:37,5,6,0,342,10.503,78.88
2026-09-08 23:33:37,5,5,0,614,10.543,79.136
2026-09-08 23:38:37,4,5,0,364,10.57,79.149
2026-09-08 23:43:38,29,31,0,699,10.698,78.84
2026-09-08 23:48:38,45,56,0,532,10.548,79.496
2026-09-08 23:53:37,23,23,0,513,10.682,79.779
2026-09-08 23:58:38,17,18,0,522,10.746,78.972
2026-09-09 00:03:38,6,6,0,371,10.636,79.174
2026-09-09 00:08:38,23,23,0,492,10.772,78.981
2026-09-09 00:13:38,7,8,0,368,10.634,79.66
2026-09-09 00:18:37,8,11,0,427,10.746,79.468
2026-09-09 00:23:38,6,7,0,368,10.658,79.8
2026-09-09 00:28:37,8,8,0,381,10.401,80.709
2026-09-09 00:33:38,7,7,0,350,10.591,79.468
2026-09-09 00:38:38,5,6,0,262,10.684,78.934
2026-09-09 00:43:38,5,6,0,412,10.719,78.945
2026-09-09 00:48:38,4,4,0,174,10.61,79.502
2026-09-09 00:53:38,2,3,0,152,10.791,78.779
2026-09-09 00:58:38,18,18,0,467,10.546,79.706
2026-09-09 01:03:38,9,9,0,384,10.313,80.389
2026-09-09 01:08:38,6,7,0,300,9.99,81.23
2026-09-09 01:13:38,8,8,0,318,10.1,81.348
2026-09-09 01:18:38,9,11,0,384,10.051,81.135
2026-09-09 01:23:38,8,9,0,382,10.014,80.908
2026-09-09 01:28:39,84,102,0,1016,10.062,80.961
2026-09-09 01:33:39,8,9,0,460,9.945,81.316
2026-09-09 01:38:39,4,4,0,179,10.025,81.139
2026-09-09 01:43:39,7,7,0,135,10.011,81.215
2026-09-09 01:48:38,9,9,0,118,9.99,80.99
2026-09-09 01:53:39,5,6,0,106,10.148,80.288
2026-09-09 01:58:39,8,8,0,84,10.07,80.662
2026-09-09 02:03:39,7,8,0,91,10.105,80.458
2026-09-09 02:08:39,5,5,0,76,10.166,80.315
2026-09-09 02:13:39,3,3,0,27,10.166,80.191
2026-09-09 02:18:39,4,4,0,94,10.193,80.133
2026-09-09 02:23:39,4,4,0,46,10.281,79.801
2026-09-09 02:28:39,2,3,0,10,10.455,79.056
2026-09-09 02:33:39,3,3,0,5,10.602,78.483
2026-09-09 02:38:39,4,4,0,153,10.564,78.686
2026-09-09 02:43:39,4,4,0,199,10.084,80.2
2026-09-09 02:48:39,8,9,0,164,9.902,80.683
2026-09-09 02:53:39,5,5,0,156,9.859,80.91
2026-09-09 02:58:39,6,6,0,235,9.768,81.839
2026-09-09 03:03:39,9,9,0,279,9.67,82.31
2026-09-09 03:08:39,13,14,0,403,9.528,82.127
2026-09-09 03:13:39,7,8,0,350,9.208,83.246
2026-09-09 03:18:39,18,18,0,374,8.893,84.761
2026-09-09 03:23:39,8,9,0,391,8.756,85.171
2026-09-09 03:28:39,7,7,0,408,8.751,85.114
2026-09-09 03:33:39,7,7,0,326,8.588,86.161
2026-09-09 03:38:39,7,7,0,390,8.505,86.798
2026-09-09 03:43:39,8,8,0,392,8.551,87.091
2026-09-09 03:48:39,9,9,0,425,8.591,86.973
2026-09-09 03:53:39,7,7,0,497,8.516,86.683
2026-09-09 03:58:39,6,6,0,488,8.532,86.744
2026-09-09 04:03:39,7,7,0,438,8.577,86.832
2026-09-09 04:08:39,10,10,0,479,8.516,86.098
2026-09-09 04:13:40,9,9,0,412,8.476,87.191
2026-09-09 04:18:40,7,8,0,482,8.423,86
2026-09-09 04:23:39,7,7,0,462,8.38,85.686
2026-09-09 04:28:41,8,10,0,993,8.316,86.611
2026-09-09 04:33:40,10,10,0,487,8.209,87.957
2026-09-09 04:38:41,12,12,0,514,8.182,87.368
2026-09-09 04:43:41,8,8,0,488,8.102,86.458
2026-09-09 04:48:41,10,12,0,493,8.003,86.891
2026-09-09 04:53:41,9,9,0,501,7.947,86.662
2026-09-09 04:58:41,9,9,0,508,7.902,86.13
2026-09-09 05:03:41,10,10,0,508,7.83,87.5
2026-09-09 05:08:40,8,10,0,515,7.744,86.937
2026-09-09 05:13:41,10,10,0,518,7.6,89.853
2026-09-09 05:18:41,12,12,0,485,7.595,89.237
2026-09-09 05:23:41,12,12,0,563,7.557,88.163
2026-09-09 05:28:40,10,10,0,622,7.595,87.708
2026-09-09 05:33:41,12,13,0,548,7.587,87.13
2026-09-09 05:38:41,10,10,0,551,7.568,87.267
2026-09-09 05:43:41,10,12,0,544,7.531,88.837
2026-09-09 05:48:41,10,12,0,507,7.392,88.833
2026-09-09 05:53:41,12,13,0,483,7.346,89.369
2026-09-09 05:58:40,10,10,0,469,7.325,90.004
2026-09-09 06:03:41,10,12,0,489,7.328,88.928
2026-09-09 06:08:41,9,12,0,476,7.208,89.432
2026-09-09 06:13:41,10,12,0,513,7.333,89.75
2026-09-09 06:18:41,19,20,0,532,7.496,91.272
2026-09-09 06:23:41,19,22,0,582,7.79,90.326
2026-09-09 06:28:41,12,13,0,477,7.955,88.594
2026-09-09 06:33:41,10,13,0,464,7.969,88.085
2026-09-09 06:38:41,14,14,0,451,8.174,87.826
2026-09-09 06:43:41,14,14,0,519,8.268,87.555
2026-09-09 06:48:41,17,17,0,482,8.519,87.011
2026-09-09 06:53:41,16,16,0,477,8.583,86.815
2026-09-09 06:58:41,10,10,0,678,8.551,86.834
2026-09-09 07:03:41,12,15,0,523,8.412,86.636
2026-09-09 07:08:41,16,17,0,453,8.107,87.078
2026-09-09 07:13:41,13,15,0,452,8.212,86.988
2026-09-09 07:18:41,16,19,0,500,8.294,87.294
2026-09-09 07:23:41,20,24,0,567,8.375,87.055
2026-09-09 07:28:42,22,22,0,2693,8.359,86.407
2026-09-09 07:33:42,19,21,0,585,8.385,86.412
2026-09-09 07:38:42,22,24,0,554,8.238,85.949
2026-09-09 07:43:42,17,20,0,518,8.057,86.046
2026-09-09 07:48:42,15,16,0,429,7.571,87.536
2026-09-09 07:53:42,12,14,0,450,7.493,87.454
2026-09-09 07:58:42,13,14,0,430,7.314,87.736
2026-09-09 08:03:42,12,13,0,430,7.322,88.099
2026-09-09 08:08:42,13,13,0,430,7.258,88.083
2026-09-09 08:13:42,13,14,0,451,7.258,87.645
2026-09-09 08:18:42,12,12,0,398,7.178,88.009
2026-09-09 08:23:42,15,16,0,401,7.178,88.055
2026-09-09 08:28:42,9,12,0,430,7.349,88.257
2026-09-09 08:33:42,14,16,0,455,7.619,87.627
2026-09-09 08:38:42,15,19,0,449,7.824,87.116
2026-09-09 08:43:42,17,18,0,428,7.937,86.66
2026-09-09 08:48:42,19,21,0,416,8.22,86.525
2026-09-09 08:53:42,12,12,0,449,8.383,85.894
2026-09-09 08:58:42,20,22,0,444,8.537,85.297
2026-09-09 09:03:42,18,19,0,454,8.652,85.033
2026-09-09 09:08:42,21,22,0,439,8.858,85.033
2026-09-09 09:13:42,28,29,0,434,8.882,85.705
2026-09-09 09:18:42,26,26,0,416,8.853,86.365
2026-09-09 09:23:42,24,27,0,403,9.216,85.707
2026-09-09 09:28:42,25,26,0,430,9.595,85.745
2026-09-09 09:33:42,32,32,0,433,9.768,84.591
2026-09-09 09:38:45,29,29,0,472,10.177,83.233
2026-09-09 09:43:42,31,31,0,448,11.931,78.398
2026-09-09 09:48:42,30,31,0,496,14.607,70.31
2026-09-09 09:53:42,30,31,0,496,16.588,61.164
2026-09-09 09:58:42,19,19,0,477,18.212,55.101
2026-09-09 10:03:43,27,28,0,497,18.973,52.209
2026-09-09 10:08:42,31,34,0,514,19.531,51.397
2026-09-09 10:13:42,25,26,0,496,19.595,50.577
2026-09-09 10:18:43,29,33,0,470,20.984,48.507
2026-09-09 10:23:42,27,28,0,466,20.864,46.48
2026-09-09 10:28:43,28,29,0,804,20.909,47.796
2026-09-09 10:33:44,28,28,0,435,22.234,44.921
2026-09-09 10:38:44,27,27,0,407,21.983,45.581
2026-09-09 10:43:44,25,25,0,424,23.12,42.903
2026-09-09 10:48:44,26,26,0,505,23.222,42.442
2026-09-09 10:53:44,19,21,0,482,23.286,42.39
2026-09-09 10:58:44,18,21,0,428,24.837,38.432
2026-09-09 11:03:44,17,17,0,299,24.92,38.358
2026-09-09 11:08:43,12,12,0,284,24.482,38.856
2026-09-09 11:13:45,14,14,0,259,24.818,37.938
2026-09-09 11:18:44,18,18,0,330,24.941,38.48
2026-09-09 11:23:44,19,23,0,181,24.081,38.85
2026-09-09 11:28:44,19,19,0,164,23.932,40.788
2026-09-09 11:33:44,21,21,0,169,25.497,37.767
2026-09-09 11:38:44,16,18,0,186,25.593,38.532
2026-09-09 11:43:44,20,20,0,66,24.613,39.378
2026-09-09 11:48:44,19,19,0,165,24.343,39.848
2026-09-09 11:53:44,15,15,0,81,24.469,39.352
2026-09-09 11:58:44,11,12,0,109,24.415,40.441
2026-09-09 12:03:44,12,13,0,29,24.162,39.272
2026-09-09 12:08:44,13,16,0,15,23.806,41.002
2026-09-09 12:13:44,11,11,0,23,23.27,42.323
2026-09-09 12:18:44,8,9,0,85,23.908,40.521
2026-09-09 12:23:44,6,6,0,72,23.817,41.036
2026-09-09 12:28:44,6,6,0,0,24.533,40.164
2026-09-09 12:33:44,2,2,0,25,23.868,40.5
2026-09-09 12:38:44,2,3,0,0,24.367,40.174
2026-09-09 12:43:44,0,1,0,0,21.587,45.12
2026-09-09 12:48:44,0,0,0,0,22.308,43.739
2026-09-09 12:53:44,2,2,0,0,22.41,42.869
2026-09-09 12:58:44,0,1,0,0,22.928,42.409
2026-09-09 13:03:44,1,2,0,0,23.19,43.027
2026-09-09 13:08:44,1,1,0,20,21.844,46.094
2026-09-09 13:13:44,1,1,0,0,23.486,43.283
2026-09-09 13:18:44,1,1,0,33,22.8,44.959
2026-09-09 13:23:44,0,0,0,1,22.047,45.238
2026-09-09 13:28:45,2,2,0,0,23.211,44.441
2026-09-09 13:33:45,2,2,0,0,22.111,46.256
2026-09-09 13:38:45,2,3,0,1,22.378,46.394
2026-09-09 13:43:45,1,1,0,0,22.236,47.069
2026-09-09 13:48:45,2,2,0,0,22.06,47.099
2026-09-09 13:53:45,3,3,0,0,22.079,47.002
2026-09-09 13:58:45,3,3,0,0,22.001,47.443
2026-09-09 14:03:45,4,5,0,0,22.196,47.723
2026-09-09 14:08:46,4,4,0,16,21.521,49.026
2026-09-09 14:13:45,2,3,0,0,22.586,47.689
2026-09-09 14:18:45,2,3,0,33,22.837,47.042
2026-09-09 14:23:45,1,1,0,0,21.021,48.86
2026-09-09 14:28:45,2,2,0,29,21.659,49.585
2026-09-09 14:33:45,3,3,0,113,21.996,48.215
2026-09-09 14:38:45,5,6,0,78,21.822,48.107
2026-09-09 14:43:45,2,2,0,104,22.653,47.82
2026-09-09 14:48:45,3,4,0,45,22.383,46.613
2026-09-09 14:53:45,4,5,0,28,21.905,47.517
2026-09-09 14:58:45,2,2,0,0,21.296,48.839
2026-09-09 15:03:45,2,2,0,44,21.825,48.812
2026-09-09 15:08:46,4,4,0,21,22.404,47.51
2026-09-09 15:13:45,4,5,0,0,21.905,48.606
2026-09-09 15:18:46,3,4,0,6,21.854,48.475
2026-09-09 15:23:45,2,2,0,16,21.657,48.559
2026-09-09 15:28:45,4,4,0,20,23.056,46.384
2026-09-09 15:33:45,3,3,0,1,22.319,48.107
2026-09-09 15:38:46,3,3,0,40,22.33,48.37
2026-09-09 15:43:46,4,4,0,0,22.223,48.459
2026-09-09 15:48:45,1,1,0,0,22.087,49.514
2026-09-09 15:53:46,3,3,0,0,23.067,46.794
2026-09-09 15:58:45,1,1,0,13,22.084,48.612
2026-09-09 16:03:46,3,3,0,0,22.234,48.801
2026-09-09 16:08:45,3,3,0,0,21.958,49.522
2026-09-09 16:13:46,2,2,0,38,22.968,48.055
2026-09-09 16:18:46,2,2,0,0,22.618,48.21
2026-09-09 16:23:46,0,0,0,0,21.563,49.493
2026-09-09 16:28:47,2,2,0,0,21.609,49.716
2026-09-09 16:33:47,1,1,0,0,21.43,50.868
2026-09-09 16:38:47,0,2,0,0,22.073,49.676
2026-09-09 16:43:47,0,0,0,0,21.948,49.478
2026-09-09 16:48:47,0,0,0,0,20.816,51.887
2026-09-09 16:53:47,1,1,0,0,22.049,50.291
2026-09-09 16:58:47,0,0,0,0,22.367,49.507
2026-09-09 17:03:47,3,3,0,0,21.649,50.371
2026-09-09 17:08:47,2,3,0,0,21.988,50.586
2026-09-09 17:13:47,0,0,0,0,22.111,49.209
2026-09-09 17:18:47,1,1,0,22,22.196,49.776
2026-09-09 17:23:47,0,0,0,0,21.673,50.781
2026-09-09 17:28:47,1,2,0,0,20.877,51.633
2026-09-09 17:33:47,2,2,0,0,20.69,52.595
2026-09-09 17:38:47,1,1,0,0,20.986,51.853
2026-09-09 17:43:47,2,2,0,16,21.016,52.515
2026-09-09 17:48:47,1,1,0,5,21.155,51.74
2026-09-09 17:53:47,1,1,0,0,20.743,52.953
2026-09-09 17:58:47,1,2,0,0,20.319,53.251
2026-09-09 18:03:47,0,1,0,77,20.362,53.38
2026-09-09 18:08:47,0,0,0,25,20.044,53.871
2026-09-09 18:13:47,1,1,0,0,19.95,54.363
2026-09-09 18:18:47,0,0,0,24,19.67,55.248
2026-09-09 18:23:47,1,1,0,0,19.432,55.45
2026-09-09 18:28:47,1,1,0,0,19.422,55.929
2026-09-09 18:33:47,0,0,0,0,18.968,56.367
2026-09-09 18:38:47,0,0,0,0,18.789,57.214
2026-09-09 18:43:47,0,0,0,0,18.524,57.722
2026-09-09 18:48:47,1,1,0,0,18.233,58.281
2026-09-09 18:53:47,2,3,0,0,17.956,59.12
2026-09-09 18:58:47,0,1,0,0,17.817,59.675
2026-09-09 19:03:47,1,3,0,0,17.593,60.365
2026-09-09 19:08:47,0,0,0,9,17.251,61.479
2026-09-09 19:13:47,1,1,0,0,16.791,62.835
2026-09-09 19:18:47,0,0,0,4,16.719,62.986
2026-09-09 19:23:47,0,0,0,0,16.572,63.453
2026-09-09 19:28:48,0,0,0,24,16.241,64.19
2026-09-09 19:33:49,0,0,0,16,16.193,64.48
2026-09-09 19:38:48,0,0,0,0,16.078,64.428
2026-09-09 19:43:48,0,0,0,0,16.126,64.457
2026-09-09 19:48:48,0,0,0,0,16.041,64.798
2026-09-09 19:53:49,0,0,0,0,15.873,65.027
2026-09-09 19:58:48,0,1,0,0,15.721,65.654
2026-09-09 20:03:48,1,1,0,0,15.531,66.095
2026-09-09 20:08:49,0,0,0,0,15.478,66.223
2026-09-09 20:13:48,2,2,0,61,15.403,66.307
2026-09-09 20:18:49,0,1,0,0,15.307,66.457
2026-09-09 20:23:48,0,1,0,0,15.296,66.484
2026-09-09 20:28:48,0,0,0,0,15.195,66.77
2026-09-09 20:33:49,0,0,0,0,15.128,67.056
2026-09-09 20:38:49,1,2,0,0,15.141,66.889
2026-09-09 20:43:49,0,2,0,0,15.157,67.085
2026-09-09 20:48:48,1,1,0,0,15.157,67.041
2026-09-09 20:53:48,0,0,0,0,15.122,67.136
2026-09-09 20:58:49,0,0,0,0,15.144,67.037
2026-09-09 21:03:49,0,0,0,0,15.077,67.333
2026-09-09 21:08:49,2,2,0,0,15.064,67.306
2026-09-09 21:13:49,2,2,0,0,14.938,67.503
2026-09-09 21:18:49,0,0,0,0,14.845,67.827
2026-09-09 21:23:49,33,36,0,100,14.775,68.212
2026-09-09 21:28:49,5,5,0,37,14.636,68.495
2026-09-09 21:33:49,7,8,0,84,14.634,68.664
2026-09-09 21:38:49,7,7,0,49,14.62,68.802
2026-09-09 21:43:49,41,52,0,181,14.65,68.763
2026-09-09 21:48:49,4,4,0,24,14.372,69.164
2026-09-09 21:53:49,12,14,0,26,14.463,68.889
2026-09-09 21:58:49,16,17,0,106,14.409,69.298
2026-09-09 22:03:49,22,22,0,159,14.223,69.717
2026-09-09 22:08:49,3,3,0,141,14.228,69.862
2026-09-09 22:13:52,9,9,0,6,14.193,69.706
2026-09-09 22:18:48,9,9,0,66,14.137,70.194
2026-09-09 22:23:49,5,5,0,74,14.065,70.352
2026-09-09 22:28:50,3,5,0,73,13.902,70.761
2026-09-09 22:33:50,1,2,0,61,13.881,70.6
2026-09-09 22:38:50,2,2,0,48,13.849,70.612
2026-09-09 22:43:50,3,4,0,61,13.798,70.86
2026-09-09 22:48:50,7,7,0,83,13.643,71.218
2026-09-09 22:53:50,11,14,0,129,13.63,71.371
2026-09-09 22:58:50,3,3,0,96,13.552,71.369
2026-09-09 23:03:50,1,1,0,0,13.336,71.548
2026-09-09 23:08:50,1,2,0,0,13.301,71.787
2026-09-09 23:13:50,2,2,0,0,13.392,71.724
2026-09-09 23:18:50,3,3,0,28,13.291,72.216
2026-09-09 23:23:50,2,3,0,27,13.277,72.267
2026-09-09 23:28:50,4,4,0,172,13.237,72.641
2026-09-09 23:33:50,5,5,0,107,13.245,72.696
2026-09-09 23:38:51,1,2,0,43,13.235,72.552
2026-09-09 23:43:50,2,3,0,69,13.243,72.288
2026-09-09 23:48:50,4,4,0,57,13.042,72.807
2026-09-09 23:53:50,17,19,0,159,13.12,72.733
2026-09-09 23:58:50,17,19,0,125,13.002,73.393
2026-09-10 00:03:50,8,8,0,441,12.97,73.921
2026-09-10 00:08:50,4,4,0,497,12.813,75.079
2026-09-10 00:13:50,3,3,0,463,12.719,76.036
2026-09-10 00:18:50,1,1,0,255,12.77,74.36
2026-09-10 00:23:50,1,1,0,54,12.813,73.744
2026-09-10 00:28:50,2,2,0,73,12.727,73.938
2026-09-10 00:33:50,3,3,0,291,12.369,75.756
2026-09-10 00:38:50,2,3,0,359,12.257,76.233
2026-09-10 00:43:50,3,3,0,390,12.209,76.628
2026-09-10 00:48:50,2,2,0,432,12.052,76.996
2026-09-10 00:53:50,1,2,0,406,11.889,77.476
2026-09-10 00:58:50,2,2,0,429,11.867,77.389
2026-09-10 01:03:50,6,7,0,486,11.809,77.77
2026-09-10 01:08:50,5,5,0,507,11.811,77.637
2026-09-10 01:13:51,4,4,0,448,11.71,78.003
2026-09-10 01:18:50,3,5,0,430,11.568,78.482
2026-09-10 01:23:50,3,3,0,429,11.389,79.397
2026-09-10 01:28:52,4,4,0,838,11.21,80.267
2026-09-10 01:33:51,4,5,0,476,11.168,81.631
2026-09-10 01:38:51,4,4,0,480,11.114,82.556
2026-09-10 01:43:51,6,6,0,489,11.144,82.918
2026-09-10 01:48:51,7,8,0,430,10.957,83.834
2026-09-10 01:53:52,4,5,0,452,10.911,82.298
2026-09-10 01:58:52,6,6,0,450,10.85,83.273
2026-09-10 02:03:52,6,6,0,453,10.911,82.952
2026-09-10 02:13:55,8,8,0,417,10.588,84.08
2026-09-10 02:18:52,7,8,0,435,10.529,84.688
2026-09-10 02:24:12,8,11,0,474,10.604,84.48
2026-09-10 02:28:52,7,8,0,419,10.695,83.782
2026-09-10 02:33:53,8,9,0,441,10.623,83.641
2026-09-10 02:38:53,6,6,0,447,10.658,83.607
2026-09-10 02:43:52,7,8,0,459,10.471,84.219
2026-09-10 02:48:53,9,9,0,437,10.468,84.145
2026-09-10 02:53:53,8,9,0,483,10.476,84.284
2026-09-10 02:58:53,8,8,0,446,10.505,84.139
2026-09-10 03:03:53,7,7,0,433,10.343,84.097
2026-09-10 03:08:53,8,8,0,433,10.383,84.465
2026-09-10 03:13:52,11,11,0,459,10.335,84.986
2026-09-10 03:18:53,8,8,0,486,10.305,85.432
2026-09-10 03:24:11,9,9,0,453,10.303,84.852
2026-09-10 03:28:53,7,7,0,463,10.417,84.484
2026-09-10 03:33:53,9,9,0,471,10.425,84.019
2026-09-10 03:38:52,11,12,0,463,10.377,84.026
2026-09-10 03:43:56,9,11,0,433,10.324,84.469
2026-09-10 03:49:01,9,9,0,430,10.404,84.126
2026-09-10 03:54:05,8,8,0,381,10.297,84.93
2026-09-10 03:58:52,7,9,0,379,10.137,85.312
2026-09-10 04:03:53,8,9,0,363,10.14,84.459
2026-09-10 04:08:52,8,9,0,388,10.046,84.751
2026-09-10 04:13:53,8,8,0,357,9.998,84.965
2026-09-10 04:18:52,6,6,0,348,9.979,85.367
2026-09-10 04:23:52,7,7,0,360,10.006,85.4
2026-09-10 04:28:53,9,9,0,1866,9.833,86.844
2026-09-10 04:33:53,7,7,0,385,9.827,85.844
2026-09-10 04:38:53,7,8,0,392,9.862,85.138
2026-09-10 04:43:54,8,13,0,364,9.696,86.004
2026-09-10 04:48:53,9,9,0,382,9.723,86.704
2026-09-10 04:53:53,8,8,0,398,9.688,87.12
2026-09-10 04:58:53,8,10,0,373,9.696,87.498
2026-09-10 05:03:53,12,13,0,363,9.63,87.067
2026-09-10 05:08:53,8,8,0,400,9.672,87.595
2026-09-10 05:13:53,8,9,0,433,9.704,87.305
2026-09-10 05:18:53,10,13,0,348,9.672,86.542
2026-09-10 05:23:53,8,8,0,339,9.411,86.954
2026-09-10 05:28:53,7,8,0,331,9.491,86.411
2026-09-10 05:33:53,8,8,0,345,9.483,86.557
2026-09-10 05:38:53,8,12,0,397,9.517,87.099
2026-09-10 05:43:53,13,13,0,339,9.325,87.881
2026-09-10 05:48:53,12,12,0,378,9.197,89.19
2026-09-10 05:53:56,16,17,0,379,9.274,89.02
2026-09-10 05:58:53,9,13,0,376,9.285,89.005
2026-09-10 06:03:54,12,12,0,365,9.256,89.054
2026-09-10 06:08:53,12,12,0,366,9.376,88.345
2026-09-10 06:13:53,14,15,0,391,9.392,87.376
2026-09-10 06:18:54,8,12,0,393,9.312,87.359
2026-09-10 06:23:53,12,14,0,414,9.272,88.604
2026-09-10 06:28:54,15,16,0,418,8.997,90.029
2026-09-10 06:33:53,18,21,0,442,9.031,90.643
2026-09-10 06:38:53,18,19,0,470,9.261,89.974
2026-09-10 06:43:53,14,14,0,512,9.261,87.95
2026-09-10 06:48:54,9,9,0,422,9.09,87.433
2026-09-10 06:53:53,15,16,0,407,9.026,88.499
2026-09-10 06:58:54,14,16,0,416,8.946,88.232
2026-09-10 07:03:54,12,13,0,366,8.869,87.956
2026-09-10 07:08:54,13,14,0,355,8.796,87.713
2026-09-10 07:13:54,10,13,0,350,8.604,87.662
2026-09-10 07:18:53,12,13,0,343,8.636,88.982
2026-09-10 07:23:54,10,12,0,415,8.772,88.846
2026-09-10 07:28:55,16,20,0,1991,8.754,88.902
2026-09-10 07:33:55,15,15,0,438,8.754,88.348
2026-09-10 07:38:55,14,15,0,513,8.772,87.694
2026-09-10 07:43:55,15,15,0,448,8.754,87.847
2026-09-10 07:48:55,24,26,0,560,8.754,87.959
2026-09-10 07:53:55,27,27,0,506,8.722,87.912
2026-09-10 07:58:55,25,26,0,487,8.77,87.687
2026-09-10 08:03:55,25,26,0,535,8.775,88.574
2026-09-10 08:08:55,22,24,0,471,8.738,87.809
2026-09-10 08:13:55,24,26,0,479,8.922,88.045
2026-09-10 08:18:55,18,20,0,486,9.234,88.381
2026-09-10 08:23:55,18,20,0,524,9.389,87.633
2026-09-10 08:28:55,21,24,0,574,9.453,86.872
2026-09-10 08:33:55,22,22,0,537,9.803,86.302
2026-09-10 08:38:55,21,24,0,596,10.14,84.818
2026-09-10 08:43:55,21,24,0,582,10.399,84.398
2026-09-10 08:48:55,27,28,0,546,10.7,83.214
2026-09-10 08:53:55,24,24,0,569,11.018,82.039
2026-09-10 08:58:55,24,25,0,468,11.384,81.352
2026-09-10 09:03:55,21,24,0,474,11.774,80.774
2026-09-10 09:08:55,21,24,0,517,11.934,79.157
2026-09-10 09:13:55,28,28,0,540,12.337,78.463
2026-09-10 09:18:55,26,28,0,561,12.409,78.817
2026-09-10 09:23:55,27,28,0,556,12.546,78.819
2026-09-10 09:28:55,29,30,0,541,13.112,77.207
2026-09-10 09:33:55,28,28,0,539,13.598,74.953
2026-09-10 09:38:55,33,36,0,543,14.324,72.445
2026-09-10 09:43:55,32,35,0,530,15.018,70.2
2026-09-10 09:48:55,30,31,0,544,17.325,61.958
2026-09-10 09:53:55,29,29,0,473,19.304,56.568
2026-09-10 09:58:55,30,31,0,462,19.499,54.719
2026-09-10 10:03:55,28,28,0,456,20.311,51.547
2026-09-10 10:08:55,28,28,0,479,20.503,50.971
2026-09-10 10:13:55,20,22,0,465,18.754,52.135
2026-09-10 10:18:55,25,26,0,474,20.185,50.794
2026-09-10 10:23:55,22,23,0,475,20.065,52.864
2026-09-10 10:28:56,25,25,0,1125,20.006,51.521
2026-09-10 10:33:56,23,24,0,491,19.44,52.968
2026-09-10 10:38:56,22,22,0,490,19.267,52.145
2026-09-10 10:43:56,19,20,0,429,19.496,52.154
2026-09-10 10:48:56,22,22,0,444,19.096,52.951
2026-09-10 10:53:56,22,22,0,459,19.211,52.36
2026-09-10 10:58:56,23,24,0,502,18.936,55.454
2026-09-10 11:03:56,26,26,0,498,18.703,56.459
2026-09-10 11:08:56,33,39,0,496,18.559,56.961
2026-09-10 11:13:56,35,40,0,482,18.581,57.701
2026-09-10 11:18:56,29,30,0,434,18.698,57.218
2026-09-10 11:23:56,23,24,0,433,18.287,57.886
2026-09-10 11:28:56,18,21,0,426,18.639,58.3
2026-09-10 11:33:56,22,22,0,439,18.941,57.607
2026-09-10 11:38:57,19,20,0,407,18.143,59.311
2026-09-10 11:43:56,16,18,0,381,17.849,60.69
2026-09-10 11:48:56,13,15,0,369,17.614,60.844
2026-09-10 11:53:56,15,15,0,309,17.536,60.011
2026-09-10 11:58:57,9,11,0,269,17.787,59.028
2026-09-10 12:03:57,6,7,0,201,16.444,61.506
2026-09-10 12:08:56,9,9,0,230,16.981,60.983
2026-09-10 12:13:57,9,11,0,215,16.305,62.364
2026-09-10 12:18:56,8,8,0,228,16.778,61.161
2026-09-10 12:23:57,7,7,0,216,16.783,62.626
2026-09-10 12:28:56,8,10,0,204,16.575,63.184
2026-09-10 12:33:57,7,7,0,168,17.176,61.664
2026-09-10 12:38:57,10,10,0,221,17.531,60.676
2026-09-10 12:43:57,8,10,0,199,16.978,62.982
2026-09-10 12:48:57,11,14,0,272,17.293,62.37
2026-09-10 12:53:56,14,15,0,337,17.016,63.699
2026-09-10 12:58:57,13,14,0,312,17.438,61.563
2026-09-10 13:03:57,11,12,0,252,17.251,62.265
2026-09-10 13:08:57,8,10,0,260,17.657,61.475
2026-09-10 13:13:57,8,8,0,266,18.135,60.335
2026-09-10 13:18:57,6,6,0,302,18.645,58.469
2026-09-10 13:23:57,7,7,0,311,18.362,58.277
2026-09-10 13:28:58,6,7,0,541,18.602,58.559
2026-09-10 13:33:58,9,9,0,325,19.067,56.56
2026-09-10 13:38:58,7,7,0,349,19.277,55.313
2026-09-10 13:43:58,8,8,0,251,18.954,56.057
2026-09-10 13:48:57,7,7,0,225,18.335,57.693
2026-09-10 13:53:58,7,8,0,308,19.366,55.831
2026-09-10 13:59:01,7,7,0,232,18.594,57.201
2026-09-10 14:03:58,11,11,0,230,18.215,59.53
2026-09-10 14:08:58,7,7,0,322,17.742,61.308
2026-09-10 14:13:58,10,10,0,338,17.59,61.63
2026-09-10 14:18:58,16,17,0,337,17.403,62.534
2026-09-10 14:23:58,13,14,0,306,17.478,62.046
2026-09-10 14:28:58,11,11,0,238,17.325,61.763
2026-09-10 14:33:58,9,11,0,275,17.456,61.439
2026-09-10 14:38:58,8,8,0,235,17.309,61.142
2026-09-10 14:43:58,7,8,0,201,17.09,61.775
2026-09-10 14:48:58,5,5,0,124,16.578,63.362
2026-09-10 14:53:58,5,7,0,163,16.93,62.641
2026-09-10 14:58:58,9,9,0,188,16.802,63.909
2026-09-10 15:03:58,3,5,0,128,17.053,61.885
2026-09-10 15:08:58,7,8,0,57,17.002,61.346
2026-09-10 15:13:58,4,4,0,89,16.882,61.823
2026-09-10 15:18:58,4,4,0,9,16.823,61.082
2026-09-10 15:23:58,3,3,0,4,16.754,61.71
2026-09-10 15:28:58,4,5,0,31,16.794,62.406
2026-09-10 15:33:58,7,7,0,41,16.885,62.713
2026-09-10 15:38:58,6,6,0,51,16.791,63.072
2026-09-10 15:43:58,6,6,0,0,16.463,64.472
2026-09-10 15:48:58,5,5,0,18,16.92,63.76
2026-09-10 15:53:58,6,6,0,15,16.933,63.911
2026-09-10 15:58:58,5,5,0,53,16.896,64.352
2026-09-10 16:03:58,6,6,0,20,16.709,64.916
2026-09-10 16:08:58,7,8,0,111,17.325,63.978
2026-09-10 16:13:58,5,5,0,46,16.842,65.788
2026-09-10 16:18:58,6,6,0,41,17.128,64.523
2026-09-10 16:23:58,5,5,0,136,17.699,63.368
2026-09-10 16:28:59,3,4,0,29,16.989,64.274
2026-09-10 16:33:59,3,4,0,60,17.213,63.203
2026-09-10 16:39:00,2,4,0,28,17.411,63.247
2026-09-10 16:44:00,4,5,0,0,17.619,62.866
2026-09-10 16:48:59,5,5,0,0,17.52,62.977
2026-09-10 16:53:59,5,5,0,27,17.758,62.544
2026-09-10 16:58:59,5,5,0,0,17.587,62.311
2026-09-10 17:04:00,5,5,0,27,17.614,62.345
2026-09-10 17:08:59,4,4,0,0,17.782,62.664
2026-09-10 17:14:00,5,5,0,85,18.824,60.527
2026-09-10 17:18:59,4,4,0,0,18.842,60.108
2026-09-10 17:23:59,3,4,0,5,18.551,60.81
2026-09-10 17:29:00,10,10,0,68,18.127,61.67
2026-09-10 17:33:59,5,6,0,114,18.145,62.017
2026-09-10 17:39:00,8,8,0,150,17.723,63.234
2026-09-10 17:44:00,7,7,0,140,17.75,63.337
2026-09-10 17:49:00,6,7,0,163,17.833,63.003
2026-09-10 17:54:00,2,2,0,157,18.135,62.448
2026-09-10 17:59:00,5,5,0,299,18.484,61.639
2026-09-10 18:04:00,4,4,0,130,18.842,60.648
2026-09-10 18:09:00,6,6,0,261,18.922,60.449
2026-09-10 18:14:00,4,4,0,211,18.527,60.327
2026-09-10 18:19:00,14,14,0,346,18.65,60.035
2026-09-10 18:24:00,6,6,0,155,18.356,61.178
2026-09-10 18:29:00,3,3,0,90,18.135,60.461
2026-09-10 18:33:59,4,4,0,0,17.737,61.113
2026-09-10 18:39:00,4,4,0,0,17.336,63.32
2026-09-10 18:44:00,3,3,0,0,17.096,64.775
2026-09-10 18:49:00,2,2,0,0,16.746,65.813
2026-09-10 18:54:00,2,2,0,0,16.511,66.875
2026-09-10 18:59:00,1,2,0,0,16.375,66.772
2026-09-10 19:04:00,2,2,0,83,15.988,67.743
2026-09-10 19:09:00,2,2,0,0,15.552,69.33
2026-09-10 19:14:00,2,2,0,0,15.619,68.828
2026-09-10 19:19:00,4,4,0,0,15.122,70.001
2026-09-10 19:24:00,4,4,0,0,14.813,71.211
2026-09-10 19:29:01,4,4,0,0,14.992,70.287
2026-09-10 19:34:01,2,2,0,0,14.751,70.518
2026-09-10 19:39:01,2,2,0,0,14.599,71.218
2026-09-10 19:44:01,5,5,0,0,14.359,72.532
2026-09-10 19:49:01,3,4,0,0,14.148,73.009
2026-09-10 19:54:01,2,2,0,0,14.07,72.338
2026-09-10 19:59:01,3,3,0,0,13.945,73.032
2026-09-10 20:04:01,3,3,0,0,13.563,74.81
2026-09-10 20:09:01,3,3,0,0,13.248,76.214
2026-09-10 20:14:01,5,6,0,0,13.029,77.07
2026-09-10 20:19:01,5,5,0,0,13.042,76.755
2026-09-10 20:24:01,5,7,0,0,12.778,78.037
2026-09-10 20:29:01,5,5,0,0,12.519,79.109
2026-09-10 20:34:01,5,5,0,0,12.449,79.288
2026-09-10 20:39:01,4,4,0,0,12.305,80.269
2026-09-10 20:44:01,6,6,0,0,12.225,80.357
2026-09-10 20:49:01,7,7,0,0,12.065,81.154
2026-09-10 20:54:01,7,7,0,0,12.006,81.535
2026-09-10 20:59:01,5,6,0,0,11.934,81.865
2026-09-10 21:04:01,5,6,0,0,11.867,81.917
2026-09-10 21:09:01,6,6,0,0,11.867,82.037
2026-09-10 21:14:01,5,5,0,0,11.915,82.146
2026-09-10 21:19:01,6,6,0,0,11.699,82.956
2026-09-10 21:24:02,5,5,0,0,11.694,82.956
2026-09-10 21:29:01,7,7,0,0,11.755,82.762
2026-09-10 21:34:01,5,5,0,0,11.678,82.882
2026-09-10 21:39:02,5,6,0,0,11.648,83.376
2026-09-10 21:44:01,6,6,0,0,11.56,83.681
2026-09-10 21:49:01,5,5,0,0,11.453,84.028
2026-09-10 21:54:01,5,6,0,0,11.566,83.488
2026-09-10 21:59:08,7,7,0,0,11.429,84.152
2026-09-10 22:04:01,7,7,0,0,11.408,84.137
2026-09-10 22:09:02,7,7,0,0,11.317,84.194
2026-09-10 22:14:02,8,8,0,0,11.371,83.929
2026-09-10 22:19:01,7,7,0,0,11.411,83.647
2026-09-10 22:24:06,6,6,0,0,11.275,83.914
2026-09-10 22:29:02,8,8,0,0,11.242,83.904
2026-09-10 22:34:03,7,7,0,0,11.181,84.557
2026-09-10 22:39:03,8,8,0,0,11.109,84.814
2026-09-10 22:44:02,7,7,0,0,11.109,84.597
2026-09-10 22:49:03,7,7,0,0,11.077,84.822
2026-09-10 22:54:03,6,6,0,0,10.999,85.14
2026-09-10 22:59:03,6,7,0,0,11.005,85.213
2026-09-10 23:04:02,8,8,0,0,11.002,85.247
2026-09-10 23:09:02,6,6,0,0,10.989,85.314
2026-09-10 23:14:03,4,4,0,0,10.906,85.709
2026-09-10 23:19:03,6,7,0,0,10.839,86
2026-09-10 23:24:02,7,8,0,0,10.877,86.004
2026-09-10 23:29:03,7,7,0,0,10.829,86.472
2026-09-10 23:34:03,8,8,0,64,10.81,86.548
2026-09-10 23:39:03,7,7,0,4,10.77,86.969
2026-09-10 23:44:02,8,8,0,0,10.671,87.353
2026-09-10 23:49:03,9,9,0,25,10.692,87.515
2026-09-10 23:54:02,7,8,0,2,10.682,87.681
2026-09-10 23:59:03,7,7,0,36,10.682,87.713
2026-09-11 00:04:02,8,9,0,0,10.719,87.534
2026-09-11 00:09:03,6,7,0,0,10.698,87.456
2026-09-11 00:14:03,9,9,0,0,10.759,87.475
2026-09-11 00:19:03,6,6,0,0,10.746,87.383
2026-09-11 00:24:03,7,7,0,0,10.703,87.49
2026-09-11 00:29:03,6,8,0,0,10.751,87.372
2026-09-11 00:34:03,8,8,0,0,10.716,87.336
2026-09-11 00:39:03,6,7,0,0,10.764,87.256
2026-09-11 00:44:03,6,6,0,0,10.762,87.021
2026-09-11 00:49:03,5,6,0,0,10.711,87.246
2026-09-11 00:54:03,7,8,0,0,10.698,87.288
2026-09-11 00:59:03,6,7,0,0,10.663,87.612
2026-09-11 01:04:03,7,7,0,0,10.572,87.984
2026-09-11 01:09:03,7,9,0,0,10.556,88.196
2026-09-11 01:14:03,6,6,0,0,10.473,88.553
2026-09-11 01:19:03,8,8,0,21,10.508,88.547
2026-09-11 01:24:03,9,9,0,10,10.452,88.888
2026-09-11 01:29:04,8,9,0,27,10.473,88.894
2026-09-11 01:34:04,6,6,0,62,10.457,89.302
2026-09-11 01:39:04,6,6,0,55,10.481,89.396
2026-09-11 01:44:04,5,8,0,76,10.484,88.923
2026-09-11 01:49:04,8,9,0,11,10.495,88.726
2026-09-11 01:54:04,7,7,0,72,10.479,88.911
2026-09-11 01:59:04,8,8,0,12,10.481,89.022
2026-09-11 02:04:04,7,8,0,34,10.492,88.938
2026-09-11 02:09:04,6,6,0,38,10.447,89.071
2026-09-11 02:14:04,7,8,0,5,10.433,88.972
2026-09-11 02:19:04,6,6,0,0,10.447,89.117
2026-09-11 02:24:04,8,9,0,5,10.487,88.806
2026-09-11 02:29:04,5,6,0,0,10.471,88.86
2026-09-11 02:34:04,7,7,0,0,10.492,88.522
2026-09-11 02:39:04,7,7,0,0,10.527,88.852
2026-09-11 02:44:04,6,6,0,39,10.647,88.364
2026-09-11 02:49:04,7,7,0,58,10.639,88.299
2026-09-11 02:54:04,5,6,0,48,10.698,88.167
2026-09-11 02:59:04,6,8,0,3,10.692,88.396
2026-09-11 03:04:04,6,7,0,0,10.789,88.253
2026-09-11 03:09:04,6,6,0,15,10.789,88.465
2026-09-11 03:14:04,6,6,0,0,10.794,88.102
2026-09-11 03:19:04,5,5,0,0,10.871,87.822
2026-09-11 03:24:05,5,5,0,0,10.799,87.921
2026-09-11 03:29:04,5,5,0,0,11.018,87.536
2026-09-11 03:34:04,6,6,0,0,10.847,87.843
2026-09-11 03:39:04,5,5,0,0,10.93,87.626
2026-09-11 03:44:04,5,6,0,0,11.026,87.225
2026-09-11 03:49:04,4,4,0,0,10.991,87.37
2026-09-11 03:54:05,6,6,0,0,11.101,86.651
2026-09-11 03:59:04,7,9,0,118,11.04,86.653
2026-09-11 04:04:04,5,5,0,0,10.967,86.529
2026-09-11 04:09:04,3,3,0,0,11.186,85.958
2026-09-11 04:14:04,4,4,0,0,11.08,86.176
2026-09-11 04:19:05,5,5,0,0,11.066,85.953
2026-09-11 04:24:04,4,4,0,0,11.074,85.978
2026-09-11 04:29:06,5,5,0,0,11.077,85.333
2026-09-11 04:34:06,3,3,0,0,11.056,85.424
2026-09-11 04:39:05,2,2,0,0,11.077,85.72
2026-09-11 04:44:06,3,4,0,0,10.965,85.829
2026-09-11 04:49:06,1,1,0,0,11.088,85.19
2026-09-11 04:54:06,3,3,0,0,11.173,84.32
2026-09-11 04:59:05,2,3,0,0,11.12,84.435
2026-09-11 05:04:06,1,1,0,0,11.16,83.794
2026-09-11 05:09:05,1,1,0,0,11.088,83.29
2026-09-11 05:14:06,3,3,0,0,11.408,82.79
2026-09-11 05:19:06,4,4,0,0,11.526,82.701
2026-09-11 05:24:06,11,11,0,202,11.453,83.792
2026-09-11 05:29:06,12,13,0,267,11.427,83.954
2026-09-11 05:34:06,13,14,0,327,11.44,84.377
2026-09-11 05:39:06,11,15,0,358,11.427,84.52
2026-09-11 05:44:05,15,16,0,341,11.275,85.295
2026-09-11 05:49:06,18,21,0,386,11.08,85.907
2026-09-11 05:54:06,17,17,0,392,11.218,85.621
2026-09-11 05:59:06,17,19,0,396,11.427,84.717
2026-09-11 06:04:05,19,19,0,410,11.531,83.858
2026-09-11 06:09:06,19,21,0,455,11.582,83.866
2026-09-11 06:14:06,17,17,0,470,11.675,83.487
2026-09-11 06:19:06,19,20,0,446,11.595,83.239
2026-09-11 06:24:06,18,19,0,374,11.68,82.754
2026-09-11 06:29:06,19,21,0,430,11.632,83.323
2026-09-11 06:34:06,15,16,0,446,11.6,83.303
2026-09-11 06:39:06,9,11,0,496,11.654,83.254
2026-09-11 06:44:06,15,15,0,520,11.694,83.015
2026-09-11 06:49:06,17,17,0,472,11.67,83.347
2026-09-11 06:54:06,13,14,0,447,11.627,83.836
2026-09-11 06:59:06,17,17,0,485,11.36,84.341
2026-09-11 07:04:06,12,15,0,518,11.459,83.778
2026-09-11 07:09:06,13,14,0,488,11.566,83.981
2026-09-11 07:14:06,17,17,0,468,11.451,83.366
2026-09-11 07:19:06,12,14,0,499,11.646,82.956
2026-09-11 07:24:06,11,12,0,478,11.574,82.481
2026-09-11 07:29:07,13,15,0,1406,11.477,83.202
2026-09-11 07:34:07,11,11,0,551,11.48,82.638
2026-09-11 07:39:07,13,13,0,533,11.501,81.903
2026-09-11 07:44:08,13,16,0,509,11.477,81.259
2026-09-11 07:49:07,20,20,0,591,11.4,81.406
2026-09-11 07:54:07,21,23,0,635,11.36,80.954
2026-09-11 07:59:07,20,24,0,665,11.299,81.144
2026-09-11 08:04:07,19,21,0,591,11.352,79.95
2026-09-11 08:09:07,21,21,0,616,11.309,79.786
2026-09-11 08:14:07,24,25,0,626,11.344,80.006
2026-09-11 08:19:07,26,28,0,673,11.341,79.542
2026-09-11 08:24:08,26,27,0,738,11.387,79.369
2026-09-11 08:29:07,26,28,0,723,11.451,79.061
2026-09-11 08:34:07,26,30,0,744,11.424,79.061
2026-09-11 08:39:08,27,30,0,637,11.509,78.907
2026-09-11 08:44:08,24,26,0,639,11.568,78.495
2026-09-11 08:49:07,25,29,0,718,11.707,77.686
2026-09-11 08:54:08,25,26,0,687,11.865,77.057
2026-09-11 08:59:07,26,26,0,724,11.835,76.971
2026-09-11 09:04:08,31,31,0,625,11.958,76.13
2026-09-11 09:09:07,27,28,0,602,12.06,75.416
2026-09-11 09:14:08,28,29,0,634,12.217,74.768
2026-09-11 09:19:08,27,30,0,635,12.255,74.499
2026-09-11 09:24:08,25,25,0,533,12.391,74.179
2026-09-11 09:29:08,26,27,0,542,12.778,72.319
2026-09-11 09:34:07,30,32,0,477,13.17,71.043
2026-09-11 09:39:08,32,35,0,525,13.435,70.472
2026-09-11 09:44:08,30,31,0,643,14.791,67.573
2026-09-11 09:49:08,30,33,0,551,15.518,63.644
2026-09-11 09:55:41,31,33,0,563,15.686,63.848
2026-09-11 09:59:11,28,28,0,585,17.579,59.324
2026-09-11 10:04:22,27,29,0,509,16.88,60.003
2026-09-11 10:09:36,29,33,0,503,17.547,57.413
2026-09-11 10:14:56,25,28,0,513,17.211,58.761
2026-09-11 10:19:20,28,28,0,520,17.99,55.234
2026-09-11 10:29:13,23,24,0,764,18.052,54.977
2026-09-11 10:34:18,25,26,93,557,18.03,55.122
2026-09-11 10:39:31,24,28,0,526,18.025,54.26
2026-09-11 10:54:11,25,25,0,499,18.711,54.552
2026-09-11 10:59:23,26,27,0,432,20.69,48.78
2026-09-11 11:04:09,22,23,0,335,21.774,45.972
2026-09-11 11:09:10,23,23,0,187,22.199,44.639
2026-09-11 11:14:10,27,27,0,309,22.864,43.432
2026-09-11 11:19:09,23,23,0,340,23.43,40.778
2026-09-11 11:24:10,20,22,0,233,24.081,39.274
2026-09-11 11:29:10,17,18,0,270,23.617,41.318
2026-09-11 11:34:10,16,18,0,163,21.521,44.669
2026-09-11 11:39:10,15,16,0,101,23.366,40.061
2026-09-11 11:44:10,7,7,0,100,24.688,36.302
2026-09-11 11:49:10,15,15,0,0,23.083,37.849
2026-09-11 11:54:10,6,8,0,114,23.734,37.65
2026-09-11 11:59:10,8,9,0,12,24.052,37
2026-09-11 12:04:10,6,7,0,42,23.927,37.513
2026-09-11 12:09:10,8,8,0,25,23.406,37.984
2026-09-11 12:14:10,8,8,0,49,22.826,38.953
2026-09-11 12:19:10,7,7,0,67,23.152,37.532
2026-09-11 12:24:10,5,5,0,28,23.983,36.283
2026-09-11 12:29:10,6,6,0,41,23.59,36.048
2026-09-11 12:34:10,6,7,0,57,24.009,35.81
2026-09-11 12:39:10,5,6,0,20,25.123,33.405
2026-09-11 12:44:10,5,5,0,20,24.081,34.791
2026-09-11 12:49:11,5,6,0,1,22.306,36.75
2026-09-11 12:54:10,4,5,0,0,22.704,37.997
2026-09-11 12:59:10,3,3,0,0,22.471,39.123
2026-09-11 13:04:11,6,6,0,0,23.961,36.512
2026-09-11 13:09:10,6,7,0,0,23.302,38.289
2026-09-11 13:14:10,6,7,0,0,23.881,36.422
2026-09-11 13:19:11,5,5,0,0,23.686,37.811
2026-09-11 13:24:10,7,7,0,0,24.1,35.56
2026-09-11 13:29:12,3,3,0,0,24.786,33.969
2026-09-11 13:34:11,3,3,0,0,25.101,33.864
2026-09-11 13:39:11,6,6,0,0,25.227,33.467
2026-09-11 13:44:12,5,5,0,0,25.433,34.011
2026-09-11 13:49:12,4,4,0,0,23.801,36.466
2026-09-11 13:54:11,3,3,0,0,24.941,34.33
2026-09-11 13:59:11,6,6,0,0,24.979,35.045
2026-09-11 14:04:12,4,4,0,0,25.19,33.921
2026-09-11 14:09:12,4,6,0,0,23.334,37.769
2026-09-11 14:14:11,3,4,0,0,23.865,37.658
2026-09-11 14:19:12,3,4,0,0,24.132,39.659
2026-09-11 14:24:12,3,3,0,0,23.745,40.378
2026-09-11 14:29:12,2,2,0,0,22.247,44.143
2026-09-11 14:34:11,4,4,0,0,22.752,44.015
2026-09-11 14:39:12,1,1,0,0,22.682,43.945
2026-09-11 14:44:12,3,4,0,0,23.136,41.107
2026-09-11 14:49:11,1,2,0,0,21.881,43.975
2026-09-11 14:54:12,2,2,0,0,21.131,45.276
2026-09-11 14:59:12,0,2,0,0,22.228,44.357
2026-09-11 15:04:12,2,2,0,0,22.391,44.202
2026-09-11 15:09:11,1,1,0,0,21.833,44.872
2026-09-11 15:14:12,3,3,0,0,21.12,46.682
2026-09-11 15:19:11,4,4,0,0,21.71,44.839
2026-09-11 15:24:12,2,3,0,0,21.625,44.792
2026-09-11 15:29:12,1,1,0,0,22.055,43.327
2026-09-11 15:34:13,1,1,0,0,21.865,44.559
2026-09-11 15:39:12,0,2,0,0,21.392,43.716
2026-09-11 15:44:13,0,1,0,0,21.849,43.02
2026-09-11 15:49:12,0,2,0,0,21.902,43.351
2026-09-11 15:54:13,2,2,0,0,22.081,42.337
2026-09-11 15:59:11,0,1,0,0,21.379,44.336
2026-09-11 16:04:12,0,1,0,0,21.179,43.802
2026-09-11 16:09:12,0,0,0,0,20.968,44.294
2026-09-11 16:14:11,1,1,0,0,20.909,44.502
2026-09-11 16:19:12,0,0,0,0,21.366,43.912
2026-09-11 16:24:12,0,0,0,0,21.545,42.4
2026-09-11 16:29:13,0,1,0,0,21.977,42.583
2026-09-11 16:34:13,0,1,0,0,21.342,42.93
2026-09-11 16:39:13,0,0,0,0,21.51,43.054
2026-09-11 16:44:13,0,0,0,0,20.962,44.282
2026-09-11 16:49:13,0,0,0,0,21.173,43.361
2026-09-11 16:54:13,0,0,0,0,21.069,44.439
2026-09-11 16:59:13,0,0,0,0,20.936,45.301
2026-09-11 17:04:13,0,0,0,0,19.71,47.098
2026-09-11 17:09:13,0,0,0,0,20.193,47.435
2026-09-11 17:14:13,0,0,0,0,19.956,47.122
2026-09-11 17:19:13,0,0,0,0,20.359,47.275
2026-09-11 17:24:13,0,0,0,0,20.749,45.795
2026-09-11 17:29:13,0,0,0,0,20.848,46.415
2026-09-11 17:34:13,0,0,0,0,19.494,47.462
2026-09-11 17:39:13,0,0,0,0,19.876,48.265
2026-09-11 17:44:13,0,0,0,0,19.638,49.287
2026-09-11 17:49:14,0,0,0,0,20.212,48.614
2026-09-11 17:54:13,0,0,0,0,18.992,51.485
2026-09-11 17:59:13,0,0,0,0,19.072,51.885
2026-09-11 18:04:13,0,0,0,0,18.391,53.714
2026-09-11 18:09:14,0,0,0,0,18.116,55.236
2026-09-11 18:14:13,0,0,0,0,17.905,56.238
2026-09-11 18:19:13,0,0,0,0,18.001,56.24
2026-09-11 18:24:13,0,1,0,2,17.673,57.348
2026-09-11 18:29:13,0,0,0,27,17.36,59.293
2026-09-11 18:34:13,0,0,0,0,17,60.472
2026-09-11 18:39:13,0,0,0,0,16.586,61.834
2026-09-11 18:44:13,1,1,0,0,16.378,62.578
2026-09-11 18:49:13,0,0,0,4,16.113,63.486
2026-09-11 18:54:14,0,0,0,0,15.771,64.735
2026-09-11 18:59:14,0,0,0,0,15.512,65.128
2026-09-11 19:04:14,0,0,0,21,15.424,65.639
2026-09-11 19:09:14,0,0,0,23,15.424,66.219
2026-09-11 19:14:13,0,0,0,0,15.125,67.148
2026-09-11 19:19:13,0,0,0,0,14.757,68.136
2026-09-11 19:24:13,0,0,0,72,14.743,67.404
2026-09-11 19:29:15,0,0,0,0,14.618,68.248
2026-09-11 19:34:15,0,0,0,69,14.671,68.025
2026-09-11 19:39:15,0,0,0,0,14.407,68.704
2026-09-11 19:44:14,0,0,0,0,14.26,69.223
2026-09-11 19:49:14,0,0,0,0,14.305,69.029
2026-09-11 19:54:15,0,1,0,0,14.137,69.465
2026-09-11 19:59:14,0,0,0,0,13.934,70.177
2026-09-11 20:04:15,0,0,0,26,13.873,70.606
2026-09-11 20:09:14,0,0,0,72,13.785,70.637
2026-09-11 20:14:15,0,0,0,87,13.627,71.384
2026-09-11 20:19:15,0,0,0,31,13.437,71.911
2026-09-11 20:24:15,0,0,0,0,13.069,73.511
2026-09-11 20:29:14,0,0,0,1,12.901,73.629
2026-09-11 20:34:15,0,0,0,33,12.775,74.287
2026-09-11 20:39:15,0,0,0,0,12.452,75.281
2026-09-11 20:44:14,0,0,0,0,12.42,75.315
2026-09-11 20:49:15,0,0,0,9,12.385,75.621
2026-09-11 20:54:14,2,2,0,61,12.268,76.139
2026-09-11 20:59:14,0,0,0,23,12.06,76.828
2026-09-11 21:04:14,1,2,0,25,12.18,76.809
2026-09-11 21:09:14,0,1,0,21,12.049,77.127
2026-09-11 21:14:14,2,2,0,63,12.033,77.566
2026-09-11 21:19:14,0,0,0,0,12.001,77.68
2026-09-11 21:24:14,0,1,0,39,12.073,77.408
2026-09-11 21:29:14,1,1,0,0,12.025,77.421
2026-09-11 21:34:14,0,0,0,0,12.033,77.371
2026-09-11 21:39:13,0,0,0,0,11.977,77.564
2026-09-11 21:44:14,0,0,0,0,11.921,77.896
2026-09-11 21:49:13,1,1,0,0,11.833,78.306
2026-09-11 21:54:14,2,2,0,0,11.795,78.606
2026-09-11 21:59:14,1,1,0,0,11.785,78.306
2026-09-11 22:04:14,1,1,0,0,11.654,78.88
2026-09-11 22:09:14,0,0,0,0,11.72,78.71
2026-09-11 22:14:14,0,1,0,0,11.622,79.166
2026-09-11 22:19:14,1,1,0,0,11.435,79.876
2026-09-11 22:24:14,0,0,0,0,11.248,80.313
2026-09-11 22:29:15,2,2,0,0,11.264,80.618
2026-09-11 22:34:15,1,1,0,0,11.114,81.051
2026-09-11 22:39:15,2,2,0,0,11.208,81.07
2026-09-11 22:44:15,1,1,0,0,11.088,81.6
2026-09-11 22:49:15,3,3,0,0,10.975,81.991
2026-09-11 22:54:15,0,1,0,0,10.901,82.159
2026-09-11 22:59:15,38,44,0,61,10.877,82.42
2026-09-11 23:04:15,5,6,0,0,10.861,82.443
2026-09-11 23:09:15,4,4,0,0,10.853,82.483
2026-09-11 23:14:15,2,2,0,0,10.818,82.491
2026-09-11 23:19:15,2,2,0,0,10.692,83.015
2026-09-11 23:24:15,2,2,0,0,10.813,82.502
2026-09-11 23:29:15,2,2,0,0,10.791,82.39
2026-09-11 23:34:15,1,1,0,0,10.855,82.464
2026-09-11 23:39:15,2,2,0,0,10.858,82.558
2026-09-11 23:44:16,0,1,0,0,10.866,82.422
2026-09-11 23:49:15,2,2,0,0,10.789,82.544
2026-09-11 23:54:15,1,1,0,0,10.682,82.691
2026-09-11 23:59:16,5,5,0,37,10.628,83.218
2026-09-12 00:04:15,5,5,0,19,10.57,83.458
2026-09-12 00:09:15,7,9,0,61,10.57,83.643
2026-09-12 00:14:15,2,2,0,20,10.441,83.942
2026-09-12 00:19:15,7,8,0,69,10.567,83.664
2026-09-12 00:24:15,4,4,0,47,10.479,83.83
2026-09-12 00:29:16,5,5,0,66,10.489,83.889
2026-09-12 00:34:15,5,5,0,38,10.447,84.057
2026-09-12 00:39:15,3,4,0,51,10.396,84.158
2026-09-12 00:44:16,5,7,0,51,10.433,84.017
2026-09-12 00:49:15,6,6,0,56,10.42,83.908
2026-09-12 00:54:15,3,4,0,55,10.567,83.366
2026-09-12 00:59:16,8,8,0,95,10.596,83.359
2026-09-12 01:04:15,4,5,0,104,10.594,83.509
2026-09-12 01:09:16,6,6,0,44,10.583,83.445
2026-09-12 01:14:15,4,4,0,110,10.626,83.303
2026-09-12 01:19:16,3,3,0,59,10.505,83.757
2026-09-12 01:24:16,3,3,0,39,10.46,84.076
2026-09-12 01:29:17,4,4,0,35,10.676,83.424
2026-09-12 01:34:17,4,4,0,57,10.636,83.509
2026-09-12 01:39:16,4,5,0,51,10.588,83.509
2026-09-12 01:44:17,3,3,0,67,10.644,83.357
2026-09-12 01:49:17,3,3,0,44,10.626,83.673
2026-09-12 01:54:17,3,3,0,56,10.591,83.639
2026-09-12 01:59:17,5,5,0,60,10.583,83.845
2026-09-12 02:04:17,2,3,0,89,10.578,83.942
2026-09-12 02:09:17,4,4,0,130,10.658,83.471
2026-09-12 02:14:17,4,4,0,118,10.708,83.563
2026-09-12 02:19:17,2,3,0,108,10.674,83.687
2026-09-12 02:24:17,3,3,0,77,10.634,83.87
2026-09-12 02:29:17,3,5,0,96,10.682,83.878
2026-09-12 02:34:17,3,3,0,116,10.767,83.343
2026-09-12 02:39:17,5,5,0,124,10.74,83.605
2026-09-12 02:44:17,5,6,0,179,10.799,83.137
2026-09-12 02:49:17,2,2,0,101,10.772,83.244
2026-09-12 02:54:17,3,3,0,113,10.764,83.221
2026-09-12 02:59:17,3,3,0,93,10.756,83.416
2026-09-12 03:04:17,1,2,0,213,11.056,82.378
2026-09-12 03:09:17,2,2,0,146,10.975,82.355
2026-09-12 03:14:17,2,2,0,189,11.224,81.722
2026-09-12 03:19:17,2,2,0,165,11.069,82.033
2026-09-12 03:24:17,2,2,0,159,11.157,81.539
2026-09-12 03:29:17,3,3,0,149,11.074,82.214
2026-09-12 03:34:17,1,1,0,240,11.232,81.549
2026-09-12 03:39:17,2,2,0,164,11.154,81.377
2026-09-12 03:44:17,3,3,0,171,11.389,81.261
2026-09-12 03:49:17,2,4,0,187,11.283,81.255
2026-09-12 03:54:17,1,2,0,241,11.413,80.896
2026-09-12 03:59:17,2,2,0,220,11.443,80.746
2026-09-12 04:04:17,1,2,0,286,11.472,80.814
2026-09-12 04:09:17,4,4,0,267,11.408,80.887
2026-09-12 04:14:17,3,3,0,234,11.312,81.251
2026-09-12 04:19:17,2,2,0,277,11.317,81.181
2026-09-12 04:24:17,4,5,0,288,11.403,80.711
2026-09-12 04:29:18,4,4,0,458,11.269,81.289
2026-09-12 04:34:18,4,5,0,387,11.333,81.306
2026-09-12 04:39:18,5,5,0,387,11.376,81.341
2026-09-12 04:44:18,3,4,0,411,11.218,81.631
2026-09-12 04:49:18,3,4,0,338,11.138,81.869
2026-09-12 04:54:18,3,3,0,315,11.029,82.022
2026-09-12 04:59:18,3,3,0,340,11.01,82.119
2026-09-12 05:04:18,3,5,0,355,10.986,82.163
2026-09-12 05:09:18,2,3,0,380,10.994,81.982
2026-09-12 05:14:19,4,4,0,351,10.775,83.137
2026-09-12 05:19:18,3,4,0,347,10.716,83.769
2026-09-12 05:24:19,3,4,0,337,10.815,83.05
2026-09-12 05:29:18,3,3,0,322,10.764,82.838
2026-09-12 05:34:18,2,2,0,268,10.692,83.49
2026-09-12 05:39:18,3,3,0,236,10.756,83.265
2026-09-12 05:44:18,5,5,0,333,10.671,83.454
2026-09-12 05:49:18,3,4,0,250,10.74,83.691
2026-09-12 05:54:18,3,3,0,360,10.57,83.691
2026-09-12 05:59:19,5,5,0,448,10.623,84.137
2026-09-12 06:04:19,4,5,0,388,10.764,83.429
2026-09-12 06:09:18,3,3,0,402,10.698,83.488
2026-09-12 06:14:19,3,4,0,351,10.634,83.855
2026-09-12 06:19:19,3,3,0,366,10.57,84.133
2026-09-12 06:24:19,3,3,0,382,10.658,84.133
2026-09-12 06:29:18,2,2,0,315,10.658,83.834
2026-09-12 06:34:18,2,3,0,415,10.799,83.481
2026-09-12 06:39:18,3,3,0,401,10.711,83.446
2026-09-12 06:44:19,2,2,0,436,10.789,83.784
2026-09-12 06:49:19,4,4,0,429,10.711,83.956
2026-09-12 06:54:18,4,4,0,405,10.572,84.616
2026-09-12 06:59:19,7,7,0,427,10.711,84.229
2026-09-12 07:04:19,4,4,0,409,10.655,84.389
2026-09-12 07:09:19,5,5,0,434,10.674,84.335
2026-09-12 07:14:19,4,5,0,454,10.719,84.261
2026-09-12 07:19:19,5,5,0,467,10.682,84.854
2026-09-12 07:24:19,5,6,0,488,10.708,84.74
2026-09-12 07:29:20,4,4,0,1310,10.799,84.829
2026-09-12 07:34:20,5,7,0,518,10.775,84.299
2026-09-12 07:39:20,6,6,0,490,10.674,84.633
2026-09-12 07:44:20,4,4,0,491,10.634,84.581
2026-09-12 07:49:20,5,5,0,503,10.572,84.658
2026-09-12 07:54:20,4,4,0,481,10.329,85.171
2026-09-12 07:59:20,5,5,0,517,10.319,85.417
2026-09-12 08:04:20,7,7,0,589,10.249,85.222
2026-09-12 08:09:19,7,8,0,572,10.1,86.197
2026-09-12 08:14:20,7,7,0,659,10.148,86.346
2026-09-12 08:19:20,8,8,0,689,10.238,86.136
2026-09-12 08:24:20,7,9,0,620,10.118,86.178
2026-09-12 08:29:20,32,32,0,621,10.254,85.716
2026-09-12 08:34:20,13,17,0,623,10.409,85.499
2026-09-12 08:39:20,15,18,0,627,10.612,84.991
2026-09-12 08:44:20,17,18,0,659,10.861,84
2026-09-12 08:49:20,11,12,0,619,10.999,83.412
2026-09-12 08:54:20,15,15,0,591,11.077,83.33
2026-09-12 08:59:20,8,8,0,506,11.234,83.391
2026-09-12 09:04:20,8,8,0,480,11.429,82.947
2026-09-12 09:09:20,9,9,0,479,11.635,82.323
2026-09-12 09:14:20,12,14,0,538,11.731,81.856
2026-09-12 09:19:20,8,8,0,448,11.95,81.272
2026-09-12 09:24:20,9,11,0,476,11.739,81.514
2026-09-12 09:29:20,9,9,0,436,12.052,80.089
2026-09-12 09:34:20,14,16,0,529,12.471,79.645
2026-09-12 09:39:20,16,19,0,594,14.1,74.514
2026-09-12 09:44:20,15,16,0,683,15.632,69.008
2026-09-12 09:49:20,8,12,0,555,16.893,62.919
2026-09-12 09:54:20,13,18,0,542,17.336,62.73
2026-09-12 09:59:20,13,14,0,583,18.255,59.778
2026-09-12 10:04:21,10,10,0,546,19.998,54.069
2026-09-12 10:09:20,12,14,0,554,20.327,52.852
2026-09-12 10:14:20,14,16,0,547,21.641,49.64
2026-09-12 10:19:20,18,19,0,553,21.737,49.625
2026-09-12 10:24:20,16,19,0,459,22.733,47.357
2026-09-12 10:29:21,18,21,0,770,23.184,45.627
2026-09-12 10:34:21,19,19,0,402,24.025,43.945
2026-09-12 10:39:22,16,18,0,372,23.603,43.516
2026-09-12 10:44:21,18,19,0,390,23.173,45.219
2026-09-12 10:49:21,19,19,0,322,22.594,44.9
2026-09-12 10:54:22,19,21,0,259,23.083,43.504
2026-09-12 10:59:21,20,22,0,145,21.884,47.138
2026-09-12 11:04:22,25,25,0,189,21.932,46.621
2026-09-12 11:09:21,19,19,0,87,21.553,47.262
2026-09-12 11:14:22,17,18,0,163,23.216,43.172
2026-09-12 11:19:22,19,19,0,38,22.193,45.064
2026-09-12 11:24:25,18,19,0,23,23.168,42.966
2026-09-12 11:29:21,17,18,0,2,22.778,42.693
2026-09-12 11:34:22,14,16,0,19,23.622,41.776
2026-09-12 11:39:23,16,17,0,21,23.264,41.702
2026-09-12 11:44:22,17,17,0,66,24.244,40.714
2026-09-12 11:49:22,17,18,0,25,24.84,38.97
2026-09-12 11:54:22,15,17,0,0,24.586,39.954
2026-09-12 11:59:22,16,17,0,0,24.167,38.993
2026-09-12 12:04:22,19,20,0,0,23.932,40.559
2026-09-12 12:09:22,13,15,0,0,24.178,41.61
2026-09-12 12:14:22,19,19,0,0,23.846,40.948
2026-09-12 12:19:22,17,17,0,0,23.996,39.722
2026-09-12 12:24:22,20,20,0,0,24.284,39.365
2026-09-12 12:29:22,17,18,0,0,24.623,38.28
2026-09-12 12:34:22,18,20,0,0,24.557,38.493
2026-09-12 12:39:22,13,14,0,0,25.085,37.915
2026-09-12 12:44:22,16,16,0,0,23.975,38.968
2026-09-12 12:49:22,19,19,0,0,23.358,40.136
2026-09-12 12:54:22,11,13,0,0,24.164,39.333
2026-09-12 12:59:22,12,12,0,0,25.005,38.501
2026-09-12 13:04:22,13,15,0,0,25.328,37.032
2026-09-12 13:09:22,10,10,0,0,24.866,36.937
2026-09-12 13:14:22,12,14,0,0,25.275,35.009
2026-09-12 13:19:22,8,8,0,0,25.414,35.724
2026-09-12 13:24:22,7,8,0,0,24.858,37.147
2026-09-12 13:29:23,8,8,0,0,25.251,35.941
2026-09-12 13:34:23,9,9,0,0,23.686,38.377
2026-09-12 13:39:23,8,8,0,0,25.147,35.688
2026-09-12 13:44:23,5,5,0,0,25.163,35.358
2026-09-12 13:49:23,6,7,0,0,25.374,35.505
2026-09-12 13:54:23,10,10,0,0,23.614,36.76
2026-09-12 13:59:23,5,6,0,0,24.909,35.291
2026-09-12 14:04:23,5,5,0,0,24.522,35.939
2026-09-12 14:09:23,8,8,0,0,24.741,36.565
2026-09-12 14:14:23,30,30,0,0,24.463,36.155
2026-09-12 14:19:23,32,34,0,0,25.694,34.455
2026-09-12 14:24:23,16,16,0,0,25.222,34.572
2026-09-12 14:29:23,4,4,0,0,24.883,33.956
2026-09-12 14:34:23,7,7,0,0,25.732,34.707
2026-09-12 14:39:24,30,31,0,0,25.182,34.917
2026-09-12 14:44:23,8,8,0,0,26.004,33.248
2026-09-12 14:49:23,9,9,0,0,24.375,34.621
2026-09-12 14:54:23,5,5,0,0,25.299,33.372
2026-09-12 14:59:23,3,3,0,0,25.451,34.473
2026-09-12 15:04:23,6,7,0,0,24.856,34.927
2026-09-12 15:09:23,4,6,0,0,24.765,34.873
2026-09-12 15:14:23,2,2,0,0,25.523,35.125
2026-09-12 15:19:23,26,26,0,0,24.8,36.092
2026-09-12 15:24:23,9,12,0,0,25.446,33.668
2026-09-12 15:29:23,19,19,0,0,25.112,35.06
2026-09-12 15:34:23,12,13,0,0,24.933,35.094
2026-09-12 15:39:24,2,3,0,0,24.824,35.279
2026-09-12 15:44:23,3,3,0,0,24.271,35.726
2026-09-12 15:49:23,12,12,0,0,25.505,34.686
2026-09-12 15:54:23,2,2,0,0,25.505,33.317
2026-09-12 15:59:23,3,3,0,0,25.288,33.425
2026-09-12 16:04:23,2,3,0,0,24.533,34.269
2026-09-12 16:09:24,2,3,0,0,25.288,34.637
2026-09-12 16:14:23,2,2,0,0,25.764,31.488
2026-09-12 16:19:24,2,2,0,0,24.314,33.694
2026-09-12 16:24:23,2,2,0,0,24.3,34.602
2026-09-12 16:29:25,2,2,0,35,24.29,34.108
2026-09-12 16:34:25,2,2,0,0,23.801,33.576
2026-09-12 16:39:24,5,6,0,0,25.264,35.812
2026-09-12 16:44:25,0,0,0,0,24.207,34.188
2026-09-12 16:49:25,1,1,0,0,24.557,36.113
2026-09-12 16:54:25,1,2,0,0,24.26,35.59
2026-09-12 16:59:24,19,19,0,0,24.637,36.353
2026-09-12 17:04:25,2,2,0,0,24.61,35.697
2026-09-12 17:09:24,1,1,0,0,24.391,35.751
2026-09-12 17:14:25,5,5,0,0,24.402,36.716
2026-09-12 17:19:27,2,2,0,0,24.215,37.223
2026-09-12 17:24:25,3,3,0,0,24.276,38.081
2026-09-12 17:29:25,1,1,0,0,23.619,39.459
2026-09-12 17:34:25,7,8,0,0,24.167,38.757
2026-09-12 17:39:24,3,3,0,0,23.443,39.895
2026-09-12 17:44:25,3,3,0,0,23.921,39.75
2026-09-12 17:49:24,3,3,0,0,23.761,38.799
2026-09-12 17:54:25,1,1,0,0,23.334,40.435
2026-09-12 17:59:25,2,2,0,0,23.659,39.655
2026-09-12 18:04:24,1,3,0,0,23.173,41.145
2026-09-12 18:09:25,0,1,0,0,23.547,41.068
2026-09-12 18:14:25,1,1,0,0,22.829,40.546
2026-09-12 18:19:25,2,2,0,0,22.704,41.652
2026-09-12 18:24:24,3,4,0,0,22.196,42.661
2026-09-12 18:29:25,3,3,0,0,22.25,42.516
2026-09-12 18:34:25,4,4,0,0,22.039,43.926
2026-09-12 18:39:25,2,2,0,0,21.766,43.746
2026-09-12 18:44:25,3,3,0,0,21.625,44.463
2026-09-12 18:49:25,1,1,0,0,21.195,45.085
2026-09-12 18:54:25,3,3,0,0,20.818,47.023
2026-09-12 18:59:25,2,2,0,0,20.367,47.878
2026-09-12 19:04:25,2,2,0,0,19.801,49.236
2026-09-12 19:09:25,5,5,0,0,19.63,49.211
2026-09-12 19:14:25,4,4,0,0,19.44,49.703
2026-09-12 19:19:25,5,5,0,0,19.288,50.14
2026-09-12 19:24:25,4,4,0,0,19.099,50.912
2026-09-12 19:29:26,5,5,0,29,18.832,53.064
2026-09-12 19:34:26,4,5,0,237,18.693,53.907
2026-09-12 19:39:26,6,6,0,1564,18.53,54.134
2026-09-12 19:44:26,3,4,0,2237,18.335,55.297
2026-09-12 19:49:26,8,8,0,940,17.956,57.148
2026-09-12 19:54:26,6,7,0,321,17.838,57.642
2026-09-12 19:59:26,5,5,0,148,17.584,58.927
2026-09-12 20:04:26,6,6,0,290,17.531,59.066
2026-09-12 20:09:26,5,5,0,182,17.395,59.536
2026-09-12 20:14:26,5,5,0,378,17.248,59.787
2026-09-12 20:19:27,8,8,0,103,17.256,59.372
2026-09-12 20:24:27,5,5,0,571,17.221,59.986
2026-09-12 20:29:26,7,7,0,530,17.061,60.699
2026-09-12 20:34:26,6,7,0,436,16.965,60.608
2026-09-12 20:39:26,7,7,0,481,16.85,60.875
2026-09-12 20:44:26,4,5,0,848,16.698,61.87
2026-09-12 20:49:26,6,6,0,1339,16.621,61.857
2026-09-12 20:54:26,4,4,0,705,16.54,61.996
2026-09-12 20:59:27,5,5,0,595,16.396,62.341
2026-09-12 21:04:26,8,8,0,810,16.289,62.595
2026-09-12 21:09:26,5,5,0,256,16.177,63.022
2026-09-12 21:14:27,5,5,0,364,16.06,63.486
2026-09-12 21:19:27,6,6,0,226,16.089,63.303
2026-09-12 21:24:26,5,7,0,31,15.99,63.703
2026-09-12 21:29:27,7,7,0,799,15.734,64.811
2026-09-12 21:34:27,8,8,0,579,15.665,64.445
2026-09-12 21:39:26,27,27,0,1114,15.731,63.86
2026-09-12 21:44:26,8,8,0,806,15.657,64.104
2026-09-12 21:49:27,24,24,0,1615,15.248,66.456
2026-09-12 21:54:27,35,42,0,1920,14.978,67.423
2026-09-12 21:59:26,22,23,0,1189,14.906,67.657
2026-09-12 22:04:27,34,37,0,874,14.791,68.157
2026-09-12 22:09:26,18,18,0,1371,14.53,69.389
2026-09-12 22:14:26,18,18,0,1830,14.225,70.312
2026-09-12 22:19:26,14,14,0,1771,14.084,71.075
2026-09-12 22:24:27,13,13,0,1321,14.124,69.904
2026-09-12 22:29:28,28,29,0,731,13.785,71.667
2026-09-12 22:34:28,16,18,0,374,13.667,71.96
2026-09-12 22:39:28,32,35,0,473,13.411,72.672
2026-09-12 22:44:28,19,19,0,394,13.315,73.395
2026-09-12 22:49:28,29,30,0,546,13.272,72.817
2026-09-12 22:54:27,16,16,0,262,13.432,71.8
2026-09-12 22:59:28,17,18,0,126,13.616,70.879
2026-09-12 23:04:28,22,24,0,249,13.662,70.551
2026-09-12 23:09:27,12,12,0,264,13.555,70.965
2026-09-12 23:14:28,27,28,0,220,13.443,71.806
2026-09-12 23:19:28,24,25,0,299,13.307,71.655
2026-09-12 23:24:28,9,9,0,93,13.339,71.089
2026-09-12 23:29:28,8,9,0,54,13.55,70.104
2026-09-12 23:34:28,32,35,0,153,13.478,70.825
2026-09-12 23:39:28,9,11,0,49,13.336,71.798
2026-09-12 23:44:28,7,8,0,0,13.355,71.705
2026-09-12 23:49:28,16,16,0,113,13.312,71.892
2026-09-12 23:54:28,7,8,0,39,13.328,71.42
2026-09-12 23:59:28,8,8,0,127,13.336,71.283
2026-09-13 00:04:28,8,8,0,301,13.114,71.049
2026-09-13 00:09:28,12,14,0,272,13.064,71.97
2026-09-13 00:14:28,37,46,0,354,12.749,72.883
2026-09-13 00:19:28,20,23,0,383,12.572,72.656
2026-09-13 00:24:28,44,53,0,455,12.396,72.311
2026-09-13 00:29:28,31,35,0,487,12.161,73.81
2026-09-13 00:34:28,21,21,0,417,11.889,75.54
2026-09-13 00:39:28,19,19,0,433,11.63,74.909
2026-09-13 00:44:28,19,19,0,406,11.408,74.585
2026-09-13 00:49:28,23,23,0,447,11.2,74.341
2026-09-13 00:54:28,21,23,0,474,11.066,74.907
2026-09-13 00:59:28,23,23,0,411,10.999,75.243
2026-09-13 01:04:28,21,23,0,482,10.941,74.928
2026-09-13 01:09:28,21,21,0,451,10.73,75.939
2026-09-13 01:14:28,21,23,0,499,10.775,76.345
2026-09-13 01:19:28,24,24,0,550,10.789,75.889
2026-09-13 01:24:28,20,25,0,536,10.658,77.062
2026-09-13 01:29:29,20,20,0,2039,10.596,78.171
2026-09-13 01:34:29,26,29,0,620,10.529,77.761
2026-09-13 01:39:29,17,17,0,573,10.46,78.348
2026-09-13 01:44:29,21,21,0,603,10.297,78.506
2026-09-13 01:49:29,17,18,0,516,10.177,79.67
2026-09-13 01:54:29,17,21,0,508,10.105,79.946
2026-09-13 01:59:29,18,20,0,493,9.921,80.715
2026-09-13 02:04:29,20,26,0,521,9.985,80.732
2026-09-13 02:09:29,19,23,0,490,9.851,80.372
2026-09-13 02:14:29,24,25,0,491,9.731,79.565
2026-09-13 02:19:29,25,26,0,463,9.622,78.915
2026-09-13 02:24:29,27,28,0,446,9.507,79.201
2026-09-13 02:29:29,27,27,0,436,9.373,79.941
2026-09-13 02:34:29,26,28,0,441,9.325,80.048
2026-09-13 02:39:30,27,28,0,458,9.186,80.492
2026-09-13 02:44:30,26,28,0,465,9.186,80.034
2026-09-13 02:49:29,27,31,0,443,9.021,80.154
2026-09-13 02:54:29,26,26,0,472,8.991,80.757
2026-09-13 02:59:29,27,27,0,456,8.85,80.803
2026-09-13 03:04:29,27,28,0,484,8.711,81.577
2026-09-13 03:09:29,21,24,0,426,8.652,82.56
2026-09-13 03:14:30,26,27,0,448,8.58,82.693
2026-09-13 03:19:30,27,30,0,498,8.553,82.041
2026-09-13 03:24:29,30,31,0,496,8.497,82.523
2026-09-13 03:29:29,29,30,0,519,8.452,82.392
2026-09-13 03:34:29,25,25,0,538,8.401,83.723
2026-09-13 03:39:30,29,31,0,521,8.473,82.857
2026-09-13 03:44:29,28,31,0,558,8.409,83.221
2026-09-13 03:49:30,32,35,0,469,8.468,80.833
2026-09-13 03:54:30,33,37,0,503,8.551,80.118
2026-09-13 03:59:31,37,40,0,548,8.602,80.534
2026-09-13 04:04:30,36,39,0,523,8.58,80.051
2026-09-13 04:09:30,37,40,0,521,8.465,80.61
2026-09-13 04:14:30,36,41,0,485,8.377,80.343
2026-09-13 04:19:30,37,39,0,477,8.375,79.714
2026-09-13 04:24:30,36,42,0,434,8.313,80.179
2026-09-13 04:29:31,38,44,0,1512,8.182,80.614
2026-09-13 04:34:31,39,47,294,559,8.433,79.87
2026-09-13 04:39:31,35,40,0,509,8.505,79.143
2026-09-13 04:44:31,42,51,0,510,8.551,78.707
2026-09-13 04:49:31,37,41,0,494,8.444,78.636
2026-09-13 04:54:31,37,44,0,476,8.337,78.72
2026-09-13 04:59:31,36,38,0,520,8.377,78.745
2026-09-13 05:04:31,36,40,0,502,8.393,78.726
2026-09-13 05:09:31,36,39,0,514,8.172,79.624
2026-09-13 05:14:31,38,43,0,475,8.094,79.718
2026-09-13 05:19:31,36,40,0,460,7.899,80.503
2026-09-13 05:24:31,34,39,0,453,7.768,81.28
2026-09-13 05:29:31,36,38,0,490,7.747,80.618
2026-09-13 05:34:31,37,39,0,494,7.832,80.799
2026-09-13 05:39:31,36,38,0,490,7.814,80.465
2026-09-13 05:44:31,36,38,0,463,7.784,80.522
2026-09-13 05:49:31,34,37,0,439,7.814,80.019
2026-09-13 05:54:31,36,43,0,417,7.718,80.585
2026-09-13 05:59:31,34,35,0,464,7.557,80.849
2026-09-13 06:04:31,39,43,0,541,7.499,81.209
2026-09-13 06:09:31,39,45,0,533,7.488,81.751
2026-09-13 06:14:31,37,40,0,570,7.541,81.772
2026-09-13 06:19:31,36,42,0,550,7.475,81.474
2026-09-13 06:24:31,34,35,0,506,7.44,81.345
2026-09-13 06:29:31,37,42,0,489,7.322,81.629
2026-09-13 06:34:31,38,40,0,502,7.184,82.178
2026-09-13 06:39:31,36,41,0,513,7.133,82.396
2026-09-13 06:44:31,38,41,0,524,7.069,82.38
2026-09-13 06:49:32,32,36,0,472,7.002,82.506
2026-09-13 06:54:32,34,38,0,417,6.855,82.769
2026-09-13 06:59:31,30,32,0,430,6.772,82.855
2026-09-13 07:04:32,28,32,0,412,6.876,82.079
2026-09-13 07:09:32,31,36,0,394,6.658,82.966
2026-09-13 07:14:32,30,32,0,347,6.641,83.019
2026-09-13 07:19:32,32,33,0,446,6.564,82.891
2026-09-13 07:24:31,33,39,0,434,6.439,83.195
2026-09-13 07:29:33,30,33,0,1220,6.302,83.061
2026-09-13 07:34:33,32,35,0,442,6.241,83.355
2026-09-13 07:39:32,29,32,0,451,5.971,84.944
2026-09-13 07:44:33,33,34,0,542,6.204,84.417
2026-09-13 07:49:32,31,32,0,538,6.233,84.694
2026-09-13 07:54:32,34,39,0,514,6.35,83.881
2026-09-13 07:59:33,34,39,0,532,6.281,83.87
2026-09-13 08:04:33,35,35,0,527,6.34,84.684
2026-09-13 08:09:32,35,41,0,517,6.382,83.86
2026-09-13 08:14:33,43,54,0,649,6.553,83.702
2026-09-13 08:19:32,37,38,0,499,6.551,83.471
2026-09-13 08:24:33,35,42,0,499,6.676,82.951
2026-09-13 08:29:33,34,39,0,522,6.847,82.346
2026-09-13 08:34:33,34,36,0,517,7.082,82.106
2026-09-13 08:39:33,31,31,0,479,7.357,81.045
2026-09-13 08:44:33,47,58,0,581,7.549,81.161
2026-09-13 08:49:33,34,38,0,496,7.638,81.371
2026-09-13 08:54:33,37,38,0,462,7.854,80.877
2026-09-13 08:59:33,33,34,0,497,8.081,80.379
2026-09-13 09:04:32,34,39,0,509,8.356,79.555
2026-09-13 09:09:33,36,41,0,467,8.639,78.718
2026-09-13 09:14:33,33,35,0,481,8.895,77.167
2026-09-13 09:19:33,36,38,0,481,9.4,75.317
2026-09-13 09:24:33,33,37,0,376,10.23,71.266
2026-09-13 09:29:33,32,34,0,298,10.885,69.05
2026-09-13 09:34:33,31,31,0,278,10.938,70.162
2026-09-13 09:39:33,47,55,99,257,13.998,60.192
2026-09-13 09:44:33,28,28,0,226,15.451,55.715
2026-09-13 09:49:33,31,35,0,220,16.151,51.811
2026-09-13 09:54:33,28,29,0,241,17.833,49.428
2026-09-13 09:59:32,27,27,99,279,18.802,48.129
2026-09-13 10:04:33,30,33,396,315,19.713,43.626
2026-09-13 10:09:33,25,25,0,183,20.45,42.88
2026-09-13 10:14:33,23,23,0,219,21.518,41.389
2026-09-13 10:19:33,25,25,0,251,22.712,40.088
2026-09-13 10:24:33,23,24,0,154,23.651,36.851
2026-09-13 10:29:34,24,26,0,209,24.284,37.008
2026-09-13 10:34:34,21,22,0,153,24.274,36.895
2026-09-13 10:39:34,18,20,0,123,25.689,34.389
2026-09-13 10:44:34,21,23,0,6,23.611,37.055
2026-09-13 10:49:34,22,22,0,29,23.9,36.338
2026-09-13 10:54:34,20,23,0,4,25.278,34.293
2026-09-13 10:59:34,19,19,0,17,26.057,34.085
2026-09-13 11:04:34,20,20,0,0,25.612,34.894
2026-09-13 11:09:34,21,21,0,0,26.549,33.336
2026-09-13 11:14:34,19,19,0,16,27.457,31.778
2026-09-13 11:19:34,20,20,0,0,26.64,32.802
2026-09-13 11:24:34,20,20,0,54,28.351,30.465
2026-09-13 11:29:34,20,22,0,0,27.379,31.919
2026-09-13 11:34:34,18,19,0,0,28.103,30.376
2026-09-13 11:39:35,14,14,0,0,27.614,30.847
2026-09-13 11:44:34,15,16,0,0,28.733,29.615
2026-09-13 11:49:35,12,14,0,0,27.839,30.427
2026-09-13 11:54:34,17,17,0,0,26.575,32.35
2026-09-13 11:59:34,23,23,0,0,26.762,32.27
2026-09-13 12:04:34,18,18,0,0,26.869,33.538
2026-09-13 12:09:34,19,19,0,0,27.443,31.919
2026-09-13 12:14:35,18,18,0,0,27.24,31.749
2026-09-13 12:19:34,18,19,0,0,27.377,31.585
2026-09-13 12:24:38,19,22,0,0,26.899,32.933
2026-09-13 12:29:34,22,24,0,0,26.92,33.151
2026-09-13 12:34:34,23,23,0,0,27.272,33.221
2026-09-13 12:39:35,24,25,0,0,26.875,32.684
2026-09-13 12:44:34,18,19,0,0,27.903,31.73
2026-09-13 12:49:35,20,20,0,0,27.35,31.19
2026-09-13 12:54:34,15,18,0,0,26.575,30.687
2026-09-13 12:59:34,13,13,0,0,26.073,32.01
2026-09-13 13:04:34,13,16,0,0,25.828,33.628
2026-09-13 13:09:34,13,14,0,0,25.801,32.275
2026-09-13 13:14:35,16,18,0,0,26.559,32.058
2026-09-13 13:19:34,15,16,0,0,25.585,31.495
2026-09-13 13:24:35,12,13,0,0,26.933,32.041
2026-09-13 13:29:36,11,12,0,18,25.182,33.942
2026-09-13 13:34:35,13,13,0,165,24.987,33.246
2026-09-13 13:39:36,11,13,0,62,24.778,34.719
2026-09-13 13:44:36,12,14,0,0,24.53,34.488
2026-09-13 13:49:35,7,7,0,227,25.499,34.28
2026-09-13 13:54:36,7,7,0,602,26.493,33.593
2026-09-13 13:59:36,8,8,0,157,26.068,34.984
2026-09-13 14:04:36,9,9,0,180,25.371,36.136
2026-09-13 14:09:36,8,8,0,229,25.555,36.155
2026-09-13 14:14:35,7,7,0,244,25.676,35.89
2026-09-13 14:19:36,10,10,0,134,25.846,36.134
2026-09-13 14:24:35,7,7,0,0,25.072,36.697
2026-09-13 14:29:36,7,7,0,12,24.813,36.826
2026-09-13 14:34:35,6,6,0,132,25.04,36.981
2026-09-13 14:39:36,6,7,0,59,24.487,36.498
2026-09-13 14:44:36,11,11,0,30,24.413,35.752
2026-09-13 14:49:36,9,9,0,0,24.145,35.892
2026-09-13 14:54:36,7,8,0,0,24.21,36.462
2026-09-13 14:59:36,9,12,0,0,23.894,37.618
2026-09-13 15:04:36,8,8,0,0,24.252,37.399
2026-09-13 15:09:36,9,11,0,0,24.025,38.648
2026-09-13 15:14:36,9,11,0,0,24.247,38.097
2026-09-13 15:19:36,6,7,0,0,24.007,38.636
2026-09-13 15:24:36,7,7,0,0,24.306,37.708
2026-09-13 15:29:36,4,4,0,0,23.625,39.821
2026-09-13 15:34:36,5,7,0,0,24.212,39.415
2026-09-13 15:39:36,6,6,0,0,23.841,39.857
2026-09-13 15:44:36,5,7,0,0,24.057,40.405
2026-09-13 15:49:36,7,7,0,0,23.59,41.021
2026-09-13 15:54:36,5,5,0,208,24.372,39.869
2026-09-13 15:59:36,4,4,0,60,23.716,40.616
2026-09-13 16:04:36,7,7,0,147,24.372,41.976
2026-09-13 16:09:36,5,5,0,53,23.467,42.276
2026-09-13 16:14:36,6,7,0,371,23.972,43.233
2026-09-13 16:19:36,7,7,0,259,23.708,44.498
2026-09-13 16:24:36,5,5,0,230,23.473,45.396
2026-09-13 16:29:37,5,5,0,23,23.585,45.213
2026-09-13 16:34:37,5,5,0,226,23.093,46.861
2026-09-13 16:39:38,5,6,0,503,23.443,45.86
2026-09-13 16:44:37,5,5,0,166,23.371,45.743
2026-09-13 16:49:37,4,6,0,165,23.296,46.47
2026-09-13 16:54:37,5,5,0,0,23.029,46.392
2026-09-13 16:59:37,5,5,0,68,22.853,47.323
2026-09-13 17:04:38,6,6,0,142,23.443,46.123
2026-09-13 17:09:37,6,7,0,42,22.266,48.061
2026-09-13 17:14:38,4,4,0,140,22.453,47.902
2026-09-13 17:19:38,8,9,0,1029,22.72,47.817
2026-09-13 17:24:37,4,4,0,418,22.119,48.541
2026-09-13 17:29:37,6,6,0,450,22.177,47.868
2026-09-13 17:34:37,3,4,0,3552,22.068,48.782
2026-09-13 17:39:38,3,3,0,780,21.627,48.656
2026-09-13 17:44:37,4,6,0,148,21.609,49.585
2026-09-13 17:49:38,5,5,0,221,21.724,49.779
2026-09-13 17:54:37,6,6,0,85,21.387,50.285
2026-09-13 17:59:38,5,5,0,213,21.104,50.977
2026-09-13 18:04:38,5,5,0,252,20.946,51.954
2026-09-13 18:09:37,4,4,0,93,21.04,51.345
2026-09-13 18:14:38,7,7,0,230,21.011,51.37
2026-09-13 18:19:37,4,4,0,139,20.626,52.038
2026-09-13 18:24:37,6,6,0,0,20.351,52.942
2026-09-13 18:29:38,2,3,0,10,19.729,54.264
2026-09-13 18:34:37,3,3,0,45,19.635,54.687
2026-09-13 18:39:37,4,4,0,36,19.24,55.86
2026-09-13 18:44:38,4,5,0,265,19.037,56.373
2026-09-13 18:49:38,5,6,0,310,19.061,56.533
2026-09-13 18:54:38,4,4,0,233,18.898,56.913
2026-09-13 18:59:38,3,3,0,81,18.639,57.735
2026-09-13 19:04:37,3,3,0,325,18.458,58.012
2026-09-13 19:09:38,6,6,0,1290,18.404,58.317
2026-09-13 19:14:38,5,5,0,861,18.18,59.04
2026-09-13 19:19:38,4,4,0,1179,18.175,59.221
2026-09-13 19:24:38,3,4,0,767,17.956,59.448
2026-09-13 19:29:39,5,5,0,49,17.924,59.642
2026-09-13 19:34:39,5,5,0,265,17.766,60.175
2026-09-13 19:39:39,6,6,0,80,17.742,60.148
2026-09-13 19:44:39,6,6,0,225,17.825,59.902
2026-09-13 19:49:39,5,5,0,223,17.779,60.064
2026-09-13 19:54:39,5,5,0,167,17.694,60.264
2026-09-13 19:59:39,7,7,0,0,17.699,59.896
2026-09-13 20:04:39,6,6,0,0,17.63,60.06
2026-09-13 20:09:39,5,6,0,0,17.568,60.051
2026-09-13 20:14:39,6,6,0,0,17.435,60.247
2026-09-13 20:19:39,7,7,0,165,17.392,60.024
2026-09-13 20:24:39,7,8,0,25,17.406,59.082
2026-09-13 20:29:39,4,4,0,302,17.478,58.527
2026-09-13 20:34:39,5,5,0,496,17.352,58.475
2026-09-13 20:39:39,3,3,0,80,17.4,58.145
2026-09-13 20:44:39,6,6,0,0,17.251,58.734
2026-09-13 20:49:39,3,3,0,0,17.139,58.725
2026-09-13 20:54:39,4,4,0,514,17.165,58.271
2026-09-13 20:59:39,6,6,0,126,17.16,58.031
2026-09-13 21:04:39,12,13,0,414,17.168,58.118
2026-09-13 21:09:39,9,9,0,267,17.107,58.368
2026-09-13 21:14:39,5,5,0,174,17.074,58.525
2026-09-13 21:19:39,4,4,0,240,17.016,58.734
2026-09-13 21:24:39,6,6,0,560,16.901,59.026
2026-09-13 21:29:39,8,8,0,561,16.794,59.267
2026-09-13 21:34:39,7,7,0,995,16.637,60.045
2026-09-13 21:39:39,7,7,0,4738,16.554,60.823
2026-09-13 21:44:39,6,6,0,8893,16.418,61.536
2026-09-13 21:49:39,6,6,0,11185,16.249,62.542
2026-09-13 21:54:39,5,5,0,15629,16.11,63.087
2026-09-13 21:59:39,7,7,0,31158,15.913,64.136
2026-09-13 22:04:39,50,63,0,40619,15.563,65.822
2026-09-13 22:09:40,6,6,0,34360,15.021,67.873
2026-09-13 22:14:39,9,9,0,40977,15.032,67.661
2026-09-13 22:19:39,8,8,0,38517,14.789,68.439
2026-09-13 22:24:39,7,8,0,24013,14.839,68.367
2026-09-13 22:29:41,19,19,0,15,14.671,68.693
2026-09-13 22:34:41,64,73,0,192,14.399,69.807
2026-09-13 22:39:40,10,12,0,0,14.428,69.156
2026-09-13 22:44:42,6,7,0,0,14.522,68.527
2026-09-13 22:49:40,8,8,0,0,14.607,68.107
2026-09-13 22:54:41,7,7,0,0,14.615,67.903
2026-09-13 22:59:40,8,8,0,0,14.703,67.447
2026-09-13 23:04:41,9,9,0,0,14.749,67.171
2026-09-13 23:09:41,7,8,0,0,14.85,66.818
2026-09-13 23:14:40,8,12,0,0,14.807,67.06
2026-09-13 23:19:40,32,36,0,0,14.863,66.662
2026-09-13 23:24:41,18,19,0,0,14.829,66.572
2026-09-13 23:29:41,24,24,0,0,14.773,66.635
2026-09-13 23:34:41,24,25,0,0,14.789,66.229
2026-09-13 23:39:41,14,16,0,0,14.693,66.824
2026-09-13 23:44:41,7,7,0,0,14.244,68.599
2026-09-13 23:49:40,9,12,0,0,13.913,69.971
2026-09-13 23:54:41,11,12,0,0,13.582,71.121
2026-09-13 23:59:40,11,12,0,0,13.44,71.413
2026-09-14 00:04:41,12,12,0,0,13.096,72.805
2026-09-14 00:09:41,9,9,0,0,13.742,71.31
2026-09-14 00:14:41,8,9,0,0,13.715,71.14
2026-09-14 00:19:41,11,12,0,0,13.846,69.708
2026-09-14 00:24:41,9,9,0,0,14.001,69.099
2026-09-14 00:29:41,9,9,0,0,13.913,69.374
2026-09-14 00:34:41,13,16,0,0,13.755,70.406
2026-09-14 00:39:40,15,16,0,0,13.731,70.274
2026-09-14 00:44:41,11,12,0,0,13.664,70.396
2026-09-14 00:49:41,11,11,0,0,13.68,70.56
2026-09-14 00:54:41,11,11,0,0,13.467,71.386
2026-09-14 00:59:41,12,14,0,0,13.464,71.226
2026-09-14 01:04:40,11,13,0,0,13.355,71.642
2026-09-14 01:09:41,13,13,0,0,13.299,71.819
2026-09-14 01:14:41,9,11,0,0,13.133,72.468
2026-09-14 01:19:41,16,16,0,0,13.149,72.328
2026-09-14 01:24:41,11,11,0,0,13.224,72.063
2026-09-14 01:29:42,9,9,0,0,13.181,72.285
2026-09-14 01:34:42,8,8,0,0,12.837,73.532
2026-09-14 01:39:42,13,16,0,35,12.391,75.405
2026-09-14 01:44:42,11,11,0,0,12.383,75.636
2026-09-14 01:49:42,13,16,0,0,12.412,75.483
2026-09-14 01:54:42,11,14,0,29,12.161,76.181
2026-09-14 01:59:42,19,21,0,85,11.654,77.894
2026-09-14 02:04:42,18,20,0,142,11.509,78.6
2026-09-14 02:09:42,16,17,0,219,11.403,79.01
2026-09-14 02:14:42,17,17,0,231,11.275,79.59
2026-09-14 02:19:42,15,17,0,240,11.213,79.872
2026-09-14 02:24:42,17,19,0,284,11.114,79.924
2026-09-14 02:29:42,19,19,0,312,11.141,79.636
2026-09-14 02:34:42,21,21,0,275,10.885,81.533
2026-09-14 02:39:42,19,20,0,268,10.967,81.015
2026-09-14 02:44:42,16,17,0,301,10.967,80.543
2026-09-14 02:49:42,18,19,0,298,10.73,80.585
2026-09-14 02:54:42,17,19,0,286,10.572,81.028
2026-09-14 02:59:42,17,17,0,281,10.34,81.537
2026-09-14 03:04:42,17,19,0,287,10.321,81.917
2026-09-14 03:09:42,15,15,0,338,10.134,82.428
2026-09-14 03:14:42,19,20,0,311,10.001,82.476
2026-09-14 03:19:43,23,23,0,247,9.865,84.284
2026-09-14 03:24:42,23,26,0,232,9.99,83.321
2026-09-14 03:29:42,24,24,0,246,9.902,83.25
2026-09-14 03:34:42,26,26,0,254,10.019,83.565
2026-09-14 03:39:43,23,27,0,315,9.838,84.183
2026-09-14 03:44:43,21,23,0,308,9.774,84.379
2026-09-14 03:49:42,20,22,0,272,9.795,85.035
2026-09-14 03:54:42,24,28,0,299,9.961,84.028
2026-09-14 03:59:42,20,20,0,282,9.878,83.635
2026-09-14 04:04:42,21,24,0,319,9.694,85.056
2026-09-14 04:09:42,24,24,0,286,9.747,85.035
2026-09-14 04:14:42,21,25,0,324,9.763,85.499
2026-09-14 04:19:42,24,25,0,354,9.739,83.744
2026-09-14 04:24:43,24,24,0,340,9.739,84.335
2026-09-14 04:29:44,20,20,0,1306,9.646,84.227
2026-09-14 04:34:44,21,25,0,348,9.659,84.356
2026-09-14 04:39:44,20,20,0,316,9.635,84.852
2026-09-14 04:44:44,24,24,0,325,9.528,84.627
2026-09-14 04:49:43,24,24,0,323,9.352,84.679
2026-09-14 04:54:44,20,24,0,286,9.208,84.419
2026-09-14 04:59:44,21,21,0,296,9.021,84.574
2026-09-14 05:04:44,22,22,0,325,8.989,84.417
2026-09-14 05:09:44,21,21,0,298,8.879,84.69
2026-09-14 05:14:43,22,24,0,297,8.7,84.135
2026-09-14 05:19:44,24,24,0,278,8.471,85.314
2026-09-14 05:24:44,21,21,0,242,8.294,85.228
2026-09-14 05:29:43,20,21,0,270,8.11,87.336
2026-09-14 05:34:44,20,25,0,301,8.121,87.517
2026-09-14 05:39:44,22,25,0,334,8.246,87.212
2026-09-14 05:44:44,24,24,0,355,8.238,86.653
2026-09-14 05:49:44,22,22,0,351,8.113,87.36
2026-09-14 05:54:44,24,24,0,365,7.982,88.907
2026-09-14 05:59:44,24,26,0,369,8.03,89.239
2026-09-14 06:04:44,25,25,0,360,8.137,88.583
2026-09-14 06:09:44,29,30,0,383,8.22,88.686
2026-09-14 06:14:44,27,28,0,378,8.212,87.444
2026-09-14 06:19:44,28,29,0,380,8.236,89.666
2026-09-14 06:24:43,22,24,0,416,8.14,88.419
2026-09-14 06:29:44,27,28,0,390,8.091,87.919
2026-09-14 06:34:44,25,28,0,365,8.134,88.4
2026-09-14 06:39:44,27,27,0,431,8.001,89.392
2026-09-14 06:44:44,27,29,0,367,8.033,89.769
2026-09-14 06:49:44,31,34,0,408,8.062,88.564
2026-09-14 06:54:44,29,29,0,404,7.953,87.589
2026-09-14 06:59:44,25,26,0,486,7.878,87.326
2026-09-14 07:04:44,26,26,0,315,7.782,89.258
2026-09-14 07:09:44,24,27,0,327,7.768,89.211
2026-09-14 07:14:44,26,26,0,330,7.678,89.106
2026-09-14 07:19:44,28,28,0,340,7.638,88.762
2026-09-14 07:24:44,28,28,0,354,7.667,88.814
2026-09-14 07:29:45,27,28,0,1732,7.611,88.635
2026-09-14 07:34:45,30,32,0,346,7.624,88.028
2026-09-14 07:39:45,30,33,0,374,7.6,88.749
2026-09-14 07:44:45,30,33,0,383,7.635,89.779
2026-09-14 07:49:45,31,32,0,421,7.726,88.224
2026-09-14 07:54:45,33,34,0,449,7.72,88.377
2026-09-14 07:59:45,34,35,0,469,7.707,87.963
2026-09-14 08:04:45,31,34,0,524,7.816,89.071
2026-09-14 08:09:45,36,41,0,516,7.894,89.985
2026-09-14 08:14:45,34,40,0,529,8.129,89.216
2026-09-14 08:19:45,36,41,0,516,8.326,87.786
2026-09-14 08:24:45,33,35,0,556,8.508,86.227
2026-09-14 08:29:45,32,33,0,483,8.636,86.47
2026-09-14 08:34:45,33,33,0,622,8.903,86.212
2026-09-14 08:39:46,32,33,0,496,8.922,84.948
2026-09-14 08:44:45,29,29,0,394,8.919,84.44
2026-09-14 08:49:45,30,32,0,358,8.794,84.261
2026-09-14 08:54:46,32,33,0,374,9.149,84.16
2026-09-14 08:59:45,30,32,0,400,9.277,83.885
2026-09-14 09:04:45,30,32,0,372,9.395,83.506
2026-09-14 09:09:46,35,37,0,403,9.672,83.958
2026-09-14 09:14:45,36,39,0,476,9.899,83.656
2026-09-14 09:19:45,36,38,0,472,10.22,83.029
2026-09-14 09:24:46,33,34,0,454,10.663,82.188
2026-09-14 09:29:45,32,36,0,406,11.029,81.472
2026-09-14 09:34:45,35,40,0,399,12.19,79.712
2026-09-14 09:39:46,37,44,0,520,15.088,69.002
2026-09-14 09:44:45,35,41,0,429,17.502,60.621
2026-09-14 09:49:46,31,34,0,420,18.538,57.619
2026-09-14 09:54:46,29,30,0,384,19.926,53.537
2026-09-14 09:59:45,27,27,0,518,19.488,50.851
2026-09-14 10:04:45,34,39,197,437,19.67,51.328
2026-09-14 10:09:46,33,36,98,366,21.563,47.031
2026-09-14 10:14:46,32,34,98,371,22.191,46.245
2026-09-14 10:19:46,25,26,0,278,22.378,46.089
2026-09-14 10:24:46,22,23,0,322,22.682,43.992
2026-09-14 10:29:47,24,25,0,280,22.906,44.612
2026-09-14 10:34:46,23,24,0,250,23.2,44.261
2026-09-14 10:39:47,25,25,0,164,23.996,42.699
2026-09-14 10:44:47,24,25,0,183,23.673,43.331
2026-09-14 10:49:47,23,23,0,190,25.873,39.346
2026-09-14 10:54:47,22,23,0,145,25.267,39.838
2026-09-14 10:59:47,25,25,0,59,26.065,39.88
2026-09-14 11:04:47,26,27,0,115,26.02,38.776
2026-09-14 11:09:47,27,28,0,48,25.686,39.241
2026-09-14 11:14:47,28,28,0,77,26.338,38.402
2026-09-14 11:19:46,19,22,0,0,26.487,37.885
2026-09-14 11:24:47,19,19,0,0,26.634,37.942
2026-09-14 11:29:47,19,19,0,0,27.118,36.565
2026-09-14 11:34:46,18,19,0,0,26.746,37.477
2026-09-14 11:39:48,19,20,0,0,27.612,35.615
2026-09-14 11:44:47,15,16,0,0,28.239,35.077
2026-09-14 11:49:47,19,19,0,0,27.494,35.625
2026-09-14 11:54:47,18,19,0,10,28.207,34.4
2026-09-14 11:59:47,15,15,0,0,28.252,34.192
2026-09-14 12:04:47,19,19,0,0,27.884,34.557
2026-09-14 12:09:47,8,8,0,0,27.729,33.071
2026-09-14 12:14:47,9,9,0,0,28.063,34.871
2026-09-14 12:19:47,11,12,0,0,27.849,33.847
2026-09-14 12:24:47,7,7,0,0,28.082,33.944
2026-09-14 12:29:47,11,14,0,0,28.437,32.462
2026-09-14 12:34:47,13,14,0,0,27.927,33.166
2026-09-14 12:39:47,9,13,0,0,28.576,32.72
2026-09-14 12:44:47,17,18,0,0,28.191,32.455
2026-09-14 12:49:47,13,14,0,0,29.959,29.88
2026-09-14 12:54:47,15,16,0,0,29.337,31.276
2026-09-14 12:59:47,10,11,0,0,29.318,30.173
2026-09-14 13:04:47,13,13,0,0,29.022,32.457
2026-09-14 13:09:47,17,18,0,0,29.24,30.692
2026-09-14 13:14:47,13,13,0,0,30.314,30.477
2026-09-14 13:19:47,16,16,0,0,29.743,31.095
2026-09-14 13:24:47,10,10,0,0,30.271,31.463
2026-09-14 13:29:48,9,11,0,37,29.112,30.805
2026-09-14 13:34:48,11,12,0,172,29.168,32.457
2026-09-14 13:39:48,11,11,0,0,29.142,31.469
2026-09-14 13:44:49,10,10,0,0,29.222,29.473
2026-09-14 13:49:48,7,7,0,0,29.513,30.101
2026-09-14 13:54:48,7,8,0,0,28.933,29.954
2026-09-14 13:59:49,6,7,0,63,29.457,29.872
2026-09-14 14:04:48,6,6,0,0,28.226,30.475
2026-09-14 14:09:48,6,6,0,0,29.072,30.461
2026-09-14 14:14:49,6,6,0,756,28.525,30.528
2026-09-14 14:19:48,6,6,0,891,28.656,29.59
2026-09-14 14:24:48,2,2,0,712,28.997,27.066
2026-09-14 14:29:48,4,5,0,454,28.784,28.342
2026-09-14 14:34:49,3,3,0,2874,29.059,26.361
2026-09-14 14:39:48,3,3,0,1026,28.511,26.952
2026-09-14 14:44:48,2,3,0,0,27.777,27.482
2026-09-14 14:49:49,3,3,0,401,28.402,25.676
2026-09-14 14:54:49,2,2,0,236,28.69,26.847
2026-09-14 14:59:48,2,2,0,683,29.534,22.201
2026-09-14 15:04:49,3,3,0,347,29.625,25.586
2026-09-14 15:09:48,3,3,0,283,29.847,27.515
2026-09-14 15:14:49,3,3,0,0,29.265,28.48
2026-09-14 15:19:49,3,3,0,412,29.47,27.978
2026-09-14 15:24:49,3,3,0,77,29.382,28.491
2026-09-14 15:29:49,4,4,0,362,29.337,28.913
2026-09-14 15:34:49,2,4,0,27,28.616,28.686
2026-09-14 15:39:49,4,4,0,473,29.759,26.942
2026-09-14 15:44:48,3,3,0,1119,29.353,25.718
2026-09-14 15:49:49,1,1,0,1954,29.833,27.196
2026-09-14 15:54:49,3,3,0,109,28.386,26.502
2026-09-14 15:59:49,2,2,0,1823,29.115,26.654
2026-09-14 16:04:49,1,1,0,980,29.983,25.981
2026-09-14 16:09:49,2,2,0,1118,29.601,26.778
2026-09-14 16:14:49,2,2,0,694,29.718,26.301
2026-09-14 16:19:49,1,1,0,411,29.972,26.891
2026-09-14 16:24:49,2,2,0,379,29.969,26.124
2026-09-14 16:29:50,2,2,0,34,29.977,25.531
2026-09-14 16:34:50,2,3,0,236,29.289,26.889
2026-09-14 16:39:50,3,3,0,62,29.12,27.56
2026-09-14 16:44:50,2,2,0,101,29.481,28.159
2026-09-14 16:49:50,2,2,0,0,29.139,29.365
2026-09-14 16:54:50,4,4,0,0,28.904,29.531
2026-09-14 16:59:50,3,3,0,0,28.989,30.187
2026-09-14 17:04:50,4,4,0,33,29.86,30.221
2026-09-14 17:09:50,2,2,0,0,29.086,29.689
2026-09-14 17:14:50,6,6,0,0,28.96,30.351
2026-09-14 17:19:51,3,3,0,0,28.76,30.982
2026-09-14 17:24:50,3,4,0,44,28.052,32.445
2026-09-14 17:29:50,6,6,0,262,27.857,32.42
2026-09-14 17:34:50,4,4,0,72,27.254,33.542
2026-09-14 17:39:50,4,5,0,69,26.955,33.693
2026-09-14 17:44:50,5,5,0,0,27.163,33.891
2026-09-14 17:49:50,4,4,0,180,26.861,34.131
2026-09-14 17:54:50,5,5,0,0,26.578,35.155
2026-09-14 17:59:50,4,4,0,189,27.176,34.33
2026-09-14 18:04:50,4,4,0,105,26.987,34.896
2026-09-14 18:09:50,4,5,0,810,26.68,35.838
2026-09-14 18:14:50,5,5,0,1789,26.106,36.586
2026-09-14 18:19:50,5,6,0,495,25.94,35.676
2026-09-14 18:24:50,6,6,0,164,25.806,37.053
2026-09-14 18:29:50,5,5,0,345,25.694,36.979
2026-09-14 18:34:50,4,4,0,30,25.497,37.059
2026-09-14 18:39:50,4,4,0,0,25.171,37.746
2026-09-14 18:44:50,4,4,0,0,24.933,37.9
2026-09-14 18:49:51,3,4,0,39,24.818,38.816
2026-09-14 18:54:50,3,3,0,65,24.623,38.501
2026-09-14 18:59:50,2,2,0,0,24.455,38.675
2026-09-14 19:04:51,4,4,0,0,24.343,37.91
2026-09-14 19:09:51,3,3,0,597,24.266,38.934
2026-09-14 19:14:51,3,3,0,2979,23.798,39.546
2026-09-14 19:19:50,5,5,0,5974,23.657,39.443
2026-09-14 19:24:50,6,6,0,966,23.387,39.88
2026-09-14 19:29:52,4,6,0,23,23.2,40.212
2026-09-14 19:34:51,5,5,0,302,23.045,40.46
2026-09-14 19:39:52,4,4,0,1140,22.893,41.454
2026-09-14 19:44:51,4,4,0,391,22.685,41.423
2026-09-14 19:49:52,3,3,0,200,22.482,41.911
2026-09-14 19:54:52,5,5,0,204,22.324,42.106
2026-09-14 19:59:52,4,4,0,325,22.21,42.621
2026-09-14 20:04:52,4,5,0,0,22.332,41.547
2026-09-14 20:09:52,5,6,0,0,22.089,42.692
2026-09-14 20:14:52,5,5,0,2671,22.065,42.573
2026-09-14 20:19:51,4,6,0,1341,21.774,43.783
2026-09-14 20:24:52,3,5,0,965,21.702,43.788
2026-09-14 20:29:52,3,3,0,50,21.745,43.617
2026-09-14 20:34:52,3,3,0,93,21.51,44.303
2026-09-14 20:39:52,4,4,0,624,21.374,44.719
2026-09-14 20:44:52,5,5,0,1243,21.291,44.744
2026-09-14 20:49:52,3,4,0,12502,21.045,45.888
2026-09-14 20:54:52,4,4,0,39141,20.695,46.424
2026-09-14 20:59:51,3,3,0,19218,20.655,46.8
2026-09-14 21:04:52,3,3,0,44369,20.396,47.262
2026-09-14 21:09:52,5,5,0,30591,20.308,47.342
2026-09-14 21:14:52,5,5,0,10784,20.137,48.072
2026-09-14 21:19:52,130,142,0,65000,19.689,50.588
2026-09-14 21:24:52,33,38,0,65000,19.344,51.481
2026-09-14 21:29:52,6,7,0,44074,18.952,52.438
2026-09-14 21:34:52,4,4,0,29283,18.976,51.956
2026-09-14 21:39:52,2,3,0,19345,19.366,50.569
2026-09-14 21:44:52,5,5,0,34940,19.088,51.637
2026-09-14 21:49:52,3,3,0,28199,19.045,51.788
2026-09-14 21:54:52,3,3,0,20284,19.104,50.716
2026-09-14 21:59:52,3,3,0,26601,19.093,51.698
2026-09-14 22:04:53,5,5,0,28493,18.978,52.057
2026-09-14 22:09:52,2,2,0,13819,18.821,52.759
2026-09-14 22:14:52,3,3,0,13475,18.578,53.667
2026-09-14 22:19:52,5,6,0,18858,18.228,55.706
2026-09-14 22:24:52,3,3,0,33770,18.068,56.032
2026-09-14 22:29:53,5,5,0,33,17.94,55.967
2026-09-14 22:34:53,5,5,0,235,17.777,56.247
2026-09-14 22:39:53,3,3,0,271,17.571,57.17
2026-09-14 22:44:53,4,4,0,39,17.71,56.333
2026-09-14 22:49:53,3,3,0,29,17.865,55.955
2026-09-14 22:54:53,6,6,0,0,18.196,55.118
2026-09-14 22:59:54,3,4,0,0,18.319,54.883
2026-09-14 23:04:53,3,4,0,0,18.311,55.093
2026-09-14 23:09:53,3,4,0,0,18.241,55.137
2026-09-14 23:14:53,5,5,0,74,18.089,55.912
2026-09-14 23:19:53,4,4,0,332,18.017,55.847
2026-09-14 23:24:53,4,4,0,961,17.945,55.99
2026-09-14 23:29:54,5,5,0,1817,17.827,56.552
2026-09-14 23:34:53,4,5,0,1082,17.459,58.092
2026-09-14 23:39:54,4,4,0,478,17.486,57.428
2026-09-14 23:44:53,4,4,0,1758,16.949,59.595
2026-09-14 23:49:53,2,2,0,2320,16.719,60.133
2026-09-14 23:54:54,5,5,0,3723,16.532,60.621
2026-09-14 23:59:53,7,7,0,6159,15.996,62.151
2026-09-15 00:04:54,7,7,0,8041,15.843,62.675
2026-09-15 00:09:53,8,8,0,8166,15.555,63.167
2026-09-15 00:14:54,7,7,0,8291,15.339,64.653
2026-09-15 00:19:53,6,6,0,8618,15.112,66.389
2026-09-15 00:24:54,6,6,0,8730,14.965,66.381
2026-09-15 00:29:53,7,8,0,8327,14.839,66.898
2026-09-15 00:34:54,15,16,0,8289,14.498,68.418
2026-09-15 00:39:53,11,11,0,8111,14.425,68.752
2026-09-15 00:44:53,11,11,0,7533,14.393,67.602
2026-09-15 00:49:54,11,13,0,7472,14.471,67.049
2026-09-15 00:54:53,22,23,0,8248,14.498,67.243
2026-09-15 00:59:54,18,19,0,8260,14.393,67.07
2026-09-15 01:04:53,13,14,0,7535,14.743,63.774
2026-09-15 01:09:53,13,15,0,6685,14.714,63.018
2026-09-15 01:14:54,14,16,0,6387,14.663,63.289
2026-09-15 01:19:54,12,12,0,6721,14.327,66.633
2026-09-15 01:24:54,20,22,0,6135,13.691,67.201
2026-09-15 01:29:55,20,20,0,369,13.576,66.461
2026-09-15 01:34:54,16,17,0,182,13.445,66.257
2026-09-15 01:39:55,17,17,0,177,13.317,66.391
2026-09-15 01:44:54,19,20,0,183,12.994,67.535
2026-09-15 01:49:54,16,18,0,135,12.842,67.161
2026-09-15 01:54:55,19,19,0,150,12.85,67.442
2026-09-15 01:59:55,22,22,0,88,12.674,68.212
2026-09-15 02:04:55,21,21,0,164,12.759,67.615
2026-09-15 02:09:54,18,18,0,219,12.62,67.699
2026-09-15 02:14:55,19,19,0,224,12.503,68.424
2026-09-15 02:19:55,19,19,0,264,12.327,69.397
2026-09-15 02:24:54,19,20,0,360,12.377,69.387
2026-09-15 02:29:55,19,20,0,392,12.316,69.753
2026-09-15 02:34:55,19,24,0,367,12.247,70.009
2026-09-15 02:39:55,18,22,0,306,12.263,70.049
2026-09-15 02:44:54,25,28,0,356,12.132,71.031
2026-09-15 02:54:56,22,22,0,395,12.145,70.452
2026-09-15 02:59:55,17,19,0,364,12.148,69.122
2026-09-15 03:04:55,21,21,0,339,12.054,69.626
2026-09-15 03:09:54,24,25,0,349,11.894,70.823
2026-09-15 03:14:55,21,24,0,309,11.659,69.45
2026-09-15 03:19:55,24,24,0,247,11.998,68.025
2026-09-15 03:24:55,20,24,0,265,11.87,68.75
2026-09-15 03:29:55,24,26,0,288,12.022,68.22
2026-09-15 03:34:55,18,20,0,258,11.955,67.949
2026-09-15 03:39:55,16,18,0,241,12.348,64.436
2026-09-15 03:44:55,12,13,0,194,12.522,63.604
2026-09-15 03:49:55,15,17,0,217,12.356,65.502
2026-09-15 03:54:55,31,34,0,236,12.559,63.553
2026-09-15 03:59:54,23,23,0,193,12.492,64.239
2026-09-15 04:04:55,20,20,0,210,12.014,66.333
2026-09-15 04:09:55,18,20,0,219,12.134,65.138
2026-09-15 04:14:55,19,21,0,233,12.102,64.865
2026-09-15 04:19:55,19,23,0,199,11.707,67.11
2026-09-15 04:24:55,19,24,0,214,11.205,68.887
2026-09-15 04:29:56,18,19,0,402,11.029,68.908
2026-09-15 04:34:56,14,17,0,221,11.114,68.519
2026-09-15 04:39:56,19,20,0,242,11.053,68.825
2026-09-15 04:44:56,15,18,0,229,10.858,68.811
2026-09-15 04:49:56,13,13,0,210,10.359,71.312
2026-09-15 04:54:56,17,18,0,201,10.407,70.589
2026-09-15 04:59:56,15,16,0,211,10.198,70.978
2026-09-15 05:04:56,19,19,0,215,10.335,70.907
2026-09-15 05:09:56,23,25,0,311,11.021,65.044
2026-09-15 05:14:56,14,15,0,140,11.755,61.006
2026-09-15 05:19:56,16,17,0,304,11.6,62.666
2026-09-15 05:24:56,24,24,0,350,11.568,63.11
2026-09-15 05:29:56,11,14,0,192,11.397,63.276
2026-09-15 05:34:56,19,21,0,248,11.275,66.038
2026-09-15 05:39:56,13,13,0,270,11.093,65.468
2026-09-15 05:44:56,19,20,0,347,11.053,66.427
2026-09-15 05:49:56,21,21,0,309,10.794,66.944
2026-09-15 05:54:56,21,23,0,320,10.746,66.845
2026-09-15 05:59:56,23,24,0,367,10.687,67.14
2026-09-15 06:04:56,24,25,0,411,10.508,68.22
2026-09-15 06:09:56,24,25,0,399,10.572,68.222
2026-09-15 06:14:56,21,24,0,374,10.329,69.469
2026-09-15 06:19:56,23,23,0,391,10.236,70.28
2026-09-15 06:24:57,18,18,0,300,9.881,70.596
2026-09-15 06:29:56,16,19,0,210,9.723,69.86
2026-09-15 06:34:57,11,11,0,215,9.483,70.74
2026-09-15 06:39:56,9,9,0,216,9.109,72.426
2026-09-15 06:44:57,15,17,0,350,9.266,72.111
2026-09-15 06:49:56,17,18,0,378,9.333,71.974
2026-09-15 06:54:57,19,21,0,424,9.047,73.469
2026-09-15 06:59:56,19,22,0,399,9.112,72.798
2026-09-15 07:04:57,12,15,0,361,9.363,69.864
2026-09-15 07:09:57,15,20,0,371,9.4,69.984
2026-09-15 07:14:56,18,19,0,414,9.336,71.766
2026-09-15 07:19:57,15,19,0,413,9.314,73.358
2026-09-15 07:24:57,19,19,0,398,9.237,72.225
2026-09-15 07:29:58,15,16,0,766,10.313,63.848
2026-09-15 07:34:57,14,15,0,349,10.399,64.766
2026-09-15 07:39:58,29,30,195,351,10.42,64.323
2026-09-15 07:44:57,29,29,0,326,10.177,65.677
2026-09-15 07:49:58,21,23,0,380,10.062,66.612
2026-09-15 07:54:57,17,19,0,406,10.035,67.167
2026-09-15 07:59:57,14,18,0,444,10.03,68.214
2026-09-15 08:04:58,14,16,0,367,9.579,69.196
2026-09-15 08:09:59,12,15,0,359,9.504,69.172
2026-09-15 08:14:58,14,15,0,329,9.234,70.524
2026-09-15 08:19:58,15,16,0,357,9.314,70.431
2026-09-15 08:24:58,21,21,0,356,9.512,70.034
2026-09-15 08:29:57,16,18,0,360,9.622,69.566
2026-09-15 08:34:58,20,20,0,387,9.849,68.857
2026-09-15 08:39:58,20,20,0,476,10.126,67.861
2026-09-15 08:44:58,21,21,0,502,10.238,67.499
2026-09-15 08:49:58,19,24,0,375,10.562,67.909
2026-09-15 08:54:58,19,20,0,305,10.695,68.916
2026-09-15 08:59:58,15,20,0,349,10.89,68.033
2026-09-15 09:04:58,14,19,0,297,11.01,67.287
2026-09-15 09:09:58,32,35,293,437,11.686,63.944
2026-09-15 09:14:58,26,27,98,348,11.987,63.787
2026-09-15 09:19:58,23,23,0,358,12.228,62.666
2026-09-15 09:24:58,19,19,0,301,12.612,62.481
2026-09-15 09:29:58,20,20,0,327,12.887,60.989
2026-09-15 09:34:58,18,20,0,243,15.747,54.616
2026-09-15 09:39:58,22,23,0,322,18.778,46.352
2026-09-15 09:44:58,22,24,0,269,20.359,41.745
2026-09-15 09:49:58,24,25,0,347,22.591,38.163
2026-09-15 09:54:58,23,23,0,410,24.108,35.526
2026-09-15 09:59:58,24,25,0,403,24.979,33.912
2026-09-15 10:04:58,26,27,0,434,24.834,34.04
2026-09-15 10:09:58,23,24,0,393,25.27,33.218
2026-09-15 10:14:58,27,27,0,441,27.729,30.139
2026-09-15 10:19:58,27,27,0,421,27.425,30.088
2026-09-15 10:24:58,27,28,0,425,26.981,31.856
2026-09-15 10:29:59,28,28,89,665,28.957,28.417
2026-09-15 10:35:00,27,28,0,444,28.119,29.365
2026-09-15 10:39:59,30,31,89,391,29.382,28.163
2026-09-15 10:44:59,22,23,0,273,30.397,25.474
2026-09-15 10:49:59,21,23,0,127,29.505,26.143
2026-09-15 10:55:00,21,22,0,55,29.353,26.67
2026-09-15 11:00:00,21,22,0,147,29.783,26.858
2026-09-15 11:05:00,18,19,0,21,30.17,26.076
2026-09-15 11:09:59,19,19,0,71,31.136,25.666
2026-09-15 11:14:59,18,18,0,70,30.287,26.773
2026-09-15 11:19:59,17,18,0,91,31.414,25.329
2026-09-15 11:24:59,12,12,0,0,30.458,25.88
2026-09-15 11:30:00,12,14,0,73,31.147,25.668
2026-09-15 11:34:59,8,8,0,0,29.398,26.549
2026-09-15 11:40:02,8,9,0,0,29.881,26.826
2026-09-15 11:44:59,5,5,0,0,29.638,27.263
2026-09-15 11:50:00,6,6,0,0,28.725,28.188
2026-09-15 11:54:59,8,8,0,0,28.082,28.323
2026-09-15 12:00:00,10,11,0,0,28.538,27.989
2026-09-15 12:05:00,17,18,0,0,28.156,27.999
2026-09-15 12:09:59,31,37,0,0,29.291,28.779
2026-09-15 12:15:00,18,18,0,0,29.211,28.457
2026-09-15 12:20:00,5,5,0,0,29.654,27.883
2026-09-15 12:25:00,8,8,0,0,30.058,28.009
2026-09-15 12:30:00,9,11,0,0,30.477,27.232
2026-09-15 12:34:59,6,6,0,0,30.864,26.481
2026-09-15 12:40:00,8,8,0,0,29.769,27.936
2026-09-15 12:44:59,3,4,0,0,29.593,28.379
2026-09-15 12:50:00,5,5,0,0,30.052,28.682
2026-09-15 12:55:00,5,5,0,0,30.533,27.263
2026-09-15 12:59:59,4,5,0,0,30.859,27.431
2026-09-15 13:05:00,3,3,0,0,29.793,27.074
2026-09-15 13:09:59,4,4,0,0,29.983,27.682
2026-09-15 13:15:00,6,6,0,0,30.084,28.464
2026-09-15 13:20:00,5,5,0,0,30.41,27.406
2026-09-15 13:25:00,4,4,0,0,28.781,29.868
2026-09-15 13:30:01,5,5,0,59,28.728,30.66
2026-09-15 13:35:01,4,4,0,150,28.359,28.489
2026-09-15 13:40:01,4,4,0,66,29.224,26.898
2026-09-15 13:45:01,0,0,0,0,28.594,25.235
2026-09-15 13:50:01,3,3,0,0,30.042,24.402
2026-09-15 13:55:01,0,0,0,0,29.345,21.382
2026-09-15 14:00:01,1,1,0,0,29.47,21.705
2026-09-15 14:05:01,0,0,0,0,28.931,20.633
2026-09-15 14:10:01,1,1,0,0,29.363,21.085
2026-09-15 14:15:01,0,0,0,0,29.783,21.659
2026-09-15 14:20:01,1,1,0,328,29.767,21.239
2026-09-15 14:25:01,0,0,0,38,29.609,21.771
2026-09-15 14:30:01,3,3,0,194,30.402,21.701
2026-09-15 14:35:01,1,2,0,0,29.502,22.452
2026-09-15 14:40:01,1,1,0,0,29.27,22.51
2026-09-15 14:45:01,2,2,0,183,29.692,23.549
2026-09-15 14:50:01,2,2,0,15,29.211,24.024
2026-09-15 14:55:01,3,3,0,153,29.609,24.055
2026-09-15 15:00:01,3,3,0,0,29.532,24.535
2026-09-15 15:05:01,4,4,0,11,29.556,23.957
2026-09-15 15:10:01,3,3,0,0,29.433,24.467
2026-09-15 15:15:01,2,2,0,0,29.427,25.167
2026-09-15 15:20:01,4,4,0,0,29.737,25.466
2026-09-15 15:25:01,3,3,0,,29.086,26.006
2026-09-15 15:30:01,3,4,0,,28.808,25.844
2026-09-15 15:35:01,3,3,0,0,28.992,25.748
2026-09-15 15:40:01,4,4,0,,29.283,25.895
2026-09-15 15:45:01,3,4,0,,28.915,25.868
2026-09-15 15:50:01,3,3,0,,28.632,25.561
2026-09-15 15:55:01,3,3,0,,28.92,25.649
2026-09-15 16:00:01,4,4,0,,28.709,25.394
2026-09-15 16:10:01,4,4,0,,29.104,25.371
2026-09-15 16:15:02,4,5,0,,28.199,27.225
2026-09-15 16:20:01,5,6,0,,28.151,28.386
2026-09-15 16:25:01,5,6,0,,28.226,29.224
2026-09-15 16:30:03,4,4,0,29,28.519,29.891
2026-09-15 16:35:02,6,6,0,,27.86,30.322
2026-09-15 16:40:02,6,6,0,,27.577,31.253
2026-09-15 16:45:02,7,7,0,,27.804,31.663
2026-09-15 16:50:02,5,5,0,,27.855,31.465
2026-09-15 16:55:02,6,7,0,,27.924,32.191
2026-09-15 17:00:02,5,5,0,,27.366,33.061
2026-09-15 17:05:02,4,5,0,,27.604,32.42
2026-09-15 17:10:03,6,6,0,,27.088,32.907
2026-09-15 17:15:03,5,5,0,,27.021,33.317
2026-09-15 17:20:03,5,5,0,,26.629,33.143
2026-09-15 17:25:03,6,6,0,,27.425,32.55
2026-09-15 17:30:03,6,6,0,,27.104,32.937
2026-09-15 17:35:03,4,6,0,,27.048,32.481
2026-09-15 17:40:03,4,4,0,,26.883,32.979
2026-09-15 17:45:03,5,5,0,,26.661,32.96
2026-09-15 17:50:03,3,3,0,,26.706,32.842
2026-09-15 17:55:03,4,4,0,,26.538,32.373
2026-09-15 18:00:03,4,4,0,,26.3,32.386
2026-09-15 18:05:03,6,7,0,,26.186,32.138
2026-09-15 18:10:03,4,4,0,1065,26.089,32.506
2026-09-15 18:15:03,2,2,0,1111,25.507,33.221
2026-09-15 18:20:03,6,6,0,2253,25.654,33.689
2026-09-15 18:25:03,5,5,0,1140,25.483,34.204
2026-09-15 18:30:03,5,5,0,2452,25.374,33.956
2026-09-15 18:40:04,8,9,0,1393,24.821,35.472
2026-09-15 18:50:03,4,4,0,1216,24.391,35.819
2026-09-15 19:00:03,5,5,0,1436,23.841,36.592
2026-09-15 19:10:03,6,6,0,2607,23.23,36.714
2026-09-15 19:15:04,6,6,0,2318,22.928,37.04
2026-09-15 19:20:03,3,3,0,2144,22.666,36.76
2026-09-15 19:30:04,4,4,0,31,22.42,35.955
2026-09-15 19:40:04,3,4,0,546,22.095,34.793
2026-09-15 19:50:04,3,3,0,754,21.793,34.324
2026-09-15 20:00:04,2,2,0,252,21.619,33.908
2026-09-15 20:10:04,3,4,0,971,21.371,34.562
2026-09-15 20:15:04,5,5,0,1532,21.331,34.408
2026-09-15 20:20:04,4,4,0,976,21.264,34.417
2026-09-15 20:30:04,3,3,0,1432,21.155,34.785
2026-09-15 20:40:05,4,5,0,1492,20.885,35.569
2026-09-15 20:50:04,4,4,0,5437,20.471,36.144
2026-09-15 21:00:04,4,4,0,6536,20.089,36.479
2026-09-15 21:10:04,3,3,0,6746,19.75,37.133
2026-09-15 21:15:04,3,3,0,7617,19.673,37.601
2026-09-15 21:20:04,3,3,0,6030,19.59,38.343
2026-09-15 21:30:04,3,3,0,6967,19.406,39.31
2026-09-15 21:40:04,3,3,0,5707,19.195,40.41
2026-09-15 21:50:04,4,5,0,9703,18.96,41.717
2026-09-15 22:00:04,3,3,0,7734,18.741,41.972
2026-09-15 22:10:05,2,2,0,9823,18.548,41.496
2026-09-15 22:15:04,3,3,0,8681,18.495,41.513
2026-09-15 22:20:05,2,2,0,8024,18.49,41.621
2026-09-15 22:30:06,2,3,0,35,18.319,42.188
2026-09-15 22:40:05,2,2,0,201,18.153,41.492
2026-09-15 22:50:05,1,2,0,275,17.974,41.414
2026-09-15 23:00:06,3,3,0,524,17.86,40.994
2026-09-15 23:10:06,2,2,0,905,17.771,40.653
2026-09-15 23:15:06,2,2,0,953,17.641,41.944
2026-09-15 23:20:06,2,2,0,959,17.542,42.007
2026-09-15 23:30:06,1,1,0,1279,17.224,44.2
2026-09-15 23:40:06,3,3,0,1577,16.853,46.502
2026-09-15 23:50:06,4,4,0,1745,16.548,47.811
2026-09-16 00:00:06,3,3,0,1089,16.353,48.891
2026-09-16 00:10:06,5,5,0,3028,15.665,52.742
2026-09-16 00:15:06,4,4,0,2901,15.403,54.176
2026-09-16 00:20:06,3,3,0,2970,15.267,54.616
2026-09-16 00:30:06,4,5,0,2515,14.789,56.104
2026-09-16 00:40:06,1,2,0,2406,14.34,57.21
2026-09-16 00:50:06,5,6,0,2204,14.084,58.612
2026-09-16 01:00:06,4,4,0,1901,13.707,60.209
2026-09-16 01:10:06,4,4,0,1502,13.437,60.279
2026-09-16 01:15:06,5,5,0,1475,13.189,61.144
2026-09-16 01:20:06,5,5,0,1413,13.032,62.053
2026-09-16 01:30:07,6,6,0,536,12.647,63.282
2026-09-16 01:40:07,5,5,0,273,12.738,63.432
2026-09-16 01:50:07,7,7,0,221,12.62,64.514
2026-09-16 02:00:07,12,12,0,275,12.433,65.351
2026-09-16 02:10:07,5,6,0,223,12.481,64.905
2026-09-16 02:20:07,7,8,0,234,12.492,64.956
2026-09-16 02:30:07,11,11,0,147,12.559,64.834
2026-09-16 02:40:07,9,11,0,181,12.455,65.424
2026-09-16 02:50:07,9,11,0,123,12.19,67.011
2026-09-16 03:00:07,17,18,0,253,12.089,67.318
2026-09-16 03:10:08,18,19,0,190,11.843,68.348
2026-09-16 03:20:08,8,9,0,120,11.526,69.479
2026-09-16 03:30:08,9,11,0,110,11.379,69.853
2026-09-16 03:40:08,12,15,0,243,11.296,70.303
2026-09-16 03:50:07,13,14,0,284,11.053,71.453
2026-09-16 04:00:08,12,12,0,298,11.106,71.548
2026-09-16 04:20:08,21,24,0,286,10.994,72.435
2026-09-16 04:30:09,18,21,0,969,10.906,72.13
2026-09-16 04:40:08,21,21,0,337,10.887,72.738
2026-09-16 04:50:09,20,23,0,289,10.778,72.58
2026-09-16 05:00:09,23,26,0,298,10.535,73.601
2026-09-16 05:10:09,23,24,0,282,10.46,73.643
2026-09-16 05:20:09,21,25,0,366,10.335,74.888
2026-09-16 05:30:08,25,26,0,330,10.372,74.865
2026-09-16 05:40:09,21,24,0,340,10.367,75.523
2026-09-16 05:50:09,26,27,0,402,10.335,75.357
2026-09-16 06:00:09,28,28,0,408,10.084,76.017
2026-09-16 06:10:09,26,29,0,378,10.07,76.017
2026-09-16 06:20:09,24,26,0,284,9.731,76.7
2026-09-16 06:30:09,24,26,0,257,10.113,75.579
2026-09-16 06:40:09,26,27,0,244,10.126,75.697
2026-09-16 06:50:09,32,34,0,284,10.068,76.088
2026-09-16 07:00:09,32,36,0,353,10.335,75.012
2026-09-16 07:30:10,21,21,0,793,9.624,76.811
2026-09-16 07:40:10,24,24,0,292,9.208,78.077
2026-09-16 07:50:10,22,24,0,276,9.333,77.854
2026-09-16 08:00:10,24,25,0,265,9.608,76.855
2026-09-16 08:10:11,25,26,0,399,9.798,77.009
2026-09-16 12:10:13,12,14,0,0,30.18,30.957
2026-09-16 12:15:12,17,18,0,0,29.884,30.709
2026-09-16 12:20:12,14,17,0,0,29.377,30.927
2026-09-16 12:25:12,17,18,0,0,29.075,31.299
2026-09-16 12:30:12,15,15,0,0,29.291,31.457
2026-09-16 12:35:12,17,17,0,0,29.572,31.081
2026-09-16 12:40:12,9,9,0,0,30.303,28.504
2026-09-16 12:45:12,11,11,0,0,29.518,30.271
2026-09-16 12:50:12,7,7,0,0,28.76,30.351
2026-09-16 12:55:12,8,9,0,0,28.803,29.792
2026-09-16 13:00:13,7,7,0,0,29.39,29.21
2026-09-16 13:05:12,6,6,0,0,28.859,30.156
2026-09-16 13:10:12,7,7,0,0,28.402,30.82
2026-09-16 13:15:13,10,10,0,0,28.968,30.772
2026-09-16 13:20:12,6,7,0,0,28.781,31.224
2026-09-16 13:25:13,7,8,0,0,28.64,31.076
2026-09-16 13:30:14,8,8,0,31,28.226,30.87
2026-09-16 13:35:14,10,10,0,103,28.204,31.703
2026-09-16 13:40:13,11,12,0,283,29.104,29.767
2026-09-16 13:45:13,11,12,0,51,28.199,30.408
2026-09-16 13:50:14,6,7,0,99,28.445,31.039
2026-09-16 13:55:14,7,8,0,90,29.315,30.093
2026-09-16 14:00:14,21,22,0,3435,30.231,28.386
2026-09-16 14:05:13,7,7,0,118,30.391,28.035
2026-09-16 14:10:14,6,6,0,123,29.369,28.714
2026-09-16 14:15:13,7,7,0,265,30.162,28.333
2026-09-16 14:20:14,3,3,0,113,29.844,27.968
2026-09-16 14:25:14,3,3,0,0,29.494,29.237
2026-09-16 14:30:13,6,6,0,143,28.891,30.059
2026-09-16 14:35:14,5,5,0,175,29.441,30.387
2026-09-16 14:40:14,11,12,0,1498,29.945,29.424
2026-09-16 14:45:14,9,9,0,794,29.435,29.544
2026-09-16 14:50:14,25,25,0,821,29.027,29.817
2026-09-16 14:55:14,17,17,0,1736,28.893,30.316
2026-09-16 15:00:13,12,12,0,318,28.466,30.231
2026-09-16 15:05:14,6,6,0,137,28.68,29.958
2026-09-16 15:10:14,4,4,0,257,28.808,29.21
2026-09-16 15:15:14,8,8,0,96,28.717,29.21
2026-09-16 15:20:14,5,5,0,0,28.533,28.947
2026-09-16 15:25:14,6,6,0,0,28.53,29.132
2026-09-16 15:30:14,5,5,0,0,28.066,29.38
2026-09-16 15:35:14,3,3,0,109,28.306,29.475
2026-09-16 15:40:14,5,6,0,35,28.495,29.784
2026-09-16 15:45:14,3,3,0,0,28.373,29.714
2026-09-16 15:50:14,3,3,0,0,27.43,29.79
2026-09-16 15:55:14,0,1,0,0,27.577,27.772
2026-09-16 16:00:14,2,2,0,28,27.74,27.066
2026-09-16 16:05:14,1,2,0,258,27.758,28.043
2026-09-16 16:10:14,1,1,0,135,26.872,31.039
2026-09-16 16:15:14,4,5,0,96,27.272,30.799
2026-09-16 16:20:14,2,2,0,284,27.275,30.149
2026-09-16 16:25:14,3,3,0,24,27.107,30.276
2026-09-16 16:30:15,3,3,0,36,27.574,30.534
2026-09-16 16:35:15,4,4,0,229,27.227,30.858
2026-09-16 16:40:15,4,4,0,132,27.398,31.703
2026-09-16 16:45:15,3,3,0,396,27.604,30.65
2026-09-16 16:50:15,1,1,0,937,28.036,29.876
2026-09-16 16:55:15,3,3,0,120,27.713,30.181
2026-09-16 17:00:15,3,3,0,440,27.823,30.795
2026-09-16 17:05:15,4,4,0,628,27.393,30.324
2026-09-16 17:10:15,3,3,0,120,27.534,30.467
2026-09-16 17:15:15,3,3,0,524,27.807,29.58
2026-09-16 17:20:15,2,2,0,238,27.919,29.536
2026-09-16 17:25:15,3,3,0,43,27.499,31.182
2026-09-16 17:30:15,3,3,0,301,27.678,31.432
2026-09-16 17:35:15,3,3,0,130,27.724,31.327
2026-09-16 17:40:15,3,3,0,605,27.964,32.157
2026-09-16 17:45:15,3,3,0,232,27.681,32.857
2026-09-16 17:50:15,6,6,0,0,27.419,33.395
2026-09-16 17:55:15,4,4,0,26,26.955,33.452
2026-09-16 18:00:18,5,5,0,96,27.286,33.412
2026-09-16 18:05:15,5,5,0,133,27.353,33.956
2026-09-16 18:10:16,4,4,0,439,27.163,34.272
2026-09-16 18:15:15,7,7,0,499,27.043,34.249
2026-09-16 18:20:15,5,5,0,61,26.901,35.18
2026-09-16 18:25:15,4,4,0,22,26.624,35.508
2026-09-16 18:30:16,4,4,0,153,26.415,36.136
2026-09-16 18:35:16,5,5,0,750,26.362,36.832
2026-09-16 18:40:16,5,5,0,693,26.335,37.454
2026-09-16 18:45:16,3,3,0,1616,26.119,38.02
2026-09-16 18:50:15,5,5,0,806,25.665,39.537
2026-09-16 18:55:16,5,5,0,304,25.507,40.027
2026-09-16 19:00:15,5,5,0,669,25.067,41.322
2026-09-16 19:05:15,6,6,0,1936,24.749,42.146
2026-09-16 19:10:16,6,6,0,6277,24.599,42.604
2026-09-16 19:15:15,6,6,0,5915,24.316,42.814
2026-09-16 19:20:15,6,7,0,31573,24.097,44.225
2026-09-16 19:25:16,6,7,0,14394,23.809,44.372
2026-09-16 19:30:17,7,7,0,39,23.505,44.349
2026-09-16 19:35:17,4,4,0,77,23.451,43.95
2026-09-16 19:40:16,4,4,0,0,23.312,44.004
2026-09-16 19:45:17,5,5,0,0,23.109,44.193
2026-09-16 19:50:17,8,8,0,1676,22.762,45.27
2026-09-16 19:55:17,5,5,0,8098,22.698,46.111
2026-09-16 20:00:17,4,5,0,5320,22.364,46.56
2026-09-16 20:05:17,5,5,0,5692,22.218,47.233
2026-09-16 20:10:17,5,5,0,4691,22.015,47.494
2026-09-16 20:15:17,6,6,0,919,21.892,47.803
2026-09-16 20:20:17,4,4,0,129,21.852,47.128
2026-09-16 20:25:17,7,8,0,3036,21.772,46.962
2026-09-16 20:30:17,4,4,0,15743,21.609,46.646
2026-09-16 20:35:17,6,7,0,8304,21.537,46.43
2026-09-16 20:40:17,7,7,0,10094,21.427,46.993
2026-09-16 20:45:17,7,8,0,5945,21.36,47.647
2026-09-16 20:50:17,7,7,0,2088,21.216,47.803
2026-09-16 20:55:17,8,8,0,440,21.205,48.78
2026-09-16 21:00:17,6,6,0,13441,20.642,50.59
2026-09-16 21:05:17,8,8,0,5238,20.447,50.531
2026-09-16 21:10:17,6,6,0,24043,20.167,53.453
2026-09-16 21:15:17,8,8,0,14955,19.846,54.487
2026-09-16 21:20:17,8,8,0,14942,19.472,56.142
2026-09-16 21:25:17,12,13,0,15193,18.938,57.798
2026-09-16 21:30:17,7,9,0,8778,19.034,57.34
2026-09-16 21:35:17,11,11,0,21766,18.97,57.952
2026-09-16 21:40:17,19,21,0,26604,18.631,58.738
2026-09-16 21:45:17,30,33,0,25692,18.346,60.075
2026-09-16 21:50:17,19,21,0,26566,18.233,60.196
2026-09-16 21:55:18,11,11,0,25190,18.036,61.094
2026-09-16 22:00:17,12,12,0,24377,17.854,61.559
2026-09-16 22:05:17,11,12,0,23419,17.71,61.901
2026-09-16 22:10:17,14,15,0,17398,17.507,62.971
2026-09-16 22:15:17,12,14,0,23739,17.443,63.514
2026-09-16 22:20:17,10,10,0,21605,17.352,63.27
2026-09-16 22:25:17,16,16,0,25991,17.547,62.156
2026-09-16 22:30:18,15,18,0,409,17.165,63.747
2026-09-16 22:35:18,17,17,0,57,17.651,60.394
2026-09-16 22:40:18,14,16,0,96,17.472,61.258
2026-09-16 22:45:18,15,16,0,150,17.288,61.344
2026-09-16 22:50:18,13,15,0,219,17.285,60.96
2026-09-16 22:55:18,20,20,0,378,17.072,63.295
2026-09-16 23:00:18,18,21,0,307,16.906,63.224
2026-09-16 23:05:19,22,22,0,222,16.647,65.45
2026-09-16 23:10:19,13,16,0,163,16.217,67.917
2026-09-16 23:15:18,19,20,0,127,16.204,67.594
2026-09-16 23:20:18,19,20,0,119,16.07,68.067
2026-09-16 23:25:19,18,18,0,203,16.012,67.934
2026-09-16 23:30:18,19,21,0,184,15.953,68.329
2026-09-16 23:35:18,20,20,0,196,15.761,68.807
2026-09-16 23:40:19,17,18,0,160,15.713,69.267
2026-09-16 23:45:19,17,19,0,224,15.624,69.633
2026-09-16 23:50:18,18,18,0,176,15.467,70.019
2026-09-16 23:55:19,16,18,0,212,15.36,70.976
2026-09-17 00:00:19,18,19,0,286,15.163,71.373
2026-09-17 00:05:18,24,24,0,326,15.187,71.23
2026-09-17 00:10:18,21,23,0,354,15.144,71.132
2026-09-17 00:15:19,24,25,0,352,15.088,71.184
2026-09-17 00:20:19,24,24,0,291,14.978,72.103
2026-09-17 00:25:19,22,23,0,276,14.815,72.429
2026-09-17 00:30:18,24,24,0,278,14.823,72.464
2026-09-17 00:35:19,23,23,0,251,14.717,73.135
2026-09-17 00:40:18,19,21,0,238,14.385,73.646
2026-09-17 00:45:19,22,25,0,222,14.324,74.137
2026-09-17 00:50:19,24,25,0,228,14.22,73.526
2026-09-17 00:55:19,23,23,0,234,14.207,72.882
2026-09-17 01:00:19,24,25,0,212,14.191,72.952
2026-09-17 01:05:19,32,35,0,284,13.977,74.884
2026-09-17 01:10:19,32,35,0,324,14.046,74.043
2026-09-17 01:15:19,27,27,0,387,13.982,74.436
2026-09-17 01:20:19,30,33,0,377,13.923,74.367
2026-09-17 01:25:19,30,31,0,374,13.873,74.762
2026-09-17 01:30:20,32,33,0,2298,13.721,74.938
2026-09-17 01:35:20,26,26,0,315,13.566,74.158
2026-09-17 01:40:20,24,25,0,259,13.264,74.659
2026-09-17 01:45:20,22,22,0,251,13.069,75.424
2026-09-17 01:50:20,23,26,0,277,12.938,76.511
2026-09-17 01:55:20,25,26,0,335,12.826,77.658
2026-09-17 02:00:20,25,25,0,391,12.927,76.654
2026-09-17 02:05:20,24,26,0,379,12.845,77.627
2026-09-17 02:10:20,26,27,0,344,12.869,78.115
2026-09-17 02:15:20,28,29,0,301,12.85,77.501
2026-09-17 02:20:20,24,26,0,329,12.786,77.845
2026-09-17 02:25:20,27,28,0,310,12.7,80.03
2026-09-17 02:30:20,31,32,0,240,12.578,80.469
2026-09-17 02:35:20,33,34,0,346,12.572,79.655
2026-09-17 02:40:20,27,29,0,292,12.572,79.063
2026-09-17 02:45:20,36,42,0,434,12.548,78.819
2026-09-17 02:50:20,28,28,0,211,12.583,75.819
2026-09-17 02:55:20,27,30,0,196,12.433,76.778
2026-09-17 03:00:20,31,34,0,265,12.23,78.228
2026-09-17 03:05:20,34,37,0,316,12.271,77.898
2026-09-17 03:10:20,33,36,0,312,12.287,77.467
2026-09-17 03:15:20,33,38,0,299,12.108,78.157
2026-09-17 03:20:20,31,32,0,282,11.971,78.207
2026-09-17 03:25:20,31,35,0,265,11.809,78.737
2026-09-17 03:30:20,29,30,0,227,11.726,78.457
2026-09-17 03:35:20,28,28,0,226,11.437,77.961
2026-09-17 03:40:20,26,28,0,207,11.224,77.892
2026-09-17 03:45:20,27,28,0,206,11.088,78.054
2026-09-17 03:50:20,27,29,0,252,11.186,77.803
2026-09-17 03:55:20,28,28,0,255,11.152,78.165
2026-09-17 04:00:20,26,26,0,285,11.152,77.852
2026-09-17 04:05:20,28,29,0,282,11.104,79.01
2026-09-17 04:10:20,28,28,0,232,11.114,78.882
2026-09-17 04:15:20,28,30,0,271,11.018,79.483
2026-09-17 04:20:20,32,33,0,307,11.077,79.41
2026-09-17 04:25:20,29,31,0,323,11.058,79.254
2026-09-17 04:30:21,30,33,0,1704,10.975,79.84
2026-09-17 04:35:22,35,38,0,321,11.114,78.627
2026-09-17 04:40:21,34,37,0,313,11.088,78.436
2026-09-17 04:45:21,28,31,0,286,11.146,77.804
2026-09-17 04:50:22,32,33,0,294,11.04,77.379
2026-09-17 04:55:21,30,31,0,230,11.09,76.95
2026-09-17 05:00:21,34,37,0,295,11.098,76.895
2026-09-17 05:05:21,34,36,0,291,11.104,76.799
2026-09-17 05:10:22,34,37,0,326,11.088,77.509
2026-09-17 05:15:21,32,35,0,332,11.037,79.149
2026-09-17 05:20:22,32,35,0,285,11.064,79.412
2026-09-17 05:25:22,32,35,0,311,11.104,78.258
2026-09-17 05:30:22,34,35,0,296,10.839,77.968
2026-09-17 05:35:21,32,35,0,295,10.853,78.632
2026-09-17 05:40:21,32,35,0,300,10.658,79.197
2026-09-17 05:45:22,34,38,0,323,10.762,78.375
2026-09-17 05:50:21,34,39,0,277,10.591,78.84
2026-09-17 05:55:22,34,37,0,270,10.586,78.314
2026-09-17 06:00:21,34,36,0,275,10.471,78.459
2026-09-17 06:05:22,31,32,0,243,10.353,78.224
2026-09-17 06:10:22,26,29,0,248,10.244,78.596
2026-09-17 06:15:22,27,28,0,243,10.311,77.77
2026-09-17 06:20:22,28,30,0,250,10.297,77.652
2026-09-17 06:25:22,28,28,0,264,10.343,77.12
2026-09-17 06:30:22,28,29,0,294,10.289,77.639
2026-09-17 06:35:22,31,33,0,340,10.353,78.146
2026-09-17 06:40:22,35,38,0,386,10.319,78.005
2026-09-17 06:45:22,32,35,0,365,10.385,78.131
2026-09-17 06:50:22,31,33,0,352,10.329,77.946
2026-09-17 06:55:22,34,35,0,393,10.276,78.739
2026-09-17 07:00:22,32,36,0,415,10.367,78.174
2026-09-17 07:05:22,33,37,0,437,10.265,78.213
2026-09-17 07:10:22,32,33,0,390,10.292,77.845
2026-09-17 07:15:22,30,36,0,364,10.228,77.721
2026-09-17 07:20:22,31,32,0,304,10.236,77.204
2026-09-17 07:25:22,27,27,0,314,10.196,77.019
2026-09-17 07:30:23,30,31,0,913,10.105,77.051
2026-09-17 07:35:23,30,30,0,372,9.953,78.634
2026-09-17 07:40:23,31,32,0,388,9.923,78.59
2026-09-17 07:45:23,33,33,0,377,9.969,78.197
2026-09-17 07:50:23,28,28,0,322,9.902,78.062
2026-09-17 07:55:23,28,28,0,303,9.833,78.529
2026-09-17 08:00:23,28,29,0,291,9.961,77.646
2026-09-17 08:05:23,33,37,0,274,10.009,77.745
2026-09-17 08:10:23,31,33,0,313,10.073,77.825
2026-09-17 08:15:23,31,32,0,330,10.367,76.866
2026-09-17 08:20:23,33,34,0,284,10.583,76.341
2026-09-17 08:25:23,31,32,0,281,10.634,75.405
2026-09-17 08:30:23,32,33,0,295,10.767,75.22
2026-09-17 08:35:23,29,29,0,259,10.671,75.58
2026-09-17 08:40:23,30,30,0,273,11.074,75.119
2026-09-17 08:45:23,28,30,0,236,11.106,74.133
2026-09-17 08:50:23,25,28,0,248,11.483,73.664
2026-09-17 08:55:23,28,28,0,227,11.865,73.135
2026-09-17 09:00:23,27,28,0,222,12.161,71.43
2026-09-17 09:05:23,26,26,0,226,12.644,69.349
2026-09-17 09:10:23,30,32,0,301,12.927,69.908
2026-09-17 09:15:24,29,31,0,314,13.312,68.516
2026-09-17 09:20:23,30,32,0,336,13.635,67.962
2026-09-17 09:25:23,33,36,0,344,13.905,67.613
2026-09-17 09:30:23,29,30,0,340,14.885,65.891
2026-09-17 09:35:23,33,38,0,368,17.363,57.399
2026-09-17 09:40:23,33,39,0,394,18.137,55.58
2026-09-17 09:45:23,33,36,0,408,19.499,50.781
2026-09-17 09:50:23,33,36,0,354,20.183,48.702
2026-09-17 09:55:24,30,35,0,324,19.825,49.507
2026-09-17 10:00:24,28,28,0,324,20.874,46.285
2026-09-17 10:05:23,29,30,0,327,21.865,44.883
2026-09-17 10:10:23,25,27,0,202,22.041,46.638
2026-09-17 10:15:23,22,24,0,169,23.868,41.084
2026-09-17 10:20:23,23,24,0,176,24.298,39.972
2026-09-17 10:25:24,23,24,0,231,25.782,38.245
2026-09-17 10:30:25,23,25,0,331,27.286,34.73
2026-09-17 10:35:25,25,26,0,193,26.351,36.485
2026-09-17 10:40:24,19,22,0,154,26.827,36.138
2026-09-17 10:45:25,20,22,0,126,26.138,37.832
2026-09-17 10:50:25,22,23,0,30,26.14,37.42
2026-09-17 10:55:25,17,17,0,0,27.369,35.27
2026-09-17 11:00:25,22,24,0,40,27.724,34.843
2026-09-17 11:05:24,25,26,0,0,30.407,29.204
2026-09-17 11:10:25,18,19,0,0,29.967,31.661
2026-09-17 11:15:25,14,16,0,0,27.977,33.311
2026-09-17 11:20:25,11,12,0,0,29.382,31.943
2026-09-17 11:25:25,13,13,0,0,28.816,31.743
2026-09-17 11:30:25,9,9,0,0,29.684,30.429
2026-09-17 11:35:25,11,12,0,0,29.702,29.592
2026-09-17 11:40:25,14,15,0,0,29.166,30.614
2026-09-17 11:45:25,17,17,0,0,28.477,31.829
2026-09-17 11:50:25,14,14,0,0,27.486,34.858
2026-09-17 11:55:25,19,20,0,0,27.697,35.751
2026-09-17 12:00:25,21,21,0,0,28.896,33.693
2026-09-17 12:05:25,24,24,0,0,28.26,35.388
2026-09-17 12:10:25,22,23,0,0,27.758,35.749
2026-09-17 12:15:25,25,25,0,0,28.594,34.803
2026-09-17 12:20:25,19,21,0,0,27.903,35.152
2026-09-17 12:25:25,18,19,0,0,27.216,35.207
2026-09-17 12:30:25,16,16,0,0,26.495,37.656
2026-09-17 12:35:25,18,18,0,0,26.901,38.625
2026-09-17 12:40:25,18,19,0,0,25.956,39.659
2026-09-17 12:45:25,22,22,0,0,26.725,39.853
2026-09-17 12:50:25,22,24,0,0,26.549,40.433
2026-09-17 12:55:25,22,24,0,0,25.494,42.312
2026-09-17 13:00:25,23,25,0,0,26.559,40.681
2026-09-17 13:05:25,27,27,0,0,26.661,41.061
2026-09-17 13:10:25,25,27,0,0,26.148,41.673
2026-09-17 13:15:25,27,28,0,0,25.916,42.154
2026-09-17 13:20:25,23,24,0,0,25.585,41.889
2026-09-17 13:25:25,25,25,0,0,25.993,41.156
2026-09-17 13:30:26,25,28,0,37,26.324,40.441
2026-09-17 13:35:26,25,27,0,179,26.303,40.323
2026-09-17 13:40:26,28,28,0,46,26.295,40.988
2026-09-17 13:45:26,22,22,0,0,25.064,42.238
2026-09-17 13:50:26,30,33,0,0,24.904,43.472
2026-09-17 13:55:26,30,31,0,0,25.347,42.659
2026-09-17 14:00:26,20,20,0,81,25.865,42.199
2026-09-17 14:05:27,26,26,0,0,25.352,43.456
2026-09-17 14:10:26,30,30,0,453,24.915,46.062
2026-09-17 14:15:26,30,33,0,351,24.095,46.375
2026-09-17 14:20:26,30,33,0,336,24.445,46.228
2026-09-17 14:25:26,29,32,0,470,24.274,47.164
2026-09-17 14:30:26,29,30,0,385,23.708,48.141
2026-09-17 14:35:27,32,34,0,931,23.694,49.009
2026-09-17 14:40:26,27,30,0,314,23.39,49.188
2026-09-17 14:45:27,29,30,0,79,23.013,50.209
2026-09-17 14:50:26,30,30,0,0,23.032,50.804
2026-09-17 14:55:26,29,30,0,0,23.307,50.407
2026-09-17 15:00:27,27,29,0,0,22.444,51.347
2026-09-17 15:05:26,32,34,0,0,21.969,52.049
2026-09-17 15:10:26,29,30,0,0,21.43,52.997
2026-09-17 15:15:27,27,28,0,0,21.256,53.464
2026-09-17 15:20:27,25,25,0,0,21.563,53.676
2026-09-17 15:25:26,29,32,0,0,21.47,54.887
2026-09-17 15:30:27,29,30,0,0,22.543,52.597
2026-09-17 15:35:27,30,31,0,0,21.133,55.86
2026-09-17 15:40:26,30,31,0,0,21.224,56.346
2026-09-17 15:45:26,32,34,0,31,21.534,56.264
2026-09-17 15:50:27,28,29,0,5,20.957,57.621
2026-09-17 15:55:27,31,33,0,0,20.752,58.345
2026-09-17 16:00:26,30,34,0,77,20.129,61.071
2026-09-17 16:05:27,32,33,0,122,20.284,60.909
2026-09-17 16:10:27,29,32,0,170,20.193,61.521
2026-09-17 16:15:27,32,35,0,1430,20.201,61.639
2026-09-17 16:20:27,33,38,0,861,19.945,62.45
2026-09-17 16:25:27,30,33,0,1300,20.204,62.585
2026-09-17 16:30:28,33,36,0,36,19.697,63.619
2026-09-17 16:35:27,29,33,0,287,19.619,64.695
2026-09-17 16:40:28,29,32,0,177,19.264,65.763
2026-09-17 16:45:28,31,35,0,233,19.504,65.548
2026-09-17 16:50:28,30,34,0,455,19.504,64.806
2026-09-17 16:55:28,30,31,0,1231,19.061,66.505
2026-09-17 17:00:28,29,30,0,717,19.264,66.206
2026-09-17 17:05:28,29,29,0,1066,19.328,66.549
2026-09-17 17:10:28,30,30,0,1475,19.39,66.9
2026-09-17 17:15:28,29,32,0,4779,19.371,66.702
2026-09-17 17:20:27,30,33,0,3349,18.554,69.189
2026-09-17 17:25:28,28,28,0,1918,18.452,69.216
2026-09-17 17:30:28,26,28,0,1454,18.428,69.235
2026-09-17 17:35:28,29,30,0,1098,18.749,68.344
2026-09-17 17:40:28,26,27,0,1197,18.137,70.827
2026-09-17 17:45:28,27,29,0,1842,17.771,72.252
2026-09-17 17:50:28,25,28,0,3630,17.149,74.686
2026-09-17 17:55:28,27,29,0,4615,17.237,74.657
2026-09-17 18:00:28,29,30,0,4272,17.109,75.334
2026-09-17 18:05:28,29,32,0,4044,16.773,77.08
2026-09-17 18:10:28,29,30,0,5038,16.829,76.715
2026-09-17 18:15:28,28,29,0,5230,16.783,77.017
2026-09-17 18:20:28,29,32,0,5897,16.546,77.907
2026-09-17 18:50:28,20,22,0,5726,15.918,79.43
2026-09-17 18:55:29,19,23,0,5492,15.835,79.981
2026-09-17 19:00:28,22,23,0,4211,15.603,80.229
2026-09-17 19:05:28,21,21,0,3769,15.579,80.852
2026-09-17 19:10:28,24,26,0,4310,15.59,80.728
2026-09-17 19:15:28,22,22,0,4582,15.499,81.114
2026-09-17 19:20:28,22,24,0,3521,15.125,82.35
2026-09-17 19:25:28,23,24,0,3796,14.976,83.193
2026-09-17 19:30:29,22,22,0,0,14.767,83.561
2026-09-17 20:05:29,35,40,0,0,13.945,86.834
2026-09-17 21:20:30,24,24,0,0,13.494,90.551
2026-09-17 21:25:29,32,34,0,18,13.496,90.651
2026-09-21 09:36:14,5,5,0,462,20.813,56.987
2026-09-21 09:41:14,5,5,0,416,21.497,54.891
2026-09-21 09:46:14,5,5,0,337,22.517,50.926
2026-09-21 09:51:14,8,8,0,470,23.545,47.969
2026-09-21 09:56:14,5,6,0,325,24.666,45.339
2026-09-21 10:01:14,6,7,0,152,24.263,44.288
2026-09-21 10:06:14,6,6,0,317,25.66,42.911
2026-09-21 10:11:14,4,4,0,320,25.529,42.651
2026-09-21 10:16:14,6,6,0,235,25.515,43.25
2026-09-21 10:21:14,4,6,0,245,25.302,43.067
2026-09-21 10:26:14,7,7,0,168,25.953,41.442
2026-09-21 10:31:15,4,5,0,297,26.469,39.861
2026-09-21 10:36:15,4,4,0,198,26.001,41.894
2026-09-21 10:41:15,7,7,0,446,24.081,45.436
2026-09-21 10:46:15,6,6,0,769,23.932,46.19
2026-09-21 10:51:15,4,4,0,300,25.192,42.882
2026-09-21 10:56:15,17,18,0,310,24.869,44.532
2026-09-21 11:01:15,6,6,0,337,24.981,44.029
2026-09-21 11:06:15,4,5,0,157,25.315,42.537
2026-09-21 11:11:15,3,3,0,125,25.457,43.073
2026-09-21 11:16:15,2,2,0,161,26.944,39.138
2026-09-21 11:21:15,3,3,0,134,24.239,43.344
2026-09-21 11:26:16,6,6,0,167,25.163,43.594
2026-09-21 11:31:15,4,4,0,202,25.708,43.033
2026-09-21 11:36:16,8,8,0,157,25.454,43.329
2026-09-21 11:41:16,7,7,90,102,25.729,42.384
2026-09-21 11:46:15,8,8,0,197,25.689,43.245
2026-09-21 11:51:15,6,6,0,85,25.39,43.416
2026-09-21 11:56:15,8,8,0,44,24.263,45.625
2026-09-21 12:01:16,5,5,0,91,24.578,45.699
2026-09-21 12:06:15,6,6,0,51,25.491,43.372
2026-09-21 12:11:15,11,11,0,23,24.952,44.404
2026-09-21 12:16:15,7,7,0,15,25.115,44.578
2026-09-21 12:21:16,6,6,0,0,24.883,44.412
2026-09-21 12:26:15,6,6,0,0,24.824,43.977
2026-09-21 12:31:16,6,6,0,4,25.78,44.214
2026-09-21 12:36:16,7,7,0,0,26.162,42.354
2026-09-21 12:41:15,4,4,0,9,25.211,44.376
2026-09-21 12:46:15,6,6,0,86,26.864,41.566
2026-09-21 12:51:15,6,6,0,0,26.738,40.471
2026-09-21 12:56:15,6,6,0,0,26.186,41.66
2026-09-21 13:01:16,6,6,0,0,25.932,42.014
2026-09-21 13:06:15,6,6,0,0,26.349,41.089
2026-09-21 13:11:16,7,7,0,0,26.717,40.645
2026-09-21 13:16:16,6,6,0,0,26.688,40.822
2026-09-21 13:21:16,5,5,0,0,27.123,40.01
2026-09-21 13:26:15,3,4,0,0,26.303,41.036
2026-09-21 13:31:17,5,6,0,0,27.056,39.19
2026-09-21 13:36:17,4,4,0,0,27.398,38.785
2026-09-21 13:41:17,7,7,0,0,27.665,38.335
2026-09-21 13:46:16,2,2,0,0,27.849,36.235
2026-09-21 13:51:17,0,0,0,0,27.556,34.751
2026-09-21 13:56:17,0,0,0,0,27.147,31.291
2026-09-21 14:01:17,0,0,0,0,27.112,34.301
2026-09-21 14:06:17,0,0,0,0,26.714,33.49
2026-09-21 14:11:17,0,0,0,0,27.147,31.282
2026-09-21 14:16:17,0,0,0,0,25.999,35.68
2026-09-21 14:21:17,0,0,0,0,26.399,35.403
2026-09-21 14:26:17,0,0,0,0,25.828,34.812
2026-09-21 14:31:17,0,0,0,0,25.523,37.904
2026-09-21 14:36:17,0,0,0,0,25.985,38.945
2026-09-21 14:41:17,0,0,0,0,25.369,39.508
2026-09-21 14:46:17,0,0,0,0,25.342,41.032
2026-09-21 14:51:17,0,0,0,0,25.347,41.496
2026-09-21 14:56:18,1,1,0,0,25.328,42.222
2026-09-21 15:01:17,2,2,0,0,26.087,41.034
2026-09-21 15:06:17,3,5,0,0,25.005,42.808
2026-09-21 15:11:17,1,3,0,0,25.147,42.035
2026-09-21 15:16:17,1,1,0,0,25.182,41.574
2026-09-21 15:21:17,2,2,0,0,26.044,41.33
2026-09-21 15:26:17,1,1,0,0,26.204,39.63
2026-09-21 15:31:17,0,0,0,0,25.628,40.353
2026-09-21 15:36:17,0,0,0,0,23.889,43.699
2026-09-21 15:41:17,0,0,0,0,25.569,41.606
2026-09-21 15:46:18,0,0,0,0,25.021,41.883
2026-09-21 15:51:17,0,0,0,0,25.433,39.781
2026-09-21 15:56:17,0,0,0,0,24.738,41.053
2026-09-21 16:01:17,0,0,0,0,25.037,40.622
2026-09-21 16:06:17,0,0,0,0,24.631,41.583
2026-09-21 16:11:19,0,0,0,0,24.482,39.726
2026-09-21 16:16:17,0,0,0,0,24.121,40.58
2026-09-21 16:21:19,0,0,0,0,24.418,41.221
2026-09-21 16:26:17,0,0,0,0,25.008,40.214
2026-09-21 16:31:19,0,0,0,22,24.925,39.653
2026-09-21 16:36:19,0,0,0,220,24.709,39.571
2026-09-21 16:41:18,0,0,0,27,24.981,39.42
2026-09-21 16:46:19,0,0,0,21,24.482,39.439
2026-09-21 16:51:18,0,0,0,58,24.073,40.092
2026-09-21 16:56:18,0,0,0,109,23.852,39.552
2026-09-21 17:01:18,0,0,0,267,23.678,40.586
2026-09-21 17:06:19,0,0,0,139,23.726,39.787
2026-09-21 17:11:18,0,0,0,152,23.924,39.981
2026-09-21 17:16:19,0,0,0,206,23.056,40.67
2026-09-21 17:21:19,0,1,0,187,23.449,40.117
2026-09-21 17:26:19,0,0,0,284,23.077,38.892
2026-09-21 17:31:19,0,0,0,363,23.328,39.47
2026-09-21 17:36:18,0,0,0,551,22.869,40.437
2026-09-21 17:41:18,0,0,0,1309,22.308,40.426
2026-09-21 17:46:19,0,1,0,1014,22.404,40.487
2026-09-21 17:51:19,0,0,0,998,22.271,41.314
2026-09-21 17:56:19,0,0,0,540,21.969,42.033
2026-09-21 18:01:19,0,0,0,210,22.031,42.201
2026-09-21 18:06:18,0,0,0,196,21.657,43.208
2026-09-21 18:11:19,0,0,0,811,21.454,43.767
2026-09-21 18:16:19,0,0,0,514,21.179,45.345
2026-09-21 18:21:19,0,0,0,894,20.693,46.276
2026-09-21 18:26:19,0,0,0,570,20.722,46.806
2026-09-21 18:31:19,0,0,0,942,20.719,47.399
2026-09-21 18:36:19,0,0,0,732,20.466,48.65
2026-09-21 18:41:19,0,0,0,710,20.65,48.479
2026-09-21 18:46:19,0,0,0,1086,20.538,49.266
2026-09-21 18:51:19,0,0,0,1918,20.442,49.301
2026-09-21 18:56:19,0,0,0,1949,20.338,50.72
2026-09-21 19:01:19,1,1,0,2151,20.196,51.155
2026-09-21 19:06:19,0,0,0,4105,20.204,51.214
2026-09-21 19:11:19,0,0,0,2912,20.071,51.641
2026-09-21 19:16:19,0,0,0,4422,19.761,52.536
2026-09-21 19:21:19,0,0,0,1960,19.43,53.928
2026-09-21 19:26:19,0,1,0,3191,19.408,54.34
2026-09-21 19:31:20,0,0,0,0,19.072,54.927
2026-09-21 19:36:20,0,0,0,0,19.128,54.752
2026-09-21 19:41:20,0,0,0,0,18.981,54.702
2026-09-21 19:46:20,1,1,0,0,18.717,55.599
2026-09-21 19:51:20,0,0,0,0,18.634,55.616
2026-09-21 19:56:20,0,0,0,0,18.484,55.854
2026-09-21 20:01:20,0,0,0,0,18.292,56.598
2026-09-21 20:06:20,0,0,0,0,18.308,56.089
2026-09-21 20:11:20,0,0,0,0,18.233,56.018
2026-09-21 20:16:20,0,0,0,0,17.902,56.985
2026-09-21 20:21:21,0,0,0,0,17.916,57.056
2026-09-21 20:26:23,0,0,0,0,17.79,57.415
2026-09-21 20:31:20,0,0,0,0,17.686,57.754
2026-09-21 20:36:20,0,0,0,0,17.472,58.26
2026-09-21 20:41:21,0,0,0,0,17.325,58.639
2026-09-21 20:46:20,0,0,0,0,17.293,58.754
2026-09-21 20:51:20,0,0,0,0,17.315,58.023
2026-09-21 20:56:20,0,0,0,0,17.264,58.115
2026-09-21 21:01:20,0,0,0,0,17.203,58.282
2026-09-21 21:06:20,0,0,0,0,17.171,58.366
2026-09-21 21:11:20,0,0,0,0,17.123,58.355
2026-09-21 21:16:21,0,1,0,0,17.024,58.292
2026-09-21 21:21:20,0,0,0,0,16.896,58.548
2026-09-21 21:26:20,0,0,0,0,16.727,59.057
2026-09-21 21:31:20,0,0,0,0,16.511,59.11
2026-09-21 21:36:21,0,0,0,0,16.348,59.621
2026-09-21 21:41:20,0,0,0,0,16.233,59.969
2026-09-21 21:46:20,0,0,0,0,16.105,59.915
2026-09-21 21:51:20,0,0,0,0,16.046,59.944
2026-09-21 21:56:21,0,0,0,0,15.932,60.405
2026-09-21 22:01:20,0,0,0,0,15.918,60.339
2026-09-21 22:06:21,0,0,0,0,15.846,60.445
2026-09-21 22:11:20,0,0,0,0,15.734,60.682
2026-09-21 22:16:21,0,0,0,0,15.579,61.407
2026-09-21 22:21:21,0,0,0,0,15.649,61.498
2026-09-21 22:26:20,0,0,0,0,15.435,62.107
2026-09-21 22:31:22,0,1,0,0,15.392,62.231
2026-09-21 22:36:22,0,0,0,0,15.349,62.372
2026-09-21 22:41:25,0,0,0,0,15.341,62.473
2026-09-21 22:46:21,0,0,0,0,15.336,62.711
2026-09-21 22:51:22,0,0,0,0,15.128,63.848
2026-09-21 22:56:22,0,0,0,0,15.024,64.375
2026-09-21 23:01:21,0,0,0,0,15.048,64.386
2026-09-21 23:06:22,0,0,0,0,15.173,64.42
2026-09-21 23:11:22,0,0,0,0,15.296,64.603
2026-09-21 23:16:22,0,0,0,58,15.365,64.674
2026-09-21 23:21:22,0,0,0,110,15.232,65.609
2026-09-21 23:26:21,0,0,0,86,15.146,65.897
2026-09-21 23:31:22,0,0,0,126,15.2,65.662
2026-09-21 23:36:21,0,0,0,279,15.048,66.345
2026-09-21 23:41:22,3,4,0,214,14.906,66.864
2026-09-21 23:46:22,0,0,0,302,14.735,67.335
2026-09-21 23:51:22,0,1,0,314,14.66,67.871
2026-09-21 23:56:22,1,2,0,311,14.636,67.487
2026-09-22 00:01:22,0,0,0,299,14.551,67.981
2026-09-22 00:06:22,0,0,0,422,14.463,68.449
2026-09-22 00:11:22,1,1,0,398,14.22,69.313
2026-09-22 00:16:22,0,0,0,313,13.614,72
2026-09-22 00:21:22,1,1,0,403,13.355,73.171
2026-09-22 00:26:22,0,0,0,459,13.371,72.817
2026-09-22 00:31:22,0,0,0,379,13.285,72.611
2026-09-22 00:36:22,4,4,0,358,13.202,73.015
2026-09-22 00:41:22,0,0,0,373,13.013,73.66
2026-09-22 00:46:22,3,3,0,400,12.925,74.14
2026-09-22 00:51:22,0,1,0,359,12.973,73.408
2026-09-22 00:56:22,0,0,0,352,12.588,74.837
2026-09-22 01:01:23,0,0,0,283,12.716,74.594
2026-09-22 01:06:22,2,3,0,360,12.791,74.261
2026-09-22 01:11:23,1,2,0,340,12.733,74.707
2026-09-22 01:16:22,0,1,0,437,12.58,75.153
2026-09-22 01:21:22,1,1,0,300,12.588,75.006
2026-09-22 01:26:22,0,0,0,228,12.69,75.123
2026-09-22 01:31:23,0,0,0,307,12.839,73.849
2026-09-22 01:36:23,1,1,0,176,12.839,73.37
2026-09-22 01:41:23,1,1,0,111,12.93,72.836
2026-09-22 01:46:23,0,0,0,96,12.997,72.504
2026-09-22 01:51:23,0,0,0,50,13.098,72.126
2026-09-22 01:56:23,0,0,0,71,13.17,72.113
2026-09-22 02:01:23,0,0,0,77,13.227,71.525
2026-09-22 02:06:23,0,0,0,31,13.101,72.26
2026-09-22 02:11:23,0,1,0,88,13.136,71.928
2026-09-22 02:16:24,0,0,0,63,13.056,72.113
2026-09-22 02:21:23,0,0,0,106,12.922,72.666
2026-09-22 02:26:23,0,0,0,84,12.957,72.47
2026-09-22 02:31:23,0,0,0,126,12.965,72.372
2026-09-22 02:36:23,1,1,0,127,12.978,72.344
2026-09-22 02:41:23,0,0,0,171,12.818,73.11
2026-09-22 02:46:24,0,1,0,168,12.578,74.056
2026-09-22 02:51:23,0,0,0,242,12.465,74.415
2026-09-22 02:56:24,0,0,0,220,12.391,74.653
2026-09-22 03:01:24,0,0,0,251,12.263,75.561
2026-09-22 03:06:23,0,0,0,252,12.025,76.061
2026-09-22 03:11:23,1,1,0,276,11.905,76.622
2026-09-22 03:16:23,0,1,0,301,11.542,77.776
2026-09-22 03:21:24,1,1,0,341,11.52,78.365
2026-09-22 03:26:24,1,1,0,344,11.469,78.724
2026-09-22 03:31:23,0,1,0,387,11.603,78.281
2026-09-22 03:36:24,0,0,0,365,11.648,78.115
2026-09-22 03:41:23,2,2,0,369,11.64,78.133
2026-09-22 03:46:24,1,1,0,362,11.558,78.577
2026-09-22 03:51:24,0,1,0,389,11.598,78.508
2026-09-22 03:56:24,0,0,0,338,11.55,78.989
2026-09-22 04:01:23,1,1,0,342,11.598,79.168
2026-09-22 04:06:24,2,2,0,372,11.488,79.958
2026-09-22 04:11:23,0,0,0,369,11.4,80.206
2026-09-22 04:16:24,0,1,0,380,11.526,79.388
2026-09-22 04:21:24,1,1,0,382,11.627,78.695
2026-09-22 04:26:24,0,2,0,366,11.445,79.552
2026-09-22 04:31:25,1,2,0,829,11.317,79.847
2026-09-22 04:36:25,0,1,0,387,11.168,80.362
2026-09-22 04:41:25,1,2,0,389,11.034,80.749
2026-09-22 04:46:25,1,1,0,410,10.991,81.211
2026-09-22 04:51:24,1,1,0,424,10.965,81.163
2026-09-22 04:56:25,1,1,0,429,10.746,82.294
2026-09-22 05:01:25,3,3,0,427,10.772,81.806
2026-09-22 05:06:25,2,2,0,393,10.562,82.743
2026-09-22 05:11:25,1,2,0,383,10.521,82.386
2026-09-22 05:16:25,1,1,0,400,10.449,82.382
2026-09-22 05:21:25,3,3,0,378,10.286,83.128
2026-09-22 05:26:25,2,2,0,429,10.18,84.803
2026-09-22 05:31:25,2,2,0,439,10.057,85.632
2026-09-22 05:36:25,3,3,0,414,10.1,85.976
2026-09-22 05:41:25,3,3,0,453,10.148,84.574
2026-09-22 05:46:25,3,3,0,429,9.939,86.464
2026-09-22 05:51:25,4,4,0,422,9.942,87.107
2026-09-22 05:56:25,4,4,0,433,9.998,85.11
2026-09-22 06:01:25,3,4,0,478,10.062,85.304
2026-09-22 06:06:25,2,3,0,433,10.068,84.776
2026-09-22 06:11:25,4,4,0,450,9.899,85.56
2026-09-22 06:16:25,4,4,0,410,9.766,85.449
2026-09-22 06:21:25,5,5,0,423,9.71,86.054
2026-09-22 06:26:25,5,5,0,408,9.718,85.819
2026-09-22 06:31:25,7,7,0,427,9.694,85.602
2026-09-22 06:36:25,7,8,0,416,9.67,85.239
2026-09-22 06:41:25,5,6,0,409,9.611,85.02
2026-09-22 06:46:25,4,5,0,407,9.483,85.274
2026-09-22 06:51:25,5,5,0,396,9.416,85.846
2026-09-22 06:56:25,5,5,0,447,9.296,85.499
2026-09-22 07:01:25,5,5,0,319,9.106,85.207
2026-09-22 07:06:25,4,4,0,311,9.021,85.833
2026-09-22 07:11:25,3,3,0,338,9.063,85.825
2026-09-22 07:16:25,4,4,0,334,8.962,85.712
2026-09-22 07:21:25,5,5,0,337,8.946,86.13
2026-09-22 07:26:25,5,6,0,357,9.031,86.374
2026-09-22 07:31:26,7,8,0,2227,9.09,87.399
2026-09-22 07:36:26,8,8,0,411,9.112,87.914
2026-09-22 07:41:26,7,7,0,417,9.154,87.835
2026-09-22 07:46:26,5,6,0,435,9.186,87.206
2026-09-22 07:51:26,7,7,0,415,9.253,86.391
2026-09-22 07:56:26,7,7,0,411,9.285,86.248
2026-09-22 08:01:27,8,12,0,446,9.325,86.502
2026-09-22 08:06:26,8,10,0,504,9.403,86.668
2026-09-22 08:11:27,22,24,0,499,9.464,86.939
2026-09-22 08:16:27,17,18,0,575,9.504,86.327
2026-09-22 08:21:27,14,18,0,541,9.643,85.733
2026-09-22 08:26:26,14,17,0,537,9.776,85.577
2026-09-22 08:31:27,20,22,0,467,9.865,85.886
2026-09-22 08:36:26,11,13,0,450,10.07,85.356
2026-09-22 08:41:26,17,18,0,449,10.228,84.574
2026-09-22 08:46:27,17,19,0,506,10.393,84.532
2026-09-22 08:51:27,13,15,0,490,10.612,84.219
2026-09-22 08:56:27,14,16,0,491,10.746,83.067
2026-09-22 09:01:26,21,21,0,504,11.109,82.359
2026-09-22 09:06:27,21,21,0,504,11.344,81.388
2026-09-22 09:11:26,25,25,0,490,11.55,80.749
2026-09-22 09:16:27,25,25,0,467,11.953,80.465
2026-09-22 09:21:27,21,23,0,448,13.109,77.473
2026-09-22 09:26:27,25,27,0,409,15.397,70.282
2026-09-22 09:31:26,24,28,0,451,18.335,58.099
2026-09-22 09:36:27,19,20,0,429,19.547,55.351
2026-09-22 09:41:27,18,18,0,443,21.133,51.425
2026-09-22 09:46:27,18,18,0,444,21.865,48.814
2026-09-22 09:51:27,23,25,0,467,23.275,45.591
2026-09-22 09:56:26,20,22,0,464,24.399,43.336
2026-09-22 10:01:27,20,23,0,406,24.669,41.85
2026-09-22 10:06:27,26,27,98,414,24.845,41.993
2026-09-22 10:11:27,22,23,98,432,25.363,42.615
2026-09-22 10:16:27,10,13,0,326,25.638,41.969
2026-09-22 10:21:27,18,18,98,365,26.119,39.754
2026-09-22 10:26:27,12,12,0,394,27.024,38.974
2026-09-22 10:31:28,8,8,0,484,27.083,39.113
2026-09-22 10:36:28,12,14,0,294,27.676,38.518
2026-09-22 10:41:28,7,7,0,222,27.801,37.854
2026-09-22 10:46:28,13,13,0,175,27.903,37.04
2026-09-22 10:51:28,7,7,0,124,27.019,38.652
2026-09-22 10:56:28,5,6,0,163,29.473,34.49
2026-09-22 11:01:28,7,8,0,145,28.909,35.085
2026-09-22 11:06:28,9,9,0,77,28.816,35.348
2026-09-22 11:11:28,5,6,0,174,30.37,33.017
2026-09-22 11:16:28,5,5,0,11,29.11,34.726
2026-09-22 11:21:28,4,4,0,15,29.075,34.858
2026-09-22 11:26:28,4,4,0,0,30.178,32.306
2026-09-22 11:31:28,6,6,0,0,29.972,32.745
2026-09-22 11:36:28,1,2,0,0,30.18,32.5
2026-09-22 11:41:29,2,2,0,0,30.341,31.409
2026-09-22 11:46:28,5,5,0,0,30.517,30.694
2026-09-22 11:51:28,2,3,0,0,30.744,30.549
2026-09-22 11:56:28,0,0,0,0,30.771,31.72
2026-09-22 12:01:28,5,5,0,0,30.61,30.955
2026-09-22 12:06:28,2,3,0,0,31.126,30.666
2026-09-22 12:11:28,4,4,0,0,30.29,32.453
2026-09-22 12:16:28,2,2,0,0,30.202,32.329
2026-09-22 12:21:28,1,3,0,0,30.715,31.715
2026-09-22 12:26:28,6,6,0,0,30.827,30.397
2026-09-22 12:31:28,6,6,0,0,31.163,29.565
2026-09-22 12:36:28,3,5,0,0,31.831,28.386
2026-09-22 12:41:28,4,4,0,0,31.222,29.597
2026-09-22 12:46:28,2,2,0,0,31.134,29.66
2026-09-22 12:51:28,3,4,0,0,31.959,28.365
2026-09-22 12:56:28,4,4,0,0,30.266,29.817
2026-09-22 13:01:29,4,4,0,0,30.725,28.113
2026-09-22 13:06:28,2,3,0,0,31.63,28.436
2026-09-22 13:11:29,3,3,0,0,31.038,29.918
2026-09-22 13:16:28,5,5,0,0,31.441,28.037
2026-09-22 13:21:29,2,3,0,0,32.202,28.953
2026-09-22 13:26:29,1,1,0,0,31.986,28.283
2026-09-22 13:31:30,3,3,0,42,31.462,28.262
2026-09-22 13:36:29,1,1,0,372,31.254,28.655
2026-09-22 13:41:30,1,1,0,438,31.187,29.302
2026-09-22 13:46:29,1,1,0,261,32.098,28.262
2026-09-22 13:51:30,1,2,0,0,31.684,27.803
2026-09-22 13:56:30,0,0,0,57,32.039,26.301
2026-09-22 14:01:30,0,0,0,65,31.916,26.065
2026-09-22 14:06:29,0,0,0,350,32.044,25.399
