fecha,mp25_ugm3,mp10_ugm3,so2_ppb,cov_ppb,temperatura_c,humedad_pct
2026-06-01 13:16:57,53,67,0,5587,15.798,57.972
2026-06-01 13:21:57,52,66,0,333,15,60.405
2026-06-01 13:26:57,51,65,0,219,15.339,60.142
2026-06-01 13:31:57,51,62,0,117,15.867,58.881
2026-06-01 13:36:57,51,64,0,101,16.647,56.074
2026-06-01 13:41:57,50,63,0,63,15.734,58.817
2026-06-01 13:46:57,47,60,0,68,17.069,55.576
2026-06-01 13:51:57,51,62,0,42,16.407,57.384
2026-06-01 13:56:57,52,66,0,61,18.092,52.213
2026-06-01 14:01:57,50,61,0,27,18.057,51.588
2026-06-01 14:06:57,49,60,0,25,17.406,54.441
2026-06-01 14:11:57,47,59,0,20,17.977,50.96
2026-06-01 14:16:57,48,60,0,34,18.845,49.816
2026-06-01 14:21:57,47,57,0,23,18.476,50.495
2026-06-01 14:26:57,47,61,0,14,17.309,53.8
2026-06-01 14:32:06,46,56,0,22,17.932,52.564
2026-06-01 14:36:57,46,57,0,23,17.769,52.267
2026-06-01 14:41:57,48,61,0,13,17.136,54.016
2026-06-01 14:46:57,48,59,0,17,17.761,53.514
2026-06-01 14:51:57,49,61,0,8,18.255,51.731
2026-06-01 14:56:57,45,56,0,11,18.695,50.594
2026-06-01 15:01:57,46,58,0,9,17.646,52.829
2026-06-01 15:06:57,45,55,0,18,18.396,51.637
2026-06-01 15:11:57,45,56,0,13,18.551,51.233
2026-06-01 15:16:57,46,57,0,13,18.156,52.406
2026-06-01 15:21:57,46,57,0,29,18.025,52.917
2026-06-01 15:26:57,48,62,0,15,17.52,54.115
2026-06-01 15:31:57,48,60,0,11,17.374,54.994
2026-06-01 15:36:57,48,59,0,12,17.609,53.96
2026-06-01 15:41:57,48,61,0,25,17.646,54.225
2026-06-01 15:46:58,46,57,0,16,17.293,54.792
2026-06-01 15:51:58,48,61,0,39,17.325,55.328
2026-06-01 15:56:57,49,61,0,20,16.69,56.825
2026-06-01 16:02:22,49,61,0,25,16.645,56.947
2026-06-01 16:06:57,46,59,0,19,16.957,55.881
2026-06-01 16:11:57,47,57,0,24,17.09,55.957
2026-06-01 16:16:36,45,56,0,55,16.888,56.491
2026-06-01 16:21:36,48,60,0,0,16.754,56.139
2026-06-01 16:26:36,46,58,0,10,16.727,56.509
2026-06-01 16:31:36,46,56,0,5,16.877,56.148
2026-06-01 16:36:35,48,60,0,10,16.922,56.158
2026-06-01 16:41:36,47,59,0,19,16.54,57.319
2026-06-01 16:46:36,44,54,0,23,16.466,57.371
2026-06-01 16:51:36,46,59,0,13,16.001,59.034
2026-06-01 16:56:36,48,60,0,12,15.566,60.526
2026-06-01 17:01:36,45,56,0,8,15.518,61.096
2026-06-01 17:06:36,44,55,0,26,15.381,61.37
2026-06-01 17:11:36,45,56,0,22,15.309,61.796
2026-06-01 17:16:36,44,56,0,24,15.061,62.252
2026-06-01 17:21:36,48,60,0,14,14.749,63.116
2026-06-01 17:26:36,47,58,0,16,14.567,63.825
2026-06-01 17:31:36,46,59,0,16,14.423,64.52
2026-06-01 17:36:36,48,59,0,9,14.217,65.294
2026-06-01 17:41:45,47,58,0,13,14.247,65.315
2026-06-01 17:46:36,46,57,0,14,14.118,65.811
2026-06-01 17:51:36,43,54,0,22,14.225,65.757
2026-06-01 17:56:36,45,58,0,15,14.102,65.921
2026-06-01 18:01:36,46,57,0,20,13.918,66.621
2026-06-01 18:06:36,45,55,0,33,14.06,65.942
2026-06-01 18:11:36,46,56,0,29,13.988,66.127
2026-06-01 18:16:36,44,54,0,37,14.03,65.897
2026-06-01 18:21:36,45,55,0,26,13.785,67.159
2026-06-01 18:26:36,44,54,0,25,13.849,66.902
2026-06-01 18:31:36,43,56,0,30,14.025,66.137
2026-06-01 18:36:36,47,59,0,45,13.945,66.238
2026-06-01 18:41:36,43,54,0,19,13.857,66.728
2026-06-01 18:46:46,44,54,0,30,13.822,66.62
2026-06-01 18:51:45,46,57,0,23,13.795,66.587
2026-06-01 18:56:36,46,59,0,27,14.06,65.538
2026-06-01 19:01:36,44,55,0,46,14.201,65.237
2026-06-01 19:06:36,42,51,0,29,13.972,65.78
2026-06-01 19:11:36,43,53,0,24,14.207,65.059
2026-06-01 19:16:37,45,56,0,77,14.367,64.966
2026-06-01 19:21:37,51,64,0,57,14.351,65.49
2026-06-01 19:26:37,49,61,0,49,14.046,66.444
2026-06-01 19:31:37,46,57,0,32,13.883,66.494
2026-06-01 19:36:37,41,50,0,9,13.494,67.52
2026-06-01 19:41:37,41,50,0,22,13.144,68.977
2026-06-01 19:46:37,41,49,0,11,13.227,68.968
2026-06-01 19:51:46,38,46,0,19,13.149,69.13
2026-06-01 19:56:38,39,47,0,22,12.666,70.833
2026-06-01 20:01:37,39,48,0,18,12.73,70.558
2026-06-01 20:06:37,40,49,0,20,12.503,71.665
2026-06-01 20:11:37,41,49,0,19,12.559,71.676
2026-06-01 20:16:38,42,53,0,13,12.546,71.646
2026-06-01 20:21:38,40,47,0,12,12.473,72.09
2026-06-01 20:26:37,43,54,0,12,12.559,71.819
2026-06-01 20:31:38,44,55,0,30,12.805,70.896
2026-06-01 20:36:37,42,52,0,24,12.765,71.001
2026-06-01 20:41:37,46,58,0,70,12.799,71.058
2026-06-01 20:46:38,43,54,0,75,12.925,70.74
2026-06-01 20:51:37,47,56,0,48,12.882,70.772
2026-06-01 20:56:46,75,79,0,128,12.855,71.228
2026-06-01 21:01:37,52,69,0,57,12.861,70.833
2026-06-01 21:06:37,47,57,0,48,12.965,70.45
2026-06-01 21:11:38,74,81,0,95,13.016,70.488
2026-06-01 21:16:37,71,79,0,106,12.919,70.919
2026-06-01 21:21:38,52,65,0,53,12.733,71.375
2026-06-01 21:26:38,40,49,0,32,12.61,72.113
2026-06-01 21:31:38,46,57,0,36,12.519,72.298
2026-06-01 21:36:37,47,57,0,64,12.3,73.303
2026-06-01 21:41:37,40,51,0,33,12.18,73.683
2026-06-01 21:46:37,41,50,0,57,12.263,73.423
2026-06-01 21:51:38,48,59,0,89,12.028,74.312
2026-06-01 21:56:38,49,64,0,62,11.883,74.715
2026-06-01 22:01:38,46,57,0,45,11.806,75.477
2026-06-01 22:06:46,52,64,0,84,11.902,74.56
2026-06-01 22:11:37,67,77,0,137,11.897,74.753
2026-06-01 22:16:39,58,71,0,136,11.654,75.634
2026-06-01 22:21:38,46,57,0,53,11.395,77.188
2026-06-01 22:26:39,46,55,0,66,11.582,76.496
2026-06-01 22:31:39,45,56,0,75,11.566,76.425
2026-06-01 22:36:39,44,56,0,94,11.627,76.275
2026-06-01 22:41:39,51,65,0,91,11.389,77.093
2026-06-01 22:46:39,59,73,0,117,11.269,78.173
2026-06-01 22:51:42,48,60,0,92,11.44,77.225
2026-06-01 22:56:39,58,71,0,129,11.189,78.272
2026-06-01 23:01:39,80,85,0,288,11.232,78.081
2026-06-01 23:06:39,69,78,0,180,11.154,78.27
2026-06-01 23:11:39,58,73,0,110,10.975,78.88
2026-06-01 23:16:49,56,70,0,106,11.189,78.024
2026-06-01 23:21:39,51,64,0,123,11.178,77.988
2026-06-01 23:26:39,52,65,0,69,11.226,78.476
2026-06-01 23:31:39,51,65,0,106,10.903,79.319
2026-06-01 23:36:39,56,70,0,137,11.157,78.274
2026-06-01 23:41:39,105,114,0,249,11.173,78.276
2026-06-01 23:46:39,81,90,0,157,10.933,79.052
2026-06-01 23:51:39,92,102,0,270,11.042,79.1
2026-06-01 23:56:39,60,76,0,114,10.481,81.72
2026-06-02 00:01:39,57,73,0,104,10.826,80.143
2026-06-02 00:06:39,74,83,0,129,10.791,80.162
2026-06-02 00:11:39,75,83,0,157,10.901,79.735
2026-06-02 00:16:39,78,84,0,180,10.919,79.466
2026-06-02 00:21:49,59,72,0,109,10.967,79.176
2026-06-02 00:26:40,54,68,0,55,10.837,80.538
2026-06-02 00:31:39,55,68,0,57,10.775,80.494
2026-06-02 00:36:39,53,66,0,62,10.847,80.687
2026-06-02 00:41:39,52,67,0,62,10.748,80.738
2026-06-02 00:46:39,54,68,0,65,10.722,80.919
2026-06-02 00:51:39,54,67,0,75,10.636,80.557
2026-06-02 00:56:39,52,65,0,52,10.714,81.097
2026-06-02 01:01:39,51,65,0,51,10.818,80.328
2026-06-02 01:06:39,51,67,0,42,10.772,80.437
2026-06-02 01:11:40,51,66,0,42,10.698,81.289
2026-06-02 01:16:40,66,79,0,207,10.73,80.847
2026-06-02 01:21:40,61,76,0,81,10.722,81.15
2026-06-02 01:26:40,53,67,0,38,10.636,81.499
2026-06-02 01:31:40,52,66,0,49,10.511,81.133
2026-06-02 01:36:40,56,69,0,68,10.22,81.951
2026-06-02 01:41:40,57,72,0,62,10.126,82.054
2026-06-02 01:46:40,55,68,0,59,9.784,83.519
2026-06-02 01:51:40,52,67,0,40,9.833,83.53
2026-06-02 01:56:41,61,75,0,89,9.87,82.342
2026-06-02 02:01:40,54,67,0,68,9.897,82.63
2026-06-02 02:06:40,56,70,0,59,9.95,82.907
2026-06-02 02:11:40,57,73,0,64,9.782,83.445
2026-06-02 02:16:40,60,74,0,46,9.528,84.911
2026-06-02 02:21:40,56,71,0,54,9.667,84.051
2026-06-02 02:26:40,84,91,0,119,9.656,83.427
2026-06-02 02:31:40,63,78,0,73,9.429,84.818
2026-06-02 02:36:40,88,95,0,114,9.44,84.145
2026-06-02 02:41:41,77,88,0,87,9.432,83.782
2026-06-02 02:46:40,70,83,0,74,9.034,84.751
2026-06-02 02:51:40,58,74,0,41,8.909,85.789
2026-06-02 02:56:41,62,78,0,57,8.959,85.384
2026-06-02 03:01:40,59,77,0,71,8.842,85.314
2026-06-02 03:06:40,58,73,0,58,8.682,85.365
2026-06-02 03:11:40,56,71,0,71,8.38,85.382
2026-06-02 03:16:48,65,77,0,104,8.35,86.035
2026-06-02 03:21:40,65,78,0,114,8.268,85.703
2026-06-02 03:26:40,58,74,0,86,8.236,86.037
2026-06-02 03:31:40,60,76,0,62,7.998,87.759
2026-06-02 03:36:41,57,73,0,64,8.001,86.891
2026-06-02 03:41:49,59,76,0,50,7.803,89.172
2026-06-02 03:46:40,60,77,0,59,7.739,90.187
2026-06-02 03:51:40,61,76,0,66,7.814,88.335
2026-06-02 03:56:40,60,77,0,57,7.779,87.502
2026-06-02 04:01:41,59,77,0,62,7.68,87.111
2026-06-02 04:06:41,59,75,0,59,7.643,87.479
2026-06-02 04:11:41,59,77,0,57,7.531,86.393
2026-06-02 04:16:42,59,76,0,130,7.354,86.723
2026-06-02 04:21:42,58,76,0,73,7.272,86.313
2026-06-02 04:26:42,60,77,0,58,7.146,86.618
2026-06-02 04:31:41,60,78,0,64,7.031,86.781
2026-06-02 04:36:42,60,76,0,59,7.029,89.012
2026-06-02 04:41:42,58,76,0,54,7.026,88.009
2026-06-02 04:46:42,58,72,0,40,6.844,87.894
2026-06-02 05:06:42,57,72,0,44,6.615,87.671
2026-06-02 05:11:42,59,75,0,49,6.564,87.496
2026-06-02 05:16:42,59,75,0,42,6.305,87.982
2026-06-02 05:21:42,58,73,0,41,6.238,89.268
2026-06-02 05:26:42,58,74,0,59,6.316,88.717
2026-06-02 05:31:42,57,72,0,46,6.353,88.968
2026-06-02 05:36:42,60,77,0,52,6.348,87.385
2026-06-02 05:41:42,60,75,0,59,6.228,87.694
2026-06-02 05:46:42,58,72,0,49,6.118,88.337
2026-06-02 05:51:42,59,77,0,71,6.089,88.371
2026-06-02 05:56:42,59,74,0,56,6.083,87.915
2026-06-02 06:01:42,59,75,0,60,5.971,88.165
2026-06-02 06:06:42,60,75,0,70,6.014,87.959
2026-06-02 06:11:42,61,79,0,74,5.88,89.413
2026-06-02 06:16:42,60,74,0,73,6.03,89.55
2026-06-02 06:21:42,59,75,0,82,6.113,90.479
2026-06-02 06:26:42,63,78,0,77,6.185,89.947
2026-06-02 06:31:42,60,77,0,73,6.014,89.268
2026-06-02 06:36:42,60,76,0,90,6.18,87.961
2026-06-02 06:41:42,61,78,0,82,6.214,87.774
2026-06-02 06:46:42,61,78,0,70,6.129,87.736
2026-06-02 06:51:42,61,77,0,90,6.094,90.046
2026-06-02 06:56:42,60,78,0,90,6.198,88.848
2026-06-02 07:01:42,62,79,0,90,6.366,88.236
2026-06-02 07:06:42,59,72,0,85,6.348,87.53
2026-06-02 07:11:42,58,77,0,94,6.342,86.39
2026-06-02 07:16:43,59,75,0,154,6.206,86.565
2026-06-02 07:21:43,61,77,0,97,6.188,88.39
2026-06-02 07:26:43,63,78,0,106,6.017,88.526
2026-06-02 07:31:43,60,79,0,132,6.278,87.982
2026-06-02 07:36:43,63,81,0,109,6.254,88.244
2026-06-02 07:41:43,59,75,0,101,6.433,86.552
2026-06-02 07:46:44,58,73,0,88,6.415,86.517
2026-06-02 07:51:43,60,74,0,108,6.404,86.66
2026-06-02 07:56:43,59,74,0,82,6.521,85.928
2026-06-02 08:01:43,60,76,0,82,6.334,86.771
2026-06-02 08:06:43,60,78,0,255,6.425,87.118
2026-06-02 08:11:43,61,77,0,263,6.666,86.859
2026-06-02 08:16:43,58,72,0,93,6.828,86.653
2026-06-02 08:21:43,58,73,0,92,6.922,85.695
2026-06-02 08:26:43,58,75,0,75,6.799,84.74
2026-06-02 08:31:43,63,80,0,117,6.927,85.243
2026-06-02 08:36:43,69,84,0,151,7.325,84.73
2026-06-02 08:41:43,64,79,0,130,7.523,83.599
2026-06-02 08:46:43,58,72,0,97,8.006,82.045
2026-06-02 08:51:43,57,73,0,90,8.313,81.411
2026-06-02 08:56:43,68,81,0,99,8.198,82.031
2026-06-02 09:01:43,70,82,0,1283,8.831,81.633
2026-06-02 09:06:43,62,78,0,230,8.842,79.679
2026-06-02 09:11:44,63,78,0,84,9.13,78.777
2026-06-02 09:16:43,60,76,0,110,9.314,78.897
2026-06-02 09:21:44,59,74,0,71,9.435,77.146
2026-06-02 09:26:43,62,76,0,103,9.833,76.509
2026-06-02 09:31:43,68,80,0,100,9.998,74.871
2026-06-02 09:36:44,68,80,0,108,10.174,74.419
2026-06-02 09:41:44,69,79,0,119,10.554,74.451
2026-06-02 09:46:44,67,79,0,112,10.858,72.483
2026-06-02 09:51:44,66,78,0,114,11.632,69.143
2026-06-02 09:56:43,65,78,0,124,12.303,66.2
2026-06-02 10:01:44,59,73,0,114,12.663,63.856
2026-06-02 10:06:44,62,74,0,101,13.026,62.616
2026-06-02 10:11:44,63,74,0,109,12.946,62.456
2026-06-02 10:16:45,65,76,0,173,13.395,60.753
2026-06-02 10:21:44,60,70,0,101,13.966,58.342
2026-06-02 10:26:45,63,74,0,105,14.34,56.94
2026-06-02 10:31:45,51,64,0,101,15.045,54.407
2026-06-02 10:36:45,50,63,0,88,15.256,53.676
2026-06-02 10:41:45,48,60,0,70,15.865,52.515
2026-06-02 10:46:44,47,58,0,67,16.193,51.933
2026-06-02 10:51:45,46,60,0,49,15.961,52.541
2026-06-02 10:56:45,47,59,0,73,16.38,51.685
2026-06-02 11:01:45,47,59,0,81,16.767,48.389
2026-06-02 11:06:45,47,61,0,81,17.275,47.801
2026-06-02 11:11:44,48,60,0,69,17.734,47.685
2026-06-02 11:16:45,49,61,0,83,17.929,46.317
2026-06-02 11:21:45,47,59,0,61,18.215,45.984
2026-06-02 11:26:45,47,59,0,69,18.709,46.586
2026-06-02 11:31:45,46,60,0,57,18.714,44.568
2026-06-02 11:36:45,47,57,0,44,18.677,44.687
2026-06-02 11:41:45,49,60,0,69,18.399,45.671
2026-06-02 11:46:45,50,63,0,64,18.826,45.85
2026-06-02 11:51:45,52,63,0,70,19.189,44.87
2026-06-02 11:56:45,55,68,0,74,19.064,45.186
2026-06-02 12:01:45,51,62,0,76,19.702,42.495
2026-06-02 12:06:45,51,63,0,74,20.177,42.732
2026-06-02 12:11:45,49,62,0,66,20.071,43.022
2026-06-02 12:16:45,47,60,0,34,19.705,44.54
2026-06-02 12:21:45,47,56,0,27,19.625,43.157
2026-06-02 12:26:45,49,61,0,59,20.343,43.062
2026-06-02 12:31:45,52,64,0,96,19.961,44.452
2026-06-02 12:36:45,50,61,0,76,20.284,43.262
2026-06-02 12:41:45,51,64,0,85,20.65,43.243
2026-06-02 12:46:45,49,60,0,87,21.024,41.448
2026-06-02 12:51:45,50,61,0,84,21.013,41.028
2026-06-02 12:56:45,48,61,0,112,21.262,41.013
2026-06-02 13:01:45,47,56,0,85,21.36,38.398
2026-06-02 13:06:45,44,55,0,78,22.586,36.947
2026-06-02 13:11:45,44,56,0,68,22.191,37.021
2026-06-02 13:16:46,45,55,0,103,24.14,32.359
2026-06-02 13:21:46,49,61,0,67,24.108,31.713
2026-06-02 13:26:46,45,57,0,72,24.343,31.196
2026-06-02 13:31:46,44,53,0,61,23.844,31.888
2026-06-02 13:36:46,45,55,0,52,23.534,32.697
2026-06-02 13:41:55,37,45,0,34,22.479,32.05
2026-06-02 13:46:46,39,47,0,39,22.388,31.177
2026-06-02 13:51:46,37,42,0,37,23.003,30.164
2026-06-02 13:56:46,46,57,0,42,24.031,29.674
2026-06-02 14:01:47,34,39,0,12,23.694,28.583
2026-06-02 14:06:46,35,44,0,6,22.501,30.11
2026-06-02 14:11:47,38,45,0,5,21.227,33.645
2026-06-02 14:16:46,38,45,0,3,20.69,34.406
2026-06-02 14:21:46,38,46,0,0,20.335,36.285
2026-06-02 14:26:47,36,42,0,0,20.479,34.524
2026-06-02 14:31:46,38,46,0,5,20.768,35.882
2026-06-02 14:36:46,35,41,0,0,20.978,34.48
2026-06-02 14:41:46,34,40,0,0,21.312,33.75
2026-06-02 14:46:46,34,40,0,0,20.407,33.488
2026-06-02 14:51:47,35,38,0,0,20.412,34.608
2026-06-02 14:56:46,34,38,0,15,20.562,36.594
2026-06-02 15:01:47,33,38,0,0,20.466,35.562
2026-06-02 15:06:46,33,39,0,17,20.743,34.837
2026-06-02 15:11:55,31,35,0,0,20.642,33.885
2026-06-02 15:16:46,45,54,0,31,20.653,33.279
2026-06-02 15:21:46,32,34,0,0,20.188,34.995
2026-06-02 15:26:46,34,40,0,12,20.172,34.986
2026-06-02 15:31:47,30,34,0,0,19.916,31.846
2026-06-02 15:36:47,27,28,0,7,19.985,30.788
2026-06-02 15:41:46,27,29,0,8,20.148,30.189
2026-06-02 15:46:46,28,28,0,19,19.969,29.91
2026-06-02 15:51:46,25,27,0,22,20.039,30.383
2026-06-02 15:56:54,25,26,0,25,19.686,31.518
2026-06-02 16:02:25,26,27,0,15,19.435,32.17
2026-06-02 16:06:47,25,26,0,48,19.558,31.772
2026-06-02 16:11:46,29,33,0,31,19.294,31.726
2026-06-02 16:16:48,29,30,0,51,19.109,32.447
2026-06-02 16:21:47,28,29,0,22,18.898,33.559
2026-06-02 16:26:48,29,32,0,23,18.703,33.761
2026-06-02 16:31:48,28,30,0,22,18.631,33.929
2026-06-02 16:36:48,28,32,0,14,18.434,34.373
2026-06-02 16:41:48,29,32,0,38,18.359,35.081
2026-06-02 16:46:48,30,33,0,12,18.148,35.461
2026-06-02 16:51:48,32,33,0,4,17.884,36.283
2026-06-02 16:56:48,30,33,0,13,17.769,37.582
2026-06-02 17:01:48,29,34,0,18,17.48,38.739
2026-06-02 17:07:17,29,32,0,18,17.272,39.167
2026-06-02 17:12:17,33,38,0,7,17.016,40.624
2026-06-02 17:16:55,33,39,0,7,16.861,40.748
2026-06-02 17:21:47,32,36,0,0,16.743,41.055
2026-06-02 17:26:48,33,37,0,13,16.706,39.773
2026-06-02 17:31:47,27,27,0,0,16.727,38.724
2026-06-02 17:36:48,27,28,0,0,16.81,37.633
2026-06-02 17:41:48,29,35,0,7,16.701,37.639
2026-06-02 17:46:48,26,28,0,0,16.727,37.601
2026-06-02 17:51:48,25,28,0,21,16.562,38.732
2026-06-02 17:57:09,26,30,0,30,16.522,38.783
2026-06-02 18:01:48,23,27,0,4,16.45,39.489
2026-06-02 18:06:57,25,29,0,0,16.423,40.273
2026-06-02 18:11:48,28,28,0,14,16.295,40.525
2026-06-02 18:16:48,27,29,0,0,16.345,40.5
2026-06-02 18:21:48,26,28,0,51,16.263,40.777
2026-06-02 18:26:48,31,37,0,0,16.204,41.118
2026-06-02 18:31:48,27,27,0,27,16.049,42.224
2026-06-02 18:36:48,26,27,0,8,15.972,42.701
2026-06-02 18:41:48,25,28,0,4,15.988,42.264
2026-06-02 18:46:48,26,28,0,10,16.017,42.423
2026-06-02 18:51:48,31,34,0,5,15.956,42.762
2026-06-02 18:56:48,29,33,0,9,15.942,42.619
2026-06-02 19:01:48,26,26,0,18,15.94,42.852
2026-06-02 19:06:48,25,29,0,15,16.068,41.843
2026-06-02 19:11:48,32,37,0,57,15.838,42.871
2026-06-02 19:16:49,29,31,0,33,15.846,42.861
2026-06-02 19:21:49,27,30,0,43,15.734,43.598
2026-06-02 19:26:49,39,46,0,51,15.734,43.851
2026-06-02 19:31:49,29,29,0,47,15.667,44.397
2026-06-02 19:36:49,35,41,0,73,15.528,45.463
2026-06-02 19:41:49,41,51,0,127,15.077,48.126
2026-06-02 19:46:49,41,50,0,115,14.818,49.188
2026-06-02 19:51:49,45,55,0,183,14.602,49.837
2026-06-02 19:56:49,34,41,0,99,14.332,50.609
2026-06-02 20:01:59,38,45,0,54,14.177,52.078
2026-06-02 20:06:49,32,36,0,112,14.062,51.713
2026-06-02 20:11:49,41,49,0,142,13.931,52.801
2026-06-02 20:16:50,39,45,0,128,13.662,52.766
2026-06-02 20:21:49,39,45,0,113,13.766,52.116
2026-06-02 20:26:49,26,28,0,66,13.632,50.661
2026-06-02 20:31:49,26,26,0,98,13.574,51.088
2026-06-02 20:36:49,26,27,0,61,13.63,51.116
2026-06-02 20:41:49,22,24,0,79,13.659,51.362
2026-06-02 20:46:49,24,25,0,67,13.619,51.136
2026-06-02 20:51:49,26,28,0,77,13.379,53.194
2026-06-02 20:56:50,36,47,0,215,13.261,54.204
2026-06-02 21:01:50,32,35,0,84,12.984,55.83
2026-06-02 21:06:49,35,44,0,86,12.743,57.13
2026-06-02 21:11:50,42,50,0,164,12.567,57.512
2026-06-02 21:16:49,43,50,0,132,12.319,58.172
2026-06-02 21:21:49,40,50,0,119,12.102,58.639
2026-06-02 21:26:59,37,42,0,94,11.958,58.532
2026-06-02 21:31:50,34,41,0,96,11.648,59.829
2026-06-02 21:36:50,31,32,0,129,11.68,58.584
2026-06-02 21:41:50,30,31,0,117,11.485,60.287
2026-06-02 21:46:50,51,63,0,155,11.275,60.724
2026-06-02 21:51:50,43,52,0,149,11.104,61.498
2026-06-02 21:56:49,31,36,0,105,11.018,62.311
2026-06-02 22:02:01,32,35,0,98,10.946,62.858
2026-06-02 22:06:50,47,58,0,185,10.77,63.953
2026-06-02 22:11:50,55,69,0,198,10.473,64.598
2026-06-02 22:16:51,76,83,0,296,10.11,65.616
2026-06-02 22:21:51,55,69,0,200,9.974,65.643
2026-06-02 22:26:51,53,68,0,137,9.862,66.593
2026-06-02 22:31:51,50,60,0,133,9.643,66.44
2026-06-02 22:36:51,47,59,0,126,9.603,66.036
2026-06-02 22:41:51,36,44,0,82,9.552,66.717
2026-06-02 22:46:51,37,41,0,87,9.341,67.394
2026-06-02 22:51:51,35,43,0,69,9.432,66.94
2026-06-02 22:56:50,35,41,0,81,9.4,66.869
2026-06-02 23:01:51,35,37,0,76,9.298,67.749
2026-06-02 23:06:50,32,38,0,70,9.234,68.523
2026-06-02 23:11:51,33,37,0,70,9.282,67.632
2026-06-02 23:16:50,33,37,0,86,9.189,66.976
2026-06-02 23:21:51,30,34,0,84,9.186,67.293
2026-06-02 23:26:51,31,31,0,72,9.186,67.539
2026-06-02 23:31:51,32,37,0,82,8.588,68.308
2026-06-02 23:36:50,31,34,0,68,8.847,67.672
2026-06-02 23:41:51,35,39,0,111,8.853,68.191
2026-06-02 23:46:51,38,42,0,143,8.77,68.512
2026-06-02 23:51:51,32,37,0,86,8.746,68.111
2026-06-02 23:56:51,30,31,0,84,8.791,68.306
2026-06-03 00:02:12,31,38,0,84,8.527,69.296
2026-06-03 00:06:51,28,29,0,92,8.425,69.704
2026-06-03 00:11:51,30,32,0,92,8.433,69.933
2026-06-03 00:16:51,36,40,0,131,8.324,70.057
2026-06-03 00:21:50,67,80,0,281,8.383,70.623
2026-06-03 00:26:51,55,69,0,231,8.276,70.642
2026-06-03 00:31:51,39,48,0,123,8.401,68.929
2026-06-03 00:36:51,33,38,0,92,8.212,70.055
2026-06-03 00:41:51,61,76,0,247,8.396,68.367
2026-06-03 00:46:51,133,145,0,425,8.652,63.993
2026-06-03 00:51:51,55,69,0,163,8.957,61.182
2026-06-03 00:56:51,40,48,0,137,8.855,62.309
2026-06-03 01:01:51,42,53,0,150,9.021,60.482
2026-06-03 01:06:51,39,44,0,122,9.176,59.528
2026-06-03 01:11:51,39,44,0,134,9.52,56.72
2026-06-03 01:16:52,40,48,0,191,9.496,54.586
2026-06-03 01:21:52,41,50,0,134,9.587,52.936
2026-06-03 01:26:52,41,49,0,126,9.758,53.77
2026-06-03 01:31:52,39,46,0,133,9.768,54.588
2026-06-03 01:36:52,38,45,0,129,9.819,54.76
2026-06-03 01:41:52,41,49,0,143,9.696,55.723
2026-06-03 01:46:52,39,45,0,152,9.555,55.637
2026-06-03 01:51:52,37,46,0,124,9.579,56.03
2026-06-03 01:56:52,52,66,0,156,9.672,56.707
2026-06-03 02:01:52,52,66,0,227,9.744,57.02
2026-06-03 02:06:52,47,57,0,153,9.851,52.507
2026-06-03 02:11:52,45,56,0,145,10.011,53.661
2026-06-03 02:16:52,42,51,0,148,9.833,54.04
2026-06-03 02:21:52,39,50,0,114,9.344,56.531
2026-06-03 02:26:52,40,49,0,106,9.229,55.694
2026-06-03 02:32:02,43,51,0,116,9.453,55.77
2026-06-03 02:36:52,39,46,0,121,9.328,56.789
2026-06-03 02:41:52,39,49,0,140,9.176,58.307
2026-06-03 02:46:52,39,46,0,115,9.13,58.755
2026-06-03 02:51:53,42,49,0,133,9.09,56.415
2026-06-03 02:56:52,39,46,0,127,8.994,56.789
2026-06-03 03:01:52,38,47,0,124,8.909,56.856
2026-06-03 03:06:52,39,49,0,127,8.818,57.895
2026-06-03 03:11:53,46,59,0,146,9.314,54.595
2026-06-03 03:16:52,51,62,0,127,9.934,50.577
2026-06-03 03:21:53,41,49,0,118,10.081,50.466
2026-06-03 03:26:52,38,44,0,108,10.11,50.155
2026-06-03 03:31:53,35,37,0,104,9.945,49.991
2026-06-03 03:36:53,36,41,0,106,9.71,49.488
2026-06-03 03:41:52,36,42,0,118,9.889,50.163
2026-06-03 03:46:52,37,44,0,116,9.846,49.854
2026-06-03 03:51:53,36,38,0,107,9.865,50.092
2026-06-03 03:56:53,35,40,0,127,9.627,51.206
2026-06-03 04:01:53,38,42,0,94,9.576,52.303
2026-06-03 04:06:52,36,41,0,103,9.568,52.799
2026-06-03 04:11:52,36,39,0,96,9.696,50.264
2026-06-03 04:16:54,36,39,0,130,9.507,52.473
2026-06-03 04:21:54,32,36,0,97,9.504,51.511
2026-06-03 04:26:54,35,38,0,89,9.416,51.843
2026-06-03 04:31:54,32,37,0,88,9.421,52.434
2026-06-03 04:36:54,35,39,0,97,9.347,53.131
2026-06-03 04:41:53,32,34,0,85,9.069,55.885
2026-06-03 04:46:53,36,41,0,84,9.069,55.631
2026-06-03 04:51:54,31,35,0,81,9.031,56.98
2026-06-03 04:56:54,35,39,0,82,8.981,57.92
2026-06-03 05:01:54,32,34,0,83,8.775,57.035
2026-06-03 05:06:54,35,41,0,100,8.626,57.054
2026-06-03 05:11:53,33,38,0,104,8.626,57.39
2026-06-03 05:16:54,33,34,0,80,8.618,58.008
2026-06-03 05:21:54,33,36,0,91,8.489,58.008
2026-06-03 05:26:54,35,37,0,90,8.54,57.64
2026-06-03 05:32:00,33,39,0,78,8.473,59.991
2026-06-03 05:37:02,35,41,0,89,8.46,58.965
2026-06-03 05:42:04,32,38,0,89,8.412,61.556
2026-06-03 05:46:54,33,39,0,86,8.204,62.015
2026-06-03 05:51:54,33,40,0,79,8.129,62.055
2026-06-03 05:56:53,36,38,0,86,7.822,63.429
2026-06-03 06:01:54,30,32,0,79,7.918,62.107
2026-06-03 06:06:54,33,38,0,79,7.979,63.036
2026-06-03 06:11:54,35,43,0,83,7.816,62.875
2026-06-03 06:16:54,33,37,0,75,7.894,63.764
2026-06-03 06:21:54,34,37,0,97,7.736,63.438
2026-06-03 06:26:54,32,34,0,96,7.913,64.23
2026-06-03 06:31:54,31,34,0,70,7.774,65.448
2026-06-03 06:36:54,30,35,0,59,7.632,66.162
2026-06-03 06:41:54,31,35,0,77,7.437,65.49
2026-06-03 06:46:54,33,37,0,84,7.766,64.323
2026-06-03 06:51:54,32,35,0,71,7.787,65.683
2026-06-03 06:56:54,30,33,0,74,7.718,66.313
2026-06-03 07:01:54,34,35,0,76,7.632,66.002
2026-06-03 07:06:54,31,34,0,72,7.664,65.933
2026-06-03 07:11:54,28,30,0,74,7.707,65.626
2026-06-03 07:16:56,30,32,0,161,7.552,65.637
2026-06-03 07:21:55,36,39,0,132,7.44,66.549
2026-06-03 07:26:55,34,38,0,151,7.4,66.219
2026-06-03 07:31:55,34,41,0,157,7.611,65.534
2026-06-03 07:36:56,36,41,0,170,7.771,65.632
2026-06-03 07:41:55,34,39,0,176,7.734,65.338
2026-06-03 07:46:56,37,42,0,189,7.779,65.368
2026-06-03 07:51:55,34,39,0,131,7.699,66.133
2026-06-03 07:56:56,34,37,0,113,8.113,65.3
2026-06-03 08:01:55,34,38,0,133,8.212,65.559
2026-06-03 08:06:55,37,41,0,142,8.22,64.987
2026-06-03 08:11:55,41,47,0,130,8.212,63.965
2026-06-03 08:16:55,39,43,0,95,8.5,63.705
2026-06-03 08:21:56,37,42,0,101,8.692,63.076
2026-06-03 08:26:55,33,39,0,99,8.898,60.091
2026-06-03 08:31:55,33,39,0,100,9.306,56.001
2026-06-03 08:36:55,30,34,0,118,9.843,52.894
2026-06-03 08:41:55,35,41,0,113,10.324,49.455
2026-06-03 08:46:55,35,38,0,113,10.57,49.945
2026-06-03 08:51:55,30,31,0,110,10.735,49.541
2026-06-03 08:56:55,29,30,0,96,10.927,48.973
2026-06-03 09:01:55,30,36,0,107,11.146,47.162
2026-06-03 09:06:55,34,36,0,103,11.55,43.466
2026-06-03 09:11:55,29,30,0,115,11.921,40.872
2026-06-03 09:16:55,26,29,0,110,12.433,38.436
2026-06-03 09:21:55,27,27,0,89,12.839,37.528
2026-06-03 09:26:55,26,28,0,108,13.21,36.889
2026-06-03 09:31:55,33,36,0,90,13.296,38.144
2026-06-03 09:36:55,33,36,0,98,13.341,38.821
2026-06-03 09:41:55,33,38,0,110,13.531,38.709
2026-06-03 09:46:56,32,35,0,115,13.507,39.876
2026-06-03 09:51:55,30,35,0,111,13.542,40.132
2026-06-03 09:56:55,30,37,0,107,13.59,41.232
2026-06-03 10:01:56,29,30,0,102,13.873,40.832
2026-06-03 10:06:56,30,34,0,107,13.956,42.974
2026-06-03 10:11:55,28,31,0,97,14.305,40.286
2026-06-03 10:16:57,32,35,0,133,14.506,40.258
2026-06-03 10:22:05,30,34,0,107,14.714,39.663
2026-06-03 10:26:56,29,33,0,89,14.981,39.846
2026-06-03 10:31:56,29,32,0,88,15.024,39.794
2026-06-03 10:36:57,31,34,0,102,15.694,39.493
2026-06-03 10:41:56,32,34,0,124,15.838,39.251
2026-06-03 10:46:57,32,35,0,106,15.504,40.099
2026-06-03 10:51:56,32,35,0,104,16.41,38.667
2026-06-03 10:56:57,30,36,0,105,16.984,37.626
2026-06-03 11:01:56,30,34,0,102,17.472,35.995
2026-06-03 11:07:05,35,41,0,96,17.734,36.031
2026-06-03 11:11:56,32,37,0,92,18.196,36.416
2026-06-03 11:16:57,32,34,0,82,18.303,36.51
2026-06-03 11:21:56,30,35,0,75,18.33,35.733
2026-06-03 11:26:57,32,35,0,82,18.81,36.266
2026-06-03 11:31:56,35,44,0,94,19.072,35.316
2026-06-03 11:36:57,33,37,0,89,19.507,34.394
2026-06-03 11:41:57,32,37,0,91,19.782,33.214
2026-06-03 11:46:57,33,39,0,84,20.151,32.455
2026-06-03 11:51:56,32,35,0,245,19.926,33.353
2026-06-03 11:57:04,30,34,0,80,20.613,32.993
2026-06-03 12:02:06,32,37,0,77,20.746,32.76
2026-06-03 12:06:57,32,37,0,75,20.97,33.168
2026-06-03 12:11:56,31,35,0,76,20.872,33.525
2026-06-03 12:17:03,31,36,0,71,20.517,33.565
2026-06-03 12:21:56,33,35,0,72,21.096,32.981
2026-06-03 12:26:57,33,37,0,63,21.299,31.785
2026-06-03 12:31:57,32,35,0,75,21.336,31.64
2026-06-03 12:36:56,33,36,0,69,21.569,32.226
2026-06-03 12:41:57,32,36,0,59,21.953,31.284
2026-06-03 12:46:56,34,39,0,56,22.02,30.551
2026-06-03 12:51:57,33,38,0,71,22.503,31.757
2026-06-03 12:56:56,30,33,0,47,22.453,30.528
2026-06-03 13:01:57,31,35,0,55,22.669,30.067
2026-06-03 13:06:57,32,34,0,53,22.685,29.403
2026-06-03 13:11:56,29,31,0,50,22.615,30.753
2026-06-03 13:16:58,32,37,0,62,23.045,29.494
2026-06-03 13:21:58,32,36,0,51,20.5,32.277
2026-06-03 13:26:58,32,36,0,48,21.844,29.79
2026-06-03 13:31:58,32,37,0,44,22.151,28.989
2026-06-03 13:36:58,32,37,0,54,22.872,28.146
2026-06-03 13:41:58,32,36,0,49,22.754,28.878
2026-06-03 13:46:58,33,37,0,47,23.43,28.329
2026-06-03 13:51:58,33,38,0,64,23.55,28.316
2026-06-03 13:56:58,33,40,0,59,22.543,29.878
2026-06-03 14:01:58,28,29,0,57,23.521,29.266
2026-06-03 14:06:58,24,25,0,39,23.75,25.72
2026-06-03 14:11:58,32,36,0,35,24.039,25.378
2026-06-03 14:16:58,32,35,0,167,24.423,26.624
2026-06-03 14:21:58,28,29,0,38,24.172,27.249
2026-06-03 14:26:58,30,33,0,51,24.463,27.396
2026-06-03 14:31:58,29,32,0,41,24.434,27.251
2026-06-03 14:36:58,32,37,0,56,23.889,27.957
2026-06-03 14:41:58,32,33,0,38,24.904,25.264
2026-06-03 14:46:58,22,24,0,13,24.971,23.519
2026-06-03 14:51:58,22,22,0,72,25.035,23.549
2026-06-03 14:56:59,21,23,0,0,24.952,22.967
2026-06-03 15:01:58,19,21,0,3,25.2,23.551
2026-06-03 15:06:58,17,17,0,0,24.813,22.872
2026-06-03 15:11:58,22,24,0,0,24.874,23.503
2026-06-03 15:16:58,16,19,0,5,24.383,23.856
2026-06-03 15:21:58,20,23,0,1,23.983,24.224
2026-06-03 15:26:59,20,23,0,21,24.455,23.889
2026-06-03 15:31:58,25,27,0,26,24.111,25.193
2026-06-03 15:36:58,23,25,0,62,23.846,26.04
2026-06-03 15:41:59,23,24,0,25,24.359,25.691
2026-06-03 15:46:58,23,25,0,40,24.22,27.408
2026-06-03 15:51:59,23,25,0,59,24.306,28.092
2026-06-03 15:56:58,25,25,0,62,24.028,29.708
2026-06-03 16:02:25,25,26,0,50,24.183,30.517
2026-06-03 16:06:59,25,26,0,74,24.039,33.065
2026-06-03 16:11:59,32,36,0,145,23.777,34.253
2026-06-03 16:17:00,35,44,0,197,23.483,36.247
2026-06-03 16:21:59,37,44,0,163,23.203,37.343
2026-06-03 16:27:00,39,45,0,193,22.856,37.912
2026-06-03 16:31:59,38,44,0,155,22.378,39.188
2026-06-03 16:36:59,33,36,0,121,21.617,35.609
2026-06-03 16:42:00,32,36,0,104,21.699,36.533
2026-06-03 16:47:00,29,33,0,88,21.213,36.197
2026-06-03 16:52:00,35,40,0,113,21.117,37.25
2026-06-03 16:57:00,32,35,0,105,20.882,37.303
2026-06-03 17:02:00,35,40,0,118,20.509,38.171
2026-06-03 17:06:59,33,36,0,90,20.167,37.086
2026-06-03 17:12:00,29,34,0,90,19.956,36.941
2026-06-03 17:16:59,23,24,0,89,19.633,38.928
2026-06-03 17:22:00,24,26,0,82,19.414,39.157
2026-06-03 17:27:01,22,23,0,96,19.045,39.953
2026-06-03 17:32:00,26,28,0,76,18.714,37.82
2026-06-03 17:37:00,22,22,0,59,18.741,37.112
2026-06-03 17:42:00,25,27,0,59,18.677,37.481
2026-06-03 17:47:00,23,26,0,109,18.164,41.566
2026-06-03 17:52:00,11,12,0,99,17.197,45.709
2026-06-03 17:57:00,12,14,0,90,17.366,45.337
2026-06-03 18:01:59,14,17,0,129,16.936,47.134
2026-06-03 18:07:00,16,17,0,172,16.69,48.463
2026-06-03 18:12:00,13,15,0,101,16.177,47.719
2026-06-03 18:16:59,20,23,0,197,16.335,49.056
2026-06-03 18:22:07,34,39,0,276,16.078,50.664
2026-06-03 18:27:00,41,49,0,1365,15.774,51.265
2026-06-03 18:32:00,40,47,0,469,15.555,52.562
2026-06-03 18:37:00,25,27,0,172,15.285,52.728
2026-06-03 18:42:00,21,24,0,140,15.112,52.49
2026-06-03 18:47:00,23,24,0,134,14.981,55.728
2026-06-03 18:52:00,26,27,0,123,14.853,57.283
2026-06-03 18:57:00,30,33,0,135,14.735,58.668
2026-06-03 19:02:00,28,30,0,121,14.612,59.501
2026-06-03 19:07:00,29,29,0,131,14.388,59.208
2026-06-03 19:12:00,28,30,0,106,14.345,60.257
2026-06-03 19:17:01,29,33,0,159,14.142,61.336
2026-06-03 19:22:04,30,31,0,99,13.996,62.202
2026-06-03 19:27:01,29,29,0,187,13.758,63.062
2026-06-03 19:32:01,30,31,0,146,13.726,62.854
2026-06-03 19:37:01,28,30,0,106,13.507,63.686
2026-06-03 19:42:01,28,33,0,100,13.299,63.617
2026-06-03 19:47:01,29,30,0,112,13.347,63.68
2026-06-03 19:52:01,28,29,0,123,13.283,61.723
2026-06-03 19:57:01,27,30,0,121,13.253,63.6
2026-06-03 20:02:01,26,27,0,93,13.219,63.049
2026-06-03 20:07:08,26,27,0,103,13.106,62.349
2026-06-03 20:12:01,28,31,0,140,12.981,62.776
2026-06-03 20:17:01,29,29,0,153,12.893,63.041
2026-06-03 20:22:01,27,30,0,137,12.741,63.957
2026-06-03 20:27:01,30,32,0,150,12.671,64.388
2026-06-03 20:32:01,73,79,0,323,12.495,65.349
2026-06-03 20:37:01,199,211,0,615,12.396,65.263
2026-06-03 20:42:01,107,114,0,387,12.292,65.817
2026-06-03 20:47:01,68,76,0,286,12.065,66.459
2026-06-03 20:52:01,40,48,0,124,12.022,66.238
2026-06-03 20:57:01,34,36,0,90,11.883,66.478
2026-06-03 21:02:01,31,36,0,93,11.675,67.281
2026-06-03 21:07:01,44,54,0,134,11.558,67.56
2026-06-03 21:12:01,28,31,0,86,11.307,67.949
2026-06-03 21:17:02,31,38,0,91,11.352,67.329
2026-06-03 21:22:01,28,28,0,83,11.04,68.027
2026-06-03 21:27:02,33,36,0,120,10.965,69.109
2026-06-03 21:32:02,35,39,0,125,10.917,69.404
2026-06-03 21:37:01,34,38,0,117,10.85,69.332
2026-06-03 21:42:01,35,39,0,125,10.829,69.784
2026-06-03 21:47:01,29,31,0,113,10.537,70.204
2026-06-03 21:52:02,26,28,0,108,10.508,70.316
2026-06-03 22:07:01,51,64,0,195,10.505,71.039
2026-06-03 22:12:02,28,29,0,130,10.308,71.008
2026-06-03 22:17:02,37,43,0,222,10.441,67.81
2026-06-03 22:22:02,40,46,0,137,10.495,66.875
2026-06-03 22:27:03,35,42,0,130,10.524,66.41
2026-06-03 22:32:02,46,54,0,150,10.505,67.203
2026-06-03 22:37:03,92,97,0,309,10.332,68.556
2026-06-03 22:42:02,60,73,0,229,10.07,69.124
2026-06-03 22:47:02,47,58,0,152,10.134,68.945
2026-06-03 22:52:03,36,45,0,105,10.105,69.029
2026-06-03 22:57:02,38,44,0,99,10.081,68.746
2026-06-03 23:02:03,35,39,0,119,9.918,68.701
2026-06-03 23:07:02,36,39,0,119,9.854,69.111
2026-06-03 23:12:03,36,40,0,126,9.619,69.944
2026-06-03 23:17:03,34,37,0,178,9.549,70.099
2026-06-03 23:22:03,35,39,0,118,9.512,71.026
2026-06-03 23:27:02,34,39,0,110,9.48,71.665
2026-06-03 23:32:03,33,36,0,142,9.408,71.731
2026-06-03 23:37:03,44,52,0,298,9.555,71.422
2026-06-03 23:42:03,54,66,0,263,9.539,71.6
2026-06-03 23:47:02,49,60,0,189,9.464,71.523
2026-06-03 23:52:03,35,39,0,138,9.451,71.64
2026-06-03 23:57:02,36,39,0,122,9.531,71.365
2026-06-04 00:02:03,38,47,0,144,9.405,71.281
2026-06-04 00:07:03,35,38,0,130,9.253,71.55
2026-06-04 00:12:03,36,43,0,126,9.373,69.607
2026-06-04 00:17:03,33,37,0,92,9.098,70.978
2026-06-04 00:22:03,35,38,0,90,9.125,70.844
2026-06-04 00:27:03,36,42,0,154,9.114,71.409
2026-06-04 00:32:03,36,45,0,116,8.925,71.878
2026-06-04 00:37:12,39,49,0,168,8.869,70.177
2026-06-04 00:42:03,40,46,0,124,8.746,70.537
2026-06-04 00:47:03,55,68,0,186,8.682,70.717
2026-06-04 00:52:03,45,55,0,151,8.682,71.76
2026-06-04 00:57:03,41,48,0,131,8.46,72.111
2026-06-04 01:02:03,40,50,0,135,8.5,71.945
2026-06-04 01:07:03,37,43,0,106,8.375,72.187
2026-06-04 01:12:03,39,44,0,121,8.583,70.944
2026-06-04 01:17:04,40,46,0,191,8.476,71.134
2026-06-04 01:22:04,37,40,0,122,8.391,71.39
2026-06-04 01:27:04,40,47,0,146,8.415,70.804
2026-06-04 01:32:04,50,61,0,182,8.449,68.659
2026-06-04 01:37:04,47,56,0,159,8.375,69.929
2026-06-04 01:42:04,43,51,0,141,8.332,69.351
2026-06-04 01:47:04,40,52,0,136,8.241,70.717
2026-06-04 01:52:04,39,46,0,136,8.262,70.938
2026-06-04 01:57:04,37,43,0,98,8.102,72.582
2026-06-04 02:02:04,37,42,0,88,8.089,72.552
2026-06-04 02:07:04,41,50,0,149,8.225,69.916
2026-06-04 02:12:04,41,49,0,113,8.156,70.474
2026-06-04 02:17:04,38,44,0,113,7.856,71.682
2026-06-04 02:22:04,36,40,0,99,7.854,71.895
2026-06-04 02:27:04,41,49,0,129,7.934,70.52
2026-06-04 02:32:04,41,48,0,110,7.835,70.886
2026-06-04 02:37:04,44,54,0,149,8.222,67.083
2026-06-04 02:42:04,39,45,0,91,7.867,70.2
2026-06-04 02:47:04,40,50,0,104,7.715,70.751
2026-06-04 02:52:04,40,51,0,136,7.891,69.687
2026-06-04 02:57:04,45,55,0,126,7.95,68.832
2026-06-04 03:02:04,43,54,0,159,7.889,68.834
2026-06-04 03:07:04,41,53,0,147,7.832,68.571
2026-06-04 03:12:04,45,56,0,156,7.755,69.137
2026-06-04 03:17:04,49,62,0,183,7.75,70.276
2026-06-04 03:22:04,48,57,0,170,7.6,69.677
2026-06-04 03:27:04,43,52,0,130,7.381,71.029
2026-06-04 03:32:22,40,48,0,104,7.152,72.326
2026-06-04 03:37:04,44,52,0,130,7.232,72.002
2026-06-04 03:42:04,40,49,0,112,7.093,73.829
2026-06-04 03:47:04,40,47,0,113,7.141,73.341
2026-06-04 03:52:04,40,45,0,109,7.055,73.408
2026-06-04 03:57:04,40,47,0,110,7.063,73.368
2026-06-04 04:02:04,40,47,0,105,6.804,74.278
2026-06-04 04:07:04,45,55,0,181,6.81,74.365
2026-06-04 04:12:04,46,57,0,194,6.847,74.886
2026-06-04 04:17:06,42,52,0,256,6.644,75.336
2026-06-04 04:22:05,41,50,0,118,6.415,75.952
2026-06-04 04:27:25,39,46,0,122,6.473,75.064
2026-06-04 04:32:05,38,46,0,120,6.34,75.106
2026-06-04 04:37:05,40,45,0,106,6.431,74.901
2026-06-04 04:42:05,39,47,0,113,6.543,73.715
2026-06-04 04:47:05,38,45,0,100,6.468,74.56
2026-06-04 04:52:05,39,43,0,98,6.481,74.28
2026-06-04 04:57:06,38,43,0,120,6.543,72.38
2026-06-04 05:02:05,37,41,0,108,6.447,71.638
2026-06-04 05:07:05,38,43,0,118,6.479,72.798
2026-06-04 05:12:05,38,43,0,124,6.326,72.904
2026-06-04 05:17:06,34,35,0,97,6.46,71.829
2026-06-04 05:22:06,37,42,0,103,6.559,70.696
2026-06-04 05:27:14,35,38,0,106,6.775,70.371
2026-06-04 05:32:06,35,39,0,123,6.959,67.327
2026-06-04 05:37:06,35,36,0,125,7.202,65.122
2026-06-04 05:42:27,34,39,0,109,7.181,65.99
2026-06-04 05:47:06,35,41,0,119,7.119,65.744
2026-06-04 05:52:06,35,40,0,115,7.266,65.374
2026-06-04 05:57:05,33,34,0,107,7.309,65.54
2026-06-04 06:02:13,33,40,0,112,7.178,66.852
2026-06-04 06:07:05,34,35,0,103,7.133,66.896
2026-06-04 06:12:15,34,39,0,107,7.055,66.581
2026-06-04 06:17:05,31,35,0,117,6.911,67.024
2026-06-04 06:22:06,34,40,0,118,6.86,67.945
2026-06-04 06:27:06,36,38,0,108,6.615,68.935
2026-06-04 06:32:06,33,38,0,121,6.609,69.315
2026-06-04 06:37:05,35,36,0,112,6.564,69.225
2026-06-04 06:42:06,34,35,0,117,6.732,67.604
2026-06-04 06:47:05,32,32,0,121,6.532,68.399
2026-06-04 06:52:06,32,36,0,118,6.623,68.062
2026-06-04 06:57:06,35,35,0,109,6.591,68.449
2026-06-04 07:02:06,32,36,0,107,6.377,67.388
2026-06-04 07:07:06,34,36,0,106,6.569,66.681
2026-06-04 07:12:06,33,35,0,110,6.532,67.276
2026-06-04 07:17:07,37,42,0,235,6.382,68.701
2026-06-04 07:22:07,33,38,0,179,6.471,69.019
2026-06-04 07:27:07,37,39,0,164,6.505,68.647
2026-06-04 07:32:07,33,39,0,218,6.535,68.279
2026-06-04 07:37:07,32,35,0,206,6.495,68.083
2026-06-04 07:42:07,38,45,0,218,6.479,68.685
2026-06-04 07:47:07,31,33,0,200,6.548,67.342
2026-06-04 07:52:07,35,41,0,227,6.553,68.43
2026-06-04 07:57:07,34,41,0,207,6.66,68.149
2026-06-04 08:02:07,37,40,0,208,6.836,67.346
2026-06-04 08:07:07,35,39,0,209,6.903,67.539
2026-06-04 08:12:07,35,38,0,222,7.066,67.323
2026-06-04 08:17:07,31,35,0,157,7.221,66.246
2026-06-04 08:22:07,28,28,0,139,7.461,62.404
2026-06-04 08:27:07,27,28,0,133,7.902,60.762
2026-06-04 08:32:07,26,27,0,116,8.148,61.943
2026-06-04 08:37:13,27,29,0,106,8.401,59.761
2026-06-04 08:42:07,22,26,0,106,8.703,59.057
2026-06-04 08:47:07,28,29,0,110,8.957,58.546
2026-06-04 08:52:07,27,27,0,109,9.058,59.175
2026-06-04 08:57:07,29,30,0,136,8.957,61.002
2026-06-04 09:02:16,33,37,0,143,9.376,59.234
2026-06-04 09:07:07,32,34,0,145,9.403,59.419
2026-06-04 09:12:07,35,39,0,132,9.755,56.997
2026-06-04 09:17:07,33,38,0,125,10.172,55.662
2026-06-04 09:22:07,31,36,0,127,10.249,55.427
2026-06-04 09:27:07,31,33,0,151,10.866,52.886
2026-06-04 09:32:07,32,33,0,129,11.157,52.488
2026-06-04 09:37:07,28,33,0,131,11.493,51.277
2026-06-04 09:42:07,31,32,0,137,12.134,50.561
2026-06-04 09:47:07,28,36,0,125,12.439,47.544
2026-06-04 09:52:07,34,36,0,122,12.823,46.272
2026-06-04 09:57:07,30,35,0,92,13.208,45.45
2026-06-04 10:02:07,31,32,0,94,13.67,43.693
2026-06-04 10:07:07,30,31,0,91,14.895,41.896
2026-06-04 10:12:07,30,33,0,85,16.177,41.702
2026-06-04 10:17:09,32,35,0,142,16.604,40.277
2026-06-04 10:22:09,39,46,0,88,17.069,39.821
2026-06-04 10:27:08,58,70,0,110,17.87,36.956
2026-06-04 10:32:08,46,58,0,97,18.041,36.712
2026-06-04 10:37:08,42,51,0,88,19.067,35.775
2026-06-04 10:42:08,35,44,0,109,18.703,35.802
2026-06-04 10:47:08,35,42,0,82,19.854,33.183
2026-06-04 10:52:08,35,40,0,88,20.541,31.53
2026-06-04 10:57:08,34,39,0,104,20.829,30.412
2026-06-04 11:02:08,33,38,0,84,21.753,31.905
2026-06-04 11:07:08,36,42,0,95,22.177,30.204
2026-06-04 11:12:09,33,37,0,76,22.461,29.92
2026-06-04 11:17:08,33,39,0,85,22.164,30.091
2026-06-04 11:22:08,32,36,0,83,22.567,29.76
2026-06-04 11:27:08,28,33,0,64,22.8,27.703
2026-06-04 11:32:08,30,33,0,144,23.021,27.137
2026-06-04 11:37:09,33,39,0,58,22.274,28.077
2026-06-04 11:42:09,31,34,0,62,23.219,27.145
2026-06-04 11:47:09,32,36,0,61,23.43,27.15
2026-06-04 11:52:09,29,32,0,62,23.972,26.954
2026-06-04 11:57:08,28,29,0,48,23.462,27.831
2026-06-04 12:02:09,24,26,0,28,24.445,24.936
2026-06-04 12:07:09,22,22,0,43,25.059,25.8
2026-06-04 12:12:18,13,14,0,19,23.259,23.416
2026-06-04 12:17:09,10,11,0,0,23.39,23.185
2026-06-04 12:22:09,13,14,0,9,23.521,24.303
2026-06-04 12:27:09,16,17,0,3,22.864,25.043
2026-06-04 12:32:09,11,11,0,1,23.595,24.465
2026-06-04 12:37:09,5,6,0,0,23.798,24.251
2026-06-04 12:42:08,9,13,0,0,23.344,25.02
2026-06-04 12:47:09,11,12,0,0,22.768,26.523
2026-06-04 12:52:09,10,11,0,0,22.482,27.194
2026-06-04 12:57:09,12,16,0,0,22.554,27.49
2026-06-04 13:02:09,11,14,0,0,22.885,27.677
2026-06-04 13:07:09,12,12,0,0,22.655,28.287
2026-06-04 13:12:18,15,15,0,0,22.455,28.565
2026-06-04 13:17:10,16,16,0,11,22.346,28.909
2026-06-04 13:22:10,16,17,0,0,22.578,28.621
2026-06-04 13:27:10,14,15,0,0,22.607,28.596
2026-06-04 13:32:10,11,11,0,0,22.906,27.831
2026-06-04 13:37:10,15,16,0,0,22.778,27.894
2026-06-04 13:42:10,8,8,0,0,23.099,27.692
2026-06-04 13:47:10,11,13,0,0,22.8,28.415
2026-06-04 13:52:10,15,18,0,0,22.372,29.021
2026-06-04 13:57:10,16,18,0,6,22.663,29.258
2026-06-04 14:02:10,15,17,0,0,22.682,28.991
2026-06-04 14:07:10,18,19,0,3,22.581,29.54
2026-06-04 14:12:10,18,20,0,2,22.81,29.763
2026-06-04 14:17:10,18,18,0,0,22.482,30.234
2026-06-04 14:22:10,22,26,0,0,22.471,30.555
2026-06-04 14:27:10,19,19,0,3,22.682,30.893
2026-06-04 14:32:10,19,20,0,1,22.311,31.591
2026-06-04 14:37:10,23,24,0,6,22.031,32.357
2026-06-04 14:42:10,26,26,0,0,22.087,32.827
2026-06-04 14:47:10,26,26,0,7,22.177,33.536
2026-06-04 14:52:10,23,25,0,4,22.113,34.028
2026-06-04 14:57:10,25,26,0,0,22.314,35.314
2026-06-04 15:02:10,22,25,0,0,22.471,35.722
2026-06-04 15:07:10,26,26,0,0,22.068,36.971
2026-06-04 15:12:10,27,27,0,0,21.79,38.436
2026-06-04 15:17:10,24,25,0,0,21.438,39.945
2026-06-04 15:22:10,25,27,0,0,21,41.848
2026-06-04 15:27:10,26,28,0,2,20.503,43.485
2026-06-04 15:32:10,25,27,0,1,20.071,45.566
2026-06-04 15:37:17,27,29,0,0,19.598,47.468
2026-06-04 15:42:10,26,27,0,4,19.36,49.343
2026-06-04 15:47:10,30,31,0,1,18.944,51.092
2026-06-04 15:52:10,27,30,0,0,18.778,51.717
2026-06-04 15:57:21,32,33,0,0,18.602,52.934
2026-06-04 16:02:27,29,33,0,0,18.573,53.121
2026-06-04 16:07:10,33,35,0,0,18.145,54.716
2026-06-04 16:12:10,29,34,0,1,18.207,55.084
2026-06-04 16:17:11,27,28,0,30,18.223,55.065
2026-06-04 16:22:11,29,32,0,12,17.86,56.47
2026-06-04 16:27:11,33,37,0,2,17.886,56.325
2026-06-04 16:32:12,33,35,0,0,17.609,57.598
2026-06-04 16:37:12,32,35,0,0,17.638,57.785
2026-06-04 16:42:11,33,38,0,4,17.611,57.899
2026-06-04 16:47:11,33,36,0,5,17.48,58.611
2026-06-04 16:52:12,29,33,0,0,17.403,59.16
2026-06-04 16:57:11,32,37,0,0,17.042,60.457
2026-06-04 17:02:12,33,37,0,0,17.082,60.161
2026-06-04 17:07:11,30,34,0,0,17.045,59.888
2026-06-04 17:12:12,33,38,0,0,16.992,60.073
2026-06-04 17:17:12,32,36,0,0,16.978,60.026
2026-06-04 17:22:12,32,36,0,0,16.933,60.194
2026-06-04 17:27:11,34,38,0,0,16.647,61.739
2026-06-04 17:32:12,35,40,0,0,16.588,62.24
2026-06-04 17:37:11,34,40,0,5,16.498,62.681
2026-06-04 17:42:12,34,39,0,3,16.402,63.011
2026-06-04 17:47:12,33,36,0,0,16.508,62.008
2026-06-04 17:52:12,33,37,0,4,16.375,62.967
2026-06-04 17:57:12,34,39,0,0,16.255,63.202
2026-06-04 18:02:11,32,37,0,0,16.188,63.404
2026-06-04 18:07:12,37,45,0,37,16.241,63.106
2026-06-04 18:12:12,34,39,0,40,16.14,64.176
2026-06-04 18:17:11,32,38,0,37,15.913,65.239
2026-06-04 18:22:12,32,36,0,12,15.822,65.378
2026-06-04 18:27:12,34,41,0,5,15.921,64.832
2026-06-04 18:32:12,33,41,0,0,15.667,66.805
2026-06-04 18:37:12,33,39,0,1,15.574,67.018
2026-06-04 18:42:21,37,42,0,5,15.619,66.787
2026-06-04 18:47:12,36,41,0,8,15.454,67.699
2026-06-04 18:52:12,34,41,0,8,15.392,67.901
2026-06-04 18:57:21,35,40,0,20,15.224,68.943
2026-06-04 19:02:12,38,45,0,31,15.173,69.187
2026-06-04 19:07:11,35,44,0,28,14.994,69.872
2026-06-04 19:12:12,38,45,0,27,15.069,69.143
2026-06-04 19:17:13,39,46,0,54,14.922,69.837
2026-06-04 19:22:13,40,49,0,18,14.762,70.631
2026-06-04 19:27:13,57,71,0,57,14.647,71.367
2026-06-04 19:32:13,35,46,0,15,14.652,71.398
2026-06-04 19:37:13,41,51,0,12,14.495,72.09
2026-06-04 19:42:13,37,45,0,0,14.572,71.687
2026-06-04 19:47:13,36,45,0,7,14.436,72.244
2026-06-04 19:52:23,39,47,0,22,14.316,72.967
2026-06-04 19:57:13,38,46,0,17,14.343,72.983
2026-06-04 20:02:19,40,49,0,14,14.399,72.059
2026-06-04 20:07:13,42,52,0,8,14.092,74.163
2026-06-04 20:12:13,42,49,0,5,14.089,74.304
2026-06-04 20:17:13,39,49,0,0,14.084,74.278
2026-06-04 20:22:13,44,51,0,1,13.966,75.271
2026-06-04 20:27:13,43,51,0,9,13.531,77.598
2026-06-04 20:32:13,43,51,0,8,13.232,79.275
2026-06-04 20:37:13,46,56,0,11,13.181,79.672
2026-06-04 20:42:13,41,48,0,15,13.109,80.023
2026-06-04 20:47:13,43,52,0,14,12.989,80.954
2026-06-04 20:52:13,44,55,0,25,12.751,82.293
2026-06-04 20:57:13,46,55,0,20,12.575,83.639
2026-06-04 21:02:13,44,52,0,19,12.639,83.237
2026-06-04 21:07:13,42,51,0,19,12.631,82.939
2026-06-04 21:12:13,47,58,0,16,12.538,83.679
2026-06-04 21:17:13,42,52,0,36,12.556,83.376
2026-06-04 21:22:13,42,51,0,15,12.492,83.796
2026-06-04 21:27:13,44,53,0,31,12.583,82.819
2026-06-04 21:32:13,44,54,0,53,12.62,82.727
2026-06-04 21:37:28,45,54,0,51,12.385,84.135
2026-06-04 21:42:13,44,52,0,38,12.412,83.973
2026-06-04 21:47:13,45,57,0,42,12.198,85.056
2026-06-04 21:52:13,47,59,0,35,12.113,86.367
2026-06-04 21:57:13,49,61,0,71,12.188,85.268
2026-06-04 22:02:13,46,57,0,79,12.228,84.93
2026-06-04 22:07:13,43,52,0,42,12.081,85.945
2026-06-04 22:12:13,45,54,0,49,12.054,86.037
2026-06-04 22:17:15,43,54,0,104,12.006,86.187
2026-06-04 22:22:14,48,60,0,55,11.83,86.901
2026-06-04 22:27:14,47,56,0,40,11.841,86.945
2026-06-04 22:32:14,46,59,0,102,11.825,86.338
2026-06-04 22:37:14,46,56,0,53,11.755,86.92
2026-06-04 22:42:14,44,53,0,48,11.68,87.698
2026-06-04 22:47:14,50,64,0,98,11.55,87.37
2026-06-04 22:52:15,44,54,0,42,11.472,88.654
2026-06-04 22:57:14,46,58,0,44,11.408,89.346
2026-06-04 23:02:14,46,56,0,33,11.456,89.382
2026-06-04 23:07:14,47,58,0,31,11.453,90.044
2026-06-04 23:12:14,50,63,0,14,11.363,91.398
2026-06-04 23:17:14,49,60,0,13,11.307,91.631
2026-06-04 23:22:14,52,65,0,22,11.165,92.272
2026-06-04 23:27:15,54,67,0,23,11.275,91.669
2026-06-04 23:32:14,50,63,0,34,11.165,91.681
2026-06-04 23:37:15,51,64,0,38,11.08,92.041
2026-06-04 23:42:14,53,65,0,42,11.015,92.409
2026-06-04 23:47:15,53,66,0,36,11.082,91.978
2026-06-04 23:52:15,54,68,0,33,11.096,91.633
2026-06-04 23:57:15,53,66,0,27,11.125,91.625
2026-06-05 00:02:15,52,65,0,20,11.168,91.766
2026-06-05 00:07:15,52,66,0,29,11.12,92.144
2026-06-05 00:12:15,49,61,0,19,11.285,90.92
2026-06-05 00:17:15,51,62,0,18,11.248,90.845
2026-06-05 00:22:35,49,61,0,11,11.307,91.341
2026-06-05 00:27:14,50,62,0,21,11.2,91.728
2026-06-05 00:32:15,49,61,0,8,11.178,92.301
2026-06-05 00:37:15,51,66,0,26,11.13,92.192
2026-06-05 00:42:15,47,59,0,30,11.234,91.61
2026-06-05 00:47:21,52,67,0,15,11.264,91.574
2026-06-05 00:52:14,50,65,0,17,11.296,90.778
2026-06-05 00:57:15,46,57,0,1,11.424,90.178
2026-06-05 01:02:14,47,57,0,16,11.477,89.46
2026-06-05 01:07:15,46,59,0,13,11.531,88.707
2026-06-05 01:12:15,46,57,0,16,11.509,88.667
2026-06-05 01:17:16,43,53,0,56,11.526,87.854
2026-06-05 01:22:16,44,55,0,18,11.539,87.996
2026-06-05 01:27:22,46,57,0,40,11.416,86.735
2026-06-05 01:32:16,67,80,0,79,11.304,86.622
2026-06-05 01:37:16,62,75,0,93,11.165,86.494
2026-06-05 01:42:16,47,59,0,68,11.152,86.508
2026-06-05 01:47:16,58,72,0,67,11.186,86.655
2026-06-05 01:52:16,48,60,0,57,10.97,87.261
2026-06-05 01:57:16,47,58,0,47,10.807,87.805
2026-06-05 02:02:16,48,58,0,55,11.015,87.54
2026-06-05 02:07:16,53,66,0,78,11.138,86.952
2026-06-05 02:12:16,49,64,0,61,11.194,86.46
2026-06-05 02:17:22,48,61,0,61,11.24,85.972
2026-06-05 02:22:16,49,62,0,61,11.266,86.882
2026-06-05 02:27:16,48,58,0,49,11.242,86.775
2026-06-05 02:32:16,48,62,0,41,11.085,86.515
2026-06-05 02:37:16,49,62,0,54,11.165,87.002
2026-06-05 02:42:16,53,64,0,35,10.818,88.728
2026-06-05 02:47:16,49,60,0,31,10.489,90.233
2026-06-05 02:52:16,45,58,0,34,10.364,90.218
2026-06-05 02:57:16,44,55,0,47,10.292,90.103
2026-06-05 03:02:23,49,61,0,68,10.228,89.26
2026-06-05 03:07:16,55,70,0,69,10.172,89.914
2026-06-05 03:12:16,50,62,0,53,9.99,89.97
2026-06-05 03:17:16,50,67,0,64,9.947,89.39
2026-06-05 03:22:16,49,62,0,69,9.827,89.224
2026-06-05 03:27:16,52,67,0,86,9.67,89.626
2026-06-05 03:32:16,50,65,0,74,9.646,88.812
2026-06-05 03:37:17,48,59,0,51,9.806,92.228
2026-06-05 03:42:16,47,60,0,43,9.934,92.341
2026-06-05 03:47:16,50,63,0,64,9.491,91.709
2026-06-05 03:52:24,49,62,0,56,9.373,91.156
2026-06-05 03:57:16,50,64,0,68,9.565,90.525
2026-06-05 04:02:16,50,63,0,64,9.435,91.45
2026-06-05 04:07:16,50,62,0,66,9.835,90.702
2026-06-05 04:12:16,51,65,0,70,10.078,89.806
2026-06-05 04:17:18,52,66,0,153,10.078,90.122
2026-06-05 04:22:17,53,66,0,69,10.34,87.946
2026-06-05 04:27:18,51,64,0,64,10.364,88.459
2026-06-05 04:32:27,51,65,0,68,10.57,87.956
2026-06-05 04:37:17,49,61,0,65,10.634,87.359
2026-06-05 04:42:18,48,61,0,68,10.527,87.467
2026-06-05 04:47:17,47,61,0,63,10.719,86.803
2026-06-05 04:52:17,50,63,0,68,10.829,86.876
2026-06-05 04:57:17,48,62,0,66,10.762,87.137
2026-06-05 05:02:17,48,60,0,67,10.484,88.6
2026-06-05 05:07:17,49,63,0,57,10.409,88.242
2026-06-05 05:12:17,49,64,0,61,10.289,88.249
2026-06-05 05:17:17,50,63,0,70,9.99,89.214
2026-06-05 05:22:17,49,64,0,78,9.742,89.317
2026-06-05 05:27:17,54,67,0,77,9.563,90.422
2026-06-05 05:32:25,50,62,0,90,9.416,90.178
2026-06-05 05:37:17,52,66,0,87,9.141,90.254
2026-06-05 05:42:17,66,79,0,96,9.069,89.605
2026-06-05 05:47:17,56,69,0,105,9.026,87.746
2026-06-05 05:52:17,51,64,0,110,8.994,86.443
2026-06-05 05:57:17,51,66,0,125,8.743,84.534
2026-06-05 06:02:17,51,65,0,120,8.439,83.576
2026-06-05 06:07:17,49,61,0,115,7.942,83.736
2026-06-05 06:12:17,48,59,0,124,7.859,82.951
2026-06-05 06:17:17,51,62,0,134,7.419,83.767
2026-06-05 06:22:18,53,66,0,137,7.568,83.13
2026-06-05 06:27:17,50,62,0,140,7.381,83.893
2026-06-05 06:32:18,50,60,0,132,7.357,84.093
2026-06-05 06:37:17,50,65,0,117,7.17,85.272
2026-06-05 06:42:18,52,64,0,134,7.066,86.109
2026-06-05 06:47:17,50,62,0,123,7.149,85.69
2026-06-05 06:52:18,48,60,0,141,6.975,86.027
2026-06-05 06:57:18,51,63,0,126,7.042,85.951
2026-06-05 07:02:18,50,63,0,148,7.133,86.525
2026-06-05 07:07:17,50,61,0,110,7.288,91.65
2026-06-05 07:12:18,53,66,0,103,7.547,91.519
2026-06-05 07:17:19,49,60,0,205,7.702,91.402
2026-06-05 07:22:19,45,56,0,127,7.67,90.328
2026-06-05 07:27:19,48,59,0,108,7.571,89.037
2026-06-05 07:32:19,49,59,0,109,7.536,88.078
2026-06-05 07:37:19,47,57,0,103,7.328,87.809
2026-06-05 07:42:19,48,58,0,110,7.232,87.297
2026-06-05 07:47:19,50,63,0,98,7.32,86.494
2026-06-05 07:52:19,48,59,0,103,7.282,86.676
2026-06-05 07:57:29,49,60,0,101,7.37,86.031
2026-06-05 08:02:19,47,58,0,109,7.381,85.8
2026-06-05 08:07:19,49,61,0,101,7.408,85.47
2026-06-05 08:12:19,51,63,0,105,7.539,84.435
2026-06-05 08:17:19,55,69,0,106,7.517,85.194
2026-06-05 08:22:19,53,67,0,110,7.712,85.293
2026-06-05 08:27:19,281,325,0,307,7.816,86.136
2026-06-05 08:32:19,63,79,0,122,7.889,83.92
2026-06-05 08:37:19,58,74,0,120,8.377,84.087
2026-06-05 08:42:19,48,60,0,106,8.436,81.852
2026-06-05 08:47:28,52,62,0,126,8.639,81.675
2026-06-05 08:52:19,51,63,0,126,8.842,80.896
2026-06-05 08:57:19,51,65,0,113,8.524,80.902
2026-06-05 09:02:19,51,62,0,119,9.136,77.764
2026-06-05 09:07:40,49,62,0,102,9.798,76.866
2026-06-05 09:12:19,52,64,0,112,10.009,75.294
2026-06-05 09:17:19,54,68,0,140,10.22,74.432
2026-06-05 09:22:19,49,60,0,303,10.23,73.332
2026-06-05 09:27:19,48,59,0,114,10.668,72.935
2026-06-05 09:32:19,49,59,0,116,10.874,74.352
2026-06-05 09:37:19,45,54,0,98,10.775,76.446
2026-06-05 09:42:19,51,64,0,84,10.73,75.641
2026-06-05 09:47:19,46,58,0,102,11.098,76.158
2026-06-05 09:52:19,51,65,0,116,10.73,79.014
2026-06-05 09:57:19,55,68,0,99,11.018,77.94
2026-06-05 10:02:19,49,59,0,145,11.173,78.295
2026-06-05 10:07:28,50,62,0,93,11.435,76
2026-06-05 10:12:19,52,64,0,100,11.59,75.144
2026-06-05 10:17:20,50,64,0,158,12.086,73.715
2026-06-05 10:22:20,51,67,0,98,13.291,69.877
2026-06-05 10:27:20,48,62,0,73,14.725,64.253
2026-06-05 10:32:20,48,60,0,60,14.474,66.187
2026-06-05 10:37:20,45,56,0,50,14.986,62.761
2026-06-05 10:42:20,46,59,0,82,15.574,62.858
2026-06-05 10:47:20,46,58,0,58,16.001,61.17
2026-06-05 10:52:20,47,59,0,43,15.713,61.515
2026-06-05 10:57:29,47,57,0,53,16.148,60.756
2026-06-05 11:02:20,45,57,0,48,17.058,57.041
2026-06-05 11:07:20,46,56,0,48,17.155,56.093
2026-06-05 11:12:20,47,60,0,54,17.358,55.44
2026-06-05 11:17:20,47,59,0,44,16.85,55.353
2026-06-05 11:22:20,46,58,0,40,16.896,56.701
2026-06-05 11:27:20,47,61,0,37,15.942,58.647
2026-06-05 11:32:21,47,60,0,50,17.363,54.765
2026-06-05 11:37:20,50,61,0,45,17.55,54.288
2026-06-05 11:42:20,52,67,0,233,17.894,53.297
2026-06-05 11:47:20,46,56,0,34,15.865,57.832
2026-06-05 11:52:21,46,57,0,40,15.52,60.756
2026-06-05 11:57:20,47,59,0,31,15.224,61.674
2026-06-05 12:02:20,49,59,0,20,14.602,62.576
2026-06-05 12:07:20,46,56,0,13,15.251,61.584
2026-06-05 12:12:21,46,56,0,19,15.336,61.546
2026-06-05 12:17:21,45,56,0,42,14.839,64.071
2026-06-05 12:22:20,47,60,0,60,15.104,65.159
2026-06-05 12:27:20,50,62,0,15,14.957,65.603
2026-06-05 12:32:21,49,62,0,6,14.799,66.967
2026-06-05 12:37:21,48,61,0,12,14.677,68.313
2026-06-05 12:42:21,49,61,0,9,14.431,68.924
2026-06-05 12:47:20,48,58,0,0,14.292,69.181
2026-06-05 12:52:21,49,61,0,3,14.42,68.68
2026-06-05 12:57:21,48,61,0,4,14.393,68.876
2026-06-05 13:02:21,50,62,0,1,14.289,69.586
2026-06-05 13:07:21,45,58,0,16,14.634,68.002
2026-06-05 13:12:20,46,58,0,0,14.468,67.543
2026-06-05 13:17:22,47,58,0,31,14.644,68.449
2026-06-05 13:22:22,46,56,0,0,14.677,67.804
2026-06-05 13:27:21,47,57,0,2,14.906,67.371
2026-06-05 13:32:22,44,54,0,10,14.981,66.601
2026-06-05 13:37:22,45,54,0,23,15.325,66.385
2026-06-05 13:42:22,45,54,0,24,15.269,66.377
2026-06-05 13:47:22,45,56,0,8,15.296,65.809
2026-06-05 13:52:22,43,53,0,6,15.606,64.893
2026-06-05 13:57:22,42,51,0,23,15.801,63.503
2026-06-05 14:02:30,44,53,0,9,15.689,65.719
2026-06-05 14:07:22,41,49,0,9,15.785,64.769
2026-06-05 14:12:22,45,56,0,0,15.779,64.361
2026-06-05 14:17:22,46,57,0,5,15.798,64.52
2026-06-05 14:22:22,45,56,0,20,15.859,65.225
2026-06-05 14:27:22,45,55,0,12,15.846,64.924
2026-06-05 14:32:22,44,52,0,7,15.755,65.023
2026-06-05 14:37:22,43,53,0,10,16.044,64.027
2026-06-05 14:42:22,43,54,0,8,16.151,63.369
2026-06-05 14:47:22,45,55,0,0,15.937,64.76
2026-06-05 14:52:22,44,55,0,5,15.985,64.911
2026-06-05 14:57:22,45,55,0,5,15.795,66.042
2026-06-05 15:02:23,45,55,0,9,15.985,65.149
2026-06-05 15:07:22,44,54,0,0,16.07,64.666
2026-06-05 15:12:22,45,55,0,1,16.172,64.533
2026-06-05 15:17:22,43,55,0,0,16.052,64.153
2026-06-05 15:22:22,45,56,0,0,15.801,64.933
2026-06-05 15:27:23,44,56,0,12,15.958,65.574
2026-06-05 15:32:22,44,54,0,11,15.491,67.234
2026-06-05 15:37:22,42,50,0,0,15.403,67.442
2026-06-05 15:42:22,44,54,0,0,15.203,68.472
2026-06-05 15:47:22,43,55,0,0,15.299,68.218
2026-06-05 15:52:22,45,55,0,0,15.021,68.962
2026-06-05 15:57:22,44,53,0,1,14.986,69.128
2026-06-05 16:02:26,45,55,0,10,14.994,69.305
2026-06-05 16:07:23,43,53,0,0,14.815,69.683
2026-06-05 16:12:22,45,55,0,16,14.799,69.881
2026-06-05 16:17:24,42,52,0,36,14.874,69.628
2026-06-05 16:22:32,41,51,0,28,14.933,69.622
2026-06-05 16:27:23,42,49,0,20,14.853,69.53
2026-06-05 16:32:23,43,52,0,10,14.709,70.175
2026-06-05 16:37:24,42,51,0,3,14.698,70.16
2026-06-05 16:42:23,39,48,0,11,14.797,69.75
2026-06-05 16:47:23,39,48,0,17,14.794,69.757
2026-06-05 16:52:23,41,47,0,17,14.815,69.753
2026-06-05 16:57:24,41,49,0,42,14.65,70.076
2026-06-05 17:02:23,41,50,0,1,14.514,70.764
2026-06-05 17:07:23,43,52,0,6,14.423,71.07
2026-06-05 17:12:24,42,50,0,4,14.367,71.306
2026-06-05 17:17:24,41,47,0,13,14.316,71.615
2026-06-05 17:22:23,44,54,0,47,14.153,72.658
2026-06-05 17:27:24,41,50,0,24,14.001,73.089
2026-06-05 17:32:23,42,50,0,21,13.857,73.786
2026-06-05 17:37:24,45,54,0,33,13.707,74.396
2026-06-05 17:42:24,43,51,0,22,13.64,74.518
2026-06-05 17:47:23,44,51,0,16,13.584,74.678
2026-06-05 17:52:24,40,47,0,33,13.534,74.957
2026-06-05 17:57:23,41,48,0,25,13.518,75.09
2026-06-05 18:02:23,40,48,0,16,13.427,75.504
2026-06-05 18:07:24,40,49,0,22,13.448,75.43
2026-06-05 18:12:23,40,50,0,6,13.405,75.615
2026-06-05 18:17:24,46,54,0,18,13.437,75.649
2026-06-05 18:22:24,42,50,0,17,13.291,76.469
2026-06-05 18:27:24,36,41,0,21,13.09,77.677
2026-06-05 18:32:24,40,49,0,80,12.893,78.701
2026-06-05 18:37:24,27,28,0,22,12.866,79.191
2026-06-05 18:42:24,31,34,0,21,12.821,79.506
2026-06-05 18:47:24,28,29,0,15,12.789,79.565
2026-06-05 18:52:24,35,39,0,15,12.711,80.017
2026-06-05 18:57:23,28,29,0,1,12.751,79.777
2026-06-05 19:02:24,29,31,0,26,12.733,80.046
2026-06-05 19:07:24,31,32,0,4,12.789,79.712
2026-06-05 19:12:24,34,40,0,10,12.869,79.237
2026-06-05 19:17:25,30,35,0,36,12.951,78.852
2026-06-05 19:23:10,28,30,0,26,12.954,78.794
2026-06-05 19:27:31,31,32,0,15,12.984,78.623
2026-06-05 19:32:25,30,31,0,25,13.032,78.432
2026-06-05 19:37:25,30,30,0,30,13.13,78.176
2026-06-05 19:42:25,28,30,0,34,13.056,78.197
2026-06-05 19:47:25,27,30,0,34,13.16,77.776
2026-06-05 19:52:25,73,79,0,131,13.328,77.101
2026-06-05 19:57:25,100,106,0,159,13.373,77.007
2026-06-05 20:02:25,48,58,0,97,13.435,76.713
2026-06-05 20:07:25,47,58,0,120,13.328,77.047
2026-06-05 20:12:32,32,35,0,42,13.264,77.494
2026-06-05 20:17:25,63,74,0,127,13.085,78.117
2026-06-05 20:22:25,52,64,0,126,13.138,77.913
2026-06-05 20:27:25,37,41,0,84,12.791,79.117
2026-06-05 20:32:34,150,158,0,300,13.048,78.245
2026-06-05 20:37:25,103,114,0,173,12.925,78.949
2026-06-05 20:42:25,53,67,0,98,13.053,78.077
2026-06-05 20:47:25,35,42,0,64,12.962,78.489
2026-06-05 20:52:25,54,69,0,120,12.989,78.308
2026-06-05 20:57:25,35,39,0,60,13.026,78.121
2026-06-05 21:02:25,49,61,0,88,13.018,78.133
2026-06-05 21:07:25,103,109,0,186,12.925,78.56
2026-06-05 21:12:25,43,51,0,71,12.706,79.451
2026-06-05 21:17:25,37,46,0,55,12.786,78.859
2026-06-05 21:22:34,45,55,0,98,12.762,78.783
2026-06-05 21:27:25,42,53,0,106,12.671,79.046
2026-06-05 21:32:25,51,63,0,201,12.252,80.473
2026-06-05 21:37:25,46,56,0,144,12.14,81.301
2026-06-05 21:42:25,39,46,0,97,12.06,81.726
2026-06-05 21:47:25,42,51,0,146,12.142,81.022
2026-06-05 21:52:25,59,71,0,391,12.052,80.816
2026-06-05 21:57:25,52,62,0,206,12.06,80.448
2026-06-05 22:02:26,42,51,0,105,11.982,80.894
2026-06-05 22:07:25,44,55,0,119,11.712,83.096
2026-06-05 22:12:25,41,48,0,114,11.755,82.872
2026-06-05 22:17:27,36,43,0,192,11.75,83.235
2026-06-05 22:22:26,41,48,0,82,11.923,82.081
2026-06-05 22:27:26,49,62,0,244,11.995,81.522
2026-06-05 22:32:35,103,114,0,315,11.79,81.573
2026-06-05 22:37:26,86,93,0,323,11.758,81.615
2026-06-05 22:42:26,54,67,0,201,11.64,81.839
2026-06-05 22:47:27,94,101,0,300,11.603,81.482
2026-06-05 22:52:26,47,56,0,100,11.424,83.992
2026-06-05 22:57:27,44,52,0,88,11.48,83.347
2026-06-05 23:02:26,109,113,0,232,11.499,82.783
2026-06-05 23:07:26,48,60,0,116,11.435,83.017
2026-06-05 23:12:43,42,52,0,106,11.162,84.457
2026-06-05 23:17:26,44,53,0,117,11.114,83.481
2026-06-05 23:22:26,53,66,0,198,11.125,84.185
2026-06-05 23:27:26,49,62,0,162,11.12,83.731
2026-06-05 23:32:27,45,55,0,121,10.917,84.829
2026-06-05 23:37:26,48,59,0,152,10.986,84.234
2026-06-05 23:42:26,49,59,0,194,10.89,84.431
2026-06-05 23:47:26,52,64,0,130,10.369,83.54
2026-06-05 23:52:26,49,60,0,126,10.308,83.515
2026-06-05 23:57:27,46,56,0,78,9.939,86.426
2026-06-06 00:02:27,45,57,0,82,9.918,87.238
2026-06-06 00:07:26,45,54,0,84,10.108,88.074
2026-06-06 00:12:27,47,57,0,81,10.14,87.69
2026-06-06 00:17:27,47,59,0,80,10.233,87.084
2026-06-06 00:22:26,49,58,0,86,10.193,88.646
2026-06-06 00:27:26,47,59,0,90,10.035,87.856
2026-06-06 00:32:27,48,59,0,69,10.204,88.804
2026-06-06 00:37:36,48,59,0,79,10.182,87.315
2026-06-06 00:42:27,48,60,0,83,10.19,87.54
2026-06-06 00:47:26,48,58,0,81,10.204,88.253
2026-06-06 00:52:27,48,59,0,107,9.875,86.588
2026-06-06 00:57:26,55,68,0,238,9.835,85.894
2026-06-06 01:02:27,49,61,0,216,9.814,86.334
2026-06-06 01:07:26,48,60,0,161,9.723,86.788
2026-06-06 01:12:27,51,62,0,116,9.656,87.616
2026-06-06 01:17:28,48,60,0,210,9.63,87.399
2026-06-06 01:22:28,49,61,0,88,9.63,88.837
2026-06-06 01:27:28,51,64,0,132,9.587,87.257
2026-06-06 01:32:28,55,67,0,209,9.389,87.376
2026-06-06 01:37:28,50,62,0,84,9.419,88.228
2026-06-06 01:42:28,50,61,0,107,9.4,87.147
2026-06-06 01:47:37,50,64,0,196,9.133,87.088
2026-06-06 01:52:28,48,59,0,114,9.031,87.28
2026-06-06 01:57:28,49,60,0,125,9.037,87.917
2026-06-06 02:02:28,74,84,0,159,8.842,87.664
2026-06-06 02:07:28,54,69,0,114,8.711,87.648
2026-06-06 02:12:28,62,75,0,142,9.01,90.309
2026-06-06 02:17:28,52,63,0,96,9.25,89.895
2026-06-06 02:22:28,47,57,0,67,9.595,90.712
2026-06-06 02:27:28,49,61,0,67,10.209,89.237
2026-06-06 02:32:28,45,55,0,59,10.313,89.331
2026-06-06 02:37:28,45,54,0,49,10.578,88.657
2026-06-06 02:42:28,45,55,0,46,10.671,88.507
2026-06-06 02:47:28,45,56,0,48,10.626,88.535
2026-06-06 02:52:28,46,55,0,50,10.62,88.671
2026-06-06 02:57:28,43,53,0,38,10.583,88.949
2026-06-06 03:02:28,46,54,0,40,10.671,88.623
2026-06-06 03:07:28,45,54,0,37,10.658,88.553
2026-06-06 03:12:28,42,50,0,38,10.66,88.612
2026-06-06 03:17:28,44,55,0,33,10.676,88.455
2026-06-06 03:22:28,45,52,0,36,10.671,88.69
2026-06-06 03:27:28,42,51,0,38,10.655,88.436
2026-06-06 03:32:28,39,49,0,43,10.666,88.451
2026-06-06 03:37:28,37,45,0,41,10.607,88.417
2026-06-06 03:42:28,45,54,0,42,10.412,89.804
2026-06-06 03:47:28,43,51,0,41,10.361,90.387
2026-06-06 03:52:28,41,46,0,49,10.292,90.563
2026-06-06 03:57:28,43,53,0,35,10.174,90.792
2026-06-06 04:02:28,42,53,0,42,10.257,90.136
2026-06-06 04:07:28,43,53,0,44,10.193,89.972
2026-06-06 04:12:28,41,51,0,48,10.19,89.846
2026-06-06 04:17:29,44,52,0,127,10.078,90.41
2026-06-06 04:22:29,42,50,0,47,10.228,89.687
2026-06-06 04:27:30,38,48,0,44,10.262,89.186
2026-06-06 04:32:29,41,49,0,45,10.217,89.941
2026-06-06 04:37:29,41,48,0,33,10.292,89.554
2026-06-06 04:42:51,40,49,0,37,10.286,89.167
2026-06-06 04:47:29,41,49,0,48,10.361,88.623
2026-06-06 04:52:29,43,50,0,53,10.436,87.933
2026-06-06 04:57:30,41,49,0,44,10.377,87.853
2026-06-06 05:02:29,41,48,0,52,10.401,87.948
2026-06-06 05:07:30,39,49,0,51,10.369,87.833
2026-06-06 05:12:29,42,50,0,62,10.286,87.58
2026-06-06 05:17:30,42,49,0,57,10.204,87.24
2026-06-06 05:22:29,40,50,0,56,9.998,87.864
2026-06-06 05:27:30,41,49,0,55,9.782,87.614
2026-06-06 05:32:29,42,51,0,55,9.632,87.967
2026-06-06 05:37:30,40,51,0,64,9.6,87.231
2026-06-06 05:42:30,42,52,0,67,9.582,87.732
2026-06-06 05:47:29,42,50,0,65,9.627,87.648
2026-06-06 05:52:29,44,53,0,57,9.443,87.427
2026-06-06 05:57:29,46,55,0,87,9.357,87.235
2026-06-06 06:02:29,42,51,0,75,9.314,86.905
2026-06-06 06:07:29,44,52,0,79,9.373,86.903
2026-06-06 06:12:29,45,53,0,80,9.501,86.512
2026-06-06 06:17:30,44,53,0,78,9.528,86.061
2026-06-06 06:22:29,46,54,0,85,9.371,86.517
2026-06-06 06:27:29,44,53,0,70,9.352,86.967
2026-06-06 06:32:30,45,54,0,77,9.074,88.118
2026-06-06 06:37:30,44,54,0,89,9.314,87.841
2026-06-06 06:42:30,45,54,0,75,9.29,89.569
2026-06-06 06:47:29,45,57,0,81,9.376,88.705
2026-06-06 06:52:30,46,54,0,81,9.416,88.574
2026-06-06 06:57:29,45,57,0,78,9.413,88.236
2026-06-06 07:02:30,45,54,0,96,9.416,88.539
2026-06-06 07:07:30,46,56,0,78,9.413,88.371
2026-06-06 07:12:30,44,54,0,77,9.376,88.547
2026-06-06 07:17:31,42,53,0,176,9.245,87.75
2026-06-06 07:22:30,44,53,0,63,9.245,87.492
2026-06-06 07:27:31,47,59,0,68,9.24,88.423
2026-06-06 07:32:30,48,60,0,67,9.298,89.22
2026-06-06 07:37:40,48,59,0,69,9.208,89.628
2026-06-06 07:42:31,48,60,0,66,9.389,88.543
2026-06-06 07:47:31,49,61,0,76,9.288,88.913
2026-06-06 07:52:31,51,64,0,77,9.491,87.748
2026-06-06 07:57:31,49,62,0,73,9.608,87.4
2026-06-06 08:02:30,49,59,0,66,9.48,88.177
2026-06-06 08:07:31,55,67,0,90,9.496,89.245
2026-06-06 08:12:31,53,67,0,82,9.691,87.572
2026-06-06 08:17:31,51,63,0,98,9.817,88.276
2026-06-06 08:22:31,50,61,0,79,9.838,87.185
2026-06-06 08:27:31,52,65,0,75,9.768,86.298
2026-06-06 08:32:30,53,65,0,87,9.889,85.928
2026-06-06 08:37:31,51,62,0,88,10.065,85.791
2026-06-06 08:42:31,50,65,0,82,10.238,84.915
2026-06-06 08:47:31,51,64,0,101,10.204,84.721
2026-06-06 08:52:31,50,64,0,82,10.431,84.749
2026-06-06 08:57:31,51,64,0,66,10.706,83.62
2026-06-06 09:02:31,55,70,0,158,10.759,83.755
2026-06-06 09:07:31,56,71,0,125,10.957,82.882
2026-06-06 09:12:31,54,70,0,85,10.783,83.034
2026-06-06 09:17:31,50,64,0,67,11.037,82.59
2026-06-06 09:22:31,53,65,0,72,11.371,82.09
2026-06-06 09:27:31,51,64,0,71,11.333,81.169
2026-06-06 09:32:31,50,65,0,81,11.413,81.469
2026-06-06 09:37:31,52,65,0,84,11.638,80.795
2026-06-06 09:42:31,54,66,0,78,11.862,80.271
2026-06-06 09:47:31,50,64,0,73,12.113,79.842
2026-06-06 09:52:31,50,63,0,72,12.297,78.636
2026-06-06 09:57:31,51,64,0,67,12.556,77.677
2026-06-06 10:02:31,50,63,0,64,12.738,76.921
2026-06-06 10:07:31,50,62,0,70,13.678,73.965
2026-06-06 10:12:31,50,64,0,77,13.146,75.96
2026-06-06 10:17:32,50,63,0,153,13.411,74.713
2026-06-06 10:22:32,50,61,0,86,13,76.805
2026-06-06 10:27:32,48,60,0,69,13.475,75.35
2026-06-06 10:32:32,50,62,0,62,13.443,74.819
2026-06-06 10:37:32,51,62,0,61,13.451,75.817
2026-06-06 10:42:32,49,61,0,68,13.988,74.001
2026-06-06 10:47:32,46,57,0,65,14.575,71.073
2026-06-06 10:52:32,46,56,0,58,14.324,72.182
2026-06-06 10:57:32,46,58,0,62,14.877,70.77
2026-06-06 11:02:32,47,62,0,56,15.213,69.084
2026-06-06 11:07:32,49,61,0,71,15.665,66.326
2026-06-06 11:12:32,45,57,0,101,16.185,64.748
2026-06-06 11:17:41,47,58,0,49,16.359,64.75
2026-06-06 11:22:32,46,57,0,39,16.687,63.528
2026-06-06 11:27:33,48,60,0,47,17.171,60.144
2026-06-06 11:32:33,47,60,0,46,16.957,59.534
2026-06-06 11:37:32,46,57,0,56,17.163,59.303
2026-06-06 11:42:33,47,57,0,36,16.621,62.244
2026-06-06 11:47:32,46,58,0,36,17.606,58.817
2026-06-06 11:52:33,47,59,0,40,18.289,56.304
2026-06-06 11:57:32,48,58,0,53,18.375,56.644
2026-06-06 12:02:32,45,55,0,48,18.906,54.216
2026-06-06 12:07:32,45,57,0,47,18.615,55.177
2026-06-06 12:12:32,46,55,0,38,18.255,55.379
2026-06-06 12:17:32,46,57,0,32,19.435,51.992
2026-06-06 12:22:33,44,55,0,25,19.777,50.258
2026-06-06 12:27:32,46,58,0,18,19.697,49.676
2026-06-06 12:32:32,47,58,0,26,20.348,48.183
2026-06-06 12:37:32,47,59,0,11,20.092,48.665
2026-06-06 12:42:33,46,56,0,23,20.917,46.543
2026-06-06 12:47:41,46,57,0,21,20.375,47.906
2026-06-06 12:52:33,46,56,0,11,21.085,45.856
2026-06-06 12:57:33,46,56,0,11,20.727,46.234
2026-06-06 13:02:33,46,56,0,2,20.466,46.903
2026-06-06 13:07:33,48,60,0,16,19.507,49.764
2026-06-06 13:12:32,46,56,0,0,20.781,47.178
2026-06-06 13:17:40,45,53,0,4,21.902,43.884
2026-06-06 13:22:34,47,60,0,0,21.128,45.114
2026-06-06 13:27:34,45,53,0,23,22.105,44.912
2026-06-06 13:32:34,47,56,0,3,20.936,47.475
2026-06-06 13:37:34,45,56,0,0,21.956,43.895
2026-06-06 13:42:34,43,52,0,0,22.829,42.196
2026-06-06 13:47:34,43,51,0,0,22.96,40.532
2026-06-06 13:52:34,44,51,0,0,22.634,41.646
2026-06-06 13:57:34,44,53,0,0,22.864,41.801
2026-06-06 14:02:34,40,48,0,1,22.802,41.864
2026-06-06 14:07:34,39,45,0,0,23.491,40.235
2026-06-06 14:12:34,39,45,0,0,20.941,45.816
2026-06-06 14:17:34,37,45,0,0,20.517,46.667
2026-06-06 14:22:34,37,44,0,0,20.055,47.47
2026-06-06 14:27:33,37,45,0,0,20.298,46.464
2026-06-06 14:32:34,38,46,0,0,19.534,48.719
2026-06-06 14:37:34,34,39,0,0,19.94,49.232
2026-06-06 14:42:34,35,40,0,0,19.579,49.117
2026-06-06 14:47:34,34,40,0,0,19.817,49.383
2026-06-06 14:52:34,36,41,0,23,20.236,49.764
2026-06-06 14:57:34,35,40,0,0,19.382,51.246
2026-06-06 15:02:34,36,45,0,0,19.67,50.065
2026-06-06 15:07:34,35,41,0,2,19.633,50.586
2026-06-06 15:12:34,35,40,0,0,19.451,50.275
2026-06-06 15:17:34,39,46,0,0,19.467,50.1
2026-06-06 15:22:34,36,45,0,0,19.294,50.285
2026-06-06 15:27:34,34,41,0,0,19.542,49.838
2026-06-06 15:32:34,36,41,0,0,19.248,50.916
2026-06-06 15:37:34,36,43,0,0,19.083,51.261
2026-06-06 15:42:34,35,40,0,0,18.978,51.681
2026-06-06 15:47:34,33,36,0,0,18.797,52.442
2026-06-06 15:52:34,29,34,0,0,18.981,52.057
2026-06-06 15:57:34,29,30,0,0,18.482,53.913
2026-06-06 16:02:34,29,32,0,0,18.346,54.403
2026-06-06 16:07:34,28,28,0,0,18.407,55.147
2026-06-06 16:12:34,26,27,0,0,18.081,55.896
2026-06-06 16:17:35,30,31,0,0,17.742,56.734
2026-06-06 16:22:35,30,30,0,0,17.745,57.298
2026-06-06 16:27:35,28,32,0,0,17.817,56.942
2026-06-06 16:32:35,28,30,0,0,17.766,57.664
2026-06-06 16:37:35,26,28,0,9,17.956,57.298
2026-06-06 16:42:35,23,24,0,0,17.865,57.3
2026-06-06 16:47:35,24,25,0,0,17.657,58.141
2026-06-06 16:52:35,27,29,0,0,17.432,58.765
2026-06-06 16:57:35,26,28,0,1,17.352,59.36
2026-06-06 17:02:35,24,25,0,83,17.149,60.278
2026-06-06 17:07:35,24,26,0,12,16.847,61.226
2026-06-06 17:12:36,26,27,0,0,16.583,61.866
2026-06-06 17:17:35,24,25,0,0,16.348,62.633
2026-06-06 17:22:35,23,26,0,3,16.359,62.378
2026-06-06 17:27:36,26,26,0,12,15.988,63.574
2026-06-06 17:32:35,24,26,0,0,15.747,64.476
2026-06-06 17:37:42,23,23,0,2,15.622,64.892
2026-06-06 17:42:35,25,25,0,0,15.459,65.561
2026-06-06 17:47:35,17,19,0,0,15.424,65.74
2026-06-06 17:52:35,27,29,0,5,15.307,65.969
2026-06-06 17:57:36,26,26,0,0,15.221,66.299
2026-06-06 18:02:35,26,27,0,0,15.096,66.681
2026-06-06 18:07:35,23,26,0,0,15.074,66.885
2026-06-06 18:12:35,22,22,0,0,14.928,67.329
2026-06-06 18:17:36,22,24,0,0,14.807,67.81
2026-06-06 18:22:36,24,27,0,0,14.725,68.088
2026-06-06 18:27:35,28,32,0,10,14.642,68.346
2026-06-06 18:32:45,26,27,0,0,14.663,68.346
2026-06-06 18:37:35,26,26,0,0,14.292,69.547
2026-06-06 18:42:36,27,27,0,0,14.343,69.162
2026-06-06 18:47:36,27,28,0,0,14.324,69.267
2026-06-06 18:52:35,20,25,0,0,14.15,69.729
2026-06-06 18:57:35,25,28,0,0,13.99,70.097
2026-06-06 19:02:35,23,25,0,0,13.926,70.471
2026-06-06 19:07:36,25,25,0,0,13.785,70.909
2026-06-06 19:12:35,22,22,0,12,13.755,71.016
2026-06-06 19:17:37,19,22,0,39,13.624,71.436
2026-06-06 19:22:36,20,23,0,12,13.705,71.262
2026-06-06 19:27:37,19,23,0,10,13.624,71.531
2026-06-06 19:32:37,28,28,0,15,13.566,71.628
2026-06-06 19:37:37,20,23,0,17,13.603,71.672
2026-06-06 19:42:37,47,57,0,86,13.421,72.29
2026-06-06 19:47:37,22,23,0,23,13.264,72.7
2026-06-06 19:52:37,29,31,0,39,13.219,72.735
2026-06-06 19:57:37,25,27,0,27,13.245,72.731
2026-06-06 20:02:36,23,24,0,0,13.283,72.571
2026-06-06 20:07:37,19,20,0,3,13.275,72.643
2026-06-06 20:12:37,19,19,0,4,13.339,72.647
2026-06-06 20:17:37,32,37,0,57,13.299,72.603
2026-06-06 20:22:37,29,33,0,21,13.184,73.154
2026-06-06 20:27:37,23,24,0,15,13.01,73.679
2026-06-06 20:32:37,43,50,0,115,12.965,73.953
2026-06-06 20:37:37,43,52,0,68,12.863,74.203
2026-06-06 20:42:37,28,28,0,42,12.751,74.835
2026-06-06 20:47:37,30,31,0,44,12.647,75.113
2026-06-06 20:52:37,26,26,0,29,12.548,75.495
2026-06-06 20:57:37,25,25,0,34,12.417,75.851
2026-06-06 21:02:37,28,29,0,77,12.455,75.659
2026-06-06 21:07:37,29,31,0,48,12.38,75.954
2026-06-06 21:12:37,22,22,0,38,12.257,76.628
2026-06-06 21:17:37,35,40,0,87,12.14,76.952
2026-06-06 21:22:37,23,26,0,29,12.113,77.324
2026-06-06 21:27:37,22,26,0,38,12.137,76.912
2026-06-06 21:32:37,29,29,0,34,12.07,77.377
2026-06-06 21:37:37,30,32,0,32,12.022,77.652
2026-06-06 21:42:37,25,26,0,37,11.995,77.566
2026-06-06 21:47:37,21,23,0,45,11.865,78.157
2026-06-06 21:52:37,26,27,0,38,11.897,77.814
2026-06-06 21:57:38,25,26,0,28,11.894,78.085
2026-06-06 22:02:38,26,28,0,95,11.491,77.835
2026-06-06 22:07:37,34,37,0,140,11.194,79.485
2026-06-06 22:12:38,35,38,0,119,10.967,80.185
2026-06-06 22:17:38,31,35,0,219,10.975,80.391
2026-06-06 22:22:38,38,45,0,126,10.853,80.196
2026-06-06 22:27:39,34,40,0,118,10.762,80.358
2026-06-06 22:32:39,35,40,0,105,10.623,80.492
2026-06-06 22:37:38,46,55,0,160,10.473,81.076
2026-06-06 22:42:39,37,45,0,118,10.412,81.039
2026-06-06 22:47:38,36,44,0,88,10.281,80.862
2026-06-06 22:52:39,39,49,0,106,10.011,82.247
2026-06-06 22:57:38,37,44,0,90,9.897,82.577
2026-06-06 23:02:39,39,49,0,94,9.704,82.262
2026-06-06 23:07:38,42,49,0,98,9.528,82.161
2026-06-06 23:12:38,42,52,0,98,9.379,82.09
2026-06-06 23:17:38,44,53,0,103,9.176,82.55
2026-06-06 23:22:38,44,56,0,115,9.037,82.792
2026-06-06 23:27:38,43,51,0,104,8.954,83.229
2026-06-06 23:32:39,44,53,0,108,8.823,82.979
2026-06-06 23:37:38,45,54,0,96,8.716,83.105
2026-06-06 23:42:38,44,54,0,101,8.556,83.616
2026-06-06 23:47:38,51,62,0,145,8.596,82.914
2026-06-06 23:52:38,56,71,0,154,8.591,82.806
2026-06-06 23:57:46,51,63,0,164,8.54,82.565
2026-06-07 00:02:38,47,57,0,121,8.367,82.973
2026-06-07 00:07:38,49,60,0,149,8.086,83.702
2026-06-07 00:12:38,50,62,0,132,7.982,84.37
2026-06-07 00:17:39,49,61,0,125,7.856,84.715
2026-06-07 00:22:38,47,59,0,125,7.856,84.206
2026-06-07 00:27:38,47,57,0,121,7.878,83.58
2026-06-07 00:32:38,46,55,0,118,7.696,83.66
2026-06-07 00:37:39,47,59,0,116,7.739,84.229
2026-06-07 00:42:39,45,53,0,143,7.557,85.581
2026-06-07 00:47:39,45,55,0,128,7.459,86.67
2026-06-07 00:52:39,46,57,0,116,7.44,87.118
2026-06-07 00:57:39,45,57,0,125,7.499,86.351
2026-06-07 01:02:39,51,63,0,558,7.509,85.672
2026-06-07 01:07:39,52,66,0,220,7.352,85.722
2026-06-07 01:12:39,54,67,0,182,7.395,85.627
2026-06-07 01:17:40,46,57,0,328,7.253,87.372
2026-06-07 01:22:40,43,51,0,130,7.245,87.542
2026-06-07 01:27:40,45,53,0,126,7.146,86.632
2026-06-07 01:32:40,49,60,0,147,7.301,86.908
2026-06-07 01:37:40,48,61,0,141,7.387,86.777
2026-06-07 01:42:39,48,59,0,143,7.48,85.352
2026-06-07 01:47:40,55,72,0,170,7.421,84.713
2026-06-07 01:52:39,53,65,0,169,7.216,85.598
2026-06-07 01:57:40,52,64,0,158,7.25,85.466
2026-06-07 02:02:39,52,64,0,169,7.071,85.968
2026-06-07 02:07:40,52,66,0,168,7.16,85.163
2026-06-07 02:12:40,51,63,0,140,6.882,86.704
2026-06-07 02:17:40,49,63,0,141,6.978,85.814
2026-06-07 02:22:40,50,60,0,145,7.045,85.342
2026-06-07 02:27:40,64,81,0,194,6.994,85.035
2026-06-07 02:32:40,57,72,0,159,6.906,85.323
2026-06-07 02:37:40,53,64,0,164,6.815,86.153
2026-06-07 02:42:40,47,57,0,104,6.682,85.451
2026-06-07 02:47:40,58,73,0,148,6.692,84.957
2026-06-07 02:52:50,68,84,0,176,6.559,84.723
2026-06-07 02:57:40,65,81,0,159,6.393,84.629
2026-06-07 03:02:40,55,70,0,122,6.099,84.24
2026-06-07 03:07:40,53,70,0,145,6.126,84.972
2026-06-07 03:12:40,55,70,0,156,6.169,84.146
2026-06-07 03:17:40,55,65,0,162,6.142,83.963
2026-06-07 03:22:40,59,75,0,206,6.147,83.727
2026-06-07 03:27:40,68,81,0,232,6.113,83.425
2026-06-07 03:32:40,62,80,0,186,6.046,83.895
2026-06-07 03:37:40,61,76,0,190,5.998,84.133
2026-06-07 03:42:40,61,79,0,190,5.902,84.553
2026-06-07 03:47:40,61,76,0,165,5.974,83.792
2026-06-07 03:52:40,59,75,0,159,5.771,84.227
2026-06-07 03:57:40,56,71,0,146,5.667,85.31
2026-06-07 04:02:40,59,74,0,162,5.728,85.627
2026-06-07 04:07:40,57,74,0,148,5.635,86.576
2026-06-07 04:12:51,59,72,0,158,5.621,86.483
2026-06-07 04:17:42,58,74,0,300,5.832,87.25
2026-06-07 04:22:41,62,78,0,146,5.555,86.662
2026-06-07 04:27:41,60,76,0,153,5.531,87.187
2026-06-07 04:32:41,62,79,0,146,5.611,89.342
2026-06-07 04:37:41,59,72,0,195,6.001,87.776
2026-06-07 04:42:41,60,74,0,154,6.254,85.878
2026-06-07 04:47:42,60,78,0,191,6.396,85.226
2026-06-07 04:52:51,67,80,0,245,6.505,84.576
2026-06-07 04:57:41,63,80,0,297,6.844,82.947
2026-06-07 05:02:42,84,92,100,227,7.005,81.362
2026-06-07 05:07:41,73,86,100,168,6.959,80.433
2026-06-07 05:12:51,75,87,199,175,6.684,80.673
2026-06-07 05:17:41,59,73,0,194,6.647,80.936
2026-06-07 05:22:41,59,73,0,178,6.503,80.769
2026-06-07 05:27:42,56,74,0,155,6.46,81.388
2026-06-07 05:32:41,59,74,0,186,6.356,81.051
2026-06-07 05:37:41,56,71,0,174,6.214,81.348
2026-06-07 05:42:41,53,65,0,155,6.089,81.375
2026-06-07 05:47:42,54,68,0,143,5.912,84.307
2026-06-07 05:52:41,54,66,0,140,5.683,83.891
2026-06-07 05:57:42,55,71,0,150,5.592,84.307
2026-06-07 06:02:41,55,68,0,148,5.784,83.893
2026-06-07 06:07:41,56,72,0,165,5.768,84.135
2026-06-07 06:12:42,58,76,0,160,5.75,84.69
2026-06-07 06:17:41,56,70,0,166,5.715,84.852
2026-06-07 06:22:41,55,71,0,151,5.635,83.136
2026-06-07 06:27:41,57,74,0,146,5.576,84.002
2026-06-07 06:32:41,57,73,0,156,5.787,83.994
2026-06-07 06:37:41,56,71,0,159,5.755,82.991
2026-06-07 06:42:42,57,70,0,164,5.581,84.122
2026-06-07 06:47:42,57,74,0,161,5.632,84.972
2026-06-07 06:52:41,55,68,0,147,5.72,84.494
2026-06-07 06:57:42,52,65,0,125,5.659,83.792
2026-06-07 07:02:42,54,66,0,154,5.648,83.412
2026-06-07 07:07:42,53,65,0,132,5.541,83.712
2026-06-07 07:12:41,52,67,0,134,5.512,83.612
2026-06-07 07:17:43,55,69,0,291,5.352,84.66
2026-06-07 07:22:43,54,68,0,137,5.354,84.425
2026-06-07 07:27:43,56,69,0,146,5.13,84.908
2026-06-07 07:32:43,56,70,0,127,4.866,86.184
2026-06-07 07:37:43,54,68,0,147,4.949,86.153
2026-06-07 07:42:43,56,69,0,137,4.973,86.13
2026-06-07 07:47:43,55,68,0,140,4.994,84.908
2026-06-07 07:52:43,54,68,0,110,4.919,84.734
2026-06-07 07:57:43,52,63,0,126,4.908,85.424
2026-06-07 08:02:43,54,67,0,131,5.069,84.476
2026-06-07 08:07:43,50,63,0,125,5.063,84.274
2026-06-07 08:12:43,50,62,0,123,5.162,84.488
2026-06-07 08:17:42,48,60,0,108,5.208,84.204
2026-06-07 08:22:43,49,61,0,115,5.336,84.042
2026-06-07 08:27:43,51,59,0,105,5.539,83.422
2026-06-07 08:32:43,50,61,0,112,5.648,83.099
2026-06-07 08:37:43,51,66,0,109,5.856,83.271
2026-06-07 08:42:43,50,63,0,105,6.281,82.668
2026-06-07 08:47:43,48,59,0,113,6.572,81.547
2026-06-07 08:52:43,53,66,0,112,7.039,80.028
2026-06-07 08:57:43,50,61,0,132,7.309,78.211
2026-06-07 09:02:43,49,61,0,117,7.731,76.969
2026-06-07 09:07:43,48,59,0,104,7.929,77.766
2026-06-07 09:12:43,48,60,0,87,8.075,76.784
2026-06-07 09:17:52,49,63,0,101,8.5,75.76
2026-06-07 09:22:43,50,62,0,87,8.799,74.274
2026-06-07 09:27:43,47,57,0,81,9.141,72.788
2026-06-07 09:32:53,56,70,0,100,9.419,71.932
2026-06-07 09:37:43,54,67,0,83,9.915,70.833
2026-06-07 09:42:43,48,59,0,91,10.335,68.72
2026-06-07 09:47:43,47,57,0,96,10.652,68.21
2026-06-07 09:52:43,44,54,0,67,11.133,64.998
2026-06-07 09:57:43,44,53,0,74,11.512,64.743
2026-06-07 10:02:43,49,60,0,89,11.915,64.829
2026-06-07 10:07:43,48,59,0,69,12.484,63.387
2026-06-07 10:12:43,44,54,0,68,13.357,60.102
2026-06-07 10:17:44,41,49,0,100,13.571,58.345
2026-06-07 10:22:54,43,52,0,56,14.068,56.657
2026-06-07 10:27:45,41,51,0,63,14.773,55.891
2026-06-07 10:32:44,43,51,0,58,14.901,54.71
2026-06-07 10:37:44,42,52,0,56,15.649,53.779
2026-06-07 10:42:44,40,51,0,47,15.889,51.715
2026-06-07 10:47:44,45,53,0,37,16.391,49.692
2026-06-07 10:52:44,39,47,0,35,16.853,48.328
2026-06-07 10:57:44,40,48,0,42,16.866,49.062
2026-06-07 11:02:44,42,50,0,31,17.47,47.639
2026-06-07 11:07:44,40,49,0,17,17.544,47.096
2026-06-07 11:12:45,39,49,0,43,18.081,46.306
2026-06-07 11:17:44,40,48,0,23,16.81,49.694
2026-06-07 11:22:44,41,49,0,30,18.335,45.696
2026-06-07 11:27:53,42,52,0,38,17.723,47.063
2026-06-07 11:32:44,41,48,0,11,19.072,43.659
2026-06-07 11:37:44,40,47,0,40,19.064,44.097
2026-06-07 11:42:44,40,49,0,10,18.973,43.042
2026-06-07 11:47:44,41,50,0,29,19.088,43.933
2026-06-07 11:52:44,39,47,0,25,20.111,43.231
2026-06-07 11:57:44,43,50,0,27,19.414,43.945
2026-06-07 12:02:44,41,49,0,4,19.812,42.781
2026-06-07 12:07:44,41,50,0,6,19.742,42.291
2026-06-07 12:12:44,40,48,0,0,21.024,39.06
2026-06-07 12:17:44,40,47,0,0,21.796,38.28
2026-06-07 12:22:45,41,49,0,0,21.355,38.947
2026-06-07 12:27:44,40,50,0,0,22.474,37.122
2026-06-07 12:32:45,40,48,0,0,22.821,37.097
2026-06-07 12:37:44,42,50,0,0,22.89,35.344
2026-06-07 12:42:45,38,45,0,0,23.045,35.373
2026-06-07 12:47:45,38,47,0,0,22.533,36.63
2026-06-07 12:52:45,38,45,0,0,23.248,34.679
2026-06-07 12:57:54,35,44,0,0,23.443,34.402
2026-06-07 13:02:45,36,45,0,0,21.838,35.688
2026-06-07 13:07:44,34,40,0,0,22.148,35.4
2026-06-07 13:12:45,38,45,0,0,20.45,38.633
2026-06-07 13:17:46,35,41,0,0,22.768,35.283
2026-06-07 13:22:46,33,39,0,0,22.469,35.081
2026-06-07 13:27:45,34,38,0,0,24.105,33.157
2026-06-07 13:32:46,33,40,0,0,24.615,32.71
2026-06-07 13:37:46,52,63,0,0,22.885,34.293
2026-06-07 13:42:46,33,37,0,0,23.312,34.29
2026-06-07 13:47:45,33,37,0,0,22.482,35.447
2026-06-07 13:52:46,33,36,0,0,22.354,36.605
2026-06-07 13:57:46,32,36,0,0,21.801,37.7
2026-06-07 14:02:46,42,50,0,0,21.926,36.967
2026-06-07 14:07:46,34,39,0,0,21.876,36.115
2026-06-07 14:12:46,28,29,0,0,22.482,35.489
2026-06-07 14:17:45,33,36,0,0,21.996,36.037
2026-06-07 14:22:46,25,27,0,0,21.932,36.76
2026-06-07 14:27:46,24,26,0,0,22.928,34.908
2026-06-07 14:32:46,25,26,0,0,21.894,35.594
2026-06-07 14:37:46,27,28,0,0,23.019,34.503
2026-06-07 14:42:46,26,27,0,0,22.698,34.084
2026-06-07 14:47:46,25,27,0,0,22.207,34.475
2026-06-07 14:52:46,25,26,0,0,22.746,34.213
2026-06-07 14:57:46,25,27,0,0,22.837,33.605
2026-06-07 15:02:46,26,27,0,0,22.618,34.127
2026-06-07 15:07:46,23,27,0,0,22.936,33.532
2026-06-07 15:12:46,24,25,0,0,22.976,33.336
2026-06-07 15:17:46,23,24,0,0,22.618,33.267
2026-06-07 15:22:46,22,23,0,0,23.152,33.181
2026-06-07 15:27:46,19,20,0,0,22.904,32.933
2026-06-07 15:32:46,22,23,0,0,22.818,32.594
2026-06-07 15:37:46,20,23,0,0,22.559,32.952
2026-06-07 15:42:46,22,23,0,0,22.84,32.388
2026-06-07 15:47:46,21,22,0,0,22.095,33.105
2026-06-07 15:52:46,22,23,0,0,21.942,32.823
2026-06-07 15:57:46,22,22,0,0,21.804,33.588
2026-06-07 16:02:55,22,22,0,0,22.161,33.336
2026-06-07 16:07:46,19,19,0,0,22.415,32.584
2026-06-07 16:12:46,24,24,0,13,22.629,31.673
2026-06-07 16:17:47,14,19,0,0,22.682,31.421
2026-06-07 16:22:47,19,22,0,0,22.987,30.879
2026-06-07 16:27:47,19,19,0,0,22.818,31.291
2026-06-07 16:32:47,18,22,0,0,22.687,31.558
2026-06-07 16:37:47,18,21,0,0,22.351,32.178
2026-06-07 16:42:47,21,22,0,0,21.929,33.034
2026-06-07 16:47:47,25,25,0,0,21.854,33.055
2026-06-07 16:52:47,22,24,0,0,21.699,34.038
2026-06-07 16:57:47,23,23,0,0,21.432,34.526
2026-06-07 17:02:47,22,24,0,0,20.703,35.382
2026-06-07 17:07:47,24,24,0,0,20.199,36.571
2026-06-07 17:12:47,23,24,0,0,20.023,37.175
2026-06-07 17:17:48,23,24,0,0,19.878,37.12
2026-06-07 17:22:47,27,29,0,0,19.454,38.116
2026-06-07 17:27:47,26,31,0,0,19.283,38.511
2026-06-07 17:32:47,25,25,0,0,19.184,38.867
2026-06-07 17:37:48,23,23,0,0,18.989,39.174
2026-06-07 17:42:47,27,27,0,0,18.762,39.512
2026-06-07 17:47:47,26,27,0,0,18.743,39.56
2026-06-07 17:52:47,25,26,0,0,18.679,39.819
2026-06-07 17:57:48,29,30,0,7,18.434,40.601
2026-06-07 18:02:47,28,30,0,0,18.404,40.63
2026-06-07 18:07:48,26,27,0,0,18.257,41.305
2026-06-07 18:12:47,31,35,0,0,18.009,42.032
2026-06-07 18:17:47,47,59,0,26,17.945,42.938
2026-06-07 18:22:47,31,33,0,0,18.014,41.942
2026-06-07 18:27:47,68,78,0,164,17.528,43.914
2026-06-07 18:32:47,36,45,0,88,17.09,45.202
2026-06-07 18:37:48,33,37,0,30,16.519,47.256
2026-06-07 18:42:47,75,83,0,165,16.249,48.322
2026-06-07 18:47:47,126,131,0,101,15.926,49.301
2026-06-07 18:52:48,41,51,0,81,15.552,50.441
2026-06-07 18:57:47,41,49,0,79,15.184,51.965
2026-06-07 19:02:48,52,65,0,113,14.893,53.291
2026-06-07 19:07:48,49,60,0,250,14.508,54.628
2026-06-07 19:12:47,73,77,0,262,14.18,55.616
2026-06-07 19:17:49,103,108,0,756,13.833,57.685
2026-06-07 19:22:49,42,51,0,147,13.478,59.681
2026-06-07 19:27:49,44,52,0,320,13.117,60.716
2026-06-07 19:32:49,44,57,0,142,12.861,61.147
2026-06-07 19:37:49,46,56,0,145,12.658,61.184
2026-06-07 19:42:49,42,50,0,169,12.575,60.772
2026-06-07 19:47:49,44,54,0,232,12.495,61.09
2026-06-07 19:52:49,41,48,0,181,12.236,61.054
2026-06-07 19:57:58,42,52,0,183,12.161,61.296
2026-06-07 20:02:49,42,49,0,228,12.054,61.548
2026-06-07 20:07:49,44,52,0,202,11.889,62.275
2026-06-07 20:12:49,41,51,0,202,11.739,62.69
2026-06-07 20:17:49,44,56,0,181,11.643,63.221
2026-06-07 20:22:49,39,49,0,110,11.55,62.959
2026-06-07 20:27:49,42,51,0,148,11.544,62.404
2026-06-07 20:32:49,43,52,0,160,11.496,63.142
2026-06-07 20:37:49,43,51,0,162,11.328,63.846
2026-06-07 20:42:49,45,57,0,167,11.128,64.523
2026-06-07 20:47:49,40,47,0,181,10.981,64.68
2026-06-07 20:52:49,38,44,0,146,10.906,65.294
2026-06-07 20:57:49,38,48,0,129,10.869,66.505
2026-06-07 21:02:49,39,46,0,131,10.708,67.03
2026-06-07 21:07:49,39,48,0,139,10.505,67.579
2026-06-07 21:12:49,38,48,0,155,10.521,67.516
2026-06-07 21:17:52,44,53,0,160,10.332,68.565
2026-06-07 21:22:49,54,67,0,250,10.185,68.828
2026-06-07 21:27:49,55,71,0,253,10.065,69.353
2026-06-07 21:32:49,70,80,0,318,9.926,69.336
2026-06-07 21:37:57,57,70,0,254,9.806,70.637
2026-06-07 21:42:49,49,60,0,185,9.643,71.485
2026-06-07 21:47:49,42,51,0,138,9.549,70.648
2026-06-07 21:52:49,45,54,0,153,9.483,70.915
2026-06-07 21:57:49,52,66,0,232,9.309,71.422
2026-06-07 22:02:49,54,68,0,282,9.234,71.07
2026-06-07 22:07:49,43,52,0,120,9.218,71.102
2026-06-07 22:12:49,55,70,0,233,9.133,70.736
2026-06-07 22:17:50,53,67,0,330,9.015,71.55
2026-06-07 22:22:50,52,64,0,236,8.877,71.295
2026-06-07 22:27:50,57,73,0,264,8.748,71.745
2026-06-07 22:32:50,57,70,0,226,8.572,72.798
2026-06-07 22:37:50,56,69,0,231,8.527,73.156
2026-06-07 22:42:50,52,62,0,188,8.497,72.843
2026-06-07 22:47:50,53,63,0,204,8.305,73.2
2026-06-07 22:52:50,55,69,0,224,8.236,73.427
2026-06-07 22:57:50,53,65,0,190,8.22,73.433
2026-06-07 23:02:50,51,62,0,191,8.081,73.299
2026-06-07 23:07:50,43,51,0,197,7.905,72.792
2026-06-07 23:12:50,47,55,0,202,7.838,72.824
2026-06-07 23:17:50,49,60,0,189,7.776,73.389
2026-06-07 23:22:51,53,67,0,199,7.811,73.44
2026-06-07 23:27:50,54,66,0,271,7.776,73.559
2026-06-07 23:32:51,63,79,0,294,7.584,74.447
2026-06-07 23:37:50,55,72,0,333,7.52,74.797
2026-06-07 23:42:50,54,70,0,237,7.365,75.1
2026-06-07 23:47:50,78,89,0,342,7.2,74.447
2026-06-07 23:52:51,54,68,0,211,7.125,75.123
2026-06-07 23:57:50,51,64,0,202,7.063,75.542
2026-06-08 00:02:50,54,70,0,247,7.162,75.394
2026-06-08 00:07:51,48,61,0,198,7.055,76.357
2026-06-08 00:12:50,46,58,0,202,7.045,76.256
2026-06-08 00:17:51,56,71,0,241,6.925,76.492
2026-06-08 00:22:50,50,59,0,184,6.85,75.834
2026-06-08 00:27:51,51,62,0,190,6.73,76.294
2026-06-08 00:32:50,53,64,0,207,6.754,75.979
2026-06-08 00:38:01,53,66,0,225,6.607,76.403
2026-06-08 00:42:50,47,58,0,262,6.551,76.654
2026-06-08 00:47:51,53,65,0,231,6.823,74.123
2026-06-08 00:52:50,61,76,0,257,6.965,73.158
2026-06-08 00:57:50,51,65,0,205,6.855,73.381
2026-06-08 01:02:50,56,70,0,193,6.788,73.692
2026-06-08 01:07:50,64,78,0,246,6.85,73.349
2026-06-08 01:12:51,70,82,0,294,6.738,73.793
2026-06-08 01:17:52,58,71,0,376,6.633,74.055
2026-06-08 01:22:52,54,65,0,207,6.575,74.152
2026-06-08 01:27:52,62,78,0,263,6.516,75.107
2026-06-08 01:32:52,55,68,0,263,6.324,75.558
2026-06-08 01:37:51,52,65,0,243,6.238,75.237
2026-06-08 01:42:52,53,63,0,212,6.134,75.308
2026-06-08 01:48:01,55,71,0,257,6.164,75.97
2026-06-08 01:52:52,53,65,0,190,5.886,76.244
2026-06-08 01:58:02,49,62,0,181,5.896,76.38
2026-06-08 02:03:01,50,60,0,171,5.859,76.523
2026-06-08 02:07:52,48,59,0,161,5.824,76.656
2026-06-08 02:12:52,47,55,0,141,5.541,76.702
2026-06-08 02:17:52,46,55,0,121,5.667,76.723
2026-06-08 02:22:52,50,60,0,153,5.76,77.598
2026-06-08 02:27:51,62,79,0,192,5.651,77.379
2026-06-08 02:32:52,76,86,0,214,5.629,77.101
2026-06-08 02:37:51,59,73,0,196,5.501,75.884
2026-06-08 02:42:52,122,139,0,400,5.469,74.497
2026-06-08 02:47:52,48,60,0,127,5.33,78.916
2026-06-08 02:52:51,51,62,0,127,5.378,77.976
2026-06-08 02:57:52,57,72,0,198,5.306,78.077
2026-06-08 03:02:52,54,69,0,184,5.256,77.104
2026-06-08 03:07:54,52,64,0,153,5.117,77.478
2026-06-08 03:12:51,51,62,0,143,5.186,77
2026-06-08 03:17:52,59,74,0,237,5.175,77.534
2026-06-08 03:22:52,55,67,0,188,5.256,77.223
2026-06-08 03:27:52,52,65,0,184,5.272,77.103
2026-06-08 03:32:52,50,59,0,139,5.111,76.805
2026-06-08 03:37:52,46,56,0,168,5.095,76.305
2026-06-08 03:42:52,47,57,0,163,5.082,76.233
2026-06-08 03:47:52,49,59,0,149,5.149,75.783
2026-06-08 03:52:52,47,57,0,156,5.127,75.653
2026-06-08 03:57:52,47,57,0,172,4.999,76.153
2026-06-08 04:02:52,43,51,0,132,4.842,75.758
2026-06-08 04:07:52,47,59,0,155,4.783,76.212
2026-06-08 04:12:52,47,59,0,141,4.743,76.204
2026-06-08 04:17:53,48,59,0,310,4.561,76.404
2026-06-08 04:22:53,49,60,0,179,4.503,76.858
2026-06-08 04:27:53,49,60,0,163,4.441,77.385
2026-06-08 04:32:53,46,57,0,156,4.441,77.768
2026-06-08 04:37:53,49,59,0,148,4.372,78.205
2026-06-08 04:42:53,49,60,0,145,4.374,77.768
2026-06-08 04:47:53,49,58,0,146,4.233,78.339
2026-06-08 04:52:53,46,57,0,139,4.23,77.881
2026-06-08 04:57:53,46,57,0,147,4.262,77.886
2026-06-08 05:02:53,46,54,0,147,4.385,77.299
2026-06-08 05:07:53,44,52,0,145,4.46,77.476
2026-06-08 05:12:53,49,60,0,148,4.513,77.131
2026-06-08 05:17:53,48,60,0,137,4.609,76.017
2026-06-08 05:22:54,43,49,0,135,4.553,76.111
2026-06-08 05:27:53,40,48,0,127,4.513,75.43
2026-06-08 05:32:53,42,48,0,114,4.524,76.063
2026-06-08 05:37:54,42,50,0,108,4.476,75.806
2026-06-08 05:43:03,36,43,0,126,4.468,75.63
2026-06-08 05:47:53,39,44,0,122,4.366,76.008
2026-06-08 05:52:53,39,47,0,133,4.385,75.83
2026-06-08 05:57:54,43,49,0,150,4.257,76.286
2026-06-08 06:02:53,45,53,0,146,4.284,76.477
2026-06-08 06:07:53,43,54,0,161,4.094,76.973
2026-06-08 06:12:53,46,57,0,156,4.169,76.82
2026-06-08 06:17:54,48,60,0,156,3.899,77.438
2026-06-08 06:22:53,49,58,0,157,3.854,77.705
2026-06-08 06:27:54,47,58,0,169,3.979,77.492
2026-06-08 06:32:53,44,55,0,165,3.993,77.85
2026-06-08 06:37:53,49,57,0,233,3.907,78.144
2026-06-08 06:42:53,46,59,0,188,3.993,78.001
2026-06-08 06:47:54,48,58,0,231,3.915,77.654
2026-06-08 06:52:53,48,57,0,214,3.95,77.631
2026-06-08 06:57:53,48,57,0,212,3.952,77.331
2026-06-08 07:02:53,47,57,0,200,3.958,77.419
2026-06-08 07:08:01,46,56,0,235,3.803,78.596
2026-06-08 07:12:53,48,56,0,200,3.819,78.586
2026-06-08 07:17:55,42,49,0,347,3.84,77.968
2026-06-08 07:22:55,41,48,0,153,3.744,77.759
2026-06-08 07:27:55,37,43,0,151,3.814,77.457
2026-06-08 07:32:54,37,44,0,149,3.8,77.421
2026-06-08 07:37:55,39,45,0,152,3.712,77.549
2026-06-08 07:42:55,39,43,0,308,3.771,77.446
2026-06-08 07:47:55,44,56,0,245,3.739,77.665
2026-06-08 07:52:54,40,48,0,184,3.918,77.083
2026-06-08 07:57:55,42,49,0,191,4.041,76.296
2026-06-08 08:02:54,43,56,0,170,4.07,76.229
2026-06-08 08:07:55,39,52,0,174,4.083,75.846
2026-06-08 08:12:55,39,45,0,144,4.07,75.821
2026-06-08 08:17:54,39,45,0,138,4.078,75.443
2026-06-08 08:22:55,35,42,0,138,4.126,75.126
2026-06-08 08:28:02,39,43,0,158,4.27,75.041
2026-06-08 08:32:55,37,38,0,155,4.454,73.961
2026-06-08 08:38:04,39,43,0,145,4.433,74.297
2026-06-08 08:42:55,36,38,0,166,4.665,74.953
2026-06-08 08:47:55,42,47,0,232,4.78,74.613
2026-06-08 08:52:54,42,50,0,209,4.892,73.257
2026-06-08 08:57:55,42,49,0,200,5.159,72.559
2026-06-08 09:03:05,39,45,0,203,5.448,72.956
2026-06-08 09:07:54,43,51,0,219,5.83,73.831
2026-06-08 09:12:55,46,58,0,189,6.431,72.433
2026-06-08 09:17:55,56,68,101,182,7.237,68.571
2026-06-08 09:22:55,46,55,0,156,8.017,65.561
2026-06-08 09:27:55,41,48,0,148,8.268,65.027
2026-06-08 09:32:55,41,49,0,141,8.556,65.042
2026-06-08 09:37:54,40,51,0,152,8.802,62.605
2026-06-08 09:42:55,41,54,0,166,9.312,61.535
2026-06-08 09:47:55,41,50,0,163,9.667,62.051
2026-06-08 09:52:55,37,43,0,145,10.025,57.954
2026-06-08 09:57:55,38,45,0,149,10.409,57.901
2026-06-08 10:02:55,35,38,0,134,10.935,55.902
2026-06-08 10:07:55,36,40,0,127,11.699,54.243
2026-06-08 10:12:55,35,41,0,113,12.61,51.191
2026-06-08 10:17:56,34,38,0,184,13.005,49.314
2026-06-08 10:22:56,34,38,0,117,13.432,48.07
2026-06-08 10:27:56,35,42,0,128,14.45,45.884
2026-06-08 10:32:56,33,40,0,133,14.893,44.448
2026-06-08 10:37:56,31,35,0,100,15.352,43.451
2026-06-08 10:42:56,27,30,0,80,16.231,39.148
2026-06-08 10:47:56,28,30,0,55,16.297,39.533
2026-06-08 10:52:56,26,27,0,46,17.005,38.392
2026-06-08 10:57:56,26,29,0,41,17.288,37.845
2026-06-08 11:02:56,22,23,0,17,18.228,35.835
2026-06-08 11:07:56,24,25,0,26,18.511,35.081
2026-06-08 11:12:56,24,24,0,30,18.725,34.646
2026-06-08 11:17:56,24,25,0,12,18.805,34.164
2026-06-08 11:22:56,24,26,0,21,19.213,34.576
2026-06-08 11:27:56,29,29,0,15,19.601,33.652
2026-06-08 11:32:57,28,28,0,30,19.643,33.92
2026-06-08 11:37:56,32,35,0,17,20.167,32.701
2026-06-08 11:42:57,31,35,0,10,20.378,32.443
2026-06-08 11:47:58,30,35,0,19,20.655,32.691
2026-06-08 11:52:57,36,42,0,28,21.181,31.499
2026-06-08 11:57:56,35,42,0,22,20.869,31.94
2026-06-08 12:02:56,35,42,0,34,21.489,31.329
2026-06-08 12:07:56,31,34,0,0,22.007,28.031
2026-06-08 12:12:56,23,25,0,0,22.234,28.646
2026-06-08 12:17:57,22,24,0,0,22.599,28.588
2026-06-08 12:22:56,26,27,0,12,22.89,28.712
2026-06-08 12:27:57,29,32,0,0,22.939,26.492
2026-06-08 12:33:05,31,32,0,6,23.2,27.782
2026-06-08 12:37:57,29,30,0,0,21.304,30.477
2026-06-08 12:43:42,25,27,0,0,21.865,28.836
2026-06-08 12:47:57,25,27,0,0,21.051,29.685
2026-06-08 12:52:56,27,27,0,0,21.934,30.227
2026-06-08 12:57:57,27,29,0,0,20.781,31.734
2026-06-08 13:02:56,28,30,0,0,20.103,33.073
2026-06-08 13:07:57,29,33,0,0,19.395,34.986
2026-06-08 13:12:57,28,30,0,0,19.331,35.43
2026-06-08 13:17:58,26,28,0,0,19.974,34.955
2026-06-08 13:23:19,29,29,0,0,19.758,36.161
2026-06-08 13:27:57,28,30,0,0,19.609,36.363
2026-06-08 13:32:58,31,33,0,0,19.55,36.931
2026-06-08 13:38:04,29,30,0,0,19.47,36.359
2026-06-08 13:42:57,34,39,0,0,18.962,38.001
2026-06-08 13:47:58,33,40,0,0,18.986,37.952
2026-06-08 13:52:58,30,37,0,0,19.101,37.843
2026-06-08 13:57:58,33,36,0,0,19.056,37.463
2026-06-08 14:02:57,34,39,0,0,18.936,37.452
2026-06-08 14:07:58,33,38,0,0,19.47,37.011
2026-06-08 14:12:58,32,37,0,0,19.176,37.734
2026-06-08 14:18:07,34,39,0,0,19.051,37.854
2026-06-08 14:22:58,31,38,0,0,19.136,37.83
2026-06-08 14:27:57,32,36,0,0,19.251,37.62
2026-06-08 14:32:58,32,35,0,0,19.496,37.856
2026-06-08 14:37:57,31,37,0,0,19.123,38.333
2026-06-08 14:42:58,38,48,0,0,19.173,39.054
2026-06-08 14:47:57,34,38,0,0,18.487,40.565
2026-06-08 14:52:58,34,37,0,0,18.559,40.42
2026-06-08 14:57:58,34,39,0,0,18.26,41.467
2026-06-08 15:02:58,36,42,0,0,18.271,41.854
2026-06-08 15:07:58,36,40,0,0,18.143,42.255
2026-06-08 15:12:58,33,37,0,0,18.346,42.48
2026-06-08 15:17:58,35,41,0,0,18.057,42.976
2026-06-08 15:22:57,34,39,0,0,18.231,43.168
2026-06-08 15:27:58,36,41,0,0,17.966,44.231
2026-06-08 15:32:58,38,45,0,0,17.576,45.902
2026-06-08 15:37:58,35,42,0,0,17.731,45.627
2026-06-08 15:42:58,39,45,0,0,17.595,46.462
2026-06-08 15:47:58,39,46,0,0,17.398,47.141
2026-06-08 15:52:58,35,44,0,0,17.454,47.231
2026-06-08 15:57:58,38,45,0,0,17.403,47.359
2026-06-08 16:02:58,37,46,0,0,17.432,47.231
2026-06-08 16:07:58,36,42,0,0,17.189,48.093
2026-06-08 16:12:58,38,45,0,0,17.05,48.183
2026-06-08 16:17:59,39,47,0,0,16.765,49.039
2026-06-08 16:22:59,40,49,0,0,16.642,49.661
2026-06-08 16:27:59,48,60,0,0,16.618,49.558
2026-06-08 16:32:59,40,49,0,0,16.495,50.538
2026-06-08 16:37:59,40,49,0,0,16.268,51.517
2026-06-08 16:42:59,41,51,0,0,16.228,51.776
2026-06-08 16:47:59,41,52,0,0,16.076,52.579
2026-06-08 16:52:59,45,55,0,0,16.014,53.195
2026-06-08 16:57:59,42,50,0,0,15.945,53.083
2026-06-08 17:02:59,42,52,0,0,15.795,53.766
2026-06-08 17:07:59,42,51,0,0,15.782,53.741
2026-06-08 17:12:59,42,53,0,0,15.646,54.431
2026-06-08 17:17:59,41,49,0,0,15.568,54.939
2026-06-08 17:22:59,43,52,0,0,15.365,55.681
2026-06-08 17:27:59,41,49,0,0,15.323,55.893
2026-06-08 17:32:59,41,49,0,0,15.045,57.13
2026-06-08 17:37:59,41,49,0,0,14.997,57.256
2026-06-08 17:43:00,42,52,0,0,14.874,57.68
2026-06-08 17:47:59,40,51,0,0,14.914,57.455
2026-06-08 17:53:00,44,55,0,0,14.783,58.248
2026-06-08 17:57:59,42,50,0,0,14.746,58.179
2026-06-08 18:02:59,44,53,0,0,14.751,58.021
2026-06-08 18:07:59,44,55,0,0,14.701,58.118
2026-06-08 18:13:00,44,54,0,43,14.434,59.757
2026-06-08 18:18:09,47,56,0,0,13.688,64.449
2026-06-08 18:23:00,47,58,0,0,13.566,65.059
2026-06-08 18:28:00,46,56,0,3,13.17,67.571
2026-06-08 18:32:59,49,63,0,0,13.173,67.211
2026-06-08 18:38:00,50,61,0,0,13.2,67.287
2026-06-08 18:42:59,49,61,0,0,13.08,67.964
2026-06-08 18:48:00,49,64,0,0,12.997,68.22
2026-06-08 18:52:59,50,63,0,0,13.005,68.086
2026-06-08 18:58:00,51,65,0,18,12.468,71.165
2026-06-08 19:03:00,48,60,0,24,12.564,70.804
2026-06-08 19:08:00,51,64,0,19,12.324,72.099
2026-06-08 19:12:59,53,65,0,0,12.102,73.049
2026-06-08 19:18:00,50,63,0,23,12.07,73.177
2026-06-08 19:23:01,50,60,0,1,12.335,71.249
2026-06-08 19:28:00,49,63,0,0,12.409,71.012
2026-06-08 19:33:00,51,64,0,0,12.311,71.598
2026-06-08 19:38:01,50,64,0,0,12.436,70.362
2026-06-08 19:43:01,48,59,0,0,12.364,70.692
2026-06-08 19:48:01,48,58,0,0,12.754,68.331
2026-06-08 19:53:01,47,59,0,0,12.7,68.34
2026-06-08 19:58:00,49,59,0,0,12.076,72.777
2026-06-08 20:03:01,48,61,0,0,11.728,74.814
2026-06-08 20:08:01,52,65,0,4,11.6,75.559
2026-06-08 20:13:00,51,66,0,10,11.288,77.648
2026-06-08 20:18:01,50,63,0,2,11.248,77.841
2026-06-08 20:23:01,51,64,0,15,11.606,75.834
2026-06-08 20:28:01,48,60,0,0,11.814,74.688
2026-06-08 20:33:01,51,63,0,10,11.817,74.562
2026-06-08 20:38:01,50,64,0,2,11.769,75.117
2026-06-08 20:43:01,49,62,0,15,11.638,76.031
2026-06-08 20:48:01,49,63,0,38,11.694,75.926
2026-06-08 20:53:01,50,62,0,41,11.691,76.111
2026-06-08 20:58:01,52,64,0,36,11.544,76.557
2026-06-08 21:03:01,50,64,0,26,11.576,76.387
2026-06-08 21:08:01,53,66,0,36,11.117,79.079
2026-06-08 21:23:01,51,66,0,37,10.954,80.11
2026-06-08 21:28:01,50,61,0,43,10.826,81.15
2026-06-08 21:33:00,50,62,0,45,10.885,80.635
2026-06-08 21:38:01,51,63,0,79,10.927,80.557
2026-06-08 21:43:22,50,63,0,64,10.441,83.023
2026-06-08 21:48:01,51,65,0,58,10.436,83.508
2026-06-08 21:53:01,54,71,0,46,10.137,85.171
2026-06-08 21:58:10,55,68,0,33,10.1,85.461
2026-06-08 22:03:01,52,68,0,42,10.046,86.124
2026-06-08 22:08:01,55,68,0,55,9.833,87.4
2026-06-08 22:13:01,55,70,0,66,9.875,87.261
2026-06-08 22:18:02,52,66,0,122,10.11,86.161
2026-06-08 22:23:02,54,70,0,62,10.065,86.26
2026-06-08 22:28:02,60,75,0,73,10.054,86.239
2026-06-08 22:33:47,61,74,0,67,9.91,87.128
2026-06-08 22:38:11,61,77,0,67,9.99,86.775
2026-06-08 22:43:02,70,82,0,108,9.99,87.267
2026-06-08 22:48:02,60,75,0,57,9.886,87.793
2026-06-08 22:53:02,56,70,0,53,9.841,88.03
2026-06-08 22:58:03,56,69,0,65,10.025,87.162
2026-06-08 23:03:02,55,68,0,58,9.862,88.16
2026-06-08 23:08:02,56,71,0,42,9.782,88.493
2026-06-08 23:13:02,55,70,0,51,9.905,88.259
2026-06-08 23:18:02,54,69,0,63,10.084,87.236
2026-06-08 23:23:02,51,65,0,62,10.161,86.967
2026-06-08 23:28:02,61,75,0,91,10.158,87.088
2026-06-08 23:33:02,55,69,0,72,10.105,86.712
2026-06-08 23:38:02,53,68,0,63,10.041,87.067
2026-06-08 23:43:02,55,71,0,92,10.126,86.636
2026-06-08 23:48:02,53,66,0,76,10.19,86.622
2026-06-08 23:53:02,52,67,0,63,9.859,88.247
2026-06-09 00:03:03,54,67,0,86,9.827,88.417
2026-06-09 00:08:02,54,67,0,72,9.977,87.601
2026-06-09 00:13:02,55,73,0,73,9.934,87.439
2026-06-09 00:18:02,55,71,0,77,9.8,88.249
2026-06-09 00:23:02,54,71,0,66,9.779,88.139
2026-06-09 00:28:02,53,66,0,63,9.918,87.765
2026-06-09 00:33:02,52,66,0,66,9.825,88.038
2026-06-09 00:38:02,53,67,0,73,9.817,88.211
2026-06-09 00:43:02,51,65,0,79,9.833,87.788
2026-06-09 00:48:02,54,67,0,88,9.817,87.032
2026-06-09 00:53:02,54,68,0,79,9.584,88.976
2026-06-09 00:58:02,52,67,0,70,9.776,88.324
2026-06-09 01:03:02,52,68,0,75,9.859,87.601
2026-06-09 01:08:02,53,68,0,88,9.947,86.754
2026-06-09 01:13:02,53,67,0,94,9.849,86.102
2026-06-09 01:18:03,62,75,0,378,9.768,86.159
2026-06-09 01:23:03,56,71,0,127,9.768,86.519
2026-06-09 01:28:03,53,67,0,123,9.883,85.152
2026-06-09 01:33:03,53,68,0,112,9.776,85.817
2026-06-09 01:38:03,55,68,0,109,9.862,85.526
2026-06-09 01:43:04,57,73,0,104,9.918,85.527
2026-06-09 01:48:03,52,66,0,89,9.867,85.464
2026-06-09 01:53:03,51,65,0,82,9.742,86.287
2026-06-09 01:58:03,57,74,0,116,9.549,86.55
2026-06-09 02:03:04,55,71,0,75,9.646,86.784
2026-06-09 02:08:03,55,70,0,78,9.453,87.666
2026-06-09 02:13:03,53,66,0,92,9.416,87.654
2026-06-09 02:18:03,57,74,0,87,9.576,87.097
2026-06-09 02:23:04,58,74,0,108,9.734,86.121
2026-06-09 02:28:04,52,67,0,95,9.598,86.224
2026-06-09 02:33:04,52,67,0,71,9.598,85.817
2026-06-09 02:38:03,53,69,0,75,9.544,85.896
2026-06-09 02:43:03,52,66,0,106,9.424,86.523
2026-06-09 02:48:04,52,68,0,83,9.381,86.649
2026-06-09 02:53:04,51,65,0,68,9.325,86.796
2026-06-09 02:58:04,55,69,0,81,9.146,89.413
2026-06-09 03:03:04,53,69,0,94,9.202,88.053
2026-06-09 03:08:04,55,69,0,85,9.253,89.369
2026-06-09 03:13:04,56,72,0,74,9.088,90.92
2026-06-09 03:18:03,55,71,0,74,9.248,90.633
2026-06-09 03:23:04,55,71,0,66,8.994,92.072
2026-06-09 03:28:04,63,77,0,59,8.73,93.836
2026-06-09 03:33:04,58,75,0,50,8.727,94.216
2026-06-09 03:38:04,55,71,0,50,8.919,93.224
2026-06-09 03:43:04,56,72,0,44,8.909,93.239
2026-06-09 03:48:14,57,74,0,64,8.946,93.472
2026-06-09 03:53:03,57,70,0,51,9.093,92.695
2026-06-09 03:58:04,55,70,0,63,9.213,92.054
2026-06-09 04:03:03,59,75,0,50,9.117,92.459
2026-06-09 04:08:04,59,76,0,51,9.096,92.36
2026-06-09 04:13:04,58,75,0,53,9.085,91.406
2026-06-09 04:18:05,62,78,0,210,8.604,92.417
2026-06-09 04:23:05,57,74,0,60,8.983,92.562
2026-06-09 04:28:05,57,74,0,57,9.055,92.617
2026-06-09 04:33:05,59,77,0,50,9.034,93.397
2026-06-09 04:38:05,61,77,0,49,9.098,92.966
2026-06-09 04:43:05,58,75,0,51,9.186,92.932
2026-06-09 04:48:05,58,75,0,51,9.322,92.283
2026-06-09 04:53:05,58,78,0,45,9.138,92.743
2026-06-09 04:58:05,59,76,0,48,9.122,92.848
2026-06-09 05:03:05,57,74,0,51,9.293,92.127
2026-06-09 05:08:05,52,68,0,50,9.336,92.003
2026-06-09 05:13:05,53,69,0,47,9.491,91.402
2026-06-09 05:18:05,55,69,0,46,9.298,92.182
2026-06-09 05:23:05,57,72,0,44,9.339,92.077
2026-06-09 05:28:05,57,71,0,37,9.298,91.99
2026-06-09 05:33:05,56,70,0,46,9.363,91.971
2026-06-09 05:38:05,57,72,0,42,9.288,92.245
2026-06-09 05:43:05,58,73,0,38,9.392,92.318
2026-06-09 05:48:05,57,73,0,43,9.392,92.314
2026-06-09 05:53:05,53,68,0,35,9.528,91.293
2026-06-09 05:58:06,56,70,0,43,9.365,92.339
2026-06-09 06:03:05,56,69,0,46,9.341,91.988
2026-06-09 06:08:05,55,71,0,56,9.381,91.934
2026-06-09 06:13:05,51,67,0,51,9.376,91.963
2026-06-09 06:18:05,56,72,0,60,9.403,92.127
2026-06-09 06:23:05,56,73,0,41,9.357,92.289
2026-06-09 06:28:12,55,70,0,45,9.408,91.932
2026-06-09 06:33:05,52,64,0,52,9.659,91.37
2026-06-09 06:38:06,53,69,0,61,9.576,91.259
2026-06-09 06:43:05,50,63,0,50,9.76,90.061
2026-06-09 06:48:06,52,65,0,61,9.851,89.497
2026-06-09 06:53:05,51,66,0,60,9.99,88.785
2026-06-09 06:58:06,49,62,0,65,10.11,88.738
2026-06-09 07:03:05,50,66,0,78,10.065,88.491
2026-06-09 07:08:06,51,68,0,77,10.009,88.715
2026-06-09 07:13:06,55,70,0,66,9.694,88.818
2026-06-09 07:18:07,55,69,0,250,9.875,87.824
2026-06-09 07:23:06,56,73,0,77,9.993,87.051
2026-06-09 07:28:07,61,76,0,103,9.659,88.858
2026-06-09 07:33:06,56,73,0,79,9.875,87.456
2026-06-09 07:38:07,62,78,0,72,9.533,89.006
2026-06-09 07:43:07,55,70,0,90,9.891,87.362
2026-06-09 07:48:06,57,72,0,120,9.531,89.201
2026-06-09 07:53:07,55,70,0,78,9.878,87.868
2026-06-09 07:58:06,55,72,0,88,9.71,88.636
2026-06-09 08:03:06,55,72,0,95,9.712,88.341
2026-06-09 08:08:06,52,67,0,90,9.955,88.19
2026-06-09 08:13:06,55,73,0,94,9.873,88.173
2026-06-09 08:18:07,54,69,0,95,9.632,89.632
2026-06-09 08:23:06,58,74,0,84,9.664,89.035
2026-06-09 08:28:07,55,70,0,104,9.838,87.715
2026-06-09 08:33:06,61,76,0,107,9.21,90.586
2026-06-09 08:38:06,56,72,0,104,9.699,88.575
2026-06-09 08:43:07,56,75,0,89,9.72,88.491
2026-06-09 08:48:07,68,80,0,114,9.598,89.125
2026-06-09 08:53:28,56,73,0,107,9.822,88.474
2026-06-09 08:58:06,54,67,0,78,10.217,86.447
2026-06-09 09:03:07,54,71,0,88,10.431,85.842
2026-06-09 09:08:07,53,66,0,94,10.415,85.545
2026-06-09 09:13:07,56,72,0,77,10.484,85.699
2026-06-09 09:18:06,53,66,0,94,10.708,84.358
2026-06-09 09:23:07,54,71,0,96,10.893,83.42
2026-06-09 09:28:07,54,69,0,80,10.655,83.483
2026-06-09 09:33:07,55,68,0,65,10.238,84.951
2026-06-09 09:38:07,66,80,0,93,10.105,86.052
2026-06-09 09:43:07,62,75,0,103,10.166,86.187
2026-06-09 09:48:07,64,77,0,97,10.364,85.634
2026-06-09 09:53:07,58,72,0,83,10.468,85.03
2026-06-09 09:58:07,56,71,0,81,10.957,83.256
2026-06-09 10:03:07,62,75,0,89,11.44,81.041
2026-06-09 10:08:07,55,73,0,78,12.057,79.529
2026-06-09 10:13:07,53,69,0,74,12.212,78.258
2026-06-09 10:18:08,53,70,0,209,12.407,77.4
2026-06-09 10:23:08,53,68,0,81,12.481,77.038
2026-06-09 10:28:08,54,67,0,88,12.724,76.357
2026-06-09 10:33:08,52,68,0,74,12.765,76.248
2026-06-09 10:38:08,53,68,0,87,11.905,79.025
2026-06-09 10:43:18,54,68,0,94,11.99,78.588
2026-06-09 10:48:08,58,72,0,87,11.349,81.024
2026-06-09 10:53:08,57,73,0,76,11.336,81.322
2026-06-09 10:58:08,53,66,0,51,11.269,80.397
2026-06-09 11:03:08,51,65,0,47,11.205,81.486
2026-06-09 11:08:08,50,64,0,43,11.456,80.704
2026-06-09 11:13:08,50,65,0,30,11.122,81.556
2026-06-09 11:18:08,50,63,0,34,11.373,81.106
2026-06-09 11:23:29,51,65,0,26,11.387,81.034
2026-06-09 11:28:08,47,60,0,30,11.539,80.074
2026-06-09 11:33:08,47,58,0,25,11.651,79.819
2026-06-09 11:38:08,47,58,0,27,11.488,80.223
2026-06-09 11:43:08,48,59,0,19,11.747,78.955
2026-06-09 11:48:15,49,59,0,11,11.691,79.166
2026-06-09 11:53:08,44,58,0,5,12.161,77.98
2026-06-09 11:58:17,44,52,0,8,12.583,76.254
2026-06-09 12:03:08,45,56,0,16,12.327,77.013
2026-06-09 12:08:08,49,62,0,15,12.116,77.459
2026-06-09 12:13:08,48,61,0,27,11.987,78.199
2026-06-09 12:18:08,47,58,0,21,11.859,78.169
2026-06-09 12:23:08,47,58,0,22,11.889,78.049
2026-06-09 12:28:08,47,57,0,17,12.02,77.928
2026-06-09 12:33:08,48,60,0,31,11.921,78.249
2026-06-09 12:38:08,49,63,0,22,11.718,78.802
2026-06-09 12:43:08,51,66,0,13,11.712,78.844
2026-06-09 12:48:08,53,66,0,15,11.718,78.443
2026-06-09 12:53:08,54,66,0,24,11.867,78.138
2026-06-09 12:58:08,45,58,0,11,11.99,78.075
2026-06-09 13:03:08,47,58,0,5,11.822,78.3
2026-06-09 13:08:08,44,52,0,16,12.006,78.003
2026-06-09 13:13:08,44,53,0,0,11.979,77.396
2026-06-09 13:18:10,42,52,0,14,11.974,76.94
2026-06-09 13:23:09,38,47,0,6,12.498,75.386
2026-06-09 13:28:09,39,49,0,2,12.369,75.521
2026-06-09 13:33:09,37,43,0,2,12.519,75.218
2026-06-09 13:38:09,37,43,0,0,12.519,75.186
2026-06-09 13:43:10,34,38,0,0,12.53,75.355
2026-06-09 13:48:09,37,43,0,0,12.409,75.485
2026-06-09 13:53:09,35,41,0,0,12.439,75.537
2026-06-09 13:58:09,36,42,0,0,12.23,76.29
2026-06-09 14:03:09,33,36,0,0,12.188,76.954
2026-06-09 14:08:09,33,37,0,0,11.971,77.4
2026-06-09 14:13:09,33,39,0,0,12.02,77.738
2026-06-09 14:18:09,33,37,0,0,11.915,77.639
2026-06-09 14:23:09,33,36,0,0,11.998,77.558
2026-06-09 14:28:10,34,39,0,11,12.166,76.944
2026-06-09 14:33:10,37,42,0,0,11.987,77.402
2026-06-09 14:38:09,34,39,0,3,12.18,76.675
2026-06-09 14:43:09,36,43,0,20,12.212,76.832
2026-06-09 14:48:09,34,37,0,1,12.225,76.687
2026-06-09 14:53:18,34,39,0,10,12.623,75.388
2026-06-09 14:58:17,33,37,0,5,12.38,76.031
2026-06-09 15:03:09,31,35,0,4,12.417,75.75
2026-06-09 15:08:10,31,36,0,0,12.468,75.523
2026-06-09 15:13:10,32,35,0,0,12.676,74.741
2026-06-09 15:18:10,35,40,0,21,12.476,75.798
2026-06-09 15:23:09,34,39,0,0,12.751,74.224
2026-06-09 15:28:10,35,40,0,16,12.514,75.458
2026-06-09 15:33:09,37,43,0,40,13.013,74.104
2026-06-09 15:38:10,38,46,0,69,12.869,74.188
2026-06-09 15:43:10,31,35,0,27,12.981,73.484
2026-06-09 15:48:10,36,46,0,37,12.989,73.557
2026-06-09 15:53:10,33,41,0,23,13.216,72.691
2026-06-09 15:58:10,37,48,0,39,13.235,73.149
2026-06-09 16:03:10,45,56,0,54,12.967,73.58
2026-06-09 16:08:10,33,39,0,26,13.016,73.202
2026-06-09 16:13:10,33,36,0,46,13.229,72.491
2026-06-09 16:18:11,35,42,0,127,13.421,71.813
2026-06-09 16:23:11,47,59,0,71,12.954,73.282
2026-06-09 16:28:11,35,40,0,57,13.373,72.363
2026-06-09 16:33:11,53,68,0,85,13.638,71.146
2026-06-09 16:38:11,41,51,0,32,13.539,70.947
2026-06-09 16:43:11,36,41,0,73,13.624,71.214
2026-06-09 16:48:11,32,35,0,47,13.539,71.161
2026-06-09 16:53:11,30,34,0,66,13.021,72.733
2026-06-09 16:58:11,32,34,0,147,13.437,71.432
2026-06-09 17:03:11,32,35,0,159,13.235,72.233
2026-06-09 17:08:11,32,35,0,66,13.152,72.962
2026-06-09 17:13:11,28,31,0,104,13.074,73.356
2026-06-09 17:18:11,29,33,0,122,13.08,73.683
2026-06-09 17:23:11,29,33,0,80,13.053,72.929
2026-06-09 17:28:18,27,30,0,84,12.901,73.461
2026-06-09 17:33:11,33,38,0,76,12.212,75.907
2026-06-09 17:38:11,31,34,0,58,12.255,75.653
2026-06-09 17:43:11,34,37,0,63,12.292,75.476
2026-06-09 17:48:11,31,37,0,73,12.284,75.47
2026-06-09 17:53:18,35,41,0,82,12.062,76.221
2026-06-09 17:58:11,33,38,0,54,11.91,76.75
2026-06-09 18:03:11,33,36,0,28,11.803,76.952
2026-06-09 18:08:11,33,37,0,13,11.843,76.515
2026-06-09 18:13:11,34,39,0,43,11.883,76.538
2026-06-09 18:18:11,36,43,0,22,11.777,77.232
2026-06-09 18:23:11,38,47,0,19,11.814,77.188
2026-06-09 18:28:11,39,49,0,36,11.795,77.341
2026-06-09 18:33:11,37,45,0,52,11.827,77.047
2026-06-09 18:38:11,40,48,0,106,11.926,76.815
2026-06-09 18:43:11,43,52,0,101,12.004,76.67
2026-06-09 18:48:11,46,55,0,117,12.006,76.496
2026-06-09 18:53:11,53,69,0,131,11.923,76.954
2026-06-09 18:58:11,47,57,0,122,12.009,76.889
2026-06-09 19:03:11,48,61,0,133,11.95,77.141
2026-06-09 19:08:19,36,44,0,71,11.857,77.261
2026-06-09 19:13:11,116,128,0,185,11.766,77.995
2026-06-09 19:18:12,93,100,0,609,11.536,78.644
2026-06-09 19:23:12,44,54,0,171,11.234,79.527
2026-06-09 19:28:12,42,51,0,142,11.44,78.808
2026-06-09 19:33:13,82,85,0,224,11.408,79.254
2026-06-09 19:38:12,92,97,0,256,11.424,79.386
2026-06-09 19:43:13,54,70,0,181,11.395,79.254
2026-06-09 19:48:12,138,147,0,279,11.4,79.063
2026-06-09 19:53:12,54,67,0,116,11.237,79.845
2026-06-09 19:58:12,48,58,0,113,11.266,79.58
2026-06-09 20:03:13,41,51,0,88,11.429,79.224
2026-06-09 20:08:12,44,53,0,83,11.427,78.905
2026-06-09 20:13:12,35,40,0,52,11.512,78.655
2026-06-09 20:18:12,41,48,0,52,11.485,78.825
2026-06-09 20:23:13,61,74,0,116,11.536,78.762
2026-06-09 20:28:12,31,34,0,40,11.55,78.646
2026-06-09 20:33:20,56,70,0,74,11.397,78.724
2026-06-09 20:38:13,69,79,0,158,11.301,79.294
2026-06-09 20:43:13,61,74,0,174,11.224,79.786
2026-06-09 20:48:13,47,59,0,166,11.221,79.674
2026-06-09 20:53:12,46,55,0,150,11.162,79.721
2026-06-09 20:58:13,49,60,0,196,11.098,79.916
2026-06-09 21:03:13,46,54,0,169,11.015,80.051
2026-06-09 21:08:12,46,55,0,98,11.01,79.996
2026-06-09 21:13:13,50,62,0,142,10.756,81.184
2026-06-09 21:18:12,49,61,0,151,10.829,80.807
2026-06-09 21:23:13,48,59,0,145,10.735,81.57
2026-06-09 21:28:12,49,59,0,159,10.78,81.392
2026-06-09 21:33:13,46,56,0,130,10.786,81.753
2026-06-09 21:38:13,53,66,0,129,10.636,82.432
2026-06-09 21:43:13,45,60,0,104,10.746,81.659
2026-06-09 21:48:12,46,57,0,174,10.626,81.648
2026-06-09 21:53:13,67,80,0,239,10.639,81.657
2026-06-09 21:58:12,56,70,0,173,10.532,81.802
2026-06-09 22:03:13,51,62,0,125,10.137,83.878
2026-06-09 22:08:12,49,61,0,116,10.5,82.64
2026-06-09 22:13:13,47,57,0,111,10.404,82.195
2026-06-09 22:18:14,52,67,0,345,10.505,82.041
2026-06-09 22:23:13,48,57,0,115,10.425,82.762
2026-06-09 22:28:14,47,57,0,118,10.447,82.529
2026-06-09 22:33:14,49,60,0,128,10.335,83.038
2026-06-09 22:38:14,49,61,0,121,10.348,83.128
2026-06-09 22:43:14,54,67,0,298,10.425,82.922
2026-06-09 22:48:14,56,69,0,277,10.42,82.237
2026-06-09 22:53:14,55,68,0,222,10.479,82.478
2026-06-09 22:58:14,56,69,0,164,10.359,83.42
2026-06-09 23:03:14,54,66,0,159,10.22,83.464
2026-06-09 23:08:14,57,72,0,172,10.356,82.808
2026-06-09 23:13:14,58,73,0,151,10.193,83.565
2026-06-09 23:18:14,62,75,0,186,10.244,83.164
2026-06-09 23:23:14,100,106,0,253,10.188,83.231
2026-06-09 23:28:14,71,81,0,183,10.188,83.149
2026-06-09 23:33:14,57,74,0,155,10.166,82.827
2026-06-09 23:38:24,62,75,0,197,10.073,83.624
2026-06-09 23:43:14,58,73,0,173,9.955,84.198
2026-06-09 23:48:14,79,86,0,223,10.092,83.872
2026-06-09 23:53:14,71,81,0,205,10.081,83.151
2026-06-09 23:58:14,65,79,0,197,9.974,83.834
2026-06-10 00:03:14,59,73,0,143,9.571,85.842
2026-06-10 00:08:14,58,74,0,135,9.664,85.491
2026-06-10 00:13:14,58,73,0,139,9.838,84.888
2026-06-10 00:18:14,56,69,0,142,9.72,85.209
2026-06-10 00:23:14,86,94,0,231,9.747,84.82
2026-06-10 00:28:14,56,71,0,150,9.859,84.175
2026-06-10 00:33:14,55,68,0,118,9.71,85.005
2026-06-10 00:38:14,57,72,0,136,9.683,84.723
2026-06-10 00:43:23,54,68,0,126,9.419,85.602
2026-06-10 00:48:14,53,68,0,128,9.387,86.685
2026-06-10 00:53:14,54,67,0,122,9.619,86.248
2026-06-10 00:58:14,57,73,0,181,9.627,86.041
2026-06-10 01:03:14,64,80,0,169,9.683,85.281
2026-06-10 01:08:15,53,66,0,135,9.435,86.979
2026-06-10 01:13:15,54,68,0,125,9.248,88.102
2026-06-10 01:18:15,56,70,0,688,9.582,86.227
2026-06-10 01:23:15,58,73,0,140,9.582,85.873
2026-06-10 01:28:15,62,75,0,137,9.694,85.367
2026-06-10 01:33:15,54,68,0,126,9.331,87.294
2026-06-10 01:38:15,62,77,0,133,9.373,87.105
2026-06-10 01:43:15,53,66,0,130,9.704,86.351
2026-06-10 01:48:25,54,67,0,179,9.525,87.112
2026-06-10 01:53:16,53,68,0,135,9.736,85.613
2026-06-10 01:58:15,52,66,0,129,9.646,86.1
2026-06-10 02:03:15,52,66,0,116,9.598,86.544
2026-06-10 02:08:16,53,65,0,123,9.635,86.443
2026-06-10 02:13:15,52,67,0,131,9.584,87.236
2026-06-10 02:18:15,52,64,0,112,9.859,85.722
2026-06-10 02:23:15,50,61,0,115,9.87,85.299
2026-06-10 02:28:15,50,62,0,119,9.592,86.144
2026-06-10 02:33:15,51,65,0,110,9.648,85.213
2026-06-10 02:38:15,51,64,0,121,9.515,85.672
2026-06-10 02:43:15,54,68,0,120,9.331,86.781
2026-06-10 02:48:15,51,67,0,106,9.499,85.976
2026-06-10 02:53:16,52,63,0,101,9.314,86.859
2026-06-10 02:58:16,50,62,0,101,9.44,86.361
2026-06-10 03:03:16,52,65,0,102,9.023,88.02
2026-06-10 03:08:16,52,66,0,92,9.034,87.708
2026-06-10 03:13:15,49,61,0,110,9.181,87.738
2026-06-10 03:18:16,49,62,0,95,9.2,87.511
2026-06-10 03:23:15,50,62,0,79,9.352,86.458
2026-06-10 03:28:16,52,67,0,90,8.791,89.043
2026-06-10 03:33:16,50,64,0,84,9.16,87.971
2026-06-10 03:38:24,49,62,0,90,9.325,87.406
2026-06-10 03:43:16,50,61,0,87,9.272,87.685
2026-06-10 03:48:15,48,60,0,95,9.352,86.952
2026-06-10 03:53:16,52,66,0,97,9.125,88.038
2026-06-10 03:58:16,52,66,0,93,9.178,87.484
2026-06-10 04:03:16,51,66,0,90,9.298,86.948
2026-06-10 04:08:15,52,68,0,151,9.403,86.847
2026-06-10 04:13:16,48,60,0,117,9.528,85.836
2026-06-10 04:18:17,50,63,0,313,9.694,85.495
2026-06-10 04:23:17,51,63,0,104,9.744,85.236
2026-06-10 04:28:17,48,60,0,96,9.886,84.85
2026-06-10 04:33:17,49,60,0,98,9.945,84.593
2026-06-10 04:38:17,50,62,0,92,10.051,84.272
2026-06-10 04:43:17,50,62,0,115,9.99,84.173
2026-06-10 04:48:17,51,63,0,97,9.825,84.805
2026-06-10 04:53:24,53,66,0,124,9.742,84.988
2026-06-10 04:58:17,51,63,0,106,9.771,84.9
2026-06-10 05:03:17,51,63,0,96,9.779,84.826
2026-06-10 05:08:17,51,62,0,103,9.611,84.999
2026-06-10 05:13:17,52,67,0,116,9.293,86.502
2026-06-10 05:18:17,56,72,0,129,9.218,86.777
2026-06-10 05:23:17,54,67,0,118,9.576,85.56
2026-06-10 05:28:17,52,66,0,115,9.678,85.136
2026-06-10 05:33:17,51,64,0,112,9.576,85.634
2026-06-10 05:38:17,50,65,0,112,9.827,84.843
2026-06-10 05:43:17,51,63,0,113,9.883,84.627
2026-06-10 05:48:17,56,70,0,129,9.565,84.64
2026-06-10 05:53:17,54,68,0,123,9.464,86.098
2026-06-10 05:58:17,56,70,0,128,9.571,85.522
2026-06-10 06:03:17,56,68,0,133,9.67,85.005
2026-06-10 06:08:17,56,69,0,124,9.659,84.648
2026-06-10 06:13:17,54,67,0,126,9.635,84.89
2026-06-10 06:18:17,56,71,0,134,9.899,84.133
2026-06-10 06:23:17,53,67,0,142,9.598,85.274
2026-06-10 06:28:17,52,66,0,162,9.67,84.936
2026-06-10 06:33:17,52,65,0,160,9.894,84.278
2026-06-10 06:38:17,52,67,0,132,10.134,83.376
2026-06-10 06:43:17,52,65,0,178,10.137,83.221
2026-06-10 06:48:17,50,65,0,140,10.268,82.928
2026-06-10 06:53:17,53,66,0,147,10.068,83.788
2026-06-10 06:58:17,52,65,0,125,10.212,83.145
2026-06-10 07:03:17,52,66,0,128,9.971,84.234
2026-06-10 07:08:17,51,62,0,142,10.158,82.918
2026-06-10 07:13:17,50,61,0,128,10.42,81.903
2026-06-10 07:18:18,47,58,0,321,10.468,81.869
2026-06-10 07:23:27,46,58,0,125,10.583,81.003
2026-06-10 07:28:18,48,58,0,117,10.676,80.959
2026-06-10 07:33:18,47,59,0,115,10.735,80.887
2026-06-10 07:38:18,50,64,0,109,10.62,81.266
2026-06-10 07:43:18,51,65,0,107,10.399,82.098
2026-06-10 07:48:18,52,65,0,100,10.34,82.416
2026-06-10 07:53:18,52,67,0,105,10.281,82.609
2026-06-10 07:58:18,53,65,0,110,10.327,82.205
2026-06-10 08:03:18,51,63,0,122,10.38,82.184
2026-06-10 08:08:19,51,64,0,133,10.404,82.071
2026-06-10 08:13:18,55,68,0,121,10.343,82.586
2026-06-10 08:18:18,52,66,0,117,10.254,82.758
2026-06-10 08:23:18,50,63,0,104,10.268,82.796
2026-06-10 08:28:18,51,63,0,147,10.284,83.084
2026-06-10 08:33:18,54,68,0,111,10.444,82.813
2026-06-10 08:38:18,53,66,0,116,10.281,82.788
2026-06-10 08:43:19,54,69,0,150,10.198,83.7
2026-06-10 08:48:21,53,66,0,124,10.495,82.176
2026-06-10 08:53:18,54,68,0,129,10.527,82.638
2026-06-10 08:58:18,53,66,0,137,10.711,81.03
2026-06-10 09:03:18,55,71,0,152,10.222,83.134
2026-06-10 09:08:18,54,67,0,151,10.578,81.911
2026-06-10 09:13:18,54,68,0,152,10.62,82.041
2026-06-10 09:18:18,54,68,0,132,10.818,81.171
2026-06-10 09:23:19,51,66,0,108,10.297,82.613
2026-06-10 09:28:18,54,69,0,129,10.583,81.526
2026-06-10 09:33:18,53,67,0,115,10.874,80.488
2026-06-10 09:38:18,51,65,0,129,11.098,79.836
2026-06-10 09:43:18,50,60,0,107,11.339,78.579
2026-06-10 09:48:18,50,64,0,111,11.333,79.187
2026-06-10 09:53:18,51,62,0,113,11.654,78.257
2026-06-10 09:58:18,51,65,0,156,11.36,79.151
2026-06-10 10:03:18,55,67,0,137,11.192,80.513
2026-06-10 10:08:19,52,65,0,140,11.83,78.977
2026-06-10 10:13:19,49,63,0,138,12.07,77.875
2026-06-10 10:18:20,48,59,0,353,12.033,77.158
2026-06-10 10:23:20,51,64,0,124,12.004,76.238
2026-06-10 10:28:19,47,58,0,125,12.353,75.178
2026-06-10 10:33:20,48,58,0,121,12.18,77.433
2026-06-10 10:38:20,50,60,0,101,12.263,76.483
2026-06-10 10:43:20,49,62,0,107,12.22,75.878
2026-06-10 10:48:20,52,64,0,115,12.225,75.924
2026-06-10 10:53:20,51,64,0,113,11.841,77
2026-06-10 10:58:20,51,64,0,110,12.14,76.429
2026-06-10 11:03:20,52,65,0,115,12.241,75.703
2026-06-10 11:08:20,52,65,0,154,11.945,77.671
2026-06-10 11:13:20,52,63,0,144,11.883,78.365
2026-06-10 11:18:20,47,61,0,123,11.915,77.989
2026-06-10 11:23:20,49,59,0,131,11.969,78.094
2026-06-10 11:28:20,48,58,0,147,12.303,78.749
2026-06-10 11:33:20,47,59,0,123,12.457,78.768
2026-06-10 11:38:20,43,52,0,111,12.449,79.515
2026-06-10 11:43:20,53,65,0,144,12.222,80.065
2026-06-10 11:48:20,50,63,0,95,12.113,79.824
2026-06-10 11:53:20,49,59,0,97,11.998,81.135
2026-06-10 11:58:26,50,62,0,127,12.308,79.925
2026-06-10 12:03:20,52,64,0,106,12.473,79.979
2026-06-10 12:08:20,51,63,0,111,12.596,79.128
2026-06-10 12:13:20,54,66,0,147,12.765,77.93
2026-06-10 12:18:20,52,65,0,119,12.938,77.337
2026-06-10 12:23:20,51,64,0,115,13.219,75.388
2026-06-10 12:28:20,52,63,0,107,13.2,76.263
2026-06-10 12:33:20,51,64,0,117,13.504,77.152
2026-06-10 12:38:20,48,58,0,95,13.44,76.111
2026-06-10 12:43:20,49,60,0,90,13.528,75.229
2026-06-10 12:48:20,46,56,0,103,13.141,77.396
2026-06-10 12:53:20,46,58,0,100,12.813,76.34
2026-06-10 12:58:20,46,59,0,97,13.261,77.505
2026-06-10 13:03:20,48,58,0,112,13.475,78.897
2026-06-10 13:08:20,51,63,0,130,13.63,79.718
2026-06-10 13:13:20,49,60,0,119,13.368,75.821
2026-06-10 13:18:21,48,60,0,363,13.202,79.636
2026-06-10 13:23:21,48,60,0,121,13.429,77.133
2026-06-10 13:28:21,47,60,0,111,13.384,75.945
2026-06-10 13:33:21,47,58,0,108,13.592,79.338
2026-06-10 13:38:21,50,61,0,115,13.571,81.463
2026-06-10 13:43:22,48,61,0,127,13.603,79.973
2026-06-10 13:48:21,47,58,0,91,13.443,80.189
2026-06-10 13:53:21,50,61,0,105,13.437,81.242
2026-06-10 13:58:21,51,65,0,114,13.478,82.359
2026-06-10 14:03:21,63,73,0,134,13.448,81.839
2026-06-10 14:08:30,48,61,0,102,13.47,81.154
2026-06-10 14:13:21,47,60,0,114,13.341,80.339
2026-06-10 14:18:21,114,122,0,247,13.176,81.274
2026-06-10 14:23:21,78,82,0,180,13.317,82.289
2026-06-10 14:28:21,75,79,0,158,13.325,83.17
2026-06-10 14:33:21,87,91,0,184,13.304,82.556
2026-06-10 14:38:21,69,76,0,155,13.261,83.305
2026-06-10 14:43:21,59,71,0,113,13.424,81.181
2026-06-10 14:48:21,53,68,0,119,13.419,80.791
2026-06-10 14:53:21,51,63,0,112,13.518,81.684
2026-06-10 14:58:21,52,66,0,137,13.029,82.083
2026-06-10 15:03:21,53,65,0,129,12.642,83.673
2026-06-10 15:08:21,54,67,0,118,12.356,85.249
2026-06-10 15:13:43,54,69,0,112,12.287,84.291
2026-06-10 15:18:21,51,63,0,112,12.546,83.572
2026-06-10 15:23:21,51,65,0,124,12.708,83.641
2026-06-10 15:28:22,62,73,0,127,12.436,85.394
2026-06-10 15:33:30,63,76,0,129,12.676,84.568
2026-06-10 15:38:22,70,77,0,156,12.887,84.312
2026-06-10 15:43:22,52,65,0,97,12.813,81.696
2026-06-10 15:48:21,46,57,0,86,13.048,80.086
2026-06-10 15:53:22,42,51,0,64,13.026,77.698
2026-06-10 15:58:22,40,46,0,58,13.056,77.261
2026-06-10 16:03:22,37,45,0,66,13.651,75.643
2026-06-10 16:08:21,35,38,0,45,13.598,74.289
2026-06-10 16:13:22,33,38,0,44,13.833,72.792
2026-06-10 16:18:23,30,34,0,87,13.998,71.758
2026-06-10 16:23:23,29,30,0,41,13.686,71.205
2026-06-10 16:28:23,30,30,0,41,14.156,70.125
2026-06-10 16:33:23,24,25,0,25,14.134,69.406
2026-06-10 16:38:23,27,28,0,11,13.384,70.49
2026-06-10 16:43:23,25,25,0,28,13.349,70.022
2026-06-10 16:48:22,25,26,0,17,12.973,70.896
2026-06-10 16:53:23,23,24,0,20,13.053,70.587
2026-06-10 16:58:23,24,24,0,33,12.946,70.77
2026-06-10 17:03:23,24,26,0,26,12.716,71.848
2026-06-10 17:08:23,25,25,0,36,12.604,72.798
2026-06-10 17:13:23,25,26,0,21,12.439,72.302
2026-06-10 17:18:23,23,25,0,13,12.468,71.844
2026-06-10 17:23:23,19,20,0,40,12.332,72.26
2026-06-10 17:28:23,15,18,0,14,12.188,70.881
2026-06-10 17:33:23,17,19,0,13,12.198,70.892
2026-06-10 17:38:23,15,17,0,8,12.148,71.087
2026-06-10 17:43:23,11,12,0,30,12.132,70.841
2026-06-10 17:48:23,27,29,0,84,11.905,73.482
2026-06-10 17:53:23,54,69,0,198,11.56,76.046
2026-06-10 17:58:23,92,95,0,1628,11.194,78.14
2026-06-10 18:03:23,52,64,0,532,10.919,79.981
2026-06-10 18:08:23,50,62,0,499,10.695,80.753
2026-06-10 18:13:23,105,114,0,541,10.444,81.734
2026-06-10 18:18:23,70,80,0,394,10.148,82.792
2026-06-10 18:23:23,94,101,0,272,9.979,83.174
2026-06-10 18:28:23,49,60,0,160,9.715,84.627
2026-06-10 18:33:23,44,53,0,105,9.598,85.573
2026-06-10 18:38:23,38,43,0,88,9.405,87.46
2026-06-10 18:43:23,44,53,0,161,9.24,87.042
2026-06-10 18:48:23,43,52,0,189,9.101,87.286
2026-06-10 18:53:23,41,51,0,198,9.042,87.98
2026-06-10 18:58:23,39,47,0,161,9.055,87.091
2026-06-10 19:03:23,42,49,0,206,8.861,87.851
2026-06-10 19:08:23,44,55,0,171,8.828,88.867
2026-06-10 19:13:23,43,52,0,194,8.711,88.848
2026-06-10 19:18:24,43,50,0,931,8.604,89.02
2026-06-10 19:23:24,41,50,0,227,8.556,88.621
2026-06-10 19:28:24,38,44,0,226,8.452,89.336
2026-06-10 19:33:24,38,45,0,326,8.511,88.429
2026-06-10 19:38:24,43,53,0,166,8.452,88.68
2026-06-10 19:43:24,40,45,0,172,8.449,88.282
2026-06-10 19:48:24,37,39,0,188,8.062,88.799
2026-06-10 19:53:24,31,32,0,154,8.07,89.319
2026-06-10 19:58:24,41,50,0,162,8.321,87.996
2026-06-10 20:03:24,34,38,0,130,8.305,88.385
2026-06-10 20:08:24,22,25,0,96,8.278,87.845
2026-06-10 20:13:24,25,28,0,88,8.428,87.809
2026-06-10 20:18:24,27,28,0,113,8.513,87.069
2026-06-10 20:23:25,88,92,0,409,8.489,87.431
2026-06-10 20:28:24,69,80,0,300,8.385,87.587
2026-06-10 20:33:24,59,70,0,249,8.118,86.903
2026-06-10 20:38:24,41,50,0,178,7.985,87.858
2026-06-10 20:43:24,34,40,0,165,7.929,87.826
2026-06-10 20:48:24,34,35,0,128,7.763,88.163
2026-06-10 20:53:24,36,38,0,130,7.611,88.846
2026-06-10 20:58:25,39,42,0,150,7.56,88.291
2026-06-10 21:03:24,39,43,0,144,7.461,88.673
2026-06-10 21:08:33,40,48,0,157,7.202,89.96
2026-06-10 21:13:24,41,52,0,145,7.28,88.911
2026-06-10 21:18:24,42,49,0,151,7.253,88.852
2026-06-10 21:23:24,38,41,0,137,7.397,89.19
2026-06-10 21:28:24,38,42,0,142,7.536,89.216
2026-06-10 21:33:25,46,55,0,235,7.702,88.593
2026-06-10 21:38:24,58,72,0,203,7.638,88.52
2026-06-10 21:43:25,51,64,0,206,7.608,88.383
2026-06-10 21:48:25,46,57,0,170,7.354,88.562
2026-06-10 21:53:25,44,54,0,174,7.184,88.434
2026-06-10 21:58:24,45,53,0,181,7.077,88.442
2026-06-10 22:03:24,50,58,0,186,6.935,89.377
2026-06-10 22:08:25,47,56,0,171,6.957,89.226
2026-06-10 22:13:25,57,71,98,270,6.959,89.554
2026-06-10 22:18:26,53,65,0,747,7.141,89.588
2026-06-10 22:23:25,45,54,0,192,7.205,89.134
2026-06-10 22:28:26,50,60,0,226,7.221,88.959
2026-06-10 22:33:25,59,75,0,334,7.245,88.047
2026-06-10 22:38:25,55,68,0,298,7.122,88.274
2026-06-10 22:43:34,61,77,0,305,7.173,88.182
2026-06-10 22:48:26,61,77,0,285,7.074,88.442
2026-06-10 22:53:26,61,76,0,244,7.066,89.197
2026-06-10 22:58:26,50,60,0,184,7.597,88.055
2026-06-10 23:03:25,55,69,0,194,7.739,87.313
2026-06-10 23:08:26,69,81,0,244,7.509,86.666
2026-06-10 23:13:25,83,91,0,288,7.312,87.137
2026-06-10 23:18:26,56,70,0,235,7.269,87.004
2026-06-10 23:23:26,56,69,0,231,7.13,87.896
2026-06-10 23:28:25,59,72,0,238,7.039,87.738
2026-06-10 23:33:26,58,71,0,232,6.919,88.741
2026-06-10 23:38:26,57,72,0,226,6.901,88.379
2026-06-10 23:43:26,57,71,0,228,6.735,88.764
2026-06-10 23:48:26,58,74,0,223,6.644,87.936
2026-06-10 23:53:26,63,79,0,341,6.497,88.226
2026-06-10 23:58:26,60,74,0,324,6.38,88.373
2026-06-11 00:03:47,52,64,0,231,6.276,89.127
2026-06-11 00:08:26,49,60,0,181,6.342,89.071
2026-06-11 00:13:26,52,63,0,249,6.423,89.115
2026-06-11 00:18:26,53,66,0,224,6.436,89.18
2026-06-11 00:23:27,75,86,198,217,6.433,89.485
2026-06-11 00:28:26,70,82,99,209,6.698,88.255
2026-06-11 00:33:26,61,77,0,198,6.748,87.771
2026-06-11 00:38:26,52,64,0,202,6.676,88.247
2026-06-11 00:43:26,49,58,0,189,6.73,87.992
2026-06-11 00:48:26,54,66,0,203,6.708,87.574
2026-06-11 00:53:26,61,76,0,232,6.647,87.284
2026-06-11 00:58:26,80,89,395,280,6.625,87.326
2026-06-11 01:03:26,81,89,494,288,6.591,87.639
2026-06-11 01:08:26,84,91,198,273,6.572,87.307
2026-06-11 01:13:26,57,70,0,232,6.345,87.259
2026-06-11 01:18:27,54,67,0,918,6.431,87.29
2026-06-11 01:23:27,50,60,0,204,6.559,87.214
2026-06-11 01:28:27,58,73,0,214,6.524,87.971
2026-06-11 01:33:27,53,64,0,186,6.703,87.893
2026-06-11 01:38:27,48,59,0,185,7.01,86.889
2026-06-11 01:43:27,53,66,0,214,6.85,86.443
2026-06-11 01:48:27,55,66,0,214,6.337,85.92
2026-06-11 01:53:27,56,72,0,243,6.073,86.542
2026-06-11 01:58:27,53,65,0,241,5.91,87.189
2026-06-11 02:03:28,59,74,99,237,5.87,88.408
2026-06-11 02:08:27,53,64,0,212,5.907,89.298
2026-06-11 02:13:27,56,67,0,199,5.875,89.375
2026-06-11 02:18:27,54,66,0,202,5.87,89.439
2026-06-11 02:23:27,50,59,0,181,5.886,88.663
2026-06-11 02:28:27,51,63,0,186,5.806,88.314
2026-06-11 02:33:27,52,63,0,213,5.627,88.329
2026-06-11 02:38:27,55,70,0,155,5.827,89.359
2026-06-11 02:43:27,45,55,0,216,6.19,87.927
2026-06-11 02:48:27,45,54,0,176,6.11,87.143
2026-06-11 02:53:27,40,43,0,163,5.91,87.219
2026-06-11 02:58:27,41,48,0,166,5.632,87.208
2026-06-11 03:03:27,41,49,0,170,5.357,88.108
2026-06-11 03:08:27,43,50,0,157,5.354,88.24
2026-06-11 03:13:28,43,50,0,182,5.389,88.259
2026-06-11 03:18:27,43,50,0,173,5.301,88.129
2026-06-11 03:23:28,39,44,0,161,5.162,89.005
2026-06-11 03:28:27,43,50,0,153,5.269,89.203
2026-06-11 03:33:28,38,40,0,186,5.469,89.554
2026-06-11 03:38:27,39,43,0,169,5.782,87.812
2026-06-11 03:43:27,40,46,0,162,5.768,87.868
2026-06-11 03:48:28,38,42,0,148,5.613,88.102
2026-06-11 03:53:27,39,45,0,161,5.352,87.877
2026-06-11 03:58:27,36,37,0,149,5.309,88.297
2026-06-11 04:03:27,39,45,0,148,5.32,88.682
2026-06-11 04:08:27,40,44,0,155,5.101,88.528
2026-06-11 04:13:27,35,41,0,150,5.013,88.537
2026-06-11 04:18:29,44,51,0,535,4.983,89.291
2026-06-11 04:23:29,45,55,0,201,5.122,89.577
2026-06-11 04:28:28,52,63,0,201,5.288,88.869
2026-06-11 04:33:28,56,68,0,157,5.437,88.213
2026-06-11 04:38:28,30,31,0,123,5.75,86.401
2026-06-11 04:43:29,67,81,0,156,5.723,86.477
2026-06-11 04:48:28,56,70,0,135,5.784,86.411
2026-06-11 04:53:29,54,66,0,146,5.755,86.588
2026-06-11 04:58:29,29,29,0,137,5.896,85.701
2026-06-11 05:03:39,29,32,0,122,5.888,85.68
2026-06-11 05:08:29,47,58,0,136,5.926,86.483
2026-06-11 05:13:29,35,36,0,133,5.629,85.831
2026-06-11 05:18:28,33,36,0,137,5.354,85.667
2026-06-11 05:23:29,35,41,0,145,5.122,85.987
2026-06-11 05:28:28,42,47,0,154,4.9,86.483
2026-06-11 05:33:29,29,30,0,142,4.665,86.313
2026-06-11 05:38:29,27,30,0,129,4.762,88.629
2026-06-11 05:43:29,19,19,0,110,5.758,86.288
2026-06-11 05:48:29,36,40,0,112,5.953,86.138
2026-06-11 05:53:29,36,39,0,113,6.153,85.337
2026-06-11 05:58:29,40,47,0,126,5.993,85.245
2026-06-11 06:03:29,47,56,0,136,5.977,85.403
2026-06-11 06:08:29,39,45,0,127,6.03,85.295
2026-06-11 06:13:29,8,9,0,89,6.457,82.882
2026-06-11 06:18:29,13,14,0,90,6.537,82.6
2026-06-11 06:23:29,39,47,700,124,6.46,82.928
2026-06-11 06:28:29,21,26,0,126,6.019,83.469
2026-06-11 06:33:29,23,23,0,112,5.64,84.532
2026-06-11 06:38:29,21,23,0,122,5.298,85.701
2026-06-11 06:43:29,26,27,0,132,5.664,85.175
2026-06-11 06:48:29,32,34,0,114,5.883,83.973
2026-06-11 06:53:37,48,59,0,113,5.998,83.361
2026-06-11 06:58:29,40,43,0,132,6.006,83.445
2026-06-11 07:03:29,30,31,0,124,6.142,82.947
2026-06-11 07:08:38,19,22,0,140,6.182,82.777
2026-06-11 07:13:29,15,15,0,112,6.11,83.24
2026-06-11 07:18:30,13,13,0,323,6.158,82.676
2026-06-11 07:23:30,18,20,0,121,5.611,82.762
2026-06-11 07:28:30,20,21,0,130,5.005,83.401
2026-06-11 07:33:30,18,19,0,114,4.754,84.057
2026-06-11 07:38:30,18,22,0,132,4.492,85.22
2026-06-11 07:43:30,20,23,0,132,4.313,86.424
2026-06-11 07:48:30,24,24,0,147,4.388,85.96
2026-06-11 07:53:30,24,26,0,121,4.3,87.311
2026-06-11 07:58:30,19,20,0,117,4.842,86.506
2026-06-11 08:03:30,15,15,0,128,5.165,85.564
2026-06-11 08:08:30,11,11,0,111,5.504,84.043
2026-06-11 08:13:30,19,23,0,115,5.814,82.991
2026-06-11 08:18:30,29,30,0,103,5.979,82.336
2026-06-11 08:23:30,22,22,0,127,6.11,82.407
2026-06-11 08:28:30,29,30,0,127,6.161,82.048
2026-06-11 08:33:30,17,21,0,134,5.998,81.926
2026-06-11 08:38:30,39,43,0,127,6.18,81.779
2026-06-11 08:43:30,26,27,0,132,6.479,80.748
2026-06-11 08:48:30,26,28,0,121,6.623,80.572
2026-06-11 08:53:30,39,42,0,129,6.65,80.912
2026-06-11 08:58:30,17,19,0,118,6.954,79.594
2026-06-11 09:03:30,32,33,0,109,7.202,78.918
2026-06-11 09:08:30,21,22,0,122,7.349,77.999
2026-06-11 09:13:30,18,20,0,115,7.322,77.305
2026-06-11 09:18:30,50,60,199,132,7.344,78.216
2026-06-11 09:23:30,51,61,99,149,7.501,79.22
2026-06-11 09:28:30,50,62,99,133,7.651,79.212
2026-06-11 09:33:30,37,41,0,138,7.76,79.325
2026-06-11 09:38:30,34,40,0,128,7.945,80.004
2026-06-11 09:43:31,36,40,0,124,8.156,77.806
2026-06-11 09:48:39,36,41,0,130,8.425,77.558
2026-06-11 09:53:30,29,29,0,126,8.342,77.604
2026-06-11 09:58:30,27,27,0,119,8.652,76.658
2026-06-11 10:03:30,36,39,0,125,8.994,76.782
2026-06-11 10:08:31,37,43,0,128,9.87,72.83
2026-06-11 10:13:31,48,57,0,129,10.901,69.422
2026-06-11 10:18:31,34,36,0,278,11.162,69.729
2026-06-11 10:23:32,32,36,0,108,11.464,68.99
2026-06-11 10:28:31,37,41,0,111,12.185,67.892
2026-06-11 10:33:32,30,31,0,100,12.714,66.711
2026-06-11 10:38:31,26,28,0,98,13.283,64.375
2026-06-11 10:43:32,28,30,0,82,13.974,62.069
2026-06-11 10:48:32,24,24,0,76,14.158,61.037
2026-06-11 10:53:32,26,27,0,70,14.276,59.78
2026-06-11 10:58:32,32,35,0,69,14.372,59.242
2026-06-11 11:03:32,24,25,0,59,14.42,59.915
2026-06-11 11:08:31,28,29,0,56,14.89,58.96
2026-06-11 11:13:32,27,29,0,51,15.36,56.869
2026-06-11 11:18:32,30,31,0,61,15.817,55.982
2026-06-11 11:23:32,31,35,0,80,16.092,55.076
2026-06-11 11:28:31,26,26,0,50,16.012,55.803
2026-06-11 11:33:32,27,28,0,24,16.295,53.882
2026-06-11 11:38:31,21,22,0,39,17.018,54.214
2026-06-11 11:43:32,17,19,0,32,16.869,51.572
2026-06-11 11:48:32,18,21,0,28,17.149,50.796
2026-06-11 11:53:32,21,21,0,31,17.35,51.578
2026-06-11 11:58:32,19,19,0,12,17.763,49.997
2026-06-11 12:03:32,17,17,0,24,18.113,50.085
2026-06-11 12:08:32,16,17,0,6,18.396,48.179
2026-06-11 12:13:32,10,10,0,10,18.054,47.971
2026-06-11 12:18:32,11,11,0,17,18.538,47.609
2026-06-11 12:23:32,11,11,0,4,19.219,45.125
2026-06-11 12:28:32,8,8,0,21,19.045,40.658
2026-06-11 12:33:32,8,8,0,14,19.702,41.036
2026-06-11 12:38:32,6,7,0,26,19.894,39.092
2026-06-11 12:43:32,8,9,0,13,20.551,40.387
2026-06-11 12:48:53,8,10,0,25,21.149,39.708
2026-06-11 12:53:32,8,8,0,17,20.925,40.571
2026-06-11 12:58:32,10,10,0,17,20.973,40.378
2026-06-11 13:03:32,8,8,0,12,21.475,41.198
2026-06-11 13:08:32,8,8,0,1,19.894,41.549
2026-06-11 13:13:32,7,7,0,0,21.627,36.643
2026-06-11 13:18:33,6,8,0,14,21.379,39.785
2026-06-11 13:23:33,9,9,0,0,21.574,39.024
2026-06-11 13:28:33,8,8,0,0,21.272,39.083
2026-06-11 13:33:33,12,13,0,0,21.334,39.867
2026-06-11 13:38:33,11,11,0,0,21.659,40.229
2026-06-11 13:43:33,10,10,0,0,20.271,43.077
2026-06-11 13:48:41,44,53,0,44,21.673,35.789
2026-06-11 13:53:40,13,13,0,13,22.319,34.949
2026-06-11 13:58:33,25,26,0,10,22.236,32.975
2026-06-11 14:03:33,11,12,0,5,21.534,33.658
2026-06-11 14:08:33,5,6,0,0,20.757,37.28
2026-06-11 14:13:33,4,4,0,0,21.726,34.86
2026-06-11 14:18:33,8,8,0,0,21.005,34.526
2026-06-11 14:23:33,3,3,0,0,21.027,36.266
2026-06-11 14:28:33,4,4,0,0,21.657,35.636
2026-06-11 14:33:40,4,4,0,0,22.367,32.933
2026-06-11 14:38:33,20,20,0,75,22.244,32.39
2026-06-11 14:43:33,10,11,0,17,22.097,32.094
2026-06-11 14:48:33,6,6,0,0,22.509,31.978
2026-06-11 14:53:33,1,1,0,0,22.768,32.708
2026-06-11 14:58:33,9,9,0,0,21.98,32.706
2026-06-11 15:03:40,1,1,0,0,23.451,30.906
2026-06-11 15:08:33,2,2,0,0,21.117,35.793
2026-06-11 15:13:33,0,0,0,0,21.507,32.964
2026-06-11 15:18:42,11,11,0,0,22.813,31.337
2026-06-11 15:23:33,2,2,0,0,23.384,31.085
2026-06-11 15:28:33,5,7,0,0,23.825,30.475
2026-06-11 15:33:33,5,5,0,0,22.314,31.705
2026-06-11 15:38:33,0,0,0,0,22.933,31.44
2026-06-11 15:43:44,2,2,0,0,23.593,30.37
2026-06-11 15:48:33,1,2,0,0,22.252,33.229
2026-06-11 15:53:33,0,0,0,63,22.88,32.745
2026-06-11 15:58:33,1,1,0,0,22.709,31.919
2026-06-11 16:03:33,0,0,0,0,21.566,34.103
2026-06-11 16:08:33,1,1,0,0,21.665,32.762
2026-06-11 16:13:34,0,1,0,0,21.707,32.752
2026-06-11 16:18:34,1,1,0,0,21.406,33.305
2026-06-11 16:23:34,1,1,0,0,21.115,34.265
2026-06-11 16:28:34,0,0,0,14,20.578,34.663
2026-06-11 16:33:34,0,0,0,43,20.735,34.759
2026-06-11 16:38:34,1,1,0,42,20.765,35.169
2026-06-11 16:43:34,0,0,0,51,19.974,36.752
2026-06-11 16:48:34,1,1,0,34,20.525,35.27
2026-06-11 16:53:35,1,1,0,21,20.589,35.524
2026-06-11 16:58:34,2,2,0,62,20.145,36.617
2026-06-11 17:03:34,0,0,0,59,20.509,35.741
2026-06-11 17:08:34,0,0,0,79,20.217,36.462
2026-06-11 17:13:35,4,4,0,118,20.006,38.585
2026-06-11 17:18:34,4,4,0,111,19.739,39.279
2026-06-11 17:23:35,3,4,0,313,19.2,43.668
2026-06-11 17:28:34,7,7,0,186,18.84,45.297
2026-06-11 17:33:35,19,20,0,200,18.567,47.271
2026-06-11 17:38:35,24,25,0,223,18.191,47.212
2026-06-11 17:43:34,18,20,0,223,17.803,49.575
2026-06-11 17:48:35,38,45,0,170,17.288,49.369
2026-06-11 17:53:35,5,6,0,171,17.312,46.623
2026-06-11 17:58:34,4,4,0,301,17.189,47.208
2026-06-11 18:03:35,6,6,0,349,17.045,48.213
2026-06-11 18:08:35,20,22,0,430,16.637,51.805
2026-06-11 18:13:35,28,28,0,195,16.629,47.22
2026-06-11 18:18:35,6,7,0,112,16.663,44.772
2026-06-11 18:23:35,3,3,0,78,16.904,42.335
2026-06-11 18:28:35,5,5,0,78,16.872,41.98
2026-06-11 18:33:35,1,1,0,82,16.829,42.301
2026-06-11 18:38:35,5,5,0,84,16.599,44.845
2026-06-11 18:43:35,6,6,0,82,16.369,46.447
2026-06-11 18:48:35,4,4,0,87,16.281,45.24
2026-06-11 18:53:35,7,10,0,96,16.193,46.134
2026-06-11 18:58:35,33,37,0,167,16.236,45.171
2026-06-11 19:03:35,11,12,0,122,15.953,47.809
2026-06-11 19:08:35,14,15,0,95,15.507,51.603
2026-06-11 19:13:35,23,24,0,128,15.486,51.435
2026-06-11 19:18:36,47,59,0,427,15.323,52.524
2026-06-11 19:23:36,26,26,0,134,15.088,53.329
2026-06-11 19:28:42,59,72,0,379,15.002,54.916
2026-06-11 19:33:36,41,49,0,195,14.799,54.424
2026-06-11 19:38:36,37,45,0,169,14.722,55.097
2026-06-11 19:43:36,22,24,0,116,14.917,53.667
2026-06-11 19:48:36,24,25,0,117,15.029,50.168
2026-06-11 19:53:36,39,46,0,203,15.082,49.802
2026-06-11 19:58:36,5,6,0,58,15.472,48.627
2026-06-11 20:03:36,8,9,0,57,15.339,50.577
2026-06-11 20:08:36,5,6,0,60,15.264,51.406
2026-06-11 20:13:36,9,11,0,67,15.347,50.937
2026-06-11 20:18:36,14,15,0,110,15.328,51.662
2026-06-11 20:23:36,7,7,0,69,15.323,51.429
2026-06-11 20:28:36,34,37,0,161,15.2,52.921
2026-06-11 20:33:36,44,54,0,150,14.802,56.173
2026-06-11 20:38:36,54,67,0,211,14.498,57.371
2026-06-11 20:43:36,16,16,0,133,14.367,57.912
2026-06-11 20:48:36,69,76,0,313,14.182,58.797
2026-06-11 20:53:36,26,27,0,150,13.998,60.697
2026-06-11 20:58:36,33,37,0,200,13.883,60.951
2026-06-11 21:03:36,40,47,0,242,13.723,61.729
2026-06-11 21:08:37,25,25,0,130,13.584,61.943
2026-06-11 21:13:37,46,56,0,258,13.662,60.947
2026-06-11 21:18:46,25,26,0,125,13.499,62.528
2026-06-11 21:23:36,27,29,0,127,13.264,63.606
2026-06-11 21:28:37,26,28,0,121,13.034,65.862
2026-06-11 21:33:37,46,55,0,257,12.708,67.007
2026-06-11 21:38:36,30,35,0,185,12.631,67.449
2026-06-11 21:43:36,39,48,0,265,12.586,67.238
2026-06-11 21:48:36,35,42,0,191,12.401,67.888
2026-06-11 21:53:36,34,39,0,198,12.396,68.13
2026-06-11 21:58:36,32,36,0,344,12.401,67.487
2026-06-11 22:03:36,47,57,0,296,12.444,67.665
2026-06-11 22:08:36,46,56,0,363,12.417,69.294
2026-06-11 22:13:37,30,32,0,153,12.375,68.367
2026-06-11 22:18:37,30,34,0,486,12.172,70.23
2026-06-11 22:23:38,31,34,0,153,12.028,71.447
2026-06-11 22:28:37,42,51,0,267,12.092,70.978
2026-06-11 22:33:37,47,56,0,269,12.102,71.308
2026-06-11 22:38:37,37,43,0,185,12.036,71.23
2026-06-11 22:43:37,25,27,0,117,12.012,71.354
2026-06-11 22:48:47,28,28,0,144,11.942,71.432
2026-06-11 22:53:38,28,29,0,138,11.931,71.754
2026-06-11 22:58:38,33,34,0,143,11.857,72.149
2026-06-11 23:03:38,60,72,0,319,11.769,72.437
2026-06-11 23:08:37,54,66,0,186,11.59,73.32
2026-06-11 23:13:38,67,75,0,235,11.59,73.549
2026-06-11 23:18:37,65,76,0,248,11.387,74.077
2026-06-11 23:23:38,48,57,0,186,11.379,74.035
2026-06-11 23:28:38,47,57,0,164,11.352,74.72
2026-06-11 23:33:38,41,48,0,136,11.344,74.505
2026-06-11 23:38:38,33,38,0,121,11.352,74.438
2026-06-11 23:43:38,34,37,0,113,11.392,74.56
2026-06-11 23:48:38,54,69,0,215,11.453,74.526
2026-06-11 23:53:38,39,44,0,156,11.245,74.661
2026-06-11 23:58:38,37,44,0,147,11.117,75.081
2026-06-12 00:03:38,50,65,0,250,11.178,74.703
2026-06-12 00:08:38,54,66,0,254,11.181,74.936
2026-06-12 00:13:38,54,67,0,277,11.066,75.273
2026-06-12 00:18:38,56,72,0,259,11.125,75.252
2026-06-12 00:23:38,50,63,0,221,11.056,75.752
2026-06-12 00:28:38,63,76,0,270,11.023,75.22
2026-06-12 00:33:38,83,86,0,316,10.938,75.819
2026-06-12 00:38:38,83,86,0,354,10.981,75.783
2026-06-12 00:43:38,72,79,0,309,10.802,76.328
2026-06-12 00:48:38,71,80,0,387,10.746,76.681
2026-06-12 00:53:38,76,83,0,395,10.821,76.673
2026-06-12 00:58:38,86,90,0,457,10.81,76.631
2026-06-12 01:03:38,85,91,0,464,10.839,76.467
2026-06-12 01:08:38,81,86,0,450,10.764,76.748
2026-06-12 01:13:38,51,64,0,283,10.596,77.423
2026-06-12 01:18:39,55,69,0,808,10.65,77.341
2026-06-12 01:23:39,47,59,0,259,10.594,76.975
2026-06-12 01:28:45,43,52,0,198,10.58,77.082
2026-06-12 01:33:39,42,50,0,215,10.596,76.828
2026-06-12 01:38:39,45,53,0,204,10.572,76.645
2026-06-12 01:43:39,47,57,0,233,10.546,76.843
2026-06-12 01:48:39,44,55,0,251,10.604,76.74
2026-06-12 01:53:39,38,45,0,191,10.537,77.31
2026-06-12 01:58:39,43,50,0,210,10.391,77.431
2026-06-12 02:03:39,42,50,0,222,10.452,77.247
2026-06-12 02:08:39,44,52,0,204,10.393,77.103
2026-06-12 02:13:39,43,53,0,193,10.035,77.602
2026-06-12 02:18:39,44,53,0,204,10.078,78.026
2026-06-12 02:23:39,45,53,0,228,10.303,77.337
2026-06-12 02:28:39,44,53,0,211,10.351,77.917
2026-06-12 02:33:39,44,54,0,232,10.407,77.326
2026-06-12 02:38:39,43,52,0,209,10.238,77.312
2026-06-12 02:43:39,39,49,0,163,10.324,76.883
2026-06-12 02:48:39,41,49,0,168,10.329,77.158
2026-06-12 02:53:39,39,45,0,224,10.359,76.94
2026-06-12 02:58:39,42,50,0,216,10.359,77.352
2026-06-12 03:03:39,43,50,0,215,10.228,77.57
2026-06-12 03:08:39,42,50,0,178,10.054,78.365
2026-06-12 03:13:39,41,49,0,186,10.164,77.822
2026-06-12 03:18:39,39,46,0,159,10.092,78.121
2026-06-12 03:23:39,39,50,0,110,9.814,78.628
2026-06-12 03:28:39,42,50,0,127,9.771,78.648
2026-06-12 03:33:39,41,49,0,128,9.485,79.924
2026-06-12 03:38:39,43,51,0,140,9.702,79.588
2026-06-12 03:43:39,40,49,0,138,9.598,79.945
2026-06-12 03:48:39,41,49,0,144,9.768,79.122
2026-06-12 03:53:39,42,49,0,141,9.694,79.622
2026-06-12 03:58:39,40,48,0,149,9.571,79.565
2026-06-12 04:03:39,42,50,0,127,9.598,80.048
2026-06-12 04:08:39,42,52,0,147,9.742,79.237
2026-06-12 04:13:39,39,49,0,166,9.787,78.699
2026-06-12 04:18:40,41,49,0,481,9.859,78.754
2026-06-12 04:23:40,43,51,0,159,9.619,79.353
2026-06-12 04:28:40,40,51,0,149,9.654,79.262
2026-06-12 04:33:40,43,51,0,145,9.646,79.382
2026-06-12 04:38:40,40,49,0,162,9.72,79
2026-06-12 04:43:40,40,47,0,153,9.683,78.735
2026-06-12 04:48:49,39,47,0,142,9.79,78.415
2026-06-12 04:53:40,38,44,0,142,9.87,77.581
2026-06-12 04:58:41,38,45,0,157,9.833,77.618
2026-06-12 05:03:40,40,50,0,158,9.808,78.06
2026-06-12 05:08:41,40,47,0,154,9.894,78.106
2026-06-12 05:13:40,39,49,0,161,9.736,78.916
2026-06-12 05:18:41,37,43,0,136,9.68,78.321
2026-06-12 05:23:41,39,46,0,128,9.582,78.955
2026-06-12 05:28:51,40,47,0,123,9.574,78.89
2026-06-12 05:33:41,39,47,0,129,9.622,78.632
2026-06-12 05:38:41,39,44,0,126,9.571,78.768
2026-06-12 05:43:41,39,45,0,130,9.606,79.47
2026-06-12 05:48:41,38,45,0,127,9.531,78.93
2026-06-12 05:53:41,38,43,0,147,9.493,79.189
2026-06-12 05:58:40,37,43,0,119,9.523,79.302
2026-06-12 06:03:41,36,41,0,98,9.424,78.667
2026-06-12 06:08:41,37,42,0,104,9.314,78.716
2026-06-12 06:13:41,35,38,0,116,9.565,77.703
2026-06-12 06:18:41,36,41,0,145,9.742,76.744
2026-06-12 06:23:41,38,46,0,125,9.491,77.984
2026-06-12 06:28:41,38,43,0,133,9.56,78.39
2026-06-12 06:33:41,38,42,0,130,9.469,78.461
2026-06-12 06:38:41,38,43,0,162,9.59,78.001
2026-06-12 06:43:41,38,45,0,165,9.758,77.585
2026-06-12 06:48:41,36,40,0,161,9.752,77.499
2026-06-12 06:53:41,38,43,0,204,9.849,76.42
2026-06-12 06:58:41,38,44,0,215,9.937,76.244
2026-06-12 07:03:41,39,44,97,180,10.166,74.457
2026-06-12 07:08:41,38,44,0,144,9.918,75.916
2026-06-12 07:13:41,36,40,0,130,10.006,76.668
2026-06-12 07:18:42,34,40,0,399,9.971,76.09
2026-06-12 07:23:42,36,40,0,130,9.934,75.741
2026-06-12 07:28:42,34,37,0,129,9.934,76.265
2026-06-12 07:33:42,35,41,0,126,9.87,76.313
2026-06-12 07:38:42,38,42,0,134,9.849,76.507
2026-06-12 07:43:42,38,41,0,170,9.998,76.179
2026-06-12 07:48:42,35,39,0,149,9.747,76.61
2026-06-12 07:53:52,35,38,0,140,9.894,75.619
2026-06-12 07:58:42,31,35,0,140,10.062,73.98
2026-06-12 08:03:42,34,35,0,130,10.025,74.505
2026-06-12 08:08:51,38,43,0,149,9.998,75.062
2026-06-12 08:13:42,35,39,0,155,10.126,75.394
2026-06-12 08:18:42,35,39,0,144,10.049,75.058
2026-06-12 08:23:42,35,42,0,165,10.022,75.315
2026-06-12 08:28:42,34,36,0,150,10.238,74.959
2026-06-12 08:33:42,34,38,0,177,10.092,74.722
2026-06-12 08:38:42,34,36,0,160,10.238,74.497
2026-06-12 08:43:42,34,38,0,150,10.513,73.873
2026-06-12 08:48:42,32,36,0,136,10.668,72.893
2026-06-12 08:53:42,32,35,0,149,10.775,73.379
2026-06-12 08:58:42,60,75,0,182,10.821,73.58
2026-06-12 09:03:53,46,55,0,147,11.117,72.706
2026-06-12 09:08:42,42,50,0,138,11.16,72.977
2026-06-12 09:13:42,34,36,0,107,11.352,71.569
2026-06-12 09:18:42,33,36,0,113,11.475,71.634
2026-06-12 09:23:42,37,42,0,147,11.584,70.415
2026-06-12 09:28:42,35,39,0,105,11.731,70.133
2026-06-12 09:33:53,34,36,0,109,11.851,68.907
2026-06-12 09:38:42,34,39,0,111,11.32,69.807
2026-06-12 09:43:43,34,37,0,126,11.779,69.757
2026-06-12 09:48:42,31,35,0,110,12.118,68.21
2026-06-12 09:53:42,33,36,0,115,12.372,67.981
2026-06-12 09:58:42,33,35,0,111,12.716,66.326
2026-06-12 10:03:42,35,39,0,121,13.096,65.34
2026-06-12 10:08:43,34,37,0,109,13.304,64.02
2026-06-12 10:13:42,35,40,0,110,13.683,63.366
2026-06-12 10:18:44,34,37,0,314,14.217,61.62
2026-06-12 10:23:51,30,33,0,126,14.54,59.013
2026-06-12 10:28:53,30,34,0,137,14.607,58.456
2026-06-12 10:33:44,29,31,0,124,14.727,58.254
2026-06-12 10:38:52,29,29,0,108,14.572,59.105
2026-06-12 10:43:43,29,33,0,111,15.339,56.36
2026-06-12 10:48:44,27,28,0,99,16.391,51.753
2026-06-12 10:53:44,33,36,0,97,17.657,48.837
2026-06-12 10:58:44,32,36,0,98,17.795,49.615
2026-06-12 11:03:43,32,36,0,100,17.98,49.871
2026-06-12 11:08:44,32,36,475,100,17.929,48.217
2026-06-12 11:13:43,29,34,380,118,18.18,46.258
2026-06-12 11:18:43,32,34,380,103,18.303,44.357
2026-06-12 11:23:43,29,34,95,97,18.834,43.708
2026-06-12 11:28:44,28,31,0,107,19.342,41.892
2026-06-12 11:33:43,41,48,190,117,19.643,40.283
2026-06-12 11:38:44,25,26,0,107,19.892,38.802
2026-06-12 11:43:43,7,7,0,87,20.055,35.779
2026-06-12 11:48:44,3,3,0,64,20.282,34.309
2026-06-12 11:53:43,4,4,0,75,20.185,33.614
2026-06-12 11:58:44,5,5,0,59,20.319,33.216
2026-06-12 12:03:43,7,7,0,64,19.777,34.312
2026-06-12 12:08:44,10,12,0,102,19.998,34.602
2026-06-12 12:13:44,21,21,190,107,19.606,36.35
2026-06-12 12:18:44,18,19,0,130,19.766,37.412
2026-06-12 12:23:44,27,28,0,96,19.334,39.438
2026-06-12 12:28:44,30,33,0,108,19.264,40.479
2026-06-12 12:33:44,17,20,0,76,19.606,37.896
2026-06-12 12:38:44,11,11,0,84,19.376,36.365
2026-06-12 12:43:44,6,6,0,75,20.009,35.348
2026-06-12 12:48:44,7,7,0,96,21.048,33.864
2026-06-12 12:53:44,4,5,0,58,21.764,31.591
2026-06-12 12:58:44,9,11,0,91,20.188,36.655
2026-06-12 13:03:44,9,12,0,85,21.585,36.523
2026-06-12 13:08:44,6,6,0,70,22.161,34.372
2026-06-12 13:13:44,10,12,0,52,22.842,33.3
2026-06-12 13:18:45,13,13,0,79,22.773,34.785
2026-06-12 13:23:45,14,17,0,54,23.467,31.053
2026-06-12 13:28:53,10,10,0,22,23.267,30.81
2026-06-12 13:33:45,8,8,0,40,24.904,28.766
2026-06-12 13:38:45,8,8,0,28,24.797,27.436
2026-06-12 13:43:45,8,8,0,13,25.024,27.93
2026-06-12 13:48:45,11,11,0,18,25.871,27.148
2026-06-12 13:53:45,12,12,0,19,26.148,25.615
2026-06-12 13:58:45,2,3,0,5,26.276,22.62
2026-06-12 14:03:45,7,7,0,19,26.957,23.013
2026-06-12 14:08:45,4,5,0,2,26.941,24.156
2026-06-12 14:13:45,7,7,0,2,26.351,24.758
2026-06-12 14:18:45,7,7,0,8,26.963,25.109
2026-06-12 14:23:45,7,7,0,9,25.037,27.587
2026-06-12 14:28:45,12,12,0,5,24.837,26.742
2026-06-12 14:33:45,7,8,0,1,25.756,26.515
2026-06-12 14:38:45,7,7,0,0,25.857,26.069
2026-06-12 14:43:45,6,6,0,4,26.212,26.349
2026-06-12 14:48:45,4,5,0,0,26.578,26.551
2026-06-12 14:53:45,4,4,0,0,26.688,23.936
2026-06-12 14:58:45,5,5,0,0,26.859,23.515
2026-06-12 15:03:45,5,5,0,0,26.581,24.875
2026-06-12 15:08:45,4,4,0,0,26.688,25.136
2026-06-12 15:13:45,3,4,0,0,26.634,25.317
2026-06-12 15:18:45,4,4,0,0,26.228,26.181
2026-06-12 15:23:45,5,5,0,0,25.782,26.933
2026-06-12 15:28:45,6,6,0,3,25.641,28.466
2026-06-12 15:33:45,6,6,0,6,25.315,28.707
2026-06-12 15:38:45,6,6,0,13,25.053,28.739
2026-06-12 15:43:45,7,7,0,31,24.816,30.379
2026-06-12 15:48:45,11,11,0,20,24.549,29.323
2026-06-12 15:53:45,7,8,0,30,24.183,30.563
2026-06-12 15:58:45,8,8,0,35,24.02,31.463
2026-06-12 16:03:45,8,8,0,29,23.98,31.346
2026-06-12 16:08:45,9,9,0,65,23.854,29.948
2026-06-12 16:13:45,8,8,0,55,23.919,30.25
2026-06-12 16:18:46,8,8,0,87,23.788,32.092
2026-06-12 16:23:46,7,8,0,102,23.809,32.144
2026-06-12 16:28:46,7,7,0,59,23.611,32.386
2026-06-12 16:33:46,5,6,0,54,23.184,35.426
2026-06-12 16:38:46,4,5,0,58,23,34.286
2026-06-12 16:43:46,11,11,0,292,22.655,37.511
2026-06-12 16:48:47,5,6,0,139,22.42,38.617
2026-06-12 16:53:47,6,6,0,119,21.961,38.324
2026-06-12 16:58:47,6,6,0,118,21.483,40.761
2026-06-12 17:03:47,8,11,0,155,21.254,41.398
2026-06-12 17:08:54,8,8,0,165,20.872,45.642
2026-06-12 17:13:47,11,11,0,195,20.613,45.518
2026-06-12 17:18:47,8,8,0,203,20.225,47.763
2026-06-12 17:23:47,11,12,0,265,19.79,48.042
2026-06-12 17:28:47,11,14,0,839,19.504,48.261
2026-06-12 17:33:47,6,7,0,154,19.189,49.882
2026-06-12 17:38:46,6,6,0,128,18.933,51.198
2026-06-12 17:43:47,3,4,0,185,18.602,52.177
2026-06-12 17:58:48,7,7,0,97,17.886,55.601
2026-06-12 18:03:47,7,7,0,109,17.619,55.851
2026-06-12 18:08:46,7,8,0,140,17.483,56.818
2026-06-12 18:13:47,7,8,0,175,17.427,55.233
2026-06-12 18:18:47,10,10,0,166,17.243,56.909
2026-06-12 18:23:47,10,10,0,214,17.147,56.346
2026-06-12 18:28:47,13,17,0,194,16.949,58.24
2026-06-12 18:33:47,7,8,0,155,16.813,57.525
2026-06-12 18:38:47,13,14,0,220,16.634,57.087
2026-06-12 18:43:47,8,12,0,177,16.535,58.24
2026-06-12 18:48:47,22,24,0,149,16.519,57.783
2026-06-12 18:53:47,19,19,0,162,16.311,58.925
2026-06-12 18:58:47,11,11,0,146,16.135,55.547
2026-06-12 19:03:47,18,20,0,183,16.14,56.104
2026-06-12 19:08:47,10,10,0,160,15.873,55.978
2026-06-12 19:13:47,8,8,0,180,15.937,56.366
2026-06-12 19:18:48,6,7,0,309,15.862,55.938
2026-06-12 19:23:48,80,88,0,446,15.739,60.583
2026-06-12 19:28:48,34,41,0,230,15.611,61.138
2026-06-12 19:33:48,33,38,0,291,15.443,63.326
2026-06-12 19:38:48,32,37,0,219,15.344,63.762
2026-06-12 19:43:48,40,48,0,225,15.227,64.775
2026-06-12 19:48:48,42,50,0,300,15.05,65.96
2026-06-12 19:53:48,26,28,0,123,14.925,66.061
2026-06-12 19:58:48,46,57,0,178,14.775,66.547
2026-06-12 20:03:48,70,80,0,286,14.725,65.281
2026-06-12 20:08:48,46,59,0,200,14.695,65.849
2026-06-12 20:13:48,43,54,0,182,14.612,65.836
2026-06-12 20:18:48,41,51,0,199,14.551,65.786
2026-06-12 20:23:48,39,48,0,181,14.289,67.293
2026-06-12 20:28:48,41,49,0,187,14.247,66.85
2026-06-12 20:33:48,30,31,0,173,14.084,65.925
2026-06-12 20:38:48,26,29,0,170,14.006,66.295
2026-06-12 20:43:48,35,40,0,191,13.838,68.22
2026-06-12 20:48:49,34,39,0,194,13.63,68.584
2026-06-12 20:53:48,25,26,0,161,13.341,68.439
2026-06-12 20:58:49,27,27,0,172,13.416,68.327
2026-06-12 21:03:48,37,43,0,248,13.315,69.7
2026-06-12 21:08:48,26,27,0,196,13.101,69.175
2026-06-12 21:13:48,33,35,0,198,13.013,69.488
2026-06-12 21:18:49,32,35,0,154,12.978,69.326
2026-06-12 21:23:48,30,33,0,159,12.984,68.088
2026-06-12 21:28:48,22,23,0,146,13.048,67.56
2026-06-12 21:33:48,25,27,0,137,12.917,68.475
2026-06-12 21:38:56,53,65,0,399,12.879,69.101
2026-06-12 21:43:48,62,72,0,396,12.714,69.938
2026-06-12 21:48:49,54,68,0,297,12.522,70.022
2026-06-12 21:53:49,70,77,0,465,12.428,71.699
2026-06-12 21:58:48,42,51,0,212,12.244,69.658
2026-06-12 22:03:48,59,72,0,340,12.012,71.262
2026-06-12 22:08:48,52,64,0,258,11.958,71.266
2026-06-12 22:13:48,31,31,0,142,12.316,65.553
2026-06-12 22:18:49,47,58,0,754,11.867,70.091
2026-06-12 22:23:58,35,38,0,233,11.758,69.944
2026-06-12 22:28:50,30,32,0,283,11.68,70.429
2026-06-12 22:33:50,31,32,0,205,11.704,69.845
2026-06-12 22:38:58,37,43,0,191,11.638,70.249
2026-06-12 22:43:50,60,72,0,315,11.544,71.783
2026-06-12 22:48:50,40,47,0,213,11.389,71.472
2026-06-12 22:53:50,39,48,0,193,11.275,71.63
2026-06-12 22:58:49,43,51,0,212,11.224,72.17
2026-06-12 23:03:50,42,51,0,213,11.061,72.593
2026-06-12 23:08:49,37,41,0,151,11.042,71.644
2026-06-12 23:13:50,37,45,0,161,11.064,71.499
2026-06-12 23:18:49,37,43,0,175,11.096,72.143
2026-06-12 23:23:50,37,44,0,190,10.927,72.435
2026-06-12 23:28:49,48,58,0,246,10.829,74.217
2026-06-12 23:33:50,50,63,0,381,10.858,73.665
2026-06-12 23:38:50,44,53,0,279,10.682,74.262
2026-06-12 23:43:50,42,51,0,180,10.516,74.215
2026-06-12 23:48:50,42,48,0,146,10.404,75.706
2026-06-12 23:53:50,40,48,0,142,10.281,75.741
2026-06-12 23:58:49,40,49,0,195,10.1,75.17
2026-06-13 00:03:50,34,39,0,155,10.017,74.962
2026-06-13 00:08:50,37,43,0,162,10.174,74.945
2026-06-13 00:13:50,34,39,0,147,10.025,75.228
2026-06-13 00:18:50,37,40,0,164,9.993,75.428
2026-06-13 00:23:50,35,38,0,144,9.937,75.703
2026-06-13 00:28:50,47,56,0,224,9.995,76.511
2026-06-13 00:33:50,45,57,0,211,10.158,75.937
2026-06-13 00:38:50,37,43,0,157,9.995,75.979
2026-06-13 00:43:50,35,41,0,142,10.062,76.237
2026-06-13 00:48:50,37,43,0,193,10.086,76.431
2026-06-13 00:53:50,55,68,0,236,10.134,76
2026-06-13 00:58:50,47,57,0,240,10.102,76.004
2026-06-13 01:03:50,46,58,0,209,10.025,76.595
2026-06-13 01:08:50,44,52,0,195,10.022,76.429
2026-06-13 01:13:50,45,55,0,192,9.784,77.19
2026-06-13 01:18:51,43,52,0,488,9.886,77.726
2026-06-13 01:23:51,45,53,0,234,9.857,76.874
2026-06-13 01:28:51,45,54,0,194,9.937,76.87
2026-06-13 01:33:51,42,49,0,178,9.921,76.952
2026-06-13 01:38:51,40,49,0,169,9.891,77.013
2026-06-13 01:43:51,42,50,0,152,9.808,77.337
2026-06-13 01:48:51,39,50,0,143,9.699,77.425
2026-06-13 01:53:51,39,46,0,161,9.806,77.261
2026-06-13 01:58:51,38,42,0,124,9.87,77.471
2026-06-13 02:03:51,38,45,0,126,9.768,78.012
2026-06-13 02:08:51,37,43,0,134,9.8,77.055
2026-06-13 02:14:00,39,49,0,142,9.907,77.038
2026-06-13 02:18:51,41,51,0,146,9.694,76.628
2026-06-13 02:23:51,41,49,0,129,9.731,76.17
2026-06-13 02:28:52,42,53,0,141,9.763,76.574
2026-06-13 02:34:12,44,54,0,141,9.651,76.547
2026-06-13 02:38:57,51,62,0,233,9.63,77.553
2026-06-13 02:43:51,43,54,0,158,9.75,77.364
2026-06-13 02:48:51,45,53,0,154,9.803,77.078
2026-06-13 02:53:51,43,54,0,165,9.603,77.446
2026-06-13 02:58:52,46,56,0,187,9.456,77.083
2026-06-13 03:03:51,45,54,0,164,9.48,77.095
2026-06-13 03:08:52,45,55,0,153,9.565,77.747
2026-06-13 03:13:51,49,59,0,193,9.309,77.698
2026-06-13 03:18:51,46,54,0,203,9.379,78.173
2026-06-13 03:23:51,45,53,0,188,9.432,78.27
2026-06-13 03:28:52,45,54,0,170,9.309,79.033
2026-06-13 03:33:52,44,54,0,163,9.365,78.802
2026-06-13 03:38:51,47,57,0,151,9.432,79.096
2026-06-13 03:43:51,46,55,0,151,9.32,79.046
2026-06-13 03:48:52,46,56,0,156,9.122,79.481
2026-06-13 03:53:52,49,61,0,155,9.285,79.296
2026-06-13 03:58:51,48,60,0,153,9.253,78.59
2026-06-13 04:03:52,49,60,0,163,9.363,78.545
2026-06-13 04:08:51,50,61,0,188,9.381,78.323
2026-06-13 04:13:51,50,62,0,212,9.245,78.607
2026-06-13 04:18:53,50,60,0,725,9.192,78.318
2026-06-13 04:23:52,48,60,0,209,9.298,78.052
2026-06-13 04:28:52,49,58,0,205,9.371,78.527
2026-06-13 04:33:52,49,59,0,208,9.32,78.316
2026-06-13 04:38:52,47,58,0,160,9.344,78.228
2026-06-13 04:43:53,47,57,0,147,9.322,78.632
2026-06-13 04:48:53,46,55,0,166,9.317,79.014
2026-06-13 04:53:53,45,54,0,138,9.261,79.571
2026-06-13 04:58:52,45,55,0,142,9.184,79.935
2026-06-13 05:03:53,47,56,0,201,9.01,79.626
2026-06-13 05:08:53,49,59,0,198,9.133,79.195
2026-06-13 05:13:52,45,55,0,174,9.088,79.288
2026-06-13 05:18:53,47,55,0,117,9.047,79.243
2026-06-13 05:23:52,46,54,0,113,8.975,79.342
2026-06-13 05:28:53,49,57,0,119,8.82,79.47
2026-06-13 05:33:52,47,58,0,126,8.778,79.985
2026-06-13 05:38:53,46,58,0,120,8.7,80.048
2026-06-13 05:43:53,47,57,0,123,8.794,80.166
2026-06-13 05:48:53,46,54,0,110,8.62,80.126
2026-06-13 05:53:52,47,58,0,123,8.481,81.31
2026-06-13 05:58:53,49,59,0,128,8.652,80.749
2026-06-13 06:03:53,48,60,0,149,8.711,80.248
2026-06-13 06:08:53,46,56,0,157,8.727,80.944
2026-06-13 06:13:53,50,62,0,159,8.727,80.507
2026-06-13 06:18:53,49,58,0,138,8.73,80.849
2026-06-13 06:23:53,49,62,0,152,8.62,80.385
2026-06-13 06:28:53,48,58,0,137,8.604,80.763
2026-06-13 06:33:53,48,59,0,140,8.636,80.481
2026-06-13 06:38:52,49,59,0,129,8.516,81.098
2026-06-13 06:43:53,50,60,0,153,8.34,81.152
2026-06-13 06:48:53,47,61,0,137,8.487,80.955
2026-06-13 06:53:53,49,59,0,138,8.452,80.788
2026-06-13 06:58:53,46,57,0,141,8.316,81.119
2026-06-13 07:03:53,49,59,0,179,8.19,81.539
2026-06-13 07:08:53,49,59,0,202,8.324,81.205
2026-06-13 07:13:53,49,58,0,274,8.361,81.215
2026-06-13 07:18:54,48,59,0,911,8.043,82.512
2026-06-13 07:23:54,49,61,0,159,8.051,83.706
2026-06-13 07:28:54,46,55,0,151,8.073,83.727
2026-06-13 07:33:54,48,60,0,145,8.278,82.388
2026-06-13 07:38:54,48,57,0,161,8.27,82.092
2026-06-13 07:43:54,48,60,0,135,8.177,82.705
2026-06-13 07:48:54,50,62,0,150,8.238,82.273
2026-06-13 07:53:54,57,71,0,227,8.222,81.974
2026-06-13 07:58:54,53,64,0,204,8.313,81.636
2026-06-13 08:03:54,51,64,0,196,8.417,80.864
2026-06-13 08:08:54,57,70,0,216,8.415,81.369
2026-06-13 08:13:54,45,52,0,152,8.567,80.145
2026-06-13 08:18:54,44,52,0,109,8.684,79.962
2026-06-13 08:23:54,48,60,0,130,8.743,79.857
2026-06-13 08:28:54,56,68,0,172,8.882,79.752
2026-06-13 08:33:54,50,62,0,140,8.786,79.311
2026-06-13 08:38:54,48,59,0,146,8.989,78.749
2026-06-13 08:43:54,48,59,0,115,9.264,78.06
2026-06-13 08:48:54,51,63,0,182,9.512,77.337
2026-06-13 08:53:54,48,61,0,171,9.694,75.987
2026-06-13 08:59:00,47,58,0,162,9.672,75.998
2026-06-13 09:03:54,44,54,0,137,10.148,74.789
2026-06-13 09:08:54,47,57,0,128,10.319,74.066
2026-06-13 09:13:54,45,56,0,212,10.73,72.841
2026-06-13 09:18:54,47,56,0,136,11.341,71.054
2026-06-13 09:23:54,49,59,0,149,11.253,71.001
2026-06-13 09:28:54,49,58,0,132,11.766,69.46
2026-06-13 09:33:54,51,64,0,132,12.487,66.206
2026-06-13 09:38:54,49,61,0,133,12.997,66.423
2026-06-13 09:43:54,50,63,0,112,13.387,64.56
2026-06-13 09:48:54,47,56,0,100,13.731,62.437
2026-06-13 09:53:54,47,58,0,100,13.974,60.625
2026-06-13 09:58:54,46,55,0,117,14.057,59.402
2026-06-13 10:04:01,47,57,0,110,14.46,58.91
2026-06-13 10:08:54,46,57,0,112,15.424,55.919
2026-06-13 10:13:55,43,52,0,91,16.332,52.705
2026-06-13 10:18:55,40,48,0,186,16.321,50.958
2026-06-13 10:23:55,43,54,0,86,17.131,49.081
2026-06-13 10:28:56,45,55,0,78,18.156,46.018
2026-06-13 10:33:55,42,53,0,69,17.649,48.189
2026-06-13 10:38:56,43,50,0,67,18.383,46.224
2026-06-13 10:43:55,44,52,0,61,17.942,47.42
2026-06-13 10:48:56,43,52,0,56,18.079,47.128
2026-06-13 10:53:56,43,52,0,63,19.152,44.53
2026-06-13 10:58:55,44,53,0,62,20.124,43.191
2026-06-13 11:03:56,44,53,0,60,21.342,38.907
2026-06-13 11:08:56,39,47,0,53,22.201,36.702
2026-06-13 11:13:55,38,45,0,54,22.714,35.953
2026-06-13 11:18:56,40,47,0,47,21.686,38.265
2026-06-13 11:23:56,38,45,0,25,22.02,36.504
2026-06-13 11:28:56,41,49,0,19,22.858,34.904
2026-06-13 11:33:56,40,49,0,22,23.462,34.913
2026-06-13 11:38:56,36,43,0,16,23.465,34.158
2026-06-13 11:43:55,36,44,0,203,23.176,34.923
2026-06-13 11:48:56,39,46,0,32,22.501,34.324
2026-06-13 11:53:56,37,42,0,47,22.081,36.634
2026-06-13 11:58:56,38,44,0,40,22.575,36.706
2026-06-13 12:03:56,38,44,0,41,21.141,37.57
2026-06-13 12:08:55,35,40,0,48,22.017,36.176
2026-06-13 12:13:56,28,30,0,43,22.396,35.728
2026-06-13 12:18:56,31,35,0,35,21.075,36.269
2026-06-13 12:23:56,33,35,0,39,21.136,36.123
2026-06-13 12:28:56,32,34,0,34,21.78,36.399
2026-06-13 12:33:55,32,36,0,38,21.539,37.423
2026-06-13 12:38:56,32,36,0,31,21.881,35.922
2026-06-13 12:44:05,36,43,0,16,22.084,37.5
2026-06-13 12:49:03,32,36,0,11,22.989,35.537
2026-06-13 12:53:56,33,38,0,0,21.825,34.564
2026-06-13 12:58:56,25,25,0,0,23.734,29.903
2026-06-13 13:03:56,29,29,0,0,24.17,29.754
2026-06-13 13:08:56,27,30,0,0,25.2,28.897
2026-06-13 13:13:56,28,30,0,0,22.674,31.713
2026-06-13 13:19:05,29,30,0,0,22.928,32.521
2026-06-13 13:23:57,27,30,0,0,25.419,28.449
2026-06-13 13:28:57,25,28,0,0,25.587,28.091
2026-06-13 13:33:57,29,30,0,0,26.204,27.474
2026-06-13 13:38:57,27,29,0,3,25.491,28.55
2026-06-13 13:43:57,29,30,0,0,25.79,28.895
2026-06-13 13:48:57,29,30,0,0,25.47,30.273
2026-06-13 13:53:57,25,29,0,0,26.298,27.444
2026-06-13 13:58:57,27,27,0,0,25.652,29.384
2026-06-13 14:03:57,25,27,0,0,25.983,27.053
2026-06-13 14:08:57,25,25,0,0,26.365,27.616
2026-06-13 14:13:57,26,26,0,0,26.276,27.268
2026-06-13 14:18:57,28,28,0,0,26.549,26.794
2026-06-13 14:23:57,25,26,0,0,25.929,27.309
2026-06-13 14:28:57,27,28,0,0,26.365,27.192
2026-06-13 14:33:57,25,26,0,0,26.343,26.485
2026-06-13 14:38:57,26,26,0,13,26.901,25.735
2026-06-13 14:43:57,25,25,0,0,25.563,27.598
2026-06-13 14:48:57,25,25,0,0,25.833,28.758
2026-06-13 14:53:57,27,28,0,31,25.003,28.913
2026-06-13 14:58:57,24,25,0,239,25.483,28.831
2026-06-13 15:03:57,23,24,0,0,24.143,29.304
2026-06-13 15:09:06,20,23,0,0,25.064,27.806
2026-06-13 15:13:57,22,23,0,0,25.187,27.518
2026-06-13 15:19:06,22,23,0,0,25.307,28.01
2026-06-13 15:23:57,20,22,0,0,24.965,29.445
2026-06-13 15:28:58,22,22,0,0,25.283,29.391
2026-06-13 15:33:57,24,25,0,0,24.266,30.971
2026-06-13 15:38:57,25,26,0,0,24.781,30.65
2026-06-13 15:43:57,21,22,0,0,24.458,31.465
2026-06-13 15:48:58,25,25,0,0,24.009,32.298
2026-06-13 15:53:58,23,24,0,0,23.23,34.37
2026-06-13 15:58:57,25,26,0,0,23.019,35.041
2026-06-13 16:04:05,19,22,0,0,23.091,34.507
2026-06-13 16:08:57,22,23,0,0,22.976,35.106
2026-06-13 16:13:58,20,20,0,0,22.565,36.13
2026-06-13 16:18:58,22,23,0,2,22.143,37.013
2026-06-13 16:23:58,23,23,0,1,22.18,37.893
2026-06-13 16:28:59,22,22,0,0,21.844,38.335
2026-06-13 16:33:58,23,23,0,4,21.993,38.638
2026-06-13 16:38:58,22,24,0,0,21.395,40.611
2026-06-13 16:43:59,20,22,0,5,21.382,41.036
2026-06-13 16:48:59,23,23,0,11,21.027,42.264
2026-06-13 16:53:59,25,25,0,0,20.949,42.587
2026-06-13 16:58:59,22,23,0,7,20.562,43.199
2026-06-13 17:03:59,22,24,0,16,20.145,44.767
2026-06-13 17:08:59,20,24,0,19,19.852,45.383
2026-06-13 17:13:59,24,26,0,18,19.446,46.401
2026-06-13 17:18:58,21,22,0,14,19.537,45.551
2026-06-13 17:23:59,22,22,0,6,19.264,47.283
2026-06-13 17:28:58,24,25,0,23,19.01,47.948
2026-06-13 17:33:59,28,29,0,14,18.89,49.047
2026-06-13 17:38:59,23,23,0,14,18.762,49.398
2026-06-13 17:43:59,23,26,0,13,18.677,49.196
2026-06-13 17:48:59,25,27,0,16,18.551,49.77
2026-06-13 17:53:58,24,25,0,11,18.434,49.716
2026-06-13 17:59:07,24,24,0,19,18.367,50.178
2026-06-13 18:03:59,23,23,0,28,18.209,50.607
2026-06-13 18:08:59,25,25,0,38,18.121,50.676
2026-06-13 18:13:59,24,26,0,10,17.926,51.622
2026-06-13 18:18:59,26,28,0,21,17.694,52.833
2026-06-13 18:23:58,25,26,0,21,17.705,52.448
2026-06-13 18:28:59,28,30,0,0,17.609,53.522
2026-06-13 18:33:58,26,28,0,5,17.544,53.718
2026-06-13 18:38:59,29,31,0,3,17.539,53.92
2026-06-13 18:43:59,26,27,0,18,17.336,55.059
2026-06-13 18:48:59,27,27,0,8,17.227,55.969
2026-06-13 18:53:59,26,28,0,16,17.08,56.638
2026-06-13 18:58:59,30,31,0,18,16.957,57.725
2026-06-13 19:03:59,26,28,0,7,17.112,57.067
2026-06-13 19:08:59,27,27,0,15,17.061,57.38
2026-06-13 19:13:59,27,28,0,19,17.024,57.447
2026-06-13 19:19:00,28,31,0,64,16.797,58.462
2026-06-13 19:24:00,28,29,0,29,16.663,59.082
2026-06-13 19:29:00,26,27,0,17,16.519,60.772
2026-06-13 19:34:00,28,29,0,16,16.434,61.267
2026-06-13 19:39:00,29,31,0,17,16.329,61.624
2026-06-13 19:44:00,29,29,0,22,16.038,62.99
2026-06-13 19:49:00,29,32,0,19,16.167,62.189
2026-06-13 19:54:00,28,30,0,19,16.145,62.204
2026-06-13 19:59:00,30,31,0,17,16.255,61.47
2026-06-13 20:04:00,30,34,0,28,16.164,62.235
2026-06-13 20:09:00,36,42,0,34,16.118,62.488
2026-06-13 20:14:00,32,33,0,43,16.078,63.148
2026-06-13 20:19:00,30,35,0,34,15.932,64.428
2026-06-13 20:24:00,31,32,0,35,15.721,65.973
2026-06-13 20:29:00,32,33,0,59,15.635,65.904
2026-06-13 20:34:00,32,36,0,51,15.315,67.634
2026-06-13 20:39:00,29,32,0,55,15.232,67.636
2026-06-13 20:44:00,30,33,0,49,15.058,68.323
2026-06-13 20:49:01,29,31,0,49,15.048,68.214
2026-06-13 20:54:00,28,31,0,71,14.928,68.729
2026-06-13 20:59:00,30,31,0,53,14.898,69.437
2026-06-13 21:04:00,29,32,0,77,14.853,69.702
2026-06-13 21:09:01,30,33,0,66,14.818,69.786
2026-06-13 21:14:00,27,27,0,51,14.685,70.122
2026-06-13 21:19:00,28,30,0,63,14.567,69.633
2026-06-13 21:24:01,32,36,0,126,14.303,70.497
2026-06-13 21:29:01,46,56,0,236,13.99,70.713
2026-06-13 21:34:01,45,53,0,174,13.651,70.835
2026-06-13 21:39:00,35,39,0,89,13.427,71.132
2026-06-13 21:44:01,50,61,0,148,13.213,70.598
2026-06-13 21:49:00,39,47,0,109,12.903,71.417
2026-06-13 21:54:01,39,48,0,109,12.711,71.914
2026-06-13 21:59:01,38,46,0,102,12.631,72.067
2026-06-13 22:04:01,37,43,0,113,12.49,71.878
2026-06-13 22:09:01,45,55,0,148,12.3,70.608
2026-06-13 22:14:00,42,50,0,109,12.054,71.094
2026-06-13 22:19:01,42,52,0,365,11.574,70.829
2026-06-13 22:24:02,43,50,0,115,11.285,71.514
2026-06-13 22:29:02,43,50,0,101,11.154,72.18
2026-06-13 22:34:02,43,51,0,132,11.16,72.12
2026-06-13 22:39:09,42,49,0,114,11.096,72.355
2026-06-13 22:44:02,43,52,0,128,11.007,72.624
2026-06-13 22:49:01,49,60,0,140,10.981,73.07
2026-06-13 22:54:02,44,51,0,106,10.927,73.459
2026-06-13 22:59:01,42,49,0,128,10.746,74.079
2026-06-13 23:04:02,44,54,0,138,10.572,75.098
2026-06-13 23:09:02,44,53,0,129,10.521,75.077
2026-06-13 23:14:02,43,51,0,134,10.479,74.844
2026-06-13 23:19:01,45,54,0,132,10.479,74.308
2026-06-13 23:24:02,45,54,0,136,10.3,74.537
2026-06-13 23:29:01,43,51,0,116,10.284,73.379
2026-06-13 23:34:02,49,60,0,156,10.19,73.799
2026-06-13 23:39:01,50,63,0,166,10.161,74.467
2026-06-13 23:44:02,62,73,0,236,9.923,75.203
2026-06-13 23:49:02,54,67,0,193,9.739,75.46
2026-06-13 23:54:01,52,65,0,195,9.691,75.3
2026-06-13 23:59:02,54,67,0,232,9.659,75.258
2026-06-14 00:04:02,46,54,0,153,9.395,75.971
2026-06-14 00:09:02,46,55,0,133,9.355,75.935
2026-06-14 00:14:02,46,55,0,142,9.304,75.268
2026-06-14 00:19:02,46,56,0,148,9.24,75.291
2026-06-14 00:24:02,48,58,0,141,9.208,75.054
2026-06-14 00:29:02,50,62,0,184,9.063,75.268
2026-06-14 00:34:02,46,55,0,150,8.764,77.118
2026-06-14 00:39:02,46,55,0,164,8.727,77.467
2026-06-14 00:44:02,47,56,0,148,8.73,77.225
2026-06-14 00:49:02,48,56,0,134,8.636,77.577
2026-06-14 00:54:02,44,53,0,150,8.615,78.493
2026-06-14 00:59:02,47,56,0,165,8.668,77.961
2026-06-14 01:04:02,47,58,0,151,8.746,77.593
2026-06-14 01:09:02,47,56,0,148,8.639,77.732
2026-06-14 01:14:02,48,59,0,161,8.658,77.989
2026-06-14 01:19:03,59,74,0,622,8.545,77.795
2026-06-14 01:24:03,51,62,0,180,8.367,77.053
2026-06-14 01:29:03,47,56,0,126,8.284,77.721
2026-06-14 01:34:03,45,56,0,114,8.209,78.491
2026-06-14 01:39:03,49,59,0,201,8.236,78.615
2026-06-14 01:44:03,59,76,0,202,8.169,78.573
2026-06-14 01:49:03,53,68,0,179,8.222,78.611
2026-06-14 01:54:03,52,65,0,224,8.754,72.647
2026-06-14 01:59:03,54,68,0,287,8.831,73.376
2026-06-14 02:04:11,47,57,0,257,8.556,75.13
2026-06-14 02:09:03,49,60,0,163,8.292,73.974
2026-06-14 02:14:03,51,64,0,156,7.723,75.256
2026-06-14 02:19:03,54,68,0,178,7.723,75.086
2026-06-14 02:24:03,52,64,0,150,7.696,75.775
2026-06-14 02:29:03,52,65,0,145,7.493,76.425
2026-06-14 02:34:12,49,60,0,142,7.557,76.965
2026-06-14 02:39:03,50,62,0,148,7.536,77.537
2026-06-14 02:44:03,47,59,0,124,7.605,77.667
2026-06-14 02:49:03,49,63,0,144,7.627,77.719
2026-06-14 02:54:03,52,62,0,167,7.6,77.69
2026-06-14 02:59:03,51,64,0,163,7.258,78.499
2026-06-14 03:04:12,51,62,0,141,7.392,77.984
2026-06-14 03:09:03,93,97,0,300,7.282,78.297
2026-06-14 03:14:04,54,68,0,174,7.261,77.995
2026-06-14 03:19:03,58,73,0,218,7.205,78.331
2026-06-14 03:24:04,57,71,0,208,7.197,78.028
2026-06-14 03:29:12,53,66,0,146,7.013,78.415
2026-06-14 03:34:03,47,56,0,136,7.058,78.443
2026-06-14 03:39:03,47,56,0,133,7.069,78.52
2026-06-14 03:44:03,45,56,0,123,7.039,78.777
2026-06-14 03:49:13,50,58,0,125,6.802,79.224
2026-06-14 03:54:09,48,56,0,115,6.682,79.563
2026-06-14 03:59:03,64,81,0,152,6.671,79.636
2026-06-14 04:04:04,82,89,0,251,6.633,79.824
2026-06-14 04:09:03,61,77,0,217,6.398,80.397
2026-06-14 04:14:03,53,64,0,139,6.476,80.179
2026-06-14 04:19:04,220,244,0,1249,6.302,80.141
2026-06-14 04:24:05,133,146,0,296,6.268,80.173
2026-06-14 04:29:04,52,64,0,142,6.142,80.135
2026-06-14 04:34:05,51,62,0,140,6.054,80.847
2026-06-14 04:39:04,51,64,0,146,6.089,80.666
2026-06-14 04:44:05,48,60,0,159,6.115,80.675
2026-06-14 04:49:04,49,60,0,150,5.907,81.121
2026-06-14 04:54:15,49,58,0,120,5.971,80.868
2026-06-14 04:59:04,48,57,0,127,5.942,81.057
2026-06-14 05:04:11,49,60,0,121,5.822,81.02
2026-06-14 05:09:05,47,57,0,106,5.629,81.514
2026-06-14 05:14:05,46,54,0,112,5.621,82.228
2026-06-14 05:19:04,47,55,0,119,5.637,82.975
2026-06-14 05:24:05,48,59,0,130,5.782,83.614
2026-06-14 05:29:05,47,55,0,119,5.699,83.084
2026-06-14 05:34:04,46,53,0,114,5.648,84.082
2026-06-14 05:39:05,46,56,0,115,5.795,82.985
2026-06-14 05:44:05,46,56,0,106,5.79,83.422
2026-06-14 05:49:04,43,53,0,96,5.816,82.739
2026-06-14 05:54:05,45,57,0,100,5.683,83.107
2026-06-14 05:59:05,46,56,0,111,5.72,82.357
2026-06-14 06:04:04,46,56,0,122,5.747,82.716
2026-06-14 06:09:05,45,53,0,115,5.595,83.284
2026-06-14 06:14:05,43,51,0,100,5.672,82.558
2026-06-14 06:19:05,44,54,0,83,5.528,82.975
2026-06-14 06:24:05,43,53,0,106,5.528,82.848
2026-06-14 06:29:05,42,51,0,99,5.515,82.72
2026-06-14 06:34:05,41,49,0,99,5.568,82.264
2026-06-14 06:39:05,42,49,0,95,5.491,82.376
2026-06-14 06:44:05,42,50,0,85,5.392,82.626
2026-06-14 06:49:05,40,49,0,97,5.352,82.27
2026-06-14 06:54:05,41,49,0,103,5.349,82.783
2026-06-14 06:59:05,42,54,0,94,5.296,82.724
2026-06-14 07:04:05,42,47,0,98,5.194,82.327
2026-06-14 07:09:05,42,48,0,110,5.021,83.044
2026-06-14 07:14:05,40,50,0,92,5.05,83.193
2026-06-14 07:19:06,46,54,0,480,4.823,83.117
2026-06-14 07:24:06,41,47,0,95,4.882,83.536
2026-06-14 07:29:06,41,49,0,88,4.94,83.992
2026-06-14 07:34:06,40,45,0,101,4.981,82.788
2026-06-14 07:39:06,38,41,0,83,4.94,82.539
2026-06-14 07:44:06,39,41,0,83,4.759,83.37
2026-06-14 07:49:06,39,42,0,84,4.764,83.155
2026-06-14 07:54:06,38,42,0,80,4.826,82.588
2026-06-14 07:59:06,36,42,0,67,4.922,81.263
2026-06-14 08:04:06,36,40,0,60,4.93,80.938
2026-06-14 08:09:06,35,39,0,60,4.911,81.243
2026-06-14 08:14:06,36,41,0,58,5.015,81.118
2026-06-14 08:19:06,35,40,0,72,5.055,81.093
2026-06-14 08:24:15,36,42,0,68,5.29,80.482
2026-06-14 08:29:06,38,40,0,64,5.389,79.649
2026-06-14 08:34:06,38,44,0,72,5.389,79.952
2026-06-14 08:39:06,39,43,0,105,5.437,80.313
2026-06-14 08:44:06,39,45,0,99,5.635,80.059
2026-06-14 08:49:06,39,45,0,97,5.902,79.721
2026-06-14 08:54:06,39,43,0,90,6.065,78.522
2026-06-14 08:59:06,42,53,0,83,6.276,78.693
2026-06-14 09:04:16,47,59,0,77,6.746,77.2
2026-06-14 09:09:06,44,53,0,80,6.986,76.803
2026-06-14 09:14:06,38,44,0,74,7.232,76.01
2026-06-14 09:19:06,46,54,0,77,7.752,77.165
2026-06-14 09:24:06,44,52,0,70,8.001,77.69
2026-06-14 09:29:06,48,56,0,84,8.396,74.1
2026-06-14 09:34:06,49,59,0,71,8.919,72.304
2026-06-14 09:39:06,41,50,0,72,9.723,68.533
2026-06-14 09:44:06,51,64,400,70,10.519,65.456
2026-06-14 09:49:07,42,49,0,63,10.991,66.189
2026-06-14 09:54:06,51,65,0,60,11.331,64.605
2026-06-14 09:59:06,38,45,0,74,11.937,60.213
2026-06-14 10:04:06,38,44,0,62,12.441,56.936
2026-06-14 10:09:07,41,47,0,65,12.842,57.02
2026-06-14 10:14:07,39,46,0,70,13.926,54.294
2026-06-14 10:19:08,37,42,0,150,13.956,53.981
2026-06-14 10:24:07,35,42,0,50,14.42,53.19
2026-06-14 10:29:08,31,35,0,47,15.59,49.354
2026-06-14 10:34:07,31,36,0,40,15.873,48.801
2026-06-14 10:39:07,33,37,0,37,15.862,49.11
2026-06-14 10:44:07,33,36,0,25,16.289,47.595
2026-06-14 10:49:07,33,36,0,34,17.299,44.879
2026-06-14 10:54:07,32,34,0,21,18.77,41.259
2026-06-14 10:59:15,30,30,0,31,19.569,39.691
2026-06-14 11:04:08,29,29,0,22,20.231,38.026
2026-06-14 11:09:08,29,32,0,12,21.104,38.026
2026-06-14 11:14:08,32,35,0,25,20.637,38.343
2026-06-14 11:19:08,30,33,0,18,21.008,36.872
2026-06-14 11:24:08,39,48,0,26,22.37,34.675
2026-06-14 11:29:08,25,26,0,4,22.621,32.537
2026-06-14 11:34:07,19,22,0,5,23.035,31.73
2026-06-14 11:39:08,17,19,0,0,22.979,30.255
2026-06-14 11:44:08,17,17,0,0,23.638,29.96
2026-06-14 11:49:07,17,19,0,0,23.457,27.698
2026-06-14 11:54:08,12,13,0,0,24.162,26.702
2026-06-14 11:59:08,9,11,0,0,24.69,26.744
2026-06-14 12:04:08,11,14,0,0,24.915,26.097
2026-06-14 12:09:07,16,17,0,0,24.973,26.099
2026-06-14 12:14:08,15,17,0,0,25.291,26.263
2026-06-14 12:19:08,17,19,0,0,24.931,27.198
2026-06-14 12:24:08,18,18,0,0,25.374,26.536
2026-06-14 12:29:08,20,22,0,0,25.278,27.364
2026-06-14 12:34:08,16,16,0,0,26.007,26.54
2026-06-14 12:39:07,23,23,0,0,25.323,27.677
2026-06-14 12:44:08,21,22,0,0,25.694,27.236
2026-06-14 12:49:08,23,23,0,0,26.359,26.126
2026-06-14 12:54:08,18,18,0,0,26.741,24.987
2026-06-14 12:59:08,21,22,0,0,24.527,27.013
2026-06-14 13:04:08,19,20,0,0,25.195,26.996
2026-06-14 13:09:08,8,11,0,0,25.74,24.474
2026-06-14 13:14:08,9,9,0,0,25.561,25.531
2026-06-14 13:19:09,16,16,0,0,23.943,27.289
2026-06-14 13:24:09,17,17,0,0,24.485,27.659
2026-06-14 13:29:09,19,20,0,0,25.927,25.924
2026-06-14 13:34:09,22,22,0,0,24.589,27.972
2026-06-14 13:39:09,22,22,0,0,23.465,31.016
2026-06-14 13:44:09,22,22,0,0,23.067,30.227
2026-06-14 13:49:09,24,25,0,0,22.477,31.848
2026-06-14 13:54:09,25,26,0,0,22.744,34
2026-06-14 13:59:09,30,33,0,0,21.857,35.569
2026-06-14 14:04:09,27,29,0,6,21.689,34.951
2026-06-14 14:09:09,27,29,0,20,21.916,34.558
2026-06-14 14:14:09,29,33,0,30,21.796,34.94
2026-06-14 14:19:09,28,29,0,28,21.331,36.464
2026-06-14 14:24:09,32,33,0,24,21.278,36.327
2026-06-14 14:29:09,29,32,0,16,21.176,36.954
2026-06-14 14:34:09,30,33,0,0,21.149,36.283
2026-06-14 14:39:09,29,29,0,7,20.946,37.006
2026-06-14 14:44:09,31,34,0,9,21.083,38.585
2026-06-14 14:49:09,31,32,0,0,20.984,37.887
2026-06-14 14:54:09,35,39,0,0,20.995,37.627
2026-06-14 14:59:09,36,41,0,12,21.091,38.533
2026-06-14 15:04:09,33,38,0,0,21.521,36.908
2026-06-14 15:09:09,32,35,0,0,21.761,35.888
2026-06-14 15:14:09,35,40,0,0,21.395,37.719
2026-06-14 15:19:09,34,37,0,7,21.238,39.565
2026-06-14 15:24:09,34,38,0,18,21.507,39.098
2026-06-14 15:29:09,31,32,0,16,21.638,39.787
2026-06-14 15:34:09,34,39,0,17,21.489,39.785
2026-06-14 15:39:09,30,34,0,7,21.446,38.9
2026-06-14 15:44:09,33,36,0,14,21.561,39.016
2026-06-14 15:49:09,32,35,0,16,21.232,39.766
2026-06-14 15:54:09,32,36,0,7,21.379,39.079
2026-06-14 15:59:10,31,34,0,7,21.005,39.596
2026-06-14 16:04:09,26,26,0,0,20.877,37.328
2026-06-14 16:09:10,30,36,0,0,20.578,39.529
2026-06-14 16:14:09,30,33,0,5,20.754,40.494
2026-06-14 16:19:11,31,36,0,18,20.225,41.873
2026-06-14 16:24:10,34,37,0,0,19.993,41.724
2026-06-14 16:29:10,32,34,0,0,19.884,41.616
2026-06-14 16:34:10,34,38,0,0,19.328,43.918
2026-06-14 16:39:11,33,37,0,0,19.275,43.018
2026-06-14 16:44:10,33,38,0,0,19.181,43.861
2026-06-14 16:49:10,34,39,0,0,18.824,44.13
2026-06-14 16:54:11,33,37,0,0,18.666,44.879
2026-06-14 16:59:10,31,36,0,0,18.946,42.384
2026-06-14 17:04:10,29,32,0,0,18.901,43.13
2026-06-14 17:09:11,35,42,0,0,18.247,47.288
2026-06-14 17:14:11,34,38,0,0,18.311,45.89
2026-06-14 17:19:11,35,40,0,11,18.161,46.243
2026-06-14 17:24:11,36,41,0,14,18.148,46.184
2026-06-14 17:29:10,35,41,0,17,17.932,47.866
2026-06-14 17:34:11,36,43,0,11,17.929,47.822
2026-06-14 17:39:10,35,40,0,20,17.785,48.492
2026-06-14 17:44:11,42,51,0,92,17.63,49.554
2026-06-14 17:49:11,39,46,0,58,17.299,51.317
2026-06-14 17:54:11,39,47,0,60,17.171,51.681
2026-06-14 17:59:11,40,47,0,101,16.882,55.021
2026-06-14 18:04:10,39,47,0,88,16.538,57.306
2026-06-14 18:09:11,41,52,0,94,16.332,58.471
2026-06-14 18:14:11,40,49,0,85,16.252,58.054
2026-06-14 18:19:11,45,55,0,99,16.012,59.29
2026-06-14 18:24:11,42,50,0,90,15.902,59.86
2026-06-14 18:29:11,42,50,0,62,15.94,58.841
2026-06-14 18:34:17,42,52,0,53,15.6,60.985
2026-06-14 18:39:11,47,57,0,58,15.395,62.404
2026-06-14 18:44:11,44,54,0,56,15.36,63.039
2026-06-14 18:49:11,44,54,0,51,15.371,62.772
2026-06-14 18:54:11,43,53,0,43,15.451,61.8
2026-06-14 18:59:11,45,54,0,47,15.304,62.812
2026-06-14 19:04:11,45,56,0,45,14.877,65.952
2026-06-14 19:09:11,46,56,0,50,14.799,66.305
2026-06-14 19:14:11,45,56,0,79,14.594,67.653
2026-06-14 19:19:12,46,56,0,247,14.431,68.529
2026-06-14 19:24:12,47,59,0,77,14.134,70.291
2026-06-14 19:29:12,47,60,0,65,14.124,70.381
2026-06-14 19:34:12,49,62,0,62,14.065,70.535
2026-06-14 19:39:12,49,59,0,64,13.79,71.972
2026-06-14 19:44:21,48,59,0,72,13.68,72.973
2026-06-14 19:49:12,49,61,0,74,13.59,73.137
2026-06-14 19:54:12,49,60,0,55,13.638,73.194
2026-06-14 19:59:12,50,62,0,58,13.504,73.622
2026-06-14 20:04:12,50,63,0,72,13.299,74.331
2026-06-14 20:09:12,49,63,0,64,13.301,74.612
2026-06-14 20:14:12,48,60,0,69,13.192,75.064
2026-06-14 20:19:12,51,64,0,67,12.989,76.143
2026-06-14 20:24:12,50,63,0,55,12.674,77.818
2026-06-14 20:29:12,54,70,0,69,12.594,78.321
2026-06-14 20:34:12,64,77,0,74,12.38,78.815
2026-06-14 20:39:12,59,74,0,111,12.327,79.445
2026-06-14 20:44:13,53,69,0,92,11.961,81.181
2026-06-14 20:49:12,57,70,0,118,12.028,80.65
2026-06-14 20:54:12,61,75,0,142,11.953,81.161
2026-06-14 20:59:12,52,64,0,79,11.942,81.196
2026-06-14 21:04:13,52,65,0,70,11.833,81.745
2026-06-14 21:09:12,60,74,0,88,11.846,81.631
2026-06-14 21:14:13,59,73,0,90,11.905,81.463
2026-06-14 21:19:12,51,66,0,73,11.867,81.995
2026-06-14 21:24:12,52,65,0,71,11.825,82.144
2026-06-14 21:29:12,54,67,0,83,11.678,82.972
2026-06-14 21:34:12,55,68,0,76,11.622,83.176
2026-06-14 21:39:13,61,76,0,103,11.542,83.437
2026-06-14 21:44:12,51,65,0,84,11.349,84.536
2026-06-14 21:49:12,53,66,0,91,11.058,86.037
2026-06-14 21:54:13,54,69,0,92,10.642,88.198
2026-06-14 21:59:12,54,68,0,100,10.66,87.671
2026-06-14 22:04:12,53,68,0,89,10.572,88.106
2026-06-14 22:09:12,74,84,0,193,10.58,87.366
2026-06-14 22:14:13,57,71,0,134,10.535,86.815
2026-06-14 22:19:13,56,71,0,382,10.42,85.489
2026-06-14 22:24:13,51,66,0,99,10.198,84.435
2026-06-14 22:29:13,52,66,0,117,10.164,85.176
2026-06-14 22:34:13,55,68,0,107,10.169,86.206
2026-06-14 22:39:14,54,69,0,116,10.051,86.075
2026-06-14 22:44:13,55,68,0,114,9.95,85.947
2026-06-14 22:49:14,54,68,0,107,9.806,86.428
2026-06-14 22:54:14,55,69,0,118,9.678,86.76
2026-06-14 22:59:14,53,69,0,104,9.552,87.952
2026-06-14 23:04:14,55,68,0,131,9.453,86.618
2026-06-14 23:09:13,51,65,0,97,9.325,86.601
2026-06-14 23:14:14,53,67,0,101,9.186,89.708
2026-06-14 23:19:14,54,69,0,113,9.173,88.251
2026-06-14 23:24:14,57,73,0,111,9.349,88.526
2026-06-14 23:29:14,51,64,0,95,8.994,89.661
2026-06-14 23:34:14,50,62,0,104,9.034,89.668
2026-06-14 23:39:13,49,63,0,88,8.834,90.212
2026-06-14 23:44:14,48,60,0,103,8.772,90.847
2026-06-14 23:49:14,51,63,0,105,8.783,91.049
2026-06-14 23:54:14,51,64,0,105,8.65,90.786
2026-06-14 23:59:14,47,62,0,101,8.882,90.78
2026-06-15 00:04:14,51,63,0,103,8.703,90.748
2026-06-15 00:09:14,49,62,0,110,8.62,91.349
2026-06-15 00:14:14,51,67,0,90,8.412,91.539
2026-06-15 00:19:14,49,59,0,103,8.225,91.305
2026-06-15 00:24:20,50,64,0,92,8.15,95.261
2026-06-15 00:29:14,46,59,0,101,8.105,92.636
2026-06-15 00:34:14,47,58,0,104,8.172,91.9
2026-06-15 00:39:14,49,61,0,94,8.094,90.881
2026-06-15 00:44:14,50,61,0,116,7.974,88.945
2026-06-15 00:49:14,48,59,0,98,7.83,88.19
2026-06-15 00:54:14,49,59,0,96,7.397,89.493
2026-06-15 00:59:14,47,60,0,97,7.36,89.348
2026-06-15 01:04:14,49,61,0,118,7.419,90.365
2026-06-15 01:09:14,47,57,0,95,7.274,90.166
2026-06-15 01:14:14,76,87,0,194,7.282,89.123
2026-06-15 01:19:22,53,64,0,420,7.269,88.469
2026-06-15 01:24:15,52,63,0,125,7.061,88.934
2026-06-15 01:29:15,49,61,0,90,6.708,91.36
2026-06-15 01:34:15,52,65,0,81,6.5,91.938
2026-06-15 01:39:15,49,61,0,97,6.794,91.198
2026-06-15 01:44:24,51,64,0,98,6.724,89.525
2026-06-15 01:49:15,52,63,0,123,6.794,89.346
2026-06-15 01:54:15,50,63,0,107,6.831,88.53
2026-06-15 01:59:15,51,65,0,101,6.671,88.48
2026-06-15 02:04:57,51,64,0,354,6.719,88.163
2026-06-15 02:09:56,53,67,0,111,6.692,87.479
2026-06-15 02:14:57,50,62,0,110,6.575,87.75
2026-06-15 02:19:56,52,63,0,123,6.543,87.299
2026-06-15 02:24:57,51,62,0,107,6.481,87.809
2026-06-15 02:29:56,47,57,0,116,6.481,87.503
2026-06-15 02:34:57,50,64,0,115,6.292,87.357
2026-06-15 02:39:57,50,60,0,103,6.193,86.756
2026-06-15 02:44:57,50,61,0,84,6.11,86.943
2026-06-15 02:49:57,49,62,0,104,6.113,87.212
2026-06-15 02:54:57,59,74,0,152,6.193,86.998
2026-06-15 02:59:57,56,70,0,147,6.155,87.044
2026-06-15 03:04:57,50,60,0,119,6.126,86.725
2026-06-15 03:09:57,49,60,0,124,6.172,85.976
2026-06-15 03:14:57,51,62,0,124,6.057,86.863
2026-06-15 03:19:57,52,63,0,121,5.971,85.972
2026-06-15 03:24:57,49,59,0,107,5.822,85.859
2026-06-15 03:29:57,51,63,0,108,5.731,85.978
2026-06-15 03:34:57,49,59,0,108,5.523,86.79
2026-06-15 03:39:57,48,59,0,98,5.571,86.948
2026-06-15 03:44:57,48,60,0,90,5.621,87.12
2026-06-15 03:49:57,46,55,0,100,5.672,86.222
2026-06-15 03:54:57,46,53,0,108,5.72,85.758
2026-06-15 04:00:06,48,58,0,123,5.779,85.541
2026-06-15 04:04:57,48,57,0,107,5.645,86.227
2026-06-15 04:10:18,49,61,0,88,5.579,86.739
2026-06-15 04:14:57,49,60,0,85,5.352,87.16
2026-06-15 04:19:57,48,55,0,89,5.539,86.992
2026-06-15 04:24:57,48,60,0,88,5.557,86.779
2026-06-15 04:29:57,48,59,0,92,5.528,86.178
2026-06-15 04:34:57,47,56,0,103,5.549,87.275
2026-06-15 04:39:57,48,59,0,88,5.667,85.81
2026-06-15 04:44:57,47,56,0,111,5.669,85.854
2026-06-15 04:49:57,46,55,0,95,5.536,85.911
2026-06-15 04:54:57,43,53,0,89,5.507,85.194
2026-06-15 04:59:57,44,55,0,89,5.264,85.939
2026-06-15 05:04:58,46,55,0,254,5.32,86.315
2026-06-15 05:09:58,44,51,0,89,5.194,85.44
2026-06-15 05:14:58,44,55,0,88,5.058,88.558
2026-06-15 05:19:58,46,54,0,95,5.189,87.347
2026-06-15 05:24:58,42,56,0,94,5.298,86.187
2026-06-15 05:29:58,44,55,0,87,5.314,86.111
2026-06-15 05:34:58,41,49,0,81,5.25,85.485
2026-06-15 05:40:06,42,49,0,76,5.32,84.492
2026-06-15 05:44:59,41,50,0,81,5.026,85.949
2026-06-15 05:49:58,42,50,0,76,5.133,85.653
2026-06-15 05:54:59,42,48,0,77,5.226,84.843
2026-06-15 05:59:58,41,49,0,72,5.029,85.932
2026-06-15 06:04:58,39,52,0,80,5.208,84.347
2026-06-15 06:09:58,39,44,0,86,5.189,84.677
2026-06-15 06:14:58,41,46,0,82,5.085,84.86
2026-06-15 06:19:58,41,49,0,90,5.098,84.513
2026-06-15 06:24:58,41,47,0,79,5.034,85.341
2026-06-15 06:29:58,36,42,0,67,5.071,83.868
2026-06-15 06:34:58,36,40,0,63,5.031,83.822
2026-06-15 06:39:58,39,44,0,82,4.927,84.414
2026-06-15 06:44:58,42,48,0,98,4.887,84.883
2026-06-15 06:49:58,38,41,0,121,4.882,84.848
2026-06-15 06:54:58,39,45,0,104,5.005,84.625
2026-06-15 06:59:58,38,42,0,106,4.871,85.157
2026-06-15 07:04:58,38,39,0,104,4.957,84.629
2026-06-15 07:09:58,42,48,0,98,4.796,85.32
2026-06-15 07:14:59,42,52,0,154,4.751,85.726
2026-06-15 07:19:58,40,47,0,176,4.743,85.342
2026-06-15 07:24:59,42,51,0,150,4.679,85.453
2026-06-15 07:29:59,39,43,0,145,4.791,85.182
2026-06-15 07:34:59,40,48,0,138,4.591,85.897
2026-06-15 07:39:59,42,48,0,190,4.623,86.17
2026-06-15 07:44:59,42,51,0,263,4.593,85.726
2026-06-15 07:49:59,40,49,0,282,4.676,85.583
2026-06-15 07:54:59,40,47,0,303,4.764,85.718
2026-06-15 07:59:58,42,51,0,316,4.783,85.341
2026-06-15 08:05:00,41,48,0,629,4.86,84.997
2026-06-15 08:10:00,38,43,0,234,5.021,84.805
2026-06-15 08:14:59,31,35,0,144,5.109,83.273
2026-06-15 08:20:00,36,40,0,193,5.261,82.836
2026-06-15 08:25:00,38,43,0,235,5.469,83.53
2026-06-15 08:30:00,38,42,0,167,5.768,82.535
2026-06-15 08:35:00,39,44,0,183,5.872,81.716
2026-06-15 08:39:59,40,45,0,198,6.177,82.38
2026-06-15 08:45:00,33,39,0,651,6.457,78.895
2026-06-15 08:50:09,37,42,0,155,6.412,79.101
2026-06-15 08:55:00,33,36,0,147,6.633,78.85
2026-06-15 08:59:59,34,34,0,102,7.069,75.991
2026-06-15 09:05:00,28,31,0,87,7.411,75.481
2026-06-15 09:10:00,30,30,0,81,7.616,74.621
2026-06-15 09:15:00,32,33,0,96,7.827,74.43
2026-06-15 09:20:00,77,88,0,166,7.899,73.009
2026-06-15 09:25:00,44,54,0,105,8.025,73.898
2026-06-15 09:30:00,40,48,0,102,8.388,71.687
2026-06-15 09:35:00,38,44,0,96,8.58,71.123
2026-06-15 09:40:00,39,44,0,113,8.663,73.103
2026-06-15 09:45:00,35,39,0,105,8.81,70.41
2026-06-15 09:50:00,33,41,0,112,9.576,68.996
2026-06-15 09:55:00,36,41,0,101,10.164,67.054
2026-06-15 10:00:00,37,40,0,123,10.137,67.014
2026-06-15 10:05:00,38,41,0,123,10.602,66.717
2026-06-15 10:10:00,38,45,0,134,11.2,65.55
2026-06-15 10:15:00,35,40,0,115,11.969,62.793
2026-06-15 10:20:06,37,44,0,100,12.612,59.892
2026-06-15 10:25:00,38,47,0,85,13.005,59.518
2026-06-15 10:30:00,38,43,0,91,12.887,59.066
2026-06-15 10:35:00,33,37,0,90,12.722,60.087
2026-06-15 10:40:00,33,36,0,94,13.133,57.89
2026-06-15 10:45:00,34,37,0,106,13.667,57.724
2026-06-15 10:50:38,33,37,0,110,13.742,55.639
2026-06-15 10:55:00,35,42,0,111,14.26,54.521
2026-06-15 11:00:00,33,38,0,104,14.746,52.217
2026-06-15 11:05:01,32,36,0,206,14.842,51.414
2026-06-15 11:10:01,34,38,0,107,15.379,49.64
2026-06-15 11:15:01,35,41,0,105,15.475,50.292
2026-06-15 11:20:01,40,47,0,122,15.846,49.814
2026-06-15 11:25:01,37,42,0,121,16.351,48.749
2026-06-15 11:30:01,35,44,0,115,16.113,48.232
2026-06-15 11:35:01,29,34,0,105,17.048,44.057
2026-06-15 11:40:01,31,33,0,100,17.555,42.56
2026-06-15 11:45:01,32,36,0,109,17.822,43.083
2026-06-15 11:50:01,30,34,0,89,18.794,41.704
2026-06-15 11:55:01,33,36,0,93,19.392,40.712
2026-06-15 12:00:01,32,36,0,83,19.555,39.974
2026-06-15 12:05:01,33,37,0,88,20.188,39.674
2026-06-15 12:10:01,33,36,0,83,19.659,40.893
2026-06-15 12:15:09,29,34,0,93,19.766,39.687
2026-06-15 12:20:01,29,30,0,109,20.193,38.242
2026-06-15 12:25:01,30,31,0,95,20.378,37.797
2026-06-15 12:30:01,30,31,0,94,20.442,38.507
2026-06-15 12:35:01,26,26,0,88,21.654,36.027
2026-06-15 12:40:01,24,25,0,96,20.46,35.655
2026-06-15 12:45:10,29,33,0,90,21.905,36.552
2026-06-15 12:50:01,29,30,0,77,22.247,34.959
2026-06-15 12:55:11,33,36,0,77,22.61,34.433
2026-06-15 13:00:01,29,29,0,59,21.662,35.72
2026-06-15 13:05:01,27,28,0,43,22.535,34.015
2026-06-15 13:10:02,27,28,0,37,21.459,36.168
2026-06-15 13:15:01,26,28,0,42,21.937,35.491
2026-06-15 13:20:08,32,35,0,47,22.38,34.126
2026-06-15 13:25:01,28,28,0,42,22.832,34.047
2026-06-15 13:30:01,28,28,0,17,21.828,35.478
2026-06-15 13:35:01,31,32,0,44,23.59,32.014
2026-06-15 13:40:01,28,28,0,27,23.702,31.884
2026-06-15 13:45:01,26,27,0,18,23.681,31.465
2026-06-15 13:50:01,27,31,0,39,24.031,30.973
2026-06-15 13:55:01,22,24,0,24,24.119,31.552
2026-06-15 14:00:02,25,26,0,47,24.429,29.74
2026-06-15 14:05:03,26,26,0,29,24.135,31.074
2026-06-15 14:10:02,25,28,0,23,23.894,30.505
2026-06-15 14:15:03,28,29,0,32,24.37,30.864
2026-06-15 14:20:03,31,34,0,33,24.704,30.03
2026-06-15 14:25:03,28,30,0,35,24.186,28.899
2026-06-15 14:30:03,16,18,0,0,24.605,28.472
2026-06-15 14:35:11,13,14,0,0,24.356,26.586
2026-06-15 14:40:09,28,28,0,53,24.252,30.175
2026-06-15 14:45:02,27,29,0,83,23.953,30.412
2026-06-15 14:50:03,25,26,0,54,23.726,31.551
2026-06-15 14:55:02,41,50,0,81,23.697,32.811
2026-06-15 15:00:03,29,33,0,63,22.813,33.395
2026-06-15 15:05:03,30,33,0,55,21.574,36.304
2026-06-15 15:10:02,29,33,0,58,20.874,35.911
2026-06-15 15:15:03,30,31,0,31,20.706,35.089
2026-06-15 15:20:03,26,28,0,23,21.088,33.986
2026-06-15 15:25:03,27,28,0,5,20.439,34.553
2026-06-15 15:30:03,26,27,0,0,20.065,35.102
2026-06-15 15:35:03,28,30,0,14,20.006,36.262
2026-06-15 15:40:03,32,36,0,48,19.547,38.648
2026-06-15 15:45:03,33,37,0,21,19.179,38.921
2026-06-15 15:50:03,31,35,0,27,19.323,38.404
2026-06-15 15:55:03,32,36,0,27,19.363,37.462
2026-06-15 16:00:03,27,30,0,37,19.67,36.239
2026-06-15 16:05:03,33,37,0,56,19.12,38.303
2026-06-15 16:10:03,32,37,0,59,18.808,39.827
2026-06-15 16:15:03,32,38,0,62,18.864,40.014
2026-06-15 16:20:03,35,40,0,76,18.97,40.677
2026-06-15 16:25:03,35,44,0,83,18.73,41.784
2026-06-15 16:30:03,34,39,0,77,18.749,40.998
2026-06-15 16:35:03,36,44,0,74,18.375,43.252
2026-06-15 16:40:03,39,46,0,78,17.849,43.016
2026-06-15 16:45:03,38,45,0,70,17.836,43.851
2026-06-15 16:50:03,40,49,0,71,17.438,44.134
2026-06-15 16:55:03,40,47,0,87,17.43,44.961
2026-06-15 17:00:03,38,46,0,74,17.467,45.08
2026-06-15 17:05:04,40,49,0,232,17.058,47.937
2026-06-15 17:10:04,40,48,0,98,17.08,47.798
2026-06-15 17:15:04,43,53,0,87,16.714,48.702
2026-06-15 17:20:04,41,49,0,91,16.743,46.901
2026-06-15 17:25:04,36,44,0,73,16.976,45.53
2026-06-15 17:30:04,39,48,0,84,16.912,46.72
2026-06-15 17:35:04,40,50,0,70,16.741,46.674
2026-06-15 17:40:04,39,47,0,71,16.556,47.466
2026-06-15 17:45:04,40,49,0,100,16.607,47.635
2026-06-15 17:50:04,43,50,0,109,16.353,48.791
2026-06-15 17:55:04,41,51,0,252,16.3,49.718
2026-06-15 18:00:04,40,50,0,81,16.231,48.211
2026-06-15 18:05:04,46,57,0,128,16.097,48.999
2026-06-15 18:10:13,41,49,0,89,16.044,49.518
2026-06-15 18:15:04,39,49,0,93,15.953,50.325
2026-06-15 18:20:04,42,53,0,98,15.851,50.888
2026-06-15 18:25:04,44,54,0,111,15.643,52.753
2026-06-15 18:30:04,41,51,0,141,15.542,53.573
2026-06-15 18:35:04,46,57,0,116,15.136,56.263
2026-06-15 18:40:04,45,56,0,120,15.253,55.366
2026-06-15 18:45:05,48,60,0,137,15.112,55.202
2026-06-15 18:50:05,97,103,0,217,15.04,55.98
2026-06-15 18:55:04,44,55,0,125,15.077,55.906
2026-06-15 19:00:05,42,52,0,113,14.799,55.852
2026-06-15 19:05:05,43,55,0,117,14.674,56.684
2026-06-15 19:10:05,131,143,0,459,14.38,57.088
2026-06-15 19:15:05,39,48,0,132,13.977,56.984
2026-06-15 19:20:05,41,50,0,145,13.542,59.782
2026-06-15 19:25:05,48,59,0,139,13.528,62.473
2026-06-15 19:30:04,46,59,0,126,13.173,64.239
2026-06-15 19:35:05,48,59,0,156,12.943,65.519
2026-06-15 19:40:04,46,57,0,155,12.687,66.313
2026-06-15 19:45:05,52,67,0,161,12.471,66.406
2026-06-15 19:50:05,60,76,0,229,12.1,67.621
2026-06-15 19:55:04,69,79,0,236,11.947,68.481
2026-06-15 20:00:05,68,80,0,255,11.793,69.154
2026-06-15 20:05:06,79,84,0,549,11.547,70.345
2026-06-15 20:10:06,274,300,0,800,11.411,70.717
2026-06-15 20:15:06,267,293,0,796,11.25,71.415
2026-06-15 20:20:06,80,87,0,296,10.858,71.596
2026-06-15 20:25:06,56,71,0,199,10.748,71.3
2026-06-15 20:30:05,50,62,0,171,10.58,72.494
2026-06-15 20:35:06,58,73,0,190,10.327,73.084
2026-06-15 20:40:12,52,63,0,187,10.225,72.685
2026-06-15 20:45:05,48,60,0,169,10.188,73.021
2026-06-15 20:50:06,43,51,0,161,10.129,72.96
2026-06-15 20:55:05,45,54,0,138,10.009,73.73
2026-06-15 21:00:06,43,51,0,165,9.947,73.929
2026-06-15 21:05:06,45,55,0,173,9.795,74.127
2026-06-15 21:10:05,44,53,0,171,9.525,76.135
2026-06-15 21:15:06,46,56,0,159,9.622,75.622
2026-06-15 21:20:06,46,59,0,157,9.627,75.445
2026-06-15 21:25:06,50,61,0,188,9.437,75.535
2026-06-15 21:30:06,47,56,0,198,9.397,75.676
2026-06-15 21:35:06,51,66,0,166,9.405,75.67
2026-06-15 21:40:06,52,65,0,161,9.261,76.197
2026-06-15 21:45:06,55,68,0,136,9.25,76.37
2026-06-15 21:50:06,51,66,0,131,9.186,76.906
2026-06-15 21:55:06,44,53,0,140,9.181,76.5
2026-06-15 22:00:06,44,53,0,114,9.085,76.055
2026-06-15 22:05:06,41,50,0,121,9.066,75.569
2026-06-15 22:10:06,39,49,0,111,9.005,75.344
2026-06-15 22:15:06,43,49,0,122,9.026,75.184
2026-06-15 22:20:06,43,52,0,129,8.946,75.386
2026-06-15 22:25:06,45,53,0,122,8.917,74.995
2026-06-15 22:30:06,45,55,0,153,8.938,75.302
2026-06-15 22:35:06,47,56,0,163,8.834,75.344
2026-06-15 22:40:06,51,63,0,167,8.911,75.224
2026-06-15 22:45:06,41,50,0,129,8.828,75.083
2026-06-15 22:50:06,38,42,0,102,8.666,75.878
2026-06-15 22:55:06,39,45,0,128,8.682,76.383
2026-06-15 23:00:06,111,136,0,243,8.623,75.958
2026-06-15 23:05:07,43,52,0,387,8.674,76.052
2026-06-15 23:10:07,102,121,0,282,8.487,76.42
2026-06-15 23:15:07,94,102,0,470,8.457,76.736
2026-06-15 23:20:07,55,68,0,312,8.642,74.079
2026-06-15 23:25:07,48,58,0,193,8.69,72.441
2026-06-15 23:30:07,46,58,0,192,8.294,74.577
2026-06-15 23:35:07,44,55,0,147,8.145,75.765
2026-06-15 23:40:07,41,48,0,138,8.252,75.588
2026-06-15 23:45:08,41,50,0,124,8.129,76.341
2026-06-15 23:50:07,69,81,0,314,8.073,76.429
2026-06-15 23:55:07,54,68,0,255,7.83,76.49
2026-06-16 00:00:07,49,58,0,197,7.563,75.712
2026-06-16 00:05:07,56,71,0,294,7.584,75.725
2026-06-16 00:10:07,57,71,0,231,7.453,75.93
2026-06-16 00:15:07,46,55,0,129,7.437,76.904
2026-06-16 00:20:07,48,59,0,165,7.499,76.319
2026-06-16 00:25:07,46,56,0,165,7.571,76.126
2026-06-16 00:30:07,44,53,0,161,7.6,75.701
2026-06-16 00:35:07,44,53,0,161,7.662,75.767
2026-06-16 00:40:07,43,52,0,147,7.63,76.158
2026-06-16 00:45:07,50,60,0,173,7.597,76.492
2026-06-16 00:50:08,48,60,0,173,7.675,76.544
2026-06-16 00:55:07,41,51,0,144,7.512,77.301
2026-06-16 01:00:08,44,54,0,142,7.509,77.417
2026-06-16 01:05:08,41,51,0,146,7.627,77.112
2026-06-16 01:10:07,45,53,0,165,7.686,75.004
2026-06-16 01:15:07,43,51,0,156,7.408,76.65
2026-06-16 01:20:07,42,52,0,139,7.488,76.948
2026-06-16 01:25:08,44,54,0,211,7.472,76.162
2026-06-16 01:30:08,44,51,0,141,7.544,77.404
2026-06-16 01:35:08,44,54,0,197,7.573,76.956
2026-06-16 01:40:18,42,52,0,168,7.563,76.721
2026-06-16 01:45:07,46,56,0,179,7.541,76.803
2026-06-16 01:50:16,53,68,0,214,7.557,76.248
2026-06-16 01:55:07,42,54,0,182,7.565,73.253
2026-06-16 02:00:08,41,46,0,171,7.752,71.983
2026-06-16 02:05:09,43,53,0,437,7.584,73.69
2026-06-16 02:10:09,43,51,0,142,7.549,74.234
2026-06-16 02:15:08,41,49,0,128,7.362,76.017
2026-06-16 02:20:09,42,49,0,169,7.448,74.39
2026-06-16 02:25:09,41,49,0,161,7.547,74.123
2026-06-16 02:30:09,41,47,0,142,7.533,73.931
2026-06-16 02:35:09,41,49,0,147,7.611,73.889
2026-06-16 02:40:09,40,47,0,136,7.52,74.144
2026-06-16 02:45:09,41,47,0,107,7.376,74.787
2026-06-16 02:50:09,41,51,0,166,7.322,74.743
2026-06-16 02:55:19,40,49,0,131,7.29,74.394
2026-06-16 03:00:08,41,47,0,126,7.2,74.877
2026-06-16 03:05:09,41,47,0,148,7.354,73.917
2026-06-16 03:10:09,39,49,0,129,7.221,74.512
2026-06-16 03:15:09,38,46,0,134,7.264,74.8
2026-06-16 03:20:09,40,44,0,142,7.37,73.328
2026-06-16 03:25:09,39,46,0,130,7.392,73.948
2026-06-16 03:30:09,40,45,0,138,7.459,73.576
2026-06-16 03:35:09,40,51,0,154,7.584,73.683
2026-06-16 03:40:15,41,48,0,146,7.579,73.576
2026-06-16 03:45:09,40,46,0,142,7.718,73.326
2026-06-16 04:05:10,40,46,0,107,7.646,73.372
2026-06-16 04:10:09,40,48,0,128,7.627,72.708
2026-06-16 04:15:09,37,42,0,111,7.747,73.202
2026-06-16 04:20:09,40,46,0,120,7.766,73.078
2026-06-16 04:25:09,40,44,0,109,7.819,73.273
2026-06-16 04:30:09,38,44,0,131,7.851,73.154
2026-06-16 04:35:09,39,46,0,110,7.715,73.091
2026-06-16 04:40:18,40,46,0,104,7.971,72.342
2026-06-16 04:45:09,39,46,0,114,8.033,71.756
2026-06-16 04:50:09,38,43,0,120,7.979,72.443
2026-06-16 04:55:09,37,40,0,103,8.065,72.037
2026-06-16 05:00:09,31,33,0,109,7.907,71.121
2026-06-16 05:05:10,32,37,0,257,8.043,71.121
2026-06-16 05:10:10,37,41,0,112,8.025,71.256
2026-06-16 05:15:10,32,38,0,113,8.067,71.798
2026-06-16 05:20:10,36,41,0,115,7.953,71.684
2026-06-16 05:25:10,37,40,0,104,7.929,71.951
2026-06-16 05:30:10,35,39,0,102,8.059,71.77
2026-06-16 05:35:11,31,34,0,109,8.201,70.646
2026-06-16 05:40:10,28,30,0,101,8.222,69.946
2026-06-16 05:45:10,27,28,0,95,8.324,69.242
2026-06-16 05:50:10,22,25,0,95,8.145,69.565
2026-06-16 05:55:10,22,24,0,106,8.222,68.889
2026-06-16 06:00:10,28,29,0,109,8.172,69.58
2026-06-16 06:05:10,28,29,0,116,8.065,69.832
2026-06-16 06:10:10,28,30,0,123,8.065,69.378
2026-06-16 06:15:19,27,30,0,110,7.883,70.368
2026-06-16 06:20:10,25,28,0,130,7.902,69.874
2026-06-16 06:25:10,27,29,0,128,8.017,69.618
2026-06-16 06:30:10,28,30,0,120,7.985,70.541
2026-06-16 06:35:10,32,38,0,126,7.985,70.787
2026-06-16 06:40:10,29,32,0,126,7.835,71.333
2026-06-16 06:45:10,30,30,0,125,7.915,71.43
2026-06-16 06:50:10,28,29,0,122,7.819,71.55
2026-06-16 06:55:10,27,30,0,107,7.742,72.454
2026-06-16 07:00:10,27,27,0,90,7.819,71.836
2026-06-16 07:05:10,21,21,0,88,7.584,72.273
2026-06-16 07:10:10,21,22,0,91,7.659,71.832
2026-06-16 07:15:10,21,21,0,78,7.603,72.155
2026-06-16 07:20:11,26,28,0,116,7.63,72.315
2026-06-16 07:25:10,27,28,0,116,7.755,72.553
2026-06-16 07:30:11,27,29,0,139,7.539,72.828
2026-06-16 07:35:11,29,31,0,140,7.6,72.813
2026-06-16 07:40:11,27,30,0,182,7.667,73.381
2026-06-16 07:45:11,28,28,0,140,7.688,72.527
2026-06-16 07:50:10,28,29,0,155,7.832,71.646
2026-06-16 07:55:11,27,28,0,165,7.803,72.132
2026-06-16 08:00:10,27,27,0,169,7.848,71.609
2026-06-16 08:05:12,28,28,0,408,7.969,70.312
2026-06-16 08:10:11,26,27,0,152,8.198,70.425
2026-06-16 08:15:12,21,22,0,136,8.164,70.753
2026-06-16 08:20:11,22,26,0,124,8.436,70.678
2026-06-16 08:25:12,48,56,0,138,8.636,71.024
2026-06-16 08:30:11,26,28,0,121,8.5,71.348
2026-06-16 08:35:12,26,27,0,132,8.775,68.933
2026-06-16 08:40:12,19,20,0,116,9.098,66.15
2026-06-16 08:45:12,19,21,0,87,9.365,66.389
2026-06-16 08:50:11,31,33,0,256,9.242,67.459
2026-06-16 08:55:12,28,28,0,180,9.619,66.614
2026-06-16 09:00:12,27,29,0,152,9.974,66.314
2026-06-16 09:05:12,25,28,0,119,10.351,64.687
2026-06-16 09:10:12,24,24,0,122,10.18,63.549
2026-06-16 09:15:12,25,28,0,129,10.73,62.553
2026-06-16 09:20:12,25,27,0,132,10.543,63.587
2026-06-16 09:25:12,24,25,0,111,10.917,62.893
2026-06-16 09:30:12,28,28,0,110,11.152,61.401
2026-06-16 09:35:12,26,27,0,113,11.453,60.779
2026-06-16 09:40:12,26,27,0,136,11.873,57.542
2026-06-16 09:45:12,28,29,0,121,11.771,59.383
2026-06-16 09:50:12,25,26,0,147,12.161,55.769
2026-06-16 09:55:12,27,29,0,125,12.773,54.761
2026-06-16 10:00:12,26,29,0,142,13.552,52.364
2026-06-16 10:05:12,26,27,0,115,13.956,51.658
2026-06-16 10:10:12,27,27,0,134,14.049,52.352
2026-06-16 10:15:12,33,38,0,148,14.484,53.995
2026-06-16 10:20:12,33,38,0,138,14.551,54.729
2026-06-16 10:25:12,30,33,0,133,14.524,55.381
2026-06-16 10:30:12,26,27,0,129,14.268,54.38
2026-06-16 10:35:12,27,28,0,126,15.264,53.72
2026-06-16 10:40:12,24,25,0,104,15.496,50.67
2026-06-16 10:45:12,27,28,0,103,15.948,51.015
2026-06-16 10:50:12,29,29,0,116,16.225,50.521
2026-06-16 10:55:12,28,30,0,99,16.743,49.619
2026-06-16 11:00:12,27,28,0,102,16.231,50.401
2026-06-16 11:05:13,29,30,0,187,17.107,49.404
2026-06-16 11:10:13,27,28,0,129,17.16,49.417
2026-06-16 11:15:13,27,28,0,105,17.438,48.532
2026-06-16 11:20:13,24,25,0,95,17.876,47.574
2026-06-16 11:25:13,26,27,0,94,17.905,48.66
2026-06-16 11:30:13,20,22,0,97,17.884,46.634
2026-06-16 11:35:13,26,27,0,98,17.811,44.051
2026-06-16 11:40:13,28,28,0,95,18.199,45.726
2026-06-16 11:45:14,29,32,0,113,18.548,43.922
2026-06-16 11:50:13,29,30,0,128,18.647,41.936
2026-06-16 11:55:13,27,28,0,103,18.017,46.054
2026-06-16 12:00:13,29,29,0,111,17.814,43.802
2026-06-16 12:05:13,29,31,0,95,18.196,42.892
2026-06-16 12:10:34,27,28,0,100,18.476,45.591
2026-06-16 12:15:13,30,33,0,129,18.503,44.99
2026-06-16 12:20:13,32,35,0,134,18.137,45.44
2026-06-16 12:25:13,32,34,0,122,18.177,47.298
2026-06-16 12:30:13,28,30,0,107,18.201,45.9
2026-06-16 12:35:13,32,34,0,116,17.918,45.73
2026-06-16 12:40:13,34,38,0,147,18.132,44.04
2026-06-16 12:45:14,30,35,0,123,18.677,42.896
2026-06-16 12:50:13,30,34,0,122,18.933,42.304
2026-06-16 12:55:13,31,34,0,114,18.239,46.43
2026-06-16 13:00:13,26,26,0,102,18.615,44.49
2026-06-16 13:05:13,27,30,0,106,19.099,42.209
2026-06-16 13:10:13,34,39,0,96,19.024,44.54
2026-06-16 13:15:35,37,43,0,114,18.436,45.045
2026-06-16 13:20:13,35,39,0,116,19.024,43.716
2026-06-16 13:25:13,35,40,0,110,19.243,43.386
2026-06-16 13:30:13,32,34,0,106,18.96,46.176
2026-06-16 13:35:13,27,29,0,86,19.155,44.351
2026-06-16 13:40:13,30,30,0,99,19.107,43.895
2026-06-16 13:45:13,26,27,0,88,19.061,43.506
2026-06-16 13:50:13,25,26,0,84,19.075,44.561
2026-06-16 13:55:13,30,33,0,109,18.65,46.073
2026-06-16 14:00:13,30,30,0,107,19.075,44.853
2026-06-16 14:05:16,35,44,0,207,19.147,46.026
2026-06-16 14:10:15,31,33,0,135,18.85,44.786
2026-06-16 14:15:14,29,29,0,123,19.034,42.377
2026-06-16 14:20:15,28,28,0,88,19.042,42.693
2026-06-16 14:25:15,31,34,0,120,18.922,44.725
2026-06-16 14:30:14,28,29,0,126,18.65,45.974
2026-06-16 14:35:15,32,34,0,128,17.998,44.717
2026-06-16 14:40:14,32,40,0,119,18.079,43.762
2026-06-16 14:45:15,25,26,0,90,18.292,40.899
2026-06-16 14:50:35,27,29,0,99,18.725,43.397
2026-06-16 14:55:15,26,28,0,106,18.506,44.044
2026-06-16 15:00:15,29,30,0,113,18.65,46.487
2026-06-16 15:05:15,31,33,0,118,18.474,47.34
2026-06-16 15:10:15,34,37,0,119,18.257,47.161
2026-06-16 15:15:15,31,33,0,100,18.217,49.234
2026-06-16 15:20:14,17,19,0,102,18.079,43.75
2026-06-16 15:25:15,22,23,0,109,17.39,46.398
2026-06-16 15:30:15,39,46,0,212,17.75,47.473
2026-06-16 15:35:15,18,19,0,96,17.713,47.925
2026-06-16 15:40:15,33,36,0,127,17.352,49.617
2026-06-16 15:45:15,21,23,0,108,16.96,46.632
2026-06-16 15:50:15,18,19,0,112,17.454,42.983
2026-06-16 15:55:15,24,24,0,118,17.633,47.082
2026-06-16 16:00:15,33,37,0,164,17.761,42.718
2026-06-16 16:05:15,28,30,0,124,17.683,47.355
2026-06-16 16:10:15,44,51,0,202,17.809,48.349
2026-06-16 16:15:15,37,44,0,203,17.259,48.992
2026-06-16 16:20:15,36,42,0,183,17.558,47.885
2026-06-16 16:25:15,32,37,0,188,17.63,46.684
2026-06-16 16:30:15,32,36,0,153,17.456,46.811
2026-06-16 16:35:15,28,29,0,148,16.973,42.425
2026-06-16 16:40:15,37,45,0,125,17.08,45.759
2026-06-16 16:45:15,39,46,0,159,16.952,47.26
2026-06-16 16:50:15,33,40,0,142,16.989,45.196
2026-06-16 16:55:15,35,40,0,116,16.962,45.429
2026-06-16 17:00:15,51,65,0,175,16.946,47.21
2026-06-16 17:05:16,43,52,0,263,16.802,48.213
2026-06-16 17:10:16,39,46,0,128,16.754,48.713
2026-06-16 17:15:16,35,41,0,108,16.484,50.233
2026-06-16 17:20:16,53,67,0,169,16.295,52.587
2026-06-16 17:25:16,43,50,0,212,15.881,52.703
2026-06-16 17:30:22,52,65,0,194,15.614,53.943
2026-06-16 17:35:16,42,50,0,134,15.464,53.01
2026-06-16 17:40:16,37,45,0,137,15.229,50.159
2026-06-16 17:45:16,43,51,0,137,15.365,49.161
2026-06-16 17:50:16,41,48,0,155,15.299,48.974
2026-06-16 17:55:16,37,43,0,145,15.173,51.515
2026-06-16 18:00:16,48,57,0,333,14.775,53.335
2026-06-16 18:05:16,48,58,0,291,14.46,54.599
2026-06-16 18:10:16,39,47,0,129,14.118,54.91
2026-06-16 18:15:16,42,52,0,293,14.041,54.817
2026-06-16 18:20:16,95,99,0,292,13.696,55.769
2026-06-16 18:25:16,50,63,0,198,13.614,56.375
2026-06-16 18:30:16,42,50,0,147,13.731,53.361
2026-06-16 18:35:16,40,49,0,164,14.036,52.038
2026-06-16 18:40:17,38,45,0,172,14.142,50.853
2026-06-16 18:45:16,39,46,0,141,14.121,51.414
2026-06-16 18:50:21,41,49,0,171,14.169,50.266
2026-06-16 18:55:16,39,47,0,138,14.231,50.077
2026-06-16 19:00:16,38,45,0,145,14.207,50.075
2026-06-16 19:05:16,34,39,0,119,14.682,47.471
2026-06-16 19:10:17,40,49,0,159,14.586,47.975
2026-06-16 19:15:16,36,40,0,134,14.345,50.044
2026-06-16 19:20:16,39,46,0,120,14.094,52.976
2026-06-16 19:25:16,48,61,0,145,13.512,57.901
2026-06-16 19:30:16,53,64,0,131,13.184,60.117
2026-06-16 19:35:16,48,61,0,132,13.4,59.194
2026-06-16 19:40:16,53,65,0,139,13.325,58.858
2026-06-16 19:45:17,48,60,0,138,13.678,56.467
2026-06-16 19:50:16,50,64,0,135,13.445,58.336
2026-06-16 19:55:16,53,66,0,136,13.51,58.334
2026-06-16 20:00:16,48,61,0,124,13.459,58.155
2026-06-16 20:05:18,47,58,0,468,13.309,59.782
2026-06-16 20:10:18,52,64,0,157,12.572,64.562
2026-06-16 20:15:17,52,66,0,130,12.684,63.354
2026-06-16 20:20:18,51,65,0,140,12.423,65.456
2026-06-16 20:25:17,52,64,0,143,12.15,67.167
2026-06-16 20:30:18,53,66,0,151,12.116,67.827
2026-06-16 20:35:18,50,64,0,151,12.156,67.144
2026-06-16 20:40:18,50,64,0,130,12.236,66.381
2026-06-16 20:45:18,68,78,0,217,12.118,66.423
2026-06-16 20:50:18,52,65,0,160,11.774,68.405
2026-06-16 20:55:17,67,76,0,196,11.469,69.538
2026-06-16 21:00:18,79,84,0,265,11.221,70.28
2026-06-16 21:05:18,142,152,0,474,10.973,71.058
2026-06-16 21:10:17,65,77,0,193,10.975,71.277
2026-06-16 21:15:18,54,68,0,181,10.759,71.607
2026-06-16 21:20:17,49,63,0,162,10.743,71.142
2026-06-16 21:25:18,51,65,0,169,10.61,71.705
2026-06-16 21:30:18,53,66,0,140,10.393,72.815
2026-06-16 21:35:18,61,74,0,199,10.257,73.459
2026-06-16 21:40:18,51,65,0,168,9.998,72.893
2026-06-16 21:45:27,56,71,0,221,9.603,73.261
2026-06-16 21:50:18,48,59,0,128,9.381,73.053
2026-06-16 21:55:18,47,57,0,127,9.32,73.358
2026-06-16 22:00:18,56,68,0,214,9.162,74.22
2026-06-16 22:05:18,57,69,0,219,8.951,74.497
2026-06-16 22:10:18,52,65,0,199,8.791,75.453
2026-06-16 22:15:18,52,63,0,179,8.615,75.628
2026-06-16 22:20:18,50,61,0,181,8.38,76.849
2026-06-16 22:25:18,51,62,0,166,8.38,76.429
2026-06-16 22:30:18,51,66,0,171,8.033,77.585
2026-06-16 22:35:18,87,94,0,318,7.993,77.423
2026-06-16 22:40:18,55,70,0,168,7.926,78.228
2026-06-16 22:45:18,52,64,0,149,7.68,79.727
2026-06-16 22:50:18,50,62,0,155,7.739,78.306
2026-06-16 22:55:18,50,61,0,143,7.544,78.813
2026-06-16 23:00:18,50,62,0,147,7.272,80.473
2026-06-16 23:05:19,48,59,0,404,7.435,79.721
2026-06-16 23:10:19,50,62,0,169,7.365,79.855
2026-06-16 23:15:19,52,64,0,164,7.232,80.637
2026-06-16 23:20:19,52,64,0,163,7.25,80.269
2026-06-16 23:25:19,48,60,0,142,7.079,80.799
2026-06-16 23:30:19,51,62,0,134,7.103,81.131
2026-06-16 23:35:19,51,63,0,144,7.16,81.457
2026-06-16 23:40:19,58,70,0,179,6.975,80.122
2026-06-16 23:45:19,51,63,0,143,6.812,80.276
2026-06-16 23:50:19,50,63,0,143,6.802,81.186
2026-06-16 23:55:19,50,62,0,160,6.85,80.419
2026-06-17 00:00:19,50,63,0,154,6.783,80.381
2026-06-17 00:05:19,49,62,0,123,6.722,80.147
2026-06-17 00:10:19,87,97,0,281,6.479,80.645
2026-06-17 00:15:19,65,81,0,204,6.468,80.227
2026-06-17 00:20:19,60,77,0,215,6.457,78.207
2026-06-17 00:25:19,58,72,0,204,6.398,78.154
2026-06-17 00:30:19,57,72,0,193,6.286,78.512
2026-06-17 00:35:19,78,89,0,396,6.131,79.262
2026-06-17 00:40:20,67,81,0,274,6.188,78.855
2026-06-17 00:45:19,58,75,0,242,6.099,78.651
2026-06-17 00:50:19,55,69,0,202,6.046,78.247
2026-06-17 00:55:19,56,71,0,171,6.009,79.737
2026-06-17 01:00:19,56,70,0,190,6.017,79.395
2026-06-17 01:05:19,63,78,0,250,5.755,80.542
2026-06-17 01:10:19,59,73,0,226,5.945,79.075
2026-06-17 01:15:19,56,72,0,214,5.819,78.907
2026-06-17 01:20:26,59,73,0,198,5.87,78.892
2026-06-17 01:25:19,59,73,0,176,5.824,80.212
2026-06-17 01:30:19,57,71,0,189,5.763,79.62
2026-06-17 01:35:19,56,72,0,221,6.046,77.045
2026-06-17 01:40:19,57,72,0,283,6.281,75.403
2026-06-17 01:45:19,55,67,0,231,6.297,74.627
2026-06-17 01:50:19,55,69,0,204,6.308,74.947
2026-06-17 01:55:19,53,69,0,205,6.254,75.527
2026-06-17 02:00:19,51,64,0,180,6.204,75.762
2026-06-17 02:05:29,57,72,0,718,5.971,76.547
2026-06-17 02:10:21,52,64,0,254,5.99,76.574
2026-06-17 02:15:21,51,64,0,216,6.172,74.407
2026-06-17 02:20:20,51,62,0,185,6.34,73.578
2026-06-17 02:25:21,49,58,0,174,6.358,73.77
2026-06-17 02:30:20,48,60,0,157,6.281,74.085
2026-06-17 02:35:21,51,64,0,200,6.241,74.472
2026-06-17 02:40:20,50,62,0,192,6.049,75.388
2026-06-17 02:45:21,52,62,0,212,6.065,75.149
2026-06-17 02:50:20,50,62,0,245,5.848,75.987
2026-06-17 02:55:21,50,65,0,190,5.696,76.258
2026-06-17 03:00:21,48,57,0,164,5.603,75.834
2026-06-17 03:05:21,48,58,0,192,5.507,75.868
2026-06-17 03:10:21,47,58,0,170,5.453,76.361
2026-06-17 03:15:21,47,56,0,156,5.389,76.355
2026-06-17 03:20:21,48,58,0,142,5.213,77.242
2026-06-17 03:25:20,47,55,0,160,5.453,75.937
2026-06-17 03:30:21,46,55,0,167,5.504,76.284
2026-06-17 03:35:21,48,58,0,161,5.384,76.589
2026-06-17 03:40:21,49,60,0,150,5.624,77.513
2026-06-17 03:45:21,49,56,0,146,5.667,76.832
2026-06-17 03:50:21,46,57,0,148,5.509,77.116
2026-06-17 03:55:21,45,54,0,166,5.552,77.303
2026-06-17 04:00:21,47,58,0,165,5.635,77.122
2026-06-17 04:05:21,46,54,0,149,5.541,77.221
2026-06-17 04:10:21,45,54,0,131,5.41,77.37
2026-06-17 04:15:21,42,55,0,136,5.354,77.507
2026-06-17 04:20:21,43,53,0,120,5.312,77.6
2026-06-17 04:25:27,43,53,0,125,5.232,77.98
2026-06-17 04:30:21,41,51,0,117,5.256,77.684
2026-06-17 04:35:21,42,54,0,137,5.208,77.234
2026-06-17 04:40:21,43,54,0,112,5.111,78.016
2026-06-17 04:45:21,42,53,0,107,5.095,78.087
2026-06-17 04:50:21,44,52,0,125,5.114,78.396
2026-06-17 04:55:21,45,54,0,117,4.978,78.527
2026-06-17 05:00:21,47,56,0,121,5.053,79.077
2026-06-17 05:05:22,40,47,0,329,5.106,78.674
2026-06-17 05:10:22,46,54,0,134,5.058,78.884
2026-06-17 05:15:22,45,54,0,143,5.17,79.136
2026-06-17 05:20:22,47,57,0,119,4.85,79.683
2026-06-17 05:25:30,47,55,0,124,4.938,79.496
2026-06-17 05:30:29,45,53,0,140,4.719,80.622
2026-06-17 05:35:22,42,53,0,139,5.013,79.588
2026-06-17 05:40:22,47,58,0,117,4.981,79.492
2026-06-17 05:45:22,44,53,0,109,5.031,79.79
2026-06-17 05:50:22,42,51,0,105,4.959,80.166
2026-06-17 05:55:22,42,53,0,101,4.871,80.051
2026-06-17 06:00:22,46,54,0,129,4.866,80.364
2026-06-17 06:05:22,39,41,0,123,4.924,78.869
2026-06-17 06:10:22,42,49,0,121,4.791,79.279
2026-06-17 06:15:22,41,46,0,106,4.919,79.035
2026-06-17 06:20:22,40,47,0,110,4.77,79.384
2026-06-17 06:25:23,39,44,0,125,4.703,79.83
2026-06-17 06:30:22,41,50,0,115,4.748,79.279
2026-06-17 06:35:22,42,48,0,121,4.7,79.575
2026-06-17 06:40:43,43,49,0,126,4.764,79.897
2026-06-17 06:45:22,41,45,0,118,4.855,79.691
2026-06-17 06:50:22,38,42,0,107,4.802,79.567
2026-06-17 06:55:23,43,51,0,135,4.524,81.016
2026-06-17 07:00:22,40,44,0,142,4.746,80.332
2026-06-17 07:05:22,42,50,0,133,4.591,81.032
2026-06-17 07:10:22,42,48,0,129,4.743,79.977
2026-06-17 07:15:43,42,49,0,108,4.665,80.349
2026-06-17 07:20:22,48,59,0,150,4.959,81.131
2026-06-17 07:25:22,47,57,0,158,5.426,80.761
2026-06-17 07:30:22,41,48,0,143,5.226,78.634
2026-06-17 07:35:23,48,59,0,152,5.987,80.595
2026-06-17 07:40:22,48,58,0,146,6.823,76.155
2026-06-17 07:45:22,55,67,0,147,6.62,81.314
2026-06-17 07:50:22,51,63,0,135,6.294,86.485
2026-06-17 07:55:23,52,65,0,124,6.521,87.778
2026-06-17 08:00:22,52,63,0,127,6.551,88.825
2026-06-17 08:05:23,58,72,0,571,6.591,90.319
2026-06-17 08:10:24,55,67,0,120,6.572,91.848
2026-06-17 08:15:24,53,67,0,116,6.698,91.539
2026-06-17 08:20:24,51,66,0,105,6.783,92.278
2026-06-17 08:25:32,54,66,0,105,6.82,92.972
2026-06-17 08:30:24,51,65,0,99,6.927,92.396
2026-06-17 08:35:24,49,61,0,113,7.152,92.095
2026-06-17 08:40:24,49,62,0,103,7.216,91.81
2026-06-17 08:45:36,47,60,0,90,7.33,91.127
2026-06-17 08:50:33,53,64,0,96,7.224,91.868
2026-06-17 08:55:24,49,62,0,100,7.33,90.649
2026-06-17 09:00:24,46,56,0,77,7.638,90.191
2026-06-17 09:05:24,49,60,0,76,7.63,90.534
2026-06-17 09:10:24,48,60,0,69,7.656,90.859
2026-06-17 09:15:24,48,60,0,88,7.779,90.048
2026-06-17 09:20:24,50,63,0,75,8.006,88.963
2026-06-17 09:25:24,55,71,0,90,7.56,89.867
2026-06-17 09:30:24,54,66,0,82,7.915,89.13
2026-06-17 09:35:24,50,62,0,91,8.081,86.176
2026-06-17 09:40:24,52,63,0,99,8.172,85.152
2026-06-17 09:45:24,49,62,0,97,8.198,85.15
2026-06-17 09:50:24,48,61,0,75,8.455,84.583
2026-06-17 09:55:33,51,62,0,67,8.642,83.757
2026-06-17 10:00:24,46,56,0,42,8.788,84.341
2026-06-17 10:05:24,45,59,0,47,8.991,84.173
2026-06-17 10:10:24,46,56,0,47,9.363,83.181
2026-06-17 10:15:33,48,60,0,45,9.28,83.277
2026-06-17 10:20:24,41,51,0,37,9.667,82.237
2026-06-17 10:25:24,43,52,0,40,9.541,82.773
2026-06-17 10:30:24,42,52,0,32,9.568,82.268
2026-06-17 10:35:24,44,56,0,51,9.699,82.329
2026-06-17 10:40:24,42,52,0,34,10.108,80.637
2026-06-17 10:45:24,42,52,0,45,10.286,79.546
2026-06-17 10:50:33,46,54,0,52,9.808,80.776
2026-06-17 10:55:24,44,53,0,40,9.798,81.675
2026-06-17 11:00:24,43,52,0,44,9.961,81.121
2026-06-17 11:05:25,44,52,0,124,10.051,80.397
2026-06-17 11:10:25,43,53,0,31,9.897,81.581
2026-06-17 11:15:25,42,53,0,32,10.204,81.478
2026-06-17 11:20:25,40,48,0,31,11.149,78.222
2026-06-17 11:35:36,36,44,0,0,11.523,75.031
2026-06-17 11:40:25,34,39,0,0,11.376,76.864
2026-06-17 11:45:25,36,42,0,0,11.4,77.03
2026-06-17 11:50:25,36,43,0,0,11.571,77.097
2026-06-17 11:55:25,34,41,0,0,11.488,78.155
2026-06-17 12:00:25,33,36,0,0,11.801,76.822
2026-06-17 12:05:25,31,36,0,0,12.268,75.386
2026-06-17 12:10:25,28,28,0,0,12.164,75.809
2026-06-17 12:15:25,33,37,0,0,11.961,75.802
2026-06-17 12:20:25,30,33,0,0,11.87,75.966
2026-06-17 12:25:25,27,28,0,0,11.841,77.125
2026-06-17 12:30:25,26,29,0,0,11.603,77.597
2026-06-17 12:35:25,25,25,0,0,11.595,77.387
2026-06-17 12:40:25,26,28,0,0,11.931,76.776
2026-06-17 12:45:25,24,27,0,0,11.91,76.464
2026-06-17 12:50:25,19,20,0,0,11.958,76.532
2026-06-17 12:55:32,23,25,0,0,11.862,76.656
2026-06-17 13:00:25,25,27,0,0,11.857,76.811
2026-06-17 13:05:26,27,27,0,0,11.838,76.975
2026-06-17 13:10:25,20,22,0,0,11.958,76.874
2026-06-17 13:15:25,25,26,0,0,11.937,76.515
2026-06-17 13:20:25,26,27,0,0,11.91,77.108
2026-06-17 13:25:25,20,23,0,0,12.124,76.485
2026-06-17 13:30:25,23,25,0,0,12.07,76.815
2026-06-17 13:35:25,23,26,0,0,12.065,76.685
2026-06-17 13:40:34,25,26,0,0,11.923,76.816
2026-06-17 13:45:26,20,23,0,0,11.883,76.929
2026-06-17 13:50:25,26,28,0,0,11.782,77.633
2026-06-17 13:55:25,24,25,0,0,11.969,77.093
2026-06-17 14:00:26,21,24,0,0,11.969,77.145
2026-06-17 14:05:26,20,23,0,0,12.204,76.446
2026-06-17 14:10:26,23,26,0,0,12.393,75.626
2026-06-17 14:15:35,24,24,0,0,12.036,76.694
2026-06-17 14:20:26,22,22,0,0,12.238,76.919
2026-06-17 14:25:27,22,24,0,0,12.164,77.461
2026-06-17 14:30:27,25,25,0,0,12.017,77.539
2026-06-17 14:35:35,26,27,0,0,12.025,77.564
2026-06-17 14:40:26,27,30,0,0,12.177,76.736
2026-06-17 14:45:27,20,22,0,0,12.198,76.565
2026-06-17 14:50:27,19,22,0,0,12.393,75.827
2026-06-17 14:55:26,19,20,0,0,12.54,75.382
2026-06-17 15:00:27,20,20,0,0,12.599,74.737
2026-06-17 15:05:26,15,15,0,0,12.471,75.029
2026-06-17 15:10:27,9,12,0,0,12.484,74.798
2026-06-17 15:15:26,11,12,0,0,12.383,74.598
2026-06-17 15:20:27,15,17,0,0,12.113,75.554
2026-06-17 15:25:27,15,17,0,0,12.185,75.327
2026-06-17 15:30:26,14,17,0,0,12.236,74.737
2026-06-17 15:35:27,16,16,0,0,12.329,74.245
2026-06-17 15:40:26,19,20,0,0,12.473,73.654
2026-06-17 15:45:27,16,16,0,0,12.554,73.036
2026-06-17 15:50:26,84,93,0,25,13.01,72.34
2026-06-17 15:55:27,18,18,0,0,12.789,73.11
2026-06-17 16:00:26,13,14,0,35,12.893,72.672
2026-06-17 16:05:27,7,8,0,18,12.786,71.932
2026-06-17 16:10:27,8,9,0,0,12.714,72.182
2026-06-17 16:15:26,7,7,0,0,13.032,71.222
2026-06-17 16:20:27,16,17,0,0,13.384,69.772
2026-06-17 16:25:27,5,5,0,0,13.117,70.801
2026-06-17 16:30:27,6,6,0,0,12.786,71.907
2026-06-17 16:35:27,24,28,0,0,12.941,71.134
2026-06-17 16:40:27,26,28,0,19,13.096,71.106
2026-06-17 16:45:27,18,18,0,0,13.008,71.207
2026-06-17 16:50:27,29,34,0,126,13.069,70.726
2026-06-17 16:55:27,9,11,0,16,13.336,69.628
2026-06-17 17:00:27,14,15,0,26,13.443,69.666
2026-06-17 17:05:28,8,9,0,54,13.261,70.204
2026-06-17 17:10:28,9,12,0,55,13.157,70.9
2026-06-17 17:15:38,7,8,0,80,13.144,70.839
2026-06-17 17:20:28,9,13,0,112,13.016,71.228
2026-06-17 17:25:49,6,6,0,99,12.89,71.998
2026-06-17 17:30:28,28,29,0,92,12.927,71.924
2026-06-17 17:35:28,7,7,0,53,12.647,72.897
2026-06-17 17:40:28,15,16,0,133,12.708,73.294
2026-06-17 17:45:28,35,42,0,256,12.639,72.84
2026-06-17 17:50:28,18,20,0,132,12.596,73.181
2026-06-17 17:55:28,31,34,0,108,12.316,73.141
2026-06-17 18:00:34,19,19,0,64,12.409,72.859
2026-06-17 18:05:28,14,16,0,21,12.607,72.073
2026-06-17 18:10:28,31,32,0,104,12.519,72.538
2026-06-17 18:15:28,16,18,0,93,12.404,73.49
2026-06-17 18:20:28,40,46,0,166,12.303,74.089
2026-06-17 18:25:28,44,52,0,160,12.356,73.749
2026-06-17 18:30:29,68,76,0,163,12.252,74.449
2026-06-17 18:35:28,36,40,0,160,11.694,76.523
2026-06-17 18:40:28,18,19,0,111,11.958,75.176
2026-06-17 18:45:37,42,53,0,186,11.841,75.796
2026-06-17 18:50:29,66,77,0,321,12.073,75.134
2026-06-17 18:55:28,68,77,0,205,11.873,75.6
2026-06-17 19:00:29,34,37,0,123,11.998,75.037
2026-06-17 19:05:28,45,54,0,217,11.99,75.363
2026-06-17 19:10:28,48,58,0,207,11.728,76.275
2026-06-17 19:15:28,25,25,0,150,11.862,75.628
2026-06-17 19:20:28,20,24,0,131,11.819,75.55
2026-06-17 19:25:28,31,34,0,182,11.718,76.057
2026-06-17 19:30:28,36,45,0,248,11.728,75.943
2026-06-17 19:35:28,30,31,0,179,11.646,76.614
2026-06-17 19:40:28,36,42,0,277,11.461,77.137
2026-06-17 19:45:28,27,27,0,136,11.194,77.812
2026-06-17 19:50:37,41,49,0,177,11.088,77.526
2026-06-17 19:55:28,46,59,0,120,11.408,75.954
2026-06-17 20:00:28,26,28,0,28,11.982,73.585
2026-06-17 20:05:29,26,27,0,112,11.921,73.66
2026-06-17 20:10:30,29,30,0,43,11.819,74.421
2026-06-17 20:15:29,26,28,0,38,11.662,75.464
2026-06-17 20:20:30,27,29,0,34,11.68,75.218
2026-06-17 20:25:30,23,24,0,17,12.06,73.648
2026-06-17 20:30:30,20,25,0,45,12.108,73.374
2026-06-17 20:35:30,23,24,0,24,12.068,73.574
2026-06-17 20:40:30,21,23,0,24,11.886,74.535
2026-06-17 20:45:30,23,24,0,16,11.91,74.529
2026-06-17 20:50:30,16,17,0,10,11.971,74.512
2026-06-17 20:55:30,18,19,0,13,11.947,74.562
2026-06-17 21:00:30,19,20,0,36,12.084,74.4
2026-06-17 21:05:30,24,24,0,41,11.934,74.707
2026-06-17 21:10:30,31,32,0,70,12.062,74.219
2026-06-17 21:15:30,43,52,0,101,12.081,74.161
2026-06-17 21:20:39,29,31,0,82,11.656,75.449
2026-06-17 21:25:30,46,55,0,173,11.95,74.676
2026-06-17 21:30:30,36,40,0,90,11.779,75.191
2026-06-17 21:35:30,35,39,0,114,11.763,74.955
2026-06-17 21:40:30,18,20,0,24,11.979,74.98
2026-06-17 21:45:30,8,9,0,1,12.073,74.652
2026-06-17 21:50:29,8,9,0,36,12.028,74.917
2026-06-17 21:55:30,11,12,0,5,12.038,75.006
2026-06-17 22:00:30,11,11,0,0,12.038,75.001
2026-06-17 22:05:30,9,11,0,0,11.995,75.26
2026-06-17 22:10:30,8,8,0,0,11.905,75.281
2026-06-17 22:15:30,13,15,0,0,11.883,75.495
2026-06-17 22:20:30,12,13,0,2,11.801,75.84
2026-06-17 22:25:30,19,19,0,6,11.654,76.269
2026-06-17 22:30:30,20,21,0,15,11.6,76.551
2026-06-17 22:35:30,19,21,0,8,11.718,76.17
2026-06-17 22:40:30,16,19,0,5,11.715,76.084
2026-06-17 22:45:30,12,13,0,17,11.747,75.867
2026-06-17 22:50:30,9,12,0,27,11.707,75.998
2026-06-17 22:55:30,8,8,0,21,11.758,75.634
2026-06-17 23:00:30,20,21,0,66,11.579,75.933
2026-06-17 23:05:31,36,40,0,172,11.397,76.29
2026-06-17 23:10:31,25,26,0,65,11.098,77.289
2026-06-17 23:15:31,27,29,0,75,11.005,77.864
2026-06-17 23:20:31,34,36,0,166,10.855,77.804
2026-06-17 23:25:52,41,48,0,170,10.529,79.166
2026-06-17 23:30:31,45,56,0,179,10.562,79.561
2026-06-17 23:35:31,53,66,0,252,10.38,79.557
2026-06-17 23:40:31,23,25,0,96,10.108,81.213
2026-06-17 23:45:31,37,42,0,132,9.966,81.081
2026-06-17 23:50:31,25,25,0,100,9.835,81.734
2026-06-17 23:55:31,7,9,0,64,9.736,83.395
2026-06-18 00:00:32,8,9,0,46,9.806,83.315
2026-06-18 00:05:31,7,8,0,51,9.8,82.548
2026-06-18 00:10:31,24,28,0,94,9.667,82.163
2026-06-18 00:15:32,9,11,0,60,9.587,82.966
2026-06-18 00:20:31,18,19,0,119,9.528,81.783
2026-06-18 00:25:31,27,27,0,88,9.552,83.635
2026-06-18 00:30:32,34,39,0,120,9.432,82.022
2026-06-18 00:35:32,61,75,0,277,9.272,83.37
2026-06-18 00:40:31,29,29,0,132,9.074,84.476
2026-06-18 00:45:32,38,44,0,206,9.371,83.685
2026-06-18 00:50:31,33,38,0,108,9.568,83.41
2026-06-18 00:55:32,31,34,0,119,9.592,83.431
2026-06-18 01:00:31,17,21,0,79,9.483,83.557
2026-06-18 01:05:31,18,19,0,55,9.849,83.017
2026-06-18 01:10:31,16,20,0,66,10.118,82.27
2026-06-18 01:15:31,19,21,0,71,10.332,81.631
2026-06-18 01:20:31,21,21,0,41,10.599,80.187
2026-06-18 01:25:31,34,36,0,137,10.671,80.767
2026-06-18 01:30:31,24,29,0,82,10.727,79.447
2026-06-18 01:35:31,32,33,0,112,10.511,80.671
2026-06-18 01:40:31,28,29,0,122,10.644,80.259
2026-06-18 01:45:31,26,27,0,104,10.901,79.567
2026-06-18 01:50:32,23,26,0,73,10.954,79.1
2026-06-18 01:55:32,27,28,0,131,10.986,78.989
2026-06-18 02:00:32,27,29,0,92,10.858,79.086
2026-06-18 02:05:33,29,30,0,304,10.901,79.027
2026-06-18 02:10:32,32,36,0,124,10.871,79.456
2026-06-18 02:15:33,25,26,0,87,10.826,79.485
2026-06-18 02:20:33,29,32,0,94,10.885,78.918
2026-06-18 02:25:32,28,28,0,101,10.869,78.812
2026-06-18 02:30:33,31,32,0,104,10.927,78.653
2026-06-18 02:35:32,28,29,0,86,10.858,78.8
2026-06-18 02:40:33,32,36,0,72,10.901,78.562
2026-06-18 02:45:32,30,35,0,95,10.802,79.023
2026-06-18 02:50:33,31,35,0,74,10.644,79.407
2026-06-18 02:55:32,27,28,0,67,10.351,80.639
2026-06-18 03:00:33,29,29,0,82,10.644,79.616
2026-06-18 03:05:33,29,30,0,91,10.674,80.213
2026-06-18 03:10:32,32,35,0,86,10.759,79.737
2026-06-18 03:15:33,25,28,0,78,10.511,80.524
2026-06-18 03:20:33,30,32,0,69,10.674,80.131
2026-06-18 03:25:33,32,33,0,73,10.842,79.592
2026-06-18 03:30:33,27,30,0,86,10.989,79.325
2026-06-18 03:35:32,29,29,0,69,10.967,79.62
2026-06-18 03:40:33,28,30,0,91,10.62,81.043
2026-06-18 03:45:32,26,27,0,76,10.762,80.368
2026-06-18 03:50:33,26,30,0,78,10.674,80.896
2026-06-18 03:55:32,29,30,0,71,10.543,80.969
2026-06-18 04:00:33,25,27,0,72,10.489,81.758
2026-06-18 04:05:33,19,19,0,90,10.762,81.373
2026-06-18 04:10:33,23,25,0,77,10.959,80.397
2026-06-18 04:15:33,24,24,0,80,11.018,80.301
2026-06-18 04:20:33,24,27,0,62,11.152,79.67
2026-06-18 04:25:33,20,21,0,83,11.005,79.937
2026-06-18 04:30:33,21,21,0,66,10.97,80.009
2026-06-18 04:35:33,20,24,0,71,11.029,79.925
2026-06-18 04:40:33,20,23,0,50,11.13,78.915
2026-06-18 04:45:33,21,21,0,110,11.245,78.216
2026-06-18 04:50:33,24,24,0,106,11.469,76.805
2026-06-18 04:55:33,26,27,0,47,11.622,75.6
2026-06-18 05:00:33,25,26,0,47,11.822,74.636
2026-06-18 05:05:34,24,25,0,109,11.921,74.125
2026-06-18 05:10:34,25,26,0,50,12.033,74.117
2026-06-18 05:15:34,23,25,0,56,12.089,73.953
2026-06-18 05:20:34,26,26,0,52,12.134,74.249
2026-06-18 05:25:34,26,26,0,68,12.06,74.783
2026-06-18 05:30:34,27,28,0,50,12.017,75.209
2026-06-18 05:35:34,25,25,0,56,11.998,75.327
2026-06-18 05:40:34,24,24,0,54,12.062,74.579
2026-06-18 05:45:34,27,27,0,75,12.172,74.617
2026-06-18 05:50:34,24,25,0,42,12.217,73.335
2026-06-18 05:55:34,24,24,0,67,12.289,73.482
2026-06-18 06:00:34,20,24,0,62,12.335,73.091
2026-06-18 06:05:34,26,26,0,69,12.297,73.942
2026-06-18 06:10:34,27,27,0,73,12.094,75.254
2026-06-18 06:15:34,25,29,0,64,11.953,75.998
2026-06-18 06:20:34,27,28,0,69,11.934,76.099
2026-06-18 06:25:43,26,26,0,69,11.846,76.467
2026-06-18 06:30:34,27,28,0,67,11.801,76.355
2026-06-18 06:35:34,26,27,0,74,11.769,76.481
2026-06-18 06:40:34,26,26,0,81,11.771,76.589
2026-06-18 06:45:34,26,26,0,73,11.769,76.553
2026-06-18 06:50:34,32,35,0,85,11.664,76.656
2026-06-18 06:55:34,30,30,0,103,11.664,77.139
2026-06-18 07:00:34,28,29,0,94,11.761,76.82
2026-06-18 07:05:35,28,31,0,76,11.691,76.944
2026-06-18 07:10:34,31,36,0,91,11.296,78.224
2026-06-18 07:15:34,29,29,0,115,11.387,77.543
2026-06-18 07:20:34,26,28,0,74,11.475,77.595
2026-06-18 07:25:34,39,48,0,149,11.146,78.829
2026-06-18 07:30:34,28,29,0,133,11.275,78.121
2026-06-18 07:35:35,29,32,0,124,11.403,77.335
2026-06-18 07:40:34,31,31,0,120,11.539,77.057
2026-06-18 07:45:34,32,33,0,160,11.133,78.627
2026-06-18 07:50:34,31,36,0,220,11.264,78.201
2026-06-18 07:55:42,30,31,0,163,11.277,78.617
2026-06-18 08:00:35,29,31,0,158,11.461,77.93
2026-06-18 08:05:35,29,31,0,464,11.488,78.478
2026-06-18 08:10:35,27,30,0,112,11.317,78.709
2026-06-18 08:15:36,29,30,0,93,11.371,78.722
2026-06-18 08:20:36,28,28,0,88,11.283,79.206
2026-06-18 08:25:35,54,69,0,108,11.352,79.245
2026-06-18 08:30:35,50,63,0,109,11.435,79.052
2026-06-18 08:35:36,41,52,0,96,11.363,78.882
2026-06-18 08:40:35,53,67,0,119,11.232,79.727
2026-06-18 08:45:36,44,52,0,111,11.373,80.181
2026-06-18 08:50:36,44,53,0,122,11.395,79.801
2026-06-18 08:55:36,42,51,0,97,11.389,79.775
2026-06-18 09:00:36,43,52,0,121,11.461,79.653
2026-06-18 09:05:36,41,49,0,119,11.411,79.458
2026-06-18 09:10:35,43,53,0,124,11.6,78.955
2026-06-18 09:15:36,42,50,0,116,11.659,78.815
2026-06-18 09:20:36,33,38,0,118,11.606,79.012
2026-06-18 09:25:36,38,47,0,121,11.771,79.004
2026-06-18 09:30:36,35,41,0,100,11.947,78.646
2026-06-18 09:35:36,33,38,0,92,12.044,77.801
2026-06-18 09:40:36,34,40,0,119,12.238,77.864
2026-06-18 09:45:36,37,47,0,123,12.113,77.501
2026-06-18 09:50:36,44,52,0,109,12.097,77.946
2026-06-18 09:55:36,52,64,0,123,12.38,76.225
2026-06-18 10:00:36,47,59,0,117,12.612,76.179
2026-06-18 10:05:36,43,52,0,119,12.869,75.687
2026-06-18 10:10:36,40,48,0,137,12.941,75.76
2026-06-18 10:15:36,39,47,0,128,12.757,75.981
2026-06-18 10:20:36,34,40,0,114,13.47,73.232
2026-06-18 10:25:36,36,42,0,117,13.937,71.626
2026-06-18 10:30:36,42,53,0,161,13.964,70.919
2026-06-18 10:35:36,35,40,0,92,14.028,69.938
2026-06-18 10:40:36,32,35,0,91,14.335,67.951
2026-06-18 10:45:36,32,37,0,97,13.99,70.07
2026-06-18 10:50:36,34,38,0,96,14.431,68.979
2026-06-18 10:55:36,28,30,0,82,14.276,68.435
2026-06-18 11:00:44,30,31,0,63,14.81,66.21
2026-06-18 11:05:44,30,31,0,164,15.734,63.615
2026-06-18 11:10:37,32,34,0,72,15.798,63.356
2026-06-18 11:15:37,28,29,0,69,16.084,62.996
2026-06-18 11:20:37,30,33,0,78,16.188,62.153
2026-06-18 11:25:37,29,30,0,63,16.508,60.903
2026-06-18 11:30:37,34,38,0,75,16.199,61.084
2026-06-18 11:35:37,30,33,0,71,16.287,61.176
2026-06-18 11:40:37,38,46,0,104,16.538,61.149
2026-06-18 11:45:37,32,35,0,75,16.647,60.991
2026-06-18 11:50:37,30,31,0,51,16.938,59.339
2026-06-18 11:55:37,30,31,0,59,16.626,60.638
2026-06-18 12:00:37,25,26,0,44,17.478,57.987
2026-06-18 12:05:37,25,25,0,28,17.558,56.636
2026-06-18 12:10:37,23,24,0,16,17.905,55.498
2026-06-18 12:15:37,23,23,0,9,16.813,58.05
2026-06-18 12:20:37,23,23,0,10,17.766,55.347
2026-06-18 12:25:45,19,22,0,5,18.346,52.984
2026-06-18 12:30:37,24,26,0,24,18.394,52.347
2026-06-18 12:35:37,16,18,0,0,17.825,54.403
2026-06-18 12:40:37,17,18,0,5,18.735,51.883
2026-06-18 12:45:37,16,16,0,0,18.944,50.884
2026-06-18 12:50:37,15,16,0,0,19.841,48.351
2026-06-18 12:55:37,25,27,0,13,19.256,50.79
2026-06-18 13:00:37,22,26,0,21,19.929,49.27
2026-06-18 13:05:37,18,19,0,0,19.643,48.74
2026-06-18 13:10:37,23,25,0,17,19.844,50.073
2026-06-18 13:15:37,30,30,0,20,20.087,50.199
2026-06-18 13:20:37,27,27,0,26,18.898,53.485
2026-06-18 13:25:37,24,25,0,10,20.351,48.509
2026-06-18 13:30:37,24,25,0,0,21.109,46.6
2026-06-18 13:35:37,23,23,0,0,20.743,47.037
2026-06-18 13:40:37,22,22,0,0,21.376,45.293
2026-06-18 13:45:38,25,26,0,0,19.916,48.839
2026-06-18 13:50:37,20,20,0,0,20.679,47.13
2026-06-18 13:55:37,17,17,0,0,21.913,43.783
2026-06-18 14:00:37,15,15,0,0,21.561,44.549
2026-06-18 14:05:39,17,19,0,0,20.727,46.337
2026-06-18 14:10:39,20,20,0,0,21.171,46.365
2026-06-18 14:15:39,20,20,0,0,21.518,44.977
2026-06-18 14:20:39,18,19,0,0,22.121,43.125
2026-06-18 14:25:39,8,11,0,0,22.111,44.09
2026-06-18 14:30:39,11,11,0,0,21.956,42.56
2026-06-18 14:35:38,7,7,0,0,21.766,43.126
2026-06-18 14:40:39,8,8,0,0,22.041,42.077
2026-06-18 14:45:38,6,6,0,0,20.348,46.18
2026-06-18 14:50:39,3,4,0,0,18.885,50.018
2026-06-18 14:55:38,3,4,0,21,18.818,50.928
2026-06-18 15:00:39,4,4,0,0,18.231,52.23
2026-06-18 15:05:39,5,6,0,0,17.737,53.857
2026-06-18 15:10:39,2,2,0,0,18.193,52.843
2026-06-18 15:15:39,2,2,0,0,17.71,53.009
2026-06-18 15:20:39,1,1,0,0,18.119,51.666
2026-06-18 15:25:39,2,3,0,0,17.958,52.139
2026-06-18 15:30:38,2,2,0,0,17.761,53.548
2026-06-18 15:35:39,4,4,0,0,17.769,54.393
2026-06-18 15:40:39,5,5,0,0,17.355,56.15
2026-06-18 15:45:39,6,7,0,2,17.229,57.519
2026-06-18 15:50:39,6,7,0,17,16.941,58.496
2026-06-18 15:55:49,7,7,0,10,16.797,58.578
2026-06-18 16:00:39,8,10,0,0,16.562,59.337
2026-06-18 16:05:39,10,10,0,22,16.511,60.386
2026-06-18 16:10:39,8,9,0,15,16.42,62.103
2026-06-18 16:15:39,11,11,0,36,16.305,62.87
2026-06-18 16:20:39,14,17,0,28,16.26,63.44
2026-06-18 16:25:48,9,11,0,24,16.183,63.738
2026-06-18 16:30:39,11,12,0,13,16.03,65.015
2026-06-18 16:35:39,10,10,0,28,15.886,65.675
2026-06-18 16:40:39,7,8,0,32,15.819,65.727
2026-06-18 16:45:39,10,11,0,19,15.747,65.757
2026-06-18 16:50:39,6,6,0,16,15.675,65.99
2026-06-18 16:55:39,8,8,0,34,15.632,66.051
2026-06-18 17:00:39,9,9,0,13,15.499,66.736
2026-06-18 17:05:40,12,12,0,50,15.403,66.913
2026-06-18 17:10:40,6,6,0,39,15.365,67.035
2026-06-18 17:15:40,6,6,0,34,15.192,67.701
2026-06-18 17:20:40,8,8,0,48,15.168,67.827
2026-06-18 17:25:40,7,8,0,34,15.109,68.05
2026-06-18 17:30:40,9,9,0,2,15.029,68.483
2026-06-18 17:35:40,15,15,0,12,15.01,68.495
2026-06-18 17:40:40,6,6,0,13,14.957,68.821
2026-06-18 17:45:40,8,9,0,54,14.938,68.863
2026-06-18 17:50:40,14,14,0,5,14.968,68.863
2026-06-18 17:55:40,17,17,0,21,14.815,69.515
2026-06-18 18:00:40,14,14,0,0,14.727,70.017
2026-06-18 18:05:40,8,8,0,5,14.594,70.577
2026-06-18 18:10:41,6,6,0,72,14.562,70.812
2026-06-18 18:15:40,5,5,0,18,14.532,71.142
2026-06-18 18:20:41,33,37,0,76,14.396,71.495
2026-06-18 18:25:40,6,6,0,24,14.303,72.521
2026-06-18 18:30:41,32,34,0,70,14.201,72.87
2026-06-18 18:35:40,9,11,0,65,14.062,73.517
2026-06-18 18:40:41,9,11,0,103,13.934,73.85
2026-06-18 18:45:40,23,24,0,110,13.742,74.402
2026-06-18 18:50:40,37,43,0,159,13.598,75.077
2026-06-18 18:55:40,47,56,0,166,13.344,75.397
2026-06-18 19:00:40,41,48,0,143,13.058,77.053
2026-06-18 19:05:40,53,66,0,253,12.951,76.687
2026-06-18 19:10:40,46,56,0,218,12.733,77.524
2026-06-18 19:15:40,42,50,0,183,12.623,78.033
2026-06-18 19:20:40,34,38,0,460,12.356,78.407
2026-06-18 19:25:40,33,37,0,144,12.15,79.172
2026-06-18 19:30:40,37,42,0,246,11.977,79.334
2026-06-18 19:35:40,42,49,0,202,11.707,80.511
2026-06-18 19:40:41,31,32,0,187,11.48,81.364
2026-06-18 19:45:40,44,53,0,256,11.411,80.925
2026-06-18 19:50:41,35,41,0,199,11.138,82.68
2026-06-18 19:55:41,41,49,0,174,11.104,81.785
2026-06-18 20:00:41,32,36,0,161,11.053,82.224
2026-06-18 20:05:42,20,21,0,530,10.975,82.613
2026-06-18 20:10:41,20,21,0,107,11.451,84.024
2026-06-18 20:16:01,14,17,0,98,11.867,81.947
2026-06-18 20:20:41,43,50,0,129,11.878,81.434
2026-06-18 20:25:41,23,23,0,113,11.787,82.645
2026-06-18 20:30:42,16,20,0,41,12.369,81.23
2026-06-18 20:35:42,19,20,0,90,11.712,80.58
2026-06-18 20:40:42,26,27,0,137,11.355,79.668
2026-06-18 20:45:41,48,57,0,252,11.112,80.294
2026-06-18 20:50:42,38,48,0,224,10.885,80.883
2026-06-18 20:55:41,50,60,0,304,10.671,81.585
2026-06-18 21:00:42,54,68,0,310,10.532,82.432
2026-06-18 21:05:42,35,39,0,212,10.46,84.925
2026-06-18 21:10:42,32,35,0,164,10.412,84.148
2026-06-18 21:15:42,38,45,0,185,10.441,85.293
2026-06-18 21:20:42,34,37,0,116,10.877,86.638
2026-06-18 21:25:42,29,35,0,88,10.949,88.087
2026-06-18 21:30:41,7,7,0,83,11.042,85.997
2026-06-18 21:35:42,6,6,0,86,11.074,86.304
2026-06-18 21:40:41,27,27,0,120,10.802,83.668
2026-06-18 21:45:42,40,48,0,187,10.34,81.362
2026-06-18 21:50:47,48,57,0,170,10.166,80.952
2026-06-18 21:55:41,47,57,0,177,9.76,81.728
2026-06-18 22:00:42,43,52,0,162,9.635,81.713
2026-06-18 22:05:42,39,46,0,170,9.531,83.319
2026-06-18 22:10:42,38,46,0,161,9.264,84.33
2026-06-18 22:15:42,36,41,0,121,9.125,85.127
2026-06-18 22:20:42,37,41,0,130,9.101,85.318
2026-06-18 22:25:42,36,40,0,131,9.039,85.476
2026-06-18 22:30:42,35,36,0,124,9.042,85.812
2026-06-18 22:35:42,36,39,0,121,9.117,85.69
2026-06-18 22:40:42,35,38,0,117,9.047,85.659
2026-06-18 22:45:42,40,46,0,152,8.909,85.522
2026-06-18 22:50:42,46,55,0,172,8.748,85.489
2026-06-18 22:55:42,65,81,0,204,8.449,86.75
2026-06-18 23:00:42,67,81,0,239,8.543,86.227
2026-06-18 23:05:43,46,57,0,682,8.428,86.662
2026-06-18 23:10:43,51,64,0,221,8.305,86.815
2026-06-18 23:15:43,38,42,0,140,8.11,89.197
2026-06-18 23:20:43,39,46,0,171,8.158,88.303
2026-06-18 23:25:43,41,50,0,166,8.132,87.95
2026-06-18 23:30:54,37,42,0,160,8.129,88.556
2026-06-18 23:35:43,40,48,0,173,8.38,89.119
2026-06-18 23:40:43,43,50,0,142,8.164,87.538
2026-06-18 23:45:43,58,74,0,188,8.121,86.773
2026-06-18 23:50:43,45,53,0,153,7.832,88.644
2026-06-18 23:55:43,44,51,0,139,8.043,87.662
2026-06-19 00:00:43,39,46,0,120,7.929,88.043
2026-06-19 00:05:43,37,43,0,115,7.862,88.709
2026-06-19 00:10:43,36,40,0,119,7.942,88.61
2026-06-19 00:15:43,39,45,0,156,7.91,87.709
2026-06-19 00:20:43,43,52,0,202,7.953,87.002
2026-06-19 00:25:43,48,59,0,167,7.814,87.521
2026-06-19 00:30:43,57,71,0,189,7.867,87.58
2026-06-19 00:35:43,50,60,0,183,7.667,88.017
2026-06-19 00:40:44,45,54,0,173,7.75,87.446
2026-06-19 00:45:44,41,51,0,160,7.915,87.854
2026-06-19 00:50:43,43,51,0,162,8.049,86.952
2026-06-19 00:55:43,83,92,0,276,8.121,87.261
2026-06-19 01:00:43,49,61,0,169,8.42,86.735
2026-06-19 01:05:43,44,53,0,156,8.391,85.978
2026-06-19 01:10:51,43,53,0,164,8.26,86.243
2026-06-19 01:15:43,52,63,0,182,8.262,85.819
2026-06-19 01:20:44,46,56,0,164,8.212,85.178
2026-06-19 01:25:43,54,68,0,182,8.257,85.44
2026-06-19 01:30:44,48,57,0,173,8.193,85.585
2026-06-19 01:35:43,53,68,0,156,8.23,85.865
2026-06-19 01:40:44,83,89,0,190,8.369,85.266
2026-06-19 01:45:44,102,108,0,224,8.326,84.749
2026-06-19 01:50:43,64,79,0,197,8.225,83.942
2026-06-19 01:55:44,54,68,0,240,8.078,83.998
2026-06-19 02:00:43,47,57,0,164,7.84,84.974
2026-06-19 02:05:44,48,58,0,727,7.889,84.578
2026-06-19 02:10:44,51,63,0,178,7.864,84.999
2026-06-19 02:15:45,52,62,0,181,7.79,84.772
2026-06-19 02:20:45,52,64,0,167,7.883,84.761
2026-06-19 02:25:45,45,53,0,156,7.891,84.204
2026-06-19 02:30:45,47,59,0,147,7.899,84.227
2026-06-19 02:35:45,54,66,0,168,7.947,84.066
2026-06-19 02:40:44,45,56,0,191,7.664,83.759
2026-06-19 02:45:45,45,55,0,158,7.408,85.794
2026-06-19 02:50:44,45,56,0,152,7.424,85.512
2026-06-19 02:55:45,44,53,0,166,7.461,85.48
2026-06-19 03:00:45,51,62,0,163,7.854,86.58
2026-06-19 03:05:44,50,60,98,152,8.583,84.763
2026-06-19 03:10:45,55,68,197,195,8.738,83.466
2026-06-19 03:15:44,53,65,197,145,8.583,82.5
2026-06-19 03:20:45,44,54,0,149,8.377,83.654
2026-06-19 03:25:44,49,60,98,156,8.292,84.213
2026-06-19 03:30:45,40,48,0,139,8.262,84.785
2026-06-19 03:35:44,39,45,0,133,8.169,84.991
2026-06-19 03:40:45,41,48,0,130,7.99,84.444
2026-06-19 03:45:44,39,45,0,129,7.827,84.791
2026-06-19 03:50:45,37,44,0,162,7.715,83.967
2026-06-19 03:55:45,41,50,0,155,7.475,83.122
2026-06-19 04:00:45,40,46,0,124,7.274,83.824
2026-06-19 04:05:45,38,42,0,110,6.967,83.42
2026-06-19 04:10:45,36,43,0,109,6.65,83.42
2026-06-19 04:15:45,38,44,0,128,6.607,85.001
2026-06-19 04:20:45,40,46,0,120,6.714,85.327
2026-06-19 04:25:45,37,42,0,110,6.596,85.594
2026-06-19 04:30:45,41,48,0,123,6.735,86.79
2026-06-19 04:35:45,37,42,0,109,6.559,86.117
2026-06-19 04:40:45,40,44,0,114,6.513,85.819
2026-06-19 04:45:45,46,56,0,137,6.463,86.63
2026-06-19 04:50:45,48,57,0,108,6.922,87.908
2026-06-19 04:55:45,53,64,0,101,7.28,87.151
2026-06-19 05:00:45,48,57,0,99,7.272,85.974
2026-06-19 05:05:46,51,61,0,373,7.242,85.676
2026-06-19 05:10:55,46,55,0,109,7.264,85.119
2026-06-19 05:15:46,40,46,0,111,7.192,85.201
2026-06-19 05:20:54,41,49,0,121,7.208,85.114
2026-06-19 05:25:46,39,46,0,121,7.234,85.009
2026-06-19 05:30:46,44,54,0,114,7.411,84.936
2026-06-19 05:35:46,42,51,0,121,7.755,83.223
2026-06-19 05:40:46,46,55,0,126,7.667,83.321
2026-06-19 05:45:46,43,51,0,105,7.232,82.79
2026-06-19 05:50:46,39,45,0,111,6.965,83.137
2026-06-19 05:55:46,44,54,0,120,7.253,85.922
2026-06-19 06:00:46,44,51,0,124,7.776,83.576
2026-06-19 06:05:46,57,71,0,135,7.819,83.17
2026-06-19 06:10:46,45,54,0,128,7.584,82.333
2026-06-19 06:15:46,37,44,0,132,7.197,82.426
2026-06-19 06:20:46,36,39,0,119,6.804,84.061
2026-06-19 06:25:46,37,43,0,119,6.783,83.651
2026-06-19 06:30:55,38,43,0,119,6.671,83.664
2026-06-19 06:35:46,40,48,0,121,6.628,83.801
2026-06-19 06:40:46,40,45,0,126,6.385,83.282
2026-06-19 06:45:56,41,48,0,117,6.164,84.16
2026-06-19 06:50:46,41,48,0,112,6.046,85.852
2026-06-19 06:55:47,35,39,0,114,6.11,85.484
2026-06-19 07:01:07,37,41,0,127,6.067,85.032
2026-06-19 07:05:46,37,44,0,116,6.062,85.852
2026-06-19 07:10:46,41,45,0,119,6.147,86.676
2026-06-19 07:15:46,33,34,0,112,6.901,83.78
2026-06-19 07:20:46,27,28,0,98,7.047,82.972
2026-06-19 07:25:47,30,31,0,114,6.847,83.689
2026-06-19 07:30:46,33,35,0,158,6.655,83.347
2026-06-19 07:35:46,39,45,0,121,6.596,84.187
2026-06-19 07:40:46,31,34,0,96,6.316,82.226
2026-06-19 07:45:46,29,32,0,92,6.027,83.282
2026-06-19 07:50:46,31,32,0,640,6.009,83.37
2026-06-19 07:55:46,37,39,0,584,6.027,83.944
2026-06-19 08:00:46,35,35,0,174,6.03,85.32
2026-06-19 08:05:48,35,40,0,431,5.955,85.258
2026-06-19 08:10:47,35,40,0,97,6.19,84.013
2026-06-19 08:15:48,34,36,0,94,6.27,83.513
2026-06-19 08:20:47,33,38,0,109,6.487,82.956
2026-06-19 08:25:57,34,38,0,108,6.711,82.451
2026-06-19 08:30:48,35,40,0,108,6.879,82.584
2026-06-19 08:35:47,32,39,0,98,7.093,81.594
2026-06-19 08:40:47,32,34,0,112,7.36,81.203
2026-06-19 08:45:48,36,39,0,145,7.523,80.79
2026-06-19 08:50:48,39,44,0,147,7.4,81.139
2026-06-19 08:55:48,38,44,0,144,7.248,81.545
2026-06-19 09:00:47,38,42,0,138,7.416,80.997
2026-06-19 09:05:48,34,35,0,125,7.67,80.563
2026-06-19 09:10:48,34,34,0,121,8.463,77.701
2026-06-19 09:15:48,37,42,0,117,8.842,76.57
2026-06-19 09:20:47,46,55,0,127,9.152,76.479
2026-06-19 09:25:48,40,46,0,115,9.549,75.178
2026-06-19 09:30:47,35,39,0,100,9.686,75.098
2026-06-19 09:35:48,42,51,0,111,10.121,74.865
2026-06-19 09:40:48,38,47,0,105,10.292,74.426
2026-06-19 09:45:48,37,42,0,99,10.554,72.885
2026-06-19 09:50:47,34,39,0,103,10.922,71.512
2026-06-19 09:55:48,37,43,0,101,11.258,71.012
2026-06-19 10:00:48,35,41,0,94,11.461,70.238
2026-06-19 10:05:48,37,43,0,96,11.202,71.224
2026-06-19 10:10:48,34,38,0,94,11.36,70.514
2026-06-19 10:15:48,35,39,0,101,11.777,68.165
2026-06-19 10:20:48,37,43,0,100,12.049,67.342
2026-06-19 10:25:48,34,38,0,90,12.153,66.389
2026-06-19 10:30:48,34,38,0,105,12.212,66.74
2026-06-19 10:35:48,36,41,0,91,12.417,67.341
2026-06-19 10:40:48,35,40,0,104,13.093,65.571
2026-06-19 10:45:48,33,37,0,93,13.817,63.589
2026-06-19 10:50:48,35,43,0,85,14.471,62.254
2026-06-19 10:55:48,33,40,0,94,14.957,59.324
2026-06-19 11:00:48,34,39,0,83,15.272,57.802
2026-06-19 11:05:49,32,34,0,209,15.702,56.388
2026-06-19 11:10:49,33,36,0,84,16.225,55.13
2026-06-19 11:15:49,32,35,0,79,16.167,55.383
2026-06-19 11:20:49,32,35,0,67,16.53,55.116
2026-06-19 11:25:49,33,37,0,76,16.169,55.545
2026-06-19 11:30:58,33,35,0,73,16.572,56.043
2026-06-19 11:35:49,31,33,0,71,16.759,55.387
2026-06-19 11:40:49,32,34,0,63,16.754,55.265
2026-06-19 11:45:49,32,34,0,67,17.107,54.466
2026-06-19 11:50:49,31,34,0,68,17.916,51.828
2026-06-19 11:55:49,29,33,0,45,18.217,50.352
2026-06-19 12:00:49,32,34,0,37,18.335,49.556
2026-06-19 12:05:49,30,31,0,46,19.061,47.994
2026-06-19 12:10:49,30,31,0,33,19.582,45.963
2026-06-19 12:15:49,27,28,0,26,19.635,45.614
2026-06-19 12:20:49,29,33,0,35,19.809,45.406
2026-06-19 12:25:49,36,40,0,38,19.507,46.76
2026-06-19 12:30:49,28,30,0,16,20.674,42.981
2026-06-19 12:35:49,31,34,0,36,20.986,42.707
2026-06-19 12:40:49,30,31,0,25,19.71,46.781
2026-06-19 12:45:49,32,34,0,27,20.314,44.673
2026-06-19 12:50:49,29,33,0,26,21.983,39.226
2026-06-19 12:55:49,27,30,0,6,20.383,43.229
2026-06-19 13:00:49,35,42,0,51,21.539,40.971
2026-06-19 13:05:49,27,27,0,27,21.47,41.007
2026-06-19 13:10:49,27,30,0,25,22.388,38.812
2026-06-19 13:15:49,19,19,0,4,21.972,38.486
2026-06-19 13:20:49,14,15,0,0,21.699,36.529
2026-06-19 13:25:49,8,9,0,0,19.483,41.282
2026-06-19 13:30:49,6,6,0,0,20.976,38.116
2026-06-19 13:35:49,11,11,0,0,19.755,41.681
2026-06-19 13:40:49,16,16,0,0,18.928,44.496
2026-06-19 13:45:49,16,17,0,0,19.12,44.444
2026-06-19 13:50:49,12,12,0,0,19.229,44.254
2026-06-19 13:55:49,19,19,0,0,19.95,42.76
2026-06-19 14:00:50,15,17,0,0,19.237,45.343
2026-06-19 14:05:50,11,12,0,0,19.569,43.889
2026-06-19 14:10:50,12,12,0,0,19.595,43.409
2026-06-19 14:15:50,8,8,0,0,19.889,43.434
2026-06-19 14:20:50,6,6,0,0,20.268,42.711
2026-06-19 14:25:50,5,6,0,0,21.163,39.705
2026-06-19 14:30:51,7,7,0,0,20.383,41.433
2026-06-19 14:35:50,7,8,0,0,19.98,41.726
2026-06-19 14:40:50,7,8,0,0,20.169,41.967
2026-06-19 14:45:50,7,7,0,0,20.055,42.322
2026-06-19 14:50:51,6,8,0,0,19.913,42.569
2026-06-19 14:55:50,7,7,0,0,20.249,42.074
2026-06-19 15:00:51,6,6,0,0,20.618,41.343
2026-06-19 15:05:50,10,14,0,0,20.055,42.255
2026-06-19 15:10:51,6,6,0,0,19.982,42.369
2026-06-19 15:15:50,12,13,0,0,19.825,42.51
2026-06-19 15:20:51,8,10,0,0,19.868,42.718
2026-06-19 15:25:51,12,13,0,0,19.82,42.331
2026-06-19 15:31:00,11,12,0,0,19.852,41.726
2026-06-19 15:35:51,7,10,0,0,19.758,41.841
2026-06-19 15:40:51,7,7,0,0,19.574,42.232
2026-06-19 15:45:51,7,7,0,0,19.942,41.94
2026-06-19 15:50:50,7,8,0,0,19.83,42.068
2026-06-19 15:55:51,7,8,0,0,19.606,42.136
2026-06-19 16:02:48,24,25,0,0,19.617,42.737
2026-06-19 16:05:50,6,6,0,0,19.707,42.465
2026-06-19 16:10:51,5,6,0,0,19.782,42.619
2026-06-19 16:15:51,6,7,0,0,19.638,42.848
2026-06-19 16:20:51,5,5,0,0,19.488,43.31
2026-06-19 16:25:51,6,6,0,0,19.363,43.367
2026-06-19 16:30:51,8,8,0,0,19.403,43.954
2026-06-19 16:35:51,7,7,0,0,19.382,44.261
2026-06-19 16:40:51,8,8,0,0,19.312,44.181
2026-06-19 16:45:51,6,6,0,0,19.432,43.744
2026-06-19 16:50:51,5,5,0,0,19.352,43.733
2026-06-19 16:55:51,4,5,0,16,19.312,43.735
2026-06-19 17:00:51,6,6,0,78,19.042,44.576
2026-06-19 17:05:52,5,5,0,26,18.864,45.392
2026-06-19 17:10:52,6,6,0,58,18.717,45.898
2026-06-19 17:15:52,8,8,0,24,18.45,46.796
2026-06-19 17:20:52,7,11,0,25,18.284,47.517
2026-06-19 17:25:52,41,52,0,102,18.324,47.601
2026-06-19 17:30:52,174,190,0,429,18.113,48.389
2026-06-19 17:35:52,51,62,0,197,17.827,49.175
2026-06-19 17:40:52,46,58,0,173,17.518,49.659
2026-06-19 17:45:52,15,16,0,112,17.245,51.21
2026-06-19 17:50:52,16,16,0,128,16.994,51.967
2026-06-19 17:55:52,12,13,0,121,16.631,53.14
2026-06-19 18:00:52,19,19,0,127,16.295,54.498
2026-06-19 18:05:52,30,34,0,130,16.004,55.442
2026-06-19 18:10:52,8,9,0,122,15.718,55.902
2026-06-19 18:15:52,13,14,0,139,15.227,58.246
2026-06-19 18:20:52,24,24,0,147,15.205,58.511
2026-06-19 18:25:52,15,15,0,137,14.807,59.486
2026-06-19 18:30:52,30,34,0,194,14.492,60.852
2026-06-19 18:35:52,26,26,0,191,14.142,61.817
2026-06-19 18:40:52,28,29,0,247,14.044,61.218
2026-06-19 18:45:52,25,25,0,334,13.667,62.641
2026-06-19 18:50:53,32,34,0,299,13.761,61.273
2026-06-19 18:55:52,18,18,0,144,13.659,61.798
2026-06-19 19:00:52,14,14,0,144,13.98,59.269
2026-06-19 19:05:52,29,31,0,165,13.614,61.056
2026-06-19 19:10:52,23,24,0,157,13.745,59.406
2026-06-19 19:15:59,24,26,0,236,13.544,60.556
2026-06-19 19:20:52,13,14,0,162,13.368,61.397
2026-06-19 19:25:52,30,39,0,187,13.328,61.552
2026-06-19 19:30:52,22,23,0,146,13.237,62.055
2026-06-19 19:35:52,24,27,0,154,13.173,62.271
2026-06-19 19:40:52,23,24,0,155,13.112,62.771
2026-06-19 19:45:52,22,24,0,143,13.082,62.488
2026-06-19 19:50:53,23,24,0,143,13.016,61.987
2026-06-19 19:55:52,22,23,0,179,12.813,63.427
2026-06-19 20:00:53,35,40,0,270,12.749,63.316
2026-06-19 20:05:54,33,37,0,457,12.749,63.705
2026-06-19 20:10:53,28,28,0,219,12.615,64.861
2026-06-19 20:16:01,109,116,0,1147,12.567,65.496
2026-06-19 20:20:53,126,136,0,527,12.26,65.559
2026-06-19 20:25:54,109,121,0,413,12.076,65.439
2026-06-19 20:30:53,44,55,0,208,11.995,66.047
2026-06-19 20:35:54,44,54,0,251,11.867,66.534
2026-06-19 20:40:53,44,52,0,258,11.961,66.726
2026-06-19 20:45:54,49,60,0,316,11.87,67.306
2026-06-19 20:50:53,40,47,0,244,11.766,67.484
2026-06-19 20:55:54,46,55,0,273,11.779,68.3
2026-06-19 21:00:53,59,70,0,341,11.654,68.744
2026-06-19 21:05:54,74,80,0,532,11.603,69.235
2026-06-19 21:10:54,63,75,0,442,11.421,69.525
2026-06-19 21:15:54,54,67,0,557,11.363,69.443
2026-06-19 21:20:54,55,69,0,442,11.317,69.814
2026-06-19 21:25:54,68,79,0,552,11.133,70.974
2026-06-19 21:30:54,55,70,0,630,11.157,70.493
2026-06-19 21:35:54,48,60,0,484,11.152,70.801
2026-06-19 21:40:53,51,65,0,487,11.088,70.436
2026-06-19 21:45:54,54,67,0,502,11.007,70.833
2026-06-19 21:50:54,53,66,0,439,10.821,71.47
2026-06-19 21:55:54,39,45,0,253,10.799,70.907
2026-06-19 22:00:54,39,48,0,326,10.791,71.05
2026-06-19 22:05:54,59,73,0,447,10.815,71.646
2026-06-19 22:10:54,103,107,0,571,10.837,71.323
2026-06-19 22:15:54,174,182,0,755,10.767,71.386
2026-06-19 22:20:54,70,80,0,383,10.588,71.64
2026-06-19 22:25:54,39,48,0,222,10.492,71.756
2026-06-19 22:30:54,32,36,0,149,10.719,71.386
2026-06-19 22:35:54,38,44,0,210,10.652,71.615
2026-06-19 22:40:54,101,107,0,560,10.484,72.126
2026-06-19 22:45:54,69,80,0,364,10.268,71.855
2026-06-19 22:50:54,82,84,0,427,10.209,72.241
2026-06-19 22:55:54,131,135,0,552,9.974,71.342
2026-06-19 23:00:54,98,102,0,376,9.811,72.227
2026-06-19 23:05:55,51,64,0,649,9.646,72.111
2026-06-19 23:10:55,38,45,0,182,9.744,72.092
2026-06-19 23:15:55,43,51,0,205,9.694,72.525
2026-06-19 23:20:55,42,53,0,209,9.731,72.273
2026-06-19 23:25:55,56,69,0,364,9.614,73.002
2026-06-19 23:30:55,85,89,0,415,9.512,72.847
2026-06-19 23:35:55,42,50,0,202,9.277,73.271
2026-06-19 23:40:55,95,102,0,265,9.432,72.866
2026-06-19 23:45:55,35,37,0,171,9.552,73.314
2026-06-19 23:50:55,64,76,0,286,9.448,73.416
2026-06-19 23:55:55,39,47,0,198,9.266,73.185
2026-06-20 00:00:55,48,58,0,212,9.256,73.702
2026-06-20 00:05:55,56,71,0,201,9.253,74.041
2026-06-20 00:10:55,240,272,0,1128,9.104,73.992
2026-06-20 00:15:55,57,73,0,305,9.01,73.904
2026-06-20 00:20:55,48,58,0,214,8.858,74.72
2026-06-20 00:25:55,39,45,0,157,8.754,74.6
2026-06-20 00:30:55,70,81,0,331,8.548,75.188
2026-06-20 00:35:55,59,74,0,245,8.388,75.676
2026-06-20 00:40:55,40,47,0,177,8.484,75.394
2026-06-20 00:45:55,37,43,0,144,8.401,75.54
2026-06-20 00:50:55,36,41,0,156,8.425,76.444
2026-06-20 00:55:55,44,53,0,169,8.246,76.603
2026-06-20 01:00:55,100,106,0,342,8.081,77.066
2026-06-20 01:05:55,79,86,0,354,8.118,76.559
2026-06-20 01:10:55,69,81,0,387,7.883,77.549
2026-06-20 01:15:55,55,68,0,327,7.942,77.247
2026-06-20 01:20:55,56,68,0,528,7.856,77.591
2026-06-20 01:25:55,46,54,0,232,7.881,77.108
2026-06-20 01:30:56,44,53,0,178,7.862,77.438
2026-06-20 01:35:56,37,45,0,143,7.851,79.254
2026-06-20 01:40:56,42,54,0,162,7.787,77.761
2026-06-20 01:45:55,39,45,0,138,7.918,77.404
2026-06-20 01:50:56,40,46,0,120,7.923,78.249
2026-06-20 01:55:55,41,48,0,118,7.798,77.167
2026-06-20 02:01:06,51,62,0,189,7.346,78.207
2026-06-20 02:05:56,48,59,0,545,7.354,78.056
2026-06-20 02:10:56,144,152,0,358,7.33,77.913
2026-06-20 02:15:57,152,160,0,319,7.317,77.705
2026-06-20 02:20:56,153,162,0,284,7.17,79.002
2026-06-20 02:25:57,45,51,0,121,6.959,80.059
2026-06-20 02:30:56,51,63,0,146,6.876,79.735
2026-06-20 02:35:57,51,63,0,183,6.796,80.786
2026-06-20 02:40:56,50,62,0,180,6.909,80.469
2026-06-20 02:45:57,47,57,0,177,6.81,80.978
2026-06-20 02:50:57,46,56,0,189,6.812,81.165
2026-06-20 02:55:57,48,59,0,162,6.719,82.619
2026-06-20 03:00:57,58,71,0,352,6.772,81.346
2026-06-20 03:05:56,42,52,0,153,6.772,81.655
2026-06-20 03:10:57,45,55,0,188,6.698,82.233
2026-06-20 03:15:57,58,74,0,204,6.516,82.666
2026-06-20 03:20:57,38,45,0,129,7.141,84.417
2026-06-20 03:25:57,32,32,0,123,6.941,85.915
2026-06-20 03:30:56,36,40,0,130,7.392,83.912
2026-06-20 03:35:57,37,44,0,118,6.89,81.142
2026-06-20 03:40:57,37,40,0,108,6.687,79.874
2026-06-20 03:45:57,40,47,0,117,6.455,80.265
2026-06-20 03:50:57,52,65,0,222,6.225,83.395
2026-06-20 03:55:56,38,45,0,154,6.34,82.087
2026-06-20 04:01:05,100,109,0,220,6.273,81.953
2026-06-20 04:05:57,39,47,0,114,6.067,82.251
2026-06-20 04:10:57,41,47,0,108,5.931,81.407
2026-06-20 04:15:56,38,43,0,91,5.934,83.248
2026-06-20 04:20:57,37,44,0,103,5.822,82.861
2026-06-20 04:25:56,61,75,0,239,5.912,83.843
2026-06-20 04:30:57,39,47,0,113,6.046,84.366
2026-06-20 04:35:57,42,53,0,111,6.265,86.321
2026-06-20 04:40:57,37,41,0,92,6.249,84.057
2026-06-20 04:45:57,40,44,0,89,6.139,83.038
2026-06-20 04:50:57,42,49,0,145,6.041,84.005
2026-06-20 04:55:57,39,44,0,176,5.811,83.336
2026-06-20 05:00:57,41,49,0,129,5.822,82.569
2026-06-20 05:05:58,39,46,0,547,5.747,83.078
2026-06-20 05:10:58,41,49,0,105,5.648,82.811
2026-06-20 05:15:58,40,46,0,102,5.686,82.815
2026-06-20 05:20:58,39,43,0,122,5.691,82.844
2026-06-20 05:25:58,39,44,0,108,5.565,83.609
2026-06-20 05:30:58,39,45,0,109,5.531,84.593
2026-06-20 05:35:58,38,44,0,128,5.645,86.386
2026-06-20 05:40:58,39,45,0,121,5.603,85.648
2026-06-20 05:45:58,40,48,0,127,5.565,85.625
2026-06-20 05:50:58,41,47,0,102,5.421,85.18
2026-06-20 05:56:04,42,45,0,129,5.288,86.494
2026-06-20 06:00:58,39,45,0,118,5.373,86.485
2026-06-20 06:05:58,39,43,0,126,5.402,86.666
2026-06-20 06:10:58,41,47,0,124,5.56,88.409
2026-06-20 06:15:58,42,48,0,122,5.72,87.681
2026-06-20 06:20:58,39,47,0,144,5.806,88.451
2026-06-20 06:25:58,37,41,0,108,6.046,89.977
2026-06-20 06:30:58,38,44,0,123,6.26,88.829
2026-06-20 06:35:58,37,43,0,124,6.329,87.881
2026-06-20 06:40:58,38,42,0,120,6.433,86.454
2026-06-20 06:45:58,37,43,0,114,6.479,86.76
2026-06-20 06:51:06,38,42,0,118,6.42,84.772
2026-06-20 06:55:58,37,41,0,102,6.326,84.286
2026-06-20 07:00:58,38,45,0,112,6.115,85.928
2026-06-20 07:05:59,40,45,0,133,6.358,86.199
2026-06-20 07:10:58,42,50,0,145,6.524,85.905
2026-06-20 07:15:58,42,52,0,155,6.679,85.264
2026-06-20 07:20:58,55,69,0,148,6.89,86.128
2026-06-20 07:25:58,48,61,0,148,7.079,85.907
2026-06-20 07:30:58,52,63,0,153,7.237,85.155
2026-06-20 07:35:58,45,54,0,154,7.189,84.732
2026-06-20 07:40:58,47,56,0,130,7.05,85.041
2026-06-20 07:45:59,45,55,0,122,6.922,84.742
2026-06-20 07:50:58,42,51,0,129,6.858,84.137
2026-06-20 07:55:58,44,52,0,114,6.527,84.377
2026-06-20 08:00:59,45,55,0,158,6.252,85.901
2026-06-20 08:06:08,43,53,0,482,6.463,85.762
2026-06-20 08:10:59,45,53,0,121,6.708,84.282
2026-06-20 08:15:59,43,50,0,136,6.82,84.221
2026-06-20 08:20:59,42,52,0,136,6.569,85.15
2026-06-20 08:25:59,43,52,0,139,6.925,84.112
2026-06-20 08:30:59,45,54,0,152,7.005,82.758
2026-06-20 08:35:59,56,71,0,426,7.162,83.158
2026-06-20 08:40:59,64,78,0,172,7.197,83.319
2026-06-20 08:46:09,59,74,0,150,7.306,82.998
2026-06-20 08:50:59,65,79,0,160,7.379,82.764
2026-06-20 08:56:00,51,62,0,138,7.726,81.24
2026-06-20 09:01:08,52,65,0,179,7.451,82.739
2026-06-20 09:06:00,49,61,0,178,7.766,81.9
2026-06-20 09:11:09,48,60,0,176,8.145,81.209
2026-06-20 09:16:00,48,57,0,165,8.246,80.557
2026-06-20 09:20:59,48,61,0,160,8.035,81.718
2026-06-20 09:26:00,48,58,0,144,8.471,81.102
2026-06-20 09:30:59,48,57,0,141,8.994,79.912
2026-06-20 09:36:00,48,56,0,133,9.459,78.121
2026-06-20 09:41:00,49,59,0,118,9.862,76.561
2026-06-20 09:46:00,50,61,0,116,10.524,75.371
2026-06-20 09:50:59,49,60,0,116,11.221,72.889
2026-06-20 09:56:00,49,63,0,115,11.79,69.95
2026-06-20 10:00:59,48,59,0,118,12.588,68.838
2026-06-20 10:06:00,48,59,0,123,13.034,66.648
2026-06-20 10:11:00,44,55,0,93,14.001,62.21
2026-06-20 10:16:00,44,53,0,85,14.92,59.377
2026-06-20 10:21:00,46,56,0,100,15.451,57.643
2026-06-20 10:25:59,42,50,0,102,16.11,55.275
2026-06-20 10:31:00,42,52,0,97,15.878,55.767
2026-06-20 10:36:00,44,53,0,106,16.054,55.393
2026-06-20 10:41:00,40,47,0,92,16.225,54.275
2026-06-20 10:46:00,36,45,0,88,16.028,54.231
2026-06-20 10:51:00,38,43,0,70,16.743,52.501
2026-06-20 10:56:00,39,47,0,83,17.368,51.004
2026-06-20 11:01:00,40,47,0,85,17.574,50.552
2026-06-20 11:06:01,39,46,0,172,17.582,50.304
2026-06-20 11:11:01,39,47,0,74,17.358,51.515
2026-06-20 11:16:01,35,42,0,73,18.135,48.749
2026-06-20 11:21:01,36,45,0,81,18.324,48.437
2026-06-20 11:26:01,38,46,0,84,16.962,52.564
2026-06-20 11:31:01,38,45,0,88,17.379,51.176
2026-06-20 11:36:01,36,45,0,80,18.052,48.694
2026-06-20 11:41:01,40,47,0,68,18.025,48.818
2026-06-20 11:46:01,38,46,0,68,18.335,47.773
2026-06-20 11:51:01,36,43,0,58,17.659,49.777
2026-06-20 11:56:01,34,38,0,68,18.874,46.928
2026-06-20 12:01:01,36,42,0,46,17.833,49.116
2026-06-20 12:06:01,35,41,0,54,19.024,46.169
2026-06-20 12:11:01,34,39,0,37,19.048,45.272
2026-06-20 12:16:01,33,37,0,19,17.953,46.806
2026-06-20 12:21:01,32,38,0,33,19.088,45.059
2026-06-20 12:26:01,34,38,0,34,19.689,42.819
2026-06-20 12:31:01,35,40,0,43,20.274,42.014
2026-06-20 12:36:01,33,36,0,23,20.581,40.62
2026-06-20 12:41:01,36,42,0,24,18.407,46.552
2026-06-20 12:46:02,38,45,0,33,18.391,46.628
2026-06-20 12:51:01,36,41,0,18,18.303,46.516
2026-06-20 12:56:02,42,50,0,41,18.722,47.212
2026-06-20 13:01:01,35,40,0,21,18.917,46.72
2026-06-20 13:06:01,35,42,0,19,17.251,51.752
2026-06-20 13:11:01,37,45,0,34,17.171,53.495
2026-06-20 13:16:01,36,44,0,7,17.619,51.574
2026-06-20 13:21:01,36,43,0,0,17.331,51.452
2026-06-20 13:26:01,34,40,0,9,17.48,49.814
2026-06-20 13:31:01,35,42,0,4,17.563,50.451
2026-06-20 13:36:01,34,38,0,0,17.56,51.372
2026-06-20 13:41:01,33,38,0,0,17.512,51.847
2026-06-20 13:46:01,33,36,0,0,17.491,51.788
2026-06-20 13:51:01,32,34,0,0,17.446,52.97
2026-06-20 13:56:01,31,35,0,0,17.547,51.862
2026-06-20 14:01:02,32,33,0,0,17.603,53.03
2026-06-20 14:06:02,30,34,0,0,17.272,53.098
2026-06-20 14:11:02,29,29,0,0,17.085,53.556
2026-06-20 14:16:03,28,33,0,0,17.08,52.318
2026-06-20 14:21:02,26,26,0,0,17.085,52.175
2026-06-20 14:26:02,26,27,0,0,16.514,53.06
2026-06-20 14:31:02,23,24,0,0,16.711,51.118
2026-06-20 14:36:09,16,17,0,0,16.845,50.451
2026-06-20 14:41:02,15,16,0,0,16.639,48.717
2026-06-20 14:46:02,14,14,0,0,16.909,49.2
2026-06-20 14:51:02,22,24,0,0,16.754,51.422
2026-06-20 14:56:03,19,19,0,0,17.021,51.076
2026-06-20 15:01:03,15,19,0,0,16.845,51.61
2026-06-20 15:06:02,20,23,0,0,17.107,51.918
2026-06-20 15:11:03,18,19,0,0,17.144,49.505
2026-06-20 15:16:02,16,18,0,0,17.056,49.978
2026-06-20 15:21:03,13,15,0,0,17.021,49.188
2026-06-20 15:26:03,17,19,0,0,16.861,50.111
2026-06-20 15:31:03,16,17,0,0,16.663,49.718
2026-06-20 15:36:03,19,21,0,0,16.458,51.532
2026-06-20 15:41:03,19,21,0,0,16.378,53.482
2026-06-20 15:46:03,24,26,0,0,16.53,53.987
2026-06-20 15:51:03,25,25,0,0,16.105,54.327
2026-06-20 15:56:03,23,24,0,0,16.001,54.435
2026-06-20 16:02:50,20,22,0,0,16.02,55.019
2026-06-20 16:06:03,22,23,0,0,15.865,56.177
2026-06-20 16:11:24,22,24,0,0,15.91,56.53
2026-06-20 16:16:03,19,19,0,0,15.675,56.552
2026-06-20 16:21:03,15,18,0,0,15.747,55.667
2026-06-20 16:26:03,17,18,0,0,15.755,55.784
2026-06-20 16:31:03,15,17,0,0,15.79,55.765
2026-06-20 16:36:03,11,13,0,0,15.875,56.364
2026-06-20 16:41:12,11,12,0,0,15.79,56.215
2026-06-20 16:46:03,12,14,0,0,15.817,56.354
2026-06-20 16:51:03,8,11,0,0,15.654,56.938
2026-06-20 16:56:03,9,12,0,0,15.389,58.084
2026-06-20 17:01:03,7,8,0,0,15.224,60.474
2026-06-20 17:06:04,9,11,0,6,15.136,61.416
2026-06-20 17:11:04,7,10,0,0,14.946,62.776
2026-06-20 17:16:04,5,5,0,0,14.901,63.368
2026-06-20 17:21:04,5,5,0,0,14.757,64.15
2026-06-20 17:26:04,5,5,0,0,14.65,64.983
2026-06-20 17:31:04,4,5,0,0,14.602,65.475
2026-06-20 17:36:04,6,6,0,0,14.57,65.401
2026-06-20 17:41:04,5,5,0,20,14.532,65.275
2026-06-20 17:46:04,3,3,0,0,14.578,64.914
2026-06-20 17:51:04,5,5,0,12,14.447,66.459
2026-06-20 17:56:04,5,5,0,0,14.26,67.423
2026-06-20 18:01:11,4,4,0,0,14.223,67.625
2026-06-20 18:06:04,5,5,0,5,14.046,69.048
2026-06-20 18:11:04,7,7,0,15,13.907,69.635
2026-06-20 18:16:04,5,5,0,7,13.859,69.793
2026-06-20 18:21:04,5,5,0,0,13.75,70.213
2026-06-20 18:26:04,5,6,0,5,13.646,71.028
2026-06-20 18:31:04,4,4,0,3,13.539,71.47
2026-06-20 18:36:04,5,7,0,0,13.368,72.609
2026-06-20 18:41:04,6,7,0,0,13.317,72.906
2026-06-20 18:46:04,7,7,0,0,13.2,73.835
2026-06-20 18:51:04,9,11,0,0,13.09,74.116
2026-06-20 18:56:04,7,7,0,0,13.029,74.625
2026-06-20 19:01:04,5,6,0,0,12.903,75.369
2026-06-20 19:06:04,7,7,0,0,12.762,75.998
2026-06-20 19:11:04,7,7,0,0,12.789,75.794
2026-06-20 19:16:04,6,6,0,0,12.708,76.341
2026-06-20 19:21:04,6,6,0,0,12.7,76.307
2026-06-20 19:26:04,4,5,0,0,12.575,77.114
2026-06-20 19:31:04,5,5,0,0,12.551,77.097
2026-06-20 19:36:04,6,6,0,0,12.487,77.581
2026-06-20 19:41:04,6,6,0,0,12.588,77.206
2026-06-20 19:46:04,8,8,0,1,12.481,77.845
2026-06-20 19:51:05,5,5,0,0,12.364,78.31
2026-06-20 19:56:04,5,5,0,0,12.271,78.85
2026-06-20 20:01:04,5,5,0,0,12.372,78.262
2026-06-20 20:06:05,6,6,0,5,12.279,78.627
2026-06-20 20:11:05,7,7,0,0,12.172,79.5
2026-06-20 20:16:06,7,7,0,0,12.161,79.286
2026-06-20 20:21:05,5,5,0,14,12.295,78.432
2026-06-20 20:26:05,6,6,0,0,12.19,78.552
2026-06-20 20:31:06,6,6,0,0,12.222,78.678
2026-06-20 20:36:05,5,5,0,8,12.156,78.857
2026-06-20 20:41:06,7,7,0,4,12.073,79.061
2026-06-20 20:46:05,8,8,0,10,11.985,79.313
2026-06-20 20:51:06,8,8,0,26,11.875,79.618
2026-06-20 20:56:05,37,46,0,139,11.859,78.957
2026-06-20 21:01:06,28,31,0,127,11.795,79.25
2026-06-20 21:06:06,12,12,0,142,11.654,79.948
2026-06-20 21:11:06,12,13,0,82,11.48,80.494
2026-06-20 21:16:06,55,71,0,207,11.312,81.409
2026-06-20 21:21:06,35,42,0,143,11.189,81.264
2026-06-20 21:26:06,31,32,0,128,11.088,82.205
2026-06-20 21:31:06,37,41,0,106,11.082,82.453
2026-06-20 21:36:06,93,105,0,269,11.056,81.65
2026-06-20 21:41:06,25,26,0,116,10.762,82.191
2026-06-20 21:46:06,90,104,0,354,10.62,82.581
2026-06-20 21:51:06,58,72,0,205,10.436,83.446
2026-06-20 21:56:06,116,131,0,328,10.19,83.824
2026-06-20 22:01:06,102,106,0,270,9.907,84.53
2026-06-20 22:06:06,47,57,0,146,10.188,86.514
2026-06-20 22:11:05,28,31,0,74,10.316,86.559
2026-06-20 22:16:06,47,57,0,122,10.249,86.061
2026-06-20 22:21:05,36,40,0,104,10.129,86.182
2026-06-20 22:26:06,32,37,0,127,10.035,86.094
2026-06-20 22:31:05,19,20,0,52,10.108,88.816
2026-06-20 22:36:06,16,20,0,66,10.14,87.095
2026-06-20 22:41:05,66,81,0,263,9.953,85.939
2026-06-20 22:46:06,72,82,0,264,9.736,86.638
2026-06-20 22:51:06,32,33,0,122,9.873,87.271
2026-06-20 22:56:06,34,38,0,136,9.72,86.937
2026-06-20 23:01:06,45,56,0,245,9.555,87.244
2026-06-20 23:06:07,39,49,0,911,9.373,87.708
2026-06-20 23:11:07,61,74,0,261,9.349,87.37
2026-06-20 23:16:07,70,81,0,210,9.181,86.811
2026-06-20 23:21:07,53,67,0,190,9.122,87.641
2026-06-20 23:26:07,44,54,0,133,9.09,87.776
2026-06-20 23:31:07,19,20,0,70,9.24,90.195
2026-06-20 23:36:07,46,55,0,181,9.047,87.589
2026-06-20 23:41:07,51,62,0,120,9.053,87.376
2026-06-20 23:46:07,28,28,0,76,8.842,87.637
2026-06-20 23:51:07,36,38,0,115,8.684,87.679
2026-06-20 23:56:14,32,32,0,133,8.663,87.641
2026-06-21 00:01:07,47,55,0,113,8.5,88.898
2026-06-21 00:06:07,52,66,0,143,8.487,89.254
2026-06-21 00:11:07,58,74,0,162,8.698,90.788
2026-06-21 00:16:07,37,42,0,100,8.463,89.546
2026-06-21 00:21:07,37,40,0,152,8.463,89.247
2026-06-21 00:26:07,38,42,0,101,8.359,90.099
2026-06-21 00:31:07,35,42,0,88,8.286,88.856
2026-06-21 00:36:07,33,34,0,118,8.049,89.979
2026-06-21 00:41:07,28,29,0,103,8.081,90.386
2026-06-21 00:46:07,84,90,0,174,7.99,90.767
2026-06-21 00:51:07,29,30,0,78,7.83,88.657
2026-06-21 00:56:07,44,53,0,257,7.771,89.579
2026-06-21 01:01:07,47,58,0,150,7.723,89.592
2026-06-21 01:06:07,34,38,0,71,7.982,93.191
2026-06-21 01:11:07,41,49,0,107,8.049,93.941
2026-06-21 01:16:07,41,47,0,79,8.412,95.074
2026-06-21 01:21:07,27,30,0,45,8.909,95.209
2026-06-21 01:26:07,26,28,0,31,9.221,93.929
2026-06-21 01:31:07,28,30,0,26,9.36,93.298
2026-06-21 01:36:07,26,27,0,26,9.256,93.338
2026-06-21 01:41:07,30,30,0,36,9.178,93.254
2026-06-21 01:46:07,28,29,0,30,9.261,92.753
2026-06-21 01:51:08,30,31,0,29,9.157,92.737
2026-06-21 01:56:07,36,43,0,77,9.306,91.831
2026-06-21 02:01:08,26,27,0,47,9.226,91.623
2026-06-21 02:06:09,42,48,0,330,8.647,84.97
2026-06-21 02:11:08,42,52,0,105,8.107,85.718
2026-06-21 02:16:08,39,45,0,99,8.326,87.147
2026-06-21 02:21:08,36,39,0,85,8.636,91.217
2026-06-21 02:26:09,35,38,0,66,8.855,92.068
2026-06-21 02:31:08,39,47,0,97,8.941,91.251
2026-06-21 02:36:09,35,41,0,86,8.828,87.58
2026-06-21 02:41:09,38,42,0,90,8.74,87.484
2026-06-21 02:46:09,46,55,0,126,8.77,86.935
2026-06-21 02:51:18,36,41,0,92,8.877,86.483
2026-06-21 02:56:08,43,51,0,121,8.882,86.256
2026-06-21 03:01:09,37,41,0,107,8.973,87.563
2026-06-21 03:06:09,33,37,0,85,9.077,87.318
2026-06-21 03:11:09,39,45,0,107,9.224,86.391
2026-06-21 03:16:08,45,53,0,132,9.261,85.957
2026-06-21 03:21:09,33,39,0,90,9.208,86.256
2026-06-21 03:26:09,44,52,0,107,9.264,85.392
2026-06-21 03:31:09,45,55,0,95,9.034,85.949
2026-06-21 03:36:09,43,51,0,78,8.839,85.747
2026-06-21 03:41:09,41,49,0,70,9.007,85.062
2026-06-21 03:46:09,43,49,0,126,9.058,85.535
2026-06-21 03:51:09,40,48,0,89,9.007,85.735
2026-06-21 03:56:09,39,45,0,86,9.061,85.602
2026-06-21 04:01:09,49,59,0,124,9.157,85.012
2026-06-21 04:06:09,45,54,0,104,9.106,84.917
2026-06-21 04:11:09,40,46,0,91,8.949,85.985
2026-06-21 04:16:09,40,46,0,84,8.818,86.195
2026-06-21 04:21:09,38,47,0,93,8.818,85.67
2026-06-21 04:26:09,45,55,0,89,8.754,85.112
2026-06-21 04:31:09,43,54,0,101,8.545,86.37
2026-06-21 04:36:09,42,50,0,95,8.754,85.279
2026-06-21 04:41:09,41,50,0,84,8.428,87.738
2026-06-21 04:46:09,42,52,0,90,8.756,87.847
2026-06-21 04:51:09,44,52,0,102,9.005,86.069
2026-06-21 04:56:09,46,57,0,95,9.047,85.627
2026-06-21 05:01:09,48,60,0,104,9.037,85.823
2026-06-21 05:06:10,33,37,0,350,9.096,87.673
2026-06-21 05:11:10,30,30,0,73,9.234,87.814
2026-06-21 05:16:10,27,28,0,77,9.363,87.402
2026-06-21 05:21:10,41,50,0,89,9.352,85.789
2026-06-21 05:26:10,37,42,0,80,9.419,86.433
2026-06-21 05:31:10,40,50,0,89,9.587,85.508
2026-06-21 05:36:10,36,40,0,81,9.582,85.67
2026-06-21 05:41:10,43,52,0,99,9.464,85.131
2026-06-21 05:46:10,43,54,0,92,9.467,84.57
2026-06-21 05:51:10,43,53,0,101,9.52,84.74
2026-06-21 05:56:10,47,57,0,81,9.491,84.036
2026-06-21 06:01:10,46,55,0,94,9.467,84.209
2026-06-21 06:06:10,49,61,0,109,9.427,83.561
2026-06-21 06:11:10,49,61,0,116,9.419,83.37
2026-06-21 06:16:10,50,62,0,110,9.392,83.773
2026-06-21 06:21:10,48,56,0,100,8.927,86.248
2026-06-21 06:26:10,48,58,0,95,9.298,85.342
2026-06-21 06:31:10,49,61,0,110,9.44,84.877
2026-06-21 06:36:20,50,61,0,113,9.667,83.456
2026-06-21 06:41:10,49,61,0,109,9.381,84.27
2026-06-21 06:46:10,49,60,0,109,9.477,84.41
2026-06-21 06:51:10,48,60,0,104,9.667,83.994
2026-06-21 06:56:10,43,51,0,77,9.744,83.858
2026-06-21 07:01:10,40,51,0,79,9.795,83.843
2026-06-21 07:06:10,42,50,0,99,9.603,84.368
2026-06-21 07:11:10,40,48,0,339,9.731,84.188
2026-06-21 07:16:10,42,51,0,82,9.56,84.869
2026-06-21 07:21:10,40,51,0,88,9.614,84.797
2026-06-21 07:26:10,42,50,0,91,9.742,84.839
2026-06-21 07:31:19,39,49,0,81,9.6,84.394
2026-06-21 07:36:10,39,46,0,87,9.226,86.336
2026-06-21 07:41:11,38,44,0,80,9.336,86.281
2026-06-21 07:46:11,38,43,0,92,9.483,85.878
2026-06-21 07:51:10,47,56,0,89,9.619,85.207
2026-06-21 07:56:11,39,45,0,76,9.595,85.043
2026-06-21 08:01:19,38,45,0,73,9.376,85.934
2026-06-21 08:06:11,42,51,0,395,9.443,85.838
2026-06-21 08:11:11,43,53,0,80,9.622,85.245
2026-06-21 08:16:11,45,53,0,95,9.686,84.4
2026-06-21 08:21:11,43,52,0,94,9.817,84.164
2026-06-21 08:26:12,45,54,0,91,9.889,83.622
2026-06-21 08:31:11,45,55,0,83,9.886,83.57
2026-06-21 08:36:12,43,55,0,88,9.694,84.471
2026-06-21 08:41:12,47,58,0,100,9.865,83.698
2026-06-21 08:46:12,50,61,0,83,9.704,84.213
2026-06-21 08:51:11,53,63,0,85,9.971,83.151
2026-06-21 08:56:12,48,61,0,79,10.025,83.305
2026-06-21 09:01:11,50,61,0,84,10.241,81.886
2026-06-21 09:06:12,50,62,0,94,10.393,81.272
2026-06-21 09:11:12,51,61,0,88,9.704,84.122
2026-06-21 09:16:12,50,61,0,88,9.667,84.002
2026-06-21 09:21:12,44,53,0,81,9.99,83.765
2026-06-21 09:26:12,45,55,0,115,10.903,81.299
2026-06-21 09:31:12,39,48,0,87,10.949,81.06
2026-06-21 09:36:11,72,81,0,126,11.405,79.721
2026-06-21 09:41:12,42,51,0,74,11.558,79.09
2026-06-21 09:46:12,39,47,0,87,11.854,78.438
2026-06-21 09:51:12,43,51,0,88,12.126,77.503
2026-06-21 09:56:12,36,43,0,46,12.073,77.288
2026-06-21 10:01:12,37,47,0,79,12.236,77.389
2026-06-21 10:06:12,41,50,0,86,12.372,76.246
2026-06-21 10:11:12,40,48,0,86,12.722,74.739
2026-06-21 10:16:12,37,46,0,51,12.925,73.671
2026-06-21 10:21:12,40,47,0,55,12.898,73.593
2026-06-21 10:26:12,36,46,0,57,13.411,72.651
2026-06-21 10:31:12,39,46,0,45,13.48,71.651
2026-06-21 10:36:12,41,49,0,53,14.1,68.855
2026-06-21 10:41:12,36,45,0,53,14.54,68.039
2026-06-21 10:46:12,40,48,0,62,14.484,67.781
2026-06-21 10:51:12,37,43,0,61,14.911,66.795
2026-06-21 10:56:12,33,39,0,50,14.607,67.362
2026-06-21 11:01:12,33,40,0,24,14.177,66.719
2026-06-21 11:06:13,35,41,0,109,14.874,65.637
2026-06-21 11:11:19,31,32,0,25,14.484,66.164
2026-06-21 11:16:13,32,35,0,24,15.002,64.243
2026-06-21 11:21:13,35,41,0,39,16.097,60.171
2026-06-21 11:26:13,33,37,0,26,16.215,58.944
2026-06-21 11:31:13,28,29,0,9,16.124,54.83
2026-06-21 11:36:13,30,31,0,12,15.205,56.924
2026-06-21 11:41:13,33,37,0,5,14.893,58.828
2026-06-21 11:46:13,32,35,0,1,15.045,56.512
2026-06-21 11:51:13,31,32,0,0,14.367,59.759
2026-06-21 11:56:13,31,36,0,0,14.409,59.564
2026-06-21 12:01:13,29,32,0,0,15.245,56.6
2026-06-21 12:06:13,44,53,0,8,16.126,53.228
2026-06-21 12:11:13,30,36,0,0,15.28,56.152
2026-06-21 12:16:13,28,28,0,0,15.849,53.422
2026-06-21 12:21:13,32,34,0,0,15.141,56.858
2026-06-21 12:26:13,30,33,0,0,14.994,58.38
2026-06-21 12:31:13,27,29,0,0,16.009,53.108
2026-06-21 12:36:13,40,48,0,12,17.179,48.871
2026-06-21 12:41:13,28,29,0,0,16.135,52.076
2026-06-21 12:46:13,29,29,0,0,16.666,49.312
2026-06-21 12:51:13,28,29,0,0,16.028,47.731
2026-06-21 12:56:13,30,33,0,0,15.985,51.036
2026-06-21 13:01:13,28,30,0,0,15.568,53.373
2026-06-21 13:06:13,26,26,0,0,15.958,52.696
2026-06-21 13:11:13,24,24,0,0,16.188,53.302
2026-06-21 13:16:13,25,26,0,0,15.04,56.581
2026-06-21 13:21:13,25,26,0,0,14.984,57.226
2026-06-21 13:26:13,26,27,0,0,15.857,54.626
2026-06-21 13:31:13,19,21,0,0,16.295,52.639
2026-06-21 13:36:13,25,26,0,0,15.227,54.838
2026-06-21 13:41:13,25,26,0,0,15.048,54.204
2026-06-21 13:46:14,20,22,0,0,16.153,52.223
2026-06-21 13:51:13,20,23,0,0,15.841,51.5
2026-06-21 13:56:13,20,22,0,0,15.341,52.162
2026-06-21 14:01:13,20,22,0,0,15.488,51.689
2026-06-21 14:06:14,19,20,0,0,15.552,51.454
2026-06-21 14:11:14,16,17,0,0,16.45,47.96
2026-06-21 14:16:14,12,15,0,0,15.862,48.789
2026-06-21 14:21:14,11,12,0,0,15.349,48.122
2026-06-21 14:26:14,6,7,0,0,15.499,47.138
2026-06-21 14:31:14,8,8,0,0,15.606,46.506
2026-06-21 14:36:14,6,8,0,0,16.239,44.82
2026-06-21 14:41:15,6,7,0,0,16.813,43.479
2026-06-21 14:46:14,8,11,0,0,16.46,42.749
2026-06-21 14:51:14,8,8,0,0,16.113,41.974
2026-06-21 14:56:15,7,7,0,0,16.484,41.515
2026-06-21 15:01:15,4,4,0,0,15.849,42.678
2026-06-21 15:06:15,4,5,0,0,15.697,42.056
2026-06-21 15:11:15,3,5,0,0,16.004,41.097
2026-06-21 15:16:15,3,3,0,0,16.631,40.168
2026-06-21 15:21:15,4,4,0,0,15.833,40.551
2026-06-21 15:26:15,2,3,0,0,15.555,39.441
2026-06-21 15:31:15,1,1,0,0,16.313,38.547
2026-06-21 15:36:15,1,2,0,0,16.583,36.969
2026-06-21 15:41:15,1,1,0,0,15.475,38.732
2026-06-21 15:46:15,1,1,0,0,15.681,37.616
2026-06-21 15:51:14,1,1,0,0,15.921,37.769
2026-06-21 15:56:15,0,0,0,0,15.643,37.416
2026-06-21 16:02:51,0,0,0,0,15.606,37.961
2026-06-21 16:06:15,0,0,0,0,16.129,36.59
2026-06-21 16:11:15,0,0,0,0,15.665,37.503
2026-06-21 16:16:15,0,0,0,0,15.392,37.479
2026-06-21 16:21:14,0,0,0,0,15.333,37.639
2026-06-21 16:26:15,0,1,0,0,15.387,37.803
2026-06-21 16:31:15,1,2,0,0,14.786,41.377
2026-06-21 16:36:15,2,2,0,0,15.216,40.542
2026-06-21 16:41:15,0,0,0,0,14.783,40.477
2026-06-21 16:46:15,1,2,0,0,15.52,38.915
2026-06-21 16:51:15,0,0,0,0,14.957,39.615
2026-06-21 16:56:15,0,1,0,0,14.487,40.092
2026-06-21 17:01:15,1,1,0,0,14.532,39.836
2026-06-21 17:06:16,2,2,0,0,13.881,43.817
2026-06-21 17:11:16,0,0,0,0,13.873,42.535
2026-06-21 17:16:16,0,0,0,0,13.747,42.356
2026-06-21 17:21:16,0,0,0,0,13.445,43.622
2026-06-21 17:26:23,0,0,0,0,13.627,43.233
2026-06-21 17:31:16,2,2,0,0,13.106,47.035
2026-06-21 17:36:16,3,4,0,20,13.325,48.412
2026-06-21 17:41:16,8,9,0,51,13.272,46.979
2026-06-21 17:46:16,6,6,0,20,13.122,48.122
2026-06-21 17:51:16,30,33,0,118,12.919,49.137
2026-06-21 17:56:17,34,38,0,181,12.607,50.704
2026-06-21 18:01:16,162,187,0,137,12.15,55.46
2026-06-21 18:06:16,44,51,0,116,11.822,57.663
2026-06-21 18:11:16,29,30,0,115,11.461,59.738
2026-06-21 18:16:16,53,65,0,188,11.194,60.922
2026-06-21 18:21:16,35,42,0,180,10.933,61.906
2026-06-21 18:26:17,30,30,0,119,10.772,58.845
2026-06-21 18:31:16,20,20,0,54,10.607,61.479
2026-06-21 18:36:16,14,18,0,51,10.383,61.92
2026-06-21 18:41:16,19,19,0,93,10.252,62.173
2026-06-21 18:46:16,16,18,0,63,10.142,61.779
2026-06-21 18:51:16,39,46,0,186,9.939,63.23
2026-06-21 18:56:16,14,16,0,81,9.886,62.284
2026-06-21 19:01:16,7,8,0,65,9.595,63.715
2026-06-21 19:06:16,9,12,0,58,9.632,63.194
2026-06-21 19:11:16,50,60,0,196,9.475,64.306
2026-06-21 19:16:16,38,45,0,146,9.157,65.431
2026-06-21 19:21:17,52,65,0,211,9.069,65.569
2026-06-21 19:26:16,50,60,0,246,8.917,66.034
2026-06-21 19:31:17,31,32,0,122,8.842,66.402
2026-06-21 19:36:17,22,22,0,111,8.783,66.469
2026-06-21 19:41:25,54,67,0,275,8.593,67.152
2026-06-21 19:46:16,45,55,0,213,8.524,67.537
2026-06-21 19:51:17,55,69,0,309,8.318,68.54
2026-06-21 19:56:16,27,27,0,122,8.345,69.113
2026-06-21 20:01:16,25,28,0,160,8.26,68.868
2026-06-21 20:06:17,22,25,0,406,8.268,68.678
2026-06-21 20:11:17,16,18,0,137,8.3,68.617
2026-06-21 20:16:17,13,16,0,199,8.236,69.019
2026-06-21 20:21:17,15,16,0,178,8.172,69.359
2026-06-21 20:26:18,25,27,0,135,7.969,70.093
2026-06-21 20:31:17,24,28,0,165,7.856,70.316
2026-06-21 20:36:18,106,113,0,829,7.752,70.778
2026-06-21 20:41:17,75,84,0,638,7.611,71.468
2026-06-21 20:46:18,46,54,0,243,7.525,71.626
2026-06-21 20:51:18,39,43,0,181,7.306,72.368
2026-06-21 20:56:18,58,71,0,323,7.181,72.941
2026-06-21 21:01:17,100,104,0,557,6.951,73.324
2026-06-21 21:06:18,37,47,0,191,7.039,72.637
2026-06-21 21:11:18,33,35,0,166,7.079,71.857
2026-06-21 21:16:18,23,25,0,153,7.189,70.978
2026-06-21 21:21:18,21,23,0,123,7.261,70.513
2026-06-21 21:26:18,46,54,0,207,7.181,70.797
2026-06-21 21:31:18,67,80,0,409,7.053,71.115
2026-06-21 21:36:17,39,45,0,182,6.981,70.741
2026-06-21 21:41:18,44,52,0,218,6.786,71.44
2026-06-21 21:46:18,37,40,0,165,6.767,71.438
2026-06-21 21:51:18,27,30,0,146,6.633,71.777
2026-06-21 21:56:18,29,33,0,161,6.318,73.789
2026-06-21 22:01:18,33,36,0,146,6.286,74.142
2026-06-21 22:06:18,23,25,0,140,6.073,74.158
2026-06-21 22:11:18,31,32,0,147,6.014,74.797
2026-06-21 22:16:18,30,31,0,125,5.974,75.228
2026-06-21 22:21:18,35,40,0,166,5.832,74.991
2026-06-21 22:26:18,34,36,0,125,5.891,75.321
2026-06-21 22:31:18,27,27,0,120,5.896,75.168
2026-06-21 22:36:18,54,66,0,253,5.798,74.93
2026-06-21 22:41:18,86,92,0,525,5.675,75.266
2026-06-21 22:46:18,60,74,0,313,5.56,75.96
2026-06-21 22:51:18,69,82,0,252,5.44,76.048
2026-06-21 22:56:18,71,86,0,335,5.453,76.155
2026-06-21 23:01:18,35,37,0,143,5.216,75.842
2026-06-21 23:06:19,34,37,0,425,5.293,75.538
2026-06-21 23:11:19,28,33,0,171,5.173,76.252
2026-06-21 23:16:19,39,46,0,256,5.245,76.185
2026-06-21 23:21:19,33,35,0,178,5.213,75.538
2026-06-21 23:26:19,27,27,0,193,5.047,76.269
2026-06-21 23:31:19,33,36,0,206,5.015,76.135
2026-06-21 23:36:19,46,55,0,363,4.999,76.414
2026-06-21 23:41:19,42,49,0,343,4.892,76.368
2026-06-21 23:46:19,47,58,0,247,4.863,76.006
2026-06-21 23:51:19,33,36,0,166,4.855,76.183
2026-06-21 23:56:19,35,40,0,176,4.786,76.401
2026-06-22 00:01:19,31,34,0,152,4.663,76.727
2026-06-22 00:06:29,29,32,0,123,4.623,77.965
2026-06-22 00:11:19,29,29,0,131,4.393,78.249
2026-06-22 00:16:19,42,45,0,148,4.401,78.085
2026-06-22 00:21:19,40,42,0,158,4.438,77.764
2026-06-22 00:26:19,43,52,0,219,4.46,77.392
2026-06-22 00:31:19,43,52,0,182,4.452,76.862
2026-06-22 00:36:28,49,58,0,191,4.617,74.833
2026-06-22 00:41:19,40,46,0,169,4.593,75.09
2026-06-22 00:46:19,35,38,0,171,4.588,75.081
2026-06-22 00:51:19,43,49,0,193,4.689,74.493
2026-06-22 00:56:19,43,49,0,176,4.628,74.03
2026-06-22 01:01:19,54,66,0,343,4.66,74.274
2026-06-22 01:06:19,48,56,0,198,4.577,74.018
2026-06-22 01:11:19,56,71,0,238,4.495,74.535
2026-06-22 01:16:19,52,66,0,229,4.444,74.926
2026-06-22 01:21:19,57,72,0,241,4.372,75.102
2026-06-22 01:26:19,49,60,0,197,4.26,75.546
2026-06-22 01:31:19,44,51,0,194,4.228,75.573
2026-06-22 01:36:19,59,74,0,234,4.059,76.088
2026-06-22 01:41:19,43,50,0,173,4.121,75.598
2026-06-22 01:46:19,35,40,0,151,3.878,77.019
2026-06-22 01:51:19,35,42,0,148,4.46,74.104
2026-06-22 01:56:19,48,56,0,164,4.887,71.596
2026-06-22 02:01:20,42,51,0,162,4.882,71.533
2026-06-22 02:06:20,40,47,0,333,4.989,70.495
2026-06-22 02:11:20,32,35,0,139,5.149,70.343
2026-06-22 02:16:20,36,36,0,139,5.077,70.238
2026-06-22 02:21:20,30,31,0,106,4.575,72.521
2026-06-22 02:26:20,32,36,0,128,5.01,70.453
2026-06-22 02:31:20,48,59,0,176,5.013,71.003
2026-06-22 02:36:20,44,55,0,184,4.668,72.271
2026-06-22 02:41:27,44,54,0,244,4.532,72.849
2026-06-22 02:46:20,42,48,0,186,4.348,73.24
2026-06-22 02:51:21,44,52,0,151,4.265,72.803
2026-06-22 02:56:20,42,49,0,163,4.121,73.028
2026-06-22 03:01:21,39,46,0,148,3.771,73.923
2026-06-22 03:06:20,42,47,0,157,3.768,73.78
2026-06-22 03:11:20,39,45,0,156,3.525,74.8
2026-06-22 03:16:20,40,44,0,148,3.234,75.262
2026-06-22 03:21:21,44,52,0,156,3.346,74.978
2026-06-22 03:26:21,37,42,0,125,3.758,73.536
2026-06-22 03:31:20,32,34,0,120,4.3,70.56
2026-06-22 03:36:20,35,38,0,112,4.623,69.055
2026-06-22 03:41:21,35,41,0,114,4.775,69.544
2026-06-22 03:46:21,35,41,0,116,4.337,70.303
2026-06-22 03:51:20,36,40,0,137,4.182,71.262
2026-06-22 03:56:21,35,40,0,152,4.001,71.97
2026-06-22 04:01:21,47,56,0,146,4.065,72.611
2026-06-22 04:06:21,57,70,100,139,4.022,72.637
2026-06-22 04:11:20,49,60,0,163,3.806,73.736
2026-06-22 04:16:29,43,48,0,146,3.563,74.032
2026-06-22 04:21:20,41,46,0,157,3.402,74.875
2026-06-22 04:26:21,41,48,0,154,3.037,75.777
2026-06-22 04:31:21,40,44,0,147,3.007,75.458
2026-06-22 04:36:20,40,45,0,167,3.015,75.35
2026-06-22 04:41:21,44,55,0,162,3.106,74.613
2026-06-22 04:46:21,47,57,0,153,2.834,75.693
2026-06-22 04:51:21,36,37,0,148,3.05,74.806
2026-06-22 04:56:21,43,47,0,172,3.661,72.716
2026-06-22 05:01:21,41,45,0,163,3.776,72.702
2026-06-22 05:06:22,40,46,0,348,3.707,72.22
2026-06-22 05:11:21,47,56,0,151,3.819,71.344
2026-06-22 05:16:22,54,68,0,153,3.688,72.183
2026-06-22 05:21:22,48,60,0,148,3.541,72.384
2026-06-22 05:26:22,43,52,0,144,3.199,72.87
2026-06-22 05:31:22,41,46,0,155,3.082,73.965
2026-06-22 05:36:22,41,47,0,143,2.964,74.621
2026-06-22 05:41:22,39,44,0,169,2.89,75.563
2026-06-22 05:46:22,37,42,0,163,2.938,75.411
2026-06-22 05:51:22,37,43,0,135,3.389,73.046
2026-06-22 05:56:22,41,46,0,110,4.107,70.005
2026-06-22 06:01:22,37,41,0,116,4.246,69.36
2026-06-22 06:06:22,41,45,0,142,3.717,71.501
2026-06-22 06:11:22,44,55,0,156,3.336,72.645
2026-06-22 06:16:22,44,51,0,149,2.972,74.001
2026-06-22 06:21:22,54,64,101,145,3.039,73.82
2026-06-22 06:26:22,45,54,0,156,2.951,73.866
2026-06-22 06:31:22,31,35,0,132,3.472,71.001
2026-06-22 06:36:22,29,33,0,124,3.779,69.954
2026-06-22 06:41:22,42,46,303,132,4.041,69.481
2026-06-22 06:46:22,71,86,504,138,4.137,69.669
2026-06-22 06:51:22,37,41,0,119,3.824,70.045
2026-06-22 06:56:22,32,36,0,131,3.603,70.961
2026-06-22 07:01:22,39,42,0,126,3.536,71.155
2026-06-22 07:06:22,39,46,0,156,3.499,71.419
2026-06-22 07:11:22,43,52,0,164,3.365,72.14
2026-06-22 07:16:22,42,48,0,146,3.397,72.344
2026-06-22 07:21:22,48,58,0,132,3.381,71.481
2026-06-22 07:26:23,59,74,0,146,3.167,72.334
2026-06-22 07:31:22,40,45,0,131,2.93,72.105
2026-06-22 07:36:22,41,45,0,148,2.783,72.948
2026-06-22 07:41:22,47,56,0,163,3.157,71.724
2026-06-22 07:46:22,49,61,101,171,3.306,70.934
2026-06-22 07:51:22,44,49,0,163,2.866,72.326
2026-06-22 07:56:23,45,52,0,152,2.615,72.588
2026-06-22 08:01:33,44,57,0,161,2.671,72.777
2026-06-22 08:06:23,45,50,0,397,2.906,71.743
2026-06-22 08:11:23,41,49,101,164,3.05,70.574
2026-06-22 08:16:23,36,36,0,172,2.964,70.881
2026-06-22 08:21:23,40,45,0,155,3.039,71.117
2026-06-22 08:26:23,38,42,0,171,3.277,70.547
2026-06-22 08:31:23,40,47,0,170,3.499,69.978
2026-06-22 08:36:24,41,48,0,172,3.707,69.666
2026-06-22 08:41:23,48,58,0,179,4.027,68.947
2026-06-22 08:46:32,39,44,0,179,4.073,68.51
2026-06-22 08:51:23,33,35,0,149,3.982,68.365
2026-06-22 08:56:24,35,38,0,160,4.019,68.283
2026-06-22 09:01:23,37,38,0,147,4.147,67.85
2026-06-22 09:06:24,34,38,0,143,4.503,67.213
2026-06-22 09:11:23,39,46,0,141,4.943,65.55
2026-06-22 09:16:23,31,34,0,162,5.384,62.946
2026-06-22 09:21:24,23,24,0,118,5.827,59.324
2026-06-22 09:26:23,30,32,0,106,6.11,57.788
2026-06-22 09:31:24,32,33,0,108,6.361,58.443
2026-06-22 09:36:23,26,26,0,97,6.682,56.371
2026-06-22 09:41:24,26,28,0,91,6.949,56.009
2026-06-22 09:46:24,37,40,0,125,7.031,57.525
2026-06-22 09:51:23,37,42,0,125,7.274,57.338
2026-06-22 09:56:24,30,35,0,124,7.547,56.169
2026-06-22 10:01:24,32,33,0,154,7.889,54.883
2026-06-22 10:06:24,32,35,0,133,8.297,53.131
2026-06-22 10:11:28,41,49,202,115,9.141,51.685
2026-06-22 10:16:24,36,42,202,113,9.881,49.88
2026-06-22 10:21:24,32,34,202,113,10.22,48.837
2026-06-22 10:26:24,28,28,0,117,10.655,47.38
2026-06-22 10:31:24,27,28,0,105,11.141,46.522
2026-06-22 10:36:24,30,32,0,104,11.771,45.94
2026-06-22 10:41:24,34,38,0,100,12.596,42.653
2026-06-22 10:47:09,30,33,0,106,12.773,42.075
2026-06-22 10:51:23,27,27,0,110,13.336,42.474
2026-06-22 10:56:24,28,29,0,96,13.227,40.687
2026-06-22 11:01:24,22,25,0,87,13.948,38.986
2026-06-22 11:06:25,26,26,0,114,13.977,39.09
2026-06-22 11:11:25,25,25,0,79,14.965,37.368
2026-06-22 11:16:28,22,24,0,75,15.018,36.365
2026-06-22 11:21:31,22,23,0,67,14.954,36.437
2026-06-22 11:26:26,17,19,0,51,15.555,35.403
2026-06-22 11:31:25,17,18,0,65,16.097,34.69
2026-06-22 11:36:25,15,15,0,44,15.945,34.522
2026-06-22 11:41:25,11,11,0,11,16.065,33.605
2026-06-22 11:46:25,14,15,0,24,15.889,33.733
2026-06-22 11:51:25,9,9,0,19,16.151,32.533
2026-06-22 11:56:25,10,10,0,10,16.434,32.048
2026-06-22 12:01:25,11,13,0,0,16.621,31.856
2026-06-22 12:06:25,14,16,0,6,16.802,31.858
2026-06-22 12:11:25,13,15,0,0,17.504,30.36
2026-06-22 12:16:25,13,15,0,9,18.046,29.5
2026-06-22 12:21:25,14,15,0,0,18.463,29.204
2026-06-22 12:26:25,8,9,0,0,18.933,28.556
2026-06-22 12:31:34,7,8,0,0,18.962,26.99
2026-06-22 12:36:25,7,9,0,0,19.694,25.43
2026-06-22 12:41:25,10,14,0,0,18.981,27.093
2026-06-22 12:46:28,13,16,0,0,18.452,26.832
2026-06-22 12:51:34,8,10,0,0,20.02,24.913
2026-06-22 12:56:25,12,13,0,0,19.849,25.556
2026-06-22 13:01:25,24,26,0,0,19.796,26.586
2026-06-22 13:06:25,8,12,0,0,20.573,26.925
2026-06-22 13:11:25,23,23,0,0,20.452,26.273
2026-06-22 13:16:25,11,12,0,0,21.101,24.781
2026-06-22 13:21:25,6,6,0,0,21.603,24.568
2026-06-22 13:26:25,5,6,0,0,21.128,24.451
2026-06-22 13:31:25,8,10,0,0,21.523,23.688
2026-06-22 13:36:25,6,6,0,0,21.529,23.288
2026-06-22 13:41:40,5,6,0,0,19.435,25.22
2026-06-22 13:46:25,5,5,0,0,20.583,24.653
2026-06-22 13:51:32,13,14,0,0,21.139,23.799
2026-06-22 13:56:25,3,3,0,0,20.151,23.599
2026-06-22 14:01:25,8,8,0,0,20.629,23.665
2026-06-22 14:06:26,6,6,0,0,20.781,22.838
2026-06-22 14:11:26,7,7,0,0,21.043,23.709
2026-06-22 14:16:27,7,7,0,0,21.702,23.425
2026-06-22 14:21:26,6,6,0,0,21.635,22.75
2026-06-22 14:26:27,11,13,0,0,21.643,23.81
2026-06-22 14:31:26,9,11,0,0,21.841,23.307
2026-06-22 14:36:27,10,12,0,0,21.659,23.997
2026-06-22 14:41:26,8,8,0,0,21.251,22.679
2026-06-22 14:46:26,6,6,0,0,21.622,22.967
2026-06-22 14:51:26,9,9,0,0,21.689,22.855
2026-06-22 14:56:26,7,7,0,0,22.068,22.426
2026-06-22 15:01:27,4,4,0,0,21.625,20.093
2026-06-22 15:06:27,2,2,0,0,21.737,20.057
2026-06-22 15:11:26,3,3,0,0,19.136,22.176
2026-06-22 15:16:26,3,3,0,0,19.649,23.898
2026-06-22 15:21:27,2,2,0,0,20.249,21.152
2026-06-22 15:26:26,4,5,0,0,19.723,22.246
2026-06-22 15:31:26,3,3,0,0,19.633,21.653
2026-06-22 15:36:27,2,3,0,0,19.398,22.065
2026-06-22 15:41:27,1,2,0,49,20.041,21.695
2026-06-22 15:46:26,2,2,0,0,19.694,21.129
2026-06-22 15:51:27,1,2,0,0,19.643,21.955
2026-06-22 15:56:27,5,5,0,0,19.924,21.972
2026-06-22 16:02:53,6,6,0,0,19.643,26.492
2026-06-22 16:06:46,6,6,0,0,19.334,26.24
2026-06-22 16:11:27,4,4,0,0,19.507,26.311
2026-06-22 16:16:27,5,5,0,0,18.279,26.404
2026-06-22 16:21:27,7,8,0,0,18.308,27.549
2026-06-22 16:26:26,9,9,0,0,18.786,28.131
2026-06-22 16:31:27,4,5,0,0,19.12,28.422
2026-06-22 16:36:26,6,6,0,20,17.83,30.313
2026-06-22 16:41:27,6,6,0,0,17.622,30.717
2026-06-22 16:46:27,5,6,0,0,16.949,31.417
2026-06-22 16:51:27,4,4,0,0,17.123,29.855
2026-06-22 16:56:27,3,3,0,47,16.799,30.37
2026-06-22 17:01:27,4,5,0,61,16.53,30.929
2026-06-22 17:06:28,3,3,0,34,16.305,30.83
2026-06-22 17:11:28,5,5,0,86,16.108,31.499
2026-06-22 17:16:28,4,5,0,63,16.033,30.761
2026-06-22 17:21:28,4,5,0,34,15.894,30.229
2026-06-22 17:26:28,3,3,0,199,15.67,31.497
2026-06-22 17:31:28,3,4,0,108,15.36,31.358
2026-06-22 17:36:28,5,5,0,147,15.002,31.997
2026-06-22 17:41:28,2,2,0,173,14.588,33.7
2026-06-22 17:46:28,2,2,0,382,14.089,36.403
2026-06-22 17:51:28,5,5,0,125,13.614,38.511
2026-06-22 17:56:28,155,168,0,221,13.069,38.921
2026-06-22 18:01:28,7,8,0,81,12.676,40.347
2026-06-22 18:06:28,41,50,0,193,12.255,41.559
2026-06-22 18:11:28,14,15,0,143,12.102,39.764
2026-06-22 18:16:28,22,22,0,196,12.036,39.546
2026-06-22 18:21:28,24,26,0,224,11.59,40.672
2026-06-22 18:26:28,26,27,0,252,11.501,39.909
2026-06-22 18:31:28,37,43,0,299,11.186,41.433
2026-06-22 18:36:28,9,9,0,192,11.234,37.675
2026-06-22 18:41:28,17,20,0,167,10.943,42.035
2026-06-22 18:46:28,23,25,0,168,10.476,44.83
2026-06-22 18:51:28,19,19,0,185,10.068,46.213
2026-06-22 18:56:28,12,12,0,137,9.747,46.729
2026-06-22 19:01:49,18,19,0,213,9.843,43.573
2026-06-22 19:06:28,12,14,0,150,9.779,40.191
2026-06-22 19:11:28,18,18,0,160,9.699,41.879
2026-06-22 19:16:28,20,20,0,149,9.875,39.373
2026-06-22 19:21:28,33,36,0,229,9.875,39.76
2026-06-22 19:26:28,18,21,0,189,10.27,36.199
2026-06-22 19:31:28,12,16,0,178,11.397,31.709
2026-06-22 19:36:49,51,67,0,217,10.748,36.35
2026-06-22 19:41:28,42,51,0,202,11.178,34.93
2026-06-22 19:46:28,31,32,0,155,11.424,32.777
2026-06-22 19:51:28,27,29,0,146,10.951,33.061
2026-06-22 19:56:28,30,33,0,167,10.57,34.799
2026-06-22 20:01:49,73,82,0,244,10.137,37.908
2026-06-22 20:06:29,35,38,0,203,9.87,38.196
2026-06-22 20:11:30,47,59,0,239,9.355,40.201
2026-06-22 20:16:29,48,59,0,204,9.208,39.472
2026-06-22 20:21:54,32,39,0,178,9.341,38.305
2026-06-22 20:26:29,44,53,0,212,9.21,40.09
2026-06-22 20:31:30,38,42,0,236,8.946,41.261
2026-06-22 20:36:29,54,67,0,296,8.588,44.326
2026-06-22 20:41:30,97,102,0,416,8.396,41.25
2026-06-22 20:46:29,53,68,0,323,8.212,42.585
2026-06-22 20:51:30,57,69,0,330,7.966,46.193
2026-06-22 20:56:30,39,45,0,209,7.638,48.417
2026-06-22 21:01:29,32,33,0,177,7.613,45.23
2026-06-22 21:06:30,29,31,0,190,7.568,45.101
2026-06-22 21:11:29,26,27,0,169,7.427,46.823
2026-06-22 21:16:39,29,32,0,269,7.33,47.244
2026-06-22 21:21:29,37,41,0,356,7.098,48.999
2026-06-22 21:26:29,23,23,0,188,7.053,46.131
2026-06-22 21:31:29,17,21,0,157,6.965,48.57
2026-06-22 21:36:30,52,62,0,277,6.807,48.297
2026-06-22 21:41:29,34,35,0,194,6.77,48.343
2026-06-22 21:46:30,25,25,0,170,6.754,46.609
2026-06-22 21:51:29,18,22,0,145,6.655,46.028
2026-06-22 21:56:29,29,29,0,215,6.631,46.697
2026-06-22 22:01:30,45,52,0,455,6.372,49.768
2026-06-22 22:06:41,44,53,0,401,6.153,50.111
2026-06-22 22:11:29,45,53,0,282,6.099,48.826
2026-06-22 22:16:29,37,41,0,264,5.934,48.961
2026-06-22 22:21:30,27,30,0,252,6.065,47.683
2026-06-22 22:26:29,29,29,0,245,6.075,46.844
2026-06-22 22:31:30,31,31,0,257,6.019,46.363
2026-06-22 22:36:29,34,36,0,251,6.155,45.575
2026-06-22 22:41:30,39,44,0,251,6.131,45.009
2026-06-22 22:46:30,38,42,0,250,6.166,44.662
2026-06-22 22:51:30,35,36,0,247,6.155,44.292
2026-06-22 22:56:30,35,36,0,270,5.974,45.69
2026-06-22 23:01:29,32,34,0,261,5.747,47.159
2026-06-22 23:06:31,34,41,0,406,5.795,47.138
2026-06-22 23:11:31,42,45,0,300,5.68,48.877
2026-06-22 23:16:31,41,50,0,310,5.555,50.392
2026-06-22 23:21:31,43,51,0,370,5.421,52.158
2026-06-22 23:26:31,42,50,0,328,5.192,52.412
2026-06-22 23:31:31,28,31,0,257,5.6,48.063
2026-06-22 23:36:31,31,32,0,260,5.402,49.991
2026-06-22 23:41:31,39,44,0,258,5.587,48.372
2026-06-22 23:46:31,40,50,0,267,5.595,48.108
2026-06-22 23:51:31,39,45,0,249,5.603,47.935
2026-06-22 23:56:31,39,41,0,354,5.515,48.738
2026-06-23 00:01:31,51,63,0,295,5.354,49.297
2026-06-23 00:06:52,54,68,0,255,5.504,48.313
2026-06-23 00:11:31,43,54,0,237,6.182,45.213
2026-06-23 00:16:31,52,65,99,324,6.172,45.902
2026-06-23 00:21:31,61,78,99,353,5.819,48.141
2026-06-23 00:26:31,56,72,0,363,5.517,49.568
2026-06-23 00:31:31,47,58,0,343,5.402,49.562
2026-06-23 00:36:31,47,55,0,313,5.272,49.31
2026-06-23 00:41:31,42,49,0,263,5.133,50.563
2026-06-23 00:46:31,48,57,0,420,5.085,50.93
2026-06-23 00:51:31,39,45,0,287,5.037,50.159
2026-06-23 00:56:31,42,48,0,221,5.443,46.869
2026-06-23 01:01:31,49,60,99,249,5.907,46.209
2026-06-23 01:06:31,41,47,0,233,5.75,48.074
2026-06-23 01:11:31,55,68,0,241,5.629,48.232
2026-06-23 01:16:31,44,56,0,246,5.384,48.505
2026-06-23 01:21:31,43,49,0,236,5.426,48.736
2026-06-23 01:26:31,123,128,0,433,5.477,49.825
2026-06-23 01:31:31,42,46,0,238,5.205,48.955
2026-06-23 01:36:31,41,50,0,234,5.394,48.788
2026-06-23 01:41:31,33,35,0,199,5.824,44.067
2026-06-23 01:46:31,31,31,0,179,6.142,42.741
2026-06-23 01:51:31,31,32,0,196,6.049,43.413
2026-06-23 01:56:31,33,33,0,211,5.83,44.547
2026-06-23 02:01:31,39,43,0,231,5.696,46.15
2026-06-23 02:06:32,36,39,0,327,5.731,44.753
2026-06-23 02:11:33,33,33,0,209,5.902,44.036
2026-06-23 02:16:33,35,39,0,225,5.824,45.156
2026-06-23 02:21:32,36,44,0,216,5.771,46.285
2026-06-23 02:26:32,54,64,0,247,5.819,47.599
2026-06-23 02:31:33,43,54,0,247,5.667,48.66
2026-06-23 02:36:32,35,41,0,210,5.467,47.592
2026-06-23 02:41:33,39,45,0,245,5.405,49.951
2026-06-23 02:46:32,52,64,0,249,5.475,49.795
2026-06-23 02:51:32,51,64,0,274,5.309,49.745
2026-06-23 02:56:33,50,61,0,458,5.058,50.661
2026-06-23 03:01:33,38,43,0,260,4.7,51.403
2026-06-23 03:06:32,40,48,0,247,4.508,53.346
2026-06-23 03:11:32,36,41,0,239,4.361,53.113
2026-06-23 03:26:34,40,45,0,250,3.424,54.498
2026-06-23 03:31:33,41,45,0,263,3.389,55.654
2026-06-23 03:36:32,39,43,0,237,3.223,56.753
2026-06-23 03:41:32,43,53,0,229,3.037,57.142
2026-06-23 03:46:34,37,46,0,239,2.836,57.495
2026-06-23 03:51:33,32,33,0,226,3.133,54.279
2026-06-23 03:56:32,40,49,0,228,3.32,53.609
2026-06-23 04:01:32,56,70,0,246,3.531,53.657
2026-06-23 04:06:32,42,46,0,218,3.079,55.692
2026-06-23 04:11:39,37,43,0,220,2.996,55.971
2026-06-23 04:16:32,35,39,0,216,3.005,55.944
2026-06-23 04:21:40,37,42,0,228,2.906,56.77
2026-06-23 04:26:32,30,33,0,200,3.573,51.919
2026-06-23 04:31:32,28,30,0,202,3.854,50.332
2026-06-23 04:36:35,43,48,0,209,4.225,49.991
2026-06-23 04:41:33,49,61,100,241,4.228,51.591
2026-06-23 04:46:32,34,38,0,234,3.955,51.9
2026-06-23 04:56:36,37,40,0,214,3.397,56.028
2026-06-23 05:01:32,41,45,0,213,3.248,56.53
2026-06-23 05:06:37,35,38,0,330,2.996,57.226
2026-06-23 05:11:34,36,38,0,230,2.863,58.109
2026-06-23 05:16:34,32,34,0,212,2.452,59.246
2026-06-23 05:21:34,32,35,0,210,2.422,60.024
2026-06-23 05:26:34,38,41,0,232,2.382,60.018
2026-06-23 05:31:37,37,41,0,211,2.201,60.762
2026-06-23 05:36:34,34,38,0,217,2.107,60.199
2026-06-23 05:41:35,33,39,0,204,2.169,59.703
2026-06-23 05:46:34,33,34,0,206,2.265,58.248
2026-06-23 05:51:34,30,33,0,220,2.089,59.949
2026-06-23 05:56:43,28,30,0,258,2.059,60.403
2026-06-23 06:01:34,30,30,0,206,1.96,59.913
2026-06-23 06:06:34,34,39,0,218,1.629,60.63
2026-06-23 06:11:34,36,40,0,217,1.667,60.852
2026-06-23 06:16:35,28,34,0,208,1.603,61.35
2026-06-23 06:21:34,36,39,0,214,1.525,62.048
2026-06-23 06:26:37,33,37,0,271,1.293,62.666
2026-06-23 06:31:34,28,29,0,219,2.364,55.25
2026-06-23 06:36:39,25,28,0,210,2.577,53.833
2026-06-23 06:41:34,59,71,202,231,2.89,56.106
2026-06-23 06:46:34,49,58,0,228,2.663,58.786
2026-06-23 06:51:34,38,43,0,228,2.572,59.593
2026-06-23 06:56:34,35,39,0,223,2.412,59.879
2026-06-23 07:01:34,38,39,0,225,2.195,61.153
2026-06-23 07:06:34,33,34,0,204,1.984,62.423
2026-06-23 07:11:34,42,45,0,211,2.163,60.163
2026-06-23 07:16:34,34,37,0,200,2.035,59.164
2026-06-23 07:21:35,34,34,0,200,1.971,58.643
2026-06-23 07:26:35,45,52,0,207,1.96,58.94
2026-06-23 07:31:35,90,99,404,221,2.166,58.212
2026-06-23 07:36:34,54,64,0,237,2.131,58.614
2026-06-23 07:41:37,51,61,0,223,1.968,59.423
2026-06-23 07:46:41,51,60,0,223,2.051,59.057
2026-06-23 07:51:35,32,32,0,208,1.715,59.326
2026-06-23 07:56:41,31,31,0,199,1.565,60.341
2026-06-23 08:01:43,29,30,0,202,1.498,60.26
2026-06-23 08:06:35,108,111,0,620,1.437,60.833
2026-06-23 08:11:35,44,48,0,227,1.213,61.491
2026-06-23 08:16:35,41,45,0,207,1.771,58.92
2026-06-23 08:21:36,32,34,0,273,1.811,58.942
2026-06-23 08:26:35,36,37,0,258,2.179,56.388
2026-06-23 08:31:35,41,42,0,215,3.218,50.54
2026-06-23 08:36:38,37,39,0,203,3.424,53.884
2026-06-23 08:41:35,25,28,0,196,3.4,53.897
2026-06-23 08:46:36,31,32,0,207,3.333,53.474
2026-06-23 08:51:35,27,29,0,200,3.432,53.136
2026-06-23 08:56:35,34,36,0,203,3.573,53.117
2026-06-23 09:01:36,49,60,0,272,3.701,53.546
2026-06-23 09:06:38,37,41,0,207,4.121,52.246
2026-06-23 09:11:35,37,46,0,195,4.479,50.645
2026-06-23 09:16:35,37,43,0,194,4.82,49.781
2026-06-23 09:21:35,29,30,0,162,4.892,49.913
2026-06-23 09:26:36,33,33,0,185,4.943,49.928
2026-06-23 09:31:35,32,34,0,166,5.328,49.404
2026-06-23 09:36:35,38,44,0,176,5.779,47.74
2026-06-23 09:41:37,36,40,0,191,6.097,47.26
2026-06-23 09:46:36,38,43,0,154,6.431,45.673
2026-06-23 09:51:36,38,43,0,191,6.925,45.333
2026-06-23 09:56:35,34,34,0,200,7.178,45.266
2026-06-23 10:01:36,33,35,0,197,7.461,44.376
2026-06-23 10:06:45,33,34,0,158,7.99,42.548
2026-06-23 10:11:35,32,34,0,163,8.925,41.23
2026-06-23 10:16:36,39,45,0,160,9.574,39.6
2026-06-23 10:21:35,38,46,0,156,10.137,37.864
2026-06-23 10:26:35,35,38,0,149,10.815,36.641
2026-06-23 10:31:35,29,31,0,133,11.371,36.144
2026-06-23 10:36:36,34,36,0,122,11.341,36.966
2026-06-23 10:41:36,33,39,0,121,12.201,36.14
2026-06-23 10:46:36,34,39,0,146,11.157,38.106
2026-06-23 10:51:35,32,36,0,112,12.441,34.587
2026-06-23 10:56:36,30,35,0,104,13.165,33.212
2026-06-23 11:01:36,25,26,0,90,13.931,32.594
2026-06-23 11:06:37,25,27,0,105,13.459,32.19
2026-06-23 11:11:36,27,28,0,90,12.345,33.654
2026-06-23 11:16:37,26,28,0,84,13.721,32.638
2026-06-23 11:21:36,24,25,0,63,13.686,32.13
2026-06-23 11:26:37,27,29,0,86,14.474,30.17
2026-06-23 11:31:36,25,26,0,96,15.451,29.313
2026-06-23 11:36:37,30,31,0,95,15.616,28.604
2026-06-23 11:41:37,27,27,0,95,16.503,28.836
2026-06-23 11:46:37,29,32,0,91,17.064,27.722
2026-06-23 11:51:36,25,26,0,170,18.217,26.149
2026-06-23 11:56:37,24,27,0,73,18.209,26.265
2026-06-23 12:01:37,23,25,0,68,18.42,26.017
2026-06-23 12:06:36,20,22,0,57,18.896,25.405
2026-06-23 12:11:37,20,22,0,38,19.387,25.062
2026-06-23 12:16:37,17,18,0,32,18.984,24.323
2026-06-23 12:21:37,19,19,0,35,19.662,23.702
2026-06-23 12:26:37,16,17,0,44,20.407,21.544
2026-06-23 12:31:37,14,16,0,28,20.81,21.909
2026-06-23 12:36:37,15,18,0,18,20.882,21.075
2026-06-23 12:41:37,17,18,0,3,19.715,22.077
2026-06-23 12:46:44,10,11,0,1,20.981,21.724
2026-06-23 12:51:37,9,12,0,0,21.625,19.82
2026-06-23 12:56:47,7,8,0,0,21.497,19.452
2026-06-23 13:01:37,6,6,0,0,21.956,17.669
2026-06-23 13:06:37,6,8,0,0,20.768,18.87
2026-06-23 13:11:37,9,9,0,1,21.395,18.283
2026-06-23 13:16:37,9,9,0,41,22.057,18.498
2026-06-23 13:21:37,8,8,0,0,22.639,17.371
2026-06-23 13:26:37,6,6,0,0,22.901,17.299
2026-06-23 13:31:37,4,4,0,0,22.591,17.095
2026-06-23 13:36:37,5,5,0,0,23.184,16.509
2026-06-23 13:41:37,4,4,0,0,23.379,16.818
2026-06-23 13:46:37,5,5,0,0,21.598,16.906
2026-06-23 13:51:37,3,3,0,0,23.371,15.885
2026-06-23 13:56:37,2,3,0,0,23.056,16.299
2026-06-23 14:01:37,4,4,0,0,23.288,16.549
2026-06-23 14:06:38,4,4,0,0,22.858,17.032
2026-06-23 14:11:38,3,3,0,0,22.546,17.02
2026-06-23 14:16:38,4,4,0,0,22.792,18.126
2026-06-23 14:21:38,3,3,0,0,22.583,16.74
2026-06-23 14:26:38,4,4,0,0,23.595,16.629
2026-06-23 14:31:47,3,3,0,0,22.712,16.467
2026-06-23 14:36:38,4,4,0,0,23.451,16.41
2026-06-23 14:41:38,4,4,0,0,21.865,18.55
2026-06-23 14:46:38,6,7,0,0,21.595,19.732
2026-06-23 14:51:38,5,5,0,42,21.748,19.422
2026-06-23 14:56:38,6,6,0,0,22.527,18.138
2026-06-23 15:01:38,6,7,0,0,22.709,18.006
2026-06-23 15:06:38,4,4,0,0,22.338,17.705
2026-06-23 15:11:46,5,5,0,0,21.932,18.378
2026-06-23 15:16:38,3,3,0,0,22.354,17.692
2026-06-23 15:21:38,5,5,0,0,20.81,18.662
2026-06-23 15:26:38,5,5,0,0,21.31,18.832
2026-06-23 15:31:38,4,4,0,0,20.57,20.408
2026-06-23 15:36:38,5,5,0,6,20.733,19.912
2026-06-23 15:41:39,5,5,0,17,20.946,19.719
2026-06-23 15:46:38,5,5,0,2,21.331,20.183
2026-06-23 15:51:38,15,16,0,32,22.292,18.561
2026-06-23 15:56:38,6,6,0,0,22.298,18.546
2026-06-23 16:02:59,3,4,0,1,22.207,18.172
2026-06-23 16:06:46,4,4,0,9,22.57,18.073
2026-06-23 16:11:38,3,3,0,8,22.768,18.46
2026-06-23 16:16:38,4,4,0,0,22.453,18.908
2026-06-23 16:21:38,4,4,0,0,21.969,19.38
2026-06-23 16:26:38,2,4,0,45,21.189,19.189
2026-06-23 16:31:38,3,3,0,7,22.036,18.933
2026-06-23 16:36:38,4,5,0,20,21.483,20.488
2026-06-23 16:41:49,4,4,0,68,21.774,20.747
2026-06-23 16:46:38,78,79,0,159,21.852,21.97
2026-06-23 16:51:38,49,59,0,203,21.622,22.716
2026-06-23 16:56:39,12,13,0,102,21.315,22.716
2026-06-23 17:01:38,40,48,0,243,20.885,24.293
2026-06-23 17:06:40,5,6,0,72,19.782,24.322
2026-06-23 17:11:39,121,129,0,262,19.224,23.824
2026-06-23 17:16:40,151,160,0,402,18.524,26.923
2026-06-23 17:21:40,19,19,0,119,17.801,28.998
2026-06-23 17:26:40,35,40,0,164,17.12,29.824
2026-06-23 17:31:40,25,26,0,180,16.621,29.237
2026-06-23 17:36:40,46,57,0,341,16.217,30.599
2026-06-23 17:41:40,7,8,0,191,15.753,28.453
2026-06-23 17:46:40,101,103,0,1069,15.16,33.797
2026-06-23 17:51:40,67,76,0,454,14.313,34.696
2026-06-23 17:56:40,37,45,0,329,14.129,33.679
2026-06-23 18:01:40,21,21,0,260,14.153,31.413
2026-06-23 18:06:49,42,50,0,389,13.63,33.855
2026-06-23 18:11:40,40,50,0,489,13.301,36.073
2026-06-23 18:17:01,52,66,0,449,12.786,36.256
2026-06-23 18:21:40,32,35,0,347,12.514,35.035
2026-06-23 18:26:40,33,39,0,330,12.169,36.466
2026-06-23 18:31:40,23,24,0,322,12.065,35.493
2026-06-23 18:36:40,22,22,0,279,11.851,36.018
2026-06-23 18:41:40,19,22,0,295,11.472,37.29
2026-06-23 18:46:40,20,23,0,275,11.304,37.677
2026-06-23 18:51:40,12,15,0,280,11.08,38.116
2026-06-23 18:56:40,20,20,0,343,10.682,41.061
2026-06-23 19:01:40,30,32,0,503,10.492,40.563
2026-06-23 19:06:40,27,29,0,492,10.254,40.605
2026-06-23 19:11:40,35,42,0,512,10.027,42.11
2026-06-23 19:16:40,12,12,0,281,9.782,44.231
2026-06-23 19:21:40,17,18,0,322,9.664,43.662
2026-06-23 19:26:40,44,53,0,385,9.485,42.405
2026-06-23 19:31:40,29,36,0,342,9.355,42.157
2026-06-23 19:36:40,20,21,0,260,9.069,43.178
2026-06-23 19:41:40,22,25,0,285,9.085,43.464
2026-06-23 19:46:40,29,29,0,285,8.764,44.036
2026-06-23 19:51:40,20,21,0,263,8.647,42.436
2026-06-23 19:56:40,19,22,0,260,8.465,43.632
2026-06-23 20:01:40,22,25,0,258,8.214,44.608
2026-06-23 20:06:41,13,15,0,427,8.172,43.849
2026-06-23 20:11:41,10,12,0,336,8.006,44.723
2026-06-23 20:16:41,12,15,0,285,7.945,46.6
2026-06-23 20:21:41,15,18,0,297,7.83,45.472
2026-06-23 20:26:41,7,10,0,276,7.832,45.503
2026-06-23 20:31:41,15,16,0,289,7.678,46.411
2026-06-23 20:36:41,12,15,0,293,7.528,47.14
2026-06-23 20:41:41,13,17,0,269,7.392,48.324
2026-06-23 20:46:41,13,19,0,285,7.213,48.877
2026-06-23 20:51:41,20,22,0,281,7.253,49.308
2026-06-23 20:56:41,15,17,0,244,7.103,48.665
2026-06-23 21:01:41,22,26,0,307,7.013,49.848
2026-06-23 21:06:41,21,25,0,268,6.868,50.422
2026-06-23 21:11:41,19,20,0,264,6.724,49.152
2026-06-23 21:16:41,17,23,0,266,6.532,49.686
2026-06-23 21:21:41,59,76,0,471,6.444,50.186
2026-06-23 21:26:42,55,71,0,415,6.308,50.844
2026-06-23 21:31:41,64,81,0,501,6.131,52.312
2026-06-23 21:36:42,56,72,0,447,6.051,52.661
2026-06-23 21:41:41,53,66,0,413,5.899,53.009
2026-06-23 21:46:41,59,75,0,436,5.798,53.703
2026-06-23 21:51:42,49,60,0,387,5.79,54.763
2026-06-23 21:56:41,71,86,0,440,5.499,55.223
2026-06-23 22:01:41,55,71,0,398,5.416,54.29
2026-06-23 22:06:41,51,59,0,343,5.253,53.298
2026-06-23 22:11:41,115,126,0,757,5.141,51.662
2026-06-23 22:16:41,60,75,0,385,5.007,52.942
2026-06-23 22:21:41,38,44,0,285,5.005,53.754
2026-06-23 22:26:42,32,39,0,286,5.013,54.237
2026-06-23 22:31:42,34,37,0,269,5.01,54.779
2026-06-23 22:36:41,35,36,0,282,4.989,54.796
2026-06-23 22:41:42,38,43,0,269,5.352,50.222
2026-06-23 22:46:42,42,50,0,289,5.416,49.768
2026-06-23 22:51:41,48,59,0,374,5.208,53.079
2026-06-23 22:56:42,61,75,0,418,5.031,53.304
2026-06-23 23:01:42,50,60,0,347,4.858,52.864
2026-06-23 23:06:43,41,47,0,463,4.818,52.755
2026-06-23 23:11:42,36,41,0,277,4.804,53.686
2026-06-23 23:16:43,42,46,0,374,4.639,56.324
2026-06-23 23:21:42,39,47,0,337,4.564,56.083
2026-06-23 23:26:43,41,47,0,316,4.358,56.379
2026-06-23 23:31:42,39,41,0,427,4.11,56.911
2026-06-23 23:36:43,41,49,0,487,4.022,57.653
2026-06-23 23:41:42,39,44,0,360,3.926,57.708
2026-06-23 23:46:43,43,51,0,469,3.792,58.502
2026-06-23 23:51:43,42,47,0,460,3.744,58.118
2026-06-23 23:56:43,41,46,0,417,3.685,58.391
2026-06-24 00:01:43,45,52,0,398,3.637,58.141
2026-06-24 00:06:43,52,62,0,391,3.736,54.939
2026-06-24 00:11:43,44,55,0,328,3.712,56.646
2026-06-24 00:16:43,46,56,0,357,3.728,55.566
2026-06-24 00:21:43,52,63,0,380,3.68,55.425
2026-06-24 00:26:43,49,59,0,352,3.731,55.791
2026-06-24 00:31:43,83,95,0,533,3.624,55.807
2026-06-24 00:36:43,89,99,0,577,3.536,56.556
2026-06-24 00:41:43,54,67,0,386,3.389,56.713
2026-06-24 00:46:43,50,60,0,338,3.312,56.955
2026-06-24 00:51:43,50,62,0,290,3.282,57.483
2026-06-24 00:56:43,48,57,0,313,3.245,57.523
2026-06-24 01:01:43,52,65,0,340,3.015,58.378
2026-06-24 01:06:43,44,52,0,295,2.959,58.656
2026-06-24 01:11:51,45,54,0,302,3.213,55.627
2026-06-24 01:16:43,42,50,0,265,3.611,53.565
2026-06-24 01:21:43,37,42,0,235,3.36,56.192
2026-06-24 01:26:43,41,47,0,265,3.314,56.871
2026-06-24 01:31:43,40,49,0,278,3.301,56.921
2026-06-24 01:36:43,48,60,0,327,3.408,56.373
2026-06-24 01:41:43,43,50,0,292,3.573,55.364
2026-06-24 01:46:43,56,68,100,288,3.667,54.374
2026-06-24 01:51:43,47,57,0,435,3.619,55.036
2026-06-24 01:56:43,44,51,0,264,3.381,55.965
2026-06-24 02:01:43,44,53,0,267,3.239,57.003
2026-06-24 02:06:44,43,50,0,518,3.205,56.819
2026-06-24 02:11:44,43,51,0,296,3.007,57.664
2026-06-24 02:16:44,41,48,0,270,2.964,57.954
2026-06-24 02:21:50,39,46,0,263,2.975,58.145
2026-06-24 02:26:44,41,50,0,255,2.94,58.45
2026-06-24 02:31:44,41,45,0,252,2.938,58.891
2026-06-24 02:36:44,40,43,0,276,2.844,59.135
2026-06-24 02:41:44,41,49,0,297,3.029,58.708
2026-06-24 02:46:44,47,57,0,531,3.183,59.272
2026-06-24 02:51:44,40,45,0,348,3.178,57.064
2026-06-24 02:56:51,42,47,0,273,3.141,57.897
2026-06-24 03:01:44,41,45,0,277,3.341,56.736
2026-06-24 03:06:44,41,46,0,242,3.424,57.661
2026-06-24 03:11:44,40,46,0,259,3.474,57.905
2026-06-24 03:16:44,41,43,0,269,3.6,56.278
2026-06-24 03:21:44,38,41,0,269,3.819,55.227
2026-06-24 03:26:44,37,41,0,249,3.723,55.03
2026-06-24 03:31:44,41,47,0,250,3.611,56.919
2026-06-24 03:36:44,39,44,0,271,3.611,56.793
2026-06-24 03:41:44,39,46,0,245,3.685,56.951
2026-06-24 03:46:44,40,45,0,300,4.041,53.131
2026-06-24 03:51:45,43,48,0,270,3.664,56.268
2026-06-24 03:56:44,41,48,0,268,3.963,53.398
2026-06-24 04:01:44,49,61,101,299,4.871,49.598
2026-06-24 04:06:44,39,41,0,256,4.842,50.441
2026-06-24 04:11:44,37,37,0,236,4.943,49.474
2026-06-24 04:16:45,36,38,0,230,5.149,48.927
2026-06-24 04:21:51,39,42,0,214,5.499,46.663
2026-06-24 04:26:44,42,47,0,236,6.313,42.093
2026-06-24 04:31:44,40,46,0,218,6.404,45.864
2026-06-24 04:36:44,33,40,0,214,5.87,48.841
2026-06-24 04:41:45,32,35,0,217,5.792,49.222
2026-06-24 04:46:45,37,40,0,190,5.301,53.533
2026-06-24 04:51:45,33,35,0,187,5.17,50.87
2026-06-24 04:56:45,30,31,0,193,5.242,49.838
2026-06-24 05:01:44,30,32,0,198,5.181,49.434
2026-06-24 05:06:46,28,29,0,298,5.122,48.244
2026-06-24 05:11:46,30,32,0,217,4.978,48.141
2026-06-24 05:16:45,30,32,0,224,5.389,47.532
2026-06-24 05:21:46,29,32,0,223,5.485,48.801
2026-06-24 05:26:45,35,37,0,211,5.429,49.566
2026-06-24 05:31:46,35,41,0,181,5.467,49.951
2026-06-24 05:36:46,39,45,0,190,5.453,51
2026-06-24 05:41:46,38,44,0,177,5.435,51.208
2026-06-24 05:46:46,38,44,0,194,5.597,50.298
2026-06-24 05:51:46,38,44,0,201,5.568,48.957
2026-06-24 05:56:45,39,45,0,209,5.392,50.935
2026-06-24 06:01:46,39,44,0,208,5.402,52.434
2026-06-24 06:06:46,39,43,0,192,5.475,52.045
2026-06-24 06:11:46,31,33,0,190,5.52,48.879
2026-06-24 06:16:46,33,34,0,171,5.645,49.632
2026-06-24 06:21:45,32,35,0,191,5.592,51.49
2026-06-24 06:26:46,32,33,0,167,5.218,53.245
2026-06-24 06:31:45,29,32,0,193,5.443,52.551
2026-06-24 06:36:46,27,27,0,184,5.501,53.707
2026-06-24 06:41:46,31,33,0,187,5.037,55.339
2026-06-24 06:46:46,31,34,0,213,5.264,53.977
2026-06-24 06:51:46,33,37,0,220,5.181,53.06
2026-06-24 06:56:46,33,37,0,231,5.111,53.504
2026-06-24 07:01:46,29,30,0,233,5.362,52.64
2026-06-24 07:06:56,27,31,0,236,5.483,53.293
2026-06-24 07:11:46,31,32,0,222,5.467,53.264
2026-06-24 07:16:46,29,31,0,229,5.426,53.525
2026-06-24 07:21:46,29,34,0,223,5.298,53.565
2026-06-24 07:26:56,29,29,0,257,5.453,53.947
2026-06-24 07:31:46,26,27,0,202,5.298,52.995
2026-06-24 07:36:46,26,28,0,261,5.499,52.658
2026-06-24 07:41:46,22,27,0,177,5.603,54.031
2026-06-24 07:46:46,23,28,0,165,5.629,54.115
2026-06-24 07:51:46,22,22,0,172,5.843,49.772
2026-06-24 07:56:46,19,23,0,172,6.054,51.601
2026-06-24 08:01:46,21,25,0,155,6.091,50.964
2026-06-24 08:06:47,23,26,0,267,5.961,49.251
2026-06-24 08:11:47,23,25,0,219,6.121,50.003
2026-06-24 08:16:47,28,29,0,287,5.848,51.168
2026-06-24 08:21:47,26,30,0,256,6.358,47.538
2026-06-24 08:26:47,23,26,0,249,6.593,46.035
2026-06-24 08:31:47,26,28,0,221,6.933,46.098
2026-06-24 08:36:47,25,28,0,215,7.069,46.295
2026-06-24 08:41:47,23,23,0,211,7.739,40.824
2026-06-24 08:46:47,12,13,0,226,7.971,39.541
2026-06-24 08:51:47,12,14,0,217,8.067,40.818
2026-06-24 08:56:47,25,26,0,189,8.083,44.902
2026-06-24 09:01:47,22,25,0,181,8.001,47.05
2026-06-24 09:06:47,34,38,0,216,7.565,49.358
2026-06-24 09:11:47,24,28,0,179,7.435,48.282
2026-06-24 09:16:47,28,30,0,173,7.643,47.656
2026-06-24 09:21:47,32,37,0,171,7.595,46.758
2026-06-24 09:26:47,30,34,0,162,7.483,46.995
2026-06-24 09:31:47,33,34,0,178,8.102,43.529
2026-06-24 09:36:47,33,39,0,173,8.909,41.98
2026-06-24 09:41:47,30,31,0,204,9.499,40.252
2026-06-24 09:46:47,28,29,0,188,9.48,40.241
2026-06-24 09:51:48,28,30,0,183,9.464,40.496
2026-06-24 09:56:47,27,27,0,200,9.998,38.486
2026-06-24 10:01:47,27,28,0,200,10.813,36.475
2026-06-24 10:06:47,28,31,0,206,11.234,37.25
2026-06-24 10:11:47,41,49,0,281,11.654,38.696
2026-06-24 10:16:47,37,41,0,244,12.265,37.702
2026-06-24 10:21:47,35,38,0,200,12.711,35.804
2026-06-24 10:26:47,28,31,0,201,12.815,36.599
2026-06-24 10:31:48,28,30,0,178,12.789,37.542
2026-06-24 10:36:48,30,33,0,187,12.911,35.348
2026-06-24 10:41:48,30,33,0,197,13.972,32.725
2026-06-24 10:46:48,30,34,0,163,14.775,30.065
2026-06-24 10:51:48,27,29,0,139,15.408,29.639
2026-06-24 10:56:48,29,33,0,139,15.611,28.619
2026-06-24 11:01:48,23,25,0,138,15.504,28.8
2026-06-24 11:06:49,25,25,0,181,15.691,27.619
2026-06-24 11:11:48,28,29,0,156,16.233,27.036
2026-06-24 11:16:49,24,27,0,173,15.552,27.98
2026-06-24 11:21:49,24,25,0,120,16.773,25.5
2026-06-24 11:26:48,25,25,0,147,17.325,25.31
2026-06-24 11:31:49,18,19,0,133,16.621,24.295
2026-06-24 11:36:49,12,17,0,106,17.261,22.25
2026-06-24 11:41:48,16,17,0,111,17.251,22.63
2026-06-24 11:46:49,13,14,0,90,17.964,21.869
2026-06-24 11:51:48,14,14,0,92,18.103,21.993
2026-06-24 11:56:59,10,11,0,1896,18.743,20.64
2026-06-24 12:01:48,7,7,0,66,19.683,19.017
2026-06-24 12:06:49,6,6,0,46,19.697,20.057
2026-06-24 12:11:49,2,2,0,39,20.143,18.641
2026-06-24 12:16:49,3,3,0,25,19.422,18.775
2026-06-24 12:21:49,5,5,0,28,20.655,18.464
2026-06-24 12:26:49,4,4,0,41,20.968,18.676
2026-06-24 12:31:49,3,3,0,25,21.505,19.511
2026-06-24 12:36:49,3,3,0,21,21.646,18.577
2026-06-24 12:41:49,2,2,0,14,21.651,17.524
2026-06-24 12:46:49,2,2,0,12,20.642,17.255
2026-06-24 12:51:49,2,2,0,19,20.546,16.293
2026-06-24 12:56:49,2,2,0,29,20.626,16.272
2026-06-24 13:01:49,5,6,0,15,21.048,16.963
2026-06-24 13:06:49,4,4,0,30,21.478,17.037
2026-06-24 13:11:49,3,4,0,27,21.288,17.877
2026-06-24 13:16:49,6,7,0,44,21.657,17.724
2026-06-24 13:21:49,5,5,0,15,21.894,17.1
2026-06-24 13:26:49,11,12,0,37,22.063,18.226
2026-06-24 13:31:49,4,4,0,10,22.287,16.948
2026-06-24 13:36:49,8,9,0,38,22.939,17.939
2026-06-24 13:41:49,7,8,0,29,23.587,17.802
2026-06-24 13:46:49,4,5,0,0,23.416,16.637
2026-06-24 13:51:49,4,4,0,8,22.442,18.546
2026-06-24 13:56:49,8,10,0,27,22.685,18.47
2026-06-24 14:01:49,11,12,0,50,23.003,18.065
2026-06-24 14:06:50,8,10,0,52,22.906,17.175
2026-06-24 14:11:50,15,15,0,91,22.501,16.692
2026-06-24 14:16:50,12,17,0,95,21.331,19.259
2026-06-24 14:21:50,19,20,0,118,21.558,19.202
2026-06-24 14:26:51,11,11,0,82,22.354,17.547
2026-06-24 14:31:50,11,13,0,165,22.634,17.449
2026-06-24 14:36:50,22,23,0,105,22.426,16.95
2026-06-24 14:41:50,8,12,0,87,22.479,19.019
2026-06-24 14:46:50,11,11,0,61,22.797,17.924
2026-06-24 14:51:50,7,8,0,62,22.752,17.936
2026-06-24 14:56:50,45,56,0,177,22.431,18.557
2026-06-24 15:01:50,29,30,0,117,22.298,19.866
2026-06-24 15:06:57,9,9,0,111,22.161,21.794
2026-06-24 15:11:51,10,12,0,89,21.494,22.29
2026-06-24 15:16:53,11,11,0,113,21.139,21.918
2026-06-24 15:22:00,6,6,0,131,20.426,17.844
2026-06-24 15:26:58,7,7,0,97,20.757,19.82
2026-06-24 15:31:50,6,6,0,58,20.351,19.025
2026-06-24 15:36:58,23,26,0,86,20.236,22.239
2026-06-24 15:41:55,16,16,0,100,20.1,22.399
2026-06-24 15:46:51,19,23,0,135,19.99,23.484
2026-06-24 15:51:50,19,25,0,135,19.52,26.134
2026-06-24 15:56:54,15,15,0,151,19.515,26.507
2026-06-24 16:02:57,17,18,0,150,19.376,26.13
2026-06-24 16:06:50,15,19,0,151,18.917,25.609
2026-06-24 16:11:50,12,13,0,133,19.253,23.978
2026-06-24 16:16:54,9,11,0,106,18.96,22.622
2026-06-24 16:21:50,12,13,0,100,18.805,22.521
2026-06-24 16:26:50,8,8,0,127,18.319,23.81
2026-06-24 16:31:50,10,10,0,120,18.271,24.098
2026-06-24 16:36:50,11,11,0,135,18.399,23.463
2026-06-24 16:41:50,7,8,0,126,18.783,22.834
2026-06-24 16:46:50,8,11,0,119,18.944,22.38
2026-06-24 16:51:51,9,11,0,113,18.703,24.121
2026-06-24 16:56:50,11,12,0,101,19.144,22.738
2026-06-24 17:01:50,11,11,0,126,19.189,19.637
2026-06-24 17:06:52,8,10,0,136,19.125,19.219
2026-06-24 17:11:51,7,7,0,116,18.941,19.408
2026-06-24 17:16:52,8,8,0,103,18.866,18.887
2026-06-24 17:21:52,4,5,0,104,18.946,19.633
2026-06-24 17:26:52,5,6,0,128,18.981,20.194
2026-06-24 17:31:52,33,37,0,170,18.514,25.834
2026-06-24 17:36:52,24,25,0,145,17.924,29.161
2026-06-24 17:41:51,16,16,0,114,17.657,29.689
2026-06-24 17:46:52,33,36,0,177,17.39,30.282
2026-06-24 17:51:52,36,42,0,213,17.32,29.74
2026-06-24 17:56:52,30,35,0,180,17.133,29.954
2026-06-24 18:01:52,23,23,0,172,16.984,29.895
2026-06-24 18:06:52,33,39,0,210,16.575,31.179
2026-06-24 18:11:52,20,20,0,224,16.546,29.714
2026-06-24 18:16:52,18,21,0,214,16.124,32.695
2026-06-24 18:21:52,14,17,0,229,15.67,32.939
2026-06-24 18:27:01,11,16,0,233,15.411,32.052
2026-06-24 18:31:52,14,16,0,247,15.122,34.314
2026-06-24 18:36:52,19,25,0,299,14.396,35.48
2026-06-24 18:41:52,33,40,0,309,14.193,35.077
2026-06-24 18:46:52,22,22,0,275,14.057,34.568
2026-06-24 18:51:52,22,24,0,294,13.488,36.716
2026-06-24 18:56:52,15,18,0,391,13.283,35.442
2026-06-24 19:01:52,11,12,0,244,13.202,36.168
2026-06-24 19:06:52,8,9,0,234,12.909,33.17
2026-06-24 19:11:52,47,61,0,507,12.348,36.819
2026-06-24 19:16:52,23,25,0,317,12.295,37.053
2026-06-24 19:21:52,16,19,0,382,11.931,38.543
2026-06-24 19:26:52,18,20,0,377,11.769,39.447
2026-06-24 19:31:52,22,23,0,349,11.574,40.197
2026-06-24 19:36:52,17,20,0,315,11.36,39.575
2026-06-24 19:41:52,14,17,0,294,11.104,40.408
2026-06-24 19:46:52,18,20,0,341,10.903,40.622
2026-06-24 19:51:52,187,212,0,860,10.572,46.371
2026-06-24 19:56:52,33,36,0,368,10.222,50.353
2026-06-24 20:01:52,35,38,0,223,9.979,50.895
2026-06-24 20:06:53,34,38,0,417,9.742,51.925
2026-06-24 20:11:53,32,33,0,328,9.528,50.085
2026-06-24 20:16:53,27,27,0,352,9.667,47.223
2026-06-24 20:21:53,26,27,0,460,9.392,47.151
2026-06-24 20:26:53,25,26,0,261,9.253,50.601
2026-06-24 20:31:53,24,27,0,593,9.058,48.826
2026-06-24 20:36:53,28,31,0,376,8.842,49.947
2026-06-24 20:41:53,20,21,0,324,8.85,49.97
2026-06-24 20:46:53,27,30,0,295,8.756,49.535
2026-06-24 20:51:53,25,27,0,220,8.82,52.206
2026-06-24 20:56:53,25,27,0,213,8.746,52.192
2026-06-24 21:01:53,25,25,0,318,8.695,50.025
2026-06-24 21:06:53,21,22,0,258,8.906,48.099
2026-06-24 21:11:53,24,27,0,262,8.834,50.456
2026-06-24 21:16:53,25,27,0,273,8.497,49.818
2026-06-24 21:21:53,48,59,0,386,8.321,51.759
2026-06-24 21:26:54,52,65,0,423,8.102,52.684
2026-06-24 21:31:53,37,42,0,235,7.627,55.965
2026-06-24 21:36:53,41,47,0,284,7.194,57.376
2026-06-24 21:41:53,36,44,0,232,7.314,55.913
2026-06-24 21:46:54,29,33,0,207,7.152,55.57
2026-06-24 21:51:53,31,32,0,229,7.152,55.227
2026-06-24 21:56:53,30,30,0,236,7.253,54.307
2026-06-24 22:01:54,34,35,0,250,7.667,51.763
2026-06-24 22:06:53,39,46,0,305,7.411,55.07
2026-06-24 22:11:53,38,44,0,282,7.141,54.891
2026-06-24 22:16:53,37,43,0,305,7.042,55.521
2026-06-24 22:21:54,46,54,0,297,6.863,56.821
2026-06-24 22:26:54,42,52,0,311,6.775,55.591
2026-06-24 22:31:53,43,53,0,306,6.62,56.303
2026-06-24 22:36:53,37,43,0,305,6.524,56.507
2026-06-24 22:41:53,168,175,0,727,6.404,57.869
2026-06-24 22:46:53,43,52,0,340,6.107,57.464
2026-06-24 22:51:54,41,49,0,335,6.19,55.61
2026-06-24 22:56:53,44,52,0,301,6.382,54.536
2026-06-24 23:01:53,46,54,0,322,6.66,52.314
2026-06-24 23:06:55,40,47,0,640,7.066,50.451
2026-06-24 23:11:54,38,43,0,290,6.863,51.269
2026-06-24 23:16:55,40,47,0,295,6.601,53.476
2026-06-24 23:21:55,51,62,0,376,6.481,54.002
2026-06-24 23:26:55,68,83,0,453,6.476,53.983
2026-06-24 23:31:56,106,113,0,533,6.447,52.9
2026-06-24 23:36:55,53,65,0,423,6.553,50.853
2026-06-24 23:41:54,55,70,0,372,6.441,50.903
2026-06-24 23:46:55,50,60,0,360,6.342,51.082
2026-06-24 23:51:55,49,61,0,368,6.164,52.228
2026-06-24 23:56:55,48,57,0,330,5.966,52.856
2026-06-25 00:01:55,52,61,0,320,6.03,53.537
2026-06-25 00:06:55,50,61,0,352,6.006,53.81
2026-06-25 00:11:54,56,73,0,438,5.835,55.246
2026-06-25 00:16:55,54,71,0,389,5.886,54.66
2026-06-25 00:21:54,50,63,0,310,5.632,54.126
2026-06-25 00:26:55,51,60,0,366,5.864,51.712
2026-06-25 00:31:55,55,68,0,382,6.236,49.037
2026-06-25 00:36:55,57,73,0,391,6.465,47.704
2026-06-25 00:41:55,52,63,0,370,6.535,47.243
2026-06-25 00:46:55,50,63,0,315,6.025,50.693
2026-06-25 00:51:55,51,62,0,330,6.268,48.311
2026-06-25 00:56:55,49,58,0,276,5.838,51.649
2026-06-25 01:01:55,48,58,0,327,5.694,52.293
2026-06-25 01:06:55,53,65,0,381,5.587,53.382
2026-06-25 01:11:55,55,67,0,493,5.309,54.149
2026-06-25 01:16:55,54,68,0,365,5.202,53.737
2026-06-25 01:21:55,54,66,0,343,5.17,54.279
2026-06-25 01:26:55,53,62,0,271,5.21,53.108
2026-06-25 01:32:04,49,60,0,291,5.811,48.103
2026-06-25 01:36:55,48,58,0,325,6.286,44.381
2026-06-25 01:41:55,48,59,0,287,5.95,48.131
2026-06-25 01:46:55,46,53,0,288,6.03,45.11
2026-06-25 01:51:55,47,57,0,279,5.814,50.374
2026-06-25 01:56:55,100,111,0,447,5.704,50.212
2026-06-25 02:01:55,76,90,0,443,5.41,51.755
2026-06-25 02:06:56,48,57,0,440,5.159,51.517
2026-06-25 02:11:56,50,61,0,345,5.205,51.929
2026-06-25 02:16:56,47,58,0,294,4.924,52.789
2026-06-25 02:21:56,50,59,0,298,4.951,52.635
2026-06-25 02:27:17,47,56,0,290,5.01,52.314
2026-06-25 02:31:56,46,56,0,292,4.919,53.159
2026-06-25 02:36:56,62,78,0,404,4.78,54.121
2026-06-25 02:42:02,51,60,0,350,4.535,54.71
2026-06-25 02:46:56,45,55,0,271,4.425,54.462
2026-06-25 02:51:56,44,56,0,293,4.382,55.051
2026-06-25 02:56:56,47,55,0,288,4.273,54.84
2026-06-25 03:01:56,50,59,0,367,4.222,55.742
2026-06-25 03:06:56,44,51,0,278,4.134,56.039
2026-06-25 03:11:56,42,50,0,253,4.107,55.627
2026-06-25 03:16:56,45,51,0,251,4.182,54.508
2026-06-25 03:21:56,44,55,0,243,4.118,55.608
2026-06-25 03:26:56,46,55,0,249,4.006,55.255
2026-06-25 03:32:04,42,50,0,268,3.926,55.988
2026-06-25 03:36:56,45,55,0,240,3.688,57.441
2026-06-25 03:41:57,43,50,0,229,3.592,57.867
2026-06-25 03:46:56,47,57,0,256,3.499,58.04
2026-06-25 03:51:56,43,51,0,292,4.228,53.644
2026-06-25 03:56:56,43,50,0,251,4.23,54.09
2026-06-25 04:01:57,44,53,0,269,4.42,53.363
2026-06-25 04:06:56,42,48,0,266,4.228,54.546
2026-06-25 04:11:56,40,49,0,270,4.041,54.773
2026-06-25 04:16:56,43,52,0,245,3.862,55.877
2026-06-25 04:21:56,37,41,0,225,3.944,55.45
2026-06-25 04:26:57,37,41,0,230,4.049,55.004
2026-06-25 04:31:57,37,40,0,241,3.888,56.001
2026-06-25 04:36:56,43,52,0,237,3.771,55.452
2026-06-25 04:41:57,39,45,0,233,3.563,56.734
2026-06-25 04:46:56,48,55,100,235,3.835,55.183
2026-06-25 04:51:56,48,58,0,213,4.86,49.713
2026-06-25 04:56:56,37,42,0,213,4.858,50.962
2026-06-25 05:01:56,32,34,0,213,4.396,52.188
2026-06-25 05:06:58,31,34,0,396,4.294,52.412
2026-06-25 05:11:57,36,41,0,221,4.161,53.712
2026-06-25 05:16:58,34,36,0,191,4.94,48.341
2026-06-25 05:21:58,39,41,0,201,4.911,49.461
2026-06-25 05:26:58,28,28,0,184,4.297,52.24
2026-06-25 05:31:58,26,28,0,193,4.31,51.918
2026-06-25 05:36:57,24,28,0,191,4.195,52.856
2026-06-25 05:41:58,23,24,0,180,3.888,53.516
2026-06-25 05:46:57,24,27,0,188,3.64,55.231
2026-06-25 05:51:58,34,37,0,166,3.704,55.742
2026-06-25 05:56:58,30,30,0,184,3.955,53.504
2026-06-25 06:01:58,27,27,0,178,3.899,52.227
2026-06-25 06:06:58,24,27,0,182,3.725,53.451
2026-06-25 06:11:58,27,29,0,191,3.776,52.9
2026-06-25 06:16:58,28,35,0,211,4.348,51.546
2026-06-25 06:22:05,35,40,0,233,4.209,52.82
2026-06-25 06:26:58,26,28,0,202,4.033,53.928
2026-06-25 06:31:58,24,24,0,217,3.808,55.086
2026-06-25 06:36:58,21,22,0,180,3.76,54.92
2026-06-25 06:42:04,13,14,0,161,3.715,54.491
2026-06-25 06:47:07,17,21,0,178,3.867,53.199
2026-06-25 06:51:58,22,24,0,202,3.942,53.075
2026-06-25 06:56:58,16,18,0,174,5.226,45.77
2026-06-25 07:01:58,29,30,0,196,4.895,49.568
2026-06-25 07:06:58,17,18,0,177,4.529,50.611
2026-06-25 07:11:58,15,23,0,168,4.147,50.302
2026-06-25 07:16:58,22,24,0,190,4.006,51.134
2026-06-25 07:21:58,24,24,0,168,4.067,51.418
2026-06-25 07:26:58,23,27,0,186,4.014,52.301
2026-06-25 07:32:05,22,22,0,179,3.864,53.453
2026-06-25 07:36:58,23,28,0,215,3.675,53.392
2026-06-25 07:42:08,29,30,0,262,3.632,54.159
2026-06-25 07:46:58,29,31,0,214,3.448,54.183
2026-06-25 07:51:58,8,14,0,198,4.503,46.459
2026-06-25 07:56:58,29,34,0,201,4.412,50.559
2026-06-25 08:01:58,7,8,0,188,4.652,50.306
2026-06-25 08:06:59,19,22,0,422,4.78,50.321
2026-06-25 08:11:59,15,20,0,260,4.703,51.248
2026-06-25 08:16:59,29,29,0,221,4.954,50.981
2026-06-25 08:21:59,20,20,0,193,5.01,49.787
2026-06-25 08:26:59,26,26,0,201,5.178,52.49
2026-06-25 08:31:59,23,24,0,199,5.309,51.658
2026-06-25 08:36:59,23,23,0,194,5.803,48.458
2026-06-25 08:41:59,20,23,0,197,5.835,48.627
2026-06-25 08:47:06,39,48,0,222,6.038,47.931
2026-06-25 08:51:59,31,31,0,218,6.268,47.069
2026-06-25 08:56:59,29,32,0,216,6.852,43.987
2026-06-25 09:01:59,37,39,100,204,7.282,42.577
2026-06-25 09:06:59,35,41,100,200,7.509,43.788
2026-06-25 09:11:59,22,23,0,186,7.523,44.044
2026-06-25 09:16:59,16,19,0,206,7.646,42.564
2026-06-25 09:21:59,32,34,0,191,7.864,41.889
2026-06-25 09:26:59,22,23,0,185,7.867,42.268
2026-06-25 09:31:59,22,22,0,180,8.009,42.892
2026-06-25 09:36:59,26,26,0,181,8.268,43.605
2026-06-25 09:41:59,27,28,0,184,8.294,44.481
2026-06-25 09:46:59,27,28,0,155,8.812,43.796
2026-06-25 09:51:59,28,30,0,158,9.314,41.52
2026-06-25 09:56:59,24,27,0,158,10.062,38.802
2026-06-25 10:01:59,14,17,0,148,10.286,39.411
2026-06-25 10:07:26,13,18,0,161,10.791,38.1
2026-06-25 10:11:59,16,20,0,128,11.766,36.571
2026-06-25 10:17:00,18,19,0,137,12.7,34.169
2026-06-25 10:22:07,21,21,0,137,13.066,35.011
2026-06-25 10:26:59,23,24,0,121,13.68,33.988
2026-06-25 10:31:59,23,24,0,111,14.276,32.098
2026-06-25 10:37:00,25,25,0,104,14.994,31.078
2026-06-25 10:41:59,22,22,0,83,15.643,29.281
2026-06-25 10:47:08,20,20,0,84,16.052,28.834
2026-06-25 10:51:59,19,20,0,81,16.674,27.963
2026-06-25 10:57:00,18,18,0,67,17.427,27.158
2026-06-25 11:02:00,19,22,0,60,18.014,26.733
2026-06-25 11:07:01,19,20,0,70,18.794,26.292
2026-06-25 11:12:01,13,17,0,51,19.456,25.943
2026-06-25 11:17:01,13,15,0,46,19.892,24.806
2026-06-25 11:22:01,16,18,0,46,20.137,25.615
2026-06-25 11:27:01,11,15,0,43,20.533,24.57
2026-06-25 11:32:10,11,11,0,45,20.743,24.32
2026-06-25 11:37:01,9,9,0,48,21.011,24.32
2026-06-25 11:42:01,8,9,0,34,20.874,23.509
2026-06-25 11:47:00,8,8,0,27,21.179,23.232
2026-06-25 11:52:11,5,5,0,21,20.816,21.783
2026-06-25 11:57:00,3,4,0,24,20.591,22.054
2026-06-25 12:02:01,5,5,0,25,20.535,22.918
2026-06-25 12:07:01,3,4,0,21,20.057,21.689
2026-06-25 12:12:01,1,1,0,10,20.346,20.837
2026-06-25 12:17:01,1,1,0,27,20.575,21.178
2026-06-25 12:22:10,2,2,0,6,20.343,20.352
2026-06-25 12:27:01,4,5,0,13,20.236,21.926
2026-06-25 12:32:01,3,4,0,16,21.521,20.787
2026-06-25 12:37:01,2,2,0,19,22.84,19.517
2026-06-25 12:42:01,4,4,0,13,22.343,19.391
2026-06-25 12:47:01,3,4,0,0,21.518,20.665
2026-06-25 12:52:01,2,2,0,0,23.059,18.792
2026-06-25 12:57:01,1,1,0,0,22.842,18.02
2026-06-25 13:02:01,1,1,0,0,23.366,17.098
2026-06-25 13:07:01,2,2,0,0,23.975,17.478
2026-06-25 13:12:01,0,0,0,0,24.3,16.875
2026-06-25 13:17:01,4,4,0,0,24.434,17.161
2026-06-25 13:22:01,3,3,0,0,25.24,16.593
2026-06-25 13:27:01,4,4,0,0,24.618,16.206
2026-06-25 13:32:01,2,2,0,0,25.55,15.954
2026-06-25 13:37:01,3,3,0,0,25.235,16.16
2026-06-25 13:42:01,4,4,0,0,25.208,15.832
2026-06-25 13:47:07,4,4,0,0,25.996,15.279
2026-06-25 13:52:01,3,3,0,0,26.741,14.884
2026-06-25 13:57:01,12,15,92,0,25.144,15.517
2026-06-25 14:02:10,7,7,92,0,23.999,16.444
2026-06-25 14:07:02,4,5,0,0,24.979,16.333
2026-06-25 14:12:02,7,8,88,0,25.649,16.583
2026-06-25 14:17:02,7,7,0,0,25.903,16.25
2026-06-25 14:22:02,4,4,88,0,25.163,15.624
2026-06-25 14:27:02,5,5,0,0,26.073,16.078
2026-06-25 14:32:02,2,2,0,0,26.292,15.811
2026-06-25 14:37:02,4,4,0,0,26.089,15.576
2026-06-25 14:42:02,1,1,0,0,25.31,16.242
2026-06-25 14:47:02,0,1,0,0,26.57,15.567
2026-06-25 14:52:02,0,0,0,0,26.746,15.603
2026-06-25 14:57:02,0,0,0,0,26.578,15.054
2026-06-25 15:02:02,0,0,0,0,27.211,14.809
2026-06-25 15:07:02,0,0,0,0,27.275,14.575
2026-06-25 15:12:02,0,0,0,0,26.976,15.025
2026-06-25 15:17:24,0,0,0,0,27.246,16.11
2026-06-25 15:22:02,1,1,0,0,27.029,15.555
2026-06-25 15:27:02,2,2,0,0,26.981,15.687
2026-06-25 15:32:02,0,1,0,0,26.471,15.298
2026-06-25 15:37:03,0,0,0,0,26.114,15.143
2026-06-25 15:42:19,0,0,0,0,25.7,14.981
2026-06-25 15:47:11,0,0,0,0,25.232,14.35
2026-06-25 15:52:02,0,1,0,0,24.698,15.62
2026-06-25 15:57:11,0,0,0,0,24.356,16.641
2026-06-25 16:03:13,0,0,0,0,24.194,17.751
2026-06-25 16:07:03,0,1,0,16,23.598,18.647
2026-06-25 16:12:02,1,1,0,0,23.507,19.549
2026-06-25 16:17:02,1,1,0,0,23.425,19.597
2026-06-25 16:22:02,0,0,0,0,23.16,20.043
2026-06-25 16:27:02,1,1,0,0,23.286,20.532
2026-06-25 16:32:02,1,1,0,14,23.011,21.066
2026-06-25 16:37:03,1,1,0,31,22.701,21.848
2026-06-25 16:42:02,1,1,0,16,22.498,21.398
2026-06-25 16:47:02,1,1,0,18,22.479,21.363
2026-06-25 16:52:02,2,2,0,17,22.236,21.163
2026-06-25 16:57:09,0,0,0,75,22.234,21.407
2026-06-25 17:02:11,0,0,0,51,22.041,21.317
2026-06-25 17:07:03,0,1,0,90,21.748,21.892
2026-06-25 17:12:03,3,3,0,46,21.617,21.466
2026-06-25 17:17:04,7,9,0,47,21.507,21.686
2026-06-25 17:22:04,5,5,0,190,21.248,22.832
2026-06-25 17:27:04,3,4,0,87,20.832,23.044
2026-06-25 17:32:04,1,2,0,99,20.276,26.687
2026-06-25 17:37:04,3,3,0,98,19.419,29.023
2026-06-25 17:42:03,18,18,0,131,18.968,29.212
2026-06-25 17:47:04,16,17,0,139,18.42,29.662
2026-06-25 17:52:04,3,3,0,126,17.779,31.68
2026-06-25 17:57:04,3,3,0,124,17.331,32.293
2026-06-25 18:02:04,4,5,0,140,16.941,33.847
2026-06-25 18:07:04,11,13,0,164,16.546,35.358
2026-06-25 18:12:04,6,6,0,227,16.097,36.832
2026-06-25 18:17:04,5,6,0,219,15.683,36.269
2026-06-25 18:22:04,10,10,0,250,15.045,38.032
2026-06-25 18:27:04,22,24,0,250,14.863,38.541
2026-06-25 18:32:04,25,26,0,333,14.532,38.514
2026-06-25 18:37:04,17,18,0,280,14.204,39.581
2026-06-25 18:42:04,15,16,0,302,13.974,39.901
2026-06-25 18:47:04,9,12,0,283,13.656,39.731
2026-06-25 18:52:04,15,17,0,221,13.563,39.869
2026-06-25 18:57:04,20,20,0,288,13.336,39.863
2026-06-25 19:02:04,34,39,0,440,13.098,40.143
2026-06-25 19:07:04,28,30,0,567,12.917,40.498
2026-06-25 19:12:04,20,22,0,355,12.671,41.026
2026-06-25 19:17:04,5,6,0,311,12.749,40.452
2026-06-25 19:22:04,34,37,0,448,12.393,42.836
2026-06-25 19:27:04,49,62,0,447,12.161,42.848
2026-06-25 19:32:04,42,50,0,370,11.942,44.28
2026-06-25 19:37:04,31,34,0,341,11.509,47.475
2026-06-25 19:42:04,36,44,0,370,11.248,48.843
2026-06-25 19:47:04,34,39,0,349,11.477,44.805
2026-06-25 19:52:04,33,37,0,323,11.323,45.438
2026-06-25 19:57:04,25,27,0,471,11.592,43.973
2026-06-25 20:02:04,20,25,0,263,11.333,46.916
2026-06-25 20:07:05,20,21,0,472,11.248,45.287
2026-06-25 20:12:05,33,39,0,351,11.088,46.205
2026-06-25 20:17:05,33,36,0,365,10.887,47.038
2026-06-25 20:22:05,28,31,0,347,10.799,46.661
2026-06-25 20:27:05,34,41,0,330,10.927,44.837
2026-06-25 20:32:05,20,23,0,283,10.858,49.766
2026-06-25 20:37:06,20,21,0,259,10.698,49.323
2026-06-25 20:42:05,34,38,0,332,10.505,49.2
2026-06-25 20:47:05,45,57,0,367,10.367,49.964
2026-06-25 20:52:05,84,88,0,561,10.011,51.765
2026-06-25 20:57:05,251,269,0,1590,9.758,52.146
2026-06-25 21:02:05,108,118,0,450,9.517,52.642
2026-06-25 21:07:06,82,90,0,532,9.405,52.684
2026-06-25 21:12:05,72,84,0,362,9.274,52.881
2026-06-25 21:17:05,62,77,0,315,9.071,53.777
2026-06-25 21:22:05,49,60,0,251,8.898,53.993
2026-06-25 21:27:06,47,61,0,305,8.836,53.506
2026-06-25 21:32:05,39,49,0,270,8.663,54.369
2026-06-25 21:37:06,44,52,0,278,8.682,54.63
2026-06-25 21:42:05,25,28,0,225,9.12,51.87
2026-06-25 21:47:06,21,25,0,226,9.12,51.542
2026-06-25 21:52:05,43,52,0,433,9.528,51.307
2026-06-25 21:57:06,40,50,0,333,9.606,50.357
2026-06-25 22:02:05,26,27,0,159,12.492,43.166
2026-06-25 22:07:05,24,24,0,129,13.822,39.981
2026-06-25 22:12:05,29,30,0,177,13.267,41.127
2026-06-25 22:17:06,35,41,0,205,11.782,44.406
2026-06-25 22:22:05,28,30,0,200,11.995,43.842
2026-06-25 22:27:06,39,45,0,204,12.519,43.367
2026-06-25 22:32:06,43,52,0,260,11.315,45.881
2026-06-25 22:37:05,32,32,0,231,11.424,44.639
2026-06-25 22:42:06,44,52,0,391,10.837,45.976
2026-06-25 22:47:05,41,48,0,262,9.768,47.605
2026-06-25 22:52:05,45,53,0,367,9.248,49.406
2026-06-25 22:57:06,89,94,0,595,8.698,49.886
2026-06-25 23:02:06,32,37,0,231,8.385,52.471
2026-06-25 23:07:07,26,32,0,438,8.273,50.571
2026-06-25 23:12:07,35,37,0,242,8.107,50.044
2026-06-25 23:17:07,37,43,0,264,8.148,48.9
2026-06-25 23:22:07,52,67,0,343,7.947,50.836
2026-06-25 23:27:07,37,43,0,268,8.025,51.288
2026-06-25 23:32:07,39,47,0,298,7.832,52.6
2026-06-25 23:37:07,53,64,0,342,7.752,53.297
2026-06-25 23:42:06,37,40,0,260,7.584,54.92
2026-06-25 23:47:07,36,38,0,258,7.496,53.52
2026-06-25 23:52:06,34,37,0,257,7.445,54.443
2026-06-25 23:57:07,34,39,0,245,7.296,54.752
2026-06-26 00:02:07,36,40,0,267,7.109,55.486
2026-06-26 00:07:07,33,35,0,267,6.981,55.957
2026-06-26 00:12:06,34,36,0,255,6.783,55.757
2026-06-26 00:17:07,32,34,0,254,6.719,56.333
2026-06-26 00:22:06,60,77,0,383,6.423,58.132
2026-06-26 00:27:13,46,56,0,301,6.372,58.7
2026-06-26 00:32:07,42,50,0,308,6.292,58.9
2026-06-26 00:37:07,37,43,0,291,6.249,59.24
2026-06-26 00:42:07,35,41,0,265,6.286,58.878
2026-06-26 00:47:07,35,40,0,269,6.174,60.318
2026-06-26 00:52:07,35,39,0,279,6.201,59.068
2026-06-26 00:57:07,35,39,0,263,6.278,56.816
2026-06-26 01:02:07,50,60,0,279,5.694,59.881
2026-06-26 01:07:07,35,40,0,226,5.8,60.966
2026-06-26 01:12:07,35,40,0,201,6.009,60.573
2026-06-26 01:17:07,35,39,0,211,5.937,62.103
2026-06-26 01:22:07,54,71,0,366,5.803,60.85
2026-06-26 01:27:16,53,68,0,335,5.507,60.585
2026-06-26 01:32:07,42,49,0,291,5.426,61.718
2026-06-26 01:37:07,114,126,0,531,5.346,59.661
2026-06-26 01:42:07,40,45,0,295,5.109,61.3
2026-06-26 01:47:07,45,51,0,300,4.9,60.972
2026-06-26 01:52:07,43,54,0,307,4.823,59.932
2026-06-26 01:57:15,39,45,0,307,4.874,58.83
2026-06-26 02:02:28,38,42,0,273,4.791,58.145
2026-06-26 02:07:08,39,47,0,462,4.636,59.002
2026-06-26 02:12:08,48,59,0,313,4.609,59.351
2026-06-26 02:17:08,53,68,0,327,4.532,59.616
2026-06-26 02:22:08,49,59,0,353,4.513,59.585
2026-06-26 02:27:09,51,62,0,359,4.396,58.796
2026-06-26 02:32:09,44,52,0,329,4.38,56.842
2026-06-26 02:37:08,45,55,0,312,4.369,57.466
2026-06-26 02:42:14,44,55,0,268,4.145,61.664
2026-06-26 02:47:08,42,52,0,294,4.209,59.721
2026-06-26 02:52:09,45,55,0,341,4.163,59.681
2026-06-26 02:57:09,51,64,0,415,4.107,60.92
2026-06-26 03:02:08,55,70,0,305,3.915,61.46
2026-06-26 03:07:08,52,64,0,310,3.872,60.255
2026-06-26 03:12:08,52,66,0,333,3.958,60.201
2026-06-26 03:17:08,47,56,0,275,3.771,64.325
2026-06-26 03:22:08,43,52,0,251,3.814,65.397
2026-06-26 03:27:16,40,48,0,248,3.944,64.85
2026-06-26 03:32:08,41,44,0,251,4.121,65.433
2026-06-26 03:37:09,40,48,0,240,4.097,64.72
2026-06-26 03:42:08,40,44,0,294,4.115,58.996
2026-06-26 03:47:09,46,56,0,306,4.246,57.848
2026-06-26 03:52:08,41,48,0,223,3.902,63.4
2026-06-26 03:57:08,43,52,0,272,3.95,61.262
2026-06-26 04:02:08,39,43,0,262,3.987,60.39
2026-06-26 04:07:09,40,50,0,258,4.043,61.378
2026-06-26 04:12:08,39,46,0,256,3.955,62.097
2026-06-26 04:17:09,40,42,0,238,3.675,63.272
2026-06-26 04:22:08,39,45,0,258,3.68,63.345
2026-06-26 04:27:08,37,40,0,225,3.482,64.621
2026-06-26 04:32:08,36,41,0,271,3.482,64.283
2026-06-26 04:37:08,34,37,0,242,3.472,63.137
2026-06-26 04:42:08,37,42,0,256,3.429,62.254
2026-06-26 04:47:08,31,33,0,231,3.378,61.304
2026-06-26 04:52:09,35,37,0,215,3.151,65.101
2026-06-26 04:57:09,33,34,0,249,3.317,64.438
2026-06-26 05:02:09,32,32,0,220,3.354,62.166
2026-06-26 05:07:10,31,32,0,336,3.285,60.491
2026-06-26 05:12:10,31,33,0,216,3.376,60.728
2026-06-26 05:17:10,25,29,0,218,3.36,58.261
2026-06-26 05:22:10,25,30,0,211,3.264,58.639
2026-06-26 05:27:10,24,29,0,232,3.221,58.351
2026-06-26 05:32:10,25,27,0,214,3.28,57.43
2026-06-26 05:37:10,29,32,0,239,3.394,57.088
2026-06-26 05:42:10,27,30,0,241,3.429,57.344
2026-06-26 05:47:10,30,30,0,239,3.381,57.897
2026-06-26 05:52:10,20,22,0,204,3.632,55.168
2026-06-26 05:57:10,24,27,0,209,3.677,57.191
2026-06-26 06:02:10,17,22,0,200,3.709,55.999
2026-06-26 06:07:10,17,20,0,190,3.782,55.204
2026-06-26 06:12:10,17,21,0,173,3.688,56.163
2026-06-26 06:17:10,14,14,0,159,3.589,56.589
2026-06-26 06:22:10,13,14,0,179,3.357,58.078
2026-06-26 06:27:10,20,22,0,176,3.186,57.281
2026-06-26 06:32:10,21,22,0,201,3.234,56.728
2026-06-26 06:37:10,17,20,0,264,3.21,57.127
2026-06-26 06:42:10,16,18,0,224,3.159,58.137
2026-06-26 06:47:10,23,23,0,241,3.05,58.286
2026-06-26 06:52:16,22,24,0,222,3.082,58.748
2026-06-26 06:57:10,23,23,0,216,3.053,58.2
2026-06-26 07:02:10,23,27,0,255,3.272,55.69
2026-06-26 07:07:10,27,27,0,232,3.138,57.478
2026-06-26 07:12:10,25,27,0,279,2.943,58.693
2026-06-26 07:17:10,25,27,0,266,3.143,58.788
2026-06-26 07:22:10,20,27,0,275,2.916,59.723
2026-06-26 07:27:10,22,23,0,280,2.836,59.743
2026-06-26 07:32:10,21,24,0,243,2.863,58.515
2026-06-26 07:37:10,13,16,0,212,2.964,57.125
2026-06-26 07:42:10,18,21,0,217,2.938,57.012
2026-06-26 07:47:10,16,22,0,275,2.783,58.427
2026-06-26 07:52:10,17,25,0,231,2.802,59.322
2026-06-26 07:57:10,15,17,0,226,2.687,59.715
2026-06-26 08:02:10,17,24,0,253,2.649,59.929
2026-06-26 08:07:11,21,23,0,540,2.601,60.949
2026-06-26 08:12:11,24,25,0,242,2.596,60.562
2026-06-26 08:17:11,23,28,0,206,2.607,61.832
2026-06-26 08:22:11,21,21,0,220,2.759,59.089
2026-06-26 08:27:11,20,24,0,254,2.956,57.968
2026-06-26 08:32:11,21,22,0,238,3.05,58.071
2026-06-26 08:37:11,37,42,0,236,3.143,58.225
2026-06-26 08:42:11,21,22,0,223,3.349,57.304
2026-06-26 08:47:11,27,31,0,218,3.485,57.811
2026-06-26 08:52:11,21,22,0,192,3.635,59.835
2026-06-26 08:57:11,23,23,0,189,3.79,57.973
2026-06-26 09:02:11,28,32,0,205,3.942,56.715
2026-06-26 09:07:11,23,28,0,204,4.238,55.778
2026-06-26 09:12:11,29,32,0,196,4.476,56.076
2026-06-26 09:17:11,35,37,0,246,4.903,53.543
2026-06-26 09:22:11,30,33,0,237,5.17,53.157
2026-06-26 09:27:11,27,29,0,249,5.539,52.324
2026-06-26 09:32:11,28,31,0,253,5.859,50.859
2026-06-26 09:37:11,27,30,0,234,6.185,48.746
2026-06-26 09:42:11,28,28,0,238,6.545,47.33
2026-06-26 09:47:12,31,34,0,237,6.756,47.195
2026-06-26 09:52:11,26,30,0,259,7.344,46.121
2026-06-26 09:57:11,33,36,0,240,7.851,44.975
2026-06-26 10:02:20,37,47,0,253,8.372,44.252
2026-06-26 10:07:17,26,27,0,219,9.125,42.327
2026-06-26 10:12:11,28,32,0,218,10.468,39.882
2026-06-26 10:17:11,30,31,0,225,11.445,37.498
2026-06-26 10:22:11,23,24,0,220,11.883,35.934
2026-06-26 10:27:11,24,26,0,204,12.647,34.509
2026-06-26 10:32:11,29,32,0,165,14.025,30.685
2026-06-26 10:37:11,42,50,101,201,14.97,27.919
2026-06-26 10:42:11,26,28,0,166,15.897,26.904
2026-06-26 10:47:12,26,26,0,174,16.653,25.331
2026-06-26 10:52:12,18,20,0,149,16.872,24.936
2026-06-26 10:57:11,23,23,0,147,17.486,24.913
2026-06-26 11:02:12,22,24,0,133,17.713,26.408
2026-06-26 11:07:13,16,16,0,159,18.297,23.707
2026-06-26 11:12:13,19,19,0,119,18.249,26.698
2026-06-26 11:17:13,18,19,0,116,19.075,25.529
2026-06-26 11:22:13,20,20,0,101,19.633,24.73
2026-06-26 11:27:22,20,23,0,98,20.103,24.201
2026-06-26 11:32:13,18,19,0,91,20.268,23.707
2026-06-26 11:37:13,11,12,0,87,20.717,22.79
2026-06-26 11:42:13,13,14,0,73,20.96,22.401
2026-06-26 11:47:12,16,17,0,71,20.578,22.986
2026-06-26 11:52:13,18,20,0,58,21.053,22.046
2026-06-26 11:57:13,15,17,0,53,21.571,22.159
2026-06-26 12:02:13,16,16,0,48,21.991,21.289
2026-06-26 12:07:13,11,13,0,51,22.258,21.481
2026-06-26 12:12:13,14,16,0,48,22.506,21.218
2026-06-26 12:17:13,16,19,0,44,23.069,20.976
2026-06-26 12:22:13,16,17,0,42,23.702,20.452
2026-06-26 12:27:13,15,15,0,47,23.443,20.764
2026-06-26 12:32:13,16,17,0,36,24.319,20.217
2026-06-26 12:37:13,14,15,0,10,24.559,19.704
2026-06-26 12:42:13,13,15,0,35,25.326,19.292
2026-06-26 12:47:13,18,19,92,22,24.987,18.794
2026-06-26 12:52:13,17,17,92,16,24.055,19.782
2026-06-26 12:57:13,15,18,0,0,22.89,20.68
2026-06-26 13:02:13,10,10,0,21,24.509,20.022
2026-06-26 13:07:13,15,18,0,10,24.145,19.595
2026-06-26 13:12:13,16,19,0,0,23.638,19.486
2026-06-26 13:17:13,24,24,0,18,23.969,19.626
2026-06-26 13:22:13,18,19,0,0,23.176,20.308
2026-06-26 13:27:13,20,22,92,10,24.631,18.847
2026-06-26 13:32:13,23,24,92,0,25.668,18.43
2026-06-26 13:37:13,17,18,0,0,24.557,18.611
2026-06-26 13:42:13,17,17,0,0,25.921,17.911
2026-06-26 13:47:13,8,11,0,0,25.884,17.337
2026-06-26 13:52:13,9,9,0,0,26.073,18.199
2026-06-26 13:57:13,11,13,0,0,24.351,19.105
2026-06-26 14:02:13,9,9,0,0,24.231,19.071
2026-06-26 14:07:14,12,12,0,0,23.531,19.654
2026-06-26 14:12:14,14,15,0,0,23.387,21.028
2026-06-26 14:17:23,14,15,0,0,23.336,20.785
2026-06-26 14:22:14,18,21,0,0,22.704,21.497
2026-06-26 14:27:14,18,21,0,0,22.583,20.833
2026-06-26 14:32:14,19,20,0,0,22.671,21.422
2026-06-26 14:37:14,17,18,0,0,22.634,21.291
2026-06-26 14:42:14,19,21,0,0,21.956,22.262
2026-06-26 14:47:14,18,19,0,0,22.143,22.115
2026-06-26 14:52:14,15,18,0,0,22.57,21.84
2026-06-26 14:57:14,19,19,0,0,22.079,21.966
2026-06-26 15:02:14,18,19,0,0,21.932,21.878
2026-06-26 15:07:14,16,18,0,0,21.876,22.128
2026-06-26 15:12:14,15,15,0,0,21.561,22.216
2026-06-26 15:17:14,18,19,0,0,21.571,22.349
2026-06-26 15:22:14,16,18,0,0,21.574,21.955
2026-06-26 15:27:14,15,19,0,0,21.569,22.246
2026-06-26 15:32:14,15,17,0,0,21.304,22.582
2026-06-26 15:37:15,14,18,0,0,21.537,22.521
2026-06-26 15:42:14,20,20,0,0,21.363,22.87
2026-06-26 15:47:15,15,16,0,0,21.141,23.564
2026-06-26 15:52:20,15,16,0,0,20.997,23.168
2026-06-26 15:57:14,13,14,0,0,20.858,23.074
2026-06-26 16:02:58,16,16,0,0,21.115,22.933
2026-06-26 16:07:14,13,15,0,0,20.93,22.994
2026-06-26 16:12:15,14,19,0,0,21.125,23.559
2026-06-26 16:17:23,15,17,0,0,20.938,23.822
2026-06-26 16:22:15,14,17,0,0,21.107,23.414
2026-06-26 16:27:14,16,16,0,0,21.08,22.819
2026-06-26 16:32:15,19,19,0,0,20.984,23.038
2026-06-26 16:37:14,12,13,0,0,21.003,22.609
2026-06-26 16:42:15,15,15,0,0,20.986,22.658
2026-06-26 16:47:24,14,16,0,5,21.288,22.67
2026-06-26 16:52:14,12,13,0,0,20.866,23.351
2026-06-26 16:57:15,16,16,0,0,20.754,23.896
2026-06-26 17:02:14,15,15,0,0,20.335,24.989
2026-06-26 17:07:16,12,16,0,108,20.023,25.97
2026-06-26 17:12:15,15,15,0,0,19.849,26.506
2026-06-26 17:17:16,15,17,0,0,19.59,27.043
2026-06-26 17:22:16,19,20,0,0,19.432,27.425
2026-06-26 17:27:16,15,16,0,0,19.328,27.705
2026-06-26 17:32:16,17,20,0,0,19.224,28.165
2026-06-26 17:37:16,18,23,0,0,19.048,29.351
2026-06-26 17:42:16,19,20,0,0,19.037,29.388
2026-06-26 17:47:16,23,23,0,0,18.725,30.687
2026-06-26 17:52:16,23,25,0,33,18.573,31.631
2026-06-26 17:57:16,25,25,0,4,18.538,31.652
2026-06-26 18:02:16,22,22,0,133,18.351,32.245
2026-06-26 18:07:16,22,22,0,0,18.335,32.3
2026-06-26 18:12:16,25,26,0,9,18.111,34
2026-06-26 18:17:16,25,28,0,7,18.025,34.217
2026-06-26 18:22:16,30,33,0,0,17.934,34.9
2026-06-26 18:27:16,26,26,0,16,17.782,34.934
2026-06-26 18:32:16,28,28,0,10,17.785,35.064
2026-06-26 18:37:16,28,32,0,39,17.721,35.665
2026-06-26 18:42:16,39,45,0,59,17.229,38.844
2026-06-26 18:47:16,33,37,0,15,17.098,40.563
2026-06-26 18:52:16,29,30,0,0,16.944,41.351
2026-06-26 18:57:16,30,34,0,0,16.77,42.64
2026-06-26 19:02:16,26,26,0,0,16.821,42.215
2026-06-26 19:07:16,26,26,0,0,16.765,41.587
2026-06-26 19:12:16,27,27,0,0,16.415,43.741
2026-06-26 19:17:22,24,25,0,0,16.308,43.691
2026-06-26 19:22:16,25,28,0,0,16.394,43.218
2026-06-26 19:27:16,24,25,0,0,16.479,42.896
2026-06-26 19:32:16,25,26,0,0,16.231,44.608
2026-06-26 19:37:16,25,26,0,0,16.089,45.127
2026-06-26 19:42:16,27,28,0,0,16.108,44.469
2026-06-26 19:47:16,21,22,0,0,15.822,46.15
2026-06-26 19:52:16,46,59,0,0,15.646,48.568
2026-06-26 19:57:16,28,29,0,0,15.454,49.52
2026-06-26 20:02:16,28,28,0,0,15.456,48.789
2026-06-26 20:07:17,24,24,0,44,15.349,48.936
2026-06-26 20:12:17,23,23,0,36,15.253,49.344
2026-06-26 20:17:17,61,72,0,137,15.024,50.361
2026-06-26 20:22:18,33,38,0,78,14.853,50.548
2026-06-26 20:27:17,26,26,0,34,14.749,52.032
2026-06-26 20:32:17,29,31,0,73,14.612,52.492
2026-06-26 20:37:17,43,53,0,78,14.511,53.546
2026-06-26 20:42:17,40,47,0,100,14.329,53.966
2026-06-26 20:47:17,29,30,0,74,14.231,53.836
2026-06-26 20:52:17,43,53,0,210,13.889,54.7
2026-06-26 20:57:17,29,30,0,93,13.566,55.425
2026-06-26 21:02:17,37,47,0,144,13.307,55.58
2026-06-26 21:07:17,36,41,0,174,13.005,56.552
2026-06-26 21:12:17,37,44,0,160,12.778,57.169
2026-06-26 21:17:17,31,32,0,121,12.879,58.706
2026-06-26 21:22:17,26,28,0,71,13.21,57.743
2026-06-26 21:27:18,46,56,0,142,13.048,57.954
2026-06-26 21:32:17,48,58,0,137,12.805,58.528
2026-06-26 21:37:17,47,57,0,136,12.658,58.065
2026-06-26 21:42:17,33,38,0,92,12.749,59.173
2026-06-26 21:47:18,29,31,0,53,12.877,59.957
2026-06-26 21:52:18,31,32,0,48,12.887,60.321
2026-06-26 21:57:17,52,64,0,208,12.348,59.061
2026-06-26 22:02:27,39,46,0,139,12.14,61.468
2026-06-26 22:07:17,44,53,0,207,11.995,61.716
2026-06-26 22:12:18,36,43,0,147,11.803,61.828
2026-06-26 22:17:17,37,43,0,190,11.766,62.853
2026-06-26 22:22:18,35,41,0,94,12.006,64.22
2026-06-26 22:27:17,31,32,0,113,12.15,63.94
2026-06-26 22:32:18,27,29,0,92,12.052,64.815
2026-06-26 22:37:17,26,27,0,37,12.247,65.862
2026-06-26 22:42:18,25,25,0,28,12.487,64.932
2026-06-26 22:47:17,24,26,0,20,12.588,64.768
2026-06-26 22:52:18,29,30,0,68,12.479,64.811
2026-06-26 22:57:17,25,25,0,95,12.319,64.874
2026-06-26 23:02:17,23,26,0,120,12.236,65.054
2026-06-26 23:07:19,63,75,0,685,11.798,64.176
2026-06-26 23:12:19,42,51,0,183,11.256,65.029
2026-06-26 23:17:19,37,44,0,182,11.015,65.981
2026-06-26 23:22:18,42,50,0,209,10.772,67.26
2026-06-26 23:27:19,40,49,0,228,10.481,67.173
2026-06-26 23:32:19,48,60,0,256,10.132,68.077
2026-06-26 23:37:19,45,53,0,214,9.945,68.573
2026-06-26 23:42:18,42,53,0,217,9.715,68.613
2026-06-26 23:47:19,58,72,0,257,9.897,71.995
2026-06-26 23:52:19,44,54,0,196,9.849,71.276
2026-06-26 23:57:19,32,37,0,139,9.838,71.716
2026-06-27 00:02:19,32,33,0,119,9.974,71.544
2026-06-27 00:07:19,32,35,0,126,10.073,70.522
2026-06-27 00:12:19,47,56,0,181,9.619,68.42
2026-06-27 00:17:27,38,43,0,160,9.347,69.162
2026-06-27 00:22:19,57,73,0,240,8.925,67.945
2026-06-27 00:27:19,168,182,0,463,8.623,67.934
2026-06-27 00:32:19,58,74,0,314,8.431,68.537
2026-06-27 00:37:19,86,95,0,302,8.35,68.71
2026-06-27 00:42:19,122,132,0,424,8.182,69.687
2026-06-27 00:47:19,77,86,0,411,7.966,70.236
2026-06-27 00:52:19,50,61,0,306,7.787,70.568
2026-06-27 00:57:19,90,99,0,386,7.467,70.226
2026-06-27 01:02:19,42,48,0,184,7.397,70.999
2026-06-27 01:07:19,45,54,0,171,7.333,70.476
2026-06-27 01:12:19,44,53,0,167,6.954,71.531
2026-06-27 01:17:19,45,56,0,176,6.943,71.741
2026-06-27 01:22:19,42,52,0,166,6.807,72.557
2026-06-27 01:27:19,44,53,0,175,6.858,72.773
2026-06-27 01:32:19,51,63,0,267,6.692,72.817
2026-06-27 01:37:19,83,89,0,357,6.772,72.855
2026-06-27 01:42:19,45,54,0,267,6.812,72.365
2026-06-27 01:47:19,48,57,0,184,6.732,72.508
2026-06-27 01:52:19,49,62,0,201,6.746,72.597
2026-06-27 01:57:19,50,62,0,211,6.834,72.819
2026-06-27 02:02:19,51,64,0,245,6.884,72.466
2026-06-27 02:07:31,49,58,0,759,6.617,73.736
2026-06-27 02:12:29,47,58,0,202,6.633,73.501
2026-06-27 02:17:26,45,53,0,209,6.66,74.085
2026-06-27 02:22:20,45,54,0,237,6.727,74.102
2026-06-27 02:27:20,49,58,0,264,6.735,74.076
2026-06-27 02:32:20,46,55,0,198,6.609,73.568
2026-06-27 02:37:20,45,52,0,178,6.644,73.154
2026-06-27 02:42:20,45,55,0,205,6.698,73.391
2026-06-27 02:47:20,44,53,0,207,6.633,73.049
2026-06-27 02:52:20,41,49,0,168,6.548,72.033
2026-06-27 02:57:20,42,48,0,149,6.35,71.316
2026-06-27 03:02:20,44,50,0,147,6.457,71.502
2026-06-27 03:07:20,46,54,0,169,6.401,71.525
2026-06-27 03:12:41,47,57,0,225,6.18,69.153
2026-06-27 03:17:20,48,57,0,232,6.014,69.664
2026-06-27 03:22:20,47,55,0,207,6.204,70.904
2026-06-27 03:27:20,46,55,0,193,5.987,73.442
2026-06-27 03:32:20,45,54,0,175,6.153,75.428
2026-06-27 03:37:20,45,54,0,167,6.137,76.355
2026-06-27 03:42:20,45,53,0,167,6.049,75.935
2026-06-27 03:47:21,42,50,0,161,6.139,78.628
2026-06-27 03:52:20,44,53,0,162,6.153,76.767
2026-06-27 03:57:21,44,52,0,199,6.049,78.098
2026-06-27 04:02:20,45,55,0,204,5.891,75.796
2026-06-27 04:07:20,47,57,0,204,5.712,73.358
2026-06-27 04:12:20,49,58,0,232,5.557,71.604
2026-06-27 04:17:21,49,60,0,232,5.525,71.686
2026-06-27 04:22:21,48,60,0,196,5.293,74.463
2026-06-27 04:27:42,51,64,0,212,5.242,74.627
2026-06-27 04:32:21,47,55,0,206,5.178,73.864
2026-06-27 04:37:21,48,57,0,217,4.973,73.595
2026-06-27 04:42:21,51,62,0,206,4.767,72.935
2026-06-27 04:47:21,51,62,0,243,4.673,73.131
2026-06-27 04:52:21,47,59,0,178,4.278,74.095
2026-06-27 04:57:21,50,61,0,198,4.123,74.589
2026-06-27 05:02:21,52,64,0,188,3.99,75.123
2026-06-27 05:07:22,51,64,0,476,3.979,74.385
2026-06-27 05:12:21,51,61,0,211,3.851,74.583
2026-06-27 05:17:22,50,61,0,213,3.734,76.031
2026-06-27 05:22:21,52,64,0,221,3.672,76.357
2026-06-27 05:27:22,59,75,0,211,3.573,77.402
2026-06-27 05:32:22,50,57,0,199,3.915,78.741
2026-06-27 05:37:22,53,66,0,207,3.803,77.165
2026-06-27 05:42:21,50,64,0,216,3.843,77.303
2026-06-27 05:47:22,52,64,0,227,3.747,77.894
2026-06-27 05:52:31,50,60,0,209,3.776,78.34
2026-06-27 05:57:22,50,60,0,212,3.685,78.283
2026-06-27 06:02:22,48,58,0,223,3.712,78.695
2026-06-27 06:07:22,48,58,0,215,3.661,78.577
2026-06-27 06:12:22,51,61,0,260,3.485,78.941
2026-06-27 06:17:22,52,63,0,223,3.354,79.813
2026-06-27 06:22:22,52,64,0,222,3.314,80.614
2026-06-27 06:27:22,49,61,0,221,3.29,79.101
2026-06-27 06:32:22,51,62,0,198,3.239,78.163
2026-06-27 06:37:22,51,62,0,196,3.288,77.417
2026-06-27 06:42:22,50,58,0,226,3.143,78.22
2026-06-27 06:47:22,50,61,0,238,3.205,77.211
2026-06-27 06:52:22,53,61,0,230,3.133,76.332
2026-06-27 06:57:22,51,61,0,237,3.231,77.076
2026-06-27 07:02:22,51,62,0,215,3.392,75.502
2026-06-27 07:07:22,52,63,0,240,3.488,75.077
2026-06-27 07:12:32,55,66,0,224,3.429,76.13
2026-06-27 07:17:22,52,65,0,226,3.501,76.349
2026-06-27 07:22:22,54,67,0,221,3.365,75.394
2026-06-27 07:27:22,55,68,0,226,3.296,76.536
2026-06-27 07:32:29,53,66,0,250,3.317,76.675
2026-06-27 07:37:22,55,67,0,261,3.381,76.25
2026-06-27 07:42:22,53,66,0,241,3.312,75.386
2026-06-27 07:47:22,52,65,0,227,3.344,76.004
2026-06-27 07:52:22,50,61,0,197,3.293,76.628
2026-06-27 07:57:22,51,63,0,193,3.101,77.238
2026-06-27 08:02:22,52,63,0,212,3.157,76.998
2026-06-27 08:07:23,55,69,0,721,2.762,76.273
2026-06-27 08:12:23,51,64,0,225,2.855,75.926
2026-06-27 08:17:23,51,61,0,174,3.013,74.833
2026-06-27 08:22:23,54,67,0,218,2.948,77.003
2026-06-27 08:27:23,58,70,0,229,3.146,76.612
2026-06-27 08:32:24,53,66,0,235,3.544,74.074
2026-06-27 08:37:30,62,77,101,266,4.057,71.005
2026-06-27 08:42:32,52,65,0,235,4.11,72.319
2026-06-27 08:47:23,55,69,0,246,3.931,74.81
2026-06-27 08:52:32,50,61,0,250,4.244,73.904
2026-06-27 08:57:23,55,68,0,396,4.503,72.878
2026-06-27 09:02:23,54,67,0,290,4.767,72.588
2026-06-27 09:07:24,56,69,0,231,4.997,71.453
2026-06-27 09:12:23,52,64,0,228,5.24,68.834
2026-06-27 09:17:23,53,64,0,224,5.515,66.663
2026-06-27 09:22:23,49,59,0,215,6.046,64.293
2026-06-27 09:27:23,61,77,0,265,6.412,64.623
2026-06-27 09:32:23,50,62,0,226,6.658,63.453
2026-06-27 09:37:23,51,66,0,210,7.095,61.458
2026-06-27 09:42:24,57,72,0,225,7.264,61.542
2026-06-27 09:47:23,52,66,0,203,7.512,60.222
2026-06-27 09:52:24,53,66,0,222,7.91,59.787
2026-06-27 09:57:23,53,64,0,227,8.22,59.568
2026-06-27 10:02:24,52,63,0,186,8.722,55.889
2026-06-27 10:07:23,51,62,0,190,9.309,54.557
2026-06-27 10:12:24,48,59,0,185,10.457,52.86
2026-06-27 10:17:23,47,55,0,151,11.483,47.031
2026-06-27 10:22:23,46,56,0,138,11.758,48.698
2026-06-27 10:27:23,48,58,0,155,12.455,48.845
2026-06-27 10:32:24,47,57,0,144,13.128,47.166
2026-06-27 10:37:23,47,58,0,156,14.014,41.66
2026-06-27 10:42:24,43,53,0,121,14.45,40.683
2026-06-27 10:47:23,42,51,0,101,14.487,38.947
2026-06-27 10:52:23,42,49,0,108,15.488,39.167
2026-06-27 10:57:24,44,54,0,94,15.908,38.104
2026-06-27 11:02:24,44,55,0,127,16.546,36.006
2026-06-27 11:07:25,43,53,0,165,17.133,35.468
2026-06-27 11:12:25,46,56,0,124,16.968,35.867
2026-06-27 11:17:25,43,53,0,80,17.36,33.546
2026-06-27 11:22:24,42,51,0,135,17.157,33.519
2026-06-27 11:27:25,38,46,0,82,17.08,31.491
2026-06-27 11:32:24,39,48,0,56,17.467,32.59
2026-06-27 11:37:25,40,49,0,48,16.807,33.973
2026-06-27 11:42:24,40,47,0,55,17.745,33.303
2026-06-27 11:47:25,40,49,0,57,18.556,30.713
2026-06-27 11:52:25,37,45,0,36,19.267,29.088
2026-06-27 11:57:25,36,45,0,6,19.494,28.199
2026-06-27 12:02:25,32,35,0,0,20.415,24.426
2026-06-27 12:07:25,31,34,0,4,20.882,25.64
2026-06-27 12:12:25,30,34,0,6,21.315,24.425
2026-06-27 12:17:25,30,35,0,0,21.694,23.974
2026-06-27 12:22:25,32,38,0,0,21.593,23.644
2026-06-27 12:27:26,35,41,0,0,21.048,24.785
2026-06-27 12:32:25,34,37,0,0,21.152,25.003
2026-06-27 12:37:25,35,44,0,0,23.032,22.294
2026-06-27 12:42:25,35,40,0,0,23.499,22.782
2026-06-27 12:47:25,36,43,0,0,23.502,22.267
2026-06-27 12:52:25,34,42,0,0,23.104,23.238
2026-06-27 12:57:25,38,43,0,0,23.339,22.161
2026-06-27 13:02:25,34,38,0,0,22.639,23.534
2026-06-27 13:07:25,36,43,0,0,20.85,24.423
2026-06-27 13:12:25,35,41,0,0,20.925,24.524
2026-06-27 13:17:25,31,36,0,0,21.427,24.079
2026-06-27 13:22:26,35,42,0,0,21.472,24.804
2026-06-27 13:27:34,33,36,0,0,21.902,25.271
2026-06-27 13:32:25,35,40,0,0,22.079,24.472
2026-06-27 13:37:25,38,45,0,0,21.78,25.226
2026-06-27 13:42:25,41,49,0,0,21.379,25.06
2026-06-27 13:47:25,37,43,0,0,21.371,25.92
2026-06-27 13:52:25,39,47,0,0,20.674,27.757
2026-06-27 13:57:25,38,46,0,0,20.77,27.32
2026-06-27 14:02:25,39,47,0,0,20.776,27.623
2026-06-27 14:07:26,39,46,0,0,20.434,27.448
2026-06-27 14:12:26,40,49,0,0,20.634,27.078
2026-06-27 14:17:26,42,50,0,0,20.351,29.744
2026-06-27 14:22:26,40,47,0,0,20.183,29.998
2026-06-27 14:27:26,36,46,0,0,20.004,29.46
2026-06-27 14:32:26,39,45,0,0,20.039,28.226
2026-06-27 14:37:26,36,41,0,0,20.362,28.23
2026-06-27 14:42:26,37,46,0,0,19.982,29.607
2026-06-27 14:47:26,35,41,0,0,19.801,30.009
2026-06-27 14:52:26,34,40,0,0,19.862,29.611
2026-06-27 14:57:27,33,35,0,0,20.1,29.46
2026-06-27 15:02:26,34,38,0,0,19.953,29.775
2026-06-27 15:07:27,34,42,0,0,19.467,30.4
2026-06-27 15:12:26,31,36,0,0,19.659,30.498
2026-06-27 15:17:26,32,35,0,0,19.366,30.627
2026-06-27 15:22:26,33,39,0,0,19.499,30.58
2026-06-27 15:27:26,34,41,0,0,19.227,31.669
2026-06-27 15:32:26,33,38,0,0,19.165,31.982
2026-06-27 15:37:26,33,37,0,0,18.912,32.825
2026-06-27 15:42:35,29,33,0,0,18.89,33.74
2026-06-27 15:47:27,30,34,0,0,18.701,34.787
2026-06-27 15:52:26,29,30,0,0,19.093,35.091
2026-06-27 15:57:26,29,33,0,0,18.834,36.39
2026-06-27 16:03:06,29,32,0,0,18.674,36.35
2026-06-27 16:07:26,27,29,0,0,18.554,36.832
2026-06-27 16:12:26,28,30,0,0,18.412,37.656
2026-06-27 16:17:26,28,33,0,0,18.295,38.56
2026-06-27 16:22:27,29,32,0,0,18.135,39.275
2026-06-27 16:27:26,30,31,0,0,17.918,41.147
2026-06-27 16:32:26,25,27,0,0,17.836,42.451
2026-06-27 16:37:27,26,28,0,0,17.438,44.486
2026-06-27 16:42:26,30,30,0,0,17.272,45.097
2026-06-27 16:47:27,29,29,0,0,17.133,45.942
2026-06-27 16:52:27,30,33,0,0,16.85,46.848
2026-06-27 16:57:27,28,28,0,0,16.946,46.293
2026-06-27 17:02:27,30,30,0,0,16.813,46.264
2026-06-27 17:07:28,28,30,0,0,16.519,47.74
2026-06-27 17:12:27,32,36,0,0,16.436,47.681
2026-06-27 17:17:28,29,34,0,0,16.252,47.529
2026-06-27 17:22:27,31,34,0,0,15.94,49.739
2026-06-27 17:27:28,30,34,0,0,15.934,49.022
2026-06-27 17:32:28,32,34,0,0,15.747,49.766
2026-06-27 17:37:49,33,36,0,0,15.579,50.411
2026-06-27 17:42:28,29,32,0,0,15.368,50.58
2026-06-27 17:47:28,31,34,0,0,15.235,51.21
2026-06-27 17:52:28,29,32,0,0,15.109,51.183
2026-06-27 17:57:28,29,31,0,0,14.941,51.485
2026-06-27 18:02:28,32,37,0,0,14.789,51.488
2026-06-27 18:07:28,29,30,0,0,14.714,51.132
2026-06-27 18:12:28,30,34,0,0,14.623,50.846
2026-06-27 18:17:28,35,41,0,54,14.495,51.042
2026-06-27 18:22:28,32,35,0,50,14.228,52.017
2026-06-27 18:27:28,47,60,0,107,13.934,52.928
2026-06-27 18:32:37,37,43,0,89,13.734,53.274
2026-06-27 18:37:28,51,62,0,225,13.507,54.298
2026-06-27 18:42:37,26,27,0,11,13.229,55.475
2026-06-27 18:47:28,43,52,0,145,13.008,56.196
2026-06-27 18:52:28,30,34,0,44,12.759,57.01
2026-06-27 18:57:28,36,42,0,57,12.546,57.457
2026-06-27 19:02:28,33,35,0,111,12.22,58.5
2026-06-27 19:07:28,42,51,0,146,11.995,59.969
2026-06-27 19:12:28,49,63,0,331,11.632,61.237
2026-06-27 19:17:28,54,70,0,278,11.467,61.884
2026-06-27 19:22:28,41,49,0,185,11.48,61.462
2026-06-27 19:27:28,37,44,0,167,11.205,62.164
2026-06-27 19:32:28,38,47,0,183,11.056,62.208
2026-06-27 19:37:28,36,41,0,189,10.911,62.889
2026-06-27 19:42:28,52,66,0,371,10.738,63.314
2026-06-27 19:47:28,56,72,0,385,10.524,63.537
2026-06-27 19:52:28,46,56,0,275,10.404,63.873
2026-06-27 19:57:28,62,75,0,426,10.369,64.457
2026-06-27 20:02:28,69,78,0,449,10.158,64.83
2026-06-27 20:07:29,60,72,0,1372,9.779,66.566
2026-06-27 20:12:29,88,92,0,1196,9.718,66.448
2026-06-27 20:17:29,67,79,0,483,9.635,66.133
2026-06-27 20:22:30,51,62,0,253,9.504,65.489
2026-06-27 20:27:29,85,95,0,328,9.368,65.658
2026-06-27 20:32:30,53,68,0,261,9.347,63.997
2026-06-27 20:37:29,48,59,0,256,9.304,64.214
2026-06-27 20:42:30,53,68,0,256,9.576,62.542
2026-06-27 20:47:29,50,64,0,264,9.261,63.163
2026-06-27 20:52:29,39,47,0,200,9.656,60.253
2026-06-27 20:57:29,46,56,0,208,9.253,62.757
2026-06-27 21:02:30,71,81,0,313,9.096,63.635
2026-06-27 21:07:29,59,74,0,255,8.818,65.069
2026-06-27 21:12:30,63,76,0,274,8.935,64.531
2026-06-27 21:17:29,97,104,0,426,8.612,65.46
2026-06-27 21:22:30,59,74,0,264,8.602,65.561
2026-06-27 21:27:30,56,69,0,267,8.513,65.269
2026-06-27 21:32:29,58,70,0,278,8.431,65.134
2026-06-27 21:37:29,58,73,0,326,8.225,66.412
2026-06-27 21:42:29,56,71,0,277,8.27,66.078
2026-06-27 21:47:30,224,239,0,607,8.185,66.728
2026-06-27 21:52:30,95,100,0,422,7.971,67.234
2026-06-27 21:57:30,124,131,0,638,7.787,67.602
2026-06-27 22:02:30,118,123,0,657,7.646,67.945
2026-06-27 22:07:30,90,96,0,500,7.285,68.434
2026-06-27 22:12:30,98,104,0,634,7.232,68.125
2026-06-27 22:17:29,83,90,0,514,7.055,68.071
2026-06-27 22:22:30,79,87,0,425,6.863,67.911
2026-06-27 22:27:30,67,82,0,291,6.66,66.749
2026-06-27 22:32:30,88,93,0,399,6.249,68.395
2026-06-27 22:37:30,90,96,0,1628,6.097,67.955
2026-06-27 22:42:30,70,81,0,296,5.929,68.617
2026-06-27 22:47:30,100,108,0,506,5.694,69.299
2026-06-27 22:52:30,66,80,0,338,5.779,68.664
2026-06-27 22:57:30,56,70,0,258,5.715,68.798
2026-06-27 23:02:30,58,72,0,270,5.832,68.437
2026-06-27 23:07:31,55,70,0,586,5.784,67.72
2026-06-27 23:12:31,56,72,0,257,5.787,66.757
2026-06-27 23:17:31,55,71,0,266,5.643,68.125
2026-06-27 23:22:31,54,68,0,240,5.595,66.744
2026-06-27 23:27:31,56,68,0,251,5.501,67.453
2026-06-27 23:32:31,57,71,0,252,5.541,66.917
2026-06-27 23:37:31,54,67,0,228,5.491,66.528
2026-06-27 23:42:31,57,71,0,256,5.597,65.645
2026-06-27 23:47:31,57,72,0,236,5.672,65.622
2026-06-27 23:52:31,53,66,0,276,5.512,67.358
2026-06-27 23:57:31,53,66,0,256,5.357,68.189
2026-06-28 00:02:31,53,65,0,253,5.336,68.243
2026-06-28 00:07:31,52,65,0,228,5.242,68.849
2026-06-28 00:12:31,53,65,0,239,5.25,68.269
2026-06-28 00:17:31,134,144,0,521,5.149,68.985
2026-06-28 00:22:31,120,128,0,529,5.095,68.847
2026-06-28 00:27:31,109,117,0,696,5.066,68.64
2026-06-28 00:32:39,84,91,0,578,4.932,68.264
2026-06-28 00:37:31,66,80,0,360,4.783,67.362
2026-06-28 00:42:31,61,77,0,324,4.708,66.513
2026-06-28 00:47:31,60,75,0,398,4.588,66.44
2026-06-28 00:52:31,66,81,0,369,4.414,67.198
2026-06-28 00:57:31,65,81,0,400,4.337,67.449
2026-06-28 01:02:31,65,82,0,374,4.337,67.295
2026-06-28 01:07:31,63,80,0,299,4.166,67.903
2026-06-28 01:12:31,61,77,0,256,4.406,66.223
2026-06-28 01:17:31,64,81,0,249,4.663,65.649
2026-06-28 01:22:31,61,76,0,240,5.069,64.878
2026-06-28 01:27:52,61,77,0,282,5.087,63.465
2026-06-28 01:32:31,70,83,0,307,4.924,65.313
2026-06-28 01:37:31,86,94,0,279,4.748,65.443
2026-06-28 01:42:31,69,87,0,299,4.543,67.049
2026-06-28 01:47:31,70,85,0,399,4.524,66.515
2026-06-28 01:52:31,67,85,0,350,4.503,66.557
2026-06-28 01:57:31,62,77,0,236,4.316,66.028
2026-06-28 02:02:31,62,77,0,304,4.297,65.702
2026-06-28 02:07:33,61,76,0,533,4.214,65.746
2026-06-28 02:12:32,61,76,0,257,4.209,65.855
2026-06-28 02:17:32,82,92,0,324,4.099,66.175
2026-06-28 02:22:32,61,78,0,294,4.043,66.612
2026-06-28 02:27:32,62,81,0,287,3.995,67.077
2026-06-28 02:32:32,75,89,0,315,3.894,66.839
2026-06-28 02:37:32,59,75,0,277,3.766,66.898
2026-06-28 02:42:32,70,86,0,368,3.712,67.36
2026-06-28 02:47:41,68,85,0,260,3.472,67.844
2026-06-28 02:52:33,63,78,0,363,3.597,67.329
2026-06-28 02:57:32,56,72,0,222,4.094,64.539
2026-06-28 03:02:33,62,80,0,183,5.485,58.042
2026-06-28 03:07:33,86,96,402,232,5.643,58.008
2026-06-28 03:12:32,73,85,0,228,5.667,59.116
2026-06-28 03:17:32,63,78,0,235,5.728,58.513
2026-06-28 03:22:32,55,68,0,201,5.888,55.883
2026-06-28 03:27:33,59,75,0,223,5.792,56.758
2026-06-28 03:32:32,55,70,0,229,5.421,57.268
2026-06-28 03:37:32,55,71,0,218,4.895,58.979
2026-06-28 03:42:33,60,74,0,209,4.93,59.732
2026-06-28 03:47:32,56,72,0,205,4.892,59.461
2026-06-28 03:52:32,56,73,803,176,5.715,56.528
2026-06-28 03:57:33,62,77,0,189,5.613,55.954
2026-06-28 04:02:33,54,66,0,183,5.175,58.586
2026-06-28 04:07:32,55,67,0,177,4.818,59.204
2026-06-28 04:12:32,57,74,0,233,4.943,58.794
2026-06-28 04:17:33,56,68,0,195,5.085,57.899
2026-06-28 04:22:33,52,65,0,196,5.021,57.43
2026-06-28 04:27:33,55,71,0,197,4.919,59.167
2026-06-28 04:32:33,55,69,0,189,4.473,60.39
2026-06-28 04:37:33,53,67,0,191,4.27,61.315
2026-06-28 04:42:33,51,63,0,193,4.054,61.998
2026-06-28 04:47:33,54,69,0,191,3.95,59.835
2026-06-28 04:52:33,53,66,0,188,3.723,61.483
2026-06-28 04:57:33,51,62,0,190,3.565,61.264
2026-06-28 05:02:33,53,66,0,189,3.576,61.067
2026-06-28 05:07:34,54,67,0,303,3.472,61.632
2026-06-28 05:12:33,52,66,0,233,3.386,62.641
2026-06-28 05:17:34,53,67,0,191,3.293,62.94
2026-06-28 05:22:34,53,67,0,193,3.045,64.459
2026-06-28 05:27:34,49,61,0,179,2.812,64.569
2026-06-28 05:32:34,51,64,0,243,2.7,64.865
2026-06-28 05:37:34,53,62,0,214,2.796,64.365
2026-06-28 05:42:34,56,71,0,223,2.42,65.881
2026-06-28 05:47:33,58,72,0,194,3.362,62.395
2026-06-28 05:52:34,55,69,0,193,3.648,60.764
2026-06-28 05:57:34,53,62,0,184,3.44,60.85
2026-06-28 06:02:34,60,75,101,206,4.348,56.961
2026-06-28 06:07:34,66,85,101,191,4.791,56.289
2026-06-28 06:12:34,54,69,0,160,5.101,52.961
2026-06-28 06:17:55,48,58,0,147,5.015,53.432
2026-06-28 06:22:34,47,59,0,141,4.999,53.327
2026-06-28 06:27:34,48,57,0,119,5.443,52.007
2026-06-28 06:32:34,53,66,201,157,5.576,52.328
2026-06-28 06:37:34,52,66,0,176,5.237,54.029
2026-06-28 06:42:34,55,69,0,157,4.807,55.845
2026-06-28 06:47:54,50,61,0,175,4.524,56.85
2026-06-28 06:52:40,50,64,0,172,4.137,57.947
2026-06-28 06:57:34,49,60,0,183,3.701,60.06
2026-06-28 07:02:34,71,85,201,211,3.766,60.926
2026-06-28 07:07:34,57,71,0,245,3.579,61.536
2026-06-28 07:12:34,54,68,0,224,3.381,62.187
2026-06-28 07:17:34,59,73,0,215,3.221,61.868
2026-06-28 07:22:34,56,70,0,203,3.466,59.98
2026-06-28 07:27:34,77,91,101,186,3.442,59.993
2026-06-28 07:32:34,72,90,302,205,3.926,57.396
2026-06-28 07:37:34,71,86,201,210,3.75,57.476
2026-06-28 07:42:34,62,78,302,204,3.552,58.786
2026-06-28 07:47:34,57,74,0,211,3.394,60.117
2026-06-28 07:52:34,52,63,0,186,3.122,60.907
2026-06-28 07:57:34,50,61,0,155,3.36,58.845
2026-06-28 08:02:34,50,63,0,156,3.742,56.951
2026-06-28 08:07:35,47,56,0,270,3.824,56.972
2026-06-28 08:12:35,55,69,101,160,4.505,53.779
2026-06-28 08:17:35,51,64,0,187,4.356,54.266
2026-06-28 08:22:35,56,71,0,152,4.393,53.64
2026-06-28 08:27:35,49,62,0,136,4.994,51.105
2026-06-28 08:32:35,56,69,0,165,5.173,50.76
2026-06-28 08:37:35,51,64,0,133,5.426,50.313
2026-06-28 08:42:35,55,67,0,111,6.276,46.708
2026-06-28 08:47:35,48,59,0,75,6.81,43.784
2026-06-28 08:52:35,42,50,0,63,7.317,42.43
2026-06-28 08:57:36,46,58,0,67,7.659,41.614
2026-06-28 09:02:35,55,70,302,81,8.022,40.815
2026-06-28 09:07:36,51,65,101,117,7.918,45.047
2026-06-28 09:12:36,42,55,0,109,7.499,45.438
2026-06-28 09:17:45,40,52,0,75,7.192,43.87
2026-06-28 09:22:36,42,50,0,74,6.983,45.144
2026-06-28 09:27:36,42,53,0,79,6.978,44.429
2026-06-28 09:32:35,41,49,0,75,7.245,44.837
2026-06-28 09:37:35,41,49,0,89,7.397,45.73
2026-06-28 09:42:35,41,51,0,95,7.667,46.111
2026-06-28 09:47:45,47,56,0,102,8.172,44.95
2026-06-28 09:52:35,43,53,0,75,8.463,43.577
2026-06-28 09:57:36,44,54,0,84,8.767,43.325
2026-06-28 10:02:36,39,47,0,52,9.063,41.864
2026-06-28 10:07:35,39,46,0,35,9.552,40.18
2026-06-28 10:12:36,39,46,0,43,10.532,38.066
2026-06-28 10:17:36,38,46,0,32,11.371,36.8
2026-06-28 10:22:35,38,46,0,29,11.632,36.615
2026-06-28 10:27:35,41,50,0,33,12.161,35.485
2026-06-28 10:32:35,45,55,101,40,13.122,32.033
2026-06-28 10:37:45,40,48,0,24,13.667,29.618
2026-06-28 10:42:36,33,38,0,5,14.313,28.36
2026-06-28 10:47:35,31,35,0,0,15.163,26.643
2026-06-28 10:52:35,36,43,101,8,15.745,27.036
2026-06-28 10:57:36,40,49,101,12,16.022,26.626
2026-06-28 11:02:36,36,42,0,0,16.231,26.033
2026-06-28 11:07:37,38,45,0,0,17.026,24.987
2026-06-28 11:12:36,33,39,0,0,17.571,23.854
2026-06-28 11:17:37,33,38,0,0,17.403,24.865
2026-06-28 11:22:37,33,40,0,0,17.988,24.772
2026-06-28 11:27:37,34,39,0,0,18.674,24.606
2026-06-28 11:32:37,36,46,0,0,18.77,23.187
2026-06-28 11:37:37,35,40,0,0,18.808,23.784
2026-06-28 11:42:37,32,38,0,0,19.323,23.093
2026-06-28 11:47:37,33,37,0,0,19.288,23.404
2026-06-28 11:52:37,32,36,0,0,20.327,21.319
2026-06-28 11:57:37,32,38,0,0,19.414,22.269
2026-06-28 12:02:36,33,38,0,0,19.916,22.597
2026-06-28 12:07:37,35,40,0,0,18.906,22.668
2026-06-28 12:12:37,34,40,0,0,20.386,21.64
2026-06-28 12:17:37,33,35,0,0,20.658,21.016
2026-06-28 12:22:37,31,35,0,0,20.768,20.841
2026-06-28 12:27:37,31,34,0,0,20.946,20.497
2026-06-28 12:32:46,29,32,0,0,21.566,19.853
2026-06-28 12:37:37,32,35,0,0,21.667,19.61
2026-06-28 12:42:37,29,33,0,0,21.742,19.294
2026-06-28 12:47:37,29,32,0,0,22.028,19.238
2026-06-28 12:52:37,26,28,0,0,22.602,18.42
2026-06-28 12:57:37,28,31,0,0,23.104,18.079
2026-06-28 13:02:37,28,28,0,0,22.997,17.772
2026-06-28 13:07:37,25,26,0,0,22.578,17.739
2026-06-28 13:12:37,27,28,0,0,22.776,17.51
2026-06-28 13:17:37,26,28,0,0,23.408,17.938
2026-06-28 13:22:37,25,26,0,0,23.673,16.694
2026-06-28 13:27:37,22,22,0,0,24.354,15.759
2026-06-28 13:32:37,22,23,0,0,23.726,16.425
2026-06-28 13:37:37,32,34,93,0,24.543,15.294
2026-06-28 13:42:37,23,27,0,0,24.912,15.542
2026-06-28 13:47:37,17,22,0,0,24.915,14.951
2026-06-28 13:52:58,19,22,0,0,25.574,14.521
2026-06-28 13:57:46,19,23,0,0,25.943,14.304
2026-06-28 14:02:37,19,19,0,0,25.897,13.799
2026-06-28 14:07:38,17,18,0,0,25.256,14.235
2026-06-28 14:12:38,17,18,0,0,25.531,11.966
2026-06-28 14:17:48,21,22,88,0,25.641,13.493
2026-06-28 14:22:48,17,19,0,0,24.973,14.596
2026-06-28 14:27:38,13,14,0,0,25.649,13.043
2026-06-28 14:32:38,7,7,0,0,25.254,14.066
2026-06-28 14:37:38,8,8,0,0,26.047,12.631
2026-06-28 14:42:39,7,8,0,0,26.402,13.047
2026-06-28 14:47:38,9,9,0,0,26.394,12.624
2026-06-28 14:52:38,9,11,0,0,26.738,12.757
2026-06-28 14:57:38,9,11,0,0,26.236,12.887
2026-06-28 15:02:38,8,8,0,0,26.648,11.416
2026-06-28 15:07:38,7,7,0,0,26.8,12.236
2026-06-28 15:12:39,5,5,0,0,26.461,11.565
2026-06-28 15:17:38,4,4,0,0,26.64,9.221
2026-06-28 15:22:38,2,2,0,0,26.869,8.586
2026-06-28 15:27:38,4,4,0,0,26.047,9.61
2026-06-28 15:32:39,3,3,0,0,26.212,9.631
2026-06-28 15:37:38,2,3,0,0,26.511,8.631
2026-06-28 15:42:39,2,2,0,0,26.143,9.484
2026-06-28 15:47:48,3,3,0,0,26.477,9.423
2026-06-28 15:52:38,6,6,0,0,26.389,8.506
2026-06-28 15:57:38,2,2,0,0,26.533,9.824
2026-06-28 16:03:01,2,3,0,0,26.421,9.152
2026-06-28 16:07:39,2,2,0,0,26.132,9.312
2026-06-28 16:12:39,2,2,0,0,26.004,9.797
2026-06-28 16:17:39,0,1,0,0,26.164,9.967
2026-06-28 16:22:39,1,2,0,0,25.903,10.579
2026-06-28 16:27:39,3,3,0,0,25.441,9.923
2026-06-28 16:32:39,1,1,0,0,25.7,10.148
2026-06-28 16:37:38,0,1,0,0,25.737,8.389
2026-06-28 16:42:39,0,0,0,0,25.78,9.801
2026-06-28 16:47:39,1,1,0,0,25.662,9.478
2026-06-28 16:52:39,0,2,0,0,25.075,8.841
2026-06-28 16:57:39,0,0,0,0,24.162,7.228
2026-06-28 17:02:39,0,0,0,0,24.316,7.907
2026-06-28 17:07:40,1,1,0,21,23.157,13.301
2026-06-28 17:12:40,1,1,0,4,22.53,7.832
2026-06-28 17:17:40,0,0,0,0,22.137,9.255
2026-06-28 17:22:40,1,1,0,0,21.681,8.37
2026-06-28 17:27:40,0,0,0,0,21.24,8.094
2026-06-28 17:32:40,0,0,0,0,20.92,8.218
2026-06-28 17:37:40,14,14,0,60,20.129,13.774
2026-06-28 17:42:40,81,83,0,325,19.072,16.215
2026-06-28 17:47:56,11,12,0,147,18.687,17.655
2026-06-28 17:52:40,25,27,0,205,17.614,21.14
2026-06-28 17:57:40,39,47,0,533,16.936,22.473
2026-06-28 18:02:40,21,25,0,143,16.236,19.977
2026-06-28 18:07:40,4,5,0,63,16.001,22.584
2026-06-28 18:12:40,9,11,0,207,15.411,23.171
2026-06-28 18:17:40,100,106,0,517,15.045,22.046
2026-06-28 18:22:40,29,30,0,319,14.671,22.441
2026-06-28 18:27:40,18,19,0,88,14.506,22.294
2026-06-28 18:32:40,24,27,0,142,14.38,20.028
2026-06-28 18:37:40,24,26,0,162,14.097,21.502
2026-06-28 18:42:40,26,27,0,220,13.865,19.429
2026-06-28 18:47:40,22,23,0,251,14.017,19.046
2026-06-28 18:52:40,22,22,0,276,13.785,19.778
2026-06-28 18:57:40,23,23,0,274,13.424,20.884
2026-06-28 19:02:40,19,19,0,270,13.275,21.628
2026-06-28 19:07:40,15,20,0,252,13.056,21.848
2026-06-28 19:12:40,16,22,0,357,12.898,21.335
2026-06-28 19:17:41,38,46,0,426,12.607,20.959
2026-06-28 19:22:40,46,57,0,477,12.279,23.273
2026-06-28 19:27:40,22,25,0,325,12.14,22.567
2026-06-28 19:32:40,23,25,0,314,11.883,22.672
2026-06-28 19:37:40,29,31,0,316,11.707,23.591
2026-06-28 19:42:46,28,29,0,336,11.408,24.159
2026-06-28 19:47:40,19,20,0,359,11.392,23.24
2026-06-28 19:52:41,12,14,0,281,11.25,23.746
2026-06-28 19:57:40,21,23,0,288,10.917,25.226
2026-06-28 20:02:40,37,42,0,336,11.307,23.822
2026-06-28 20:07:42,38,47,0,439,10.628,25.746
2026-06-28 20:12:41,53,68,0,472,10.61,27.587
2026-06-28 20:17:41,83,90,0,610,10.241,28.123
2026-06-28 20:22:42,49,60,0,406,10.062,28.884
2026-06-28 20:27:41,61,74,0,509,9.702,30.038
2026-06-28 20:32:41,31,32,0,350,9.656,28.174
2026-06-28 20:37:41,62,75,0,695,9.539,30.975
2026-06-28 20:42:41,64,75,0,529,8.962,35.766
2026-06-28 20:47:41,28,33,0,222,8.738,34.311
2026-06-28 20:52:41,43,53,0,358,8.385,35.939
2026-06-28 20:57:41,33,36,0,212,8.471,33.164
2026-06-28 21:02:42,33,37,0,238,8.644,33.399
2026-06-28 21:07:42,33,37,0,305,8.46,33.693
2026-06-28 21:12:41,55,69,0,452,8.198,35.15
2026-06-28 21:17:42,44,52,0,394,8.129,35.308
2026-06-28 21:22:42,52,64,0,499,8.244,35.003
2026-06-28 21:27:41,40,46,0,353,8.436,34.438
2026-06-28 21:32:41,37,41,0,343,8.812,30.54
2026-06-28 21:37:41,39,47,0,347,8.505,32.203
2026-06-28 21:42:41,55,67,0,409,8.428,33.624
2026-06-28 21:47:42,43,50,0,344,8.676,31.411
2026-06-28 21:52:50,33,37,0,297,8.938,30.524
2026-06-28 21:57:45,31,34,0,358,8.396,32.336
2026-06-28 22:02:42,34,35,0,438,8.188,32.855
2026-06-28 22:07:42,34,37,0,327,8.182,32.861
2026-06-28 22:12:42,37,47,0,295,8.361,30.818
2026-06-28 22:17:42,37,42,0,317,8.348,31.768
2026-06-28 22:22:42,98,102,0,473,8.268,33.746
2026-06-28 22:27:41,35,39,0,317,8.209,31.619
2026-06-28 22:32:42,32,32,0,314,8.254,30.637
2026-06-28 22:37:42,34,35,0,264,8.121,32.172
2026-06-28 22:42:42,31,32,0,292,8.236,31.545
2026-06-28 22:47:42,32,34,0,257,8.452,29.821
2026-06-28 22:52:42,36,40,0,234,8.748,28.077
2026-06-28 22:57:42,38,45,0,298,9.077,27.888
2026-06-28 23:02:42,29,30,0,192,8.938,28.655
2026-06-28 23:07:43,38,42,0,297,9.106,27.627
2026-06-28 23:12:43,36,39,0,261,8.663,30.299
2026-06-28 23:17:43,40,48,0,229,8.588,30.959
2026-06-28 23:22:43,47,59,0,356,8.626,30.633
2026-06-28 23:27:43,48,59,0,286,8.476,31.665
2026-06-28 23:32:43,49,62,0,329,8.121,32.581
2026-06-28 23:37:43,40,48,0,320,7.937,32.455
2026-06-28 23:42:52,39,50,0,258,7.824,32.237
2026-06-28 23:47:43,36,40,0,209,7.723,33.179
2026-06-28 23:52:43,38,46,0,244,7.696,32.867
2026-06-28 23:57:43,47,60,98,301,7.784,32.26
2026-06-29 00:02:43,41,48,0,266,8.001,30.73
2026-06-29 00:07:43,48,56,0,320,7.878,31.789
2026-06-29 00:12:43,36,41,0,244,7.483,33.109
2026-06-29 00:17:43,36,40,0,230,7.245,34.108
2026-06-29 00:22:43,37,39,0,244,7.069,34.776
2026-06-29 00:27:43,37,44,0,429,6.831,36.164
2026-06-29 00:32:43,34,39,0,227,7.122,31.064
2026-06-29 00:37:43,39,46,0,340,7.349,32.317
2026-06-29 00:42:52,37,39,0,275,6.882,34.33
2026-06-29 00:47:43,40,46,0,271,6.743,34.734
2026-06-29 00:52:43,110,121,0,439,6.874,34.927
2026-06-29 00:57:43,79,89,0,352,6.812,36.09
2026-06-29 01:02:43,42,52,0,302,6.559,36.792
2026-06-29 01:07:43,37,42,0,269,6.46,37.399
2026-06-29 01:12:43,38,43,0,260,6.027,38.049
2026-06-29 01:17:43,41,48,0,278,5.787,38.724
2026-06-29 01:22:43,46,55,0,285,5.635,37.668
2026-06-29 01:27:43,40,44,0,246,5.531,37.164
2026-06-29 01:32:43,39,45,0,244,5.491,37.906
2026-06-29 01:37:43,39,44,0,260,5.496,37.58
2026-06-29 01:42:44,48,59,0,305,5.373,38.181
2026-06-29 01:47:43,50,61,0,357,5.213,39.893
2026-06-29 01:52:44,42,48,0,271,5.031,39.657
2026-06-29 01:57:43,38,43,0,256,5.031,38.305
2026-06-29 02:02:44,36,42,0,227,5.221,37.288
2026-06-29 02:07:45,38,44,0,316,5.224,38.617
2026-06-29 02:12:44,41,47,0,289,5.261,37.683
2026-06-29 02:17:44,35,41,0,250,5.242,38.036
2026-06-29 02:22:45,36,36,0,253,5.143,38.255
2026-06-29 02:27:44,35,40,0,256,5.162,39.085
2026-06-29 02:32:44,35,41,0,229,5.451,37.156
2026-06-29 02:37:45,38,41,0,240,5.413,38.251
2026-06-29 02:42:45,40,50,0,263,5.501,38.169
2026-06-29 02:47:44,39,45,0,249,5.488,38.188
2026-06-29 02:52:45,39,45,0,220,5.699,36.454
2026-06-29 02:57:44,40,46,0,214,5.742,37.399
2026-06-29 03:02:45,38,43,0,208,5.565,37.717
2026-06-29 03:07:44,40,47,0,226,5.517,37.307
2026-06-29 03:12:45,36,41,0,230,5.325,38.425
2026-06-29 03:17:45,39,47,0,217,5.114,39.119
2026-06-29 03:22:45,38,43,0,251,5.039,39.436
2026-06-29 03:27:45,33,36,0,210,5.095,39.142
2026-06-29 03:32:44,35,41,0,185,4.959,39.871
2026-06-29 03:37:45,38,41,0,227,5.325,37.099
2026-06-29 03:42:44,36,41,0,232,4.957,39.731
2026-06-29 03:47:44,36,37,0,229,4.834,39.363
2026-06-29 03:52:45,36,41,0,201,4.487,42.093
2026-06-29 03:57:45,36,44,0,221,4.572,42.054
2026-06-29 04:02:45,34,36,0,246,4.529,43.727
2026-06-29 04:07:44,39,44,0,197,4.003,45.389
2026-06-29 04:12:44,40,47,0,195,4.524,39.632
2026-06-29 04:17:44,41,45,0,176,4.636,39.958
2026-06-29 04:22:45,39,44,0,213,4.497,41.757
2026-06-29 04:27:44,42,48,0,212,4.382,43.735
2026-06-29 04:32:51,36,40,0,184,4.404,42.089
2026-06-29 04:37:44,34,37,0,189,4.294,43.922
2026-06-29 04:42:45,32,33,0,176,4.195,44.647
2026-06-29 04:47:54,34,38,0,222,4.065,42.449
2026-06-29 04:52:45,37,38,0,225,4.07,43.289
2026-06-29 04:57:45,37,37,0,235,4.033,43.508
2026-06-29 05:02:45,35,42,0,249,3.963,43.157
2026-06-29 05:07:46,36,38,0,284,3.942,42.608
2026-06-29 05:12:46,33,35,0,199,4.033,45.154
2026-06-29 05:17:46,35,36,0,219,3.968,43.144
2026-06-29 05:22:46,31,33,0,205,4.07,42.556
2026-06-29 05:27:45,30,32,0,202,4.129,41.244
2026-06-29 05:32:46,35,39,0,212,4.118,42.066
2026-06-29 05:37:46,37,38,0,166,4.273,43.096
2026-06-29 05:42:46,29,32,0,163,4.436,39.945
2026-06-29 05:47:45,29,33,0,166,4.406,40.479
2026-06-29 05:52:46,37,42,0,168,4.396,40.633
2026-06-29 05:57:46,34,37,0,203,4.31,40.744
2026-06-29 06:02:52,39,47,0,237,5.509,34.236
2026-06-29 06:07:46,35,36,0,212,5.085,38.228
2026-06-29 06:12:46,34,36,0,230,4.828,39.377
2026-06-29 06:17:53,28,29,0,188,4.601,39.258
2026-06-29 06:22:46,27,30,0,170,4.324,40.033
2026-06-29 06:27:46,36,38,0,201,4.23,41.438
2026-06-29 06:32:46,31,33,0,192,3.993,42.598
2026-06-29 06:37:46,43,51,0,190,3.803,43.601
2026-06-29 06:42:46,55,68,0,247,3.645,46.298
2026-06-29 06:47:46,27,27,0,196,3.378,46.434
2026-06-29 06:52:46,24,27,0,179,3.32,44.732
2026-06-29 06:57:46,23,24,0,162,3.381,43.254
2026-06-29 07:02:46,27,27,0,198,3.41,42.56
2026-06-29 07:07:46,27,29,0,200,3.306,45.343
2026-06-29 07:12:46,29,31,0,218,3.21,45.431
2026-06-29 07:17:46,25,25,0,184,3.077,46.052
2026-06-29 07:22:46,17,24,0,160,3.023,45.032
2026-06-29 07:27:46,17,24,0,146,2.916,44.307
2026-06-29 07:32:46,24,27,0,163,2.831,46.163
2026-06-29 07:37:55,22,25,0,179,2.561,45.982
2026-06-29 07:42:46,21,24,0,185,2.756,44.65
2026-06-29 07:47:46,19,24,0,219,2.9,46.352
2026-06-29 07:52:46,54,64,0,273,2.938,45.617
2026-06-29 07:57:46,20,25,0,187,2.911,45.675
2026-06-29 08:02:46,20,24,0,181,2.93,45.278
2026-06-29 08:07:47,17,19,0,602,3.151,44.494
2026-06-29 08:12:47,15,15,0,275,3.066,45.633
2026-06-29 08:17:48,15,19,0,142,3.159,44.605
2026-06-29 08:22:47,16,24,0,141,3.173,46.041
2026-06-29 08:27:47,17,18,0,164,3.213,45.974
2026-06-29 08:32:47,23,25,0,179,3.48,42.116
2026-06-29 08:37:47,21,22,0,176,3.923,39.157
2026-06-29 08:42:47,23,28,0,197,4.273,39.216
2026-06-29 08:47:47,22,23,0,239,4.211,41.753
2026-06-29 08:52:47,24,28,0,245,4.246,42.732
2026-06-29 08:57:47,28,29,0,230,4.444,40.18
2026-06-29 09:02:47,27,27,0,230,4.625,41.862
2026-06-29 09:07:47,40,45,0,319,4.957,41.519
2026-06-29 09:12:47,29,31,0,252,5.17,41.36
2026-06-29 09:17:48,22,23,0,236,5.549,38.875
2026-06-29 09:22:47,21,23,0,234,5.872,36.998
2026-06-29 09:27:48,22,27,0,201,6.062,36.424
2026-06-29 09:32:47,26,29,0,199,6.436,37.442
2026-06-29 09:37:48,34,36,0,130,6.81,39.342
2026-06-29 09:42:47,26,27,0,111,7.01,38.211
2026-06-29 09:47:48,26,29,0,185,7.208,38.083
2026-06-29 09:52:48,28,29,0,139,7.557,37.933
2026-06-29 09:57:47,21,21,0,92,8.126,36.237
2026-06-29 10:02:47,31,34,0,116,8.551,35.56
2026-06-29 10:07:47,22,22,0,92,8.922,32.539
2026-06-29 10:12:47,25,27,0,97,9.921,30.942
2026-06-29 10:17:47,22,22,0,76,11.411,26.998
2026-06-29 10:22:48,26,28,0,110,11.526,28.295
2026-06-29 10:27:48,21,23,0,136,12.708,27.135
2026-06-29 10:32:48,20,20,0,102,13.683,25.954
2026-06-29 10:37:48,15,18,0,109,14.495,24.018
2026-06-29 10:42:48,14,18,0,68,15.082,19.708
2026-06-29 10:47:48,6,7,0,29,15.974,19.093
2026-06-29 10:52:48,7,7,0,51,16.604,18.92
2026-06-29 10:57:48,4,4,0,0,17.566,16.717
2026-06-29 11:02:48,8,8,0,12,17.942,18.413
2026-06-29 11:07:56,7,7,0,0,18.548,17.291
2026-06-29 11:12:49,8,10,0,0,17.948,17.554
2026-06-29 11:17:49,7,7,0,1,19.277,16.498
2026-06-29 11:22:49,8,8,0,1,19.836,15.956
2026-06-29 11:27:49,11,11,0,0,18.327,18.128
2026-06-29 11:32:49,12,13,0,0,19.606,16.793
2026-06-29 11:37:49,14,15,0,0,19.275,17.478
2026-06-29 11:42:48,12,12,0,0,20.669,16.148
2026-06-29 11:47:49,6,7,0,0,20.818,16.246
2026-06-29 11:52:48,10,14,0,0,20.001,17.222
2026-06-29 11:57:49,8,8,0,0,19.291,17.882
2026-06-29 12:02:49,8,8,0,0,20.757,15.517
2026-06-29 12:07:49,9,11,0,0,21.075,14.979
2026-06-29 12:12:49,14,16,0,0,21.128,16.52
2026-06-29 12:17:49,15,17,0,0,22.367,15.189
2026-06-29 12:22:49,16,16,0,0,23.032,14.968
2026-06-29 12:27:49,14,16,0,0,21.969,15.624
2026-06-29 12:32:49,19,19,0,0,21.902,15.773
2026-06-29 12:37:49,18,22,0,0,23.048,15.466
2026-06-29 12:42:49,18,19,0,0,23.638,14.659
2026-06-29 12:47:49,19,22,0,0,21.627,15.422
2026-06-29 12:52:49,21,22,0,0,23.593,14.062
2026-06-29 12:57:49,19,19,0,0,24.121,13.718
2026-06-29 13:02:49,8,11,0,0,24.573,12.021
2026-06-29 13:07:49,9,9,0,0,24.458,13.64
2026-06-29 13:12:49,5,5,0,0,24.61,11.479
2026-06-29 13:17:49,6,8,0,0,23.387,12.088
2026-06-29 13:22:49,8,8,0,0,23.376,12.208
2026-06-29 13:27:49,6,7,0,0,23.232,12.492
2026-06-29 13:32:49,7,7,0,0,22.314,12.933
2026-06-29 13:37:49,4,4,0,0,22.292,12.885
2026-06-29 13:42:49,6,7,0,0,21.371,11.704
2026-06-29 13:47:49,6,6,0,0,21.491,12.355
2026-06-29 13:57:49,6,7,0,0,21.085,13.778
2026-06-29 14:02:49,9,11,0,0,20.706,13.53
2026-06-29 14:07:50,8,10,0,0,20.743,14.243
2026-06-29 14:12:50,8,9,0,0,20.698,15.023
2026-06-29 14:17:50,8,8,0,0,20.348,14.521
2026-06-29 14:22:50,6,6,0,0,20.986,15.384
2026-06-29 14:27:51,5,5,0,0,20.551,15.178
2026-06-29 14:32:50,6,6,0,0,20.599,15.107
2026-06-29 14:37:50,7,7,0,0,20.978,15.593
2026-06-29 14:42:50,6,6,0,0,20.792,15.305
2026-06-29 14:47:50,7,8,0,0,20.541,15.843
2026-06-29 14:52:51,10,10,0,0,20.525,15.912
2026-06-29 14:57:59,8,8,0,0,20.287,16.19
2026-06-29 15:02:50,9,9,0,0,20.097,16.408
2026-06-29 15:07:50,5,5,0,0,20.209,16.591
2026-06-29 15:12:51,7,7,0,0,20.119,16.971
2026-06-29 15:18:00,7,7,0,0,20.284,16.883
2026-06-29 15:22:50,8,9,0,0,20.124,17.27
2026-06-29 15:27:50,10,10,0,0,20.006,17.171
2026-06-29 15:32:50,9,9,0,0,19.91,17.508
2026-06-29 15:37:50,9,9,0,0,19.718,17.621
2026-06-29 15:42:51,7,7,0,0,19.745,17.966
2026-06-29 15:47:50,10,13,0,0,19.731,18.378
2026-06-29 15:52:50,13,14,0,0,19.585,19.038
2026-06-29 15:57:51,8,8,0,0,19.718,19.345
2026-06-29 16:03:01,12,12,0,0,19.472,19.853
2026-06-29 16:07:51,8,12,0,0,19.566,20.478
2026-06-29 16:12:51,9,11,0,0,19.24,20.982
2026-06-29 16:17:50,8,8,0,0,19.136,21.583
2026-06-29 16:22:51,8,9,0,0,19.197,21.779
2026-06-29 16:27:51,8,8,0,0,19.024,22.113
2026-06-29 16:32:51,8,8,0,0,19.002,22.487
2026-06-29 16:37:51,8,8,0,0,18.949,21.947
2026-06-29 16:42:51,7,7,0,0,18.842,22.328
2026-06-29 16:47:51,8,8,0,0,18.661,22.752
2026-06-29 16:52:51,6,6,0,0,18.458,23.608
2026-06-29 16:57:51,8,8,0,0,18.284,23.776
2026-06-29 17:02:51,7,7,0,0,18.036,24.369
2026-06-29 17:07:52,6,6,0,0,17.86,24.674
2026-06-29 17:12:51,7,8,0,0,17.683,25.109
2026-06-29 17:17:52,6,7,0,0,17.568,25.443
2026-06-29 17:22:52,6,6,0,0,17.307,26.223
2026-06-29 17:27:52,7,8,0,0,17.109,26.809
2026-06-29 17:32:52,6,7,0,0,17.01,27.4
2026-06-29 17:37:52,7,7,0,0,16.767,28.266
2026-06-29 17:42:52,4,4,0,0,16.669,28.365
2026-06-29 17:47:52,6,6,0,0,16.562,28.463
2026-06-29 17:52:52,5,5,0,0,16.332,28.728
2026-06-29 17:57:52,5,5,0,0,16.279,28.661
2026-06-29 18:02:52,4,4,0,0,16.118,29.052
2026-06-29 18:07:52,4,5,0,0,16.257,28.342
2026-06-29 18:12:52,6,6,0,0,16.073,28.905
2026-06-29 18:17:52,5,6,0,0,16.081,28.852
2026-06-29 18:22:52,4,6,0,0,16.001,28.962
2026-06-29 18:27:52,5,5,0,0,15.948,29.17
2026-06-29 18:33:01,3,3,0,0,15.721,30.042
2026-06-29 18:37:52,4,4,0,0,15.801,30.212
2026-06-29 18:42:52,3,3,0,0,15.622,30.913
2026-06-29 18:47:52,3,3,0,0,15.579,31.177
2026-06-29 18:52:52,5,5,0,0,15.291,32.003
2026-06-29 18:57:52,4,4,0,0,15.106,32.466
2026-06-29 19:02:52,4,4,0,0,15.112,32.59
2026-06-29 19:07:52,4,4,0,0,15.013,32.937
2026-06-29 19:12:52,4,5,0,0,15,32.825
2026-06-29 19:17:52,8,9,0,0,14.837,33.132
2026-06-29 19:22:53,17,18,0,66,14.546,33.588
2026-06-29 19:27:52,48,59,0,159,14.289,34.381
2026-06-29 19:32:52,23,24,0,34,14.236,33.759
2026-06-29 19:37:52,34,39,0,102,13.988,35.064
2026-06-29 19:42:53,9,11,0,93,13.664,36.321
2026-06-29 19:47:52,28,30,0,137,13.285,37.013
2026-06-29 19:52:52,30,30,0,370,12.77,38.337
2026-06-29 19:57:52,7,7,0,74,12.431,39.081
2026-06-29 20:02:52,7,7,0,77,12.198,39.487
2026-06-29 20:07:53,6,6,0,100,11.814,41.25
2026-06-29 20:12:53,36,41,0,341,11.387,42.016
2026-06-29 20:17:55,55,68,0,322,11.077,43.393
2026-06-29 20:22:53,54,66,0,338,10.791,43.992
2026-06-29 20:27:54,39,48,0,231,10.492,43.964
2026-06-29 20:32:53,28,29,0,221,10.655,43.071
2026-06-29 20:37:54,27,27,0,283,10.134,44.589
2026-06-29 20:42:53,26,26,0,282,9.945,44.847
2026-06-29 20:47:54,42,50,0,373,9.683,47.092
2026-06-29 20:52:53,51,62,0,633,9.456,47.698
2026-06-29 20:58:01,29,29,0,330,9.197,46.93
2026-06-29 21:02:53,66,78,0,762,9.013,47.948
2026-06-29 21:07:53,30,30,0,331,8.898,47.285
2026-06-29 21:12:53,28,30,0,323,8.722,46.794
2026-06-29 21:17:53,25,27,0,416,8.658,47.136
2026-06-29 21:22:54,26,26,0,341,8.679,47.325
2026-06-29 21:27:54,26,32,0,339,8.415,47.899
2026-06-29 21:32:53,26,28,0,284,8.42,48.086
2026-06-29 21:37:53,39,43,0,349,8.27,48.898
2026-06-29 21:42:53,56,70,0,453,8.059,49.632
2026-06-29 21:47:54,43,50,0,468,7.747,50.342
2026-06-29 21:52:54,39,47,0,457,7.696,50.554
2026-06-29 21:57:54,36,41,0,448,7.488,51.336
2026-06-29 22:02:54,34,40,0,404,7.253,51.729
2026-06-29 22:07:53,33,33,0,258,7.125,53.659
2026-06-29 22:12:54,34,37,0,269,6.986,53.548
2026-06-29 22:18:15,30,33,0,310,6.836,52.112
2026-06-29 22:22:53,32,32,0,331,6.836,51.933
2026-06-29 22:27:54,89,93,0,657,6.724,53.63
2026-06-29 22:32:54,66,80,0,553,6.521,54.153
2026-06-29 22:37:54,50,60,0,480,6.417,53.453
2026-06-29 22:42:54,44,52,0,466,6.185,54.515
2026-06-29 22:48:03,38,43,0,334,6.142,56.154
2026-06-29 22:52:54,39,43,0,307,6.051,57.584
2026-06-29 22:57:54,46,57,0,346,5.87,58.441
2026-06-29 23:02:54,39,42,0,267,5.723,59.551
2026-06-29 23:07:55,29,31,0,400,5.581,60.239
2026-06-29 23:12:55,34,37,0,285,5.426,59.076
2026-06-29 23:17:55,28,33,0,262,5.418,59.545
2026-06-29 23:22:55,31,32,0,241,5.32,60.812
2026-06-29 23:27:55,30,30,0,277,4.981,59.436
2026-06-29 23:32:55,32,35,0,280,4.943,59.887
2026-06-29 23:37:55,36,40,0,287,4.831,61.029
2026-06-29 23:42:55,31,31,0,233,4.754,61.407
2026-06-29 23:47:55,34,35,0,203,4.628,61.874
2026-06-29 23:52:55,32,35,0,202,4.663,61.607
2026-06-29 23:57:55,32,36,0,231,4.524,61.418
2026-06-30 00:02:55,30,36,0,221,4.444,61.357
2026-06-30 00:07:55,34,36,0,214,4.609,60.432
2026-06-30 00:13:10,35,37,0,212,4.497,60.867
2026-06-30 00:17:55,34,34,0,255,4.46,60.527
2026-06-30 00:22:55,29,35,0,284,4.246,60.182
2026-06-30 00:27:55,34,41,0,317,4.022,61.151
2026-06-30 00:32:55,44,52,0,267,4.209,60.102
2026-06-30 00:37:55,56,69,0,276,4.147,59.642
2026-06-30 00:42:55,56,69,0,315,4.086,60.184
2026-06-30 00:47:55,52,62,0,272,3.968,61.052
2026-06-30 00:52:55,58,72,0,385,3.888,61.01
2026-06-30 00:57:55,44,51,0,268,3.875,59.888
2026-06-30 01:03:02,39,43,0,247,3.688,61.603
2026-06-30 01:07:55,36,41,0,254,3.691,61.592
2026-06-30 01:13:03,37,41,0,253,3.485,62.259
2026-06-30 01:17:55,40,45,0,256,3.389,62.46
2026-06-30 01:22:55,42,50,0,338,3.317,63.381
2026-06-30 01:27:55,43,52,0,290,3.272,62.957
2026-06-30 01:32:55,44,52,0,292,3.21,62.725
2026-06-30 01:37:55,40,42,0,248,3.079,63.726
2026-06-30 01:42:55,37,43,0,252,3.149,64.184
2026-06-30 01:47:55,33,38,0,255,3.021,64.211
2026-06-30 01:52:55,40,45,0,359,3.013,64.296
2026-06-30 01:57:55,40,45,0,345,2.93,63.774
2026-06-30 02:02:55,35,38,0,225,2.724,63.337
2026-06-30 02:07:57,35,41,0,365,2.66,63.482
2026-06-30 02:12:56,34,34,0,202,2.577,64.289
2026-06-30 02:17:56,38,43,0,232,2.535,64.735
2026-06-30 02:22:56,38,42,0,229,2.585,64.344
2026-06-30 02:27:56,41,44,0,226,2.625,65.475
2026-06-30 02:32:56,38,44,0,242,2.756,64.556
2026-06-30 02:37:56,41,44,0,228,2.54,65.113
2026-06-30 02:42:56,38,44,0,242,2.593,64.924
2026-06-30 02:47:57,36,41,0,240,2.535,64.712
2026-06-30 02:52:56,38,39,0,278,2.473,64.941
2026-06-30 02:57:57,38,43,0,239,2.246,65.315
2026-06-30 03:02:56,41,44,0,243,2.276,65.147
2026-06-30 03:07:57,43,51,0,288,2.233,61.901
2026-06-30 03:12:56,43,53,0,289,2.308,60.678
2026-06-30 03:17:57,46,53,0,298,2.276,61.151
2026-06-30 03:22:56,43,50,0,232,1.971,62.841
2026-06-30 03:27:57,41,48,0,241,1.912,62.95
2026-06-30 03:32:56,41,46,0,270,1.974,63.356
2026-06-30 03:37:57,42,49,0,257,1.864,63.364
2026-06-30 03:42:57,41,46,0,257,1.832,63.566
2026-06-30 03:47:57,42,49,0,284,1.902,63.223
2026-06-30 03:52:57,41,48,0,254,1.894,63.45
2026-06-30 03:57:56,46,54,0,275,1.846,63.219
2026-06-30 04:02:57,44,50,0,265,1.773,63.526
2026-06-30 04:07:57,45,51,0,259,1.669,63.49
2026-06-30 04:12:57,46,58,0,279,1.597,63.148
2026-06-30 04:17:57,45,55,0,261,1.579,62.986
2026-06-30 04:22:57,42,44,0,211,1.434,67.972
2026-06-30 04:27:56,42,46,0,196,1.226,68.729
2026-06-30 04:32:57,43,47,0,227,1.346,68.01
2026-06-30 04:37:56,41,45,0,236,1.365,68.09
2026-06-30 04:42:57,42,47,0,219,1.175,68.46
2026-06-30 04:47:57,41,45,0,206,1.101,68.552
2026-06-30 04:52:57,44,50,0,212,1.122,67.304
2026-06-30 04:57:57,42,46,0,233,1.02,66.625
2026-06-30 05:02:57,41,47,0,230,1.09,65.557
2026-06-30 05:07:58,39,43,0,363,1.154,63.879
2026-06-30 05:12:58,39,44,0,269,1.538,61.716
2026-06-30 05:17:58,42,46,0,240,1.621,61.096
2026-06-30 05:22:58,42,48,0,234,1.656,61.182
2026-06-30 05:27:58,43,50,0,241,1.603,62.854
2026-06-30 05:32:58,41,53,0,233,1.464,63.013
2026-06-30 05:38:04,42,46,0,236,1.538,62.561
2026-06-30 05:42:57,46,54,0,256,1.53,62.179
2026-06-30 05:47:58,44,51,0,271,1.538,61.657
2026-06-30 05:52:58,45,53,0,250,1.605,60.999
2026-06-30 05:57:58,47,54,0,279,1.827,59.497
2026-06-30 06:02:58,45,51,0,302,1.709,60.571
2026-06-30 06:07:58,44,49,0,266,1.565,62.111
2026-06-30 06:12:58,47,55,0,294,1.501,62.111
2026-06-30 06:17:58,37,44,0,276,1.635,60.762
2026-06-30 06:22:58,36,40,0,283,1.571,59.665
2026-06-30 06:27:58,36,43,0,243,1.472,59.015
2026-06-30 06:32:58,38,43,0,250,1.352,59.435
2026-06-30 06:37:58,36,39,0,278,1.314,59.927
2026-06-30 06:42:58,36,37,0,265,1.282,61.454
2026-06-30 06:47:58,38,39,0,237,1.05,60.707
2026-06-30 06:52:58,38,39,0,233,0.9,61.403
2026-06-30 06:57:58,34,38,0,234,0.785,61.504
2026-06-30 07:03:07,35,40,0,323,0.703,62.076
2026-06-30 07:07:58,37,41,0,295,0.577,62.513
2026-06-30 07:12:58,36,43,0,324,0.633,64.256
2026-06-30 07:17:58,36,37,0,309,0.58,62.816
2026-06-30 07:22:58,38,41,0,275,0.604,62.61
2026-06-30 07:27:58,35,39,0,284,0.526,63.205
2026-06-30 07:32:58,36,36,0,306,0.534,64.365
2026-06-30 07:37:58,34,37,0,286,0.414,64.441
2026-06-30 07:42:58,34,35,0,259,0.356,64.804
2026-06-30 07:47:58,33,36,0,248,0.425,64.672
2026-06-30 07:52:58,39,41,0,326,0.219,64.245
2026-06-30 07:57:58,36,40,0,367,0.313,63.602
2026-06-30 08:02:58,34,36,0,385,0.369,64.76
2026-06-30 08:08:00,40,47,0,596,0.465,65.199
2026-06-30 08:13:20,36,40,0,332,0.388,64.184
2026-06-30 08:17:59,37,40,0,358,0.566,63.142
2026-06-30 08:22:59,40,45,0,406,0.644,63.16
2026-06-30 08:27:59,37,38,0,489,0.863,62.173
2026-06-30 08:32:59,42,45,0,411,1.082,61.668
2026-06-30 08:37:59,40,48,0,384,1.314,61.437
2026-06-30 08:43:00,39,43,0,394,1.354,62.36
2026-06-30 08:47:59,39,47,0,363,1.517,63.074
2026-06-30 08:52:59,43,47,0,246,1.432,62.801
2026-06-30 08:58:09,38,43,0,240,1.555,62.143
2026-06-30 09:03:00,39,41,0,234,1.811,61.233
2026-06-30 09:07:59,49,61,0,264,2.091,59.045
2026-06-30 09:13:00,43,45,0,252,2.404,57.607
2026-06-30 09:17:59,42,49,0,307,2.703,56.869
2026-06-30 09:22:59,44,53,0,330,3.103,55.383
2026-06-30 09:27:59,41,48,0,409,3.328,55.13
2026-06-30 09:33:00,41,44,0,312,3.675,53.863
2026-06-30 09:38:08,42,51,0,292,4.054,52.948
2026-06-30 09:43:00,40,45,0,316,4.289,51.547
2026-06-30 09:47:59,41,47,0,311,4.732,50.483
2026-06-30 09:53:00,43,53,0,358,5.336,49.184
2026-06-30 09:58:09,44,52,0,320,5.971,47.208
2026-06-30 10:02:59,43,51,0,303,6.495,46.459
2026-06-30 10:08:00,41,47,0,313,7.119,45.339
2026-06-30 10:12:59,39,43,0,308,8.337,40.441
2026-06-30 10:17:59,35,40,0,297,8.93,39.773
2026-06-30 10:23:00,34,35,0,288,9.619,37.189
2026-06-30 10:28:00,36,40,0,260,10.361,36.601
2026-06-30 10:33:00,31,35,0,235,11.032,35.949
2026-06-30 10:37:59,30,35,0,215,11.819,34.158
2026-06-30 10:43:00,36,42,0,181,13.133,30.652
2026-06-30 10:48:00,30,33,0,147,13.891,28.001
2026-06-30 10:53:00,30,34,0,160,14.508,27.606
2026-06-30 10:58:00,32,34,0,137,15.005,28.977
2026-06-30 11:03:00,32,35,0,118,15.584,27.972
2026-06-30 11:08:01,31,38,0,147,15.985,28.216
2026-06-30 11:13:01,31,34,0,128,16.348,26.286
2026-06-30 11:18:01,33,35,0,117,16.225,26.845
2026-06-30 11:23:01,33,37,0,137,17.123,25.79
2026-06-30 11:28:01,29,32,0,95,17.192,25.622
2026-06-30 11:33:01,29,30,0,86,17.149,25.302
2026-06-30 11:38:01,32,35,0,93,15.883,26.395
2026-06-30 11:43:01,33,36,0,66,16.132,26.359
2026-06-30 11:48:01,32,35,0,70,17.486,26.097
2026-06-30 11:53:01,34,38,0,64,18.18,24.667
2026-06-30 11:58:01,33,36,0,80,17.384,25.151
2026-06-30 12:03:01,31,36,0,38,17.382,24.634
2026-06-30 12:08:01,30,31,0,51,18.663,22.996
2026-06-30 12:13:01,30,33,0,27,18.906,22.372
2026-06-30 12:18:01,28,29,0,20,19.267,21.398
2026-06-30 12:23:01,28,31,0,7,19.328,20.158
2026-06-30 12:28:01,25,27,0,0,19.384,20.884
2026-06-30 12:33:01,23,24,0,0,19.165,20.349
2026-06-30 12:38:01,30,33,0,6,17.275,24.203
2026-06-30 12:43:01,27,28,0,4,17.913,24.171
2026-06-30 12:48:01,30,34,0,0,16.783,24.882
2026-06-30 12:53:01,32,34,0,0,16.487,26.685
2026-06-30 12:58:01,29,29,0,0,16.263,26.818
2026-06-30 13:03:01,26,28,0,0,15.795,27.433
2026-06-30 13:08:01,28,28,0,0,16.289,28.188
2026-06-30 13:13:01,32,34,0,0,16.244,27.864
2026-06-30 13:18:01,29,29,0,0,16.912,27.124
2026-06-30 13:23:01,30,33,0,0,16.794,27.314
2026-06-30 13:28:01,29,34,0,0,16.93,27.28
2026-06-30 13:33:01,27,29,0,0,16.677,27.663
2026-06-30 13:38:01,28,29,0,0,16.791,27.219
2026-06-30 13:43:01,27,29,0,0,16.743,27.293
2026-06-30 13:48:01,27,33,0,0,16.941,26.383
2026-06-30 13:58:02,27,28,0,5,17.171,26.681
2026-06-30 14:03:01,25,27,0,0,17.197,26.715
2026-06-30 14:08:02,26,27,0,0,16.946,27.135
2026-06-30 14:13:02,25,28,0,0,16.906,27.797
2026-06-30 14:18:03,19,21,0,0,16.805,28.859
2026-06-30 14:23:02,24,25,0,0,16.61,29.975
2026-06-30 14:28:02,26,26,0,8,16.677,31.102
2026-06-30 14:33:02,21,22,0,0,16.674,31.127
2026-06-30 14:38:03,23,24,0,0,16.69,31.259
2026-06-30 14:43:02,23,24,0,0,16.701,31.665
2026-06-30 14:48:10,24,26,0,0,16.466,31.945
2026-06-30 14:53:02,25,26,0,0,16.743,31.739
2026-06-30 14:58:06,23,24,0,0,17.069,31.285
2026-06-30 15:03:02,23,26,0,0,16.93,32.344
2026-06-30 15:08:03,27,28,0,0,16.709,32.367
2026-06-30 15:13:02,23,24,0,0,16.61,34.309
2026-06-30 15:18:03,23,23,0,0,16.383,34.686
2026-06-30 15:23:02,25,26,0,0,16.212,35.148
2026-06-30 15:28:02,23,25,0,0,16.351,35.104
2026-06-30 15:33:03,22,22,0,0,16.38,35.644
2026-06-30 15:38:02,25,27,0,0,16.335,36.336
2026-06-30 15:43:03,21,25,0,0,16.193,37.183
2026-06-30 15:48:02,23,27,0,0,16.156,38.406
2026-06-30 15:53:02,24,25,0,0,16.038,39.058
2026-06-30 15:58:03,22,23,0,0,15.755,39.821
2026-06-30 16:03:38,21,23,0,0,15.894,39.745
2026-06-30 16:08:05,17,19,0,0,15.862,40.637
2026-06-30 16:13:06,24,24,0,0,15.782,41.736
2026-06-30 16:18:03,21,21,0,0,15.55,42.875
2026-06-30 16:23:03,19,22,0,0,15.387,43.378
2026-06-30 16:28:03,22,24,0,0,15.336,44.164
2026-06-30 16:33:03,21,22,0,0,15.291,44.383
2026-06-30 16:38:03,19,20,0,0,15.232,43.929
2026-06-30 16:43:03,22,23,0,0,15.088,44.599
2026-06-30 16:48:03,20,20,0,0,14.97,45.572
2026-06-30 16:53:03,22,23,0,0,14.815,46.178
2026-06-30 16:58:03,22,22,0,0,14.719,46.747
2026-06-30 17:03:03,19,21,0,0,14.476,47.536
2026-06-30 17:08:04,19,22,0,0,14.276,48.376
2026-06-30 17:13:04,22,22,0,9,14.164,49.156
2026-06-30 17:18:04,19,23,0,4,13.99,50.176
2026-06-30 17:23:04,19,20,0,0,13.867,50.521
2026-06-30 17:28:04,20,23,0,0,13.654,51.301
2026-06-30 17:33:04,22,23,0,34,13.491,51.95
2026-06-30 17:38:04,19,23,0,13,13.355,52.419
2026-06-30 17:43:04,18,20,0,0,13.186,53.176
2026-06-30 17:48:04,20,23,0,0,13.085,53.48
2026-06-30 17:53:04,21,24,0,0,12.839,54.365
2026-06-30 17:58:04,19,22,0,2,12.722,54.513
2026-06-30 18:03:04,19,21,0,0,12.578,55.069
2026-06-30 18:08:04,18,23,0,0,12.391,55.669
2026-06-30 18:13:04,19,21,0,0,12.201,56.261
2026-06-30 18:18:04,19,20,0,8,12.092,56.39
2026-06-30 18:23:04,20,21,0,0,11.915,57.041
2026-06-30 18:28:04,23,23,0,0,11.777,57.584
2026-06-30 18:33:04,19,19,0,0,11.726,57.943
2026-06-30 18:38:04,24,24,0,0,11.758,57.766
2026-06-30 18:43:04,19,24,0,0,11.691,58.012
2026-06-30 18:48:04,28,31,0,0,11.672,57.983
2026-06-30 18:53:04,19,21,0,0,11.648,58.212
2026-06-30 18:58:04,23,23,0,0,11.576,58.652
2026-06-30 19:03:04,20,23,0,0,11.491,58.851
2026-06-30 19:08:04,26,27,0,0,11.48,58.923
2026-06-30 19:13:04,37,43,0,24,11.451,59.051
2026-06-30 19:18:04,21,23,0,0,11.347,59.404
2026-06-30 19:23:04,26,27,0,0,11.216,59.845
2026-06-30 19:28:04,21,25,0,0,11.04,60.516
2026-06-30 19:33:04,21,21,0,0,10.805,61.592
2026-06-30 19:38:04,32,33,0,0,10.762,62.029
2026-06-30 19:43:04,28,32,0,0,10.591,62.971
2026-06-30 19:48:04,24,26,0,8,10.409,63.85
2026-06-30 19:53:04,24,25,0,0,10.332,64.579
2026-06-30 19:58:04,21,21,0,0,10.42,64.249
2026-06-30 20:03:04,25,27,0,0,10.148,65.523
2026-06-30 20:08:05,26,26,0,5,10.025,66.175
2026-06-30 20:13:05,26,26,0,3,9.945,66.555
2026-06-30 20:18:14,22,25,0,0,9.843,67.108
2026-06-30 20:23:05,26,26,0,0,9.752,67.665
2026-06-30 20:28:06,20,25,0,0,9.702,67.875
2026-06-30 20:33:05,22,27,0,0,9.686,67.995
2026-06-30 20:38:06,29,29,0,0,9.509,68.701
2026-06-30 20:43:05,22,24,0,0,9.411,69.345
2026-06-30 20:48:06,30,32,0,0,9.44,69.122
2026-06-30 20:53:05,25,25,0,0,9.176,70.31
2026-06-30 20:58:06,27,27,0,0,9.117,70.328
2026-06-30 21:03:05,24,27,0,0,8.93,71.192
2026-06-30 21:08:06,24,26,0,0,8.887,71.525
2026-06-30 21:13:05,24,24,0,0,8.887,71.586
2026-06-30 21:18:05,22,25,0,0,8.828,71.903
2026-06-30 21:23:05,25,25,0,5,8.607,73.105
2026-06-30 21:28:05,25,28,0,0,8.551,73.24
2026-06-30 21:33:05,26,28,0,0,8.428,73.782
2026-06-30 21:38:05,21,25,0,0,8.348,74.697
2026-06-30 21:43:06,25,25,0,0,8.527,73.805
2026-06-30 21:48:05,26,28,0,0,8.537,73.717
2026-06-30 21:53:05,22,26,0,15,8.524,73.366
2026-06-30 21:58:05,26,29,0,16,8.484,73.927
2026-06-30 22:03:06,26,27,0,0,8.449,74.2
2026-06-30 22:08:06,26,26,0,0,8.511,73.934
2026-06-30 22:13:06,25,25,0,0,8.457,74.018
2026-06-30 22:18:06,25,25,0,0,8.35,74.501
2026-06-30 22:23:06,25,25,0,0,8.129,74.962
2026-06-30 22:28:06,25,25,0,0,8.046,75.63
2026-06-30 22:33:06,25,25,0,0,7.915,76.071
2026-06-30 22:38:06,20,23,0,8,7.702,77.053
2026-06-30 22:43:06,25,25,0,8,7.734,77.125
2026-06-30 22:53:06,21,22,0,9,7.611,77.78
2026-06-30 22:58:06,23,28,0,0,7.667,77.423
2026-06-30 23:03:06,22,25,0,0,7.835,76.74
2026-06-30 23:08:16,22,22,0,54,7.638,77.589
2026-06-30 23:13:07,20,23,0,4,7.621,77.766
2026-06-30 23:18:07,26,26,0,5,7.587,77.801
2026-06-30 23:23:07,22,23,0,0,7.531,77.862
2026-06-30 23:28:07,23,27,0,4,7.461,78.222
2026-06-30 23:33:07,25,27,0,22,7.392,78.319
2026-06-30 23:38:07,22,26,0,19,7.341,78.674
2026-06-30 23:43:07,23,25,0,25,7.325,78.447
2026-06-30 23:48:07,22,22,0,20,7.344,78.205
2026-06-30 23:53:07,22,23,0,19,7.234,78.728
2026-06-30 23:58:07,23,25,0,10,7.141,79.094
