fecha,mp25_ugm3,mp10_ugm3,so2_ppb,cov_ppb,temperatura_c,humedad_pct
2026-05-04 10:16:24,10,10,,,19.462,32.056
2026-05-04 10:16:25,10,10,,,19.462,32.056
2026-05-05 17:47:34,5,5,,,20.215,49.055
2026-05-05 17:47:35,5,5,,,20.215,49.055
2026-05-05 17:51:29,8,9,,,19.451,51.75
2026-05-05 17:51:30,8,9,,,19.451,51.75
2026-05-05 17:56:31,2,2,,,18.808,53.88
2026-05-05 18:01:35,2,2,,,18.313,55.358
2026-05-05 18:06:32,4,4,,,17.956,56.907
2026-05-05 18:11:32,3,3,,,17.625,58.248
2026-05-05 18:16:32,5,7,,,17.325,59.261
2026-05-05 18:21:31,4,4,,,17.141,59.877
2026-05-05 18:26:31,4,4,,,16.997,60.339
2026-05-05 18:31:31,4,4,,,17.016,59.898
2026-05-05 18:36:32,3,3,,,16.767,61.044
2026-05-05 18:41:30,4,4,,,16.663,61.473
2026-05-05 18:46:31,5,5,,,16.511,62.027
2026-05-05 18:51:31,3,3,,,16.399,62.456
2026-05-05 18:56:31,5,5,,,16.289,62.948
2026-05-05 19:01:31,4,4,,,16.231,63.051
2026-05-05 19:06:31,6,6,,,16.057,63.722
2026-05-05 19:11:31,4,5,,,15.924,64.298
2026-05-05 19:16:31,3,3,,,15.937,64.176
2026-05-05 19:21:31,3,3,,,15.857,64.655
2026-05-05 19:26:31,4,4,,,15.745,64.829
2026-05-05 19:31:31,3,5,,,15.6,65.429
2026-05-05 19:36:31,3,3,,,15.438,66.295
2026-05-05 19:41:31,5,5,,,15.344,66.707
2026-05-05 19:46:31,3,5,,,15.229,67.384
2026-05-05 19:51:31,4,4,,,15.133,67.81
2026-05-05 19:56:31,4,4,,,14.944,68.87
2026-05-05 20:01:31,4,4,,,14.855,69.179
2026-05-05 20:06:32,5,5,,,14.818,69.507
2026-05-05 20:11:31,4,4,,,14.703,70.026
2026-05-05 20:16:32,4,5,,,14.623,70.452
2026-05-05 20:21:31,5,6,,,14.479,71.153
2026-05-05 20:26:31,6,6,,,14.476,71.539
2026-05-05 20:31:31,5,5,,,14.415,71.712
2026-05-05 20:36:32,4,4,,,14.364,71.668
2026-05-05 20:41:31,4,4,,,14.351,72.008
2026-05-05 20:46:34,5,6,,,14.297,72.256
2026-05-05 20:51:31,4,4,,,14.26,72.13
2026-05-05 21:01:32,5,5,,,14.26,72.166
2026-05-05 21:06:31,20,22,,,14.215,72.536
2026-05-05 21:11:31,30,31,,,14.223,72.71
2026-05-05 21:16:31,8,8,,,14.182,72.763
2026-05-05 21:21:31,13,13,,,14.207,72.784
2026-05-05 21:26:31,5,6,,,14.105,73.088
2026-05-05 21:31:32,5,5,,,14.078,73.274
2026-05-05 21:36:31,3,3,,,14.084,73.341
2026-05-05 21:41:31,4,5,,,14.044,73.498
2026-05-05 21:46:31,5,5,,,13.961,73.969
2026-05-05 21:51:31,4,4,,,13.857,74.394
2026-05-05 21:56:31,5,5,,,13.793,74.682
2026-05-05 22:01:31,4,4,,,13.71,75.073
2026-05-05 22:06:31,7,7,,,13.667,75.212
2026-05-05 22:11:33,3,3,,,13.622,75.428
2026-05-05 22:16:31,4,5,,,13.624,75.386
2026-05-05 22:21:31,4,4,,,13.55,75.588
2026-05-05 22:26:32,2,2,,,13.502,75.523
2026-05-05 22:36:33,2,2,,,13.443,75.615
2026-05-05 22:41:32,4,4,,,13.384,75.611
2026-05-05 22:46:32,8,9,,,13.194,76.683
2026-05-05 22:51:32,5,6,,,13.053,77.036
2026-05-05 22:56:32,7,7,,,12.997,76.494
2026-05-05 23:01:32,3,4,,,12.855,77.247
2026-05-05 23:06:32,3,3,,,12.711,77.343
2026-05-05 23:11:32,3,4,,,12.65,78.237
2026-05-05 23:16:32,5,5,,,12.578,77.77
2026-05-05 23:21:32,4,4,,,12.447,78.56
2026-05-05 23:26:32,6,6,,,12.428,79.178
2026-05-05 23:31:32,8,8,,,12.449,79.264
2026-05-05 23:36:32,23,27,,,12.121,78.983
2026-05-05 23:41:32,11,11,,,12.145,80.147
2026-05-05 23:46:32,7,7,,,12.18,80.267
2026-05-05 23:51:32,6,7,,,12.086,80.675
2026-05-05 23:56:32,6,6,,,12.092,80.543
2026-05-06 00:01:32,6,7,,,12.036,81.335
2026-05-06 00:06:32,6,6,,,11.995,81.081
2026-05-06 00:11:32,4,5,,,11.913,80.648
2026-05-06 00:16:32,5,5,,,11.798,81.768
2026-05-06 00:21:32,6,7,,,11.616,81.922
2026-05-06 00:26:32,4,5,,,11.566,81.526
2026-05-06 00:31:32,3,4,,,11.696,82.273
2026-05-06 00:36:32,4,5,,,11.752,81.787
2026-05-06 00:41:32,6,6,,,11.83,81.871
2026-05-06 00:46:32,4,4,,,11.835,81.722
2026-05-06 00:51:32,3,4,,,11.71,81.659
2026-05-06 00:56:32,5,5,,,11.584,81.903
2026-05-06 01:01:32,6,6,,,11.614,82.594
2026-05-06 01:06:32,8,8,,,11.558,82.241
2026-05-06 01:11:32,6,6,,,11.504,80.893
2026-05-06 01:16:32,6,6,,,11.32,82.466
2026-05-06 01:21:32,5,6,,,11.21,82.956
2026-05-06 01:26:32,5,5,,,11.085,82.226
2026-05-06 01:31:32,4,5,,,10.89,82.729
2026-05-06 01:36:32,4,4,,,10.756,81.863
2026-05-06 01:41:32,5,5,,,10.658,84.339
2026-05-06 01:46:32,6,6,,,10.564,82.46
2026-05-06 01:51:32,5,6,,,10.46,83.334
2026-05-06 01:56:32,5,5,,,10.447,83.62
2026-05-06 02:01:32,17,19,,,10.537,84.124
2026-05-06 02:06:32,16,18,,,10.444,84.196
2026-05-06 02:11:32,12,14,,,10.489,83.416
2026-05-06 02:16:32,17,20,,,10.572,85.869
2026-05-06 02:21:32,12,15,,,10.546,83.361
2026-05-06 02:26:32,13,13,,,10.452,84.288
2026-05-06 02:31:32,14,17,,,10.396,84.013
2026-05-06 02:36:32,13,13,,,10.26,83.498
2026-05-06 02:41:33,9,13,,,10.129,82.012
2026-05-06 02:46:32,9,9,,,9.894,82.304
2026-05-06 02:51:32,8,9,,,9.779,82.632
2026-05-06 02:56:32,9,9,,,9.595,83.334
2026-05-06 03:01:33,10,13,,,9.517,84.69
2026-05-06 03:06:32,8,10,,,9.504,84.276
2026-05-06 03:11:33,7,7,,,9.568,87.267
2026-05-06 03:16:32,7,7,,,9.64,83.021
2026-05-06 03:21:33,8,8,,,9.451,85.562
2026-05-06 03:26:32,8,8,,,9.288,83.134
2026-05-06 03:31:33,18,19,,,9.104,83.553
2026-05-06 03:36:32,20,21,,,8.949,84.36
2026-05-06 03:41:33,15,15,,,8.818,83.464
2026-05-06 03:46:32,16,20,,,8.847,86.47
2026-05-06 03:51:33,15,16,,,8.807,86.811
2026-05-06 03:56:33,10,10,,,9.061,87.429
2026-05-06 04:01:33,14,15,,,8.911,86.723
2026-05-06 04:06:32,10,12,,,8.861,85.199
2026-05-06 04:11:33,13,14,,,8.73,86.714
2026-05-06 04:16:32,15,18,,,8.941,88.285
2026-05-06 04:21:33,13,13,,,8.959,87.448
2026-05-06 04:26:32,21,21,,,8.858,87.742
2026-05-06 04:31:33,20,21,,,8.77,86.803
2026-05-06 04:36:32,14,16,,,8.671,85.587
2026-05-06 04:41:33,12,13,,,8.439,85.354
2026-05-06 04:46:32,13,14,,,8.356,86.178
2026-05-06 04:51:33,10,12,,,8.217,85.897
2026-05-06 04:56:32,14,15,,,8.054,86.952
2026-05-06 05:01:32,14,14,,,7.966,87.231
2026-05-06 05:06:33,10,12,,,7.883,87.635
2026-05-06 05:11:33,14,16,,,7.784,88.295
2026-05-06 05:16:32,10,10,,,7.667,87.076
2026-05-06 05:21:33,10,12,,,7.675,90.338
2026-05-06 05:26:33,15,17,,,7.667,90.397
2026-05-06 05:31:33,12,12,,,7.696,89.466
2026-05-06 05:36:33,10,10,,,7.662,89.382
2026-05-06 05:41:33,12,12,,,7.64,90.748
2026-05-06 05:46:33,12,12,,,7.525,87.305
2026-05-06 05:51:33,8,9,,,7.501,87.297
2026-05-06 05:56:33,9,12,,,7.429,89.428
2026-05-06 06:01:33,10,12,,,7.459,89.092
2026-05-06 06:06:33,9,12,,,7.411,89.22
2026-05-06 06:11:33,10,12,,,7.381,89.327
2026-05-06 06:16:33,14,15,,,7.357,89.531
2026-05-06 06:21:33,12,15,,,7.365,90.635
2026-05-06 06:26:33,17,22,,,7.48,90.767
2026-05-06 06:31:33,12,16,,,7.272,90.647
2026-05-06 06:36:33,12,12,,,7.253,89.443
2026-05-06 06:41:33,15,15,,,7.346,93.125
2026-05-06 06:46:33,16,18,,,7.296,89.392
2026-05-06 06:51:33,10,10,,,7.245,88.839
2026-05-06 06:56:33,33,38,,,7.25,91.782
2026-05-06 07:01:33,25,28,,,7.2,89.777
2026-05-06 07:06:33,34,38,,,7.192,91.135
2026-05-06 07:11:33,14,15,,,7.541,94.977
2026-05-06 07:16:33,25,26,,,7.384,91.675
2026-05-06 07:21:33,21,21,,,7.282,90.75
2026-05-06 07:26:33,23,25,,,7.168,90.071
2026-05-06 07:31:33,27,28,,,6.994,88.083
2026-05-06 07:36:33,28,28,,,6.933,89.356
2026-05-06 07:41:33,29,30,,,7.138,91.711
2026-05-06 07:46:33,28,30,,,7.018,89.918
2026-05-06 07:51:33,28,28,,,7.194,93.483
2026-05-06 07:56:33,23,27,,,7.21,90.55
2026-05-06 08:01:33,23,25,,,7.395,90.103
2026-05-06 08:06:33,23,23,,,7.589,91.215
2026-05-06 08:11:33,23,25,,,7.787,90.563
2026-05-06 08:16:33,27,27,,,7.84,90.372
2026-05-06 08:21:33,27,27,,,7.931,90.689
2026-05-06 08:26:33,32,34,,,8.153,89.724
2026-05-06 08:31:33,26,29,,,8.391,90.244
2026-05-06 08:36:33,27,29,,,8.487,89.865
2026-05-06 08:41:33,22,26,,,8.716,90.296
2026-05-06 08:46:34,32,35,,,9.181,89.209
2026-05-06 08:51:33,34,35,,,9.627,87.362
2026-05-06 08:56:34,33,34,,,9.966,87.17
2026-05-06 09:01:33,24,24,,,10.265,85.846
2026-05-06 09:06:34,7,10,,,10.559,85.636
2026-05-06 09:11:33,9,9,,,11.162,84.076
2026-05-06 09:16:33,17,18,,,11.48,83.179
2026-05-06 09:21:34,19,20,,,12.044,81.001
2026-05-06 09:26:33,24,24,,,12.53,79.943
2026-05-06 09:31:34,11,13,,,13.304,77.709
2026-05-06 09:36:33,23,23,,,14.201,73.459
2026-05-06 09:41:34,22,23,,,14.85,70.572
2026-05-06 09:46:33,14,14,,,15.034,69.698
2026-05-06 09:51:34,22,22,,,15.221,68.559
2026-05-06 09:56:33,22,23,,,15.12,69.723
2026-05-06 10:01:34,21,21,,,15.785,67.27
2026-05-06 10:06:33,23,23,,,16.412,65.538
2026-05-06 10:11:34,19,20,,,16.912,63.493
2026-05-06 10:16:34,13,15,,,17.55,62.03
2026-05-06 10:21:34,13,16,,,17.844,60.461
2026-05-06 10:26:34,11,12,,,18.135,59.755
2026-05-06 10:31:34,12,13,,,18.18,59.002
2026-05-06 10:36:33,7,7,,,18.754,55.94
2026-05-06 10:41:34,5,5,,,18.96,54.977
2026-05-06 10:46:34,6,7,,,19.739,52.915
2026-05-06 10:51:34,5,5,,,19.977,52.413
2026-05-06 10:56:33,1,1,,,19.953,48.429
2026-05-06 11:01:34,7,8,,,20.645,48.908
2026-05-06 11:06:34,0,0,,,21.208,44.811
2026-05-06 11:11:34,7,7,,,21.053,49.543
2026-05-06 11:16:34,7,7,,,20.757,50.388
2026-05-06 11:21:34,2,3,,,21.229,46.586
2026-05-06 11:26:34,4,4,,,20.511,50.538
2026-05-06 11:31:34,5,6,,,19.958,52.309
2026-05-06 11:36:34,5,5,,,19.996,52.436
2026-05-06 11:41:34,3,4,,,20.084,51.294
2026-05-06 11:46:34,4,4,,,19.793,51.042
2026-05-06 11:51:35,3,3,,,19.683,51.71
2026-05-06 11:56:34,4,4,,,19.574,51.992
2026-05-06 12:01:34,3,3,,,20.071,49.694
2026-05-06 12:06:34,4,5,,,20.735,49.003
2026-05-06 12:11:34,3,3,,,20.396,50.003
2026-05-06 12:16:34,2,3,,,20.933,46.684
2026-05-06 12:21:34,1,2,,,20.738,42.493
2026-05-06 12:26:34,3,3,,,20.615,45.186
2026-05-06 12:31:35,2,2,,,20.57,44.637
2026-05-06 12:36:34,2,2,,,20.46,45.818
2026-05-06 12:41:34,1,1,,,19.892,48.07
2026-05-06 12:46:34,0,0,,,20.199,45.951
2026-05-06 12:51:34,0,0,,,19.862,48.952
2026-05-06 12:56:34,0,0,,,19.667,50.55
2026-05-06 13:01:34,1,1,,,19.755,51.597
2026-05-06 13:06:34,0,0,,,19.454,51.925
2026-05-06 13:11:34,0,0,,,19.285,53.318
2026-05-06 13:16:34,0,0,,,18.762,55.822
2026-05-06 13:21:34,0,0,,,18.679,56.409
2026-05-06 13:26:34,0,0,,,18.34,57.188
2026-05-06 13:31:34,0,0,,,17.873,59.509
2026-05-06 13:36:34,0,0,,,17.822,59.751
2026-05-06 13:41:34,0,0,,,17.422,60.627
2026-05-06 13:46:34,0,0,,,17.312,61.327
2026-05-06 13:51:35,0,0,,,17.358,61.369
2026-05-06 13:56:34,0,0,,,17.371,61.412
2026-05-06 14:01:34,0,1,,,17.406,61.903
2026-05-06 14:06:34,0,0,,,17.005,62.566
2026-05-06 14:11:34,0,0,,,17.056,62.673
2026-05-06 14:16:34,0,0,,,17.101,62.656
2026-05-06 14:21:34,0,0,,,17.072,62.86
2026-05-06 14:26:34,0,0,,,17.56,62.055
2026-05-06 14:31:35,0,0,,,17.229,62.603
2026-05-06 14:36:34,3,3,,,17.435,62.818
2026-05-06 14:41:35,0,0,,,17.518,62.549
2026-05-06 14:46:34,0,0,,,17.761,62.521
2026-05-06 14:51:35,2,2,,,17.673,62.942
2026-05-06 14:56:34,22,23,,,17.374,63.699
2026-05-06 15:01:35,6,6,,,17.269,64.323
2026-05-06 15:06:34,0,0,,,16.968,65.696
2026-05-06 15:11:35,0,1,,,16.976,66.835
2026-05-06 15:16:34,0,0,,,16.658,68.565
2026-05-06 15:21:35,0,0,,,16.492,69.757
2026-05-06 15:26:34,2,2,,,16.367,71.077
2026-05-06 15:31:35,0,0,,,16.172,72.397
2026-05-06 15:36:34,0,0,,,16.03,73.04
2026-05-06 15:41:35,0,0,,,16.156,73.026
2026-05-06 15:46:34,0,0,,,16.038,73.715
2026-05-06 15:51:35,0,0,,,15.886,74.152
2026-05-06 15:56:34,2,3,,,15.814,74.484
2026-05-06 16:01:58,0,0,,,15.924,73.801
2026-05-06 16:06:34,0,0,,,16.025,73.227
2026-05-06 16:11:34,0,0,,,15.99,73.398
2026-05-06 16:16:34,0,0,,,15.998,72.7
2026-05-06 16:21:35,2,2,,,15.774,73.879
2026-05-06 16:26:34,0,0,,,15.771,73.593
2026-05-06 16:31:35,0,0,,,15.721,74.022
2026-05-06 16:36:35,0,0,,,15.28,76.687
2026-05-06 16:41:35,0,0,,,15.4,76.612
2026-05-06 16:46:35,0,0,,,14.957,78.794
2026-05-06 16:51:35,0,0,,,14.89,79.615
2026-05-06 16:56:35,0,0,,,14.813,80.227
2026-05-06 17:01:35,0,0,,,14.687,80.423
2026-05-06 17:06:35,0,0,,,14.466,81.743
2026-05-06 17:11:35,2,3,,,14.444,82.294
2026-05-06 17:16:35,0,0,,,14.393,82.6
2026-05-06 17:21:35,0,0,,,14.337,82.712
2026-05-06 17:26:35,0,0,,,13.993,84.438
2026-05-06 17:31:35,0,0,,,13.958,84.778
2026-05-06 17:36:35,1,1,,,13.899,85.308
2026-05-06 17:41:35,0,0,,,13.769,86.033
2026-05-06 17:46:35,1,1,,,13.627,86.8
2026-05-06 17:51:36,0,1,,,13.737,86.296
2026-05-06 17:56:35,2,3,,,13.59,87.345
2026-05-06 18:01:35,1,1,,,13.467,88.022
2026-05-06 18:06:35,2,2,,,13.528,88.089
2026-05-06 18:11:35,3,3,,,13.478,88.478
2026-05-06 18:16:35,1,1,,,13.315,89.64
2026-05-06 18:21:35,2,2,,,13.285,89.018
2026-05-06 18:26:35,1,2,,,13.109,88.682
2026-05-06 18:31:35,0,0,,,13.096,87.86
2026-05-06 18:36:35,1,2,,,13.104,87.704
2026-05-06 18:41:35,0,0,,,12.962,88.213
2026-05-06 18:46:35,0,0,,,12.965,87.988
2026-05-06 18:51:35,0,0,,,12.976,88.034
2026-05-06 18:56:35,0,0,,,12.871,88.539
2026-05-06 19:01:35,0,0,,,12.853,88.778
2026-05-06 19:06:35,0,0,,,12.759,89.23
2026-05-06 19:11:35,0,0,,,12.767,88.999
2026-05-06 19:16:35,3,3,,,12.778,88.947
2026-05-06 19:21:35,0,0,,,12.754,88.902
2026-05-06 19:26:35,0,0,,,12.703,89.233
2026-05-06 19:31:38,1,1,,,12.631,89.283
2026-05-06 19:36:35,0,0,,,12.548,90.008
2026-05-06 19:41:35,1,2,,,12.54,90.345
2026-05-06 19:46:35,0,0,,,12.487,90.962
2026-05-06 19:51:35,0,0,,,12.452,90.983
2026-05-06 19:56:35,0,0,,,12.481,90.458
2026-05-06 20:01:35,0,0,,,12.49,90.62
2026-05-06 20:06:35,0,0,,,12.391,90.876
2026-05-06 20:11:35,0,0,,,12.439,90.967
2026-05-06 20:16:35,0,0,,,12.415,91.259
2026-05-06 20:21:35,4,5,,,12.337,91.873
2026-05-06 20:26:35,1,1,,,12.34,91.526
2026-05-06 20:31:35,0,0,,,12.22,92.701
2026-05-06 20:36:35,0,0,,,12.332,92.11
2026-05-06 20:41:35,0,0,,,12.292,91.496
2026-05-06 20:46:36,0,0,,,12.22,91.538
2026-05-06 20:51:35,0,0,,,12.185,91.852
2026-05-06 20:56:35,0,0,,,12.14,91.843
2026-05-06 21:01:35,0,0,,,12.033,92.842
2026-05-06 21:06:35,0,0,,,11.971,93.226
2026-05-06 21:11:35,0,0,,,11.857,93.72
2026-05-06 21:16:35,1,1,,,11.907,93.075
2026-05-06 21:21:35,0,0,,,11.851,92.978
2026-05-06 21:26:36,0,0,,,11.809,92.816
2026-05-06 21:31:35,0,1,,,11.822,92.491
2026-05-06 21:36:36,4,4,,,11.728,92.541
2026-05-06 21:41:35,4,4,,,11.785,91.765
2026-05-06 21:46:35,1,1,,,11.787,92.239
2026-05-06 21:51:35,1,1,,,11.809,91.801
2026-05-06 21:56:35,0,0,,,11.827,91.412
2026-05-06 22:01:35,3,3,,,11.777,91.719
2026-05-06 22:06:35,19,20,,,11.833,91.536
2026-05-06 22:11:35,19,20,,,11.814,91.318
2026-05-06 22:16:35,2,2,,,11.803,90.18
2026-05-06 22:21:35,0,0,,,11.603,90.714
2026-05-06 22:26:35,0,0,,,11.595,89.844
2026-05-06 22:31:35,0,0,,,11.518,89.159
2026-05-06 22:36:36,0,0,,,11.461,90.46
2026-05-06 22:41:35,0,0,,,11.323,91.305
2026-05-06 22:46:36,0,0,,,11.299,90.988
2026-05-06 22:51:35,0,0,,,11.253,91.103
2026-05-06 22:56:36,0,0,,,11.32,90.715
2026-05-06 23:01:35,0,0,,,11.301,89.937
2026-05-06 23:06:36,0,0,,,11.349,89.401
2026-05-06 23:11:35,0,0,,,11.368,89.006
2026-05-06 23:16:36,0,0,,,11.419,88.455
2026-05-06 23:21:35,0,0,,,11.411,88.213
2026-05-06 23:26:36,0,0,,,11.397,88.81
2026-05-06 23:31:35,0,0,,,11.275,89.844
2026-05-06 23:36:36,0,0,,,11.202,90.22
2026-05-06 23:41:36,0,0,,,11.242,89.76
2026-05-06 23:46:36,0,0,,,11.101,90.418
2026-05-06 23:51:36,0,0,,,11.088,90.674
2026-05-06 23:56:36,0,0,,,11.023,91.278
2026-05-07 00:01:36,0,0,,,11.026,91.173
2026-05-07 00:06:36,0,0,,,11.045,91.467
2026-05-07 00:11:36,0,0,,,10.999,90.164
2026-05-07 00:16:36,0,0,,,11.045,89.499
2026-05-07 00:21:36,0,0,,,11.125,89.298
2026-05-07 00:31:36,1,1,,,11.104,88.862
2026-05-07 00:36:36,1,1,,,11.154,89.191
2026-05-07 00:41:36,1,1,,,11.165,88.743
2026-05-07 00:46:36,1,1,,,11.109,88.919
2026-05-07 00:51:36,0,0,,,11.053,88.001
2026-05-07 00:56:36,0,0,,,11.05,88.49
2026-05-07 01:01:36,0,0,,,11.069,88.385
2026-05-07 01:06:36,0,0,,,11.106,87.7
2026-05-07 01:11:36,0,0,,,11.05,88.23
2026-05-07 01:21:49,0,0,,,11.069,88.594
2026-05-07 01:26:39,0,0,,,11.002,88.903
2026-05-07 01:31:36,0,0,,,10.959,89.338
2026-05-07 01:36:36,0,1,,,10.909,89.605
2026-05-07 01:41:36,0,0,,,10.943,89.575
2026-05-07 01:46:36,0,0,,,10.922,89.489
2026-05-07 01:51:36,0,0,,,10.797,89.575
2026-05-07 01:56:36,0,0,,,10.789,89.109
2026-05-07 02:01:36,0,1,,,10.711,89.079
2026-05-07 02:06:36,1,1,,,10.671,89.195
2026-05-07 02:11:36,1,1,,,10.746,88.715
2026-05-07 02:16:36,0,2,,,10.69,89.274
2026-05-07 02:21:36,1,2,,,10.703,88.671
2026-05-07 02:26:36,2,3,,,10.69,88.471
2026-05-07 02:31:36,4,4,,,10.703,88.213
2026-05-07 02:36:36,4,4,,,10.682,88.787
2026-05-07 02:41:36,2,2,,,10.684,88.942
2026-05-07 02:46:36,1,2,,,10.628,88.879
2026-05-07 02:51:36,1,1,,,10.631,89.001
2026-05-07 02:56:36,2,3,,,10.596,88.594
2026-05-07 03:01:36,3,3,,,10.521,89.455
2026-05-07 03:06:36,6,6,,,10.423,89.689
2026-05-07 03:11:36,4,4,,,10.329,89.878
2026-05-07 03:16:36,5,5,,,10.23,90.098
2026-05-07 03:21:36,4,4,,,10.041,90.639
2026-05-07 03:26:36,3,3,,,10.068,90.18
2026-05-07 03:31:36,4,4,,,10.086,90.279
2026-05-07 03:36:36,4,4,,,9.971,90.807
2026-05-07 03:41:36,4,4,,,9.889,90.654
2026-05-07 03:46:36,4,4,,,9.817,90.199
2026-05-07 03:51:37,4,4,,,9.654,90.126
2026-05-07 03:56:36,4,4,,,9.56,90.807
2026-05-07 04:01:37,4,4,,,9.411,91.057
2026-05-07 04:06:36,4,4,,,9.306,91.755
2026-05-07 04:11:36,4,4,,,9.128,92.205
2026-05-07 04:16:36,4,4,,,9.002,91.894
2026-05-07 04:21:36,4,5,,,8.882,92.234
2026-05-07 04:26:36,3,3,,,8.764,92.207
2026-05-07 04:31:37,3,3,,,8.65,92.65
2026-05-07 04:36:36,4,4,,,8.455,91.858
2026-05-07 04:41:37,8,8,,,8.308,92.175
2026-05-07 04:46:36,5,5,,,8.177,92.142
2026-05-07 04:51:37,5,5,,,8.017,91.898
2026-05-07 04:56:36,3,4,,,8.089,95.625
2026-05-07 05:01:37,5,5,,,7.883,92.791
2026-05-07 05:06:36,6,6,,,7.891,96.369
2026-05-07 05:11:37,6,6,,,7.824,93.731
2026-05-07 05:16:36,6,6,,,7.776,93.413
2026-05-07 05:21:37,6,6,,,7.624,92.672
2026-05-07 05:26:36,8,8,,,7.6,93.634
2026-05-07 05:36:37,9,9,,,7.411,94.532
2026-05-07 05:41:36,7,7,,,7.338,93.926
2026-05-07 05:46:36,8,9,,,7.357,94.33
2026-05-07 05:51:36,12,12,,,7.322,95.301
2026-05-07 05:56:36,17,19,,,7.523,96.918
2026-05-07 06:01:36,12,12,,,7.79,97.235
2026-05-07 06:06:36,26,26,,,7.787,95.854
2026-05-07 06:11:36,29,31,,,7.899,97.046
2026-05-07 06:16:36,21,25,,,7.963,96.726
2026-05-07 06:21:36,19,19,,,8.014,96.815
2026-05-07 06:26:36,23,26,,,8.097,96.649
2026-05-07 06:31:37,23,27,,,8.201,97.09
2026-05-07 06:36:36,23,25,,,8.23,97.138
2026-05-07 06:41:37,20,22,,,8.31,97.098
2026-05-07 06:46:37,25,27,,,8.356,97.172
2026-05-07 06:51:37,24,27,,,8.396,97.168
2026-05-07 06:56:36,28,29,,,8.457,96.745
2026-05-07 07:01:36,25,27,,,8.447,96.447
2026-05-07 07:06:37,22,22,,,8.492,96.251
2026-05-07 07:11:37,19,26,,,8.495,96.411
2026-05-07 07:16:37,18,20,,,8.455,95.932
2026-05-07 07:21:36,12,13,,,8.361,95.543
2026-05-07 07:26:37,10,10,,,8.316,95.48
2026-05-07 07:31:36,13,17,,,8.359,95.6
2026-05-07 07:36:37,18,20,,,8.345,95.841
2026-05-07 07:41:37,9,10,,,8.353,95.52
2026-05-07 07:46:37,13,15,,,8.318,95.417
2026-05-07 07:51:37,18,20,,,8.433,95.785
2026-05-07 07:56:36,19,22,,,8.409,95.783
2026-05-07 08:01:37,19,20,,,8.463,95.362
2026-05-07 08:06:37,17,19,,,8.647,95.122
2026-05-07 08:11:37,21,21,,,8.764,94.837
2026-05-07 08:16:37,18,20,,,8.959,94.406
2026-05-07 08:21:37,20,21,,,9.09,93.868
2026-05-07 08:26:37,20,27,,,9.245,93.868
2026-05-07 08:31:37,17,20,,,9.347,92.819
2026-05-07 08:36:37,16,18,,,9.403,92.247
2026-05-07 08:41:37,21,22,,,9.336,91.854
2026-05-07 08:46:37,22,24,,,9.301,91.818
2026-05-07 08:51:37,13,15,,,9.325,92.362
2026-05-07 08:56:37,21,25,,,9.424,91.511
2026-05-07 09:01:37,28,29,,,9.525,92.062
2026-05-07 09:06:37,30,32,,,9.64,91.675
2026-05-07 09:11:37,42,49,,,9.806,91.499
2026-05-07 09:16:37,61,74,,,10.196,89.224
2026-05-07 09:21:37,38,46,,,10.738,89.026
2026-05-07 09:26:37,32,32,,,11.36,85.665
2026-05-07 09:31:37,30,32,,,11.923,84.04
2026-05-07 09:36:37,30,35,,,12.679,80.24
2026-05-07 09:41:37,28,28,,,13.683,76.641
2026-05-07 09:46:37,25,25,,,14.311,74.844
2026-05-07 09:51:37,26,27,,,15.032,71.319
2026-05-07 09:56:37,29,34,,,15.018,71.188
2026-05-07 10:01:37,25,27,,,14.992,70.862
2026-05-07 10:06:37,28,30,,,15.056,69.332
2026-05-07 10:11:37,25,25,,,15.63,68.018
2026-05-07 10:16:37,25,26,,,15.611,67.264
2026-05-07 10:21:37,22,22,,,14.946,68.519
2026-05-07 10:26:37,19,23,,,14.458,70.331
2026-05-07 10:31:37,19,20,,,14.054,71.077
2026-05-07 10:36:37,16,17,,,13.99,70.129
2026-05-07 10:41:37,10,13,,,13.523,70.867
2026-05-07 10:46:37,22,24,,,14.105,70.413
2026-05-07 10:51:37,22,23,,,14.044,70.026
2026-05-07 10:56:38,7,8,,,14.158,66.488
2026-05-07 11:01:37,7,7,,,13.902,67.705
2026-05-07 11:06:37,6,6,,,14.532,67.22
2026-05-07 11:11:37,3,3,,,14.992,62.265
2026-05-07 11:16:37,6,6,,,15.929,59.86
2026-05-07 11:21:37,4,4,,,15.763,61.262
2026-05-07 11:26:37,27,28,,,17.192,57.243
2026-05-07 11:31:37,88,93,,,16.629,57.754
2026-05-07 11:36:37,6,6,,,16.647,56.552
2026-05-07 11:41:38,13,13,,,17.219,56.058
2026-05-07 11:46:37,9,12,,,17.873,53.672
2026-05-07 11:51:38,5,6,,,17.59,54.086
2026-05-07 11:56:37,5,5,,,17.048,54.891
2026-05-07 12:01:38,4,4,,,18.399,50.727
2026-05-07 12:06:37,3,4,,,18.426,51.408
2026-05-07 12:11:38,7,7,,,18.661,50.523
2026-05-07 12:16:37,5,5,,,18.351,50.691
2026-05-07 12:21:38,7,7,,,18.882,49.032
2026-05-07 12:26:37,7,7,,,19.905,46.352
2026-05-07 12:31:38,6,6,,,19.817,44.456
2026-05-07 12:36:38,3,4,,,18.77,46.213
2026-05-07 12:41:37,4,5,,,19.275,44.662
2026-05-07 12:46:37,2,2,,,19.585,45.551
2026-05-07 12:51:38,4,5,,,20.132,45.137
2026-05-07 12:56:37,4,4,,,19.075,44.908
2026-05-07 13:01:38,5,5,,,19.83,44.28
2026-05-07 13:06:37,8,8,,,19.542,46.735
2026-05-07 13:11:37,8,8,,,19.018,48.068
2026-05-07 13:16:38,8,11,,,19.873,46.901
2026-05-07 13:21:37,10,10,,,18.733,48.751
2026-05-07 13:26:38,12,14,,,19.077,49.316
2026-05-07 13:31:38,8,9,,,18.984,47.09
2026-05-07 13:36:38,8,9,,,18.898,46.434
2026-05-07 13:41:38,10,11,,,18.362,50.22
2026-05-07 13:46:38,6,6,,,18.442,47.534
2026-05-07 13:51:37,7,8,,,18.268,50.125
2026-05-07 13:56:38,7,8,,,18.316,50.973
2026-05-07 14:01:38,3,3,,,18.207,47.943
2026-05-07 14:06:38,3,3,,,18.33,47.662
2026-05-07 14:11:38,2,2,,,18.252,46.918
2026-05-07 14:16:38,2,3,,,18.399,44.904
2026-05-07 14:21:38,2,2,,,18.583,44.124
2026-05-07 14:26:38,1,1,,,18.655,41.969
2026-05-07 14:31:38,0,0,,,19.072,38.139
2026-05-07 14:36:38,0,0,,,19.088,39.863
2026-05-07 14:41:38,3,3,,,19.275,42.856
2026-05-07 14:51:39,2,3,,,18.888,44.177
2026-05-07 14:56:38,3,3,,,19.307,42.751
2026-05-07 15:01:38,5,5,,,19.518,43.729
2026-05-07 15:06:38,3,3,,,19.232,43.914
2026-05-07 15:11:38,2,2,,,19.36,42.602
2026-05-07 15:16:38,1,2,,,19.555,41.681
2026-05-07 15:21:38,1,1,,,19.355,42.331
2026-05-07 15:26:38,2,2,,,19.528,43.086
2026-05-07 15:31:39,4,4,,,19.408,41.194
2026-05-07 15:36:38,1,1,,,19.424,39.281
2026-05-07 15:41:38,1,1,,,19.328,39.949
2026-05-07 15:46:38,0,0,,,19.638,37.078
2026-05-07 15:51:39,1,1,,,19.528,36.214
2026-05-07 15:56:38,0,0,,,20.065,35.621
2026-05-07 16:01:41,0,0,,,19.699,35.896
2026-05-07 16:06:38,1,1,,,19.334,37.719
2026-05-07 16:11:39,0,0,,,19.302,36.321
2026-05-07 16:16:38,2,2,,,19.227,38.739
2026-05-07 16:21:39,1,1,,,18.874,39.148
2026-05-07 16:26:38,1,1,,,18.631,38.488
2026-05-07 16:31:39,1,1,,,18.655,39.14
2026-05-07 16:36:38,0,0,,,18.575,37.956
2026-05-07 16:41:39,3,3,,,18.645,40.593
2026-05-07 16:46:38,1,1,,,18.618,41.356
2026-05-07 16:51:39,0,0,,,18.3,42.505
2026-05-07 16:56:38,2,2,,,18.127,43.641
2026-05-07 17:01:39,3,3,,,17.95,44.523
2026-05-07 17:06:38,1,1,,,17.731,45.272
2026-05-07 17:11:40,2,2,,,17.51,45.864
2026-05-07 17:16:38,1,2,,,17.117,46.712
2026-05-07 17:21:39,3,3,,,16.607,48.284
2026-05-07 17:26:38,3,4,,,16.34,48.992
2026-05-07 17:31:39,2,2,,,16.054,49.819
2026-05-07 17:36:38,3,3,,,15.817,50.764
2026-05-07 17:41:39,4,5,,,15.598,51.214
2026-05-07 17:46:38,3,3,,,15.349,52.242
2026-05-07 17:51:39,8,11,,,15.195,53.257
2026-05-07 17:56:39,3,3,,,14.789,55.053
2026-05-07 18:01:38,2,2,,,14.466,55.208
2026-05-07 18:06:39,2,2,,,14.094,56.667
2026-05-07 18:11:38,3,3,,,13.777,56.543
2026-05-07 18:16:39,3,3,,,13.502,58.12
2026-05-07 18:21:38,3,4,,,13.243,58.359
2026-05-07 18:26:39,5,5,,,13.368,57.563
2026-05-07 18:31:38,3,3,,,13.048,58.622
2026-05-07 18:36:39,5,5,,,12.895,57.178
2026-05-07 18:41:38,8,8,,,13.544,54.96
2026-05-07 18:46:39,7,7,,,13.478,55.149
2026-05-07 18:51:38,6,6,,,13.349,56.388
2026-05-07 18:56:39,7,8,,,13.256,55.94
2026-05-07 19:01:38,7,7,,,13.008,57.63
2026-05-07 19:06:39,3,4,,,12.716,57.811
2026-05-07 19:11:39,4,4,,,12.452,58.921
2026-05-07 19:16:39,5,5,,,12.222,59.517
2026-05-07 19:21:38,4,4,,,11.995,59.831
2026-05-07 19:26:39,6,6,,,11.921,59.541
2026-05-07 19:31:39,7,7,,,11.667,60.516
2026-05-07 19:36:39,4,4,,,11.461,60.001
2026-05-07 19:41:39,6,6,,,11.285,60.567
2026-05-07 19:46:39,5,5,,,11.125,60.02
2026-05-07 19:51:39,4,4,,,11.162,60.665
2026-05-07 19:56:39,5,5,,,11.213,61.405
2026-05-07 20:01:39,6,6,,,11.277,62.343
2026-05-07 20:06:39,9,9,,,11.253,62.639
2026-05-07 20:11:38,17,20,,,11.189,63.549
2026-05-07 20:16:39,20,24,,,11.072,61.927
2026-05-07 20:21:39,32,33,,,10.927,62.854
2026-05-07 20:26:39,31,32,,,11.074,63.392
2026-05-07 20:31:39,34,35,,,11.152,63.9
2026-05-07 20:36:39,32,32,,,11.101,64.329
2026-05-07 20:41:39,28,29,,,10.933,64.493
2026-05-07 20:46:39,27,27,,,10.986,63.453
2026-05-07 20:51:39,25,28,,,10.85,64.386
2026-05-07 20:56:39,23,25,,,10.938,63.274
2026-05-07 21:01:39,25,26,,,10.823,65.595
2026-05-07 21:06:39,21,21,,,10.746,65.786
2026-05-07 21:11:39,29,29,,,10.687,65.603
2026-05-07 21:16:39,29,29,,,10.845,64.825
2026-05-07 21:21:39,32,32,,,10.821,66.238
2026-05-07 21:26:39,32,36,,,10.791,66.4
2026-05-07 21:31:39,32,34,,,10.847,66.667
2026-05-07 21:36:39,30,30,,,10.81,65.988
2026-05-07 21:41:39,32,33,,,10.85,65.511
2026-05-07 21:46:39,30,31,,,10.895,65.633
2026-05-07 21:51:39,32,33,,,10.903,65.49
2026-05-07 21:56:39,32,33,,,10.914,66.227
2026-05-07 22:01:39,30,34,,,10.922,66.539
2026-05-07 22:06:39,34,39,,,10.989,65.469
2026-05-07 22:11:39,38,42,,,11.162,65.721
2026-05-07 22:16:39,36,41,,,11.24,65.279
2026-05-07 22:21:39,34,38,,,11.293,65.172
2026-05-07 22:27:25,34,37,,,11.264,64.85
2026-05-07 22:33:29,32,35,,,11.264,66.341
2026-05-07 22:38:43,32,33,,,11.229,65.527
2026-05-07 22:44:48,31,32,,,11.197,66.345
2026-05-07 22:51:46,34,38,,,11.154,66.623
2026-05-07 22:56:51,30,32,,,11.128,66.747
2026-05-07 23:03:40,29,30,,,11.146,65.916
2026-05-07 23:03:56,29,30,,,11.146,65.916
2026-05-07 23:09:41,29,31,,,11.082,67.127
2026-05-07 23:15:21,28,30,,,11.021,67.507
2026-05-07 23:21:19,28,29,,,11.125,64.453
2026-05-07 23:27:09,28,30,,,11.064,67.205
2026-05-07 23:30:59,29,30,,,11.018,65.986
2026-05-07 23:31:52,29,30,,,11.018,65.986
2026-05-07 23:37:01,30,30,,,11.088,66.868
2026-05-07 23:42:39,29,29,,,11.066,66.187
2026-05-07 23:48:28,25,25,,,11.117,66.335
2026-05-07 23:54:10,26,27,,,11.197,65.925
2026-05-08 00:08:30,25,25,,,11.125,65.725
2026-05-08 00:14:21,26,26,,,11.189,65.832
2026-05-08 00:19:35,24,25,,,11.053,66
2026-05-08 00:25:27,21,21,,,10.97,66.656
2026-05-08 00:31:11,23,23,,,10.866,67.474
2026-05-08 00:50:14,23,23,,,10.655,68.02
2026-05-08 00:56:03,20,20,,,10.735,68.376
2026-05-08 01:02:02,18,18,,,10.85,67.068
2026-05-08 01:07:21,18,20,,,10.898,66.898
2026-05-08 01:11:18,17,18,,,10.885,67.203
2026-05-08 01:14:44,13,13,,,10.783,67.173
2026-05-08 01:19:05,17,18,,,11.002,64.857
2026-05-08 01:23:20,11,12,,,10.914,65.862
2026-05-08 01:27:29,11,14,,,10.66,67.482
2026-05-08 01:31:47,20,21,,,10.562,67.257
2026-05-08 01:35:09,20,20,,,10.393,66.78
2026-05-08 01:39:28,13,15,,,10.26,67.575
2026-05-08 01:43:44,16,16,,,9.99,68.928
2026-05-08 01:47:04,16,18,,,9.667,70.074
2026-05-08 01:51:23,15,16,,,9.312,70.925
2026-05-08 02:02:41,17,18,,,8.519,72.475
2026-05-08 02:07:00,14,19,,,8.396,73.49
2026-05-08 02:11:18,20,21,,,8.214,74.024
2026-05-08 02:14:42,33,37,,,8.34,74.531
2026-05-08 02:19:00,16,18,,,7.937,73.555
2026-05-08 02:24:10,22,23,,,7.755,74.55
2026-05-08 02:28:24,21,22,,,7.723,75.149
2026-05-08 02:32:41,22,23,,,7.573,75.292
2026-05-08 02:36:55,19,26,,,7.362,76.376
2026-05-08 02:41:07,23,27,,,7.146,76.557
2026-05-08 02:46:20,25,27,,,6.756,77.511
2026-05-08 02:50:38,25,26,,,7.045,76.815
2026-05-08 02:54:55,23,28,,,6.954,77.648
2026-05-08 02:59:55,25,25,,,6.863,77.661
2026-05-08 03:04:55,22,23,,,6.652,76.494
2026-05-08 03:09:55,21,22,,,6.479,77.722
2026-05-08 03:14:55,19,21,,,6.361,77.135
2026-05-08 03:19:55,20,21,,,6.18,78.464
2026-05-08 03:24:55,20,20,,,6.035,78.337
2026-05-08 03:29:55,18,19,,,5.862,79.153
2026-05-08 03:34:55,15,17,,,5.966,78.854
2026-05-08 03:39:55,19,21,,,6.003,79.384
2026-05-08 03:44:55,16,21,,,5.827,78.36
2026-05-08 03:49:55,20,26,,,5.734,80.053
2026-05-08 03:54:55,16,16,,,5.64,80.328
2026-05-08 03:59:55,15,19,,,5.467,80.179
2026-05-08 04:04:55,19,19,,,5.384,81.28
2026-05-08 04:09:55,23,23,,,5.541,80.795
2026-05-08 04:14:55,18,18,,,5.277,80.872
2026-05-08 04:19:55,20,23,,,5.17,81.154
2026-05-08 04:24:55,24,28,,,4.997,81.354
2026-05-08 04:29:55,24,26,,,4.812,81.263
2026-05-08 04:34:55,31,31,,,4.794,83.651
2026-05-08 04:39:55,33,33,,,4.86,82.405
2026-05-08 04:44:55,29,32,,,4.764,81.922
2026-05-08 04:49:55,28,31,,,4.767,82.863
2026-05-08 04:54:55,24,24,,,4.599,81.24
2026-05-08 04:59:55,22,23,,,4.505,82.104
2026-05-08 05:04:55,24,24,,,4.428,82.437
2026-05-08 05:09:55,24,24,,,4.54,83.338
2026-05-08 05:14:55,21,21,,,4.527,84.043
2026-05-08 05:19:55,23,24,,,4.54,83.94
2026-05-08 05:24:55,22,23,,,4.703,83.488
2026-05-08 05:29:56,21,24,,,4.716,83.237
2026-05-08 05:34:55,23,24,,,4.727,82.92
2026-05-08 05:39:55,24,27,,,4.722,82.619
2026-05-08 05:44:55,21,21,,,4.681,82.748
2026-05-08 05:49:55,30,30,,,4.588,84.543
2026-05-08 05:54:55,36,38,,,4.791,83.899
2026-05-08 05:59:55,24,27,,,4.689,83.431
2026-05-08 06:04:55,22,22,,,4.412,82.09
2026-05-08 06:09:55,23,23,,,4.211,82.329
2026-05-08 06:14:55,21,21,,,4.059,82.3
2026-05-08 06:19:55,20,22,,,3.867,83.494
2026-05-08 06:24:56,21,22,,,3.691,84.238
2026-05-08 06:29:56,27,27,,,3.766,86.102
2026-05-08 06:34:55,23,23,,,3.982,83.656
2026-05-08 06:39:56,20,22,,,3.696,85.112
2026-05-08 06:44:55,23,23,,,3.632,85.684
2026-05-08 06:49:55,25,29,,,3.707,88.873
2026-05-08 06:54:55,27,27,,,3.848,87.263
2026-05-08 06:59:56,23,23,,,4.075,86.527
2026-05-08 07:04:56,27,27,,,4.078,86.826
2026-05-08 07:09:56,27,28,,,4.15,84.822
2026-05-08 07:14:56,28,31,,,3.995,83.956
2026-05-08 07:19:56,23,23,,,3.939,84.656
2026-05-08 07:24:56,30,32,,,3.899,84.639
2026-05-08 07:29:56,30,30,,,3.966,84.78
2026-05-08 07:34:56,30,32,,,3.696,84.093
2026-05-08 07:39:56,30,33,,,3.589,84.095
2026-05-08 07:44:56,30,32,,,3.373,85.011
2026-05-08 07:49:56,24,29,,,3.45,86.393
2026-05-08 07:54:56,30,30,,,3.437,86.676
2026-05-08 07:59:56,32,32,,,3.963,87.668
2026-05-08 08:04:56,30,30,,,3.936,87.179
2026-05-08 08:09:56,29,30,,,4.062,87.023
2026-05-08 08:14:56,31,31,,,4.209,86.365
2026-05-08 08:19:56,31,31,,,4.452,86.195
2026-05-08 08:24:56,32,32,,,4.764,86.575
2026-05-08 08:29:56,33,34,,,5.202,85.966
2026-05-08 08:34:56,35,38,,,5.659,83.422
2026-05-08 08:39:56,36,38,,,6.025,82.834
2026-05-08 08:44:56,34,37,,,6.241,82.203
2026-05-08 08:49:56,33,34,,,6.489,82.125
2026-05-08 08:54:56,26,29,,,7.509,76.397
2026-05-08 08:59:56,27,28,,,7.79,76.24
2026-05-08 09:04:56,33,34,,,8.396,74.915
2026-05-08 09:09:56,30,32,,,8.836,73.799
2026-05-08 09:14:56,34,35,,,9.341,72.401
2026-05-08 09:19:56,32,35,,,9.792,70.82
2026-05-08 09:24:56,31,32,,,10.377,69.206
2026-05-08 09:29:56,33,36,,,11.189,67.577
2026-05-08 09:34:56,31,33,,,12.319,64.075
2026-05-08 09:39:56,29,29,,,13.112,59.511
2026-05-08 09:44:56,28,31,,,14.033,56.837
2026-05-08 09:49:56,28,30,,,14.631,54.824
2026-05-08 09:54:56,30,31,,,15.05,53.876
2026-05-08 09:59:57,31,34,,,15.459,52.854
2026-05-08 10:04:56,29,31,,,15.734,52.631
2026-05-08 10:09:56,32,35,,,16.201,49.888
2026-05-08 10:14:56,30,33,,,16.992,48.77
2026-05-08 10:19:56,29,32,,,17.657,46.441
2026-05-08 10:24:57,32,33,,,16.965,49.186
2026-05-08 10:29:56,33,37,,,16.957,48.94
2026-05-08 10:34:56,29,31,,,16.928,47.473
2026-05-08 10:39:56,29,35,,,17.408,46.289
2026-05-08 10:44:59,32,35,,,18.009,45.608
2026-05-08 10:49:56,31,34,,,17.868,45.921
2026-05-08 10:54:56,31,35,,,17.689,46.766
2026-05-08 10:59:56,32,37,,,18.695,44.248
2026-05-08 11:04:56,39,47,,,18.765,44.546
2026-05-08 11:09:56,40,47,,,19.328,41.898
2026-05-08 11:14:56,41,49,,,19.358,41.503
2026-05-08 11:19:56,30,30,,,19.318,41.03
2026-05-08 11:24:56,26,27,,,20.201,38.738
2026-05-08 11:29:56,18,19,,,20.533,34.856
2026-05-08 11:34:56,22,22,,,20.338,37.303
2026-05-08 11:39:56,13,15,,,20.853,33.767
2026-05-08 11:44:56,10,14,,,20.741,33.841
2026-05-08 11:49:57,12,14,,,21.128,32.285
2026-05-08 11:54:56,7,8,,,21.294,31.497
2026-05-08 11:59:57,7,7,,,21.384,30.677
2026-05-08 12:04:57,11,11,,,21.312,32.333
2026-05-08 12:09:56,8,10,,,21.539,30.456
2026-05-08 12:14:57,9,11,,,22.183,28.251
2026-05-08 12:19:57,6,6,,,21.95,28.127
2026-05-08 12:24:57,4,4,,,21.894,26.271
2026-05-08 12:29:56,4,5,,,21.678,26.015
2026-05-08 12:34:57,6,6,,,21.94,28.401
2026-05-08 12:39:57,12,15,,,22.914,27.621
2026-05-08 12:44:57,7,8,,,21.742,28.796
2026-05-08 12:49:57,8,8,,,22.183,28.022
2026-05-08 12:54:57,18,18,,,21.414,30.297
2026-05-08 12:59:57,9,11,,,22.068,28.821
2026-05-08 13:04:57,6,6,,,21.87,29.819
2026-05-08 13:09:57,9,9,,,22.108,30.973
2026-05-08 13:14:56,7,7,,,22.196,28.678
2026-05-08 13:19:57,8,9,,,21.838,31.076
2026-05-08 13:24:57,12,12,,,21.662,31.562
2026-05-08 13:29:57,7,7,,,21.125,31.308
2026-05-08 13:34:57,5,5,,,21.235,27.69
2026-05-08 13:39:57,5,5,,,21.035,26.303
2026-05-08 13:44:57,5,6,,,20.989,26.916
2026-05-08 13:49:57,1,1,,,21.016,24.112
2026-05-08 13:54:57,5,5,,,21.147,27.253
2026-05-08 13:59:57,7,7,,,20.482,28.277
2026-05-08 14:04:57,5,5,,,20.992,27.537
2026-05-08 14:09:57,5,5,,,20.984,26.616
2026-05-08 14:14:57,3,5,,,21.163,24.566
2026-05-08 14:19:57,3,4,,,21.264,21.728
2026-05-08 14:24:57,0,1,,,21.411,21.584
2026-05-08 14:29:57,4,4,,,21.625,24.28
2026-05-08 14:34:57,2,3,,,21.505,22.418
2026-05-08 14:39:57,2,4,,,21.902,23.242
2026-05-08 14:44:57,3,3,,,21.598,25.588
2026-05-08 14:49:57,0,0,,,21.993,21.153
2026-05-08 14:54:57,3,4,,,22.161,24.381
2026-05-08 14:59:57,4,4,,,21.689,25.17
2026-05-08 15:04:57,2,2,,,21.846,23.931
2026-05-08 15:09:57,3,3,,,21.646,24.581
2026-05-08 15:14:57,1,1,,,22.364,20.684
2026-05-08 15:19:57,1,1,,,22.191,21.329
2026-05-08 15:24:57,1,1,,,21.993,23.965
2026-05-08 15:29:57,2,2,,,22.22,24.285
2026-05-08 15:34:57,2,2,,,22.298,24.554
2026-05-08 15:39:57,0,1,,,22.29,24.07
2026-05-08 15:44:57,1,1,,,22.399,22.161
2026-05-08 15:49:57,0,1,,,22.271,22.162
2026-05-08 15:54:57,0,0,,,22.786,21.539
2026-05-08 15:59:57,1,2,,,22.372,21.852
2026-05-08 16:04:57,1,1,,,22.028,22.351
2026-05-08 16:09:57,3,3,,,22.097,22.653
2026-05-08 16:14:58,5,5,,,21.774,23.749
2026-05-08 16:19:58,3,4,,,21.665,24.791
2026-05-08 16:24:57,3,4,,,21.486,25.083
2026-05-08 16:29:57,3,3,,,21.499,25.722
2026-05-08 16:34:57,4,4,,,21.323,26.105
2026-05-08 16:39:57,4,4,,,21.32,26.387
2026-05-08 16:44:58,2,4,,,21.211,26.136
2026-05-08 16:49:57,3,5,,,21.128,26.208
2026-05-08 16:54:58,3,4,,,20.861,26.471
2026-05-08 16:59:57,4,4,,,20.53,27.612
2026-05-08 17:04:58,3,3,,,20.626,27.194
2026-05-08 17:09:57,4,4,,,20.351,27.537
2026-05-08 17:14:57,5,5,,,19.718,28.731
2026-05-08 17:19:57,4,4,,,19.315,29.592
2026-05-08 17:24:57,3,3,,,18.805,30.355
2026-05-08 17:29:58,4,5,,,18.455,31.076
2026-05-08 17:34:57,4,4,,,18.012,32.714
2026-05-08 17:39:58,5,5,,,17.769,34.719
2026-05-08 17:44:57,8,8,,,17.427,36.409
2026-05-08 17:49:58,11,11,,,17.136,38.888
2026-05-08 17:54:57,9,9,,,16.786,40.553
2026-05-08 17:59:58,8,9,,,16.615,40.973
2026-05-08 18:04:57,4,5,,,16.14,42.245
2026-05-08 18:09:58,7,7,,,15.734,43.933
2026-05-08 18:14:57,9,9,,,15.734,44.708
2026-05-08 18:19:57,8,8,,,15.539,44.504
2026-05-08 18:24:57,5,5,,,15.392,45.522
2026-05-08 18:29:58,4,4,,,15.016,45.572
2026-05-08 18:34:57,13,17,,,15.165,45.844
2026-05-08 18:39:58,7,7,,,15.146,46.005
2026-05-08 18:44:57,7,7,,,14.968,46.821
2026-05-08 18:49:58,6,6,,,14.562,48.007
2026-05-08 18:54:57,6,6,,,14.191,48.412
2026-05-08 18:59:58,5,5,,,13.902,49.077
2026-05-08 19:04:57,6,6,,,13.63,49.568
2026-05-08 19:09:58,5,5,,,13.336,49.898
2026-05-08 19:14:57,4,4,,,13.21,50.765
2026-05-08 19:19:58,4,4,,,13.237,50.21
2026-05-08 19:24:58,4,4,,,13.427,50.664
2026-05-08 19:29:58,5,5,,,13.184,50.918
2026-05-08 19:34:58,5,6,,,13.074,51.734
2026-05-08 19:39:57,3,3,,,12.823,52.442
2026-05-08 19:44:58,5,5,,,13.024,51.944
2026-05-08 19:49:58,3,3,,,12.7,52.259
2026-05-08 19:54:58,4,4,,,12.452,54.056
2026-05-08 19:59:57,6,7,,,12.495,53.659
2026-05-08 20:04:58,7,7,,,12.092,54.706
2026-05-08 20:09:58,6,7,,,11.931,54.903
2026-05-08 20:14:58,5,6,,,11.566,55.658
2026-05-08 20:19:58,4,5,,,11.312,56.078
2026-05-08 20:24:58,4,5,,,11.216,56.726
2026-05-08 20:29:58,4,4,,,10.965,59.217
2026-05-08 20:34:58,14,15,,,11.064,56.253
2026-05-08 20:39:58,15,19,,,10.81,56.734
2026-05-08 20:44:58,9,12,,,10.647,58.45
2026-05-08 20:49:58,8,12,,,10.329,58.174
2026-05-08 20:54:58,7,7,,,10.07,59.171
2026-05-08 20:59:58,6,6,,,9.849,59.665
2026-05-08 21:04:58,6,9,,,9.715,59.742
2026-05-08 21:09:58,7,8,,,9.488,60.829
2026-05-08 21:14:58,33,34,,,9.347,61.411
2026-05-08 21:19:58,25,26,,,9.536,59.879
2026-05-08 21:24:58,25,25,,,9.237,61.115
2026-05-08 21:29:58,22,24,,,8.935,61.952
2026-05-08 21:34:58,24,26,,,8.735,62.313
2026-05-08 21:39:58,28,30,,,8.631,62.395
2026-05-08 21:44:58,33,34,,,8.599,61.937
2026-05-08 21:49:58,28,29,,,8.535,61.353
2026-05-08 21:54:58,27,29,,,8.326,63.579
2026-05-08 21:59:58,26,26,,,8.116,62.688
2026-05-08 22:04:58,25,26,,,7.808,63.61
2026-05-08 22:09:58,21,21,,,7.795,64.224
2026-05-08 22:14:58,21,21,,,7.611,65.174
2026-05-08 22:19:58,23,25,,,7.346,65.63
2026-05-08 22:24:58,25,27,,,7.119,66.496
2026-05-08 22:29:58,21,22,,,6.879,66.868
2026-05-08 22:34:58,23,27,,,6.898,66.292
2026-05-08 22:39:58,23,25,,,6.698,67.186
2026-05-08 22:44:58,26,28,,,6.615,68.575
2026-05-08 22:49:58,33,35,,,6.393,69.263
2026-05-08 22:54:59,32,33,,,6.302,68.702
2026-05-08 22:59:58,33,34,,,6.201,70.215
2026-05-08 23:04:58,28,31,,,6.137,69.599
2026-05-08 23:09:58,38,39,,,6.417,69.317
2026-05-08 23:14:58,34,35,,,6.356,69.38
2026-05-08 23:19:58,31,32,,,6.62,68.186
2026-05-08 23:24:58,28,28,,,6.783,68.374
2026-05-08 23:29:58,30,32,,,6.74,67.672
2026-05-08 23:34:58,32,32,,,6.444,68.47
2026-05-08 23:39:58,31,33,,,6.35,69.32
2026-05-08 23:44:58,31,33,,,6.118,69.303
2026-05-08 23:49:58,34,36,,,6.075,70.232
2026-05-08 23:54:58,32,34,,,6.329,68.506
2026-05-08 23:59:58,30,30,,,6.233,69.034
2026-05-09 00:04:58,28,28,,,6.172,69.362
2026-05-09 00:09:59,28,29,,,6.164,69.214
2026-05-09 00:14:58,29,31,,,5.955,69.154
2026-05-09 00:19:58,22,26,,,5.977,69.862
2026-05-09 00:24:58,31,31,,,5.611,70.32
2026-05-09 00:29:59,33,33,,,5.384,71.481
2026-05-09 00:34:58,29,31,,,5.221,71.337
2026-05-09 00:39:59,33,33,,,5.208,72.157
2026-05-09 00:44:58,26,29,,,5.053,71.821
2026-05-09 00:49:59,30,31,,,4.959,72.586
2026-05-09 00:54:58,39,42,,,4.994,73.78
2026-05-09 00:59:58,31,31,,,4.895,72.468
2026-05-09 01:04:58,33,34,,,4.689,73.219
2026-05-09 01:09:59,30,32,,,4.628,73.698
2026-05-09 01:14:59,34,35,,,4.636,75.02
2026-05-09 01:19:59,32,33,,,4.615,73.94
2026-05-09 01:24:58,32,34,,,4.553,73.953
2026-05-09 01:29:59,29,31,,,4.438,74.36
2026-05-09 01:34:59,31,31,,,4.409,74.396
2026-05-09 01:39:59,32,33,,,4.297,74.369
2026-05-09 01:44:59,28,30,,,4.145,75.323
2026-05-09 01:49:59,32,33,,,4.11,74.568
2026-05-09 01:54:58,29,29,,,4.209,74.474
2026-05-09 01:59:59,27,27,,,4.075,74.537
2026-05-09 02:04:58,23,27,,,4.123,75.125
2026-05-09 02:09:59,28,31,,,3.979,75.243
2026-05-09 02:14:59,27,27,,,3.8,75.369
2026-05-09 02:19:59,27,28,,,3.632,76.277
2026-05-09 02:24:59,30,31,,,3.699,76.219
2026-05-09 02:29:59,28,30,,,3.787,75.081
2026-05-09 02:34:59,37,37,,,3.891,76.799
2026-05-09 02:39:59,33,33,,,3.635,76.691
2026-05-09 02:44:59,30,32,,,3.707,76.603
2026-05-09 02:49:59,32,33,,,3.795,76.679
2026-05-09 02:54:59,31,32,,,3.688,76.225
2026-05-09 02:59:59,35,35,,,3.579,76.91
2026-05-09 03:04:59,36,36,,,3.547,77.497
2026-05-09 03:09:59,33,33,,,3.37,77.251
2026-05-09 03:14:59,24,24,,,3.426,76.511
2026-05-09 03:19:59,28,29,,,3.499,76.952
2026-05-09 03:24:59,25,25,,,3.533,78.861
2026-05-09 03:29:59,34,35,,,3.76,76.538
2026-05-09 03:34:59,32,33,,,3.928,76.137
2026-05-09 03:39:59,23,24,,,3.915,75.565
2026-05-09 03:44:59,21,22,,,4.113,74.47
2026-05-09 03:49:59,20,23,,,4.019,75.88
2026-05-09 03:54:59,25,28,,,3.808,75.039
2026-05-09 03:59:59,27,27,,,3.576,76.607
2026-05-09 04:04:59,23,24,,,3.37,76.897
2026-05-09 04:09:59,22,23,,,3.312,77.066
2026-05-09 04:14:59,25,25,,,3.234,77.608
2026-05-09 04:19:59,24,24,,,3.434,77.478
2026-05-09 04:24:59,25,27,,,3.309,77.686
2026-05-09 04:29:59,25,29,,,3.215,78.266
2026-05-09 04:34:59,22,25,,,3.189,78.312
2026-05-09 04:39:59,25,28,,,3.119,77.639
2026-05-09 04:44:59,24,25,,,2.98,78.312
2026-05-09 04:49:59,20,21,,,2.919,79.26
2026-05-09 04:54:59,23,25,,,2.708,78.88
2026-05-09 04:59:59,20,23,,,2.673,79.803
2026-05-09 05:04:59,14,16,,,2.772,80.055
2026-05-09 05:09:59,20,25,,,2.729,80.69
2026-05-09 05:14:59,18,18,,,2.823,79.38
2026-05-09 05:19:59,19,21,,,2.922,79.92
2026-05-09 05:24:59,16,19,,,2.802,79.344
2026-05-09 05:29:59,18,19,,,2.906,80.341
2026-05-09 05:34:59,11,14,,,3.093,79.319
2026-05-09 05:39:59,15,20,,,2.999,80.681
2026-05-09 05:44:59,24,25,,,3.274,79.918
2026-05-09 05:49:59,23,24,,,3.317,79.035
2026-05-09 05:54:59,21,23,,,3.344,78.489
2026-05-09 05:59:59,17,22,,,3.392,78.403
2026-05-09 06:04:59,11,15,,,3.659,77.614
2026-05-09 06:09:59,14,14,,,3.912,77.022
2026-05-09 06:14:59,16,16,,,3.675,77.675
2026-05-09 06:19:59,10,10,,,3.605,77.816
2026-05-09 06:24:59,16,19,,,3.45,78.165
2026-05-09 06:29:59,14,15,,,3.242,78.588
2026-05-09 06:34:59,30,32,,,3.143,78.304
2026-05-09 06:39:59,16,19,,,3.087,79.216
2026-05-09 06:44:59,18,18,,,3.194,79.159
2026-05-09 06:49:59,20,23,,,3.087,79.357
2026-05-09 06:54:59,19,21,,,3.13,78.617
2026-05-09 06:59:59,33,36,,,3.779,78.348
2026-05-09 07:04:59,24,27,,,3.565,77.963
2026-05-09 07:09:59,24,25,,,3.605,77.469
2026-05-09 07:14:59,27,27,,,3.496,78.15
2026-05-09 07:19:59,31,32,,,3.632,78.518
2026-05-09 07:24:59,22,22,,,3.707,78.815
2026-05-09 07:30:00,28,28,,,3.661,77.846
2026-05-09 07:34:59,30,30,,,3.979,77.591
2026-05-09 07:40:00,25,25,,,3.931,77.827
2026-05-09 07:44:59,28,28,,,4.049,77.673
2026-05-09 07:50:00,30,30,,,4.022,77.585
2026-05-09 07:54:59,32,32,,,3.899,77.225
2026-05-09 08:00:00,35,37,,,3.848,77.845
2026-05-09 08:05:00,28,29,,,3.872,77.856
2026-05-09 08:10:00,30,30,,,4.033,77.474
2026-05-09 08:15:00,28,31,,,4.011,77.675
2026-05-09 08:20:00,29,33,,,4.161,78.106
2026-05-09 08:24:59,37,41,,,4.377,78.094
2026-05-09 08:30:00,40,44,,,4.521,77.539
2026-05-09 08:34:59,39,45,,,4.828,77.644
2026-05-09 08:40:00,39,44,,,5.232,75.064
2026-05-09 08:44:59,43,53,,,5.71,74.026
2026-05-09 08:50:00,34,36,,,5.875,72.378
2026-05-09 09:00:01,27,30,,,6.682,69.725
2026-05-09 09:05:00,34,35,,,7.194,67.703
2026-05-09 09:10:00,43,49,,,7.67,66.045
2026-05-09 09:15:00,58,71,,,8.233,64.359
2026-05-09 09:20:00,49,60,,,8.69,63.339
2026-05-09 09:25:00,47,57,,,9.357,62.084
2026-05-09 09:30:00,33,33,,,10.094,59.106
2026-05-09 09:35:00,37,42,,,11.018,55.812
2026-05-09 09:40:00,22,25,,,11.341,55.027
2026-05-09 09:45:00,19,19,,,12.233,51.073
2026-05-09 09:50:00,19,20,,,12.957,49.819
2026-05-09 09:55:00,18,20,,,13.184,47.603
2026-05-09 10:00:00,22,25,,,14.463,46.363
2026-05-09 10:05:00,25,27,,,14.799,45.844
2026-05-09 10:10:00,23,23,,,15.817,42.068
2026-05-09 10:15:00,19,19,,,16.177,41.107
2026-05-09 10:20:00,18,18,,,17.355,38.627
2026-05-09 10:25:00,20,22,,,17.969,37.99
2026-05-09 10:30:00,18,19,,,18.297,37.368
2026-05-09 10:35:00,22,23,,,18.866,36.22
2026-05-09 10:40:00,22,23,,,19.665,35.339
2026-05-09 10:45:00,24,24,,,19.36,36.302
2026-05-09 10:50:00,18,18,,,19.456,34.848
2026-05-09 10:55:00,22,22,,,19.974,34.963
2026-05-09 11:00:00,24,27,,,19.918,35.59
2026-05-09 11:05:00,22,23,,,20.113,34.829
2026-05-09 11:10:00,23,24,,,21.056,33.225
2026-05-09 11:15:00,23,23,,,20.808,32.859
2026-05-09 11:20:00,23,23,,,19.881,35.264
2026-05-09 11:25:00,21,23,,,19.734,34.887
2026-05-09 11:30:00,25,25,,,20.097,34.671
2026-05-09 11:35:00,22,23,,,20.655,32.996
2026-05-09 11:40:00,24,25,,,20.487,33.809
2026-05-09 11:45:00,19,21,,,20.121,36.508
2026-05-09 11:50:00,23,23,,,20.407,34.568
2026-05-09 11:55:00,21,22,,,21.374,32.212
2026-05-09 12:00:00,22,25,,,21.44,33.405
2026-05-09 12:05:00,21,22,,,21.486,31.85
2026-05-09 12:10:00,24,25,,,21.323,32.323
2026-05-09 12:15:00,21,24,,,22.161,30.782
2026-05-09 12:20:01,25,26,,,21.822,31.474
2026-05-09 12:25:00,24,24,,,23.165,28.899
2026-05-09 12:30:00,21,21,,,23.286,29.634
2026-05-09 12:35:00,21,21,,,23.897,28.293
2026-05-09 12:40:00,22,22,,,23.721,27.991
2026-05-09 12:45:00,22,23,,,23.179,28.562
2026-05-09 12:50:01,19,21,,,23.737,28.121
2026-05-09 12:55:00,20,23,,,23.387,28.344
2026-05-09 13:00:01,19,21,,,24.057,27.772
2026-05-09 13:05:00,17,18,,,23.609,27.097
2026-05-09 13:10:01,16,17,,,23.12,27.042
2026-05-09 13:15:00,13,16,,,23.179,26.797
2026-05-09 13:20:01,15,18,,,22.773,28.041
2026-05-09 13:25:00,11,17,,,22.738,27.515
2026-05-09 13:30:01,13,13,,,22.842,27.032
2026-05-09 13:35:00,11,13,,,23.04,26.349
2026-05-09 13:40:01,11,11,,,22.834,27.48
2026-05-09 13:45:00,9,9,,,22.436,28.117
2026-05-09 13:50:00,9,11,,,22.578,27.78
2026-05-09 13:55:02,11,12,,,22.527,27.2
2026-05-09 14:00:00,12,13,,,22.404,27.043
2026-05-09 14:05:01,13,13,,,22.869,26.41
2026-05-09 14:10:00,8,9,,,22.744,24.892
2026-05-09 14:15:01,6,6,,,23.093,23.318
2026-05-09 14:20:03,8,8,,,23.478,25.695
2026-05-09 14:25:01,5,6,,,23.75,22.714
2026-05-09 14:30:00,6,6,,,23.668,23.091
2026-05-09 14:35:01,4,4,,,24.268,20.987
2026-05-09 14:40:00,3,4,,,24.527,20.249
2026-05-09 14:45:01,3,4,,,24.947,19.675
2026-05-09 14:50:00,4,5,,,25.166,18.8
2026-05-09 14:55:01,4,4,,,25.032,18.706
2026-05-09 15:00:01,3,3,,,25.109,18.809
2026-05-09 15:05:01,3,3,,,25.395,19.502
2026-05-09 15:10:01,2,2,,,25.459,18.155
2026-05-09 15:15:01,2,2,,,25.678,17.589
2026-05-09 15:20:01,3,3,,,25.513,19.45
2026-05-09 15:25:00,3,3,,,25.74,19.99
2026-05-09 15:30:01,5,5,,,25.681,19.732
2026-05-09 15:35:01,5,5,,,25.753,21.707
2026-05-09 15:40:01,5,5,,,25.844,21.016
2026-05-09 15:45:01,1,2,,,26.124,20.356
2026-05-09 15:50:01,3,3,,,26.624,21.344
2026-05-09 15:55:01,3,3,,,26.498,19.977
2026-05-09 16:00:01,4,4,,,26.276,19.637
2026-05-09 16:05:01,2,2,,,25.449,18.758
2026-05-09 16:10:01,3,4,,,25.246,18.962
2026-05-09 16:15:00,3,3,,,24.947,18.233
2026-05-09 16:20:01,2,3,,,24.672,17.894
2026-05-09 16:25:01,2,2,,,24.802,16.868
2026-05-09 16:30:01,1,1,,,24.498,16.906
2026-05-09 16:35:01,2,2,,,24.578,16.871
2026-05-09 16:40:01,2,2,,,24.503,18.407
2026-05-09 16:45:02,2,2,,,24.343,19.103
2026-05-09 16:50:01,5,5,,,25.003,18.769
2026-05-09 16:55:01,3,3,,,24.3,20.978
2026-05-09 17:00:01,3,3,,,23.964,21.609
2026-05-09 17:05:01,3,3,,,23.969,21.094
2026-05-09 17:10:01,4,5,,,23.571,21.558
2026-05-09 17:15:01,5,5,,,22.955,23.587
2026-05-09 17:20:01,3,4,,,22.439,23.726
2026-05-09 17:25:01,3,3,,,21.801,25.598
2026-05-09 17:30:01,3,3,,,21.12,27.995
2026-05-09 17:35:01,3,3,,,20.164,28.489
2026-05-09 17:40:01,1,1,,,19.462,30.065
2026-05-09 17:45:01,30,33,,,18.989,28.619
2026-05-09 17:50:01,13,16,,,18.319,32.926
2026-05-09 17:55:01,17,21,,,17.494,32.624
2026-05-09 18:00:01,11,11,,,16.767,36.897
2026-05-09 18:05:01,19,19,,,16.124,36.018
2026-05-09 18:10:01,18,18,,,15.523,37.87
2026-05-09 18:15:01,18,19,,,15.181,38.751
2026-05-09 18:20:01,19,19,,,14.65,39.603
2026-05-09 18:25:01,17,18,,,14.116,41.091
2026-05-09 18:30:04,18,20,,,13.769,41.999
2026-05-09 18:35:01,20,20,,,13.328,42.022
2026-05-09 18:40:01,17,17,,,12.807,42.795
2026-05-09 18:45:01,20,20,,,12.676,43.638
2026-05-09 18:50:01,24,25,,,12.425,42.053
2026-05-09 18:55:01,23,23,,,12.375,41.158
2026-05-09 19:00:02,22,26,,,11.961,43.186
2026-05-09 19:05:01,23,24,,,11.846,41.198
2026-05-09 19:10:02,26,28,,,11.739,42.636
2026-05-09 19:15:01,24,24,,,11.675,42.922
2026-05-09 19:20:05,23,24,,,11.461,43.094
2026-05-09 19:25:01,21,21,,,11.112,43.821
2026-05-09 19:30:01,18,20,,,11.24,42.381
2026-05-09 19:35:01,20,23,,,10.895,43.727
2026-05-09 19:40:05,21,21,,,10.655,45.717
2026-05-09 19:45:03,20,20,,,10.623,42.579
2026-05-09 19:50:04,23,23,,,10.535,40.334
2026-05-09 19:55:01,19,20,,,10.789,41.894
2026-05-09 20:00:01,19,19,,,10.636,45.011
2026-05-09 20:05:01,19,20,,,10.567,44.851
2026-05-09 20:10:05,15,17,,,10.254,44.702
2026-05-09 20:15:01,14,17,,,10.022,46.43
2026-05-09 20:20:02,42,50,,,10.137,44.141
2026-05-09 20:25:02,29,29,,,9.814,45.606
2026-05-09 20:30:02,36,40,,,9.792,44.845
2026-05-09 20:35:01,38,44,,,9.731,45.289
2026-05-09 20:40:02,22,24,,,9.419,46.632
2026-05-09 20:45:01,31,33,,,9.224,46.615
2026-05-09 20:50:02,37,40,,,9.16,47.922
2026-05-09 20:55:02,39,44,,,8.845,47.948
2026-05-09 21:00:02,26,29,,,8.535,50.037
2026-05-09 21:05:02,32,32,,,8.375,50.769
2026-05-09 21:10:02,30,30,,,8.489,49.873
2026-05-09 21:15:01,28,28,,,8.177,49.053
2026-05-09 21:20:02,26,26,,,8.23,50.088
2026-05-09 21:25:02,30,30,,,7.99,52.085
2026-05-09 21:30:02,25,27,,,7.736,51.834
2026-05-09 21:35:02,25,26,,,7.638,52.751
2026-05-09 21:40:04,20,21,,,7.509,52.425
2026-05-09 21:45:05,22,22,,,7.362,51.454
2026-05-09 21:50:02,29,30,,,7.499,50.224
2026-05-09 21:55:02,29,30,,,7.824,47.611
2026-05-09 22:00:02,31,34,,,7.411,52.642
2026-05-09 22:05:05,29,31,,,7.114,54.016
2026-05-09 22:10:02,33,35,,,6.917,55.261
2026-05-09 22:15:02,39,44,,,6.666,56.293
2026-05-09 22:20:03,38,44,,,6.543,56.425
2026-05-09 22:25:02,40,44,,,6.417,53.867
2026-05-09 22:30:02,39,43,,,6.292,53.632
2026-05-09 22:35:02,39,45,,,6.15,54.571
2026-05-09 22:40:02,38,41,,,6.481,51.681
2026-05-09 22:45:02,80,88,,,6.356,54.678
2026-05-09 22:50:02,35,41,,,6.23,55.221
2026-05-09 22:55:03,37,41,,,6.073,56.913
2026-05-09 23:00:02,35,39,,,5.776,58.288
2026-05-09 23:05:02,34,34,,,5.702,56.453
2026-05-09 23:10:02,38,43,,,5.576,57.533
2026-05-09 23:15:02,33,34,,,6.003,54.464
2026-05-09 23:20:02,35,36,,,5.862,55.349
2026-05-09 23:25:02,32,33,,,5.912,55.786
2026-05-09 23:30:02,33,33,,,5.667,57.296
2026-05-09 23:35:02,36,37,,,5.453,59.848
2026-05-09 23:40:02,36,41,,,5.394,59.154
2026-05-09 23:45:02,35,35,,,5.429,57.294
2026-05-09 23:50:02,31,34,,,5.277,59.145
2026-05-09 23:55:02,28,30,,,5.544,58.128
2026-05-10 00:00:02,26,28,,,5.224,59.52
2026-05-10 00:05:02,43,54,,,5.095,59.034
2026-05-10 00:10:02,53,65,,,5.029,59.37
2026-05-10 00:15:02,50,61,,,5.053,58.323
2026-05-10 00:20:02,53,64,,,4.844,60.135
2026-05-10 00:25:02,45,57,,,4.802,59.518
2026-05-10 00:30:02,49,58,,,4.679,59.633
2026-05-10 00:35:02,45,53,,,4.601,59.267
2026-05-10 00:40:02,43,53,,,4.588,58.864
2026-05-10 00:45:02,36,37,,,4.716,58.269
2026-05-10 00:50:02,32,32,,,4.454,59.974
2026-05-10 00:55:02,23,24,,,4.604,56.053
2026-05-10 01:00:02,27,27,,,4.561,58.878
2026-05-10 01:05:02,22,23,,,4.516,57.846
2026-05-10 01:10:03,16,17,,,4.673,55.82
2026-05-10 01:15:02,18,18,,,4.823,57.611
2026-05-10 01:20:03,16,16,,,4.591,58.445
2026-05-10 01:25:03,8,9,,,4.583,54.916
2026-05-10 01:30:02,14,16,,,4.479,59.978
2026-05-10 01:35:02,13,13,,,4.374,59.986
2026-05-10 01:40:02,9,11,,,4.182,60.133
2026-05-10 01:45:03,11,13,,,4.115,60.432
2026-05-10 01:50:02,9,9,,,3.91,60.417
2026-05-10 01:55:03,13,15,,,4.073,57.958
2026-05-10 02:00:02,11,11,,,3.707,61.62
2026-05-10 02:05:03,15,15,,,3.603,61.039
2026-05-10 02:10:02,17,20,,,3.675,61.123
2026-05-10 02:15:03,13,13,,,3.883,58.794
2026-05-10 02:20:02,14,18,,,4.078,58.134
2026-05-10 02:25:03,7,7,,,4.398,57.539
2026-05-10 02:30:02,15,15,,,3.926,59.94
2026-05-10 02:35:03,11,11,,,3.611,61.607
2026-05-10 02:40:02,10,14,,,3.696,59.711
2026-05-10 02:45:03,7,7,,,3.675,60.613
2026-05-10 02:50:03,8,8,,,3.683,59.721
2026-05-10 02:55:02,7,7,,,3.477,62.412
2026-05-10 03:00:03,6,7,,,3.354,61.782
2026-05-10 03:05:03,6,7,,,3.221,62.376
2026-05-10 03:10:03,7,7,,,3.207,61.811
2026-05-10 03:15:03,6,6,,,3.248,60.966
2026-05-10 03:20:03,5,5,,,3.223,62.517
2026-05-10 03:25:02,6,6,,,3.189,62.276
2026-05-10 03:30:03,5,5,,,3.079,62.751
2026-05-10 03:35:03,5,6,,,3.055,62.339
2026-05-10 03:40:03,6,6,,,2.927,61.327
2026-05-10 03:45:03,5,5,,,2.876,60.638
2026-05-10 03:50:03,5,5,,,2.719,64.205
2026-05-10 03:55:03,6,6,,,2.577,63.837
2026-05-10 04:00:03,5,5,,,2.911,60.995
2026-05-10 04:05:03,6,6,,,2.639,63.61
2026-05-10 04:10:03,6,6,,,2.737,62.315
2026-05-10 04:15:03,3,3,,,2.932,60.901
2026-05-10 04:20:03,5,6,,,2.657,62.738
2026-05-10 04:25:03,5,5,,,2.543,63.045
2026-05-10 04:30:03,3,3,,,2.382,63.564
2026-05-10 04:35:03,3,5,,,2.711,60.562
2026-05-10 04:40:03,5,5,,,2.569,62.025
2026-05-10 04:45:03,2,5,,,2.289,63.581
2026-05-10 04:50:03,5,6,,,2.249,64.357
2026-05-10 04:55:03,1,3,,,2.046,64.989
2026-05-10 05:00:03,1,1,,,1.883,63.873
2026-05-10 05:05:03,1,1,,,1.896,62.742
2026-05-10 05:10:03,0,0,,,1.952,62.784
2026-05-10 05:15:03,1,1,,,1.904,63.312
2026-05-10 05:20:03,2,2,,,1.848,63.226
2026-05-10 05:25:03,5,5,,,1.888,61.975
2026-05-10 05:30:03,3,3,,,2.115,60.745
2026-05-10 05:35:03,5,5,,,2.016,63.688
2026-05-10 05:40:03,6,6,,,2.075,63.203
2026-05-10 05:45:03,6,6,,,2.089,64.039
2026-05-10 05:50:03,7,7,,,2.038,62.872
2026-05-10 05:55:03,5,5,,,1.984,61.414
2026-05-10 06:00:03,3,3,,,1.95,64.113
2026-05-10 06:05:03,6,6,,,2.345,58.601
2026-05-10 06:10:03,5,5,,,2.361,56.871
2026-05-10 06:15:03,3,5,,,2.494,60.287
2026-05-10 06:20:03,5,5,,,2.353,60.93
2026-05-10 06:25:03,5,6,,,2.137,61.964
2026-05-10 06:30:03,6,6,,,1.982,63.419
2026-05-10 06:35:03,6,6,,,1.757,64.706
2026-05-10 06:40:03,7,9,,,1.611,65.262
2026-05-10 06:45:03,5,5,,,1.517,65.342
2026-05-10 06:50:03,5,6,,,1.616,64.363
2026-05-10 06:55:03,9,10,,,1.635,64.5
2026-05-10 07:00:03,10,10,,,1.48,65.427
2026-05-10 07:05:03,9,9,,,1.461,66.07
2026-05-10 07:10:03,6,6,,,1.336,66.192
2026-05-10 07:15:03,5,5,,,1.215,66.127
2026-05-10 07:20:03,5,6,,,1.255,66.036
2026-05-10 07:25:03,5,5,,,1.269,66.644
2026-05-10 07:30:04,3,5,,,1.186,66.126
2026-05-10 07:35:03,3,3,,,1.384,64.188
2026-05-10 07:40:04,2,3,,,1.557,63.902
2026-05-10 07:45:03,3,3,,,1.597,64.527
2026-05-10 07:50:04,5,5,,,1.755,64.312
2026-05-10 07:55:03,3,3,,,1.736,65.765
2026-05-10 08:00:04,5,5,,,2.019,62.833
2026-05-10 08:05:03,9,9,,,1.979,65.059
2026-05-10 08:10:04,31,31,,,2.089,64.735
2026-05-10 08:15:03,22,26,,,2.267,64.012
2026-05-10 08:20:04,11,11,,,2.446,64.834
2026-05-10 08:25:03,3,5,,,3.226,57.924
2026-05-10 08:30:04,6,6,,,3.629,60.11
2026-05-10 08:35:03,6,7,,,4.412,57.987
2026-05-10 08:40:04,11,15,,,4.639,57.596
2026-05-10 08:45:03,16,16,,,5.613,49.632
2026-05-10 08:50:03,15,17,,,5.987,50.201
2026-05-10 08:55:03,8,8,,,6.86,48.94
2026-05-10 09:00:04,13,14,,,7.328,54.904
2026-05-10 09:05:03,23,27,,,8.655,52.48
2026-05-10 09:10:04,10,14,,,9.298,47.031
2026-05-10 09:15:04,12,17,,,10.126,46.148
2026-05-10 09:20:04,12,12,,,11.16,40.311
2026-05-10 09:25:03,17,17,,,12.14,38.192
2026-05-10 09:30:03,8,8,,,13.365,35.518
2026-05-10 09:35:03,8,9,,,14.54,32.861
2026-05-10 09:40:04,13,13,,,15.755,33.281
2026-05-10 09:45:04,24,25,,,17.115,30.08
2026-05-10 09:50:04,16,19,,,17.86,29.573
2026-05-10 09:55:03,9,11,,,18.834,25.502
2026-05-10 10:00:04,5,5,,,19.921,23.604
2026-05-10 10:05:04,2,2,,,20.487,20.059
2026-05-10 10:10:04,0,0,,,21.254,20.242
2026-05-10 10:15:04,2,3,,,21.881,19.816
2026-05-10 10:20:04,0,0,,,22.712,20.028
2026-05-10 10:25:04,0,1,,,23.505,18.411
2026-05-10 10:30:04,0,1,,,24.343,17.253
2026-05-10 10:35:04,0,0,,,24.826,16.354
2026-05-10 10:40:04,1,1,,,25.401,15.17
2026-05-10 10:45:04,0,0,,,26.178,14.302
2026-05-10 10:50:04,1,1,,,27.008,14.981
2026-05-10 10:55:04,0,0,,,27.724,14.407
2026-05-10 11:00:04,0,0,,,28.314,13.141
2026-05-10 11:05:03,0,0,,,29.224,12.038
2026-05-10 11:10:04,0,0,,,29.382,11.002
2026-05-10 11:15:04,0,0,,,29.775,11.592
2026-05-10 11:20:04,0,0,,,30.247,10.468
2026-05-10 11:25:03,0,0,,,30.18,10.707
2026-05-10 11:30:04,0,0,,,30.533,10.482
2026-05-10 11:35:04,0,0,,,30.028,10.772
2026-05-10 11:40:04,0,0,,,30.933,10.602
2026-05-10 11:45:04,0,0,,,30.664,10.791
2026-05-10 11:50:04,0,0,,,30.215,10.567
2026-05-10 11:55:04,0,0,,,30.693,11.784
2026-05-10 12:00:04,0,0,,,30.653,10.602
2026-05-10 12:05:04,0,0,,,30.864,11.014
2026-05-10 12:10:04,0,0,,,31.08,11.521
2026-05-10 12:15:04,0,0,,,31.11,10.464
2026-05-10 12:20:04,0,0,,,31.297,10.627
2026-05-10 12:25:04,0,0,,,30.976,11.422
2026-05-10 12:30:04,0,0,,,31.225,11.081
2026-05-10 12:35:04,0,0,,,30.949,12.359
2026-05-10 12:40:04,0,0,,,31.633,11.605
2026-05-10 12:45:04,0,1,,,30.698,12.576
2026-05-10 12:50:04,0,0,,,31.486,12.114
2026-05-10 12:55:04,0,0,,,31.211,11.155
2026-05-10 13:00:04,0,0,,,31.262,11.958
2026-05-10 13:05:04,0,0,,,30.853,10.104
2026-05-10 13:10:04,0,0,,,30.674,9.677
2026-05-10 13:15:04,0,0,,,30.928,10.091
2026-05-10 13:20:04,0,0,,,30.447,10.651
2026-05-10 13:25:05,0,0,,,30.253,10.548
2026-05-10 13:30:04,0,0,,,30.56,10.96
2026-05-10 13:35:05,0,0,,,30.616,10.861
2026-05-10 13:40:05,0,0,,,30.447,11.178
2026-05-10 13:45:04,0,0,,,30.41,10.983
2026-05-10 13:50:04,0,0,,,30.066,12.05
2026-05-10 13:55:04,1,2,,,30.367,13.621
2026-05-10 14:00:04,0,0,,,30.247,13.127
2026-05-10 14:05:04,0,0,,,30.245,12.313
2026-05-10 14:10:05,0,0,,,30.261,12.803
2026-05-10 14:15:04,0,0,,,30.498,12.416
2026-05-10 14:20:04,0,0,,,30.415,12.261
2026-05-10 14:25:05,0,0,,,30.578,12.179
2026-05-10 14:30:05,0,0,,,30.982,12.841
2026-05-10 14:35:04,0,0,,,31.019,12.578
2026-05-10 14:40:05,0,0,,,31.016,11.937
2026-05-10 14:45:04,0,0,,,31.003,10.821
2026-05-10 14:50:05,0,0,,,30.893,10.543
2026-05-10 14:55:04,0,0,,,31.03,11.237
2026-05-10 15:00:04,0,0,,,31.104,11.998
2026-05-10 15:05:04,0,0,,,30.856,11.353
2026-05-10 15:10:05,0,0,,,31.035,11.51
2026-05-10 15:15:04,0,0,,,30.851,12.372
2026-05-10 15:20:05,0,0,,,30.84,12.141
2026-05-10 15:25:04,0,0,,,30.784,12.034
2026-05-10 15:30:05,0,0,,,30.53,12.683
2026-05-10 15:35:04,0,0,,,30.549,12.402
2026-05-10 15:40:05,1,1,,,30.682,11.752
2026-05-10 15:45:04,0,0,,,30.613,12.051
2026-05-10 15:50:05,0,0,,,30.773,11.885
2026-05-10 15:55:04,0,0,,,30.682,11.741
2026-05-10 16:00:05,0,0,,,30.568,11.809
2026-05-10 16:05:05,0,0,,,30.506,12.523
2026-05-10 16:10:05,0,0,,,30.13,12.24
2026-05-10 16:15:04,0,0,,,29.924,12.153
2026-05-10 16:20:05,0,0,,,30.087,11.941
2026-05-10 16:25:05,0,0,,,29.991,12.276
2026-05-10 16:30:05,0,0,,,29.994,11.66
2026-05-10 16:35:05,0,0,,,29.804,11.538
2026-05-10 16:40:05,0,0,,,29.63,12.044
2026-05-10 16:45:05,0,0,,,29.783,12.65
2026-05-10 16:50:05,0,0,,,30.151,12.4
2026-05-10 16:55:04,0,0,,,29.726,12.975
2026-05-10 17:00:05,0,0,,,29.224,13.041
2026-05-10 17:05:05,0,0,,,29.932,13.219
2026-05-10 17:10:05,0,0,,,28.896,13.959
2026-05-10 17:15:05,0,0,,,27.852,16.753
2026-05-10 17:20:05,0,1,,,27.024,16.585
2026-05-10 17:25:05,0,0,,,26.258,16.993
2026-05-10 17:30:05,0,0,,,25.288,18.067
2026-05-10 17:35:05,0,0,,,24.522,18.657
2026-05-10 17:40:05,0,0,,,24.044,18.411
2026-05-10 17:45:05,0,0,,,23.908,17.718
2026-05-10 17:50:05,0,0,,,23.165,19.006
2026-05-10 17:55:05,0,0,,,23.286,17.444
2026-05-10 18:00:05,0,0,,,22.135,19.446
2026-05-10 18:05:05,0,0,,,21.497,21.441
2026-05-10 18:10:05,0,0,,,21.905,18.338
2026-05-10 18:15:05,1,1,,,21.43,19.204
2026-05-10 18:20:05,4,4,,,20.701,21.56
2026-05-10 18:25:05,3,3,,,20.159,23.074
2026-05-10 18:30:05,1,2,,,19.614,24.68
2026-05-10 18:35:05,2,3,,,19.029,25.085
2026-05-10 18:40:05,2,2,,,18.383,24.77
2026-05-10 18:45:05,0,2,,,18.212,24.873
2026-05-10 18:50:05,2,3,,,17.558,26.612
2026-05-10 18:55:05,1,1,,,16.92,26.902
2026-05-10 19:00:05,5,5,,,16.634,27.597
2026-05-10 19:05:05,6,6,,,16.14,30.202
2026-05-10 19:10:05,11,15,,,15.638,30.437
2026-05-10 19:15:05,22,22,,,15.379,30.284
2026-05-10 19:20:05,21,23,,,14.922,30.873
2026-05-10 19:25:05,19,22,,,14.663,31.509
2026-05-10 19:30:05,22,24,,,14.596,29.403
2026-05-10 19:35:05,24,24,,,14.425,30.389
2026-05-10 19:40:05,27,28,,,14.284,31.764
2026-05-10 19:45:05,23,24,,,13.988,31.022
2026-05-10 19:50:05,19,20,,,14.236,29.546
2026-05-10 19:55:05,22,24,,,14.089,29.756
2026-05-10 20:00:06,18,20,,,13.91,28.615
2026-05-10 20:05:05,13,15,,,13.667,29.189
2026-05-10 20:10:05,11,14,,,13.753,28.232
2026-05-10 20:15:05,9,9,,,13.787,29.269
2026-05-10 20:20:06,6,6,,,13.753,27.867
2026-05-10 20:25:05,8,11,,,13.344,30.58
2026-05-10 20:30:05,19,20,,,12.789,31.987
2026-05-10 20:35:05,13,14,,,12.93,30.223
2026-05-10 20:40:05,18,22,,,12.666,31.863
2026-05-10 20:45:05,18,18,,,12.797,28.075
2026-05-10 20:50:06,17,18,,,12.38,31.873
2026-05-10 20:55:05,9,9,,,12.631,31.009
2026-05-10 21:00:05,20,20,,,12.364,29.803
2026-05-10 21:05:05,12,14,,,12.313,30.147
2026-05-10 21:10:05,5,7,,,12.754,28.108
2026-05-10 21:15:05,1,2,,,13.221,25.548
2026-05-10 21:20:06,6,6,,,13.213,28.302
2026-05-10 21:25:05,4,4,,,13.061,28.55
2026-05-10 21:30:06,3,3,,,13.389,28.321
2026-05-10 21:35:05,3,3,,,12.786,30.187
2026-05-10 21:40:06,1,1,,,12.612,27.816
2026-05-10 21:45:05,2,2,,,12.487,29.937
2026-05-10 21:50:06,2,2,,,12.393,28.863
2026-05-10 21:55:05,0,0,,,12.716,23.828
2026-05-10 22:00:06,4,4,,,12.551,29.83
2026-05-10 22:05:05,3,3,,,12.367,28.737
2026-05-10 22:10:06,4,4,,,12.241,29.634
2026-05-10 22:15:05,4,5,,,12.041,29.361
2026-05-10 22:20:06,2,3,,,11.795,29.336
2026-05-10 22:25:05,3,5,,,11.419,31.968
2026-05-10 22:30:06,4,4,,,11.55,29.626
2026-05-10 22:35:06,5,5,,,11.072,31.322
2026-05-10 22:40:06,5,5,,,11.245,28.779
2026-05-10 22:45:06,2,2,,,10.919,30.667
2026-05-10 22:50:06,7,7,,,10.906,31.871
2026-05-10 22:55:06,8,8,,,10.513,33.599
2026-05-10 23:00:06,8,8,,,10.249,35.1
2026-05-10 23:05:06,5,5,,,10.204,34.393
2026-05-10 23:10:06,4,4,,,9.825,33.906
2026-05-10 23:15:06,2,3,,,9.923,32.855
2026-05-10 23:20:06,0,1,,,10.188,30.324
2026-05-10 23:25:06,0,0,,,12.284,24.383
2026-05-10 23:30:06,1,1,,,11.758,26.738
2026-05-10 23:35:05,0,1,,,11.55,28.144
2026-05-10 23:40:06,0,0,,,11.355,29.277
2026-05-10 23:45:06,0,0,,,10.965,29.834
2026-05-10 23:50:06,0,2,,,11.405,27.425
2026-05-10 23:55:06,2,2,,,10.901,27.572
2026-05-11 00:00:06,2,3,,,10.634,32.357
2026-05-11 00:05:06,3,4,,,10.388,33.54
2026-05-11 00:10:06,1,1,,,9.971,33.006
2026-05-11 00:15:06,2,2,,,9.814,34.002
2026-05-11 00:20:06,0,0,,,10.051,31.289
2026-05-11 00:25:06,2,2,,,9.496,33.92
2026-05-11 00:30:06,1,1,,,9.849,32.338
2026-05-11 00:35:06,0,0,,,9.475,34.164
2026-05-11 00:40:06,0,0,,,9.456,33.546
2026-05-11 00:45:06,1,1,,,9.112,36.184
2026-05-11 00:50:06,0,0,,,8.812,38.108
2026-05-11 00:55:06,0,0,,,8.556,38.999
2026-05-11 01:00:06,0,0,,,8.316,38.379
2026-05-11 01:05:06,1,1,,,8.334,35.92
2026-05-11 01:10:06,0,0,,,8.866,31.402
2026-05-11 01:15:06,0,0,,,9.106,29.906
2026-05-11 01:20:06,0,0,,,9.101,32.024
2026-05-11 01:25:06,0,0,,,9.256,32.752
2026-05-11 01:30:06,2,2,,,8.869,35.396
2026-05-11 01:35:06,1,1,,,8.668,36.283
2026-05-11 01:40:06,4,4,,,8.396,34.648
2026-05-11 01:45:06,2,2,,,8.38,34.398
2026-05-11 01:50:06,2,2,,,8.017,36.075
2026-05-11 01:55:06,3,3,,,8.126,36.426
2026-05-11 02:00:06,5,5,,,7.819,38.677
2026-05-11 02:05:06,5,5,,,7.702,38.329
2026-05-11 02:10:06,2,4,,,7.365,39.804
2026-05-11 02:15:06,2,3,,,7.082,41.301
2026-05-11 02:20:06,2,2,,,6.973,40.759
2026-05-11 02:25:06,2,2,,,6.879,40.614
2026-05-11 02:30:06,2,2,,,7.034,37.372
2026-05-11 02:35:06,1,1,,,6.746,40.66
2026-05-11 02:40:06,1,1,,,6.917,40.155
2026-05-11 02:45:06,2,2,,,6.791,41.036
2026-05-11 02:50:06,1,1,,,6.666,39.441
2026-05-11 02:55:06,0,0,,,6.676,40.588
2026-05-11 03:00:06,1,1,,,6.398,43.485
2026-05-11 03:05:06,1,1,,,6.169,43.416
2026-05-11 03:10:06,0,0,,,6.711,35.03
2026-05-11 03:15:06,0,0,,,6.719,35.983
2026-05-11 03:20:06,1,1,,,6.553,39.642
2026-05-11 03:25:06,0,0,,,6.58,40.929
2026-05-11 03:30:06,0,0,,,6.5,40.601
2026-05-11 03:35:06,0,0,,,6.535,37.05
2026-05-11 03:40:06,0,0,,,6.366,40.004
2026-05-11 03:45:06,0,0,,,6.249,39.64
2026-05-11 03:50:06,0,0,,,6.153,43.59
2026-05-11 03:55:06,0,0,,,5.987,44.153
2026-05-11 04:00:06,0,0,,,5.76,44.101
2026-05-11 04:05:06,0,0,,,6.041,40.443
2026-05-11 04:10:06,0,0,,,5.859,41.604
2026-05-11 04:15:06,0,0,,,5.774,43.655
2026-05-11 04:20:06,0,0,,,5.848,41.585
2026-05-11 04:25:06,0,1,,,6.22,38.73
2026-05-11 04:30:06,0,1,,,5.993,40.921
2026-05-11 04:35:06,1,1,,,5.912,40.34
2026-05-11 04:40:06,0,0,,,5.736,43.599
2026-05-11 04:45:06,0,0,,,5.544,45.154
2026-05-11 04:50:06,0,0,,,5.376,45.577
2026-05-11 04:55:06,0,0,,,5.117,44.82
2026-05-11 05:00:06,0,0,,,5.053,45.873
2026-05-11 05:05:06,0,0,,,5.037,42.68
2026-05-11 05:10:06,0,0,,,5.854,36.485
2026-05-11 05:15:06,0,0,,,5.867,40.742
2026-05-11 05:20:06,0,0,,,5.608,44.311
2026-05-11 05:25:06,0,0,,,5.624,39.575
2026-05-11 05:30:06,0,0,,,6.34,36.967
2026-05-11 05:35:06,0,0,,,5.979,42.461
2026-05-11 05:40:06,0,0,,,6.169,37.313
2026-05-11 05:45:06,0,0,,,5.776,42.032
2026-05-11 05:50:06,1,1,,,5.555,44.669
2026-05-11 05:55:06,0,0,,,5.32,44.563
2026-05-11 06:00:06,0,0,,,5.979,36.971
2026-05-11 06:05:06,0,0,,,5.581,43.865
2026-05-11 06:10:06,2,2,,,5.242,46.146
2026-05-11 06:15:07,0,0,,,5.154,45.49
2026-05-11 06:20:06,1,1,,,4.839,47.267
2026-05-11 06:25:07,0,0,,,4.676,48.261
2026-05-11 06:30:06,0,0,,,4.567,45.642
2026-05-11 06:35:07,1,1,,,4.452,47.979
2026-05-11 06:40:06,1,1,,,4.438,48.578
2026-05-11 06:45:07,0,0,,,4.492,46.892
2026-05-11 06:50:06,0,0,,,4.35,48.229
2026-05-11 06:55:06,0,0,,,4.38,47.26
2026-05-11 07:00:06,0,0,,,4.34,47.727
2026-05-11 07:05:07,0,0,,,4.38,47.019
2026-05-11 07:10:06,0,0,,,4.193,47.971
2026-05-11 07:15:07,0,1,,,4.372,46.56
2026-05-11 07:20:07,1,1,,,4.15,50.182
2026-05-11 07:25:07,3,3,,,4.067,50.331
2026-05-11 07:30:07,9,9,,,4.017,50.88
2026-05-11 07:35:07,8,8,,,3.894,51.134
2026-05-11 07:40:07,8,8,,,4.286,46.863
2026-05-11 07:45:07,10,11,,,4.262,50.13
2026-05-11 07:50:07,15,15,,,4.308,50.683
2026-05-11 07:55:07,24,24,,,4.177,52.001
2026-05-11 08:00:07,9,11,,,4.102,51.46
2026-05-11 08:05:07,5,6,,,4.158,50.191
2026-05-11 08:10:07,5,6,,,4.289,51.561
2026-05-11 08:15:07,7,7,,,4.436,51.822
2026-05-11 08:20:07,4,4,,,4.754,51.378
2026-05-11 08:25:07,3,6,,,4.919,51.345
2026-05-11 08:30:07,4,4,,,5.782,47.885
2026-05-11 08:35:07,15,15,,,6.388,45.49
2026-05-11 08:40:07,22,22,,,6.545,47.744
2026-05-11 08:45:07,20,21,,,7.274,48.965
2026-05-11 08:50:07,5,7,,,7.68,49.373
2026-05-11 08:55:07,7,7,,,8.54,44.267
2026-05-11 09:00:07,4,4,,,9.736,41.839
2026-05-11 09:05:07,3,3,,,10.294,40.666
2026-05-11 09:10:07,1,1,,,11.173,37.822
2026-05-11 09:15:07,2,4,,,12.036,37.853
2026-05-11 09:20:07,43,50,,,13.181,33.914
2026-05-11 09:25:07,2,2,,,14.522,39.167
2026-05-11 09:30:07,3,3,,,15.817,29.575
2026-05-11 09:35:07,0,1,,,17.149,23.995
2026-05-11 09:40:07,0,0,,,18.546,25.004
2026-05-11 09:45:07,0,0,,,19.496,25.769
2026-05-11 09:50:07,2,2,,,20.679,21.783
2026-05-11 09:55:07,0,0,,,22.017,18.197
2026-05-11 10:00:07,1,1,,,22.992,17.901
2026-05-11 10:05:07,0,0,,,23.299,15.448
2026-05-11 10:10:07,0,0,,,24.41,15.82
2026-05-11 10:15:07,0,0,,,24.883,14.968
2026-05-11 10:20:07,0,0,,,25.248,14.733
2026-05-11 10:25:07,0,0,,,26.004,14.63
2026-05-11 10:30:07,1,1,,,26.829,13.856
2026-05-11 10:35:07,0,0,,,27.144,13.839
2026-05-11 10:40:07,0,0,,,28.001,12.818
2026-05-11 10:45:07,0,0,,,29.024,12.597
2026-05-11 10:50:07,0,0,,,29.147,13.043
2026-05-11 10:55:07,0,0,,,28.509,13.671
2026-05-11 11:00:07,0,0,,,27.921,12.723
2026-05-11 11:05:07,0,0,,,29.022,12.856
2026-05-11 11:10:07,0,0,,,28.68,12.87
2026-05-11 11:15:07,0,0,,,29.062,12.582
2026-05-11 11:20:07,0,0,,,29.491,12.57
2026-05-11 11:25:07,0,0,,,29.401,12.935
2026-05-11 11:30:07,0,1,,,30.245,12.738
2026-05-11 11:35:07,2,2,,,30.298,12.341
2026-05-11 11:40:07,2,2,,,29.98,13.034
2026-05-11 11:45:07,0,0,,,29.775,13.532
2026-05-11 11:50:07,4,4,,,30.303,13.089
2026-05-11 11:55:08,0,0,,,30.624,13.697
2026-05-11 12:00:07,0,0,,,30.381,13.953
2026-05-11 12:05:07,0,0,,,30.859,13.392
2026-05-11 12:10:07,0,0,,,30.552,13.451
2026-05-11 12:15:08,0,0,,,30.266,13.173
2026-05-11 12:20:07,0,0,,,30.565,13.547
2026-05-11 12:25:08,0,0,,,31.401,12.463
2026-05-11 12:30:07,0,0,,,31.12,12.948
2026-05-11 12:35:08,0,0,,,31.198,12.45
2026-05-11 12:40:07,0,0,,,31.606,13.047
2026-05-11 12:45:08,0,0,,,31.403,12.521
2026-05-11 12:50:07,0,0,,,30.995,13.675
2026-05-11 12:55:08,0,0,,,31.884,11.672
2026-05-11 13:00:07,0,0,,,31.262,12.595
2026-05-11 13:05:08,0,0,,,31.489,12.755
2026-05-11 13:10:07,0,0,,,31.468,12.599
2026-05-11 13:15:07,0,0,,,30.992,12.45
2026-05-11 13:20:07,0,0,,,31.014,11.374
2026-05-11 13:25:08,0,0,,,30.664,12.214
2026-05-11 13:30:08,0,0,,,30.33,12.101
2026-05-11 13:35:08,0,0,,,30.223,11.632
2026-05-11 13:40:08,0,0,,,30.399,12.173
2026-05-11 13:45:07,0,0,,,29.801,12.242
2026-05-11 13:50:08,0,0,,,29.911,12.61
2026-05-11 13:55:08,0,0,,,30.154,11.166
2026-05-11 14:00:07,0,0,,,30.108,11.613
2026-05-11 14:05:08,0,0,,,30.09,10.941
2026-05-11 14:10:08,0,0,,,30.119,10.943
2026-05-11 14:15:08,0,0,,,30.439,11.018
2026-05-11 14:20:08,0,0,,,30.207,11.184
2026-05-11 14:25:08,0,0,,,30.354,12.221
2026-05-11 14:30:07,0,0,,,30.466,12.498
2026-05-11 14:35:08,0,0,,,30.389,13.356
2026-05-11 14:40:08,0,0,,,30.346,13.65
2026-05-11 14:45:08,0,0,,,30.202,13.476
2026-05-11 14:50:08,0,0,,,30.536,13.919
2026-05-11 14:55:08,0,0,,,30.1,13.635
2026-05-11 15:00:08,0,0,,,30.317,14.315
2026-05-11 15:05:08,0,0,,,30.293,13.783
2026-05-11 15:10:08,1,1,,,30.194,14.016
2026-05-11 15:15:08,0,0,,,30.076,14.983
2026-05-11 15:20:08,1,1,,,29.961,14.499
2026-05-11 15:25:08,0,0,,,29.686,14.201
2026-05-11 15:30:08,0,0,,,29.438,15.187
2026-05-11 15:35:08,0,0,,,29.174,15.681
2026-05-11 15:40:08,0,0,,,29.048,15.439
2026-05-11 15:45:08,1,1,,,28.706,15.651
2026-05-11 15:50:08,0,0,,,29.443,15.616
2026-05-11 15:55:08,0,0,,,29.099,15.328
2026-05-11 16:00:08,0,1,,,29.259,15.365
2026-05-11 16:05:08,1,1,,,28.624,16.206
2026-05-11 16:10:08,1,2,,,28.007,17.526
2026-05-11 16:15:08,0,0,,,27.732,17.747
2026-05-11 16:20:08,0,0,,,27.256,18.805
2026-05-11 16:25:08,0,1,,,26.709,18.369
2026-05-11 16:30:08,3,3,,,26.493,19.484
2026-05-11 16:35:08,2,3,,,26.196,19.715
2026-05-11 16:40:09,2,2,,,26.119,19.702
2026-05-11 16:45:08,2,2,,,25.66,19.938
2026-05-11 16:50:08,2,3,,,25.454,20.806
2026-05-11 16:55:08,3,3,,,24.821,22.033
2026-05-11 17:00:08,2,2,,,24.797,22.553
2026-05-11 17:05:08,2,3,,,24.559,22.428
2026-05-11 17:10:08,3,3,,,23.43,23.934
2026-05-11 17:15:08,5,5,,,22.554,25.376
2026-05-11 17:20:08,4,5,,,22.212,25.989
2026-05-11 17:25:08,8,8,,,21.894,26.969
2026-05-11 17:30:08,6,6,,,21.641,27.059
2026-05-11 17:35:08,6,6,,,21.427,27.619
2026-05-11 17:40:08,6,7,,,20.978,28.663
2026-05-11 17:45:08,7,7,,,20.57,29.891
2026-05-11 17:50:08,9,9,,,20.348,30.49
2026-05-11 17:55:08,16,18,,,20.121,31.274
2026-05-11 18:00:08,16,18,,,19.83,32.025
2026-05-11 18:05:08,15,16,,,19.598,33.031
2026-05-11 18:10:08,12,13,,,19.387,33.374
2026-05-11 18:15:08,16,16,,,19.104,34.091
2026-05-11 18:20:08,13,14,,,18.861,35.064
2026-05-11 18:25:08,9,11,,,18.607,36.077
2026-05-11 18:30:08,8,11,,,18.484,36.252
2026-05-11 18:35:08,8,8,,,18.33,36.576
2026-05-11 18:40:09,9,11,,,18.191,37.452
2026-05-11 18:45:08,9,9,,,18.001,38.289
2026-05-11 18:50:08,10,14,,,17.865,38.757
2026-05-11 18:55:08,14,18,,,17.713,39.22
2026-05-11 19:00:08,16,19,,,17.491,39.869
2026-05-11 19:05:09,15,16,,,17.366,40.382
2026-05-11 19:10:08,10,11,,,17.229,40.656
2026-05-11 19:15:08,11,13,,,17.048,40.923
2026-05-11 19:20:08,11,12,,,16.741,41.705
2026-05-11 19:25:09,13,14,,,16.519,42.051
2026-05-11 19:30:08,8,10,,,16.233,42.877
2026-05-11 19:35:08,12,12,,,15.964,43.63
2026-05-11 19:40:08,7,7,,,15.686,43.853
2026-05-11 19:45:09,8,10,,,15.478,44.475
2026-05-11 19:50:08,7,9,,,15.272,44.015
2026-05-11 19:55:08,6,6,,,14.928,44.66
2026-05-11 20:00:09,7,7,,,14.623,44.803
2026-05-11 20:05:08,10,10,,,14.287,45.583
2026-05-11 20:10:09,8,8,,,13.894,46.802
2026-05-11 20:15:08,11,12,,,13.598,46.113
2026-05-11 20:20:09,8,11,,,13.467,46.319
2026-05-11 20:25:08,8,8,,,12.994,46.712
2026-05-11 20:30:08,12,13,,,12.783,48.047
2026-05-11 20:35:08,9,12,,,12.527,47.525
2026-05-11 20:40:09,9,11,,,12.177,48.271
2026-05-11 20:45:08,11,12,,,11.883,48.665
2026-05-11 20:50:09,9,9,,,11.755,49.657
2026-05-11 20:55:09,12,15,,,11.491,50.634
2026-05-11 21:00:09,15,20,,,11.216,51.191
2026-05-11 21:05:08,16,18,,,10.885,51.63
2026-05-11 21:10:09,18,18,,,10.692,51.862
2026-05-11 21:15:09,11,13,,,10.468,52.78
2026-05-11 21:20:09,9,14,,,10.305,52.696
2026-05-11 21:25:09,17,19,,,10.19,52.413
2026-05-11 21:30:09,18,19,,,9.99,54.679
2026-05-11 21:35:09,17,20,,,9.678,54.302
2026-05-11 21:40:09,16,17,,,9.437,55.622
2026-05-11 21:45:08,20,22,,,9.168,55.191
2026-05-11 21:50:09,20,20,,,9.085,55.786
2026-05-11 21:55:09,17,18,,,9.007,55.751
2026-05-11 22:00:09,17,22,,,8.858,55.439
2026-05-11 22:05:09,22,24,,,8.818,56.8
2026-05-11 22:10:09,24,24,,,8.783,55.835
2026-05-11 22:15:08,24,27,,,8.631,56.404
2026-05-11 22:20:09,22,25,,,8.567,57.006
2026-05-11 22:25:09,22,26,,,8.428,56.799
2026-05-11 22:30:09,22,22,,,8.273,57.92
2026-05-11 22:35:09,22,25,,,8.254,57.874
2026-05-11 22:40:08,25,26,,,7.974,57.422
2026-05-11 22:45:09,25,27,,,7.843,57.952
2026-05-11 22:50:08,27,27,,,7.686,58.496
2026-05-11 22:55:20,26,26,,,7.597,58.473
2026-05-11 23:00:09,26,26,,,7.437,59.623
2026-05-11 23:05:09,25,25,,,7.296,59.562
2026-05-11 23:10:09,23,25,,,7.389,58.513
2026-05-11 23:15:09,22,25,,,7.25,59.702
2026-05-11 23:20:09,22,23,,,7.077,59.515
2026-05-11 23:25:09,22,22,,,6.951,60.642
2026-05-11 23:30:09,20,20,,,6.77,61.342
2026-05-11 23:35:09,17,21,,,6.682,60.587
2026-05-11 23:40:09,17,18,,,6.73,60.753
2026-05-11 23:45:09,10,14,,,6.724,60.695
2026-05-11 23:50:09,15,16,,,6.655,61.401
2026-05-11 23:55:09,14,17,,,6.706,60.657
2026-05-12 00:00:09,16,17,,,6.735,60.764
2026-05-12 00:05:09,17,17,,,6.569,61.256
2026-05-12 00:10:09,17,22,,,6.484,60.899
2026-05-12 00:15:09,24,24,,,6.393,61.88
2026-05-12 00:20:09,27,28,,,6.276,61.586
2026-05-12 00:25:09,27,29,,,6.204,62.32
2026-05-12 00:30:09,22,26,,,6.131,61.248
2026-05-12 00:35:09,26,26,,,6.091,62.294
2026-05-12 00:40:09,26,26,,,5.859,62.029
2026-05-12 00:45:09,24,26,,,5.683,63.387
2026-05-12 00:50:09,23,27,,,5.515,62.881
2026-05-12 00:55:09,22,26,,,5.475,63.121
2026-05-12 01:00:09,24,26,,,5.365,64.386
2026-05-12 01:05:09,22,26,,,5.48,62.927
2026-05-12 01:10:09,23,23,,,5.386,62.803
2026-05-12 01:15:09,19,24,,,5.429,63.608
2026-05-12 01:20:09,19,19,,,5.346,63.562
2026-05-12 01:25:09,19,24,,,5.218,64.333
2026-05-12 01:30:09,19,23,,,5.167,64.245
2026-05-12 01:35:09,19,19,,,5.085,64.596
2026-05-12 01:40:09,19,21,,,5.069,64.108
2026-05-12 01:45:09,17,19,,,5.154,63.858
2026-05-12 01:50:09,19,23,,,5.023,63.768
2026-05-12 01:55:09,14,14,,,4.898,63.373
2026-05-12 02:00:09,9,11,,,4.794,63.556
2026-05-12 02:05:09,11,14,,,4.583,65.075
2026-05-12 02:10:09,9,11,,,4.465,64.222
2026-05-12 02:15:09,9,9,,,4.345,65.637
2026-05-12 02:20:10,9,11,,,4.225,66.139
2026-05-12 02:25:09,7,8,,,4.228,64.785
2026-05-12 02:30:10,8,8,,,4.257,63.638
2026-05-12 02:35:10,9,11,,,4.225,65.403
2026-05-12 02:40:10,7,7,,,4.222,64.718
2026-05-12 02:45:10,7,10,,,4.166,64.598
2026-05-12 02:50:09,7,8,,,4.158,65.109
2026-05-12 02:55:10,10,10,,,4.102,63.669
2026-05-12 03:00:09,7,7,,,3.848,65.965
2026-05-12 03:05:10,9,9,,,3.779,65.508
2026-05-12 03:10:10,11,11,,,3.76,65.935
2026-05-12 03:15:10,11,13,,,3.731,65.971
2026-05-12 03:20:09,7,8,,,3.744,65.553
2026-05-12 03:25:09,8,11,,,3.677,65.128
2026-05-12 03:30:09,10,11,,,3.624,67.833
2026-05-12 03:35:10,11,14,,,3.52,66.173
2026-05-12 03:40:09,13,13,,,3.659,65.75
2026-05-12 03:45:09,10,11,,,3.389,66.471
2026-05-12 03:50:09,13,13,,,3.288,66.807
2026-05-12 03:55:10,11,11,,,3.141,66.589
2026-05-12 04:00:09,11,11,,,3.13,66.915
2026-05-12 04:05:10,7,8,,,3.157,66.257
2026-05-12 04:10:10,10,10,,,3.002,67.272
2026-05-12 04:15:09,8,10,,,2.972,67.121
2026-05-12 04:20:10,11,14,,,2.938,67.478
2026-05-12 04:25:10,9,9,,,2.839,67.39
2026-05-12 04:30:10,10,14,,,2.991,65.427
2026-05-12 04:35:10,9,9,,,2.916,66.608
2026-05-12 04:40:10,11,14,,,2.898,66.675
2026-05-12 04:45:10,10,11,,,2.671,68.13
2026-05-12 04:50:10,9,9,,,2.551,68.973
2026-05-12 04:55:10,11,11,,,2.527,70.896
2026-05-12 05:00:10,11,14,,,2.548,69.479
2026-05-12 05:05:10,14,15,,,2.401,69.061
2026-05-12 05:10:10,18,20,,,2.329,69.908
2026-05-12 05:15:10,14,14,,,2.374,69.599
2026-05-12 05:20:10,15,15,,,2.361,70.028
2026-05-12 05:25:10,11,14,,,2.318,71.762
2026-05-12 05:30:10,11,11,,,2.374,70.373
2026-05-12 05:35:10,15,18,,,2.297,71.068
2026-05-12 05:40:10,17,17,,,2.15,71.693
2026-05-12 05:45:10,11,14,,,2.102,71.241
2026-05-12 05:50:10,17,18,,,2.099,71.583
2026-05-12 05:55:10,18,22,,,2.006,71.64
2026-05-12 06:00:10,18,19,,,1.875,71.647
2026-05-12 06:05:10,14,17,,,1.883,72.433
2026-05-12 06:10:10,14,16,,,1.878,72.452
2026-05-12 06:15:09,23,26,,,1.795,73.591
2026-05-12 06:20:10,15,15,,,1.816,73.162
2026-05-12 06:25:10,17,18,,,1.669,72.483
2026-05-12 06:30:10,15,15,,,1.597,73.051
2026-05-12 06:35:10,10,11,,,1.555,73.393
2026-05-12 06:40:10,11,11,,,1.522,73.047
2026-05-12 06:45:10,10,11,,,1.453,72.462
2026-05-12 06:50:10,11,15,,,1.509,73.053
2026-05-12 06:55:10,14,16,,,1.448,73.603
2026-05-12 07:00:10,17,18,,,1.464,73.305
2026-05-12 07:05:10,11,15,,,1.496,74.068
2026-05-12 07:10:10,19,22,,,1.445,73.959
2026-05-12 07:15:10,16,16,,,1.373,73.473
2026-05-12 07:20:10,18,20,,,1.514,73.734
2026-05-12 07:25:10,14,17,,,1.458,73.654
2026-05-12 07:30:10,21,22,,,1.346,74.192
2026-05-12 07:35:10,14,17,,,1.517,74.779
2026-05-12 07:40:10,22,24,,,1.485,74.541
2026-05-12 07:45:10,25,25,,,1.498,73.751
2026-05-12 07:50:10,20,22,,,1.533,74.999
2026-05-12 07:55:10,14,16,,,1.632,75.229
2026-05-12 08:00:10,18,21,,,1.771,73.849
2026-05-12 08:05:10,15,17,,,2.099,73.463
2026-05-12 08:10:10,17,21,,,2.185,73.534
2026-05-12 08:15:10,23,24,,,2.42,72.901
2026-05-12 08:20:10,32,32,,,2.737,70.959
2026-05-12 08:22:47,34,34,,,3.007,77.24
2026-05-12 08:22:48,34,34,,,3.007,77.24
2026-05-12 08:27:49,29,29,,,3.458,69.654
2026-05-12 08:32:49,3,3,,,4.385,72.216
2026-05-12 08:37:49,4,6,,,5.216,74.76
2026-05-12 08:42:49,4,4,,,5.8,74.043
2026-05-12 08:47:48,6,6,,,6.276,72.233
2026-05-12 14:50:29,35,39,,,18.383,55.421
2026-05-12 14:50:31,35,39,,,18.383,55.421
2026-05-12 14:55:31,44,52,,,19.213,54.222
2026-05-12 15:00:31,40,47,,,19.419,54.496
2026-05-12 15:05:31,40,48,,,19.977,59.307
2026-05-12 15:10:31,39,47,,,20.92,52.038
2026-05-12 15:15:31,41,49,,,20.386,48.448
2026-05-12 15:20:31,39,46,,,21.195,49.234
2026-05-12 15:25:33,41,49,,,21.091,44.595
2026-05-12 15:30:32,42,50,,,21.107,44.782
2026-05-12 15:35:33,40,48,,,20.957,44.925
2026-05-12 15:40:33,35,41,,,20.663,44.187
2026-05-12 15:45:33,36,45,,,20.386,45.122
2026-05-12 15:50:33,37,43,,,20.252,46.34
2026-05-12 15:55:33,35,41,,,19.488,47.735
2026-05-12 16:00:33,35,42,,,19.227,48.45
2026-05-12 16:05:33,37,45,,,19.197,48.461
2026-05-12 16:10:33,36,45,,,19.123,48.538
2026-05-12 16:15:34,36,43,,,18.818,48.759
2026-05-12 16:20:34,34,42,,,18.546,49.583
2026-05-12 16:25:34,35,41,,,18.113,51.366
2026-05-12 16:30:35,35,41,,,17.942,51.746
2026-05-12 16:35:35,35,42,,,17.806,52.253
2026-05-12 16:40:34,36,41,,,17.427,53.4
2026-05-12 16:45:34,36,45,,,17.63,53.358
2026-05-12 16:50:35,37,45,,,17.576,53.375
2026-05-12 16:55:35,37,45,,,17.544,53.541
2026-05-12 17:00:35,37,45,,,17.411,54.708
2026-05-12 17:05:35,39,46,,,17.048,55.721
2026-05-12 17:10:35,39,47,,,16.535,57.26
2026-05-12 17:15:36,36,44,,,16.231,58.467
2026-05-12 17:20:35,39,47,,,15.996,59.171
2026-05-12 17:25:36,40,48,,,15.873,59.33
2026-05-12 17:30:36,37,45,,,15.349,60.873
2026-05-12 17:35:36,39,48,,,15.146,61.332
2026-05-12 17:40:36,37,45,,,14.783,62.83
2026-05-12 17:45:36,38,45,,,14.42,64.186
2026-05-12 17:50:37,42,51,,,14.271,64.964
2026-05-12 17:55:37,41,51,,,13.939,66.24
2026-05-12 18:00:37,44,55,,,13.614,67.51
2026-05-12 18:05:37,46,55,,,13.542,67.585
2026-05-12 18:10:37,44,52,,,13.387,68.178
2026-05-12 18:15:37,45,57,,,13.208,68.527
2026-05-12 18:20:38,46,55,,,12.935,69.319
2026-05-12 18:25:38,49,61,,,12.647,69.435
2026-05-12 18:30:38,49,60,,,12.471,69.774
2026-05-12 18:35:37,55,69,,,12.214,71.05
2026-05-12 18:40:38,50,62,,,11.985,72.027
2026-05-12 18:45:38,54,65,,,11.766,73.095
2026-05-12 18:50:38,52,65,,,11.584,73.055
2026-05-12 18:55:38,46,56,,,11.403,74.158
2026-05-12 19:00:39,43,52,,,11.173,74.581
2026-05-12 19:05:38,43,53,,,11.069,74.236
2026-05-12 19:10:38,46,53,,,10.887,75.868
2026-05-12 19:15:39,44,53,,,10.722,75.405
2026-05-12 19:20:39,135,143,,,10.519,75.798
2026-05-12 19:25:39,104,112,,,10.292,76.86
2026-05-12 19:30:39,96,104,,,10.142,77.97
2026-05-12 19:35:39,89,95,,,10.019,78.562
2026-05-12 19:40:40,75,84,,,9.891,78.108
2026-05-12 19:45:40,59,73,,,9.817,78.613
2026-05-12 19:50:40,46,57,,,9.795,78.619
2026-05-12 19:55:40,44,53,,,9.64,78.617
2026-05-12 20:00:40,47,57,,,9.582,78.15
2026-05-12 20:05:40,38,46,,,9.405,78.951
2026-05-12 20:10:40,48,59,,,9.264,78.991
2026-05-12 20:15:40,53,68,,,9.125,79.559
2026-05-12 20:20:40,72,81,,,9.037,80.248
2026-05-12 20:25:41,57,73,,,8.994,81.8
2026-05-12 20:30:40,99,108,,,9.034,81.453
2026-05-12 20:35:41,50,61,,,9.018,81.419
2026-05-12 20:40:41,45,55,,,9.055,82.191
2026-05-12 20:45:41,47,56,,,9.034,81.692
2026-05-12 20:50:41,43,51,,,8.938,81.799
2026-05-12 20:55:42,97,103,,,8.874,82.022
2026-05-12 21:00:41,46,55,,,8.831,81.984
2026-05-12 21:05:41,43,50,,,8.794,81.329
2026-05-12 21:10:42,44,54,,,8.596,81.491
2026-05-12 21:15:42,45,54,,,8.527,81.634
2026-05-12 21:20:42,46,55,,,8.495,80.976
2026-05-12 21:25:42,60,75,,,8.409,82.008
2026-05-12 21:30:42,80,88,,,8.318,83.199
2026-05-12 21:35:43,218,234,,,8.276,83.172
2026-05-12 21:40:43,62,75,,,8.305,82.844
2026-05-12 21:45:43,45,56,,,8.305,82.855
2026-05-12 21:50:43,45,53,,,8.305,83.696
2026-05-12 21:55:43,40,48,,,8.316,82.918
2026-05-12 22:00:43,50,57,,,8.177,82.96
2026-05-12 22:05:43,49,60,,,8.089,83.233
2026-05-12 22:10:44,53,68,,,8.03,83.771
2026-05-12 22:15:43,41,52,,,7.987,83.834
2026-05-12 22:20:44,61,79,,,7.971,82.867
2026-05-12 22:25:44,49,62,,,7.891,82.422
2026-05-12 22:30:44,48,61,,,7.875,83.475
2026-05-12 22:35:44,54,70,,,7.891,84.457
2026-05-12 22:40:44,45,55,,,7.945,84.29
2026-05-12 22:45:44,44,52,,,7.945,83.742
2026-05-12 22:50:45,46,54,,,7.843,83.992
2026-05-12 22:55:44,51,64,,,7.763,83.837
2026-05-12 23:00:44,48,60,,,7.779,83.549
2026-05-12 23:05:45,44,54,,,7.774,84.965
2026-05-12 23:10:45,69,83,,,7.723,83.647
2026-05-12 23:15:45,51,60,,,7.686,83.248
2026-05-12 23:20:45,50,63,,,7.638,83.153
2026-05-12 23:25:45,53,64,,,7.686,84.301
2026-05-12 23:30:46,55,69,,,7.616,83.473
2026-05-12 23:35:45,52,64,,,7.573,83.172
2026-05-12 23:40:46,48,61,,,7.488,83.324
2026-05-12 23:45:46,48,56,,,7.392,83.408
2026-05-12 23:50:46,45,53,,,7.317,83.466
2026-05-12 23:55:46,47,56,,,7.306,83.742
2026-05-13 00:00:47,50,61,,,7.285,84.053
2026-05-13 00:05:46,50,60,,,7.181,84.07
2026-05-13 00:10:47,48,58,,,7.197,83.986
2026-05-13 00:15:47,47,56,,,7.17,83.868
2026-05-13 00:20:46,45,55,,,7.055,83.311
2026-05-13 00:25:47,46,56,,,6.933,83.546
2026-05-13 00:30:47,45,55,,,6.858,83.937
2026-05-13 00:35:47,41,48,,,6.756,83.633
2026-05-13 00:40:47,41,49,,,6.676,84.131
2026-05-13 00:45:47,41,49,,,6.751,84.4
2026-05-13 00:50:47,46,58,,,6.682,84.515
2026-05-13 00:55:48,45,52,,,6.607,84.921
2026-05-13 01:00:48,51,63,,,6.719,85.487
2026-05-13 01:05:48,40,48,,,6.751,85.152
2026-05-13 01:10:48,41,46,,,6.724,83.935
2026-05-13 01:15:49,41,49,,,6.666,83.63
2026-05-13 01:20:48,41,48,,,6.644,84.11
2026-05-13 01:25:48,42,52,,,6.628,85.39
2026-05-13 01:30:48,41,49,,,6.585,84.772
2026-05-13 01:35:49,40,45,,,6.473,85.276
2026-05-13 01:40:49,39,44,,,6.495,84.816
2026-05-13 01:45:49,40,44,,,6.505,84.616
2026-05-13 01:50:49,41,47,,,6.516,83.975
2026-05-13 01:55:49,38,43,,,6.415,83.515
2026-05-13 02:00:49,39,43,,,6.27,83.561
2026-05-13 02:05:49,39,45,,,6.238,84.003
2026-05-13 02:10:50,40,47,,,6.244,85.321
2026-05-13 02:15:50,41,48,,,6.19,84.869
2026-05-13 02:20:50,40,49,,,6.222,85.365
2026-05-13 02:25:51,41,47,,,6.19,84.587
2026-05-13 02:30:50,39,43,,,6.062,85.114
2026-05-13 02:35:50,39,45,,,6.051,85.052
2026-05-13 02:40:50,39,44,,,6.035,84.669
2026-05-13 02:45:51,39,48,,,6.03,84.465
2026-05-13 02:50:51,41,47,,,5.942,83.91
2026-05-13 02:55:51,40,45,,,5.91,83.822
2026-05-13 03:00:51,41,47,,,5.766,84.007
2026-05-13 03:05:51,42,49,,,5.691,84.719
2026-05-13 03:10:51,39,49,,,5.734,85.304
2026-05-13 03:15:51,41,47,,,5.739,84.957
2026-05-13 03:20:51,39,46,,,5.83,85.936
2026-05-13 03:25:52,40,46,,,5.888,84.932
2026-05-13 03:30:52,39,46,,,5.894,85.346
2026-05-13 03:35:52,40,46,,,5.899,84.694
2026-05-13 03:40:52,39,42,,,5.851,85.064
2026-05-13 03:45:53,41,49,,,5.83,84.204
2026-05-13 03:50:52,39,46,,,5.79,84.377
2026-05-13 03:55:53,39,44,,,5.715,84.087
2026-05-13 04:00:53,38,42,,,5.576,83.446
2026-05-13 04:05:53,39,44,,,5.469,84.021
2026-05-13 04:10:52,39,42,,,5.362,83.591
2026-05-13 04:15:53,36,37,,,5.229,83.565
2026-05-13 04:20:53,36,39,,,5.186,83.694
2026-05-13 04:25:53,36,40,,,5.085,83.958
2026-05-13 04:30:53,34,36,,,5.042,84.675
2026-05-13 04:35:54,36,37,,,4.989,85.556
2026-05-13 04:40:54,36,41,,,4.978,86.166
2026-05-13 04:45:54,35,35,,,5.042,85.808
2026-05-13 04:50:54,37,43,,,5.063,85.754
2026-05-13 04:55:54,35,38,,,5.098,84.713
2026-05-13 05:00:54,36,41,,,5.087,84.938
2026-05-13 05:05:54,39,42,,,5.039,84.026
2026-05-13 05:10:55,40,43,,,5.002,84.135
2026-05-13 05:15:54,36,37,,,4.802,83.857
2026-05-13 05:20:55,36,40,,,4.716,84.671
2026-05-13 05:25:55,36,40,,,4.689,84.53
2026-05-13 05:30:55,33,36,,,4.663,84.522
2026-05-13 05:35:55,35,37,,,4.615,84.341
2026-05-13 05:40:55,35,41,,,4.567,84.736
2026-05-13 05:45:55,35,40,,,4.577,83.939
2026-05-13 05:50:55,36,40,,,4.497,84.29
2026-05-13 05:55:55,34,36,,,4.417,84.162
2026-05-13 06:00:56,37,41,,,4.39,84.362
2026-05-13 06:05:56,40,43,,,4.38,84.688
2026-05-13 06:10:56,33,37,,,4.286,84.36
2026-05-13 06:15:56,36,37,,,4.254,84.492
2026-05-13 06:20:57,37,40,,,4.174,84.862
2026-05-13 06:25:56,37,43,,,4.137,84.517
2026-05-13 06:30:57,34,34,,,4.174,86.136
2026-05-13 06:35:57,33,37,,,4.019,84.917
2026-05-13 06:40:57,34,36,,,4.041,86.121
2026-05-13 06:45:57,33,33,,,4.099,85.924
2026-05-13 06:50:58,32,33,,,4.137,85.602
2026-05-13 06:55:57,33,34,,,4.049,84.52
2026-05-13 07:00:58,37,41,,,4.033,84.219
2026-05-13 07:05:58,33,34,,,3.998,84.028
2026-05-13 07:10:58,41,45,,,3.848,84.261
2026-05-13 07:15:58,44,52,,,3.774,83.885
2026-05-13 07:20:59,58,71,,,3.683,84.717
2026-05-13 07:25:58,64,82,,,3.672,84.671
2026-05-13 07:30:59,43,50,,,3.651,84.808
2026-05-13 07:35:59,31,36,,,3.651,85.932
2026-05-13 07:40:59,41,46,,,3.736,85.527
2026-05-13 07:45:59,45,50,,,3.635,84.841
2026-05-13 07:51:00,40,45,,,3.79,85.356
2026-05-13 07:56:00,41,46,,,3.848,85.649
2026-05-13 08:01:00,49,58,,,3.875,85.447
2026-05-13 08:06:00,50,61,,,3.939,85.796
2026-05-13 08:11:00,50,61,,,4.025,86.245
2026-05-13 08:16:00,56,69,,,4.249,86.84
2026-05-13 08:21:01,61,76,,,4.505,87.425
2026-05-13 08:26:01,41,48,,,4.82,86.721
2026-05-13 08:31:01,43,50,,,5.226,85.648
2026-05-13 08:36:01,42,49,,,5.707,84.801
2026-05-13 08:41:01,39,44,,,6.209,80.223
2026-05-13 08:46:02,40,46,,,6.641,76.179
2026-05-13 08:51:02,37,43,,,6.962,76.431
2026-05-13 08:56:02,40,46,,,7.261,78.411
2026-05-13 09:01:01,41,50,,,7.72,78.483
2026-05-13 09:06:03,42,49,,,8.19,79.506
2026-05-13 09:11:02,41,48,,,8.807,75.899
2026-05-13 09:16:02,39,47,,,9.229,73.658
2026-05-13 09:21:03,41,50,,,9.795,72.725
2026-05-13 09:26:03,40,49,,,10.228,70.104
2026-05-13 09:31:03,43,52,,,10.42,70.259
2026-05-13 09:36:03,44,53,,,10.666,69.835
2026-05-13 09:41:03,40,48,,,10.789,69.658
2026-05-13 09:46:03,41,49,,,10.933,66.379
2026-05-13 09:51:04,41,49,,,11.066,66.7
2026-05-13 09:56:04,41,48,,,11.461,66.57
2026-05-13 10:01:04,46,57,,,11.819,60.552
2026-05-13 10:06:04,41,47,,,12.271,61.105
2026-05-13 10:11:04,40,49,,,12.644,59.776
2026-05-13 10:16:04,42,49,,,12.949,59.164
2026-05-13 10:21:05,36,40,,,13.323,53.47
2026-05-13 10:26:05,43,50,,,13.502,60.15
2026-05-13 10:31:05,37,43,,,13.651,59.129
2026-05-13 10:36:05,37,45,,,13.985,55.465
2026-05-13 10:41:06,38,46,,,14.508,52.093
2026-05-13 10:46:05,35,41,,,14.642,51.815
2026-05-13 10:51:06,36,43,,,15.101,51.765
2026-05-13 10:56:06,33,37,,,15.699,48.501
2026-05-13 11:01:06,35,41,,,16.121,48.679
2026-05-13 11:06:07,30,35,,,16.583,48.36
2026-05-13 11:11:06,31,34,,,17.307,43.962
2026-05-13 11:16:07,32,37,,,17.649,43.676
2026-05-13 11:21:06,33,37,,,18.685,39.089
2026-05-13 11:26:07,30,33,,,19.16,39.291
2026-05-13 11:31:07,32,36,,,19.745,39.399
2026-05-13 11:36:07,32,37,,,20.076,37.891
2026-05-13 11:41:08,26,29,,,20.402,34.156
2026-05-13 11:46:08,26,27,,,21.027,32.956
2026-05-13 11:51:08,27,27,,,20.914,33.403
2026-05-13 11:56:08,32,37,,,20.824,36.912
2026-05-13 12:01:08,35,42,,,20.578,39.216
2026-05-13 12:06:08,35,41,,,21.133,39.272
2026-05-13 12:11:08,36,42,,,21.171,39.609
2026-05-13 12:16:09,36,42,,,21.133,38.797
2026-05-13 12:21:09,34,41,,,21.844,38.587
2026-05-13 12:26:09,33,38,,,22.752,35.615
2026-05-13 12:31:09,35,41,,,23.077,34.412
2026-05-13 12:36:09,36,42,,,23.43,34.057
2026-05-13 12:41:10,32,35,,,23.446,32.96
2026-05-13 12:46:10,32,35,,,23.531,32.626
2026-05-13 12:51:10,34,38,,,24.295,32.594
2026-05-13 12:56:10,33,38,,,23.788,33.055
2026-05-13 13:01:10,39,46,,,23.622,38.11
2026-05-13 13:06:10,42,50,,,22.287,41.578
2026-05-13 13:11:11,44,53,,,21.464,42.474
2026-05-13 13:16:11,41,49,,,21.235,41.412
2026-05-13 13:21:11,40,48,,,20.578,41.957
2026-05-13 13:26:12,43,52,,,20.525,42.959
2026-05-13 13:31:11,44,54,,,20.562,42.953
2026-05-13 13:36:12,41,52,,,20.311,43.826
2026-05-13 13:41:12,44,55,,,20.484,44.034
2026-05-13 13:46:12,46,56,,,21.312,42.228
2026-05-13 13:51:12,44,52,,,21.486,41.16
2026-05-13 13:56:13,44,55,,,22.538,39.949
2026-05-13 14:01:12,44,53,,,22.709,40.099
2026-05-13 14:06:13,41,50,,,23.307,39.163
2026-05-13 14:11:13,42,52,,,23.798,38.505
2026-05-13 14:16:13,41,51,,,23.622,38.743
2026-05-13 14:21:13,42,50,,,23.494,38.448
2026-05-13 14:26:13,40,49,,,23.307,38.364
2026-05-13 14:31:14,43,50,,,23.003,38.732
2026-05-13 14:36:14,41,51,,,22.81,39.798
2026-05-13 14:41:14,41,51,,,22.271,40.468
2026-05-13 14:46:14,43,51,,,22.047,40.864
2026-05-13 14:51:15,38,47,,,21.598,41.139
2026-05-13 14:56:14,40,48,,,21.04,42.51
2026-05-13 15:01:15,40,49,,,21.163,41.869
2026-05-13 15:06:15,41,49,,,21.221,42.531
2026-05-13 15:11:15,39,48,,,22.284,38.869
2026-05-13 15:16:15,40,49,,,21.87,38.926
2026-05-13 15:21:16,42,51,,,21.95,39.262
2026-05-13 15:26:16,40,49,,,21.75,39.735
2026-05-13 15:31:16,41,50,,,21.574,41.284
2026-05-13 15:36:16,41,48,,,21.523,42.402
2026-05-13 15:41:16,44,54,,,21.326,42.541
2026-05-13 15:46:16,43,53,,,21.347,42.501
2026-05-13 15:51:16,41,50,,,20.92,45.753
2026-05-13 15:56:17,42,52,,,20.872,44.99
2026-05-13 16:02:03,43,53,,,20.738,44.853
2026-05-13 16:06:17,40,51,,,20.53,44.608
2026-05-13 16:11:17,43,53,,,20.439,46.642
2026-05-13 16:16:18,42,50,,,20.354,45.766
2026-05-13 16:21:18,44,52,,,20.324,44.818
2026-05-13 16:26:18,40,48,,,20.164,48.616
2026-05-13 16:31:18,38,46,,,19.884,50.479
2026-05-13 16:36:18,40,49,,,19.617,50.876
2026-05-13 16:41:18,42,50,,,19.318,51.704
2026-05-13 16:46:19,42,52,,,19.237,50.191
2026-05-13 16:51:19,46,55,,,18.981,50.088
2026-05-13 16:56:19,43,52,,,18.805,49.001
2026-05-13 17:01:19,46,57,,,18.565,50.43
2026-05-13 17:06:19,47,60,,,18.313,51.258
2026-05-13 17:11:20,49,62,,,17.95,52.131
2026-05-13 17:16:20,47,60,,,17.641,52.907
2026-05-13 17:21:20,50,62,,,17.432,52.97
2026-05-13 17:26:19,48,61,,,17.307,53.59
2026-05-13 17:31:20,46,58,,,17.088,56.045
2026-05-13 17:36:20,46,56,,,16.901,58.105
2026-05-13 17:41:20,44,55,,,16.661,60.209
2026-05-13 17:46:20,46,56,,,16.332,60.857
2026-05-13 17:51:21,47,60,,,16.038,61.472
2026-05-13 17:56:21,46,56,,,15.827,62.408
2026-05-13 18:01:21,49,60,,,15.528,63.583
2026-05-13 18:06:21,45,56,,,15.387,62.877
2026-05-13 18:11:21,46,59,,,15.205,64.605
2026-05-13 18:16:22,47,59,,,14.994,65.771
2026-05-13 18:21:22,46,54,,,14.754,66.843
2026-05-13 18:26:22,48,60,,,14.514,67.384
2026-05-13 18:31:22,45,57,,,14.289,68.567
2026-05-13 18:36:22,46,56,,,14.033,69.252
2026-05-13 18:41:23,47,57,,,13.878,70.246
2026-05-13 18:46:22,45,55,,,13.707,70.419
2026-05-13 18:51:23,43,53,,,13.547,71.06
2026-05-13 18:56:23,40,50,,,13.419,71.226
2026-05-13 19:01:23,42,49,,,13.208,72.376
2026-05-13 19:06:24,41,49,,,13.058,72.817
2026-05-13 19:11:24,40,48,,,12.97,73.713
2026-05-13 19:16:24,43,51,,,12.917,74.138
2026-05-13 19:21:24,41,48,,,12.895,73.755
2026-05-13 19:26:24,42,51,,,12.847,74.026
2026-05-13 19:31:25,59,70,,,12.655,74.159
2026-05-13 19:36:24,51,65,,,12.738,73.608
2026-05-13 19:41:25,46,57,,,12.674,74.371
2026-05-13 19:46:25,44,54,,,12.588,74.606
2026-05-13 19:51:25,44,56,,,12.471,75.245
2026-05-13 19:56:25,44,54,,,12.401,74.953
2026-05-13 20:01:25,43,53,,,12.247,75.521
2026-05-13 20:06:25,44,52,,,12.209,75.912
2026-05-13 20:11:26,44,52,,,12.166,75.931
2026-05-13 20:16:26,76,81,,,12.036,76.206
2026-05-13 20:21:26,50,64,,,12.084,75.977
2026-05-13 20:26:26,68,77,,,12.006,76.492
2026-05-13 20:31:26,67,76,,,12.038,75.809
2026-05-13 20:36:27,90,93,,,12.001,76.115
2026-05-13 20:41:26,85,90,,,11.889,76.753
2026-05-13 20:46:27,53,66,,,11.739,77.11
2026-05-13 20:51:27,48,59,,,11.707,77.156
2026-05-13 20:56:27,45,54,,,11.648,77.106
2026-05-13 21:01:27,47,56,,,11.552,77.015
2026-05-13 21:06:27,48,59,,,11.467,77.381
2026-05-13 21:11:27,43,51,,,11.355,77.728
2026-05-13 21:16:28,45,55,,,11.285,78.361
2026-05-13 21:21:28,43,52,,,11.258,77.766
2026-05-13 21:26:28,93,101,,,11.323,77.48
2026-05-13 21:31:28,62,75,,,11.296,77.696
2026-05-13 21:36:29,69,78,,,11.25,78.239
2026-05-13 21:41:29,66,78,,,11.296,78.167
2026-05-13 21:46:29,70,80,,,11.365,77.898
2026-05-13 21:51:29,95,102,,,11.376,77.673
2026-05-13 21:56:29,142,157,,,11.435,77.219
2026-05-13 22:01:29,100,109,,,11.432,77.423
2026-05-13 22:06:30,70,80,,,11.395,77.77
2026-05-13 22:11:29,67,78,,,11.376,78.018
2026-05-13 22:16:30,62,75,,,11.258,78.228
2026-05-13 22:21:30,81,86,,,11.349,78.047
2026-05-13 22:26:30,71,80,,,11.178,77.808
2026-05-13 22:31:30,61,74,,,11.221,77.612
2026-05-13 22:36:30,60,73,,,11.253,77.711
2026-05-13 22:41:31,63,75,,,11.248,78.756
2026-05-13 22:46:31,60,73,,,11.21,79.122
2026-05-13 22:51:31,55,71,,,11.232,79.075
2026-05-13 22:56:31,57,72,,,11.165,79.718
2026-05-13 23:01:31,60,73,,,11.17,79.183
2026-05-13 23:06:32,69,79,,,11.213,78.957
2026-05-13 23:11:32,68,78,,,11.229,78.705
2026-05-13 23:16:32,56,72,,,11.234,79.552
2026-05-13 23:21:31,55,69,,,11.296,79.973
2026-05-13 23:26:32,60,74,,,11.226,79.55
2026-05-13 23:31:32,53,66,,,11.232,80.078
2026-05-13 23:36:33,51,64,,,11.253,79.704
2026-05-13 23:41:32,53,68,,,11.325,79.288
2026-05-13 23:46:33,57,71,,,11.229,78.924
2026-05-13 23:51:33,63,74,,,11.288,78.51
2026-05-13 23:56:33,70,79,,,11.315,78.577
2026-05-14 00:01:33,55,68,,,11.229,79.237
2026-05-14 00:06:34,56,71,,,11.218,79.426
2026-05-14 00:11:34,53,65,,,11.178,80.273
2026-05-14 00:16:34,51,65,,,11.2,80.37
2026-05-14 00:21:34,53,65,,,11.173,80.103
2026-05-14 00:26:34,51,64,,,11.221,79.859
2026-05-14 00:31:34,50,64,,,11.237,79.954
2026-05-14 00:36:34,53,66,,,11.21,79.742
2026-05-14 00:41:35,49,61,,,11.189,79.847
2026-05-14 00:46:35,53,65,,,11.173,79.861
2026-05-14 00:51:35,45,56,,,11.098,79.977
2026-05-14 00:56:35,49,61,,,11.098,80.202
2026-05-14 01:01:36,48,58,,,11.013,79.744
2026-05-14 01:06:36,77,84,,,10.906,80.299
2026-05-14 01:11:36,53,68,,,10.847,80.196
2026-05-14 01:16:35,56,73,,,10.762,80.322
2026-05-14 01:21:36,56,70,,,10.682,80.576
2026-05-14 01:26:36,49,61,,,10.618,80.74
2026-05-14 01:31:36,48,59,,,10.612,80.669
2026-05-14 01:36:37,48,60,,,10.564,80.94
2026-05-14 01:41:37,48,58,,,10.532,81.161
2026-05-14 01:46:37,47,57,,,10.457,81.247
2026-05-14 01:51:37,56,70,,,10.457,81.348
2026-05-14 01:56:37,47,59,,,10.439,80.925
2026-05-14 02:01:37,46,56,,,10.407,81.352
2026-05-14 02:06:38,46,54,,,10.343,81.539
2026-05-14 02:11:38,44,54,,,10.313,81.442
2026-05-14 02:16:38,42,50,,,10.27,81.318
2026-05-14 02:21:38,42,51,,,10.26,81.774
2026-05-14 02:26:38,43,51,,,10.169,81.94
2026-05-14 02:31:38,42,53,,,10.18,82.006
2026-05-14 02:36:38,43,53,,,10.051,82.203
2026-05-14 02:41:39,42,53,,,9.998,82.394
2026-05-14 02:46:39,40,51,,,9.902,81.898
2026-05-14 02:51:39,45,55,,,9.875,82.024
2026-05-14 02:56:40,42,49,,,9.822,82.26
2026-05-14 03:01:39,41,53,,,9.827,82.598
2026-05-14 03:06:40,42,49,,,9.854,82.085
2026-05-14 03:11:40,39,49,,,9.79,82.321
2026-05-14 03:16:40,42,50,,,9.784,82.544
2026-05-14 03:21:40,45,54,,,9.763,82.701
2026-05-14 03:26:41,44,54,,,9.731,83.04
2026-05-14 03:31:41,43,52,,,9.68,82.594
2026-05-14 03:36:41,44,54,,,9.736,82.493
2026-05-14 03:41:41,42,52,,,9.747,82.516
2026-05-14 03:46:41,43,53,,,9.707,82.291
2026-05-14 03:51:42,41,50,,,9.643,83.055
2026-05-14 03:56:41,41,50,,,9.614,82.733
2026-05-14 04:01:42,43,51,,,9.608,82.796
2026-05-14 04:06:41,43,52,,,9.563,83.466
2026-05-14 04:11:42,44,52,,,9.509,83.357
2026-05-14 04:16:42,44,54,,,9.515,83.071
2026-05-14 04:21:42,42,51,,,9.515,83.155
2026-05-14 04:26:42,43,50,,,9.515,83.347
2026-05-14 04:31:42,39,47,,,9.477,83.479
2026-05-14 04:36:42,40,50,,,9.467,83.2
2026-05-14 04:41:43,43,51,,,9.435,83.448
2026-05-14 04:46:43,43,49,,,9.525,83.353
2026-05-14 04:51:43,40,49,,,9.477,83.733
2026-05-14 04:56:43,39,49,,,9.507,83.641
2026-05-14 05:01:43,43,51,,,9.533,83.691
2026-05-14 05:06:44,43,51,,,9.528,83.948
2026-05-14 05:11:43,44,52,,,9.539,83.958
2026-05-14 05:16:44,42,51,,,9.565,83.908
2026-05-14 05:21:44,48,58,,,9.565,83.836
2026-05-14 05:26:45,49,60,,,9.56,84.063
2026-05-14 05:31:44,48,61,,,9.598,82.973
2026-05-14 05:36:45,46,55,,,9.667,82.798
2026-05-14 05:41:45,50,61,,,9.691,81.877
2026-05-14 05:46:45,51,62,,,9.68,82.478
2026-05-14 05:51:45,50,61,,,9.627,82.819
2026-05-14 05:56:45,48,58,,,9.654,82.796
2026-05-14 06:01:46,48,58,,,9.659,82.628
2026-05-14 06:06:46,49,62,,,9.643,83.05
2026-05-14 06:11:46,47,58,,,9.646,83.376
2026-05-14 06:16:46,47,56,,,9.619,83.273
2026-05-14 06:21:47,48,60,,,9.678,83.023
2026-05-14 06:26:47,50,60,,,9.678,83.054
2026-05-14 06:31:47,48,58,,,9.63,83.696
2026-05-14 06:36:47,47,58,,,9.651,83.914
2026-05-14 06:41:47,48,59,,,9.624,84.274
2026-05-14 06:46:48,47,60,,,9.485,83.794
2026-05-14 06:51:47,55,68,,,9.582,82.605
2026-05-14 06:56:47,55,69,,,9.571,82.977
2026-05-14 07:01:48,53,67,,,9.582,83.817
2026-05-14 07:06:48,50,61,,,9.565,83.979
2026-05-14 07:11:48,46,56,,,9.59,84.351
2026-05-14 07:16:48,47,57,,,9.662,83.778
2026-05-14 07:21:49,44,51,,,9.806,83.002
2026-05-14 07:26:48,44,51,,,9.95,82.573
2026-05-14 07:31:49,44,57,,,10.148,80.225
2026-05-14 07:36:49,48,58,,,10.249,81.343
2026-05-14 07:41:50,58,71,,,10.244,82.037
2026-05-14 07:46:49,60,73,,,10.244,81.118
2026-05-14 07:51:50,53,67,,,10.329,81.528
2026-05-14 07:56:50,47,59,,,10.321,81.707
2026-05-14 08:01:50,50,62,,,10.407,81.644
2026-05-14 08:06:50,48,59,,,10.436,81.35
2026-05-14 08:11:50,47,57,,,10.516,80.793
2026-05-14 08:16:50,48,59,,,10.62,81.02
2026-05-14 08:21:51,50,60,,,10.711,80.933
2026-05-14 08:26:51,49,61,,,10.821,80.58
2026-05-14 08:31:50,57,71,,,10.941,79.075
2026-05-14 08:36:51,52,64,,,10.973,79.752
2026-05-14 08:41:51,52,65,,,11.128,77.52
2026-05-14 08:46:52,51,66,,,11.325,74.688
2026-05-14 08:51:51,50,62,,,11.608,75.754
2026-05-14 08:56:52,49,59,,,11.806,75.209
2026-05-14 09:01:52,47,59,,,12.078,73.994
2026-05-14 09:06:52,45,54,,,12.372,72.895
2026-05-14 09:11:53,49,61,,,12.767,72.265
2026-05-14 09:16:52,48,59,,,13.106,68.384
2026-05-14 09:21:53,48,60,,,13.368,68.655
2026-05-14 09:26:52,50,62,,,13.531,67.747
2026-05-14 09:31:53,51,63,,,13.899,66.478
2026-05-14 09:36:53,51,63,,,14.108,65.92
2026-05-14 09:41:53,49,60,,,14.182,66.12
2026-05-14 09:46:53,51,63,,,14.332,66.045
2026-05-14 09:51:54,51,64,,,14.46,64.861
2026-05-14 09:56:53,50,64,,,14.551,64.741
2026-05-14 10:01:54,52,65,,,14.572,65.302
2026-05-14 10:06:54,48,59,,,14.743,66.324
2026-05-14 10:11:54,51,63,,,14.952,65.616
2026-05-14 10:16:54,52,66,,,15.165,63.73
2026-05-14 10:21:55,49,61,,,15.256,63.184
2026-05-14 10:26:55,49,60,,,15.43,60.369
2026-05-14 10:31:55,49,60,,,15.632,57.727
2026-05-14 10:36:55,48,59,,,15.921,56.07
2026-05-14 10:41:56,50,62,,,16.124,57.878
2026-05-14 10:46:56,50,62,,,16.188,54.966
2026-05-14 10:51:56,48,61,,,16.658,55.311
2026-05-14 10:56:56,45,56,,,16.952,53.34
2026-05-14 11:01:56,46,58,,,17.283,55.839
2026-05-14 11:06:56,47,59,,,17.582,54.723
2026-05-14 11:11:56,47,60,,,18.036,49.673
2026-05-14 11:16:56,48,59,,,18.025,50.626
2026-05-14 11:21:57,47,59,,,18.404,51.271
2026-05-14 11:26:57,48,59,,,18.933,49.468
2026-05-14 11:31:57,47,60,,,19.211,48.29
2026-05-14 11:36:57,43,52,,,20.055,46.962
2026-05-14 11:41:57,44,55,,,20.717,45.072
2026-05-14 11:46:58,42,51,,,20.781,47.706
2026-05-14 11:51:58,44,53,,,21.048,46.611
2026-05-14 11:56:58,41,50,,,20.968,45.484
2026-05-14 12:01:58,42,50,,,21.667,43.634
2026-05-14 12:06:58,44,54,,,21.662,44.406
2026-05-14 12:11:59,44,55,,,21.967,42.705
2026-05-14 12:16:59,46,55,,,21.817,45.423
2026-05-14 12:21:59,47,57,,,21.897,43.865
2026-05-14 12:26:59,46,57,,,21.635,43.977
2026-05-14 12:31:59,43,54,,,21.627,44.031
2026-05-14 12:36:59,46,56,,,22.017,42.817
2026-05-14 12:42:00,44,54,,,22.402,41.341
2026-05-14 12:47:00,43,54,,,22.917,38.903
2026-05-14 12:52:00,42,50,,,23.697,37.683
2026-05-14 12:57:00,40,49,,,23.622,36.71
2026-05-14 13:02:01,41,49,,,24.22,34.896
2026-05-14 13:07:01,40,47,,,24.493,30.046
2026-05-14 13:12:00,38,46,,,24.573,30.643
2026-05-14 13:17:01,37,44,,,25.374,30.303
2026-05-14 13:22:01,40,47,,,25.059,30.723
2026-05-14 13:27:01,36,42,,,25.363,31.789
2026-05-14 13:32:01,35,42,,,25.465,30.475
2026-05-14 13:37:02,34,44,,,26.373,30.187
2026-05-14 13:42:02,35,44,,,27.115,28.295
2026-05-14 13:47:02,35,41,,,27.531,26.671
2026-05-14 13:52:02,33,37,,,27.291,28.8
2026-05-14 13:57:02,40,49,,,27.067,31.28
2026-05-14 14:02:02,40,48,,,26.709,31.682
2026-05-14 14:07:03,42,50,,,26.741,31.308
2026-05-14 14:12:03,40,47,,,26.415,30.622
2026-05-14 14:17:03,40,47,,,26.351,30.442
2026-05-14 14:22:03,39,46,,,26.02,29.742
2026-05-14 14:27:04,40,47,,,25.753,30.452
2026-05-14 14:32:03,37,46,,,26.602,29.906
2026-05-14 14:37:04,35,39,,,26.517,30.809
2026-05-14 14:42:04,36,45,,,26.53,31.766
2026-05-14 14:47:05,33,38,,,27,29.567
2026-05-14 14:52:05,36,43,,,27.206,32.1
2026-05-14 14:57:05,32,35,,,27.272,30.376
2026-05-14 15:02:05,32,35,,,27.51,31.409
2026-05-14 15:07:05,32,39,,,27.799,30.769
2026-05-14 15:12:05,29,34,,,28.359,26.824
2026-05-14 15:17:05,32,38,,,28.375,28.48
2026-05-14 15:22:06,39,46,,,28.231,29.607
2026-05-14 15:27:06,41,48,,,28.159,31.552
2026-05-14 15:32:06,41,50,,,28.191,31.003
2026-05-14 15:37:06,41,49,,,27.913,31.98
2026-05-14 15:42:07,38,46,,,27.547,31.867
2026-05-14 15:47:06,39,47,,,26.632,31.833
2026-05-14 15:52:07,35,42,,,26.413,31.245
2026-05-14 15:57:07,34,37,,,25.884,30.719
2026-05-14 16:02:07,33,35,,,25.697,31.148
2026-05-14 16:07:07,32,36,,,25.558,31.442
2026-05-14 16:12:08,32,36,,,25.435,30.818
2026-05-14 16:17:08,31,34,,,24.995,31.675
2026-05-14 16:22:08,29,32,,,25.021,31.339
2026-05-14 16:27:08,27,30,,,24.973,30.7
2026-05-14 16:32:08,30,31,,,24.749,31.903
2026-05-14 16:37:08,28,28,,,24.69,32.859
2026-05-14 16:42:09,29,33,,,24.364,33.605
2026-05-14 16:47:08,28,34,,,24.466,34.152
2026-05-14 16:52:09,32,33,,,24.354,35.163
2026-05-14 16:57:09,33,37,,,24.21,35.577
2026-05-14 17:02:09,33,37,,,23.846,36.542
2026-05-14 17:07:10,32,38,,,23.633,36.681
2026-05-14 17:12:09,36,42,,,23.195,37.723
2026-05-14 17:17:10,37,45,,,23.04,38.377
2026-05-14 17:22:10,38,46,,,22.65,39.689
2026-05-14 17:27:10,42,51,,,22.335,40.342
2026-05-14 17:32:11,40,46,,,21.908,41.499
2026-05-14 17:37:10,40,50,,,21.63,43.557
2026-05-14 17:42:11,41,49,,,21.203,45.034
2026-05-14 17:47:10,39,45,,,20.682,47.143
2026-05-14 17:52:11,38,44,,,20.212,49.198
2026-05-14 17:57:11,36,43,,,19.638,51.841
2026-05-14 18:02:11,37,46,,,19.163,53.112
2026-05-14 18:07:11,39,45,,,18.805,54.565
2026-05-14 18:12:12,37,45,,,18.484,54.815
2026-05-14 18:17:11,40,48,,,18.132,56.387
2026-05-14 18:22:12,39,47,,,17.774,56.997
2026-05-14 18:27:12,40,46,,,17.416,58.225
2026-05-14 18:32:12,38,46,,,17.032,59.581
2026-05-14 18:37:13,38,44,,,16.738,59.431
2026-05-14 18:42:12,39,48,,,16.407,60.123
2026-05-14 18:47:12,41,48,,,16.188,61.17
2026-05-14 18:52:13,37,45,,,16.006,61.733
2026-05-14 18:57:13,39,47,,,15.958,61.033
2026-05-14 19:02:14,37,46,,,15.713,61.945
2026-05-14 19:07:14,39,46,,,15.568,61.845
2026-05-14 19:12:14,40,48,,,15.451,61.43
2026-05-14 19:17:14,38,43,,,15.245,62.482
2026-05-14 19:22:14,40,47,,,14.941,63.846
2026-05-14 19:27:14,36,42,,,14.791,63.823
2026-05-14 19:32:15,38,45,,,14.631,64.455
2026-05-14 19:37:15,37,44,,,14.474,64.42
2026-05-14 19:42:15,39,45,,,14.295,65.441
2026-05-14 19:47:15,36,43,,,14.07,66.007
2026-05-14 19:52:15,37,45,,,13.897,66.547
2026-05-14 19:57:15,36,43,,,13.806,66.848
2026-05-14 20:02:15,36,42,,,13.608,67.432
2026-05-14 20:07:15,36,42,,,13.502,67.037
2026-05-14 20:12:16,39,47,,,13.4,67.028
2026-05-14 20:17:16,38,44,,,13.291,66.965
2026-05-14 20:22:16,36,45,,,13.194,68.027
2026-05-14 20:27:16,39,47,,,12.922,68.754
2026-05-14 20:32:17,36,42,,,12.858,68.014
2026-05-14 20:37:17,36,41,,,12.858,68.056
2026-05-14 20:42:17,37,44,,,12.789,68.355
2026-05-14 20:47:17,43,51,,,12.666,68.968
2026-05-14 20:52:17,38,47,,,12.628,69.624
2026-05-14 20:57:17,40,47,,,12.532,69.969
2026-05-14 21:02:18,44,52,,,12.42,69.277
2026-05-14 21:07:18,40,50,,,12.34,70.091
2026-05-14 21:12:18,40,47,,,12.201,69.534
2026-05-14 21:17:18,40,49,,,12.11,69.946
2026-05-14 21:22:18,38,43,,,12.052,70.516
2026-05-14 21:27:18,41,49,,,11.939,70.631
2026-05-14 21:32:19,36,42,,,11.795,71.438
2026-05-14 21:37:19,38,47,,,11.728,71.115
2026-05-14 21:42:19,39,45,,,11.579,71.571
2026-05-14 21:47:19,45,54,,,11.459,71.718
2026-05-14 21:52:19,41,50,,,11.395,72.082
2026-05-14 21:57:19,41,48,,,11.411,72.225
2026-05-14 22:02:20,42,51,,,11.336,72.618
2026-05-14 22:07:19,41,47,,,11.331,72.46
2026-05-14 22:12:20,41,49,,,11.25,73.088
2026-05-14 22:17:20,41,47,,,11.24,73.582
2026-05-14 22:22:20,39,48,,,11.192,73.29
2026-05-14 22:27:20,40,52,,,11.208,74.022
2026-05-14 22:32:20,39,48,,,11.202,73.324
2026-05-14 22:37:21,40,48,,,11.08,73.257
2026-05-14 22:42:21,46,58,,,10.949,73.835
2026-05-14 22:47:21,49,60,,,10.858,73.988
2026-05-14 22:52:22,176,185,,,10.772,74.793
2026-05-14 22:57:21,126,135,,,10.703,74.936
2026-05-14 23:02:22,128,133,,,10.607,74.877
2026-05-14 23:07:22,65,78,,,10.559,75.43
2026-05-14 23:12:22,54,67,,,10.431,75.882
2026-05-14 23:17:22,45,54,,,10.367,76.553
2026-05-14 23:22:22,45,54,,,10.393,77.127
2026-05-14 23:27:22,44,54,,,10.415,77.227
2026-05-14 23:32:22,43,53,,,10.441,77
2026-05-14 23:37:23,87,93,,,10.425,77.202
2026-05-14 23:42:23,60,74,,,10.439,76.66
2026-05-14 23:47:23,50,62,,,10.359,76.837
2026-05-14 23:52:23,45,55,,,10.353,76.679
2026-05-14 23:57:24,44,53,,,10.182,77.278
2026-05-15 00:02:24,44,54,,,10.078,77.446
2026-05-15 00:07:23,43,51,,,9.982,78.506
2026-05-15 00:12:24,41,51,,,9.966,78.905
2026-05-15 00:17:24,42,51,,,9.902,78.407
2026-05-15 00:22:24,40,50,,,9.849,78.382
2026-05-15 00:27:24,40,47,,,9.827,78.775
2026-05-15 00:32:25,42,51,,,9.865,78.663
2026-05-15 00:37:25,43,51,,,9.843,79.107
2026-05-15 00:42:25,44,55,,,9.875,79.529
2026-05-15 00:47:25,43,50,,,9.913,78.804
2026-05-15 00:52:25,43,51,,,9.891,78.604
2026-05-15 00:57:26,42,51,,,9.87,78.468
2026-05-15 01:02:25,44,53,,,9.811,77.871
2026-05-15 01:07:26,42,51,,,9.806,77.972
2026-05-15 01:12:26,45,54,,,9.619,79.058
2026-05-15 01:17:26,47,57,,,9.528,79.401
2026-05-15 01:22:26,58,74,,,9.459,79.76
2026-05-15 01:27:26,48,56,,,9.453,79.504
2026-05-15 01:32:26,44,53,,,9.475,79.435
2026-05-15 01:37:27,44,52,,,9.464,79.918
2026-05-15 01:42:27,42,52,,,9.515,80.042
2026-05-15 01:47:27,44,54,,,9.574,79.866
2026-05-15 01:52:28,44,53,,,9.493,80.231
2026-05-15 01:57:27,44,55,,,9.448,80.648
2026-05-15 02:02:28,43,54,,,9.336,80.883
2026-05-15 02:07:28,43,54,,,9.411,80.536
2026-05-15 02:12:28,43,51,,,9.384,80.513
2026-05-15 02:17:28,45,55,,,9.403,80.912
2026-05-15 02:22:28,49,57,,,9.288,79.594
2026-05-15 02:27:29,51,63,,,9.336,79.002
2026-05-15 02:32:29,51,63,,,9.448,78.413
2026-05-15 02:37:29,49,59,,,9.411,79.925
2026-05-15 02:42:29,48,60,,,9.448,80.79
2026-05-15 02:47:29,48,58,,,9.565,80.46
2026-05-15 02:52:29,49,60,,,9.63,81.442
2026-05-15 02:57:29,46,55,,,9.731,81.507
2026-05-15 03:02:30,45,57,,,9.79,81.419
2026-05-15 03:07:30,47,59,,,9.865,80.995
2026-05-15 03:12:31,48,57,,,9.934,80.852
2026-05-15 03:17:31,47,58,,,9.963,80.32
2026-05-15 03:22:31,47,55,,,9.878,80.843
2026-05-15 03:27:31,46,56,,,9.899,80.664
2026-05-15 03:32:31,47,58,,,9.921,80.236
2026-05-15 03:37:31,46,57,,,9.857,80.82
2026-05-15 03:42:31,47,61,,,9.841,80.646
2026-05-15 03:47:31,46,55,,,9.739,81.201
2026-05-15 03:52:32,44,53,,,9.739,81.486
2026-05-15 03:57:32,44,53,,,9.704,81.373
2026-05-15 04:02:32,45,51,,,9.742,81.537
2026-05-15 04:07:32,45,56,,,9.747,81.419
2026-05-15 04:12:32,45,53,,,9.715,81.255
2026-05-15 04:17:33,46,56,,,9.688,80.791
2026-05-15 04:22:33,47,57,,,9.707,80.791
2026-05-15 04:27:32,46,56,,,9.707,80.551
2026-05-15 04:32:33,46,55,,,9.707,80.973
2026-05-15 04:37:33,47,57,,,9.718,80.74
2026-05-15 04:42:33,48,60,,,9.712,80.242
2026-05-15 04:47:33,47,57,,,9.776,80.021
2026-05-15 04:52:33,49,60,,,9.841,78.873
2026-05-15 04:57:33,50,59,,,9.841,79.088
2026-05-15 05:02:34,49,60,,,9.819,79.634
2026-05-15 05:07:34,48,60,,,9.867,80.606
2026-05-15 05:12:34,46,55,,,9.926,80.624
2026-05-15 05:17:34,47,57,,,10.017,80.612
2026-05-15 05:22:35,48,58,,,10.073,80.027
2026-05-15 05:27:35,45,55,,,10.158,79.763
2026-05-15 05:32:35,51,62,,,10.212,78.508
2026-05-15 05:37:34,50,60,,,10.142,79.285
2026-05-15 05:42:35,50,62,,,10.281,78.939
2026-05-15 05:47:36,50,61,,,10.303,78.71
2026-05-15 05:52:35,51,62,,,10.372,79.033
2026-05-15 05:57:36,48,61,,,10.409,79.294
2026-05-15 06:02:37,50,60,,,10.388,79.256
2026-05-15 06:07:36,48,60,,,10.428,79.418
2026-05-15 06:12:36,49,61,,,10.497,79.853
2026-05-15 06:17:36,47,59,,,10.543,79.302
2026-05-15 06:22:37,47,57,,,10.564,79.84
2026-05-15 06:27:37,47,56,,,10.58,80.175
2026-05-15 06:32:36,47,58,,,10.602,80.038
2026-05-15 06:37:37,47,57,,,10.623,79.447
2026-05-15 06:42:37,46,56,,,10.639,79.372
2026-05-15 06:47:38,47,57,,,10.639,79.004
2026-05-15 06:52:37,49,59,,,10.639,78.741
2026-05-15 06:57:38,50,61,,,10.66,79.306
2026-05-15 07:02:38,48,60,,,10.671,80.566
2026-05-15 07:07:38,47,56,,,10.692,80.402
2026-05-15 07:12:38,48,59,,,10.623,79.573
2026-05-15 07:17:38,47,57,,,10.66,80.433
2026-05-15 07:22:39,45,54,,,10.735,81.943
2026-05-15 07:27:39,48,60,,,10.668,81.303
2026-05-15 07:32:39,48,59,,,10.415,77.881
2026-05-15 07:37:39,50,60,,,10.658,77.675
2026-05-15 07:42:40,49,62,,,10.663,78.287
2026-05-15 07:47:39,54,66,,,10.655,76.996
2026-05-15 07:52:40,49,61,,,10.789,77.875
2026-05-15 07:57:40,48,59,,,10.789,78.459
2026-05-15 08:02:40,51,63,,,10.81,77.928
2026-05-15 08:07:40,48,61,,,10.893,78.035
2026-05-15 08:12:41,47,58,,,11.064,77.438
2026-05-15 08:17:40,49,61,,,11.202,78.123
2026-05-15 08:22:41,47,58,,,11.138,79.105
2026-05-15 08:27:41,50,64,,,11.309,78.152
2026-05-15 08:32:41,48,58,,,11.566,77.742
2026-05-15 08:37:41,48,59,,,11.785,77.442
2026-05-15 08:42:41,46,57,,,11.971,77.692
2026-05-15 08:47:42,49,60,,,12.244,77.135
2026-05-15 08:52:42,47,58,,,12.532,77.303
2026-05-15 08:57:42,47,56,,,12.826,76.761
2026-05-15 09:02:42,45,55,,,13.264,74.795
2026-05-15 09:07:42,49,59,,,13.777,70.68
2026-05-15 09:12:43,48,59,,,14.247,68.651
2026-05-15 09:17:42,51,63,,,14.623,68.355
2026-05-15 09:22:43,51,62,,,14.949,64.569
2026-05-15 09:27:43,47,60,,,15.267,64.092
2026-05-15 09:32:43,45,55,,,15.571,64.771
2026-05-15 09:37:43,47,59,,,15.715,60.749
2026-05-15 09:42:43,46,57,,,16.18,57.188
2026-05-15 09:47:43,47,58,,,16.447,56.779
2026-05-15 09:52:44,46,57,,,16.981,54.637
2026-05-15 09:57:44,44,56,,,17.05,51.706
2026-05-15 10:02:44,45,57,,,17.248,51.544
2026-05-15 10:07:44,45,55,,,17.205,53.213
2026-05-15 10:12:44,46,55,,,17.408,52.808
2026-05-15 10:17:45,46,57,,,17.761,52.089
2026-05-15 10:22:44,46,57,,,18.145,51.065
2026-05-15 10:27:45,45,57,,,18.418,49.943
2026-05-15 10:32:45,45,54,,,18.727,50.409
2026-05-15 10:37:45,45,55,,,18.637,50.857
2026-05-15 10:42:46,46,55,,,18.946,48.248
2026-05-15 10:47:46,47,57,,,18.759,49.896
2026-05-15 10:52:46,45,55,,,19.01,48.175
2026-05-15 10:57:46,45,57,,,19.117,47.771
2026-05-15 11:02:49,43,53,,,19.149,45.785
2026-05-15 11:07:46,43,53,,,19.275,50.191
2026-05-15 11:12:47,42,51,,,19.35,47.296
2026-05-15 11:17:47,44,55,,,19.371,47.305
2026-05-15 11:22:47,43,52,,,19.339,49.018
2026-05-15 11:27:47,41,50,,,19.611,44.198
2026-05-15 11:32:47,45,58,,,19.745,45.228
2026-05-15 11:37:48,41,49,,,19.697,44.416
2026-05-15 11:42:48,40,49,,,19.82,44.25
2026-05-15 11:47:48,42,51,,,19.793,45.282
2026-05-15 11:52:48,44,52,,,19.638,48.219
2026-05-15 11:57:48,45,54,,,19.617,47.47
2026-05-15 12:02:49,45,55,,,19.547,47.979
2026-05-15 12:07:48,45,55,,,19.611,47.676
2026-05-15 12:12:49,45,55,,,19.44,48.253
2026-05-15 12:17:49,46,55,,,19.553,49.102
2026-05-15 12:22:49,44,54,,,19.627,51.441
2026-05-15 12:27:49,47,60,,,19.665,52.751
2026-05-15 12:32:49,46,57,,,19.59,52.936
2026-05-15 12:37:50,44,55,,,19.638,53.537
2026-05-15 12:42:50,46,57,,,19.59,55.976
2026-05-15 12:47:50,45,55,,,19.558,56.118
2026-05-15 12:52:50,47,57,,,19.611,57.197
2026-05-15 12:57:50,46,55,,,19.638,53.834
2026-05-15 13:02:51,44,53,,,19.745,50.847
2026-05-15 13:07:51,44,53,,,19.868,51.879
2026-05-15 13:12:51,43,54,,,19.884,53.037
2026-05-15 13:17:50,43,52,,,19.868,53.855
2026-05-15 13:22:51,43,52,,,19.894,52.225
2026-05-15 13:27:51,44,53,,,19.878,52.133
2026-05-15 13:32:52,41,50,,,19.996,52.722
2026-05-15 13:37:52,40,49,,,20.161,51.792
2026-05-15 13:42:52,39,47,,,20.252,45.738
2026-05-15 13:52:52,39,46,,,20.439,45.661
2026-05-15 13:57:52,38,46,,,20.872,44.105
2026-05-15 14:02:52,37,44,,,21.464,43.374
2026-05-15 14:07:52,36,44,,,21.95,43.498
2026-05-15 14:12:53,38,45,,,22.741,38.932
2026-05-15 14:17:53,36,43,,,23.713,39.474
2026-05-15 14:22:53,36,44,,,23.846,40.178
2026-05-15 14:27:53,35,41,,,24.113,38.516
2026-05-15 14:32:54,37,42,,,24.653,36.554
2026-05-15 14:37:54,34,40,,,25.069,35.426
2026-05-15 14:42:54,32,37,,,25.214,36.752
2026-05-15 14:47:54,32,37,,,25.256,35.545
2026-05-15 14:52:55,33,38,,,25.336,35.245
2026-05-15 14:57:55,35,40,,,26.122,35.112
2026-05-15 15:02:55,32,35,,,26.196,36.02
2026-05-15 15:07:55,33,40,,,26.159,36.1
2026-05-15 15:12:56,32,35,,,26.154,33.889
2026-05-15 15:17:55,33,39,,,25.876,35.024
2026-05-15 15:22:56,35,39,,,25.646,36.489
2026-05-15 15:27:59,35,39,,,25.443,37.027
2026-05-15 15:32:56,35,41,,,24.963,37.025
2026-05-15 15:37:56,34,40,,,24.664,38.444
2026-05-15 15:42:56,33,37,,,24.455,39.045
2026-05-15 15:47:57,34,39,,,24.001,42.547
2026-05-15 15:52:56,33,37,,,23.569,40.83
2026-05-15 15:57:57,33,36,,,23.425,45.001
2026-05-15 16:02:57,32,38,,,23.275,45.673
2026-05-15 16:07:57,34,37,,,23.061,46.707
2026-05-15 16:12:57,34,37,,,22.992,47.639
2026-05-15 16:17:57,32,36,,,22.896,47.3
2026-05-15 16:22:58,33,37,,,22.81,44.04
2026-05-15 16:27:58,31,36,,,22.687,42.665
2026-05-15 16:32:58,33,38,,,22.666,45.627
2026-05-15 16:37:58,32,35,,,22.575,43.971
2026-05-15 16:42:58,34,37,,,22.383,47.792
2026-05-15 16:47:58,35,41,,,22.031,45.465
2026-05-15 16:52:59,35,39,,,21.881,42.707
2026-05-15 16:57:58,35,40,,,21.633,47.17
2026-05-15 17:02:59,34,40,,,21.355,47.365
2026-05-15 17:07:59,36,42,,,21.083,50.373
2026-05-15 17:12:59,35,41,,,20.778,54.166
2026-05-15 17:18:00,34,40,,,20.484,56.154
2026-05-15 17:23:00,35,43,,,20.263,56.585
2026-05-15 17:28:00,35,38,,,20.025,56.816
2026-05-15 17:33:00,35,40,,,19.683,59.415
2026-05-15 17:38:00,36,42,,,19.39,61.683
2026-05-15 17:43:01,35,41,,,19.064,62.944
2026-05-15 17:48:01,33,40,,,18.824,60.577
2026-05-15 17:53:01,32,39,,,18.476,60.602
2026-05-15 17:58:01,34,39,,,18.22,62.2
2026-05-15 18:03:01,36,44,,,17.937,63.337
2026-05-15 18:08:02,36,41,,,17.659,64.747
2026-05-15 18:13:01,34,41,,,17.478,64.613
2026-05-15 18:18:02,35,42,,,17.291,64.809
2026-05-15 18:23:02,35,41,,,17.013,65.609
2026-05-15 18:28:02,33,39,,,16.874,66.652
2026-05-15 18:33:02,36,44,,,16.661,66.936
2026-05-15 18:38:02,37,43,,,16.41,68.084
2026-05-15 18:43:02,38,45,,,16.244,69.505
2026-05-15 18:48:03,34,42,,,16.078,69.418
2026-05-15 18:53:03,36,43,,,15.961,69.343
2026-05-15 18:58:03,38,49,,,15.811,68.821
2026-05-15 19:03:03,38,46,,,15.737,68.537
2026-05-15 19:08:03,38,45,,,15.582,69.402
2026-05-15 19:13:04,37,43,,,15.4,70.299
2026-05-15 19:18:04,36,42,,,15.261,70.013
2026-05-15 19:23:04,37,44,,,15.114,69.723
2026-05-15 19:28:04,40,48,,,15.024,68.851
2026-05-15 19:33:04,39,46,,,14.789,69.975
2026-05-15 19:38:04,38,45,,,14.634,70.074
2026-05-15 19:43:05,39,47,,,14.575,69.62
2026-05-15 19:48:05,38,45,,,14.452,69.923
2026-05-15 19:53:05,40,47,,,14.345,69.603
2026-05-15 19:58:05,38,45,,,14.244,70.27
2026-05-15 20:03:05,38,47,,,14.158,70.575
2026-05-15 20:08:05,37,45,,,13.972,71.298
2026-05-15 20:13:05,46,59,,,13.774,71.802
2026-05-15 20:18:05,41,51,,,13.635,71.701
2026-05-15 20:23:06,40,49,,,13.427,70.917
2026-05-15 20:28:06,39,46,,,13.299,71.136
2026-05-15 20:33:06,40,48,,,13.074,71.922
2026-05-15 20:38:06,47,58,,,12.807,72.599
2026-05-15 20:43:06,56,69,,,12.7,72.405
2026-05-15 20:48:07,47,57,,,12.626,72.531
2026-05-15 20:53:07,42,51,,,12.514,72.283
2026-05-15 20:58:07,42,51,,,12.455,72.727
2026-05-15 21:03:08,43,52,,,12.305,72.819
2026-05-15 21:08:07,43,52,,,12.238,73.122
2026-05-15 21:13:08,50,62,,,12.158,72.38
2026-05-15 21:18:08,44,52,,,12.046,72.601
2026-05-15 21:23:08,41,52,,,12.009,72.904
2026-05-15 21:28:08,39,47,,,11.913,73.274
2026-05-15 21:33:08,42,51,,,11.833,73.675
2026-05-15 21:38:42,45,52,,,11.747,73.36
2026-05-15 21:43:08,48,59,,,11.755,73.385
2026-05-15 21:48:09,48,58,,,11.627,73.524
2026-05-15 21:53:09,55,69,,,11.67,73.566
2026-05-15 21:58:10,50,61,,,11.793,72.624
2026-05-15 22:03:09,45,53,,,11.787,73.442
2026-05-15 22:08:10,42,52,,,11.841,73.557
2026-05-15 22:13:10,43,52,,,11.851,74.175
2026-05-15 22:18:10,42,50,,,11.867,74.045
2026-05-15 22:23:10,43,51,,,11.894,74.226
2026-05-15 22:28:10,44,53,,,11.873,74.421
2026-05-15 22:33:10,44,54,,,11.867,74.545
2026-05-15 22:38:11,43,51,,,11.819,74.556
2026-05-15 22:43:11,45,52,,,11.825,74.289
2026-05-15 22:48:11,44,54,,,11.803,73.799
2026-05-15 22:53:11,43,52,,,11.755,74.22
2026-05-15 22:58:11,43,52,,,11.68,75.111
2026-05-15 23:03:12,43,51,,,11.654,75.039
2026-05-15 23:08:11,51,60,,,11.606,74.72
2026-05-15 23:13:12,52,63,,,11.611,74.497
2026-05-15 23:18:12,46,57,,,11.539,74.497
2026-05-15 23:23:12,44,53,,,11.528,74.674
2026-05-15 23:28:12,44,52,,,11.448,75.615
2026-05-15 23:33:12,46,57,,,11.368,75.445
2026-05-15 23:38:13,50,63,,,11.304,75.445
2026-05-15 23:43:12,50,63,,,11.112,75.769
2026-05-15 23:48:13,53,66,,,11.101,75.437
2026-05-15 23:53:14,48,59,,,10.983,75.371
2026-05-15 23:58:13,47,59,,,10.885,75.598
2026-05-16 00:03:14,46,53,,,10.748,76.305
2026-05-16 00:08:14,44,53,,,10.636,76.589
2026-05-16 00:13:14,47,59,,,10.513,76.341
2026-05-16 00:18:14,46,56,,,10.497,76.66
2026-05-16 00:23:14,44,54,,,10.385,76.929
2026-05-16 00:28:14,44,55,,,10.273,77.295
2026-05-16 00:33:14,44,55,,,10.188,77.572
2026-05-16 00:38:15,45,55,,,10.156,78.171
2026-05-16 00:43:15,50,61,,,10.156,78.236
2026-05-16 00:48:15,50,60,,,10.145,78.003
2026-05-16 00:53:15,48,57,,,10.124,77.898
2026-05-16 00:58:15,48,56,,,10.097,78.604
2026-05-16 01:03:16,45,54,,,10.011,78.623
2026-05-16 01:08:16,48,58,,,9.95,79.094
2026-05-16 01:13:16,49,60,,,9.865,78.89
2026-05-16 01:18:16,53,65,,,9.75,79.647
2026-05-16 01:23:16,53,65,,,9.771,79.212
2026-05-16 01:28:17,46,58,,,9.68,79.563
2026-05-16 01:33:16,46,56,,,9.595,79.71
2026-05-16 01:38:17,48,60,,,9.515,80.32
2026-05-16 01:43:17,51,64,,,9.429,80.477
2026-05-16 01:48:17,49,62,,,9.301,80.465
2026-05-16 01:53:18,45,56,,,9.242,80.673
2026-05-16 01:58:18,51,61,,,9.21,80.24
2026-05-16 02:03:18,49,60,,,9.178,79.912
2026-05-16 02:08:18,48,58,,,9.136,80.521
2026-05-16 02:13:18,47,56,,,9.093,80.711
2026-05-16 02:18:18,48,57,,,9.114,81.135
2026-05-16 02:23:18,47,59,,,9.098,80.393
2026-05-16 02:28:18,47,56,,,9.061,80.625
2026-05-16 02:33:19,48,58,,,9.045,80.458
2026-05-16 02:38:19,50,59,,,8.975,80.727
2026-05-16 02:43:19,45,58,,,8.788,80.959
2026-05-16 02:48:19,54,66,,,8.82,81.385
2026-05-16 02:53:19,56,69,,,8.772,80.669
2026-05-16 02:58:19,46,59,,,8.719,80.877
2026-05-16 03:03:20,49,59,,,8.634,81.282
2026-05-16 03:08:20,47,58,,,8.511,81.833
2026-05-16 03:13:20,49,60,,,8.516,81.745
2026-05-16 03:18:21,50,62,,,8.532,81.226
2026-05-16 03:23:21,49,59,,,8.476,81.701
2026-05-16 03:28:21,48,58,,,8.465,81.831
2026-05-16 03:33:21,49,62,,,8.369,82.134
2026-05-16 03:38:21,49,59,,,8.244,82.05
2026-05-16 03:43:21,50,62,,,8.276,82.439
2026-05-16 03:48:21,52,64,,,8.276,81.875
2026-05-16 03:53:22,50,62,,,8.228,82.334
2026-05-16 03:58:21,51,63,,,8.126,82.87
2026-05-16 04:03:22,50,60,,,8.089,83.033
2026-05-16 04:08:22,51,63,,,8.057,82.294
2026-05-16 04:13:22,50,60,,,8.019,83.107
2026-05-16 04:18:23,51,64,,,7.955,82.687
2026-05-16 04:23:23,48,60,,,7.864,82.409
2026-05-16 04:28:23,50,62,,,7.816,81.98
2026-05-16 04:33:23,49,59,,,7.784,82.832
2026-05-16 04:38:23,50,63,,,7.79,83.012
2026-05-16 04:43:24,50,62,,,7.747,83.351
2026-05-16 04:48:23,53,64,,,7.726,83.658
2026-05-16 04:53:24,53,66,,,7.816,84.364
2026-05-16 04:58:24,52,66,,,7.787,84.126
2026-05-16 05:03:24,52,63,,,7.712,83.418
2026-05-16 05:08:24,54,69,,,7.621,83.742
2026-05-16 05:13:25,53,66,,,7.686,81.959
2026-05-16 05:18:25,52,65,,,7.563,82.048
2026-05-16 05:23:24,57,69,,,7.509,82.714
2026-05-16 05:28:25,53,65,,,7.451,82.094
2026-05-16 05:33:25,53,64,,,7.397,82.956
2026-05-16 05:38:25,52,64,,,7.376,83.046
2026-05-16 05:43:25,53,66,,,7.312,82.916
2026-05-16 05:48:26,54,68,,,7.333,83.755
2026-05-16 05:53:26,54,65,,,7.232,83.778
2026-05-16 05:58:26,55,70,,,7.226,83.759
2026-05-16 06:03:27,54,70,,,7.232,84.141
2026-05-16 06:08:26,53,65,,,7.168,84.408
2026-05-16 06:13:26,53,65,,,7.146,84.723
2026-05-16 06:18:27,54,66,,,7.077,84.398
2026-05-16 06:23:26,55,65,,,7.066,84.246
2026-05-16 06:28:27,52,65,,,7.098,83.803
2026-05-16 06:33:27,53,66,,,7.071,84.143
2026-05-16 06:38:27,53,65,,,7.061,84.209
2026-05-16 06:43:28,53,64,,,6.986,84.351
2026-05-16 06:48:27,51,62,,,6.836,85.569
2026-05-16 06:53:28,53,64,,,6.89,84.419
2026-05-16 06:58:28,50,63,,,6.783,83.805
2026-05-16 07:03:29,49,59,,,6.714,84.269
2026-05-16 07:08:29,52,61,,,6.609,84.221
2026-05-16 07:13:28,51,65,,,6.644,84.099
2026-05-16 07:18:29,51,62,,,6.623,83.86
2026-05-16 07:23:29,53,65,,,6.585,84.604
2026-05-16 07:28:29,55,70,,,6.532,85.014
2026-05-16 07:33:29,52,65,,,6.532,85.035
2026-05-16 07:38:30,50,61,,,6.559,85.32
2026-05-16 07:43:29,53,65,,,6.532,85.312
2026-05-16 07:48:30,54,64,,,6.564,85.028
2026-05-16 07:53:30,54,66,,,6.623,84.707
2026-05-16 07:58:30,52,64,,,6.617,84.929
2026-05-16 08:03:30,54,66,,,6.703,85.888
2026-05-16 08:08:30,54,66,,,6.698,85.079
2026-05-16 08:13:31,53,66,,,6.751,85.117
2026-05-16 08:18:31,56,69,,,6.86,84.766
2026-05-16 08:23:31,53,65,,,6.962,85.007
2026-05-16 08:28:31,52,64,,,7.095,85.436
2026-05-16 08:33:31,54,68,,,7.25,85.573
2026-05-16 08:38:31,53,65,,,7.573,84.597
2026-05-16 08:43:31,52,66,,,7.889,84.41
2026-05-16 08:48:31,54,68,,,8.23,83.872
2026-05-16 08:53:32,54,66,,,8.54,83.155
2026-05-16 08:58:32,56,70,,,8.861,82.714
2026-05-16 09:03:32,57,71,,,9.245,81.6
2026-05-16 09:08:32,56,70,,,9.549,81.505
2026-05-16 09:13:32,54,67,,,9.875,80.326
2026-05-16 09:18:32,53,68,,,10.292,79.698
2026-05-16 09:23:33,55,68,,,10.751,79.082
2026-05-16 09:28:33,53,66,,,11.112,77.225
2026-05-16 09:33:34,55,67,,,11.528,76.145
2026-05-16 09:38:33,56,71,,,12.065,71.014
2026-05-16 09:43:33,64,74,,,12.604,69.772
2026-05-16 09:48:34,59,72,,,13,67.661
2026-05-16 09:53:34,59,71,,,13.373,67.243
2026-05-16 09:58:34,59,72,,,13.614,65.082
2026-05-16 10:03:34,61,72,,,14.033,64.209
2026-05-16 10:08:34,61,72,,,14.161,61.609
2026-05-16 10:13:34,60,72,,,14.535,60.636
2026-05-16 10:18:35,61,73,,,14.845,59.61
2026-05-16 10:23:35,61,72,,,15.181,58.038
2026-05-16 10:28:35,56,68,,,15.47,57.554
2026-05-16 10:33:35,56,69,,,15.454,56.224
2026-05-16 10:38:36,58,70,,,15.913,56.938
2026-05-16 10:43:36,59,70,,,16.271,56.058
2026-05-16 10:48:36,56,68,,,16.399,54.334
2026-05-16 10:53:36,58,68,,,16.733,53.34
2026-05-16 10:58:36,56,70,,,17.074,52.598
2026-05-16 11:03:36,52,65,,,17.277,50.964
2026-05-16 11:08:37,52,66,,,17.555,48.528
2026-05-16 11:13:37,50,61,,,17.926,48.381
2026-05-16 11:18:37,53,66,,,18.359,47.22
2026-05-16 11:23:37,48,61,,,18.727,45.225
2026-05-16 11:28:38,51,63,,,19.553,42.756
2026-05-16 11:33:37,52,66,,,19.499,45.263
2026-05-16 11:38:38,55,68,,,19.718,44.551
2026-05-16 11:43:38,57,69,,,20.375,44.46
2026-05-16 11:48:38,58,69,,,20.53,43.268
2026-05-16 11:53:38,56,67,,,20.476,43.64
2026-05-16 11:58:38,51,65,,,20.541,43.208
2026-05-16 12:03:38,51,62,,,21.005,42.503
2026-05-16 12:08:38,51,64,,,20.946,42.463
2026-05-16 12:13:39,51,63,,,21.411,41.581
2026-05-16 12:18:39,49,62,,,21.101,41.332
2026-05-16 12:23:39,50,62,,,21.967,40.477
2026-05-16 12:28:40,51,63,,,22.063,40.353
2026-05-16 12:33:39,51,64,,,22.324,39.893
2026-05-16 12:38:39,53,66,,,22.121,40.58
2026-05-16 12:43:40,51,64,,,22.255,39.531
2026-05-16 12:48:40,47,59,,,22.25,39.809
2026-05-16 12:53:40,47,58,,,22.41,39.129
2026-05-16 12:58:41,46,56,,,22.031,39.417
2026-05-16 13:03:41,46,57,,,22.736,37.923
2026-05-16 13:08:41,45,55,,,22.533,39.146
2026-05-16 13:13:41,44,56,,,22.463,37.58
2026-05-16 13:18:41,43,53,,,22.613,37.353
2026-05-16 13:23:41,41,50,,,22.655,37.763
2026-05-16 13:28:41,39,48,,,22.501,35.726
2026-05-16 13:33:42,42,52,,,22.955,34.795
2026-05-16 13:38:41,37,44,,,22.322,36.367
2026-05-16 13:43:42,38,45,,,22.466,33.996
2026-05-16 13:48:42,35,44,,,22.741,34.537
2026-05-16 13:53:42,38,45,,,23.526,34.511
2026-05-16 13:58:42,33,37,,,23.809,32.352
2026-05-16 14:03:43,32,35,,,23.553,31.627
2026-05-16 14:08:42,33,36,,,23.996,31.728
2026-05-16 14:13:43,27,28,,,23.371,31.531
2026-05-16 14:18:43,32,35,,,23.836,31.367
2026-05-16 14:23:44,32,35,,,23.996,31.793
2026-05-16 14:28:43,29,33,,,23.921,31.127
2026-05-16 14:33:44,30,33,,,23.964,31.747
2026-05-16 14:38:44,29,30,,,23.611,31.879
2026-05-16 14:43:44,28,28,,,23.553,32.161
2026-05-16 14:48:44,28,28,,,22.971,32.437
2026-05-16 14:53:45,25,27,,,23.392,32.619
2026-05-16 14:58:44,26,26,,,23.761,31.438
2026-05-16 15:03:45,26,27,,,23.478,31.665
2026-05-16 15:08:45,20,20,,,22.538,31.737
2026-05-16 15:13:45,25,27,,,23.323,30.885
2026-05-16 15:18:46,20,22,,,22.543,31.194
2026-05-16 15:23:46,15,17,,,23.176,28.911
2026-05-16 15:28:46,17,18,,,23.085,29.237
2026-05-16 15:33:46,26,27,,,23.406,29.214
2026-05-16 15:38:46,23,24,,,23.214,28.926
2026-05-16 15:43:46,24,25,,,22.754,29.229
2026-05-16 15:48:46,23,23,,,21.793,29.229
2026-05-16 15:53:47,24,25,,,21.595,29.506
2026-05-16 15:58:47,32,35,,,21.505,30.582
2026-05-16 16:03:47,32,34,,,21.147,30.99
2026-05-16 16:08:47,30,31,,,20.885,32.333
2026-05-16 16:13:47,32,35,,,21.077,32.926
2026-05-16 16:18:47,29,29,,,20.709,33.925
2026-05-16 16:23:47,29,32,,,20.452,33.855
2026-05-16 16:28:48,26,27,,,20.282,33.633
2026-05-16 16:33:48,26,26,,,20.247,34.831
2026-05-16 16:38:48,26,27,,,20.049,35.102
2026-05-16 16:43:48,27,29,,,19.998,35.272
2026-05-16 16:48:49,24,26,,,20.1,35.739
2026-05-16 16:53:49,20,22,,,19.934,37.809
2026-05-16 16:58:49,25,26,,,19.715,37.521
2026-05-16 17:03:49,24,24,,,19.577,39.405
2026-05-16 17:08:50,24,25,,,19.443,41.229
2026-05-16 17:13:50,26,29,,,19.149,38.852
2026-05-16 17:18:50,29,31,,,18.882,39.092
2026-05-16 17:23:50,29,33,,,18.711,41.694
2026-05-16 17:28:51,28,28,,,18.311,40.759
2026-05-16 17:33:50,25,27,,,17.945,43.275
2026-05-16 17:38:51,39,46,,,17.56,46.497
2026-05-16 17:43:50,50,63,,,17.171,47.933
2026-05-16 17:48:51,33,40,,,16.615,49.224
2026-05-16 17:53:52,28,29,,,16.097,50.695
2026-05-16 17:58:52,30,33,,,15.742,51.82
2026-05-16 18:03:55,33,36,,,15.315,52.968
2026-05-16 18:08:52,29,33,,,14.976,54.14
2026-05-16 18:13:53,27,27,,,14.599,55.717
2026-05-16 18:18:55,26,27,,,14.14,57.55
2026-05-16 18:23:53,46,55,,,14.009,57.136
2026-05-16 18:28:52,42,50,,,13.699,57.468
2026-05-16 18:33:53,42,50,,,13.384,58.677
2026-05-16 18:38:52,150,157,,,13.17,58.754
2026-05-16 18:43:53,102,106,,,12.85,60.562
2026-05-16 18:48:53,45,55,,,12.735,60.371
2026-05-16 18:53:54,47,58,,,12.441,60.571
2026-05-16 18:58:54,135,142,,,12.295,61.054
2026-05-16 19:03:54,198,211,,,12.156,61.649
2026-05-16 19:08:54,271,292,,,12.001,61.657
2026-05-16 19:13:53,42,50,,,11.817,61.374
2026-05-16 19:18:58,40,47,,,11.72,60.705
2026-05-16 19:23:55,44,52,,,11.504,62.61
2026-05-16 19:33:55,38,44,,,11.301,64.1
2026-05-16 19:38:59,34,37,,,11.104,62.629
2026-05-16 19:43:54,34,37,,,10.975,63.265
2026-05-16 19:48:55,34,39,,,10.831,65.065
2026-05-16 19:53:55,37,40,,,10.708,64.521
2026-05-16 19:58:56,32,36,,,10.762,64.438
2026-05-16 20:03:56,43,51,,,10.599,65.384
2026-05-16 20:13:57,123,131,,,10.546,64.205
2026-05-16 20:18:59,38,44,,,10.484,64.781
2026-05-16 20:23:56,38,44,,,10.391,65.164
2026-05-16 20:29:05,62,76,,,10.329,66.126
2026-05-16 20:33:57,34,39,,,10.193,65.305
2026-05-16 20:38:56,65,76,,,10.035,65.839
2026-05-16 20:43:58,51,62,,,9.998,65.847
2026-05-16 20:48:57,57,73,,,9.875,66.383
2026-05-16 20:54:00,40,47,,,9.859,66.608
2026-05-16 20:58:57,37,41,,,9.774,67.226
2026-05-16 21:03:57,35,37,,,9.667,66.955
2026-05-16 21:08:59,36,40,,,9.603,67.154
2026-05-16 21:13:57,33,33,,,9.499,67.398
2026-05-16 21:18:58,35,39,,,9.424,67.768
2026-05-16 21:23:58,89,97,,,9.352,66.789
2026-05-16 21:28:58,50,60,,,9.387,66.324
2026-05-16 21:34:02,39,47,,,9.298,67.085
2026-05-16 21:38:59,32,36,,,9.285,67.466
2026-05-16 21:43:59,32,32,,,9.25,66.738
2026-05-16 21:49:00,36,43,,,9.245,66.934
2026-05-16 21:53:59,39,46,,,9.312,67.106
2026-05-16 21:59:02,44,52,,,9.339,67.394
2026-05-16 22:04:00,33,36,,,9.448,65.456
2026-05-16 22:09:01,46,53,,,9.512,66.662
2026-05-16 22:14:00,43,51,,,9.389,66.951
2026-05-16 22:19:00,46,55,,,9.266,67.808
2026-05-16 22:24:00,32,37,,,9.085,67.941
2026-05-16 22:29:00,37,43,,,8.981,68.237
2026-05-16 22:34:02,35,40,,,8.861,69.395
2026-05-16 22:39:04,30,30,,,8.687,70.68
2026-05-16 22:44:01,53,67,,,8.543,70.585
2026-05-16 22:49:01,37,41,,,8.383,70.724
2026-05-16 22:54:01,40,48,,,8.222,70.923
2026-05-16 22:59:02,46,54,,,8.089,71.771
2026-05-16 23:04:08,63,77,,,7.977,71.75
2026-05-16 23:09:03,52,66,,,7.883,72.124
2026-05-16 23:14:05,57,72,,,7.763,73.004
2026-05-16 23:19:05,42,49,,,7.632,72.828
2026-05-16 23:24:02,108,115,,,7.595,73.093
2026-05-16 23:29:05,66,81,,,7.563,73.402
2026-05-16 23:34:02,48,57,,,7.488,73.698
2026-05-16 23:39:03,55,69,,,7.312,73.982
2026-05-16 23:44:03,54,65,,,7.218,74.375
2026-05-16 23:49:03,60,73,,,7.111,74.463
2026-05-16 23:54:03,47,57,,,7.074,74.636
2026-05-16 23:59:03,46,56,,,6.973,75.292
2026-05-17 00:04:03,45,55,,,6.868,75.432
2026-05-17 00:09:04,45,57,,,6.831,75.897
2026-05-17 00:14:04,45,52,,,6.78,76.197
2026-05-17 00:19:05,42,50,,,6.818,75.792
2026-05-17 00:24:05,40,44,,,6.759,76.448
2026-05-17 00:29:04,65,82,,,6.748,76.271
2026-05-17 00:34:04,56,69,,,6.711,76.284
2026-05-17 00:39:05,53,65,,,6.62,77.131
2026-05-17 00:44:05,54,67,,,6.572,76.521
2026-05-17 00:49:05,48,57,,,6.524,76.04
2026-05-17 00:54:05,41,49,,,6.428,76.069
2026-05-17 00:59:05,39,44,,,6.342,76.622
2026-05-17 01:04:06,52,62,,,6.284,76.631
2026-05-17 01:09:06,48,59,,,6.294,77.639
2026-05-17 01:14:06,48,58,,,6.276,77.78
2026-05-17 01:19:06,47,57,,,6.318,77.188
2026-05-17 01:24:06,44,53,,,6.249,77.259
2026-05-17 01:29:07,40,47,,,6.292,76.954
2026-05-17 01:34:06,38,44,,,6.252,77.309
2026-05-17 01:39:07,44,51,,,6.011,77.589
2026-05-17 01:44:07,39,41,,,5.979,78.958
2026-05-17 01:49:07,41,49,,,5.985,78.27
2026-05-17 01:54:07,83,92,,,5.974,77.816
2026-05-17 01:59:07,47,58,,,6.017,78.213
2026-05-17 02:04:08,60,76,,,5.921,78.216
2026-05-17 02:09:07,38,42,,,5.888,78.44
2026-05-17 02:14:08,40,46,,,5.84,78.396
2026-05-17 02:19:08,40,45,,,5.653,79.044
2026-05-17 02:24:11,38,43,,,5.68,78.649
2026-05-17 02:29:08,47,56,,,5.645,78.556
2026-05-17 02:34:09,59,72,,,5.48,79.204
2026-05-17 02:39:09,44,55,,,5.448,79.403
2026-05-17 02:44:09,59,72,,,5.437,78.779
2026-05-17 02:49:09,47,59,,,5.32,79.277
2026-05-17 02:54:13,46,53,,,5.256,79.737
2026-05-17 02:59:10,50,64,,,5.301,79.91
2026-05-17 03:04:10,43,49,,,5.32,80.332
2026-05-17 03:09:11,42,47,,,5.357,80.145
2026-05-17 03:14:10,52,63,,,5.346,78.277
2026-05-17 03:19:10,55,67,,,5.4,77.711
2026-05-17 03:24:10,48,58,,,5.272,78.96
2026-05-17 03:29:10,42,48,,,5.224,79.214
2026-05-17 03:34:10,43,54,,,5.138,79.264
2026-05-17 03:39:11,43,54,,,5.154,78.894
2026-05-17 03:44:11,42,47,,,5.058,79.151
2026-05-17 03:49:11,42,50,,,5.069,80.727
2026-05-17 03:54:11,43,48,,,5.25,79.641
2026-05-17 03:59:11,46,56,,,5.256,79.38
2026-05-17 04:04:12,48,57,,,5.261,78.703
2026-05-17 04:09:12,43,50,,,5.125,78.73
2026-05-17 04:14:12,48,59,,,5.061,79.557
2026-05-17 04:19:12,43,50,,,5.058,80.36
2026-05-17 04:24:12,43,52,,,5.095,79.988
2026-05-17 04:29:13,44,50,,,5.093,79.43
2026-05-17 04:34:13,43,52,,,5.111,79.647
2026-05-17 04:39:12,43,51,,,5.018,79.66
2026-05-17 04:44:13,47,57,,,4.965,80.08
2026-05-17 04:49:13,48,59,,,4.943,78.751
2026-05-17 04:54:14,45,55,,,4.794,79.603
2026-05-17 04:59:13,43,48,,,4.681,80.467
2026-05-17 05:04:14,42,52,,,4.639,79.693
2026-05-17 05:09:14,47,57,,,4.495,79.725
2026-05-17 05:14:14,43,49,,,4.505,80.139
2026-05-17 05:19:14,44,52,,,4.521,80.9
2026-05-17 05:24:15,44,52,,,4.532,81.404
2026-05-17 05:29:15,44,56,,,4.54,81.821
2026-05-17 05:34:15,44,51,,,4.556,80.927
2026-05-17 05:39:15,44,52,,,4.529,81.041
2026-05-17 05:44:15,47,55,,,4.572,81.201
2026-05-17 05:49:15,48,58,,,4.465,80.183
2026-05-17 05:54:15,47,57,,,4.348,80.933
2026-05-17 05:59:16,46,55,,,4.342,81.419
2026-05-17 06:04:16,58,70,,,4.321,80.416
2026-05-17 06:09:16,71,86,,,4.238,81.268
2026-05-17 06:14:17,60,74,,,4.238,81.234
2026-05-17 06:19:18,59,73,,,4.238,81.16
2026-05-17 06:24:17,52,62,,,4.134,80.343
2026-05-17 06:29:17,112,118,,,4.081,81.119
2026-05-17 06:34:19,65,80,,,4.027,81.753
2026-05-17 06:39:17,50,62,,,4.038,81.352
2026-05-17 06:44:17,73,88,,,3.872,80.898
2026-05-17 06:49:18,51,62,,,3.771,81.053
2026-05-17 06:54:18,48,58,,,3.699,81.064
2026-05-17 06:59:18,47,58,,,3.656,80.696
2026-05-17 07:04:18,59,74,,,3.709,80.566
2026-05-17 07:09:18,58,72,,,3.613,80.589
2026-05-17 07:14:18,58,70,,,3.645,82.022
2026-05-17 07:19:18,52,63,,,3.635,81.669
2026-05-17 07:24:19,49,60,,,3.667,81.779
2026-05-17 07:29:19,50,60,,,3.709,82.22
2026-05-17 07:34:19,49,58,,,3.752,81.688
2026-05-17 07:39:19,49,59,,,3.595,82.134
2026-05-17 07:44:19,45,58,,,3.589,81.694
2026-05-17 07:49:19,45,56,,,3.499,81.987
2026-05-17 07:54:19,55,65,,,3.482,82.018
2026-05-17 07:59:20,48,56,,,3.547,82.54
2026-05-17 08:04:20,52,62,,,3.557,81.76
2026-05-17 08:09:20,54,65,,,3.579,81.921
2026-05-17 08:14:20,50,61,,,3.675,82.703
2026-05-17 08:19:20,54,65,,,3.856,82.746
2026-05-17 08:24:21,55,66,,,4.075,82.571
2026-05-17 08:29:21,52,64,,,4.326,82.888
2026-05-17 08:34:21,51,61,,,4.668,82.47
2026-05-17 08:39:21,50,62,,,5.095,82.746
2026-05-17 08:44:21,50,60,,,5.507,81.978
2026-05-17 08:49:22,48,60,,,5.902,80.215
2026-05-17 08:54:21,48,59,,,6.324,79.43
2026-05-17 08:59:22,46,57,,,6.735,78.804
2026-05-17 09:04:22,48,55,,,7.082,77.873
2026-05-17 09:09:22,48,57,,,7.555,74.89
2026-05-17 09:14:22,47,56,,,8.105,71.949
2026-05-17 09:19:22,53,66,,,8.497,71.604
2026-05-17 09:24:23,55,67,,,8.82,71.558
2026-05-17 09:29:22,49,60,,,9.237,71.192
2026-05-17 09:34:23,47,56,,,9.707,69.397
2026-05-17 09:39:23,48,58,,,10.23,67.106
2026-05-17 09:44:23,46,55,,,10.802,65.063
2026-05-17 09:49:24,43,50,,,11.379,63.49
2026-05-17 09:54:24,42,50,,,12.158,56.909
2026-05-17 09:59:24,44,56,,,12.631,54.363
2026-05-17 10:04:24,43,53,,,12.927,55.078
2026-05-17 10:09:27,44,52,,,13.259,53.894
2026-05-17 10:14:26,42,52,,,13.427,53.304
2026-05-17 10:19:24,46,56,,,14.097,52.305
2026-05-17 10:24:28,45,55,,,14.241,51.91
2026-05-17 10:29:25,43,53,,,14.628,49.669
2026-05-17 10:34:25,41,51,,,14.965,51.248
2026-05-17 10:39:25,42,49,,,15.36,48.463
2026-05-17 10:44:29,43,52,,,15.67,46.996
2026-05-17 10:49:25,41,49,,,15.825,47.363
2026-05-17 10:54:26,44,54,,,16.412,44.784
2026-05-17 10:59:26,42,50,,,16.551,43.844
2026-05-17 11:04:26,43,55,,,16.717,43.718
2026-05-17 11:09:27,43,53,,,17.232,41.242
2026-05-17 11:14:27,41,51,,,17.528,41.778
2026-05-17 11:19:27,42,51,,,17.902,40.517
2026-05-17 11:24:35,39,47,,,18.49,40.378
2026-05-17 11:29:27,40,51,,,18.869,38.89
2026-05-17 11:34:27,40,48,,,19.78,36.83
2026-05-17 11:39:27,40,48,,,19.993,34.789
2026-05-17 11:44:27,40,49,,,20.311,34.089
2026-05-17 11:49:29,41,48,,,20.818,32.76
2026-05-17 11:54:28,41,49,,,21.841,31.255
2026-05-17 11:59:28,37,45,,,21.163,32.422
2026-05-17 12:04:28,39,48,,,22.578,28.93
2026-05-17 12:09:28,39,47,,,22.866,29.285
2026-05-17 12:14:29,37,45,,,22.797,29.945
2026-05-17 12:19:32,36,45,,,22.055,30.547
2026-05-17 12:24:29,40,47,,,23.163,28.894
2026-05-17 12:29:29,35,40,,,23.387,28.297
2026-05-17 12:34:29,36,42,,,23.315,28.567
2026-05-17 12:39:29,36,41,,,23.657,29.769
2026-05-17 12:44:30,35,41,,,24.319,28.121
2026-05-17 12:54:30,35,39,,,23.74,29.561
2026-05-17 12:59:30,33,37,,,23.598,28.672
2026-05-17 13:04:30,35,41,,,24.295,29.071
2026-05-17 13:09:30,33,38,,,23.753,28.972
2026-05-17 13:14:31,34,39,,,24.33,28.268
2026-05-17 13:19:31,34,39,,,24.445,27.688
2026-05-17 13:24:31,33,36,,,24.941,27.192
2026-05-17 13:29:32,30,31,,,24.511,26.704
2026-05-17 13:34:32,29,30,,,24.949,26.555
2026-05-17 13:39:31,32,36,,,24.971,27.35
2026-05-17 13:44:32,30,35,,,25.163,25.556
2026-05-17 13:49:33,28,29,,,25.352,24.911
2026-05-17 13:54:32,32,35,,,25.809,25.174
2026-05-17 13:59:33,30,31,,,25.724,25.168
2026-05-17 14:04:33,30,30,,,26.1,23.864
2026-05-17 14:09:36,25,26,,,25.449,23.337
2026-05-17 14:14:33,24,24,,,25.577,23.255
2026-05-17 14:19:36,23,23,,,26.415,22.765
2026-05-17 14:24:33,24,25,,,26.341,23.894
2026-05-17 14:29:33,21,22,,,27.227,23.307
2026-05-17 14:34:34,23,25,,,26.848,23.511
2026-05-17 14:39:34,26,27,,,27.7,22.607
2026-05-17 14:44:34,23,24,,,27.288,22.199
2026-05-17 14:49:34,23,24,,,27.828,22.708
2026-05-17 14:54:36,26,29,,,27.983,22.737
2026-05-17 14:59:34,28,29,,,28.528,22.799
2026-05-17 15:04:48,28,30,,,28.25,22.55
2026-05-17 15:09:38,27,27,,,28.738,22.82
2026-05-17 15:14:35,28,28,,,28.196,23.215
2026-05-17 15:19:36,29,30,,,27.71,23.711
2026-05-17 15:24:36,29,29,,,27.969,23.259
2026-05-17 15:29:35,26,27,,,28.119,23.814
2026-05-17 15:34:37,30,30,,,28.247,23.921
2026-05-17 15:39:37,26,27,,,27.916,24.079
2026-05-17 15:44:47,25,28,,,27.457,23.917
2026-05-17 15:49:36,27,29,,,26.605,24.52
2026-05-17 15:54:40,27,28,,,25.772,24.331
2026-05-17 15:59:37,25,25,,,25.499,25.495
2026-05-17 16:04:44,18,19,,,24.872,25.668
2026-05-17 16:09:37,22,23,,,24.591,25.88
2026-05-17 16:14:45,23,24,,,24.215,26.097
2026-05-17 16:19:37,23,23,,,23.692,27.255
2026-05-17 16:24:38,26,28,,,23.478,28.981
2026-05-17 16:34:38,24,24,,,23.056,30.019
2026-05-17 16:39:38,32,35,,,22.698,30.952
2026-05-17 16:44:39,24,25,,,22.744,30.606
2026-05-17 16:49:39,29,30,,,22.479,31.776
2026-05-17 16:54:43,29,31,,,22.274,32.933
2026-05-17 16:59:39,25,27,,,22.033,32.306
2026-05-17 17:04:39,25,26,,,21.83,33.742
2026-05-17 17:09:39,22,24,,,21.286,38.783
2026-05-17 17:14:43,22,25,,,20.719,39.922
2026-05-17 17:19:41,21,21,,,20.348,41.448
2026-05-17 17:24:40,19,22,,,19.862,42.489
2026-05-17 17:29:43,24,25,,,19.248,43.126
2026-05-17 17:34:43,22,23,,,18.858,44.227
2026-05-17 17:39:40,21,21,,,18.292,45.333
2026-05-17 17:44:40,24,24,,,17.849,46.317
2026-05-17 17:49:41,23,23,,,17.288,47.267
2026-05-17 17:54:42,22,24,,,16.786,47.725
2026-05-17 17:59:41,23,23,,,16.305,48.578
2026-05-17 18:04:41,23,26,,,15.929,51.694
2026-05-17 18:09:42,24,25,,,15.598,51.717
2026-05-17 18:14:42,53,66,,,15.277,54.256
2026-05-17 18:19:42,26,27,,,14.994,53.663
2026-05-17 18:24:43,26,28,,,14.727,55.534
2026-05-17 18:29:45,28,29,,,14.431,56.49
2026-05-17 18:34:42,21,21,,,14.161,57.821
2026-05-17 18:39:43,23,23,,,14.012,57.935
2026-05-17 18:44:44,36,45,,,13.859,56.512
2026-05-17 18:49:43,57,68,,,13.678,57.958
2026-05-17 18:54:43,54,67,,,13.555,57.455
2026-05-17 18:59:46,35,40,,,13.464,56.612
2026-05-17 19:04:43,32,34,,,13.405,57.531
2026-05-17 19:09:51,28,29,,,13.197,57.716
2026-05-17 19:14:43,25,26,,,12.861,59.734
2026-05-17 19:19:44,31,36,,,12.636,60.606
2026-05-17 19:24:44,42,50,,,12.439,60.234
2026-05-17 19:29:45,28,28,,,12.284,59.763
2026-05-17 19:34:45,40,49,,,12.126,58.734
2026-05-17 19:39:45,55,68,,,12.081,59.639
2026-05-17 19:44:46,47,55,,,12.081,58.544
2026-05-17 19:49:45,26,28,,,11.934,59.145
2026-05-17 19:54:46,27,29,,,11.905,58.782
2026-05-17 19:59:46,24,25,,,11.838,58.944
2026-05-17 20:04:46,26,26,,,11.833,59.248
2026-05-17 20:09:46,25,25,,,11.742,59.469
2026-05-17 20:14:46,25,26,,,11.608,60.958
2026-05-17 20:19:46,21,21,,,11.421,62.185
2026-05-17 20:24:46,25,26,,,11.213,62.652
2026-05-17 20:29:46,21,25,,,10.946,63.652
2026-05-17 20:34:47,21,24,,,10.746,64.684
2026-05-17 20:39:51,21,23,,,10.444,65.426
2026-05-17 20:44:47,25,28,,,10.244,65.49
2026-05-17 20:50:05,25,26,,,10.084,65.494
2026-05-17 20:54:50,25,26,,,9.977,64.209
2026-05-17 20:59:48,22,24,,,9.907,64.127
2026-05-17 21:04:48,22,24,,,9.867,65.17
2026-05-17 21:09:48,25,25,,,9.867,65.368
2026-05-17 21:14:48,25,25,,,9.867,65.723
2026-05-17 21:19:48,22,24,,,9.747,66.898
2026-05-17 21:24:48,24,24,,,9.667,66.089
2026-05-17 21:29:48,22,22,,,9.555,67.419
2026-05-17 21:34:49,38,42,,,9.379,69.542
2026-05-17 21:39:48,51,63,,,9.285,68.701
2026-05-17 21:44:50,46,55,,,9.096,68.638
2026-05-17 21:49:49,47,55,,,9.015,67.445
2026-05-17 21:54:50,114,123,,,8.954,67.157
2026-05-17 21:59:49,38,42,,,8.925,66.517
2026-05-17 22:04:50,45,53,,,8.871,67.167
2026-05-17 22:09:51,28,28,,,8.815,67.205
2026-05-17 22:14:51,32,38,,,8.767,68.714
2026-05-17 22:19:50,24,26,,,8.623,69.097
2026-05-17 22:24:51,29,29,,,8.481,69.452
2026-05-17 22:29:54,33,38,,,8.439,69.706
2026-05-17 22:34:51,50,60,,,8.182,70.652
2026-05-17 22:39:51,51,62,,,8.089,70.432
2026-05-17 22:44:51,30,30,,,8.057,69.549
2026-05-17 22:49:51,44,53,,,8.03,68.598
2026-05-17 22:54:52,34,34,,,7.966,68.613
2026-05-17 22:59:52,29,29,,,8.03,69.328
2026-05-17 23:04:52,34,34,,,7.931,69.477
2026-05-17 23:14:52,34,38,,,8.033,66.669
2026-05-17 23:19:52,33,33,,,7.851,70.032
2026-05-17 23:24:53,34,35,,,7.723,70.244
2026-05-17 23:29:52,49,63,,,7.624,69.071
2026-05-17 23:34:53,41,52,,,7.512,68.849
2026-05-17 23:39:52,38,43,,,7.456,67.6
2026-05-17 23:44:54,31,31,,,7.718,67.783
2026-05-17 23:49:53,27,29,,,7.913,67.14
2026-05-17 23:54:55,27,29,,,7.854,68.281
2026-05-17 23:59:54,27,28,,,7.774,68.743
2026-05-18 00:04:54,30,30,,,7.726,68.205
2026-05-18 00:09:54,33,33,,,7.752,68.537
2026-05-18 00:14:54,25,26,,,7.523,68.578
2026-05-18 00:19:54,51,61,,,7.453,66.007
2026-05-18 00:24:54,41,49,,,7.453,65.702
2026-05-18 00:29:54,26,26,,,7.499,66.53
2026-05-18 00:34:55,22,25,,,7.509,66.736
2026-05-18 00:39:55,23,23,,,7.488,67.789
2026-05-18 00:44:55,27,27,,,7.264,68.599
2026-05-18 00:49:55,22,23,,,7.05,69.431
2026-05-18 00:54:55,38,44,,,7.061,69.986
2026-05-18 00:59:55,25,26,,,6.933,70.259
2026-05-18 01:04:56,21,22,,,6.804,70.646
2026-05-18 01:09:56,18,21,,,6.671,70.524
2026-05-18 01:14:56,26,28,,,6.671,69.435
2026-05-18 01:19:56,22,23,,,6.569,68.636
2026-05-18 01:24:56,34,36,,,6.644,69.315
2026-05-18 01:29:56,16,17,,,6.543,69.761
2026-05-18 01:34:57,26,28,,,6.612,67.323
2026-05-18 01:39:57,29,29,,,6.676,69.313
2026-05-18 01:44:57,18,18,,,6.644,66.398
2026-05-18 01:49:57,22,22,,,6.655,66.574
2026-05-18 01:54:58,14,15,,,6.377,69.565
2026-05-18 01:59:57,20,21,,,6.361,69.631
2026-05-18 02:04:58,35,39,,,6.131,69.561
2026-05-18 02:09:58,31,33,,,5.993,68.474
2026-05-18 02:14:58,26,28,,,5.982,68.096
2026-05-18 02:19:58,24,26,,,5.945,68.386
2026-05-18 02:24:59,29,31,,,5.8,70.087
2026-05-18 02:29:58,26,29,,,5.624,70.364
2026-05-18 02:34:59,22,24,,,5.56,70.631
2026-05-18 02:39:59,24,24,,,5.443,71.176
2026-05-18 02:44:59,19,20,,,5.208,72.235
2026-05-18 02:49:59,9,10,,,5.09,72.323
2026-05-18 02:55:00,9,11,,,4.973,73.206
2026-05-18 03:00:00,13,14,,,4.898,72.449
2026-05-18 03:05:00,13,13,,,4.919,72.05
2026-05-18 03:10:00,11,13,,,4.962,71.708
2026-05-18 03:15:00,8,11,,,4.989,71.543
2026-05-18 03:20:00,9,9,,,5.01,71.354
2026-05-18 03:25:01,8,9,,,5.085,72.065
2026-05-18 03:30:00,10,10,,,5.135,72.723
2026-05-18 03:35:01,10,10,,,5.178,72.655
2026-05-18 03:40:01,7,8,,,5.098,73.425
2026-05-18 03:45:01,9,11,,,4.991,73.253
2026-05-18 03:50:01,10,10,,,4.932,73.156
2026-05-18 03:55:01,8,8,,,4.762,73.505
2026-05-18 04:00:02,8,8,,,4.66,73.568
2026-05-18 04:05:02,8,9,,,4.521,74.198
2026-05-18 04:10:02,8,9,,,4.479,73.797
2026-05-18 04:15:02,8,8,,,4.476,73.587
2026-05-18 04:20:02,10,10,,,4.369,73.345
2026-05-18 04:25:02,8,9,,,4.268,73.198
2026-05-18 04:30:02,9,9,,,4.3,73.864
2026-05-18 04:35:03,11,15,,,4.268,74.915
2026-05-18 04:40:03,6,7,,,4.161,74.926
2026-05-18 04:45:03,8,8,,,4.059,75.004
2026-05-18 04:50:03,8,8,,,3.926,75.249
2026-05-18 04:55:03,11,11,,,3.808,75.046
2026-05-18 05:00:04,7,7,,,3.723,74.621
2026-05-18 05:05:03,7,7,,,3.621,74.535
2026-05-18 05:10:04,6,6,,,3.664,73.898
2026-05-18 05:15:04,11,11,,,3.787,73.721
2026-05-18 05:20:04,10,10,,,3.792,74.386
2026-05-18 05:25:05,11,13,,,3.728,74.575
2026-05-18 05:30:04,9,13,,,3.621,74.379
2026-05-18 05:35:05,11,11,,,3.493,75.83
2026-05-18 05:40:05,8,8,,,3.466,75.731
2026-05-18 05:45:06,7,8,,,3.434,76.017
2026-05-18 05:50:05,6,6,,,3.37,75.838
2026-05-18 05:55:06,7,7,,,3.274,76.174
2026-05-18 06:00:06,6,6,,,3.266,75.497
2026-05-18 06:05:06,7,7,,,3.336,75.477
2026-05-18 06:10:06,7,10,,,3.464,76.656
2026-05-18 06:15:06,8,11,,,3.56,73.976
2026-05-18 06:20:06,7,7,,,3.405,75.432
2026-05-18 06:25:07,6,6,,,3.426,75.821
2026-05-18 06:30:06,7,8,,,3.384,75.104
2026-05-18 06:35:07,6,6,,,3.384,75.453
2026-05-18 06:40:07,8,8,,,3.274,74.461
2026-05-18 06:45:07,6,10,,,3.221,74.531
2026-05-18 06:50:07,6,7,,,3.312,73.307
2026-05-18 06:55:08,6,6,,,3.162,74.837
2026-05-18 07:00:08,7,7,,,3.018,74.52
2026-05-18 07:05:08,6,6,,,2.959,74.158
2026-05-18 07:10:08,6,7,,,2.991,74.821
2026-05-18 07:15:08,7,7,,,3.087,74.634
2026-05-18 07:20:08,27,30,,,3.045,73.345
2026-05-18 07:25:09,8,10,,,3.167,73.219
2026-05-18 07:30:09,10,10,,,3.015,73.746
2026-05-18 07:35:09,13,18,,,2.972,74.148
2026-05-18 07:40:09,10,10,,,2.956,73.347
2026-05-18 07:45:10,10,10,,,2.727,74.207
2026-05-18 07:50:10,31,33,,,2.959,74.417
2026-05-18 07:55:10,11,14,,,3.031,73.175
2026-05-18 08:00:13,8,8,,,2.962,74.362
2026-05-18 08:05:10,7,7,,,2.852,74.518
2026-05-18 08:10:11,10,10,,,2.916,75.262
2026-05-18 08:15:10,8,11,,,3.085,77.055
2026-05-18 08:20:10,10,11,,,3.159,74.419
2026-05-18 08:25:10,11,11,,,3.17,75.523
2026-05-18 08:30:11,6,7,,,3.448,75.809
2026-05-18 08:35:11,7,8,,,3.886,75.371
2026-05-18 08:40:11,5,5,,,4.398,74.619
2026-05-18 08:45:13,5,6,,,5.002,72.286
2026-05-18 08:50:12,6,6,,,5.576,71.844
2026-05-18 08:55:13,28,31,,,6.142,69.938
2026-05-18 09:00:12,20,20,,,6.858,67.966
2026-05-18 09:05:12,29,32,,,7.333,68.428
2026-05-18 09:10:12,21,22,,,7.787,68.26
2026-05-18 09:15:12,104,113,,,8.166,65.513
2026-05-18 09:20:13,99,103,,,8.77,60.84
2026-05-18 09:25:14,23,27,,,9.424,57.937
2026-05-18 09:30:13,19,20,,,9.833,57.304
2026-05-18 09:35:13,9,12,,,10.34,57.474
2026-05-18 09:40:13,6,6,,,10.869,56.23
2026-05-18 09:45:14,6,7,,,11.574,50.687
2026-05-18 09:50:14,21,21,,,12.273,52.646
2026-05-18 09:55:14,12,12,,,12.994,45.215
2026-05-18 10:00:14,11,11,,,13.347,44.694
2026-05-18 10:05:17,11,12,,,13.742,47.365
2026-05-18 10:10:14,11,14,,,14.223,46.373
2026-05-18 10:15:15,9,9,,,14.666,43.298
2026-05-18 10:20:15,19,23,,,15.197,43.849
2026-05-18 10:25:15,15,19,,,15.761,37.147
2026-05-18 10:30:16,14,17,,,16.279,35.554
2026-05-18 10:35:15,15,18,,,16.671,33.521
2026-05-18 10:40:15,7,7,,,17.077,31.919
2026-05-18 10:45:16,7,7,,,17.67,31.808
2026-05-18 10:50:16,9,9,,,18.241,31.219
2026-05-18 10:55:17,8,8,,,18.402,31.789
2026-05-18 11:00:16,6,6,,,18.5,29.96
2026-05-18 11:05:17,5,5,,,18.957,26.918
2026-05-18 11:10:16,6,6,,,19.069,28.682
2026-05-18 11:15:19,5,5,,,19.731,30.866
2026-05-18 11:20:17,5,5,,,20.535,27.545
2026-05-18 11:25:17,4,4,,,20.904,24.701
2026-05-18 11:30:17,5,5,,,22.041,24.013
2026-05-18 11:35:17,4,4,,,22.436,23.391
2026-05-18 11:40:19,3,4,,,22.896,22.515
2026-05-18 11:45:18,6,6,,,22.757,24.146
2026-05-18 11:50:18,4,4,,,22.984,22.964
2026-05-18 11:55:19,5,5,,,23.379,22.882
2026-05-18 12:00:18,7,7,,,24.06,23.358
2026-05-18 12:05:19,6,7,,,23.905,21.873
2026-05-18 12:10:19,5,5,,,25.064,21.48
2026-05-18 12:15:19,4,5,,,25.011,21.565
2026-05-18 12:20:19,4,6,,,25.507,19.956
2026-05-18 12:25:19,2,2,,,25.769,18.899
2026-05-18 12:30:19,4,5,,,24.77,19.465
2026-05-18 12:35:19,4,7,,,25.951,20.251
2026-05-18 12:40:20,4,5,,,26.511,19.391
2026-05-18 12:45:21,5,5,,,26.511,19.938
2026-05-18 12:50:20,4,4,,,26.904,18.201
2026-05-18 12:55:20,4,4,,,26.26,18.701
2026-05-18 13:00:20,4,5,,,26.976,17.747
2026-05-18 13:05:20,2,2,,,27.2,17.697
2026-05-18 13:10:21,4,5,,,27.457,17.449
2026-05-18 13:15:21,6,6,,,27.323,15.519
2026-05-18 13:20:21,2,3,,,27.569,15.21
2026-05-18 13:25:21,3,4,,,28.17,16.932
2026-05-18 13:30:22,3,4,,,28.055,17.367
2026-05-18 13:35:22,2,2,,,28.18,16.62
2026-05-18 13:40:23,2,3,,,28.186,16.992
2026-05-18 13:45:22,2,2,,,27.7,17.251
2026-05-18 13:50:22,4,4,,,28.271,17.104
2026-05-18 13:55:22,2,2,,,27.929,18.392
2026-05-18 14:00:23,1,1,,,28.816,14.571
2026-05-18 14:05:23,1,1,,,28.538,14.529
2026-05-18 14:10:23,1,1,,,28.776,15.294
2026-05-18 14:15:23,0,0,,,28.658,15.393
2026-05-18 14:20:24,2,2,,,29.441,15.117
2026-05-18 14:25:23,2,2,,,29.206,14.886
2026-05-18 14:30:24,3,3,,,29.964,15.387
2026-05-18 14:35:24,4,4,,,29.15,15.483
2026-05-18 14:40:27,6,6,,,29.47,16.677
2026-05-18 14:45:24,6,7,,,29.401,18.151
2026-05-18 14:50:25,6,6,,,29.54,17.625
2026-05-18 14:55:26,8,8,,,29.443,17.73
2026-05-18 15:00:25,6,7,,,30.343,17.304
2026-05-18 15:05:25,6,6,,,30.207,17.369
2026-05-18 15:10:30,7,8,,,29.641,18.474
2026-05-18 15:15:25,7,7,,,30.549,18.006
2026-05-18 15:20:26,2,2,,,29.903,17.19
2026-05-18 15:25:26,2,3,,,30.541,16.543
2026-05-18 15:30:27,3,3,,,30.1,16.654
2026-05-18 15:35:26,3,3,,,30.642,16.53
2026-05-18 15:40:30,1,2,,,29.286,16.688
2026-05-18 15:45:28,3,3,,,29.521,18.367
2026-05-18 15:50:27,5,6,,,28.64,19.269
2026-05-18 15:55:30,4,5,,,28.106,19.942
2026-05-18 16:00:27,5,5,,,27.652,20.511
2026-05-18 16:05:28,6,6,,,26.859,21.083
2026-05-18 16:10:35,3,3,,,26.656,21.222
2026-05-18 16:15:27,6,6,,,26.378,21.76
2026-05-18 16:20:28,3,3,,,25.919,21.033
2026-05-18 16:25:28,5,6,,,25.587,21.668
2026-05-18 16:30:41,5,5,,,25.374,21.93
2026-05-18 16:35:29,4,4,,,24.979,23.494
2026-05-18 16:40:29,6,6,,,24.717,24.055
2026-05-18 16:45:36,3,3,,,24.391,23.503
2026-05-18 16:50:29,5,6,,,24.17,24.31
2026-05-18 16:55:29,5,6,,,23.761,30.322
2026-05-18 17:00:29,4,4,,,23.323,31.823
2026-05-18 17:05:30,3,3,,,22.832,32.703
2026-05-18 17:10:33,6,6,,,22.351,33.807
2026-05-18 17:15:30,3,4,,,21.854,34.553
2026-05-18 17:20:30,2,2,,,21.323,34.15
2026-05-18 17:25:30,3,3,,,20.741,35.123
2026-05-18 17:30:30,4,4,,,20.039,36.037
2026-05-18 17:35:34,2,3,,,19.488,36.077
2026-05-18 17:40:30,5,5,,,18.994,37.519
2026-05-18 17:45:38,3,3,,,18.332,38.961
2026-05-18 17:50:31,3,3,,,17.916,39.729
2026-05-18 17:55:34,4,4,,,17.472,40.853
2026-05-18 18:00:31,5,5,,,17.064,41.299
2026-05-18 18:05:35,3,3,,,16.754,43.006
2026-05-18 18:10:32,5,5,,,16.418,47.34
2026-05-18 18:15:35,23,23,,,16.188,45.614
2026-05-18 18:20:32,2,3,,,16.012,42.014
2026-05-18 18:25:32,4,4,,,15.862,43.235
2026-05-18 18:30:33,4,4,,,15.632,45.902
2026-05-18 18:35:33,3,3,,,15.397,46.163
2026-05-18 18:40:33,4,4,,,15.381,44.742
2026-05-18 18:45:33,4,4,,,15.195,42.919
2026-05-18 18:50:33,3,3,,,15.029,43.752
2026-05-18 18:55:34,5,5,,,14.799,44.553
2026-05-18 19:00:33,39,47,,,14.484,45.738
2026-05-18 19:05:34,2,4,,,14.26,45.949
2026-05-18 19:10:37,33,35,,,13.958,46.316
2026-05-18 19:15:34,9,11,,,13.734,48.059
2026-05-18 19:20:35,6,7,,,13.397,49.554
2026-05-18 19:25:34,13,13,,,13.069,50.937
2026-05-18 19:30:35,6,7,,,12.943,48.532
2026-05-18 19:35:35,9,9,,,12.917,48.818
2026-05-18 19:40:35,7,8,,,12.719,50.722
2026-05-18 19:45:37,6,6,,,12.578,52.494
2026-05-18 19:50:36,15,16,,,12.228,53.363
2026-05-18 19:55:38,6,8,,,12.089,53.787
2026-05-18 20:00:36,14,16,,,11.942,54.281
2026-05-18 20:05:40,6,6,,,11.793,55.349
2026-05-18 20:10:37,4,4,,,11.518,57.178
2026-05-18 20:15:36,8,8,,,11.253,58.164
2026-05-18 20:20:37,7,8,,,11.021,58.305
2026-05-18 20:25:38,29,31,,,10.767,59.175
2026-05-18 20:30:37,12,15,,,10.604,57.195
2026-05-18 20:35:40,20,20,,,10.54,57.872
2026-05-18 20:40:37,20,20,,,10.468,58.549
2026-05-18 20:45:40,5,6,,,10.393,57.966
2026-05-18 20:50:38,5,5,,,10.238,58.332
2026-05-18 20:55:38,64,77,,,10.1,60.175
2026-05-18 21:00:37,7,8,,,9.913,61.376
2026-05-18 21:05:38,4,5,,,9.646,62.246
2026-05-18 21:10:38,6,6,,,9.501,62.385
2026-05-18 21:16:12,22,24,,,9.357,62.101
2026-05-18 21:20:38,19,20,,,9.237,61.823
2026-05-18 21:25:41,5,5,,,9.152,60.331
2026-05-18 21:30:39,6,7,,,9.093,59.618
2026-05-18 21:35:39,5,5,,,9.031,60.125
2026-05-18 21:40:39,7,7,,,9.002,60.033
2026-05-18 21:45:41,4,4,,,9.088,60.157
2026-05-18 21:50:39,4,4,,,8.949,63.617
2026-05-18 21:55:39,8,8,,,8.796,64.392
2026-05-18 22:05:41,21,21,,,8.5,63.644
2026-05-18 22:10:40,21,25,,,8.433,62.791
2026-05-18 22:15:40,15,19,,,8.337,62.883
2026-05-18 22:20:41,7,9,,,8.273,62.803
2026-05-18 22:25:41,7,7,,,8.102,63.165
2026-05-18 22:30:41,8,8,,,8.001,63.917
2026-05-18 22:35:41,6,6,,,7.902,64.336
2026-05-18 22:40:41,36,37,,,7.752,64.96
2026-05-18 22:45:43,32,33,,,7.539,65.632
2026-05-18 22:50:41,34,34,,,7.395,65.315
2026-05-18 22:55:45,47,58,,,7.301,65.355
2026-05-18 23:00:42,26,28,,,7.162,65.731
2026-05-18 23:05:45,7,7,,,7.039,65.389
2026-05-18 23:10:42,4,5,,,6.975,65.191
2026-05-18 23:15:42,4,5,,,6.906,65.609
2026-05-18 23:20:42,5,5,,,6.783,65.389
2026-05-18 23:25:46,5,8,,,6.863,64.575
2026-05-18 23:30:43,9,9,,,6.842,66.32
2026-05-18 23:35:43,8,8,,,6.735,67.823
2026-05-18 23:40:43,5,7,,,6.529,67.886
2026-05-18 23:45:43,5,5,,,6.369,68.081
2026-05-18 23:50:44,151,163,,,6.294,68.264
2026-05-18 23:55:46,20,26,,,6.281,68.641
2026-05-19 00:00:44,26,28,,,6.23,69.067
2026-05-19 00:05:44,58,73,,,6.067,69.109
2026-05-19 00:10:44,5,5,,,6.003,69.124
2026-05-19 00:15:44,60,74,,,6.035,67.539
2026-05-19 00:20:44,40,46,,,5.987,67.301
2026-05-19 00:25:45,16,17,,,5.977,66.496
2026-05-19 00:30:45,43,48,,,6.102,66.33
2026-05-19 00:35:45,66,83,,,6.182,65.006
2026-05-19 00:40:45,50,62,,,6.364,64.756
2026-05-19 00:45:46,126,140,,,6.342,66.488
2026-05-19 00:50:45,73,89,,,6.316,66.644
2026-05-19 00:55:46,17,19,,,6.3,65.777
2026-05-19 01:00:46,44,54,,,6.145,67.266
2026-05-19 01:05:46,39,45,,,6.033,66.095
2026-05-19 01:10:46,18,18,,,5.974,63.413
2026-05-19 01:15:47,6,7,,,6.107,64.909
2026-05-19 01:20:46,16,17,,,6.081,65.872
2026-05-19 01:25:47,43,51,,,6.043,66.147
2026-05-19 01:30:47,19,20,,,5.985,66.181
2026-05-19 01:35:47,43,51,,,5.808,66.704
2026-05-19 01:40:47,6,6,,,5.723,67.253
2026-05-19 01:45:47,6,7,,,5.718,66.925
2026-05-19 01:50:47,13,13,,,5.659,67.239
2026-05-19 01:55:48,24,26,,,5.504,67.404
2026-05-19 02:00:48,8,8,,,5.435,67.743
2026-05-19 02:06:00,10,10,,,5.248,67.863
2026-05-19 02:10:48,6,6,,,5.109,67.657
2026-05-19 02:15:49,6,6,,,5.023,67.581
2026-05-19 02:20:48,9,10,,,4.967,65.58
2026-05-19 02:25:49,15,17,,,4.908,65.122
2026-05-19 02:30:49,18,20,,,4.908,64.085
2026-05-19 02:35:49,14,15,,,4.94,64.939
2026-05-19 02:40:49,7,7,,,4.908,67.173
2026-05-19 02:45:49,16,18,,,4.839,68.142
2026-05-19 02:50:50,30,31,,,4.716,67.388
2026-05-19 02:55:49,3,4,,,4.604,68.609
2026-05-19 03:00:50,2,2,,,4.492,69.216
2026-05-19 03:05:50,30,33,,,4.438,69.307
2026-05-19 03:10:50,2,2,,,4.406,69.248
2026-05-19 03:15:50,20,22,,,4.476,68.447
2026-05-19 03:20:51,7,8,,,4.433,69.608
2026-05-19 03:25:51,7,7,,,4.39,70.402
2026-05-19 03:30:51,6,6,,,4.273,70.537
2026-05-19 03:35:51,6,6,,,4.246,70.011
2026-05-19 03:40:51,6,6,,,4.214,70.686
2026-05-19 03:45:51,8,8,,,4.107,70.497
2026-05-19 03:50:52,6,6,,,3.958,70.583
2026-05-19 03:55:52,15,15,,,3.915,70.995
2026-05-19 04:00:52,17,18,,,3.947,70.806
2026-05-19 04:05:52,6,6,,,3.782,71.075
2026-05-19 04:10:52,8,8,,,3.717,71.176
2026-05-19 04:15:52,1,1,,,3.637,70.949
2026-05-19 04:20:53,10,11,,,3.584,71.058
2026-05-19 04:25:53,28,32,,,3.643,70.652
2026-05-19 04:30:53,29,29,,,3.504,70.301
2026-05-19 04:35:53,6,6,,,3.45,70.226
2026-05-19 04:40:53,34,35,,,3.44,70.993
2026-05-19 04:45:53,3,5,,,3.429,72.51
2026-05-19 04:50:54,25,28,,,3.306,72.794
2026-05-19 04:55:54,8,8,,,3.264,72.637
2026-05-19 05:00:54,2,2,,,3.125,72.456
2026-05-19 05:05:54,0,0,,,3.093,72.456
2026-05-19 05:10:54,2,2,,,3.141,72.555
2026-05-19 05:15:54,10,10,,,3.157,70.869
2026-05-19 05:20:55,24,25,,,3.178,71.985
2026-05-19 05:25:55,9,9,,,3.207,71.525
2026-05-19 05:30:55,2,2,,,3.277,71.625
2026-05-19 05:35:55,0,1,,,3.178,72.269
2026-05-19 05:40:56,20,21,,,3.018,71.697
2026-05-19 05:45:56,1,1,,,2.975,72.738
2026-05-19 05:50:55,1,1,,,2.89,72.883
2026-05-19 05:55:56,5,5,,,2.82,73.269
2026-05-19 06:00:56,14,14,,,2.863,73.517
2026-05-19 06:05:56,6,6,,,2.762,73.03
2026-05-19 06:10:56,2,2,,,2.585,73.667
2026-05-19 06:15:57,2,2,,,2.559,73.166
2026-05-19 06:20:57,7,7,,,2.561,71.926
2026-05-19 06:25:56,6,6,,,2.631,72.222
2026-05-19 06:30:57,5,5,,,2.721,71.197
2026-05-19 06:35:57,5,5,,,2.802,71.333
2026-05-19 06:40:57,36,37,,,2.86,71.79
2026-05-19 06:45:58,33,33,,,2.871,70.501
2026-05-19 06:50:57,16,16,,,2.823,70.77
2026-05-19 06:55:58,7,7,,,2.844,71.096
2026-05-19 07:00:58,54,64,,,2.839,71.358
2026-05-19 07:05:58,2,2,,,2.727,72.523
2026-05-19 07:10:58,6,7,,,2.631,72.433
2026-05-19 07:15:59,0,0,,,2.492,72.775
2026-05-19 07:20:58,1,1,,,2.43,72.815
2026-05-19 07:25:59,0,0,,,2.494,73.273
2026-05-19 07:30:59,0,0,,,2.43,73.702
2026-05-19 07:35:59,1,1,,,2.468,73.641
2026-05-19 07:40:59,0,1,,,2.377,73.108
2026-05-19 07:46:00,0,0,,,2.414,72.78
2026-05-19 07:51:00,0,1,,,2.481,72.935
2026-05-19 07:56:00,1,1,,,2.476,73.242
2026-05-19 08:01:00,71,88,,,2.449,74.056
2026-05-19 08:06:00,38,39,,,2.417,72.737
2026-05-19 08:11:01,21,21,,,2.492,73.208
2026-05-19 08:16:01,38,39,,,2.497,69.427
2026-05-19 08:21:01,25,28,,,2.596,70.205
2026-05-19 08:26:01,9,10,,,2.628,71.981
2026-05-19 08:31:01,9,9,,,2.732,71.173
2026-05-19 08:36:01,6,7,,,3.042,70.562
2026-05-19 08:41:02,5,5,,,3.496,69.887
2026-05-19 08:46:02,6,6,,,3.891,69.256
2026-05-19 08:51:02,5,6,,,4.329,68.384
2026-05-19 08:56:02,9,11,,,4.866,65.509
2026-05-19 09:01:02,7,8,,,5.41,67.564
2026-05-19 09:06:02,7,7,,,5.923,61.332
2026-05-19 09:11:02,10,13,,,6.628,57.943
2026-05-19 09:16:03,13,15,,,7.087,56.453
2026-05-19 09:21:03,10,14,,,7.509,56.356
2026-05-19 09:26:03,12,13,,,7.931,57.199
2026-05-19 09:31:03,30,30,,,8.294,56.715
2026-05-19 09:36:04,21,23,,,8.85,56.852
2026-05-19 09:41:03,9,9,,,9.683,47.958
2026-05-19 09:46:04,7,7,,,10.537,43.737
2026-05-19 09:51:03,6,7,,,11.136,40.86
2026-05-19 09:56:04,7,8,,,11.531,40.981
2026-05-19 10:01:04,8,9,,,12.132,40
2026-05-19 10:06:05,21,23,,,12.612,38.196
2026-05-19 10:11:05,7,8,,,13.181,36.004
2026-05-19 10:16:06,6,6,,,13.742,32.397
2026-05-19 10:21:05,8,8,,,14.292,32.745
2026-05-19 10:26:05,9,9,,,14.837,34.583
2026-05-19 10:31:06,9,11,,,15.146,33.088
2026-05-19 10:36:06,12,14,,,15.686,32.354
2026-05-19 10:41:05,15,18,,,15.814,32.71
2026-05-19 10:46:07,9,9,,,16.522,28.472
2026-05-19 10:51:05,10,10,,,16.765,28.007
2026-05-19 10:56:06,19,20,,,16.973,29.29
2026-05-19 11:01:06,9,13,,,17.459,28.373
2026-05-19 11:06:06,6,7,,,17.683,25.907
2026-05-19 11:11:06,9,9,,,18.079,26.118
2026-05-19 11:16:07,11,13,,,18.655,26.002
2026-05-19 11:21:07,14,14,,,19.432,26.74
2026-05-19 11:26:07,7,7,,,20.057,22.954
2026-05-19 11:31:08,6,6,,,20.468,22.273
2026-05-19 11:36:07,5,5,,,21.211,22.595
2026-05-19 11:41:08,8,8,,,21.814,21.935
2026-05-19 11:46:07,6,7,,,22.428,21.802
2026-05-19 11:51:08,3,3,,,22.906,18.847
2026-05-19 11:56:08,4,5,,,23.211,20.919
2026-05-19 12:01:08,6,6,,,22.805,20.709
2026-05-19 12:06:08,7,8,,,23.157,22.78
2026-05-19 12:11:09,7,9,,,23.595,22.75
2026-05-19 12:16:09,8,8,,,23.531,23.679
2026-05-19 12:21:09,5,5,,,23.521,22.725
2026-05-19 12:26:09,5,5,,,23.681,22.006
2026-05-19 12:31:09,6,6,,,23.638,20.705
2026-05-19 12:36:09,5,6,,,24.463,20.392
2026-05-19 12:41:10,4,4,,,24.188,20.888
2026-05-19 12:46:09,6,7,,,24.335,20.98
2026-05-19 12:51:11,4,4,,,24.976,20.047
2026-05-19 12:56:10,9,9,,,24.776,19.584
2026-05-19 13:01:11,4,4,,,24.877,16.99
2026-05-19 13:06:11,4,4,,,24.987,19.202
2026-05-19 13:11:14,4,4,,,25.099,16.267
2026-05-19 13:16:10,6,6,,,25.417,19.229
2026-05-19 13:21:11,5,5,,,25.518,19.719
2026-05-19 13:26:11,5,5,,,25.259,20.472
2026-05-19 13:31:11,11,12,,,24.752,20.995
2026-05-19 13:36:12,11,11,,,25.109,21.056
2026-05-19 13:41:12,11,14,,,25.211,21.441
2026-05-19 13:46:12,11,13,,,24.928,21.298
2026-05-19 13:51:12,10,10,,,25.47,20.612
2026-05-19 13:56:12,8,10,,,25.844,20.097
2026-05-19 14:01:12,7,7,,,25.78,19.776
2026-05-19 14:06:15,8,8,,,26.095,19.849
2026-05-19 14:11:12,8,8,,,26.314,20.617
2026-05-19 14:16:13,7,7,,,26.383,20.255
2026-05-19 14:21:13,8,8,,,26.575,20.179
2026-05-19 14:26:13,9,9,,,26.447,20.04
2026-05-19 14:31:13,9,9,,,26.629,19.202
2026-05-19 14:36:14,7,7,,,26.618,19.277
2026-05-19 14:41:13,10,11,,,26.776,19.204
2026-05-19 14:46:14,8,8,,,27.219,18.989
2026-05-19 14:51:14,13,14,,,27.222,19.301
2026-05-19 14:56:15,11,12,,,27.686,19.635
2026-05-19 15:01:14,10,12,,,28.188,19.452
2026-05-19 15:06:15,11,12,,,27.831,19
2026-05-19 15:16:18,11,11,,,28.479,19.275
2026-05-19 15:21:15,13,13,,,28.226,19.49
2026-05-19 15:26:15,13,14,,,28.552,20.354
2026-05-19 15:31:16,14,15,,,28.584,20.318
2026-05-19 15:36:19,18,18,,,28.482,19.969
2026-05-19 15:41:16,17,18,,,27.708,20.93
2026-05-19 15:46:17,14,14,,,25.983,21.31
2026-05-19 15:51:17,18,19,,,26.071,22.454
2026-05-19 15:56:17,19,19,,,25.262,23.652
2026-05-19 16:01:45,24,24,,,24.909,22.946
2026-05-19 16:06:19,24,25,,,24.418,25.46
2026-05-19 16:11:17,24,24,,,24.14,25.775
2026-05-19 16:16:22,24,25,,,23.59,26.103
2026-05-19 16:21:18,25,27,,,23.323,27.349
2026-05-19 16:26:19,25,26,,,23.067,27.751
2026-05-19 16:31:18,23,24,,,22.615,27.549
2026-05-19 16:36:18,21,24,,,22.402,25.321
2026-05-19 16:41:18,21,23,,,21.913,27.654
2026-05-19 16:46:18,24,24,,,21.924,27.461
2026-05-19 16:51:20,24,24,,,21.833,27.778
2026-05-19 16:56:19,22,24,,,21.699,29.37
2026-05-19 17:01:19,23,25,,,21.379,29.853
2026-05-19 17:06:23,29,29,,,21.069,29.292
2026-05-19 17:11:19,28,30,,,20.813,30.206
2026-05-19 17:16:19,32,35,,,20.375,31.739
2026-05-19 17:21:20,33,37,,,20.063,32.273
2026-05-19 17:26:20,29,30,,,19.625,35.794
2026-05-19 17:31:20,29,33,,,19.072,37.175
2026-05-19 17:36:20,17,19,,,18.396,41.488
2026-05-19 17:41:21,17,17,,,17.948,41.791
2026-05-19 17:46:21,18,18,,,17.339,44.715
2026-05-19 17:51:21,17,18,,,16.837,45.671
2026-05-19 17:56:21,18,18,,,16.332,46.838
2026-05-19 18:01:21,19,19,,,15.801,49.306
2026-05-19 18:06:21,19,20,,,15.331,50.525
2026-05-19 18:11:24,22,23,,,14.903,52.238
2026-05-19 18:16:21,19,22,,,14.463,54.416
2026-05-19 18:21:30,20,22,,,14.057,55.225
2026-05-19 18:26:22,27,28,,,13.699,54.554
2026-05-19 18:31:22,22,23,,,13.421,57.733
2026-05-19 18:36:23,22,25,,,13.152,58.382
2026-05-19 18:41:22,26,28,,,12.871,59.137
2026-05-19 18:46:22,30,34,,,12.588,60.85
2026-05-19 18:51:23,23,25,,,12.305,61.576
2026-05-19 18:56:23,28,29,,,12.076,62.469
2026-05-19 19:01:23,45,55,,,11.755,62.692
2026-05-19 19:06:23,28,28,,,11.515,63.842
2026-05-19 19:11:24,34,38,,,11.242,63.924
2026-05-19 19:16:23,23,25,,,11.072,63.547
2026-05-19 19:21:27,24,25,,,10.933,63.526
2026-05-19 19:26:24,21,23,,,10.708,64.232
2026-05-19 19:31:24,23,26,,,10.634,64.207
2026-05-19 19:36:24,30,31,,,10.303,64.899
2026-05-19 19:41:25,58,72,,,10.198,64.918
2026-05-19 19:46:24,21,21,,,10.025,64.539
2026-05-19 19:51:25,25,26,,,9.814,65.328
2026-05-19 19:56:28,22,24,,,9.75,65.595
2026-05-19 20:01:25,19,21,,,9.571,65.399
2026-05-19 20:06:26,22,24,,,9.413,65.826
2026-05-19 20:11:26,43,51,,,9.264,66.583
2026-05-19 20:16:32,43,51,,,9.208,65.792
2026-05-19 20:21:26,31,31,,,9.133,65.921
2026-05-19 20:26:26,21,22,,,9.034,66.845
2026-05-19 20:31:27,21,25,,,8.882,66.709
2026-05-19 20:36:26,20,24,,,8.786,67.289
2026-05-19 20:41:27,20,21,,,8.732,66.789
2026-05-19 20:46:28,21,22,,,8.698,66.955
2026-05-19 20:51:26,21,22,,,8.615,66.583
2026-05-19 20:56:27,25,26,,,8.663,64.861
2026-05-19 21:01:27,36,42,,,8.652,65.954
2026-05-19 21:06:27,22,25,,,8.599,67.505
2026-05-19 21:11:28,21,22,,,8.449,68.163
2026-05-19 21:16:31,25,25,,,8.329,68.628
2026-05-19 21:21:28,22,22,,,8.166,68.878
2026-05-19 21:26:28,25,26,,,7.995,69.223
2026-05-19 21:31:28,27,28,,,7.883,69.227
2026-05-19 21:36:31,27,28,,,7.726,69.87
2026-05-19 21:41:28,26,28,,,7.63,70.122
2026-05-19 21:46:29,23,23,,,7.581,69.681
2026-05-19 22:06:29,30,31,,,7.36,69.433
2026-05-19 22:11:30,41,52,,,7.258,69.46
2026-05-19 22:16:31,35,36,,,7.173,69.782
2026-05-19 22:21:36,41,50,,,7.053,70.133
2026-05-19 22:26:30,50,61,,,6.906,70.547
2026-05-19 22:31:33,124,136,,,6.826,70.963
2026-05-19 22:36:30,105,112,,,6.692,70.78
2026-05-19 22:41:31,54,66,,,6.601,70.375
2026-05-19 22:46:30,53,64,,,6.556,71.064
2026-05-19 22:51:31,42,48,,,6.524,71.468
2026-05-19 22:56:31,51,62,,,6.356,71.552
2026-05-19 23:01:31,43,51,,,6.318,72.578
2026-05-19 23:06:31,45,53,,,6.305,72.222
2026-05-19 23:11:32,38,42,,,6.172,72.998
2026-05-19 23:16:31,37,42,,,6.022,73.025
2026-05-19 23:21:32,31,33,,,5.84,73.276
2026-05-19 23:26:32,26,28,,,5.766,72.666
2026-05-19 23:31:32,26,28,,,5.637,72.511
2026-05-19 23:36:33,21,23,,,5.579,71.937
2026-05-19 23:41:32,24,24,,,5.549,72.031
2026-05-19 23:46:33,22,26,,,5.512,72.588
2026-05-19 23:51:33,39,44,,,5.536,73.137
2026-05-19 23:56:33,31,32,,,5.413,73.622
2026-05-20 00:01:33,32,33,,,5.298,73.728
2026-05-20 00:06:34,29,30,,,5.229,73.847
2026-05-20 00:11:33,28,31,,,5.106,74.024
2026-05-20 00:16:34,27,29,,,5.058,73.883
2026-05-20 00:21:34,24,29,,,4.919,74.095
2026-05-20 00:26:34,24,28,,,4.866,73.818
2026-05-20 00:31:34,29,29,,,4.796,74.135
2026-05-20 00:36:34,23,24,,,4.689,74.234
2026-05-20 00:41:34,21,24,,,4.791,74.043
2026-05-20 00:46:35,21,26,,,4.716,73.898
2026-05-20 00:51:35,29,29,,,4.706,75.094
2026-05-20 00:56:35,28,29,,,4.706,75.376
2026-05-20 01:01:35,33,34,,,4.7,74.73
2026-05-20 01:06:35,28,31,,,4.583,74.537
2026-05-20 01:11:36,29,31,,,4.412,75.577
2026-05-20 01:16:35,24,27,,,4.316,75.039
2026-05-20 01:21:36,27,27,,,4.241,74.541
2026-05-20 01:26:36,29,32,,,4.273,73.999
2026-05-20 01:31:37,23,27,,,4.086,74.264
2026-05-20 01:36:36,33,35,,,4.238,74.035
2026-05-20 01:41:36,37,37,,,4.169,74.018
2026-05-20 01:46:36,35,36,,,4.142,74.432
2026-05-20 01:51:37,31,36,,,4.105,75.067
2026-05-20 01:56:37,28,29,,,4.083,74.652
2026-05-20 02:01:37,31,31,,,4.009,75.384
2026-05-20 02:06:37,32,32,,,3.886,74.606
2026-05-20 02:11:37,30,31,,,3.779,75.767
2026-05-20 02:16:38,25,27,,,3.683,75.624
2026-05-20 02:21:38,22,23,,,3.667,76.036
2026-05-20 02:26:38,23,24,,,3.651,75.758
2026-05-20 02:31:38,21,21,,,3.547,75.504
2026-05-20 02:36:38,18,25,,,3.52,75.027
2026-05-20 02:41:39,24,27,,,3.493,75.649
2026-05-20 02:46:39,25,25,,,3.552,75.201
2026-05-20 02:51:39,29,29,,,3.499,75.924
2026-05-20 02:56:39,54,64,,,3.392,75.621
2026-05-20 03:01:39,50,59,,,3.36,75.706
2026-05-20 03:06:39,28,29,,,3.269,75.266
2026-05-20 03:11:39,30,31,,,3.306,75.003
2026-05-20 03:16:40,31,33,,,3.178,75.889
2026-05-20 03:21:40,35,36,,,3.183,75.847
2026-05-20 03:26:40,31,31,,,3.135,76.166
2026-05-20 03:31:40,30,31,,,3.087,75.422
2026-05-20 03:36:40,23,25,,,2.97,75.371
2026-05-20 03:41:41,20,23,,,2.98,76.229
2026-05-20 03:46:41,20,23,,,3.007,76.21
2026-05-20 03:51:41,21,23,,,2.927,76.263
2026-05-20 03:56:41,20,22,,,2.788,76.322
2026-05-20 04:01:41,15,19,,,2.708,77.4
2026-05-20 04:06:41,15,19,,,2.767,76.353
2026-05-20 04:11:41,15,17,,,2.724,76.973
2026-05-20 04:16:42,11,16,,,2.655,76.864
2026-05-20 04:21:42,14,16,,,2.601,77.022
2026-05-20 04:26:42,14,15,,,2.623,76.856
2026-05-20 04:31:43,15,18,,,2.521,76.91
2026-05-20 04:36:42,16,21,,,2.446,77.003
2026-05-20 04:41:43,14,18,,,2.494,77.501
2026-05-20 04:46:42,15,19,,,2.478,77.576
2026-05-20 04:51:43,10,11,,,2.393,77.167
2026-05-20 04:56:43,10,10,,,2.345,76.773
2026-05-20 05:01:43,14,15,,,2.35,77.148
2026-05-20 05:06:44,14,14,,,2.34,77.547
2026-05-20 05:11:44,14,14,,,2.27,77.143
2026-05-20 05:16:44,16,21,,,2.286,76.105
2026-05-20 05:21:44,16,16,,,2.217,76.98
2026-05-20 05:26:44,18,18,,,2.126,77.465
2026-05-20 05:31:44,11,19,,,2.073,77.955
2026-05-20 05:36:45,14,15,,,1.982,77.145
2026-05-20 05:41:45,15,15,,,1.934,78.031
2026-05-20 05:46:45,10,11,,,1.934,78.327
2026-05-20 05:51:45,14,14,,,1.998,78.611
2026-05-20 05:56:45,9,9,,,1.912,78.602
2026-05-20 06:01:46,10,14,,,1.848,78.716
2026-05-20 06:06:46,11,14,,,1.896,77.471
2026-05-20 06:11:45,14,14,,,1.72,78.205
2026-05-20 06:16:46,20,24,,,1.661,78.163
2026-05-20 06:21:46,22,25,,,1.579,78.443
2026-05-20 06:26:46,18,18,,,1.557,78.472
2026-05-20 06:31:46,17,17,,,1.579,78.279
2026-05-20 06:36:47,18,19,,,1.445,78.945
2026-05-20 06:41:46,12,20,,,1.413,78.905
2026-05-20 06:46:47,24,25,,,1.36,78.903
2026-05-20 06:51:47,30,31,,,1.29,77.968
2026-05-20 06:56:47,29,29,,,1.269,78.36
2026-05-20 07:01:47,21,23,,,1.215,78.953
2026-05-20 07:06:47,20,24,,,1.066,79.037
2026-05-20 07:11:48,21,23,,,1.125,79.554
2026-05-20 07:16:48,15,21,,,1.052,79.874
2026-05-20 07:21:48,22,23,,,1.095,79.626
2026-05-20 07:26:48,26,26,,,1.175,79.607
2026-05-20 07:31:49,30,31,,,1.197,79.948
2026-05-20 07:36:48,22,25,,,1.194,80.223
2026-05-20 07:41:49,26,29,,,1.274,80.456
2026-05-20 07:46:50,29,29,,,1.317,80.093
2026-05-20 07:51:50,29,30,,,1.416,79.962
2026-05-20 07:56:49,25,29,,,1.498,79.838
2026-05-20 08:01:49,30,32,,,1.621,79.357
2026-05-20 08:06:49,47,56,,,1.653,78.878
2026-05-20 08:11:50,51,62,,,1.808,78.438
2026-05-20 08:16:50,59,71,,,1.867,76.553
2026-05-20 08:21:50,42,49,,,2,76.568
2026-05-20 08:26:50,33,36,,,2.113,76.872
2026-05-20 08:31:50,36,39,,,2.177,77.77
2026-05-20 08:36:50,55,68,,,2.364,77.228
2026-05-20 08:41:51,46,55,,,2.625,76.74
2026-05-20 08:46:51,41,50,,,3.09,76
2026-05-20 08:51:51,59,75,,,3.56,74.285
2026-05-20 08:56:51,41,49,,,3.747,70.738
2026-05-20 09:01:52,44,49,,,4.211,67.785
2026-05-20 09:06:51,48,61,,,4.628,65.664
2026-05-20 09:11:52,61,76,,,4.965,62.435
2026-05-20 09:16:52,43,48,,,5.221,62.874
2026-05-20 09:21:52,41,46,,,5.579,65.471
2026-05-20 09:26:52,42,48,,,5.867,62.856
2026-05-20 09:31:53,40,45,,,6.139,64.502
2026-05-20 09:36:53,38,44,,,6.334,64.916
2026-05-20 09:41:53,39,44,,,6.532,65.374
2026-05-20 09:46:53,39,43,,,6.767,63.572
2026-05-20 09:51:54,38,42,,,7.082,63.114
2026-05-20 09:56:54,40,45,,,7.437,57.247
2026-05-20 10:01:53,42,52,,,7.8,55.16
2026-05-20 10:06:54,40,45,,,8.105,49.959
2026-05-20 10:11:54,40,44,,,8.439,47.857
2026-05-20 10:16:55,41,49,,,8.61,47.229
2026-05-20 10:21:54,39,48,,,9.079,45.753
2026-05-20 10:26:55,38,41,,,9.325,47.325
2026-05-20 10:31:55,41,50,,,9.688,45.682
2026-05-20 10:36:55,48,58,,,9.854,45.776
2026-05-20 10:41:55,39,50,,,9.939,44.149
2026-05-20 10:46:55,43,53,,,10.035,43.586
2026-05-20 10:51:55,38,45,,,10.212,43.891
2026-05-20 10:56:56,39,48,,,10.479,44.139
2026-05-20 11:01:56,46,56,,,10.676,44.439
2026-05-20 11:06:56,40,48,,,10.805,45.928
2026-05-20 11:11:56,39,47,,,11.189,45.528
2026-05-20 11:16:56,41,50,,,11.365,45.35
2026-05-20 11:21:56,41,49,,,11.68,45.493
2026-05-20 11:26:57,41,50,,,11.793,44.223
2026-05-20 11:31:57,40,48,,,12.252,43.325
2026-05-20 11:36:57,38,44,,,12.433,44.156
2026-05-20 11:41:57,39,47,,,12.738,43.445
2026-05-20 11:46:57,41,50,,,13.181,42.735
2026-05-20 11:51:58,40,47,,,13.785,41.051
2026-05-20 11:56:58,40,47,,,14.03,40.498
2026-05-20 12:01:58,40,48,,,14.762,38.848
2026-05-20 12:06:58,40,48,,,15.563,37.153
2026-05-20 12:11:59,41,48,,,15.787,37.244
2026-05-20 12:16:58,41,48,,,16.046,35.642
2026-05-20 12:21:59,38,46,,,16.436,34.627
2026-05-20 12:26:59,39,45,,,16.853,34.726
2026-05-20 12:32:00,37,44,,,17.085,33.633
2026-05-20 12:36:59,37,43,,,17.795,31.602
2026-05-20 12:42:00,37,45,,,17.689,32.72
2026-05-20 12:47:03,41,48,,,17.721,32.478
2026-05-20 12:52:00,38,45,,,18.087,30.37
2026-05-20 12:57:00,39,46,,,17.916,30.177
2026-05-20 13:02:00,40,47,,,18.364,31.781
2026-05-20 13:07:00,42,50,,,18.471,34.286
2026-05-20 13:12:00,43,52,,,18.909,34.335
2026-05-20 13:17:01,42,51,,,19.018,34.549
2026-05-20 13:27:02,43,52,,,18.885,34.957
2026-05-20 13:32:01,44,53,,,18.946,35.987
2026-05-20 13:37:01,44,54,,,18.791,37.185
2026-05-20 13:42:01,44,54,,,18.514,38.673
2026-05-20 13:47:03,45,54,,,18.954,37.479
2026-05-20 13:52:01,44,55,,,19.526,37.122
2026-05-20 13:57:05,44,55,,,20.252,37.145
2026-05-20 14:02:02,45,56,,,20.428,36.864
2026-05-20 14:07:03,45,55,,,21.208,35.4
2026-05-20 14:12:03,44,53,,,20.538,36.645
2026-05-20 14:17:03,44,54,,,20.808,35.932
2026-05-20 14:22:03,42,50,,,21.35,35.678
2026-05-20 14:27:06,46,56,,,21.312,36.123
2026-05-20 14:32:04,45,55,,,21.387,34.98
2026-05-20 14:37:04,44,53,,,21.342,35.705
2026-05-20 14:42:07,43,52,,,21.462,34.475
2026-05-20 14:47:03,44,53,,,20.829,37.462
2026-05-20 14:52:05,44,52,,,20.989,37.191
2026-05-20 14:57:06,44,53,,,21.614,35.098
2026-05-20 15:02:04,40,48,,,20.685,35.783
2026-05-20 15:07:04,41,50,,,20.081,36.819
2026-05-20 15:12:09,42,50,,,20.402,36.576
2026-05-20 15:17:04,40,49,,,19.793,37.526
2026-05-20 15:22:05,39,47,,,20.14,36.468
2026-05-20 15:27:05,41,48,,,20.666,36.117
2026-05-20 15:32:05,40,47,,,20.645,35.125
2026-05-20 15:37:05,38,46,,,20.239,34.263
2026-05-20 15:42:06,39,47,,,20.236,35.806
2026-05-20 15:47:06,41,50,,,20.394,35.506
2026-05-20 15:57:06,42,49,,,19.627,37.778
2026-05-20 16:02:09,43,53,,,19.216,39.569
2026-05-20 16:07:06,43,53,,,18.912,39.743
2026-05-20 16:12:10,41,52,,,18.442,41.545
2026-05-20 16:17:07,41,51,,,17.651,43.275
2026-05-20 16:22:08,42,54,,,17.213,43.5
2026-05-20 16:27:07,43,53,,,16.773,44.362
2026-05-20 16:32:08,47,56,,,16.511,45.902
2026-05-20 16:37:08,43,55,,,16.332,46.195
2026-05-20 16:42:08,45,57,,,16.102,47.191
2026-05-20 16:47:08,45,55,,,16.153,47.29
2026-05-20 16:52:08,47,59,,,16.191,47.582
2026-05-20 16:57:09,49,61,,,16.212,48.166
2026-05-20 17:02:08,45,56,,,16.038,48.593
2026-05-20 17:07:09,46,60,,,15.691,50.47
2026-05-20 17:17:10,48,61,,,15.403,52.644
2026-05-20 17:22:12,49,60,,,15.157,52.845
2026-05-20 17:27:09,48,61,,,15.12,52.764
2026-05-20 17:32:09,47,60,,,14.885,53.586
2026-05-20 17:37:10,47,61,,,14.717,55.864
2026-05-20 17:42:10,48,61,,,14.452,57.342
2026-05-20 17:47:13,50,61,,,14.073,56.217
2026-05-20 17:52:10,51,63,,,13.688,57.855
2026-05-20 17:57:13,53,68,,,13.475,58.591
2026-05-20 18:02:11,60,73,,,13.168,59.341
2026-05-20 18:07:15,53,67,,,12.877,60.674
2026-05-20 18:12:11,51,64,,,12.567,62.555
2026-05-20 18:17:11,53,65,,,12.145,64.295
2026-05-20 18:22:11,52,65,,,11.761,65.37
2026-05-20 18:27:12,90,93,,,11.67,65.626
2026-05-20 18:32:11,59,71,,,11.485,66.683
2026-05-20 18:37:12,54,69,,,11.32,67.26
2026-05-20 18:42:12,68,77,,,11.133,68.351
2026-05-20 18:47:13,54,67,,,10.877,69.65
2026-05-20 18:52:15,51,64,,,10.791,70.623
2026-05-20 18:57:13,53,66,,,10.623,71.697
2026-05-20 19:02:15,56,67,,,10.599,71.481
2026-05-20 19:07:13,70,78,,,10.452,72.487
2026-05-20 19:12:13,55,70,,,10.351,72.66
2026-05-20 19:17:13,55,68,,,10.27,73.093
2026-05-20 19:22:14,50,64,,,10.18,74.276
2026-05-20 19:27:13,78,85,,,10.06,74.467
2026-05-20 19:32:14,107,111,,,10.054,73.98
2026-05-20 19:37:13,87,94,,,9.987,74.39
2026-05-20 19:42:17,92,96,,,10.014,74.039
2026-05-20 19:47:17,95,99,,,9.966,74.114
2026-05-20 19:52:14,79,87,,,9.939,74.373
2026-05-20 19:57:15,67,79,,,9.817,74.709
2026-05-20 20:02:18,63,77,,,9.715,74.892
2026-05-20 20:07:15,57,72,,,9.592,75.649
2026-05-20 20:17:15,79,85,,,9.301,75.714
2026-05-20 20:22:16,78,86,,,9.237,76
2026-05-20 20:27:16,79,85,,,9.05,75.933
2026-05-20 20:32:19,62,76,,,8.871,76.755
2026-05-20 20:37:16,59,76,,,8.708,76.593
2026-05-20 20:42:23,182,196,,,8.497,76.742
2026-05-20 20:47:19,59,72,,,8.383,76.645
2026-05-20 20:52:16,97,103,,,8.212,76.845
2026-05-20 20:57:16,84,90,,,8.025,77.555
2026-05-20 21:02:17,66,78,,,7.966,78.878
2026-05-20 21:07:19,61,77,,,7.889,78.613
2026-05-20 21:12:30,60,76,,,7.747,78.178
2026-05-20 21:17:18,60,74,,,7.616,78.838
2026-05-20 21:22:17,58,73,,,7.52,79.166
2026-05-20 21:27:17,55,70,,,7.413,79.637
2026-05-20 21:32:18,57,71,,,7.304,79.603
2026-05-20 21:37:18,54,65,,,7.245,80.172
2026-05-20 21:42:21,51,62,,,7.058,79.615
2026-05-20 21:47:18,76,86,,,6.922,79.38
2026-05-20 21:52:18,55,69,,,6.804,79.639
2026-05-20 21:57:20,118,126,,,6.703,80.69
2026-05-20 22:02:18,61,79,,,6.503,80.389
2026-05-20 22:07:23,85,90,,,6.423,80.446
2026-05-20 22:12:19,55,67,,,6.35,81.31
2026-05-20 22:17:19,56,71,,,6.302,80.576
2026-05-20 22:22:19,60,73,,,6.222,80.479
2026-05-20 22:27:23,55,70,,,6.099,81.219
2026-05-20 22:32:19,71,84,,,6.006,81.636
2026-05-20 22:37:23,69,81,,,5.921,81.776
2026-05-20 22:42:20,131,140,,,5.8,81.175
2026-05-20 22:52:20,69,83,,,5.683,83.017
2026-05-20 22:57:25,80,91,,,5.624,83.66
2026-05-20 23:02:22,95,101,,,5.608,82.134
2026-05-20 23:07:22,70,84,,,5.517,82.895
2026-05-20 23:12:21,246,265,,,5.448,83.036
2026-05-20 23:17:21,106,113,,,5.453,82.972
2026-05-20 23:22:21,140,151,,,5.32,83.7
2026-05-20 23:27:21,134,148,,,5.333,83.569
2026-05-20 23:32:21,90,98,,,5.349,83.569
2026-05-20 23:37:22,69,85,,,5.338,82.907
2026-05-20 23:42:22,85,93,,,5.237,82.558
2026-05-20 23:47:23,57,71,,,5.178,83.296
2026-05-20 23:52:22,65,82,,,5.218,83.176
2026-05-20 23:57:23,60,75,,,5.256,84.074
2026-05-21 00:02:23,60,76,,,5.296,83.376
2026-05-21 00:07:23,80,90,,,5.234,83.551
2026-05-21 00:12:23,106,117,,,5.234,82.97
2026-05-21 00:17:23,155,174,,,5.234,83.258
2026-05-21 00:27:25,102,111,,,5.229,83.698
2026-05-21 00:32:24,89,95,,,5.159,83.683
2026-05-21 00:37:24,107,116,,,5.261,84.106
2026-05-21 00:42:24,100,107,,,5.378,84.929
2026-05-21 00:47:24,72,84,,,5.541,85.676
2026-05-21 00:52:24,96,104,,,5.696,85.066
2026-05-21 00:57:24,74,87,,,5.774,85.108
2026-05-21 01:02:24,78,89,,,5.977,85.833
2026-05-21 01:07:25,88,96,,,6.062,86.58
2026-05-21 01:12:25,72,86,,,6.099,87.538
2026-05-21 01:17:25,71,85,,,6.249,87.172
2026-05-21 01:22:25,68,82,,,6.398,88.287
2026-05-21 01:27:25,66,83,,,6.537,88.091
2026-05-21 01:32:27,68,85,,,6.569,89.676
2026-05-21 01:37:26,67,81,,,6.682,88.77
2026-05-21 01:42:26,65,82,,,6.815,88.171
2026-05-21 01:47:26,67,84,,,6.895,88.444
2026-05-21 01:52:28,70,84,,,7.034,88.171
2026-05-21 01:57:26,65,80,,,7.109,87.629
2026-05-21 02:02:26,65,82,,,7.071,88.409
2026-05-21 02:07:27,64,82,,,7.13,87.875
2026-05-21 02:12:27,60,77,,,7.146,88.148
2026-05-21 02:17:27,62,79,,,7.296,87.502
2026-05-21 02:22:27,62,78,,,7.328,87.679
2026-05-21 02:27:27,63,81,,,7.344,88.024
2026-05-21 02:32:27,65,80,,,7.312,88.257
2026-05-21 02:37:28,62,80,,,7.381,87.551
2026-05-21 02:42:28,63,79,,,7.408,87.391
2026-05-21 02:47:28,63,79,,,7.488,87.271
2026-05-21 02:52:28,61,78,,,7.493,87.278
2026-05-21 02:57:28,60,78,,,7.472,87.227
2026-05-21 03:02:29,58,75,,,7.488,87.133
2026-05-21 03:07:29,58,75,,,7.525,87.198
2026-05-21 03:12:29,58,74,,,7.547,87.151
2026-05-21 03:17:29,60,77,,,7.584,86.908
2026-05-21 03:22:30,59,75,,,7.638,86.784
2026-05-21 03:27:29,59,76,,,7.611,86.964
2026-05-21 03:32:30,58,72,,,7.6,87.057
2026-05-21 03:37:30,59,76,,,7.638,86.754
2026-05-21 03:42:30,59,76,,,7.643,86.803
2026-05-21 03:47:30,58,72,,,7.632,87.053
2026-05-21 03:52:31,59,74,,,7.638,86.941
2026-05-21 03:57:30,59,75,,,7.699,86.388
2026-05-21 04:02:31,55,71,,,7.683,86.206
2026-05-21 04:07:31,59,74,,,7.688,86.359
2026-05-21 04:12:31,59,76,,,7.699,86.138
2026-05-21 04:17:31,57,72,,,7.699,86.426
2026-05-21 04:22:31,59,77,,,7.651,86.731
2026-05-21 04:27:31,54,70,,,7.56,86.296
2026-05-21 04:32:32,57,73,,,7.453,87.311
2026-05-21 04:37:32,59,74,,,7.48,87.288
2026-05-21 04:42:32,58,73,,,7.603,86.878
2026-05-21 04:47:32,57,72,,,7.589,85.602
2026-05-21 04:52:33,57,71,,,7.605,85.844
2026-05-21 04:57:32,57,73,,,7.595,86.428
2026-05-21 05:02:33,58,73,,,7.557,86.369
2026-05-21 05:07:33,58,74,,,7.573,86.214
2026-05-21 05:12:33,59,74,,,7.536,86.414
2026-05-21 05:17:33,57,72,,,7.509,86.466
2026-05-21 05:22:34,57,72,,,7.483,86.573
2026-05-21 05:27:33,60,76,,,7.488,87.177
2026-05-21 05:32:34,58,74,,,7.573,86.87
2026-05-21 05:37:34,56,72,,,7.491,86.119
2026-05-21 05:42:34,58,73,,,7.357,85.987
2026-05-21 05:47:34,52,66,,,7.33,85.648
2026-05-21 05:52:34,55,72,,,7.33,86.14
2026-05-21 05:57:34,57,71,,,7.314,86.338
2026-05-21 06:02:36,54,69,,,7.261,86.525
2026-05-21 06:07:35,56,72,,,7.333,86.086
2026-05-21 06:12:54,55,71,,,7.336,86.468
2026-05-21 06:17:35,55,69,,,7.258,86.979
2026-05-21 06:22:36,55,71,,,7.333,87.008
2026-05-21 06:27:35,56,72,,,7.28,86.792
2026-05-21 06:32:36,55,71,,,7.285,87.034
2026-05-21 06:37:36,53,68,,,7.312,86.365
2026-05-21 06:42:36,55,69,,,7.301,86.491
2026-05-21 06:47:36,55,70,,,7.248,86.781
2026-05-21 06:52:36,54,69,,,7.269,86.811
2026-05-21 06:57:36,54,66,,,7.274,86.546
2026-05-21 07:02:37,54,70,,,7.322,86.426
2026-05-21 07:07:36,54,69,,,7.301,86.441
2026-05-21 07:12:37,54,66,,,7.221,86.664
2026-05-21 07:17:37,55,71,,,7.152,87.141
2026-05-21 07:22:38,55,73,,,7.194,87.191
2026-05-21 07:27:37,52,64,,,7.117,86.62
2026-05-21 07:32:38,52,65,,,7.074,86.18
2026-05-21 07:37:38,51,64,,,7.074,86.126
2026-05-21 07:42:38,49,63,,,7.058,86.523
2026-05-21 07:47:38,51,65,,,7.069,86.134
2026-05-21 07:52:39,51,63,,,7.058,86.227
2026-05-21 07:57:39,50,64,,,6.981,86.723
2026-05-21 08:02:39,48,64,,,6.959,86.588
2026-05-21 08:07:39,51,64,,,6.959,86.636
2026-05-21 08:12:39,52,66,,,6.906,86.218
2026-05-21 08:17:39,50,61,,,6.863,86.769
2026-05-21 08:22:39,51,64,,,6.826,86.525
2026-05-21 08:27:40,59,74,,,6.719,87.065
2026-05-21 08:32:40,66,82,,,6.778,85.938
2026-05-21 08:37:40,60,76,,,6.858,85.884
2026-05-21 08:42:40,54,66,,,6.917,86.111
2026-05-21 08:47:44,58,70,,,6.943,85.566
2026-05-21 08:52:40,63,78,,,7.039,84.188
2026-05-21 08:57:41,65,78,,,7.055,84.33
2026-05-21 09:02:41,60,75,,,7.01,83.429
2026-05-21 09:07:41,61,78,,,7.037,83.162
2026-05-21 09:12:41,63,80,,,7.047,83.109
2026-05-21 09:17:42,63,81,,,7.101,83.771
2026-05-21 09:22:41,66,79,,,7.208,83.172
2026-05-21 09:27:42,60,76,,,7.085,84.4
2026-05-21 09:32:42,59,74,,,7.213,83.624
2026-05-21 09:37:43,62,79,,,7.16,84.263
2026-05-21 09:42:42,60,80,,,6.884,85.539
2026-05-21 09:47:44,61,78,,,7.274,84.145
2026-05-21 09:52:43,57,75,,,7.063,84.335
2026-05-21 09:57:43,59,78,,,7.095,84.103
2026-05-21 10:02:43,58,75,,,7.33,83.393
2026-05-21 10:07:46,58,75,,,7.4,83.824
2026-05-21 10:12:43,59,75,,,7.48,83.723
2026-05-21 10:17:44,60,78,,,7.539,82.916
2026-05-21 10:22:44,64,81,,,7.664,82.609
2026-05-21 10:27:47,59,77,,,7.76,82.584
2026-05-21 10:32:44,59,76,,,7.854,81.633
2026-05-21 10:37:45,58,77,,,8.083,81.682
2026-05-21 10:42:45,59,78,,,8.326,80.13
2026-05-21 10:47:44,59,76,,,8.369,80.826
2026-05-21 10:52:45,62,76,,,8.551,79.716
2026-05-21 10:57:48,63,77,,,8.647,79.557
2026-05-21 11:02:45,60,77,,,8.679,79.189
2026-05-21 11:07:45,62,78,,,8.631,79.388
2026-05-21 11:12:46,61,77,,,8.828,78.689
2026-05-21 11:17:46,62,75,,,9.058,78.972
2026-05-21 11:22:47,62,77,,,8.973,78.045
2026-05-21 11:32:46,61,77,,,9.312,77.806
2026-05-21 11:37:46,63,79,,,9.493,76.914
2026-05-21 11:42:47,62,76,,,9.691,76.387
2026-05-21 11:47:47,64,80,,,9.963,75.611
2026-05-21 11:52:47,59,75,,,10.161,73.623
2026-05-21 11:57:48,63,76,,,9.803,74.962
2026-05-21 12:02:48,61,77,,,10.116,74.598
2026-05-21 12:07:47,61,75,,,10.716,72.876
2026-05-21 12:12:49,65,78,,,10.818,72.552
2026-05-21 12:17:48,65,77,,,10.62,73.004
2026-05-21 12:22:51,68,78,,,10.172,73.61
2026-05-21 12:27:48,64,76,,,10.58,73.469
2026-05-21 12:32:48,66,78,,,10.89,72.141
2026-05-21 12:37:48,61,77,,,10.639,72.805
2026-05-21 12:42:51,64,77,,,11.387,70.017
2026-05-21 12:47:49,62,76,,,11.542,69.624
2026-05-21 12:52:53,63,76,,,12.126,67.236
2026-05-21 12:57:49,60,74,,,12.102,67.138
2026-05-21 13:02:52,57,70,,,12.07,67.259
2026-05-21 13:07:50,57,72,,,12.644,65.658
2026-05-21 13:12:50,60,72,,,12.631,65.584
2026-05-21 13:17:50,53,67,,,13.328,63.221
2026-05-21 13:22:50,53,68,,,13.341,63.097
2026-05-21 13:27:51,53,67,,,13.515,62.618
2026-05-21 13:32:50,53,67,,,14.012,61.107
2026-05-21 13:37:53,52,66,,,14.289,59.78
2026-05-21 13:43:03,48,62,,,13.373,62.05
2026-05-21 13:47:52,49,61,,,14.468,59.364
2026-05-21 13:52:51,49,61,,,15.098,57.041
2026-05-21 13:57:51,46,56,,,14.885,57.739
2026-05-21 14:02:54,45,55,,,15.414,56.4
2026-05-21 14:07:51,45,55,,,15.6,56.064
2026-05-21 14:12:52,44,54,,,15.243,56.43
2026-05-21 14:17:51,44,54,,,15.956,55.08
2026-05-21 14:22:52,43,54,,,16.399,53.71
2026-05-21 14:27:53,45,55,,,15.606,55.664
2026-05-21 14:32:56,46,56,,,15.894,54.208
2026-05-21 14:37:52,44,55,,,16.701,53.037
2026-05-21 14:42:54,44,56,,,16.733,53.058
2026-05-21 14:47:53,45,55,,,17.341,50.886
2026-05-21 14:52:53,44,55,,,16.647,52.303
2026-05-21 14:57:54,43,52,,,17.139,51.479
2026-05-21 15:02:53,44,55,,,16.861,51.797
2026-05-21 15:07:53,41,51,,,17.438,50.83
2026-05-21 15:12:54,40,49,,,17.568,49.709
2026-05-21 15:17:54,42,53,,,18.255,48.835
2026-05-21 15:22:59,42,52,,,18.1,49.177
2026-05-21 15:27:55,93,100,,,18.012,49.613
2026-05-21 15:32:59,39,49,,,17.643,50.308
2026-05-21 15:37:55,40,49,,,16.799,52.387
2026-05-21 15:42:55,42,50,,,17.12,52.591
2026-05-21 15:47:55,42,50,,,15.576,55.992
2026-05-21 15:52:57,40,48,,,15.71,56.026
2026-05-21 15:57:56,42,53,,,15.595,56.716
2026-05-21 16:02:56,41,50,,,15.328,57.735
2026-05-21 16:07:56,43,52,,,15.163,57.987
2026-05-21 16:12:57,40,49,,,14.976,58.689
2026-05-21 16:17:56,43,54,,,14.922,59.084
2026-05-21 16:22:59,40,49,,,14.361,60.472
2026-05-21 16:27:56,43,54,,,14.594,59.583
2026-05-21 16:32:58,40,49,,,14.3,60.974
2026-05-21 16:38:00,44,55,,,13.929,62.135
2026-05-21 16:42:57,43,53,,,14.041,61.733
2026-05-21 16:47:57,43,54,,,13.688,62.442
2026-05-21 16:52:58,45,56,,,13.905,61.906
2026-05-21 16:57:57,46,58,,,13.688,62.622
2026-05-21 17:02:58,45,57,,,13.638,62.658
2026-05-21 17:07:59,42,54,,,13.47,63.415
2026-05-21 17:12:59,41,53,,,13.397,63.718
2026-05-21 17:17:58,45,54,,,13.186,64.386
2026-05-21 17:23:06,43,51,,,13.037,65.592
2026-05-21 17:28:00,44,51,,,12.791,65.78
2026-05-21 17:32:59,44,54,,,12.567,66.526
2026-05-21 17:37:59,45,56,,,12.337,66.797
2026-05-21 17:43:03,51,64,,,11.942,69.24
2026-05-21 17:47:59,53,65,,,11.579,71.235
2026-05-21 17:53:00,69,80,,,11.264,72.141
2026-05-21 17:57:59,47,58,,,10.933,72.676
2026-05-21 18:03:00,47,58,,,10.655,74.402
2026-05-21 18:08:01,95,102,,,10.404,74.339
2026-05-21 18:13:03,81,89,,,10.113,75.153
2026-05-21 18:18:00,55,68,,,9.814,76.156
2026-05-21 18:23:04,62,77,,,9.539,77.133
2026-05-21 18:28:01,85,94,,,9.408,77.692
2026-05-21 18:33:08,57,72,,,9.197,77.577
2026-05-21 18:38:01,62,77,,,9.037,77.707
2026-05-21 18:43:04,57,71,,,8.845,78.127
2026-05-21 18:48:01,57,71,,,8.652,79.639
2026-05-21 18:53:04,63,78,,,8.529,80.101
2026-05-21 18:58:01,50,62,,,8.489,81.495
2026-05-21 19:03:03,49,63,,,8.409,81.797
2026-05-21 19:08:02,58,75,,,8.252,81.554
2026-05-21 19:13:06,57,72,,,8.177,81.758
2026-05-21 19:18:02,96,104,,,8.086,82.491
2026-05-21 19:23:04,84,90,,,8.046,82.092
2026-05-21 19:28:02,51,63,,,7.931,80.933
2026-05-21 19:33:04,51,62,,,7.851,80.896
2026-05-21 19:38:04,135,140,,,7.72,80.383
2026-05-21 19:43:10,65,81,,,7.563,80.593
2026-05-21 19:48:03,50,60,,,7.403,81.154
2026-05-21 19:53:04,51,64,,,7.205,80.654
2026-05-21 19:58:07,50,62,,,7.061,81.707
2026-05-21 20:03:05,43,54,,,6.951,81.301
2026-05-21 20:08:04,42,54,,,6.831,82.273
2026-05-21 20:13:04,46,55,,,6.684,82.094
2026-05-21 20:18:04,51,64,,,6.628,82.418
2026-05-21 20:23:04,54,67,,,6.527,82.09
2026-05-21 20:28:04,94,99,,,6.441,84.583
2026-05-21 20:33:06,87,92,,,6.398,85.609
2026-05-21 20:38:05,69,85,,,6.369,85.508
2026-05-21 20:43:06,97,103,,,6.358,84.112
2026-05-21 20:48:05,80,90,,,6.329,84.095
2026-05-21 20:53:05,93,99,,,6.353,84.385
2026-05-21 20:58:05,55,67,,,6.276,83.776
2026-05-21 21:03:14,62,77,,,6.19,84.225
2026-05-21 21:08:07,61,76,,,6.147,83.483
2026-05-21 21:13:07,47,57,,,6.062,84.002
2026-05-21 21:18:06,51,63,,,5.953,83.145
2026-05-21 21:23:08,85,94,,,5.824,82.949
2026-05-21 21:28:06,83,90,,,5.661,83.384
2026-05-21 21:33:10,50,60,,,5.555,83.143
2026-05-21 21:38:07,53,65,,,5.523,83.744
2026-05-21 21:43:07,62,78,,,5.437,83.399
2026-05-21 21:53:07,144,159,,,5.285,83.952
2026-05-21 21:58:07,105,112,,,5.197,84.332
2026-05-21 22:03:11,108,118,,,5.09,84.846
2026-05-21 22:08:08,83,94,,,5.159,85.426
2026-05-21 22:13:11,172,186,,,5.063,85.081
2026-05-21 22:18:08,139,149,,,5.05,87.656
2026-05-21 22:23:08,89,96,,,5.082,87.431
2026-05-21 22:28:09,54,67,,,5.026,85.268
2026-05-21 22:33:09,51,62,,,4.999,83.839
2026-05-21 22:38:10,75,90,,,4.93,84.408
2026-05-21 22:43:24,93,101,,,4.85,84.484
2026-05-21 22:48:10,68,83,,,4.831,84.227
2026-05-21 22:53:10,91,101,,,4.708,83.986
2026-05-21 22:58:09,64,81,,,4.668,83.982
2026-05-21 23:03:10,51,61,,,4.588,85.226
2026-05-21 23:08:10,70,86,,,4.593,85.829
2026-05-21 23:13:10,62,79,,,4.556,84.866
2026-05-21 23:18:10,62,78,,,4.428,84.826
2026-05-21 23:23:11,61,76,,,4.471,86.012
2026-05-21 23:28:10,59,75,,,4.428,85.207
2026-05-21 23:33:11,61,76,,,4.401,85.148
2026-05-21 23:38:11,72,89,,,4.254,85.224
2026-05-21 23:43:11,59,74,,,4.238,85.226
2026-05-21 23:48:11,61,76,,,4.15,85.569
2026-05-21 23:53:12,58,70,,,4.139,85.59
2026-05-21 23:58:12,56,69,,,4.102,86.248
2026-05-22 00:03:12,57,69,,,4.07,87.717
2026-05-22 00:08:12,54,68,,,4.126,90.073
2026-05-22 00:13:15,52,64,,,4.217,88.625
2026-05-22 00:18:12,69,85,,,4.142,87.229
2026-05-22 00:23:13,71,86,,,4.142,85.592
2026-05-22 00:28:12,66,83,,,4.15,85.764
2026-05-22 00:33:13,60,77,,,4.011,85.503
2026-05-22 00:38:13,72,88,,,3.971,85.529
2026-05-22 00:43:13,62,77,,,3.966,86.151
2026-05-22 00:48:13,54,68,,,3.928,85.833
2026-05-22 00:53:14,52,66,,,3.87,84.742
2026-05-22 00:58:13,50,63,,,3.768,85.112
2026-05-22 01:03:14,52,63,,,3.656,85.331
2026-05-22 01:08:14,56,69,,,3.6,87.05
2026-05-22 01:13:17,54,65,,,3.547,85.875
2026-05-22 01:18:14,54,65,,,3.544,85.878
2026-05-22 01:23:15,55,69,,,3.56,85.838
2026-05-22 01:28:15,59,71,,,3.547,86.788
2026-05-22 01:33:15,116,123,,,3.397,86.685
2026-05-22 01:38:15,85,95,,,3.45,86.781
2026-05-22 01:43:15,88,97,,,3.45,86.46
2026-05-22 01:48:15,78,93,,,3.37,85.497
2026-05-22 01:53:15,73,89,,,3.392,85.411
2026-05-22 01:58:16,68,84,,,3.285,85.541
2026-05-22 02:03:16,70,85,,,3.018,86.502
2026-05-22 02:08:16,67,83,,,3.119,85.323
2026-05-22 02:13:16,66,80,,,3.167,85.068
2026-05-22 02:18:16,74,89,,,3.151,85.657
2026-05-22 02:23:17,74,89,,,3.103,85.049
2026-05-22 02:28:16,64,80,,,2.943,85.148
2026-05-22 02:33:17,59,73,,,2.863,87.034
2026-05-22 02:38:17,59,75,,,2.964,85.669
2026-05-22 02:43:17,68,85,,,2.89,85.974
2026-05-22 02:48:17,65,82,,,2.879,84.995
2026-05-22 02:53:18,65,81,,,2.863,85.245
2026-05-22 02:58:18,61,80,,,2.831,85.402
2026-05-22 03:03:18,59,75,,,2.655,85.751
2026-05-22 03:08:18,60,74,,,2.692,85.625
2026-05-22 03:13:18,59,73,,,2.687,86.13
2026-05-22 03:18:18,57,71,,,2.676,85.152
2026-05-22 03:23:19,56,68,,,2.671,85.73
2026-05-22 03:28:19,58,73,,,2.623,85.907
2026-05-22 03:33:19,56,70,,,2.548,85.411
2026-05-22 03:38:19,57,71,,,2.388,86.956
2026-05-22 03:43:19,59,75,,,2.484,86.147
2026-05-22 03:48:19,60,76,,,2.452,85.373
2026-05-22 03:53:20,59,73,,,2.345,85.386
2026-05-22 03:58:20,59,69,,,2.35,85.869
2026-05-22 04:03:20,58,71,,,2.286,87.021
2026-05-22 04:08:20,61,78,,,2.35,89.289
2026-05-22 04:13:21,60,77,,,2.414,87.711
2026-05-22 04:18:20,60,73,,,2.286,88.982
2026-05-22 04:23:21,65,80,,,2.19,86.563
2026-05-22 04:28:21,67,84,,,2.243,85.766
2026-05-22 04:33:21,66,83,,,2.211,85.922
2026-05-22 04:38:21,67,85,,,2.238,87.126
2026-05-22 04:43:22,63,80,,,2.046,86.672
2026-05-22 04:48:21,63,79,,,2.129,88.265
2026-05-22 04:53:22,60,73,,,2.139,86.554
2026-05-22 04:58:22,60,76,,,2.102,87.143
2026-05-22 05:03:22,62,79,,,2.139,89.016
2026-05-22 05:08:22,59,74,,,2.217,88.263
2026-05-22 05:13:23,59,73,,,2.211,87.021
2026-05-22 05:18:22,61,75,,,2.227,87.257
2026-05-22 05:23:23,61,78,,,2.222,85.695
2026-05-22 05:28:23,60,75,,,2.115,85.838
2026-05-22 05:33:23,60,73,,,2.11,85.484
2026-05-22 05:38:23,57,72,,,2.062,86.258
2026-05-22 05:43:23,59,76,,,1.982,85.728
2026-05-22 05:48:24,60,73,,,1.939,85.436
2026-05-22 05:53:24,55,68,,,1.822,85.983
2026-05-22 05:58:24,54,66,,,1.736,86.63
2026-05-22 06:03:24,56,68,,,1.699,86.245
2026-05-22 06:08:24,58,70,,,1.699,86.203
2026-05-22 06:13:25,60,73,,,1.693,86.266
2026-05-22 06:18:25,60,77,,,1.592,86.149
2026-05-22 06:23:25,66,85,,,1.544,88.541
2026-05-22 06:28:25,66,85,,,1.656,87.055
2026-05-22 06:33:25,68,87,,,1.715,85.659
2026-05-22 06:38:25,66,82,,,1.683,85.407
2026-05-22 06:43:26,66,84,,,1.544,85.327
2026-05-22 06:48:25,63,81,,,1.469,84.974
2026-05-22 06:53:26,63,79,,,1.421,85.098
2026-05-22 06:58:26,60,77,,,1.336,85.67
2026-05-22 07:03:26,64,80,,,1.336,85.897
2026-05-22 07:08:26,62,78,,,1.223,85.417
2026-05-22 07:13:27,63,77,,,1.181,85.585
2026-05-22 07:18:27,64,81,,,1.143,85.629
2026-05-22 07:23:27,64,80,,,1.143,86.283
2026-05-22 07:28:27,70,87,,,1.079,85.299
2026-05-22 07:33:28,67,83,,,1.138,85.423
2026-05-22 07:38:27,66,81,,,1.077,85.23
2026-05-22 07:43:28,64,80,,,1.034,85.753
2026-05-22 07:48:28,91,100,,,0.959,85.585
2026-05-22 07:53:28,66,83,,,0.964,86.88
2026-05-22 07:58:28,63,80,,,0.994,86.22
2026-05-22 08:03:29,63,77,,,1.074,85.854
2026-05-22 08:08:29,69,89,,,1.106,86.514
2026-05-22 08:13:29,93,104,,,1.109,86.962
2026-05-22 08:18:30,91,100,,,1.202,87.332
2026-05-22 08:23:30,61,76,,,1.333,89.228
2026-05-22 08:28:29,61,78,,,1.584,89.01
2026-05-22 08:33:30,92,102,,,1.728,89.191
2026-05-22 08:38:30,71,89,,,1.992,87.681
2026-05-22 08:43:30,61,77,,,2.364,87.82
2026-05-22 08:48:30,60,75,,,2.652,86.979
2026-05-22 08:53:30,59,73,,,3.026,85.417
2026-05-22 08:58:30,75,90,,,3.36,86.132
2026-05-22 09:03:32,89,98,,,3.723,84.591
2026-05-22 09:08:30,75,91,,,4.113,85.163
2026-05-22 09:13:31,88,98,,,4.577,85.888
2026-05-22 09:18:32,82,93,,,5.021,82.617
2026-05-22 09:23:31,66,85,,,5.32,79.321
2026-05-22 09:28:32,64,80,,,5.683,78.825
2026-05-22 09:33:32,68,81,,,6.011,79.325
2026-05-22 09:38:32,67,83,,,6.364,78.92
2026-05-22 09:43:32,62,78,,,6.796,76.473
2026-05-22 09:48:32,66,80,,,7.459,75.075
2026-05-22 09:53:35,68,82,,,7.843,73.673
2026-05-22 09:58:32,61,77,,,8.051,72.136
2026-05-22 10:03:33,59,73,,,8.393,68.092
2026-05-22 10:08:33,58,75,,,8.722,66.642
2026-05-22 10:13:33,59,75,,,9.021,65.462
2026-05-22 10:18:34,58,72,,,9.395,64.304
2026-05-22 10:23:36,57,70,,,9.811,63.806
2026-05-22 10:28:33,57,70,,,10.292,62.265
2026-05-22 10:33:34,57,71,,,10.532,60.205
2026-05-22 10:38:34,54,67,,,10.834,58.889
2026-05-22 10:43:34,54,67,,,11.256,57.638
2026-05-22 10:48:34,52,65,,,11.501,57.537
2026-05-22 10:53:35,53,66,,,11.897,57.008
2026-05-22 10:58:35,50,64,,,12.044,57.468
2026-05-22 11:03:42,51,64,,,12.644,56.013
2026-05-22 11:08:35,52,66,,,12.914,54.908
2026-05-22 11:13:35,52,64,,,13.486,54.727
2026-05-22 11:18:35,50,63,,,13.875,53.463
2026-05-22 11:23:36,47,57,,,14.773,49.676
2026-05-22 11:28:35,47,60,,,15.197,49.835
2026-05-22 11:33:39,49,61,,,15.539,48.511
2026-05-22 11:38:36,50,62,,,16.3,45.902
2026-05-22 11:43:36,49,61,,,16.637,45.86
2026-05-22 11:48:36,48,60,,,17.101,45.261
2026-05-22 11:53:37,47,59,,,17.176,44.502
2026-05-22 11:58:36,48,59,,,17.769,43.878
2026-05-22 12:03:38,46,56,,,18.02,43.632
2026-05-22 12:08:37,47,59,,,17.876,44.082
2026-05-22 12:13:42,49,60,,,18.463,42.299
2026-05-22 12:18:37,50,62,,,18.463,43.027
2026-05-22 12:23:38,49,62,,,18.404,44.607
2026-05-22 12:28:38,55,68,,,17.606,46.504
2026-05-22 12:33:38,52,67,,,18.215,45.522
2026-05-22 12:38:39,51,66,,,18.436,44.757
2026-05-22 12:48:41,55,68,,,18.808,43.313
2026-05-22 12:53:39,53,67,,,18.682,43.491
2026-05-22 12:58:39,53,68,,,19.088,43.756
2026-05-22 13:03:39,55,68,,,19.184,43.973
2026-05-22 13:08:40,56,68,,,19.285,43.763
2026-05-22 13:13:40,52,66,,,19.416,43.418
2026-05-22 13:18:43,59,69,,,19.729,42.938
2026-05-22 13:23:40,51,64,,,19.98,42.362
2026-05-22 13:28:43,51,64,,,19.422,43.514
2026-05-22 13:33:40,50,63,,,19.998,42.632
2026-05-22 13:38:41,47,60,,,19.416,43.99
2026-05-22 13:43:40,48,60,,,19.691,42.678
2026-05-22 13:48:41,45,55,,,20.044,41.017
2026-05-22 13:53:41,47,58,,,20.869,40.107
2026-05-22 13:58:41,46,57,,,20.65,40.374
2026-05-22 14:03:41,46,56,,,20.906,39.699
2026-05-22 14:08:43,43,53,,,21.382,37.797
2026-05-22 14:13:41,43,54,,,21.171,38.39
2026-05-22 14:18:42,43,53,,,20.765,38.678
2026-05-22 14:23:42,44,54,,,21.438,38.8
2026-05-22 14:28:42,45,54,,,21.229,38.896
2026-05-22 14:33:43,46,57,,,21.283,38.806
2026-05-22 14:38:42,44,54,,,21.347,38.066
2026-05-22 14:43:43,44,54,,,21.726,36.641
2026-05-22 14:48:43,43,53,,,21.603,37.198
2026-05-22 14:53:44,44,54,,,21.27,38.121
2026-05-22 14:58:44,46,55,,,21.726,37.467
2026-05-22 15:03:43,44,53,,,21.94,37.574
2026-05-22 15:08:44,44,54,,,22.212,37.513
2026-05-22 15:13:44,46,56,,,21.71,38.352
2026-05-22 15:18:44,45,55,,,21.79,38.701
2026-05-22 15:23:44,43,52,,,21.865,38.509
2026-05-22 15:28:45,45,55,,,21.662,39.335
2026-05-22 15:33:44,47,59,,,21.94,38.968
2026-05-22 15:38:44,44,54,,,21.123,40.481
2026-05-22 15:43:45,44,53,,,20.514,41.604
2026-05-22 15:48:45,43,54,,,19.993,41.786
2026-05-22 15:53:45,45,55,,,19.665,44.072
2026-05-22 15:58:45,45,56,,,19.328,45.331
2026-05-22 16:03:46,48,60,,,19.205,46.071
2026-05-22 16:08:45,48,60,,,19.128,45.808
2026-05-22 16:13:46,46,58,,,18.997,42.991
2026-05-22 16:18:46,50,63,,,19,45.236
2026-05-22 16:23:46,55,66,,,18.861,46.346
2026-05-22 16:28:46,52,65,,,18.607,47.357
2026-05-22 16:33:47,46,59,,,18.297,48.427
2026-05-22 16:38:46,46,59,,,18.175,48.641
2026-05-22 16:43:47,50,63,,,17.982,49.535
2026-05-22 16:48:47,51,63,,,17.785,49.945
2026-05-22 16:53:47,51,65,,,17.625,50.535
2026-05-22 16:58:47,53,67,,,17.502,51.013
2026-05-22 17:03:47,51,64,,,17.267,51.935
2026-05-22 17:08:49,58,69,,,17.149,52.356
2026-05-22 17:13:49,51,64,,,16.909,53.117
2026-05-22 17:18:48,51,63,,,16.586,54.111
2026-05-22 17:23:54,51,64,,,16.281,55.162
2026-05-22 17:28:48,49,61,,,15.958,56.055
2026-05-22 17:33:48,53,65,,,15.622,57.287
2026-05-22 17:38:49,50,62,,,15.232,58.345
2026-05-22 17:43:49,56,69,,,14.858,60.756
2026-05-22 17:48:49,55,67,,,14.516,60.503
2026-05-22 17:53:52,48,61,,,14.084,64.922
2026-05-22 17:58:50,48,60,,,13.654,65.994
2026-05-22 18:03:57,50,62,,,13.237,67.507
2026-05-22 18:08:50,50,61,,,12.885,68.617
2026-05-22 18:13:53,51,65,,,12.559,69.397
2026-05-22 18:18:50,54,68,,,12.172,69.292
2026-05-22 18:23:51,49,62,,,11.921,69.816
2026-05-22 18:28:51,203,221,,,11.499,71.035
2026-05-22 18:33:55,183,200,,,11.237,72.33
2026-05-22 18:38:51,203,218,,,11.002,72.889
2026-05-22 18:43:54,234,251,,,10.81,73.931
2026-05-22 18:48:51,163,176,,,10.586,73.896
2026-05-22 18:53:52,81,86,,,10.34,74.93
2026-05-22 18:58:52,59,72,,,10.1,76.025
2026-05-22 19:03:52,55,69,,,9.95,77.358
2026-05-22 19:08:55,56,72,,,9.776,77.171
2026-05-22 19:13:53,57,72,,,9.531,76.738
2026-05-22 19:18:52,58,74,,,9.421,76.628
2026-05-22 19:23:52,56,70,,,9.274,77.942
2026-05-22 19:28:56,56,69,,,9.189,77.65
2026-05-22 19:33:52,115,123,,,9.098,77.82
2026-05-22 19:38:53,56,70,,,8.826,78.648
2026-05-22 19:43:53,57,69,,,8.708,78.352
2026-05-22 19:48:53,69,81,,,8.575,80.568
2026-05-22 19:53:53,65,79,,,8.519,79.014
2026-05-22 20:03:55,57,70,,,8.316,79.431
2026-05-22 20:08:56,54,68,,,8.273,79.26
2026-05-22 20:13:54,53,67,,,8.14,78.903
2026-05-22 20:18:56,64,79,,,8.054,79.231
2026-05-22 20:23:54,96,105,,,7.979,81.987
2026-05-22 20:28:55,101,108,,,7.953,81.488
2026-05-22 20:33:55,92,99,,,7.891,81.575
2026-05-22 20:38:55,115,123,,,7.758,81.831
2026-05-22 20:48:58,71,83,,,7.632,81.192
2026-05-22 20:53:55,101,110,,,7.512,80.622
2026-05-22 20:58:57,71,83,,,7.373,81.131
2026-05-22 21:03:56,61,74,,,7.232,81.037
2026-05-22 21:08:56,64,77,,,7.119,82.439
2026-05-22 21:13:56,61,76,,,7.002,80.997
2026-05-22 21:23:57,56,68,,,6.871,82.3
2026-05-22 21:28:57,55,68,,,6.818,82.176
2026-05-22 21:33:57,94,103,,,6.788,83.406
2026-05-22 21:38:57,83,92,,,6.794,82.785
2026-05-22 21:43:59,51,64,,,6.66,81.724
2026-05-22 21:48:57,52,65,,,6.569,81.539
2026-05-22 21:53:59,56,70,,,6.479,81.575
2026-05-22 21:59:01,56,70,,,6.326,81.478
2026-05-22 22:03:58,68,82,,,6.228,81.896
2026-05-22 22:08:58,61,78,,,6.174,84.063
2026-05-22 22:13:58,53,66,,,6.121,83.445
2026-05-22 22:18:58,51,62,,,6.131,83.347
2026-05-22 22:24:00,139,152,,,6.121,83.908
2026-05-22 22:28:58,69,83,,,6.11,84.686
2026-05-22 22:33:59,107,112,,,6.11,84.021
2026-05-22 22:38:59,55,68,,,6.006,83.656
2026-05-22 22:44:02,53,64,,,6.017,85.47
2026-05-22 22:48:59,52,63,,,6.059,84.328
2026-05-22 22:54:00,51,65,,,6.017,84.444
2026-05-22 22:58:59,128,141,,,5.8,84.728
2026-05-22 23:04:00,106,112,,,5.816,84.795
2026-05-22 23:09:00,66,81,,,5.787,84.164
2026-05-22 23:14:01,58,74,,,5.648,84.993
2026-05-22 23:19:00,57,72,,,5.616,85.32
2026-05-22 23:24:01,55,66,,,5.616,84.042
2026-05-22 23:34:01,55,68,,,5.496,84.013
2026-05-22 23:39:01,54,66,,,5.448,84.402
2026-05-22 23:44:03,187,204,,,5.368,84.74
2026-05-22 23:49:01,59,75,,,5.282,84.646
2026-05-22 23:54:02,55,70,,,5.245,84.463
2026-05-22 23:59:03,56,70,,,5.138,84.427
2026-05-23 00:04:02,55,70,,,5.106,84.112
2026-05-23 00:09:02,56,70,,,5.042,84.921
2026-05-23 00:14:02,55,69,,,4.994,84.383
2026-05-23 00:19:03,56,69,,,4.957,84.511
2026-05-23 00:24:02,61,76,,,4.804,84.986
2026-05-23 00:29:03,57,72,,,4.82,86.096
2026-05-23 00:34:02,54,68,,,4.764,84.953
2026-05-23 00:39:03,59,75,,,4.716,85.051
2026-05-23 00:44:03,56,70,,,4.665,85.97
2026-05-23 00:49:04,55,68,,,4.639,85.766
2026-05-23 00:54:03,60,75,,,4.649,85.335
2026-05-23 00:59:04,62,81,,,4.591,86.178
2026-05-23 01:04:04,56,70,,,4.543,86.462
2026-05-23 01:09:04,55,67,,,4.5,86.777
2026-05-23 01:14:04,55,67,,,4.529,86.208
2026-05-23 01:19:04,55,69,,,4.567,86.575
2026-05-23 01:24:04,57,72,,,4.652,85.949
2026-05-23 01:29:05,61,75,,,4.727,86.855
2026-05-23 01:34:05,63,78,,,4.796,86.95
2026-05-23 01:39:05,57,69,,,4.887,87.98
2026-05-23 01:44:05,57,72,,,4.959,87.648
2026-05-23 01:49:05,59,75,,,5.146,88.795
2026-05-23 01:54:05,60,76,,,5.258,87.709
2026-05-23 01:59:07,91,96,,,5.392,87.355
2026-05-23 02:04:06,87,96,,,5.507,87.498
2026-05-23 02:09:06,82,93,,,5.624,88.129
2026-05-23 02:14:06,101,111,,,5.726,89.359
2026-05-23 02:19:06,69,84,,,5.838,90.036
2026-05-23 02:24:06,55,69,,,5.955,90.672
2026-05-23 02:29:07,57,71,,,6.057,90.624
2026-05-23 02:34:07,57,73,,,6.105,90.645
2026-05-23 02:39:07,57,73,,,6.196,90.668
2026-05-23 02:44:07,62,79,,,6.238,90.389
2026-05-23 02:49:07,56,71,,,6.297,90.101
2026-05-23 02:54:07,97,105,,,6.313,89.762
2026-05-23 02:59:08,57,71,,,6.185,90.336
2026-05-23 03:04:08,54,68,,,6.302,89.663
2026-05-23 03:09:08,54,66,,,6.334,88.986
2026-05-23 03:14:08,51,66,,,6.292,88.774
2026-05-23 03:19:09,53,64,,,6.35,88.507
2026-05-23 03:24:08,55,68,,,6.409,88.785
2026-05-23 03:29:09,56,71,,,6.463,89.136
2026-05-23 03:34:09,54,67,,,6.5,89.489
2026-05-23 03:39:09,53,66,,,6.532,89.783
2026-05-23 03:44:09,52,67,,,6.553,89.752
2026-05-23 03:49:09,52,64,,,6.612,89.716
2026-05-23 03:54:10,53,64,,,6.457,89.918
2026-05-23 03:59:10,50,62,,,6.516,89.848
2026-05-23 04:04:10,60,79,,,6.377,88.65
2026-05-23 04:09:10,65,80,,,6.158,86.838
2026-05-23 04:14:10,70,84,,,6.025,87.143
2026-05-23 04:19:10,73,84,,,5.998,88.026
2026-05-23 04:24:11,66,83,,,6.051,87.276
2026-05-23 04:29:11,66,82,,,6.003,87.214
2026-05-23 04:34:11,69,85,,,5.939,87.765
2026-05-23 04:39:11,67,84,,,5.822,88.888
2026-05-23 04:44:11,66,82,,,5.923,88.577
2026-05-23 04:49:11,63,80,,,6.078,88.381
2026-05-23 04:54:12,65,82,,,6.035,88.688
2026-05-23 04:59:12,65,82,,,5.912,88.162
2026-05-23 05:04:12,66,83,,,6.035,87.818
2026-05-23 05:09:12,62,80,,,6.025,87.965
2026-05-23 05:14:12,63,79,,,6.073,88.158
2026-05-23 05:19:12,62,80,,,5.827,88.078
2026-05-23 05:24:13,66,81,,,5.694,87.898
2026-05-23 05:29:13,65,81,,,5.699,88.312
2026-05-23 05:34:14,62,79,,,5.464,88.907
2026-05-23 05:39:13,63,80,,,5.389,88.976
2026-05-23 05:44:14,62,79,,,5.496,88.646
2026-05-23 05:49:13,62,78,,,5.453,88.919
2026-05-23 05:54:14,60,75,,,5.597,88.497
2026-05-23 05:59:14,61,76,,,5.544,88.987
2026-05-23 06:04:14,62,79,,,5.619,88.898
2026-05-23 06:09:24,61,77,,,5.579,89.045
2026-05-23 06:14:14,60,74,,,5.488,89.081
2026-05-23 06:19:14,61,75,,,5.418,89.228
2026-05-23 06:24:15,60,76,,,5.483,88.934
2026-05-23 06:29:15,61,77,,,5.394,88.875
2026-05-23 06:34:15,59,75,,,5.512,89.022
2026-05-23 06:39:15,61,75,,,5.531,88.707
2026-05-23 06:44:15,59,75,,,5.541,88.587
2026-05-23 06:49:15,61,77,,,5.544,89.014
2026-05-23 06:54:16,61,75,,,5.576,88.894
2026-05-23 06:59:16,61,75,,,5.629,88.839
2026-05-23 07:04:16,57,70,,,5.603,88.566
2026-05-23 07:09:16,53,67,,,5.565,88.055
2026-05-23 07:14:17,57,71,,,5.507,88.421
2026-05-23 07:19:16,55,68,,,5.515,88.371
2026-05-23 07:24:17,54,69,,,5.456,88.955
2026-05-23 07:29:17,55,71,,,5.424,88.898
2026-05-23 07:34:17,53,66,,,5.461,88.675
2026-05-23 07:39:17,55,67,,,5.408,88.654
2026-05-23 07:44:18,52,67,,,5.451,88.48
2026-05-23 07:49:18,55,67,,,5.44,88.722
2026-05-23 07:54:18,55,67,,,5.488,89.02
2026-05-23 07:59:18,55,69,,,5.579,88.846
2026-05-23 08:04:18,56,71,,,5.675,88.951
2026-05-23 08:09:18,55,67,,,5.712,88.781
2026-05-23 08:14:19,54,66,,,5.83,88.858
2026-05-23 08:19:19,55,68,,,5.902,88.289
2026-05-23 08:24:19,55,69,,,5.95,88.341
2026-05-23 08:29:19,57,71,,,6.089,88.364
2026-05-23 08:34:19,56,69,,,6.228,88.203
2026-05-23 08:39:19,54,70,,,6.34,87.709
2026-05-23 08:44:20,54,71,,,6.439,87.315
2026-05-23 08:49:19,58,73,,,6.577,87.305
2026-05-23 08:54:20,55,66,,,6.556,87.381
2026-05-23 08:59:21,56,72,,,6.54,88.348
2026-05-23 09:04:24,64,81,,,6.668,86.67
2026-05-23 09:09:20,59,79,,,6.756,86.296
2026-05-23 09:14:21,60,77,,,6.783,86.092
2026-05-23 09:19:24,59,75,,,6.863,86.14
2026-05-23 09:24:21,59,74,,,6.732,85.394
2026-05-23 09:29:21,59,77,,,6.679,85.302
2026-05-23 09:34:22,64,80,,,6.77,85.556
2026-05-23 09:39:21,62,78,,,6.505,86.117
2026-05-23 09:44:25,64,80,,,6.548,87.33
2026-05-23 09:49:22,59,77,,,6.599,87.408
2026-05-23 09:54:22,59,74,,,6.452,88.366
2026-05-23 09:59:23,58,75,,,6.847,86.529
2026-05-23 10:04:26,58,72,,,6.962,86.185
2026-05-23 10:09:22,59,77,,,7.055,86.216
2026-05-23 10:14:23,58,74,,,7.103,85.88
2026-05-23 10:19:23,61,75,,,7.109,86.037
2026-05-23 10:24:26,60,76,,,7.194,85.865
2026-05-23 10:29:23,59,73,,,7.178,86.664
2026-05-23 10:34:26,58,75,,,7.125,86.504
2026-05-23 10:39:24,60,78,,,7.274,86.414
2026-05-23 10:44:24,69,84,,,7.194,86.855
2026-05-23 10:49:24,58,73,,,7.488,85.278
2026-05-23 10:54:27,58,73,,,7.643,84.007
2026-05-23 10:59:25,58,72,,,7.787,84.055
2026-05-23 11:04:24,58,76,,,7.8,83.841
2026-05-23 11:09:24,59,75,,,8.019,83.935
2026-05-23 11:14:25,57,73,,,8.201,82.792
2026-05-23 11:19:29,63,79,,,8.201,83.515
2026-05-23 11:24:25,58,74,,,8.254,82.876
2026-05-23 11:29:28,53,66,,,8.081,82.151
2026-05-23 11:34:26,57,75,,,8.169,81.707
2026-05-23 11:39:27,67,81,,,8.233,82.722
2026-05-23 11:44:26,64,80,,,7.945,83.872
2026-05-23 11:49:26,57,75,,,8.009,83.328
2026-05-23 11:54:29,61,77,,,7.942,83.91
2026-05-23 11:59:26,64,79,,,7.886,84.541
2026-05-23 12:04:26,66,80,,,8.206,83.073
2026-05-23 12:09:27,62,77,,,8.254,82.832
2026-05-23 12:14:27,63,79,,,8.193,83.498
2026-05-23 12:19:27,63,77,,,8.412,82.102
2026-05-23 12:24:27,61,75,,,8.375,82.256
2026-05-23 12:29:28,57,75,,,8.503,81.816
2026-05-23 12:34:27,65,81,,,8.684,80.925
2026-05-23 12:39:28,60,74,,,8.631,80.934
2026-05-23 12:44:28,63,80,,,8.74,80.774
2026-05-23 12:49:28,60,76,,,8.871,80.528
2026-05-23 12:54:29,63,78,,,9.162,79.384
2026-05-23 12:59:29,68,81,,,9.208,79.401
2026-05-23 13:04:28,64,78,,,9.306,79.187
2026-05-23 13:09:29,61,77,,,9.274,79.187
2026-05-23 13:14:29,57,73,,,9.357,78.88
2026-05-23 13:19:31,59,75,,,9.293,78.71
2026-05-23 13:24:31,62,77,,,9.507,78.188
2026-05-23 13:29:29,63,75,,,9.598,77.982
2026-05-23 13:34:30,61,77,,,10.057,76.479
2026-05-23 13:39:30,60,75,,,10.495,75.601
2026-05-23 13:44:30,57,71,,,11.157,73.097
2026-05-23 13:49:31,58,72,,,11.491,71.947
2026-05-23 13:54:31,60,73,,,11.552,71.058
2026-05-23 13:59:30,60,74,,,11.432,71.825
2026-05-23 14:04:33,59,73,,,11.71,70.381
2026-05-23 14:09:30,58,71,,,12.03,69.299
2026-05-23 14:14:38,113,124,,,12.137,69.38
2026-05-23 14:19:31,55,71,,,12.068,69.124
2026-05-23 14:24:32,61,73,,,12.238,69.122
2026-05-23 14:29:32,61,74,,,11.961,70.04
2026-05-23 14:34:35,57,71,,,12.198,69.137
2026-05-23 14:39:33,61,71,,,12.327,67.867
2026-05-23 14:44:35,57,71,,,12.407,67.497
2026-05-23 14:49:32,56,69,,,12.623,66.856
2026-05-23 14:54:32,55,70,,,12.527,66.684
2026-05-23 14:59:34,59,73,,,12.623,66.358
2026-05-23 15:04:33,57,70,,,12.658,66.408
2026-05-23 15:09:33,56,70,,,12.652,66.715
2026-05-23 15:14:51,56,70,,,12.967,64.886
2026-05-23 15:19:33,56,69,,,12.284,67.964
2026-05-23 15:24:34,59,71,,,13.042,66.061
2026-05-23 15:29:34,55,70,,,13.376,64.209
2026-05-23 15:34:37,57,70,,,13.189,64.777
2026-05-23 15:39:34,52,65,,,13.112,64.453
2026-05-23 15:44:34,50,64,,,13.165,65.015
2026-05-23 15:49:34,54,69,,,13.133,65.965
2026-05-23 15:54:35,53,68,,,12.818,65.881
2026-05-23 15:59:35,56,69,,,12.829,67.287
2026-05-23 16:04:36,51,63,,,12.722,66.066
2026-05-23 16:09:38,45,57,,,12.628,64.142
2026-05-23 16:14:38,49,60,,,12.519,67.009
2026-05-23 16:19:35,55,70,,,12.289,67.575
2026-05-23 16:24:36,50,63,,,12.118,68.029
2026-05-23 16:29:36,51,63,,,12.009,69.343
2026-05-23 16:39:36,50,65,,,11.702,67.959
2026-05-23 16:44:36,42,51,,,11.59,67.402
2026-05-23 16:49:36,41,50,,,11.518,68.453
2026-05-23 16:54:37,43,52,,,11.483,69.414
2026-05-23 16:59:37,41,49,,,11.25,69.254
2026-05-23 17:04:37,47,59,,,11.109,69.502
2026-05-23 17:09:37,48,59,,,10.97,69.172
2026-05-23 17:14:38,57,73,,,10.847,70.022
2026-05-23 17:19:37,56,69,,,10.692,70.526
2026-05-23 17:24:38,52,65,,,10.628,71.632
2026-05-23 17:29:39,51,65,,,10.529,72.67
2026-05-23 17:34:38,199,221,,,10.34,73.648
2026-05-23 17:39:38,84,93,,,10.089,74.6
2026-05-23 17:44:39,69,78,,,9.929,75.481
2026-05-23 17:49:39,61,75,,,9.939,75.512
2026-05-23 17:54:39,54,67,,,9.838,76.431
2026-05-23 17:59:39,55,71,,,9.654,77.581
2026-05-23 18:04:42,52,66,,,9.467,77.879
2026-05-23 18:09:39,42,52,,,9.389,77.154
2026-05-23 18:14:40,47,61,,,9.309,77.988
2026-05-23 18:19:40,51,62,,,9.234,78.211
2026-05-23 18:24:40,49,60,,,9.122,78.731
2026-05-23 18:29:41,51,63,,,8.925,79.185
2026-05-23 18:34:44,162,173,,,8.783,79.426
2026-05-23 18:39:41,152,165,,,8.668,79.941
2026-05-23 18:44:41,133,142,,,8.567,80.275
2026-05-23 18:49:41,84,93,,,8.42,80.492
2026-05-23 18:54:42,60,76,,,8.281,80.854
2026-05-23 18:59:41,57,73,,,8.156,80.803
2026-05-23 19:04:41,57,74,,,7.963,81.375
2026-05-23 19:09:41,55,71,,,7.814,81.778
2026-05-23 19:14:41,59,74,,,7.605,81.491
2026-05-23 19:19:41,55,70,,,7.424,82.21
2026-05-23 19:24:42,58,73,,,7.24,83.715
2026-05-23 19:29:42,55,70,,,7.103,83.672
2026-05-23 19:34:46,51,64,,,6.978,83.137
2026-05-23 19:39:42,58,72,,,6.796,83.645
2026-05-23 19:44:43,51,63,,,6.77,83.532
2026-05-23 19:49:43,55,69,,,6.668,83.343
2026-05-23 19:54:43,54,67,,,6.529,82.218
2026-05-23 19:59:44,72,85,,,6.34,81.001
2026-05-23 20:04:43,58,72,,,6.11,82.964
2026-05-23 20:09:43,61,77,,,5.961,83.057
2026-05-23 20:14:44,58,74,,,5.838,83.183
2026-05-23 20:19:44,53,68,,,5.672,82.93
2026-05-23 20:24:44,64,82,,,5.547,82.767
2026-05-23 20:29:44,57,74,,,5.459,83.179
2026-05-23 20:34:54,61,78,,,5.4,85.489
2026-05-23 20:39:45,64,81,,,5.37,84.629
2026-05-23 20:44:44,69,83,,,5.245,84.778
2026-05-23 20:49:45,55,70,,,5.159,85.239
2026-05-23 20:59:45,47,57,,,5.09,85.52
2026-05-23 21:04:46,51,62,,,5.005,85.651
2026-05-23 21:09:45,48,56,,,4.999,86.178
2026-05-23 21:14:46,46,55,,,5.015,85.634
2026-05-23 21:19:46,45,57,,,4.962,85.585
2026-05-23 21:24:46,52,64,,,4.802,85.405
2026-05-23 21:29:46,54,68,,,4.738,85.77
2026-05-23 21:34:47,47,57,,,4.665,84.999
2026-05-23 21:39:46,61,76,,,4.503,86.355
2026-05-23 21:44:47,54,68,,,4.561,85.136
2026-05-23 21:54:47,144,160,,,4.238,85.611
2026-05-23 21:59:47,106,113,,,4.244,84.761
2026-05-23 22:04:47,78,89,,,4.131,84.23
2026-05-23 22:09:51,49,60,,,3.995,85.175
2026-05-23 22:14:47,48,55,,,3.987,85.711
2026-05-23 22:19:48,45,57,,,3.907,85.287
2026-05-23 22:24:48,53,66,,,3.819,85.464
2026-05-23 22:29:51,49,59,,,3.835,86.069
2026-05-23 22:34:48,47,59,,,3.76,85.615
2026-05-23 22:39:48,44,50,,,3.664,85.939
2026-05-23 22:44:48,45,53,,,3.659,85.995
2026-05-23 22:49:50,60,77,,,3.597,87.095
2026-05-23 22:54:49,66,83,,,3.72,87.147
2026-05-23 22:59:49,79,91,,,3.656,86.872
2026-05-23 23:04:49,72,87,,,3.603,87.28
2026-05-23 23:09:51,55,70,,,3.581,88.869
2026-05-23 23:14:49,106,112,,,3.616,87.492
2026-05-23 23:19:53,57,70,,,3.653,88.81
2026-05-23 23:24:50,117,126,,,3.549,87.393
2026-05-23 23:29:51,192,208,,,3.571,87.917
2026-05-23 23:34:54,144,156,,,3.595,89.117
2026-05-23 23:39:50,136,145,,,3.6,88.884
2026-05-23 23:44:54,97,102,,,3.605,89.062
2026-05-23 23:49:51,73,88,,,3.621,89.266
2026-05-23 23:54:51,86,96,,,3.643,88.396
2026-05-23 23:59:51,113,123,,,3.643,89.279
2026-05-24 00:04:51,55,68,,,3.675,89.619
2026-05-24 00:09:52,55,65,,,3.723,90.212
2026-05-24 00:14:52,53,65,,,3.752,88.499
2026-05-24 00:19:55,50,62,,,3.795,88.699
2026-05-24 00:24:53,50,60,,,3.774,89.409
2026-05-24 00:29:52,50,61,,,3.776,89.001
2026-05-24 00:34:52,56,70,,,3.76,88.823
2026-05-24 00:39:53,51,63,,,3.717,87.757
2026-05-24 00:44:53,48,57,,,3.624,86.571
2026-05-24 00:49:53,45,51,,,3.453,85.4
2026-05-24 00:54:53,45,54,,,3.37,86.109
2026-05-24 00:59:53,50,60,,,3.354,88.129
2026-05-24 01:04:54,53,67,,,3.301,87.059
2026-05-24 01:09:53,49,59,,,3.226,89.48
2026-05-24 01:14:54,50,61,,,3.237,89.941
2026-05-24 01:19:54,55,68,,,3.322,90.693
2026-05-24 01:24:54,49,62,,,3.317,89.943
2026-05-24 01:29:54,50,60,,,3.397,89.996
2026-05-24 01:34:55,49,59,,,3.477,89.628
2026-05-24 01:39:54,49,56,,,3.45,88.917
2026-05-24 01:44:55,53,66,,,3.317,86.815
2026-05-24 01:49:55,49,62,,,3.277,88.312
2026-05-24 01:54:55,46,57,,,3.159,87.442
2026-05-24 01:59:55,66,84,,,3.103,87.645
2026-05-24 02:04:57,58,73,,,3.055,87.378
2026-05-24 02:09:55,57,71,,,2.98,87.404
2026-05-24 02:14:56,53,66,,,2.89,88.032
2026-05-24 02:19:56,56,70,,,2.847,87.919
2026-05-24 02:24:56,57,70,,,2.799,87.704
2026-05-24 02:29:57,57,72,,,2.724,86.315
2026-05-24 02:34:56,56,69,,,2.649,86.216
2026-05-24 02:39:56,55,69,,,2.596,86.754
2026-05-24 02:44:57,59,76,,,2.361,87.08
2026-05-24 02:49:57,64,80,,,2.329,86.689
2026-05-24 02:54:57,62,80,,,2.27,86.836
2026-05-24 02:59:57,61,79,,,2.222,86.596
2026-05-24 03:04:57,64,78,,,2.249,87.145
2026-05-24 03:09:57,63,76,,,2.126,87.263
2026-05-24 03:14:58,59,74,,,2.008,88.139
2026-05-24 03:19:58,61,78,,,1.91,86.985
2026-05-24 03:24:58,59,72,,,1.851,87.488
2026-05-24 03:29:58,57,71,,,1.814,87.053
2026-05-24 03:34:59,56,72,,,1.723,87.69
2026-05-24 03:39:59,58,72,,,1.541,88.079
2026-05-24 03:44:59,59,72,,,1.669,88.07
2026-05-24 03:49:59,61,74,,,1.659,87.538
2026-05-24 03:54:59,59,73,,,1.52,88.27
2026-05-24 03:59:59,60,75,,,1.536,88.572
2026-05-24 04:05:00,62,78,,,1.466,87.088
2026-05-24 04:10:00,60,75,,,1.472,88.463
2026-05-24 04:15:00,59,73,,,1.44,86.653
2026-05-24 04:20:00,56,68,,,1.413,87.42
2026-05-24 04:25:01,56,70,,,1.386,87.95
2026-05-24 04:30:00,57,72,,,1.405,87.004
2026-05-24 04:35:01,59,73,,,1.33,86.901
2026-05-24 04:40:01,56,68,,,1.341,87.397
2026-05-24 04:45:01,55,67,,,1.191,87.593
2026-05-24 04:50:01,54,65,,,1.325,87.456
2026-05-24 04:55:01,55,70,,,1.239,87.05
2026-05-24 05:00:01,54,67,,,1.255,87.454
2026-05-24 05:05:01,55,65,,,1.239,88.631
2026-05-24 05:10:02,54,65,,,1.234,88.802
2026-05-24 05:15:02,56,66,,,1.301,88.965
2026-05-24 05:20:02,54,66,,,1.397,89.186
2026-05-24 05:25:02,53,66,,,1.413,88.297
2026-05-24 05:30:03,51,62,,,1.498,88.589
2026-05-24 05:35:03,55,67,,,1.571,89.539
2026-05-24 05:40:03,58,71,,,1.635,89.426
2026-05-24 05:45:03,62,78,,,1.611,88.646
2026-05-24 05:50:04,67,85,,,1.637,88.652
2026-05-24 05:55:04,66,82,,,1.653,87.725
2026-05-24 06:00:03,63,80,,,1.712,87.418
2026-05-24 06:05:04,66,81,,,1.712,87.5
2026-05-24 06:10:03,64,81,,,1.568,88.69
2026-05-24 06:15:04,63,80,,,1.717,88.282
2026-05-24 06:20:04,67,83,,,1.792,87.814
2026-05-24 06:25:04,67,83,,,1.696,87.555
2026-05-24 06:30:04,69,85,,,1.691,87.566
2026-05-24 06:35:05,60,73,,,1.76,87.86
2026-05-24 06:40:05,66,82,,,1.744,87.511
2026-05-24 06:45:05,60,75,,,1.755,87.439
2026-05-24 06:50:05,69,88,,,1.731,87.891
2026-05-24 06:55:05,73,91,,,1.736,87.542
2026-05-24 07:00:05,69,88,,,1.544,89.22
2026-05-24 07:05:05,69,88,,,1.693,88.251
2026-05-24 07:10:06,74,91,,,1.736,87.544
2026-05-24 07:15:06,71,90,,,1.717,87.103
2026-05-24 07:20:06,70,87,,,1.749,87.931
2026-05-24 07:25:06,80,96,,,1.798,88.564
2026-05-24 07:30:07,73,90,,,1.867,88.24
2026-05-24 07:35:07,70,88,,,1.814,88.223
2026-05-24 07:40:07,68,87,,,1.83,88.667
2026-05-24 07:45:07,67,86,,,1.915,88.139
2026-05-24 07:50:07,66,83,,,1.91,88.554
2026-05-24 07:55:07,125,136,,,1.974,88.86
2026-05-24 08:00:08,75,91,,,2.086,89.901
2026-05-24 08:05:08,68,87,,,2.219,89.243
2026-05-24 08:10:08,67,86,,,2.358,89.058
2026-05-24 08:15:08,74,91,,,2.492,89.008
2026-05-24 08:20:08,89,100,,,2.572,88.795
2026-05-24 08:25:08,87,96,,,2.636,88.533
2026-05-24 08:30:09,106,115,,,2.727,87.334
2026-05-24 08:35:09,97,105,,,2.812,87.475
2026-05-24 08:40:09,66,84,,,3.005,87.5
2026-05-24 08:45:09,65,80,,,3.106,87.645
2026-05-24 08:50:09,87,97,,,3.186,88.064
2026-05-24 08:55:09,67,85,,,3.293,87.845
2026-05-24 09:00:09,102,109,,,3.474,87.874
2026-05-24 09:05:09,66,84,,,3.693,89.42
2026-05-24 09:10:10,66,84,,,3.891,89.563
2026-05-24 09:15:10,65,81,,,4.126,90.683
2026-05-24 09:20:10,64,79,,,4.436,90.559
2026-05-24 09:25:10,63,79,,,4.714,90.756
2026-05-24 09:30:11,75,90,,,4.884,89.733
2026-05-24 09:35:11,86,96,,,5.119,89.403
2026-05-24 09:40:12,82,92,,,5.365,89.064
2026-05-24 09:45:12,73,87,,,5.694,87.231
2026-05-24 09:50:12,79,91,,,6.121,86.931
2026-05-24 09:55:11,77,88,,,6.473,85.236
2026-05-24 10:00:12,65,81,,,6.794,83.269
2026-05-24 10:05:12,66,82,,,7.029,81.922
2026-05-24 10:10:13,65,79,,,7.312,79.403
2026-05-24 10:15:12,63,81,,,7.477,78.838
2026-05-24 10:20:14,62,77,,,7.696,77.36
2026-05-24 10:25:13,69,80,,,7.838,79.17
2026-05-24 10:30:14,67,79,,,7.977,77.209
2026-05-24 10:35:13,67,81,,,8.097,76.616
2026-05-24 10:40:16,60,77,,,8.193,77.32
2026-05-24 10:45:14,63,77,,,8.281,77.398
2026-05-24 10:50:15,69,81,,,8.367,76.902
2026-05-24 10:55:14,70,82,,,8.177,77.566
2026-05-24 11:00:14,71,84,,,8.081,77.824
2026-05-24 11:05:14,77,88,,,8.078,77.774
2026-05-24 11:10:15,66,79,,,8.329,77.188
2026-05-24 11:15:14,66,80,,,8.372,78.001
2026-05-24 11:25:14,76,86,,,8.746,76.826
2026-05-24 11:30:16,67,80,,,8.941,75.863
2026-05-24 11:35:15,68,80,,,8.861,75.527
2026-05-24 11:40:15,66,77,,,9.496,75.786
2026-05-24 11:45:15,72,81,,,9.907,73.589
2026-05-24 11:50:16,65,76,,,10.238,72.246
2026-05-24 11:55:16,65,78,,,10.393,70.829
2026-05-24 12:00:16,67,79,,,10.746,70.617
2026-05-24 12:05:16,59,72,,,11.109,67.865
2026-05-24 12:10:20,63,75,,,11.248,66.707
2026-05-24 12:15:17,65,77,,,11.264,66.936
2026-05-24 12:20:20,56,71,,,11.315,64.367
2026-05-24 12:25:17,56,71,,,11.443,65.134
2026-05-24 12:30:17,61,76,,,11.512,65.386
2026-05-24 12:35:17,59,72,,,11.667,65.357
2026-05-24 12:40:18,59,73,,,11.971,64.613
2026-05-24 12:45:17,57,72,,,12.086,65.836
2026-05-24 12:50:18,56,71,,,12.289,66.341
2026-05-24 12:55:18,56,70,,,12.751,61.142
2026-05-24 13:00:18,102,108,,,12.815,60.464
2026-05-24 13:05:18,53,69,,,12.917,60.648
2026-05-24 13:10:31,57,71,,,12.879,62.37
2026-05-24 13:15:19,53,67,,,12.885,63.545
2026-05-24 13:20:19,55,68,,,12.933,61.414
2026-05-24 13:25:19,52,65,,,12.917,63.125
2026-05-24 13:30:19,54,68,,,12.97,61.363
2026-05-24 13:35:19,55,69,,,13.01,62.498
2026-05-24 13:40:20,51,63,,,13.133,60.743
2026-05-24 13:45:20,53,68,,,13.288,56.579
2026-05-24 13:50:20,52,65,,,13.405,56.68
2026-05-24 13:55:21,52,67,,,13.6,54.05
2026-05-24 14:00:20,53,68,,,13.688,54.142
2026-05-24 14:05:20,53,68,,,13.782,55.612
2026-05-24 14:10:21,52,67,,,13.782,55.688
2026-05-24 14:15:20,56,67,,,13.891,54.286
2026-05-24 14:20:21,53,68,,,13.838,54.845
2026-05-24 14:25:28,54,68,,,13.793,55.717
2026-05-24 14:30:21,52,65,,,13.867,55.849
2026-05-24 14:35:25,52,65,,,13.878,56.549
2026-05-24 14:40:21,66,76,,,13.55,60.705
2026-05-24 14:45:25,60,72,,,13.245,61.174
2026-05-24 14:50:22,58,73,,,13.219,60.724
2026-05-24 15:00:24,56,68,,,13.339,58.626
2026-05-24 15:05:23,61,71,,,13.064,60.457
2026-05-24 15:10:23,59,72,,,12.871,60.516
2026-05-24 15:15:26,61,72,,,13.184,59.158
2026-05-24 15:20:23,58,71,,,13.328,60.1
2026-05-24 15:25:24,71,79,,,13.339,60.56
2026-05-24 15:30:23,63,76,,,13.395,60.703
2026-05-24 15:35:30,58,69,,,13.389,60.283
2026-05-24 15:40:24,64,75,,,13.331,60.716
2026-05-24 15:45:24,63,74,,,13.272,61.391
2026-05-24 15:50:24,67,76,,,13.267,61.344
2026-05-24 15:55:25,65,74,,,13.24,61.06
2026-05-24 16:00:24,65,75,,,13.235,61.617
2026-05-24 16:05:25,66,76,,,13.154,61.264
2026-05-24 16:10:25,72,79,,,13.168,61.355
2026-05-24 16:15:26,99,107,,,13.024,61.05
2026-05-24 16:20:25,73,80,,,13.008,60.249
2026-05-24 16:25:28,53,69,,,12.858,58.834
2026-05-24 16:30:26,161,176,,,13.016,59.732
2026-05-24 16:35:26,55,68,,,13.024,59.875
2026-05-24 16:40:26,56,71,,,13.029,62.86
2026-05-24 16:45:26,53,67,,,12.976,63.614
2026-05-24 16:50:27,72,79,,,13.026,60.533
2026-05-24 16:55:26,50,64,,,13.17,58.891
2026-05-24 17:00:27,49,62,,,13.181,58.313
2026-05-24 17:05:27,54,68,,,13.403,57.773
2026-05-24 17:10:27,54,68,,,13.272,61.166
2026-05-24 17:15:30,55,69,,,13.13,62.076
2026-05-24 17:20:27,61,73,,,12.831,63.791
2026-05-24 17:25:29,59,72,,,12.636,64.209
2026-05-24 17:30:30,66,74,,,12.345,66.398
2026-05-24 17:40:28,57,71,,,11.747,69.418
2026-05-24 17:45:31,184,196,,,11.325,71.701
2026-05-24 17:50:28,90,95,,,10.962,72.664
2026-05-24 17:55:31,56,71,,,10.481,74.064
2026-05-24 18:00:29,61,74,,,10.241,73.677
2026-05-24 18:05:28,49,61,,,9.91,73.856
2026-05-24 18:15:29,56,70,,,9.272,75.64
2026-05-24 18:20:30,49,60,,,8.941,75.893
2026-05-24 18:25:30,55,68,,,8.679,75.413
2026-05-24 18:30:29,61,77,,,8.407,76.012
2026-05-24 18:35:30,42,50,,,8.121,76.164
2026-05-24 18:40:30,36,41,,,7.787,75.384
2026-05-24 18:45:48,40,52,,,7.771,75.02
2026-05-24 18:50:30,30,32,,,7.683,76.038
2026-05-24 18:55:30,47,56,,,7.608,76.795
2026-05-24 19:00:33,40,44,,,7.56,77.852
2026-05-24 19:05:30,45,53,,,7.421,78.953
2026-05-24 19:10:34,40,47,,,7.475,76.731
2026-05-24 19:15:34,37,38,,,7.427,76.935
2026-05-24 19:20:32,40,48,,,7.357,77.934
2026-05-24 19:25:31,38,43,,,7.333,78.174
2026-05-24 19:30:43,37,39,,,7.333,77.007
2026-05-24 19:35:31,67,81,,,7.256,77.305
2026-05-24 19:40:32,62,77,,,7.09,77.722
2026-05-24 19:45:32,46,56,,,6.89,78.026
2026-05-24 19:50:32,35,40,,,6.748,77.379
2026-05-24 19:55:33,43,52,,,6.519,79.039
2026-05-24 20:00:32,41,44,,,6.39,79.048
2026-05-24 20:05:33,41,48,,,6.155,80.011
2026-05-24 20:10:33,62,79,,,5.937,80.055
2026-05-24 20:15:37,39,44,,,5.787,80.315
2026-05-24 20:20:33,33,33,,,5.587,79.676
2026-05-24 20:25:33,79,87,,,5.394,80.297
2026-05-24 20:30:34,89,96,,,5.33,80.965
2026-05-24 20:35:37,109,119,,,5.261,80.921
2026-05-24 20:40:34,65,82,,,5.256,81.261
2026-05-24 20:45:34,58,74,,,5.175,81.144
2026-05-24 20:50:34,51,62,,,5.093,81.135
2026-05-24 20:55:34,39,45,,,4.938,81.493
2026-05-24 21:00:35,36,41,,,4.852,81.27
2026-05-24 21:05:36,108,114,,,4.772,81.995
2026-05-24 21:10:36,59,74,,,4.706,82.821
2026-05-24 21:15:35,87,95,,,4.697,82.647
2026-05-24 21:20:36,50,60,,,4.617,82.823
2026-05-24 21:25:35,39,42,,,4.564,83.34
2026-05-24 21:30:36,37,41,,,4.489,82.525
2026-05-24 21:35:36,35,36,,,4.388,82.985
2026-05-24 21:40:36,40,46,,,4.249,82.991
2026-05-24 21:45:36,43,50,,,4.195,82.857
2026-05-24 21:50:39,47,56,,,4.11,83.437
2026-05-24 21:55:39,50,63,,,4.139,83.612
2026-05-24 22:00:38,48,55,,,4.123,84.341
2026-05-24 22:05:40,61,77,,,4.017,84.209
2026-05-24 22:10:40,45,53,,,3.995,83.734
2026-05-24 22:15:37,55,70,,,3.915,83.83
2026-05-24 22:20:50,77,91,,,3.886,83.799
2026-05-24 22:25:37,66,84,,,3.856,84.414
2026-05-24 22:30:39,62,77,,,3.771,85.18
2026-05-24 22:35:38,51,60,,,3.811,84.124
2026-05-24 22:40:45,95,101,,,3.699,84.534
2026-05-24 22:45:46,45,56,,,3.659,84.547
2026-05-24 22:50:38,45,51,,,3.584,84.379
2026-05-24 22:55:39,48,58,,,3.52,84.558
2026-05-24 23:00:38,45,57,,,3.531,84.904
2026-05-24 23:05:40,40,44,,,3.445,84.011
2026-05-24 23:10:39,54,65,,,3.304,84.623
2026-05-24 23:15:40,43,52,,,3.272,84.488
2026-05-24 23:20:40,54,66,,,3.189,84.686
2026-05-24 23:25:40,62,79,,,3.223,84.52
2026-05-24 23:30:39,49,58,,,3.221,84.705
2026-05-24 23:35:40,86,96,,,3.135,84.074
2026-05-24 23:40:40,63,78,,,3.074,84.681
2026-05-24 23:45:40,45,51,,,3.015,85.608
2026-05-24 23:50:40,46,52,,,3.01,85.432
2026-05-24 23:55:41,50,62,,,2.93,84.66
2026-05-25 00:00:41,45,50,,,2.866,85.735
2026-05-25 00:05:41,49,59,,,2.983,85.321
2026-05-25 00:10:41,91,99,,,2.983,87.023
2026-05-25 00:15:41,36,36,,,3.079,86.792
2026-05-25 00:20:41,40,44,,,3.117,86.479
2026-05-25 00:25:42,44,52,,,3.159,85.697
2026-05-25 00:30:41,45,57,,,3.151,83.979
2026-05-25 00:35:42,44,50,,,3.103,84.045
2026-05-25 00:40:42,48,57,,,2.954,83.887
2026-05-25 00:45:42,51,63,,,2.9,84.854
2026-05-25 00:50:42,45,51,,,2.852,84.915
2026-05-25 00:55:42,51,62,,,2.788,85.31
2026-05-25 01:00:43,41,47,,,2.788,85.365
2026-05-25 01:05:43,49,59,,,2.772,86.109
2026-05-25 01:10:43,41,48,,,2.815,85.043
2026-05-25 01:15:43,64,79,,,2.703,85.356
2026-05-25 01:20:44,52,64,,,2.756,85.388
2026-05-25 01:25:43,49,57,,,2.735,84.854
2026-05-25 01:30:44,57,72,,,2.724,85.47
2026-05-25 01:35:43,41,42,,,2.575,84.806
2026-05-25 01:40:44,45,48,,,2.537,85.238
2026-05-25 01:45:44,46,52,,,2.396,86.117
2026-05-25 01:50:44,31,31,,,2.433,85.487
2026-05-25 01:55:44,29,33,,,2.417,85.974
2026-05-25 02:00:44,38,42,,,2.444,85.14
2026-05-25 02:05:45,38,39,,,2.417,85.756
2026-05-25 02:10:45,41,45,,,2.492,85.653
2026-05-25 02:15:45,36,38,,,2.567,85.159
2026-05-25 02:20:45,32,34,,,2.657,86.42
2026-05-25 02:25:45,31,33,,,2.78,85.587
2026-05-25 02:30:45,38,44,,,2.844,85.747
2026-05-25 02:35:46,41,45,,,2.983,85.382
2026-05-25 02:40:46,57,68,,,2.983,84.633
2026-05-25 02:45:46,46,52,,,3.053,84.129
2026-05-25 02:50:46,45,53,,,3.029,84.4
2026-05-25 02:55:47,46,54,,,3.023,84.759
2026-05-25 03:00:47,46,55,,,3.103,85.432
2026-05-25 03:05:47,49,59,,,3.087,84.057
2026-05-25 03:10:47,51,62,,,3.146,83.279
2026-05-25 03:15:47,50,59,,,3.248,83.86
2026-05-25 03:20:47,48,57,,,3.285,84.211
2026-05-25 03:25:48,52,62,,,3.306,84.087
2026-05-25 03:30:48,46,55,,,3.285,84.635
2026-05-25 03:35:48,44,49,,,3.301,84.398
2026-05-25 03:40:48,43,50,,,3.365,84.579
2026-05-25 03:45:48,40,42,,,3.376,84.269
2026-05-25 03:50:48,40,45,,,3.354,84.82
2026-05-25 03:55:48,41,48,,,3.37,84.339
2026-05-25 04:00:49,37,41,,,3.381,84.734
2026-05-25 04:05:49,36,36,,,3.392,84.835
2026-05-25 04:10:49,40,44,,,3.322,84.639
2026-05-25 04:15:49,42,47,,,3.306,84.789
2026-05-25 04:20:49,36,39,,,3.317,85.085
2026-05-25 04:25:49,38,43,,,3.418,85.539
2026-05-25 04:30:50,38,41,,,3.466,84.854
2026-05-25 04:35:50,47,57,,,3.482,84.179
2026-05-25 04:40:50,40,43,,,3.509,84.234
2026-05-25 04:45:50,42,47,,,3.461,82.876
2026-05-25 04:50:50,41,46,,,3.408,83.845
2026-05-25 04:55:51,41,46,,,3.381,84.547
2026-05-25 05:00:51,35,37,,,3.338,85.258
2026-05-25 05:05:51,36,41,,,3.338,85.287
2026-05-25 05:10:51,76,91,,,3.344,84.244
2026-05-25 05:15:51,53,63,,,3.354,84.499
2026-05-25 05:20:51,43,49,,,3.381,86.267
2026-05-25 05:25:52,49,58,,,3.456,85.041
2026-05-25 05:30:52,48,57,,,3.408,83.963
2026-05-25 05:35:52,49,59,,,3.434,82.518
2026-05-25 05:40:52,49,62,,,3.392,82.025
2026-05-25 05:45:52,46,57,,,3.221,83.065
2026-05-25 05:50:52,45,57,,,3.141,83.006
2026-05-25 05:55:52,46,52,,,3.007,83.797
2026-05-25 06:00:53,43,48,,,2.852,83.918
2026-05-25 06:05:53,43,48,,,2.783,84.429
2026-05-25 06:10:53,38,42,,,2.665,84.747
2026-05-25 06:15:53,33,37,,,2.569,84.711
2026-05-25 06:20:53,31,32,,,2.468,84.558
2026-05-25 06:25:54,33,37,,,2.409,84.28
2026-05-25 06:30:53,31,32,,,2.361,84.824
2026-05-25 06:35:54,32,35,,,2.302,85.012
2026-05-25 06:40:54,31,32,,,2.259,84.272
2026-05-25 06:45:54,61,75,,,2.174,85.379
2026-05-25 06:50:54,39,45,,,2.057,84.709
2026-05-25 06:55:55,137,153,,,1.95,84.238
2026-05-25 07:00:55,59,71,,,1.859,85.377
2026-05-25 07:05:55,36,37,,,1.8,85.072
2026-05-25 07:10:55,23,24,,,1.747,84.887
2026-05-25 07:15:55,33,36,,,1.645,84.938
2026-05-25 07:20:55,30,33,,,1.608,85.348
2026-05-25 07:25:55,38,46,,,1.506,86.027
2026-05-25 07:30:56,22,25,,,1.603,86.025
2026-05-25 07:35:56,46,56,,,1.571,87.105
2026-05-25 07:40:56,42,50,,,1.576,87.212
2026-05-25 07:45:56,53,62,,,1.685,85.495
2026-05-25 07:50:57,26,28,,,1.595,85.934
2026-05-25 07:55:57,43,51,,,1.645,85.581
2026-05-25 08:00:57,22,25,,,1.608,85.228
2026-05-25 08:05:57,25,25,,,1.568,85.43
2026-05-25 08:10:57,10,10,,,1.619,85.762
2026-05-25 08:15:58,6,7,,,1.709,87.116
2026-05-25 08:20:57,15,18,,,1.848,87.147
2026-05-25 08:25:58,10,11,,,1.848,86.311
2026-05-25 08:30:58,32,32,,,2.046,86.689
2026-05-25 08:35:58,15,18,,,2.286,87.21
2026-05-25 08:40:58,22,23,,,2.604,86.203
2026-05-25 08:45:58,14,15,,,2.935,86.817
2026-05-25 08:50:59,15,18,,,3.41,85.796
2026-05-25 08:55:59,14,16,,,4.025,85.415
2026-05-25 09:00:59,13,13,,,4.436,83.788
2026-05-25 09:05:59,16,21,,,4.906,80.749
2026-05-25 09:10:59,17,23,,,5.739,77.904
2026-05-25 09:16:00,18,20,,,6.241,78.117
2026-05-25 09:21:00,16,16,,,6.711,75.55
2026-05-25 09:26:00,17,22,,,7.192,71.337
2026-05-25 09:31:00,33,34,,,7.664,70.955
2026-05-25 09:36:00,34,43,,,8.166,69.669
2026-05-25 09:41:00,31,32,,,8.452,68.681
2026-05-25 09:46:01,30,32,,,9.339,59.33
2026-05-25 09:51:00,30,32,,,9.819,56.005
2026-05-25 09:56:01,24,24,,,10.134,59.654
2026-05-25 10:01:01,24,26,,,10.586,60.058
2026-05-25 10:06:01,21,21,,,11.002,56.713
2026-05-25 10:11:01,18,19,,,11.44,53.512
2026-05-25 10:16:02,18,21,,,11.91,51.862
2026-05-25 10:21:02,21,21,,,12.428,53.815
2026-05-25 10:26:02,20,24,,,13.117,47.958
2026-05-25 10:31:02,15,16,,,13.651,38.697
2026-05-25 10:36:02,24,25,,,14.025,44.315
2026-05-25 10:41:02,20,22,,,14.447,33.042
2026-05-25 10:46:02,29,31,,,14.976,36.594
2026-05-25 10:51:03,20,24,,,15.52,40.231
2026-05-25 10:56:03,19,20,,,15.99,39.069
2026-05-25 11:01:03,23,25,,,16.247,39.697
2026-05-25 11:06:03,19,19,,,16.508,36.17
2026-05-25 11:11:03,22,23,,,16.957,38.162
2026-05-25 11:16:03,17,17,,,17.454,33.803
2026-05-25 11:21:04,19,21,,,18.137,30.309
2026-05-25 11:26:04,18,21,,,18.981,28.369
2026-05-25 11:31:07,14,16,,,19.745,24.73
2026-05-25 11:36:04,14,18,,,20.055,22.019
2026-05-25 11:41:04,14,15,,,20.936,22.725
2026-05-25 11:46:05,14,16,,,21.513,23.191
2026-05-25 11:51:04,14,15,,,21.422,22.727
2026-05-25 11:56:06,11,14,,,22.164,23.597
2026-05-25 12:01:05,9,11,,,22.607,20.484
2026-05-25 12:06:05,5,6,,,23.254,19.736
2026-05-25 12:11:06,7,8,,,23.756,20.741
2026-05-25 12:16:05,8,8,,,24.3,20.469
2026-05-25 12:21:06,6,6,,,23.996,20.534
2026-05-25 12:26:06,5,6,,,24.53,19.219
2026-05-25 12:31:06,5,5,,,24.674,18.741
2026-05-25 12:36:06,3,3,,,24.514,18.269
2026-05-25 12:41:07,4,4,,,24.701,19.765
2026-05-25 12:46:06,7,7,,,25.363,16.824
2026-05-25 12:51:07,5,6,,,25.427,15.553
2026-05-25 12:56:07,7,7,,,25.107,15.87
2026-05-25 13:01:08,8,8,,,25.283,15.147
2026-05-25 13:06:07,8,8,,,25.74,16.854
2026-05-25 13:11:08,6,7,,,25.569,16.229
2026-05-25 13:16:07,6,7,,,25.937,16.614
2026-05-25 13:21:08,5,5,,,26.493,16.688
2026-05-25 13:26:08,5,6,,,26.167,17.644
2026-05-25 13:31:09,6,6,,,26.592,16.045
2026-05-25 13:36:09,5,5,,,26.359,15.317
2026-05-25 13:41:09,4,4,,,26.447,14.172
2026-05-25 13:46:09,2,2,,,27.061,14.094
2026-05-25 13:51:09,3,3,,,27.128,14.129
2026-05-25 13:56:09,1,1,,,27.043,15.22
2026-05-25 14:01:09,2,3,,,27.15,15.229
2026-05-25 14:06:10,3,3,,,27.256,14.317
2026-05-25 14:11:10,3,3,,,27.839,15.365
2026-05-25 14:16:10,3,4,,,28.042,15.221
2026-05-25 14:21:10,3,3,,,27.993,15.157
2026-05-25 14:26:11,4,4,,,28.159,15.767
2026-05-25 14:31:11,2,3,,,28.402,15.265
2026-05-25 14:36:11,3,3,,,29.011,14.953
2026-05-25 14:41:11,2,3,,,28.936,15.437
2026-05-25 14:46:11,4,4,,,28.821,15.992
2026-05-25 14:51:11,4,4,,,29.014,15.733
2026-05-25 14:56:01,3,3,,,29.224,15.733
2026-05-25 14:56:02,3,3,,,29.224,15.733
2026-05-25 15:01:03,1,2,,,29.692,14.653
2026-05-25 15:06:02,4,4,,,29.609,14.747
2026-05-25 15:11:03,4,4,,,29.804,15.555
2026-05-25 15:16:02,0,0,,,30.052,13.306
2026-05-25 15:21:03,1,1,,,30.367,13.53
2026-05-25 15:26:03,0,0,,,30.375,13.839
2026-05-25 15:31:03,5,7,,,29.331,15.134
2026-05-25 15:36:04,22,22,,,28.058,16.255
2026-05-25 15:41:03,11,14,,,27.684,16.913
2026-05-25 15:46:03,1,1,,,27.099,17.451
2026-05-25 15:51:03,1,1,,,26.733,17.161
2026-05-25 15:56:03,1,1,,,26.453,17.016
2026-05-25 16:01:03,1,1,,,26.402,16.164
2026-05-25 16:06:03,1,2,,,26.151,17.287
2026-05-25 16:11:06,0,0,,,26.009,19.216
2026-05-25 16:16:03,0,0,,,25.7,18.567
2026-05-25 16:21:03,1,1,,,25.753,19.353
2026-05-25 16:26:03,2,2,,,25.494,18.121
2026-05-25 16:31:04,3,3,,,25.256,18.807
2026-05-25 16:36:03,4,5,,,24.936,18.968
2026-05-25 16:41:03,3,4,,,24.519,20.434
2026-05-25 16:46:03,3,3,,,24.143,23.597
2026-05-25 16:51:04,5,5,,,23.478,22.969
2026-05-25 16:56:03,5,5,,,22.947,29.618
2026-05-25 17:01:03,2,3,,,22.399,33.254
2026-05-25 17:06:03,3,3,,,21.753,34.585
2026-05-25 17:11:03,3,3,,,20.986,35.684
2026-05-25 17:16:03,2,2,,,20.284,35.779
2026-05-25 17:21:03,1,1,,,19.796,35.524
2026-05-25 17:26:03,5,5,,,19.227,36.994
2026-05-25 17:31:03,4,4,,,18.714,37.267
2026-05-25 17:36:03,3,4,,,18.289,39.016
2026-05-25 17:41:03,3,3,,,17.747,38.015
2026-05-25 17:46:03,2,2,,,17.467,39.022
2026-05-25 17:51:03,0,0,,,17.074,40.483
2026-05-25 17:56:03,79,84,,,16.594,42.548
2026-05-25 18:01:03,14,15,,,16.292,40.241
2026-05-25 18:06:03,2,4,,,16.215,39.966
2026-05-25 18:11:03,46,56,,,15.966,40.05
2026-05-25 18:16:04,13,14,,,15.835,41.04
2026-05-25 18:21:11,20,20,,,15.446,44.219
2026-05-25 18:26:04,7,7,,,15.176,43.632
2026-05-25 18:31:03,4,5,,,14.933,43.273
2026-05-25 18:36:03,4,4,,,14.663,43.142
2026-05-25 18:41:03,7,7,,,14.42,45.028
2026-05-25 18:46:03,18,18,,,14.26,42.348
2026-05-25 18:51:04,3,3,,,14.255,40.756
2026-05-25 18:56:03,35,39,,,14.231,40.288
2026-05-25 19:01:04,28,29,,,13.966,41.978
2026-05-25 19:06:03,109,118,,,13.87,43.613
2026-05-25 19:11:04,25,25,,,13.696,41.742
2026-05-25 19:16:03,24,24,,,13.635,42.829
2026-05-25 19:21:05,28,28,,,13.462,42.636
2026-05-25 19:26:03,6,6,,,13.299,44.736
2026-05-25 19:31:04,13,13,,,13.042,45.56
2026-05-25 19:36:04,48,62,,,12.767,47.784
2026-05-25 19:41:04,13,15,,,12.54,48.248
2026-05-25 19:46:04,3,3,,,12.212,50.407
2026-05-25 19:51:05,61,72,,,11.921,51.494
2026-05-25 19:56:05,139,144,,,11.654,51.555
2026-05-25 20:01:04,115,123,,,11.536,51.067
2026-05-25 20:11:07,95,101,,,11.013,56.31
2026-05-25 20:16:04,5,6,,,10.789,57.13
2026-05-25 20:21:04,25,25,,,10.468,57.636
2026-05-25 20:26:03,29,29,,,10.193,57.602
2026-05-25 20:31:04,19,20,,,9.998,56.833
2026-05-25 20:36:04,6,7,,,9.779,57.052
2026-05-25 20:41:05,8,9,,,9.624,57.813
2026-05-25 20:46:04,8,12,,,9.493,58.681
2026-05-25 20:51:11,26,27,,,9.331,59.249
2026-05-25 20:56:07,52,64,,,9.112,59.949
2026-05-25 21:01:04,5,5,,,8.949,60.608
2026-05-25 21:06:04,91,96,,,8.77,61.451
2026-05-25 21:11:04,4,4,,,8.556,61.285
2026-05-25 21:16:04,4,4,,,8.484,60.741
2026-05-25 21:21:04,12,12,,,8.439,59.026
2026-05-25 21:26:04,5,5,,,8.439,59.444
2026-05-25 21:31:05,1,1,,,8.34,62.244
2026-05-25 21:36:05,3,5,,,8.225,61.679
2026-05-25 21:41:08,13,16,,,8.009,62.393
2026-05-25 21:46:04,16,17,,,7.993,62.4
2026-05-25 21:51:04,13,15,,,7.84,59.873
2026-05-25 21:56:04,74,85,,,7.918,60.001
2026-05-25 22:01:07,61,78,,,7.953,59.404
2026-05-25 22:06:04,47,61,,,7.864,60.236
2026-05-25 22:11:04,18,19,,,7.851,59.78
2026-05-25 22:21:04,9,10,,,7.814,62.597
2026-05-25 22:26:04,51,63,,,7.71,61.754
2026-05-25 22:31:05,6,6,,,7.552,61.529
2026-05-25 22:36:04,9,12,,,7.6,61.166
2026-05-25 22:41:04,5,5,,,7.555,59.404
2026-05-25 22:46:04,7,7,,,7.499,63.795
2026-05-25 22:51:04,3,3,,,7.411,63.77
2026-05-25 22:56:04,2,3,,,7.221,63.263
2026-05-25 23:01:12,4,5,,,7.141,63.57
2026-05-25 23:06:04,7,7,,,7.197,60.817
2026-05-25 23:11:04,4,5,,,7.285,58.897
2026-05-25 23:16:05,8,8,,,7.312,60.59
2026-05-25 23:21:04,32,34,,,7.314,59.772
2026-05-25 23:26:04,64,79,,,7.258,61.922
2026-05-25 23:31:05,30,31,,,7.197,61.865
2026-05-25 23:36:04,30,30,,,7.013,63.369
2026-05-25 23:41:07,10,12,,,6.879,63.902
2026-05-25 23:46:04,9,9,,,6.794,64.109
2026-05-25 23:51:07,8,8,,,6.73,61.044
2026-05-25 23:56:04,10,10,,,6.607,61.735
2026-05-26 00:01:07,13,14,,,6.585,60.705
2026-05-26 00:06:04,15,16,,,6.5,62.78
2026-05-26 00:11:04,10,13,,,6.38,62.351
2026-05-26 00:16:04,7,7,,,6.356,62.605
2026-05-26 00:21:04,13,14,,,6.409,63.503
2026-05-26 00:26:04,5,8,,,6.329,64.806
2026-05-26 00:31:04,5,8,,,6.19,65.221
2026-05-26 00:36:04,5,5,,,6.102,65.651
2026-05-26 00:41:04,5,5,,,6.115,64.802
2026-05-26 00:46:04,5,7,,,5.966,66.307
2026-05-26 00:51:04,4,4,,,5.875,67.241
2026-05-26 00:56:04,3,3,,,5.742,67.093
2026-05-26 01:01:04,4,4,,,5.702,65.96
2026-05-26 01:06:04,3,3,,,5.678,65.582
2026-05-26 01:11:04,2,3,,,5.608,65.906
2026-05-26 01:16:04,3,3,,,5.523,65.559
2026-05-26 01:21:05,4,4,,,5.523,65.576
2026-05-26 01:26:04,4,4,,,5.451,64.874
2026-05-26 01:31:05,3,4,,,5.245,66.37
2026-05-26 01:36:04,1,1,,,5.175,66.705
2026-05-26 01:41:04,2,2,,,5.117,66.694
2026-05-26 01:46:04,3,3,,,5.095,65.324
2026-05-26 01:51:04,3,3,,,5.119,66.505
2026-05-26 01:56:04,2,3,,,4.978,68.128
2026-05-26 02:01:04,9,9,,,4.94,67.461
2026-05-26 02:06:04,6,8,,,4.844,68.285
2026-05-26 02:11:05,1,1,,,4.689,68.737
2026-05-26 02:16:04,3,4,,,4.601,68.271
2026-05-26 02:21:04,1,1,,,4.62,67.35
2026-05-26 02:26:04,2,3,,,4.684,68.584
2026-05-26 02:31:04,3,3,,,4.663,68.458
2026-05-26 02:36:04,4,4,,,4.615,68.121
2026-05-26 02:41:05,6,6,,,4.5,68.821
2026-05-26 02:46:04,3,3,,,4.401,68.578
2026-05-26 02:51:05,3,3,,,4.348,67.276
2026-05-26 02:56:04,6,6,,,4.422,66.625
2026-05-26 03:01:05,4,4,,,4.374,67.259
2026-05-26 03:06:04,4,4,,,4.43,66.419
2026-05-26 03:11:05,6,6,,,4.497,67.566
2026-05-26 03:16:05,6,7,,,4.374,68.805
2026-05-26 03:21:05,7,8,,,4.252,68.695
2026-05-26 03:26:05,7,8,,,4.252,69.378
2026-05-26 03:31:05,7,8,,,4.083,69.937
2026-05-26 03:36:05,5,5,,,4.022,70.287
2026-05-26 03:41:05,5,6,,,3.947,70.03
2026-05-26 03:46:05,3,3,,,3.862,69.715
2026-05-26 03:51:05,1,3,,,3.701,70.875
2026-05-26 03:56:05,2,5,,,3.758,70.516
2026-05-26 04:01:05,3,3,,,3.814,70.886
2026-05-26 04:06:05,1,1,,,3.739,70.877
2026-05-26 04:11:05,2,3,,,3.669,71.491
2026-05-26 04:16:05,2,2,,,3.504,72.103
2026-05-26 04:21:05,1,2,,,3.565,71.773
2026-05-26 04:26:05,2,2,,,3.504,72.414
2026-05-26 04:31:05,3,5,,,3.696,70.011
2026-05-26 04:36:05,3,5,,,3.541,70.343
2026-05-26 04:41:05,1,2,,,3.52,70.904
2026-05-26 04:46:05,1,2,,,3.56,70.772
2026-05-26 04:51:05,2,2,,,3.595,70.013
2026-05-26 04:56:05,2,2,,,3.547,70.566
2026-05-26 05:01:05,1,1,,,3.499,70.696
2026-05-26 05:06:05,1,2,,,3.488,71.064
2026-05-26 05:11:05,2,2,,,3.394,71.707
2026-05-26 05:16:05,0,0,,,3.28,72.054
2026-05-26 05:21:05,1,1,,,3.226,72.784
2026-05-26 05:26:05,1,1,,,3.135,72.506
2026-05-26 05:31:05,2,2,,,3.093,70.86
2026-05-26 05:36:05,2,2,,,3.154,69.984
2026-05-26 05:41:05,1,1,,,3.28,70.591
2026-05-26 05:46:05,28,29,,,3.269,70.877
2026-05-26 05:51:05,19,20,,,3.333,70.869
2026-05-26 05:56:05,3,3,,,3.344,71.735
2026-05-26 06:01:05,8,11,,,3.207,72.908
2026-05-26 06:06:05,30,34,,,3.093,72.887
2026-05-26 06:11:05,3,3,,,3.066,73.278
2026-05-26 06:16:05,6,9,,,3.061,72.891
2026-05-26 06:21:05,7,8,,,3.007,72.555
2026-05-26 06:26:05,2,2,,,2.967,72.307
2026-05-26 06:31:05,0,0,,,2.9,71.558
2026-05-26 06:36:05,1,1,,,2.922,72.494
2026-05-26 06:41:05,0,0,,,2.831,72.542
2026-05-26 06:46:05,0,0,,,2.863,71.922
2026-05-26 06:51:05,0,0,,,2.807,72.948
2026-05-26 06:56:05,0,1,,,2.751,73.128
2026-05-26 07:01:05,0,0,,,2.591,74.373
2026-05-26 07:06:05,0,0,,,2.639,74.394
2026-05-26 07:11:05,1,1,,,2.575,75.395
2026-05-26 07:16:05,0,1,,,2.551,74.594
2026-05-26 07:21:05,0,0,,,2.489,74.331
2026-05-26 07:26:05,0,0,,,2.372,74.547
2026-05-26 07:31:05,1,2,,,2.468,74.203
2026-05-26 07:36:05,0,0,,,2.409,74.137
2026-05-26 07:41:05,5,5,,,2.374,73.524
2026-05-26 07:46:05,7,7,,,2.372,73.557
2026-05-26 07:51:05,6,9,,,2.468,72.899
2026-05-26 07:56:05,7,9,,,2.372,73.118
2026-05-26 08:01:05,6,6,,,2.318,72.689
2026-05-26 08:06:05,6,6,,,2.342,72.325
2026-05-26 08:11:05,6,7,,,2.388,71.106
2026-05-26 08:16:05,10,11,,,2.462,71.565
2026-05-26 08:21:05,11,14,,,2.484,71.699
2026-05-26 08:26:05,11,14,,,2.575,70.686
2026-05-26 08:31:05,9,9,,,2.535,71.962
2026-05-26 08:36:05,7,9,,,2.868,72.487
2026-05-26 08:41:05,20,22,,,3.28,72.368
2026-05-26 08:46:05,11,14,,,3.787,70.978
2026-05-26 08:51:05,11,11,,,4.348,70.261
2026-05-26 08:56:05,8,8,,,4.735,66.519
2026-05-26 09:01:05,8,9,,,5.234,66.879
2026-05-26 09:06:05,7,7,,,5.774,65.189
2026-05-26 09:11:05,8,8,,,6.366,64.737
2026-05-26 09:16:05,6,6,,,6.874,62.307
2026-05-26 09:21:05,5,5,,,7.373,58.698
2026-05-26 09:26:05,5,5,,,7.814,56.125
2026-05-26 09:31:05,6,6,,,8.294,54.489
2026-05-26 09:36:06,10,13,,,8.839,53.752
2026-05-26 09:41:05,12,17,,,9.448,51.897
2026-05-26 09:46:05,10,12,,,10.294,52.917
2026-05-26 09:51:06,5,6,,,10.772,51.433
2026-05-26 09:56:06,4,4,,,11.552,49.865
2026-05-26 10:01:06,4,5,,,12.07,50.094
2026-05-26 10:06:06,4,4,,,12.567,43.382
2026-05-26 10:11:05,6,6,,,13.216,41.307
2026-05-26 10:16:07,12,14,,,13.806,46.84
2026-05-26 10:21:05,11,14,,,14.345,36.477
2026-05-26 10:26:06,12,14,,,15.205,33.633
2026-05-26 10:31:05,8,10,,,16.153,28.251
2026-05-26 10:36:09,17,18,,,16.775,26.65
2026-05-26 10:41:06,6,6,,,17.165,27.112
2026-05-26 10:46:06,8,11,,,17.675,26.815
2026-05-26 10:51:05,8,10,,,18.276,28.688
2026-05-26 10:56:06,4,4,,,18.85,25.224
2026-05-26 11:01:06,3,3,,,19.109,22.473
2026-05-26 11:06:06,5,6,,,19.499,25.678
2026-05-26 11:11:05,3,3,,,20.308,23.152
2026-05-26 11:16:06,3,4,,,20.679,24.661
2026-05-26 11:21:05,5,5,,,21.654,24.673
2026-05-26 11:26:06,4,5,,,22.282,22.862
2026-05-26 11:31:05,4,4,,,22.906,22.571
2026-05-26 11:36:06,2,3,,,23.331,20.642
2026-05-26 11:41:06,4,4,,,23.708,22.138
2026-05-26 11:46:06,2,3,,,24.17,19.622
2026-05-26 11:51:06,2,2,,,24.915,19.269
2026-05-26 11:56:06,1,2,,,25.331,16.866
2026-05-26 12:01:06,1,1,,,25.857,16.45
2026-05-26 12:06:06,3,3,,,25.977,18.947
2026-05-26 12:11:06,2,2,,,26.45,15.469
2026-05-26 12:16:07,1,1,,,26.49,16.375
2026-05-26 12:21:06,4,4,,,26.613,16.896
2026-05-26 12:26:06,3,3,,,26.61,18.092
2026-05-26 12:31:06,5,5,,,27.355,18.607
2026-05-26 12:36:06,3,3,,,26.984,17.129
2026-05-26 12:41:06,3,3,,,27.131,17.478
2026-05-26 12:46:06,2,2,,,27.168,16.869
2026-05-26 12:51:06,2,2,,,27.176,17.548
2026-05-26 12:56:09,4,5,,,26.859,18.502
2026-05-26 13:01:06,3,5,,,27.58,17.714
2026-05-26 13:06:06,4,4,,,27.654,16.101
2026-05-26 13:11:06,2,2,,,27.782,16.04
2026-05-26 13:16:06,1,2,,,28.082,15.471
2026-05-26 13:21:06,1,1,,,28.084,17.239
2026-05-26 13:26:06,1,1,,,28.317,16.488
2026-05-26 13:31:06,0,0,,,28.989,15.311
2026-05-26 13:36:06,1,1,,,28.904,15.939
2026-05-26 13:41:06,0,0,,,29.331,15.433
2026-05-26 13:46:13,1,2,,,28.885,15.952
2026-05-26 13:51:07,1,1,,,28.989,15.662
2026-05-26 13:56:06,0,0,,,28.453,15.67
2026-05-26 14:01:06,1,2,,,28.471,15.906
2026-05-26 14:11:07,2,2,,,28.952,15.895
2026-05-26 14:16:06,3,3,,,28.896,15.702
2026-05-26 14:21:06,4,4,,,29.363,16.143
2026-05-26 14:26:06,5,5,,,29.684,15.83
2026-05-26 14:31:06,1,1,,,29.427,16.011
2026-05-26 14:36:09,2,2,,,28.832,16.23
2026-05-26 14:41:06,2,3,,,28.984,16.414
2026-05-26 14:46:06,3,3,,,28.608,16.972
2026-05-26 14:51:06,2,2,,,28.517,16.509
2026-05-26 14:56:08,3,3,,,28.258,17.299
2026-05-26 15:01:06,5,6,,,28.298,17.539
2026-05-26 15:06:06,4,5,,,28.653,17.629
2026-05-26 15:11:06,4,5,,,28.677,17.537
2026-05-26 15:16:07,4,5,,,28.602,17.743
2026-05-26 15:21:07,5,5,,,28.311,17.978
2026-05-26 15:26:06,10,11,,,28.207,18.248
2026-05-26 15:31:07,6,6,,,29.019,17.552
2026-05-26 15:36:06,4,5,,,28.114,18.79
2026-05-26 15:41:07,5,6,,,27.644,19.097
2026-05-26 15:46:06,6,6,,,26.794,20.276
2026-05-26 15:51:06,5,6,,,26.538,21.514
2026-05-26 15:56:06,8,8,,,25.566,23.068
2026-05-26 16:02:14,10,12,,,25.515,23.644
2026-05-26 16:06:07,13,14,,,25.029,24.882
2026-05-26 16:11:06,12,14,,,24.658,25.447
2026-05-26 16:16:08,14,16,,,24.538,26.343
2026-05-26 16:21:07,18,19,,,24.212,27.131
2026-05-26 16:36:10,21,22,,,23.323,29.466
2026-05-26 16:41:07,21,22,,,22.981,30.629
2026-05-26 16:46:13,20,20,,,22.602,31.024
2026-05-26 16:51:07,22,23,,,22.474,31.476
2026-05-26 16:56:07,22,23,,,22.172,32.016
2026-05-26 17:01:06,23,24,,,21.71,33.561
2026-05-26 17:06:14,24,25,,,21.55,33.666
2026-05-26 17:11:07,23,25,,,21.221,34.541
2026-05-26 17:16:07,23,24,,,20.706,37.708
2026-05-26 17:21:07,17,19,,,20.351,39.84
2026-05-26 17:26:07,15,18,,,19.852,40.784
2026-05-26 17:31:07,15,15,,,19.237,41.387
2026-05-26 17:36:07,15,16,,,18.706,42.386
2026-05-26 17:41:06,17,20,,,18.089,44.452
2026-05-26 17:46:07,12,15,,,17.649,44.629
2026-05-26 17:51:07,33,37,,,16.989,46.34
2026-05-26 17:56:10,47,60,,,16.733,47.283
2026-05-26 18:01:07,19,22,,,16.567,48.11
2026-05-26 18:06:07,46,56,,,16.132,50.504
2026-05-26 18:11:08,132,148,,,15.771,51.124
2026-05-26 18:16:08,46,57,,,15.341,51.395
2026-05-26 18:21:07,31,35,,,14.957,52.608
2026-05-26 18:26:07,24,24,,,14.709,53.918
2026-05-26 18:31:07,22,23,,,14.385,55.381
2026-05-26 18:36:07,23,23,,,14.084,55.374
2026-05-26 18:41:07,26,27,,,13.99,54.325
2026-05-26 18:46:07,24,26,,,13.771,54.306
2026-05-26 18:51:10,33,39,,,13.587,54.525
2026-05-26 18:56:07,51,64,,,13.445,56.186
2026-05-26 19:01:10,45,56,,,13.224,57.025
2026-05-26 19:06:07,44,51,,,12.834,57.695
2026-05-26 19:11:07,23,24,,,12.751,57.741
2026-05-26 19:16:07,28,28,,,12.562,56.922
2026-05-26 19:21:07,33,35,,,12.532,56.707
2026-05-26 19:26:11,24,26,,,12.452,57.897
2026-05-26 19:31:07,13,14,,,12.372,56.791
2026-05-26 19:36:07,15,17,,,12.236,58.435
2026-05-26 19:41:07,15,17,,,12.126,58.818
2026-05-26 19:46:07,15,16,,,11.969,59.007
2026-05-26 19:51:08,13,13,,,11.811,59.442
2026-05-26 19:56:07,12,12,,,11.619,59.797
2026-05-26 20:01:07,12,14,,,11.493,59.864
2026-05-26 20:06:08,15,17,,,11.309,60.175
2026-05-26 20:11:10,19,23,,,11.168,60.718
2026-05-26 20:16:07,20,20,,,10.909,61.88
2026-05-26 20:21:08,44,53,,,10.858,62.153
2026-05-26 20:26:10,54,66,,,10.634,63.049
2026-05-26 20:31:07,29,30,,,10.447,62.835
2026-05-26 20:36:07,36,39,,,10.26,63.852
2026-05-26 20:41:07,13,16,,,10.089,64.205
2026-05-26 20:51:07,16,19,,,9.918,64.895
2026-05-26 20:56:07,30,32,,,9.742,65.302
2026-05-26 21:01:08,24,24,,,9.776,65.458
2026-05-26 21:11:09,24,25,,,9.565,67.142
2026-05-26 21:16:08,24,25,,,9.427,67.003
2026-05-26 21:21:15,19,19,,,9.328,67.363
2026-05-26 21:26:07,28,28,,,9.277,66.829
2026-05-26 21:31:15,35,39,,,9.298,66.871
2026-05-26 21:36:08,38,44,,,9.29,67.243
2026-05-26 21:41:08,44,52,,,9.122,67.556
2026-05-26 21:46:08,36,38,,,9.112,67.468
2026-05-26 21:51:08,28,28,,,8.938,68.086
2026-05-26 21:56:09,25,26,,,8.866,68.315
2026-05-26 22:01:08,25,27,,,8.652,68.767
2026-05-26 22:06:09,47,57,,,8.588,68.744
2026-05-26 22:11:08,50,61,,,8.532,68.643
2026-05-26 22:16:07,83,89,,,8.455,69.122
2026-05-26 22:21:08,52,63,,,8.332,69.257
2026-05-26 22:26:07,65,77,,,8.166,70.41
2026-05-26 22:31:08,29,33,,,8.083,70.022
2026-05-26 22:36:08,27,29,,,8.011,70.362
2026-05-26 22:41:08,210,226,,,7.902,71.176
2026-05-26 22:46:08,47,59,,,7.779,71.735
2026-05-26 22:51:15,45,54,,,7.798,71.035
2026-05-26 22:56:08,57,72,,,7.544,71.811
2026-05-26 23:01:08,67,81,,,7.421,71.699
2026-05-26 23:06:08,39,43,,,7.28,71.976
2026-05-26 23:11:07,35,35,,,7.229,72.328
2026-05-26 23:16:08,32,35,,,7.381,72.813
2026-05-26 23:21:08,65,80,,,7.603,71.377
2026-05-26 23:26:09,51,59,,,7.437,72.363
2026-05-26 23:31:08,49,60,,,7.36,72.59
2026-05-26 23:36:08,44,52,,,7.346,72.765
2026-05-26 23:41:07,31,33,,,7.274,73.379
2026-05-26 23:46:08,34,36,,,7.144,72.792
2026-05-26 23:51:07,25,27,,,7.197,71.918
2026-05-26 23:56:08,31,31,,,7.232,71.525
2026-05-27 00:01:08,46,56,,,7.36,70.923
2026-05-27 00:06:08,27,27,,,7.149,72.87
2026-05-27 00:11:07,23,25,,,7.21,72.456
2026-05-27 00:16:08,37,40,,,7.05,72.704
2026-05-27 00:21:07,34,39,,,6.97,72.689
2026-05-27 00:26:08,39,45,,,6.946,72.628
2026-05-27 00:31:08,32,32,,,6.756,72.445
2026-05-27 00:36:08,33,34,,,6.748,71.876
2026-05-27 00:41:07,32,34,,,6.714,72.279
2026-05-27 00:46:08,32,35,,,6.658,72.264
2026-05-27 00:51:08,38,43,,,6.585,70.707
2026-05-27 00:56:08,40,46,,,6.698,70.692
2026-05-27 01:01:08,83,91,,,6.572,71.794
2026-05-27 01:06:08,54,67,,,6.559,71.913
2026-05-27 01:11:08,51,62,,,6.332,72.372
2026-05-27 01:16:08,29,32,,,6.099,73.099
2026-05-27 01:21:07,35,41,,,6.153,73.034
2026-05-27 01:26:08,38,41,,,6.161,72.26
2026-05-27 01:31:08,38,41,,,6.099,72.836
2026-05-27 01:36:08,47,57,,,5.819,72.992
2026-05-27 01:41:08,39,41,,,5.835,72.96
2026-05-27 01:46:08,35,41,,,5.736,72.731
2026-05-27 01:51:08,38,42,,,5.771,73.063
2026-05-27 01:56:07,45,54,,,5.597,73.831
2026-05-27 02:01:08,40,44,,,5.715,73.831
2026-05-27 02:06:08,38,39,,,5.581,74.947
2026-05-27 02:11:08,39,44,,,5.71,74.667
2026-05-27 02:16:07,41,47,,,5.71,74.694
2026-05-27 02:21:08,41,46,,,5.683,74.703
2026-05-27 02:26:08,41,49,,,5.616,75.205
2026-05-27 02:31:08,39,45,,,5.656,76.155
2026-05-27 02:36:08,41,48,,,5.448,76.792
2026-05-27 02:41:07,40,45,,,5.536,75.939
2026-05-27 02:46:08,41,47,,,5.56,77.124
2026-05-27 02:51:07,43,51,,,5.547,78.348
2026-05-27 02:56:08,40,44,,,5.539,78.442
2026-05-27 03:01:08,43,54,,,5.525,80.038
2026-05-27 03:06:08,46,55,,,5.397,80.507
2026-05-27 03:11:08,42,50,,,5.346,80.063
2026-05-27 03:16:08,43,52,,,5.37,80.097
2026-05-27 03:21:08,43,54,,,5.368,80.166
2026-05-27 03:26:08,39,46,,,5.461,81.133
2026-05-27 03:31:08,45,55,,,5.525,79.542
2026-05-27 03:36:08,42,47,,,5.48,79.843
2026-05-27 03:41:08,44,51,,,5.48,79.63
2026-05-27 03:46:08,39,46,,,5.451,80.498
2026-05-27 03:51:08,42,48,,,5.373,80.5
2026-05-27 03:56:08,42,48,,,5.261,79.685
2026-05-27 04:01:08,43,52,,,5.234,79.296
2026-05-27 04:06:08,42,49,,,5.17,80.557
2026-05-27 04:11:08,40,47,,,5.216,80.362
2026-05-27 04:16:08,40,44,,,5.165,79.311
2026-05-27 04:21:08,42,48,,,5.058,80.383
2026-05-27 04:26:08,41,45,,,4.93,79.918
2026-05-27 04:31:08,55,69,,,4.887,80.614
2026-05-27 04:36:08,69,86,,,4.772,80.975
2026-05-27 04:41:08,66,85,,,4.708,80.734
2026-05-27 04:46:08,42,54,,,4.561,81.434
2026-05-27 04:51:08,44,56,,,4.559,80.942
2026-05-27 04:56:08,75,92,,,4.519,82.216
2026-05-27 05:01:08,71,88,,,4.503,84.789
2026-05-27 05:06:08,55,68,,,4.655,85.989
2026-05-27 05:11:08,45,55,,,4.716,86.538
2026-05-27 05:16:08,43,55,,,4.756,84.372
2026-05-27 05:21:08,51,64,,,4.764,84.646
2026-05-27 05:26:08,51,62,,,4.78,84.051
2026-05-27 05:31:08,43,49,,,4.708,83.492
2026-05-27 05:36:08,48,59,,,4.62,82.874
2026-05-27 05:41:08,43,49,,,4.559,83.7
2026-05-27 05:46:08,43,51,,,4.436,83.744
2026-05-27 05:51:08,36,43,,,4.465,85.709
2026-05-27 05:56:08,40,47,,,4.569,87.668
2026-05-27 06:01:08,40,46,,,4.689,85.89
2026-05-27 06:06:08,45,51,,,4.372,82.508
2026-05-27 06:11:08,47,59,,,4.316,81.963
2026-05-27 06:16:08,43,52,,,4.31,81.802
2026-05-27 06:21:08,45,58,,,4.206,83.622
2026-05-27 06:26:08,44,55,,,4.139,83.038
2026-05-27 06:31:09,47,55,,,4.169,83.715
2026-05-27 06:36:08,45,56,,,4.102,84.011
2026-05-27 06:41:08,46,55,,,4.185,85.238
2026-05-27 06:46:08,48,59,,,4.254,84.08
2026-05-27 06:51:08,45,55,,,4.118,83.982
2026-05-27 06:56:08,45,53,,,4.155,85.466
2026-05-27 07:01:08,45,52,,,4.142,85.114
2026-05-27 07:06:08,43,52,,,4.246,86.004
2026-05-27 07:11:09,43,52,,,4.225,84.234
2026-05-27 07:16:08,44,50,,,4.193,84.343
2026-05-27 07:21:08,42,46,,,4.121,85.96
2026-05-27 07:26:08,46,56,,,4.113,84.949
2026-05-27 07:31:09,41,45,,,4.142,86.256
2026-05-27 07:36:08,40,49,,,4.225,86.866
2026-05-27 07:41:09,44,51,,,4.374,86.748
2026-05-27 07:46:08,41,51,,,4.452,86.403
2026-05-27 07:51:10,44,55,,,4.487,85.722
2026-05-27 07:56:08,43,52,,,4.377,85.293
2026-05-27 08:01:09,40,45,,,4.444,84.618
2026-05-27 08:06:08,41,45,,,4.398,84.49
2026-05-27 08:11:08,37,41,,,4.438,84.599
2026-05-27 08:16:08,39,44,,,4.481,84.736
2026-05-27 08:21:08,39,44,,,4.585,84.995
2026-05-27 08:26:08,39,45,,,4.679,84.059
2026-05-27 08:31:12,39,42,,,4.746,84.135
2026-05-27 08:36:09,43,49,,,4.866,84.436
2026-05-27 08:41:09,44,53,,,5.186,83.691
2026-05-27 08:46:09,40,46,,,5.509,82.928
2026-05-27 08:51:09,41,52,,,5.763,82.252
2026-05-27 08:56:08,42,48,,,6.129,81.783
2026-05-27 09:01:09,39,44,,,6.519,80.79
2026-05-27 09:06:09,41,46,,,6.991,79.945
2026-05-27 09:11:09,42,48,,,7.427,78.653
2026-05-27 09:16:09,42,50,,,7.824,76.822
2026-05-27 09:21:08,41,46,,,8.254,76.204
2026-05-27 09:26:09,44,53,,,8.652,74.522
2026-05-27 09:31:09,40,50,,,9.096,72.771
2026-05-27 09:36:08,41,48,,,9.405,72.077
2026-05-27 09:41:09,43,51,,,10.043,70.202
2026-05-27 09:46:09,44,54,,,10.505,66.242
2026-05-27 09:51:11,46,54,,,11.034,65.777
2026-05-27 09:56:09,43,53,,,11.333,62.225
2026-05-27 10:01:09,45,53,,,11.544,61.813
2026-05-27 10:06:09,43,52,,,12.086,59.793
2026-05-27 10:11:09,42,49,,,12.319,58.199
2026-05-27 10:16:09,40,49,,,12.703,56.245
2026-05-27 10:21:09,41,49,,,12.93,55.16
2026-05-27 10:26:09,41,48,,,13.44,54.269
2026-05-27 10:31:09,39,49,,,13.683,55.746
2026-05-27 10:36:09,40,49,,,14.086,53.459
2026-05-27 10:41:09,40,47,,,14.455,48.995
2026-05-27 10:46:09,41,48,,,14.863,47.389
2026-05-27 10:51:09,39,47,,,15.592,46.893
2026-05-27 10:56:08,42,50,,,15.798,48.36
2026-05-27 11:01:09,40,47,,,15.803,47.243
2026-05-27 11:06:08,39,46,,,15.91,46.348
2026-05-27 11:11:09,39,47,,,16.305,46.941
2026-05-27 11:16:09,40,47,,,16.014,48.353
2026-05-27 11:21:09,41,49,,,16.215,47.349
2026-05-27 11:26:09,41,48,,,16.458,46.344
2026-05-27 11:31:09,38,45,,,16.775,47.086
2026-05-27 11:36:09,36,43,,,16.869,48.385
2026-05-27 11:41:09,33,39,,,16.962,49.318
2026-05-27 11:46:09,33,36,,,16.679,50.947
2026-05-27 11:51:09,29,32,,,16.89,51.3
2026-05-27 11:56:09,30,30,,,17.139,51.155
2026-05-27 12:01:09,36,40,,,16.559,52.698
2026-05-27 12:06:09,33,40,,,16.807,52.385
2026-05-27 12:11:09,34,39,,,16.145,54.672
2026-05-27 12:16:09,35,41,,,16.126,54.807
2026-05-27 12:21:09,32,35,,,16.583,54.811
2026-05-27 12:26:09,32,40,,,16.356,55.372
2026-05-27 12:31:09,36,40,,,17.2,53.003
2026-05-27 12:36:09,32,36,,,17.609,50.704
2026-05-27 12:41:10,33,37,,,17.446,51.988
2026-05-27 12:46:09,30,33,,,18.212,49.11
2026-05-27 12:51:10,29,30,,,17.675,51.034
2026-05-27 12:56:09,32,36,,,18.231,50.579
2026-05-27 13:01:09,28,30,,,17.902,48.063
2026-05-27 13:06:09,29,30,,,18.052,49.255
2026-05-27 13:11:09,28,32,,,18.821,47.88
2026-05-27 13:16:09,27,31,,,19.187,46.745
2026-05-27 13:21:12,29,30,,,19.045,46.672
2026-05-27 13:26:09,27,29,,,19.243,47.54
2026-05-27 13:31:09,29,29,,,19.419,45.421
2026-05-27 13:36:09,27,29,,,19.641,45.432
2026-05-27 13:41:10,29,29,,,19.406,45.377
2026-05-27 13:46:10,28,30,,,19.259,47.489
2026-05-27 13:51:09,28,28,,,18.874,47.269
2026-05-27 13:56:09,27,30,,,19.721,45.465
2026-05-27 14:01:10,27,28,,,19.841,44.683
2026-05-27 14:06:09,28,29,,,19.774,45.661
2026-05-27 14:11:10,27,29,,,20.103,44.282
2026-05-27 14:16:09,26,28,,,20.84,42.373
2026-05-27 14:21:10,24,25,,,19.972,44.162
2026-05-27 14:26:09,27,29,,,20.071,45.331
2026-05-27 14:31:10,29,30,,,19.881,45.562
2026-05-27 14:36:09,28,30,,,19.488,46.449
2026-05-27 14:41:10,25,26,,,19.387,47.027
2026-05-27 14:46:10,27,29,,,19.502,47.195
2026-05-27 14:51:10,29,29,,,19.782,46.84
2026-05-27 14:56:10,27,30,,,19.085,48.448
2026-05-27 15:01:09,28,28,,,19.542,46.804
2026-05-27 15:06:09,25,26,,,19.104,47
2026-05-27 15:11:17,24,24,,,19.665,46.346
2026-05-27 15:16:10,18,21,,,19.227,46.594
2026-05-27 15:21:10,21,22,,,19.726,46.058
2026-05-27 15:26:10,19,20,,,20.095,45.89
2026-05-27 15:31:09,19,21,,,20.375,45.633
2026-05-27 15:36:10,22,25,,,19.63,47.388
2026-05-27 15:41:10,19,21,,,19.734,47.174
2026-05-27 15:46:10,23,23,,,19.443,48.259
2026-05-27 15:51:10,24,26,,,19.251,49.27
2026-05-27 15:56:10,25,27,,,19.35,48.746
2026-05-27 16:02:14,24,24,,,19.261,48.679
2026-05-27 16:06:10,20,22,,,18.797,49.667
2026-05-27 16:11:10,24,26,,,18.746,49.65
2026-05-27 16:16:10,22,22,,,18.439,48.675
2026-05-27 16:21:10,43,52,,,18.313,50.655
2026-05-27 16:26:10,21,21,,,18.143,51.082
2026-05-27 16:31:11,20,22,,,17.969,50.598
2026-05-27 16:36:17,24,25,,,17.95,51.359
2026-05-27 16:41:10,22,24,,,17.771,51.767
2026-05-27 16:46:13,18,19,,,17.55,51.916
2026-05-27 16:51:10,22,23,,,17.438,52.577
2026-05-27 16:56:13,29,30,,,17.034,53.34
2026-05-27 17:01:10,29,32,,,16.984,54.019
2026-05-27 17:06:11,27,27,,,16.797,56.024
2026-05-27 17:11:10,23,23,,,16.661,55.166
2026-05-27 17:16:18,23,23,,,16.471,57.905
2026-05-27 17:21:11,112,118,,,16.327,60.377
2026-05-27 17:26:13,53,65,,,16.084,61.021
2026-05-27 17:31:10,36,42,,,15.964,61.397
2026-05-27 17:36:10,56,68,,,15.649,63.48
2026-05-27 17:41:13,33,37,,,15.432,63.4
2026-05-27 17:46:11,57,70,,,15.128,65.324
2026-05-27 17:51:11,47,57,,,14.917,65.902
2026-05-27 17:56:10,24,25,,,14.644,66.797
2026-05-27 18:01:10,26,27,,,14.399,67.365
2026-05-27 18:06:10,34,39,,,14.094,67.901
2026-05-27 18:11:13,42,53,,,13.83,68.262
2026-05-27 18:16:11,65,75,,,13.6,69.16
2026-05-27 18:21:10,165,175,,,13.44,69.362
2026-05-27 18:31:13,39,46,,,13.005,70.696
2026-05-27 18:36:17,87,91,,,12.847,71.302
2026-05-27 18:41:10,27,30,,,12.676,71.031
2026-05-27 18:46:10,33,38,,,12.514,70.705
2026-05-27 18:56:10,59,70,,,12.233,70.11
2026-05-27 19:01:10,26,26,,,12.209,70.284
2026-05-27 19:06:10,28,28,,,12.089,70.444
2026-05-27 19:11:10,54,68,,,11.889,71.422
2026-05-27 19:16:14,50,63,,,11.822,71.998
2026-05-27 19:21:11,45,53,,,11.704,72.109
2026-05-27 19:26:10,69,77,,,11.606,72.759
2026-05-27 19:31:11,96,102,,,11.52,73.295
2026-05-27 19:36:11,37,43,,,11.379,73.545
2026-05-27 19:41:10,28,31,,,11.304,73.871
2026-05-27 19:46:13,38,44,,,11.232,74.005
2026-05-27 19:51:10,77,83,,,11.192,74.386
2026-05-27 19:56:10,60,73,,,11.072,74.463
2026-05-27 20:01:10,153,158,,,11.01,75.001
2026-05-27 20:11:10,32,33,,,10.895,75.178
2026-05-27 20:16:44,38,46,,,10.847,75.533
2026-05-27 20:21:10,35,37,,,10.732,75.786
2026-05-27 20:26:11,55,68,,,10.722,75.561
2026-05-27 20:31:12,50,61,,,10.612,75.796
2026-05-27 20:36:10,34,38,,,10.508,75.901
2026-05-27 20:41:23,32,34,,,10.404,76.174
2026-05-27 20:46:10,36,41,,,10.329,76.261
2026-05-27 20:51:14,35,40,,,10.332,75.977
2026-05-27 20:56:10,50,61,,,10.265,76.824
2026-05-27 21:01:11,51,63,,,10.217,77.343
2026-05-27 21:06:11,48,59,,,10.206,78.022
2026-05-27 21:11:11,30,32,,,10.236,77.471
2026-05-27 21:16:11,25,27,,,10.19,77.455
2026-05-27 21:21:11,52,67,,,10.196,77.291
2026-05-27 21:26:10,42,51,,,10.212,77.278
2026-05-27 21:31:11,43,52,,,10.164,77.583
2026-05-27 21:36:11,104,111,,,10.156,78.007
2026-05-27 21:41:10,104,109,,,10.078,78.613
2026-05-27 21:46:12,38,44,,,10.116,78.363
2026-05-27 21:51:12,273,296,,,10.116,78.487
2026-05-27 21:56:11,99,107,,,10.1,78.329
2026-05-27 22:01:11,36,41,,,10.054,78.15
2026-05-27 22:06:11,29,30,,,9.977,78.422
2026-05-27 22:11:11,50,62,,,9.923,78.707
2026-05-27 22:16:23,57,70,,,9.811,78.798
2026-05-27 22:21:11,35,36,,,9.691,79.597
2026-05-27 22:26:12,24,25,,,9.63,79.58
2026-05-27 22:31:11,27,28,,,9.614,79.517
2026-05-27 22:36:11,31,33,,,9.579,80.16
2026-05-27 22:41:12,29,33,,,9.491,79.929
2026-05-27 22:46:11,35,39,,,9.411,80.069
2026-05-27 22:51:11,22,24,,,9.419,80.772
2026-05-27 22:56:10,29,31,,,9.325,80.597
2026-05-27 23:01:11,39,47,,,9.269,80.334
2026-05-27 23:06:11,26,28,,,9.282,80.54
2026-05-27 23:11:11,22,22,,,9.226,80.791
2026-05-27 23:16:11,19,21,,,9.16,80.511
2026-05-27 23:21:11,24,24,,,9.069,81.243
2026-05-27 23:26:11,39,46,,,9.098,80.793
2026-05-27 23:31:11,32,36,,,9.058,80.656
2026-05-27 23:36:11,30,30,,,9.007,80.835
2026-05-27 23:41:11,21,22,,,8.914,81.205
2026-05-27 23:46:11,25,25,,,8.909,81.106
2026-05-27 23:51:11,26,28,,,8.943,81.139
2026-05-27 23:56:11,40,46,,,8.834,80.845
2026-05-28 00:01:11,27,28,,,8.772,80.501
2026-05-28 00:06:11,29,29,,,8.682,80.791
2026-05-28 00:11:11,20,21,,,8.593,81.358
2026-05-28 00:16:11,27,29,,,8.455,82.544
2026-05-28 00:21:11,20,21,,,8.479,82.203
2026-05-28 00:26:11,19,22,,,8.492,83.403
2026-05-28 00:31:11,13,14,,,8.593,82.46
2026-05-28 00:36:11,27,28,,,8.706,81.77
2026-05-28 00:41:11,12,13,,,8.708,81.905
2026-05-28 00:46:11,34,38,,,8.545,81.812
2026-05-28 00:51:11,31,35,,,8.548,81.301
2026-05-28 00:56:11,29,30,,,8.529,81.295
2026-05-28 01:01:11,20,20,,,8.465,81.741
2026-05-28 01:06:11,28,28,,,8.383,82.256
2026-05-28 01:11:11,26,30,,,8.364,82.951
2026-05-28 01:16:11,25,26,,,8.425,82.579
2026-05-28 01:21:11,41,49,,,8.369,82.63
2026-05-28 01:26:11,39,44,,,8.372,82.26
2026-05-28 01:31:11,27,28,,,8.326,82.42
2026-05-28 01:36:11,27,28,,,8.332,82.434
2026-05-28 01:41:11,26,26,,,8.281,82.75
2026-05-28 01:46:11,20,22,,,8.289,82.949
2026-05-28 01:51:11,22,22,,,8.329,82.878
2026-05-28 01:56:11,25,25,,,8.308,82.21
2026-05-28 02:01:11,21,22,,,8.326,82.693
2026-05-28 02:06:11,27,27,,,8.316,82.596
2026-05-28 02:11:11,22,25,,,8.292,81.861
2026-05-28 02:16:11,21,22,,,8.217,82.069
2026-05-28 02:21:11,22,25,,,8.081,81.737
2026-05-28 02:26:11,25,26,,,8.046,81.961
2026-05-28 02:31:11,21,25,,,7.926,81.516
2026-05-28 02:36:11,27,28,,,7.766,82.149
2026-05-28 02:41:11,26,28,,,7.603,82.107
2026-05-28 02:46:11,27,30,,,7.509,83.588
2026-05-28 02:51:11,28,29,,,7.517,83.647
2026-05-28 02:56:11,25,26,,,7.416,82.975
2026-05-28 03:01:11,26,31,,,7.333,82.716
2026-05-28 03:06:11,25,26,,,7.272,82.272
2026-05-28 03:11:11,38,43,,,7.111,84.066
2026-05-28 03:16:11,35,38,,,7.248,82.918
2026-05-28 03:21:12,34,40,,,7.232,82.888
2026-05-28 03:26:11,37,44,,,7.173,82.697
2026-05-28 03:31:12,38,44,,,7.103,83.275
2026-05-28 03:36:11,41,48,,,7.079,83.017
2026-05-28 03:41:11,38,42,,,7.079,83.088
2026-05-28 03:46:11,41,48,,,7.082,83.109
2026-05-28 03:51:11,37,41,,,7.157,83.469
2026-05-28 03:56:11,35,36,,,7.213,83.479
2026-05-28 04:01:11,32,36,,,7.237,83.586
2026-05-28 04:06:11,31,32,,,7.314,83.738
2026-05-28 04:11:11,26,30,,,7.333,83.66
2026-05-28 04:16:12,30,32,,,7.322,83.446
2026-05-28 04:21:12,38,47,,,7.314,83.742
2026-05-28 04:26:11,33,35,,,7.258,84.406
2026-05-28 04:31:11,32,34,,,7.282,83.937
2026-05-28 04:36:11,32,33,,,7.317,83.696
2026-05-28 04:41:11,28,30,,,7.328,84.412
2026-05-28 04:46:11,30,32,,,7.336,84.801
2026-05-28 04:51:11,31,32,,,7.269,83.809
2026-05-28 04:56:12,31,33,,,7.293,83.549
2026-05-28 05:01:12,34,38,,,7.349,82.619
2026-05-28 05:06:12,35,41,,,7.33,82.972
2026-05-28 05:11:11,38,40,,,7.296,82.514
2026-05-28 05:16:12,42,49,,,7.349,81.921
2026-05-28 05:21:12,43,52,,,7.4,81.715
2026-05-28 05:26:12,40,46,,,7.376,82.149
2026-05-28 05:31:11,40,47,,,7.293,82.212
2026-05-28 05:36:12,46,55,,,7.381,82.024
2026-05-28 05:41:12,44,53,,,7.37,81.89
2026-05-28 05:46:12,41,49,,,7.36,82.212
2026-05-28 05:51:11,40,45,,,7.357,82.165
2026-05-28 05:56:12,41,47,,,7.272,82.88
2026-05-28 06:01:12,41,44,,,7.28,82.935
2026-05-28 06:06:12,42,51,,,7.253,82.621
2026-05-28 06:11:12,42,49,,,7.277,82.752
2026-05-28 06:16:13,39,45,,,7.168,83.235
2026-05-28 06:21:12,40,47,,,7.202,83.055
2026-05-28 06:26:11,39,46,,,7.173,83.176
2026-05-28 06:31:12,45,54,,,7.109,83.698
2026-05-28 06:36:11,37,40,,,7.01,84.888
2026-05-28 06:41:12,37,39,,,7.018,84.557
2026-05-28 06:46:11,28,30,,,7.031,86.346
2026-05-28 06:51:12,29,29,,,7.061,86.285
2026-05-28 06:56:12,29,29,,,7.074,86.021
2026-05-28 07:01:12,32,35,,,6.981,84.682
2026-05-28 07:06:12,38,41,,,7.013,84.259
2026-05-28 07:11:12,35,36,,,6.978,84.274
2026-05-28 07:16:12,37,42,,,6.959,84.871
2026-05-28 07:21:12,46,55,,,6.962,82.92
2026-05-28 07:26:11,46,56,,,6.927,84.288
2026-05-28 07:31:12,37,40,,,6.874,84.255
2026-05-28 07:36:12,35,36,,,6.818,84.637
2026-05-28 07:41:12,38,43,,,6.756,84.206
2026-05-28 07:46:12,38,44,,,6.828,83.359
2026-05-28 07:51:12,40,45,,,6.775,83.143
2026-05-28 07:56:12,42,49,,,6.804,83.849
2026-05-28 08:01:12,40,45,,,6.909,83.914
2026-05-28 08:06:12,38,44,,,6.975,84.105
2026-05-28 08:11:12,42,52,,,7.01,83.939
2026-05-28 08:16:12,41,47,,,7.101,84.049
2026-05-28 08:21:13,45,54,,,7.157,83.782
2026-05-28 08:26:12,43,52,,,7.242,83.862
2026-05-28 08:31:12,44,52,,,7.373,83.502
2026-05-28 08:36:12,54,67,,,7.461,83.748
2026-05-28 08:41:12,41,52,,,7.568,83.788
2026-05-28 08:46:12,58,74,,,7.67,83.99
2026-05-28 08:51:12,47,59,,,7.873,83.164
2026-05-28 08:56:12,64,77,,,8.067,83.626
2026-05-28 09:01:12,45,54,,,8.305,82.911
2026-05-28 09:06:12,55,69,,,8.636,81.671
2026-05-28 09:11:12,41,46,,,8.887,82.043
2026-05-28 09:16:13,44,52,,,9.293,81.451
2026-05-28 09:21:12,45,55,,,9.632,81.406
2026-05-28 09:26:13,48,59,,,9.979,76.902
2026-05-28 09:31:12,52,67,,,10.153,74.695
2026-05-28 09:36:13,51,64,,,10.26,74.291
2026-05-28 09:41:13,52,65,,,10.497,73.969
2026-05-28 09:46:13,51,63,,,10.975,73.011
2026-05-28 09:51:12,46,57,,,11.453,70.768
2026-05-28 09:56:12,45,53,,,11.953,69.032
2026-05-28 10:01:13,43,50,,,12.487,66.446
2026-05-28 10:06:16,40,47,,,13.072,62.694
2026-05-28 10:11:12,36,41,,,13.729,59.978
2026-05-28 10:16:13,41,50,,,14.126,58.017
2026-05-28 10:21:13,38,47,,,14.532,56.005
2026-05-28 10:26:12,36,45,,,14.895,54.59
2026-05-28 10:31:15,35,41,,,15.029,53.277
2026-05-28 10:36:12,35,41,,,15.232,53.119
2026-05-28 10:41:13,33,37,,,15.512,51.832
2026-05-28 10:46:13,36,42,,,15.681,53.611
2026-05-28 10:51:13,35,42,,,16.038,51.795
2026-05-28 10:56:13,35,41,,,16.217,51.696
2026-05-28 11:01:13,38,44,,,16.647,50.827
2026-05-28 11:06:15,34,38,,,16.826,50.327
2026-05-28 11:11:13,32,35,,,17.344,48.776
2026-05-28 11:16:12,32,37,,,17.731,46.964
2026-05-28 11:21:13,32,35,,,18.594,45.349
2026-05-28 11:26:12,33,38,,,18.271,45.926
2026-05-28 11:31:13,34,37,,,18.196,46.59
2026-05-28 11:36:12,34,40,,,18.562,45.503
2026-05-28 11:41:13,35,42,,,18.548,46.302
2026-05-28 11:46:13,33,38,,,19.352,44.036
2026-05-28 11:51:12,35,41,,,19.99,43.723
2026-05-28 11:56:13,32,35,,,19.833,44.2
2026-05-28 12:01:13,33,38,,,20.735,41.845
2026-05-28 12:06:13,30,34,,,20.914,42.138
2026-05-28 12:11:13,31,33,,,21.104,42.48
2026-05-28 12:16:13,32,37,,,21.732,41.581
2026-05-28 12:21:13,33,37,,,21.36,41.412
2026-05-28 12:26:13,32,35,,,21.841,40.851
2026-05-28 12:31:13,31,33,,,21.63,41.263
2026-05-28 12:36:13,29,33,,,22.081,40.485
2026-05-28 12:41:13,31,35,,,22.132,40.326
2026-05-28 12:46:14,29,32,,,22.765,38.436
2026-05-28 12:51:13,30,33,,,22.808,39.996
2026-05-28 12:56:16,27,28,,,22.778,40.483
2026-05-28 13:01:13,25,26,,,22.679,40.431
2026-05-28 13:07:38,26,27,,,22.987,39.834
2026-05-28 13:07:40,26,27,,,22.987,39.834
2026-05-28 13:12:42,23,26,,,22.493,39.84
2026-05-28 13:17:39,23,23,,,23.131,39.048
2026-05-28 13:22:40,29,29,,,22.72,39.262
2026-05-28 13:27:40,24,24,,,22.621,39.911
2026-05-28 13:32:40,21,21,,,22.201,40.895
2026-05-28 13:37:40,19,21,,,22.888,39.781
2026-05-28 13:42:40,19,20,,,23.275,39.954
2026-05-28 13:47:40,23,25,,,23.371,38.213
2026-05-28 13:52:47,25,25,,,23.39,39.09
2026-05-28 13:57:39,19,23,,,23.563,38.558
2026-05-28 14:02:40,24,26,,,23.518,38.835
2026-05-28 14:07:40,22,22,,,23.152,39.277
2026-05-28 14:12:40,19,22,,,23.173,39.077
2026-05-28 14:17:40,18,18,,,23.133,40.387
2026-05-28 14:22:40,21,22,,,22.965,39.527
2026-05-28 14:27:40,20,20,,,23.219,38.259
2026-05-28 14:32:40,19,23,,,23.2,39.392
2026-05-28 14:37:40,22,22,,,23.772,37.771
2026-05-28 14:42:40,16,18,,,23.977,37.801
2026-05-28 14:47:40,21,22,,,25.075,36.182
2026-05-28 14:52:40,20,20,,,25.109,35.72
2026-05-28 14:57:40,19,20,,,25.182,34.646
2026-05-28 15:02:40,20,20,,,25.555,33.855
2026-05-28 15:07:40,19,22,,,25.558,34.045
2026-05-28 15:12:44,16,18,,,25.577,33.595
2026-05-28 15:17:40,19,22,,,25.134,34.698
2026-05-28 15:22:40,21,22,,,25.475,33.815
2026-05-28 15:27:40,19,19,,,25.644,33.006
2026-05-28 15:32:40,20,22,,,25.491,33.521
2026-05-28 15:37:40,23,24,,,25.059,34.126
2026-05-28 15:42:43,21,21,,,23.953,35.602
2026-05-28 15:47:40,25,26,,,23.881,35.073
2026-05-28 15:52:40,24,26,,,23.462,36.317
2026-05-28 15:57:40,23,26,,,23.085,37.538
2026-05-28 16:02:40,19,19,,,23.011,39.733
2026-05-28 16:07:40,19,20,,,22.372,41.906
2026-05-28 16:12:40,10,15,,,21.964,43.659
2026-05-28 16:17:40,10,12,,,21.854,45.682
2026-05-28 16:22:40,7,7,,,21.724,46.85
2026-05-28 16:27:40,5,6,,,21.141,48.349
2026-05-28 16:32:40,4,4,,,21.08,48.85
2026-05-28 16:37:40,3,4,,,20.885,49.705
2026-05-28 16:42:40,4,4,,,20.663,51.05
2026-05-28 16:47:41,3,4,,,20.522,51.393
2026-05-28 16:52:41,5,5,,,20.404,52
2026-05-28 16:57:40,5,6,,,20.274,52.062
2026-05-28 17:02:41,7,7,,,19.924,53.375
2026-05-28 17:07:40,5,6,,,19.83,53.775
2026-05-28 17:12:40,6,6,,,19.566,54.977
2026-05-28 17:17:40,7,8,,,19.395,55.458
2026-05-28 17:22:41,7,7,,,19.093,56.207
2026-05-28 17:27:43,6,6,,,18.925,56.354
2026-05-28 17:32:40,6,6,,,18.57,57.56
2026-05-28 17:37:40,7,7,,,18.199,59.726
2026-05-28 17:42:40,5,5,,,17.694,61.113
2026-05-28 17:47:41,20,24,,,17.341,62.379
2026-05-28 17:52:40,9,11,,,16.976,62.809
2026-05-28 17:57:41,14,16,,,16.594,62.925
2026-05-28 18:02:40,10,10,,,16.169,64.666
2026-05-28 18:07:40,5,5,,,15.798,66.072
2026-05-28 18:12:40,24,27,,,15.488,67.068
2026-05-28 18:17:40,25,29,,,15.203,68.723
2026-05-28 18:22:40,32,37,,,14.949,68.943
2026-05-28 18:27:40,19,23,,,14.727,69.748
2026-05-28 18:32:43,37,46,,,14.554,69.809
2026-05-28 18:37:40,23,23,,,14.383,68.994
2026-05-28 18:42:41,20,22,,,14.134,69.286
2026-05-28 18:47:40,25,26,,,13.918,68.897
2026-05-28 18:52:40,29,31,,,13.822,68.784
2026-05-28 18:57:40,25,28,,,13.691,69.441
2026-05-28 19:02:41,25,28,,,13.486,69.965
2026-05-28 19:07:40,35,39,,,13.376,69.874
2026-05-28 19:12:41,40,46,,,13.379,69.834
2026-05-28 19:22:41,22,25,,,13.072,72.065
2026-05-28 19:27:40,19,20,,,12.895,72.639
2026-05-28 19:32:41,13,15,,,12.77,73.726
2026-05-28 19:37:40,18,20,,,12.554,74.554
2026-05-28 19:42:40,110,123,,,12.487,73.643
2026-05-28 19:47:40,134,143,,,12.495,73.48
2026-05-28 19:52:41,220,235,,,12.388,74.831
2026-05-28 19:57:40,47,56,,,12.236,74.436
2026-05-28 20:02:41,76,83,,,12.089,74.652
2026-05-28 20:07:41,39,47,,,11.958,74.808
2026-05-28 20:12:40,19,20,,,11.758,75.189
2026-05-28 20:17:41,47,59,,,11.566,75.811
2026-05-28 20:22:40,64,77,,,11.44,76.277
2026-05-28 20:27:40,32,37,,,11.266,76.195
2026-05-28 20:37:41,87,97,,,11.104,76.778
2026-05-28 20:42:41,34,37,,,11.026,76.666
2026-05-28 20:47:40,45,52,,,11.125,76.347
2026-05-28 20:52:47,36,41,,,11.066,77.217
2026-05-28 20:57:40,59,73,,,10.989,76.551
2026-05-28 21:02:41,30,32,,,10.858,76.958
2026-05-28 21:07:40,30,33,,,10.74,77.511
2026-05-28 21:12:48,32,36,,,10.588,77.715
2026-05-28 21:17:40,95,101,,,10.372,78.081
2026-05-28 21:22:44,44,54,,,10.273,78.316
2026-05-28 21:27:41,27,32,,,10.174,78.537
2026-05-28 21:32:41,35,38,,,10.068,78.831
2026-05-28 21:37:40,147,156,,,10.009,78.586
2026-05-28 21:42:42,83,87,,,9.953,79.925
2026-05-28 21:47:41,71,79,,,9.923,79.885
2026-05-28 21:52:41,52,65,,,10.038,79.193
2026-05-28 21:57:41,35,37,,,9.953,79.624
2026-05-28 22:02:41,30,33,,,9.854,80.124
2026-05-28 22:07:42,25,27,,,9.739,79.893
2026-05-28 22:12:41,20,22,,,9.688,79.685
2026-05-28 22:17:42,24,25,,,9.555,79.62
2026-05-28 22:22:44,29,31,,,9.413,79.702
2026-05-28 22:27:41,33,34,,,9.29,80.179
2026-05-28 22:32:41,33,34,,,9.224,79.836
2026-05-28 22:37:42,34,35,,,9.154,79.887
2026-05-28 22:42:41,33,36,,,9.026,79.954
2026-05-28 22:47:41,31,31,,,8.925,80.444
2026-05-28 22:52:41,33,33,,,8.815,80.643
2026-05-28 22:57:41,44,51,,,8.647,80.181
2026-05-28 23:02:53,42,51,,,8.476,80.757
2026-05-28 23:07:41,70,84,,,8.492,81.617
2026-05-28 23:12:41,105,113,,,8.329,81.211
2026-05-28 23:17:41,127,141,,,8.316,81.789
2026-05-28 23:22:41,70,84,,,8.284,82.945
2026-05-28 23:27:41,67,79,,,8.27,82.859
2026-05-28 23:37:41,32,33,,,8.286,82.531
2026-05-28 23:42:42,30,31,,,8.19,81.44
2026-05-28 23:47:41,42,51,,,8.054,82.483
2026-05-28 23:52:41,32,33,,,7.993,82.743
2026-05-28 23:57:41,36,41,,,7.937,83.149
2026-05-29 00:02:41,39,47,,,7.929,83.313
2026-05-29 00:07:42,47,56,,,7.982,83.958
2026-05-29 00:12:41,32,33,,,8.038,83.666
2026-05-29 00:17:41,32,33,,,8.019,82.996
2026-05-29 00:22:41,31,32,,,7.905,82.243
2026-05-29 00:27:41,36,43,,,7.827,83.176
2026-05-29 00:32:41,33,33,,,7.79,83.59
2026-05-29 00:37:41,47,57,,,7.76,83.548
2026-05-29 00:42:41,38,42,,,7.736,83.111
2026-05-29 00:47:40,37,38,,,7.712,83.45
2026-05-29 00:52:41,33,34,,,7.611,82.853
2026-05-29 00:57:41,32,34,,,7.52,82.17
2026-05-29 01:02:41,32,34,,,7.44,84.116
2026-05-29 01:07:40,32,36,,,7.435,83.34
2026-05-29 01:12:41,31,31,,,7.451,83.523
2026-05-29 01:17:41,31,34,,,7.362,83.5
2026-05-29 01:22:41,32,35,,,7.226,82.962
2026-05-29 01:27:41,31,31,,,7.261,83.494
2026-05-29 01:32:41,30,32,,,7.109,83.611
2026-05-29 01:37:41,30,32,,,7.071,83.631
2026-05-29 01:42:41,29,33,,,7.01,83.054
2026-05-29 01:47:41,29,33,,,6.97,83.656
2026-05-29 01:52:41,30,31,,,6.844,83.391
2026-05-29 01:57:41,46,53,,,6.831,82.994
2026-05-29 02:02:41,35,35,,,6.847,83.561
2026-05-29 02:07:42,31,34,,,6.722,83.488
2026-05-29 02:12:41,35,36,,,6.74,83.448
2026-05-29 02:17:41,38,45,,,6.663,82.76
2026-05-29 02:22:41,49,62,,,6.58,81.839
2026-05-29 02:27:41,49,59,,,6.553,80.971
2026-05-29 02:32:41,55,66,,,6.492,81.049
2026-05-29 02:37:41,50,61,,,6.334,81.524
2026-05-29 02:42:41,47,57,,,6.241,82.266
2026-05-29 02:47:41,52,65,,,6.046,81.537
2026-05-29 02:52:41,55,67,,,5.993,82.441
2026-05-29 02:57:41,55,67,,,6.065,83.601
2026-05-29 03:02:41,52,65,,,6.099,83.612
2026-05-29 03:07:41,52,62,,,6.065,83.464
2026-05-29 03:12:41,49,58,,,5.99,85.011
2026-05-29 03:17:41,46,54,,,6.035,84.564
2026-05-29 03:22:41,43,50,,,6.083,84.469
2026-05-29 03:27:41,43,50,,,6.038,84.52
2026-05-29 03:32:41,38,44,,,5.995,85.028
2026-05-29 03:37:41,35,36,,,5.945,84.518
2026-05-29 03:42:41,33,35,,,5.899,84.887
2026-05-29 03:47:41,31,34,,,5.918,85.606
2026-05-29 03:52:41,31,34,,,5.939,86.107
2026-05-29 03:57:41,35,36,,,6.038,86.563
2026-05-29 04:02:41,35,37,,,6.089,87.429
2026-05-29 04:07:41,33,37,,,6.059,84.799
2026-05-29 04:12:41,34,36,,,6.022,84.562
2026-05-29 04:17:41,35,39,,,5.896,85.14
2026-05-29 04:22:41,32,33,,,5.774,84.98
2026-05-29 04:27:41,33,37,,,5.803,85.194
2026-05-29 04:32:41,33,33,,,5.827,84.858
2026-05-29 04:37:41,32,32,,,5.822,84.585
2026-05-29 04:42:41,36,37,,,5.694,84.465
2026-05-29 04:47:41,34,35,,,5.694,84.745
2026-05-29 04:52:42,32,34,,,5.702,85.703
2026-05-29 04:57:41,34,35,,,5.64,85.249
2026-05-29 05:02:42,32,34,,,5.496,84.831
2026-05-29 05:07:41,33,36,,,5.485,85.897
2026-05-29 05:12:42,34,34,,,5.477,86.077
2026-05-29 05:17:41,38,43,,,5.56,87.24
2026-05-29 05:22:41,35,40,,,5.44,87.118
2026-05-29 05:27:41,34,37,,,5.576,86.153
2026-05-29 05:32:41,33,35,,,5.568,85.22
2026-05-29 05:37:41,35,36,,,5.483,85.394
2026-05-29 05:42:42,33,34,,,5.459,85.567
2026-05-29 05:47:41,32,34,,,5.426,85.611
2026-05-29 05:52:42,34,35,,,5.336,85.97
2026-05-29 05:57:41,33,36,,,5.349,85.545
2026-05-29 06:02:42,35,35,,,5.362,85.96
2026-05-29 06:07:42,38,42,,,5.507,85.979
2026-05-29 06:12:41,39,44,,,5.408,84.528
2026-05-29 06:17:41,47,59,,,5.443,83.113
2026-05-29 06:22:41,42,49,,,5.408,83.563
2026-05-29 06:27:41,43,48,,,5.261,84.335
2026-05-29 06:32:42,41,44,,,5.218,85.463
2026-05-29 06:37:41,38,43,,,5.264,84.944
2026-05-29 06:42:42,41,44,,,5.261,84.927
2026-05-29 06:47:42,40,48,,,5.162,84.497
2026-05-29 06:52:41,42,52,,,5.021,83.853
2026-05-29 06:57:41,40,45,,,4.847,85.693
2026-05-29 07:02:41,38,42,,,4.892,84.673
2026-05-29 07:07:42,36,41,,,4.844,85.415
2026-05-29 07:12:41,40,45,,,4.911,85.962
2026-05-29 07:17:42,49,60,,,4.957,84.553
2026-05-29 07:22:42,51,63,,,4.959,83.025
2026-05-29 07:27:43,40,47,,,4.879,84.202
2026-05-29 07:32:42,41,45,,,4.78,84.974
2026-05-29 07:37:42,41,49,,,4.831,84.595
2026-05-29 07:42:42,43,49,,,4.796,85.058
2026-05-29 07:47:41,44,51,,,4.836,84.127
2026-05-29 07:52:42,43,52,,,4.81,84.091
2026-05-29 07:57:41,61,76,,,4.738,85.056
2026-05-29 08:02:42,56,70,,,4.85,85.03
2026-05-29 08:07:41,49,59,,,4.858,85.63
2026-05-29 08:12:42,49,63,,,5.039,86.144
2026-05-29 08:17:41,46,55,,,5.09,85.625
2026-05-29 08:22:42,48,55,,,5.157,85.917
2026-05-29 08:27:41,48,58,,,5.181,85.02
2026-05-29 08:32:42,44,54,,,5.357,85.028
2026-05-29 08:37:42,47,56,,,5.525,86.185
2026-05-29 08:42:42,49,60,,,5.896,86.1
2026-05-29 08:47:42,42,50,,,6.289,86.214
2026-05-29 08:52:42,43,54,,,6.719,85.604
2026-05-29 08:57:41,42,48,,,7.173,85.413
2026-05-29 09:02:42,44,53,,,7.643,83.635
2026-05-29 09:07:42,55,69,,,8.057,82.882
2026-05-29 09:12:42,47,57,,,8.577,79.611
2026-05-29 09:17:42,55,66,,,9.069,77.915
2026-05-29 09:22:45,50,61,,,9.48,77.392
2026-05-29 09:27:42,42,50,,,9.921,76.361
2026-05-29 09:32:42,42,49,,,10.249,76.853
2026-05-29 09:37:42,41,51,,,10.562,76.078
2026-05-29 09:42:42,38,42,,,11.09,74.621
2026-05-29 09:47:42,42,50,,,11.627,67.634
2026-05-29 09:52:42,42,50,,,12.441,62.133
2026-05-29 09:57:42,40,48,,,12.861,60.936
2026-05-29 10:02:43,38,46,,,13.445,58.38
2026-05-29 10:07:42,40,47,,,13.953,60.114
2026-05-29 10:12:42,39,47,,,14.543,57.499
2026-05-29 10:17:42,38,46,,,14.829,61.159
2026-05-29 10:22:42,36,43,,,15.253,56.795
2026-05-29 10:27:42,34,40,,,15.56,58.097
2026-05-29 10:32:43,34,39,,,16.038,51.767
2026-05-29 10:37:42,33,36,,,16.482,48.103
2026-05-29 10:42:42,32,35,,,16.984,44.872
2026-05-29 10:47:42,31,35,,,17.542,49.993
2026-05-29 10:52:42,32,38,,,18.012,49.31
2026-05-29 10:57:42,33,38,,,18.255,48.435
2026-05-29 11:02:42,31,34,,,18.567,47.63
2026-05-29 11:07:42,38,47,,,19.008,43.502
2026-05-29 11:12:42,35,40,,,19.82,41.335
2026-05-29 11:17:42,33,38,,,20.426,39.821
2026-05-29 11:22:42,33,37,,,20.858,39.998
2026-05-29 11:27:42,29,32,,,21.47,39.605
2026-05-29 11:32:42,35,42,,,21.956,37.711
2026-05-29 11:37:42,33,36,,,22.436,37.795
2026-05-29 11:42:42,34,44,,,22.754,35.806
2026-05-29 11:47:43,29,35,,,23.633,34.324
2026-05-29 11:52:42,32,35,,,23.326,34.455
2026-05-29 11:57:42,29,34,,,23.788,34.349
2026-05-29 12:02:42,32,38,,,24.178,34.11
2026-05-29 12:07:42,31,33,,,24.522,33.668
2026-05-29 12:12:42,29,34,,,24.706,33.401
2026-05-29 12:17:42,31,33,,,24.565,33.715
2026-05-29 12:22:42,30,34,,,25.182,33.693
2026-05-29 12:27:43,29,32,,,25.491,33.122
2026-05-29 12:32:42,26,29,,,25.195,29.616
2026-05-29 12:37:43,28,30,,,25.513,30.236
2026-05-29 12:42:43,28,28,,,25.633,29.758
2026-05-29 12:47:42,24,25,,,25.187,28.283
2026-05-29 12:52:43,32,38,,,25.515,30.44
2026-05-29 12:57:42,33,37,,,25.342,30.208
2026-05-29 13:02:43,29,33,,,25.577,30.358
2026-05-29 13:07:43,29,32,,,25.633,29.746
2026-05-29 13:12:43,30,33,,,25.55,30.715
2026-05-29 13:17:42,29,30,,,25.937,31.167
2026-05-29 13:22:42,26,28,,,25.742,31.022
2026-05-29 13:27:44,27,29,,,26.068,30.828
2026-05-29 13:32:42,26,27,,,26.13,29.838
2026-05-29 13:37:43,24,25,,,25.903,30.254
2026-05-29 13:42:43,24,26,,,26.087,29.813
2026-05-29 13:47:43,22,23,,,26.007,28.894
2026-05-29 13:52:43,24,25,,,25.678,29.971
2026-05-29 13:57:49,24,24,,,26.028,29.834
2026-05-29 14:02:44,22,22,,,26.079,29.748
2026-05-29 14:07:42,24,26,,,26.047,30.662
2026-05-29 14:12:43,22,22,,,26.132,30.069
2026-05-29 14:17:42,23,23,,,26.407,29.536
2026-05-29 14:22:51,23,23,,,26.383,29.136
2026-05-29 14:27:44,20,23,,,26.949,29.019
2026-05-29 14:32:44,20,22,,,26.41,29.874
2026-05-29 14:37:42,21,24,,,26.469,29.676
2026-05-29 14:42:46,22,22,,,26.554,30.635
2026-05-29 14:47:43,23,24,,,26.765,30.475
2026-05-29 14:52:46,20,22,,,26.843,30.172
2026-05-29 14:57:44,20,23,,,27.272,29.468
2026-05-29 15:02:44,22,23,,,27.633,29.113
2026-05-29 15:07:43,22,26,,,27.993,28.882
2026-05-29 15:12:43,19,21,,,27.574,28.947
2026-05-29 15:17:43,23,23,,,27.817,29.718
2026-05-29 15:22:43,21,23,,,28.25,29.067
2026-05-29 15:27:43,20,20,,,28.13,28.592
2026-05-29 15:32:43,16,18,,,28.351,27.766
2026-05-29 15:37:43,19,20,,,28.188,27.566
2026-05-29 15:42:43,16,18,,,26.936,28.186
2026-05-29 15:47:43,8,11,,,26.835,27.822
2026-05-29 15:52:43,9,11,,,26.314,28.617
2026-05-29 15:57:46,12,12,,,25.959,29.649
2026-05-29 16:02:43,11,12,,,25.587,30.982
2026-05-29 16:07:43,12,13,,,25.158,31.43
2026-05-29 16:12:43,11,13,,,24.952,31.629
2026-05-29 16:17:43,13,13,,,24.765,31.407
2026-05-29 16:22:43,11,13,,,24.543,32.539
2026-05-29 16:27:44,17,17,,,24.37,32.933
2026-05-29 16:32:44,13,13,,,24.196,32.573
2026-05-29 16:37:43,17,19,,,23.964,32.512
2026-05-29 16:42:43,12,14,,,23.713,33.836
2026-05-29 16:47:43,15,16,,,23.507,34.837
2026-05-29 16:52:46,16,18,,,23.206,35.972
2026-05-29 16:57:43,14,17,,,22.874,38.705
2026-05-29 17:02:44,16,16,,,22.487,44.74
2026-05-29 17:07:44,14,15,,,22.004,45.728
2026-05-29 17:12:50,13,14,,,21.59,46.991
2026-05-29 17:17:43,13,14,,,21.208,48.057
2026-05-29 17:22:46,12,12,,,20.717,48.757
2026-05-29 17:27:43,14,17,,,20.335,50.02
2026-05-29 17:32:45,17,18,,,19.878,49.955
2026-05-29 17:37:43,18,19,,,19.419,51.437
2026-05-29 17:42:44,17,19,,,18.92,52.984
2026-05-29 17:47:43,15,18,,,18.49,53.346
2026-05-29 17:52:43,19,19,,,18.135,54.292
2026-05-29 17:57:43,17,19,,,17.683,55.952
2026-05-29 18:02:43,19,19,,,17.374,59.255
2026-05-29 18:07:43,17,18,,,16.912,59.85
2026-05-29 18:12:46,11,13,,,16.786,56.264
2026-05-29 18:17:43,18,20,,,16.476,58.24
2026-05-29 18:22:43,14,15,,,16.383,57.638
2026-05-29 18:27:43,15,16,,,16.241,55.952
2026-05-29 18:32:44,11,13,,,16.054,57.306
2026-05-29 18:37:43,10,10,,,15.865,55.82
2026-05-29 18:42:44,12,14,,,15.718,59.435
2026-05-29 18:47:44,11,11,,,15.467,61.123
2026-05-29 18:52:43,11,16,,,15.224,61.329
2026-05-29 18:57:45,11,11,,,14.992,62.202
2026-05-29 19:02:44,7,10,,,14.709,62.86
2026-05-29 19:07:44,10,13,,,14.431,62.679
2026-05-29 19:12:44,12,13,,,14.281,62.673
2026-05-29 19:17:43,9,9,,,14.116,63.902
2026-05-29 19:22:44,11,11,,,13.854,64.462
2026-05-29 19:27:43,9,9,,,13.664,63.905
2026-05-29 19:32:50,8,9,,,13.491,64.357
2026-05-29 19:37:44,9,11,,,13.395,64.38
2026-05-29 19:42:46,8,9,,,13.296,63.944
2026-05-29 19:47:43,8,8,,,13.17,63.728
2026-05-29 19:52:44,8,9,,,13.074,64.691
2026-05-29 19:57:44,9,9,,,12.938,66.101
2026-05-29 20:02:47,9,12,,,12.727,66.541
2026-05-29 20:07:44,12,14,,,12.562,67.276
2026-05-29 20:12:47,19,19,,,12.393,67.423
2026-05-29 20:17:44,17,19,,,12.273,67.287
2026-05-29 20:27:43,15,16,,,12.03,67.613
2026-05-29 20:32:45,12,13,,,11.854,67.182
2026-05-29 20:42:45,12,13,,,11.595,67.432
2026-05-29 20:47:45,12,12,,,11.539,68.636
2026-05-29 20:52:51,39,48,,,11.424,68.174
2026-05-29 20:57:44,37,43,,,11.325,69.107
2026-05-29 21:02:43,27,28,,,11.205,69.336
2026-05-29 21:07:44,18,20,,,11.13,70.553
2026-05-29 21:12:44,25,26,,,10.994,70.076
2026-05-29 21:17:44,27,27,,,10.951,70.726
2026-05-29 21:22:47,28,28,,,10.772,70.692
2026-05-29 21:27:44,53,66,,,10.762,69.805
2026-05-29 21:32:45,25,25,,,10.714,69.734
2026-05-29 21:37:44,20,20,,,10.66,68.359
2026-05-29 21:42:44,50,59,,,10.631,67.919
2026-05-29 21:47:45,11,13,,,10.847,66.091
2026-05-29 21:52:44,9,11,,,11.007,66.244
2026-05-29 21:57:44,14,15,,,11.026,66.707
2026-05-29 22:02:44,9,9,,,11.072,66.253
2026-05-29 22:07:57,12,12,,,11.128,65.387
2026-05-29 22:12:44,35,40,,,10.991,67.701
2026-05-29 22:17:44,19,20,,,10.81,68.475
2026-05-29 22:22:45,11,11,,,10.719,68.166
2026-05-29 22:27:44,9,9,,,10.572,68.128
2026-05-29 22:32:44,7,8,,,10.516,68.176
2026-05-29 22:37:44,15,15,,,10.407,68.973
2026-05-29 22:42:44,14,16,,,10.254,70.095
2026-05-29 22:47:47,7,7,,,10.03,70.215
2026-05-29 22:52:44,7,7,,,9.894,69.984
2026-05-29 22:57:44,9,9,,,9.736,70.257
2026-05-29 23:02:44,7,7,,,9.624,70.926
2026-05-29 23:07:51,8,8,,,9.485,70.749
2026-05-29 23:12:44,10,10,,,9.443,70.081
2026-05-29 23:17:44,21,21,,,9.461,69.645
2026-05-29 23:22:45,40,44,,,9.413,70.799
2026-05-29 23:27:45,25,26,,,9.357,70.957
2026-05-29 23:32:44,55,67,,,9.264,71.041
2026-05-29 23:37:47,36,38,,,9.096,72.243
2026-05-29 23:42:44,15,20,,,8.895,72.901
2026-05-29 23:47:47,44,51,,,8.85,72.807
2026-05-29 23:52:44,20,22,,,8.812,72.922
2026-05-29 23:57:44,22,25,,,8.756,72.96
2026-05-30 00:02:44,20,21,,,8.652,72.744
2026-05-30 00:07:45,13,18,,,8.61,72.536
2026-05-30 00:12:44,14,17,,,8.553,73.171
2026-05-30 00:17:44,13,15,,,8.492,73.164
2026-05-30 00:22:44,17,18,,,8.393,72.733
2026-05-30 00:27:44,14,16,,,8.38,73.671
2026-05-30 00:32:44,31,31,,,8.262,73.864
2026-05-30 00:37:44,25,25,,,8.265,74.463
2026-05-30 00:42:44,17,20,,,8.177,74.148
2026-05-30 00:47:44,13,13,,,8.132,74.322
2026-05-30 00:52:44,13,16,,,8.017,74.051
2026-05-30 00:57:44,10,12,,,7.923,74.316
2026-05-30 01:02:44,16,19,,,7.867,74.272
2026-05-30 01:07:44,18,19,,,7.808,72.599
2026-05-30 01:12:44,21,22,,,7.881,72.18
2026-05-30 01:17:44,16,19,,,7.979,72.626
2026-05-30 01:22:44,13,17,,,8.019,73.12
2026-05-30 01:27:44,18,19,,,8.017,73.934
2026-05-30 01:32:44,18,20,,,7.899,73.683
2026-05-30 01:37:44,12,14,,,7.897,74.673
2026-05-30 01:42:44,14,16,,,7.851,75.714
2026-05-30 01:47:45,12,12,,,7.763,75.558
2026-05-30 01:52:44,12,12,,,7.611,75.571
2026-05-30 01:57:44,6,6,,,7.491,75.287
2026-05-30 02:02:44,8,9,,,7.429,75.107
2026-05-30 02:07:44,9,9,,,7.397,74.529
2026-05-30 02:12:44,20,20,,,7.33,74.304
2026-05-30 02:17:45,9,10,,,7.266,74.819
2026-05-30 02:22:44,9,10,,,7.216,75.081
2026-05-30 02:27:44,10,10,,,7.05,74.558
2026-05-30 02:32:44,9,9,,,6.943,75.119
2026-05-30 02:37:45,8,10,,,6.949,75.077
2026-05-30 02:42:45,7,8,,,6.786,75.273
2026-05-30 02:47:44,7,10,,,6.682,75.411
2026-05-30 02:52:44,9,10,,,6.617,75.374
2026-05-30 02:57:44,15,17,,,6.569,75.683
2026-05-30 03:02:45,21,23,,,6.423,75.552
2026-05-30 03:07:44,12,14,,,6.425,75.88
2026-05-30 03:12:44,38,41,,,6.332,72.176
2026-05-30 03:17:44,30,32,,,6.164,74.522
2026-05-30 03:22:44,27,28,,,6.236,75.065
2026-05-30 03:27:44,14,15,,,6.169,76.01
2026-05-30 03:32:44,10,10,,,6.126,76.28
2026-05-30 03:37:45,29,30,,,6.038,75.527
2026-05-30 03:42:45,18,20,,,5.966,76.57
2026-05-30 03:47:45,10,13,,,5.856,76.506
2026-05-30 03:52:45,10,10,,,5.739,76.944
2026-05-30 03:57:45,8,10,,,5.667,77.465
2026-05-30 04:02:44,8,9,,,5.739,77.295
2026-05-30 04:07:45,8,8,,,5.686,77.539
2026-05-30 04:12:45,10,10,,,5.71,77.923
2026-05-30 04:17:45,7,8,,,5.678,77.459
2026-05-30 04:22:44,7,7,,,5.645,77.425
2026-05-30 04:27:45,5,5,,,5.675,78.039
2026-05-30 04:32:44,6,6,,,5.656,78.503
2026-05-30 04:37:45,4,4,,,5.702,78.081
2026-05-30 04:42:45,4,4,,,5.72,78.222
2026-05-30 04:47:45,7,7,,,5.76,77.816
2026-05-30 04:52:45,4,4,,,5.645,77.574
2026-05-30 04:57:45,4,6,,,5.619,78.943
2026-05-30 05:02:44,4,4,,,5.653,78.314
2026-05-30 05:07:45,7,7,,,5.624,77.97
2026-05-30 05:12:44,4,5,,,5.712,77.446
2026-05-30 05:17:45,6,6,,,5.648,77.37
2026-05-30 05:22:44,8,8,,,5.688,76.956
2026-05-30 05:27:45,7,7,,,5.533,77.696
2026-05-30 05:32:45,6,7,,,5.499,78.216
2026-05-30 05:37:45,3,4,,,5.533,78.714
2026-05-30 05:42:45,6,6,,,5.41,78.731
2026-05-30 05:47:45,7,7,,,5.298,78.941
2026-05-30 05:52:45,4,4,,,5.245,78.598
2026-05-30 05:57:45,4,4,,,5.21,78.941
2026-05-30 06:02:45,3,3,,,5.173,78.442
2026-05-30 06:07:45,3,4,,,5.143,78.674
2026-05-30 06:12:45,4,4,,,5.106,78.504
2026-05-30 06:17:45,6,7,,,4.943,78.508
2026-05-30 06:22:45,6,6,,,4.866,78.691
2026-05-30 06:27:45,3,3,,,4.788,79.75
2026-05-30 06:32:45,4,4,,,4.791,79.782
2026-05-30 06:37:45,4,4,,,4.767,79.197
2026-05-30 06:42:45,6,6,,,4.735,78.428
2026-05-30 06:47:45,2,2,,,4.684,78.194
2026-05-30 06:52:45,2,4,,,4.647,78.808
2026-05-30 06:57:45,4,4,,,4.591,78.991
2026-05-30 07:02:45,3,3,,,4.556,79.294
2026-05-30 07:07:45,3,6,,,4.535,79.033
2026-05-30 07:12:45,4,4,,,4.492,79.103
2026-05-30 07:17:45,2,2,,,4.43,79.546
2026-05-30 07:22:45,6,6,,,4.454,80.273
2026-05-30 07:27:45,3,3,,,4.452,80.221
2026-05-30 07:32:45,3,3,,,4.289,80.252
2026-05-30 07:37:45,3,3,,,4.297,80.57
2026-05-30 07:42:45,2,2,,,4.316,80.378
2026-05-30 07:47:45,2,3,,,4.353,80.46
2026-05-30 07:52:45,2,2,,,4.404,80.358
2026-05-30 07:57:45,3,4,,,4.332,80.938
2026-05-30 08:02:45,1,2,,,4.463,80.103
2026-05-30 08:07:45,6,6,,,4.324,79.805
2026-05-30 08:12:45,4,4,,,4.358,79.948
2026-05-30 08:17:46,6,6,,,4.372,80.395
2026-05-30 08:22:45,4,6,,,4.438,80.801
2026-05-30 08:27:45,4,4,,,4.489,80.515
2026-05-30 08:32:45,4,4,,,4.628,80.255
2026-05-30 08:37:45,2,2,,,4.866,80.94
2026-05-30 08:42:45,3,3,,,5.296,80.963
2026-05-30 08:47:46,3,3,,,5.838,80.173
2026-05-30 08:52:45,8,9,,,6.316,78.998
2026-05-30 08:57:45,6,6,,,6.82,76.75
2026-05-30 09:02:45,13,15,,,7.499,75.149
2026-05-30 09:07:46,5,5,,,8.019,73.635
2026-05-30 09:12:46,7,7,,,8.513,74.61
2026-05-30 09:17:45,5,5,,,8.981,72.637
2026-05-30 09:22:45,5,5,,,9.598,71.007
2026-05-30 09:27:46,9,10,,,10.121,69.202
2026-05-30 09:32:47,8,8,,,10.572,65.05
2026-05-30 09:37:46,5,5,,,11.173,65.029
2026-05-30 09:42:46,7,7,,,11.72,61.071
2026-05-30 09:47:50,14,18,,,12.711,51.567
2026-05-30 09:52:45,24,24,,,13.357,51.584
2026-05-30 09:57:46,20,25,,,14.065,46.012
2026-05-30 10:02:45,14,19,,,14.714,44.057
2026-05-30 10:07:47,16,18,,,15.304,44.763
2026-05-30 10:12:46,28,28,,,15.801,43.84
2026-05-30 10:17:46,19,21,,,16.295,43.157
2026-05-30 10:22:45,23,23,,,16.815,41.263
2026-05-30 10:27:46,19,19,,,17.315,40.513
2026-05-30 10:32:46,17,18,,,17.435,40.21
2026-05-30 10:37:46,17,17,,,18.001,36.496
2026-05-30 10:42:46,19,19,,,18.458,36.199
2026-05-30 10:47:46,19,22,,,18.861,35.096
2026-05-30 10:52:45,22,22,,,19.312,37.568
2026-05-30 10:57:46,18,18,,,19.678,35.781
2026-05-30 11:02:46,20,20,,,19.956,34.89
2026-05-30 11:07:46,17,19,,,20.631,32.645
2026-05-30 11:12:46,11,11,,,21.141,30.839
2026-05-30 11:17:46,8,10,,,21.785,30.236
2026-05-30 11:22:46,8,8,,,22.268,28.194
2026-05-30 11:27:46,8,8,,,23.059,27.051
2026-05-30 11:32:46,6,6,,,23.772,25.987
2026-05-30 11:37:45,4,5,,,24.308,26.397
2026-05-30 11:42:46,6,6,,,24.453,27.7
2026-05-30 11:47:46,6,7,,,24.824,27.333
2026-05-30 11:52:46,5,5,,,25.331,26.704
2026-05-30 11:57:46,3,5,,,25.539,25.657
2026-05-30 12:02:46,4,4,,,26.228,21.401
2026-05-30 12:07:47,1,2,,,26.781,21.834
2026-05-30 12:12:46,5,5,,,26.912,20.232
2026-05-30 12:17:46,3,3,,,26.704,21.419
2026-05-30 12:22:46,1,1,,,26.987,22.264
2026-05-30 12:27:46,5,5,,,27.179,22.222
2026-05-30 12:32:46,2,2,,,27.614,21.184
2026-05-30 12:37:46,5,5,,,27.542,21.173
2026-05-30 12:42:49,4,4,,,27.847,21.501
2026-05-30 12:47:46,6,6,,,27.734,20.957
2026-05-30 12:52:47,3,3,,,27.556,21.501
2026-05-30 12:57:47,4,4,,,27.206,21.131
2026-05-30 13:02:46,5,6,,,27.63,21.489
2026-05-30 13:07:47,4,4,,,27.545,21.819
2026-05-30 13:12:46,4,4,,,28.204,21.752
2026-05-30 13:17:47,3,3,,,28.26,20.991
2026-05-30 13:22:46,3,3,,,28.274,20.814
2026-05-30 13:27:46,6,6,,,28.506,21.232
2026-05-30 13:32:46,3,3,,,28.618,20.766
2026-05-30 13:37:46,1,1,,,28.6,21.052
2026-05-30 13:42:46,3,4,,,28.821,19.444
2026-05-30 13:47:47,4,4,,,29.022,20.446
2026-05-30 13:52:46,1,1,,,29.254,20.482
2026-05-30 13:57:50,2,3,,,29.062,20.347
2026-05-30 14:02:47,1,1,,,29.086,18.842
2026-05-30 14:07:46,5,5,,,29.593,18.649
2026-05-30 14:12:47,6,6,,,30.052,18.981
2026-05-30 14:17:46,9,9,,,29.86,21.401
2026-05-30 14:22:46,8,8,,,29.171,21.8
2026-05-30 14:27:47,8,8,,,29.9,21.289
2026-05-30 14:32:46,9,9,,,29.556,21.268
2026-05-30 14:37:47,5,5,,,29.673,21.169
2026-05-30 14:42:49,5,6,,,29.24,21.901
2026-05-30 14:47:54,5,7,,,29.494,21.321
2026-05-30 14:52:46,6,6,,,29.991,20.713
2026-05-30 14:57:47,5,5,,,29.972,20.772
2026-05-30 15:02:46,5,5,,,30.247,20.709
2026-05-30 15:07:54,5,5,,,29.844,19.895
2026-05-30 15:12:46,7,8,,,30.429,20.184
2026-05-30 15:17:46,7,7,,,30.245,20.371
2026-05-30 15:22:46,7,7,,,29.988,20.879
2026-05-30 15:27:46,5,5,,,30.084,20.778
2026-05-30 15:32:46,6,6,,,30.245,20.467
2026-05-30 15:37:48,7,7,,,30.357,20.593
2026-05-30 15:42:46,5,5,,,28.997,21.827
2026-05-30 15:47:50,4,5,,,28.669,22.155
2026-05-30 15:52:46,8,8,,,28.37,23.034
2026-05-30 15:57:47,7,7,,,27.788,23.744
2026-05-30 16:02:47,8,8,,,27.064,24.985
2026-05-30 16:07:49,8,8,,,26.618,25.794
2026-05-30 16:12:47,11,14,,,25.98,26.326
2026-05-30 16:17:46,15,18,,,25.742,27.387
2026-05-30 16:22:47,19,19,,,25.339,28.644
2026-05-30 16:27:47,18,20,,,24.904,29.317
2026-05-30 16:32:47,19,20,,,24.607,30.484
2026-05-30 16:37:48,20,22,,,24.137,30.919
2026-05-30 16:42:47,24,25,,,23.793,31.892
2026-05-30 16:47:47,22,22,,,23.384,32.851
2026-05-30 16:52:47,23,23,,,23.216,33.53
2026-05-30 16:57:46,23,24,,,22.818,35.604
2026-05-30 17:02:55,22,24,,,22.407,37.036
2026-05-30 17:07:47,18,23,,,22.079,37.751
2026-05-30 17:12:48,19,21,,,21.82,36.617
2026-05-30 17:17:47,22,23,,,21.451,37.444
2026-05-30 17:22:50,20,22,,,21.059,40.246
2026-05-30 17:27:46,12,14,,,20.439,42.501
2026-05-30 17:32:47,11,14,,,19.948,44.029
2026-05-30 17:37:48,11,11,,,19.173,46.089
2026-05-30 17:42:47,11,13,,,18.746,47.193
2026-05-30 17:47:47,18,20,,,18.257,49.486
2026-05-30 17:52:48,15,16,,,17.918,50.634
2026-05-30 17:57:47,15,16,,,17.646,52.316
2026-05-30 18:02:48,17,18,,,17.277,51.887
2026-05-30 18:07:57,18,19,,,16.973,52.543
2026-05-30 18:12:47,15,17,,,16.495,53.928
2026-05-30 18:17:48,17,19,,,16.151,55.147
2026-05-30 18:22:47,19,19,,,15.731,56.15
2026-05-30 18:27:50,29,30,,,15.462,56.993
2026-05-30 18:32:47,24,24,,,15.13,57.487
2026-05-30 18:37:48,18,18,,,14.847,57.88
2026-05-30 18:42:47,107,111,,,14.599,58.742
2026-05-30 18:47:51,45,53,,,14.345,59.608
2026-05-30 18:52:48,19,20,,,14.044,60.529
2026-05-30 18:57:54,45,54,,,13.827,61.603
2026-05-30 19:02:47,22,23,,,13.502,62.975
2026-05-30 19:07:50,41,48,,,13.368,62.715
2026-05-30 19:12:47,43,51,,,13.235,61.683
2026-05-30 19:17:47,116,127,,,13.085,62.736
2026-05-30 19:22:54,68,76,,,12.906,62.931
2026-05-30 19:27:47,24,28,,,12.727,63.583
2026-05-30 19:32:47,67,77,,,12.567,64.043
2026-05-30 19:37:47,58,75,,,12.388,64.592
2026-05-30 19:42:47,69,79,,,12.156,64.979
2026-05-30 19:47:47,30,32,,,12.038,65.019
2026-05-30 19:57:47,29,32,,,11.72,65.393
2026-05-30 20:02:50,25,26,,,11.68,65.328
2026-05-30 20:07:47,26,26,,,11.523,66.377
2026-05-30 20:12:47,23,24,,,11.355,66.757
2026-05-30 20:17:47,30,31,,,11.256,67.846
2026-05-30 20:22:47,20,21,,,11.125,68.409
2026-05-30 20:27:47,21,23,,,11.026,67.301
2026-05-30 20:32:47,92,101,,,10.893,67.863
2026-05-30 20:37:47,54,65,,,10.821,67.264
2026-05-30 20:42:50,62,75,,,10.797,67.651
2026-05-30 20:47:47,36,39,,,10.719,68.17
2026-05-30 20:52:47,30,31,,,10.626,69.248
2026-05-30 20:57:48,24,24,,,10.5,69.996
2026-05-30 21:02:48,22,22,,,10.383,70.429
2026-05-30 21:07:47,26,26,,,10.332,70.318
2026-05-30 21:12:48,22,25,,,10.217,69.822
2026-05-30 21:17:48,20,22,,,10.118,69.824
2026-05-30 21:22:47,52,63,,,10.068,70.949
2026-05-30 21:27:48,35,37,,,9.987,70.791
2026-05-30 21:32:49,33,34,,,9.859,71.035
2026-05-30 21:37:47,24,25,,,9.814,71.911
2026-05-30 21:42:47,33,37,,,9.71,71.96
2026-05-30 21:47:48,28,28,,,9.624,72.275
2026-05-30 21:52:47,28,29,,,9.488,72.693
2026-05-30 21:57:48,31,33,,,9.4,73.089
2026-05-30 22:02:48,27,28,,,9.344,72.735
2026-05-30 22:07:47,37,40,,,9.197,72.893
2026-05-30 22:12:49,31,31,,,9.106,73.915
2026-05-30 22:17:47,32,34,,,9.002,73.582
2026-05-30 22:22:48,31,33,,,8.978,73.755
2026-05-30 22:27:48,34,35,,,8.935,74.743
2026-05-30 22:32:47,33,39,,,8.836,74.529
2026-05-30 22:37:48,60,74,,,8.799,75.302
2026-05-30 22:42:48,35,40,,,8.754,75.775
2026-05-30 22:57:48,37,42,,,8.529,76.086
2026-05-30 23:02:48,45,55,,,8.545,75.201
2026-05-30 23:07:48,50,62,,,8.58,76.097
2026-05-30 23:12:48,33,35,,,8.519,76.259
2026-05-30 23:17:51,34,35,,,8.345,76.49
2026-05-30 23:22:48,34,35,,,8.292,77.034
2026-05-30 23:27:48,51,63,,,8.316,77.469
2026-05-30 23:32:49,31,33,,,8.302,77.568
2026-05-30 23:37:51,28,28,,,8.225,78.304
2026-05-30 23:42:48,33,33,,,8.198,77.938
2026-05-30 23:47:48,28,30,,,8.214,78.071
2026-05-30 23:52:47,34,39,,,8.196,79.164
2026-05-30 23:57:48,38,44,,,8.252,78.693
2026-05-31 00:02:48,34,35,,,8.193,78.621
2026-05-31 00:07:55,36,40,,,8.145,78.194
2026-05-31 00:12:48,36,38,,,8.019,78.539
2026-05-31 00:17:48,36,41,,,7.979,78.84
2026-05-31 00:22:48,114,124,,,7.899,78.865
2026-05-31 00:27:48,81,90,,,7.8,79.883
2026-05-31 00:32:48,58,74,,,7.766,79.361
2026-05-31 00:37:54,47,56,,,7.726,78.705
2026-05-31 00:42:48,48,57,,,7.638,78.754
2026-05-31 00:47:48,36,40,,,7.541,79.035
2026-05-31 00:52:49,38,45,,,7.549,79.172
2026-05-31 00:57:48,40,45,,,7.573,79.46
2026-05-31 01:02:48,39,43,,,7.592,79.708
2026-05-31 01:07:48,37,41,,,7.589,78.876
2026-05-31 01:12:48,44,52,,,7.456,79.473
2026-05-31 01:17:48,41,48,,,7.421,79.552
2026-05-31 01:22:48,51,59,,,7.397,79.016
2026-05-31 01:27:48,58,73,,,7.362,78.663
2026-05-31 01:32:48,61,76,,,7.258,78.871
2026-05-31 01:37:48,59,73,,,7.184,78.739
2026-05-31 01:42:48,50,62,,,7.098,78.3
2026-05-31 01:47:48,48,59,,,6.983,78.335
2026-05-31 01:52:48,50,64,,,6.922,78.119
2026-05-31 01:57:48,66,80,,,6.842,78.628
2026-05-31 02:02:48,56,68,,,6.826,78.68
2026-05-31 02:07:48,55,69,,,6.783,77.885
2026-05-31 02:12:48,59,73,,,6.706,78.663
2026-05-31 02:17:48,55,68,,,6.641,78.791
2026-05-31 02:22:48,43,53,,,6.537,79.309
2026-05-31 02:27:48,46,56,,,6.449,79.55
2026-05-31 02:32:48,42,51,,,6.398,79.563
2026-05-31 02:37:48,46,53,,,6.292,79.899
2026-05-31 02:42:48,46,55,,,6.172,80.484
2026-05-31 02:47:48,53,66,,,6.18,80.261
2026-05-31 02:52:48,53,64,,,6.094,80.572
2026-05-31 02:57:48,44,53,,,6.019,80.215
2026-05-31 03:02:48,46,53,,,5.971,80.316
2026-05-31 03:07:48,42,48,,,5.963,80.624
2026-05-31 03:12:48,47,56,,,5.902,80.765
2026-05-31 03:17:48,48,58,,,5.904,81.535
2026-05-31 03:22:48,48,59,,,5.784,81.726
2026-05-31 03:27:48,47,56,,,5.557,81.783
2026-05-31 03:32:48,49,59,,,5.576,82.523
2026-05-31 03:37:48,47,55,,,5.608,81.034
2026-05-31 03:42:48,47,56,,,5.632,80.891
2026-05-31 03:47:48,47,57,,,5.56,81.961
2026-05-31 03:52:48,48,57,,,5.386,82.081
2026-05-31 03:57:48,51,62,,,5.309,84.677
2026-05-31 04:02:48,49,59,,,5.517,83.126
2026-05-31 04:07:48,50,60,,,5.616,83.925
2026-05-31 04:12:49,55,67,,,5.651,84.057
2026-05-31 04:17:48,51,60,,,5.611,83.828
2026-05-31 04:22:48,49,62,,,5.667,83.427
2026-05-31 04:27:48,52,65,,,5.533,83.712
2026-05-31 04:32:49,54,67,,,5.381,84.307
2026-05-31 04:37:48,58,75,,,5.362,85.68
2026-05-31 04:42:48,61,75,,,5.376,84.202
2026-05-31 04:47:48,61,75,,,5.322,83.342
2026-05-31 04:52:49,64,81,,,5.224,83.141
2026-05-31 04:57:48,56,69,,,5.071,83.298
2026-05-31 05:02:48,55,67,,,5.069,83.96
2026-05-31 05:07:48,51,64,,,5.098,83.996
2026-05-31 05:12:48,52,63,,,5.015,84.621
2026-05-31 05:17:48,49,59,,,5.063,83.935
2026-05-31 05:22:49,50,61,,,5.042,83.792
2026-05-31 05:27:49,54,69,,,4.932,84.101
2026-05-31 05:32:48,52,66,,,4.812,83.885
2026-05-31 05:37:49,55,67,,,4.764,84.097
2026-05-31 05:42:48,53,65,,,4.78,83.441
2026-05-31 05:47:49,55,67,,,4.689,83.555
2026-05-31 05:52:48,56,67,,,4.722,83.147
2026-05-31 05:57:48,55,67,,,4.601,81.377
2026-05-31 06:02:52,55,68,,,4.577,82.369
2026-05-31 06:07:48,53,62,,,4.417,82.483
2026-05-31 06:12:48,52,62,,,4.289,82.876
2026-05-31 06:17:48,50,59,,,4.276,82.739
2026-05-31 06:22:48,47,58,,,4.187,83.445
2026-05-31 06:27:49,48,58,,,4.097,83.727
2026-05-31 06:32:48,48,60,,,4.075,83.185
2026-05-31 06:37:49,49,59,,,3.995,83.029
2026-05-31 06:42:49,48,57,,,3.977,83.183
2026-05-31 06:47:48,47,58,,,3.952,84.265
2026-05-31 06:52:48,49,59,,,3.808,84.141
2026-05-31 06:57:48,47,57,,,3.872,83.864
2026-05-31 07:02:49,47,57,,,3.819,83.952
2026-05-31 07:07:48,49,59,,,3.824,84.576
2026-05-31 07:12:48,46,58,,,3.779,84.166
2026-05-31 07:17:48,43,52,,,3.814,83.899
2026-05-31 07:22:49,41,46,,,3.782,83.33
2026-05-31 07:27:49,45,53,,,3.91,83.553
2026-05-31 07:32:49,43,47,,,3.947,83.504
2026-05-31 07:37:49,42,50,,,3.979,83.767
2026-05-31 07:42:48,50,62,,,3.774,81.459
2026-05-31 07:47:48,50,61,,,3.798,82.172
2026-05-31 07:52:49,46,56,,,3.883,81.995
2026-05-31 07:57:49,48,57,,,3.872,82.254
2026-05-31 08:02:48,49,56,,,3.579,81.98
2026-05-31 08:07:48,46,56,,,3.632,81.335
2026-05-31 08:12:48,50,59,,,3.731,81.888
2026-05-31 08:17:49,51,61,,,3.851,82.619
2026-05-31 08:22:49,53,62,,,3.875,79.845
2026-05-31 08:27:49,55,65,,,4.075,81.875
2026-05-31 08:32:48,53,65,,,4.23,81.856
2026-05-31 08:37:49,53,65,,,4.265,81.304
2026-05-31 08:42:49,59,71,,,4.513,80.913
2026-05-31 08:47:49,50,60,,,4.676,81.47
2026-05-31 08:52:49,51,61,,,4.997,80.961
2026-05-31 08:57:48,50,60,,,5.33,80.223
2026-05-31 09:02:49,52,62,,,5.72,80.46
2026-05-31 09:07:49,57,71,,,6.139,81.335
2026-05-31 09:12:49,56,71,,,6.35,78.779
2026-05-31 09:17:52,56,69,,,6.831,78.936
2026-05-31 09:22:49,60,73,,,7.162,81.924
2026-05-31 09:27:49,56,71,,,7.176,80.734
2026-05-31 09:32:49,55,69,,,7.488,81.509
2026-05-31 09:37:49,55,68,,,7.544,81.795
2026-05-31 09:42:49,55,71,,,7.699,84.249
2026-05-31 09:47:49,53,67,,,7.392,85.613
2026-05-31 09:52:49,52,67,,,7.752,84.28
2026-05-31 09:57:49,54,68,,,7.79,84.772
2026-05-31 10:02:49,54,68,,,7.926,83.153
2026-05-31 10:07:49,58,73,,,7.766,83.706
2026-05-31 10:12:49,68,81,,,7.995,83.664
2026-05-31 10:17:49,67,81,,,8.401,81.654
2026-05-31 10:22:49,59,72,,,8.666,80.053
2026-05-31 10:27:49,55,69,,,9.058,77.316
2026-05-31 10:32:49,58,74,,,9.421,77.724
2026-05-31 10:37:49,56,70,,,9.592,77.976
2026-05-31 10:42:52,61,75,,,9.897,78.499
2026-05-31 10:47:49,56,71,,,10.265,75.533
2026-05-31 10:52:49,55,68,,,10.759,72.468
2026-05-31 10:57:49,57,71,,,11.064,71.298
2026-05-31 11:02:50,55,71,,,11.339,71.508
2026-05-31 11:07:49,55,68,,,12.078,68.454
2026-05-31 11:12:49,55,70,,,12.663,67.558
2026-05-31 11:17:49,59,71,,,13.157,67.127
2026-05-31 11:22:49,59,69,,,13.467,64.062
2026-05-31 11:27:50,56,69,,,13.731,64.331
2026-05-31 11:32:49,61,72,,,14.012,62.275
2026-05-31 11:37:50,67,74,,,13.977,64.554
2026-05-31 11:42:49,64,74,,,13.905,64.89
2026-05-31 11:47:50,64,74,,,14.754,62.431
2026-05-31 11:52:49,64,75,,,15.136,61.275
2026-05-31 11:57:50,64,73,,,15.315,61.319
2026-05-31 12:02:49,66,75,,,15.43,60.648
2026-05-31 12:07:50,76,79,,,16.143,58.818
2026-05-31 12:12:49,70,78,,,15.71,59.953
2026-05-31 12:17:49,66,75,,,15.9,60.768
2026-05-31 12:22:49,62,75,,,16.655,58.515
2026-05-31 12:27:49,64,73,,,16.61,58.544
2026-05-31 12:32:49,57,70,,,16.126,60.728
2026-05-31 12:37:49,59,72,,,16.383,59.768
2026-05-31 12:42:49,61,73,,,16.364,60.201
2026-05-31 12:47:50,57,69,,,16.869,59.105
2026-05-31 12:52:49,58,70,,,16.807,59.118
2026-05-31 12:57:49,58,71,,,16.73,59.547
2026-05-31 13:02:52,57,70,,,16.255,60.819
2026-05-31 13:07:52,58,70,,,16.674,59.675
2026-05-31 13:12:51,52,66,,,16.909,58.925
2026-05-31 13:17:49,54,67,,,17.571,57.46
2026-05-31 13:22:51,53,67,,,17.902,56.316
2026-05-31 13:27:50,51,66,,,17.555,56.953
2026-05-31 13:32:49,51,63,,,17.932,55.83
2026-05-31 13:37:50,50,61,,,17.678,56.327
2026-05-31 13:42:53,50,62,,,17.833,55.54
2026-05-31 13:47:50,52,64,,,18.5,54.348
2026-05-31 13:52:50,51,63,,,18.808,53.771
2026-05-31 13:57:50,50,62,,,19.04,52.877
2026-05-31 14:02:50,46,56,,,19.187,52.122
2026-05-31 14:07:51,47,59,,,19.256,52.148
2026-05-31 14:12:50,46,56,,,19.873,50.199
2026-05-31 14:17:50,47,60,,,20.773,48.494
2026-05-31 14:22:49,47,60,,,20.92,47.975
2026-05-31 14:27:50,47,59,,,20.885,47.866
2026-05-31 14:32:50,44,54,,,20.041,49.604
2026-05-31 14:37:50,45,55,,,20.044,49.549
2026-05-31 14:42:49,46,56,,,20.036,49.926
2026-05-31 14:47:53,46,56,,,19.574,51.506
2026-05-31 14:52:51,45,56,,,19.868,50.559
2026-05-31 14:57:50,42,52,,,18.856,52.667
2026-05-31 15:02:51,45,55,,,19.051,53.237
2026-05-31 15:12:50,47,57,,,18.647,53.873
2026-05-31 15:17:50,44,55,,,18.367,53.827
2026-05-31 15:22:50,44,53,,,18.092,54.904
2026-05-31 15:27:51,46,57,,,17.83,55.074
2026-05-31 15:32:50,45,55,,,17.779,55.181
2026-05-31 15:37:50,46,58,,,17.771,55.013
2026-05-31 15:42:50,46,58,,,17.315,55.778
2026-05-31 15:47:50,46,58,,,17.387,55.793
2026-05-31 15:52:50,50,61,,,17.301,55.893
2026-05-31 15:57:50,44,53,,,17.021,56.667
2026-05-31 16:02:50,47,57,,,16.933,57.081
2026-05-31 16:07:53,43,53,,,16.471,58.651
2026-05-31 16:12:50,45,55,,,16.554,58.49
2026-05-31 16:17:51,45,56,,,16.519,58.462
2026-05-31 16:22:57,45,58,,,16.252,59.606
2026-05-31 16:27:50,46,57,,,16.204,59.785
2026-05-31 16:32:50,47,58,,,16.03,60.796
2026-05-31 16:37:53,42,50,,,15.889,60.953
2026-05-31 16:42:50,46,57,,,16.012,61.388
2026-05-31 16:47:51,44,55,,,15.889,61.174
2026-05-31 16:52:50,47,58,,,15.729,61.134
2026-05-31 16:57:53,50,61,,,15.606,62.034
2026-05-31 17:02:50,53,66,,,15.381,63.53
2026-05-31 17:07:51,48,61,,,15.141,64.396
2026-05-31 17:12:50,47,60,,,14.775,65.777
2026-05-31 17:17:51,51,64,,,14.666,66.198
2026-05-31 17:22:50,58,69,,,14.522,66.633
2026-05-31 17:27:54,52,66,,,14.375,67.358
2026-05-31 17:32:50,52,65,,,14.113,67.924
2026-05-31 17:37:50,50,63,,,13.929,68.884
2026-05-31 17:42:50,60,73,,,13.656,69.896
2026-05-31 17:47:54,76,82,,,13.384,71.48
2026-05-31 17:52:50,54,68,,,13.114,72.063
2026-05-31 18:02:53,98,102,,,12.596,74.148
2026-05-31 18:07:51,74,80,,,12.441,73.831
2026-05-31 18:12:51,66,75,,,12.212,74.528
2026-05-31 18:17:51,112,120,,,12.006,75.413
2026-05-31 18:22:51,126,133,,,11.822,75.72
2026-05-31 18:27:51,198,213,,,11.638,76.685
2026-05-31 18:32:50,84,90,,,11.483,77.228
2026-05-31 18:37:51,59,72,,,11.355,77.751
2026-05-31 18:42:51,59,73,,,11.138,78.386
2026-05-31 18:47:51,59,72,,,11.023,78.304
2026-05-31 18:52:53,53,66,,,10.93,79.019
2026-05-31 18:57:50,54,65,,,10.783,78.928
2026-05-31 19:02:54,53,68,,,10.628,79.651
2026-05-31 19:07:51,57,71,,,10.591,79.554
2026-05-31 19:12:51,51,64,,,10.503,80.7
2026-05-31 19:17:50,49,60,,,10.345,80.749
2026-05-31 19:22:52,46,57,,,10.252,81.299
2026-05-31 19:27:52,54,67,,,10.244,80.891
2026-05-31 19:32:50,49,60,,,10.148,81.232
2026-05-31 19:37:51,56,70,,,10.07,81.846
2026-05-31 19:42:51,54,67,,,10.041,82.184
2026-05-31 19:47:53,62,76,,,9.883,82.285
2026-05-31 19:52:50,94,99,,,9.846,82.172
2026-05-31 19:57:50,106,112,,,9.779,82.808
2026-05-31 20:02:52,64,77,,,9.739,83.338
2026-05-31 20:07:51,89,95,,,9.651,82.706
2026-05-31 20:12:50,142,150,,,9.598,83.523
2026-05-31 20:17:52,55,68,,,9.515,83.771
2026-05-31 20:22:50,51,64,,,9.451,84.04
2026-05-31 20:27:54,51,63,,,9.347,83.595
2026-05-31 20:32:51,53,66,,,9.339,83.828
2026-05-31 20:37:51,54,68,,,9.288,83.546
2026-05-31 20:42:51,48,60,,,9.216,83.982
2026-05-31 20:52:51,63,78,,,9.122,83.759
2026-05-31 20:57:50,54,68,,,9.079,83.712
2026-05-31 21:02:51,48,58,,,9.031,84.373
2026-05-31 21:07:51,57,70,,,8.938,85.06
2026-05-31 21:12:51,50,62,,,8.962,84.091
2026-05-31 21:17:54,53,67,,,8.911,84.497
2026-05-31 21:22:51,53,68,,,8.914,84.761
2026-05-31 21:27:51,48,61,,,8.828,84.738
2026-05-31 21:32:51,55,69,,,8.799,84.698
2026-05-31 21:37:51,51,63,,,8.775,84.768
2026-05-31 21:42:52,70,81,,,8.756,85.365
2026-05-31 21:47:58,52,62,,,8.679,85.485
2026-05-31 21:52:51,46,56,,,8.679,86.523
2026-05-31 21:57:52,68,81,,,8.644,85.258
2026-05-31 22:02:52,54,69,,,8.61,85.405
2026-05-31 22:07:52,73,82,,,8.588,87.217
2026-05-31 22:12:51,52,63,,,8.65,86.409
2026-05-31 22:17:54,53,66,,,8.658,86.214
2026-05-31 22:22:51,51,62,,,8.668,85.363
2026-05-31 22:27:51,47,56,,,8.612,85.697
2026-05-31 22:32:51,48,60,,,8.61,86.113
2026-05-31 22:37:52,74,85,,,8.553,85.707
2026-05-31 22:42:50,60,75,,,8.572,85.642
2026-05-31 22:47:52,95,99,,,8.519,85.014
2026-05-31 22:52:51,61,75,,,8.521,85.358
2026-05-31 22:57:51,95,100,,,8.407,85.3
2026-05-31 23:02:51,98,106,,,8.409,85.024
2026-05-31 23:07:55,86,93,,,8.353,85.476
2026-05-31 23:12:52,95,100,,,8.391,85.135
2026-05-31 23:17:51,89,95,,,8.399,86.224
2026-05-31 23:22:51,68,82,,,8.465,86.845
2026-05-31 23:27:51,59,75,,,8.543,87.732
2026-05-31 23:32:52,59,73,,,8.548,88.64
2026-05-31 23:37:51,56,70,,,8.599,87.597
2026-05-31 23:42:51,53,68,,,8.612,88.799
2026-05-31 23:47:51,53,66,,,8.626,88.501
2026-05-31 23:52:51,68,80,,,8.618,88.198
2026-05-31 23:57:51,57,70,,,8.66,88.56
