fecha,mp25_ugm3,mp10_ugm3,so2_ppb,cov_ppb,temperatura_c,humedad_pct
2026-07-03 15:51:46,56,67,0,0,18.783,31.297
2026-07-03 15:55:33,50,63,0,0,17.48,33.963
2026-07-03 15:59:46,60,71,0,0,16.952,34.862
2026-07-03 16:04:49,65,75,0,0,16.479,35.426
2026-07-03 16:09:47,61,74,0,0,16.076,36.052
2026-07-03 16:14:46,59,73,0,0,15.905,36.115
2026-07-03 16:19:46,65,75,0,0,15.582,37.585
2026-07-03 16:24:47,64,75,0,0,15.376,38.188
2026-07-03 16:29:47,68,75,0,0,15.122,38.499
2026-07-03 16:34:46,69,78,0,0,14.954,39.138
2026-07-03 16:39:46,72,79,0,0,14.741,39.655
2026-07-03 16:44:46,74,80,0,0,14.599,40.052
2026-07-03 16:49:46,70,78,0,0,14.415,40.206
2026-07-03 16:54:46,72,77,0,0,14.284,40.551
2026-07-03 16:59:47,73,80,0,0,14.191,41.005
2026-07-03 17:04:47,74,80,0,0,14.191,40.893
2026-07-03 17:09:47,70,77,0,0,13.937,41.467
2026-07-03 17:14:47,73,80,0,0,13.721,42.262
2026-07-03 17:19:47,73,78,0,0,13.723,42.28
2026-07-03 17:24:47,80,85,0,0,13.678,42.31
2026-07-03 17:29:47,83,91,0,0,13.544,42.947
2026-07-03 17:34:47,73,78,0,0,13.408,43.197
2026-07-03 17:39:47,72,77,0,0,13.293,43.313
2026-07-03 17:44:47,73,79,0,0,13.093,43.351
2026-07-03 17:49:47,75,82,0,0,12.933,44.223
2026-07-03 17:54:47,70,78,0,0,12.877,44.162
2026-07-03 17:59:47,73,78,0,0,12.743,44.208
2026-07-03 18:04:47,73,81,0,0,12.57,44.271
2026-07-03 18:09:47,72,78,0,0,12.407,44.668
2026-07-03 18:14:47,74,83,0,0,12.247,45.169
2026-07-03 18:19:47,73,80,0,0,12.044,45.583
2026-07-03 18:24:47,70,77,0,0,11.987,45.326
2026-07-03 18:29:47,67,75,0,0,11.921,45.085
2026-07-03 18:34:47,57,69,0,0,11.939,43.056
2026-07-03 18:39:47,56,68,0,0,11.873,43.5
2026-07-03 18:44:47,53,68,0,0,11.83,43.804
2026-07-03 18:49:47,55,68,0,0,11.68,44.343
2026-07-03 18:54:47,46,60,0,0,11.592,43.006
2026-07-03 18:59:47,50,63,0,0,11.611,43.325
2026-07-03 19:04:47,56,70,0,0,11.472,45.127
2026-07-03 19:09:47,57,72,0,0,11.416,45.778
2026-07-03 19:14:47,63,75,0,0,11.467,45.841
2026-07-03 19:19:47,59,72,0,0,11.379,45.648
2026-07-03 19:24:47,54,68,0,0,11.285,45.472
2026-07-03 19:29:47,57,71,0,0,11.264,46.026
2026-07-03 19:34:47,58,73,0,0,11.117,46.35
2026-07-03 19:39:47,60,73,0,0,11.034,46.903
2026-07-03 19:44:47,66,78,0,0,10.898,47.656
2026-07-03 19:49:47,68,80,0,0,10.895,48
2026-07-03 19:54:47,67,77,0,0,10.826,48.141
2026-07-03 19:59:47,77,85,0,0,10.716,48.282
2026-07-03 20:04:47,76,81,0,0,10.623,48.652
2026-07-03 20:09:47,74,81,0,0,10.417,48.971
2026-07-03 20:14:47,78,85,0,0,10.441,49.083
2026-07-03 20:19:47,71,81,0,0,10.425,48.995
2026-07-03 20:24:47,70,80,0,0,10.198,49.095
2026-07-03 20:29:47,66,77,0,0,10.308,49.236
2026-07-03 20:34:47,67,76,0,0,10.343,49.123
2026-07-03 20:39:47,69,79,0,0,10.206,49.037
2026-07-03 20:44:47,64,75,0,0,10.089,49.703
2026-07-03 20:49:47,61,76,0,0,10.07,48.797
2026-07-03 20:54:47,57,72,0,0,10.062,48.311
2026-07-03 20:59:47,55,70,0,0,9.963,48.034
2026-07-03 21:04:47,58,70,0,0,9.971,48.12
2026-07-03 21:09:47,53,68,0,0,9.87,47.573
2026-07-03 21:14:47,54,69,0,0,9.873,47.981
2026-07-03 21:19:47,53,69,0,0,9.683,49.327
2026-07-03 21:24:47,53,67,0,0,9.616,49.64
2026-07-03 21:29:47,53,66,0,0,9.533,49.751
2026-07-03 21:34:47,53,68,0,0,9.496,49.901
2026-07-03 21:39:47,53,68,0,0,9.376,51.404
2026-07-03 21:44:47,56,72,0,0,9.341,51.593
2026-07-03 21:49:47,55,72,0,0,9.205,52.572
2026-07-03 21:54:47,56,72,0,0,9.176,52.915
2026-07-03 21:59:47,54,70,0,0,9.069,53.598
2026-07-03 22:04:47,56,73,0,0,9.039,53.522
2026-07-03 22:09:47,55,70,0,0,8.999,53.615
2026-07-03 22:14:47,53,68,0,0,8.874,53.779
2026-07-03 22:19:47,54,69,0,0,8.828,54.267
2026-07-03 22:24:47,54,67,0,0,8.807,55.128
2026-07-03 22:29:47,55,71,0,0,8.73,55.402
2026-07-03 22:34:47,55,71,0,0,8.583,55.37
2026-07-03 22:39:47,54,68,0,0,8.612,54.702
2026-07-03 22:44:47,54,68,0,0,8.391,55.992
2026-07-03 22:49:47,54,68,0,0,8.439,55.299
2026-07-03 22:54:47,53,67,0,0,8.383,55.87
2026-07-03 22:59:47,55,70,0,0,8.188,56.722
2026-07-03 23:04:47,53,67,0,0,8.206,56.097
2026-07-03 23:09:47,53,67,0,0,7.995,56.522
2026-07-03 23:14:47,54,67,0,0,7.985,57.022
2026-07-03 23:19:47,55,69,0,0,7.929,57.037
2026-07-03 23:24:47,54,68,0,0,8.011,56.823
2026-07-03 23:29:47,54,66,0,0,7.961,57.378
2026-07-03 23:34:47,55,73,0,0,7.835,57.527
2026-07-03 23:39:47,54,67,0,0,7.792,56.833
2026-07-03 23:44:47,53,64,0,0,7.715,57.369
2026-07-03 23:49:48,54,66,0,0,7.707,58.017
2026-07-03 23:54:47,51,67,0,0,7.656,57.592
2026-07-03 23:59:47,52,66,0,0,7.67,57.725
2026-07-04 00:04:48,52,65,0,0,7.568,58.397
2026-07-04 00:09:48,52,67,0,0,7.581,58.117
2026-07-04 00:14:48,54,66,0,0,7.499,57.535
2026-07-04 00:19:48,54,68,0,0,7.496,57.567
2026-07-04 00:24:48,55,71,0,0,7.552,56.837
2026-07-04 00:29:48,55,69,0,0,7.477,56.673
2026-07-04 00:34:48,54,66,0,0,7.389,56.734
2026-07-04 00:39:48,53,68,0,0,7.344,57.031
2026-07-04 00:44:49,55,68,0,0,7.288,57.344
2026-07-04 00:49:48,55,70,0,0,7.338,57.207
2026-07-04 00:54:48,53,68,0,0,7.237,57.197
2026-07-04 00:59:48,53,68,0,0,7.405,56.634
2026-07-04 01:04:48,53,68,0,0,7.387,56.167
2026-07-04 01:09:48,51,66,0,0,7.261,55.501
2026-07-04 01:14:48,51,66,0,0,7.242,55.284
2026-07-04 01:19:48,47,61,0,0,7.29,53.937
2026-07-04 01:24:48,45,59,0,0,7.266,53.335
2026-07-04 01:29:48,43,55,0,0,7.274,52.845
2026-07-04 01:34:48,46,57,0,0,7.309,52.757
2026-07-04 01:39:48,45,58,0,0,7.264,53.497
2026-07-04 01:44:48,43,54,0,0,7.37,52.961
2026-07-04 01:49:48,43,52,0,0,7.395,52.511
2026-07-04 01:54:48,45,53,0,0,7.296,52.986
2026-07-04 01:59:48,44,54,0,0,7.282,52.301
2026-07-04 02:04:48,44,55,0,0,7.354,51.872
2026-07-04 02:09:48,46,58,0,0,7.312,52.028
2026-07-04 02:14:48,44,54,0,0,7.282,52.249
2026-07-04 02:19:48,44,54,0,0,7.189,53.115
2026-07-04 02:24:48,46,58,0,0,7.165,52.711
2026-07-04 02:29:48,46,57,0,0,7.184,52.417
2026-07-04 02:34:48,45,55,0,0,7.098,53.405
2026-07-04 02:39:48,46,59,0,0,7.047,53.995
2026-07-04 02:44:48,46,58,0,0,6.975,54.441
2026-07-04 02:49:48,46,58,0,0,6.93,54.601
2026-07-04 02:54:48,44,55,0,0,6.922,53.152
2026-07-04 02:59:48,39,50,0,0,6.836,52.927
2026-07-04 03:04:48,40,52,0,0,6.786,52.6
2026-07-04 03:09:48,44,55,0,0,6.794,52.459
2026-07-04 03:14:48,40,50,0,0,6.791,52
2026-07-04 03:19:48,40,52,0,0,6.754,52.196
2026-07-04 03:24:48,40,51,0,0,6.724,53.754
2026-07-04 03:29:48,44,54,0,0,6.695,53.718
2026-07-04 03:34:48,45,57,0,0,6.607,53.884
2026-07-04 03:39:48,39,46,0,0,6.636,49.755
2026-07-04 03:44:48,39,46,0,0,6.607,49.053
2026-07-04 03:49:48,41,52,0,0,6.692,50.235
2026-07-04 03:54:48,42,53,0,0,6.631,51.828
2026-07-04 03:59:48,40,52,0,0,6.5,52.871
2026-07-04 04:04:48,41,55,0,0,6.439,53.823
2026-07-04 04:09:48,44,54,0,0,6.404,55.294
2026-07-04 04:14:48,41,50,0,0,6.385,55.219
2026-07-04 04:19:48,43,52,0,0,6.265,55.28
2026-07-04 04:24:48,41,53,0,0,6.393,55.385
2026-07-04 04:29:48,45,55,0,0,6.337,55.625
2026-07-04 04:34:48,46,56,0,0,6.345,56.381
2026-07-04 04:39:48,46,58,0,0,6.262,56.84
2026-07-04 04:44:48,46,57,0,0,6.257,57.193
2026-07-04 04:49:48,47,59,0,0,6.254,58.149
2026-07-04 04:54:48,48,60,0,0,6.204,59.242
2026-07-04 04:59:48,48,60,0,0,6.209,59.555
2026-07-04 05:04:48,49,61,0,0,6.225,59.043
2026-07-04 05:09:48,48,62,0,0,6.212,58.12
2026-07-04 05:14:49,50,62,0,0,6.294,58.038
2026-07-04 05:19:48,48,59,0,0,6.284,56.772
2026-07-04 05:24:49,45,56,0,0,6.372,54.283
2026-07-04 05:29:48,45,56,0,0,6.503,53.907
2026-07-04 05:34:49,42,55,0,0,6.671,52.61
2026-07-04 05:39:48,44,57,0,0,6.636,52.162
2026-07-04 05:44:49,44,54,0,0,6.62,52.801
2026-07-04 05:49:48,42,53,0,0,6.674,52.425
2026-07-04 05:54:49,44,56,0,0,6.591,53.182
2026-07-04 05:59:48,42,55,0,0,6.535,53.476
2026-07-04 06:04:49,43,53,0,0,6.495,53.306
2026-07-04 06:09:49,44,54,0,0,6.415,53.443
2026-07-04 06:14:49,45,56,0,0,6.356,53.237
2026-07-04 06:19:49,42,54,0,0,6.366,53.31
2026-07-04 06:24:48,39,48,0,0,6.313,52.297
2026-07-04 06:29:49,39,47,0,0,6.238,53.079
2026-07-04 06:34:49,40,48,0,0,6.212,52.793
2026-07-04 06:39:49,39,50,0,0,6.22,53.306
2026-07-04 06:44:49,40,52,0,0,6.212,53.688
2026-07-04 06:49:49,42,53,0,0,6.155,53.911
2026-07-04 06:54:49,43,52,0,0,6.158,54.178
2026-07-04 06:59:49,43,53,0,0,6.233,54.119
2026-07-04 07:04:49,41,53,0,0,6.348,53.44
2026-07-04 07:09:49,41,50,0,0,6.292,54.054
2026-07-04 07:14:49,36,38,0,0,6.249,51.238
2026-07-04 07:19:49,37,42,0,0,6.313,51.853
2026-07-04 07:24:49,33,40,0,0,6.284,51.141
2026-07-04 07:29:49,33,39,0,0,6.297,50.451
2026-07-04 07:34:49,30,33,0,0,6.388,48.393
2026-07-04 07:39:49,31,37,0,0,6.377,50.332
2026-07-04 07:44:49,35,42,0,0,6.431,51.98
2026-07-04 07:49:49,37,43,0,0,6.476,52.196
2026-07-04 07:54:49,32,38,0,0,6.404,49.407
2026-07-04 07:59:49,28,33,0,0,6.524,49.285
2026-07-04 08:04:49,33,37,0,0,6.457,49.919
2026-07-04 08:09:49,41,52,0,0,6.42,52.639
2026-07-04 08:14:49,40,50,0,0,6.39,53.436
2026-07-04 08:19:49,43,52,0,0,6.356,54.395
2026-07-04 08:24:49,44,55,0,0,6.326,54.487
2026-07-04 08:29:49,44,52,0,0,6.415,54.294
2026-07-04 08:34:49,44,54,0,0,6.415,54.71
2026-07-04 08:39:49,45,56,0,0,6.567,53.892
2026-07-04 08:44:49,43,56,0,0,6.682,53.417
2026-07-04 08:49:49,41,53,0,0,6.796,52.305
2026-07-04 08:54:49,42,51,0,0,6.997,52.288
2026-07-04 08:59:49,41,52,0,0,7.232,51.815
2026-07-04 09:04:49,40,46,0,0,10.065,44.412
2026-07-04 09:09:49,39,49,0,0,13.646,36.422
2026-07-04 09:14:49,37,47,0,0,15.523,34.251
2026-07-04 09:19:49,34,40,0,0,17.026,30.997
2026-07-04 09:24:49,34,40,0,0,18.351,28.71
2026-07-04 09:29:49,34,44,0,0,20.087,26.834
2026-07-04 09:34:49,32,38,0,0,21.502,24.837
2026-07-04 09:39:49,30,35,0,0,22.164,23.044
2026-07-04 09:44:49,34,45,0,0,23.16,22.243
2026-07-04 09:49:49,34,39,0,0,23.911,21.354
2026-07-04 09:54:49,27,28,0,0,25.401,19.713
2026-07-04 09:59:49,27,31,0,0,26.61,19.265
2026-07-04 10:04:49,21,25,0,0,27.569,18.245
2026-07-04 10:09:49,25,28,0,0,28.474,18.062
2026-07-04 10:14:49,23,27,0,0,29.134,17.377
2026-07-04 10:19:49,22,24,0,0,29.7,17.564
2026-07-04 10:24:49,24,26,0,0,30.293,16.679
2026-07-04 10:29:49,24,26,0,0,31.075,16.047
2026-07-04 10:34:49,22,23,0,0,31.526,15.847
2026-07-04 10:39:49,24,24,0,0,32.234,15.304
2026-07-04 10:44:49,25,25,0,0,31.323,16.198
2026-07-04 10:49:49,25,29,0,0,31.927,15.899
2026-07-04 10:54:49,21,25,0,0,32.731,15.368
2026-07-04 10:59:49,25,28,0,0,31.873,16.511
2026-07-04 11:04:49,22,25,0,0,32.763,15.639
2026-07-04 11:09:49,12,13,0,0,32.634,15.616
2026-07-04 11:14:49,11,14,0,0,33.161,15.494
2026-07-04 11:19:49,17,17,0,0,33.302,15.273
2026-07-04 11:24:49,16,21,0,0,33.839,14.993
2026-07-04 11:29:49,21,23,0,0,33.793,15.389
2026-07-04 11:34:49,25,29,0,0,33.74,15.839
2026-07-04 11:39:49,25,26,0,0,33.486,15.834
2026-07-04 11:44:49,23,23,0,0,34.044,15.487
2026-07-04 11:49:49,28,32,0,0,34.362,15.494
2026-07-04 11:54:49,30,34,0,0,34.76,15.162
2026-07-04 11:59:49,33,38,0,0,34.621,15.073
2026-07-04 12:04:49,35,42,0,0,34.736,15.244
2026-07-04 12:09:49,36,43,0,0,35.022,14.949
2026-07-04 12:14:50,39,47,0,0,35.393,14.859
2026-07-04 12:19:50,39,45,0,0,36.026,14.514
2026-07-04 12:24:50,38,46,0,0,35.93,14.565
2026-07-04 12:29:50,34,41,0,0,36.37,13.919
2026-07-04 12:34:50,32,36,0,0,36.624,13.673
2026-07-04 12:39:50,30,33,0,0,35.703,13.869
2026-07-04 12:44:50,38,45,0,0,35.524,14.344
2026-07-04 12:49:50,39,46,0,0,34.434,15.292
2026-07-04 12:54:50,44,53,0,0,31.222,16.936
2026-07-04 12:59:50,41,48,0,0,29.04,18.498
2026-07-04 13:04:50,39,47,0,0,27.061,19.481
2026-07-04 13:09:50,41,49,0,0,25.179,21.55
2026-07-04 13:14:50,40,50,0,0,23.742,22.643
2026-07-04 13:19:50,40,49,0,0,22.511,23.612
2026-07-04 13:24:50,42,50,0,0,21.328,24.877
2026-07-04 13:29:50,41,52,0,0,20.845,25.153
2026-07-04 13:34:50,44,54,0,0,19.945,27.171
2026-07-04 13:39:50,49,59,0,0,19.454,28.525
2026-07-04 13:44:50,48,61,0,0,19.141,29.262
2026-07-04 13:49:50,47,59,0,0,18.423,30.299
2026-07-04 13:54:50,47,60,0,0,17.844,30.917
2026-07-04 13:59:50,44,53,0,0,17.675,29.183
2026-07-04 14:04:50,48,61,0,0,17.232,31.301
2026-07-04 14:09:50,47,60,0,0,16.882,31.539
2026-07-04 14:14:50,45,57,0,0,16.73,31.329
2026-07-04 14:19:50,46,57,0,0,16.439,31.909
2026-07-04 14:24:50,45,55,0,0,16.388,31.522
2026-07-04 14:29:50,42,54,0,0,16.207,31.722
2026-07-04 14:34:50,39,49,0,0,16.081,30.862
2026-07-04 14:39:50,39,47,0,0,15.881,30.498
2026-07-04 14:44:50,36,46,0,0,15.766,30.484
2026-07-04 14:49:50,41,50,0,0,15.598,31.03
2026-07-04 14:54:50,47,58,0,0,15.389,31.829
2026-07-04 14:59:50,40,49,0,0,14.976,31.898
2026-07-04 15:04:50,39,46,0,0,14.727,31.955
2026-07-04 15:09:50,38,48,0,0,14.719,32.249
2026-07-04 15:14:50,37,46,0,0,14.476,32.258
2026-07-04 15:19:50,32,37,0,0,14.423,31.074
2026-07-04 15:24:50,26,26,0,0,14.319,29.712
2026-07-04 15:29:50,18,19,0,0,13.948,27.982
2026-07-04 15:34:50,12,15,0,0,14.025,27.41
2026-07-04 15:39:50,7,7,0,0,13.889,27.217
2026-07-04 15:44:50,6,6,0,0,13.883,26.91
2026-07-04 15:49:50,7,7,0,0,13.683,27.066
2026-07-04 15:54:50,9,11,0,0,13.675,27.192
2026-07-04 15:59:50,8,11,0,0,13.459,27.736
2026-07-04 16:05:12,9,9,0,0,13.264,28.127
2026-07-04 16:09:50,10,11,0,0,13.16,28.678
2026-07-04 16:14:50,25,25,0,0,13.037,30.946
2026-07-04 16:19:50,32,35,0,0,12.909,33.921
2026-07-04 16:24:50,40,47,0,0,12.706,36.762
2026-07-04 16:29:50,42,53,0,0,12.436,38.081
2026-07-04 16:34:50,41,49,0,0,12.337,38.81
2026-07-04 16:39:50,39,47,0,0,12.182,38.411
2026-07-04 16:44:50,33,38,0,0,12.108,38.001
2026-07-04 16:49:50,30,35,0,0,11.931,38.327
2026-07-04 16:54:50,29,30,0,0,11.902,38.72
2026-07-04 16:59:50,29,34,0,0,11.739,39.495
2026-07-04 17:04:52,26,27,0,0,11.579,40.254
2026-07-04 17:09:50,29,30,0,0,11.488,40.946
2026-07-04 17:14:50,30,34,0,0,11.389,41.503
2026-07-04 17:19:50,32,36,0,0,11.296,42.068
2026-07-04 17:24:50,30,33,0,0,11.138,43.052
2026-07-04 17:29:50,34,40,0,0,11.037,43.533
2026-07-04 17:34:50,34,39,0,0,11.082,43.201
2026-07-04 17:39:50,35,40,0,0,10.855,44.067
2026-07-04 17:44:50,32,36,0,0,10.703,44.391
2026-07-04 17:49:50,32,38,0,0,10.663,44.37
2026-07-04 17:54:50,35,39,0,0,10.69,44.389
2026-07-04 17:59:50,34,41,0,0,10.591,44.711
2026-07-04 18:04:50,33,38,0,0,10.476,45.404
2026-07-04 18:09:50,30,33,0,0,10.399,45.35
2026-07-04 18:14:50,33,36,0,0,10.327,45.665
2026-07-04 18:19:50,34,37,0,0,10.177,45.787
2026-07-04 18:24:51,34,37,0,0,10.121,45.741
2026-07-04 18:29:50,30,39,0,0,10.086,45.366
2026-07-04 18:34:50,30,34,0,0,9.993,44.86
2026-07-04 18:39:50,31,34,0,0,10.006,44.847
2026-07-04 18:44:50,33,35,0,0,9.862,45.091
2026-07-04 18:49:50,31,34,0,0,9.817,44.397
2026-07-04 18:54:50,33,35,0,0,9.606,44.526
2026-07-04 18:59:50,31,34,0,0,9.475,43.66
2026-07-04 19:04:50,31,31,0,0,9.451,43.13
2026-07-04 19:09:50,31,36,0,0,9.429,42.852
2026-07-04 19:14:50,31,35,0,0,9.4,42.421
2026-07-04 19:19:50,30,31,0,0,9.408,41.578
2026-07-04 19:24:50,33,37,0,0,9.501,41.305
2026-07-04 19:29:50,30,32,0,0,9.552,40.735
2026-07-04 19:34:50,31,36,0,0,9.622,40.611
2026-07-04 19:39:50,31,34,0,0,9.64,40.34
2026-07-04 19:44:50,31,35,0,0,9.557,40.389
2026-07-04 19:49:50,31,37,0,0,9.56,40.542
2026-07-04 19:54:50,33,36,0,0,9.515,40.735
2026-07-04 19:59:50,33,36,0,0,9.568,40.656
2026-07-04 20:04:50,33,36,0,0,9.614,40.841
2026-07-04 20:09:50,33,36,0,0,9.622,40.832
2026-07-04 20:14:50,35,42,0,0,9.501,42.92
2026-07-04 20:19:50,34,38,0,0,9.595,42.65
2026-07-04 20:24:51,33,36,0,0,9.622,43.033
2026-07-04 20:29:51,33,38,0,0,9.587,43.268
2026-07-04 20:34:50,31,34,0,0,9.606,43.283
2026-07-04 20:39:51,32,36,0,0,9.517,43.489
2026-07-04 20:44:50,30,34,0,0,9.483,43.767
2026-07-04 20:49:51,29,32,0,0,9.552,43.464
2026-07-04 20:54:50,28,28,0,0,9.48,43.55
2026-07-04 20:59:50,29,30,0,0,9.467,43.264
2026-07-04 21:04:51,28,34,0,0,9.56,43.344
2026-07-04 21:09:51,31,35,0,0,9.504,44.099
2026-07-04 21:14:51,30,32,0,0,9.432,43.937
2026-07-04 21:19:51,30,32,0,0,9.453,43.334
2026-07-04 21:24:51,30,31,0,0,9.379,43.598
2026-07-04 21:29:51,30,34,0,0,9.413,44.103
2026-07-04 21:34:51,29,31,0,0,9.373,44.631
2026-07-04 21:39:51,28,35,0,0,9.357,44.711
2026-07-04 21:44:51,30,31,0,0,9.368,42.821
2026-07-04 21:49:51,28,29,0,0,9.456,42.722
2026-07-04 21:54:51,26,29,0,0,9.373,43.485
2026-07-04 21:59:51,31,36,0,0,9.376,43.397
2026-07-04 22:04:51,29,30,0,0,9.368,44.101
2026-07-04 22:09:51,27,32,0,0,9.413,43.323
2026-07-04 22:14:51,27,30,0,0,9.328,43.292
2026-07-04 22:19:51,29,31,0,0,9.357,43.504
2026-07-04 22:24:51,28,30,0,0,9.306,43.287
2026-07-04 22:29:51,30,34,0,0,9.25,43.674
2026-07-04 22:34:51,26,27,0,0,9.253,43.826
2026-07-04 22:39:51,26,28,0,0,9.216,43.651
2026-07-04 22:44:51,32,36,0,0,9.037,43.866
2026-07-04 22:49:51,34,41,0,0,9.023,44.059
2026-07-04 22:54:51,32,37,0,0,9.069,43.842
2026-07-04 22:59:51,27,28,0,0,9.088,42.846
2026-07-04 23:04:51,26,31,0,0,9.138,41.929
2026-07-04 23:09:51,25,28,0,0,9.106,42.18
2026-07-04 23:14:51,27,29,0,0,9.125,41.526
2026-07-04 23:19:51,28,28,0,0,9.096,41.925
2026-07-04 23:24:51,29,32,0,0,9.141,42.253
2026-07-04 23:29:51,30,32,0,0,9.117,42.281
2026-07-04 23:34:51,29,32,0,0,9.101,43.14
2026-07-04 23:39:51,27,29,0,0,9.098,43.594
2026-07-04 23:44:51,30,32,0,0,9.09,43.807
2026-07-04 23:49:51,34,40,0,0,9.023,43.096
2026-07-04 23:54:51,34,43,0,0,8.946,42.73
2026-07-04 23:59:51,35,39,0,0,9.045,43.434
2026-07-05 00:04:51,30,32,0,0,9.013,43.386
2026-07-05 00:09:51,31,35,0,0,9.01,43.678
2026-07-05 00:14:51,30,30,0,0,9.055,43.136
2026-07-05 00:19:51,33,37,0,0,9.047,43.046
2026-07-05 00:24:51,34,37,0,0,8.954,42.653
2026-07-05 00:29:51,34,37,0,0,9.061,42.831
2026-07-05 00:34:51,31,32,0,0,9.037,42.73
2026-07-05 00:39:51,31,37,0,0,9.085,42.013
2026-07-05 00:44:51,34,39,0,0,9.055,42.96
2026-07-05 00:49:51,34,37,0,0,9.085,43.481
2026-07-05 00:54:51,34,38,0,0,8.983,44.21
2026-07-05 00:59:51,34,37,0,0,9.106,44.858
2026-07-05 01:04:51,34,38,0,0,9.021,45.513
2026-07-05 01:09:51,32,39,0,0,9.002,44.832
2026-07-05 01:14:51,30,32,0,0,9.058,44.446
2026-07-05 01:19:51,31,34,0,0,9.01,43.87
2026-07-05 01:24:51,30,35,0,0,8.946,44.223
2026-07-05 01:29:51,30,31,0,0,8.951,44.271
2026-07-05 01:34:51,34,36,0,0,8.903,44.723
2026-07-05 01:39:51,35,38,0,0,8.874,45.177
2026-07-05 01:44:51,35,39,0,0,8.898,46.89
2026-07-05 01:49:51,35,39,0,0,8.919,47.637
2026-07-05 01:54:51,36,42,0,0,8.858,49.564
2026-07-05 01:59:51,35,40,0,0,8.962,49.156
2026-07-05 02:04:51,35,41,0,0,8.853,50.373
2026-07-05 02:09:51,34,37,0,0,8.855,51.454
2026-07-05 02:14:51,34,38,0,0,8.866,52.165
2026-07-05 02:19:51,34,41,0,0,8.858,52.721
2026-07-05 02:24:51,34,37,0,0,8.812,53.066
2026-07-05 02:29:51,32,35,0,0,8.772,53.134
2026-07-05 02:34:51,32,35,0,0,8.711,53.121
2026-07-05 02:39:51,32,36,0,0,8.682,53.506
2026-07-05 02:44:51,31,32,0,0,8.652,53.848
2026-07-05 02:49:51,32,35,0,0,8.516,53.077
2026-07-05 02:54:51,31,31,0,0,8.569,52.057
2026-07-05 02:59:51,30,30,0,0,8.583,51.244
2026-07-05 03:04:51,28,32,0,0,8.561,50.817
2026-07-05 03:09:51,31,37,0,0,8.585,49.661
2026-07-05 03:14:51,25,27,0,0,8.706,48.284
2026-07-05 03:19:51,28,29,0,0,8.626,47.653
2026-07-05 03:24:51,32,33,0,0,8.527,49.896
2026-07-05 03:29:51,29,35,0,0,8.553,48.274
2026-07-05 03:34:51,32,36,0,0,8.652,47.906
2026-07-05 03:39:52,32,35,0,0,8.69,47.529
2026-07-05 03:44:51,31,37,0,0,8.671,49.573
2026-07-05 03:49:52,31,36,0,0,8.61,50.186
2026-07-05 03:54:52,32,35,0,0,8.449,50.922
2026-07-05 03:59:52,34,37,0,0,8.444,51.488
2026-07-05 04:04:52,32,36,0,0,8.35,52.694
2026-07-05 04:09:52,31,36,0,0,8.161,53.039
2026-07-05 04:14:52,32,36,0,0,8.116,52.572
2026-07-05 04:19:52,31,36,0,0,8.054,52.883
2026-07-05 04:24:52,29,33,0,0,7.931,51.776
2026-07-05 04:29:52,31,33,0,0,7.848,52.021
2026-07-05 04:34:52,30,33,0,0,7.771,52.047
2026-07-05 04:39:52,32,32,0,0,7.763,52.27
2026-07-05 04:44:52,31,34,0,0,7.702,51.847
2026-07-05 04:49:52,31,33,0,0,7.611,52.303
2026-07-05 04:54:52,31,35,0,0,7.568,52.227
2026-07-05 04:59:52,30,32,0,0,7.568,52.192
2026-07-05 05:04:52,28,30,0,0,7.643,51.94
2026-07-05 05:09:52,31,36,0,0,7.563,52.953
2026-07-05 05:14:52,32,40,0,0,7.565,53.266
2026-07-05 05:19:52,35,38,0,0,7.56,53.47
2026-07-05 05:24:52,31,32,0,0,7.64,53.277
2026-07-05 05:29:52,32,36,0,0,7.563,52.982
2026-07-05 05:34:52,32,35,0,0,7.638,53.388
2026-07-05 05:39:52,30,33,0,0,7.616,52.913
2026-07-05 05:44:52,32,36,0,0,7.507,52.904
2026-07-05 05:49:52,31,36,0,0,7.485,52.671
2026-07-05 05:54:52,28,33,0,0,7.563,51.681
2026-07-05 05:59:52,27,29,0,0,7.611,50.46
2026-07-05 06:04:52,27,30,0,0,7.483,51.836
2026-07-05 06:09:52,28,29,0,0,7.229,52.515
2026-07-05 06:14:52,28,30,0,0,7.274,52.013
2026-07-05 06:19:52,26,29,0,0,7.144,52.413
2026-07-05 06:24:52,27,28,0,0,7.154,52.305
2026-07-05 06:29:52,27,29,0,0,7.079,51.864
2026-07-05 06:34:52,29,30,0,0,7.061,51.914
2026-07-05 06:39:52,25,26,0,0,7.063,51.971
2026-07-05 06:44:52,28,32,0,0,6.986,52.545
2026-07-05 06:49:52,26,29,0,0,6.914,51.91
2026-07-05 06:54:52,26,26,0,0,6.884,52.019
2026-07-05 06:59:52,26,30,0,0,6.882,51.956
2026-07-05 07:04:52,25,26,0,0,6.938,51.523
2026-07-05 07:09:52,25,30,0,0,6.86,52.577
2026-07-05 07:14:52,25,28,0,0,6.762,53.266
2026-07-05 07:19:52,24,25,0,0,6.74,53.274
2026-07-05 07:24:52,21,22,0,0,6.703,52.864
2026-07-05 07:29:52,22,27,0,0,6.647,53.01
2026-07-05 07:34:52,25,29,0,0,6.674,52.19
2026-07-05 07:39:52,21,24,0,0,6.682,52.146
2026-07-05 07:44:52,24,25,0,0,6.674,52.078
2026-07-05 07:49:52,24,28,0,0,6.671,52.038
2026-07-05 07:54:52,25,27,0,0,6.684,51.927
2026-07-05 07:59:52,24,28,0,0,6.676,52.349
2026-07-05 08:04:52,24,29,0,0,6.612,51.864
2026-07-05 08:09:52,22,24,0,0,6.604,51.319
2026-07-05 08:14:52,22,25,0,0,6.521,51.641
2026-07-05 08:19:52,19,21,0,0,6.46,51.944
2026-07-05 08:24:52,21,24,0,0,6.441,51.881
2026-07-05 08:29:52,21,24,0,0,6.441,52.043
2026-07-05 08:34:52,22,25,0,0,6.433,51.599
2026-07-05 08:39:52,15,18,0,0,6.431,50.706
2026-07-05 08:44:52,10,15,0,0,6.439,50.411
2026-07-05 08:49:52,12,13,0,0,6.719,49.028
2026-07-05 08:54:52,7,8,0,0,6.874,49.354
2026-07-05 08:59:52,6,7,0,0,7.111,49.842
2026-07-05 09:04:52,7,7,0,0,9.459,42.224
2026-07-05 09:09:52,9,9,0,0,14.263,32.542
2026-07-05 09:14:52,9,11,0,0,16.503,29.002
2026-07-05 09:19:52,17,20,0,0,17.964,28.117
2026-07-05 09:24:52,21,24,0,0,19.232,27.085
2026-07-05 09:29:52,20,22,0,0,20.995,24.575
2026-07-05 09:34:52,18,18,0,0,22.087,23.417
2026-07-05 09:39:52,21,23,0,0,22.8,23.15
2026-07-05 09:44:52,27,29,0,0,23.75,22.725
2026-07-05 09:49:52,22,25,0,0,25.16,21.176
2026-07-05 09:54:52,27,29,0,0,25.919,20.86
2026-07-05 09:59:52,26,27,0,0,26.992,19.83
2026-07-05 10:04:52,26,29,0,0,27.609,19.345
2026-07-05 10:09:52,25,27,0,0,28.712,18.512
2026-07-05 10:14:53,22,24,0,0,29.142,18.001
2026-07-05 10:19:53,19,21,0,0,30.426,16.984
2026-07-05 10:24:53,22,22,0,0,30.429,17.171
2026-07-05 10:29:52,20,23,0,0,31.307,16.305
2026-07-05 10:34:53,25,26,0,0,31.585,16.213
2026-07-05 10:39:53,21,21,0,0,30.632,16.906
2026-07-05 10:44:53,18,19,0,0,31.857,16.278
2026-07-05 10:49:53,18,18,0,0,31.55,16.284
2026-07-05 10:54:53,19,19,0,0,32.536,15.677
2026-07-05 10:59:53,15,17,0,0,32.365,15.715
2026-07-05 11:04:53,13,15,0,0,33.217,15.183
2026-07-05 11:09:53,24,25,0,0,32.958,16.141
2026-07-05 11:14:53,26,29,0,0,32.928,16.383
2026-07-05 11:19:53,26,28,0,0,32.958,16.528
2026-07-05 11:24:53,27,27,0,0,33.102,16.2
2026-07-05 11:29:53,28,29,0,0,33.39,15.817
2026-07-05 11:34:53,25,25,0,0,33.732,15.611
2026-07-05 11:39:53,25,25,0,0,33.489,15.883
2026-07-05 11:44:53,26,26,0,0,33.801,15.742
2026-07-05 11:49:53,25,26,0,0,34.37,15.254
2026-07-05 11:54:53,26,28,0,0,34.023,15.307
2026-07-05 11:59:53,26,26,0,0,34.982,14.937
2026-07-05 12:04:53,27,29,0,0,35.473,14.857
2026-07-05 12:09:53,23,25,0,0,35.39,14.508
2026-07-05 12:14:53,25,29,0,0,36.21,14.52
2026-07-05 12:19:53,26,26,0,0,35.468,14.764
2026-07-05 12:24:53,28,28,0,0,36.135,14.394
2026-07-05 12:29:53,25,25,0,0,37.476,13.617
2026-07-05 12:34:53,27,27,0,0,38.995,12.698
2026-07-05 12:39:53,24,24,0,0,37.919,13.49
2026-07-05 12:44:53,25,25,0,0,38.341,13.299
2026-07-05 12:49:53,22,24,0,0,38.715,12.919
2026-07-05 12:54:53,23,23,0,0,39.382,12.204
2026-07-05 12:59:53,20,21,0,0,39.001,12.509
2026-07-05 13:04:53,20,20,0,0,35.601,13.648
2026-07-05 13:09:53,18,18,0,0,32.514,15.58
2026-07-05 13:14:53,17,17,0,0,30.282,17.1
2026-07-05 13:19:53,14,15,0,0,28.033,18.346
2026-07-05 13:24:53,17,19,0,0,26.658,19.935
2026-07-05 13:29:53,16,17,0,0,25.577,20.532
2026-07-05 13:34:53,19,21,0,0,24.658,21.832
2026-07-05 13:39:53,22,22,0,0,23.943,23.166
2026-07-05 13:44:53,21,22,0,0,23.064,23.158
2026-07-05 13:49:53,12,14,0,0,22.394,23.639
2026-07-05 13:54:53,13,16,0,0,21.729,24.346
2026-07-05 13:59:53,21,21,0,0,20.882,25.569
2026-07-05 14:04:53,18,18,0,0,20.781,25.739
2026-07-05 14:09:53,19,21,0,0,20.255,26.031
2026-07-05 14:14:53,17,19,0,0,19.809,26.347
2026-07-05 14:19:53,19,22,0,0,19.528,26.357
2026-07-05 14:24:53,22,24,0,0,19.339,26.778
2026-07-05 14:29:53,20,22,0,0,19.088,27.467
2026-07-05 14:34:53,23,23,0,0,18.674,28.537
2026-07-05 14:39:53,21,21,0,0,18.634,28.543
2026-07-05 14:44:53,23,24,0,0,18.434,29.065
2026-07-05 14:49:53,24,24,0,0,18.297,29.245
2026-07-05 14:54:53,23,24,0,0,18.111,29.828
2026-07-05 14:59:53,23,24,0,0,17.926,29.822
2026-07-05 15:04:53,25,27,0,0,17.731,30.292
2026-07-05 15:09:53,22,23,0,0,17.67,30.486
2026-07-05 15:14:53,24,26,0,0,17.528,30.677
2026-07-05 15:19:53,26,26,0,0,17.347,31.106
2026-07-05 15:24:53,24,25,0,0,17.259,31.182
2026-07-05 15:29:53,27,28,0,0,17.048,31.774
2026-07-05 15:34:53,29,30,0,0,16.896,32.106
2026-07-05 15:39:54,29,32,0,0,16.642,33.038
2026-07-05 15:44:53,31,38,0,0,16.604,33.338
2026-07-05 15:49:53,30,33,0,0,16.474,33.258
2026-07-05 15:54:53,29,34,0,0,16.359,33.252
2026-07-05 15:59:54,29,33,0,0,16.265,33.731
2026-07-05 16:05:15,29,31,0,0,16.284,33.586
2026-07-05 16:09:54,33,35,0,0,16.113,34.007
2026-07-05 16:14:54,32,34,0,0,16.1,33.981
2026-07-05 16:19:54,31,35,0,0,16.006,34.509
2026-07-05 16:24:54,32,36,0,0,15.942,34.316
2026-07-05 16:29:54,31,35,0,0,15.886,34.604
2026-07-05 16:34:54,31,34,0,0,15.665,34.871
2026-07-05 16:39:53,34,42,0,0,15.657,35.196
2026-07-05 16:44:54,35,40,0,0,15.622,35.285
2026-07-05 16:49:54,35,39,0,0,15.51,35.333
2026-07-05 16:54:54,34,38,0,0,15.406,35.613
2026-07-05 16:59:54,32,38,0,0,15.349,36.033
2026-07-05 17:04:54,36,43,0,0,15.096,36.407
2026-07-05 17:09:54,35,42,0,0,15.002,37.132
2026-07-05 17:14:54,34,41,0,0,14.869,37.242
2026-07-05 17:19:54,34,40,0,0,14.754,37.578
2026-07-05 17:24:54,34,41,0,0,14.687,38.495
2026-07-05 17:29:54,36,45,0,0,14.562,38.326
2026-07-05 17:34:54,36,44,0,0,14.244,38.728
2026-07-05 17:39:54,36,42,0,0,14.191,38.669
2026-07-05 17:44:54,37,45,0,0,13.942,39.426
2026-07-05 17:49:54,36,45,0,0,13.87,39.1
2026-07-05 17:54:54,35,41,0,0,13.793,39.205
2026-07-05 17:59:54,39,47,0,0,13.582,40.635
2026-07-05 18:04:54,40,49,0,0,13.432,40.843
2026-07-05 18:09:56,40,49,0,0,13.323,40.994
2026-07-05 18:14:54,38,44,0,0,13.149,41.168
2026-07-05 18:19:54,39,46,0,0,12.967,41.166
2026-07-05 18:24:54,40,48,0,0,12.837,41.036
2026-07-05 18:29:54,40,47,0,0,12.754,41.652
2026-07-05 18:34:54,38,46,0,0,12.65,41.175
2026-07-05 18:39:54,36,46,0,0,12.626,41
2026-07-05 18:44:54,37,44,0,0,12.449,41.749
2026-07-05 18:49:54,36,46,0,0,12.345,41.839
2026-07-05 18:54:54,38,46,0,0,12.332,41.972
2026-07-05 18:59:54,39,46,0,0,12.19,42.007
2026-07-05 19:04:54,35,45,0,0,11.942,42.136
2026-07-05 19:09:54,35,42,0,0,11.995,40.868
2026-07-05 19:14:54,33,38,0,0,11.875,41.414
2026-07-05 19:19:54,35,41,0,0,11.846,41.574
2026-07-05 19:24:54,33,39,0,0,11.827,41.127
2026-07-05 19:29:54,34,39,0,0,11.563,41.854
2026-07-05 19:34:54,35,45,0,0,11.515,41.906
2026-07-05 19:39:54,32,36,0,0,11.4,41.341
2026-07-05 19:44:54,30,37,0,0,11.242,40.939
2026-07-05 19:49:54,30,35,0,0,11.138,41.267
2026-07-05 19:54:54,32,36,0,0,11.072,40.603
2026-07-05 19:59:54,28,30,0,0,10.965,39.653
2026-07-05 20:04:54,27,30,0,0,10.999,38.257
2026-07-05 20:09:54,27,30,0,0,10.981,38.032
2026-07-05 20:14:54,27,28,0,0,10.845,38.268
2026-07-05 20:19:54,27,30,0,0,10.756,38.768
2026-07-05 20:24:54,27,30,0,0,10.639,39.401
2026-07-05 20:29:54,26,29,0,0,10.636,39.851
2026-07-05 20:34:54,30,33,0,0,10.628,40.805
2026-07-05 20:39:54,34,39,0,0,10.567,42.051
2026-07-05 20:44:54,34,40,0,0,10.505,42.726
2026-07-05 20:49:54,34,41,0,0,10.5,43.243
2026-07-05 20:54:54,35,40,0,0,10.391,43.546
2026-07-05 20:59:54,34,40,0,0,10.415,42.993
2026-07-05 21:04:54,34,39,0,0,10.337,42.375
2026-07-05 21:09:54,34,38,0,0,10.377,41.642
2026-07-05 21:14:54,34,39,0,0,10.343,42.06
2026-07-05 21:19:54,33,38,0,0,10.161,42.693
2026-07-05 21:24:54,33,35,0,0,10.084,42.478
2026-07-05 21:29:54,31,35,0,0,10.011,42.056
2026-07-05 21:34:54,31,36,0,0,9.918,42.22
2026-07-05 21:39:54,29,32,0,0,9.808,41.505
2026-07-05 21:44:54,26,32,0,0,9.819,39.888
2026-07-05 21:49:54,24,25,0,0,9.779,39.754
2026-07-05 21:54:54,25,27,0,0,9.691,39.428
2026-07-05 21:59:54,19,23,0,0,9.638,37.784
2026-07-05 22:04:54,15,17,0,0,9.576,36.054
2026-07-05 22:09:55,7,8,0,0,9.517,35.35
2026-07-05 22:14:54,7,8,0,0,9.389,36.012
2026-07-05 22:19:54,7,11,0,0,9.325,35.896
2026-07-05 22:24:54,9,12,0,0,9.213,37.505
2026-07-05 22:29:54,8,9,0,0,9.226,37.597
2026-07-05 22:34:54,8,8,0,0,9.165,35.915
2026-07-05 22:39:54,5,7,0,0,9.125,34.358
2026-07-05 22:44:54,5,5,0,0,9.138,32.823
2026-07-05 22:49:54,4,5,0,0,8.962,33.574
2026-07-05 22:54:54,7,8,0,0,9.018,34.574
2026-07-05 22:59:54,6,6,0,0,8.871,35.562
2026-07-05 23:04:54,5,7,0,0,8.874,35.728
2026-07-05 23:09:55,12,12,0,0,8.906,36.088
2026-07-05 23:14:55,11,12,0,0,8.903,36.861
2026-07-05 23:19:54,13,18,0,0,8.895,36.365
2026-07-05 23:24:54,12,15,0,0,8.839,36.945
2026-07-05 23:29:54,12,17,0,0,8.81,37.395
2026-07-05 23:34:55,14,19,0,0,8.788,35.484
2026-07-05 23:39:55,8,8,0,0,8.861,34.993
2026-07-05 23:44:55,7,7,0,0,8.788,34.492
2026-07-05 23:49:55,11,12,0,0,8.853,34.743
2026-07-05 23:54:55,8,9,0,0,8.818,35.1
2026-07-05 23:59:55,8,12,0,0,8.807,35.234
2026-07-06 00:04:55,5,6,0,0,8.732,33.496
2026-07-06 00:09:55,0,1,0,0,8.732,30.41
2026-07-06 00:14:55,0,0,0,0,8.762,28.112
2026-07-06 00:19:55,0,0,0,0,8.786,26.94
2026-07-06 00:24:55,0,0,0,0,8.738,27.091
2026-07-06 00:29:55,0,0,0,0,8.796,28.442
2026-07-06 00:34:55,1,1,0,0,8.906,28.737
2026-07-06 00:39:55,3,3,0,0,8.877,29.149
2026-07-06 00:44:55,3,4,0,0,8.949,29.727
2026-07-06 00:49:55,6,7,0,0,8.893,30.57
2026-07-06 00:54:55,6,8,0,0,8.788,31.312
2026-07-06 00:59:55,4,4,0,0,8.823,28.983
2026-07-06 01:04:55,1,1,0,0,8.973,27.261
2026-07-06 01:09:55,1,2,0,0,8.874,28.264
2026-07-06 01:14:55,1,1,0,0,8.78,28.705
2026-07-06 01:19:55,1,2,0,0,8.812,28.953
2026-07-06 01:24:55,3,3,0,0,8.727,30.036
2026-07-06 01:29:55,1,2,0,0,8.684,29.937
2026-07-06 01:34:55,1,1,0,0,8.666,30.336
2026-07-06 01:39:55,1,1,0,0,8.593,29.338
2026-07-06 01:44:55,0,1,0,0,8.505,29.925
2026-07-06 01:49:55,0,0,0,0,8.46,27.949
2026-07-06 01:54:55,0,0,0,0,8.521,27.038
2026-07-06 01:59:55,0,0,0,0,8.535,26.414
2026-07-06 02:04:55,0,0,0,0,8.556,26.933
2026-07-06 02:09:55,0,0,0,0,8.524,27.36
2026-07-06 02:14:55,0,0,0,0,8.495,26.532
2026-07-06 02:19:55,0,0,0,0,8.535,24.854
2026-07-06 02:24:55,0,0,0,0,8.572,25.266
2026-07-06 02:29:55,0,0,0,0,8.583,25.081
2026-07-06 02:34:55,0,0,0,0,8.492,24.575
2026-07-06 02:39:55,0,0,0,0,8.529,23.603
2026-07-06 02:44:55,0,0,0,0,8.484,23.288
2026-07-06 02:49:55,0,0,0,0,8.487,22.895
2026-07-06 02:54:55,0,0,0,0,8.529,23.013
2026-07-06 02:59:55,0,0,0,0,8.519,22.92
2026-07-06 03:04:55,0,0,0,0,8.489,23.633
2026-07-06 03:09:55,0,0,0,0,8.415,25.718
2026-07-06 03:14:55,0,0,0,0,8.356,25.069
2026-07-06 03:19:55,0,0,0,0,8.305,25.296
2026-07-06 03:24:55,0,0,0,0,8.262,25.54
2026-07-06 03:29:55,0,0,0,0,8.252,25.258
2026-07-06 03:34:55,0,0,0,0,8.257,24.774
2026-07-06 03:39:55,0,0,0,0,8.198,24.394
2026-07-06 03:44:55,0,0,0,0,8.172,23.976
2026-07-06 03:49:55,0,0,0,0,8.132,24.612
2026-07-06 03:54:55,0,0,0,0,8.15,22.861
2026-07-06 03:59:55,0,0,0,0,8.153,22.027
2026-07-06 04:04:55,0,0,0,0,8.214,19.809
2026-07-06 04:09:55,0,0,0,0,8.412,18.695
2026-07-06 04:14:55,0,0,0,0,8.367,20.404
2026-07-06 04:19:55,0,0,0,0,8.342,20.808
2026-07-06 04:24:55,0,0,0,0,8.367,20.427
2026-07-06 04:29:55,0,0,0,0,8.447,18.208
2026-07-06 04:34:55,0,0,0,0,8.465,20.738
2026-07-06 04:39:55,0,0,0,0,8.527,20.392
2026-07-06 04:44:55,0,0,0,0,8.548,20.225
2026-07-06 04:49:55,0,0,0,0,8.468,21.289
2026-07-06 04:54:55,0,0,0,0,8.465,21.63
2026-07-06 04:59:55,0,0,0,0,8.468,21.19
2026-07-06 05:04:55,0,0,0,0,8.439,21.983
2026-07-06 05:09:55,0,0,0,0,8.431,21.09
2026-07-06 05:14:56,0,0,0,0,8.407,20.698
2026-07-06 05:19:55,0,0,0,0,8.407,20.104
2026-07-06 05:24:55,0,0,0,0,8.452,20.341
2026-07-06 05:29:55,0,0,0,0,8.481,18.691
2026-07-06 05:34:55,0,0,0,0,8.535,18.128
2026-07-06 05:39:56,0,0,0,0,8.524,18.592
2026-07-06 05:44:56,0,0,0,0,8.524,19.225
2026-07-06 05:49:56,0,0,0,0,8.556,18.523
2026-07-06 05:54:56,0,0,0,0,8.666,15.513
2026-07-06 05:59:56,0,0,0,0,8.679,18.466
2026-07-06 06:04:56,0,0,0,0,8.559,19.093
2026-07-06 06:09:56,0,0,0,0,8.556,19.753
2026-07-06 06:14:56,0,0,0,0,8.548,19.378
2026-07-06 06:19:56,0,0,0,0,8.519,18.775
2026-07-06 06:24:56,0,0,0,0,8.532,18.428
2026-07-06 06:29:56,0,0,0,0,8.428,19.471
2026-07-06 06:34:56,0,0,0,0,8.431,20.413
2026-07-06 06:39:56,0,0,0,0,8.337,19.729
2026-07-06 06:44:56,0,0,0,0,8.364,19.914
2026-07-06 06:49:56,0,0,0,0,8.284,19.925
2026-07-06 06:54:56,0,0,0,0,8.273,20.215
2026-07-06 06:59:56,0,0,0,0,8.262,17.999
2026-07-06 07:04:56,0,0,0,0,8.364,18.134
2026-07-06 07:09:56,0,0,0,0,8.353,16.957
2026-07-06 07:14:56,0,0,0,0,8.393,17.838
2026-07-06 07:19:56,0,0,0,0,8.377,17.995
2026-07-06 07:24:56,0,0,0,0,8.457,16.831
2026-07-06 07:29:56,0,0,0,0,8.465,16.553
2026-07-06 07:34:56,0,0,0,0,8.484,16.602
2026-07-06 07:39:56,0,0,0,0,8.492,17.747
2026-07-06 07:44:56,0,0,0,0,8.492,19.435
2026-07-06 07:49:56,0,0,0,0,8.326,19.401
2026-07-06 07:54:56,0,0,0,0,8.332,19.715
2026-07-06 07:59:56,0,0,0,0,8.278,20.429
2026-07-06 08:04:56,0,0,0,0,8.326,20.369
2026-07-06 08:09:56,0,0,0,0,8.233,21.369
2026-07-06 08:14:56,0,0,0,0,8.284,21.239
2026-07-06 08:19:56,0,0,0,0,8.273,20.747
2026-07-06 08:24:56,0,0,0,0,8.318,20.957
2026-07-06 08:29:56,0,0,0,0,8.364,20.482
2026-07-06 08:34:56,0,0,0,0,8.308,20.101
2026-07-06 08:39:57,0,1,0,0,8.31,20.555
2026-07-06 08:44:57,0,0,0,0,8.428,19.519
2026-07-06 08:49:56,1,1,0,0,8.516,21.11
2026-07-06 08:54:56,2,2,0,0,8.695,19.713
2026-07-06 08:59:56,1,3,0,0,8.975,20.547
2026-07-06 09:04:56,58,77,0,0,10.714,20.39
2026-07-06 09:09:56,16,23,0,0,17.021,15.483
2026-07-06 09:14:56,20,23,0,0,19.256,14.453
2026-07-06 09:19:56,23,25,0,0,21.331,13.228
2026-07-06 09:24:57,24,27,0,0,22.519,12.687
2026-07-06 09:29:56,38,46,0,0,24.303,11.819
2026-07-06 09:34:56,20,26,0,0,25.985,10.547
2026-07-06 09:39:56,20,24,0,0,27.681,10.291
2026-07-06 09:44:56,3,6,0,0,28.594,10.049
2026-07-06 09:49:56,27,29,0,0,29.807,10.159
2026-07-06 09:54:57,34,44,0,0,30.805,9.341
2026-07-06 09:59:57,9,11,0,0,31.996,9.316
2026-07-06 10:04:56,2,3,0,0,33.048,8.534
2026-07-06 10:09:57,4,5,0,0,34.432,7.752
2026-07-06 10:14:56,2,2,0,0,35.449,8.321
2026-07-06 10:19:57,4,4,0,0,34.8,7.806
2026-07-06 10:24:57,2,2,0,0,36.354,7.451
2026-07-06 10:29:57,1,2,0,0,35.593,7.277
2026-07-06 10:34:57,0,0,0,0,36.76,6.772
2026-07-06 10:39:57,0,0,0,0,36.629,7.882
2026-07-06 10:44:57,32,35,0,0,35.457,8.01
2026-07-06 10:49:57,74,76,0,0,36.952,8.166
2026-07-06 10:54:57,35,43,0,0,37.703,7.602
2026-07-06 10:59:57,21,23,0,0,38.859,7.622
2026-07-06 11:04:57,5,5,0,0,39.567,6.936
2026-07-06 11:09:57,17,17,0,0,39.457,7.426
2026-07-06 11:14:57,8,10,0,0,40.216,6.819
2026-07-06 11:19:57,0,0,0,0,39.529,7.399
2026-07-06 11:23:28,0,0,0,0,39.516,6.562
2026-07-06 11:24:57,12,17,0,0,39.527,7.403
2026-07-06 11:29:57,13,18,0,0,39.679,7.93
2026-07-06 11:34:57,3,3,0,0,39.195,7.756
2026-07-06 11:38:36,4,4,0,0,38.758,7.588
2026-07-06 11:39:57,23,24,0,0,38.544,8.111
2026-07-06 11:39:59,23,23,0,0,38.512,7.947
2026-07-06 11:44:57,1,3,0,0,37.732,7.602
2026-07-06 11:49:57,0,0,0,0,36.832,7.357
2026-07-06 11:54:57,0,1,0,0,37.049,7.672
2026-07-06 11:59:57,0,0,0,0,38.56,7.344
2026-07-06 12:04:57,0,0,0,0,39.244,7.218
2026-07-06 12:05:55,0,1,0,0,39.171,7.684
2026-07-06 12:09:57,0,1,0,0,38.272,7.968
2026-07-06 12:14:57,0,0,0,0,37.713,7.952
2026-07-06 12:19:57,0,0,0,0,36.712,7.891
2026-07-06 12:24:57,0,0,0,0,36.338,8.664
2026-07-06 12:29:57,0,0,0,0,35.906,7.891
2026-07-06 12:34:57,0,0,0,0,34.971,8.837
2026-07-06 12:39:57,0,0,0,0,34.581,8.679
2026-07-06 12:44:57,1,1,0,0,34.765,9.021
2026-07-06 12:49:57,0,2,0,0,33.764,9.194
2026-07-06 12:54:57,4,4,0,0,32.741,9.856
2026-07-06 12:58:00,4,4,0,0,32.322,9.677
2026-07-06 12:59:57,2,3,0,0,32.99,9.335
2026-07-06 13:01:02,2,3,0,0,33.115,9.522
2026-07-06 13:04:57,6,8,0,0,32.082,9.99
2026-07-06 13:09:57,6,8,0,0,31.096,10.804
2026-07-06 13:13:01,4,4,0,0,30.068,11.536
2026-07-06 13:14:31,4,4,0,0,29.443,11.981
2026-07-06 13:14:57,3,3,0,0,29.251,12.158
2026-07-06 13:15:00,4,4,0,0,29.224,12.151
2026-07-06 13:19:57,12,16,0,0,28.781,12.742
2026-07-06 13:22:31,11,11,0,0,28.359,13.106
2026-07-06 13:24:31,14,15,0,0,27.881,13.558
2026-07-06 13:24:57,10,11,0,0,27.828,13.543
2026-07-06 13:29:57,13,14,0,0,27.168,14.245
2026-07-06 13:32:29,10,13,0,0,26.778,14.453
2026-07-06 13:34:57,11,14,0,0,26.594,14.687
2026-07-06 13:38:32,17,21,0,0,26.14,15.246
2026-07-06 13:39:57,15,19,0,0,25.967,15.324
2026-07-06 13:44:44,16,18,0,0,25.609,15.735
2026-07-06 13:44:57,16,18,0,0,25.571,15.721
2026-07-06 13:46:33,32,35,0,0,25.417,15.952
2026-07-06 13:48:10,25,26,0,0,25.36,14.27
2026-07-06 13:49:57,22,25,0,0,25.176,16.255
2026-07-06 13:53:02,22,23,0,0,24.856,16.066
2026-07-06 13:53:47,23,26,0,0,24.856,16.129
2026-07-06 13:54:57,24,25,0,0,24.872,15.855
2026-07-06 13:54:59,23,24,0,0,24.885,15.868
2026-07-06 13:56:32,23,23,0,0,24.696,16.066
2026-07-06 13:59:57,20,23,0,0,24.554,16.019
2026-07-06 14:01:32,25,27,0,0,24.308,16.503
2026-07-06 14:04:23,20,24,0,0,24.017,16.616
2026-07-06 14:04:57,18,19,0,0,24.017,16.673
2026-07-06 14:06:38,19,20,0,0,23.996,16.637
2026-07-06 14:07:22,18,19,0,0,23.838,17.043
2026-07-06 14:09:57,21,23,0,0,23.654,17.302
2026-07-06 14:10:03,22,25,0,0,23.643,17.32
2026-07-06 14:14:57,30,34,0,0,23.47,17.577
2026-07-06 14:16:33,34,37,0,0,23.376,17.68
2026-07-06 14:17:33,33,40,0,0,23.318,17.884
2026-07-06 14:18:05,31,37,0,0,23.275,17.856
2026-07-06 14:19:57,31,36,0,0,23.211,17.955
2026-07-06 14:24:33,35,41,0,0,22.922,18.371
2026-07-06 14:24:41,35,42,0,0,22.88,18.376
2026-07-06 14:24:57,36,44,0,0,22.858,18.434
2026-07-06 14:26:16,37,45,0,0,22.853,18.502
2026-07-06 14:26:41,38,47,0,0,22.808,18.517
2026-07-06 14:29:57,47,59,0,0,22.647,18.556
2026-07-06 14:34:04,42,51,0,0,22.407,18.454
2026-07-06 14:34:12,44,53,0,0,22.431,18.691
2026-07-06 14:34:40,41,51,0,0,22.396,18.666
2026-07-06 14:34:57,43,56,0,0,22.367,19.067
2026-07-06 14:34:58,42,55,0,0,22.354,19.132
2026-07-06 14:36:33,39,47,0,0,22.295,18.788
2026-07-06 14:38:20,42,52,0,0,22.191,19.111
2026-07-06 14:39:59,33,39,0,0,22.215,19.114
2026-07-06 14:42:14,38,48,0,0,22.137,19.271
2026-07-06 14:43:37,32,36,0,0,22.049,19.399
2026-07-06 14:44:59,37,45,0,0,22.012,19.673
2026-07-06 14:47:34,34,42,0,0,21.918,19.635
2026-07-06 14:50:05,33,37,0,0,21.828,19.916
2026-07-06 14:51:42,33,36,0,0,21.75,19.914
2026-07-06 14:53:22,31,35,0,0,21.619,20.371
2026-07-06 14:53:54,32,38,0,0,21.622,20.354
2026-07-06 14:54:53,32,36,0,0,21.566,20.469
2026-07-06 14:55:52,30,36,0,0,21.59,20.661
2026-07-06 14:56:11,30,36,0,0,21.566,20.549
2026-07-06 14:56:52,32,37,0,0,21.529,20.385
2026-07-06 14:57:28,31,35,0,0,21.531,20.463
2026-07-06 14:57:47,33,36,0,0,21.518,20.606
2026-07-06 14:58:22,30,33,0,0,21.464,20.528
2026-07-06 14:58:49,31,34,0,0,21.451,20.482
2026-07-06 14:59:23,29,33,0,0,21.438,20.455
2026-07-06 15:00:24,30,34,0,0,21.374,20.56
2026-07-06 15:01:03,29,32,0,0,21.336,20.648
2026-07-06 15:02:46,29,32,0,0,21.286,20.984
2026-07-06 15:03:37,28,29,0,0,21.224,20.888
2026-07-06 15:03:54,32,34,0,0,21.221,20.616
2026-07-06 15:05:39,26,26,0,0,21.181,20.682
2026-07-06 15:07:45,27,30,0,0,21.117,20.787
2026-07-06 15:08:34,25,26,0,0,21.085,20.942
2026-07-06 15:10:20,30,33,0,0,21.003,21.31
2026-07-06 15:10:53,29,32,0,0,20.981,21.44
2026-07-06 15:10:59,30,33,0,0,20.997,21.495
2026-07-06 15:12:46,28,29,0,0,20.92,21.19
2026-07-06 15:14:53,28,32,0,0,20.797,21.754
2026-07-06 15:15:44,28,30,0,0,20.816,21.491
2026-07-06 15:17:46,29,31,0,0,20.784,21.663
2026-07-06 15:18:23,32,38,0,0,20.714,21.789
2026-07-06 15:19:10,35,41,0,0,20.666,21.714
2026-07-06 15:19:18,34,41,0,0,20.647,21.853
2026-07-06 15:22:23,29,32,0,0,20.594,21.604
2026-07-06 15:22:46,32,36,0,0,20.578,21.64
2026-07-06 15:23:58,32,37,0,0,20.567,21.981
2026-07-06 15:25:53,36,40,0,0,20.535,21.991
2026-07-06 15:26:50,36,42,0,0,20.525,21.876
2026-07-06 15:27:31,36,46,0,0,20.509,21.941
2026-07-06 15:27:46,35,44,0,0,20.498,21.924
2026-07-06 15:28:52,37,45,0,0,20.476,22.035
2026-07-06 15:29:29,35,43,0,0,20.503,21.842
2026-07-06 15:30:41,37,45,0,0,20.479,22.077
2026-07-06 15:31:35,38,46,0,0,20.386,22.216
2026-07-06 15:32:46,40,47,0,0,20.362,21.996
2026-07-06 15:33:32,39,46,0,0,20.362,22.063
2026-07-06 15:33:56,40,48,0,0,20.348,22.103
2026-07-06 15:36:16,39,47,0,0,20.233,22.502
2026-07-06 15:37:46,41,49,0,0,20.177,22.483
2026-07-06 15:37:55,41,49,0,0,20.183,22.494
2026-07-06 15:38:54,39,48,0,0,20.143,22.431
2026-07-06 15:39:35,40,49,0,0,20.137,22.334
2026-07-06 15:42:04,42,52,0,0,20.119,22.462
2026-07-06 15:42:46,43,54,0,0,20.087,22.401
2026-07-06 15:42:50,43,53,0,0,20.089,22.357
2026-07-06 15:44:57,41,50,0,0,20.089,22.422
2026-07-06 15:47:46,42,53,0,0,19.91,22.944
2026-07-06 15:48:50,42,50,0,0,19.878,22.567
2026-07-06 15:49:05,43,52,0,0,19.902,22.691
2026-07-06 15:50:27,43,51,0,0,19.886,22.744
2026-07-06 15:50:54,43,52,0,0,19.884,22.637
2026-07-06 15:52:46,44,55,0,0,19.868,22.79
2026-07-06 15:53:27,44,54,0,0,19.814,22.569
2026-07-06 15:55:27,43,52,0,0,19.814,22.491
2026-07-06 15:55:51,43,52,0,0,19.833,22.635
2026-07-06 15:55:58,45,54,0,0,19.801,22.552
2026-07-06 15:57:46,53,68,0,0,19.753,22.624
2026-07-06 15:59:14,44,55,0,0,19.742,22.935
2026-07-06 16:03:12,44,54,0,0,19.71,22.918
2026-07-06 16:03:41,44,55,0,0,19.598,23.032
2026-07-06 16:03:45,44,55,0,0,19.595,22.954
2026-07-06 16:05:55,43,53,0,0,19.638,22.378
2026-07-06 16:07:58,45,54,0,0,19.622,22.508
2026-07-06 16:08:14,43,53,0,0,19.625,22.483
2026-07-06 16:10:33,44,54,0,0,19.595,22.412
2026-07-06 16:11:20,43,55,0,0,19.526,22.586
2026-07-06 16:12:16,42,52,0,0,19.472,22.561
2026-07-06 16:12:52,42,52,0,0,19.448,22.834
2026-07-06 16:13:37,42,52,0,0,19.422,22.914
2026-07-06 16:14:52,40,49,0,0,19.472,22.927
2026-07-06 16:16:11,40,49,0,0,19.478,22.836
2026-07-06 16:17:46,41,48,0,0,19.47,22.786
2026-07-06 16:18:40,39,46,0,0,19.459,22.595
2026-07-06 16:21:33,40,47,0,0,19.486,22.847
2026-07-06 16:22:46,41,50,0,0,19.451,22.977
2026-07-06 16:25:13,40,48,0,0,19.382,22.597
2026-07-06 16:25:40,40,47,0,0,19.411,22.496
2026-07-06 16:26:37,41,49,0,0,19.39,23.086
2026-07-06 16:27:46,41,48,0,0,19.35,22.994
2026-07-06 16:32:46,39,46,0,0,19.323,23.274
2026-07-06 16:33:47,39,46,0,0,19.304,23.082
2026-07-06 16:35:16,40,47,0,0,19.261,23.549
2026-07-06 16:35:56,38,47,0,0,19.294,23.122
2026-07-06 16:37:46,39,47,0,0,19.323,23
2026-07-06 16:39:47,33,40,0,0,19.28,22.437
2026-07-06 16:40:04,35,41,0,0,19.285,22.786
2026-07-06 16:42:46,33,40,0,0,19.285,20.904
2026-07-06 16:44:38,31,34,0,0,19.294,21.695
2026-07-06 16:47:46,31,36,0,0,19.261,21.859
2026-07-06 16:47:48,31,36,0,0,19.237,21.888
2026-07-06 16:48:41,32,36,0,0,19.235,21.44
2026-07-06 16:48:54,29,34,0,0,19.24,21.539
2026-07-06 16:49:29,32,37,0,0,19.219,21.882
2026-07-06 16:52:46,38,46,0,0,19.032,21.964
2026-07-06 16:52:53,37,44,0,0,19.026,21.834
2026-07-06 16:53:01,38,45,0,0,19.018,21.916
2026-07-06 16:55:39,34,41,0,0,18.949,21.699
2026-07-06 16:57:46,36,43,0,0,18.922,22.305
2026-07-06 16:59:07,36,41,0,0,18.874,22.323
2026-07-06 17:00:55,39,45,0,0,18.813,22.382
2026-07-06 17:02:46,37,46,0,0,18.746,22.418
2026-07-06 17:03:42,38,47,0,0,18.775,22.51
2026-07-06 17:05:07,39,46,0,0,18.733,22.519
2026-07-06 17:05:46,37,46,0,0,18.706,22.679
2026-07-06 17:07:46,43,50,0,0,18.711,22.744
2026-07-06 17:07:47,43,50,0,0,18.701,22.775
2026-07-06 17:09:12,43,52,0,0,18.674,22.779
2026-07-06 17:09:48,43,53,0,0,18.69,22.662
2026-07-06 17:11:18,40,48,0,0,18.637,22.883
2026-07-06 17:11:43,44,53,0,0,18.618,23.33
2026-07-06 17:12:48,41,50,0,0,18.527,23.204
2026-07-06 17:14:02,42,50,0,0,18.511,23.007
2026-07-06 17:14:33,42,50,0,0,18.503,23.191
2026-07-06 17:17:13,45,54,0,0,18.442,23.713
2026-07-06 17:17:48,48,61,0,0,18.399,23.915
2026-07-06 17:20:13,54,67,0,0,18.223,24.257
2026-07-06 17:21:07,49,61,0,0,18.212,23.799
2026-07-06 17:22:48,46,56,0,0,18.153,23.864
2026-07-06 17:24:29,60,72,0,0,18.03,24.585
2026-07-06 17:25:34,53,68,0,0,17.95,24.459
2026-07-06 17:26:42,48,61,0,0,17.974,24.232
2026-07-06 17:27:48,48,60,0,0,17.945,24.158
2026-07-06 17:32:48,52,67,0,0,17.745,25.373
2026-07-06 17:36:52,48,61,0,0,17.657,25.401
2026-07-06 17:37:23,45,58,0,0,17.63,25.83
2026-07-06 17:37:48,46,58,0,0,17.606,25.59
2026-07-06 17:40:43,52,67,0,0,17.374,26.832
2026-07-06 17:41:13,51,65,0,0,17.358,26.258
2026-07-06 17:41:36,50,64,0,0,17.36,26.193
2026-07-06 17:41:43,47,61,0,0,17.376,26.252
2026-07-06 17:42:03,45,58,0,0,17.366,26.145
2026-07-06 17:42:48,44,53,0,0,17.379,25.901
2026-07-06 17:44:08,44,55,0,0,17.363,25.796
2026-07-06 17:46:54,46,58,0,0,17.187,26.055
2026-07-06 17:47:48,45,57,0,0,17.195,25.949
2026-07-06 17:49:33,33,37,0,0,17.165,24.499
2026-07-06 17:50:51,29,33,0,0,17.144,24.566
2026-07-06 17:52:26,27,27,0,0,17.01,24.175
2026-07-06 17:52:48,26,27,0,0,17.01,24.375
2026-07-06 17:56:13,23,28,0,0,16.904,23.976
2026-07-06 17:57:48,19,24,0,0,16.906,23.397
2026-07-06 17:58:43,22,23,0,0,16.912,22.077
2026-07-06 17:59:50,29,33,0,0,16.874,23.095
2026-07-06 18:00:24,30,31,0,0,16.861,23.166
2026-07-06 18:01:13,27,30,0,0,16.815,22.708
2026-07-06 18:02:48,27,28,0,0,16.821,21.6
2026-07-06 18:03:04,26,28,0,0,16.797,22.189
2026-07-06 18:07:48,30,34,0,0,16.653,22.14
2026-07-06 18:12:48,29,37,0,0,16.548,22.475
2026-07-06 18:16:38,25,30,0,0,16.45,22.521
2026-07-06 18:16:50,24,28,0,0,16.466,22.632
2026-07-06 18:17:48,19,20,0,0,16.42,21.64
2026-07-06 18:17:49,19,20,0,0,16.442,21.787
2026-07-06 18:20:44,26,29,0,0,16.327,22.378
2026-07-06 18:20:58,25,27,0,0,16.327,22.071
2026-07-06 18:22:48,26,32,0,0,16.247,22.452
2026-07-06 18:23:38,30,34,0,0,16.172,22.449
2026-07-06 18:25:35,27,32,0,0,16.199,21.846
2026-07-06 18:25:43,28,33,0,0,16.209,21.737
2026-07-06 18:26:13,28,29,0,0,16.188,21.649
2026-07-06 18:27:48,20,24,0,0,16.151,21.754
2026-07-06 18:28:51,22,23,0,0,16.135,21.665
2026-07-06 18:29:01,23,23,0,0,16.124,21.68
2026-07-06 18:30:14,20,23,0,0,16.135,21.783
2026-07-06 18:31:04,23,24,0,0,16.129,21.714
2026-07-06 18:32:49,19,24,0,0,16.1,21.663
2026-07-06 18:33:26,20,25,0,0,16.036,21.67
2026-07-06 18:33:51,20,27,0,0,16.054,21.626
2026-07-06 18:34:54,17,20,0,0,16.001,21.594
2026-07-06 18:35:04,15,18,0,0,15.996,21.575
2026-07-06 18:36:13,13,16,0,0,15.961,21.792
2026-07-06 18:37:12,11,17,0,0,15.889,21.415
2026-07-06 18:37:48,11,13,0,0,15.873,21.464
2026-07-06 18:38:45,12,13,0,0,15.897,21.628
2026-07-06 18:40:50,11,11,0,0,15.87,21.117
2026-07-06 18:41:47,8,9,0,0,15.889,21.331
2026-07-06 18:42:00,5,6,0,0,15.889,21.468
2026-07-06 18:42:44,7,8,0,0,15.889,21.159
2026-07-06 18:42:48,6,7,0,0,15.875,21.159
2026-07-06 18:43:50,11,12,0,0,15.841,21.398
2026-07-06 18:44:41,13,16,0,0,15.851,21.064
2026-07-06 18:46:00,10,13,0,0,15.819,21.302
2026-07-06 18:46:06,8,12,0,0,15.809,21.186
2026-07-06 18:47:17,11,14,0,0,15.819,21.22
2026-07-06 18:47:47,12,13,0,0,15.822,21.296
2026-07-06 18:47:49,11,12,0,0,15.798,21.285
2026-07-06 18:48:17,12,17,0,0,15.79,21.497
2026-07-06 18:48:45,19,23,0,0,15.793,21.651
2026-07-06 18:49:36,8,12,0,0,15.753,20.564
2026-07-06 18:50:53,5,6,0,0,15.691,20.526
2026-07-06 18:52:48,5,5,0,0,15.576,19.782
2026-07-06 18:52:49,5,5,0,0,15.579,19.767
2026-07-06 18:57:49,5,7,0,0,15.576,18.99
2026-07-06 18:58:18,6,7,0,0,15.563,19.164
2026-07-06 18:59:18,3,3,0,0,15.531,17.621
2026-07-06 18:59:38,4,4,0,0,15.526,16.873
2026-07-06 19:02:18,3,4,0,0,15.451,18.077
2026-07-06 19:02:47,1,2,0,0,15.438,18.138
2026-07-06 19:02:49,2,2,0,0,15.424,18.155
2026-07-06 19:04:16,3,4,0,0,15.387,18.306
2026-07-06 19:04:49,5,6,0,0,15.373,18.319
2026-07-06 19:04:55,5,5,0,0,15.355,18.502
2026-07-06 19:07:19,5,5,0,0,15.379,17.831
2026-07-06 19:07:49,5,5,0,0,15.349,17.936
2026-07-06 19:12:49,6,6,0,0,15.28,18.06
2026-07-06 19:13:27,6,6,0,0,15.256,18.029
2026-07-06 19:14:25,6,7,0,0,15.253,18.754
2026-07-06 19:16:19,4,6,0,0,15.245,18.725
2026-07-06 19:17:50,22,26,0,0,15.227,18.617
2026-07-06 19:20:17,22,23,0,0,15.195,17.726
2026-07-06 19:21:12,23,26,0,0,15.163,18.13
2026-07-06 19:22:50,23,26,0,0,15.16,18.491
2026-07-06 19:22:52,23,26,0,0,15.168,18.353
2026-07-06 19:23:20,22,24,0,0,15.163,17.884
2026-07-06 19:25:20,25,30,0,0,15.149,18.474
2026-07-06 19:25:42,29,34,0,0,15.122,18.565
2026-07-06 19:26:25,25,26,0,0,15.109,18.191
2026-07-06 19:27:12,23,23,0,0,15.09,18.594
2026-07-06 19:27:50,22,23,0,0,15.085,18.02
2026-07-06 19:31:12,16,21,0,0,15.037,17.751
2026-07-06 19:32:49,14,16,0,0,14.997,17.035
2026-07-06 19:33:51,28,33,0,0,14.968,18.92
2026-07-06 19:34:05,29,33,0,0,14.944,19.046
2026-07-06 19:36:00,13,15,0,0,14.893,17.323
2026-07-06 19:36:41,13,17,0,0,14.877,17.77
2026-07-06 19:37:20,6,8,0,0,14.874,17.455
2026-07-06 19:37:49,6,7,0,0,14.853,17.751
2026-07-06 19:40:50,8,8,0,0,14.815,17.968
2026-07-06 19:42:50,8,11,0,0,14.789,17.484
2026-07-06 19:43:12,5,7,0,0,14.797,17.838
2026-07-06 19:43:20,7,8,0,0,14.802,17.703
2026-07-06 19:44:50,6,6,0,0,14.791,17.341
2026-07-06 19:47:50,4,4,0,0,14.725,16.28
2026-07-06 19:51:51,3,3,0,0,14.687,17.125
2026-07-06 19:52:50,3,4,0,0,14.677,17.43
2026-07-06 19:55:22,4,5,0,0,14.642,17.619
2026-07-06 19:55:28,4,4,0,0,14.663,17.709
2026-07-06 19:57:50,4,4,0,0,14.631,16.641
2026-07-06 19:58:23,2,2,0,0,14.612,17.222
2026-07-06 20:02:50,2,3,0,0,14.602,16.98
2026-07-06 20:05:39,5,7,0,0,14.57,17.322
2026-07-06 20:07:51,3,3,0,0,14.602,17.413
2026-07-06 20:12:50,20,23,0,0,14.532,18.903
2026-07-06 20:13:42,11,12,0,0,14.562,18.157
2026-07-06 20:14:53,8,9,0,0,14.572,18.226
2026-07-06 20:17:50,7,7,0,0,14.551,18.069
2026-07-06 20:20:55,5,6,0,0,14.559,17.72
2026-07-06 20:21:01,4,5,0,0,14.54,17.316
2026-07-06 20:22:50,2,4,0,0,14.463,16.98
2026-07-06 20:27:50,5,5,0,0,14.46,17.266
2026-07-06 20:32:50,8,9,0,0,14.409,16.505
2026-07-06 20:35:05,4,5,0,0,14.447,15.473
2026-07-06 20:37:50,5,6,0,0,14.42,15.864
2026-07-06 20:38:22,4,4,0,0,14.404,15.815
2026-07-06 20:42:50,11,14,0,0,14.428,15.889
2026-07-06 20:45:25,2,3,0,0,14.417,15.38
2026-07-06 20:47:49,5,6,0,0,14.409,15.55
2026-07-06 20:47:51,6,7,0,0,14.399,15.557
2026-07-06 20:47:55,7,7,0,0,14.404,15.563
2026-07-06 20:48:18,4,4,0,0,14.417,15.611
2026-07-06 20:48:47,2,3,0,0,14.407,15.141
2026-07-06 20:49:58,1,2,0,0,14.42,15.223
2026-07-06 20:51:13,0,0,0,0,14.393,15.145
2026-07-06 20:51:25,0,0,0,0,14.396,15.393
2026-07-06 20:52:36,0,0,0,0,14.393,16.148
2026-07-06 20:52:51,0,0,0,0,14.42,16.072
2026-07-06 20:54:25,1,2,0,0,14.399,16.148
2026-07-06 20:55:22,3,3,0,0,14.393,16.236
2026-07-06 20:55:57,3,4,0,0,14.34,16.242
2026-07-06 20:56:07,2,3,0,0,14.361,16.539
2026-07-06 20:57:02,7,8,0,0,14.348,16.19
2026-07-06 20:57:28,8,9,0,0,14.329,16.889
2026-07-06 20:57:51,5,7,0,0,14.359,17.054
2026-07-06 20:57:59,5,6,0,0,14.303,16.602
2026-07-06 20:58:09,4,5,0,0,14.329,16.591
2026-07-06 20:58:32,4,5,0,0,14.332,16.847
2026-07-06 20:59:39,2,4,0,0,14.356,16.074
2026-07-06 21:01:14,2,3,0,0,14.343,16.534
2026-07-06 21:01:22,5,6,0,0,14.329,16.833
2026-07-06 21:01:55,2,2,0,0,14.343,16.625
2026-07-06 21:02:51,2,2,0,0,14.351,15.34
2026-07-06 21:05:23,6,8,0,0,14.34,16.711
2026-07-06 21:06:42,13,16,0,0,14.351,16.496
2026-07-06 21:07:51,8,10,0,0,14.305,16.711
2026-07-06 21:09:04,7,10,0,0,14.284,16.929
2026-07-06 21:09:33,10,11,0,0,14.3,17.44
2026-07-06 21:09:45,10,11,0,0,14.321,17.564
2026-07-06 21:11:47,4,5,0,0,14.284,16.055
2026-07-06 21:12:51,2,3,0,0,14.292,16.082
2026-07-06 21:14:02,1,1,0,0,14.303,15.765
2026-07-06 21:14:27,0,2,0,0,14.308,15.695
2026-07-06 21:16:56,0,0,0,0,14.292,14.718
2026-07-06 21:17:51,0,0,0,0,14.287,14.777
2026-07-06 21:20:41,0,0,0,0,14.271,14.1
2026-07-06 21:22:51,0,0,0,0,14.319,14.306
2026-07-06 21:23:20,0,0,0,0,14.321,15.008
2026-07-06 21:23:34,0,0,0,0,14.327,15.317
2026-07-06 21:24:35,0,0,0,0,14.319,15.477
2026-07-06 21:25:57,0,0,0,0,14.292,15.279
2026-07-06 21:26:26,0,0,0,0,14.303,14.392
2026-07-06 21:27:51,0,0,0,0,14.287,15.168
2026-07-06 21:28:42,0,0,0,0,14.265,14.661
2026-07-06 21:28:50,0,0,0,0,14.287,14.468
2026-07-06 21:29:25,0,0,0,0,14.281,14.735
2026-07-06 21:29:43,0,0,0,0,14.26,15.593
2026-07-06 21:30:50,0,0,0,0,14.295,15.481
2026-07-06 21:30:57,0,0,0,0,14.289,15.685
2026-07-06 21:32:51,8,11,0,0,14.305,15.973
2026-07-06 21:33:31,16,19,0,0,14.284,17.136
2026-07-06 21:33:57,23,24,0,0,14.271,17.545
2026-07-06 21:34:17,22,27,0,0,14.276,17.514
2026-07-06 21:34:25,22,27,0,0,14.276,17.552
2026-07-06 21:36:24,20,20,0,0,14.247,16.692
2026-07-06 21:36:57,12,16,0,0,14.263,16.536
2026-07-06 21:37:02,11,13,0,0,14.279,16.585
2026-07-06 21:37:29,11,13,0,0,14.287,16.698
2026-07-06 21:37:51,12,16,0,0,14.26,16.446
2026-07-06 21:38:19,11,14,0,0,14.247,16.045
2026-07-06 21:39:06,8,8,0,0,14.252,16.715
2026-07-06 21:40:01,6,6,0,0,14.239,16.37
2026-07-06 21:42:29,3,3,0,0,14.257,15.944
2026-07-06 21:42:51,6,6,0,0,14.233,16.311
2026-07-06 21:43:59,4,6,0,0,14.26,15.914
2026-07-06 21:47:29,4,5,0,0,14.18,16.282
2026-07-06 21:47:51,5,5,0,0,14.188,16.57
2026-07-06 21:47:53,4,4,0,0,14.193,16.427
2026-07-06 21:48:26,4,4,0,0,14.207,16.393
2026-07-06 21:49:49,4,4,0,0,14.217,16.404
2026-07-06 21:50:00,4,5,0,0,14.231,16.56
2026-07-06 21:50:30,2,3,0,0,14.233,16.637
2026-07-06 21:50:48,2,2,0,0,14.233,16.341
2026-07-06 21:52:03,2,2,0,0,14.247,16.999
2026-07-06 21:52:53,0,1,0,0,14.247,17.306
2026-07-06 21:53:11,1,1,0,0,14.233,17.556
2026-07-06 21:53:58,1,2,0,0,14.201,17.798
2026-07-06 21:54:37,1,1,0,0,14.207,18.054
2026-07-06 21:56:46,1,1,0,0,14.126,18.548
2026-07-06 21:57:43,0,0,0,0,14.132,18.609
2026-07-06 21:57:53,1,1,0,0,14.145,18.626
2026-07-06 21:58:00,0,0,0,0,14.148,18.657
2026-07-06 21:58:37,1,1,0,0,14.11,18.031
2026-07-06 21:58:43,1,1,0,0,14.126,17.92
2026-07-06 21:59:39,1,1,0,0,14.118,18.187
2026-07-06 22:00:01,1,1,0,0,14.116,17.966
2026-07-06 22:00:16,0,0,0,0,14.11,18.178
2026-07-06 22:00:34,0,0,0,0,14.089,17.777
2026-07-06 22:01:03,1,1,0,0,14.076,17.722
2026-07-06 22:01:10,1,1,0,0,14.025,17.398
2026-07-06 22:01:31,1,4,0,0,13.993,17.028
2026-07-06 22:02:19,1,1,0,0,14.02,18.178
2026-07-06 22:02:53,1,2,0,0,14.014,18.214
2026-07-06 22:03:56,2,2,0,0,14.049,17.928
2026-07-06 22:04:31,2,2,0,0,14.062,18.226
2026-07-06 22:04:42,0,0,0,0,14.062,18.346
2026-07-06 22:05:57,2,2,0,0,14.052,17.539
2026-07-06 22:07:53,2,2,0,0,14.06,17.795
2026-07-06 22:09:04,3,3,0,0,14.028,18.296
2026-07-06 22:10:15,2,2,0,0,14.009,18.237
2026-07-06 22:10:40,1,1,0,0,14.001,18.119
2026-07-06 22:10:56,0,1,0,0,13.966,18.1
2026-07-06 22:12:02,3,4,0,0,13.996,17.875
2026-07-06 22:12:22,4,4,0,0,13.977,17.613
2026-07-06 22:12:53,3,3,0,0,14.014,17.585
2026-07-06 22:13:09,4,4,0,0,14.001,17.816
2026-07-06 22:13:58,3,3,0,0,14.044,17.676
2026-07-06 22:15:23,4,5,0,0,14.078,17.611
2026-07-06 22:17:53,1,1,0,0,13.953,18.195
2026-07-06 22:17:56,1,1,0,0,13.958,18.075
2026-07-06 22:19:01,2,3,0,0,13.982,17.363
2026-07-06 22:19:28,4,5,0,0,13.982,17.68
2026-07-06 22:20:08,3,3,0,0,13.977,17.732
2026-07-06 22:21:09,1,2,0,0,13.956,17.743
2026-07-06 22:22:01,3,4,0,0,13.948,17.59
2026-07-06 22:22:53,1,2,0,0,13.939,17.791
2026-07-06 22:23:31,1,1,0,0,13.942,17.665
2026-07-06 22:23:39,3,3,0,0,13.956,17.232
2026-07-06 22:26:43,0,0,0,0,13.95,16.765
2026-07-06 22:27:03,0,0,0,0,13.948,17.056
2026-07-06 22:27:53,0,0,0,0,13.929,17.264
2026-07-06 22:28:17,0,1,0,0,13.937,16.787
2026-07-06 22:29:02,1,2,0,0,13.961,16.564
2026-07-06 22:32:53,5,6,0,0,13.953,17.495
2026-07-06 22:33:01,4,5,0,0,13.958,17.478
2026-07-06 22:33:34,4,4,0,0,13.953,17.304
2026-07-06 22:35:02,3,3,0,0,13.894,18.241
2026-07-06 22:35:20,1,1,0,0,13.886,18.18
2026-07-06 22:36:01,3,4,0,0,13.918,18.336
2026-07-06 22:37:43,2,4,0,0,13.875,17.751
2026-07-06 22:37:53,3,4,0,0,13.878,17.966
2026-07-06 22:41:26,2,2,0,0,13.865,18.512
2026-07-06 22:42:02,1,1,0,0,13.862,18.157
2026-07-06 22:42:09,2,2,0,0,13.838,18.208
2026-07-06 22:42:53,0,0,0,0,13.838,17.409
2026-07-06 22:42:55,0,0,0,0,13.825,17.362
2026-07-06 22:44:16,0,0,0,0,13.851,16.829
2026-07-06 22:44:32,0,0,0,0,13.846,16.839
2026-07-06 22:45:08,1,1,0,0,13.838,17.051
2026-07-06 22:45:14,0,0,0,0,13.859,17.016
2026-07-06 22:45:31,0,0,0,0,13.859,16.793
2026-07-06 22:45:57,0,0,0,0,13.862,16.534
2026-07-06 22:47:53,1,1,0,0,13.83,16.929
2026-07-06 22:48:40,1,1,0,0,13.803,16.789
2026-07-06 22:48:50,0,0,0,0,13.801,16.541
2026-07-06 22:48:56,1,1,0,0,13.801,16.402
2026-07-06 22:50:05,0,0,0,0,13.787,15.462
2026-07-06 22:50:41,0,0,0,0,13.793,15.551
2026-07-06 22:52:02,0,1,0,0,13.793,16.454
2026-07-06 22:52:10,0,0,0,0,13.798,16.229
2026-07-06 22:52:53,0,0,0,0,13.795,15.771
2026-07-06 22:54:19,1,3,0,0,13.779,16.435
2026-07-06 22:54:36,1,3,0,0,13.769,16.477
2026-07-06 22:54:54,3,4,0,0,13.761,16.28
2026-07-06 22:55:43,0,1,0,0,13.753,16.873
2026-07-06 22:56:56,0,0,0,0,13.803,15.393
2026-07-06 22:57:53,6,6,0,0,13.763,17.245
2026-07-06 23:00:12,1,1,0,0,13.787,16.133
2026-07-06 23:02:07,0,0,0,0,13.819,16.313
2026-07-06 23:02:22,0,0,0,0,13.811,16.637
2026-07-06 23:02:53,0,0,0,0,13.809,16.11
2026-07-06 23:07:53,2,2,0,0,13.801,17.627
2026-07-06 23:08:23,2,3,0,0,13.787,17.539
2026-07-06 23:10:49,4,4,0,0,13.795,17.587
2026-07-06 23:12:02,2,2,0,0,13.803,17.165
2026-07-06 23:12:53,2,2,0,0,13.774,17.939
2026-07-06 23:13:02,4,4,0,0,13.798,17.661
2026-07-06 23:13:40,3,3,0,0,13.806,16.997
2026-07-06 23:14:27,1,3,0,0,13.819,15.696
2026-07-06 23:15:36,0,0,0,0,13.822,15.778
2026-07-06 23:16:20,1,2,0,0,13.825,15.973
2026-07-06 23:17:53,1,1,0,0,13.819,15.86
2026-07-06 23:21:07,0,0,0,0,13.825,15.965
2026-07-06 23:22:53,0,0,0,0,13.801,16.517
2026-07-06 23:22:55,0,0,0,0,13.822,16.797
2026-07-06 23:23:07,0,0,0,0,13.817,16.293
2026-07-06 23:25:02,0,1,0,0,13.827,15.7
2026-07-06 23:27:53,0,0,0,0,13.878,15.464
2026-07-06 23:30:02,0,0,0,0,13.851,16.24
2026-07-06 23:30:08,0,0,0,0,13.833,16.08
2026-07-06 23:31:29,1,1,0,0,13.817,15.786
2026-07-06 23:32:53,0,0,0,0,13.902,14.834
2026-07-06 23:36:51,0,0,0,0,14.006,13.934
2026-07-06 23:37:03,0,0,0,0,14.001,13.642
2026-07-06 23:37:31,0,0,0,0,14.052,12.221
2026-07-06 23:37:53,0,0,0,0,14.062,11.613
2026-07-06 23:38:46,0,0,0,0,14.134,11.477
2026-07-06 23:40:46,0,0,0,0,14.289,12.919
2026-07-06 23:42:53,0,0,0,0,14.153,15.418
2026-07-06 23:44:59,0,0,0,0,14.062,14.403
2026-07-06 23:45:13,0,0,0,0,14.057,15.033
2026-07-06 23:46:28,0,0,0,0,13.998,14.59
2026-07-06 23:47:04,0,0,0,0,14.001,14.294
2026-07-06 23:47:43,0,0,0,0,14.014,15.22
2026-07-06 23:47:50,0,0,0,0,13.998,15.34
2026-07-06 23:47:53,0,0,0,0,14.004,15.357
2026-07-06 23:49:11,0,0,0,0,13.977,15.647
2026-07-06 23:49:19,0,0,0,0,13.99,15.515
2026-07-06 23:49:49,2,2,0,0,13.964,15.87
2026-07-06 23:50:36,0,0,0,0,13.966,15.082
2026-07-06 23:51:22,0,0,0,0,13.937,15.347
2026-07-06 23:52:43,0,0,0,0,13.937,16.433
2026-07-06 23:52:53,0,0,0,0,13.913,16.515
2026-07-06 23:54:04,2,2,0,0,13.878,16.07
2026-07-06 23:55:04,0,0,0,0,13.899,15.773
2026-07-06 23:55:45,0,0,0,0,13.857,15.826
2026-07-06 23:57:02,0,0,0,0,13.841,14.296
2026-07-06 23:57:53,0,0,0,0,13.87,14.912
2026-07-06 23:58:50,0,0,0,0,13.873,15.607
2026-07-07 00:00:35,0,0,0,0,13.851,14.819
2026-07-07 00:01:04,0,0,0,0,13.849,15.319
2026-07-07 00:02:39,0,0,0,0,13.817,15.101
2026-07-07 00:02:53,0,0,0,0,13.822,15.128
2026-07-07 00:03:04,0,0,0,0,13.833,15.185
2026-07-07 00:04:34,0,0,0,0,13.846,15.252
2026-07-07 00:05:17,0,0,0,0,13.811,15.006
2026-07-07 00:05:23,0,0,0,0,13.803,15.239
2026-07-07 00:05:34,0,0,0,0,13.785,15.5
2026-07-07 00:07:01,0,0,0,0,13.795,14.663
2026-07-07 00:07:35,0,0,0,0,13.803,15.298
2026-07-07 00:07:43,0,0,0,0,13.769,15.408
2026-07-07 00:07:53,0,0,0,0,13.79,15.548
2026-07-07 00:09:00,0,0,0,0,13.731,14.834
2026-07-07 00:09:34,0,0,0,0,13.747,14.899
2026-07-07 00:09:40,0,0,0,0,13.747,15.149
2026-07-07 00:11:01,0,0,0,0,13.688,15.71
2026-07-07 00:11:26,0,0,0,0,13.691,15.706
2026-07-07 00:12:53,0,0,0,0,13.721,15.569
2026-07-07 00:14:07,0,1,0,0,13.774,15.885
2026-07-07 00:14:15,0,0,0,0,13.779,16.156
2026-07-07 00:15:48,0,0,0,0,13.79,16.211
2026-07-07 00:16:05,1,1,0,0,13.814,16.286
2026-07-07 00:17:08,1,1,0,0,13.822,15.565
2026-07-07 00:17:53,0,0,0,0,13.779,16.173
2026-07-07 00:20:04,0,0,0,0,13.801,15.778
2026-07-07 00:20:19,0,0,0,0,13.803,15.885
2026-07-07 00:21:50,0,0,0,0,13.763,15.178
2026-07-07 00:22:53,0,0,0,0,13.755,15.41
2026-07-07 00:23:10,0,0,0,0,13.75,15.426
2026-07-07 00:23:24,0,0,0,0,13.747,15.735
2026-07-07 00:23:36,0,0,0,0,13.737,15.363
2026-07-07 00:26:00,0,0,0,0,13.758,15.746
2026-07-07 00:27:08,0,0,0,0,13.787,15.565
2026-07-07 00:27:53,0,0,0,0,13.798,15.304
2026-07-07 00:28:33,0,0,0,0,13.785,14.859
2026-07-07 00:29:46,0,0,0,0,13.766,14.884
2026-07-07 00:30:41,0,0,0,0,13.753,14.258
2026-07-07 00:32:38,0,0,0,0,13.825,14.785
2026-07-07 00:32:53,0,0,0,0,13.811,14.417
2026-07-07 00:34:04,0,0,0,0,13.854,13.297
2026-07-07 00:37:53,0,0,0,0,13.894,15.58
2026-07-07 00:38:07,0,0,0,0,13.891,15.128
2026-07-07 00:39:58,0,0,0,0,13.886,14.737
2026-07-07 00:40:08,0,0,0,0,13.881,14.75
2026-07-07 00:40:37,0,0,0,0,13.878,14.832
2026-07-07 00:42:01,0,0,0,0,13.838,15.548
2026-07-07 00:42:53,0,0,0,0,13.833,15.506
2026-07-07 00:43:38,0,0,0,0,13.822,15.738
2026-07-07 00:46:05,0,0,0,0,13.803,15.818
2026-07-07 00:46:15,0,0,0,0,13.801,15.405
2026-07-07 00:47:14,0,0,0,0,13.822,15.908
2026-07-07 00:47:52,0,0,0,0,13.801,15.653
2026-07-07 00:47:54,0,0,0,0,13.817,15.754
2026-07-07 00:48:36,0,0,0,0,13.79,15.149
2026-07-07 00:48:54,0,0,0,0,13.79,15.326
2026-07-07 00:49:31,0,0,0,0,13.79,15.382
2026-07-07 00:49:38,0,0,0,0,13.825,15.706
2026-07-07 00:50:50,0,0,0,0,13.825,15.3
2026-07-07 00:51:39,0,0,0,0,13.817,14.945
2026-07-07 00:52:02,0,0,0,0,13.801,14.783
2026-07-07 00:52:54,0,0,0,0,13.857,15.458
2026-07-07 00:53:40,0,0,0,0,13.859,15.029
2026-07-07 00:55:23,0,0,0,0,13.875,15.849
2026-07-07 00:56:10,0,0,0,0,13.862,15.441
2026-07-07 00:56:39,0,0,0,0,13.851,16.391
2026-07-07 00:57:03,0,0,0,0,13.849,15.567
2026-07-07 00:57:09,0,0,0,0,13.859,15.607
2026-07-07 00:57:54,0,0,0,0,13.843,15.21
2026-07-07 00:58:14,0,0,0,0,13.87,15.124
2026-07-07 00:59:05,0,0,0,0,13.873,15.511
2026-07-07 00:59:39,0,0,0,0,13.878,16.175
2026-07-07 00:59:54,0,0,0,0,13.875,16.005
2026-07-07 01:00:26,0,0,0,0,13.862,16.278
2026-07-07 01:01:41,0,0,0,0,13.862,16.282
2026-07-07 01:02:54,0,0,0,0,13.806,15.696
2026-07-07 01:03:46,0,0,0,0,13.833,14.56
2026-07-07 01:03:53,0,0,0,0,13.841,14.552
2026-07-07 01:04:03,0,0,0,0,13.851,14.63
2026-07-07 01:04:42,0,0,0,0,13.859,14.394
2026-07-07 01:06:03,0,0,0,0,13.875,16.023
2026-07-07 01:07:53,0,0,0,0,13.907,16.692
2026-07-07 01:07:54,0,0,0,0,13.878,16.669
2026-07-07 01:08:04,0,0,0,0,13.894,16.734
2026-07-07 01:08:28,0,0,0,0,13.859,16.969
2026-07-07 01:08:39,0,0,0,0,13.883,17.047
2026-07-07 01:08:46,0,0,0,0,13.838,16.993
2026-07-07 01:09:30,0,0,0,0,13.835,16.881
2026-07-07 01:12:26,0,0,0,0,13.862,15.853
2026-07-07 01:12:54,0,0,0,0,13.822,16.885
2026-07-07 01:13:10,0,0,0,0,13.849,16.669
2026-07-07 01:14:06,0,0,0,0,13.798,15.557
2026-07-07 01:14:33,0,0,0,0,13.817,14.594
2026-07-07 01:14:40,0,0,0,0,13.827,14.377
2026-07-07 01:14:51,0,0,0,0,13.803,14.407
2026-07-07 01:16:30,0,0,0,0,13.849,15.618
2026-07-07 01:17:54,0,0,0,0,13.814,15.925
2026-07-07 01:18:18,0,0,0,0,13.803,14.529
2026-07-07 01:19:27,0,0,0,0,13.806,14.781
2026-07-07 01:20:19,0,0,0,0,13.814,15.706
2026-07-07 01:22:55,0,0,0,0,13.83,15.618
2026-07-07 01:23:41,0,0,0,0,13.803,16.004
2026-07-07 01:24:11,0,0,0,0,13.779,15.191
2026-07-07 01:24:55,0,0,0,0,13.79,15.143
2026-07-07 01:25:15,0,0,0,0,13.777,15.023
2026-07-07 01:27:39,0,0,0,0,13.713,15.689
2026-07-07 01:27:54,0,0,0,0,13.713,15.641
2026-07-07 01:28:27,0,0,0,0,13.705,15.685
2026-07-07 01:29:39,0,0,0,0,13.635,16.024
2026-07-07 01:32:54,0,0,0,0,13.68,16.024
2026-07-07 01:32:56,0,0,0,0,13.68,16.024
2026-07-07 01:33:41,0,0,0,0,13.672,15.897
2026-07-07 01:34:40,0,0,0,0,13.622,15.223
2026-07-07 01:34:59,0,0,0,0,13.648,15.246
2026-07-07 01:36:32,0,0,0,0,13.632,15.376
2026-07-07 01:37:01,0,0,0,0,13.611,15.33
2026-07-07 01:37:50,0,0,0,0,13.619,16.051
2026-07-07 01:37:54,0,0,0,0,13.616,16.124
2026-07-07 01:38:04,0,0,0,0,13.606,16.187
2026-07-07 01:38:26,0,0,0,0,13.587,16.087
2026-07-07 01:38:35,0,0,0,0,13.555,16.202
2026-07-07 01:39:27,0,0,0,0,13.59,15.992
2026-07-07 01:39:50,0,0,0,0,13.614,16.139
2026-07-07 01:40:10,0,0,0,0,13.584,16.158
2026-07-07 01:42:01,0,0,0,0,13.555,15.746
2026-07-07 01:42:55,0,0,0,0,13.547,16.131
2026-07-07 01:44:56,0,0,0,0,13.51,16.551
2026-07-07 01:46:46,0,0,0,0,13.507,16.854
2026-07-07 01:46:56,0,0,0,0,13.499,16.902
2026-07-07 01:47:02,0,0,0,0,13.488,16.919
2026-07-07 01:47:41,0,0,0,0,13.528,16.95
2026-07-07 01:47:55,0,0,0,0,13.528,16.885
2026-07-07 01:49:42,0,0,0,0,13.51,17.043
2026-07-07 01:50:43,0,0,0,0,13.491,17.028
2026-07-07 01:51:34,0,0,0,0,13.472,16.959
2026-07-07 01:51:44,0,0,0,0,13.467,17.049
2026-07-07 01:52:55,0,0,0,0,13.486,16.959
2026-07-07 01:53:41,0,0,0,0,13.459,16.507
2026-07-07 01:54:51,0,0,0,0,13.491,16.984
2026-07-07 01:55:10,0,0,0,0,13.483,16.469
2026-07-07 01:55:40,0,0,0,0,13.47,16.362
2026-07-07 01:56:25,0,0,0,0,13.467,15.965
2026-07-07 01:56:40,0,0,0,0,13.48,15.735
2026-07-07 01:57:55,0,0,0,0,13.472,16.574
2026-07-07 01:59:02,0,0,0,0,13.459,16.398
2026-07-07 01:59:10,0,0,0,0,13.453,16.555
2026-07-07 01:59:31,0,0,0,0,13.443,16.354
2026-07-07 02:01:29,0,0,0,0,13.336,17.15
2026-07-07 02:01:41,0,0,0,0,13.357,16.639
2026-07-07 02:02:12,0,0,0,0,13.331,16.993
2026-07-07 02:02:55,0,0,0,0,13.368,16.974
2026-07-07 02:03:42,0,0,0,0,13.381,16.898
2026-07-07 02:05:10,0,0,0,0,13.336,16.738
2026-07-07 02:05:17,0,0,0,0,13.381,16.829
2026-07-07 02:07:04,0,0,0,0,13.376,16.768
2026-07-07 02:07:44,0,0,0,0,13.368,17.024
2026-07-07 02:07:54,0,0,0,0,13.373,17.095
2026-07-07 02:08:22,0,0,0,0,13.363,17.051
2026-07-07 02:08:46,0,0,0,0,13.349,16.864
2026-07-07 02:11:59,0,0,0,0,13.437,16.219
2026-07-07 02:12:55,0,0,0,0,13.408,16.622
2026-07-07 02:13:09,0,0,0,0,13.411,16.974
2026-07-07 02:13:24,0,0,0,0,13.395,17.136
2026-07-07 02:14:03,0,0,0,0,13.379,17.266
2026-07-07 02:14:54,0,0,0,0,13.36,17.121
2026-07-07 02:15:02,0,0,0,0,13.371,17.228
2026-07-07 02:17:55,0,0,0,0,13.309,17.07
2026-07-07 02:18:19,0,0,0,0,13.296,17.087
2026-07-07 02:18:57,0,0,0,0,13.259,17.507
2026-07-07 02:20:42,0,0,0,0,13.221,15.759
2026-07-07 02:21:54,0,0,0,0,13.184,15.88
2026-07-07 02:22:26,0,0,0,0,13.189,16.272
2026-07-07 02:22:47,0,0,0,0,13.202,16.339
2026-07-07 02:22:55,0,0,0,0,13.213,16.356
2026-07-07 02:23:06,0,0,0,0,13.189,16.223
2026-07-07 02:23:20,0,0,0,0,13.192,16.566
2026-07-07 02:23:53,0,0,0,0,13.213,16.808
2026-07-07 02:24:43,0,0,0,0,13.235,16.74
2026-07-07 02:25:33,0,0,0,0,13.186,17.098
2026-07-07 02:25:42,0,0,0,0,13.181,16.633
2026-07-07 02:27:47,0,0,0,0,13.173,17.196
2026-07-07 02:27:54,0,0,0,0,13.189,17.213
2026-07-07 02:27:58,0,0,0,0,13.165,17.201
2026-07-07 02:29:26,0,0,0,0,13.221,17.013
2026-07-07 02:29:42,0,0,0,0,13.192,16.921
2026-07-07 02:30:43,0,0,0,0,13.213,17.238
2026-07-07 02:31:19,0,0,0,0,13.243,17.438
2026-07-07 02:32:55,0,0,0,0,13.192,17.083
2026-07-07 02:33:16,0,0,0,0,13.2,17.184
2026-07-07 02:36:42,0,0,0,0,13.232,16.29
2026-07-07 02:37:55,0,0,0,0,13.227,16.452
2026-07-07 02:40:04,0,0,0,0,13.205,16.633
2026-07-07 02:40:12,0,0,0,0,13.245,16.557
2026-07-07 02:42:43,0,0,0,0,13.227,16.847
2026-07-07 02:42:55,0,0,0,0,13.213,16.925
2026-07-07 02:43:12,0,0,0,0,13.213,16.99
2026-07-07 02:43:31,0,0,0,0,13.232,16.852
2026-07-07 02:44:42,0,0,0,0,13.221,17.314
2026-07-07 02:45:41,0,0,0,0,13.216,17.173
2026-07-07 02:47:55,0,0,0,0,13.192,16.946
2026-07-07 02:48:51,0,0,0,0,13.194,17.154
2026-07-07 02:49:26,0,0,0,0,13.205,16.969
2026-07-07 02:51:14,0,0,0,0,13.224,17.26
2026-07-07 02:52:55,0,0,0,0,13.216,16.953
2026-07-07 02:54:14,0,0,0,0,13.229,16.467
2026-07-07 02:55:23,0,0,0,0,13.213,17.337
2026-07-07 02:57:55,0,0,0,0,13.202,17.102
2026-07-07 02:57:59,0,0,0,0,13.165,17.045
2026-07-07 02:58:07,0,0,0,0,13.165,17.293
2026-07-07 02:58:14,0,0,0,0,13.17,17.301
2026-07-07 02:58:19,0,0,0,0,13.178,17.308
2026-07-07 02:58:56,0,0,0,0,13.186,17.075
2026-07-07 02:59:35,0,0,0,0,13.17,17.383
2026-07-07 02:59:56,0,0,0,0,13.192,17.327
2026-07-07 03:00:43,0,0,0,0,13.208,16.856
2026-07-07 03:00:58,0,0,0,0,13.202,17.302
2026-07-07 03:01:22,0,0,0,0,13.205,17.047
2026-07-07 03:02:03,0,0,0,0,13.157,16.786
2026-07-07 03:02:35,0,0,0,0,13.189,16.301
2026-07-07 03:02:55,0,0,0,0,13.194,16.549
2026-07-07 03:03:45,0,0,0,0,13.192,17.289
2026-07-07 03:04:08,0,0,0,0,13.235,16.93
2026-07-07 03:04:31,0,0,0,0,13.216,16.726
2026-07-07 03:05:16,0,0,0,0,13.253,17.142
2026-07-07 03:07:07,0,0,0,0,13.24,17.604
2026-07-07 03:07:55,0,0,0,0,13.232,17.905
2026-07-07 03:07:57,0,0,0,0,13.213,17.823
2026-07-07 03:09:42,0,0,0,0,13.275,17.764
2026-07-07 03:12:55,0,0,0,0,13.323,17.341
2026-07-07 03:14:15,0,0,0,0,13.304,17.413
2026-07-07 03:16:45,0,0,0,0,13.331,16.761
2026-07-07 03:17:55,0,0,0,0,13.373,16.574
2026-07-07 03:18:06,0,0,0,0,13.371,16.526
2026-07-07 03:19:18,0,0,0,0,13.389,17.463
2026-07-07 03:20:14,0,0,0,0,13.403,17.377
2026-07-07 03:22:15,0,0,0,0,13.408,18.42
2026-07-07 03:22:55,0,0,0,0,13.405,18.338
2026-07-07 03:23:04,0,0,0,0,13.419,18.189
2026-07-07 03:24:15,0,0,0,0,13.44,19.652
2026-07-07 03:26:36,0,0,0,0,13.421,18.569
2026-07-07 03:27:41,0,0,0,0,13.405,17.781
2026-07-07 03:27:55,0,0,0,0,13.405,17.806
2026-07-07 03:29:05,0,0,0,0,13.435,18.189
2026-07-07 03:29:33,0,0,0,0,13.453,18.403
2026-07-07 03:30:31,0,0,0,0,13.478,17.991
2026-07-07 03:31:14,0,0,0,0,13.488,18.199
2026-07-07 03:31:39,0,0,0,0,13.491,18.233
2026-07-07 03:31:49,0,0,0,0,13.491,18.22
2026-07-07 03:32:12,0,0,0,0,13.507,18.109
2026-07-07 03:32:21,0,0,0,0,13.507,18.145
2026-07-07 03:32:37,0,0,0,0,13.526,18.222
2026-07-07 03:32:55,0,0,0,0,13.534,18.117
2026-07-07 03:32:58,0,0,0,0,13.547,18.115
2026-07-07 03:33:35,0,0,0,0,13.55,17.957
2026-07-07 03:34:28,0,0,0,0,13.544,17.793
2026-07-07 03:35:11,0,0,0,0,13.566,17.678
2026-07-07 03:35:21,0,0,0,0,13.574,17.211
2026-07-07 03:35:52,0,0,0,0,13.582,17.922
2026-07-07 03:36:25,0,0,0,0,13.56,17.85
2026-07-07 03:36:41,0,0,0,0,13.547,18.426
2026-07-07 03:36:49,0,0,0,0,13.56,18.111
2026-07-07 03:37:34,0,0,0,0,13.56,17.802
2026-07-07 03:37:55,0,0,0,0,13.582,17.438
2026-07-07 03:38:05,0,0,0,0,13.563,17.199
2026-07-07 03:38:47,0,0,0,0,13.584,17.421
2026-07-07 03:39:16,0,0,0,0,13.582,16.944
2026-07-07 03:39:43,0,0,0,0,13.592,18.05
2026-07-07 03:40:45,0,0,0,0,13.616,17.55
2026-07-07 03:41:50,0,0,0,0,13.555,17.234
2026-07-07 03:42:06,0,0,0,0,13.56,17.615
2026-07-07 03:42:21,0,0,0,0,13.555,17.724
2026-07-07 03:42:48,0,0,0,0,13.55,17.507
2026-07-07 03:42:55,0,0,0,0,13.555,18.065
2026-07-07 03:42:57,0,0,0,0,13.542,18.01
2026-07-07 03:45:19,0,0,0,0,13.582,17.846
2026-07-07 03:46:34,0,0,0,0,13.603,17.911
2026-07-07 03:46:48,0,0,0,0,13.603,18.063
2026-07-07 03:47:25,0,0,0,0,13.571,17.69
2026-07-07 03:47:55,0,0,0,0,13.558,17.371
2026-07-07 03:48:14,0,0,0,0,13.56,17.335
2026-07-07 03:49:51,0,0,0,0,13.571,17.289
2026-07-07 03:51:07,0,0,0,0,13.59,17.716
2026-07-07 03:51:30,0,0,0,0,13.6,17.383
2026-07-07 03:51:39,0,0,0,0,13.587,17.447
2026-07-07 03:51:48,0,0,0,0,13.571,17.932
2026-07-07 03:52:55,0,0,0,0,13.56,18.325
2026-07-07 03:52:57,0,0,0,0,13.571,18.361
2026-07-07 03:53:43,0,0,0,0,13.555,18.365
2026-07-07 03:54:10,0,0,0,0,13.582,18.323
2026-07-07 03:54:19,0,0,0,0,13.587,18.207
2026-07-07 03:54:32,0,0,0,0,13.582,18.306
2026-07-07 03:54:55,0,0,0,0,13.587,18.123
2026-07-07 03:55:35,0,0,0,0,13.587,18.285
2026-07-07 03:55:50,0,0,0,0,13.571,18.327
2026-07-07 03:56:21,0,0,0,0,13.574,18.828
2026-07-07 03:56:32,0,0,0,0,13.56,18.851
2026-07-07 03:57:20,0,0,0,0,13.555,19.151
2026-07-07 03:57:55,0,0,0,0,13.555,18.91
2026-07-07 03:57:59,0,0,0,0,13.563,18.868
2026-07-07 04:01:52,0,0,0,0,13.507,17.92
2026-07-07 04:02:37,0,0,0,0,13.496,18.086
2026-07-07 04:02:55,0,0,0,0,13.507,18.193
2026-07-07 04:02:58,0,0,0,0,13.499,18.239
2026-07-07 04:05:50,0,0,0,0,13.496,18.582
2026-07-07 04:06:04,0,0,0,0,13.486,18.714
2026-07-07 04:06:31,0,0,0,0,13.496,18.807
2026-07-07 04:07:20,0,0,0,0,13.47,18.718
2026-07-07 04:07:27,0,0,0,0,13.491,18.672
2026-07-07 04:07:55,0,0,0,0,13.475,18.636
2026-07-07 04:08:09,0,0,0,0,13.486,18.54
2026-07-07 04:08:47,0,0,0,0,13.47,18.908
2026-07-07 04:09:53,0,0,0,0,13.472,18.275
2026-07-07 04:10:04,0,0,0,0,13.483,18.577
2026-07-07 04:10:41,0,0,0,0,13.48,18.411
2026-07-07 04:11:39,0,0,0,0,13.478,18.304
2026-07-07 04:12:10,0,0,0,0,13.475,18.228
2026-07-07 04:12:45,0,0,0,0,13.464,18.63
2026-07-07 04:12:55,0,0,0,0,13.443,18.731
2026-07-07 04:13:06,0,0,0,0,13.443,18.844
2026-07-07 04:14:32,0,0,0,0,13.451,18.718
2026-07-07 04:14:50,0,0,0,0,13.47,18.779
2026-07-07 04:15:28,0,0,0,0,13.421,18.817
2026-07-07 04:16:25,0,0,0,0,13.427,18.912
2026-07-07 04:17:42,0,0,0,0,13.453,18.71
2026-07-07 04:17:55,0,0,0,0,13.445,18.527
2026-07-07 04:17:57,0,0,0,0,13.467,18.554
2026-07-07 04:18:52,0,0,0,0,13.47,18.516
2026-07-07 04:19:20,0,0,0,0,13.483,17.968
2026-07-07 04:20:50,0,0,0,0,13.483,17.96
2026-07-07 04:21:04,0,0,0,0,13.512,18.063
2026-07-07 04:22:54,0,0,0,0,13.534,17.854
2026-07-07 04:22:56,0,0,0,0,13.534,17.966
2026-07-07 04:23:20,0,0,0,0,13.544,17.732
2026-07-07 04:24:51,0,0,0,0,13.512,18.47
2026-07-07 04:27:56,0,0,0,0,13.523,18.399
2026-07-07 04:31:27,0,0,0,0,13.515,17.116
2026-07-07 04:31:51,0,0,0,0,13.523,17.241
2026-07-07 04:32:56,0,0,0,0,13.526,17.081
2026-07-07 04:35:02,0,0,0,0,13.499,18.697
2026-07-07 04:35:43,0,0,0,0,13.504,18.762
2026-07-07 04:37:56,0,0,0,0,13.56,18.004
2026-07-07 04:38:42,0,0,0,0,13.534,17.867
2026-07-07 04:38:47,0,0,0,0,13.542,17.932
2026-07-07 04:39:00,0,0,0,0,13.534,18.228
2026-07-07 04:39:16,0,0,0,0,13.523,18.157
2026-07-07 04:39:21,0,0,0,0,13.523,18.187
2026-07-07 04:39:24,0,0,0,0,13.539,18.145
2026-07-07 04:39:38,0,0,0,0,13.55,18.052
2026-07-07 04:39:48,0,0,0,0,13.568,18.071
2026-07-07 04:39:57,0,0,0,0,13.534,17.909
2026-07-07 04:40:07,0,0,0,0,13.566,17.856
2026-07-07 04:40:12,0,0,0,0,13.56,17.888
2026-07-07 04:40:15,0,0,0,0,13.544,17.985
2026-07-07 04:40:27,0,0,0,0,13.552,18.323
2026-07-07 04:40:31,0,0,0,0,13.544,18.353
2026-07-07 04:40:36,0,0,0,0,13.555,18.395
2026-07-07 04:40:50,0,0,0,0,13.552,18.117
2026-07-07 04:40:55,0,0,0,0,13.544,17.985
2026-07-07 04:41:05,0,0,0,0,13.542,17.953
2026-07-07 04:41:15,0,0,0,0,13.566,17.911
2026-07-07 04:41:18,0,0,0,0,13.547,17.892
2026-07-07 04:41:22,0,0,0,0,13.528,17.901
2026-07-07 04:41:31,0,0,0,0,13.56,18.098
2026-07-07 04:41:39,0,0,0,0,13.534,18.182
2026-07-07 04:41:45,0,0,0,0,13.544,18.334
2026-07-07 04:41:55,0,0,0,0,13.563,18.289
2026-07-07 04:41:59,0,0,0,0,13.542,18.21
2026-07-07 04:42:05,0,0,0,0,13.547,18.128
2026-07-07 04:42:11,0,0,0,0,13.528,18.247
2026-07-07 04:42:20,0,0,0,0,13.552,18.306
2026-07-07 04:42:30,0,0,0,0,13.528,18.187
2026-07-07 04:42:40,0,0,0,0,13.51,18.338
2026-07-07 04:42:44,0,0,0,0,13.523,18.329
2026-07-07 04:42:52,0,0,0,0,13.526,18.334
2026-07-07 04:42:55,0,0,0,0,13.528,18.342
2026-07-07 04:42:57,0,0,0,0,13.518,18.321
2026-07-07 04:43:00,0,0,0,0,13.507,18.329
2026-07-07 04:43:09,0,0,0,0,13.523,18.405
2026-07-07 04:43:21,0,0,0,0,13.534,18.247
2026-07-07 04:43:29,0,0,0,0,13.518,18.014
2026-07-07 04:43:37,0,0,0,0,13.523,17.789
2026-07-07 04:43:41,0,0,0,0,13.496,17.682
2026-07-07 04:43:47,0,0,0,0,13.526,17.707
2026-07-07 04:43:50,0,0,0,0,13.518,17.987
2026-07-07 04:43:57,0,0,0,0,13.507,18.048
2026-07-07 04:44:10,0,0,0,0,13.531,17.997
2026-07-07 04:44:14,0,0,0,0,13.534,17.951
2026-07-07 04:44:22,0,0,0,0,13.523,17.631
2026-07-07 04:44:36,0,0,0,0,13.544,17.4
2026-07-07 04:44:50,0,0,0,0,13.542,17.613
2026-07-07 04:45:01,0,0,0,0,13.555,17.785
2026-07-07 04:45:25,0,0,0,0,13.542,17.886
2026-07-07 04:45:30,0,0,0,0,13.534,17.974
2026-07-07 04:45:34,0,0,0,0,13.547,18.004
2026-07-07 04:45:46,0,0,0,0,13.523,17.909
2026-07-07 04:45:50,0,0,0,0,13.55,17.84
2026-07-07 04:45:53,0,0,0,0,13.544,17.785
2026-07-07 04:46:00,0,0,0,0,13.534,17.692
2026-07-07 04:46:06,0,0,0,0,13.518,17.671
2026-07-07 04:46:15,0,0,0,0,13.547,17.821
2026-07-07 04:46:19,0,0,0,0,13.547,17.844
2026-07-07 04:46:35,0,0,0,0,13.56,17.598
2026-07-07 04:46:45,0,0,0,0,13.534,17.701
2026-07-07 04:46:49,0,0,0,0,13.544,17.844
2026-07-07 04:46:55,0,0,0,0,13.526,17.919
2026-07-07 04:47:10,0,0,0,0,13.531,17.482
2026-07-07 04:47:57,0,0,0,0,13.496,17.934
2026-07-07 04:48:11,0,0,0,0,13.523,18.096
2026-07-07 04:52:57,0,0,0,0,13.56,18.483
2026-07-07 04:57:13,0,0,0,0,13.544,17.697
2026-07-07 04:57:26,0,0,0,0,13.56,17.596
2026-07-07 04:57:38,0,0,0,0,13.571,17.625
2026-07-07 04:57:57,0,0,0,0,13.542,17.875
2026-07-07 04:58:09,0,0,0,0,13.544,18.105
2026-07-07 04:58:26,0,0,0,0,13.547,18.105
2026-07-07 05:02:57,0,0,0,0,13.539,18.187
2026-07-07 05:07:57,0,0,0,0,13.526,17.856
2026-07-07 05:12:57,0,0,0,0,13.445,17.581
2026-07-07 05:13:56,0,0,0,0,13.445,17.322
2026-07-07 05:17:57,0,0,0,0,13.456,17.798
2026-07-07 05:17:59,0,0,0,0,13.462,17.8
2026-07-07 05:18:55,0,0,0,0,13.437,17.091
2026-07-07 05:19:46,0,0,0,0,13.443,17.539
2026-07-07 05:20:26,0,0,0,0,13.432,17.173
2026-07-07 05:20:56,0,0,0,0,13.411,17.455
2026-07-07 05:22:57,0,0,0,0,13.432,18.067
2026-07-07 05:25:38,0,0,0,0,13.437,17.966
2026-07-07 05:26:03,0,0,0,0,13.416,18.17
2026-07-07 05:26:22,0,0,0,0,13.405,18.426
2026-07-07 05:27:04,0,0,0,0,13.416,18.403
2026-07-07 05:27:40,0,0,0,0,13.427,18.262
2026-07-07 05:27:57,0,0,0,0,13.416,18.018
2026-07-07 05:27:59,0,0,0,0,13.427,18.031
2026-07-07 05:28:28,0,0,0,0,13.405,18.327
2026-07-07 05:29:10,0,0,0,0,13.411,17.901
2026-07-07 05:29:47,0,0,0,0,13.432,18.012
2026-07-07 05:29:56,0,0,0,0,13.432,17.001
2026-07-07 05:30:28,0,0,0,0,13.47,16.12
2026-07-07 05:31:06,0,0,0,0,13.507,14.289
2026-07-07 05:31:26,0,0,0,0,13.571,13.652
2026-07-07 05:31:35,0,0,0,0,13.563,13.669
2026-07-07 05:32:59,0,0,0,0,13.664,13.707
2026-07-07 05:33:57,0,0,0,0,13.763,12.418
2026-07-07 05:35:13,0,0,0,0,13.875,15.689
2026-07-07 05:37:26,0,0,0,0,13.801,14.689
2026-07-07 05:37:54,0,0,0,0,13.763,14.68
2026-07-07 05:37:59,0,0,0,0,13.753,14.632
2026-07-07 05:38:27,0,0,0,0,13.755,14.758
2026-07-07 05:41:18,0,0,0,0,13.619,15.738
2026-07-07 05:41:26,0,0,0,0,13.635,15.832
2026-07-07 05:41:31,0,0,0,0,13.624,15.857
2026-07-07 05:41:56,0,0,0,0,13.59,16.696
2026-07-07 05:42:28,0,0,0,0,13.584,16.757
2026-07-07 05:42:45,0,0,0,0,13.582,16.992
2026-07-07 05:42:59,0,0,0,0,13.566,17.135
2026-07-07 05:43:13,0,0,0,0,13.582,16.702
2026-07-07 05:43:19,0,0,0,0,13.568,16.383
2026-07-07 05:43:22,0,0,0,0,13.56,16.347
2026-07-07 05:43:29,0,0,0,0,13.544,16.417
2026-07-07 05:43:35,0,0,0,0,13.55,16.665
2026-07-07 05:43:59,0,0,0,0,13.555,16.08
2026-07-07 05:44:07,0,0,0,0,13.555,15.895
2026-07-07 05:44:28,0,0,0,0,13.544,16.12
2026-07-07 05:44:33,0,0,0,0,13.558,16.12
2026-07-07 05:44:45,0,0,0,0,13.568,16.454
2026-07-07 05:44:59,0,0,0,0,13.544,16.11
2026-07-07 05:45:03,0,0,0,0,13.55,15.992
2026-07-07 05:45:15,0,0,0,0,13.52,15.937
2026-07-07 05:47:59,0,0,0,0,13.547,17.377
2026-07-07 05:49:39,0,0,0,0,13.515,16.564
2026-07-07 05:49:45,0,0,0,0,13.523,16.595
2026-07-07 05:49:49,0,0,0,0,13.523,16.702
2026-07-07 05:49:56,0,0,0,0,13.539,16.724
2026-07-07 05:49:59,0,0,0,0,13.51,16.73
2026-07-07 05:50:45,0,0,0,0,13.534,17.203
2026-07-07 05:51:00,0,0,0,0,13.518,17.163
2026-07-07 05:51:21,0,0,0,0,13.526,17.434
2026-07-07 05:51:29,0,0,0,0,13.542,17.472
2026-07-07 05:51:32,0,0,0,0,13.507,17.51
2026-07-07 05:51:48,0,0,0,0,13.507,17.463
2026-07-07 05:52:12,0,0,0,0,13.531,17.31
2026-07-07 05:52:15,0,0,0,0,13.512,17.239
2026-07-07 05:52:26,0,0,0,0,13.507,16.759
2026-07-07 05:52:29,0,0,0,0,13.499,16.711
2026-07-07 05:52:51,0,0,0,0,13.52,16.778
2026-07-07 05:52:54,0,0,0,0,13.507,16.896
2026-07-07 05:52:59,0,0,0,0,13.496,16.984
2026-07-07 05:53:01,0,0,0,0,13.488,16.959
2026-07-07 05:53:03,0,0,0,0,13.48,17.009
2026-07-07 05:53:11,0,0,0,0,13.47,17.119
2026-07-07 05:53:14,0,0,0,0,13.472,17.138
2026-07-07 05:54:29,0,0,0,0,13.437,17.398
2026-07-07 05:54:42,0,0,0,0,13.411,17.663
2026-07-07 05:55:12,0,0,0,0,13.432,17.819
2026-07-07 05:55:17,0,0,0,0,13.445,18.037
2026-07-07 05:55:37,0,0,0,0,13.462,18.042
2026-07-07 05:57:46,0,0,0,0,13.432,17.331
2026-07-07 05:57:59,0,0,0,0,13.413,17.047
2026-07-07 06:02:31,0,0,0,0,13.403,17.285
2026-07-07 06:02:39,0,0,0,0,13.395,17.314
2026-07-07 06:02:42,0,0,0,0,13.389,17.692
2026-07-07 06:02:48,0,0,0,0,13.384,17.554
2026-07-07 06:02:59,0,0,0,0,13.381,17.579
2026-07-07 06:03:11,0,0,0,0,13.403,17.875
2026-07-07 06:03:23,0,0,0,0,13.379,17.833
2026-07-07 06:03:38,0,0,0,0,13.368,17.667
2026-07-07 06:03:55,0,0,0,0,13.381,17.684
2026-07-07 06:04:38,0,0,0,0,13.336,17.621
2026-07-07 06:06:03,0,0,0,0,13.379,17.663
2026-07-07 06:06:54,0,0,0,0,13.379,17.875
2026-07-07 06:07:59,0,0,0,0,13.365,18.094
2026-07-07 06:08:09,0,0,0,0,13.352,18.012
2026-07-07 06:09:31,0,0,0,0,13.341,18.044
2026-07-07 06:09:40,0,0,0,0,13.352,18.029
2026-07-07 06:10:11,0,0,0,0,13.389,18.048
2026-07-07 06:10:27,0,0,0,0,13.357,18.06
2026-07-07 06:10:36,0,0,0,0,13.363,18.195
2026-07-07 06:11:34,0,0,0,0,13.368,17.909
2026-07-07 06:12:17,0,0,0,0,13.363,18.06
2026-07-07 06:12:28,0,0,0,0,13.352,18.086
2026-07-07 06:12:59,0,0,0,0,13.336,18.069
2026-07-07 06:13:31,0,0,0,0,13.36,18.069
2026-07-07 06:13:43,0,0,0,0,13.347,18.187
2026-07-07 06:14:03,0,0,0,0,13.352,17.81
2026-07-07 06:15:02,0,0,0,0,13.331,17.766
2026-07-07 06:15:47,0,0,0,0,13.325,16.868
2026-07-07 06:16:02,0,0,0,0,13.323,16.517
2026-07-07 06:16:09,0,0,0,0,13.333,16.505
2026-07-07 06:16:45,0,0,0,0,13.339,17.194
2026-07-07 06:17:13,0,0,0,0,13.336,16.265
2026-07-07 06:17:38,0,0,0,0,13.323,16.126
2026-07-07 06:17:59,0,0,0,0,13.331,16.097
2026-07-07 06:18:07,0,0,0,0,13.355,16.234
2026-07-07 06:19:00,0,0,0,0,13.365,16.335
2026-07-07 06:19:20,0,0,0,0,13.341,16.404
2026-07-07 06:19:27,0,0,0,0,13.341,16.541
2026-07-07 06:20:05,0,0,0,0,13.347,17.058
2026-07-07 06:20:18,0,0,0,0,13.355,16.911
2026-07-07 06:20:49,0,0,0,0,13.336,17.087
2026-07-07 06:21:28,0,0,0,0,13.32,16.955
2026-07-07 06:21:34,0,0,0,0,13.317,16.728
2026-07-07 06:22:15,0,0,0,0,13.333,16.547
2026-07-07 06:22:54,0,0,0,0,13.331,16.534
2026-07-07 06:22:59,0,0,0,0,13.312,16.719
2026-07-07 06:24:52,0,0,0,0,13.331,16.265
2026-07-07 06:25:03,0,0,0,0,13.341,16.44
2026-07-07 06:25:32,0,0,0,0,13.32,16.784
2026-07-07 06:26:16,0,0,0,0,13.32,16.843
2026-07-07 06:27:35,0,0,0,0,13.315,16.719
2026-07-07 06:27:59,0,0,0,0,13.331,16.827
2026-07-07 06:28:13,0,0,0,0,13.32,16.671
2026-07-07 06:28:56,0,0,0,0,13.32,16.831
2026-07-07 06:29:35,0,0,0,0,13.32,17.133
2026-07-07 06:30:56,0,0,0,0,13.315,17.116
2026-07-07 06:31:35,0,0,0,0,13.296,17.205
2026-07-07 06:32:19,0,0,0,0,13.331,17.358
2026-07-07 06:32:36,0,0,0,0,13.328,17.144
2026-07-07 06:32:56,0,0,0,0,13.352,17.236
2026-07-07 06:32:59,0,0,0,0,13.328,17.369
2026-07-07 06:33:02,0,0,0,0,13.336,17.423
2026-07-07 06:33:46,0,0,0,0,13.331,16.425
2026-07-07 06:34:25,0,0,0,0,13.331,16.381
2026-07-07 06:35:31,0,0,0,0,13.355,16.602
2026-07-07 06:35:56,0,0,0,0,13.349,16.496
2026-07-07 06:36:30,0,0,0,0,13.341,16.179
2026-07-07 06:37:30,0,0,0,0,13.392,16.248
2026-07-07 06:37:59,0,0,0,0,13.392,16.219
2026-07-07 06:38:36,0,0,0,0,13.405,16.261
2026-07-07 06:39:23,0,0,0,0,13.427,16.869
2026-07-07 06:39:35,0,0,0,0,13.4,16.833
2026-07-07 06:39:56,0,0,0,0,13.4,16.068
2026-07-07 06:40:32,0,0,0,0,13.4,16.236
2026-07-07 06:41:07,0,0,0,0,13.405,15.229
2026-07-07 06:42:59,0,0,0,0,13.411,15.353
2026-07-07 06:43:55,0,0,0,0,13.453,15.231
2026-07-07 06:44:51,0,0,0,0,13.483,15.616
2026-07-07 06:45:00,0,0,0,0,13.453,15.647
2026-07-07 06:45:07,0,0,0,0,13.47,15.592
2026-07-07 06:45:22,0,0,0,0,13.48,15.26
2026-07-07 06:45:27,0,0,0,0,13.462,15.241
2026-07-07 06:45:35,0,0,0,0,13.483,15.223
2026-07-07 06:45:40,0,0,0,0,13.467,15.313
2026-07-07 06:45:48,0,0,0,0,13.462,15.687
2026-07-07 06:46:09,0,0,0,0,13.464,15.267
2026-07-07 06:46:16,0,0,0,0,13.459,15.405
2026-07-07 06:46:35,0,0,0,0,13.47,15.693
2026-07-07 06:47:35,0,0,0,0,13.483,15.046
2026-07-07 06:47:59,0,0,0,0,13.475,15.456
2026-07-07 06:52:59,0,0,0,0,13.536,15.328
2026-07-07 06:54:06,0,0,0,0,13.52,15.338
2026-07-07 06:55:36,0,0,0,0,13.534,15.942
2026-07-07 06:57:59,0,0,0,0,13.488,15.771
2026-07-07 07:00:35,0,0,0,0,13.515,15.962
2026-07-07 07:02:42,0,0,0,0,13.512,15.931
2026-07-07 07:02:59,0,0,0,0,13.534,16.786
2026-07-07 07:07:59,0,0,0,0,13.552,16.656
2026-07-07 07:11:40,0,0,0,0,13.619,13.31
2026-07-07 07:12:05,0,0,0,0,13.694,13.093
2026-07-07 07:12:59,0,0,0,0,13.745,15.296
2026-07-07 07:14:04,0,0,0,0,13.795,15.132
2026-07-07 07:14:37,0,0,0,0,13.817,15.084
2026-07-07 07:14:51,0,0,0,0,13.809,15.595
2026-07-07 07:15:22,0,0,0,0,13.793,14.55
2026-07-07 07:15:29,0,0,0,0,13.814,14.403
2026-07-07 07:16:35,0,0,0,0,13.801,14.13
2026-07-07 07:17:59,0,0,0,0,13.883,12.639
2026-07-07 07:19:16,0,0,0,0,13.891,14.283
2026-07-07 07:19:28,0,0,0,0,13.899,14.424
2026-07-07 07:20:09,0,0,0,0,13.857,15.969
2026-07-07 07:20:37,0,1,0,0,13.843,15.593
2026-07-07 07:20:52,0,0,0,0,13.83,15.916
2026-07-07 07:22:27,0,0,0,0,13.79,16.477
2026-07-07 07:22:59,0,0,0,0,13.787,15.523
2026-07-07 07:23:07,0,0,0,0,13.79,15.82
2026-07-07 07:24:19,0,0,0,0,13.747,17.152
2026-07-07 07:26:38,0,0,0,0,13.683,16.078
2026-07-07 07:26:50,0,0,0,0,13.702,16.461
2026-07-07 07:27:38,0,0,0,0,13.686,16.431
2026-07-07 07:27:59,0,0,0,0,13.659,16.515
2026-07-07 07:29:38,0,0,0,0,13.654,17.386
2026-07-07 07:32:47,0,0,0,0,13.518,17.791
2026-07-07 07:32:59,0,0,0,0,13.526,17.878
2026-07-07 07:37:59,0,0,0,0,13.491,18.407
2026-07-07 07:38:38,0,0,0,0,13.486,18.969
2026-07-07 07:39:10,0,0,0,0,13.486,18.866
2026-07-07 07:40:14,0,0,0,0,13.448,17.835
2026-07-07 07:40:38,0,0,0,0,13.459,17.837
2026-07-07 07:42:59,0,0,0,0,13.478,17.92
2026-07-07 07:44:08,0,0,0,0,13.472,17.44
2026-07-07 07:46:47,0,0,0,0,13.47,19.095
2026-07-07 07:47:39,0,0,0,0,13.47,18.422
2026-07-07 07:47:59,0,0,0,0,13.475,18.464
2026-07-07 07:50:44,0,0,0,0,13.47,18.765
2026-07-07 07:52:59,0,0,0,0,13.459,17.947
2026-07-07 07:55:33,1,2,0,0,13.448,17.716
2026-07-07 07:55:38,1,1,0,0,13.432,17.362
2026-07-07 07:57:59,0,0,0,0,13.526,17.606
2026-07-07 07:59:01,0,0,0,0,13.507,17.215
2026-07-07 07:59:07,0,0,0,0,13.507,17.102
2026-07-07 07:59:49,0,0,0,0,13.528,17.489
2026-07-07 08:00:28,0,0,0,0,13.491,18.079
2026-07-07 08:00:49,0,0,0,0,13.518,18.205
2026-07-07 08:01:09,0,1,0,0,13.502,18.744
2026-07-07 08:01:24,5,6,0,0,13.499,18.729
2026-07-07 08:02:09,1,1,0,0,13.494,18.523
2026-07-07 08:02:59,2,2,0,0,13.483,18.403
2026-07-07 08:03:24,0,0,0,0,13.488,17.577
2026-07-07 08:03:32,0,0,0,0,13.515,17.453
2026-07-07 08:04:13,1,2,0,0,13.536,16.972
2026-07-07 08:05:13,2,3,0,0,13.563,17.447
2026-07-07 08:05:24,0,0,0,0,13.566,17.247
2026-07-07 08:05:32,0,0,0,0,13.563,17.459
2026-07-07 08:06:15,0,0,0,0,13.552,17.932
2026-07-07 08:06:44,0,1,0,0,13.592,17.495
2026-07-07 08:07:59,0,0,0,0,13.582,18.969
2026-07-07 08:08:38,0,0,0,0,13.558,18.666
2026-07-07 08:12:15,0,1,0,0,13.52,18.989
2026-07-07 08:12:41,0,1,0,0,13.518,18.998
2026-07-07 08:12:59,0,0,0,0,13.534,18.565
2026-07-07 08:13:40,0,0,0,0,13.528,18.063
2026-07-07 08:14:52,0,0,0,0,13.555,19.259
2026-07-07 08:15:21,0,0,0,0,13.534,18.519
2026-07-07 08:15:36,0,0,0,0,13.523,18.022
2026-07-07 08:16:27,0,0,0,0,13.523,18.086
2026-07-07 08:17:59,0,0,0,0,13.547,18.435
2026-07-07 08:18:24,0,0,0,0,13.56,18.163
2026-07-07 08:19:22,0,0,0,0,13.52,18.117
2026-07-07 08:19:41,0,0,0,0,13.534,18.672
2026-07-07 08:20:12,0,0,0,0,13.56,19.484
2026-07-07 08:20:29,0,0,0,0,13.523,19.441
2026-07-07 08:20:35,0,0,0,0,13.544,19.366
2026-07-07 08:22:26,0,0,0,0,13.587,18.531
2026-07-07 08:22:59,0,0,0,0,13.582,18.262
2026-07-07 08:23:53,15,17,0,0,13.592,18.87
2026-07-07 08:24:38,0,0,0,0,13.595,18.224
2026-07-07 08:25:41,1,3,0,0,13.582,18.05
2026-07-07 08:25:56,2,3,0,0,13.598,17.573
2026-07-07 08:26:31,1,1,0,0,13.592,17.65
2026-07-07 08:26:46,4,4,0,0,13.592,18.159
2026-07-07 08:27:59,0,1,0,0,13.571,18.224
2026-07-07 08:29:03,0,0,0,0,13.595,18.018
2026-07-07 08:29:29,0,0,0,0,13.582,17.434
2026-07-07 08:29:52,0,0,0,0,13.587,17.32
2026-07-07 08:30:11,0,0,0,0,13.582,17.169
2026-07-07 08:31:11,0,0,0,0,13.614,17.941
2026-07-07 08:31:24,0,0,0,0,13.598,17.823
2026-07-07 08:31:36,0,0,0,0,13.595,17.728
2026-07-07 08:32:32,0,0,0,0,13.608,18.016
2026-07-07 08:32:59,2,2,0,0,13.611,18.374
2026-07-07 08:33:28,0,0,0,0,13.624,18.084
2026-07-07 08:38:00,0,0,0,0,13.635,18.397
2026-07-07 08:38:14,0,0,0,0,13.608,18.437
2026-07-07 08:39:43,0,0,0,0,13.619,18.432
2026-07-07 08:40:26,0,0,0,0,13.622,18.819
2026-07-07 08:40:49,0,0,0,0,13.648,18.748
2026-07-07 08:41:12,1,1,0,0,13.643,18.763
2026-07-07 08:41:31,0,0,0,0,13.622,18.763
2026-07-07 08:41:39,0,0,0,0,13.646,19.027
2026-07-07 08:41:46,0,0,0,0,13.627,19.196
2026-07-07 08:42:59,0,2,0,0,13.656,19.776
2026-07-07 08:44:01,0,2,0,0,13.686,20.369
2026-07-07 08:44:23,0,2,0,0,13.662,20.087
2026-07-07 08:45:12,0,1,0,0,13.672,20.291
2026-07-07 08:45:28,1,2,0,0,13.678,20.097
2026-07-07 08:45:43,0,1,0,0,13.694,20.122
2026-07-07 08:46:37,0,1,0,0,13.691,20.053
2026-07-07 08:47:31,0,1,0,0,13.705,20.07
2026-07-07 08:47:44,1,2,0,0,13.721,19.956
2026-07-07 08:47:58,0,0,0,0,13.721,20.055
2026-07-07 08:47:59,0,0,0,0,13.723,20.089
2026-07-07 08:48:12,2,2,0,0,13.755,20.074
2026-07-07 08:48:18,4,4,0,0,13.737,20.621
2026-07-07 08:48:46,2,4,0,0,13.766,20.951
2026-07-07 08:49:51,4,5,0,0,13.79,20.467
2026-07-07 08:50:12,8,9,0,0,13.793,20.423
2026-07-07 08:53:00,3,5,0,0,14.017,19.069
2026-07-07 08:55:11,3,5,0,0,14.156,18.844
2026-07-07 08:58:00,5,6,0,0,14.372,19.09
2026-07-07 09:01:50,12,15,0,0,14.442,20.2
2026-07-07 09:03:00,5,5,0,0,14.45,18.191
2026-07-07 09:05:44,7,8,0,0,14.511,18.989
2026-07-07 09:06:16,7,8,0,0,14.498,18.945
2026-07-07 09:07:15,6,8,0,0,14.546,18.573
2026-07-07 09:08:00,8,9,0,0,14.554,19.961
2026-07-07 09:09:02,15,22,0,0,14.516,20.364
2026-07-07 09:09:44,22,25,0,0,14.532,20.686
2026-07-07 09:09:49,21,25,0,0,14.535,20.677
2026-07-07 09:10:08,19,24,0,0,14.511,20.23
2026-07-07 09:10:24,16,22,0,0,14.535,20.385
2026-07-07 09:10:29,16,22,0,0,14.524,20.457
2026-07-07 09:10:35,16,22,0,0,14.532,20.364
2026-07-07 09:10:47,14,21,0,0,14.532,20.432
2026-07-07 09:10:56,16,22,0,0,14.543,20.125
2026-07-07 09:11:08,17,19,0,0,14.551,18.977
2026-07-07 09:11:45,2,5,0,0,14.612,16.093
2026-07-07 09:11:52,0,1,0,0,14.65,15.477
2026-07-07 09:12:06,0,0,0,0,14.663,15.265
2026-07-07 09:12:12,0,0,0,0,14.677,15.26
2026-07-07 09:12:30,0,0,0,0,14.727,15.853
2026-07-07 09:12:41,1,1,0,0,14.738,17.987
2026-07-07 09:12:48,5,5,0,0,14.714,18.582
2026-07-07 09:13:00,6,6,0,0,14.722,18.8
2026-07-07 09:13:12,6,7,0,0,14.759,18.64
2026-07-07 09:13:16,7,8,0,0,14.757,18.521
2026-07-07 09:13:22,6,8,0,0,14.754,18.619
2026-07-07 09:13:41,7,8,0,0,14.751,18.401
2026-07-07 09:13:45,8,9,0,0,14.762,18.393
2026-07-07 09:13:48,7,8,0,0,14.757,18.407
2026-07-07 09:13:52,6,7,0,0,14.762,18.449
2026-07-07 09:14:12,6,8,0,0,14.799,18.784
2026-07-07 09:14:38,5,12,0,0,14.786,17.793
2026-07-07 09:14:44,5,12,0,0,14.797,17.533
2026-07-07 09:14:58,5,9,0,0,14.81,17.404
2026-07-07 09:15:23,1,2,0,0,14.858,15.633
2026-07-07 09:15:26,1,1,0,0,14.866,15.584
2026-07-07 09:15:30,1,1,0,0,14.871,15.561
2026-07-07 09:15:42,2,2,0,0,14.89,15.605
2026-07-07 09:15:54,2,3,0,0,14.938,16.932
2026-07-07 09:16:02,3,3,0,0,14.944,15.984
2026-07-07 09:16:30,3,3,0,0,15.008,16.883
2026-07-07 09:16:44,2,4,0,0,15.032,16.936
2026-07-07 09:16:56,1,1,0,0,15.04,16.784
2026-07-07 09:17:14,2,4,0,0,15.085,17.15
2026-07-07 09:17:23,0,2,0,0,15.104,17.493
2026-07-07 09:17:35,2,4,0,0,15.149,17.569
2026-07-07 09:18:00,5,7,0,0,15.259,17.52
2026-07-07 09:18:23,4,5,0,0,15.336,17.27
2026-07-07 09:18:38,6,6,0,0,15.363,17.331
2026-07-07 09:18:46,6,6,0,0,15.392,17.594
2026-07-07 09:18:50,9,11,0,0,15.435,17.495
2026-07-07 09:18:56,10,11,0,0,15.486,17.508
2026-07-07 09:19:06,7,10,0,0,15.558,18.203
2026-07-07 09:19:09,8,11,0,0,15.55,18.325
2026-07-07 09:19:14,11,13,0,0,15.56,18.365
2026-07-07 09:19:21,12,16,0,0,15.611,18.189
2026-07-07 09:19:34,14,18,0,0,15.611,18.224
2026-07-07 09:19:58,8,14,0,0,15.723,17.615
2026-07-07 09:20:12,8,12,0,0,15.883,17.894
2026-07-07 09:20:30,8,12,0,0,16.03,17.524
2026-07-07 09:20:46,4,8,0,0,16.236,17.426
2026-07-07 09:21:01,5,7,0,0,16.701,17.327
2026-07-07 09:21:15,7,10,0,0,17.176,17.714
2026-07-07 09:21:49,9,16,0,0,17.785,16.86
2026-07-07 09:21:52,7,14,0,0,17.819,16.917
2026-07-07 09:21:59,8,14,0,0,17.886,16.803
2026-07-07 09:22:13,12,18,0,0,18.041,17.016
2026-07-07 09:22:28,11,17,0,0,18.22,16.814
2026-07-07 09:22:33,12,18,0,0,18.319,16.787
2026-07-07 09:22:37,12,18,0,0,18.46,16.576
2026-07-07 09:22:40,10,17,0,0,18.524,16.452
2026-07-07 09:22:56,6,9,0,0,19.013,16.223
2026-07-07 09:22:59,6,10,0,0,19.08,16.25
2026-07-07 09:23:13,11,12,0,0,19.384,16.168
2026-07-07 09:23:30,11,16,0,0,19.734,15.969
2026-07-07 09:23:37,11,15,0,0,19.857,15.736
2026-07-07 09:23:40,11,14,0,0,19.889,15.626
2026-07-07 09:23:47,7,11,0,0,19.926,15.658
2026-07-07 09:24:08,7,8,0,0,19.913,15.658
2026-07-07 09:24:30,12,13,0,0,19.852,15.717
2026-07-07 09:24:33,11,12,0,0,19.83,15.731
2026-07-07 09:24:47,9,12,0,0,19.828,16.213
2026-07-07 09:24:57,10,13,0,0,19.854,16.078
2026-07-07 09:25:18,14,17,0,0,19.969,15.786
2026-07-07 09:25:30,16,17,0,0,20.02,15.95
2026-07-07 09:25:33,16,18,0,0,20.031,16.07
2026-07-07 09:26:07,17,21,0,0,19.945,15.904
2026-07-07 09:26:11,19,24,0,0,19.881,15.889
2026-07-07 09:26:41,17,19,0,0,19.51,16.105
2026-07-07 09:26:46,17,19,0,0,19.435,16.204
2026-07-07 09:27:18,13,18,0,0,19.44,16.089
2026-07-07 09:27:21,13,18,0,0,19.451,16.15
2026-07-07 09:27:27,13,18,0,0,19.499,16.038
2026-07-07 09:27:31,13,18,0,0,19.512,15.994
2026-07-07 09:27:35,13,18,0,0,19.547,15.798
2026-07-07 09:27:45,14,18,0,0,19.646,15.786
2026-07-07 09:27:49,12,16,0,0,19.67,15.757
2026-07-07 09:28:00,12,16,0,0,19.729,15.609
2026-07-07 09:28:24,15,19,0,0,19.641,16.211
2026-07-07 09:28:28,17,20,0,0,19.649,16.164
2026-07-07 09:28:33,17,22,0,0,19.595,16.185
2026-07-07 09:28:36,17,22,0,0,19.545,16.192
2026-07-07 09:28:57,16,20,0,0,19.462,16.238
2026-07-07 09:29:15,20,24,0,0,19.427,16.593
2026-07-07 09:29:23,20,23,0,0,19.462,16.707
2026-07-07 09:29:43,22,23,0,0,19.47,16.488
2026-07-07 09:29:47,20,23,0,0,19.462,16.261
2026-07-07 09:29:51,19,23,0,0,19.475,16.475
2026-07-07 09:29:59,19,22,0,0,19.47,16.253
2026-07-07 09:30:11,17,19,0,0,19.574,15.935
2026-07-07 09:30:17,18,20,0,0,19.601,15.927
2026-07-07 09:30:24,17,19,0,0,19.713,16.021
2026-07-07 09:30:44,17,21,0,0,20.039,15.609
2026-07-07 09:30:57,19,23,0,0,20.233,15.878
2026-07-07 09:31:14,23,28,0,0,20.391,16.122
2026-07-07 09:31:46,23,27,0,0,20.322,15.79
2026-07-07 09:32:05,21,24,0,0,20.399,16.061
2026-07-07 09:32:13,22,24,0,0,20.498,16.032
2026-07-07 09:32:32,22,24,0,0,21.027,15.998
2026-07-07 09:32:39,23,25,0,0,21.203,15.874
2026-07-07 09:33:00,23,26,0,0,21.539,15.689
2026-07-07 09:33:12,26,30,0,0,21.555,15.994
2026-07-07 09:33:20,27,33,0,0,21.529,15.731
2026-07-07 09:33:26,29,35,0,0,21.505,15.679
2026-07-07 09:33:31,30,35,0,0,21.505,15.717
2026-07-07 09:33:37,30,36,0,0,21.454,15.691
2026-07-07 09:33:47,28,34,0,0,21.44,15.647
2026-07-07 09:34:02,28,33,0,0,21.574,15.616
2026-07-07 09:34:23,27,32,0,0,21.993,15.466
2026-07-07 09:34:35,28,33,0,0,22.276,15.393
2026-07-07 09:34:47,27,34,0,0,22.49,15.183
2026-07-07 09:34:53,26,33,0,0,22.583,15.05
2026-07-07 09:34:59,27,34,0,0,22.706,14.897
2026-07-07 09:35:10,29,34,0,0,22.837,14.884
2026-07-07 09:35:14,29,36,0,0,22.872,14.874
2026-07-07 09:35:26,29,37,0,0,23.075,14.645
2026-07-07 09:35:35,28,35,0,0,23.176,14.579
2026-07-07 09:35:53,27,33,0,0,23.425,14.426
2026-07-07 09:38:00,24,26,0,0,23.692,14.134
2026-07-07 09:38:36,25,29,0,0,23.9,13.863
2026-07-07 09:43:00,17,18,0,0,25.494,12.637
2026-07-07 09:43:04,17,19,0,0,25.539,12.599
2026-07-07 09:48:00,17,22,0,0,26.212,12.875
2026-07-07 09:52:52,15,19,0,0,29.182,10.794
2026-07-07 09:53:00,14,19,0,0,29.208,10.752
2026-07-07 09:58:00,8,12,0,0,28.957,10.682
2026-07-07 09:58:12,6,13,0,0,29.15,10.543
2026-07-07 10:03:00,8,9,0,0,30.509,9.791
2026-07-07 10:08:00,6,7,0,0,32.926,9.187
2026-07-07 10:10:17,7,7,0,0,33.161,9.049
2026-07-07 10:11:12,5,7,0,0,33.393,9.139
2026-07-07 10:12:03,5,6,0,0,33.679,9.249
2026-07-07 10:13:00,5,5,0,0,33.94,8.87
2026-07-07 10:13:34,5,8,0,0,34.044,8.845
2026-07-07 10:15:38,4,7,0,0,34.533,8.769
2026-07-07 10:15:53,4,5,0,0,34.538,8.858
2026-07-07 10:15:59,4,6,0,0,34.53,8.635
2026-07-07 10:18:00,3,4,0,0,35.107,9.068
2026-07-07 10:23:00,2,3,0,0,36.247,8.694
2026-07-07 10:23:01,2,2,0,0,36.215,8.717
2026-07-07 10:26:54,4,6,0,0,36.669,9.057
2026-07-07 10:27:25,5,5,0,0,36.779,9.177
2026-07-07 10:28:00,6,6,0,0,36.96,9.112
2026-07-07 10:28:12,7,8,0,0,37.043,9.347
2026-07-07 10:29:24,14,15,0,0,37.5,9.007
2026-07-07 10:30:14,22,23,0,0,37.844,8.931
2026-07-07 10:30:44,18,19,0,0,37.986,9.013
2026-07-07 10:33:00,8,8,0,0,38.285,9.249
2026-07-07 10:33:01,7,7,0,0,38.282,9.217
2026-07-07 10:33:32,6,6,0,0,38.397,9.148
2026-07-07 10:34:12,4,4,0,0,38.469,9.105
2026-07-07 10:38:00,0,1,0,0,38.91,8.08
2026-07-07 10:41:16,0,0,0,0,38.918,7.485
2026-07-07 10:41:40,0,0,0,0,39.035,7.369
2026-07-07 10:43:00,0,0,0,0,39.198,7.611
2026-07-07 10:43:02,0,0,0,0,39.195,7.56
2026-07-07 10:48:00,8,10,0,0,39.914,7.416
2026-07-07 10:49:41,6,7,0,0,40.135,7.508
2026-07-07 10:53:00,41,51,0,0,40.894,7.348
2026-07-07 10:58:00,15,16,0,0,41.286,7.054
2026-07-07 11:01:22,5,5,0,0,40.795,7.285
2026-07-07 11:02:55,3,3,0,0,40.328,7.388
2026-07-07 11:03:00,3,3,0,0,40.306,7.249
2026-07-07 11:06:58,0,0,0,0,40.819,7.577
2026-07-07 11:07:35,0,0,0,0,40.512,7.569
2026-07-07 11:08:00,0,1,0,0,40.282,7.529
2026-07-07 11:08:14,0,1,0,0,40.242,7.705
2026-07-07 11:09:07,0,0,0,0,40.095,7.729
2026-07-07 11:13:00,0,0,0,0,38.637,8.296
2026-07-07 11:18:00,1,2,0,0,37.786,8.471
2026-07-07 11:23:00,0,1,0,0,39.404,8.607
2026-07-07 11:28:00,0,1,0,0,39.006,8.332
2026-07-07 11:33:00,0,0,0,0,38.627,8.616
2026-07-07 11:38:00,5,5,0,0,39.121,8.815
2026-07-07 11:41:25,13,15,0,0,40.301,8.412
2026-07-07 11:43:00,5,6,0,0,40.734,8.454
2026-07-07 11:43:02,5,6,0,0,40.718,8.481
2026-07-07 11:48:00,0,3,0,0,41.26,7.758
2026-07-07 11:53:00,10,14,0,0,40.13,8.269
2026-07-07 11:58:00,5,7,0,0,40.629,8.637
2026-07-07 12:03:01,1,2,0,0,41.017,8.113
2026-07-07 12:08:00,4,4,0,0,42.702,8.139
2026-07-07 12:10:56,10,13,0,0,42.739,7.783
2026-07-07 12:13:00,9,14,0,0,43.067,8.244
2026-07-07 12:16:00,10,13,0,0,43.682,8.473
2026-07-07 12:16:43,7,7,0,0,43.997,7.796
2026-07-07 12:18:00,6,6,0,0,44.226,7.594
2026-07-07 12:18:47,5,5,0,0,44.387,7.743
2026-07-07 12:21:12,2,2,0,0,44.6,7.09
2026-07-07 12:23:01,2,2,0,0,44.939,7.237
2026-07-07 12:28:01,1,1,0,0,46.085,6.997
2026-07-07 12:32:59,1,1,0,0,46.761,7.01
2026-07-07 12:33:01,2,2,0,0,46.787,6.884
2026-07-07 12:36:09,0,0,0,0,47.273,6.537
2026-07-07 12:38:01,0,0,0,0,46.574,7.046
2026-07-07 12:40:19,1,1,0,0,47.457,7.277
2026-07-07 12:41:56,2,2,0,0,47.273,6.118
2026-07-07 12:43:01,0,1,0,0,47.287,7.132
2026-07-07 12:45:47,2,2,0,0,47.799,6.8
2026-07-07 12:48:01,5,6,0,0,48.267,6.396
2026-07-07 12:53:01,1,2,0,0,48.28,6.314
2026-07-07 12:58:01,1,1,0,0,48.058,6.697
2026-07-07 13:03:01,2,2,0,0,46.937,6.358
2026-07-07 13:08:02,0,0,0,0,44.146,7.18
2026-07-07 13:13:01,0,0,0,0,40.517,7.663
2026-07-07 13:18:02,2,2,0,0,38.053,7.216
2026-07-07 13:23:01,1,1,0,0,36.127,8.92
2026-07-07 13:28:01,0,0,0,0,34.493,9.278
2026-07-07 13:33:02,0,0,0,0,33.396,9.637
2026-07-07 13:38:01,0,0,0,0,32.159,9.566
2026-07-07 13:43:01,0,0,0,0,31.494,10.083
2026-07-07 13:48:01,1,1,0,0,30.872,9.602
2026-07-07 13:53:01,1,1,0,0,30.488,10.445
2026-07-07 13:53:58,1,1,0,0,30.239,10.653
2026-07-07 13:58:01,0,1,0,0,29.791,11.1
2026-07-07 13:58:20,3,3,0,0,29.777,11.147
2026-07-07 13:58:58,2,2,0,0,29.873,10.661
2026-07-07 14:00:57,0,0,0,0,29.823,10.783
2026-07-07 14:03:01,3,3,0,0,29.574,11.191
2026-07-07 14:03:03,3,3,0,0,29.558,11.306
2026-07-07 14:08:03,2,2,0,0,29.171,11.588
2026-07-07 14:11:19,7,7,0,0,28.824,11.166
2026-07-07 14:13:01,6,6,0,0,28.813,11.281
2026-07-07 14:13:28,3,4,0,0,28.813,11.388
2026-07-07 14:18:02,5,6,0,0,28.664,11.657
2026-07-07 14:20:45,3,3,0,0,28.386,11.905
2026-07-07 14:20:58,3,3,0,0,28.37,12.133
2026-07-07 14:23:02,4,4,0,0,28.279,12.133
2026-07-07 14:25:28,1,1,0,0,28.143,11.662
2026-07-07 14:28:02,1,1,0,0,27.897,11.962
2026-07-07 14:28:04,1,1,0,0,27.935,12.09
2026-07-07 14:32:28,0,0,0,0,27.553,12.576
2026-07-07 14:33:01,0,0,0,0,27.518,12.582
2026-07-07 14:33:29,1,1,0,0,27.459,12.74
2026-07-07 14:38:01,0,1,0,0,26.973,12.959
2026-07-07 14:43:01,4,6,0,0,26.453,12.727
2026-07-07 14:44:20,2,2,0,0,26.407,13.291
2026-07-07 14:48:01,2,3,0,0,26.106,12.818
2026-07-07 14:51:33,8,9,0,0,25.788,12.668
2026-07-07 14:53:01,7,7,0,0,25.646,12.881
2026-07-07 14:54:20,9,11,0,0,25.614,13.48
2026-07-07 14:58:02,5,6,0,0,25.291,13.583
2026-07-07 15:00:29,15,16,0,0,25.235,13.707
2026-07-07 15:02:04,7,12,0,0,25.067,13.848
2026-07-07 15:03:02,10,12,0,0,25.064,13.743
2026-07-07 15:08:02,8,8,0,0,24.88,14.052
2026-07-07 15:09:17,7,8,0,0,24.792,14.087
2026-07-07 15:11:58,5,7,0,0,24.69,13.966
2026-07-07 15:13:01,4,6,0,0,24.69,13.814
2026-07-07 15:16:48,26,28,0,0,24.469,14.054
2026-07-07 15:17:29,23,23,0,0,24.429,14.113
2026-07-07 15:18:01,20,23,0,0,24.434,14.041
2026-07-07 15:23:01,23,27,0,0,24.378,14.275
2026-07-07 15:23:29,19,23,0,0,24.343,14.323
2026-07-07 15:24:01,22,24,0,0,24.348,14.443
2026-07-07 15:24:29,20,23,0,0,24.335,14.699
2026-07-07 15:28:02,20,20,0,0,24.247,14.432
2026-07-07 15:33:02,10,14,0,0,23.937,15.145
2026-07-07 15:33:37,6,7,0,0,23.9,15.031
2026-07-07 15:33:55,8,9,0,0,23.913,15.023
2026-07-07 15:36:59,6,6,0,0,23.806,15.092
2026-07-07 15:38:02,4,4,0,0,23.732,15.035
2026-07-07 15:38:59,7,8,0,0,23.756,14.987
2026-07-07 15:40:14,7,7,0,0,23.668,15.496
2026-07-07 15:43:01,7,7,0,0,23.478,15.351
2026-07-07 15:44:59,5,6,0,0,23.422,15.422
2026-07-07 15:48:01,5,6,0,0,23.318,15.931
2026-07-07 15:48:34,8,11,0,0,23.27,15.899
2026-07-07 15:49:02,6,6,0,0,23.248,15.752
2026-07-07 15:51:43,8,9,0,0,23.125,16.091
2026-07-07 15:53:01,6,6,0,0,23.083,16.204
2026-07-07 15:53:16,6,7,0,0,23.083,16.274
2026-07-07 15:56:33,16,16,0,0,22.853,16.158
2026-07-07 15:57:51,15,18,0,0,22.858,16.375
2026-07-07 15:58:01,14,17,0,0,22.853,16.295
2026-07-07 16:03:15,19,19,0,0,22.752,16.221
2026-07-07 16:03:43,26,26,0,0,22.623,16.658
2026-07-07 16:04:57,22,23,0,0,22.599,16.669
2026-07-07 16:08:02,32,35,0,0,22.506,16.656
2026-07-07 16:08:04,32,33,0,0,22.501,16.635
2026-07-07 16:08:14,29,30,0,0,22.498,16.791
2026-07-07 16:09:35,29,33,0,0,22.444,17.068
2026-07-07 16:11:51,28,30,0,0,22.34,17.085
2026-07-07 16:12:18,30,31,0,0,22.332,16.814
2026-07-07 16:12:35,27,29,0,0,22.37,16.778
2026-07-07 16:13:02,24,28,0,0,22.367,16.919
2026-07-07 16:13:18,23,26,0,0,22.33,16.875
2026-07-07 16:13:58,26,27,0,0,22.362,17.249
2026-07-07 16:15:15,24,26,0,0,22.292,17.371
2026-07-07 16:17:15,26,27,0,0,22.183,17.188
2026-07-07 16:17:54,25,28,0,0,22.164,17.047
2026-07-07 16:18:01,25,29,0,0,22.167,17.072
2026-07-07 16:19:55,24,29,0,0,22.21,17.026
2026-07-07 16:20:44,21,22,0,0,22.183,17.03
2026-07-07 16:23:02,24,28,0,0,22.009,17.274
2026-07-07 16:24:43,22,24,0,0,21.98,17.184
2026-07-07 16:25:51,25,28,0,0,21.948,17.272
2026-07-07 16:26:38,23,23,0,0,21.921,17.472
2026-07-07 16:26:47,24,24,0,0,21.87,17.375
2026-07-07 16:28:02,22,23,0,0,21.852,17.585
2026-07-07 16:28:03,23,25,0,0,21.862,17.625
2026-07-07 16:28:25,22,23,0,0,21.844,17.463
2026-07-07 16:33:02,22,22,0,0,21.78,17.165
2026-07-07 16:35:21,20,22,0,0,21.569,17.558
2026-07-07 16:36:53,16,18,0,0,21.601,17.508
2026-07-07 16:38:02,19,22,0,0,21.518,17.941
2026-07-07 16:38:48,20,22,0,0,21.491,17.722
2026-07-07 16:39:18,18,22,0,0,21.438,17.812
2026-07-07 16:40:18,20,25,0,0,21.456,17.613
2026-07-07 16:42:48,27,30,0,0,21.432,17.39
2026-07-07 16:43:02,24,26,0,0,21.419,17.77
2026-07-07 16:43:18,22,24,0,0,21.379,18.002
2026-07-07 16:48:02,20,23,0,0,21.315,17.777
2026-07-07 16:48:19,22,23,0,0,21.334,17.959
2026-07-07 16:51:33,23,25,0,0,21.187,17.575
2026-07-07 16:53:02,23,24,0,0,21.099,18.004
2026-07-07 16:53:04,22,23,0,0,21.104,17.983
2026-07-07 16:54:19,20,23,0,0,21.048,17.615
2026-07-07 16:55:01,22,25,0,0,21.069,17.682
2026-07-07 16:56:31,23,27,0,0,21.04,17.703
2026-07-07 16:57:02,21,25,0,0,21.043,17.735
2026-07-07 16:58:02,22,26,0,0,21.088,17.724
2026-07-07 16:59:11,21,24,0,0,21.024,17.795
2026-07-07 17:01:49,24,26,0,0,20.904,17.827
2026-07-07 17:03:02,26,29,0,0,20.901,17.699
2026-07-07 17:05:16,25,27,0,0,20.826,17.65
2026-07-07 17:08:02,23,26,0,0,20.77,18.25
2026-07-07 17:13:02,26,29,0,0,20.557,18.182
2026-07-07 17:13:48,28,30,0,0,20.535,18.279
2026-07-07 17:13:56,28,30,0,0,20.535,18.388
2026-07-07 17:18:02,34,41,0,0,20.498,18.378
2026-07-07 17:20:27,39,48,0,0,20.332,18.128
2026-07-07 17:21:52,34,39,0,0,20.322,18.626
2026-07-07 17:23:02,105,125,0,0,20.311,18.493
2026-07-07 17:23:56,89,108,0,0,20.274,18.327
2026-07-07 17:24:06,86,102,0,0,20.268,18.498
2026-07-07 17:26:50,62,77,0,0,20.257,18.63
2026-07-07 17:28:02,67,79,0,0,20.18,18.554
2026-07-07 17:29:35,51,70,0,0,20.175,18.556
2026-07-07 17:32:19,40,51,0,0,20.111,17.554
2026-07-07 17:33:02,36,47,0,0,20.071,17.39
2026-07-07 17:33:34,35,44,0,0,20.065,17.535
2026-07-07 17:36:21,32,37,0,0,20.057,17.667
2026-07-07 17:38:02,32,36,0,0,20.031,17.707
2026-07-07 17:42:18,30,35,0,0,19.814,17.112
2026-07-07 17:43:02,29,30,0,0,19.809,16.801
2026-07-07 17:44:51,29,32,0,0,19.734,16.955
2026-07-07 17:45:02,28,30,0,0,19.739,17.325
2026-07-07 17:48:02,27,32,0,0,19.715,17.489
2026-07-07 17:49:08,29,31,0,0,19.649,17.072
2026-07-07 17:53:02,29,33,0,0,19.649,16.696
2026-07-07 17:53:07,28,32,0,0,19.638,16.637
2026-07-07 17:53:52,28,29,0,0,19.633,16.69
2026-07-07 17:55:15,26,27,0,0,19.638,17.032
2026-07-07 17:58:02,27,28,0,0,19.641,17.686
2026-07-07 18:01:33,33,38,0,0,19.512,17.84
2026-07-07 18:01:52,32,35,0,0,19.526,17.009
2026-07-07 18:03:02,26,28,0,0,19.587,16.681
2026-07-07 18:03:09,25,26,0,0,19.585,17.167
2026-07-07 18:03:22,27,29,0,0,19.537,17.741
2026-07-07 18:05:19,19,22,0,0,19.582,15.483
2026-07-07 18:06:23,18,19,0,0,19.577,14.701
2026-07-07 18:08:02,9,12,0,0,19.659,14.378
2026-07-07 18:11:23,6,6,0,0,19.643,13.816
2026-07-07 18:12:17,5,5,0,0,19.702,13.139
2026-07-07 18:12:52,7,7,0,0,19.75,14.871
2026-07-07 18:13:02,11,12,0,0,19.758,14.987
2026-07-07 18:14:25,12,12,0,0,19.705,16.631
2026-07-07 18:14:36,15,15,0,0,19.675,16.702
2026-07-07 18:14:48,16,19,0,0,19.654,16.282
2026-07-07 18:16:05,14,15,0,0,19.641,16.993
2026-07-07 18:17:23,23,24,0,0,19.587,17.03
2026-07-07 18:17:53,22,24,0,0,19.585,16.898
2026-07-07 18:18:02,19,22,0,0,19.574,17.215
2026-07-07 18:18:52,23,26,0,0,19.547,17.238
2026-07-07 18:19:59,23,25,0,0,19.512,17.529
2026-07-07 18:20:12,23,26,0,0,19.499,17.213
2026-07-07 18:20:21,23,26,0,0,19.496,17.173
2026-07-07 18:22:53,22,24,0,0,19.491,17.642
2026-07-07 18:23:02,23,25,0,0,19.472,17.619
2026-07-07 18:26:58,20,22,0,0,19.387,17.447
2026-07-07 18:27:37,21,22,0,0,19.4,17.526
2026-07-07 18:28:02,21,24,0,0,19.384,16.959
2026-07-07 18:29:35,18,22,0,0,19.384,16.915
2026-07-07 18:30:54,16,19,0,0,19.358,16.574
2026-07-07 18:32:24,16,18,0,0,19.363,17.232
2026-07-07 18:33:02,18,20,0,0,19.374,17.138
2026-07-07 18:34:37,15,19,0,0,19.347,17.119
2026-07-07 18:37:53,16,21,0,0,19.275,17.501
2026-07-07 18:38:02,17,20,0,0,19.291,17.571
2026-07-07 18:38:24,15,18,0,0,19.253,17.623
2026-07-07 18:40:29,12,18,0,0,19.211,17.774
2026-07-07 18:41:47,11,15,0,0,19.2,17.648
2026-07-07 18:43:02,13,14,0,0,19.171,17.747
2026-07-07 18:43:59,10,13,0,0,19.179,17.539
2026-07-07 18:44:29,11,14,0,0,19.168,17.953
2026-07-07 18:45:08,12,17,0,0,19.197,18.006
2026-07-07 18:45:23,13,16,0,0,19.205,18.037
2026-07-07 18:47:23,17,18,0,0,19.136,17.917
2026-07-07 18:47:52,15,18,0,0,19.144,18.041
2026-07-07 18:48:02,15,20,0,0,19.117,18.027
2026-07-07 18:49:12,12,19,0,0,19.08,17.478
2026-07-07 18:50:42,22,24,0,0,19.067,18.42
2026-07-07 18:52:03,19,22,0,0,19.061,18.397
2026-07-07 18:52:43,22,23,0,0,19.077,18.367
2026-07-07 18:53:02,19,22,0,0,19.077,18.437
2026-07-07 18:57:29,27,29,0,0,18.968,18.454
2026-07-07 18:58:02,28,31,0,0,18.973,18.304
2026-07-07 19:00:54,22,25,0,0,18.976,18.447
2026-07-07 19:02:37,25,26,0,0,18.941,16.562
2026-07-07 19:03:02,21,22,0,0,19.002,17.236
2026-07-07 19:03:40,23,24,0,0,18.97,17.814
2026-07-07 19:04:13,19,22,0,0,18.981,17.878
2026-07-07 19:07:43,22,23,0,0,18.965,17.764
2026-07-07 19:08:02,22,23,0,0,18.93,17.285
2026-07-07 19:11:04,23,25,0,0,18.89,17.919
2026-07-07 19:13:02,18,21,0,0,18.802,18.008
2026-07-07 19:13:45,15,18,0,0,18.799,17.497
2026-07-07 19:16:57,16,19,0,0,18.802,17.924
2026-07-07 19:17:48,17,21,0,0,18.762,17.903
2026-07-07 19:18:02,15,18,0,0,18.773,18.407
2026-07-07 19:20:57,16,18,0,0,18.757,18.248
2026-07-07 19:23:02,16,19,0,0,18.727,18.435
2026-07-07 19:23:04,16,19,0,0,18.711,18.422
2026-07-07 19:26:39,8,13,0,0,18.655,18.599
2026-07-07 19:27:20,9,12,0,0,18.597,18.729
2026-07-07 19:28:02,7,11,0,0,18.586,18.687
2026-07-07 19:30:57,6,6,0,0,18.602,17.894
2026-07-07 19:31:13,7,7,0,0,18.591,17.911
2026-07-07 19:31:27,7,8,0,0,18.607,18.519
2026-07-07 19:33:02,8,10,0,0,18.543,18.273
2026-07-07 19:34:11,11,15,0,0,18.548,17.791
2026-07-07 19:38:02,20,22,0,0,18.556,18.506
2026-07-07 19:43:02,11,12,0,0,18.548,17.278
2026-07-07 19:48:02,3,4,0,0,18.727,14.853
2026-07-07 19:49:38,4,6,0,0,18.709,15.008
2026-07-07 19:51:28,6,6,0,0,18.599,15.74
2026-07-07 19:52:16,5,6,0,0,18.538,15.603
2026-07-07 19:53:02,5,5,0,0,18.538,16.53
2026-07-07 19:58:02,4,5,0,0,18.495,15.855
2026-07-07 19:58:16,4,5,0,0,18.498,16.057
2026-07-07 20:01:27,5,6,0,0,18.479,17.377
2026-07-07 20:02:07,6,6,0,0,18.495,17.383
2026-07-07 20:02:22,7,7,0,0,18.468,17.383
2026-07-07 20:03:02,4,6,0,0,18.474,17.508
2026-07-07 20:03:04,4,6,0,0,18.498,17.508
2026-07-07 20:05:33,2,3,0,0,18.439,17.095
2026-07-07 20:08:02,3,4,0,0,18.46,17.224
2026-07-07 20:10:14,4,5,0,0,18.41,16.215
2026-07-07 20:11:35,2,3,0,0,18.431,17.285
2026-07-07 20:13:02,4,4,0,0,18.396,16.488
2026-07-07 20:13:37,5,5,0,0,18.372,16.482
2026-07-07 20:15:01,4,4,0,0,18.356,16.618
2026-07-07 20:15:07,3,3,0,0,18.362,16.095
2026-07-07 20:15:56,4,5,0,0,18.346,16.11
2026-07-07 20:17:06,4,4,0,0,18.359,16.154
2026-07-07 20:18:02,2,2,0,0,18.324,15.715
2026-07-07 20:20:29,3,3,0,0,18.263,15.931
2026-07-07 20:20:38,3,3,0,0,18.279,16.194
2026-07-07 20:23:02,5,7,0,0,18.239,16.221
2026-07-07 20:24:00,4,4,0,0,18.236,15.941
2026-07-07 20:24:41,4,4,0,0,18.241,16.501
2026-07-07 20:26:43,5,5,0,0,18.204,16.597
2026-07-07 20:27:24,3,4,0,0,18.215,16.293
2026-07-07 20:28:02,4,6,0,0,18.217,16.663
2026-07-07 20:28:04,4,5,0,0,18.231,16.658
2026-07-07 20:31:30,5,6,0,0,18.193,16.581
2026-07-07 20:33:02,2,2,0,0,18.193,16.622
2026-07-07 20:33:19,3,3,0,0,18.169,16.734
2026-07-07 20:38:02,2,2,0,0,18.025,16.963
2026-07-07 20:43:02,18,24,0,0,17.953,18.273
2026-07-07 20:43:19,24,28,0,0,17.956,18.208
2026-07-07 20:46:02,7,9,0,0,18.012,17.571
2026-07-07 20:47:31,15,19,0,0,17.924,16.805
2026-07-07 20:48:02,14,18,0,0,17.94,17.529
2026-07-07 20:50:44,22,25,0,0,17.929,17.768
2026-07-07 20:53:02,13,17,0,0,17.9,17.161
2026-07-07 20:53:47,7,7,0,0,17.9,17.205
2026-07-07 20:54:02,6,8,0,0,17.886,17.239
2026-07-07 20:55:09,6,6,0,0,17.852,17.545
2026-07-07 20:55:56,5,6,0,0,17.795,16.999
2026-07-07 20:56:16,5,6,0,0,17.833,16.953
2026-07-07 20:57:28,7,7,0,0,17.854,17.619
2026-07-07 20:57:56,6,7,0,0,17.83,16.751
2026-07-07 20:58:02,6,6,0,0,17.817,16.618
2026-07-07 20:59:27,7,8,0,0,17.833,17.102
2026-07-07 21:01:27,6,7,0,0,17.798,17.285
2026-07-07 21:02:08,7,8,0,0,17.793,17.215
2026-07-07 21:02:22,7,7,0,0,17.79,17.341
2026-07-07 21:02:43,5,6,0,0,17.769,17.306
2026-07-07 21:03:00,6,7,0,0,17.782,17.375
2026-07-07 21:03:02,6,7,0,0,17.742,17.257
2026-07-07 21:03:28,5,5,0,0,17.753,17.558
2026-07-07 21:03:53,6,7,0,0,17.75,17.142
2026-07-07 21:04:21,5,5,0,0,17.734,17.152
2026-07-07 21:05:26,4,4,0,0,17.774,17.613
2026-07-07 21:07:31,5,6,0,0,17.779,17.371
2026-07-07 21:08:02,5,5,0,0,17.761,17.529
2026-07-07 21:09:05,6,7,0,0,17.734,16.961
2026-07-07 21:11:02,7,7,0,0,17.769,16.978
2026-07-07 21:11:59,6,7,0,0,17.761,17.154
2026-07-07 21:12:19,6,7,0,0,17.779,17.035
2026-07-07 21:13:02,5,5,0,0,17.763,17.415
2026-07-07 21:13:59,6,6,0,0,17.785,17.6
2026-07-07 21:15:20,6,10,0,0,17.763,17.686
2026-07-07 21:16:05,12,16,0,0,17.734,17.713
2026-07-07 21:16:48,13,15,0,0,17.71,17.636
2026-07-07 21:17:07,9,11,0,0,17.731,17.619
2026-07-07 21:17:17,12,12,0,0,17.715,17.581
2026-07-07 21:17:21,13,13,0,0,17.694,17.413
2026-07-07 21:17:32,14,15,0,0,17.702,17.514
2026-07-07 21:18:02,13,15,0,0,17.699,16.78
2026-07-07 21:18:56,8,10,0,0,17.697,16.902
2026-07-07 21:20:09,12,14,0,0,17.707,17.6
2026-07-07 21:20:38,16,19,0,0,17.718,17.947
2026-07-07 21:21:17,21,25,0,0,17.678,17.955
2026-07-07 21:21:32,22,23,0,0,17.691,17.665
2026-07-07 21:21:38,20,20,0,0,17.686,17.795
2026-07-07 21:21:58,17,17,0,0,17.657,18.235
2026-07-07 21:23:03,9,16,0,0,17.611,18.319
2026-07-07 21:23:35,10,12,0,0,17.622,17.84
2026-07-07 21:24:11,12,14,0,0,17.614,17.953
2026-07-07 21:24:34,8,9,0,0,17.643,17.972
2026-07-07 21:25:21,8,8,0,0,17.582,18.205
2026-07-07 21:26:29,6,7,0,0,17.584,18.323
2026-07-07 21:28:00,8,8,0,0,17.593,17.983
2026-07-07 21:28:02,8,8,0,0,17.582,17.972
2026-07-07 21:29:09,9,11,0,0,17.611,18.05
2026-07-07 21:30:00,8,9,0,0,17.574,17.953
2026-07-07 21:30:57,7,8,0,0,17.56,16.654
2026-07-07 21:32:04,5,5,0,0,17.539,17.159
2026-07-07 21:33:02,7,7,0,0,17.571,17.636
2026-07-07 21:33:33,5,6,0,0,17.56,17.754
2026-07-07 21:34:03,5,11,0,0,17.574,17.68
2026-07-07 21:34:13,4,6,0,0,17.571,17.388
2026-07-07 21:34:17,5,7,0,0,17.584,17.365
2026-07-07 21:36:00,4,5,0,0,17.558,17.558
2026-07-07 21:36:33,7,7,0,0,17.542,17.142
2026-07-07 21:37:44,6,7,0,0,17.507,17.552
2026-07-07 21:38:02,4,4,0,0,17.504,17.054
2026-07-07 21:38:27,2,2,0,0,17.491,17.295
2026-07-07 21:40:06,7,7,0,0,17.459,17.575
2026-07-07 21:40:47,5,5,0,0,17.491,17.884
2026-07-07 21:41:03,8,8,0,0,17.448,17.787
2026-07-07 21:41:58,4,6,0,0,17.456,17.999
2026-07-07 21:43:02,6,6,0,0,17.496,18.071
2026-07-07 21:43:33,5,7,0,0,17.456,18.193
2026-07-07 21:43:58,6,8,0,0,17.47,18.18
2026-07-07 21:44:16,5,6,0,0,17.486,18.102
2026-07-07 21:44:47,4,4,0,0,17.488,18.142
2026-07-07 21:48:02,7,8,0,0,17.454,18.176
2026-07-07 21:48:47,7,7,0,0,17.44,17.919
2026-07-07 21:49:17,7,7,0,0,17.432,16.978
2026-07-07 21:49:26,7,7,0,0,17.467,17.001
2026-07-07 21:50:03,6,9,0,0,17.454,17.665
2026-07-07 21:52:04,4,4,0,0,17.427,16.871
2026-07-07 21:53:02,7,9,0,0,17.395,17.541
2026-07-07 21:53:33,8,8,0,0,17.382,18.073
2026-07-07 21:56:33,6,6,0,0,17.406,17.686
2026-07-07 21:58:03,4,4,0,0,17.403,17.251
2026-07-07 21:58:05,5,5,0,0,17.411,17.352
2026-07-07 21:59:20,5,5,0,0,17.416,16.934
2026-07-07 22:00:33,4,4,0,0,17.358,16.85
2026-07-07 22:00:56,3,5,0,0,17.347,16.854
2026-07-07 22:01:14,3,3,0,0,17.379,16.063
2026-07-07 22:02:19,2,2,0,0,17.355,16.374
2026-07-07 22:03:03,2,2,0,0,17.307,16.591
2026-07-07 22:03:11,3,3,0,0,17.317,16.267
2026-07-07 22:03:31,3,3,0,0,17.32,16.377
2026-07-07 22:05:55,3,4,0,0,17.336,16.808
2026-07-07 22:06:01,4,4,0,0,17.355,16.814
2026-07-07 22:06:32,2,2,0,0,17.339,17.011
2026-07-07 22:06:52,3,5,0,0,17.317,18.529
2026-07-07 22:07:51,3,3,0,0,17.291,18.529
2026-07-07 22:08:02,4,4,0,0,17.288,18.386
2026-07-07 22:08:49,2,3,0,0,17.251,18.458
2026-07-07 22:09:12,4,5,0,0,17.213,17.775
2026-07-07 22:10:39,4,4,0,0,17.189,18.254
2026-07-07 22:11:20,5,5,0,0,17.163,18.315
2026-07-07 22:13:02,3,3,0,0,17.16,17.709
2026-07-07 22:13:05,3,3,0,0,17.171,17.703
2026-07-07 22:13:15,3,3,0,0,17.171,17.781
2026-07-07 22:15:43,2,2,0,0,17.149,17.535
2026-07-07 22:18:03,5,5,0,0,17.082,17.058
2026-07-07 22:18:17,1,2,0,0,17.08,16.795
2026-07-07 22:21:13,4,4,0,0,17.042,17.434
2026-07-07 22:23:03,4,5,0,0,17.01,17.302
2026-07-07 22:23:59,4,5,0,0,17.029,17.451
2026-07-07 22:25:32,1,2,0,0,17.026,17.432
2026-07-07 22:28:03,2,2,0,0,17.082,16.105
2026-07-07 22:28:53,4,5,0,0,17.098,17.304
2026-07-07 22:31:18,3,3,0,0,17.08,17.033
2026-07-07 22:31:37,4,5,0,0,17.088,16.797
2026-07-07 22:33:03,3,3,0,0,17.066,16.848
2026-07-07 22:36:25,11,11,0,0,17.131,16.747
2026-07-07 22:37:04,5,7,0,0,17.069,15.902
2026-07-07 22:38:03,6,6,0,0,17.09,16.108
2026-07-07 22:43:02,16,19,0,0,17.045,16.257
2026-07-07 22:43:03,15,18,0,0,17.05,16.221
2026-07-07 22:46:22,5,6,0,0,17.048,16.12
2026-07-07 22:48:04,10,13,0,0,17.01,16.055
2026-07-07 22:49:39,6,7,0,0,16.973,15.992
2026-07-07 22:51:13,3,3,0,0,16.949,16.009
2026-07-07 22:53:04,11,14,0,0,16.941,16.642
2026-07-07 22:53:05,9,13,0,0,16.938,16.427
2026-07-07 22:53:38,6,7,0,0,16.936,16.206
2026-07-07 22:53:54,7,7,0,0,16.922,16.183
2026-07-07 22:55:08,7,7,0,0,16.922,16.118
2026-07-07 22:56:39,5,5,0,0,16.922,16.646
2026-07-07 22:57:14,5,5,0,0,16.912,16.833
2026-07-07 22:57:54,5,6,0,0,16.885,16.807
2026-07-07 22:58:03,5,6,0,0,16.896,16.557
2026-07-07 22:58:39,5,5,0,0,16.909,16.696
2026-07-07 22:58:59,5,5,0,0,16.893,16.761
2026-07-07 23:01:31,5,5,0,0,16.885,15.784
2026-07-07 23:02:08,4,6,0,0,16.928,16.23
2026-07-07 23:03:04,5,6,0,0,16.909,16.2
2026-07-07 23:03:18,5,6,0,0,16.93,16.463
2026-07-07 23:04:38,4,5,0,0,16.882,15.731
2026-07-07 23:06:00,3,4,0,0,16.893,15.597
2026-07-07 23:08:04,3,4,0,0,16.872,16.181
2026-07-07 23:08:05,3,4,0,0,16.874,16.236
2026-07-07 23:11:39,4,5,0,0,16.89,16.536
2026-07-07 23:13:04,6,7,0,0,16.866,16.009
2026-07-07 23:16:18,5,5,0,0,16.781,16.9
2026-07-07 23:17:25,2,2,0,0,16.759,17.085
2026-07-07 23:18:04,2,2,0,0,16.73,16.889
2026-07-07 23:19:09,3,3,0,0,16.743,16.993
2026-07-07 23:19:38,1,1,0,0,16.773,16.816
2026-07-07 23:20:29,0,1,0,0,16.735,16.04
2026-07-07 23:21:39,1,1,0,0,16.733,16.004
2026-07-07 23:23:04,0,0,0,0,16.735,15.904
2026-07-07 23:23:09,0,0,0,0,16.735,15.904
2026-07-07 23:24:09,0,0,0,0,16.743,15.942
2026-07-07 23:25:46,0,0,0,0,16.693,16.404
2026-07-07 23:27:39,0,0,0,0,16.679,15.361
2026-07-07 23:28:04,0,1,0,0,16.663,15.517
2026-07-07 23:28:39,0,0,0,0,16.671,15.843
2026-07-07 23:29:58,0,0,0,0,16.629,16.051
2026-07-07 23:30:44,0,0,0,0,16.626,15.962
2026-07-07 23:31:09,0,0,0,0,16.637,16.236
2026-07-07 23:32:00,0,0,0,0,16.612,16.585
2026-07-07 23:33:04,0,0,0,0,16.618,16.461
2026-07-07 23:34:09,0,0,0,0,16.594,16.044
2026-07-07 23:34:35,0,0,0,0,16.588,16.152
2026-07-07 23:36:45,0,0,0,0,16.564,15.651
2026-07-07 23:38:04,0,0,0,0,16.562,15.872
2026-07-07 23:38:06,0,0,0,0,16.559,15.872
2026-07-07 23:38:09,0,0,0,0,16.58,15.901
2026-07-07 23:40:15,0,0,0,0,16.556,15.839
2026-07-07 23:42:08,0,0,0,0,16.556,15.82
2026-07-07 23:43:04,0,1,0,0,16.516,15.654
2026-07-07 23:48:04,0,0,0,0,16.487,15.321
2026-07-07 23:48:06,0,0,0,0,16.476,15.208
2026-07-07 23:49:01,0,0,0,0,16.468,14.79
2026-07-07 23:53:04,0,0,0,0,16.516,15.099
2026-07-07 23:54:56,0,0,0,0,16.559,15.04
2026-07-07 23:57:40,0,0,0,0,16.634,14.5
2026-07-07 23:58:04,0,0,0,0,16.631,15.206
2026-07-08 00:00:29,0,0,0,0,16.591,15.122
2026-07-08 00:03:04,0,0,0,0,16.57,15.342
2026-07-08 00:03:19,0,0,0,0,16.559,14.878
2026-07-08 00:03:25,1,1,0,0,16.54,15.056
2026-07-08 00:04:37,0,0,0,0,16.559,14.626
2026-07-08 00:05:17,0,0,0,0,16.57,14.739
2026-07-08 00:05:58,1,1,0,0,16.57,15.515
2026-07-08 00:07:23,0,0,0,0,16.596,14.649
2026-07-08 00:08:04,1,1,0,0,16.602,15.424
2026-07-08 00:09:43,0,1,0,0,16.578,15.075
2026-07-08 00:10:38,0,0,0,0,16.548,14.821
2026-07-08 00:11:42,1,1,0,0,16.57,15.738
2026-07-08 00:12:11,0,1,0,0,16.583,15.044
2026-07-08 00:13:04,0,0,0,0,16.559,15.855
2026-07-08 00:16:16,1,1,0,0,16.564,15.508
2026-07-08 00:16:45,1,2,0,0,16.559,15.555
2026-07-08 00:17:58,2,2,0,0,16.546,16
2026-07-08 00:18:04,2,2,0,0,16.543,15.935
2026-07-08 00:19:11,4,5,0,0,16.532,15.584
2026-07-08 00:20:18,2,3,0,0,16.559,15.983
2026-07-08 00:22:21,2,2,0,0,16.53,15.387
2026-07-08 00:23:00,2,3,0,0,16.522,14.844
2026-07-08 00:23:04,1,2,0,0,16.543,15.084
2026-07-08 00:23:18,1,2,0,0,16.535,15.298
2026-07-08 00:24:53,0,0,0,0,16.522,15.244
2026-07-08 00:25:02,1,1,0,0,16.511,15.071
2026-07-08 00:28:04,1,2,0,0,16.492,16.341
2026-07-08 00:29:31,2,3,0,0,16.511,15.736
2026-07-08 00:30:43,2,2,0,0,16.466,15.904
2026-07-08 00:31:08,0,0,0,0,16.468,15.967
2026-07-08 00:31:24,0,0,0,0,16.466,15.904
2026-07-08 00:31:42,0,0,0,0,16.447,15.851
2026-07-08 00:33:04,0,2,0,0,16.436,16.152
2026-07-08 00:38:04,1,1,0,0,16.439,16.131
2026-07-08 00:38:28,1,1,0,0,16.442,15.683
2026-07-08 00:39:11,1,2,0,0,16.399,16.004
2026-07-08 00:39:41,0,2,0,0,16.386,15.695
2026-07-08 00:40:36,1,2,0,0,16.399,15.902
2026-07-08 00:40:42,2,3,0,0,16.386,15.742
2026-07-08 00:41:05,1,1,0,0,16.407,15.998
2026-07-08 00:41:54,1,2,0,0,16.431,15.363
2026-07-08 00:42:34,3,3,0,0,16.447,15.761
2026-07-08 00:43:04,4,4,0,0,16.418,15.736
2026-07-08 00:43:35,1,2,0,0,16.407,15.639
2026-07-08 00:44:16,3,4,0,0,16.407,15.83
2026-07-08 00:44:23,2,2,0,0,16.407,15.777
2026-07-08 00:44:59,1,2,0,0,16.407,15.611
2026-07-08 00:45:18,1,3,0,0,16.436,15.969
2026-07-08 00:45:40,1,2,0,0,16.423,15.883
2026-07-08 00:46:19,2,2,0,0,16.46,15.666
2026-07-08 00:47:09,2,2,0,0,16.42,15.33
2026-07-08 00:47:41,1,1,0,0,16.442,15.742
2026-07-08 00:47:49,1,2,0,0,16.439,15.818
2026-07-08 00:47:55,2,3,0,0,16.428,15.803
2026-07-08 00:48:04,3,5,0,0,16.423,15.992
2026-07-08 00:49:06,4,4,0,0,16.436,16.292
2026-07-08 00:49:15,2,2,0,0,16.434,16.292
2026-07-08 00:50:24,2,2,0,0,16.42,15.616
2026-07-08 00:52:36,2,2,0,0,16.407,15.796
2026-07-08 00:53:04,3,3,0,0,16.396,16.257
2026-07-08 00:54:11,1,1,0,0,16.423,16.004
2026-07-08 00:55:15,1,1,0,0,16.375,16.37
2026-07-08 00:55:36,2,2,0,0,16.388,16.129
2026-07-08 00:56:14,1,2,0,0,16.38,16.217
2026-07-08 00:56:22,2,2,0,0,16.359,16.091
2026-07-08 00:57:32,3,3,0,0,16.364,15.973
2026-07-08 00:58:04,2,3,0,0,16.386,15.445
2026-07-08 00:59:40,1,2,0,0,16.364,15.849
2026-07-08 01:00:48,3,3,0,0,16.375,16.051
2026-07-08 01:01:17,3,3,0,0,16.386,15.672
2026-07-08 01:01:26,2,2,0,0,16.38,15.328
2026-07-08 01:02:19,1,2,0,0,16.396,16.074
2026-07-08 01:03:04,1,1,0,0,16.423,15.271
2026-07-08 01:05:44,3,3,0,0,16.359,15.933
2026-07-08 01:05:50,2,2,0,0,16.329,15.977
2026-07-08 01:06:56,3,3,0,0,16.305,16.412
2026-07-08 01:08:04,3,4,0,0,16.321,16.036
2026-07-08 01:09:15,1,1,0,0,16.308,16.416
2026-07-08 01:10:17,2,2,0,0,16.289,16.246
2026-07-08 01:10:27,3,3,0,0,16.273,16.236
2026-07-08 01:12:12,3,3,0,0,16.337,16.467
2026-07-08 01:12:45,5,5,0,0,16.351,16.139
2026-07-08 01:13:04,4,4,0,0,16.353,16.391
2026-07-08 01:13:06,4,4,0,0,16.361,16.343
2026-07-08 01:15:42,4,5,0,0,16.396,16.515
2026-07-08 01:16:59,5,7,0,0,16.367,16.745
2026-07-08 01:18:04,6,6,0,0,16.351,16.078
2026-07-08 01:23:04,2,3,0,0,16.415,15.475
2026-07-08 01:23:10,2,3,0,0,16.423,15.551
2026-07-08 01:24:31,3,3,0,0,16.439,15.695
2026-07-08 01:28:04,4,4,0,0,16.439,16.324
2026-07-08 01:30:58,8,9,0,0,16.372,17.056
2026-07-08 01:32:15,7,8,0,0,16.329,17.102
2026-07-08 01:33:04,7,7,0,0,16.351,17.198
2026-07-08 01:33:23,4,4,0,0,16.34,17.346
2026-07-08 01:34:29,3,3,0,0,16.353,17.425
2026-07-08 01:34:39,3,4,0,0,16.348,17.526
2026-07-08 01:35:24,4,4,0,0,16.327,17.222
2026-07-08 01:36:51,4,5,0,0,16.284,16.698
2026-07-08 01:37:16,5,6,0,0,16.273,16.934
2026-07-08 01:38:04,3,4,0,0,16.252,17.4
2026-07-08 01:38:07,4,5,0,0,16.241,17.438
2026-07-08 01:38:15,3,4,0,0,16.241,17.386
2026-07-08 01:38:34,3,3,0,0,16.249,17.177
2026-07-08 01:39:55,3,5,0,0,16.265,17.108
2026-07-08 01:40:17,2,3,0,0,16.284,17.06
2026-07-08 01:40:33,4,5,0,0,16.265,17.178
2026-07-08 01:40:40,5,5,0,0,16.257,17.129
2026-07-08 01:41:24,5,6,0,0,16.239,17.089
2026-07-08 01:41:45,4,5,0,0,16.247,17.142
2026-07-08 01:43:04,2,3,0,0,16.236,17.295
2026-07-08 01:45:08,3,3,0,0,16.225,16.963
2026-07-08 01:46:56,6,8,0,0,16.225,17.451
2026-07-08 01:48:03,6,7,0,0,16.217,17.455
2026-07-08 01:48:05,6,7,0,0,16.223,17.474
2026-07-08 01:50:14,7,7,0,0,16.231,17.201
2026-07-08 01:50:41,7,9,0,0,16.201,17.171
2026-07-08 01:52:03,4,5,0,0,16.185,16.641
2026-07-08 01:52:19,4,5,0,0,16.175,16.564
2026-07-08 01:52:56,4,4,0,0,16.207,16.286
2026-07-08 01:53:05,3,4,0,0,16.188,16.974
2026-07-08 01:54:06,7,7,0,0,16.143,17.066
2026-07-08 01:55:31,2,2,0,0,16.148,16.316
2026-07-08 01:55:39,3,3,0,0,16.137,16.835
2026-07-08 01:57:37,2,2,0,0,16.1,16.478
2026-07-08 01:57:50,2,2,0,0,16.097,16.328
2026-07-08 01:58:05,2,3,0,0,16.097,16.349
2026-07-08 01:58:47,2,2,0,0,16.092,16.566
2026-07-08 01:59:00,3,4,0,0,16.105,16.429
2026-07-08 01:59:24,3,3,0,0,16.097,16.381
2026-07-08 02:00:05,2,3,0,0,16.092,16.223
2026-07-08 02:01:44,4,4,0,0,16.046,16.274
2026-07-08 02:02:55,3,5,0,0,15.982,16.686
2026-07-08 02:03:05,4,6,0,0,15.998,16.69
2026-07-08 02:03:17,3,3,0,0,15.974,16.654
2026-07-08 02:03:47,2,2,0,0,15.972,16.669
2026-07-08 02:04:19,1,2,0,0,15.953,16.742
2026-07-08 02:08:05,1,1,0,0,15.916,16.871
2026-07-08 02:08:07,2,2,0,0,15.91,16.885
2026-07-08 02:08:29,1,1,0,0,15.918,16.902
2026-07-08 02:09:39,3,3,0,0,15.9,17.068
2026-07-08 02:09:46,3,3,0,0,15.889,17.116
2026-07-08 02:10:00,1,2,0,0,15.908,17.268
2026-07-08 02:13:05,3,4,0,0,15.867,17.352
2026-07-08 02:13:15,3,3,0,0,15.886,17.323
2026-07-08 02:17:45,1,1,0,0,15.742,17.917
2026-07-08 02:18:05,1,2,0,0,15.731,17.941
2026-07-08 02:18:08,2,3,0,0,15.726,17.93
2026-07-08 02:19:49,2,4,0,0,15.713,17.981
2026-07-08 02:20:51,5,5,0,0,15.705,18.132
2026-07-08 02:22:49,1,2,0,0,15.713,18.323
2026-07-08 02:23:05,2,2,0,0,15.715,18.264
2026-07-08 02:23:18,2,2,0,0,15.718,18.174
2026-07-08 02:24:57,2,2,0,0,15.689,18.119
2026-07-08 02:28:05,1,2,0,0,15.616,18.64
2026-07-08 02:28:19,3,3,0,0,15.603,18.613
2026-07-08 02:29:19,1,1,0,0,15.611,18.367
2026-07-08 02:33:05,0,0,0,0,15.518,17.718
2026-07-08 02:38:05,0,0,0,0,15.475,18.357
2026-07-08 02:43:05,0,0,0,0,15.512,17.478
2026-07-08 02:48:05,0,0,0,0,15.55,16.801
2026-07-08 02:50:32,0,0,0,0,15.555,17.14
2026-07-08 02:51:55,0,0,0,0,15.552,17.123
2026-07-08 02:52:19,0,0,0,0,15.552,16.932
2026-07-08 02:52:49,0,0,0,0,15.536,16.856
2026-07-08 02:53:03,0,0,0,0,15.555,16.902
2026-07-08 02:53:05,0,0,0,0,15.539,16.951
2026-07-08 02:54:32,0,0,0,0,15.555,17.194
2026-07-08 02:54:36,0,0,0,0,15.539,17.165
2026-07-08 02:55:04,0,0,0,0,15.547,17.228
2026-07-08 02:56:19,0,0,0,0,15.547,17.127
2026-07-08 02:56:58,0,0,0,0,15.566,17.1
2026-07-08 02:57:16,0,0,0,0,15.558,17.362
2026-07-08 02:57:57,0,0,0,0,15.547,16.951
2026-07-08 02:58:05,0,0,0,0,15.558,16.951
2026-07-08 02:58:07,0,0,0,0,15.555,16.94
2026-07-08 02:58:35,0,0,0,0,15.566,17.398
2026-07-08 03:00:01,0,0,0,0,15.614,17.268
2026-07-08 03:00:56,0,0,0,0,15.616,17.047
2026-07-08 03:01:17,0,0,0,0,15.592,16.98
2026-07-08 03:03:05,0,0,0,0,15.638,17.459
2026-07-08 03:04:28,0,0,0,0,15.614,17.522
2026-07-08 03:04:34,0,0,0,0,15.622,17.447
2026-07-08 03:05:44,0,0,0,0,15.616,17.922
2026-07-08 03:05:57,0,0,0,0,15.627,17.672
2026-07-08 03:06:35,0,0,0,0,15.627,17.827
2026-07-08 03:06:45,0,0,0,0,15.63,17.903
2026-07-08 03:06:52,0,0,0,0,15.624,17.951
2026-07-08 03:07:23,0,0,0,0,15.606,17.718
2026-07-08 03:07:36,0,0,0,0,15.624,17.743
2026-07-08 03:07:44,0,0,0,0,15.595,17.8
2026-07-08 03:08:05,0,0,0,0,15.59,18.092
2026-07-08 03:08:38,0,0,0,0,15.566,18.098
2026-07-08 03:09:02,0,0,0,0,15.59,18.266
2026-07-08 03:09:44,0,0,0,0,15.579,17.789
2026-07-08 03:11:32,0,0,0,0,15.627,17.005
2026-07-08 03:12:44,0,0,0,0,15.592,17.44
2026-07-08 03:12:52,0,0,0,0,15.6,17.198
2026-07-08 03:13:05,0,0,0,0,15.619,17.203
2026-07-08 03:14:17,0,0,0,0,15.632,17.47
2026-07-08 03:14:52,0,0,0,0,15.606,17.844
2026-07-08 03:15:35,0,0,0,0,15.584,17.72
2026-07-08 03:16:00,0,0,0,0,15.555,17.131
2026-07-08 03:16:44,0,0,0,0,15.552,17.106
2026-07-08 03:17:17,0,0,0,0,15.539,17.249
2026-07-08 03:17:51,0,0,0,0,15.587,17.48
2026-07-08 03:18:05,0,0,0,0,15.558,17.224
2026-07-08 03:18:49,0,0,0,0,15.6,17.285
2026-07-08 03:19:14,0,0,0,0,15.587,17.32
2026-07-08 03:19:27,0,0,0,0,15.574,17.533
2026-07-08 03:20:34,0,0,0,0,15.603,17.398
2026-07-08 03:22:48,0,0,0,0,15.576,17.249
2026-07-08 03:23:05,0,0,0,0,15.59,17.337
2026-07-08 03:24:02,0,0,0,0,15.566,16.923
2026-07-08 03:24:21,0,0,0,0,15.582,16.564
2026-07-08 03:28:05,0,0,0,0,15.539,17.062
2026-07-08 03:28:54,0,0,0,0,15.547,17.392
2026-07-08 03:29:21,0,0,0,0,15.544,17.545
2026-07-08 03:33:05,0,0,0,0,15.6,17.524
2026-07-08 03:33:28,0,0,0,0,15.563,17.524
2026-07-08 03:34:58,0,0,0,0,15.568,17.684
2026-07-08 03:35:08,1,1,0,0,15.584,17.749
2026-07-08 03:35:37,2,2,0,0,15.598,17.814
2026-07-08 03:36:07,0,0,0,0,15.603,17.768
2026-07-08 03:37:37,0,0,0,0,15.608,17.768
2026-07-08 03:38:05,0,0,0,0,15.6,17.981
2026-07-08 03:38:27,0,0,0,0,15.592,17.8
2026-07-08 03:39:35,0,0,0,0,15.571,17.808
2026-07-08 03:39:54,0,0,0,0,15.571,17.754
2026-07-08 03:40:33,0,0,0,0,15.542,17.898
2026-07-08 03:40:51,0,0,0,0,15.558,18.134
2026-07-08 03:41:11,0,0,0,0,15.552,18.14
2026-07-08 03:42:12,0,0,0,0,15.568,18.573
2026-07-08 03:42:22,0,0,0,0,15.571,18.664
2026-07-08 03:42:57,0,0,0,0,15.552,18.376
2026-07-08 03:43:05,0,0,0,0,15.552,18.311
2026-07-08 03:43:33,0,0,0,0,15.542,18.372
2026-07-08 03:44:23,0,0,0,0,15.568,18.174
2026-07-08 03:44:42,0,0,0,0,15.563,18.229
2026-07-08 03:45:40,0,0,0,0,15.499,18.239
2026-07-08 03:45:51,0,0,0,0,15.491,18.239
2026-07-08 03:46:07,0,0,0,0,15.502,18.25
2026-07-08 03:46:30,0,0,0,0,15.512,18.228
2026-07-08 03:47:57,0,0,0,0,15.507,17.966
2026-07-08 03:48:05,0,0,0,0,15.523,17.972
2026-07-08 03:50:38,0,0,0,0,15.595,17.69
2026-07-08 03:50:51,0,0,0,0,15.584,17.072
2026-07-08 03:51:31,0,1,0,0,15.619,17.577
2026-07-08 03:52:06,1,2,0,0,15.603,17.56
2026-07-08 03:53:05,0,0,0,0,15.611,17.638
2026-07-08 03:53:25,0,0,0,0,15.611,17.785
2026-07-08 03:54:33,0,0,0,0,15.606,17.474
2026-07-08 03:55:26,0,0,0,0,15.608,17.474
2026-07-08 03:55:56,0,1,0,0,15.611,17.409
2026-07-08 03:56:41,0,0,0,0,15.649,16.656
2026-07-08 03:58:05,0,0,0,0,15.745,14.399
2026-07-08 03:58:23,0,0,0,0,15.774,14.298
2026-07-08 03:59:03,0,0,0,0,15.803,15.853
2026-07-08 04:02:23,0,0,0,0,15.817,16.375
2026-07-08 04:03:05,1,1,0,0,15.763,16.623
2026-07-08 04:03:37,0,0,0,0,15.79,16.629
2026-07-08 04:03:47,0,0,0,0,15.758,16.511
2026-07-08 04:04:21,0,0,0,0,15.755,16.677
2026-07-08 04:04:38,0,0,0,0,15.755,16.633
2026-07-08 04:04:52,0,0,0,0,15.766,16.606
2026-07-08 04:06:32,0,0,0,0,15.742,16.889
2026-07-08 04:06:50,0,0,0,0,15.761,16.963
2026-07-08 04:07:34,0,0,0,0,15.755,17.136
2026-07-08 04:07:41,0,0,0,0,15.761,17.016
2026-07-08 04:08:05,0,0,0,0,15.763,16.868
2026-07-08 04:08:51,0,0,0,0,15.739,17.48
2026-07-08 04:08:59,0,0,0,0,15.739,17.377
2026-07-08 04:09:57,0,0,0,0,15.731,17.219
2026-07-08 04:10:21,0,0,0,0,15.718,17.045
2026-07-08 04:11:27,0,0,0,0,15.721,17.442
2026-07-08 04:12:44,0,0,0,0,15.705,17.568
2026-07-08 04:13:05,0,0,0,0,15.686,17.449
2026-07-08 04:13:13,0,0,0,0,15.713,17.449
2026-07-08 04:13:24,0,0,0,0,15.694,17.592
2026-07-08 04:13:48,0,0,0,0,15.675,17.632
2026-07-08 04:14:46,0,0,0,0,15.689,17.114
2026-07-08 04:16:11,0,0,0,0,15.705,16.795
2026-07-08 04:16:15,0,0,0,0,15.723,16.669
2026-07-08 04:16:52,0,0,0,0,15.731,16.41
2026-07-08 04:17:27,0,0,0,0,15.715,16.688
2026-07-08 04:18:05,0,0,0,0,15.737,16.784
2026-07-08 04:19:33,0,0,0,0,15.721,16.877
2026-07-08 04:20:55,0,0,0,0,15.683,17.007
2026-07-08 04:23:05,0,0,0,0,15.64,17.383
2026-07-08 04:24:56,0,0,0,0,15.643,17.964
2026-07-08 04:25:27,0,0,0,0,15.649,18.136
2026-07-08 04:28:05,0,0,0,0,15.665,18.046
2026-07-08 04:29:33,0,0,0,0,15.627,17.926
2026-07-08 04:33:05,0,0,0,0,15.64,17.392
2026-07-08 04:34:40,0,0,0,0,15.616,17.159
2026-07-08 04:34:50,0,0,0,0,15.632,17.249
2026-07-08 04:34:54,0,0,0,0,15.643,17.312
2026-07-08 04:35:05,0,0,0,0,15.646,17.56
2026-07-08 04:35:09,0,0,0,0,15.64,17.648
2026-07-08 04:35:24,0,0,0,0,15.649,17.661
2026-07-08 04:35:27,0,0,0,0,15.622,17.491
2026-07-08 04:35:31,0,0,0,0,15.638,17.4
2026-07-08 04:35:40,0,0,0,0,15.665,17.293
2026-07-08 04:35:43,0,0,0,0,15.632,17.487
2026-07-08 04:35:52,0,0,0,0,15.651,17.857
2026-07-08 04:36:03,0,0,0,0,15.638,17.844
2026-07-08 04:36:20,0,0,0,0,15.619,17.69
2026-07-08 04:36:25,0,0,0,0,15.622,17.558
2026-07-08 04:36:38,0,0,0,0,15.627,17.665
2026-07-08 04:36:42,0,0,0,0,15.619,17.695
2026-07-08 04:36:57,0,0,0,0,15.616,17.749
2026-07-08 04:36:59,0,0,0,0,15.616,17.791
2026-07-08 04:37:09,0,0,0,0,15.616,17.737
2026-07-08 04:37:15,0,0,0,0,15.606,17.861
2026-07-08 04:37:25,0,0,0,0,15.608,17.856
2026-07-08 04:37:35,0,0,0,0,15.59,17.878
2026-07-08 04:37:49,0,0,0,0,15.6,17.892
2026-07-08 04:38:03,0,0,0,0,15.592,17.89
2026-07-08 04:38:05,0,0,0,0,15.579,17.88
2026-07-08 04:38:13,0,0,0,0,15.606,17.88
2026-07-08 04:38:19,0,0,0,0,15.608,17.852
2026-07-08 04:38:34,0,0,0,0,15.6,17.783
2026-07-08 04:38:43,0,0,0,0,15.603,17.726
2026-07-08 04:38:48,0,0,0,0,15.622,17.617
2026-07-08 04:39:00,0,0,0,0,15.6,17.581
2026-07-08 04:39:04,0,0,0,0,15.63,17.608
2026-07-08 04:39:16,0,0,0,0,15.622,17.569
2026-07-08 04:39:33,0,0,0,0,15.608,17.529
2026-07-08 04:39:42,0,0,0,0,15.63,17.522
2026-07-08 04:39:54,0,0,0,0,15.659,17.322
2026-07-08 04:40:08,0,0,0,0,15.635,17.1
2026-07-08 04:40:11,0,0,0,0,15.646,17.074
2026-07-08 04:40:18,0,0,0,0,15.646,17.053
2026-07-08 04:40:34,0,0,0,0,15.643,17.035
2026-07-08 04:40:48,0,0,0,0,15.659,16.971
2026-07-08 04:40:57,0,0,0,0,15.665,16.925
2026-07-08 04:41:07,0,0,0,0,15.638,16.934
2026-07-08 04:41:17,0,0,0,0,15.675,16.89
2026-07-08 04:41:30,0,0,0,0,15.643,16.847
2026-07-08 04:41:34,0,0,0,0,15.638,16.881
2026-07-08 04:41:48,0,0,0,0,15.646,17.375
2026-07-08 04:41:52,0,0,0,0,15.662,17.487
2026-07-08 04:42:02,0,0,0,0,15.665,17.512
2026-07-08 04:42:25,0,0,0,0,15.654,17.623
2026-07-08 04:42:29,0,0,0,0,15.657,17.6
2026-07-08 04:42:38,0,0,0,0,15.649,17.644
2026-07-08 04:42:59,0,0,0,0,15.649,17.327
2026-07-08 04:43:05,0,0,0,0,15.651,17.28
2026-07-08 04:43:14,0,0,0,0,15.683,17.178
2026-07-08 04:43:19,0,0,0,0,15.635,17.119
2026-07-08 04:43:22,0,0,0,0,15.649,17.026
2026-07-08 04:48:05,0,0,0,0,15.689,16.793
2026-07-08 04:50:33,0,0,0,0,15.675,16.246
2026-07-08 04:52:37,0,0,0,0,15.699,16.337
2026-07-08 04:53:05,0,0,0,0,15.723,16.32
2026-07-08 04:56:02,0,0,0,0,15.726,16.81
2026-07-08 04:57:32,2,3,0,0,15.697,16.978
2026-07-08 04:58:05,0,0,0,0,15.697,17.192
2026-07-08 05:03:05,2,3,0,0,15.665,17.495
2026-07-08 05:03:17,2,4,0,0,15.651,17.423
2026-07-08 05:05:54,3,3,0,0,15.67,17.65
2026-07-08 05:08:05,6,6,0,0,15.667,17.554
2026-07-08 05:10:23,6,9,0,0,15.616,17.88
2026-07-08 05:12:35,8,8,0,0,15.681,17.524
2026-07-08 05:13:05,8,8,0,0,15.702,17.507
2026-07-08 05:13:07,8,8,0,0,15.702,17.501
2026-07-08 05:14:48,6,6,0,0,15.694,17.672
2026-07-08 05:16:11,6,7,0,0,15.657,17.749
2026-07-08 05:18:05,6,6,0,0,15.59,17.96
2026-07-08 05:18:07,6,6,0,0,15.59,17.96
2026-07-08 05:23:05,7,7,0,0,15.603,18.599
2026-07-08 05:28:05,6,7,0,0,15.59,17.564
2026-07-08 05:28:44,5,5,0,0,15.592,17.945
2026-07-08 05:29:33,5,6,0,0,15.59,17.22
2026-07-08 05:31:16,4,4,0,0,15.598,17.655
2026-07-08 05:33:05,3,3,0,0,15.518,18.155
2026-07-08 05:37:53,5,6,0,0,15.579,17.724
2026-07-08 05:37:59,3,3,0,0,15.566,17.468
2026-07-08 05:38:05,3,3,0,0,15.563,17.575
2026-07-08 05:38:08,4,5,0,0,15.563,17.537
2026-07-08 05:38:12,4,4,0,0,15.587,17.617
2026-07-08 05:38:19,3,3,0,0,15.568,17.884
2026-07-08 05:38:29,3,4,0,0,15.574,17.978
2026-07-08 05:38:38,2,3,0,0,15.547,18.123
2026-07-08 05:38:51,3,3,0,0,15.568,18.224
2026-07-08 05:38:59,2,3,0,0,15.563,18.216
2026-07-08 05:39:06,1,2,0,0,15.536,18.193
2026-07-08 05:39:09,2,3,0,0,15.558,18.193
2026-07-08 05:39:14,4,6,0,0,15.571,18.199
2026-07-08 05:39:18,4,5,0,0,15.555,18.264
2026-07-08 05:39:24,5,5,0,0,15.542,18.287
2026-07-08 05:39:37,4,5,0,0,15.552,18.159
2026-07-08 05:39:43,3,4,0,0,15.547,18.107
2026-07-08 05:39:48,4,4,0,0,15.552,18.174
2026-07-08 05:43:05,3,3,0,0,15.472,17.882
2026-07-08 05:44:06,3,3,0,0,15.496,17.899
2026-07-08 05:45:59,4,4,0,0,15.491,17.871
2026-07-08 05:46:04,4,4,0,0,15.47,17.726
2026-07-08 05:46:11,4,4,0,0,15.499,17.8
2026-07-08 05:47:22,3,4,0,0,15.528,18.424
2026-07-08 05:47:27,4,5,0,0,15.528,18.367
2026-07-08 05:47:31,4,4,0,0,15.528,18.252
2026-07-08 05:47:34,5,5,0,0,15.499,18.292
2026-07-08 05:47:37,6,6,0,0,15.496,18.245
2026-07-08 05:47:43,5,6,0,0,15.51,18.371
2026-07-08 05:47:48,5,6,0,0,15.499,18.397
2026-07-08 05:48:03,4,4,0,0,15.499,18.411
2026-07-08 05:48:05,4,4,0,0,15.48,18.414
2026-07-08 05:48:23,3,3,0,0,15.478,18.557
2026-07-08 05:48:37,4,4,0,0,15.478,18.554
2026-07-08 05:48:49,3,4,0,0,15.475,18.714
2026-07-08 05:48:54,1,2,0,0,15.467,18.63
2026-07-08 05:49:31,5,5,0,0,15.486,18.382
2026-07-08 05:49:42,4,5,0,0,15.475,18.248
2026-07-08 05:49:48,3,4,0,0,15.488,18.105
2026-07-08 05:51:25,4,5,0,0,15.478,17.472
2026-07-08 05:53:04,4,5,0,0,15.502,17.573
2026-07-08 05:53:06,4,4,0,0,15.504,17.669
2026-07-08 05:56:04,3,4,0,0,15.491,17.764
2026-07-08 05:57:00,5,5,0,0,15.475,17.939
2026-07-08 05:57:36,3,3,0,0,15.504,18.006
2026-07-08 05:57:41,5,5,0,0,15.491,18.037
2026-07-08 05:57:52,6,7,0,0,15.51,18.044
2026-07-08 05:58:03,6,6,0,0,15.488,17.995
2026-07-08 05:58:06,6,6,0,0,15.504,17.97
2026-07-08 05:58:22,7,7,0,0,15.491,18.09
2026-07-08 05:58:32,7,7,0,0,15.491,18.041
2026-07-08 05:58:44,6,6,0,0,15.483,18.083
2026-07-08 05:58:48,6,6,0,0,15.483,18.172
2026-07-08 05:59:11,7,11,0,0,15.462,18.327
2026-07-08 05:59:18,6,10,0,0,15.518,18.441
2026-07-08 05:59:24,8,11,0,0,15.494,18.435
2026-07-08 05:59:42,7,7,0,0,15.488,18.435
2026-07-08 05:59:51,6,6,0,0,15.486,18.517
2026-07-08 06:00:03,8,10,0,0,15.478,18.5
2026-07-08 06:00:07,8,9,0,0,15.47,18.548
2026-07-08 06:00:27,8,9,0,0,15.462,18.512
2026-07-08 06:02:31,11,11,0,0,15.462,18.792
2026-07-08 06:03:06,10,10,0,0,15.467,18.674
2026-07-08 06:03:15,10,10,0,0,15.472,18.891
2026-07-08 06:04:34,7,11,0,0,15.446,18.914
2026-07-08 06:04:57,9,11,0,0,15.448,18.756
2026-07-08 06:05:18,10,11,0,0,15.424,18.64
2026-07-08 06:05:41,7,8,0,0,15.435,18.212
2026-07-08 06:06:03,6,6,0,0,15.454,18.121
2026-07-08 06:06:38,8,11,0,0,15.472,18.214
2026-07-08 06:06:45,8,9,0,0,15.491,17.991
2026-07-08 06:07:48,5,6,0,0,15.51,17.728
2026-07-08 06:08:06,4,5,0,0,15.512,17.692
2026-07-08 06:08:49,5,6,0,0,15.555,17.171
2026-07-08 06:09:30,8,8,0,0,15.539,17.075
2026-07-08 06:10:09,5,6,0,0,15.566,17.524
2026-07-08 06:10:55,6,7,0,0,15.59,17.802
2026-07-08 06:11:05,5,5,0,0,15.598,17.856
2026-07-08 06:13:03,7,8,0,0,15.558,17.777
2026-07-08 06:13:06,7,8,0,0,15.539,17.758
2026-07-08 06:13:58,1,1,0,0,15.616,16.24
2026-07-08 06:14:15,4,4,0,0,15.608,16.013
2026-07-08 06:14:38,2,3,0,0,15.616,15.723
2026-07-08 06:15:01,5,5,0,0,15.624,16.221
2026-07-08 06:15:40,2,2,0,0,15.665,16.021
2026-07-08 06:15:47,2,2,0,0,15.64,15.777
2026-07-08 06:16:19,2,2,0,0,15.667,15.426
2026-07-08 06:17:54,0,0,0,0,15.702,15.702
2026-07-08 06:18:06,1,1,0,0,15.726,15.605
2026-07-08 06:18:24,2,2,0,0,15.742,15.405
2026-07-08 06:19:01,0,1,0,0,15.758,15.174
2026-07-08 06:19:06,1,2,0,0,15.753,15.168
2026-07-08 06:20:10,1,1,0,0,15.771,16.078
2026-07-08 06:20:24,2,2,0,0,15.777,15.963
2026-07-08 06:21:39,2,3,0,0,15.766,16.393
2026-07-08 06:21:57,1,2,0,0,15.758,16.85
2026-07-08 06:22:14,3,4,0,0,15.766,16.416
2026-07-08 06:22:25,2,2,0,0,15.747,16.44
2026-07-08 06:22:42,1,2,0,0,15.755,16.393
2026-07-08 06:23:06,1,1,0,0,15.737,16.452
2026-07-08 06:23:23,2,3,0,0,15.739,16.16
2026-07-08 06:24:46,3,3,0,0,15.731,16.942
2026-07-08 06:26:09,1,1,0,0,15.718,17.384
2026-07-08 06:27:28,1,2,0,0,15.678,17.508
2026-07-08 06:27:44,3,3,0,0,15.675,17.602
2026-07-08 06:28:06,2,3,0,0,15.67,17.543
2026-07-08 06:28:17,1,1,0,0,15.643,17.526
2026-07-08 06:28:58,3,3,0,0,15.595,17.507
2026-07-08 06:29:05,3,3,0,0,15.627,17.457
2026-07-08 06:29:34,1,2,0,0,15.643,17.501
2026-07-08 06:29:56,4,4,0,0,15.635,17.583
2026-07-08 06:30:18,1,3,0,0,15.643,17.573
2026-07-08 06:30:55,2,2,0,0,15.627,17.465
2026-07-08 06:31:35,3,3,0,0,15.646,17.108
2026-07-08 06:32:18,1,1,0,0,15.681,17.232
2026-07-08 06:33:00,2,2,0,0,15.702,17.283
2026-07-08 06:33:06,1,1,0,0,15.678,17.262
2026-07-08 06:33:47,3,3,0,0,15.662,17.339
2026-07-08 06:34:39,3,3,0,0,15.662,17.814
2026-07-08 06:35:04,2,2,0,0,15.649,17.623
2026-07-08 06:35:17,2,2,0,0,15.654,17.457
2026-07-08 06:36:44,2,2,0,0,15.678,17.444
2026-07-08 06:37:09,2,3,0,0,15.686,17.816
2026-07-08 06:37:22,3,4,0,0,15.681,17.692
2026-07-08 06:37:56,2,2,0,0,15.665,17.512
2026-07-08 06:38:06,1,1,0,0,15.667,17.535
2026-07-08 06:38:21,1,2,0,0,15.683,17.413
2026-07-08 06:38:38,1,1,0,0,15.675,17.388
2026-07-08 06:38:51,2,2,0,0,15.673,17.543
2026-07-08 06:39:18,0,2,0,0,15.683,17.566
2026-07-08 06:39:41,1,1,0,0,15.678,17.636
2026-07-08 06:39:58,1,1,0,0,15.675,17.919
2026-07-08 06:40:39,3,3,0,0,15.665,17.892
2026-07-08 06:40:59,3,3,0,0,15.665,17.947
2026-07-08 06:41:19,2,2,0,0,15.665,18.014
2026-07-08 06:41:26,2,2,0,0,15.643,17.93
2026-07-08 06:41:53,4,4,0,0,15.627,18.048
2026-07-08 06:41:58,3,3,0,0,15.643,18.06
2026-07-08 06:42:03,4,4,0,0,15.643,18.075
2026-07-08 06:42:11,4,4,0,0,15.649,18.023
2026-07-08 06:42:15,3,3,0,0,15.616,18.039
2026-07-08 06:42:19,2,3,0,0,15.63,18.041
2026-07-08 06:42:26,2,4,0,0,15.635,18.048
2026-07-08 06:42:31,2,4,0,0,15.646,18.023
2026-07-08 06:42:45,4,4,0,0,15.627,18.117
2026-07-08 06:42:50,4,4,0,0,15.64,18.06
2026-07-08 06:42:54,3,3,0,0,15.654,18.062
2026-07-08 06:42:58,3,4,0,0,15.638,18.048
2026-07-08 06:43:03,2,3,0,0,15.627,18.027
2026-07-08 06:43:06,3,3,0,0,15.635,18.048
2026-07-08 06:43:09,3,3,0,0,15.619,17.97
2026-07-08 06:43:12,4,4,0,0,15.622,17.991
2026-07-08 06:43:24,4,4,0,0,15.627,18.123
2026-07-08 06:44:26,3,3,0,0,15.616,18.327
2026-07-08 06:44:40,4,4,0,0,15.624,18.35
2026-07-08 06:44:43,4,4,0,0,15.6,18.372
2026-07-08 06:44:50,5,5,0,0,15.608,18.355
2026-07-08 06:44:54,4,4,0,0,15.59,18.342
2026-07-08 06:45:04,5,6,0,0,15.616,18.392
2026-07-08 06:45:17,5,6,0,0,15.6,18.369
2026-07-08 06:45:34,7,7,0,0,15.595,18.392
2026-07-08 06:45:45,5,5,0,0,15.606,18.374
2026-07-08 06:45:50,5,5,0,0,15.59,18.342
2026-07-08 06:45:54,5,5,0,0,15.595,18.321
2026-07-08 06:45:59,5,5,0,0,15.587,18.348
2026-07-08 06:46:04,4,4,0,0,15.592,18.336
2026-07-08 06:46:21,6,6,0,0,15.606,18.527
2026-07-08 06:46:25,5,5,0,0,15.595,18.439
2026-07-08 06:46:47,7,8,0,0,15.598,18.552
2026-07-08 06:46:56,6,6,0,0,15.608,18.592
2026-07-08 06:47:13,5,6,0,0,15.606,18.384
2026-07-08 06:47:33,4,7,0,0,15.603,18.403
2026-07-08 06:47:40,3,5,0,0,15.606,18.283
2026-07-08 06:47:47,6,7,0,0,15.606,18.296
2026-07-08 06:47:56,4,4,0,0,15.568,18.325
2026-07-08 06:48:02,5,5,0,0,15.584,18.456
2026-07-08 06:48:06,6,6,0,0,15.587,18.662
2026-07-08 06:48:15,4,5,0,0,15.582,18.647
2026-07-08 06:48:20,4,5,0,0,15.568,18.596
2026-07-08 06:48:28,6,7,0,0,15.576,18.498
2026-07-08 06:48:59,4,4,0,0,15.566,18.495
2026-07-08 06:49:11,6,6,0,0,15.563,18.336
2026-07-08 06:49:26,5,5,0,0,15.563,18.329
2026-07-08 06:49:31,6,7,0,0,15.563,18.233
2026-07-08 06:49:37,5,8,0,0,15.563,18.325
2026-07-08 06:49:40,5,9,0,0,15.555,18.289
2026-07-08 06:49:44,4,7,0,0,15.576,18.3
2026-07-08 06:50:14,5,5,0,0,15.6,17.999
2026-07-08 06:50:20,4,4,0,0,15.568,17.842
2026-07-08 06:50:32,5,5,0,0,15.611,17.659
2026-07-08 06:50:50,5,6,0,0,15.616,17.608
2026-07-08 06:51:01,6,6,0,0,15.611,17.59
2026-07-08 06:51:27,4,7,0,0,15.643,17.56
2026-07-08 06:51:34,4,6,0,0,15.622,17.571
2026-07-08 06:51:47,2,5,0,0,15.646,17.322
2026-07-08 06:51:54,4,6,0,0,15.635,18.06
2026-07-08 06:51:57,4,7,0,0,15.622,18.136
2026-07-08 06:52:01,4,7,0,0,15.627,18.273
2026-07-08 06:52:04,5,7,0,0,15.611,18.271
2026-07-08 06:52:07,5,7,0,0,15.6,18.283
2026-07-08 06:52:27,4,5,0,0,15.587,18.159
2026-07-08 06:53:06,4,5,0,0,15.619,18.212
2026-07-08 06:53:10,3,5,0,0,15.616,18.296
2026-07-08 06:53:14,3,5,0,0,15.603,18.29
2026-07-08 06:53:32,4,4,0,0,15.622,18.279
2026-07-08 06:53:36,3,3,0,0,15.616,18.248
2026-07-08 06:53:50,5,5,0,0,15.627,18.161
2026-07-08 06:53:55,4,4,0,0,15.64,18.159
2026-07-08 06:54:05,6,6,0,0,15.59,18.044
2026-07-08 06:54:10,6,6,0,0,15.6,18.069
2026-07-08 06:54:14,5,5,0,0,15.616,18.077
2026-07-08 06:54:18,6,6,0,0,15.632,18.075
2026-07-08 06:54:31,4,4,0,0,15.6,18.022
2026-07-08 06:54:59,7,7,0,0,15.616,17.31
2026-07-08 06:55:20,4,6,0,0,15.619,17.686
2026-07-08 06:56:01,4,6,0,0,15.603,17.547
2026-07-08 06:56:46,3,3,0,0,15.63,16.255
2026-07-08 06:57:25,1,3,0,0,15.702,16.404
2026-07-08 06:58:06,1,1,0,0,15.697,15.551
2026-07-08 06:58:46,2,2,0,0,15.715,15.647
2026-07-08 07:01:25,2,2,0,0,15.737,15.761
2026-07-08 07:02:03,2,2,0,0,15.745,15.818
2026-07-08 07:02:44,1,2,0,0,15.729,15.576
2026-07-08 07:02:50,1,2,0,0,15.737,15.569
2026-07-08 07:03:06,1,1,0,0,15.742,15.826
2026-07-08 07:03:27,2,2,0,0,15.729,15.374
2026-07-08 07:03:36,1,1,0,0,15.747,15.313
2026-07-08 07:04:06,1,1,0,0,15.734,15.874
2026-07-08 07:04:19,0,0,0,0,15.742,15.653
2026-07-08 07:04:50,0,1,0,0,15.718,15.511
2026-07-08 07:05:03,1,1,0,0,15.731,15.256
2026-07-08 07:05:12,1,1,0,0,15.731,15.304
2026-07-08 07:08:06,0,0,0,0,15.793,15.832
2026-07-08 07:10:29,2,2,0,0,15.787,16.042
2026-07-08 07:11:09,0,0,0,0,15.777,16.29
2026-07-08 07:12:03,0,0,0,0,15.766,16.86
2026-07-08 07:12:26,0,2,0,0,15.737,16.81
2026-07-08 07:13:06,3,3,0,0,15.705,17.087
2026-07-08 07:13:09,3,3,0,0,15.715,17.056
2026-07-08 07:13:49,0,0,0,0,15.715,17.075
2026-07-08 07:14:21,2,2,0,0,15.67,17.083
2026-07-08 07:14:36,3,4,0,0,15.659,17.074
2026-07-08 07:16:53,2,3,0,0,15.64,16.921
2026-07-08 07:18:06,2,2,0,0,15.627,16.69
2026-07-08 07:19:19,1,1,0,0,15.649,16.799
2026-07-08 07:19:49,3,3,0,0,15.673,16.604
2026-07-08 07:22:21,1,1,0,0,15.643,16.829
2026-07-08 07:23:06,2,2,0,0,15.638,17.133
2026-07-08 07:24:11,1,1,0,0,15.654,17.442
2026-07-08 07:28:06,1,1,0,0,15.624,17.56
2026-07-08 07:31:19,0,0,0,0,15.59,17.713
2026-07-08 07:32:09,0,0,0,0,15.579,17.684
2026-07-08 07:32:17,0,1,0,0,15.59,17.634
2026-07-08 07:33:06,0,1,0,0,15.63,17.518
2026-07-08 07:38:06,1,1,0,0,15.694,16.152
2026-07-08 07:43:06,1,1,0,0,15.753,15.809
2026-07-08 07:48:06,1,1,0,0,15.769,16.827
2026-07-08 07:48:09,1,1,0,0,15.758,16.862
2026-07-08 07:48:39,1,1,0,0,15.747,17.211
2026-07-08 07:49:58,2,2,0,0,15.755,16.78
2026-07-08 07:50:55,1,1,0,0,15.747,16.627
2026-07-08 07:51:01,2,2,0,0,15.755,16.633
2026-07-08 07:52:50,0,1,0,0,15.715,17.133
2026-07-08 07:53:06,0,2,0,0,15.713,17.049
2026-07-08 07:54:29,1,1,0,0,15.681,17.114
2026-07-08 07:54:59,0,1,0,0,15.678,17.054
2026-07-08 07:56:10,1,1,0,0,15.665,17.322
2026-07-08 07:56:21,1,1,0,0,15.667,17.43
2026-07-08 07:56:56,1,2,0,0,15.646,17.495
2026-07-08 07:58:06,2,2,0,0,15.654,17.548
2026-07-08 07:59:27,1,1,0,0,15.649,17.802
2026-07-08 07:59:58,2,2,0,0,15.657,17.88
2026-07-08 08:00:18,2,3,0,0,15.673,17.863
2026-07-08 08:01:38,0,1,0,0,15.632,17.804
2026-07-08 08:02:07,1,1,0,0,15.627,17.8
2026-07-08 08:02:45,1,1,0,0,15.662,17.861
2026-07-08 08:02:51,2,2,0,0,15.643,17.852
2026-07-08 08:03:06,2,2,0,0,15.646,17.783
2026-07-08 08:03:23,3,3,0,0,15.659,17.796
2026-07-08 08:03:30,1,1,0,0,15.646,17.861
2026-07-08 08:04:52,0,0,0,0,15.64,17.915
2026-07-08 08:05:15,1,1,0,0,15.624,18.06
2026-07-08 08:07:08,0,1,0,0,15.635,17.695
2026-07-08 08:07:24,2,2,0,0,15.627,17.594
2026-07-08 08:07:44,5,5,0,0,15.627,17.573
2026-07-08 08:07:55,12,13,0,0,15.63,18.42
2026-07-08 08:08:06,17,19,0,0,15.6,18.313
2026-07-08 08:08:21,18,21,0,0,15.6,18.514
2026-07-08 08:08:29,17,19,0,0,15.595,18.46
2026-07-08 08:09:26,12,14,0,0,15.571,18.269
2026-07-08 08:09:47,11,13,0,0,15.579,18.302
2026-07-08 08:10:34,9,14,0,0,15.566,17.993
2026-07-08 08:10:40,8,12,0,0,15.566,18.01
2026-07-08 08:11:10,4,5,0,0,15.574,17.932
2026-07-08 08:11:21,3,3,0,0,15.579,17.907
2026-07-08 08:12:02,7,7,0,0,15.595,17.951
2026-07-08 08:13:07,4,5,0,0,15.627,18.165
2026-07-08 08:13:41,5,6,0,0,15.603,17.96
2026-07-08 08:15:08,5,5,0,0,15.627,18.044
2026-07-08 08:15:21,3,3,0,0,15.616,18.046
2026-07-08 08:16:04,4,4,0,0,15.627,18.058
2026-07-08 08:16:10,3,4,0,0,15.619,18.092
2026-07-08 08:16:36,2,2,0,0,15.638,18.319
2026-07-08 08:16:50,2,3,0,0,15.63,18.453
2026-07-08 08:18:06,3,5,0,0,15.616,18.51
2026-07-08 08:18:10,2,4,0,0,15.595,18.546
2026-07-08 08:19:35,4,5,0,0,15.638,18.594
2026-07-08 08:21:37,3,4,0,0,15.627,18.31
2026-07-08 08:21:47,3,4,0,0,15.651,18.405
2026-07-08 08:22:45,4,5,0,0,15.622,18.445
2026-07-08 08:22:59,2,2,0,0,15.622,18.496
2026-07-08 08:23:06,4,4,0,0,15.619,18.527
2026-07-08 08:23:30,4,4,0,0,15.6,18.687
2026-07-08 08:27:53,1,1,0,0,15.6,18.195
2026-07-08 08:28:07,2,2,0,0,15.595,18.187
2026-07-08 08:28:54,2,2,0,0,15.6,18.165
2026-07-08 08:33:06,1,1,0,0,15.579,17.737
2026-07-08 08:33:45,1,1,0,0,15.611,17.869
2026-07-08 08:35:19,1,1,0,0,15.659,18.058
2026-07-08 08:35:49,1,1,0,0,15.638,18.096
2026-07-08 08:37:53,0,0,0,0,15.638,18.712
2026-07-08 08:38:07,0,0,0,0,15.64,18.92
2026-07-08 08:39:16,1,1,0,0,15.643,18.992
2026-07-08 08:39:32,0,0,0,0,15.635,19.195
2026-07-08 08:39:47,0,0,0,0,15.627,19.206
2026-07-08 08:41:23,0,0,0,0,15.627,19.216
2026-07-08 08:41:45,0,1,0,0,15.643,18.889
2026-07-08 08:42:44,0,0,0,0,15.654,18.897
2026-07-08 08:43:06,0,0,0,0,15.643,18.95
2026-07-08 08:43:26,0,1,0,0,15.665,19.034
2026-07-08 08:43:55,0,0,0,0,15.675,19.233
2026-07-08 08:44:05,0,0,0,0,15.67,19.29
2026-07-08 08:44:36,0,0,0,0,15.675,19.242
2026-07-08 08:45:14,0,1,0,0,15.691,19.082
2026-07-08 08:48:07,0,0,0,0,15.734,19.628
2026-07-08 08:51:56,0,1,0,0,15.782,18.998
2026-07-08 08:53:07,0,1,0,0,15.865,18.559
2026-07-08 08:54:26,0,0,0,0,15.924,18.069
2026-07-08 08:55:15,0,0,0,0,15.905,18.09
2026-07-08 08:58:06,5,10,0,0,15.958,19.16
2026-07-08 08:58:37,7,12,0,0,15.953,19.589
2026-07-08 08:58:45,6,10,0,0,15.985,19.147
2026-07-08 09:00:12,10,14,0,0,15.98,19.978
2026-07-08 09:00:45,10,18,0,0,15.964,19.902
2026-07-08 09:03:06,8,14,0,0,15.982,19.994
2026-07-08 09:05:48,9,11,0,0,15.966,19.841
2026-07-08 09:06:32,9,14,0,0,15.98,20.558
2026-07-08 09:06:48,8,16,0,0,15.969,20.694
2026-07-08 09:07:00,8,16,0,0,15.99,21.226
2026-07-08 09:07:08,11,18,0,0,15.972,21.268
2026-07-08 09:07:17,13,20,0,0,15.982,21.197
2026-07-08 09:07:55,11,15,0,0,15.996,19.908
2026-07-08 09:08:02,12,15,0,0,15.998,20.057
2026-07-08 09:08:06,12,16,0,0,15.982,20.284
2026-07-08 09:08:44,12,18,0,0,15.998,20.757
2026-07-08 09:08:48,11,18,0,0,15.998,20.726
2026-07-08 09:09:04,8,15,0,0,15.972,20.881
2026-07-08 09:09:42,5,6,0,0,15.996,20.514
2026-07-08 09:09:58,5,7,0,0,16.004,20.764
2026-07-08 09:10:07,7,11,0,0,16.004,20.425
2026-07-08 09:10:28,2,4,0,0,16.02,20.41
2026-07-08 09:10:40,1,3,0,0,16.004,20.402
2026-07-08 09:11:00,1,2,0,0,16.017,20.026
2026-07-08 09:11:13,2,2,0,0,16.033,19.971
2026-07-08 09:11:28,1,1,0,0,16.033,19.788
2026-07-08 09:11:35,1,2,0,0,16.02,20.198
2026-07-08 09:11:39,0,2,0,0,16.028,20.163
2026-07-08 09:12:11,4,6,0,0,16.038,20.537
2026-07-08 09:12:32,2,4,0,0,16.038,20.061
2026-07-08 09:12:53,3,3,0,0,16.06,20.633
2026-07-08 09:13:06,3,3,0,0,16.022,20.532
2026-07-08 09:13:08,3,3,0,0,16.046,20.577
2026-07-08 09:13:14,2,4,0,0,16.038,20.616
2026-07-08 09:13:17,4,5,0,0,16.049,20.699
2026-07-08 09:13:38,3,4,0,0,16.044,20.682
2026-07-08 09:13:45,3,5,0,0,16.052,20.711
2026-07-08 09:13:51,2,4,0,0,16.076,20.366
2026-07-08 09:14:15,5,6,0,0,16.062,19.782
2026-07-08 09:14:38,1,2,0,0,16.076,20.806
2026-07-08 09:14:43,1,1,0,0,16.097,21.068
2026-07-08 09:15:09,2,3,0,0,16.073,21.211
2026-07-08 09:15:14,2,3,0,0,16.073,21.283
2026-07-08 09:15:22,4,5,0,0,16.065,21.478
2026-07-08 09:15:48,3,5,0,0,16.057,21.588
2026-07-08 09:15:58,3,5,0,0,16.073,21.552
2026-07-08 09:16:03,2,3,0,0,16.089,21.619
2026-07-08 09:16:27,3,4,0,0,16.121,20.701
2026-07-08 09:16:35,3,4,0,0,16.11,20.638
2026-07-08 09:16:39,4,4,0,0,16.102,20.841
2026-07-08 09:16:53,2,4,0,0,16.118,21.052
2026-07-08 09:16:59,2,3,0,0,16.135,20.675
2026-07-08 09:17:11,2,3,0,0,16.105,20.74
2026-07-08 09:17:39,4,5,0,0,16.137,20.78
2026-07-08 09:17:50,2,3,0,0,16.177,20.825
2026-07-08 09:18:02,2,2,0,0,16.191,20.877
2026-07-08 09:18:08,1,3,0,0,16.188,20.575
2026-07-08 09:18:12,2,4,0,0,16.183,20.558
2026-07-08 09:18:16,1,2,0,0,16.188,20.608
2026-07-08 09:18:21,2,3,0,0,16.183,20.713
2026-07-08 09:18:43,1,1,0,0,16.212,20.598
2026-07-08 09:18:50,2,3,0,0,16.225,20.432
2026-07-08 09:18:58,2,3,0,0,16.231,20.543
2026-07-08 09:19:05,1,2,0,0,16.236,20.595
2026-07-08 09:19:34,3,3,0,0,16.26,20.467
2026-07-08 09:19:48,1,4,0,0,16.263,20.125
2026-07-08 09:19:56,2,4,0,0,16.268,20.215
2026-07-08 09:20:14,6,8,0,0,16.26,20.36
2026-07-08 09:20:22,10,11,0,0,16.263,20.04
2026-07-08 09:20:30,16,18,0,0,16.263,20.08
2026-07-08 09:20:35,18,21,0,0,16.271,20.2
2026-07-08 09:20:42,22,24,0,0,16.289,20.379
2026-07-08 09:20:48,26,27,0,0,16.273,20.101
2026-07-08 09:20:53,29,29,0,0,16.308,20.129
2026-07-08 09:20:56,29,32,0,0,16.284,20.051
2026-07-08 09:21:22,32,37,0,0,16.348,19.277
2026-07-08 09:21:27,32,36,0,0,16.316,19.441
2026-07-08 09:21:31,31,32,0,0,16.311,19.601
2026-07-08 09:21:35,30,31,0,0,16.329,19.805
2026-07-08 09:21:53,25,27,0,0,16.316,19.671
2026-07-08 09:21:58,26,27,0,0,16.359,19.603
2026-07-08 09:22:17,23,26,0,0,16.335,19.132
2026-07-08 09:22:27,24,26,0,0,16.332,18.949
2026-07-08 09:22:34,24,26,0,0,16.378,18.981
2026-07-08 09:22:42,24,27,0,0,16.369,18.889
2026-07-08 09:22:48,25,28,0,0,16.364,18.832
2026-07-08 09:22:50,26,29,0,0,16.375,18.832
2026-07-08 09:23:04,27,29,0,0,16.378,18.817
2026-07-08 09:23:08,28,30,0,0,16.372,18.805
2026-07-08 09:23:10,27,30,0,0,16.375,18.937
2026-07-08 09:23:16,28,31,0,0,16.38,18.926
2026-07-08 09:23:22,26,29,0,0,16.375,18.929
2026-07-08 09:23:30,26,30,0,0,16.369,19.116
2026-07-08 09:24:18,22,26,0,0,16.348,18.971
2026-07-08 09:24:28,23,27,0,0,16.372,18.907
2026-07-08 09:24:36,24,28,0,0,16.364,18.912
2026-07-08 09:24:39,23,27,0,0,16.361,18.931
2026-07-08 09:24:51,28,33,0,0,16.386,19.069
2026-07-08 09:25:12,28,30,0,0,16.356,19.12
2026-07-08 09:25:46,36,42,0,0,16.356,19.233
2026-07-08 09:25:50,35,41,0,0,16.337,19.324
2026-07-08 09:25:53,33,39,0,0,16.34,19.341
2026-07-08 09:26:21,32,37,0,0,16.316,19.061
2026-07-08 09:26:36,34,38,0,0,16.319,19.057
2026-07-08 09:26:49,34,38,0,0,16.311,19.328
2026-07-08 09:26:58,36,41,0,0,16.319,19.288
2026-07-08 09:27:10,38,46,0,0,16.316,19.156
2026-07-08 09:27:14,39,47,0,0,16.297,19.118
2026-07-08 09:27:20,38,44,0,0,16.313,19.107
2026-07-08 09:27:30,36,42,0,0,16.311,19.122
2026-07-08 09:27:36,36,42,0,0,16.295,19.126
2026-07-08 09:27:44,39,45,0,0,16.308,19.244
2026-07-08 09:27:51,36,44,0,0,16.327,19.202
2026-07-08 09:28:02,36,42,0,0,16.316,19.488
2026-07-08 09:28:08,35,41,0,0,16.313,19.471
2026-07-08 09:28:15,35,41,0,0,16.305,19.507
2026-07-08 09:28:21,34,39,0,0,16.305,19.481
2026-07-08 09:28:25,32,37,0,0,16.289,19.458
2026-07-08 09:28:32,32,37,0,0,16.3,19.427
2026-07-08 09:28:45,33,36,0,0,16.292,19.401
2026-07-08 09:28:47,32,36,0,0,16.3,19.383
2026-07-08 09:29:06,29,35,0,0,16.3,19.446
2026-07-08 09:29:16,24,27,0,0,16.3,19.448
2026-07-08 09:29:28,18,22,0,0,16.305,19.507
2026-07-08 09:30:00,25,29,0,0,16.321,20.112
2026-07-08 09:30:04,25,28,0,0,16.311,20.118
2026-07-08 09:30:18,22,25,0,0,16.308,19.898
2026-07-08 09:30:24,23,25,0,0,16.337,20.28
2026-07-08 09:30:34,24,27,0,0,16.311,19.572
2026-07-08 09:30:43,24,26,0,0,16.316,19.69
2026-07-08 09:30:47,23,25,0,0,16.311,19.755
2026-07-08 09:31:25,20,23,0,0,16.316,20.598
2026-07-08 09:31:30,19,23,0,0,16.329,20.608
2026-07-08 09:31:42,22,26,0,0,16.34,20.57
2026-07-08 09:31:50,22,25,0,0,16.329,20.432
2026-07-08 09:32:10,23,25,0,0,16.311,21.386
2026-07-08 09:32:20,22,24,0,0,16.329,21.113
2026-07-08 09:33:08,19,19,0,0,16.329,21.697
2026-07-08 09:38:08,26,28,0,0,16.412,22.092
2026-07-08 09:43:08,8,14,0,0,16.5,22.819
2026-07-08 09:48:08,6,6,0,0,16.556,22.62
2026-07-08 09:53:08,19,19,0,0,16.735,21.491
2026-07-08 09:55:32,13,18,0,0,16.797,20.19
2026-07-08 09:55:46,14,19,0,0,16.797,20.312
2026-07-08 09:58:08,13,18,0,0,16.893,20.236
2026-07-08 09:58:23,15,18,0,0,16.896,20.74
2026-07-08 10:03:08,3,4,0,0,16.885,20.28
2026-07-08 10:03:20,5,5,0,0,16.882,20.602
2026-07-08 10:08:08,5,5,0,0,16.807,21.119
2026-07-08 10:13:08,7,7,0,0,16.762,20.072
2026-07-08 10:18:08,7,7,0,0,16.634,20.541
2026-07-08 10:23:08,5,6,0,0,16.476,20.865
2026-07-08 10:28:08,4,5,0,0,16.57,20.526
2026-07-08 10:33:08,15,19,0,0,16.588,19.725
2026-07-08 10:38:08,8,8,0,0,16.645,19.111
2026-07-08 10:43:08,5,5,0,0,16.719,18.166
2026-07-08 10:48:08,5,5,0,0,16.845,16.662
2026-07-08 10:53:08,4,4,0,0,16.912,18.304
2026-07-08 10:58:08,4,4,0,0,16.941,18.413
2026-07-08 11:03:08,9,11,0,0,17.029,18.599
2026-07-08 11:08:08,38,46,0,0,17.152,19.277
2026-07-08 11:13:08,33,42,0,0,17.261,19.282
2026-07-08 11:23:08,16,17,0,0,17.897,19.223
2026-07-08 11:28:08,27,31,0,0,18.434,18.409
2026-07-08 11:33:08,11,13,0,0,19.261,16.89
2026-07-08 11:38:08,9,13,0,0,20.311,17.674
2026-07-08 11:43:08,8,10,0,0,20.006,18.315
2026-07-08 11:48:08,11,16,0,0,21.067,18.571
2026-07-08 11:53:08,11,15,0,0,22.127,17.045
2026-07-08 11:58:08,6,8,0,0,23.323,15.5
2026-07-08 12:03:08,8,8,0,0,24.605,14.743
2026-07-08 12:08:08,7,11,0,0,24.039,15.277
2026-07-08 12:13:08,12,14,0,0,24.244,15.389
2026-07-08 12:18:08,18,22,0,0,24.14,15.147
2026-07-08 12:23:08,12,19,0,0,23.35,15.34
2026-07-08 12:28:08,11,14,0,0,22.858,16.127
2026-07-08 12:33:08,14,17,0,0,22.629,16.545
2026-07-08 12:38:08,15,18,0,0,22.466,16.454
2026-07-08 12:43:08,17,17,0,0,23.467,15.58
2026-07-08 12:48:08,12,14,0,0,24.097,15.384
2026-07-08 12:53:08,8,11,0,0,23.927,15.496
2026-07-08 12:58:08,6,6,0,0,23.238,15.071
2026-07-08 13:03:08,4,4,0,0,22.599,15.527
2026-07-08 13:08:08,6,6,0,0,22.228,15.956
2026-07-08 13:13:08,14,17,0,0,21.95,16.768
2026-07-08 13:18:08,12,13,0,0,21.603,17.362
2026-07-08 13:23:08,32,37,0,0,21.197,19.031
2026-07-08 13:28:09,40,49,0,0,20.97,20.175
2026-07-08 13:33:08,43,54,0,0,20.69,21.188
2026-07-08 13:38:09,45,55,0,0,20.626,21.19
2026-07-08 13:43:09,47,60,0,0,20.535,21.733
2026-07-08 13:48:08,56,69,0,0,20.423,22.267
2026-07-08 13:53:09,53,67,0,0,20.292,22.71
2026-07-08 13:58:09,50,64,0,0,20.215,22.679
2026-07-08 14:03:09,52,64,0,0,20.081,22.714
2026-07-08 14:08:09,53,67,0,0,20.012,23.07
2026-07-08 14:13:09,52,66,0,0,19.889,22.74
2026-07-08 14:18:09,50,62,0,0,19.86,22.143
2026-07-08 14:23:09,56,70,0,0,19.91,21.85
2026-07-08 14:28:09,46,59,0,0,19.788,20.724
2026-07-08 14:33:09,44,56,0,0,19.702,21.312
2026-07-08 14:38:09,50,65,0,0,19.659,20.114
2026-07-08 14:43:07,43,52,0,0,19.547,19.5
2026-07-08 14:43:09,43,52,0,0,19.545,19.521
2026-07-08 14:48:09,39,49,0,0,19.488,19.265
2026-07-08 14:53:09,35,44,0,0,19.344,18.138
2026-07-08 14:58:09,41,50,0,0,19.419,19.28
2026-07-08 15:03:09,41,50,0,0,19.216,19.521
2026-07-08 15:08:09,39,48,0,0,19.208,19.877
2026-07-08 15:12:38,43,52,0,0,19.141,20.648
2026-07-08 15:13:10,42,52,0,0,19.149,20.703
2026-07-08 15:18:09,45,57,0,0,19.08,21.943
2026-07-08 15:18:38,46,57,0,0,19.096,21.827
2026-07-08 15:23:09,48,61,0,0,19.104,21.928
2026-07-08 15:28:09,48,61,0,0,19,22.103
2026-07-08 15:33:09,47,60,0,0,19.008,22.237
2026-07-08 15:38:10,62,73,0,0,18.989,22.182
2026-07-08 15:43:09,64,73,0,0,18.861,21.85
2026-07-08 15:48:09,47,60,0,0,18.773,21.691
2026-07-08 15:48:38,48,62,0,0,18.751,21.752
2026-07-08 15:53:09,48,61,0,0,18.674,21.846
2026-07-08 15:58:10,50,62,0,0,18.629,22.038
2026-07-08 16:03:46,58,70,0,0,18.556,22.431
2026-07-08 16:06:09,50,63,0,0,18.506,22.107
2026-07-08 16:07:47,49,62,0,0,18.378,22
2026-07-08 16:08:09,48,60,0,0,18.34,22.145
2026-07-08 16:13:10,47,60,0,0,18.268,21.72
2026-07-08 16:14:08,46,60,0,0,18.279,21.707
2026-07-08 16:17:39,46,59,0,0,18.223,21.71
2026-07-08 16:18:10,46,57,0,0,18.223,21.863
2026-07-08 16:23:10,48,58,0,0,18.135,22.048
2026-07-08 16:28:10,46,59,0,0,18.038,21.819
2026-07-08 16:33:09,47,60,0,0,18.009,21.85
2026-07-08 16:33:10,47,59,0,0,17.998,21.832
2026-07-08 16:38:11,46,60,0,0,17.833,21.813
2026-07-08 16:43:11,46,57,0,0,17.713,22.105
2026-07-08 16:48:11,46,59,0,0,17.598,22.449
2026-07-08 16:53:11,47,60,0,0,17.454,22.313
2026-07-08 16:58:11,47,59,0,0,17.374,22.073
2026-07-08 17:03:12,45,55,0,0,17.352,21.64
2026-07-08 17:05:10,42,50,0,0,17.344,21.523
2026-07-08 17:08:11,41,52,0,0,17.309,21.153
2026-07-08 17:13:11,41,50,0,0,17.301,20.673
2026-07-08 17:18:11,41,51,0,0,17.285,20.648
2026-07-08 17:23:11,40,51,0,0,17.283,20.953
2026-07-08 17:24:10,41,49,0,0,17.283,21.142
2026-07-08 17:28:11,45,56,0,0,17.253,22.311
2026-07-08 17:28:13,45,56,0,0,17.224,22.386
2026-07-08 17:33:11,53,68,0,0,17.181,23.213
2026-07-08 17:38:11,45,56,0,0,17.195,23.213
2026-07-08 17:43:11,43,55,0,0,17.136,23.309
2026-07-08 17:48:11,44,55,0,0,17.16,22.872
2026-07-08 17:49:41,44,55,0,0,17.115,23.065
2026-07-08 17:53:11,37,45,0,0,17.205,20.349
2026-07-08 17:54:10,37,45,0,0,17.195,19.046
2026-07-08 17:58:11,39,47,0,0,17.256,21.108
2026-07-08 18:01:41,37,47,0,0,17.245,20.287
2026-07-08 18:03:11,39,45,0,0,17.211,20.354
2026-07-08 18:04:16,37,46,0,0,17.24,20.585
2026-07-08 18:08:11,38,45,0,0,17.213,21.108
2026-07-08 18:13:11,40,49,0,0,17.144,21.3
2026-07-08 18:18:11,38,46,0,0,17.136,21.403
2026-07-08 18:23:11,36,47,0,0,17.096,21.327
2026-07-08 18:23:41,36,46,0,0,17.08,21.363
2026-07-08 18:27:01,36,42,0,0,16.997,21.39
2026-07-08 18:28:11,36,45,0,0,16.989,21.628
2026-07-08 18:33:11,34,42,0,0,16.954,21.89
2026-07-08 18:38:11,36,44,0,0,16.909,21.998
2026-07-08 18:39:24,35,44,0,0,16.882,21.853
2026-07-08 18:40:41,35,44,0,0,16.906,22.193
2026-07-08 18:41:24,36,43,0,0,16.877,22.365
2026-07-08 18:43:11,38,46,0,0,16.874,22.235
2026-07-08 18:44:40,36,46,0,0,16.858,22.34
2026-07-08 18:45:09,35,41,0,0,16.831,22.302
2026-07-08 18:48:11,37,43,0,0,16.807,22.227
2026-07-08 18:48:13,36,44,0,0,16.797,22.218
2026-07-08 18:53:11,36,42,0,0,16.791,22.733
2026-07-08 18:58:11,35,42,0,0,16.639,23.52
2026-07-08 19:03:11,35,44,0,0,16.674,21.19
2026-07-08 19:08:11,34,42,0,0,16.714,21.836
2026-07-08 19:11:14,35,44,0,0,16.701,21.478
2026-07-08 19:13:11,35,43,0,0,16.717,21.852
2026-07-08 19:18:11,35,43,0,0,16.69,21.924
2026-07-08 19:23:11,37,48,0,0,16.615,22.244
2026-07-08 19:27:44,34,43,0,0,16.677,21.493
2026-07-08 19:28:11,33,38,0,0,16.671,21.626
2026-07-08 19:33:11,32,34,0,0,16.669,20.921
2026-07-08 19:38:11,30,34,0,0,16.663,21.049
2026-07-08 19:39:14,31,36,0,0,16.645,21.083
2026-07-08 19:43:11,38,45,0,0,16.599,21.073
2026-07-08 19:48:11,33,40,0,0,16.572,21.089
2026-07-08 19:48:13,33,40,0,0,16.58,21.102
2026-07-08 19:53:11,29,34,0,0,16.559,20.938
2026-07-08 19:56:46,32,34,0,0,16.511,20.638
2026-07-08 19:58:11,32,35,0,0,16.487,20.591
2026-07-08 19:59:16,32,36,0,0,16.527,20.692
2026-07-08 20:03:11,30,31,0,0,16.476,21.348
2026-07-08 20:05:46,32,35,0,0,16.476,22.098
2026-07-08 20:08:11,34,39,0,0,16.407,22.51
2026-07-08 20:13:11,31,35,0,0,16.361,22.334
2026-07-08 20:18:11,29,34,0,0,16.327,21.987
2026-07-08 20:18:46,31,37,0,0,16.327,22.061
2026-07-08 20:23:11,24,27,0,0,16.356,20.16
2026-07-08 20:28:11,26,28,0,0,16.361,20.854
2026-07-08 20:33:11,30,35,0,0,16.369,20.575
2026-07-08 20:38:11,29,34,0,0,16.303,20.991
2026-07-08 20:40:16,30,31,0,0,16.257,21.119
2026-07-08 20:43:11,29,33,0,0,16.22,21.3
2026-07-08 20:48:11,33,41,0,0,16.217,21.533
2026-07-08 20:49:18,33,38,0,0,16.212,21.411
2026-07-08 20:49:33,32,38,0,0,16.223,21.403
2026-07-08 20:51:34,33,40,0,0,16.249,21.195
2026-07-08 20:52:53,33,37,0,0,16.265,21.047
2026-07-08 20:53:11,35,40,0,0,16.265,20.684
2026-07-08 20:54:12,32,37,0,0,16.257,20.94
2026-07-08 20:58:11,31,35,0,0,16.161,20.892
2026-07-08 20:58:58,31,35,0,0,16.164,20.915
2026-07-08 21:02:22,29,35,0,0,16.207,19.801
2026-07-08 21:03:11,30,31,0,0,16.233,19.776
2026-07-08 21:03:52,28,31,0,0,16.244,20.249
2026-07-08 21:06:32,31,34,0,0,16.18,20.204
2026-07-08 21:08:11,28,31,0,0,16.14,19.845
2026-07-08 21:08:13,27,29,0,0,16.148,19.986
2026-07-08 21:09:30,27,31,0,0,16.129,19.984
2026-07-08 21:12:20,26,28,0,0,16.156,19.685
2026-07-08 21:13:13,27,31,0,0,16.172,19.652
2026-07-08 21:18:13,29,30,0,0,16.097,19.837
2026-07-08 21:23:13,29,29,0,0,16.097,20.551
2026-07-08 21:24:42,27,27,0,0,16.07,20.331
2026-07-08 21:25:39,26,30,0,0,16.097,19.933
2026-07-08 21:28:13,30,30,0,0,16.065,20.411
2026-07-08 21:32:00,27,30,0,0,16.022,20.654
2026-07-08 21:32:25,28,33,0,0,15.98,20.648
2026-07-08 21:33:13,32,36,0,0,15.998,20.585
2026-07-08 21:38:13,27,29,0,0,16.022,20.864
2026-07-08 21:39:38,30,33,0,0,16.004,21.008
2026-07-08 21:41:03,27,29,0,0,15.996,21.174
2026-07-08 21:41:24,29,32,0,0,16.017,21.399
2026-07-08 21:43:13,29,32,0,0,15.988,21.842
2026-07-08 21:46:54,28,33,0,0,16.017,21.403
2026-07-08 21:48:13,28,34,0,0,15.996,22.019
2026-07-08 21:53:13,30,31,0,0,15.998,22.283
2026-07-08 21:54:14,30,33,0,0,15.953,22.302
2026-07-08 21:57:42,25,28,0,0,15.98,21.459
2026-07-08 21:58:13,26,27,0,0,15.996,21.419
2026-07-08 21:59:04,29,30,0,0,15.98,21.403
2026-07-08 21:59:19,28,33,0,0,15.998,21.38
2026-07-08 22:01:21,25,28,0,0,15.977,20.829
2026-07-08 22:02:54,24,25,0,0,16.006,20.375
2026-07-08 22:03:13,26,27,0,0,16.014,20.593
2026-07-08 22:08:13,20,22,0,0,16.049,19.385
2026-07-08 22:13:13,22,23,0,0,16.07,20.2
2026-07-08 22:18:13,17,18,0,0,16.137,17.714
2026-07-08 22:19:26,17,20,0,0,16.169,17.766
2026-07-08 22:23:13,16,19,0,0,16.172,19.847
2026-07-08 22:26:21,24,26,0,0,16.02,20.843
2026-07-08 22:28:13,25,26,0,0,15.996,20.736
2026-07-08 22:33:13,26,28,0,0,15.795,22.47
2026-07-08 22:38:13,24,24,0,0,15.654,22.092
2026-07-08 22:39:26,25,28,0,0,15.643,21.981
2026-07-08 22:43:13,24,26,0,0,15.758,21.817
2026-07-08 22:48:13,20,23,0,0,15.755,20.001
2026-07-08 22:53:13,22,22,0,0,15.761,20.682
2026-07-08 22:58:13,16,17,0,0,15.822,18.861
2026-07-08 23:00:55,11,14,0,0,15.913,18.348
2026-07-08 23:03:13,13,15,0,0,15.905,18.643
2026-07-08 23:05:22,12,16,0,0,15.926,18.395
2026-07-08 23:08:13,10,12,0,0,15.937,18.336
2026-07-08 23:13:13,14,15,0,0,15.937,18.571
2026-07-08 23:18:16,12,16,0,0,16.012,18.077
2026-07-08 23:23:13,10,10,0,0,15.988,19.021
2026-07-08 23:23:15,10,10,0,0,15.98,18.926
2026-07-08 23:28:13,7,8,0,0,16.086,17.119
2026-07-08 23:33:13,9,11,0,0,16.11,17.913
2026-07-08 23:38:13,10,14,0,0,15.998,18.624
2026-07-08 23:41:22,11,12,0,0,16.017,18.908
2026-07-08 23:42:25,8,9,0,0,15.996,18.367
2026-07-08 23:43:13,10,13,0,0,16.033,18.296
2026-07-08 23:48:13,8,9,0,0,16.073,17.917
2026-07-08 23:50:21,6,7,0,0,16.089,17.993
2026-07-08 23:52:27,6,7,0,0,16.078,18.615
2026-07-08 23:53:13,6,6,0,0,16.06,18.222
2026-07-08 23:58:13,5,5,0,0,16.044,18.313
2026-07-08 23:59:06,7,8,0,0,16.052,18.544
2026-07-09 00:00:21,8,8,0,0,16.065,18.624
2026-07-09 00:03:13,4,5,0,0,16.159,17.579
2026-07-09 00:03:32,5,5,0,0,16.172,17.606
2026-07-09 00:08:13,4,5,0,0,16.183,18.222
2026-07-09 00:10:25,4,5,0,0,16.18,18.134
2026-07-09 00:12:31,4,5,0,0,16.199,18.094
2026-07-09 00:12:54,4,5,0,0,16.204,18.395
2026-07-09 00:13:13,3,4,0,0,16.199,18.491
2026-07-09 00:16:05,5,5,0,0,16.148,18.613
2026-07-09 00:16:22,6,6,0,0,16.135,19.038
2026-07-09 00:17:55,3,3,0,0,16.18,19.919
2026-07-09 00:18:13,3,4,0,0,16.175,20.047
2026-07-09 00:23:13,5,5,0,0,16.225,18.136
2026-07-09 00:25:25,7,8,0,0,16.193,18.552
2026-07-09 00:28:13,13,17,0,0,16.175,19.673
2026-07-09 00:33:13,15,20,0,0,16.102,20.013
2026-07-09 00:38:13,18,21,0,0,16.121,20.959
2026-07-09 00:41:48,24,26,0,0,16.025,20.858
2026-07-09 00:43:13,23,24,0,0,15.998,20.787
2026-07-09 00:48:13,23,25,0,0,16.06,20.053
2026-07-09 00:48:48,25,27,0,0,16.062,19.982
2026-07-09 00:53:13,25,28,0,0,15.929,20.646
2026-07-09 00:53:56,25,26,0,0,15.905,20.814
2026-07-09 00:56:56,28,33,0,0,15.892,21.26
2026-07-09 00:58:13,24,25,0,0,15.857,21.537
2026-07-09 01:00:21,27,28,0,0,15.777,22.027
2026-07-09 01:03:01,27,28,0,0,15.763,21.966
2026-07-09 01:03:13,28,29,0,0,15.774,22.185
2026-07-09 01:08:13,32,35,0,0,15.654,22.286
2026-07-09 01:10:31,32,35,0,0,15.697,22.382
2026-07-09 01:13:13,31,34,0,0,15.616,22.676
2026-07-09 01:14:16,30,33,0,0,15.523,22.464
2026-07-09 01:18:13,26,30,0,0,15.507,21.831
2026-07-09 01:18:32,26,30,0,0,15.494,21.785
2026-07-09 01:21:31,25,27,0,0,15.488,21.157
2026-07-09 01:23:13,26,27,0,0,15.472,21.117
2026-07-09 01:27:22,27,28,0,0,15.488,21.169
2026-07-09 01:28:14,27,33,0,0,15.475,21.05
2026-07-09 01:28:24,28,32,0,0,15.435,20.934
2026-07-09 01:32:53,27,28,0,0,15.376,21.222
2026-07-09 01:33:14,29,30,0,0,15.341,20.72
2026-07-09 01:33:34,28,30,0,0,15.36,20.762
2026-07-09 01:34:27,27,28,0,0,15.357,20.648
2026-07-09 01:35:58,27,33,0,0,15.392,19.822
2026-07-09 01:36:47,29,33,0,0,15.395,19.811
2026-07-09 01:38:13,27,29,0,0,15.488,19.868
2026-07-09 01:38:42,26,28,0,0,15.462,19.807
2026-07-09 01:39:57,27,28,0,0,15.518,19.853
2026-07-09 01:41:51,24,24,0,0,15.512,20.169
2026-07-09 01:43:14,24,28,0,0,15.544,20.394
2026-07-09 01:46:57,23,26,0,0,15.496,20.579
2026-07-09 01:47:36,26,26,0,0,15.483,20.701
2026-07-09 01:48:14,24,24,0,0,15.478,20.753
2026-07-09 01:52:27,23,23,0,0,15.494,20.579
2026-07-09 01:53:13,25,26,0,0,15.515,20.312
2026-07-09 01:55:00,19,23,0,0,15.568,19.898
2026-07-09 01:56:32,19,20,0,0,15.552,19.576
2026-07-09 01:58:14,24,25,0,0,15.494,20.03
2026-07-09 01:59:49,25,27,0,0,15.472,20.207
2026-07-09 02:00:10,24,27,0,0,15.496,20.148
2026-07-09 02:02:11,22,24,0,0,15.539,20.097
2026-07-09 02:02:54,23,28,0,0,15.555,20.61
2026-07-09 02:03:14,24,26,0,0,15.563,20.726
2026-07-09 02:03:42,26,29,0,0,15.528,20.707
2026-07-09 02:05:27,25,26,0,0,15.574,21.083
2026-07-09 02:05:54,24,26,0,0,15.574,21.083
2026-07-09 02:08:14,20,23,0,0,15.512,20.919
2026-07-09 02:08:20,19,23,0,0,15.523,20.919
2026-07-09 02:12:25,24,25,0,0,15.491,20.631
2026-07-09 02:13:13,23,24,0,0,15.491,20.692
2026-07-09 02:18:14,20,24,0,0,15.542,20.654
2026-07-09 02:23:14,18,21,0,0,15.579,20.755
2026-07-09 02:24:44,22,24,0,0,15.531,20.57
2026-07-09 02:28:14,18,20,0,0,15.536,20.268
2026-07-09 02:28:28,18,22,0,0,15.528,20.312
2026-07-09 02:28:30,18,22,0,0,15.539,20.286
2026-07-09 02:33:13,19,19,0,0,15.595,20.011
2026-07-09 02:33:42,19,21,0,0,15.603,19.851
2026-07-09 02:38:14,15,18,0,0,15.59,19.778
2026-07-09 02:43:14,7,10,0,0,15.592,19.851
2026-07-09 02:45:28,10,14,0,0,15.59,19.631
2026-07-09 02:48:14,8,9,0,0,15.665,19.559
2026-07-09 02:53:13,9,11,0,0,15.689,19.641
2026-07-09 02:54:43,13,15,0,0,15.705,19.765
2026-07-09 02:56:59,9,11,0,0,15.686,19.534
2026-07-09 02:58:08,8,9,0,0,15.667,19.273
2026-07-09 02:58:13,8,10,0,0,15.689,19.265
2026-07-09 02:58:38,7,7,0,0,15.686,19.517
2026-07-09 03:03:14,12,15,0,0,15.729,18.786
2026-07-09 03:03:24,10,12,0,0,15.726,18.786
2026-07-09 03:05:08,11,14,0,0,15.745,19.122
2026-07-09 03:05:20,8,10,0,0,15.755,19.423
2026-07-09 03:08:04,13,19,0,0,15.697,19.399
2026-07-09 03:08:14,15,22,0,0,15.707,19.362
2026-07-09 03:08:40,16,20,0,0,15.702,19.37
2026-07-09 03:09:33,13,19,0,0,15.731,19.275
2026-07-09 03:12:28,17,19,0,0,15.667,20.196
2026-07-09 03:12:45,17,20,0,0,15.643,20.213
2026-07-09 03:13:14,16,21,0,0,15.619,20.266
2026-07-09 03:16:41,19,21,0,0,15.6,20.97
2026-07-09 03:16:51,20,23,0,0,15.584,21.152
2026-07-09 03:18:14,19,21,0,0,15.536,20.923
2026-07-09 03:23:14,21,21,0,0,15.491,21.407
2026-07-09 03:26:18,22,24,0,0,15.51,21.508
2026-07-09 03:27:03,19,21,0,0,15.515,21.47
2026-07-09 03:27:24,20,23,0,0,15.499,21.39
2026-07-09 03:28:14,20,23,0,0,15.504,21.441
2026-07-09 03:33:14,22,22,0,0,15.496,20.375
2026-07-09 03:38:08,18,22,0,0,15.47,19.645
2026-07-09 03:38:14,17,22,0,0,15.502,19.717
2026-07-09 03:43:14,18,20,0,0,15.51,19.818
2026-07-09 03:48:14,14,15,0,0,15.555,19.168
2026-07-09 03:48:15,15,16,0,0,15.547,19.13
2026-07-09 03:53:14,13,16,0,0,15.574,19.143
2026-07-09 03:57:31,14,19,0,0,15.574,19.103
2026-07-09 03:58:14,13,14,0,0,15.571,18.317
2026-07-09 04:01:14,7,7,0,0,15.643,18.922
2026-07-09 04:01:51,9,13,0,0,15.627,18.641
2026-07-09 04:03:14,8,14,0,0,15.643,18.706
2026-07-09 04:04:53,8,8,0,0,15.632,18.289
2026-07-09 04:07:07,6,6,0,0,15.694,18.186
2026-07-09 04:07:42,6,7,0,0,15.702,18.037
2026-07-09 04:08:14,7,7,0,0,15.675,17.901
2026-07-09 04:09:27,6,7,0,0,15.707,17.608
2026-07-09 04:10:22,4,5,0,0,15.721,17.48
2026-07-09 04:13:14,5,8,0,0,15.779,17.135
2026-07-09 04:13:30,6,6,0,0,15.803,17.089
2026-07-09 04:16:41,4,4,0,0,15.98,15.481
2026-07-09 04:18:14,3,3,0,0,16.076,15.437
2026-07-09 04:21:04,2,3,0,0,16.183,15.731
2026-07-09 04:21:21,4,5,0,0,16.201,15.832
2026-07-09 04:23:14,3,5,0,0,16.241,15.994
2026-07-09 04:27:06,1,1,0,0,16.353,16.158
2026-07-09 04:28:14,2,2,0,0,16.386,16.225
2026-07-09 04:29:30,0,1,0,0,16.415,16.23
2026-07-09 04:33:02,1,2,0,0,16.476,16.601
2026-07-09 04:33:14,0,1,0,0,16.479,16.477
2026-07-09 04:38:14,4,4,0,0,16.383,17.646
2026-07-09 04:43:14,6,6,0,0,16.252,17.678
2026-07-09 04:48:14,7,9,0,0,16.18,17.301
2026-07-09 04:53:14,7,7,0,0,16.161,17.432
2026-07-09 04:54:00,5,7,0,0,16.156,17.449
2026-07-09 04:58:14,6,6,0,0,16.113,17.735
2026-07-09 05:03:14,3,3,0,0,16.172,17.688
2026-07-09 05:08:14,5,5,0,0,16.199,17.171
2026-07-09 05:11:43,5,5,0,0,16.209,17.831
2026-07-09 05:12:06,5,5,0,0,16.209,17.838
2026-07-09 05:13:14,3,3,0,0,16.199,16.826
2026-07-09 05:15:25,5,5,0,0,16.199,17.73
2026-07-09 05:18:14,6,6,0,0,16.177,18.466
2026-07-09 05:18:54,5,6,0,0,16.172,18.599
2026-07-09 05:19:39,3,4,0,0,16.135,18.441
2026-07-09 05:23:14,4,4,0,0,16.137,18.502
2026-07-09 05:28:14,4,4,0,0,16.102,17.226
2026-07-09 05:33:14,3,5,0,0,16.185,18.056
2026-07-09 05:33:39,4,4,0,0,16.193,17.629
2026-07-09 05:33:42,4,4,0,0,16.172,17.651
2026-07-09 05:33:58,2,2,0,0,16.175,17.686
2026-07-09 05:34:06,2,2,0,0,16.188,18.069
2026-07-09 05:34:16,3,3,0,0,16.188,18.243
2026-07-09 05:34:28,2,3,0,0,16.199,18.174
2026-07-09 05:34:38,3,3,0,0,16.175,18.229
2026-07-09 05:34:43,2,2,0,0,16.159,18.21
2026-07-09 05:34:50,3,3,0,0,16.156,18.193
2026-07-09 05:35:00,3,4,0,0,16.172,18.212
2026-07-09 05:35:05,2,4,0,0,16.167,18.247
2026-07-09 05:35:09,3,5,0,0,16.172,18.207
2026-07-09 05:35:12,3,5,0,0,16.172,18.222
2026-07-09 05:35:34,3,4,0,0,16.175,18.382
2026-07-09 05:38:14,2,4,0,0,16.159,18.289
2026-07-09 05:41:44,4,5,0,0,16.175,17.751
2026-07-09 05:41:49,4,4,0,0,16.172,17.842
2026-07-09 05:42:06,4,4,0,0,16.185,17.789
2026-07-09 05:42:30,5,6,0,0,16.167,17.735
2026-07-09 05:42:34,5,6,0,0,16.172,17.913
2026-07-09 05:42:50,6,6,0,0,16.153,17.775
2026-07-09 05:42:54,6,6,0,0,16.14,17.789
2026-07-09 05:43:04,6,6,0,0,16.14,17.766
2026-07-09 05:43:09,8,8,0,0,16.145,17.77
2026-07-09 05:43:14,8,8,0,0,16.167,17.747
2026-07-09 05:43:20,6,6,0,0,16.156,17.819
2026-07-09 05:43:25,7,7,0,0,16.159,17.783
2026-07-09 05:43:40,4,4,0,0,16.161,17.772
2026-07-09 05:43:47,7,7,0,0,16.14,18.025
2026-07-09 05:43:54,7,7,0,0,16.145,17.859
2026-07-09 05:44:14,8,11,0,0,16.143,17.829
2026-07-09 05:44:34,6,8,0,0,16.145,17.932
2026-07-09 05:44:38,5,7,0,0,16.156,17.854
2026-07-09 05:44:48,6,7,0,0,16.153,17.945
2026-07-09 05:44:52,5,5,0,0,16.159,17.932
2026-07-09 05:45:08,7,7,0,0,16.161,18.134
2026-07-09 05:45:15,7,8,0,0,16.145,18.109
2026-07-09 05:45:19,8,9,0,0,16.135,18.125
2026-07-09 05:45:22,8,9,0,0,16.135,18.203
2026-07-09 05:45:31,6,7,0,0,16.137,18.155
2026-07-09 05:45:42,6,6,0,0,16.159,18.075
2026-07-09 05:45:45,7,8,0,0,16.135,18.149
2026-07-09 05:46:01,9,9,0,0,16.148,18.107
2026-07-09 05:46:12,9,9,0,0,16.14,18.121
2026-07-09 05:47:00,8,9,0,0,16.137,18.725
2026-07-09 05:47:08,8,8,0,0,16.121,18.472
2026-07-09 05:47:15,8,8,0,0,16.124,18.336
2026-07-09 05:47:27,7,8,0,0,16.102,18.607
2026-07-09 05:47:35,5,5,0,0,16.116,18.838
2026-07-09 05:47:41,7,8,0,0,16.1,18.685
2026-07-09 05:47:49,6,6,0,0,16.11,18.454
2026-07-09 05:48:14,5,5,0,0,16.124,18.628
2026-07-09 05:53:14,8,8,0,0,16.094,19.185
2026-07-09 05:54:10,6,6,0,0,16.07,19.164
2026-07-09 05:54:36,8,11,0,0,16.073,19.16
2026-07-09 05:54:49,11,13,0,0,16.065,19.076
2026-07-09 05:54:59,11,13,0,0,16.062,19.147
2026-07-09 05:55:03,12,14,0,0,16.07,19.13
2026-07-09 05:55:17,12,13,0,0,16.06,19.177
2026-07-09 05:55:45,7,7,0,0,16.06,19.172
2026-07-09 05:58:14,7,8,0,0,16.044,18.88
2026-07-09 05:58:40,4,6,0,0,16.052,19.076
2026-07-09 06:00:00,7,7,0,0,16.052,18.771
2026-07-09 06:01:59,7,9,0,0,16.001,18.681
2026-07-09 06:03:05,8,11,0,0,16.014,18.765
2026-07-09 06:03:14,7,12,0,0,15.998,18.813
2026-07-09 06:03:46,7,14,0,0,16.025,18.657
2026-07-09 06:04:03,8,12,0,0,16.02,18.689
2026-07-09 06:04:09,8,9,0,0,16.006,18.681
2026-07-09 06:04:34,6,6,0,0,16.009,18.641
2026-07-09 06:04:51,8,10,0,0,16.012,18.647
2026-07-09 06:04:59,10,10,0,0,16.03,18.676
2026-07-09 06:05:05,9,9,0,0,16.017,18.735
2026-07-09 06:06:24,8,12,0,0,15.985,18.542
2026-07-09 06:08:14,6,10,0,0,15.945,18.994
2026-07-09 06:08:20,7,10,0,0,15.969,18.977
2026-07-09 06:13:03,10,10,0,0,16.006,18.538
2026-07-09 06:13:14,10,10,0,0,16.017,18.569
2026-07-09 06:13:43,8,8,0,0,16.022,18.849
2026-07-09 06:14:21,11,13,0,0,15.996,18.884
2026-07-09 06:15:46,7,7,0,0,15.969,18.092
2026-07-09 06:16:29,8,11,0,0,15.966,18.197
2026-07-09 06:17:48,10,12,0,0,15.958,17.949
2026-07-09 06:18:14,7,8,0,0,15.98,17.949
2026-07-09 06:18:28,6,6,0,0,15.974,17.989
2026-07-09 06:19:54,7,7,0,0,15.98,18.132
2026-07-09 06:20:28,5,6,0,0,15.969,18.533
2026-07-09 06:23:05,7,7,0,0,15.988,18.979
2026-07-09 06:23:14,6,8,0,0,15.985,19.034
2026-07-09 06:25:48,7,7,0,0,15.942,19.175
2026-07-09 06:28:14,9,9,0,0,15.905,19.21
2026-07-09 06:31:09,7,10,0,0,15.873,18.958
2026-07-09 06:33:09,8,9,0,0,15.905,18.388
2026-07-09 06:33:14,8,10,0,0,15.9,18.388
2026-07-09 06:33:49,7,7,0,0,15.929,18.846
2026-07-09 06:36:36,8,12,0,0,15.926,18.113
2026-07-09 06:36:41,8,11,0,0,15.905,18.056
2026-07-09 06:37:07,7,9,0,0,15.918,18.228
2026-07-09 06:37:10,7,9,0,0,15.905,18.161
2026-07-09 06:37:26,11,11,0,0,15.908,18.119
2026-07-09 06:37:36,13,14,0,0,15.905,18.413
2026-07-09 06:37:40,11,12,0,0,15.908,18.34
2026-07-09 06:37:53,8,12,0,0,15.902,18.113
2026-07-09 06:38:14,8,11,0,0,15.916,18.014
2026-07-09 06:38:20,8,9,0,0,15.91,18.056
2026-07-09 06:38:23,7,8,0,0,15.929,18.14
2026-07-09 06:38:38,7,10,0,0,15.905,18.065
2026-07-09 06:38:52,8,10,0,0,15.908,17.947
2026-07-09 06:38:59,8,10,0,0,15.905,17.734
2026-07-09 06:39:05,9,11,0,0,15.913,17.777
2026-07-09 06:39:08,9,11,0,0,15.902,17.775
2026-07-09 06:39:20,10,10,0,0,15.902,18.002
2026-07-09 06:39:46,10,11,0,0,15.905,17.869
2026-07-09 06:40:10,9,12,0,0,15.916,17.991
2026-07-09 06:40:14,9,12,0,0,15.91,17.96
2026-07-09 06:40:42,11,11,0,0,15.902,17.941
2026-07-09 06:40:45,9,11,0,0,15.883,17.934
2026-07-09 06:40:51,9,12,0,0,15.894,17.955
2026-07-09 06:40:56,8,12,0,0,15.91,17.964
2026-07-09 06:41:20,8,11,0,0,15.913,17.899
2026-07-09 06:42:26,12,14,0,0,15.926,17.93
2026-07-09 06:42:30,13,15,0,0,15.942,17.878
2026-07-09 06:42:38,13,15,0,0,15.945,18.393
2026-07-09 06:43:14,11,13,0,0,15.945,17.974
2026-07-09 06:43:30,12,12,0,0,15.953,18.174
2026-07-09 06:43:38,10,11,0,0,15.948,18.418
2026-07-09 06:43:55,8,11,0,0,15.948,18.58
2026-07-09 06:44:35,12,15,0,0,15.932,18.672
2026-07-09 06:44:42,11,15,0,0,15.926,18.645
2026-07-09 06:44:47,10,13,0,0,15.913,18.702
2026-07-09 06:44:51,10,12,0,0,15.9,18.657
2026-07-09 06:44:54,10,12,0,0,15.929,18.662
2026-07-09 06:45:18,9,12,0,0,15.873,18.718
2026-07-09 06:45:38,9,11,0,0,15.865,18.739
2026-07-09 06:46:04,10,11,0,0,15.902,18.657
2026-07-09 06:46:08,11,12,0,0,15.902,18.653
2026-07-09 06:46:13,8,10,0,0,15.892,18.649
2026-07-09 06:46:57,10,10,0,0,15.913,18.683
2026-07-09 06:47:06,9,11,0,0,15.889,18.674
2026-07-09 06:47:10,10,12,0,0,15.873,18.613
2026-07-09 06:47:17,11,14,0,0,15.873,18.556
2026-07-09 06:47:21,8,12,0,0,15.873,18.725
2026-07-09 06:47:24,8,11,0,0,15.889,18.784
2026-07-09 06:47:33,7,8,0,0,15.881,18.966
2026-07-09 06:47:38,9,11,0,0,15.859,18.914
2026-07-09 06:47:41,8,11,0,0,15.859,18.973
2026-07-09 06:48:00,11,12,0,0,15.883,18.752
2026-07-09 06:48:14,9,11,0,0,15.902,18.636
2026-07-09 06:48:16,9,12,0,0,15.875,18.63
2026-07-09 06:48:29,11,13,0,0,15.894,18.714
2026-07-09 06:48:33,10,12,0,0,15.867,18.695
2026-07-09 06:49:37,10,12,0,0,15.881,18.769
2026-07-09 06:49:41,10,13,0,0,15.87,18.708
2026-07-09 06:51:18,11,12,0,0,15.878,18.144
2026-07-09 06:51:27,9,12,0,0,15.889,18.029
2026-07-09 06:51:57,9,13,0,0,15.905,18.311
2026-07-09 06:53:16,11,13,0,0,15.937,17.93
2026-07-09 06:53:23,11,14,0,0,15.945,17.812
2026-07-09 06:54:04,11,14,0,0,15.945,17.4
2026-07-09 06:54:48,12,13,0,0,15.953,17.739
2026-07-09 06:55:24,9,11,0,0,15.932,17.548
2026-07-09 06:58:16,12,16,0,0,15.932,17.713
2026-07-09 07:03:16,13,14,0,0,15.854,18.702
2026-07-09 07:03:45,10,13,0,0,15.827,18.746
2026-07-09 07:05:18,13,16,0,0,15.859,18.964
2026-07-09 07:06:20,12,15,0,0,15.841,19.242
2026-07-09 07:08:16,13,16,0,0,15.833,19.307
2026-07-09 07:09:36,10,15,0,0,15.841,19.431
2026-07-09 07:11:54,16,18,0,0,15.838,19.757
2026-07-09 07:13:16,15,18,0,0,15.737,19.898
2026-07-09 07:18:16,13,17,0,0,15.702,20.171
2026-07-09 07:23:16,12,15,0,0,15.643,19.584
2026-07-09 07:25:43,11,16,0,0,15.665,19.273
2026-07-09 07:26:20,12,16,0,0,15.665,19.326
2026-07-09 07:28:16,13,15,0,0,15.576,19.454
2026-07-09 07:33:16,13,18,0,0,15.542,19.53
2026-07-09 07:33:18,13,18,0,0,15.536,19.534
2026-07-09 07:38:18,8,9,0,0,15.491,18.983
2026-07-09 07:43:18,5,6,0,0,15.574,19.647
2026-07-09 07:48:18,11,11,0,0,15.478,21.003
2026-07-09 07:53:18,8,9,0,0,15.488,20.637
2026-07-09 07:55:12,3,5,0,0,15.483,20.568
2026-07-09 07:58:18,6,7,0,0,15.475,21.161
2026-07-09 07:59:10,7,7,0,0,15.488,21.068
2026-07-09 08:01:46,5,7,0,0,15.491,21.226
2026-07-09 08:03:18,5,5,0,0,15.51,21.487
2026-07-09 08:05:54,7,10,0,0,15.555,21.319
2026-07-09 08:06:39,7,7,0,0,15.55,21.426
2026-07-09 08:07:17,7,9,0,0,15.56,21.554
2026-07-09 08:07:54,15,17,0,0,15.566,21.565
2026-07-09 08:08:18,10,12,0,0,15.542,21.623
2026-07-09 08:13:16,12,15,0,0,15.592,21.438
2026-07-09 08:13:18,11,15,0,0,15.592,21.462
2026-07-09 08:18:12,8,11,0,0,15.592,22.223
2026-07-09 08:18:18,8,8,0,0,15.595,22.212
2026-07-09 08:23:19,3,3,0,0,15.587,21.556
2026-07-09 08:24:48,3,3,0,0,15.56,21.098
2026-07-09 08:25:05,4,4,0,0,15.579,21.201
2026-07-09 08:26:16,3,3,0,0,15.56,21.171
2026-07-09 08:28:18,5,5,0,0,15.619,21.085
2026-07-09 08:29:51,19,22,0,0,15.606,21.806
2026-07-09 08:33:19,23,23,0,0,15.654,21.615
2026-07-09 08:35:11,5,5,0,0,15.665,20.667
2026-07-09 08:38:19,1,1,0,0,15.699,19.427
2026-07-09 08:38:21,1,1,0,0,15.678,19.463
2026-07-09 08:43:19,0,1,0,0,15.798,17.772
2026-07-09 08:48:19,4,6,0,0,15.889,18.767
2026-07-09 08:53:19,6,8,0,0,15.918,19.845
2026-07-09 08:58:19,3,3,0,0,15.889,19.921
2026-07-09 09:01:31,1,2,0,0,16.022,18.071
2026-07-09 09:02:16,1,3,0,0,16.038,17.795
2026-07-09 09:02:38,0,0,0,0,16.073,18.136
2026-07-09 09:02:44,0,0,0,0,16.062,18.334
2026-07-09 09:02:50,0,0,0,0,16.081,18.304
2026-07-09 09:02:56,1,1,0,0,16.07,18.304
2026-07-09 09:03:02,1,1,0,0,16.089,18.363
2026-07-09 09:03:14,1,1,0,0,16.06,18.487
2026-07-09 09:03:19,1,1,0,0,16.073,18.388
2026-07-09 09:03:23,1,1,0,0,16.073,18.332
2026-07-09 09:03:31,1,1,0,0,16.07,18.321
2026-07-09 09:03:41,1,3,0,0,16.06,17.903
2026-07-09 09:03:57,0,0,0,0,16.076,17.93
2026-07-09 09:04:19,0,0,0,0,16.084,17.894
2026-07-09 09:04:23,2,2,0,0,16.086,17.936
2026-07-09 09:04:35,0,1,0,0,16.086,17.896
2026-07-09 09:05:31,1,2,0,0,16.121,19.187
2026-07-09 09:06:21,6,7,0,0,16.118,19.561
2026-07-09 09:06:27,5,6,0,0,16.108,19.5
2026-07-09 09:06:31,6,7,0,0,16.118,19.475
2026-07-09 09:06:39,6,7,0,0,16.14,19.187
2026-07-09 09:06:43,6,7,0,0,16.129,18.987
2026-07-09 09:07:21,1,3,0,0,16.156,18.382
2026-07-09 09:08:19,3,5,0,0,16.156,19.341
2026-07-09 09:08:31,3,6,0,0,16.135,19.292
2026-07-09 09:09:13,4,7,0,0,16.14,20.547
2026-07-09 09:09:20,5,7,0,0,16.124,20.867
2026-07-09 09:10:08,7,9,0,0,16.092,20.583
2026-07-09 09:10:48,7,9,0,0,16.097,20.894
2026-07-09 09:10:51,7,7,0,0,16.097,20.902
2026-07-09 09:11:31,6,7,0,0,16.065,20.366
2026-07-09 09:11:36,7,8,0,0,16.078,20.371
2026-07-09 09:12:09,8,12,0,0,16.092,20.331
2026-07-09 09:12:16,9,11,0,0,16.1,20.331
2026-07-09 09:12:26,8,12,0,0,16.1,20.255
2026-07-09 09:12:29,7,11,0,0,16.086,20.257
2026-07-09 09:12:36,6,7,0,0,16.097,20.261
2026-07-09 09:12:48,5,6,0,0,16.118,20.135
2026-07-09 09:12:59,4,5,0,0,16.1,20.196
2026-07-09 09:13:02,4,4,0,0,16.084,20.11
2026-07-09 09:13:19,6,7,0,0,16.129,19.893
2026-07-09 09:13:51,5,6,0,0,16.151,20.23
2026-07-09 09:13:53,5,5,0,0,16.148,20.333
2026-07-09 09:14:14,6,8,0,0,16.151,20.408
2026-07-09 09:14:22,4,5,0,0,16.159,20.101
2026-07-09 09:14:54,4,5,0,0,16.151,20.179
2026-07-09 09:15:18,5,7,0,0,16.159,20.925
2026-07-09 09:15:22,6,7,0,0,16.159,20.864
2026-07-09 09:15:46,5,8,0,0,16.159,20.854
2026-07-09 09:15:51,5,7,0,0,16.129,20.913
2026-07-09 09:16:35,7,8,0,0,16.159,21.308
2026-07-09 09:16:45,6,7,0,0,16.167,21.388
2026-07-09 09:16:57,7,7,0,0,16.143,21.779
2026-07-09 09:17:57,7,8,0,0,16.137,21.064
2026-07-09 09:18:15,8,10,0,0,16.156,21.348
2026-07-09 09:18:19,9,12,0,0,16.156,21.298
2026-07-09 09:18:23,7,10,0,0,16.145,21.171
2026-07-09 09:18:51,8,8,0,0,16.14,21.401
2026-07-09 09:18:55,11,11,0,0,16.145,21.613
2026-07-09 09:19:29,8,11,0,0,16.175,21.459
2026-07-09 09:19:45,6,7,0,0,16.159,21.598
2026-07-09 09:19:50,9,11,0,0,16.172,21.592
2026-07-09 09:19:53,11,13,0,0,16.156,21.571
2026-07-09 09:20:04,11,13,0,0,16.145,21.644
2026-07-09 09:20:32,8,16,0,0,16.145,21.758
2026-07-09 09:20:40,8,13,0,0,16.145,21.955
2026-07-09 09:20:43,7,12,0,0,16.137,22.056
2026-07-09 09:20:46,9,13,0,0,16.132,22.191
2026-07-09 09:20:53,12,16,0,0,16.132,22.271
2026-07-09 09:20:56,13,18,0,0,16.151,22.666
2026-07-09 09:21:11,15,20,0,0,16.156,22.738
2026-07-09 09:21:31,16,20,0,0,16.159,22.477
2026-07-09 09:21:34,15,20,0,0,16.159,21.903
2026-07-09 09:21:40,13,19,0,0,16.153,21.31
2026-07-09 09:23:00,15,19,0,0,16.159,22.105
2026-07-09 09:23:04,16,22,0,0,16.175,22.277
2026-07-09 09:23:19,12,20,0,0,16.135,22.82
2026-07-09 09:24:10,11,16,0,0,16.164,22.506
2026-07-09 09:24:17,13,17,0,0,16.159,22.721
2026-07-09 09:24:26,15,18,0,0,16.156,22.716
2026-07-09 09:24:30,14,17,0,0,16.156,22.651
2026-07-09 09:25:32,7,8,0,0,16.159,22.46
2026-07-09 09:25:39,7,10,0,0,16.175,22.248
2026-07-09 09:25:46,8,10,0,0,16.132,22.292
2026-07-09 09:25:51,8,10,0,0,16.143,22.332
2026-07-09 09:26:48,6,8,0,0,16.156,22.342
2026-07-09 09:28:19,5,5,0,0,16.177,21.125
2026-07-09 09:28:55,2,3,0,0,16.191,21.287
2026-07-09 09:33:19,4,4,0,0,16.167,21.649
2026-07-09 09:38:19,7,11,0,0,16.164,21.571
2026-07-09 09:39:26,3,4,0,0,16.145,21.424
2026-07-09 09:40:37,3,3,0,0,16.156,21.43
2026-07-09 09:40:50,3,4,0,0,16.148,21.371
2026-07-09 09:43:19,5,5,0,0,16.148,21.493
2026-07-09 09:48:19,5,7,0,0,16.209,22.868
2026-07-09 09:53:19,22,25,0,0,16.185,23.334
2026-07-09 09:58:19,8,9,0,0,16.247,22.273
2026-07-09 10:02:44,2,4,0,0,16.311,20.698
2026-07-09 10:03:19,2,3,0,0,16.284,20.745
2026-07-09 10:07:24,2,2,0,0,16.388,20.843
2026-07-09 10:08:19,6,6,0,0,16.404,21.111
2026-07-09 10:13:20,8,11,0,0,16.402,21.817
2026-07-09 10:17:33,11,12,0,0,16.452,22.965
2026-07-09 10:18:19,9,14,0,0,16.418,23.15
2026-07-09 10:22:08,9,12,0,0,16.492,23.398
2026-07-09 10:23:19,6,10,0,0,16.527,22.885
2026-07-09 10:23:58,5,6,0,0,16.524,22.862
2026-07-09 10:26:26,6,7,0,0,16.564,22.719
2026-07-09 10:28:19,2,2,0,0,16.647,21.72
2026-07-09 10:29:08,4,5,0,0,16.645,21.565
2026-07-09 10:33:19,3,3,0,0,16.698,21.461
2026-07-09 10:38:19,1,1,0,0,16.701,21.461
2026-07-09 10:38:48,2,2,0,0,16.735,21.291
2026-07-09 10:40:29,2,4,0,0,16.781,20.875
2026-07-09 10:43:19,3,3,0,0,16.906,21.314
2026-07-09 10:43:29,4,5,0,0,16.898,21.546
2026-07-09 10:48:19,5,5,0,0,17.05,21.296
2026-07-09 10:53:19,4,5,0,0,17.251,21.531
2026-07-09 10:58:19,5,6,0,0,17.382,21.407
2026-07-09 10:59:08,4,5,0,0,17.376,22.069
2026-07-09 11:03:19,2,2,0,0,17.502,23.141
2026-07-09 11:08:19,5,5,0,0,17.526,22.92
2026-07-09 11:13:19,5,5,0,0,17.52,21.731
2026-07-09 11:18:19,6,7,0,0,17.539,21.531
2026-07-09 11:23:19,9,14,0,0,17.518,22.315
2026-07-09 11:28:19,13,15,0,0,17.424,21.935
2026-07-09 11:33:19,16,19,0,0,17.39,21.754
2026-07-09 11:35:01,19,22,0,0,17.406,22.021
2026-07-09 11:35:08,17,21,0,0,17.406,22.058
2026-07-09 11:38:19,18,19,0,0,17.317,22.325
2026-07-09 11:43:19,41,53,0,0,17.229,22.847
2026-07-09 11:48:19,35,44,0,0,17.216,24.14
2026-07-09 11:53:19,30,31,0,0,17.16,24.093
2026-07-09 11:58:19,24,26,0,0,17.088,24.335
2026-07-09 12:03:19,26,27,0,0,17.05,24.571
2026-07-09 12:08:19,14,17,0,0,17.112,21.895
2026-07-09 12:13:19,7,8,0,0,17.168,22.67
2026-07-09 12:18:15,9,9,0,0,17.176,22.91
2026-07-09 12:18:19,11,11,0,0,17.176,22.948
2026-07-09 12:23:19,13,14,0,0,17.141,23.036
2026-07-09 12:28:19,10,11,0,0,17.179,21.958
2026-07-09 12:28:46,9,13,0,0,17.187,22.079
2026-07-09 12:30:03,9,9,0,0,17.2,21.846
2026-07-09 12:31:02,11,14,0,0,17.219,21.68
2026-07-09 12:32:35,15,16,0,0,17.243,21.905
2026-07-09 12:33:19,17,22,0,0,17.24,22.37
2026-07-09 12:37:08,22,23,0,0,17.253,21.913
2026-07-09 12:38:19,15,19,0,0,17.232,20.833
2026-07-09 12:41:05,18,21,0,0,17.251,21.079
2026-07-09 12:42:20,16,20,0,0,17.227,21.018
2026-07-09 12:43:19,13,19,0,0,17.219,21.331
2026-07-09 12:44:02,15,18,0,0,17.213,21.378
2026-07-09 12:47:26,7,10,0,0,17.243,20.574
2026-07-09 12:48:19,5,6,0,0,17.248,20.749
2026-07-09 12:48:54,7,12,0,0,17.24,20.953
2026-07-09 12:53:19,17,19,0,0,17.261,21.636
2026-07-09 12:58:19,6,10,0,0,17.245,22.803
2026-07-09 13:03:19,9,11,0,0,17.232,23.772
2026-07-09 13:08:19,10,13,0,0,17.235,23.86
2026-07-09 13:13:19,17,22,0,0,17.291,22.752
2026-07-09 13:18:19,13,17,0,0,17.384,23.475
2026-07-09 13:23:19,7,11,0,0,17.459,22.302
2026-07-09 13:28:19,11,15,0,0,17.51,22.723
2026-07-09 13:33:20,7,7,0,0,17.518,25.378
2026-07-09 13:38:19,8,8,0,0,17.622,25.102
2026-07-09 13:43:20,2,3,0,0,17.614,23.793
2026-07-09 13:48:19,3,3,0,0,17.609,23.768
2026-07-09 13:53:20,5,6,0,0,17.649,21.535
2026-07-09 13:58:20,24,28,0,0,17.657,21.974
2026-07-09 14:03:20,36,46,0,0,17.659,21.895
2026-07-09 14:08:19,25,26,0,0,17.614,21.771
2026-07-09 14:13:19,24,27,0,0,17.582,21.817
2026-07-09 14:13:33,24,28,0,0,17.614,21.911
2026-07-09 14:18:20,16,19,0,0,17.531,23.541
2026-07-09 14:20:34,11,13,0,0,17.483,23.11
2026-07-09 14:23:20,13,16,0,0,17.459,23.097
2026-07-09 14:28:20,6,7,0,0,17.464,21.941
2026-07-09 14:33:19,9,15,0,0,17.416,21.777
2026-07-09 14:38:20,19,23,0,0,17.446,23.076
2026-07-09 14:43:20,25,26,0,0,17.528,22.834
2026-07-09 14:48:20,33,42,0,0,17.528,23.967
2026-07-09 14:53:20,21,25,0,0,17.598,22.91
2026-07-09 14:58:20,8,13,0,0,17.609,22.033
2026-07-09 15:03:20,11,12,0,0,17.686,22.149
2026-07-09 15:08:20,20,23,0,0,17.71,22.138
2026-07-09 15:13:20,14,19,0,0,17.715,22.887
2026-07-09 15:18:20,15,18,0,0,17.641,22.447
2026-07-09 15:23:20,15,22,0,0,17.582,22.445
2026-07-09 15:24:05,18,22,0,0,17.555,22.765
2026-07-09 15:28:20,8,14,0,0,17.595,22.449
2026-07-09 15:33:20,17,21,0,0,17.539,22.954
2026-07-09 15:38:20,19,24,0,0,17.528,23.925
2026-07-09 15:43:20,21,23,0,0,17.459,23.417
2026-07-09 15:48:20,25,28,0,0,17.379,23.74
2026-07-09 15:53:20,32,41,0,0,17.264,24.232
2026-07-09 15:58:20,33,37,0,0,17.235,24.106
2026-07-09 16:03:20,33,40,0,0,17.224,24.518
2026-07-09 16:03:59,33,40,0,0,17.232,24.175
2026-07-09 16:08:24,34,40,0,0,17.176,23.925
2026-07-09 16:13:20,35,42,0,0,17.157,24.995
2026-07-09 16:18:20,37,45,0,0,17.112,24.856
2026-07-09 16:22:06,33,41,0,0,17.034,25.006
2026-07-09 16:22:36,35,45,0,0,17,25.06
2026-07-09 16:23:20,32,39,0,0,17.01,24.972
2026-07-09 16:28:20,34,41,0,0,16.968,24.875
2026-07-09 16:31:38,30,37,0,0,16.869,24.449
2026-07-09 16:33:20,27,32,0,0,16.861,23.057
2026-07-09 16:38:20,24,26,0,0,16.858,21.939
2026-07-09 16:43:20,21,24,0,0,16.885,21.691
2026-07-09 16:48:20,20,23,0,0,16.834,21.522
2026-07-09 16:53:20,23,24,0,0,16.735,22.18
2026-07-09 16:58:20,23,26,0,0,16.754,22.767
2026-07-09 17:03:20,7,11,0,0,16.874,23.461
2026-07-09 17:08:20,26,29,0,0,16.773,23.173
2026-07-09 17:13:20,29,33,0,0,16.759,23.114
2026-07-09 17:18:20,25,26,0,0,16.799,23.524
2026-07-09 17:23:20,24,25,0,0,16.791,23.41
2026-07-09 17:28:20,24,26,0,0,16.735,23.706
2026-07-09 17:33:20,25,25,0,0,16.655,23.73
2026-07-09 17:35:07,25,27,0,0,16.637,23.892
2026-07-09 17:38:20,25,29,0,0,16.626,24.003
2026-07-09 17:41:08,29,35,0,0,16.631,24.043
2026-07-09 17:43:20,29,34,0,0,16.57,23.639
2026-07-09 17:46:14,29,35,0,0,16.578,24.144
2026-07-09 17:48:08,28,30,0,0,16.572,24.373
2026-07-09 17:48:20,29,30,0,0,16.567,24.386
2026-07-09 17:53:20,28,29,0,0,16.618,24.943
2026-07-09 17:58:20,24,26,0,0,16.572,24.694
2026-07-09 18:03:20,26,28,0,0,16.604,24.587
2026-07-09 18:07:43,39,48,0,0,16.626,23.986
2026-07-09 18:08:20,39,48,0,0,16.655,23.82
2026-07-09 18:13:20,15,18,0,0,16.642,22.878
2026-07-09 18:18:20,3,3,0,0,16.885,20.949
2026-07-09 18:19:38,5,5,0,0,16.909,20.566
2026-07-09 18:23:20,1,2,0,0,17.082,20.783
2026-07-09 18:26:22,1,1,0,0,17.123,20.635
2026-07-09 18:26:43,2,2,0,0,17.141,20.701
2026-07-09 18:28:20,4,4,0,0,17.171,20.827
2026-07-09 18:31:22,3,3,0,0,17.205,20.978
2026-07-09 18:33:20,1,1,0,0,17.259,21.035
2026-07-09 18:35:54,0,0,0,0,17.285,21.138
2026-07-09 18:36:15,1,1,0,0,17.272,21.056
2026-07-09 18:38:20,0,1,0,0,17.336,20.787
2026-07-09 18:43:20,0,0,0,0,17.382,21.647
2026-07-09 18:46:00,0,0,0,0,17.446,21.918
2026-07-09 18:48:20,0,0,0,0,17.472,22.029
2026-07-09 18:53:20,0,0,0,0,17.582,22.864
2026-07-09 18:53:38,0,0,0,0,17.576,22.893
2026-07-09 18:58:20,0,0,0,0,17.675,23.69
2026-07-09 19:03:20,0,1,0,0,17.737,23.808
2026-07-09 19:08:20,25,29,0,0,17.317,25.203
2026-07-09 19:13:20,36,44,0,0,17.05,25.546
2026-07-09 19:18:20,43,55,0,0,16.962,26.588
2026-07-09 19:23:20,44,55,0,0,16.874,26.671
2026-07-09 19:28:20,45,56,0,0,16.733,26.687
2026-07-09 19:30:39,47,61,0,0,16.698,26.725
2026-07-09 19:33:20,47,60,0,0,16.655,26.628
2026-07-09 19:38:20,45,57,0,0,16.572,27.085
2026-07-09 19:43:20,45,58,0,0,16.492,26.904
2026-07-09 19:44:40,44,56,0,0,16.471,27.192
2026-07-09 19:48:20,43,54,0,0,16.436,27.003
2026-07-09 19:53:11,41,50,0,0,16.45,26.885
2026-07-09 19:53:20,41,50,0,0,16.45,26.963
2026-07-09 19:57:53,41,52,0,0,16.351,27.438
2026-07-09 19:58:20,41,50,0,0,16.34,27.614
2026-07-09 20:03:20,41,52,0,0,16.311,27.991
2026-07-09 20:05:40,39,48,0,0,16.3,27.417
2026-07-09 20:08:20,38,46,0,0,16.236,27.871
2026-07-09 20:13:20,37,45,0,0,16.159,27.446
2026-07-09 20:18:21,35,41,0,0,16.151,27.356
2026-07-09 20:23:20,42,52,0,0,16.046,28.062
2026-07-09 20:28:20,42,49,0,0,15.99,28.092
2026-07-09 20:33:20,41,53,0,0,16.028,27.789
2026-07-09 20:38:20,41,50,0,0,16.025,27.612
2026-07-09 20:40:14,40,50,0,0,15.961,27.675
2026-07-09 20:43:20,40,51,0,0,15.942,27.612
2026-07-09 20:47:03,42,51,0,0,15.889,27.766
2026-07-09 20:48:10,41,52,0,0,15.9,27.783
2026-07-09 20:48:20,41,51,0,0,15.881,27.873
2026-07-09 20:49:40,40,50,0,0,15.905,27.642
2026-07-09 20:53:20,44,55,0,0,15.889,27.726
2026-07-09 20:58:20,40,52,0,0,15.867,27.974
2026-07-09 20:58:55,40,50,0,0,15.825,27.684
2026-07-09 21:03:20,36,46,0,0,15.87,27.331
2026-07-09 21:03:53,36,46,0,0,15.886,27.137
2026-07-09 21:05:16,36,43,0,0,15.908,26.954
2026-07-09 21:07:58,34,41,0,0,15.843,27.33
2026-07-09 21:08:20,34,40,0,0,15.857,27.953
2026-07-09 21:10:36,34,39,0,0,15.851,27.391
2026-07-09 21:13:20,33,40,0,0,15.875,27.398
2026-07-09 21:17:49,28,30,0,0,15.91,27.539
2026-07-09 21:18:20,29,29,0,0,15.916,27.65
2026-07-09 21:22:21,30,33,0,0,15.859,27.141
2026-07-09 21:23:20,27,30,0,0,15.905,28.098
2026-07-09 21:25:13,25,27,0,0,15.905,30.543
2026-07-09 21:25:44,26,26,0,0,15.905,30.591
2026-07-09 21:27:11,26,28,0,0,15.897,29.893
2026-07-09 21:28:20,24,26,0,0,15.897,29.138
2026-07-09 21:28:51,26,28,0,0,15.905,30.254
2026-07-09 21:33:20,27,28,0,0,15.905,30.419
2026-07-09 21:35:30,25,27,0,0,15.889,30.896
2026-07-09 21:38:12,18,19,0,0,15.889,30.103
2026-07-09 21:38:20,20,23,0,0,15.867,29.887
2026-07-09 21:41:04,20,20,0,0,15.897,29.513
2026-07-09 21:41:47,19,20,0,0,15.875,30.688
2026-07-09 21:42:46,17,19,0,0,15.878,31.32
2026-07-09 21:43:21,14,17,0,0,15.897,30.673
2026-07-09 21:45:16,19,19,0,0,15.918,29.935
2026-07-09 21:46:11,19,23,0,0,15.894,29.943
2026-07-09 21:48:20,17,20,0,0,15.905,30.603
2026-07-09 21:48:31,17,20,0,0,15.908,30.631
2026-07-09 21:49:52,14,17,0,0,15.892,31.528
2026-07-09 21:50:03,12,16,0,0,15.897,31.867
2026-07-09 21:51:46,8,9,0,0,15.873,30.955
2026-07-09 21:52:09,8,10,0,0,15.875,30.282
2026-07-09 21:53:20,8,10,0,0,15.9,30.078
2026-07-09 21:53:39,9,9,0,0,15.894,30.673
2026-07-09 21:57:57,15,22,0,0,15.91,29.611
2026-07-09 21:58:21,13,16,0,0,15.942,30.042
2026-07-09 21:58:49,13,18,0,0,15.929,30.093
2026-07-09 21:59:38,14,17,0,0,15.916,30.54
2026-07-09 22:02:26,13,15,0,0,15.905,31.86
2026-07-09 22:03:20,13,16,0,0,15.916,31.823
2026-07-09 22:08:20,4,4,0,0,15.921,31.938
2026-07-09 22:13:21,4,4,0,0,15.945,30.437
2026-07-09 22:18:20,4,4,0,0,15.942,32.117
2026-07-09 22:23:20,1,1,0,0,15.953,32.247
2026-07-09 22:28:21,1,2,0,0,15.942,31.661
2026-07-09 22:33:21,5,5,0,0,15.961,31.558
2026-07-09 22:33:45,4,6,0,0,15.953,32.535
2026-07-09 22:36:57,5,6,0,0,15.945,32.426
2026-07-09 22:37:20,4,6,0,0,15.929,31.758
2026-07-09 22:38:21,4,4,0,0,15.916,31.348
2026-07-09 22:41:55,3,3,0,0,15.945,33.271
2026-07-09 22:43:21,3,4,0,0,15.956,31.821
2026-07-09 22:44:52,2,2,0,0,15.964,33.008
2026-07-09 22:45:01,3,3,0,0,15.969,33.036
2026-07-09 22:48:02,2,3,0,0,15.932,33.162
2026-07-09 22:48:21,2,2,0,0,15.916,33.435
2026-07-09 22:49:48,2,3,0,0,15.913,32.828
2026-07-09 22:51:17,4,5,0,0,15.926,33.019
2026-07-09 22:52:44,4,4,0,0,15.945,32.046
2026-07-09 22:53:21,4,4,0,0,15.948,33.221
2026-07-09 22:54:42,2,2,0,0,15.905,33.45
2026-07-09 22:58:21,1,2,0,0,15.916,33.471
2026-07-09 23:03:21,3,5,0,0,15.998,33.841
2026-07-09 23:08:21,2,2,0,0,15.91,31.694
2026-07-09 23:13:21,1,3,0,0,15.953,31.785
2026-07-09 23:18:21,2,3,0,0,15.969,32.714
2026-07-09 23:23:21,1,2,0,0,16.006,33.267
2026-07-09 23:23:23,1,2,0,0,16.025,33.21
2026-07-09 23:28:21,0,2,0,0,15.998,32.88
2026-07-09 23:33:21,3,4,0,0,15.958,32.216
2026-07-09 23:38:21,0,1,0,0,15.964,32.72
2026-07-09 23:43:21,2,2,0,0,16.022,31.369
2026-07-09 23:48:21,0,0,0,0,16.022,31.268
2026-07-09 23:53:21,0,0,0,0,16.022,31.978
2026-07-09 23:58:21,0,0,0,0,16.009,33.067
2026-07-09 23:59:42,0,0,0,0,15.945,33.443
2026-07-10 00:00:01,0,0,0,0,15.953,32.926
2026-07-10 00:01:18,0,0,0,0,15.953,31.61
2026-07-10 00:03:21,0,0,0,0,15.932,31.501
2026-07-10 00:06:25,2,2,0,0,15.889,30.828
2026-07-10 00:06:50,0,0,0,0,15.929,31.015
2026-07-10 00:08:15,0,0,0,0,15.948,31.434
2026-07-10 00:08:21,0,0,0,0,15.932,31.337
2026-07-10 00:11:25,0,0,0,0,15.958,31.955
2026-07-10 00:13:21,1,2,0,0,15.94,31.169
2026-07-10 00:18:21,0,0,0,0,15.98,31.596
2026-07-10 00:23:21,0,0,0,0,15.966,32.159
2026-07-10 00:28:21,0,0,0,0,15.942,32.979
2026-07-10 00:33:21,0,0,0,0,15.91,33.04
2026-07-10 00:34:32,0,2,0,0,15.913,32.825
2026-07-10 00:35:56,0,0,0,0,15.926,31.514
2026-07-10 00:38:21,1,1,0,0,15.932,32.052
2026-07-10 00:42:32,0,0,0,0,15.932,33.067
2026-07-10 00:43:21,0,0,0,0,15.945,32.727
2026-07-10 00:45:48,0,1,0,0,15.921,33.107
2026-07-10 00:48:21,0,1,0,0,15.908,33.42
2026-07-10 00:52:10,0,0,0,0,15.908,32.275
2026-07-10 00:52:59,0,0,0,0,15.921,33.221
2026-07-10 00:53:21,0,0,0,0,15.916,32.291
2026-07-10 00:54:47,0,0,0,0,15.905,32.483
2026-07-10 00:58:21,0,0,0,0,15.905,32.081
2026-07-10 00:59:14,1,1,0,0,15.916,31.732
2026-07-10 01:02:14,0,0,0,0,15.883,31.078
2026-07-10 01:03:21,0,0,0,0,15.918,30.946
2026-07-10 01:07:03,2,2,0,0,15.918,30.828
2026-07-10 01:08:21,1,1,0,0,15.916,31.36
2026-07-10 01:11:55,0,0,0,0,15.873,31.123
2026-07-10 01:13:21,1,2,0,0,15.897,31.14
2026-07-10 01:14:40,0,1,0,0,15.932,31.56
2026-07-10 01:16:24,1,2,0,0,15.926,32.369
2026-07-10 01:18:21,2,2,0,0,15.892,33.038
2026-07-10 01:20:55,2,2,0,0,15.908,33.025
2026-07-10 01:22:21,1,1,0,0,15.908,33.63
2026-07-10 01:23:21,2,2,0,0,15.902,32.561
2026-07-10 01:24:34,1,1,0,0,15.878,34.114
2026-07-10 01:24:41,2,2,0,0,15.905,34.179
2026-07-10 01:27:19,1,2,0,0,15.841,34.005
2026-07-10 01:28:08,0,1,0,0,15.851,33.662
2026-07-10 01:28:21,0,2,0,0,15.854,33.698
2026-07-10 01:30:44,1,1,0,0,15.782,33.324
2026-07-10 01:32:40,0,2,0,0,15.801,31.806
2026-07-10 01:33:21,1,3,0,0,15.827,32.209
2026-07-10 01:37:32,0,1,0,0,15.809,32.031
2026-07-10 01:38:21,1,1,0,0,15.835,31.638
2026-07-10 01:40:59,1,1,0,0,15.889,31.512
2026-07-10 01:41:58,1,2,0,0,15.865,31.936
2026-07-10 01:43:21,0,0,0,0,15.822,31.926
2026-07-10 01:44:22,0,0,0,0,15.766,32.949
2026-07-10 01:45:30,0,0,0,0,15.766,32.727
2026-07-10 01:45:35,0,1,0,0,15.766,32.996
2026-07-10 01:48:21,0,0,0,0,15.798,33.063
2026-07-10 01:51:38,0,1,0,0,15.785,32.432
2026-07-10 01:51:47,0,1,0,0,15.777,32.645
2026-07-10 01:53:10,3,3,0,0,15.779,32.138
2026-07-10 01:53:21,2,3,0,0,15.766,32.241
2026-07-10 01:54:28,0,1,0,0,15.793,31.858
2026-07-10 01:58:21,1,1,0,0,15.673,31.634
2026-07-10 01:59:28,0,1,0,0,15.678,31.696
2026-07-10 02:02:16,0,1,0,0,15.689,33.246
2026-07-10 02:03:21,0,0,0,0,15.707,33.485
2026-07-10 02:05:53,0,0,0,0,15.627,33.088
2026-07-10 02:06:44,0,0,0,0,15.67,33.235
2026-07-10 02:07:31,0,1,0,0,15.632,32.905
2026-07-10 02:07:56,0,0,0,0,15.649,32.792
2026-07-10 02:08:21,0,0,0,0,15.627,32.565
2026-07-10 02:13:21,1,1,0,0,15.67,32.18
2026-07-10 02:13:23,0,0,0,0,15.632,32.218
2026-07-10 02:17:02,0,0,0,0,15.673,32.403
2026-07-10 02:18:21,0,0,0,0,15.678,33.004
2026-07-10 02:23:21,1,3,0,0,15.627,31.964
2026-07-10 02:28:21,1,1,0,0,15.555,33.322
2026-07-10 02:33:21,3,3,0,0,15.494,34.721
2026-07-10 02:38:21,3,4,0,0,15.507,34.4
2026-07-10 02:38:38,5,6,0,0,15.526,34.415
2026-07-10 02:43:21,5,5,0,0,15.523,34.421
2026-07-10 02:44:59,4,4,0,0,15.515,34.879
2026-07-10 02:45:16,5,5,0,0,15.528,34.785
2026-07-10 02:48:02,4,4,0,0,15.566,34.484
2026-07-10 02:48:21,3,3,0,0,15.547,34.36
2026-07-10 02:52:46,4,5,0,0,15.558,34.65
2026-07-10 02:53:21,3,3,0,0,15.566,34.644
2026-07-10 02:55:26,3,3,0,0,15.571,34.642
2026-07-10 02:58:21,3,4,0,0,15.59,34.682
2026-07-10 02:59:06,5,5,0,0,15.595,34.703
2026-07-10 03:03:21,4,4,0,0,15.6,34.236
2026-07-10 03:08:21,3,5,0,0,15.675,34.507
2026-07-10 03:13:21,2,3,0,0,15.742,34.085
2026-07-10 03:13:54,3,3,0,0,15.729,34.887
2026-07-10 03:18:21,2,3,0,0,15.779,35.722
2026-07-10 03:20:01,3,3,0,0,15.809,35.218
2026-07-10 03:21:23,3,4,0,0,15.777,35.794
2026-07-10 03:23:21,1,3,0,0,15.771,35.899
2026-07-10 03:25:46,3,3,0,0,15.755,35.411
2026-07-10 03:25:53,3,3,0,0,15.745,35.363
2026-07-10 03:26:40,2,2,0,0,15.742,35.386
2026-07-10 03:28:17,2,3,0,0,15.739,33.992
2026-07-10 03:28:21,4,5,0,0,15.758,33.96
2026-07-10 03:32:29,1,3,0,0,15.71,36.721
2026-07-10 03:33:21,2,2,0,0,15.702,36.071
2026-07-10 03:34:14,3,3,0,0,15.702,36.895
2026-07-10 03:38:21,0,1,0,0,15.739,36.308
2026-07-10 03:39:28,3,3,0,0,15.766,35.602
2026-07-10 03:43:21,0,0,0,0,15.857,37.498
2026-07-10 03:45:21,0,0,0,0,15.945,38.518
2026-07-10 03:48:21,0,0,0,0,16.06,38.884
2026-07-10 03:51:02,0,0,0,0,16.188,39.062
2026-07-10 03:52:28,0,0,0,0,16.236,39.066
2026-07-10 03:53:21,0,0,0,0,16.292,38.776
2026-07-10 03:58:21,0,0,0,0,16.452,38.884
2026-07-10 03:58:40,0,0,0,0,16.452,38.463
2026-07-10 04:03:21,0,0,0,0,16.514,37.814
2026-07-10 04:07:46,0,0,0,0,16.402,37.437
2026-07-10 04:08:21,0,0,0,0,16.38,37.328
2026-07-10 04:08:58,0,0,0,0,16.359,37.715
2026-07-10 04:12:05,0,0,0,0,16.34,37.046
2026-07-10 04:12:28,1,1,0,0,16.348,37.257
2026-07-10 04:13:21,0,0,0,0,16.311,37.61
2026-07-10 04:13:23,0,0,0,0,16.327,37.601
2026-07-10 04:13:27,0,0,0,0,16.316,37.576
2026-07-10 04:16:04,0,1,0,0,16.284,37.448
2026-07-10 04:17:03,0,1,0,0,16.239,36.979
2026-07-10 04:18:22,2,2,0,0,16.239,36.821
2026-07-10 04:21:28,1,1,0,0,16.209,36.956
2026-07-10 04:23:22,2,2,0,0,16.188,35.644
2026-07-10 04:25:38,2,2,0,0,16.199,38.617
2026-07-10 04:28:22,2,3,0,0,16.172,38.278
2026-07-10 04:28:23,2,3,0,0,16.18,38.596
2026-07-10 04:33:22,3,3,0,0,16.097,40.578
2026-07-10 04:38:22,3,3,0,0,16.086,40.353
2026-07-10 04:43:22,3,4,0,0,15.934,41.391
2026-07-10 04:48:22,3,3,0,0,15.675,42.03
2026-07-10 04:53:22,3,3,0,0,15.817,41.669
2026-07-10 04:53:25,4,4,0,0,15.806,41.902
2026-07-10 04:56:35,3,3,0,0,15.774,43.767
2026-07-10 04:58:22,3,3,0,0,15.723,42.127
2026-07-10 05:03:22,2,2,0,0,15.731,42.941
2026-07-10 05:08:22,1,1,0,0,15.702,41.341
2026-07-10 05:10:49,0,1,0,0,15.755,41.599
2026-07-10 05:13:22,0,0,0,0,15.718,42.575
2026-07-10 05:13:48,0,0,0,0,15.702,40.702
2026-07-10 05:15:06,1,1,0,0,15.678,42.215
2026-07-10 05:15:12,2,2,0,0,15.643,42.255
2026-07-10 05:17:11,0,0,0,0,15.691,41.503
2026-07-10 05:18:22,2,2,0,0,15.675,42.209
2026-07-10 05:18:34,3,3,0,0,15.691,42.011
2026-07-10 05:19:18,1,1,0,0,15.665,42.64
2026-07-10 05:19:56,2,2,0,0,15.675,42.604
2026-07-10 05:20:36,2,2,0,0,15.654,42.8
2026-07-10 05:21:16,1,1,0,0,15.665,42.421
2026-07-10 05:21:48,1,2,0,0,15.675,42.196
2026-07-10 05:22:14,2,2,0,0,15.678,41.625
2026-07-10 05:22:27,1,1,0,0,15.659,42.068
2026-07-10 05:22:46,5,5,0,0,15.665,42.167
2026-07-10 05:23:19,1,1,0,0,15.643,41.724
2026-07-10 05:23:21,3,3,0,0,15.659,41.929
2026-07-10 05:23:23,3,3,0,0,15.659,41.929
2026-07-10 05:23:32,3,3,0,0,15.646,41.787
2026-07-10 05:23:48,1,1,0,0,15.659,41.576
2026-07-10 05:23:57,1,1,0,0,15.649,41.412
2026-07-10 05:24:00,1,1,0,0,15.662,41.478
2026-07-10 05:24:18,1,1,0,0,15.662,41.126
2026-07-10 05:24:34,1,1,0,0,15.665,41.721
2026-07-10 05:25:16,2,3,0,0,15.675,41.16
2026-07-10 05:25:21,2,2,0,0,15.713,41.223
2026-07-10 05:25:36,2,2,0,0,15.699,41.4
2026-07-10 05:25:49,1,1,0,0,15.686,41.705
2026-07-10 05:25:58,2,2,0,0,15.665,41.774
2026-07-10 05:26:11,0,0,0,0,15.681,41.94
2026-07-10 05:26:16,1,1,0,0,15.67,42.018
2026-07-10 05:26:28,0,0,0,0,15.673,41.896
2026-07-10 05:26:48,0,1,0,0,15.638,41.848
2026-07-10 05:27:00,1,1,0,0,15.662,41.82
2026-07-10 05:27:04,2,2,0,0,15.646,41.702
2026-07-10 05:27:11,1,2,0,0,15.667,41.721
2026-07-10 05:27:24,2,2,0,0,15.638,41.189
2026-07-10 05:27:40,4,4,0,0,15.659,41.477
2026-07-10 05:28:22,2,3,0,0,15.686,41.017
2026-07-10 05:28:41,2,3,0,0,15.713,41.314
2026-07-10 05:28:57,3,3,0,0,15.665,41.717
2026-07-10 05:29:06,5,5,0,0,15.683,41.4
2026-07-10 05:29:29,4,4,0,0,15.681,41.484
2026-07-10 05:29:43,4,4,0,0,15.675,41.539
2026-07-10 05:29:48,3,3,0,0,15.657,41.602
2026-07-10 05:31:51,2,3,0,0,15.667,41.538
2026-07-10 05:32:07,5,5,0,0,15.63,41.559
2026-07-10 05:32:10,3,3,0,0,15.638,41.519
2026-07-10 05:32:20,2,4,0,0,15.627,41.892
2026-07-10 05:32:36,3,4,0,0,15.627,41.005
2026-07-10 05:32:39,4,5,0,0,15.624,41.538
2026-07-10 05:33:13,2,4,0,0,15.598,41.951
2026-07-10 05:33:21,2,3,0,0,15.576,41.997
2026-07-10 05:33:23,2,3,0,0,15.571,42.075
2026-07-10 05:33:45,4,5,0,0,15.563,41.866
2026-07-10 05:33:59,5,5,0,0,15.568,41.936
2026-07-10 05:34:11,4,4,0,0,15.539,41.637
2026-07-10 05:34:31,5,5,0,0,15.558,41.869
2026-07-10 05:34:43,4,4,0,0,15.558,41.45
2026-07-10 05:34:46,5,5,0,0,15.555,41.517
2026-07-10 05:35:00,6,6,0,0,15.574,42.129
2026-07-10 05:35:02,5,5,0,0,15.547,42.058
2026-07-10 05:35:06,5,5,0,0,15.558,41.704
2026-07-10 05:35:22,4,5,0,0,15.555,41.879
2026-07-10 05:35:40,4,4,0,0,15.539,41.885
2026-07-10 05:35:52,3,3,0,0,15.534,41.942
2026-07-10 05:35:57,4,5,0,0,15.558,41.951
2026-07-10 05:36:17,5,6,0,0,15.536,41.055
2026-07-10 05:36:21,3,4,0,0,15.536,40.559
2026-07-10 05:36:49,4,5,0,0,15.542,41.585
2026-07-10 05:37:11,3,3,0,0,15.536,41.557
2026-07-10 05:37:19,4,5,0,0,15.536,41.782
2026-07-10 05:37:23,4,4,0,0,15.526,41.66
2026-07-10 05:37:27,4,5,0,0,15.536,41.417
2026-07-10 05:37:50,3,5,0,0,15.515,42.081
2026-07-10 05:38:23,5,6,0,0,15.52,42.136
2026-07-10 05:38:37,3,3,0,0,15.515,42.104
2026-07-10 05:38:44,4,4,0,0,15.536,41.356
2026-07-10 05:38:57,4,4,0,0,15.536,41.683
2026-07-10 05:39:14,3,3,0,0,15.536,41.589
2026-07-10 05:40:22,3,4,0,0,15.555,42.487
2026-07-10 05:40:42,3,5,0,0,15.526,42.474
2026-07-10 05:40:47,3,4,0,0,15.523,42.598
2026-07-10 05:41:01,3,4,0,0,15.518,42.577
2026-07-10 05:41:13,4,5,0,0,15.526,42.377
2026-07-10 05:41:33,2,3,0,0,15.526,41.843
2026-07-10 05:41:36,3,4,0,0,15.51,41.742
2026-07-10 05:41:40,2,3,0,0,15.51,41.629
2026-07-10 05:41:46,4,4,0,0,15.518,42.156
2026-07-10 05:41:49,4,4,0,0,15.526,42.402
2026-07-10 05:43:23,1,1,0,0,15.539,42.571
2026-07-10 05:48:06,0,0,0,0,15.584,43.523
2026-07-10 05:48:23,0,0,0,0,15.6,43.405
2026-07-10 05:48:37,0,1,0,0,15.576,43.06
2026-07-10 05:48:59,0,0,0,0,15.563,43.384
2026-07-10 05:49:21,0,0,0,0,15.584,43.311
2026-07-10 05:49:55,0,0,0,0,15.603,43.43
2026-07-10 05:50:07,0,0,0,0,15.576,43.64
2026-07-10 05:50:10,0,0,0,0,15.579,43.624
2026-07-10 05:50:25,0,0,0,0,15.6,43.401
2026-07-10 05:50:37,0,0,0,0,15.592,43.311
2026-07-10 05:51:19,0,0,0,0,15.587,43.434
2026-07-10 05:51:23,0,0,0,0,15.582,43.672
2026-07-10 05:51:27,0,0,0,0,15.6,43.72
2026-07-10 05:51:51,0,0,0,0,15.59,43.521
2026-07-10 05:51:54,0,0,0,0,15.579,43.441
2026-07-10 05:51:57,0,0,0,0,15.603,43.302
2026-07-10 05:53:09,0,0,0,0,15.627,42.009
2026-07-10 05:53:23,0,0,0,0,15.63,43.355
2026-07-10 05:53:46,0,0,0,0,15.662,43.336
2026-07-10 05:54:06,0,0,0,0,15.635,43.598
2026-07-10 05:54:36,0,0,0,0,15.675,42.812
2026-07-10 05:55:51,0,0,0,0,15.686,42.873
2026-07-10 05:57:55,0,0,0,0,15.697,43.1
2026-07-10 05:58:23,0,0,0,0,15.713,42.842
2026-07-10 05:58:34,0,0,0,0,15.723,43.147
2026-07-10 05:58:39,0,0,0,0,15.707,43.367
2026-07-10 05:59:11,0,0,0,0,15.734,42.877
2026-07-10 05:59:20,0,0,0,0,15.739,43.037
2026-07-10 06:00:35,0,0,0,0,15.737,43.66
2026-07-10 06:01:58,0,0,0,0,15.723,42.903
2026-07-10 06:03:15,0,0,0,0,15.793,43.336
2026-07-10 06:03:23,0,0,0,0,15.793,43.329
2026-07-10 06:05:56,0,0,0,0,15.766,43.594
2026-07-10 06:06:43,0,0,0,0,15.745,43.582
2026-07-10 06:07:24,0,0,0,0,15.782,43.514
2026-07-10 06:08:23,0,0,0,0,15.801,43.281
2026-07-10 06:08:40,0,0,0,0,15.793,43.22
2026-07-10 06:09:28,0,0,0,0,15.803,43.09
2026-07-10 06:10:06,0,0,0,0,15.814,42.978
2026-07-10 06:10:47,0,0,0,0,15.819,42.405
2026-07-10 06:11:25,0,0,0,0,15.846,42.77
2026-07-10 06:13:23,0,0,0,0,15.835,43.016
2026-07-10 06:14:09,0,0,0,0,15.857,42.64
2026-07-10 06:14:52,0,0,0,0,15.859,43.47
2026-07-10 06:15:29,0,0,0,0,15.857,43.058
2026-07-10 06:16:09,0,0,0,0,15.857,43.374
2026-07-10 06:16:53,0,0,0,0,15.878,43.228
2026-07-10 06:18:14,0,0,0,0,15.867,42.283
2026-07-10 06:18:23,0,0,0,0,15.841,42.243
2026-07-10 06:21:32,0,0,0,0,15.894,42.732
2026-07-10 06:23:23,0,0,0,0,15.862,43.495
2026-07-10 06:23:39,0,0,0,0,15.87,43.325
2026-07-10 06:27:03,0,0,0,0,15.857,42.924
2026-07-10 06:27:59,0,0,0,0,15.833,42.476
2026-07-10 06:28:22,0,0,0,0,15.833,42.73
2026-07-10 06:28:23,0,0,0,0,15.819,42.615
2026-07-10 06:29:40,0,0,0,0,15.825,42.631
2026-07-10 06:31:05,0,0,0,0,15.803,42.669
2026-07-10 06:31:43,0,0,0,0,15.83,42.426
2026-07-10 06:32:27,0,0,0,0,15.854,42.676
2026-07-10 06:33:07,0,0,0,0,15.822,42.819
2026-07-10 06:33:21,0,0,0,0,15.822,42.322
2026-07-10 06:33:23,0,0,0,0,15.811,42.02
2026-07-10 06:33:43,0,0,0,0,15.819,42.863
2026-07-10 06:33:47,0,0,0,0,15.809,42.953
2026-07-10 06:33:51,0,0,0,0,15.819,42.884
2026-07-10 06:34:11,0,0,0,0,15.833,42.482
2026-07-10 06:34:15,0,0,0,0,15.795,42.573
2026-07-10 06:35:00,0,0,0,0,15.793,42.156
2026-07-10 06:35:12,0,0,0,0,15.787,40.99
2026-07-10 06:35:17,0,0,0,0,15.795,41.28
2026-07-10 06:35:19,0,0,0,0,15.777,41.305
2026-07-10 06:35:55,0,0,0,0,15.793,42.226
2026-07-10 06:36:02,0,0,0,0,15.803,42.117
2026-07-10 06:36:22,0,0,0,0,15.785,42.005
2026-07-10 06:37:06,0,0,0,0,15.79,42.331
2026-07-10 06:37:10,1,1,0,0,15.774,42.692
2026-07-10 06:37:30,0,0,0,0,15.793,41.799
2026-07-10 06:38:24,0,0,0,0,15.793,42.018
2026-07-10 06:38:42,0,0,0,0,15.766,42.989
2026-07-10 06:38:48,0,0,0,0,15.763,43.096
2026-07-10 06:38:53,0,0,0,0,15.777,43.079
2026-07-10 06:38:59,0,0,0,0,15.803,43.001
2026-07-10 06:39:29,0,0,0,0,15.769,42.932
2026-07-10 06:39:34,0,0,0,0,15.782,43.05
2026-07-10 06:40:14,0,0,0,0,15.761,42.758
2026-07-10 06:40:25,0,0,0,0,15.731,43.008
2026-07-10 06:40:55,0,0,0,0,15.753,43.142
2026-07-10 06:41:05,0,0,0,0,15.734,42.417
2026-07-10 06:41:21,1,1,0,0,15.758,42.665
2026-07-10 06:41:29,0,0,0,0,15.739,42.901
2026-07-10 06:41:57,0,0,0,0,15.715,42.716
2026-07-10 06:42:05,0,0,0,0,15.705,43.063
2026-07-10 06:42:12,0,0,0,0,15.707,43.334
2026-07-10 06:42:21,0,0,0,0,15.715,43.462
2026-07-10 06:42:26,0,0,0,0,15.729,43.525
2026-07-10 06:42:40,0,0,0,0,15.721,43.533
2026-07-10 06:42:48,0,0,0,0,15.723,42.533
2026-07-10 06:43:00,0,0,0,0,15.723,42.154
2026-07-10 06:43:12,0,0,0,0,15.713,43.266
2026-07-10 06:43:24,0,0,0,0,15.731,43.384
2026-07-10 06:43:34,0,0,0,0,15.739,43.248
2026-07-10 06:43:58,0,1,0,0,15.729,43.483
2026-07-10 06:44:10,0,0,0,0,15.745,43.428
2026-07-10 06:44:18,0,0,0,0,15.742,43.447
2026-07-10 06:44:48,0,0,0,0,15.742,43.296
2026-07-10 06:45:00,0,0,0,0,15.758,42.579
2026-07-10 06:45:21,0,0,0,0,15.739,42.033
2026-07-10 06:45:32,0,0,0,0,15.731,42.585
2026-07-10 06:45:36,0,0,0,0,15.739,42.911
2026-07-10 06:46:04,0,0,0,0,15.713,41.951
2026-07-10 06:46:06,0,0,0,0,15.718,42.587
2026-07-10 06:46:55,0,0,0,0,15.753,43.371
2026-07-10 06:48:17,0,0,0,0,15.763,43.132
2026-07-10 06:48:24,0,0,0,0,15.769,43.102
2026-07-10 06:49:38,0,0,0,0,15.777,43.454
2026-07-10 06:50:16,0,0,0,0,15.787,42.638
2026-07-10 06:51:57,0,0,0,0,15.817,42.856
2026-07-10 06:53:24,0,0,0,0,15.83,43.022
2026-07-10 06:56:35,0,0,0,0,15.886,41.993
2026-07-10 06:58:11,0,0,0,0,15.91,42.785
2026-07-10 06:58:24,0,0,0,0,15.873,43.317
2026-07-10 07:00:50,0,0,0,0,15.889,42.88
2026-07-10 07:03:23,0,0,0,0,15.913,42.234
2026-07-10 07:07:15,0,0,0,0,15.835,42.596
2026-07-10 07:08:23,0,0,0,0,15.867,42.709
2026-07-10 07:11:43,0,0,0,0,15.883,42.806
2026-07-10 07:12:43,0,0,0,0,15.905,42.516
2026-07-10 07:13:24,0,0,0,0,15.892,41.944
2026-07-10 07:18:24,0,0,0,0,15.83,41.602
2026-07-10 07:22:20,4,4,0,0,15.795,44.029
2026-07-10 07:23:24,5,5,0,0,15.723,43.073
2026-07-10 07:28:24,3,3,0,0,15.737,44.626
2026-07-10 07:33:24,4,4,0,0,15.691,44.752
2026-07-10 07:38:24,6,8,0,0,15.446,45.844
2026-07-10 07:40:33,8,11,0,0,15.414,44.895
2026-07-10 07:43:24,13,16,0,0,15.381,45.106
2026-07-10 07:47:39,18,21,0,0,15.203,45.724
2026-07-10 07:48:02,18,19,0,0,15.184,45.362
2026-07-10 07:48:24,17,18,0,0,15.2,45.431
2026-07-10 07:48:51,16,18,0,0,15.189,45.616
2026-07-10 07:51:15,15,17,0,0,15.205,46.148
2026-07-10 07:53:24,14,18,0,0,15.197,46.899
2026-07-10 07:55:36,13,16,0,0,15.16,47.723
2026-07-10 07:58:24,14,17,0,0,15.04,49.364
2026-07-10 08:03:24,14,15,0,0,14.978,50.451
2026-07-10 08:08:24,5,5,0,0,14.965,51.54
2026-07-10 08:12:57,5,5,0,0,15.032,51.372
2026-07-10 08:13:24,4,5,0,0,15.032,52.616
2026-07-10 08:13:26,5,6,0,0,15.005,52.698
2026-07-10 08:18:24,5,7,0,0,14.762,53.01
2026-07-10 08:19:29,8,9,0,0,14.674,52.305
2026-07-10 08:23:24,6,7,0,0,14.554,51.866
2026-07-10 08:25:53,6,8,0,0,14.58,52.69
2026-07-10 08:27:28,14,15,0,0,14.484,52.204
2026-07-10 08:28:24,11,15,0,0,14.45,51.973
2026-07-10 08:29:49,9,9,0,0,14.49,50.819
2026-07-10 08:31:19,13,14,0,0,14.548,50.195
2026-07-10 08:32:39,17,19,0,0,14.61,50.165
2026-07-10 08:33:18,15,18,0,0,14.618,50.069
2026-07-10 08:33:24,14,18,0,0,14.623,50.218
2026-07-10 08:34:54,10,11,0,0,14.652,50.54
2026-07-10 08:36:11,7,7,0,0,14.66,50.64
2026-07-10 08:38:24,11,12,0,0,14.65,51.275
2026-07-10 08:41:50,5,6,0,0,14.799,49.629
2026-07-10 08:43:24,1,1,0,0,14.855,50.575
2026-07-10 08:47:14,7,8,0,0,14.714,49.428
2026-07-10 08:48:24,12,13,0,0,14.612,48.177
2026-07-10 08:53:24,14,20,0,0,14.631,45.225
2026-07-10 08:56:14,17,20,0,0,14.652,45.974
2026-07-10 08:56:45,12,18,0,0,14.652,46.321
2026-07-10 08:58:20,11,15,0,0,14.69,45.831
2026-07-10 08:58:24,11,15,0,0,14.687,45.762
2026-07-10 08:58:48,11,14,0,0,14.706,46.249
2026-07-10 08:58:51,11,13,0,0,14.725,46.609
2026-07-10 08:59:28,12,15,0,0,14.717,48.07
2026-07-10 08:59:58,10,13,0,0,14.738,47.504
2026-07-10 09:00:02,11,14,0,0,14.725,47.229
2026-07-10 09:00:50,8,14,0,0,14.751,48.076
2026-07-10 09:01:04,13,16,0,0,14.735,47.99
2026-07-10 09:01:28,11,16,0,0,14.719,48.082
2026-07-10 09:01:50,10,14,0,0,14.725,47.672
2026-07-10 09:02:11,8,8,0,0,14.703,48.326
2026-07-10 09:02:16,7,7,0,0,14.701,48.292
2026-07-10 09:02:44,8,9,0,0,14.695,47.359
2026-07-10 09:02:46,7,8,0,0,14.693,47.275
2026-07-10 09:02:52,7,7,0,0,14.714,47.302
2026-07-10 09:02:57,8,9,0,0,14.69,47.201
2026-07-10 09:03:06,6,7,0,0,14.701,47.012
2026-07-10 09:03:18,7,8,0,0,14.709,47.641
2026-07-10 09:03:22,7,8,0,0,14.725,47.687
2026-07-10 09:03:24,8,8,0,0,14.725,47.712
2026-07-10 09:03:34,6,7,0,0,14.735,47.401
2026-07-10 09:03:36,6,7,0,0,14.725,47.151
2026-07-10 09:03:48,6,6,0,0,14.738,46.859
2026-07-10 09:04:07,5,7,0,0,14.762,46.777
2026-07-10 09:04:39,5,7,0,0,14.799,45.898
2026-07-10 09:05:01,7,7,0,0,14.837,46.1
2026-07-10 09:05:04,5,6,0,0,14.829,46.146
2026-07-10 09:05:28,4,6,0,0,14.842,46.636
2026-07-10 09:06:00,4,6,0,0,14.877,47.031
2026-07-10 09:06:12,5,6,0,0,14.89,47.212
2026-07-10 09:06:17,4,5,0,0,14.901,47.14
2026-07-10 09:06:22,5,6,0,0,14.874,46.501
2026-07-10 09:06:35,5,5,0,0,14.871,46.333
2026-07-10 09:06:45,5,5,0,0,14.882,46.628
2026-07-10 09:06:52,4,4,0,0,14.901,46.55
2026-07-10 09:07:42,5,5,0,0,14.917,46.205
2026-07-10 09:07:46,4,4,0,0,14.928,46.314
2026-07-10 09:08:06,3,4,0,0,14.938,46.625
2026-07-10 09:08:16,3,3,0,0,14.97,46.405
2026-07-10 09:08:20,4,5,0,0,14.944,46.361
2026-07-10 09:08:24,4,6,0,0,14.928,46.31
2026-07-10 09:08:56,4,4,0,0,14.976,46.089
2026-07-10 09:09:01,2,3,0,0,14.957,46.111
2026-07-10 09:09:41,4,4,0,0,14.989,45.699
2026-07-10 09:10:11,3,3,0,0,15.002,46.27
2026-07-10 09:10:27,4,4,0,0,15.024,46.245
2026-07-10 09:10:49,4,4,0,0,15.026,46.459
2026-07-10 09:10:53,3,3,0,0,15.026,46.562
2026-07-10 09:11:07,5,5,0,0,15.008,46.605
2026-07-10 09:11:20,5,6,0,0,15,46.583
2026-07-10 09:11:56,6,8,0,0,14.992,46.773
2026-07-10 09:12:22,5,6,0,0,15.002,46.909
2026-07-10 09:12:52,5,6,0,0,15.005,46.758
2026-07-10 09:13:22,4,5,0,0,14.997,46.668
2026-07-10 09:13:24,4,6,0,0,14.994,46.762
2026-07-10 09:13:48,6,6,0,0,14.965,46.466
2026-07-10 09:13:55,6,6,0,0,15.002,46.436
2026-07-10 09:14:13,6,6,0,0,15,46.34
2026-07-10 09:14:17,5,5,0,0,15.005,46.012
2026-07-10 09:14:43,7,7,0,0,14.997,47.187
2026-07-10 09:15:58,5,5,0,0,14.992,46.672
2026-07-10 09:16:32,5,5,0,0,14.976,47.849
2026-07-10 09:16:48,5,5,0,0,15,47.502
2026-07-10 09:17:26,6,7,0,0,15.018,48.311
2026-07-10 09:17:40,5,5,0,0,15.013,48.278
2026-07-10 09:18:18,6,8,0,0,15.021,45.755
2026-07-10 09:18:24,6,7,0,0,15.042,47.944
2026-07-10 09:18:33,5,5,0,0,15.034,48.093
2026-07-10 09:18:36,5,5,0,0,15.034,47.75
2026-07-10 09:18:48,5,5,0,0,15.018,48.028
2026-07-10 09:18:52,4,4,0,0,15.021,47.986
2026-07-10 09:19:17,4,5,0,0,15.056,48.683
2026-07-10 09:20:01,6,7,0,0,15.069,48.372
2026-07-10 09:20:19,6,6,0,0,15.069,48.435
2026-07-10 09:20:23,5,6,0,0,15.058,48.314
2026-07-10 09:20:37,4,5,0,0,15.066,48.322
2026-07-10 09:20:54,3,4,0,0,15.066,48.757
2026-07-10 09:21:12,6,7,0,0,15.093,49.55
2026-07-10 09:21:28,6,7,0,0,15.077,49.303
2026-07-10 09:21:33,5,5,0,0,15.082,49.299
2026-07-10 09:22:16,4,5,0,0,15.085,49.562
2026-07-10 09:22:26,5,6,0,0,15.096,49.051
2026-07-10 09:22:30,5,6,0,0,15.082,49.406
2026-07-10 09:22:55,5,6,0,0,15.098,50.409
2026-07-10 09:23:05,5,5,0,0,15.112,50.128
2026-07-10 09:23:11,5,6,0,0,15.09,50.296
2026-07-10 09:23:19,6,7,0,0,15.12,49.835
2026-07-10 09:23:23,4,6,0,0,15.114,49.695
2026-07-10 09:23:25,4,6,0,0,15.114,49.695
2026-07-10 09:28:25,3,3,0,0,15.187,50.06
2026-07-10 09:33:25,3,3,0,0,15.269,49.783
2026-07-10 09:38:25,7,7,0,0,15.357,49.795
2026-07-10 09:43:25,5,6,0,0,15.307,51.963
2026-07-10 09:48:25,4,4,0,0,15.331,53.403
2026-07-10 09:53:25,0,1,0,0,15.323,55.54
2026-07-10 09:53:30,1,2,0,0,15.333,55.496
2026-07-10 09:58:25,0,0,0,0,15.387,54.805
2026-07-10 10:01:46,0,0,0,0,15.523,46.607
2026-07-10 10:03:26,0,0,0,0,15.574,48.793
2026-07-10 10:08:26,3,3,0,0,15.397,51.595
2026-07-10 10:13:25,6,6,0,0,15.416,50.914
2026-07-10 10:14:59,5,5,0,0,15.371,50.701
2026-07-10 10:18:25,5,5,0,0,15.336,51.975
2026-07-10 10:23:26,4,4,0,0,15.285,51.233
2026-07-10 10:24:30,4,6,0,0,15.296,51.107
2026-07-10 10:28:26,3,3,0,0,15.341,51.404
2026-07-10 10:33:26,0,0,0,0,15.344,50.476
2026-07-10 10:38:25,0,0,0,0,15.285,49.196
2026-07-10 10:43:25,0,0,0,0,15.157,52.087
2026-07-10 10:47:38,0,0,0,0,14.957,51.862
2026-07-10 10:48:26,0,0,0,0,14.968,52.253
2026-07-10 10:48:28,0,0,0,0,14.946,52.402
2026-07-10 10:51:34,0,0,0,0,14.778,53.726
2026-07-10 10:53:26,0,0,0,0,14.773,54.676
2026-07-10 10:58:25,0,0,0,0,14.677,52.713
2026-07-10 10:59:00,0,0,0,0,14.671,52.198
2026-07-10 11:03:25,0,0,0,0,14.663,53.59
2026-07-10 11:08:25,0,0,0,0,14.682,53.586
2026-07-10 11:13:26,0,0,0,0,14.754,51.862
2026-07-10 11:16:32,1,1,0,0,14.826,50.827
2026-07-10 11:18:25,0,0,0,0,14.922,50.8
2026-07-10 11:23:26,0,0,0,0,15.224,49.495
2026-07-10 11:27:45,0,0,0,0,15.36,48.841
2026-07-10 11:28:26,0,0,0,0,15.349,48.862
2026-07-10 11:33:26,0,0,0,0,15.499,49.192
2026-07-10 11:38:05,0,0,0,0,15.721,46.817
2026-07-10 11:38:26,0,0,0,0,15.726,47.767
2026-07-10 11:43:26,0,0,0,0,15.996,47.641
2026-07-10 11:48:26,0,0,0,0,16.126,49.19
2026-07-10 11:53:26,0,0,0,0,16.575,46.85
2026-07-10 11:58:26,0,0,0,0,16.706,46.43
2026-07-10 12:03:07,0,0,0,0,16.765,46.478
2026-07-10 12:03:26,0,0,0,0,16.783,46.443
2026-07-10 12:04:43,0,0,0,0,16.815,46.846
2026-07-10 12:06:08,0,0,0,0,16.81,47.748
2026-07-10 12:08:26,0,0,0,0,16.92,47.3
2026-07-10 12:09:37,0,0,0,0,16.946,47.662
2026-07-10 12:12:02,0,0,0,0,16.962,46.497
2026-07-10 12:13:26,0,0,0,0,16.949,46.655
2026-07-10 12:18:26,0,0,0,0,16.909,48.494
2026-07-10 12:21:48,0,0,0,0,16.855,49.011
2026-07-10 12:22:05,0,0,0,0,16.839,48.717
2026-07-10 12:23:26,0,0,0,0,16.807,48.36
2026-07-10 12:28:26,0,0,0,0,16.831,49.795
2026-07-10 12:29:53,0,0,0,0,16.837,48.917
2026-07-10 12:30:36,0,0,0,0,16.872,49.661
2026-07-10 12:33:26,0,0,0,0,16.882,48.574
2026-07-10 12:34:35,0,0,0,0,16.92,48.417
2026-07-10 12:37:52,0,0,0,0,16.976,46.131
2026-07-10 12:38:26,0,0,0,0,16.976,46.31
2026-07-10 12:39:13,0,0,0,0,17.008,46.67
2026-07-10 12:40:10,0,0,0,0,16.984,48.904
2026-07-10 12:43:26,0,0,0,0,17.048,47.925
2026-07-10 12:48:26,0,0,0,0,17.064,48.646
2026-07-10 12:51:32,0,0,0,0,16.941,48.492
2026-07-10 12:53:26,0,0,0,0,17.04,48.553
2026-07-10 12:57:35,0,0,0,0,16.986,48.625
2026-07-10 12:58:26,0,0,0,0,17.01,48.757
2026-07-10 12:58:32,0,0,0,0,17.021,48.723
2026-07-10 13:03:26,0,0,0,0,17.141,46.687
2026-07-10 13:08:26,0,0,0,0,17.117,47.294
2026-07-10 13:13:26,0,0,0,0,17.016,46.804
2026-07-10 13:18:26,0,0,0,0,17.141,46.827
2026-07-10 13:23:26,0,0,0,0,17.352,46.613
2026-07-10 13:28:26,0,0,0,0,17.392,46.649
2026-07-10 13:29:33,0,0,0,0,17.272,46.348
2026-07-10 13:33:26,0,0,0,0,17.064,46.773
2026-07-10 13:38:26,0,0,0,0,17.069,46.964
2026-07-10 13:43:26,0,0,0,0,17.141,47.141
2026-07-10 13:48:26,0,0,0,0,17.133,47.456
2026-07-10 13:53:03,0,0,0,0,17.221,47.023
2026-07-10 13:53:26,0,0,0,0,17.221,46.935
2026-07-10 13:53:28,0,0,0,0,17.211,46.998
2026-07-10 13:58:26,0,0,0,0,17.16,46.901
2026-07-29 17:32:38,2,2,0,0,22.634,30.496
2026-07-29 17:33:42,2,2,0,0,22.655,29.365
2026-07-29 17:38:04,0,0,0,0,22.778,29.508
2026-07-30 16:43:29,3,11,0,0,21.844,46.636
