fecha,mp25_ugm3,mp10_ugm3,so2_ppb,cov_ppb,temperatura_c,humedad_pct
2026-09-01 00:01:08,14,14,0,1990,12.903,65.742
2026-09-01 00:06:08,15,17,0,1856,12.813,65.418
2026-09-01 00:11:08,12,13,0,1807,12.743,65.996
2026-09-01 00:16:08,7,7,0,2105,12.668,66.547
2026-09-01 00:21:08,9,10,0,1856,12.65,66.419
2026-09-01 00:26:09,6,6,0,2062,12.698,66.41
2026-09-01 00:31:08,6,6,0,2147,12.751,66.351
2026-09-01 00:36:08,6,6,0,2177,12.815,56.85
2026-09-01 00:41:08,7,7,0,2236,12.869,57.369
2026-09-01 00:46:09,7,8,0,2007,12.898,63.636
2026-09-01 00:51:09,8,13,0,2293,12.855,56.44
2026-09-01 00:56:08,9,9,0,2081,12.818,65.082
2026-09-01 01:01:09,12,13,0,2092,12.722,65.542
2026-09-01 01:06:08,13,13,0,2075,12.668,65.258
2026-09-01 01:11:08,15,16,0,1998,12.602,65.71
2026-09-01 01:16:09,7,9,0,2181,12.532,66.419
2026-09-01 01:21:08,6,7,0,2249,12.5,63.793
2026-09-01 01:26:09,6,6,0,2149,12.399,67.36
2026-09-01 01:31:09,9,9,0,2266,12.399,67.007
2026-09-01 01:36:09,6,9,0,2088,12.375,66.61
2026-09-01 01:41:09,7,9,0,2010,12.316,66.311
2026-09-01 01:46:09,4,4,0,1694,12.198,66.715
2026-09-01 01:51:09,1,2,0,1620,12.065,67.144
2026-09-01 01:56:09,4,4,0,1645,11.958,67.285
2026-09-01 02:01:09,3,3,0,1666,11.875,67.84
2026-09-01 02:06:09,4,5,0,1729,11.801,68.632
2026-09-01 02:11:09,5,5,0,1827,11.758,63.499
2026-09-01 02:16:09,4,5,0,1872,11.726,68.672
2026-09-01 02:21:09,5,5,0,1925,11.64,66.478
2026-09-01 02:26:09,5,5,0,1916,11.552,69.002
2026-09-01 02:31:09,3,3,0,1720,11.52,68.134
2026-09-01 02:36:08,3,3,0,1826,11.509,68.069
2026-09-01 02:41:09,3,4,0,1809,11.461,68.952
2026-09-01 02:46:09,3,4,0,1740,11.403,68.777
2026-09-01 02:51:08,4,4,0,1720,11.432,68.971
2026-09-01 02:56:09,4,4,0,1712,11.443,68.783
2026-09-01 03:01:09,2,2,0,1685,11.459,68.897
2026-09-01 03:06:09,3,3,0,1672,11.485,68.619
2026-09-01 03:11:09,4,4,0,1705,11.427,68.487
2026-09-01 03:16:09,4,4,0,1676,11.349,68.207
2026-09-01 03:21:09,4,4,0,1556,11.248,67.781
2026-09-01 03:26:09,4,5,0,1702,11.184,67.831
2026-09-01 03:31:09,2,2,0,1641,11.088,67.688
2026-09-01 03:36:09,2,2,0,1713,10.975,68.029
2026-09-01 03:41:09,3,3,0,1627,10.887,68.529
2026-09-01 03:46:09,2,2,0,1650,10.823,69.347
2026-09-01 03:51:09,1,1,0,1708,10.759,70.043
2026-09-01 03:56:09,2,3,0,1775,10.775,70.234
2026-09-01 04:01:10,4,5,0,1705,10.775,71.241
2026-09-01 04:06:09,2,3,0,1675,10.805,70.621
2026-09-01 04:11:09,2,2,0,1662,10.81,70.965
2026-09-01 04:16:09,4,4,0,1731,10.821,65.805
2026-09-01 04:21:09,4,4,0,1722,10.837,69.217
2026-09-01 04:26:09,3,3,0,1845,10.821,60.878
2026-09-01 04:31:09,3,3,0,1665,10.823,60.936
2026-09-01 04:36:09,4,4,0,1564,10.78,69.139
2026-09-01 04:41:09,4,4,0,1638,10.668,69.429
2026-09-01 04:46:09,3,3,0,1669,10.61,70.713
2026-09-01 04:51:09,4,4,0,1606,10.578,69.357
2026-09-01 04:56:09,2,2,0,1665,10.463,69.799
2026-09-01 05:01:09,3,4,0,1622,10.431,69.195
2026-09-01 05:06:09,2,4,0,1602,10.388,69.891
2026-09-01 05:11:09,3,3,0,1572,10.351,69.959
2026-09-01 05:16:09,3,3,0,1510,10.329,69.839
2026-09-01 05:21:09,4,4,0,1572,10.316,70.572
2026-09-01 05:26:09,4,4,0,1696,10.343,64.859
2026-09-01 05:31:09,4,5,0,1623,10.337,70.942
2026-09-01 05:36:09,3,3,0,1520,10.369,70.007
2026-09-01 05:41:09,3,3,0,1403,10.353,70.183
2026-09-01 05:46:09,3,3,0,1329,10.34,69.626
2026-09-01 05:51:10,3,5,0,1490,10.329,70.049
2026-09-01 05:56:10,3,3,0,1468,10.319,69.454
2026-09-01 06:01:10,4,4,0,1594,10.34,70.513
2026-09-01 06:06:09,3,3,0,1576,10.321,70.282
2026-09-01 06:11:10,4,4,0,1715,10.343,70.749
2026-09-01 06:16:10,3,3,0,1634,10.332,70.759
2026-09-01 06:21:10,3,3,0,1515,10.359,69.753
2026-09-01 06:26:09,3,3,0,1720,10.369,70.4
2026-09-01 06:31:09,4,4,0,1944,10.431,70.675
2026-09-01 06:36:10,3,4,0,1851,10.468,70.871
2026-09-01 06:41:10,5,5,0,1808,10.537,71.214
2026-09-01 06:46:09,3,3,0,1683,10.607,71.26
2026-09-01 06:51:09,1,2,0,1709,10.666,71.111
2026-09-01 06:56:10,3,3,0,2077,10.802,71.068
2026-09-01 07:01:09,4,5,0,1838,10.893,71.384
2026-09-01 07:06:10,5,5,0,1840,10.957,70.848
2026-09-01 07:11:10,5,5,0,2039,11.037,71.272
2026-09-01 07:16:09,8,8,0,2113,11.192,72.487
2026-09-01 07:21:10,9,9,0,2037,11.36,72.586
2026-09-01 07:26:10,12,12,0,2003,11.638,71.522
2026-09-01 07:31:10,8,8,0,2151,11.905,70.368
2026-09-01 07:36:10,9,9,0,2214,12.15,68.359
2026-09-01 07:41:10,9,9,0,2153,12.391,70.331
2026-09-01 07:46:10,9,9,0,2641,12.671,63.381
2026-09-01 07:51:10,3,3,0,2864,12.874,66.736
2026-09-01 07:56:10,3,3,0,1718,12.981,66.879
2026-09-01 08:01:10,4,4,0,1605,13.136,65.29
2026-09-01 08:06:10,6,6,0,1682,13.285,66.629
2026-09-01 08:11:10,7,7,0,1696,13.491,65.92
2026-09-01 08:16:10,14,15,0,1786,13.747,65.992
2026-09-01 08:21:10,8,8,0,2019,13.993,65.403
2026-09-01 08:26:10,9,9,0,1959,14.207,65.073
2026-09-01 08:31:10,8,9,0,1924,14.383,64.956
2026-09-01 08:36:10,6,7,0,1777,14.498,64.787
2026-09-01 08:41:10,3,4,0,2181,14.578,63.989
2026-09-01 08:46:10,4,4,0,5698,14.551,64.245
2026-09-01 08:51:10,4,4,0,1992,14.578,64.979
2026-09-01 08:56:10,5,5,0,1911,14.695,65.195
2026-09-01 09:01:10,4,4,0,1969,14.933,64.817
2026-09-01 09:06:10,6,7,0,1946,15.638,64.001
2026-09-01 09:11:10,7,8,0,1995,17.074,58.363
2026-09-01 09:16:10,7,8,0,1987,18.479,57.216
2026-09-01 09:21:10,8,8,0,2013,19.798,53.205
2026-09-01 09:26:10,9,11,0,1889,20.922,50.661
2026-09-01 09:31:10,16,16,0,1816,21.868,48.583
2026-09-01 09:36:10,11,12,0,1763,22.663,49.43
2026-09-01 09:41:10,13,16,0,1852,23.267,45.644
2026-09-01 09:46:10,8,8,0,1838,24.121,43.063
2026-09-01 09:51:10,4,4,0,1743,24.599,41.816
2026-09-01 09:56:10,3,3,0,1762,24.877,40.925
2026-09-01 10:01:11,5,6,0,1690,25.545,44.845
2026-09-01 10:06:10,2,3,0,1667,26.031,44.038
2026-09-01 10:11:10,3,3,0,1710,26.282,42.152
2026-09-01 10:16:10,3,3,0,1769,26.466,39.249
2026-09-01 10:21:10,3,3,0,1699,27.118,42.766
2026-09-01 10:26:10,3,3,0,1729,27.726,36.105
2026-09-01 10:31:10,19,25,0,1717,28.581,36.634
2026-09-01 10:36:11,3,3,0,1659,29.152,33.279
2026-09-01 10:41:10,1,1,0,2298,29.94,32.39
2026-09-01 10:46:11,2,2,0,1570,30.586,31.177
2026-09-01 10:51:10,1,1,0,1604,31.078,30.294
2026-09-01 10:56:11,1,1,0,1489,31.537,29.843
2026-09-01 11:01:10,3,3,0,1498,31.97,29.214
2026-09-01 11:06:10,1,1,0,1403,32.325,29.243
2026-09-01 11:11:11,0,0,0,1250,32.522,27.988
2026-09-01 11:16:11,1,2,0,1061,32.811,36.374
2026-09-01 11:21:10,1,1,0,1230,32.918,28.188
2026-09-01 11:26:11,0,0,0,1108,33.243,28.237
2026-09-01 11:31:11,1,1,0,1062,33.347,28.125
2026-09-01 11:36:10,1,1,0,939,33.353,27.551
2026-09-01 11:41:11,2,2,0,873,33.684,27.204
2026-09-01 11:46:11,2,2,0,777,34.036,27.566
2026-09-01 11:51:11,0,0,0,662,33.983,28.804
2026-09-01 11:56:11,0,0,0,682,34.242,26.912
2026-09-01 12:01:11,1,1,0,584,34.141,27.412
2026-09-01 12:06:10,0,0,0,605,33.959,27.661
2026-09-01 12:11:11,0,0,0,471,33.884,26.437
2026-09-01 12:16:11,0,0,0,486,33.767,26.895
2026-09-01 12:21:11,0,0,0,414,33.31,27.965
2026-09-01 12:26:11,0,0,0,463,33.289,27.845
2026-09-01 12:31:11,0,1,0,443,33.582,28.216
2026-09-01 12:36:11,0,0,0,432,33.684,28.941
2026-09-01 12:41:11,0,0,0,340,33.903,35.321
2026-09-01 12:46:11,0,0,0,250,34.189,28.186
2026-09-01 12:51:11,0,0,0,297,34.21,27.846
2026-09-01 12:56:11,0,0,0,228,34.141,28.825
2026-09-01 13:01:11,0,0,0,215,34.066,27.122
2026-09-01 13:06:11,0,0,0,122,34.119,31.633
2026-09-01 13:11:11,0,0,0,57,34.1,28.388
2026-09-01 13:16:11,0,0,0,43,34.437,27.953
2026-09-01 13:21:11,0,0,0,124,34.902,26.666
2026-09-01 13:26:11,0,0,0,56,35.211,27.272
2026-09-01 13:31:11,0,0,0,6,35.334,26.935
2026-09-01 13:36:11,0,0,0,0,35.23,30.597
2026-09-01 13:41:11,0,0,0,0,35.048,27.541
2026-09-01 13:46:11,0,0,0,0,35.113,25.567
2026-09-01 13:51:11,0,0,0,0,35.374,26.637
2026-09-01 13:56:11,0,0,0,0,35.449,26.153
2026-09-01 14:01:11,0,0,0,0,35.5,25.947
2026-09-01 14:06:11,0,0,0,0,35.356,24.188
2026-09-01 14:11:11,0,0,0,0,35.259,26.527
2026-09-01 14:16:11,0,0,0,0,34.971,27.701
2026-09-01 14:21:11,0,0,0,0,34.651,27.541
2026-09-01 14:26:11,0,0,0,0,34.37,32.458
2026-09-01 14:31:11,0,0,0,0,33.895,29.052
2026-09-01 14:36:11,0,0,0,0,33.409,29.435
2026-09-01 14:41:11,0,0,0,0,33.078,29.859
2026-09-01 14:46:11,0,0,0,0,32.634,30.511
2026-09-01 14:51:11,0,0,0,0,32.173,31.19
2026-09-01 14:56:11,0,0,0,25,31.98,30.931
2026-09-01 15:01:12,0,0,0,0,31.857,30.522
2026-09-01 15:06:12,0,0,0,0,32.189,30.814
2026-09-01 15:11:11,0,0,0,0,32.61,29.157
2026-09-01 15:16:12,0,0,0,0,32.971,30.452
2026-09-01 15:21:12,0,0,0,0,33.142,29.512
2026-09-01 15:26:12,0,0,0,0,33.078,32.483
2026-09-01 15:31:11,0,0,0,0,32.837,31.501
2026-09-01 15:36:12,0,0,0,0,32.538,31.718
2026-09-01 15:41:11,0,0,0,0,32.573,31.56
2026-09-01 15:46:12,0,0,0,0,32.199,29.842
2026-09-01 15:51:12,0,0,0,0,32.119,31.444
2026-09-01 15:56:12,0,0,0,0,32.066,30.086
2026-09-01 16:01:12,0,0,0,0,31.863,31.501
2026-09-01 16:06:11,0,0,0,0,31.529,32.569
2026-09-01 16:11:12,0,0,0,0,31.096,33.418
2026-09-01 16:16:11,0,0,0,0,30.6,33.946
2026-09-01 16:21:11,0,0,0,0,30.039,34.536
2026-09-01 16:26:12,0,0,0,0,29.537,35.155
2026-09-01 16:31:12,0,1,0,0,29.166,35.032
2026-09-01 16:36:11,0,0,0,0,28.856,35.844
2026-09-01 16:41:12,0,0,0,0,28.503,35.058
2026-09-01 16:46:12,0,0,0,0,28.29,35.886
2026-09-01 16:51:12,0,0,0,0,27.961,36.376
2026-09-01 16:56:12,0,0,0,0,27.636,36.83
2026-09-01 17:01:12,0,0,0,0,27.347,36.952
2026-09-01 17:06:12,0,0,0,0,27.08,37.173
2026-09-01 17:11:12,0,0,0,21,26.832,38.741
2026-09-01 17:16:12,0,0,0,134,26.613,38.827
2026-09-01 17:21:12,0,0,0,22,26.394,39.029
2026-09-01 17:26:12,0,0,0,9,26.154,39.117
2026-09-01 17:31:12,1,1,0,137,25.849,40.405
2026-09-01 17:36:12,0,0,0,479,25.537,41.078
2026-09-01 17:41:12,0,0,0,214,25.312,40.744
2026-09-01 17:46:12,0,0,0,374,25.029,41.301
2026-09-01 17:51:12,0,0,0,592,24.784,42.228
2026-09-01 17:56:12,0,0,0,610,24.554,42.671
2026-09-01 18:01:12,0,0,0,724,24.354,43.254
2026-09-01 18:06:12,0,0,0,751,24.14,44.057
2026-09-01 18:11:12,0,0,0,405,23.921,43.678
2026-09-01 18:16:12,0,0,0,257,23.692,44.271
2026-09-01 18:21:12,2,3,0,457,23.473,45.678
2026-09-01 18:26:12,0,0,0,600,23.251,46.77
2026-09-01 18:31:12,1,1,0,537,22.995,47.985
2026-09-01 18:36:12,2,3,0,586,22.754,48.786
2026-09-01 18:41:12,2,2,0,522,22.546,49.61
2026-09-01 18:46:12,0,1,0,467,22.327,49.961
2026-09-01 18:51:12,1,1,0,753,22.127,50.844
2026-09-01 18:56:12,0,0,0,1143,21.913,51.227
2026-09-01 19:01:12,2,2,0,1604,21.742,51.528
2026-09-01 19:06:12,3,3,0,1095,21.662,52.139
2026-09-01 19:11:12,1,1,0,724,21.561,50.052
2026-09-01 19:16:12,3,3,0,1066,21.392,53.491
2026-09-01 19:21:12,3,3,0,1321,21.243,54.174
2026-09-01 19:26:12,3,3,0,1145,21.056,54.655
2026-09-01 19:31:12,2,2,0,1107,20.88,55.074
2026-09-01 19:36:12,3,3,0,1251,20.719,55.694
2026-09-01 19:41:12,3,3,0,1599,20.525,55.746
2026-09-01 19:46:12,3,4,0,1736,20.348,56.144
2026-09-01 19:51:12,3,4,0,2415,20.145,57.102
2026-09-01 19:56:12,7,7,0,2507,19.985,57.575
2026-09-01 20:01:12,4,5,0,2497,19.878,57.519
2026-09-01 20:06:12,4,4,0,2337,19.758,57.424
2026-09-01 20:11:12,4,4,0,2507,19.63,58.847
2026-09-01 20:16:12,5,5,0,3076,19.459,60.012
2026-09-01 20:21:12,5,6,0,2619,19.235,60.009
2026-09-01 20:26:13,8,8,0,2710,19.085,60.728
2026-09-01 20:31:12,5,7,0,2565,18.906,61.061
2026-09-01 20:36:12,6,6,0,2730,18.762,62.025
2026-09-01 20:41:13,7,8,0,2522,18.671,61.361
2026-09-01 20:46:12,6,7,0,2447,18.527,62.942
2026-09-01 20:51:12,6,6,0,2771,18.447,62.761
2026-09-01 20:56:12,6,6,0,2982,18.359,63.261
2026-09-01 21:01:13,5,5,0,2836,18.364,62.578
2026-09-01 21:06:12,5,5,0,2381,18.316,61.954
2026-09-01 21:11:13,5,6,0,2448,18.268,61.611
2026-09-01 21:16:12,3,3,0,2199,18.247,61.344
2026-09-01 21:21:12,6,7,0,2323,18.169,61.479
2026-09-01 21:26:13,5,5,0,2207,18.121,61.075
2026-09-01 21:31:12,5,5,0,2278,18.025,61.296
2026-09-01 21:36:13,4,4,0,2210,17.977,61.453
2026-09-01 21:41:13,4,5,0,2087,17.86,61.105
2026-09-01 21:46:13,3,3,0,1929,17.723,60.718
2026-09-01 21:51:12,4,4,0,2230,17.542,61.405
2026-09-01 21:56:13,6,6,0,2493,17.328,62.835
2026-09-01 22:01:12,6,6,0,2200,17.189,63.45
2026-09-01 22:06:13,5,6,0,2476,17.088,63.579
2026-09-01 22:11:12,7,7,0,2314,16.957,63.875
2026-09-01 22:16:13,8,8,0,2275,16.855,64.197
2026-09-01 22:21:12,5,5,0,1786,16.759,64.455
2026-09-01 22:26:13,7,8,0,1780,16.679,64.947
2026-09-01 22:31:13,6,6,0,1725,16.556,64.483
2026-09-01 22:36:13,9,9,0,1867,16.42,64.281
2026-09-01 22:41:13,9,11,0,1976,16.249,64.651
2026-09-01 22:46:13,7,7,0,1975,16.089,64.968
2026-09-01 22:51:13,8,9,0,1948,15.956,65.916
2026-09-01 22:56:13,9,9,0,1975,15.859,66.032
2026-09-01 23:01:13,8,9,0,1975,15.777,65.904
2026-09-01 23:06:13,6,7,0,1939,15.755,66.707
2026-09-01 23:11:13,5,6,0,2038,15.665,65.664
2026-09-01 23:16:13,8,8,0,2043,15.632,67.024
2026-09-01 23:21:13,8,9,0,2063,15.611,67.81
2026-09-01 23:26:13,11,12,0,2165,15.657,58.166
2026-09-01 23:31:13,15,18,0,2477,15.646,57.993
2026-09-01 23:36:13,21,23,0,2748,15.71,59.494
2026-09-01 23:41:13,21,21,0,2691,15.774,58.111
2026-09-01 23:46:13,21,21,0,2474,15.859,57.851
2026-09-01 23:51:13,19,19,0,2246,15.91,57.783
2026-09-01 23:56:13,16,19,0,2203,15.916,66.358
2026-09-02 00:01:13,13,18,0,2295,15.916,66.631
2026-09-02 00:06:13,16,18,0,2223,15.857,65.668
2026-09-02 00:11:13,8,8,0,2013,15.787,66.749
2026-09-02 00:16:13,5,5,0,1777,15.689,66.078
2026-09-02 00:21:13,7,8,0,1858,15.528,66.873
2026-09-02 00:26:13,7,7,0,1895,15.341,67.938
2026-09-02 00:31:13,12,14,0,1985,15.176,68.134
2026-09-02 00:36:13,9,12,0,1835,15.069,68.382
2026-09-02 00:41:13,9,11,0,1837,14.954,68.565
2026-09-02 00:46:13,8,9,0,1880,14.869,68.411
2026-09-02 00:51:13,8,9,0,1913,14.805,68.575
2026-09-02 00:56:13,7,7,0,1847,14.746,68.472
2026-09-02 01:01:13,7,8,0,1787,14.693,67.865
2026-09-02 01:06:13,8,8,0,1897,14.604,68.977
2026-09-02 01:11:13,8,8,0,1931,14.53,59.686
2026-09-02 01:16:13,8,8,0,1906,14.417,61.079
2026-09-02 01:21:13,7,8,0,1766,14.284,69.122
2026-09-02 01:26:13,6,8,0,1891,14.225,60.035
2026-09-02 01:31:13,6,6,0,1791,14.164,69.574
2026-09-02 01:36:13,8,8,0,1885,14.11,69.113
2026-09-02 01:41:13,6,6,0,1982,14.03,69.723
2026-09-02 01:46:13,9,12,0,1942,13.972,69.065
2026-09-02 01:51:13,13,16,0,2005,13.875,69.385
2026-09-02 01:56:13,8,9,0,2077,13.798,69.216
2026-09-02 02:01:13,9,13,0,2164,13.755,70.127
2026-09-02 02:06:13,12,12,0,2112,13.718,70.287
2026-09-02 02:11:13,15,16,0,2227,13.702,70.713
2026-09-02 02:16:13,9,12,0,2161,13.713,69.225
2026-09-02 02:21:13,14,14,0,2259,13.683,70.404
2026-09-02 02:26:13,12,15,0,1984,13.688,69.959
2026-09-02 02:31:13,9,12,0,1949,13.662,69.164
2026-09-02 02:36:13,12,13,0,1932,13.614,69.414
2026-09-02 02:41:13,13,15,0,1964,13.582,69.662
2026-09-02 02:46:13,12,14,0,1926,13.568,70.122
2026-09-02 02:51:13,15,15,0,1959,13.552,70.314
2026-09-02 02:56:14,14,15,0,1949,13.558,69.484
2026-09-02 03:01:13,13,14,0,2025,13.552,70.404
2026-09-02 03:06:13,12,14,0,1884,13.579,69.708
2026-09-02 03:11:13,13,14,0,1795,13.587,69.959
2026-09-02 03:16:14,8,8,0,1828,13.571,64.905
2026-09-02 03:21:14,8,8,0,1816,13.534,69.963
2026-09-02 03:26:13,8,8,0,1829,13.491,70.259
2026-09-02 03:31:14,9,9,0,1851,13.491,67.327
2026-09-02 03:36:14,13,14,0,1915,13.467,70.762
2026-09-02 03:41:14,12,12,0,1782,13.462,70.518
2026-09-02 03:46:13,9,9,0,1856,13.445,70.806
2026-09-02 03:51:14,7,8,0,1784,13.451,70.572
2026-09-02 03:56:13,7,7,0,1801,13.472,70.27
2026-09-02 04:01:14,7,7,0,1848,13.47,68.613
2026-09-02 04:06:13,8,10,0,1888,13.47,61.481
2026-09-02 04:11:14,8,8,0,1917,13.47,62.194
2026-09-02 04:16:14,8,8,0,1816,13.416,70.686
2026-09-02 04:21:13,8,8,0,1806,13.459,70.846
2026-09-02 04:26:14,10,10,0,1869,13.515,70.596
2026-09-02 04:31:13,8,8,0,1931,13.536,70.896
2026-09-02 04:36:14,8,8,0,1867,13.584,70.398
2026-09-02 04:41:14,6,6,0,1697,13.584,69.862
2026-09-02 04:46:14,8,8,0,1725,13.52,70.381
2026-09-02 04:51:13,9,12,0,1936,13.405,70.619
2026-09-02 04:56:14,12,12,0,1783,13.309,70.745
2026-09-02 05:01:14,12,13,0,1783,13.235,70.987
2026-09-02 05:06:14,13,13,0,1700,13.154,70.459
2026-09-02 05:11:14,12,13,0,1655,13.096,70.698
2026-09-02 05:16:14,10,10,0,1581,12.981,70.974
2026-09-02 05:21:14,10,13,0,1618,12.879,71.016
2026-09-02 05:26:14,7,7,0,1694,12.815,71.354
2026-09-02 05:31:14,8,8,0,1754,12.724,71.882
2026-09-02 05:36:14,7,9,0,1800,12.687,71.876
2026-09-02 05:41:14,8,8,0,1854,12.636,72.742
2026-09-02 05:46:14,9,9,0,1834,12.62,72.111
2026-09-02 05:51:14,6,6,0,1826,12.583,71.836
2026-09-02 05:56:14,6,6,0,2138,12.514,71.552
2026-09-02 06:01:14,4,4,0,1738,12.428,70.272
2026-09-02 06:06:14,7,7,0,1820,12.329,70.667
2026-09-02 06:11:14,8,10,0,1836,12.228,70.577
2026-09-02 06:16:14,8,8,0,1843,12.094,70.041
2026-09-02 06:21:14,7,7,0,1851,12.014,69.813
2026-09-02 06:26:14,8,9,0,1649,11.87,70.783
2026-09-02 06:31:14,8,9,0,1794,11.782,71.733
2026-09-02 06:36:14,10,12,0,1701,11.696,71.338
2026-09-02 06:41:14,9,10,0,1754,11.648,71.808
2026-09-02 06:46:14,10,10,0,1806,11.584,72.338
2026-09-02 06:51:14,13,13,0,1926,11.563,72.893
2026-09-02 06:56:14,12,12,0,1891,11.518,72.386
2026-09-02 07:01:14,9,10,0,1801,11.432,71.279
2026-09-02 07:06:14,12,13,0,1933,11.357,71.316
2026-09-02 07:11:14,10,13,0,1953,11.229,72.176
2026-09-02 07:16:14,9,9,0,2011,11.245,73.45
2026-09-02 07:21:14,12,12,0,2106,11.285,73.328
2026-09-02 07:26:14,13,15,0,2074,11.333,71.756
2026-09-02 07:31:14,10,12,0,1897,11.376,73.284
2026-09-02 07:36:14,25,27,0,2819,11.413,71.115
2026-09-02 07:41:14,26,28,0,3035,11.477,73.856
2026-09-02 07:46:14,21,22,0,2861,11.55,73.765
2026-09-02 07:51:14,20,25,0,3442,11.672,73.355
2026-09-02 07:56:14,23,25,0,2957,11.801,71.905
2026-09-02 08:01:14,20,20,0,3191,11.923,72.471
2026-09-02 08:06:14,26,28,0,3403,12.132,74.127
2026-09-02 08:11:14,24,24,0,3528,12.407,66.419
2026-09-02 08:16:14,25,26,0,3730,12.759,72.714
2026-09-02 08:21:14,20,24,0,3031,13.138,65.925
2026-09-02 08:26:14,31,32,0,3795,13.464,71.19
2026-09-02 08:31:15,26,27,0,4476,13.79,65.937
2026-09-02 08:36:14,26,26,0,3531,14.108,67.186
2026-09-02 08:41:14,25,26,0,2757,14.45,69.011
2026-09-02 08:46:14,24,24,0,2902,14.754,69.216
2026-09-02 08:51:14,19,20,0,2396,15.08,70.305
2026-09-02 08:56:15,19,23,0,2485,15.539,69.153
2026-09-02 09:01:14,21,21,0,2684,16.028,66.501
2026-09-02 09:06:14,18,20,0,2845,16.663,64.747
2026-09-02 09:11:15,29,30,0,3257,17.288,63.146
2026-09-02 09:16:15,26,27,0,2958,17.79,61.634
2026-09-02 09:21:14,23,23,0,2658,18.495,60.182
2026-09-02 09:26:15,23,24,0,2435,19.31,57.72
2026-09-02 09:31:15,19,20,0,2641,19.956,56.602
2026-09-02 09:36:15,24,25,0,2732,20.431,55.149
2026-09-02 09:41:14,25,26,0,2733,20.784,55.109
2026-09-02 09:46:15,26,27,0,2377,20.885,52.722
2026-09-02 09:51:15,26,26,0,2218,21.069,52.942
2026-09-02 09:56:15,27,32,0,2552,21.502,54.388
2026-09-02 10:01:15,25,27,0,2111,21.721,51.015
2026-09-02 10:06:15,26,28,0,1990,21.892,52.097
2026-09-02 10:11:15,26,26,0,1873,22.234,50.668
2026-09-02 10:16:15,22,23,0,1831,22.541,50.626
2026-09-02 10:21:15,11,11,0,1690,22.722,48.452
2026-09-02 10:26:15,13,13,0,1726,22.989,48.61
2026-09-02 10:31:15,15,17,0,1824,23.123,47.138
2026-09-02 10:36:15,18,19,0,1822,23.235,47.256
2026-09-02 10:41:15,18,19,0,1987,23.408,49.272
2026-09-02 10:46:15,17,17,0,1808,23.531,46.911
2026-09-02 10:51:15,19,21,0,1744,23.708,51.288
2026-09-02 10:56:14,18,19,0,1906,24.226,45.785
2026-09-02 11:01:15,15,16,0,1609,24.439,45.373
2026-09-02 11:06:15,19,19,0,1508,24.81,44.267
2026-09-02 11:11:15,19,19,0,1504,25.344,44.221
2026-09-02 11:16:15,18,19,0,1207,26.055,43.205
2026-09-02 11:21:15,18,19,0,1167,26.535,42.655
2026-09-02 11:26:15,19,22,0,1237,26.728,42.48
2026-09-02 11:31:15,20,23,0,1040,26.554,40.445
2026-09-02 11:36:15,24,24,0,1001,26.608,41.24
2026-09-02 11:41:15,22,23,0,905,27.505,46.8
2026-09-02 11:46:15,19,21,0,830,28.226,38.833
2026-09-02 11:51:15,20,20,0,694,28.989,38.766
2026-09-02 11:56:15,8,8,0,574,29.665,36.433
2026-09-02 12:01:15,18,20,0,544,30.413,36.842
2026-09-02 12:06:15,8,9,0,575,30.84,34.16
2026-09-02 12:11:15,6,7,0,745,30.354,35.251
2026-09-02 12:16:15,7,7,0,638,29.489,37.202
2026-09-02 12:21:15,6,6,0,540,29.15,41.267
2026-09-02 12:26:15,4,4,0,422,29.032,36.729
2026-09-02 12:31:15,5,5,0,268,29.064,37.202
2026-09-02 12:36:15,8,8,0,231,29.224,37.868
2026-09-02 12:41:15,4,4,0,152,29.935,36.13
2026-09-02 12:46:15,2,2,0,40,30.594,34.389
2026-09-02 12:51:15,4,4,0,40,31.257,40.283
2026-09-02 12:56:15,2,2,0,76,31.54,33.956
2026-09-02 13:01:15,2,2,0,0,31.716,34.721
2026-09-02 13:06:15,3,4,0,0,31.86,33.244
2026-09-02 13:11:15,5,5,0,0,32.098,32.26
2026-09-02 13:16:15,2,2,0,0,32.45,33.771
2026-09-02 13:21:15,3,3,0,0,32.845,35.442
2026-09-02 13:26:15,3,3,0,0,32.91,32.897
2026-09-02 13:31:15,2,2,0,0,32.979,32.319
2026-09-02 13:36:15,3,3,0,0,33.153,33.59
2026-09-02 13:41:15,3,3,0,0,33.094,36.908
2026-09-02 13:46:16,2,4,0,0,33.179,37.83
2026-09-02 13:51:15,2,2,0,0,33.04,31.732
2026-09-02 13:56:15,0,1,0,0,32.982,31.121
2026-09-02 14:01:15,1,1,0,0,33.059,31.087
2026-09-02 14:06:16,0,0,0,0,33.016,31.396
2026-09-02 14:11:15,1,2,0,0,33.059,32.882
2026-09-02 14:16:16,0,0,0,0,33.091,30.488
2026-09-02 14:21:16,3,3,0,0,33.158,31.823
2026-09-02 14:26:15,0,0,0,0,33.19,32.439
2026-09-02 14:31:16,0,0,0,0,33.201,31.688
2026-09-02 14:36:15,1,1,0,0,33.099,34.621
2026-09-02 14:41:16,0,0,0,0,32.725,32.689
2026-09-02 14:46:15,0,1,0,0,32.824,33.073
2026-09-02 14:51:16,0,0,0,0,32.867,33.828
2026-09-02 14:56:15,0,0,0,0,32.557,32.811
2026-09-02 15:01:16,0,0,0,0,32.418,32.691
2026-09-02 15:06:15,0,0,0,0,32.37,36.588
2026-09-02 15:11:16,0,0,0,0,32.293,33.631
2026-09-02 15:16:16,0,0,0,0,32.293,34.7
2026-09-02 15:21:16,0,0,0,0,32.042,34.196
2026-09-02 15:26:16,0,0,0,0,31.887,34.623
2026-09-02 15:31:15,0,0,0,0,31.833,34.219
2026-09-02 15:36:16,0,0,0,0,31.692,34.175
2026-09-02 15:41:15,0,0,0,0,31.633,34.248
2026-09-02 15:46:16,0,0,0,0,31.409,33.24
2026-09-02 15:51:16,0,0,0,0,31.168,33.801
2026-09-02 15:56:16,0,0,0,0,31.035,34.169
2026-09-02 16:01:16,0,0,0,0,30.723,34.547
2026-09-02 16:06:16,0,0,0,0,30.29,34.583
2026-09-02 16:11:16,0,0,0,0,30.135,35.236
2026-09-02 16:16:15,0,0,0,0,29.921,36.041
2026-09-02 16:21:16,0,0,0,0,29.606,37.418
2026-09-02 16:26:16,0,0,0,0,29.342,38.289
2026-09-02 16:31:16,0,0,0,0,29.166,37.927
2026-09-02 16:36:16,0,0,0,0,28.883,38.945
2026-09-02 16:41:16,0,0,0,0,28.701,38.047
2026-09-02 16:46:16,0,0,0,0,28.621,38.221
2026-09-02 16:51:16,0,0,0,0,28.437,38.883
2026-09-02 16:56:16,0,0,0,0,28.346,39.18
2026-09-02 17:01:16,0,0,0,0,28.25,40.015
2026-09-02 17:06:16,0,0,0,0,27.993,40.227
2026-09-02 17:11:16,0,0,0,0,27.716,40.7
2026-09-02 17:16:16,0,0,0,76,27.441,41.002
2026-09-02 17:21:16,0,0,0,80,27.147,42.053
2026-09-02 17:26:16,0,0,0,30,26.789,41.848
2026-09-02 17:31:16,0,0,0,14,26.287,41.435
2026-09-02 17:36:16,0,0,0,169,25.71,40.143
2026-09-02 17:41:16,0,0,0,106,25.051,41.629
2026-09-02 17:46:16,0,0,0,355,24.431,43.332
2026-09-02 17:51:16,0,0,0,318,23.945,45.65
2026-09-02 17:56:16,0,0,0,609,23.566,47.326
2026-09-02 18:01:16,0,0,0,500,23.198,48.059
2026-09-02 18:06:16,0,0,0,615,22.864,48.957
2026-09-02 18:11:16,0,0,0,551,22.431,49.228
2026-09-02 18:16:16,0,0,0,532,21.918,51.263
2026-09-02 18:21:16,0,0,0,682,21.523,51.557
2026-09-02 18:26:19,0,0,0,760,21.144,53.932
2026-09-02 18:31:16,0,0,0,775,20.768,55.128
2026-09-02 18:36:16,0,0,0,746,20.452,55.603
2026-09-02 18:41:16,0,0,0,831,20.196,56.175
2026-09-02 18:46:16,0,1,0,838,19.916,56.835
2026-09-02 18:51:16,0,0,0,943,19.681,57.266
2026-09-02 18:56:16,0,0,0,804,19.456,57.468
2026-09-02 19:01:16,1,1,0,1048,19.243,57.735
2026-09-02 19:06:16,0,0,0,1544,19.061,55.038
2026-09-02 19:11:16,0,0,0,1221,18.946,58.256
2026-09-02 19:16:16,0,0,0,1184,18.856,58.544
2026-09-02 19:21:16,0,0,0,1025,18.738,58.622
2026-09-02 19:26:16,0,0,0,1526,18.589,58.639
2026-09-02 19:31:16,0,0,0,1846,18.444,58.914
2026-09-02 19:36:16,4,5,0,2146,18.303,56.108
2026-09-02 19:41:16,5,5,0,2214,18.084,59.658
2026-09-02 19:46:16,0,1,0,2029,17.886,60.028
2026-09-02 19:51:16,0,0,0,1879,17.683,60.232
2026-09-02 19:56:16,0,0,0,1633,17.486,60.459
2026-09-02 20:01:16,0,0,0,1622,17.317,60.93
2026-09-02 20:06:16,0,0,0,1357,17.184,60.495
2026-09-02 20:11:16,0,0,0,1217,17.104,60.686
2026-09-02 20:16:17,0,0,0,1157,17.045,61.132
2026-09-02 20:21:16,0,0,0,1262,17.029,54.78
2026-09-02 20:26:16,0,0,0,1162,16.957,61.872
2026-09-02 20:31:17,0,0,0,1063,16.882,61.203
2026-09-02 20:36:16,0,0,0,1220,16.834,60.974
2026-09-02 20:41:17,6,6,0,1502,16.797,57.283
2026-09-02 20:46:17,0,0,0,1545,16.77,60.455
2026-09-02 20:51:17,0,0,0,1354,16.693,60.426
2026-09-02 20:56:16,0,0,0,1253,16.607,60.478
2026-09-02 21:01:16,0,0,0,1279,16.516,60.571
2026-09-02 21:06:17,0,0,0,1533,16.383,60.846
2026-09-02 21:11:17,0,0,0,1502,16.303,61.147
2026-09-02 21:16:16,0,0,0,1452,16.172,61.46
2026-09-02 21:21:17,0,0,0,1407,16.06,61.966
2026-09-02 21:26:17,0,0,0,1419,15.921,62.624
2026-09-02 21:31:16,0,0,0,1465,15.819,62.748
2026-09-02 21:36:17,1,1,0,1689,15.691,63.329
2026-09-02 21:41:16,0,0,0,1802,15.576,62.036
2026-09-02 21:46:17,0,0,0,2009,15.438,62.105
2026-09-02 21:51:17,0,1,0,2358,15.288,62.116
2026-09-02 21:56:17,0,1,0,2298,15.112,63.646
2026-09-02 22:01:17,0,0,0,2225,14.941,64.245
2026-09-02 22:06:17,0,0,0,2340,14.853,64.714
2026-09-02 22:11:17,0,1,0,2219,14.762,64.289
2026-09-02 22:16:17,0,0,0,2240,14.623,65.351
2026-09-02 22:21:17,0,0,0,2305,14.527,66.171
2026-09-02 22:26:17,0,0,0,2356,14.425,66.099
2026-09-02 22:31:17,0,1,0,2634,14.364,65.96
2026-09-02 22:36:17,0,0,0,2325,14.295,65.056
2026-09-02 22:41:17,0,0,0,2403,14.145,65.292
2026-09-02 22:46:17,2,4,0,2650,14.001,65.944
2026-09-02 22:51:17,4,4,0,2556,13.835,66.536
2026-09-02 22:56:17,1,1,0,2549,13.726,67.314
2026-09-02 23:01:17,5,6,0,3172,13.705,67.337
2026-09-02 23:06:17,3,3,0,2588,13.635,66.459
2026-09-02 23:11:17,5,5,0,2552,13.55,66.171
2026-09-02 23:16:17,4,4,0,2368,13.486,66.278
2026-09-02 23:21:17,7,7,0,2656,13.381,67.604
2026-09-02 23:26:17,5,6,0,2951,13.317,67.651
2026-09-02 23:31:17,3,3,0,2542,13.216,66.99
2026-09-02 23:36:17,5,5,0,2505,13.114,67.253
2026-09-02 23:41:17,5,5,0,2471,12.992,67.301
2026-09-02 23:46:17,6,6,0,2214,12.914,66.524
2026-09-02 23:51:17,5,6,0,2435,12.781,67.678
2026-09-02 23:56:17,6,6,0,2436,12.711,67.651
2026-09-03 00:01:17,9,9,0,2330,12.62,68.689
2026-09-03 00:06:17,7,7,0,2370,12.567,68.897
2026-09-03 00:11:17,7,7,0,2374,12.522,67.857
2026-09-03 00:16:17,9,12,0,2723,12.468,68.563
2026-09-03 00:21:17,9,9,0,2748,12.399,69.006
2026-09-03 00:26:17,5,6,0,2463,12.335,67.796
2026-09-03 00:31:17,3,3,0,2278,12.255,68.519
2026-09-03 00:36:17,4,4,0,2203,12.198,70.032
2026-09-03 00:41:17,4,5,0,2311,12.177,70.383
2026-09-03 00:46:17,3,3,0,2328,12.182,69.616
2026-09-03 00:51:17,5,5,0,2350,12.161,69.534
2026-09-03 00:56:17,5,5,0,2319,12.129,70.028
2026-09-03 01:01:17,4,5,0,2254,12.116,69.416
2026-09-03 01:06:17,6,6,0,2076,12.046,69.216
2026-09-03 01:11:18,2,3,0,2142,11.987,69.116
2026-09-03 01:16:17,4,5,0,1990,11.918,69.24
2026-09-03 01:21:18,5,5,0,2005,11.779,69.641
2026-09-03 01:26:17,4,4,0,2018,11.643,69.86
2026-09-03 01:31:18,4,4,0,1876,11.552,69.21
2026-09-03 01:36:17,4,4,0,1924,11.408,70.059
2026-09-03 01:41:18,2,2,0,1977,11.317,71.632
2026-09-03 01:46:17,4,4,0,1867,11.275,71.893
2026-09-03 01:51:18,3,3,0,1848,11.266,69.635
2026-09-03 01:56:17,1,2,0,1809,11.186,69.874
2026-09-03 02:01:18,4,5,0,1851,11.128,70.045
2026-09-03 02:06:17,4,5,0,1848,11.09,69.954
2026-09-03 02:11:18,2,2,0,1812,11.015,69.788
2026-09-03 02:16:19,3,3,0,1797,10.954,69.824
2026-09-03 02:21:17,3,4,0,1744,10.885,65.612
2026-09-03 02:26:18,3,3,0,1829,10.756,70.215
2026-09-03 02:31:17,4,5,0,2043,10.687,61.573
2026-09-03 02:36:18,7,8,0,2139,10.647,64.726
2026-09-03 02:41:18,5,5,0,2040,10.674,72.939
2026-09-03 02:46:18,5,6,0,2121,10.684,73.017
2026-09-03 02:51:18,5,8,0,2299,10.738,61.342
2026-09-03 02:56:18,7,7,0,2095,10.764,71.476
2026-09-03 03:01:17,7,7,0,2190,10.772,72.386
2026-09-03 03:06:18,5,5,0,2241,10.783,72.319
2026-09-03 03:11:18,7,7,0,2093,10.821,72.864
2026-09-03 03:16:18,5,5,0,1902,10.826,70.486
2026-09-03 03:21:18,7,7,0,1912,10.756,70.009
2026-09-03 03:26:18,4,4,0,1922,10.679,70.293
2026-09-03 03:31:18,4,8,0,1971,10.62,70.163
2026-09-03 03:36:18,5,7,0,1845,10.572,69.62
2026-09-03 03:41:17,4,4,0,1924,10.508,71.327
2026-09-03 03:46:18,5,5,0,1883,10.465,71.991
2026-09-03 03:51:18,3,3,0,1788,10.415,71.386
2026-09-03 03:56:18,3,3,0,1855,10.409,71.567
2026-09-03 04:01:18,3,4,0,1672,10.372,70.583
2026-09-03 04:06:18,1,1,0,1519,10.292,69.505
2026-09-03 04:11:18,3,3,0,1410,10.164,69.103
2026-09-03 04:16:18,2,2,0,1483,10.022,69.925
2026-09-03 04:21:18,4,5,0,1519,9.947,70.699
2026-09-03 04:26:18,2,2,0,1655,9.905,70.4
2026-09-03 04:31:18,2,2,0,1410,9.857,70.526
2026-09-03 04:36:18,2,2,0,1530,9.825,65.67
2026-09-03 04:41:18,3,3,0,1660,9.763,63.491
2026-09-03 04:46:18,2,3,0,1580,9.694,71.174
2026-09-03 04:51:18,3,3,0,1569,9.678,71.544
2026-09-03 04:56:18,3,3,0,1532,9.646,71.087
2026-09-03 05:01:18,3,3,0,1532,9.651,71.014
2026-09-03 05:06:18,3,3,0,1380,9.622,69.29
2026-09-03 05:11:18,3,3,0,1473,9.574,69.635
2026-09-03 05:16:18,3,3,0,1517,9.525,70.013
2026-09-03 05:21:18,4,4,0,1607,9.477,71.304
2026-09-03 05:26:18,3,3,0,1676,9.477,71.344
2026-09-03 05:31:18,3,3,0,1656,9.459,72.14
2026-09-03 05:36:18,5,7,0,1538,9.443,72.405
2026-09-03 05:41:18,4,4,0,1406,9.448,70.669
2026-09-03 05:46:18,5,5,0,1445,9.395,70.566
2026-09-03 05:51:18,4,6,0,1586,9.357,70.329
2026-09-03 05:56:18,7,7,0,1664,9.258,69.767
2026-09-03 06:01:18,8,8,0,1842,9.21,72.428
2026-09-03 06:06:18,9,9,0,1903,9.21,73.675
2026-09-03 06:11:18,8,8,0,2121,9.248,73.772
2026-09-03 06:16:18,8,9,0,1962,9.306,73.343
2026-09-03 06:21:18,9,9,0,2050,9.336,68.636
2026-09-03 06:26:18,9,10,0,2096,9.341,73
2026-09-03 06:31:18,9,9,0,2397,9.389,62.441
2026-09-03 06:36:18,9,9,0,2305,9.379,74.009
2026-09-03 06:41:18,13,13,0,2566,9.421,73.576
2026-09-03 06:46:18,14,15,0,2655,9.493,73.66
2026-09-03 06:51:18,8,9,0,2580,9.52,72.408
2026-09-03 06:56:18,17,19,0,2422,9.536,73.183
2026-09-03 07:01:18,13,14,0,2407,9.525,72.599
2026-09-03 07:06:18,27,28,0,2496,9.547,71.825
2026-09-03 07:11:18,22,24,0,2547,9.544,72.334
2026-09-03 07:16:18,28,28,0,2610,9.544,72.092
2026-09-03 07:21:18,22,24,0,2733,9.576,72.744
2026-09-03 07:26:18,26,26,0,3456,9.619,72.208
2026-09-03 07:31:18,19,20,0,2635,9.683,71.205
2026-09-03 07:36:18,7,8,0,2056,9.734,70.991
2026-09-03 07:41:18,9,9,0,2350,9.792,71.869
2026-09-03 07:46:18,9,9,0,2498,9.926,72.332
2026-09-03 07:51:18,8,9,0,2648,10.06,72.527
2026-09-03 07:56:18,10,13,0,2437,10.241,72.441
2026-09-03 08:01:18,14,16,0,2396,10.393,72.395
2026-09-03 08:06:19,20,22,0,2706,10.612,73.013
2026-09-03 08:11:18,23,23,0,3471,10.831,73.398
2026-09-03 08:16:19,19,23,0,3480,11.098,73.572
2026-09-03 08:21:18,17,19,0,3226,11.397,73.776
2026-09-03 08:26:19,13,15,0,3114,11.715,73.368
2026-09-03 08:31:19,22,23,0,3069,12.052,73.366
2026-09-03 08:36:18,12,12,0,2935,12.372,72.958
2026-09-03 08:41:18,15,17,0,2867,12.741,72.918
2026-09-03 08:46:19,19,21,0,2582,13.088,71.873
2026-09-03 08:51:19,19,20,0,2389,13.48,71.161
2026-09-03 08:56:18,16,17,0,2315,13.849,69.914
2026-09-03 09:01:19,18,20,0,2237,14.319,64.747
2026-09-03 09:06:18,16,17,0,2136,15.232,62.687
2026-09-03 09:11:19,18,18,0,2462,16.653,59.993
2026-09-03 09:16:18,20,21,0,2359,17.787,58.775
2026-09-03 09:21:19,19,20,0,3494,18.637,56.263
2026-09-03 09:26:19,20,23,0,3086,19.4,54.811
2026-09-03 09:31:19,19,20,0,2372,20.143,52.764
2026-09-03 09:36:19,20,20,0,3049,20.784,51.057
2026-09-03 09:41:18,20,20,0,2275,21.539,51.66
2026-09-03 09:46:19,19,22,0,2189,22.009,47.479
2026-09-03 09:51:19,20,22,0,2251,22.501,48.288
2026-09-03 09:56:19,19,22,0,2236,23.093,45.209
2026-09-03 10:01:19,20,22,0,2186,23.846,45.572
2026-09-03 10:06:19,19,19,0,2099,24.207,43.052
2026-09-03 10:11:19,23,23,0,2283,24.864,41.633
2026-09-03 10:16:19,17,21,0,2118,25.515,40.513
2026-09-03 10:21:19,15,16,0,2088,25.959,39.556
2026-09-03 10:26:19,20,22,0,2173,26.503,39.459
2026-09-03 10:31:19,18,18,0,2072,27.152,38.898
2026-09-03 10:36:18,22,23,0,2123,27.617,37.818
2026-09-03 10:41:19,18,19,0,2077,27.804,37.978
2026-09-03 10:46:19,17,19,0,1918,28.172,41.11
2026-09-03 10:51:19,13,15,0,1686,28.487,39.724
2026-09-03 10:56:19,11,11,0,1562,28.997,42.724
2026-09-03 11:01:19,7,9,0,1605,29.158,36.346
2026-09-03 11:06:19,5,5,0,1322,29.131,34.86
2026-09-03 11:11:19,3,3,0,1061,29.104,34.311
2026-09-03 11:16:19,7,7,0,1247,29.382,35.598
2026-09-03 11:21:19,4,4,0,977,29.945,40.62
2026-09-03 11:26:19,3,5,0,1115,30.031,33.353
2026-09-03 11:31:19,1,1,0,866,30.293,40.735
2026-09-03 11:36:19,2,2,0,772,30.229,35.068
2026-09-03 11:41:19,0,0,0,496,29.967,34.251
2026-09-03 11:46:19,0,0,0,536,30.087,33.494
2026-09-03 11:51:19,2,2,0,559,30.541,37.179
2026-09-03 11:56:19,0,0,0,411,30.776,35.02
2026-09-03 12:01:19,1,1,0,376,30.883,36.88
2026-09-03 12:06:19,0,0,0,305,31.027,32.756
2026-09-03 12:11:19,0,0,0,317,31.163,32.338
2026-09-03 12:16:19,0,0,0,333,31.59,37.61
2026-09-03 12:21:19,0,0,0,267,31.841,35.44
2026-09-03 12:26:19,0,0,0,336,32.135,32.554
2026-09-03 12:31:19,0,0,0,281,32.557,33.939
2026-09-03 12:36:19,0,1,0,282,32.971,30.896
2026-09-03 12:41:19,0,0,0,219,33.227,30.894
2026-09-03 12:46:19,1,1,0,237,33.484,36.237
2026-09-03 12:51:19,0,1,0,217,33.558,33.345
2026-09-03 12:56:19,0,0,0,185,33.409,32.277
2026-09-03 13:01:19,0,0,0,107,33.534,31.789
2026-09-03 13:06:19,0,1,0,67,33.251,31.205
2026-09-03 13:11:19,0,0,0,44,33.315,31.749
2026-09-03 13:16:19,0,0,0,39,33.534,37.252
2026-09-03 13:21:19,0,0,0,67,33.214,31.827
2026-09-03 13:26:20,0,0,0,64,33.249,31.789
2026-09-03 13:31:19,0,0,0,3,33.201,31.86
2026-09-03 13:36:19,0,0,0,26,33.323,30.788
2026-09-03 13:41:20,0,0,0,19,33.35,34.286
2026-09-03 13:46:19,0,0,0,0,33.446,37.07
2026-09-03 13:51:20,0,0,0,0,33.444,30.641
2026-09-03 13:56:19,0,0,0,0,33.315,30.688
2026-09-03 14:01:19,0,0,0,0,33.161,30.467
2026-09-03 14:06:20,0,0,0,0,33.187,29.342
2026-09-03 14:11:19,0,0,0,0,33.091,30.358
2026-09-03 14:16:20,0,0,0,0,33.115,29.13
2026-09-03 14:21:19,0,0,0,0,33.067,29.664
2026-09-03 14:26:19,0,0,0,0,33.003,35.558
2026-09-03 14:31:20,0,0,0,0,32.885,30.507
2026-09-03 14:36:20,0,0,0,0,32.939,36.096
2026-09-03 14:41:19,0,0,0,0,32.942,29.691
2026-09-03 14:46:20,0,0,0,0,32.995,29.126
2026-09-03 14:51:19,0,0,0,0,32.819,27.867
2026-09-03 14:56:19,0,0,0,0,32.749,30.185
2026-09-03 15:01:19,0,0,0,0,32.669,28.716
2026-09-03 15:06:20,0,0,0,0,32.661,29.845
2026-09-03 15:11:20,0,0,0,0,32.672,34.511
2026-09-03 15:16:20,0,0,0,0,32.683,28.39
2026-09-03 15:21:20,0,0,0,0,32.538,27.972
2026-09-03 15:26:20,0,0,0,0,32.448,28.936
2026-09-03 15:31:20,0,0,0,0,32.375,28.512
2026-09-03 15:36:20,0,0,0,0,32.183,31.799
2026-09-03 15:41:23,0,0,0,0,32.023,29.632
2026-09-03 15:46:20,0,0,0,0,31.791,29.756
2026-09-03 15:51:20,0,0,0,0,31.593,30.261
2026-09-03 15:56:20,0,0,0,0,31.39,30.704
2026-09-03 16:01:20,0,0,0,0,31.209,31.083
2026-09-03 16:06:19,0,0,0,0,31.011,31.652
2026-09-03 16:11:20,0,0,0,0,30.869,31.179
2026-09-03 16:16:20,0,0,0,0,30.805,31.997
2026-09-03 16:21:19,0,0,0,0,30.763,32.479
2026-09-03 16:26:20,1,1,0,0,30.522,31.482
2026-09-03 16:31:20,0,0,0,0,30.463,33.193
2026-09-03 16:36:20,0,0,0,0,30.124,32.34
2026-09-03 16:41:20,0,0,0,0,29.895,33.189
2026-09-03 16:46:20,0,0,0,0,29.542,34.028
2026-09-03 16:51:19,0,0,0,0,29.43,33.944
2026-09-03 16:56:20,0,0,0,45,29.168,34.698
2026-09-03 17:01:20,0,0,0,171,28.867,36
2026-09-03 17:06:20,0,0,0,137,28.632,36.191
2026-09-03 17:11:20,0,0,0,68,28.349,36.054
2026-09-03 17:16:20,1,1,0,199,27.964,36.397
2026-09-03 17:21:20,0,0,0,215,27.633,37.809
2026-09-03 17:26:20,0,0,0,412,27.326,37.902
2026-09-03 17:31:20,0,0,0,113,26.706,38.036
2026-09-03 17:36:20,0,0,0,270,26.092,39.262
2026-09-03 17:41:20,0,0,0,261,25.505,39.867
2026-09-03 17:46:20,0,0,0,307,24.965,40.427
2026-09-03 17:51:20,0,0,0,309,24.429,40.708
2026-09-03 17:56:20,0,0,0,300,24.001,40.969
2026-09-03 18:01:20,0,0,0,330,23.537,42.001
2026-09-03 18:06:20,0,0,0,301,23.104,42.327
2026-09-03 18:11:20,0,0,0,577,22.645,43.973
2026-09-03 18:16:20,0,0,0,487,22.161,44.353
2026-09-03 18:21:20,0,0,0,716,21.793,45.553
2026-09-03 18:26:20,2,2,0,729,21.392,46.447
2026-09-03 18:31:20,3,3,0,780,21.008,46.493
2026-09-03 18:36:20,2,4,0,692,20.677,47.283
2026-09-03 18:41:20,28,29,0,813,20.343,47.862
2026-09-03 18:46:20,19,20,0,1449,20.081,48.879
2026-09-03 18:51:20,23,26,0,1228,19.83,47.899
2026-09-03 18:56:20,41,49,0,1163,19.574,49.211
2026-09-03 19:01:20,5,7,0,907,19.339,48.41
2026-09-03 19:06:21,1,2,0,785,19.123,47.481
2026-09-03 19:11:20,0,0,0,1063,18.941,49.724
2026-09-03 19:16:21,0,0,0,858,18.754,46.113
2026-09-03 19:21:20,0,0,0,1232,18.546,49.938
2026-09-03 19:26:21,1,1,0,1044,18.327,50.521
2026-09-03 19:31:20,0,0,0,1064,18.175,50.857
2026-09-03 19:36:21,1,2,0,612,18.014,50.731
2026-09-03 19:41:21,0,0,0,816,17.87,51.435
2026-09-03 19:46:20,0,0,0,699,17.742,49.739
2026-09-03 19:51:20,0,0,0,943,17.625,51.979
2026-09-03 19:56:20,0,0,0,1225,17.531,51.771
2026-09-03 20:01:21,0,0,0,850,17.382,48.034
2026-09-03 20:06:21,1,2,0,1096,17.317,52.671
2026-09-03 20:11:20,0,0,0,976,17.195,53.066
2026-09-03 20:16:21,0,0,0,850,17.109,52.845
2026-09-03 20:21:20,0,0,0,818,16.989,51.238
2026-09-03 20:26:21,0,0,0,1610,16.877,53.709
2026-09-03 20:31:21,0,1,0,1552,16.77,54.115
2026-09-03 20:36:21,0,0,0,1143,16.642,54.803
2026-09-03 20:41:21,0,1,0,1172,16.519,55.12
2026-09-03 20:46:21,0,0,0,1100,16.388,55.553
2026-09-03 20:51:21,0,0,0,1075,16.255,56.554
2026-09-03 20:56:20,0,0,0,1546,16.073,56.758
2026-09-03 21:01:21,0,0,0,1844,15.892,56.284
2026-09-03 21:06:20,0,0,0,1789,15.742,57.016
2026-09-03 21:11:21,0,0,0,2035,15.552,57.508
2026-09-03 21:16:21,0,0,0,2146,15.403,57.556
2026-09-03 21:21:20,0,0,0,2260,15.227,58.256
2026-09-03 21:26:21,0,0,0,2123,15.072,58.765
2026-09-03 21:31:21,0,0,0,2176,14.917,58.62
2026-09-03 21:36:21,0,0,0,2071,14.791,59.375
2026-09-03 21:41:21,0,0,0,2101,14.679,60.459
2026-09-03 21:46:21,1,1,0,2287,14.604,60.716
2026-09-03 21:51:21,0,0,0,2287,14.519,60.981
2026-09-03 21:56:21,0,0,0,1778,14.492,61.298
2026-09-03 22:01:21,0,0,0,2220,14.468,61.569
2026-09-03 22:06:21,0,0,0,1925,14.436,61.554
2026-09-03 22:11:21,0,0,0,2075,14.399,61.807
2026-09-03 22:16:21,0,1,0,1674,14.367,58.506
2026-09-03 22:21:21,0,0,0,1405,14.383,61.546
2026-09-03 22:26:21,0,0,0,1389,14.401,61.546
2026-09-03 22:31:21,0,0,0,1780,14.375,61.762
2026-09-03 22:36:21,0,0,0,1938,14.321,61.491
2026-09-03 22:41:21,0,0,0,2018,14.209,60.753
2026-09-03 22:46:21,0,0,0,2105,14.054,61.26
2026-09-03 22:51:21,0,0,0,2204,13.881,61.081
2026-09-03 22:56:21,0,0,0,2126,13.71,61.277
2026-09-03 23:01:21,0,0,0,2072,13.56,61.897
2026-09-03 23:06:22,1,1,0,2168,13.405,62.307
2026-09-03 23:11:25,3,3,0,2165,13.296,62.624
2026-09-03 23:16:21,3,3,0,2224,13.157,63.654
2026-09-03 23:21:21,2,3,0,2282,13.026,63.879
2026-09-03 23:26:21,3,4,0,2530,12.914,64.672
2026-09-03 23:31:21,4,4,0,2535,12.797,65.036
2026-09-03 23:36:21,3,3,0,2468,12.668,65.469
2026-09-03 23:41:21,4,5,0,2421,12.599,66.322
2026-09-03 23:46:21,4,4,0,2404,12.532,65.988
2026-09-03 23:51:21,8,8,0,2523,12.457,66.526
2026-09-03 23:56:21,7,7,0,2440,12.388,66.198
2026-09-04 00:01:21,7,7,0,2559,12.335,65.717
2026-09-04 00:06:21,7,7,0,2497,12.279,66.185
2026-09-04 00:11:21,7,9,0,2407,12.209,66.324
2026-09-04 00:16:21,12,12,0,2631,12.177,66.473
2026-09-04 00:21:21,9,10,0,2574,12.14,66.187
2026-09-04 00:26:21,9,9,0,2696,12.033,66.282
2026-09-04 00:31:21,20,20,0,2755,11.977,67.642
2026-09-04 00:36:21,30,31,0,2988,11.955,67.915
2026-09-04 00:41:21,26,27,0,2765,11.982,67.474
2026-09-04 00:46:21,22,25,0,2861,11.982,66.177
2026-09-04 00:51:21,26,28,0,3002,11.95,67.291
2026-09-04 00:56:21,20,21,0,2982,11.926,66.993
2026-09-04 01:01:22,22,25,0,2936,11.873,66.988
2026-09-04 01:06:21,21,25,0,2805,11.803,67.007
2026-09-04 01:11:21,21,21,0,2481,11.702,66.57
2026-09-04 01:16:21,12,13,0,2245,11.6,66.114
2026-09-04 01:21:22,14,16,0,2296,11.475,67.089
2026-09-04 01:26:21,13,18,0,2559,11.357,68.111
2026-09-04 01:31:21,10,12,0,1873,11.288,66.076
2026-09-04 01:36:22,6,6,0,2039,11.176,67.054
2026-09-04 01:41:22,8,8,0,1955,11.064,66.814
2026-09-04 01:46:21,9,10,0,1960,10.997,66.539
2026-09-04 01:51:22,9,10,0,1929,10.831,66.848
2026-09-04 01:56:21,9,10,0,2425,10.719,66.049
2026-09-04 02:01:21,8,8,0,2133,10.612,67.636
2026-09-04 02:06:21,9,9,0,2703,10.521,68.369
2026-09-04 02:11:21,7,7,0,2517,10.481,69.633
2026-09-04 02:16:22,9,10,0,2507,10.46,70.465
2026-09-04 02:21:21,10,12,0,2333,10.465,69.961
2026-09-04 02:26:22,14,14,0,2422,10.444,69.154
2026-09-04 02:31:22,7,8,0,2301,10.428,68.165
2026-09-04 02:36:22,8,9,0,2240,10.393,67.777
2026-09-04 02:41:21,7,7,0,2283,10.319,68.474
2026-09-04 02:46:21,13,13,0,2445,10.276,68.76
2026-09-04 02:51:22,10,10,0,2679,10.222,69.509
2026-09-04 02:56:21,8,8,0,1917,10.196,67.362
2026-09-04 03:01:22,7,8,0,2164,10.129,67.573
2026-09-04 03:06:22,8,9,0,2050,10.033,67.291
2026-09-04 03:11:21,8,8,0,1925,9.942,66.934
2026-09-04 03:16:22,7,8,0,1885,9.835,67.434
2026-09-04 03:21:22,5,5,0,1873,9.755,67.6
2026-09-04 03:26:22,4,4,0,1843,9.667,68.157
2026-09-04 03:31:22,4,4,0,1688,9.603,68.125
2026-09-04 03:36:21,6,6,0,1703,9.507,68.521
2026-09-04 03:41:22,4,4,0,1729,9.491,68.908
2026-09-04 03:46:22,2,2,0,1556,9.459,69.488
2026-09-04 03:51:22,4,6,0,1528,9.392,69.082
2026-09-04 03:56:22,3,4,0,1693,9.322,69.904
2026-09-04 04:01:22,4,4,0,1758,9.28,70.587
2026-09-04 04:06:22,3,3,0,1941,9.264,71.195
2026-09-04 04:11:22,3,4,0,1890,9.248,72.309
2026-09-04 04:16:22,4,6,0,1873,9.256,71.544
2026-09-04 04:21:22,3,3,0,1969,9.272,71.838
2026-09-04 04:26:22,3,4,0,1836,9.277,71.028
2026-09-04 04:31:22,6,6,0,1931,9.261,71.214
2026-09-04 04:36:22,4,4,0,1905,9.272,70.495
2026-09-04 04:41:22,7,7,0,1923,9.232,70.568
2026-09-04 04:46:22,6,6,0,1997,9.205,71.794
2026-09-04 04:51:22,6,7,0,2006,9.178,71.836
2026-09-04 04:56:22,4,4,0,1617,9.168,70.425
2026-09-04 05:01:22,3,6,0,1806,9.098,70.024
2026-09-04 05:06:22,4,4,0,1750,9.037,70.783
2026-09-04 05:11:22,4,4,0,1827,8.978,70.856
2026-09-04 05:16:22,4,4,0,1646,8.925,71.237
2026-09-04 05:21:22,7,7,0,1642,8.871,71.173
2026-09-04 05:26:22,6,6,0,1493,8.775,71.068
2026-09-04 05:31:22,8,8,0,1434,8.714,69.668
2026-09-04 05:36:22,2,2,0,1611,8.644,69.975
2026-09-04 05:41:22,2,2,0,1496,8.585,69.856
2026-09-04 05:46:22,1,1,0,1670,8.511,69.656
2026-09-04 05:51:22,2,3,0,1665,8.431,70.547
2026-09-04 05:56:22,1,1,0,1711,8.369,68.306
2026-09-04 06:01:22,3,3,0,1816,8.305,62.33
2026-09-04 06:06:22,3,4,0,1792,8.268,72.407
2026-09-04 06:11:22,1,2,0,1743,8.273,72.283
2026-09-04 06:16:22,1,1,0,878,8.262,71.287
2026-09-04 06:21:22,7,7,0,1098,8.26,66.234
2026-09-04 06:26:22,4,4,0,1002,8.217,71.817
2026-09-04 06:31:22,4,6,0,1033,8.185,71.401
2026-09-04 06:36:22,3,4,0,959,8.158,70.408
2026-09-04 06:41:23,7,7,0,898,8.121,70.898
2026-09-04 06:46:22,4,6,0,896,8.091,69.671
2026-09-04 06:51:22,5,5,0,890,8.011,69.881
2026-09-04 06:56:22,4,4,0,899,7.958,69.706
2026-09-04 07:01:23,6,7,0,1078,7.926,70.686
2026-09-04 07:06:22,6,6,0,1043,7.91,70.558
2026-09-04 07:11:22,4,4,0,1240,7.881,71.142
2026-09-04 07:16:23,6,7,0,1179,7.881,71.251
2026-09-04 07:21:22,6,7,0,1158,7.929,70.833
2026-09-04 07:26:23,7,7,0,1279,7.95,70.432
2026-09-04 07:31:22,6,6,0,1454,7.993,70.801
2026-09-04 07:36:23,6,8,0,1368,8.043,71.974
2026-09-04 07:41:23,9,9,0,1361,8.166,72.407
2026-09-04 07:46:23,11,11,0,1569,8.321,72.653
2026-09-04 07:51:22,10,10,0,1487,8.508,73.955
2026-09-04 07:56:23,9,9,0,1514,8.722,74.629
2026-09-04 08:01:23,13,13,0,1633,9.007,74.615
2026-09-04 08:06:22,10,13,0,1733,9.306,74.171
2026-09-04 08:11:23,13,14,0,1634,9.59,74.373
2026-09-04 08:16:22,18,21,0,1531,9.889,74.14
2026-09-04 08:21:22,16,19,0,1548,10.166,73.889
2026-09-04 08:26:22,17,22,0,1572,10.484,73.522
2026-09-04 08:31:23,17,17,0,1547,10.799,73.129
2026-09-04 08:36:23,9,9,0,1483,11.162,73.364
2026-09-04 08:41:23,10,12,0,1528,11.568,70.997
2026-09-04 08:46:23,9,10,0,1537,11.958,70.947
2026-09-04 08:51:23,13,14,0,1513,12.377,67.169
2026-09-04 08:56:23,9,9,0,1407,12.735,65.952
2026-09-04 09:01:22,7,7,0,1279,13.168,68.304
2026-09-04 09:06:23,7,7,0,1259,14.129,60.905
2026-09-04 09:11:23,6,6,0,1188,15.347,59.587
2026-09-04 09:16:23,7,8,0,1231,16.466,59.166
2026-09-04 09:21:23,8,8,0,1225,17.662,56.133
2026-09-04 09:26:23,5,5,0,1037,18.853,52.94
2026-09-04 09:31:23,5,5,0,1029,19.323,52.032
2026-09-04 09:36:23,5,5,0,1147,19.916,51.643
2026-09-04 09:41:23,5,5,0,1131,20.853,48.999
2026-09-04 09:46:23,6,6,0,1059,21.579,48.416
2026-09-04 09:51:23,6,7,0,1018,21.991,48.471
2026-09-04 09:56:23,4,4,0,1073,22.471,45.993
2026-09-04 10:01:23,6,6,0,1091,23.16,43.886
2026-09-04 10:06:22,6,6,0,1103,23.627,41.78
2026-09-04 10:11:23,7,7,0,1078,24.391,40.721
2026-09-04 10:16:23,6,6,0,1039,25.187,40.733
2026-09-04 10:21:23,6,6,0,1053,25.555,41.389
2026-09-04 10:26:23,6,7,0,1108,25.801,38.541
2026-09-04 10:31:23,7,7,0,1022,25.927,39.424
2026-09-04 10:36:23,7,7,0,986,26.322,37.975
2026-09-04 10:41:23,7,7,0,981,26.813,36.058
2026-09-04 10:46:23,6,6,0,1063,27.369,35.684
2026-09-04 10:51:23,7,7,0,977,27.764,36.647
2026-09-04 10:56:23,6,6,0,911,28.028,37.07
2026-09-04 11:01:23,8,8,0,800,28.487,41.717
2026-09-04 11:06:23,8,8,0,802,28.765,40.717
2026-09-04 11:11:23,4,4,0,785,28.861,33.008
2026-09-04 11:16:23,1,1,0,603,29.091,35.531
2026-09-04 11:21:23,2,2,0,576,29.361,33.824
2026-09-04 11:26:23,2,3,0,527,29.622,32.226
2026-09-04 11:31:23,5,5,0,519,29.788,32.209
2026-09-04 11:36:23,3,3,0,419,30.023,31.84
2026-09-04 11:46:23,1,1,0,305,30.164,32.499
2026-09-04 11:51:23,3,4,0,204,30.48,36.634
2026-09-04 11:56:23,2,2,0,177,30.496,31.392
2026-09-04 12:01:23,0,0,0,107,30.827,31.47
2026-09-04 12:06:23,3,3,0,45,31.171,29.981
2026-09-04 12:11:23,3,4,0,8,31.267,29.786
2026-09-04 12:16:23,2,2,0,0,31.476,29.668
2026-09-04 12:21:23,3,4,0,0,31.641,28.236
2026-09-04 12:26:23,5,5,0,0,31.951,35.121
2026-09-04 12:31:23,4,4,0,0,31.644,28.119
2026-09-04 12:36:23,2,2,0,0,31.98,27.169
2026-09-04 12:41:23,3,3,0,0,32.482,27.394
2026-09-04 12:46:24,0,0,0,0,32.723,30.53
2026-09-04 12:51:23,2,2,0,0,32.888,27.198
2026-09-04 12:56:24,3,3,0,0,33.142,26.34
2026-09-04 13:01:23,1,1,0,0,33.313,27.015
2026-09-04 13:06:24,0,0,0,0,33.51,26.183
2026-09-04 13:11:23,3,4,0,0,33.724,26.45
2026-09-04 13:16:24,1,2,0,0,33.783,27.543
2026-09-04 13:21:23,0,2,0,0,33.614,28.312
2026-09-04 13:26:23,1,1,0,0,33.518,26.912
2026-09-04 13:31:23,2,3,0,0,33.78,27.326
2026-09-04 13:36:24,1,2,0,0,33.86,26.862
2026-09-04 13:41:24,1,2,0,0,34.02,32.84
2026-09-04 13:46:23,1,2,0,0,34.194,27.356
2026-09-04 13:51:23,1,1,0,0,34.279,28.88
2026-09-04 13:56:24,1,1,0,0,34.258,25.931
2026-09-04 14:01:24,1,1,0,0,34.306,26.153
2026-09-04 14:06:24,2,2,0,0,34.327,27.799
2026-09-04 14:11:23,3,3,0,0,34.458,26.961
2026-09-04 14:16:24,0,0,0,0,34.277,25.771
2026-09-04 14:21:24,1,1,0,0,34.293,25.687
2026-09-04 14:26:24,0,0,0,0,34.197,24.764
2026-09-04 14:31:24,2,2,0,0,33.882,25.495
2026-09-04 14:36:24,1,1,0,0,33.831,26.916
2026-09-04 14:41:24,0,1,0,0,33.857,26.788
2026-09-04 14:46:24,0,0,0,0,33.857,31.699
2026-09-04 14:51:24,1,1,0,0,33.82,25.88
2026-09-04 14:56:24,0,0,0,0,33.785,24.995
2026-09-04 15:01:24,0,0,0,0,33.791,26.145
2026-09-04 15:06:24,1,1,0,0,33.833,26.025
2026-09-04 15:11:23,1,1,0,0,33.604,25.247
2026-09-04 15:16:24,0,0,0,0,33.438,27.835
2026-09-04 15:21:24,1,2,0,0,33.217,31.076
2026-09-04 15:26:24,1,1,0,0,33.024,25.886
2026-09-04 15:31:24,1,2,0,0,32.752,26.734
2026-09-04 15:36:24,0,0,0,0,32.693,26.813
2026-09-04 15:41:24,0,0,0,0,32.667,31.068
2026-09-04 15:46:24,1,1,0,0,32.354,26.595
2026-09-04 15:51:24,0,0,0,0,32.274,30.038
2026-09-04 15:56:24,0,2,0,0,32.023,27.417
2026-09-04 16:01:24,0,0,0,0,31.751,27.61
2026-09-04 16:06:24,0,1,0,0,31.505,26.452
2026-09-04 16:11:24,0,0,0,0,31.294,26.193
2026-09-04 16:16:24,0,0,0,0,31.198,26.845
2026-09-04 16:21:24,0,0,0,0,31.112,28.247
2026-09-04 16:26:24,0,0,0,0,30.925,27.307
2026-09-04 16:31:25,0,0,0,0,30.674,27.734
2026-09-04 16:36:24,2,2,0,0,30.597,27.751
2026-09-04 16:41:24,0,0,0,0,30.25,27.6
2026-09-04 16:46:25,1,1,0,0,30.01,28.207
2026-09-04 16:51:24,1,1,0,0,29.718,27.803
2026-09-04 16:56:25,0,0,0,0,29.361,28.634
2026-09-04 17:01:24,0,0,0,0,29.067,30.81
2026-09-04 17:06:25,0,1,0,0,28.717,31.758
2026-09-04 17:11:24,0,0,0,0,28.375,30.402
2026-09-04 17:16:25,0,1,0,0,28.124,31.703
2026-09-04 17:21:24,0,0,0,0,27.79,30.793
2026-09-04 17:26:24,0,0,0,0,27.438,31.188
2026-09-04 17:31:25,0,0,0,0,26.888,31.797
2026-09-04 17:36:24,0,0,0,0,26.284,31.819
2026-09-04 17:41:24,0,0,0,0,25.71,32.6
2026-09-04 17:46:24,1,1,0,0,25.326,32.664
2026-09-04 17:51:24,0,0,0,0,24.989,33.63
2026-09-04 17:56:24,1,1,0,0,24.664,33.681
2026-09-04 18:01:24,0,0,0,0,24.279,34.249
2026-09-04 18:06:24,0,0,0,0,23.913,34.625
2026-09-04 18:11:24,0,0,0,0,23.529,34.869
2026-09-04 18:16:24,0,0,0,0,23.144,36.124
2026-09-04 18:21:24,1,1,0,0,22.712,35.31
2026-09-04 18:26:24,4,4,0,0,22.37,36.456
2026-09-04 18:31:25,1,1,0,10,22.02,37.498
2026-09-04 18:36:25,0,0,0,46,21.705,37.875
2026-09-04 18:41:24,0,0,0,26,21.368,38.329
2026-09-04 18:46:25,0,1,0,57,21.069,39.094
2026-09-04 18:51:24,0,0,0,151,20.743,38.877
2026-09-04 18:56:24,0,0,0,316,20.484,39.523
2026-09-04 19:01:25,0,0,0,98,20.26,39.903
2026-09-04 19:06:25,1,2,0,199,20.02,40.66
2026-09-04 19:11:24,1,1,0,85,19.78,40.963
2026-09-04 19:16:24,2,2,0,202,19.512,41.824
2026-09-04 19:21:25,1,3,0,313,19.285,42.342
2026-09-04 19:26:25,0,0,0,228,19.024,43.161
2026-09-04 19:31:24,1,1,0,262,18.816,41.078
2026-09-04 19:36:24,0,0,0,377,18.655,43.395
2026-09-04 19:41:24,1,2,0,614,18.543,42.4
2026-09-04 19:46:25,1,1,0,740,18.407,44.49
2026-09-04 19:51:25,2,2,0,592,18.263,45.307
2026-09-04 19:56:24,3,3,0,771,18.092,45.953
2026-09-04 20:01:25,2,3,0,512,17.9,41.45
2026-09-04 20:06:24,1,1,0,1046,17.75,42.333
2026-09-04 20:11:25,3,3,0,1260,17.635,45.793
2026-09-04 20:16:25,1,1,0,1334,17.534,46.644
2026-09-04 20:21:25,1,1,0,1347,17.438,46.712
2026-09-04 20:26:24,1,1,0,1728,17.315,47.117
2026-09-04 20:31:25,5,6,0,1248,17.165,48.62
2026-09-04 20:36:25,9,11,0,1175,17.024,49.472
2026-09-04 20:41:25,16,16,0,1219,16.714,49.373
2026-09-04 20:46:25,12,13,0,1265,16.431,50.228
2026-09-04 20:51:25,8,8,0,1214,16.191,51.721
2026-09-04 20:56:25,6,6,0,1274,15.897,52.114
2026-09-04 21:01:25,6,7,0,1323,15.686,52.03
2026-09-04 21:06:25,5,5,0,1259,15.462,52.421
2026-09-04 21:11:25,6,6,0,1272,15.296,52.902
2026-09-04 21:16:25,4,4,0,1251,15.093,53.384
2026-09-04 21:21:25,7,7,0,1352,14.986,54.067
2026-09-04 21:26:25,7,8,0,1621,14.813,54.189
2026-09-04 21:31:25,7,7,0,1503,14.69,55.336
2026-09-04 21:36:25,29,29,0,1644,14.54,55.221
2026-09-04 21:41:25,7,8,0,1421,14.407,56.003
2026-09-04 21:46:25,11,14,0,1508,14.252,56.411
2026-09-04 21:51:25,13,13,0,1586,14.11,57.233
2026-09-04 21:56:25,16,19,0,1713,13.988,57.329
2026-09-04 22:01:25,21,24,0,1550,13.87,58.153
2026-09-04 22:06:25,20,22,0,2155,13.753,58.923
2026-09-04 22:11:25,22,25,0,1576,13.672,58.9
2026-09-04 22:16:25,16,19,0,1411,13.515,58.464
2026-09-04 22:21:25,25,28,0,1616,13.365,59.322
2026-09-04 22:26:25,28,32,0,2040,13.221,59.734
2026-09-04 22:31:25,30,30,0,2042,13.157,59.705
2026-09-04 22:36:25,28,29,0,1930,13.072,60.321
2026-09-04 22:41:25,26,26,0,1923,12.973,60.165
2026-09-04 22:46:25,26,27,0,1822,12.882,60.505
2026-09-04 22:51:25,26,29,0,1737,12.759,60.302
2026-09-04 22:56:25,26,27,0,1756,12.61,61.105
2026-09-04 23:01:25,28,29,0,1833,12.498,61.769
2026-09-04 23:06:25,30,31,0,2425,12.415,57.527
2026-09-04 23:11:25,29,31,0,2492,12.313,61.504
2026-09-04 23:16:25,31,31,0,2331,12.206,62.662
2026-09-04 23:21:25,31,35,0,2570,12.153,63.207
2026-09-04 23:26:25,34,37,0,2524,12.132,63.011
2026-09-04 23:31:26,34,35,0,2416,12.038,63.15
2026-09-04 23:36:25,33,37,0,2107,11.915,62.734
2026-09-04 23:41:26,32,32,0,1888,11.766,62.467
2026-09-04 23:46:26,28,30,0,1722,11.643,63.314
2026-09-04 23:51:25,22,25,0,1395,11.515,63.154
2026-09-04 23:56:25,26,27,0,1601,11.379,63.16
2026-09-05 00:01:26,23,27,0,1564,11.256,61.638
2026-09-05 00:06:25,29,29,0,1605,11.16,60.991
2026-09-05 00:11:26,28,28,0,1763,11.01,63.594
2026-09-05 00:16:26,26,29,0,1667,10.935,64.846
2026-09-05 00:21:26,31,32,0,1738,10.895,65.38
2026-09-05 00:26:26,32,35,0,1706,10.858,65.353
2026-09-05 00:31:26,29,30,0,1568,10.81,65.189
2026-09-05 00:36:25,29,30,0,1600,10.772,65.242
2026-09-05 00:41:25,23,23,0,1422,10.708,64.796
2026-09-05 00:46:26,28,29,0,1399,10.583,64.693
2026-09-05 00:51:26,27,29,0,1368,10.455,65.22
2026-09-05 00:56:26,23,26,0,1189,10.343,65.536
2026-09-05 01:01:25,21,21,0,1213,10.22,65.977
2026-09-05 01:06:26,22,22,0,1214,10.145,66.457
2026-09-05 01:11:26,23,23,0,1293,10.051,67.293
2026-09-05 01:16:25,28,28,0,1207,9.987,66.852
2026-09-05 01:21:26,22,26,0,1039,9.897,66.354
2026-09-05 01:26:25,15,15,0,965,9.715,66.538
2026-09-05 01:31:26,13,15,0,994,9.528,67.661
2026-09-05 01:36:26,15,16,0,964,9.456,68.18
2026-09-05 01:41:26,16,19,0,1056,9.435,69.029
2026-09-05 01:46:26,20,20,0,1118,9.445,69.711
2026-09-05 01:51:26,21,21,0,1089,9.456,69.919
2026-09-05 01:56:26,13,16,0,1084,9.499,69.103
2026-09-05 02:01:26,16,20,0,1005,9.496,67.352
2026-09-05 02:06:26,15,15,0,1189,9.48,58.277
2026-09-05 02:11:26,23,28,0,1150,9.448,59.94
2026-09-05 02:16:26,22,23,0,1143,9.416,56.196
2026-09-05 02:21:26,22,22,0,1094,9.331,68.973
2026-09-05 02:26:26,24,24,0,1258,9.232,68.771
2026-09-05 02:31:26,27,28,0,1424,9.13,68.544
2026-09-05 02:36:25,27,29,0,1488,9.05,67.081
2026-09-05 02:41:26,21,23,0,1411,9.013,70.32
2026-09-05 02:46:26,22,24,0,1178,8.965,69.46
2026-09-05 02:51:26,23,23,0,1034,8.909,68.325
2026-09-05 02:56:26,22,23,0,1050,8.85,68.023
2026-09-05 03:01:27,19,21,0,1161,8.722,68.325
2026-09-05 03:06:27,24,26,0,1162,8.631,69.795
2026-09-05 03:11:26,23,26,0,1194,8.602,69.254
2026-09-05 03:16:27,22,23,0,1130,8.537,69.277
2026-09-05 03:21:26,19,22,0,1074,8.511,70.175
2026-09-05 03:26:26,19,22,0,1096,8.476,70.871
2026-09-05 03:31:26,20,21,0,1036,8.428,71.035
2026-09-05 03:36:26,17,19,0,1035,8.423,71.407
2026-09-05 03:41:26,13,17,0,1044,8.401,70.841
2026-09-05 03:46:26,22,22,0,1051,8.433,70.72
2026-09-05 03:51:26,14,16,0,1113,8.372,60.945
2026-09-05 03:56:26,17,19,0,1019,8.388,70.596
2026-09-05 04:01:26,18,20,0,1078,8.308,70.785
2026-09-05 04:06:26,9,13,0,1024,8.334,70.448
2026-09-05 04:11:26,13,13,0,997,8.334,70.78
2026-09-05 04:16:26,16,22,0,1031,8.321,69.734
2026-09-05 04:21:26,8,8,0,1020,8.278,69.902
2026-09-05 04:26:26,13,13,0,1043,8.214,71.077
2026-09-05 04:31:26,9,10,0,980,8.193,70.574
2026-09-05 04:36:26,11,11,0,939,8.204,70.337
2026-09-05 04:41:26,10,10,0,827,8.137,68.294
2026-09-05 04:46:26,11,11,0,835,7.993,68.844
2026-09-05 04:51:26,14,16,0,911,7.891,69.673
2026-09-05 04:56:26,11,13,0,987,7.832,70.017
2026-09-05 05:01:27,10,11,0,906,7.779,69.677
2026-09-05 05:06:26,9,11,0,984,7.723,70.143
2026-09-05 05:11:26,13,14,0,1000,7.68,70.904
2026-09-05 05:16:26,10,10,0,997,7.654,71.462
2026-09-05 05:21:27,16,17,0,1034,7.654,60.197
2026-09-05 05:26:27,9,9,0,896,7.63,69.643
2026-09-05 05:31:27,13,13,0,1062,7.603,58.57
2026-09-05 05:36:26,14,17,0,975,7.549,70.4
2026-09-05 05:41:27,9,11,0,793,7.453,68.382
2026-09-05 05:46:27,11,13,0,786,7.336,68.529
2026-09-05 05:51:26,10,13,0,813,7.216,68.47
2026-09-05 05:56:27,11,13,0,806,7.093,68.952
2026-09-05 06:01:27,8,10,0,835,7.029,69.095
2026-09-05 06:06:26,10,11,0,765,6.965,69.631
2026-09-05 06:11:26,11,11,0,733,6.906,68.922
2026-09-05 06:16:27,11,11,0,720,6.823,69.664
2026-09-05 06:21:27,10,10,0,798,6.732,68.09
2026-09-05 06:26:26,8,8,0,808,6.674,70.24
2026-09-05 06:31:27,11,14,0,844,6.636,70.211
2026-09-05 06:36:26,10,10,0,769,6.609,70.171
2026-09-05 06:41:27,8,10,0,873,6.596,70.936
2026-09-05 06:46:27,10,11,0,762,6.612,70.741
2026-09-05 06:51:26,14,15,0,911,6.585,69.956
2026-09-05 06:56:27,10,10,0,954,6.585,68.977
2026-09-05 07:01:27,15,15,0,997,6.553,63.293
2026-09-05 07:06:27,15,15,0,1005,6.545,70.444
2026-09-05 07:11:27,14,16,0,858,6.54,71.491
2026-09-05 07:16:27,15,15,0,1015,6.604,71.134
2026-09-05 07:21:26,16,17,0,1113,6.652,59.278
2026-09-05 07:26:27,16,17,0,1125,6.706,72.111
2026-09-05 07:31:27,18,18,0,766,6.794,70.953
2026-09-05 07:36:27,17,20,0,847,6.868,71.327
2026-09-05 07:41:27,15,16,0,750,6.986,72.412
2026-09-05 07:46:27,11,11,0,816,7.157,72.212
2026-09-05 07:51:27,10,10,0,796,7.333,72.389
2026-09-05 07:56:27,11,11,0,738,7.576,73.295
2026-09-05 08:01:27,11,11,0,814,7.848,74.064
2026-09-05 08:06:27,9,9,0,856,8.196,74.463
2026-09-05 08:11:27,9,11,0,776,8.585,73.936
2026-09-05 08:16:27,11,11,0,792,8.943,72.948
2026-09-05 08:21:27,9,13,0,776,9.298,72.733
2026-09-05 08:26:27,15,15,0,712,9.614,72.428
2026-09-05 08:31:27,9,10,0,684,9.977,71.962
2026-09-05 08:36:27,14,14,0,775,10.34,70.789
2026-09-05 08:41:27,26,27,0,828,10.772,69.774
2026-09-05 08:46:27,9,10,0,873,11.293,62.927
2026-09-05 08:51:27,10,10,0,877,11.87,62.923
2026-09-05 08:56:27,12,13,0,834,12.399,58.712
2026-09-05 09:01:27,16,17,0,783,12.992,61.168
2026-09-05 09:06:27,21,21,0,832,14.044,61.689
2026-09-05 09:11:27,18,21,0,810,15.499,58.082
2026-09-05 09:16:27,22,25,0,815,16.781,56.47
2026-09-05 09:21:27,20,20,0,806,18.025,52.44
2026-09-05 09:26:27,20,21,0,863,19.141,49.039
2026-09-05 09:31:27,16,17,0,857,20.268,45.915
2026-09-05 09:36:27,19,20,0,885,21.35,43.243
2026-09-05 09:41:27,15,15,0,887,22.29,38.898
2026-09-05 09:46:27,22,22,0,882,23.037,37.856
2026-09-05 09:51:27,21,21,0,903,23.785,38.23
2026-09-05 09:56:27,18,19,0,833,24.602,40.096
2026-09-05 10:01:27,17,19,0,792,25.117,38.846
2026-09-05 10:06:27,19,19,0,817,25.47,36.447
2026-09-05 10:11:27,17,17,0,826,25.785,36.716
2026-09-05 10:16:27,19,19,0,766,26.298,36.042
2026-09-05 10:21:27,19,20,0,826,26.688,33.452
2026-09-05 10:26:27,19,19,0,803,27.342,33.05
2026-09-05 10:31:27,20,20,0,805,28.058,31.865
2026-09-05 10:36:27,17,19,0,842,28.757,30.854
2026-09-05 10:41:27,19,20,0,807,29.462,29.914
2026-09-05 10:46:27,13,16,0,798,30.156,28.422
2026-09-05 10:51:27,16,17,0,661,30.752,35.712
2026-09-05 10:56:27,14,15,0,669,31.078,27.679
2026-09-05 11:01:27,15,16,0,662,31.35,26.467
2026-09-05 11:06:28,12,15,0,610,31.751,26.378
2026-09-05 11:11:28,9,11,0,575,31.986,26.403
2026-09-05 11:16:28,15,15,0,567,32.01,27.625
2026-09-05 11:21:27,8,8,0,365,32.213,32.115
2026-09-05 11:26:27,10,13,0,416,32.399,25.462
2026-09-05 11:31:28,10,10,0,334,32.773,34.236
2026-09-05 11:36:27,8,8,0,338,33.03,24.215
2026-09-05 11:41:27,16,17,0,376,33.401,23.805
2026-09-05 11:46:27,7,7,0,228,33.582,23.454
2026-09-05 11:51:28,8,8,0,176,33.775,22.801
2026-09-05 11:56:27,12,13,0,144,33.914,24.251
2026-09-05 12:01:27,6,8,0,118,34.223,23.067
2026-09-05 12:06:28,20,22,0,48,34.627,22.227
2026-09-05 12:11:28,6,6,0,0,34.984,19.95
2026-09-05 12:16:28,4,5,0,0,35.048,20.991
2026-09-05 12:21:28,4,4,0,0,35.23,21.504
2026-09-05 12:26:28,4,4,0,0,35.54,22.204
2026-09-05 12:31:28,3,3,0,0,35.526,20.331
2026-09-05 12:36:28,2,2,0,0,35.58,20.772
2026-09-05 12:41:27,3,3,0,0,35.676,19.582
2026-09-05 12:46:28,0,0,0,0,35.793,26.456
2026-09-05 12:51:28,1,2,0,0,35.906,26.311
2026-09-05 12:56:28,3,3,0,0,35.818,18.155
2026-09-05 13:01:28,3,3,0,0,35.892,19.36
2026-09-05 13:06:28,3,3,0,0,36.036,19.687
2026-09-05 13:11:27,5,5,0,0,36.052,22.004
2026-09-05 13:16:28,0,0,0,0,35.716,23.606
2026-09-05 13:21:28,2,2,0,0,35.601,20.49
2026-09-05 13:26:28,2,2,0,0,35.639,20.568
2026-09-05 13:31:28,4,5,0,0,35.596,26.628
2026-09-05 13:36:28,2,2,0,0,35.532,27.797
2026-09-05 13:41:28,1,1,0,0,35.468,21.565
2026-09-05 13:46:28,0,0,0,0,35.31,21.846
2026-09-05 13:51:28,3,3,0,0,35.332,23.995
2026-09-05 13:56:28,2,2,0,0,35.251,26.08
2026-09-05 14:01:28,1,1,0,0,35.048,24.89
2026-09-05 14:06:28,2,2,0,0,34.835,28.098
2026-09-05 14:11:28,4,4,0,0,34.619,28.495
2026-09-05 14:16:28,4,4,0,0,34.432,25.258
2026-09-05 14:21:28,4,4,0,0,34.287,25.304
2026-09-05 14:26:28,3,3,0,0,34.277,29.214
2026-09-05 14:31:28,1,2,0,0,34.239,25.348
2026-09-05 14:36:28,4,4,0,0,34.183,25.615
2026-09-05 14:41:28,3,3,0,0,34.141,26.113
2026-09-05 14:46:28,3,4,0,0,34.242,26.961
2026-09-05 14:51:28,2,2,0,0,34.242,25.71
2026-09-05 14:56:28,0,0,0,0,34.082,26.33
2026-09-05 15:01:28,3,3,0,0,34.084,30.753
2026-09-05 15:06:28,1,1,0,0,33.785,26.504
2026-09-05 15:11:28,3,3,0,0,33.679,26.408
2026-09-05 15:16:28,3,3,0,0,33.433,27.885
2026-09-05 15:21:28,2,3,0,0,33.235,26.937
2026-09-05 15:26:28,3,3,0,0,33.158,26.511
2026-09-05 15:31:28,3,3,0,0,33.062,28.714
2026-09-05 15:36:28,3,3,0,0,32.885,28.035
2026-09-05 15:41:28,5,5,0,0,32.853,31.575
2026-09-05 15:46:29,1,1,0,0,32.613,31.272
2026-09-05 15:51:28,1,1,0,0,32.317,29.763
2026-09-05 15:56:29,2,2,0,0,32.098,32.596
2026-09-05 16:01:29,2,2,0,0,31.804,30.322
2026-09-05 16:06:29,1,2,0,0,31.735,30.582
2026-09-05 16:11:29,3,4,0,0,31.542,30.208
2026-09-05 16:16:28,2,2,0,0,31.299,30.154
2026-09-05 16:21:32,1,1,0,0,30.968,30.536
2026-09-05 16:26:28,0,0,0,0,30.717,30.091
2026-09-05 16:31:28,1,1,0,0,30.576,30.801
2026-09-05 16:36:28,1,1,0,0,30.298,31.749
2026-09-05 16:41:29,0,0,0,0,29.983,32.336
2026-09-05 16:46:28,1,2,0,0,29.721,34.095
2026-09-05 16:51:29,0,0,0,0,29.465,33.754
2026-09-05 16:56:28,0,0,0,0,29.168,32.849
2026-09-05 17:01:29,1,1,0,0,28.896,34.545
2026-09-05 17:06:29,1,3,0,0,28.57,34.629
2026-09-05 17:11:28,3,3,0,0,28.335,35.035
2026-09-05 17:16:28,3,4,0,0,27.945,35.26
2026-09-05 17:21:29,0,0,0,0,27.499,35.579
2026-09-05 17:26:30,2,2,0,0,26.939,36.096
2026-09-05 17:31:29,0,0,0,0,26.132,37.648
2026-09-05 17:36:29,0,0,0,0,25.304,38.45
2026-09-05 17:41:29,1,2,0,0,24.602,39.859
2026-09-05 17:46:28,0,0,0,0,24.004,40.628
2026-09-05 17:51:29,0,0,0,0,23.646,41.662
2026-09-05 17:56:29,1,1,0,0,23.272,41.538
2026-09-05 18:01:29,1,1,0,0,22.813,42.461
2026-09-05 18:06:29,1,1,0,0,22.239,42.396
2026-09-05 18:11:29,0,0,0,0,21.662,44.263
2026-09-05 18:16:29,3,3,0,0,20.984,46.201
2026-09-05 18:21:29,0,1,0,0,20.434,47.04
2026-09-05 18:26:28,1,2,0,53,19.996,48.25
2026-09-05 18:31:29,2,2,0,68,19.598,49.138
2026-09-05 18:36:29,33,39,0,305,19.181,50.329
2026-09-05 18:41:29,50,61,0,734,18.77,50.785
2026-09-05 18:46:29,3,4,0,261,18.402,51.427
2026-09-05 18:51:29,2,2,0,271,18.092,51.767
2026-09-05 18:56:29,2,2,0,156,17.806,52.738
2026-09-05 19:01:29,2,3,0,67,17.48,53.733
2026-09-05 19:06:29,2,2,0,137,17.224,54.409
2026-09-05 19:11:29,1,3,0,187,16.925,55.364
2026-09-05 19:16:29,1,1,0,205,16.674,55.969
2026-09-05 19:21:29,2,2,0,247,16.41,56.795
2026-09-05 19:26:29,1,2,0,325,16.212,57.54
2026-09-05 19:31:29,3,3,0,443,16.052,58.038
2026-09-05 19:36:29,3,4,0,436,15.87,58.704
2026-09-05 19:41:29,2,2,0,550,15.657,59.461
2026-09-05 19:46:29,2,2,0,413,15.467,59.904
2026-09-05 19:51:29,1,1,0,459,15.333,60.375
2026-09-05 19:56:29,2,3,0,326,15.195,60.88
2026-09-05 20:01:29,0,0,0,448,15.061,60.943
2026-09-05 20:06:29,3,3,0,326,14.96,61.412
2026-09-05 20:11:29,2,3,0,325,14.92,60.953
2026-09-05 20:16:29,2,3,0,357,14.829,61.477
2026-09-05 20:21:29,3,3,0,929,14.791,59.055
2026-09-05 20:26:29,3,3,0,1053,14.695,61.954
2026-09-05 20:31:29,2,2,0,1026,14.604,61.805
2026-09-05 20:36:29,2,2,0,1138,14.49,61.266
2026-09-05 20:41:29,3,3,0,1019,14.319,60.829
2026-09-05 20:46:29,4,6,0,1220,14.089,61.634
2026-09-05 20:51:29,4,4,0,1267,13.902,62.189
2026-09-05 20:56:31,5,5,0,1228,13.726,62.349
2026-09-05 21:01:30,5,5,0,1264,13.568,62.679
2026-09-05 21:06:29,5,6,0,1337,13.419,64.567
2026-09-05 21:11:29,6,6,0,1276,13.283,64.689
2026-09-05 21:16:29,6,6,0,1325,13.165,63.045
2026-09-05 21:21:29,6,6,0,1539,13.037,65.643
2026-09-05 21:26:30,4,4,0,1400,12.919,65.118
2026-09-05 21:31:34,5,6,0,1305,12.799,64.989
2026-09-05 21:36:29,5,7,0,1457,12.687,66.215
2026-09-05 21:41:32,6,10,0,1419,12.559,66.337
2026-09-05 21:46:31,7,7,0,1436,12.455,64.863
2026-09-05 21:51:30,6,6,0,1342,12.345,65.395
2026-09-05 21:56:31,8,8,0,1291,12.201,65.969
2026-09-05 22:01:29,5,5,0,1313,12.036,64.63
2026-09-05 22:06:29,8,8,0,1308,11.902,65.386
2026-09-05 22:11:29,6,6,0,1394,11.766,67.445
2026-09-05 22:16:29,5,6,0,1224,11.659,67.754
2026-09-05 22:21:29,4,4,0,994,11.536,66.814
2026-09-05 22:26:29,6,8,0,1071,11.429,66.066
2026-09-05 22:31:30,6,6,0,1159,11.275,67.274
2026-09-05 22:36:29,13,16,0,1047,11.128,66.103
2026-09-05 22:41:30,10,10,0,1110,10.962,67.266
2026-09-05 22:46:30,13,13,0,1177,10.823,67.117
2026-09-05 22:51:30,10,14,0,1191,10.69,67.503
2026-09-05 22:56:30,9,9,0,1339,10.572,67.272
2026-09-05 23:01:29,15,16,0,1293,10.489,67.73
2026-09-05 23:06:30,18,19,0,1362,10.367,69.282
2026-09-05 23:11:32,21,21,0,1301,10.319,69.248
2026-09-05 23:16:30,17,18,0,1304,10.289,69.565
2026-09-05 23:21:32,17,19,0,1353,10.225,69.16
2026-09-05 23:26:31,16,19,0,1351,10.172,68.39
2026-09-05 23:31:31,15,15,0,1478,10.116,68.004
2026-09-05 23:36:30,17,21,0,1348,10.019,68.084
2026-09-05 23:41:30,28,31,0,1490,9.934,68.149
2026-09-05 23:46:29,29,31,0,1442,9.851,68.809
2026-09-05 23:51:30,34,37,0,1616,9.776,69.067
2026-09-05 23:56:29,39,41,0,1802,9.739,69.023
2026-09-06 01:01:30,42,46,0,1676,9.702,69.484
2026-09-06 01:06:30,39,44,0,1827,9.664,68.96
2026-09-06 01:11:30,34,35,0,1608,9.619,67.64
2026-09-06 01:16:29,34,39,0,1509,9.533,67.621
2026-09-06 01:21:30,34,39,0,1604,9.453,68.941
2026-09-06 01:26:30,34,37,0,1592,9.4,68.43
2026-09-06 01:31:30,31,36,0,1543,9.347,68.987
2026-09-06 01:36:30,35,36,0,1554,9.285,68.308
2026-09-06 01:41:30,30,32,0,1002,9.232,66.002
2026-09-06 01:46:30,47,56,0,1327,9.066,67.186
2026-09-06 01:51:30,48,58,0,1584,8.949,68.832
2026-09-06 01:56:30,36,40,0,1539,8.847,68.68
2026-09-06 02:01:30,40,44,0,1441,8.775,69.895
2026-09-06 02:06:30,36,41,0,1502,8.743,69.063
2026-09-06 02:11:30,34,35,0,1301,8.668,66.601
2026-09-06 02:16:30,45,51,0,1113,8.524,66.444
2026-09-06 02:21:30,39,41,0,1114,8.401,67.461
2026-09-06 02:26:30,37,38,0,1202,8.302,67.314
2026-09-06 02:31:30,33,35,0,1129,8.132,67.638
2026-09-06 02:36:30,29,33,0,1126,8.046,68.685
2026-09-06 02:41:30,31,33,0,1054,7.966,69.154
2026-09-06 02:46:30,32,33,0,1160,7.889,69.54
2026-09-06 02:51:30,31,33,0,911,7.856,69.09
2026-09-06 02:56:30,31,31,0,942,7.798,67.955
2026-09-06 03:01:30,27,28,0,1052,7.68,69.122
2026-09-06 03:06:30,29,29,0,1005,7.6,70.221
2026-09-06 03:11:30,28,29,0,907,7.544,70.106
2026-09-06 03:16:30,27,30,0,966,7.523,71.081
2026-09-06 03:21:30,28,28,0,1083,7.491,71.062
2026-09-06 03:26:30,27,27,0,1085,7.501,71.033
2026-09-06 03:31:30,25,29,0,1044,7.501,70.516
2026-09-06 03:36:31,27,27,0,1063,7.483,71.142
2026-09-06 03:41:30,22,24,0,944,7.477,70.781
2026-09-06 03:46:30,23,25,0,1079,7.461,71.733
2026-09-06 03:51:30,21,24,0,1031,7.445,72.346
2026-09-06 03:56:31,25,29,0,1180,7.451,71.245
2026-09-06 04:01:30,25,25,0,1023,7.384,70.774
2026-09-06 04:06:30,25,27,0,943,7.357,69.435
2026-09-06 04:11:30,25,27,0,1092,7.234,69.143
2026-09-06 04:16:31,30,30,0,1057,7.176,71.224
2026-09-06 04:21:30,27,28,0,1054,7.138,71.285
2026-09-06 04:26:30,29,29,0,1092,7.141,72.239
2026-09-06 04:31:30,25,27,0,929,7.093,71.569
2026-09-06 04:36:31,33,33,0,1021,7.109,72.346
2026-09-06 04:41:30,29,29,0,1296,7.098,72.523
2026-09-06 04:46:31,29,29,0,1166,7.109,72.958
2026-09-06 04:51:31,34,36,0,1304,7.122,72.672
2026-09-06 04:56:30,30,31,0,1077,7.165,72.483
2026-09-06 05:01:31,30,31,0,1131,7.127,71.499
2026-09-06 05:06:30,27,30,0,897,7.058,69.273
2026-09-06 05:11:30,27,31,0,918,7.005,69.984
2026-09-06 05:16:31,27,31,0,1080,6.911,64.392
2026-09-06 05:21:31,25,28,0,891,6.778,68.887
2026-09-06 05:26:31,24,25,0,805,6.623,67.398
2026-09-06 05:31:31,25,28,0,906,6.489,67.943
2026-09-06 05:36:31,28,28,0,972,6.372,69.233
2026-09-06 05:41:31,29,33,0,970,6.289,69.641
2026-09-06 05:46:30,25,29,0,971,6.225,70.385
2026-09-06 05:51:31,28,29,0,1032,6.198,71.203
2026-09-06 05:56:31,24,25,0,1001,6.172,71.558
2026-09-06 06:01:31,23,25,0,1043,6.161,71.815
2026-09-06 06:06:31,24,24,0,927,6.131,71.201
2026-09-06 06:11:31,20,28,0,908,6.083,69.958
2026-09-06 06:16:31,28,28,0,916,5.998,71.596
2026-09-06 06:21:31,20,20,0,932,5.934,72.595
2026-09-06 06:26:31,24,25,0,966,5.87,72.183
2026-09-06 06:31:31,28,28,0,993,5.846,72.769
2026-09-06 06:36:31,26,28,0,967,5.824,72.59
2026-09-06 06:41:31,23,24,0,993,5.819,63.883
2026-09-06 06:46:30,23,24,0,908,5.835,70.392
2026-09-06 06:51:31,22,24,0,920,5.824,69.542
2026-09-06 06:56:31,20,23,0,953,5.784,69.372
2026-09-06 07:01:31,20,23,0,830,5.747,71.586
2026-09-06 07:06:31,26,28,0,1025,5.704,71.029
2026-09-06 07:11:31,24,24,0,966,5.603,70.829
2026-09-06 07:16:31,25,26,0,997,5.539,71.071
2026-09-06 07:21:31,23,23,0,864,5.499,71.571
2026-09-06 07:26:31,23,23,0,1116,5.418,71.478
2026-09-06 07:31:31,23,26,0,990,5.397,70.328
2026-09-06 07:36:31,20,20,0,939,5.354,70.646
2026-09-06 07:41:31,20,24,0,1016,5.296,72.103
2026-09-06 07:46:31,19,21,0,962,5.261,74.097
2026-09-06 07:51:31,18,21,0,999,5.352,65.956
2026-09-06 07:56:31,20,20,0,860,5.4,71.586
2026-09-06 08:01:31,21,22,0,920,5.362,71.003
2026-09-06 08:06:31,15,17,0,867,5.261,71.296
2026-09-06 08:11:31,18,21,0,900,5.237,72.122
2026-09-06 08:16:31,21,22,0,850,5.221,72.403
2026-09-06 08:21:31,17,17,0,938,5.221,72.773
2026-09-06 08:26:31,21,22,0,915,5.306,72.775
2026-09-06 08:31:31,18,18,0,962,5.392,71.436
2026-09-06 08:36:31,18,18,0,999,5.485,71.295
2026-09-06 08:41:31,22,23,0,1401,5.608,72.836
2026-09-06 08:46:31,22,22,0,1517,5.795,72.418
2026-09-06 08:51:31,24,25,0,1438,6.046,75.718
2026-09-06 08:56:31,24,24,0,1466,6.361,76.099
2026-09-06 09:01:31,24,24,0,1224,6.668,76.261
2026-09-06 09:06:32,23,25,0,1136,6.994,76.237
2026-09-06 09:11:31,23,25,0,1044,7.32,75.512
2026-09-06 09:16:31,20,21,0,1116,7.64,74.117
2026-09-06 09:21:31,23,24,0,1251,7.923,73.595
2026-09-06 09:26:31,23,23,0,1180,8.214,72.904
2026-09-06 09:31:32,24,24,0,1129,8.508,72.628
2026-09-06 09:36:32,23,24,0,1108,8.78,71.548
2026-09-06 09:41:31,26,28,0,1143,9.112,71.07
2026-09-06 09:46:32,24,26,0,1209,9.416,70.862
2026-09-06 09:51:31,26,26,0,1158,9.728,69.805
2026-09-06 09:56:31,27,28,0,1159,10.065,70.432
2026-09-06 10:01:31,28,28,0,1212,10.588,68.247
2026-09-06 10:06:31,30,30,0,1079,11.667,64.85
2026-09-06 10:11:31,29,30,0,1048,13.048,61.374
2026-09-06 10:16:31,26,27,0,1012,14.356,58.5
2026-09-06 10:21:32,24,24,0,977,15.574,54.962
2026-09-06 10:26:32,24,27,0,975,16.711,52.459
2026-09-06 10:31:31,22,22,0,986,17.646,50.426
2026-09-06 10:36:32,21,21,0,954,18.439,48.326
2026-09-06 10:41:32,15,18,0,829,19.149,46.241
2026-09-06 10:46:32,19,21,0,825,19.769,45.078
2026-09-06 10:51:32,13,16,0,753,20.442,44.313
2026-09-06 10:56:32,14,15,0,685,20.949,43.195
2026-09-06 11:01:32,14,17,0,574,21.486,42.104
2026-09-06 11:06:32,11,16,0,447,21.854,40.792
2026-09-06 11:11:31,12,12,0,457,22.234,41.774
2026-09-06 11:16:32,11,11,0,318,22.581,42.02
2026-09-06 11:21:32,10,11,0,317,22.607,40.485
2026-09-06 11:26:32,10,12,0,288,22.808,41.812
2026-09-06 11:31:32,9,9,0,281,23.133,41.49
2026-09-06 11:36:32,7,8,0,229,23.379,40.826
2026-09-06 11:41:31,6,6,0,140,23.689,39.443
2026-09-06 11:46:32,6,6,0,106,23.854,41.557
2026-09-06 11:51:32,5,5,0,81,24.226,39.184
2026-09-06 11:56:32,5,5,0,90,24.631,39.882
2026-09-06 12:01:32,6,7,0,54,25.144,40.096
2026-09-06 12:06:32,9,9,0,61,25.545,37.038
2026-09-06 12:11:32,7,8,0,72,25.62,37.544
2026-09-06 12:16:32,7,8,0,48,25.895,37.225
2026-09-06 12:21:32,7,7,0,39,26.434,36.201
2026-09-06 12:26:32,7,7,0,0,26.674,35.619
2026-09-06 12:31:32,5,5,0,0,26.963,36.359
2026-09-06 12:36:32,4,4,0,0,27.369,36.659
2026-09-06 12:41:32,3,3,0,0,27.409,35.161
2026-09-06 12:46:32,3,4,0,0,27.681,34.396
2026-09-06 12:51:32,1,1,0,0,27.905,33.887
2026-09-06 12:56:32,3,4,0,0,28.172,34.131
2026-09-06 13:01:32,4,5,0,0,28.471,32.848
2026-09-06 13:06:32,2,2,0,0,28.618,32.754
2026-09-06 13:11:32,0,0,0,0,28.458,35.131
2026-09-06 13:16:32,0,2,0,0,28.506,33.342
2026-09-06 13:21:32,2,2,0,0,28.73,33.261
2026-09-06 13:26:32,1,2,0,0,28.677,32.735
2026-09-06 13:31:32,1,1,0,0,28.45,33.528
2026-09-06 13:36:32,0,1,0,0,28.605,37.883
2026-09-06 13:41:32,0,0,0,0,28.648,31.907
2026-09-06 13:46:32,0,0,0,0,29.091,33.117
2026-09-06 13:51:32,0,0,0,0,29.107,30.866
2026-09-06 13:56:32,1,1,0,0,29.313,31.234
2026-09-06 14:01:32,2,2,0,0,29.692,31.352
2026-09-06 14:06:32,0,1,0,0,29.836,29.885
2026-09-06 14:11:32,0,1,0,0,29.959,31.966
2026-09-06 14:16:32,0,0,0,0,29.708,29.159
2026-09-06 14:21:32,0,0,0,0,29.449,31.341
2026-09-06 14:26:32,0,0,0,0,29.278,30.868
2026-09-06 14:31:32,0,0,0,0,29.182,28.922
2026-09-06 14:36:32,0,0,0,0,29.102,29.424
2026-09-06 14:41:32,0,0,0,0,28.877,29.212
2026-09-06 14:46:32,0,0,0,0,28.762,29.975
2026-09-06 14:51:32,0,0,0,0,28.608,28.68
2026-09-06 14:56:32,0,0,0,0,28.373,27.808
2026-09-06 15:01:32,0,0,0,0,28.084,29.273
2026-09-06 15:06:32,0,0,0,0,27.935,28.876
2026-09-06 15:11:33,0,0,0,0,27.713,32.279
2026-09-06 15:16:33,0,0,0,0,27.628,29.044
2026-09-06 15:21:32,0,0,0,0,27.473,29.271
2026-09-06 15:26:32,0,0,0,0,27.425,29.431
2026-09-06 15:31:32,0,0,0,0,27.387,28.705
2026-09-06 15:36:33,0,0,0,0,27.256,28.823
2026-09-06 15:41:33,0,0,0,0,27.086,29.109
2026-09-06 15:46:35,0,0,0,0,26.733,28.323
2026-09-06 15:51:32,0,0,0,0,26.618,28.897
2026-09-06 15:56:33,0,0,0,0,26.57,28.066
2026-09-06 16:01:32,0,0,0,0,26.533,29.666
2026-09-06 16:06:33,0,0,0,0,26.474,28.962
2026-09-06 16:11:33,0,0,0,0,26.41,29.315
2026-09-06 16:16:32,0,0,0,0,26.338,32.613
2026-09-06 16:21:33,0,0,0,0,26.199,29.769
2026-09-06 16:26:33,0,0,0,0,26.119,30.61
2026-09-06 16:31:33,0,0,0,0,26.049,31.358
2026-09-06 16:36:33,0,0,0,0,25.927,32.529
2026-09-06 16:41:33,0,0,0,0,25.833,33.797
2026-09-06 16:46:33,0,0,0,0,25.646,32.479
2026-09-06 16:51:33,0,0,0,0,25.454,32.733
2026-09-06 16:56:33,0,0,0,0,25.235,32.945
2026-09-06 17:01:33,0,0,0,0,24.776,33.26
2026-09-06 17:06:33,0,0,0,0,24.842,34.312
2026-09-06 17:11:33,0,0,0,0,24.853,35.417
2026-09-06 17:16:33,0,0,0,0,24.789,34.393
2026-09-06 17:21:33,0,0,0,0,24.549,34.282
2026-09-06 17:26:33,0,0,0,0,24.527,34.253
2026-09-06 17:31:33,0,0,0,0,24.103,33.361
2026-09-06 17:36:33,0,0,0,0,24.071,34.578
2026-09-06 17:41:33,0,0,0,0,23.841,33.601
2026-09-06 17:46:33,0,0,0,0,23.734,33.994
2026-09-06 17:51:33,0,0,0,0,23.521,33.679
2026-09-06 17:56:33,0,0,0,0,23.262,33.462
2026-09-06 18:01:33,0,0,0,0,23.021,33.513
2026-09-06 18:06:33,0,0,0,0,22.861,32.998
2026-09-06 18:11:33,0,0,0,0,22.696,33.174
2026-09-06 18:16:33,0,0,0,0,22.279,33.141
2026-09-06 18:21:33,0,0,0,0,21.945,32.907
2026-09-06 18:26:33,0,0,0,0,21.651,34.414
2026-09-06 18:31:33,0,0,0,0,21.117,34.814
2026-09-06 18:36:33,0,0,0,0,20.578,34.867
2026-09-06 18:41:33,0,0,0,0,20.065,34.946
2026-09-06 18:46:33,0,0,0,0,19.753,35.907
2026-09-06 18:51:33,0,0,0,0,19.55,36.203
2026-09-06 18:56:33,0,0,0,0,19.299,37.439
2026-09-06 19:01:33,0,0,0,0,18.957,38.53
2026-09-06 19:06:33,51,63,0,36,18.594,38.783
2026-09-06 19:11:33,106,109,0,693,18.062,40.695
2026-09-06 19:16:34,114,121,0,755,17.646,41.374
2026-09-06 19:21:33,125,129,0,937,17.197,42.11
2026-09-06 19:26:33,80,83,0,725,16.823,42.705
2026-09-06 19:31:33,76,81,0,765,16.452,43.428
2026-09-06 19:36:33,13,14,0,243,16.1,43.338
2026-09-06 19:41:33,20,23,0,186,15.811,44.463
2026-09-06 19:46:33,33,36,0,297,15.555,44.578
2026-09-06 19:51:33,2,2,0,118,15.352,45.295
2026-09-06 19:56:33,14,16,0,220,15.109,46.056
2026-09-06 20:01:33,0,0,0,91,14.906,46.853
2026-09-06 20:06:33,0,0,0,116,14.762,47.527
2026-09-06 20:11:33,0,0,0,127,14.586,48.15
2026-09-06 20:16:33,0,0,0,192,14.42,48.311
2026-09-06 20:21:33,0,0,0,438,14.273,49.184
2026-09-06 20:26:33,0,0,0,525,14.108,49.65
2026-09-06 20:31:34,0,0,0,686,13.98,50.018
2026-09-06 20:36:33,0,0,0,707,13.803,50.788
2026-09-06 20:41:34,0,0,0,631,13.616,51.528
2026-09-06 20:46:33,52,62,0,1086,13.437,51.86
2026-09-06 20:51:33,53,65,0,1892,13.331,52.312
2026-09-06 20:56:33,56,70,0,1833,13.245,52.448
2026-09-06 21:01:34,22,22,0,1394,13.202,50.798
2026-09-06 21:06:33,1,1,0,1372,13.144,51.322
2026-09-06 21:11:34,0,0,0,1521,13.029,54.153
2026-09-06 21:16:33,0,1,0,1427,12.89,54.575
2026-09-06 21:21:33,1,1,0,1304,12.751,54.706
2026-09-06 21:26:33,1,1,0,1205,12.596,55.288
2026-09-06 21:31:34,0,0,0,1200,12.447,55.774
2026-09-06 21:36:34,0,0,0,1377,12.252,56.037
2026-09-06 21:41:34,1,1,0,1316,12.07,57.497
2026-09-06 21:46:33,1,1,0,1473,11.921,57.22
2026-09-06 21:51:34,1,2,0,1935,11.819,58.088
2026-09-06 21:56:34,2,2,0,1226,11.803,57.88
2026-09-06 22:01:34,1,1,0,1613,11.758,58.111
2026-09-06 22:06:34,3,3,0,1963,11.688,58.767
2026-09-06 22:11:33,1,1,0,1349,11.582,55.721
2026-09-06 22:16:34,1,1,0,1307,11.363,56.833
2026-09-06 22:21:34,1,1,0,1433,11.117,58.038
2026-09-06 22:26:34,2,2,0,1377,10.911,57.718
2026-09-06 22:31:33,3,4,0,1541,10.719,58.136
2026-09-06 22:36:34,15,17,0,1599,10.511,60.037
2026-09-06 22:41:33,37,39,0,1777,10.399,60.585
2026-09-06 22:46:34,27,27,0,1474,10.265,60.152
2026-09-06 22:51:34,7,8,0,1304,10.113,60.089
2026-09-06 22:56:34,13,13,0,1470,9.947,59.826
2026-09-06 23:01:34,8,8,0,1455,9.766,60.463
2026-09-06 23:06:34,7,7,0,1462,9.632,60.699
2026-09-06 23:11:34,8,8,0,1413,9.483,60.926
2026-09-06 23:16:34,15,18,0,1588,9.363,61.26
2026-09-06 23:21:34,9,14,0,1559,9.266,60.63
2026-09-06 23:26:34,9,10,0,1465,9.149,61.771
2026-09-06 23:31:34,9,10,0,1608,9.015,62.687
2026-09-06 23:37:19,18,19,0,1695,8.898,63.306
2026-09-06 23:41:34,19,20,0,1607,8.834,62.997
2026-09-06 23:46:34,18,19,0,1569,8.77,63.059
2026-09-06 23:51:34,14,16,0,1490,8.684,63.205
2026-09-06 23:56:34,15,19,0,1694,8.602,64.087
2026-09-07 00:01:34,14,16,0,1665,8.537,64.72
2026-09-07 00:06:34,11,13,0,1666,8.473,64.665
2026-09-07 00:11:34,11,14,0,1525,8.399,64.888
2026-09-07 00:16:34,9,9,0,1435,8.324,66.694
2026-09-07 00:21:34,9,9,0,1358,8.225,62.74
2026-09-07 00:26:34,13,16,0,1449,8.065,63.759
2026-09-07 00:31:34,14,14,0,1568,7.958,65.859
2026-09-07 00:36:34,9,9,0,1310,7.873,65.96
2026-09-07 00:41:34,11,15,0,1399,7.803,65.519
2026-09-07 00:46:34,9,11,0,1410,7.779,65.918
2026-09-07 00:51:34,8,8,0,1355,7.742,65.952
2026-09-07 00:56:34,10,10,0,1427,7.651,65.284
2026-09-07 01:01:34,23,27,0,1583,7.63,66.223
2026-09-07 01:06:34,8,8,0,1405,7.555,66.086
2026-09-07 01:11:34,11,11,0,1439,7.477,66.036
2026-09-07 01:16:34,9,9,0,1373,7.408,65.769
2026-09-07 01:21:34,11,11,0,1351,7.296,66.242
2026-09-07 01:26:34,10,11,0,1255,7.269,65.973
2026-09-07 01:31:34,8,8,0,1251,7.178,66.143
2026-09-07 01:36:34,7,8,0,1384,7.138,66.129
2026-09-07 01:41:34,11,15,0,1386,7.031,65.66
2026-09-07 01:46:34,8,10,0,1098,6.957,65.279
2026-09-07 01:51:34,10,10,0,1308,6.903,64.577
2026-09-07 01:56:34,11,11,0,1320,6.807,65.281
2026-09-07 02:01:35,7,8,0,1233,6.703,65.721
2026-09-07 02:06:35,10,10,0,1278,6.639,65.87
2026-09-07 02:11:35,8,10,0,1185,6.564,66.837
2026-09-07 02:16:35,7,8,0,1209,6.489,67.899
2026-09-07 02:21:34,7,9,0,1250,6.439,67.161
2026-09-07 02:26:34,10,10,0,1123,6.38,66.169
2026-09-07 02:31:35,8,8,0,1114,6.289,67.405
2026-09-07 02:36:35,7,7,0,1131,6.225,66.965
2026-09-07 02:41:34,8,10,0,1207,6.172,66.635
2026-09-07 02:46:35,7,9,0,1106,6.11,68.063
2026-09-07 02:51:34,8,8,0,1159,6.057,68.794
2026-09-07 02:56:35,6,6,0,1150,6.019,68.676
2026-09-07 03:01:34,6,6,0,1181,5.971,68.607
2026-09-07 03:06:34,5,5,0,1144,5.929,68.676
2026-09-07 03:11:34,7,7,0,1097,5.883,68.821
2026-09-07 03:16:34,6,6,0,1125,5.867,69.074
2026-09-07 03:21:34,5,6,0,1181,5.835,64.266
2026-09-07 03:26:35,5,5,0,1143,5.771,69.559
2026-09-07 03:31:35,7,9,0,1137,5.75,68.741
2026-09-07 03:36:35,7,7,0,1076,5.731,68.622
2026-09-07 03:41:34,6,6,0,980,5.704,66.902
2026-09-07 03:46:35,7,7,0,1024,5.645,67.804
2026-09-07 03:51:35,7,9,0,1154,5.549,67.848
2026-09-07 03:56:34,5,5,0,1029,5.469,67.253
2026-09-07 04:01:35,6,6,0,1105,5.435,67.095
2026-09-07 04:06:35,9,9,0,1132,5.408,68.672
2026-09-07 04:11:34,9,10,0,1125,5.386,68.643
2026-09-07 04:16:35,9,9,0,1080,5.36,68.989
2026-09-07 04:21:35,11,11,0,1196,5.36,69.658
2026-09-07 04:26:35,7,7,0,1082,5.352,70.257
2026-09-07 04:31:35,6,7,0,1046,5.346,70.663
2026-09-07 04:36:34,9,9,0,1023,5.336,68.865
2026-09-07 04:41:35,7,7,0,933,5.298,67.148
2026-09-07 04:46:35,9,11,0,918,5.224,66.618
2026-09-07 04:51:35,7,7,0,1009,5.135,67.758
2026-09-07 04:56:34,7,7,0,981,5.066,66.635
2026-09-07 05:01:35,7,9,0,984,4.986,68.084
2026-09-07 05:06:35,9,10,0,997,4.932,67.968
2026-09-07 05:11:34,6,7,0,888,4.884,68.914
2026-09-07 05:16:35,8,8,0,969,4.812,68.805
2026-09-07 05:21:34,6,6,0,944,4.78,68.245
2026-09-07 05:26:35,7,7,0,1015,4.732,69.114
2026-09-07 05:31:35,6,6,0,1049,4.684,69.105
2026-09-07 05:36:35,7,7,0,982,4.679,69.12
2026-09-07 05:41:35,7,7,0,1020,4.655,69.422
2026-09-07 05:46:35,5,5,0,1049,4.633,69.664
2026-09-07 05:51:35,7,7,0,1037,4.617,69.75
2026-09-07 05:56:35,6,6,0,1095,4.649,70.284
2026-09-07 06:01:35,6,6,0,1177,4.708,69.769
2026-09-07 06:06:35,7,7,0,1194,4.7,70.415
2026-09-07 06:11:35,8,8,0,1193,4.78,70.968
2026-09-07 06:16:35,8,8,0,1114,4.748,70.795
2026-09-07 06:21:35,6,7,0,1119,4.775,70.095
2026-09-07 06:26:35,6,6,0,1071,4.807,69.246
2026-09-07 06:31:35,5,5,0,953,4.788,67.121
2026-09-07 06:36:35,6,7,0,1017,4.703,67.36
2026-09-07 06:41:35,5,9,0,1134,4.639,67.939
2026-09-07 06:46:35,6,7,0,1163,4.617,68.918
2026-09-07 06:51:35,6,8,0,1107,4.559,68.393
2026-09-07 06:56:35,5,5,0,1360,4.529,69.809
2026-09-07 07:01:35,4,4,0,1569,4.503,70.114
2026-09-07 07:06:35,5,6,0,1490,4.508,70.583
2026-09-07 07:11:35,5,5,0,1322,4.529,69.931
2026-09-07 07:16:34,4,6,0,1210,4.519,69.908
2026-09-07 07:21:35,9,10,0,1439,4.511,69.45
2026-09-07 07:26:35,9,10,0,1377,4.505,69.086
2026-09-07 07:31:35,10,14,0,1624,4.468,69.313
2026-09-07 07:36:35,10,12,0,1559,4.489,70.034
2026-09-07 07:41:35,8,9,0,1640,4.484,70.492
2026-09-07 07:46:35,10,12,0,1605,4.438,70.513
2026-09-07 07:51:35,12,14,0,1817,4.471,70.564
2026-09-07 07:56:35,11,11,0,1674,4.465,70.85
2026-09-07 08:01:35,12,16,0,1898,4.487,69.399
2026-09-07 08:06:35,20,25,0,2201,4.519,71.327
2026-09-07 08:11:35,25,26,0,2527,4.575,71.026
2026-09-07 08:16:35,17,23,0,2151,4.607,69.843
2026-09-07 08:21:35,18,23,0,2096,4.66,69.004
2026-09-07 08:26:35,20,20,0,2227,4.697,68.762
2026-09-07 08:31:35,18,18,0,2453,4.783,69.013
2026-09-07 08:36:35,20,20,0,2446,4.908,71.865
2026-09-07 08:41:35,17,21,0,2383,5.111,73.139
2026-09-07 08:46:35,18,19,0,2145,5.309,72.775
2026-09-07 08:51:35,18,22,0,2044,5.576,72.737
2026-09-07 08:56:35,23,23,0,1925,5.816,73.891
2026-09-07 09:01:35,36,39,0,2114,6.086,74.377
2026-09-07 09:06:35,35,37,0,2228,6.337,74.097
2026-09-07 09:11:35,28,31,0,2478,6.604,73.358
2026-09-07 09:16:35,32,32,0,2305,6.893,73.309
2026-09-07 09:21:35,28,29,0,2447,7.181,72.038
2026-09-07 09:26:35,27,27,0,2399,7.493,71.48
2026-09-07 09:31:36,28,28,0,2268,7.83,71.287
2026-09-07 09:36:35,27,27,0,2216,8.129,70.165
2026-09-07 09:41:36,22,24,0,2117,8.449,69.395
2026-09-07 09:46:35,21,23,0,1882,8.812,69.288
2026-09-07 09:51:35,32,33,0,2165,9.168,61.361
2026-09-07 09:56:35,26,26,0,1984,9.472,67.503
2026-09-07 10:01:35,26,26,0,1888,9.963,66.093
2026-09-07 10:06:36,21,22,0,1676,11.122,63.833
2026-09-07 10:11:35,12,12,0,1555,12.692,59.44
2026-09-07 10:16:36,13,17,0,1461,14.126,55.149
2026-09-07 10:21:36,8,8,0,1397,15.424,50.621
2026-09-07 10:26:35,10,12,0,1307,16.514,47.565
2026-09-07 10:31:36,8,8,0,1318,17.422,45.123
2026-09-07 10:36:36,12,12,0,1357,18.303,43.615
2026-09-07 10:41:35,9,12,0,1191,18.989,42.739
2026-09-07 10:46:35,12,13,0,1174,19.459,44.696
2026-09-07 10:51:35,8,8,0,1110,19.828,41.9
2026-09-07 10:56:35,5,5,0,1036,20.351,38.991
2026-09-07 11:01:36,6,7,0,1032,21.008,38.255
2026-09-07 11:06:35,2,2,0,838,21.715,34.801
2026-09-07 11:11:36,4,4,0,759,22.378,36.14
2026-09-07 11:16:36,1,1,0,567,22.826,33.899
2026-09-07 11:21:36,1,2,0,442,23.334,39.069
2026-09-07 11:26:37,1,2,0,380,23.609,33.336
2026-09-07 11:31:36,1,1,0,227,23.945,32.68
2026-09-07 11:36:36,0,0,0,166,24.143,32.724
2026-09-07 11:41:36,1,1,0,183,24.364,32.409
2026-09-07 11:46:36,0,0,0,24,24.674,30.74
2026-09-07 11:51:36,1,2,0,38,24.866,34.764
2026-09-07 11:56:36,3,3,0,40,25.283,30.976
2026-09-07 12:01:36,1,1,0,0,25.71,37.431
2026-09-07 12:06:36,0,1,0,0,25.649,31.366
2026-09-07 12:11:35,1,2,0,6,26.033,35.89
2026-09-07 12:16:36,1,1,0,0,26.311,31.2
2026-09-07 12:21:36,2,2,0,0,26.263,30.408
2026-09-07 12:26:36,0,1,0,0,26.578,34.526
2026-09-07 12:31:36,0,0,0,0,26.762,30.204
2026-09-07 12:36:35,1,1,0,0,27.11,30.061
2026-09-07 12:41:36,1,1,0,0,27.686,29.979
2026-09-07 12:46:36,0,0,0,0,27.708,29.222
2026-09-07 12:51:36,1,1,0,0,27.916,29.864
2026-09-07 12:56:36,0,0,0,0,28.015,28.321
2026-09-07 13:01:36,1,1,0,0,28.314,30.997
2026-09-07 13:06:36,0,1,0,0,28.517,35.167
2026-09-07 13:11:36,0,0,0,0,28.565,31.982
2026-09-07 13:16:36,0,0,0,0,28.709,28.907
2026-09-07 13:21:36,1,1,0,0,28.803,30.666
2026-09-07 13:26:36,0,0,0,0,28.835,28.472
2026-09-07 13:31:36,0,0,0,0,28.92,29.67
2026-09-07 13:36:36,0,0,0,0,28.909,31.758
2026-09-07 13:41:36,0,0,0,0,28.792,28.674
2026-09-07 13:46:36,0,1,0,0,28.875,33.414
2026-09-07 13:51:36,0,0,0,0,28.629,31.037
2026-09-07 13:56:36,1,1,0,0,28.351,28.886
2026-09-07 14:01:36,0,1,0,0,28.1,30.32
2026-09-07 14:06:36,0,0,0,0,28.084,29.317
2026-09-07 14:11:36,0,0,0,0,27.879,30.563
2026-09-07 14:16:36,0,0,0,0,27.879,30.934
2026-09-07 14:21:36,0,0,0,0,27.793,30.612
2026-09-07 14:26:36,0,0,0,0,27.75,29.42
2026-09-07 14:31:36,0,0,0,0,27.702,32.285
2026-09-07 14:36:36,0,0,0,0,27.63,29.363
2026-09-07 14:41:36,0,0,0,0,27.625,30.509
2026-09-07 14:46:36,0,0,0,0,27.689,30.734
2026-09-07 14:51:36,0,0,0,0,27.678,30.006
2026-09-07 14:56:36,0,0,0,0,27.668,32.302
2026-09-07 15:01:37,0,0,0,0,27.329,30.94
2026-09-07 15:06:36,0,0,0,0,27.302,29.739
2026-09-07 15:11:36,0,0,0,0,27.307,30.227
2026-09-07 15:16:36,0,0,0,0,27.008,30.278
2026-09-07 15:21:37,0,0,0,0,26.859,29.882
2026-09-07 15:26:36,0,0,0,0,26.76,31.352
2026-09-07 15:31:36,0,0,0,0,26.61,31.846
2026-09-07 15:36:37,0,0,0,0,26.706,33.41
2026-09-07 15:41:36,0,0,0,0,26.477,33.769
2026-09-07 15:46:36,0,0,0,0,26.45,31.148
2026-09-07 15:51:37,0,0,0,0,26.431,33.223
2026-09-07 15:56:37,0,0,0,0,26.308,32.025
2026-09-07 16:01:37,0,0,0,0,26.052,32.664
2026-09-07 16:06:37,0,0,0,0,25.988,33.904
2026-09-07 16:11:36,0,0,0,0,25.603,32.537
2026-09-07 16:16:37,0,0,0,0,25.59,33.08
2026-09-07 16:21:37,0,0,0,0,25.435,33.277
2026-09-07 16:26:36,0,0,0,0,25.328,33.969
2026-09-07 16:31:37,0,0,0,0,25.109,33.878
2026-09-07 16:36:37,0,0,0,0,24.864,33.519
2026-09-07 16:41:36,0,0,0,0,24.599,35.005
2026-09-07 16:46:37,0,0,0,0,24.557,35.012
2026-09-07 16:51:37,0,0,0,0,24.311,35.157
2026-09-07 16:56:37,0,0,0,0,24.14,35.814
2026-09-07 17:01:37,0,0,0,0,23.841,36.163
2026-09-07 17:06:38,0,0,0,0,23.748,36.212
2026-09-07 17:11:36,0,0,0,0,23.625,36.245
2026-09-07 17:16:37,0,0,0,0,23.465,36.26
2026-09-07 17:21:36,0,0,0,0,23.315,36.762
2026-09-07 17:26:37,0,0,0,0,23.077,36.929
2026-09-07 17:31:36,0,0,0,0,22.949,37.961
2026-09-07 17:36:37,0,0,0,0,22.901,37.492
2026-09-07 17:41:37,0,0,0,0,22.682,37.975
2026-09-07 17:46:37,0,0,0,0,22.565,38.179
2026-09-07 17:51:37,0,0,0,0,22.354,38.848
2026-09-07 17:56:37,0,0,0,0,22.327,38.633
2026-09-07 18:01:37,0,0,0,0,22.113,39.041
2026-09-07 18:06:37,0,0,0,0,21.991,38.369
2026-09-07 18:11:37,0,0,0,0,21.809,39.167
2026-09-07 18:16:37,0,0,0,0,21.534,39.628
2026-09-07 18:21:37,0,0,0,0,21.246,39.939
2026-09-07 18:26:37,0,0,0,0,20.797,41.427
2026-09-07 18:31:37,0,0,0,0,20.268,41.293
2026-09-07 18:36:37,0,0,0,0,19.852,42.354
2026-09-07 18:41:37,0,0,0,0,19.459,42.966
2026-09-07 18:46:37,0,0,0,0,19.245,43.483
2026-09-07 18:51:37,1,3,0,0,18.973,44.063
2026-09-07 18:56:37,0,0,0,0,18.84,44.494
2026-09-07 19:01:37,0,0,0,0,18.573,44.414
2026-09-07 19:06:37,0,0,0,0,18.223,43.527
2026-09-07 19:11:37,0,0,0,0,17.721,45.886
2026-09-07 19:16:37,5,5,0,0,17.267,47.359
2026-09-07 19:21:37,0,0,0,0,16.877,48.149
2026-09-07 19:26:38,1,2,0,0,16.492,49.133
2026-09-07 19:31:37,0,0,0,0,16.164,49.772
2026-09-07 19:36:37,12,12,0,58,15.822,51.109
2026-09-07 19:41:37,6,7,0,67,15.576,51.713
2026-09-07 19:46:37,21,25,0,19,15.272,52.597
2026-09-07 19:51:38,24,24,0,216,14.994,53.155
2026-09-07 19:56:38,5,6,0,71,14.789,53.621
2026-09-07 20:01:37,0,1,0,66,14.591,54.248
2026-09-07 20:06:37,1,1,0,59,14.388,54.782
2026-09-07 20:11:37,0,0,0,38,14.217,55.332
2026-09-07 20:16:38,0,0,0,135,14.084,55.894
2026-09-07 20:21:38,0,0,0,194,13.915,56.297
2026-09-07 20:26:37,0,0,0,184,13.734,56.848
2026-09-07 20:31:38,0,0,0,118,13.622,57.279
2026-09-07 20:36:37,0,0,0,79,13.504,57.628
2026-09-07 20:41:37,0,0,0,53,13.397,57.949
2026-09-07 20:46:37,0,0,0,91,13.341,57.958
2026-09-07 20:51:38,0,0,0,96,13.299,58.302
2026-09-07 20:56:38,0,0,0,145,13.224,58.26
2026-09-07 21:01:38,0,1,0,333,13.128,58.227
2026-09-07 21:06:37,1,1,0,359,13.042,58.572
2026-09-07 21:11:38,1,1,0,370,12.954,58.645
2026-09-07 21:16:37,0,1,0,444,12.863,58.858
2026-09-07 21:21:38,1,3,0,434,12.762,59.04
2026-09-07 21:26:37,1,1,0,560,12.639,59.139
2026-09-07 21:31:38,2,2,0,556,12.538,59.545
2026-09-07 21:36:38,66,79,0,1176,12.417,59.74
2026-09-07 21:41:38,54,70,0,1059,12.305,60.196
2026-09-07 21:46:38,55,68,0,1146,12.22,60.081
2026-09-07 21:51:38,46,57,0,1273,12.124,60.384
2026-09-07 21:56:38,64,81,0,1575,12.001,60.705
2026-09-07 22:01:37,28,30,0,1500,11.875,60.825
2026-09-07 22:06:38,30,32,0,1508,11.694,61.685
2026-09-07 22:11:38,10,10,0,1520,11.55,55.98
2026-09-07 22:16:38,14,17,0,1647,11.443,62.313
2026-09-07 22:21:38,22,23,0,1970,11.357,62.898
2026-09-07 22:26:38,22,22,0,2027,11.264,63.451
2026-09-07 22:31:38,34,35,0,2012,11.205,61.782
2026-09-07 22:36:38,32,33,0,2172,11.141,64.363
2026-09-07 22:41:38,32,32,0,1949,11.045,64.405
2026-09-07 22:46:38,34,38,0,1911,10.991,62.387
2026-09-07 22:51:38,30,31,0,1669,10.925,63.821
2026-09-07 22:56:38,20,20,0,1587,10.791,63.781
2026-09-07 23:01:38,9,9,0,1429,10.61,63.612
2026-09-07 23:06:38,8,8,0,1365,10.38,63.753
2026-09-07 23:11:38,9,9,0,1302,10.193,63.541
2026-09-07 23:16:38,13,13,0,1228,9.998,63.98
2026-09-07 23:21:38,8,9,0,1289,9.822,64.533
2026-09-07 23:26:38,7,8,0,1247,9.683,64.678
2026-09-07 23:31:38,10,14,0,1129,9.523,64.302
2026-09-07 23:36:38,19,20,0,1360,9.405,65.376
2026-09-07 23:41:38,17,21,0,1301,9.296,64.998
2026-09-07 23:46:38,20,20,0,1383,9.21,65.368
2026-09-07 23:51:38,15,17,0,1233,9.13,64.754
2026-09-07 23:56:38,22,24,0,1558,9.034,65.91
2026-09-08 00:01:38,26,28,0,1672,8.965,66.2
2026-09-08 00:06:38,30,31,0,1499,8.903,66.345
2026-09-08 00:11:38,32,32,0,1543,8.85,67.371
2026-09-08 00:16:38,31,32,0,1603,8.802,66.608
2026-09-08 00:21:38,35,36,0,1544,8.764,67.18
2026-09-08 00:26:38,32,32,0,1507,8.711,66.663
2026-09-08 00:31:38,30,32,0,1504,8.65,67.011
2026-09-08 00:36:38,30,32,0,1557,8.575,66.204
2026-09-08 00:41:38,30,31,0,1404,8.521,65.279
2026-09-08 00:46:38,30,32,0,1236,8.388,66.057
2026-09-08 00:51:38,29,31,0,1351,8.26,66.318
2026-09-08 00:56:38,26,30,0,1355,8.156,65.866
2026-09-08 01:01:38,31,31,0,1462,8.113,65.988
2026-09-08 01:06:38,32,32,0,1390,8.038,66.755
2026-09-08 01:11:38,27,28,0,1407,7.969,66.887
2026-09-08 01:16:38,31,34,0,1290,7.905,66.045
2026-09-08 01:21:38,27,27,0,1328,7.832,67.032
2026-09-08 01:26:39,24,24,0,1333,7.758,67.648
2026-09-08 01:31:38,30,30,0,1307,7.688,68.125
2026-09-08 01:36:38,24,28,0,1248,7.656,65.954
2026-09-08 01:41:38,22,23,0,1238,7.56,68.178
2026-09-08 01:46:38,22,23,0,1203,7.472,67.968
2026-09-08 01:51:38,20,21,0,1300,7.403,67.997
2026-09-08 01:56:39,17,21,0,1330,7.333,68.813
2026-09-08 02:01:38,20,21,0,1347,7.269,69.273
2026-09-08 02:06:39,16,19,0,1403,7.248,69.206
2026-09-08 02:11:38,16,19,0,1317,7.25,69.467
2026-09-08 02:16:39,22,24,0,1410,7.176,70.31
2026-09-08 02:21:39,23,23,0,1367,7.181,69.685
2026-09-08 02:26:39,17,19,0,1344,7.17,69.849
2026-09-08 02:31:39,17,18,0,1284,7.111,69.431
2026-09-08 02:36:39,22,22,0,1354,7.066,68.834
2026-09-08 02:41:39,17,20,0,1344,7.029,68.542
2026-09-08 02:46:38,16,18,0,1324,6.997,68.334
2026-09-08 02:51:39,16,17,0,1336,6.911,68.046
2026-09-08 02:56:39,15,16,0,1224,6.842,67.991
2026-09-08 03:01:39,16,16,0,1237,6.786,68.355
2026-09-08 03:06:39,15,19,0,1140,6.727,67.848
2026-09-08 03:11:39,13,15,0,1143,6.631,68.212
2026-09-08 03:16:39,15,15,0,1077,6.545,67.177
2026-09-08 03:21:39,15,15,0,1115,6.465,67.892
2026-09-08 03:26:39,8,8,0,1121,6.382,68.325
2026-09-08 03:31:39,8,8,0,1087,6.345,69.124
2026-09-08 03:36:39,6,6,0,1257,6.292,69.645
2026-09-08 03:41:39,8,8,0,1156,6.238,70.051
2026-09-08 03:46:39,9,10,0,1165,6.249,70.749
2026-09-08 03:51:39,8,10,0,1201,6.209,70.852
2026-09-08 03:56:39,7,9,0,1164,6.204,70.019
2026-09-08 04:01:39,6,6,0,1038,6.188,68.34
2026-09-08 04:06:39,9,9,0,1057,6.113,68.777
2026-09-08 04:11:39,8,8,0,958,6.043,68.365
2026-09-08 04:16:39,7,7,0,1125,5.955,67.381
2026-09-08 04:21:39,7,7,0,1111,5.907,69.196
2026-09-08 04:26:39,7,7,0,1185,5.843,70.217
2026-09-08 04:31:39,7,7,0,1169,5.816,70.226
2026-09-08 04:36:39,6,7,0,1038,5.795,69.526
2026-09-08 04:41:39,6,8,0,1104,5.712,69.429
2026-09-08 04:46:39,6,7,0,1107,5.68,69.292
2026-09-08 04:51:39,6,6,0,1070,5.632,70.074
2026-09-08 04:56:39,9,9,0,1133,5.611,69.618
2026-09-08 05:01:39,10,11,0,1090,5.531,70.043
2026-09-08 05:06:39,6,6,0,1181,5.523,70.444
2026-09-08 05:11:39,9,9,0,1189,5.512,70.974
2026-09-08 05:16:39,10,10,0,1025,5.555,70.431
2026-09-08 05:21:39,7,7,0,988,5.539,70.213
2026-09-08 05:26:39,6,7,0,962,5.517,69.862
2026-09-08 05:31:39,6,7,0,1042,5.418,69.933
2026-09-08 05:36:39,6,6,0,998,5.354,69.351
2026-09-08 05:41:39,6,6,0,965,5.264,69.093
2026-09-08 05:46:39,5,6,0,1046,5.194,69.763
2026-09-08 05:51:39,5,5,0,1056,5.151,70.022
2026-09-08 05:56:39,5,5,0,1095,5.122,70.745
2026-09-08 06:01:39,6,6,0,1109,5.085,71.642
2026-09-08 06:06:39,6,6,0,1074,5.133,71.043
2026-09-08 06:11:39,7,7,0,1093,5.085,70.394
2026-09-08 06:16:39,6,7,0,1325,5.047,69.256
2026-09-08 06:21:39,5,6,0,1466,5.023,70.415
2026-09-08 06:26:39,7,7,0,1298,4.97,71.205
2026-09-08 06:31:39,6,6,0,1412,4.975,71.731
2026-09-08 06:36:39,7,9,0,1388,4.975,71.306
2026-09-08 06:41:39,9,9,0,1430,4.975,70.455
2026-09-08 06:46:39,7,7,0,1680,4.994,71.407
2026-09-08 06:51:39,7,7,0,1381,4.978,71.813
2026-09-08 06:56:40,6,6,0,1307,4.989,71.543
2026-09-08 07:01:39,5,5,0,1460,4.957,71.173
2026-09-08 07:06:39,7,7,0,1280,4.957,71.766
2026-09-08 07:11:39,7,7,0,1565,4.954,71.573
2026-09-08 07:16:40,6,9,0,1840,4.965,72.059
2026-09-08 07:21:39,5,5,0,1834,4.97,71.541
2026-09-08 07:26:40,5,5,0,2009,4.938,71.249
2026-09-08 07:31:40,5,5,0,1783,4.965,70.156
2026-09-08 07:36:39,9,9,0,1766,4.935,70.188
2026-09-08 07:41:39,7,7,0,1711,4.898,70.143
2026-09-08 07:46:40,9,10,0,1719,4.86,70.251
2026-09-08 07:51:40,6,7,0,1860,4.834,70.371
2026-09-08 07:56:39,7,9,0,1686,4.791,71.548
2026-09-08 08:01:39,11,14,0,1669,4.788,72.046
2026-09-08 08:06:40,9,9,0,1661,4.815,72.477
2026-09-08 08:11:39,9,10,0,1785,4.879,72.429
2026-09-08 08:16:40,14,14,0,1832,4.895,72.401
2026-09-08 08:21:39,11,15,0,1963,4.986,72.511
2026-09-08 08:26:40,12,16,0,2161,5.069,72.605
2026-09-08 08:31:39,22,23,0,2144,5.213,73.379
2026-09-08 08:36:40,26,26,0,2443,5.352,73.435
2026-09-08 08:41:42,19,19,0,2006,5.549,72.967
2026-09-08 08:46:39,31,31,0,2707,5.734,74.386
2026-09-08 08:51:40,32,33,0,2594,5.974,74.434
2026-09-08 08:56:39,31,32,0,2418,6.246,74.571
2026-09-08 09:01:40,31,33,0,2486,6.524,74.715
2026-09-08 09:06:39,32,34,0,2151,6.826,74.648
2026-09-08 09:11:39,25,28,0,2110,7.125,75.212
2026-09-08 09:16:40,22,24,0,1979,7.499,75.233
2026-09-08 09:21:40,9,11,0,1466,7.915,74.467
2026-09-08 09:26:40,23,24,0,1629,8.396,72.901
2026-09-08 09:31:39,23,28,0,1602,8.853,71.636
2026-09-08 09:36:40,14,17,0,1426,9.285,70.064
2026-09-08 09:41:40,14,14,0,1310,9.686,64.912
2026-09-08 09:46:40,8,9,0,1272,10.065,64.142
2026-09-08 09:51:40,10,10,0,1226,10.417,67.301
2026-09-08 09:56:40,8,9,0,1311,10.756,63.697
2026-09-08 10:01:40,21,22,0,1452,11.226,61.161
2026-09-08 10:06:40,23,25,0,1639,12.214,61.645
2026-09-08 10:11:40,25,26,0,1782,13.544,56.861
2026-09-08 10:16:39,28,28,0,1560,14.612,55.276
2026-09-08 10:21:40,25,28,0,1598,15.667,52.961
2026-09-08 10:26:40,20,22,0,1417,16.57,50.371
2026-09-08 10:31:40,18,18,0,1422,17.649,48.768
2026-09-08 10:36:39,16,18,0,1265,18.765,48.299
2026-09-08 10:41:40,16,17,0,1228,19.096,47.044
2026-09-08 10:46:40,15,16,0,1217,18.655,45.459
2026-09-08 10:51:40,18,19,0,1251,18.938,46.762
2026-09-08 10:56:40,16,17,0,1238,19.002,45.095
2026-09-08 11:01:40,14,16,0,1091,19.195,45.587
2026-09-08 11:06:40,18,19,0,1140,19.259,48
2026-09-08 11:11:40,12,13,0,1061,18.978,48.492
2026-09-08 11:16:40,12,14,0,1048,18.904,48.786
2026-09-08 11:21:40,7,8,0,729,19.261,48.179
2026-09-08 11:26:40,8,8,0,639,20.121,44.389
2026-09-08 11:31:40,18,20,0,776,20.583,42.627
2026-09-08 11:36:40,15,17,0,803,21.406,41.19
2026-09-08 11:41:40,12,14,0,843,22.533,39.029
2026-09-08 11:46:40,9,13,0,874,22.922,39.027
2026-09-08 11:51:40,6,6,0,541,22.533,37.757
2026-09-08 11:56:40,8,9,0,602,22.252,39.895
2026-09-08 12:01:40,12,13,0,496,23.011,39.127
2026-09-08 12:06:40,5,5,0,233,23.182,36.39
2026-09-08 12:11:40,4,4,0,132,22.952,39.266
2026-09-08 12:16:43,4,4,0,203,22.509,38.265
2026-09-08 12:21:40,3,3,0,179,22.143,40.035
2026-09-08 12:26:40,4,4,0,10,22.127,39.19
2026-09-08 12:31:40,3,3,0,0,22.463,39.466
2026-09-08 12:36:40,3,3,0,0,23.187,38.079
2026-09-08 12:41:40,1,1,0,0,24.308,35.571
2026-09-08 12:46:40,1,1,0,0,25.158,33.004
2026-09-08 12:51:40,1,1,0,0,25.008,33.979
2026-09-08 12:56:40,0,1,0,0,24.757,35.869
2026-09-08 13:01:40,2,2,0,0,24.76,36.517
2026-09-08 13:06:40,3,3,0,0,25.219,35.342
2026-09-08 13:11:40,3,3,0,0,25.646,34.618
2026-09-08 13:16:40,2,2,0,0,26.154,33.353
2026-09-08 13:21:40,2,2,0,0,26.18,32.325
2026-09-08 13:26:40,2,2,0,0,25.985,33.433
2026-09-08 13:31:40,1,1,0,0,25.985,33.422
2026-09-08 13:36:40,1,1,0,0,26.332,34.278
2026-09-08 13:41:40,0,0,0,0,26.215,34.414
2026-09-08 13:46:40,0,0,0,0,25.467,34.509
2026-09-08 13:51:40,0,0,0,0,24.973,35.037
2026-09-08 13:56:40,0,0,0,0,24.861,36.105
2026-09-08 14:01:40,0,0,0,0,24.888,39.348
2026-09-08 14:06:40,0,0,0,0,25.363,38.665
2026-09-08 14:11:40,0,0,0,0,25.732,36.88
2026-09-08 14:16:41,0,0,0,0,25.697,35.629
2026-09-08 14:21:40,0,0,0,0,25.248,35.903
2026-09-08 14:26:41,0,0,0,0,24.778,37.631
2026-09-08 14:31:41,1,1,0,0,24.421,35.76
2026-09-08 14:36:41,0,0,0,0,24.501,37.288
2026-09-08 14:41:40,0,0,0,0,25.021,39.834
2026-09-08 14:46:41,0,0,0,0,25.833,34.927
2026-09-08 14:51:41,0,0,0,0,26.271,36.779
2026-09-08 14:56:41,0,0,0,0,26.351,34.631
2026-09-08 15:01:41,0,0,0,0,26.138,34.471
2026-09-08 15:06:40,0,0,0,0,25.088,37.118
2026-09-08 15:11:41,0,0,0,0,24.837,36.828
2026-09-08 15:16:41,0,0,0,0,24.351,36.618
2026-09-08 15:21:41,0,0,0,0,24.282,37.406
2026-09-08 15:26:41,0,0,0,0,24.186,36.792
2026-09-08 15:31:41,0,0,0,0,24.204,36.615
2026-09-08 15:36:41,0,0,0,0,23.36,38.017
2026-09-08 15:41:41,0,0,0,0,22.714,39.06
2026-09-08 15:46:41,0,0,0,0,22.362,40.496
2026-09-08 15:51:41,0,0,0,0,22.164,40.366
2026-09-08 15:56:41,0,0,0,0,22.525,40.099
2026-09-08 16:01:40,0,0,0,0,22.738,40.151
2026-09-08 16:06:41,0,0,0,0,23.027,39.365
2026-09-08 16:11:41,0,0,0,0,23.646,39.008
2026-09-08 16:16:41,0,0,0,0,23.582,37.692
2026-09-08 16:21:40,0,0,0,0,22.89,40.452
2026-09-08 16:26:41,0,0,0,0,22.031,40.246
2026-09-08 16:31:41,0,0,0,0,21.39,41.265
2026-09-08 16:36:41,0,0,0,0,21.133,42.396
2026-09-08 16:41:41,0,0,0,0,21.513,42.548
2026-09-08 16:46:41,0,0,0,0,22.108,39.081
2026-09-08 16:51:41,0,0,0,0,22.61,39.317
2026-09-08 16:56:41,0,0,0,0,22.856,38.068
2026-09-08 17:01:41,0,0,0,0,23.16,37.755
2026-09-08 17:06:41,0,0,0,0,22.92,38.198
2026-09-08 17:11:41,0,0,0,0,22.591,39.388
2026-09-08 17:16:41,0,0,0,0,22.367,39.287
2026-09-08 17:21:41,0,0,0,0,22.02,39.701
2026-09-08 17:26:41,0,0,0,0,21.299,41.087
2026-09-08 17:31:41,0,0,0,0,20.677,41.948
2026-09-08 17:36:41,0,0,0,0,20.057,43.573
2026-09-08 17:41:41,0,0,0,0,19.614,45.19
2026-09-08 17:46:41,0,0,0,0,19.165,44.719
2026-09-08 17:51:41,0,0,0,0,18.786,46.295
2026-09-08 17:56:41,0,0,0,0,18.559,46.382
2026-09-08 18:01:41,0,0,0,0,18.495,47.441
2026-09-08 18:06:41,0,0,0,0,18.18,48.187
2026-09-08 18:11:41,0,0,0,0,18.036,48.541
2026-09-08 18:16:41,0,0,0,0,17.758,48.137
2026-09-08 18:21:41,0,0,0,0,17.739,49.64
2026-09-08 18:26:41,0,0,0,0,17.558,48.635
2026-09-08 18:31:41,0,0,0,0,17.43,49.652
2026-09-08 18:36:41,0,0,0,0,17.36,50.5
2026-09-08 18:41:41,0,0,0,0,17.291,50.655
2026-09-08 18:46:41,0,0,0,0,17.197,51.347
2026-09-08 18:51:41,0,0,0,0,17.139,51.464
2026-09-08 18:56:41,0,0,0,0,17.026,51.586
2026-09-08 19:01:42,0,0,0,0,16.946,50.592
2026-09-08 19:06:41,0,0,0,0,16.855,51.738
2026-09-08 19:11:41,0,0,0,0,16.746,50.95
2026-09-08 19:16:42,0,0,0,0,16.612,51.948
2026-09-08 19:21:41,0,0,0,0,16.484,51.925
2026-09-08 19:26:41,0,0,0,0,16.383,52.715
2026-09-08 19:31:42,0,0,0,0,16.287,53.157
2026-09-08 19:36:42,0,0,0,0,16.188,53.836
2026-09-08 19:41:41,0,0,0,0,16.151,53.22
2026-09-08 19:46:42,0,0,0,0,16.076,54.966
2026-09-08 19:51:41,1,1,0,3,15.958,55.393
2026-09-08 19:56:42,0,0,0,0,15.9,54.725
2026-09-08 20:01:42,0,0,0,0,15.897,55.305
2026-09-08 20:06:42,0,0,0,0,15.859,56.234
2026-09-08 20:11:42,1,1,0,228,15.908,55.158
2026-09-08 20:16:42,0,0,0,136,15.945,54.76
2026-09-08 20:21:42,0,0,0,143,15.977,54.752
2026-09-08 20:26:42,0,0,0,214,15.948,54.767
2026-09-08 20:31:41,0,0,0,305,15.942,54.716
2026-09-08 20:36:42,0,0,0,224,15.905,48.875
2026-09-08 20:41:42,1,1,0,249,15.793,49.066
2026-09-08 20:46:42,1,1,0,385,15.702,50.462
2026-09-08 20:51:42,2,2,0,878,15.603,56.73
2026-09-08 20:56:42,2,2,0,716,15.55,54.193
2026-09-08 21:01:42,2,2,0,892,15.48,52.52
2026-09-08 21:06:42,3,4,0,1008,15.427,56.924
2026-09-08 21:11:42,3,3,0,813,15.368,56.245
2026-09-08 21:16:42,3,3,0,867,15.296,58.565
2026-09-08 21:21:42,4,4,0,756,15.296,58.664
2026-09-08 21:26:42,3,4,0,709,15.312,58.776
2026-09-08 21:31:42,2,3,0,532,15.349,52.915
2026-09-08 21:36:42,1,1,0,363,15.312,58.345
2026-09-08 21:41:42,1,1,0,249,15.277,58.374
2026-09-08 21:46:42,1,2,0,226,15.235,58.677
2026-09-08 21:51:42,1,1,0,241,15.187,58.633
2026-09-08 21:56:42,1,1,0,205,15.144,58.755
2026-09-08 22:01:42,1,1,0,172,15.098,58.845
2026-09-08 22:06:42,0,0,0,205,15.082,58.673
2026-09-08 22:11:42,0,0,0,136,15.072,58.319
2026-09-08 22:16:42,0,0,0,173,15.061,58.95
2026-09-08 22:21:42,0,0,0,250,15.066,59.379
2026-09-08 22:26:42,1,1,0,257,15.032,59.32
2026-09-08 22:31:42,1,2,0,440,15.005,60.258
2026-09-08 22:36:42,1,1,0,561,14.962,60.306
2026-09-08 22:41:42,1,1,0,633,14.925,60.062
2026-09-08 22:46:42,1,1,0,696,14.909,60.827
2026-09-08 22:51:42,1,1,0,426,14.815,60.295
2026-09-08 22:56:42,2,2,0,605,14.783,61.231
2026-09-08 23:01:42,3,3,0,604,14.693,61.422
2026-09-08 23:06:42,3,4,0,668,14.677,61.239
2026-09-08 23:11:42,2,2,0,802,14.682,61.027
2026-09-08 23:16:42,3,3,0,1017,14.668,60.979
2026-09-08 23:21:42,3,4,0,901,14.652,61.149
2026-09-08 23:26:42,3,3,0,501,14.604,60.905
2026-09-08 23:31:42,3,3,0,591,14.572,61.298
2026-09-08 23:36:42,3,3,0,535,14.551,60.951
2026-09-08 23:41:42,2,2,0,414,14.506,61.174
2026-09-08 23:46:42,3,3,0,452,14.442,61.46
2026-09-08 23:51:42,1,2,0,673,14.335,61.786
2026-09-08 23:56:42,3,4,0,676,14.271,61.559
2026-09-09 00:01:42,4,5,0,709,14.148,61.973
2026-09-09 00:06:42,2,2,0,662,14.054,62.248
2026-09-09 00:11:42,4,5,0,666,13.921,59.759
2026-09-09 00:16:42,4,4,0,813,13.766,63.015
2026-09-09 00:21:42,2,2,0,830,13.675,62.919
2026-09-09 00:26:42,4,4,0,919,13.6,63.837
2026-09-09 00:31:42,4,4,0,964,13.56,64.226
2026-09-09 00:36:43,4,4,0,918,13.55,64.228
2026-09-09 00:41:42,4,4,0,1024,13.534,64.031
2026-09-09 00:46:42,5,5,0,947,13.459,63.869
2026-09-09 00:51:42,6,6,0,1012,13.304,64.626
2026-09-09 00:56:43,4,4,0,974,13.221,64.441
2026-09-09 01:01:42,4,4,0,920,13.157,63.999
2026-09-09 01:06:42,4,4,0,931,13.093,64.249
2026-09-09 01:11:43,4,4,0,928,13.018,58.157
2026-09-09 01:16:43,8,8,0,909,12.965,65.197
2026-09-09 01:21:42,6,7,0,938,12.951,65.838
2026-09-09 01:26:42,5,7,0,947,12.967,64.016
2026-09-09 01:31:43,6,6,0,934,12.984,65.784
2026-09-09 01:36:43,7,7,0,978,13.026,65.315
2026-09-09 01:41:43,8,10,0,1033,13.01,65.036
2026-09-09 01:46:43,10,10,0,1058,12.965,65.265
2026-09-09 01:51:42,10,12,0,1097,12.986,58.204
2026-09-09 01:56:43,10,10,0,1063,12.922,64.624
2026-09-09 02:01:42,12,14,0,1043,12.927,62.292
2026-09-09 02:06:43,15,15,0,1091,12.927,64.846
2026-09-09 02:11:43,20,22,0,1143,12.941,58.33
2026-09-09 02:16:42,20,21,0,1102,12.951,65.302
2026-09-09 02:21:43,35,38,0,1114,12.967,65.063
2026-09-09 02:26:43,32,33,0,1008,12.951,64.596
2026-09-09 02:31:43,27,29,0,969,12.874,64.14
2026-09-09 02:36:44,25,25,0,1003,12.741,64.348
2026-09-09 02:41:43,12,13,0,1093,12.586,64.247
2026-09-09 02:46:43,9,10,0,1043,12.385,64.861
2026-09-09 02:51:44,10,10,0,1047,12.198,64.964
2026-09-09 02:56:43,9,10,0,1020,12.012,65.687
2026-09-09 03:01:43,6,7,0,979,11.881,65.849
2026-09-09 03:06:43,8,8,0,952,11.763,65.401
2026-09-09 03:11:43,9,10,0,888,11.624,66.711
2026-09-09 03:16:43,10,12,0,909,11.544,66.41
2026-09-09 03:21:43,8,10,0,927,11.534,67.713
2026-09-09 03:26:43,8,8,0,878,11.531,68.159
2026-09-09 03:31:43,7,9,0,944,11.611,68.105
2026-09-09 03:36:43,6,6,0,952,11.712,66.709
2026-09-09 03:41:43,8,9,0,944,11.814,67.636
2026-09-09 03:46:43,5,5,0,864,11.899,64.083
2026-09-09 03:51:43,6,6,0,926,11.955,59.455
2026-09-09 03:56:43,5,5,0,835,11.945,66.862
2026-09-09 04:01:43,6,6,0,842,11.998,67.013
2026-09-09 04:06:43,7,7,0,795,12.046,66.833
2026-09-09 04:11:43,4,4,0,743,12.116,66.772
2026-09-09 04:16:43,7,7,0,673,12.22,66.974
2026-09-09 04:21:43,6,6,0,656,12.279,65.803
2026-09-09 04:26:43,6,6,0,689,12.396,66.234
2026-09-09 04:31:43,7,7,0,715,12.514,66.213
2026-09-09 04:36:43,7,7,0,713,12.636,66.173
2026-09-09 04:41:43,9,9,0,772,12.789,62.101
2026-09-09 04:46:43,7,7,0,750,12.954,59.288
2026-09-09 04:51:43,8,10,0,759,13.018,59.818
2026-09-09 04:56:43,12,12,0,803,13.104,59.681
2026-09-09 05:01:43,10,10,0,866,13.114,64.596
2026-09-09 05:06:43,8,8,0,882,13.219,64.331
2026-09-09 05:11:43,7,7,0,917,13.331,64.172
2026-09-09 05:16:43,6,6,0,1012,13.437,64.022
2026-09-09 05:21:43,9,9,0,923,13.491,63.903
2026-09-09 05:26:43,6,6,0,849,13.56,63.659
2026-09-09 05:31:43,7,7,0,787,13.595,63.646
2026-09-09 05:36:43,6,6,0,756,13.6,63.337
2026-09-09 05:41:43,4,4,0,729,13.563,62.837
2026-09-09 05:46:43,4,5,0,614,13.515,63.347
2026-09-09 05:51:43,4,4,0,623,13.515,61.609
2026-09-09 05:56:43,3,3,0,608,13.502,58.338
2026-09-09 06:01:43,5,5,0,703,13.534,63.276
2026-09-09 06:06:43,6,6,0,607,13.619,61.063
2026-09-09 06:11:44,5,5,0,678,13.656,62.517
2026-09-09 06:16:44,6,6,0,710,13.705,62.389
2026-09-09 06:21:44,6,7,0,910,13.729,60.228
2026-09-09 06:26:44,6,6,0,1080,13.713,59.36
2026-09-09 06:31:44,7,7,0,1074,13.638,61.33
2026-09-09 06:36:43,5,5,0,1072,13.616,60.243
2026-09-09 06:41:43,7,7,0,1076,13.611,62.273
2026-09-09 06:46:44,5,5,0,1212,13.64,60.035
2026-09-09 06:51:44,5,6,0,1090,13.64,61.99
2026-09-09 06:56:43,8,9,0,1053,13.635,60.955
2026-09-09 07:01:43,6,6,0,996,13.603,61.903
2026-09-09 07:06:43,6,7,0,1035,13.598,62.233
2026-09-09 07:11:43,6,7,0,1186,13.638,59.419
2026-09-09 07:16:43,5,5,0,1256,13.638,58.252
2026-09-09 07:21:44,5,6,0,1250,13.606,62.555
2026-09-09 07:26:44,6,7,0,1252,13.579,62.065
2026-09-09 07:31:44,6,7,0,1238,13.499,57.636
2026-09-09 07:36:44,9,9,0,1313,13.384,58.017
2026-09-09 07:41:43,12,12,0,1180,13.256,63.999
2026-09-09 07:46:44,35,38,0,1393,13.133,64.668
2026-09-09 07:51:44,43,52,0,1434,13.026,65.031
2026-09-09 07:56:44,13,14,0,1146,12.951,65.887
2026-09-09 08:01:44,8,12,0,1088,12.885,66.301
2026-09-09 08:06:44,10,12,0,1178,12.853,65.283
2026-09-09 08:11:44,10,10,0,1202,12.853,66.107
2026-09-09 08:16:43,8,10,0,1070,12.821,66.496
2026-09-09 08:21:44,14,15,0,1187,12.815,66.616
2026-09-09 08:26:44,12,14,0,934,12.861,66.519
2026-09-09 08:31:44,8,8,0,912,12.823,66.599
2026-09-09 08:36:44,7,8,0,1002,12.823,66.839
2026-09-09 08:41:44,7,7,0,2868,12.935,66.4
2026-09-09 08:46:43,6,6,0,971,13.064,66.229
2026-09-09 08:51:44,5,5,0,1025,13.243,66.011
2026-09-09 08:56:43,6,7,0,907,13.381,65.487
2026-09-09 09:01:44,8,8,0,942,13.552,62.795
2026-09-09 09:06:44,7,8,0,950,13.691,64.241
2026-09-09 09:11:44,7,8,0,915,13.894,63.694
2026-09-09 09:16:44,14,17,0,1038,14.105,63.16
2026-09-09 09:21:44,14,14,0,1196,14.271,63.074
2026-09-09 09:26:44,6,6,0,896,14.468,62.143
2026-09-09 09:31:44,6,6,0,948,14.634,62.099
2026-09-09 09:36:44,7,8,0,985,14.783,60.815
2026-09-09 09:41:44,6,6,0,857,14.925,60.823
2026-09-09 09:46:44,7,7,0,930,15.069,60.854
2026-09-09 09:51:44,8,8,0,916,15.277,58.843
2026-09-09 09:56:44,7,8,0,771,15.47,59.209
2026-09-09 10:01:44,9,9,0,797,15.667,58.714
2026-09-09 10:06:44,20,21,0,906,15.916,58.103
2026-09-09 10:11:44,21,24,0,776,16.225,56.97
2026-09-09 10:16:44,9,11,0,829,16.492,56.877
2026-09-09 10:21:44,13,15,0,854,16.759,56.322
2026-09-09 10:26:44,13,13,0,818,16.962,56.325
2026-09-09 10:31:44,16,19,0,853,17.152,56.35
2026-09-09 10:36:44,16,19,0,725,17.446,56.449
2026-09-09 10:41:44,20,23,0,719,17.697,55.126
2026-09-09 10:46:44,17,18,0,632,17.953,53.144
2026-09-09 10:51:44,9,11,0,618,18.279,52.669
2026-09-09 10:56:44,8,8,0,613,18.495,51.988
2026-09-09 11:01:44,9,9,0,550,18.789,52.69
2026-09-09 11:06:44,9,9,0,480,19.072,50.683
2026-09-09 11:11:44,5,5,0,398,19.43,49.455
2026-09-09 11:16:44,6,6,0,337,19.659,48.5
2026-09-09 11:21:45,5,6,0,363,19.977,48.73
2026-09-09 11:26:44,2,3,0,175,20.426,48.763
2026-09-09 11:31:45,0,1,0,89,20.864,45.015
2026-09-09 11:36:44,4,4,0,186,21.259,45.175
2026-09-09 11:41:45,5,5,0,157,21.766,47.542
2026-09-09 11:46:44,4,5,0,138,22.533,43.592
2026-09-09 11:51:45,4,5,0,110,23.521,40.891
2026-09-09 11:56:44,2,3,0,142,24.3,40.485
2026-09-09 12:01:44,3,4,0,44,25.134,38.261
2026-09-09 12:06:45,2,2,0,15,25.518,37.359
2026-09-09 12:11:45,0,0,0,9,25.483,38.743
2026-09-09 12:16:44,2,2,0,8,25.595,37.21
2026-09-09 12:21:44,2,2,0,4,25.841,38.12
2026-09-09 12:26:45,3,3,0,0,25.836,36.073
2026-09-09 12:31:44,1,1,0,0,26.498,42.783
2026-09-09 12:36:44,1,1,0,0,27.051,35.993
2026-09-09 12:41:44,1,3,0,0,27.403,34.778
2026-09-09 12:46:44,0,0,0,0,27.403,35.676
2026-09-09 12:51:45,0,1,0,0,27.713,33.734
2026-09-09 12:56:45,0,0,0,0,27.879,33.22
2026-09-09 13:01:45,0,0,0,0,28.164,38.244
2026-09-09 13:06:44,0,0,0,0,28.314,38.167
2026-09-09 13:11:45,0,0,0,0,28.442,32.184
2026-09-09 13:16:44,0,1,0,0,28.602,34.064
2026-09-09 13:21:45,0,0,0,0,28.698,33.99
2026-09-09 13:26:45,0,0,0,0,28.963,35.917
2026-09-09 13:31:45,0,0,0,0,29.032,32.268
2026-09-09 13:36:45,0,0,0,0,29.08,33.401
2026-09-09 13:41:45,0,0,0,0,29.342,33
2026-09-09 13:46:45,0,0,0,0,29.369,32.077
2026-09-09 13:51:45,0,0,0,0,29.462,31.984
2026-09-09 13:56:45,0,0,0,0,29.5,31.486
2026-09-09 14:01:45,0,0,0,0,29.297,33.664
2026-09-09 14:06:45,0,0,0,0,29.59,37.652
2026-09-09 14:11:45,0,0,0,0,29.297,32.413
2026-09-09 14:16:45,0,0,0,0,29.385,31.806
2026-09-09 14:21:45,0,0,0,0,29.321,31.961
2026-09-09 14:26:45,0,0,0,0,29.23,31.779
2026-09-09 14:31:45,0,0,0,0,29.294,33.513
2026-09-09 14:36:45,0,0,0,0,29.331,33.174
2026-09-09 14:41:45,0,0,0,0,29.232,33.332
2026-09-09 14:46:45,0,0,0,0,29.158,32.367
2026-09-09 14:51:45,0,0,0,0,29.014,32.373
2026-09-09 14:56:45,0,0,0,0,28.645,33.521
2026-09-09 15:01:45,0,0,0,0,28.581,34.469
2026-09-09 15:06:45,0,0,0,0,28.498,33.83
2026-09-09 15:11:45,0,0,0,0,28.327,35.871
2026-09-09 15:16:45,0,0,0,0,28.178,35.779
2026-09-09 15:21:45,0,0,0,0,28.017,33.269
2026-09-09 15:26:45,0,0,0,0,27.804,36.355
2026-09-09 15:31:45,0,0,0,0,27.614,35.493
2026-09-09 15:36:45,0,0,0,0,27.636,35.018
2026-09-09 15:41:45,0,0,0,0,27.652,34.324
2026-09-09 15:46:45,0,0,0,0,27.545,33.624
2026-09-09 15:51:45,0,0,0,0,27.598,37.086
2026-09-09 15:56:45,0,0,0,0,27.526,35.075
2026-09-09 16:01:45,0,0,0,0,27.227,34.423
2026-09-09 16:06:45,0,0,0,0,27.163,34.377
2026-09-09 16:11:45,0,0,0,0,27.259,34.28
2026-09-09 16:16:45,0,0,0,0,27.099,34.299
2026-09-09 16:21:45,0,0,0,0,27.128,34.995
2026-09-09 16:26:45,0,0,0,0,27.016,34.743
2026-09-09 16:31:48,0,0,0,0,26.984,34.549
2026-09-09 16:36:45,0,0,0,0,26.832,35.32
2026-09-09 16:41:46,0,0,0,0,26.575,36.02
2026-09-09 16:46:45,0,0,0,0,26.378,36.826
2026-09-09 16:51:46,0,0,0,0,26.202,37.465
2026-09-09 16:56:46,0,0,0,0,25.977,36.559
2026-09-09 17:01:45,0,0,0,0,25.708,37.843
2026-09-09 17:06:46,0,0,0,0,25.617,36.336
2026-09-09 17:11:46,0,0,0,0,25.622,37.349
2026-09-09 17:16:45,0,0,0,0,25.478,36.491
2026-09-09 17:21:47,0,0,0,0,25.275,36.994
2026-09-09 17:26:45,0,0,0,0,25.198,36.842
2026-09-09 17:31:46,0,0,0,0,25.288,38.07
2026-09-09 17:36:45,0,0,0,0,25.347,37.233
2026-09-09 17:41:45,0,0,0,0,25.433,36.559
2026-09-09 17:46:45,0,0,0,0,25.36,36.874
2026-09-09 17:51:46,0,0,0,0,25.264,38.255
2026-09-09 17:56:45,0,0,0,0,25.163,37.545
2026-09-09 18:01:46,0,0,0,0,25.072,37.605
2026-09-09 18:06:45,0,0,0,0,24.917,38.661
2026-09-09 18:11:46,0,0,0,0,24.701,38.007
2026-09-09 18:16:46,0,0,0,0,24.391,39.369
2026-09-09 18:21:46,0,0,0,0,23.98,39.119
2026-09-09 18:26:45,0,0,0,0,23.558,40.763
2026-09-09 18:31:46,0,0,0,0,23.179,41.555
2026-09-09 18:36:46,5,5,0,0,23.027,41.662
2026-09-09 18:41:46,0,0,0,0,22.93,41.585
2026-09-09 18:46:46,0,0,0,15,22.754,42.167
2026-09-09 18:51:45,0,1,0,0,22.461,42.342
2026-09-09 18:56:46,0,0,0,3,22.151,42.856
2026-09-09 19:01:46,0,0,0,11,21.545,43.805
2026-09-09 19:06:46,0,0,0,0,20.978,45.059
2026-09-09 19:11:46,0,0,0,0,20.306,46.689
2026-09-09 19:16:46,0,0,0,0,19.836,47.742
2026-09-09 19:21:46,0,0,0,0,19.334,49.198
2026-09-09 19:26:46,0,0,0,52,18.925,49.148
2026-09-09 19:31:46,0,0,0,74,18.546,50.619
2026-09-09 19:36:46,0,0,0,42,18.241,52.042
2026-09-09 19:41:46,0,0,0,66,17.878,53.3
2026-09-09 19:46:46,0,0,0,137,17.606,53.367
2026-09-09 19:51:46,0,0,0,0,17.363,53.653
2026-09-09 19:56:45,0,0,0,40,17.171,54.26
2026-09-09 20:01:46,0,0,0,97,16.984,54.887
2026-09-09 20:06:46,0,0,0,149,16.829,55.015
2026-09-09 20:11:46,0,0,0,186,16.695,55.948
2026-09-09 20:16:46,0,0,0,303,16.543,56.4
2026-09-09 20:21:46,0,0,0,628,16.367,57.02
2026-09-09 20:26:46,0,0,0,926,16.223,57.466
2026-09-09 20:31:46,0,0,0,852,16.105,57.787
2026-09-09 20:36:46,0,1,0,775,15.95,58.103
2026-09-09 20:41:46,1,1,0,784,15.862,58.616
2026-09-09 20:46:46,0,1,0,879,15.766,58.971
2026-09-09 20:51:46,0,0,0,798,15.643,58.908
2026-09-09 20:56:46,3,3,0,950,15.536,59.537
2026-09-09 21:01:47,3,3,0,982,15.451,58.488
2026-09-09 21:06:46,3,3,0,1068,15.379,60.035
2026-09-09 21:11:46,2,2,0,1336,15.293,60.52
2026-09-09 21:16:46,2,2,0,1084,15.208,60.945
2026-09-09 21:21:46,1,2,0,1090,15.138,60.852
2026-09-09 21:26:46,2,3,0,1020,15.021,60.245
2026-09-09 21:31:46,3,4,0,990,14.869,60.886
2026-09-09 21:36:46,2,2,0,1071,14.751,60.793
2026-09-09 21:41:46,1,1,0,1085,14.618,61.296
2026-09-09 21:46:46,3,3,0,1162,14.538,60.812
2026-09-09 21:51:46,1,2,0,1170,14.49,61.237
2026-09-09 21:56:47,2,3,0,1127,14.423,61.47
2026-09-09 22:01:46,1,1,0,1103,14.364,62.681
2026-09-09 22:06:46,4,5,0,1699,14.311,62.87
2026-09-09 22:11:47,2,2,0,761,14.247,62.708
2026-09-09 22:16:46,2,3,0,685,14.225,62.668
2026-09-09 22:21:46,3,3,0,538,14.137,61.693
2026-09-09 22:26:46,3,3,0,464,14.025,62.149
2026-09-09 22:31:46,4,4,0,483,13.891,62.406
2026-09-09 22:36:47,3,3,0,539,13.721,63.903
2026-09-09 22:41:47,3,3,0,563,13.582,64.1
2026-09-09 22:46:47,6,6,0,591,13.515,57.72
2026-09-09 22:51:46,7,7,0,587,13.456,56.318
2026-09-09 22:56:46,7,7,0,574,13.397,64.628
2026-09-09 23:01:47,6,7,0,612,13.371,62.185
2026-09-09 23:06:46,9,9,0,800,13.365,65.551
2026-09-09 23:11:47,10,12,0,876,13.363,65.197
2026-09-09 23:16:47,19,19,0,792,13.373,65.275
2026-09-09 23:21:47,16,19,0,648,13.379,65.153
2026-09-09 23:26:47,15,20,0,572,13.384,65.088
2026-09-09 23:31:46,18,19,0,573,13.357,64.794
2026-09-09 23:36:47,10,12,0,493,13.328,63.562
2026-09-09 23:41:47,8,8,0,472,13.232,63.823
2026-09-09 23:46:47,7,7,0,462,13.109,64.325
2026-09-09 23:51:47,7,7,0,410,12.959,64.8
2026-09-09 23:56:47,13,14,0,490,12.853,65.748
2026-09-10 00:01:47,9,9,0,484,12.733,66.108
2026-09-10 00:06:47,9,10,0,357,12.679,64.926
2026-09-10 00:11:46,10,13,0,408,12.567,66.122
2026-09-10 00:16:47,10,10,0,446,12.428,66.875
2026-09-10 00:21:47,7,7,0,446,12.316,67.577
2026-09-10 00:26:47,9,9,0,434,12.244,67.653
2026-09-10 00:31:47,9,9,0,468,12.238,68.79
2026-09-10 00:36:46,9,10,0,456,12.276,68.195
2026-09-10 00:41:47,9,9,0,460,12.313,67.73
2026-09-10 00:46:46,6,6,0,432,12.329,68.432
2026-09-10 00:51:47,7,7,0,448,12.327,67.692
2026-09-10 00:56:47,10,10,0,402,12.332,66.705
2026-09-10 01:01:47,5,6,0,426,12.305,67.695
2026-09-10 01:06:47,7,9,0,408,12.289,67.52
2026-09-10 01:11:47,7,7,0,393,12.279,66.999
2026-09-10 01:16:47,7,7,0,424,12.265,67.974
2026-09-10 01:21:47,8,8,0,432,12.255,69.002
2026-09-10 01:26:47,5,5,0,414,12.265,67.898
2026-09-10 01:31:47,5,5,0,378,12.271,68.481
2026-09-10 01:36:47,5,6,0,361,12.26,68.268
2026-09-10 01:41:47,4,5,0,377,12.214,69.008
2026-09-10 01:46:47,6,6,0,331,12.188,67.88
2026-09-10 01:51:47,9,10,0,364,12.14,67.789
2026-09-10 01:56:47,10,12,0,417,12.113,67.608
2026-09-10 02:01:47,8,10,0,413,12.044,68.144
2026-09-10 02:06:47,8,9,0,446,12.025,67.955
2026-09-10 02:11:47,10,10,0,472,11.993,67.486
2026-09-10 02:16:47,7,7,0,394,11.971,66.957
2026-09-10 02:21:47,13,13,0,347,11.929,66.641
2026-09-10 02:26:47,12,16,0,356,11.87,66.66
2026-09-10 02:31:47,13,13,0,370,11.798,67.35
2026-09-10 02:36:47,13,16,0,344,11.739,66.61
2026-09-10 02:41:47,29,29,0,362,11.702,66.379
2026-09-10 02:46:47,21,21,0,373,11.643,62.431
2026-09-10 02:51:47,16,18,0,404,11.515,65.612
2026-09-10 02:56:47,13,14,0,349,11.411,67.157
2026-09-10 03:01:48,10,12,0,388,11.331,68.63
2026-09-10 03:06:47,12,12,0,427,11.331,69.38
2026-09-10 03:11:47,15,16,0,404,11.341,69.196
2026-09-10 03:16:47,9,10,0,405,11.395,68.788
2026-09-10 03:21:48,12,12,0,405,11.445,68.844
2026-09-10 03:26:47,13,18,0,408,11.456,68.912
2026-09-10 03:31:48,10,12,0,405,11.483,68.878
2026-09-10 03:36:48,9,12,0,378,11.451,68.479
2026-09-10 03:41:47,12,15,0,381,11.419,68.832
2026-09-10 03:46:48,9,10,0,363,11.373,69.275
2026-09-10 03:51:47,9,9,0,339,11.315,68.454
2026-09-10 03:56:47,9,10,0,363,11.261,68.884
2026-09-10 04:01:48,9,9,0,393,11.288,68.878
2026-09-10 04:06:48,10,12,0,379,11.315,68.989
2026-09-10 04:11:48,14,17,0,460,11.339,70.087
2026-09-10 04:16:48,10,12,0,403,11.355,69.933
2026-09-10 04:21:48,9,10,0,311,11.376,68.081
2026-09-10 04:26:48,9,10,0,336,11.333,68.359
2026-09-10 04:31:48,8,9,0,355,11.253,68.498
2026-09-10 04:36:48,9,12,0,359,11.229,68.546
2026-09-10 04:41:48,8,9,0,345,11.186,68.857
2026-09-10 04:46:48,12,12,0,343,11.181,68.285
2026-09-10 04:51:48,12,12,0,354,11.186,68.222
2026-09-10 04:56:48,10,10,0,364,11.16,68.678
2026-09-10 05:01:48,9,10,0,377,11.184,69.067
2026-09-10 05:06:47,7,7,0,389,11.162,69.105
2026-09-10 05:11:48,9,9,0,407,11.173,69.143
2026-09-10 05:16:48,9,10,0,419,11.146,69.683
2026-09-10 05:21:48,9,9,0,444,11.184,61.861
2026-09-10 05:26:48,15,16,0,435,11.154,64.676
2026-09-10 05:31:48,12,16,0,407,11.138,70.265
2026-09-10 05:36:48,13,18,0,409,11.192,70.574
2026-09-10 05:41:48,8,9,0,421,11.229,68.279
2026-09-10 05:46:48,9,10,0,504,11.277,60.936
2026-09-10 05:51:48,10,10,0,464,11.264,69.753
2026-09-10 05:56:48,10,10,0,432,11.253,70.202
2026-09-10 06:01:48,12,16,0,397,11.28,69.027
2026-09-10 06:06:48,8,9,0,335,11.301,68.207
2026-09-10 06:11:48,9,9,0,329,11.258,68.304
2026-09-10 06:16:48,6,8,0,343,11.224,67.037
2026-09-10 06:21:48,6,6,0,327,11.122,69.006
2026-09-10 06:26:48,4,5,0,363,11.069,69.057
2026-09-10 06:31:48,8,8,0,413,11.021,69.58
2026-09-10 06:36:48,6,6,0,383,10.978,69.397
2026-09-10 06:41:48,5,5,0,318,10.949,68.361
2026-09-10 06:46:48,6,8,0,338,10.885,69.015
2026-09-10 06:51:48,6,6,0,363,10.789,68.979
2026-09-10 06:56:48,10,10,0,365,10.692,69.393
2026-09-10 07:01:48,15,17,0,358,10.607,69.502
2026-09-10 07:06:48,16,16,0,347,10.529,69.586
2026-09-10 07:11:48,19,19,0,367,10.444,69.954
2026-09-10 07:16:48,22,23,0,442,10.412,70.249
2026-09-10 07:21:48,29,29,0,507,10.396,70.432
2026-09-10 07:26:48,21,21,0,378,10.364,69.486
2026-09-10 07:31:48,15,15,0,365,10.34,69.553
2026-09-10 07:36:48,19,21,0,386,10.329,68.907
2026-09-10 07:41:48,13,14,0,410,10.335,69.797
2026-09-10 07:46:48,16,18,0,445,10.313,70.293
2026-09-10 07:51:48,22,23,0,614,10.319,70.738
2026-09-10 07:56:48,23,23,0,818,10.343,70.711
2026-09-10 08:01:48,21,21,0,661,10.353,70.255
2026-09-10 08:06:48,14,18,0,595,10.38,69.383
2026-09-10 08:11:48,20,21,0,611,10.401,69.65
2026-09-10 08:16:48,20,22,0,685,10.487,69.982
2026-09-10 08:21:48,25,25,0,748,10.607,70.499
2026-09-10 08:26:48,30,30,0,728,10.73,64.15
2026-09-10 08:31:48,47,56,0,506,10.885,71.546
2026-09-10 08:36:49,35,35,0,468,11.072,71.59
2026-09-10 08:41:48,32,35,0,500,11.312,71.52
2026-09-10 08:46:49,32,35,0,511,11.582,70.711
2026-09-10 08:51:49,27,28,0,474,11.838,70.57
2026-09-10 08:56:48,28,28,0,533,12.105,70.82
2026-09-10 09:01:49,37,39,0,546,12.409,69.488
2026-09-10 09:06:48,34,39,0,551,12.751,68.775
2026-09-10 09:11:48,38,43,0,598,13.09,67.438
2026-09-10 09:16:48,33,34,0,635,13.437,66.356
2026-09-10 09:21:48,29,31,0,756,13.726,65.977
2026-09-10 09:26:48,22,24,0,716,14.014,64.632
2026-09-10 09:31:49,22,24,0,709,14.281,64.306
2026-09-10 09:36:48,20,20,0,669,14.556,64.363
2026-09-10 09:41:49,20,20,0,661,14.882,62.811
2026-09-10 09:46:48,24,24,0,656,15.181,62.538
2026-09-10 09:51:48,24,26,0,637,15.491,60.909
2026-09-10 09:56:49,26,28,0,671,15.849,60.112
2026-09-10 10:01:48,26,28,0,677,16.054,59.427
2026-09-10 10:06:49,27,27,0,701,16.311,58.183
2026-09-10 10:11:49,25,26,0,687,16.535,57.775
2026-09-10 10:16:48,26,27,0,698,16.733,57.346
2026-09-10 10:21:49,26,26,0,702,16.946,57.016
2026-09-10 10:26:49,24,26,0,713,17.131,57.281
2026-09-10 10:31:48,20,22,0,681,17.253,56.409
2026-09-10 10:36:49,19,21,0,595,17.376,56.007
2026-09-10 10:41:49,23,23,0,591,17.44,55.597
2026-09-10 10:46:49,22,23,0,583,17.606,56.129
2026-09-10 10:51:49,20,22,0,590,17.79,55.03
2026-09-10 10:56:49,20,22,0,569,18.036,55.313
2026-09-10 11:01:49,20,20,0,535,18.346,53.911
2026-09-10 11:06:49,19,23,0,518,18.773,54.546
2026-09-10 11:11:49,16,18,0,498,18.949,52.682
2026-09-10 11:16:49,18,19,0,452,19.117,53.873
2026-09-10 11:21:49,22,22,0,456,19.165,54.512
2026-09-10 11:26:49,23,24,0,456,19.192,53.005
2026-09-10 11:31:49,20,20,0,474,19.176,52.707
2026-09-10 11:36:49,20,22,0,456,19.235,52.757
2026-09-10 11:41:49,25,26,0,483,19.291,51.849
2026-09-10 11:46:49,24,26,0,449,19.339,51.931
2026-09-10 11:51:49,25,26,0,440,19.371,51.525
2026-09-10 11:56:49,23,24,0,416,19.328,51.872
2026-09-10 12:01:49,23,24,0,445,19.312,51.597
2026-09-10 12:06:49,20,20,0,454,19.283,51.355
2026-09-10 12:11:49,16,17,0,431,19.32,53.661
2026-09-10 12:16:49,23,23,0,448,19.32,53.916
2026-09-10 12:21:49,33,38,0,419,19.32,52.028
2026-09-10 12:26:49,27,29,0,478,19.304,52.307
2026-09-10 12:31:49,23,24,0,456,19.259,52.274
2026-09-10 12:36:49,11,11,0,380,19.296,52.032
2026-09-10 12:41:49,8,8,0,359,19.499,53.508
2026-09-10 12:46:49,7,7,0,360,19.569,52.164
2026-09-10 12:51:49,10,12,0,357,19.809,50.678
2026-09-10 12:56:49,15,17,0,360,20.228,50.737
2026-09-10 13:01:49,8,8,0,325,20.565,51.462
2026-09-10 13:06:49,8,8,0,350,20.629,48.704
2026-09-10 13:11:49,5,6,0,312,20.8,47.401
2026-09-10 13:16:49,8,8,0,306,21.008,47.731
2026-09-10 13:21:49,6,6,0,309,21.438,47.717
2026-09-10 13:26:49,7,7,0,337,21.886,45.051
2026-09-10 13:31:49,7,8,0,352,22.25,44.366
2026-09-10 13:36:49,6,6,0,378,22.901,45.951
2026-09-10 13:41:49,4,5,0,322,23.574,45.787
2026-09-10 13:46:49,6,7,0,258,23.897,42.434
2026-09-10 13:51:49,5,5,0,237,24.255,43.121
2026-09-10 13:56:49,5,5,0,252,24.656,42.283
2026-09-10 14:01:49,6,7,0,216,24.842,47.206
2026-09-10 14:06:49,4,5,0,318,24.912,39.985
2026-09-10 14:11:49,3,4,0,280,24.915,41.253
2026-09-10 14:16:49,5,5,0,222,25.069,42.625
2026-09-10 14:21:49,6,6,0,150,25.336,40.088
2026-09-10 14:26:50,6,7,0,121,25.636,39.466
2026-09-10 14:31:49,5,6,0,124,25.652,41.065
2026-09-10 14:36:50,3,3,0,133,25.617,40.996
2026-09-10 14:41:49,1,1,0,71,25.708,41.784
2026-09-10 14:46:49,2,2,0,62,25.841,41.761
2026-09-10 14:51:50,1,1,0,0,26.092,40.992
2026-09-10 14:56:49,1,1,0,0,26.493,39.863
2026-09-10 15:01:50,1,2,0,0,26.848,38.463
2026-09-10 15:06:49,2,2,0,3,27.131,37.318
2026-09-10 15:11:49,1,1,0,0,27.184,38.707
2026-09-10 15:16:49,1,1,0,0,26.805,38.659
2026-09-10 15:21:50,2,3,0,2,26.784,41.368
2026-09-10 15:26:49,0,0,0,36,26.893,42.491
2026-09-10 15:31:50,0,0,0,0,26.979,43.453
2026-09-10 15:36:50,0,0,0,0,27.39,37.036
2026-09-10 15:41:50,0,0,0,0,27.774,39.163
2026-09-10 15:46:49,1,1,0,0,27.908,38.381
2026-09-10 15:51:49,0,0,0,0,27.825,35.974
2026-09-10 15:56:49,0,0,0,0,27.889,36.391
2026-09-10 16:01:50,0,0,0,0,28.092,35.133
2026-09-10 16:06:50,0,0,0,0,27.734,37.164
2026-09-10 16:11:49,4,5,0,0,27.179,36.727
2026-09-10 16:16:50,11,13,0,0,26.824,37.61
2026-09-10 16:21:50,4,4,0,59,26.402,39.22
2026-09-10 16:26:50,0,0,0,0,26.098,42.251
2026-09-10 16:31:50,0,0,0,0,25.761,40.523
2026-09-10 16:36:50,1,1,0,42,25.852,39.731
2026-09-10 16:41:50,0,0,0,0,25.662,39.266
2026-09-10 16:46:50,0,0,0,0,25.379,40.345
2026-09-10 16:51:50,0,0,0,0,25.31,39.607
2026-09-10 16:56:50,0,0,0,0,25.16,40.162
2026-09-10 17:01:49,0,0,0,0,25.085,40.042
2026-09-10 17:06:50,1,1,0,0,25.099,39.665
2026-09-10 17:11:49,2,2,0,0,25.238,39.243
2026-09-10 17:16:50,0,0,0,0,25.083,41.951
2026-09-10 17:21:50,0,0,0,0,24.597,41.215
2026-09-10 17:26:50,1,1,0,0,23.913,42.245
2026-09-10 17:31:50,0,0,0,0,23.222,42.907
2026-09-10 17:36:50,0,0,0,47,22.463,44.917
2026-09-10 17:41:50,2,3,0,255,21.806,46.142
2026-09-10 17:46:49,0,1,0,161,21.101,47.281
2026-09-10 17:51:50,0,0,0,341,20.663,48.709
2026-09-10 17:56:50,1,1,0,277,20.431,49.213
2026-09-10 18:01:50,0,0,0,220,20.121,49.865
2026-09-10 18:06:50,0,0,0,166,19.763,50.195
2026-09-10 18:11:50,0,0,0,62,19.502,51.481
2026-09-10 18:16:50,3,4,0,128,19.464,50.949
2026-09-10 18:21:50,2,2,0,49,19.398,50.771
2026-09-10 18:26:50,2,2,0,0,19.355,49.537
2026-09-10 18:31:50,0,0,0,0,19.35,51.284
2026-09-10 18:36:50,0,0,0,0,19.52,50.275
2026-09-10 18:41:50,2,2,0,0,19.782,48.9
2026-09-10 18:46:50,2,4,0,0,19.838,50.027
2026-09-10 18:51:50,2,2,0,0,19.662,50.662
2026-09-10 19:06:59,0,0,0,0,18.605,51.908
2026-09-10 19:11:50,1,1,0,0,18.287,53.516
2026-09-10 19:16:50,0,0,0,0,17.876,53.699
2026-09-10 19:21:50,0,1,0,0,17.619,55.589
2026-09-10 19:26:50,2,3,0,0,17.352,56.688
2026-09-10 19:31:50,2,3,0,70,17.141,56.152
2026-09-10 19:36:50,0,0,0,292,16.954,58.044
2026-09-10 19:41:50,2,2,0,173,16.703,58.147
2026-09-10 19:46:50,3,3,0,91,16.506,59.225
2026-09-10 19:51:50,1,2,0,34,16.34,59.627
2026-09-10 19:56:50,2,2,0,90,16.177,60.558
2026-09-10 20:01:50,1,1,0,285,16.092,60.398
2026-09-10 20:06:50,1,2,0,168,15.98,61.044
2026-09-10 20:11:50,2,2,0,160,15.916,61.109
2026-09-10 20:16:50,1,3,0,83,15.846,61.611
2026-09-10 20:21:50,1,1,0,110,15.875,59.629
2026-09-10 20:26:50,2,3,0,83,15.908,61.763
2026-09-10 20:31:50,1,1,0,159,15.902,61.576
2026-09-10 20:36:50,2,3,0,150,15.918,61.908
2026-09-10 20:41:51,1,1,0,396,15.929,62.147
2026-09-10 20:46:50,2,2,0,538,15.958,62.439
2026-09-10 20:51:50,2,2,0,360,15.974,62.603
2026-09-10 20:56:51,0,2,0,239,16.012,62.608
2026-09-10 21:01:50,1,1,0,288,16.001,62.599
2026-09-10 21:06:50,2,3,0,275,16.022,62.37
2026-09-10 21:11:51,1,2,0,179,15.998,62.536
2026-09-10 21:16:50,2,2,0,140,16.02,62.486
2026-09-10 21:21:51,1,1,0,161,16.004,62.79
2026-09-10 21:26:51,1,1,0,156,15.998,62.662
2026-09-10 21:31:50,3,4,0,225,15.972,62.717
2026-09-10 21:36:51,2,2,0,193,15.958,62.614
2026-09-10 21:41:51,3,3,0,283,15.932,63.188
2026-09-10 21:46:50,2,2,0,156,15.916,63.024
2026-09-10 21:51:51,2,2,0,266,15.958,63.226
2026-09-10 21:56:51,3,3,0,198,15.969,63.049
2026-09-10 22:01:51,3,3,0,190,15.988,63.108
2026-09-10 22:06:51,2,2,0,217,15.993,62.519
2026-09-10 22:11:51,1,2,0,166,15.934,63.28
2026-09-10 22:16:51,3,4,0,163,15.918,63.324
2026-09-10 22:21:51,2,2,0,174,15.945,63.27
2026-09-10 22:26:51,4,4,0,120,15.932,63.337
2026-09-10 22:31:51,3,3,0,147,15.942,63.289
2026-09-10 22:36:51,2,2,0,318,16.012,63.371
2026-09-10 22:41:51,3,3,0,375,16.06,63.287
2026-09-10 22:46:51,1,3,0,399,16.07,63.244
2026-09-10 22:51:51,2,3,0,304,16.169,62.69
2026-09-10 22:56:51,1,3,0,299,16.276,62.406
2026-09-10 23:01:50,2,2,0,304,16.287,62.404
2026-09-10 23:06:51,1,2,0,343,16.319,62.225
2026-09-10 23:11:51,2,2,0,373,16.378,62.462
2026-09-10 23:16:51,2,3,0,501,16.386,62.486
2026-09-10 23:21:51,4,4,0,622,16.407,62.397
2026-09-10 23:26:51,2,2,0,711,16.423,62.479
2026-09-10 23:31:51,2,2,0,481,16.412,62.193
2026-09-10 23:36:51,2,3,0,362,16.402,62.465
2026-09-10 23:41:56,2,2,0,278,16.34,62.439
2026-09-10 23:46:51,2,3,0,194,16.292,62.711
2026-09-10 23:51:51,2,2,0,289,16.252,62.841
2026-09-10 23:56:51,1,2,0,329,16.279,62.986
2026-09-11 00:01:51,2,2,0,327,16.311,62.917
2026-09-11 00:06:51,3,4,0,237,16.332,62.744
2026-09-11 00:11:51,3,3,0,214,16.327,62.809
2026-09-11 00:16:51,3,3,0,374,16.329,63.196
2026-09-11 00:21:51,2,3,0,388,16.335,63.059
2026-09-11 00:26:51,2,2,0,492,16.378,63.137
2026-09-11 00:31:51,2,4,0,425,16.415,62.759
2026-09-11 00:36:51,2,2,0,365,16.447,62.578
2026-09-11 00:41:51,3,3,0,375,16.434,62.633
2026-09-11 00:46:51,3,4,0,507,16.439,62.957
2026-09-11 00:51:51,3,3,0,530,16.428,63.249
2026-09-11 00:56:51,0,1,0,411,16.439,62.61
2026-09-11 01:06:52,3,3,0,325,16.402,62.79
2026-09-11 01:16:52,2,2,0,372,16.42,62.765
2026-09-11 01:21:51,3,3,0,370,16.426,62.662
2026-09-11 01:26:51,2,2,0,364,16.404,62.664
2026-09-11 01:31:51,2,2,0,348,16.359,62.946
2026-09-11 01:36:51,1,2,0,348,16.327,62.748
2026-09-11 01:41:51,1,1,0,391,16.316,62.917
2026-09-11 01:46:51,1,1,0,383,16.284,62.952
2026-09-11 01:51:51,3,4,0,350,16.257,63.034
2026-09-11 01:56:51,3,3,0,349,16.233,63.043
2026-09-11 02:01:51,1,2,0,359,16.228,63.112
2026-09-11 02:06:51,1,2,0,334,16.228,62.994
2026-09-11 02:11:51,2,2,0,304,16.244,62.738
2026-09-11 02:16:51,3,3,0,406,16.228,63.018
2026-09-11 02:21:51,1,3,0,425,16.252,62.9
2026-09-11 02:26:51,3,3,0,489,16.268,63.226
2026-09-11 02:31:51,3,3,0,528,16.268,63.226
2026-09-11 02:36:52,3,3,0,533,16.263,63.285
2026-09-11 02:41:51,3,3,0,480,16.236,63.217
2026-09-11 02:46:52,4,4,0,521,16.175,63.316
2026-09-11 02:51:51,3,3,0,485,16.137,63.268
2026-09-11 02:56:51,2,4,0,517,16.148,63.678
2026-09-11 03:01:52,5,5,0,561,16.126,63.936
2026-09-11 03:06:52,5,6,0,1015,16.094,64.163
2026-09-11 03:11:51,3,3,0,719,16.102,64.003
2026-09-11 03:16:51,4,4,0,751,16.07,64.203
2026-09-11 03:21:51,4,4,0,626,16.049,64.266
2026-09-11 03:26:51,4,4,0,679,16.065,64.846
2026-09-11 03:31:51,4,4,0,669,16.065,64.6
2026-09-11 03:36:52,2,2,0,781,16.025,64.823
2026-09-11 03:41:51,4,4,0,954,15.993,64.83
2026-09-11 03:46:51,4,4,0,1397,15.998,60.377
2026-09-11 03:51:51,3,3,0,1386,15.945,65.149
2026-09-11 03:56:52,4,4,0,968,15.929,64.43
2026-09-11 04:01:51,5,5,0,1034,15.905,64.409
2026-09-11 04:06:51,3,4,0,877,15.916,62.847
2026-09-11 04:11:52,4,5,0,793,15.905,58.755
2026-09-11 04:16:51,3,3,0,782,15.766,63.244
2026-09-11 04:21:52,4,5,0,795,15.67,59.787
2026-09-11 04:26:52,4,4,0,709,15.592,64.716
2026-09-11 04:31:52,4,4,0,860,15.555,64.972
2026-09-11 04:36:51,4,4,0,747,15.566,65.633
2026-09-11 04:41:52,3,3,0,658,15.576,65.145
2026-09-11 04:46:52,5,5,0,1067,15.528,64.838
2026-09-11 04:51:52,4,4,0,1478,15.451,62.147
2026-09-11 04:56:52,5,5,0,1915,15.381,66.127
2026-09-11 05:01:52,5,5,0,1912,15.424,66.303
2026-09-11 05:06:51,4,5,0,1885,15.462,65.826
2026-09-11 05:11:52,4,4,0,2043,15.488,63.209
2026-09-11 05:16:51,4,4,0,1934,15.48,65.868
2026-09-11 05:21:52,3,3,0,1854,15.491,65.729
2026-09-11 05:26:51,4,4,0,1769,15.523,65.279
2026-09-11 05:31:52,4,4,0,1774,15.566,65.447
2026-09-11 05:36:52,4,4,0,1771,15.576,65.077
2026-09-11 05:41:52,6,6,0,1689,15.526,65.115
2026-09-11 05:46:52,6,6,0,1753,15.526,65.506
2026-09-11 05:51:52,4,7,0,1772,15.542,65.412
2026-09-11 05:56:52,6,7,0,1769,15.558,65.338
2026-09-11 06:01:52,5,5,0,1683,15.568,65.101
2026-09-11 06:06:52,5,5,0,1540,15.576,65.118
2026-09-11 06:11:52,5,5,0,1568,15.555,65.031
2026-09-11 06:16:52,6,6,0,1445,15.566,65.206
2026-09-11 06:21:52,4,4,0,1503,15.544,65.18
2026-09-11 06:26:52,4,4,0,1646,15.582,65.01
2026-09-11 06:31:52,5,6,0,1979,15.552,65.265
2026-09-11 06:36:52,5,5,0,1994,15.568,65.13
2026-09-11 06:41:52,7,8,0,1915,15.568,66.005
2026-09-11 06:46:52,4,5,0,2002,15.515,66.374
2026-09-11 06:51:52,6,6,0,2065,15.387,66.826
2026-09-11 06:56:52,6,6,0,2056,15.389,66.765
2026-09-11 07:01:52,6,7,0,2097,15.411,66.423
2026-09-11 07:06:52,5,6,0,2140,15.416,66.011
2026-09-11 07:11:52,6,6,0,2088,15.475,66.15
2026-09-11 07:16:52,6,8,0,2228,15.459,66.055
2026-09-11 07:21:52,6,6,0,2067,15.446,66.242
2026-09-11 07:26:52,7,7,0,2189,15.451,66.181
2026-09-11 07:31:52,8,8,0,2286,15.435,66.442
2026-09-11 07:36:52,5,6,0,2153,15.424,66.259
2026-09-11 07:41:52,5,6,0,2124,15.435,66.16
2026-09-11 07:46:52,34,39,0,2185,15.416,66.345
2026-09-11 07:51:52,48,57,0,2297,15.363,66.656
2026-09-11 07:56:52,42,50,0,2268,15.363,66.784
2026-09-11 08:01:52,104,106,0,2482,15.352,66.082
2026-09-11 08:06:52,44,51,0,2321,15.341,66.253
2026-09-11 08:11:52,19,19,0,2457,15.323,66.353
2026-09-11 08:16:52,33,38,0,2309,15.349,66.48
2026-09-11 08:21:52,39,46,0,2161,15.349,66.786
2026-09-11 08:26:52,24,25,0,2208,15.339,66.438
2026-09-11 08:31:52,19,20,0,2067,15.333,66.56
2026-09-11 08:36:52,14,15,0,2045,15.331,66.627
2026-09-11 08:41:52,15,18,0,2114,15.288,66.377
2026-09-11 08:46:53,18,20,0,2119,15.24,66.282
2026-09-11 08:51:52,16,18,0,2319,15.176,66.433
2026-09-11 08:56:52,14,17,0,2451,15.176,66.16
2026-09-11 09:01:52,16,19,0,2856,15.189,65.958
2026-09-11 09:06:52,14,17,0,2656,15.259,65.929
2026-09-11 09:11:52,17,18,0,2186,15.344,64.031
2026-09-11 09:16:52,17,19,0,2261,15.387,66.522
2026-09-11 09:21:53,11,13,0,2183,15.526,66.425
2026-09-11 09:26:52,12,14,0,1965,15.699,65.248
2026-09-11 09:31:52,9,9,0,1735,15.817,63.883
2026-09-11 09:36:53,11,12,0,1645,15.972,61.445
2026-09-11 09:41:52,21,21,0,1533,16.1,63.48
2026-09-11 09:46:53,9,12,0,1609,16.228,64.073
2026-09-11 09:51:52,6,6,0,1178,16.391,62.112
2026-09-11 09:56:52,6,7,0,1213,16.556,61.111
2026-09-11 10:01:52,8,8,0,1096,16.984,60.463
2026-09-11 10:06:53,5,5,0,883,17.95,58.034
2026-09-11 10:11:53,7,7,0,1458,19.061,53.493
2026-09-11 10:16:52,6,6,0,884,20.057,53.871
2026-09-11 10:21:53,3,3,0,573,20.928,47.353
2026-09-11 10:26:53,2,3,0,508,21.633,47.019
2026-09-11 10:31:53,1,1,0,383,22.348,43.68
2026-09-11 10:36:53,1,1,0,434,22.925,43.002
2026-09-11 10:41:53,2,3,0,419,23.457,42.346
2026-09-11 10:46:53,1,1,0,389,23.948,40.3
2026-09-11 10:51:53,3,3,0,280,24.546,40.481
2026-09-11 10:56:53,1,1,0,152,24.936,37.429
2026-09-11 11:01:53,2,2,0,175,25.39,38.406
2026-09-11 11:06:53,3,3,0,107,25.991,37.479
2026-09-11 11:11:53,2,3,0,109,26.21,36.493
2026-09-11 11:16:53,2,2,0,102,26.445,36.956
2026-09-11 11:21:53,0,0,0,63,26.509,34.423
2026-09-11 11:26:53,0,0,0,0,26.872,34.124
2026-09-11 11:31:53,2,2,0,37,27.617,39.232
2026-09-11 11:36:53,1,1,0,0,28.044,40.656
2026-09-11 11:41:53,1,1,0,0,28.466,34.543
2026-09-11 11:46:53,0,0,0,0,28.616,31.49
2026-09-11 11:51:53,1,1,0,0,28.787,31.818
2026-09-11 11:56:53,0,0,0,0,29.323,31.154
2026-09-11 12:01:53,0,0,0,0,29.895,33.294
2026-09-11 12:06:53,0,1,0,0,29.43,32.384
2026-09-11 12:11:53,0,1,0,0,29.286,32.172
2026-09-11 12:16:53,0,1,0,0,29.729,38.961
2026-09-11 12:21:53,1,1,0,0,29.86,34.249
2026-09-11 12:26:53,0,0,0,0,29.961,29.372
2026-09-11 12:31:53,0,0,0,0,29.726,35.423
2026-09-11 12:36:53,0,0,0,0,29.24,30.616
2026-09-11 12:41:53,0,0,0,0,29.636,30.543
2026-09-11 12:46:53,0,0,0,0,29.996,29.43
2026-09-11 12:51:53,0,0,0,0,30.226,28.581
2026-09-11 12:56:53,0,0,0,0,30.445,29.153
2026-09-11 13:01:53,0,0,0,0,30.6,29.954
2026-09-11 13:06:53,0,0,0,0,30.867,36.966
2026-09-11 13:11:53,0,0,0,0,30.795,29.487
2026-09-11 13:16:53,0,0,0,0,30.891,27.946
2026-09-11 13:21:53,0,0,0,0,30.645,29.414
2026-09-11 13:26:53,0,0,0,0,30.698,28.419
2026-09-11 13:31:54,0,0,0,0,30.763,36.409
2026-09-11 13:36:54,0,0,0,0,31.064,27.864
2026-09-11 13:41:53,0,0,0,0,31.614,28.722
2026-09-11 13:46:53,0,0,0,0,32.234,30.624
2026-09-11 13:51:53,0,0,0,0,32.111,25.622
2026-09-11 13:56:53,0,0,0,0,32.197,35.491
2026-09-11 14:01:53,0,0,0,0,32.156,26.797
2026-09-11 14:06:54,0,0,0,0,32.082,26.429
2026-09-11 14:11:53,0,0,0,0,32.221,27.801
2026-09-11 14:16:53,0,0,0,0,32.322,27.28
2026-09-11 14:21:53,0,0,0,0,32.728,25.031
2026-09-11 14:26:53,0,0,0,0,32.88,25.031
2026-09-11 14:31:53,0,0,0,0,32.608,26.532
2026-09-11 14:36:53,0,0,0,0,31.999,32.493
2026-09-11 14:41:53,0,0,0,0,31.08,29.33
2026-09-11 14:46:54,0,0,0,0,30.912,26.784
2026-09-11 14:51:54,0,0,0,0,31.59,27.507
2026-09-11 14:56:53,0,0,0,0,32.002,27.658
2026-09-11 15:01:54,0,0,0,0,32.221,29.51
2026-09-11 15:06:54,0,0,0,0,32.066,26.929
2026-09-11 15:11:54,0,0,0,0,32.042,27.408
2026-09-11 15:16:54,0,0,0,0,32.079,31.732
2026-09-11 15:21:54,0,0,0,0,31.967,30.292
2026-09-11 15:26:54,0,0,0,0,31.737,32.773
2026-09-11 15:31:54,0,0,0,0,31.39,32.077
2026-09-11 15:36:54,0,0,0,0,31.409,26.595
2026-09-11 15:41:53,0,0,0,0,31.222,27.064
2026-09-11 15:46:54,0,0,0,0,31.056,26.977
2026-09-11 15:51:54,0,0,0,0,30.843,29
2026-09-11 15:56:54,0,0,0,0,30.538,32.6
2026-09-11 16:01:54,0,0,0,0,30.023,29.357
2026-09-11 16:06:54,0,0,0,0,29.932,32.447
2026-09-11 16:11:54,0,0,0,0,29.435,34.272
2026-09-11 16:16:54,0,0,0,0,29.435,31.997
2026-09-11 16:21:54,0,0,0,0,29.382,31.659
2026-09-11 16:26:54,0,0,0,0,29.331,32.586
2026-09-11 16:31:54,0,0,0,0,28.957,31.661
2026-09-11 16:36:54,0,0,0,0,28.402,33.591
2026-09-11 16:41:54,0,0,0,0,28.108,33.696
2026-09-11 16:46:54,0,0,0,0,28.13,33.347
2026-09-11 16:51:54,0,0,0,0,28.025,34.019
2026-09-11 16:56:54,0,0,0,0,27.865,34.438
2026-09-11 17:01:54,0,0,0,0,27.369,34.69
2026-09-11 17:06:54,0,0,0,0,27.075,35.859
2026-09-11 17:11:54,0,0,0,0,26.69,36.632
2026-09-11 17:16:54,0,0,0,0,26.64,36.496
2026-09-11 17:21:54,0,0,0,0,26.426,36.72
2026-09-11 17:26:54,0,0,0,0,26.41,37.435
2026-09-11 17:31:54,0,0,0,0,26.212,37.902
2026-09-11 17:36:54,0,0,0,0,25.694,38.337
2026-09-11 17:41:54,0,0,0,0,25.344,38.942
2026-09-11 17:46:54,0,0,0,0,25.051,39.432
2026-09-11 17:51:54,0,0,0,0,24.832,39.806
2026-09-11 17:56:54,0,0,0,0,24.522,39.785
2026-09-11 18:01:54,0,0,0,0,24.079,40.668
2026-09-11 18:06:55,0,0,0,0,23.74,41.719
2026-09-11 18:11:54,0,0,0,0,23.531,41.398
2026-09-11 18:16:55,0,0,0,0,23.27,41.457
2026-09-11 18:21:54,0,0,0,0,23.067,41.375
2026-09-11 18:26:54,0,0,0,0,22.725,42.322
2026-09-11 18:31:54,0,0,0,0,22.647,42.491
2026-09-11 18:36:54,0,0,0,10,22.423,42.56
2026-09-11 18:41:55,0,0,0,0,22.161,42.926
2026-09-11 18:46:54,0,1,0,81,22.007,44.294
2026-09-11 18:51:54,0,0,0,7,21.681,43.491
2026-09-11 18:56:55,0,0,0,91,21.16,44.78
2026-09-11 19:01:54,0,0,0,129,20.674,46.506
2026-09-11 19:06:55,0,0,0,0,20.135,46.325
2026-09-11 19:11:54,0,0,0,32,19.718,47.653
2026-09-11 19:16:55,0,0,0,90,19.403,48.355
2026-09-11 19:21:54,0,0,0,0,19.107,49.188
2026-09-11 19:26:55,0,0,0,8,18.85,47.943
2026-09-11 19:31:54,0,0,0,11,18.535,50.46
2026-09-11 19:36:55,0,0,0,35,18.252,50.868
2026-09-11 19:41:54,3,4,0,177,18.044,52.158
2026-09-11 19:46:55,0,0,0,194,17.758,52.751
2026-09-11 19:51:55,0,0,0,265,17.566,53.419
2026-09-11 19:56:55,0,1,0,221,17.363,54.061
2026-09-11 20:01:54,0,0,0,72,17.203,54.109
2026-09-11 20:06:55,2,2,0,45,17.107,54.21
2026-09-11 20:11:55,0,0,0,156,16.981,55.339
2026-09-11 20:16:55,0,0,0,39,16.917,55.425
2026-09-11 20:21:55,0,0,0,115,16.88,51.971
2026-09-11 20:26:55,0,1,0,96,16.815,53.287
2026-09-11 20:31:54,0,0,0,30,16.741,56.316
2026-09-11 20:36:55,0,0,0,26,16.706,56.306
2026-09-11 20:41:55,0,0,0,98,16.658,51.061
2026-09-11 20:46:55,2,2,0,145,16.621,50.348
2026-09-11 20:51:55,11,13,0,191,16.594,50.258
2026-09-11 20:56:55,1,1,0,89,16.546,52.015
2026-09-11 21:01:55,0,0,0,33,16.474,55.13
2026-09-11 21:06:55,1,1,0,148,16.415,56.629
2026-09-11 21:11:55,0,0,0,131,16.319,56.064
2026-09-11 21:16:55,0,0,0,103,16.233,56.467
2026-09-11 21:21:55,0,0,0,99,16.1,57.228
2026-09-11 21:26:55,0,0,0,327,15.942,57.741
2026-09-11 21:31:55,0,0,0,142,15.793,56.961
2026-09-11 21:36:55,2,3,0,184,15.718,53.226
2026-09-11 21:41:55,0,0,0,399,15.627,52.797
2026-09-11 21:46:55,0,0,0,604,15.504,57.945
2026-09-11 21:51:55,0,0,0,301,15.48,54.966
2026-09-11 21:56:55,0,0,0,280,15.454,58.309
2026-09-11 22:01:55,1,1,0,222,15.443,59.179
2026-09-11 22:06:55,0,0,0,260,15.432,58.145
2026-09-11 22:11:55,2,2,0,253,15.464,59.332
2026-09-11 22:16:55,1,1,0,386,15.504,59.118
2026-09-11 22:21:55,0,1,0,319,15.531,58.504
2026-09-11 22:26:55,0,0,0,241,15.547,58.389
2026-09-11 22:31:55,0,0,0,220,15.542,58.26
2026-09-11 22:36:55,0,0,0,244,15.574,58.372
2026-09-11 22:41:55,0,0,0,192,15.539,58.939
2026-09-11 22:46:55,0,0,0,584,15.555,58.992
2026-09-11 22:51:55,0,0,0,499,15.55,59.24
2026-09-11 22:56:55,0,0,0,455,15.47,59.068
2026-09-11 23:01:56,0,0,0,543,15.416,59.425
2026-09-11 23:06:56,0,0,0,1123,15.365,59.684
2026-09-11 23:11:55,0,0,0,595,15.301,56.455
2026-09-11 23:16:56,0,0,0,629,15.232,56.964
2026-09-11 23:21:56,0,0,0,761,15.168,59.692
2026-09-11 23:26:55,0,0,0,423,15.146,59.824
2026-09-11 23:31:55,0,0,0,342,15.106,59.734
2026-09-11 23:36:55,0,0,0,285,15.096,59.894
2026-09-11 23:41:55,1,1,0,350,15.117,59.118
2026-09-11 23:46:55,1,1,0,425,15.122,60.201
2026-09-11 23:51:55,0,0,0,333,15.16,59.816
2026-09-11 23:56:56,0,0,0,346,15.195,59.894
2026-09-12 00:01:55,0,0,0,343,15.232,59.707
2026-09-12 00:06:55,0,0,0,341,15.275,59.421
2026-09-12 00:11:55,0,0,0,408,15.323,59.181
2026-09-12 00:16:56,0,0,0,391,15.387,59.07
2026-09-12 00:21:56,0,0,0,406,15.416,58.817
2026-09-12 00:26:55,0,0,0,493,15.416,58.708
2026-09-12 00:31:56,0,0,0,662,15.443,59.206
2026-09-12 00:36:55,0,0,0,658,15.464,59.328
2026-09-12 00:41:56,0,0,0,417,15.47,58.689
2026-09-12 00:46:56,0,1,0,761,15.456,60.207
2026-09-12 00:51:56,0,0,0,882,15.462,59.417
2026-09-12 00:56:56,2,3,0,1185,15.478,59.866
2026-09-12 01:01:55,0,1,0,1212,15.467,59.435
2026-09-12 01:06:56,0,0,0,1125,15.446,59.436
2026-09-12 01:11:55,1,2,0,1014,15.384,59.532
2026-09-12 01:16:56,1,1,0,919,15.379,59.679
2026-09-12 01:21:56,0,0,0,953,15.309,59.942
2026-09-12 01:26:56,1,1,0,1115,15.277,60.035
2026-09-12 01:31:56,2,2,0,1060,15.245,59.948
2026-09-12 01:36:56,0,0,0,1205,15.184,60.209
2026-09-12 01:41:56,1,1,0,1387,15.13,60.506
2026-09-12 01:46:56,0,0,0,1458,15.152,60.382
2026-09-12 01:51:56,1,1,0,1435,15.184,60.257
2026-09-12 01:56:56,0,0,0,1197,15.168,60.344
2026-09-12 02:01:56,0,1,0,1170,15.101,60.554
2026-09-12 02:06:56,0,0,0,1070,15.069,60.547
2026-09-12 02:11:56,0,0,0,956,15.021,60.541
2026-09-12 02:16:56,1,1,0,1017,14.968,60.857
2026-09-12 02:21:56,1,2,0,1020,14.887,60.888
2026-09-12 02:26:56,1,1,0,1033,14.837,61.487
2026-09-12 02:31:56,0,0,0,1077,14.789,61.14
2026-09-12 02:36:56,1,2,0,1180,14.693,61.613
2026-09-12 02:41:56,1,1,0,1156,14.618,61.72
2026-09-12 02:46:56,0,0,0,1192,14.564,61.754
2026-09-12 02:51:56,0,1,0,1049,14.455,62.111
2026-09-12 02:56:56,1,2,0,1178,14.337,62.318
2026-09-12 03:01:56,1,1,0,1220,14.225,62.147
2026-09-12 03:06:56,1,1,0,1400,14.065,62.53
2026-09-12 03:11:56,1,2,0,1363,13.878,62.978
2026-09-12 03:16:56,0,0,0,1465,13.699,63.919
2026-09-12 03:21:56,1,2,0,1587,13.544,64.178
2026-09-12 03:26:56,1,1,0,1933,13.421,64.899
2026-09-12 03:31:56,1,1,0,1695,13.32,64.848
2026-09-12 03:36:56,1,1,0,1631,13.192,65.403
2026-09-12 03:41:56,3,3,0,1657,13.114,65.969
2026-09-12 03:46:56,2,3,0,1386,13.04,66.62
2026-09-12 03:51:56,3,3,0,1658,12.981,65.885
2026-09-12 03:56:56,1,3,0,1565,12.965,65.548
2026-09-12 04:01:56,2,3,0,1580,12.954,66.131
2026-09-12 04:06:56,2,2,0,1538,12.882,66.915
2026-09-12 04:11:56,3,3,0,1518,12.866,66.574
2026-09-12 04:16:56,3,3,0,1547,12.813,66.644
2026-09-12 04:21:56,2,2,0,298,12.743,66.665
2026-09-12 04:26:56,1,1,0,329,12.658,66.938
2026-09-12 04:31:56,1,1,0,476,12.564,67.663
2026-09-12 04:36:56,1,2,0,554,12.554,67.661
2026-09-12 04:41:57,2,2,0,375,12.49,66.333
2026-09-12 04:46:56,2,3,0,334,12.404,65.981
2026-09-12 04:51:56,2,2,0,383,12.319,68.683
2026-09-12 04:56:56,3,3,0,395,12.311,69.544
2026-09-12 05:01:56,2,2,0,318,12.353,67.442
2026-09-12 05:06:56,3,4,0,344,12.343,66.335
2026-09-12 05:11:57,3,3,0,331,12.241,66.562
2026-09-12 05:16:56,2,2,0,401,12.14,66.4
2026-09-12 05:21:56,0,1,0,421,12.004,59.013
2026-09-12 05:26:56,1,1,0,354,11.891,67.552
2026-09-12 05:31:56,1,1,0,433,11.838,68.861
2026-09-12 05:36:57,3,3,0,478,11.763,68.649
2026-09-12 05:41:56,1,1,0,481,11.736,68.376
2026-09-12 05:46:57,1,1,0,419,11.691,69.196
2026-09-12 05:51:56,3,3,0,343,11.616,66.633
2026-09-12 05:56:57,2,2,0,315,11.493,67.117
2026-09-12 06:01:57,1,1,0,337,11.333,67.648
2026-09-12 06:06:57,1,1,0,341,11.189,68.395
2026-09-12 06:11:56,2,3,0,366,11.122,68.468
2026-09-12 06:16:56,0,1,0,374,11.09,69.566
2026-09-12 06:21:57,1,2,0,385,11.096,69.82
2026-09-12 06:26:57,1,1,0,391,11.106,69.177
2026-09-12 06:31:56,2,2,0,315,11.138,67.713
2026-09-12 06:36:57,0,2,0,256,11.066,67.846
2026-09-12 06:41:57,1,1,0,306,10.965,68.807
2026-09-12 06:46:57,0,1,0,314,10.911,69.341
2026-09-12 06:51:57,1,1,0,314,10.863,68.899
2026-09-12 06:56:56,1,2,0,326,10.821,69.546
2026-09-12 07:01:57,1,1,0,318,10.786,68.502
2026-09-12 07:06:57,1,1,0,286,10.722,67.835
2026-09-12 07:11:57,2,2,0,325,10.594,68.357
2026-09-12 07:16:57,2,2,0,374,10.476,69.439
2026-09-12 07:21:57,1,1,0,348,10.407,69.874
2026-09-12 07:26:57,2,2,0,374,10.313,69.818
2026-09-12 07:31:57,3,3,0,375,10.27,70.261
2026-09-12 07:36:57,4,4,0,410,10.201,70.816
2026-09-12 07:41:57,4,4,0,415,10.148,70.936
2026-09-12 07:46:57,3,3,0,424,10.105,69.761
2026-09-12 07:51:57,2,3,0,364,10.022,68.588
2026-09-12 07:56:57,2,3,0,330,9.926,68.737
2026-09-12 08:01:57,2,2,0,409,9.787,69.471
2026-09-12 08:06:57,2,2,0,387,9.739,69.973
2026-09-12 08:11:57,1,2,0,393,9.712,69.303
2026-09-12 08:16:57,2,2,0,466,9.656,70.789
2026-09-12 08:21:57,3,3,0,507,9.704,71.056
2026-09-12 08:26:57,2,4,0,586,9.795,71.674
2026-09-12 08:31:57,4,4,0,572,9.945,72.817
2026-09-12 08:36:57,7,7,0,581,10.137,72.696
2026-09-12 08:41:57,5,5,0,559,10.348,72.506
2026-09-12 08:46:57,7,7,0,598,10.567,72.847
2026-09-12 08:51:57,5,5,0,578,10.786,72.922
2026-09-12 08:56:57,7,7,0,581,11.021,72.735
2026-09-12 09:01:57,8,8,0,631,11.315,71.884
2026-09-12 09:06:57,12,14,0,687,11.563,71.617
2026-09-12 09:11:57,12,13,0,709,11.899,70.316
2026-09-12 09:16:57,10,10,0,668,12.177,69.542
2026-09-12 09:21:57,13,16,0,616,12.423,69.067
2026-09-12 09:26:57,19,20,0,559,12.69,68.479
2026-09-12 09:31:57,21,21,0,563,12.954,67.451
2026-09-12 09:36:57,20,21,0,583,13.205,66.873
2026-09-12 09:41:57,9,14,0,535,13.488,66.189
2026-09-12 09:46:57,15,16,0,487,13.771,66.082
2026-09-12 09:51:57,8,9,0,480,14.06,65.286
2026-09-12 09:56:57,7,8,0,475,14.468,64.283
2026-09-12 10:01:58,8,8,0,398,15.173,61.039
2026-09-12 10:06:57,6,7,0,411,16.327,58.977
2026-09-12 10:11:57,7,8,0,363,17.598,54.269
2026-09-12 10:16:58,7,9,0,403,18.767,51.811
2026-09-12 10:21:57,5,5,0,346,19.796,51.105
2026-09-12 10:26:57,7,7,0,329,20.602,48.377
2026-09-12 10:31:57,7,7,0,323,21.286,46.937
2026-09-12 10:36:57,9,9,0,322,22.076,44.523
2026-09-12 10:41:58,6,6,0,312,22.674,45.574
2026-09-12 10:46:57,8,8,0,285,23.029,47.634
2026-09-12 10:51:57,7,7,0,270,23.318,42.341
2026-09-12 10:56:58,5,5,0,227,23.713,41.139
2026-09-12 11:01:57,5,5,0,218,24.3,41.009
2026-09-12 11:06:58,6,6,0,200,24.899,39.787
2026-09-12 11:11:57,5,5,0,175,25.553,37.971
2026-09-12 11:16:58,6,6,0,181,25.841,38.493
2026-09-12 11:21:58,6,6,0,148,26.295,37.454
2026-09-12 11:26:58,6,7,0,82,26.744,36.296
2026-09-12 11:31:58,5,5,0,106,27.118,34.967
2026-09-12 11:36:58,4,5,0,113,27.649,35.703
2026-09-12 11:41:58,7,7,0,97,28.135,34.049
2026-09-12 11:46:58,5,5,0,39,28.653,32.729
2026-09-12 11:51:58,6,6,0,57,28.877,32.56
2026-09-12 11:56:58,4,5,0,26,29.235,38.993
2026-09-12 12:01:58,4,4,0,30,29.179,32.554
2026-09-12 12:06:58,5,5,0,0,29.435,31.89
2026-09-12 12:11:58,2,2,0,0,29.542,32.186
2026-09-12 12:16:58,2,2,0,0,29.82,35.335
2026-09-12 12:21:58,2,2,0,0,29.66,35.241
2026-09-12 12:26:58,3,4,0,0,29.721,31.463
2026-09-12 12:31:58,3,3,0,0,30.01,38.329
2026-09-12 12:36:57,3,4,0,0,29.935,31.56
2026-09-12 12:41:58,3,3,0,0,30.148,31.474
2026-09-12 12:46:58,4,4,0,0,30.405,29.018
2026-09-12 12:51:58,2,2,0,0,30.594,30.677
2026-09-12 12:56:58,2,2,0,0,30.69,28.937
2026-09-12 13:01:58,1,1,0,0,30.984,36.544
2026-09-12 13:06:58,1,1,0,0,30.936,28.525
2026-09-12 13:11:58,3,3,0,0,31.027,34.221
2026-09-12 13:16:58,0,1,0,0,31.484,31.23
2026-09-12 13:21:58,1,1,0,0,31.735,28.55
2026-09-12 13:26:58,4,4,0,0,31.841,34.515
2026-09-12 13:31:58,0,0,0,0,31.948,34.576
2026-09-12 13:36:58,3,3,0,0,31.916,27.841
2026-09-12 13:41:58,5,5,0,0,32.245,35.583
2026-09-12 13:46:58,1,1,0,0,32.49,26.734
2026-09-12 13:51:58,1,1,0,0,33.04,33.94
2026-09-12 13:56:58,0,1,0,0,32.757,28.621
2026-09-12 14:01:58,2,2,0,0,32.469,26.517
2026-09-12 14:06:58,3,3,0,0,32.397,27.877
2026-09-12 14:11:58,0,1,0,0,32.418,27.41
2026-09-12 14:16:58,2,2,0,0,32.541,27.225
2026-09-12 14:21:58,0,0,0,0,32.691,29.012
2026-09-12 14:26:58,1,1,0,0,32.84,28.302
2026-09-12 14:31:58,3,4,0,0,33.03,29.63
2026-09-12 14:36:58,2,2,0,0,32.672,31.636
2026-09-12 14:41:58,2,3,0,0,32.485,29.332
2026-09-12 14:46:58,2,2,0,0,32.704,27.522
2026-09-12 14:51:58,1,1,0,0,32.939,34.743
2026-09-12 14:56:58,2,2,0,0,32.835,27.354
2026-09-12 15:01:58,2,2,0,0,32.845,28.146
2026-09-12 15:06:59,1,1,0,0,32.792,33.958
2026-09-12 15:11:59,2,2,0,0,32.504,27.228
2026-09-12 15:16:58,1,1,0,0,32.509,28.136
2026-09-12 15:21:58,0,0,0,0,32.362,26.547
2026-09-12 15:26:59,2,3,0,0,32.496,27.148
2026-09-12 15:31:58,1,1,0,0,32.667,28.38
2026-09-12 15:36:58,1,1,0,0,32.629,27.743
2026-09-12 15:41:59,1,3,0,0,32.389,32.985
2026-09-12 15:46:58,3,3,0,0,32.221,29.13
2026-09-12 15:51:58,3,3,0,0,31.921,30.204
2026-09-12 15:56:58,3,3,0,0,31.895,29.687
2026-09-12 16:01:59,3,3,0,0,31.975,29.54
2026-09-12 16:06:59,3,3,0,0,31.884,30.011
2026-09-12 16:11:58,1,1,0,0,31.812,29.142
2026-09-12 16:16:59,2,3,0,0,31.759,28.848
2026-09-12 16:21:58,3,3,0,0,31.646,31.619
2026-09-12 16:26:59,2,2,0,0,31.556,28.165
2026-09-12 16:31:59,0,0,0,0,31.486,28.636
2026-09-12 16:36:58,1,1,0,0,31.302,28.257
2026-09-12 16:41:58,1,1,0,0,31.286,29.763
2026-09-12 16:46:59,2,2,0,0,31.217,29.143
2026-09-12 16:51:58,2,2,0,0,31.062,28.751
2026-09-12 16:56:59,1,1,0,0,30.912,28.701
2026-09-12 17:01:59,2,3,0,0,30.771,30.687
2026-09-12 17:06:59,5,5,0,0,30.573,31.358
2026-09-12 17:11:59,3,3,0,0,30.375,31.242
2026-09-12 17:16:59,2,2,0,0,30.114,32.085
2026-09-12 17:21:59,2,2,0,0,29.676,32.413
2026-09-12 17:26:59,1,1,0,0,29.556,31.73
2026-09-12 17:31:59,0,1,0,0,29.379,32.659
2026-09-12 17:36:59,3,3,0,0,29.305,32.457
2026-09-12 17:41:59,2,3,0,0,29.214,34.288
2026-09-12 17:46:59,4,4,0,0,29.118,32.846
2026-09-12 17:51:59,5,5,0,0,29.131,33.532
2026-09-12 17:56:58,2,2,0,0,28.981,33.2
2026-09-12 18:01:59,3,3,0,0,28.704,32.794
2026-09-12 18:06:59,3,3,0,0,28.528,33.216
2026-09-12 18:11:59,2,2,0,0,28.314,33.618
2026-09-12 18:16:58,3,3,0,0,28.135,35.928
2026-09-12 18:21:59,4,4,0,0,27.911,34.539
2026-09-12 18:26:59,4,4,0,0,27.59,35.207
2026-09-12 18:31:59,4,5,0,0,27.323,36.622
2026-09-12 18:36:59,5,6,0,0,27.126,36.485
2026-09-12 18:41:59,4,4,0,0,26.915,36.967
2026-09-12 18:46:59,2,3,0,0,26.589,38.606
2026-09-12 18:51:59,3,4,0,0,26.188,39.659
2026-09-12 18:56:59,6,6,0,0,25.782,41.118
2026-09-12 19:01:59,4,4,0,0,25.291,42.348
2026-09-12 19:06:59,4,4,0,0,24.802,43.268
2026-09-12 19:11:59,3,3,0,0,24.21,44.294
2026-09-12 19:16:59,5,5,0,0,23.75,45.591
2026-09-12 19:21:59,6,8,0,0,23.232,46.502
2026-09-12 19:26:59,6,6,0,0,22.773,47.252
2026-09-12 19:31:59,6,6,0,0,22.327,48.29
2026-09-12 19:36:59,5,5,0,0,21.953,49.163
2026-09-12 19:41:59,6,6,0,0,21.526,50.104
2026-09-12 19:46:59,6,7,0,98,21.147,50.876
2026-09-12 19:51:59,7,8,0,161,20.832,51.769
2026-09-12 19:56:59,7,7,0,127,20.46,52.368
2026-09-12 20:01:59,7,8,0,223,20.204,52.953
2026-09-12 20:06:59,7,7,0,290,19.964,53.255
2026-09-12 20:11:59,6,6,0,325,19.697,54.199
2026-09-12 20:16:59,7,7,0,268,19.451,54.517
2026-09-12 20:21:59,7,7,0,375,19.208,55.175
2026-09-12 20:26:59,10,10,0,575,18.925,55.887
2026-09-12 20:31:59,9,11,0,568,18.679,56.577
2026-09-12 20:36:59,7,9,0,536,18.498,57.193
2026-09-12 20:41:59,7,7,0,469,18.225,58.115
2026-09-12 20:47:00,7,7,0,300,18.062,58.542
2026-09-12 20:51:59,7,7,0,368,17.908,58.656
2026-09-12 20:56:59,8,9,0,472,17.758,59.29
2026-09-12 21:01:59,9,9,0,258,17.571,59.743
2026-09-12 21:07:00,7,7,0,454,17.395,59.616
2026-09-12 21:11:59,9,9,0,577,17.179,59.696
2026-09-12 21:17:00,12,13,0,608,16.949,60.016
2026-09-12 21:21:59,9,11,0,657,16.773,59.988
2026-09-12 21:26:59,11,11,0,633,16.618,60.407
2026-09-12 21:31:59,11,11,0,606,16.495,60.827
2026-09-12 21:37:00,13,15,0,681,16.337,61.079
2026-09-12 21:42:00,8,9,0,695,16.231,60.85
2026-09-12 21:46:59,11,11,0,656,16.086,61.041
2026-09-12 21:51:59,12,12,0,647,15.905,60.567
2026-09-12 21:57:00,14,14,0,690,15.755,61.542
2026-09-12 22:02:00,20,20,0,648,15.592,61.655
2026-09-12 22:07:00,25,25,0,675,15.454,61.033
2026-09-12 22:11:59,24,27,0,694,15.304,61.365
2026-09-12 22:16:59,26,29,0,694,15.165,62.647
2026-09-12 22:22:00,24,26,0,639,15.042,62.679
2026-09-12 22:26:59,19,19,0,682,14.928,63.28
2026-09-12 22:31:59,19,20,0,631,14.789,63.305
2026-09-12 22:37:00,11,14,0,652,14.682,64.792
2026-09-12 22:42:00,21,23,0,696,14.602,56.768
2026-09-12 22:47:00,26,26,0,808,14.506,65.204
2026-09-12 22:52:00,32,36,0,1023,14.45,65.559
2026-09-12 22:57:00,35,40,0,1088,14.385,65.834
2026-09-12 23:02:00,31,33,0,853,14.343,65.164
2026-09-12 23:06:59,32,35,0,997,14.247,64.602
2026-09-12 23:12:00,39,50,0,1257,14.15,65.181
2026-09-12 23:16:59,43,52,0,1288,14.116,66.286
2026-09-12 23:22:00,44,51,0,1158,14.057,65.115
2026-09-12 23:26:59,47,56,0,1109,13.998,65.466
2026-09-12 23:32:00,46,55,0,1173,13.891,65.605
2026-09-12 23:37:00,45,54,0,1148,13.838,65.3
2026-09-12 23:42:00,49,59,0,1192,13.787,67.228
2026-09-12 23:46:59,40,51,0,888,13.75,64.006
2026-09-12 23:52:00,31,32,0,831,13.6,64.394
2026-09-12 23:57:00,28,29,0,807,13.408,65.153
2026-09-13 00:02:00,33,33,0,794,13.259,65.464
2026-09-13 00:07:00,28,29,0,767,13.122,66.885
2026-09-13 00:12:00,25,25,0,702,13.01,67.27
2026-09-13 00:17:00,28,30,0,729,12.951,68.079
2026-09-13 00:22:00,30,31,0,720,12.898,68.91
2026-09-13 00:27:00,28,28,0,732,12.829,69.08
2026-09-13 00:32:00,22,29,0,704,12.778,69.019
2026-09-13 00:37:00,26,29,0,703,12.698,68.006
2026-09-13 00:42:00,29,29,0,756,12.586,67.69
2026-09-13 00:47:00,29,30,0,727,12.5,68.622
2026-09-13 00:52:00,25,27,0,698,12.399,67.674
2026-09-13 00:57:00,27,28,0,679,12.332,66.478
2026-09-13 01:02:00,22,26,0,679,12.22,67.289
2026-09-13 01:07:00,22,27,0,705,12.102,68.109
2026-09-13 01:12:00,26,27,0,676,11.995,68.084
2026-09-13 01:17:00,26,26,0,649,11.953,67.867
2026-09-13 01:22:00,22,22,0,766,11.865,68.229
2026-09-13 01:27:00,29,29,0,750,11.801,65.95
2026-09-13 01:32:00,29,32,0,850,11.72,69.042
2026-09-13 01:37:00,31,33,0,884,11.662,69.286
2026-09-13 01:42:00,31,31,0,887,11.598,69.013
2026-09-13 01:47:00,34,34,0,876,11.563,68.424
2026-09-13 01:52:00,33,34,0,756,11.52,67.972
2026-09-13 01:57:00,30,30,0,655,11.381,67.232
2026-09-13 02:02:03,31,32,0,673,11.237,66.894
2026-09-13 02:07:00,32,33,0,694,11.165,67.186
2026-09-13 02:12:00,34,38,0,678,11.069,66.904
2026-09-13 02:17:00,32,33,0,677,10.999,66.2
2026-09-13 02:22:00,32,35,0,722,10.877,67.833
2026-09-13 02:27:00,32,36,0,713,10.799,68.5
2026-09-13 02:32:00,31,32,0,702,10.714,69.404
2026-09-13 02:37:00,29,30,0,642,10.655,68.899
2026-09-13 02:42:00,30,32,0,696,10.618,69.952
2026-09-13 02:47:00,30,32,0,729,10.575,70.986
2026-09-13 02:52:00,31,31,0,708,10.529,71.18
2026-09-13 02:57:00,30,34,0,698,10.551,69.58
2026-09-13 03:02:00,31,35,0,755,10.529,69.509
2026-09-13 03:07:00,32,32,0,761,10.492,69.834
2026-09-13 03:12:00,30,32,0,848,10.476,71.955
2026-09-13 03:17:00,31,31,0,835,10.537,73.171
2026-09-13 03:22:00,30,32,0,785,10.602,72.597
2026-09-13 03:27:00,31,32,0,700,10.703,73.984
2026-09-13 03:32:00,33,34,0,744,10.842,73.78
2026-09-13 03:37:00,30,32,0,705,10.933,72.956
2026-09-13 03:42:01,29,29,0,723,11.032,70.781
2026-09-13 03:47:00,32,33,0,680,11.037,70.019
2026-09-13 03:52:00,25,25,0,651,11.032,67.978
2026-09-13 04:04:04,23,25,0,537,10.03,70.776
2026-09-13 04:09:04,25,25,0,419,11.007,68.689
2026-09-13 04:14:04,23,25,0,395,11.168,71.783
2026-09-13 04:19:05,23,23,0,376,11.258,71.245
2026-09-13 04:24:04,22,23,0,451,11.336,61.515
2026-09-13 04:29:05,26,29,0,426,11.304,70.761
2026-09-13 04:34:05,23,27,0,1002,11.266,61.081
2026-09-13 04:39:05,26,27,0,590,11.096,67.682
2026-09-13 04:44:04,25,25,0,353,10.89,69.235
2026-09-13 04:49:05,23,27,0,338,10.756,70.009
2026-09-13 04:54:05,22,25,0,349,10.655,70.513
2026-09-13 04:59:04,22,25,0,362,10.57,70.743
2026-09-13 05:04:05,26,26,0,371,10.505,71.138
2026-09-13 05:09:05,26,26,0,351,10.444,71.077
2026-09-13 05:14:05,26,28,0,344,10.316,69.643
2026-09-13 05:19:05,25,25,0,344,10.22,69.546
2026-09-13 05:24:05,27,28,0,338,10.081,69.546
2026-09-13 05:29:05,26,26,0,374,10.001,60.268
2026-09-13 05:34:05,24,24,0,402,9.875,60.239
2026-09-13 05:39:05,27,29,0,386,9.699,60.617
2026-09-13 05:44:05,27,30,0,340,9.598,70.606
2026-09-13 05:49:05,26,26,0,328,9.523,70.036
2026-09-13 05:54:05,28,31,0,344,9.411,70.112
2026-09-13 05:59:05,26,29,0,316,9.333,70.677
2026-09-13 06:04:05,23,26,0,324,9.269,70.123
2026-09-13 06:09:05,27,28,0,358,9.194,70.083
2026-09-13 06:14:05,28,31,0,362,9.125,70.442
2026-09-13 06:19:05,26,30,0,334,9.05,70.013
2026-09-13 06:24:05,21,26,0,370,8.951,63.398
2026-09-13 06:29:05,26,26,0,363,8.898,63.486
2026-09-13 06:34:06,26,27,0,338,8.823,66.85
2026-09-13 06:39:05,26,26,0,352,8.77,70.736
2026-09-13 06:44:05,23,23,0,365,8.778,65.157
2026-09-13 06:49:05,28,31,0,364,8.746,72.243
2026-09-13 06:54:05,26,26,0,487,8.751,63.631
2026-09-13 06:59:05,23,24,0,473,8.778,72.027
2026-09-13 07:04:05,24,26,0,405,8.735,71.758
2026-09-13 07:09:05,23,24,0,379,8.764,69.357
2026-09-13 07:14:05,27,29,0,407,8.77,73.578
2026-09-13 07:19:05,26,26,0,417,8.812,72.265
2026-09-13 07:24:05,27,29,0,456,8.882,74.213
2026-09-13 07:29:05,26,27,0,417,8.951,74.159
2026-09-13 07:34:05,24,24,0,409,9.013,74.694
2026-09-13 07:39:05,27,27,0,408,9.12,73.911
2026-09-13 07:44:05,32,35,0,434,9.157,73.311
2026-09-13 07:49:05,27,32,0,412,9.216,72.573
2026-09-13 07:54:05,30,32,0,470,9.242,72.288
2026-09-13 07:59:05,28,30,0,432,9.266,71.598
2026-09-13 08:04:05,29,31,0,433,9.331,73.871
2026-09-13 08:09:18,26,27,0,402,9.507,73.946
2026-09-13 08:14:05,23,23,0,410,9.704,73.37
2026-09-13 08:19:06,29,29,0,428,9.939,68.825
2026-09-13 08:24:05,29,29,0,389,10.18,72.275
2026-09-13 08:29:15,28,29,0,413,10.415,71.258
2026-09-13 08:34:05,27,28,0,438,10.57,69.042
2026-09-13 08:39:06,28,28,0,367,10.783,69.958
2026-09-13 08:44:05,25,25,0,383,11.04,68.527
2026-09-13 08:49:05,25,26,0,369,11.301,65.536
2026-09-13 08:54:05,26,26,0,373,11.571,65.782
2026-09-13 08:59:06,27,30,0,395,11.859,62.887
2026-09-13 09:04:05,28,29,0,427,12.153,67.297
2026-09-13 09:09:06,28,28,0,426,12.468,67.655
2026-09-13 09:14:05,26,28,0,442,12.781,67.096
2026-09-13 09:19:05,24,27,0,419,13.042,66.887
2026-09-13 09:24:06,28,28,0,406,13.315,66.728
2026-09-13 09:29:06,28,29,0,417,13.539,66.065
2026-09-13 09:34:06,28,30,0,395,13.798,65.365
2026-09-13 09:39:05,29,29,0,409,14.081,64.182
2026-09-13 09:44:06,28,30,0,389,14.375,64.184
2026-09-13 09:49:05,30,32,0,364,14.677,60.463
2026-09-13 09:54:06,29,31,0,357,15.002,60.474
2026-09-13 09:59:05,27,30,0,360,15.6,60.152
2026-09-13 10:04:06,29,29,0,342,16.759,56.343
2026-09-13 10:09:05,28,28,0,323,18.1,52.701
2026-09-13 10:14:06,27,29,0,305,19.358,49.781
2026-09-13 10:19:06,31,31,0,310,20.415,48.412
2026-09-13 10:24:06,28,29,0,330,21.323,47
2026-09-13 10:29:06,29,30,0,313,22.023,45.11
2026-09-13 10:34:05,29,31,0,303,22.57,44.063
2026-09-13 10:39:06,26,28,0,270,23.141,46.825
2026-09-13 10:44:05,26,26,0,255,23.521,41.32
2026-09-13 10:49:06,24,25,0,216,23.975,40.653
2026-09-13 10:54:06,20,22,0,158,24.351,39.598
2026-09-13 10:59:06,19,19,0,159,24.778,40.969
2026-09-13 11:04:06,19,21,0,147,25.067,40.504
2026-09-13 11:09:05,15,17,0,73,25.539,38.944
2026-09-13 11:14:06,6,8,0,33,26.031,37.24
2026-09-13 11:19:05,11,13,0,29,26.442,36.046
2026-09-13 11:24:06,14,14,0,25,26.923,36.35
2026-09-13 11:29:06,9,9,0,40,27.366,36.235
2026-09-13 11:34:06,10,11,0,32,27.737,34.179
2026-09-13 11:39:07,11,11,0,63,27.945,33.487
2026-09-13 11:44:06,9,9,0,16,28.314,33.593
2026-09-13 11:49:06,7,7,0,0,28.565,31.692
2026-09-13 11:54:06,7,8,0,0,28.835,33.788
2026-09-13 11:59:06,11,11,0,0,29.048,33.981
2026-09-13 12:04:06,12,14,0,0,29.321,32.579
2026-09-13 12:09:06,10,11,0,0,29.716,36.285
2026-09-13 12:14:07,15,15,0,0,29.871,33.448
2026-09-13 12:19:06,13,15,0,0,29.911,31.602
2026-09-13 12:24:06,7,8,0,0,29.809,30.625
2026-09-13 12:29:06,12,12,0,0,30.119,31.762
2026-09-13 12:34:06,10,10,0,0,30.498,31.997
2026-09-13 12:39:06,16,17,0,0,30.944,31.572
2026-09-13 12:44:06,20,22,0,0,31.233,31.879
2026-09-13 12:49:06,24,25,0,0,31.425,31.404
2026-09-13 12:54:06,24,25,0,0,31.633,31.613
2026-09-13 12:59:07,28,32,0,0,31.857,32.899
2026-09-13 13:04:06,25,27,0,0,31.807,32.289
2026-09-13 13:09:06,20,20,0,0,31.871,31.579
2026-09-13 13:14:06,12,13,0,0,32.116,36.554
2026-09-13 13:19:06,13,14,0,0,32.138,36.649
2026-09-13 13:24:07,8,10,0,0,32.306,31.751
2026-09-13 13:29:06,7,7,0,0,32.723,31.72
2026-09-13 13:34:07,5,5,0,0,33.043,33.58
2026-09-13 13:39:06,5,5,0,0,33.088,32.705
2026-09-13 13:44:06,7,7,0,0,33.099,36.048
2026-09-13 13:49:07,3,3,0,0,32.725,29.813
2026-09-13 13:54:06,1,2,0,0,32.421,31.028
2026-09-13 13:59:06,5,6,0,0,31.82,31.629
2026-09-13 14:04:07,3,4,0,0,31.254,36.842
2026-09-13 14:09:07,2,2,0,0,31.046,33.187
2026-09-13 14:14:07,4,4,0,0,30.837,33.431
2026-09-13 14:19:07,3,3,0,0,30.616,35.15
2026-09-13 14:24:07,2,3,0,0,29.756,35.693
2026-09-13 14:29:06,5,6,0,0,29.756,37.936
2026-09-13 14:34:07,2,2,0,0,29.844,37.513
2026-09-13 14:39:06,10,10,0,0,30.047,37.605
2026-09-13 14:44:06,1,1,0,0,29.694,37.063
2026-09-13 14:49:06,3,3,0,0,29.556,38.371
2026-09-13 14:54:06,1,1,0,0,29.211,38.146
2026-09-13 14:59:07,5,5,0,0,29.361,38.577
2026-09-13 15:04:07,1,2,0,0,29.259,38.451
2026-09-13 15:09:07,6,7,0,0,29.168,39.281
2026-09-13 15:14:07,2,2,0,0,28.933,38.736
2026-09-13 15:19:07,2,2,0,0,28.754,39.51
2026-09-13 15:24:07,2,2,0,0,28.578,40.471
2026-09-13 15:29:07,1,3,0,0,28.477,39.577
2026-09-13 15:34:07,2,3,0,0,28.477,40.683
2026-09-13 15:39:07,2,3,0,0,28.439,40.571
2026-09-13 15:44:06,2,3,0,0,28.49,40.368
2026-09-13 15:49:07,3,3,0,0,28.458,40.126
2026-09-13 15:54:07,1,2,0,0,28.367,39.462
2026-09-13 15:59:07,0,0,0,0,28.319,40.214
2026-09-13 16:04:07,0,0,0,0,28.525,39.552
2026-09-13 16:09:08,4,4,0,0,28.744,40.826
2026-09-13 16:14:06,2,2,0,0,28.68,40.855
2026-09-13 16:19:07,2,2,0,0,28.487,41.242
2026-09-13 16:24:06,2,2,0,0,28.26,40.693
2026-09-13 16:29:06,0,0,0,0,28.148,40.138
2026-09-13 16:34:06,0,0,0,0,27.652,39.51
2026-09-13 16:39:06,1,2,0,0,27.385,40.612
2026-09-13 16:44:06,1,1,0,0,27,40.204
2026-09-13 16:49:07,1,1,0,0,27.078,40.746
2026-09-13 16:54:06,0,0,0,0,27.099,39.611
2026-09-13 16:59:07,2,2,0,0,27.078,38.957
2026-09-13 17:04:06,4,4,0,0,27.115,38.915
2026-09-13 17:09:06,5,5,0,0,26.907,38.436
2026-09-13 17:14:07,0,2,0,0,26.824,38.514
2026-09-13 17:19:07,4,4,0,0,26.792,37.82
2026-09-13 17:24:06,3,3,0,0,26.845,37.643
2026-09-13 17:29:07,4,4,0,0,26.84,38.282
2026-09-13 17:34:07,4,5,0,0,26.883,38.982
2026-09-13 17:39:07,3,3,0,0,26.698,39.205
2026-09-13 17:44:07,3,4,0,0,26.495,39.634
2026-09-13 17:49:07,4,4,0,0,26.357,40.336
2026-09-13 17:54:07,3,3,0,0,26.207,40.813
2026-09-13 17:59:07,6,7,0,0,26.089,40.614
2026-09-13 18:04:07,3,3,0,0,25.996,40.891
2026-09-13 18:09:07,5,5,0,0,25.788,41.314
2026-09-13 18:14:07,3,4,0,0,25.35,41.759
2026-09-13 18:19:07,5,5,0,0,24.533,43.331
2026-09-13 18:24:07,5,6,0,0,23.817,45.116
2026-09-13 18:29:07,8,8,0,0,23.307,46.489
2026-09-13 18:34:07,9,11,0,0,22.853,47.504
2026-09-13 18:39:07,13,14,0,0,22.442,48.932
2026-09-13 18:44:07,13,17,0,0,22.047,49.671
2026-09-13 18:49:07,12,12,0,0,21.614,50.703
2026-09-13 18:54:07,8,12,0,0,21.323,47.906
2026-09-13 18:59:07,12,13,0,0,21.035,51.464
2026-09-13 19:04:07,6,6,0,0,20.618,51.671
2026-09-13 19:09:07,5,5,0,0,20.143,50.806
2026-09-13 19:14:07,5,6,0,0,19.689,52.402
2026-09-13 19:19:07,5,5,0,0,19.35,52.284
2026-09-13 19:24:07,5,6,0,0,19.077,52.318
2026-09-13 19:29:07,5,5,0,0,18.853,52.618
2026-09-13 19:34:07,5,5,0,0,18.645,52.972
2026-09-13 19:39:07,4,5,0,0,18.404,50.296
2026-09-13 19:44:07,4,5,0,0,18.103,53.775
2026-09-13 19:49:07,3,3,0,0,17.868,54.237
2026-09-13 19:54:07,2,3,0,0,17.568,54.494
2026-09-13 19:59:07,3,3,0,0,17.414,55.076
2026-09-13 20:04:07,2,4,0,0,17.227,55.57
2026-09-13 20:09:07,4,4,0,0,17.107,55.883
2026-09-13 20:14:07,3,3,0,79,16.957,56.751
2026-09-13 20:19:07,3,3,0,28,16.807,57.516
2026-09-13 20:24:07,3,3,0,45,16.642,58.059
2026-09-13 20:29:07,5,5,0,77,16.508,58.401
2026-09-13 20:34:08,7,7,0,166,16.383,59.223
2026-09-13 20:39:07,8,8,0,117,16.228,59.751
2026-09-13 20:44:07,9,11,0,208,16.132,60.133
2026-09-13 20:49:08,8,8,0,298,16.009,60.169
2026-09-13 20:54:07,13,15,0,431,15.878,61.126
2026-09-13 20:59:07,15,18,0,427,15.755,61.304
2026-09-13 21:04:07,12,12,0,636,15.611,60.478
2026-09-13 21:09:07,9,9,0,681,15.424,60.258
2026-09-13 21:14:08,13,13,0,641,15.205,61.473
2026-09-13 21:19:07,13,13,0,650,15.026,63.324
2026-09-13 21:24:07,6,6,0,411,14.882,64.397
2026-09-13 21:29:08,3,3,0,124,14.797,65.183
2026-09-13 21:34:08,2,4,0,126,14.685,66.473
2026-09-13 21:39:07,2,2,0,209,14.631,66.593
2026-09-13 21:44:08,2,2,0,207,14.538,66.822
2026-09-13 21:49:07,3,3,0,422,14.5,66.831
2026-09-13 21:54:07,4,4,0,299,14.409,67.045
2026-09-13 21:59:07,6,6,0,349,14.324,66.589
2026-09-13 22:04:07,8,8,0,507,14.233,66.259
2026-09-13 22:09:07,16,17,0,529,14.145,66.953
2026-09-13 22:14:07,13,13,0,715,14.065,66.534
2026-09-13 22:19:08,9,12,0,835,14.006,66.999
2026-09-13 22:24:08,12,12,0,819,13.926,66.871
2026-09-13 22:29:08,13,13,0,763,13.83,67.697
2026-09-13 22:34:08,9,13,0,904,13.753,64.459
2026-09-13 22:39:08,13,14,0,1248,13.635,58.281
2026-09-13 22:44:08,6,7,0,965,13.544,57.735
2026-09-13 22:49:08,12,13,0,929,13.459,62.545
2026-09-13 22:54:07,12,13,0,1014,13.405,69.278
2026-09-13 22:59:08,12,14,0,953,13.381,67.718
2026-09-13 23:04:07,16,17,0,1028,13.349,67.43
2026-09-13 23:09:08,19,20,0,1092,13.291,68.34
2026-09-13 23:14:08,16,21,0,1294,13.232,67.239
2026-09-13 23:19:08,17,21,0,1235,13.136,67.76
2026-09-13 23:24:08,20,24,0,1264,13.042,68.365
2026-09-13 23:29:08,21,22,0,1278,12.93,68.359
2026-09-13 23:34:08,14,18,0,1280,12.839,68.052
2026-09-13 23:39:08,22,26,0,1374,12.733,67.875
2026-09-13 23:44:08,27,31,0,1487,12.658,68.582
2026-09-13 23:49:07,27,27,0,1413,12.564,68.664
2026-09-13 23:54:08,25,26,0,1385,12.511,68.174
2026-09-13 23:59:08,27,28,0,1293,12.468,68.542
2026-09-14 00:04:08,22,24,0,1288,12.409,67.404
2026-09-14 00:09:08,27,27,0,1318,12.351,67.274
2026-09-14 00:14:08,21,25,0,1088,12.252,65.315
2026-09-14 00:19:08,22,22,0,1156,12.108,66.219
2026-09-14 00:24:08,21,25,0,1046,11.974,66.841
2026-09-14 00:29:08,25,26,0,995,11.814,65.105
2026-09-14 00:34:08,27,27,0,1211,11.643,67.903
2026-09-14 00:39:08,28,28,0,1148,11.501,68.437
2026-09-14 00:44:08,26,27,0,1195,11.443,69.101
2026-09-14 00:49:08,30,30,0,1238,11.368,68.985
2026-09-14 00:54:08,27,30,0,1196,11.304,69.526
2026-09-14 00:59:08,26,28,0,1327,11.24,67.991
2026-09-14 01:04:08,29,31,0,1355,11.162,69.275
2026-09-14 01:09:08,29,29,0,1283,11.146,69.694
2026-09-14 01:14:08,26,28,0,1179,11.125,69.063
2026-09-14 01:19:08,25,29,0,1363,11.109,68.87
2026-09-14 01:24:08,23,25,0,1287,11.056,68.874
2026-09-14 01:29:08,35,36,0,1254,11.032,69.195
2026-09-14 01:34:08,29,30,0,1190,11.026,69.639
2026-09-14 01:39:08,23,25,0,1167,11.015,70.286
2026-09-14 01:44:08,26,29,0,1201,10.989,70.747
2026-09-14 01:49:08,26,27,0,1229,10.983,70.709
2026-09-14 01:54:08,28,30,0,1183,10.949,69.462
2026-09-14 01:59:08,31,31,0,1185,10.879,71.955
2026-09-14 02:04:08,27,30,0,1077,10.885,69.62
2026-09-14 02:09:08,28,29,0,1180,10.799,68.815
2026-09-14 02:14:08,29,30,0,1234,10.692,70.686
2026-09-14 02:19:08,28,29,0,1180,10.668,71.777
2026-09-14 02:24:08,25,27,0,1177,10.69,69.736
2026-09-14 02:29:08,27,28,0,1104,10.636,68.708
2026-09-14 02:34:08,31,31,0,1258,10.529,59.37
2026-09-14 02:39:08,33,36,0,1149,10.412,67.777
2026-09-14 02:44:08,27,29,0,1132,10.297,68.365
2026-09-14 02:49:08,29,29,0,1200,10.244,61.597
2026-09-14 02:54:08,28,28,0,1300,10.19,69.856
2026-09-14 02:59:08,29,31,0,1252,10.222,71.707
2026-09-14 03:04:08,29,30,0,1240,10.281,71.453
2026-09-14 03:09:08,27,27,0,1191,10.316,70.583
2026-09-14 03:14:08,28,29,0,1229,10.284,70.234
2026-09-14 03:19:08,26,27,0,1084,10.257,70.223
2026-09-14 03:24:08,22,22,0,1120,10.214,71.026
2026-09-14 03:29:09,27,27,0,1070,10.204,70.078
2026-09-14 03:34:08,22,22,0,1079,10.121,70.457
2026-09-14 03:39:08,18,22,0,1100,10.084,70.062
2026-09-14 03:44:08,22,26,0,1016,9.998,69.54
2026-09-14 03:49:08,28,28,0,1074,9.961,71.531
2026-09-14 03:54:09,28,28,0,1085,9.913,70.965
2026-09-14 03:59:09,26,27,0,1100,9.889,72.47
2026-09-14 04:04:09,23,26,0,1032,9.878,73.007
2026-09-14 04:09:09,22,22,0,944,9.878,71.052
2026-09-14 04:14:09,23,23,0,938,9.787,70.575
2026-09-14 04:19:08,22,22,0,1001,9.696,70.957
2026-09-14 04:24:09,24,27,0,932,9.598,69.78
2026-09-14 04:29:08,26,26,0,985,9.523,69.597
2026-09-14 04:34:09,22,22,0,1004,9.416,70.785
2026-09-14 04:39:09,22,22,0,982,9.341,70.019
2026-09-14 04:44:08,23,24,0,977,9.256,70.234
2026-09-14 04:49:09,21,23,0,994,9.194,71.018
2026-09-14 04:54:09,23,26,0,1038,9.136,72.367
2026-09-14 04:59:09,21,22,0,940,9.114,71.466
2026-09-14 05:04:08,23,26,0,1080,9.055,70.4
2026-09-14 05:09:09,23,23,0,956,8.943,70.059
2026-09-14 05:14:09,27,28,0,842,8.791,69.925
2026-09-14 05:19:09,26,26,0,936,8.716,69.574
2026-09-14 05:24:09,26,26,0,963,8.658,71.539
2026-09-14 05:29:09,24,28,0,1023,8.642,70.158
2026-09-14 05:34:09,24,24,0,921,8.604,71.779
2026-09-14 05:39:09,22,22,0,919,8.575,70.741
2026-09-14 05:44:09,22,23,0,998,8.516,70.886
2026-09-14 05:49:09,22,23,0,1101,8.484,63.472
2026-09-14 05:54:09,22,24,0,1202,8.404,72.542
2026-09-14 05:59:09,23,24,0,1124,8.404,73.37
2026-09-14 06:04:09,24,27,0,1216,8.433,72.956
2026-09-14 06:09:09,22,23,0,1307,8.455,72.937
2026-09-14 06:14:09,22,23,0,1118,8.471,73.191
2026-09-14 06:19:09,22,23,0,1114,8.476,73.52
2026-09-14 06:24:09,23,23,0,1292,8.497,73.334
2026-09-14 06:29:09,24,29,0,1308,8.505,73.017
2026-09-14 06:34:09,22,22,0,959,8.505,70.667
2026-09-14 06:39:09,24,24,0,989,8.399,70.061
2026-09-14 06:44:09,22,24,0,1020,8.27,70.35
2026-09-14 06:49:09,23,23,0,973,8.222,69.965
2026-09-14 06:54:09,22,24,0,970,8.091,70.253
2026-09-14 06:59:09,23,23,0,992,7.963,71.039
2026-09-14 07:04:09,22,23,0,1086,7.953,71.573
2026-09-14 07:09:09,18,21,0,896,7.894,71.733
2026-09-14 07:14:09,22,27,0,1099,7.867,70.852
2026-09-14 07:19:09,24,24,0,1042,7.87,72.496
2026-09-14 07:24:09,23,24,0,1085,7.87,72.573
2026-09-14 07:29:09,27,28,0,1334,7.881,72.418
2026-09-14 07:34:09,32,32,0,1337,7.875,72.17
2026-09-14 07:39:09,28,30,0,1279,7.891,71.659
2026-09-14 07:44:09,27,31,0,1228,7.835,70.986
2026-09-14 07:49:09,53,66,0,1283,7.776,70.299
2026-09-14 07:54:09,58,74,0,1384,7.712,70.677
2026-09-14 07:59:09,55,70,0,1243,7.702,70.967
2026-09-14 08:04:09,41,46,0,1298,7.696,71.316
2026-09-14 08:09:09,32,35,0,1386,7.699,72.298
2026-09-14 08:14:09,33,34,0,1374,7.747,72.283
2026-09-14 08:19:09,30,32,0,1327,7.806,72.298
2026-09-14 08:24:09,28,28,0,1191,7.859,72.569
2026-09-14 08:29:10,27,27,0,1152,7.961,72.78
2026-09-14 08:34:10,31,31,0,1266,8.043,72.666
2026-09-14 08:39:09,34,36,0,1554,8.161,73.04
2026-09-14 08:44:10,32,32,0,1411,8.294,72.794
2026-09-14 08:49:09,41,46,0,1480,8.492,73.53
2026-09-14 08:54:10,38,42,0,1566,8.695,74.001
2026-09-14 08:59:10,35,36,0,1628,8.981,75.064
2026-09-14 09:04:10,33,35,0,1663,9.312,71.356
2026-09-14 09:09:09,33,34,0,1397,9.611,69.093
2026-09-14 09:14:09,33,35,0,1218,9.889,74.94
2026-09-14 09:19:09,28,33,0,1216,10.22,74.888
2026-09-14 09:24:10,33,33,0,1199,10.543,75.056
2026-09-14 09:29:10,30,33,0,1239,10.885,74.367
2026-09-14 09:34:10,29,29,0,1694,11.275,73.072
2026-09-14 09:39:10,48,61,0,1523,11.632,71.544
2026-09-14 09:44:10,28,28,0,1267,12.012,70.696
2026-09-14 09:49:09,27,28,0,1315,12.356,69.317
2026-09-14 09:54:10,26,26,0,1200,12.767,68.979
2026-09-14 09:59:09,25,25,0,1199,13.52,68.25
2026-09-14 10:04:10,25,25,0,1086,14.797,64.434
2026-09-14 10:09:10,24,24,0,1056,16.036,60.375
2026-09-14 10:14:10,24,25,0,943,17.155,56.577
2026-09-14 10:19:09,23,24,0,994,18.073,54.956
2026-09-14 10:24:10,21,23,0,1007,18.906,50.889
2026-09-14 10:29:10,25,25,0,1022,19.798,49.911
2026-09-14 10:34:10,25,25,0,969,20.551,50.538
2026-09-14 10:39:10,24,25,0,936,21.024,47.145
2026-09-14 10:44:10,24,25,0,957,21.772,46.491
2026-09-14 10:49:10,29,30,0,1098,22.231,46.165
2026-09-14 10:54:10,28,29,0,1087,22.744,44.402
2026-09-14 10:59:10,23,24,0,981,23.32,42.96
2026-09-14 11:04:10,26,26,0,878,23.804,43.403
2026-09-14 11:09:10,23,25,0,892,24.327,41.86
2026-09-14 11:14:09,23,25,0,840,24.792,40.864
2026-09-14 11:19:10,23,26,0,769,25.128,43.298
2026-09-14 11:24:10,25,25,0,714,25.459,43.424
2026-09-14 11:29:10,27,27,0,649,25.9,39.758
2026-09-14 11:34:10,21,23,0,582,26.22,38.388
2026-09-14 11:39:10,27,28,0,530,26.696,38.129
2026-09-14 11:44:10,23,24,0,420,27.091,37.208
2026-09-14 11:49:10,22,23,0,351,27.62,35.812
2026-09-14 11:54:10,20,22,0,389,28.146,35.588
2026-09-14 11:59:10,19,20,0,298,28.503,33.725
2026-09-14 12:04:10,19,19,0,226,28.787,33.25
2026-09-14 12:09:10,20,20,0,171,29.203,33.86
2026-09-14 12:14:10,23,25,0,119,29.743,32.63
2026-09-14 12:19:10,19,22,0,83,30.188,32.159
2026-09-14 12:24:10,20,22,0,65,30.557,31.871
2026-09-14 12:29:13,22,22,0,62,30.787,32.163
2026-09-14 12:34:10,16,18,0,37,31.27,31.697
2026-09-14 12:39:10,17,18,0,0,31.724,29.212
2026-09-14 12:44:10,7,9,0,0,31.927,29.67
2026-09-14 12:49:10,9,13,0,0,32.258,28.649
2026-09-14 12:54:10,12,12,0,0,32.701,26.626
2026-09-14 12:59:10,11,12,0,0,33.201,33.496
2026-09-14 13:04:10,7,8,0,0,33.355,28.937
2026-09-14 13:09:10,9,9,0,0,33.799,27.484
2026-09-14 13:14:10,6,6,0,0,34.06,30.549
2026-09-14 13:19:10,6,6,0,0,34.247,25.586
2026-09-14 13:24:10,7,7,0,0,34.394,27.753
2026-09-14 13:29:10,4,5,0,0,34.239,26.473
2026-09-14 13:34:10,5,6,0,0,34.261,26.088
2026-09-14 13:39:11,3,3,0,0,34.319,22.557
2026-09-14 13:44:10,5,5,0,0,34.506,23.444
2026-09-14 13:49:10,3,4,0,0,34.803,23.969
2026-09-14 13:54:10,14,14,0,0,35.011,24.884
2026-09-14 13:59:10,8,9,0,0,35.075,25.508
2026-09-14 14:04:10,4,4,0,0,35.129,24.777
2026-09-14 14:09:10,4,4,0,0,35.273,25.59
2026-09-14 14:14:10,4,4,0,0,35.366,24.179
2026-09-14 14:19:11,2,2,0,0,35.564,23.746
2026-09-14 14:24:10,3,3,0,0,35.676,21.522
2026-09-14 14:29:10,3,3,0,0,35.804,23.21
2026-09-14 14:34:10,4,5,0,0,36.007,26.843
2026-09-14 14:39:10,4,5,0,0,36.031,23.812
2026-09-14 14:44:10,2,2,0,0,36.277,24.575
2026-09-14 14:49:11,6,6,0,0,36.48,24.23
2026-09-14 14:54:11,4,4,0,0,36.357,23.028
2026-09-14 14:59:10,7,7,0,0,36.32,24.798
2026-09-14 15:04:11,4,5,0,0,36.301,24.552
2026-09-14 15:09:11,6,6,0,0,36.333,24.18
2026-09-14 15:14:11,2,3,0,0,36.215,24.968
2026-09-14 15:19:11,3,3,0,0,36.263,24.037
2026-09-14 15:24:11,6,6,0,0,36.226,29.546
2026-09-14 15:29:11,5,5,0,0,36.074,29.119
2026-09-14 15:34:10,1,1,0,0,35.855,25.594
2026-09-14 15:39:11,2,2,0,0,35.823,25.3
2026-09-14 15:44:11,3,3,0,0,35.615,25.832
2026-09-14 15:49:11,2,2,0,0,35.289,26.433
2026-09-14 15:54:11,5,6,0,0,35.404,26.467
2026-09-14 15:59:11,4,4,0,0,35.356,26.147
2026-09-14 16:04:11,4,5,0,0,35.254,25.712
2026-09-14 16:09:11,3,3,0,0,35.163,26.61
2026-09-14 16:14:11,3,4,0,0,34.907,28.297
2026-09-14 16:19:11,5,5,0,0,34.616,28.041
2026-09-14 16:24:11,3,3,0,0,34.36,30.217
2026-09-14 16:29:11,5,5,0,0,34.087,28.171
2026-09-14 16:34:10,1,2,0,0,33.756,28.291
2026-09-14 16:39:11,2,2,0,0,33.43,28.459
2026-09-14 16:44:11,0,0,0,0,32.952,27.289
2026-09-14 16:49:11,1,1,0,0,32.626,28.812
2026-09-14 16:54:11,2,2,0,0,32.397,29.119
2026-09-14 16:59:11,3,4,0,0,32.424,28.892
2026-09-14 17:04:11,5,5,0,0,32.584,30.81
2026-09-14 17:09:11,4,5,0,0,32.853,30.517
2026-09-14 17:14:11,3,4,0,0,32.95,29.346
2026-09-14 17:19:11,3,3,0,0,33.035,29.626
2026-09-14 17:24:12,2,2,0,0,33.067,28.619
2026-09-14 17:29:11,4,4,0,0,32.979,29.992
2026-09-14 17:34:11,3,4,0,0,32.765,28.888
2026-09-14 17:39:11,2,3,0,0,32.509,30.267
2026-09-14 17:44:11,3,3,0,0,32.258,28.903
2026-09-14 17:49:11,2,2,0,0,31.868,31.533
2026-09-14 17:54:11,3,3,0,0,31.705,29.496
2026-09-14 17:59:11,1,1,0,0,31.678,30.582
2026-09-14 18:04:11,1,1,0,0,31.721,30.21
2026-09-14 18:09:11,1,2,0,0,31.759,28.934
2026-09-14 18:14:11,4,4,0,0,31.791,29.876
2026-09-14 18:19:12,2,3,0,0,31.756,29.515
2026-09-14 18:24:11,3,4,0,0,31.729,31.35
2026-09-14 18:29:11,2,2,0,0,31.644,31.549
2026-09-14 18:34:11,2,2,0,0,31.435,33.017
2026-09-14 18:39:11,3,3,0,0,31.016,33.498
2026-09-14 18:44:11,4,5,0,0,30.541,33.918
2026-09-14 18:49:11,3,3,0,0,30.114,34.768
2026-09-14 18:54:11,3,4,0,0,29.574,34.661
2026-09-14 18:59:11,5,5,0,0,29.062,36.168
2026-09-14 19:04:12,2,2,0,0,28.413,37.708
2026-09-14 19:09:11,6,7,0,0,27.729,38.568
2026-09-14 19:14:12,7,8,0,24,26.821,40.139
2026-09-14 19:19:11,16,16,0,75,25.977,41.845
2026-09-14 19:24:11,24,24,0,168,25.187,43.378
2026-09-14 19:29:11,20,20,0,376,24.479,44.505
2026-09-14 19:34:11,13,14,0,469,23.828,45.148
2026-09-14 19:39:11,7,7,0,436,23.246,47.183
2026-09-14 19:44:12,5,6,0,262,22.77,48.234
2026-09-14 19:49:11,6,6,0,254,22.268,49.152
2026-09-14 19:54:12,3,4,0,301,21.849,49.543
2026-09-14 19:59:12,5,5,0,110,21.502,49.873
2026-09-14 20:04:11,22,24,0,213,21.139,50.6
2026-09-14 20:09:12,50,62,0,1250,20.802,51.347
2026-09-14 20:14:12,3,4,0,550,20.53,51.845
2026-09-14 20:19:11,4,5,0,260,20.217,52.148
2026-09-14 20:24:12,4,5,0,118,19.929,52.612
2026-09-14 20:29:12,2,3,0,49,19.699,52.621
2026-09-14 20:34:12,2,2,0,240,19.486,49.447
2026-09-14 20:39:11,4,4,0,249,19.221,54.195
2026-09-14 20:44:11,4,4,0,547,19.034,54.782
2026-09-14 20:49:12,5,6,0,442,18.869,55.347
2026-09-14 20:54:13,5,5,0,1247,18.671,56.19
2026-09-14 20:59:12,39,46,0,1043,18.466,56.881
2026-09-14 21:04:11,6,8,0,1120,18.279,57.338
2026-09-14 21:09:12,13,16,0,1264,18.092,57.735
2026-09-14 21:14:12,24,27,0,1460,17.937,58.414
2026-09-14 21:19:12,11,13,0,2043,17.769,58.78
2026-09-14 21:24:11,7,8,0,2325,17.609,59.23
2026-09-14 21:29:12,7,11,0,2690,17.47,59.299
2026-09-14 21:34:12,6,6,0,2570,17.341,59.158
2026-09-14 21:39:12,8,8,0,2517,17.227,59.48
2026-09-14 21:44:12,8,8,0,2687,17.082,60.333
2026-09-14 21:49:12,7,7,0,2426,16.96,60.4
2026-09-14 21:54:12,8,9,0,3026,16.831,60.932
2026-09-14 21:59:12,8,9,0,2997,16.719,60.388
2026-09-14 22:04:12,9,12,0,3111,16.588,61.193
2026-09-14 22:09:12,26,27,0,4080,16.444,62.381
2026-09-14 22:14:12,24,24,0,3122,16.369,62.904
2026-09-14 22:19:12,24,27,0,2501,16.273,63.076
2026-09-14 22:24:12,18,19,0,2007,16.225,63.377
2026-09-14 22:29:12,15,16,0,2106,16.175,63.564
2026-09-14 22:34:12,26,28,0,2154,16.089,63.554
2026-09-14 22:39:12,21,24,0,2342,15.961,63.615
2026-09-14 22:44:12,17,20,0,2557,15.859,63.755
2026-09-14 22:49:12,12,17,0,2838,15.737,59.654
2026-09-14 22:54:12,20,20,0,3288,15.595,53.588
2026-09-14 22:59:12,13,16,0,2765,15.387,61.609
2026-09-14 23:04:12,12,18,0,2708,15.248,64.819
2026-09-14 23:09:12,16,18,0,3639,15.189,56.987
2026-09-14 23:14:12,17,18,0,3544,15.184,56.726
2026-09-14 23:19:12,15,16,0,3125,15.16,59.124
2026-09-14 23:24:12,15,17,0,2869,15.144,57.018
2026-09-14 23:29:12,17,19,0,2728,15.138,65.845
2026-09-14 23:34:13,16,20,0,2611,15.112,65.555
2026-09-14 23:39:12,20,20,0,2762,15.064,65.567
2026-09-14 23:44:13,16,16,0,2697,15.029,66.589
2026-09-14 23:49:13,20,20,0,2880,15.045,66.091
2026-09-14 23:54:13,25,25,0,3041,15.029,57.319
2026-09-14 23:59:12,18,19,0,3076,15.018,66.053
2026-09-15 00:04:13,28,29,0,3481,15.002,56.694
2026-09-15 00:09:12,23,25,0,3480,14.936,65.818
2026-09-15 00:14:13,24,25,0,3543,14.887,65.473
2026-09-15 00:19:12,23,23,0,3626,14.781,65.693
2026-09-15 00:24:13,24,25,0,3863,14.668,64.623
2026-09-15 00:29:12,20,21,0,3899,14.519,65.073
2026-09-15 00:34:13,19,20,0,3823,14.367,65.479
2026-09-15 00:39:13,20,22,0,3681,14.223,63.198
2026-09-15 00:44:13,13,15,0,3435,14.068,61.124
2026-09-15 00:49:12,9,12,0,3355,13.854,66.412
2026-09-15 00:54:13,15,18,0,3274,13.742,67.32
2026-09-15 00:59:12,19,19,0,3294,13.595,68.414
2026-09-15 01:04:13,15,18,0,2992,13.44,68.409
2026-09-15 01:09:12,20,21,0,2935,13.323,69.256
2026-09-15 01:14:13,15,16,0,3021,13.237,69.259
2026-09-15 01:19:12,13,16,0,3157,13.205,63.364
2026-09-15 01:24:13,19,20,0,3103,13.133,69.488
2026-09-15 01:29:12,14,14,0,3213,13.106,66.129
2026-09-15 01:34:13,13,16,0,3183,13.069,69.641
2026-09-15 01:39:13,17,21,0,3299,13.064,68.537
2026-09-15 01:44:13,18,20,0,3819,13,60.258
2026-09-15 01:49:13,22,22,0,3289,12.853,67.825
2026-09-15 01:54:13,15,20,0,3232,12.789,70.183
2026-09-15 01:59:13,21,21,0,3222,12.757,70.081
2026-09-15 02:04:13,18,20,0,3429,12.735,61.535
2026-09-15 02:09:13,20,21,0,3260,12.687,68.678
2026-09-15 02:14:13,20,21,0,3460,12.599,69.141
2026-09-15 02:19:13,20,20,0,3638,12.556,69.126
2026-09-15 02:24:13,20,20,0,3669,12.562,71.466
2026-09-15 02:29:13,19,21,0,3529,12.62,71.298
2026-09-15 02:34:13,15,18,0,3489,12.711,70.823
2026-09-15 02:39:12,13,15,0,3337,12.799,70.083
2026-09-15 02:44:13,13,17,0,3216,12.869,69.828
2026-09-15 02:49:13,10,10,0,2939,12.917,69.32
2026-09-15 02:54:13,12,13,0,3056,12.917,68.899
2026-09-15 02:59:13,10,10,0,2915,12.869,68.727
2026-09-15 03:04:13,10,12,0,3014,12.802,68.872
2026-09-15 03:09:13,9,9,0,2961,12.775,69.103
2026-09-15 03:14:13,9,10,0,2861,12.813,69.624
2026-09-15 03:19:13,10,12,0,2890,12.839,69.124
2026-09-15 03:24:13,10,10,0,3380,12.813,62.841
2026-09-15 03:29:13,12,13,0,3514,12.826,60.686
2026-09-15 03:34:13,9,9,0,3659,12.757,68.05
2026-09-15 03:39:13,13,13,0,3090,12.698,68.142
2026-09-15 03:44:13,12,12,0,3261,12.596,69.305
2026-09-15 03:49:13,7,9,0,2990,12.5,69.227
2026-09-15 03:54:13,13,14,0,3208,12.476,66.162
2026-09-15 03:59:13,10,13,0,3244,12.508,62.528
2026-09-15 04:04:13,10,10,0,3062,12.535,69.229
2026-09-15 04:09:39,10,12,0,3036,12.519,68.966
2026-09-15 04:14:13,10,14,0,3025,12.455,68.29
2026-09-15 04:19:13,10,10,0,2791,12.396,68.924
2026-09-15 04:24:13,9,9,0,2989,12.295,67.987
2026-09-15 04:29:13,9,10,0,3105,12.134,70.31
2026-09-15 04:34:13,9,10,0,2837,12.036,68.664
2026-09-15 04:39:13,12,13,0,2864,11.923,68.918
2026-09-15 04:44:13,12,13,0,2952,11.752,66.072
2026-09-15 04:49:14,9,9,0,2795,11.608,70.144
2026-09-15 04:54:13,12,12,0,2989,11.469,71.634
2026-09-15 04:59:13,13,16,0,3021,11.419,71.434
2026-09-15 05:04:13,15,16,0,3162,11.36,71.125
2026-09-15 05:09:13,12,12,0,2852,11.301,71.312
2026-09-15 05:14:13,10,13,0,3191,11.226,67.363
2026-09-15 05:19:13,13,16,0,3608,11.229,71.955
2026-09-15 05:24:13,12,12,0,3109,11.229,72.193
2026-09-15 05:29:13,9,10,0,3001,11.176,71.285
2026-09-15 05:34:13,9,9,0,3045,11.112,71.106
2026-09-15 05:39:13,14,16,0,3131,11.037,71.312
2026-09-15 05:44:13,10,10,0,3023,10.965,72.035
2026-09-15 05:49:13,10,14,0,2949,10.943,72.225
2026-09-15 05:54:14,12,12,0,3105,10.874,70.434
2026-09-15 05:59:14,12,15,0,3122,10.81,71.304
2026-09-15 06:04:13,14,15,0,3247,10.735,72.058
2026-09-15 06:09:13,15,17,0,3284,10.738,71.939
2026-09-15 06:14:13,12,12,0,3033,10.668,71.06
2026-09-15 06:19:13,17,17,0,3139,10.631,71.256
2026-09-15 06:24:14,16,17,0,3085,10.604,71.651
2026-09-15 06:29:13,13,13,0,3121,10.636,71.333
2026-09-15 06:34:14,10,10,0,3031,10.655,71.249
2026-09-15 06:39:13,10,13,0,3124,10.714,71.821
2026-09-15 06:44:13,12,12,0,3237,10.842,63.402
2026-09-15 06:49:14,15,17,0,3187,11.007,70.099
2026-09-15 06:54:14,14,15,0,3356,11.045,67.73
2026-09-15 06:59:13,13,13,0,4033,10.935,69.885
2026-09-15 07:04:14,13,15,0,3945,10.829,70.257
2026-09-15 07:09:13,10,10,0,3034,10.743,71.193
2026-09-15 07:14:14,14,15,0,2968,10.684,71.51
2026-09-15 07:19:13,9,10,0,2999,10.583,72.517
2026-09-15 07:24:14,9,9,0,3304,10.489,69.71
2026-09-15 07:29:14,13,13,0,3356,10.436,73.108
2026-09-15 07:34:14,9,10,0,3076,10.399,73.213
2026-09-15 07:39:14,10,13,0,3534,10.367,73.557
2026-09-15 07:44:14,9,10,0,3136,10.329,73.574
2026-09-15 07:49:13,12,12,0,3096,10.278,72.408
2026-09-15 07:54:14,14,15,0,3479,10.252,72.817
2026-09-15 07:59:14,16,17,0,3526,10.193,72.92
2026-09-15 08:04:14,14,14,0,3546,10.172,72.578
2026-09-15 08:09:13,14,14,0,3639,10.188,72.729
2026-09-15 08:14:14,14,15,0,3816,10.174,69.778
2026-09-15 08:19:14,16,20,0,3802,10.217,73.658
2026-09-15 08:24:13,16,20,0,3714,10.335,72.664
2026-09-15 08:29:14,19,20,0,3685,10.457,64.275
2026-09-15 08:34:14,20,21,0,3535,10.655,73.677
2026-09-15 08:39:13,16,18,0,3625,10.839,67.873
2026-09-15 08:44:14,18,21,0,3994,11.042,69.937
2026-09-15 08:49:14,19,19,0,4040,11.341,73.904
2026-09-15 08:54:14,22,23,0,4509,11.63,73.54
2026-09-15 08:59:14,37,39,0,3893,11.902,72.441
2026-09-15 09:04:14,34,35,0,3634,12.129,70.774
2026-09-15 09:09:14,34,38,0,3881,12.311,70.989
2026-09-15 09:14:14,29,30,0,4178,12.519,70.287
2026-09-15 09:19:14,30,30,0,4474,12.743,70.072
2026-09-15 09:24:14,31,34,0,4539,13.032,69.124
2026-09-15 09:29:14,29,30,0,4267,13.328,68.781
2026-09-15 09:34:14,30,32,0,4426,13.702,67.299
2026-09-15 09:39:14,28,29,0,4338,14.07,66.709
2026-09-15 09:44:14,33,34,0,4420,14.455,66.322
2026-09-15 09:49:14,35,37,0,4271,14.893,65.805
2026-09-15 09:54:14,32,32,0,4309,15.424,63.223
2026-09-15 09:59:14,34,37,0,4220,16.386,61.832
2026-09-15 10:04:14,31,33,0,4080,17.827,57.212
2026-09-15 10:09:14,24,24,0,3693,19.28,51.256
2026-09-15 10:14:14,23,24,0,3716,20.514,51.092
2026-09-15 10:19:14,22,23,0,3470,21.478,46.365
2026-09-15 10:24:14,16,17,0,3489,22.434,47.208
2026-09-15 10:29:14,20,23,0,3633,23.203,46.228
2026-09-15 10:34:14,20,22,0,3667,23.977,38.053
2026-09-15 10:39:14,16,17,0,3199,24.997,43.388
2026-09-15 10:44:14,19,19,0,2970,25.593,41.473
2026-09-15 10:49:14,18,18,0,3268,25.919,35.691
2026-09-15 10:54:14,19,20,0,2750,26.805,41.976
2026-09-15 10:59:14,19,19,0,2933,27.499,34.12
2026-09-15 11:04:14,18,18,0,2574,28.381,32.123
2026-09-15 11:09:14,11,13,0,2407,29.232,31.316
2026-09-15 11:14:14,11,13,0,2182,30.034,29.58
2026-09-15 11:19:14,6,8,0,1457,30.658,37.288
2026-09-15 11:24:15,7,8,0,1115,31.209,35.154
2026-09-15 11:29:14,8,8,0,1269,31.732,27.997
2026-09-15 11:34:14,9,9,0,988,32.381,27.314
2026-09-15 11:39:14,6,6,0,964,32.926,25.743
2026-09-15 11:44:14,8,8,0,875,33.529,27.274
2026-09-15 11:49:14,7,7,0,675,34.175,31.73
2026-09-15 11:54:15,8,8,0,940,34.191,26.034
2026-09-15 11:59:15,7,7,0,864,34.605,23.187
2026-09-15 12:04:14,8,8,0,301,35.123,32.443
2026-09-15 12:09:15,7,8,0,151,35.107,32.533
2026-09-15 12:14:15,8,8,0,126,35.209,22.307
2026-09-15 12:19:15,7,7,0,24,35.652,23.847
2026-09-15 12:24:15,5,6,0,8,36.135,22.183
2026-09-15 12:29:14,6,6,0,0,36.659,20.595
2026-09-15 12:34:15,6,6,0,0,36.936,23.309
2026-09-15 12:39:14,5,5,0,0,37.166,22.407
2026-09-15 12:44:15,5,6,0,0,37.356,22.956
2026-09-15 12:49:15,6,6,0,0,37.639,21.207
2026-09-15 12:54:14,10,10,0,0,37.703,21.51
2026-09-15 12:59:15,7,8,0,0,37.692,26.446
2026-09-15 13:04:15,7,7,0,0,37.639,22.359
2026-09-15 13:09:15,9,12,0,0,37.604,24.346
2026-09-15 13:14:15,11,11,0,0,37.615,22.899
2026-09-15 13:19:15,6,7,0,0,37.647,21.508
2026-09-15 13:24:15,7,7,0,0,37.743,21.226
2026-09-15 13:29:14,6,6,0,0,37.77,20.715
2026-09-15 13:34:15,7,7,0,0,37.863,21.426
2026-09-15 13:39:15,3,3,0,0,37.868,24.909
2026-09-15 13:44:14,7,8,0,0,37.82,26.794
2026-09-15 13:49:15,4,6,0,0,37.628,27.976
2026-09-15 13:54:15,5,6,0,0,37.51,23.505
2026-09-15 13:59:18,6,6,0,0,37.406,25.718
2026-09-15 14:04:15,5,5,0,0,37.15,24.098
2026-09-15 14:09:15,4,4,0,0,36.942,24.272
2026-09-15 14:14:15,6,8,0,0,36.918,23.921
2026-09-15 14:19:15,11,12,0,0,36.918,25.928
2026-09-15 14:24:15,6,6,0,0,36.886,24.312
2026-09-15 14:29:15,0,0,0,0,36.688,25.054
2026-09-15 14:34:15,6,7,0,0,36.538,25.17
2026-09-15 14:39:15,4,4,0,0,36.472,28.594
2026-09-15 14:44:15,5,5,0,0,36.402,26.694
2026-09-15 14:49:15,5,5,0,0,36.434,28.148
2026-09-15 14:54:15,6,6,0,0,36.317,24.94
2026-09-15 14:59:15,5,5,0,271,36.421,24.589
2026-09-15 15:04:15,5,5,0,263,36.504,24.293
2026-09-15 15:09:15,4,4,0,317,36.731,24.814
2026-09-15 15:14:15,8,9,0,82,36.902,25.897
2026-09-15 15:19:15,7,7,0,379,36.717,24.863
2026-09-15 15:24:15,5,5,0,345,36.498,28.115
2026-09-15 15:29:15,4,4,0,301,36.445,24.203
2026-09-15 15:34:15,4,5,0,268,36.445,28.857
2026-09-15 15:39:15,5,5,0,224,36.352,24.552
2026-09-15 15:44:15,7,7,0,193,36.226,27.917
2026-09-15 15:49:15,4,5,0,202,35.994,24.072
2026-09-15 15:54:15,5,5,0,273,35.959,27.04
2026-09-15 15:59:15,5,5,0,618,35.826,25.497
2026-09-15 16:09:15,4,5,0,286,35.788,25.31
2026-09-15 16:14:15,4,4,0,265,35.724,24.249
2026-09-16 11:46:54,28,28,0,4161,22.42,44.612
2026-09-16 11:51:54,29,33,0,2005,24.071,39.769
2026-09-16 11:56:53,26,27,0,2247,24.893,38.905
2026-09-16 12:01:54,25,29,0,2237,25.887,37.002
2026-09-16 12:06:53,29,29,0,2296,26.781,35.518
2026-09-16 12:11:54,27,27,0,2288,27.871,33.694
2026-09-16 12:16:54,20,20,0,2290,29.126,33.3
2026-09-16 12:21:53,19,22,0,2064,30.258,29.288
2026-09-16 12:26:54,21,21,0,1894,31.214,31.343
2026-09-16 12:31:54,22,23,0,1811,32.114,28.052
2026-09-16 12:36:54,18,19,0,1833,32.819,26.683
2026-09-16 12:41:54,16,17,0,1717,33.62,26.3
2026-09-16 12:46:54,17,17,0,1530,34.608,25.161
2026-09-16 12:51:54,15,16,0,1168,35.601,32.748
2026-09-16 12:56:54,8,9,0,936,36.346,21.768
2026-09-16 13:01:54,11,11,0,772,36.699,24.026
2026-09-16 13:06:54,14,19,0,761,36.517,22.782
2026-09-16 13:11:53,12,12,0,849,36.72,24.346
2026-09-16 13:16:54,9,12,0,634,37.067,31.129
2026-09-16 13:21:54,6,6,0,365,37.177,32.231
2026-09-16 13:26:54,6,7,0,253,37.417,21.516
2026-09-16 13:31:54,3,3,0,152,37.369,25.146
2026-09-16 13:36:54,4,4,0,71,37.508,29.809
2026-09-16 13:41:54,4,4,0,40,37.551,23.196
2026-09-16 13:46:54,3,4,0,0,37.692,27.446
2026-09-16 13:51:54,3,3,0,0,37.836,21.958
2026-09-16 13:56:54,7,7,0,0,37.703,22.441
2026-09-16 14:01:54,9,9,0,14,37.756,22.853
2026-09-16 14:06:54,3,3,0,31,37.836,23.29
2026-09-16 14:11:54,7,7,0,0,37.882,23.057
2026-09-16 14:16:54,6,6,0,134,37.924,24.898
2026-09-16 14:21:54,4,4,0,118,37.818,24.585
2026-09-16 14:26:54,5,6,0,125,37.529,25.298
2026-09-16 14:31:54,5,5,0,88,37.235,24.259
2026-09-16 14:36:54,1,1,0,0,37.057,30.381
2026-09-16 14:41:54,3,4,0,0,36.656,26.475
2026-09-16 14:46:54,2,3,0,0,36.373,25.769
2026-09-16 14:51:54,5,5,0,0,36.191,26.462
2026-09-16 14:56:54,3,5,0,28,36.052,27.86
2026-09-16 15:01:54,4,4,0,223,35.884,28.19
2026-09-16 15:06:54,4,4,0,167,35.943,32.058
2026-09-16 15:11:54,3,3,0,418,35.644,29.195
2026-09-16 15:16:54,2,2,0,361,35.441,32.821
2026-09-16 15:21:54,4,4,0,176,35.185,29.647
2026-09-16 15:26:54,5,6,0,241,34.974,30.629
2026-09-16 15:31:54,0,0,0,62,34.92,29.626
2026-09-16 15:36:54,3,3,0,165,34.846,30.748
2026-09-16 15:41:54,4,4,0,173,34.701,30.564
2026-09-16 15:46:54,5,5,0,139,34.659,31.049
2026-09-16 15:51:54,1,1,0,304,34.629,31.024
2026-09-16 15:56:54,1,1,0,203,34.506,30.866
2026-09-16 16:01:54,4,4,0,315,34.384,34.12
2026-09-16 16:06:54,3,3,0,278,34.191,32.146
2026-09-16 16:11:54,3,4,0,169,34.058,32.817
2026-09-16 16:16:54,1,1,0,344,33.98,33.322
2026-09-16 16:21:55,2,2,0,335,33.825,32.497
2026-09-16 16:26:54,3,3,0,304,33.676,34.217
2026-09-16 16:31:54,3,3,0,356,33.446,33.515
2026-09-16 16:36:54,1,1,0,261,33.12,33.223
2026-09-16 16:41:55,4,4,0,467,32.797,34.539
2026-09-16 16:46:55,2,2,0,684,32.472,35.26
2026-09-16 16:51:54,5,5,0,612,32.279,34.991
2026-09-16 16:56:55,6,6,0,582,31.954,35.253
2026-09-16 17:01:55,5,5,0,471,31.868,35.566
2026-09-16 17:06:54,7,7,0,344,31.636,35.06
2026-09-16 17:11:55,8,8,0,495,31.315,36.563
2026-09-16 17:16:54,5,6,0,679,31.134,36.756
2026-09-16 17:21:54,7,7,0,917,31.091,37.91
2026-09-16 17:26:54,3,3,0,677,31.118,36.845
2026-09-16 17:31:55,4,6,0,672,31.024,36.704
2026-09-16 17:36:55,4,6,0,558,30.885,36.718
2026-09-16 17:41:55,4,4,0,744,30.634,37.168
2026-09-16 17:46:55,5,5,0,502,30.426,37.448
2026-09-16 17:51:55,5,5,0,1302,30.01,39.075
2026-09-16 17:56:55,4,4,0,947,29.697,39.211
2026-09-16 18:01:55,5,6,0,1116,29.414,39.43
2026-09-16 18:06:55,7,7,0,1675,29.222,40.202
2026-09-16 18:11:55,5,6,0,1569,29.019,40.323
2026-09-16 18:16:55,5,6,0,1326,28.773,40.16
2026-09-16 18:21:55,3,3,0,1375,28.498,40.78
2026-09-16 18:26:55,6,7,0,1352,28.183,41.864
2026-09-16 18:31:55,6,6,0,1313,27.905,42.14
2026-09-16 18:36:55,4,4,0,1241,27.473,42.297
2026-09-16 18:41:55,5,5,0,1411,27.061,43.228
2026-09-16 18:46:55,6,6,0,1151,26.493,44.292
2026-09-16 18:51:55,6,6,0,1213,25.943,45.112
2026-09-16 18:56:55,4,5,0,1491,25.43,45.226
2026-09-16 19:01:55,5,5,0,2158,24.928,46.888
2026-09-16 19:06:55,7,7,0,1933,24.538,47.668
2026-09-16 19:11:55,6,7,0,1752,24.113,48.053
2026-09-16 19:16:55,6,7,0,1551,23.553,49.278
2026-09-16 19:21:55,7,7,0,1673,23.029,50.081
2026-09-16 19:26:55,5,5,0,1725,22.543,50.97
2026-09-16 19:31:55,7,7,0,1885,22.052,52.171
2026-09-16 19:36:55,8,8,0,1754,21.633,49.852
2026-09-16 19:41:55,7,8,0,2004,21.147,54.389
2026-09-16 19:46:55,7,7,0,3517,20.768,55.473
2026-09-16 19:51:55,8,9,0,3336,20.436,56.278
2026-09-16 19:56:55,8,9,0,2486,20.207,52.797
2026-09-16 20:01:55,7,7,0,2195,19.932,57.392
2026-09-16 20:06:55,7,8,0,2513,19.697,58.305
2026-09-16 20:11:55,6,6,0,2141,19.467,59.478
2026-09-16 20:16:55,8,11,0,2549,19.195,59.999
2026-09-16 20:21:55,7,7,0,2352,18.944,60.722
2026-09-16 20:26:55,8,8,0,2981,18.765,61.34
2026-09-16 20:31:55,9,9,0,2313,18.578,61.76
2026-09-16 20:36:55,7,7,0,2599,18.375,62.416
2026-09-16 20:41:55,6,7,0,3408,18.231,63.156
2026-09-16 20:46:55,9,9,0,3959,18.092,63.293
2026-09-16 20:51:55,8,9,0,3516,17.913,64.066
2026-09-16 20:56:55,9,9,0,3879,17.774,64.51
2026-09-16 21:01:55,9,9,0,4379,17.619,64.787
2026-09-16 21:06:56,8,8,0,4199,17.502,65.071
2026-09-16 21:11:55,9,9,0,4750,17.416,65.384
2026-09-16 21:16:55,12,12,0,4712,17.285,65.645
2026-09-16 21:21:56,12,15,0,4908,17.205,65.836
2026-09-16 21:26:55,11,11,0,4196,17.093,66.251
2026-09-16 21:31:56,9,11,0,5093,16.997,66.665
2026-09-16 21:36:56,9,12,0,5334,16.917,66.629
2026-09-16 21:41:56,9,12,0,5261,16.85,66.766
2026-09-16 21:46:55,12,15,0,5477,16.754,67.035
2026-09-16 21:51:55,9,9,0,5340,16.663,67.253
2026-09-16 21:56:55,14,15,0,5097,16.626,67.251
2026-09-16 22:01:55,11,12,0,5111,16.45,67.528
2026-09-16 22:06:55,11,14,0,5547,16.42,67.606
2026-09-16 22:11:55,11,12,0,5926,16.287,67.854
2026-09-16 22:16:55,9,9,0,5680,16.201,68.073
2026-09-16 22:21:55,11,11,0,6190,16.116,68.588
2026-09-16 22:26:55,9,9,0,6064,16.014,67.289
2026-09-16 22:31:56,9,9,0,6002,15.916,69.111
2026-09-16 22:36:55,9,11,0,5639,15.809,68.248
2026-09-16 22:41:55,13,15,0,5450,15.691,69.002
2026-09-16 22:46:56,9,12,0,5616,15.606,69.355
2026-09-16 22:51:55,12,15,0,5449,15.531,69.088
2026-09-16 22:56:56,12,12,0,5362,15.438,70.003
2026-09-16 23:01:56,11,12,0,5670,15.347,70.102
2026-09-16 23:06:56,17,20,0,5503,15.261,70.225
2026-09-16 23:11:56,16,18,0,5405,15.192,69.79
2026-09-16 23:16:56,23,23,0,5541,15.09,70.684
2026-09-16 23:21:56,20,20,0,5771,15.008,70.238
2026-09-16 23:26:56,11,14,0,5502,14.944,68.849
2026-09-16 23:31:56,11,14,0,5738,14.858,69.37
2026-09-16 23:36:56,12,15,0,5354,14.783,69.364
2026-09-16 23:41:56,13,15,0,5750,14.703,68.533
2026-09-16 23:46:56,16,16,0,6006,14.615,68.218
2026-09-16 23:51:56,12,16,0,6111,14.519,68.17
2026-09-16 23:56:56,18,19,0,6188,14.444,68.308
2026-09-17 00:01:56,18,19,0,5969,14.332,68.979
2026-09-17 00:06:56,19,19,0,6046,14.204,69.036
2026-09-17 00:11:56,18,22,0,6005,14.105,70.087
2026-09-17 00:16:56,35,41,0,6185,13.998,70.12
2026-09-17 00:21:56,29,29,0,6372,13.929,70.762
2026-09-17 00:26:56,25,27,0,6067,13.87,70.39
2026-09-17 00:31:56,21,24,0,5942,13.779,70.616
2026-09-17 00:36:56,19,21,0,5888,13.713,71.455
2026-09-17 00:41:56,16,18,0,5823,13.643,71.199
2026-09-17 00:46:56,24,24,0,5837,13.611,72.628
2026-09-17 00:51:56,18,20,0,5694,13.595,72.573
2026-09-17 00:56:56,17,19,0,5939,13.547,72.487
2026-09-17 01:01:56,22,25,0,5933,13.512,73.503
2026-09-17 01:06:56,21,21,0,6075,13.47,73.194
2026-09-17 01:11:56,18,21,0,6350,13.443,73.335
2026-09-17 01:16:56,19,20,0,6347,13.395,72.506
2026-09-17 01:21:56,19,22,0,6142,13.368,72.323
2026-09-17 01:26:56,20,20,0,6068,13.312,72.74
2026-09-17 01:31:56,16,21,0,6008,13.285,71.739
2026-09-17 01:36:56,19,21,0,6008,13.194,72.46
2026-09-17 01:41:56,15,18,0,5999,13.141,71.813
2026-09-17 01:46:56,15,19,0,5826,13.056,70.587
2026-09-17 01:51:56,20,20,0,6084,12.957,70.165
2026-09-17 01:56:56,18,20,0,5997,12.898,69.082
2026-09-17 02:01:56,18,19,0,6056,12.781,69.475
2026-09-17 02:06:56,21,21,0,6097,12.711,70.059
2026-09-17 02:11:56,22,25,0,5970,12.663,70.917
2026-09-17 02:16:57,20,22,0,5959,12.591,70.074
2026-09-17 02:21:56,26,27,0,5868,12.516,70.583
2026-09-17 02:26:56,26,28,0,6171,12.447,71.661
2026-09-17 02:31:56,25,26,0,5927,12.409,71.354
2026-09-17 02:36:56,21,25,0,6073,12.337,71.663
2026-09-17 02:41:56,25,26,0,6038,12.332,72.542
2026-09-17 02:46:56,21,21,0,5845,12.289,71.64
2026-09-17 02:51:56,26,27,0,6125,12.236,72.298
2026-09-17 02:56:56,26,26,0,5917,12.198,72.517
2026-09-17 03:01:56,25,26,0,5805,12.174,72.698
2026-09-17 03:06:56,22,22,0,5835,12.201,73.635
2026-09-17 03:11:56,26,26,0,5871,12.335,73.889
2026-09-17 03:16:56,21,26,0,5874,12.5,74.524
2026-09-17 03:21:56,27,29,0,5697,12.676,74.604
2026-09-17 03:26:56,25,27,0,5744,12.85,73.438
2026-09-17 03:31:56,25,30,0,5787,12.962,72.267
2026-09-17 03:36:56,28,29,0,5841,13.042,72.079
2026-09-17 03:41:57,26,27,0,5741,13.138,72.233
2026-09-17 03:46:56,27,28,0,5680,13.24,72.298
2026-09-17 03:51:56,26,30,0,5666,13.323,72.576
2026-09-17 03:56:57,22,24,0,5843,13.392,73.215
2026-09-17 04:01:56,24,25,0,5711,13.472,73.162
2026-09-17 04:06:56,22,24,0,5764,13.616,73.059
2026-09-17 04:11:56,25,26,0,5622,13.718,72.969
2026-09-17 04:16:56,25,26,0,5888,13.806,72.906
2026-09-17 04:21:57,25,25,0,5737,13.881,73.641
2026-09-17 04:26:56,29,29,0,5677,13.966,73.297
2026-09-17 04:31:57,26,29,0,5821,14.057,73.168
2026-09-17 04:36:57,29,30,0,5764,14.153,73.168
2026-09-17 04:41:57,27,27,0,5842,14.236,73.116
2026-09-17 04:46:57,28,30,0,5801,14.332,68.567
2026-09-17 04:51:56,27,29,0,5894,14.343,73.307
2026-09-17 04:56:56,28,30,0,5911,14.412,73.898
2026-09-17 05:01:57,25,26,0,5778,14.428,73.088
2026-09-17 05:06:56,27,29,0,5810,14.506,72.807
2026-09-17 05:11:57,24,25,0,5861,14.554,72.281
2026-09-17 05:16:57,25,27,0,6032,14.591,72.925
2026-09-17 05:21:57,26,28,0,6067,14.607,72.038
2026-09-17 05:26:57,25,26,0,5915,14.58,71.907
2026-09-17 05:31:57,24,26,0,5893,14.524,72.485
2026-09-17 05:36:57,24,25,0,5967,14.514,72.254
2026-09-17 05:41:57,22,25,0,6019,14.482,72.693
2026-09-17 05:46:57,26,27,0,5902,14.514,72.887
2026-09-17 05:51:57,26,27,0,5964,14.567,72.632
2026-09-17 05:56:57,25,26,0,6100,14.639,71.861
2026-09-17 06:01:56,26,27,0,5984,14.639,71.932
2026-09-17 06:06:57,21,22,0,5986,14.602,71.8
2026-09-17 06:11:57,26,28,0,5997,14.602,72.164
2026-09-17 06:16:57,25,25,0,5985,14.57,72.073
2026-09-17 06:21:57,24,24,0,5977,14.562,72.363
2026-09-17 06:26:57,22,22,0,5890,14.562,73.118
2026-09-17 06:31:57,24,26,0,6001,14.626,72.424
2026-09-17 06:36:57,25,25,0,6014,14.636,72.265
2026-09-17 06:41:56,25,25,0,5995,14.636,72.098
2026-09-17 06:46:57,19,22,0,5762,14.607,72.017
2026-09-17 06:51:57,20,24,0,5834,14.559,72.323
2026-09-17 06:56:56,22,22,0,5967,14.532,72.607
2026-09-17 07:01:57,24,25,0,5896,14.538,72.529
2026-09-17 07:06:57,21,24,0,6079,14.516,72.41
2026-09-17 07:11:57,19,21,0,6030,14.476,72.147
2026-09-17 07:16:57,25,25,0,6030,14.439,72.889
2026-09-17 07:21:57,24,26,0,5938,14.434,72.483
2026-09-17 07:26:57,26,27,0,6048,14.412,72.079
2026-09-17 07:31:57,25,25,0,5942,14.375,72.471
2026-09-17 07:36:57,22,24,0,5869,14.377,72.561
2026-09-17 07:41:57,20,20,0,6010,14.409,72.073
2026-09-17 07:46:57,20,24,0,5987,14.383,72.822
2026-09-17 07:51:57,24,25,0,6130,14.404,72.462
2026-09-17 07:56:57,20,24,0,6039,14.377,72.809
2026-09-17 08:01:57,20,20,0,6165,14.375,73.688
2026-09-17 08:06:57,21,24,0,6172,14.369,73.313
2026-09-17 08:11:57,19,20,0,5971,14.364,73.625
2026-09-17 08:16:57,17,22,0,5807,14.295,73.503
2026-09-17 08:21:57,16,17,0,5686,14.225,73.524
2026-09-17 08:26:57,15,21,0,5754,14.207,73.299
2026-09-17 08:31:57,16,19,0,5787,14.223,75.353
2026-09-17 08:36:57,15,20,0,5605,14.345,76.279
2026-09-17 08:41:57,19,24,0,5745,14.468,76.626
2026-09-17 08:46:57,15,19,0,5646,14.607,75.558
2026-09-17 08:51:57,18,20,0,5815,14.765,75.518
2026-09-17 08:56:57,20,24,0,5707,14.855,75.481
2026-09-17 09:01:58,20,25,0,5812,14.968,74.936
2026-09-17 09:06:57,25,26,0,5883,15.09,73.658
2026-09-17 09:11:57,20,25,0,5848,15.184,74.114
2026-09-17 09:16:58,21,23,0,5689,15.28,72.025
2026-09-17 09:21:57,23,26,0,5801,15.296,72.155
2026-09-17 09:26:58,24,27,0,5656,15.339,73.423
2026-09-17 09:31:57,27,30,0,5697,15.454,73.496
2026-09-17 09:36:58,26,27,0,5834,15.544,73.25
2026-09-17 09:41:58,26,27,0,5732,15.603,72.376
2026-09-17 09:46:57,26,28,0,5940,15.721,73.616
2026-09-17 09:51:58,27,31,0,5836,15.908,72.592
2026-09-17 09:56:57,34,35,0,5954,16.022,74.014
2026-09-17 10:01:57,34,37,0,5846,16.177,73.093
2026-09-17 10:06:57,34,39,0,5872,16.247,71.777
2026-09-17 10:11:58,32,36,0,5894,16.3,72.676
2026-09-17 10:16:58,35,40,0,5916,16.439,73.48
2026-09-17 10:21:57,35,40,0,5788,16.532,71.958
2026-09-17 10:26:57,34,37,0,5695,16.58,71.775
2026-09-17 10:31:57,31,36,0,5629,16.73,72.113
2026-09-17 10:36:57,42,51,0,5647,16.783,71.779
2026-09-17 10:41:57,34,40,0,5499,16.88,70.026
2026-09-17 10:46:58,34,40,0,5537,16.909,70.539
2026-09-17 10:51:57,36,40,0,5447,16.941,68.628
2026-09-17 10:56:58,33,43,0,5381,16.984,70.926
2026-09-17 11:01:57,34,39,0,5669,17.005,70.989
2026-09-17 11:06:57,34,40,0,5671,17.037,71.384
2026-09-17 11:11:58,39,48,0,5613,17.163,71.775
2026-09-17 11:16:58,34,37,0,5242,17.269,69.904
2026-09-17 11:21:57,34,36,0,5273,17.387,71.176
2026-09-17 11:26:57,33,36,0,5220,17.531,70.791
2026-09-17 11:31:58,31,35,0,5397,17.568,72.035
2026-09-17 11:36:57,31,37,0,5540,17.614,71.424
2026-09-17 11:41:58,32,41,0,5515,17.646,72.14
2026-09-17 11:46:58,31,35,0,5312,17.747,73.158
2026-09-17 11:51:58,32,36,0,5171,17.902,69.881
2026-09-17 11:56:58,33,39,0,5307,18.076,68.422
2026-09-17 12:01:58,34,40,0,5195,18.236,68.22
2026-09-17 12:06:58,36,41,0,5203,18.252,69.301
2026-09-17 12:11:58,35,43,0,5333,18.183,70.31
2026-09-17 12:16:58,33,39,0,5458,18.156,68.222
2026-09-17 12:21:58,33,39,0,5380,18.153,70.175
2026-09-17 12:26:57,35,42,0,5378,18.127,71.012
2026-09-17 12:31:58,22,23,0,4261,18.062,68.865
2026-09-17 12:36:58,22,24,0,3832,18.057,67.178
2026-09-17 12:41:58,24,24,0,2987,17.913,69.837
2026-09-17 12:46:58,23,24,0,2844,17.964,71.571
2026-09-17 12:51:58,22,24,0,3320,18.284,71.434
2026-09-17 12:56:58,26,26,0,2951,18.738,70.772
2026-09-17 13:01:58,28,28,0,2587,19.117,69.332
2026-09-17 13:06:58,23,23,0,3346,19.358,66.801
2026-09-17 13:11:58,29,29,0,3122,19.51,67.945
2026-09-17 13:16:58,30,31,0,2688,19.697,65.612
2026-09-17 13:21:58,19,19,0,2436,19.761,62.595
2026-09-17 13:26:58,21,22,0,2184,19.836,64.68
2026-09-17 13:31:58,26,29,0,2271,19.98,68.853
2026-09-17 13:36:58,20,20,0,2024,20.143,63.545
2026-09-17 13:41:58,20,24,0,1640,20.185,65.735
2026-09-17 13:46:58,22,25,0,1262,20.33,67.423
2026-09-17 13:51:58,18,20,0,2256,20.404,65.41
2026-09-17 13:56:58,20,22,0,1971,20.517,63.841
2026-09-17 14:01:58,21,22,0,1526,20.653,67.304
2026-09-17 14:06:58,18,18,0,1060,20.85,60.335
2026-09-17 14:11:58,24,24,0,1170,21.219,63.646
2026-09-17 14:16:58,23,26,0,1065,21.534,60.091
2026-09-17 14:21:58,26,28,0,861,21.753,61.588
2026-09-17 14:26:58,20,23,0,982,21.654,60.558
2026-09-17 14:31:58,21,23,0,1400,21.472,60.814
2026-09-17 14:36:58,24,25,0,1753,21.366,62.105
2026-09-17 14:41:58,19,21,0,1421,21.424,62.711
2026-09-17 14:46:58,15,15,0,1699,21.451,59.753
2026-09-17 14:51:58,17,19,0,1489,21.513,63.305
2026-09-17 14:56:58,17,19,0,1326,21.651,60.136
2026-09-17 15:01:58,14,14,0,1443,21.929,59.604
2026-09-17 15:06:58,13,16,0,1699,22.025,58.355
2026-09-17 15:11:59,12,12,0,1575,22.02,57.22
2026-09-17 15:16:58,12,12,0,1641,21.969,58.042
2026-09-17 15:21:58,12,14,0,1142,21.964,57.144
2026-09-17 15:26:59,7,7,0,1385,21.975,57.523
2026-09-17 15:31:58,11,13,0,1282,21.91,56.812
2026-09-17 15:37:03,9,12,0,1018,21.9,57.842
2026-09-17 15:41:58,13,14,0,1353,21.897,57.172
2026-09-17 15:46:58,13,13,0,892,21.945,56.93
2026-09-17 15:51:59,15,16,0,827,21.996,57.067
2026-09-17 15:56:59,19,22,0,596,22.06,55.809
2026-09-17 16:01:58,18,19,0,845,22.215,57.437
2026-09-17 16:06:59,11,11,0,735,22.268,55.746
2026-09-17 16:11:58,8,9,0,823,22.226,55.416
2026-09-17 16:16:58,8,9,0,697,22.175,55.772
2026-09-17 16:21:59,11,11,0,1044,22.148,56.064
2026-09-17 16:26:58,10,10,0,984,22.196,56.091
2026-09-17 16:31:59,9,9,0,1150,22.132,56.285
2026-09-17 16:36:58,12,13,0,1252,22.169,56.051
2026-09-17 16:41:59,11,12,0,1777,22.124,55.824
2026-09-17 16:46:58,7,7,0,1427,22.06,56.282
2026-09-17 16:51:59,11,11,0,1207,21.948,56.272
2026-09-17 16:56:58,9,9,0,1289,21.9,55.946
2026-09-17 17:01:58,9,12,0,1544,21.82,56.73
2026-09-17 17:06:59,8,10,0,1382,21.737,56.48
2026-09-17 17:11:59,6,8,0,1273,21.55,57.506
2026-09-17 17:16:58,8,8,0,1137,21.422,57.401
2026-09-17 17:21:59,8,8,0,1214,21.32,57.962
2026-09-17 17:26:59,9,9,0,1178,21.219,57.838
2026-09-17 17:31:59,7,7,0,1168,21.088,57.911
2026-09-17 17:36:59,5,5,0,1502,20.901,58.914
2026-09-17 17:41:59,7,7,0,1994,20.741,60.659
2026-09-17 17:46:59,7,8,0,1485,20.618,59.978
2026-09-17 17:51:59,3,3,0,1526,20.5,60.356
2026-09-17 17:56:59,4,5,0,1418,20.402,59.736
2026-09-17 18:01:58,6,6,0,1731,20.332,60.642
2026-09-17 18:06:59,5,5,0,1095,20.279,60.176
2026-09-17 18:11:59,5,7,0,1717,20.241,61.02
2026-09-17 18:16:58,8,8,0,1584,20.167,60.796
2026-09-17 18:21:59,5,5,0,1182,20.073,61.002
2026-09-17 18:46:59,4,4,0,1795,19.52,62.122
2026-09-17 18:51:59,6,6,0,1919,19.43,62.591
2026-09-17 18:56:59,7,7,0,2093,19.318,63.366
2026-09-17 19:01:59,4,4,0,2338,19.237,63.43
2026-09-17 19:06:59,6,6,0,2562,19.205,63.097
2026-09-17 19:11:59,3,5,0,2728,19.155,63.602
2026-09-17 19:16:59,6,6,0,2728,19.059,63.854
2026-09-17 19:21:59,7,8,0,2777,18.984,64.064
2026-09-17 19:26:59,5,6,0,3636,18.909,64.377
2026-09-17 20:06:59,5,5,0,2777,18.37,65.611
2026-09-17 21:21:59,6,6,0,3597,18.009,67.732
2026-09-17 22:02:00,6,6,0,1671,17.793,67.816
2026-09-21 09:37:50,8,8,0,752,16.642,65.078
2026-09-21 09:42:14,11,12,0,733,16.685,65.334
2026-09-21 09:47:14,7,11,0,736,16.813,65.22
2026-09-21 09:52:14,11,12,0,812,17.096,65.012
2026-09-21 09:57:14,11,11,0,744,17.44,63.413
2026-09-21 10:02:14,12,14,0,711,17.852,62.984
2026-09-21 10:07:14,11,13,0,682,18.359,61.947
2026-09-21 10:12:14,11,12,0,680,18.968,59.112
2026-09-21 10:17:14,12,13,0,677,19.747,57.117
2026-09-21 10:22:14,7,7,0,611,20.84,54.595
2026-09-21 10:27:14,8,8,0,631,21.715,51.601
2026-09-21 10:32:14,7,8,0,593,22.239,49.581
2026-09-21 10:37:14,5,5,0,511,22.26,51.595
2026-09-21 10:42:14,7,7,0,601,22.666,51.267
2026-09-21 10:47:14,10,10,0,645,23.283,47.87
2026-09-21 10:52:14,7,7,0,710,23.951,48.164
2026-09-21 10:57:14,13,14,0,690,24.463,45.762
2026-09-21 11:02:14,13,18,0,692,25.147,46.672
2026-09-21 11:07:14,18,18,0,681,25.595,43.495
2026-09-21 11:12:14,20,23,0,682,25.919,43.248
2026-09-21 11:17:14,21,22,0,585,26.068,42.898
2026-09-21 11:22:16,19,19,0,623,26.292,42.18
2026-09-21 11:27:14,8,9,0,534,26.501,41.292
2026-09-21 11:32:14,11,13,0,473,27.144,41.318
2026-09-21 11:37:14,9,11,0,397,27.726,38.77
2026-09-21 11:42:14,8,8,0,398,28.244,38.051
2026-09-21 11:47:14,10,12,0,405,28.843,39.218
2026-09-21 11:52:14,8,8,0,346,29.019,37.406
2026-09-21 11:57:14,7,7,0,320,28.936,37.706
2026-09-21 12:02:14,4,4,0,319,29.128,37.795
2026-09-21 12:07:14,6,7,0,297,29.475,35.764
2026-09-21 12:12:14,6,6,0,280,29.732,36.243
2026-09-21 12:17:14,7,7,0,281,30.004,35.88
2026-09-21 12:22:14,4,5,0,251,30.525,34.684
2026-09-21 12:27:14,6,6,0,212,31.059,42.276
2026-09-21 12:32:14,6,6,0,180,31.257,33.515
2026-09-21 12:37:14,5,6,0,143,31.417,34.135
2026-09-21 12:42:14,3,3,0,115,31.31,32.96
2026-09-21 12:47:14,4,4,0,67,31.265,32.8
2026-09-21 12:52:14,4,5,0,44,31.158,37.225
2026-09-21 12:57:14,2,2,0,45,31.024,35.354
2026-09-21 13:02:14,3,3,0,77,31.158,33.361
2026-09-21 13:07:14,1,1,0,51,31.489,33.515
2026-09-21 13:12:14,3,4,0,35,32.09,40.983
2026-09-21 13:17:14,2,2,0,26,32.084,31.127
2026-09-21 13:22:14,1,1,0,9,32.1,30.351
2026-09-21 13:27:15,0,0,0,0,32.164,30.295
2026-09-21 13:32:15,0,0,0,0,32.453,38.753
2026-09-21 13:37:14,0,0,0,0,32.333,27.099
2026-09-21 13:42:14,0,0,0,0,32.359,30.784
2026-09-21 13:47:14,0,0,0,0,32.359,29.685
2026-09-21 13:52:15,0,0,0,0,32.568,29.258
2026-09-21 13:57:14,0,0,0,0,32.904,36.775
2026-09-21 14:02:14,0,0,0,0,32.955,28.346
2026-09-21 14:07:15,0,0,0,0,33.222,36.792
2026-09-21 14:12:14,0,0,0,0,33.302,27.948
2026-09-21 14:17:15,0,0,0,0,33.307,28.323
2026-09-21 14:22:14,0,0,0,0,33.516,28.367
2026-09-21 14:27:15,0,0,0,0,33.657,31.39
2026-09-21 14:32:15,0,0,0,0,33.62,31.114
2026-09-21 14:37:14,0,0,0,0,33.598,27.631
2026-09-21 14:42:15,0,0,0,0,33.652,28.854
2026-09-21 14:47:15,0,0,0,0,33.47,29.245
2026-09-21 14:52:15,0,0,0,0,33.601,30.126
2026-09-21 14:57:15,0,0,0,0,33.761,28.504
2026-09-21 15:02:15,0,0,0,0,33.911,29.8
2026-09-21 15:07:15,0,0,0,0,33.895,28.182
2026-09-21 15:12:15,0,0,0,0,33.986,27.7
2026-09-21 15:17:15,0,0,0,0,34.058,25.748
2026-09-21 15:22:15,0,0,0,0,34.111,32.491
2026-09-21 15:27:15,0,0,0,0,33.844,27.169
2026-09-21 15:32:15,0,0,0,0,33.508,26.038
2026-09-21 15:37:15,0,0,0,0,33.7,29.18
2026-09-21 15:42:14,0,0,0,0,33.815,26.902
2026-09-21 15:47:15,0,0,0,0,33.906,28.037
2026-09-21 15:52:15,0,0,0,0,34.023,26.645
2026-09-21 15:57:15,0,0,0,0,34.076,25.184
2026-09-21 16:02:15,0,0,0,0,34.103,25.971
2026-09-21 16:07:15,0,0,0,0,33.978,26.658
2026-09-21 16:12:15,0,0,0,0,33.732,30.973
2026-09-21 16:17:15,0,0,0,0,33.396,31.491
2026-09-21 16:22:15,0,0,0,0,33.091,29.128
2026-09-21 16:27:15,0,0,0,0,32.776,28.186
2026-09-21 16:32:15,0,0,0,0,32.346,29.954
2026-09-21 16:37:15,0,0,0,0,32.036,27.537
2026-09-21 16:42:15,0,0,0,0,31.956,28.03
2026-09-21 16:47:15,0,0,0,0,31.769,27.742
2026-09-21 16:52:15,0,0,0,0,31.769,27.64
2026-09-21 16:57:15,0,0,0,0,31.67,33.79
2026-09-21 17:02:15,0,0,0,0,31.409,30.671
2026-09-21 17:07:15,0,0,0,0,31.126,32.153
2026-09-21 17:12:15,0,0,0,0,30.912,31.257
2026-09-21 17:17:15,0,0,0,0,30.469,31.768
2026-09-21 17:22:15,0,0,0,0,29.986,32.537
2026-09-21 17:27:15,0,0,0,0,29.441,33.49
2026-09-21 17:32:15,0,0,0,0,28.939,36.477
2026-09-21 17:37:15,0,0,0,0,28.907,35.623
2026-09-21 17:42:15,0,0,0,0,28.736,33.298
2026-09-21 17:47:15,0,0,0,0,28.781,32.84
2026-09-21 17:52:16,0,0,0,0,28.45,33.797
2026-09-21 17:57:15,0,0,0,0,27.879,34.505
2026-09-21 18:02:16,0,0,0,0,27.238,36.573
2026-09-21 18:07:15,0,0,0,0,26.575,35.533
2026-09-21 18:12:16,0,0,0,0,26.017,36.552
2026-09-21 18:17:16,0,0,0,0,25.553,36.92
2026-09-21 18:22:16,0,0,0,0,25.238,37.366
2026-09-21 18:27:15,0,0,0,0,24.944,37.626
2026-09-21 18:32:16,0,0,0,0,24.672,37.786
2026-09-21 18:37:16,0,0,0,36,24.29,39.338
2026-09-21 18:42:15,0,0,0,48,23.927,39.129
2026-09-21 18:47:16,0,0,0,15,23.622,39.621
2026-09-21 18:52:15,0,0,0,28,23.302,39.865
2026-09-21 18:57:15,0,0,0,35,23.003,40.542
2026-09-21 19:02:15,0,0,0,48,22.781,41.354
2026-09-21 19:07:16,0,0,0,182,22.557,41.612
2026-09-21 19:12:16,0,0,0,214,22.359,42.14
2026-09-21 19:17:16,0,0,0,218,22.236,42.283
2026-09-21 19:22:16,0,0,0,147,22.119,42.718
2026-09-21 19:27:15,0,0,0,63,22.044,43.252
2026-09-21 19:32:16,0,0,0,99,21.916,42.959
2026-09-21 19:37:19,0,0,0,128,21.756,43.166
2026-09-21 19:42:16,0,0,0,164,21.577,43.506
2026-09-21 19:47:16,0,0,0,88,21.347,43.758
2026-09-21 19:52:16,0,0,0,79,21.123,43.71
2026-09-21 19:57:22,0,0,0,302,20.922,44.574
2026-09-21 20:02:15,0,0,0,262,20.698,44.788
2026-09-21 20:07:16,0,0,0,131,20.509,45.131
2026-09-21 20:12:15,0,0,0,152,20.284,45.421
2026-09-21 20:17:28,0,0,0,331,20.065,46.193
2026-09-21 20:22:16,0,0,0,334,19.838,46.701
2026-09-21 20:27:16,0,0,0,146,19.622,46.527
2026-09-21 20:32:16,0,0,0,187,19.435,47.172
2026-09-21 20:37:16,0,0,0,300,19.269,47.668
2026-09-21 20:42:24,0,0,0,501,19.104,47.99
2026-09-21 20:47:16,0,0,0,320,18.928,48.501
2026-09-21 20:52:16,0,0,0,342,18.773,48.871
2026-09-21 20:57:16,0,0,0,277,18.575,49.358
2026-09-21 21:02:16,0,0,0,168,18.378,49.77
2026-09-21 21:07:16,0,0,0,137,18.209,50.603
2026-09-21 21:12:16,0,0,0,128,18.038,51.126
2026-09-21 21:17:16,0,0,0,99,17.862,51.456
2026-09-21 21:22:16,0,0,0,105,17.723,51.918
2026-09-21 21:27:16,0,0,0,62,17.536,52.566
2026-09-21 21:32:16,0,0,0,162,17.422,53.155
2026-09-21 21:37:16,0,0,0,52,17.309,53.421
2026-09-21 21:42:16,0,0,0,92,17.224,53.92
2026-09-21 21:47:16,0,0,0,61,17.149,54.206
2026-09-21 21:52:16,0,0,0,78,17.074,54.573
2026-09-21 21:57:16,0,0,0,135,16.97,54.521
2026-09-21 22:02:16,0,0,0,200,16.896,49.575
2026-09-21 22:07:16,1,1,0,239,16.773,54.63
2026-09-21 22:12:16,0,0,0,565,16.671,55.776
2026-09-21 22:16:25,1,2,0,658,15.905,59.282
2026-09-21 22:21:25,0,0,0,596,16.476,56.362
2026-09-21 22:26:25,0,1,0,778,16.391,56.648
2026-09-21 22:31:25,0,0,0,713,16.335,55.553
2026-09-21 22:36:25,0,0,0,663,16.249,57.462
2026-09-21 22:41:25,0,1,0,498,16.143,57.981
2026-09-21 22:46:25,0,0,0,468,16.036,58.38
2026-09-21 22:51:25,0,0,0,693,15.977,58.401
2026-09-21 22:56:25,1,1,0,761,15.835,55.833
2026-09-21 23:01:25,0,1,0,782,15.606,58.338
2026-09-21 23:06:25,0,0,0,758,15.451,56.69
2026-09-21 23:11:25,0,0,0,757,15.248,59.021
2026-09-21 23:16:25,0,1,0,740,15.104,60.388
2026-09-21 23:21:25,1,1,0,825,15.048,60.875
2026-09-21 23:26:25,3,4,0,856,15.037,60.987
2026-09-21 23:31:25,0,0,0,851,14.994,60.941
2026-09-21 23:36:25,0,0,0,960,14.946,61.475
2026-09-21 23:41:25,0,0,0,841,14.861,61.424
2026-09-21 23:46:25,0,0,0,738,14.773,61.004
2026-09-21 23:51:25,0,0,0,736,14.634,61.618
2026-09-21 23:56:25,0,0,0,810,14.474,61.95
2026-09-22 00:01:25,1,1,0,799,14.319,61.969
2026-09-22 00:06:25,0,0,0,728,14.223,61.865
2026-09-22 00:11:25,1,1,0,780,14.108,62.486
2026-09-22 00:16:25,1,1,0,807,14.012,62.561
2026-09-22 00:21:25,2,3,0,781,13.948,61.18
2026-09-22 00:26:25,0,0,0,721,13.857,62.971
2026-09-22 00:31:26,0,0,0,698,13.761,63.118
2026-09-22 00:36:25,1,1,0,737,13.635,63.675
2026-09-22 00:41:26,0,0,0,726,13.56,64.184
2026-09-22 00:46:25,0,0,0,808,13.512,60.23
2026-09-22 00:51:26,3,3,0,866,13.459,55.805
2026-09-22 00:56:25,4,4,0,833,13.47,57.186
2026-09-22 01:01:26,7,7,0,781,13.435,65.799
2026-09-22 01:06:25,4,4,0,795,13.424,65.675
2026-09-22 01:11:26,4,4,0,735,13.424,65.441
2026-09-22 01:16:26,4,4,0,873,13.387,65.988
2026-09-22 01:21:25,5,5,0,722,13.333,64.79
2026-09-22 01:26:26,4,5,0,681,13.245,64.678
2026-09-22 01:31:26,2,4,0,670,13.069,64.756
2026-09-22 01:36:26,2,2,0,710,12.845,66.192
2026-09-22 01:41:26,3,3,0,674,12.727,65.864
2026-09-22 01:46:26,1,1,0,639,12.615,65.015
2026-09-22 01:51:26,1,2,0,664,12.543,64.733
2026-09-22 01:56:25,1,2,0,651,12.436,64.743
2026-09-22 02:01:26,1,1,0,623,12.329,65.193
2026-09-22 02:06:25,1,1,0,666,12.212,56.72
2026-09-22 02:11:26,1,1,0,653,12.089,66.982
2026-09-22 02:16:26,1,1,0,684,12.012,67.03
2026-09-22 02:21:26,0,0,0,711,11.942,68.195
2026-09-22 02:26:26,2,2,0,690,11.985,68.271
2026-09-22 02:31:26,1,1,0,664,12.012,67.398
2026-09-22 02:36:26,2,2,0,628,11.926,67.142
2026-09-22 02:41:26,2,3,0,609,11.849,67.423
2026-09-22 02:46:26,1,1,0,621,11.785,67.144
2026-09-22 02:51:26,1,1,0,585,11.736,66.969
2026-09-22 02:56:26,1,1,0,623,11.624,67.4
2026-09-22 03:01:26,3,3,0,617,11.608,67.56
2026-09-22 03:06:26,1,2,0,634,11.558,57.909
2026-09-22 03:11:26,1,1,0,581,11.467,66.908
2026-09-22 03:16:26,2,3,0,665,11.429,68.256
2026-09-22 03:21:26,1,1,0,679,11.44,68.636
2026-09-22 03:26:26,2,2,0,682,11.493,68.058
2026-09-22 03:31:26,1,1,0,687,11.534,67.837
2026-09-22 03:36:26,1,2,0,700,11.523,68.09
2026-09-22 03:41:26,1,1,0,581,11.507,67.943
2026-09-22 03:46:26,0,0,0,695,11.518,68.456
2026-09-22 03:51:26,0,1,0,580,11.496,67.575
2026-09-22 03:56:26,0,0,0,588,11.419,67.821
2026-09-22 04:01:26,2,3,0,631,11.349,67.941
2026-09-22 04:06:26,2,2,0,560,11.275,68.018
2026-09-22 04:11:26,1,1,0,584,11.173,68.128
2026-09-22 04:16:26,0,1,0,587,11.093,68.166
2026-09-22 04:21:26,0,0,0,546,11.032,67.444
2026-09-22 04:26:26,0,1,0,542,10.935,68.069
2026-09-22 04:31:26,0,0,0,555,10.829,68.008
2026-09-22 04:36:26,0,0,0,571,10.759,68.567
2026-09-22 04:41:26,2,2,0,566,10.711,68.844
2026-09-22 04:46:26,0,1,0,532,10.655,68.037
2026-09-22 04:51:26,0,0,0,584,10.58,68.689
2026-09-22 04:56:26,1,1,0,560,10.532,68.207
2026-09-22 05:01:26,0,0,0,569,10.457,66.707
2026-09-22 05:06:26,1,1,0,554,10.319,68.75
2026-09-22 05:11:26,0,0,0,573,10.273,69.528
2026-09-22 05:16:26,1,1,0,647,10.257,62.835
2026-09-22 05:21:26,0,0,0,587,10.252,69.401
2026-09-22 05:26:27,0,1,0,624,10.225,70.577
2026-09-22 05:31:26,2,2,0,691,10.257,70.61
2026-09-22 05:36:26,2,3,0,632,10.265,69.349
2026-09-22 05:41:27,0,0,0,590,10.265,69.189
2026-09-22 05:46:26,2,2,0,592,10.265,69.593
2026-09-22 05:51:27,1,1,0,533,10.228,67.123
2026-09-22 05:56:27,0,1,0,664,10.153,69.612
2026-09-22 06:01:26,1,1,0,669,10.092,70.194
2026-09-22 06:06:27,2,2,0,647,10.113,70.387
2026-09-22 06:11:26,1,1,0,709,10.124,70.535
2026-09-22 06:16:26,1,1,0,674,10.14,69.917
2026-09-22 06:21:26,1,1,0,606,10.113,69.267
2026-09-22 06:26:26,0,0,0,529,10.019,68.355
2026-09-22 06:31:27,1,1,0,509,9.918,68.491
2026-09-22 06:36:26,0,1,0,577,9.838,60.594
2026-09-22 06:41:27,1,1,0,567,9.683,68.083
2026-09-22 06:46:26,1,1,0,596,9.619,69.834
2026-09-22 06:51:27,2,2,0,679,9.584,70.505
2026-09-22 06:56:27,1,1,0,640,9.584,70.757
2026-09-22 07:01:27,1,1,0,704,9.574,68.723
2026-09-22 07:06:27,2,2,0,720,9.547,70.366
2026-09-22 07:11:27,1,2,0,692,9.525,70.425
2026-09-22 07:16:27,2,2,0,787,9.56,70.387
2026-09-22 07:21:26,1,1,0,736,9.544,70.463
2026-09-22 07:26:27,1,4,0,811,9.528,69.994
2026-09-22 07:31:27,2,2,0,925,9.523,70.497
2026-09-22 07:36:27,3,3,0,906,9.533,71.146
2026-09-22 07:41:27,3,3,0,1047,9.584,70.827
2026-09-22 07:46:26,6,6,0,1241,9.6,71.316
2026-09-22 07:51:27,5,5,0,1250,9.632,71.178
2026-09-22 07:56:27,3,3,0,913,9.696,70.137
2026-09-22 08:01:27,7,7,0,882,9.718,69.944
2026-09-22 08:06:27,6,6,0,803,9.742,70.572
2026-09-22 08:11:27,28,29,0,836,9.763,70.469
2026-09-22 08:16:27,30,31,0,842,9.843,71.026
2026-09-22 08:21:27,15,19,0,832,9.971,72.054
2026-09-22 08:26:27,5,5,0,753,10.126,72.662
2026-09-22 08:31:27,7,7,0,786,10.273,73.196
2026-09-22 08:36:27,7,8,0,972,10.476,67.575
2026-09-22 08:41:27,7,7,0,889,10.722,71.855
2026-09-22 08:46:27,8,8,0,882,10.978,72.079
2026-09-22 08:51:27,8,8,0,867,11.245,71.77
2026-09-22 08:56:27,3,3,0,831,11.531,71.323
2026-09-22 09:01:27,4,4,0,831,11.841,71.396
2026-09-22 09:06:27,3,4,0,870,12.134,70.938
2026-09-22 09:11:27,6,9,0,909,12.556,69.578
2026-09-22 09:16:27,6,8,0,1010,12.866,64.159
2026-09-22 09:21:27,4,5,0,889,13.21,65.04
2026-09-22 09:26:27,6,6,0,973,13.483,62.385
2026-09-22 09:31:27,7,8,0,921,13.787,63.898
2026-09-22 09:36:27,5,5,0,878,14.166,65.954
2026-09-22 09:41:27,5,5,0,885,14.578,65.275
2026-09-22 09:46:27,5,6,0,938,14.938,61.22
2026-09-22 09:51:27,6,6,0,969,15.312,63.766
2026-09-22 09:56:27,8,8,0,977,15.83,62.427
2026-09-22 10:01:27,4,6,0,948,16.797,60.346
2026-09-22 10:06:27,7,7,0,907,18.169,56.219
2026-09-22 10:11:27,5,5,0,784,19.395,53.474
2026-09-22 10:16:27,5,5,0,764,20.5,52.211
2026-09-22 10:21:27,6,7,0,821,21.27,49.318
2026-09-22 10:26:27,3,3,0,753,22.21,49.896
2026-09-22 10:31:27,2,3,0,751,23.144,46.081
2026-09-22 10:36:27,2,2,0,698,24.055,43.065
2026-09-22 10:41:28,4,4,0,672,24.658,45.101
2026-09-22 10:46:28,3,3,0,771,25.182,40.817
2026-09-22 10:51:27,5,5,0,730,25.838,40.002
2026-09-22 10:56:27,2,3,0,661,26.64,37.973
2026-09-22 11:01:28,3,3,0,622,27.16,36.725
2026-09-22 11:06:27,3,3,0,596,27.7,35.955
2026-09-22 11:11:27,2,3,0,607,28.431,35.329
2026-09-22 11:16:27,2,2,0,450,28.736,34.671
2026-09-22 11:21:28,1,1,0,411,29.03,34.198
2026-09-22 11:26:27,3,4,0,319,29.358,31.968
2026-09-22 11:31:27,2,2,0,386,29.705,33.025
2026-09-22 11:36:27,4,4,0,415,30.106,32.027
2026-09-22 11:41:28,2,3,0,424,30.624,32.777
2026-09-22 11:46:27,4,5,0,485,31.195,31.751
2026-09-22 11:51:28,5,5,0,426,31.668,37.477
2026-09-22 11:56:27,5,6,0,359,31.881,33.118
2026-09-22 12:01:28,3,3,0,363,32.068,32.346
2026-09-22 12:06:28,2,2,0,270,32.255,29.431
2026-09-22 12:10:59,5,5,0,369,31.831,31.652
2026-09-22 12:15:59,3,3,0,247,32.853,30.234
2026-09-22 12:20:59,3,3,0,156,33.201,28.909
2026-09-22 12:25:59,4,4,0,129,33.665,28.506
2026-09-22 12:30:59,4,5,0,56,33.796,29.389
2026-09-22 12:35:59,5,5,0,31,33.898,26.815
2026-09-22 12:40:59,3,4,0,46,34.266,27.371
2026-09-22 12:45:59,0,0,0,30,34.261,26.179
2026-09-22 12:50:59,1,1,0,24,34.282,27.448
2026-09-22 12:55:59,0,1,0,24,34.434,26.776
2026-09-22 13:00:59,0,0,0,41,34.333,27.049
2026-09-22 13:05:59,0,0,0,40,34.493,26.412
2026-09-22 13:10:59,0,1,0,29,34.771,25.451
2026-09-22 13:15:59,0,0,0,0,35.048,29.916
2026-09-22 13:20:59,0,0,0,0,35.227,24.772
2026-09-22 13:25:59,0,0,0,0,35.42,23.938
2026-09-22 13:30:59,0,0,0,0,35.66,26.378
2026-09-22 13:36:00,0,0,0,0,35.777,22.679
2026-09-22 13:41:00,0,0,0,0,35.943,23.433
2026-09-22 13:45:59,0,0,0,0,36.32,24.282
2026-09-22 13:50:59,1,1,0,0,36.656,24.049
2026-09-22 13:55:59,0,0,0,0,36.768,24.76
2026-09-22 14:01:00,1,1,0,23,37.057,24.514
2026-09-22 14:05:59,0,0,0,0,37.249,22.985
2026-09-22 14:10:59,0,0,0,0,37.15,22.275
2026-09-22 14:15:59,0,0,0,0,37.267,28.27
2026-09-22 14:21:00,0,0,0,0,37.102,28.512
2026-09-22 14:25:59,0,0,0,0,36.904,27.948
2026-09-22 14:31:00,0,0,0,0,37.038,32.607
2026-09-22 14:36:00,1,1,0,0,36.95,26.79
2026-09-22 14:41:00,0,0,0,0,36.998,26.952
2026-09-22 14:45:59,0,0,0,0,37.105,27.114
2026-09-22 14:51:00,1,2,0,0,37.179,33.389
2026-09-22 14:56:00,0,0,0,0,36.976,26.132
2026-09-22 15:01:00,0,0,0,0,36.904,25.373
2026-09-22 15:06:00,0,1,0,0,36.664,25.596
2026-09-22 15:11:00,1,2,0,0,36.413,28.077
2026-09-22 15:16:00,0,0,0,0,36.183,33.891
2026-09-22 15:21:00,0,0,0,129,36.055,30.763
2026-09-22 15:26:00,1,1,0,0,35.983,29.38
2026-09-22 15:31:00,0,0,0,41,35.914,33.631
2026-09-22 15:36:00,0,0,0,84,35.732,28.928
2026-09-22 15:41:00,0,0,0,102,35.727,30.687
2026-09-22 15:46:00,0,0,0,354,35.657,28.857
2026-09-22 15:51:00,0,0,0,370,35.5,29.166
2026-09-22 15:55:59,0,0,0,190,35.307,30.662
2026-09-22 16:01:00,0,0,0,190,35.259,34.473
2026-09-22 16:06:00,0,0,0,84,35.03,29.298
