fecha,mp25_ugm3,mp10_ugm3,so2_ppb,cov_ppb,temperatura_c,humedad_pct
2026-06-01 15:40:03,34,44,0,4381,22.036,45.038
2026-06-01 15:45:03,34,41,0,326,22.947,40.868
2026-06-01 15:50:03,35,39,0,158,22.856,41.036
2026-06-01 15:55:03,33,38,0,110,22.794,40.963
2026-06-01 16:00:03,33,39,0,88,22.762,41.087
2026-06-01 16:05:03,32,37,0,76,22.845,41.082
2026-06-01 16:10:03,29,32,0,48,23.168,39.979
2026-06-01 16:15:03,25,27,0,46,23.35,40.309
2026-06-01 16:20:03,32,39,0,49,23.344,40.145
2026-06-01 16:25:03,27,29,0,35,23.136,40.403
2026-06-01 16:30:03,19,21,0,32,22.832,40.809
2026-06-01 16:35:03,27,30,0,26,22.402,41.332
2026-06-01 16:40:03,16,17,0,9,21.958,42.238
2026-06-01 16:45:03,13,16,0,14,21.606,42.646
2026-06-01 16:50:03,15,16,0,19,21.173,43.538
2026-06-01 16:55:03,7,11,0,11,20.666,44.708
2026-06-01 17:00:03,12,14,0,17,20.322,45.568
2026-06-01 17:05:03,14,18,0,14,19.964,46.159
2026-06-01 17:10:04,13,17,0,7,19.563,46.968
2026-06-01 17:15:03,24,26,0,42,19.28,47.315
2026-06-01 17:20:04,23,23,0,30,18.992,48.557
2026-06-01 17:25:03,22,22,0,60,18.695,49.327
2026-06-01 17:30:04,18,19,0,49,18.407,50.029
2026-06-01 17:35:03,8,13,0,35,18.092,51.12
2026-06-01 17:40:03,9,9,0,16,17.761,52.181
2026-06-01 17:45:03,11,13,0,36,17.595,51.553
2026-06-01 17:50:04,17,19,0,43,17.341,51.307
2026-06-01 17:55:03,17,18,0,24,17.16,53.756
2026-06-01 18:00:03,16,18,0,17,17.074,53.834
2026-06-01 18:05:03,12,16,0,21,16.909,54.353
2026-06-01 18:10:03,15,16,0,19,16.85,54.578
2026-06-01 18:15:03,12,15,0,29,16.73,55.08
2026-06-01 18:20:03,18,22,0,43,16.719,55.154
2026-06-01 18:25:03,14,18,0,48,16.623,55.435
2026-06-01 18:30:04,14,17,0,23,16.516,55.486
2026-06-01 18:35:03,19,20,0,45,16.42,55.269
2026-06-01 18:40:03,23,23,0,39,16.353,55.505
2026-06-01 18:45:03,19,23,0,26,16.332,55.917
2026-06-01 18:50:03,19,19,0,45,16.263,55.797
2026-06-01 18:55:03,19,20,0,69,16.215,56.297
2026-06-01 19:00:03,20,23,0,71,16.118,56.074
2026-06-01 19:05:04,20,21,0,52,16.068,56.766
2026-06-01 19:10:03,19,20,0,64,15.993,56.757
2026-06-01 19:15:03,22,23,0,50,15.945,56.766
2026-06-01 19:20:03,19,23,0,59,15.865,56.903
2026-06-01 19:25:04,28,30,0,90,15.785,57.399
2026-06-01 19:30:03,36,39,0,100,15.729,57.518
2026-06-01 19:35:03,30,32,0,89,15.632,57.777
2026-06-01 19:40:04,25,26,0,89,15.563,58.429
2026-06-01 19:45:04,27,28,0,96,15.478,58.38
2026-06-01 19:50:04,23,27,0,97,15.403,58.494
2026-06-01 19:55:03,23,25,0,103,15.363,58.879
2026-06-01 20:00:03,26,28,0,95,15.325,59.23
2026-06-01 20:05:04,22,24,0,82,15.325,59.215
2026-06-01 20:10:03,25,26,0,132,15.341,50.516
2026-06-01 20:15:04,35,40,0,166,15.272,52.394
2026-06-01 20:20:04,37,47,0,149,15.066,53.751
2026-06-01 20:25:04,42,51,0,155,14.933,54.187
2026-06-01 20:30:03,41,48,0,158,14.858,55.072
2026-06-01 20:35:04,39,47,0,164,14.805,54.536
2026-06-01 20:40:03,41,48,0,147,14.789,54.531
2026-06-01 20:45:04,42,50,0,137,14.717,58.576
2026-06-01 20:50:03,38,45,0,115,14.743,58.498
2026-06-01 20:55:04,42,51,0,149,14.807,60.56
2026-06-01 21:00:03,46,58,0,179,14.893,60.31
2026-06-01 21:05:04,49,60,0,205,14.973,57.018
2026-06-01 21:10:03,52,65,0,230,14.96,59.452
2026-06-01 21:15:04,54,67,0,217,14.89,60.07
2026-06-01 21:20:03,54,69,0,249,14.831,60.144
2026-06-01 21:25:04,54,68,0,237,14.778,60.314
2026-06-01 21:30:03,53,68,0,236,14.73,60.371
2026-06-01 21:35:04,51,64,0,208,14.674,59.867
2026-06-01 21:40:04,41,50,0,138,14.524,60.751
2026-06-01 21:45:04,39,49,0,127,14.321,60.579
2026-06-01 21:50:04,38,44,0,123,14.199,61.275
2026-06-01 21:55:04,40,49,0,139,14.076,61.414
2026-06-01 22:00:04,38,42,0,108,14.03,61.857
2026-06-01 22:05:04,37,46,0,110,13.998,61.006
2026-06-01 22:10:04,39,45,0,93,13.923,62.214
2026-06-01 22:15:04,38,44,0,87,13.849,62.549
2026-06-01 22:20:04,38,41,0,92,13.795,62.734
2026-06-01 22:25:04,37,41,0,89,13.766,62.896
2026-06-01 22:30:04,34,39,0,95,13.75,62.967
2026-06-01 22:35:04,34,40,0,90,13.761,62.713
2026-06-01 22:40:04,35,40,0,94,13.713,62.608
2026-06-01 22:45:04,36,40,0,96,13.638,63.078
2026-06-01 22:50:04,35,42,0,89,13.587,62.652
2026-06-01 22:55:04,36,41,0,106,13.523,64.285
2026-06-01 23:00:04,36,43,0,106,13.496,61.288
2026-06-01 23:05:04,43,53,0,138,13.443,63.957
2026-06-01 23:10:04,42,49,0,135,13.384,63.404
2026-06-01 23:15:04,45,54,0,128,13.28,63.697
2026-06-01 23:20:04,43,49,0,122,13.21,63.715
2026-06-01 23:25:04,45,55,0,139,13.13,64.184
2026-06-01 23:30:04,43,53,0,177,13.045,62.441
2026-06-01 23:35:04,42,51,0,166,12.959,57.403
2026-06-01 23:40:04,42,50,0,155,12.802,64.655
2026-06-01 23:45:04,44,54,0,162,12.695,64.893
2026-06-01 23:50:05,44,56,0,189,12.62,64.781
2026-06-01 23:55:04,35,42,0,97,12.46,65.485
2026-06-02 00:00:04,36,37,0,82,12.252,66.282
2026-06-02 00:05:04,33,38,0,73,12.169,65.775
2026-06-02 00:10:04,32,33,0,69,12.078,65.771
2026-06-02 00:15:04,30,33,0,68,12.014,65.977
2026-06-02 00:20:04,29,31,0,75,11.987,66.028
2026-06-02 00:25:04,30,32,0,74,12.009,66.042
2026-06-02 00:30:04,33,34,0,71,12.001,65.511
2026-06-02 00:35:05,32,33,0,99,11.985,59.534
2026-06-02 00:40:04,33,36,0,156,11.878,65.921
2026-06-02 00:45:04,33,36,0,164,11.782,65.284
2026-06-02 00:50:05,32,39,0,139,11.744,64.924
2026-06-02 00:55:04,33,39,0,127,11.582,65.099
2026-06-02 01:00:04,36,40,0,118,11.421,65.992
2026-06-02 01:05:04,32,34,0,89,11.261,65.998
2026-06-02 01:10:05,34,37,0,81,11.09,66.084
2026-06-02 01:15:04,34,38,0,76,10.946,66.074
2026-06-02 01:20:05,36,43,0,74,10.821,66.143
2026-06-02 01:25:05,36,40,0,91,10.724,66.061
2026-06-02 01:30:04,37,42,0,84,10.575,65.883
2026-06-02 01:35:05,38,44,0,86,10.425,67.255
2026-06-02 01:40:05,37,41,0,84,10.303,67.442
2026-06-02 01:45:05,37,38,0,89,10.177,64.539
2026-06-02 01:50:05,37,43,0,77,9.985,66.488
2026-06-02 01:55:05,37,42,0,93,9.825,66.517
2026-06-02 02:00:05,37,43,0,118,9.712,68.43
2026-06-02 02:05:05,38,43,0,134,9.616,62.704
2026-06-02 02:10:04,37,41,0,103,9.533,68.424
2026-06-02 02:15:04,42,48,0,115,9.443,68.891
2026-06-02 02:20:05,41,47,0,140,9.379,68.924
2026-06-02 02:25:04,41,49,0,107,9.341,65.895
2026-06-02 02:30:05,46,54,0,116,9.208,67.171
2026-06-02 02:35:05,43,51,0,126,9.088,67.241
2026-06-02 02:40:05,45,57,0,161,9.002,69.292
2026-06-02 02:45:05,44,56,0,149,8.954,69.509
2026-06-02 02:50:05,42,50,0,135,8.885,69.885
2026-06-02 02:55:05,45,54,0,144,8.885,69.895
2026-06-02 03:00:05,46,55,0,130,8.855,69.187
2026-06-02 03:05:05,45,54,0,119,8.802,67.84
2026-06-02 03:10:05,44,54,0,121,8.738,67.369
2026-06-02 03:15:05,43,54,0,99,8.599,67.92
2026-06-02 03:20:05,42,48,0,100,8.455,63.78
2026-06-02 03:25:05,42,49,0,86,8.27,68.199
2026-06-02 03:30:05,42,51,0,107,8.174,67.711
2026-06-02 03:35:05,43,51,0,95,8.116,68.359
2026-06-02 03:40:05,41,45,0,94,8.041,68.237
2026-06-02 03:45:05,44,52,0,101,7.966,69.65
2026-06-02 03:50:05,43,53,0,116,7.979,69.326
2026-06-02 03:55:05,40,46,0,124,7.953,58.654
2026-06-02 04:00:04,43,50,0,121,7.921,61.51
2026-06-02 04:05:05,44,50,0,114,7.873,68.472
2026-06-02 04:10:04,44,52,0,100,7.835,69.093
2026-06-02 04:15:05,40,46,0,95,7.779,68.926
2026-06-02 04:20:05,40,49,0,97,7.742,70.005
2026-06-02 04:25:05,40,49,0,91,7.736,70.163
2026-06-02 04:30:05,40,47,0,97,7.726,69.652
2026-06-02 04:35:05,39,46,0,104,7.694,65.414
2026-06-02 04:40:05,40,48,0,112,7.627,58.412
2026-06-02 04:45:05,51,60,0,104,7.638,71.256
2026-06-02 04:50:05,44,53,0,99,7.664,72.092
2026-06-02 04:55:05,43,55,0,91,7.776,72.296
2026-06-02 05:00:05,44,56,0,91,7.84,72.353
2026-06-02 05:05:05,42,49,0,79,7.875,69.45
2026-06-02 05:10:05,43,52,0,90,7.822,69.525
2026-06-02 05:15:05,43,50,0,99,7.784,70.074
2026-06-02 05:20:05,42,54,0,94,7.768,70.976
2026-06-02 05:25:05,42,54,0,101,7.752,70.883
2026-06-02 05:30:05,43,50,0,84,7.723,70.177
2026-06-02 05:35:05,42,52,0,95,7.702,70.173
2026-06-02 05:40:05,44,52,0,80,7.664,67.486
2026-06-02 05:45:05,43,49,0,92,7.568,67.798
2026-06-02 05:50:05,39,45,0,93,7.493,69.132
2026-06-02 05:55:05,49,61,0,89,7.437,68.783
2026-06-02 06:00:05,50,63,0,78,7.389,69.29
2026-06-02 06:05:05,53,65,0,83,7.336,69.443
2026-06-02 06:10:05,54,68,0,91,7.298,68.353
2026-06-02 06:15:05,50,61,0,75,7.234,69.36
2026-06-02 06:20:05,51,61,0,77,7.226,68.981
2026-06-02 06:25:05,50,61,0,88,7.189,67.196
2026-06-02 06:30:06,52,66,0,100,7.194,70.505
2026-06-02 06:35:05,49,58,0,82,7.226,70.059
2026-06-02 06:40:05,49,60,0,93,7.242,70.179
2026-06-02 06:45:05,48,60,0,148,7.293,61.859
2026-06-02 06:50:05,45,51,0,106,7.384,73.286
2026-06-02 06:55:06,36,45,0,113,7.459,66.86
2026-06-02 07:00:05,40,46,0,96,7.475,71.438
2026-06-02 07:05:05,36,40,0,363,7.475,60.827
2026-06-02 07:10:05,40,45,0,418,7.461,66.198
2026-06-02 07:15:05,40,45,0,180,7.483,72.819
2026-06-02 07:20:05,39,44,0,184,7.584,71.274
2026-06-02 07:25:05,39,47,0,139,7.632,70.413
2026-06-02 07:30:05,39,43,0,79,7.627,61.447
2026-06-02 07:35:06,36,40,0,73,7.603,70.911
2026-06-02 07:40:05,43,56,0,94,7.624,71.07
2026-06-02 07:45:06,41,46,0,108,7.646,70.284
2026-06-02 07:50:06,44,55,0,167,7.678,64.195
2026-06-02 07:55:05,45,57,0,207,7.667,70.774
2026-06-02 08:00:06,48,61,0,281,7.728,65.632
2026-06-02 08:05:06,48,55,0,279,7.83,60.213
2026-06-02 08:10:05,50,64,0,358,7.905,68.294
2026-06-02 08:15:06,49,59,0,416,8.017,71.892
2026-06-02 08:20:06,50,60,0,378,8.22,71.222
2026-06-02 08:25:06,53,65,0,469,8.409,71.779
2026-06-02 08:30:05,54,66,0,532,8.666,72.124
2026-06-02 08:35:06,52,64,0,571,8.965,69.044
2026-06-02 08:40:06,52,63,0,430,9.232,70.837
2026-06-02 08:45:06,50,58,0,282,9.483,68.624
2026-06-02 08:50:05,49,59,0,173,9.678,67.863
2026-06-02 08:55:06,48,59,0,160,9.8,66.889
2026-06-02 09:00:06,54,67,0,123,9.923,66.936
2026-06-02 09:05:06,50,60,0,123,10.078,67.06
2026-06-02 09:10:06,50,62,0,165,10.34,66.305
2026-06-02 09:15:06,50,62,0,180,10.738,65.853
2026-06-02 09:20:06,52,64,0,188,11.464,63.883
2026-06-02 09:25:06,51,64,0,167,12.58,62.183
2026-06-02 09:30:06,54,67,0,203,14.049,57.994
2026-06-02 09:35:05,54,69,0,193,15.288,54.313
2026-06-02 09:40:06,54,69,0,189,15.627,53.867
2026-06-02 09:45:06,53,66,0,189,15.579,53.941
2026-06-02 09:50:06,52,67,0,187,15.691,54.231
2026-06-02 09:55:06,53,66,0,204,15.793,54.925
2026-06-02 10:00:06,55,68,0,188,15.916,55.332
2026-06-02 10:05:06,54,69,0,136,16.228,53.897
2026-06-02 10:10:05,51,60,0,140,16.596,52.967
2026-06-02 10:15:06,49,63,0,134,16.815,53.993
2026-06-02 10:20:06,52,65,0,126,17.045,53.19
2026-06-02 10:25:06,50,65,0,123,17.36,52.377
2026-06-02 10:30:06,45,57,0,83,17.683,50.319
2026-06-02 10:35:06,46,60,0,94,17.806,49.753
2026-06-02 10:40:06,47,59,0,96,17.833,49.947
2026-06-02 10:45:06,48,60,0,107,17.961,50.952
2026-06-02 10:50:06,51,64,0,120,18.052,50.706
2026-06-02 10:55:06,52,67,0,130,18.279,50.788
2026-06-02 11:00:06,51,63,0,140,18.556,48.526
2026-06-02 11:05:08,51,64,0,135,18.856,49.409
2026-06-02 11:10:06,52,66,0,157,18.92,47.798
2026-06-02 11:15:06,56,68,0,147,18.922,47.428
2026-06-02 11:20:06,56,70,0,143,18.874,47.832
2026-06-02 11:25:06,51,66,0,134,18.96,48.892
2026-06-02 11:30:06,51,64,0,130,19.002,47.727
2026-06-02 11:35:06,51,64,0,134,19.344,46.813
2026-06-02 11:40:06,50,63,0,120,19.854,46.434
2026-06-02 11:45:07,51,65,0,130,20.527,45.041
2026-06-02 11:50:06,50,64,0,100,21.195,46.93
2026-06-02 11:55:06,52,67,0,118,21.772,41.295
2026-06-02 12:00:06,51,62,0,126,22.338,42.972
2026-06-02 12:05:06,52,66,0,115,22.821,39.632
2026-06-02 12:10:06,50,64,0,115,23.526,38.413
2026-06-02 12:15:06,52,66,0,133,24.001,37.507
2026-06-02 12:20:06,55,68,0,165,24.065,37.509
2026-06-02 12:25:06,53,66,0,166,24.044,37.444
2026-06-02 12:30:06,55,67,0,144,24.095,38.291
2026-06-02 12:35:06,53,66,0,140,24.479,42.562
2026-06-02 12:40:06,60,69,0,164,24.458,37.343
2026-06-02 12:45:06,58,70,0,152,24.356,41.206
2026-06-02 12:50:06,54,68,0,123,24.02,41.724
2026-06-02 12:55:06,57,70,0,114,24.162,39.293
2026-06-02 13:00:06,57,69,0,141,24.397,37.296
2026-06-02 13:05:06,54,68,0,128,24.573,36.906
2026-06-02 13:10:06,53,66,0,144,24.904,36.288
2026-06-02 13:15:07,56,71,0,146,25.481,35.146
2026-06-02 13:20:07,55,68,0,113,25.969,34.061
2026-06-02 13:25:06,53,66,0,86,26.386,39.348
2026-06-02 13:30:06,50,62,0,102,26.562,34.158
2026-06-02 13:35:06,52,66,0,114,26.947,33.425
2026-06-02 13:40:07,51,63,0,90,27.379,31.85
2026-06-02 13:45:06,50,62,0,91,27.612,31.442
2026-06-02 13:50:07,47,61,0,101,27.521,31.367
2026-06-02 13:55:06,50,63,0,76,27.339,37.509
2026-06-02 14:00:07,49,61,0,68,27.142,31.184
2026-06-02 14:05:06,48,61,0,55,27.008,38.368
2026-06-02 14:10:07,50,62,0,86,26.733,32.724
2026-06-02 14:15:07,49,61,0,75,26.648,31.821
2026-06-02 14:20:07,48,61,0,77,26.749,31.919
2026-06-02 14:25:07,44,54,0,77,26.642,32.249
2026-06-02 14:30:07,45,55,0,90,26.45,33.731
2026-06-02 14:35:07,44,56,0,88,26.207,33.651
2026-06-02 14:40:06,40,50,0,84,25.79,33.975
2026-06-02 14:45:07,41,48,0,81,25.336,34.957
2026-06-02 14:50:07,35,40,0,74,24.957,36.298
2026-06-02 14:55:06,28,28,0,53,24.562,38.913
2026-06-02 15:00:07,28,29,0,57,24.421,39.657
2026-06-02 15:05:06,36,45,0,60,24.116,39.014
2026-06-02 15:10:07,33,40,0,104,24.063,40.584
2026-06-02 15:15:06,23,28,0,55,23.764,39.306
2026-06-02 15:20:07,28,29,0,43,23.646,40.044
2026-06-02 15:25:07,30,31,0,62,23.451,40.147
2026-06-02 15:30:07,32,35,0,56,23.216,40.635
2026-06-02 15:35:07,29,32,0,85,23.008,42.259
2026-06-02 15:40:08,23,25,0,70,22.682,43.641
2026-06-02 15:45:07,33,37,0,98,22.503,44.431
2026-06-02 15:50:07,33,40,0,99,22.231,44.631
2026-06-02 15:55:07,33,39,0,103,22.012,44.233
2026-06-02 16:00:07,35,41,0,99,21.9,43.645
2026-06-02 16:05:07,33,40,0,106,21.724,44.223
2026-06-02 16:10:07,39,48,0,103,21.633,43.628
2026-06-02 16:15:07,38,48,0,117,21.382,44.643
2026-06-02 16:20:07,36,46,0,121,21.205,44.107
2026-06-02 16:25:07,32,38,0,92,20.824,44.809
2026-06-02 16:30:07,35,44,0,124,20.637,45.238
2026-06-02 16:35:07,39,48,0,116,20.439,45.347
2026-06-02 16:40:07,36,46,0,96,20.322,46.18
2026-06-02 16:45:07,39,46,0,105,20.14,46.678
2026-06-02 16:50:07,35,42,0,118,20.052,47.271
2026-06-02 16:55:07,35,46,0,116,19.94,47.691
2026-06-02 17:00:07,35,43,0,102,19.812,48.067
2026-06-02 17:05:07,36,42,0,114,19.566,49.1
2026-06-02 17:10:14,36,43,0,92,19.31,48.475
2026-06-02 17:15:27,34,40,0,85,18.944,50.979
2026-06-02 17:20:24,35,43,0,77,18.57,52.089
2026-06-02 17:25:07,35,42,0,127,18.292,53.079
2026-06-02 17:30:07,39,47,0,105,18.004,54.09
2026-06-02 17:35:07,37,46,0,115,17.694,54.996
2026-06-02 17:40:07,38,46,0,110,17.464,55.324
2026-06-02 17:45:07,36,45,0,94,17.235,55.652
2026-06-02 17:50:07,37,45,0,120,17.013,57.09
2026-06-02 17:55:08,40,48,0,111,16.815,57.537
2026-06-02 18:00:07,41,48,0,101,16.655,57.777
2026-06-02 18:05:08,41,50,0,128,16.543,57.651
2026-06-02 18:10:07,43,52,0,164,16.452,57.912
2026-06-02 18:15:07,47,57,0,197,16.321,58.363
2026-06-02 18:20:07,47,58,0,178,16.241,58.359
2026-06-02 18:25:08,44,55,0,160,16.135,57.911
2026-06-02 18:30:07,46,55,0,157,16.017,59.003
2026-06-02 18:35:08,45,56,0,180,15.932,52.904
2026-06-02 18:40:08,41,51,0,176,15.795,59.551
2026-06-02 18:45:07,43,52,0,150,15.715,59.749
2026-06-02 18:50:07,44,53,0,149,15.619,60.203
2026-06-02 18:55:07,50,63,0,192,15.518,55.353
2026-06-02 19:00:08,54,68,0,253,15.389,56.9
2026-06-02 19:05:07,58,71,0,260,15.312,60.861
2026-06-02 19:10:08,61,74,0,293,15.259,60.331
2026-06-02 19:15:07,75,81,0,393,15.179,61.214
2026-06-02 19:20:07,69,79,0,419,15.114,61.323
2026-06-02 19:25:07,68,78,0,438,15.045,61.13
2026-06-02 19:30:08,69,80,0,456,15.01,61.468
2026-06-02 19:35:08,68,77,0,433,14.968,61.237
2026-06-02 19:40:08,70,80,0,437,14.946,61.277
2026-06-02 19:45:08,65,77,0,403,14.909,61.206
2026-06-02 19:50:08,61,75,0,345,14.855,60.806
2026-06-02 19:55:08,54,69,0,306,14.751,61.086
2026-06-02 20:00:08,60,74,0,403,14.709,61.508
2026-06-02 20:05:08,58,73,0,446,14.623,62.093
2026-06-02 20:10:08,73,80,0,498,14.575,62.58
2026-06-02 20:15:08,66,76,0,445,14.5,61.926
2026-06-02 20:20:08,61,74,0,459,14.508,61.269
2026-06-02 20:25:08,57,73,0,331,14.444,60.287
2026-06-02 20:30:08,55,68,0,284,14.369,61.308
2026-06-02 20:35:08,59,74,0,238,14.284,61.659
2026-06-02 20:40:08,72,81,0,249,14.225,61.802
2026-06-02 20:45:08,69,80,0,235,14.158,62.025
2026-06-02 20:50:08,71,80,0,255,14.068,62.053
2026-06-02 20:55:08,73,80,0,271,13.998,62.126
2026-06-02 21:00:08,64,77,0,277,13.907,62.135
2026-06-02 21:05:08,67,78,0,263,13.774,62.231
2026-06-02 21:10:08,61,75,0,213,13.664,62.948
2026-06-02 21:15:07,61,78,0,209,13.52,62.877
2026-06-02 21:20:08,59,74,0,204,13.381,63.406
2026-06-02 21:25:08,59,75,0,204,13.296,63.553
2026-06-02 21:30:08,61,76,0,202,13.243,63.522
2026-06-02 21:35:07,63,77,0,286,13.133,64.577
2026-06-02 21:40:08,66,78,0,374,13.053,65.765
2026-06-02 21:45:08,66,78,0,357,13.037,64.552
2026-06-02 21:50:08,64,78,0,324,13,65.479
2026-06-02 21:55:08,62,74,0,328,12.957,64.611
2026-06-02 22:00:08,61,73,0,304,12.885,63.615
2026-06-02 22:05:08,57,72,0,267,12.762,64.552
2026-06-02 22:10:08,56,72,0,253,12.623,64.792
2026-06-02 22:15:08,56,69,0,248,12.495,64.686
2026-06-02 22:20:08,54,68,0,270,12.319,65.368
2026-06-02 22:25:08,55,69,0,278,12.23,65.071
2026-06-02 22:30:08,58,71,0,296,12.086,66.345
2026-06-02 22:35:08,69,80,0,373,12.017,60.608
2026-06-02 22:40:08,68,79,0,340,11.985,67.077
2026-06-02 22:45:08,71,82,0,393,12.006,66.478
2026-06-02 22:50:08,83,88,0,371,11.982,65.689
2026-06-02 22:55:08,78,87,0,426,11.977,66.314
2026-06-02 23:00:08,99,106,0,540,11.934,64.531
2026-06-02 23:05:08,96,107,0,513,11.875,63.78
2026-06-02 23:10:08,88,94,0,410,11.806,65.277
2026-06-02 23:15:08,81,87,0,341,11.782,66.055
2026-06-02 23:20:08,78,88,0,307,11.755,66.29
2026-06-02 23:25:08,68,79,0,269,11.739,66.257
2026-06-02 23:30:08,62,76,0,246,11.744,66.421
2026-06-02 23:35:08,57,73,0,210,11.761,65.666
2026-06-02 23:40:08,57,72,0,202,11.79,66.189
2026-06-02 23:45:08,57,71,0,211,11.849,66.232
2026-06-02 23:50:08,56,69,0,193,11.907,65.901
2026-06-02 23:55:08,54,68,0,180,12.004,65.214
2026-06-03 00:00:08,53,68,0,201,12.068,64.97
2026-06-03 00:05:08,52,65,0,173,12.113,64.521
2026-06-03 00:10:08,50,61,0,167,12.22,64.058
2026-06-03 00:15:09,49,61,0,153,12.305,63.907
2026-06-03 00:20:08,50,61,0,170,12.401,63.829
2026-06-03 00:25:08,53,67,0,176,12.417,63.963
2026-06-03 00:30:08,56,68,0,184,12.26,64.075
2026-06-03 00:35:09,57,72,0,188,12.142,64.382
2026-06-03 00:40:08,56,70,0,190,12.02,64.88
2026-06-03 00:45:08,57,71,0,195,11.897,65.54
2026-06-03 00:50:08,57,70,0,197,11.875,60.789
2026-06-03 00:55:08,55,68,0,189,11.857,64.809
2026-06-03 01:00:08,57,71,0,189,11.883,65.855
2026-06-03 01:05:09,56,69,0,217,11.862,66.309
2026-06-03 01:10:08,57,70,0,222,11.883,66.242
2026-06-03 01:15:08,56,70,0,221,11.915,65.611
2026-06-03 01:20:09,55,69,0,228,11.939,57.397
2026-06-03 01:25:08,54,69,0,211,11.891,58.517
2026-06-03 01:30:08,56,69,0,212,11.811,66.675
2026-06-03 01:35:09,54,68,0,214,11.838,66.654
2026-06-03 01:40:09,56,71,0,236,11.902,66.227
2026-06-03 01:45:08,54,68,0,201,11.894,65.565
2026-06-03 01:50:08,57,70,0,218,11.846,64.84
2026-06-03 01:55:09,56,70,0,227,11.782,63.739
2026-06-03 02:00:08,53,68,0,238,11.696,61.042
2026-06-03 02:05:08,54,69,0,222,11.643,59.835
2026-06-03 02:10:09,55,69,0,229,11.624,65.595
2026-06-03 02:15:09,53,64,0,216,11.598,65.569
2026-06-03 02:20:08,55,69,0,204,11.56,65.019
2026-06-03 02:25:08,49,60,0,188,11.48,64.609
2026-06-03 02:30:08,50,63,0,175,11.48,64.304
2026-06-03 02:35:09,47,59,0,147,11.44,64.117
2026-06-03 02:40:08,47,57,0,146,11.408,64.144
2026-06-03 02:45:09,45,54,0,141,11.36,64.262
2026-06-03 02:50:09,50,64,0,175,11.258,65.136
2026-06-03 02:55:09,53,65,0,197,11.141,65.654
2026-06-03 03:00:09,51,63,0,166,11.096,65.117
2026-06-03 03:05:09,50,63,0,176,11.015,65.149
2026-06-03 03:10:09,50,63,0,161,10.989,64.932
2026-06-03 03:15:09,50,62,0,168,10.962,59.833
2026-06-03 03:20:09,50,63,0,166,10.877,65.447
2026-06-03 03:25:09,51,62,0,154,10.831,65.983
2026-06-03 03:30:08,50,62,0,167,10.81,65.424
2026-06-03 03:35:09,53,65,0,227,10.81,60.976
2026-06-03 03:40:09,52,64,0,211,10.708,66.469
2026-06-03 03:45:09,55,67,0,217,10.634,65.906
2026-06-03 03:50:09,53,66,0,231,10.503,66.335
2026-06-03 03:55:09,52,67,0,205,10.401,65.679
2026-06-03 04:00:09,50,61,0,197,10.268,66.335
2026-06-03 04:05:09,53,65,0,211,10.22,66.608
2026-06-03 04:10:09,53,64,0,193,10.166,67.066
2026-06-03 04:15:09,50,62,0,183,10.126,67.007
2026-06-03 04:20:09,48,58,0,175,10.18,65.736
2026-06-03 04:25:09,50,61,0,181,10.265,62.37
2026-06-03 04:30:09,49,59,0,167,10.42,66.539
2026-06-03 04:35:09,45,57,0,159,10.602,64.838
2026-06-03 04:40:09,43,52,0,145,10.775,66.272
2026-06-03 04:45:09,41,49,0,134,10.983,65.223
2026-06-03 04:50:09,40,49,0,134,11.138,62.767
2026-06-03 04:55:09,38,46,0,133,11.299,63.585
2026-06-03 05:00:09,41,48,0,119,11.405,62.79
2026-06-03 05:05:09,38,48,0,122,11.44,62.9
2026-06-03 05:10:09,38,45,0,132,11.456,61.653
2026-06-03 05:15:09,39,47,0,117,11.392,62.347
2026-06-03 05:20:09,37,45,0,129,11.408,60.379
2026-06-03 05:25:09,37,42,0,127,11.472,59.564
2026-06-03 05:30:09,37,41,0,119,11.582,58.582
2026-06-03 05:35:09,38,45,0,122,11.736,58.74
2026-06-03 05:40:09,36,40,0,125,11.875,58.279
2026-06-03 05:45:09,39,42,0,129,12.052,56.549
2026-06-03 05:50:09,33,38,0,123,12.26,57.062
2026-06-03 05:55:09,33,36,0,125,12.465,56.621
2026-06-03 06:00:09,33,36,0,119,12.61,54.517
2026-06-03 06:05:09,39,46,0,128,12.642,57.212
2026-06-03 06:10:09,42,50,0,129,12.412,57.256
2026-06-03 06:15:09,41,50,0,317,12.102,60.96
2026-06-03 06:20:09,39,48,0,178,11.913,61.788
2026-06-03 06:25:09,40,47,0,182,11.827,62.164
2026-06-03 06:30:09,42,50,0,198,11.79,62.196
2026-06-03 06:35:09,41,49,0,218,11.736,62.524
2026-06-03 06:40:10,38,46,0,176,11.71,62.093
2026-06-03 06:45:09,39,44,0,137,11.696,60.306
2026-06-03 06:50:09,38,44,0,141,11.793,58.988
2026-06-03 06:55:10,38,46,0,161,11.931,60.005
2026-06-03 07:00:09,38,46,0,141,11.963,61.378
2026-06-03 07:05:10,41,50,0,143,11.867,61.679
2026-06-03 07:10:10,41,50,0,135,11.785,61.311
2026-06-03 07:15:09,44,51,0,139,11.651,62.946
2026-06-03 07:20:09,40,48,0,132,11.56,63.23
2026-06-03 07:25:09,41,50,0,145,11.528,63.16
2026-06-03 07:30:10,41,49,0,129,11.421,63.205
2026-06-03 07:35:09,45,54,0,155,11.36,63.402
2026-06-03 07:40:10,44,53,0,151,11.328,62.648
2026-06-03 07:45:09,44,54,0,195,11.28,60.751
2026-06-03 07:50:09,38,46,0,153,11.253,61.372
2026-06-03 07:55:10,40,45,0,145,11.339,60.819
2026-06-03 08:00:10,42,53,0,204,11.485,56.613
2026-06-03 08:05:10,44,52,0,321,11.582,59.23
2026-06-03 08:10:09,45,52,0,357,11.715,59.141
2026-06-03 08:15:10,45,55,0,336,11.795,59.372
2026-06-03 08:20:09,44,52,0,347,11.918,61.323
2026-06-03 08:25:10,44,51,0,315,12.022,59.877
2026-06-03 08:30:10,40,50,0,281,12.188,58.771
2026-06-03 08:35:09,37,44,0,262,12.279,57.47
2026-06-03 08:40:09,39,45,0,212,12.455,54.653
2026-06-03 08:45:10,40,50,0,236,12.679,54.864
2026-06-03 08:50:10,38,46,0,239,12.949,54.765
2026-06-03 08:55:10,38,47,0,244,13.194,54.155
2026-06-03 09:00:10,38,44,0,248,13.413,53.8
2026-06-03 09:05:10,42,51,0,249,13.664,54.285
2026-06-03 09:10:10,45,58,0,218,13.921,54.554
2026-06-03 09:15:10,42,51,0,230,14.158,52.888
2026-06-03 09:20:10,40,48,0,247,14.452,50.264
2026-06-03 09:25:10,39,49,0,241,14.73,50.012
2026-06-03 09:30:09,37,45,0,216,15.072,49.768
2026-06-03 09:35:10,41,49,0,294,15.376,49.877
2026-06-03 09:40:10,41,49,0,228,15.555,50.094
2026-06-03 09:45:10,42,49,0,247,15.763,48.656
2026-06-03 09:50:10,42,51,0,236,15.956,52.047
2026-06-03 09:55:12,40,49,0,219,15.982,52.03
2026-06-03 10:00:10,40,48,0,195,15.985,52.274
2026-06-03 10:05:10,41,49,0,183,16.07,52.421
2026-06-03 10:10:10,44,53,0,158,16.172,52.221
2026-06-03 10:15:10,41,50,0,187,16.263,51.723
2026-06-03 10:20:10,42,51,0,182,16.332,50.909
2026-06-03 10:25:10,41,49,0,172,16.495,50.943
2026-06-03 10:30:10,40,47,0,167,16.767,48.778
2026-06-03 10:35:10,39,47,0,170,17.056,48.408
2026-06-03 10:40:10,39,47,0,174,17.312,46.714
2026-06-03 10:45:10,43,50,0,157,17.579,45.621
2026-06-03 10:50:10,41,48,0,173,17.822,43.75
2026-06-03 10:55:10,40,48,0,163,18.164,44.198
2026-06-03 11:00:10,39,46,0,189,18.586,43.657
2026-06-03 11:05:10,38,44,0,163,19.115,41.971
2026-06-03 11:10:10,35,41,0,151,19.665,41.675
2026-06-03 11:15:10,38,45,0,143,20.121,41.74
2026-06-03 11:20:10,38,46,0,137,20.549,39.283
2026-06-03 11:25:10,35,41,0,131,21.099,36.828
2026-06-03 11:30:10,36,45,0,110,21.579,41.898
2026-06-03 11:35:10,36,43,0,111,21.67,42.709
2026-06-03 11:40:10,38,45,0,127,21.785,41.078
2026-06-03 11:45:10,38,46,0,127,21.726,40.456
2026-06-03 11:50:10,39,48,0,126,21.571,42.36
2026-06-03 11:55:11,40,49,0,147,21.721,41.793
2026-06-03 12:00:11,41,51,0,145,22.009,40.122
2026-06-03 12:05:10,41,49,0,140,22.193,40.523
2026-06-03 12:10:11,42,52,0,152,22.386,36.342
2026-06-03 12:15:10,43,52,0,163,22.744,34.412
2026-06-03 12:20:10,43,50,0,148,23.123,37.179
2026-06-03 12:25:11,40,49,0,160,23.379,32.937
2026-06-03 12:30:10,39,46,0,146,23.654,31.602
2026-06-03 12:35:10,38,46,0,140,23.894,30.461
2026-06-03 12:40:11,37,43,0,125,24.162,30.797
2026-06-03 12:45:11,36,44,0,146,24.316,29.998
2026-06-03 12:50:10,37,44,0,159,24.525,29.798
2026-06-03 12:55:11,39,45,0,156,24.784,30.601
2026-06-03 13:00:11,38,45,0,148,25.067,29.761
2026-06-03 13:05:04,35,41,0,103,24.69,31.165
2026-06-03 13:10:04,32,37,0,99,25.79,37.376
2026-06-03 13:15:04,35,41,0,117,25.796,30.826
2026-06-03 13:20:04,35,42,0,127,25.585,35.939
2026-06-03 13:25:04,39,46,0,125,25.7,33.935
2026-06-03 13:30:04,34,40,0,97,25.993,37.011
2026-06-03 13:35:04,34,40,0,134,25.929,28.625
2026-06-03 13:40:04,33,39,0,100,26.004,30.442
2026-06-03 13:45:04,35,40,0,120,26.001,28.18
2026-06-03 13:50:04,32,37,0,108,26.186,27.906
2026-06-03 13:55:04,36,41,0,115,26.445,27.602
2026-06-03 14:00:04,33,37,0,113,26.677,27.337
2026-06-03 14:05:04,34,40,0,122,26.805,27.183
2026-06-03 14:10:04,35,40,0,119,26.899,27.188
2026-06-03 14:15:04,36,45,0,126,27.008,27.474
2026-06-03 14:20:04,35,41,0,127,27.067,28.646
2026-06-03 14:25:04,34,41,0,119,27.056,28.277
2026-06-03 14:30:04,35,40,0,126,27.094,27.751
2026-06-03 14:35:04,36,42,0,131,27.203,28.098
2026-06-03 14:40:04,35,40,0,113,27.366,26.803
2026-06-03 14:45:05,34,39,0,108,27.609,26.898
2026-06-03 14:50:05,36,45,0,124,27.772,26.069
2026-06-03 14:55:04,34,39,0,121,27.863,26.061
2026-06-03 15:00:04,34,40,0,110,27.903,26.094
2026-06-03 15:05:04,34,42,0,123,27.708,26.816
2026-06-03 15:10:04,34,38,0,120,27.612,26.675
2026-06-03 15:15:04,33,37,0,97,27.494,27.206
2026-06-03 15:20:04,31,34,0,111,27.307,26.13
2026-06-03 15:25:04,33,36,0,94,27.24,26.21
2026-06-03 15:30:05,32,34,0,106,27.27,26.389
2026-06-03 15:35:04,32,37,0,87,27.224,25.863
2026-06-03 15:40:05,32,37,0,116,27.174,26.345
2026-06-03 15:45:05,32,33,0,114,27.013,26.746
2026-06-03 15:50:05,32,37,0,100,26.885,26.771
2026-06-03 15:55:05,32,34,0,89,26.682,27.139
2026-06-03 16:00:04,30,35,0,112,26.469,29.021
2026-06-03 16:05:04,33,36,0,125,26.319,28.947
2026-06-03 16:10:05,29,34,0,129,26.175,27.928
2026-06-03 16:15:04,29,29,0,105,26.031,27.146
2026-06-03 16:20:05,27,29,0,102,25.881,28.594
2026-06-03 16:25:04,31,35,0,134,25.718,30.948
2026-06-03 16:30:05,28,29,0,130,25.502,29.861
2026-06-03 16:35:05,30,34,0,123,25.36,30.938
2026-06-03 16:40:05,29,29,0,116,25.134,29.332
2026-06-03 16:45:05,29,32,0,158,24.92,30.931
2026-06-03 16:50:05,33,37,0,174,24.736,31.053
2026-06-03 16:55:05,34,39,0,172,24.562,32.012
2026-06-03 17:00:05,32,34,0,180,24.364,32.222
2026-06-03 17:05:05,32,37,0,163,24.145,33.212
2026-06-03 17:10:05,32,38,0,214,23.857,33.092
2026-06-03 17:15:04,34,40,0,210,23.555,35.56
2026-06-03 17:20:05,33,38,0,206,23.179,36.508
2026-06-03 17:25:05,34,39,0,210,22.802,36.557
2026-06-03 17:30:05,32,35,0,240,22.394,37.812
2026-06-03 17:35:04,35,39,0,235,22.063,38.249
2026-06-03 17:40:05,33,38,0,213,21.74,37.5
2026-06-03 17:45:05,34,40,0,243,21.411,39.165
2026-06-03 17:50:05,36,46,0,215,21.085,39.256
2026-06-03 17:55:05,40,48,0,274,20.738,39.558
2026-06-03 18:00:05,40,49,0,304,20.396,40.214
2026-06-03 18:05:05,42,50,0,299,20.159,40.771
2026-06-03 18:10:05,41,49,0,291,19.889,41.396
2026-06-03 18:15:05,46,59,0,450,19.609,41.93
2026-06-03 18:20:05,50,62,0,501,19.334,42.003
2026-06-03 18:25:05,47,59,0,524,19.051,43.716
2026-06-03 18:30:05,48,59,0,433,18.856,44.481
2026-06-03 18:35:05,49,60,0,421,18.639,45.616
2026-06-03 18:40:05,51,63,0,433,18.516,46.661
2026-06-03 18:45:05,69,76,0,523,18.319,46.785
2026-06-03 18:50:05,52,66,0,445,18.201,47.334
2026-06-03 18:55:05,52,67,0,521,18.038,47.882
2026-06-03 19:00:05,51,63,0,528,17.908,48.307
2026-06-03 19:05:05,52,67,0,514,17.761,48.582
2026-06-03 19:10:05,51,63,0,558,17.603,49.785
2026-06-03 19:15:05,53,67,0,701,17.454,49.278
2026-06-03 19:20:05,54,65,0,755,17.291,49.903
2026-06-03 19:25:05,52,64,0,591,17.128,49.938
2026-06-03 19:30:05,51,63,0,546,17.021,50.113
2026-06-03 19:35:05,51,63,0,528,16.855,50.727
2026-06-03 19:40:05,53,65,0,511,16.663,51.189
2026-06-03 19:45:05,52,64,0,479,16.484,51.559
2026-06-03 19:50:05,51,63,0,470,16.284,50.979
2026-06-03 19:55:05,53,68,0,465,16.164,52.392
2026-06-03 20:00:05,54,66,0,478,15.99,52.27
2026-06-03 20:05:05,64,75,0,412,15.857,53.512
2026-06-03 20:10:05,57,70,0,267,15.731,53.846
2026-06-03 20:15:05,67,77,0,315,15.6,53.815
2026-06-03 20:20:06,78,83,0,301,15.52,53.194
2026-06-03 20:25:05,99,109,0,301,15.365,54.76
2026-06-03 20:30:06,119,128,0,332,15.269,55.458
2026-06-03 20:35:05,114,122,0,354,15.171,55.769
2026-06-03 20:40:06,107,112,0,387,15.082,56.201
2026-06-03 20:45:05,98,101,0,377,15.005,56.434
2026-06-03 20:50:06,107,113,0,552,14.917,56.726
2026-06-03 20:55:05,112,119,0,714,14.847,57.304
2026-06-03 21:00:05,119,126,0,803,14.765,57.769
2026-06-03 21:05:05,115,124,0,670,14.693,57.468
2026-06-03 21:10:05,124,130,0,838,14.612,58.435
2026-06-03 21:15:05,123,130,0,847,14.559,58.387
2026-06-03 21:20:06,110,117,0,823,14.447,58.029
2026-06-03 21:25:05,114,118,0,826,14.401,58.059
2026-06-03 21:30:06,113,119,0,785,14.324,56.934
2026-06-03 21:35:05,110,116,0,713,14.236,57.27
2026-06-03 21:40:05,101,105,0,646,14.126,56.678
2026-06-03 21:45:06,83,90,0,489,14.03,56.32
2026-06-03 21:50:05,71,80,0,348,13.921,57.504
2026-06-03 21:55:06,65,78,0,331,13.758,57.762
2026-06-03 22:05:05,58,72,0,242,13.507,54.151
2026-06-03 22:10:06,58,72,0,209,13.389,58.74
2026-06-03 22:15:05,55,70,0,203,13.333,58.836
2026-06-03 22:20:06,55,68,0,194,13.256,59.211
2026-06-03 22:25:06,53,67,0,186,13.2,58.99
2026-06-03 22:30:06,55,68,0,199,13.16,59.347
2026-06-03 22:35:05,54,67,0,201,13.112,59.145
2026-06-03 22:40:06,52,66,0,176,13.045,59.278
2026-06-03 22:45:05,52,65,0,154,12.951,58.971
2026-06-03 22:50:06,49,58,0,144,12.861,58.723
2026-06-03 22:55:06,50,60,0,153,12.791,59.188
2026-06-03 23:00:06,50,60,0,150,12.727,59.066
2026-06-03 23:05:06,51,62,0,149,12.719,58.429
2026-06-03 23:10:06,52,65,0,191,12.684,58.313
2026-06-03 23:15:06,51,66,0,173,12.607,59.015
2026-06-03 23:20:06,51,62,0,181,12.604,58.42
2026-06-03 23:25:07,53,65,0,189,12.615,54.277
2026-06-03 23:30:06,56,70,0,229,12.66,58.567
2026-06-03 23:35:06,65,79,0,294,12.642,52.423
2026-06-03 23:40:06,65,77,0,251,12.519,60.514
2026-06-03 23:45:06,69,81,0,288,12.46,60.325
2026-06-03 23:50:06,70,82,0,355,12.423,60.339
2026-06-03 23:55:06,76,86,0,392,12.431,60.228
2026-06-04 00:05:06,67,80,0,329,12.417,53.373
2026-06-04 00:10:06,57,73,0,239,12.372,59.465
2026-06-04 00:15:06,56,69,0,227,12.289,59.53
2026-06-04 00:20:06,49,61,0,163,12.292,55.45
2026-06-04 00:25:06,49,59,0,161,12.263,58.338
2026-06-04 00:30:06,49,60,0,166,12.241,58.048
2026-06-04 00:35:06,50,63,0,171,12.19,56.583
2026-06-04 00:40:06,51,63,0,150,12.092,58.658
2026-06-04 00:45:06,51,62,0,133,12.022,59.066
2026-06-04 00:50:06,48,60,0,149,11.985,58.462
2026-06-04 00:55:06,47,56,0,143,11.953,58.733
2026-06-04 01:00:06,47,56,0,148,11.945,58.548
2026-06-04 01:05:06,45,56,0,154,11.915,58.54
2026-06-04 01:10:06,47,57,0,138,11.902,59.295
2026-06-04 01:15:06,48,58,0,158,11.862,59.045
2026-06-04 01:20:06,46,55,0,146,11.771,58.847
2026-06-04 01:25:06,48,60,0,142,11.646,59.471
2026-06-04 01:30:06,49,58,0,145,11.477,59.835
2026-06-04 01:35:06,47,56,0,142,11.323,59.791
2026-06-04 01:40:06,48,58,0,149,11.2,59.639
2026-06-04 01:45:07,46,56,0,134,11.077,59.398
2026-06-04 01:50:06,47,58,0,130,10.946,61.748
2026-06-04 01:55:07,45,56,0,128,10.879,61.075
2026-06-04 02:00:07,44,53,0,135,10.834,57.212
2026-06-04 02:05:07,43,52,0,127,10.837,60.859
2026-06-04 02:10:07,41,48,0,115,10.842,60.56
2026-06-04 02:15:06,44,52,0,133,10.903,58.023
2026-06-04 02:20:06,44,52,0,153,10.949,53.89
2026-06-04 02:25:07,46,54,0,138,10.917,60.087
2026-06-04 02:30:06,46,56,0,132,10.906,60.764
2026-06-04 02:35:07,46,56,0,136,10.906,60.508
2026-06-04 02:40:07,44,52,0,131,10.871,59.618
2026-06-04 02:45:06,44,52,0,129,10.831,59.898
2026-06-04 02:50:07,42,52,0,128,10.786,60.024
2026-06-04 02:55:07,41,48,0,128,10.746,60.295
2026-06-04 03:00:06,45,53,0,123,10.74,60.613
2026-06-04 03:05:06,45,52,0,137,10.69,60.783
2026-06-04 03:10:07,41,52,0,101,10.575,60.455
2026-06-04 03:15:06,42,49,0,94,10.441,61.548
2026-06-04 03:20:07,41,52,0,111,10.308,61.477
2026-06-04 03:25:06,42,52,0,97,10.27,61.449
2026-06-04 03:30:07,41,47,0,88,10.23,61.775
2026-06-04 03:35:07,40,45,0,103,10.153,62.343
2026-06-04 03:40:07,41,46,0,104,10.134,62.151
2026-06-04 03:45:07,38,45,0,106,10.089,62.141
2026-06-04 03:50:06,38,46,0,100,10.062,61.975
2026-06-04 03:55:07,41,49,0,102,10.038,61.821
2026-06-04 04:00:07,41,48,0,105,10.014,59.908
2026-06-04 04:05:07,41,49,0,116,10.014,58.809
2026-06-04 04:10:07,44,53,0,157,9.875,62.387
2026-06-04 04:15:07,45,54,0,160,9.758,60.491
2026-06-04 04:20:07,47,57,0,126,9.67,63.429
2026-06-04 04:25:07,48,57,0,135,9.544,62.997
2026-06-04 04:30:07,48,56,0,132,9.461,63.087
2026-06-04 04:35:07,44,55,0,170,9.389,59.822
2026-06-04 04:40:06,46,55,0,148,9.32,63.553
2026-06-04 04:45:07,45,56,0,145,9.237,63.562
2026-06-04 04:50:07,46,56,0,136,9.197,63.713
2026-06-04 04:55:07,45,55,0,134,9.106,65.174
2026-06-04 05:00:06,48,57,0,156,9.079,60.783
2026-06-04 05:05:07,47,56,0,159,9.09,60.028
2026-06-04 05:10:07,46,56,0,148,9.157,65.061
2026-06-04 05:15:07,48,58,0,147,9.176,64.762
2026-06-04 05:20:07,45,53,0,228,9.221,60.258
2026-06-04 05:25:07,47,58,0,169,9.202,59.244
2026-06-04 05:30:07,47,57,0,146,9.202,65.109
2026-06-04 05:35:07,47,57,0,134,9.205,59.362
2026-06-04 05:40:07,47,55,0,135,9.181,62.223
2026-06-04 05:45:07,51,64,0,182,9.192,65.241
2026-06-04 05:50:07,49,60,0,175,9.202,63.503
2026-06-04 05:55:07,50,59,0,207,9.208,55.61
2026-06-04 06:00:07,50,61,0,183,9.184,63.522
2026-06-04 06:05:07,48,59,0,167,9.192,63.553
2026-06-04 06:10:07,46,56,0,168,9.178,63.715
2026-06-04 06:15:07,46,56,0,163,9.202,63.867
2026-06-04 06:20:07,47,59,0,149,9.218,62.061
2026-06-04 06:25:07,42,50,0,140,9.269,61.504
2026-06-04 06:30:07,38,43,0,133,9.389,61.01
2026-06-04 06:35:07,38,44,0,134,9.459,60.796
2026-06-04 06:40:07,38,44,0,130,9.507,60.688
2026-06-04 06:45:07,46,56,0,171,9.592,61.456
2026-06-04 06:50:07,39,43,0,133,9.595,60.871
2026-06-04 06:55:07,37,41,0,144,9.614,60.989
2026-06-04 07:00:07,38,41,0,148,9.638,60.651
2026-06-04 07:05:07,37,40,0,127,9.646,60.867
2026-06-04 07:10:07,46,54,0,206,9.64,60.384
2026-06-04 07:15:07,49,58,0,199,9.574,61.767
2026-06-04 07:20:07,44,56,0,197,9.507,61.704
2026-06-04 07:25:07,48,58,0,371,9.507,55.984
2026-06-04 07:30:07,48,59,0,1555,9.443,63.358
2026-06-04 07:35:08,46,55,0,1255,9.389,58.757
2026-06-04 07:40:07,46,55,0,197,9.349,64.699
2026-06-04 07:45:07,46,55,0,117,9.32,64.563
2026-06-04 07:50:07,53,66,0,101,9.306,64.417
2026-06-04 07:55:07,46,55,0,73,9.293,65.065
2026-06-04 08:00:07,49,60,0,105,9.352,65.168
2026-06-04 08:05:07,45,55,0,66,9.451,62.833
2026-06-04 08:10:07,41,47,0,82,9.496,64.102
2026-06-04 08:15:08,42,49,0,82,9.646,63.129
2026-06-04 08:20:08,41,46,0,81,9.865,62.172
2026-06-04 08:25:08,38,48,0,69,10.116,61.119
2026-06-04 08:30:08,38,44,0,65,10.391,61.269
2026-06-04 08:35:08,38,43,0,90,10.692,59.583
2026-06-04 08:40:08,39,43,0,80,10.983,57.989
2026-06-04 08:45:07,43,54,0,91,11.312,54.46
2026-06-04 08:50:08,46,56,0,80,11.606,55.126
2026-06-04 08:55:07,49,57,0,113,11.95,53.886
2026-06-04 09:00:08,46,56,0,128,12.273,53.903
2026-06-04 09:05:08,48,61,0,159,12.642,54.111
2026-06-04 09:10:08,47,58,0,150,13,53.041
2026-06-04 09:15:08,46,54,0,153,13.705,53.01
2026-06-04 09:20:08,46,55,0,187,15.074,48.885
2026-06-04 09:25:08,43,52,0,181,16.839,43.762
2026-06-04 09:30:08,35,39,0,122,18.279,44.919
2026-06-04 09:35:08,34,37,0,71,18.837,41.81
2026-06-04 09:40:08,31,36,0,59,18.826,40.82
2026-06-04 09:45:08,32,38,0,73,18.658,41.629
2026-06-04 09:50:08,33,36,0,75,19.2,39.178
2026-06-04 09:55:08,35,39,0,67,20.006,40.632
2026-06-04 10:00:08,35,40,0,88,20.877,34.265
2026-06-04 10:05:08,35,41,0,87,21.822,31.102
2026-06-04 10:10:08,36,43,0,67,23.027,36.136
2026-06-04 10:15:08,35,44,0,97,23.937,29.988
2026-06-04 10:20:08,35,42,0,102,24.704,27.234
2026-06-04 10:25:08,32,34,0,43,25.657,35.899
2026-06-04 10:30:08,29,32,0,57,26.175,27.125
2026-06-04 10:35:08,31,32,0,76,26.797,26.248
2026-06-04 10:40:08,33,37,0,69,27.51,27.164
2026-06-04 10:45:08,31,35,0,64,27.457,27.574
2026-06-04 10:50:08,32,36,0,55,27.815,25.767
2026-06-04 10:55:08,28,31,0,70,27.911,25.382
2026-06-04 11:00:08,32,36,0,74,28.212,28.224
2026-06-04 11:05:08,31,34,0,87,28.285,25.437
2026-06-04 11:10:08,29,29,0,55,28.463,24.953
2026-06-04 11:15:08,34,38,0,51,28.819,24.234
2026-06-04 11:20:08,30,31,0,59,29.299,24.365
2026-06-04 11:25:08,28,30,0,29,29.702,29.716
2026-06-04 11:30:08,32,38,0,39,29.999,28.823
2026-06-04 11:35:08,29,30,0,48,30.277,24.064
2026-06-04 11:40:08,29,33,0,78,30.431,23.559
2026-06-04 11:45:08,29,32,0,43,30.763,23.866
2026-06-04 11:50:08,29,32,0,65,31.102,24.734
2026-06-04 11:55:08,30,31,0,45,31.286,25.14
2026-06-04 12:00:08,28,34,0,39,31.62,25.233
2026-06-04 12:05:08,32,35,0,44,31.975,26.128
2026-06-04 12:10:08,29,31,0,69,32.023,26.013
2026-06-04 12:15:08,30,34,0,39,32.031,26.439
2026-06-04 12:20:08,27,29,0,10,32.146,32.622
2026-06-04 12:25:08,28,30,0,30,32.365,26.897
2026-06-04 12:30:08,26,27,0,19,32.626,26.662
2026-06-04 12:35:08,25,28,0,11,32.712,28.056
2026-06-04 12:40:08,26,27,0,23,32.821,26.712
2026-06-04 12:45:08,25,27,0,23,32.915,26.25
2026-06-04 12:50:08,23,27,0,18,32.907,27.972
2026-06-04 12:55:08,20,20,0,21,32.557,27.722
2026-06-04 13:00:08,19,23,0,1,32.327,28.184
2026-06-04 13:05:08,17,20,0,8,32.298,29.193
2026-06-04 13:10:08,22,24,0,11,32.311,31.015
2026-06-04 13:15:08,22,23,0,7,32.002,29.775
2026-06-04 13:20:08,23,24,0,13,31.67,30.498
2026-06-04 13:25:09,26,30,0,17,31.564,30.938
2026-06-04 13:30:08,20,23,0,1,31.176,31.207
2026-06-04 13:35:09,23,25,0,0,30.597,34.709
2026-06-04 13:40:08,24,24,0,2,29.969,33.014
2026-06-04 13:45:09,22,23,0,0,29.662,35.293
2026-06-04 13:50:09,20,20,0,0,29.224,34.126
2026-06-04 13:55:09,16,17,0,0,29.179,34.12
2026-06-04 14:00:08,20,23,0,0,29.294,34.511
2026-06-04 14:05:08,22,24,0,0,29.347,34.492
2026-06-04 14:10:09,25,26,0,0,29.481,34.417
2026-06-04 14:15:09,24,30,0,0,29.641,35.426
2026-06-04 14:20:14,20,23,0,4,28.706,38.244
2026-06-04 14:25:14,24,26,0,5,28.949,35.224
2026-06-04 14:30:14,22,24,0,0,28.415,36.098
2026-06-04 14:35:14,29,33,0,27,28.036,37.275
2026-06-04 14:40:14,27,31,0,10,27.641,37.429
2026-06-04 14:45:14,29,29,0,10,27.198,37.992
2026-06-04 14:50:14,25,26,0,0,26.485,39.409
2026-06-04 14:55:14,27,29,0,21,25.62,41.425
2026-06-04 15:00:14,30,31,0,18,24.813,43.376
2026-06-04 15:05:14,28,30,0,0,24.311,44.717
2026-06-04 15:10:14,30,34,0,0,23.98,45.419
2026-06-04 15:15:14,29,30,0,0,23.753,45.633
2026-06-04 15:20:14,32,35,0,0,23.812,45.68
2026-06-04 15:25:14,29,31,0,0,23.587,46.459
2026-06-04 15:30:14,29,33,0,0,23.47,46.384
2026-06-04 15:35:14,27,29,0,13,23.395,46.974
2026-06-04 15:40:14,32,34,0,23,23.489,47.101
2026-06-04 15:45:15,29,32,0,20,23.542,46.878
2026-06-04 15:50:14,30,31,0,11,23.489,46.867
2026-06-04 15:55:14,27,32,0,0,23.259,46.453
2026-06-04 16:00:15,27,28,0,0,22.989,46.63
2026-06-04 16:05:14,29,31,0,0,22.837,46.792
2026-06-04 16:10:14,28,30,0,0,23.013,47.584
2026-06-04 16:15:14,29,31,0,0,23.39,46.914
2026-06-04 16:20:14,27,30,0,0,23.619,45.997
2026-06-04 16:25:14,30,34,0,0,23.545,46.72
2026-06-04 16:30:14,29,31,0,17,23.235,46.884
2026-06-04 16:35:14,26,29,0,0,22.637,48.133
2026-06-04 16:40:14,30,31,0,16,22.137,49.51
2026-06-04 16:45:15,28,30,0,0,21.742,50.119
2026-06-04 16:50:14,29,32,0,0,21.438,50.853
2026-06-04 16:55:14,27,30,0,3,21.16,52.312
2026-06-04 17:00:14,32,36,0,16,21.053,53.003
2026-06-04 17:05:14,30,33,0,0,20.874,53.045
2026-06-04 17:10:14,35,41,0,36,20.789,53.03
2026-06-04 17:15:15,35,42,0,48,20.575,53.489
2026-06-04 17:20:14,33,38,0,40,20.362,54.187
2026-06-04 17:25:14,36,41,0,77,20.175,54.779
2026-06-04 17:30:14,38,46,0,77,19.964,55.5
2026-06-04 17:35:15,33,38,0,97,19.707,56.959
2026-06-04 17:40:14,33,38,0,120,19.483,57.685
2026-06-04 17:45:15,34,41,0,105,19.104,58.927
2026-06-04 17:50:15,33,36,0,102,18.869,59.671
2026-06-04 17:55:15,31,36,0,88,18.647,60.396
2026-06-04 18:00:15,36,41,0,127,18.396,60.997
2026-06-04 18:05:15,33,37,0,135,18.14,62.103
2026-06-04 18:10:15,35,39,0,119,17.948,62.139
2026-06-04 18:15:15,35,41,0,131,17.771,62.629
2026-06-04 18:20:15,35,41,0,124,17.598,63.001
2026-06-04 18:25:14,33,37,0,110,17.422,63.646
2026-06-04 18:30:15,34,41,0,114,17.229,64.407
2026-06-04 18:35:14,34,40,0,105,17.01,64.842
2026-06-04 18:40:15,36,43,0,138,16.85,65.302
2026-06-04 18:45:14,34,39,0,126,16.655,65.809
2026-06-04 18:50:15,36,40,0,129,16.538,65.489
2026-06-04 18:55:15,34,41,0,122,16.404,65.582
2026-06-04 19:00:15,34,39,0,128,16.265,66.152
2026-06-04 19:05:15,35,40,0,131,16.121,66.282
2026-06-04 19:10:15,35,41,0,108,15.969,66.951
2026-06-04 19:15:15,35,42,0,101,15.809,67.123
2026-06-04 19:20:15,37,44,0,117,15.691,67.508
2026-06-04 19:25:15,37,43,0,112,15.552,67.65
2026-06-04 19:30:15,37,44,0,122,15.451,68.189
2026-06-04 19:35:15,34,40,0,117,15.341,68.735
2026-06-04 19:40:15,37,42,0,111,15.235,69.074
2026-06-04 19:45:15,36,41,0,108,15.112,69.265
2026-06-04 19:50:15,36,42,0,119,15.01,69.439
2026-06-04 19:55:15,41,49,0,140,14.962,69.933
2026-06-04 20:00:15,41,49,0,175,14.992,70.581
2026-06-04 20:05:15,44,55,0,220,15.109,70.785
2026-06-04 20:10:15,42,52,0,216,15.28,68.645
2026-06-04 20:15:15,43,53,0,215,15.387,69.265
2026-06-04 20:20:15,44,52,0,194,15.499,69.219
2026-06-04 20:25:15,38,49,0,175,15.694,69.191
2026-06-04 20:30:15,38,49,0,182,15.822,68.834
2026-06-04 20:35:15,37,46,0,157,15.956,68.662
2026-06-04 20:40:15,37,42,0,138,16.105,68.622
2026-06-04 20:45:15,34,39,0,133,16.212,68.399
2026-06-04 20:50:15,37,45,0,118,16.305,68.247
2026-06-04 20:55:15,36,44,0,109,16.386,67.922
2026-06-04 21:00:15,36,41,0,98,16.514,67.304
2026-06-04 21:05:15,36,43,0,105,16.631,66.631
2026-06-04 21:10:15,38,46,0,155,16.717,58.256
2026-06-04 21:15:15,40,48,0,176,16.607,59.387
2026-06-04 21:20:15,40,48,0,179,16.57,58.139
2026-06-04 21:25:15,40,49,0,144,16.527,59.179
2026-06-04 21:30:15,41,49,0,144,16.463,65.763
2026-06-04 21:35:15,42,52,0,163,16.463,65.994
2026-06-04 21:40:15,40,48,0,170,16.476,66.446
2026-06-04 21:45:15,40,48,0,179,16.572,59.812
2026-06-04 21:50:15,40,48,0,161,16.567,66.36
2026-06-04 21:55:15,41,49,0,165,16.588,63.671
2026-06-04 22:00:15,37,43,0,149,16.588,66.383
2026-06-04 22:05:15,37,46,0,141,16.639,66.29
2026-06-04 22:10:16,40,49,0,151,16.741,65.891
2026-06-04 22:15:15,43,52,0,167,16.853,65.262
2026-06-04 22:20:15,43,51,0,162,16.89,65.281
2026-06-04 22:25:15,42,51,0,158,16.901,65.185
2026-06-04 22:30:15,39,49,0,131,16.888,65.519
2026-06-04 22:35:15,45,54,0,166,16.882,65.105
2026-06-04 22:40:16,43,52,0,159,16.909,65.08
2026-06-04 22:45:15,40,49,0,167,16.925,65.283
2026-06-04 22:50:16,40,49,0,195,16.952,65.149
2026-06-04 22:55:15,39,46,0,130,16.949,64.602
2026-06-04 23:00:16,36,43,0,105,16.949,64.569
2026-06-04 23:05:15,37,43,0,122,16.981,64.516
2026-06-04 23:10:15,39,47,0,124,16.965,64.525
2026-06-04 23:15:15,40,48,0,113,16.981,64.468
2026-06-04 23:20:16,40,46,0,131,16.984,64.432
2026-06-04 23:25:15,40,47,0,120,16.984,64.493
2026-06-04 23:30:16,49,59,0,158,17.005,64.15
2026-06-04 23:35:15,49,61,0,180,16.994,64.178
2026-06-04 23:40:16,51,64,0,181,16.989,64.502
2026-06-04 23:45:15,49,61,0,183,16.981,64.462
2026-06-04 23:50:16,49,61,0,186,17.002,59.282
2026-06-04 23:55:15,48,61,0,164,16.981,64.779
2026-06-05 00:00:16,47,57,0,170,16.97,65
2026-06-05 00:05:16,47,59,0,162,17.013,64.716
2026-06-05 00:10:16,47,57,0,156,16.994,64.912
2026-06-05 00:15:16,45,57,0,166,16.973,63.455
2026-06-05 00:20:15,48,59,0,193,16.994,57.901
2026-06-05 00:25:15,45,56,0,209,16.93,60.104
2026-06-05 00:30:16,47,58,0,185,16.829,59.286
2026-06-05 00:35:15,45,54,0,167,16.773,60.627
2026-06-05 00:40:15,46,56,0,161,16.666,60.888
2026-06-05 00:45:16,45,55,0,155,16.559,61.117
2026-06-05 00:50:16,44,54,0,164,16.538,61.296
2026-06-05 00:55:15,42,55,0,149,16.5,61.119
2026-06-05 01:00:16,45,57,0,152,16.482,61.569
2026-06-05 01:05:16,45,53,0,135,16.519,61.054
2026-06-05 01:10:15,44,53,0,131,16.53,61.987
2026-06-05 01:15:16,42,52,0,136,16.492,63.228
2026-06-05 01:20:15,45,56,0,140,16.466,62.254
2026-06-05 01:25:16,43,53,0,122,16.484,63.234
2026-06-05 01:30:16,44,55,0,120,16.532,64.901
2026-06-05 01:35:16,43,56,0,130,16.618,65.649
2026-06-05 01:40:15,46,56,0,133,16.735,65.077
2026-06-05 01:45:16,43,53,0,125,16.88,64.417
2026-06-05 01:50:16,44,57,0,143,16.946,64.516
2026-06-05 01:55:16,45,55,0,144,16.978,64.542
2026-06-05 02:00:16,43,56,0,131,17,64.495
2026-06-05 02:05:16,44,54,0,133,17.01,64.319
2026-06-05 02:10:16,42,53,0,119,17.021,63.722
2026-06-05 02:15:16,40,50,0,75,17.013,59.293
2026-06-05 02:20:16,43,51,0,76,16.965,62.896
2026-06-05 02:25:16,41,50,0,79,16.874,62.868
2026-06-05 02:30:16,41,50,0,70,16.735,63.005
2026-06-05 02:35:16,42,51,0,84,16.618,63.106
2026-06-05 02:40:16,42,51,0,94,16.455,63.242
2026-06-05 02:45:16,40,50,0,102,16.231,63.699
2026-06-05 02:50:16,41,51,0,108,15.969,64.808
2026-06-05 02:55:16,41,51,0,104,15.777,63.894
2026-06-05 03:00:16,42,51,0,95,15.52,64.867
2026-06-05 03:05:16,42,50,0,110,15.304,64.83
2026-06-05 03:10:16,41,51,0,195,15.112,66.143
2026-06-05 03:15:16,44,53,0,140,14.92,67.711
2026-06-05 03:20:16,44,52,0,103,14.77,68.552
2026-06-05 03:25:16,44,53,0,122,14.733,68.102
2026-06-05 03:30:16,43,55,0,120,14.714,68.353
2026-06-05 03:35:16,43,52,0,114,14.805,68.403
2026-06-05 03:40:16,44,54,0,93,14.895,68.18
2026-06-05 03:45:17,43,53,0,95,14.981,68.361
2026-06-05 03:50:16,38,44,0,85,14.97,67.371
2026-06-05 03:55:16,40,48,0,88,15.048,67.339
2026-06-05 04:00:16,41,50,0,86,15.096,67.379
2026-06-05 04:05:16,41,49,0,98,15.171,67.436
2026-06-05 04:10:16,42,49,0,94,15.261,66.913
2026-06-05 04:15:16,42,51,0,89,15.352,66.204
2026-06-05 04:20:16,42,51,0,98,15.414,66.372
2026-06-05 04:25:17,40,52,0,98,15.52,60.764
2026-06-05 04:30:16,42,52,0,98,15.547,60.711
2026-06-05 04:35:17,43,53,0,93,15.462,61.409
2026-06-05 04:40:16,43,51,0,106,15.376,62.023
2026-06-05 04:45:16,41,53,0,110,15.341,61.863
2026-06-05 04:50:16,48,59,0,112,15.293,62.317
2026-06-05 04:55:17,43,53,0,119,15.325,65.624
2026-06-05 05:00:16,43,53,0,132,15.432,62.011
2026-06-05 05:05:17,42,51,0,95,15.499,66.072
2026-06-05 05:10:16,44,52,0,108,15.558,61.111
2026-06-05 05:15:16,43,52,0,119,15.558,62.553
2026-06-05 05:20:17,40,49,0,100,15.536,62.214
2026-06-05 05:25:17,40,48,0,99,15.542,64.533
2026-06-05 05:30:16,38,47,0,96,15.576,63.762
2026-06-05 05:35:16,39,50,0,95,15.598,64.798
2026-06-05 05:40:16,40,48,0,97,15.571,64.89
2026-06-05 05:45:17,40,49,0,103,15.582,64.85
2026-06-05 05:50:16,41,49,0,128,15.587,64.867
2026-06-05 05:55:16,43,52,0,116,15.526,64.766
2026-06-05 06:00:17,42,51,0,113,15.472,64.897
2026-06-05 06:05:17,42,52,0,118,15.424,62.748
2026-06-05 06:10:17,43,51,0,123,15.275,65.345
2026-06-05 06:15:17,42,53,0,113,15.136,64.954
2026-06-05 06:20:17,44,56,0,123,14.978,64.865
2026-06-05 06:25:16,40,50,0,109,14.829,65.113
2026-06-05 06:30:17,43,54,0,121,14.652,64.745
2026-06-05 06:35:17,45,55,0,119,14.514,61.702
2026-06-05 06:40:16,45,56,0,124,14.295,65.555
2026-06-05 06:45:17,46,55,0,121,14.142,61.075
2026-06-05 06:50:16,44,56,0,127,13.945,66.127
2026-06-05 06:55:17,43,54,0,141,13.795,67.125
2026-06-05 07:00:17,48,58,0,155,13.71,67.4
2026-06-05 07:05:17,47,57,0,167,13.646,66.787
2026-06-05 07:10:17,50,61,0,174,13.563,66.639
2026-06-05 07:15:17,50,64,0,160,13.478,66.183
2026-06-05 07:20:17,51,66,0,168,13.323,66.95
2026-06-05 07:25:17,54,67,0,168,13.2,67.884
2026-06-05 07:30:17,53,67,0,191,13.13,67.547
2026-06-05 07:35:17,53,66,0,181,13.053,67.409
2026-06-05 07:40:17,52,67,0,187,13,67.69
2026-06-05 07:45:17,54,67,0,243,12.978,67.678
2026-06-05 07:50:17,54,67,0,255,12.978,67.802
2026-06-05 07:55:17,50,64,0,259,12.941,68.571
2026-06-05 08:00:17,50,61,0,245,12.997,68.138
2026-06-05 08:05:17,53,67,0,255,13.066,68.119
2026-06-05 08:10:17,53,67,0,277,13.152,68.315
2026-06-05 08:15:17,50,63,0,262,13.232,67.522
2026-06-05 08:20:17,50,65,0,227,13.259,67.661
2026-06-05 08:25:17,52,65,0,234,13.357,67.903
2026-06-05 08:30:17,51,65,0,221,13.486,67.89
2026-06-05 08:35:17,52,69,0,199,13.608,67.817
2026-06-05 08:40:17,52,65,0,184,13.801,67.76
2026-06-05 08:45:17,55,68,0,165,14.02,67.239
2026-06-05 08:50:17,54,72,0,171,14.284,67.276
2026-06-05 08:55:17,54,67,0,179,14.551,66.28
2026-06-05 09:00:17,54,69,0,174,14.866,65.643
2026-06-05 09:05:17,54,69,0,187,15.149,61.828
2026-06-05 09:10:17,55,69,0,170,15.363,63.629
2026-06-05 09:15:17,53,65,0,167,15.6,62.601
2026-06-05 09:20:17,52,66,0,168,15.83,61.487
2026-06-05 09:25:17,52,65,0,229,16.081,61.855
2026-06-05 09:30:17,53,67,0,196,16.263,61.048
2026-06-05 09:35:17,52,65,0,191,16.45,58.691
2026-06-05 09:40:18,51,64,0,185,16.506,58.376
2026-06-05 09:45:17,51,64,0,190,16.511,59.133
2026-06-05 09:50:18,49,64,0,186,16.629,59.002
2026-06-05 09:55:17,49,61,0,184,16.922,58.347
2026-06-05 10:00:17,51,63,0,194,17.483,57.447
2026-06-05 10:05:17,47,59,0,145,17.673,55.7
2026-06-05 10:10:18,46,57,0,129,17.571,56.039
2026-06-05 10:15:17,46,58,0,182,17.886,56.058
2026-06-05 10:20:18,51,64,0,192,18.276,55.885
2026-06-05 10:25:18,48,61,0,167,18.543,54.897
2026-06-05 10:30:17,50,63,0,141,18.775,54.782
2026-06-05 10:35:17,46,60,0,114,19.155,53.997
2026-06-05 10:40:17,45,56,0,91,19.523,52.656
2026-06-05 10:45:18,44,56,0,93,19.876,53.392
2026-06-05 10:50:18,46,57,0,83,20.613,52.103
2026-06-05 10:55:17,45,57,0,94,21.262,47.954
2026-06-05 11:00:18,44,55,0,86,21.892,46.1
2026-06-05 11:05:18,44,55,0,70,22.501,46.871
2026-06-05 11:10:17,43,54,0,71,22.928,44.311
2026-06-05 11:15:18,44,54,0,76,23.2,42.896
2026-06-05 11:20:18,40,47,0,60,23.459,42.928
2026-06-05 11:25:18,40,49,0,55,23.758,41.721
2026-06-05 11:30:18,42,52,0,51,24.132,40.969
2026-06-05 11:35:18,41,49,0,37,24.346,44.435
2026-06-05 11:40:18,43,54,0,48,24.586,41.181
2026-06-05 11:45:18,43,53,0,47,24.242,40.715
2026-06-05 11:50:18,43,52,0,64,23.515,42.68
2026-06-05 11:55:18,43,55,0,77,22.768,44.513
2026-06-05 12:00:18,42,51,0,83,22.201,46.117
2026-06-05 12:05:18,41,51,0,70,21.86,47.149
2026-06-05 12:10:18,35,45,0,34,21.622,47.01
2026-06-05 12:15:18,41,50,0,39,21.414,47.399
2026-06-05 12:20:18,40,49,0,36,21.179,48.337
2026-06-05 12:25:18,39,47,0,42,20.912,48.631
2026-06-05 12:30:18,39,46,0,64,20.735,49.127
2026-06-05 12:35:18,40,49,0,62,20.695,48.854
2026-06-05 12:40:18,40,49,0,45,20.637,49.117
2026-06-05 12:45:18,39,47,0,36,20.658,49.415
2026-06-05 12:50:18,41,49,0,33,20.781,48.864
2026-06-05 12:55:18,41,50,0,35,21.08,49.314
2026-06-05 13:00:18,39,47,0,44,21.665,46.92
2026-06-05 13:05:18,39,48,0,28,22.119,45.816
2026-06-05 13:10:18,37,45,0,33,22.573,45.32
2026-06-05 13:15:18,41,49,0,27,23.096,45.74
2026-06-05 13:20:18,35,42,0,17,23.587,43.741
2026-06-05 13:25:18,39,47,0,29,24.033,42.768
2026-06-05 13:30:18,39,46,0,52,24.316,41.736
2026-06-05 13:35:18,35,41,0,19,24.519,40.448
2026-06-05 13:40:18,36,42,0,25,24.429,40.7
2026-06-05 13:45:18,38,46,0,27,24.268,40.733
2026-06-05 13:50:18,38,45,0,34,24.127,41.364
2026-06-05 13:55:18,36,46,0,60,23.78,42.014
2026-06-05 14:00:18,37,47,0,28,23.63,42.014
2026-06-05 14:05:19,35,42,0,31,23.47,42.894
2026-06-05 14:10:18,37,46,0,45,23.406,43.065
2026-06-05 14:15:19,36,43,0,21,23.232,42.991
2026-06-05 14:20:18,37,45,0,37,23.184,47.174
2026-06-05 14:25:18,34,40,0,34,23.125,43.197
2026-06-05 14:30:18,35,41,0,46,23.168,43.731
2026-06-05 14:35:19,35,42,0,35,23.168,43.63
2026-06-05 14:40:18,32,37,0,18,23.294,44.288
2026-06-05 14:45:19,35,42,0,17,23.374,43.121
2026-06-05 14:50:18,32,35,0,19,23.427,42.566
2026-06-05 14:55:18,30,35,0,25,23.481,42.608
2026-06-05 15:00:18,29,33,0,39,23.475,43.069
2026-06-05 15:05:18,27,27,0,19,23.414,43.607
2026-06-05 15:10:19,23,23,0,26,23.248,43.361
2026-06-05 15:15:19,25,28,0,48,23.088,44.095
2026-06-05 15:20:18,17,18,0,47,22.88,44.359
2026-06-05 15:25:19,17,19,0,38,22.757,44.765
2026-06-05 15:30:19,19,19,0,39,22.701,45.16
2026-06-05 15:35:19,12,14,0,5,22.61,45.379
2026-06-05 15:40:19,14,17,0,16,22.535,45.49
2026-06-05 15:45:20,7,8,0,6,22.444,45.701
2026-06-05 15:50:19,11,11,0,0,22.308,45.982
2026-06-05 15:55:19,15,15,0,47,22.223,47.002
2026-06-05 16:00:19,8,8,0,0,22.052,46.737
2026-06-05 16:05:19,11,12,0,34,21.913,47.254
2026-06-05 16:10:22,8,8,0,40,21.726,48.124
2026-06-05 16:15:19,8,8,0,53,21.384,48.816
2026-06-05 16:20:19,5,5,0,33,21.072,49.346
2026-06-05 16:25:18,8,11,0,51,20.805,50.268
2026-06-05 16:30:19,8,8,0,60,20.613,50.884
2026-06-05 16:35:19,7,7,0,54,20.378,51.616
2026-06-05 16:40:18,7,7,0,48,20.196,52.209
2026-06-05 16:45:19,7,7,0,48,19.99,52.577
2026-06-05 16:50:18,5,6,0,59,19.83,53.236
2026-06-05 16:55:19,7,7,0,68,19.633,53.644
2026-06-05 17:00:18,6,7,0,79,19.483,54.119
2026-06-05 17:05:19,6,6,0,55,19.28,54.826
2026-06-05 17:10:19,7,7,0,66,19.091,55.532
2026-06-05 17:15:19,4,5,0,85,18.952,55.9
2026-06-05 17:20:19,8,8,0,96,18.813,56.295
2026-06-05 17:25:19,7,9,0,88,18.663,56.366
2026-06-05 17:30:19,7,7,0,68,18.508,56.785
2026-06-05 17:35:19,9,9,0,83,18.335,57.329
2026-06-05 17:40:19,10,10,0,93,18.18,58.103
2026-06-05 17:45:19,9,9,0,85,17.988,58.658
2026-06-05 17:50:19,15,17,0,114,17.849,59.429
2026-06-05 17:55:19,13,17,0,113,17.694,59.454
2026-06-05 18:00:19,11,11,0,91,17.558,60.459
2026-06-05 18:05:19,11,14,0,85,17.456,60.657
2026-06-05 18:10:19,11,11,0,118,17.366,60.953
2026-06-05 18:15:19,15,16,0,94,17.296,61.121
2026-06-05 18:20:19,23,25,0,105,17.264,61.372
2026-06-05 18:25:19,33,36,0,111,17.187,61.643
2026-06-05 18:30:19,13,16,0,95,17.112,61.695
2026-06-05 18:35:19,20,23,0,100,17.085,61.754
2026-06-05 18:40:19,24,25,0,138,17.08,61.836
2026-06-05 18:45:19,20,22,0,168,17.042,61.866
2026-06-05 18:50:19,14,18,0,192,16.986,62.193
2026-06-05 18:55:19,22,23,0,175,16.97,59.797
2026-06-05 19:00:19,27,27,0,176,16.89,62.41
2026-06-05 19:05:19,24,25,0,149,16.858,62.538
2026-06-05 19:10:19,25,27,0,173,16.847,62.284
2026-06-05 19:15:19,25,26,0,182,16.786,62.807
2026-06-05 19:20:19,26,27,0,155,16.743,62.961
2026-06-05 19:25:19,29,33,0,175,16.669,63.041
2026-06-05 19:30:19,24,25,0,184,16.599,63.453
2026-06-05 19:35:19,20,22,0,159,16.535,63.743
2026-06-05 19:40:19,19,19,0,140,16.548,57.046
2026-06-05 19:45:19,24,26,0,223,16.49,64.043
2026-06-05 19:50:19,23,24,0,214,16.495,63.951
2026-06-05 19:55:19,25,26,0,291,16.474,63.768
2026-06-05 20:00:20,18,22,0,247,16.436,63.034
2026-06-05 20:05:19,18,19,0,276,16.375,64.207
2026-06-05 20:10:19,18,18,0,266,16.268,64.211
2026-06-05 20:15:19,13,17,0,199,16.183,64.514
2026-06-05 20:20:19,15,15,0,225,16.086,64.356
2026-06-05 20:25:19,14,18,0,223,16.001,62.65
2026-06-05 20:30:19,25,27,0,231,15.897,58.054
2026-06-05 20:35:19,30,32,0,264,15.849,60.587
2026-06-05 20:40:20,33,35,0,323,15.785,60.699
2026-06-05 20:45:20,30,31,0,248,15.715,65.807
2026-06-05 20:50:20,26,26,0,250,15.667,63.444
2026-06-05 20:55:20,28,29,0,272,15.574,63.949
2026-06-05 21:00:19,29,30,0,215,15.462,65.901
2026-06-05 21:05:19,29,31,0,239,15.371,65.92
2026-06-05 21:10:19,28,28,0,198,15.264,65.868
2026-06-05 21:15:20,28,28,0,227,15.146,65.979
2026-06-05 21:20:20,30,31,0,240,15.048,65.626
2026-06-05 21:25:20,29,33,0,261,14.887,66.372
2026-06-05 21:30:19,29,30,0,259,14.781,66.675
2026-06-05 21:35:20,31,36,0,327,14.674,66.78
2026-06-05 21:40:20,31,31,0,353,14.551,66.446
2026-06-05 21:45:20,35,41,0,438,14.42,66.86
2026-06-05 21:50:20,34,35,0,332,14.281,67.833
2026-06-05 21:55:20,32,33,0,347,14.169,68.233
2026-06-05 22:00:19,32,35,0,422,14.068,68.334
2026-06-05 22:05:20,27,29,0,253,14.004,68.973
2026-06-05 22:10:19,32,33,0,408,13.905,65.742
2026-06-05 22:15:20,36,43,0,320,13.75,66.269
2026-06-05 22:20:19,38,48,0,266,13.552,66.335
2026-06-05 22:25:20,38,46,0,290,13.381,67.272
2026-06-05 22:30:19,43,51,0,265,13.237,66.9
2026-06-05 22:35:20,44,53,0,268,13.144,69.219
2026-06-05 22:40:20,44,53,0,271,13.042,69.496
2026-06-05 22:45:20,50,62,0,501,12.962,69.834
2026-06-05 22:50:20,45,55,0,285,12.807,70.545
2026-06-05 22:55:20,47,58,0,386,12.738,60.987
2026-06-05 23:00:20,56,73,0,558,12.676,62.652
2026-06-05 23:05:20,68,79,0,507,12.687,63.602
2026-06-05 23:10:20,64,77,0,495,12.682,62.025
2026-06-05 23:15:20,64,76,0,452,12.65,69.845
2026-06-05 23:20:20,63,77,0,468,12.607,69.086
2026-06-05 23:25:20,57,73,0,410,12.492,68.355
2026-06-05 23:30:20,58,74,0,391,12.401,67.934
2026-06-05 23:35:20,57,71,0,389,12.273,68.365
2026-06-05 23:40:20,58,72,0,372,12.166,69.051
2026-06-05 23:45:20,56,69,0,357,12.081,68.083
2026-06-05 23:50:20,58,72,0,364,11.971,67.951
2026-06-05 23:55:20,55,69,0,330,11.827,67.133
2026-06-06 00:00:20,54,68,0,381,11.726,68.063
2026-06-06 00:05:20,54,66,0,370,11.624,67.438
2026-06-06 00:10:20,53,66,0,333,11.512,68.418
2026-06-06 00:15:20,52,63,0,274,11.429,69.5
2026-06-06 00:20:20,46,55,0,254,11.36,70.72
2026-06-06 00:25:20,52,62,0,294,11.376,68.342
2026-06-06 00:30:20,51,63,0,299,11.328,70.745
2026-06-06 00:35:20,52,64,0,312,11.349,71.247
2026-06-06 00:40:20,56,71,0,346,11.384,71.039
2026-06-06 00:45:20,56,70,0,369,11.448,70.934
2026-06-06 00:50:20,56,70,0,410,11.518,70.45
2026-06-06 00:55:20,57,72,0,369,11.485,69.181
2026-06-06 01:00:20,56,71,0,346,11.384,69.996
2026-06-06 01:05:20,55,70,0,340,11.328,70.488
2026-06-06 01:10:20,55,70,0,327,11.296,69.858
2026-06-06 01:15:20,52,66,0,307,11.317,68.813
2026-06-06 01:20:20,52,64,0,292,11.301,68.189
2026-06-06 01:25:20,50,62,0,274,11.275,68.266
2026-06-06 01:30:20,50,63,0,263,11.293,69.57
2026-06-06 01:35:20,52,64,0,269,11.368,69.109
2026-06-06 01:40:20,49,59,0,235,11.432,69.587
2026-06-06 01:45:20,50,61,0,224,11.501,69.813
2026-06-06 01:50:20,50,60,0,225,11.603,66.021
2026-06-06 01:55:20,50,62,0,292,11.696,64.537
2026-06-06 02:00:20,53,65,0,296,11.782,70.736
2026-06-06 02:05:20,57,70,0,360,11.926,70.581
2026-06-06 02:10:20,56,70,0,339,12.097,70.375
2026-06-06 02:15:20,57,71,0,378,12.289,70.081
2026-06-06 02:20:20,59,75,0,371,12.447,69.673
2026-06-06 02:25:20,64,78,0,495,12.575,69.595
2026-06-06 02:30:20,66,79,0,516,12.687,62.593
2026-06-06 02:35:21,72,83,0,523,12.789,65.622
2026-06-06 02:40:21,71,82,0,514,12.874,64.291
2026-06-06 02:45:21,67,80,0,553,12.978,62.196
2026-06-06 02:50:21,62,76,0,473,13.053,69.359
2026-06-06 02:55:21,58,74,0,468,13.197,65.334
2026-06-06 03:00:20,59,75,0,435,13.325,69.078
2026-06-06 03:05:20,56,70,0,386,13.453,67.02
2026-06-06 03:10:21,55,70,0,356,13.51,68.212
2026-06-06 03:15:21,50,60,0,266,13.616,67.686
2026-06-06 03:20:21,44,53,0,206,13.702,67.291
2026-06-06 03:25:21,44,52,0,199,13.766,66.95
2026-06-06 03:30:21,43,54,0,219,13.867,66.883
2026-06-06 03:35:20,43,52,0,189,13.934,66.503
2026-06-06 03:40:21,43,52,0,183,13.945,66.711
2026-06-06 03:45:20,43,53,0,200,13.939,66.763
2026-06-06 03:50:21,40,49,0,186,13.95,66.925
2026-06-06 03:55:20,39,46,0,176,13.934,67.169
2026-06-06 04:00:21,40,48,0,166,13.996,67.241
2026-06-06 04:05:20,38,45,0,171,14.07,67.375
2026-06-06 04:10:21,40,49,0,163,14.113,67.486
2026-06-06 04:15:21,38,48,0,179,14.193,64.323
2026-06-06 04:20:21,38,46,0,176,14.199,61.454
2026-06-06 04:25:21,38,46,0,167,14.153,66.515
2026-06-06 04:30:21,39,46,0,173,14.132,67.838
2026-06-06 04:35:21,38,46,0,167,14.164,67.816
2026-06-06 04:40:20,40,48,0,198,14.244,65.342
2026-06-06 04:45:21,39,47,0,202,14.233,62.166
2026-06-06 04:50:21,43,50,0,211,14.172,62.301
2026-06-06 04:55:21,42,53,0,212,14.097,65.153
2026-06-06 05:00:21,44,52,0,228,14.134,62.217
2026-06-06 05:05:21,41,48,0,228,14.134,63.78
2026-06-06 05:10:21,45,53,0,212,14.118,66.932
2026-06-06 05:15:21,42,52,0,211,14.158,67.968
2026-06-06 05:20:21,43,51,0,219,14.223,67.56
2026-06-06 05:25:21,43,52,0,227,14.361,67.171
2026-06-06 05:30:21,43,52,0,225,14.495,66.921
2026-06-06 05:35:21,44,53,0,216,14.548,66.862
2026-06-06 05:40:21,45,55,0,208,14.588,66.816
2026-06-06 05:45:21,44,53,0,207,14.652,66.66
2026-06-06 05:50:21,41,52,0,210,14.668,66.597
2026-06-06 05:55:21,41,50,0,209,14.738,66.372
2026-06-06 06:00:21,42,51,0,199,14.765,66.45
2026-06-06 06:05:21,41,48,0,186,14.815,66.173
2026-06-06 06:10:21,41,48,0,185,14.842,66.131
2026-06-06 06:15:21,39,49,0,175,14.879,66.189
2026-06-06 06:20:21,40,49,0,205,14.901,65.784
2026-06-06 06:25:21,41,49,0,196,14.954,65.67
2026-06-06 06:30:21,41,49,0,179,15.01,65.363
2026-06-06 06:35:21,37,47,0,176,15.053,65.691
2026-06-06 06:40:21,39,45,0,173,15.096,65.698
2026-06-06 06:45:21,38,44,0,179,15.133,65.509
2026-06-06 06:50:22,36,42,0,177,15.128,65.368
2026-06-06 06:55:21,35,42,0,175,15.136,65.389
2026-06-06 07:00:21,37,42,0,185,15.12,65.521
2026-06-06 07:05:21,39,47,0,176,15.093,65.582
2026-06-06 07:10:21,38,48,0,188,15.136,65.588
2026-06-06 07:15:22,36,47,0,209,15.152,65.487
2026-06-06 07:20:21,35,43,0,179,15.213,65.304
2026-06-06 07:25:21,36,45,0,173,15.213,65.353
2026-06-06 07:30:21,36,43,0,167,15.224,65.509
2026-06-06 07:35:22,36,44,0,168,15.224,65.717
2026-06-06 07:40:22,37,45,0,159,15.208,65.658
2026-06-06 07:45:22,40,47,0,168,15.216,65.489
2026-06-06 07:50:22,37,44,0,246,15.221,61.487
2026-06-06 07:55:22,37,45,0,213,15.109,65.826
2026-06-06 08:00:21,37,44,0,182,15.12,65.784
2026-06-06 08:05:22,37,44,0,163,15.189,65.782
2026-06-06 08:10:22,34,40,0,170,15.208,65.132
2026-06-06 08:15:21,35,39,0,163,15.213,65.786
2026-06-06 08:20:22,40,47,0,165,15.277,65.929
2026-06-06 08:25:21,39,48,0,173,15.283,66.127
2026-06-06 08:30:22,37,45,0,179,15.357,65.651
2026-06-06 08:35:22,38,44,0,184,15.483,65.46
2026-06-06 08:40:22,35,41,0,186,15.59,65.191
2026-06-06 08:45:22,35,43,0,196,15.691,64.815
2026-06-06 08:50:22,40,49,0,186,15.793,64.233
2026-06-06 08:55:22,40,47,0,192,15.878,64.19
2026-06-06 09:00:27,40,46,0,181,15.934,63.142
2026-06-06 09:05:22,43,52,0,187,16.052,62.519
2026-06-06 09:10:22,41,49,0,182,16.092,63.402
2026-06-06 09:15:22,37,43,0,163,16.183,63.459
2026-06-06 09:20:22,37,45,0,218,16.337,63.001
2026-06-06 09:25:21,37,44,0,205,16.503,62.959
2026-06-06 09:30:22,40,48,0,232,16.727,61.99
2026-06-06 09:35:21,40,49,0,203,16.928,61.828
2026-06-06 09:40:22,41,50,0,226,17.152,61.609
2026-06-06 09:45:21,37,46,0,211,17.446,61.014
2026-06-06 09:50:22,36,43,0,197,17.873,59.572
2026-06-06 09:55:22,36,45,0,201,18.305,58.59
2026-06-06 10:00:22,34,39,0,177,18.703,57.375
2026-06-06 10:05:22,35,39,0,168,19.467,55.368
2026-06-06 10:10:22,35,43,0,167,20.434,55.013
2026-06-06 10:15:22,32,38,0,129,21.411,50.178
2026-06-06 10:20:22,32,35,0,105,22.367,51.801
2026-06-06 10:25:22,33,37,0,91,23.005,46.68
2026-06-06 10:30:22,30,35,0,86,23.224,47.307
2026-06-06 10:35:22,27,30,0,81,23.208,47.473
2026-06-06 10:40:22,29,33,0,74,23.16,45.768
2026-06-06 10:45:22,32,35,0,92,23.678,43.434
2026-06-06 10:50:22,30,34,0,74,24.594,45.284
2026-06-06 10:55:22,33,38,0,71,25.224,39.588
2026-06-06 11:00:22,33,35,0,79,26.33,37.364
2026-06-06 11:05:22,33,36,0,86,27.045,36.269
2026-06-06 11:10:22,29,32,0,53,27.43,41.89
2026-06-06 11:15:22,28,28,0,56,27.342,41.169
2026-06-06 11:20:22,29,32,0,35,27.283,42.484
2026-06-06 11:25:22,29,29,0,52,27.726,35.138
2026-06-06 11:30:22,32,34,0,59,28.138,33.801
2026-06-06 11:35:22,28,32,0,44,28.773,38.295
2026-06-06 11:40:22,28,30,0,37,29.438,39.935
2026-06-06 11:45:22,33,37,0,36,29.657,38.511
2026-06-06 11:50:23,32,35,0,58,29.486,32.497
2026-06-06 11:55:22,33,41,0,63,29.625,31.617
2026-06-06 12:00:22,36,43,0,47,30.06,35.604
2026-06-06 12:05:22,34,42,0,41,30.055,38.986
2026-06-06 12:10:22,33,40,0,24,30.386,38.282
2026-06-06 12:15:22,32,38,0,56,30.573,30.025
2026-06-06 12:20:22,36,42,0,54,31.086,29.519
2026-06-06 12:25:22,34,39,0,33,31.756,37.227
2026-06-06 12:30:22,32,35,0,9,32.242,36.205
2026-06-06 12:35:22,31,35,0,24,32.098,36.46
2026-06-06 12:40:22,33,36,0,36,31.948,28.339
2026-06-06 12:45:23,32,36,0,23,32.071,30.824
2026-06-06 12:50:22,29,32,0,39,32.282,28.041
2026-06-06 12:55:23,32,35,0,27,32.164,28.236
2026-06-06 13:00:22,25,27,0,17,32.255,28.377
2026-06-06 13:05:22,25,25,0,14,32.586,27.97
2026-06-06 13:10:22,26,28,0,15,32.57,28.308
2026-06-06 13:15:22,25,26,0,20,32.493,28.236
2026-06-06 13:20:22,26,27,0,19,32.626,28.134
2026-06-06 13:25:22,20,22,0,0,32.717,36.292
2026-06-06 13:30:22,22,23,0,12,32.456,28.447
2026-06-06 13:35:23,24,25,0,9,32.557,28.817
2026-06-06 13:40:22,19,21,0,15,32.667,28.615
2026-06-06 13:45:23,22,23,0,11,32.613,28.081
2026-06-06 13:50:22,23,23,0,15,32.741,29.643
2026-06-06 13:55:23,22,23,0,15,32.64,28.459
2026-06-06 14:00:23,15,19,0,11,32.56,29.492
2026-06-06 14:05:23,14,16,0,6,32.285,30.406
2026-06-06 14:10:22,15,15,0,6,31.692,29.567
2026-06-06 14:15:23,9,12,0,11,31.131,30.498
2026-06-06 14:20:23,5,5,0,0,30.72,31.119
2026-06-06 14:25:23,9,11,0,0,30.453,31.198
2026-06-06 14:30:23,9,9,0,0,30.167,32.516
2026-06-06 14:35:23,6,7,0,10,29.868,32.247
2026-06-06 14:40:23,12,12,0,0,29.815,32.1
2026-06-06 14:45:23,13,14,0,7,29.857,37.177
2026-06-06 14:50:23,14,15,0,13,29.82,34.194
2026-06-06 14:55:22,14,16,0,0,29.726,35.474
2026-06-06 15:00:23,14,15,0,0,29.246,33.286
2026-06-06 15:05:23,10,14,0,0,29.016,33.309
2026-06-06 15:10:23,16,17,0,0,28.947,34.164
2026-06-06 15:15:23,12,13,0,13,28.787,37.919
2026-06-06 15:20:23,13,13,0,6,28.565,37.313
2026-06-06 15:25:23,6,6,0,0,28.341,34.951
2026-06-06 15:30:23,5,5,0,0,27.892,34.883
2026-06-06 15:35:23,2,2,0,2,27.625,35.287
2026-06-06 15:40:23,10,10,0,19,27.139,35.464
2026-06-06 15:45:24,0,0,0,0,26.282,36.493
2026-06-06 15:50:23,1,2,0,0,26.015,37.042
2026-06-06 15:55:23,4,4,0,0,25.924,37.118
2026-06-06 16:00:23,7,7,0,0,25.593,37.494
2026-06-06 16:05:23,3,5,0,0,24.648,39.022
2026-06-06 16:10:23,4,5,0,9,23.793,40.555
2026-06-06 16:15:23,11,14,0,18,23.318,41.496
2026-06-06 16:20:23,6,6,0,0,23.061,42.087
2026-06-06 16:25:23,4,4,0,0,23.16,41.9
2026-06-06 16:30:23,3,3,0,0,23.005,42.043
2026-06-06 16:35:23,4,4,0,0,22.712,42.442
2026-06-06 16:40:23,4,4,0,10,22.316,43.262
2026-06-06 16:45:23,4,5,0,6,22.129,43.353
2026-06-06 16:50:23,4,4,0,0,21.918,43.306
2026-06-06 16:55:23,4,4,0,0,21.689,43.727
2026-06-06 17:00:23,4,4,0,8,21.561,44.496
2026-06-06 17:05:23,5,5,0,9,21.619,44.368
2026-06-06 17:10:23,4,4,0,14,21.47,44.717
2026-06-06 17:15:23,3,3,0,0,21.104,45.289
2026-06-06 17:20:23,2,2,0,17,20.778,45.902
2026-06-06 17:25:23,3,3,0,31,20.33,46.846
2026-06-06 17:30:23,4,4,0,22,19.95,47.336
2026-06-06 17:35:23,2,2,0,22,19.603,48.196
2026-06-06 17:40:23,5,5,0,53,19.168,48.894
2026-06-06 17:45:23,5,7,0,23,18.869,50.062
2026-06-06 17:50:23,4,5,0,36,18.522,50.991
2026-06-06 17:55:23,5,5,0,38,18.228,51.734
2026-06-06 18:00:23,4,4,0,78,17.929,52.238
2026-06-06 18:05:24,6,6,0,52,17.718,53.077
2026-06-06 18:10:23,4,5,0,39,17.462,53.735
2026-06-06 18:15:23,4,4,0,21,17.253,54.239
2026-06-06 18:20:24,4,4,0,78,17.098,54.723
2026-06-06 18:25:24,5,6,0,51,16.976,55.151
2026-06-06 18:30:23,7,8,0,78,16.845,55.101
2026-06-06 18:35:23,6,7,0,90,16.69,55.509
2026-06-06 18:40:24,6,6,0,83,16.556,56.306
2026-06-06 18:45:23,9,9,0,151,16.402,56.795
2026-06-06 18:50:27,9,11,0,152,16.263,56.894
2026-06-06 18:55:23,14,16,0,148,16.143,56.829
2026-06-06 19:00:23,17,18,0,167,15.993,57.334
2026-06-06 19:05:23,23,23,0,141,15.822,58.092
2026-06-06 19:10:24,25,25,0,172,15.627,59.122
2026-06-06 19:15:24,27,27,0,225,15.472,59.44
2026-06-06 19:20:24,27,28,0,301,15.349,60.169
2026-06-06 19:25:23,27,28,0,307,15.232,60.049
2026-06-06 19:30:23,24,25,0,310,15.082,60.243
2026-06-06 19:35:24,24,25,0,285,14.93,59.673
2026-06-06 19:40:24,21,21,0,278,14.818,60.745
2026-06-06 19:45:24,20,24,0,285,14.652,60.114
2026-06-06 19:50:23,16,17,0,291,14.492,60.434
2026-06-06 19:55:24,11,11,0,277,14.364,60.8
2026-06-06 20:00:24,29,31,0,208,14.217,61.449
2026-06-06 20:05:24,32,33,0,218,14.116,61.914
2026-06-06 20:10:23,38,42,0,228,13.982,62.812
2026-06-06 20:15:24,39,46,0,244,13.907,61.536
2026-06-06 20:20:24,32,33,0,346,13.822,62.753
2026-06-06 20:25:24,35,40,0,360,13.696,62.235
2026-06-06 20:30:24,34,37,0,239,13.584,61.653
2026-06-06 20:35:24,35,42,0,383,13.472,61.912
2026-06-06 20:40:24,42,51,0,287,13.371,62.017
2026-06-06 20:45:24,46,58,0,279,13.248,63.072
2026-06-06 20:50:24,44,52,0,265,13.128,62.032
2026-06-06 20:55:24,46,55,0,248,13.021,60.22
2026-06-06 21:00:24,47,56,0,260,12.855,61.275
2026-06-06 21:05:24,49,59,0,331,12.684,62.99
2026-06-06 21:10:24,53,68,0,337,12.556,62.276
2026-06-06 21:15:24,53,69,0,397,12.441,63.343
2026-06-06 21:20:24,54,67,0,400,12.335,63.867
2026-06-06 21:25:24,52,64,0,380,12.217,65.105
2026-06-06 21:30:24,51,62,0,345,12.153,65.16
2026-06-06 21:35:24,41,46,0,275,12.078,66.059
2026-06-06 21:40:24,41,51,0,280,12.022,66.263
2026-06-06 21:45:24,47,56,0,297,12.022,66.499
2026-06-06 21:50:24,51,64,0,392,12.012,56.696
2026-06-06 21:55:24,57,70,0,426,12.001,65.914
2026-06-06 22:00:24,57,70,0,446,11.969,66.316
2026-06-06 22:05:24,59,75,0,428,11.955,64.813
2026-06-06 22:10:24,59,75,0,486,11.897,65.05
2026-06-06 22:15:24,63,77,0,474,11.849,65.698
2026-06-06 22:20:24,59,75,0,402,11.774,65.174
2026-06-06 22:25:24,55,69,0,358,11.672,65.967
2026-06-06 22:30:25,58,74,0,387,11.606,66.803
2026-06-06 22:35:24,59,75,0,384,11.552,66.412
2026-06-06 22:40:25,57,71,0,377,11.467,65.99
2026-06-06 22:45:25,51,65,0,317,11.387,64.899
2026-06-06 22:50:24,58,74,0,372,11.339,64.449
2026-06-06 22:55:24,54,67,0,315,11.256,65.307
2026-06-06 23:00:25,54,69,0,342,11.165,67.089
2026-06-06 23:05:24,55,68,0,333,11.128,67.253
2026-06-06 23:10:25,57,69,0,307,11.112,66.805
2026-06-06 23:15:24,52,63,0,296,10.999,64.661
2026-06-06 23:20:25,46,55,0,174,10.847,64.054
2026-06-06 23:25:25,48,61,0,182,10.671,64.26
2026-06-06 23:30:25,46,57,0,155,10.543,64.531
2026-06-06 23:35:24,49,61,0,151,10.42,64.655
2026-06-06 23:40:25,51,64,0,165,10.319,64.567
2026-06-06 23:45:25,49,61,0,192,10.204,64.71
2026-06-06 23:50:25,50,60,0,215,10.108,65.605
2026-06-06 23:55:25,58,70,0,303,10.027,66.343
2026-06-07 00:00:24,60,75,0,313,9.953,66.887
2026-06-07 00:05:24,53,64,0,270,9.937,64.706
2026-06-07 00:10:25,53,66,0,253,9.907,68.424
2026-06-07 00:15:25,54,66,0,301,9.886,66.349
2026-06-07 00:20:25,54,65,0,272,9.827,67.81
2026-06-07 00:25:25,50,60,0,248,9.822,67.51
2026-06-07 00:30:25,54,65,0,236,9.795,68.605
2026-06-07 00:35:25,53,66,0,234,9.825,68.081
2026-06-07 00:40:25,56,72,0,231,9.862,69.225
2026-06-07 00:45:25,57,71,0,231,9.862,68.428
2026-06-07 00:50:24,51,61,0,193,9.857,67.232
2026-06-07 00:55:25,48,58,0,184,9.83,66.696
2026-06-07 01:00:24,48,57,0,193,9.774,66.963
2026-06-07 01:05:25,48,57,0,214,9.747,66.095
2026-06-07 01:10:24,46,54,0,181,9.71,67.375
2026-06-07 01:15:25,42,51,0,165,9.736,63.549
2026-06-07 01:20:25,43,55,0,151,9.833,69.143
2026-06-07 01:25:25,43,52,0,143,9.921,65.832
2026-06-07 01:30:25,42,48,0,142,9.942,68.43
2026-06-07 01:35:25,38,43,0,143,9.974,69.622
2026-06-07 01:40:25,46,53,0,151,9.974,68.586
2026-06-07 01:45:25,44,52,0,151,9.926,68.483
2026-06-07 01:50:25,42,49,0,152,9.865,68.121
2026-06-07 01:55:25,42,49,0,146,9.795,67.667
2026-06-07 02:00:25,41,48,0,129,9.752,67.358
2026-06-07 02:05:25,42,53,0,137,9.699,67.699
2026-06-07 02:10:25,41,48,0,170,9.672,68.607
2026-06-07 02:15:25,40,47,0,140,9.595,68.477
2026-06-07 02:20:25,42,50,0,136,9.547,67.631
2026-06-07 02:25:25,41,47,0,165,9.493,58.86
2026-06-07 02:30:25,46,56,0,161,9.397,59.328
2026-06-07 02:35:25,45,53,0,168,9.221,67.73
2026-06-07 02:40:25,42,50,0,155,9.197,68.544
2026-06-07 02:45:25,42,51,0,146,9.128,68.792
2026-06-07 02:50:25,39,43,0,158,9.112,59.715
2026-06-07 02:55:25,45,55,0,200,9.079,61.275
2026-06-07 03:00:25,44,51,0,153,9.16,72.363
2026-06-07 03:05:25,39,46,0,149,9.322,64.195
2026-06-07 03:10:25,39,47,0,124,9.574,73.4
2026-06-07 03:15:25,40,47,0,126,9.792,71.623
2026-06-07 03:20:25,38,46,0,122,9.937,63.461
2026-06-07 03:25:25,41,47,0,135,9.905,67.18
2026-06-07 03:30:25,38,43,0,113,9.752,67.579
2026-06-07 03:35:25,40,46,0,115,9.549,67.693
2026-06-07 03:40:25,40,46,0,123,9.379,68.104
2026-06-07 03:45:25,40,48,0,137,9.218,66.66
2026-06-07 03:50:25,42,50,0,137,9.021,67.526
2026-06-07 03:55:25,43,51,0,139,8.901,66.963
2026-06-07 04:00:25,42,50,0,144,8.804,68.376
2026-06-07 04:05:25,38,47,0,145,8.772,69.027
2026-06-07 04:10:25,41,47,0,152,8.692,69.519
2026-06-07 04:15:26,41,50,0,145,8.671,67.949
2026-06-07 04:20:25,40,45,0,120,8.61,68.926
2026-06-07 04:25:25,38,43,0,146,8.599,68.775
2026-06-07 04:30:25,38,43,0,128,8.567,69.509
2026-06-07 04:35:26,42,47,0,148,8.545,69.349
2026-06-07 04:40:25,39,44,0,166,8.524,65.052
2026-06-07 04:45:26,40,44,0,125,8.479,69.349
2026-06-07 04:50:25,38,44,0,117,8.415,69.299
2026-06-07 04:55:25,39,47,0,118,8.377,68.472
2026-06-07 05:00:25,38,45,0,124,8.286,68.22
2026-06-07 05:05:25,42,51,0,131,8.238,70.162
2026-06-07 05:10:25,40,46,0,137,8.198,67.981
2026-06-07 05:15:25,41,47,0,145,8.172,70.19
2026-06-07 05:20:25,39,42,0,123,8.118,68.624
2026-06-07 05:25:26,40,45,0,123,8.049,67.579
2026-06-07 05:30:25,40,44,0,163,7.963,67.991
2026-06-07 05:35:25,36,41,0,157,7.87,68.228
2026-06-07 05:40:26,39,42,0,155,7.859,70.32
2026-06-07 05:45:26,38,40,0,148,7.816,69.166
2026-06-07 05:50:25,39,42,0,143,7.8,68.811
2026-06-07 05:55:26,40,45,0,133,7.8,67.92
2026-06-07 06:00:26,39,43,0,117,7.723,68.741
2026-06-07 06:05:26,39,44,0,114,7.664,69.023
2026-06-07 06:10:26,39,46,0,157,7.584,61.016
2026-06-07 06:15:26,40,46,0,143,7.493,61.046
2026-06-07 06:20:26,40,45,0,127,7.408,70.556
2026-06-07 06:25:26,36,38,0,126,7.421,72.147
2026-06-07 06:30:26,38,41,0,150,7.421,71.552
2026-06-07 06:35:25,39,40,0,140,7.453,71.867
2026-06-07 06:40:26,36,44,0,153,7.523,72.168
2026-06-07 06:45:25,37,42,0,161,7.549,71.455
2026-06-07 06:50:26,40,44,0,162,7.557,70.577
2026-06-07 06:55:26,42,49,0,179,7.547,71.035
2026-06-07 07:00:26,43,50,0,168,7.499,71.016
2026-06-07 07:05:26,40,47,0,167,7.499,71.031
2026-06-07 07:10:25,39,44,0,156,7.499,70.911
2026-06-07 07:15:26,42,48,0,142,7.491,70.129
2026-06-07 07:20:26,40,50,0,139,7.427,71.081
2026-06-07 07:25:26,42,49,0,124,7.421,71.817
2026-06-07 07:30:26,40,48,0,116,7.411,71.89
2026-06-07 07:35:26,43,50,0,121,7.469,72.109
2026-06-07 07:40:26,44,55,0,121,7.547,73.736
2026-06-07 07:45:26,43,50,0,143,7.648,73.753
2026-06-07 07:50:26,43,54,0,130,7.803,73.242
2026-06-07 07:55:26,42,48,0,132,7.979,72.378
2026-06-07 08:00:26,47,59,0,129,8.14,71.399
2026-06-07 08:05:26,51,63,0,125,8.34,72.79
2026-06-07 08:10:26,60,75,0,138,8.521,72.214
2026-06-07 08:15:26,51,63,0,135,8.671,62.559
2026-06-07 08:20:26,52,60,0,127,8.842,63.455
2026-06-07 08:25:26,50,60,0,128,9.002,63.074
2026-06-07 08:30:26,43,53,0,142,9.117,64.115
2026-06-07 08:35:26,42,53,0,128,9.24,66.585
2026-06-07 08:40:26,47,59,0,128,9.4,64.438
2026-06-07 08:45:26,45,51,0,129,9.662,66.803
2026-06-07 08:50:26,45,56,0,115,9.955,70.73
2026-06-07 08:55:26,45,54,0,114,10.268,70.16
2026-06-07 09:00:26,46,55,0,133,10.599,69.107
2026-06-07 09:05:26,45,54,0,130,10.914,68.718
2026-06-07 09:10:26,42,49,0,129,11.266,67.507
2026-06-07 09:15:26,43,53,0,123,12.036,66.269
2026-06-07 09:20:26,44,52,0,109,13.459,61.62
2026-06-07 09:25:26,46,58,0,110,14.89,57.916
2026-06-07 09:30:26,49,60,0,111,16.135,54.395
2026-06-07 09:35:26,49,60,0,109,17.203,51.446
2026-06-07 09:40:26,45,54,0,104,18.239,48.313
2026-06-07 09:45:26,45,56,0,102,19.144,46.115
2026-06-07 09:50:26,46,57,0,105,19.908,46.512
2026-06-07 09:55:26,44,55,0,104,20.65,42.743
2026-06-07 10:00:26,44,53,0,89,21.35,41.364
2026-06-07 10:05:27,44,56,0,90,22.049,41.387
2026-06-07 10:10:26,41,50,0,83,22.559,40.09
2026-06-07 10:15:26,42,52,0,81,22.992,38.991
2026-06-07 10:20:26,41,49,0,88,23.494,38.591
2026-06-07 10:25:26,43,51,0,86,24.028,36.918
2026-06-07 10:30:26,41,52,0,83,24.642,36.521
2026-06-07 10:35:26,41,50,0,85,25.184,34.187
2026-06-07 10:40:26,43,53,0,77,25.75,33.229
2026-06-07 10:45:26,39,46,0,75,25.975,33.977
2026-06-07 10:50:27,41,49,0,54,26.316,33.893
2026-06-07 10:55:26,39,47,0,60,26.402,33.794
2026-06-07 11:00:27,41,49,0,54,26.581,33.141
2026-06-07 11:05:26,40,49,0,62,26.682,32.985
2026-06-07 11:10:26,40,48,0,48,27.136,40.881
2026-06-07 11:15:27,42,52,0,46,27.131,32.355
2026-06-07 11:20:27,41,49,0,60,27.553,32.703
2026-06-07 11:25:27,40,49,0,44,28.063,30.927
2026-06-07 11:30:26,41,49,0,50,28.287,30.391
2026-06-07 11:35:27,40,49,0,30,28.682,29.739
2026-06-07 11:40:27,40,48,0,38,29.281,28.775
2026-06-07 11:45:27,41,49,0,38,29.932,28.762
2026-06-07 11:50:26,40,49,0,10,30.597,31.924
2026-06-07 11:55:27,40,48,0,28,30.666,27.597
2026-06-07 12:00:27,40,47,0,25,30.976,27.169
2026-06-07 12:05:27,39,49,0,4,31.489,26.431
2026-06-07 12:10:27,39,49,0,0,32.173,25.268
2026-06-07 12:15:27,38,46,0,0,32.602,24.22
2026-06-07 12:20:27,34,44,0,0,32.677,24.459
2026-06-07 12:25:27,36,45,0,0,33.003,24.148
2026-06-07 12:30:27,36,44,0,0,33.179,23.007
2026-06-07 12:35:27,38,46,0,0,33.275,22.859
2026-06-07 12:40:27,37,44,0,0,33.598,24.926
2026-06-07 12:45:27,35,42,0,0,33.828,22.944
2026-06-07 12:50:27,35,44,0,0,34.09,22.273
2026-06-07 12:55:27,35,40,0,0,34.261,22.635
2026-06-07 13:00:27,35,42,0,0,34.64,22.532
2026-06-07 13:05:27,35,42,0,0,35.043,22.147
2026-06-07 13:10:27,34,38,0,0,35.433,21.886
2026-06-07 13:15:27,35,40,0,0,35.764,23.805
2026-06-07 13:20:27,31,35,0,0,35.812,31.961
2026-06-07 13:25:27,33,36,0,0,35.481,27.326
2026-06-07 13:30:27,28,33,0,0,35.345,28.035
2026-06-07 13:35:27,31,33,0,0,35.607,20.875
2026-06-07 13:40:27,29,30,0,0,35.537,19.067
2026-06-07 13:45:28,29,31,0,0,35.484,20.764
2026-06-07 13:50:27,28,32,0,0,35.676,20.421
2026-06-07 13:55:27,29,29,0,0,35.759,20.301
2026-06-07 14:00:27,25,28,0,0,35.807,20.207
2026-06-07 14:05:27,25,29,0,0,35.967,28.091
2026-06-07 14:10:27,30,31,0,0,36.127,31.589
2026-06-07 14:15:27,32,34,0,0,35.818,20.862
2026-06-07 14:20:27,29,30,0,0,35.617,21.205
2026-06-07 14:25:27,31,33,0,0,35.516,20.93
2026-06-07 14:30:27,29,30,0,0,35.521,31.634
2026-06-07 14:35:27,30,31,0,0,35.601,29.13
2026-06-07 14:40:27,30,31,0,0,35.291,20.984
2026-06-07 14:45:28,29,29,0,0,35.267,21.226
2026-06-07 14:50:27,30,36,0,0,35.38,21.501
2026-06-07 14:55:27,30,31,0,0,35.358,21.653
2026-06-07 15:00:28,26,30,0,0,35.086,21.583
2026-06-07 15:05:28,29,31,0,0,35.15,21.201
2026-06-07 15:10:28,28,29,0,0,35.227,22.037
2026-06-07 15:15:28,28,32,0,0,35.382,20.818
2026-06-07 15:20:28,29,30,0,0,35.569,30.702
2026-06-07 15:25:28,27,27,0,0,35.404,25.798
2026-06-07 15:30:28,40,47,0,0,35.366,29.51
2026-06-07 15:35:27,32,34,0,0,34.936,21.407
2026-06-07 15:40:28,25,28,0,0,34.546,21.72
2026-06-07 15:45:28,30,31,0,0,34.317,22.752
2026-06-07 15:50:28,26,26,0,0,34.167,22.706
2026-06-07 15:55:27,26,29,0,0,34.141,22.588
2026-06-07 16:00:28,25,27,0,0,33.807,22.674
2026-06-07 16:05:27,28,29,0,0,33.713,29.33
2026-06-07 16:10:28,26,27,0,0,33.414,23.671
2026-06-07 16:15:28,27,29,0,0,33.011,23.572
2026-06-07 16:20:28,25,30,0,0,32.696,24.425
2026-06-07 16:25:28,26,27,0,0,32.386,25.235
2026-06-07 16:30:28,26,30,0,0,32.066,26.538
2026-06-07 16:35:28,28,29,0,0,31.783,27.124
2026-06-07 16:40:28,30,31,0,0,31.481,27.574
2026-06-07 16:45:28,29,32,0,0,31.155,27.968
2026-06-07 16:50:28,29,30,0,0,30.813,28.297
2026-06-07 16:55:28,28,29,0,0,30.525,28.964
2026-06-07 17:00:27,31,35,0,0,30.151,29.243
2026-06-07 17:05:28,29,30,0,0,29.636,30.124
2026-06-07 17:10:28,30,33,0,0,28.856,31.465
2026-06-07 17:15:28,32,36,0,0,27.98,32.996
2026-06-07 17:20:28,32,38,0,0,27.013,34.711
2026-06-07 17:25:28,35,43,0,0,26.068,36.163
2026-06-07 17:30:28,32,38,0,17,25.264,37.7
2026-06-07 17:35:28,33,38,0,29,24.543,39.323
2026-06-07 17:40:28,32,36,0,23,23.822,40.685
2026-06-07 17:45:28,32,35,0,27,23.139,42.178
2026-06-07 17:50:28,33,38,0,35,22.557,43.283
2026-06-07 17:55:28,33,37,0,1,22.047,44.057
2026-06-07 18:00:28,33,38,0,0,21.555,44.994
2026-06-07 18:05:28,33,38,0,0,21.123,46.344
2026-06-07 18:10:28,35,39,0,5,20.711,47.143
2026-06-07 18:15:28,35,40,0,31,20.322,47.948
2026-06-07 18:20:28,39,47,0,62,19.945,48.746
2026-06-07 18:25:28,38,46,0,78,19.63,49.665
2026-06-07 18:30:28,38,45,0,97,19.358,50.764
2026-06-07 18:35:28,39,47,0,45,19.075,51.687
2026-06-07 18:40:28,40,48,0,105,18.77,52.427
2026-06-07 18:45:28,38,45,0,115,18.49,53.585
2026-06-07 18:50:28,36,44,0,125,18.265,54.212
2026-06-07 18:55:28,36,42,0,96,18.025,54.512
2026-06-07 19:00:28,39,48,0,156,17.827,54.679
2026-06-07 19:05:28,41,50,0,211,17.635,55.799
2026-06-07 19:10:28,41,51,0,91,17.483,56.644
2026-06-07 19:15:28,40,47,0,110,17.355,56.554
2026-06-07 19:20:28,37,45,0,105,17.243,57.006
2026-06-07 19:25:28,43,51,0,146,17.115,57.319
2026-06-07 19:30:28,37,46,0,91,16.986,56.57
2026-06-07 19:35:28,40,47,0,146,16.781,56.692
2026-06-07 19:40:28,37,47,0,150,16.567,56.173
2026-06-07 19:45:29,38,46,0,170,16.305,56.409
2026-06-07 19:50:28,41,50,0,260,16.065,57.668
2026-06-07 19:55:28,44,53,0,229,15.819,57.306
2026-06-07 20:00:28,45,55,0,211,15.592,57.443
2026-06-07 20:05:29,41,50,0,203,15.379,56.955
2026-06-07 20:10:29,39,47,0,253,15.165,56.541
2026-06-07 20:15:28,40,48,0,175,14.941,58.219
2026-06-07 20:20:29,39,49,0,196,14.706,60.505
2026-06-07 20:25:28,42,50,0,198,14.538,60.718
2026-06-07 20:30:29,46,56,0,222,14.383,62.124
2026-06-07 20:35:29,45,54,0,203,14.276,60.913
2026-06-07 20:40:29,51,64,0,211,14.094,62.566
2026-06-07 20:45:29,49,60,0,212,13.945,62.627
2026-06-07 20:50:29,49,61,0,228,13.83,64.474
2026-06-07 20:55:28,47,55,0,202,13.729,63.627
2026-06-07 21:00:29,49,61,0,458,13.616,63.93
2026-06-07 21:05:29,55,69,0,442,13.504,62.853
2026-06-07 21:10:28,86,91,0,671,13.371,59.78
2026-06-07 21:15:29,82,86,0,526,13.272,59.743
2026-06-07 21:20:28,88,92,0,668,13.165,59.967
2026-06-07 21:25:29,89,95,0,591,13.053,59.793
2026-06-07 21:30:29,84,88,0,563,12.93,59.585
2026-06-07 21:35:28,80,87,0,511,12.813,59.288
2026-06-07 21:40:29,82,86,0,583,12.682,59.112
2026-06-07 21:45:29,76,85,0,518,12.522,59.324
2026-06-07 21:50:28,80,87,0,504,12.372,60.182
2026-06-07 21:55:29,80,86,0,447,12.217,60.861
2026-06-07 22:00:29,65,78,0,371,12.116,63.12
2026-06-07 22:05:28,69,80,0,458,12.012,54.832
2026-06-07 22:10:29,74,85,0,488,11.878,65.519
2026-06-07 22:15:28,85,91,0,602,11.798,66.084
2026-06-07 22:20:29,97,104,0,714,11.75,65.162
2026-06-07 22:25:28,87,94,0,542,11.734,64.573
2026-06-07 22:30:29,88,95,0,607,11.646,64.163
2026-06-07 22:35:29,90,94,0,691,11.598,57.17
2026-06-07 22:40:28,126,135,0,969,11.534,53.867
2026-06-07 22:45:29,114,120,0,845,11.491,63.188
2026-06-07 22:50:29,112,120,0,878,11.475,64.209
2026-06-07 22:55:29,107,113,0,742,11.461,56.6
2026-06-07 23:00:29,86,93,0,512,11.429,62.816
2026-06-07 23:05:29,95,99,0,595,11.392,61.758
2026-06-07 23:10:29,107,110,0,728,11.328,61.487
2026-06-07 23:15:29,104,112,0,672,11.216,61.609
2026-06-07 23:20:29,100,107,0,588,11.117,62.002
2026-06-07 23:25:29,85,91,0,490,10.989,62.736
2026-06-07 23:30:29,87,93,0,507,10.861,63.129
2026-06-07 23:35:29,83,91,0,478,10.695,61.967
2026-06-07 23:40:29,81,89,0,379,10.54,61.889
2026-06-07 23:45:29,79,87,0,378,10.399,62.132
2026-06-07 23:50:29,87,91,0,538,10.254,63.154
2026-06-07 23:55:29,81,89,0,375,10.1,61.821
2026-06-08 00:00:29,80,90,0,401,9.998,62.454
2026-06-08 00:05:29,92,99,0,479,9.849,62.87
2026-06-08 00:10:29,88,93,0,440,9.766,63.553
2026-06-08 00:15:29,83,90,0,382,9.68,64.197
2026-06-08 00:20:29,73,86,0,307,9.595,64.863
2026-06-08 00:25:29,75,85,0,324,9.536,65.393
2026-06-08 00:30:29,73,85,0,338,9.509,65.744
2026-06-08 00:35:29,76,86,0,321,9.512,65.611
2026-06-08 00:40:29,73,85,0,327,9.48,64.56
2026-06-08 00:45:29,77,88,0,337,9.427,63.064
2026-06-08 00:50:29,73,86,0,297,9.331,63.43
2026-06-08 00:55:29,72,84,0,301,9.261,62.866
2026-06-08 01:00:29,68,83,0,266,9.162,62.578
2026-06-08 01:05:29,67,83,0,254,9.05,63.091
2026-06-08 01:10:29,69,81,0,211,8.949,62.626
2026-06-08 01:15:29,66,79,0,176,8.858,63.942
2026-06-08 01:20:29,64,80,0,176,8.783,63.97
2026-06-08 01:25:29,66,80,0,176,8.7,64.811
2026-06-08 01:30:29,64,81,0,165,8.626,65.164
2026-06-08 01:35:29,62,79,0,171,8.583,65.416
2026-06-08 01:40:29,64,81,0,168,8.561,64.638
2026-06-08 01:45:29,64,80,0,189,8.524,65.769
2026-06-08 01:50:29,63,80,0,177,8.5,65.324
2026-06-08 01:55:30,61,77,0,172,8.457,65.59
2026-06-08 02:00:29,62,78,0,159,8.404,65.666
2026-06-08 02:05:30,60,72,0,150,8.356,65.208
2026-06-08 02:10:29,58,72,0,140,8.308,64.598
2026-06-08 02:15:30,57,73,0,159,8.268,66.934
2026-06-08 02:20:29,60,75,0,164,8.241,67.19
2026-06-08 02:25:30,57,72,0,146,8.23,65.767
2026-06-08 02:30:29,58,70,0,141,8.188,65.149
2026-06-08 02:35:29,57,69,0,124,8.156,65.307
2026-06-08 02:40:29,55,66,0,117,8.094,65.897
2026-06-08 02:45:30,54,68,0,120,8.046,66.509
2026-06-08 02:50:29,53,66,0,111,8.019,66.04
2026-06-08 02:55:29,53,65,0,112,7.961,65.633
2026-06-08 03:00:29,53,67,0,104,7.902,64.573
2026-06-08 03:05:30,55,68,0,115,7.819,64.769
2026-06-08 03:10:29,55,69,0,109,7.739,64.027
2026-06-08 03:15:30,56,67,0,98,7.664,65.839
2026-06-08 03:20:30,55,67,0,118,7.584,63.871
2026-06-08 03:25:30,55,67,0,111,7.541,66.267
2026-06-08 03:30:29,55,67,0,108,7.523,65.002
2026-06-08 03:35:30,55,68,0,114,7.475,66.013
2026-06-08 03:40:29,56,67,0,116,7.437,65.136
2026-06-08 03:45:30,55,68,0,104,7.362,65.202
2026-06-08 03:50:30,54,68,0,92,7.298,66.446
2026-06-08 03:55:30,54,69,0,123,7.258,66.803
2026-06-08 04:00:30,54,67,0,105,7.221,66.86
2026-06-08 04:05:30,53,65,0,110,7.216,66.585
2026-06-08 04:10:30,55,67,0,109,7.194,55.742
2026-06-08 04:15:30,50,63,0,104,7.119,62.193
2026-06-08 04:20:30,56,69,0,91,7.069,65.963
2026-06-08 04:25:30,52,62,0,92,7.047,66.322
2026-06-08 04:30:30,52,64,0,91,7.021,66.812
2026-06-08 04:35:30,50,60,0,88,7.021,66.57
2026-06-08 04:40:30,51,61,0,87,6.983,67.1
2026-06-08 04:45:30,51,62,0,97,6.997,67.119
2026-06-08 04:50:30,49,60,0,95,6.991,67.272
2026-06-08 04:55:30,50,60,0,81,6.981,66.65
2026-06-08 05:00:30,51,61,0,95,6.943,65.063
2026-06-08 05:05:30,51,61,0,95,6.89,65.67
2026-06-08 05:10:30,51,63,0,80,6.828,65.977
2026-06-08 05:15:30,49,60,0,73,6.759,65.941
2026-06-08 05:20:30,50,61,0,84,6.695,67.011
2026-06-08 05:25:30,50,61,0,76,6.674,65.283
2026-06-08 05:30:30,50,59,0,73,6.625,65.447
2026-06-08 05:35:30,50,60,0,86,6.564,65.509
2026-06-08 05:40:30,46,56,0,74,6.5,66.404
2026-06-08 05:45:30,52,63,0,89,6.42,66.751
2026-06-08 05:50:30,52,62,0,83,6.377,67.686
2026-06-08 05:55:30,52,62,0,98,6.334,68.292
2026-06-08 06:00:30,52,64,0,87,6.316,68.556
2026-06-08 06:05:30,51,61,0,95,6.321,69.158
2026-06-08 06:10:30,51,63,0,77,6.278,65.281
2026-06-08 06:15:30,51,61,0,84,6.193,66.305
2026-06-08 06:20:30,53,63,0,97,6.107,65.588
2026-06-08 06:25:30,51,61,0,83,6.014,66.601
2026-06-08 06:30:30,50,59,0,86,5.945,66.351
2026-06-08 06:35:31,52,64,0,77,5.848,64.459
2026-06-08 06:40:30,50,62,0,71,5.752,66.406
2026-06-08 06:45:30,52,62,0,110,5.678,58.096
2026-06-08 06:50:30,50,61,0,112,5.632,65.304
2026-06-08 06:55:31,51,64,0,121,5.653,69.502
2026-06-08 07:00:31,53,66,0,172,5.68,65.098
2026-06-08 07:05:31,54,64,0,146,5.702,71.251
2026-06-08 07:10:31,57,71,0,231,5.755,65.872
2026-06-08 07:15:31,57,71,0,204,5.827,71.493
2026-06-08 07:20:31,57,71,0,247,5.875,73.084
2026-06-08 07:25:30,58,72,0,207,5.945,72.386
2026-06-08 07:30:30,58,72,0,236,5.955,71.237
2026-06-08 07:35:31,56,70,0,206,5.982,71.796
2026-06-08 07:40:31,56,68,0,277,5.985,69.814
2026-06-08 07:45:30,55,67,0,376,6.011,70.167
2026-06-08 07:50:32,59,72,0,368,6.017,70.616
2026-06-08 07:55:30,57,72,0,261,6.038,69.435
2026-06-08 08:00:30,58,72,0,264,6.009,68.533
2026-06-08 08:05:31,58,69,0,302,6.003,69.622
2026-06-08 08:10:31,59,74,0,189,5.998,69.04
2026-06-08 08:15:30,60,76,0,172,6.03,70.28
2026-06-08 08:20:31,61,77,0,159,6.083,69.376
2026-06-08 08:25:31,64,79,0,179,6.161,69.942
2026-06-08 08:30:31,64,80,0,174,6.268,70.499
2026-06-08 08:35:30,63,77,0,160,6.423,69.742
2026-06-08 08:40:31,60,75,0,158,6.561,69.776
2026-06-08 08:45:31,59,74,0,166,6.716,68.548
2026-06-08 08:50:31,60,75,0,195,6.906,68.701
2026-06-08 08:55:31,62,77,0,190,7.119,67.939
2026-06-08 09:00:31,62,78,0,193,7.344,67.932
2026-06-08 09:05:31,61,77,0,208,7.611,67.52
2026-06-08 09:10:31,64,83,0,223,7.867,67.732
2026-06-08 09:15:31,76,87,0,210,8.521,68.964
2026-06-08 09:20:31,70,84,0,157,10.017,65.893
2026-06-08 09:25:31,66,79,0,117,11.571,59.494
2026-06-08 09:30:31,64,79,0,109,12.794,57.188
2026-06-08 09:35:31,55,71,0,98,13.835,53.098
2026-06-08 09:40:31,53,66,0,122,14.778,50.773
2026-06-08 09:45:31,51,63,0,124,15.67,48.734
2026-06-08 09:50:31,62,76,0,141,16.156,49.22
2026-06-08 09:55:30,50,61,0,81,16.797,48.347
2026-06-08 10:00:31,44,53,0,70,17.304,47.847
2026-06-08 10:05:31,39,46,0,64,17.787,47.861
2026-06-08 10:10:31,45,57,0,73,18.434,47.55
2026-06-08 10:15:31,46,55,0,87,18.925,46.075
2026-06-08 10:20:31,37,41,0,43,19.336,45.001
2026-06-08 10:25:31,41,47,0,43,19.902,44.088
2026-06-08 10:30:31,40,47,0,48,20.316,43.079
2026-06-08 10:35:31,40,47,0,43,20.845,42.129
2026-06-08 10:40:31,35,43,0,44,21.251,41.45
2026-06-08 10:45:31,36,45,0,35,21.486,40.925
2026-06-08 10:50:31,38,45,0,44,21.71,41.154
2026-06-08 10:55:31,31,38,0,54,21.804,41.421
2026-06-08 11:00:31,33,39,0,37,21.926,43.195
2026-06-08 11:05:31,36,44,0,52,22.167,41.223
2026-06-08 11:10:31,42,51,0,46,22.172,41.673
2026-06-08 11:15:31,39,48,0,54,22.338,41.614
2026-06-08 11:20:31,40,49,0,53,22.543,41.179
2026-06-08 11:25:31,40,50,0,50,22.8,41.28
2026-06-08 11:30:31,40,49,0,46,23.12,41.133
2026-06-08 11:35:31,39,46,0,33,22.949,40.948
2026-06-08 11:40:31,40,49,0,43,22.89,41.234
2026-06-08 11:45:31,41,49,0,42,23.107,42.714
2026-06-08 11:50:31,39,49,0,43,23.139,41.183
2026-06-08 11:55:31,39,45,0,47,23.198,40.649
2026-06-08 12:00:31,36,44,0,61,23.288,40.763
2026-06-08 12:05:31,38,46,0,53,23.262,41.198
2026-06-08 12:10:31,41,49,0,27,23.489,42.247
2026-06-08 12:15:31,39,47,0,27,23.766,41.175
2026-06-08 12:20:32,39,48,0,31,24.001,39.989
2026-06-08 12:25:31,38,46,0,27,24.156,39.342
2026-06-08 12:30:31,40,48,0,26,24.514,39.1
2026-06-08 12:35:31,39,45,0,29,24.794,37.927
2026-06-08 12:40:32,35,42,0,9,25.067,38.45
2026-06-08 12:45:31,34,42,0,9,24.987,37.597
2026-06-08 12:50:32,41,52,0,35,25.366,38.593
2026-06-08 12:55:31,40,48,0,13,25.403,37.029
2026-06-08 13:00:31,39,47,0,11,25.166,37.585
2026-06-08 13:05:32,40,47,0,1,24.813,38.303
2026-06-08 13:10:32,39,48,0,9,24.001,40.04
2026-06-08 13:15:31,42,50,0,0,23.408,41.086
2026-06-08 13:20:32,39,47,0,0,22.778,42.194
2026-06-08 13:25:32,41,50,0,0,22.471,44.183
2026-06-08 13:30:34,39,47,0,0,22.204,44.004
2026-06-08 13:35:32,40,49,0,0,22.023,44.99
2026-06-08 13:40:31,37,46,0,0,22.047,45.057
2026-06-08 13:45:31,43,52,0,0,22.271,44.776
2026-06-08 13:50:32,38,46,0,0,22.495,44.513
2026-06-08 13:55:31,37,44,0,0,22.736,43.641
2026-06-08 14:00:32,40,47,0,0,23.259,43.048
2026-06-08 14:05:31,35,44,0,0,23.454,42.32
2026-06-08 14:10:32,32,39,0,0,23.518,42.163
2026-06-08 14:15:31,34,38,0,0,22.957,43.247
2026-06-08 14:20:31,34,40,0,0,22.386,44.238
2026-06-08 14:25:31,38,46,0,0,22.156,44.71
2026-06-08 14:30:32,39,47,0,0,21.902,45.186
2026-06-08 14:35:32,41,49,0,0,21.475,45.938
2026-06-08 14:40:31,36,46,0,0,20.893,47.212
2026-06-08 14:45:32,37,44,0,0,20.46,48.252
2026-06-08 14:50:32,39,49,0,0,20.589,48.427
2026-06-08 14:55:32,32,36,0,0,20.928,47.363
2026-06-08 15:00:32,31,35,0,0,21.376,46.708
2026-06-08 15:05:32,38,47,0,0,21.809,45.957
2026-06-08 15:10:32,33,40,0,0,22.135,44.818
2026-06-08 15:15:32,34,39,0,0,22.444,44.195
2026-06-08 15:20:31,36,45,0,0,22.223,44.507
2026-06-08 15:25:32,36,46,0,0,22.004,45.495
2026-06-08 15:30:32,36,43,0,0,21.614,46.037
2026-06-08 15:35:32,36,43,0,0,21.39,46.571
2026-06-08 15:40:32,35,41,0,0,21.139,46.905
2026-06-08 15:45:33,33,40,0,0,20.741,47.731
2026-06-08 15:50:32,34,41,0,0,20.49,48.538
2026-06-08 15:55:32,32,35,0,0,20.121,49.163
2026-06-08 16:00:32,36,45,0,0,19.753,49.636
2026-06-08 16:05:32,35,44,0,0,19.336,51.221
2026-06-08 16:10:32,35,43,0,0,18.866,52.371
2026-06-08 16:15:32,37,44,0,0,18.45,53.663
2026-06-08 16:20:32,35,41,0,0,18.105,54.472
2026-06-08 16:25:32,34,44,0,0,17.742,53.907
2026-06-08 16:30:32,36,45,0,0,17.379,56.89
2026-06-08 16:35:32,35,42,0,0,17,58.107
2026-06-08 16:40:32,36,43,0,0,16.754,57.5
2026-06-08 16:45:32,36,41,0,0,16.404,59.755
2026-06-08 16:50:32,40,49,0,6,16.303,60.482
2026-06-08 16:55:32,33,41,0,0,16.089,60.897
2026-06-08 17:00:32,33,38,0,0,15.918,61.485
2026-06-08 17:05:32,31,37,0,0,15.822,60.005
2026-06-08 17:10:32,37,43,0,0,15.643,62.24
2026-06-08 17:15:32,40,49,0,2,15.542,62.463
2026-06-08 17:20:32,40,49,0,11,15.403,62.994
2026-06-08 17:25:32,39,47,0,0,15.264,63.556
2026-06-08 17:30:32,35,44,0,0,15.072,63.883
2026-06-08 17:35:32,36,43,0,0,14.893,64.783
2026-06-08 17:40:32,36,40,0,0,14.818,59.244
2026-06-08 17:45:32,38,45,0,0,14.706,65.429
2026-06-08 17:50:32,35,41,0,0,14.61,60.808
2026-06-08 17:55:32,37,44,0,14,14.54,65.839
2026-06-08 18:00:33,38,49,0,13,14.436,66.351
2026-06-08 18:05:32,41,49,0,15,14.383,66.513
2026-06-08 18:10:32,39,48,0,9,14.292,66.995
2026-06-08 18:15:32,40,48,0,22,14.244,66.423
2026-06-08 18:20:33,40,49,0,36,14.217,67.293
2026-06-08 18:25:32,42,50,0,32,14.215,67.531
2026-06-08 18:30:33,42,48,0,35,14.199,67.308
2026-06-08 18:35:33,40,50,0,46,14.188,67.76
2026-06-08 18:40:33,39,48,0,34,14.215,67.802
2026-06-08 18:45:32,38,48,0,14,14.289,67.911
2026-06-08 18:50:32,39,49,0,24,14.335,67.333
2026-06-08 18:55:33,43,52,0,42,14.367,67.617
2026-06-08 19:00:33,39,48,0,27,14.383,67.695
2026-06-08 19:05:32,41,50,0,37,14.436,67.43
2026-06-08 19:10:33,41,50,0,21,14.447,67.524
2026-06-08 19:15:33,40,50,0,39,14.53,67.329
2026-06-08 19:20:32,39,48,0,23,14.578,67.199
2026-06-08 19:25:33,40,50,0,38,14.636,67.051
2026-06-08 19:30:33,42,48,0,43,14.706,66.871
2026-06-08 19:35:32,42,52,0,39,14.743,66.692
2026-06-08 19:40:33,41,50,0,29,14.789,66.536
2026-06-08 19:45:33,43,50,0,32,14.81,66.271
2026-06-08 19:50:33,42,53,0,27,14.842,66.263
2026-06-08 19:55:33,43,51,0,10,14.821,66.175
2026-06-08 20:00:33,39,48,0,42,14.853,66.129
2026-06-08 20:05:33,39,49,0,25,14.887,66.051
2026-06-08 20:10:33,38,48,0,18,14.871,65.927
2026-06-08 20:15:33,40,48,0,19,14.92,65.836
2026-06-08 20:20:33,42,52,0,23,14.984,65.662
2026-06-08 20:25:33,44,53,0,40,15.064,65.412
2026-06-08 20:30:33,45,57,0,53,15.136,65.193
2026-06-08 20:35:33,43,53,0,57,15.168,64.853
2026-06-08 20:40:33,39,49,0,28,15.195,62.938
2026-06-08 20:45:33,38,47,0,14,15.157,64.226
2026-06-08 20:50:33,41,50,0,15,15.146,64.615
2026-06-08 20:55:33,40,50,0,22,15.165,64.848
2026-06-08 21:00:33,41,50,0,25,15.235,64.346
2026-06-08 21:05:33,40,51,0,34,15.315,64.209
2026-06-08 21:25:33,42,51,0,57,15.232,64.014
2026-06-08 21:30:33,44,54,0,44,15.248,63.86
2026-06-08 21:35:33,41,50,0,51,15.269,63.791
2026-06-08 21:40:33,44,54,0,52,15.323,63.341
2026-06-08 21:45:33,45,55,0,64,15.288,63.514
2026-06-08 21:50:33,42,52,0,40,15.299,63.429
2026-06-08 21:55:33,41,51,0,27,15.288,63.537
2026-06-08 22:00:33,42,52,0,22,15.315,63.347
2026-06-08 22:05:33,41,50,0,28,15.352,63.375
2026-06-08 22:10:33,38,47,0,29,15.349,63.398
2026-06-08 22:15:33,40,49,0,15,15.376,63.388
2026-06-08 22:20:33,39,47,0,24,15.387,63.427
2026-06-08 22:25:33,38,49,0,6,15.387,63.347
2026-06-08 22:30:33,40,48,0,10,15.379,58.471
2026-06-08 22:35:33,39,47,0,16,15.325,62.256
2026-06-08 22:40:34,40,49,0,19,15.251,61.491
2026-06-08 22:45:33,38,47,0,40,15.176,64.129
2026-06-08 22:50:34,39,50,0,50,15.165,63.459
2026-06-08 22:55:34,37,44,0,39,15.157,64.026
2026-06-08 23:00:33,37,47,0,20,15.136,62.08
2026-06-08 23:05:34,42,49,0,21,15.152,64.075
2026-06-08 23:10:33,38,47,0,39,15.109,64.274
2026-06-08 23:15:36,42,52,0,40,15.098,64.102
2026-06-08 23:20:33,43,51,0,47,15.09,64.02
2026-06-08 23:25:33,43,54,0,54,15.08,58.445
2026-06-08 23:30:34,43,52,0,60,14.994,64.653
2026-06-08 23:35:33,44,52,0,58,14.981,60.457
2026-06-08 23:40:33,43,53,0,72,14.965,64.748
2026-06-08 23:45:33,43,51,0,43,15.018,64.045
2026-06-08 23:50:33,42,51,0,43,15.045,64.418
2026-06-08 23:55:33,41,49,0,45,15.082,64.308
2026-06-09 00:00:34,43,53,0,61,15.096,64.281
2026-06-09 00:05:33,41,50,0,55,15.133,64.001
2026-06-09 00:10:34,41,50,0,52,15.176,63.907
2026-06-09 00:15:34,43,54,0,56,15.235,63.854
2026-06-09 00:20:33,43,55,0,71,15.272,63.574
2026-06-09 00:25:34,45,54,0,56,15.323,63.587
2026-06-09 00:30:33,40,49,0,60,15.339,63.312
2026-06-09 00:35:33,42,51,0,54,15.355,63.375
2026-06-09 00:40:33,42,50,0,69,15.387,63.123
2026-06-09 00:45:33,41,51,0,41,15.424,62.874
2026-06-09 00:50:33,44,56,0,56,15.454,63.015
2026-06-09 00:55:34,45,55,0,46,15.454,58.624
2026-06-09 01:00:33,46,56,0,50,15.406,62.91
2026-06-09 01:05:34,47,59,0,60,15.416,63.244
2026-06-09 01:10:33,46,55,0,71,15.411,63.219
2026-06-09 01:15:34,45,56,0,73,15.435,63.032
2026-06-09 01:20:34,43,54,0,28,15.435,62.734
2026-06-09 01:25:34,44,54,0,28,15.456,59.913
2026-06-09 01:30:33,43,55,0,18,15.424,57.882
2026-06-09 01:35:34,47,57,0,27,15.317,61.428
2026-06-09 01:40:34,44,57,0,18,15.24,58.708
2026-06-09 01:45:33,48,59,0,31,15.208,63.507
2026-06-09 01:50:34,46,57,0,22,15.176,58.452
2026-06-09 01:55:33,46,59,0,35,15.122,63.56
2026-06-09 02:00:34,44,58,0,25,15.133,61.571
2026-06-09 02:05:33,44,55,0,25,15.157,63.11
2026-06-09 02:10:34,44,55,0,30,15.146,63.751
2026-06-09 02:15:33,46,57,0,23,15.168,63.791
2026-06-09 02:20:34,46,59,0,25,15.179,63.697
2026-06-09 02:25:34,45,56,0,20,15.2,59.248
2026-06-09 02:30:33,44,55,0,32,15.133,63.625
2026-06-09 02:35:34,46,58,0,34,15.133,63.575
2026-06-09 02:40:34,46,58,0,29,15.154,63.491
2026-06-09 02:45:34,47,58,0,36,15.171,63.425
2026-06-09 02:50:34,46,60,0,51,15.219,63.421
2026-06-09 02:55:34,47,59,0,45,15.221,63.318
2026-06-09 03:00:34,47,60,0,57,15.248,63.49
2026-06-09 03:05:34,46,59,0,50,15.269,63.196
2026-06-09 03:10:34,48,60,0,57,15.285,63.419
2026-06-09 03:15:34,47,59,0,65,15.248,63.76
2026-06-09 03:20:34,46,58,0,52,15.267,64.037
2026-06-09 03:25:34,47,59,0,52,15.219,63.98
2026-06-09 03:30:34,49,59,0,51,15.149,63.865
2026-06-09 03:35:34,49,60,0,45,15.128,63.93
2026-06-09 03:40:34,49,59,0,46,15.085,64.15
2026-06-09 03:45:34,48,61,0,51,15.077,64.136
2026-06-09 03:50:34,49,60,0,53,15.056,64.296
2026-06-09 03:55:34,45,56,0,38,15.056,64.247
2026-06-09 04:00:34,47,57,0,33,15.072,64.146
2026-06-09 04:05:34,48,58,0,40,15.082,64.424
2026-06-09 04:10:34,48,60,0,60,15.074,64.35
2026-06-09 04:15:34,48,62,0,59,15.053,64.466
2026-06-09 04:20:34,45,58,0,61,15.032,64.56
2026-06-09 04:25:34,47,59,0,65,15.064,64.68
2026-06-09 04:30:34,47,59,0,62,15.074,64.617
2026-06-09 04:35:34,46,56,0,63,15.066,64.485
2026-06-09 04:40:34,46,58,0,53,15.077,64.369
2026-06-09 04:45:34,47,59,0,53,15.082,64.544
2026-06-09 04:50:34,48,59,0,57,15.098,64.277
2026-06-09 04:55:34,45,58,0,66,15.109,64.295
2026-06-09 05:00:34,45,56,0,60,15.112,64.218
2026-06-09 05:05:34,46,58,0,53,15.16,63.957
2026-06-09 05:10:34,47,58,0,54,15.208,60.432
2026-06-09 05:15:34,44,56,0,47,15.149,60.217
2026-06-09 05:20:34,46,57,0,43,15.064,63.169
2026-06-09 05:25:34,47,60,0,45,14.986,64.642
2026-06-09 05:30:34,49,60,0,43,15.024,64.342
2026-06-09 05:35:34,49,59,0,77,15.045,63.986
2026-06-09 05:40:35,45,58,0,82,15.008,64.747
2026-06-09 05:45:34,46,55,0,71,15.018,63.635
2026-06-09 05:50:35,46,57,0,71,15.005,64.731
2026-06-09 05:55:34,45,58,0,76,15.021,64.521
2026-06-09 06:00:34,44,55,0,64,15.064,59.803
2026-06-09 06:05:34,46,57,0,75,15.042,59.6
2026-06-09 06:10:35,46,57,0,79,14.957,64.298
2026-06-09 06:15:35,49,59,0,78,14.933,64.821
2026-06-09 06:20:34,45,58,0,80,14.895,64.76
2026-06-09 06:25:34,48,60,0,98,14.965,59.814
2026-06-09 06:30:35,50,65,0,98,14.981,59.805
2026-06-09 06:35:34,47,60,0,104,14.917,60.59
2026-06-09 06:40:35,48,60,0,117,14.887,65.084
2026-06-09 06:45:34,48,60,0,117,14.92,65.015
2026-06-09 06:50:34,49,59,0,98,14.984,64.758
2026-06-09 06:55:35,47,58,0,108,15.048,64.434
2026-06-09 07:00:34,48,58,0,117,15.026,64.5
2026-06-09 07:05:35,48,61,0,99,15.045,64.403
2026-06-09 07:10:34,48,61,0,100,15.066,64.249
2026-06-09 07:15:35,52,67,0,99,15.093,64.256
2026-06-09 07:20:35,48,63,0,117,15.136,62.465
2026-06-09 07:25:35,50,63,0,113,15.141,64.203
2026-06-09 07:30:35,49,59,0,103,15.138,63.949
2026-06-09 07:35:35,51,64,0,121,15.096,60.686
2026-06-09 07:40:35,53,68,0,107,15.016,62.46
2026-06-09 07:45:35,56,71,0,119,14.941,64.764
2026-06-09 07:50:35,55,69,0,98,14.871,63.919
2026-06-09 07:55:34,53,66,0,132,14.826,64.552
2026-06-09 08:00:35,50,64,0,136,14.805,64.609
2026-06-09 08:05:35,51,65,0,131,14.789,64.741
2026-06-09 08:10:35,51,64,0,138,14.757,64.59
2026-06-09 08:15:35,49,65,0,139,14.762,61.664
2026-06-09 08:20:35,51,65,0,123,14.738,64.377
2026-06-09 08:25:35,47,59,0,87,14.69,62.7
2026-06-09 08:30:35,45,54,0,69,14.711,60.688
2026-06-09 08:35:35,45,54,0,79,14.754,61.056
2026-06-09 08:40:35,45,55,0,111,14.738,63.743
2026-06-09 08:45:35,48,60,0,105,14.757,64.066
2026-06-09 08:50:35,47,59,0,93,14.735,64.226
2026-06-09 08:55:35,43,52,0,91,14.687,64.808
2026-06-09 09:00:35,47,59,0,89,14.596,65.332
2026-06-09 09:05:35,50,65,0,106,14.586,65.469
2026-06-09 09:10:35,49,60,0,96,14.61,65.664
2026-06-09 09:15:35,47,59,0,92,14.695,65.622
2026-06-09 09:20:35,50,64,0,104,14.775,65.237
2026-06-09 09:25:35,55,68,0,106,14.914,65.073
2026-06-09 09:30:35,54,67,0,115,15.16,64.531
2026-06-09 09:35:35,49,63,0,112,15.397,63.482
2026-06-09 09:40:35,50,64,0,101,15.632,62.992
2026-06-09 09:45:35,48,61,0,96,15.777,62.515
2026-06-09 09:50:35,50,63,0,84,15.916,61.885
2026-06-09 09:55:35,44,55,0,75,15.958,61.386
2026-06-09 10:00:35,48,60,0,69,16.014,60.93
2026-06-09 10:05:35,47,59,0,71,16.068,60.995
2026-06-09 10:10:35,44,55,0,64,16.137,60.835
2026-06-09 10:15:36,45,56,0,60,16.228,60.777
2026-06-09 10:20:35,43,54,0,48,16.367,60.238
2026-06-09 10:25:35,41,51,0,39,16.492,59.77
2026-06-09 10:30:36,40,50,0,45,16.631,59.908
2026-06-09 10:35:35,41,50,0,34,16.866,58.969
2026-06-09 10:40:35,43,52,0,38,17.149,57.783
2026-06-09 10:45:35,40,50,0,43,17.352,58.09
2026-06-09 10:50:35,40,48,0,34,17.451,57.363
2026-06-09 10:55:35,41,53,0,36,17.606,56.781
2026-06-09 11:00:35,41,50,0,34,17.638,56.343
2026-06-09 11:05:35,42,53,0,37,17.798,55.912
2026-06-09 11:10:35,43,54,0,49,17.937,55.73
2026-06-09 11:15:35,39,49,0,25,18.089,54.782
2026-06-09 11:20:35,42,53,0,32,18.303,55.118
2026-06-09 11:25:35,42,53,0,49,18.506,54.113
2026-06-09 11:30:35,41,50,0,45,18.57,53.581
2026-06-09 11:35:35,38,47,0,38,18.527,53.506
2026-06-09 11:40:35,41,50,0,35,18.487,53.562
2026-06-09 11:45:35,40,49,0,33,18.455,53.48
2026-06-09 11:50:35,40,49,0,36,18.439,53.527
2026-06-09 11:55:35,40,50,0,35,18.535,53.26
2026-06-09 12:00:35,41,50,0,34,18.663,53.329
2026-06-09 12:05:35,39,48,0,23,18.751,53.312
2026-06-09 12:10:35,38,47,0,25,18.666,53.037
2026-06-09 12:15:35,39,48,0,39,18.762,53.148
2026-06-09 12:20:36,41,49,0,39,18.842,53.087
2026-06-09 12:25:36,40,48,0,40,18.965,52.169
2026-06-09 12:30:36,38,46,0,42,18.968,51.744
2026-06-09 12:35:36,37,44,0,36,18.941,52.083
2026-06-09 12:40:35,36,46,0,36,18.866,52.41
2026-06-09 12:45:36,39,48,0,38,18.711,52.923
2026-06-09 12:50:35,37,47,0,30,18.743,52.959
2026-06-09 12:55:36,37,44,0,48,18.826,52.946
2026-06-09 13:00:35,36,45,0,33,18.864,52.806
2026-06-09 13:05:36,36,43,0,37,18.837,52.331
2026-06-09 13:10:36,37,45,0,32,18.842,52.354
2026-06-09 13:15:35,38,46,0,18,18.869,51.536
2026-06-09 13:20:36,35,45,0,26,18.856,52.078
2026-06-09 13:25:36,37,45,0,27,18.834,51.979
2026-06-09 13:30:36,36,42,0,21,18.872,52.022
2026-06-09 13:35:36,35,42,0,22,18.936,51.507
2026-06-09 13:40:36,37,46,0,14,18.968,51.639
2026-06-09 13:45:36,36,46,0,10,19.013,53.302
2026-06-09 13:50:36,35,46,0,24,18.901,52.345
2026-06-09 13:55:36,36,44,0,33,18.773,52.143
2026-06-09 14:00:36,34,41,0,17,18.783,51.601
2026-06-09 14:05:36,38,46,0,25,18.783,52.284
2026-06-09 14:10:36,35,45,0,26,18.727,51.424
2026-06-09 14:15:36,38,47,0,22,18.701,51.727
2026-06-09 14:20:36,35,45,0,39,18.786,51.736
2026-06-09 14:25:36,37,45,0,36,18.946,51.696
2026-06-09 14:30:36,39,47,0,34,19.091,52.671
2026-06-09 14:35:36,39,49,0,71,19.024,50.996
2026-06-09 14:40:36,40,48,0,52,18.938,50.769
2026-06-09 14:45:36,39,47,0,63,18.949,51.015
2026-06-09 14:50:36,39,50,0,55,18.986,51.033
2026-06-09 14:55:36,40,48,0,53,19.029,50.659
2026-06-09 15:00:36,41,49,0,57,19.128,51.366
2026-06-09 15:05:38,39,49,0,52,19.144,50.687
2026-06-09 15:10:37,40,49,0,62,19.08,51
2026-06-09 15:15:36,44,53,0,64,19.096,50.725
2026-06-09 15:20:36,42,53,0,75,19.067,51.038
2026-06-09 15:25:36,42,52,0,59,19.099,50.714
2026-06-09 15:30:36,43,54,0,69,19.099,51.422
2026-06-09 15:35:36,43,53,0,71,18.986,51.843
2026-06-09 15:40:36,42,52,0,81,18.933,52.423
2026-06-09 15:45:37,41,51,0,79,18.802,52.52
2026-06-09 15:50:36,43,52,0,102,18.738,51.904
2026-06-09 15:55:36,44,56,0,114,18.711,51.891
2026-06-09 16:00:36,42,53,0,82,18.797,51.437
2026-06-09 16:05:36,43,53,0,102,18.877,52.27
2026-06-09 16:10:36,41,49,0,72,18.84,50.975
2026-06-09 16:15:36,42,51,0,119,18.813,51.618
2026-06-09 16:20:37,41,49,0,82,18.791,51.818
2026-06-09 16:25:36,43,52,0,102,18.714,52.394
2026-06-09 16:30:37,41,50,0,109,18.575,52.656
2026-06-09 16:35:36,41,49,0,104,18.431,53.119
2026-06-09 16:40:36,42,52,0,122,18.356,53.533
2026-06-09 16:45:36,43,54,0,116,18.303,53.817
2026-06-09 16:50:36,43,50,0,114,18.241,53.331
2026-06-09 16:55:37,40,48,0,95,18.172,53.741
2026-06-09 17:00:36,42,53,0,141,18.129,53.848
2026-06-09 17:05:36,41,50,0,154,18.119,53.545
2026-06-09 17:10:36,45,57,0,90,18.076,53.581
2026-06-09 17:15:36,39,47,0,165,17.966,53.401
2026-06-09 17:20:37,45,57,0,192,17.806,54.565
2026-06-09 17:25:36,39,48,0,112,17.742,54.182
2026-06-09 17:30:37,39,47,0,110,17.603,55.734
2026-06-09 17:35:37,35,39,0,115,17.507,56.863
2026-06-09 17:40:37,32,36,0,113,17.408,57.144
2026-06-09 17:45:37,30,34,0,123,17.317,57.653
2026-06-09 17:50:37,30,34,0,98,17.237,57.848
2026-06-09 17:55:36,35,40,0,120,17.152,57.838
2026-06-09 18:00:37,33,37,0,114,17.115,57.88
2026-06-09 18:05:37,32,36,0,107,17.096,57.949
2026-06-09 18:10:37,35,41,0,119,17.026,57.964
2026-06-09 18:15:36,32,34,0,137,16.978,57.891
2026-06-09 18:20:37,34,37,0,131,16.946,57.888
2026-06-09 18:25:36,31,37,0,128,16.936,57.815
2026-06-09 18:30:37,35,42,0,132,16.874,58.096
2026-06-09 18:35:36,35,40,0,133,16.773,58.151
2026-06-09 18:40:37,37,46,0,130,16.687,58.305
2026-06-09 18:45:37,56,70,0,218,16.564,58.773
2026-06-09 18:50:36,76,81,0,376,16.474,59.068
2026-06-09 18:55:37,45,55,0,289,16.412,58.595
2026-06-09 19:00:37,40,48,0,411,16.268,60.258
2026-06-09 19:05:37,39,48,0,190,16.167,60.476
2026-06-09 19:10:37,36,45,0,156,16.049,60.648
2026-06-09 19:15:37,37,45,0,142,15.942,60.781
2026-06-09 19:20:37,37,47,0,159,15.87,60.167
2026-06-09 19:25:38,39,48,0,170,15.705,61.166
2026-06-09 19:30:37,39,49,0,168,15.619,61.489
2026-06-09 19:35:37,37,42,0,159,15.576,61.462
2026-06-09 19:40:37,38,44,0,192,15.51,61.882
2026-06-09 19:45:37,38,47,0,156,15.414,62.511
2026-06-09 19:50:37,37,43,0,140,15.36,61.525
2026-06-09 19:55:37,38,49,0,173,15.259,62.431
2026-06-09 20:00:37,43,52,0,195,15.125,62.53
2026-06-09 20:05:37,40,48,0,199,15.048,62.965
2026-06-09 20:10:37,42,52,0,167,14.978,61.531
2026-06-09 20:15:37,44,56,0,179,14.834,63.394
2026-06-09 20:20:37,46,57,0,166,14.77,59.978
2026-06-09 20:25:37,55,71,0,290,14.717,63.703
2026-06-09 20:30:37,69,78,0,386,14.66,64.108
2026-06-09 20:35:37,70,80,0,367,14.644,64.251
2026-06-09 20:40:37,69,80,0,352,14.677,64.024
2026-06-09 20:45:37,66,78,0,296,14.677,63.577
2026-06-09 20:50:37,62,75,0,258,14.666,63.562
2026-06-09 20:55:37,62,74,0,195,14.615,63.528
2026-06-09 21:00:37,62,75,0,202,14.508,63.686
2026-06-09 21:05:37,65,78,0,207,14.439,64.006
2026-06-09 21:10:37,73,82,0,300,14.343,65
2026-06-09 21:15:37,71,79,0,313,14.305,63.179
2026-06-09 21:20:37,70,80,0,346,14.292,59.763
2026-06-09 21:25:37,72,80,0,326,14.281,64.876
2026-06-09 21:30:37,73,83,0,340,14.276,65.088
2026-06-09 21:35:37,69,81,0,259,14.308,65.326
2026-06-09 21:40:37,70,80,0,303,14.372,65.241
2026-06-09 21:45:37,64,77,0,256,14.428,64.848
2026-06-09 21:50:37,64,76,0,233,14.45,64.708
2026-06-09 21:55:37,73,81,0,250,14.45,64.632
2026-06-09 22:00:37,65,78,0,217,14.359,64.63
2026-06-09 22:05:38,71,81,0,196,14.225,64.932
2026-06-09 22:10:37,66,78,0,190,14.132,64.895
2026-06-09 22:15:37,68,79,0,198,14.094,65.042
2026-06-09 22:20:38,63,77,0,222,14.062,65.429
2026-06-09 22:25:37,60,74,0,219,14.046,65.424
2026-06-09 22:30:37,59,72,0,229,14.03,65.612
2026-06-09 22:35:37,60,74,0,273,14.044,65.681
2026-06-09 22:40:37,56,71,0,208,14.086,65.399
2026-06-09 22:45:37,56,70,0,206,14.07,65.365
2026-06-09 22:50:37,56,70,0,197,14.07,64.867
2026-06-09 22:55:37,56,70,0,196,14.065,64.836
2026-06-09 23:00:37,55,68,0,189,14.014,65.408
2026-06-09 23:05:37,57,70,0,204,13.966,59.478
2026-06-09 23:10:38,57,72,0,225,13.865,63.957
2026-06-09 23:15:37,54,67,0,278,13.763,66.366
2026-06-09 23:20:38,52,67,0,267,13.737,66.36
2026-06-09 23:25:37,54,68,0,381,13.718,64.787
2026-06-09 23:30:37,53,67,0,289,13.696,66.572
2026-06-09 23:35:38,52,66,0,286,13.702,66.377
2026-06-09 23:40:38,50,62,0,228,13.734,65.921
2026-06-09 23:45:37,52,65,0,180,13.729,65.693
2026-06-09 23:50:38,94,99,0,186,13.726,64.09
2026-06-09 23:55:38,55,70,0,185,13.624,62.505
2026-06-10 00:00:37,87,94,0,279,13.443,66.799
2026-06-10 00:05:38,160,166,0,282,13.416,66.442
2026-06-10 00:10:37,128,134,0,302,13.427,66.555
2026-06-10 00:15:38,91,96,0,289,13.456,66.78
2026-06-10 00:20:38,85,91,0,324,13.462,67.001
2026-06-10 00:25:38,84,89,0,355,13.483,61.468
2026-06-10 00:30:37,75,84,0,254,13.435,62.971
2026-06-10 00:35:38,69,80,0,238,13.445,67.125
2026-06-10 00:40:38,72,80,0,248,13.464,66.333
2026-06-10 00:45:38,76,83,0,234,13.512,65.996
2026-06-10 00:50:38,72,82,0,208,13.534,66
2026-06-10 00:55:38,75,83,0,216,13.544,66.086
2026-06-10 01:00:38,70,79,0,197,13.587,65.78
2026-06-10 01:05:38,72,82,0,185,13.595,65.386
2026-06-10 01:10:38,69,79,0,191,13.6,65.87
2026-06-10 01:15:38,67,78,0,182,13.584,66.065
2026-06-10 01:20:38,67,79,0,177,13.531,66.024
2026-06-10 01:25:38,66,79,0,167,13.478,66.213
2026-06-10 01:30:38,68,79,0,169,13.432,65.988
2026-06-10 01:35:38,73,81,0,155,13.443,64.272
2026-06-10 01:40:38,61,73,0,152,13.405,66.105
2026-06-10 01:45:38,81,87,0,161,13.336,66.616
2026-06-10 01:50:38,133,144,0,166,13.309,63.238
2026-06-10 01:55:38,64,76,0,172,13.301,66.711
2026-06-10 02:00:38,57,71,0,154,13.323,66.892
2026-06-10 02:05:38,74,83,0,155,13.317,65.735
2026-06-10 02:10:38,54,64,0,140,13.344,62.313
2026-06-10 02:15:38,56,70,0,158,13.194,63.976
2026-06-10 02:20:38,57,72,0,163,13.154,65.235
2026-06-10 02:25:38,57,71,0,163,13.149,68.042
2026-06-10 02:30:38,82,87,0,229,13.197,67.684
2026-06-10 02:35:38,56,71,0,163,13.267,67.268
2026-06-10 02:40:38,56,69,0,161,13.304,67.169
2026-06-10 02:45:38,52,68,0,147,13.344,67.194
2026-06-10 02:50:38,52,66,0,130,13.349,66.57
2026-06-10 02:55:38,64,75,0,141,13.435,66.377
2026-06-10 03:00:38,56,72,0,154,13.472,65.83
2026-06-10 03:05:39,49,61,0,117,13.462,65.492
2026-06-10 03:10:38,46,57,0,104,13.459,66.698
2026-06-10 03:15:38,50,61,0,113,13.464,66.429
2026-06-10 03:20:38,45,55,0,92,13.496,65.569
2026-06-10 03:25:38,47,57,0,103,13.496,66.448
2026-06-10 03:30:38,43,53,0,89,13.491,66.328
2026-06-10 03:35:39,42,50,0,98,13.552,63.068
2026-06-10 03:40:39,42,52,0,101,13.552,63.31
2026-06-10 03:45:38,42,51,0,90,13.371,64.331
2026-06-10 03:50:38,44,52,0,85,13.339,65.612
2026-06-10 03:55:38,38,45,0,84,13.397,64.769
2026-06-10 04:00:38,43,52,0,90,13.523,66.267
2026-06-10 04:05:38,43,51,0,84,13.662,65.738
2026-06-10 04:10:39,39,49,0,81,13.731,65.683
2026-06-10 04:15:38,40,50,0,83,13.742,65.696
2026-06-10 04:20:39,42,48,0,79,13.774,65.614
2026-06-10 04:25:38,41,49,0,83,13.739,65.607
2026-06-10 04:30:39,41,50,0,78,13.766,65.485
2026-06-10 04:35:39,39,45,0,71,13.739,65.53
2026-06-10 04:40:38,37,45,0,67,13.766,65.193
2026-06-10 04:45:38,39,50,0,64,13.862,64.411
2026-06-10 04:50:38,38,45,0,76,13.875,61.954
2026-06-10 04:55:39,39,46,0,69,13.859,64.756
2026-06-10 05:00:38,42,53,0,62,13.849,65.21
2026-06-10 05:05:39,43,52,0,75,13.811,65.33
2026-06-10 05:10:39,43,53,0,78,13.806,64.354
2026-06-10 05:15:39,40,48,0,98,13.755,65.704
2026-06-10 05:20:39,42,51,0,156,13.75,65.632
2026-06-10 05:25:39,42,49,0,101,13.777,65.378
2026-06-10 05:30:38,42,51,0,82,13.75,65.315
2026-06-10 05:35:39,40,49,0,99,13.734,65.622
2026-06-10 05:40:39,40,51,0,86,13.726,65.397
2026-06-10 05:45:38,41,48,0,77,13.742,65.277
2026-06-10 05:50:39,42,53,0,75,13.747,65.181
2026-06-10 05:55:39,42,51,0,72,13.779,61.374
2026-06-10 06:00:39,54,67,0,86,13.779,62.156
2026-06-10 06:05:39,44,54,0,81,13.739,62.235
2026-06-10 06:10:39,42,51,0,89,13.713,62.244
2026-06-10 06:15:39,39,46,0,93,13.675,64.317
2026-06-10 06:20:39,45,53,0,84,13.729,63.242
2026-06-10 06:25:39,38,46,0,78,13.782,65.393
2026-06-10 06:30:39,38,45,0,97,13.801,65.698
2026-06-10 06:35:39,36,45,0,84,13.897,65.34
2026-06-10 06:40:39,44,53,0,91,13.966,65.332
2026-06-10 06:45:39,42,51,0,89,13.913,65.353
2026-06-10 06:50:39,42,51,0,89,13.913,65.216
2026-06-10 06:55:39,44,53,0,89,13.894,64.607
2026-06-10 07:00:39,44,53,0,128,13.841,65.391
2026-06-10 07:05:39,44,52,0,123,13.851,65.263
2026-06-10 07:10:39,45,53,0,112,13.889,64.441
2026-06-10 07:15:39,45,54,0,130,13.905,62.439
2026-06-10 07:20:39,46,56,0,136,13.801,65.483
2026-06-10 07:25:39,46,57,0,165,13.774,65.731
2026-06-10 07:30:39,43,53,0,132,13.795,62.469
2026-06-10 07:35:39,41,48,0,123,13.726,62.921
2026-06-10 07:40:39,39,47,0,130,13.608,64.407
2026-06-10 07:45:39,41,50,0,131,13.595,66.122
2026-06-10 07:50:39,42,52,0,140,13.638,63.106
2026-06-10 07:55:39,42,51,0,123,13.691,65.708
2026-06-10 08:00:39,42,51,0,135,13.782,65.298
2026-06-10 08:05:39,42,50,0,136,13.878,62.587
2026-06-10 08:10:39,42,52,0,137,13.865,63.94
2026-06-10 08:15:39,43,51,0,125,13.865,64.859
2026-06-10 08:20:39,41,49,0,140,13.945,61.796
2026-06-10 08:25:40,39,48,0,121,13.929,64.895
2026-06-10 08:30:39,42,49,0,118,13.929,65.317
2026-06-10 08:35:40,41,51,0,104,13.926,65.3
2026-06-10 08:40:40,40,48,0,100,13.953,65.283
2026-06-10 08:45:39,42,50,0,88,14.022,64.888
2026-06-10 08:50:40,39,45,0,97,14.07,64.706
2026-06-10 08:55:39,42,52,0,103,14.145,64.682
2026-06-10 09:00:39,42,52,0,113,14.158,64.462
2026-06-10 09:05:40,46,54,0,122,14.174,64.552
2026-06-10 09:10:39,41,52,0,100,14.089,64.726
2026-06-10 09:15:40,35,41,0,99,13.993,65.157
2026-06-10 09:20:39,43,50,0,95,14.062,64.285
2026-06-10 09:25:39,43,51,0,123,14.092,63.491
2026-06-10 09:30:39,44,53,0,124,14.086,65.555
2026-06-10 09:35:39,45,55,0,110,14.07,65.487
2026-06-10 09:40:39,45,52,0,105,14.161,65.674
2026-06-10 09:45:39,41,50,0,99,14.199,65.876
2026-06-10 09:50:40,41,49,0,107,14.26,62.509
2026-06-10 09:55:39,48,59,0,131,14.201,66.555
2026-06-10 10:00:40,43,51,0,134,14.265,66.385
2026-06-10 10:05:39,48,58,0,161,14.442,65.214
2026-06-10 10:10:40,47,57,0,173,14.602,65.017
2026-06-10 10:15:40,50,61,0,147,14.781,62.084
2026-06-10 10:20:39,50,64,0,179,14.77,62.444
2026-06-10 10:25:40,50,61,0,166,14.765,62.521
2026-06-10 10:30:40,48,59,0,140,14.823,62.439
2026-06-10 10:35:40,50,63,0,142,14.845,63.472
2026-06-10 10:40:40,52,66,0,118,14.906,64.001
2026-06-10 10:45:40,54,66,0,116,15.045,63.85
2026-06-10 10:50:40,53,64,0,133,15.157,63.568
2026-06-10 10:55:40,49,62,0,151,15.269,63.753
2026-06-10 11:00:40,55,71,0,161,15.307,62.055
2026-06-10 11:05:40,53,66,0,140,15.363,64.199
2026-06-10 11:10:40,50,61,0,134,15.416,64.222
2026-06-10 11:15:40,48,60,0,153,15.502,65.166
2026-06-10 11:20:40,53,66,0,146,15.576,64.84
2026-06-10 11:25:40,59,70,0,151,15.635,65.353
2026-06-10 11:30:40,65,76,0,129,15.643,65.494
2026-06-10 11:35:40,56,70,0,118,15.665,65.145
2026-06-10 11:40:40,52,65,0,109,15.606,66.375
2026-06-10 11:45:40,49,63,0,100,15.627,66.469
2026-06-10 11:50:40,50,61,0,125,15.6,66.974
2026-06-10 11:55:40,79,82,0,137,15.486,66.913
2026-06-10 12:00:40,109,115,0,164,15.47,63.495
2026-06-10 12:05:40,116,122,0,137,15.347,67.774
2026-06-10 12:10:40,73,82,0,242,15.283,66.894
2026-06-10 12:15:40,68,77,0,168,15.229,65.181
2026-06-10 12:20:40,61,74,0,126,15.13,66.4
2026-06-10 12:25:40,62,74,0,133,15.029,69.095
2026-06-10 12:30:40,60,72,0,125,15.066,69.301
2026-06-10 12:35:40,56,71,0,115,15.157,68.233
2026-06-10 12:40:40,54,68,0,129,15.243,68.128
2026-06-10 12:45:40,54,68,0,125,15.277,68.611
2026-06-10 12:50:40,59,72,0,106,15.384,69.46
2026-06-10 12:55:40,55,70,0,104,15.496,69.546
2026-06-10 13:00:40,59,71,0,110,15.619,68.861
2026-06-10 13:05:40,63,75,0,118,15.657,68.994
2026-06-10 13:10:40,59,74,0,107,15.734,68.842
2026-06-10 13:15:40,56,70,0,105,15.798,67.991
2026-06-10 13:20:40,60,73,0,109,15.825,67.901
2026-06-10 13:25:40,61,74,0,101,15.803,66.333
2026-06-10 13:30:40,63,73,0,94,15.723,66.223
2026-06-10 13:35:40,62,74,0,117,15.646,66.732
2026-06-10 13:40:40,72,80,0,140,15.528,68.233
2026-06-10 13:45:40,63,76,0,153,15.373,68.495
2026-06-10 13:50:41,64,75,0,166,15.208,69.607
2026-06-10 13:55:40,56,69,0,164,15.01,69.666
2026-06-10 14:00:40,53,66,0,106,14.842,69.826
2026-06-10 14:05:40,54,68,0,90,14.714,70.429
2026-06-10 14:10:40,50,60,0,84,14.677,70.02
2026-06-10 14:15:40,47,56,0,71,14.719,69.883
2026-06-10 14:20:40,45,56,0,65,14.778,69.679
2026-06-10 14:25:40,45,54,0,80,14.818,69.21
2026-06-10 14:30:40,46,55,0,69,14.909,69.269
2026-06-10 14:35:40,42,51,0,54,15.117,67.491
2026-06-10 14:40:40,38,47,0,42,15.406,66.715
2026-06-10 14:45:40,38,48,0,52,15.795,66.345
2026-06-10 14:50:40,40,47,0,61,16.033,64.93
2026-06-10 14:55:40,43,53,0,46,16.263,64.939
2026-06-10 15:00:41,40,49,0,60,16.604,63.869
2026-06-10 15:05:40,42,50,0,26,17.203,62.952
2026-06-10 15:10:41,40,47,0,31,18.073,60.772
2026-06-10 15:15:40,40,49,0,30,18.754,58.227
2026-06-10 15:20:41,40,47,0,24,19.096,57.243
2026-06-10 15:25:41,42,52,0,35,19.181,57.239
2026-06-10 15:30:41,44,55,0,24,19.363,56.884
2026-06-10 15:35:41,45,57,0,37,19.464,56.463
2026-06-10 15:40:40,43,53,0,25,19.44,57.039
2026-06-10 15:45:41,40,49,0,25,19.633,57.985
2026-06-10 15:50:40,37,44,0,47,19.958,54.5
2026-06-10 15:55:41,36,43,0,5,20.14,53.943
2026-06-10 16:00:45,36,43,0,25,20.316,54.17
2026-06-10 16:05:41,31,34,0,14,20.525,53.089
2026-06-10 16:10:41,30,33,0,41,20.621,51.097
2026-06-10 16:15:41,26,28,0,9,20.727,50.176
2026-06-10 16:20:41,33,36,0,2,20.709,50.708
2026-06-10 16:25:41,33,37,0,13,20.623,51.179
2026-06-10 16:30:41,37,46,0,6,20.597,51.357
2026-06-10 16:35:41,28,31,0,13,20.586,50.806
2026-06-10 16:40:41,29,29,0,14,20.506,51.612
2026-06-10 16:45:41,28,29,0,20,20.407,50.661
2026-06-10 16:50:41,27,29,0,6,20.257,50.827
2026-06-10 16:55:41,27,27,0,9,20.065,51.269
2026-06-10 17:00:41,27,28,0,11,19.595,51.3
2026-06-10 17:05:41,25,25,0,0,19.44,51.628
2026-06-10 17:10:41,29,32,0,23,19.24,51.815
2026-06-10 17:15:41,29,30,0,27,18.877,52.293
2026-06-10 17:20:41,27,29,0,26,18.434,52.642
2026-06-10 17:25:41,27,28,0,30,18.065,53.438
2026-06-10 17:30:41,27,29,0,44,17.755,54.098
2026-06-10 17:35:41,30,35,0,22,17.432,54.706
2026-06-10 17:40:41,28,29,0,41,17.176,55.496
2026-06-10 17:45:41,30,32,0,35,16.909,55.488
2026-06-10 17:50:41,25,28,0,67,16.759,56.245
2026-06-10 17:55:41,28,29,0,53,16.701,56.957
2026-06-10 18:00:41,24,25,0,43,16.548,56.863
2026-06-10 18:05:41,23,25,0,63,16.394,55.969
2026-06-10 18:10:41,27,29,0,73,16.212,56.995
2026-06-10 18:15:41,31,35,0,143,16.004,58.117
2026-06-10 18:20:42,33,35,0,128,15.774,58.307
2026-06-10 18:25:41,33,34,0,127,15.59,58.727
2026-06-10 18:30:41,33,37,0,128,15.414,58.435
2026-06-10 18:35:41,33,37,0,116,15.264,59.12
2026-06-10 18:40:41,33,35,0,113,15.082,59.959
2026-06-10 18:45:41,31,34,0,120,14.869,60.426
2026-06-10 18:50:41,32,38,0,103,14.636,60.89
2026-06-10 18:55:41,34,38,0,129,14.385,60.67
2026-06-10 19:00:41,35,37,0,121,14.172,62.276
2026-06-10 19:05:41,40,49,0,247,13.99,63.545
2026-06-10 19:10:41,39,45,0,205,13.83,62.771
2026-06-10 19:15:41,42,49,0,214,13.651,62.824
2026-06-10 19:20:41,40,49,0,231,13.405,63.608
2026-06-10 19:25:41,38,46,0,260,13.256,64.523
2026-06-10 19:30:41,39,49,0,407,13.085,65.475
2026-06-10 19:35:41,45,55,0,383,12.978,64.371
2026-06-10 19:40:41,49,60,0,294,12.842,65.628
2026-06-10 19:45:41,48,59,0,264,12.746,65.891
2026-06-10 19:50:41,40,47,0,216,12.634,64.272
2026-06-10 19:55:41,42,49,0,215,12.511,64.869
2026-06-10 20:00:41,44,52,0,191,12.367,65.046
2026-06-10 20:05:41,45,54,0,236,12.198,65.044
2026-06-10 20:10:42,43,52,0,252,12.097,66.002
2026-06-10 20:15:42,44,54,0,257,11.931,66.553
2026-06-10 20:20:41,44,55,0,295,11.798,67.341
2026-06-10 20:25:42,47,57,0,281,11.675,67.47
2026-06-10 20:30:42,47,55,0,243,11.56,66.963
2026-06-10 20:35:42,45,55,0,250,11.459,66.822
2026-06-10 20:40:41,48,58,0,231,11.32,65.04
2026-06-10 20:45:42,48,58,0,235,11.165,65.803
2026-06-10 20:50:41,48,61,0,285,11.015,68.046
2026-06-10 20:55:42,49,62,0,259,10.895,66.509
2026-06-10 21:00:42,48,56,0,265,10.778,66.526
2026-06-10 21:05:41,48,57,0,244,10.639,68.952
2026-06-10 21:10:42,50,59,0,261,10.602,68.329
2026-06-10 21:15:42,78,86,0,401,10.548,64.865
2026-06-10 21:20:42,110,116,0,527,10.444,65.689
2026-06-10 21:25:42,161,170,0,859,10.385,66.076
2026-06-10 21:30:42,160,168,0,775,10.407,68.947
2026-06-10 21:35:42,152,162,0,672,10.407,70.186
2026-06-10 21:40:42,124,132,0,509,10.428,70.354
2026-06-10 21:45:42,107,113,0,454,10.404,70.158
2026-06-10 21:50:42,73,83,0,313,10.399,69.189
2026-06-10 21:55:42,59,76,0,236,10.345,69.484
2026-06-10 22:00:42,56,70,0,214,10.281,69.723
2026-06-10 22:05:42,55,68,0,196,10.254,69.122
2026-06-10 22:10:42,49,63,0,157,10.166,69.074
2026-06-10 22:15:42,47,57,0,130,10.14,69.851
2026-06-10 22:20:42,47,57,0,112,10.118,68.884
2026-06-10 22:25:42,47,58,0,125,10.092,69.135
2026-06-10 22:30:42,46,58,0,127,10.057,68.647
2026-06-10 22:35:42,45,54,0,127,10.025,69.769
2026-06-10 22:40:42,53,64,0,153,9.987,69.669
2026-06-10 22:45:42,57,71,0,202,9.961,69.172
2026-06-10 22:50:42,57,71,0,207,9.923,68.577
2026-06-10 22:55:43,56,70,0,173,9.862,68.281
2026-06-10 23:00:42,46,58,0,123,9.734,67.779
2026-06-10 23:05:42,49,62,0,127,9.632,68.975
2026-06-10 23:10:42,48,60,0,132,9.547,68.359
2026-06-10 23:15:42,48,59,0,115,9.461,65.519
2026-06-10 23:20:42,42,53,0,100,9.395,69.221
2026-06-10 23:25:42,42,49,0,98,9.373,66.923
2026-06-10 23:30:42,38,46,0,92,9.416,70.553
2026-06-10 23:35:42,41,45,0,90,9.453,70.087
2026-06-10 23:40:42,41,47,0,96,9.453,68.645
2026-06-10 23:45:42,41,45,0,83,9.429,68.855
2026-06-10 23:50:42,39,47,0,78,9.403,68.866
2026-06-10 23:55:42,39,42,0,65,9.322,69.212
2026-06-11 00:00:42,39,45,0,80,9.285,68.805
2026-06-11 00:05:42,38,41,0,76,9.242,68.052
2026-06-11 00:10:42,41,44,0,74,9.266,69.822
2026-06-11 00:15:42,37,42,0,72,9.304,70.017
2026-06-11 00:20:42,38,41,0,79,9.331,69.231
2026-06-11 00:25:42,35,43,0,60,9.379,69.57
2026-06-11 00:30:42,35,35,0,65,9.389,69.181
2026-06-11 00:35:42,34,35,0,60,9.408,68.527
2026-06-11 00:40:42,35,39,0,57,9.408,65.838
2026-06-11 00:45:42,35,36,0,79,9.344,69.301
2026-06-11 00:50:42,34,37,0,59,9.264,68.161
2026-06-11 00:55:42,35,36,0,89,9.213,69.347
2026-06-11 01:00:43,33,37,0,76,9.192,68.302
2026-06-11 01:05:42,35,36,0,64,9.138,68.104
2026-06-11 01:10:42,33,37,0,72,9.128,66.242
2026-06-11 01:15:42,35,39,0,67,9.09,68.542
2026-06-11 01:20:42,32,33,0,72,9.098,68.905
2026-06-11 01:25:43,33,36,0,63,9.114,68.813
2026-06-11 01:30:42,31,35,0,58,9.098,68.8
2026-06-11 01:35:43,32,35,0,62,9.114,69.675
2026-06-11 01:40:42,31,33,0,71,9.157,69.792
2026-06-11 01:45:42,33,35,0,70,9.218,69.649
2026-06-11 01:50:42,31,34,0,61,9.266,69.732
2026-06-11 01:55:42,31,34,0,71,9.293,69.486
2026-06-11 02:00:42,31,32,0,72,9.368,67.425
2026-06-11 02:05:43,33,34,0,66,9.437,67.81
2026-06-11 02:10:42,32,33,0,79,9.435,67.131
2026-06-11 02:15:43,33,35,0,76,9.467,66.299
2026-06-11 02:20:42,31,33,0,69,9.429,67.47
2026-06-11 02:25:42,32,34,0,77,9.381,67.733
2026-06-11 02:30:43,29,29,0,60,9.331,67.192
2026-06-11 02:35:43,28,29,0,66,9.314,67.468
2026-06-11 02:40:42,23,26,0,53,9.293,68.762
2026-06-11 02:45:43,27,28,0,57,9.331,68.63
2026-06-11 02:50:43,27,29,0,83,9.373,68.769
2026-06-11 02:55:42,29,32,0,95,9.419,68.878
2026-06-11 03:00:43,27,28,0,79,9.472,67.821
2026-06-11 03:05:43,28,28,0,87,9.499,67.814
2026-06-11 03:10:43,23,23,0,89,9.493,67.081
2026-06-11 03:15:42,23,27,0,74,9.467,67.455
2026-06-11 03:20:43,27,29,0,82,9.432,67.157
2026-06-11 03:25:42,29,30,0,100,9.416,65.895
2026-06-11 03:30:43,26,27,0,103,9.459,66.885
2026-06-11 03:35:42,23,23,0,92,9.459,67.905
2026-06-11 03:40:43,28,28,0,98,9.475,68.237
2026-06-11 03:45:43,25,27,0,87,9.483,65.183
2026-06-11 03:50:43,26,27,0,82,9.52,68.292
2026-06-11 03:55:43,23,27,0,83,9.574,67.238
2026-06-11 04:00:43,22,26,0,85,9.606,67.234
2026-06-11 04:05:43,22,26,0,81,9.611,67.28
2026-06-11 04:10:43,22,22,0,84,9.614,67.239
2026-06-11 04:15:43,22,22,0,93,9.56,67.095
2026-06-11 04:20:43,23,27,0,81,9.523,66.625
2026-06-11 04:25:43,28,28,0,75,9.496,66.433
2026-06-11 04:30:43,27,28,0,92,9.432,64.827
2026-06-11 04:35:43,22,26,0,78,9.333,66.127
2026-06-11 04:40:43,23,23,0,91,9.258,66.915
2026-06-11 04:45:43,23,23,0,77,9.253,67.625
2026-06-11 04:50:43,26,26,0,82,9.258,68.001
2026-06-11 04:55:43,26,26,0,81,9.258,68.327
2026-06-11 05:00:43,26,26,0,81,9.293,67.854
2026-06-11 05:05:43,27,29,0,88,9.277,67.068
2026-06-11 05:10:43,26,28,0,91,9.213,66.572
2026-06-11 05:15:43,18,20,0,74,9.117,64.689
2026-06-11 05:20:43,13,15,0,68,8.999,65.469
2026-06-11 05:25:43,14,17,0,72,8.959,66.326
2026-06-11 05:30:43,10,10,0,69,8.917,67.915
2026-06-11 05:35:43,19,21,0,79,8.927,68.096
2026-06-11 05:40:43,20,20,0,90,8.965,67.987
2026-06-11 05:45:43,20,20,0,92,8.991,66.816
2026-06-11 05:50:43,13,13,0,81,8.999,67.173
2026-06-11 05:55:43,16,17,0,78,8.999,65.777
2026-06-11 06:00:43,15,16,0,73,8.978,65.756
2026-06-11 06:05:43,10,10,0,84,8.967,66.812
2026-06-11 06:10:43,15,16,0,88,8.957,65.117
2026-06-11 06:15:43,19,19,0,92,8.949,67.209
2026-06-11 06:20:44,14,17,0,93,8.959,64.871
2026-06-11 06:25:43,14,20,0,92,8.949,65.889
2026-06-11 06:30:43,14,17,0,92,8.943,67.425
2026-06-11 06:35:43,10,16,0,81,8.978,67.363
2026-06-11 06:40:43,10,14,0,95,9.079,66.736
2026-06-11 06:45:43,19,20,0,100,9.176,66.087
2026-06-11 06:50:43,16,18,0,86,9.176,65.958
2026-06-11 06:55:43,19,21,0,127,9.154,66.375
2026-06-11 07:00:43,19,22,0,86,9.189,65.374
2026-06-11 07:05:43,17,20,0,87,9.2,66.894
2026-06-11 07:10:43,20,21,0,90,9.237,66.576
2026-06-11 07:15:43,15,18,0,81,9.285,66.347
2026-06-11 07:20:43,16,17,0,95,9.296,66.391
2026-06-11 07:25:43,10,10,0,112,9.32,66.391
2026-06-11 07:30:43,9,13,0,107,9.341,65.445
2026-06-11 07:35:43,10,12,0,108,9.421,65.901
2026-06-11 07:40:43,15,16,0,148,9.416,65.483
2026-06-11 07:45:43,15,17,0,122,9.416,65.601
2026-06-11 07:50:43,12,14,0,129,9.381,65.275
2026-06-11 07:55:43,17,17,0,158,9.333,65.214
2026-06-11 08:00:43,20,22,0,157,9.29,64.006
2026-06-11 08:05:43,19,19,0,130,9.285,65.965
2026-06-11 08:10:43,21,23,0,119,9.344,66.278
2026-06-11 08:15:43,39,42,0,124,9.491,65.757
2026-06-11 08:20:43,41,46,0,134,9.603,65.439
2026-06-11 08:25:43,35,36,0,153,9.71,64.968
2026-06-11 08:30:43,31,31,0,131,9.795,63.869
2026-06-11 08:35:43,12,17,0,87,9.95,66.829
2026-06-11 08:40:44,40,45,0,130,10.23,65.927
2026-06-11 08:45:43,31,32,0,129,10.46,65.384
2026-06-11 08:50:44,27,30,0,111,10.62,65.239
2026-06-11 08:55:44,27,28,0,116,10.823,65.305
2026-06-11 09:00:43,29,30,0,125,10.978,65.187
2026-06-11 09:05:44,23,25,0,122,11.184,64.214
2026-06-11 09:10:44,27,28,0,105,11.387,63.951
2026-06-11 09:15:44,29,30,0,103,12.086,64.167
2026-06-11 09:20:43,28,29,0,99,13.801,61.226
2026-06-11 09:25:44,26,26,0,107,15.643,53.985
2026-06-11 09:30:44,24,25,0,88,17.115,54.178
2026-06-11 09:35:43,18,20,0,65,18.14,53.133
2026-06-11 09:40:44,18,19,0,66,18.856,52.608
2026-06-11 09:45:43,7,7,0,50,19.523,48.234
2026-06-11 09:50:44,6,6,0,38,20.105,49.228
2026-06-11 09:55:44,5,5,0,35,20.546,46.735
2026-06-11 10:00:44,6,7,0,38,21.016,47.069
2026-06-11 10:05:44,6,6,0,40,21.379,46.88
2026-06-11 10:10:44,5,6,0,28,21.956,46.405
2026-06-11 10:15:43,5,5,0,28,22.42,45.678
2026-06-11 10:20:44,5,5,0,21,22.856,45.112
2026-06-11 10:25:44,6,7,0,28,23.133,38.196
2026-06-11 10:30:44,7,7,0,37,23.123,40.063
2026-06-11 10:35:44,8,9,0,33,22.813,39.396
2026-06-11 10:40:44,8,8,0,40,22.973,38.997
2026-06-11 10:45:44,10,11,0,58,23.206,35.155
2026-06-11 10:50:44,8,11,0,51,22.992,39.893
2026-06-11 10:55:44,8,10,0,48,22.939,39.661
2026-06-11 11:00:44,8,8,0,29,22.864,38.36
2026-06-11 11:05:44,7,8,0,32,22.971,39.537
2026-06-11 11:10:44,4,4,0,21,23.16,40.649
2026-06-11 11:15:44,3,3,0,19,23.251,37.788
2026-06-11 11:20:44,5,5,0,4,24.063,40.426
2026-06-11 11:25:44,5,6,0,5,24.762,37.658
2026-06-11 11:30:44,6,7,0,5,25.024,37.62
2026-06-11 11:35:44,4,6,0,5,25.678,32.575
2026-06-11 11:40:44,4,4,0,9,26.517,36.046
2026-06-11 11:45:44,4,4,0,0,26.821,35.026
2026-06-11 11:50:44,4,4,0,0,27.045,34.278
2026-06-11 11:55:44,4,5,0,3,27.179,27.646
2026-06-11 12:00:44,5,5,0,0,27.876,28.707
2026-06-11 12:05:44,5,5,0,0,28.709,35.735
2026-06-11 12:10:44,2,2,0,0,28.72,37.704
2026-06-11 12:15:44,6,6,0,2,28.816,34.148
2026-06-11 12:20:44,4,5,0,18,28.479,30.58
2026-06-11 12:25:44,2,2,0,0,28.455,35.781
2026-06-11 12:30:44,3,3,0,3,28.29,28.802
2026-06-11 12:35:44,3,4,0,0,28.642,36.247
2026-06-11 12:40:44,4,4,0,6,29.369,26.288
2026-06-11 12:45:44,4,4,0,0,30.212,30.089
2026-06-11 12:50:44,3,3,0,0,30.856,23.387
2026-06-11 13:00:44,2,3,0,0,32.955,27.692
2026-06-11 13:05:44,3,4,0,0,33.47,21.75
2026-06-11 13:10:44,0,0,0,0,33.598,20.785
2026-06-11 13:15:44,2,2,0,0,34.17,20.638
2026-06-11 13:20:44,1,1,0,0,34.789,20.987
2026-06-11 13:25:44,3,3,0,0,34.715,24.02
2026-06-11 13:30:44,4,4,0,0,34.472,21.735
2026-06-11 13:35:44,3,3,0,0,34.215,20.518
2026-06-11 13:40:44,1,1,0,0,34.082,20.289
2026-06-11 13:45:45,2,2,0,0,33.959,20.284
2026-06-11 13:50:44,1,1,0,0,33.932,28.668
2026-06-11 13:55:44,2,2,0,0,33.508,20.301
2026-06-11 14:00:44,0,0,0,0,33.342,20.839
2026-06-11 14:05:44,0,0,0,0,33.086,21.253
2026-06-11 14:10:44,3,3,0,0,33.139,21.218
2026-06-11 14:15:45,4,4,0,3,33.048,21.146
2026-06-11 14:20:44,3,3,0,0,32.538,21.575
2026-06-11 14:25:44,3,3,0,0,32.303,21.779
2026-06-11 14:30:44,2,3,0,0,32.544,22.872
2026-06-11 14:35:45,2,2,0,0,32.586,23.017
2026-06-11 14:40:45,2,2,0,0,32.95,32.813
2026-06-11 14:45:44,2,2,0,0,33.032,32.434
2026-06-11 14:50:45,3,3,0,0,33.321,22.26
2026-06-11 14:55:44,0,0,0,0,33.727,20.822
2026-06-11 15:00:45,2,2,0,3,34.01,21.655
2026-06-11 15:05:45,1,1,0,0,34.084,21.604
2026-06-11 15:10:45,0,0,0,0,33.895,21.142
2026-06-11 15:15:45,0,0,0,0,33.777,20.776
2026-06-11 15:20:45,0,0,0,0,33.601,20.755
2026-06-11 15:25:45,0,0,0,0,33.457,21.087
2026-06-11 15:30:45,1,1,0,0,33.703,21.56
2026-06-11 15:35:45,1,2,0,0,33.801,21.075
2026-06-11 15:40:45,0,0,0,0,33.78,23.576
2026-06-11 15:45:45,0,0,0,0,33.598,21.682
2026-06-11 15:50:45,0,0,0,0,33.412,21.426
2026-06-11 15:55:45,0,1,0,0,33.096,21.939
2026-06-11 16:00:45,0,0,0,0,32.8,28.644
2026-06-11 16:05:51,2,2,0,0,32.231,23.625
2026-06-11 16:10:45,2,3,0,15,31.657,25.422
2026-06-11 16:15:45,4,5,0,12,31.091,27.675
2026-06-11 16:20:45,7,7,0,0,30.477,28.543
2026-06-11 16:25:45,13,13,0,19,29.945,29.384
2026-06-11 16:30:45,10,12,0,5,29.353,30.194
2026-06-11 16:35:45,17,20,0,7,28.947,31.005
2026-06-11 16:40:45,25,27,0,45,28.338,33.975
2026-06-11 16:45:45,23,26,0,63,27.473,33.969
2026-06-11 16:50:45,13,15,0,29,26.279,36.609
2026-06-11 16:55:45,10,12,0,28,25.227,38.06
2026-06-11 17:00:45,9,9,0,15,24.292,40.279
2026-06-11 17:05:45,13,17,0,28,23.641,41.192
2026-06-11 17:10:45,14,16,0,78,22.952,42.386
2026-06-11 17:15:45,11,11,0,45,22.335,42.432
2026-06-11 17:20:45,6,7,0,26,21.742,46.087
2026-06-11 17:25:45,6,6,0,6,21.005,48.204
2026-06-11 17:30:45,8,11,0,30,20.567,49.55
2026-06-11 17:35:45,6,8,0,15,19.99,50.636
2026-06-11 17:40:45,8,9,0,41,19.555,52.24
2026-06-11 17:45:45,12,15,0,28,19.24,53.043
2026-06-11 17:50:45,10,12,0,32,18.92,53.609
2026-06-11 17:55:45,18,19,0,37,18.653,54.145
2026-06-11 18:00:45,8,8,0,43,18.402,54.658
2026-06-11 18:05:45,12,14,0,39,18.185,55.301
2026-06-11 18:10:45,17,17,0,81,17.977,54.691
2026-06-11 18:15:45,20,22,0,75,17.806,52.415
2026-06-11 18:20:46,24,27,0,105,17.71,55.828
2026-06-11 18:25:45,34,43,0,97,17.576,56.72
2026-06-11 18:30:45,35,39,0,175,17.472,51.059
2026-06-11 18:35:45,51,64,0,168,17.339,57.26
2026-06-11 18:40:46,45,54,0,133,17.275,57.079
2026-06-11 18:45:45,9,11,0,77,17.179,57.922
2026-06-11 18:50:45,8,8,0,64,17.05,58.668
2026-06-11 18:55:45,6,7,0,37,16.872,59.412
2026-06-11 19:00:46,6,6,0,55,16.754,59.791
2026-06-11 19:05:45,8,8,0,56,16.695,60.136
2026-06-11 19:10:45,12,13,0,51,16.653,60.32
2026-06-11 19:15:45,9,11,0,65,16.653,60.226
2026-06-11 19:20:45,9,11,0,52,16.629,60.581
2026-06-11 19:25:45,13,15,0,80,16.607,60.773
2026-06-11 19:30:45,14,16,0,97,16.554,60.978
2026-06-11 19:35:45,13,15,0,87,16.506,60.909
2026-06-11 19:40:45,29,30,0,108,16.442,60.991
2026-06-11 19:45:46,19,24,0,94,16.402,61.01
2026-06-11 19:50:46,14,16,0,102,16.369,61.025
2026-06-11 19:55:45,13,16,0,104,16.311,60.951
2026-06-11 20:00:46,15,17,0,95,16.257,61.082
2026-06-11 20:05:46,17,19,0,118,16.236,59.549
2026-06-11 20:10:46,19,20,0,130,16.121,60.672
2026-06-11 20:15:45,23,23,0,128,16.004,52.701
2026-06-11 20:20:46,26,28,0,123,15.822,61.99
2026-06-11 20:25:45,29,30,0,184,15.769,61.8
2026-06-11 20:30:46,33,36,0,206,15.694,62.53
2026-06-11 20:35:46,33,37,0,197,15.681,60.619
2026-06-11 20:40:46,37,45,0,181,15.616,62.17
2026-06-11 20:45:45,38,47,0,208,15.542,63.49
2026-06-11 20:50:46,39,47,0,186,15.536,62.957
2026-06-11 20:55:46,42,49,0,198,15.536,62.791
2026-06-11 21:00:46,43,52,0,217,15.539,62.692
2026-06-11 21:05:45,43,51,0,251,15.502,57.121
2026-06-11 21:10:46,47,59,0,252,15.406,63.02
2026-06-11 21:15:46,52,65,0,276,15.363,63.186
2026-06-11 21:20:46,54,69,0,285,15.299,62.988
2026-06-11 21:25:46,53,67,0,246,15.221,63.055
2026-06-11 21:30:46,52,67,0,248,15.189,63.493
2026-06-11 21:35:46,53,66,0,264,15.179,63.43
2026-06-11 21:40:46,51,64,0,280,15.173,63.076
2026-06-11 21:45:46,53,65,0,280,15.168,62.977
2026-06-11 21:50:46,58,70,0,338,15.122,62.851
2026-06-11 21:55:46,63,74,0,374,15.128,63.402
2026-06-11 22:00:46,60,73,0,362,15.096,63.177
2026-06-11 22:05:46,56,70,0,348,15.064,62.936
2026-06-11 22:10:46,49,59,0,257,15.021,63.224
2026-06-11 22:15:46,47,58,0,203,14.965,63.188
2026-06-11 22:20:46,47,59,0,261,14.853,63.852
2026-06-11 22:25:46,44,52,0,200,14.725,64.266
2026-06-11 22:30:46,45,54,0,184,14.607,64.644
2026-06-11 22:35:46,42,49,0,175,14.468,65.031
2026-06-11 22:40:46,37,44,0,151,14.401,65.609
2026-06-11 22:45:46,31,33,0,121,14.348,65.286
2026-06-11 22:50:46,29,29,0,114,14.305,65.469
2026-06-11 22:55:46,25,27,0,99,14.289,65.492
2026-06-11 23:00:46,24,26,0,84,14.268,65.584
2026-06-11 23:05:46,21,23,0,87,14.287,65.429
2026-06-11 23:10:46,24,26,0,80,14.303,65.389
2026-06-11 23:15:46,21,21,0,81,14.319,65.412
2026-06-11 23:20:46,21,23,0,70,14.351,65.321
2026-06-11 23:25:46,21,21,0,66,14.324,65.075
2026-06-11 23:30:46,23,24,0,71,14.332,64.445
2026-06-11 23:35:46,31,31,0,69,14.236,64.966
2026-06-11 23:40:46,35,37,0,74,14.076,65.382
2026-06-11 23:45:46,35,41,0,97,14.001,65.538
2026-06-11 23:50:46,38,45,0,128,13.915,58.778
2026-06-11 23:55:46,39,44,0,107,13.769,65.647
2026-06-12 00:00:46,39,45,0,112,13.694,66.663
2026-06-12 00:05:46,36,42,0,104,13.63,66.652
2026-06-12 00:10:46,36,40,0,129,13.598,67.014
2026-06-12 00:15:46,38,44,0,179,13.646,67.234
2026-06-12 00:20:46,38,44,0,159,13.675,67.301
2026-06-12 00:25:46,34,41,0,124,13.686,65.504
2026-06-12 00:30:47,38,41,0,117,13.664,66.753
2026-06-12 00:35:46,32,38,0,104,13.67,67.133
2026-06-12 00:40:46,34,38,0,122,13.659,65.452
2026-06-12 00:45:46,35,40,0,135,13.619,67.602
2026-06-12 00:50:46,34,37,0,129,13.635,67.491
2026-06-12 00:55:46,42,49,0,158,13.646,66.862
2026-06-12 01:00:47,45,55,0,177,13.688,66.528
2026-06-12 01:05:46,48,56,0,190,13.71,66.599
2026-06-12 01:10:47,45,54,0,161,13.729,66.242
2026-06-12 01:15:46,44,54,0,174,13.745,66.217
2026-06-12 01:20:47,46,57,0,192,13.766,66.446
2026-06-12 01:25:47,45,56,0,202,13.734,66.747
2026-06-12 01:30:47,49,59,0,232,13.766,66.784
2026-06-12 01:35:46,47,59,0,217,13.758,66.948
2026-06-12 01:40:47,50,60,0,251,13.731,66.66
2026-06-12 01:45:46,51,62,0,259,13.726,58.782
2026-06-12 01:50:47,48,58,0,221,13.688,66.894
2026-06-12 01:55:47,47,58,0,209,13.699,67.226
2026-06-12 02:00:47,46,57,0,200,13.777,67.047
2026-06-12 02:05:46,45,54,0,201,13.782,66.681
2026-06-12 02:10:47,45,54,0,195,13.793,65.872
2026-06-12 02:15:47,48,58,0,214,13.777,65.822
2026-06-12 02:20:47,49,61,0,234,13.755,64.806
2026-06-12 02:25:46,50,60,0,225,13.71,65.284
2026-06-12 02:30:47,50,59,0,208,13.624,65.668
2026-06-12 02:35:47,46,55,0,211,13.587,65.668
2026-06-12 02:40:47,47,57,0,215,13.528,65.574
2026-06-12 02:45:47,48,58,0,224,13.55,65.87
2026-06-12 02:50:47,48,58,0,215,13.536,65.746
2026-06-12 02:55:47,45,55,0,197,13.478,65.702
2026-06-12 03:00:47,46,55,0,177,13.435,65.92
2026-06-12 03:05:47,45,54,0,163,13.344,66.135
2026-06-12 03:10:47,44,54,0,174,13.296,66.395
2026-06-12 03:15:47,45,55,0,181,13.272,66.736
2026-06-12 03:20:47,44,51,0,178,13.208,66.969
2026-06-12 03:25:47,43,53,0,160,13.202,66.873
2026-06-12 03:30:47,40,50,0,139,13.192,66.818
2026-06-12 03:35:47,43,50,0,135,13.219,66.656
2026-06-12 03:40:47,43,51,0,123,13.178,66.688
2026-06-12 03:45:47,42,50,0,119,13.157,66.21
2026-06-12 03:50:47,38,44,0,93,13.029,66.139
2026-06-12 03:55:47,39,43,0,93,12.911,66.526
2026-06-12 04:00:47,37,44,0,93,12.799,66.894
2026-06-12 04:05:47,37,42,0,108,12.695,67.308
2026-06-12 04:10:47,40,46,0,138,12.626,61.267
2026-06-12 04:15:47,41,48,0,125,12.53,67.84
2026-06-12 04:20:47,40,45,0,137,12.495,68.367
2026-06-12 04:25:47,40,46,0,171,12.463,68.468
2026-06-12 04:30:47,39,45,0,233,12.457,68.88
2026-06-12 04:35:47,36,40,0,176,12.484,67.344
2026-06-12 04:40:47,39,44,0,181,12.49,68.428
2026-06-12 04:45:47,37,41,0,258,12.54,66.927
2026-06-12 04:50:47,36,42,0,225,12.53,68.178
2026-06-12 04:55:47,35,42,0,203,12.53,68.64
2026-06-12 05:00:47,39,43,0,199,12.527,68.588
2026-06-12 05:05:47,35,39,0,188,12.548,61.073
2026-06-12 05:10:47,33,39,0,125,12.532,60.943
2026-06-12 05:15:48,33,37,0,106,12.463,69.244
2026-06-12 05:20:47,33,36,0,94,12.468,68.916
2026-06-12 05:25:47,36,39,0,106,12.524,68.063
2026-06-12 05:30:47,36,41,0,122,12.54,68.287
2026-06-12 05:35:47,35,40,0,134,12.556,67.772
2026-06-12 05:40:47,35,36,0,125,12.562,68.044
2026-06-12 05:45:47,35,36,0,135,12.54,68.342
2026-06-12 05:50:47,33,39,0,111,12.575,67.838
2026-06-12 05:55:47,35,41,0,122,12.628,67.659
2026-06-12 06:00:47,33,37,0,100,12.634,68.351
2026-06-12 06:05:47,31,34,0,115,12.639,67.831
2026-06-12 06:10:48,32,32,0,100,12.538,67.999
2026-06-12 06:15:47,32,34,0,113,12.476,62.662
2026-06-12 06:20:47,32,34,0,111,12.401,67.028
2026-06-12 06:25:47,31,32,0,137,12.343,61.752
2026-06-12 06:30:47,30,30,0,156,12.316,62.5
2026-06-12 06:35:47,30,32,0,443,12.284,64.413
2026-06-12 06:40:48,31,33,0,157,12.292,61.536
2026-06-12 06:45:47,27,28,0,89,12.255,69.706
2026-06-12 06:50:48,30,32,0,116,12.329,62.778
2026-06-12 06:55:47,30,31,0,105,12.335,69.807
2026-06-12 07:00:48,29,30,0,117,12.431,69.364
2026-06-12 07:05:47,28,30,0,93,12.455,68.836
2026-06-12 07:10:48,30,32,0,101,12.481,68.388
2026-06-12 07:15:48,30,32,0,121,12.503,63.688
2026-06-12 07:20:48,27,31,0,116,12.492,68.325
2026-06-12 07:25:48,31,33,0,129,12.514,67.837
2026-06-12 07:30:48,30,33,0,129,12.495,68.298
2026-06-12 07:35:48,33,33,0,208,12.484,61.769
2026-06-12 07:40:48,35,41,0,278,12.436,62.631
2026-06-12 07:45:48,36,40,0,276,12.447,64.293
2026-06-12 07:50:48,36,41,0,214,12.532,69.113
2026-06-12 07:55:48,37,41,0,213,12.61,68.699
2026-06-12 08:00:48,35,41,0,278,12.716,68.323
2026-06-12 08:05:48,35,41,0,201,12.797,67.703
2026-06-12 08:10:47,36,38,0,154,12.813,67.367
2026-06-12 08:15:48,36,43,0,158,12.845,67.102
2026-06-12 08:20:48,35,39,0,135,12.831,67.447
2026-06-12 08:25:48,32,36,0,144,12.826,67.354
2026-06-12 08:30:48,37,41,0,212,12.901,61.494
2026-06-12 08:35:48,36,39,0,280,12.885,66.896
2026-06-12 08:40:48,38,43,0,205,12.879,68.493
2026-06-12 08:45:48,36,41,0,208,12.989,68.044
2026-06-12 08:50:48,44,51,0,244,13.128,62.332
2026-06-12 08:55:48,39,46,0,219,13.251,62.521
2026-06-12 09:00:48,35,38,0,238,13.437,63.112
2026-06-12 09:05:48,37,42,0,233,13.587,62.694
2026-06-12 09:10:48,35,41,0,228,13.734,62.477
2026-06-12 09:15:48,37,45,0,259,13.894,64.836
2026-06-12 09:20:48,39,44,0,247,14.215,63.848
2026-06-12 09:25:48,38,46,0,270,14.631,62.566
2026-06-12 09:30:48,36,41,0,249,15.074,60.825
2026-06-12 09:35:48,36,42,0,190,15.499,59.97
2026-06-12 09:40:48,38,44,0,187,16.156,58.097
2026-06-12 09:45:48,31,36,0,145,16.936,55.467
2026-06-12 09:50:48,36,43,0,126,17.753,53.787
2026-06-12 09:55:48,33,39,0,121,18.837,49.816
2026-06-12 10:00:48,35,41,0,116,20.527,46.255
2026-06-12 10:05:48,32,33,0,95,22.177,49.533
2026-06-12 10:10:48,29,32,0,98,22.776,41.755
2026-06-12 10:15:48,28,28,0,99,22.995,39.567
2026-06-12 10:20:48,24,25,0,91,22.653,39.64
2026-06-12 10:25:48,24,25,0,113,22.212,39.377
2026-06-12 10:30:48,24,25,0,109,22.079,39.72
2026-06-12 10:35:48,25,26,0,98,22.356,39.651
2026-06-12 10:40:48,22,25,0,91,22.57,36.651
2026-06-12 10:45:48,24,25,0,107,22.768,37.151
2026-06-12 10:50:48,26,28,0,98,23.363,36.267
2026-06-12 10:55:48,22,23,0,87,23.838,37.359
2026-06-12 11:00:48,24,26,0,95,23.921,34.888
2026-06-12 11:05:48,27,27,0,95,24.076,41.831
2026-06-12 11:10:48,25,27,0,77,24.108,41.791
2026-06-12 11:15:48,25,25,0,69,24.097,41.639
2026-06-12 11:20:48,25,26,0,82,24.255,34.61
2026-06-12 11:25:48,23,25,0,88,24.362,34.066
2026-06-12 11:30:48,22,24,0,77,24.64,33.37
2026-06-12 11:35:48,29,32,0,105,24.784,39.405
2026-06-12 11:40:48,32,34,0,90,24.666,41.065
2026-06-12 11:45:48,29,32,0,94,24.407,35.84
2026-06-12 11:50:48,32,34,0,89,24.316,38.556
2026-06-12 11:55:49,32,36,0,106,24.119,38.125
2026-06-12 12:00:48,27,27,0,107,23.911,37.587
2026-06-12 12:05:48,29,34,0,95,23.814,38.753
2026-06-12 12:10:49,32,35,0,113,23.593,39.951
2026-06-12 12:15:49,31,32,0,103,23.449,38.804
2026-06-12 12:20:48,33,36,0,103,23.352,39.48
2026-06-12 12:25:49,33,37,0,97,23.299,39.203
2026-06-12 12:30:49,32,36,0,94,23.491,39.321
2026-06-12 12:35:49,32,33,0,76,23.916,39.487
2026-06-12 12:40:48,29,32,0,79,24.167,37.624
2026-06-12 12:45:49,30,31,0,77,24.509,37.961
2026-06-12 12:50:49,30,31,0,76,24.893,36.943
2026-06-12 12:55:48,33,40,0,83,25.267,34.81
2026-06-12 13:00:49,28,30,0,71,25.622,35.325
2026-06-12 13:05:49,29,29,0,76,26.359,33.553
2026-06-12 13:10:49,25,25,0,67,27.561,33.178
2026-06-12 13:15:49,28,30,0,64,29.067,31.509
2026-06-12 13:20:49,29,31,0,67,30.418,28.779
2026-06-12 13:25:49,27,29,0,60,31.553,26.309
2026-06-12 13:30:49,26,26,0,72,32.162,25.443
2026-06-12 13:35:49,23,24,0,64,32.413,24.724
2026-06-12 13:40:49,23,26,0,66,33.091,24.671
2026-06-12 13:45:49,23,25,0,71,34.01,22.908
2026-06-12 13:50:49,24,26,0,65,34.84,24.612
2026-06-12 13:55:49,20,22,0,26,35.556,31.757
2026-06-12 14:00:49,24,24,0,63,35.39,21.729
2026-06-12 14:05:49,22,23,0,66,35.113,21.905
2026-06-12 14:10:49,17,19,0,39,34.968,26.837
2026-06-12 14:15:49,22,23,0,64,35.008,20.881
2026-06-12 14:20:49,20,20,0,27,35.174,32.712
2026-06-12 14:25:49,17,18,0,62,34.944,20.581
2026-06-12 14:30:49,19,19,0,52,34.613,22.971
2026-06-12 14:35:49,17,18,0,49,34.603,21.102
2026-06-12 14:40:49,18,18,0,66,34.562,21.287
2026-06-12 14:45:49,18,18,0,87,34.215,22.044
2026-06-12 14:50:49,20,22,0,42,33.708,33.076
2026-06-12 14:55:49,22,22,0,86,33.04,23.519
2026-06-12 15:00:49,20,24,0,87,32.293,25.529
2026-06-12 15:05:49,23,23,0,67,31.553,28.699
2026-06-12 15:10:49,19,19,0,65,30.565,30.4
2026-06-12 15:15:50,21,21,0,58,29.561,35.835
2026-06-12 15:20:49,18,19,0,73,28.402,34.362
2026-06-12 15:25:49,14,16,0,65,27.382,35.701
2026-06-12 15:30:49,18,21,0,82,26.674,37.057
2026-06-12 15:35:49,23,23,0,62,25.996,38.608
2026-06-12 15:40:49,19,20,0,67,25.542,39.417
2026-06-12 15:45:49,20,24,0,82,25.387,40.004
2026-06-12 15:50:49,15,17,0,61,25.419,39.386
2026-06-12 15:55:49,20,22,0,63,25.336,39.012
2026-06-12 16:02:35,30,31,0,70,25.203,40.405
2026-06-12 16:05:49,29,30,0,92,24.917,40.241
2026-06-12 16:10:49,20,20,0,89,24.61,40.378
2026-06-12 16:15:49,21,25,0,98,24.284,41.353
2026-06-12 16:20:49,21,21,0,86,23.878,41.683
2026-06-12 16:25:49,23,23,0,83,23.547,42.505
2026-06-12 16:30:49,20,24,0,81,23.104,43.172
2026-06-12 16:35:49,20,25,0,88,22.797,44.134
2026-06-12 16:40:50,23,23,0,101,22.525,44.731
2026-06-12 16:45:50,23,25,0,107,22.284,44.027
2026-06-12 16:50:49,23,24,0,100,22.076,44.736
2026-06-12 16:55:49,23,23,0,133,21.836,45.696
2026-06-12 17:00:50,22,25,0,124,21.625,46.457
2026-06-12 17:05:50,23,25,0,101,21.39,46.543
2026-06-12 17:10:50,26,26,0,111,21.165,47.033
2026-06-12 17:15:50,24,24,0,112,20.946,47.252
2026-06-12 17:20:49,23,25,0,110,20.733,47.691
2026-06-12 17:25:50,23,24,0,112,20.527,48.274
2026-06-12 17:30:49,27,32,0,124,20.298,48.417
2026-06-12 17:35:50,28,29,0,123,20.121,48.793
2026-06-12 17:40:49,26,26,0,132,19.934,49.146
2026-06-12 17:45:50,28,28,0,121,19.785,49.68
2026-06-12 17:50:50,27,32,0,138,19.569,49.966
2026-06-12 17:55:50,28,33,0,168,19.387,50.626
2026-06-12 18:00:49,30,35,0,160,19.243,50.88
2026-06-12 18:05:50,28,32,0,153,19.12,51.338
2026-06-12 18:10:50,29,32,0,154,18.986,51.774
2026-06-12 18:15:50,30,30,0,155,18.877,52.301
2026-06-12 18:20:50,26,26,0,140,18.727,52.795
2026-06-12 18:25:50,30,33,0,160,18.599,52.961
2026-06-12 18:30:50,29,32,0,167,18.471,53.762
2026-06-12 18:35:50,30,34,0,138,18.332,54.277
2026-06-12 18:40:50,28,30,0,139,18.164,54.618
2026-06-12 18:45:50,33,36,0,135,18.036,55.563
2026-06-12 18:50:50,34,38,0,140,17.902,55.839
2026-06-12 18:55:50,33,37,0,136,17.769,56.037
2026-06-12 19:00:50,30,35,0,117,17.694,56.497
2026-06-12 19:05:50,32,35,0,143,17.617,56.629
2026-06-12 19:10:50,30,31,0,130,17.51,57.275
2026-06-12 19:15:50,30,31,0,118,17.392,57.802
2026-06-12 19:20:50,28,28,0,130,17.285,57.787
2026-06-12 19:25:50,26,27,0,129,17.125,59.017
2026-06-12 19:30:50,31,32,0,155,16.989,58.948
2026-06-12 19:35:50,26,28,0,125,16.861,60.018
2026-06-12 19:40:50,25,28,0,124,16.797,60.331
2026-06-12 19:45:50,23,26,0,115,16.759,60.653
2026-06-12 19:50:50,24,26,0,109,16.706,61.029
2026-06-12 19:55:50,25,28,0,114,16.655,61.014
2026-06-12 20:00:50,27,29,0,125,16.612,60.978
2026-06-12 20:05:50,36,41,0,149,16.564,61.063
2026-06-12 20:10:50,28,32,0,177,16.516,61.227
2026-06-12 20:15:50,25,26,0,164,16.415,61.458
2026-06-12 20:20:50,23,24,0,125,16.332,54.412
2026-06-12 20:25:50,26,27,0,119,16.199,61.515
2026-06-12 20:30:50,27,29,0,124,16.102,61.384
2026-06-12 20:35:50,26,28,0,149,16.006,61.679
2026-06-12 20:40:50,29,31,0,144,15.942,61.897
2026-06-12 20:45:50,29,30,0,133,15.849,61.041
2026-06-12 20:50:50,30,35,0,140,15.737,61.388
2026-06-12 20:55:50,37,42,0,178,15.619,61.973
2026-06-12 21:00:50,50,63,0,249,15.502,62.103
2026-06-12 21:05:50,44,55,0,198,15.443,61.819
2026-06-12 21:10:50,43,52,0,193,15.296,62.175
2026-06-12 21:15:50,44,52,0,234,15.152,62.664
2026-06-12 21:20:50,45,54,0,292,14.992,63.602
2026-06-12 21:25:50,49,60,0,333,14.821,64.571
2026-06-12 21:30:51,51,64,0,353,14.709,64.672
2026-06-12 21:35:50,53,66,0,383,14.604,64.666
2026-06-12 21:40:50,56,70,0,411,14.53,65.136
2026-06-12 21:45:50,57,71,0,410,14.444,64.909
2026-06-12 21:50:50,63,75,0,460,14.337,65.401
2026-06-12 21:55:51,65,77,0,482,14.295,65.609
2026-06-12 22:00:50,74,81,0,472,14.244,65.422
2026-06-12 22:05:51,71,80,0,577,14.158,65.466
2026-06-12 22:10:50,67,79,0,483,14.089,64.869
2026-06-12 22:15:51,58,72,0,360,13.945,63.604
2026-06-12 22:20:51,56,72,0,353,13.79,63.015
2026-06-12 22:25:51,56,72,0,374,13.627,63.398
2026-06-12 22:30:50,58,74,0,380,13.478,63.703
2026-06-12 22:35:51,56,69,0,354,13.328,65.084
2026-06-12 22:40:50,57,71,0,374,13.237,66.395
2026-06-12 22:45:51,56,68,0,386,13.13,66.702
2026-06-12 22:50:51,55,68,0,440,13.032,67.741
2026-06-12 22:55:51,58,73,0,446,12.989,67.072
2026-06-12 23:00:51,65,76,0,485,12.925,67.751
2026-06-12 23:05:51,58,71,0,436,12.877,67.116
2026-06-12 23:10:51,64,77,0,508,12.845,67.642
2026-06-12 23:15:51,68,79,0,516,12.783,67.072
2026-06-12 23:20:51,66,78,0,495,12.692,66.515
2026-06-12 23:25:51,75,83,0,568,12.65,66.044
2026-06-12 23:30:51,63,77,0,436,12.559,65.586
2026-06-12 23:35:51,63,75,0,416,12.452,67.283
2026-06-12 23:40:51,58,71,0,423,12.337,66.887
2026-06-12 23:45:51,57,73,0,391,12.305,66.534
2026-06-12 23:50:51,57,69,0,392,12.247,66.904
2026-06-12 23:55:51,54,68,0,359,12.198,67.285
2026-06-13 00:00:51,51,62,0,228,12.161,67.146
2026-06-13 00:05:51,50,61,0,198,12.084,66.923
2026-06-13 00:10:51,48,59,0,158,12.025,67.327
2026-06-13 00:15:51,51,62,0,220,12.014,67.802
2026-06-13 00:20:51,50,63,0,238,12.004,68.451
2026-06-13 00:25:51,52,62,0,255,12.025,68.399
2026-06-13 00:30:52,50,61,0,297,12.012,69.044
2026-06-13 00:35:51,43,52,0,182,12.012,68.836
2026-06-13 00:40:51,49,61,0,197,12.022,67.552
2026-06-13 00:45:51,50,62,0,387,12.028,66.723
2026-06-13 00:50:51,52,62,0,246,12.001,66.494
2026-06-13 00:55:51,52,63,0,275,11.971,66.732
2026-06-13 01:00:51,51,62,0,274,11.929,65.635
2026-06-13 01:05:51,52,63,0,339,11.865,68.056
2026-06-13 01:10:51,53,66,0,366,11.838,68.35
2026-06-13 01:15:51,52,64,0,376,11.854,65.809
2026-06-13 01:20:51,54,67,0,428,11.83,58.742
2026-06-13 01:25:51,57,70,0,446,11.809,59.793
2026-06-13 01:30:51,58,72,0,433,11.814,69.29
2026-06-13 01:35:51,58,72,0,449,11.883,68.557
2026-06-13 01:40:51,57,73,0,439,11.926,68.145
2026-06-13 01:45:51,58,71,0,439,12.004,68.081
2026-06-13 01:50:52,58,74,0,422,12.041,67.1
2026-06-13 01:55:51,63,77,0,416,12.078,67.404
2026-06-13 02:00:51,55,70,0,325,12.126,65.328
2026-06-13 02:05:52,53,67,0,190,12.004,64.659
2026-06-13 02:10:51,54,67,0,165,11.825,65.134
2026-06-13 02:15:51,52,65,0,167,11.702,65.16
2026-06-13 02:20:51,54,67,0,169,11.59,65.885
2026-06-13 02:25:52,54,65,0,173,11.515,66.66
2026-06-13 02:30:51,53,66,0,170,11.467,66.566
2026-06-13 02:35:52,52,64,0,165,11.421,66.572
2026-06-13 02:40:51,55,69,0,149,11.432,66.41
2026-06-13 02:45:51,49,63,0,148,11.405,66.36
2026-06-13 02:50:51,52,62,0,145,11.405,66.29
2026-06-13 02:55:51,52,64,0,158,11.363,66.349
2026-06-13 03:00:51,52,64,0,155,11.312,66.627
2026-06-13 03:05:52,53,66,0,172,11.232,67.11
2026-06-13 03:10:51,52,64,0,196,11.194,67.495
2026-06-13 03:15:51,54,67,0,216,11.157,67.791
2026-06-13 03:20:52,57,71,0,214,11.157,65.5
2026-06-13 03:25:52,57,70,0,246,11.122,67.938
2026-06-13 03:30:51,57,69,0,260,11.112,60.819
2026-06-13 03:35:52,55,70,0,244,11.064,68.075
2026-06-13 03:40:52,55,67,0,249,11.074,68.063
2026-06-13 03:45:52,52,61,0,227,11.112,68.145
2026-06-13 03:50:52,52,64,0,237,11.146,68.701
2026-06-13 03:55:52,53,65,0,227,11.189,68.645
2026-06-13 04:00:52,51,63,0,233,11.264,68.228
2026-06-13 04:05:52,51,61,0,224,11.339,68.147
2026-06-13 04:10:51,50,62,0,222,11.408,67.638
2026-06-13 04:15:52,49,59,0,200,11.432,66.948
2026-06-13 04:20:52,51,62,0,192,11.421,67.072
2026-06-13 04:25:52,50,63,0,233,11.416,67.444
2026-06-13 04:30:52,50,60,0,159,11.395,65.893
2026-06-13 04:35:52,47,56,0,157,11.331,66.639
2026-06-13 04:40:52,48,57,0,169,11.253,66.641
2026-06-13 04:45:52,46,54,0,155,11.2,67.121
2026-06-13 04:50:52,48,57,0,167,11.189,67.096
2026-06-13 04:55:52,47,56,0,174,11.189,67.272
2026-06-13 05:00:52,47,56,0,162,11.2,67.18
2026-06-13 05:05:52,48,57,0,181,11.176,67.701
2026-06-13 05:10:52,48,59,0,170,11.176,67.522
2026-06-13 05:15:52,46,55,0,160,11.197,67.426
2026-06-13 05:20:52,48,57,0,151,11.229,66.957
2026-06-13 05:25:52,49,57,0,172,11.208,66.81
2026-06-13 05:30:52,48,56,0,178,11.189,67.533
2026-06-13 05:35:52,45,54,0,184,11.162,67.919
2026-06-13 05:40:52,47,55,0,176,11.162,67.819
2026-06-13 05:45:52,45,52,0,151,11.162,67.835
2026-06-13 05:50:52,45,54,0,149,11.168,68.067
2026-06-13 05:55:52,41,47,0,169,11.181,68.672
2026-06-13 06:00:52,41,49,0,164,11.208,68.409
2026-06-13 06:05:52,39,45,0,150,11.208,67.959
2026-06-13 06:10:52,41,51,0,138,11.229,66.831
2026-06-13 06:15:52,42,52,0,131,11.176,66.629
2026-06-13 06:20:52,41,48,0,113,11.12,67.175
2026-06-13 06:25:52,40,45,0,113,11.061,67.339
2026-06-13 06:30:52,41,47,0,112,10.997,67.65
2026-06-13 06:35:52,43,49,0,112,10.959,67.59
2026-06-13 06:40:52,44,53,0,119,10.917,68.029
2026-06-13 06:45:52,47,57,0,104,10.935,67.941
2026-06-13 06:50:52,47,55,0,128,10.925,67.978
2026-06-13 06:55:52,44,52,0,135,10.893,67.775
2026-06-13 07:00:52,43,52,0,126,10.871,65.109
2026-06-13 07:05:52,43,51,0,131,10.818,66.326
2026-06-13 07:10:52,44,54,0,455,10.735,68.815
2026-06-13 07:15:52,44,51,0,445,10.724,68.899
2026-06-13 07:20:52,45,52,0,367,10.746,68.489
2026-06-13 07:30:52,45,53,0,268,10.703,68.348
2026-06-13 07:35:52,44,52,0,217,10.682,68.58
2026-06-13 07:40:52,43,52,0,242,10.698,67.524
2026-06-13 07:45:53,43,53,0,197,10.698,68.544
2026-06-13 07:50:53,42,52,0,184,10.7,68.977
2026-06-13 07:55:53,44,53,0,186,10.711,68.901
2026-06-13 08:00:53,41,48,0,171,10.727,68.647
2026-06-13 08:05:53,42,49,0,157,10.77,68.18
2026-06-13 08:10:53,45,53,0,178,10.797,67.932
2026-06-13 08:15:53,47,55,0,190,10.789,67.732
2026-06-13 08:20:53,46,54,0,195,10.837,68.063
2026-06-13 08:25:53,46,56,0,221,10.895,67.737
2026-06-13 08:30:52,46,56,0,254,10.981,68.466
2026-06-13 08:35:53,50,60,0,259,11.13,68.275
2026-06-13 08:40:52,50,64,0,274,11.331,68.027
2026-06-13 08:45:53,50,61,0,210,11.555,67.116
2026-06-13 08:50:52,49,60,0,202,11.747,66.704
2026-06-13 08:55:53,54,68,0,254,11.961,66.051
2026-06-13 09:00:52,59,75,0,217,12.244,64.609
2026-06-13 09:05:53,61,76,0,217,12.492,64.291
2026-06-13 09:10:52,65,77,0,202,12.786,64.424
2026-06-13 09:15:53,54,66,0,233,13.229,61.483
2026-06-13 09:20:53,52,63,0,186,14.18,63.238
2026-06-13 09:25:53,49,59,0,200,15.675,59.249
2026-06-13 09:30:53,48,58,0,175,17.205,54.815
2026-06-13 09:35:53,46,56,0,148,18.225,52.221
2026-06-13 09:40:53,45,56,0,165,18.252,51.95
2026-06-13 09:45:53,45,54,0,160,18.322,52.356
2026-06-13 09:50:53,46,57,0,168,18.701,51.162
2026-06-13 09:55:53,48,59,0,181,19.093,49.545
2026-06-13 10:00:53,45,53,0,173,19.51,48.944
2026-06-13 10:05:53,46,58,0,166,20.247,47.328
2026-06-13 10:10:53,48,60,0,180,21.272,44.359
2026-06-13 10:15:53,46,58,0,177,22.378,42.35
2026-06-13 10:20:53,44,55,0,160,23.438,41.416
2026-06-13 10:25:53,43,53,0,158,24.063,39.687
2026-06-13 10:30:53,42,50,0,138,24.597,39.047
2026-06-13 10:35:53,36,42,0,119,24.944,39.581
2026-06-13 10:40:53,30,33,0,87,25.36,39.771
2026-06-13 10:45:53,36,41,0,99,25.993,38.31
2026-06-13 10:50:53,32,35,0,93,26.613,37.414
2026-06-13 10:55:53,32,37,0,74,27.403,41.078
2026-06-13 11:00:53,33,37,0,74,28.033,39.016
2026-06-13 11:05:53,31,32,0,98,28.151,34.984
2026-06-13 11:10:53,34,38,0,84,27.919,35.52
2026-06-13 11:15:53,33,39,0,98,28.223,34.372
2026-06-13 11:20:53,34,39,0,92,28.602,34.652
2026-06-13 11:25:53,35,39,0,70,28.928,36.855
2026-06-13 11:30:53,32,36,0,81,29.067,33.004
2026-06-13 11:35:53,34,38,0,82,29.935,32.933
2026-06-13 11:40:53,36,40,0,83,30.341,31.28
2026-06-13 11:45:53,31,35,0,87,30.325,31.341
2026-06-13 11:50:53,35,42,0,105,30.234,31.362
2026-06-13 11:55:53,35,39,0,85,30.528,31.112
2026-06-13 12:00:53,32,38,0,90,31.225,30.122
2026-06-13 12:05:53,35,39,0,87,32.004,29.346
2026-06-13 12:10:53,34,39,0,100,32.271,28.84
2026-06-13 12:15:54,34,41,0,106,31.999,28.834
2026-06-13 12:20:53,32,38,0,99,31.246,29.821
2026-06-13 12:25:53,33,37,0,94,30.693,31.068
2026-06-13 12:30:53,34,37,0,95,30.164,32.83
2026-06-13 12:35:53,32,40,0,89,29.39,32.312
2026-06-13 12:40:53,33,39,0,81,29.641,34.776
2026-06-13 12:45:53,31,34,0,94,30.741,30.688
2026-06-13 12:50:53,30,33,0,90,31.668,28.415
2026-06-13 12:55:53,25,29,0,50,32.426,26.994
2026-06-13 13:00:53,26,28,0,37,33.088,27.547
2026-06-13 13:05:53,28,28,0,63,33.772,25.767
2026-06-13 13:10:53,26,27,0,63,33.964,25.716
2026-06-13 13:15:53,27,29,0,54,34.277,25.115
2026-06-13 13:20:53,26,28,0,57,34.56,25.964
2026-06-13 13:25:53,28,28,0,70,34.736,24.665
2026-06-13 13:30:53,28,29,0,73,35.03,24.65
2026-06-13 13:35:54,23,24,0,64,34.96,24.331
2026-06-13 13:40:53,31,33,0,60,34.739,24.549
2026-06-13 13:45:53,28,28,0,45,34.899,30.023
2026-06-13 13:50:54,27,29,0,35,34.712,34.339
2026-06-13 13:55:53,30,33,0,37,34.482,31.438
2026-06-13 14:00:54,26,26,0,35,34.37,32.008
2026-06-13 14:05:53,24,26,0,37,34.287,26.834
2026-06-13 14:10:54,21,21,0,31,33.882,27.743
2026-06-13 14:15:54,34,42,0,41,33.481,28.236
2026-06-13 14:20:54,28,29,0,36,33.219,28.527
2026-06-13 14:25:54,25,29,0,47,32.867,28.89
2026-06-13 14:30:53,28,28,0,54,32.789,29.502
2026-06-13 14:35:54,28,30,0,24,32.453,29.983
2026-06-13 14:40:54,22,24,0,0,32.367,35.352
2026-06-13 14:45:54,11,12,0,0,32.1,30.683
2026-06-13 14:50:54,13,14,0,0,32.191,31.278
2026-06-13 14:55:54,12,15,0,0,32.012,33.509
2026-06-13 15:00:54,11,11,0,2,31.719,31.882
2026-06-13 15:05:54,14,15,0,0,31.414,32.342
2026-06-13 15:10:54,9,9,0,0,30.811,33.115
2026-06-13 15:15:55,5,5,0,0,30.394,35.484
2026-06-13 15:20:54,11,11,0,0,29.873,33.845
2026-06-13 15:25:54,5,6,0,0,29.206,35.859
2026-06-13 15:30:54,6,6,0,0,28.698,35.905
2026-06-13 15:35:54,8,8,0,0,28.068,37.181
2026-06-13 15:40:54,12,13,0,0,27.905,37.122
2026-06-13 15:45:54,6,6,0,0,27.676,38.068
2026-06-13 15:50:54,9,9,0,0,27.601,37.847
2026-06-13 15:55:54,8,11,0,0,27.371,38.772
2026-06-13 16:02:37,7,7,0,0,26.939,40.439
2026-06-13 16:05:54,8,9,0,0,26.634,40.08
2026-06-13 16:10:54,4,5,0,0,26.084,40.639
2026-06-13 16:15:55,8,8,0,0,25.849,41.477
2026-06-13 16:20:54,6,9,0,0,25.499,41.986
2026-06-13 16:25:54,4,4,0,0,25.147,42.648
2026-06-13 16:30:54,7,7,0,0,24.842,43.184
2026-06-13 16:35:54,8,9,0,0,24.549,44.006
2026-06-13 16:40:54,6,6,0,0,24.311,44.42
2026-06-13 16:45:54,7,7,0,0,23.943,45.511
2026-06-13 16:50:54,5,5,0,0,23.526,45.667
2026-06-13 16:55:54,6,6,0,0,23.045,44.729
2026-06-13 17:00:54,6,7,0,0,22.543,47.435
2026-06-13 17:05:54,6,6,0,0,21.937,50.201
2026-06-13 17:10:54,4,4,0,0,21.44,51.074
2026-06-13 17:15:54,6,6,0,0,20.896,52.612
2026-06-13 17:20:54,4,5,0,0,20.239,54.784
2026-06-13 17:25:54,8,9,0,4,19.715,55.265
2026-06-13 17:30:54,6,6,0,0,19.141,57.716
2026-06-13 17:35:54,6,6,0,0,18.591,59.633
2026-06-13 17:40:54,6,7,0,0,18.265,60.56
2026-06-13 17:45:54,7,8,0,5,17.886,61.409
2026-06-13 17:50:54,8,8,0,14,17.587,61.899
2026-06-13 17:55:54,6,6,0,45,17.301,62.933
2026-06-13 18:00:54,6,6,0,21,17.098,63.429
2026-06-13 18:05:54,7,9,0,29,16.88,64.224
2026-06-13 18:10:54,9,9,0,20,16.698,65.092
2026-06-13 18:15:55,9,9,0,32,16.554,65.475
2026-06-13 18:20:54,11,11,0,23,16.428,63.409
2026-06-13 18:25:54,11,12,0,30,16.337,65.609
2026-06-13 18:30:55,11,11,0,59,16.22,65.786
2026-06-13 18:35:55,11,11,0,75,16.124,66.042
2026-06-13 18:40:54,11,11,0,71,16.017,66.562
2026-06-13 18:45:55,11,11,0,53,15.924,66.959
2026-06-13 18:50:54,11,13,0,83,15.806,67.079
2026-06-13 18:55:54,14,15,0,76,15.721,66.879
2026-06-13 19:00:55,9,9,0,92,15.603,66.377
2026-06-13 19:05:54,15,15,0,101,15.459,66.194
2026-06-13 19:10:55,11,11,0,101,15.307,66.227
2026-06-13 19:15:55,13,14,0,100,15.2,67.108
2026-06-13 19:20:55,14,15,0,131,15.05,66.078
2026-06-13 19:25:54,14,19,0,123,14.911,67.52
2026-06-13 19:30:55,16,18,0,136,14.751,67.81
2026-06-13 19:35:55,19,21,0,166,14.642,68.39
2026-06-13 19:40:55,31,35,0,167,14.54,68.697
2026-06-13 19:45:55,24,25,0,177,14.476,69.507
2026-06-13 19:50:55,25,26,0,163,14.412,69.601
2026-06-13 19:55:55,27,27,0,176,14.353,69.889
2026-06-13 20:00:55,24,24,0,164,14.308,69.311
2026-06-13 20:05:55,28,29,0,205,14.271,70.07
2026-06-13 20:10:55,30,30,0,244,14.223,69.998
2026-06-13 20:15:55,32,35,0,215,14.132,69.341
2026-06-13 20:20:55,48,59,0,362,14.084,69.25
2026-06-13 20:25:55,45,55,0,386,13.98,68.941
2026-06-13 20:30:55,46,57,0,335,13.942,68.163
2026-06-13 20:35:55,49,59,0,310,13.83,67.587
2026-06-13 20:40:55,48,58,0,264,13.729,69.538
2026-06-13 20:45:55,47,58,0,285,13.616,69.879
2026-06-13 20:50:55,48,60,0,321,13.56,69.742
2026-06-13 20:55:55,48,55,0,557,13.491,70.015
2026-06-13 21:00:55,44,53,0,535,13.459,69.364
2026-06-13 21:05:55,41,49,0,268,13.411,65.214
2026-06-13 21:10:55,39,49,0,242,13.293,65.035
2026-06-13 21:15:55,41,51,0,339,13.162,66.177
2026-06-13 21:20:55,44,54,0,344,13.045,67.476
2026-06-13 21:25:55,44,53,0,323,12.911,67.779
2026-06-13 21:30:55,44,51,0,294,12.826,67.659
2026-06-13 21:35:55,46,55,0,357,12.735,57.918
2026-06-13 21:40:55,44,52,0,314,12.647,69.898
2026-06-13 21:45:55,44,53,0,376,12.642,59.764
2026-06-13 21:50:55,52,66,0,410,12.594,72.113
2026-06-13 21:55:55,57,70,0,511,12.615,71.251
2026-06-13 22:00:55,57,74,0,479,12.636,70.114
2026-06-13 22:05:56,51,62,0,367,12.623,68.622
2026-06-13 22:10:55,47,59,0,361,12.548,67.562
2026-06-13 22:15:55,51,61,0,349,12.441,67.22
2026-06-13 22:20:55,56,69,0,381,12.383,67.043
2026-06-13 22:25:55,56,68,0,319,12.281,67.526
2026-06-13 22:30:55,57,72,0,340,12.241,67.907
2026-06-13 22:35:56,67,78,0,406,12.14,69.031
2026-06-13 22:40:55,69,81,0,413,12.118,69.641
2026-06-13 22:45:55,78,86,0,465,12.076,69.422
2026-06-13 22:50:55,82,87,0,501,12.065,68.985
2026-06-13 22:55:55,85,91,0,560,12.03,68.939
2026-06-13 23:00:55,74,84,0,505,11.998,68.197
2026-06-13 23:05:55,97,100,0,643,11.977,69.099
2026-06-13 23:10:55,101,107,0,702,11.95,69.315
2026-06-13 23:15:55,85,89,0,521,11.918,67.447
2026-06-13 23:20:55,87,92,0,468,11.835,68.258
2026-06-13 23:25:55,73,83,0,326,11.766,67.793
2026-06-13 23:30:56,67,79,0,253,11.67,67.426
2026-06-13 23:35:55,68,81,0,245,11.606,67.774
2026-06-13 23:40:56,68,79,0,236,11.627,67.642
2026-06-13 23:45:55,71,83,0,220,11.64,68.376
2026-06-13 23:50:56,68,82,0,199,11.699,68.83
2026-06-13 23:55:56,68,79,0,178,11.806,68.727
2026-06-14 00:00:55,68,79,0,190,11.929,68.632
2026-06-14 00:05:56,68,80,0,216,12.052,68.166
2026-06-14 00:10:55,72,81,0,234,12.113,59.621
2026-06-14 00:15:56,82,87,0,297,12.118,68.348
2026-06-14 00:20:56,80,87,0,316,12.198,69.414
2026-06-14 00:25:56,87,93,0,384,12.385,68.413
2026-06-14 00:30:55,85,90,0,361,12.535,68.208
2026-06-14 00:35:56,76,84,0,327,12.634,68.447
2026-06-14 00:40:56,71,82,0,265,12.751,68.247
2026-06-14 00:45:55,73,83,0,259,12.826,67.943
2026-06-14 00:50:56,74,83,0,252,12.906,68.096
2026-06-14 00:55:56,78,87,0,265,12.992,67.999
2026-06-14 01:00:56,76,84,0,296,13.101,68.269
2026-06-14 01:05:56,82,87,0,320,13.17,69.067
2026-06-14 01:10:56,85,87,0,325,13.24,69.753
2026-06-14 01:15:56,85,91,0,310,13.283,69.391
2026-06-14 01:20:56,84,89,0,370,13.352,69.668
2026-06-14 01:25:56,87,93,0,401,13.392,69.799
2026-06-14 01:30:56,82,86,0,346,13.424,70.017
2026-06-14 01:35:56,74,85,0,316,13.424,69.557
2026-06-14 01:40:56,68,80,0,313,13.408,69.494
2026-06-14 01:45:56,68,80,0,307,13.376,70.024
2026-06-14 01:50:56,70,81,0,331,13.411,70.167
2026-06-14 01:55:56,70,80,0,326,13.432,70.093
2026-06-14 02:00:56,72,81,0,329,13.534,70.246
2026-06-14 02:05:56,72,82,0,321,13.598,69.95
2026-06-14 02:10:56,67,79,0,319,13.619,70.078
2026-06-14 02:15:56,70,80,0,321,13.702,69.978
2026-06-14 02:20:56,66,78,0,307,13.761,70.188
2026-06-14 02:25:56,63,77,0,312,13.787,70.08
2026-06-14 02:30:56,64,76,0,309,13.782,70.268
2026-06-14 02:35:56,63,74,0,299,13.782,70.591
2026-06-14 02:40:56,60,73,0,282,13.79,70.963
2026-06-14 02:45:56,57,74,0,266,13.79,70.455
2026-06-14 02:50:56,55,68,0,241,13.742,70.734
2026-06-14 02:55:56,54,67,0,218,13.726,70.379
2026-06-14 03:00:56,55,68,0,229,13.785,70.762
2026-06-14 03:05:56,54,68,0,235,13.809,70.211
2026-06-14 03:10:56,52,66,0,235,13.846,70.186
2026-06-14 03:15:56,54,67,0,238,13.857,70.501
2026-06-14 03:20:56,52,66,0,230,13.894,70.503
2026-06-14 03:25:56,51,64,0,222,13.915,69.467
2026-06-14 03:30:56,52,67,0,239,13.913,70.642
2026-06-14 03:35:56,54,68,0,254,13.891,63.455
2026-06-14 03:40:56,50,61,0,207,13.801,71.398
2026-06-14 03:45:56,52,66,0,233,13.838,69.601
2026-06-14 03:50:56,54,67,0,218,13.865,71.165
2026-06-14 03:55:56,50,62,0,211,13.889,71.11
2026-06-14 04:00:56,49,61,0,234,13.915,70.732
2026-06-14 04:05:56,46,57,0,216,13.915,70.991
2026-06-14 04:10:56,43,53,0,202,13.953,70.963
2026-06-14 04:15:56,42,50,0,203,13.969,71.255
2026-06-14 04:20:56,37,43,0,179,13.977,71.598
2026-06-14 04:25:56,29,32,0,154,14.009,69.612
2026-06-14 04:30:56,30,36,0,171,14.03,69.929
2026-06-14 04:35:56,30,31,0,169,13.998,70.608
2026-06-14 04:40:56,34,37,0,180,13.961,70.946
2026-06-14 04:45:56,32,36,0,178,13.964,71.146
2026-06-14 04:50:56,32,36,0,171,14.012,71.11
2026-06-14 04:55:56,34,42,0,175,14.044,71.085
2026-06-14 05:00:56,35,41,0,197,14.06,64.39
2026-06-14 05:05:56,37,42,0,212,14.06,70.291
2026-06-14 05:10:57,32,36,0,168,14.004,70.085
2026-06-14 05:15:56,35,39,0,168,13.95,70.328
2026-06-14 05:20:57,35,39,0,174,13.929,70.396
2026-06-14 05:25:56,34,38,0,176,13.956,70.272
2026-06-14 05:30:57,34,36,0,181,13.961,70.52
2026-06-14 05:35:57,36,42,0,169,13.985,69.835
2026-06-14 05:40:56,35,42,0,180,13.969,70.715
2026-06-14 05:45:57,36,39,0,168,14.006,70.431
2026-06-14 05:50:56,36,41,0,182,14.044,70.07
2026-06-14 05:55:57,34,38,0,185,14.044,64.235
2026-06-14 06:00:57,35,38,0,169,13.945,69.116
2026-06-14 06:05:57,32,40,0,169,13.806,70.469
2026-06-14 06:10:56,32,36,0,159,13.827,66.898
2026-06-14 06:15:57,32,36,0,155,13.699,68.056
2026-06-14 06:20:57,31,32,0,158,13.534,65.839
2026-06-14 06:25:57,32,33,0,162,13.381,66.309
2026-06-14 06:30:57,35,41,0,172,13.248,67.468
2026-06-14 06:35:57,37,44,0,167,13.13,65.254
2026-06-14 06:40:57,38,47,0,171,12.954,69.639
2026-06-14 06:45:57,39,47,0,152,12.805,71.573
2026-06-14 06:50:57,36,42,0,163,12.802,66.358
2026-06-14 06:55:57,31,32,0,171,12.668,66.921
2026-06-14 07:00:57,33,39,0,166,12.38,68.996
2026-06-14 07:05:57,35,39,0,177,12.193,65.813
2026-06-14 07:10:57,35,40,0,174,12.076,69.958
2026-06-14 07:15:57,41,47,0,171,12.014,70.337
2026-06-14 07:20:57,40,48,0,167,12.014,67.421
2026-06-14 07:25:57,38,44,0,169,11.961,71.649
2026-06-14 07:30:57,39,48,0,178,12.014,71.766
2026-06-14 07:35:57,39,46,0,153,12.041,71.461
2026-06-14 07:40:57,39,44,0,163,12.129,71.226
2026-06-14 07:45:57,40,47,0,176,12.161,68.489
2026-06-14 07:50:57,39,47,0,167,12.108,65.569
2026-06-14 07:55:57,39,44,0,150,12.022,70.246
2026-06-14 08:00:57,40,45,0,169,11.99,65.252
2026-06-14 08:05:57,39,43,0,158,11.966,69.765
2026-06-14 08:10:57,29,32,0,149,11.859,65.799
2026-06-14 08:15:57,33,40,0,152,11.576,66.4
2026-06-14 08:20:57,39,47,0,147,11.395,71.119
2026-06-14 08:25:57,39,49,0,154,11.395,71.041
2026-06-14 08:30:57,39,45,0,136,11.445,70.946
2026-06-14 08:35:57,31,34,0,120,11.451,64.563
2026-06-14 08:40:57,39,45,0,140,11.339,67.648
2026-06-14 08:45:57,34,37,0,128,11.296,64.691
2026-06-14 08:50:57,39,44,0,138,11.275,67.312
2026-06-14 08:55:57,41,48,0,142,11.437,69.111
2026-06-14 09:00:57,43,51,0,159,11.726,68.311
2026-06-14 09:05:57,39,46,0,129,12.089,65.695
2026-06-14 09:10:57,40,45,0,136,12.345,63.989
2026-06-14 09:15:58,39,44,0,138,12.548,64.005
2026-06-14 09:20:57,40,50,0,143,12.802,63.966
2026-06-14 09:25:58,40,45,0,143,13.112,64.88
2026-06-14 09:30:57,39,46,0,142,13.518,63.575
2026-06-14 09:35:58,38,47,0,124,14.025,62.137
2026-06-14 09:40:57,35,39,0,131,14.906,61.136
2026-06-14 09:45:57,32,36,0,126,16.041,58.817
2026-06-14 09:50:57,34,38,0,125,17.269,56.795
2026-06-14 09:55:57,32,37,0,132,17.419,53.672
2026-06-14 10:00:57,35,42,0,123,17.243,54.279
2026-06-14 10:05:58,33,36,0,128,17.52,56.476
2026-06-14 10:10:57,31,37,0,146,17.374,54.763
2026-06-14 10:15:57,31,32,0,119,16.823,55.915
2026-06-14 10:20:57,35,39,0,134,16.428,57.193
2026-06-14 10:25:57,36,42,0,146,16.145,58.906
2026-06-14 10:30:57,37,43,0,153,15.814,59.583
2026-06-14 10:35:57,38,45,0,142,15.667,59.759
2026-06-14 10:40:57,36,44,0,132,15.646,60.217
2026-06-14 10:45:57,39,45,0,140,15.534,60.747
2026-06-14 10:50:58,39,49,0,148,15.608,61.121
2026-06-14 10:55:57,42,50,0,139,15.651,61.098
2026-06-14 11:00:58,38,47,0,133,15.889,60.306
2026-06-14 11:05:58,42,49,0,139,16.102,60.238
2026-06-14 11:10:57,42,51,0,153,16.327,59.709
2026-06-14 11:15:58,42,51,0,137,16.669,59.429
2026-06-14 11:20:57,44,55,0,142,17.026,58.124
2026-06-14 11:25:58,42,51,0,132,17.43,55.925
2026-06-14 11:30:57,46,57,0,124,18.418,55.879
2026-06-14 11:35:58,46,56,0,127,19.107,55.584
2026-06-14 11:40:57,46,56,0,128,20.282,49.356
2026-06-14 11:45:58,45,54,0,134,21.617,46.472
2026-06-14 11:50:58,46,56,0,132,22.842,46.098
2026-06-14 11:55:58,48,60,0,122,23.328,42.754
2026-06-14 12:00:57,45,55,0,119,23.889,42.974
2026-06-14 12:05:58,40,49,0,113,24.332,40.946
2026-06-14 12:10:58,43,52,0,116,25.155,40.456
2026-06-14 12:15:58,38,46,0,118,25.937,37.496
2026-06-14 12:20:58,44,55,0,106,26.429,36.197
2026-06-14 12:25:58,47,57,0,111,25.628,37.5
2026-06-14 12:30:58,43,52,0,98,25.093,43.254
2026-06-14 12:35:58,40,49,0,93,25.158,40.162
2026-06-14 12:40:58,38,45,0,92,25.657,39.05
2026-06-14 12:45:58,40,48,0,80,26.282,38.455
2026-06-14 12:50:58,40,47,0,74,26.816,41.61
2026-06-14 12:55:58,36,44,0,76,27.104,40.139
2026-06-14 13:00:58,39,49,0,53,27.494,44.324
2026-06-14 13:05:58,36,45,0,75,27.518,37.708
2026-06-14 13:10:58,33,38,0,55,27.075,38.139
2026-06-14 13:15:58,39,47,0,63,27.182,38.802
2026-06-14 13:20:58,39,49,0,41,26.818,41.066
2026-06-14 13:25:58,39,47,0,29,26.706,41.553
2026-06-14 13:30:58,39,49,0,31,26.746,40.811
2026-06-14 13:35:58,39,47,0,30,26.672,39.054
2026-06-14 13:40:58,32,40,0,26,26.421,39.447
2026-06-14 13:45:58,36,45,0,34,26.453,39.996
2026-06-14 13:50:58,35,44,0,22,25.903,40.117
2026-06-14 13:55:58,33,38,0,38,24.997,41.73
2026-06-14 14:00:58,38,48,0,47,24.372,42.785
2026-06-14 14:05:59,27,30,0,11,23.716,44.586
2026-06-14 14:10:58,36,45,0,20,23.587,44.547
2026-06-14 14:15:58,39,47,0,23,23.718,45.963
2026-06-14 14:20:58,40,50,0,32,23.681,45.686
2026-06-14 14:25:58,43,54,0,21,23.718,46.008
2026-06-14 14:30:58,40,49,0,8,23.948,45.139
2026-06-14 14:35:58,38,46,0,8,24.194,45.623
2026-06-14 14:40:58,33,39,0,11,24.308,43.725
2026-06-14 14:45:58,31,38,0,6,24.287,43.58
2026-06-14 14:50:58,29,35,0,0,24.372,43.369
2026-06-14 14:55:58,40,47,0,14,24.597,43.172
2026-06-14 15:00:58,39,48,0,0,24.693,44.175
2026-06-14 15:05:58,38,45,0,1,24.615,43.098
2026-06-14 15:10:59,34,40,0,0,24.466,43.256
2026-06-14 15:15:59,29,33,0,0,24.113,43.924
2026-06-14 15:20:58,40,48,0,0,24.194,45.465
2026-06-14 15:25:58,39,50,0,0,23.964,44.422
2026-06-14 15:30:58,36,45,0,11,23.609,44.771
2026-06-14 15:35:58,37,46,0,0,23.465,45.034
2026-06-14 15:40:58,40,48,0,0,23.454,47.332
2026-06-14 15:45:58,40,48,0,0,23.288,45.56
2026-06-14 15:50:58,39,47,0,0,23.08,45.993
2026-06-14 15:55:58,35,46,0,0,22.784,46.438
2026-06-14 16:02:38,35,42,0,0,22.469,46.955
2026-06-14 16:05:58,41,52,0,0,22.316,47.763
2026-06-14 16:10:58,37,45,0,0,21.79,48.343
2026-06-14 16:15:59,38,47,0,0,21.352,49.486
2026-06-14 16:20:58,40,49,0,0,21.32,49.783
2026-06-14 16:25:58,40,48,0,0,21.043,50.241
2026-06-14 16:30:59,42,52,0,0,20.93,50.596
2026-06-14 16:35:58,39,49,0,0,20.452,51.837
2026-06-14 16:40:58,42,50,0,0,20.079,52.433
2026-06-14 16:45:58,42,52,0,11,19.523,54.164
2026-06-14 16:50:59,41,52,0,10,19.016,55.574
2026-06-14 16:55:58,40,50,0,15,18.599,56.842
2026-06-14 17:00:59,43,56,0,8,18.169,57.493
2026-06-14 17:05:59,46,56,0,18,17.79,58.99
2026-06-14 17:10:59,42,53,0,6,17.438,59.986
2026-06-14 17:15:59,45,57,0,20,17.085,61.065
2026-06-14 17:20:59,45,56,0,11,16.786,61.641
2026-06-14 17:25:58,45,58,0,13,16.474,63.078
2026-06-14 17:30:59,45,55,0,20,16.217,63.892
2026-06-14 17:35:59,45,57,0,22,15.977,64.567
2026-06-14 17:40:59,44,55,0,40,15.785,64.998
2026-06-14 17:45:59,45,56,0,37,15.555,65.988
2026-06-14 17:50:58,47,57,0,69,15.349,64.739
2026-06-14 17:55:59,45,56,0,59,15.093,67.259
2026-06-14 18:00:59,44,56,0,52,14.944,67.363
2026-06-14 18:05:59,48,63,0,61,14.799,68.348
2026-06-14 18:10:59,49,61,0,41,14.714,68.889
2026-06-14 18:15:59,46,58,0,42,14.674,69.446
2026-06-14 18:20:59,50,64,0,61,14.642,69.708
2026-06-14 18:25:59,47,59,0,41,14.717,69.41
2026-06-14 18:30:59,49,61,0,50,14.781,69.433
2026-06-14 18:35:59,50,62,0,53,14.882,69.118
2026-06-14 18:40:59,49,58,0,60,14.89,68.638
2026-06-14 18:45:59,48,59,0,40,14.928,68.142
2026-06-14 18:50:59,49,63,0,52,14.997,68.35
2026-06-14 18:55:59,51,64,0,64,15.002,67.711
2026-06-14 19:00:59,51,64,0,67,15.056,68.346
2026-06-14 19:05:59,51,66,0,56,15.106,68.083
2026-06-14 19:10:59,52,67,0,45,15.133,67.781
2026-06-14 19:15:59,52,65,0,67,15.171,67.505
2026-06-14 19:20:59,50,64,0,67,15.235,67.396
2026-06-14 19:25:59,53,66,0,75,15.272,67.203
2026-06-14 19:30:59,50,64,0,62,15.312,66.839
2026-06-14 19:35:59,50,63,0,64,15.371,66.822
2026-06-14 19:40:59,52,65,0,69,15.371,66.816
2026-06-14 19:45:59,51,63,0,47,15.451,66.467
2026-06-14 19:50:59,50,64,0,54,15.488,66.446
2026-06-14 19:55:59,53,67,0,57,15.48,66.374
2026-06-14 20:00:59,54,67,0,42,15.512,66.313
2026-06-14 20:05:59,52,66,0,56,15.518,66.292
2026-06-14 20:10:59,50,64,0,58,15.56,66.368
2026-06-14 20:15:59,53,67,0,60,15.544,66.343
2026-06-14 20:20:59,54,69,0,74,15.526,66.385
2026-06-14 20:25:59,55,71,0,99,15.488,66.538
2026-06-14 20:30:59,57,72,0,100,15.467,66.599
2026-06-14 20:35:59,54,67,0,117,15.451,66.675
2026-06-14 20:40:59,54,67,0,105,15.44,66.784
2026-06-14 20:45:59,54,70,0,117,15.454,66.869
2026-06-14 20:50:59,53,70,0,112,15.454,66.747
2026-06-14 20:55:59,53,67,0,87,15.502,66.606
2026-06-14 21:00:59,53,69,0,82,15.523,66.496
2026-06-14 21:05:59,52,67,0,94,15.539,66.36
2026-06-14 21:10:59,53,70,0,89,15.616,66.375
2026-06-14 21:15:59,53,69,0,78,15.616,66.353
2026-06-14 21:20:59,53,67,0,74,15.659,66.053
2026-06-14 21:25:59,53,65,0,65,15.697,65.937
2026-06-14 21:31:00,48,59,0,83,15.739,66.078
2026-06-14 21:35:59,50,65,0,92,15.731,66.002
2026-06-14 21:40:59,50,64,0,97,15.705,66.171
2026-06-14 21:46:00,51,65,0,82,15.747,65.601
2026-06-14 21:51:00,50,63,0,78,15.769,65.595
2026-06-14 21:55:59,47,62,0,83,15.774,62.126
2026-06-14 22:00:59,51,65,0,71,15.723,65.54
2026-06-14 22:06:00,51,65,0,66,15.686,65.733
2026-06-14 22:11:00,53,67,0,78,15.665,65.771
2026-06-14 22:15:59,49,62,0,84,15.681,64.342
2026-06-14 22:21:00,52,65,0,66,15.643,65.735
2026-06-14 22:25:59,52,64,0,82,15.673,60.852
2026-06-14 22:31:00,52,65,0,76,15.592,65.706
2026-06-14 22:36:00,50,65,0,71,15.528,66.148
2026-06-14 22:41:00,51,66,0,82,15.528,66.297
2026-06-14 22:45:59,53,69,0,98,15.534,66.118
2026-06-14 22:51:00,51,64,0,100,15.552,66.257
2026-06-14 22:56:00,52,65,0,97,15.59,66.127
2026-06-14 23:01:00,53,66,0,83,15.616,66.108
2026-06-14 23:06:00,52,68,0,92,15.622,65.891
2026-06-14 23:11:00,51,65,0,114,15.675,65.954
2026-06-14 23:15:59,52,65,0,100,15.742,65.405
2026-06-14 23:21:00,52,65,0,114,15.705,65.721
2026-06-14 23:25:59,53,68,0,127,15.624,66.251
2026-06-14 23:31:00,54,70,0,138,15.624,66.337
2026-06-14 23:36:00,54,70,0,126,15.657,66.013
2026-06-14 23:41:00,53,70,0,116,15.654,65.273
2026-06-14 23:46:00,49,63,0,93,15.574,65.479
2026-06-14 23:50:59,50,64,0,91,15.488,65.706
2026-06-14 23:56:00,50,65,0,97,15.467,66.068
2026-06-15 00:00:59,53,66,0,88,15.435,66.293
2026-06-15 00:06:00,53,66,0,96,15.416,66.108
2026-06-15 00:11:00,53,66,0,123,15.438,66.206
2026-06-15 00:15:59,53,68,0,133,15.363,62.595
2026-06-15 00:21:00,52,69,0,146,15.267,62.656
2026-06-15 00:26:00,53,67,0,149,15.187,67.581
2026-06-15 00:31:00,52,66,0,149,15.157,67.526
2026-06-15 00:36:00,50,65,0,137,15.179,67.266
2026-06-15 00:41:00,51,62,0,143,15.232,67.148
2026-06-15 00:46:00,50,64,0,124,15.259,66.509
2026-06-15 00:51:00,49,64,0,104,15.237,66.282
2026-06-15 00:56:00,50,63,0,114,15.165,66.572
2026-06-15 01:01:00,51,64,0,115,15.149,66.665
2026-06-15 01:06:00,48,60,0,112,15.085,66.766
2026-06-15 01:11:00,48,63,0,106,15.037,67.032
2026-06-15 01:16:00,50,64,0,119,15.032,66.963
2026-06-15 01:21:00,49,62,0,120,15.018,66.921
2026-06-15 01:26:00,51,64,0,111,15.008,66.917
2026-06-15 01:31:00,51,65,0,132,14.997,67.043
2026-06-15 01:36:00,50,63,0,145,14.986,67.016
2026-06-15 01:41:00,49,63,0,151,15.002,66.953
2026-06-15 01:46:00,51,67,0,141,15.048,66.757
2026-06-15 01:51:00,50,63,0,148,15.096,66.52
2026-06-15 01:56:00,53,67,0,142,15.144,65.744
2026-06-15 02:01:00,50,64,0,155,15.101,61.969
2026-06-15 02:06:00,53,67,0,128,14.941,66.024
2026-06-15 02:11:00,54,67,0,141,14.826,66.768
2026-06-15 02:16:00,52,66,0,125,14.821,66.747
2026-06-15 02:21:00,50,64,0,137,14.778,66.627
2026-06-15 02:26:00,51,66,0,139,14.714,66.639
2026-06-15 02:31:00,52,66,0,146,14.666,66.467
2026-06-15 02:36:00,52,66,0,138,14.594,65.689
2026-06-15 02:41:00,52,67,0,140,14.498,66.757
2026-06-15 02:46:00,54,68,0,142,14.423,66.932
2026-06-15 02:51:00,51,64,0,151,14.359,67.058
2026-06-15 02:56:00,54,69,0,142,14.359,67.165
2026-06-15 03:01:00,54,68,0,153,14.335,67.501
2026-06-15 03:06:00,52,66,0,142,14.388,67.199
2026-06-15 03:11:00,51,65,0,124,14.377,67.173
2026-06-15 03:16:00,51,65,0,127,14.388,66.662
2026-06-15 03:21:00,54,68,0,133,14.409,67.482
2026-06-15 03:26:00,52,66,0,144,14.428,61.996
2026-06-15 03:31:00,51,65,0,114,14.38,62.94
2026-06-15 03:36:00,48,59,0,125,14.295,67.299
2026-06-15 03:41:00,50,63,0,134,14.3,64.972
2026-06-15 03:46:00,46,57,0,123,14.295,67.369
2026-06-15 03:51:00,47,59,0,123,14.281,67.142
2026-06-15 03:56:00,50,64,0,147,14.335,65.136
2026-06-15 04:01:00,51,66,0,139,14.335,66.557
2026-06-15 04:06:00,51,64,0,139,14.345,67.15
2026-06-15 04:11:00,51,66,0,131,14.356,67.19
2026-06-15 04:16:00,53,67,0,137,14.401,65.294
2026-06-15 04:21:01,51,66,0,140,14.401,62.183
2026-06-15 04:26:00,51,65,0,136,14.311,67.056
2026-06-15 04:31:00,54,67,0,145,14.316,62.524
2026-06-15 04:36:00,53,66,0,145,14.311,62.618
2026-06-15 04:41:00,53,68,0,151,14.223,66.316
2026-06-15 04:46:00,53,68,0,143,14.174,63.39
2026-06-15 04:51:01,55,69,0,162,14.153,63.144
2026-06-15 04:56:00,55,69,0,163,14.078,66.021
2026-06-15 05:01:00,52,66,0,155,14.105,62.261
2026-06-15 05:06:01,51,66,0,162,14.033,65.845
2026-06-15 05:11:01,53,68,0,149,13.985,66.196
2026-06-15 05:16:00,53,66,0,165,13.937,65.992
2026-06-15 05:21:01,52,67,0,162,13.915,66.307
2026-06-15 05:26:01,54,67,0,158,13.942,66.204
2026-06-15 05:31:01,53,68,0,175,13.982,62.185
2026-06-15 05:36:01,51,67,0,159,13.923,65.735
2026-06-15 05:41:00,52,66,0,154,13.945,65.931
2026-06-15 05:46:01,52,67,0,157,13.95,63.842
2026-06-15 05:51:00,51,65,0,150,13.977,65.773
2026-06-15 05:56:01,52,67,0,160,13.99,65.691
2026-06-15 06:01:01,54,69,0,158,14.076,65.511
2026-06-15 06:06:00,54,67,0,153,14.129,65.321
2026-06-15 06:11:01,52,66,0,153,14.204,65.099
2026-06-15 06:16:01,52,66,0,149,14.209,64.899
2026-06-15 06:21:01,50,66,0,146,14.18,64.851
2026-06-15 06:26:01,54,67,0,146,14.153,62.196
2026-06-15 06:31:01,52,66,0,149,14.052,65.094
2026-06-15 06:36:01,53,66,0,148,13.988,65.805
2026-06-15 06:41:01,54,69,0,145,13.977,65.925
2026-06-15 06:46:01,52,66,0,165,14.07,61.714
2026-06-15 06:51:01,52,67,0,152,14.033,64.926
2026-06-15 06:56:01,51,65,0,142,13.915,65.63
2026-06-15 07:01:01,51,65,0,149,13.915,65.479
2026-06-15 07:06:01,52,66,0,146,13.937,65.098
2026-06-15 07:11:01,52,66,0,152,13.95,64.895
2026-06-15 07:16:01,52,67,0,158,13.897,64.544
2026-06-15 07:21:01,54,68,0,194,13.918,61.594
2026-06-15 07:26:01,53,67,0,186,13.822,62.282
2026-06-15 07:31:01,53,67,0,175,13.731,62.229
2026-06-15 07:36:01,52,67,0,185,13.584,62.58
2026-06-15 07:41:01,55,69,0,186,13.462,65.845
2026-06-15 07:46:01,53,68,0,113,13.462,65.994
2026-06-15 07:51:01,53,67,0,105,13.467,66.301
2026-06-15 07:56:01,54,68,0,90,13.526,66.021
2026-06-15 08:01:01,50,65,0,90,13.603,65.447
2026-06-15 08:06:02,52,67,0,95,13.662,65.258
2026-06-15 08:11:01,50,63,0,87,13.71,64.939
2026-06-15 08:16:01,50,65,0,90,13.779,64.439
2026-06-15 08:21:01,52,67,0,86,13.763,64.331
2026-06-15 08:26:01,53,67,0,89,13.777,62.883
2026-06-15 08:31:01,52,67,0,103,13.745,62.366
2026-06-15 08:36:01,52,66,0,101,13.718,61.782
2026-06-15 08:41:01,54,70,0,95,13.664,64.245
2026-06-15 08:46:01,53,69,0,94,13.648,63.65
2026-06-15 08:51:01,51,66,0,94,13.619,64.333
2026-06-15 08:56:01,52,67,0,98,13.721,62.276
2026-06-15 09:01:01,51,66,0,101,13.79,63.444
2026-06-15 09:06:01,52,66,0,91,13.827,63.665
2026-06-15 09:11:01,54,67,0,101,13.875,63.076
2026-06-15 09:16:02,50,65,0,105,14.033,61.477
2026-06-15 09:21:01,53,67,0,100,13.894,63.673
2026-06-15 09:26:01,56,72,0,97,13.931,63.316
2026-06-15 09:31:02,54,68,0,100,14.07,63.127
2026-06-15 09:36:01,54,72,0,92,14.236,61.357
2026-06-15 09:41:01,52,66,0,109,14.356,61.176
2026-06-15 09:46:01,55,66,0,89,14.313,61.441
2026-06-15 09:51:01,53,66,0,96,14.356,61.771
2026-06-15 09:56:01,54,66,0,86,14.479,61.903
2026-06-15 10:01:01,53,66,0,86,14.586,61.502
2026-06-15 10:06:01,53,67,0,78,14.791,61.59
2026-06-15 10:11:01,54,69,0,84,15.117,60.396
2026-06-15 10:16:01,51,65,0,98,15.288,59.562
2026-06-15 10:21:01,52,66,0,100,15.176,59.415
2026-06-15 10:26:01,54,69,0,99,15.122,59.457
2026-06-15 10:31:01,53,66,0,93,15.349,58.305
2026-06-15 10:36:01,52,64,0,91,15.707,58.109
2026-06-15 10:41:02,50,65,0,83,15.932,58.317
2026-06-15 10:46:02,53,66,0,86,15.99,56.428
2026-06-15 10:51:02,53,69,0,93,16.241,56.139
2026-06-15 10:56:02,50,65,0,80,16.629,55.549
2026-06-15 11:01:02,50,64,0,89,17.168,54.042
2026-06-15 11:06:01,52,66,0,81,17.766,51.919
2026-06-15 11:11:02,50,63,0,82,18.359,50.603
2026-06-15 11:16:02,51,64,0,74,18.957,49.001
2026-06-15 11:21:02,50,63,0,78,19.414,47.891
2026-06-15 11:26:02,51,66,0,87,19.841,47.353
2026-06-15 11:31:02,51,65,0,81,20.386,45.837
2026-06-15 11:36:01,50,64,0,82,21.016,45.242
2026-06-15 11:41:02,50,65,0,66,21.662,50.395
2026-06-15 11:46:01,51,66,0,83,21.964,42.417
2026-06-15 11:51:02,52,67,0,85,22.06,42.434
2026-06-15 11:56:02,50,63,0,79,22.332,40.447
2026-06-15 12:01:01,50,65,0,82,22.567,40.654
2026-06-15 12:06:02,49,62,0,53,22.995,48.94
2026-06-15 12:11:02,49,62,0,72,23.163,39.441
2026-06-15 12:16:02,48,60,0,73,23.013,38.993
2026-06-15 12:21:01,46,59,0,69,23.061,39.401
2026-06-15 12:26:02,51,64,0,86,23.302,38.724
2026-06-15 12:31:02,50,62,0,67,23.59,38.289
2026-06-15 12:36:02,50,63,0,71,23.961,37.894
2026-06-15 12:41:02,49,62,0,67,24.346,37.759
2026-06-15 12:46:02,49,63,0,49,24.517,38.553
2026-06-15 12:51:02,47,60,0,46,24.581,38.297
2026-06-15 12:56:02,49,61,0,50,24.768,37.05
2026-06-15 13:01:02,49,62,0,52,24.957,37.107
2026-06-15 13:06:02,50,63,0,45,24.866,37.025
2026-06-15 13:11:02,49,62,0,41,24.824,37.776
2026-06-15 13:16:02,50,63,0,34,24.85,45.684
2026-06-15 13:21:02,52,66,0,44,24.813,37.416
2026-06-15 13:26:02,49,62,0,40,24.666,37.448
2026-06-15 13:31:02,47,61,0,51,24.623,37.158
2026-06-15 13:36:02,50,65,0,47,24.8,36.433
2026-06-15 13:41:02,49,61,0,55,25.109,36.01
2026-06-15 13:46:02,50,63,0,75,25.355,36.653
2026-06-15 13:56:02,50,63,0,47,25.224,38.236
2026-06-15 14:01:02,47,60,0,57,25.037,37.473
2026-06-15 14:06:02,47,61,0,71,24.842,38.205
2026-06-15 14:11:02,49,61,0,65,24.623,38.562
2026-06-15 14:16:02,49,62,0,60,24.447,38.738
2026-06-15 14:21:02,49,62,0,55,24.372,39.302
2026-06-15 14:26:02,48,61,0,54,24.41,39.392
2026-06-15 14:31:02,43,55,0,58,24.418,38.629
2026-06-15 14:36:02,44,54,0,53,24.391,39.184
2026-06-15 14:41:03,46,59,0,69,24.284,39.981
2026-06-15 14:46:02,46,57,0,52,24.065,41.795
2026-06-15 14:51:02,40,51,0,49,23.708,41.759
2026-06-15 14:56:02,40,51,0,41,23.4,42.438
2026-06-15 15:01:02,39,48,0,55,23.182,43.931
2026-06-15 15:06:02,44,57,0,56,22.936,43.044
2026-06-15 15:11:03,44,55,0,69,22.674,44.546
2026-06-15 15:16:03,43,53,0,42,22.37,44.486
2026-06-15 15:21:02,46,57,0,1108,22.18,46.953
2026-06-15 15:26:02,41,50,0,40,21.79,45.686
2026-06-15 15:31:02,39,48,0,34,21.497,46.449
2026-06-15 15:36:02,46,57,0,57,21.336,47.355
2026-06-15 15:41:02,45,57,0,49,21.28,47.237
2026-06-15 15:46:02,42,52,0,50,21.195,47.485
2026-06-15 15:51:02,46,58,0,50,21.008,48.112
2026-06-15 15:56:03,46,56,0,53,20.768,48.438
2026-06-15 16:02:42,44,56,0,53,20.431,49.156
2026-06-15 16:06:02,45,56,0,63,20.089,50.323
2026-06-15 16:11:02,45,58,0,74,19.892,50.914
2026-06-15 16:16:03,45,57,0,68,19.667,51.301
2026-06-15 16:21:03,44,55,0,66,19.376,51.841
2026-06-15 16:26:02,42,52,0,61,18.976,52.902
2026-06-15 16:31:03,43,55,0,57,18.463,53.476
2026-06-15 16:36:02,46,61,0,74,18.079,53.558
2026-06-15 16:41:02,43,50,0,64,17.622,56.894
2026-06-15 16:46:03,46,58,0,75,17.403,57.622
2026-06-15 16:51:02,49,62,0,91,17.125,58.485
2026-06-15 16:56:03,44,53,0,74,16.799,59.436
2026-06-15 17:01:03,44,56,0,77,16.516,60.22
2026-06-15 17:06:03,43,55,0,67,16.225,61.298
2026-06-15 17:11:03,47,59,0,89,15.985,61.987
2026-06-15 17:16:02,49,63,0,79,15.729,62.729
2026-06-15 17:21:03,47,59,0,72,15.563,59.267
2026-06-15 17:26:03,49,61,0,102,15.275,64.109
2026-06-15 17:31:03,48,60,0,96,15.096,64.531
2026-06-15 17:36:02,47,59,0,91,14.887,63.858
2026-06-15 17:41:03,43,54,0,86,14.679,66.087
2026-06-15 17:46:02,50,64,0,90,14.519,66.459
2026-06-15 17:51:03,46,59,0,88,14.337,67.108
2026-06-15 17:56:03,47,59,0,107,14.148,67.585
2026-06-15 18:01:03,48,59,0,101,14.014,66.498
2026-06-15 18:06:03,49,62,0,107,13.918,68.199
2026-06-15 18:11:03,49,63,0,90,13.833,68.691
2026-06-15 18:16:03,49,64,0,104,13.758,68.529
2026-06-15 18:21:03,51,65,0,132,13.696,68.678
2026-06-15 18:26:03,50,65,0,111,13.664,68.865
2026-06-15 18:31:03,50,63,0,100,13.632,69.166
2026-06-15 18:36:03,51,65,0,113,13.595,69.071
2026-06-15 18:41:03,50,64,0,100,13.59,68.363
2026-06-15 18:46:03,50,62,0,105,13.518,67.56
2026-06-15 18:51:03,50,63,0,105,13.496,67.764
2026-06-15 18:56:03,51,64,0,111,13.363,67.188
2026-06-15 19:01:03,51,65,0,126,13.267,68.121
2026-06-15 19:06:03,51,63,0,129,13.138,68.674
2026-06-15 19:11:03,50,62,0,145,13.061,69.353
2026-06-15 19:16:03,50,66,0,157,12.997,68.861
2026-06-15 19:21:03,53,67,0,201,12.906,69.832
2026-06-15 19:26:03,50,62,0,148,12.815,68.487
2026-06-15 19:31:03,51,64,0,135,12.762,67.369
2026-06-15 19:36:03,51,66,0,130,12.711,67.692
2026-06-15 19:41:03,53,67,0,137,12.77,68.783
2026-06-15 19:46:03,51,63,0,126,12.845,69.727
2026-06-15 19:51:03,55,71,0,116,12.951,70.623
2026-06-15 19:56:03,53,67,0,125,13.074,70.444
2026-06-15 20:01:03,52,65,0,124,13.13,69.948
2026-06-15 20:06:03,54,68,0,124,13.157,69.898
2026-06-15 20:11:03,55,71,0,108,13.243,69.803
2026-06-15 20:16:03,52,66,0,100,13.285,69.593
2026-06-15 20:21:03,51,64,0,101,13.408,69.305
2026-06-15 20:26:03,53,68,0,113,13.523,68.994
2026-06-15 20:31:03,52,65,0,109,13.672,68.853
2026-06-15 20:36:03,51,67,0,116,13.779,68.546
2026-06-15 20:41:03,51,64,0,104,13.865,68.338
2026-06-15 20:46:03,52,66,0,111,13.923,68.073
2026-06-15 20:51:03,50,65,0,109,13.942,67.89
2026-06-15 20:56:03,50,64,0,111,14.001,67.827
2026-06-15 21:01:04,52,66,0,124,14.044,67.425
2026-06-15 21:06:03,52,65,0,120,14.113,67.543
2026-06-15 21:11:03,53,67,0,116,14.188,67.192
2026-06-15 21:16:03,50,65,0,109,14.265,67.253
2026-06-15 21:21:03,53,66,0,119,14.281,66.833
2026-06-15 21:26:03,51,67,0,102,14.287,66.873
2026-06-15 21:31:03,50,63,0,107,14.324,66.572
2026-06-15 21:36:04,51,65,0,104,14.345,65.826
2026-06-15 21:41:03,49,64,0,96,14.359,60.901
2026-06-15 21:46:03,50,64,0,91,14.231,61.714
2026-06-15 21:51:03,49,63,0,95,14.022,68.248
2026-06-15 21:56:03,51,65,0,91,13.926,68.767
2026-06-15 22:01:03,50,61,0,96,13.969,68.731
2026-06-15 22:06:03,51,66,0,90,14.009,68.504
2026-06-15 22:11:03,49,64,0,101,14.084,68.493
2026-06-15 22:16:03,50,65,0,103,14.105,68.359
2026-06-15 22:21:04,49,61,0,105,14.142,68.348
2026-06-15 22:26:03,50,64,0,93,14.142,68.212
2026-06-15 22:31:04,51,66,0,101,14.193,67.732
2026-06-15 22:36:03,51,67,0,108,14.108,68.252
2026-06-15 22:41:03,51,65,0,90,14.017,68.243
2026-06-15 22:46:03,51,64,0,96,13.969,68.05
2026-06-15 22:51:04,50,66,0,110,13.926,67.352
2026-06-15 22:56:03,52,66,0,103,13.875,66.387
2026-06-15 23:01:04,52,66,0,97,13.833,68.573
2026-06-15 23:06:03,51,68,0,91,13.806,68.481
2026-06-15 23:11:04,52,66,0,94,13.817,68.481
2026-06-15 23:16:03,51,64,0,86,13.79,67.713
2026-06-15 23:21:04,52,67,0,108,13.761,68.311
2026-06-15 23:26:04,56,73,0,144,13.691,68.21
2026-06-15 23:31:03,56,72,0,137,13.638,67.096
2026-06-15 23:36:04,54,68,0,145,13.584,63.959
2026-06-15 23:41:03,54,69,0,128,13.483,68.617
2026-06-15 23:46:04,50,64,0,110,13.459,68.891
2026-06-15 23:51:04,52,67,0,111,13.443,69.126
2026-06-15 23:56:04,51,67,0,101,13.411,69.116
2026-06-16 00:01:04,50,63,0,90,13.357,68.893
2026-06-16 00:06:04,49,60,0,81,13.331,68.418
2026-06-16 00:11:04,46,56,0,87,13.221,68.454
2026-06-16 00:16:04,47,59,0,90,13.098,68.968
2026-06-16 00:21:04,49,61,0,90,13.013,69.483
2026-06-16 00:26:04,52,67,0,100,12.997,69.696
2026-06-16 00:31:04,49,63,0,94,12.965,69.715
2026-06-16 00:36:04,51,66,0,91,13.005,69.286
2026-06-16 00:41:04,46,60,0,79,13.026,68.901
2026-06-16 00:46:04,51,64,0,86,12.989,69.408
2026-06-16 00:51:04,51,65,0,107,13,69.423
2026-06-16 00:56:04,50,66,0,105,12.978,70.123
2026-06-16 01:01:04,53,68,0,99,13.045,70.114
2026-06-16 01:06:04,53,69,0,99,13.104,70.091
2026-06-16 01:11:04,51,66,0,107,13.178,69.958
2026-06-16 01:16:04,55,69,0,110,13.232,69.473
2026-06-16 01:21:04,55,68,0,107,13.296,69.28
2026-06-16 01:26:04,51,66,0,108,13.283,68.931
2026-06-16 01:31:04,51,67,0,99,13.315,69.084
2026-06-16 01:36:04,50,66,0,96,13.315,68.714
2026-06-16 01:41:04,51,64,0,100,13.293,68.75
2026-06-16 01:46:04,53,68,0,105,13.277,69.183
2026-06-16 01:51:04,52,67,0,100,13.296,69.225
2026-06-16 01:56:04,53,67,0,90,13.371,68.763
2026-06-16 02:01:04,51,63,0,95,13.413,69.246
2026-06-16 02:06:05,52,66,0,109,13.429,69.284
2026-06-16 02:11:04,52,68,0,88,13.408,69.128
2026-06-16 02:16:04,52,67,0,98,13.373,69.139
2026-06-16 02:21:04,51,66,0,88,13.315,69.244
2026-06-16 02:26:05,50,62,0,99,13.267,69.561
2026-06-16 02:31:05,49,62,0,108,13.251,69.83
2026-06-16 02:36:04,50,63,0,101,13.283,69.565
2026-06-16 02:41:04,50,65,0,107,13.36,69.368
2026-06-16 02:46:04,50,62,0,98,13.371,69.757
2026-06-16 02:51:04,50,63,0,93,13.323,68.893
2026-06-16 02:56:04,49,62,0,93,13.259,68.794
2026-06-16 03:01:05,49,61,0,88,13.269,68.88
2026-06-16 03:06:04,51,64,0,84,13.267,68.634
2026-06-16 03:11:04,49,62,0,83,13.283,68.819
2026-06-16 03:16:04,52,65,0,87,13.256,69.051
2026-06-16 03:21:04,50,64,0,85,13.208,69.847
2026-06-16 03:26:04,52,67,0,82,13.208,70.057
2026-06-16 03:31:04,49,62,0,80,13.194,70.122
2026-06-16 03:36:04,48,60,0,95,13.216,70.12
2026-06-16 03:41:04,51,64,0,98,13.269,70.419
2026-06-16 03:46:04,49,61,0,87,13.301,69.973
2026-06-16 03:56:06,46,57,0,90,13.307,69.811
2026-06-16 04:01:04,46,59,0,90,13.323,69.874
2026-06-16 04:06:05,48,59,0,98,13.312,69.75
2026-06-16 04:11:04,45,55,0,99,13.269,69.971
2026-06-16 04:16:05,47,60,0,96,13.251,70.453
2026-06-16 04:21:04,45,57,0,96,13.267,70.148
2026-06-16 04:26:05,49,60,0,102,13.32,69.628
2026-06-16 04:31:05,44,56,0,95,13.384,69.366
2026-06-16 04:36:05,48,58,0,102,13.336,69.654
2026-06-16 04:41:04,47,59,0,100,13.275,69.675
2026-06-16 04:46:05,47,58,0,95,13.259,69.7
2026-06-16 04:51:05,45,55,0,82,13.216,68.983
2026-06-16 04:56:05,48,59,0,80,13.13,69.477
2026-06-16 05:01:05,48,60,0,90,13.066,69.237
2026-06-16 05:06:05,48,58,0,86,13.037,69.38
2026-06-16 05:11:05,46,58,0,88,12.989,69.37
2026-06-16 05:16:05,48,58,0,74,12.909,70.087
2026-06-16 05:21:05,46,55,0,89,12.866,70.207
2026-06-16 05:26:05,46,57,0,83,12.823,70.234
2026-06-16 05:31:05,47,60,0,85,12.815,70.196
2026-06-16 05:36:05,45,56,0,87,12.783,69.975
2026-06-16 05:41:05,45,58,0,90,12.73,70.328
2026-06-16 05:46:05,46,55,0,78,12.746,71.239
2026-06-16 05:51:05,45,55,0,76,12.789,70.688
2026-06-16 05:56:05,46,58,0,84,12.839,70.577
2026-06-16 06:01:05,47,58,0,91,12.898,70.541
2026-06-16 06:06:05,46,58,0,96,12.951,70.129
2026-06-16 06:11:05,46,58,0,88,12.989,70.213
2026-06-16 06:16:05,43,53,0,86,13.021,70.476
2026-06-16 06:21:05,45,55,0,91,13.061,69.761
2026-06-16 06:26:05,44,53,0,87,13.109,69.582
2026-06-16 06:31:05,42,52,0,87,13.162,68.79
2026-06-16 06:36:05,42,52,0,82,13.157,69.536
2026-06-16 06:41:05,43,54,0,105,13.168,68.569
2026-06-16 06:46:05,39,49,0,94,13.176,66.524
2026-06-16 06:51:05,44,54,0,98,13.08,69.36
2026-06-16 06:56:05,44,55,0,95,13.053,69.832
2026-06-16 07:01:05,44,55,0,89,13.048,69.996
2026-06-16 07:06:05,44,55,0,91,13.064,69.134
2026-06-16 07:11:05,44,54,0,91,13.093,69.099
2026-06-16 07:16:05,45,55,0,97,13.152,68.718
2026-06-16 07:21:05,39,47,0,92,13.152,68.851
2026-06-16 07:26:05,40,49,0,87,13.146,68.63
2026-06-16 07:31:05,39,51,0,82,13.12,68.645
2026-06-16 07:36:05,41,51,0,90,13.122,68.901
2026-06-16 07:41:05,42,53,0,91,13.149,68.941
2026-06-16 07:46:05,46,56,0,117,13.17,68.706
2026-06-16 07:51:05,45,55,0,123,13.165,68.834
2026-06-16 07:56:05,45,55,0,96,13.128,68.451
2026-06-16 08:01:05,47,59,0,103,13.066,69.219
2026-06-16 08:06:05,48,62,0,117,13.088,65.218
2026-06-16 08:11:05,46,56,0,124,12.997,69.246
2026-06-16 08:16:05,47,59,0,104,13.045,69.023
2026-06-16 08:21:05,47,58,0,123,13.109,68.773
2026-06-16 08:26:05,48,59,0,119,13.154,68.599
2026-06-16 08:31:05,47,58,0,117,13.219,67.558
2026-06-16 08:36:06,46,59,0,121,13.251,66.894
2026-06-16 08:41:05,48,61,0,113,13.245,68.443
2026-06-16 08:46:05,49,62,0,100,13.245,68.504
2026-06-16 08:51:06,51,62,0,108,13.285,68.241
2026-06-16 08:56:05,48,61,0,119,13.285,66.541
2026-06-16 09:01:05,48,59,0,121,13.259,67.415
2026-06-16 09:06:05,50,62,0,112,13.28,66.892
2026-06-16 09:11:05,49,63,0,124,13.365,66.831
2026-06-16 09:16:05,50,64,0,124,13.443,64.928
2026-06-16 09:21:05,50,63,0,123,13.453,66.69
2026-06-16 09:26:05,50,61,0,106,13.55,66.517
2026-06-16 09:31:06,52,63,0,138,13.614,64.552
2026-06-16 09:36:05,51,63,0,118,13.614,65.435
2026-06-16 09:41:05,52,65,0,110,13.632,64.296
2026-06-16 09:46:06,50,63,0,118,13.622,64.663
2026-06-16 09:51:05,52,67,0,116,13.627,64.562
2026-06-16 09:56:06,50,64,0,108,13.755,64.562
2026-06-16 10:01:05,51,63,0,113,13.958,62.811
2026-06-16 10:06:06,51,66,0,127,13.993,62.608
2026-06-16 10:11:05,49,62,0,114,14.004,63.167
2026-06-16 10:16:06,53,66,0,113,14.121,62.786
2026-06-16 10:21:05,55,67,0,103,14.351,62.166
2026-06-16 10:26:06,55,70,0,124,14.564,60.844
2026-06-16 10:31:06,54,68,0,116,14.845,61.754
2026-06-16 10:36:06,54,69,0,121,15.021,60.253
2026-06-16 10:41:06,55,69,0,121,15.288,58.765
2026-06-16 10:46:06,54,66,0,104,15.63,59.557
2026-06-16 10:51:06,54,68,0,117,16.191,56.707
2026-06-16 10:56:06,50,64,0,112,17.213,53.714
2026-06-16 11:01:06,51,64,0,94,17.918,57.071
2026-06-16 11:06:06,47,61,0,94,18.591,49.612
2026-06-16 11:11:06,47,62,0,95,19.537,48.252
2026-06-16 11:16:06,48,61,0,95,20.081,46.468
2026-06-16 11:21:06,50,63,0,108,20.047,46.363
2026-06-16 11:26:06,50,64,0,76,20.132,51.813
2026-06-16 11:31:06,49,62,0,105,20.335,44.917
2026-06-16 11:36:06,49,64,0,93,20.816,52.509
2026-06-16 11:41:06,50,62,0,95,21.029,49.6
2026-06-16 11:46:06,51,63,0,114,20.338,45.69
2026-06-16 11:51:06,50,63,0,109,19.638,47.09
2026-06-16 11:56:06,51,63,0,111,19.195,49.367
2026-06-16 12:01:06,51,66,0,111,18.906,53.115
2026-06-16 12:06:06,52,67,0,97,18.709,54.966
2026-06-16 12:11:06,50,63,0,107,18.626,51.53
2026-06-16 12:16:06,52,65,0,100,18.679,54.929
2026-06-16 12:21:06,52,68,0,121,18.621,49.711
2026-06-16 12:26:06,50,63,0,106,18.69,49.526
2026-06-16 12:31:06,50,65,0,102,18.962,54.62
2026-06-16 12:36:07,47,60,0,116,18.848,50.254
2026-06-16 12:41:06,50,63,0,103,18.864,48.726
2026-06-16 12:46:06,48,61,0,114,18.869,48.856
2026-06-16 12:51:06,47,60,0,93,19.323,51.424
2026-06-16 12:56:06,49,62,0,113,20.071,47.954
2026-06-16 13:01:06,48,61,0,102,21.184,46.167
2026-06-16 13:06:06,47,59,0,109,22.37,42.665
2026-06-16 13:11:06,47,61,0,103,23.075,46.104
2026-06-16 13:16:06,47,60,0,116,23.454,40.685
2026-06-16 13:21:06,48,61,0,108,23.609,39.203
2026-06-16 13:26:06,47,59,0,116,23.344,40.529
2026-06-16 13:31:06,50,62,0,114,23.008,40.344
2026-06-16 13:36:06,50,62,0,125,22.661,40.468
2026-06-16 13:41:06,50,61,0,120,22.255,43.361
2026-06-16 13:46:06,51,66,0,127,21.641,43.369
2026-06-16 13:51:07,47,59,0,101,21.099,44.975
2026-06-16 13:56:06,49,61,0,87,20.602,45.719
2026-06-16 14:01:06,48,61,0,100,20.255,47.965
2026-06-16 14:06:06,49,61,0,98,19.988,49.556
2026-06-16 14:11:06,47,58,0,97,19.705,49.825
2026-06-16 14:16:06,50,62,0,87,19.456,50.704
2026-06-16 14:21:07,51,66,0,110,19.328,51.105
2026-06-16 14:26:07,47,61,0,109,19.28,51.359
2026-06-16 14:31:06,49,62,0,111,19.221,50.765
2026-06-16 14:36:06,47,59,0,86,19.088,51.694
2026-06-16 14:41:07,45,55,0,100,18.93,52.141
2026-06-16 14:46:06,43,53,0,90,18.738,53.199
2026-06-16 14:51:07,39,49,0,78,18.524,54.048
2026-06-16 14:56:06,45,57,0,108,18.444,54.601
2026-06-16 15:01:07,44,55,0,89,18.279,54.807
2026-06-16 15:06:07,43,52,0,96,18.036,55.513
2026-06-16 15:11:07,42,52,0,95,17.795,55.709
2026-06-16 15:16:07,41,52,0,90,17.523,57.037
2026-06-16 15:21:06,42,52,0,64,17.363,57.697
2026-06-16 15:26:07,39,49,0,78,17.352,58
2026-06-16 15:31:07,48,60,0,93,17.317,58.023
2026-06-16 15:36:07,45,57,0,95,17.333,57.56
2026-06-16 15:41:07,47,58,0,89,17.376,57.941
2026-06-16 15:46:06,40,49,0,86,17.35,58.021
2026-06-16 15:51:16,43,52,0,87,17.355,58.662
2026-06-16 15:56:07,42,54,0,89,17.504,58.082
2026-06-16 16:02:42,41,50,0,72,17.584,57.441
2026-06-16 16:06:20,41,50,0,84,17.47,57.964
2026-06-16 16:11:07,41,49,0,84,17.347,58.323
2026-06-16 16:16:07,41,51,0,99,17.235,58.63
2026-06-16 16:21:07,40,51,0,90,17.123,59
2026-06-16 16:26:07,40,50,0,89,17.002,59.438
2026-06-16 16:31:07,43,54,0,75,16.922,59.81
2026-06-16 16:36:07,42,51,0,82,16.88,60.165
2026-06-16 16:41:07,41,50,0,105,17.179,59.753
2026-06-16 16:46:07,36,45,0,77,17.654,58.483
2026-06-16 16:51:07,39,48,0,81,18.036,57.426
2026-06-16 16:56:07,43,54,0,79,18.1,57.031
2026-06-16 17:01:07,43,52,0,80,17.908,57.396
2026-06-16 17:06:07,42,52,0,91,17.619,58.149
2026-06-16 17:11:07,42,54,0,103,17.32,58.782
2026-06-16 17:16:07,40,48,0,89,16.922,60.173
2026-06-16 17:21:07,44,52,0,112,16.506,61.233
2026-06-16 17:26:07,46,57,0,104,16.116,62.36
2026-06-16 17:31:07,43,54,0,101,15.758,63.377
2026-06-16 17:36:07,44,55,0,124,15.518,64.014
2026-06-16 17:41:07,44,54,0,128,15.269,64.718
2026-06-16 17:46:07,42,53,0,120,15.008,65.555
2026-06-16 17:51:07,47,59,0,126,14.815,65.841
2026-06-16 17:56:07,46,58,0,119,14.564,66.953
2026-06-16 18:01:07,45,58,0,139,14.447,67.274
2026-06-16 18:06:07,45,55,0,127,14.348,67.072
2026-06-16 18:11:07,47,59,0,174,14.236,67.495
2026-06-16 18:16:07,47,60,0,167,14.193,67.859
2026-06-16 18:21:07,47,57,0,244,14.118,67.89
2026-06-16 18:26:07,47,59,0,140,13.996,68.361
2026-06-16 18:31:07,49,58,0,206,13.838,68.552
2026-06-16 18:36:08,48,61,0,220,13.737,68.798
2026-06-16 18:41:07,51,66,0,200,13.603,69.031
2026-06-16 18:46:07,47,59,0,143,13.496,69.2
2026-06-16 18:51:07,46,58,0,127,13.405,69.034
2026-06-16 18:56:07,49,61,0,125,13.312,69.116
2026-06-16 19:01:07,51,65,0,134,13.232,70.19
2026-06-16 19:06:07,51,62,0,127,13.141,70.255
2026-06-16 19:11:07,50,63,0,135,13.109,70.268
2026-06-16 19:16:07,47,59,0,140,13.05,71.52
2026-06-16 19:21:07,50,61,0,139,12.989,71.52
2026-06-16 19:26:08,47,60,0,138,12.962,72.067
2026-06-16 19:31:07,49,61,0,122,12.946,72.14
2026-06-16 19:36:07,47,59,0,123,12.893,72.315
2026-06-16 19:41:08,44,56,0,128,12.877,72.386
2026-06-16 19:46:07,45,55,0,125,12.842,72.201
2026-06-16 19:51:07,42,52,0,118,12.826,72.447
2026-06-16 19:56:07,49,61,0,123,12.815,71.201
2026-06-16 20:01:07,47,58,0,153,12.778,72.294
2026-06-16 20:06:08,46,59,0,158,12.767,72.265
2026-06-16 20:11:07,47,56,0,136,12.749,72.155
2026-06-16 20:16:07,46,60,0,131,12.775,71.968
2026-06-16 20:21:07,45,55,0,127,12.845,71.071
2026-06-16 20:26:08,47,58,0,142,12.967,70.202
2026-06-16 20:31:08,48,58,0,150,13.053,70.732
2026-06-16 20:36:08,46,58,0,146,13.146,70.642
2026-06-16 20:41:08,47,60,0,145,13.285,70.371
2026-06-16 20:46:07,49,61,0,141,13.344,70.648
2026-06-16 20:51:08,47,59,0,127,13.483,69.906
2026-06-16 20:56:07,49,58,0,128,13.622,69.715
2026-06-16 21:01:08,46,59,0,123,13.646,70.059
2026-06-16 21:06:08,46,59,0,113,13.71,69.908
2026-06-16 21:11:08,48,61,0,103,13.779,69.391
2026-06-16 21:16:08,47,60,0,113,13.806,69.345
2026-06-16 21:21:08,47,59,0,128,13.891,64.457
2026-06-16 21:26:08,48,60,0,132,13.851,69.252
2026-06-16 21:31:08,45,57,0,110,13.862,69.412
2026-06-16 21:36:07,45,57,0,109,13.867,69.309
2026-06-16 21:41:08,45,56,0,114,13.867,69.422
2026-06-16 21:46:08,48,61,0,118,13.867,69.448
2026-06-16 21:51:08,44,55,0,120,13.875,70.026
2026-06-16 21:56:08,45,55,0,124,13.902,69.237
2026-06-16 22:01:08,46,59,0,137,13.939,63.617
2026-06-16 22:06:08,47,60,0,124,13.859,67.903
2026-06-16 22:11:08,45,57,0,117,13.774,70.141
2026-06-16 22:16:08,46,56,0,125,13.798,64.861
2026-06-16 22:21:08,48,59,0,125,13.782,69.683
2026-06-16 22:26:08,46,59,0,128,13.787,69.563
2026-06-16 22:31:08,49,62,0,125,13.846,68.92
2026-06-16 22:36:08,50,64,0,139,13.803,65.178
2026-06-16 22:41:08,52,65,0,138,13.742,64.481
2026-06-16 22:46:08,52,65,0,133,13.646,69.763
2026-06-16 22:51:08,49,64,0,128,13.608,69.849
2026-06-16 22:56:08,50,61,0,130,13.619,70.209
2026-06-16 23:01:08,51,66,0,135,13.635,69.999
2026-06-16 23:06:08,49,62,0,129,13.723,69.326
2026-06-16 23:11:08,52,68,0,127,13.777,67.35
2026-06-16 23:16:08,49,60,0,136,13.723,69.204
2026-06-16 23:21:08,49,63,0,125,13.664,69.908
2026-06-16 23:26:08,50,63,0,118,13.686,69.633
2026-06-16 23:31:08,49,62,0,130,13.688,69.139
2026-06-16 23:36:08,49,60,0,120,13.662,69.847
2026-06-16 23:41:08,50,64,0,123,13.646,69.982
2026-06-16 23:46:08,49,62,0,123,13.646,70.305
2026-06-16 23:51:08,50,63,0,116,13.699,68.723
2026-06-16 23:56:08,51,64,0,147,13.696,64.581
2026-06-17 00:01:08,54,68,0,148,13.632,65.159
2026-06-17 00:06:08,52,67,0,139,13.483,65.559
2026-06-17 00:11:08,52,67,0,138,13.397,66.759
2026-06-17 00:16:08,52,68,0,136,13.339,70.15
2026-06-17 00:21:08,55,68,0,153,13.331,66.854
2026-06-17 00:26:08,55,69,0,141,13.32,69.631
2026-06-17 00:31:08,55,68,0,150,13.293,69.183
2026-06-17 00:36:08,58,73,0,169,13.224,69.692
2026-06-17 00:41:08,57,73,0,167,13.16,69.759
2026-06-17 00:46:08,55,68,0,142,13.152,69.673
2026-06-17 00:51:08,41,52,0,95,13.162,68.79
2026-06-17 00:56:08,39,49,0,89,13.093,69.557
2026-06-17 01:01:51,39,49,0,105,12.981,69.332
2026-06-17 01:06:08,43,52,0,105,12.901,70.387
2026-06-17 01:11:08,43,54,0,112,12.869,71.007
2026-06-17 01:16:08,45,55,0,114,12.927,70.755
2026-06-17 01:21:08,43,53,0,125,12.949,71.018
2026-06-17 01:26:08,43,55,0,123,13.016,70.728
2026-06-17 01:31:08,44,55,0,134,13.085,70.682
2026-06-17 01:36:08,43,53,0,126,13.128,70.184
2026-06-17 01:41:08,44,53,0,118,13.197,70.291
2026-06-17 01:46:08,46,58,0,105,13.24,69.969
2026-06-17 01:51:09,48,58,0,107,13.253,70.143
2026-06-17 01:56:08,44,55,0,116,13.291,70.041
2026-06-17 02:01:08,46,59,0,125,13.312,70.211
2026-06-17 02:06:08,46,56,0,115,13.36,69.977
2026-06-17 02:11:08,48,60,0,107,13.381,70.225
2026-06-17 02:16:09,46,60,0,109,13.405,70.188
2026-06-17 02:21:08,47,60,0,111,13.459,69.36
2026-06-17 02:26:09,49,61,0,108,13.405,70.047
2026-06-17 02:31:08,51,67,0,127,13.379,69.24
2026-06-17 02:36:09,53,64,0,141,13.229,69.668
2026-06-17 02:41:09,54,68,0,142,13.093,67.65
2026-06-17 02:46:09,55,69,0,144,12.954,65.874
2026-06-17 02:51:09,53,67,0,140,12.767,69.217
2026-06-17 02:56:09,52,64,0,130,12.698,69.156
2026-06-17 03:01:09,50,63,0,134,12.682,67.922
2026-06-17 03:06:08,50,62,0,128,12.636,69.729
2026-06-17 03:11:09,49,61,0,139,12.62,68.275
2026-06-17 03:16:09,49,62,0,124,12.583,67.028
2026-06-17 03:21:09,50,63,0,143,12.492,66.278
2026-06-17 03:26:08,49,62,0,138,12.471,66.473
2026-06-17 03:31:09,48,60,0,138,12.447,67.562
2026-06-17 03:36:09,51,65,0,125,12.447,72.491
2026-06-17 03:41:09,48,60,0,124,12.559,72.182
2026-06-17 03:46:09,51,61,0,117,12.628,70.703
2026-06-17 03:51:09,49,62,0,129,12.671,71.6
2026-06-17 03:56:09,47,61,0,131,12.716,70.778
2026-06-17 04:01:09,48,62,0,120,12.733,71.09
2026-06-17 04:06:09,51,62,0,124,12.802,70.932
2026-06-17 04:11:09,47,62,0,125,12.823,70.434
2026-06-17 04:16:09,46,59,0,124,12.797,70.274
2026-06-17 04:21:09,49,59,0,127,12.789,70.246
2026-06-17 04:26:09,46,59,0,133,12.773,69.528
2026-06-17 04:31:09,46,56,0,128,12.751,69.841
2026-06-17 04:36:09,46,57,0,124,12.703,70.123
2026-06-17 04:41:09,46,58,0,131,12.671,70.009
2026-06-17 04:46:09,47,59,0,123,12.679,69.847
2026-06-17 04:51:09,48,56,0,114,12.679,69.731
2026-06-17 04:56:09,47,59,0,115,12.647,67.335
2026-06-17 05:01:09,46,57,0,124,12.642,67.989
2026-06-17 05:06:09,45,56,0,124,12.588,69.727
2026-06-17 05:11:09,44,54,0,123,12.607,67.705
2026-06-17 05:16:09,45,57,0,123,12.623,66.406
2026-06-17 05:21:09,45,55,0,129,12.532,66.181
2026-06-17 05:26:09,45,54,0,122,12.431,67.585
2026-06-17 05:31:09,45,56,0,126,12.255,67.087
2026-06-17 05:36:09,48,62,0,127,12.177,67.629
2026-06-17 05:41:09,45,55,0,116,12.193,67.196
2026-06-17 05:46:09,46,55,0,120,12.22,66.698
2026-06-17 05:51:09,44,53,0,112,12.263,67.335
2026-06-17 05:56:09,46,56,0,104,12.3,69.736
2026-06-17 06:01:09,44,53,0,112,12.34,70.123
2026-06-17 06:06:09,44,54,0,118,12.425,69.772
2026-06-17 06:11:09,44,55,0,112,12.564,69.595
2026-06-17 06:16:09,44,53,0,101,12.66,67.745
2026-06-17 06:21:09,43,53,0,114,12.703,69.01
2026-06-17 06:26:09,43,52,0,101,12.733,68.51
2026-06-17 06:31:09,43,53,0,106,12.754,68.563
2026-06-17 06:36:09,43,52,0,106,12.727,65.3
2026-06-17 06:41:09,44,54,0,111,12.62,65.407
2026-06-17 06:46:09,44,52,0,123,12.508,66.48
2026-06-17 06:51:09,47,57,0,129,12.463,65.983
2026-06-17 06:56:09,45,59,0,127,12.404,66.313
2026-06-17 07:01:09,46,58,0,125,12.356,66.061
2026-06-17 07:06:09,48,62,0,130,12.249,66.986
2026-06-17 07:11:10,47,57,0,137,12.222,67.241
2026-06-17 07:16:10,46,58,0,131,12.295,67.741
2026-06-17 07:21:09,46,57,0,146,12.295,67.48
2026-06-17 07:26:09,48,59,0,151,12.348,68.1
2026-06-17 07:31:09,43,57,0,148,12.369,66.803
2026-06-17 07:36:09,49,61,0,188,12.252,67.568
2026-06-17 07:41:09,59,74,0,174,12.121,67.156
2026-06-17 07:46:09,108,117,0,187,12.02,67.695
2026-06-17 07:51:09,69,82,0,191,11.849,68.241
2026-06-17 07:56:09,52,67,0,170,11.849,68.537
2026-06-17 08:01:09,47,60,0,149,11.854,68.697
2026-06-17 08:06:09,48,59,0,140,11.862,68.29
2026-06-17 08:11:09,48,59,0,154,11.873,68.313
2026-06-17 08:16:10,48,59,0,140,11.937,70.2
2026-06-17 08:21:09,46,58,0,145,12.076,68.763
2026-06-17 08:26:09,43,54,0,133,12.241,69.782
2026-06-17 08:31:09,45,57,0,137,12.425,68.979
2026-06-17 08:36:10,48,61,0,147,12.564,67.447
2026-06-17 08:41:09,46,54,0,141,12.671,67.951
2026-06-17 08:46:10,42,51,0,137,12.762,67.602
2026-06-17 08:51:09,44,55,0,142,12.815,67.318
2026-06-17 08:56:10,44,54,0,151,12.855,67.209
2026-06-17 09:01:09,50,61,0,138,12.984,66.913
2026-06-17 09:06:10,50,61,0,127,13.074,66.364
2026-06-17 09:11:10,73,83,0,172,13.138,65.763
2026-06-17 09:16:10,50,66,0,144,13.186,64.949
2026-06-17 09:21:09,54,69,0,145,13.232,64.804
2026-06-17 09:26:10,49,62,0,138,13.264,65.286
2026-06-17 09:31:10,48,64,0,142,13.36,65.225
2026-06-17 09:36:10,52,65,0,130,13.429,64.533
2026-06-17 09:41:09,52,63,0,137,13.435,64.83
2026-06-17 09:46:10,50,63,0,135,13.523,64.808
2026-06-17 09:51:09,52,61,0,125,13.662,64.735
2026-06-17 09:56:10,50,61,0,130,13.801,64.022
2026-06-17 10:01:10,47,59,0,130,13.907,64.02
2026-06-17 10:06:10,46,57,0,125,14.02,63.934
2026-06-17 10:11:10,47,56,0,124,14.22,63.242
2026-06-17 10:16:10,47,60,0,87,14.337,62.862
2026-06-17 10:21:10,48,61,0,79,14.471,62.696
2026-06-17 10:26:10,50,63,0,81,14.588,62.236
2026-06-17 10:31:10,49,61,0,83,14.727,62.08
2026-06-17 10:36:10,50,63,0,89,14.799,61.559
2026-06-17 10:41:10,48,58,0,78,14.89,62.448
2026-06-17 10:46:10,49,62,0,91,14.965,61.605
2026-06-17 10:51:10,49,62,0,93,15.13,60.768
2026-06-17 10:56:10,48,59,0,78,15.323,60.909
2026-06-17 11:01:10,46,58,0,89,15.518,61.901
2026-06-17 11:06:10,45,56,0,78,15.715,61.065
2026-06-17 11:11:10,48,62,0,77,15.806,60.947
2026-06-17 11:16:10,45,57,0,91,15.945,60.941
2026-06-17 11:21:10,48,61,0,88,16.089,61.273
2026-06-17 11:26:10,49,63,0,91,16.204,60.6
2026-06-17 11:31:10,47,59,0,75,16.263,59.734
2026-06-17 11:36:10,45,55,0,61,16.498,59.763
2026-06-17 11:41:10,46,57,0,59,16.674,60.379
2026-06-17 11:46:10,43,52,0,60,16.877,59.543
2026-06-17 11:51:10,43,51,0,62,17.05,57.922
2026-06-17 11:56:10,40,50,0,46,17.269,59.354
2026-06-17 12:01:10,41,47,0,45,17.483,58.076
2026-06-17 12:06:10,36,47,0,36,17.83,55.959
2026-06-17 12:11:10,37,45,0,42,18.135,57.312
2026-06-17 12:16:10,35,42,0,24,18.276,55.679
2026-06-17 12:21:10,33,37,0,70,18.452,54.958
2026-06-17 12:26:10,36,43,0,50,18.511,51.973
2026-06-17 12:31:10,31,36,0,32,18.778,54.87
2026-06-17 12:36:10,32,37,0,28,18.666,54.199
2026-06-17 12:41:10,22,22,0,3,18.455,55.135
2026-06-17 12:46:10,26,26,0,8,18.129,55.427
2026-06-17 12:51:10,20,22,0,11,18.006,56.602
2026-06-17 12:56:10,24,24,0,28,17.942,56.493
2026-06-17 13:01:10,22,25,0,0,17.942,56.816
2026-06-17 13:06:10,22,25,0,0,18.062,56.154
2026-06-17 13:11:10,22,24,0,15,18.073,55.639
2026-06-17 13:16:10,19,19,0,4,18.223,55.954
2026-06-17 13:21:10,23,23,0,15,18.265,55.154
2026-06-17 13:26:10,24,25,0,23,18.223,55.271
2026-06-17 13:31:10,27,27,0,140,18.092,56.432
2026-06-17 13:36:10,22,24,0,48,18.054,56.06
2026-06-17 13:41:10,25,25,0,22,17.841,55.311
2026-06-17 13:46:10,26,27,0,46,17.665,55.292
2026-06-17 13:51:10,26,26,0,18,17.649,55.788
2026-06-17 13:56:10,28,30,0,21,17.502,56.196
2026-06-17 14:01:11,29,34,0,31,17.416,56.388
2026-06-17 14:06:11,30,33,0,48,17.325,56.625
2026-06-17 14:11:10,30,36,0,57,17.277,56.634
2026-06-17 14:16:10,32,37,0,215,17.288,56.619
2026-06-17 14:21:10,28,31,0,66,17.366,56.383
2026-06-17 14:26:10,27,28,0,39,17.531,56.585
2026-06-17 14:31:11,26,27,0,15,17.606,55.769
2026-06-17 14:36:10,25,27,0,20,17.702,55.742
2026-06-17 14:41:11,24,25,0,22,17.819,54.956
2026-06-17 14:46:11,24,24,0,21,17.86,56.228
2026-06-17 14:51:10,20,20,0,20,17.86,55.105
2026-06-17 14:56:11,19,19,0,5,17.87,55.782
2026-06-17 15:01:11,19,20,0,11,17.785,54.588
2026-06-17 15:06:10,13,15,0,0,17.785,55.524
2026-06-17 15:11:11,9,13,0,4,17.825,54.367
2026-06-17 15:16:12,11,14,0,0,17.803,54.414
2026-06-17 15:21:11,13,13,0,17,17.825,54.208
2026-06-17 15:26:11,8,9,0,0,17.841,55.393
2026-06-17 15:31:11,8,11,0,0,17.849,53.768
2026-06-17 15:36:11,11,11,0,0,17.876,53.604
2026-06-17 15:41:11,7,7,0,0,17.988,54.201
2026-06-17 15:46:11,7,7,0,0,18.062,52.633
2026-06-17 15:51:11,2,3,0,0,18.164,53.773
2026-06-17 15:56:11,8,8,0,31,18.108,52.379
2026-06-17 16:02:46,5,6,0,0,18.129,54.828
2026-06-17 16:06:11,9,9,0,47,18.132,53.31
2026-06-17 16:11:11,13,13,0,75,18.092,54.395
2026-06-17 16:16:11,18,22,0,79,18.103,54.704
2026-06-17 16:21:11,22,22,0,215,18.124,54.643
2026-06-17 16:26:11,20,20,0,68,18.07,52.665
2026-06-17 16:31:11,7,11,0,17,18.124,53.743
2026-06-17 16:36:11,11,12,0,70,18.095,53.569
2026-06-17 16:41:11,18,19,0,72,17.972,53.478
2026-06-17 16:46:11,15,15,0,29,18.03,53.257
2026-06-17 16:51:11,7,8,0,10,18.046,53.007
2026-06-17 16:56:11,7,7,0,0,18.062,53.377
2026-06-17 17:01:11,6,7,0,0,18.06,53.895
2026-06-17 17:06:11,15,15,0,124,17.948,54.649
2026-06-17 17:11:11,19,19,0,89,17.852,54.805
2026-06-17 17:16:11,25,28,0,132,17.707,55.069
2026-06-17 17:21:11,23,24,0,159,17.472,55.572
2026-06-17 17:26:11,27,31,0,109,17.315,55.683
2026-06-17 17:31:11,29,30,0,108,17.267,55.772
2026-06-17 17:36:11,27,28,0,135,17.272,55.868
2026-06-17 17:41:12,25,27,0,115,17.074,56.381
2026-06-17 17:46:11,40,47,0,206,16.962,56.417
2026-06-17 17:51:11,30,33,0,186,16.933,56.625
2026-06-17 17:56:11,27,30,0,151,16.922,56.364
2026-06-17 18:01:11,28,30,0,172,16.933,56.655
2026-06-17 18:06:11,26,28,0,204,16.88,56.718
2026-06-17 18:11:11,33,34,0,103,16.762,56.734
2026-06-17 18:16:11,24,25,0,167,16.626,58.227
2026-06-17 18:21:12,18,19,0,136,16.524,57.464
2026-06-17 18:26:11,17,22,0,166,16.418,57.916
2026-06-17 18:31:11,19,19,0,117,16.321,58.534
2026-06-17 18:36:11,16,19,0,137,16.316,58.599
2026-06-17 18:41:12,12,12,0,107,16.271,58.83
2026-06-17 18:46:11,13,13,0,114,16.281,57.571
2026-06-17 18:51:11,18,21,0,128,16.212,58.977
2026-06-17 18:56:11,16,18,0,131,16.052,58.94
2026-06-17 19:01:11,11,11,0,127,15.849,60.18
2026-06-17 19:06:11,26,28,0,130,15.659,60.6
2026-06-17 19:11:12,27,27,0,145,15.51,59.526
2026-06-17 19:16:12,25,30,0,171,15.36,61.344
2026-06-17 19:21:12,25,26,0,164,15.253,61.407
2026-06-17 19:26:11,26,27,0,186,15.2,61.727
2026-06-17 19:31:12,30,30,0,189,15.085,62.242
2026-06-17 19:36:12,24,26,0,209,15,59.698
2026-06-17 19:41:12,21,24,0,172,14.957,59.736
2026-06-17 19:46:12,26,26,0,204,14.882,60.644
2026-06-17 19:51:12,29,32,0,185,14.781,62.896
2026-06-17 19:56:11,35,41,0,182,14.741,62.257
2026-06-17 20:01:12,39,48,0,258,14.73,60.764
2026-06-17 20:06:11,39,49,0,219,14.778,62.797
2026-06-17 20:11:12,43,53,0,262,14.895,60.867
2026-06-17 20:16:11,44,53,0,245,14.981,62.784
2026-06-17 20:21:12,43,52,0,236,15.048,62.744
2026-06-17 20:26:12,39,47,0,244,15.117,60.815
2026-06-17 20:31:12,44,52,0,324,15.101,61.414
2026-06-17 20:36:12,48,57,0,285,15.128,61.916
2026-06-17 20:41:12,49,58,0,289,15.138,62.582
2026-06-17 20:46:12,50,64,0,301,15.125,62.626
2026-06-17 20:51:12,54,68,0,393,15.072,63.125
2026-06-17 20:56:12,50,62,0,321,15.077,63.133
2026-06-17 21:01:12,47,56,0,270,15.082,61.586
2026-06-17 21:06:12,43,53,0,322,15.008,61.962
2026-06-17 21:11:12,43,52,0,251,15.01,63.631
2026-06-17 21:16:12,38,44,0,215,15,63.398
2026-06-17 21:21:12,36,41,0,199,14.984,63.707
2026-06-17 21:26:12,38,46,0,201,14.989,63.867
2026-06-17 21:31:12,37,47,0,221,14.92,64.264
2026-06-17 21:36:12,41,49,0,215,14.911,63.783
2026-06-17 21:41:12,37,43,0,212,14.938,61.323
2026-06-17 21:46:12,41,49,0,208,14.767,64.129
2026-06-17 21:51:12,38,46,0,187,14.762,62.626
2026-06-17 21:56:12,42,50,0,203,14.783,61.502
2026-06-17 22:01:12,39,48,0,210,14.765,64.249
2026-06-17 22:06:12,44,52,0,206,14.855,63.305
2026-06-17 22:11:12,41,49,0,206,14.952,60.945
2026-06-17 22:16:12,41,50,0,203,14.994,60.955
2026-06-17 22:21:12,42,50,0,221,14.946,64.045
2026-06-17 22:26:12,54,66,0,291,14.944,63.778
2026-06-17 22:31:12,44,55,0,225,14.922,61.62
2026-06-17 22:36:12,49,61,0,251,14.826,61.287
2026-06-17 22:41:12,54,66,0,306,14.805,62.133
2026-06-17 22:46:12,58,72,0,303,14.762,61.849
2026-06-17 22:51:12,55,70,0,267,14.722,62.278
2026-06-17 22:56:12,54,66,0,284,14.652,62.488
2026-06-17 23:01:12,53,65,0,288,14.69,62.868
2026-06-17 23:06:12,51,65,0,288,14.695,62.715
2026-06-17 23:11:12,51,64,0,263,14.722,62.799
2026-06-17 23:16:12,49,60,0,239,14.762,62.528
2026-06-17 23:21:12,51,63,0,228,14.773,63.85
2026-06-17 23:26:12,49,60,0,220,14.789,63.86
2026-06-17 23:31:12,47,58,0,203,14.767,63.839
2026-06-17 23:36:12,48,60,0,192,14.703,63.026
2026-06-17 23:41:12,46,53,0,180,14.626,63.657
2026-06-17 23:46:12,44,53,0,184,14.551,63.505
2026-06-17 23:51:12,46,53,0,148,14.412,64.121
2026-06-17 23:56:12,45,53,0,149,14.316,64.516
2026-06-18 00:01:12,43,53,0,148,14.22,61.609
2026-06-18 00:06:13,47,58,0,180,14.105,61.327
2026-06-18 00:11:13,50,62,0,203,14.041,61.861
2026-06-18 00:16:12,51,61,0,213,13.929,65.99
2026-06-18 00:21:12,48,59,0,353,13.913,66.255
2026-06-18 00:26:12,44,54,0,245,13.865,65.798
2026-06-18 00:31:13,46,57,0,210,13.787,66.198
2026-06-18 00:36:12,47,57,0,201,13.664,66.211
2026-06-18 00:41:12,48,60,0,194,13.558,66.416
2026-06-18 00:46:12,47,57,0,217,13.462,66.101
2026-06-18 00:51:13,46,56,0,208,13.285,66.711
2026-06-18 00:56:12,44,54,0,196,13.229,67.512
2026-06-18 01:01:13,41,49,0,131,13.154,68.037
2026-06-18 01:06:12,38,44,0,129,13.165,67.951
2026-06-18 01:11:13,44,52,0,145,13.202,68.212
2026-06-18 01:16:13,45,55,0,165,13.299,67.316
2026-06-18 01:21:13,37,44,0,174,13.371,67.629
2026-06-18 01:26:12,35,36,0,111,13.456,67.65
2026-06-18 01:31:13,29,31,0,129,13.579,67.438
2026-06-18 01:36:12,32,36,0,119,13.723,66.971
2026-06-18 01:41:13,37,41,0,145,13.835,66.444
2026-06-18 01:46:20,41,51,0,149,13.923,66.383
2026-06-18 01:51:13,43,52,0,138,13.996,66.335
2026-06-18 01:56:12,45,52,0,169,14.033,65.021
2026-06-18 02:01:13,46,57,0,139,14.054,64.644
2026-06-18 02:06:13,47,57,0,163,14.017,65.695
2026-06-18 02:11:13,43,52,0,147,13.99,63.19
2026-06-18 02:16:13,45,54,0,138,13.95,63.707
2026-06-18 02:21:13,39,44,0,148,14.004,63.381
2026-06-18 02:26:13,40,49,0,139,14.02,64.039
2026-06-18 02:31:13,39,46,0,138,14.089,63.625
2026-06-18 02:36:13,40,50,0,137,14.073,66.274
2026-06-18 02:41:13,42,48,0,141,14.188,66.358
2026-06-18 02:46:13,39,43,0,149,14.311,65.91
2026-06-18 02:51:13,41,49,0,145,14.417,65.458
2026-06-18 02:56:13,38,45,0,133,14.519,65.134
2026-06-18 03:01:13,42,49,0,135,14.572,64.922
2026-06-18 03:06:13,42,50,0,127,14.618,63.226
2026-06-18 03:11:13,42,50,0,120,14.602,63.282
2026-06-18 03:16:13,39,48,0,124,14.538,65.304
2026-06-18 03:21:13,42,48,0,122,14.548,65.408
2026-06-18 03:26:13,38,48,0,129,14.591,65.355
2026-06-18 03:31:13,39,48,0,147,14.615,65.386
2026-06-18 03:36:13,38,45,0,120,14.685,64.989
2026-06-18 03:41:13,42,48,0,126,14.701,65.09
2026-06-18 03:46:13,37,44,0,115,14.717,65.084
2026-06-18 03:51:13,35,40,0,104,14.717,64.92
2026-06-18 03:56:13,34,37,0,101,14.762,64.848
2026-06-18 04:01:13,34,37,0,114,14.799,64.262
2026-06-18 04:06:13,34,38,0,98,14.837,64.352
2026-06-18 04:11:13,29,35,0,103,14.917,64.031
2026-06-18 04:16:13,28,32,0,101,14.997,63.728
2026-06-18 04:21:13,31,32,0,97,15.144,63.074
2026-06-18 04:26:13,29,33,0,90,15.187,63.585
2026-06-18 04:31:13,34,36,0,111,15.187,64.115
2026-06-18 04:36:13,32,38,0,103,15.16,62.088
2026-06-18 04:41:13,36,39,0,107,15.069,63.278
2026-06-18 04:46:13,36,41,0,109,15.024,64.762
2026-06-18 04:51:13,37,41,0,102,15.045,65.145
2026-06-18 04:56:13,35,42,0,84,14.997,65.241
2026-06-18 05:01:13,35,40,0,105,14.906,65.284
2026-06-18 05:06:13,35,41,0,115,14.842,65.813
2026-06-18 05:11:13,37,43,0,111,14.797,65.923
2026-06-18 05:16:13,35,40,0,114,14.754,65.902
2026-06-18 05:21:13,35,40,0,90,14.722,66.225
2026-06-18 05:26:13,35,43,0,97,14.706,66.475
2026-06-18 05:31:13,35,38,0,97,14.706,66.381
2026-06-18 05:36:13,36,39,0,96,14.693,66.408
2026-06-18 05:41:13,34,37,0,100,14.682,66.805
2026-06-18 05:46:13,37,41,0,88,14.687,66.654
2026-06-18 05:51:13,35,41,0,96,14.682,66.883
2026-06-18 05:56:13,38,44,0,84,14.66,66.713
2026-06-18 06:01:14,37,45,0,88,14.615,66.801
2026-06-18 06:06:14,35,40,0,84,14.626,66.543
2026-06-18 06:11:14,35,40,0,82,14.668,66.793
2026-06-18 06:16:14,36,41,0,84,14.695,66.469
2026-06-18 06:21:13,35,42,0,97,14.738,63.579
2026-06-18 06:26:14,37,43,0,122,14.762,63.947
2026-06-18 06:31:13,39,44,0,126,14.703,63.366
2026-06-18 06:36:14,37,45,0,126,14.666,64.411
2026-06-18 06:41:13,35,38,0,105,14.639,67.533
2026-06-18 06:46:14,35,39,0,131,14.65,67.503
2026-06-18 06:51:14,34,38,0,133,14.733,65.283
2026-06-18 06:56:14,34,35,0,145,14.759,66.053
2026-06-18 07:01:14,36,40,0,126,14.802,63.816
2026-06-18 07:06:14,37,43,0,128,14.781,66.869
2026-06-18 07:11:14,35,40,0,147,14.807,65.752
2026-06-18 07:16:14,34,38,0,134,14.858,66.631
2026-06-18 07:21:14,35,39,0,120,14.89,66.94
2026-06-18 07:26:14,32,35,0,113,14.981,66.776
2026-06-18 07:31:14,32,33,0,173,15.04,66.581
2026-06-18 07:36:14,30,32,0,119,15.093,66.509
2026-06-18 07:41:14,30,33,0,126,15.069,66.585
2026-06-18 07:46:14,31,32,0,139,15.09,66.469
2026-06-18 07:51:14,32,35,0,108,15.101,66.824
2026-06-18 07:56:14,31,35,0,91,15.149,66.614
2026-06-18 08:01:14,31,35,0,103,15.149,66.637
2026-06-18 08:06:14,30,35,0,91,15.163,66.597
2026-06-18 08:11:14,31,38,0,108,15.184,66.292
2026-06-18 08:16:14,34,37,0,120,15.146,66.509
2026-06-18 08:21:14,34,38,0,115,15.141,66.477
2026-06-18 08:26:14,31,35,0,109,15.211,66.366
2026-06-18 08:31:14,30,35,0,146,15.261,63.816
2026-06-18 08:36:14,31,36,0,166,15.261,63.411
2026-06-18 08:41:14,31,32,0,381,15.208,67.066
2026-06-18 08:46:14,32,35,0,343,15.219,67.648
2026-06-18 08:51:14,27,29,0,305,15.261,68.031
2026-06-18 08:56:14,31,32,0,233,15.349,68.157
2026-06-18 09:01:14,37,41,0,212,15.424,68.248
2026-06-18 09:06:14,37,42,0,210,15.44,67.333
2026-06-18 09:11:14,38,44,0,300,15.462,65.651
2026-06-18 09:16:14,43,52,0,178,15.472,67.466
2026-06-18 09:21:14,45,54,0,179,15.614,68.279
2026-06-18 09:26:14,41,48,0,167,15.87,66.995
2026-06-18 09:31:14,77,81,0,173,16.1,65.221
2026-06-18 09:36:14,111,118,0,169,16.217,66.837
2026-06-18 09:41:14,53,64,0,157,16.356,66.127
2026-06-18 09:46:14,43,51,0,156,16.53,64.045
2026-06-18 09:51:14,48,61,0,150,16.615,65.056
2026-06-18 09:56:14,61,72,0,158,16.973,63.9
2026-06-18 10:01:14,53,65,0,155,17.582,62.683
2026-06-18 10:06:14,39,47,0,128,18.597,60.15
2026-06-18 10:11:14,28,29,0,101,19.763,57.319
2026-06-18 10:16:15,28,30,0,80,20.933,51.671
2026-06-18 10:21:14,32,36,0,90,22.364,48.114
2026-06-18 10:26:14,26,28,0,78,23.561,45.646
2026-06-18 10:31:14,32,34,0,70,24.597,46.05
2026-06-18 10:36:14,8,11,0,63,25.395,39.945
2026-06-18 10:41:14,22,24,0,85,26.543,39.081
2026-06-18 10:46:14,18,19,0,41,27.702,50.397
2026-06-18 10:51:14,18,18,0,55,27.991,43.577
2026-06-18 10:56:14,22,23,0,43,28.033,47.603
2026-06-18 11:01:14,23,23,0,48,28.223,47.246
2026-06-18 11:06:14,21,21,0,68,28.672,35.051
2026-06-18 11:11:14,19,20,0,63,28.335,37.387
2026-06-18 11:16:14,23,24,0,66,29.115,35.049
2026-06-18 11:21:14,19,19,0,55,29.708,35.638
2026-06-18 11:26:14,18,19,0,64,30.394,31.89
2026-06-18 11:31:15,19,22,0,54,30.837,31.991
2026-06-18 11:36:15,22,23,0,67,31.227,37.536
2026-06-18 11:41:15,25,26,0,76,30.693,32.159
2026-06-18 11:46:14,25,26,0,81,29.481,33.523
2026-06-18 11:51:15,26,26,0,97,28.122,36.576
2026-06-18 11:56:15,26,26,0,64,26.877,38.999
2026-06-18 12:01:14,22,23,0,60,25.788,47.624
2026-06-18 12:06:15,24,24,0,105,25.056,43.99
2026-06-18 12:11:14,22,23,0,67,24.661,42.747
2026-06-18 12:16:15,22,22,0,49,24.866,42.276
2026-06-18 12:21:15,22,22,0,77,25.395,41.839
2026-06-18 12:26:15,22,23,0,55,26.773,47.502
2026-06-18 12:31:14,17,20,0,44,28.044,37.648
2026-06-18 12:36:15,13,15,0,45,28.765,37.473
2026-06-18 12:41:14,9,11,0,31,28.672,34.826
2026-06-18 12:46:15,5,6,0,26,27.913,35.934
2026-06-18 12:51:15,5,5,0,13,27.021,38.341
2026-06-18 12:56:15,7,7,0,32,26.028,40.122
2026-06-18 13:01:15,4,6,0,31,25.264,44.565
2026-06-18 13:06:15,3,3,0,18,24.493,42.812
2026-06-18 13:11:15,4,4,0,17,23.884,47.683
2026-06-18 13:16:15,2,3,0,10,23.355,45.749
2026-06-18 13:21:15,4,4,0,26,22.997,50.241
2026-06-18 13:26:15,1,1,0,57,22.618,48.875
2026-06-18 13:31:15,4,4,0,78,22.354,51.084
2026-06-18 13:36:17,4,4,0,47,22.268,52.303
2026-06-18 13:41:15,5,6,0,33,23.208,51.076
2026-06-18 13:46:15,1,1,0,0,24.191,46.38
2026-06-18 13:56:15,1,1,0,0,26.057,41.679
2026-06-18 14:01:15,0,0,0,0,27.131,39.298
2026-06-18 14:06:15,0,0,0,0,27.825,40.746
2026-06-18 14:11:15,4,4,0,0,27.318,38.699
2026-06-18 14:16:15,6,7,0,0,27.507,38.026
2026-06-18 14:21:15,2,2,0,0,28.191,37.334
2026-06-18 14:26:15,1,1,0,0,29.078,35.201
2026-06-18 14:31:15,0,0,0,0,29.649,36.048
2026-06-18 14:36:15,0,0,0,0,29.232,36.586
2026-06-18 14:41:15,0,0,0,0,28.391,35.955
2026-06-18 14:46:15,0,0,0,0,27.67,43.094
2026-06-18 14:51:15,0,0,0,0,28.156,36.546
2026-06-18 14:56:15,0,0,0,0,28.925,41.187
2026-06-18 15:01:15,0,0,0,0,29.182,34.15
2026-06-18 15:06:15,0,0,0,0,29.734,37.297
2026-06-18 15:11:15,0,0,0,0,30.05,35.367
2026-06-18 15:16:16,0,0,0,0,30.359,38.299
2026-06-18 15:21:15,1,1,0,0,30.386,32.008
2026-06-18 15:26:15,0,0,0,0,30.68,32.409
2026-06-18 15:31:15,0,0,0,0,30.405,31.842
2026-06-18 15:36:15,0,0,0,0,29.983,35.756
2026-06-18 15:41:16,0,0,0,31,28.936,41.339
2026-06-18 15:46:16,0,0,0,0,28.413,35.354
2026-06-18 15:51:15,0,0,0,0,28.6,40.908
2026-06-18 15:56:16,0,1,0,0,28.688,42.417
2026-06-18 16:02:47,0,0,0,0,28.479,36.935
2026-06-18 16:06:15,0,0,0,0,27.948,40.721
2026-06-18 16:11:16,0,0,0,0,27.203,38.53
2026-06-18 16:16:15,0,0,0,0,26.535,40.775
2026-06-18 16:21:15,0,0,0,0,26.22,40.988
2026-06-18 16:26:16,0,0,0,0,25.98,40.326
2026-06-18 16:31:15,0,0,0,0,25.553,40.836
2026-06-18 16:36:16,0,0,0,0,25.454,41.356
2026-06-18 16:41:16,0,0,0,0,25.342,42.465
2026-06-18 16:46:15,0,0,0,0,25.171,43.062
2026-06-18 16:51:16,0,0,0,0,24.968,43.178
2026-06-18 16:56:15,0,0,0,0,24.76,44.723
2026-06-18 17:01:16,0,0,0,0,24.49,45.122
2026-06-18 17:06:16,0,0,0,0,24.212,45.41
2026-06-18 17:11:16,0,0,0,0,23.774,46.163
2026-06-18 17:16:16,0,0,0,0,23.299,47.29
2026-06-18 17:21:16,0,0,0,35,22.679,48.641
2026-06-18 17:26:15,1,1,0,38,22.052,50.271
2026-06-18 17:31:16,0,0,0,22,21.502,51.62
2026-06-18 17:36:15,0,0,0,33,20.914,52.928
2026-06-18 17:41:16,0,0,0,29,20.428,54.298
2026-06-18 17:46:16,2,2,0,88,20.012,55.307
2026-06-18 17:51:16,1,1,0,92,19.662,56.28
2026-06-18 17:56:16,3,3,0,129,19.32,57.205
2026-06-18 18:01:16,8,8,0,199,18.994,58.019
2026-06-18 18:06:16,1,1,0,164,18.743,58.521
2026-06-18 18:11:16,1,1,0,95,18.498,59.084
2026-06-18 18:16:16,1,1,0,123,18.308,59.467
2026-06-18 18:21:16,25,28,0,168,18.116,59.982
2026-06-18 18:26:16,4,4,0,204,17.966,60.03
2026-06-18 18:31:16,5,5,0,159,17.779,54.964
2026-06-18 18:36:16,4,4,0,154,17.512,57.716
2026-06-18 18:41:16,4,4,0,184,17.275,62.463
2026-06-18 18:46:16,9,9,0,293,17.125,61.67
2026-06-18 18:51:16,24,24,0,311,16.997,63.263
2026-06-18 18:56:16,48,60,0,269,16.885,63.709
2026-06-18 19:01:16,23,26,0,218,16.821,64.092
2026-06-18 19:06:17,15,16,0,222,16.711,64.302
2026-06-18 19:11:16,4,4,0,155,16.524,64.401
2026-06-18 19:16:16,5,6,0,160,16.337,64.516
2026-06-18 19:21:16,5,6,0,172,16.199,64.468
2026-06-18 19:26:16,6,6,0,162,16.07,62.78
2026-06-18 19:31:16,8,9,0,176,15.87,64.312
2026-06-18 19:36:16,6,6,0,202,15.673,65.096
2026-06-18 19:41:16,8,8,0,213,15.475,65.977
2026-06-18 19:46:16,5,6,0,216,15.309,65.895
2026-06-18 19:51:16,8,8,0,208,15.197,66.313
2026-06-18 19:56:16,5,5,0,235,15.056,61.832
2026-06-18 20:01:16,13,13,0,297,14.917,62.906
2026-06-18 20:06:16,29,29,0,305,14.794,66.772
2026-06-18 20:11:16,30,30,0,267,14.682,65.633
2026-06-18 20:16:16,39,44,0,300,14.591,66.85
2026-06-18 20:21:16,38,42,0,322,14.476,67.081
2026-06-18 20:26:16,50,63,0,470,14.364,67.995
2026-06-18 20:31:16,51,62,0,450,14.311,67.386
2026-06-18 20:36:16,46,56,0,387,14.193,66.179
2026-06-18 20:41:16,49,60,0,410,14.134,66.105
2026-06-18 20:46:16,51,64,0,451,14.004,67.52
2026-06-18 20:51:16,52,65,0,488,13.913,66.934
2026-06-18 20:56:16,55,69,0,492,13.774,68.193
2026-06-18 21:01:17,59,72,0,537,13.699,68.105
2026-06-18 21:06:16,54,68,0,538,13.582,67.293
2026-06-18 21:11:16,52,66,0,436,13.478,67.016
2026-06-18 21:16:16,58,73,0,462,13.365,67.705
2026-06-18 21:21:16,60,75,0,503,13.291,67.211
2026-06-18 21:26:17,61,74,0,583,13.184,69.059
2026-06-18 21:31:16,62,75,0,463,13.114,68.119
2026-06-18 21:36:17,55,68,0,417,13.053,65.452
2026-06-18 21:41:16,46,55,0,292,12.845,65.87
2026-06-18 21:46:16,45,52,0,224,12.615,66.305
2026-06-18 21:51:16,44,54,0,208,12.444,65.99
2026-06-18 21:56:16,44,54,0,206,12.327,66.215
2026-06-18 22:01:16,53,64,0,231,12.212,67.007
2026-06-18 22:06:16,56,69,0,237,12.046,64.413
2026-06-18 22:11:16,57,70,0,265,11.913,67.598
2026-06-18 22:16:17,52,64,0,297,11.865,65.496
2026-06-18 22:21:16,55,67,0,352,11.822,63.158
2026-06-18 22:26:16,54,70,0,322,11.841,70.877
2026-06-18 22:31:16,53,68,0,342,11.846,70.717
2026-06-18 22:36:17,52,64,0,291,11.862,69.196
2026-06-18 22:41:17,52,63,0,307,11.841,69.504
2026-06-18 22:46:17,49,61,0,278,11.761,68.165
2026-06-18 22:51:16,48,57,0,268,11.646,68.418
2026-06-18 22:56:17,46,56,0,239,11.55,68.994
2026-06-18 23:01:17,39,44,0,213,11.496,64.232
2026-06-18 23:06:17,45,53,0,261,11.432,60.997
2026-06-18 23:11:17,45,55,0,251,11.352,66.024
2026-06-18 23:16:17,45,53,0,289,11.365,63.411
2026-06-18 23:21:17,45,55,0,268,11.403,63.181
2026-06-18 23:26:16,47,56,0,251,11.429,71.02
2026-06-18 23:31:17,46,56,0,250,11.483,64.281
2026-06-18 23:36:16,44,55,0,262,11.574,63.194
2026-06-18 23:41:17,43,53,0,293,11.656,63.242
2026-06-18 23:46:17,47,55,0,273,11.71,70.629
2026-06-18 23:51:17,45,53,0,274,11.795,67.419
2026-06-18 23:56:17,44,52,0,277,11.79,71.615
2026-06-19 00:01:17,44,51,0,246,11.849,67.43
2026-06-19 00:06:17,37,41,0,200,11.894,71.766
2026-06-19 00:11:17,37,41,0,182,11.921,71.47
2026-06-19 00:16:17,31,31,0,145,11.985,71.699
2026-06-19 00:21:17,29,31,0,154,12.038,71.087
2026-06-19 00:26:17,27,28,0,155,12.102,71.226
2026-06-19 00:31:17,31,35,0,172,12.153,70.562
2026-06-19 00:36:17,38,41,0,192,12.169,69.101
2026-06-19 00:41:17,38,41,0,195,12.078,68.155
2026-06-19 00:46:17,39,46,0,202,11.987,65.273
2026-06-19 00:51:17,40,46,0,185,11.785,67.274
2026-06-19 00:56:17,36,37,0,190,11.643,62.763
2026-06-19 01:01:17,37,40,0,192,11.504,69.696
2026-06-19 01:06:17,32,33,0,169,11.403,69.879
2026-06-19 01:11:17,30,33,0,164,11.349,70.776
2026-06-19 01:16:17,28,31,0,158,11.328,71.327
2026-06-19 01:21:17,26,28,0,158,11.331,71.262
2026-06-19 01:26:17,28,29,0,173,11.331,71.92
2026-06-19 01:31:17,27,28,0,167,11.379,67.508
2026-06-19 01:36:17,22,25,0,154,11.464,70.204
2026-06-19 01:41:17,27,28,0,140,11.534,71.039
2026-06-19 01:46:17,25,26,0,130,11.611,71.905
2026-06-19 01:51:17,27,30,0,141,11.675,71.325
2026-06-19 01:56:17,26,28,0,131,11.696,71.102
2026-06-19 02:01:17,26,26,0,131,11.803,71.419
2026-06-19 02:06:17,29,30,0,143,11.905,70.755
2026-06-19 02:11:17,26,27,0,145,11.977,69.261
2026-06-19 02:16:17,25,26,0,132,11.945,69.822
2026-06-19 02:21:17,24,25,0,136,11.939,70.686
2026-06-19 02:26:17,26,28,0,124,11.934,69.317
2026-06-19 02:31:17,26,28,0,128,11.939,70.122
2026-06-19 02:36:18,26,26,0,133,11.963,69.208
2026-06-19 02:41:17,22,24,0,117,12.028,69.816
2026-06-19 02:46:17,27,28,0,124,12.065,68.704
2026-06-19 02:51:17,26,26,0,120,12.161,70.482
2026-06-19 02:56:17,24,25,0,121,12.316,69.978
2026-06-19 03:01:17,26,29,0,134,12.42,70.078
2026-06-19 03:06:18,24,26,0,112,12.511,68.38
2026-06-19 03:11:17,22,27,0,105,12.618,69.536
2026-06-19 03:16:17,22,24,0,121,12.714,68.453
2026-06-19 03:21:17,22,22,0,124,12.751,68.311
2026-06-19 03:26:18,20,20,0,127,12.754,66.288
2026-06-19 03:31:18,22,25,0,117,12.722,67.991
2026-06-19 03:36:17,25,26,0,119,12.674,67.587
2026-06-19 03:41:18,24,25,0,114,12.674,67.396
2026-06-19 03:46:18,24,26,0,122,12.684,65.353
2026-06-19 03:51:18,24,24,0,113,12.66,65.893
2026-06-19 03:56:17,24,25,0,108,12.66,67.186
2026-06-19 04:01:18,22,22,0,123,12.666,66.732
2026-06-19 04:06:18,21,24,0,117,12.623,67.4
2026-06-19 04:11:17,25,28,0,124,12.634,66.681
2026-06-19 04:16:18,24,24,0,123,12.567,67.451
2026-06-19 04:21:18,22,24,0,122,12.498,66.52
2026-06-19 04:26:17,22,24,0,115,12.391,66.923
2026-06-19 04:31:18,22,22,0,120,12.332,68.083
2026-06-19 04:36:17,21,22,0,134,12.305,67.177
2026-06-19 04:41:18,21,22,0,116,12.281,65.645
2026-06-19 04:46:18,20,25,0,123,12.222,65.824
2026-06-19 04:51:18,27,29,0,122,12.142,63.209
2026-06-19 04:56:18,35,38,0,115,12.078,65.832
2026-06-19 05:01:18,30,30,0,110,12.014,67.758
2026-06-19 05:06:18,24,28,0,120,11.931,64.098
2026-06-19 05:11:18,25,26,0,112,11.873,68.252
2026-06-19 05:16:18,22,25,0,121,11.83,68.269
2026-06-19 05:21:18,19,21,0,117,11.787,68.197
2026-06-19 05:26:18,26,27,0,117,11.761,67.175
2026-06-19 05:31:18,25,26,0,109,11.769,66.808
2026-06-19 05:36:18,25,27,0,116,11.726,63.644
2026-06-19 05:41:18,25,26,0,115,11.726,62.759
2026-06-19 05:46:18,27,27,0,131,11.699,63.633
2026-06-19 05:51:18,26,28,0,105,11.688,67.48
2026-06-19 05:56:18,25,25,0,115,11.728,67.323
2026-06-19 06:01:18,28,29,0,109,11.841,68.008
2026-06-19 06:06:18,25,27,0,118,11.953,66.923
2026-06-19 06:11:18,26,27,0,116,12.06,66.583
2026-06-19 06:16:18,25,27,0,125,12.086,62.694
2026-06-19 06:21:18,24,27,0,130,12.036,63.589
2026-06-19 06:26:18,27,27,0,116,11.918,66.307
2026-06-19 06:31:18,27,29,0,125,11.827,66.589
2026-06-19 06:36:18,26,29,0,140,11.838,66.089
2026-06-19 06:41:18,27,29,0,117,11.843,66.881
2026-06-19 06:46:18,27,28,0,124,11.846,66.951
2026-06-19 06:51:18,27,28,0,134,11.889,66.49
2026-06-19 06:56:18,27,27,0,140,11.867,66.416
2026-06-19 07:01:18,22,24,0,122,11.846,65.721
2026-06-19 07:06:18,26,27,0,140,11.761,66.362
2026-06-19 07:11:18,29,29,0,115,11.667,65.473
2026-06-19 07:16:18,27,28,0,130,11.56,66.04
2026-06-19 07:21:18,28,28,0,153,11.469,62.189
2026-06-19 07:26:18,28,31,0,152,11.432,66.238
2026-06-19 07:31:18,27,29,0,152,11.389,66.669
2026-06-19 07:36:18,28,29,0,143,11.381,67.59
2026-06-19 07:41:18,27,28,0,136,11.413,65.046
2026-06-19 07:46:18,26,28,0,156,11.413,67.707
2026-06-19 07:51:18,27,29,0,181,11.477,67.323
2026-06-19 07:56:19,30,33,0,147,11.515,67.106
2026-06-19 08:01:18,28,30,0,170,11.55,67.259
2026-06-19 08:06:18,29,32,0,166,11.592,67.117
2026-06-19 08:11:18,30,34,0,193,11.646,67.352
2026-06-19 08:16:18,31,32,0,183,11.742,67.329
2026-06-19 08:21:18,31,31,0,176,11.886,65.052
2026-06-19 08:26:18,30,31,0,162,12.076,65.849
2026-06-19 08:31:18,33,39,0,158,12.295,64.497
2026-06-19 08:36:19,37,42,0,150,12.407,64.418
2026-06-19 08:41:18,60,76,0,173,12.519,64.689
2026-06-19 08:46:18,47,56,0,156,12.61,64.464
2026-06-19 08:51:18,48,57,0,178,12.741,61.742
2026-06-19 08:56:19,38,42,0,157,12.869,64.102
2026-06-19 09:01:18,39,46,0,178,13.056,63.934
2026-06-19 09:06:18,39,47,0,174,13.248,63.89
2026-06-19 09:11:18,38,44,0,164,13.472,63.194
2026-06-19 09:16:18,36,41,0,158,13.838,63.829
2026-06-19 09:21:19,36,41,0,152,15.045,59.791
2026-06-19 09:26:19,38,42,0,137,16.669,56.112
2026-06-19 09:31:19,36,42,0,149,18.287,52.257
2026-06-19 09:36:18,34,38,0,127,19.739,49.169
2026-06-19 09:41:18,31,34,0,133,20.314,46.18
2026-06-19 09:46:19,32,36,0,128,20.581,45.558
2026-06-19 09:51:19,32,34,0,131,20.479,45.831
2026-06-19 09:56:19,32,35,0,150,20.084,48.87
2026-06-19 10:01:19,33,38,0,144,19.651,47.363
2026-06-19 10:06:19,32,37,0,134,19.366,51.092
2026-06-19 10:11:19,30,34,0,118,19.115,51.391
2026-06-19 10:16:18,28,32,0,122,19.067,48.627
2026-06-19 10:21:19,31,33,0,109,19.809,48.198
2026-06-19 10:26:19,33,37,0,116,20.674,44.41
2026-06-19 10:31:18,33,37,0,109,21.611,44.33
2026-06-19 10:36:19,32,35,0,107,22.541,44.589
2026-06-19 10:41:18,30,31,0,95,23.203,45.389
2026-06-19 10:46:19,31,33,0,106,23.577,39.987
2026-06-19 10:51:19,32,37,0,109,24.084,37.017
2026-06-19 10:56:19,24,24,0,72,24.722,43.519
2026-06-19 11:01:19,28,29,0,95,24.567,35.701
2026-06-19 11:06:19,30,31,0,96,24.14,36.552
2026-06-19 11:11:19,29,30,0,94,23.82,36.72
2026-06-19 11:16:19,25,27,0,102,24.172,36.109
2026-06-19 11:21:19,25,25,0,78,25.061,35.522
2026-06-19 11:26:19,26,28,0,71,25.9,38.465
2026-06-19 11:31:19,19,21,0,30,26.749,38.266
2026-06-19 11:36:19,19,19,0,31,27.272,34.421
2026-06-19 11:41:19,18,18,0,28,27.945,38.697
2026-06-19 11:46:19,19,19,0,52,28.519,29.451
2026-06-19 11:51:19,17,18,0,22,28.979,39.253
2026-06-19 11:56:19,17,19,0,36,29.075,28.873
2026-06-19 12:01:19,20,20,0,34,29.395,28.159
2026-06-19 12:06:19,17,17,0,20,30.175,30.952
2026-06-19 12:11:19,17,18,0,32,30.76,26.994
2026-06-19 12:16:19,15,17,0,3,31.262,36.956
2026-06-19 12:21:19,16,17,0,15,31.369,26.088
2026-06-19 12:26:19,18,18,0,0,31.662,30.421
2026-06-19 12:31:19,17,19,0,9,31.972,26.046
2026-06-19 12:36:19,19,20,0,49,32.648,25.065
2026-06-19 12:41:19,24,26,0,5,33.198,29.222
2026-06-19 12:46:19,15,17,0,11,33.449,24.713
2026-06-19 12:51:19,14,14,0,0,33.31,24.032
2026-06-19 12:56:19,19,19,0,0,33.614,24.165
2026-06-19 13:01:19,11,14,0,0,33.825,23.78
2026-06-19 13:06:19,22,25,0,9,33.847,24.903
2026-06-19 13:11:19,15,18,0,0,33.655,23.749
2026-06-19 13:16:19,19,19,0,0,33.676,24.268
2026-06-19 13:21:20,16,16,0,2,33.687,24.188
2026-06-19 13:26:20,25,27,0,40,33.417,28.668
2026-06-19 13:31:19,17,19,0,5,32.835,26.059
2026-06-19 13:36:19,11,13,0,4,32.434,26.494
2026-06-19 13:41:20,19,22,0,6,32.354,30.799
2026-06-19 13:46:19,14,16,0,14,32.381,27.024
2026-06-19 13:51:19,19,22,0,0,32.57,26.954
2026-06-19 13:56:19,18,19,0,0,32.634,26.509
2026-06-19 14:01:19,11,13,0,0,32.549,28.855
2026-06-19 14:06:19,5,5,0,0,32.528,36.157
2026-06-19 14:11:19,7,8,0,0,32.667,24.64
2026-06-19 14:16:19,7,7,0,0,32.626,25.378
2026-06-19 14:21:19,5,5,0,0,32.893,35.043
2026-06-19 14:26:20,3,3,0,0,32.995,24.268
2026-06-19 14:31:19,4,5,0,0,33.193,24.003
2026-06-19 14:36:20,2,2,0,0,33.673,34.063
2026-06-19 14:41:20,3,4,0,0,33.932,32.304
2026-06-19 14:46:19,4,4,0,0,33.649,23.522
2026-06-19 14:51:20,4,4,0,0,33.687,30.624
2026-06-19 14:56:20,3,3,0,0,33.548,23.105
2026-06-19 15:01:20,3,3,0,0,33.457,26.525
2026-06-19 15:06:20,2,2,0,0,33.481,23.154
2026-06-19 15:11:20,1,1,0,0,33.347,22.985
2026-06-19 15:16:20,2,2,0,0,33.315,22.704
2026-06-19 15:21:20,2,2,0,0,33.166,23.871
2026-06-19 15:26:19,2,2,0,0,33.273,23.904
2026-06-19 15:31:20,3,4,0,0,33.163,26.124
2026-06-19 15:36:19,4,4,0,2,33.275,23.841
2026-06-19 15:41:20,2,2,0,0,33.275,24.831
2026-06-19 15:46:19,3,4,0,0,33.115,25.722
2026-06-19 15:51:20,4,4,0,0,33.003,26.425
2026-06-19 15:56:20,3,3,0,0,32.685,26.061
2026-06-19 16:02:48,9,9,0,6,32.407,26.805
2026-06-19 16:06:20,4,5,0,0,32.015,29.626
2026-06-19 16:11:20,5,5,0,0,31.564,28.754
2026-06-19 16:16:20,7,7,0,0,31.27,28.434
2026-06-19 16:21:20,7,7,0,0,30.976,28.989
2026-06-19 16:26:20,9,13,0,0,30.715,29.311
2026-06-19 16:31:20,5,5,0,0,30.367,29.977
2026-06-19 16:36:20,8,8,0,0,29.953,30.191
2026-06-19 16:41:20,10,11,0,35,29.398,31.171
2026-06-19 16:46:20,7,7,0,21,28.677,32.239
2026-06-19 16:51:20,4,5,0,27,27.993,33.12
2026-06-19 16:56:20,5,5,0,4,27.176,34.293
2026-06-19 17:01:20,5,5,0,59,26.501,35.472
2026-06-19 17:06:20,4,4,0,29,26.106,36.245
2026-06-19 17:11:20,5,5,0,50,25.801,36.763
2026-06-19 17:16:20,6,7,0,70,25.481,37.238
2026-06-19 17:21:20,7,8,0,34,25.043,38.024
2026-06-19 17:26:20,7,8,0,38,24.394,39.241
2026-06-19 17:31:20,7,8,0,66,23.833,40.155
2026-06-19 17:36:20,12,15,0,156,23.283,41.124
2026-06-19 17:41:20,8,8,0,45,22.834,41.704
2026-06-19 17:46:20,19,19,0,239,22.279,43.083
2026-06-19 17:51:20,14,15,0,123,21.769,44.011
2026-06-19 17:56:20,15,16,0,85,21.326,45.104
2026-06-19 18:01:20,11,11,0,70,20.941,45.947
2026-06-19 18:06:20,8,8,0,101,20.583,46.245
2026-06-19 18:11:20,9,13,0,197,20.236,46.438
2026-06-19 18:16:21,8,8,0,179,19.929,46.687
2026-06-19 18:21:20,11,11,0,161,19.619,47.206
2026-06-19 18:26:20,8,10,0,140,19.358,47.847
2026-06-19 18:31:20,11,11,0,128,19.128,48.328
2026-06-19 18:36:20,7,7,0,161,18.93,44.385
2026-06-19 18:41:20,18,18,0,239,18.639,49.474
2026-06-19 18:46:20,24,26,0,305,18.458,50.624
2026-06-19 18:51:20,28,28,0,347,18.335,51.311
2026-06-19 18:56:20,30,34,0,329,18.217,49.73
2026-06-19 19:01:21,29,33,0,263,18.1,48.129
2026-06-19 19:06:20,27,29,0,227,18.012,47.285
2026-06-19 19:11:20,30,31,0,231,17.878,49.249
2026-06-19 19:16:20,30,31,0,231,17.787,50.331
2026-06-19 19:21:21,30,31,0,274,17.686,50.552
2026-06-19 19:26:21,39,46,0,262,17.584,51.465
2026-06-19 19:31:20,20,20,0,203,17.486,50.682
2026-06-19 19:36:21,22,22,0,271,17.267,51.277
2026-06-19 19:41:21,28,28,0,355,17.112,52.404
2026-06-19 19:46:21,25,27,0,276,16.92,54.443
2026-06-19 19:51:21,31,36,0,185,16.738,57.207
2026-06-19 19:56:21,27,30,0,99,16.516,60.497
2026-06-19 20:01:20,34,38,0,109,16.329,61.63
2026-06-19 20:06:21,31,35,0,111,16.169,63.358
2026-06-19 20:11:21,31,34,0,80,16.03,65.019
2026-06-19 20:16:21,29,30,0,73,15.902,65.681
2026-06-19 20:21:20,31,34,0,88,15.798,66.044
2026-06-19 20:26:21,27,28,0,122,15.761,59.721
2026-06-19 20:31:20,27,28,0,81,15.675,66.61
2026-06-19 20:36:21,28,30,0,136,15.681,66.539
2026-06-19 20:41:20,37,42,0,292,15.627,66.818
2026-06-19 20:46:21,33,39,0,119,15.598,59.505
2026-06-19 20:51:20,26,28,0,160,15.502,65.998
2026-06-19 20:56:21,28,29,0,475,15.427,67.001
2026-06-19 21:01:21,29,29,0,599,15.4,67.175
2026-06-19 21:06:20,25,27,0,500,15.389,66.698
2026-06-19 21:11:21,27,28,0,195,15.339,66.679
2026-06-19 21:16:21,27,28,0,125,15.323,65.263
2026-06-19 21:21:21,24,26,0,91,15.269,65.193
2026-06-19 21:26:21,26,28,0,91,15.243,65.542
2026-06-19 21:31:21,30,32,0,104,15.163,65.916
2026-06-19 21:36:21,31,32,0,102,15.106,65.723
2026-06-19 21:41:21,34,37,0,133,15.048,56.949
2026-06-19 21:46:21,42,52,0,188,14.968,64.859
2026-06-19 21:51:21,45,55,0,249,14.866,64.676
2026-06-19 21:56:21,43,52,0,218,14.791,65.046
2026-06-19 22:01:21,42,50,0,195,14.709,65.244
2026-06-19 22:06:21,39,46,0,187,14.644,65.256
2026-06-19 22:11:21,37,45,0,175,14.586,65.263
2026-06-19 22:16:21,38,48,0,172,14.538,65.052
2026-06-19 22:21:21,38,44,0,166,14.447,64.777
2026-06-19 22:26:21,38,46,0,168,14.3,65.473
2026-06-19 22:31:21,42,51,0,190,14.188,66.585
2026-06-19 22:36:21,38,46,0,191,14.06,66.366
2026-06-19 22:41:21,42,53,0,209,13.958,66.04
2026-06-19 22:46:21,39,45,0,194,13.851,65.609
2026-06-19 22:51:21,39,47,0,189,13.747,65.559
2026-06-19 22:56:21,42,51,0,192,13.624,67.068
2026-06-19 23:01:21,43,52,0,173,13.528,67.272
2026-06-19 23:06:21,44,54,0,174,13.459,67.627
2026-06-19 23:11:21,45,54,0,225,13.432,61.01
2026-06-19 23:16:21,58,73,0,385,13.408,58.132
2026-06-19 23:21:21,56,72,0,332,13.355,67.571
2026-06-19 23:26:21,62,77,0,422,13.312,67.11
2026-06-19 23:31:21,68,79,0,442,13.275,67.493
2026-06-19 23:36:21,69,81,0,425,13.21,67.005
2026-06-19 23:41:21,65,77,0,381,13.144,66.08
2026-06-19 23:46:21,63,75,0,385,13.026,63.266
2026-06-19 23:51:21,62,74,0,418,12.898,59.885
2026-06-19 23:56:21,63,75,0,384,12.722,65.948
2026-06-20 00:01:21,65,79,0,422,12.572,66.179
2026-06-20 00:06:22,89,94,0,773,12.506,58.233
2026-06-20 00:11:22,89,94,0,593,12.399,67.92
2026-06-20 00:16:21,89,96,0,515,12.361,68.348
2026-06-20 00:21:21,80,88,0,467,12.356,67.972
2026-06-20 00:26:21,73,83,0,408,12.319,66.349
2026-06-20 00:31:21,71,82,0,458,12.252,66.679
2026-06-20 00:36:21,67,82,0,435,12.177,67.524
2026-06-20 00:41:21,69,82,0,427,12.113,67.852
2026-06-20 00:46:21,72,81,0,379,12.044,66.396
2026-06-20 00:51:21,69,81,0,390,12.038,68.863
2026-06-20 00:56:21,63,76,0,371,12.004,68.199
2026-06-20 01:01:21,52,67,0,230,11.913,66.238
2026-06-20 01:06:21,48,60,0,169,11.769,65.729
2026-06-20 01:11:22,51,61,0,177,11.598,66.475
2026-06-20 01:16:21,54,66,0,293,11.448,61.971
2026-06-20 01:21:21,53,65,0,245,11.291,67.421
2026-06-20 01:26:21,50,61,0,174,11.184,68.426
2026-06-20 01:31:22,50,60,0,177,11.136,69.393
2026-06-20 01:36:22,47,56,0,169,11.152,60.55
2026-06-20 01:41:22,48,58,0,212,11.152,67.262
2026-06-20 01:46:21,48,57,0,527,11.192,69.719
2026-06-20 01:51:22,46,55,0,451,11.245,71.438
2026-06-20 01:56:21,48,57,0,261,11.293,69.82
2026-06-20 02:01:22,45,56,0,188,11.352,69.744
2026-06-20 02:06:22,47,56,0,166,11.331,69.633
2026-06-20 02:11:22,46,56,0,153,11.258,68.924
2026-06-20 02:16:22,44,54,0,163,11.232,67.791
2026-06-20 02:21:22,48,59,0,159,11.146,67.671
2026-06-20 02:26:22,47,60,0,158,11.056,67.569
2026-06-20 02:31:22,45,54,0,149,10.922,66.633
2026-06-20 02:36:22,44,53,0,142,10.754,67.116
2026-06-20 02:41:22,44,54,0,121,10.636,66.726
2026-06-20 02:46:22,46,56,0,143,10.487,67.743
2026-06-20 02:51:22,47,58,0,177,10.433,61.815
2026-06-20 02:56:22,50,62,0,207,10.353,68.786
2026-06-20 03:01:22,52,64,0,201,10.303,61.01
2026-06-20 03:06:22,53,66,0,195,10.265,63.512
2026-06-20 03:11:22,52,63,0,175,10.254,70.246
2026-06-20 03:16:22,53,65,0,175,10.303,69.967
2026-06-20 03:21:22,54,67,0,226,10.319,69.385
2026-06-20 03:26:22,55,70,0,261,10.353,68.987
2026-06-20 03:31:22,54,64,0,241,10.359,68.737
2026-06-20 03:36:22,52,63,0,221,10.343,67.411
2026-06-20 03:41:22,48,59,0,180,10.273,64.846
2026-06-20 03:46:22,47,55,0,204,10.156,63.671
2026-06-20 03:51:22,49,60,0,202,10.078,69.515
2026-06-20 03:56:22,47,57,0,213,10.057,69.557
2026-06-20 04:01:22,48,57,0,196,10.051,69.261
2026-06-20 04:06:22,47,56,0,209,10.014,65.616
2026-06-20 04:11:22,48,60,0,222,10.025,60.579
2026-06-20 04:16:22,48,58,0,223,9.99,60.907
2026-06-20 04:21:22,49,62,0,218,9.963,61.685
2026-06-20 04:26:22,48,59,0,202,9.931,68.966
2026-06-20 04:31:22,46,57,0,178,9.894,68.752
2026-06-20 04:36:22,47,56,0,180,9.894,68.237
2026-06-20 04:41:22,48,59,0,184,9.859,67.783
2026-06-20 04:46:22,41,49,0,163,9.795,68.409
2026-06-20 04:51:22,42,51,0,148,9.726,67.358
2026-06-20 04:56:22,41,47,0,116,9.614,66.923
2026-06-20 05:01:22,41,47,0,119,9.491,67.081
2026-06-20 05:06:22,39,43,0,127,9.408,66.795
2026-06-20 05:11:22,43,54,0,159,9.269,68.18
2026-06-20 05:16:22,46,55,0,172,9.184,67.684
2026-06-20 05:21:22,43,55,0,164,9.13,69.025
2026-06-20 05:26:22,41,51,0,126,9.039,67.913
2026-06-20 05:31:22,42,49,0,113,8.871,68.042
2026-06-20 05:36:22,39,45,0,104,8.775,68.811
2026-06-20 05:41:22,38,40,0,105,8.722,69.492
2026-06-20 05:46:22,38,42,0,109,8.722,70.047
2026-06-20 05:51:22,38,42,0,96,8.759,69.654
2026-06-20 05:56:22,42,47,0,107,8.767,69.956
2026-06-20 06:01:22,39,47,0,114,8.794,68.197
2026-06-20 06:06:22,42,48,0,138,8.788,69.702
2026-06-20 06:11:22,39,43,0,137,8.826,71.016
2026-06-20 06:16:22,42,46,0,126,8.89,69.792
2026-06-20 06:21:22,42,46,0,132,8.951,71.193
2026-06-20 06:26:22,39,46,0,132,9.058,70.541
2026-06-20 06:31:22,44,55,0,136,9.106,70.829
2026-06-20 06:36:23,46,54,0,155,9.192,65.298
2026-06-20 06:41:22,43,54,0,170,9.229,61.861
2026-06-20 06:46:22,45,55,0,149,9.28,69.589
2026-06-20 06:51:22,42,50,0,139,9.322,69.534
2026-06-20 06:56:22,43,50,0,140,9.306,69.055
2026-06-20 07:01:23,41,47,0,146,9.269,68.987
2026-06-20 07:06:22,45,56,0,131,9.162,69.362
2026-06-20 07:11:22,41,50,0,128,9.058,69.217
2026-06-20 07:16:22,42,51,0,120,8.957,69.151
2026-06-20 07:21:22,41,47,0,133,8.903,69.183
2026-06-20 07:26:22,42,50,0,143,8.834,69.423
2026-06-20 07:31:22,47,56,0,225,8.754,68.701
2026-06-20 07:36:22,46,56,0,200,8.676,69.433
2026-06-20 07:41:22,46,56,0,191,8.602,68.828
2026-06-20 07:46:23,48,57,0,204,8.537,70.228
2026-06-20 07:51:22,47,58,0,283,8.5,69.278
2026-06-20 07:56:23,47,56,0,233,8.415,69.576
2026-06-20 08:01:22,44,54,0,246,8.375,69.139
2026-06-20 08:06:23,50,60,0,184,8.359,63.369
2026-06-20 08:11:23,48,58,0,264,8.353,61.411
2026-06-20 08:16:23,47,57,0,259,8.337,64.125
2026-06-20 08:21:23,47,55,0,250,8.321,62.374
2026-06-20 08:26:22,47,56,0,228,8.361,70.305
2026-06-20 08:31:23,43,54,0,224,8.404,68.546
2026-06-20 08:36:23,48,56,0,239,8.42,68.569
2026-06-20 08:41:23,47,58,0,218,8.399,69.752
2026-06-20 08:46:22,54,67,0,201,8.473,69.948
2026-06-20 08:51:23,57,70,0,202,8.583,70.141
2026-06-20 08:56:22,54,66,0,195,8.764,69.582
2026-06-20 09:01:23,49,59,0,165,8.951,69.528
2026-06-20 09:06:23,45,54,0,151,9.16,69.288
2026-06-20 09:11:23,51,61,0,211,9.368,69.727
2026-06-20 09:16:23,50,62,0,241,9.659,69.607
2026-06-20 09:21:23,52,63,0,194,10.764,68.813
2026-06-20 09:26:23,47,58,0,167,12.457,63.934
2026-06-20 09:31:23,44,52,0,149,14.199,59.11
2026-06-20 09:36:23,40,48,0,149,15.667,54.653
2026-06-20 09:41:23,38,44,0,127,16.588,51.99
2026-06-20 09:46:23,38,43,0,129,16.818,51.412
2026-06-20 09:51:23,38,45,0,127,16.695,52.314
2026-06-20 09:56:23,36,43,0,132,16.669,53.588
2026-06-20 10:01:23,43,53,0,145,17.325,51.864
2026-06-20 10:06:23,42,50,0,133,18.391,49.407
2026-06-20 10:11:23,37,47,0,123,19.838,48.004
2026-06-20 10:16:23,33,38,0,114,21.136,43.821
2026-06-20 10:21:23,35,40,0,127,21.467,43.086
2026-06-20 10:26:23,35,40,0,124,21.131,43.145
2026-06-20 10:31:23,38,46,0,123,21.379,43.313
2026-06-20 10:36:23,36,43,0,115,22.298,42.55
2026-06-20 10:41:23,33,36,0,108,23.425,39.985
2026-06-20 10:46:23,32,36,0,95,24.215,38.038
2026-06-20 10:51:23,29,33,0,67,24.487,45.551
2026-06-20 10:56:23,32,36,0,98,24.853,38.232
2026-06-20 11:01:23,32,39,0,111,24.864,37.242
2026-06-20 11:06:23,32,35,0,106,24.645,37.866
2026-06-20 11:11:23,32,35,0,103,24.57,38.015
2026-06-20 11:16:23,24,27,0,81,24.581,38.001
2026-06-20 11:21:23,29,32,0,58,24.589,43.981
2026-06-20 11:26:23,25,26,0,63,24.439,38.49
2026-06-20 11:31:23,26,29,0,47,24.188,39.18
2026-06-20 11:36:23,27,27,0,60,24.055,40.143
2026-06-20 11:41:23,30,31,0,60,24.097,42.266
2026-06-20 11:46:23,27,30,0,68,23.945,40.654
2026-06-20 11:51:23,29,30,0,67,24.1,45.467
2026-06-20 11:56:23,28,28,0,86,23.951,40.233
2026-06-20 12:01:23,30,35,0,80,24.127,39.886
2026-06-20 12:06:23,30,31,0,72,24.575,40.143
2026-06-20 12:11:23,23,25,0,63,25.198,37.965
2026-06-20 12:16:23,22,24,0,61,25.534,37.215
2026-06-20 12:21:23,24,24,0,37,25.79,36.576
2026-06-20 12:26:23,24,26,0,50,26.218,35.703
2026-06-20 12:31:23,25,25,0,45,26.522,35.396
2026-06-20 12:36:23,26,27,0,43,26.632,35.579
2026-06-20 12:41:23,23,25,0,24,26.503,37.164
2026-06-20 12:46:23,24,25,0,30,26.349,35.295
2026-06-20 12:51:23,23,24,0,7,26.893,36.828
2026-06-20 12:56:23,22,23,0,0,27.929,40.239
2026-06-20 13:01:24,24,25,0,0,28.562,35.48
2026-06-20 13:06:23,19,20,0,0,28.771,31.1
2026-06-20 13:11:24,22,22,0,0,29.374,30.778
2026-06-20 13:16:24,16,22,0,0,29.999,30.975
2026-06-20 13:21:23,13,13,0,0,30.298,29.317
2026-06-20 13:26:23,15,16,0,0,30.562,28.964
2026-06-20 13:31:24,18,19,0,0,30.664,28.991
2026-06-20 13:36:24,16,18,0,0,30.509,29.086
2026-06-20 13:41:24,15,17,0,0,30.028,29.47
2026-06-20 13:46:24,15,16,0,0,29.398,30.288
2026-06-20 13:51:24,17,17,0,0,29.091,30.753
2026-06-20 13:56:24,23,25,0,0,28.883,30.946
2026-06-20 14:01:24,17,20,0,0,29.091,37.057
2026-06-20 14:06:23,11,13,0,0,28.909,31.161
2026-06-20 14:11:24,12,13,0,0,28.749,30.851
2026-06-20 14:16:24,13,17,0,0,28.405,31.593
2026-06-20 14:21:24,8,11,0,0,28.132,31.222
2026-06-20 14:26:24,11,11,0,0,28.186,31.61
2026-06-20 14:31:24,8,8,0,0,28.682,30.675
2026-06-20 14:36:24,8,8,0,0,29.334,30.416
2026-06-20 14:41:24,4,6,0,0,30.031,28.192
2026-06-20 14:46:24,5,6,0,0,30.666,27.812
2026-06-20 14:51:24,4,4,0,0,31.35,26.746
2026-06-20 14:56:24,1,1,0,0,31.692,26.794
2026-06-20 15:01:24,0,0,0,0,31.772,26.916
2026-06-20 15:06:24,1,1,0,0,31.497,26.004
2026-06-20 15:11:24,0,0,0,0,30.904,28.108
2026-06-20 15:16:24,0,0,0,0,30.146,28.918
2026-06-20 15:21:24,3,3,0,0,29.11,32.193
2026-06-20 15:26:24,0,0,0,0,27.737,33.416
2026-06-20 15:31:24,0,0,0,0,26.688,35.403
2026-06-20 15:36:24,0,0,0,0,25.849,36.836
2026-06-20 15:41:24,0,0,0,0,25.171,38.091
2026-06-20 15:46:24,0,0,0,0,24.477,39.764
2026-06-20 15:51:24,1,3,0,0,23.9,40.788
2026-06-20 15:56:24,0,0,0,0,23.283,42.251
2026-06-20 16:02:50,1,2,0,12,22.893,43.517
2026-06-20 16:06:40,0,0,0,0,22.543,44.145
2026-06-20 16:11:24,0,0,0,0,22.314,44.675
2026-06-20 16:16:24,2,2,0,0,22.1,45.32
2026-06-20 16:21:24,0,0,0,0,21.753,45.989
2026-06-20 16:26:24,6,7,0,0,21.537,46.956
2026-06-20 16:31:24,13,16,0,0,21.275,47.454
2026-06-20 16:36:24,3,4,0,0,21.109,47.773
2026-06-20 16:41:24,11,11,0,0,20.981,47.119
2026-06-20 16:46:24,21,24,0,0,20.858,48.353
2026-06-20 16:51:24,32,35,0,0,20.69,48.952
2026-06-20 16:56:24,21,23,0,0,20.541,49.436
2026-06-20 17:01:24,15,16,0,0,20.332,50.003
2026-06-20 17:06:24,14,15,0,0,20.172,50.416
2026-06-20 17:11:24,3,3,0,0,19.926,50.47
2026-06-20 17:16:24,6,6,0,0,19.683,50.056
2026-06-20 17:21:24,3,3,0,1,19.448,52.249
2026-06-20 17:26:24,6,6,0,0,19.251,52.766
2026-06-20 17:31:24,3,3,0,0,19.032,53.764
2026-06-20 17:36:24,0,0,0,0,18.759,54.62
2026-06-20 17:41:25,0,0,0,0,18.538,55.11
2026-06-20 17:46:24,1,1,0,0,18.33,55.421
2026-06-20 17:51:24,1,1,0,0,18.175,52.659
2026-06-20 17:56:24,5,5,0,0,18.009,56.293
2026-06-20 18:01:25,16,19,0,1,17.876,56.539
2026-06-20 18:06:24,3,4,0,0,17.787,55.976
2026-06-20 18:11:24,7,8,0,0,17.633,56.755
2026-06-20 18:16:25,3,3,0,0,17.494,52.932
2026-06-20 18:21:24,11,12,0,0,17.355,57.893
2026-06-20 18:26:24,8,8,0,0,17.205,58.012
2026-06-20 18:31:24,22,24,0,0,17.085,58.643
2026-06-20 18:36:25,25,26,0,15,16.952,58.94
2026-06-20 18:41:24,5,6,0,0,16.823,58.702
2026-06-20 18:46:24,0,0,0,0,16.701,56.201
2026-06-20 18:51:24,1,1,0,0,16.583,59.917
2026-06-20 18:56:25,1,1,0,0,16.442,60.299
2026-06-20 19:01:24,3,3,0,0,16.308,60.608
2026-06-20 19:06:24,4,5,0,0,16.185,61.016
2026-06-20 19:11:24,3,3,0,0,16.089,60.026
2026-06-20 19:16:25,2,2,0,0,16.03,56.114
2026-06-20 19:21:25,8,8,0,19,15.942,61.847
2026-06-20 19:26:25,8,8,0,14,15.867,62.177
2026-06-20 19:31:24,8,8,0,42,15.809,62.082
2026-06-20 19:36:25,3,3,0,14,15.739,61.67
2026-06-20 19:41:25,2,2,0,11,15.659,58.107
2026-06-20 19:46:25,2,3,0,113,15.566,56.959
2026-06-20 19:51:25,2,3,0,202,15.454,63.053
2026-06-20 19:56:25,2,2,0,225,15.384,63.188
2026-06-20 20:01:25,2,2,0,284,15.293,63.453
2026-06-20 20:06:25,2,2,0,328,15.203,63.604
2026-06-20 20:11:25,3,4,0,182,15.093,63.749
2026-06-20 20:16:25,1,1,0,109,14.986,63.963
2026-06-20 20:21:25,3,3,0,121,14.853,62.845
2026-06-20 20:26:25,1,1,0,120,14.719,62.072
2026-06-20 20:31:25,3,3,0,162,14.532,63.623
2026-06-20 20:36:25,6,8,0,140,14.332,63.995
2026-06-20 20:41:24,6,6,0,133,14.145,64.089
2026-06-20 20:46:25,8,8,0,117,13.958,65.035
2026-06-20 20:51:25,4,5,0,103,13.787,65.34
2026-06-20 20:56:25,5,5,0,102,13.654,65.407
2026-06-20 21:01:25,8,8,0,122,13.48,65.952
2026-06-20 21:06:25,12,12,0,114,13.347,65.946
2026-06-20 21:11:25,13,13,0,124,13.251,64.998
2026-06-20 21:16:25,8,8,0,107,13.117,64.483
2026-06-20 21:21:25,12,12,0,134,12.962,65.944
2026-06-20 21:26:25,12,14,0,108,12.821,65.235
2026-06-20 21:31:25,20,24,0,140,12.692,66.33
2026-06-20 21:36:25,18,21,0,134,12.575,67.451
2026-06-20 21:41:25,24,26,0,128,12.463,67.381
2026-06-20 21:46:25,24,24,0,144,12.383,68.145
2026-06-20 21:51:25,22,26,0,144,12.279,66.784
2026-06-20 21:56:25,26,29,0,206,12.177,66.395
2026-06-20 22:01:25,28,28,0,150,12.086,67.878
2026-06-20 22:06:25,22,25,0,142,11.974,66.807
2026-06-20 22:11:25,25,28,0,142,11.867,68.065
2026-06-20 22:16:25,22,24,0,140,11.769,67.751
2026-06-20 22:21:25,24,24,0,134,11.672,67.817
2026-06-20 22:26:25,22,26,0,147,11.598,69.366
2026-06-20 22:31:25,21,24,0,135,11.528,69.61
2026-06-20 22:36:25,42,51,0,234,11.507,71.752
2026-06-20 22:41:25,57,71,0,292,11.456,68.302
2026-06-20 22:46:25,48,57,0,273,11.376,67.699
2026-06-20 22:51:25,39,46,0,180,11.301,67.68
2026-06-20 22:56:25,40,45,0,227,11.221,67.22
2026-06-20 23:01:25,45,53,0,257,11.088,67.875
2026-06-20 23:06:25,45,53,0,287,10.989,67.962
2026-06-20 23:11:25,39,46,0,272,10.946,68.659
2026-06-20 23:16:25,48,57,0,276,10.893,69.065
2026-06-20 23:21:25,44,54,0,265,10.871,61.056
2026-06-20 23:26:25,52,63,0,314,10.887,71.026
2026-06-20 23:31:25,54,65,0,321,10.917,70.589
2026-06-20 23:36:25,59,75,0,415,10.975,68.514
2026-06-20 23:41:25,63,78,0,435,11.04,69.463
2026-06-20 23:46:26,86,92,0,575,11.066,70.307
2026-06-20 23:51:25,110,115,0,602,11.141,70.112
2026-06-20 23:56:25,139,146,0,689,11.192,69.761
2026-06-21 00:01:25,100,108,0,567,11.266,69.217
2026-06-21 00:06:26,104,109,0,686,11.325,69.635
2026-06-21 00:11:25,101,105,0,660,11.453,69.633
2026-06-21 00:16:25,109,113,0,658,11.576,69.933
2026-06-21 00:21:25,107,111,0,530,11.766,69.488
2026-06-21 00:26:26,91,98,0,508,11.883,67.991
2026-06-21 00:31:25,77,87,0,453,12.001,68.432
2026-06-21 00:36:26,67,78,0,377,12.102,67.507
2026-06-21 00:41:25,65,79,0,367,12.214,66.724
2026-06-21 00:46:26,60,75,0,299,12.308,66.772
2026-06-21 00:51:25,50,62,0,266,12.393,67.623
2026-06-21 00:56:26,52,64,0,248,12.484,66.93
2026-06-21 01:01:25,54,67,0,268,12.596,65.954
2026-06-21 01:06:26,40,46,0,170,12.671,66.503
2026-06-21 01:11:26,33,37,0,138,12.754,66.156
2026-06-21 01:16:26,25,26,0,112,12.85,65.872
2026-06-21 01:21:25,25,27,0,122,12.951,65.92
2026-06-21 01:26:26,22,24,0,90,13.042,65.159
2026-06-21 01:31:26,8,10,0,66,13.128,64.188
2026-06-21 01:36:25,5,6,0,57,13.168,63.474
2026-06-21 01:41:26,4,4,0,44,13.216,59.517
2026-06-21 01:46:25,2,3,0,57,13.232,62.118
2026-06-21 01:51:26,3,3,0,117,13.227,61.527
2026-06-21 01:56:25,3,3,0,78,13.264,62.576
2026-06-21 02:01:26,1,2,0,68,13.32,61.102
2026-06-21 02:06:25,2,3,0,68,13.357,61.977
2026-06-21 02:11:26,2,2,0,65,13.416,61.767
2026-06-21 02:16:25,1,2,0,77,13.48,61.065
2026-06-21 02:21:26,2,2,0,53,13.502,61.082
2026-06-21 02:26:25,1,2,0,58,13.526,60.821
2026-06-21 02:31:26,3,3,0,78,13.552,60.855
2026-06-21 02:36:26,2,2,0,87,13.579,60.268
2026-06-21 02:41:26,3,3,0,77,13.611,60.478
2026-06-21 02:46:26,3,3,0,103,13.638,60.196
2026-06-21 02:51:26,1,1,0,109,13.566,60.165
2026-06-21 02:56:26,1,1,0,151,13.523,60.041
2026-06-21 03:01:26,2,2,0,164,13.534,60.039
2026-06-21 03:06:26,3,3,0,110,13.528,59.98
2026-06-21 03:11:26,4,5,0,92,13.598,60.18
2026-06-21 03:16:26,2,3,0,82,13.616,60.115
2026-06-21 03:21:26,3,3,0,83,13.627,60.369
2026-06-21 03:26:26,3,3,0,77,13.643,60.104
2026-06-21 03:31:26,3,3,0,77,13.664,59.612
2026-06-21 03:36:26,4,4,0,57,13.702,59.778
2026-06-21 03:41:26,5,6,0,55,13.71,59.61
2026-06-21 03:46:26,3,3,0,64,13.694,59.37
2026-06-21 03:51:26,2,3,0,56,13.672,59.118
2026-06-21 03:56:26,3,3,0,47,13.678,59.116
2026-06-21 04:01:26,2,3,0,35,13.614,59.028
2026-06-21 04:06:26,2,2,0,43,13.59,59.066
2026-06-21 04:11:26,2,2,0,34,13.499,59.244
2026-06-21 04:16:26,3,3,0,27,13.424,60.037
2026-06-21 04:21:26,2,2,0,37,13.301,59.793
2026-06-21 04:26:26,2,2,0,39,13.248,59.135
2026-06-21 04:31:26,4,4,0,24,13.17,58.5
2026-06-21 04:36:26,3,3,0,102,13.016,59.873
2026-06-21 04:41:26,3,3,0,108,12.914,59.974
2026-06-21 04:46:26,2,2,0,102,12.909,59.978
2026-06-21 04:51:26,4,4,0,65,12.909,59.763
2026-06-21 04:56:26,4,4,0,56,12.906,59.484
2026-06-21 05:01:26,3,3,0,73,12.879,59.137
2026-06-21 05:06:26,2,3,0,106,12.794,59.373
2026-06-21 05:11:26,3,3,0,101,12.671,59.465
2026-06-21 05:16:26,2,2,0,92,12.554,59.827
2026-06-21 05:21:26,2,2,0,83,12.492,59.696
2026-06-21 05:26:26,2,2,0,65,12.369,59.925
2026-06-21 05:31:26,2,3,0,63,12.305,60.135
2026-06-21 05:36:26,2,2,0,61,12.198,60.045
2026-06-21 05:41:26,2,3,0,49,12.06,60.333
2026-06-21 05:46:26,2,2,0,49,11.918,60.524
2026-06-21 05:51:26,1,2,0,38,11.838,60.67
2026-06-21 05:56:26,1,2,0,44,11.731,61.134
2026-06-21 06:01:26,2,2,0,49,11.688,61.399
2026-06-21 06:06:26,1,1,0,40,11.672,58.738
2026-06-21 06:11:26,1,2,0,90,11.606,61.578
2026-06-21 06:16:26,2,2,0,83,11.515,61.506
2026-06-21 06:21:26,2,3,0,76,11.403,61.504
2026-06-21 06:26:26,3,4,0,80,11.275,61.739
2026-06-21 06:31:26,2,2,0,79,11.125,61.477
2026-06-21 06:36:26,1,2,0,72,10.941,61.517
2026-06-21 06:41:26,2,2,0,67,10.823,62.235
2026-06-21 06:46:27,4,4,0,92,10.748,63.566
2026-06-21 06:51:26,3,3,0,104,10.743,63.965
2026-06-21 06:56:26,2,2,0,110,10.823,63.814
2026-06-21 07:01:27,3,3,0,66,10.885,63.327
2026-06-21 07:06:27,3,4,0,60,10.895,63.337
2026-06-21 07:11:27,3,3,0,62,10.869,63.388
2026-06-21 07:16:27,5,5,0,60,10.933,63.686
2026-06-21 07:21:26,3,3,0,69,10.959,57.851
2026-06-21 07:26:26,3,3,0,68,10.861,63.108
2026-06-21 07:31:27,1,1,0,70,10.775,63.112
2026-06-21 07:36:26,2,2,0,64,10.695,62.973
2026-06-21 07:41:26,3,3,0,98,10.556,63.766
2026-06-21 07:46:26,2,2,0,97,10.46,62.685
2026-06-21 07:51:27,2,2,0,105,10.297,63.432
2026-06-21 07:56:27,4,5,0,87,10.137,63.549
2026-06-21 08:01:27,3,3,0,89,9.998,63.673
2026-06-21 08:06:27,1,2,0,106,9.902,63.394
2026-06-21 08:11:26,3,3,0,117,9.795,64.645
2026-06-21 08:16:27,2,2,0,99,9.739,64.953
2026-06-21 08:21:27,3,3,0,108,9.691,65.115
2026-06-21 08:26:27,2,4,0,113,9.664,65.775
2026-06-21 08:31:27,2,2,0,112,9.675,63.362
2026-06-21 08:36:26,3,3,0,98,9.75,66.154
2026-06-21 08:41:27,5,5,0,114,9.886,66.343
2026-06-21 08:46:26,5,5,0,105,10.089,65.101
2026-06-21 08:51:27,8,9,0,112,10.292,64.415
2026-06-21 08:56:27,5,7,0,124,10.457,65.17
2026-06-21 09:01:27,5,5,0,101,10.703,59.358
2026-06-21 09:06:27,5,5,0,94,10.866,64.594
2026-06-21 09:11:27,4,5,0,63,11.064,64.157
2026-06-21 09:16:27,4,4,0,64,11.315,63.32
2026-06-21 09:21:27,5,5,0,58,11.619,61.563
2026-06-21 09:26:27,5,6,0,60,11.742,61.659
2026-06-21 09:31:27,6,6,0,44,11.654,61.973
2026-06-21 09:36:27,6,6,0,48,11.616,62.418
2026-06-21 09:41:27,6,6,0,47,11.707,62.587
2026-06-21 09:46:27,4,5,0,43,12.033,61.983
2026-06-21 09:51:27,34,40,0,94,12.877,59.99
2026-06-21 09:56:27,8,9,0,63,14.353,56.131
2026-06-21 10:01:27,5,5,0,73,15.87,51.74
2026-06-21 10:06:27,4,4,0,63,17.147,48.288
2026-06-21 10:11:27,21,21,0,92,18.167,45.032
2026-06-21 10:16:27,2,3,0,45,19.208,42.22
2026-06-21 10:21:27,3,3,0,56,20.156,40.771
2026-06-21 10:26:27,4,5,0,57,21.016,39.615
2026-06-21 10:31:27,7,8,0,51,21.769,39.216
2026-06-21 10:36:27,6,6,0,37,22.506,38.129
2026-06-21 10:41:27,4,4,0,26,23.195,41.078
2026-06-21 10:46:27,5,5,0,60,23.55,35.817
2026-06-21 10:51:27,3,4,0,45,24.036,37.269
2026-06-21 10:56:27,4,4,0,43,24.196,36.262
2026-06-21 11:01:27,6,6,0,22,24.458,42.762
2026-06-21 11:06:27,4,6,0,13,25.238,41.347
2026-06-21 11:11:27,6,7,0,11,25.454,38.835
2026-06-21 11:16:27,5,7,0,13,25.753,40.62
2026-06-21 11:21:27,5,6,0,26,26.041,32.483
2026-06-21 11:26:27,6,6,0,20,26.709,32.033
2026-06-21 11:31:27,8,10,0,15,27.323,30.78
2026-06-21 11:36:27,7,7,0,0,27.855,32.031
2026-06-21 11:41:27,10,10,0,0,27.972,32.977
2026-06-21 11:46:27,6,6,0,0,27.753,29.939
2026-06-21 11:51:27,7,7,0,0,27.7,28.989
2026-06-21 11:56:27,7,8,0,0,27.919,29.363
2026-06-21 12:01:28,8,8,0,0,28.333,28.11
2026-06-21 12:06:27,6,7,0,0,28.562,27.242
2026-06-21 12:11:27,5,5,0,0,28.69,26.759
2026-06-21 12:16:28,8,8,0,0,28.941,32.933
2026-06-21 12:21:27,6,6,0,0,29.176,26.202
2026-06-21 12:26:28,8,11,0,0,29.318,27.179
2026-06-21 12:31:27,3,3,0,0,29.516,33.275
2026-06-21 12:36:27,3,4,0,0,29.857,24.528
2026-06-21 12:41:27,3,3,0,0,29.991,24.028
2026-06-21 12:46:28,2,2,0,0,30.215,24.348
2026-06-21 12:51:27,3,3,0,0,29.983,28.907
2026-06-21 12:56:28,0,0,0,0,29.892,23.139
2026-06-21 13:01:27,0,1,0,0,29.945,23.551
2026-06-21 13:06:27,1,1,0,0,29.849,23.019
2026-06-21 13:11:28,1,1,0,0,29.678,22.372
2026-06-21 13:16:27,0,0,0,0,29.761,22.182
2026-06-21 13:21:28,0,1,0,0,30.012,31.463
2026-06-21 13:26:27,0,0,0,0,29.905,20.814
2026-06-21 13:31:27,0,0,0,0,30.14,20.867
2026-06-21 13:36:28,0,0,0,0,29.809,26.914
2026-06-21 13:41:28,0,0,0,0,29.833,28.178
2026-06-21 13:46:28,0,0,0,0,29.903,20.305
2026-06-21 13:51:28,1,1,0,0,30.09,19.347
2026-06-21 13:56:28,1,1,0,0,30.298,19.698
2026-06-21 14:01:28,0,0,0,0,30.431,19.996
2026-06-21 14:06:28,0,0,0,0,30.706,20.091
2026-06-21 14:11:28,0,0,0,0,30.674,19.677
2026-06-21 14:16:27,0,0,0,0,30.621,19.942
2026-06-21 14:21:28,0,0,0,0,30.434,18.472
2026-06-21 14:26:28,0,0,0,0,30.183,18.84
2026-06-21 14:31:28,0,0,0,0,29.588,27.181
2026-06-21 14:36:28,0,0,0,0,29.283,19.639
2026-06-21 14:41:29,0,0,0,0,29.144,20.251
2026-06-21 14:46:28,0,0,0,0,29.075,20.696
2026-06-21 14:51:28,0,0,0,0,28.939,20.345
2026-06-21 14:56:28,0,0,0,0,28.827,20.593
2026-06-21 15:01:28,0,0,0,0,28.399,19.872
2026-06-21 15:06:28,0,0,0,0,28.303,27.085
2026-06-21 15:11:28,0,0,0,0,28.148,21.182
2026-06-21 15:16:29,0,0,0,0,27.895,23.259
2026-06-21 15:21:28,0,0,0,0,27.638,24.491
2026-06-21 15:26:28,0,0,0,0,27.291,22.17
2026-06-21 15:31:28,0,0,0,0,27.142,27.619
2026-06-21 15:36:28,0,0,0,0,26.976,26.546
2026-06-21 15:41:28,0,0,0,0,26.893,22.166
2026-06-21 15:46:28,0,0,0,0,26.754,22.687
2026-06-21 15:51:28,0,0,0,0,26.498,24.243
2026-06-21 15:56:28,0,0,0,0,26.327,30
2026-06-21 16:02:51,0,0,0,0,26.076,23.927
2026-06-21 16:06:28,0,0,0,0,25.985,24.93
2026-06-21 16:11:28,0,0,0,0,25.809,23.74
2026-06-21 16:16:28,0,0,0,0,25.494,24.255
2026-06-21 16:21:28,0,0,0,0,25.427,25.006
2026-06-21 16:26:28,0,0,0,0,25.096,25.292
2026-06-21 16:31:28,0,0,0,0,24.829,26.046
2026-06-21 16:36:28,0,0,0,0,24.503,26.523
2026-06-21 16:41:28,0,0,0,0,24.354,29.492
2026-06-21 16:46:28,0,0,0,0,23.94,28.8
2026-06-21 16:51:28,0,0,0,0,23.657,30.158
2026-06-21 16:56:28,0,0,0,0,23.299,28.93
2026-06-21 17:01:28,0,0,0,0,22.979,30.477
2026-06-21 17:06:28,0,0,0,0,22.626,31.306
2026-06-21 17:11:28,0,0,0,0,22.175,32.457
2026-06-21 17:16:28,1,1,0,0,21.587,33.487
2026-06-21 17:21:28,0,0,0,0,20.829,34.839
2026-06-21 17:26:29,0,0,0,0,20.257,36.147
2026-06-21 17:31:28,0,0,0,0,19.691,37.435
2026-06-21 17:33:51,0,0,0,0,18.671,41.726
2026-06-21 17:38:50,0,0,0,117,18.858,39.188
2026-06-21 17:43:51,7,7,0,88,18.452,39.476
2026-06-21 17:48:50,2,3,0,91,18.049,40.37
2026-06-21 17:53:51,0,1,0,121,17.702,38.734
2026-06-21 17:58:50,0,0,0,84,17.387,41.753
2026-06-21 18:03:51,0,0,0,78,17.061,41.28
2026-06-21 18:08:50,0,0,0,88,16.709,43.399
2026-06-21 18:13:51,0,0,0,61,16.487,43.765
2026-06-21 18:18:51,0,0,0,76,16.247,44.399
2026-06-21 18:23:50,0,0,0,33,16.049,44.565
2026-06-21 18:28:51,0,0,0,54,15.851,45.627
2026-06-21 18:33:51,0,0,0,51,15.665,46.588
2026-06-21 18:38:50,0,0,0,70,15.464,47.29
2026-06-21 18:43:51,0,0,0,126,15.235,47.834
2026-06-21 18:48:51,0,0,0,145,15.042,47.168
2026-06-21 18:53:51,0,0,0,116,14.871,46.821
2026-06-21 18:58:51,0,0,0,137,14.733,49.243
2026-06-21 19:03:51,0,0,0,120,14.575,49.415
2026-06-21 19:08:51,0,0,0,72,14.415,45.967
2026-06-21 19:13:51,0,0,0,69,14.26,50.464
2026-06-21 19:18:51,0,0,0,74,14.217,49.69
2026-06-21 19:23:51,0,0,0,85,14.116,50.558
2026-06-21 19:28:51,0,0,0,98,14.022,50.504
2026-06-21 19:33:51,0,0,0,99,13.942,50.754
2026-06-21 19:38:51,0,1,0,80,13.835,51.2
2026-06-21 19:43:51,0,0,0,109,13.713,51.24
2026-06-21 19:48:51,0,0,0,136,13.552,51.7
2026-06-21 19:53:51,0,0,0,144,13.352,52.227
2026-06-21 19:58:51,1,1,0,177,13.144,52.162
2026-06-21 20:03:51,0,0,0,141,12.984,53.23
2026-06-21 20:08:51,0,0,0,154,12.861,53.558
2026-06-21 20:13:51,0,0,0,141,12.695,54.264
2026-06-21 20:18:51,0,0,0,251,12.559,49.957
2026-06-21 20:23:51,0,0,0,333,12.425,54.927
2026-06-21 20:28:51,0,0,0,324,12.372,54.842
2026-06-21 20:33:51,0,0,0,302,12.26,55.492
2026-06-21 20:38:51,0,1,0,320,12.185,54.948
2026-06-21 20:43:51,1,1,0,327,12.086,54.386
2026-06-21 20:48:51,0,0,0,303,11.926,54.931
2026-06-21 20:53:51,0,0,0,315,11.782,55.027
2026-06-21 20:58:51,1,1,0,356,11.579,55.517
2026-06-21 21:03:51,1,1,0,334,11.392,55.543
2026-06-21 21:08:51,3,3,0,361,11.202,55.311
2026-06-21 21:13:51,1,3,0,373,10.962,55.793
2026-06-21 21:18:51,6,8,0,383,10.791,56.758
2026-06-21 21:23:51,16,18,0,439,10.647,53.245
2026-06-21 21:28:51,10,12,0,440,10.481,50.903
2026-06-21 21:33:51,14,14,0,375,10.367,58.155
2026-06-21 21:38:51,12,12,0,407,10.238,58.78
2026-06-21 21:43:51,20,21,0,433,10.137,58.904
2026-06-21 21:48:51,15,17,0,448,10.051,59.011
2026-06-21 21:53:52,15,16,0,503,9.939,58.53
2026-06-21 21:58:51,29,32,0,578,9.841,56.352
2026-06-21 22:03:51,26,29,0,570,9.739,59.524
2026-06-21 22:08:51,25,28,0,518,9.632,59.219
2026-06-21 22:13:51,46,55,0,730,9.531,59.976
2026-06-21 22:18:52,54,66,0,819,9.408,55.183
2026-06-21 22:23:52,57,71,0,825,9.293,60.604
2026-06-21 22:28:51,55,68,0,775,9.202,60.81
2026-06-21 22:33:51,51,62,0,661,9.154,60.615
2026-06-21 22:38:51,46,56,0,632,9.101,58.626
2026-06-21 22:43:52,51,63,0,666,9.01,60.163
2026-06-21 22:48:51,57,71,0,783,8.943,61.214
2026-06-21 22:53:52,57,71,0,888,8.858,50.43
2026-06-21 22:58:51,57,72,0,819,8.788,52.56
2026-06-21 23:03:52,55,67,0,777,8.751,50.632
2026-06-21 23:08:52,55,66,0,674,8.74,54.058
2026-06-21 23:13:52,50,60,0,639,8.706,56.982
2026-06-21 23:18:52,50,64,0,639,8.679,61.411
2026-06-21 23:23:52,50,60,0,586,8.636,61.124
2026-06-21 23:28:52,48,58,0,553,8.572,61.948
2026-06-21 23:33:52,48,58,0,577,8.519,61.918
2026-06-21 23:38:52,48,58,0,529,8.404,62.091
2026-06-21 23:43:51,48,58,0,555,8.356,62.729
2026-06-21 23:48:52,47,57,0,575,8.254,62.475
2026-06-21 23:53:51,49,59,0,595,8.201,63.627
2026-06-21 23:58:52,47,57,0,578,8.132,62.986
2026-06-22 00:03:52,34,38,0,426,7.947,61.945
2026-06-22 00:08:52,28,29,0,325,7.712,61.224
2026-06-22 00:13:52,27,31,0,285,7.493,62.025
2026-06-22 00:18:52,29,29,0,302,7.328,59.522
2026-06-22 00:23:52,28,31,0,391,7.189,53.607
2026-06-22 00:28:52,28,29,0,321,7.021,64.083
2026-06-22 00:33:52,28,29,0,319,6.935,64.911
2026-06-22 00:38:52,33,37,0,367,6.914,65.462
2026-06-22 00:43:52,37,38,0,462,6.887,52.976
2026-06-22 00:48:52,41,46,0,461,6.893,64.884
2026-06-22 00:53:52,41,45,0,436,6.901,64.613
2026-06-22 00:58:52,41,45,0,459,6.89,63.829
2026-06-22 01:03:52,40,42,0,426,6.874,65.149
2026-06-22 01:08:52,42,49,0,467,6.89,65.237
2026-06-22 01:13:52,41,49,0,437,6.858,62.631
2026-06-22 01:18:52,37,39,0,420,6.807,64.966
2026-06-22 01:23:52,37,42,0,424,6.738,64.993
2026-06-22 01:28:52,37,38,0,420,6.706,64.533
2026-06-22 01:33:52,35,38,0,416,6.631,64.411
2026-06-22 01:38:52,35,36,0,417,6.588,64.529
2026-06-22 01:43:52,30,32,0,391,6.537,64.443
2026-06-22 01:48:52,36,39,0,377,6.484,63.472
2026-06-22 01:53:52,31,33,0,354,6.425,63.73
2026-06-22 01:58:52,34,34,0,368,6.345,59.883
2026-06-22 02:03:52,31,31,0,365,6.244,65.294
2026-06-22 02:08:52,32,33,0,366,6.177,66.04
2026-06-22 02:13:52,30,33,0,399,6.193,55.027
2026-06-22 02:18:52,31,32,0,402,6.188,54.302
2026-06-22 02:23:52,35,35,0,432,6.193,56.272
2026-06-22 02:28:52,33,37,0,367,6.188,65.464
2026-06-22 02:33:52,30,32,0,386,6.222,65.277
2026-06-22 02:38:52,30,32,0,418,6.233,65.456
2026-06-22 02:43:52,35,35,0,391,6.19,65.555
2026-06-22 02:48:52,29,31,0,356,6.131,64.02
2026-06-22 02:53:52,28,29,0,337,5.993,63.841
2026-06-22 02:58:52,28,28,0,340,5.856,63.554
2026-06-22 03:03:52,25,29,0,336,5.755,63.8
2026-06-22 03:08:52,26,29,0,321,5.643,65.324
2026-06-22 03:13:52,33,34,0,348,5.579,65.645
2026-06-22 03:18:52,29,29,0,322,5.557,65.696
2026-06-22 03:23:52,34,34,0,338,5.517,65.901
2026-06-22 03:28:53,29,33,0,337,5.491,66.04
2026-06-22 03:33:52,31,32,0,315,5.448,64.821
2026-06-22 03:38:52,25,28,0,341,5.437,57.893
2026-06-22 03:43:52,34,36,0,322,5.373,64.287
2026-06-22 03:48:52,32,34,0,349,5.306,65.462
2026-06-22 03:53:52,29,33,0,334,5.258,65.281
2026-06-22 03:58:53,28,28,0,343,5.178,66.419
2026-06-22 04:03:52,31,32,0,326,5.103,65.75
2026-06-22 04:08:53,30,31,0,338,5.061,66.488
2026-06-22 04:13:52,30,33,0,309,5.026,64.687
2026-06-22 04:18:52,30,30,0,319,4.983,64.905
2026-06-22 04:23:52,28,28,0,285,4.908,65.82
2026-06-22 04:28:53,28,28,0,333,4.818,61.391
2026-06-22 04:33:53,26,28,0,328,4.727,65.483
2026-06-22 04:38:53,25,29,0,333,4.644,62.383
2026-06-22 04:43:53,19,22,0,322,4.596,66.013
2026-06-22 04:48:53,21,23,0,348,4.58,59.772
2026-06-22 04:53:53,14,18,0,310,4.58,66.541
2026-06-22 04:58:52,23,24,0,327,4.607,66.919
2026-06-22 05:03:53,25,25,0,311,4.593,66.486
2026-06-22 05:08:52,17,22,0,335,4.625,66.684
2026-06-22 05:13:53,15,15,0,334,4.668,62.921
2026-06-22 05:18:53,17,19,0,327,4.689,66.795
2026-06-22 05:23:53,15,19,0,322,4.727,67.127
2026-06-22 05:28:53,18,18,0,304,4.756,65.784
2026-06-22 05:33:52,17,19,0,317,4.703,65.103
2026-06-22 05:38:53,17,21,0,331,4.66,65.74
2026-06-22 05:43:53,11,14,0,342,4.607,66.951
2026-06-22 05:48:53,25,26,0,355,4.601,67.339
2026-06-22 05:53:53,25,26,0,367,4.535,67.121
2026-06-22 05:58:52,29,34,0,370,4.503,66.646
2026-06-22 06:03:53,25,29,0,373,4.492,66.23
2026-06-22 06:08:53,22,24,0,436,4.444,67.396
2026-06-22 06:13:53,17,18,0,381,4.369,66.118
2026-06-22 06:18:53,22,23,0,392,4.302,66.786
2026-06-22 06:23:53,17,22,0,377,4.228,66.545
2026-06-22 06:28:53,24,25,0,369,4.174,65.521
2026-06-22 06:33:53,20,21,0,386,4.089,65.324
2026-06-22 06:38:53,26,26,0,401,4.041,67.039
2026-06-22 06:43:53,24,25,0,360,3.979,68.756
2026-06-22 06:48:53,20,24,0,501,3.99,66.747
2026-06-22 06:53:53,22,24,0,559,3.963,64.18
2026-06-22 06:58:53,24,25,0,476,3.926,67.037
2026-06-22 07:03:53,22,26,0,438,3.883,68.619
2026-06-22 07:08:53,23,23,0,465,3.832,66.435
2026-06-22 07:13:53,20,24,0,433,3.768,66.227
2026-06-22 07:18:53,14,19,0,444,3.683,66.864
2026-06-22 07:23:53,19,22,0,454,3.629,67.495
2026-06-22 07:28:53,20,21,0,452,3.587,66.082
2026-06-22 07:33:53,17,20,0,445,3.536,67.14
2026-06-22 07:38:53,14,19,0,423,3.493,68.617
2026-06-22 07:43:53,22,25,0,473,3.477,68.178
2026-06-22 07:48:53,21,23,0,430,3.461,68.674
2026-06-22 07:53:53,30,32,0,908,3.504,69.278
2026-06-22 07:58:53,30,32,0,828,3.517,69.639
2026-06-22 08:03:53,32,36,0,805,3.571,70.074
2026-06-22 08:08:53,26,31,0,556,3.645,69.41
2026-06-22 08:13:53,18,18,0,407,3.709,71.411
2026-06-22 08:18:53,20,21,0,380,3.838,71.739
2026-06-22 08:23:53,12,12,0,357,3.958,71.857
2026-06-22 08:28:53,7,9,0,352,4.086,72.225
2026-06-22 08:33:53,12,16,0,333,4.252,72.004
2026-06-22 08:38:53,15,18,0,438,4.396,63.095
2026-06-22 08:43:53,14,14,0,388,4.551,68.285
2026-06-22 08:48:53,18,21,0,406,4.73,69.761
2026-06-22 08:53:53,32,32,0,483,4.911,70.74
2026-06-22 08:58:53,25,26,0,447,5.189,65.048
2026-06-22 09:03:53,23,23,0,423,5.44,70.791
2026-06-22 09:08:53,20,26,0,432,5.755,70.419
2026-06-22 09:13:53,25,30,0,450,6.094,69.408
2026-06-22 09:18:53,31,31,0,473,7.007,66.818
2026-06-22 09:23:53,31,33,0,496,8.967,60.339
2026-06-22 09:28:53,35,35,0,465,10.981,53.741
2026-06-22 09:33:53,36,40,0,473,12.706,48.511
2026-06-22 09:38:53,35,39,0,468,14.124,44.566
2026-06-22 09:43:53,37,41,0,469,15.245,42.053
2026-06-22 09:48:53,36,41,0,476,16.137,40.214
2026-06-22 09:53:53,36,40,0,452,17.05,38.528
2026-06-22 09:58:53,37,43,0,465,17.884,37.12
2026-06-22 10:03:53,38,43,0,461,18.682,35.379
2026-06-22 10:08:53,36,41,0,423,19.392,35.152
2026-06-22 10:13:53,35,38,0,406,19.825,33.088
2026-06-22 10:18:53,31,35,0,333,20.375,40.574
2026-06-22 10:23:53,33,37,0,348,20.786,32.169
2026-06-22 10:28:54,33,37,0,320,21.141,31.821
2026-06-22 10:33:53,26,28,0,282,21.761,37.668
2026-06-22 10:38:54,32,33,0,319,22.242,29.346
2026-06-22 10:48:53,21,21,0,272,23.363,26.954
2026-06-22 10:53:53,18,18,0,187,24.049,34.564
2026-06-22 10:58:53,11,16,0,163,24.642,35.39
2026-06-22 11:03:54,19,20,0,167,25.043,32.109
2026-06-22 11:08:53,20,20,0,180,24.802,28.56
2026-06-22 11:13:54,13,17,0,204,25.134,24.64
2026-06-22 11:18:53,18,18,0,183,25.67,23.381
2026-06-22 11:23:54,13,18,0,165,26.461,24.627
2026-06-22 11:28:54,12,14,0,162,27.224,21.93
2026-06-22 11:33:54,9,11,0,146,27.833,21.401
2026-06-22 11:38:54,12,14,0,140,28.389,20.776
2026-06-22 11:43:54,10,10,0,96,28.584,29.988
2026-06-22 11:48:54,11,14,0,133,29.038,20.125
2026-06-22 11:53:54,12,13,0,139,29.433,19.696
2026-06-22 11:58:53,14,14,0,145,29.513,20.364
2026-06-22 12:03:54,11,12,0,150,29.967,19.853
2026-06-22 12:08:53,7,7,0,73,30.626,22.309
2026-06-22 12:13:54,7,8,0,91,30.856,23.187
2026-06-22 12:18:53,12,13,0,117,31.043,19.517
2026-06-22 12:23:54,6,6,0,76,31.289,17.383
2026-06-22 12:28:53,7,8,0,47,31.695,21.96
2026-06-22 12:33:54,12,12,0,81,32.05,17.88
2026-06-22 12:38:54,7,7,0,53,32.333,19.795
2026-06-22 12:43:54,9,9,0,67,32.29,22.182
2026-06-22 12:48:54,5,5,0,47,32.311,16.612
2026-06-22 12:53:54,5,5,0,58,32.434,16.665
2026-06-22 12:58:54,5,5,0,43,32.576,23.431
2026-06-22 13:03:54,5,5,0,26,32.533,16.251
2026-06-22 13:08:54,6,6,0,28,32.565,15.767
2026-06-22 13:13:54,6,7,0,23,32.704,16.4
2026-06-22 13:18:54,3,3,0,0,32.971,19.488
2026-06-22 13:23:54,5,5,0,17,32.749,16.091
2026-06-22 13:28:54,3,3,0,19,32.776,18.044
2026-06-22 13:33:54,5,5,0,29,32.819,18.065
2026-06-22 13:38:54,0,0,0,43,32.434,16.709
2026-06-22 13:43:54,4,4,0,4,32.755,26.912
2026-06-22 13:48:54,5,5,0,7,32.859,26.5
2026-06-22 13:53:54,3,3,0,86,32.65,16.543
2026-06-22 13:58:54,4,4,0,17,32.971,25.647
2026-06-22 14:03:54,2,3,0,62,32.506,16.112
2026-06-22 14:08:54,5,5,0,80,32.592,16.843
2026-06-22 14:13:54,3,4,0,23,33.385,26.534
2026-06-22 14:18:54,4,4,0,61,33.379,18.584
2026-06-22 14:23:54,4,4,0,78,33.369,15.977
2026-06-22 14:28:54,4,5,0,27,33.492,15.231
2026-06-22 14:33:54,3,3,0,34,33.753,15.185
2026-06-22 14:38:54,3,3,0,10,33.82,22.63
2026-06-22 14:43:54,2,3,0,37,33.639,15.117
2026-06-22 14:48:54,5,6,0,24,33.676,26.12
2026-06-22 14:53:54,7,7,0,49,33.606,15.166
2026-06-22 14:58:54,3,3,0,25,33.788,14.483
2026-06-22 15:03:54,1,2,0,36,33.93,21.01
2026-06-22 15:08:54,0,0,0,10,33.791,14.352
2026-06-22 15:13:54,1,1,0,24,33.518,14.581
2026-06-22 15:18:55,3,3,0,24,33.47,20.844
2026-06-22 15:23:54,0,0,0,9,33.315,14.233
2026-06-22 15:28:54,1,2,0,13,33.115,14.327
2026-06-22 15:33:54,0,0,0,0,32.741,16.625
2026-06-22 15:38:54,0,0,0,0,31.887,13.688
2026-06-22 15:43:55,0,0,0,3,31.123,13.97
2026-06-22 15:48:54,1,1,0,35,30.589,14.644
2026-06-22 15:53:54,0,0,0,4,29.983,17.064
2026-06-22 15:58:54,0,0,0,17,29.545,17.842
2026-06-22 16:04:17,0,0,0,0,28.754,18.628
2026-06-22 16:08:54,0,0,0,0,28.365,22.153
2026-06-22 16:13:54,2,3,0,36,27.863,21.407
2026-06-22 16:18:55,0,0,0,0,27.296,21.232
2026-06-22 16:23:54,2,2,0,1,26.907,23.337
2026-06-22 16:28:55,2,3,0,4,26.378,24.491
2026-06-22 16:33:54,3,3,0,5,25.916,24.484
2026-06-22 16:38:55,2,2,0,19,25.483,23.932
2026-06-22 16:43:54,2,4,0,62,25.259,24.478
2026-06-22 16:48:54,1,1,0,37,24.88,24.802
2026-06-22 16:53:54,1,1,0,39,24.458,25.527
2026-06-22 16:58:55,0,0,0,18,23.873,26.158
2026-06-22 17:03:54,0,0,0,31,23.024,27.494
2026-06-22 17:08:55,0,1,0,64,22.314,28.63
2026-06-22 17:13:54,2,2,0,92,21.587,29.435
2026-06-22 17:18:55,1,1,0,95,21.31,30.231
2026-06-22 17:23:55,1,1,0,67,20.922,30.872
2026-06-22 17:28:55,4,4,0,163,20.436,31.446
2026-06-22 17:33:55,2,2,0,77,19.982,31.688
2026-06-22 17:38:54,5,5,0,121,19.539,32.09
2026-06-22 17:43:55,3,3,0,146,19.117,33.698
2026-06-22 17:48:54,0,0,0,91,18.719,34.209
2026-06-22 17:53:55,1,1,0,85,18.281,35.791
2026-06-22 17:58:55,0,0,0,98,17.988,36.546
2026-06-22 18:03:54,0,1,0,152,17.731,36.893
2026-06-22 18:08:55,2,2,0,154,17.48,34.978
2026-06-22 18:13:55,4,4,0,210,17.243,34.927
2026-06-22 18:18:55,2,2,0,173,16.954,38.419
2026-06-22 18:23:55,3,3,0,198,16.687,38.472
2026-06-22 18:28:54,7,7,0,461,16.484,39.874
2026-06-22 18:33:55,3,4,0,287,16.308,36.269
2026-06-22 18:38:55,7,7,0,236,16.135,40.025
2026-06-22 18:43:55,4,4,0,100,15.932,40.918
2026-06-22 18:48:55,7,7,0,195,15.782,37.296
2026-06-22 18:53:55,3,4,0,180,15.6,42.06
2026-06-22 18:58:55,1,1,0,90,15.424,37.418
2026-06-22 19:03:55,6,6,0,192,15.272,37.868
2026-06-22 19:08:55,5,6,0,283,15.117,41.967
2026-06-22 19:13:55,4,4,0,329,14.968,43.718
2026-06-22 19:18:55,3,3,0,379,14.797,43.844
2026-06-22 19:23:55,5,5,0,354,14.556,44.195
2026-06-22 19:28:55,3,4,0,358,14.308,44.511
2026-06-22 19:33:55,4,4,0,388,13.993,45.44
2026-06-22 19:38:55,2,2,0,380,13.737,46.253
2026-06-22 19:43:55,2,2,0,324,13.512,47.153
2026-06-22 19:48:55,2,2,0,342,13.309,47.487
2026-06-22 19:53:55,2,2,0,388,13.098,46.634
2026-06-22 19:58:55,5,5,0,359,12.981,48.635
2026-06-22 20:03:55,4,4,0,371,12.879,48.974
2026-06-22 20:08:55,12,12,0,641,12.762,49.695
2026-06-22 20:13:55,15,16,0,736,12.676,49.44
2026-06-22 20:18:55,22,25,0,462,12.62,50.775
2026-06-22 20:23:55,2,3,0,303,12.54,50.983
2026-06-22 20:28:55,3,3,0,363,12.428,49.346
2026-06-22 20:33:55,7,7,0,360,12.172,49.222
2026-06-22 20:38:55,10,10,0,349,11.851,49.779
2026-06-22 20:43:55,10,12,0,350,11.544,49.896
2026-06-22 20:48:55,12,12,0,349,11.315,50.546
2026-06-22 20:53:55,17,19,0,374,11.053,50.397
2026-06-22 20:58:55,10,14,0,366,10.797,51.958
2026-06-22 21:03:55,15,17,0,413,10.572,49.514
2026-06-22 21:08:55,28,31,0,411,10.356,52.391
2026-06-22 21:13:55,45,53,0,592,10.185,53.312
2026-06-22 21:18:55,49,58,0,631,10.03,53.319
2026-06-22 21:23:55,46,56,0,599,9.886,53.516
2026-06-22 21:28:55,48,59,0,663,9.774,54.288
2026-06-22 21:33:55,49,58,0,611,9.643,54.325
2026-06-22 21:38:55,54,66,0,736,9.547,50.476
2026-06-22 21:43:55,55,68,0,740,9.477,55.349
2026-06-22 21:48:55,59,73,0,696,9.429,55.341
2026-06-22 21:53:55,61,76,0,734,9.349,55.265
2026-06-22 21:58:55,60,73,0,700,9.272,54.504
2026-06-22 22:04:59,62,79,0,804,9.154,50.733
2026-06-22 22:08:57,65,81,0,846,9.013,56.028
2026-06-22 22:13:55,63,78,0,810,8.887,56.373
2026-06-22 22:18:55,69,83,0,810,8.812,56.472
2026-06-22 22:23:55,65,79,0,895,8.775,57.02
2026-06-22 22:28:56,62,77,0,871,8.674,56.903
2026-06-22 22:33:55,62,77,0,761,8.607,57.136
2026-06-22 22:38:56,60,74,0,769,8.516,57.581
2026-06-22 22:43:55,60,75,0,752,8.468,57.569
2026-06-22 22:48:55,60,76,0,729,8.345,55.295
2026-06-22 22:53:55,57,73,0,721,8.169,55.458
2026-06-22 22:58:56,57,72,0,673,7.99,55.828
2026-06-22 23:03:55,58,73,0,661,7.83,56.217
2026-06-22 23:08:55,60,76,0,685,7.675,56.8
2026-06-22 23:13:55,57,71,0,630,7.536,58.029
2026-06-22 23:18:55,64,82,0,743,7.435,58.157
2026-06-22 23:23:56,61,75,0,679,7.346,57.563
2026-06-22 23:28:55,82,93,0,885,7.234,57.912
2026-06-22 23:33:56,82,96,0,963,7.133,59.707
2026-06-22 23:38:55,78,91,0,937,7.085,60.037
2026-06-22 23:43:55,70,86,0,858,7.053,58.942
2026-06-22 23:48:56,68,84,0,887,7.055,56.205
2026-06-22 23:53:56,63,79,0,775,6.991,58.895
2026-06-22 23:58:56,62,78,0,800,6.991,61.399
2026-06-23 00:03:55,63,79,0,821,6.949,60.915
2026-06-23 00:08:55,64,82,0,851,6.927,59.984
2026-06-23 00:13:56,63,77,0,747,6.866,60.155
2026-06-23 00:18:56,60,72,0,694,6.807,59.476
2026-06-23 00:23:56,53,65,0,547,6.722,59.255
2026-06-23 00:28:56,50,59,0,457,6.556,58.849
2026-06-23 00:33:56,44,57,0,421,6.433,59.486
2026-06-23 00:38:56,45,53,0,415,6.286,59.238
2026-06-23 00:43:56,45,52,0,456,6.196,60.054
2026-06-23 00:48:56,44,51,0,433,6.11,60.142
2026-06-23 00:53:56,43,49,0,399,6.03,60.783
2026-06-23 00:58:56,45,54,0,378,5.918,59.915
2026-06-23 01:03:56,44,52,0,404,5.776,59.768
2026-06-23 01:08:56,42,47,0,394,5.637,60.695
2026-06-23 01:13:56,42,48,0,382,5.541,60.936
2026-06-23 01:18:56,40,44,0,385,5.467,60.96
2026-06-23 01:23:55,38,43,0,392,5.392,62.17
2026-06-23 01:28:56,41,43,0,407,5.346,51.166
2026-06-23 01:33:56,46,52,0,503,5.325,48.421
2026-06-23 01:38:56,46,55,0,548,5.186,49.547
2026-06-23 01:43:56,45,56,0,436,5.042,62.061
2026-06-23 01:48:56,53,63,0,667,4.908,52.009
2026-06-23 01:53:56,50,61,0,689,4.852,51.818
2026-06-23 01:58:56,45,60,0,623,4.884,64.075
2026-06-23 02:03:56,49,61,0,650,4.938,63.583
2026-06-23 02:08:56,52,62,0,635,4.943,62.017
2026-06-23 02:13:56,48,57,0,639,4.922,62.286
2026-06-23 02:18:56,47,58,0,581,4.892,62.536
2026-06-23 02:23:56,44,49,0,550,4.839,50.537
2026-06-23 02:28:56,38,45,0,418,4.796,61.502
2026-06-23 02:33:56,41,45,0,442,4.738,51.954
2026-06-23 02:38:56,35,35,0,419,4.641,53.718
2026-06-23 02:43:56,34,35,0,440,4.601,62.471
2026-06-23 02:48:56,31,32,0,418,4.644,63.995
2026-06-23 02:53:56,36,38,0,414,4.66,62.515
2026-06-23 02:58:56,38,40,0,415,4.687,62.021
2026-06-23 03:03:56,39,39,0,438,4.676,61.954
2026-06-23 03:08:56,39,43,0,444,4.668,62.368
2026-06-23 03:13:56,32,35,0,436,4.689,56.997
2026-06-23 04:23:58,26,26,0,435,4.975,60.232
2026-06-23 05:13:58,51,63,0,571,3.846,62.402
2026-06-23 05:18:57,35,35,0,507,3.752,61.643
2026-06-23 05:23:57,32,33,0,518,3.635,60.674
2026-06-23 05:28:57,30,33,0,486,3.517,61.7
2026-06-23 05:33:57,32,34,0,485,3.394,61.315
2026-06-23 05:38:56,27,29,0,504,3.266,62.164
2026-06-23 05:43:57,29,29,0,516,3.162,60.903
2026-06-23 05:48:57,33,36,0,513,3.093,58.229
2026-06-23 05:53:57,29,32,0,559,3.061,62.555
2026-06-23 05:58:57,29,32,0,507,3.05,61.012
2026-06-23 06:03:57,31,32,0,551,3.002,57.79
2026-06-23 06:08:57,31,34,0,506,2.988,62.462
2026-06-23 06:13:57,30,32,0,495,2.978,61.586
2026-06-23 06:18:57,25,25,0,472,2.882,62.13
2026-06-23 06:23:57,25,25,0,493,2.839,61.685
2026-06-23 06:28:57,25,27,0,532,2.823,63.677
2026-06-23 06:33:57,27,30,0,531,2.82,64.277
2026-06-23 06:38:57,27,30,0,505,2.799,63.802
2026-06-23 06:43:57,29,31,0,485,2.799,63.526
2026-06-23 06:48:57,30,31,0,629,2.81,63.553
2026-06-23 06:53:57,26,26,0,539,2.799,65.677
2026-06-23 06:58:57,31,32,0,557,2.834,56.314
2026-06-23 07:03:57,27,27,0,493,2.882,66.959
2026-06-23 07:08:57,25,27,0,469,2.972,67.518
2026-06-23 07:13:57,17,21,0,410,3.042,63.598
2026-06-23 07:18:59,23,27,0,484,3.053,64.67
2026-06-23 07:23:58,23,25,0,445,3.039,64.39
2026-06-23 07:28:57,18,20,0,449,3.002,63.127
2026-06-23 07:33:57,26,27,0,444,2.911,62.41
2026-06-23 07:38:57,24,24,0,442,2.812,61.092
2026-06-23 07:44:00,26,27,0,480,2.748,63.869
2026-06-23 07:49:00,31,31,0,583,2.679,62.542
2026-06-23 07:53:57,24,26,0,529,2.655,64.31
2026-06-23 07:58:57,27,29,0,564,2.628,63.512
2026-06-23 08:03:58,29,29,0,585,2.575,58.956
2026-06-23 08:08:57,26,26,0,564,2.583,61.687
2026-06-23 08:13:57,30,31,0,680,2.588,65.057
2026-06-23 08:18:57,30,31,0,656,2.663,64.8
2026-06-23 08:23:57,34,39,0,793,2.748,61.243
2026-06-23 08:28:57,39,42,0,899,2.895,62.847
2026-06-23 08:33:57,49,58,0,819,3.114,63.549
2026-06-23 08:38:57,58,72,0,791,3.381,62.267
2026-06-23 08:43:57,58,70,0,747,3.734,62.193
2026-06-23 08:48:57,53,65,0,732,4.062,58.412
2026-06-23 08:53:57,53,62,0,732,4.43,59.171
2026-06-23 08:58:57,68,84,0,701,4.756,60.213
2026-06-23 09:03:57,58,70,0,632,5.103,55.458
2026-06-23 09:08:57,41,45,0,529,5.499,55.534
2026-06-23 09:13:57,38,39,0,518,6.019,56.074
2026-06-23 09:18:57,35,37,0,519,7.045,52.957
2026-06-23 09:23:57,35,35,0,460,9.063,47.388
2026-06-23 09:28:57,39,41,0,494,11.162,41.595
2026-06-23 09:33:57,39,42,0,487,12.866,38.137
2026-06-23 09:38:57,42,49,0,515,14.199,36.649
2026-06-23 09:43:57,54,65,0,515,15.315,34.135
2026-06-23 09:48:57,52,65,0,487,16.212,32.342
2026-06-23 09:53:58,51,63,0,467,16.938,32.806
2026-06-23 09:58:58,47,56,0,460,17.55,31.339
2026-06-23 10:03:59,43,51,0,437,18.148,29.412
2026-06-23 10:08:57,39,46,0,401,18.853,28.852
2026-06-23 10:13:57,39,45,0,439,19.638,26.631
2026-06-23 10:18:57,37,45,0,402,20.447,25.758
2026-06-23 10:23:57,42,50,0,448,21.312,25.403
2026-06-23 10:28:58,40,50,0,433,22.193,24.381
2026-06-23 10:33:57,50,62,0,511,22.802,24.476
2026-06-23 10:38:57,45,54,0,511,23.117,23.185
2026-06-23 10:43:57,56,67,0,563,23.398,24.911
2026-06-23 10:48:57,49,61,0,541,23.51,23.734
2026-06-23 10:53:57,44,54,0,463,23.772,23.765
2026-06-23 10:58:57,38,43,0,359,24.033,24.472
2026-06-23 11:03:57,35,41,0,362,24.327,25.111
2026-06-23 11:08:58,34,37,0,307,24.586,28.144
2026-06-23 11:13:57,35,42,0,379,24.789,22.668
2026-06-23 11:18:58,31,33,0,322,25.328,22.578
2026-06-23 11:23:58,32,35,0,354,25.777,21.066
2026-06-23 11:28:58,29,32,0,345,26.017,21.203
2026-06-23 11:33:58,27,29,0,284,26.346,22.958
2026-06-23 11:38:58,26,27,0,326,26.709,20.081
2026-06-23 11:43:58,27,27,0,311,27.227,19.885
2026-06-23 11:48:58,27,32,0,276,27.991,23.488
2026-06-23 11:53:57,26,27,0,246,28.349,28.667
2026-06-23 11:58:58,27,29,0,330,28.618,17.922
2026-06-23 12:03:58,27,28,0,319,29.067,18.735
2026-06-23 12:08:57,32,34,0,326,29.361,17.835
2026-06-23 12:13:58,27,29,0,237,29.74,26.723
2026-06-23 12:18:58,31,33,0,238,29.638,24.125
2026-06-23 12:23:58,29,33,0,246,29.785,26.856
2026-06-23 12:28:58,27,27,0,215,30.036,25.235
2026-06-23 12:33:58,26,26,0,274,30.148,16.81
2026-06-23 12:38:58,24,24,0,249,30.608,15.935
2026-06-23 12:43:58,24,24,0,247,31.158,15.704
2026-06-23 12:48:58,24,24,0,156,31.331,23.311
2026-06-23 12:53:58,19,21,0,136,31.23,24.596
2026-06-23 12:58:58,21,22,0,189,31.593,14.09
2026-06-23 13:03:58,24,24,0,180,32.229,14.346
2026-06-23 13:08:58,22,22,0,195,32.699,15.246
2026-06-23 13:13:58,22,24,0,131,33.182,24.503
2026-06-23 13:18:58,22,22,0,207,33.241,14.02
2026-06-23 13:23:58,19,19,0,191,33.481,13.64
2026-06-23 13:28:58,22,22,0,168,33.582,20.957
2026-06-23 13:33:58,21,24,0,187,33.657,13.923
2026-06-23 13:38:58,22,22,0,164,33.863,14.516
2026-06-23 13:43:58,21,22,0,89,33.959,24.533
2026-06-23 13:48:58,16,17,0,138,33.895,13.577
2026-06-23 13:53:58,13,13,0,122,34.06,14.024
2026-06-23 13:58:58,8,8,0,91,33.874,13.759
2026-06-23 14:03:58,5,7,0,89,33.956,12.755
2026-06-23 14:08:58,5,5,0,78,34.165,13.32
2026-06-23 14:13:58,6,7,0,50,34.175,20.009
2026-06-23 14:18:58,6,6,0,61,34.074,16.221
2026-06-23 14:23:58,4,4,0,68,34.298,12.54
2026-06-23 14:28:58,3,4,0,60,34.546,12.759
2026-06-23 14:33:58,3,5,0,32,34.675,12.395
2026-06-23 14:38:58,6,6,0,58,34.872,12.938
2026-06-23 14:43:58,5,6,0,104,34.685,12.759
2026-06-23 14:48:58,7,7,0,52,34.525,13.07
2026-06-23 14:53:58,7,7,0,84,34.522,13.427
2026-06-23 14:58:58,8,8,0,48,34.704,16.107
2026-06-23 15:03:58,6,6,0,56,34.464,20.459
2026-06-23 15:08:58,7,7,0,85,33.887,13.762
2026-06-23 15:13:59,4,4,0,97,34.058,15.387
2026-06-23 15:18:59,7,7,0,44,33.879,21.544
2026-06-23 15:23:58,5,5,0,65,33.537,14.205
2026-06-23 15:28:58,4,4,0,75,33.441,14.911
2026-06-23 15:33:58,11,14,0,133,33.185,15.569
2026-06-23 15:38:58,7,8,0,70,32.974,16.148
2026-06-23 15:43:58,13,15,0,91,32.755,17.823
2026-06-23 15:48:59,5,6,0,71,32.397,16.629
2026-06-23 15:53:58,6,6,0,104,32.167,17.732
2026-06-23 15:58:58,6,6,0,110,31.905,17.449
2026-06-23 16:04:10,5,6,0,90,31.743,16.78
2026-06-23 16:08:58,5,6,0,75,31.462,16.742
2026-06-23 16:13:58,4,4,0,79,31.126,18.893
2026-06-23 16:18:58,6,6,0,142,30.763,18.796
2026-06-23 16:23:59,9,9,0,157,30.402,18.504
2026-06-23 16:28:58,8,8,0,81,30.135,17.451
2026-06-23 16:33:59,8,8,0,130,29.943,17.997
2026-06-23 16:38:59,16,16,0,156,29.729,18.746
2026-06-23 16:43:58,3,5,0,120,29.414,19.42
2026-06-23 16:48:58,6,6,0,111,29.048,19.303
2026-06-23 16:53:59,5,6,0,131,28.669,20.017
2026-06-23 16:58:59,7,7,0,117,28.333,19.938
2026-06-23 17:03:59,6,6,0,125,27.905,20.282
2026-06-23 17:08:59,5,8,0,178,27.403,20.816
2026-06-23 17:13:59,7,7,0,209,26.867,21.317
2026-06-23 17:18:59,17,18,0,249,26.226,22.014
2026-06-23 17:23:59,31,34,0,308,25.494,22.696
2026-06-23 17:28:59,33,35,0,470,24.634,23.313
2026-06-23 17:33:58,19,21,0,326,23.844,24.053
2026-06-23 17:38:59,8,8,0,224,23.131,24.68
2026-06-23 17:43:59,7,7,0,328,22.447,25.68
2026-06-23 17:48:58,25,26,0,522,21.801,27.129
2026-06-23 17:53:59,23,24,0,360,21.16,28.8
2026-06-23 17:58:58,33,38,0,309,20.551,29.63
2026-06-23 18:03:59,43,52,0,830,20.009,30.284
2026-06-23 18:08:59,27,28,0,446,19.502,31.827
2026-06-23 18:13:59,48,61,0,494,19.053,32.203
2026-06-23 18:18:59,46,55,0,427,18.53,32.27
2026-06-23 18:23:59,46,56,0,387,18.038,32.737
2026-06-23 18:28:59,51,63,0,361,17.555,33.565
2026-06-23 18:33:59,49,61,0,780,17.144,34.497
2026-06-23 18:38:59,48,60,0,688,16.807,35.318
2026-06-23 18:43:59,43,52,0,749,16.471,36.157
2026-06-23 18:48:59,31,34,0,394,16.209,36.983
2026-06-23 18:53:59,26,28,0,536,15.972,37.946
2026-06-23 18:58:59,34,38,0,773,15.769,38.631
2026-06-23 19:03:59,28,31,0,465,15.603,39.01
2026-06-23 19:08:59,19,23,0,281,15.389,39.094
2026-06-23 19:13:59,21,23,0,277,15.176,39.26
2026-06-23 19:18:59,11,13,0,202,14.981,39.676
2026-06-23 19:23:59,15,17,0,216,14.767,40.031
2026-06-23 19:28:59,11,12,0,191,14.602,40.563
2026-06-23 19:33:59,8,9,0,199,14.442,41.522
2026-06-23 19:38:59,8,9,0,242,14.313,42.241
2026-06-23 19:43:59,9,9,0,254,14.156,42.535
2026-06-23 19:48:59,8,8,0,201,14.006,43.126
2026-06-23 19:53:59,11,11,0,303,13.915,43.329
2026-06-23 19:58:59,11,11,0,338,13.798,43.733
2026-06-23 20:03:59,9,12,0,330,13.696,43.09
2026-06-23 20:08:59,8,9,0,154,13.566,44.513
2026-06-23 20:13:59,8,8,0,233,13.47,44.536
2026-06-23 20:18:59,12,12,0,239,13.347,44.614
2026-06-23 20:23:59,9,9,0,200,13.16,44.404
2026-06-23 20:28:59,13,13,0,210,12.898,44.877
2026-06-23 20:33:59,10,10,0,198,12.628,45.577
2026-06-23 20:38:59,13,13,0,196,12.292,44.937
2026-06-23 20:43:59,20,22,0,192,11.95,46.432
2026-06-23 20:48:59,30,34,0,189,11.662,47.273
2026-06-23 20:54:00,33,39,0,194,11.405,47.899
2026-06-23 20:58:59,34,39,0,200,11.2,48.57
2026-06-23 21:03:59,34,38,0,204,10.986,49.049
2026-06-23 21:08:59,34,35,0,203,10.81,43.662
2026-06-23 21:13:59,36,37,0,287,10.612,48.191
2026-06-23 21:18:59,45,52,0,302,10.489,50.487
2026-06-23 21:23:59,48,59,0,336,10.327,50.748
2026-06-23 21:29:00,51,61,0,352,10.193,51.189
2026-06-23 21:33:59,52,65,0,389,10.027,51.174
2026-06-23 21:38:59,70,82,0,514,9.862,52.684
2026-06-23 21:43:59,60,76,0,416,9.76,51.45
2026-06-23 21:48:59,61,75,0,401,9.582,52.032
2026-06-23 21:53:59,65,78,0,419,9.443,52.009
2026-06-23 21:58:59,87,93,0,542,9.314,53.197
2026-06-23 22:03:59,97,102,0,636,9.133,54.361
2026-06-23 22:08:59,93,98,0,654,9.01,53.966
2026-06-23 22:13:59,87,93,0,620,8.906,53.293
2026-06-23 22:18:59,100,105,0,613,8.81,53.648
2026-06-23 22:23:59,96,101,0,618,8.666,53.611
2026-06-23 22:28:59,82,93,0,543,8.537,53.964
2026-06-23 22:33:59,81,91,0,538,8.468,54.454
2026-06-23 22:38:59,83,94,0,571,8.364,53.333
2026-06-23 22:43:59,79,90,0,476,8.209,53.71
2026-06-23 22:48:59,88,94,0,586,8.043,54.067
2026-06-23 22:53:59,86,96,0,545,7.899,53.382
2026-06-23 22:59:00,80,91,0,513,7.696,54.204
2026-06-23 23:04:00,81,92,0,509,7.517,55.683
2026-06-23 23:08:59,70,85,0,449,7.341,56.514
2026-06-23 23:13:59,61,76,0,374,7.24,55.839
2026-06-23 23:18:59,58,73,0,442,7.122,43.619
2026-06-23 23:24:00,63,77,0,409,6.999,56.993
2026-06-23 23:28:59,64,80,0,419,6.922,56.722
2026-06-23 23:34:00,67,83,0,423,6.906,57.031
2026-06-23 23:39:00,65,83,0,394,6.868,57.062
2026-06-23 23:43:59,66,82,0,410,6.836,57.285
2026-06-23 23:49:00,70,87,0,426,6.767,57.222
2026-06-23 23:54:00,63,79,0,386,6.722,57.096
2026-06-23 23:58:59,60,75,0,373,6.631,57.407
2026-06-24 00:04:00,62,77,0,351,6.529,56.232
2026-06-24 00:09:00,58,71,0,298,6.428,56.018
2026-06-24 00:13:59,54,68,0,273,6.273,55.934
2026-06-24 00:19:00,54,67,0,283,6.147,56.329
2026-06-24 00:24:00,53,65,0,254,6.03,56.642
2026-06-24 00:29:00,54,64,0,242,5.934,56.888
2026-06-24 00:34:00,58,72,0,234,5.843,56.936
2026-06-24 00:39:00,54,65,0,233,5.747,54.99
2026-06-24 00:44:00,59,74,0,350,5.621,44.706
2026-06-24 00:48:59,59,71,0,344,5.477,55.589
2026-06-24 00:54:00,63,80,0,350,5.44,58.599
2026-06-24 00:59:00,59,73,0,329,5.435,58.305
2026-06-24 01:04:00,59,74,0,318,5.456,57.71
2026-06-24 01:08:59,58,71,0,289,5.426,57.775
2026-06-24 01:14:00,55,68,0,259,5.437,57.165
2026-06-24 01:19:00,55,67,0,268,5.4,55.797
2026-06-24 01:24:00,51,61,0,239,5.362,57.893
2026-06-24 01:29:00,48,60,0,241,5.341,57.523
2026-06-24 01:34:00,48,58,0,241,5.322,57.035
2026-06-24 01:39:00,46,58,0,238,5.296,57.275
2026-06-24 01:44:00,50,61,0,253,5.301,57.107
2026-06-24 01:49:00,51,60,0,275,5.28,56.47
2026-06-24 01:54:00,55,65,0,288,5.253,56.65
2026-06-24 01:59:00,52,61,0,259,5.213,56.705
2026-06-24 02:04:00,52,61,0,263,5.17,56.028
2026-06-24 02:09:00,50,61,0,262,5.111,56.812
2026-06-24 02:14:00,50,61,0,237,5.074,57.584
2026-06-24 02:19:00,47,59,0,240,5.031,58.225
2026-06-24 02:24:00,51,60,0,223,4.997,58.212
2026-06-24 02:29:00,50,60,0,247,5.034,58.004
2026-06-24 02:34:00,50,59,0,225,5.055,58.012
2026-06-24 02:39:00,49,58,0,225,5.098,57.699
2026-06-24 02:44:00,49,58,0,219,5.077,56.867
2026-06-24 02:49:00,50,61,0,203,5.037,57.89
2026-06-24 02:54:00,47,59,0,200,5.031,58.099
2026-06-24 02:59:00,42,50,0,216,5.053,46.611
2026-06-24 03:04:00,49,58,0,214,5.074,51.744
2026-06-24 03:09:00,46,54,0,205,5.101,56.97
2026-06-24 03:14:00,42,50,0,236,5.141,47.569
2026-06-24 03:19:00,42,48,0,221,5.2,57.962
2026-06-24 03:24:00,41,49,0,201,5.242,57.132
2026-06-24 03:29:00,38,43,0,219,5.333,50.109
2026-06-24 03:34:00,37,37,0,209,5.451,56.03
2026-06-24 03:39:00,36,36,0,214,5.576,55.561
2026-06-24 03:44:00,38,38,0,221,5.704,55.547
2026-06-24 03:49:00,34,35,0,212,5.768,55.358
2026-06-24 03:54:00,33,33,0,186,5.768,56.762
2026-06-24 03:59:00,34,38,0,181,5.694,57.773
2026-06-24 04:04:00,34,37,0,142,5.632,59.19
2026-06-24 04:09:00,35,35,0,156,5.621,58.809
2026-06-24 04:14:01,36,37,0,149,5.605,58.673
2026-06-24 04:19:00,38,42,0,167,5.611,58.963
2026-06-24 04:24:00,34,37,0,197,5.664,47.706
2026-06-24 04:29:00,34,37,0,177,5.715,51.166
2026-06-24 04:34:00,36,37,0,180,5.779,52.206
2026-06-24 04:39:00,34,37,0,153,5.88,53.401
2026-06-24 04:44:00,35,36,0,152,6.019,58.04
2026-06-24 04:49:01,35,38,0,183,6.233,54.424
2026-06-24 04:54:00,38,39,0,202,6.439,55.894
2026-06-24 04:59:00,33,38,0,186,6.631,55.547
2026-06-24 05:04:00,35,36,0,195,6.791,47.761
2026-06-24 05:09:00,32,36,0,183,6.909,53.913
2026-06-24 05:14:01,36,39,0,187,6.983,54.475
2026-06-24 05:19:00,31,31,0,184,7.055,54.708
2026-06-24 05:24:00,31,32,0,207,7.141,54.09
2026-06-24 05:29:01,29,31,0,192,7.173,53.754
2026-06-24 05:34:00,32,32,0,188,7.226,53.415
2026-06-24 05:39:01,29,32,0,205,7.29,48.677
2026-06-24 05:44:00,28,30,0,190,7.421,51.055
2026-06-24 05:49:00,27,29,0,208,7.496,45.64
2026-06-24 05:54:01,29,32,0,189,7.549,50.268
2026-06-24 05:59:01,29,32,0,217,7.603,48.372
2026-06-24 06:04:00,30,30,0,191,7.667,51.341
2026-06-24 06:09:01,29,29,0,193,7.702,51.189
2026-06-24 06:14:01,28,29,0,193,7.76,51.021
2026-06-24 06:19:00,30,30,0,204,7.814,45.617
2026-06-24 06:24:01,29,31,0,188,7.889,49.838
2026-06-24 06:29:01,24,28,0,192,7.926,48.818
2026-06-24 06:34:01,26,29,0,198,8.019,48.04
2026-06-24 06:39:00,29,30,0,196,8.153,46.821
2026-06-24 06:44:01,24,24,0,199,8.244,45.534
2026-06-24 06:49:01,24,27,0,174,8.329,47.132
2026-06-24 06:54:01,26,27,0,185,8.367,47.449
2026-06-24 06:59:01,29,29,0,234,8.326,46.853
2026-06-24 07:04:01,30,31,0,221,8.246,44.883
2026-06-24 07:09:01,31,33,0,234,8.017,45.617
2026-06-24 07:14:01,30,33,0,245,7.803,52.513
2026-06-24 07:19:00,30,34,0,195,7.75,53.247
2026-06-24 07:24:01,32,32,0,202,7.731,52.692
2026-06-24 07:29:01,33,35,0,173,7.742,53.356
2026-06-24 07:34:01,32,35,0,169,7.731,53.567
2026-06-24 07:39:01,30,30,0,175,7.704,53.823
2026-06-24 07:44:01,33,33,0,196,7.763,51.366
2026-06-24 07:49:01,31,31,0,247,7.787,45.938
2026-06-24 07:54:01,29,30,0,256,7.846,47.136
2026-06-24 07:59:01,26,26,0,217,7.953,50.229
2026-06-24 08:04:01,28,29,0,190,8.107,50.308
2026-06-24 08:09:01,30,31,0,224,8.236,50.027
2026-06-24 08:14:01,29,30,0,246,8.361,47.916
2026-06-24 08:19:01,36,41,0,300,8.441,48.33
2026-06-24 08:24:01,27,31,0,321,8.5,46.243
2026-06-24 08:29:01,31,33,0,282,8.5,47.563
2026-06-24 08:34:01,32,35,0,279,8.612,46.943
2026-06-24 08:39:01,31,32,0,273,8.764,46.201
2026-06-24 08:44:01,35,37,0,272,8.909,47.532
2026-06-24 08:49:01,32,36,0,244,9.053,46.895
2026-06-24 08:54:01,35,36,0,247,9.24,46.878
2026-06-24 08:59:01,35,40,0,309,9.405,46.056
2026-06-24 09:04:01,46,55,0,243,9.509,48.271
2026-06-24 09:09:01,48,57,0,252,9.461,48.85
2026-06-24 09:14:01,42,48,0,212,9.632,47.735
2026-06-24 09:19:01,35,41,0,215,10.492,44.853
2026-06-24 09:24:01,37,41,0,234,12.345,40.246
2026-06-24 09:29:01,40,49,0,208,13.117,39.876
2026-06-24 09:34:01,36,41,0,203,12.984,39.892
2026-06-24 09:39:01,36,41,0,201,12.727,40.721
2026-06-24 09:44:02,37,39,0,201,12.583,41.358
2026-06-24 09:49:02,33,36,0,190,12.583,40.788
2026-06-24 09:54:01,33,37,0,178,12.879,41.457
2026-06-24 09:59:01,36,42,0,215,13.429,40.111
2026-06-24 10:04:01,33,34,0,181,13.867,37.616
2026-06-24 10:09:01,35,37,0,177,14.428,37.917
2026-06-24 10:14:01,35,38,0,219,14.773,35.779
2026-06-24 10:19:01,35,40,0,198,14.762,36.069
2026-06-24 10:24:01,35,39,0,189,15.173,35.596
2026-06-24 10:29:01,35,38,0,161,17.107,37.269
2026-06-24 10:34:01,33,35,0,192,18.698,28.216
2026-06-24 10:39:02,33,36,0,186,19.662,27.066
2026-06-24 10:44:01,33,34,0,180,20.169,26.105
2026-06-24 10:49:02,33,36,0,174,20.73,25.3
2026-06-24 10:54:01,32,36,0,172,20.73,25.176
2026-06-24 10:59:01,32,36,0,178,20.45,25.888
2026-06-24 11:04:01,30,36,0,127,20.717,32.72
2026-06-24 11:09:01,32,33,0,119,21.641,30.78
2026-06-24 11:14:01,26,28,0,130,22.009,26.488
2026-06-24 11:19:01,29,29,0,160,21.988,24.764
2026-06-24 11:24:01,29,29,0,154,22.295,24.444
2026-06-24 11:29:01,28,30,0,144,23.069,23.129
2026-06-24 11:34:02,27,28,0,96,24.308,30.45
2026-06-24 11:39:02,26,28,0,132,25.211,20.986
2026-06-24 11:44:01,29,29,0,121,25.684,20.305
2026-06-24 11:49:05,26,26,0,123,25.673,19.532
2026-06-24 11:54:01,26,28,0,123,25.224,20.066
2026-06-24 11:59:01,26,27,0,73,24.88,28.445
2026-06-24 12:04:02,24,26,0,109,24.96,26.334
2026-06-24 12:09:02,22,23,0,99,25.601,19.893
2026-06-24 12:14:02,20,22,0,83,26.258,18.096
2026-06-24 12:19:02,16,17,0,60,27.12,17.274
2026-06-24 12:24:02,23,23,0,89,27.734,18.996
2026-06-24 12:29:01,25,25,0,78,28.437,17.857
2026-06-24 12:34:02,23,24,0,83,29.166,17.146
2026-06-24 12:39:02,22,24,0,38,29.219,23.644
2026-06-24 12:44:01,22,25,0,34,28.744,24.892
2026-06-24 12:49:02,18,20,0,94,29.08,16.135
2026-06-24 12:54:02,17,18,0,79,29.625,17.053
2026-06-24 12:59:03,17,18,0,66,30.301,15.241
2026-06-24 13:04:02,16,18,0,67,31.075,15.092
2026-06-24 13:09:02,20,22,0,75,31.959,14.178
2026-06-24 13:14:05,16,18,0,67,32.108,15.828
2026-06-24 13:19:02,19,19,0,79,31.943,14.335
2026-06-24 13:24:03,20,22,0,75,31.465,14.79
2026-06-24 13:29:03,19,21,0,65,31.294,14.844
2026-06-24 13:34:02,22,23,0,14,31.967,25.262
2026-06-24 13:39:03,21,22,0,43,32.616,14.632
2026-06-24 13:44:02,22,24,0,22,33.016,14.455
2026-06-24 13:49:02,19,20,0,30,33.235,13.89
2026-06-24 13:54:02,23,25,0,28,33.155,14.399
2026-06-24 13:59:03,22,24,0,0,33.468,19.772
2026-06-24 14:04:02,21,22,0,27,33.852,13.911
2026-06-24 14:09:02,20,20,0,15,34.311,14.491
2026-06-24 14:14:02,18,21,0,3,34.536,13.388
2026-06-24 14:19:02,21,21,0,6,34.939,14.058
2026-06-24 14:24:02,15,16,0,0,35.056,13.831
2026-06-24 14:29:02,18,19,0,0,35.281,13.575
2026-06-24 14:34:02,14,15,0,0,35.254,12.399
2026-06-24 14:39:02,12,14,0,0,35.342,13.677
2026-06-24 14:44:03,7,10,0,0,35.032,12.923
2026-06-24 14:49:03,15,16,0,0,34.504,13.591
2026-06-24 14:54:03,10,10,0,0,34.362,16.042
2026-06-24 14:59:02,15,17,0,0,34.287,20.616
2026-06-24 15:04:02,12,13,0,0,33.62,13.64
2026-06-24 15:09:02,17,17,0,4,32.592,14.029
2026-06-24 15:14:02,16,16,0,12,31.609,15.065
2026-06-24 15:19:03,17,18,0,3,30.717,15.096
2026-06-24 15:24:02,19,20,0,5,29.881,15.801
2026-06-24 15:29:05,16,17,0,0,29.337,21.422
2026-06-24 15:34:02,17,18,0,14,28.762,16.127
2026-06-24 15:39:02,18,18,0,26,28.533,17.064
2026-06-24 15:44:02,14,18,0,33,28.244,17.03
2026-06-24 15:49:02,14,16,0,24,28.164,18.693
2026-06-24 15:54:02,15,18,0,13,28.549,16.484
2026-06-24 15:59:02,17,18,0,24,29.035,16.08
2026-06-24 16:04:05,14,16,0,24,29.195,16.543
2026-06-24 16:09:02,12,15,0,20,29.534,16.335
2026-06-24 16:14:04,17,17,0,21,30.212,15.683
2026-06-24 16:19:02,16,16,0,31,30.72,15.147
2026-06-24 16:24:05,14,15,0,34,31.118,15.218
2026-06-24 16:29:03,14,15,0,57,31.289,15.427
2026-06-24 16:34:02,19,19,0,42,31.139,16.038
2026-06-24 16:39:02,22,23,0,20,30.56,22.162
2026-06-24 16:44:03,20,22,0,41,29.817,23.513
2026-06-24 16:49:03,18,19,0,33,28.893,24.905
2026-06-24 16:54:02,18,19,0,22,28.023,25.308
2026-06-24 16:59:02,19,19,0,25,27.021,26.588
2026-06-24 17:04:03,13,13,0,9,26.103,28.117
2026-06-24 17:09:02,22,24,0,32,25.446,28.466
2026-06-24 17:14:02,24,24,0,55,24.672,30.156
2026-06-24 17:19:03,24,25,0,57,23.975,31.034
2026-06-24 17:24:03,27,28,0,101,23.157,31.846
2026-06-24 17:29:02,27,28,0,72,22.212,33.113
2026-06-24 17:34:03,25,27,0,77,21.336,34.661
2026-06-24 17:39:02,30,33,0,96,20.642,35.772
2026-06-24 17:44:03,32,35,0,104,20.041,37.229
2026-06-24 17:49:02,29,33,0,137,19.475,38.345
2026-06-24 17:54:03,22,22,0,106,18.962,39.741
2026-06-24 17:59:03,24,25,0,95,18.439,40.807
2026-06-24 18:04:03,25,25,0,77,18.022,41.814
2026-06-24 18:09:03,23,24,0,63,17.63,42.772
2026-06-24 18:14:03,25,27,0,43,17.315,43.134
2026-06-24 18:19:03,30,33,0,122,17.085,42.634
2026-06-24 18:24:02,32,34,0,169,16.893,43.617
2026-06-24 18:29:03,29,30,0,110,16.671,44.406
2026-06-24 18:34:03,33,34,0,118,16.506,42.922
2026-06-24 18:39:03,31,32,0,183,16.335,44.389
2026-06-24 18:44:03,34,39,0,201,16.18,44.053
2026-06-24 18:49:03,36,41,0,225,16.025,44.332
2026-06-24 18:54:03,37,44,0,240,15.894,44.231
2026-06-24 18:59:03,31,31,0,168,15.766,44.225
2026-06-24 19:04:03,29,30,0,136,15.643,43.842
2026-06-24 19:09:03,31,31,0,159,15.515,43.786
2026-06-24 19:14:03,33,35,0,169,15.296,44.673
2026-06-24 19:19:03,27,30,0,155,15.064,45.446
2026-06-24 19:24:03,28,29,0,136,14.807,46.632
2026-06-24 19:29:03,31,33,0,153,14.562,47.332
2026-06-24 19:34:03,32,35,0,139,14.385,47.63
2026-06-24 19:39:03,32,36,0,173,14.188,45.938
2026-06-24 19:44:03,32,33,0,168,14.057,47.189
2026-06-24 19:49:03,34,36,0,238,13.875,48.641
2026-06-24 19:54:03,31,32,0,355,13.678,49.346
2026-06-24 19:59:03,36,40,0,463,13.502,45.001
2026-06-24 20:04:03,38,44,0,753,13.336,47.906
2026-06-24 20:09:03,47,57,0,369,13.178,49.337
2026-06-24 20:14:03,45,53,0,606,13.066,41.419
2026-06-24 20:19:03,45,55,0,806,12.927,50.806
2026-06-24 20:24:03,46,57,0,459,12.821,50.998
2026-06-24 20:29:03,49,61,0,478,12.66,51.145
2026-06-24 20:34:03,52,63,0,578,12.546,49.686
2026-06-24 20:39:03,57,71,0,1208,12.353,51.725
2026-06-24 20:44:03,58,71,0,813,12.172,51.189
2026-06-24 20:49:03,58,72,0,575,12.022,50.985
2026-06-24 20:54:03,58,70,0,418,11.814,51.416
2026-06-24 20:59:03,59,76,0,421,11.587,52.043
2026-06-24 21:04:03,59,75,0,464,11.357,52.415
2026-06-24 21:09:03,59,75,0,484,11.16,52.818
2026-06-24 21:14:03,57,70,0,391,10.989,51.61
2026-06-24 21:19:03,58,70,0,376,10.791,52.6
2026-06-24 21:24:03,53,67,0,331,10.596,53.4
2026-06-24 21:29:03,53,65,0,304,10.447,53.48
2026-06-24 21:34:03,53,65,0,275,10.286,53.621
2026-06-24 21:39:03,54,69,0,263,10.137,52.484
2026-06-24 21:44:03,56,68,0,261,10.003,54.691
2026-06-24 21:49:03,60,74,0,313,9.937,54.286
2026-06-24 21:54:03,61,75,0,315,9.841,54.361
2026-06-24 21:59:03,62,78,0,354,9.803,55.173
2026-06-24 22:04:03,68,82,0,363,9.686,55.349
2026-06-24 22:09:03,70,85,0,367,9.611,52.335
2026-06-24 22:14:03,70,84,0,329,9.501,54.721
2026-06-24 22:19:03,81,92,0,438,9.363,55.807
2026-06-24 22:24:03,83,91,0,482,9.24,56.451
2026-06-24 22:29:03,84,91,0,504,9.138,56.696
2026-06-24 22:34:03,71,86,0,410,9.047,53.737
2026-06-24 22:39:03,67,82,0,360,8.901,55.393
2026-06-24 22:44:04,62,79,0,370,8.751,55.639
2026-06-24 22:49:03,63,81,0,350,8.612,56.32
2026-06-24 22:54:03,67,81,0,416,8.5,57.483
2026-06-24 22:59:03,62,78,0,328,8.409,56.016
2026-06-24 23:04:04,62,80,0,354,8.278,56.098
2026-06-24 23:09:03,64,82,0,372,8.129,56.732
2026-06-24 23:14:03,68,84,0,450,8.033,57.193
2026-06-24 23:19:04,62,75,0,341,7.947,57.647
2026-06-24 23:24:03,61,75,0,345,7.862,57.603
2026-06-24 23:29:04,62,76,0,368,7.79,59.211
2026-06-24 23:34:03,61,74,0,360,7.731,59.246
2026-06-24 23:39:04,57,71,0,285,7.63,56.842
2026-06-24 23:44:03,56,70,0,224,7.475,57.411
2026-06-24 23:49:04,57,69,0,191,7.298,57.766
2026-06-24 23:54:03,56,69,0,209,7.146,58.467
2026-06-24 23:59:03,56,71,0,238,7.071,57.867
2026-06-25 00:04:04,54,65,0,244,7.018,58.061
2026-06-25 00:09:04,56,68,0,239,6.943,58.734
2026-06-25 00:14:04,58,72,0,266,6.922,58.67
2026-06-25 00:19:04,53,66,0,245,6.909,59.772
2026-06-25 00:24:03,54,66,0,232,6.909,59.093
2026-06-25 00:29:04,52,63,0,280,6.893,46.05
2026-06-25 00:34:03,52,62,0,243,6.871,58.889
2026-06-25 00:39:04,55,67,0,310,6.898,47.359
2026-06-25 00:44:04,53,64,0,284,7.002,49.993
2026-06-25 00:49:03,59,73,0,334,7.119,49.22
2026-06-25 00:54:04,59,73,0,271,7.184,57.701
2026-06-25 00:59:04,55,66,0,263,7.162,55.24
2026-06-25 01:04:04,55,68,0,240,7.071,56.224
2026-06-25 01:09:04,81,91,0,279,6.978,51.145
2026-06-25 01:14:04,128,137,0,298,6.946,56.184
2026-06-25 01:19:03,97,103,0,259,6.973,55.875
2026-06-25 01:24:04,72,86,0,230,7.005,53.863
2026-06-25 01:29:04,75,87,0,231,6.946,55.41
2026-06-25 01:34:03,56,69,0,190,6.868,57.138
2026-06-25 01:39:04,49,58,0,212,6.815,47.983
2026-06-25 01:44:04,45,56,0,168,6.74,57.966
2026-06-25 01:49:04,47,56,0,164,6.671,57.693
2026-06-25 01:54:04,48,59,0,170,6.641,53.852
2026-06-25 01:59:04,52,64,0,163,6.551,55.41
2026-06-25 02:04:04,50,61,0,174,6.401,58.494
2026-06-25 02:09:04,49,56,0,170,6.236,59.755
2026-06-25 02:14:04,45,53,0,180,6.155,59.747
2026-06-25 02:19:04,48,54,0,170,6.073,59.774
2026-06-25 02:24:04,48,58,0,169,6.051,59.391
2026-06-25 02:29:04,50,59,0,189,5.982,53.413
2026-06-25 02:34:04,49,59,0,183,5.918,59.536
2026-06-25 02:39:04,49,59,0,184,5.859,59.311
2026-06-25 02:44:04,50,60,0,183,5.776,58.162
2026-06-25 02:49:04,49,59,0,176,5.648,58.044
2026-06-25 02:54:04,46,57,0,204,5.541,58.834
2026-06-25 02:59:04,48,58,0,205,5.418,54.512
2026-06-25 03:04:04,50,60,0,182,5.322,59.93
2026-06-25 03:09:04,49,61,0,216,5.256,60.367
2026-06-25 03:14:04,53,61,0,237,5.208,60.573
2026-06-25 03:19:04,52,62,0,273,5.175,61.748
2026-06-25 03:24:04,51,62,0,273,5.192,61.22
2026-06-25 03:29:04,50,59,0,255,5.218,61.496
2026-06-25 03:34:04,49,60,0,240,5.237,60.526
2026-06-25 03:39:04,49,58,0,227,5.28,58.479
2026-06-25 03:44:04,46,54,0,179,5.333,56.547
2026-06-25 03:49:04,41,42,0,183,5.36,55.561
2026-06-25 03:54:04,36,38,0,176,5.509,56.27
2026-06-25 03:59:04,41,46,0,191,5.683,54.25
2026-06-25 04:04:04,51,58,0,211,6.03,48.644
2026-06-25 04:09:04,50,61,0,215,6.5,47.408
2026-06-25 04:14:04,44,52,0,200,6.938,47.563
2026-06-25 04:19:04,40,44,0,198,7.205,46.073
2026-06-25 04:24:04,37,40,0,207,7.379,47.304
2026-06-25 04:29:04,39,45,0,224,7.432,48.053
2026-06-25 04:34:04,40,47,0,221,7.48,47.723
2026-06-25 04:39:05,43,49,0,221,7.501,46.966
2026-06-25 04:44:04,44,53,0,205,7.491,46.682
2026-06-25 04:49:05,40,47,0,204,7.52,45.85
2026-06-25 04:54:04,35,38,0,207,7.525,42.85
2026-06-25 04:59:04,43,48,0,194,7.573,45.896
2026-06-25 05:04:04,44,52,0,164,7.467,50.424
2026-06-25 05:09:04,40,49,0,167,7.221,51.921
2026-06-25 05:14:05,42,48,0,148,6.935,53.3
2026-06-25 05:19:05,37,40,0,148,6.706,53.653
2026-06-25 05:24:04,40,42,0,216,6.481,47.296
2026-06-25 05:29:05,39,41,0,342,6.262,46.733
2026-06-25 05:34:04,36,39,0,334,6.065,55.362
2026-06-25 05:39:04,36,42,0,413,5.907,56.823
2026-06-25 05:44:04,37,42,0,459,5.811,57.367
2026-06-25 05:49:05,37,42,0,319,5.694,55.91
2026-06-25 05:54:04,36,37,0,302,5.507,55.223
2026-06-25 05:59:04,38,43,0,244,5.304,55.492
2026-06-25 06:04:04,41,46,0,216,5.087,56.678
2026-06-25 06:09:05,37,44,0,223,4.932,56.961
2026-06-25 06:14:04,39,44,0,193,4.82,56.791
2026-06-25 06:19:05,43,45,0,182,4.724,56.875
2026-06-25 06:24:05,43,49,0,163,4.66,57.334
2026-06-25 06:29:04,39,44,0,227,4.583,54.7
2026-06-25 06:34:05,39,43,0,219,4.529,57.554
2026-06-25 06:39:04,39,41,0,220,4.492,57.714
2026-06-25 06:44:05,33,35,0,240,4.465,57.357
2026-06-25 06:49:05,32,32,0,283,4.463,57.289
2026-06-25 06:54:05,42,45,0,251,4.468,58.158
2026-06-25 06:59:04,42,47,0,228,4.479,58.153
2026-06-25 07:04:05,39,43,0,200,4.511,56.736
2026-06-25 07:09:04,37,37,0,216,4.468,55.131
2026-06-25 07:14:05,38,39,0,222,4.39,55.202
2026-06-25 07:19:04,30,30,0,269,4.321,54.563
2026-06-25 07:24:05,31,38,0,248,4.284,55.242
2026-06-25 07:29:05,28,30,0,252,4.236,55.353
2026-06-25 07:34:05,26,31,0,260,4.252,54.046
2026-06-25 07:39:05,25,29,0,259,4.34,53.564
2026-06-25 07:44:04,25,26,0,259,4.527,53.241
2026-06-25 07:49:05,25,26,0,275,4.815,49.985
2026-06-25 07:54:05,24,28,0,254,5.173,49.818
2026-06-25 07:59:05,24,24,0,251,5.616,50.159
2026-06-25 08:04:05,32,32,0,260,6.099,46.07
2026-06-25 08:09:05,31,31,0,268,6.612,44.944
2026-06-25 08:14:05,36,37,0,264,7.055,45.596
2026-06-25 08:19:05,34,37,0,231,7.424,44.94
2026-06-25 08:24:05,42,49,0,258,7.723,42.96
2026-06-25 08:29:05,43,48,0,276,8.051,43.313
2026-06-25 08:34:05,40,43,0,268,8.345,42.648
2026-06-25 08:39:05,36,40,0,265,8.553,42.627
2026-06-25 08:44:05,39,41,0,245,8.751,42.344
2026-06-25 08:49:04,42,50,0,247,9.023,41.297
2026-06-25 08:54:05,39,45,0,240,9.341,40.498
2026-06-25 08:59:05,39,45,0,241,9.683,39.863
2026-06-25 09:04:05,38,42,0,222,10.062,39.361
2026-06-25 09:09:05,34,39,0,245,10.436,38.911
2026-06-25 09:14:05,38,40,0,236,10.863,39.054
2026-06-25 09:19:05,40,49,0,221,11.726,39.323
2026-06-25 09:24:05,34,39,0,186,13.579,34.978
2026-06-25 09:29:05,30,32,0,170,15.555,32.729
2026-06-25 09:34:05,28,29,0,170,17.189,27.696
2026-06-25 09:39:05,32,33,0,180,18.556,25.632
2026-06-25 09:44:05,27,27,0,181,19.91,24.049
2026-06-25 09:49:05,25,27,0,133,20.925,30.488
2026-06-25 09:54:05,25,29,0,166,21.352,22.199
2026-06-25 09:59:05,26,27,0,163,21.774,23.307
2026-06-25 10:04:56,27,28,0,165,22.201,22.706
2026-06-25 10:09:05,28,32,0,169,22.901,23.488
2026-06-25 10:14:05,22,22,0,131,23.793,23.631
2026-06-25 10:19:05,24,25,0,143,24.359,21.039
2026-06-25 10:24:05,23,24,0,102,24.682,26.57
2026-06-25 10:29:05,23,24,0,164,25.2,18.479
2026-06-25 10:34:05,32,36,0,157,26.295,20.881
2026-06-25 10:39:05,33,37,0,146,27.374,20.547
2026-06-25 10:44:05,39,46,0,149,28.276,23.234
2026-06-25 10:49:05,41,51,0,187,28.119,19.837
2026-06-25 10:54:05,41,49,0,178,27.959,19.765
2026-06-25 10:59:05,35,41,0,180,27.852,19.334
2026-06-25 11:04:05,27,27,0,120,26.992,21.497
2026-06-25 11:09:06,26,26,0,171,25.865,20.219
2026-06-25 11:14:05,26,26,0,176,24.816,21.123
2026-06-25 11:19:06,24,26,0,154,24.137,21.317
2026-06-25 11:24:05,22,22,0,126,23.716,22.162
2026-06-25 11:29:05,22,22,0,138,23.449,21.871
2026-06-25 11:34:05,24,25,0,161,23.304,22.012
2026-06-25 11:39:05,26,27,0,163,23.291,22.508
2026-06-25 11:44:05,25,28,0,152,23.542,24.911
2026-06-25 11:49:06,19,20,0,158,24.178,20.194
2026-06-25 11:54:05,16,17,0,136,24.605,20.82
2026-06-25 11:59:06,11,12,0,112,24.69,23.297
2026-06-25 12:04:05,15,17,0,96,24.874,23.173
2026-06-25 12:09:05,12,14,0,83,25.729,23.707
2026-06-25 12:14:05,13,14,0,77,27.053,24.077
2026-06-25 12:19:06,12,12,0,75,27.94,20.661
2026-06-25 12:24:05,7,7,0,95,29.014,16.412
2026-06-25 12:29:06,7,7,0,72,30.175,15.315
2026-06-25 12:34:06,4,4,0,70,31.27,14.59
2026-06-25 12:39:06,4,4,0,61,31.921,14.243
2026-06-25 12:44:06,8,8,0,51,32.525,18.743
2026-06-25 12:49:06,7,7,0,74,33.15,19.774
2026-06-25 12:54:06,7,9,0,96,33.585,13.617
2026-06-25 12:59:06,6,6,0,62,34.552,16.311
2026-06-25 13:04:06,6,6,0,107,35.332,12.496
2026-06-25 13:09:06,4,4,0,32,36.197,21.226
2026-06-25 13:14:06,5,5,0,22,36.255,18.754
2026-06-25 13:19:06,5,7,0,81,35.82,12.208
2026-06-25 13:24:06,5,6,0,70,36.066,12.078
2026-06-25 13:29:06,3,3,0,73,36.755,11.559
2026-06-25 13:34:06,3,3,0,65,37.406,12.748
2026-06-25 13:39:06,4,4,0,45,37.812,17.562
2026-06-25 13:44:06,3,4,0,91,36.779,11.411
2026-06-25 13:49:06,2,3,0,84,36.309,11.527
2026-06-25 13:54:06,3,3,0,18,36.886,21.192
2026-06-25 13:59:06,1,1,0,57,37.489,10.592
2026-06-25 14:04:06,1,3,0,37,38.039,11.185
2026-06-25 14:09:06,2,3,0,38,38.304,10.857
2026-06-25 14:14:06,16,18,0,68,38.458,13.02
2026-06-25 14:19:06,15,16,0,37,38.368,15.153
2026-06-25 14:24:06,23,24,0,69,37.78,18.649
2026-06-25 14:29:06,12,13,0,77,37.086,14.809
2026-06-25 14:34:06,9,12,0,68,36.624,15.3
2026-06-25 14:39:06,15,18,0,61,36.261,15.09
2026-06-25 14:44:06,24,26,0,53,36.159,15.29
2026-06-25 14:49:06,32,37,0,52,35.93,14.718
2026-06-25 14:54:06,35,39,0,41,35.593,15.038
2026-06-25 14:59:06,29,33,0,54,35.649,17.129
2026-06-25 15:04:06,24,26,0,32,35.777,15.015
2026-06-25 15:09:06,27,29,0,15,35.697,19.862
2026-06-25 15:14:06,20,22,0,87,35.163,16.549
2026-06-25 15:19:07,18,21,0,58,34.72,17.106
2026-06-25 15:24:06,13,15,0,44,34.343,16.702
2026-06-25 15:29:06,16,17,0,44,34.285,17.478
2026-06-25 15:34:06,11,13,0,18,34.37,18.489
2026-06-25 15:39:06,17,18,0,25,34.301,17.636
2026-06-25 15:44:06,18,18,0,30,34.325,18.022
2026-06-25 15:49:06,17,19,0,16,33.769,21.43
2026-06-25 15:54:06,17,18,0,25,33.032,20.295
2026-06-25 15:59:06,21,21,0,29,32.744,19.406
2026-06-25 16:04:30,22,23,0,53,32.178,23.152
2026-06-25 16:09:06,21,22,0,34,31.692,21.667
2026-06-25 16:14:06,22,26,0,47,31.323,21.976
2026-06-25 16:19:06,23,24,0,46,30.458,23.068
2026-06-25 16:24:06,23,24,0,72,29.718,24.207
2026-06-25 16:29:06,25,27,0,83,29.366,25.186
2026-06-25 16:34:06,27,28,0,62,29.115,25.231
2026-06-25 16:39:06,27,28,0,77,28.811,25.548
2026-06-25 16:44:06,30,31,0,109,28.421,26.21
2026-06-25 16:49:07,28,29,0,100,27.911,26.967
2026-06-25 16:54:06,29,31,0,114,27.521,27.431
2026-06-25 16:59:07,26,27,0,102,27.307,27.778
2026-06-25 17:04:06,28,28,0,138,26.853,28.483
2026-06-25 17:09:07,26,27,0,124,26.26,29.803
2026-06-25 17:14:07,29,30,0,141,25.521,30.551
2026-06-25 17:19:06,31,33,0,148,24.656,31.259
2026-06-25 17:24:07,31,35,0,163,23.849,32.499
2026-06-25 17:29:06,29,33,0,128,23.16,33.487
2026-06-25 17:34:07,31,33,0,150,22.546,34.845
2026-06-25 17:39:07,31,34,0,186,22.02,36.161
2026-06-25 17:44:07,31,32,0,144,21.481,37.608
2026-06-25 17:49:06,32,35,0,181,21.037,38.345
2026-06-25 17:54:07,29,32,0,137,20.599,38.892
2026-06-25 17:59:06,29,34,0,166,20.199,40.273
2026-06-25 18:04:07,29,29,0,203,19.785,39.777
2026-06-25 18:09:07,27,29,0,142,19.336,43.453
2026-06-25 18:14:07,26,26,0,138,18.914,45.4
2026-06-25 18:19:07,26,28,0,98,18.524,46.794
2026-06-25 18:24:07,26,26,0,131,18.145,47.561
2026-06-25 18:29:06,25,26,0,124,17.774,48.662
2026-06-25 18:34:07,22,23,0,94,17.448,49.648
2026-06-25 18:39:06,23,24,0,83,17.09,50.806
2026-06-25 18:44:07,23,24,0,126,16.797,51.877
2026-06-25 18:49:06,23,25,0,109,16.543,49.255
2026-06-25 18:54:07,24,24,0,139,16.313,53.739
2026-06-25 18:59:07,25,26,0,148,16.1,54.998
2026-06-25 19:04:07,24,26,0,118,15.918,55.435
2026-06-25 19:09:07,29,34,0,230,15.763,55.822
2026-06-25 19:14:06,29,34,0,184,15.6,56.539
2026-06-25 19:19:07,27,28,0,190,15.499,56.387
2026-06-25 19:24:07,26,29,0,169,15.403,56.543
2026-06-25 19:29:07,26,27,0,188,15.301,56.905
2026-06-25 19:34:07,24,26,0,163,15.146,57.727
2026-06-25 19:39:07,21,23,0,205,15.032,56.692
2026-06-25 19:44:07,24,25,0,222,14.93,55.831
2026-06-25 19:49:07,26,26,0,245,14.754,56.543
2026-06-25 19:54:07,23,26,0,263,14.562,57.773
2026-06-25 19:59:07,24,25,0,323,14.428,44.927
2026-06-25 20:04:07,25,27,0,249,14.244,58.363
2026-06-25 20:09:07,26,27,0,273,14.105,58.403
2026-06-25 20:14:07,42,49,0,368,13.993,56.942
2026-06-25 20:19:07,42,50,0,362,13.902,56.989
2026-06-25 20:24:07,42,49,0,343,13.849,56.924
2026-06-25 20:29:07,39,46,0,312,13.777,55.929
2026-06-25 20:34:07,42,50,0,335,13.632,57.107
2026-06-25 20:39:07,35,38,0,278,13.44,57.56
2026-06-25 20:44:07,38,44,0,259,13.243,58.111
2026-06-25 20:49:07,39,47,0,283,13.093,58.305
2026-06-25 20:54:07,43,52,0,278,12.962,58.225
2026-06-25 20:59:07,45,53,0,271,12.855,58.355
2026-06-25 21:04:07,45,55,0,284,12.759,58.954
2026-06-25 21:09:07,48,58,0,308,12.69,59.948
2026-06-25 21:14:07,50,61,0,580,12.647,60.979
2026-06-25 21:19:08,46,56,0,402,12.671,62.635
2026-06-25 21:24:07,44,54,0,324,12.751,62.62
2026-06-25 21:29:08,43,51,0,294,12.778,57.731
2026-06-25 21:34:07,46,56,0,364,12.714,58.393
2026-06-25 21:39:08,48,62,0,348,12.575,53.884
2026-06-25 21:44:08,47,60,0,335,12.353,53.384
2026-06-25 21:49:07,49,59,0,307,12.124,59.373
2026-06-25 21:54:08,48,62,0,304,11.942,60.508
2026-06-25 21:59:07,50,62,0,293,11.782,60.123
2026-06-25 22:04:07,47,56,0,275,11.67,59.32
2026-06-25 22:09:08,46,55,0,270,11.544,60.781
2026-06-25 22:14:07,45,54,0,289,11.421,61.05
2026-06-25 22:19:07,51,63,0,363,11.341,58.717
2026-06-25 22:24:07,49,58,0,319,11.186,59.761
2026-06-25 22:29:08,54,65,0,346,11.064,61.605
2026-06-25 22:34:07,58,72,0,445,10.965,62.519
2026-06-25 22:39:08,85,90,0,867,10.933,48.862
2026-06-25 22:44:07,72,83,0,719,10.895,49.964
2026-06-25 22:49:07,68,81,0,604,10.879,61.521
2026-06-25 22:54:07,60,76,0,530,10.863,62.78
2026-06-25 22:59:08,57,71,0,484,10.839,63.114
2026-06-25 23:04:07,55,69,0,425,10.78,62.175
2026-06-25 23:09:08,54,67,0,393,10.743,62.61
2026-06-25 23:14:08,58,74,0,443,10.695,62.172
2026-06-25 23:19:08,61,75,0,406,10.583,62.496
2026-06-25 23:24:07,71,84,0,533,10.452,62.421
2026-06-25 23:29:08,68,83,0,482,10.329,60.894
2026-06-25 23:34:08,66,79,0,510,10.137,62.088
2026-06-25 23:39:08,61,78,0,364,9.971,61.378
2026-06-25 23:44:08,56,71,0,327,9.763,61.248
2026-06-25 23:49:07,57,71,0,297,9.504,61.458
2026-06-25 23:54:08,56,69,0,314,9.296,62.511
2026-06-25 23:59:08,57,73,0,392,9.13,61.536
2026-06-26 00:04:08,56,68,0,379,9.039,49.217
2026-06-26 00:09:08,51,61,0,293,8.917,62.935
2026-06-26 00:14:08,51,62,0,314,8.839,63.795
2026-06-26 00:19:08,51,62,0,348,8.807,64.552
2026-06-26 00:24:08,50,61,0,332,8.775,64.447
2026-06-26 00:29:08,52,63,0,475,8.722,63.417
2026-06-26 00:34:08,50,60,0,387,8.61,53.18
2026-06-26 00:39:07,52,64,0,316,8.569,64.851
2026-06-26 00:44:08,55,69,0,409,8.537,55.082
2026-06-26 00:49:08,55,70,0,405,8.532,56.49
2026-06-26 00:54:08,56,68,0,387,8.532,64.47
2026-06-26 00:59:08,54,67,0,377,8.5,65.172
2026-06-26 01:04:08,55,67,0,413,8.46,50.628
2026-06-26 01:09:07,58,72,0,362,8.465,65.675
2026-06-26 01:14:08,56,68,0,302,8.407,61.176
2026-06-26 01:19:08,56,70,0,314,8.268,61.779
2026-06-26 01:29:08,53,65,0,285,7.987,61.363
2026-06-26 01:34:08,54,64,0,279,7.843,61.237
2026-06-26 01:39:08,56,69,0,282,7.731,62.4
2026-06-26 01:44:08,55,70,0,271,7.587,62.793
2026-06-26 01:49:08,56,68,0,270,7.491,62.801
2026-06-26 01:54:08,53,65,0,256,7.37,62.717
2026-06-26 01:59:08,53,62,0,241,7.269,61.662
2026-06-26 02:04:08,56,66,0,255,7.087,61.573
2026-06-26 02:09:08,56,67,0,237,6.959,62.133
2026-06-26 02:14:08,53,64,0,240,6.863,63.659
2026-06-26 02:19:08,53,66,0,266,6.802,61.075
2026-06-26 02:24:08,53,66,0,277,6.727,64.628
2026-06-26 02:29:08,56,67,0,365,6.631,52.371
2026-06-26 02:34:08,57,71,0,370,6.641,57.249
2026-06-26 02:39:27,58,71,0,399,6.732,53.262
2026-06-26 02:44:12,57,71,0,333,6.818,68.42
2026-06-26 02:49:28,58,72,0,306,6.917,66.847
2026-06-26 02:54:13,53,66,0,333,6.962,66.066
2026-06-26 02:59:28,50,60,0,289,6.991,65.614
2026-06-26 03:04:08,48,58,0,290,6.986,65.567
2026-06-26 03:09:08,48,58,0,259,6.906,64.424
2026-06-26 03:14:08,48,59,0,237,6.884,63.831
2026-06-26 03:19:08,44,53,0,214,6.804,63.772
2026-06-26 03:24:09,43,50,0,219,6.73,63.986
2026-06-26 03:29:08,43,48,0,215,6.668,61.103
2026-06-26 03:34:08,44,53,0,227,6.593,64.83
2026-06-26 03:39:08,45,52,0,235,6.519,65.099
2026-06-26 03:44:09,42,48,0,194,6.481,62.967
2026-06-26 03:49:08,44,50,0,209,6.412,64.689
2026-06-26 03:54:08,42,45,0,229,6.334,63.902
2026-06-26 03:59:08,44,48,0,252,6.308,52.6
2026-06-26 04:04:09,42,50,0,223,6.206,65.113
2026-06-26 04:09:09,44,50,0,236,6.142,64.933
2026-06-26 04:14:08,41,48,0,221,6.147,65.826
2026-06-26 04:19:08,41,49,0,227,6.177,65.372
2026-06-26 04:24:08,42,44,0,213,6.204,62.379
2026-06-26 04:29:09,38,39,0,239,6.241,54.042
2026-06-26 04:34:08,40,46,0,222,6.337,65.384
2026-06-26 04:39:09,42,45,0,200,6.358,63.068
2026-06-26 04:44:08,44,48,0,232,6.292,64.256
2026-06-26 04:49:08,45,50,0,254,6.158,65.077
2026-06-26 04:54:08,43,48,0,221,6.014,64.003
2026-06-26 04:59:09,37,39,0,207,5.864,64.308
2026-06-26 05:04:08,38,42,0,190,5.704,64.336
2026-06-26 05:09:09,36,38,0,183,5.648,64.134
2026-06-26 05:14:08,34,37,0,197,5.621,63.907
2026-06-26 05:19:09,38,42,0,181,5.579,64.478
2026-06-26 05:24:08,36,38,0,199,5.605,63.896
2026-06-26 05:29:09,38,43,0,189,5.643,63.511
2026-06-26 05:34:08,38,42,0,245,5.629,57.748
2026-06-26 05:39:09,42,46,0,210,5.592,59.942
2026-06-26 05:44:08,42,46,0,553,5.539,60.27
2026-06-26 05:49:09,44,49,0,388,5.485,52.696
2026-06-26 05:54:08,44,49,0,1196,5.448,66.232
2026-06-26 05:59:09,44,49,0,264,5.392,67.905
2026-06-26 06:04:08,35,37,0,163,5.381,68.872
2026-06-26 06:09:09,41,45,0,180,5.402,69.975
2026-06-26 06:14:09,41,45,0,213,5.44,54.618
2026-06-26 06:19:09,39,40,0,243,5.467,54.552
2026-06-26 06:24:08,36,40,0,263,5.41,66.963
2026-06-26 06:29:09,38,42,0,226,5.384,67.283
2026-06-26 06:34:09,38,39,0,204,5.389,64.47
2026-06-26 06:39:09,37,37,0,234,5.336,62.66
2026-06-26 06:44:08,42,48,0,252,5.256,53.852
2026-06-26 06:49:09,37,38,0,218,5.178,65.408
2026-06-26 06:54:09,39,43,0,222,5.151,65.492
2026-06-26 06:59:09,39,45,0,235,5.098,64.203
2026-06-26 07:04:09,38,40,0,249,4.986,64.06
2026-06-26 07:09:09,39,43,0,228,4.911,64.603
2026-06-26 07:14:09,41,47,0,234,4.844,64.663
2026-06-26 07:19:09,41,45,0,292,4.796,53.646
2026-06-26 07:24:10,41,45,0,267,4.695,65.59
2026-06-26 07:29:09,39,40,0,269,4.668,66.204
2026-06-26 07:34:09,41,45,0,360,4.671,66.889
2026-06-26 07:39:09,44,53,0,345,4.665,65.54
2026-06-26 07:44:09,47,53,0,409,4.671,65.99
2026-06-26 07:49:09,43,47,0,408,4.607,62.599
2026-06-26 07:54:09,63,77,0,484,4.564,63.894
2026-06-26 07:59:09,46,56,0,506,4.588,65.754
2026-06-26 08:04:09,47,52,0,620,4.657,64.161
2026-06-26 08:09:09,45,50,0,628,4.738,56.917
2026-06-26 08:14:09,55,66,0,521,4.892,59.444
2026-06-26 08:19:09,41,44,0,383,5.197,59.478
2026-06-26 08:24:09,41,45,0,342,5.525,65.708
2026-06-26 08:29:09,42,48,0,333,5.835,66.047
2026-06-26 08:34:09,42,48,0,405,6.086,65.368
2026-06-26 08:39:09,42,48,0,397,6.31,64.327
2026-06-26 08:44:09,41,46,0,403,6.481,63.804
2026-06-26 08:49:09,41,47,0,408,6.655,62.978
2026-06-26 08:54:09,45,54,0,417,6.847,63.547
2026-06-26 08:59:09,50,57,0,425,6.981,62.627
2026-06-26 09:04:09,50,60,0,401,7.173,62.925
2026-06-26 09:09:09,51,61,0,416,7.36,62.492
2026-06-26 09:14:09,50,60,0,409,7.603,61.998
2026-06-26 09:19:09,55,65,0,307,8.217,59.852
2026-06-26 09:24:09,53,64,0,291,9.857,55.782
2026-06-26 09:29:09,49,60,0,275,11.683,50.895
2026-06-26 09:34:09,47,57,0,288,13.301,47.096
2026-06-26 09:39:09,45,52,0,245,14.666,43.508
2026-06-26 09:44:09,44,52,0,240,15.686,39.67
2026-06-26 09:49:10,40,48,0,247,16.679,36.624
2026-06-26 09:54:09,37,43,0,243,17.705,34.15
2026-06-26 09:59:09,38,43,0,228,18.682,32.008
2026-06-26 10:04:09,38,46,0,246,19.555,30.343
2026-06-26 10:09:10,39,47,0,250,20.324,29.285
2026-06-26 10:14:09,38,47,0,246,21.056,27.9
2026-06-26 10:19:09,38,44,0,218,21.756,26.74
2026-06-26 10:24:09,34,39,0,192,22.242,27.963
2026-06-26 10:29:09,32,36,0,151,22.81,34.499
2026-06-26 10:34:09,34,39,0,198,23.093,25.638
2026-06-26 10:39:09,33,36,0,172,23.157,27.936
2026-06-26 10:44:09,31,34,0,147,23.617,32.615
2026-06-26 10:49:09,27,28,0,169,24.017,25.176
2026-06-26 10:54:09,33,36,0,169,24.314,29.912
2026-06-26 10:59:09,32,35,0,191,24.335,25.487
2026-06-26 11:04:09,31,34,0,157,24.677,30.828
2026-06-26 11:09:09,32,36,0,150,24.832,28.974
2026-06-26 11:14:09,32,34,0,145,25.216,24.301
2026-06-26 11:19:09,29,33,0,143,25.758,28.398
2026-06-26 11:24:10,33,37,0,177,26.373,21.827
2026-06-26 11:29:09,30,31,0,137,27.409,28.783
2026-06-26 11:34:10,32,34,0,147,27.809,25.258
2026-06-26 11:39:09,32,34,0,198,27.825,20.595
2026-06-26 11:44:10,30,34,0,176,28.405,24.488
2026-06-26 11:49:10,29,30,0,135,29.014,26.893
2026-06-26 11:54:09,27,28,0,131,29.473,24.716
2026-06-26 11:59:11,27,29,0,130,29.302,25.5
2026-06-26 12:04:09,28,30,0,179,29.347,17.728
2026-06-26 12:09:09,29,30,0,129,30.1,21.592
2026-06-26 12:14:09,29,30,0,177,31.078,17.095
2026-06-26 12:19:10,28,29,0,165,31.681,16.58
2026-06-26 12:24:09,28,30,0,110,32.445,22.174
2026-06-26 12:29:10,26,27,0,121,32.971,23.868
2026-06-26 12:34:10,28,29,0,131,32.853,18.416
2026-06-26 12:39:10,29,30,0,193,32.789,16.469
2026-06-26 12:44:09,28,29,0,159,32.982,16.887
2026-06-26 12:49:10,30,33,0,161,33.425,16.253
2026-06-26 12:54:09,29,30,0,158,33.673,16.416
2026-06-26 12:59:10,25,27,0,91,33.962,23.498
2026-06-26 13:04:10,27,27,0,116,33.914,16.772
2026-06-26 13:09:10,27,27,0,56,34.052,24.699
2026-06-26 13:14:09,25,25,0,79,34.02,17.062
2026-06-26 13:19:10,24,24,0,75,34.076,17.426
2026-06-26 13:24:09,25,25,0,57,34.306,17.894
2026-06-26 13:29:10,24,24,0,48,34.584,18.231
2026-06-26 13:34:10,26,29,0,49,34.931,16.482
2026-06-26 13:39:10,24,26,0,30,35.113,15.992
2026-06-26 13:44:10,24,25,0,15,35.468,24.501
2026-06-26 13:49:10,25,27,0,54,35.697,16.097
2026-06-26 13:54:10,23,24,0,59,36.194,16.244
2026-06-26 13:59:10,23,24,0,42,36.675,18.569
2026-06-26 14:04:10,30,31,0,72,37.022,15.447
2026-06-26 14:09:10,22,24,0,28,37.318,23.946
2026-06-26 14:14:10,25,25,0,29,37.286,23.181
2026-06-26 14:19:10,25,26,0,56,36.667,15.592
2026-06-26 14:24:10,24,24,0,68,35.967,16.185
2026-06-26 14:29:10,22,22,0,60,35.54,16.181
2026-06-26 14:34:10,24,26,0,37,35.201,21.291
2026-06-26 14:39:10,19,22,0,46,35.024,17.154
2026-06-26 14:44:10,22,22,0,49,35.11,16.377
2026-06-26 14:49:10,28,28,0,42,35.019,16.53
2026-06-26 14:54:10,30,34,0,83,34.64,20.131
2026-06-26 14:59:10,29,29,0,103,34.797,17.295
2026-06-26 15:04:10,24,25,0,65,34.835,16.946
2026-06-26 15:09:10,22,23,0,53,33.868,17.459
2026-06-26 15:14:10,21,22,0,54,33.046,18.754
2026-06-26 15:19:11,18,18,0,61,32.613,20.511
2026-06-26 15:24:10,11,12,0,0,32.386,21.087
2026-06-26 15:29:10,14,16,0,5,32.028,25.514
2026-06-26 15:34:10,15,16,0,70,31.612,23.713
2026-06-26 15:39:10,8,11,0,42,31.078,24.617
2026-06-26 15:44:10,11,11,0,16,30.402,25.184
2026-06-26 15:49:10,18,19,0,2,30.114,26.052
2026-06-26 15:54:10,17,17,0,2,29.986,26.261
2026-06-26 15:59:10,14,18,0,3,29.921,26.155
2026-06-26 16:04:10,14,16,0,0,29.82,25.416
2026-06-26 16:09:10,18,19,0,0,29.908,25.912
2026-06-26 16:14:10,12,14,0,0,29.673,26.071
2026-06-26 16:19:11,13,15,0,0,29.668,24.972
2026-06-26 16:24:10,11,12,0,0,29.662,25.249
2026-06-26 16:29:10,13,14,0,17,29.427,25.416
2026-06-26 16:34:10,16,17,0,50,29.174,26.534
2026-06-26 16:39:10,15,16,0,44,28.976,27.709
2026-06-26 16:44:11,11,11,0,26,28.394,28.194
2026-06-26 16:49:10,20,23,0,52,28.009,28.897
2026-06-26 16:54:11,17,22,0,44,27.641,28.983
2026-06-26 16:59:10,20,22,0,39,27.275,29.981
2026-06-26 17:04:10,34,39,0,76,26.848,31.058
2026-06-26 17:09:10,16,18,0,44,26.421,32.121
2026-06-26 17:14:10,16,18,0,34,25.956,32.972
2026-06-26 17:19:10,16,18,0,78,25.304,34.196
2026-06-26 17:24:10,22,24,0,105,24.575,35.585
2026-06-26 17:29:11,15,16,0,113,23.844,37.347
2026-06-26 17:34:10,14,16,0,136,23.155,38.881
2026-06-26 17:39:10,17,19,0,117,22.482,40.42
2026-06-26 17:44:10,18,19,0,134,21.894,41.499
2026-06-26 17:49:10,15,16,0,114,21.272,42.699
2026-06-26 17:54:11,15,16,0,125,20.738,43.861
2026-06-26 17:59:11,15,18,0,79,20.183,45.284
2026-06-26 18:04:10,13,15,0,42,19.611,46.981
2026-06-26 18:09:11,11,14,0,54,19.152,48.036
2026-06-26 18:14:11,15,18,0,101,18.754,48.662
2026-06-26 18:19:10,11,14,0,86,18.434,49.779
2026-06-26 18:24:11,12,15,0,79,18.151,50.703
2026-06-26 18:29:11,12,15,0,103,17.894,51.006
2026-06-26 18:34:11,13,14,0,140,17.649,52.022
2026-06-26 18:39:11,13,14,0,159,17.384,52.721
2026-06-26 18:44:11,12,13,0,107,17.133,53.615
2026-06-26 18:49:11,11,12,0,144,16.925,54.401
2026-06-26 18:54:11,11,15,0,110,16.727,54.718
2026-06-26 18:59:11,11,11,0,99,16.524,55.673
2026-06-26 19:04:11,9,9,0,114,16.361,56.373
2026-06-26 19:09:11,12,15,0,171,16.191,56.839
2026-06-26 19:14:11,19,19,0,156,16.036,56.726
2026-06-26 19:19:10,20,20,0,203,15.961,56.503
2026-06-26 19:24:11,24,25,0,205,15.886,56.232
2026-06-26 19:29:10,26,27,0,369,15.798,56.133
2026-06-26 19:34:11,23,23,0,261,15.702,43.941
2026-06-26 19:39:11,27,28,0,334,15.579,52.043
2026-06-26 19:44:11,28,30,0,765,15.435,56.556
2026-06-26 19:49:10,27,29,0,497,15.323,57.691
2026-06-26 19:54:11,26,29,0,276,15.256,57.712
2026-06-26 19:59:11,24,24,0,275,15.149,57.727
2026-06-26 20:04:11,21,21,0,247,15.096,57.529
2026-06-26 20:09:11,23,24,0,261,14.978,57.251
2026-06-26 20:14:11,20,21,0,251,14.855,57.323
2026-06-26 20:19:11,18,21,0,250,14.751,56.709
2026-06-26 20:24:11,20,23,0,239,14.602,57.333
2026-06-26 20:29:11,18,21,0,225,14.49,57.359
2026-06-26 20:34:11,20,23,0,304,14.319,56.16
2026-06-26 20:39:11,24,24,0,305,14.129,56.47
2026-06-26 20:44:11,23,25,0,310,13.899,57.132
2026-06-26 20:49:11,24,26,0,319,13.68,57.758
2026-06-26 20:54:11,25,26,0,348,13.504,57.939
2026-06-26 20:59:11,25,26,0,338,13.344,59.499
2026-06-26 21:04:11,24,25,0,339,13.16,60.262
2026-06-26 21:09:11,26,26,0,319,13.032,58.227
2026-06-26 21:14:11,24,24,0,376,12.85,59.909
2026-06-26 21:19:11,24,25,0,331,12.722,59.335
2026-06-26 21:24:11,31,32,0,314,12.53,59.961
2026-06-26 21:29:11,28,29,0,308,12.345,59.835
2026-06-26 21:34:11,28,28,0,339,12.164,52.389
2026-06-26 21:39:11,33,34,0,410,11.929,58.055
2026-06-26 21:44:11,49,58,0,533,11.79,63.19
2026-06-26 21:49:11,54,67,0,730,11.699,58.433
2026-06-26 21:54:11,56,70,0,745,11.643,62.006
2026-06-26 21:59:11,62,77,0,911,11.622,62.696
2026-06-26 22:04:11,77,86,0,882,11.574,49.905
2026-06-26 22:09:11,62,77,0,626,11.526,58.033
2026-06-26 22:14:11,53,67,0,580,11.536,55.973
2026-06-26 22:19:11,51,63,0,449,11.544,63.2
2026-06-26 22:24:11,46,54,0,456,11.582,51.86
2026-06-26 22:29:11,44,52,0,387,11.656,61.597
2026-06-26 22:34:11,44,55,0,398,11.747,64.363
2026-06-26 22:39:11,48,56,0,439,11.79,53.014
2026-06-26 22:44:11,45,53,0,392,11.83,63.673
2026-06-26 22:49:11,51,62,0,445,11.819,61.576
2026-06-26 22:54:11,49,61,0,481,11.536,60.674
2026-06-26 22:59:11,49,58,0,435,11.242,62.658
2026-06-26 23:04:12,48,59,0,464,11.013,62.078
2026-06-26 23:09:11,51,63,0,480,10.855,62.622
2026-06-26 23:14:12,50,63,0,469,10.679,63.144
2026-06-26 23:19:11,51,62,0,539,10.583,64.087
2026-06-26 23:24:11,50,61,0,529,10.46,63.015
2026-06-26 23:29:11,50,61,0,508,10.364,64.09
2026-06-26 23:34:11,46,54,0,421,10.286,64.468
2026-06-26 23:39:11,45,53,0,397,10.228,66.736
2026-06-26 23:44:12,42,48,0,332,10.217,66.765
2026-06-26 23:49:12,43,53,0,362,10.185,64.491
2026-06-26 23:54:11,43,50,0,478,10.089,65.061
2026-06-26 23:59:12,56,69,0,616,9.995,65.719
2026-06-27 00:04:11,55,69,0,586,9.931,64.844
2026-06-27 00:09:12,58,72,0,595,9.857,63.726
2026-06-27 00:14:11,56,70,0,550,9.712,64.155
2026-06-27 00:19:12,55,67,0,584,9.632,55.706
2026-06-27 00:24:12,62,77,0,705,9.565,60.524
2026-06-27 00:29:11,61,76,0,659,9.48,65.643
2026-06-27 00:34:12,60,73,0,571,9.464,65.998
2026-06-27 00:39:11,59,73,0,599,9.416,63.137
2026-06-27 00:44:12,60,74,0,551,9.368,66.072
2026-06-27 00:49:11,56,71,0,479,9.232,62.561
2026-06-27 00:54:12,52,63,0,432,9.061,63.783
2026-06-27 00:59:11,51,62,0,408,8.906,63.657
2026-06-27 01:04:12,47,56,0,336,8.783,63.957
2026-06-27 01:09:11,48,58,0,339,8.703,64.85
2026-06-27 01:14:12,51,63,0,375,8.674,65.128
2026-06-27 01:19:12,51,60,0,356,8.668,66.578
2026-06-27 01:24:12,49,60,0,387,8.711,57.609
2026-06-27 01:29:11,49,57,0,389,8.748,66.633
2026-06-27 01:34:12,51,60,0,442,8.812,66.501
2026-06-27 01:39:11,49,59,0,445,8.869,66.58
2026-06-27 01:44:12,50,60,0,379,8.885,64.628
2026-06-27 01:49:11,50,60,0,379,8.895,63.911
2026-06-27 01:54:12,54,66,0,433,8.836,65.319
2026-06-27 01:59:12,54,66,0,500,8.799,53.903
2026-06-27 02:04:12,58,74,0,518,8.775,66.543
2026-06-27 02:09:12,56,71,0,515,8.764,66.786
2026-06-27 02:14:12,55,70,0,478,8.791,66.459
2026-06-27 02:19:12,53,65,0,436,8.823,65.422
2026-06-27 02:24:12,52,63,0,418,8.871,66.658
2026-06-27 02:29:12,52,63,0,392,8.89,65.641
2026-06-27 02:34:12,48,56,0,396,8.949,65.641
2026-06-27 02:39:12,49,58,0,377,9.002,65.468
2026-06-27 02:44:12,50,59,0,380,9.029,65.624
2026-06-27 02:49:12,49,59,0,421,9.034,65.929
2026-06-27 02:54:12,47,59,0,427,9.037,62.837
2026-06-27 02:59:12,49,61,0,409,9.069,65.523
2026-06-27 03:04:12,46,56,0,372,9.069,65.132
2026-06-27 03:09:12,49,58,0,365,8.978,65.242
2026-06-27 03:14:12,49,58,0,330,8.877,65.386
2026-06-27 03:19:12,46,56,0,306,8.703,65.319
2026-06-27 03:24:12,44,54,0,315,8.543,65.099
2026-06-27 03:29:12,44,52,0,322,8.42,65.769
2026-06-27 03:34:11,47,56,0,373,8.324,53.916
2026-06-27 03:39:12,48,56,0,341,8.169,64.949
2026-06-27 03:44:12,49,57,0,314,7.99,63.984
2026-06-27 03:49:12,47,56,0,340,7.83,65.954
2026-06-27 03:54:12,50,58,0,334,7.691,65.99
2026-06-27 03:59:12,59,71,0,416,7.584,53.503
2026-06-27 04:04:12,49,58,0,416,7.392,55.374
2026-06-27 04:09:12,57,69,0,413,7.25,67.138
2026-06-27 04:14:12,52,65,0,444,7.213,54.426
2026-06-27 04:19:12,54,67,0,475,7.176,57.243
2026-06-27 04:24:12,49,59,0,426,7.085,62.633
2026-06-27 04:29:12,53,64,0,417,7.138,69.025
2026-06-27 04:34:12,52,62,0,428,7.205,58.418
2026-06-27 04:39:12,52,62,0,396,7.242,62.631
2026-06-27 04:44:12,48,58,0,417,7.194,56.125
2026-06-27 04:49:12,48,59,0,394,7.173,60.63
2026-06-27 04:54:12,48,58,0,369,7.125,69.422
2026-06-27 04:59:12,48,58,0,376,7.202,69.343
2026-06-27 05:04:12,48,58,0,376,7.272,64.531
2026-06-27 05:09:12,48,58,0,379,7.272,68.641
2026-06-27 05:14:13,48,58,0,370,7.261,56.066
2026-06-27 05:19:12,48,57,0,349,7.181,66.614
2026-06-27 05:24:12,46,57,0,335,7.029,64.857
2026-06-27 05:29:12,48,56,0,333,6.852,65.836
2026-06-27 05:34:12,48,58,0,317,6.719,65.288
2026-06-27 05:39:12,49,56,0,340,6.585,66.52
2026-06-27 05:44:12,49,58,0,357,6.484,66.929
2026-06-27 05:49:12,47,58,0,360,6.423,66.345
2026-06-27 05:54:12,46,57,0,337,6.316,66.12
2026-06-27 05:59:12,45,57,0,344,6.236,66.745
2026-06-27 06:04:12,49,56,0,348,6.155,66.812
2026-06-27 06:09:12,47,57,0,348,6.075,67.411
2026-06-27 06:14:12,49,58,0,345,6.009,67.043
2026-06-27 06:19:13,45,52,0,325,5.993,63.52
2026-06-27 06:24:12,46,51,0,333,5.939,63.16
2026-06-27 06:29:12,42,50,0,297,5.854,67.051
2026-06-27 06:34:12,47,57,0,341,5.784,59.339
2026-06-27 06:39:12,46,56,0,377,5.734,59.459
2026-06-27 06:44:12,56,69,0,422,5.664,61.121
2026-06-27 06:49:13,47,53,0,408,5.68,63.987
2026-06-27 06:54:13,50,60,0,421,5.782,61.59
2026-06-27 06:59:12,47,57,0,380,5.904,59.793
2026-06-27 07:04:13,47,57,0,369,6.014,68.578
2026-06-27 07:09:12,46,57,0,354,6.067,68.302
2026-06-27 07:14:13,42,48,0,331,6.041,66.765
2026-06-27 07:19:13,42,48,0,277,5.945,64.937
2026-06-27 07:24:13,41,46,0,281,5.806,64.733
2026-06-27 07:29:13,41,43,0,273,5.653,64.842
2026-06-27 07:34:12,41,44,0,269,5.552,66.066
2026-06-27 07:39:13,42,48,0,290,5.461,55.896
2026-06-27 07:44:13,42,47,0,287,5.435,63.137
2026-06-27 07:49:13,45,53,0,291,5.408,62.715
2026-06-27 07:54:12,43,49,0,302,5.41,69.143
2026-06-27 07:59:12,44,49,0,287,5.469,69.555
2026-06-27 08:04:13,47,55,0,283,5.56,69.368
2026-06-27 08:09:13,49,62,0,293,5.603,68.681
2026-06-27 08:14:13,49,59,0,322,5.672,68.567
2026-06-27 08:19:13,51,60,0,340,5.718,68.924
2026-06-27 08:24:13,46,55,0,330,5.803,68.634
2026-06-27 08:29:13,51,60,0,387,5.894,68.443
2026-06-27 08:34:13,52,62,0,355,6.022,67.741
2026-06-27 08:39:12,51,61,0,344,6.123,67.228
2026-06-27 08:44:13,52,59,0,312,6.292,66.515
2026-06-27 08:49:13,46,57,0,357,6.404,67.407
2026-06-27 08:54:13,45,56,0,376,6.575,68.294
2026-06-27 08:59:13,52,62,0,366,6.799,68.025
2026-06-27 09:04:13,52,62,0,335,7.045,67.867
2026-06-27 09:09:13,54,66,0,335,7.298,67.087
2026-06-27 09:14:12,54,68,0,293,7.581,66.839
2026-06-27 09:19:13,55,67,0,338,8.201,67.966
2026-06-27 09:24:13,53,67,0,352,9.798,62.173
2026-06-27 09:29:13,47,55,0,376,11.534,53.506
2026-06-27 09:34:13,48,57,0,336,13.016,52.31
2026-06-27 09:39:13,45,55,0,300,14.297,49.446
2026-06-27 09:44:13,45,55,0,325,15.333,47.227
2026-06-27 09:49:13,45,53,0,310,16.022,45.696
2026-06-27 09:54:13,44,53,0,289,16.476,45.623
2026-06-27 09:59:13,42,50,0,297,17.205,44.166
2026-06-27 10:04:14,42,49,0,280,17.857,42.995
2026-06-27 10:09:13,42,51,0,278,18.754,40.935
2026-06-27 10:14:13,42,51,0,284,19.753,39.182
2026-06-27 10:19:13,44,52,0,276,20.711,37.778
2026-06-27 10:24:13,42,50,0,215,21.288,38.667
2026-06-27 10:29:13,45,55,0,311,21.219,34.295
2026-06-27 10:34:13,44,52,0,258,21.491,34.425
2026-06-27 10:39:13,42,50,0,240,21.737,37.7
2026-06-27 10:44:13,41,51,0,254,22.215,35.133
2026-06-27 10:49:13,44,54,0,258,22.914,33.555
2026-06-27 10:54:13,42,50,0,268,23.47,31.73
2026-06-27 10:59:13,43,51,0,262,24.287,31.119
2026-06-27 11:04:13,44,53,0,254,25.003,29.79
2026-06-27 11:09:13,42,51,0,243,25.513,29.428
2026-06-27 11:14:13,43,50,0,238,26.025,27.803
2026-06-27 11:19:13,44,53,0,243,26.613,27.556
2026-06-27 11:24:13,39,46,0,211,27.179,26.828
2026-06-27 11:29:13,40,48,0,217,27.633,27.343
2026-06-27 11:34:14,40,48,0,220,27.689,26.637
2026-06-27 11:39:13,43,50,0,205,27.774,26.544
2026-06-27 11:44:14,37,45,0,200,27.796,26.584
2026-06-27 11:49:13,41,51,0,198,27.956,25.744
2026-06-27 11:54:14,40,47,0,187,28.431,25.365
2026-06-27 11:59:14,41,49,0,174,28.925,27.318
2026-06-27 12:04:13,41,49,0,187,29.08,24.806
2026-06-27 12:09:14,40,47,0,151,29.321,32.222
2026-06-27 12:14:14,41,50,0,179,29.257,24.69
2026-06-27 12:19:13,40,48,0,161,29.31,24.602
2026-06-27 12:24:14,41,49,0,142,29.558,24.169
2026-06-27 12:29:13,41,49,0,134,30.087,24.255
2026-06-27 12:34:14,40,48,0,133,30.637,23.858
2026-06-27 12:39:13,38,47,0,125,30.829,23.623
2026-06-27 12:44:14,35,44,0,114,30.723,23.553
2026-06-27 12:49:13,39,46,0,101,30.933,23.786
2026-06-27 12:54:13,38,45,0,76,31.227,23.314
2026-06-27 12:59:14,38,44,0,65,31.606,28.689
2026-06-27 13:04:14,36,41,0,82,31.847,22.653
2026-06-27 13:09:14,34,37,0,19,32.301,28.955
2026-06-27 13:14:14,31,34,0,28,32.485,21.466
2026-06-27 13:19:13,33,38,0,17,32.672,21.775
2026-06-27 13:24:14,29,32,0,6,32.859,23.545
2026-06-27 13:29:13,31,33,0,0,32.934,26.263
2026-06-27 13:34:14,29,30,0,0,32.399,21.684
2026-06-27 13:39:14,28,30,0,3,32.359,22.182
2026-06-27 13:44:14,29,30,0,19,32.472,23.309
2026-06-27 13:49:14,27,29,0,6,32.835,22.386
2026-06-27 13:54:14,28,29,0,0,33.134,29.454
2026-06-27 13:59:14,21,23,0,0,33.417,28.459
2026-06-27 14:04:14,16,18,0,0,33.43,25.458
2026-06-27 14:09:14,20,22,0,0,33.51,21.157
2026-06-27 14:14:14,19,21,0,0,33.665,20.232
2026-06-27 14:19:14,22,24,0,0,33.932,28.079
2026-06-27 14:24:13,22,22,0,0,33.863,26.868
2026-06-27 14:29:14,25,29,0,0,33.641,21.97
2026-06-27 14:34:14,18,18,0,0,33.257,20.812
2026-06-27 14:39:13,18,19,0,0,33.134,21.392
2026-06-27 14:44:14,13,13,0,0,33.006,21.989
2026-06-27 14:49:14,17,19,0,0,32.568,23.299
2026-06-27 14:54:14,16,17,0,0,32.287,22.714
2026-06-27 14:59:14,17,18,0,0,32.004,22.916
2026-06-27 15:04:14,15,16,0,0,31.379,25.764
2026-06-27 15:09:14,19,20,0,0,30.958,24.499
2026-06-27 15:14:14,25,26,0,0,30.792,24.831
2026-06-27 15:19:15,24,24,0,0,30.469,25.392
2026-06-27 15:24:14,26,29,0,0,30.351,25.653
2026-06-27 15:29:14,17,17,0,0,29.913,25.931
2026-06-27 15:34:14,17,18,0,0,29.459,26.576
2026-06-27 15:39:14,30,33,0,0,29.19,27.225
2026-06-27 15:44:14,20,23,0,0,28.901,27.825
2026-06-27 15:49:14,29,32,0,0,28.57,28.241
2026-06-27 15:54:14,18,23,0,0,28.138,27.822
2026-06-27 15:59:14,22,22,0,0,27.887,28.39
2026-06-27 16:04:14,12,14,0,0,27.329,28.71
2026-06-27 16:09:14,22,24,0,0,27.2,29.309
2026-06-27 16:14:14,23,26,0,0,26.992,29.466
2026-06-27 16:19:14,39,47,0,0,26.752,29.504
2026-06-27 16:24:14,39,46,0,0,26.511,27.135
2026-06-27 16:29:14,25,26,0,0,26.316,27.249
2026-06-27 16:34:14,18,19,0,0,25.959,27.511
2026-06-27 16:39:14,16,17,0,0,25.761,28.426
2026-06-27 16:44:14,8,13,0,0,25.494,27.482
2026-06-27 16:49:14,11,11,0,6,25.158,27.785
2026-06-27 16:54:14,11,13,0,0,24.995,28.216
2026-06-27 16:59:14,14,19,0,0,24.738,29.107
2026-06-27 17:04:14,8,8,0,0,24.397,28.4
2026-06-27 17:09:14,14,14,0,0,24.113,28.379
2026-06-27 17:14:14,8,10,0,7,23.745,28.855
2026-06-27 17:19:14,11,13,0,0,23.256,29.357
2026-06-27 17:24:14,13,16,0,14,22.546,30.393
2026-06-27 17:29:15,10,12,0,59,21.83,31.4
2026-06-27 17:34:14,17,17,0,70,21.211,32.127
2026-06-27 17:39:15,19,20,0,40,20.597,33.012
2026-06-27 17:44:14,34,38,0,30,20.071,33.977
2026-06-27 17:49:14,33,41,0,93,19.59,34.734
2026-06-27 17:54:14,18,18,0,90,19.168,35.714
2026-06-27 17:59:14,17,17,0,198,18.714,36.525
2026-06-27 18:04:14,26,28,0,269,18.367,37.246
2026-06-27 18:09:15,27,29,0,284,18.001,37.996
2026-06-27 18:14:14,29,30,0,360,17.665,38.408
2026-06-27 18:19:15,24,24,0,313,17.339,39.514
2026-06-27 18:24:15,18,19,0,281,16.981,39.695
2026-06-27 18:29:15,22,22,0,262,16.607,40.571
2026-06-27 18:34:14,23,24,0,262,16.3,40.975
2026-06-27 18:39:14,19,20,0,214,15.996,41.782
2026-06-27 18:44:14,19,19,0,206,15.67,42.289
2026-06-27 18:49:15,20,21,0,215,15.414,42.97
2026-06-27 18:54:14,17,18,0,214,15.216,42.957
2026-06-27 18:59:15,21,23,0,248,15,43.384
2026-06-27 19:04:14,24,24,0,266,14.871,42.943
2026-06-27 19:09:15,25,28,0,259,14.701,44.231
2026-06-27 19:14:14,37,45,0,254,14.54,44.525
2026-06-27 19:19:14,31,31,0,268,14.412,45.419
2026-06-27 19:24:15,43,50,0,276,14.303,45.768
2026-06-27 19:29:15,28,29,0,175,14.174,46.134
2026-06-27 19:34:15,19,21,0,184,14.041,46.338
2026-06-27 19:39:15,29,30,0,196,13.891,47.061
2026-06-27 19:44:14,16,17,0,190,13.731,47.435
2026-06-27 19:49:15,20,20,0,244,13.531,47.988
2026-06-27 19:54:14,22,22,0,213,13.371,48.709
2026-06-27 19:59:15,24,26,0,263,13.178,49.158
2026-06-27 20:04:14,25,26,0,259,13.018,49.175
2026-06-27 20:09:15,21,24,0,334,12.901,49.621
2026-06-27 20:14:14,17,21,0,293,12.775,49.957
2026-06-27 20:19:15,12,12,0,225,12.642,49.482
2026-06-27 20:24:15,12,12,0,239,12.492,49.257
2026-06-27 20:29:15,22,24,0,311,12.316,48.911
2026-06-27 20:34:15,24,28,0,335,12.054,47.941
2026-06-27 20:39:15,26,28,0,339,11.801,50.5
2026-06-27 20:44:15,26,26,0,374,11.528,50.094
2026-06-27 20:49:15,30,31,0,418,11.293,51.54
2026-06-27 20:54:15,28,29,0,429,11.09,49.793
2026-06-27 20:59:15,34,35,0,407,10.802,53.207
2026-06-27 21:04:15,42,48,0,494,10.644,53.998
2026-06-27 21:09:14,46,55,0,576,10.473,53.93
2026-06-27 21:14:15,60,74,0,762,10.34,43.395
2026-06-27 21:19:15,74,85,0,947,10.169,48.623
2026-06-27 21:24:14,80,90,0,988,10.068,47.553
2026-06-27 21:29:15,70,85,0,832,10.017,55.166
2026-06-27 21:34:15,75,87,0,854,9.937,55.572
2026-06-27 21:39:15,80,88,0,877,9.846,56.221
2026-06-27 21:44:15,86,92,0,883,9.75,56.322
2026-06-27 21:49:15,81,90,0,868,9.683,56.112
2026-06-27 21:54:14,73,84,0,859,9.603,56.404
2026-06-27 21:59:15,72,86,0,1104,9.517,52.555
2026-06-27 22:04:15,75,87,0,874,9.437,55.536
2026-06-27 22:09:15,77,89,0,959,9.301,56.276
2026-06-27 22:14:15,73,86,0,981,9.109,56.913
2026-06-27 22:19:15,78,88,0,891,8.949,56.48
2026-06-27 22:24:16,80,89,0,860,8.788,56.696
2026-06-27 22:29:15,80,90,0,868,8.599,56.474
2026-06-27 22:34:15,77,89,0,724,8.455,55.494
2026-06-27 22:39:15,80,91,0,862,8.284,57.478
2026-06-27 22:44:15,79,91,0,798,8.156,54.51
2026-06-27 22:49:15,70,86,0,729,7.979,56.001
2026-06-27 22:54:15,70,85,0,758,7.816,54.899
2026-06-27 22:59:15,65,82,0,741,7.63,58.05
2026-06-27 23:04:15,72,87,0,771,7.491,58.935
2026-06-27 23:09:15,65,83,0,746,7.427,57.869
2026-06-27 23:14:15,69,83,0,752,7.272,58.334
2026-06-27 23:19:15,66,82,0,660,7.109,57.483
2026-06-27 23:24:15,65,83,0,682,6.959,58.454
2026-06-27 23:29:15,59,74,0,651,6.788,48.479
2026-06-27 23:34:15,60,76,0,563,6.596,59.463
2026-06-27 23:39:15,56,70,0,434,6.511,59.791
2026-06-27 23:44:15,61,78,0,473,6.38,60.764
2026-06-27 23:49:15,58,72,0,586,6.3,61.254
2026-06-27 23:54:15,60,76,0,576,6.273,55.866
2026-06-27 23:59:15,65,81,0,617,6.262,58.977
2026-06-28 00:04:15,65,81,0,691,6.262,58.399
2026-06-28 00:09:15,92,99,0,1109,6.27,51.578
2026-06-28 00:14:15,90,99,0,977,6.308,62.32
2026-06-28 00:19:15,89,99,0,1043,6.334,49.657
2026-06-28 00:24:15,84,96,0,695,6.382,62.175
2026-06-28 00:29:15,76,91,0,726,6.388,50.933
2026-06-28 00:34:15,85,95,0,704,6.401,61.859
2026-06-28 00:39:15,81,91,0,674,6.401,63.207
2026-06-28 00:44:15,83,95,0,870,6.348,50.935
2026-06-28 00:49:15,103,109,0,988,6.289,62.412
2026-06-28 00:54:15,107,116,0,1004,6.236,61.823
2026-06-28 00:59:15,100,106,0,833,6.196,61.472
2026-06-28 01:04:16,81,92,0,485,6.11,59.482
2026-06-28 01:09:15,63,80,0,381,5.945,60.747
2026-06-28 01:14:15,62,77,0,357,5.816,60.402
2026-06-28 01:19:15,61,75,0,353,5.704,61.636
2026-06-28 01:24:15,63,80,0,378,5.595,62.044
2026-06-28 01:29:15,63,80,0,438,5.477,62.597
2026-06-28 01:34:16,64,80,0,440,5.429,61.927
2026-06-28 01:39:15,67,83,0,458,5.338,59.043
2026-06-28 01:44:15,72,89,0,513,5.226,59.183
2026-06-28 01:49:15,66,80,0,445,5.063,53.97
2026-06-28 01:54:16,65,82,0,384,4.957,62.236
2026-06-28 01:59:15,62,80,0,394,4.887,60.512
2026-06-28 02:04:16,62,78,0,384,4.812,59.393
2026-06-28 02:09:15,60,75,0,353,4.759,56.745
2026-06-28 02:14:15,61,73,0,353,4.724,64.497
2026-06-28 02:19:15,62,77,0,351,4.73,65.464
2026-06-28 02:24:16,63,79,0,341,4.74,65.284
2026-06-28 02:29:16,63,76,0,351,4.751,65.244
2026-06-28 02:34:16,62,74,0,331,4.772,63.974
2026-06-28 02:39:29,60,73,0,347,4.732,64.335
2026-06-28 02:44:16,58,71,0,345,4.719,64.497
2026-06-28 02:49:15,58,72,0,334,4.735,63.072
2026-06-28 02:54:16,60,73,0,316,4.679,63.593
2026-06-28 02:59:15,59,72,0,329,4.588,63.6
2026-06-28 03:04:16,60,73,0,424,4.529,51.795
2026-06-28 03:09:15,59,74,0,349,4.471,63.997
2026-06-28 03:14:16,57,73,0,371,4.449,63.503
2026-06-28 03:19:16,55,65,0,362,4.414,65.782
2026-06-28 03:24:16,56,66,0,361,4.446,66.278
2026-06-28 03:29:16,56,67,0,385,4.484,65.498
2026-06-28 03:34:16,55,66,0,373,4.505,66.465
2026-06-28 03:39:16,53,65,0,360,4.521,65.881
2026-06-28 03:44:15,53,64,0,359,4.503,66.002
2026-06-28 03:49:16,54,66,0,333,4.503,66.419
2026-06-28 03:54:16,54,65,0,353,4.454,65.832
2026-06-28 03:59:15,55,66,0,415,4.385,65.389
2026-06-28 04:04:16,56,66,0,329,4.321,64.926
2026-06-28 04:09:16,56,65,0,333,4.217,63.894
2026-06-28 04:14:15,50,62,0,332,4.11,64.935
2026-06-28 04:19:16,50,60,0,380,4.035,58.572
2026-06-28 04:24:15,55,69,0,357,3.971,55.028
2026-06-28 04:29:16,59,71,0,332,3.896,51.755
2026-06-28 04:34:16,53,61,0,301,3.728,52.288
2026-06-28 04:39:16,49,61,0,294,3.627,53.659
2026-06-28 04:44:16,52,64,0,249,3.509,62.975
2026-06-28 04:49:16,53,64,0,267,3.424,62.374
2026-06-28 04:54:15,54,64,0,269,3.349,64.838
2026-06-28 04:59:16,55,67,0,308,3.293,65.37
2026-06-28 05:04:16,55,65,0,348,3.272,55.618
2026-06-28 05:09:16,56,67,0,308,3.256,66.091
2026-06-28 05:14:15,55,67,0,309,3.229,65.883
2026-06-28 05:19:16,57,66,0,329,3.245,66.221
2026-06-28 05:24:16,56,70,0,369,3.248,64.323
2026-06-28 05:29:16,57,68,0,367,3.29,52.673
2026-06-28 05:34:15,58,72,0,314,3.322,65.254
2026-06-28 05:39:16,58,72,0,351,3.317,62.58
2026-06-28 05:44:16,55,67,0,304,3.21,64.069
2026-06-28 05:49:16,56,68,0,302,3.127,64.317
2026-06-28 05:54:16,56,67,0,294,3.079,64.756
2026-06-28 05:59:16,48,60,0,331,3.015,59.949
2026-06-28 06:04:16,44,54,0,431,2.978,65.58
2026-06-28 06:09:16,43,48,0,406,3.01,67.342
2026-06-28 06:14:16,53,62,0,422,3.045,54.414
2026-06-28 06:19:16,53,63,0,354,3.039,65.666
2026-06-28 06:24:16,48,56,0,353,2.964,64.235
2026-06-28 06:29:16,49,60,0,373,2.922,56.816
2026-06-28 06:34:16,50,57,0,337,2.89,64.264
2026-06-28 06:39:16,54,64,0,382,2.834,65.103
2026-06-28 06:44:16,52,63,0,341,2.828,66.086
2026-06-28 06:49:16,53,62,0,333,2.807,57.535
2026-06-28 06:54:16,54,67,0,361,2.839,52.286
2026-06-28 06:59:16,57,68,0,309,2.812,65.704
2026-06-28 07:04:16,54,67,0,286,2.762,65.914
2026-06-28 07:09:16,55,66,0,319,2.735,65.139
2026-06-28 07:14:16,51,62,0,369,2.687,66.114
2026-06-28 07:19:16,52,62,0,399,2.713,64.739
2026-06-28 07:24:16,48,53,0,414,2.719,66.196
2026-06-28 07:29:16,46,51,0,445,2.759,65.798
2026-06-28 07:34:16,48,53,0,425,2.775,65.189
2026-06-28 07:39:16,48,55,0,400,2.786,65.832
2026-06-28 07:44:16,49,61,0,352,2.839,66.866
2026-06-28 07:49:16,48,55,0,379,2.924,64.079
2026-06-28 07:54:16,48,56,0,353,2.948,64.266
2026-06-28 07:59:16,47,57,0,346,2.948,64.05
2026-06-28 08:04:16,48,56,0,341,2.911,63.741
2026-06-28 08:09:16,47,53,0,329,2.938,64.048
2026-06-28 08:14:16,51,64,0,399,3.018,52.343
2026-06-28 08:19:16,47,57,0,363,3.042,52.476
2026-06-28 08:24:16,48,53,0,324,3.042,64.184
2026-06-28 08:29:16,47,58,0,338,3.17,64.321
2026-06-28 08:34:16,43,47,0,290,3.266,65.536
2026-06-28 08:39:16,48,54,0,319,3.41,61.273
2026-06-28 08:44:16,47,57,0,309,3.568,65.324
2026-06-28 08:49:16,44,53,0,319,3.782,65.839
2026-06-28 08:54:16,44,52,0,256,4.022,66.177
2026-06-28 08:59:16,44,49,0,253,4.294,66.028
2026-06-28 09:04:16,48,56,0,305,4.609,54.334
2026-06-28 09:09:16,47,54,0,287,4.949,60.217
2026-06-28 09:14:16,45,51,0,262,5.274,54.952
2026-06-28 09:19:17,45,55,0,278,6.011,63.833
2026-06-28 09:24:16,49,57,0,266,7.784,60.203
2026-06-28 09:29:16,45,57,0,251,9.841,52.86
2026-06-28 09:34:17,45,55,0,245,11.477,49.175
2026-06-28 09:39:16,47,57,0,232,12.716,46.522
2026-06-28 09:44:16,48,56,0,228,13.956,42.957
2026-06-28 09:49:17,44,55,0,233,14.901,41.097
2026-06-28 09:54:16,47,55,0,273,16.033,38.921
2026-06-28 09:59:17,45,54,0,220,17.147,37.713
2026-06-28 10:04:16,45,54,0,233,18.076,35.92
2026-06-28 10:09:17,44,53,0,231,19.117,34.743
2026-06-28 10:14:16,41,50,0,201,20.26,36.494
2026-06-28 10:19:17,31,38,0,145,21.278,28.932
2026-06-28 10:24:16,33,36,0,136,21.774,24.823
2026-06-28 10:29:16,32,35,0,74,22.276,31.675
2026-06-28 10:34:16,32,36,0,73,22.698,26.65
2026-06-28 10:39:17,33,36,0,59,23.387,29.706
2026-06-28 10:44:17,33,36,0,91,23.886,25.807
2026-06-28 10:49:17,32,34,0,45,24.682,29.96
2026-06-28 10:54:17,33,38,0,31,25.628,29.575
2026-06-28 10:59:16,29,30,0,14,26.268,27.619
2026-06-28 11:04:17,29,31,0,18,26.503,19.118
2026-06-28 11:09:16,26,27,0,0,26.997,26.631
2026-06-28 11:14:17,23,24,0,0,27.51,26.517
2026-06-28 11:19:17,29,33,0,19,28.114,18.805
2026-06-28 11:24:17,23,25,0,0,29.192,24.623
2026-06-28 11:29:17,28,30,0,0,29.459,19.917
2026-06-28 11:34:17,27,29,0,0,29.692,20.827
2026-06-28 11:39:17,25,28,0,0,29.516,23.486
2026-06-28 11:44:17,26,28,0,0,30.098,23.015
2026-06-28 11:49:17,27,28,0,0,30.354,23.183
2026-06-28 11:54:18,29,32,0,0,30.723,23.149
2026-06-28 11:59:17,30,30,0,0,31.04,22.922
2026-06-28 12:04:17,25,27,0,0,31.473,21.163
2026-06-28 12:09:17,29,33,0,0,31.302,22.489
2026-06-28 12:14:16,35,41,0,0,31.59,22.78
2026-06-28 12:19:17,26,29,0,0,32.036,15.036
2026-06-28 12:24:17,29,30,0,0,32.661,14.264
2026-06-28 12:29:17,26,28,0,0,33.644,21.132
2026-06-28 12:34:17,24,24,0,0,33.622,14.285
2026-06-28 12:39:17,26,29,0,0,33.895,13.484
2026-06-28 12:44:17,24,26,0,0,34.912,13.11
2026-06-28 12:49:17,26,26,0,0,35.756,15.473
2026-06-28 12:54:17,20,22,0,0,36.125,20.972
2026-06-28 12:59:17,22,22,0,0,35.97,11.615
2026-06-28 13:04:17,23,24,0,0,36.488,18.472
2026-06-28 13:09:17,19,21,0,0,36.795,18.182
2026-06-28 13:14:17,18,19,0,0,36.779,11.029
2026-06-28 13:19:17,20,22,0,0,37.243,11.809
2026-06-28 13:24:17,9,9,0,0,37.089,10.255
2026-06-28 13:29:17,16,18,0,0,37.19,10.522
2026-06-28 13:34:17,14,15,0,0,37.155,10.896
2026-06-28 13:39:17,18,20,0,0,37.417,10.649
2026-06-28 13:44:18,16,17,0,0,37.716,11.132
2026-06-28 13:49:17,13,15,0,0,37.946,10.445
2026-06-28 13:54:17,11,11,0,0,37.972,10.56
2026-06-28 13:59:17,11,12,0,0,37.575,10.84
2026-06-28 14:04:17,8,9,0,0,37.372,20.085
2026-06-28 14:09:17,8,8,0,0,37.243,11.021
2026-06-28 14:14:18,5,6,0,0,37.281,9.862
2026-06-28 14:19:17,7,7,0,0,37.302,10.653
2026-06-28 14:24:18,7,7,0,0,37.551,18.783
2026-06-28 14:29:17,6,6,0,0,37.876,13.926
2026-06-28 14:34:17,8,11,0,0,37.962,10.92
2026-06-28 14:39:17,6,7,0,0,37.983,10.848
2026-06-28 14:44:17,6,7,0,0,38.239,16.555
2026-06-28 14:49:17,5,5,0,0,38.306,18.193
2026-06-28 14:54:17,7,7,0,0,37.89,15.864
2026-06-28 14:59:18,7,8,0,0,37.356,10.163
2026-06-28 15:04:17,7,8,0,0,37.484,19.978
2026-06-28 15:09:17,5,5,0,0,37.697,10.531
2026-06-28 15:14:17,4,5,0,0,37.882,10.197
2026-06-28 15:19:18,5,5,0,0,38.138,9.877
2026-06-28 15:24:17,6,6,0,0,38.229,10.234
2026-06-28 15:29:18,7,7,0,0,38.154,10.026
2026-06-28 15:34:17,5,6,0,0,38.167,10.751
2026-06-28 15:39:18,5,6,0,0,38.039,9.869
2026-06-28 15:44:17,5,5,0,0,37.943,9.919
2026-06-28 15:49:18,5,5,0,0,37.729,17.978
2026-06-28 15:54:17,3,4,0,0,37.243,9.152
2026-06-28 15:59:17,1,1,0,0,36.53,14.256
2026-06-28 16:04:17,2,3,0,0,35.676,9.73
2026-06-28 16:09:18,3,4,0,0,34.854,10.526
2026-06-28 16:14:18,6,6,0,0,34.218,10.083
2026-06-28 16:19:18,4,5,0,0,33.946,10.64
2026-06-28 16:24:18,5,6,0,0,33.729,10.642
2026-06-28 16:29:17,6,6,0,0,33.558,10.672
2026-06-28 16:34:18,7,7,0,0,33.452,11.058
2026-06-28 16:39:18,34,40,0,0,33.371,10.615
2026-06-28 16:44:18,6,6,0,0,33.313,16.623
2026-06-28 16:49:18,24,27,0,0,33.112,14.853
2026-06-28 16:54:18,25,26,0,0,32.776,10.657
2026-06-28 16:59:18,18,20,0,0,32.162,15.784
2026-06-28 17:04:18,6,6,0,0,31.473,14.909
2026-06-28 17:09:18,8,8,0,0,30.763,13.236
2026-06-28 17:14:18,11,12,0,10,30.114,17.318
2026-06-28 17:19:18,17,17,0,0,29.259,13.375
2026-06-28 17:24:18,6,6,0,0,28.362,15.941
2026-06-28 17:29:18,8,8,0,0,27.374,13.68
2026-06-28 17:34:18,12,12,0,4,26.594,16.694
2026-06-28 17:39:18,17,20,0,0,25.822,17.905
2026-06-28 17:44:18,8,8,0,0,25.075,16.562
2026-06-28 17:49:18,13,14,0,64,24.29,17.775
2026-06-28 17:54:18,7,7,0,0,23.617,14.968
2026-06-28 17:59:18,6,6,0,0,23.163,15.641
2026-06-28 18:04:18,4,5,0,0,22.765,17.226
2026-06-28 18:09:18,6,6,0,0,22.316,17.125
2026-06-28 18:14:18,6,6,0,0,21.921,18.214
2026-06-28 18:19:18,6,7,0,0,21.542,18.653
2026-06-28 18:24:18,8,8,0,0,21.205,18.117
2026-06-28 18:29:18,5,8,0,0,20.914,18.449
2026-06-28 18:34:18,7,7,0,7,20.599,19.801
2026-06-28 18:39:18,6,7,0,28,20.295,18.996
2026-06-28 18:44:18,8,8,0,22,20.012,19.744
2026-06-28 18:49:18,7,9,0,0,19.686,19.58
2026-06-28 18:54:18,6,7,0,28,19.374,20.032
2026-06-28 18:59:18,11,11,0,86,19.059,20.289
2026-06-28 19:04:18,9,11,0,144,18.647,21.049
2026-06-28 19:09:18,8,10,0,221,18.199,21.367
2026-06-28 19:14:18,8,8,0,157,17.798,21.968
2026-06-28 19:19:18,9,12,0,251,17.4,22.555
2026-06-28 19:24:18,9,14,0,254,17.048,23.311
2026-06-28 19:29:18,9,12,0,265,16.695,23.675
2026-06-28 19:34:18,13,13,0,256,16.369,24.497
2026-06-28 19:39:18,14,15,0,279,16.022,25.308
2026-06-28 19:44:18,20,23,0,465,15.71,26.303
2026-06-28 19:49:18,25,26,0,378,15.389,26.942
2026-06-28 19:54:19,34,40,0,445,15.117,26.738
2026-06-28 19:59:19,30,33,0,424,14.834,27.061
2026-06-28 20:04:18,34,40,0,494,14.594,27.553
2026-06-28 20:09:19,32,36,0,417,14.383,26.801
2026-06-28 20:14:18,34,36,0,403,14.089,28.115
2026-06-28 20:19:19,30,31,0,332,13.737,28.331
2026-06-28 20:24:18,44,54,0,509,13.363,30.072
2026-06-28 20:29:19,50,65,0,536,13.069,30.33
2026-06-28 20:34:18,43,51,0,485,12.927,31.07
2026-06-28 20:39:18,39,42,0,398,12.799,30.833
2026-06-28 20:44:18,39,47,0,389,12.687,31.264
2026-06-28 20:49:18,50,63,0,566,12.522,31.514
2026-06-28 20:54:18,52,65,0,560,12.324,31.848
2026-06-28 20:59:18,54,68,0,591,12.15,28.752
2026-06-28 21:04:19,52,64,0,569,11.985,27.606
2026-06-28 21:09:18,56,70,0,803,11.846,33.208
2026-06-28 21:14:18,62,77,0,835,11.686,33.508
2026-06-28 21:19:18,90,96,0,1182,11.595,29.607
2026-06-28 21:24:19,86,91,0,1129,11.453,34.082
2026-06-28 21:29:19,93,98,0,1430,11.379,27.721
2026-06-28 21:34:18,60,74,0,777,11.411,28.289
2026-06-28 21:39:18,57,70,0,636,11.507,31.938
2026-06-28 21:44:18,70,81,0,792,11.571,32.348
2026-06-28 21:49:18,67,80,0,789,11.542,32.1
2026-06-28 21:54:19,65,78,0,771,11.44,33.08
2026-06-28 21:59:18,66,79,0,840,11.36,27.173
2026-06-28 22:04:19,73,86,0,826,11.232,32.525
2026-06-28 22:09:19,68,80,0,771,11.136,33.551
2026-06-28 22:14:19,69,84,0,757,11.015,33.727
2026-06-28 22:19:19,67,81,0,707,10.829,35.119
2026-06-28 22:24:19,66,80,0,718,10.583,35.312
2026-06-28 22:29:19,70,81,0,728,10.396,35.789
2026-06-28 22:34:19,62,78,0,637,10.23,36.245
2026-06-28 22:39:19,66,80,0,675,9.987,37.442
2026-06-28 22:44:19,68,82,0,693,9.731,37.355
2026-06-28 22:49:19,60,75,0,586,9.512,38.053
2026-06-28 22:54:19,64,79,0,653,9.304,38.69
2026-06-28 22:59:19,85,93,0,873,9.186,38.764
2026-06-28 23:04:19,64,81,0,621,9.141,39.403
2026-06-28 23:09:19,58,72,0,520,8.965,39.615
2026-06-28 23:14:18,58,73,0,508,8.772,40.489
2026-06-28 23:19:19,60,75,0,578,8.623,39.838
2026-06-28 23:24:18,59,75,0,596,8.479,39.529
2026-06-28 23:29:19,63,79,0,609,8.364,40.368
2026-06-28 23:34:19,64,82,0,708,8.305,40.649
2026-06-28 23:39:19,63,78,0,651,8.284,40.254
2026-06-28 23:44:19,59,72,0,582,8.278,40.372
2026-06-28 23:49:18,58,72,0,543,8.273,40.632
2026-06-28 23:54:19,58,73,0,499,8.238,40.237
2026-06-28 23:59:18,55,67,0,481,8.244,34.723
2026-06-29 00:04:19,55,68,0,461,8.233,39.562
2026-06-29 00:09:19,56,70,0,468,8.238,40.95
2026-06-29 00:14:19,55,67,0,435,8.185,41.194
2026-06-29 00:19:18,57,69,0,504,8.14,41.601
2026-06-29 00:24:19,58,71,0,595,8.054,32.071
2026-06-29 00:29:19,57,69,0,491,7.91,41.597
2026-06-29 00:34:19,54,68,0,425,7.814,41.335
2026-06-29 00:39:19,52,61,0,402,7.718,42.112
2026-06-29 00:44:19,52,62,0,406,7.624,42.608
2026-06-29 00:49:19,51,64,0,362,7.496,42.98
2026-06-29 00:54:19,52,62,0,359,7.437,43.313
2026-06-29 00:59:19,50,60,0,423,7.298,32.75
2026-06-29 01:04:19,52,63,0,366,7.176,43.29
2026-06-29 01:09:19,59,73,0,508,7.141,33.103
2026-06-29 01:14:19,56,68,0,477,7.077,43.292
2026-06-29 01:19:19,57,71,0,442,7.061,43.95
2026-06-29 01:24:19,55,68,0,438,7.082,43.554
2026-06-29 01:29:19,55,67,0,424,7.119,43.1
2026-06-29 01:34:19,57,70,0,422,7.154,43.229
2026-06-29 01:39:20,56,70,0,406,7.197,42.743
2026-06-29 01:44:19,56,68,0,395,7.213,42.869
2026-06-29 01:49:19,54,66,0,383,7.197,42.522
2026-06-29 01:54:19,52,64,0,378,7.165,41.65
2026-06-29 01:59:19,49,57,0,346,7.146,41.833
2026-06-29 02:04:19,48,57,0,310,7.141,41.78
2026-06-29 02:09:19,44,56,0,338,7.157,36.842
2026-06-29 02:14:20,44,56,0,297,7.162,41.85
2026-06-29 02:19:19,44,55,0,154,7.152,41.152
2026-06-29 02:24:19,43,52,0,151,7.17,41.425
2026-06-29 02:29:19,42,48,0,143,7.16,40.942
2026-06-29 02:34:20,42,47,0,143,7.095,41.03
2026-06-29 02:39:19,41,46,0,145,7.074,38.352
2026-06-29 02:44:19,41,48,0,132,7.09,40.263
2026-06-29 02:49:19,41,47,0,138,7.109,40.191
2026-06-29 02:54:19,40,44,0,116,7.119,41.7
2026-06-29 02:59:19,43,49,0,117,7.002,42.619
2026-06-29 03:04:20,42,47,0,101,6.868,43.189
2026-06-29 03:09:19,40,41,0,111,6.762,42.863
2026-06-29 03:14:19,39,44,0,108,6.679,43.18
2026-06-29 03:19:20,37,39,0,109,6.636,43.485
2026-06-29 03:24:19,42,46,0,123,6.556,43.592
2026-06-29 03:29:19,40,44,0,113,6.476,42.285
2026-06-29 03:34:19,40,43,0,97,6.38,43.355
2026-06-29 03:39:20,40,44,0,116,6.238,42.032
2026-06-29 03:44:19,42,48,0,146,6.131,34.721
2026-06-29 03:49:20,40,45,0,109,6.014,45.16
2026-06-29 03:54:20,38,44,0,108,5.939,45.455
2026-06-29 03:59:20,40,46,0,135,5.87,46.228
2026-06-29 04:04:20,44,49,0,128,5.856,46.525
2026-06-29 04:09:20,45,52,0,134,5.862,46.691
2026-06-29 04:14:19,40,46,0,158,5.856,39.863
2026-06-29 04:19:20,42,45,0,145,5.803,46.499
2026-06-29 04:24:19,42,47,0,138,5.771,46.665
2026-06-29 04:29:19,41,44,0,132,5.736,46.745
2026-06-29 04:34:19,41,46,0,144,5.667,42.32
2026-06-29 04:39:19,38,47,0,135,5.571,46.434
2026-06-29 04:44:20,42,50,0,123,5.523,46.77
2026-06-29 04:49:20,41,46,0,148,5.496,36.937
2026-06-29 04:54:19,34,38,0,175,5.365,37.984
2026-06-29 04:59:19,37,42,0,163,5.354,45.295
2026-06-29 05:04:20,37,40,0,153,5.467,40.338
2026-06-29 05:09:20,32,34,0,160,5.632,37.622
2026-06-29 05:14:19,29,32,0,156,5.835,42.814
2026-06-29 05:19:20,25,29,0,149,5.971,42.836
2026-06-29 05:24:20,23,24,0,151,6.115,41.698
2026-06-29 05:29:20,25,28,0,151,6.19,41.839
2026-06-29 05:31:14,25,29,0,46,5.421,46.667
2026-06-29 05:36:13,27,29,0,151,6.246,42.131
2026-06-29 05:41:14,25,28,0,163,6.262,41.543
2026-06-29 05:46:13,29,32,0,157,6.254,42.219
2026-06-29 05:51:14,25,28,0,155,6.238,42.722
2026-06-29 05:56:14,32,33,0,122,6.062,43.319
2026-06-29 06:01:14,31,31,0,138,5.934,43.468
2026-06-29 06:06:13,28,28,0,139,5.88,41.036
2026-06-29 06:11:14,25,25,0,128,5.83,43.279
2026-06-29 06:16:14,27,30,0,126,5.739,42.903
2026-06-29 06:21:14,25,28,0,134,5.653,43.224
2026-06-29 06:26:14,25,28,0,125,5.563,43.79
2026-06-29 06:31:14,25,25,0,136,5.509,43.798
2026-06-29 06:36:14,25,28,0,126,5.48,43.781
2026-06-29 06:41:14,26,26,0,158,5.4,43.575
2026-06-29 06:46:14,28,29,0,170,5.272,44.774
2026-06-29 06:51:14,28,31,0,145,5.197,45.316
2026-06-29 06:56:14,28,29,0,147,5.17,45.291
2026-06-29 07:01:14,23,26,0,175,5.109,36.378
2026-06-29 07:06:14,30,30,0,142,5.039,45.263
2026-06-29 07:11:14,28,30,0,151,5.013,45.177
2026-06-29 07:16:14,26,26,0,154,4.927,45.116
2026-06-29 07:21:14,30,30,0,175,4.9,36.884
2026-06-29 07:26:14,31,33,0,146,4.839,36.807
2026-06-29 07:31:14,33,35,0,146,4.727,48.208
2026-06-29 07:36:14,31,32,0,143,4.673,47.233
2026-06-29 07:41:14,36,37,0,154,4.577,47.117
2026-06-29 07:46:14,34,38,0,164,4.529,46.459
2026-06-29 07:51:14,33,36,0,167,4.425,47.273
2026-06-29 07:56:14,33,33,0,175,4.42,46.478
2026-06-29 08:01:14,31,34,0,186,4.393,45.993
2026-06-29 08:06:14,29,31,0,200,4.393,45.284
2026-06-29 08:11:14,25,29,0,181,4.414,45.921
2026-06-29 08:16:14,26,26,0,162,4.508,45.497
2026-06-29 08:21:14,26,26,0,161,4.641,46.029
2026-06-29 08:26:14,28,32,0,147,4.673,46.123
2026-06-29 08:31:14,30,30,0,131,4.828,46.052
2026-06-29 08:36:14,28,34,0,145,4.94,44.204
2026-06-29 08:41:14,30,31,0,150,5.135,45.381
2026-06-29 08:46:14,31,31,0,136,5.365,43.702
2026-06-29 08:51:14,31,32,0,171,5.637,41.841
2026-06-29 08:56:14,29,30,0,145,5.937,42.501
2026-06-29 09:01:15,31,33,0,199,6.262,37.421
2026-06-29 09:06:14,33,37,0,162,6.575,38.387
2026-06-29 09:11:14,32,32,0,159,6.901,41.416
2026-06-29 09:16:14,29,31,0,181,7.258,41.284
2026-06-29 09:21:15,29,32,0,172,8.497,37.91
2026-06-29 09:26:14,32,33,0,160,10.548,34.654
2026-06-29 09:31:14,32,33,0,204,12.66,31.312
2026-06-29 09:36:15,33,35,0,152,14.439,29.124
2026-06-29 09:41:14,28,32,0,165,15.892,26.008
2026-06-29 09:46:15,32,35,0,145,17.189,26.28
2026-06-29 09:51:14,28,33,0,124,18.191,22.998
2026-06-29 09:56:15,28,29,0,108,19.093,21.407
2026-06-29 10:01:14,28,29,0,87,20.14,22.12
2026-06-29 10:06:15,25,28,0,94,20.914,20.808
2026-06-29 10:11:14,25,28,0,94,21.566,18.802
2026-06-29 10:16:15,28,29,0,76,22.418,18.132
2026-06-29 10:21:14,24,26,0,68,23.288,16.414
2026-06-29 10:26:15,23,26,0,65,24.1,15.796
2026-06-29 10:31:15,25,25,0,58,24.842,14.905
2026-06-29 10:36:15,24,26,0,51,25.491,14.634
2026-06-29 10:41:15,23,24,0,55,26.207,15.435
2026-06-29 10:46:14,23,24,0,38,26.907,14.462
2026-06-29 10:51:15,25,25,0,46,27.596,13.635
2026-06-29 10:56:14,25,25,0,65,28.199,13.551
2026-06-29 11:01:15,22,25,0,62,28.805,13.265
2026-06-29 11:06:15,24,26,0,41,29.409,19.307
2026-06-29 11:11:15,21,22,0,66,29.783,13.03
2026-06-29 11:16:15,24,24,0,74,29.948,12.687
2026-06-29 11:21:15,24,25,0,90,30.354,12.151
2026-06-29 11:26:15,22,23,0,109,30.811,12.771
2026-06-29 11:31:15,19,21,0,52,31.313,20.667
2026-06-29 11:36:15,23,23,0,80,31.259,13.041
2026-06-29 11:41:15,18,22,0,51,31.58,18.825
2026-06-29 11:46:15,23,24,0,96,31.895,12.173
2026-06-29 11:51:15,23,24,0,75,32.271,17.875
2026-06-29 11:56:15,18,21,0,60,32.437,16.999
2026-06-29 12:01:15,18,18,0,51,32.576,11.626
2026-06-29 12:06:15,21,23,0,58,32.704,12.046
2026-06-29 12:11:15,21,22,0,43,32.715,11.309
2026-06-29 12:16:15,26,27,0,17,32.968,11.994
2026-06-29 12:21:15,32,34,0,0,33.112,11.09
2026-06-29 12:26:15,30,34,0,0,33.289,11.647
2026-06-29 12:31:15,29,30,0,0,33.753,11.578
2026-06-29 12:36:15,29,30,0,0,34.229,11.269
2026-06-29 12:41:15,23,23,0,0,34.771,13.007
2026-06-29 12:46:15,17,19,0,32,34.963,10.331
2026-06-29 12:51:15,15,17,0,0,35.155,15.74
2026-06-29 12:56:15,22,24,0,0,35.235,10.432
2026-06-29 13:01:15,17,17,0,0,35.043,10.236
2026-06-29 13:06:15,18,19,0,0,34.635,10.217
2026-06-29 13:11:15,13,15,0,0,34.458,10.827
2026-06-29 13:16:15,15,19,0,0,34.378,10.447
2026-06-29 13:21:15,12,13,0,0,34.261,10.31
2026-06-29 13:26:15,14,16,0,0,34.325,11.891
2026-06-29 13:31:15,13,13,0,0,34.466,10.72
2026-06-29 13:36:15,12,13,0,0,34.76,10.596
2026-06-29 13:41:15,11,12,0,0,34.829,10.613
2026-06-29 13:46:15,6,8,0,0,34.835,16.08
2026-06-29 13:51:15,13,16,0,0,34.803,10.922
2026-06-29 13:56:16,7,8,0,0,34.944,11.266
2026-06-29 14:01:15,8,8,0,0,35.04,11.308
2026-06-29 14:06:15,11,11,0,0,34.768,12.994
2026-06-29 14:11:15,8,8,0,0,34.506,13.863
2026-06-29 14:16:15,9,11,0,0,34.426,14.712
2026-06-29 14:21:15,11,12,0,0,34.114,15.773
2026-06-29 14:26:15,6,6,0,0,33.986,14.672
2026-06-29 14:31:15,6,7,0,0,33.943,14.68
2026-06-29 14:36:15,6,6,0,0,33.825,14.434
2026-06-29 14:41:15,4,4,0,0,33.393,14.535
2026-06-29 14:46:16,4,4,0,0,33.337,14.686
2026-06-29 14:51:15,7,7,0,0,33.054,14.859
2026-06-29 14:56:16,5,5,0,0,32.728,14.06
2026-06-29 15:01:15,8,8,0,0,32.557,16.354
2026-06-29 15:06:15,4,4,0,0,32.434,14.886
2026-06-29 15:11:15,2,2,0,0,32.341,14.983
2026-06-29 15:16:15,3,3,0,0,32.127,14.644
2026-06-29 15:21:16,4,4,0,0,31.962,15.355
2026-06-29 15:26:16,2,2,0,0,31.897,15.128
2026-06-29 15:31:15,3,3,0,0,31.841,17.028
2026-06-29 15:36:16,4,4,0,0,31.606,16.503
2026-06-29 15:41:15,5,5,0,0,31.409,15.588
2026-06-29 15:46:16,8,8,0,0,31.414,15.746
2026-06-29 15:51:16,5,5,0,0,31.489,16.32
2026-06-29 15:56:16,6,6,0,0,31.166,16.473
2026-06-29 16:03:01,15,15,0,0,31.064,16.232
2026-06-29 16:06:16,14,16,0,0,30.88,16.25
2026-06-29 16:11:16,12,12,0,0,30.674,16.372
2026-06-29 16:16:16,9,9,0,0,30.434,16.166
2026-06-29 16:21:15,7,8,0,0,30.204,17.304
2026-06-29 16:26:16,9,9,0,0,29.9,17.154
2026-06-29 16:31:16,28,29,0,0,29.617,18.245
2026-06-29 16:36:16,18,18,0,0,29.305,17.432
2026-06-29 16:41:16,6,6,0,0,29.118,17.346
2026-06-29 16:46:16,9,11,0,0,28.696,18.756
2026-06-29 16:51:16,6,6,0,0,28.45,19.631
2026-06-29 16:56:16,5,7,0,0,28.13,19.662
2026-06-29 17:01:16,8,8,0,0,27.737,19.664
2026-06-29 17:06:16,4,4,0,0,27.353,21.749
2026-06-29 17:11:16,5,5,0,0,26.909,21.539
2026-06-29 17:16:16,6,7,0,0,26.477,21.237
2026-06-29 17:21:16,4,4,0,12,25.863,22.407
2026-06-29 17:26:16,4,4,0,4,25,23.917
2026-06-29 17:31:16,5,5,0,0,24.06,25.205
2026-06-29 17:36:16,2,3,0,38,23.222,26.189
2026-06-29 17:41:16,1,3,0,0,22.404,28.421
2026-06-29 17:46:16,4,4,0,0,21.614,29.54
2026-06-29 17:51:16,8,13,0,13,20.928,30.765
2026-06-29 17:56:16,4,4,0,21,20.308,31.314
2026-06-29 18:01:16,6,6,0,103,19.753,31.722
2026-06-29 18:06:16,31,37,0,295,19.363,32.157
2026-06-29 18:11:16,4,4,0,13,18.965,33.036
2026-06-29 18:16:16,2,2,0,0,18.559,34.131
2026-06-29 18:21:16,20,20,0,81,18.191,34.501
2026-06-29 18:26:16,8,9,0,27,17.892,35.178
2026-06-29 18:31:16,4,4,0,42,17.598,35.707
2026-06-29 18:36:16,5,6,0,45,17.301,36.199
2026-06-29 18:41:16,2,4,0,60,16.965,36.216
2026-06-29 18:46:16,5,6,0,171,16.607,37.004
2026-06-29 18:51:16,6,6,0,196,16.233,37.507
2026-06-29 18:56:16,6,6,0,193,15.972,38.413
2026-06-29 19:01:16,6,6,0,189,15.643,39.068
2026-06-29 19:06:16,6,7,0,189,15.392,39.552
2026-06-29 19:11:16,6,6,0,184,15.13,40.248
2026-06-29 19:16:16,14,15,0,307,14.922,41.28
2026-06-29 19:21:16,14,15,0,372,14.73,41.98
2026-06-29 19:26:16,8,8,0,305,14.615,42.461
2026-06-29 19:31:16,9,12,0,232,14.482,42.075
2026-06-29 19:36:16,18,20,0,258,14.327,43.18
2026-06-29 19:41:17,17,18,0,277,14.108,43.325
2026-06-29 19:46:16,18,21,0,280,13.825,44.364
2026-06-29 19:51:16,16,17,0,325,13.56,45.158
2026-06-29 19:56:16,29,30,0,344,13.261,46.888
2026-06-29 20:01:16,24,25,0,369,12.984,48.307
2026-06-29 20:06:17,44,55,0,425,12.775,48.011
2026-06-29 20:11:16,46,58,0,399,12.575,51.597
2026-06-29 20:16:17,31,32,0,361,12.468,50.079
2026-06-29 20:21:16,46,55,0,364,12.319,53.152
2026-06-29 20:26:18,45,56,0,339,12.18,53.663
2026-06-29 20:31:16,20,21,0,267,12.054,53.15
2026-06-29 20:36:17,21,27,0,261,11.899,51.031
2026-06-29 20:41:16,21,22,0,256,11.691,48.892
2026-06-29 20:46:16,26,26,0,320,11.477,49.583
2026-06-29 20:51:16,27,28,0,315,11.264,49.51
2026-06-29 20:56:17,21,21,0,291,11.096,52.263
2026-06-29 21:01:17,28,31,0,346,10.989,51.868
2026-06-29 21:06:16,23,23,0,329,10.871,50.573
2026-06-29 21:11:17,20,21,0,249,10.695,48.999
2026-06-29 21:16:16,22,23,0,289,10.444,50.813
2026-06-29 21:21:17,22,23,0,308,10.244,51.395
2026-06-29 21:26:17,23,26,0,325,10.051,53.098
2026-06-29 21:31:17,26,28,0,329,9.875,54.485
2026-06-29 21:36:17,30,34,0,367,9.715,55.622
2026-06-29 21:41:17,32,36,0,425,9.614,41.519
2026-06-29 21:46:17,53,62,0,697,9.536,39.457
2026-06-29 21:51:16,51,62,0,661,9.504,41.198
2026-06-29 21:56:17,51,60,0,508,9.499,55.931
2026-06-29 22:01:17,53,62,0,523,9.461,56.789
2026-06-29 22:06:17,51,64,0,491,9.408,56.156
2026-06-29 22:11:17,57,69,0,529,9.314,55.912
2026-06-29 22:16:17,57,71,0,591,9.218,57.237
2026-06-29 22:21:17,65,81,0,648,9.096,57.006
2026-06-29 22:26:17,61,78,0,599,9.026,56.621
2026-06-29 22:31:17,60,75,0,473,8.951,56.688
2026-06-29 22:36:17,60,77,0,536,8.89,56.799
2026-06-29 22:41:17,65,81,0,572,8.82,55.984
2026-06-29 22:46:17,60,75,0,520,8.724,55.509
2026-06-29 22:51:17,63,80,0,588,8.585,56.076
2026-06-29 22:56:17,61,75,0,569,8.505,56.163
2026-06-29 23:01:17,57,73,0,596,8.407,56.402
2026-06-29 23:06:17,58,72,0,485,8.278,55.219
2026-06-29 23:11:17,55,67,0,414,8.081,54.595
2026-06-29 23:16:17,50,59,0,335,7.83,53.426
2026-06-29 23:21:17,49,58,0,283,7.6,52.427
2026-06-29 23:26:17,44,50,0,277,7.448,52.877
2026-06-29 23:31:17,48,55,0,272,7.272,52.4
2026-06-29 23:36:17,51,60,0,328,7.085,54.698
2026-06-29 23:41:18,50,60,0,342,6.935,56.44
2026-06-29 23:46:17,52,61,0,377,6.815,56.861
2026-06-29 23:51:17,50,62,0,388,6.735,56.85
2026-06-29 23:56:17,51,62,0,446,6.719,42.203
2026-06-30 00:01:17,57,71,0,587,6.74,43.43
2026-06-30 00:06:17,58,70,0,505,6.762,58.09
2026-06-30 00:11:18,60,75,0,512,6.775,58.433
2026-06-30 00:16:18,63,78,0,555,6.78,58.038
2026-06-30 00:21:17,60,73,0,487,6.77,56.94
2026-06-30 00:26:18,61,76,0,426,6.706,57.247
2026-06-30 00:31:17,56,70,0,372,6.641,57.554
2026-06-30 00:36:17,51,62,0,366,6.569,57.342
2026-06-30 00:41:17,50,60,0,336,6.489,56.995
2026-06-30 00:46:18,46,56,0,308,6.415,57.529
2026-06-30 00:51:17,48,56,0,296,6.318,57.716
2026-06-30 00:56:18,50,59,0,306,6.201,57.506
2026-06-30 01:01:17,42,47,0,247,6.07,56.787
2026-06-30 01:06:18,40,43,0,219,5.888,57.334
2026-06-30 01:11:17,41,46,0,222,5.664,59.318
2026-06-30 01:16:18,44,49,0,248,5.493,60.117
2026-06-30 01:21:18,42,46,0,260,5.328,60.197
2026-06-30 01:26:18,43,51,0,254,5.277,60.3
2026-06-30 01:31:18,45,51,0,243,5.261,54.155
2026-06-30 01:36:17,44,50,0,271,5.224,54.691
2026-06-30 01:41:18,43,47,0,285,5.138,60.417
2026-06-30 01:46:18,44,52,0,267,5.106,58.57
2026-06-30 01:51:18,44,49,0,351,4.997,60.07
2026-06-30 01:56:18,43,48,0,345,4.954,59.114
2026-06-30 02:01:17,44,49,0,319,4.868,59.652
2026-06-30 02:06:18,43,48,0,337,4.836,54.239
2026-06-30 02:11:18,43,47,0,307,4.81,60.041
2026-06-30 02:16:18,41,47,0,322,4.77,48.175
2026-06-30 02:21:17,43,51,0,314,4.657,47.475
2026-06-30 02:26:18,39,43,0,283,4.529,54.431
2026-06-30 02:31:18,42,47,0,275,4.433,60.066
2026-06-30 02:36:17,39,45,0,247,4.396,60.951
2026-06-30 02:41:18,40,44,0,258,4.345,60.474
2026-06-30 02:46:18,38,41,0,270,4.27,61.775
2026-06-30 02:51:18,38,41,0,317,4.27,51.809
2026-06-30 02:56:18,40,44,0,295,4.238,60.958
2026-06-30 03:01:18,42,47,0,307,4.222,61.111
2026-06-30 03:06:17,43,48,0,303,4.203,61.348
2026-06-30 03:11:18,38,40,0,297,4.187,61.195
2026-06-30 03:16:18,39,43,0,305,4.155,61.027
2026-06-30 03:21:18,38,39,0,330,4.15,50.653
2026-06-30 03:26:18,39,43,0,290,4.123,61.054
2026-06-30 03:31:18,42,46,0,279,4.142,61.363
2026-06-30 03:36:18,40,41,0,291,4.115,60.819
2026-06-30 03:41:18,34,34,0,275,4.11,59.789
2026-06-30 03:46:18,32,34,0,286,4.11,60.814
2026-06-30 03:51:18,32,34,0,268,4.153,59.743
2026-06-30 03:56:18,35,37,0,276,4.214,57.462
2026-06-30 04:01:18,34,34,0,283,4.268,59.93
2026-06-30 04:06:18,35,35,0,275,4.289,60.089
2026-06-30 04:11:18,37,38,0,278,4.284,59.642
2026-06-30 04:16:18,35,39,0,265,4.278,59.183
2026-06-30 04:21:18,35,37,0,270,4.211,58.792
2026-06-30 04:26:18,33,34,0,271,4.089,59.139
2026-06-30 04:31:18,33,34,0,355,3.993,50.683
2026-06-30 04:36:18,30,32,0,310,3.886,57.792
2026-06-30 04:41:18,29,29,0,295,3.768,60.327
2026-06-30 04:46:18,34,36,0,278,3.696,60.764
2026-06-30 04:51:18,37,37,0,314,3.611,61.33
2026-06-30 04:56:18,32,33,0,262,3.568,61.96
2026-06-30 05:01:18,32,32,0,255,3.509,60.451
2026-06-30 05:06:18,32,35,0,247,3.418,58.588
2026-06-30 05:11:18,32,35,0,266,3.309,56.963
2026-06-30 05:16:18,32,35,0,278,3.181,57.43
2026-06-30 05:21:18,31,34,0,279,3.058,60.068
2026-06-30 05:26:18,34,36,0,322,2.988,45.265
2026-06-30 05:31:18,40,40,0,331,2.951,47.035
2026-06-30 05:36:18,31,32,0,289,2.922,61.475
2026-06-30 05:41:18,35,38,0,350,2.959,47.717
2026-06-30 05:46:18,36,40,0,310,2.991,61.676
2026-06-30 05:51:18,36,37,0,320,3.039,53.405
2026-06-30 05:56:18,35,37,0,304,3.109,63.116
2026-06-30 06:01:18,31,32,0,306,3.133,60.064
2026-06-30 06:06:19,31,32,0,354,3.127,59.846
2026-06-30 06:11:18,29,32,0,346,3.074,59.734
2026-06-30 06:16:18,33,35,0,363,3.053,59.721
2026-06-30 06:21:18,32,32,0,338,3.021,59.913
2026-06-30 06:26:18,31,31,0,365,2.964,60.503
2026-06-30 06:31:18,27,32,0,355,2.943,57.13
2026-06-30 06:36:18,32,34,0,372,2.879,59.908
2026-06-30 06:41:18,34,38,0,386,2.874,61.027
2026-06-30 06:46:18,32,35,0,367,2.852,60.4
2026-06-30 06:51:19,32,35,0,374,2.876,59.429
2026-06-30 06:56:18,31,35,0,363,2.85,59.223
2026-06-30 07:01:18,38,39,0,394,2.812,59.276
2026-06-30 07:06:18,37,37,0,406,2.823,60.114
2026-06-30 07:11:19,35,36,0,421,2.818,59.984
2026-06-30 07:16:18,35,39,0,410,2.836,59.549
2026-06-30 07:21:19,38,39,0,402,2.842,59.688
2026-06-30 07:26:18,37,41,0,443,2.836,60.579
2026-06-30 07:31:18,39,40,0,435,2.799,60.657
2026-06-30 07:36:18,41,45,0,444,2.767,60.682
2026-06-30 07:41:18,43,46,0,429,2.727,60.423
2026-06-30 07:46:19,43,49,0,485,2.711,60.138
2026-06-30 07:51:19,46,54,0,671,2.663,59.433
2026-06-30 07:56:18,45,50,0,550,2.652,57.556
2026-06-30 08:01:19,45,53,0,483,2.599,58.656
2026-06-30 08:06:18,47,53,0,517,2.543,59.043
2026-06-30 08:11:18,44,48,0,570,2.532,59.82
2026-06-30 08:16:18,48,57,0,599,2.548,60.691
2026-06-30 08:21:19,49,58,0,580,2.628,60.812
2026-06-30 08:26:18,50,61,0,559,2.762,61.453
2026-06-30 08:31:19,51,62,0,566,2.94,60.707
2026-06-30 08:36:18,50,59,0,528,3.143,60.629
2026-06-30 08:41:19,53,62,0,558,3.368,60.03
2026-06-30 08:46:19,51,62,0,548,3.587,59.553
2026-06-30 08:51:19,48,55,0,459,3.827,58.929
2026-06-30 08:56:19,47,52,0,438,4.081,58.092
2026-06-30 09:01:18,44,49,0,452,4.332,57.457
2026-06-30 09:06:19,43,47,0,454,4.641,56.152
2026-06-30 09:11:19,46,53,0,442,4.908,56.232
2026-06-30 09:16:19,55,67,0,422,5.25,55.688
2026-06-30 09:21:19,55,67,0,474,6.262,52.959
2026-06-30 09:26:19,57,71,0,416,8.003,49.097
2026-06-30 09:31:19,56,69,0,407,9.734,44.532
2026-06-30 09:36:19,53,62,0,399,11.208,41.709
2026-06-30 09:41:19,52,61,0,374,12.506,38.707
2026-06-30 09:46:19,49,59,0,363,13.688,36.826
2026-06-30 09:51:19,44,53,0,403,14.815,35.474
2026-06-30 09:56:19,44,51,0,375,15.499,35.026
2026-06-30 10:01:18,44,51,0,317,16.086,32.518
2026-06-30 10:06:19,43,52,0,280,16.642,32.485
2026-06-30 10:11:19,43,51,0,249,17.211,33.544
2026-06-30 10:16:19,42,51,0,247,17.9,31.179
2026-06-30 10:21:19,39,47,0,251,18.765,30.725
2026-06-30 10:26:19,42,49,0,304,19.395,31.449
2026-06-30 10:31:19,44,52,0,297,19.432,29.098
2026-06-30 10:36:19,44,53,0,319,19.675,29.098
2026-06-30 10:41:19,37,44,0,252,20.119,29.031
2026-06-30 10:46:19,31,34,0,180,20.76,30.452
2026-06-30 10:51:19,31,34,0,182,21.288,27.532
2026-06-30 10:56:19,28,32,0,166,21.828,26.664
2026-06-30 11:01:19,30,33,0,183,22.583,25.481
2026-06-30 11:06:19,30,31,0,180,23.299,25.046
2026-06-30 11:11:19,28,32,0,161,24.041,24.755
2026-06-30 11:16:19,30,31,0,142,24.613,24.262
2026-06-30 11:21:19,29,30,0,150,24.88,24.224
2026-06-30 11:26:19,30,31,0,156,25.064,24.892
2026-06-30 11:31:19,27,29,0,116,25.155,27.268
2026-06-30 11:36:19,27,28,0,117,25.224,24.991
2026-06-30 11:41:19,30,31,0,114,25.427,24.375
2026-06-30 11:46:19,29,32,0,101,25.721,24.303
2026-06-30 11:51:19,29,30,0,110,26.226,23.931
2026-06-30 11:56:19,27,29,0,81,26.402,23.732
2026-06-30 12:01:19,24,25,0,78,26.706,24.154
2026-06-30 12:06:19,26,26,0,76,26.808,24.838
2026-06-30 12:11:19,27,27,0,58,26.818,24.083
2026-06-30 12:16:19,26,29,0,82,27.216,24.131
2026-06-30 12:21:19,22,24,0,51,27.991,23.505
2026-06-30 12:26:19,26,27,0,71,28.717,23.423
2026-06-30 12:31:20,20,23,0,28,29.305,23.29
2026-06-30 12:36:20,17,20,0,7,29.716,23.416
2026-06-30 12:41:19,18,18,0,21,30.034,23.437
2026-06-30 12:46:19,17,19,0,15,30.455,22.798
2026-06-30 12:51:19,11,15,0,0,30.781,22.475
2026-06-30 12:56:19,12,13,0,0,31.032,22.252
2026-06-30 13:01:19,13,15,0,0,31.486,25.979
2026-06-30 13:06:20,8,15,0,0,31.452,22.424
2026-06-30 13:11:19,12,14,0,0,31.249,22.763
2026-06-30 13:16:23,7,8,0,0,31.27,21.884
2026-06-30 13:21:19,12,13,0,0,31.278,21.998
2026-06-30 13:26:20,15,19,0,0,31.043,22.178
2026-06-30 13:31:19,12,13,0,0,31.166,22.269
2026-06-30 13:36:20,8,11,0,0,31.048,21.739
2026-06-30 13:41:19,8,11,0,0,30.92,22.485
2026-06-30 13:46:20,12,12,0,0,31.142,22.996
2026-06-30 13:51:19,8,9,0,0,30.966,22.462
2026-06-30 13:56:20,8,8,0,0,30.715,22.801
2026-06-30 14:01:20,11,11,0,0,30.763,26.7
2026-06-30 14:06:19,8,9,0,0,30.613,22.712
2026-06-30 14:11:20,11,12,0,0,30.6,23.408
2026-06-30 14:16:20,4,6,0,0,30.343,23.78
2026-06-30 14:21:20,5,8,0,0,30.071,24.522
2026-06-30 14:26:19,10,10,0,0,29.617,24.877
2026-06-30 14:31:20,11,12,0,0,29.39,25.06
2026-06-30 14:36:20,8,9,0,0,29.171,25.506
2026-06-30 14:41:20,10,11,0,0,28.979,25.754
2026-06-30 14:46:20,15,16,0,0,28.829,25.722
2026-06-30 14:51:19,21,23,0,0,28.706,27.15
2026-06-30 14:56:19,6,8,0,0,28.319,26.136
2026-06-30 15:01:20,7,7,0,0,27.748,26.879
2026-06-30 15:06:20,8,8,0,0,27.454,26.916
2026-06-30 15:11:20,9,12,0,0,26.936,28.026
2026-06-30 15:16:20,12,12,0,0,26.733,28.096
2026-06-30 15:21:21,8,10,0,0,26.613,28.155
2026-06-30 15:26:20,11,12,0,0,26.49,28.089
2026-06-30 15:31:20,5,5,0,0,26.314,27.602
2026-06-30 15:36:20,6,6,0,0,26.191,28.167
2026-06-30 15:41:20,6,8,0,0,26.162,28.724
2026-06-30 15:46:20,5,7,0,0,26.162,28.546
2026-06-30 15:51:20,7,8,0,0,26.028,28.825
2026-06-30 15:56:20,12,13,0,0,25.793,29.586
2026-06-30 16:03:04,7,8,0,0,25.531,29.771
2026-06-30 16:06:30,7,7,0,0,25.136,30.345
2026-06-30 16:11:46,6,6,0,0,24.85,30.481
2026-06-30 16:16:23,9,9,0,0,24.557,30.753
2026-06-30 16:21:20,7,7,0,0,24.271,31.503
2026-06-30 16:26:45,15,15,0,0,23.897,32.138
2026-06-30 16:31:45,6,7,0,0,23.531,32.909
2026-06-30 16:36:20,8,9,0,0,23.248,33.399
2026-06-30 16:41:20,8,10,0,0,23.077,33.843
2026-06-30 16:46:20,7,11,0,0,22.746,34.295
2026-06-30 16:51:20,5,5,0,0,22.396,34.85
2026-06-30 16:56:20,10,12,0,0,22.039,35.373
2026-06-30 17:01:20,11,13,0,0,21.526,36.649
2026-06-30 17:06:20,12,13,0,0,21.077,37.479
2026-06-30 17:11:20,8,12,0,0,20.527,37.549
2026-06-30 17:16:20,12,14,0,0,20.028,38.821
2026-06-30 17:21:20,10,10,0,0,19.366,39.218
2026-06-30 17:26:20,17,17,0,22,18.634,41.942
2026-06-30 17:31:20,11,13,0,11,17.924,43.712
2026-06-30 17:36:20,13,13,0,0,17.341,44.904
2026-06-30 17:41:20,15,15,0,27,16.826,46.476
2026-06-30 17:46:20,13,15,0,42,16.329,47.536
2026-06-30 17:51:20,14,17,0,58,15.892,48.299
2026-06-30 17:56:20,18,20,0,15,15.518,48.246
2026-06-30 18:01:20,13,14,0,0,15.181,49.896
2026-06-30 18:06:20,17,18,0,28,14.879,50.769
2026-06-30 18:11:20,14,15,0,81,14.607,51.712
2026-06-30 18:16:20,16,19,0,115,14.372,52.16
2026-06-30 18:21:20,17,18,0,152,14.121,51.881
2026-06-30 18:26:20,19,21,0,161,13.891,52.457
2026-06-30 18:31:20,19,20,0,156,13.691,53.668
2026-06-30 18:36:20,18,20,0,168,13.435,53.342
2026-06-30 18:41:20,19,20,0,166,13.237,53.596
2026-06-30 18:46:21,16,17,0,133,12.976,54.908
2026-06-30 18:51:20,12,14,0,149,12.733,54.794
2026-06-30 18:56:21,14,19,0,152,12.476,55.376
2026-06-30 19:01:20,10,13,0,134,12.289,56.617
2026-06-30 19:06:21,17,17,0,140,12.129,57.062
2026-06-30 19:11:20,16,21,0,112,11.995,57.268
2026-06-30 19:16:20,16,19,0,111,11.854,57.365
2026-06-30 19:21:20,12,14,0,63,11.72,57.235
2026-06-30 19:26:20,12,12,0,92,11.603,57.294
2026-06-30 19:31:20,12,14,0,102,11.475,57.59
2026-06-30 19:36:20,9,10,0,80,11.357,58.384
2026-06-30 19:41:21,13,15,0,95,11.275,59.038
2026-06-30 19:46:21,12,16,0,168,11.21,59.282
2026-06-30 19:51:21,12,16,0,169,11.146,59.255
2026-06-30 19:56:21,25,25,0,225,11.104,58.231
2026-06-30 20:01:20,28,32,0,286,11.072,55.713
2026-06-30 20:06:21,27,27,0,220,11.005,57.827
2026-06-30 20:11:20,17,18,0,166,10.914,58.721
2026-06-30 20:16:21,23,25,0,191,10.813,57.378
2026-06-30 20:21:21,20,20,0,187,10.679,57.561
2026-06-30 20:26:20,13,15,0,216,10.535,58.189
2026-06-30 20:31:21,22,22,0,226,10.329,58.437
2026-06-30 20:36:21,28,28,0,317,10.137,55.673
2026-06-30 20:41:21,30,30,0,347,9.923,60.148
2026-06-30 20:46:20,30,33,0,568,9.774,60.779
2026-06-30 20:51:21,28,28,0,448,9.646,60.194
2026-06-30 20:56:21,23,28,0,436,9.525,59.824
2026-06-30 21:01:21,23,23,0,425,9.387,60.012
2026-06-30 21:06:21,22,23,0,346,9.258,59.873
2026-06-30 21:11:21,26,26,0,315,9.141,59.816
2026-06-30 21:16:21,21,22,0,326,9.029,60.117
2026-06-30 21:21:20,23,23,0,310,8.877,60.346
2026-06-30 21:26:21,26,27,0,287,8.711,60.964
2026-06-30 21:31:21,32,33,0,280,8.604,55.736
2026-06-30 21:36:21,30,34,0,421,8.492,60.476
2026-06-30 21:41:21,30,30,0,358,8.407,61.443
2026-06-30 21:46:21,33,35,0,337,8.292,62.904
2026-06-30 21:51:21,32,33,0,340,8.201,62.338
2026-06-30 21:56:21,31,31,0,347,8.078,60.548
2026-06-30 22:01:21,40,44,0,400,7.934,62.219
2026-06-30 22:06:21,58,73,0,397,7.816,64.598
2026-06-30 22:11:21,47,57,0,329,7.776,62.204
2026-06-30 22:16:21,53,61,0,351,7.707,64.457
2026-06-30 22:21:21,57,72,0,362,7.648,63.478
2026-06-30 22:26:21,56,67,0,358,7.573,62.841
2026-06-30 22:31:21,56,69,0,333,7.477,62.24
2026-06-30 22:36:21,57,69,0,332,7.384,60.257
2026-06-30 22:41:21,57,69,0,343,7.208,61.02
2026-06-30 22:46:21,62,77,0,433,7.106,61.908
2026-06-30 22:51:21,62,75,0,453,6.983,61.079
2026-06-30 22:56:21,65,82,0,537,6.903,63.381
2026-06-30 23:01:21,66,84,0,503,6.831,59.225
2026-06-30 23:06:21,67,85,0,619,6.767,55.847
2026-06-30 23:11:21,65,82,0,477,6.724,63.215
2026-06-30 23:16:21,60,75,0,407,6.666,63.757
2026-06-30 23:21:21,63,78,0,428,6.636,63.44
2026-06-30 23:26:21,86,97,0,641,6.567,63.554
2026-06-30 23:31:21,88,99,0,698,6.465,63.974
2026-06-30 23:36:21,93,99,0,663,6.385,64.88
2026-06-30 23:41:21,84,95,0,591,6.364,65.326
2026-06-30 23:46:21,79,91,0,541,6.292,65.349
2026-06-30 23:51:21,85,96,0,611,6.244,65.782
2026-06-30 23:56:21,90,98,0,588,6.233,64.968
