fecha,mp25_ugm3,mp10_ugm3,so2_ppb,cov_ppb,temperatura_c,humedad_pct
2026-07-01 00:00:59,51,59,0,0,2.778,53.504
2026-07-01 00:05:59,47,52,0,0,2.687,53.867
2026-07-01 00:10:58,39,39,0,0,2.551,53.989
2026-07-01 00:12:32,38,41,0,0,2.505,54.105
2026-07-01 00:15:59,34,35,0,0,2.462,54.336
2026-07-01 00:20:59,40,41,0,0,2.438,54.788
2026-07-01 00:25:44,43,49,0,0,2.422,54.916
2026-07-01 00:25:59,44,49,0,0,2.409,54.922
2026-07-01 00:30:59,56,67,0,0,2.401,54.775
2026-07-01 00:35:59,51,62,0,0,2.297,55.269
2026-07-01 00:40:59,46,54,0,0,2.217,55.629
2026-07-01 00:45:59,56,67,0,0,2.102,57.594
2026-07-01 00:50:59,62,76,0,0,1.998,59.005
2026-07-01 00:55:59,59,73,0,0,1.899,59.658
2026-07-01 01:00:59,65,78,0,0,1.808,60.657
2026-07-01 01:05:59,65,80,0,0,1.731,61.365
2026-07-01 01:10:59,60,72,0,0,1.693,61.729
2026-07-01 01:14:21,57,70,0,0,1.624,61.216
2026-07-01 01:15:59,54,64,0,0,1.595,60.939
2026-07-01 01:16:11,53,64,0,0,1.568,60.922
2026-07-01 01:20:59,48,55,0,0,1.474,60.625
2026-07-01 01:24:49,53,65,0,0,1.362,60.936
2026-07-01 01:25:59,48,52,0,0,1.341,60.892
2026-07-01 01:30:59,40,44,0,0,1.197,60.283
2026-07-01 01:35:48,38,39,0,0,1.106,60.564
2026-07-01 01:35:59,39,39,0,0,1.103,60.587
2026-07-01 01:36:21,40,40,0,0,1.085,60.657
2026-07-01 01:37:12,36,36,0,0,1.071,60.791
2026-07-01 01:40:59,34,35,0,0,0.999,61.403
2026-07-01 01:42:56,31,33,0,0,0.98,61.784
2026-07-01 01:44:37,31,31,0,0,0.97,61.88
2026-07-01 01:45:52,30,33,0,0,0.932,62.013
2026-07-01 01:45:59,30,32,0,0,0.932,62.034
2026-07-01 01:46:23,33,34,0,0,0.93,62.158
2026-07-01 01:50:59,34,34,0,0,0.882,62.503
2026-07-01 01:51:21,34,35,0,0,0.874,62.488
2026-07-01 01:52:05,37,38,0,0,0.868,62.469
2026-07-01 01:52:19,37,38,0,0,0.866,62.481
2026-07-01 01:55:59,36,38,0,0,0.842,62.551
2026-07-01 02:00:59,47,52,0,0,0.793,62.688
2026-07-01 02:01:01,46,52,0,0,0.748,62.679
2026-07-01 02:04:34,50,55,0,0,0.743,62.944
2026-07-01 02:05:59,45,53,0,0,0.7,63.186
2026-07-01 02:07:44,43,46,0,0,0.697,63.35
2026-07-01 02:08:39,41,46,0,0,0.647,63.289
2026-07-01 02:10:14,40,40,0,0,0.633,63.284
2026-07-01 02:10:34,40,40,0,0,0.631,63.255
2026-07-01 02:10:59,37,40,0,0,0.607,63.192
2026-07-01 02:11:01,37,40,0,0,0.609,63.139
2026-07-01 02:11:42,37,40,0,0,0.604,63.039
2026-07-01 02:14:09,39,40,0,0,0.566,62.847
2026-07-01 02:15:59,42,43,0,0,0.55,62.854
2026-07-01 02:16:00,42,43,0,0,0.542,62.889
2026-07-01 02:16:25,42,47,0,0,0.524,62.885
2026-07-01 02:20:45,41,47,0,0,0.529,63.236
2026-07-01 02:21:00,42,49,0,0,0.502,63.253
2026-07-01 02:22:33,41,47,0,0,0.481,63.245
2026-07-01 02:23:36,40,47,0,0,0.465,63.366
2026-07-01 02:24:31,41,46,0,0,0.465,63.337
2026-07-01 02:26:00,44,47,0,0,0.417,63.371
2026-07-01 02:28:05,41,47,0,0,0.39,63.442
2026-07-01 02:31:00,42,43,0,0,0.348,63.8
2026-07-01 02:32:05,42,43,0,0,0.342,63.871
2026-07-01 02:36:01,37,43,0,0,0.305,64.01
2026-07-01 02:41:01,42,46,0,0,0.225,64.432
2026-07-01 02:43:53,38,41,0,0,0.195,64.809
2026-07-01 02:45:04,36,39,0,0,0.166,65.199
2026-07-01 02:46:00,32,36,0,0,0.158,65.645
2026-07-01 02:46:02,32,36,0,0,0.153,65.654
2026-07-01 02:47:07,32,32,0,0,0.171,66.089
2026-07-01 02:48:48,30,32,0,0,0.142,66.669
2026-07-01 02:51:01,33,35,0,0,0.134,66.95
2026-07-01 02:56:00,32,33,0,0,0.166,67.657
2026-07-01 02:56:49,31,32,0,0,0.163,67.703
2026-07-01 03:01:01,26,28,0,0,0.182,68.056
2026-07-01 03:06:03,31,33,0,0,0.225,68.701
2026-07-01 03:11:01,33,37,0,0,0.251,69.275
2026-07-01 03:12:21,31,32,0,0,0.273,69.273
2026-07-01 03:16:00,32,32,0,0,0.305,68.954
2026-07-01 03:16:45,32,35,0,0,0.31,68.922
2026-07-01 03:20:33,33,33,0,0,0.342,68.449
2026-07-01 03:21:01,33,33,0,0,0.34,68.35
2026-07-01 03:24:52,30,32,0,0,0.321,67.339
2026-07-01 03:26:00,28,28,0,0,0.348,67.007
2026-07-01 03:29:07,30,32,0,0,0.366,66.238
2026-07-01 03:30:22,27,30,0,0,0.366,66.044
2026-07-01 03:31:01,30,33,0,0,0.34,65.977
2026-07-01 03:32:56,32,34,0,0,0.364,65.744
2026-07-01 03:36:01,32,34,0,0,0.345,65.452
2026-07-01 03:39:02,30,33,0,0,0.337,65.315
2026-07-01 03:40:13,32,32,0,0,0.323,65.3
2026-07-01 03:41:01,32,35,0,0,0.31,65.34
2026-07-01 03:42:09,30,33,0,0,0.326,65.439
2026-07-01 03:42:54,30,33,0,0,0.321,65.45
2026-07-01 03:43:38,28,32,0,0,0.291,65.466
2026-07-01 03:43:46,28,31,0,0,0.305,65.462
2026-07-01 03:45:41,30,32,0,0,0.294,65.427
2026-07-01 03:46:01,31,31,0,0,0.302,65.452
2026-07-01 03:46:13,31,32,0,0,0.283,65.429
2026-07-01 03:51:01,32,32,0,0,0.278,65.603
2026-07-01 03:51:49,30,30,0,0,0.246,65.628
2026-07-01 03:53:10,31,32,0,0,0.235,65.653
2026-07-01 03:54:47,33,33,0,0,0.227,65.79
2026-07-01 03:56:01,30,32,0,0,0.211,65.771
2026-07-01 03:58:07,28,32,0,0,0.185,65.683
2026-07-01 03:58:50,31,31,0,0,0.158,65.67
2026-07-01 03:59:47,28,28,0,0,0.145,65.742
2026-07-01 04:00:54,30,32,0,0,0.123,65.839
2026-07-01 04:01:00,31,32,0,0,0.105,65.862
2026-07-01 04:02:08,26,28,0,0,0.097,65.811
2026-07-01 04:02:42,27,30,0,0,0.097,65.826
2026-07-01 04:06:01,35,36,0,0,0.038,66.297
2026-07-01 04:08:06,37,37,0,0,0.022,66.505
2026-07-01 04:09:38,36,39,0,0,-0.002,66.602
2026-07-01 04:10:59,35,35,0,0,-0.002,66.589
2026-07-01 04:11:01,35,35,0,0,-0.016,66.595
2026-07-01 04:12:22,35,38,0,0,0,66.696
2026-07-01 04:14:57,30,32,0,0,-0.066,66.822
2026-07-01 04:16:01,32,33,0,0,-0.077,66.787
2026-07-01 04:17:14,35,35,0,0,-0.096,66.822
2026-07-01 04:19:03,32,34,0,0,-0.114,66.993
2026-07-01 04:20:08,32,33,0,0,-0.154,67.02
2026-07-01 04:21:01,30,35,0,0,-0.154,67.013
2026-07-01 04:23:08,31,32,0,0,-0.189,67.119
2026-07-01 04:26:01,28,32,0,0,-0.224,67.222
2026-07-01 04:31:01,38,39,0,0,-0.256,66.921
2026-07-01 04:36:01,54,67,0,0,-0.299,66.826
2026-07-01 04:38:55,49,58,0,0,-0.344,66.742
2026-07-01 04:39:56,51,61,0,0,-0.333,66.656
2026-07-01 04:41:01,43,50,0,0,-0.357,66.562
2026-07-01 04:45:40,41,41,0,0,-0.424,66.538
2026-07-01 04:46:01,38,40,0,0,-0.446,66.559
2026-07-01 04:51:01,42,42,0,0,-0.571,66.978
2026-07-01 04:53:28,43,47,0,0,-0.624,67.285
2026-07-01 04:54:39,40,43,0,0,-0.659,67.348
2026-07-01 04:55:39,38,41,0,0,-0.683,67.516
2026-07-01 04:56:01,35,38,0,0,-0.697,67.545
2026-07-01 04:56:48,41,44,0,0,-0.734,67.716
2026-07-01 04:57:55,37,37,0,0,-0.737,67.846
2026-07-01 05:01:01,41,41,0,0,-0.814,68.332
2026-07-01 05:02:08,40,40,0,0,-0.843,68.485
2026-07-01 05:03:51,40,42,0,0,-0.859,68.784
2026-07-01 05:06:01,45,48,0,0,-0.908,69.275
2026-07-01 05:11:01,43,48,0,0,-0.969,69.507
2026-07-01 05:15:11,43,47,0,0,-1.004,69.757
2026-07-01 05:16:01,41,43,0,0,-1.02,69.818
2026-07-01 05:19:20,42,43,0,0,-1.041,69.956
2026-07-01 05:21:01,43,44,0,0,-1.033,69.855
2026-07-01 05:26:01,39,39,0,0,-1.113,70.156
2026-07-01 05:27:11,43,44,0,0,-1.094,70.026
2026-07-01 05:30:10,39,39,0,0,-1.116,69.673
2026-07-01 05:31:01,42,44,0,0,-1.116,69.608
2026-07-01 05:31:41,42,44,0,0,-1.14,69.565
2026-07-01 05:34:05,41,43,0,0,-1.153,69.349
2026-07-01 05:36:01,40,42,0,0,-1.196,69.37
2026-07-01 05:38:00,37,37,0,0,-1.207,69.414
2026-07-01 05:41:01,37,39,0,0,-1.22,69.643
2026-07-01 05:45:11,36,37,0,0,-1.273,70.049
2026-07-01 05:46:01,40,43,0,0,-1.284,70.123
2026-07-01 05:49:10,43,48,0,0,-1.321,69.946
2026-07-01 05:49:34,40,42,0,0,-1.311,69.959
2026-07-01 05:50:16,40,43,0,0,-1.313,69.963
2026-07-01 05:50:19,42,45,0,0,-1.319,69.946
2026-07-01 05:50:33,42,43,0,0,-1.34,69.973
2026-07-01 05:50:54,37,43,0,0,-1.351,69.978
2026-07-01 05:51:01,36,42,0,0,-1.345,69.969
2026-07-01 05:51:10,39,40,0,0,-1.34,69.973
2026-07-01 05:51:32,36,36,0,0,-1.337,69.988
2026-07-01 05:51:48,39,40,0,0,-1.329,69.994
2026-07-01 05:52:12,43,48,0,0,-1.327,70.024
2026-07-01 05:52:15,44,49,0,0,-1.335,70.017
2026-07-01 05:52:29,44,48,0,0,-1.351,70.03
2026-07-01 05:52:51,37,40,0,0,-1.327,70.104
2026-07-01 05:52:54,37,39,0,0,-1.351,70.12
2026-07-01 05:53:00,38,39,0,0,-1.356,70.144
2026-07-01 05:53:35,40,42,0,0,-1.351,70.219
2026-07-01 05:53:42,40,43,0,0,-1.351,70.253
2026-07-01 05:54:13,43,45,0,0,-1.345,70.339
2026-07-01 05:54:26,41,44,0,0,-1.351,70.398
2026-07-01 05:56:01,42,45,0,0,-1.383,70.474
2026-07-01 06:01:01,43,47,0,0,-1.386,70.97
2026-07-01 06:05:10,42,42,0,0,-1.372,70.957
2026-07-01 06:06:01,42,48,0,0,-1.378,71.018
2026-07-01 06:07:33,36,39,0,0,-1.391,70.986
2026-07-01 06:07:49,38,41,0,0,-1.383,70.982
2026-07-01 06:08:11,39,42,0,0,-1.386,70.976
2026-07-01 06:08:15,37,41,0,0,-1.364,70.989
2026-07-01 06:08:39,37,37,0,0,-1.42,70.993
2026-07-01 06:08:48,37,39,0,0,-1.38,70.997
2026-07-01 06:08:56,39,41,0,0,-1.386,71.022
2026-07-01 06:09:05,39,39,0,0,-1.41,71.003
2026-07-01 06:09:09,38,38,0,0,-1.41,71.018
2026-07-01 06:09:11,38,38,0,0,-1.404,71.033
2026-07-01 06:09:30,37,37,0,0,-1.386,71.028
2026-07-01 06:09:34,39,39,0,0,-1.394,71.05
2026-07-01 06:09:46,41,41,0,0,-1.402,71.05
2026-07-01 06:11:01,38,39,0,0,-1.375,71.108
2026-07-01 06:11:11,39,40,0,0,-1.402,71.121
2026-07-01 06:11:41,39,39,0,0,-1.396,71.113
2026-07-01 06:14:05,34,37,0,0,-1.41,70.938
2026-07-01 06:14:09,36,39,0,0,-1.378,70.968
2026-07-01 06:14:12,36,39,0,0,-1.404,70.942
2026-07-01 06:14:16,37,39,0,0,-1.386,70.946
2026-07-01 06:14:32,36,36,0,0,-1.404,70.928
2026-07-01 06:14:35,36,36,0,0,-1.38,70.921
2026-07-01 06:14:44,38,38,0,0,-1.402,70.904
2026-07-01 06:14:50,38,38,0,0,-1.42,70.913
2026-07-01 06:14:57,38,38,0,0,-1.41,70.877
2026-07-01 06:15:14,32,33,0,0,-1.402,70.839
2026-07-01 06:15:19,31,33,0,0,-1.426,70.827
2026-07-01 06:15:21,32,33,0,0,-1.41,70.806
2026-07-01 06:15:56,32,34,0,0,-1.404,70.747
2026-07-01 06:16:01,33,34,0,0,-1.394,70.72
2026-07-01 06:16:33,29,33,0,0,-1.399,70.669
2026-07-01 06:16:36,29,33,0,0,-1.418,70.652
2026-07-01 06:16:45,31,34,0,0,-1.394,70.652
2026-07-01 06:16:47,31,33,0,0,-1.415,70.673
2026-07-01 06:16:58,32,33,0,0,-1.404,70.652
2026-07-01 06:17:04,33,33,0,0,-1.418,70.646
2026-07-01 06:17:12,33,33,0,0,-1.402,70.637
2026-07-01 06:17:25,34,34,0,0,-1.41,70.619
2026-07-01 06:17:32,33,35,0,0,-1.415,70.616
2026-07-01 06:17:35,33,34,0,0,-1.418,70.614
2026-07-01 06:17:40,33,34,0,0,-1.415,70.595
2026-07-01 06:17:50,33,35,0,0,-1.418,70.591
2026-07-01 06:18:02,33,33,0,0,-1.426,70.6
2026-07-01 06:18:15,34,34,0,0,-1.436,70.579
2026-07-01 06:18:20,35,36,0,0,-1.396,70.572
2026-07-01 06:18:25,34,36,0,0,-1.431,70.553
2026-07-01 06:18:35,34,34,0,0,-1.399,70.558
2026-07-01 06:19:01,35,35,0,0,-1.431,70.537
2026-07-01 06:19:34,35,35,0,0,-1.426,70.511
2026-07-01 06:20:12,32,33,0,0,-1.415,70.505
2026-07-01 06:21:01,32,32,0,0,-1.412,70.463
2026-07-01 06:26:01,29,29,0,0,-1.423,70.394
2026-07-01 06:27:15,33,33,0,0,-1.418,70.413
2026-07-01 06:27:27,34,35,0,0,-1.415,70.425
2026-07-01 06:27:37,33,34,0,0,-1.42,70.423
2026-07-01 06:27:46,33,35,0,0,-1.41,70.438
2026-07-01 06:27:56,33,34,0,0,-1.402,70.44
2026-07-01 06:28:07,34,35,0,0,-1.418,70.455
2026-07-01 06:28:18,33,34,0,0,-1.41,70.448
2026-07-01 06:28:30,33,36,0,0,-1.394,70.488
2026-07-01 06:28:45,33,33,0,0,-1.388,70.478
2026-07-01 06:29:14,36,36,0,0,-1.394,70.484
2026-07-01 06:29:28,36,36,0,0,-1.402,70.482
2026-07-01 06:29:42,37,39,0,0,-1.407,70.469
2026-07-01 06:29:52,36,39,0,0,-1.412,70.465
2026-07-01 06:29:56,37,40,0,0,-1.378,70.482
2026-07-01 06:30:10,37,39,0,0,-1.41,70.465
2026-07-01 06:30:40,37,39,0,0,-1.404,70.425
2026-07-01 06:30:52,37,40,0,0,-1.38,70.431
2026-07-01 06:30:59,41,42,0,0,-1.41,70.429
2026-07-01 06:31:01,41,42,0,0,-1.391,70.417
2026-07-01 06:31:09,40,40,0,0,-1.394,70.417
2026-07-01 06:31:50,39,40,0,0,-1.404,70.39
2026-07-01 06:32:05,39,42,0,0,-1.383,70.411
2026-07-01 06:32:33,39,41,0,0,-1.399,70.408
2026-07-01 06:32:44,37,40,0,0,-1.394,70.39
2026-07-01 06:32:51,36,41,0,0,-1.399,70.41
2026-07-01 06:32:58,37,39,0,0,-1.399,70.417
2026-07-01 06:33:17,37,38,0,0,-1.383,70.423
2026-07-01 06:33:23,36,37,0,0,-1.402,70.408
2026-07-01 06:33:47,40,42,0,0,-1.38,70.417
2026-07-01 06:33:57,39,40,0,0,-1.383,70.417
2026-07-01 06:34:09,40,42,0,0,-1.399,70.404
2026-07-01 06:34:21,39,40,0,0,-1.38,70.411
2026-07-01 06:34:29,40,42,0,0,-1.391,70.404
2026-07-01 06:35:01,40,43,0,0,-1.369,70.389
2026-07-01 06:35:04,40,43,0,0,-1.388,70.369
2026-07-01 06:35:29,36,38,0,0,-1.391,70.347
2026-07-01 06:35:49,36,36,0,0,-1.386,70.358
2026-07-01 06:35:52,36,36,0,0,-1.386,70.358
2026-07-01 06:35:55,36,36,0,0,-1.394,70.35
2026-07-01 06:36:01,36,36,0,0,-1.391,70.333
2026-07-01 06:36:15,36,39,0,0,-1.378,70.352
2026-07-01 06:36:18,36,39,0,0,-1.372,70.329
2026-07-01 06:36:22,36,39,0,0,-1.372,70.343
2026-07-01 06:36:40,36,38,0,0,-1.367,70.318
2026-07-01 06:36:54,38,39,0,0,-1.383,70.276
2026-07-01 06:37:16,36,37,0,0,-1.369,70.267
2026-07-01 06:37:38,36,36,0,0,-1.369,70.175
2026-07-01 06:37:54,35,35,0,0,-1.369,70.137
2026-07-01 06:38:01,33,33,0,0,-1.386,70.137
2026-07-01 06:38:11,35,36,0,0,-1.386,70.129
2026-07-01 06:38:14,36,36,0,0,-1.388,70.135
2026-07-01 06:38:22,36,37,0,0,-1.402,70.122
2026-07-01 06:38:28,36,36,0,0,-1.367,70.106
2026-07-01 06:38:41,36,36,0,0,-1.378,70.104
2026-07-01 06:38:49,36,37,0,0,-1.391,70.097
2026-07-01 06:39:12,36,37,0,0,-1.372,70.045
2026-07-01 06:39:18,35,36,0,0,-1.388,70.038
2026-07-01 06:39:28,34,34,0,0,-1.391,70.038
2026-07-01 06:40:47,32,33,0,0,-1.378,69.988
2026-07-01 06:41:02,29,32,0,0,-1.412,69.958
2026-07-01 06:41:10,29,31,0,0,-1.378,69.944
2026-07-01 06:41:50,31,31,0,0,-1.394,69.864
2026-07-01 06:42:31,33,34,0,0,-1.383,69.755
2026-07-01 06:42:47,32,33,0,0,-1.364,69.748
2026-07-01 06:43:15,29,33,0,0,-1.378,69.698
2026-07-01 06:43:19,28,32,0,0,-1.394,69.717
2026-07-01 06:44:00,32,33,0,0,-1.394,69.641
2026-07-01 06:44:06,31,33,0,0,-1.404,69.633
2026-07-01 06:44:40,33,35,0,0,-1.399,69.568
2026-07-01 06:44:50,33,33,0,0,-1.402,69.561
2026-07-01 06:45:13,29,29,0,0,-1.42,69.546
2026-07-01 06:45:29,31,31,0,0,-1.399,69.525
2026-07-01 06:46:01,33,33,0,0,-1.412,69.5
2026-07-01 06:46:35,32,33,0,0,-1.404,69.49
2026-07-01 06:46:39,32,34,0,0,-1.42,69.492
2026-07-01 06:46:43,32,33,0,0,-1.431,69.494
2026-07-01 06:47:01,31,33,0,0,-1.42,69.486
2026-07-01 06:47:19,33,33,0,0,-1.42,69.46
2026-07-01 06:47:56,29,29,0,0,-1.436,69.456
2026-07-01 06:48:53,28,28,0,0,-1.442,69.383
2026-07-01 06:49:22,29,29,0,0,-1.431,69.38
2026-07-01 06:49:30,29,31,0,0,-1.442,69.359
2026-07-01 06:49:57,27,29,0,0,-1.436,69.359
2026-07-01 06:50:03,29,32,0,0,-1.434,69.343
2026-07-01 06:50:08,29,33,0,0,-1.436,69.336
2026-07-01 06:50:14,32,33,0,0,-1.452,69.332
2026-07-01 06:50:37,27,29,0,0,-1.45,69.313
2026-07-01 06:50:41,27,29,0,0,-1.431,69.322
2026-07-01 06:50:44,27,29,0,0,-1.463,69.324
2026-07-01 06:51:01,29,32,0,0,-1.442,69.288
2026-07-01 06:51:19,33,33,0,0,-1.482,69.257
2026-07-01 06:51:23,34,34,0,0,-1.463,69.254
2026-07-01 06:51:30,32,32,0,0,-1.45,69.229
2026-07-01 06:51:36,33,33,0,0,-1.442,69.235
2026-07-01 06:51:58,29,29,0,0,-1.439,69.191
2026-07-01 06:52:13,33,33,0,0,-1.468,69.16
2026-07-01 06:52:39,33,35,0,0,-1.482,69.116
2026-07-01 06:52:53,35,35,0,0,-1.45,69.13
2026-07-01 06:52:57,33,35,0,0,-1.468,69.128
2026-07-01 06:53:19,29,31,0,0,-1.442,69.082
2026-07-01 06:53:47,35,38,0,0,-1.468,69.063
2026-07-01 06:54:00,33,35,0,0,-1.455,69.071
2026-07-01 06:54:17,35,36,0,0,-1.45,69.044
2026-07-01 06:54:41,33,36,0,0,-1.46,69.04
2026-07-01 06:54:45,33,36,0,0,-1.455,69.011
2026-07-01 06:54:57,36,39,0,0,-1.439,69.008
2026-07-01 06:55:30,34,34,0,0,-1.428,69.004
2026-07-01 06:55:36,35,35,0,0,-1.452,69.008
2026-07-01 06:55:48,35,36,0,0,-1.452,69.002
2026-07-01 06:56:01,36,36,0,0,-1.431,69.017
2026-07-01 06:56:06,36,36,0,0,-1.436,69.023
2026-07-01 06:56:17,34,34,0,0,-1.46,69.006
2026-07-01 06:56:42,42,42,0,0,-1.442,69.042
2026-07-01 06:56:51,42,42,0,0,-1.439,69.067
2026-07-01 06:57:25,37,39,0,0,-1.436,69.036
2026-07-01 06:57:30,37,39,0,0,-1.458,69.04
2026-07-01 06:57:33,39,40,0,0,-1.428,69.044
2026-07-01 06:57:46,37,40,0,0,-1.439,69.036
2026-07-01 06:58:04,38,41,0,0,-1.42,69.09
2026-07-01 06:58:12,39,42,0,0,-1.42,69.092
2026-07-01 06:58:47,38,39,0,0,-1.394,69.109
2026-07-01 06:58:54,38,41,0,0,-1.428,69.141
2026-07-01 06:59:07,39,42,0,0,-1.442,69.12
2026-07-01 06:59:25,40,45,0,0,-1.42,69.103
2026-07-01 06:59:31,40,43,0,0,-1.42,69.095
2026-07-01 07:00:05,42,44,0,0,-1.404,69.095
2026-07-01 07:00:13,41,42,0,0,-1.404,69.086
2026-07-01 07:00:46,47,48,0,0,-1.396,69.09
2026-07-01 07:00:58,46,49,0,0,-1.407,69.059
2026-07-01 07:01:01,43,47,0,0,-1.412,69.076
2026-07-01 07:01:27,40,43,0,0,-1.394,69.086
2026-07-01 07:01:30,40,43,0,0,-1.396,69.072
2026-07-01 07:01:43,44,49,0,0,-1.391,69.13
2026-07-01 07:02:07,43,45,0,0,-1.388,69.24
2026-07-01 07:02:11,43,45,0,0,-1.388,69.246
2026-07-01 07:02:20,44,48,0,0,-1.383,69.29
2026-07-01 07:02:49,44,44,0,0,-1.378,69.372
2026-07-01 07:03:27,44,48,0,0,-1.388,69.467
2026-07-01 07:04:11,46,52,0,0,-1.378,69.521
2026-07-01 07:04:16,48,54,0,0,-1.386,69.492
2026-07-01 07:04:54,46,52,0,0,-1.367,69.483
2026-07-01 07:05:04,47,51,0,0,-1.378,69.513
2026-07-01 07:05:28,46,48,0,0,-1.359,69.488
2026-07-01 07:05:32,47,48,0,0,-1.378,69.498
2026-07-01 07:05:36,43,45,0,0,-1.383,69.492
2026-07-01 07:05:44,42,42,0,0,-1.388,69.49
2026-07-01 07:06:02,41,44,0,0,-1.364,69.488
2026-07-01 07:06:07,39,42,0,0,-1.359,69.452
2026-07-01 07:06:15,37,39,0,0,-1.378,69.422
2026-07-01 07:06:18,37,39,0,0,-1.378,69.414
2026-07-01 07:06:25,38,39,0,0,-1.378,69.402
2026-07-01 07:06:56,34,39,0,0,-1.356,69.282
2026-07-01 07:07:36,33,33,0,0,-1.367,69.126
2026-07-01 07:07:43,33,33,0,0,-1.359,69.095
2026-07-01 07:07:52,32,33,0,0,-1.367,69.069
2026-07-01 07:08:10,33,34,0,0,-1.375,68.969
2026-07-01 07:08:13,33,34,0,0,-1.367,68.973
2026-07-01 07:08:25,33,34,0,0,-1.372,68.914
2026-07-01 07:08:28,33,34,0,0,-1.364,68.914
2026-07-01 07:08:52,31,31,0,0,-1.351,68.811
2026-07-01 07:09:04,34,34,0,0,-1.378,68.763
2026-07-01 07:09:31,32,32,0,0,-1.364,68.729
2026-07-01 07:09:40,33,33,0,0,-1.364,68.662
2026-07-01 07:10:01,29,33,0,0,-1.364,68.607
2026-07-01 07:10:06,29,33,0,0,-1.372,68.599
2026-07-01 07:10:09,29,33,0,0,-1.364,68.577
2026-07-01 07:10:31,29,33,0,0,-1.394,68.487
2026-07-01 07:10:57,32,33,0,0,-1.367,68.386
2026-07-01 07:11:01,32,33,0,0,-1.378,68.372
2026-07-01 07:11:03,32,33,0,0,-1.38,68.365
2026-07-01 07:11:18,33,36,0,0,-1.372,68.31
2026-07-01 07:12:10,35,38,0,0,-1.364,68.155
2026-07-01 07:12:20,33,37,0,0,-1.394,68.134
2026-07-01 07:12:25,33,36,0,0,-1.394,68.117
2026-07-01 07:12:35,29,33,0,0,-1.415,68.077
2026-07-01 07:12:43,29,33,0,0,-1.404,68.075
2026-07-01 07:13:17,32,34,0,0,-1.404,67.999
2026-07-01 07:13:47,33,33,0,0,-1.41,67.939
2026-07-01 07:13:51,33,34,0,0,-1.404,67.919
2026-07-01 07:13:56,34,36,0,0,-1.404,67.932
2026-07-01 07:14:20,35,36,0,0,-1.391,67.888
2026-07-01 07:14:33,39,42,0,0,-1.415,67.873
2026-07-01 07:14:45,38,39,0,0,-1.42,67.84
2026-07-01 07:15:13,39,40,0,0,-1.423,67.838
2026-07-01 07:16:02,52,61,0,0,-1.42,67.796
2026-07-01 07:18:52,54,63,0,0,-1.463,67.581
2026-07-01 07:21:02,38,40,0,0,-1.503,67.495
2026-07-01 07:26:02,64,78,0,0,-1.543,67.466
2026-07-01 07:26:22,73,93,0,0,-1.562,67.459
2026-07-01 07:27:35,65,80,0,0,-1.596,67.489
2026-07-01 07:29:53,54,66,0,0,-1.61,67.442
2026-07-01 07:31:02,39,42,0,0,-1.602,67.43
2026-07-01 07:32:25,37,37,0,0,-1.645,67.369
2026-07-01 07:34:44,42,43,0,0,-1.655,67.346
2026-07-01 07:36:02,38,39,0,0,-1.682,67.369
2026-07-01 07:41:02,38,38,0,0,-1.762,67.827
2026-07-01 07:41:55,44,48,0,0,-1.743,68.042
2026-07-01 07:44:02,35,36,0,0,-1.754,67.909
2026-07-01 07:46:02,42,42,0,0,-1.765,67.716
2026-07-01 07:46:53,42,44,0,0,-1.762,67.608
2026-07-01 07:48:52,42,42,0,0,-1.765,67.499
2026-07-01 07:50:25,38,39,0,0,-1.783,67.676
2026-07-01 07:51:01,40,42,0,0,-1.783,67.711
2026-07-01 07:56:01,41,42,0,0,-1.818,67.953
2026-07-01 07:59:23,42,44,0,0,-1.781,67.817
2026-07-01 08:01:01,41,42,0,0,-1.757,67.739
2026-07-01 08:06:02,44,51,0,0,-1.706,67.703
2026-07-01 08:08:28,44,48,0,0,-1.618,67.646
2026-07-01 08:11:02,40,44,0,0,-1.503,67.533
2026-07-01 08:15:25,41,42,0,0,-1.359,67.148
2026-07-01 08:16:01,40,42,0,0,-1.329,67.135
2026-07-01 08:18:13,43,45,0,0,-1.241,66.959
2026-07-01 08:18:24,43,43,0,0,-1.249,66.974
2026-07-01 08:18:41,41,45,0,0,-1.249,66.942
2026-07-01 08:19:17,40,43,0,0,-1.215,66.91
2026-07-01 08:20:00,39,42,0,0,-1.175,66.883
2026-07-01 08:20:08,40,42,0,0,-1.169,66.904
2026-07-01 08:20:16,39,42,0,0,-1.172,66.881
2026-07-01 08:20:37,37,39,0,0,-1.153,66.883
2026-07-01 08:20:39,39,41,0,0,-1.156,66.881
2026-07-01 08:20:45,40,41,0,0,-1.159,66.894
2026-07-01 08:20:53,39,42,0,0,-1.118,66.923
2026-07-01 08:21:01,39,42,0,0,-1.14,66.927
2026-07-01 08:21:18,41,41,0,0,-1.132,66.932
2026-07-01 08:21:28,43,43,0,0,-1.11,66.948
2026-07-01 08:22:02,43,43,0,0,-1.086,66.963
2026-07-01 08:26:02,48,53,0,0,-0.892,67.037
2026-07-01 08:31:01,52,62,0,0,-0.649,66.801
2026-07-01 08:36:01,51,61,0,0,-0.387,66.179
2026-07-01 08:36:58,52,62,0,0,-0.331,65.967
2026-07-01 08:37:51,56,67,0,0,-0.296,65.757
2026-07-01 08:38:54,53,63,0,0,-0.232,65.548
2026-07-01 08:41:01,47,51,0,0,-0.144,65.101
2026-07-01 08:41:18,45,51,0,0,-0.12,65.063
2026-07-01 08:44:17,47,54,0,0,0.006,64.819
2026-07-01 08:45:38,48,56,0,0,0.107,64.773
2026-07-01 08:46:02,45,51,0,0,0.121,64.804
2026-07-01 08:47:24,45,46,0,0,0.201,64.895
2026-07-01 08:48:24,45,48,0,0,0.241,65.084
2026-07-01 08:50:29,47,54,0,0,0.374,65.349
2026-07-01 08:51:01,51,61,0,0,0.438,65.378
2026-07-01 08:54:18,56,66,0,0,0.663,65.462
2026-07-01 08:56:01,57,67,0,0,0.828,65.334
2026-07-01 09:01:02,56,69,0,0,1.226,64.752
2026-07-01 09:05:32,62,76,0,0,1.547,64.089
2026-07-01 09:05:55,61,75,0,0,1.568,64.045
2026-07-01 09:06:01,62,74,0,0,1.597,64.052
2026-07-01 09:06:18,63,79,0,0,1.616,64.041
2026-07-01 09:10:19,54,62,0,0,1.819,63.701
2026-07-01 09:11:01,54,64,0,0,1.883,63.678
2026-07-01 09:15:32,54,64,0,0,2.11,63.482
2026-07-01 09:16:01,54,64,0,0,2.137,63.476
2026-07-01 09:21:02,58,69,0,0,2.489,62.795
2026-07-01 09:25:55,57,69,0,0,2.818,62.116
2026-07-01 09:26:01,58,68,0,0,2.81,62.112
2026-07-01 09:31:02,64,76,0,0,3.199,61.952
2026-07-01 09:33:25,63,78,0,0,3.392,61.418
2026-07-01 09:36:02,63,79,0,0,3.608,61.33
2026-07-01 09:36:04,63,79,0,0,3.589,61.315
2026-07-01 09:37:25,68,83,0,0,3.653,61.184
2026-07-01 09:37:41,76,92,0,0,3.701,61.163
2026-07-01 09:41:02,62,78,0,0,3.872,61.395
2026-07-01 09:46:02,61,74,0,0,4.083,61.355
2026-07-01 09:51:02,63,77,0,0,4.193,61.073
2026-07-01 09:54:24,64,78,0,0,4.23,61.128
2026-07-01 09:55:06,65,79,0,0,4.254,61.178
2026-07-01 09:56:02,65,79,0,0,4.27,61.17
2026-07-01 10:01:02,60,73,0,0,4.406,61.309
2026-07-01 10:06:02,63,78,0,0,4.612,61.182
2026-07-01 10:11:02,63,77,0,0,4.788,61.338
2026-07-01 10:11:48,61,75,0,0,4.818,61.308
2026-07-01 10:16:02,57,69,0,0,5.085,61.79
2026-07-01 10:18:57,54,64,0,0,5.333,62.07
2026-07-01 10:21:02,52,61,0,0,5.509,62.605
2026-07-01 10:26:02,48,57,0,0,5.923,62.776
2026-07-01 10:31:02,44,51,0,0,6.34,62.593
2026-07-01 10:36:02,46,55,0,0,6.786,62.002
2026-07-01 10:39:02,43,51,0,0,7.031,61.762
2026-07-01 10:39:12,42,50,0,0,7.055,61.746
2026-07-01 10:41:02,43,50,0,0,7.216,61.353
2026-07-01 10:42:26,42,48,0,0,7.336,60.886
2026-07-01 10:46:02,41,49,0,0,7.616,60.373
2026-07-01 10:49:10,38,39,0,0,7.886,60.285
2026-07-01 10:51:02,38,39,0,0,8.043,60.724
2026-07-01 10:52:21,33,36,0,0,8.134,60.537
2026-07-01 10:53:27,33,35,0,0,8.238,60.341
2026-07-01 10:56:02,34,34,0,0,8.42,59.711
2026-07-01 10:57:21,38,44,0,0,8.532,59.375
2026-07-01 10:58:30,37,41,0,0,8.604,59.12
2026-07-01 11:01:02,34,34,0,0,8.812,58.563
2026-07-01 11:04:00,33,34,0,0,9.071,57.666
2026-07-01 11:06:02,33,35,0,0,9.21,57.502
2026-07-01 11:08:57,49,59,0,0,9.475,57.006
2026-07-01 11:11:02,46,55,0,0,9.648,56.47
2026-07-01 11:11:58,45,53,0,0,9.704,56.158
2026-07-01 11:16:02,33,34,0,0,9.971,55.017
2026-07-01 11:21:02,37,41,0,0,10.246,53.842
2026-07-01 11:26:02,34,37,0,0,10.409,52.986
2026-07-01 11:28:58,34,37,0,0,10.559,52.196
2026-07-01 11:31:02,33,37,0,0,10.727,51.879
2026-07-01 11:36:02,31,33,0,0,11.371,50.291
2026-07-01 11:41:02,25,25,0,0,12.375,47.025
2026-07-01 11:44:14,28,29,0,0,13.048,45.65
2026-07-01 11:46:02,28,28,0,0,13.451,44.452
2026-07-01 11:51:02,19,20,0,0,14.377,41.963
2026-07-01 11:54:28,24,24,0,0,14.973,40.538
2026-07-01 11:56:02,23,24,0,0,15.224,39.951
2026-07-01 12:00:28,16,17,0,0,15.862,38.421
2026-07-01 12:01:02,14,17,0,0,15.948,38.162
2026-07-01 12:06:02,17,19,0,0,16.562,36.542
2026-07-01 12:07:21,23,23,0,0,16.674,35.949
2026-07-01 12:11:02,18,18,0,0,16.949,34.761
2026-07-01 12:16:02,9,9,0,0,17.272,34.402
2026-07-01 12:19:28,7,7,0,0,17.384,34.032
2026-07-01 12:21:02,7,7,0,0,17.408,33.799
2026-07-01 12:24:58,8,8,0,0,17.56,33.792
2026-07-01 12:26:02,6,6,0,0,17.611,33.612
2026-07-01 12:31:02,12,12,0,0,18.073,33.469
2026-07-01 12:36:02,13,13,0,0,18.356,33.17
2026-07-01 12:39:58,6,7,0,0,18.578,32.272
2026-07-01 12:41:02,9,9,0,0,18.621,32.157
2026-07-01 12:46:02,5,5,0,0,18.901,31.675
2026-07-01 12:48:44,7,7,0,0,19.077,31.47
2026-07-01 12:49:33,6,7,0,0,19.104,31.24
2026-07-01 12:51:02,7,7,0,0,19.163,31.072
2026-07-01 12:56:02,6,6,0,0,19.414,30.776
2026-07-01 12:59:10,8,9,0,0,19.537,30.433
2026-07-01 13:01:02,6,6,0,0,19.52,30.421
2026-07-01 13:02:17,8,8,0,0,19.571,30.343
2026-07-01 13:04:59,6,6,0,0,19.598,30.208
2026-07-01 13:06:02,7,8,0,0,19.657,30.248
2026-07-01 13:07:59,10,10,0,0,19.697,30.41
2026-07-01 13:11:02,16,16,0,0,19.846,30.021
2026-07-01 13:12:43,7,7,0,0,19.9,30.053
2026-07-01 13:13:48,9,9,0,0,19.966,29.887
2026-07-01 13:15:37,6,6,0,0,20.055,29.834
2026-07-01 13:16:02,7,7,0,0,20.076,29.88
2026-07-01 13:20:37,8,8,0,0,20.268,29.559
2026-07-01 13:21:02,5,5,0,0,20.279,29.485
2026-07-01 13:26:02,11,11,0,0,20.498,29.319
2026-07-01 13:31:02,12,13,0,0,20.511,29.183
2026-07-01 13:36:02,8,9,0,0,20.423,29.389
2026-07-01 13:41:02,6,7,0,0,20.626,29.079
2026-07-01 13:46:04,14,16,0,0,20.898,28.995
2026-07-01 13:51:02,6,6,0,0,20.965,28.567
2026-07-01 13:55:00,5,6,0,0,20.93,28.594
2026-07-01 13:56:02,7,7,0,0,20.914,28.661
2026-07-01 14:01:02,10,10,0,0,21.029,28.615
2026-07-01 14:06:02,11,11,0,0,21.043,28.731
2026-07-01 14:11:02,6,8,0,0,21.032,28.6
2026-07-01 14:16:02,9,9,0,0,21.093,28.615
2026-07-01 14:21:02,6,6,0,0,21.027,28.855
2026-07-01 14:26:02,6,6,0,0,21.083,28.737
2026-07-01 14:31:02,7,7,0,0,21.117,28.691
2026-07-01 14:36:02,6,7,0,0,21.069,28.874
2026-07-01 14:41:02,9,9,0,0,21.019,28.718
2026-07-01 14:42:01,5,7,0,0,20.989,28.716
2026-07-01 14:46:02,5,5,0,0,20.904,29.018
2026-07-01 14:51:02,6,7,0,0,20.853,29.004
2026-07-01 14:56:02,17,18,0,0,20.76,29.267
2026-07-01 15:01:02,12,15,0,0,20.743,29.164
2026-07-01 15:01:32,16,17,0,0,20.733,29.187
2026-07-01 15:06:02,17,17,0,0,20.586,29.468
2026-07-01 15:11:02,8,9,0,0,20.37,29.685
2026-07-01 15:16:02,13,15,0,0,20.204,29.977
2026-07-01 15:21:02,8,10,0,0,20.014,30.12
2026-07-01 15:23:31,22,22,0,0,19.95,30.303
2026-07-01 15:24:01,21,22,0,0,19.91,30.345
2026-07-01 15:26:02,13,14,0,0,19.854,30.488
2026-07-01 15:31:02,7,8,0,0,19.771,30.534
2026-07-01 15:36:02,11,12,0,0,19.702,30.448
2026-07-01 15:41:02,8,9,0,0,19.606,30.57
2026-07-01 15:41:32,7,8,0,0,19.611,30.612
2026-07-01 15:46:02,13,13,0,0,19.555,30.673
2026-07-01 15:46:04,13,13,0,0,19.542,30.723
2026-07-01 15:51:02,18,18,0,0,19.504,30.721
2026-07-01 15:56:02,12,13,0,0,19.368,30.833
2026-07-01 16:03:06,8,8,0,0,19.099,31.152
2026-07-01 16:06:02,16,17,0,0,18.936,31.44
2026-07-01 16:06:04,16,17,0,0,18.936,31.472
2026-07-01 16:11:02,5,6,0,0,18.703,31.684
2026-07-01 16:16:02,16,17,0,0,18.484,32.052
2026-07-01 16:21:02,7,8,0,0,18.289,32.273
2026-07-01 16:22:03,6,6,0,0,18.297,32.325
2026-07-01 16:26:02,18,19,0,0,18.161,32.699
2026-07-01 16:31:02,74,78,0,0,17.956,32.876
2026-07-01 16:33:33,43,53,0,0,17.86,33.006
2026-07-01 16:36:02,54,67,0,0,17.723,33.189
2026-07-01 16:41:02,39,47,0,0,17.395,33.446
2026-07-01 16:41:05,38,46,0,0,17.374,33.431
2026-07-01 16:46:02,7,8,0,0,16.607,34.377
2026-07-01 16:51:03,19,20,0,0,15.739,35.735
2026-07-01 16:56:03,27,27,0,0,14.861,37.17
2026-07-01 17:01:03,7,8,0,0,14.081,38.533
2026-07-01 17:06:03,23,23,0,0,13.4,39.542
2026-07-01 17:11:03,31,35,0,0,12.831,40.998
2026-07-01 17:16:03,34,36,0,0,12.321,42.207
2026-07-01 17:21:03,28,28,0,0,11.87,43.414
2026-07-01 17:25:35,27,28,0,0,11.477,45.141
2026-07-01 17:26:03,22,25,0,0,11.421,45.347
2026-07-01 17:31:03,30,30,0,0,11.045,46.85
2026-07-01 17:36:03,28,28,0,0,10.716,48.089
2026-07-01 17:37:06,29,29,0,0,10.66,48.297
2026-07-01 17:39:35,30,31,0,0,10.5,48.889
2026-07-01 17:41:03,28,29,0,0,10.425,49.173
2026-07-01 17:42:05,28,29,0,0,10.369,49.358
2026-07-01 17:46:03,37,43,0,0,10.14,50.119
2026-07-01 17:51:03,29,30,0,0,9.873,50.798
2026-07-01 17:56:03,18,19,0,0,9.614,51.712
2026-07-01 18:01:03,10,13,0,0,9.376,52.53
2026-07-01 18:05:06,21,21,0,0,9.141,52.736
2026-07-01 18:06:03,28,29,0,0,9.069,52.856
2026-07-01 18:11:03,29,30,0,0,8.794,53.77
2026-07-01 18:16:03,12,12,0,0,8.511,54.657
2026-07-01 18:20:36,14,15,0,0,8.286,55.36
2026-07-01 18:21:03,14,15,0,0,8.278,55.479
2026-07-01 18:22:22,9,12,0,0,8.198,55.736
2026-07-01 18:26:03,15,15,0,0,8.051,56.724
2026-07-01 18:27:06,20,22,0,0,8.006,57.046
2026-07-01 18:31:03,15,16,0,0,7.878,57.859
2026-07-01 18:31:04,15,16,0,0,7.87,57.874
2026-07-01 18:36:03,14,15,0,0,7.758,58.183
2026-07-01 18:39:00,9,9,0,0,7.672,58.515
2026-07-01 18:41:03,10,10,0,0,7.603,58.847
2026-07-01 18:44:27,9,9,0,0,7.52,59.204
2026-07-01 18:46:03,15,15,0,0,7.477,59.339
2026-07-01 18:50:37,38,42,0,0,7.354,59.728
2026-07-01 18:51:03,51,62,0,0,7.346,59.736
2026-07-01 18:52:26,56,69,0,0,7.285,59.766
2026-07-01 18:55:20,49,57,0,0,7.232,59.961
2026-07-01 18:56:03,48,56,0,0,7.21,60.075
2026-07-01 18:57:37,44,51,0,0,7.178,60.346
2026-07-01 19:01:03,39,42,0,0,7.063,61.031
2026-07-01 19:04:09,24,24,0,0,6.975,61.361
2026-07-01 19:06:03,21,23,0,0,6.919,61.584
2026-07-01 19:09:06,11,13,0,0,6.871,62.048
2026-07-01 19:10:39,9,10,0,0,6.807,62.219
2026-07-01 19:11:03,10,14,0,0,6.804,62.317
2026-07-01 19:13:38,17,18,0,0,6.74,62.469
2026-07-01 19:16:03,19,21,0,0,6.679,62.673
2026-07-01 19:21:03,50,60,0,0,6.548,63.423
2026-07-01 19:26:03,30,31,0,0,6.444,63.64
2026-07-01 19:31:03,31,31,0,0,6.334,63.909
2026-07-01 19:31:39,30,30,0,0,6.324,64.052
2026-07-01 19:36:03,31,31,0,0,6.228,64.394
2026-07-01 19:41:03,35,37,0,0,6.102,64.872
2026-07-01 19:46:03,100,103,0,0,5.993,65.153
2026-07-01 19:51:03,56,70,0,0,5.883,64.785
2026-07-01 19:56:03,44,52,0,0,5.747,63.745
2026-07-01 20:01:03,47,53,0,0,5.565,63.121
2026-07-01 20:06:03,42,46,0,0,5.402,63.827
2026-07-01 20:09:21,44,49,0,0,5.293,64.806
2026-07-01 20:11:03,41,46,0,0,5.224,65.262
2026-07-01 20:16:03,47,56,0,0,5.146,66.501
2026-07-01 20:21:03,27,29,0,0,5.047,65.189
2026-07-01 20:26:03,30,31,0,0,4.898,63.732
2026-07-01 20:31:03,32,33,0,0,4.751,63.56
2026-07-01 20:36:03,48,54,0,0,4.572,63.591
2026-07-01 20:41:03,40,44,0,0,4.382,64.052
2026-07-01 20:44:40,41,45,0,0,4.228,64.001
2026-07-01 20:46:03,37,37,0,0,4.209,63.942
2026-07-01 20:49:40,37,42,0,0,4.07,63.703
2026-07-01 20:51:03,38,39,0,0,4.038,63.673
2026-07-01 20:56:03,39,40,0,0,3.896,63.594
2026-07-01 21:01:03,43,50,0,0,3.771,64.085
2026-07-01 21:06:03,44,51,0,0,3.656,64.451
2026-07-01 21:11:03,45,50,0,0,3.536,64.327
2026-07-01 21:14:54,42,50,0,0,3.472,64.272
2026-07-01 21:15:55,41,44,0,0,3.445,64.275
2026-07-01 21:16:03,39,43,0,0,3.45,64.302
2026-07-01 21:16:11,42,44,0,0,3.448,64.283
2026-07-01 21:16:38,43,47,0,0,3.445,64.245
2026-07-01 21:17:47,44,48,0,0,3.416,64.184
2026-07-01 21:19:11,43,47,0,0,3.384,64.172
2026-07-01 21:21:03,43,49,0,0,3.346,64.171
2026-07-01 21:21:41,42,49,0,0,3.317,64.228
2026-07-01 21:22:41,41,45,0,0,3.301,64.289
2026-07-01 21:23:11,42,46,0,0,3.301,64.319
2026-07-01 21:26:03,43,47,0,0,3.226,64.546
2026-07-01 21:31:03,43,47,0,0,3.087,64.838
2026-07-01 21:31:59,43,48,0,0,3.101,64.827
2026-07-01 21:35:12,47,56,0,0,3.05,64.92
2026-07-01 21:36:03,46,50,0,0,3.031,64.937
2026-07-01 21:36:50,46,53,0,0,3.018,64.945
2026-07-01 21:38:04,45,50,0,0,3.021,64.989
2026-07-01 21:39:52,39,44,0,0,2.991,65.031
2026-07-01 21:41:03,39,46,0,0,2.996,65.136
2026-07-01 21:43:30,39,43,0,0,3.01,65.469
2026-07-01 21:45:16,46,54,0,0,2.98,65.55
2026-07-01 21:46:03,52,59,0,0,2.972,65.565
2026-07-01 21:49:02,46,54,0,0,2.994,65.443
2026-07-01 21:51:03,42,45,0,0,3.007,65.361
2026-07-01 21:55:12,51,59,0,0,3.061,65.407
2026-07-01 21:56:03,49,57,0,0,3.018,65.345
2026-07-01 22:00:23,34,39,0,0,3.058,65.26
2026-07-01 22:01:03,40,44,0,0,3.053,65.241
2026-07-01 22:01:51,38,40,0,0,3.045,65.206
2026-07-01 22:06:03,42,44,0,0,3.013,64.912
2026-07-01 22:08:44,42,44,0,0,2.98,64.829
2026-07-01 22:09:42,39,41,0,0,2.972,64.813
2026-07-01 22:11:03,40,40,0,0,2.967,64.752
2026-07-01 22:11:41,39,39,0,0,2.932,64.75
2026-07-01 22:13:17,39,39,0,0,2.922,64.686
2026-07-01 22:15:06,39,43,0,0,2.892,64.651
2026-07-01 22:16:03,42,45,0,0,2.879,64.663
2026-07-01 22:18:56,46,53,0,0,2.85,64.724
2026-07-01 22:19:12,43,50,0,0,2.823,64.743
2026-07-01 22:21:03,43,51,0,0,2.81,64.798
2026-07-01 22:22:08,43,51,0,0,2.807,64.8
2026-07-01 22:23:12,49,57,0,0,2.783,64.853
2026-07-01 22:25:11,52,61,0,0,2.767,64.93
2026-07-01 22:26:03,48,55,0,0,2.753,64.956
2026-07-01 22:29:27,52,61,0,0,2.695,65.021
2026-07-01 22:31:04,46,54,0,0,2.665,65.036
2026-07-01 22:33:27,48,55,0,0,2.641,65.078
2026-07-01 22:34:55,46,52,0,0,2.601,65.113
2026-07-01 22:35:15,46,54,0,0,2.601,65.128
2026-07-01 22:36:03,44,51,0,0,2.599,65.13
2026-07-01 22:41:03,78,93,0,0,2.54,65.349
2026-07-01 22:43:14,54,65,0,0,2.502,65.557
2026-07-01 22:46:03,88,100,0,0,2.51,65.668
2026-07-01 22:47:14,63,77,0,0,2.494,65.7
2026-07-01 22:51:03,59,70,0,0,2.46,66.004
2026-07-01 22:51:30,60,73,0,0,2.452,66.093
2026-07-01 22:56:03,58,70,0,0,2.462,66.627
2026-07-01 22:58:45,61,73,0,0,2.473,67.232
2026-07-01 23:01:03,59,73,0,0,2.481,67.598
2026-07-01 23:03:14,60,73,0,0,2.527,67.564
2026-07-01 23:06:03,56,67,0,0,2.545,67.371
2026-07-01 23:11:03,53,63,0,0,2.516,66.305
2026-07-01 23:16:03,47,52,0,0,2.385,66.127
2026-07-01 23:21:03,44,48,0,0,2.233,66.28
2026-07-01 23:25:15,47,51,0,0,2.073,66.572
2026-07-01 23:26:03,44,51,0,0,2.07,66.604
2026-07-01 23:31:03,44,47,0,0,1.899,67.06
2026-07-01 23:31:15,44,49,0,0,1.899,67.085
2026-07-01 23:36:03,39,39,0,0,1.816,67.568
2026-07-01 23:41:03,43,46,0,0,1.723,67.785
2026-07-01 23:41:50,41,45,0,0,1.717,67.785
2026-07-01 23:42:46,43,45,0,0,1.68,67.777
2026-07-01 23:46:03,40,44,0,0,1.645,67.791
2026-07-01 23:51:03,44,49,0,0,1.584,67.941
2026-07-01 23:54:15,45,49,0,0,1.522,67.894
2026-07-01 23:56:03,45,49,0,0,1.496,67.999
2026-07-02 00:01:03,41,45,0,0,1.458,68.283
2026-07-02 00:05:56,46,53,0,0,1.402,68.619
2026-07-02 00:06:03,48,53,0,0,1.402,68.626
2026-07-02 00:06:46,46,53,0,0,1.397,68.598
2026-07-02 00:11:03,49,54,0,0,1.336,68.756
2026-07-02 00:15:57,57,66,0,0,1.282,68.918
2026-07-02 00:16:03,58,69,0,0,1.274,68.916
2026-07-02 00:18:09,57,66,0,0,1.242,69.076
2026-07-02 00:20:51,48,56,0,0,1.226,68.844
2026-07-02 00:21:03,48,56,0,0,1.215,68.846
2026-07-02 00:26:03,45,50,0,0,1.106,68.685
2026-07-02 00:31:03,43,48,0,0,0.986,68.975
2026-07-02 00:33:46,41,48,0,0,0.911,69.072
2026-07-02 00:36:03,48,56,0,0,0.866,69.09
2026-07-02 00:41:03,58,69,0,0,0.793,69.17
2026-07-02 00:43:16,49,58,0,0,0.751,69.317
2026-07-02 00:46:03,48,52,0,0,0.7,69.544
2026-07-02 00:49:27,49,54,0,0,0.668,69.988
2026-07-02 00:51:03,54,62,0,0,0.652,70.097
2026-07-02 00:56:03,54,63,0,0,0.647,70.549
2026-07-02 01:01:03,56,68,0,0,0.631,70.621
2026-07-02 01:06:03,54,62,0,0,0.633,70.867
2026-07-02 01:06:05,54,62,0,0,0.628,70.862
2026-07-02 01:06:47,53,63,0,0,0.623,70.85
2026-07-02 01:07:58,51,64,0,0,0.615,70.852
2026-07-02 01:10:17,48,53,0,0,0.641,70.864
2026-07-02 01:11:03,49,59,0,0,0.625,70.816
2026-07-02 01:12:39,48,55,0,0,0.641,70.732
2026-07-02 01:13:39,49,56,0,0,0.644,70.749
2026-07-02 01:16:03,49,59,0,0,0.609,70.961
2026-07-02 01:19:16,55,65,0,0,0.604,70.972
2026-07-02 01:20:01,56,68,0,0,0.599,71.056
2026-07-02 01:20:18,56,68,0,0,0.607,71.064
2026-07-02 01:21:03,58,69,0,0,0.585,71.087
2026-07-02 01:21:06,58,69,0,0,0.593,71.07
2026-07-02 01:24:02,58,71,0,0,0.561,71.188
2026-07-02 01:26:03,54,64,0,0,0.55,71.182
2026-07-02 01:28:01,53,62,0,0,0.529,71.005
2026-07-02 01:28:42,48,53,0,0,0.54,70.911
2026-07-02 01:29:48,48,54,0,0,0.516,70.612
2026-07-02 01:31:03,46,49,0,0,0.5,70.339
2026-07-02 01:31:17,46,50,0,0,0.47,70.293
2026-07-02 01:35:08,44,51,0,0,0.39,70.188
2026-07-02 01:36:03,42,46,0,0,0.35,70.27
2026-07-02 01:36:20,45,49,0,0,0.353,70.284
2026-07-02 01:41:03,41,47,0,0,0.225,70.398
2026-07-02 01:43:10,45,48,0,0,0.153,70.507
2026-07-02 01:45:27,46,50,0,0,0.11,70.513
2026-07-02 01:46:03,45,49,0,0,0.091,70.49
2026-07-02 01:48:20,41,50,0,0,0.024,70.488
2026-07-02 01:51:03,42,43,0,0,-0.021,70.6
2026-07-02 01:51:31,39,41,0,0,-0.029,70.625
2026-07-02 01:52:50,44,45,0,0,-0.09,70.682
2026-07-02 01:53:50,42,46,0,0,-0.085,70.724
2026-07-02 01:54:01,42,48,0,0,-0.085,70.709
2026-07-02 01:55:50,45,49,0,0,-0.122,70.793
2026-07-02 01:56:03,45,49,0,0,-0.128,70.822
2026-07-02 02:00:08,46,51,0,0,-0.227,71.102
2026-07-02 02:01:03,46,53,0,0,-0.235,71.071
2026-07-02 02:05:20,45,51,0,0,-0.288,70.967
2026-07-02 02:06:03,45,48,0,0,-0.32,70.915
2026-07-02 02:06:05,45,48,0,0,-0.309,70.902
2026-07-02 02:09:26,45,49,0,0,-0.368,71.119
2026-07-02 02:11:03,45,49,0,0,-0.403,71.184
2026-07-02 02:11:20,42,44,0,0,-0.406,71.201
2026-07-02 02:11:26,42,44,0,0,-0.406,71.214
2026-07-02 02:11:32,42,42,0,0,-0.403,71.224
2026-07-02 02:11:51,39,41,0,0,-0.406,71.234
2026-07-02 02:13:20,34,35,0,0,-0.446,71.096
2026-07-02 02:15:04,35,35,0,0,-0.462,71.157
2026-07-02 02:15:20,35,37,0,0,-0.475,71.193
2026-07-02 02:16:03,38,38,0,0,-0.462,71.276
2026-07-02 02:17:20,42,42,0,0,-0.523,71.481
2026-07-02 02:17:50,43,44,0,0,-0.534,71.634
2026-07-02 02:19:57,42,44,0,0,-0.539,71.838
2026-07-02 02:21:03,43,44,0,0,-0.542,71.939
2026-07-02 02:24:26,39,41,0,0,-0.622,72.176
2026-07-02 02:25:06,41,43,0,0,-0.611,72.262
2026-07-02 02:26:03,41,41,0,0,-0.606,72.382
2026-07-02 02:28:51,42,48,0,0,-0.624,72.378
2026-07-02 02:31:02,39,42,0,0,-0.646,72.395
2026-07-02 02:31:04,40,43,0,0,-0.635,72.408
2026-07-02 02:33:21,41,44,0,0,-0.632,72.464
2026-07-02 02:33:45,42,46,0,0,-0.646,72.452
2026-07-02 02:36:05,41,47,0,0,-0.662,72.386
2026-07-02 02:38:30,42,47,0,0,-0.662,72.485
2026-07-02 02:41:04,40,44,0,0,-0.697,72.498
2026-07-02 02:41:12,41,47,0,0,-0.705,72.504
2026-07-02 02:46:04,49,54,0,0,-0.723,73.278
2026-07-02 02:46:06,47,53,0,0,-0.745,73.278
2026-07-02 02:46:10,47,53,0,0,-0.747,73.292
2026-07-02 02:51:04,43,44,0,0,-0.747,73.101
2026-07-02 02:54:51,42,45,0,0,-0.729,73.21
2026-07-02 02:56:04,39,43,0,0,-0.734,73.213
2026-07-02 03:01:04,43,44,0,0,-0.731,72.693
2026-07-02 03:06:04,46,50,0,0,-0.777,72.63
2026-07-02 03:07:21,47,55,0,0,-0.795,72.817
2026-07-02 03:11:04,50,57,0,0,-0.835,73.843
2026-07-02 03:12:21,46,53,0,0,-0.814,74.022
2026-07-02 03:14:07,47,53,0,0,-0.793,74.198
2026-07-02 03:16:04,49,58,0,0,-0.79,74.222
2026-07-02 03:18:41,49,56,0,0,-0.774,74.234
2026-07-02 03:20:22,47,52,0,0,-0.75,74.121
2026-07-02 03:21:04,50,58,0,0,-0.763,74.022
2026-07-02 03:21:06,50,58,0,0,-0.745,74.016
2026-07-02 03:23:21,48,54,0,0,-0.734,73.81
2026-07-02 03:23:52,51,57,0,0,-0.755,73.778
2026-07-02 03:26:04,45,51,0,0,-0.782,73.446
2026-07-02 03:31:04,42,48,0,0,-0.849,73.192
2026-07-02 03:36:04,41,43,0,0,-0.929,73.114
2026-07-02 03:41:04,41,43,0,0,-0.985,73.408
2026-07-02 03:44:30,43,47,0,0,-1.02,73.36
2026-07-02 03:46:04,43,48,0,0,-1.028,73.49
2026-07-02 03:46:22,40,44,0,0,-1.046,73.541
2026-07-02 03:47:21,42,43,0,0,-1.049,73.646
2026-07-02 03:49:16,39,41,0,0,-1.049,73.746
2026-07-02 03:51:05,43,47,0,0,-1.078,73.938
2026-07-02 03:51:52,43,43,0,0,-1.049,74.034
2026-07-02 03:56:04,45,48,0,0,-1.076,74.337
2026-07-02 04:01:05,41,43,0,0,-1.022,74.594
2026-07-02 04:02:29,38,41,0,0,-1.025,74.734
2026-07-02 04:02:52,43,48,0,0,-1.012,74.737
2026-07-02 04:03:27,45,50,0,0,-1.012,74.772
2026-07-02 04:04:57,43,49,0,0,-0.985,74.837
2026-07-02 04:06:04,42,43,0,0,-0.993,74.861
2026-07-02 04:08:13,40,42,0,0,-0.958,74.804
2026-07-02 04:11:05,42,45,0,0,-0.974,74.812
2026-07-02 04:16:05,46,50,0,0,-0.988,74.8
2026-07-02 04:19:56,40,42,0,0,-0.982,74.747
2026-07-02 04:21:05,37,40,0,0,-1.004,74.406
2026-07-02 04:23:45,40,43,0,0,-1.022,74.121
2026-07-02 04:25:22,42,45,0,0,-1.052,74.077
2026-07-02 04:26:05,40,40,0,0,-1.049,74.018
2026-07-02 04:27:06,40,43,0,0,-1.076,73.896
2026-07-02 04:29:22,41,42,0,0,-1.11,73.679
2026-07-02 04:31:05,36,39,0,0,-1.156,73.547
2026-07-02 04:36:03,40,43,0,0,-1.252,73.971
2026-07-02 04:36:05,40,43,0,0,-1.265,73.984
2026-07-02 04:36:23,43,45,0,0,-1.287,74.035
2026-07-02 04:36:50,39,42,0,0,-1.276,74.123
2026-07-02 04:37:33,40,41,0,0,-1.281,74.222
2026-07-02 04:38:56,35,36,0,0,-1.327,74.108
2026-07-02 04:39:53,36,38,0,0,-1.34,74.037
2026-07-02 04:41:05,36,36,0,0,-1.34,74.016
2026-07-02 04:41:22,37,39,0,0,-1.378,74.034
2026-07-02 04:46:05,32,32,0,0,-1.452,73.664
2026-07-02 04:48:04,33,33,0,0,-1.482,73.593
2026-07-02 04:51:05,31,33,0,0,-1.572,73.658
2026-07-02 04:54:52,33,33,0,0,-1.642,74.222
2026-07-02 04:56:05,26,32,0,0,-1.666,74.453
2026-07-02 05:01:05,38,38,0,0,-1.687,75.086
2026-07-02 05:06:05,38,42,0,0,-1.685,75.512
2026-07-02 05:08:53,44,45,0,0,-1.674,75.868
2026-07-02 05:10:54,42,45,0,0,-1.653,75.855
2026-07-02 05:11:04,42,43,0,0,-1.655,75.865
2026-07-02 05:13:23,47,50,0,0,-1.634,76.174
2026-07-02 05:16:05,43,45,0,0,-1.639,76.017
2026-07-02 05:17:23,44,50,0,0,-1.591,76.048
2026-07-02 05:18:23,46,55,0,0,-1.629,76.036
2026-07-02 05:21:05,47,51,0,0,-1.612,76.107
2026-07-02 05:26:05,48,52,0,0,-1.602,76.376
2026-07-02 05:27:23,47,48,0,0,-1.596,76.456
2026-07-02 05:31:05,46,51,0,0,-1.599,76.65
2026-07-02 05:36:05,48,51,0,0,-1.645,76.778
2026-07-02 05:41:05,47,48,0,0,-1.653,77.225
2026-07-02 05:42:53,48,53,0,0,-1.647,77.36
2026-07-02 05:43:30,46,49,0,0,-1.639,77.364
2026-07-02 05:44:44,47,52,0,0,-1.655,77.371
2026-07-02 05:45:12,47,50,0,0,-1.637,77.351
2026-07-02 05:45:17,46,48,0,0,-1.65,77.343
2026-07-02 05:45:49,46,48,0,0,-1.645,77.366
2026-07-02 05:45:52,46,48,0,0,-1.623,77.339
2026-07-02 05:45:56,47,50,0,0,-1.631,77.345
2026-07-02 05:46:04,49,53,0,0,-1.645,77.337
2026-07-02 05:46:09,48,52,0,0,-1.645,77.331
2026-07-02 05:46:29,47,48,0,0,-1.615,77.331
2026-07-02 05:46:33,47,48,0,0,-1.645,77.326
2026-07-02 05:46:35,47,48,0,0,-1.642,77.331
2026-07-02 05:47:10,46,51,0,0,-1.621,77.236
2026-07-02 05:47:15,46,51,0,0,-1.645,77.228
2026-07-02 05:47:50,44,48,0,0,-1.626,77.16
2026-07-02 05:47:57,43,47,0,0,-1.639,77.154
2026-07-02 05:48:44,47,51,0,0,-1.637,76.99
2026-07-02 05:49:10,47,50,0,0,-1.618,76.963
2026-07-02 05:49:16,46,49,0,0,-1.626,76.94
2026-07-02 05:51:05,46,51,0,0,-1.629,76.906
2026-07-02 05:56:05,43,52,0,0,-1.645,76.488
2026-07-02 06:01:05,48,57,0,0,-1.709,76.305
2026-07-02 06:01:20,47,56,0,0,-1.738,76.292
2026-07-02 06:01:29,48,55,0,0,-1.701,76.28
2026-07-02 06:01:31,48,55,0,0,-1.735,76.259
2026-07-02 06:01:40,48,54,0,0,-1.717,76.284
2026-07-02 06:01:50,48,52,0,0,-1.719,76.265
2026-07-02 06:01:55,47,53,0,0,-1.727,76.244
2026-07-02 06:02:04,46,49,0,0,-1.733,76.237
2026-07-02 06:02:06,46,49,0,0,-1.725,76.246
2026-07-02 06:02:24,47,53,0,0,-1.714,76.221
2026-07-02 06:02:32,46,54,0,0,-1.735,76.206
2026-07-02 06:02:43,46,54,0,0,-1.743,76.181
2026-07-02 06:02:45,48,55,0,0,-1.717,76.195
2026-07-02 06:02:55,48,53,0,0,-1.722,76.177
2026-07-02 06:03:10,47,51,0,0,-1.757,76.149
2026-07-02 06:03:14,46,51,0,0,-1.757,76.137
2026-07-02 06:03:17,47,51,0,0,-1.746,76.128
2026-07-02 06:03:20,46,51,0,0,-1.743,76.12
2026-07-02 06:03:25,47,50,0,0,-1.746,76.147
2026-07-02 06:03:34,44,48,0,0,-1.746,76.134
2026-07-02 06:03:37,44,45,0,0,-1.765,76.105
2026-07-02 06:03:48,40,40,0,0,-1.762,76.116
2026-07-02 06:03:53,38,40,0,0,-1.743,76.078
2026-07-02 06:04:09,36,39,0,0,-1.783,76.055
2026-07-02 06:04:11,36,39,0,0,-1.765,76.061
2026-07-02 06:04:18,40,44,0,0,-1.767,76.046
2026-07-02 06:04:25,39,44,0,0,-1.775,76.034
2026-07-02 06:04:31,39,44,0,0,-1.783,76.038
2026-07-02 06:04:37,38,42,0,0,-1.783,75.998
2026-07-02 06:04:50,37,41,0,0,-1.781,75.985
2026-07-02 06:04:57,36,41,0,0,-1.765,75.977
2026-07-02 06:05:01,38,43,0,0,-1.783,75.954
2026-07-02 06:05:17,37,38,0,0,-1.794,75.956
2026-07-02 06:05:23,37,40,0,0,-1.778,75.95
2026-07-02 06:06:05,42,44,0,0,-1.773,75.949
2026-07-02 06:09:51,42,48,0,0,-1.813,75.809
2026-07-02 06:09:54,44,48,0,0,-1.821,75.817
2026-07-02 06:09:59,44,50,0,0,-1.826,75.806
2026-07-02 06:10:27,44,51,0,0,-1.81,75.863
2026-07-02 06:10:32,43,48,0,0,-1.799,75.868
2026-07-02 06:10:38,44,48,0,0,-1.831,75.868
2026-07-02 06:10:55,44,45,0,0,-1.831,75.888
2026-07-02 06:11:02,41,42,0,0,-1.805,75.899
2026-07-02 06:11:05,39,41,0,0,-1.818,75.88
2026-07-02 06:11:12,41,41,0,0,-1.837,75.903
2026-07-02 06:11:39,42,44,0,0,-1.826,75.882
2026-07-02 06:12:04,41,45,0,0,-1.831,75.926
2026-07-02 06:12:29,43,44,0,0,-1.845,75.939
2026-07-02 06:12:34,42,44,0,0,-1.831,75.941
2026-07-02 06:12:47,41,43,0,0,-1.805,75.96
2026-07-02 06:13:13,41,42,0,0,-1.829,75.952
2026-07-02 06:13:16,41,43,0,0,-1.829,75.964
2026-07-02 06:13:20,41,42,0,0,-1.845,75.97
2026-07-02 06:13:37,42,42,0,0,-1.831,75.966
2026-07-02 06:13:48,42,44,0,0,-1.829,75.95
2026-07-02 06:14:16,44,45,0,0,-1.829,75.954
2026-07-02 06:14:25,44,44,0,0,-1.853,75.935
2026-07-02 06:14:46,44,45,0,0,-1.831,75.91
2026-07-02 06:14:51,44,45,0,0,-1.831,75.901
2026-07-02 06:14:55,44,45,0,0,-1.853,75.888
2026-07-02 06:15:11,42,45,0,0,-1.845,75.872
2026-07-02 06:15:21,44,45,0,0,-1.834,75.861
2026-07-02 06:15:40,39,42,0,0,-1.845,75.849
2026-07-02 06:16:05,37,38,0,0,-1.847,75.828
2026-07-02 06:21:05,35,38,0,0,-1.88,75.359
2026-07-02 06:22:20,33,36,0,0,-1.885,75.359
2026-07-02 06:22:32,32,36,0,0,-1.89,75.355
2026-07-02 06:22:39,34,37,0,0,-1.88,75.397
2026-07-02 06:22:49,36,39,0,0,-1.888,75.374
2026-07-02 06:22:59,35,35,0,0,-1.896,75.399
2026-07-02 06:23:09,35,35,0,0,-1.906,75.413
2026-07-02 06:23:43,34,34,0,0,-1.882,75.489
2026-07-02 06:23:48,33,33,0,0,-1.912,75.487
2026-07-02 06:24:09,32,32,0,0,-1.896,75.563
2026-07-02 06:24:23,32,34,0,0,-1.896,75.607
2026-07-02 06:24:29,32,33,0,0,-1.917,75.649
2026-07-02 06:25:01,29,33,0,0,-1.922,75.773
2026-07-02 06:25:09,32,37,0,0,-1.917,75.8
2026-07-02 06:25:29,32,33,0,0,-1.914,75.851
2026-07-02 06:26:04,34,35,0,0,-1.917,75.899
2026-07-02 06:26:05,33,35,0,0,-1.914,75.909
2026-07-02 06:26:15,32,33,0,0,-1.93,75.897
2026-07-02 06:26:18,32,34,0,0,-1.912,75.909
2026-07-02 06:26:46,35,39,0,0,-1.917,75.893
2026-07-02 06:27:04,37,41,0,0,-1.938,75.847
2026-07-02 06:27:25,34,38,0,0,-1.925,75.859
2026-07-02 06:27:44,33,35,0,0,-1.938,75.79
2026-07-02 06:27:47,33,35,0,0,-1.928,75.792
2026-07-02 06:27:52,34,35,0,0,-1.928,75.762
2026-07-02 06:27:58,32,33,0,0,-1.933,75.75
2026-07-02 06:28:20,34,34,0,0,-1.93,75.664
2026-07-02 06:28:27,34,36,0,0,-1.944,75.615
2026-07-02 06:30:26,28,32,0,0,-1.925,75.142
2026-07-02 06:30:32,26,32,0,0,-1.938,75.149
2026-07-02 06:30:51,28,32,0,0,-1.941,75.144
2026-07-02 06:30:56,28,29,0,0,-1.957,75.157
2026-07-02 06:31:05,28,29,0,0,-1.952,75.157
2026-07-02 06:31:09,28,28,0,0,-1.946,75.147
2026-07-02 06:31:17,26,26,0,0,-1.965,75.172
2026-07-02 06:31:21,26,27,0,0,-1.968,75.17
2026-07-02 06:31:32,26,29,0,0,-1.97,75.168
2026-07-02 06:31:38,26,29,0,0,-1.976,75.222
2026-07-02 06:31:44,28,29,0,0,-1.994,75.214
2026-07-02 06:32:08,29,32,0,0,-1.986,75.222
2026-07-02 06:32:13,29,32,0,0,-1.96,75.228
2026-07-02 06:32:29,29,32,0,0,-1.978,75.237
2026-07-02 06:32:33,29,32,0,0,-1.957,75.228
2026-07-02 06:32:48,28,28,0,0,-1.97,75.222
2026-07-02 06:33:19,24,26,0,0,-1.997,75.214
2026-07-02 06:33:26,26,29,0,0,-1.978,75.216
2026-07-02 06:33:31,26,29,0,0,-1.986,75.22
2026-07-02 06:33:48,22,26,0,0,-1.984,75.218
2026-07-02 06:33:52,20,26,0,0,-1.986,75.224
2026-07-02 06:34:02,22,28,0,0,-1.986,75.228
2026-07-02 06:34:05,22,28,0,0,-2.008,75.195
2026-07-02 06:34:21,19,27,0,0,-1.992,75.212
2026-07-02 06:34:28,19,28,0,0,-2.013,75.201
2026-07-02 06:34:33,19,28,0,0,-2,75.189
2026-07-02 06:34:57,20,26,0,0,-2.018,75.216
2026-07-02 06:35:02,22,26,0,0,-2.018,75.199
2026-07-02 06:35:15,20,23,0,0,-2.005,75.189
2026-07-02 06:36:05,23,26,0,0,-2.008,75.174
2026-07-02 06:36:08,23,26,0,0,-2.01,75.184
2026-07-02 06:36:33,23,28,0,0,-2.021,75.189
2026-07-02 06:36:58,23,28,0,0,-2.024,75.197
2026-07-02 06:37:25,25,26,0,0,-2.008,75.21
2026-07-02 06:37:55,23,25,0,0,-2.026,75.226
2026-07-02 06:38:19,22,26,0,0,-2.013,75.277
2026-07-02 06:38:23,22,26,0,0,-2.018,75.281
2026-07-02 06:38:25,20,25,0,0,-2.05,75.254
2026-07-02 06:40:20,26,29,0,0,-2.029,75.231
2026-07-02 06:40:35,29,32,0,0,-2.026,75.197
2026-07-02 06:40:58,32,32,0,0,-2.018,75.197
2026-07-02 06:41:05,32,32,0,0,-2.032,75.176
2026-07-02 06:41:06,29,29,0,0,-2.034,75.199
2026-07-02 06:41:26,32,34,0,0,-2.032,75.182
2026-07-02 06:41:45,29,32,0,0,-2.034,75.138
2026-07-02 06:41:54,29,32,0,0,-2.045,75.159
2026-07-02 06:42:01,29,32,0,0,-2.037,75.125
2026-07-02 06:42:21,29,29,0,0,-2.029,75.094
2026-07-02 06:42:24,29,29,0,0,-2.066,75.09
2026-07-02 06:42:27,29,29,0,0,-2.04,75.1
2026-07-02 06:42:33,28,28,0,0,-2.008,75.096
2026-07-02 06:43:06,28,28,0,0,-2.034,75.056
2026-07-02 06:43:11,28,28,0,0,-2.034,75.048
2026-07-02 06:43:57,29,29,0,0,-2.034,75.033
2026-07-02 06:44:39,30,30,0,0,-2.034,75.029
2026-07-02 06:45:02,28,29,0,0,-2.048,75.062
2026-07-02 06:45:19,27,28,0,0,-2.056,75.056
2026-07-02 06:45:27,32,32,0,0,-2.045,75.083
2026-07-02 06:45:41,34,34,0,0,-2.061,75.083
2026-07-02 06:46:06,32,35,0,0,-2.056,75.073
2026-07-02 06:46:24,32,32,0,0,-2.082,75.062
2026-07-02 06:46:29,32,34,0,0,-2.04,75.077
2026-07-02 06:47:44,32,34,0,0,-2.058,75.062
2026-07-02 06:47:47,32,32,0,0,-2.072,75.064
2026-07-02 06:47:51,29,32,0,0,-2.05,75.062
2026-07-02 06:48:02,29,29,0,0,-2.056,75.094
2026-07-02 06:48:22,29,29,0,0,-2.074,75.136
2026-07-02 06:49:44,35,36,0,0,-2.069,75.258
2026-07-02 06:50:23,29,29,0,0,-2.074,75.42
2026-07-02 06:50:28,29,29,0,0,-2.082,75.426
2026-07-02 06:51:06,28,28,0,0,-2.074,75.619
2026-07-02 06:51:07,28,28,0,0,-2.069,75.649
2026-07-02 06:51:18,28,28,0,0,-2.088,75.718
2026-07-02 06:51:42,33,35,0,0,-2.077,75.857
2026-07-02 06:51:46,34,34,0,0,-2.085,75.888
2026-07-02 06:51:48,33,33,0,0,-2.09,75.889
2026-07-02 06:52:23,29,29,0,0,-2.098,75.991
2026-07-02 06:53:03,32,32,0,0,-2.077,76.067
2026-07-02 06:53:07,32,32,0,0,-2.09,76.061
2026-07-02 06:53:43,32,34,0,0,-2.066,76.109
2026-07-02 06:53:46,32,34,0,0,-2.085,76.141
2026-07-02 06:53:52,32,34,0,0,-2.072,76.149
2026-07-02 06:54:00,32,32,0,0,-2.088,76.149
2026-07-02 06:54:03,32,32,0,0,-2.066,76.155
2026-07-02 06:54:09,32,34,0,0,-2.08,76.158
2026-07-02 06:55:14,29,34,0,0,-2.066,76.103
2026-07-02 06:55:22,32,35,0,0,-2.072,76.103
2026-07-02 06:55:54,32,32,0,0,-2.077,76.076
2026-07-02 06:56:00,32,32,0,0,-2.066,76.071
2026-07-02 06:56:07,32,33,0,0,-2.05,76.057
2026-07-02 06:56:24,29,33,0,0,-2.074,76.084
2026-07-02 06:56:28,29,33,0,0,-2.082,76.059
2026-07-02 06:56:47,29,34,0,0,-2.077,76.097
2026-07-02 06:57:03,32,33,0,0,-2.066,76.078
2026-07-02 06:57:12,33,35,0,0,-2.053,76.086
2026-07-02 06:57:17,32,35,0,0,-2.042,76.099
2026-07-02 06:57:52,28,29,0,0,-2.05,76.105
2026-07-02 06:59:07,29,32,0,0,-2.056,76.078
2026-07-02 06:59:20,28,29,0,0,-2.021,76.084
2026-07-02 06:59:46,29,34,0,0,-2.045,76.069
2026-07-02 06:59:52,29,32,0,0,-2.042,76.031
2026-07-02 06:59:56,28,32,0,0,-2.061,76.04
2026-07-02 07:00:26,32,35,0,0,-2.034,76.063
2026-07-02 07:00:32,34,35,0,0,-2.04,76.065
2026-07-02 07:00:44,29,32,0,0,-2.048,76.073
2026-07-02 07:01:07,26,28,0,0,-2.045,76.061
2026-07-02 07:01:09,26,28,0,0,-2.04,76.063
2026-07-02 07:01:15,27,27,0,0,-2.048,76.048
2026-07-02 07:01:27,34,34,0,0,-2.037,76.01
2026-07-02 07:01:53,37,37,0,0,-2.034,75.987
2026-07-02 07:01:58,37,37,0,0,-2.021,75.977
2026-07-02 07:02:33,32,33,0,0,-2.013,76
2026-07-02 07:02:36,32,35,0,0,-2.024,75.996
2026-07-02 07:02:42,32,35,0,0,-2.005,75.996
2026-07-02 07:02:50,32,35,0,0,-2.037,75.992
2026-07-02 07:03:15,35,35,0,0,-2.034,75.992
2026-07-02 07:03:18,33,35,0,0,-2.008,75.998
2026-07-02 07:03:30,32,35,0,0,-2.016,76.006
2026-07-02 07:03:58,27,33,0,0,-2.024,75.981
2026-07-02 07:04:00,27,33,0,0,-2.008,75.964
2026-07-02 07:04:36,29,29,0,0,-2.018,75.878
2026-07-02 07:04:40,29,29,0,0,-2.008,75.868
2026-07-02 07:04:44,29,29,0,0,-2.013,75.861
2026-07-02 07:05:19,33,34,0,0,-2.018,75.819
2026-07-02 07:05:21,32,33,0,0,-2.008,75.813
2026-07-02 07:05:29,32,35,0,0,-2.016,75.811
2026-07-02 07:05:43,34,34,0,0,-1.997,75.786
2026-07-02 07:05:49,34,35,0,0,-2.008,75.775
2026-07-02 07:05:53,34,35,0,0,-1.992,75.785
2026-07-02 07:05:59,34,35,0,0,-2.018,75.762
2026-07-02 07:06:09,32,33,0,0,-2.005,75.769
2026-07-02 07:06:14,29,32,0,0,-2.018,75.756
2026-07-02 07:06:23,29,32,0,0,-2.024,75.748
2026-07-02 07:06:28,32,34,0,0,-2.018,75.748
2026-07-02 07:07:12,34,35,0,0,-2.013,75.662
2026-07-02 07:07:22,35,37,0,0,-1.997,75.645
2026-07-02 07:07:34,37,37,0,0,-2.026,75.636
2026-07-02 07:07:39,37,37,0,0,-1.997,75.621
2026-07-02 07:07:47,35,37,0,0,-2.018,75.626
2026-07-02 07:08:18,32,35,0,0,-1.994,75.577
2026-07-02 07:08:25,29,35,0,0,-1.994,75.579
2026-07-02 07:08:27,29,33,0,0,-2.01,75.565
2026-07-02 07:08:39,29,33,0,0,-2.008,75.575
2026-07-02 07:08:51,34,35,0,0,-2.008,75.569
2026-07-02 07:09:07,37,37,0,0,-1.984,75.552
2026-07-02 07:09:27,32,35,0,0,-2.013,75.542
2026-07-02 07:11:09,33,35,0,0,-2,75.55
2026-07-02 07:16:09,36,37,0,0,-2.005,75.846
2026-07-02 07:21:09,41,44,0,0,-2.021,76.328
2026-07-02 07:26:09,36,37,0,0,-2.005,76.309
2026-07-02 07:30:38,40,40,0,0,-2.008,76.296
2026-07-02 07:31:09,43,43,0,0,-2.005,76.286
2026-07-02 07:36:09,40,41,0,0,-2.002,76.132
2026-07-02 07:41:09,43,44,0,0,-2.053,75.895
2026-07-02 07:42:02,41,43,0,0,-2.056,75.847
2026-07-02 07:45:33,44,44,0,0,-2.088,75.676
2026-07-02 07:46:02,47,52,0,0,-2.064,75.685
2026-07-02 07:46:09,44,50,0,0,-2.072,75.683
2026-07-02 07:47:32,40,46,0,0,-2.074,75.621
2026-07-02 07:47:43,38,42,0,0,-2.096,75.641
2026-07-02 07:49:49,37,40,0,0,-2.066,75.632
2026-07-02 07:51:09,37,37,0,0,-2.098,75.687
2026-07-02 07:56:10,36,39,0,0,-2.09,76.187
2026-07-02 08:01:10,33,36,0,0,-2.04,76.919
2026-07-02 08:06:10,33,35,0,0,-1.882,78.352
2026-07-02 08:11:02,38,38,0,0,-1.666,78.245
2026-07-02 08:11:09,37,40,0,0,-1.666,78.236
2026-07-02 08:14:09,34,37,0,0,-1.5,77.948
2026-07-02 08:14:47,38,38,0,0,-1.46,77.865
2026-07-02 08:15:54,35,36,0,0,-1.431,77.736
2026-07-02 08:16:10,35,35,0,0,-1.428,77.692
2026-07-02 08:21:10,35,36,0,0,-0.985,77.423
2026-07-02 08:26:09,63,76,0,0,-0.018,75.277
2026-07-02 08:27:34,60,72,0,0,0.291,74.375
2026-07-02 08:29:02,46,48,0,0,0.615,73.217
2026-07-02 08:30:44,48,54,0,0,0.972,71.998
2026-07-02 08:31:10,47,56,0,0,1.036,71.741
2026-07-02 08:33:32,65,80,0,0,1.477,70.301
2026-07-02 08:34:31,59,71,0,0,1.613,69.757
2026-07-02 08:36:09,65,77,0,0,1.741,69.029
2026-07-02 08:41:10,103,108,0,0,1.835,68.14
2026-07-02 08:45:22,74,92,0,0,1.79,68.712
2026-07-02 08:46:10,72,92,0,0,1.79,68.876
2026-07-02 08:48:10,71,88,0,0,1.752,69.156
2026-07-02 08:51:10,64,77,0,0,1.739,69.381
2026-07-02 08:56:10,57,68,0,0,1.68,69.679
2026-07-02 08:57:38,56,67,0,0,1.704,69.811
2026-07-02 09:00:27,59,68,0,0,1.733,69.83
2026-07-02 09:01:09,57,68,0,0,1.741,69.835
2026-07-02 09:02:20,61,73,0,0,1.768,69.929
2026-07-02 09:03:45,68,83,0,0,1.8,69.948
2026-07-02 09:06:10,62,74,0,0,1.843,69.958
2026-07-02 09:07:16,59,72,0,0,1.872,69.977
2026-07-02 09:09:35,54,64,0,0,1.939,69.98
2026-07-02 09:11:09,58,71,0,0,2.008,70.017
2026-07-02 09:11:47,62,75,0,0,2.024,70.066
2026-07-02 09:12:38,61,75,0,0,2.097,70.028
2026-07-02 09:16:10,64,81,0,0,2.233,69.58
2026-07-02 09:21:10,62,74,0,0,2.454,69.376
2026-07-02 09:26:10,61,73,0,0,2.676,69.816
2026-07-02 09:30:20,56,69,0,0,2.89,69.645
2026-07-02 09:30:35,54,65,0,0,2.916,69.603
2026-07-02 09:31:10,57,67,0,0,2.938,69.542
2026-07-02 09:34:35,54,64,0,0,3.066,69.376
2026-07-02 09:35:05,52,63,0,0,3.085,69.374
2026-07-02 09:36:10,52,63,0,0,3.125,69.315
2026-07-02 09:38:05,55,66,0,0,3.221,69.006
2026-07-02 09:40:04,57,66,0,0,3.312,68.762
2026-07-02 09:40:23,56,68,0,0,3.325,68.773
2026-07-02 09:41:10,57,66,0,0,3.341,68.765
2026-07-02 09:45:03,55,66,0,0,3.528,68.861
2026-07-02 09:46:06,54,65,0,0,3.573,68.815
2026-07-02 09:46:10,54,64,0,0,3.563,68.807
2026-07-02 09:51:06,59,72,0,0,3.806,67.926
2026-07-02 09:51:10,58,71,0,0,3.814,67.962
2026-07-02 09:51:48,59,73,0,0,3.854,67.939
2026-07-02 09:56:10,65,80,0,0,4.043,67.568
2026-07-02 10:01:10,60,75,0,0,4.286,66.589
2026-07-02 10:04:06,62,77,0,0,4.438,65.975
2026-07-02 10:04:24,61,77,0,0,4.46,65.929
2026-07-02 10:06:10,61,74,0,0,4.537,65.469
2026-07-02 10:07:10,61,73,0,0,4.591,65.347
2026-07-02 10:09:28,64,78,0,0,4.679,65.17
2026-07-02 10:10:28,60,74,0,0,4.735,65.263
2026-07-02 10:11:06,61,77,0,0,4.778,65.18
2026-07-02 10:11:09,61,77,0,0,4.767,65.136
2026-07-02 10:13:13,62,74,0,0,4.906,64.697
2026-07-02 10:15:54,59,73,0,0,5.071,64.659
2026-07-02 10:16:10,61,75,0,0,5.058,64.592
2026-07-02 10:20:30,60,73,0,0,5.405,63.78
2026-07-02 10:21:06,59,72,0,0,5.445,63.753
2026-07-02 10:21:10,58,70,0,0,5.472,63.743
2026-07-02 10:26:10,57,68,0,0,5.774,62.706
2026-07-02 10:26:30,56,67,0,0,5.798,62.709
2026-07-02 10:28:36,57,71,0,0,5.945,62.568
2026-07-02 10:28:54,56,69,0,0,5.945,62.69
2026-07-02 10:31:10,56,67,0,0,6.105,62.511
2026-07-02 10:31:11,56,67,0,0,6.105,62.49
2026-07-02 10:31:59,55,66,0,0,6.172,62.633
2026-07-02 10:36:10,53,66,0,0,6.476,61.412
2026-07-02 10:41:10,49,60,0,0,6.807,60.636
2026-07-02 10:44:36,45,52,0,0,7.039,60.667
2026-07-02 10:46:10,45,51,0,0,7.141,60.516
2026-07-02 10:48:36,42,49,0,0,7.314,59.85
2026-07-02 10:51:10,39,43,0,0,7.517,59.589
2026-07-02 10:51:34,40,45,0,0,7.549,59.558
2026-07-02 10:56:10,39,41,0,0,7.894,58.723
2026-07-02 10:59:48,41,44,0,0,8.158,58.345
2026-07-02 11:01:10,38,40,0,0,8.265,58.143
2026-07-02 11:03:29,38,42,0,0,8.457,57.89
2026-07-02 11:04:52,41,48,0,0,8.577,57.214
2026-07-02 11:06:10,41,47,0,0,8.7,57.048
2026-07-02 11:11:10,42,49,0,0,9.168,55.763
2026-07-02 11:13:02,46,55,0,0,9.341,55.484
2026-07-02 11:13:49,47,56,0,0,9.4,55.213
2026-07-02 11:16:10,47,54,0,0,9.598,54.679
2026-07-02 11:16:52,46,54,0,0,9.643,54.616
2026-07-02 11:19:47,46,55,0,0,9.87,54.237
2026-07-02 11:20:38,43,53,0,0,9.921,54.256
2026-07-02 11:21:10,43,51,0,0,9.961,54.124
2026-07-02 11:22:07,44,53,0,0,10.027,53.873
2026-07-02 11:23:30,45,53,0,0,10.134,53.657
2026-07-02 11:25:11,44,54,0,0,10.252,53.434
2026-07-02 11:26:10,42,51,0,0,10.343,53.485
2026-07-02 11:28:23,43,51,0,0,10.492,53.127
2026-07-02 11:31:10,44,50,0,0,10.73,52.69
2026-07-02 11:35:38,47,57,0,0,11.336,51.389
2026-07-02 11:36:10,45,54,0,0,11.416,51.336
2026-07-02 11:41:10,37,43,0,0,12.503,49.127
2026-07-02 11:46:10,37,42,0,0,13.656,46.855
2026-07-02 11:51:10,37,40,0,0,14.77,44.855
2026-07-02 11:51:38,36,39,0,0,14.906,44.607
2026-07-02 11:53:08,37,41,0,0,15.173,44.057
2026-07-02 11:53:37,37,44,0,0,15.275,43.828
2026-07-02 11:56:10,34,36,0,0,15.787,42.878
2026-07-02 12:00:38,35,39,0,0,16.607,41.461
2026-07-02 12:01:10,35,39,0,0,16.663,41.328
2026-07-02 12:01:36,35,38,0,0,16.775,41.133
2026-07-02 12:02:09,34,37,0,0,16.85,40.912
2026-07-02 12:06:10,33,36,0,0,17.384,39.88
2026-07-02 12:07:39,32,37,0,0,17.555,39.483
2026-07-02 12:10:54,31,32,0,0,17.894,38.86
2026-07-02 12:11:10,32,34,0,0,17.908,38.85
2026-07-02 12:15:39,33,36,0,0,18.396,37.751
2026-07-02 12:16:10,29,32,0,0,18.466,37.738
2026-07-02 12:21:10,32,35,0,0,18.901,36.905
2026-07-02 12:26:10,32,35,0,0,19.304,36.117
2026-07-02 12:31:10,39,46,0,0,19.761,35.104
2026-07-02 12:33:10,38,45,0,0,19.876,34.871
2026-07-02 12:34:04,35,42,0,0,19.974,34.74
2026-07-02 12:36:10,36,42,0,0,20.129,34.394
2026-07-02 12:41:10,34,39,0,0,20.418,33.706
2026-07-02 12:46:10,36,42,0,0,20.661,33.359
2026-07-02 12:46:20,36,41,0,0,20.674,33.319
2026-07-02 12:50:26,39,45,0,0,20.885,32.836
2026-07-02 12:51:10,37,44,0,0,20.92,32.705
2026-07-02 12:52:40,39,46,0,0,20.962,32.512
2026-07-02 12:53:20,37,44,0,0,20.984,32.474
2026-07-02 12:56:10,36,42,0,0,21.048,32.447
2026-07-02 12:56:34,34,39,0,0,21.08,32.294
2026-07-02 12:58:25,39,45,0,0,21.091,32.329
2026-07-02 13:01:10,34,39,0,0,21.235,32.132
2026-07-02 13:01:12,34,38,0,0,21.224,32.102
2026-07-02 13:06:12,36,41,0,0,21.483,31.692
2026-07-02 13:06:48,36,40,0,0,21.478,31.562
2026-07-02 13:07:13,35,40,0,0,21.523,31.549
2026-07-02 13:07:39,36,42,0,0,21.523,31.591
2026-07-02 13:10:43,36,41,0,0,21.619,31.171
2026-07-02 13:11:12,36,42,0,0,21.609,31.213
2026-07-02 13:11:52,36,41,0,0,21.587,31.278
2026-07-02 13:15:06,35,40,0,0,21.617,31.089
2026-07-02 13:15:12,34,39,0,0,21.614,31.148
2026-07-02 13:16:12,32,34,0,0,21.633,31.087
2026-07-02 13:16:30,32,35,0,0,21.654,31.078
2026-07-02 13:21:12,35,39,0,0,21.764,30.805
2026-07-02 13:21:58,34,37,0,0,21.726,30.769
2026-07-02 13:23:13,32,36,0,0,21.769,30.734
2026-07-02 13:23:42,32,34,0,0,21.79,30.707
2026-07-02 13:26:12,32,34,0,0,21.844,30.639
2026-07-02 13:28:37,33,37,0,0,21.945,30.528
2026-07-02 13:31:12,32,37,0,0,22.092,30.53
2026-07-02 13:36:12,32,34,0,0,22.351,30.065
2026-07-02 13:41:12,31,35,0,0,22.498,29.868
2026-07-02 13:42:42,32,34,0,0,22.562,29.897
2026-07-02 13:44:43,32,35,0,0,22.626,29.708
2026-07-02 13:46:12,29,29,0,0,22.655,29.622
2026-07-02 13:46:14,29,29,0,0,22.669,29.599
2026-07-02 13:51:12,28,30,0,0,22.768,29.399
2026-07-02 13:56:12,37,43,0,0,22.888,29.042
2026-07-02 14:01:12,32,34,0,0,22.901,28.947
2026-07-02 14:06:12,30,31,0,0,22.845,28.823
2026-07-02 14:11:12,32,35,0,0,22.693,29.191
2026-07-02 14:14:44,29,29,0,0,22.65,29.128
2026-07-02 14:16:12,29,30,0,0,22.618,29.023
2026-07-02 14:18:15,28,30,0,0,22.57,28.991
2026-07-02 14:20:15,29,30,0,0,22.495,29.271
2026-07-02 14:21:12,27,27,0,0,22.455,28.768
2026-07-02 14:25:44,28,29,0,0,22.34,28.903
2026-07-02 14:26:12,27,27,0,0,22.33,28.714
2026-07-02 14:30:15,27,28,0,0,22.201,28.752
2026-07-02 14:31:12,33,38,0,0,22.164,28.833
2026-07-02 14:31:45,30,31,0,0,22.151,28.869
2026-07-02 14:36:13,25,26,0,0,22.084,28.957
2026-07-02 14:41:12,26,26,0,0,22.129,29.121
2026-07-02 14:46:12,28,30,0,0,22.047,29.235
2026-07-02 14:48:15,24,25,0,0,21.999,29.243
2026-07-02 14:51:12,24,24,0,0,21.975,29.14
2026-07-02 14:56:12,31,33,0,0,21.961,29.691
2026-07-02 15:01:12,27,27,0,0,21.868,29.475
2026-07-02 15:06:12,30,30,0,0,21.769,29.863
2026-07-02 15:11:12,26,26,0,0,21.756,29.317
2026-07-02 15:11:46,23,24,0,0,21.742,29.264
2026-07-02 15:16:13,25,27,0,0,21.633,29.622
2026-07-02 15:19:46,24,26,0,0,21.467,29.651
2026-07-02 15:21:13,25,26,0,0,21.374,29.739
2026-07-02 15:26:12,25,27,0,0,21.12,30.36
2026-07-02 15:31:12,39,47,0,0,20.978,30.669
2026-07-02 15:36:13,30,31,0,0,20.869,30.81
2026-07-02 15:41:13,24,24,0,0,20.802,30.601
2026-07-02 15:46:13,28,28,0,0,20.717,31.005
2026-07-02 15:51:12,28,28,0,0,20.677,31.026
2026-07-02 15:56:12,29,30,0,0,20.546,31.057
2026-07-02 16:03:07,29,30,0,0,20.394,31.266
2026-07-02 16:04:28,43,50,0,0,20.292,31.284
2026-07-02 16:06:12,36,40,0,0,20.223,31.263
2026-07-02 16:06:29,36,42,0,0,20.207,31.301
2026-07-02 16:07:28,38,43,0,0,20.172,31.451
2026-07-02 16:07:45,35,40,0,0,20.14,31.531
2026-07-02 16:11:12,29,29,0,0,20.004,31.73
2026-07-02 16:16:13,34,38,0,0,19.798,31.93
2026-07-02 16:20:59,34,38,0,0,19.705,32.155
2026-07-02 16:21:13,32,36,0,0,19.681,32.186
2026-07-02 16:24:59,28,28,0,0,19.598,32.231
2026-07-02 16:26:13,26,26,0,0,19.528,32.275
2026-07-02 16:30:59,24,25,0,0,19.39,32.344
2026-07-02 16:31:12,25,26,0,0,19.376,32.354
2026-07-02 16:31:45,28,32,0,0,19.366,32.43
2026-07-02 16:36:12,28,28,0,0,19.136,32.748
2026-07-02 16:41:13,32,36,0,0,18.73,33.149
2026-07-02 16:46:12,32,33,0,0,17.932,34.28
2026-07-02 16:51:12,30,31,0,0,17.058,35.648
2026-07-02 16:52:29,30,33,0,0,16.821,36.071
2026-07-02 16:56:12,28,30,0,0,16.247,36.998
2026-07-02 16:56:29,30,33,0,0,16.209,37.067
2026-07-02 17:01:12,33,35,0,0,15.542,38.516
2026-07-02 17:06:13,30,30,0,0,14.976,39.571
2026-07-02 17:11:12,25,25,0,0,14.482,40.235
2026-07-02 17:16:12,37,43,0,0,13.998,40.79
2026-07-02 17:21:12,63,76,0,0,13.55,41.816
2026-07-02 17:26:12,44,51,0,0,13.128,42.825
2026-07-02 17:31:13,30,31,0,0,12.754,43.489
2026-07-02 17:36:13,31,33,0,0,12.425,44.425
2026-07-02 17:40:00,26,27,0,0,12.145,45.074
2026-07-02 17:41:13,28,29,0,0,12.089,45.305
2026-07-02 17:46:12,37,40,0,0,11.726,46.144
2026-07-02 17:47:30,39,45,0,0,11.646,46.369
2026-07-02 17:48:00,45,54,0,0,11.606,46.356
2026-07-02 17:51:12,52,63,0,0,11.392,46.705
2026-07-02 17:56:13,38,44,0,0,11.08,47.756
2026-07-02 18:01:13,44,52,0,0,10.74,48.7
2026-07-02 18:06:12,45,53,0,0,10.423,49.476
2026-07-02 18:11:13,24,24,0,0,10.15,50.893
2026-07-02 18:13:31,26,26,0,0,10.068,51.404
2026-07-02 18:16:13,21,25,0,0,9.966,51.9
2026-07-02 18:20:11,21,23,0,0,9.875,52.465
2026-07-02 18:21:13,22,25,0,0,9.878,52.642
2026-07-02 18:22:18,20,21,0,0,9.827,52.913
2026-07-02 18:23:30,21,22,0,0,9.838,53.054
2026-07-02 18:24:53,21,21,0,0,9.803,53.199
2026-07-02 18:26:13,26,26,0,0,9.817,53.48
2026-07-02 18:31:13,108,111,0,0,9.75,53.674
2026-07-02 18:36:13,55,69,0,0,9.664,54.014
2026-07-02 18:41:13,25,25,0,0,9.555,54.479
2026-07-02 18:46:13,32,33,0,0,9.4,54.798
2026-07-02 18:46:31,27,28,0,0,9.389,54.916
2026-07-02 18:51:13,26,27,0,0,9.274,55.395
2026-07-02 18:52:09,25,26,0,0,9.256,55.574
2026-07-02 18:53:46,31,31,0,0,9.234,55.746
2026-07-02 18:55:29,30,30,0,0,9.21,55.788
2026-07-02 18:56:13,26,28,0,0,9.144,55.78
2026-07-02 18:57:41,29,29,0,0,9.133,55.982
2026-07-02 19:01:13,26,26,0,0,9.042,56.23
2026-07-02 19:04:01,33,34,0,0,8.991,56.264
2026-07-02 19:04:52,35,36,0,0,8.973,56.308
2026-07-02 19:06:13,32,33,0,0,8.946,56.373
2026-07-02 19:11:13,34,38,0,0,8.788,56.461
2026-07-02 19:13:02,37,39,0,0,8.778,56.547
2026-07-02 19:16:13,46,53,0,0,8.716,56.991
2026-07-02 19:16:32,46,55,0,0,8.692,57.008
2026-07-02 19:21:13,37,41,0,0,8.628,56.148
2026-07-02 19:26:13,41,45,0,0,8.46,56.541
2026-07-02 19:31:13,28,29,0,0,8.313,56.135
2026-07-02 19:36:02,35,39,0,0,8.174,54.41
2026-07-02 19:36:13,37,39,0,0,8.145,54.382
2026-07-02 19:38:02,35,36,0,0,8.091,54.103
2026-07-02 19:39:33,39,42,0,0,8.043,54.065
2026-07-02 19:41:13,39,45,0,0,7.979,53.815
2026-07-02 19:46:13,39,43,0,0,7.779,53.508
2026-07-02 19:46:33,39,43,0,0,7.798,53.443
2026-07-02 19:48:32,38,40,0,0,7.707,53.258
2026-07-02 19:51:13,38,42,0,0,7.616,53.199
2026-07-02 19:52:33,39,44,0,0,7.539,53.234
2026-07-02 19:56:13,39,43,0,0,7.397,53.258
2026-07-02 20:01:13,40,46,0,0,7.178,53.361
2026-07-02 20:02:33,38,43,0,0,7.117,53.365
2026-07-02 20:06:13,38,41,0,0,6.943,53.564
2026-07-02 20:11:13,39,41,0,0,6.682,54.138
2026-07-02 20:13:52,38,43,0,0,6.529,54.319
2026-07-02 20:15:13,37,40,0,0,6.476,54.483
2026-07-02 20:16:13,39,41,0,0,6.425,54.515
2026-07-02 20:21:13,34,35,0,0,6.174,55.248
2026-07-02 20:22:33,37,40,0,0,6.121,55.782
2026-07-02 20:26:13,33,37,0,0,5.979,56.055
2026-07-02 20:28:34,35,38,0,0,5.891,56.589
2026-07-02 20:31:13,47,55,0,0,5.816,57.178
2026-07-02 20:36:13,46,52,0,0,5.664,57.731
2026-07-02 20:41:13,49,59,0,0,5.587,57.821
2026-07-02 20:43:03,50,60,0,0,5.515,57.828
2026-07-02 20:45:33,52,62,0,0,5.464,57.821
2026-07-02 20:46:13,50,60,0,0,5.448,57.83
2026-07-02 20:51:13,46,52,0,0,5.336,57.998
2026-07-02 20:54:04,42,48,0,0,5.25,57.865
2026-07-02 20:54:34,44,50,0,0,5.258,57.878
2026-07-02 20:56:13,42,48,0,0,5.234,57.93
2026-07-02 21:01:13,44,50,0,0,5.098,57.947
2026-07-02 21:06:04,49,56,0,0,5.023,58.137
2026-07-02 21:06:13,49,57,0,0,5.007,58.168
2026-07-02 21:11:13,49,59,0,0,4.935,58.397
2026-07-02 21:12:48,52,60,0,0,4.93,58.525
2026-07-02 21:14:47,54,63,0,0,4.906,58.607
2026-07-02 21:16:13,55,66,0,0,4.879,58.675
2026-07-02 21:18:12,55,65,0,0,4.882,58.677
2026-07-02 21:21:13,54,67,0,0,4.866,58.652
2026-07-02 21:26:05,53,63,0,0,4.796,58.639
2026-07-02 21:26:13,54,63,0,0,4.81,58.658
2026-07-02 21:26:31,52,62,0,0,4.796,58.622
2026-07-02 21:31:13,52,62,0,0,4.716,58.517
2026-07-02 21:33:06,53,62,0,0,4.655,58.721
2026-07-02 21:34:43,52,62,0,0,4.609,58.858
2026-07-02 21:35:38,50,59,0,0,4.62,58.979
2026-07-02 21:36:13,52,62,0,0,4.593,59.011
2026-07-02 21:40:35,61,76,0,0,4.508,59.455
2026-07-02 21:41:13,64,76,0,0,4.505,59.568
2026-07-02 21:42:32,61,76,0,0,4.476,59.707
2026-07-02 21:44:03,61,73,0,0,4.454,59.871
2026-07-02 21:46:13,56,67,0,0,4.438,60.089
2026-07-02 21:48:32,56,68,0,0,4.388,60.26
2026-07-02 21:50:05,53,62,0,0,4.332,60.342
2026-07-02 21:51:13,51,62,0,0,4.324,60.337
2026-07-02 21:51:37,51,60,0,0,4.332,60.342
2026-07-02 21:54:21,50,59,0,0,4.294,60.258
2026-07-02 21:54:37,50,58,0,0,4.308,60.241
2026-07-02 21:55:30,51,60,0,0,4.284,60.197
2026-07-02 21:56:13,52,62,0,0,4.257,60.176
2026-07-02 21:58:08,53,64,0,0,4.262,60.117
2026-07-02 21:58:38,55,64,0,0,4.252,60.102
2026-07-02 21:59:08,55,65,0,0,4.236,60.077
2026-07-02 22:01:13,54,63,0,0,4.214,60.056
2026-07-02 22:06:13,58,71,0,0,4.171,60.003
2026-07-02 22:06:55,60,72,0,0,4.137,60.087
2026-07-02 22:09:47,61,78,0,0,4.123,60.569
2026-07-02 22:11:13,61,76,0,0,4.083,60.522
2026-07-02 22:11:19,59,72,0,0,4.065,60.501
2026-07-02 22:12:56,59,72,0,0,4.062,60.432
2026-07-02 22:13:08,58,71,0,0,4.059,60.442
2026-07-02 22:13:18,58,71,0,0,4.033,60.434
2026-07-02 22:16:08,54,63,0,0,3.974,60.384
2026-07-02 22:16:13,54,63,0,0,3.971,60.382
2026-07-02 22:20:07,53,64,0,0,3.851,60.541
2026-07-02 22:21:13,56,68,0,0,3.806,60.587
2026-07-02 22:24:39,53,64,0,0,3.707,60.688
2026-07-02 22:26:13,56,67,0,0,3.728,60.848
2026-07-02 22:28:00,60,73,0,0,3.701,61.144
2026-07-02 22:29:12,61,77,0,0,3.715,61.5
2026-07-02 22:31:13,61,74,0,0,3.731,61.643
2026-07-02 22:36:13,60,74,0,0,3.779,61.552
2026-07-02 22:37:11,60,72,0,0,3.779,61.46
2026-07-02 22:41:13,57,70,0,0,3.8,61.079
2026-07-02 22:43:12,58,73,0,0,3.766,60.999
2026-07-02 22:46:13,56,67,0,0,3.755,61.052
2026-07-02 22:51:13,59,71,0,0,3.755,61.159
2026-07-02 22:56:13,57,70,0,0,3.752,60.934
2026-07-02 23:01:13,54,64,0,0,3.664,60.606
2026-07-02 23:06:13,48,55,0,0,3.507,60.821
2026-07-02 23:06:15,48,54,0,0,3.512,60.842
2026-07-02 23:11:13,50,59,0,0,3.322,60.88
2026-07-02 23:12:44,48,56,0,0,3.242,60.941
2026-07-02 23:16:13,47,56,0,0,3.125,61.161
2026-07-02 23:21:13,46,52,0,0,2.946,61.458
2026-07-02 23:22:42,46,51,0,0,2.906,61.603
2026-07-02 23:26:13,49,60,0,0,2.831,61.714
2026-07-02 23:31:13,45,53,0,0,2.759,61.927
2026-07-02 23:32:13,47,54,0,0,2.74,62.04
2026-07-02 23:36:13,48,54,0,0,2.692,62.196
2026-07-02 23:38:43,45,54,0,0,2.668,62.566
2026-07-02 23:41:13,45,52,0,0,2.633,62.994
2026-07-02 23:46:13,44,46,0,0,2.62,63.36
2026-07-02 23:48:13,45,53,0,0,2.628,63.465
2026-07-02 23:49:43,47,54,0,0,2.617,63.471
2026-07-02 23:51:13,44,50,0,0,2.641,63.417
2026-07-02 23:56:13,52,62,0,0,2.58,63.589
2026-07-02 23:56:15,51,61,0,0,2.593,63.585
2026-07-03 00:01:13,63,76,0,0,2.532,64.098
2026-07-03 00:04:14,64,77,0,0,2.494,64.439
2026-07-03 00:04:40,66,81,0,0,2.478,64.493
2026-07-03 00:06:13,64,76,0,0,2.462,64.661
2026-07-03 00:11:13,60,74,0,0,2.425,65.105
2026-07-03 00:16:13,62,75,0,0,2.428,65.321
2026-07-03 00:16:43,62,74,0,0,2.428,65.334
2026-07-03 00:18:13,61,73,0,0,2.425,65.336
2026-07-03 00:19:19,60,73,0,0,2.422,65.304
2026-07-03 00:19:57,59,73,0,0,2.438,65.275
2026-07-03 00:21:12,60,73,0,0,2.454,65.26
2026-07-03 00:21:14,60,74,0,0,2.446,65.256
2026-07-03 00:26:14,60,73,0,0,2.457,65.122
2026-07-03 00:28:15,59,70,0,0,2.446,65.014
2026-07-03 00:31:14,58,69,0,0,2.425,64.754
2026-07-03 00:36:14,56,65,0,0,2.289,64.621
2026-07-03 00:41:14,55,65,0,0,2.158,64.56
2026-07-03 00:46:14,56,69,0,0,2.011,64.768
2026-07-03 00:47:37,51,60,0,0,1.979,64.844
2026-07-03 00:49:47,51,57,0,0,1.931,64.989
2026-07-03 00:51:14,49,57,0,0,1.907,65.033
2026-07-03 00:56:14,48,61,0,0,1.883,65.223
2026-07-03 01:01:14,52,61,0,0,1.792,65.351
2026-07-03 01:06:14,46,53,0,0,1.677,65.38
2026-07-03 01:11:14,43,48,0,0,1.611,65.359
2026-07-03 01:16:14,41,45,0,0,1.528,65.286
2026-07-03 01:19:17,43,44,0,0,1.472,65.407
2026-07-03 01:21:04,40,46,0,0,1.421,65.53
2026-07-03 01:21:14,43,47,0,0,1.402,65.567
2026-07-03 01:22:01,44,46,0,0,1.402,65.607
2026-07-03 01:26:14,41,46,0,0,1.309,65.765
2026-07-03 01:29:00,37,38,0,0,1.245,65.973
2026-07-03 01:30:01,38,39,0,0,1.223,65.977
2026-07-03 01:31:14,37,40,0,0,1.197,65.902
2026-07-03 01:35:36,38,42,0,0,1.111,66.45
2026-07-03 01:36:14,45,49,0,0,1.106,66.522
2026-07-03 01:37:51,48,55,0,0,1.098,66.934
2026-07-03 01:41:14,48,55,0,0,1.103,67.06
2026-07-03 01:42:21,48,54,0,0,1.13,66.925
2026-07-03 01:46:14,45,49,0,0,1.151,66.768
2026-07-03 01:48:15,44,48,0,0,1.149,66.671
2026-07-03 01:48:53,45,49,0,0,1.151,66.599
2026-07-03 01:50:18,44,48,0,0,1.157,66.419
2026-07-03 01:51:14,48,52,0,0,1.143,66.435
2026-07-03 01:53:08,46,54,0,0,1.135,66.539
2026-07-03 01:56:14,45,52,0,0,1.106,66.551
2026-07-03 01:56:18,45,52,0,0,1.109,66.555
2026-07-03 02:00:18,46,50,0,0,1.063,66.484
2026-07-03 02:01:15,48,55,0,0,1.061,66.549
2026-07-03 02:01:25,45,52,0,0,1.052,66.581
2026-07-03 02:03:07,59,69,0,0,0.994,66.807
2026-07-03 02:04:52,62,73,0,0,0.975,67.493
2026-07-03 02:06:14,63,77,0,0,0.938,67.642
2026-07-03 02:08:45,61,76,0,0,0.89,67.913
2026-07-03 02:11:15,61,70,0,0,0.863,68.186
2026-07-03 02:11:21,59,68,0,0,0.834,68.172
2026-07-03 02:13:06,64,79,0,0,0.807,68.279
2026-07-03 02:14:15,67,81,0,0,0.78,68.43
2026-07-03 02:14:17,64,79,0,0,0.796,68.434
2026-07-03 02:15:46,65,79,0,0,0.775,68.603
2026-07-03 02:16:14,66,80,0,0,0.737,68.607
2026-07-03 02:16:50,71,89,0,0,0.743,68.655
2026-07-03 02:17:30,70,86,0,0,0.705,68.784
2026-07-03 02:21:15,66,84,0,0,0.663,69.425
2026-07-03 02:21:20,65,83,0,0,0.644,69.42
2026-07-03 02:21:54,66,86,0,0,0.62,69.49
2026-07-03 02:22:20,66,84,0,0,0.631,69.542
2026-07-03 02:24:43,70,85,0,0,0.583,69.689
2026-07-03 02:26:15,68,85,0,0,0.575,69.83
2026-07-03 02:28:52,71,87,0,0,0.548,70.04
2026-07-03 02:30:01,74,91,0,0,0.529,70.102
2026-07-03 02:31:06,70,86,0,0,0.513,70.133
2026-07-03 02:31:14,70,85,0,0,0.513,70.15
2026-07-03 02:34:20,71,89,0,0,0.486,70.194
2026-07-03 02:34:50,71,88,0,0,0.486,70.2
2026-07-03 02:35:20,71,86,0,0,0.465,70.204
2026-07-03 02:36:14,71,86,0,0,0.457,70.104
2026-07-03 02:39:20,65,82,0,0,0.412,69.822
2026-07-03 02:41:14,60,74,0,0,0.396,69.715
2026-07-03 02:41:53,61,74,0,0,0.364,69.637
2026-07-03 02:46:15,50,57,0,0,0.265,69.219
2026-07-03 02:48:51,41,43,0,0,0.198,69.181
2026-07-03 02:51:14,46,52,0,0,0.166,69.454
2026-07-03 02:55:51,45,52,0,0,0.027,69.702
2026-07-03 02:56:14,42,48,0,0,0.006,69.696
2026-07-03 03:01:15,42,44,0,0,-0.088,69.549
2026-07-03 03:03:27,41,43,0,0,-0.133,69.542
2026-07-03 03:06:14,38,38,0,0,-0.197,69.738
2026-07-03 03:08:01,42,42,0,0,-0.224,69.755
2026-07-03 03:11:15,34,35,0,0,-0.253,69.757
2026-07-03 03:11:50,35,35,0,0,-0.275,69.797
2026-07-03 03:14:21,32,35,0,0,-0.336,70.007
2026-07-03 03:14:49,31,32,0,0,-0.336,70.026
2026-07-03 03:16:14,35,37,0,0,-0.357,70.209
2026-07-03 03:17:23,33,33,0,0,-0.371,70.286
2026-07-03 03:21:14,31,32,0,0,-0.43,70.329
2026-07-03 03:22:23,31,31,0,0,-0.432,70.537
2026-07-03 03:26:14,33,36,0,0,-0.44,70.972
2026-07-03 03:28:38,34,37,0,0,-0.446,71.131
2026-07-03 03:31:15,43,43,0,0,-0.448,71.165
2026-07-03 03:32:52,39,43,0,0,-0.389,71.085
2026-07-03 03:36:15,40,40,0,0,-0.384,70.873
2026-07-03 03:36:22,39,39,0,0,-0.395,70.9
2026-07-03 03:36:44,38,38,0,0,-0.392,70.852
2026-07-03 03:40:22,28,34,0,0,-0.357,70.507
2026-07-03 03:41:15,35,37,0,0,-0.373,70.423
2026-07-03 03:42:59,36,38,0,0,-0.368,70.295
2026-07-03 03:43:52,37,38,0,0,-0.368,70.234
2026-07-03 03:46:15,36,36,0,0,-0.341,70.213
2026-07-03 03:47:09,38,42,0,0,-0.32,70.299
2026-07-03 03:51:15,42,44,0,0,-0.296,70.705
2026-07-03 03:53:12,45,48,0,0,-0.293,70.711
2026-07-03 03:56:15,45,49,0,0,-0.307,70.761
2026-07-03 03:57:53,45,49,0,0,-0.309,70.833
2026-07-03 03:59:56,47,50,0,0,-0.293,70.94
2026-07-03 04:01:15,47,53,0,0,-0.293,71.081
2026-07-03 04:03:25,46,53,0,0,-0.288,71.272
2026-07-03 04:04:46,50,57,0,0,-0.309,71.333
2026-07-03 04:06:15,49,61,0,0,-0.307,71.483
2026-07-03 04:06:43,49,55,0,0,-0.291,71.44
2026-07-03 04:07:50,49,55,0,0,-0.323,71.365
2026-07-03 04:09:47,50,59,0,0,-0.307,71.461
2026-07-03 04:09:53,52,61,0,0,-0.317,71.462
2026-07-03 04:11:15,51,61,0,0,-0.312,71.655
2026-07-03 04:14:53,50,57,0,0,-0.309,71.867
2026-07-03 04:16:15,50,55,0,0,-0.299,71.798
2026-07-03 04:16:53,49,58,0,0,-0.315,71.701
2026-07-03 04:19:00,47,50,0,0,-0.32,71.249
2026-07-03 04:21:15,42,48,0,0,-0.355,70.507
2026-07-03 04:26:15,39,41,0,0,-0.502,70.587
2026-07-03 04:26:21,40,41,0,0,-0.459,70.596
2026-07-03 04:28:58,45,49,0,0,-0.56,71.024
2026-07-03 04:29:54,42,46,0,0,-0.595,71.1
2026-07-03 04:30:10,45,51,0,0,-0.582,71.125
2026-07-03 04:31:15,41,43,0,0,-0.627,71.239
2026-07-03 04:32:42,39,44,0,0,-0.657,71.337
2026-07-03 04:34:37,43,48,0,0,-0.67,71.541
2026-07-03 04:35:30,45,48,0,0,-0.713,71.605
2026-07-03 04:36:15,43,51,0,0,-0.71,71.686
2026-07-03 04:36:25,45,48,0,0,-0.737,71.712
2026-07-03 04:40:14,38,40,0,0,-0.811,71.924
2026-07-03 04:41:15,43,49,0,0,-0.809,71.962
2026-07-03 04:45:44,43,49,0,0,-0.862,71.829
2026-07-03 04:46:15,40,43,0,0,-0.889,71.821
2026-07-03 04:50:59,39,42,0,0,-0.993,71.712
2026-07-03 04:51:15,40,42,0,0,-0.988,71.708
2026-07-03 04:51:24,41,41,0,0,-0.982,71.703
2026-07-03 04:56:15,38,40,0,0,-1.086,71.642
2026-07-03 04:56:25,38,40,0,0,-1.105,71.647
2026-07-03 04:57:13,34,37,0,0,-1.105,71.604
2026-07-03 04:57:17,33,36,0,0,-1.089,71.634
2026-07-03 04:57:23,34,37,0,0,-1.097,71.617
2026-07-03 04:57:41,33,34,0,0,-1.124,71.634
2026-07-03 04:57:44,33,35,0,0,-1.126,71.642
2026-07-03 04:57:48,33,34,0,0,-1.126,71.657
2026-07-03 04:57:54,33,34,0,0,-1.126,71.657
2026-07-03 04:58:06,34,34,0,0,-1.129,71.676
2026-07-03 04:58:12,36,36,0,0,-1.118,71.682
2026-07-03 04:58:16,36,38,0,0,-1.14,71.687
2026-07-03 04:58:34,34,36,0,0,-1.169,71.697
2026-07-03 04:58:38,34,36,0,0,-1.153,71.678
2026-07-03 04:58:41,33,34,0,0,-1.169,71.689
2026-07-03 04:59:01,36,37,0,0,-1.153,71.71
2026-07-03 04:59:05,35,37,0,0,-1.159,71.708
2026-07-03 04:59:09,36,38,0,0,-1.169,71.72
2026-07-03 04:59:12,35,36,0,0,-1.164,71.728
2026-07-03 04:59:17,36,36,0,0,-1.169,71.697
2026-07-03 05:00:21,33,33,0,0,-1.188,71.729
2026-07-03 05:00:25,33,33,0,0,-1.172,71.739
2026-07-03 05:00:30,33,33,0,0,-1.188,71.75
2026-07-03 05:00:36,31,31,0,0,-1.201,71.764
2026-07-03 05:00:40,32,32,0,0,-1.188,71.749
2026-07-03 05:01:15,33,33,0,0,-1.201,71.827
2026-07-03 05:01:22,33,33,0,0,-1.204,71.817
2026-07-03 05:01:42,35,35,0,0,-1.188,71.857
2026-07-03 05:01:48,35,35,0,0,-1.215,71.848
2026-07-03 05:02:01,33,33,0,0,-1.201,71.873
2026-07-03 05:02:05,33,33,0,0,-1.223,71.901
2026-07-03 05:02:09,33,33,0,0,-1.228,71.926
2026-07-03 05:02:23,36,37,0,0,-1.209,71.962
2026-07-03 05:02:37,33,35,0,0,-1.239,71.987
2026-07-03 05:02:41,33,35,0,0,-1.223,72
2026-07-03 05:02:49,31,34,0,0,-1.228,72.017
2026-07-03 05:02:57,32,34,0,0,-1.228,72.046
2026-07-03 05:03:06,29,32,0,0,-1.236,72.063
2026-07-03 05:03:16,29,32,0,0,-1.239,72.086
2026-07-03 05:03:26,32,33,0,0,-1.239,72.101
2026-07-03 05:03:28,32,33,0,0,-1.236,72.092
2026-07-03 05:03:38,29,29,0,0,-1.233,72.149
2026-07-03 05:03:42,29,29,0,0,-1.247,72.132
2026-07-03 05:03:54,29,33,0,0,-1.247,72.151
2026-07-03 05:04:24,33,34,0,0,-1.268,72.17
2026-07-03 05:04:39,29,32,0,0,-1.265,72.201
2026-07-03 05:04:42,29,29,0,0,-1.252,72.195
2026-07-03 05:04:45,27,29,0,0,-1.239,72.187
2026-07-03 05:05:19,32,32,0,0,-1.263,72.218
2026-07-03 05:05:31,29,29,0,0,-1.244,72.218
2026-07-03 05:05:36,29,29,0,0,-1.276,72.214
2026-07-03 05:05:39,28,31,0,0,-1.255,72.223
2026-07-03 05:05:50,27,31,0,0,-1.257,72.225
2026-07-03 05:05:53,27,31,0,0,-1.255,72.252
2026-07-03 05:05:56,27,31,0,0,-1.268,72.244
2026-07-03 05:05:59,27,32,0,0,-1.252,72.248
2026-07-03 05:06:15,29,32,0,0,-1.26,72.256
2026-07-03 05:06:33,29,29,0,0,-1.263,72.275
2026-07-03 05:06:38,27,27,0,0,-1.273,72.269
2026-07-03 05:06:51,27,27,0,0,-1.284,72.275
2026-07-03 05:06:54,27,27,0,0,-1.271,72.271
2026-07-03 05:07:34,23,24,0,0,-1.276,72.294
2026-07-03 05:07:40,23,24,0,0,-1.265,72.307
2026-07-03 05:07:49,24,27,0,0,-1.281,72.281
2026-07-03 05:07:57,26,29,0,0,-1.284,72.305
2026-07-03 05:08:13,26,29,0,0,-1.292,72.304
2026-07-03 05:08:21,26,32,0,0,-1.276,72.304
2026-07-03 05:08:45,26,27,0,0,-1.287,72.296
2026-07-03 05:08:51,24,27,0,0,-1.289,72.321
2026-07-03 05:08:54,23,26,0,0,-1.284,72.311
2026-07-03 05:09:20,17,20,0,0,-1.287,72.294
2026-07-03 05:09:32,16,22,0,0,-1.279,72.3
2026-07-03 05:09:35,16,21,0,0,-1.3,72.304
2026-07-03 05:09:57,16,22,0,0,-1.303,72.325
2026-07-03 05:11:15,28,28,0,0,-1.279,72.334
2026-07-03 05:11:23,29,29,0,0,-1.303,72.351
2026-07-03 05:13:29,26,29,0,0,-1.3,72.634
2026-07-03 05:16:15,26,27,0,0,-1.305,72.864
2026-07-03 05:19:30,27,29,0,0,-1.289,73.044
2026-07-03 05:21:15,24,26,0,0,-1.287,73.025
2026-07-03 05:21:59,24,26,0,0,-1.284,73.017
2026-07-03 05:24:01,29,31,0,0,-1.271,72.96
2026-07-03 05:26:15,21,23,0,0,-1.268,72.923
2026-07-03 05:26:31,26,27,0,0,-1.268,72.925
2026-07-03 05:28:48,26,27,0,0,-1.255,72.815
2026-07-03 05:31:15,32,33,0,0,-1.26,72.649
2026-07-03 05:36:15,29,33,0,0,-1.289,72.492
2026-07-03 05:38:05,32,32,0,0,-1.308,72.603
2026-07-03 05:41:15,28,28,0,0,-1.3,72.708
2026-07-03 05:42:01,29,32,0,0,-1.313,72.735
2026-07-03 05:46:15,23,27,0,0,-1.303,72.534
2026-07-03 05:49:32,27,29,0,0,-1.329,72.338
2026-07-03 05:51:15,24,24,0,0,-1.3,72.395
2026-07-03 05:56:15,21,26,0,0,-1.329,72.355
2026-07-03 05:57:32,23,26,0,0,-1.351,72.321
2026-07-03 05:59:14,26,26,0,0,-1.364,72.321
2026-07-03 05:59:19,26,26,0,0,-1.353,72.332
2026-07-03 06:00:35,24,26,0,0,-1.364,72.431
2026-07-03 06:00:39,23,24,0,0,-1.348,72.447
2026-07-03 06:00:44,22,23,0,0,-1.369,72.462
2026-07-03 06:01:15,26,26,0,0,-1.375,72.496
2026-07-03 06:01:17,26,26,0,0,-1.38,72.506
2026-07-03 06:05:04,28,32,0,0,-1.345,72.151
2026-07-03 06:05:17,29,31,0,0,-1.375,72.134
2026-07-03 06:05:22,29,31,0,0,-1.372,72.138
2026-07-03 06:05:28,29,32,0,0,-1.353,72.14
2026-07-03 06:05:52,27,29,0,0,-1.369,72.09
2026-07-03 06:05:58,26,27,0,0,-1.375,72.067
2026-07-03 06:06:04,26,29,0,0,-1.369,72.052
2026-07-03 06:06:10,27,31,0,0,-1.394,72.079
2026-07-03 06:06:14,28,35,0,0,-1.378,72.048
2026-07-03 06:06:16,27,35,0,0,-1.372,72.04
2026-07-03 06:06:23,29,36,0,0,-1.399,72.025
2026-07-03 06:06:37,33,35,0,0,-1.364,72.025
2026-07-03 06:06:45,32,33,0,0,-1.396,71.998
2026-07-03 06:06:55,29,32,0,0,-1.372,71.958
2026-07-03 06:07:03,29,33,0,0,-1.383,71.947
2026-07-03 06:07:08,29,33,0,0,-1.378,71.914
2026-07-03 06:07:24,29,32,0,0,-1.404,71.907
2026-07-03 06:07:30,28,29,0,0,-1.402,71.861
2026-07-03 06:07:34,27,29,0,0,-1.394,71.867
2026-07-03 06:07:42,27,29,0,0,-1.383,71.836
2026-07-03 06:07:53,26,29,0,0,-1.369,71.853
2026-07-03 06:08:02,25,29,0,0,-1.391,71.804
2026-07-03 06:08:11,24,29,0,0,-1.394,71.781
2026-07-03 06:08:21,27,32,0,0,-1.378,71.758
2026-07-03 06:08:27,29,33,0,0,-1.399,71.741
2026-07-03 06:08:51,31,31,0,0,-1.415,71.686
2026-07-03 06:08:57,32,32,0,0,-1.399,71.682
2026-07-03 06:09:00,32,32,0,0,-1.383,71.661
2026-07-03 06:09:22,33,35,0,0,-1.386,71.659
2026-07-03 06:09:32,34,35,0,0,-1.423,71.64
2026-07-03 06:09:37,33,34,0,0,-1.402,71.611
2026-07-03 06:09:44,35,36,0,0,-1.394,71.617
2026-07-03 06:09:50,34,36,0,0,-1.394,71.619
2026-07-03 06:10:02,37,37,0,0,-1.402,71.605
2026-07-03 06:10:10,34,36,0,0,-1.412,71.569
2026-07-03 06:10:15,33,34,0,0,-1.38,71.537
2026-07-03 06:10:19,33,35,0,0,-1.439,71.554
2026-07-03 06:10:29,33,36,0,0,-1.412,71.525
2026-07-03 06:10:35,33,36,0,0,-1.41,71.55
2026-07-03 06:10:41,33,36,0,0,-1.418,71.522
2026-07-03 06:10:49,33,36,0,0,-1.428,71.502
2026-07-03 06:10:55,34,36,0,0,-1.428,71.485
2026-07-03 06:11:00,34,36,0,0,-1.418,71.483
2026-07-03 06:11:16,35,36,0,0,-1.415,71.47
2026-07-03 06:12:02,33,33,0,0,-1.434,71.396
2026-07-03 06:13:02,28,31,0,0,-1.442,71.277
2026-07-03 06:16:16,29,29,0,0,-1.498,71.18
2026-07-03 06:20:04,29,36,0,0,-1.567,71.045
2026-07-03 06:20:17,33,36,0,0,-1.58,71.071
2026-07-03 06:20:27,33,36,0,0,-1.575,71.094
2026-07-03 06:20:32,32,35,0,0,-1.58,71.11
2026-07-03 06:20:39,32,33,0,0,-1.58,71.119
2026-07-03 06:20:44,32,33,0,0,-1.602,71.132
2026-07-03 06:20:54,32,33,0,0,-1.583,71.15
2026-07-03 06:20:58,31,33,0,0,-1.615,71.152
2026-07-03 06:21:02,33,35,0,0,-1.583,71.155
2026-07-03 06:21:07,33,35,0,0,-1.588,71.152
2026-07-03 06:21:14,35,35,0,0,-1.596,71.176
2026-07-03 06:21:16,35,35,0,0,-1.607,71.192
2026-07-03 06:21:23,34,36,0,0,-1.612,71.205
2026-07-03 06:21:31,34,37,0,0,-1.599,71.214
2026-07-03 06:21:44,33,35,0,0,-1.607,71.241
2026-07-03 06:21:49,35,36,0,0,-1.602,71.235
2026-07-03 06:21:56,36,38,0,0,-1.607,71.253
2026-07-03 06:22:04,36,38,0,0,-1.645,71.296
2026-07-03 06:22:17,38,39,0,0,-1.621,71.298
2026-07-03 06:22:23,38,38,0,0,-1.615,71.298
2026-07-03 06:22:39,38,39,0,0,-1.618,71.325
2026-07-03 06:22:57,35,35,0,0,-1.626,71.359
2026-07-03 06:23:04,35,35,0,0,-1.615,71.348
2026-07-03 06:23:21,33,33,0,0,-1.645,71.375
2026-07-03 06:23:40,32,32,0,0,-1.642,71.375
2026-07-03 06:23:55,33,33,0,0,-1.642,71.388
2026-07-03 06:24:06,33,33,0,0,-1.655,71.413
2026-07-03 06:24:21,35,36,0,0,-1.645,71.428
2026-07-03 06:24:41,38,38,0,0,-1.645,71.428
2026-07-03 06:24:49,36,36,0,0,-1.655,71.445
2026-07-03 06:24:58,38,39,0,0,-1.661,71.455
2026-07-03 06:25:12,38,40,0,0,-1.658,71.493
2026-07-03 06:25:20,36,41,0,0,-1.647,71.512
2026-07-03 06:25:24,35,41,0,0,-1.663,71.533
2026-07-03 06:25:28,36,41,0,0,-1.663,71.546
2026-07-03 06:25:31,36,41,0,0,-1.661,71.55
2026-07-03 06:26:01,41,42,0,0,-1.653,71.649
2026-07-03 06:26:13,38,41,0,0,-1.671,71.682
2026-07-03 06:26:16,38,41,0,0,-1.666,71.68
2026-07-03 06:26:44,41,42,0,0,-1.671,71.735
2026-07-03 06:26:57,36,39,0,0,-1.682,71.783
2026-07-03 06:27:02,38,39,0,0,-1.663,71.802
2026-07-03 06:27:23,41,42,0,0,-1.658,71.844
2026-07-03 06:27:38,41,42,0,0,-1.682,71.901
2026-07-03 06:27:48,43,43,0,0,-1.666,71.916
2026-07-03 06:27:50,41,43,0,0,-1.693,71.907
2026-07-03 06:28:08,42,42,0,0,-1.687,71.905
2026-07-03 06:28:16,41,41,0,0,-1.679,71.939
2026-07-03 06:28:25,39,39,0,0,-1.682,71.953
2026-07-03 06:28:49,38,39,0,0,-1.679,72.021
2026-07-03 06:29:02,44,45,0,0,-1.661,72.056
2026-07-03 06:29:24,41,41,0,0,-1.661,72.103
2026-07-03 06:29:36,36,39,0,0,-1.658,72.155
2026-07-03 06:29:46,38,41,0,0,-1.693,72.172
2026-07-03 06:29:51,39,40,0,0,-1.685,72.143
2026-07-03 06:29:56,39,41,0,0,-1.687,72.178
2026-07-03 06:30:00,41,42,0,0,-1.682,72.199
2026-07-03 06:30:14,39,41,0,0,-1.69,72.204
2026-07-03 06:30:30,44,44,0,0,-1.698,72.26
2026-07-03 06:30:35,44,44,0,0,-1.679,72.262
2026-07-03 06:30:39,44,44,0,0,-1.687,72.298
2026-07-03 06:30:53,42,42,0,0,-1.666,72.321
2026-07-03 06:31:16,42,44,0,0,-1.682,72.408
2026-07-03 06:36:16,33,33,0,0,-1.621,72.222
2026-07-03 06:41:16,35,36,0,0,-1.618,71.97
2026-07-03 06:42:35,39,39,0,0,-1.58,72.035
2026-07-03 06:43:05,42,44,0,0,-1.602,72.063
2026-07-03 06:46:16,36,41,0,0,-1.546,72.103
2026-07-03 06:51:16,36,41,0,0,-1.506,71.953
2026-07-03 06:56:16,40,40,0,0,-1.455,72.452
2026-07-03 07:01:10,44,50,0,0,-1.353,72.992
2026-07-03 07:01:16,42,45,0,0,-1.394,72.99
2026-07-03 07:01:38,44,45,0,0,-1.364,72.962
2026-07-03 07:01:45,43,48,0,0,-1.375,72.952
2026-07-03 07:02:17,42,44,0,0,-1.375,72.95
2026-07-03 07:02:21,42,48,0,0,-1.367,72.946
2026-07-03 07:02:25,43,48,0,0,-1.348,72.967
2026-07-03 07:02:33,43,45,0,0,-1.348,72.964
2026-07-03 07:02:59,42,48,0,0,-1.337,73.025
2026-07-03 07:03:03,42,48,0,0,-1.34,73.028
2026-07-03 07:03:05,42,48,0,0,-1.34,73.028
2026-07-03 07:03:11,43,47,0,0,-1.348,73.036
2026-07-03 07:03:24,46,52,0,0,-1.351,73.049
2026-07-03 07:03:46,47,50,0,0,-1.324,73.128
2026-07-03 07:04:06,47,53,0,0,-1.335,73.12
2026-07-03 07:04:35,43,47,0,0,-1.321,73.15
2026-07-03 07:05:42,44,48,0,0,-1.303,73.156
2026-07-03 07:06:16,43,44,0,0,-1.276,73.166
2026-07-03 07:06:22,44,45,0,0,-1.303,73.149
2026-07-03 07:06:25,44,44,0,0,-1.292,73.185
2026-07-03 07:06:29,43,45,0,0,-1.289,73.164
2026-07-03 07:06:33,44,44,0,0,-1.289,73.194
2026-07-03 07:06:37,43,43,0,0,-1.284,73.217
2026-07-03 07:07:07,46,50,0,0,-1.276,73.286
2026-07-03 07:07:23,48,55,0,0,-1.263,73.318
2026-07-03 07:07:26,48,56,0,0,-1.265,73.303
2026-07-03 07:07:39,46,53,0,0,-1.281,73.303
2026-07-03 07:08:40,46,54,0,0,-1.228,73.334
2026-07-03 07:08:53,46,49,0,0,-1.228,73.326
2026-07-03 07:09:32,46,52,0,0,-1.215,73.295
2026-07-03 07:09:50,47,52,0,0,-1.217,73.295
2026-07-03 07:10:01,46,51,0,0,-1.209,73.28
2026-07-03 07:10:07,46,51,0,0,-1.204,73.265
2026-07-03 07:11:16,50,54,0,0,-1.191,73.141
2026-07-03 07:11:19,49,54,0,0,-1.191,73.152
2026-07-03 07:11:23,47,53,0,0,-1.177,73.107
2026-07-03 07:11:37,48,54,0,0,-1.185,73.099
2026-07-03 07:12:17,46,52,0,0,-1.185,72.975
2026-07-03 07:12:21,46,52,0,0,-1.191,72.971
2026-07-03 07:13:13,47,51,0,0,-1.164,72.853
2026-07-03 07:13:39,43,50,0,0,-1.151,72.828
2026-07-03 07:13:45,43,49,0,0,-1.159,72.796
2026-07-03 07:14:37,44,48,0,0,-1.126,72.721
2026-07-03 07:14:41,43,49,0,0,-1.143,72.754
2026-07-03 07:14:48,46,49,0,0,-1.137,72.706
2026-07-03 07:16:16,43,45,0,0,-1.094,72.532
2026-07-03 07:21:16,43,45,0,0,-1.052,72.065
2026-07-03 07:24:36,49,55,0,0,-1.025,71.96
2026-07-03 07:26:04,58,69,0,0,-1.014,71.943
2026-07-03 07:26:16,57,70,0,0,-0.99,71.928
2026-07-03 07:28:07,50,59,0,0,-0.985,71.983
2026-07-03 07:29:07,47,53,0,0,-0.945,72.052
2026-07-03 07:31:16,50,57,0,0,-0.948,72.149
2026-07-03 07:33:37,52,65,0,0,-0.883,72.151
2026-07-03 07:34:49,49,56,0,0,-0.857,72.077
2026-07-03 07:36:16,47,52,0,0,-0.841,72.044
2026-07-03 07:41:16,47,56,0,0,-0.737,71.932
2026-07-03 07:46:16,50,57,0,0,-0.616,71.764
2026-07-03 07:51:07,47,53,0,0,-0.518,71.459
2026-07-03 07:51:16,47,54,0,0,-0.512,71.457
2026-07-03 07:56:16,49,58,0,0,-0.422,71.094
2026-07-03 08:01:16,55,66,0,0,-0.389,70.881
2026-07-03 08:06:16,51,60,0,0,-0.336,70.869
2026-07-03 08:09:35,57,67,0,0,-0.293,70.991
2026-07-03 08:10:15,58,71,0,0,-0.283,71.008
2026-07-03 08:10:22,58,71,0,0,-0.264,71.016
2026-07-03 08:10:28,58,70,0,0,-0.283,71.035
2026-07-03 08:10:34,57,68,0,0,-0.267,71.035
2026-07-03 08:11:17,60,70,0,0,-0.253,71.05
2026-07-03 08:12:16,60,71,0,0,-0.237,71.131
2026-07-03 08:12:21,59,72,0,0,-0.245,71.123
2026-07-03 08:12:55,58,69,0,0,-0.232,71.193
2026-07-03 08:13:04,59,69,0,0,-0.208,71.178
2026-07-03 08:13:09,59,71,0,0,-0.235,71.188
2026-07-03 08:13:13,60,73,0,0,-0.219,71.174
2026-07-03 08:13:22,60,71,0,0,-0.208,71.211
2026-07-03 08:13:37,59,71,0,0,-0.235,71.188
2026-07-03 08:14:38,63,77,0,0,-0.181,71.256
2026-07-03 08:15:28,63,76,0,0,-0.163,71.361
2026-07-03 08:16:17,71,87,0,0,-0.146,71.474
2026-07-03 08:16:41,71,87,0,0,-0.149,71.544
2026-07-03 08:21:17,61,71,0,0,-0.05,71.653
2026-07-03 08:21:53,61,72,0,0,-0.032,71.644
2026-07-03 08:22:07,61,74,0,0,-0.048,71.646
2026-07-03 08:23:36,63,75,0,0,0.03,71.535
2026-07-03 08:26:17,60,71,0,0,0.115,71.268
2026-07-03 08:28:08,58,68,0,0,0.134,71.129
2026-07-03 08:31:16,60,71,0,0,0.251,70.978
2026-07-03 08:34:04,61,77,0,0,0.356,70.957
2026-07-03 08:34:08,63,78,0,0,0.369,70.928
2026-07-03 08:35:05,59,71,0,0,0.398,70.919
2026-07-03 08:36:16,58,68,0,0,0.454,70.902
2026-07-03 08:41:17,71,86,0,0,0.919,70.604
2026-07-03 08:43:09,63,75,0,0,1.103,70.019
2026-07-03 08:44:39,67,83,0,0,1.263,69.639
2026-07-03 08:46:17,63,79,0,0,1.389,69.282
2026-07-03 08:50:20,62,76,0,0,1.661,68.439
2026-07-03 08:51:17,59,71,0,0,1.717,68.338
2026-07-03 08:52:39,59,73,0,0,1.781,68.134
2026-07-03 08:56:17,55,68,0,0,1.982,67.573
2026-07-03 08:59:44,59,72,0,0,2.185,67.205
2026-07-03 09:01:09,60,71,0,0,2.233,67.114
2026-07-03 09:01:16,60,71,0,0,2.257,67.117
2026-07-03 09:06:17,69,84,0,0,2.596,66.763
2026-07-03 09:11:16,70,85,0,0,3.007,65.605
2026-07-03 09:12:39,69,84,0,0,3.066,65.511
2026-07-03 09:16:16,69,86,0,0,3.325,65.084
2026-07-03 09:21:16,101,105,0,0,3.728,64.624
2026-07-03 09:21:49,87,98,0,0,3.75,64.439
2026-07-03 09:26:04,80,94,0,0,4.126,63.059
2026-07-03 09:26:17,86,95,0,0,4.147,63.024
2026-07-03 09:28:10,61,75,0,0,4.268,62.629
2026-07-03 09:30:10,56,66,0,0,4.449,62.156
2026-07-03 09:31:16,57,69,0,0,4.524,61.954
2026-07-03 09:31:40,57,70,0,0,4.551,61.884
2026-07-03 09:36:17,59,72,0,0,4.866,61.079
2026-07-03 09:41:16,66,81,0,0,5.258,60.613
2026-07-03 09:46:17,58,71,0,0,5.533,59.543
2026-07-03 09:47:09,58,72,0,0,5.584,59.394
2026-07-03 09:49:17,58,71,0,0,5.675,59.366
2026-07-03 09:51:17,58,70,0,0,5.699,59.381
2026-07-03 09:56:17,59,73,0,0,5.806,59.381
2026-07-03 10:00:45,64,79,0,0,5.912,58.66
2026-07-03 10:01:17,63,79,0,0,5.934,58.715
2026-07-03 10:03:27,65,80,0,0,5.982,58.561
2026-07-03 10:06:17,63,79,0,0,6.062,58.403
2026-07-03 10:09:11,63,77,0,0,6.18,58.263
2026-07-03 10:11:17,69,84,0,0,6.241,58.229
2026-07-03 10:16:17,62,78,0,0,6.348,58.456
2026-07-03 10:21:17,55,67,0,0,6.481,58.187
2026-07-03 10:22:11,56,70,0,0,6.489,58.157
2026-07-03 10:23:41,55,66,0,0,6.553,57.987
2026-07-03 10:26:02,53,64,0,0,6.601,57.84
2026-07-03 10:26:17,53,66,0,0,6.617,57.844
2026-07-03 10:31:17,56,68,0,0,6.844,58.143
2026-07-03 10:31:43,56,68,0,0,6.86,58.073
2026-07-03 10:36:17,53,64,0,0,7.186,57.567
2026-07-03 10:37:12,53,64,0,0,7.248,57.552
2026-07-03 10:41:17,52,65,0,0,7.536,56.831
2026-07-03 10:42:11,56,68,0,0,7.624,56.699
2026-07-03 10:45:44,54,66,0,0,7.854,56.238
2026-07-03 10:46:17,52,63,0,0,7.902,56.276
2026-07-03 10:48:08,53,65,0,0,8.019,56.137
2026-07-03 10:48:57,52,63,0,0,8.105,55.826
2026-07-03 10:51:17,53,63,0,0,8.268,55.404
2026-07-03 10:54:51,50,60,0,0,8.54,54.985
2026-07-03 10:56:17,54,66,0,0,8.655,54.805
2026-07-03 10:58:30,50,62,0,0,8.831,54.716
2026-07-03 10:59:15,50,58,0,0,8.89,54.777
2026-07-03 11:00:26,51,62,0,0,8.986,54.668
2026-07-03 11:01:11,52,62,0,0,9.021,54.685
2026-07-03 11:01:17,51,60,0,0,9.053,54.662
2026-07-03 11:04:14,51,61,0,0,9.309,54.878
2026-07-03 11:06:17,49,58,0,0,9.448,55.004
2026-07-03 11:07:56,49,60,0,0,9.648,54.838
2026-07-03 11:11:17,51,60,0,0,9.921,54.519
2026-07-03 11:12:48,49,59,0,0,10.03,54.313
2026-07-03 11:16:17,45,53,0,0,10.388,53.981
2026-07-03 11:19:31,44,52,0,0,10.631,53.47
2026-07-03 11:21:17,43,50,0,0,10.778,53.51
2026-07-03 11:21:27,44,52,0,0,10.791,53.537
2026-07-03 11:22:46,40,47,0,0,10.903,53.43
2026-07-03 11:25:30,43,52,0,0,11.101,52.93
2026-07-03 11:26:17,41,50,0,0,11.149,52.913
2026-07-03 11:29:44,47,56,0,0,11.392,52.175
2026-07-03 11:31:17,52,63,0,0,11.509,52.051
2026-07-03 11:36:17,47,56,0,0,12.137,51.088
2026-07-03 11:39:44,43,50,0,0,12.845,49.549
2026-07-03 11:41:17,43,51,0,0,13.176,48.776
2026-07-03 11:46:17,41,48,0,0,14.284,46.876
2026-07-03 11:51:17,42,50,0,0,15.325,44.868
2026-07-03 11:56:17,41,47,0,0,16.273,42.634
2026-07-03 12:01:17,40,48,0,0,17.008,41.225
2026-07-03 12:02:50,39,47,0,0,17.192,41.187
2026-07-03 12:06:17,37,45,0,0,17.587,40.483
2026-07-03 12:10:45,33,37,0,0,18.025,39.678
2026-07-03 12:11:17,32,36,0,0,18.057,39.558
2026-07-03 12:11:19,32,35,0,0,18.097,39.56
2026-07-03 12:15:14,33,35,0,0,18.399,38.871
2026-07-03 12:16:17,31,34,0,0,18.436,38.678
2026-07-03 12:20:38,32,35,0,0,18.629,38.205
2026-07-03 12:20:44,32,34,0,0,18.607,38.236
2026-07-03 12:21:17,35,39,0,0,18.65,38.125
2026-07-03 12:26:17,33,35,0,0,18.794,37.715
2026-07-03 12:31:17,29,30,0,0,18.973,37.179
2026-07-03 12:35:52,27,27,0,0,19.163,36.594
2026-07-03 12:36:17,26,27,0,0,19.147,36.47
2026-07-03 12:41:17,34,39,0,0,19.291,36.3
2026-07-03 12:44:13,33,36,0,0,19.43,36.102
2026-07-03 12:46:17,44,54,0,0,19.52,35.865
2026-07-03 12:48:45,39,46,0,0,19.558,35.674
2026-07-03 12:50:02,39,47,0,0,19.582,35.697
2026-07-03 12:51:17,42,50,0,0,19.611,35.615
2026-07-03 12:52:38,53,64,0,0,19.617,35.547
2026-07-03 12:56:17,37,45,0,0,19.758,35.154
2026-07-03 12:57:20,35,41,0,0,19.742,35.314
2026-07-03 12:58:31,35,40,0,0,19.763,35.283
2026-07-03 13:00:26,38,44,0,0,19.841,35.081
2026-07-03 13:01:17,35,41,0,0,19.884,35.001
2026-07-03 13:04:07,38,45,0,0,19.99,34.864
2026-07-03 13:06:17,35,40,0,0,20.097,34.616
2026-07-03 13:07:12,39,45,0,0,20.103,34.579
2026-07-03 13:11:17,37,44,0,0,20.22,34.455
2026-07-03 13:16:17,39,46,0,0,20.41,34.114
2026-07-03 13:17:16,31,32,0,0,20.471,33.921
2026-07-03 13:21:17,26,29,0,0,20.605,33.279
2026-07-03 13:26:17,25,25,0,0,20.784,33.107
2026-07-03 13:29:46,35,41,0,0,20.941,32.724
2026-07-03 13:30:16,35,40,0,0,20.965,32.767
2026-07-03 13:31:17,32,36,0,0,20.946,32.668
2026-07-03 13:36:17,24,24,0,0,21.005,32.279
2026-07-03 13:38:17,24,25,0,0,21.053,32.216
2026-07-03 13:41:17,31,34,0,0,21.117,32.26
2026-07-03 13:46:17,24,25,0,0,21.163,31.852
2026-07-03 13:46:19,24,25,0,0,21.171,31.875
2026-07-03 13:51:19,24,24,0,0,21.2,31.562
2026-07-03 13:56:19,17,19,0,0,21.208,30.929
2026-07-03 13:56:21,18,19,0,0,21.187,30.889
2026-07-03 14:01:19,38,45,0,0,21.32,30.744
2026-07-03 14:06:19,18,19,0,0,21.467,30.46
2026-07-03 14:07:47,22,23,0,0,21.502,30.507
2026-07-03 14:09:47,19,21,0,0,21.553,30.475
2026-07-03 14:11:19,22,22,0,0,21.595,30.482
2026-07-03 14:16:19,19,19,0,0,21.78,30.099
2026-07-03 14:18:17,22,22,0,0,21.798,30.303
2026-07-03 14:21:19,15,15,0,0,21.79,30.028
2026-07-03 14:26:19,15,15,0,0,21.817,30.025
2026-07-03 14:31:19,18,19,0,0,21.822,30.223
2026-07-03 14:36:19,46,56,0,0,21.926,29.618
2026-07-03 14:37:18,46,56,0,0,21.91,29.76
2026-07-03 14:41:19,23,24,0,0,21.902,30.072
2026-07-03 14:46:19,17,19,0,0,21.78,29.956
2026-07-03 14:49:17,23,24,0,0,21.742,30.017
2026-07-03 14:51:19,18,19,0,0,21.737,30.07
2026-07-03 14:52:17,24,24,0,0,21.74,30.036
2026-07-03 14:53:48,15,16,0,0,21.726,30.074
2026-07-03 14:56:19,19,19,0,0,21.745,30.152
2026-07-03 14:59:18,29,31,0,0,21.79,30.006
2026-07-03 15:01:19,24,24,0,0,21.79,30.072
2026-07-03 15:06:19,22,23,0,0,21.894,30.055
2026-07-03 15:11:19,8,10,0,0,21.932,29.803
2026-07-03 15:16:19,11,11,0,0,21.972,29.765
2026-07-03 15:16:48,12,12,0,0,21.977,29.651
2026-07-03 15:21:19,15,16,0,0,21.809,29.672
2026-07-03 15:26:19,15,15,0,0,21.726,30.027
2026-07-03 15:30:18,14,14,0,0,21.694,30.055
2026-07-03 15:31:19,16,17,0,0,21.665,29.983
2026-07-03 15:36:20,18,19,0,0,21.451,30.17
2026-07-03 15:41:19,14,14,0,0,21.208,30.667
2026-07-03 15:42:19,17,17,0,0,21.16,30.673
2026-07-03 15:46:19,22,22,0,0,20.997,31.058
2026-07-03 15:51:19,18,19,0,0,20.92,31.253
2026-07-03 15:56:19,17,18,0,0,20.837,31.394
2026-07-03 15:58:19,20,20,0,0,20.781,31.392
2026-07-03 16:03:07,18,18,0,0,20.685,31.448
2026-07-03 16:06:19,19,21,0,0,20.543,31.558
2026-07-03 16:09:49,19,19,0,0,20.46,31.783
2026-07-03 16:11:19,19,20,0,0,20.434,31.804
2026-07-03 16:16:19,17,18,0,0,20.308,31.943
2026-07-03 16:21:19,17,21,0,0,20.119,32.157
2026-07-03 16:26:19,19,19,0,0,19.993,32.325
2026-07-03 16:29:49,18,19,0,0,19.918,32.491
2026-07-03 16:31:19,19,19,0,0,19.838,32.63
2026-07-03 16:36:19,20,22,0,0,19.579,33.086
2026-07-03 16:38:19,15,15,0,0,19.494,33.033
2026-07-03 16:39:19,15,15,0,0,19.448,33.04
2026-07-03 16:41:19,19,21,0,0,19.283,33.117
2026-07-03 16:42:51,22,22,0,0,19.085,33.302
2026-07-03 16:46:19,19,19,0,0,18.532,33.742
2026-07-03 16:51:19,19,19,0,0,17.576,34.879
2026-07-03 16:56:19,20,20,0,0,16.618,36.498
2026-07-03 17:00:52,51,64,0,0,15.825,37.812
2026-07-03 17:01:19,53,67,0,0,15.766,37.971
2026-07-03 17:01:21,53,67,0,0,15.761,37.963
2026-07-03 17:06:19,22,22,0,0,15.026,39.342
2026-07-03 17:11:19,24,24,0,0,14.351,40.557
2026-07-03 17:11:24,23,25,0,0,14.335,40.582
2026-07-03 17:16:19,23,24,0,0,13.79,41.841
2026-07-03 17:16:54,26,27,0,0,13.715,41.988
2026-07-03 17:21:19,32,36,0,0,13.269,43.651
2026-07-03 17:26:19,28,29,0,0,12.829,45.421
2026-07-03 17:30:54,38,43,0,0,12.471,46.399
2026-07-03 17:31:19,41,49,0,0,12.452,46.474
2026-07-03 17:33:24,42,48,0,0,12.303,46.901
2026-07-03 17:36:19,44,52,0,0,12.102,47.408
2026-07-03 17:36:54,46,54,0,0,12.07,47.511
2026-07-03 17:38:55,53,65,0,0,11.977,47.799
2026-07-03 17:41:19,30,30,0,0,11.809,48.072
2026-07-03 17:46:19,27,28,0,0,11.499,48.511
2026-07-03 17:51:19,48,56,0,0,11.181,49.453
2026-07-03 17:53:25,38,42,0,0,11.04,49.697
2026-07-03 17:54:13,35,38,0,0,10.994,49.804
2026-07-03 17:56:19,39,43,0,0,10.853,50.21
2026-07-03 18:01:19,46,54,0,0,10.473,51.012
2026-07-03 18:06:19,48,56,0,0,10.19,51.939
2026-07-03 18:06:24,50,59,0,0,10.188,51.929
2026-07-03 18:11:19,59,72,0,0,9.934,52.818
2026-07-03 18:16:19,42,49,0,0,9.675,53.445
2026-07-03 18:19:25,48,57,0,0,9.552,53.604
2026-07-03 18:21:19,54,67,0,0,9.467,53.739
2026-07-03 18:26:19,60,74,0,0,9.285,54.25
2026-07-03 18:29:55,65,81,0,0,9.144,53.974
2026-07-03 18:31:20,76,87,0,0,9.138,54.023
2026-07-03 18:34:03,115,121,0,0,9.026,54.292
2026-07-03 18:36:19,90,94,0,0,8.933,54.422
2026-07-03 18:41:20,146,159,0,0,8.668,54.477
2026-07-03 18:42:55,69,81,0,0,8.591,54.492
2026-07-03 18:43:55,73,85,0,0,8.527,54.565
2026-07-03 18:44:20,100,106,0,0,8.527,54.571
2026-07-03 18:46:19,68,82,0,0,8.383,54.517
2026-07-03 18:48:30,112,119,0,0,8.27,54.782
2026-07-03 18:50:11,60,75,0,0,8.182,54.756
2026-07-03 18:51:20,62,76,0,0,8.121,54.845
2026-07-03 18:51:22,63,76,0,0,8.107,54.828
2026-07-03 18:56:20,53,62,0,0,7.856,55.332
2026-07-03 18:56:55,52,65,0,0,7.806,55.425
2026-07-03 19:01:20,47,57,0,0,7.576,55.904
2026-07-03 19:05:40,47,54,0,0,7.33,56.587
2026-07-03 19:05:56,46,57,0,0,7.336,56.675
2026-07-03 19:06:20,51,60,0,0,7.296,56.743
2026-07-03 19:11:20,47,56,0,0,7.085,57.293
2026-07-03 19:16:20,47,57,0,0,6.868,58.084
2026-07-03 19:17:25,47,55,0,0,6.807,58.237
2026-07-03 19:20:56,48,59,0,0,6.658,58.914
2026-07-03 19:21:20,50,60,0,0,6.644,59.007
2026-07-03 19:26:20,55,67,0,0,6.46,59.896
2026-07-03 19:31:19,39,41,0,0,6.308,60.337
2026-07-03 19:36:20,28,29,0,0,6.19,61.306
2026-07-03 19:41:20,34,34,0,0,6.182,62.772
2026-07-03 19:45:56,36,37,0,0,6.236,63.486
2026-07-03 19:46:20,36,37,0,0,6.252,63.446
2026-07-03 19:51:20,44,51,0,0,6.34,63.997
2026-07-03 19:55:56,48,57,0,0,6.364,63.678
2026-07-03 19:56:20,47,57,0,0,6.382,63.57
2026-07-03 20:00:56,48,56,0,0,6.398,63.247
2026-07-03 20:01:20,51,60,0,0,6.372,63.249
2026-07-03 20:06:20,58,69,0,0,6.34,62.978
2026-07-03 20:11:20,50,60,0,0,6.233,63.175
2026-07-03 20:16:20,50,60,0,0,6.121,63.343
2026-07-03 20:21:20,63,78,0,0,5.974,63.982
2026-07-03 20:26:20,70,84,0,0,5.854,64.428
2026-07-03 20:26:22,69,83,0,0,5.835,64.411
2026-07-03 20:31:20,52,63,0,0,5.72,64.825
2026-07-03 20:36:20,34,34,0,0,5.632,66.324
2026-07-03 20:36:57,29,30,0,0,5.597,66.381
2026-07-03 20:41:20,32,32,0,0,5.565,66.942
2026-07-03 20:44:27,33,34,0,0,5.552,67.39
2026-07-03 20:46:20,32,35,0,0,5.549,67.692
2026-07-03 20:51:20,28,30,0,0,5.552,68.031
2026-07-03 20:51:27,28,29,0,0,5.557,68.075
2026-07-03 20:55:27,27,32,0,0,5.549,68.216
2026-07-03 20:55:57,30,31,0,0,5.541,68.149
2026-07-03 20:56:20,28,28,0,0,5.539,68.189
2026-07-03 20:58:27,28,28,0,0,5.549,68.321
2026-07-03 20:58:46,31,31,0,0,5.515,68.338
2026-07-03 21:01:20,29,29,0,0,5.525,68.231
2026-07-03 21:06:20,40,45,0,0,5.485,67.934
2026-07-03 21:07:58,51,61,0,0,5.437,68.06
2026-07-03 21:09:41,50,60,0,0,5.451,68.107
2026-07-03 21:11:14,50,61,0,0,5.384,68.041
2026-07-03 21:11:20,50,61,0,0,5.368,68.06
2026-07-03 21:12:53,51,61,0,0,5.341,68.193
2026-07-03 21:14:04,51,61,0,0,5.32,68.25
2026-07-03 21:15:35,57,69,0,0,5.282,68.277
2026-07-03 21:16:20,56,69,0,0,5.253,68.35
2026-07-03 21:16:34,57,67,0,0,5.229,68.369
2026-07-03 21:17:59,50,59,0,0,5.213,68.411
2026-07-03 21:19:22,50,59,0,0,5.173,68.401
2026-07-03 21:21:11,38,41,0,0,5.127,68.512
2026-07-03 21:21:20,37,42,0,0,5.143,68.605
2026-07-03 21:23:31,41,45,0,0,5.058,68.893
2026-07-03 21:26:20,37,41,0,0,4.954,69.526
2026-07-03 21:28:03,37,39,0,0,4.957,69.772
2026-07-03 21:29:22,35,36,0,0,4.94,69.887
2026-07-03 21:31:20,34,36,0,0,4.892,70.127
2026-07-03 21:32:57,41,45,0,0,4.866,70.339
2026-07-03 21:36:20,36,36,0,0,4.823,70.642
2026-07-03 21:36:38,36,36,0,0,4.794,70.734
2026-07-03 21:38:23,36,36,0,0,4.78,70.879
2026-07-03 21:39:29,34,35,0,0,4.767,70.898
2026-07-03 21:40:00,37,39,0,0,4.756,70.949
2026-07-03 21:41:20,38,43,0,0,4.74,71.073
2026-07-03 21:43:03,38,39,0,0,4.708,71.203
2026-07-03 21:46:04,32,33,0,0,4.649,71.682
2026-07-03 21:46:20,31,33,0,0,4.636,71.701
2026-07-03 21:47:45,38,42,0,0,4.609,71.926
2026-07-03 21:49:12,40,44,0,0,4.588,72.038
2026-07-03 21:51:20,31,31,0,0,4.556,72.269
2026-07-03 21:52:47,29,31,0,0,4.529,72.66
2026-07-03 21:54:22,32,32,0,0,4.521,72.815
2026-07-03 21:55:53,28,30,0,0,4.505,73.129
2026-07-03 21:56:00,29,31,0,0,4.481,73.122
2026-07-03 21:56:20,33,34,0,0,4.5,73.213
2026-07-03 22:01:20,45,52,0,0,4.444,73.652
2026-07-03 22:06:20,32,32,0,0,4.388,74.14
2026-07-03 22:09:30,29,29,0,0,4.385,74.222
2026-07-03 22:11:20,23,25,0,0,4.374,74.461
2026-07-03 22:16:09,44,49,0,0,4.316,75.189
2026-07-03 22:16:20,43,46,0,0,4.329,75.209
2026-07-03 22:19:50,50,60,0,0,4.318,75.132
2026-07-03 22:21:20,41,43,0,0,4.326,75.168
2026-07-03 22:24:22,23,23,0,0,4.289,75.481
2026-07-03 22:26:20,23,24,0,0,4.31,75.567
2026-07-03 22:27:30,21,21,0,0,4.3,75.678
2026-07-03 22:31:20,21,23,0,0,4.286,75.706
2026-07-03 22:36:20,19,21,0,0,4.284,76.105
2026-07-03 22:36:30,21,23,0,0,4.273,76.099
2026-07-03 22:41:20,16,19,0,0,4.308,76.462
2026-07-03 22:41:30,18,20,0,0,4.286,76.49
2026-07-03 22:45:03,19,21,0,0,4.316,76.965
2026-07-03 22:46:20,16,16,0,0,4.358,76.86
2026-07-03 22:49:01,18,20,0,0,4.414,76.752
2026-07-03 22:51:00,16,17,0,0,4.438,76.656
2026-07-03 22:51:20,14,16,0,0,4.444,76.652
2026-07-03 22:56:20,24,24,0,0,4.532,76.523
2026-07-03 23:01:20,23,23,0,0,4.556,76.298
2026-07-03 23:06:20,29,30,0,0,4.588,76.267
2026-07-03 23:11:20,20,21,0,0,4.58,76.109
2026-07-03 23:16:20,20,24,0,0,4.561,76.147
2026-07-03 23:21:20,41,48,0,0,4.569,74.001
2026-07-03 23:26:20,46,55,0,0,4.487,71.699
2026-07-03 23:28:31,42,46,0,0,4.406,71.443
2026-07-03 23:31:20,38,45,0,0,4.321,71.752
2026-07-03 23:32:32,41,47,0,0,4.302,72.002
2026-07-03 23:36:20,46,53,0,0,4.153,72.09
2026-07-03 23:41:20,50,60,0,0,4.054,71.512
2026-07-03 23:43:31,48,57,0,0,3.987,71.441
2026-07-03 23:45:31,50,58,0,0,3.947,71.249
2026-07-03 23:46:20,46,52,0,0,3.923,71.193
2026-07-03 23:46:32,45,51,0,0,3.883,71.174
2026-07-03 23:48:02,51,61,0,0,3.846,71.031
2026-07-03 23:51:20,53,65,0,0,3.76,71.06
2026-07-03 23:56:20,59,74,0,0,3.595,71.163
2026-07-03 23:59:32,60,72,0,0,3.477,71.724
2026-07-04 00:01:20,55,67,0,0,3.466,72.601
2026-07-04 00:04:02,50,59,0,0,3.402,73.879
2026-07-04 00:06:20,47,54,0,0,3.378,74.02
2026-07-04 00:11:20,50,61,0,0,3.328,72.838
2026-07-04 00:12:37,52,60,0,0,3.314,72.737
2026-07-04 00:14:02,63,79,0,0,3.266,72.552
2026-07-04 00:16:20,72,88,0,0,3.223,72.519
2026-07-04 00:17:29,77,91,0,0,3.181,72.294
2026-07-04 00:21:20,67,86,0,0,3.061,71.874
2026-07-04 00:26:20,57,69,0,0,2.898,71.539
2026-07-04 00:31:20,50,60,0,0,2.759,71.697
2026-07-04 00:36:20,54,64,0,0,2.596,72.55
2026-07-04 00:40:18,52,63,0,0,2.508,72.761
2026-07-04 00:41:20,56,67,0,0,2.478,72.889
2026-07-04 00:42:32,56,66,0,0,2.457,73.044
2026-07-04 00:46:20,58,68,0,0,2.404,73.482
2026-07-04 00:49:04,54,64,0,0,2.385,73.746
2026-07-04 00:51:21,54,64,0,0,2.31,73.702
2026-07-04 00:54:03,57,66,0,0,2.273,73.759
2026-07-04 00:55:32,55,67,0,0,2.259,73.824
2026-07-04 00:56:20,57,66,0,0,2.214,73.829
2026-07-04 00:56:33,55,64,0,0,2.219,73.847
2026-07-04 00:59:33,53,63,0,0,2.139,74.016
2026-07-04 01:01:03,52,62,0,0,2.083,74.156
2026-07-04 01:01:20,54,63,0,0,2.059,74.173
2026-07-04 01:03:33,53,64,0,0,2.041,74.249
2026-07-04 01:05:14,52,63,0,0,1.992,74.358
2026-07-04 01:06:20,52,63,0,0,1.944,74.528
2026-07-04 01:11:20,53,64,0,0,1.864,74.371
2026-07-04 01:12:09,55,66,0,0,1.883,74.35
2026-07-04 01:14:33,58,70,0,0,1.822,74.787
2026-07-04 01:16:20,61,72,0,0,1.798,75.029
2026-07-04 01:17:09,60,73,0,0,1.779,75.111
2026-07-04 01:19:51,57,68,0,0,1.741,75.231
2026-07-04 01:21:20,58,68,0,0,1.715,75.262
2026-07-04 01:22:35,58,69,0,0,1.717,75.294
2026-07-04 01:24:18,63,77,0,0,1.717,75.331
2026-07-04 01:26:20,69,86,0,0,1.691,75.42
2026-07-04 01:27:17,72,89,0,0,1.704,75.39
2026-07-04 01:31:21,58,70,0,0,1.643,74.894
2026-07-04 01:33:24,57,68,0,0,1.613,74.779
2026-07-04 01:36:20,53,63,0,0,1.555,74.562
2026-07-04 01:41:20,48,58,0,0,1.45,74.737
2026-07-04 01:42:03,48,54,0,0,1.426,74.882
2026-07-04 01:42:18,47,53,0,0,1.421,74.962
2026-07-04 01:43:33,50,56,0,0,1.41,75.319
2026-07-04 01:45:34,48,53,0,0,1.368,75.607
2026-07-04 01:46:20,48,55,0,0,1.362,75.781
2026-07-04 01:47:04,45,49,0,0,1.336,75.882
2026-07-04 01:47:35,45,56,0,0,1.362,75.977
2026-07-04 01:50:35,50,56,0,0,1.32,76.496
2026-07-04 01:51:20,46,53,0,0,1.312,77.061
2026-07-04 01:52:37,48,54,0,0,1.336,77.333
2026-07-04 01:56:20,44,46,0,0,1.386,77.625
2026-07-04 02:01:20,45,53,0,0,1.517,76.759
2026-07-04 02:05:25,48,56,0,0,1.565,76.103
2026-07-04 02:06:04,47,55,0,0,1.544,76.086
2026-07-04 02:06:20,47,55,0,0,1.565,76.061
2026-07-04 02:06:41,48,62,0,0,1.576,76.065
2026-07-04 02:07:04,47,56,0,0,1.541,76.033
2026-07-04 02:08:13,46,54,0,0,1.552,76.017
2026-07-04 02:09:26,47,55,0,0,1.549,75.901
2026-07-04 02:10:25,45,52,0,0,1.544,75.779
2026-07-04 02:11:20,46,54,0,0,1.538,75.674
2026-07-04 02:16:10,52,62,0,0,1.49,75.138
2026-07-04 02:16:20,49,57,0,0,1.493,75.134
2026-07-04 02:16:22,47,57,0,0,1.49,75.128
2026-07-04 02:17:10,52,63,0,0,1.464,75.147
2026-07-04 02:17:14,52,63,0,0,1.464,75.161
2026-07-04 02:17:18,52,63,0,0,1.469,75.186
2026-07-04 02:17:23,51,62,0,0,1.453,75.178
2026-07-04 02:17:35,49,57,0,0,1.48,75.228
2026-07-04 02:18:03,53,63,0,0,1.421,75.262
2026-07-04 02:18:07,54,64,0,0,1.448,75.279
2026-07-04 02:18:13,54,64,0,0,1.437,75.291
2026-07-04 02:18:17,53,65,0,0,1.421,75.294
2026-07-04 02:18:21,53,62,0,0,1.432,75.291
2026-07-04 02:18:29,52,62,0,0,1.44,75.331
2026-07-04 02:18:35,49,57,0,0,1.418,75.332
2026-07-04 02:18:39,49,55,0,0,1.424,75.338
2026-07-04 02:18:45,47,54,0,0,1.416,75.361
2026-07-04 02:19:09,51,61,0,0,1.41,75.403
2026-07-04 02:19:13,51,60,0,0,1.424,75.415
2026-07-04 02:19:18,50,61,0,0,1.424,75.397
2026-07-04 02:19:26,51,62,0,0,1.413,75.415
2026-07-04 02:19:54,48,54,0,0,1.418,75.39
2026-07-04 02:19:57,48,54,0,0,1.413,75.382
2026-07-04 02:20:03,47,55,0,0,1.392,75.355
2026-07-04 02:20:07,48,57,0,0,1.4,75.357
2026-07-04 02:20:10,47,56,0,0,1.392,75.369
2026-07-04 02:20:30,48,54,0,0,1.4,75.346
2026-07-04 02:20:40,47,54,0,0,1.381,75.34
2026-07-04 02:20:43,47,54,0,0,1.381,75.331
2026-07-04 02:21:13,47,55,0,0,1.365,75.367
2026-07-04 02:21:20,48,57,0,0,1.354,75.395
2026-07-04 02:21:25,49,58,0,0,1.354,75.388
2026-07-04 02:21:56,49,57,0,0,1.365,75.424
2026-07-04 02:22:00,49,57,0,0,1.346,75.434
2026-07-04 02:22:09,49,57,0,0,1.338,75.413
2026-07-04 02:22:30,49,58,0,0,1.336,75.493
2026-07-04 02:22:46,49,55,0,0,1.338,75.468
2026-07-04 02:22:58,48,56,0,0,1.341,75.451
2026-07-04 02:23:12,48,56,0,0,1.33,75.437
2026-07-04 02:23:58,47,55,0,0,1.312,75.384
2026-07-04 02:26:20,49,59,0,0,1.282,75.563
2026-07-04 02:26:51,49,56,0,0,1.261,75.617
2026-07-04 02:28:56,51,63,0,0,1.223,75.233
2026-07-04 02:30:19,46,50,0,0,1.189,74.953
2026-07-04 02:31:20,49,56,0,0,1.154,74.856
2026-07-04 02:32:37,47,51,0,0,1.095,74.964
2026-07-04 02:36:20,47,56,0,0,0.994,75.554
2026-07-04 02:36:45,48,53,0,0,0.986,75.601
2026-07-04 02:38:20,49,55,0,0,0.954,75.924
2026-07-04 02:41:20,49,59,0,0,0.866,76.156
2026-07-04 02:44:08,49,56,0,0,0.826,76.328
2026-07-04 02:46:20,48,54,0,0,0.791,76.475
2026-07-04 02:46:22,48,54,0,0,0.788,76.448
2026-07-04 02:51:08,48,53,0,0,0.681,76.614
2026-07-04 02:51:20,48,55,0,0,0.695,76.618
2026-07-04 02:51:38,45,51,0,0,0.697,76.641
2026-07-04 02:56:20,48,60,0,0,0.607,76.593
2026-07-04 02:58:27,49,56,0,0,0.553,76.818
2026-07-04 03:00:37,55,66,0,0,0.529,76.998
2026-07-04 03:01:21,52,62,0,0,0.492,77.07
2026-07-04 03:06:20,54,64,0,0,0.465,77.232
2026-07-04 03:08:08,50,58,0,0,0.449,77.236
2026-07-04 03:11:20,50,56,0,0,0.369,77.303
2026-07-04 03:16:20,48,57,0,0,0.299,77.6
2026-07-04 03:16:45,48,56,0,0,0.299,77.572
2026-07-04 03:17:48,49,58,0,0,0.313,77.558
2026-07-04 03:21:20,46,55,0,0,0.235,77.56
2026-07-04 03:21:27,46,56,0,0,0.227,77.555
2026-07-04 03:26:21,47,52,0,0,0.15,77.736
2026-07-04 03:29:08,47,54,0,0,0.139,77.938
2026-07-04 03:31:21,46,51,0,0,0.147,78.18
2026-07-04 03:32:23,47,53,0,0,0.129,78.371
2026-07-04 03:33:54,46,52,0,0,0.147,78.564
2026-07-04 03:36:20,47,54,0,0,0.15,78.916
2026-07-04 03:37:05,49,55,0,0,0.15,78.998
2026-07-04 03:41:20,45,52,0,0,0.182,78.894
2026-07-04 03:41:29,45,53,0,0,0.219,78.892
2026-07-04 03:44:11,49,55,0,0,0.235,78.636
2026-07-04 03:46:21,53,63,0,0,0.241,78.602
2026-07-04 03:46:38,55,66,0,0,0.214,78.615
2026-07-04 03:49:08,50,60,0,0,0.246,78.575
2026-07-04 03:51:21,56,66,0,0,0.235,78.644
2026-07-04 03:51:23,57,67,0,0,0.209,78.625
2026-07-04 03:55:55,54,64,0,0,0.219,79.031
2026-07-04 03:56:21,54,64,0,0,0.211,78.987
2026-07-04 03:56:33,55,64,0,0,0.219,78.977
2026-07-04 03:58:39,54,64,0,0,0.23,78.873
2026-07-04 04:01:21,57,68,0,0,0.214,79.101
2026-07-04 04:03:58,57,70,0,0,0.198,79.548
2026-07-04 04:06:21,53,63,0,0,0.209,79.576
2026-07-04 04:11:20,50,63,0,0,0.225,79.374
2026-07-04 04:11:38,52,65,0,0,0.219,79.37
2026-07-04 04:11:57,50,60,0,0,0.209,79.325
2026-07-04 04:16:20,47,55,0,0,0.177,78.594
2026-07-04 04:18:36,45,49,0,0,0.161,78.405
2026-07-04 04:21:21,48,54,0,0,0.097,78.167
2026-07-04 04:26:21,45,48,0,0,-0.005,77.803
2026-07-04 04:27:17,45,51,0,0,-0.018,77.831
2026-07-04 04:31:21,42,46,0,0,-0.096,78.043
2026-07-04 04:31:23,45,48,0,0,-0.098,78.045
2026-07-04 04:36:21,42,47,0,0,-0.197,77.524
2026-07-04 04:39:04,43,49,0,0,-0.229,77.412
2026-07-04 04:40:23,45,49,0,0,-0.283,77.396
2026-07-04 04:41:21,45,46,0,0,-0.301,77.431
2026-07-04 04:44:37,43,44,0,0,-0.371,77.835
2026-07-04 04:46:21,42,44,0,0,-0.4,77.976
2026-07-04 04:47:10,41,47,0,0,-0.411,78.026
2026-07-04 04:51:21,47,51,0,0,-0.467,78.203
2026-07-04 04:56:21,46,51,0,0,-0.528,78.52
2026-07-04 04:56:40,46,52,0,0,-0.523,78.552
2026-07-04 04:57:11,49,55,0,0,-0.547,78.6
2026-07-04 05:01:21,48,56,0,0,-0.587,78.628
2026-07-04 05:06:21,53,64,0,0,-0.63,78.876
2026-07-04 05:08:40,54,64,0,0,-0.651,78.892
2026-07-04 05:11:21,54,64,0,0,-0.678,78.934
2026-07-04 05:15:40,51,60,0,0,-0.721,79.183
2026-07-04 05:16:21,45,50,0,0,-0.747,79.122
2026-07-04 05:21:21,43,45,0,0,-0.801,79.147
2026-07-04 05:26:21,46,50,0,0,-0.835,79.712
2026-07-04 05:31:21,48,53,0,0,-0.817,80.11
2026-07-04 05:36:21,46,50,0,0,-0.782,79.758
2026-07-04 05:37:08,49,53,0,0,-0.819,79.67
2026-07-04 05:37:17,49,56,0,0,-0.801,79.66
2026-07-04 05:37:56,47,54,0,0,-0.779,79.569
2026-07-04 05:38:40,47,52,0,0,-0.795,79.466
2026-07-04 05:38:48,48,53,0,0,-0.785,79.475
2026-07-04 05:39:23,47,52,0,0,-0.785,79.395
2026-07-04 05:40:39,47,50,0,0,-0.801,79.218
2026-07-04 05:40:46,46,50,0,0,-0.795,79.26
2026-07-04 05:41:12,48,52,0,0,-0.822,79.222
2026-07-04 05:41:21,47,52,0,0,-0.806,79.204
2026-07-04 05:41:22,47,52,0,0,-0.806,79.204
2026-07-04 05:41:26,47,50,0,0,-0.843,79.197
2026-07-04 05:41:40,48,52,0,0,-0.817,79.189
2026-07-04 05:41:56,46,49,0,0,-0.83,79.197
2026-07-04 05:42:01,46,49,0,0,-0.825,79.195
2026-07-04 05:42:09,47,53,0,0,-0.822,79.201
2026-07-04 05:42:36,47,54,0,0,-0.822,79.227
2026-07-04 05:42:51,45,51,0,0,-0.843,79.229
2026-07-04 05:43:22,46,49,0,0,-0.838,79.275
2026-07-04 05:43:34,46,50,0,0,-0.846,79.294
2026-07-04 05:46:21,47,53,0,0,-0.87,79.351
2026-07-04 05:48:44,50,57,0,0,-0.886,79.576
2026-07-04 05:51:21,54,65,0,0,-0.892,80.007
2026-07-04 05:53:44,59,73,0,0,-0.865,80.322
2026-07-04 05:54:57,61,74,0,0,-0.833,80.33
2026-07-04 05:55:02,62,74,0,0,-0.881,80.322
2026-07-04 05:55:13,60,72,0,0,-0.873,80.307
2026-07-04 05:55:28,62,75,0,0,-0.862,80.305
2026-07-04 05:55:36,61,74,0,0,-0.875,80.294
2026-07-04 05:55:49,63,75,0,0,-0.849,80.28
2026-07-04 05:55:54,63,74,0,0,-0.875,80.276
2026-07-04 05:55:58,63,73,0,0,-0.873,80.28
2026-07-04 05:56:10,61,73,0,0,-0.846,80.297
2026-07-04 05:56:14,60,72,0,0,-0.851,80.259
2026-07-04 05:56:20,61,73,0,0,-0.859,80.271
2026-07-04 05:56:21,60,72,0,0,-0.881,80.275
2026-07-04 05:56:48,62,73,0,0,-0.857,80.217
2026-07-04 05:56:52,62,72,0,0,-0.854,80.221
2026-07-04 06:01:06,60,72,0,0,-0.817,79.946
2026-07-04 06:01:10,60,70,0,0,-0.811,79.964
2026-07-04 06:01:19,59,70,0,0,-0.827,79.956
2026-07-04 06:01:21,60,70,0,0,-0.798,79.969
2026-07-04 06:01:50,60,72,0,0,-0.798,80.034
2026-07-04 06:01:53,62,72,0,0,-0.811,80.023
2026-07-04 06:01:57,61,73,0,0,-0.822,80.038
2026-07-04 06:02:31,63,73,0,0,-0.806,80.08
2026-07-04 06:02:36,64,76,0,0,-0.811,80.084
2026-07-04 06:02:44,63,75,0,0,-0.793,80.107
2026-07-04 06:03:33,63,74,0,0,-0.819,80.137
2026-07-04 06:05:48,60,70,0,0,-0.769,80.076
2026-07-04 06:05:52,60,70,0,0,-0.803,80.067
2026-07-04 06:05:58,59,69,0,0,-0.79,80.072
2026-07-04 06:06:12,60,72,0,0,-0.809,80.078
2026-07-04 06:06:15,60,72,0,0,-0.803,80.049
2026-07-04 06:06:21,60,72,0,0,-0.806,80.084
2026-07-04 06:06:35,60,73,0,0,-0.774,80.086
2026-07-04 06:11:22,54,66,0,0,-0.779,79.948
2026-07-04 06:11:24,54,66,0,0,-0.763,79.929
2026-07-04 06:15:28,57,67,0,0,-0.787,80.034
2026-07-04 06:16:21,55,67,0,0,-0.787,80.097
2026-07-04 06:16:48,57,69,0,0,-0.782,80.101
2026-07-04 06:17:06,59,69,0,0,-0.795,80.101
2026-07-04 06:17:21,56,66,0,0,-0.801,80.082
2026-07-04 06:17:33,56,66,0,0,-0.793,80.091
2026-07-04 06:18:03,56,66,0,0,-0.801,80.074
2026-07-04 06:18:23,53,66,0,0,-0.801,80.091
2026-07-04 06:18:40,56,68,0,0,-0.809,80.08
2026-07-04 06:18:45,56,66,0,0,-0.806,80.109
2026-07-04 06:18:55,52,65,0,0,-0.803,80.097
2026-07-04 06:19:03,50,60,0,0,-0.809,80.105
2026-07-04 06:19:18,52,65,0,0,-0.795,80.114
2026-07-04 06:19:40,56,64,0,0,-0.809,80.189
2026-07-04 06:20:12,55,65,0,0,-0.785,80.288
2026-07-04 06:20:17,53,62,0,0,-0.803,80.303
2026-07-04 06:20:33,51,60,0,0,-0.785,80.357
2026-07-04 06:20:35,50,60,0,0,-0.787,80.357
2026-07-04 06:20:42,52,65,0,0,-0.79,80.395
2026-07-04 06:20:45,53,65,0,0,-0.801,80.402
2026-07-04 06:21:03,53,61,0,0,-0.777,80.481
2026-07-04 06:21:11,53,60,0,0,-0.798,80.517
2026-07-04 06:21:21,53,62,0,0,-0.801,80.496
2026-07-04 06:21:23,54,62,0,0,-0.79,80.519
2026-07-04 06:21:31,52,63,0,0,-0.795,80.53
2026-07-04 06:21:40,50,60,0,0,-0.774,80.538
2026-07-04 06:21:42,51,59,0,0,-0.798,80.517
2026-07-04 06:21:53,51,61,0,0,-0.787,80.513
2026-07-04 06:21:58,50,60,0,0,-0.777,80.484
2026-07-04 06:22:46,49,55,0,0,-0.763,80.316
2026-07-04 06:22:55,47,52,0,0,-0.801,80.307
2026-07-04 06:23:04,47,50,0,0,-0.779,80.259
2026-07-04 06:23:11,47,52,0,0,-0.774,80.254
2026-07-04 06:23:29,47,51,0,0,-0.769,80.187
2026-07-04 06:23:38,47,53,0,0,-0.777,80.151
2026-07-04 06:23:43,49,54,0,0,-0.785,80.187
2026-07-04 06:23:52,47,54,0,0,-0.755,80.151
2026-07-04 06:23:59,47,53,0,0,-0.782,80.135
2026-07-04 06:24:04,47,50,0,0,-0.771,80.107
2026-07-04 06:24:11,47,50,0,0,-0.779,80.112
2026-07-04 06:24:23,49,53,0,0,-0.782,80.097
2026-07-04 06:24:27,48,54,0,0,-0.774,80.069
2026-07-04 06:24:45,47,53,0,0,-0.771,80.038
2026-07-04 06:24:49,47,53,0,0,-0.774,80.048
2026-07-04 06:24:56,48,53,0,0,-0.782,80.053
2026-07-04 06:25:00,50,55,0,0,-0.769,80.027
2026-07-04 06:25:05,50,58,0,0,-0.785,80.013
2026-07-04 06:25:18,52,58,0,0,-0.785,80.017
2026-07-04 06:25:23,51,57,0,0,-0.763,80.053
2026-07-04 06:25:27,51,57,0,0,-0.771,80.048
2026-07-04 06:25:33,52,59,0,0,-0.774,80.034
2026-07-04 06:25:35,53,60,0,0,-0.761,80.048
2026-07-04 06:25:37,54,61,0,0,-0.774,80.051
2026-07-04 06:25:46,56,64,0,0,-0.758,80.088
2026-07-04 06:26:01,54,64,0,0,-0.769,80.114
2026-07-04 06:26:08,53,65,0,0,-0.779,80.128
2026-07-04 06:26:17,52,59,0,0,-0.785,80.185
2026-07-04 06:26:21,50,59,0,0,-0.779,80.173
2026-07-04 06:26:33,51,60,0,0,-0.777,80.242
2026-07-04 06:26:44,52,61,0,0,-0.758,80.29
2026-07-04 06:26:49,52,60,0,0,-0.761,80.295
2026-07-04 06:26:52,52,61,0,0,-0.763,80.318
2026-07-04 06:26:55,51,60,0,0,-0.761,80.303
2026-07-04 06:27:32,51,59,0,0,-0.75,80.387
2026-07-04 06:27:38,51,61,0,0,-0.771,80.37
2026-07-04 06:28:12,52,62,0,0,-0.734,80.393
2026-07-04 06:28:15,52,62,0,0,-0.758,80.393
2026-07-04 06:28:20,50,62,0,0,-0.755,80.383
2026-07-04 06:28:25,50,60,0,0,-0.769,80.378
2026-07-04 06:28:55,50,56,0,0,-0.755,80.402
2026-07-04 06:29:02,47,53,0,0,-0.761,80.416
2026-07-04 06:29:07,46,50,0,0,-0.763,80.402
2026-07-04 06:29:38,47,50,0,0,-0.734,80.463
2026-07-04 06:29:43,47,51,0,0,-0.734,80.494
2026-07-04 06:30:16,49,54,0,0,-0.753,80.5
2026-07-04 06:30:24,50,58,0,0,-0.734,80.509
2026-07-04 06:31:01,50,56,0,0,-0.729,80.53
2026-07-04 06:31:22,50,56,0,0,-0.742,80.578
2026-07-04 06:31:37,47,52,0,0,-0.726,80.597
2026-07-04 06:31:51,49,56,0,0,-0.718,80.658
2026-07-04 06:31:55,49,58,0,0,-0.71,80.643
2026-07-04 06:32:02,49,58,0,0,-0.718,80.664
2026-07-04 06:32:26,52,62,0,0,-0.723,80.744
2026-07-04 06:32:38,52,61,0,0,-0.742,80.744
2026-07-04 06:33:16,49,58,0,0,-0.718,80.868
2026-07-04 06:33:42,50,58,0,0,-0.721,80.864
2026-07-04 06:33:48,51,59,0,0,-0.718,80.843
2026-07-04 06:33:54,50,59,0,0,-0.718,80.881
2026-07-04 06:34:24,49,54,0,0,-0.71,80.881
2026-07-04 06:35:01,50,56,0,0,-0.71,80.891
2026-07-04 06:35:04,50,57,0,0,-0.689,80.906
2026-07-04 06:35:10,50,59,0,0,-0.683,80.91
2026-07-04 06:35:44,50,56,0,0,-0.683,80.913
2026-07-04 06:35:46,50,56,0,0,-0.689,80.902
2026-07-04 06:35:51,50,56,0,0,-0.694,80.904
2026-07-04 06:36:01,49,55,0,0,-0.67,80.917
2026-07-04 06:36:22,49,53,0,0,-0.681,80.931
2026-07-04 06:36:26,47,53,0,0,-0.705,80.896
2026-07-04 06:36:33,48,52,0,0,-0.699,80.921
2026-07-04 06:37:08,50,57,0,0,-0.699,80.904
2026-07-04 06:37:24,50,56,0,0,-0.67,80.9
2026-07-04 06:37:49,46,52,0,0,-0.657,80.891
2026-07-04 06:37:54,45,51,0,0,-0.673,80.87
2026-07-04 06:38:05,46,53,0,0,-0.681,80.845
2026-07-04 06:38:29,48,58,0,0,-0.662,80.826
2026-07-04 06:38:33,50,60,0,0,-0.673,80.818
2026-07-04 06:38:35,50,61,0,0,-0.673,80.799
2026-07-04 06:38:48,49,59,0,0,-0.67,80.797
2026-07-04 06:39:08,49,58,0,0,-0.654,80.753
2026-07-04 06:39:13,47,56,0,0,-0.673,80.751
2026-07-04 06:39:16,47,54,0,0,-0.662,80.749
2026-07-04 06:39:49,47,54,0,0,-0.665,80.673
2026-07-04 06:39:55,47,54,0,0,-0.651,80.681
2026-07-04 06:40:03,49,56,0,0,-0.649,80.723
2026-07-04 06:40:29,48,52,0,0,-0.64,80.656
2026-07-04 06:40:38,50,58,0,0,-0.662,80.669
2026-07-04 06:40:47,51,60,0,0,-0.632,80.671
2026-07-04 06:41:12,51,60,0,0,-0.64,80.664
2026-07-04 06:41:17,49,58,0,0,-0.651,80.656
2026-07-04 06:41:22,49,57,0,0,-0.64,80.683
2026-07-04 06:41:59,48,55,0,0,-0.657,80.627
2026-07-04 06:42:17,46,52,0,0,-0.632,80.599
2026-07-04 06:42:34,48,53,0,0,-0.646,80.606
2026-07-04 06:42:42,47,52,0,0,-0.635,80.574
2026-07-04 06:42:51,49,53,0,0,-0.63,80.564
2026-07-04 06:43:03,50,55,0,0,-0.649,80.547
2026-07-04 06:43:17,49,56,0,0,-0.651,80.528
2026-07-04 06:43:51,47,53,0,0,-0.622,80.505
2026-07-04 06:44:01,48,54,0,0,-0.624,80.498
2026-07-04 06:44:36,47,51,0,0,-0.614,80.509
2026-07-04 06:44:42,47,51,0,0,-0.624,80.505
2026-07-04 06:44:44,45,48,0,0,-0.635,80.507
2026-07-04 06:45:26,48,51,0,0,-0.635,80.456
2026-07-04 06:46:06,43,44,0,0,-0.635,80.4
2026-07-04 06:46:22,40,41,0,0,-0.63,80.393
2026-07-04 06:46:43,39,42,0,0,-0.595,80.374
2026-07-04 06:46:58,43,47,0,0,-0.624,80.334
2026-07-04 06:47:27,42,45,0,0,-0.603,80.362
2026-07-04 06:48:01,43,49,0,0,-0.606,80.37
2026-07-04 06:48:10,43,47,0,0,-0.608,80.355
2026-07-04 06:48:22,44,44,0,0,-0.576,80.347
2026-07-04 06:48:41,43,48,0,0,-0.598,80.368
2026-07-04 06:48:51,46,47,0,0,-0.608,80.357
2026-07-04 06:48:57,46,49,0,0,-0.608,80.322
2026-07-04 06:50:08,47,53,0,0,-0.582,80.223
2026-07-04 06:50:42,46,49,0,0,-0.584,80.187
2026-07-04 06:51:21,46,50,0,0,-0.584,80.16
2026-07-04 06:51:22,46,50,0,0,-0.579,80.116
2026-07-04 06:51:25,46,50,0,0,-0.584,80.109
2026-07-04 06:51:34,46,49,0,0,-0.579,80.109
2026-07-04 06:52:02,48,58,0,0,-0.584,80.095
2026-07-04 06:52:07,50,60,0,0,-0.558,80.074
2026-07-04 06:52:17,51,60,0,0,-0.584,80.07
2026-07-04 06:52:43,53,61,0,0,-0.582,80.007
2026-07-04 06:52:47,51,58,0,0,-0.584,79.988
2026-07-04 06:53:28,46,52,0,0,-0.563,79.92
2026-07-04 06:53:30,46,52,0,0,-0.563,79.918
2026-07-04 06:53:34,47,51,0,0,-0.568,79.895
2026-07-04 06:54:09,47,55,0,0,-0.574,79.838
2026-07-04 06:54:49,59,72,0,0,-0.558,79.742
2026-07-04 06:55:01,61,74,0,0,-0.563,79.708
2026-07-04 06:55:27,57,70,0,0,-0.558,79.664
2026-07-04 06:55:33,57,72,0,0,-0.568,79.639
2026-07-04 06:56:11,59,70,0,0,-0.582,79.542
2026-07-04 06:56:22,56,68,0,0,-0.568,79.527
2026-07-04 06:56:57,57,66,0,0,-0.563,79.451
2026-07-04 06:57:11,57,67,0,0,-0.566,79.403
2026-07-04 06:57:15,58,68,0,0,-0.571,79.393
2026-07-04 06:57:18,58,68,0,0,-0.595,79.412
2026-07-04 06:57:26,56,67,0,0,-0.582,79.397
2026-07-04 06:57:54,56,65,0,0,-0.539,79.33
2026-07-04 06:57:59,53,60,0,0,-0.568,79.306
2026-07-04 06:58:21,50,57,0,0,-0.568,79.3
2026-07-04 06:58:25,47,56,0,0,-0.606,79.279
2026-07-04 06:58:31,46,53,0,0,-0.592,79.266
2026-07-04 06:58:36,43,50,0,0,-0.587,79.26
2026-07-04 06:58:40,43,48,0,0,-0.6,79.292
2026-07-04 07:00:01,55,67,0,0,-0.6,79.231
2026-07-04 07:00:04,57,70,0,0,-0.592,79.214
2026-07-04 07:00:12,61,76,0,0,-0.608,79.222
2026-07-04 07:00:17,65,79,0,0,-0.622,79.203
2026-07-04 07:00:37,74,92,0,0,-0.608,79.218
2026-07-04 07:00:42,72,89,0,0,-0.598,79.206
2026-07-04 07:01:10,60,72,0,0,-0.576,79.216
2026-07-04 07:01:15,60,71,0,0,-0.624,79.193
2026-07-04 07:01:22,59,71,0,0,-0.614,79.224
2026-07-04 07:01:39,55,68,0,0,-0.624,79.233
2026-07-04 07:06:23,38,41,0,0,-0.632,79.552
2026-07-04 07:11:23,38,38,0,0,-0.657,79.481
2026-07-04 07:16:24,48,55,0,0,-0.707,78.865
2026-07-04 07:16:26,47,55,0,0,-0.686,78.882
2026-07-04 07:21:15,52,62,0,0,-0.782,78.867
2026-07-04 07:21:22,53,64,0,0,-0.771,78.865
2026-07-04 07:22:57,54,62,0,0,-0.801,78.937
2026-07-04 07:24:26,46,50,0,0,-0.838,79.01
2026-07-04 07:26:22,50,55,0,0,-0.865,79.101
2026-07-04 07:26:27,49,55,0,0,-0.859,79.103
2026-07-04 07:30:19,41,43,0,0,-0.9,79.052
2026-07-04 07:31:23,44,48,0,0,-0.942,78.895
2026-07-04 07:32:44,43,51,0,0,-0.953,78.674
2026-07-04 07:34:26,40,40,0,0,-0.988,78.573
2026-07-04 07:36:23,39,40,0,0,-1.028,78.665
2026-07-04 07:40:49,91,104,0,0,-1.11,79.056
2026-07-04 07:40:56,95,105,0,0,-1.102,79.082
2026-07-04 07:41:23,106,112,0,0,-1.132,79.138
2026-07-04 07:42:32,75,93,0,0,-1.132,79.281
2026-07-04 07:44:07,67,84,0,0,-1.161,79.491
2026-07-04 07:46:23,70,87,0,0,-1.164,79.641
2026-07-04 07:48:27,72,88,0,0,-1.132,79.706
2026-07-04 07:49:12,67,83,0,0,-1.143,79.706
2026-07-04 07:50:57,63,76,0,0,-1.14,79.746
2026-07-04 07:51:23,62,76,0,0,-1.137,79.779
2026-07-04 07:51:56,62,73,0,0,-1.156,79.763
2026-07-04 07:54:53,65,78,0,0,-1.092,79.55
2026-07-04 07:56:23,65,78,0,0,-1.06,79.464
2026-07-04 07:59:33,67,80,0,0,-1.084,79.264
2026-07-04 08:00:18,66,79,0,0,-1.054,79.22
2026-07-04 08:01:23,64,78,0,0,-1.078,79.187
2026-07-04 08:01:41,64,79,0,0,-1.089,79.189
2026-07-04 08:02:27,66,79,0,0,-1.065,79.176
2026-07-04 08:02:37,66,81,0,0,-1.06,79.187
2026-07-04 08:06:23,65,79,0,0,-1.086,79.115
2026-07-04 08:07:27,59,70,0,0,-1.078,79.101
2026-07-04 08:11:23,57,69,0,0,-1.116,79.121
2026-07-04 08:13:35,51,58,0,0,-1.105,79.206
2026-07-04 08:16:23,49,57,0,0,-1.143,79.441
2026-07-04 08:18:00,55,67,0,0,-1.113,79.689
2026-07-04 08:20:03,58,68,0,0,-1.004,80.053
2026-07-04 08:21:23,56,68,0,0,-0.857,79.977
2026-07-04 08:23:49,58,68,0,0,-0.496,79.584
2026-07-04 08:26:23,58,68,0,0,-0.042,78.812
2026-07-04 08:26:29,57,68,0,0,-0.021,78.773
2026-07-04 08:27:05,56,66,0,0,0.072,78.646
2026-07-04 08:28:32,59,72,0,0,0.321,78.222
2026-07-04 08:29:49,62,75,0,0,0.583,77.782
2026-07-04 08:29:57,60,71,0,0,0.62,77.747
2026-07-04 08:31:23,61,73,0,0,0.868,77.31
2026-07-04 08:36:23,56,68,0,0,1.437,75.359
2026-07-04 08:41:23,70,84,0,0,1.645,74.104
2026-07-04 08:46:23,60,73,0,0,1.637,74.108
2026-07-04 08:51:23,63,78,0,0,1.651,73.936
2026-07-04 08:53:51,61,76,0,0,1.645,74.15
2026-07-04 08:54:26,66,83,0,0,1.624,74.182
2026-07-04 08:55:58,59,73,0,0,1.643,74.373
2026-07-04 08:56:23,64,76,0,0,1.64,74.423
2026-07-04 08:57:33,65,78,0,0,1.643,74.636
2026-07-04 09:00:58,62,74,0,0,1.704,75.214
2026-07-04 09:01:23,59,70,0,0,1.701,75.262
2026-07-04 09:06:23,57,69,0,0,1.918,75.792
2026-07-04 09:11:23,58,72,0,0,2.147,75.939
2026-07-04 09:15:58,56,65,0,0,2.396,76.42
2026-07-04 09:16:23,57,66,0,0,2.409,76.42
2026-07-04 09:18:45,54,64,0,0,2.556,76.49
2026-07-04 09:20:00,55,66,0,0,2.628,76.38
2026-07-04 09:21:23,56,66,0,0,2.735,76.198
2026-07-04 09:24:03,63,78,0,0,2.908,75.817
2026-07-04 09:26:00,64,79,0,0,3.031,75.641
2026-07-04 09:26:23,64,76,0,0,3.037,75.634
2026-07-04 09:30:00,68,83,0,0,3.269,75.157
2026-07-04 09:31:23,67,81,0,0,3.357,74.9
2026-07-04 09:36:05,63,79,0,0,3.565,73.696
2026-07-04 09:36:23,60,74,0,0,3.584,73.622
2026-07-04 09:41:23,54,65,0,0,3.766,72.166
2026-07-04 09:43:01,59,69,0,0,3.835,71.987
2026-07-04 09:46:23,57,70,0,0,3.915,71.827
2026-07-04 09:50:51,56,67,0,0,4.083,71.455
2026-07-04 09:51:23,54,67,0,0,4.094,71.434
2026-07-04 09:53:30,57,68,0,0,4.185,71.403
2026-07-04 09:56:08,57,69,0,0,4.297,71.111
2026-07-04 09:56:12,57,68,0,0,4.308,71.081
2026-07-04 09:56:23,57,68,0,0,4.326,71.134
2026-07-04 10:01:23,57,69,0,0,4.553,70.989
2026-07-04 10:06:23,51,60,0,0,4.818,70.654
2026-07-04 10:07:33,54,63,0,0,4.895,70.61
2026-07-04 10:08:08,53,62,0,0,4.94,70.74
2026-07-04 10:10:08,55,66,0,0,5.066,70.442
2026-07-04 10:11:12,53,64,0,0,5.159,70.293
2026-07-04 10:11:15,53,64,0,0,5.157,70.308
2026-07-04 10:11:23,53,66,0,0,5.149,70.253
2026-07-04 10:12:00,57,69,0,0,5.224,70.165
2026-07-04 10:12:17,57,69,0,0,5.226,70.099
2026-07-04 10:13:46,54,67,0,0,5.354,69.742
2026-07-04 10:16:23,52,61,0,0,5.557,69.624
2026-07-04 10:18:59,52,64,0,0,5.75,69.282
2026-07-04 10:19:38,54,64,0,0,5.798,69.04
2026-07-04 10:20:20,53,63,0,0,5.851,68.945
2026-07-04 10:21:02,56,66,0,0,5.904,68.859
2026-07-04 10:21:23,53,63,0,0,5.923,68.744
2026-07-04 10:26:24,55,66,0,0,6.268,67.499
2026-07-04 10:31:23,55,68,0,0,6.564,66.528
2026-07-04 10:35:48,56,68,0,0,6.842,65.691
2026-07-04 10:36:23,59,71,0,0,6.826,65.818
2026-07-04 10:36:25,58,71,0,0,6.855,65.859
2026-07-04 10:38:47,57,68,0,0,6.991,65.668
2026-07-04 10:41:23,58,70,0,0,7.149,65.469
2026-07-04 10:42:01,55,69,0,0,7.184,65.382
2026-07-04 10:46:02,55,67,0,0,7.48,65.002
2026-07-04 10:46:23,55,67,0,0,7.509,65.094
2026-07-04 10:46:25,55,67,0,0,7.509,65.09
2026-07-04 10:51:23,50,60,0,0,7.864,63.812
2026-07-04 10:56:23,43,50,0,0,8.257,62.614
2026-07-04 10:58:33,43,51,0,0,8.391,62.235
2026-07-04 11:00:32,46,53,0,0,8.543,62.297
2026-07-04 11:01:23,43,52,0,0,8.572,62.076
2026-07-04 11:06:23,49,58,0,0,8.965,61.592
2026-07-04 11:06:53,50,58,0,0,9.01,61.639
2026-07-04 11:11:23,50,61,0,0,9.421,60.499
2026-07-04 11:11:56,56,66,0,0,9.475,60.381
2026-07-04 11:12:32,57,71,0,0,9.509,60.341
2026-07-04 11:16:02,62,76,0,0,9.843,59.433
2026-07-04 11:16:23,57,69,0,0,9.91,59.354
2026-07-04 11:21:23,43,51,0,0,10.372,57.334
2026-07-04 11:25:33,37,42,0,0,10.754,55.894
2026-07-04 11:26:23,36,41,0,0,10.821,55.702
2026-07-04 11:31:03,35,39,0,0,11.258,54.098
2026-07-04 11:31:23,33,34,0,0,11.288,53.945
2026-07-04 11:35:03,36,39,0,0,11.846,52.364
2026-07-04 11:36:23,33,36,0,0,12.065,51.704
2026-07-04 11:39:32,39,45,0,0,12.799,49.205
2026-07-04 11:41:23,38,43,0,0,13.291,48.534
2026-07-04 11:46:23,23,23,0,0,14.634,43.771
2026-07-04 11:47:32,20,20,0,0,14.938,42.844
2026-07-04 11:50:03,18,19,0,0,15.539,41.601
2026-07-04 11:51:23,18,19,0,0,15.811,40.742
2026-07-04 11:52:53,25,25,0,0,16.132,40.246
2026-07-04 11:56:24,25,25,0,0,16.834,38.684
2026-07-04 11:56:33,26,26,0,0,16.872,38.629
2026-07-04 11:59:33,24,26,0,0,17.317,37.549
2026-07-04 12:01:23,24,25,0,0,17.587,37.284
2026-07-04 12:02:33,20,24,0,0,17.689,37.156
2026-07-04 12:06:23,15,16,0,0,18.188,35.407
2026-07-04 12:11:23,24,26,0,0,18.746,34.82
2026-07-04 12:16:23,19,19,0,0,19.213,33.45
2026-07-04 12:18:04,24,24,0,0,19.291,33.439
2026-07-04 12:21:23,22,23,0,0,19.331,32.977
2026-07-04 12:26:03,23,23,0,0,19.31,32.443
2026-07-04 12:26:09,24,24,0,0,19.28,32.495
2026-07-04 12:26:23,23,23,0,0,19.291,32.481
2026-07-04 12:26:40,22,22,0,0,19.267,32.55
2026-07-04 12:28:27,25,25,0,0,19.264,32.979
2026-07-04 12:31:23,14,14,0,0,19.48,31.896
2026-07-04 12:36:14,13,14,0,0,20.177,31.119
2026-07-04 12:36:23,13,14,0,0,20.183,31.058
2026-07-04 12:40:34,14,15,0,0,20.786,30.286
2026-07-04 12:41:23,9,11,0,0,20.88,29.719
2026-07-04 12:46:23,12,14,0,0,21.31,28.716
2026-07-04 12:49:34,8,8,0,0,21.526,28.016
2026-07-04 12:50:26,4,4,0,0,21.553,27.482
2026-07-04 12:51:23,5,6,0,0,21.587,27.33
2026-07-04 12:53:16,7,7,0,0,21.539,26.849
2026-07-04 12:56:23,9,9,0,0,21.238,26.944
2026-07-04 13:00:19,11,12,0,0,20.663,27.48
2026-07-04 13:01:23,6,6,0,0,20.509,27.209
2026-07-04 13:06:23,2,2,0,0,19.902,27.083
2026-07-04 13:07:56,3,3,0,0,19.796,27.251
2026-07-04 13:09:39,6,6,0,0,19.617,27.803
2026-07-04 13:11:23,7,7,0,0,19.47,27.892
2026-07-04 13:11:26,7,7,0,0,19.462,27.896
2026-07-04 13:14:35,5,5,0,0,19.24,27.869
2026-07-04 13:16:23,4,4,0,0,19.115,27.841
2026-07-04 13:21:23,3,3,0,0,18.92,28.182
2026-07-04 13:24:35,1,1,0,0,18.853,27.963
2026-07-04 13:26:23,3,4,0,0,18.837,28.079
2026-07-04 13:27:04,2,3,0,0,18.826,28.218
2026-07-04 13:31:23,3,5,0,0,18.631,28.434
2026-07-04 13:36:24,7,7,0,0,18.324,29.065
2026-07-04 13:41:24,3,3,0,0,17.956,29.502
2026-07-04 13:46:24,7,7,0,0,17.595,30.313
2026-07-04 13:51:23,3,4,0,0,17.251,30.725
2026-07-04 13:56:23,3,4,0,0,16.906,31.524
2026-07-04 13:58:35,16,16,0,0,16.778,31.728
2026-07-04 14:01:23,5,6,0,0,16.621,32.163
2026-07-04 14:06:23,3,3,0,0,16.423,32.386
2026-07-04 14:11:23,3,4,0,0,16.249,32.725
2026-07-04 14:16:06,5,5,0,0,16.191,33.065
2026-07-04 14:16:24,6,7,0,0,16.183,33.09
2026-07-04 14:20:36,5,5,0,0,16.092,33.445
2026-07-04 14:21:24,5,5,0,0,16.086,33.544
2026-07-04 14:22:35,5,5,0,0,16.054,33.511
2026-07-04 14:25:36,5,6,0,0,16.012,34.002
2026-07-04 14:26:24,4,4,0,0,16.014,34.011
2026-07-04 14:31:05,20,22,0,0,15.94,34.345
2026-07-04 14:31:24,17,17,0,0,15.926,34.291
2026-07-04 14:32:06,5,6,0,0,15.934,34.093
2026-07-04 14:36:06,7,8,0,0,16.012,34.303
2026-07-04 14:36:24,8,8,0,0,16.009,34.345
2026-07-04 14:36:36,8,8,0,0,16.022,34.373
2026-07-04 14:38:06,15,15,0,0,16.049,34.463
2026-07-04 14:41:24,22,22,0,0,16.038,34.747
2026-07-04 14:46:24,7,7,0,0,16.076,35.32
2026-07-04 14:49:36,15,17,0,0,16.001,35.926
2026-07-04 14:51:24,2,2,0,0,15.972,36.271
2026-07-04 14:54:06,2,3,0,0,15.897,36.832
2026-07-04 14:56:24,18,19,0,0,15.793,37.278
2026-07-04 15:01:24,1,1,0,0,15.635,38.326
2026-07-04 15:06:24,4,4,0,0,15.392,39.243
2026-07-04 15:07:06,3,4,0,0,15.389,39.193
2026-07-04 15:11:24,11,11,0,0,15.269,39.653
2026-07-04 15:16:24,4,4,0,0,15.384,39.562
2026-07-04 15:17:37,5,5,0,0,15.406,39.745
2026-07-04 15:21:24,4,4,0,0,15.328,39.619
2026-07-04 15:26:24,0,1,0,0,15.213,39.773
2026-07-04 15:31:24,1,1,0,0,15.189,40.397
2026-07-04 15:33:07,1,2,0,0,15.189,40.391
2026-07-04 15:36:24,2,2,0,0,15.211,40.405
2026-07-04 15:36:26,2,2,0,0,15.243,40.427
2026-07-04 15:39:07,2,2,0,0,15.301,40.351
2026-07-04 15:40:37,2,2,0,0,15.293,40.305
2026-07-04 15:41:24,3,3,0,0,15.277,40.454
2026-07-04 15:46:24,3,3,0,0,15.008,41.127
2026-07-04 15:50:07,35,38,0,0,14.668,42.144
2026-07-04 15:51:24,50,61,0,0,14.57,42.52
2026-07-04 15:53:07,48,60,0,0,14.412,43.018
2026-07-04 15:56:24,23,25,0,0,14.164,43.783
2026-07-04 16:03:08,20,20,0,0,13.851,44.494
2026-07-04 16:06:44,3,3,0,0,13.603,45.434
2026-07-04 16:11:24,2,3,0,0,13.323,46.581
2026-07-04 16:16:24,1,1,0,0,13.149,47.355
2026-07-04 16:17:10,1,1,0,0,13.096,47.454
2026-07-04 16:19:40,0,1,0,0,13.037,47.872
2026-07-04 16:21:24,2,2,0,0,12.992,48.095
2026-07-04 16:26:24,1,1,0,0,12.791,48.7
2026-07-04 16:31:24,1,1,0,0,12.591,49.652
2026-07-04 16:36:24,0,1,0,0,12.295,50.748
2026-07-04 16:41:24,0,0,0,0,11.99,51.872
2026-07-04 16:46:24,8,8,0,0,11.769,52.835
2026-07-04 16:51:24,3,4,0,0,11.574,53.552
2026-07-04 16:51:40,5,5,0,0,11.582,53.625
2026-07-04 16:56:24,2,2,0,0,11.432,54.124
2026-07-04 16:57:10,4,4,0,0,11.405,54.142
2026-07-04 17:01:24,0,0,0,0,11.258,54.555
2026-07-04 17:06:24,0,0,0,0,11.114,55.421
2026-07-04 17:11:24,1,1,0,0,10.925,56.411
2026-07-04 17:16:24,0,0,0,0,10.756,57.466
2026-07-04 17:21:24,0,0,0,0,10.578,58.353
2026-07-04 17:26:24,0,0,0,0,10.42,59.036
2026-07-04 17:29:11,0,0,0,0,10.383,59.316
2026-07-04 17:31:24,0,0,0,0,10.281,59.455
2026-07-04 17:32:11,0,0,0,0,10.265,59.579
2026-07-04 17:34:41,0,0,0,0,10.222,59.908
2026-07-04 17:36:24,0,0,0,0,10.196,60.14
2026-07-04 17:39:41,0,0,0,0,10.105,60.533
2026-07-04 17:41:24,0,0,0,0,10.07,60.791
2026-07-04 17:44:41,0,0,0,0,9.982,61.336
2026-07-04 17:46:24,0,0,0,0,9.939,61.641
2026-07-04 17:51:24,0,0,0,0,9.803,62.385
2026-07-04 17:56:24,0,0,0,0,9.699,62.463
2026-07-04 18:01:25,0,0,0,0,9.654,62.721
2026-07-04 18:02:42,0,0,0,0,9.635,62.874
2026-07-04 18:06:24,0,0,0,0,9.622,63.421
2026-07-04 18:10:42,6,6,0,0,9.576,64.247
2026-07-04 18:11:24,40,46,0,0,9.587,64.491
2026-07-04 18:11:26,40,47,0,0,9.587,64.468
2026-07-04 18:16:24,2,2,0,0,9.515,65.231
2026-07-04 18:16:42,7,8,0,0,9.485,65.342
2026-07-04 18:19:42,30,30,0,0,9.445,66.044
2026-07-04 18:21:24,28,28,0,0,9.395,66.246
2026-07-04 18:26:25,0,0,0,0,9.282,65.857
2026-07-04 18:30:42,0,0,0,0,9.221,65.74
2026-07-04 18:31:24,0,0,0,0,9.194,65.628
2026-07-04 18:32:13,0,0,0,0,9.202,65.468
2026-07-04 18:36:24,0,0,0,0,9.165,65.361
2026-07-04 18:38:13,0,0,0,0,9.173,65.162
2026-07-04 18:41:24,0,0,0,0,9.173,65.025
2026-07-04 18:46:25,0,0,0,0,9.197,64.874
2026-07-04 18:46:43,0,0,0,0,9.184,64.851
2026-07-04 18:47:09,0,0,0,0,9.192,64.817
2026-07-04 18:48:32,0,0,0,0,9.216,64.808
2026-07-04 18:51:24,4,5,0,0,9.192,64.821
2026-07-04 18:53:43,8,8,0,0,9.221,64.863
2026-07-04 18:54:13,5,5,0,0,9.178,64.821
2026-07-04 18:56:24,0,0,0,0,9.192,64.439
2026-07-04 19:01:24,32,35,0,0,9.168,64.212
2026-07-04 19:03:43,30,30,0,0,9.168,64.52
2026-07-04 19:05:43,25,26,0,0,9.186,64.668
2026-07-04 19:06:24,25,27,0,0,9.17,64.733
2026-07-04 19:11:24,21,22,0,0,9.112,65.073
2026-07-04 19:13:13,21,23,0,0,9.071,65.078
2026-07-04 19:16:24,28,29,0,0,9.037,65.284
2026-07-04 19:21:24,74,84,0,0,8.957,65.361
2026-07-04 19:24:46,47,55,0,0,8.909,65.3
2026-07-04 19:26:24,55,67,0,0,8.853,65.347
2026-07-04 19:31:24,35,36,0,0,8.775,65.437
2026-07-04 19:36:24,59,75,0,0,8.69,65.576
2026-07-04 19:41:24,64,78,0,0,8.652,65.702
2026-07-04 19:46:24,125,130,0,0,8.62,65.95
2026-07-04 19:51:24,78,88,0,0,8.527,66.082
2026-07-04 19:56:24,35,35,0,0,8.455,66.16
2026-07-04 20:01:24,31,33,0,0,8.38,66.244
2026-07-04 20:02:45,42,49,0,0,8.334,66.284
2026-07-04 20:06:24,49,58,0,0,8.31,66.295
2026-07-04 20:11:24,60,73,0,0,8.238,66.547
2026-07-04 20:15:15,67,81,0,0,8.188,66.69
2026-07-04 20:16:24,81,89,0,0,8.156,66.799
2026-07-04 20:21:24,59,72,0,0,8.073,66.978
2026-07-04 20:22:45,57,68,0,0,8.046,67.196
2026-07-04 20:26:24,58,71,0,0,7.969,67.823
2026-07-04 20:31:24,42,50,0,0,7.856,68.567
2026-07-04 20:32:45,40,44,0,0,7.824,68.697
2026-07-04 20:36:24,47,56,0,0,7.768,69.143
2026-07-04 20:41:24,42,47,0,0,7.702,69.498
2026-07-04 20:42:45,46,55,0,0,7.68,69.431
2026-07-04 20:44:45,49,58,0,0,7.632,69.505
2026-07-04 20:46:24,45,54,0,0,7.63,69.54
2026-07-04 20:51:24,39,41,0,0,7.531,69.332
2026-07-04 20:56:24,34,34,0,0,7.472,69.355
2026-07-04 20:59:45,53,63,0,0,7.413,69.586
2026-07-04 21:01:24,68,80,0,0,7.4,69.618
2026-07-04 21:05:16,77,87,0,0,7.37,69.334
2026-07-04 21:06:24,69,84,0,0,7.344,69.376
2026-07-04 21:07:59,74,86,0,0,7.338,69.446
2026-07-04 21:10:16,50,60,0,0,7.344,69.624
2026-07-04 21:11:24,55,67,0,0,7.336,69.677
2026-07-04 21:11:26,55,67,0,0,7.304,69.641
2026-07-04 21:12:31,62,76,0,0,7.312,69.732
2026-07-04 21:15:50,53,64,0,0,7.312,69.41
2026-07-04 21:16:24,51,61,0,0,7.296,69.378
2026-07-04 21:21:24,46,54,0,0,7.258,69.267
2026-07-04 21:25:01,54,67,0,0,7.25,69.338
2026-07-04 21:26:24,60,73,0,0,7.229,69.469
2026-07-04 21:28:19,62,77,0,0,7.21,69.443
2026-07-04 21:29:38,57,67,0,0,7.176,69.425
2026-07-04 21:31:24,43,48,0,0,7.184,69.368
2026-07-04 21:32:47,47,54,0,0,7.176,69.324
2026-07-04 21:34:14,49,57,0,0,7.162,69.366
2026-07-04 21:35:41,47,54,0,0,7.138,69.257
2026-07-04 21:35:47,48,56,0,0,7.13,69.275
2026-07-04 21:36:19,48,56,0,0,7.13,69.324
2026-07-04 21:36:24,47,57,0,0,7.122,69.309
2026-07-04 21:37:14,45,52,0,0,7.111,69.324
2026-07-04 21:38:35,46,55,0,0,7.101,69.315
2026-07-04 21:39:46,42,47,0,0,7.101,69.357
2026-07-04 21:41:24,63,77,0,0,7.071,69.519
2026-07-04 21:42:41,145,150,0,0,7.071,69.887
2026-07-04 21:43:17,83,91,0,0,7.069,70.043
2026-07-04 21:43:55,56,68,0,0,7.055,70.135
2026-07-04 21:45:22,43,48,0,0,7.031,70.394
2026-07-04 21:46:24,40,45,0,0,7.029,70.566
2026-07-04 21:48:07,42,46,0,0,6.991,70.764
2026-07-04 21:49:27,45,51,0,0,6.994,70.768
2026-07-04 21:51:24,44,52,0,0,6.946,70.846
2026-07-04 21:52:53,47,54,0,0,6.909,70.883
2026-07-04 21:56:24,33,34,0,0,6.842,71.01
2026-07-04 22:01:24,23,26,0,0,6.807,71.739
2026-07-04 22:06:24,21,22,0,0,6.73,72.412
2026-07-04 22:07:47,24,27,0,0,6.732,72.555
2026-07-04 22:09:47,55,66,0,0,6.719,72.605
2026-07-04 22:11:24,49,58,0,0,6.703,72.649
2026-07-04 22:11:47,45,52,0,0,6.711,72.672
2026-07-04 22:15:17,29,29,0,0,6.708,72.923
2026-07-04 22:16:25,30,30,0,0,6.732,73.04
2026-07-04 22:19:34,17,17,0,0,6.73,73.48
2026-07-04 22:21:17,24,27,0,0,6.743,73.7
2026-07-04 22:21:24,27,28,0,0,6.74,73.736
2026-07-04 22:26:25,46,55,0,0,6.791,74.018
2026-07-04 22:31:25,4,6,0,0,6.828,74.299
2026-07-04 22:35:48,4,6,0,0,6.858,74.234
2026-07-04 22:36:25,4,4,0,0,6.868,74.295
2026-07-04 22:37:40,3,4,0,0,6.871,74.373
2026-07-04 22:41:25,2,2,0,0,6.893,74.444
2026-07-04 22:46:25,2,2,0,0,6.906,74.491
2026-07-04 22:51:18,2,2,0,0,6.917,74.56
2026-07-04 22:51:24,2,2,0,0,6.898,74.554
2026-07-04 22:54:48,2,2,0,0,6.919,74.692
2026-07-04 22:55:18,6,6,0,0,6.884,74.705
2026-07-04 22:56:25,9,9,0,0,6.879,74.783
2026-07-04 23:01:25,3,3,0,0,6.852,74.825
2026-07-04 23:02:49,3,6,0,0,6.868,74.943
2026-07-04 23:06:25,3,3,0,0,6.871,75.296
2026-07-04 23:11:25,55,67,0,0,6.884,75.329
2026-07-04 23:16:25,36,40,0,0,6.906,74.991
2026-07-04 23:18:48,39,41,0,0,6.901,74.501
2026-07-04 23:21:25,36,38,0,0,6.919,74.381
2026-07-04 23:26:25,24,24,0,0,7.034,73.711
2026-07-04 23:31:25,24,27,0,0,7.09,72.454
2026-07-04 23:36:25,33,33,0,0,7.162,72.786
2026-07-04 23:38:49,30,31,0,0,7.157,72.595
2026-07-04 23:41:25,30,31,0,0,7.119,72.557
2026-07-04 23:46:25,33,34,0,0,7.074,72.527
2026-07-04 23:51:25,34,35,0,0,7.023,72.696
2026-07-04 23:51:50,33,35,0,0,7.026,72.687
2026-07-04 23:52:52,32,32,0,0,7.018,72.683
2026-07-04 23:56:25,44,52,0,0,6.994,72.706
2026-07-05 00:01:25,40,45,0,0,6.965,72.613
2026-07-05 00:06:25,54,65,0,0,6.965,72.555
2026-07-05 00:11:25,31,33,0,0,6.951,72.784
2026-07-05 00:11:50,33,34,0,0,6.949,72.826
2026-07-05 00:16:25,30,30,0,0,6.906,73.414
2026-07-05 00:21:25,15,16,0,0,6.903,74.058
2026-07-05 00:26:25,10,10,0,0,6.927,74.751
2026-07-05 00:28:50,8,9,0,0,6.951,74.795
2026-07-05 00:31:25,9,10,0,0,6.967,74.732
2026-07-05 00:36:25,6,6,0,0,7.018,75.237
2026-07-05 00:38:26,6,7,0,0,7.055,75.712
2026-07-05 00:39:19,7,7,0,0,7.079,75.786
2026-07-05 00:41:25,6,8,0,0,7.141,75.859
2026-07-05 00:45:20,7,7,0,0,7.194,75.928
2026-07-05 00:46:25,8,9,0,0,7.224,75.918
2026-07-05 00:51:25,9,11,0,0,7.296,75.851
2026-07-05 00:53:44,10,13,0,0,7.314,75.872
2026-07-05 00:56:25,10,10,0,0,7.33,75.802
2026-07-05 01:00:09,8,8,0,0,7.354,75.701
2026-07-05 01:01:25,9,11,0,0,7.37,75.703
2026-07-05 01:01:59,8,9,0,0,7.357,75.666
2026-07-05 01:06:21,8,8,0,0,7.373,75.792
2026-07-05 01:06:25,8,9,0,0,7.36,75.8
2026-07-05 01:07:08,8,9,0,0,7.354,75.809
2026-07-05 01:09:50,10,13,0,0,7.36,75.888
2026-07-05 01:11:22,9,9,0,0,7.333,75.964
2026-07-05 01:11:25,9,9,0,0,7.362,75.989
2026-07-05 01:15:21,8,10,0,0,7.346,76.158
2026-07-05 01:16:25,9,9,0,0,7.36,76.168
2026-07-05 01:17:23,7,7,0,0,7.328,76.216
2026-07-05 01:18:26,8,8,0,0,7.365,76.237
2026-07-05 01:19:23,9,9,0,0,7.354,76.225
2026-07-05 01:21:25,7,8,0,0,7.354,76.338
2026-07-05 01:23:53,8,9,0,0,7.392,76.429
2026-07-05 01:25:54,7,7,0,0,7.424,76.305
2026-07-05 01:26:25,6,7,0,0,7.397,76.303
2026-07-05 01:28:20,8,9,0,0,7.448,76.256
2026-07-05 01:31:08,30,32,0,0,7.461,76.237
2026-07-05 01:31:25,31,33,0,0,7.464,76.151
2026-07-05 01:32:27,31,32,0,0,7.475,75.891
2026-07-05 01:32:29,31,32,0,0,7.467,75.888
2026-07-05 01:36:25,30,32,0,0,7.509,75.752
2026-07-05 01:36:39,32,33,0,0,7.501,75.758
2026-07-05 01:41:25,42,51,0,0,7.499,75.622
2026-07-05 01:41:27,42,50,0,0,7.483,75.6
2026-07-05 01:42:35,48,58,0,0,7.491,75.218
2026-07-05 01:44:04,53,64,0,0,7.469,74.85
2026-07-05 01:46:25,56,69,0,0,7.445,74.43
2026-07-05 01:47:24,60,74,0,0,7.427,74.209
2026-07-05 01:50:24,61,74,0,0,7.387,73.994
2026-07-05 01:51:25,58,70,0,0,7.354,73.988
2026-07-05 01:53:20,55,67,0,0,7.32,74.028
2026-07-05 01:54:24,51,60,0,0,7.304,74.159
2026-07-05 01:54:54,52,60,0,0,7.272,74.224
2026-07-05 01:56:25,49,59,0,0,7.248,74.402
2026-07-05 02:01:25,40,42,0,0,7.138,75.184
2026-07-05 02:02:11,39,43,0,0,7.079,75.275
2026-07-05 02:03:25,36,38,0,0,7.053,75.5
2026-07-05 02:04:55,30,30,0,0,7.047,75.706
2026-07-05 02:06:25,29,31,0,0,6.997,75.878
2026-07-05 02:09:37,27,27,0,0,6.919,76.229
2026-07-05 02:11:25,26,27,0,0,6.868,76.225
2026-07-05 02:16:25,37,41,0,0,6.743,75.68
2026-07-05 02:21:11,31,31,0,0,6.604,75.21
2026-07-05 02:21:25,31,31,0,0,6.617,75.199
2026-07-05 02:22:09,36,40,0,0,6.559,75.126
2026-07-05 02:26:25,30,33,0,0,6.39,75.359
2026-07-05 02:31:19,37,38,0,0,6.161,75.762
2026-07-05 02:31:25,37,40,0,0,6.166,75.786
2026-07-05 02:34:25,36,38,0,0,6.03,75.739
2026-07-05 02:36:25,37,38,0,0,5.934,75.693
2026-07-05 02:41:25,37,38,0,0,5.71,75.977
2026-07-05 02:46:25,37,41,0,0,5.485,76.879
2026-07-05 02:46:27,37,41,0,0,5.485,76.879
2026-07-05 02:51:25,40,45,0,0,5.338,77.492
2026-07-05 02:51:55,40,44,0,0,5.32,77.511
2026-07-05 02:56:25,42,46,0,0,5.218,77.606
2026-07-05 02:56:54,41,45,0,0,5.213,77.532
2026-07-05 03:01:25,38,41,0,0,5.079,77.373
2026-07-05 03:06:25,33,35,0,0,4.946,77.759
2026-07-05 03:06:49,32,35,0,0,4.935,77.795
2026-07-05 03:08:28,32,32,0,0,4.892,77.885
2026-07-05 03:11:25,36,36,0,0,4.911,78.241
2026-07-05 03:11:37,34,34,0,0,4.892,78.249
2026-07-05 03:16:25,34,37,0,0,4.93,78.525
2026-07-05 03:21:25,38,39,0,0,4.973,78.449
2026-07-05 03:23:28,34,34,0,0,5.034,78.291
2026-07-05 03:24:15,35,36,0,0,5.021,78.241
2026-07-05 03:24:58,31,33,0,0,5.023,78.192
2026-07-05 03:26:18,34,35,0,0,5.05,78.195
2026-07-05 03:26:25,34,35,0,0,5.026,78.194
2026-07-05 03:31:25,38,38,0,0,5.042,78.289
2026-07-05 03:31:41,34,36,0,0,5.055,78.318
2026-07-05 03:35:27,30,31,0,0,5.098,78.281
2026-07-05 03:36:25,29,30,0,0,5.095,78.314
2026-07-05 03:36:43,32,34,0,0,5.085,78.323
2026-07-05 03:39:29,32,32,0,0,5.138,78.34
2026-07-05 03:41:25,30,30,0,0,5.133,78.348
2026-07-05 03:42:28,29,29,0,0,5.138,78.35
2026-07-05 03:43:58,31,31,0,0,5.165,78.342
2026-07-05 03:46:25,27,30,0,0,5.162,78.291
2026-07-05 03:46:35,29,30,0,0,5.159,78.251
2026-07-05 03:48:12,25,28,0,0,5.17,78.161
2026-07-05 03:51:25,24,25,0,0,5.183,77.837
2026-07-05 03:51:28,24,24,0,0,5.181,77.848
2026-07-05 03:56:00,24,25,0,0,5.149,77.234
2026-07-05 03:56:25,21,23,0,0,5.135,77.238
2026-07-05 03:57:05,17,20,0,0,5.098,77.139
2026-07-05 04:01:25,16,21,0,0,5.021,76.784
2026-07-05 04:02:43,18,18,0,0,4.946,76.744
2026-07-05 04:06:25,32,33,0,0,4.842,76.532
2026-07-05 04:07:29,33,36,0,0,4.78,76.597
2026-07-05 04:11:25,42,46,0,0,4.617,77.021
2026-07-05 04:11:37,38,43,0,0,4.599,77.026
2026-07-05 04:16:01,37,42,0,0,4.412,77.541
2026-07-05 04:16:25,35,37,0,0,4.406,77.581
2026-07-05 04:20:40,34,36,0,0,4.286,77.732
2026-07-05 04:21:25,28,29,0,0,4.273,77.743
2026-07-05 04:22:59,28,28,0,0,4.246,77.677
2026-07-05 04:26:25,30,31,0,0,4.185,77.589
2026-07-05 04:31:25,26,28,0,0,4.014,77.747
2026-07-05 04:31:29,28,30,0,0,4.051,77.732
2026-07-05 04:36:26,29,29,0,0,3.883,78.054
2026-07-05 04:37:59,26,26,0,0,3.851,78.075
2026-07-05 04:39:29,26,28,0,0,3.808,78.115
2026-07-05 04:41:25,23,23,0,0,3.742,78.232
2026-07-05 04:46:26,18,20,0,0,3.632,78.524
2026-07-05 04:46:44,16,20,0,0,3.659,78.562
2026-07-05 04:46:48,17,21,0,0,3.629,78.562
2026-07-05 04:46:54,15,19,0,0,3.635,78.562
2026-07-05 04:46:58,15,19,0,0,3.645,78.583
2026-07-05 04:47:02,16,19,0,0,3.635,78.598
2026-07-05 04:47:07,18,19,0,0,3.64,78.609
2026-07-05 04:47:49,18,20,0,0,3.608,78.655
2026-07-05 04:47:54,19,22,0,0,3.605,78.663
2026-07-05 04:47:59,20,22,0,0,3.616,78.678
2026-07-05 04:48:34,22,23,0,0,3.6,78.714
2026-07-05 04:48:37,22,23,0,0,3.584,78.716
2026-07-05 04:48:45,20,22,0,0,3.605,78.76
2026-07-05 04:48:51,22,23,0,0,3.584,78.743
2026-07-05 04:48:55,22,23,0,0,3.597,78.762
2026-07-05 04:49:12,23,25,0,0,3.589,78.779
2026-07-05 04:49:15,23,24,0,0,3.581,78.777
2026-07-05 04:49:19,22,24,0,0,3.589,78.792
2026-07-05 04:49:31,22,25,0,0,3.579,78.781
2026-07-05 04:49:37,22,23,0,0,3.563,78.792
2026-07-05 04:49:43,22,23,0,0,3.573,78.812
2026-07-05 04:49:59,21,22,0,0,3.56,78.829
2026-07-05 04:50:01,20,22,0,0,3.557,78.819
2026-07-05 04:50:07,20,22,0,0,3.563,78.823
2026-07-05 04:50:12,21,22,0,0,3.56,78.829
2026-07-05 04:50:33,20,23,0,0,3.555,78.848
2026-07-05 04:50:36,19,23,0,0,3.528,78.844
2026-07-05 04:50:41,17,22,0,0,3.56,78.848
2026-07-05 04:50:43,17,22,0,0,3.563,78.852
2026-07-05 04:50:47,17,22,0,0,3.531,78.838
2026-07-05 04:50:53,17,22,0,0,3.552,78.861
2026-07-05 04:50:57,17,23,0,0,3.541,78.865
2026-07-05 04:51:02,17,23,0,0,3.541,78.888
2026-07-05 04:51:06,18,23,0,0,3.531,78.886
2026-07-05 04:51:19,19,23,0,0,3.549,78.901
2026-07-05 04:51:25,18,22,0,0,3.547,78.907
2026-07-05 04:51:26,18,22,0,0,3.547,78.907
2026-07-05 04:51:52,19,22,0,0,3.533,78.895
2026-07-05 04:51:55,19,22,0,0,3.533,78.909
2026-07-05 04:51:59,19,22,0,0,3.536,78.922
2026-07-05 04:52:12,19,23,0,0,3.536,78.92
2026-07-05 04:52:32,19,22,0,0,3.531,78.937
2026-07-05 04:52:36,19,23,0,0,3.528,78.916
2026-07-05 04:52:41,22,24,0,0,3.536,78.945
2026-07-05 04:52:44,22,25,0,0,3.517,78.945
2026-07-05 04:52:58,22,25,0,0,3.523,78.928
2026-07-05 04:53:25,23,26,0,0,3.515,78.974
2026-07-05 04:53:28,25,25,0,0,3.517,78.966
2026-07-05 04:53:33,24,24,0,0,3.523,78.997
2026-07-05 04:53:50,23,24,0,0,3.493,78.97
2026-07-05 04:53:54,22,24,0,0,3.515,79.01
2026-07-05 04:54:00,22,25,0,0,3.499,78.985
2026-07-05 04:54:18,21,23,0,0,3.52,79.01
2026-07-05 04:54:22,21,24,0,0,3.499,78.981
2026-07-05 04:54:24,22,24,0,0,3.501,78.993
2026-07-05 04:54:39,22,23,0,0,3.509,79.014
2026-07-05 04:54:43,22,24,0,0,3.493,79.014
2026-07-05 04:54:55,23,25,0,0,3.501,79.021
2026-07-05 04:55:05,21,22,0,0,3.488,79.002
2026-07-05 04:55:11,22,23,0,0,3.488,78.953
2026-07-05 04:55:17,22,23,0,0,3.488,78.993
2026-07-05 04:55:24,22,23,0,0,3.477,79.006
2026-07-05 04:55:29,22,25,0,0,3.488,79.021
2026-07-05 04:55:34,22,25,0,0,3.501,79.008
2026-07-05 04:55:41,21,23,0,0,3.491,79.019
2026-07-05 04:55:54,18,21,0,0,3.474,79.025
2026-07-05 04:55:58,17,19,0,0,3.472,79.042
2026-07-05 04:56:00,15,19,0,0,3.493,79.058
2026-07-05 04:56:22,19,22,0,0,3.485,79.063
2026-07-05 04:56:25,19,22,0,0,3.469,79.044
2026-07-05 04:56:28,19,23,0,0,3.474,79.052
2026-07-05 04:56:50,15,18,0,0,3.472,79.039
2026-07-05 04:56:55,17,18,0,0,3.466,79.056
2026-07-05 04:57:08,20,20,0,0,3.464,79.071
2026-07-05 04:57:19,18,18,0,0,3.461,79.094
2026-07-05 04:57:35,15,17,0,0,3.45,79.092
2026-07-05 05:00:13,19,19,0,0,3.453,79.222
2026-07-05 05:01:25,17,18,0,0,3.456,79.254
2026-07-05 05:03:03,17,18,0,0,3.429,79.225
2026-07-05 05:04:11,20,21,0,0,3.44,79.145
2026-07-05 05:06:25,17,18,0,0,3.397,78.897
2026-07-05 05:06:55,17,17,0,0,3.402,78.787
2026-07-05 05:07:33,14,15,0,0,3.381,78.674
2026-07-05 05:10:33,11,15,0,0,3.32,78.207
2026-07-05 05:11:25,17,18,0,0,3.298,78.171
2026-07-05 05:12:04,12,12,0,0,3.282,78.113
2026-07-05 05:16:26,14,14,0,0,3.127,77.936
2026-07-05 05:21:25,10,10,0,0,2.972,78.77
2026-07-05 05:22:33,9,10,0,0,2.932,78.928
2026-07-05 05:23:33,10,10,0,0,2.892,78.983
2026-07-05 05:26:25,10,11,0,0,2.842,79.096
2026-07-05 05:28:33,17,20,0,0,2.794,79.077
2026-07-05 05:31:26,21,21,0,0,2.713,79.092
2026-07-05 05:31:33,21,22,0,0,2.695,79.107
2026-07-05 05:33:01,16,17,0,0,2.665,79.203
2026-07-05 05:33:06,14,15,0,0,2.655,79.191
2026-07-05 05:33:09,12,14,0,0,2.671,79.172
2026-07-05 05:33:43,12,14,0,0,2.641,79.204
2026-07-05 05:33:51,9,10,0,0,2.644,79.212
2026-07-05 05:34:01,10,11,0,0,2.617,79.174
2026-07-05 05:34:24,9,9,0,0,2.641,79.168
2026-07-05 05:34:40,9,10,0,0,2.604,79.164
2026-07-05 05:35:09,8,8,0,0,2.596,79.142
2026-07-05 05:35:12,7,7,0,0,2.604,79.143
2026-07-05 05:35:22,9,9,0,0,2.609,79.151
2026-07-05 05:35:51,9,9,0,0,2.591,79.119
2026-07-05 05:35:55,9,9,0,0,2.596,79.115
2026-07-05 05:36:25,10,11,0,0,2.567,79.103
2026-07-05 05:36:29,12,14,0,0,2.567,79.1
2026-07-05 05:36:34,14,14,0,0,2.561,79.115
2026-07-05 05:36:42,10,12,0,0,2.559,79.092
2026-07-05 05:37:10,10,12,0,0,2.537,79.094
2026-07-05 05:41:26,10,10,0,0,2.425,78.947
2026-07-05 05:46:26,8,8,0,0,2.286,79.058
2026-07-05 05:47:55,9,9,0,0,2.243,79.048
2026-07-05 05:48:34,9,9,0,0,2.251,79.08
2026-07-05 05:50:51,9,9,0,0,2.137,79.098
2026-07-05 05:51:00,8,8,0,0,2.137,79.124
2026-07-05 05:51:06,9,9,0,0,2.139,79.098
2026-07-05 05:51:18,10,10,0,0,2.142,79.14
2026-07-05 05:51:23,12,12,0,0,2.147,79.115
2026-07-05 05:51:25,12,12,0,0,2.129,79.119
2026-07-05 05:51:31,10,10,0,0,2.126,79.149
2026-07-05 05:51:38,10,10,0,0,2.137,79.138
2026-07-05 05:51:47,8,9,0,0,2.11,79.132
2026-07-05 05:52:11,8,9,0,0,2.099,79.132
2026-07-05 05:52:24,8,8,0,0,2.11,79.145
2026-07-05 05:56:25,10,12,0,0,1.992,79.037
2026-07-05 05:56:48,9,9,0,0,1.982,79.069
2026-07-05 05:57:07,10,10,0,0,1.992,79.046
2026-07-05 05:57:26,8,9,0,0,1.955,79.052
2026-07-05 05:57:40,9,10,0,0,1.966,79.079
2026-07-05 05:57:44,10,10,0,0,1.947,79.058
2026-07-05 05:57:48,10,10,0,0,1.96,79.075
2026-07-05 05:57:53,10,10,0,0,1.944,79.065
2026-07-05 05:58:20,10,10,0,0,1.939,79.063
2026-07-05 05:58:47,14,14,0,0,1.926,79.1
2026-07-05 05:59:12,16,17,0,0,1.896,79.166
2026-07-05 05:59:25,17,18,0,0,1.88,79.172
2026-07-05 05:59:32,16,17,0,0,1.899,79.197
2026-07-05 05:59:35,14,16,0,0,1.902,79.222
2026-07-05 05:59:59,14,16,0,0,1.896,79.281
2026-07-05 06:00:20,12,14,0,0,1.88,79.353
2026-07-05 06:00:41,17,17,0,0,1.864,79.403
2026-07-05 06:00:44,17,17,0,0,1.87,79.372
2026-07-05 06:00:56,19,19,0,0,1.872,79.447
2026-07-05 06:01:13,15,15,0,0,1.848,79.477
2026-07-05 06:01:25,14,14,0,0,1.87,79.55
2026-07-05 06:01:49,16,17,0,0,1.843,79.584
2026-07-05 06:01:52,16,17,0,0,1.838,79.575
2026-07-05 06:02:03,15,17,0,0,1.838,79.592
2026-07-05 06:02:12,16,17,0,0,1.84,79.636
2026-07-05 06:02:35,10,10,0,0,1.822,79.643
2026-07-05 06:02:41,12,14,0,0,1.806,79.643
2026-07-05 06:03:35,16,16,0,0,1.811,79.754
2026-07-05 06:05:07,12,12,0,0,1.798,79.904
2026-07-05 06:06:25,19,19,0,0,1.763,80.059
2026-07-05 06:10:55,31,34,0,0,1.765,80.704
2026-07-05 06:11:11,32,32,0,0,1.731,80.765
2026-07-05 06:11:25,35,35,0,0,1.747,80.788
2026-07-05 06:11:27,35,36,0,0,1.725,80.801
2026-07-05 06:11:35,37,38,0,0,1.731,80.824
2026-07-05 06:11:40,37,38,0,0,1.723,80.841
2026-07-05 06:11:45,36,36,0,0,1.728,80.87
2026-07-05 06:11:51,36,37,0,0,1.725,80.885
2026-07-05 06:11:56,38,40,0,0,1.731,80.917
2026-07-05 06:12:10,43,49,0,0,1.731,80.955
2026-07-05 06:12:13,44,50,0,0,1.731,80.933
2026-07-05 06:12:21,46,53,0,0,1.717,80.978
2026-07-05 06:12:24,45,52,0,0,1.717,80.99
2026-07-05 06:12:29,44,51,0,0,1.717,80.976
2026-07-05 06:12:35,45,50,0,0,1.715,80.997
2026-07-05 06:12:40,46,51,0,0,1.72,81.005
2026-07-05 06:13:15,52,63,0,0,1.717,81.097
2026-07-05 06:13:19,53,65,0,0,1.728,81.106
2026-07-05 06:13:44,55,66,0,0,1.736,81.171
2026-07-05 06:13:48,56,67,0,0,1.723,81.188
2026-07-05 06:13:57,57,67,0,0,1.717,81.211
2026-07-05 06:14:01,57,68,0,0,1.717,81.243
2026-07-05 06:14:04,57,68,0,0,1.715,81.236
2026-07-05 06:14:27,57,68,0,0,1.731,81.299
2026-07-05 06:14:35,58,68,0,0,1.733,81.341
2026-07-05 06:14:37,58,68,0,0,1.733,81.348
2026-07-05 06:14:42,58,68,0,0,1.704,81.324
2026-07-05 06:14:49,56,66,0,0,1.733,81.369
2026-07-05 06:15:05,57,66,0,0,1.725,81.415
2026-07-05 06:15:19,58,68,0,0,1.728,81.421
2026-07-05 06:15:34,58,71,0,0,1.715,81.455
2026-07-05 06:15:47,58,71,0,0,1.72,81.48
2026-07-05 06:15:51,58,72,0,0,1.725,81.478
2026-07-05 06:15:55,60,72,0,0,1.717,81.507
2026-07-05 06:16:04,60,74,0,0,1.749,81.518
2026-07-05 06:16:09,61,75,0,0,1.739,81.547
2026-07-05 06:16:18,61,73,0,0,1.757,81.583
2026-07-05 06:16:20,61,73,0,0,1.736,81.558
2026-07-05 06:16:25,61,73,0,0,1.728,81.589
2026-07-05 06:16:37,62,75,0,0,1.744,81.596
2026-07-05 06:16:50,62,73,0,0,1.731,81.65
2026-07-05 06:16:58,62,75,0,0,1.736,81.657
2026-07-05 06:17:02,62,75,0,0,1.757,81.669
2026-07-05 06:17:16,59,72,0,0,1.741,81.686
2026-07-05 06:17:34,59,70,0,0,1.733,81.726
2026-07-05 06:17:49,58,69,0,0,1.739,81.734
2026-07-05 06:18:11,58,71,0,0,1.733,81.781
2026-07-05 06:18:22,58,69,0,0,1.736,81.799
2026-07-05 06:18:40,60,73,0,0,1.741,81.816
2026-07-05 06:18:45,59,73,0,0,1.76,81.839
2026-07-05 06:18:49,58,70,0,0,1.749,81.831
2026-07-05 06:18:54,57,68,0,0,1.744,81.844
2026-07-05 06:19:22,52,63,0,0,1.757,81.9
2026-07-05 06:19:28,53,62,0,0,1.768,81.898
2026-07-05 06:19:56,53,61,0,0,1.768,81.894
2026-07-05 06:20:23,48,53,0,0,1.787,81.844
2026-07-05 06:20:27,46,51,0,0,1.768,81.85
2026-07-05 06:20:31,45,50,0,0,1.757,81.821
2026-07-05 06:20:34,43,47,0,0,1.781,81.808
2026-07-05 06:20:40,43,47,0,0,1.757,81.791
2026-07-05 06:20:44,43,47,0,0,1.763,81.812
2026-07-05 06:20:48,43,46,0,0,1.76,81.799
2026-07-05 06:20:50,43,46,0,0,1.765,81.772
2026-07-05 06:21:14,33,34,0,0,1.79,81.682
2026-07-05 06:21:20,32,35,0,0,1.779,81.665
2026-07-05 06:21:25,34,35,0,0,1.779,81.655
2026-07-05 06:21:43,32,34,0,0,1.792,81.549
2026-07-05 06:21:47,32,34,0,0,1.781,81.526
2026-07-05 06:21:56,35,37,0,0,1.784,81.488
2026-07-05 06:22:01,36,39,0,0,1.779,81.474
2026-07-05 06:22:05,37,40,0,0,1.768,81.47
2026-07-05 06:22:28,43,44,0,0,1.8,81.409
2026-07-05 06:22:31,43,44,0,0,1.792,81.383
2026-07-05 06:22:44,40,42,0,0,1.779,81.354
2026-07-05 06:22:51,40,41,0,0,1.779,81.345
2026-07-05 06:22:56,41,45,0,0,1.792,81.345
2026-07-05 06:23:01,41,45,0,0,1.79,81.333
2026-07-05 06:23:10,43,46,0,0,1.79,81.333
2026-07-05 06:23:51,45,47,0,0,1.779,81.295
2026-07-05 06:24:26,46,52,0,0,1.798,81.322
2026-07-05 06:24:30,45,50,0,0,1.792,81.306
2026-07-05 06:24:51,46,50,0,0,1.784,81.322
2026-07-05 06:25:00,47,51,0,0,1.79,81.335
2026-07-05 06:26:25,40,42,0,0,1.803,81.461
2026-07-05 06:26:54,40,46,0,0,1.8,81.491
2026-07-05 06:27:33,43,46,0,0,1.792,81.562
2026-07-05 06:27:38,40,44,0,0,1.8,81.583
2026-07-05 06:27:46,40,42,0,0,1.792,81.604
2026-07-05 06:28:14,43,45,0,0,1.795,81.673
2026-07-05 06:28:53,43,49,0,0,1.806,81.816
2026-07-05 06:28:56,45,50,0,0,1.79,81.854
2026-07-05 06:29:43,43,50,0,0,1.795,81.984
2026-07-05 06:29:48,43,49,0,0,1.806,82.041
2026-07-05 06:29:51,44,49,0,0,1.79,82.008
2026-07-05 06:30:23,46,50,0,0,1.83,82.092
2026-07-05 06:31:25,45,48,0,0,1.851,82.212
2026-07-05 06:31:37,44,46,0,0,1.822,82.212
2026-07-05 06:31:42,43,46,0,0,1.806,82.205
2026-07-05 06:31:44,43,46,0,0,1.83,82.193
2026-07-05 06:31:51,44,47,0,0,1.822,82.23
2026-07-05 06:31:59,43,46,0,0,1.819,82.193
2026-07-05 06:32:21,43,47,0,0,1.816,82.176
2026-07-05 06:33:38,43,49,0,0,1.856,82.096
2026-07-05 06:33:42,43,46,0,0,1.843,82.125
2026-07-05 06:33:46,40,44,0,0,1.838,82.088
2026-07-05 06:34:20,41,42,0,0,1.862,82.058
2026-07-05 06:35:04,43,47,0,0,1.886,82.046
2026-07-05 06:35:15,43,47,0,0,1.891,82.025
2026-07-05 06:35:40,41,45,0,0,1.883,82.045
2026-07-05 06:35:43,40,44,0,0,1.88,82.025
2026-07-05 06:36:20,40,44,0,0,1.896,82.008
2026-07-05 06:36:25,41,46,0,0,1.886,82.005
2026-07-05 06:37:00,43,46,0,0,1.888,81.984
2026-07-05 06:37:04,43,46,0,0,1.896,82.006
2026-07-05 06:39:03,39,45,0,0,1.931,81.93
2026-07-05 06:39:06,40,46,0,0,1.907,81.924
2026-07-05 06:39:40,40,46,0,0,1.926,81.886
2026-07-05 06:39:49,40,44,0,0,1.915,81.854
2026-07-05 06:39:58,41,47,0,0,1.918,81.858
2026-07-05 06:40:05,43,47,0,0,1.936,81.884
2026-07-05 06:40:22,41,46,0,0,1.912,81.85
2026-07-05 06:40:26,43,47,0,0,1.926,81.821
2026-07-05 06:40:31,43,49,0,0,1.918,81.848
2026-07-05 06:41:04,43,47,0,0,1.907,81.783
2026-07-05 06:41:25,40,44,0,0,1.902,81.781
2026-07-05 06:41:57,43,47,0,0,1.915,81.736
2026-07-05 06:42:01,43,48,0,0,1.91,81.688
2026-07-05 06:42:26,39,46,0,0,1.934,81.663
2026-07-05 06:42:30,40,45,0,0,1.907,81.64
2026-07-05 06:42:39,40,44,0,0,1.936,81.621
2026-07-05 06:42:45,41,46,0,0,1.91,81.589
2026-07-05 06:43:06,40,41,0,0,1.918,81.543
2026-07-05 06:43:13,41,42,0,0,1.923,81.482
2026-07-05 06:43:48,39,40,0,0,1.907,81.369
2026-07-05 06:44:45,43,45,0,0,1.904,81.228
2026-07-05 06:45:08,43,44,0,0,1.904,81.228
2026-07-05 06:45:14,40,44,0,0,1.912,81.211
2026-07-05 06:45:23,43,46,0,0,1.899,81.203
2026-07-05 06:45:47,43,47,0,0,1.907,81.209
2026-07-05 06:45:55,43,46,0,0,1.907,81.196
2026-07-05 06:46:03,44,48,0,0,1.918,81.194
2026-07-05 06:46:11,44,48,0,0,1.899,81.173
2026-07-05 06:46:25,43,47,0,0,1.891,81.129
2026-07-05 06:46:29,43,47,0,0,1.902,81.127
2026-07-05 06:46:34,43,48,0,0,1.883,81.146
2026-07-05 06:47:16,43,46,0,0,1.918,81.02
2026-07-05 06:47:55,43,48,0,0,1.899,80.957
2026-07-05 06:48:04,45,52,0,0,1.88,80.921
2026-07-05 06:48:19,44,51,0,0,1.894,80.887
2026-07-05 06:48:30,43,51,0,0,1.88,80.883
2026-07-05 06:49:11,44,48,0,0,1.88,80.751
2026-07-05 06:49:14,45,49,0,0,1.88,80.749
2026-07-05 06:49:51,45,50,0,0,1.888,80.639
2026-07-05 06:49:55,45,50,0,0,1.87,80.604
2026-07-05 06:50:30,43,51,0,0,1.838,80.488
2026-07-05 06:50:53,43,45,0,0,1.843,80.437
2026-07-05 06:51:11,43,47,0,0,1.848,80.4
2026-07-05 06:51:25,43,49,0,0,1.827,80.379
2026-07-05 06:51:55,44,51,0,0,1.827,80.343
2026-07-05 06:52:10,45,49,0,0,1.806,80.29
2026-07-05 06:52:30,43,46,0,0,1.816,80.269
2026-07-05 06:52:46,40,42,0,0,1.819,80.246
2026-07-05 06:53:09,40,44,0,0,1.798,80.223
2026-07-05 06:53:11,43,45,0,0,1.806,80.196
2026-07-05 06:53:19,41,46,0,0,1.79,80.21
2026-07-05 06:53:24,40,46,0,0,1.806,80.208
2026-07-05 06:53:29,44,46,0,0,1.76,80.21
2026-07-05 06:53:47,41,45,0,0,1.803,80.206
2026-07-05 06:54:09,41,45,0,0,1.781,80.21
2026-07-05 06:54:21,38,40,0,0,1.757,80.196
2026-07-05 06:54:28,39,41,0,0,1.779,80.213
2026-07-05 06:54:43,38,39,0,0,1.781,80.21
2026-07-05 06:55:36,41,46,0,0,1.747,80.202
2026-07-05 06:55:52,41,42,0,0,1.749,80.246
2026-07-05 06:56:11,43,48,0,0,1.731,80.269
2026-07-05 06:56:19,44,48,0,0,1.747,80.292
2026-07-05 06:56:25,43,47,0,0,1.72,80.307
2026-07-05 06:56:43,40,45,0,0,1.733,80.347
2026-07-05 06:56:49,43,46,0,0,1.704,80.357
2026-07-05 06:56:56,44,48,0,0,1.731,80.374
2026-07-05 06:57:15,43,46,0,0,1.715,80.46
2026-07-05 06:57:29,43,45,0,0,1.696,80.484
2026-07-05 06:57:49,41,42,0,0,1.677,80.522
2026-07-05 06:57:52,41,45,0,0,1.685,80.566
2026-07-05 06:58:15,40,40,0,0,1.683,80.622
2026-07-05 06:58:30,38,41,0,0,1.651,80.669
2026-07-05 06:58:47,38,39,0,0,1.667,80.732
2026-07-05 06:58:49,39,39,0,0,1.669,80.751
2026-07-05 06:59:01,39,40,0,0,1.672,80.795
2026-07-05 06:59:05,36,38,0,0,1.677,80.828
2026-07-05 06:59:11,33,35,0,0,1.651,80.843
2026-07-05 06:59:52,34,35,0,0,1.651,80.973
2026-07-05 07:00:04,34,34,0,0,1.659,81.03
2026-07-05 07:00:10,35,35,0,0,1.651,81.024
2026-07-05 07:00:15,35,35,0,0,1.645,81.041
2026-07-05 07:00:22,32,32,0,0,1.645,81.087
2026-07-05 07:00:49,32,34,0,0,1.621,81.121
2026-07-05 07:00:53,33,35,0,0,1.64,81.148
2026-07-05 07:00:58,35,35,0,0,1.64,81.152
2026-07-05 07:01:10,35,35,0,0,1.651,81.2
2026-07-05 07:01:12,35,35,0,0,1.643,81.209
2026-07-05 07:01:19,36,36,0,0,1.629,81.207
2026-07-05 07:01:24,35,35,0,0,1.656,81.253
2026-07-05 07:01:26,35,35,0,0,1.616,81.219
2026-07-05 07:01:28,36,36,0,0,1.616,81.213
2026-07-05 07:01:54,27,31,0,0,1.616,81.274
2026-07-05 07:02:02,27,31,0,0,1.624,81.268
2026-07-05 07:02:04,27,31,0,0,1.619,81.289
2026-07-05 07:02:20,30,31,0,0,1.627,81.327
2026-07-05 07:02:28,27,30,0,0,1.619,81.325
2026-07-05 07:02:57,31,31,0,0,1.627,81.335
2026-07-05 07:03:12,33,33,0,0,1.619,81.331
2026-07-05 07:03:17,32,32,0,0,1.621,81.327
2026-07-05 07:03:29,32,32,0,0,1.632,81.362
2026-07-05 07:03:41,27,30,0,0,1.621,81.387
2026-07-05 07:03:48,25,25,0,0,1.629,81.35
2026-07-05 07:03:58,26,26,0,0,1.64,81.381
2026-07-05 07:04:02,25,25,0,0,1.603,81.388
2026-07-05 07:04:32,26,26,0,0,1.64,81.373
2026-07-05 07:04:37,25,25,0,0,1.603,81.371
2026-07-05 07:04:40,27,27,0,0,1.619,81.4
2026-07-05 07:04:50,30,31,0,0,1.624,81.385
2026-07-05 07:04:55,27,29,0,0,1.621,81.379
2026-07-05 07:05:06,27,27,0,0,1.616,81.373
2026-07-05 07:05:16,30,30,0,0,1.629,81.396
2026-07-05 07:06:26,26,26,0,0,1.627,81.364
2026-07-05 07:06:29,26,26,0,0,1.637,81.358
2026-07-05 07:06:32,25,25,0,0,1.629,81.362
2026-07-05 07:06:41,24,24,0,0,1.64,81.346
2026-07-05 07:07:26,12,15,0,0,1.619,81.366
2026-07-05 07:07:29,12,15,0,0,1.624,81.373
2026-07-05 07:07:37,15,15,0,0,1.624,81.379
2026-07-05 07:07:53,17,17,0,0,1.621,81.392
2026-07-05 07:08:04,15,15,0,0,1.624,81.398
2026-07-05 07:08:08,15,16,0,0,1.624,81.39
2026-07-05 07:08:13,17,17,0,0,1.627,81.407
2026-07-05 07:08:18,17,17,0,0,1.635,81.4
2026-07-05 07:08:46,15,17,0,0,1.64,81.438
2026-07-05 07:08:54,12,15,0,0,1.635,81.421
2026-07-05 07:09:30,12,17,0,0,1.651,81.453
2026-07-05 07:09:35,12,16,0,0,1.656,81.457
2026-07-05 07:09:38,10,15,0,0,1.624,81.417
2026-07-05 07:09:52,9,10,0,0,1.627,81.428
2026-07-05 07:10:08,12,12,0,0,1.64,81.436
2026-07-05 07:10:21,16,16,0,0,1.643,81.419
2026-07-05 07:10:50,17,20,0,0,1.64,81.375
2026-07-05 07:11:26,19,21,0,0,1.664,81.308
2026-07-05 07:11:36,22,23,0,0,1.661,81.306
2026-07-05 07:12:11,23,24,0,0,1.648,81.261
2026-07-05 07:12:15,21,24,0,0,1.675,81.28
2026-07-05 07:13:29,23,26,0,0,1.661,81.198
2026-07-05 07:13:32,23,26,0,0,1.653,81.182
2026-07-05 07:13:35,23,26,0,0,1.645,81.211
2026-07-05 07:13:46,24,26,0,0,1.656,81.209
2026-07-05 07:14:16,21,21,0,0,1.651,81.167
2026-07-05 07:14:23,19,20,0,0,1.667,81.169
2026-07-05 07:14:26,17,19,0,0,1.661,81.142
2026-07-05 07:14:50,16,16,0,0,1.659,81.108
2026-07-05 07:14:59,15,16,0,0,1.656,81.093
2026-07-05 07:16:26,15,15,0,0,1.651,80.828
2026-07-05 07:17:02,16,17,0,0,1.669,80.715
2026-07-05 07:20:24,10,12,0,0,1.643,80.156
2026-07-05 07:21:26,12,15,0,0,1.587,80.006
2026-07-05 07:26:26,26,26,0,0,1.477,79.66
2026-07-05 07:31:26,21,21,0,0,1.293,79.388
2026-07-05 07:32:03,24,26,0,0,1.301,79.523
2026-07-05 07:32:54,19,19,0,0,1.25,79.676
2026-07-05 07:34:54,41,48,0,0,1.218,80.513
2026-07-05 07:36:26,49,59,0,0,1.205,81.083
2026-07-05 07:41:26,41,45,0,0,1.258,81.587
2026-07-05 07:44:08,35,37,0,0,1.304,81.39
2026-07-05 07:46:26,35,35,0,0,1.333,81.058
2026-07-05 07:51:26,31,34,0,0,1.312,80.683
2026-07-05 07:55:55,37,38,0,0,1.261,80.536
2026-07-05 07:56:26,34,37,0,0,1.269,80.511
2026-07-05 07:56:36,31,34,0,0,1.25,80.528
2026-07-05 08:01:26,12,12,0,0,1.159,80.324
2026-07-05 08:02:16,12,15,0,0,1.159,80.288
2026-07-05 08:02:22,12,16,0,0,1.183,80.267
2026-07-05 08:03:01,12,12,0,0,1.178,80.215
2026-07-05 08:03:36,12,16,0,0,1.149,80.202
2026-07-05 08:03:43,15,19,0,0,1.162,80.202
2026-07-05 08:03:47,16,18,0,0,1.138,80.196
2026-07-05 08:03:53,12,15,0,0,1.13,80.181
2026-07-05 08:04:23,10,10,0,0,1.122,80.154
2026-07-05 08:04:27,11,11,0,0,1.13,80.139
2026-07-05 08:04:56,11,11,0,0,1.154,80.118
2026-07-05 08:05:01,11,12,0,0,1.138,80.112
2026-07-05 08:05:40,11,12,0,0,1.127,80.067
2026-07-05 08:05:43,9,12,0,0,1.106,80.04
2026-07-05 08:06:16,11,11,0,0,1.095,80.015
2026-07-05 08:06:23,9,9,0,0,1.122,80.034
2026-07-05 08:06:26,8,8,0,0,1.106,80.057
2026-07-05 08:07:01,12,15,0,0,1.093,80.019
2026-07-05 08:07:12,11,11,0,0,1.106,80.013
2026-07-05 08:07:16,11,12,0,0,1.098,80.002
2026-07-05 08:09:43,9,11,0,0,1.087,79.861
2026-07-05 08:11:26,12,15,0,0,1.028,79.889
2026-07-05 08:14:56,12,12,0,0,1.023,79.887
2026-07-05 08:15:42,12,12,0,0,0.994,79.853
2026-07-05 08:16:26,9,9,0,0,0.988,79.859
2026-07-05 08:18:07,12,15,0,0,0.996,80.143
2026-07-05 08:21:26,23,26,0,0,1.277,80.589
2026-07-05 08:26:26,23,23,0,0,2.211,79.311
2026-07-05 08:26:28,23,23,0,0,2.227,79.306
2026-07-05 08:31:26,31,32,0,0,3.202,76.977
2026-07-05 08:31:30,31,31,0,0,3.205,76.9
2026-07-05 08:35:09,12,16,0,0,3.669,74.77
2026-07-05 08:36:26,21,21,0,0,3.717,74.365
2026-07-05 08:41:26,39,41,0,0,3.814,73.572
2026-07-05 08:42:27,40,44,0,0,3.782,73.543
2026-07-05 08:44:26,39,44,0,0,3.704,73.599
2026-07-05 08:45:56,40,40,0,0,3.675,73.791
2026-07-05 08:46:26,40,44,0,0,3.661,73.833
2026-07-05 08:46:28,40,44,0,0,3.661,73.833
2026-07-05 08:51:26,45,50,0,0,3.563,74.444
2026-07-05 08:56:26,46,51,0,0,3.544,74.558
2026-07-05 08:57:27,46,53,0,0,3.536,74.592
2026-07-05 08:57:56,47,53,0,0,3.539,74.613
2026-07-05 08:59:57,47,55,0,0,3.555,74.745
2026-07-05 09:01:26,46,53,0,0,3.565,74.875
2026-07-05 09:06:26,54,64,0,0,3.691,75.069
2026-07-05 09:07:57,57,69,0,0,3.742,75.123
2026-07-05 09:11:26,65,80,0,0,3.891,75.271
2026-07-05 09:12:43,38,43,0,0,3.944,75.348
2026-07-05 09:13:27,37,37,0,0,3.968,75.332
2026-07-05 09:16:26,39,39,0,0,4.118,75.607
2026-07-05 09:20:04,42,44,0,0,4.353,75.544
2026-07-05 09:21:26,41,45,0,0,4.438,75.376
2026-07-05 09:26:27,28,29,0,0,4.783,74.831
2026-07-05 09:28:57,23,25,0,0,4.959,74.711
2026-07-05 09:31:26,24,24,0,0,5.117,74.514
2026-07-05 09:32:48,30,31,0,0,5.218,74.47
2026-07-05 09:33:27,30,32,0,0,5.25,74.423
2026-07-05 09:34:27,29,30,0,0,5.33,74.369
2026-07-05 09:36:26,38,39,0,0,5.456,74.219
2026-07-05 09:41:27,45,52,0,0,5.806,73.873
2026-07-05 09:41:57,43,50,0,0,5.811,73.849
2026-07-05 09:46:26,41,43,0,0,6.062,73.412
2026-07-05 09:51:27,37,38,0,0,6.27,72.992
2026-07-05 09:56:27,36,36,0,0,6.495,71.853
2026-07-05 09:58:09,33,33,0,0,6.601,71.159
2026-07-05 09:58:29,33,33,0,0,6.625,71.1
2026-07-05 09:59:28,35,37,0,0,6.666,70.919
2026-07-05 10:01:26,31,31,0,0,6.767,70.513
2026-07-05 10:06:27,49,60,0,0,7.047,69.528
2026-07-05 10:09:31,31,33,0,0,7.194,69.05
2026-07-05 10:11:27,31,33,0,0,7.32,68.981
2026-07-05 10:15:35,46,55,0,0,7.579,68.123
2026-07-05 10:16:27,26,28,0,0,7.624,67.814
2026-07-05 10:18:57,55,66,0,0,7.766,67.451
2026-07-05 10:21:27,24,27,0,0,7.942,66.971
2026-07-05 10:26:28,21,22,0,0,8.238,66.457
2026-07-05 10:30:48,10,13,0,0,8.511,66.044
2026-07-05 10:31:27,14,15,0,0,8.556,65.933
2026-07-05 10:33:27,8,10,0,0,8.687,65.605
2026-07-05 10:34:26,9,10,0,0,8.748,65.559
2026-07-05 10:36:27,14,16,0,0,8.877,65.132
2026-07-05 10:38:06,22,22,0,0,9.002,65.134
2026-07-05 10:41:27,22,22,0,0,9.221,64.737
2026-07-05 10:46:27,18,19,0,0,9.555,63.61
2026-07-05 10:51:27,20,21,0,0,9.854,62.603
2026-07-05 10:56:27,21,21,0,0,10.15,61.657
2026-07-05 10:58:00,21,21,0,0,10.26,60.936
2026-07-05 10:58:29,21,22,0,0,10.327,60.829
2026-07-05 10:59:32,21,22,0,0,10.383,60.798
2026-07-05 11:01:27,21,24,0,0,10.513,60.283
2026-07-05 11:03:00,20,21,0,0,10.631,59.974
2026-07-05 11:06:18,22,22,0,0,10.853,59.093
2026-07-05 11:06:27,22,24,0,0,10.879,59.009
2026-07-05 11:11:27,22,22,0,0,11.253,58.046
2026-07-05 11:16:27,18,22,0,0,11.59,56.684
2026-07-05 11:21:00,8,9,0,0,11.899,55.542
2026-07-05 11:21:27,12,13,0,0,11.921,55.547
2026-07-05 11:26:27,20,20,0,0,12.292,54.664
2026-07-05 11:31:27,17,19,0,0,12.658,53.304
2026-07-05 11:36:27,20,21,0,0,13.272,51.753
2026-07-05 11:40:31,23,23,0,0,14.158,49.875
2026-07-05 11:41:27,24,24,0,0,14.409,48.999
2026-07-05 11:46:27,20,23,0,0,15.571,46.667
2026-07-05 11:47:38,23,23,0,0,15.835,46.413
2026-07-05 11:51:27,22,22,0,0,16.738,44.082
2026-07-05 11:56:27,18,19,0,0,17.745,41.866
2026-07-05 12:01:27,22,22,0,0,18.527,40.426
2026-07-05 12:04:01,19,19,0,0,18.954,39.897
2026-07-05 12:06:27,15,16,0,0,19.368,39.056
2026-07-05 12:11:27,15,16,0,0,20.215,37.879
2026-07-05 12:16:27,8,8,0,0,21.053,36.565
2026-07-05 12:21:27,11,11,0,0,21.724,35.052
2026-07-05 12:24:31,11,11,0,0,22.1,34.263
2026-07-05 12:25:04,9,11,0,0,22.153,34.187
2026-07-05 12:26:27,8,9,0,0,22.33,34.026
2026-07-05 12:31:27,8,8,0,0,22.829,31.888
2026-07-05 12:36:27,8,8,0,0,23.027,31.623
2026-07-05 12:41:27,23,25,0,0,23.414,31.488
2026-07-05 12:42:58,15,15,0,0,23.569,30.923
2026-07-05 12:43:59,8,8,0,0,23.702,30.795
2026-07-05 12:45:36,6,6,0,0,23.817,30.435
2026-07-05 12:46:01,7,8,0,0,23.852,30.429
2026-07-05 12:46:27,8,11,0,0,23.892,30.481
2026-07-05 12:51:27,19,21,0,0,24.21,29.815
2026-07-05 12:54:21,13,15,0,0,24.418,29.185
2026-07-05 12:56:27,7,8,0,0,24.581,29.101
2026-07-05 12:59:19,7,8,0,0,24.784,28.567
2026-07-05 12:59:32,7,7,0,0,24.808,28.577
2026-07-05 13:01:27,11,11,0,0,24.947,28.741
2026-07-05 13:06:27,11,11,0,0,25.331,27.74
2026-07-05 13:07:32,8,8,0,0,25.395,27.721
2026-07-05 13:11:27,7,7,0,0,25.681,27.219
2026-07-05 13:16:27,18,18,0,0,25.945,25.634
2026-07-05 13:21:27,12,12,0,0,26.039,24.854
2026-07-05 13:21:29,12,12,0,0,26.028,24.825
2026-07-05 13:26:27,4,4,0,0,25.945,24.814
2026-07-05 13:27:33,3,3,0,0,25.975,24.406
2026-07-05 13:31:27,7,7,0,0,26.111,25.435
2026-07-05 13:36:27,5,5,0,0,26.423,24.875
2026-07-05 13:41:27,3,3,0,0,26.624,23.673
2026-07-05 13:46:27,2,2,0,0,26.781,23.238
2026-07-05 13:51:03,1,1,0,0,26.907,22.971
2026-07-05 13:51:27,1,1,0,0,26.896,22.983
2026-07-05 13:56:27,1,1,0,0,27.174,22.471
2026-07-05 14:01:27,1,1,0,0,27.31,21.895
2026-07-05 14:03:03,2,2,0,0,27.334,21.462
2026-07-05 14:06:27,1,1,0,0,27.313,21.264
2026-07-05 14:11:28,1,1,0,0,27.347,22.079
2026-07-05 14:16:27,1,1,0,0,27.435,21.602
2026-07-05 14:21:27,1,1,0,0,27.515,21.649
2026-07-05 14:24:04,1,1,0,0,27.574,21.821
2026-07-05 14:26:27,2,2,0,0,27.652,21.762
2026-07-05 14:31:27,2,2,0,0,27.633,21.564
2026-07-05 14:36:27,3,3,0,0,27.513,21.491
2026-07-05 14:41:27,4,4,0,0,27.425,21.983
2026-07-05 14:42:33,5,5,0,0,27.417,22.264
2026-07-05 14:46:27,2,2,0,0,27.403,22.166
2026-07-05 14:51:28,3,3,0,0,27.422,21.577
2026-07-05 14:56:27,2,2,0,0,27.419,21.668
2026-07-05 15:01:28,4,4,0,0,27.489,21.939
2026-07-05 15:06:28,3,3,0,0,27.379,21.518
2026-07-05 15:11:28,2,2,0,0,27.142,21.737
2026-07-05 15:16:04,1,1,0,0,26.944,21.808
2026-07-05 15:16:28,0,0,0,0,26.968,21.893
2026-07-05 15:18:04,0,0,0,0,26.912,21.903
2026-07-05 15:21:28,1,1,0,0,26.827,21.72
2026-07-05 15:26:28,0,0,0,0,26.549,21.3
2026-07-05 15:28:05,0,0,0,0,26.471,21.134
2026-07-05 15:31:28,0,0,0,0,26.343,21.249
2026-07-05 15:36:28,1,1,0,0,26.202,22.115
2026-07-05 15:41:28,0,0,0,0,26.119,22.601
2026-07-05 15:46:05,1,1,0,0,25.884,23.269
2026-07-05 15:46:28,0,0,0,0,25.849,23.353
2026-07-05 15:51:28,0,0,0,0,25.625,23.297
2026-07-05 15:51:35,0,0,0,0,25.63,23.261
2026-07-05 15:56:28,1,1,0,0,25.475,23.505
2026-07-05 16:03:10,1,1,0,0,25.318,23.191
2026-07-05 16:07:08,6,6,0,0,25.08,23.707
2026-07-05 16:11:28,1,2,0,0,24.754,24.518
2026-07-05 16:12:14,1,1,0,0,24.722,24.606
2026-07-05 16:16:28,0,0,0,0,24.565,24.743
2026-07-05 16:21:28,1,2,0,0,24.386,25.207
2026-07-05 16:26:28,1,1,0,0,24.226,25.558
2026-07-05 16:30:44,3,3,0,0,24.079,24.882
2026-07-05 16:31:28,2,2,0,0,24.055,24.844
2026-07-05 16:32:44,1,1,0,0,24.02,24.509
2026-07-05 16:36:28,0,0,0,0,23.916,24.072
2026-07-05 16:41:28,0,0,0,0,23.785,24.32
2026-07-05 16:46:28,0,0,0,0,23.123,24.875
2026-07-05 16:51:28,86,88,0,0,22.095,25.746
2026-07-05 16:54:45,55,66,0,0,21.344,26.454
2026-07-05 16:56:28,45,55,0,0,20.938,26.826
2026-07-05 16:58:15,41,48,0,0,20.546,27.339
2026-07-05 17:01:28,34,38,0,0,19.846,28.295
2026-07-05 17:06:28,10,10,0,0,18.805,29.409
2026-07-05 17:11:28,30,30,0,0,17.91,30.82
2026-07-05 17:16:28,6,6,0,0,17.053,31.591
2026-07-05 17:21:28,2,2,0,0,16.281,32.451
2026-07-05 17:26:28,1,1,0,0,15.579,33.239
2026-07-05 17:27:46,0,0,0,0,15.448,33.361
2026-07-05 17:29:46,1,1,0,0,15.157,33.725
2026-07-05 17:31:28,1,1,0,0,14.981,34.076
2026-07-05 17:36:28,34,38,0,0,14.399,35.238
2026-07-05 17:41:28,9,11,0,0,13.899,36.283
2026-07-05 17:43:46,24,24,0,0,13.646,36.706
2026-07-05 17:46:28,11,11,0,0,13.379,36.662
2026-07-05 17:49:46,4,4,0,0,12.981,35.983
2026-07-05 17:51:28,1,2,0,0,12.818,36
2026-07-05 17:56:28,0,0,0,0,12.316,35.377
2026-07-05 18:01:28,1,1,0,0,11.867,34.389
2026-07-05 18:02:47,1,1,0,0,11.72,34.505
2026-07-05 18:05:08,1,2,0,0,11.539,34.328
2026-07-05 18:05:59,2,3,0,0,11.451,34.455
2026-07-05 18:06:28,2,2,0,0,11.403,34.503
2026-07-05 18:09:13,2,2,0,0,11.157,34.547
2026-07-05 18:11:28,2,2,0,0,10.994,34.656
2026-07-05 18:14:47,3,4,0,0,10.743,34.679
2026-07-05 18:16:28,1,1,0,0,10.615,34.698
2026-07-05 18:20:47,2,2,0,0,10.297,34.925
2026-07-05 18:21:28,1,1,0,0,10.244,35.009
2026-07-05 18:23:35,1,1,0,0,10.102,35.039
2026-07-05 18:26:17,4,5,0,0,9.931,35.087
2026-07-05 18:26:28,4,5,0,0,9.91,35.075
2026-07-05 18:28:02,8,8,0,0,9.817,35.232
2026-07-05 18:31:28,5,5,0,0,9.598,35.411
2026-07-05 18:32:17,8,8,0,0,9.549,35.318
2026-07-05 18:35:49,4,5,0,0,9.357,35.573
2026-07-05 18:36:28,6,6,0,0,9.312,35.638
2026-07-05 18:36:36,7,7,0,0,9.333,35.697
2026-07-05 18:38:48,26,29,0,0,9.218,35.768
2026-07-05 18:40:49,22,22,0,0,9.138,35.585
2026-07-05 18:41:28,22,22,0,0,9.12,35.575
2026-07-05 18:45:41,26,27,0,0,9.026,36.02
2026-07-05 18:46:29,20,20,0,0,8.999,35.924
2026-07-05 18:48:47,17,21,0,0,8.959,36.075
2026-07-05 18:51:28,9,9,0,0,8.914,36.134
2026-07-05 18:51:48,9,9,0,0,8.925,36.189
2026-07-05 18:54:18,9,10,0,0,8.869,36.376
2026-07-05 18:56:28,7,7,0,0,8.807,36.353
2026-07-05 19:01:18,5,5,0,0,8.684,36.731
2026-07-05 19:01:28,4,4,0,0,8.682,36.742
2026-07-05 19:06:28,5,7,0,0,8.543,37.084
2026-07-05 19:11:28,45,53,0,0,8.449,36.746
2026-07-05 19:14:18,48,58,0,0,8.415,36.777
2026-07-05 19:16:28,66,81,0,0,8.388,36.914
2026-07-05 19:21:28,96,102,0,0,8.337,37.421
2026-07-05 19:26:28,54,68,0,0,8.254,38.009
2026-07-05 19:31:28,47,57,0,0,8.169,38.907
2026-07-05 19:36:28,51,62,0,0,8.129,39.401
2026-07-05 19:41:28,41,48,0,0,8.132,40.242
2026-07-05 19:41:49,42,48,0,0,8.124,40.275
2026-07-05 19:46:28,36,39,0,0,8.086,40.454
2026-07-05 19:51:28,48,58,0,0,8.067,41.965
2026-07-05 19:56:28,61,74,0,0,8.078,44.227
2026-07-05 20:01:28,68,82,0,0,8.107,47.286
2026-07-05 20:02:19,67,80,0,0,8.124,47.529
2026-07-05 20:06:28,62,76,0,0,8.201,47.761
2026-07-05 20:11:28,40,44,0,0,8.172,43.111
2026-07-05 20:11:50,39,45,0,0,8.169,42.981
2026-07-05 20:16:28,33,36,0,0,7.891,42.451
2026-07-05 20:21:28,30,31,0,0,7.549,42.243
2026-07-05 20:26:28,27,27,0,0,7.28,42.611
2026-07-05 20:31:28,29,30,0,0,7.074,42.836
2026-07-05 20:33:50,27,30,0,0,6.997,42.98
2026-07-05 20:36:28,30,30,0,0,6.895,43.161
2026-07-05 20:41:28,24,27,0,0,6.732,43.176
2026-07-05 20:46:28,27,29,0,0,6.54,43.086
2026-07-05 20:47:20,23,24,0,0,6.513,43.041
2026-07-05 20:51:28,33,34,0,0,6.388,43.151
2026-07-05 20:56:28,42,47,0,0,6.257,43.559
2026-07-05 20:56:50,43,49,0,0,6.254,43.598
2026-07-05 20:59:21,47,55,0,0,6.166,44.111
2026-07-05 21:01:28,44,51,0,0,6.105,45.108
2026-07-05 21:05:20,62,77,0,0,6.022,47.002
2026-07-05 21:06:29,65,82,0,0,6.001,47.363
2026-07-05 21:07:21,63,77,0,0,5.974,47.197
2026-07-05 21:10:02,66,82,0,0,5.926,47.527
2026-07-05 21:11:28,68,83,0,0,5.91,47.704
2026-07-05 21:12:41,60,74,0,0,5.894,47.676
2026-07-05 21:14:26,57,69,0,0,5.859,47.872
2026-07-05 21:14:51,54,65,0,0,5.867,47.878
2026-07-05 21:15:47,53,63,0,0,5.816,47.786
2026-07-05 21:16:28,54,64,0,0,5.806,47.861
2026-07-05 21:17:43,56,69,0,0,5.779,47.954
2026-07-05 21:19:51,52,62,0,0,5.763,48.12
2026-07-05 21:21:10,53,63,0,0,5.702,47.988
2026-07-05 21:21:28,52,59,0,0,5.728,47.977
2026-07-05 21:21:51,50,58,0,0,5.707,47.954
2026-07-05 21:22:30,50,61,0,0,5.688,47.908
2026-07-05 21:24:51,55,66,0,0,5.64,48.023
2026-07-05 21:26:28,51,61,0,0,5.656,48.086
2026-07-05 21:26:30,51,61,0,0,5.64,48.057
2026-07-05 21:27:55,54,64,0,0,5.624,48.057
2026-07-05 21:30:57,55,65,0,0,5.589,48.173
2026-07-05 21:31:30,57,68,0,0,5.587,48.173
2026-07-05 21:31:44,58,69,0,0,5.565,48.171
2026-07-05 21:36:30,56,66,0,0,5.579,48.149
2026-07-05 21:36:38,54,64,0,0,5.587,48.17
2026-07-05 21:38:31,55,66,0,0,5.552,48.225
2026-07-05 21:39:52,55,66,0,0,5.531,48.213
2026-07-05 21:41:30,54,65,0,0,5.501,48.135
2026-07-05 21:41:32,54,65,0,0,5.501,48.147
2026-07-05 21:42:51,55,67,0,0,5.48,48.057
2026-07-05 21:44:14,53,63,0,0,5.443,47.91
2026-07-05 21:46:30,52,62,0,0,5.408,47.698
2026-07-05 21:51:30,51,61,0,0,5.261,47.374
2026-07-05 21:52:52,53,63,0,0,5.229,47.302
2026-07-05 21:56:30,49,57,0,0,5.143,47.12
2026-07-05 21:56:46,51,61,0,0,5.135,47.151
2026-07-05 21:58:41,92,98,0,0,5.055,47.153
2026-07-05 21:59:58,79,92,0,0,5.01,47.162
2026-07-05 22:01:22,75,89,0,0,5.007,47.029
2026-07-05 22:01:30,71,87,0,0,4.965,47.004
2026-07-05 22:01:40,67,85,0,0,4.946,46.995
2026-07-05 22:02:22,57,68,0,0,4.94,46.968
2026-07-05 22:04:57,43,48,0,0,4.858,46.764
2026-07-05 22:06:15,44,51,0,0,4.82,46.787
2026-07-05 22:06:29,43,51,0,0,4.799,46.722
2026-07-05 22:06:31,43,51,0,0,4.775,46.775
2026-07-05 22:08:04,44,51,0,0,4.767,46.758
2026-07-05 22:11:10,38,43,0,0,4.641,46.729
2026-07-05 22:11:31,38,43,0,0,4.628,46.737
2026-07-05 22:13:06,44,48,0,0,4.567,46.768
2026-07-05 22:15:58,37,37,0,0,4.487,46.684
2026-07-05 22:16:22,38,39,0,0,4.476,46.68
2026-07-05 22:16:31,38,40,0,0,4.476,46.665
2026-07-05 22:18:22,41,44,0,0,4.409,46.773
2026-07-05 22:20:22,32,33,0,0,4.372,46.584
2026-07-05 22:21:31,34,34,0,0,4.3,46.59
2026-07-05 22:21:43,36,36,0,0,4.308,46.602
2026-07-05 22:26:22,35,36,0,0,4.22,46.785
2026-07-05 22:26:31,33,33,0,0,4.225,46.825
2026-07-05 22:31:12,41,44,0,0,4.214,47.668
2026-07-05 22:31:31,41,42,0,0,4.23,47.708
2026-07-05 22:36:31,41,46,0,0,4.35,48.255
2026-07-05 22:37:22,45,49,0,0,4.348,48.334
2026-07-05 22:40:22,45,53,0,0,4.449,48.835
2026-07-05 22:41:31,46,56,0,0,4.487,48.95
2026-07-05 22:46:31,46,55,0,0,4.609,49.587
2026-07-05 22:51:31,51,62,0,0,4.692,50.033
2026-07-05 22:56:31,53,64,0,0,4.716,50.893
2026-07-05 22:59:57,58,70,0,0,4.727,50.912
2026-07-05 23:01:31,55,64,0,0,4.735,50.63
2026-07-05 23:06:31,50,58,0,0,4.738,49.646
2026-07-05 23:11:31,32,32,0,0,4.577,47.464
2026-07-05 23:16:31,7,9,0,0,4.313,46.882
2026-07-05 23:21:23,22,23,0,0,4.065,46.962
2026-07-05 23:21:31,22,24,0,0,4.046,46.962
2026-07-05 23:26:31,34,35,0,0,3.835,47.552
2026-07-05 23:31:31,53,65,0,0,3.68,48.362
2026-07-05 23:36:31,53,63,0,0,3.6,48.417
2026-07-05 23:41:24,46,51,0,0,3.496,49.289
2026-07-05 23:41:31,46,52,0,0,3.499,49.362
2026-07-05 23:46:31,52,60,0,0,3.352,50.563
2026-07-05 23:48:24,51,62,0,0,3.296,51.168
2026-07-05 23:49:24,56,65,0,0,3.258,51.446
2026-07-05 23:51:31,60,72,0,0,3.223,52.024
2026-07-05 23:55:14,63,79,0,0,3.157,52.957
2026-07-05 23:56:31,65,81,0,0,3.151,53.195
2026-07-05 23:58:25,66,81,0,0,3.122,53.52
2026-07-06 00:00:24,64,77,0,0,3.085,53.754
2026-07-06 00:01:31,61,75,0,0,3.071,53.831
2026-07-06 00:04:39,60,73,0,0,3.045,53.825
2026-07-06 00:06:31,57,71,0,0,3.045,53.764
2026-07-06 00:07:24,55,66,0,0,3.018,53.712
2026-07-06 00:07:54,57,68,0,0,3.018,53.745
2026-07-06 00:08:24,55,66,0,0,3.015,53.764
2026-07-06 00:09:24,53,63,0,0,3.007,53.865
2026-07-06 00:11:31,54,65,0,0,3.007,54.136
2026-07-06 00:15:25,52,61,0,0,2.98,54.637
2026-07-06 00:15:54,51,62,0,0,2.954,54.622
2026-07-06 00:16:31,49,59,0,0,2.956,54.569
2026-07-06 00:16:54,47,55,0,0,2.948,54.565
2026-07-06 00:21:31,48,54,0,0,2.943,54.626
2026-07-06 00:25:35,46,52,0,0,2.93,54.769
2026-07-06 00:26:31,44,46,0,0,2.922,54.693
2026-07-06 00:31:31,46,53,0,0,2.882,54.267
2026-07-06 00:36:31,43,47,0,0,2.847,53.894
2026-07-06 00:41:31,43,46,0,0,2.732,53.583
2026-07-06 00:46:31,45,50,0,0,2.561,53.871
2026-07-06 00:51:31,49,56,0,0,2.372,54.662
2026-07-06 00:56:31,50,60,0,0,2.198,55.33
2026-07-06 00:59:17,53,62,0,0,2.139,55.923
2026-07-06 01:01:31,47,56,0,0,2.11,55.795
2026-07-06 01:04:27,48,57,0,0,2.033,56.263
2026-07-06 01:06:31,48,55,0,0,1.974,56.675
2026-07-06 01:08:25,49,54,0,0,1.966,56.81
2026-07-06 01:09:46,47,57,0,0,1.944,56.669
2026-07-06 01:11:31,47,52,0,0,1.899,56.747
2026-07-06 01:12:25,48,57,0,0,1.891,57.016
2026-07-06 01:13:30,46,55,0,0,1.872,57.107
2026-07-06 01:16:31,51,61,0,0,1.827,57.504
2026-07-06 01:19:17,53,61,0,0,1.795,57.821
2026-07-06 01:21:31,53,61,0,0,1.749,57.981
2026-07-06 01:22:36,50,61,0,0,1.704,58.063
2026-07-06 01:26:31,46,54,0,0,1.677,58.067
2026-07-06 01:27:26,45,53,0,0,1.717,58.061
2026-07-06 01:28:55,41,45,0,0,1.701,57.924
2026-07-06 01:31:31,38,42,0,0,1.749,57.624
2026-07-06 01:34:07,44,49,0,0,1.731,57.344
2026-07-06 01:36:31,41,48,0,0,1.76,57.098
2026-07-06 01:37:54,43,45,0,0,1.731,56.976
2026-07-06 01:40:38,39,39,0,0,1.715,56.989
2026-07-06 01:41:23,38,42,0,0,1.715,57.029
2026-07-06 01:41:31,39,42,0,0,1.693,57.052
2026-07-06 01:42:56,36,38,0,0,1.667,57.117
2026-07-06 01:46:31,32,34,0,0,1.664,56.873
2026-07-06 01:49:33,34,34,0,0,1.656,56.779
2026-07-06 01:51:31,26,26,0,0,1.651,56.621
2026-07-06 01:56:31,16,16,0,0,1.725,55.706
2026-07-06 01:59:27,17,19,0,0,1.883,55.858
2026-07-06 02:01:31,8,8,0,0,1.992,55.204
2026-07-06 02:02:26,6,9,0,0,2.057,54.857
2026-07-06 02:06:21,9,12,0,0,2.281,54.912
2026-07-06 02:06:31,9,12,0,0,2.313,54.895
2026-07-06 02:07:12,10,10,0,0,2.34,54.777
2026-07-06 02:09:01,8,9,0,0,2.425,54.481
2026-07-06 02:09:07,8,9,0,0,2.452,54.395
2026-07-06 02:09:30,6,8,0,0,2.446,54.206
2026-07-06 02:11:31,6,6,0,0,2.564,53.089
2026-07-06 02:12:43,2,2,0,0,2.657,51.752
2026-07-06 02:12:59,2,2,0,0,2.641,51.45
2026-07-06 02:14:01,2,2,0,0,2.687,50.76
2026-07-06 02:14:36,2,2,0,0,2.724,50.462
2026-07-06 02:15:44,1,2,0,0,2.804,50.094
2026-07-06 02:16:09,1,2,0,0,2.826,49.94
2026-07-06 02:16:14,1,2,0,0,2.823,49.966
2026-07-06 02:16:18,1,2,0,0,2.842,49.955
2026-07-06 02:16:22,1,2,0,0,2.836,49.966
2026-07-06 02:16:31,1,4,0,0,2.831,49.94
2026-07-06 02:16:49,1,4,0,0,2.86,49.93
2026-07-06 02:16:53,2,4,0,0,2.863,49.896
2026-07-06 02:17:03,2,4,0,0,2.876,49.903
2026-07-06 02:17:53,2,4,0,0,2.932,49.753
2026-07-06 02:19:03,2,2,0,0,2.98,48.353
2026-07-06 02:19:17,2,2,0,0,3.002,48.215
2026-07-06 02:19:25,2,2,0,0,2.959,48.126
2026-07-06 02:19:50,1,1,0,0,3.01,47.91
2026-07-06 02:19:53,1,1,0,0,3.013,47.923
2026-07-06 02:19:59,1,1,0,0,3.018,47.883
2026-07-06 02:20:19,2,2,0,0,3.034,47.841
2026-07-06 02:20:39,1,2,0,0,3.055,47.765
2026-07-06 02:21:05,4,4,0,0,3.085,47.706
2026-07-06 02:21:23,4,4,0,0,3.109,47.658
2026-07-06 02:21:31,4,4,0,0,3.109,47.637
2026-07-06 02:22:54,1,1,0,0,3.183,46.873
2026-07-06 02:26:31,0,1,0,0,3.394,44.908
2026-07-06 02:27:36,0,1,0,0,3.429,44.542
2026-07-06 02:29:56,1,1,0,0,3.536,44.336
2026-07-06 02:31:11,2,2,0,0,3.603,44.162
2026-07-06 02:31:31,1,1,0,0,3.627,44.156
2026-07-06 02:36:31,7,9,0,0,3.64,45.379
2026-07-06 02:41:31,9,9,0,0,3.354,45.995
2026-07-06 02:44:05,6,7,0,0,3.111,45.698
2026-07-06 02:46:31,4,4,0,0,2.922,44.597
2026-07-06 02:51:31,4,5,0,0,2.81,43.754
2026-07-06 02:56:31,1,1,0,0,2.9,43.359
2026-07-06 02:59:33,1,1,0,0,2.959,41.665
2026-07-06 03:01:31,1,1,0,0,3.018,41.742
2026-07-06 03:06:32,1,3,0,0,3.157,42.436
2026-07-06 03:10:19,3,3,0,0,3.061,43.451
2026-07-06 03:11:31,4,4,0,0,2.954,44.031
2026-07-06 03:16:31,1,2,0,0,2.665,45.354
2026-07-06 03:21:31,0,0,0,0,2.492,43.683
2026-07-06 03:23:04,1,1,0,0,2.51,43.374
2026-07-06 03:24:21,0,0,0,0,2.524,43.323
2026-07-06 03:25:56,0,0,0,0,2.575,42.968
2026-07-06 03:26:31,0,0,0,0,2.559,42.724
2026-07-06 03:27:12,0,0,0,0,2.601,42.411
2026-07-06 03:29:40,0,0,0,0,2.671,41.822
2026-07-06 03:31:32,0,0,0,0,2.737,41.9
2026-07-06 03:36:31,8,8,0,0,2.844,45.774
2026-07-06 03:38:04,5,5,0,0,2.772,46.134
2026-07-06 03:38:53,8,8,0,0,2.751,46.504
2026-07-06 03:41:26,2,2,0,0,2.631,46.64
2026-07-06 03:41:31,4,4,0,0,2.612,46.647
2026-07-06 03:43:02,4,5,0,0,2.54,47.113
2026-07-06 03:46:32,4,4,0,0,2.342,47.937
2026-07-06 03:51:31,4,4,0,0,2.129,47.519
2026-07-06 03:55:28,9,10,0,0,1.966,46.937
2026-07-06 03:56:31,10,10,0,0,1.931,46.358
2026-07-06 04:01:31,4,5,0,0,1.693,47.252
2026-07-06 04:02:40,6,6,0,0,1.635,47.746
2026-07-06 04:06:31,1,2,0,0,1.547,48.44
2026-07-06 04:10:35,1,2,0,0,1.504,47.431
2026-07-06 04:11:31,0,0,0,0,1.493,46.745
2026-07-06 04:12:10,0,0,0,0,1.49,46.384
2026-07-06 04:15:09,0,0,0,0,1.555,45.568
2026-07-06 04:16:31,0,0,0,0,1.608,45.322
2026-07-06 04:21:31,0,0,0,0,1.744,44.694
2026-07-06 04:25:56,6,8,0,0,1.757,43.723
2026-07-06 04:26:31,6,6,0,0,1.747,43.653
2026-07-06 04:27:04,8,8,0,0,1.739,43.514
2026-07-06 04:29:18,4,5,0,0,1.693,42.774
2026-07-06 04:31:31,1,1,0,0,1.627,42.285
2026-07-06 04:36:31,0,0,0,0,1.512,42.106
2026-07-06 04:40:01,16,19,0,0,1.49,42.299
2026-07-06 04:41:31,1,1,0,0,1.512,42.287
2026-07-06 04:42:46,0,0,0,0,1.49,42.255
2026-07-06 04:43:58,0,0,0,0,1.485,42.215
2026-07-06 04:44:00,0,0,0,0,1.49,42.255
2026-07-06 04:44:03,0,0,0,0,1.488,42.238
2026-07-06 04:44:07,0,0,0,0,1.49,42.228
2026-07-06 04:44:13,0,0,0,0,1.49,42.199
2026-07-06 04:44:18,0,0,0,0,1.482,42.224
2026-07-06 04:44:21,0,0,0,0,1.504,42.215
2026-07-06 04:44:25,0,0,0,0,1.493,42.171
2026-07-06 04:44:51,0,0,0,0,1.49,42.127
2026-07-06 04:45:09,0,0,0,0,1.482,42.022
2026-07-06 04:45:13,0,0,0,0,1.49,41.98
2026-07-06 04:45:16,0,0,0,0,1.504,42.028
2026-07-06 04:45:35,0,0,0,0,1.501,41.98
2026-07-06 04:45:51,0,0,0,0,1.525,41.93
2026-07-06 04:45:57,0,0,0,0,1.501,41.91
2026-07-06 04:46:15,0,0,0,0,1.501,41.81
2026-07-06 04:46:31,0,0,0,0,1.514,41.753
2026-07-06 04:46:35,0,0,0,0,1.514,41.719
2026-07-06 04:46:45,0,0,0,0,1.504,41.675
2026-07-06 04:46:48,0,0,0,0,1.522,41.669
2026-07-06 04:47:06,0,0,0,0,1.512,41.627
2026-07-06 04:47:22,0,0,0,0,1.501,41.623
2026-07-06 04:47:26,0,0,0,0,1.512,41.576
2026-07-06 04:47:40,0,0,0,0,1.514,41.566
2026-07-06 04:47:43,0,0,0,0,1.528,41.507
2026-07-06 04:47:48,0,0,0,0,1.528,41.511
2026-07-06 04:47:58,0,0,0,0,1.53,41.454
2026-07-06 04:48:00,0,0,0,0,1.538,41.444
2026-07-06 04:48:10,0,0,0,0,1.514,41.433
2026-07-06 04:48:13,0,0,0,0,1.544,41.408
2026-07-06 04:48:19,0,0,0,0,1.533,41.398
2026-07-06 04:48:26,0,0,0,0,1.53,41.383
2026-07-06 04:48:38,0,0,0,0,1.53,41.358
2026-07-06 04:48:48,0,0,0,0,1.557,41.314
2026-07-06 04:49:00,0,0,0,0,1.538,41.301
2026-07-06 04:49:13,0,0,0,0,1.56,41.232
2026-07-06 04:49:25,0,0,0,0,1.581,41.213
2026-07-06 04:49:37,0,0,0,0,1.576,41.196
2026-07-06 04:49:43,0,0,0,0,1.555,41.179
2026-07-06 04:50:05,0,0,0,0,1.571,41.019
2026-07-06 04:50:12,0,0,0,0,1.557,40.944
2026-07-06 04:50:22,0,0,0,0,1.576,40.878
2026-07-06 04:50:26,0,0,0,0,1.581,40.868
2026-07-06 04:50:30,0,0,0,0,1.573,40.859
2026-07-06 04:50:36,0,0,0,0,1.571,40.859
2026-07-06 04:50:42,0,0,0,0,1.584,40.862
2026-07-06 04:50:46,0,0,0,0,1.605,40.878
2026-07-06 04:50:49,0,0,0,0,1.571,40.878
2026-07-06 04:50:55,0,0,0,0,1.568,40.946
2026-07-06 04:51:01,0,0,0,0,1.56,41.004
2026-07-06 04:51:31,0,0,0,0,1.605,41.234
2026-07-06 04:51:33,0,0,0,0,1.605,41.234
2026-07-06 04:51:38,0,0,0,0,1.595,41.288
2026-07-06 04:51:42,0,0,0,0,1.584,41.362
2026-07-06 04:52:18,0,0,0,0,1.605,42.205
2026-07-06 04:52:21,0,0,0,0,1.603,42.257
2026-07-06 04:52:48,0,1,0,0,1.597,42.875
2026-07-06 04:52:51,0,1,0,0,1.611,42.934
2026-07-06 04:53:13,0,1,0,0,1.587,43.342
2026-07-06 04:53:17,0,1,0,0,1.592,43.437
2026-07-06 04:53:30,0,0,0,0,1.592,43.647
2026-07-06 04:53:50,0,1,0,0,1.603,44.004
2026-07-06 04:54:06,2,2,0,0,1.603,44.259
2026-07-06 04:54:10,2,2,0,0,1.608,44.381
2026-07-06 04:54:14,2,2,0,0,1.613,44.418
2026-07-06 04:54:28,2,2,0,0,1.616,44.637
2026-07-06 04:54:34,1,2,0,0,1.576,44.738
2026-07-06 04:54:54,1,1,0,0,1.56,45.072
2026-07-06 04:55:04,1,1,0,0,1.568,45.226
2026-07-06 04:55:09,1,1,0,0,1.573,45.31
2026-07-06 04:55:25,1,1,0,0,1.581,45.509
2026-07-06 04:55:39,1,1,0,0,1.555,45.715
2026-07-06 04:55:55,1,1,0,0,1.552,45.839
2026-07-06 04:56:01,2,2,0,0,1.528,45.94
2026-07-06 04:56:16,2,2,0,0,1.533,46.075
2026-07-06 04:56:19,2,2,0,0,1.528,46.142
2026-07-06 04:56:29,2,2,0,0,1.514,46.22
2026-07-06 04:56:32,2,2,0,0,1.541,46.243
2026-07-06 04:56:33,2,2,0,0,1.509,46.249
2026-07-06 04:56:37,2,2,0,0,1.528,46.268
2026-07-06 04:56:59,0,1,0,0,1.512,46.487
2026-07-06 04:57:15,1,1,0,0,1.482,46.684
2026-07-06 04:57:21,2,2,0,0,1.493,46.827
2026-07-06 04:57:31,2,2,0,0,1.485,46.949
2026-07-06 04:57:35,2,2,0,0,1.49,46.96
2026-07-06 04:57:45,2,2,0,0,1.469,47.099
2026-07-06 04:57:57,2,2,0,0,1.461,47.254
2026-07-06 04:58:25,1,1,0,0,1.426,47.563
2026-07-06 04:58:33,1,2,0,0,1.434,47.626
2026-07-06 04:59:38,4,4,0,0,1.378,48.152
2026-07-06 05:01:34,2,5,0,0,1.269,48.734
2026-07-06 05:06:34,4,5,0,0,0.967,49.44
2026-07-06 05:11:34,4,4,0,0,0.735,51.275
2026-07-06 05:11:39,4,4,0,0,0.724,51.341
2026-07-06 05:16:34,5,5,0,0,0.583,52.543
2026-07-06 05:21:34,4,5,0,0,0.457,53.459
2026-07-06 05:26:34,8,8,0,0,0.323,53.531
2026-07-06 05:27:08,7,8,0,0,0.289,53.598
2026-07-06 05:29:25,5,5,0,0,0.214,53.575
2026-07-06 05:29:31,5,7,0,0,0.193,53.564
2026-07-06 05:30:45,0,1,0,0,0.177,53.522
2026-07-06 05:31:29,1,2,0,0,0.137,53.47
2026-07-06 05:31:33,1,2,0,0,0.142,53.478
2026-07-06 05:31:35,1,2,0,0,0.115,53.472
2026-07-06 05:32:09,2,4,0,0,0.126,53.447
2026-07-06 05:32:18,4,4,0,0,0.094,53.424
2026-07-06 05:32:44,2,2,0,0,0.097,53.497
2026-07-06 05:32:49,2,2,0,0,0.097,53.503
2026-07-06 05:33:25,4,4,0,0,0.07,53.565
2026-07-06 05:36:35,2,4,0,0,-0.037,53.377
2026-07-06 05:41:35,1,1,0,0,-0.221,53.636
2026-07-06 05:45:14,1,1,0,0,-0.32,53.493
2026-07-06 05:46:04,2,2,0,0,-0.312,53.379
2026-07-06 05:46:09,2,2,0,0,-0.32,53.398
2026-07-06 05:46:22,2,2,0,0,-0.331,53.379
2026-07-06 05:46:25,2,2,0,0,-0.296,53.339
2026-07-06 05:46:35,2,4,0,0,-0.32,53.333
2026-07-06 05:46:57,2,2,0,0,-0.309,53.285
2026-07-06 05:47:01,2,2,0,0,-0.328,53.257
2026-07-06 05:47:06,2,2,0,0,-0.336,53.26
2026-07-06 05:47:11,2,2,0,0,-0.312,53.255
2026-07-06 05:47:29,1,1,0,0,-0.347,53.174
2026-07-06 05:47:43,1,1,0,0,-0.309,53.131
2026-07-06 05:48:33,0,0,0,0,-0.317,52.986
2026-07-06 05:48:54,0,0,0,0,-0.307,52.93
2026-07-06 05:49:08,0,0,0,0,-0.28,52.867
2026-07-06 05:49:12,0,0,0,0,-0.288,52.816
2026-07-06 05:51:35,1,1,0,0,-0.224,52.343
2026-07-06 05:53:19,0,1,0,0,-0.146,52.089
2026-07-06 05:53:26,0,1,0,0,-0.168,52.068
2026-07-06 05:53:30,0,0,0,0,-0.149,52.047
2026-07-06 05:54:04,0,0,0,0,-0.114,51.975
2026-07-06 05:54:22,1,1,0,0,-0.122,51.965
2026-07-06 05:54:38,0,0,0,0,-0.101,51.959
2026-07-06 05:54:48,0,0,0,0,-0.093,51.996
2026-07-06 05:54:50,0,0,0,0,-0.077,51.988
2026-07-06 05:55:06,0,0,0,0,-0.101,52.015
2026-07-06 05:55:44,0,0,0,0,-0.042,52.232
2026-07-06 05:55:49,0,0,0,0,-0.026,52.251
2026-07-06 05:56:07,0,0,0,0,-0.029,52.333
2026-07-06 05:56:23,0,0,0,0,-0.008,52.417
2026-07-06 05:56:35,0,0,0,0,-0.005,52.465
2026-07-06 05:56:48,0,0,0,0,0.008,52.518
2026-07-06 05:57:07,0,0,0,0,0.022,52.551
2026-07-06 05:57:15,0,0,0,0,0.035,52.566
2026-07-06 05:57:51,0,0,0,0,0.097,52.669
2026-07-06 05:58:07,0,0,0,0,0.091,52.717
2026-07-06 05:58:37,0,0,0,0,0.126,52.743
2026-07-06 05:58:40,0,0,0,0,0.113,52.747
2026-07-06 05:58:54,0,0,0,0,0.131,52.724
2026-07-06 05:59:02,0,0,0,0,0.147,52.74
2026-07-06 05:59:14,0,1,0,0,0.145,52.715
2026-07-06 06:01:36,0,1,0,0,0.254,52.648
2026-07-06 06:06:02,1,2,0,0,0.47,53.092
2026-07-06 06:06:32,1,1,0,0,0.481,53.064
2026-07-06 06:06:35,1,1,0,0,0.5,53.066
2026-07-06 06:06:49,1,1,0,0,0.508,53.039
2026-07-06 06:07:03,0,0,0,0,0.502,53.035
2026-07-06 06:07:15,1,2,0,0,0.508,53.016
2026-07-06 06:07:20,1,2,0,0,0.513,52.989
2026-07-06 06:07:28,1,1,0,0,0.516,52.965
2026-07-06 06:07:32,1,1,0,0,0.513,52.955
2026-07-06 06:07:44,2,2,0,0,0.532,52.94
2026-07-06 06:07:58,1,1,0,0,0.542,52.885
2026-07-06 06:08:10,0,0,0,0,0.55,52.825
2026-07-06 06:08:20,0,0,0,0,0.55,52.783
2026-07-06 06:08:36,0,2,0,0,0.575,52.721
2026-07-06 06:09:06,0,1,0,0,0.577,52.576
2026-07-06 06:09:16,0,1,0,0,0.617,52.53
2026-07-06 06:09:20,0,1,0,0,0.593,52.513
2026-07-06 06:09:34,0,1,0,0,0.604,52.438
2026-07-06 06:09:38,0,1,0,0,0.607,52.398
2026-07-06 06:09:44,0,1,0,0,0.62,52.385
2026-07-06 06:09:56,0,1,0,0,0.617,52.314
2026-07-06 06:10:04,0,1,0,0,0.633,52.272
2026-07-06 06:10:19,0,0,0,0,0.644,52.154
2026-07-06 06:10:32,0,0,0,0,0.66,52.055
2026-07-06 06:10:47,0,0,0,0,0.665,51.958
2026-07-06 06:11:03,0,0,0,0,0.689,51.914
2026-07-06 06:11:21,0,1,0,0,0.708,51.818
2026-07-06 06:11:35,0,1,0,0,0.721,51.738
2026-07-06 06:11:39,0,1,0,0,0.737,51.727
2026-07-06 06:11:43,0,1,0,0,0.743,51.696
2026-07-06 06:11:52,0,0,0,0,0.743,51.692
2026-07-06 06:12:16,0,0,0,0,0.756,51.547
2026-07-06 06:12:24,0,0,0,0,0.769,51.528
2026-07-06 06:12:32,0,0,0,0,0.785,51.475
2026-07-06 06:12:40,0,0,0,0,0.761,51.385
2026-07-06 06:12:52,0,0,0,0,0.791,51.349
2026-07-06 06:12:56,0,0,0,0,0.78,51.298
2026-07-06 06:13:20,1,1,0,0,0.812,51.025
2026-07-06 06:13:48,1,1,0,0,0.834,50.727
2026-07-06 06:14:00,1,1,0,0,0.86,50.626
2026-07-06 06:14:10,1,1,0,0,0.879,50.573
2026-07-06 06:14:28,0,0,0,0,0.866,50.397
2026-07-06 06:14:40,0,0,0,0,0.903,50.178
2026-07-06 06:14:58,0,0,0,0,0.943,50.003
2026-07-06 06:15:05,0,0,0,0,0.914,49.928
2026-07-06 06:15:17,0,0,0,0,0.93,49.802
2026-07-06 06:15:23,0,0,0,0,0.94,49.818
2026-07-06 06:15:29,0,0,0,0,0.938,49.768
2026-07-06 06:15:39,0,0,0,0,0.946,49.758
2026-07-06 06:15:53,0,0,0,0,0.946,49.724
2026-07-06 06:16:09,0,0,0,0,0.97,49.684
2026-07-06 06:16:17,0,0,0,0,0.975,49.619
2026-07-06 06:16:24,0,0,0,0,1.002,49.6
2026-07-06 06:16:35,0,0,0,0,1.004,49.571
2026-07-06 06:16:49,0,0,0,0,1.01,49.482
2026-07-06 06:16:57,0,0,0,0,1.02,49.453
2026-07-06 06:16:59,0,0,0,0,1.034,49.463
2026-07-06 06:17:02,0,0,0,0,1.023,49.453
2026-07-06 06:17:06,0,0,0,0,1.02,49.428
2026-07-06 06:17:12,0,0,0,0,1.039,49.392
2026-07-06 06:17:54,0,0,0,0,1.079,49.203
2026-07-06 06:18:03,0,0,0,0,1.109,49.169
2026-07-06 06:18:09,0,0,0,0,1.079,49.142
2026-07-06 06:18:32,0,0,0,0,1.103,48.995
2026-07-06 06:18:44,0,0,0,0,1.111,48.919
2026-07-06 06:19:13,0,0,0,0,1.149,48.77
2026-07-06 06:19:17,0,0,0,0,1.13,48.751
2026-07-06 06:19:50,1,1,0,0,1.194,48.473
2026-07-06 06:20:02,1,1,0,0,1.162,48.391
2026-07-06 06:20:34,1,1,0,0,1.199,48.252
2026-07-06 06:20:38,1,1,0,0,1.218,48.213
2026-07-06 06:21:06,1,1,0,0,1.253,48.141
2026-07-06 06:21:16,1,1,0,0,1.237,48.116
2026-07-06 06:21:35,1,1,0,0,1.242,48.078
2026-07-06 06:21:51,1,2,0,0,1.274,48.015
2026-07-06 06:21:59,2,2,0,0,1.285,48.004
2026-07-06 06:22:08,2,2,0,0,1.29,47.988
2026-07-06 06:22:24,4,4,0,0,1.287,47.962
2026-07-06 06:22:32,5,5,0,0,1.301,47.895
2026-07-06 06:22:41,5,6,0,0,1.317,47.895
2026-07-06 06:22:45,5,5,0,0,1.301,47.872
2026-07-06 06:23:21,1,2,0,0,1.317,47.693
2026-07-06 06:24:01,1,4,0,0,1.376,47.508
2026-07-06 06:24:34,12,15,0,0,1.365,47.323
2026-07-06 06:24:50,18,19,0,0,1.386,47.185
2026-07-06 06:25:30,12,15,0,0,1.402,47.029
2026-07-06 06:25:54,8,9,0,0,1.413,46.861
2026-07-06 06:25:59,8,11,0,0,1.4,46.825
2026-07-06 06:26:09,8,9,0,0,1.424,46.75
2026-07-06 06:26:35,6,8,0,0,1.434,46.596
2026-07-06 06:26:37,6,8,0,0,1.418,46.584
2026-07-06 06:26:42,7,8,0,0,1.44,46.598
2026-07-06 06:26:50,5,6,0,0,1.429,46.533
2026-07-06 06:27:18,9,9,0,0,1.445,46.529
2026-07-06 06:27:34,12,12,0,0,1.448,46.459
2026-07-06 06:28:22,12,15,0,0,1.474,46.104
2026-07-06 06:29:20,15,15,0,0,1.493,45.925
2026-07-06 06:29:24,12,12,0,0,1.52,45.944
2026-07-06 06:29:35,15,15,0,0,1.506,45.905
2026-07-06 06:29:47,12,12,0,0,1.501,45.816
2026-07-06 06:30:07,6,6,0,0,1.533,45.688
2026-07-06 06:30:39,5,6,0,0,1.538,45.406
2026-07-06 06:30:42,5,6,0,0,1.538,45.398
2026-07-06 06:30:45,5,6,0,0,1.536,45.354
2026-07-06 06:30:52,5,6,0,0,1.547,45.312
2026-07-06 06:31:20,6,8,0,0,1.565,45.112
2026-07-06 06:31:33,9,11,0,0,1.573,45.068
2026-07-06 06:31:35,9,11,0,0,1.557,45.074
2026-07-06 06:33:19,2,2,0,0,1.645,44.855
2026-07-06 06:33:23,2,2,0,0,1.651,44.826
2026-07-06 06:33:26,1,1,0,0,1.635,44.767
2026-07-06 06:33:30,1,1,0,0,1.643,44.818
2026-07-06 06:33:58,2,2,0,0,1.68,44.713
2026-07-06 06:34:16,1,1,0,0,1.688,44.547
2026-07-06 06:34:40,0,1,0,0,1.696,44.385
2026-07-06 06:34:44,0,1,0,0,1.693,44.366
2026-07-06 06:35:20,2,2,0,0,1.715,44.225
2026-07-06 06:36:00,5,6,0,0,1.747,44.261
2026-07-06 06:36:04,6,8,0,0,1.744,44.242
2026-07-06 06:36:08,6,9,0,0,1.715,44.305
2026-07-06 06:36:20,6,11,0,0,1.731,44.336
2026-07-06 06:36:35,6,8,0,0,1.749,44.34
2026-07-06 06:36:47,8,9,0,0,1.755,44.381
2026-07-06 06:36:52,8,9,0,0,1.757,44.433
2026-07-06 06:36:59,8,9,0,0,1.757,44.444
2026-07-06 06:37:24,11,11,0,0,1.752,44.528
2026-07-06 06:37:27,9,9,0,0,1.752,44.547
2026-07-06 06:37:33,6,6,0,0,1.768,44.568
2026-07-06 06:38:02,4,4,0,0,1.792,44.694
2026-07-06 06:38:43,5,5,0,0,1.792,44.984
2026-07-06 06:38:47,5,5,0,0,1.784,44.992
2026-07-06 06:39:27,2,2,0,0,1.795,45.223
2026-07-06 06:40:05,1,4,0,0,1.819,45.522
2026-07-06 06:40:43,5,6,0,0,1.811,45.772
2026-07-06 06:40:47,5,5,0,0,1.827,45.791
2026-07-06 06:41:22,5,5,0,0,1.824,45.776
2026-07-06 06:41:28,6,6,0,0,1.819,45.755
2026-07-06 06:41:33,6,6,0,0,1.806,45.789
2026-07-06 06:41:35,6,6,0,0,1.806,45.772
2026-07-06 06:42:03,4,5,0,0,1.824,45.839
2026-07-06 06:42:08,4,5,0,0,1.814,45.846
2026-07-06 06:42:42,9,9,0,0,1.798,45.94
2026-07-06 06:42:46,9,11,0,0,1.814,45.925
2026-07-06 06:43:28,6,6,0,0,1.806,45.984
2026-07-06 06:43:32,5,6,0,0,1.822,46.001
2026-07-06 06:44:14,6,8,0,0,1.803,46.173
2026-07-06 06:44:50,8,8,0,0,1.79,46.413
2026-07-06 06:45:26,4,4,0,0,1.765,46.667
2026-07-06 06:46:06,2,5,0,0,1.792,46.819
2026-07-06 06:46:10,2,5,0,0,1.768,46.815
2026-07-06 06:46:14,2,5,0,0,1.779,46.81
2026-07-06 06:46:25,4,4,0,0,1.741,46.764
2026-07-06 06:46:35,5,5,0,0,1.779,46.718
2026-07-06 06:46:49,4,4,0,0,1.744,46.626
2026-07-06 06:46:52,4,4,0,0,1.755,46.602
2026-07-06 06:47:28,5,6,0,0,1.749,46.373
2026-07-06 06:47:36,5,5,0,0,1.752,46.388
2026-07-06 06:47:40,4,5,0,0,1.731,46.369
2026-07-06 06:48:09,8,8,0,0,1.741,46.361
2026-07-06 06:48:14,6,8,0,0,1.744,46.34
2026-07-06 06:48:50,9,11,0,0,1.747,46.394
2026-07-06 06:48:54,9,11,0,0,1.739,46.407
2026-07-06 06:49:26,9,9,0,0,1.731,46.539
2026-07-06 06:49:30,9,11,0,0,1.744,46.552
2026-07-06 06:49:39,10,12,0,0,1.717,46.581
2026-07-06 06:49:55,15,15,0,0,1.741,46.607
2026-07-06 06:50:33,11,11,0,0,1.741,46.657
2026-07-06 06:50:47,9,11,0,0,1.768,46.703
2026-07-06 06:50:57,9,9,0,0,1.747,46.708
2026-07-06 06:51:09,8,9,0,0,1.736,46.707
2026-07-06 06:51:16,6,6,0,0,1.741,46.726
2026-07-06 06:51:20,6,6,0,0,1.731,46.741
2026-07-06 06:51:31,8,8,0,0,1.731,46.745
2026-07-06 06:51:35,8,8,0,0,1.744,46.741
2026-07-06 06:51:40,8,8,0,0,1.752,46.747
2026-07-06 06:51:53,5,5,0,0,1.757,46.733
2026-07-06 06:52:03,5,5,0,0,1.757,46.752
2026-07-06 06:52:11,5,5,0,0,1.768,46.754
2026-07-06 06:52:23,5,5,0,0,1.771,46.8
2026-07-06 06:52:37,6,6,0,0,1.76,46.777
2026-07-06 06:52:42,6,6,0,0,1.741,46.76
2026-07-06 06:52:53,5,5,0,0,1.763,46.773
2026-07-06 06:53:17,1,2,0,0,1.757,46.768
2026-07-06 06:53:25,1,2,0,0,1.79,46.745
2026-07-06 06:53:29,1,2,0,0,1.771,46.714
2026-07-06 06:53:44,1,2,0,0,1.755,46.626
2026-07-06 06:53:50,1,1,0,0,1.787,46.617
2026-07-06 06:54:09,1,1,0,0,1.784,46.565
2026-07-06 06:54:16,1,2,0,0,1.768,46.571
2026-07-06 06:54:24,1,2,0,0,1.779,46.543
2026-07-06 06:54:33,1,2,0,0,1.771,46.52
2026-07-06 06:54:48,2,2,0,0,1.79,46.504
2026-07-06 06:54:56,2,2,0,0,1.779,46.478
2026-07-06 06:55:14,2,2,0,0,1.781,46.434
2026-07-06 06:55:22,2,2,0,0,1.79,46.457
2026-07-06 06:55:42,1,1,0,0,1.784,46.413
2026-07-06 06:55:50,1,1,0,0,1.771,46.373
2026-07-06 06:55:58,1,1,0,0,1.792,46.377
2026-07-06 06:56:10,1,1,0,0,1.763,46.373
2026-07-06 06:56:22,1,1,0,0,1.757,46.398
2026-07-06 06:56:35,1,1,0,0,1.771,46.401
2026-07-06 06:56:49,1,1,0,0,1.771,46.417
2026-07-06 06:56:54,1,1,0,0,1.784,46.426
2026-07-06 06:57:06,1,1,0,0,1.757,46.38
2026-07-06 06:57:18,1,1,0,0,1.757,46.403
2026-07-06 06:57:30,1,1,0,0,1.76,46.382
2026-07-06 06:57:38,1,1,0,0,1.731,46.371
2026-07-06 06:57:52,1,1,0,0,1.757,46.371
2026-07-06 06:57:55,1,1,0,0,1.747,46.338
2026-07-06 06:58:07,1,1,0,0,1.749,46.377
2026-07-06 06:58:15,1,1,0,0,1.733,46.344
2026-07-06 06:58:27,1,1,0,0,1.731,46.386
2026-07-06 06:58:39,1,1,0,0,1.739,46.369
2026-07-06 06:58:43,0,0,0,0,1.733,46.358
2026-07-06 06:58:53,0,0,0,0,1.72,46.35
2026-07-06 06:59:03,0,0,0,0,1.715,46.295
2026-07-06 06:59:13,0,0,0,0,1.709,46.298
2026-07-06 06:59:25,0,1,0,0,1.707,46.289
2026-07-06 06:59:47,1,2,0,0,1.715,46.234
2026-07-06 07:00:13,4,4,0,0,1.709,46.045
2026-07-06 07:00:23,1,1,0,0,1.693,46.039
2026-07-06 07:00:26,1,1,0,0,1.699,46.007
2026-07-06 07:00:32,1,1,0,0,1.696,45.961
2026-07-06 07:00:52,2,4,0,0,1.696,45.722
2026-07-06 07:01:18,6,6,0,0,1.699,45.547
2026-07-06 07:01:32,6,6,0,0,1.685,45.442
2026-07-06 07:01:35,6,6,0,0,1.701,45.455
2026-07-06 07:01:43,6,6,0,0,1.667,45.373
2026-07-06 07:01:59,9,10,0,0,1.667,45.177
2026-07-06 07:02:02,10,12,0,0,1.677,45.16
2026-07-06 07:02:11,16,17,0,0,1.664,45.083
2026-07-06 07:02:15,15,16,0,0,1.669,45.049
2026-07-06 07:02:21,15,16,0,0,1.656,45.001
2026-07-06 07:02:31,17,19,0,0,1.651,44.944
2026-07-06 07:02:35,19,20,0,0,1.672,44.874
2026-07-06 07:02:40,22,22,0,0,1.643,44.82
2026-07-06 07:03:06,26,27,0,0,1.643,44.576
2026-07-06 07:03:20,26,30,0,0,1.645,44.462
2026-07-06 07:04:24,27,31,0,0,1.595,43.714
2026-07-06 07:05:00,27,30,0,0,1.597,43.649
2026-07-06 07:05:03,26,27,0,0,1.6,43.619
2026-07-06 07:05:18,24,26,0,0,1.613,43.512
2026-07-06 07:05:45,33,33,0,0,1.573,43.422
2026-07-06 07:05:56,31,31,0,0,1.576,43.289
2026-07-06 07:06:21,31,31,0,0,1.541,42.993
2026-07-06 07:06:35,31,33,0,0,1.547,42.829
2026-07-06 07:06:48,34,34,0,0,1.533,42.741
2026-07-06 07:07:01,32,32,0,0,1.506,42.686
2026-07-06 07:07:10,34,34,0,0,1.52,42.669
2026-07-06 07:07:17,34,34,0,0,1.522,42.606
2026-07-06 07:07:42,33,36,0,0,1.501,42.476
2026-07-06 07:07:46,31,36,0,0,1.493,42.404
2026-07-06 07:09:02,23,26,0,0,1.453,41.744
2026-07-06 07:11:35,23,26,0,0,1.378,41.208
2026-07-06 07:14:16,9,12,0,0,1.309,40.279
2026-07-06 07:16:35,15,15,0,0,1.261,39.573
2026-07-06 07:17:16,19,24,0,0,1.234,39.51
2026-07-06 07:18:28,19,22,0,0,1.223,39.453
2026-07-06 07:21:35,15,16,0,0,1.186,39.178
2026-07-06 07:26:35,30,32,0,0,1.149,38.652
2026-07-06 07:29:02,11,16,0,0,1.101,38.259
2026-07-06 07:31:35,15,18,0,0,1.13,38.282
2026-07-06 07:32:59,26,31,0,0,1.167,38.209
2026-07-06 07:36:35,6,6,0,0,1.25,38.156
2026-07-06 07:41:35,11,12,0,0,1.306,37.452
2026-07-06 07:46:35,6,9,0,0,1.325,37.091
2026-07-06 07:51:36,0,1,0,0,1.36,37.166
2026-07-06 07:55:34,8,9,0,0,1.416,37.181
2026-07-06 07:56:36,9,9,0,0,1.464,38.076
2026-07-06 07:58:29,6,8,0,0,1.49,38.766
2026-07-06 07:58:35,8,9,0,0,1.482,38.89
2026-07-06 07:58:43,8,9,0,0,1.474,39.014
2026-07-06 07:59:09,11,12,0,0,1.474,39.224
2026-07-06 07:59:12,11,12,0,0,1.474,39.285
2026-07-06 07:59:48,9,9,0,0,1.488,39.453
2026-07-06 07:59:51,8,8,0,0,1.48,39.443
2026-07-06 08:00:37,9,11,0,0,1.437,39.605
2026-07-06 08:00:45,11,11,0,0,1.448,39.661
2026-07-06 08:01:10,11,12,0,0,1.421,39.796
2026-07-06 08:01:15,11,12,0,0,1.437,39.827
2026-07-06 08:01:24,9,9,0,0,1.44,39.928
2026-07-06 08:01:35,8,9,0,0,1.421,39.996
2026-07-06 08:01:52,11,11,0,0,1.418,40.344
2026-07-06 08:01:54,12,12,0,0,1.416,40.387
2026-07-06 08:02:04,9,11,0,0,1.421,40.555
2026-07-06 08:02:30,18,18,0,0,1.397,41.12
2026-07-06 08:02:34,16,17,0,0,1.381,41.179
2026-07-06 08:02:46,15,16,0,0,1.389,41.385
2026-07-06 08:03:10,12,15,0,0,1.365,41.711
2026-07-06 08:03:13,12,12,0,0,1.36,41.784
2026-07-06 08:03:17,12,12,0,0,1.37,41.847
2026-07-06 08:04:46,12,15,0,0,1.271,42.863
2026-07-06 08:06:35,19,22,0,0,1.125,43.674
2026-07-06 08:11:35,16,18,0,0,0.703,45.413
2026-07-06 08:16:36,11,11,0,0,0.337,46.619
2026-07-06 08:17:29,12,12,0,0,0.305,46.796
2026-07-06 08:21:36,9,9,0,0,0.569,46.846
2026-07-06 08:25:10,25,25,0,0,1.41,45.432
2026-07-06 08:26:36,15,15,0,0,1.757,44.807
2026-07-06 08:26:54,12,12,0,0,1.846,44.599
2026-07-06 08:31:36,41,45,0,0,2.935,41.875
2026-07-06 08:33:23,39,41,0,0,3.272,40.849
2026-07-06 08:34:30,40,45,0,0,3.381,40.378
2026-07-06 08:36:36,43,49,0,0,3.563,39.804
2026-07-06 08:41:36,21,26,0,0,3.699,40.082
2026-07-06 08:46:11,26,29,0,0,3.507,41.141
2026-07-06 08:46:36,35,35,0,0,3.461,41.19
2026-07-06 08:48:19,26,26,0,0,3.33,41.339
2026-07-06 08:50:36,24,25,0,0,3.157,41.631
2026-07-06 08:51:36,26,29,0,0,3.125,41.724
2026-07-06 08:56:36,24,25,0,0,2.978,42.514
2026-07-06 09:01:36,24,24,0,0,2.943,43.264
2026-07-06 09:06:36,14,16,0,0,3.047,43.632
2026-07-06 09:11:31,17,21,0,0,3.223,43.722
2026-07-06 09:11:36,17,21,0,0,3.237,43.739
2026-07-06 09:16:36,29,29,0,0,3.474,43.779
2026-07-06 09:21:36,34,34,0,0,3.712,43.315
2026-07-06 09:26:36,22,23,0,0,3.918,42.653
2026-07-06 09:30:30,19,19,0,0,4.118,42.098
2026-07-06 09:31:36,21,23,0,0,4.174,41.837
2026-07-06 09:36:36,20,22,0,0,4.54,41.345
2026-07-06 09:37:00,22,23,0,0,4.561,41.419
2026-07-06 09:40:31,28,28,0,0,4.828,41.749
2026-07-06 09:41:01,23,24,0,0,4.882,41.757
2026-07-06 09:41:36,24,29,0,0,4.903,41.831
2026-07-06 09:46:36,30,31,0,0,5.346,41.944
2026-07-06 09:51:36,35,39,0,0,5.79,41.724
2026-07-06 09:56:36,36,36,0,0,6.313,41.03
2026-07-06 10:00:31,32,33,0,0,6.73,40.223
2026-07-06 10:01:36,33,35,0,0,6.818,39.789
2026-07-06 10:06:36,29,29,0,0,7.36,38.167
2026-07-06 10:11:36,21,23,0,0,7.942,36.931
2026-07-06 10:14:36,13,13,0,0,8.321,35.674
2026-07-06 10:15:35,13,13,0,0,8.463,35.354
2026-07-06 10:16:36,10,13,0,0,8.591,35.041
2026-07-06 10:21:31,27,27,0,0,9.21,34.038
2026-07-06 10:21:37,26,26,0,0,9.229,34.047
2026-07-06 10:26:20,9,9,0,0,9.8,31.688
2026-07-06 10:26:37,8,8,0,0,9.814,31.581
2026-07-06 10:26:38,8,8,0,0,9.827,31.608
2026-07-06 10:31:36,6,6,0,0,10.473,30.284
2026-07-06 10:34:32,5,5,0,0,10.786,29.651
2026-07-06 10:36:03,6,6,0,0,10.957,29.771
2026-07-06 10:36:36,4,5,0,0,11.015,29.771
2026-07-06 10:41:31,7,7,0,0,11.59,29.044
2026-07-06 10:41:36,7,7,0,0,11.574,29.021
2026-07-06 10:46:01,6,6,0,0,12.057,28.407
2026-07-06 10:46:37,6,6,0,0,12.153,28.23
2026-07-06 10:49:29,4,4,0,0,12.465,26.877
2026-07-06 10:50:26,5,5,0,0,12.58,26.809
2026-07-06 10:51:36,5,5,0,0,12.711,26.355
2026-07-06 10:53:07,2,2,0,0,12.887,25.779
2026-07-06 10:54:28,2,2,0,0,13.021,25.249
2026-07-06 10:56:36,1,2,0,0,13.235,24.798
2026-07-06 11:01:25,1,2,0,0,13.753,23.73
2026-07-06 11:01:37,1,2,0,0,13.777,23.782
2026-07-06 11:02:31,2,2,0,0,13.865,23.479
2026-07-06 11:02:46,2,2,0,0,13.902,23.492
2026-07-06 11:06:36,2,2,0,0,14.329,22.759
2026-07-06 11:11:36,3,3,0,0,14.922,22.843
2026-07-06 11:16:36,3,3,0,0,15.488,22.83
2026-07-06 11:18:32,3,3,0,0,15.721,22.777
2026-07-06 11:21:36,2,2,0,0,16.065,22.017
2026-07-06 11:26:36,1,1,0,0,16.623,20.337
2026-07-06 11:31:36,2,2,0,0,17.128,19.879
2026-07-06 11:36:36,1,1,0,0,17.766,19.076
2026-07-06 11:41:36,2,2,0,0,18.698,18.763
2026-07-06 11:42:55,2,2,0,0,18.952,18.418
2026-07-06 11:46:36,2,3,0,0,19.745,18.29
2026-07-06 11:47:55,3,3,0,0,20.065,17.928
2026-07-06 11:49:12,4,4,0,0,20.343,17.69
2026-07-06 11:51:36,2,2,0,0,20.893,17.487
2026-07-06 11:56:36,2,3,0,0,21.921,16.642
2026-07-06 12:01:36,1,1,0,0,22.928,15.649
2026-07-06 12:06:36,2,2,0,0,23.686,15.168
2026-07-06 12:11:36,3,3,0,0,24.162,15.073
2026-07-06 12:16:36,0,0,0,0,24.423,14.953
2026-07-06 12:17:37,1,1,0,0,24.482,14.993
2026-07-06 12:21:36,1,2,0,0,24.81,14.531
2026-07-06 12:26:36,0,0,0,0,25.438,13.501
2026-07-06 12:31:36,0,0,0,0,25.972,13.251
2026-07-06 12:36:36,0,0,0,0,26.378,13.718
2026-07-06 12:37:33,0,0,0,0,26.503,13.232
2026-07-06 12:41:36,0,0,0,0,26.856,12.637
2026-07-06 12:44:08,0,0,0,0,26.971,12.267
2026-07-06 12:45:33,0,0,0,0,27.005,12.282
2026-07-06 12:46:36,0,0,0,0,27.04,12.505
2026-07-06 12:50:06,0,0,0,0,27.259,12.482
2026-07-06 12:51:23,0,0,0,0,27.377,12.404
2026-07-06 12:51:36,0,0,0,0,27.417,12.431
2026-07-06 12:52:57,0,0,0,0,27.577,12.257
2026-07-06 12:54:24,0,0,0,0,27.788,12.105
2026-07-06 12:56:29,4,6,0,0,28.012,11.72
2026-07-06 12:56:36,7,8,0,0,28.023,11.657
2026-07-06 13:01:36,0,0,0,0,28.359,10.901
2026-07-06 13:06:36,0,0,0,0,28.282,10.712
2026-07-06 13:11:36,0,0,0,0,28.194,11.025
2026-07-06 13:16:36,0,0,0,0,28.186,10.831
2026-07-06 13:21:36,0,1,0,0,28.632,12.061
2026-07-06 13:26:36,0,0,0,0,28.973,11.964
2026-07-06 13:31:36,1,2,0,0,28.72,12.795
2026-07-06 13:36:36,2,2,0,0,28.285,13.232
2026-07-06 13:41:36,2,2,0,0,28.058,13.547
2026-07-06 13:46:36,4,4,0,0,27.857,14.115
2026-07-06 13:51:36,2,2,0,0,27.809,14.138
2026-07-06 13:52:37,3,3,0,0,27.836,14.197
2026-07-06 13:56:37,1,1,0,0,28.071,13.461
2026-07-06 13:58:37,0,0,0,0,28.196,13.087
2026-07-06 14:01:36,0,0,0,0,28.21,13.223
2026-07-06 14:06:37,3,3,0,0,28.17,13.928
2026-07-06 14:07:37,2,3,0,0,28.194,13.896
2026-07-06 14:11:37,2,2,0,0,28.303,13.793
2026-07-06 14:12:07,1,2,0,0,28.303,13.598
2026-07-06 14:16:37,2,3,0,0,28.365,13.654
2026-07-06 14:21:37,2,2,0,0,28.293,14.132
2026-07-06 14:22:07,1,1,0,0,28.239,14.182
2026-07-06 14:26:37,1,1,0,0,28.033,14.184
2026-07-06 14:31:37,16,16,0,0,27.78,14.716
2026-07-06 14:36:37,15,15,0,0,27.62,15.221
2026-07-06 14:41:37,4,4,0,0,27.569,15.586
2026-07-06 14:46:37,6,7,0,0,27.433,15.368
2026-07-06 14:48:40,12,14,0,0,27.302,15.574
2026-07-06 14:51:37,16,18,0,0,27.136,15.653
2026-07-06 14:56:10,4,4,0,0,27.302,15.517
2026-07-06 14:56:37,3,4,0,0,27.358,15.416
2026-07-06 15:01:37,1,1,0,0,28.122,14.161
2026-07-06 15:01:40,2,2,0,0,28.13,14.138
2026-07-06 15:06:37,3,3,0,0,28.674,13.829
2026-07-06 15:11:37,1,2,0,0,29.179,13.419
2026-07-06 15:16:37,3,3,0,0,29.566,13.181
2026-07-06 15:21:37,2,2,0,0,29.702,12.908
2026-07-06 15:26:37,2,2,0,0,29.884,12.528
2026-07-06 15:31:37,12,12,0,0,29.865,12.971
2026-07-06 15:36:37,9,11,0,0,29.815,13.036
2026-07-06 15:40:41,6,6,0,0,29.793,12.673
2026-07-06 15:41:10,4,5,0,0,29.791,12.776
2026-07-06 15:41:37,4,4,0,0,29.775,12.864
2026-07-06 15:41:40,4,4,0,0,29.769,12.866
2026-07-06 15:46:37,3,3,0,0,29.593,13.265
2026-07-06 15:51:37,0,0,0,0,29.302,13.236
2026-07-06 15:55:41,1,1,0,0,28.976,13.371
2026-07-06 15:56:37,1,1,0,0,28.891,13.6
2026-07-06 16:03:12,2,4,0,0,28.466,13.953
2026-07-06 16:07:51,0,1,0,0,28.17,14.14
2026-07-06 16:09:55,4,4,0,0,27.991,14.333
2026-07-06 16:11:18,3,3,0,0,27.945,14.575
2026-07-06 16:12:19,2,2,0,0,27.905,14.72
2026-07-06 16:17:17,9,9,0,0,27.628,14.886
2026-07-06 16:21:45,10,10,0,0,27.329,14.718
2026-07-06 16:26:23,16,17,0,0,27.064,14.901
2026-07-06 16:26:37,16,17,0,0,27.032,14.981
2026-07-06 16:31:38,8,8,0,0,26.802,15.555
2026-07-06 16:36:38,12,13,0,0,26.645,16.431
2026-07-06 16:40:02,13,14,0,0,26.522,16.728
2026-07-06 16:41:38,20,22,0,0,26.413,16.89
2026-07-06 16:46:38,5,6,0,0,25.737,17.14
2026-07-06 16:51:38,2,3,0,0,24.693,17.342
2026-07-06 16:56:38,1,1,0,0,23.571,18.31
2026-07-06 17:01:38,19,23,0,0,22.431,18.714
2026-07-06 17:06:38,16,19,0,0,21.371,19.336
2026-07-06 17:11:38,23,24,0,0,20.402,19.807
2026-07-06 17:11:54,29,33,0,0,20.346,19.834
2026-07-06 17:16:37,3,3,0,0,19.561,20.801
2026-07-06 17:21:37,1,2,0,0,18.797,20.598
2026-07-06 17:26:37,0,0,0,0,18.079,20.755
2026-07-06 17:31:37,2,2,0,0,17.414,21.081
2026-07-06 17:31:55,1,2,0,0,17.368,21.096
2026-07-06 17:36:37,1,1,0,0,16.882,21.649
2026-07-06 17:41:37,1,1,0,0,16.426,22.285
2026-07-06 17:46:37,7,8,0,0,15.921,22.88
2026-07-06 17:51:37,33,36,0,0,15.376,23.982
2026-07-06 17:53:55,19,20,0,0,15.101,24.31
2026-07-06 17:56:37,8,8,0,0,14.77,24.823
2026-07-06 18:01:37,5,5,0,0,14.132,25.355
2026-07-06 18:05:18,23,25,0,0,13.686,24.18
2026-07-06 18:06:37,31,34,0,0,13.526,24.186
2026-07-06 18:06:56,32,35,0,0,13.499,24.238
2026-07-06 18:07:25,32,33,0,0,13.424,24.228
2026-07-06 18:08:00,34,37,0,0,13.371,23.971
2026-07-06 18:10:55,37,43,0,0,13.077,24.339
2026-07-06 18:11:37,38,46,0,0,12.997,24.409
2026-07-06 18:16:38,38,42,0,0,12.572,24.88
2026-07-06 18:18:51,38,48,0,0,12.383,24.6
2026-07-06 18:21:37,34,37,0,0,12.185,23.812
2026-07-06 18:26:37,27,27,0,0,11.937,23.04
2026-07-06 18:27:28,25,26,0,0,11.894,23.015
2026-07-06 18:30:55,38,42,0,0,11.787,22.779
2026-07-06 18:31:37,35,40,0,0,11.742,22.901
2026-07-06 18:31:54,35,39,0,0,11.739,22.828
2026-07-06 18:33:21,40,47,0,0,11.707,22.717
2026-07-06 18:34:46,45,55,0,0,11.654,22.983
2026-07-06 18:36:37,68,80,0,0,11.619,22.977
2026-07-06 18:37:16,75,83,0,0,11.59,22.929
2026-07-06 18:38:47,64,78,0,0,11.542,22.752
2026-07-06 18:38:56,66,78,0,0,11.542,22.748
2026-07-06 18:41:37,62,78,0,0,11.435,22.643
2026-07-06 18:45:45,68,81,0,0,11.285,22.361
2026-07-06 18:46:37,67,78,0,0,11.261,22.267
2026-07-06 18:48:26,57,70,0,0,11.205,22.258
2026-07-06 18:51:26,44,53,0,0,11.066,21.689
2026-07-06 18:51:37,43,52,0,0,11.082,21.743
2026-07-06 18:56:27,45,55,0,0,10.922,21.493
2026-07-06 18:56:37,44,52,0,0,10.935,21.466
2026-07-06 19:01:37,56,68,0,0,10.805,21.148
2026-07-06 19:06:37,49,58,0,0,10.703,22.813
2026-07-06 19:11:38,48,57,0,0,10.551,23.402
2026-07-06 19:16:37,45,53,0,0,10.591,24.739
2026-07-06 19:21:37,33,35,0,0,10.594,23.7
2026-07-06 19:26:37,25,26,0,0,10.412,23.528
2026-07-06 19:31:37,10,13,0,0,10.153,23.601
2026-07-06 19:33:58,12,13,0,0,10.03,23.437
2026-07-06 19:36:37,10,12,0,0,9.931,23.217
2026-07-06 19:38:27,16,16,0,0,9.843,23.093
2026-07-06 19:41:37,22,25,0,0,9.763,22.273
2026-07-06 19:46:37,25,26,0,0,9.827,21.35
2026-07-06 19:51:38,20,21,0,0,10.051,21.098
2026-07-06 19:54:57,26,27,0,0,10.145,21.239
2026-07-06 19:56:37,32,34,0,0,10.169,21.113
2026-07-06 20:01:37,26,28,0,0,10.249,21.087
2026-07-06 20:06:38,28,32,0,0,10.27,21.272
2026-07-06 20:11:38,25,25,0,0,10.156,21.026
2026-07-06 20:16:37,29,29,0,0,10.073,20.722
2026-07-06 20:21:38,34,35,0,0,9.945,21.11
2026-07-06 20:26:38,41,48,0,0,9.75,21.89
2026-07-06 20:31:38,45,53,0,0,9.555,22.847
2026-07-06 20:31:58,45,53,0,0,9.552,22.931
2026-07-06 20:33:58,44,52,0,0,9.467,23.162
2026-07-06 20:36:38,38,45,0,0,9.309,23.061
2026-07-06 20:39:58,34,34,0,0,9.205,22.613
2026-07-06 20:41:38,38,42,0,0,9.165,22.632
2026-07-06 20:46:37,31,31,0,0,9.106,22.342
2026-07-06 20:51:38,34,35,0,0,9.157,21.718
2026-07-06 20:54:48,30,31,0,0,9.189,21.649
2026-07-06 20:56:38,29,29,0,0,9.176,21.176
2026-07-06 20:56:45,29,29,0,0,9.208,21.216
2026-07-06 21:00:07,67,80,0,0,9.234,20.675
2026-07-06 21:01:38,58,71,0,0,9.269,20.432
2026-07-06 21:01:50,54,66,0,0,9.274,20.421
2026-07-06 21:03:15,46,56,0,0,9.331,20.633
2026-07-06 21:04:34,37,44,0,0,9.373,20.749
2026-07-06 21:05:55,26,26,0,0,9.373,20.741
2026-07-06 21:06:38,35,39,0,0,9.4,21.098
2026-07-06 21:06:40,35,38,0,0,9.395,21.05
2026-07-06 21:10:52,42,50,0,0,9.314,22.256
2026-07-06 21:11:38,46,54,0,0,9.261,22.393
2026-07-06 21:12:59,45,52,0,0,9.197,22.506
2026-07-06 21:16:29,41,46,0,0,9.018,22.742
2026-07-06 21:16:37,39,43,0,0,9.002,22.702
2026-07-06 21:18:49,38,40,0,0,8.866,23.204
2026-07-06 21:21:38,38,39,0,0,8.684,22.895
2026-07-06 21:22:12,37,41,0,0,8.636,22.878
2026-07-06 21:26:38,35,36,0,0,8.361,22.698
2026-07-06 21:26:43,37,38,0,0,8.337,22.696
2026-07-06 21:26:48,38,41,0,0,8.31,22.668
2026-07-06 21:28:21,40,46,0,0,8.238,22.592
2026-07-06 21:29:46,39,45,0,0,8.22,22.567
2026-07-06 21:31:07,39,41,0,0,8.145,22.748
2026-07-06 21:31:38,38,41,0,0,8.134,22.83
2026-07-06 21:31:51,38,43,0,0,8.107,22.838
2026-07-06 21:35:14,35,40,0,0,7.995,23.255
2026-07-06 21:36:29,30,31,0,0,7.942,23.005
2026-07-06 21:36:37,29,31,0,0,7.963,22.937
2026-07-06 21:37:06,29,31,0,0,7.963,22.868
2026-07-06 21:40:12,24,26,0,0,7.87,22.662
2026-07-06 21:41:37,28,29,0,0,7.864,22.576
2026-07-06 21:41:38,28,29,0,0,7.856,22.628
2026-07-06 21:43:42,22,24,0,0,7.816,22.677
2026-07-06 21:46:39,30,30,0,0,7.83,22.437
2026-07-06 21:46:45,29,29,0,0,7.835,22.477
2026-07-06 21:47:28,28,32,0,0,7.843,22.626
2026-07-06 21:48:00,26,30,0,0,7.862,22.496
2026-07-06 21:50:30,30,31,0,0,7.889,22.479
2026-07-06 21:51:39,27,28,0,0,7.918,22.468
2026-07-06 21:53:00,26,27,0,0,7.955,22.492
2026-07-06 21:53:19,26,27,0,0,7.931,22.471
2026-07-06 21:55:30,15,18,0,0,7.979,21.995
2026-07-06 21:56:21,10,10,0,0,7.945,22.117
2026-07-06 21:56:30,10,13,0,0,7.961,22.155
2026-07-06 21:56:38,14,15,0,0,7.979,22.191
2026-07-06 21:56:53,14,14,0,0,7.969,22.258
2026-07-06 21:57:00,10,10,0,0,7.971,22.233
2026-07-06 22:01:39,13,13,0,0,7.958,22.361
2026-07-06 22:04:57,8,8,0,0,7.894,21.922
2026-07-06 22:06:30,10,10,0,0,7.897,21.775
2026-07-06 22:06:38,10,14,0,0,7.891,21.754
2026-07-06 22:06:55,10,10,0,0,7.894,21.754
2026-07-06 22:11:12,8,9,0,0,7.915,21.424
2026-07-06 22:11:39,7,9,0,0,7.915,21.375
2026-07-06 22:13:22,7,9,0,0,7.958,21.428
2026-07-06 22:14:31,9,9,0,0,7.993,21.464
2026-07-06 22:15:44,18,19,0,0,8.022,21.27
2026-07-06 22:16:39,24,26,0,0,8.046,21.14
2026-07-06 22:18:16,21,24,0,0,8.102,21.317
2026-07-06 22:21:39,7,9,0,0,8.15,21.823
2026-07-06 22:22:31,7,7,0,0,8.134,21.871
2026-07-06 22:24:30,4,4,0,0,8.107,22.326
2026-07-06 22:26:39,7,7,0,0,8.038,22.208
2026-07-06 22:28:09,8,8,0,0,7.971,22.132
2026-07-06 22:30:01,7,7,0,0,7.926,21.811
2026-07-06 22:31:39,6,7,0,0,7.859,21.821
2026-07-06 22:31:41,6,7,0,0,7.878,21.8
2026-07-06 22:36:20,16,19,0,0,7.846,22.178
2026-07-06 22:36:31,16,20,0,0,7.84,22.208
2026-07-06 22:36:39,16,20,0,0,7.843,22.283
2026-07-06 22:41:39,30,30,0,0,7.768,22.998
2026-07-06 22:46:39,38,40,0,0,7.584,23.797
2026-07-06 22:46:47,36,37,0,0,7.6,23.868
2026-07-06 22:49:57,47,56,0,0,7.437,24.369
2026-07-06 22:51:34,31,33,0,0,7.36,24.749
2026-07-06 22:51:39,31,34,0,0,7.365,24.762
2026-07-06 22:52:31,31,31,0,0,7.309,24.978
2026-07-06 22:52:50,30,30,0,0,7.298,25.041
2026-07-06 22:54:23,36,37,0,0,7.208,25.065
2026-07-06 22:56:39,31,33,0,0,7.085,24.968
2026-07-06 23:01:39,40,45,0,0,6.863,25.243
2026-07-06 23:06:39,50,60,0,0,6.706,26.08
2026-07-06 23:11:39,56,68,0,0,6.612,26.816
2026-07-06 23:16:39,50,60,0,0,6.559,26.851
2026-07-06 23:21:39,49,57,0,0,6.54,26.908
2026-07-06 23:26:02,44,56,0,0,6.489,26.881
2026-07-06 23:26:39,44,53,0,0,6.447,26.822
2026-07-06 23:26:40,44,53,0,0,6.436,26.834
2026-07-06 23:31:39,37,40,0,0,6.294,26.5
2026-07-06 23:36:39,24,28,0,0,6.067,26.614
2026-07-06 23:41:39,19,20,0,0,5.867,26.5
2026-07-06 23:46:39,16,17,0,0,5.731,26.368
2026-07-06 23:51:38,7,7,0,0,5.603,25.891
2026-07-06 23:51:39,7,7,0,0,5.613,25.931
2026-07-06 23:56:11,5,6,0,0,5.608,25.851
2026-07-06 23:56:40,8,10,0,0,5.589,25.806
2026-07-06 23:59:33,10,13,0,0,5.597,25.22
2026-07-07 00:01:40,7,10,0,0,5.613,25.186
2026-07-07 00:02:33,10,10,0,0,5.64,25.132
2026-07-07 00:06:40,10,13,0,0,5.702,25.342
2026-07-07 00:09:33,33,33,0,0,5.747,26.067
2026-07-07 00:11:39,37,41,0,0,5.734,26.774
2026-07-07 00:15:20,43,48,0,0,5.635,27.362
2026-07-07 00:16:40,45,53,0,0,5.608,27.503
2026-07-07 00:18:13,44,54,0,0,5.541,27.696
2026-07-07 00:21:40,42,47,0,0,5.402,27.553
2026-07-07 00:24:15,40,44,0,0,5.346,27.463
2026-07-07 00:25:32,40,43,0,0,5.322,27.457
2026-07-07 00:26:39,44,52,0,0,5.304,27.703
2026-07-07 00:30:40,45,52,0,0,5.304,28.142
2026-07-07 00:31:40,45,57,0,0,5.301,28.068
2026-07-07 00:36:40,40,43,0,0,5.322,27.864
2026-07-07 00:38:04,42,48,0,0,5.314,27.669
2026-07-07 00:41:40,44,49,0,0,5.373,26.916
2026-07-07 00:46:40,20,23,0,0,5.525,25.405
2026-07-07 00:51:40,34,35,0,0,5.752,25.195
2026-07-07 00:54:05,23,25,0,0,5.835,25.081
2026-07-07 00:56:40,17,19,0,0,5.862,25.012
2026-07-07 00:59:35,13,17,0,0,5.854,24.592
2026-07-07 01:01:04,15,16,0,0,5.843,24.606
2026-07-07 01:01:40,22,25,0,0,5.83,24.802
2026-07-07 01:03:07,30,32,0,0,5.816,26.212
2026-07-07 01:06:10,31,33,0,0,5.766,27.072
2026-07-07 01:06:40,30,31,0,0,5.731,27.202
2026-07-07 01:07:06,25,27,0,0,5.699,27.265
2026-07-07 01:08:58,27,31,0,0,5.653,27.484
2026-07-07 01:10:00,29,30,0,0,5.579,27.549
2026-07-07 01:10:08,30,30,0,0,5.587,27.539
2026-07-07 01:10:13,30,30,0,0,5.589,27.562
2026-07-07 01:11:40,31,32,0,0,5.515,27.787
2026-07-07 01:11:50,32,33,0,0,5.501,27.843
2026-07-07 01:12:37,31,34,0,0,5.485,27.917
2026-07-07 01:16:40,41,45,0,0,5.298,28.55
2026-07-07 01:19:36,50,59,0,0,5.2,28.976
2026-07-07 01:21:40,48,57,0,0,5.098,29.182
2026-07-07 01:26:40,40,43,0,0,4.908,28.949
2026-07-07 01:31:40,31,34,0,0,4.727,28.792
2026-07-07 01:33:07,30,34,0,0,4.706,28.886
2026-07-07 01:33:52,31,33,0,0,4.692,28.981
2026-07-07 01:36:40,29,30,0,0,4.623,29.002
2026-07-07 01:38:37,32,32,0,0,4.553,28.863
2026-07-07 01:39:52,25,28,0,0,4.556,28.783
2026-07-07 01:41:40,29,29,0,0,4.503,28.739
2026-07-07 01:42:37,36,37,0,0,4.484,28.998
2026-07-07 01:46:30,39,42,0,0,4.412,29.662
2026-07-07 01:46:37,38,40,0,0,4.412,29.647
2026-07-07 01:46:39,38,42,0,0,4.409,29.666
2026-07-07 01:51:40,39,44,0,0,4.38,29.66
2026-07-07 01:52:07,39,42,0,0,4.393,29.597
2026-07-07 01:52:30,39,44,0,0,4.385,29.555
2026-07-07 01:54:54,39,40,0,0,4.414,29.176
2026-07-07 01:55:57,32,33,0,0,4.433,28.819
2026-07-07 01:56:40,30,32,0,0,4.449,28.661
2026-07-07 01:58:17,29,32,0,0,4.495,28.413
2026-07-07 02:00:37,28,29,0,0,4.583,28.197
2026-07-07 02:01:26,28,28,0,0,4.591,28.083
2026-07-07 02:01:40,28,28,0,0,4.583,28.174
2026-07-07 02:06:40,28,30,0,0,4.652,28.518
2026-07-07 02:11:40,25,29,0,0,4.644,28.236
2026-07-07 02:16:40,10,10,0,0,4.497,27.921
2026-07-07 02:19:22,6,7,0,0,4.422,27.814
2026-07-07 02:21:35,6,6,0,0,4.337,27.757
2026-07-07 02:21:40,6,6,0,0,4.334,27.759
2026-07-07 02:21:48,6,6,0,0,4.318,27.803
2026-07-07 02:24:05,5,5,0,0,4.246,28.112
2026-07-07 02:25:38,3,3,0,0,4.187,28.386
2026-07-07 02:26:40,5,5,0,0,4.169,28.304
2026-07-07 02:31:40,2,2,0,0,4.033,28.073
2026-07-07 02:36:04,1,1,0,0,3.952,28.054
2026-07-07 02:36:40,2,2,0,0,3.931,28.073
2026-07-07 02:41:40,0,0,0,0,3.83,27.343
2026-07-07 02:46:40,0,1,0,0,3.862,27.215
2026-07-07 02:51:40,0,0,0,0,3.947,26.658
2026-07-07 02:51:42,0,0,0,0,3.968,26.671
2026-07-07 02:56:40,0,0,0,0,4.097,25.817
2026-07-07 02:57:31,0,0,0,0,4.161,25.746
2026-07-07 02:58:08,0,0,0,0,4.193,25.703
2026-07-07 02:59:15,0,0,0,0,4.281,25.369
2026-07-07 03:01:40,0,0,0,0,4.422,25.382
2026-07-07 03:06:40,0,0,0,0,4.714,26.208
2026-07-07 03:11:40,0,0,0,0,4.778,25.697
2026-07-07 03:16:40,0,0,0,0,4.858,24.781
2026-07-07 03:18:07,0,0,0,0,4.911,24.697
2026-07-07 03:21:40,0,0,0,0,5.058,24.56
2026-07-07 03:23:38,0,0,0,0,5.143,24.623
2026-07-07 03:26:40,0,0,0,0,5.253,24.133
2026-07-07 03:31:40,0,0,0,0,5.376,24.144
2026-07-07 03:36:40,0,0,0,0,5.389,24.201
2026-07-07 03:40:51,0,0,0,0,5.328,24.047
2026-07-07 03:41:40,0,0,0,0,5.312,23.992
2026-07-07 03:45:38,0,0,0,0,5.322,23.959
2026-07-07 03:45:48,0,0,0,0,5.341,23.986
2026-07-07 03:46:40,0,0,0,0,5.346,23.902
2026-07-07 03:51:34,0,0,0,0,5.453,24.182
2026-07-07 03:51:40,0,0,0,0,5.464,24.238
2026-07-07 03:52:43,0,0,0,0,5.475,24.322
2026-07-07 03:56:40,1,1,0,0,5.485,25.376
2026-07-07 04:01:40,5,5,0,0,5.352,26.189
2026-07-07 04:05:57,6,7,0,0,5.162,26.366
2026-07-07 04:06:40,6,7,0,0,5.143,26.444
2026-07-07 04:07:33,8,8,0,0,5.117,26.534
2026-07-07 04:11:40,14,16,0,0,4.967,26.877
2026-07-07 04:16:40,11,11,0,0,4.863,26.969
2026-07-07 04:16:42,11,11,0,0,4.847,26.992
2026-07-07 04:20:43,6,7,0,0,4.815,26.715
2026-07-07 04:21:40,5,6,0,0,4.818,26.733
2026-07-07 04:25:08,7,7,0,0,4.818,26.757
2026-07-07 04:26:40,9,9,0,0,4.82,26.912
2026-07-07 04:29:23,9,10,0,0,4.788,27.125
2026-07-07 04:31:40,9,10,0,0,4.783,27.236
2026-07-07 04:32:41,6,7,0,0,4.754,27.223
2026-07-07 04:35:35,5,5,0,0,4.716,27.16
2026-07-07 04:35:41,3,3,0,0,4.719,27.141
2026-07-07 04:36:40,5,5,0,0,4.679,27.145
2026-07-07 04:38:50,5,5,0,0,4.673,27.185
2026-07-07 04:38:57,5,6,0,0,4.663,27.227
2026-07-07 04:39:10,6,7,0,0,4.652,27.223
2026-07-07 04:39:15,6,7,0,0,4.644,27.225
2026-07-07 04:39:20,6,6,0,0,4.652,27.154
2026-07-07 04:39:26,6,6,0,0,4.652,27.223
2026-07-07 04:39:38,7,7,0,0,4.644,27.248
2026-07-07 04:39:45,6,6,0,0,4.625,27.263
2026-07-07 04:39:49,5,5,0,0,4.633,27.228
2026-07-07 04:39:57,5,5,0,0,4.652,27.225
2026-07-07 04:40:07,5,5,0,0,4.641,27.259
2026-07-07 04:40:13,5,7,0,0,4.644,27.246
2026-07-07 04:40:19,6,7,0,0,4.633,27.28
2026-07-07 04:40:21,6,7,0,0,4.644,27.257
2026-07-07 04:40:27,6,6,0,0,4.62,27.228
2026-07-07 04:40:32,6,6,0,0,4.609,27.232
2026-07-07 04:40:36,7,7,0,0,4.641,27.268
2026-07-07 04:40:47,7,7,0,0,4.641,27.297
2026-07-07 04:40:56,6,6,0,0,4.615,27.278
2026-07-07 04:41:03,5,5,0,0,4.617,27.278
2026-07-07 04:41:11,5,5,0,0,4.628,27.272
2026-07-07 04:41:18,3,5,0,0,4.631,27.263
2026-07-07 04:41:21,3,3,0,0,4.604,27.272
2026-07-07 04:41:24,3,3,0,0,4.625,27.278
2026-07-07 04:41:30,3,3,0,0,4.609,27.301
2026-07-07 04:41:38,3,5,0,0,4.604,27.297
2026-07-07 04:41:40,3,5,0,0,4.623,27.272
2026-07-07 04:41:42,3,5,0,0,4.601,27.312
2026-07-07 04:42:17,6,6,0,0,4.599,27.335
2026-07-07 04:42:20,6,6,0,0,4.609,27.324
2026-07-07 04:42:28,6,6,0,0,4.596,27.316
2026-07-07 04:42:31,6,6,0,0,4.617,27.324
2026-07-07 04:42:39,7,7,0,0,4.583,27.345
2026-07-07 04:42:43,7,7,0,0,4.617,27.32
2026-07-07 04:42:51,6,6,0,0,4.588,27.305
2026-07-07 04:43:01,6,7,0,0,4.609,27.35
2026-07-07 04:43:06,6,6,0,0,4.601,27.381
2026-07-07 04:43:09,6,6,0,0,4.585,27.362
2026-07-07 04:43:16,6,6,0,0,4.591,27.37
2026-07-07 04:43:36,5,5,0,0,4.585,27.387
2026-07-07 04:43:39,5,5,0,0,4.599,27.347
2026-07-07 04:43:44,3,3,0,0,4.604,27.381
2026-07-07 04:43:56,5,5,0,0,4.564,27.413
2026-07-07 04:44:08,7,7,0,0,4.591,27.387
2026-07-07 04:44:17,7,7,0,0,4.588,27.396
2026-07-07 04:44:20,7,7,0,0,4.593,27.421
2026-07-07 04:44:35,5,5,0,0,4.588,27.421
2026-07-07 04:44:48,6,6,0,0,4.577,27.387
2026-07-07 04:45:00,6,6,0,0,4.569,27.375
2026-07-07 04:45:03,6,7,0,0,4.577,27.398
2026-07-07 04:45:19,7,7,0,0,4.58,27.375
2026-07-07 04:45:21,7,7,0,0,4.591,27.415
2026-07-07 04:45:31,3,3,0,0,4.569,27.333
2026-07-07 04:45:45,5,5,0,0,4.588,27.347
2026-07-07 04:46:00,6,6,0,0,4.564,27.265
2026-07-07 04:46:14,5,5,0,0,4.567,27.232
2026-07-07 04:46:18,5,5,0,0,4.567,27.198
2026-07-07 04:46:31,6,6,0,0,4.567,27.23
2026-07-07 04:46:40,6,7,0,0,4.551,27.24
2026-07-07 04:46:46,6,6,0,0,4.543,27.251
2026-07-07 04:46:51,6,6,0,0,4.564,27.255
2026-07-07 04:47:08,5,5,0,0,4.556,27.288
2026-07-07 04:47:21,5,5,0,0,4.569,27.244
2026-07-07 04:47:35,6,7,0,0,4.556,27.291
2026-07-07 04:47:49,5,5,0,0,4.543,27.276
2026-07-07 04:48:53,6,6,0,0,4.535,27.362
2026-07-07 04:48:56,5,5,0,0,4.564,27.328
2026-07-07 04:49:17,6,6,0,0,4.54,27.406
2026-07-07 04:49:23,6,6,0,0,4.564,27.375
2026-07-07 04:49:39,6,6,0,0,4.567,27.442
2026-07-07 04:49:46,6,6,0,0,4.551,27.402
2026-07-07 04:49:50,5,6,0,0,4.561,27.436
2026-07-07 04:50:16,6,6,0,0,4.551,27.474
2026-07-07 04:50:22,5,5,0,0,4.559,27.478
2026-07-07 04:50:26,5,6,0,0,4.561,27.499
2026-07-07 04:50:52,6,6,0,0,4.553,27.488
2026-07-07 04:50:59,6,6,0,0,4.551,27.501
2026-07-07 04:51:02,6,6,0,0,4.543,27.488
2026-07-07 04:51:20,5,5,0,0,4.561,27.614
2026-07-07 04:51:26,5,6,0,0,4.535,27.52
2026-07-07 04:51:40,6,7,0,0,4.543,27.534
2026-07-07 04:52:00,6,7,0,0,4.543,27.597
2026-07-07 04:52:23,7,7,0,0,4.54,27.6
2026-07-07 04:52:28,7,7,0,0,4.529,27.631
2026-07-07 04:52:32,7,7,0,0,4.54,27.677
2026-07-07 04:52:52,9,9,0,0,4.527,27.673
2026-07-07 04:52:56,10,10,0,0,4.529,27.692
2026-07-07 04:53:01,11,11,0,0,4.532,27.7
2026-07-07 04:53:03,11,11,0,0,4.537,27.698
2026-07-07 04:53:16,10,10,0,0,4.551,27.732
2026-07-07 04:53:26,7,7,0,0,4.551,27.711
2026-07-07 04:53:31,7,7,0,0,4.519,27.711
2026-07-07 04:53:49,6,6,0,0,4.5,27.732
2026-07-07 04:54:00,6,7,0,0,4.519,27.776
2026-07-07 04:54:03,6,7,0,0,4.511,27.742
2026-07-07 04:54:08,6,7,0,0,4.508,27.789
2026-07-07 04:54:13,7,7,0,0,4.513,27.761
2026-07-07 04:54:16,7,7,0,0,4.503,27.822
2026-07-07 04:54:28,7,7,0,0,4.495,27.789
2026-07-07 04:54:30,7,7,0,0,4.497,27.759
2026-07-07 04:54:43,9,9,0,0,4.508,27.787
2026-07-07 04:54:47,9,9,0,0,4.505,27.822
2026-07-07 04:54:50,8,8,0,0,4.487,27.793
2026-07-07 04:55:02,7,10,0,0,4.479,27.808
2026-07-07 04:55:10,6,9,0,0,4.511,27.743
2026-07-07 04:55:13,6,9,0,0,4.495,27.766
2026-07-07 04:55:21,6,7,0,0,4.508,27.776
2026-07-07 04:55:24,5,6,0,0,4.503,27.761
2026-07-07 04:55:48,5,6,0,0,4.505,27.684
2026-07-07 04:55:51,5,5,0,0,4.505,27.69
2026-07-07 04:55:55,5,5,0,0,4.513,27.648
2026-07-07 04:56:19,6,9,0,0,4.503,27.679
2026-07-07 04:56:27,7,7,0,0,4.476,27.701
2026-07-07 04:56:37,6,6,0,0,4.495,27.73
2026-07-07 04:56:40,6,6,0,0,4.476,27.717
2026-07-07 04:56:43,6,7,0,0,4.495,27.724
2026-07-07 04:56:49,6,9,0,0,4.503,27.743
2026-07-07 04:57:13,9,9,0,0,4.468,27.69
2026-07-07 04:57:34,9,10,0,0,4.484,27.656
2026-07-07 04:57:38,9,10,0,0,4.476,27.713
2026-07-07 04:57:41,7,9,0,0,4.46,27.707
2026-07-07 04:58:09,6,6,0,0,4.46,27.734
2026-07-07 04:58:38,6,6,0,0,4.479,27.724
2026-07-07 04:58:42,6,6,0,0,4.46,27.722
2026-07-07 04:58:49,6,6,0,0,4.446,27.707
2026-07-07 04:59:01,3,5,0,0,4.468,27.665
2026-07-07 04:59:06,3,5,0,0,4.476,27.671
2026-07-07 04:59:20,5,6,0,0,4.452,27.656
2026-07-07 04:59:24,5,6,0,0,4.452,27.665
2026-07-07 05:01:40,9,9,0,0,4.438,27.48
2026-07-07 05:06:40,6,6,0,0,4.438,27.526
2026-07-07 05:11:40,3,3,0,0,4.449,27.404
2026-07-07 05:12:35,3,3,0,0,4.465,27.551
2026-07-07 05:16:40,2,2,0,0,4.404,27.341
2026-07-07 05:21:40,5,5,0,0,4.171,27.314
2026-07-07 05:24:09,1,1,0,0,4.078,27.202
2026-07-07 05:24:11,1,1,0,0,4.067,27.217
2026-07-07 05:24:16,1,1,0,0,4.041,27.267
2026-07-07 05:24:46,1,1,0,0,4.025,27.249
2026-07-07 05:24:50,2,2,0,0,4.035,27.227
2026-07-07 05:24:54,2,2,0,0,4.009,27.204
2026-07-07 05:25:25,2,2,0,0,3.987,27.225
2026-07-07 05:26:06,3,3,0,0,3.982,27.198
2026-07-07 05:26:10,2,2,0,0,3.963,27.162
2026-07-07 05:26:40,2,2,0,0,3.958,27.162
2026-07-07 05:26:49,1,1,0,0,3.934,27.188
2026-07-07 05:26:52,1,1,0,0,3.96,27.207
2026-07-07 05:27:27,1,1,0,0,3.931,27.154
2026-07-07 05:27:32,1,1,0,0,3.907,27.108
2026-07-07 05:28:06,1,1,0,0,3.894,27.131
2026-07-07 05:28:11,1,1,0,0,3.878,27.158
2026-07-07 05:28:21,1,1,0,0,3.896,27.158
2026-07-07 05:28:46,1,1,0,0,3.867,27.196
2026-07-07 05:28:49,1,1,0,0,3.872,27.211
2026-07-07 05:28:55,1,1,0,0,3.862,27.23
2026-07-07 05:29:26,0,0,0,0,3.848,27.23
2026-07-07 05:29:32,0,0,0,0,3.835,27.19
2026-07-07 05:30:48,2,2,0,0,3.822,26.979
2026-07-07 05:30:51,2,2,0,0,3.814,26.977
2026-07-07 05:31:31,1,1,0,0,3.819,26.982
2026-07-07 05:31:40,1,1,0,0,3.787,27.022
2026-07-07 05:31:41,1,1,0,0,3.795,27.005
2026-07-07 05:32:13,1,1,0,0,3.787,27.055
2026-07-07 05:32:47,1,1,0,0,3.792,27.011
2026-07-07 05:33:27,1,1,0,0,3.782,27.091
2026-07-07 05:33:34,1,1,0,0,3.784,27.101
2026-07-07 05:34:52,0,0,0,0,3.819,27.137
2026-07-07 05:34:56,0,0,0,0,3.8,27.146
2026-07-07 05:35:32,0,0,0,0,3.824,27.114
2026-07-07 05:35:37,0,0,0,0,3.838,27.099
2026-07-07 05:35:45,0,0,0,0,3.814,27.12
2026-07-07 05:35:54,0,0,0,0,3.83,27.114
2026-07-07 05:36:21,0,0,0,0,3.846,27.162
2026-07-07 05:36:26,0,0,0,0,3.83,27.185
2026-07-07 05:36:42,0,0,0,0,3.854,27.145
2026-07-07 05:37:54,1,1,0,0,3.907,27.106
2026-07-07 05:38:00,1,1,0,0,3.886,27.118
2026-07-07 05:39:13,1,1,0,0,3.91,26.912
2026-07-07 05:39:22,1,1,0,0,3.923,26.935
2026-07-07 05:39:26,1,1,0,0,3.944,26.919
2026-07-07 05:39:35,1,1,0,0,3.931,26.923
2026-07-07 05:39:40,1,1,0,0,3.942,26.893
2026-07-07 05:40:23,1,1,0,0,3.968,26.671
2026-07-07 05:41:42,0,0,0,0,4.011,26.37
2026-07-07 05:41:56,0,0,0,0,4.017,26.336
2026-07-07 05:42:05,0,0,0,0,4.009,26.351
2026-07-07 05:44:09,0,0,0,0,4.126,26.288
2026-07-07 05:45:29,0,0,0,0,4.185,26.605
2026-07-07 05:46:07,0,0,0,0,4.206,26.589
2026-07-07 05:46:10,0,0,0,0,4.217,26.549
2026-07-07 05:46:17,0,0,0,0,4.222,26.572
2026-07-07 05:46:23,0,0,0,0,4.236,26.54
2026-07-07 05:46:27,0,0,0,0,4.236,26.528
2026-07-07 05:46:42,0,0,0,0,4.241,26.511
2026-07-07 05:46:52,0,0,0,0,4.265,26.547
2026-07-07 05:47:02,1,1,0,0,4.236,26.477
2026-07-07 05:47:07,0,0,0,0,4.246,26.439
2026-07-07 05:47:49,0,0,0,0,4.284,26.359
2026-07-07 05:48:05,0,0,0,0,4.284,26.33
2026-07-07 05:48:25,0,0,0,0,4.265,26.242
2026-07-07 05:48:46,0,0,0,0,4.284,26.212
2026-07-07 05:48:50,0,0,0,0,4.292,26.221
2026-07-07 05:49:03,0,0,0,0,4.297,26.166
2026-07-07 05:49:13,0,0,0,0,4.305,26.141
2026-07-07 05:49:25,0,0,0,0,4.294,26.124
2026-07-07 05:50:02,0,0,0,0,4.316,26.013
2026-07-07 05:50:06,0,0,0,0,4.31,26.025
2026-07-07 05:50:13,0,0,0,0,4.329,26.023
2026-07-07 05:51:42,0,0,0,0,4.345,25.817
2026-07-07 05:54:15,0,0,0,0,4.377,25.506
2026-07-07 05:54:20,0,0,0,0,4.382,25.449
2026-07-07 05:54:29,0,0,0,0,4.374,25.447
2026-07-07 05:54:40,0,0,0,0,4.369,25.413
2026-07-07 05:54:46,0,0,0,0,4.374,25.43
2026-07-07 05:54:52,0,0,0,0,4.369,25.413
2026-07-07 05:54:54,0,0,0,0,4.377,25.399
2026-07-07 05:56:42,0,0,0,0,4.396,25.014
2026-07-07 06:01:41,0,0,0,0,4.537,24.356
2026-07-07 06:02:52,0,0,0,0,4.588,24.327
2026-07-07 06:03:18,0,0,0,0,4.641,24.306
2026-07-07 06:03:41,0,0,0,0,4.655,24.262
2026-07-07 06:04:27,0,0,0,0,4.676,24.316
2026-07-07 06:04:41,0,0,0,0,4.692,24.32
2026-07-07 06:04:50,0,0,0,0,4.684,24.289
2026-07-07 06:04:54,0,0,0,0,4.692,24.32
2026-07-07 06:05:12,0,0,0,0,4.7,24.282
2026-07-07 06:05:23,0,0,0,0,4.719,24.266
2026-07-07 06:05:30,0,0,0,0,4.722,24.232
2026-07-07 06:05:53,0,0,0,0,4.738,24.261
2026-07-07 06:06:05,0,0,0,0,4.743,24.215
2026-07-07 06:06:24,0,0,0,0,4.759,24.22
2026-07-07 06:06:35,0,0,0,0,4.775,24.232
2026-07-07 06:06:41,0,0,0,0,4.778,24.234
2026-07-07 06:06:45,0,0,0,0,4.767,24.232
2026-07-07 06:06:58,0,0,0,0,4.78,24.285
2026-07-07 06:07:16,0,0,0,0,4.783,24.304
2026-07-07 06:07:47,0,0,0,0,4.812,24.417
2026-07-07 06:08:23,0,0,0,0,4.807,24.606
2026-07-07 06:08:44,0,0,0,0,4.831,24.728
2026-07-07 06:08:53,0,0,0,0,4.82,24.785
2026-07-07 06:09:13,0,0,0,0,4.834,24.837
2026-07-07 06:09:39,0,0,0,0,4.807,24.905
2026-07-07 06:09:54,0,0,0,0,4.828,25.039
2026-07-07 06:09:57,0,0,0,0,4.82,24.993
2026-07-07 06:10:12,0,0,0,0,4.82,25.085
2026-07-07 06:10:16,0,0,0,0,4.847,25.121
2026-07-07 06:10:47,0,0,0,0,4.815,25.119
2026-07-07 06:10:58,0,0,0,0,4.823,25.174
2026-07-07 06:11:15,0,0,0,0,4.807,25.199
2026-07-07 06:11:27,0,0,0,0,4.82,25.222
2026-07-07 06:11:33,0,0,0,0,4.794,25.226
2026-07-07 06:11:41,0,0,0,0,4.807,25.266
2026-07-07 06:11:58,0,0,0,0,4.818,25.3
2026-07-07 06:12:06,0,0,0,0,4.807,25.289
2026-07-07 06:12:24,0,0,0,0,4.818,25.3
2026-07-07 06:12:32,0,0,0,0,4.78,25.306
2026-07-07 06:12:38,0,0,0,0,4.807,25.291
2026-07-07 06:12:59,0,0,0,0,4.78,25.26
2026-07-07 06:13:04,0,0,0,0,4.786,25.241
2026-07-07 06:13:14,0,0,0,0,4.764,25.231
2026-07-07 06:13:38,0,0,0,0,4.794,25.229
2026-07-07 06:14:11,0,0,0,0,4.778,25.186
2026-07-07 06:14:41,0,0,0,0,4.77,25.172
2026-07-07 06:15:13,0,0,0,0,4.756,25.186
2026-07-07 06:15:47,0,0,0,0,4.738,25.126
2026-07-07 06:15:54,0,0,0,0,4.74,25.115
2026-07-07 06:16:01,0,0,0,0,4.738,25.121
2026-07-07 06:16:42,0,0,0,0,4.716,25.13
2026-07-07 06:17:09,0,0,0,0,4.706,25.147
2026-07-07 06:17:17,0,0,0,0,4.716,25.184
2026-07-07 06:17:47,0,0,0,0,4.689,25.06
2026-07-07 06:18:04,0,0,0,0,4.673,25.048
2026-07-07 06:18:28,0,0,0,0,4.668,25.003
2026-07-07 06:18:45,0,0,0,0,4.657,25.02
2026-07-07 06:19:13,0,0,0,0,4.644,24.982
2026-07-07 06:19:15,0,0,0,0,4.641,25.012
2026-07-07 06:19:48,0,0,0,0,4.625,25.075
2026-07-07 06:19:54,0,0,0,0,4.636,25.1
2026-07-07 06:19:57,0,0,0,0,4.617,25.086
2026-07-07 06:20:00,0,0,0,0,4.631,25.069
2026-07-07 06:20:08,0,0,0,0,4.617,25.062
2026-07-07 06:20:39,0,0,0,0,4.601,25.159
2026-07-07 06:21:17,0,0,0,0,4.583,25.151
2026-07-07 06:21:31,0,0,0,0,4.593,25.178
2026-07-07 06:21:41,0,0,0,0,4.564,25.151
2026-07-07 06:21:54,0,0,0,0,4.583,25.147
2026-07-07 06:21:59,0,0,0,0,4.553,25.168
2026-07-07 06:22:02,0,0,0,0,4.551,25.197
2026-07-07 06:22:32,0,0,0,0,4.532,25.249
2026-07-07 06:23:15,0,0,0,0,4.551,25.142
2026-07-07 06:23:18,0,0,0,0,4.535,25.134
2026-07-07 06:23:21,0,0,0,0,4.516,25.115
2026-07-07 06:23:54,0,0,0,0,4.5,25.209
2026-07-07 06:24:41,0,0,0,0,4.487,25.138
2026-07-07 06:25:15,0,0,0,0,4.452,25.096
2026-07-07 06:25:19,0,0,0,0,4.438,25.077
2026-07-07 06:25:25,0,0,0,0,4.436,25.044
2026-07-07 06:25:55,0,0,0,0,4.42,24.93
2026-07-07 06:25:58,0,0,0,0,4.414,24.945
2026-07-07 06:26:03,0,0,0,0,4.406,24.915
2026-07-07 06:26:39,0,0,0,0,4.42,24.964
2026-07-07 06:26:42,0,0,0,0,4.39,24.94
2026-07-07 06:27:16,0,0,0,0,4.414,24.928
2026-07-07 06:27:19,0,0,0,0,4.393,24.961
2026-07-07 06:27:31,0,0,0,0,4.382,24.917
2026-07-07 06:27:56,0,0,0,0,4.38,24.993
2026-07-07 06:27:59,0,0,0,0,4.366,24.978
2026-07-07 06:28:35,0,0,0,0,4.345,25.018
2026-07-07 06:28:42,0,0,0,0,4.356,25.039
2026-07-07 06:29:16,0,0,0,0,4.356,25.447
2026-07-07 06:29:20,0,0,0,0,4.342,25.559
2026-07-07 06:29:24,0,0,0,0,4.35,25.561
2026-07-07 06:30:38,0,0,0,0,4.318,25.508
2026-07-07 06:30:42,1,1,0,0,4.321,25.634
2026-07-07 06:30:47,3,3,0,0,4.308,25.668
2026-07-07 06:30:54,5,5,0,0,4.329,25.773
2026-07-07 06:31:20,3,3,0,0,4.305,26.034
2026-07-07 06:31:24,2,2,0,0,4.313,26.078
2026-07-07 06:31:42,1,1,0,0,4.31,26.176
2026-07-07 06:32:01,1,1,0,0,4.284,26.231
2026-07-07 06:32:15,1,1,0,0,4.313,26.153
2026-07-07 06:32:38,1,1,0,0,4.289,26.143
2026-07-07 06:32:44,1,1,0,0,4.273,26.105
2026-07-07 06:32:56,2,2,0,0,4.27,26.164
2026-07-07 06:33:19,3,3,0,0,4.252,26.225
2026-07-07 06:34:01,2,2,0,0,4.257,26.317
2026-07-07 06:34:07,2,2,0,0,4.241,26.317
2026-07-07 06:34:41,1,1,0,0,4.246,26.471
2026-07-07 06:34:45,1,1,0,0,4.236,26.437
2026-07-07 06:35:26,0,0,0,0,4.203,26.584
2026-07-07 06:35:38,0,0,0,0,4.203,26.618
2026-07-07 06:36:07,2,2,0,0,4.193,26.786
2026-07-07 06:36:42,1,1,0,0,4.187,26.982
2026-07-07 06:36:50,1,1,0,0,4.171,27.04
2026-07-07 06:37:27,2,2,0,0,4.185,27.326
2026-07-07 06:37:37,3,3,0,0,4.161,27.377
2026-07-07 06:38:05,3,5,0,0,4.155,27.6
2026-07-07 06:38:42,2,2,0,0,4.145,27.738
2026-07-07 06:38:51,2,2,0,0,4.147,27.749
2026-07-07 06:39:33,5,6,0,0,4.121,27.86
2026-07-07 06:40:13,5,5,0,0,4.105,28.047
2026-07-07 06:40:46,6,6,0,0,4.102,28.197
2026-07-07 06:40:49,6,6,0,0,4.081,28.226
2026-07-07 06:41:35,6,7,0,0,4.078,28.34
2026-07-07 06:41:41,6,7,0,0,4.043,28.342
2026-07-07 06:42:50,10,11,0,0,4.017,28.483
2026-07-07 06:42:53,11,14,0,0,4.001,28.508
2026-07-07 06:43:04,14,15,0,0,3.985,28.512
2026-07-07 06:43:09,14,16,0,0,3.99,28.516
2026-07-07 06:43:29,19,23,0,0,4.009,28.577
2026-07-07 06:43:32,19,23,0,0,3.995,28.543
2026-07-07 06:44:09,17,20,0,0,3.974,28.649
2026-07-07 06:44:49,19,22,0,0,3.942,28.653
2026-07-07 06:45:47,28,30,0,0,3.894,28.771
2026-07-07 06:45:53,28,30,0,0,3.912,28.771
2026-07-07 06:46:03,30,31,0,0,3.907,28.825
2026-07-07 06:46:14,31,33,0,0,3.883,28.823
2026-07-07 06:46:25,28,28,0,0,3.867,28.77
2026-07-07 06:46:42,26,28,0,0,3.896,28.792
2026-07-07 06:46:48,26,30,0,0,3.883,28.812
2026-07-07 06:47:26,24,26,0,0,3.854,28.854
2026-07-07 06:47:47,17,19,0,0,3.859,28.874
2026-07-07 06:48:05,14,17,0,0,3.822,28.861
2026-07-07 06:48:34,9,10,0,0,3.814,28.89
2026-07-07 06:49:04,10,10,0,0,3.792,28.951
2026-07-07 06:49:18,9,10,0,0,3.787,28.976
2026-07-07 06:49:30,9,9,0,0,3.795,28.991
2026-07-07 06:49:37,10,10,0,0,3.8,28.998
2026-07-07 06:49:53,7,7,0,0,3.784,28.991
2026-07-07 06:50:08,7,7,0,0,3.776,29.06
2026-07-07 06:50:41,9,9,0,0,3.782,29.096
2026-07-07 06:51:03,7,7,0,0,3.79,29.088
2026-07-07 06:51:42,7,7,0,0,3.771,29.159
2026-07-07 06:51:55,6,6,0,0,3.774,29.143
2026-07-07 06:52:04,6,7,0,0,3.782,29.166
2026-07-07 06:52:24,5,6,0,0,3.755,29.176
2026-07-07 06:52:40,6,6,0,0,3.766,29.187
2026-07-07 06:53:06,7,7,0,0,3.744,29.239
2026-07-07 06:53:19,5,6,0,0,3.758,29.159
2026-07-07 06:53:24,6,6,0,0,3.755,29.206
2026-07-07 06:53:33,6,6,0,0,3.758,29.195
2026-07-07 06:54:09,6,7,0,0,3.744,29.197
2026-07-07 06:54:18,7,9,0,0,3.768,29.206
2026-07-07 06:54:22,6,7,0,0,3.747,29.197
2026-07-07 06:54:43,7,7,0,0,3.752,29.204
2026-07-07 06:54:55,7,7,0,0,3.752,29.222
2026-07-07 06:55:13,9,9,0,0,3.728,29.199
2026-07-07 06:55:20,9,9,0,0,3.75,29.231
2026-07-07 06:55:35,9,9,0,0,3.755,29.195
2026-07-07 06:55:47,7,10,0,0,3.736,29.227
2026-07-07 06:56:08,9,9,0,0,3.747,29.216
2026-07-07 06:56:20,7,7,0,0,3.747,29.206
2026-07-07 06:56:23,7,7,0,0,3.739,29.285
2026-07-07 06:56:41,7,7,0,0,3.739,29.264
2026-07-07 06:56:43,7,7,0,0,3.739,29.294
2026-07-07 06:56:46,6,6,0,0,3.76,29.3
2026-07-07 06:56:49,6,6,0,0,3.728,29.256
2026-07-07 06:57:03,6,6,0,0,3.75,29.3
2026-07-07 06:57:29,7,7,0,0,3.744,29.26
2026-07-07 06:57:45,6,7,0,0,3.728,29.277
2026-07-07 06:58:13,7,7,0,0,3.739,29.3
2026-07-07 06:58:18,7,7,0,0,3.736,29.29
2026-07-07 06:58:22,9,9,0,0,3.728,29.306
2026-07-07 06:58:28,7,7,0,0,3.755,29.302
2026-07-07 06:59:40,6,6,0,0,3.758,29.311
2026-07-07 06:59:54,6,6,0,0,3.768,29.349
2026-07-07 07:00:18,6,6,0,0,3.76,29.342
2026-07-07 07:00:22,6,6,0,0,3.779,29.388
2026-07-07 07:00:31,6,6,0,0,3.755,29.365
2026-07-07 07:00:58,6,6,0,0,3.771,29.37
2026-07-07 07:01:00,6,6,0,0,3.771,29.361
2026-07-07 07:01:04,7,7,0,0,3.784,29.361
2026-07-07 07:01:13,9,9,0,0,3.766,29.332
2026-07-07 07:01:38,9,9,0,0,3.76,29.388
2026-07-07 07:01:43,9,9,0,0,3.771,29.323
2026-07-07 07:02:25,6,6,0,0,3.771,29.367
2026-07-07 07:02:37,5,7,0,0,3.776,29.311
2026-07-07 07:03:04,6,7,0,0,3.771,29.323
2026-07-07 07:06:43,7,11,0,0,3.832,29.306
2026-07-07 07:08:04,7,9,0,0,3.854,29.269
2026-07-07 07:11:43,9,9,0,0,3.856,29.266
2026-07-07 07:12:08,10,10,0,0,3.88,29.222
2026-07-07 07:15:34,9,9,0,0,3.878,28.928
2026-07-07 07:16:42,7,7,0,0,3.878,28.89
2026-07-07 07:16:44,7,7,0,0,3.867,28.886
2026-07-07 07:21:44,18,19,0,0,3.878,28.791
2026-07-07 07:26:44,24,24,0,0,3.867,28.758
2026-07-07 07:26:54,23,23,0,0,3.88,28.724
2026-07-07 07:28:35,14,15,0,0,3.867,28.8
2026-07-07 07:31:44,6,7,0,0,3.843,28.665
2026-07-07 07:36:44,7,7,0,0,3.854,28.606
2026-07-07 07:39:35,9,9,0,0,3.782,28.602
2026-07-07 07:41:44,7,7,0,0,3.763,28.934
2026-07-07 07:42:33,9,9,0,0,3.731,29.021
2026-07-07 07:44:04,7,9,0,0,3.675,29.077
2026-07-07 07:46:44,6,6,0,0,3.627,28.888
2026-07-07 07:50:03,39,45,0,0,3.552,28.844
2026-07-07 07:51:44,44,51,0,0,3.528,28.836
2026-07-07 07:53:08,31,33,0,0,3.482,28.703
2026-07-07 07:53:12,30,31,0,0,3.485,28.697
2026-07-07 07:53:51,25,26,0,0,3.464,28.602
2026-07-07 07:53:54,26,29,0,0,3.453,28.571
2026-07-07 07:54:33,21,22,0,0,3.442,28.503
2026-07-07 07:54:47,17,21,0,0,3.418,28.495
2026-07-07 07:55:11,12,12,0,0,3.416,28.409
2026-07-07 07:55:22,11,14,0,0,3.418,28.398
2026-07-07 07:55:50,7,7,0,0,3.389,28.401
2026-07-07 07:56:34,7,7,0,0,3.373,28.207
2026-07-07 07:56:43,6,6,0,0,3.368,28.144
2026-07-07 07:56:45,6,6,0,0,3.36,28.133
2026-07-07 08:01:45,6,7,0,0,3.36,27.7
2026-07-07 08:03:23,6,6,0,0,3.368,27.162
2026-07-07 08:05:55,2,3,0,0,3.402,26.654
2026-07-07 08:06:45,2,3,0,0,3.426,26.528
2026-07-07 08:11:45,15,17,0,0,3.728,26.076
2026-07-07 08:16:45,14,14,0,0,4.094,26.506
2026-07-07 08:17:50,14,15,0,0,4.123,26.683
2026-07-07 08:18:34,9,10,0,0,4.185,26.422
2026-07-07 08:18:57,11,11,0,0,4.233,26.439
2026-07-07 08:19:55,14,16,0,0,4.34,26.601
2026-07-07 08:21:45,10,11,0,0,4.706,26.481
2026-07-07 08:22:28,11,14,0,0,4.89,26.528
2026-07-07 08:24:16,7,7,0,0,5.37,26.525
2026-07-07 08:26:45,6,6,0,0,5.993,26.433
2026-07-07 08:27:34,8,10,0,0,6.225,26.334
2026-07-07 08:31:45,19,20,0,0,7.138,25.725
2026-07-07 08:36:45,23,25,0,0,7.491,25.363
2026-07-07 08:38:10,23,25,0,0,7.493,25.298
2026-07-07 08:39:19,25,25,0,0,7.477,25.317
2026-07-07 08:40:14,24,24,0,0,7.451,25.338
2026-07-07 08:41:03,27,28,0,0,7.421,25.38
2026-07-07 08:41:45,27,28,0,0,7.416,25.382
2026-07-07 08:42:52,27,27,0,0,7.336,25.365
2026-07-07 08:43:35,24,27,0,0,7.301,25.422
2026-07-07 08:46:45,23,24,0,0,7.09,25.647
2026-07-07 08:51:45,27,27,0,0,6.842,25.92
2026-07-07 08:56:45,24,24,0,0,6.775,25.744
2026-07-07 09:01:45,23,28,0,0,6.884,25.731
2026-07-07 09:05:07,36,36,0,0,7.002,26.088
2026-07-07 09:06:45,48,57,0,0,7.101,26.151
2026-07-07 09:11:45,23,24,0,0,7.336,25.754
2026-07-07 09:16:45,24,24,0,0,7.6,25.592
2026-07-07 09:21:45,28,29,0,0,7.907,25.495
2026-07-07 09:26:45,27,28,0,0,8.198,25.394
2026-07-07 09:31:45,26,27,0,0,8.497,24.968
2026-07-07 09:36:45,17,19,0,0,8.855,23.395
2026-07-07 09:38:08,16,16,0,0,8.962,23.103
2026-07-07 09:41:33,14,16,0,0,9.264,23.053
2026-07-07 09:41:45,10,15,0,0,9.269,23.034
2026-07-07 09:46:45,15,16,0,0,9.736,22.908
2026-07-07 09:51:45,17,18,0,0,10.209,22.319
2026-07-07 09:56:45,27,28,0,0,10.687,21.75
2026-07-07 10:01:45,12,13,0,0,11.208,20.719
2026-07-07 10:06:45,13,18,0,0,11.766,19.843
2026-07-07 10:10:59,7,8,0,0,12.228,19.191
2026-07-07 10:11:45,7,8,0,0,12.321,19.021
2026-07-07 10:16:45,7,7,0,0,12.938,18.079
2026-07-07 10:19:08,6,7,0,0,13.259,17.676
2026-07-07 10:21:45,7,8,0,0,13.523,17.667
2026-07-07 10:26:46,7,7,0,0,14.158,17.365
2026-07-07 10:27:53,7,8,0,0,14.252,17.493
2026-07-07 10:29:02,6,6,0,0,14.399,17.52
2026-07-07 10:31:45,5,5,0,0,14.698,17.348
2026-07-07 10:35:24,5,5,0,0,15.109,16.744
2026-07-07 10:36:45,6,6,0,0,15.248,16.938
2026-07-07 10:41:45,5,5,0,0,15.747,16.299
2026-07-07 10:46:45,5,6,0,0,16.209,16.198
2026-07-07 10:51:45,7,7,0,0,16.669,15.859
2026-07-07 10:54:19,4,4,0,0,16.925,15.363
2026-07-07 10:56:45,4,4,0,0,17.165,14.672
2026-07-07 11:01:45,0,0,0,0,17.635,13.39
2026-07-07 11:02:44,2,3,0,0,17.753,13.539
2026-07-07 11:06:45,0,0,0,0,18.135,13.146
2026-07-07 11:11:02,1,1,0,0,18.556,13.167
2026-07-07 11:11:45,2,2,0,0,18.623,13.257
2026-07-07 11:16:45,3,3,0,0,19.056,13.165
2026-07-07 11:20:59,4,4,0,0,19.382,13.478
2026-07-07 11:21:45,3,3,0,0,19.43,13.593
2026-07-07 11:26:48,1,1,0,0,19.761,13.026
2026-07-07 11:31:45,3,3,0,0,20.129,13.148
2026-07-07 11:36:45,6,7,0,0,20.792,12.647
2026-07-07 11:39:09,7,8,0,0,21.288,12.65
2026-07-07 11:40:49,5,6,0,0,21.683,12.708
2026-07-07 11:41:45,5,5,0,0,21.945,12.669
2026-07-07 11:43:51,8,8,0,0,22.522,12.713
2026-07-07 11:44:39,7,7,0,0,22.752,12.601
2026-07-07 11:46:25,5,5,0,0,23.286,11.952
2026-07-07 11:46:45,5,5,0,0,23.376,11.853
2026-07-07 11:51:39,3,3,0,0,24.752,10.798
2026-07-07 11:51:45,2,2,0,0,24.797,10.823
2026-07-07 11:54:21,0,0,0,0,25.435,10.186
2026-07-07 11:56:45,3,4,0,0,26.049,10.154
2026-07-07 12:01:46,5,5,0,0,27.342,10.543
2026-07-07 12:06:46,3,3,0,0,28.503,9.843
2026-07-07 12:11:46,1,1,0,0,29.454,9.728
2026-07-07 12:16:45,2,2,0,0,30.279,9.566
2026-07-07 12:21:46,0,1,0,0,30.928,9.476
2026-07-07 12:22:55,25,26,0,0,31.048,9.478
2026-07-07 12:26:46,12,13,0,0,31.521,9.452
2026-07-07 12:31:37,5,5,0,0,31.927,9.181
2026-07-07 12:31:45,4,4,0,0,31.943,9.194
2026-07-07 12:33:48,3,3,0,0,32.071,9.202
2026-07-07 12:36:45,3,3,0,0,32.285,9.089
2026-07-07 12:41:46,9,9,0,0,32.699,9.04
2026-07-07 12:45:58,2,2,0,0,33.155,8.675
2026-07-07 12:46:46,8,8,0,0,33.251,8.672
2026-07-07 12:51:46,0,0,0,0,33.59,8.836
2026-07-07 12:56:45,0,0,0,0,33.833,9.131
2026-07-07 13:01:45,1,1,0,0,33.914,9.303
2026-07-07 13:06:46,2,2,0,0,34.087,9.288
2026-07-07 13:11:46,3,3,0,0,33.908,9.681
2026-07-07 13:16:11,2,2,0,0,33.665,9.875
2026-07-07 13:16:45,1,1,0,0,33.671,9.919
2026-07-07 13:21:45,0,0,0,0,33.775,9.513
2026-07-07 13:26:45,0,0,0,0,34.082,8.855
2026-07-07 13:31:45,0,0,0,0,34.207,8.872
2026-07-07 13:36:45,5,5,0,0,34.378,9.248
2026-07-07 13:39:42,9,11,0,0,34.434,8.996
2026-07-07 13:41:45,1,2,0,0,34.397,9.406
2026-07-07 13:46:45,0,0,0,0,34.378,9.764
2026-07-07 13:50:42,0,0,0,0,34.381,9.999
2026-07-07 13:51:45,0,0,0,0,34.397,9.97
2026-07-07 13:56:45,0,0,0,0,34.485,9.661
2026-07-07 14:00:42,1,2,0,0,34.739,10.114
2026-07-07 14:01:45,2,2,0,0,34.763,10.022
2026-07-07 14:06:46,4,4,0,0,34.883,9.761
2026-07-07 14:08:17,0,0,0,0,34.888,9.499
2026-07-07 14:11:45,0,0,0,0,34.955,9.391
2026-07-07 14:16:45,1,1,0,0,34.958,8.803
2026-07-07 14:21:45,0,0,0,0,34.992,8.313
2026-07-07 14:26:45,0,0,0,0,35.008,8.588
2026-07-07 14:31:46,0,0,0,0,34.883,8.555
2026-07-07 14:36:45,0,0,0,0,34.41,8.683
2026-07-07 14:41:45,0,0,0,0,33.751,8.822
2026-07-07 14:46:46,0,0,0,0,33.145,8.893
2026-07-07 14:51:46,0,0,0,0,32.787,8.893
2026-07-07 14:56:46,0,0,0,0,32.448,8.902
2026-07-07 14:57:44,0,0,0,0,32.381,8.956
2026-07-07 15:01:46,1,1,0,0,32.231,9.339
2026-07-07 15:06:46,0,0,0,0,31.916,9.496
2026-07-07 15:11:46,0,0,0,0,31.668,10.032
2026-07-07 15:13:43,0,0,0,0,31.662,10.197
2026-07-07 15:14:44,0,0,0,0,31.684,9.936
2026-07-07 15:16:46,0,0,0,0,31.764,10.144
2026-07-07 15:21:46,22,22,0,0,31.97,10.558
2026-07-07 15:26:46,0,0,0,0,32.146,9.78
2026-07-07 15:31:46,0,0,0,0,32.034,9.822
2026-07-07 15:36:46,2,2,0,0,31.633,10.127
2026-07-07 15:41:46,2,2,0,0,31.326,10.55
2026-07-07 15:46:46,0,0,0,0,31.12,10.76
2026-07-07 15:49:44,1,1,0,0,31.019,10.905
2026-07-07 15:51:46,0,0,0,0,30.939,10.911
2026-07-07 15:56:46,0,0,0,0,30.795,10.562
2026-07-07 16:03:15,2,2,0,0,30.65,11.073
2026-07-07 16:06:53,0,0,0,0,30.578,11.039
2026-07-07 16:11:46,0,0,0,0,30.512,10.743
2026-07-07 16:16:46,0,0,0,0,30.346,10.432
2026-07-07 16:17:15,0,0,0,0,30.293,10.464
2026-07-07 16:19:15,0,0,0,0,30.1,10.264
2026-07-07 16:21:46,0,0,0,0,29.828,10.024
2026-07-07 16:26:46,0,0,0,0,29.147,10.228
2026-07-07 16:31:46,0,0,0,0,28.621,10.606
2026-07-07 16:36:46,0,0,0,0,28.333,11.172
2026-07-07 16:41:46,2,2,0,0,28.183,12.183
2026-07-07 16:42:45,4,5,0,0,28.175,12.091
2026-07-07 16:46:46,16,18,0,0,28.167,12.772
2026-07-07 16:46:47,19,22,0,0,28.167,12.772
2026-07-07 16:51:48,2,2,0,0,27.953,13.663
2026-07-07 16:56:47,25,25,0,0,27.507,13.827
2026-07-07 17:00:15,26,28,0,0,27.107,13.272
2026-07-07 17:00:45,28,28,0,0,27.056,13.308
2026-07-07 17:01:48,30,31,0,0,26.909,13.169
2026-07-07 17:06:48,4,5,0,0,26.292,14.031
2026-07-07 17:11:48,3,4,0,0,25.601,15.973
2026-07-07 17:16:48,6,6,0,0,24.973,17.19
2026-07-07 17:21:16,2,2,0,0,24.426,17.846
2026-07-07 17:21:48,3,3,0,0,24.388,17.835
2026-07-07 17:26:48,1,1,0,0,23.836,18.042
2026-07-07 17:31:48,3,3,0,0,23.302,18.722
2026-07-07 17:36:48,7,8,0,0,22.808,19.37
2026-07-07 17:40:16,8,8,0,0,22.498,19.811
2026-07-07 17:41:48,7,8,0,0,22.372,20.007
2026-07-07 17:46:17,2,2,0,0,22.071,20.062
2026-07-07 17:46:48,4,4,0,0,22.015,20.072
2026-07-07 17:48:16,4,5,0,0,21.95,20.186
2026-07-07 17:51:48,7,8,0,0,21.742,20.692
2026-07-07 17:52:17,8,8,0,0,21.702,20.646
2026-07-07 17:56:48,4,4,0,0,21.478,20.753
2026-07-07 18:01:48,3,3,0,0,21.243,21.007
2026-07-07 18:04:32,2,2,0,0,21.141,20.631
2026-07-07 18:06:48,3,3,0,0,21.037,20.484
2026-07-07 18:09:17,2,3,0,0,20.944,20.827
2026-07-07 18:11:48,0,0,0,0,20.877,20.656
2026-07-07 18:16:48,3,4,0,0,20.738,20.492
2026-07-07 18:17:48,7,8,0,0,20.674,20.543
2026-07-07 18:18:17,19,23,0,0,20.663,20.41
2026-07-07 18:21:29,33,36,0,0,20.575,20.303
2026-07-07 18:21:48,31,33,0,0,20.546,20.469
2026-07-07 18:23:47,24,25,0,0,20.498,20.417
2026-07-07 18:26:48,5,6,0,0,20.383,19.771
2026-07-07 18:27:14,21,23,0,0,20.364,19.765
2026-07-07 18:27:30,19,22,0,0,20.383,19.801
2026-07-07 18:27:40,22,24,0,0,20.396,19.835
2026-07-07 18:31:48,46,55,0,0,20.268,20.061
2026-07-07 18:33:47,32,34,0,0,20.199,20.078
2026-07-07 18:35:28,30,34,0,0,20.137,20.305
2026-07-07 18:36:48,39,46,0,0,20.079,20.463
2026-07-07 18:41:47,30,31,0,0,19.857,21.3
2026-07-07 18:41:49,30,31,0,0,19.876,21.317
2026-07-07 18:46:49,8,11,0,0,19.611,20.354
2026-07-07 18:49:17,14,17,0,0,19.553,20.251
2026-07-07 18:51:49,36,42,0,0,19.545,20.217
2026-07-07 18:55:54,22,22,0,0,19.526,20.001
2026-07-07 18:56:49,23,24,0,0,19.494,20.122
2026-07-07 19:01:49,30,33,0,0,19.416,20.036
2026-07-07 19:06:50,23,24,0,0,19.302,20.066
2026-07-07 19:10:18,26,27,0,0,19.216,20.303
2026-07-07 19:11:49,6,6,0,0,19.173,20.249
2026-07-07 19:16:50,9,9,0,0,19.08,20.572
2026-07-07 19:20:48,9,9,0,0,19.026,20.871
2026-07-07 19:21:49,6,6,0,0,19.024,20.801
2026-07-07 19:26:49,16,17,0,0,18.962,21.024
2026-07-07 19:31:49,4,4,0,0,18.824,20.987
2026-07-07 19:33:48,3,3,0,0,18.773,21.092
2026-07-07 19:34:19,1,1,0,0,18.77,21.081
2026-07-07 19:36:49,1,1,0,0,18.703,20.795
2026-07-07 19:36:51,1,1,0,0,18.682,20.829
2026-07-07 19:41:52,1,1,0,0,18.578,20.637
2026-07-07 19:46:20,41,49,0,0,18.468,21.205
2026-07-07 19:46:51,41,49,0,0,18.492,21.272
2026-07-07 19:48:49,41,49,0,0,18.436,21.129
2026-07-07 19:51:51,4,5,0,0,18.399,20.513
2026-07-07 19:56:52,11,11,0,0,18.474,20.617
2026-07-07 20:01:51,17,18,0,0,18.436,20.486
2026-07-07 20:06:52,26,27,0,0,18.388,19.942
2026-07-07 20:11:51,38,45,0,0,18.362,19.86
2026-07-07 20:11:57,35,41,0,0,18.388,19.853
2026-07-07 20:16:51,17,18,0,0,18.316,19.565
2026-07-07 20:21:52,19,19,0,0,18.207,19.713
2026-07-07 20:26:51,22,22,0,0,18.046,20.066
2026-07-07 20:29:19,28,29,0,0,17.918,20.593
2026-07-07 20:31:51,24,26,0,0,17.819,20.078
2026-07-07 20:32:19,25,25,0,0,17.787,20.476
2026-07-07 20:36:52,80,84,0,0,17.576,21.144
2026-07-07 20:38:49,52,65,0,0,17.432,20.947
2026-07-07 20:41:52,62,72,0,0,17.307,21.399
2026-07-07 20:46:52,43,51,0,0,17.037,21.937
2026-07-07 20:50:55,20,20,0,0,16.823,22.326
2026-07-07 20:51:52,16,16,0,0,16.77,22.344
2026-07-07 20:55:02,17,19,0,0,16.599,22.489
2026-07-07 20:55:50,18,19,0,0,16.567,22.565
2026-07-07 20:56:36,12,14,0,0,16.524,22.54
2026-07-07 20:56:52,13,14,0,0,16.492,22.462
2026-07-07 20:57:20,9,9,0,0,16.484,22.401
2026-07-07 21:01:29,7,7,0,0,16.287,21.892
2026-07-07 21:01:52,7,7,0,0,16.249,21.808
2026-07-07 21:04:59,7,8,0,0,16.126,21.691
2026-07-07 21:05:51,11,11,0,0,16.081,21.745
2026-07-07 21:06:52,8,8,0,0,16.076,21.625
2026-07-07 21:09:50,11,11,0,0,15.98,21.346
2026-07-07 21:11:21,9,9,0,0,15.937,21.289
2026-07-07 21:11:52,11,11,0,0,15.942,21.304
2026-07-07 21:14:35,28,28,0,0,15.867,21.565
2026-07-07 21:16:05,24,25,0,0,15.825,21.544
2026-07-07 21:16:52,23,24,0,0,15.798,21.821
2026-07-07 21:18:50,23,25,0,0,15.745,21.239
2026-07-07 21:20:24,26,28,0,0,15.729,21.068
2026-07-07 21:21:52,24,26,0,0,15.705,21.136
2026-07-07 21:22:50,24,25,0,0,15.678,21.193
2026-07-07 21:24:25,26,26,0,0,15.667,21.394
2026-07-07 21:26:52,28,29,0,0,15.616,21.293
2026-07-07 21:29:50,26,26,0,0,15.603,21.352
2026-07-07 21:30:58,28,29,0,0,15.606,21.411
2026-07-07 21:31:22,28,28,0,0,15.584,21.409
2026-07-07 21:31:52,30,31,0,0,15.592,21.392
2026-07-07 21:33:16,31,32,0,0,15.552,21.342
2026-07-07 21:34:22,30,30,0,0,15.566,21.251
2026-07-07 21:34:36,30,30,0,0,15.566,21.287
2026-07-07 21:36:12,28,28,0,0,15.542,21.272
2026-07-07 21:36:52,30,33,0,0,15.534,21.302
2026-07-07 21:37:22,30,31,0,0,15.536,21.325
2026-07-07 21:38:20,34,36,0,0,15.515,21.407
2026-07-07 21:41:52,34,37,0,0,15.488,21.874
2026-07-07 21:41:54,34,36,0,0,15.483,21.861
2026-07-07 21:42:16,35,39,0,0,15.47,21.96
2026-07-07 21:43:49,33,36,0,0,15.456,22.151
2026-07-07 21:46:52,34,40,0,0,15.379,22.208
2026-07-07 21:48:58,33,37,0,0,15.315,22.042
2026-07-07 21:51:42,27,29,0,0,15.211,21.832
2026-07-07 21:51:46,26,29,0,0,15.221,21.823
2026-07-07 21:51:52,25,28,0,0,15.205,21.821
2026-07-07 21:53:20,25,26,0,0,15.138,21.72
2026-07-07 21:55:25,25,25,0,0,15.034,22.002
2026-07-07 21:56:19,20,24,0,0,15.008,22.073
2026-07-07 21:56:52,20,20,0,0,14.954,22.176
2026-07-07 21:57:54,19,19,0,0,14.92,22.244
2026-07-07 21:59:14,19,19,0,0,14.842,22.3
2026-07-07 22:00:14,19,20,0,0,14.794,22.517
2026-07-07 22:01:31,18,18,0,0,14.703,22.658
2026-07-07 22:01:52,19,19,0,0,14.719,22.59
2026-07-07 22:02:59,16,16,0,0,14.65,22.422
2026-07-07 22:04:18,19,19,0,0,14.586,22.38
2026-07-07 22:05:47,18,20,0,0,14.511,22.37
2026-07-07 22:06:52,17,19,0,0,14.466,22.445
2026-07-07 22:07:25,19,20,0,0,14.431,22.433
2026-07-07 22:09:11,20,20,0,0,14.361,22.477
2026-07-07 22:11:52,20,21,0,0,14.268,22.523
2026-07-07 22:16:52,11,13,0,0,14.142,22.794
2026-07-07 22:17:07,11,12,0,0,14.142,22.767
2026-07-07 22:20:55,15,19,0,0,14.089,22.504
2026-07-07 22:21:52,18,19,0,0,14.068,22.428
2026-07-07 22:21:54,19,19,0,0,14.078,22.416
2026-07-07 22:26:52,9,13,0,0,13.988,22.145
2026-07-07 22:31:52,37,43,0,0,13.889,22.515
2026-07-07 22:32:57,32,35,0,0,13.865,22.475
2026-07-07 22:34:58,20,23,0,0,13.777,22.628
2026-07-07 22:36:05,12,13,0,0,13.742,22.656
2026-07-07 22:36:45,9,9,0,0,13.721,22.645
2026-07-07 22:36:52,11,11,0,0,13.729,22.679
2026-07-07 22:37:54,9,11,0,0,13.678,22.729
2026-07-07 22:37:57,9,11,0,0,13.683,22.695
2026-07-07 22:38:45,11,11,0,0,13.635,22.92
2026-07-07 22:40:09,8,9,0,0,13.592,22.792
2026-07-07 22:41:52,9,9,0,0,13.531,22.666
2026-07-07 22:46:52,15,18,0,0,13.395,22.55
2026-07-07 22:51:52,14,16,0,0,13.349,22.805
2026-07-07 22:56:52,21,21,0,0,13.283,22.288
2026-07-07 23:01:52,15,16,0,0,13.184,21.703
2026-07-07 23:06:52,18,20,0,0,13.136,21.993
2026-07-07 23:11:52,21,24,0,0,13.032,22.286
2026-07-07 23:16:52,23,24,0,0,12.879,22.664
2026-07-07 23:21:52,26,27,0,0,12.62,22.897
2026-07-07 23:26:53,25,26,0,0,12.377,21.981
2026-07-07 23:31:52,24,25,0,0,12.367,21.865
2026-07-07 23:31:58,24,25,0,0,12.359,21.888
2026-07-07 23:36:52,20,24,0,0,12.465,22.183
2026-07-07 23:37:58,24,25,0,0,12.5,22.275
2026-07-07 23:41:52,12,13,0,0,12.516,21.665
2026-07-07 23:46:52,5,5,0,0,12.444,21.472
2026-07-07 23:51:42,4,4,0,0,12.327,21.363
2026-07-07 23:51:52,4,4,0,0,12.329,21.363
2026-07-07 23:52:58,4,4,0,0,12.311,21.358
2026-07-07 23:53:13,5,5,0,0,12.319,21.384
2026-07-07 23:55:49,3,3,0,0,12.257,21.342
2026-07-07 23:56:52,2,2,0,0,12.236,21.266
2026-07-07 23:58:34,1,1,0,0,12.252,20.902
2026-07-07 23:58:58,1,2,0,0,12.214,20.835
2026-07-08 00:01:52,3,3,0,0,12.225,21.361
2026-07-08 00:04:58,2,2,0,0,12.182,21.811
2026-07-08 00:06:52,2,2,0,0,12.153,21.857
2026-07-08 00:08:59,4,4,0,0,12.078,21.731
2026-07-08 00:09:34,8,8,0,0,12.036,21.88
2026-07-08 00:11:52,5,5,0,0,11.947,22.363
2026-07-08 00:12:58,6,6,0,0,11.913,22.254
2026-07-08 00:16:52,24,28,0,0,11.774,23.21
2026-07-08 00:19:35,32,32,0,0,11.688,23.976
2026-07-08 00:20:59,30,31,0,0,11.648,24.097
2026-07-08 00:21:52,26,29,0,0,11.627,24.232
2026-07-08 00:24:59,25,27,0,0,11.539,24.371
2026-07-08 00:25:43,29,30,0,0,11.526,24.337
2026-07-08 00:26:53,26,27,0,0,11.493,24.533
2026-07-08 00:31:29,18,21,0,0,11.376,24.104
2026-07-08 00:31:52,16,19,0,0,11.363,23.959
2026-07-08 00:36:53,8,8,0,0,11.21,23.397
2026-07-08 00:41:17,13,15,0,0,11.202,23.408
2026-07-08 00:41:52,10,13,0,0,11.186,23.397
2026-07-08 00:45:51,13,17,0,0,11.205,23.343
2026-07-08 00:46:48,19,21,0,0,11.181,23.404
2026-07-08 00:46:52,20,22,0,0,11.186,23.383
2026-07-08 00:49:29,10,12,0,0,11.173,23.416
2026-07-08 00:51:30,13,15,0,0,11.16,23.5
2026-07-08 00:51:52,10,14,0,0,11.13,23.503
2026-07-08 00:56:52,10,12,0,0,11.037,23.744
2026-07-08 00:57:15,12,12,0,0,11.013,23.646
2026-07-08 00:57:29,10,12,0,0,11.018,23.707
2026-07-08 00:58:59,9,9,0,0,10.97,23.7
2026-07-08 01:01:52,6,6,0,0,10.879,23.543
2026-07-08 01:02:17,6,9,0,0,10.898,23.587
2026-07-08 01:03:16,4,5,0,0,10.847,23.709
2026-07-08 01:04:30,4,5,0,0,10.834,23.973
2026-07-08 01:06:53,6,6,0,0,10.778,23.685
2026-07-08 01:11:52,4,4,0,0,10.65,23.252
2026-07-08 01:12:59,3,3,0,0,10.652,23.189
2026-07-08 01:14:18,3,3,0,0,10.663,22.719
2026-07-08 01:16:53,3,3,0,0,10.666,22.569
2026-07-08 01:18:24,3,4,0,0,10.658,22.763
2026-07-08 01:21:08,2,3,0,0,10.719,22.916
2026-07-08 01:21:50,2,2,0,0,10.706,22.929
2026-07-08 01:21:52,2,2,0,0,10.727,22.958
2026-07-08 01:23:00,3,3,0,0,10.735,22.855
2026-07-08 01:23:31,3,3,0,0,10.751,22.96
2026-07-08 01:24:21,2,3,0,0,10.74,22.882
2026-07-08 01:26:53,10,10,0,0,10.778,23.179
2026-07-08 01:29:00,22,27,0,0,10.791,23.664
2026-07-08 01:30:03,12,14,0,0,10.78,23.742
2026-07-08 01:31:52,9,10,0,0,10.778,23.982
2026-07-08 01:32:07,9,10,0,0,10.789,23.963
2026-07-08 01:33:02,12,12,0,0,10.767,24.014
2026-07-08 01:34:07,10,10,0,0,10.77,24.005
2026-07-08 01:36:31,9,9,0,0,10.74,24.577
2026-07-08 01:36:52,10,10,0,0,10.724,24.415
2026-07-08 01:37:29,9,10,0,0,10.727,24.413
2026-07-08 01:39:01,9,9,0,0,10.711,24.333
2026-07-08 01:39:38,6,6,0,0,10.716,24.205
2026-07-08 01:41:52,9,10,0,0,10.66,24.19
2026-07-08 01:46:53,9,10,0,0,10.58,24.665
2026-07-08 01:50:31,9,9,0,0,10.527,24.858
2026-07-08 01:51:53,8,8,0,0,10.484,24.665
2026-07-08 01:54:49,10,10,0,0,10.436,24.652
2026-07-08 01:55:31,9,9,0,0,10.425,24.749
2026-07-08 01:56:53,4,5,0,0,10.404,24.634
2026-07-08 01:58:56,3,3,0,0,10.375,24.571
2026-07-08 02:00:10,2,4,0,0,10.324,24.652
2026-07-08 02:00:41,4,5,0,0,10.356,24.688
2026-07-08 02:01:07,3,4,0,0,10.364,24.621
2026-07-08 02:01:11,3,4,0,0,10.345,24.636
2026-07-08 02:01:27,4,4,0,0,10.343,24.665
2026-07-08 02:01:30,4,4,0,0,10.335,24.697
2026-07-08 02:01:42,4,5,0,0,10.332,24.699
2026-07-08 02:01:44,3,4,0,0,10.361,24.671
2026-07-08 02:01:48,3,4,0,0,10.327,24.694
2026-07-08 02:01:52,3,4,0,0,10.329,24.623
2026-07-08 02:02:04,3,4,0,0,10.335,24.558
2026-07-08 02:02:10,2,3,0,0,10.329,24.571
2026-07-08 02:02:12,2,3,0,0,10.329,24.547
2026-07-08 02:02:25,2,2,0,0,10.319,24.535
2026-07-08 02:02:45,3,3,0,0,10.329,24.558
2026-07-08 02:03:01,2,3,0,0,10.337,24.531
2026-07-08 02:03:17,2,4,0,0,10.335,24.585
2026-07-08 02:03:23,3,4,0,0,10.34,24.562
2026-07-08 02:03:37,3,3,0,0,10.34,24.52
2026-07-08 02:03:51,2,2,0,0,10.337,24.524
2026-07-08 02:03:56,2,3,0,0,10.308,24.489
2026-07-08 02:04:07,3,4,0,0,10.313,24.507
2026-07-08 02:04:19,3,3,0,0,10.335,24.409
2026-07-08 02:04:28,2,4,0,0,10.329,24.409
2026-07-08 02:04:33,2,3,0,0,10.337,24.322
2026-07-08 02:04:49,2,2,0,0,10.345,24.264
2026-07-08 02:05:03,2,2,0,0,10.329,24.228
2026-07-08 02:05:17,2,2,0,0,10.348,24.184
2026-07-08 02:05:33,2,2,0,0,10.345,24.138
2026-07-08 02:05:45,2,2,0,0,10.345,24.074
2026-07-08 02:06:04,2,3,0,0,10.364,24.043
2026-07-08 02:06:18,3,3,0,0,10.361,24.261
2026-07-08 02:06:28,4,4,0,0,10.345,24.415
2026-07-08 02:06:42,3,3,0,0,10.364,24.56
2026-07-08 02:06:52,3,3,0,0,10.345,24.512
2026-07-08 02:06:57,3,3,0,0,10.335,24.501
2026-07-08 02:07:01,3,3,0,0,10.348,24.432
2026-07-08 02:07:14,2,3,0,0,10.375,24.264
2026-07-08 02:07:45,2,2,0,0,10.383,24.028
2026-07-08 02:07:48,3,3,0,0,10.383,24.016
2026-07-08 02:07:54,3,3,0,0,10.385,24.022
2026-07-08 02:07:58,2,2,0,0,10.367,23.976
2026-07-08 02:08:18,3,3,0,0,10.393,23.873
2026-07-08 02:08:42,3,3,0,0,10.401,23.85
2026-07-08 02:09:27,2,2,0,0,10.415,23.873
2026-07-08 02:09:46,2,2,0,0,10.436,24.097
2026-07-08 02:10:18,2,2,0,0,10.436,24.182
2026-07-08 02:10:42,1,1,0,0,10.439,24.262
2026-07-08 02:10:46,1,1,0,0,10.439,24.303
2026-07-08 02:11:20,1,2,0,0,10.473,24.19
2026-07-08 02:11:25,1,2,0,0,10.449,24.165
2026-07-08 02:11:27,1,2,0,0,10.444,24.201
2026-07-08 02:11:52,3,3,0,0,10.473,24.253
2026-07-08 02:12:12,2,2,0,0,10.468,24.083
2026-07-08 02:12:27,4,4,0,0,10.484,23.986
2026-07-08 02:12:35,4,4,0,0,10.479,23.986
2026-07-08 02:12:47,3,3,0,0,10.503,23.98
2026-07-08 02:12:58,2,3,0,0,10.479,23.974
2026-07-08 02:13:11,3,3,0,0,10.508,23.948
2026-07-08 02:13:19,2,3,0,0,10.511,23.957
2026-07-08 02:13:23,2,2,0,0,10.508,23.957
2026-07-08 02:13:26,2,2,0,0,10.497,24.005
2026-07-08 02:14:08,2,2,0,0,10.516,24.325
2026-07-08 02:14:26,3,3,0,0,10.516,24.262
2026-07-08 02:14:46,2,2,0,0,10.508,24.308
2026-07-08 02:14:52,3,3,0,0,10.535,24.333
2026-07-08 02:15:08,3,3,0,0,10.532,24.365
2026-07-08 02:15:51,2,3,0,0,10.537,24.232
2026-07-08 02:15:58,2,3,0,0,10.543,24.228
2026-07-08 02:16:12,2,3,0,0,10.524,24.201
2026-07-08 02:16:25,3,3,0,0,10.551,24.156
2026-07-08 02:16:33,3,3,0,0,10.548,24.116
2026-07-08 02:16:47,3,3,0,0,10.548,24.146
2026-07-08 02:16:52,2,2,0,0,10.551,24.116
2026-07-08 02:17:08,2,3,0,0,10.548,24.159
2026-07-08 02:17:12,2,2,0,0,10.559,24.077
2026-07-08 02:17:36,1,3,0,0,10.54,24.07
2026-07-08 02:17:44,2,3,0,0,10.54,24.116
2026-07-08 02:17:48,2,3,0,0,10.551,24.123
2026-07-08 02:18:05,2,2,0,0,10.548,24.194
2026-07-08 02:18:09,2,3,0,0,10.537,24.146
2026-07-08 02:18:23,3,3,0,0,10.551,24.171
2026-07-08 02:18:49,1,1,0,0,10.537,24.081
2026-07-08 02:18:52,1,1,0,0,10.537,24.093
2026-07-08 02:19:11,1,2,0,0,10.567,24.186
2026-07-08 02:19:16,1,2,0,0,10.551,24.31
2026-07-08 02:19:30,1,2,0,0,10.559,24.394
2026-07-08 02:19:36,2,2,0,0,10.543,24.377
2026-07-08 02:19:46,2,3,0,0,10.556,24.354
2026-07-08 02:20:01,2,2,0,0,10.548,24.203
2026-07-08 02:20:15,3,3,0,0,10.527,24.127
2026-07-08 02:20:37,2,2,0,0,10.578,24.146
2026-07-08 02:20:41,2,2,0,0,10.58,24.114
2026-07-08 02:20:57,2,3,0,0,10.543,24.123
2026-07-08 02:21:11,2,3,0,0,10.559,23.961
2026-07-08 02:21:32,1,2,0,0,10.564,23.826
2026-07-08 02:21:34,1,2,0,0,10.548,23.849
2026-07-08 02:21:45,1,2,0,0,10.554,23.904
2026-07-08 02:21:50,1,2,0,0,10.562,23.896
2026-07-08 02:21:52,1,2,0,0,10.546,23.938
2026-07-08 02:21:57,1,2,0,0,10.551,23.948
2026-07-08 02:22:01,1,3,0,0,10.546,23.976
2026-07-08 02:22:04,1,2,0,0,10.532,23.959
2026-07-08 02:22:07,1,2,0,0,10.548,23.902
2026-07-08 02:22:13,1,2,0,0,10.535,23.839
2026-07-08 02:22:17,1,2,0,0,10.543,23.791
2026-07-08 02:22:20,1,2,0,0,10.521,23.837
2026-07-08 02:22:28,1,2,0,0,10.551,23.837
2026-07-08 02:22:42,3,3,0,0,10.537,23.995
2026-07-08 02:22:58,2,2,0,0,10.537,24.163
2026-07-08 02:23:10,2,2,0,0,10.537,24.354
2026-07-08 02:23:17,2,2,0,0,10.54,24.404
2026-07-08 02:23:31,2,3,0,0,10.532,24.44
2026-07-08 02:23:45,2,2,0,0,10.548,24.348
2026-07-08 02:23:54,3,3,0,0,10.529,24.306
2026-07-08 02:24:07,3,3,0,0,10.535,24.278
2026-07-08 02:24:12,3,3,0,0,10.537,24.255
2026-07-08 02:24:15,3,3,0,0,10.516,24.161
2026-07-08 02:26:35,0,0,0,0,10.535,24.488
2026-07-08 02:26:52,1,1,0,0,10.54,24.581
2026-07-08 02:27:02,1,1,0,0,10.54,24.673
2026-07-08 02:31:53,2,2,0,0,10.484,24.735
2026-07-08 02:36:53,0,2,0,0,10.388,24.707
2026-07-08 02:41:53,2,2,0,0,10.27,25.195
2026-07-08 02:46:53,13,14,0,0,10.158,25.451
2026-07-08 02:51:53,26,26,0,0,10.041,26.406
2026-07-08 02:56:52,31,32,0,0,9.958,26.357
2026-07-08 02:57:35,30,31,0,0,9.963,26.305
2026-07-08 03:01:52,31,32,0,0,9.907,26.34
2026-07-08 03:03:58,31,33,0,0,9.918,26.58
2026-07-08 03:04:01,31,34,0,0,9.913,26.546
2026-07-08 03:04:10,31,32,0,0,9.926,26.557
2026-07-08 03:04:15,31,31,0,0,9.929,26.506
2026-07-08 03:04:22,32,32,0,0,9.899,26.513
2026-07-08 03:04:39,33,34,0,0,9.923,26.486
2026-07-08 03:05:23,31,32,0,0,9.926,26.441
2026-07-08 03:05:27,32,33,0,0,9.929,26.486
2026-07-08 03:05:38,32,33,0,0,9.905,26.452
2026-07-08 03:06:03,32,34,0,0,9.923,26.437
2026-07-08 03:06:05,32,34,0,0,9.931,26.441
2026-07-08 03:06:45,31,33,0,0,9.942,26.458
2026-07-08 03:06:52,31,33,0,0,9.929,26.492
2026-07-08 03:07:05,28,31,0,0,9.926,26.483
2026-07-08 03:07:22,31,32,0,0,9.918,26.538
2026-07-08 03:07:29,31,32,0,0,9.91,26.54
2026-07-08 03:07:36,31,32,0,0,9.923,26.551
2026-07-08 03:08:01,29,32,0,0,9.937,26.557
2026-07-08 03:08:11,28,30,0,0,9.921,26.591
2026-07-08 03:08:21,28,31,0,0,9.918,26.576
2026-07-08 03:11:52,28,28,0,0,9.99,26.61
2026-07-08 03:16:52,21,26,0,0,10.046,25.857
2026-07-08 03:20:07,23,25,0,0,10.07,25.943
2026-07-08 03:21:53,26,26,0,0,10.07,25.962
2026-07-08 03:23:22,22,25,0,0,10.076,25.945
2026-07-08 03:24:30,25,26,0,0,10.057,25.737
2026-07-08 03:26:53,22,23,0,0,10.076,25.664
2026-07-08 03:29:51,23,23,0,0,10.078,26.055
2026-07-08 03:31:53,21,22,0,0,10.094,25.819
2026-07-08 03:35:32,22,22,0,0,10.094,26.08
2026-07-08 03:36:52,20,21,0,0,10.113,26.254
2026-07-08 03:38:34,21,23,0,0,10.089,26.317
2026-07-08 03:39:10,21,23,0,0,10.105,26.254
2026-07-08 03:40:37,18,21,0,0,10.126,26.143
2026-07-08 03:40:59,20,22,0,0,10.124,26.16
2026-07-08 03:41:52,20,23,0,0,10.148,26.168
2026-07-08 03:46:53,16,20,0,0,10.14,26.244
2026-07-08 03:51:52,12,14,0,0,10.201,26.004
2026-07-08 03:56:52,10,10,0,0,10.246,25.916
2026-07-08 03:59:08,10,10,0,0,10.273,25.901
2026-07-08 04:01:38,10,10,0,0,10.268,25.992
2026-07-08 04:01:52,13,14,0,0,10.281,25.992
2026-07-08 04:03:32,9,10,0,0,10.254,25.987
2026-07-08 04:06:53,6,8,0,0,10.249,26.16
2026-07-08 04:08:11,6,6,0,0,10.233,26.462
2026-07-08 04:09:17,4,5,0,0,10.209,26.702
2026-07-08 04:11:52,5,6,0,0,10.161,26.868
2026-07-08 04:16:53,13,14,0,0,10.046,27.021
2026-07-08 04:21:53,16,17,0,0,9.993,27.377
2026-07-08 04:26:53,9,12,0,0,9.993,26.862
2026-07-08 04:31:53,10,10,0,0,9.982,27.076
2026-07-08 04:35:10,12,12,0,0,9.985,27.133
2026-07-08 04:35:14,10,10,0,0,9.993,27.165
2026-07-08 04:35:17,10,10,0,0,10.006,27.127
2026-07-08 04:35:32,10,10,0,0,10.019,27.192
2026-07-08 04:35:43,10,10,0,0,10.009,27.232
2026-07-08 04:35:49,10,10,0,0,10.014,27.209
2026-07-08 04:36:05,10,10,0,0,10.03,27.234
2026-07-08 04:36:10,10,10,0,0,10.003,27.227
2026-07-08 04:36:22,9,9,0,0,10.011,27.236
2026-07-08 04:36:43,8,8,0,0,9.995,27.261
2026-07-08 04:36:45,8,8,0,0,9.985,27.238
2026-07-08 04:36:53,12,12,0,0,10.009,27.286
2026-07-08 04:36:55,13,13,0,0,10.033,27.314
2026-07-08 04:37:01,13,13,0,0,9.982,27.267
2026-07-08 04:37:03,12,13,0,0,10.019,27.33
2026-07-08 04:37:13,10,13,0,0,10.003,27.32
2026-07-08 04:37:17,10,12,0,0,10.006,27.309
2026-07-08 04:37:29,12,12,0,0,9.993,27.324
2026-07-08 04:37:33,10,10,0,0,9.987,27.316
2026-07-08 04:37:37,10,10,0,0,10.003,27.318
2026-07-08 04:37:40,10,10,0,0,10.014,27.33
2026-07-08 04:37:48,9,9,0,0,10.009,27.32
2026-07-08 04:37:52,9,10,0,0,9.987,27.289
2026-07-08 04:37:54,9,10,0,0,9.971,27.305
2026-07-08 04:38:07,9,10,0,0,10.011,27.314
2026-07-08 04:38:20,9,9,0,0,10.003,27.337
2026-07-08 04:38:23,8,9,0,0,9.993,27.364
2026-07-08 04:38:30,8,9,0,0,10.011,27.356
2026-07-08 04:38:33,9,10,0,0,10.003,27.343
2026-07-08 04:38:36,9,10,0,0,10.003,27.364
2026-07-08 04:38:52,10,10,0,0,10.001,27.318
2026-07-08 04:38:57,10,10,0,0,10.003,27.312
2026-07-08 04:39:04,10,10,0,0,10.011,27.341
2026-07-08 04:39:16,10,12,0,0,10.009,27.314
2026-07-08 04:39:20,10,10,0,0,10.019,27.297
2026-07-08 04:39:42,10,10,0,0,10.014,27.33
2026-07-08 04:39:45,10,10,0,0,10.022,27.349
2026-07-08 04:39:55,12,12,0,0,10.033,27.373
2026-07-08 04:40:13,10,10,0,0,10.011,27.364
2026-07-08 04:40:21,9,9,0,0,10.006,27.391
2026-07-08 04:40:34,9,9,0,0,10.003,27.377
2026-07-08 04:40:39,9,10,0,0,10.009,27.368
2026-07-08 04:40:47,9,10,0,0,10.009,27.368
2026-07-08 04:40:57,9,10,0,0,10.006,27.412
2026-07-08 04:41:09,12,13,0,0,9.998,27.36
2026-07-08 04:41:25,10,12,0,0,10.019,27.442
2026-07-08 04:41:33,12,12,0,0,10.03,27.434
2026-07-08 04:41:37,12,12,0,0,10.022,27.446
2026-07-08 04:41:43,12,12,0,0,10.019,27.448
2026-07-08 04:41:46,12,12,0,0,10.006,27.425
2026-07-08 04:41:52,12,12,0,0,10.009,27.457
2026-07-08 04:41:56,12,12,0,0,10.025,27.461
2026-07-08 04:42:06,12,12,0,0,9.993,27.471
2026-07-08 04:42:09,12,12,0,0,10.03,27.453
2026-07-08 04:42:27,12,12,0,0,10.022,27.448
2026-07-08 04:42:41,13,15,0,0,10.014,27.516
2026-07-08 04:42:45,12,13,0,0,9.998,27.482
2026-07-08 04:42:49,12,13,0,0,10.019,27.476
2026-07-08 04:43:04,12,13,0,0,10.022,27.495
2026-07-08 04:43:12,12,12,0,0,10.019,27.446
2026-07-08 04:43:19,13,13,0,0,10.014,27.459
2026-07-08 04:43:23,13,15,0,0,10.019,27.442
2026-07-08 04:43:29,14,17,0,0,9.998,27.452
2026-07-08 04:43:33,15,17,0,0,10.03,27.471
2026-07-08 04:43:47,13,17,0,0,10.017,27.488
2026-07-08 04:44:13,10,13,0,0,10.019,27.45
2026-07-08 04:44:27,10,12,0,0,10.014,27.495
2026-07-08 04:44:38,10,10,0,0,10.022,27.507
2026-07-08 04:44:44,10,10,0,0,10.014,27.532
2026-07-08 04:45:01,10,12,0,0,10.03,27.568
2026-07-08 04:45:04,12,12,0,0,10.003,27.574
2026-07-08 04:45:09,10,12,0,0,10.017,27.562
2026-07-08 04:45:11,10,10,0,0,10.03,27.579
2026-07-08 04:45:17,10,10,0,0,10.011,27.589
2026-07-08 04:45:45,12,13,0,0,10.03,27.516
2026-07-08 04:45:49,10,13,0,0,10.027,27.516
2026-07-08 04:45:54,10,13,0,0,10.022,27.528
2026-07-08 04:45:56,10,13,0,0,10.011,27.484
2026-07-08 04:46:13,10,10,0,0,10.019,27.446
2026-07-08 04:46:18,10,12,0,0,10.025,27.434
2026-07-08 04:46:22,12,12,0,0,10.019,27.425
2026-07-08 04:46:31,12,12,0,0,10.003,27.413
2026-07-08 04:46:53,12,12,0,0,10.033,27.356
2026-07-08 04:47:15,9,12,0,0,10.017,27.297
2026-07-08 04:47:20,9,9,0,0,10.019,27.28
2026-07-08 04:47:31,9,9,0,0,10.033,27.31
2026-07-08 04:47:41,10,12,0,0,10.019,27.263
2026-07-08 04:47:46,10,12,0,0,10.033,27.286
2026-07-08 04:48:16,10,10,0,0,10.035,27.238
2026-07-08 04:48:20,9,10,0,0,10.025,27.263
2026-07-08 04:48:37,10,12,0,0,10.03,27.183
2026-07-08 04:48:44,10,12,0,0,10.035,27.183
2026-07-08 04:49:08,13,16,0,0,10.03,27.179
2026-07-08 04:49:12,13,17,0,0,10.057,27.177
2026-07-08 04:49:15,12,17,0,0,10.051,27.217
2026-07-08 04:49:32,14,17,0,0,10.033,27.124
2026-07-08 04:49:35,12,16,0,0,10.057,27.148
2026-07-08 04:49:39,10,14,0,0,10.049,27.125
2026-07-08 04:49:52,8,10,0,0,10.041,27.074
2026-07-08 04:50:08,10,12,0,0,10.049,27.078
2026-07-08 04:50:14,9,10,0,0,10.049,27.131
2026-07-08 04:50:22,9,12,0,0,10.046,27.194
2026-07-08 04:50:27,10,12,0,0,10.03,27.192
2026-07-08 04:50:30,10,12,0,0,10.035,27.209
2026-07-08 04:50:47,10,12,0,0,10.03,27.093
2026-07-08 04:50:51,10,10,0,0,10.017,27.072
2026-07-08 04:50:56,10,10,0,0,10.049,27.015
2026-07-08 04:50:58,10,12,0,0,10.043,27.038
2026-07-08 04:51:06,12,12,0,0,10.025,27.007
2026-07-08 04:51:21,9,9,0,0,10.041,27.001
2026-07-08 04:51:30,10,10,0,0,10.03,27.032
2026-07-08 04:51:42,10,12,0,0,10.049,26.967
2026-07-08 04:51:45,10,10,0,0,10.03,26.979
2026-07-08 04:51:51,9,9,0,0,10.025,26.931
2026-07-08 04:51:52,8,8,0,0,10.033,26.965
2026-07-08 04:51:58,6,8,0,0,10.019,26.984
2026-07-08 04:52:02,6,8,0,0,10.041,26.944
2026-07-08 04:52:04,6,8,0,0,10.043,26.946
2026-07-08 04:52:07,6,8,0,0,10.041,26.935
2026-07-08 04:52:34,9,9,0,0,10.041,27.013
2026-07-08 04:52:48,9,10,0,0,10.03,27.024
2026-07-08 04:52:54,9,10,0,0,10.035,26.979
2026-07-08 04:56:29,9,10,0,0,10.07,26.691
2026-07-08 04:56:52,8,10,0,0,10.084,26.832
2026-07-08 05:01:53,8,9,0,0,10.084,27.097
2026-07-08 05:06:53,9,9,0,0,10.068,27.169
2026-07-08 05:11:53,10,10,0,0,10.07,27.518
2026-07-08 05:16:53,9,9,0,0,10.03,27.343
2026-07-08 05:20:39,6,8,0,0,10.003,27.413
2026-07-08 05:20:59,8,8,0,0,9.998,27.423
2026-07-08 05:21:23,6,6,0,0,9.995,27.448
2026-07-08 05:21:53,5,5,0,0,9.969,27.364
2026-07-08 05:22:03,6,6,0,0,9.982,27.328
2026-07-08 05:22:10,5,6,0,0,9.974,27.248
2026-07-08 05:22:44,4,6,0,0,9.971,27.23
2026-07-08 05:22:47,4,5,0,0,9.969,27.154
2026-07-08 05:22:55,4,6,0,0,9.977,27.148
2026-07-08 05:23:27,5,6,0,0,9.969,27.137
2026-07-08 05:24:04,4,4,0,0,9.979,27.11
2026-07-08 05:24:08,5,5,0,0,9.958,27.104
2026-07-08 05:24:12,5,5,0,0,9.958,27.104
2026-07-08 05:24:24,5,5,0,0,9.945,27.093
2026-07-08 05:24:43,4,4,0,0,9.985,27.057
2026-07-08 05:25:29,4,4,0,0,9.987,27.087
2026-07-08 05:25:32,4,4,0,0,9.958,27.103
2026-07-08 05:26:13,5,5,0,0,9.963,27.104
2026-07-08 05:26:18,5,6,0,0,9.958,27.082
2026-07-08 05:26:49,3,3,0,0,9.958,27.021
2026-07-08 05:26:53,4,4,0,0,9.969,26.986
2026-07-08 05:27:27,5,5,0,0,9.955,26.942
2026-07-08 05:27:33,4,4,0,0,9.979,26.971
2026-07-08 05:27:40,3,3,0,0,9.966,27.017
2026-07-08 05:28:06,5,6,0,0,9.985,27
2026-07-08 05:28:11,4,5,0,0,9.982,26.965
2026-07-08 05:28:35,3,3,0,0,9.958,26.986
2026-07-08 05:28:45,4,4,0,0,9.982,27.001
2026-07-08 05:29:10,4,5,0,0,9.977,27.104
2026-07-08 05:29:14,4,5,0,0,9.987,27.154
2026-07-08 05:29:28,3,3,0,0,10.017,27.236
2026-07-08 05:29:32,3,3,0,0,9.993,27.227
2026-07-08 05:29:42,3,3,0,0,9.985,27.23
2026-07-08 05:29:49,4,4,0,0,9.993,27.244
2026-07-08 05:29:56,4,4,0,0,9.987,27.293
2026-07-08 05:30:01,4,4,0,0,9.966,27.261
2026-07-08 05:30:07,4,4,0,0,9.993,27.244
2026-07-08 05:30:21,4,4,0,0,10.006,27.225
2026-07-08 05:30:28,4,4,0,0,9.993,27.213
2026-07-08 05:30:35,4,5,0,0,9.993,27.202
2026-07-08 05:30:45,4,5,0,0,10.019,27.158
2026-07-08 05:31:03,3,4,0,0,10.027,27.156
2026-07-08 05:31:15,3,4,0,0,10.035,27.078
2026-07-08 05:31:31,3,5,0,0,10.025,27.078
2026-07-08 05:31:53,4,5,0,0,10.03,27.108
2026-07-08 05:32:10,5,5,0,0,10.025,27.244
2026-07-08 05:32:20,6,6,0,0,10.033,27.24
2026-07-08 05:32:30,6,8,0,0,10.049,27.276
2026-07-08 05:32:36,5,5,0,0,10.035,27.268
2026-07-08 05:32:55,4,4,0,0,10.051,27.291
2026-07-08 05:33:07,5,5,0,0,10.07,27.282
2026-07-08 05:33:13,5,5,0,0,10.057,27.297
2026-07-08 05:33:26,4,4,0,0,10.094,27.318
2026-07-08 05:33:33,3,3,0,0,10.057,27.347
2026-07-08 05:33:52,4,4,0,0,10.07,27.37
2026-07-08 05:34:03,4,4,0,0,10.081,27.328
2026-07-08 05:34:05,4,5,0,0,10.073,27.35
2026-07-08 05:34:08,4,4,0,0,10.078,27.316
2026-07-08 05:34:11,4,4,0,0,10.068,27.347
2026-07-08 05:34:19,3,4,0,0,10.084,27.364
2026-07-08 05:34:22,3,4,0,0,10.078,27.368
2026-07-08 05:34:26,4,4,0,0,10.084,27.383
2026-07-08 05:34:31,4,4,0,0,10.06,27.335
2026-07-08 05:34:35,4,4,0,0,10.086,27.383
2026-07-08 05:34:43,3,3,0,0,10.081,27.364
2026-07-08 05:35:01,4,4,0,0,10.084,27.333
2026-07-08 05:35:12,3,3,0,0,10.102,27.349
2026-07-08 05:35:19,4,4,0,0,10.108,27.423
2026-07-08 05:35:22,5,5,0,0,10.076,27.455
2026-07-08 05:35:27,5,5,0,0,10.097,27.434
2026-07-08 05:35:30,4,4,0,0,10.1,27.427
2026-07-08 05:35:35,3,3,0,0,10.105,27.465
2026-07-08 05:35:46,4,4,0,0,10.105,27.497
2026-07-08 05:35:48,4,4,0,0,10.084,27.492
2026-07-08 05:35:52,4,4,0,0,10.094,27.574
2026-07-08 05:36:04,4,4,0,0,10.118,27.585
2026-07-08 05:36:31,4,4,0,0,10.132,27.429
2026-07-08 05:36:38,3,3,0,0,10.129,27.423
2026-07-08 05:36:49,4,5,0,0,10.134,27.362
2026-07-08 05:36:52,4,5,0,0,10.11,27.381
2026-07-08 05:36:54,4,5,0,0,10.134,27.347
2026-07-08 05:37:01,4,4,0,0,10.105,27.36
2026-07-08 05:37:12,4,4,0,0,10.158,27.337
2026-07-08 05:37:25,5,6,0,0,10.134,27.307
2026-07-08 05:37:31,6,6,0,0,10.156,27.349
2026-07-08 05:37:38,5,5,0,0,10.129,27.314
2026-07-08 05:37:49,4,5,0,0,10.158,27.337
2026-07-08 05:37:55,4,5,0,0,10.158,27.431
2026-07-08 05:38:15,4,4,0,0,10.161,27.413
2026-07-08 05:38:20,5,5,0,0,10.185,27.446
2026-07-08 05:38:26,5,5,0,0,10.15,27.385
2026-07-08 05:40:31,6,8,0,0,10.212,27.312
2026-07-08 05:40:39,6,6,0,0,10.212,27.33
2026-07-08 05:41:23,4,5,0,0,10.233,27.249
2026-07-08 05:41:49,5,5,0,0,10.222,27.305
2026-07-08 05:41:54,5,5,0,0,10.206,27.299
2026-07-08 05:42:01,5,6,0,0,10.228,27.293
2026-07-08 05:42:39,6,6,0,0,10.236,27.352
2026-07-08 05:42:45,6,6,0,0,10.222,27.377
2026-07-08 05:42:49,6,6,0,0,10.206,27.377
2026-07-08 05:42:56,6,8,0,0,10.222,27.417
2026-07-08 05:43:18,5,6,0,0,10.233,27.448
2026-07-08 05:43:22,5,5,0,0,10.238,27.482
2026-07-08 05:43:36,5,6,0,0,10.249,27.597
2026-07-08 05:43:56,5,6,0,0,10.244,27.593
2026-07-08 05:44:14,3,4,0,0,10.262,27.585
2026-07-08 05:44:19,4,4,0,0,10.236,27.619
2026-07-08 05:44:43,4,4,0,0,10.233,27.671
2026-07-08 05:46:54,8,8,0,0,10.257,27.602
2026-07-08 05:51:12,5,5,0,0,10.297,27.467
2026-07-08 05:51:14,5,5,0,0,10.273,27.434
2026-07-08 05:51:19,5,5,0,0,10.292,27.427
2026-07-08 05:51:34,5,5,0,0,10.265,27.423
2026-07-08 05:51:53,6,7,0,0,10.273,27.371
2026-07-08 05:51:55,6,8,0,0,10.265,27.438
2026-07-08 05:52:23,5,5,0,0,10.286,27.436
2026-07-08 05:52:31,6,6,0,0,10.297,27.385
2026-07-08 05:53:18,6,6,0,0,10.316,27.425
2026-07-08 05:53:22,6,6,0,0,10.276,27.391
2026-07-08 05:53:36,6,6,0,0,10.308,27.452
2026-07-08 05:54:12,6,6,0,0,10.303,27.391
2026-07-08 05:54:16,6,6,0,0,10.297,27.413
2026-07-08 05:54:35,8,8,0,0,10.308,27.402
2026-07-08 05:54:51,6,6,0,0,10.327,27.375
2026-07-08 05:54:57,6,6,0,0,10.286,27.415
2026-07-08 05:54:59,6,6,0,0,10.313,27.368
2026-07-08 05:55:02,6,6,0,0,10.313,27.379
2026-07-08 05:55:08,6,6,0,0,10.316,27.41
2026-07-08 05:55:18,7,7,0,0,10.297,27.396
2026-07-08 05:55:40,6,6,0,0,10.324,27.368
2026-07-08 05:56:10,8,9,0,0,10.324,27.335
2026-07-08 05:56:15,8,9,0,0,10.321,27.345
2026-07-08 05:56:17,8,8,0,0,10.319,27.375
2026-07-08 05:56:24,8,8,0,0,10.324,27.375
2026-07-08 05:56:44,6,6,0,0,10.335,27.364
2026-07-08 05:56:55,6,6,0,0,10.335,27.352
2026-07-08 05:57:30,7,7,0,0,10.335,27.324
2026-07-08 05:57:41,8,8,0,0,10.335,27.41
2026-07-08 05:58:24,6,6,0,0,10.345,27.461
2026-07-08 05:58:41,6,8,0,0,10.364,27.497
2026-07-08 05:58:45,6,8,0,0,10.353,27.551
2026-07-08 05:59:02,4,5,0,0,10.361,27.516
2026-07-08 06:01:56,6,6,0,0,10.409,27.623
2026-07-08 06:02:27,6,6,0,0,10.428,27.581
2026-07-08 06:02:38,6,6,0,0,10.415,27.526
2026-07-08 06:02:45,5,5,0,0,10.425,27.593
2026-07-08 06:03:04,5,5,0,0,10.409,27.564
2026-07-08 06:03:13,6,6,0,0,10.415,27.577
2026-07-08 06:03:15,6,6,0,0,10.377,27.574
2026-07-08 06:03:32,6,6,0,0,10.401,27.616
2026-07-08 06:03:35,6,6,0,0,10.401,27.593
2026-07-08 06:03:48,6,7,0,0,10.399,27.585
2026-07-08 06:03:51,5,7,0,0,10.409,27.574
2026-07-08 06:04:12,8,8,0,0,10.399,27.511
2026-07-08 06:04:19,6,6,0,0,10.417,27.495
2026-07-08 06:04:32,8,8,0,0,10.404,27.495
2026-07-08 06:04:37,7,7,0,0,10.409,27.524
2026-07-08 06:04:47,5,6,0,0,10.393,27.53
2026-07-08 06:04:50,5,6,0,0,10.409,27.488
2026-07-08 06:04:55,5,6,0,0,10.401,27.499
2026-07-08 06:04:59,5,6,0,0,10.412,27.499
2026-07-08 06:05:05,5,5,0,0,10.409,27.57
2026-07-08 06:05:18,4,5,0,0,10.409,27.598
2026-07-08 06:05:39,6,7,0,0,10.409,27.547
2026-07-08 06:06:32,6,6,0,0,10.404,27.431
2026-07-08 06:06:39,5,6,0,0,10.415,27.408
2026-07-08 06:06:44,5,6,0,0,10.404,27.442
2026-07-08 06:06:48,5,6,0,0,10.431,27.41
2026-07-08 06:06:55,4,4,0,0,10.425,27.419
2026-07-08 06:07:04,5,5,0,0,10.42,27.402
2026-07-08 06:07:23,5,5,0,0,10.409,27.442
2026-07-08 06:07:44,5,5,0,0,10.412,27.425
2026-07-08 06:08:03,4,4,0,0,10.431,27.392
2026-07-08 06:08:07,5,5,0,0,10.42,27.364
2026-07-08 06:08:23,5,6,0,0,10.412,27.396
2026-07-08 06:08:36,7,9,0,0,10.409,27.383
2026-07-08 06:09:27,6,6,0,0,10.409,27.375
2026-07-08 06:09:54,6,6,0,0,10.433,27.368
2026-07-08 06:10:00,5,5,0,0,10.412,27.345
2026-07-08 06:10:06,5,6,0,0,10.431,27.35
2026-07-08 06:10:29,6,6,0,0,10.433,27.362
2026-07-08 06:10:34,5,5,0,0,10.423,27.345
2026-07-08 06:10:41,5,5,0,0,10.431,27.339
2026-07-08 06:11:53,8,8,0,0,10.452,27.387
2026-07-08 06:11:55,8,8,0,0,10.439,27.408
2026-07-08 06:12:33,6,6,0,0,10.444,27.341
2026-07-08 06:12:36,6,6,0,0,10.436,27.356
2026-07-08 06:14:00,6,6,0,0,10.455,27.324
2026-07-08 06:14:35,8,9,0,0,10.439,27.318
2026-07-08 06:14:38,7,9,0,0,10.436,27.33
2026-07-08 06:14:43,9,10,0,0,10.433,27.303
2026-07-08 06:15:14,12,12,0,0,10.473,27.417
2026-07-08 06:15:17,12,12,0,0,10.449,27.423
2026-07-08 06:15:23,13,14,0,0,10.471,27.463
2026-07-08 06:15:28,17,18,0,0,10.444,27.469
2026-07-08 06:15:55,29,33,0,0,10.436,27.484
2026-07-08 06:15:58,30,33,0,0,10.463,27.492
2026-07-08 06:16:14,34,37,0,0,10.457,27.474
2026-07-08 06:16:25,36,39,0,0,10.441,27.467
2026-07-08 06:16:38,31,32,0,0,10.452,27.482
2026-07-08 06:16:43,28,29,0,0,10.436,27.503
2026-07-08 06:16:54,25,26,0,0,10.449,27.539
2026-07-08 06:16:56,25,26,0,0,10.439,27.553
2026-07-08 06:17:20,21,26,0,0,10.441,27.528
2026-07-08 06:17:31,23,27,0,0,10.439,27.461
2026-07-08 06:18:00,25,26,0,0,10.431,27.314
2026-07-08 06:18:04,25,26,0,0,10.441,27.375
2026-07-08 06:18:08,27,28,0,0,10.431,27.396
2026-07-08 06:18:40,21,22,0,0,10.444,27.28
2026-07-08 06:18:44,21,22,0,0,10.473,27.335
2026-07-08 06:19:22,22,25,0,0,10.457,27.335
2026-07-08 06:19:33,22,22,0,0,10.439,27.276
2026-07-08 06:19:40,25,25,0,0,10.455,27.242
2026-07-08 06:20:01,22,22,0,0,10.447,27.206
2026-07-08 06:20:04,22,22,0,0,10.449,27.165
2026-07-08 06:20:09,21,22,0,0,10.457,27.167
2026-07-08 06:20:18,18,20,0,0,10.449,27.116
2026-07-08 06:20:40,15,18,0,0,10.452,27.179
2026-07-08 06:20:45,15,18,0,0,10.436,27.223
2026-07-08 06:21:22,9,12,0,0,10.452,27.389
2026-07-08 06:21:27,9,12,0,0,10.452,27.415
2026-07-08 06:21:39,10,12,0,0,10.452,27.37
2026-07-08 06:21:44,10,10,0,0,10.439,27.373
2026-07-08 06:21:56,10,10,0,0,10.455,27.288
2026-07-08 06:22:03,10,10,0,0,10.468,27.312
2026-07-08 06:22:11,10,10,0,0,10.439,27.299
2026-07-08 06:22:14,10,10,0,0,10.436,27.316
2026-07-08 06:22:42,6,6,0,0,10.447,27.242
2026-07-08 06:22:46,7,7,0,0,10.473,27.248
2026-07-08 06:23:22,5,6,0,0,10.479,27.225
2026-07-08 06:23:27,5,6,0,0,10.452,27.2
2026-07-08 06:23:31,5,6,0,0,10.447,27.19
2026-07-08 06:24:07,6,6,0,0,10.436,27.213
2026-07-08 06:24:10,6,6,0,0,10.447,27.188
2026-07-08 06:24:38,5,6,0,0,10.455,27.19
2026-07-08 06:24:47,5,5,0,0,10.463,27.196
2026-07-08 06:24:52,5,5,0,0,10.425,27.234
2026-07-08 06:24:56,6,6,0,0,10.452,27.219
2026-07-08 06:25:02,7,7,0,0,10.468,27.238
2026-07-08 06:25:30,6,9,0,0,10.452,27.188
2026-07-08 06:25:34,7,7,0,0,10.452,27.171
2026-07-08 06:26:08,5,5,0,0,10.449,27.011
2026-07-08 06:26:17,5,6,0,0,10.457,27.051
2026-07-08 06:26:24,6,8,0,0,10.439,27.051
2026-07-08 06:26:53,4,4,0,0,10.457,27.059
2026-07-08 06:26:55,4,4,0,0,10.428,27
2026-07-08 06:26:57,5,5,0,0,10.452,27
2026-07-08 06:27:04,5,6,0,0,10.463,26.998
2026-07-08 06:27:32,6,6,0,0,10.449,26.942
2026-07-08 06:27:36,6,6,0,0,10.433,26.946
2026-07-08 06:28:18,4,4,0,0,10.452,26.935
2026-07-08 06:28:55,3,5,0,0,10.452,26.906
2026-07-08 06:29:32,6,6,0,0,10.447,26.95
2026-07-08 06:30:09,5,6,0,0,10.439,26.834
2026-07-08 06:30:17,6,6,0,0,10.457,26.855
2026-07-08 06:30:53,6,7,0,0,10.457,26.83
2026-07-08 06:31:31,5,6,0,0,10.439,26.807
2026-07-08 06:31:36,6,6,0,0,10.468,26.803
2026-07-08 06:31:49,6,6,0,0,10.452,26.763
2026-07-08 06:31:57,6,6,0,0,10.452,26.778
2026-07-08 06:32:11,6,6,0,0,10.457,26.75
2026-07-08 06:32:15,6,6,0,0,10.455,26.792
2026-07-08 06:32:20,6,6,0,0,10.447,26.773
2026-07-08 06:32:51,7,7,0,0,10.471,26.744
2026-07-08 06:32:58,7,7,0,0,10.476,26.757
2026-07-08 06:33:02,7,7,0,0,10.463,26.698
2026-07-08 06:33:10,6,8,0,0,10.452,26.691
2026-07-08 06:33:32,5,5,0,0,10.455,26.675
2026-07-08 06:33:38,5,5,0,0,10.455,26.71
2026-07-08 06:34:22,6,6,0,0,10.465,26.706
2026-07-08 06:34:53,5,5,0,0,10.436,26.733
2026-07-08 06:34:56,5,5,0,0,10.465,26.75
2026-07-08 06:35:32,7,7,0,0,10.473,26.843
2026-07-08 06:35:34,8,8,0,0,10.484,26.906
2026-07-08 06:35:38,7,7,0,0,10.495,26.902
2026-07-08 06:36:31,6,6,0,0,10.503,26.862
2026-07-08 06:36:56,6,8,0,0,10.489,26.82
2026-07-08 06:36:57,6,8,0,0,10.505,26.797
2026-07-08 06:37:02,7,7,0,0,10.487,26.79
2026-07-08 06:38:22,9,9,0,0,10.511,26.965
2026-07-08 06:38:25,7,7,0,0,10.524,26.956
2026-07-08 06:38:57,7,7,0,0,10.516,26.914
2026-07-08 06:39:36,6,6,0,0,10.521,26.876
2026-07-08 06:39:40,6,6,0,0,10.505,26.828
2026-07-08 06:39:43,6,6,0,0,10.511,26.851
2026-07-08 06:40:30,5,6,0,0,10.54,26.956
2026-07-08 06:41:03,5,5,0,0,10.511,26.876
2026-07-08 06:41:34,6,8,0,0,10.527,26.851
2026-07-08 06:41:37,6,6,0,0,10.516,26.826
2026-07-08 06:41:58,5,5,0,0,10.524,26.816
2026-07-08 06:42:17,5,5,0,0,10.521,26.822
2026-07-08 06:43:02,6,6,0,0,10.532,26.942
2026-07-08 06:43:59,9,9,0,0,10.54,26.969
2026-07-08 06:44:06,7,9,0,0,10.527,26.931
2026-07-08 06:44:15,5,6,0,0,10.537,26.956
2026-07-08 06:44:22,5,6,0,0,10.543,26.912
2026-07-08 06:44:36,6,6,0,0,10.513,26.887
2026-07-08 06:44:41,7,7,0,0,10.537,26.864
2026-07-08 06:45:08,6,6,0,0,10.564,26.881
2026-07-08 06:45:10,6,6,0,0,10.548,26.933
2026-07-08 06:45:15,5,5,0,0,10.537,26.95
2026-07-08 06:45:23,5,5,0,0,10.521,26.942
2026-07-08 06:46:12,6,7,0,0,10.537,26.939
2026-07-08 06:46:18,6,6,0,0,10.532,26.969
2026-07-08 06:46:25,6,6,0,0,10.554,26.975
2026-07-08 06:46:27,6,6,0,0,10.537,26.975
2026-07-08 06:46:41,6,6,0,0,10.521,26.996
2026-07-08 06:46:58,7,7,0,0,10.546,26.979
2026-07-08 06:47:09,6,6,0,0,10.532,27.001
2026-07-08 06:47:21,6,8,0,0,10.548,27.051
2026-07-08 06:47:28,8,8,0,0,10.556,27.043
2026-07-08 06:48:28,7,9,0,0,10.559,26.944
2026-07-08 06:48:52,7,7,0,0,10.556,26.933
2026-07-08 06:51:57,7,7,0,0,10.575,26.687
2026-07-08 06:56:58,14,18,0,0,10.642,26.713
2026-07-08 07:01:57,12,12,0,0,10.676,26.847
2026-07-08 07:06:58,12,12,0,0,10.716,26.715
2026-07-08 07:11:58,5,6,0,0,10.682,26.448
2026-07-08 07:16:51,5,5,0,0,10.682,27.038
2026-07-08 07:16:57,4,4,0,0,10.684,27.057
2026-07-08 07:21:58,8,8,0,0,10.655,26.654
2026-07-08 07:25:48,14,17,0,0,10.604,27.255
2026-07-08 07:26:58,14,17,0,0,10.586,26.929
2026-07-08 07:27:16,12,14,0,0,10.567,26.948
2026-07-08 07:31:58,8,8,0,0,10.521,26.753
2026-07-08 07:33:32,10,10,0,0,10.532,26.898
2026-07-08 07:36:58,7,9,0,0,10.527,26.887
2026-07-08 07:37:10,9,10,0,0,10.524,26.864
2026-07-08 07:38:41,7,8,0,0,10.543,26.759
2026-07-08 07:39:53,6,6,0,0,10.546,26.673
2026-07-08 07:40:22,7,9,0,0,10.537,26.662
2026-07-08 07:41:57,7,7,0,0,10.529,26.643
2026-07-08 07:42:39,7,9,0,0,10.524,26.708
2026-07-08 07:45:15,9,10,0,0,10.521,26.66
2026-07-08 07:46:58,10,10,0,0,10.548,26.753
2026-07-08 07:47:14,13,13,0,0,10.511,26.797
2026-07-08 07:51:58,9,9,0,0,10.484,27.059
2026-07-08 07:56:58,12,13,0,0,10.409,27.478
2026-07-08 07:59:14,10,10,0,0,10.361,27.619
2026-07-08 08:01:24,14,15,0,0,10.343,27.833
2026-07-08 08:01:28,15,16,0,0,10.319,27.816
2026-07-08 08:01:58,17,18,0,0,10.329,27.793
2026-07-08 08:05:23,21,23,0,0,10.265,28.016
2026-07-08 08:06:58,19,19,0,0,10.252,28.224
2026-07-08 08:10:44,25,26,0,0,10.206,28.468
2026-07-08 08:11:58,26,27,0,0,10.169,28.64
2026-07-08 08:13:50,37,41,0,0,10.129,28.617
2026-07-08 08:16:58,34,35,0,0,10.105,28.886
2026-07-08 08:17:40,31,31,0,0,10.108,28.974
2026-07-08 08:21:58,41,48,0,0,10.011,29.01
2026-07-08 08:26:58,10,10,0,0,9.95,28.722
2026-07-08 08:31:58,12,12,0,0,9.99,28.775
2026-07-08 08:36:58,20,21,0,0,10.073,29.149
2026-07-08 08:41:58,20,20,0,0,10.145,29.668
2026-07-08 08:43:06,21,22,0,0,10.169,29.576
2026-07-08 08:44:30,22,25,0,0,10.19,29.437
2026-07-08 08:46:58,25,27,0,0,10.23,29.187
2026-07-08 08:48:21,26,28,0,0,10.233,29.021
2026-07-08 08:51:28,27,28,0,0,10.308,28.964
2026-07-08 08:51:58,27,27,0,0,10.313,29
2026-07-08 08:54:15,28,29,0,0,10.343,29.002
2026-07-08 08:56:58,32,32,0,0,10.433,29.264
2026-07-08 09:01:58,26,27,0,0,10.628,29.321
2026-07-08 09:06:58,22,22,0,0,10.866,28.59
2026-07-08 09:11:58,19,21,0,0,11.12,27.825
2026-07-08 09:16:58,10,13,0,0,11.475,27.185
2026-07-08 09:21:58,18,20,0,0,11.921,27.858
2026-07-08 09:26:58,36,41,0,0,12.356,28.003
2026-07-08 09:31:58,17,19,0,0,12.724,28.012
2026-07-08 09:36:58,19,21,0,0,13,27.171
2026-07-08 09:37:00,19,20,0,0,13.016,27.125
2026-07-08 09:41:58,25,25,0,0,13.178,26.79
2026-07-08 09:46:58,13,14,0,0,13.309,26.143
2026-07-08 09:51:58,29,30,0,0,13.483,27.124
2026-07-08 09:53:36,29,29,0,0,13.536,27.33
2026-07-08 09:56:58,24,27,0,0,13.616,27.673
2026-07-08 10:01:39,26,27,0,0,13.691,27.392
2026-07-08 10:01:58,27,27,0,0,13.707,27.427
2026-07-08 10:06:16,25,25,0,0,13.779,27.389
2026-07-08 10:06:58,28,28,0,0,13.774,27.436
2026-07-08 10:11:58,39,46,0,0,13.939,27.116
2026-07-08 10:13:16,41,48,0,0,13.977,27.007
2026-07-08 10:14:16,37,43,0,0,14.006,27.137
2026-07-08 10:16:58,38,43,0,0,14.102,26.931
2026-07-08 10:18:19,34,37,0,0,14.14,26.582
2026-07-08 10:19:30,34,36,0,0,14.156,26.561
2026-07-08 10:21:58,35,38,0,0,14.201,26.229
2026-07-08 10:23:07,37,40,0,0,14.236,25.886
2026-07-08 10:26:59,43,51,0,0,14.295,25.914
2026-07-08 10:28:40,37,41,0,0,14.313,25.744
2026-07-08 10:31:58,35,39,0,0,14.351,25.792
2026-07-08 10:33:28,37,42,0,0,14.335,25.937
2026-07-08 10:36:58,38,43,0,0,14.319,26.218
2026-07-08 10:41:58,37,44,0,0,14.252,26.527
2026-07-08 10:46:58,77,81,0,0,14.132,27.049
2026-07-08 10:51:58,52,64,0,0,14.033,27.255
2026-07-08 10:56:58,40,48,0,0,13.982,27.404
2026-07-08 11:01:50,44,51,0,0,14.004,27.516
2026-07-08 11:01:58,44,53,0,0,13.993,27.516
2026-07-08 11:03:12,42,50,0,0,14.004,27.375
2026-07-08 11:04:38,45,54,0,0,14.022,27.726
2026-07-08 11:06:58,42,50,0,0,14.049,27.284
2026-07-08 11:11:58,38,44,0,0,14.132,26.652
2026-07-08 11:16:58,42,50,0,0,14.217,26.454
2026-07-08 11:21:03,34,40,0,0,14.348,26.591
2026-07-08 11:21:58,37,41,0,0,14.351,26.429
2026-07-08 11:26:58,36,41,0,0,14.575,26.877
2026-07-08 11:31:58,41,49,0,0,14.797,27.915
2026-07-08 11:36:59,44,52,0,0,14.949,27.335
2026-07-08 11:38:03,47,58,0,0,15.01,26.94
2026-07-08 11:41:58,42,50,0,0,15.112,27.049
2026-07-08 11:46:58,40,47,0,0,15.272,26.593
2026-07-08 11:51:58,39,47,0,0,15.424,25.893
2026-07-08 11:54:48,38,45,0,0,15.523,25.518
2026-07-08 11:55:20,37,42,0,0,15.536,25.422
2026-07-08 11:56:59,37,41,0,0,15.646,25.258
2026-07-08 12:01:59,37,42,0,0,15.91,24.402
2026-07-08 12:03:17,36,43,0,0,15.985,24.541
2026-07-08 12:06:59,33,36,0,0,16.255,24.587
2026-07-08 12:10:07,30,31,0,0,16.559,23.37
2026-07-08 12:11:59,29,31,0,0,16.757,23.08
2026-07-08 12:16:58,29,29,0,0,17.256,22.225
2026-07-08 12:18:10,29,29,0,0,17.406,22.319
2026-07-08 12:21:59,30,31,0,0,17.766,21.874
2026-07-08 12:26:59,29,32,0,0,18.287,21.264
2026-07-08 12:31:59,23,24,0,0,18.834,20.244
2026-07-08 12:33:05,27,28,0,0,18.92,20.059
2026-07-08 12:36:59,32,35,0,0,19.363,20.15
2026-07-08 12:41:59,37,42,0,0,19.937,20.369
2026-07-08 12:46:59,29,32,0,0,20.533,19.027
2026-07-08 12:50:03,29,30,0,0,20.946,18.683
2026-07-08 12:51:59,25,26,0,0,21.256,18.212
2026-07-08 12:56:59,17,19,0,0,22.065,16.93
2026-07-08 13:01:59,27,30,0,0,22.797,17.169
2026-07-08 13:06:59,23,23,0,0,23.435,16.377
2026-07-08 13:07:19,25,26,0,0,23.47,16.396
2026-07-08 13:11:59,24,24,0,0,24.103,15.586
2026-07-08 13:16:59,25,25,0,0,24.453,15.376
2026-07-08 13:19:37,32,34,0,0,24.567,15.162
2026-07-08 13:21:58,31,33,0,0,24.605,15.126
2026-07-08 13:26:59,24,24,0,0,24.605,15.262
2026-07-08 13:31:58,25,25,0,0,24.557,14.985
2026-07-08 13:36:59,11,12,0,0,24.276,14.548
2026-07-08 13:37:50,12,13,0,0,24.22,14.581
2026-07-08 13:41:59,13,16,0,0,23.94,14.895
2026-07-08 13:46:59,11,11,0,0,23.553,14.892
2026-07-08 13:51:59,10,12,0,0,23.312,14.993
2026-07-08 13:56:59,8,9,0,0,23.184,15.166
2026-07-08 14:01:59,11,11,0,0,23.147,15.023
2026-07-08 14:06:59,16,17,0,0,23.085,15.13
2026-07-08 14:11:59,21,21,0,0,23.04,15.3
2026-07-08 14:16:51,26,27,0,0,22.973,17.556
2026-07-08 14:16:58,26,26,0,0,22.965,17.676
2026-07-08 14:21:59,29,30,0,0,22.752,20.099
2026-07-08 14:26:59,25,26,0,0,22.474,20.316
2026-07-08 14:31:59,25,25,0,0,22.22,19.509
2026-07-08 14:36:59,24,25,0,0,22.02,19.416
2026-07-08 14:41:59,21,21,0,0,21.865,19.599
2026-07-08 14:47:02,23,24,0,0,21.683,19.525
2026-07-08 14:51:59,29,30,0,0,21.478,20.286
2026-07-08 14:55:52,28,30,0,0,21.272,20.722
2026-07-08 14:56:59,35,39,0,0,21.192,20.493
2026-07-08 15:01:59,30,30,0,0,20.944,21.417
2026-07-08 15:06:59,29,30,0,0,20.674,21.6
2026-07-08 15:11:59,32,34,0,0,20.46,22.517
2026-07-08 15:16:22,29,32,0,0,20.38,22.14
2026-07-08 15:16:58,30,33,0,0,20.346,22.141
2026-07-08 15:21:59,26,29,0,0,20.327,22.298
2026-07-08 15:26:59,30,31,0,0,20.255,22.637
2026-07-08 15:31:59,24,25,0,0,20.257,22.557
2026-07-08 15:35:52,27,29,0,0,20.196,22.714
2026-07-08 15:36:59,27,29,0,0,20.183,22.796
2026-07-08 15:41:59,31,33,0,0,20.041,23.429
2026-07-08 15:46:59,31,34,0,0,19.889,23.623
2026-07-08 15:49:22,35,39,0,0,19.801,23.822
2026-07-08 15:51:59,25,26,0,0,19.707,23.507
2026-07-08 15:56:59,15,16,0,0,19.526,22.895
2026-07-08 16:03:17,34,38,0,0,19.28,23.969
2026-07-08 16:07:09,32,33,0,0,19.195,24.564
2026-07-08 16:10:54,35,38,0,0,19.088,24.676
2026-07-08 16:11:54,37,44,0,0,19.077,24.762
2026-07-08 16:12:08,40,47,0,0,19.067,24.81
2026-07-08 16:17:08,57,68,0,0,18.957,25.243
2026-07-08 16:22:09,61,70,0,0,18.88,25.338
2026-07-08 16:24:24,59,69,0,0,18.816,25.514
2026-07-08 16:27:09,51,62,0,0,18.778,25.659
2026-07-08 16:32:09,50,61,0,0,18.669,25.807
2026-07-08 16:37:09,46,56,0,0,18.554,25.733
2026-07-08 16:39:55,49,60,0,0,18.455,25.828
2026-07-08 16:42:09,35,40,0,0,18.404,26.273
2026-07-08 16:47:09,26,26,0,0,18.22,26.294
2026-07-08 16:47:11,26,26,0,0,18.207,26.328
2026-07-08 16:49:25,33,38,0,0,18.161,26.261
2026-07-08 16:52:08,45,55,0,0,18.049,26.355
2026-07-08 16:54:25,39,46,0,0,17.996,26.383
2026-07-08 16:57:09,53,66,0,0,17.857,26.338
2026-07-08 17:02:09,27,28,0,0,17.643,26.527
2026-07-08 17:07:09,26,26,0,0,17.448,27.118
2026-07-08 17:12:09,31,32,0,0,17.243,27.057
2026-07-08 17:17:09,26,29,0,0,17.074,27.204
2026-07-08 17:22:09,24,25,0,0,16.933,27.539
2026-07-08 17:27:09,43,52,0,0,16.751,26.95
2026-07-08 17:32:09,33,37,0,0,16.69,26.717
2026-07-08 17:37:09,35,39,0,0,16.639,26.628
2026-07-08 17:39:26,37,43,0,0,16.626,26.767
2026-07-08 17:41:27,39,45,0,0,16.594,26.731
2026-07-08 17:42:08,52,63,0,0,16.562,26.864
2026-07-08 17:47:09,42,49,0,0,16.436,27.528
2026-07-08 17:50:56,41,49,0,0,16.3,27.862
2026-07-08 17:52:09,42,50,0,0,16.271,27.888
2026-07-08 17:53:02,40,50,0,0,16.22,27.835
2026-07-08 17:57:09,42,51,0,0,16.086,28.068
2026-07-08 17:58:56,44,52,0,0,16.017,28.026
2026-07-08 18:02:08,51,62,0,0,15.902,28.298
2026-07-08 18:07:09,49,59,0,0,15.729,28.636
2026-07-08 18:12:09,47,58,0,0,15.595,28.794
2026-07-08 18:15:43,44,52,0,0,15.512,28.958
2026-07-08 18:17:09,47,58,0,0,15.48,28.852
2026-07-08 18:22:09,80,81,0,0,15.36,28.396
2026-07-08 18:24:28,58,70,0,0,15.304,28.264
2026-07-08 18:27:08,43,51,0,0,15.277,28.485
2026-07-08 18:31:51,47,58,0,0,15.192,27.972
2026-07-08 18:32:08,47,57,0,0,15.184,27.953
2026-07-08 18:32:27,46,55,0,0,15.181,27.867
2026-07-08 18:34:10,44,52,0,0,15.179,27.797
2026-07-08 18:37:08,43,51,0,0,15.211,27.722
2026-07-08 18:42:08,40,49,0,0,15.24,27.556
2026-07-08 18:47:09,37,41,0,0,15.2,27.35
2026-07-08 18:49:57,42,51,0,0,15.189,27.27
2026-07-08 18:52:09,45,54,0,0,15.163,27.246
2026-07-08 18:57:09,36,39,0,0,15.152,26.225
2026-07-08 19:02:09,36,40,0,0,15.216,26.235
2026-07-08 19:07:09,48,58,0,0,15.301,26.624
2026-07-08 19:12:08,49,61,0,0,15.411,27.185
2026-07-08 19:17:09,36,41,0,0,15.494,27.423
2026-07-08 19:22:09,39,44,0,0,15.526,27.061
2026-07-08 19:27:09,45,55,0,0,15.424,27.211
2026-07-08 19:32:09,33,35,0,0,15.285,27.24
2026-07-08 19:37:09,36,39,0,0,15.224,27.457
2026-07-08 19:42:09,46,56,0,0,15.133,27.606
2026-07-08 19:47:09,60,71,0,0,15.024,27.938
2026-07-08 19:52:09,47,55,0,0,14.879,28.079
2026-07-08 19:52:31,48,58,0,0,14.853,28.133
2026-07-08 19:57:08,34,37,0,0,14.685,28.098
2026-07-08 19:57:28,34,38,0,0,14.682,28.123
2026-07-08 19:57:44,35,39,0,0,14.685,28.203
2026-07-08 20:02:09,37,41,0,0,14.564,28.443
2026-07-08 20:07:09,38,45,0,0,14.423,28.812
2026-07-08 20:12:09,50,62,0,0,14.233,28.939
2026-07-08 20:17:09,45,52,0,0,14.062,29.613
2026-07-08 20:21:29,61,73,0,0,13.942,29.832
2026-07-08 20:22:08,76,82,0,0,13.907,29.885
2026-07-08 20:27:09,53,65,0,0,13.803,29.756
2026-07-08 20:32:09,48,57,0,0,13.726,29.752
2026-07-08 20:37:09,39,45,0,0,13.646,30.183
2026-07-08 20:42:09,35,37,0,0,13.534,30.086
2026-07-08 20:47:09,41,49,0,0,13.486,29.924
2026-07-08 20:47:15,41,48,0,0,13.475,29.899
2026-07-08 20:47:17,41,48,0,0,13.459,29.901
2026-07-08 20:50:34,49,58,0,0,13.413,30.236
2026-07-08 20:51:04,48,58,0,0,13.424,30.414
2026-07-08 20:52:08,45,56,0,0,13.384,30.513
2026-07-08 20:55:10,46,54,0,0,13.349,30.425
2026-07-08 20:55:29,46,54,0,0,13.333,30.397
2026-07-08 20:56:34,49,61,0,0,13.331,30.269
2026-07-08 20:57:08,47,55,0,0,13.32,30.21
2026-07-08 20:59:53,46,54,0,0,13.296,29.868
2026-07-08 21:01:00,43,51,0,0,13.277,29.826
2026-07-08 21:02:09,44,53,0,0,13.275,29.683
2026-07-08 21:02:30,44,53,0,0,13.283,29.62
2026-07-08 21:05:10,46,55,0,0,13.288,29.388
2026-07-08 21:05:58,50,60,0,0,13.261,29.281
2026-07-08 21:07:09,49,61,0,0,13.267,29.109
2026-07-08 21:10:49,55,67,0,0,13.259,29.573
2026-07-08 21:12:02,69,78,0,0,13.275,29.75
2026-07-08 21:12:08,66,78,0,0,13.243,29.716
2026-07-08 21:13:11,65,76,0,0,13.261,29.78
2026-07-08 21:17:09,55,68,0,0,13.288,30.084
2026-07-08 21:20:36,52,64,0,0,13.264,29.71
2026-07-08 21:21:01,51,64,0,0,13.304,29.702
2026-07-08 21:21:31,53,65,0,0,13.28,29.676
2026-07-08 21:22:09,56,69,0,0,13.304,29.719
2026-07-08 21:23:47,54,67,0,0,13.283,29.716
2026-07-08 21:27:09,57,72,0,0,13.269,29.966
2026-07-08 21:27:23,56,71,0,0,13.269,29.996
2026-07-08 21:29:31,60,72,0,0,13.272,30.212
2026-07-08 21:29:55,59,71,0,0,13.253,30.324
2026-07-08 21:32:08,57,70,0,0,13.235,30.364
2026-07-08 21:37:09,59,73,0,0,13.216,30.618
2026-07-08 21:38:36,60,72,0,0,13.224,30.616
2026-07-08 21:41:06,53,64,0,0,13.194,30.398
2026-07-08 21:42:09,49,60,0,0,13.181,30.368
2026-07-08 21:47:09,44,52,0,0,13.133,30.059
2026-07-08 21:47:31,43,50,0,0,13.141,30.07
2026-07-08 21:52:09,45,54,0,0,13.138,29.645
2026-07-08 21:57:09,47,57,0,0,13.136,29.952
2026-07-08 21:59:27,50,63,0,0,13.13,30.021
2026-07-08 22:00:53,47,56,0,0,13.114,30.025
2026-07-08 22:01:15,45,54,0,0,13.112,30.025
2026-07-08 22:01:33,46,55,0,0,13.098,30.023
2026-07-08 22:02:09,45,52,0,0,13.101,30.078
2026-07-08 22:04:53,45,55,0,0,13.098,30.206
2026-07-08 22:05:23,44,53,0,0,13.064,30.049
2026-07-08 22:05:31,44,51,0,0,13.058,30.067
2026-07-08 22:07:09,43,49,0,0,13.042,29.803
2026-07-08 22:10:03,42,51,0,0,13.016,29.388
2026-07-08 22:12:09,41,50,0,0,13.01,29.843
2026-07-08 22:17:09,49,59,0,0,12.994,30.154
2026-07-08 22:22:09,52,63,0,0,12.933,30.44
2026-07-08 22:27:09,43,51,0,0,12.823,30.458
2026-07-08 22:32:09,55,68,0,0,12.738,31.156
2026-07-08 22:33:32,55,67,0,0,12.706,31.428
2026-07-08 22:37:09,49,59,0,0,12.61,32.098
2026-07-08 22:42:09,47,56,0,0,12.471,31.657
2026-07-08 22:47:09,57,70,0,0,12.383,31.221
2026-07-08 22:52:09,48,57,0,0,12.364,31.203
2026-07-08 22:57:09,45,53,0,0,12.353,31.097
2026-07-08 22:59:02,47,55,0,0,12.348,30.999
2026-07-08 23:02:09,48,57,0,0,12.284,30.77
2026-07-08 23:07:09,43,51,0,0,12.284,30.469
2026-07-08 23:12:09,46,54,0,0,12.276,30.54
2026-07-08 23:17:09,50,60,0,0,12.265,30.763
2026-07-08 23:20:34,49,59,0,0,12.249,30.79
2026-07-08 23:22:09,49,58,0,0,12.247,30.793
2026-07-08 23:23:33,49,60,0,0,12.257,30.969
2026-07-08 23:27:09,45,53,0,0,12.241,31.011
2026-07-08 23:32:09,39,44,0,0,12.209,30.934
2026-07-08 23:37:09,42,50,0,0,12.19,31.016
2026-07-08 23:40:04,43,52,0,0,12.153,31.316
2026-07-08 23:42:09,44,52,0,0,12.148,31.385
2026-07-08 23:42:33,42,51,0,0,12.124,31.428
2026-07-08 23:47:09,43,51,0,0,12.137,31.322
2026-07-08 23:48:24,39,47,0,0,12.108,31.135
2026-07-08 23:49:40,39,46,0,0,12.084,30.984
2026-07-08 23:52:04,33,38,0,0,12.073,30.501
2026-07-08 23:52:09,33,38,0,0,12.07,30.507
2026-07-08 23:54:30,26,26,0,0,12.07,29.456
2026-07-08 23:55:48,29,30,0,0,12.073,29.294
2026-07-08 23:57:09,25,25,0,0,12.089,28.798
2026-07-09 00:02:09,27,27,0,0,12.225,28.346
2026-07-09 00:07:09,30,30,0,0,12.393,27.801
2026-07-09 00:08:33,31,32,0,0,12.439,27.831
2026-07-09 00:12:09,45,54,0,0,12.54,29.168
2026-07-09 00:14:34,47,55,0,0,12.575,29.733
2026-07-09 00:17:09,48,58,0,0,12.588,30.147
2026-07-09 00:22:09,46,54,0,0,12.559,30.103
2026-07-09 00:27:10,43,53,0,0,12.53,29.517
2026-07-09 00:32:09,29,30,0,0,12.506,28.689
2026-07-09 00:34:34,29,29,0,0,12.465,28.546
2026-07-09 00:37:11,26,27,0,0,12.444,28.245
2026-07-09 00:37:56,25,25,0,0,12.471,28.218
2026-07-09 00:42:09,27,28,0,0,12.444,27.766
2026-07-09 00:42:34,27,28,0,0,12.457,27.65
2026-07-09 00:44:54,24,24,0,0,12.481,27.354
2026-07-09 00:45:39,19,21,0,0,12.465,27.295
2026-07-09 00:47:09,21,21,0,0,12.503,27.141
2026-07-09 00:48:05,21,21,0,0,12.522,27.009
2026-07-09 00:51:05,19,19,0,0,12.556,26.975
2026-07-09 00:52:09,21,24,0,0,12.575,26.82
2026-07-09 00:53:22,21,23,0,0,12.612,26.607
2026-07-09 00:57:09,26,28,0,0,12.647,27.312
2026-07-09 01:01:04,38,45,0,0,12.658,28.533
2026-07-09 01:02:09,44,54,0,0,12.639,29.199
2026-07-09 01:03:18,48,57,0,0,12.631,29.54
2026-07-09 01:07:09,47,55,0,0,12.53,30.208
2026-07-09 01:07:35,47,57,0,0,12.506,30.275
2026-07-09 01:08:05,47,55,0,0,12.5,30.324
2026-07-09 01:12:09,49,59,0,0,12.367,30.582
2026-07-09 01:13:05,47,56,0,0,12.34,30.624
2026-07-09 01:16:06,48,58,0,0,12.263,30.719
2026-07-09 01:17:09,48,57,0,0,12.233,30.725
2026-07-09 01:22:09,49,59,0,0,12.156,31.079
2026-07-09 01:22:17,50,60,0,0,12.132,31.095
2026-07-09 01:24:05,49,59,0,0,12.156,31.213
2026-07-09 01:25:36,47,57,0,0,12.118,31.282
2026-07-09 01:27:10,48,58,0,0,12.1,31.36
2026-07-09 01:32:10,46,54,0,0,12.06,31.156
2026-07-09 01:34:45,45,54,0,0,12.057,31.282
2026-07-09 01:37:09,44,51,0,0,12.009,31.049
2026-07-09 01:40:08,42,50,0,0,11.987,31.161
2026-07-09 01:42:09,46,54,0,0,11.939,31.222
2026-07-09 01:42:33,45,52,0,0,11.961,31.234
2026-07-09 01:45:34,36,41,0,0,11.953,30.795
2026-07-09 01:47:09,37,40,0,0,11.921,30.534
2026-07-09 01:52:10,30,31,0,0,11.87,30.164
2026-07-09 01:57:09,28,32,0,0,11.83,30.156
2026-07-09 01:57:25,31,33,0,0,11.811,30.175
2026-07-09 01:58:14,30,30,0,0,11.827,30.17
2026-07-09 02:02:10,26,27,0,0,11.766,30.07
2026-07-09 02:03:06,25,26,0,0,11.755,30.145
2026-07-09 02:03:36,24,25,0,0,11.758,30.313
2026-07-09 02:06:06,31,32,0,0,11.744,30.233
2026-07-09 02:07:10,33,33,0,0,11.728,30.398
2026-07-09 02:08:06,37,40,0,0,11.728,30.631
2026-07-09 02:08:53,38,42,0,0,11.742,30.744
2026-07-09 02:11:07,40,47,0,0,11.72,30.904
2026-07-09 02:11:13,43,49,0,0,11.723,30.921
2026-07-09 02:12:09,43,51,0,0,11.739,31.001
2026-07-09 02:14:14,43,52,0,0,11.75,31.041
2026-07-09 02:17:10,33,37,0,0,11.782,31.171
2026-07-09 02:22:10,35,39,0,0,11.819,30.788
2026-07-09 02:24:56,38,43,0,0,11.819,30.584
2026-07-09 02:27:10,36,40,0,0,11.859,30.629
2026-07-09 02:32:10,35,37,0,0,11.91,30.273
2026-07-09 02:37:10,30,31,0,0,11.958,29.714
2026-07-09 02:42:10,26,26,0,0,12.022,29.18
2026-07-09 02:44:58,19,19,0,0,12.049,28.731
2026-07-09 02:47:10,18,18,0,0,12.062,28.503
2026-07-09 02:48:22,15,16,0,0,12.097,28.546
2026-07-09 02:51:37,12,12,0,0,12.124,28.735
2026-07-09 02:52:09,13,13,0,0,12.1,28.73
2026-07-09 02:54:10,8,10,0,0,12.142,28.607
2026-07-09 02:57:09,22,24,0,0,12.145,27.953
2026-07-09 03:02:10,10,10,0,0,12.142,28.148
2026-07-09 03:07:10,8,8,0,0,12.14,28.234
2026-07-09 03:12:10,7,8,0,0,12.113,28.291
2026-07-09 03:17:09,20,20,0,0,12.108,28.852
2026-07-09 03:22:10,6,7,0,0,12.068,28.596
2026-07-09 03:27:09,13,13,0,0,12.052,28.291
2026-07-09 03:28:43,22,24,0,0,12.028,28.213
2026-07-09 03:32:10,14,14,0,0,12.033,28.726
2026-07-09 03:32:42,15,15,0,0,12.017,28.815
2026-07-09 03:33:59,24,26,0,0,12.006,29.033
2026-07-09 03:34:37,25,26,0,0,12.014,29.073
2026-07-09 03:37:10,31,31,0,0,11.939,29.414
2026-07-09 03:42:10,38,44,0,0,11.83,30.234
2026-07-09 03:47:09,37,41,0,0,11.779,30.662
2026-07-09 03:48:07,37,43,0,0,11.785,30.769
2026-07-09 03:52:10,38,42,0,0,11.742,31.049
2026-07-09 03:52:28,38,43,0,0,11.744,31.03
2026-07-09 03:57:10,35,38,0,0,11.702,31.079
2026-07-09 03:57:24,36,41,0,0,11.704,31.104
2026-07-09 03:59:19,36,41,0,0,11.707,30.925
2026-07-09 04:02:09,35,38,0,0,11.707,30.77
2026-07-09 04:03:14,33,38,0,0,11.691,30.87
2026-07-09 04:04:08,32,34,0,0,11.715,31.001
2026-07-09 04:05:54,32,33,0,0,11.696,31.022
2026-07-09 04:07:09,32,33,0,0,11.696,30.967
2026-07-09 04:08:46,33,33,0,0,11.694,30.999
2026-07-09 04:12:10,31,31,0,0,11.688,30.818
2026-07-09 04:17:09,35,36,0,0,11.707,30.648
2026-07-09 04:22:09,31,31,0,0,11.761,30.54
2026-07-09 04:27:09,22,24,0,0,11.777,30.255
2026-07-09 04:27:38,21,22,0,0,11.766,30.25
2026-07-09 04:29:58,21,22,0,0,11.739,30.065
2026-07-09 04:30:04,21,22,0,0,11.72,30.063
2026-07-09 04:30:14,22,22,0,0,11.707,30.101
2026-07-09 04:30:17,21,22,0,0,11.726,30.103
2026-07-09 04:30:25,21,22,0,0,11.731,30.08
2026-07-09 04:30:37,21,22,0,0,11.712,30.103
2026-07-09 04:30:45,21,24,0,0,11.702,30.101
2026-07-09 04:30:48,21,22,0,0,11.715,30.103
2026-07-09 04:30:56,21,21,0,0,11.712,30.11
2026-07-09 04:31:08,22,24,0,0,11.726,30.091
2026-07-09 04:31:12,21,22,0,0,11.694,30.072
2026-07-09 04:31:19,21,22,0,0,11.712,30.053
2026-07-09 04:31:30,22,22,0,0,11.707,30.074
2026-07-09 04:31:38,22,22,0,0,11.75,30.061
2026-07-09 04:31:50,22,22,0,0,11.71,30.03
2026-07-09 04:31:58,21,21,0,0,11.71,30.025
2026-07-09 04:32:06,21,21,0,0,11.718,30.046
2026-07-09 04:32:09,22,22,0,0,11.707,30.048
2026-07-09 04:32:15,22,22,0,0,11.71,30.021
2026-07-09 04:32:23,24,24,0,0,11.718,30.017
2026-07-09 04:32:36,24,24,0,0,11.699,30.009
2026-07-09 04:33:45,21,22,0,0,11.686,30.109
2026-07-09 04:33:49,21,22,0,0,11.691,30.131
2026-07-09 04:34:31,22,24,0,0,11.699,30.202
2026-07-09 04:34:35,22,24,0,0,11.686,30.244
2026-07-09 04:34:40,22,25,0,0,11.683,30.234
2026-07-09 04:34:53,24,25,0,0,11.691,30.259
2026-07-09 04:34:56,24,26,0,0,11.707,30.284
2026-07-09 04:34:59,24,26,0,0,11.691,30.267
2026-07-09 04:35:05,25,27,0,0,11.686,30.32
2026-07-09 04:35:18,25,26,0,0,11.71,30.404
2026-07-09 04:35:21,25,26,0,0,11.68,30.41
2026-07-09 04:35:30,25,26,0,0,11.67,30.437
2026-07-09 04:35:36,25,26,0,0,11.683,30.427
2026-07-09 04:35:50,24,25,0,0,11.691,30.557
2026-07-09 04:35:56,26,28,0,0,11.68,30.557
2026-07-09 04:36:07,26,28,0,0,11.688,30.608
2026-07-09 04:36:17,25,27,0,0,11.664,30.671
2026-07-09 04:36:29,25,27,0,0,11.694,30.784
2026-07-09 04:36:32,25,27,0,0,11.691,30.795
2026-07-09 04:36:34,26,28,0,0,11.664,30.793
2026-07-09 04:36:37,26,27,0,0,11.68,30.833
2026-07-09 04:36:49,28,28,0,0,11.667,30.879
2026-07-09 04:36:57,28,28,0,0,11.672,30.915
2026-07-09 04:37:09,29,29,0,0,11.664,30.976
2026-07-09 04:37:12,30,30,0,0,11.667,30.973
2026-07-09 04:37:21,28,28,0,0,11.67,30.961
2026-07-09 04:37:24,28,28,0,0,11.654,31.026
2026-07-09 04:37:34,27,27,0,0,11.683,31.041
2026-07-09 04:37:48,26,26,0,0,11.67,31.057
2026-07-09 04:38:02,26,26,0,0,11.664,31.098
2026-07-09 04:38:16,26,26,0,0,11.667,31.121
2026-07-09 04:38:22,26,26,0,0,11.662,31.116
2026-07-09 04:38:25,26,26,0,0,11.643,31.1
2026-07-09 04:38:35,24,24,0,0,11.659,31.015
2026-07-09 04:38:51,22,24,0,0,11.651,30.988
2026-07-09 04:42:10,12,16,0,0,11.622,30.442
2026-07-09 04:43:26,10,10,0,0,11.6,30.442
2026-07-09 04:47:10,7,8,0,0,11.59,30.357
2026-07-09 04:47:20,10,12,0,0,11.584,30.355
2026-07-09 04:52:10,4,5,0,0,11.616,29.025
2026-07-09 04:52:14,5,5,0,0,11.6,29.023
2026-07-09 04:57:10,21,21,0,0,11.68,29.044
2026-07-09 05:02:10,21,22,0,0,11.68,28.533
2026-07-09 05:07:10,17,17,0,0,11.742,28.264
2026-07-09 05:12:09,33,36,0,0,11.809,29.494
2026-07-09 05:16:19,36,41,0,0,11.835,30.038
2026-07-09 05:16:25,35,39,0,0,11.843,30.049
2026-07-09 05:17:06,35,37,0,0,11.849,30.16
2026-07-09 05:17:09,36,38,0,0,11.843,30.091
2026-07-09 05:17:51,36,40,0,0,11.857,30.172
2026-07-09 05:18:33,35,39,0,0,11.849,30.339
2026-07-09 05:19:05,36,40,0,0,11.819,30.337
2026-07-09 05:19:08,36,40,0,0,11.846,30.372
2026-07-09 05:19:46,37,43,0,0,11.857,30.481
2026-07-09 05:19:51,36,41,0,0,11.854,30.458
2026-07-09 05:20:28,37,42,0,0,11.83,30.458
2026-07-09 05:20:35,38,43,0,0,11.849,30.458
2026-07-09 05:21:01,37,44,0,0,11.843,30.425
2026-07-09 05:21:09,37,42,0,0,11.851,30.423
2026-07-09 05:22:10,33,39,0,0,11.835,30.467
2026-07-09 05:22:54,37,41,0,0,11.846,30.477
2026-07-09 05:27:11,36,42,0,0,11.835,30.511
2026-07-09 05:29:53,36,39,0,0,11.803,30.288
2026-07-09 05:32:10,35,37,0,0,11.817,29.998
2026-07-09 05:33:40,33,34,0,0,11.803,29.784
2026-07-09 05:34:23,35,37,0,0,11.793,29.752
2026-07-09 05:34:29,35,36,0,0,11.806,29.78
2026-07-09 05:34:35,33,34,0,0,11.803,29.731
2026-07-09 05:34:42,33,36,0,0,11.817,29.752
2026-07-09 05:34:56,35,36,0,0,11.806,29.719
2026-07-09 05:35:16,35,38,0,0,11.809,29.695
2026-07-09 05:35:22,36,39,0,0,11.819,29.721
2026-07-09 05:35:28,36,39,0,0,11.814,29.698
2026-07-09 05:35:42,36,41,0,0,11.817,29.693
2026-07-09 05:36:03,35,39,0,0,11.825,29.737
2026-07-09 05:37:10,32,33,0,0,11.851,29.391
2026-07-09 05:37:12,31,32,0,0,11.814,29.357
2026-07-09 05:40:18,29,29,0,0,11.886,29.031
2026-07-09 05:40:35,29,29,0,0,11.878,28.957
2026-07-09 05:40:58,30,30,0,0,11.897,28.897
2026-07-09 05:41:17,30,32,0,0,11.894,28.869
2026-07-09 05:41:23,29,32,0,0,11.899,28.838
2026-07-09 05:41:28,30,32,0,0,11.921,28.842
2026-07-09 05:41:41,27,28,0,0,11.913,28.916
2026-07-09 05:41:58,27,28,0,0,11.921,28.958
2026-07-09 05:42:09,27,28,0,0,11.91,28.939
2026-07-09 05:42:16,27,29,0,0,11.937,28.928
2026-07-09 05:42:27,27,28,0,0,11.913,28.92
2026-07-09 05:42:41,27,30,0,0,11.921,28.825
2026-07-09 05:42:48,26,28,0,0,11.934,28.831
2026-07-09 05:42:54,24,25,0,0,11.921,28.806
2026-07-09 05:43:16,27,28,0,0,11.947,28.691
2026-07-09 05:43:23,28,29,0,0,11.931,28.655
2026-07-09 05:44:07,28,28,0,0,11.985,28.607
2026-07-09 05:44:29,28,29,0,0,11.982,28.541
2026-07-09 05:45:04,27,28,0,0,12.004,28.573
2026-07-09 05:45:29,27,27,0,0,12.017,28.503
2026-07-09 05:45:48,27,27,0,0,12.006,28.466
2026-07-09 05:45:52,27,27,0,0,12.004,28.468
2026-07-09 05:45:55,27,27,0,0,11.987,28.472
2026-07-09 05:46:07,27,27,0,0,12.022,28.501
2026-07-09 05:46:17,27,27,0,0,12.006,28.508
2026-07-09 05:47:09,27,27,0,0,12.033,28.445
2026-07-09 05:52:10,25,27,0,0,12.156,27.759
2026-07-09 05:54:30,25,25,0,0,12.23,27.373
2026-07-09 05:54:42,25,25,0,0,12.249,27.347
2026-07-09 05:54:46,26,26,0,0,12.233,27.366
2026-07-09 05:55:09,27,28,0,0,12.238,27.381
2026-07-09 05:55:23,26,27,0,0,12.255,27.421
2026-07-09 05:55:27,26,27,0,0,12.247,27.49
2026-07-09 05:55:57,26,26,0,0,12.255,27.675
2026-07-09 05:56:21,28,29,0,0,12.268,27.64
2026-07-09 05:56:35,26,27,0,0,12.273,27.593
2026-07-09 05:56:47,26,28,0,0,12.276,27.648
2026-07-09 05:57:09,29,29,0,0,12.289,27.661
2026-07-09 05:57:21,29,31,0,0,12.297,27.677
2026-07-09 05:57:26,30,33,0,0,12.297,27.696
2026-07-09 05:57:30,30,32,0,0,12.292,27.747
2026-07-09 05:57:40,29,30,0,0,12.295,27.743
2026-07-09 05:57:59,27,28,0,0,12.303,27.747
2026-07-09 05:58:42,30,34,0,0,12.308,27.953
2026-07-09 05:58:49,33,37,0,0,12.308,27.995
2026-07-09 05:59:39,31,32,0,0,12.319,28.203
2026-07-09 06:00:01,33,36,0,0,12.319,28.337
2026-07-09 06:00:43,31,33,0,0,12.329,28.541
2026-07-09 06:01:01,31,32,0,0,12.34,28.642
2026-07-09 06:01:08,31,34,0,0,12.327,28.693
2026-07-09 06:01:27,33,34,0,0,12.319,28.762
2026-07-09 06:01:31,32,36,0,0,12.308,28.787
2026-07-09 06:01:49,33,34,0,0,12.316,28.878
2026-07-09 06:02:09,32,34,0,0,12.311,28.93
2026-07-09 06:02:27,32,34,0,0,12.316,28.964
2026-07-09 06:02:40,32,34,0,0,12.3,28.958
2026-07-09 06:03:16,32,34,0,0,12.287,29.021
2026-07-09 06:03:20,33,34,0,0,12.273,28.993
2026-07-09 06:03:24,35,36,0,0,12.263,29.029
2026-07-09 06:03:38,34,36,0,0,12.281,29.031
2026-07-09 06:04:06,31,33,0,0,12.273,29.037
2026-07-09 06:04:34,32,33,0,0,12.257,29.094
2026-07-09 06:04:38,33,33,0,0,12.271,29.107
2026-07-09 06:05:08,32,36,0,0,12.257,29.136
2026-07-09 06:05:22,35,37,0,0,12.236,29.136
2026-07-09 06:05:38,35,37,0,0,12.238,29.164
2026-07-09 06:05:52,32,36,0,0,12.222,29.189
2026-07-09 06:06:10,35,38,0,0,12.209,29.26
2026-07-09 06:06:32,33,38,0,0,12.201,29.309
2026-07-09 06:07:02,35,38,0,0,12.18,29.342
2026-07-09 06:07:09,35,37,0,0,12.18,29.306
2026-07-09 06:07:25,35,38,0,0,12.156,29.43
2026-07-09 06:07:33,36,38,0,0,12.166,29.433
2026-07-09 06:08:05,34,37,0,0,12.145,29.569
2026-07-09 06:08:13,35,37,0,0,12.15,29.525
2026-07-09 06:08:17,35,38,0,0,12.116,29.603
2026-07-09 06:08:34,33,37,0,0,12.145,29.624
2026-07-09 06:08:48,35,38,0,0,12.121,29.672
2026-07-09 06:08:53,35,38,0,0,12.108,29.687
2026-07-09 06:09:29,36,38,0,0,12.094,29.697
2026-07-09 06:09:32,35,38,0,0,12.07,29.729
2026-07-09 06:09:44,33,38,0,0,12.062,29.729
2026-07-09 06:09:55,35,37,0,0,12.065,29.727
2026-07-09 06:10:10,36,38,0,0,12.06,29.782
2026-07-09 06:10:17,35,37,0,0,12.049,29.798
2026-07-09 06:10:34,35,37,0,0,12.041,29.828
2026-07-09 06:10:54,36,39,0,0,12.036,29.763
2026-07-09 06:11:04,35,37,0,0,12.033,29.782
2026-07-09 06:11:28,32,34,0,0,12.017,29.817
2026-07-09 06:11:34,32,36,0,0,12.009,29.826
2026-07-09 06:11:39,33,34,0,0,12.022,29.866
2026-07-09 06:11:52,35,36,0,0,12.006,29.882
2026-07-09 06:12:09,33,34,0,0,11.969,29.906
2026-07-09 06:12:13,32,36,0,0,11.99,29.998
2026-07-09 06:12:23,33,36,0,0,11.979,30.002
2026-07-09 06:12:51,35,36,0,0,11.958,30.076
2026-07-09 06:13:01,33,36,0,0,11.958,30.097
2026-07-09 06:13:28,35,37,0,0,11.947,30.231
2026-07-09 06:13:36,35,38,0,0,11.926,30.236
2026-07-09 06:13:51,33,36,0,0,11.937,30.275
2026-07-09 06:14:10,33,36,0,0,11.926,30.326
2026-07-09 06:14:32,35,40,0,0,11.91,30.379
2026-07-09 06:14:49,33,34,0,0,11.897,30.427
2026-07-09 06:14:54,32,34,0,0,11.886,30.448
2026-07-09 06:15:34,33,36,0,0,11.849,30.494
2026-07-09 06:15:44,33,34,0,0,11.859,30.538
2026-07-09 06:16:09,35,36,0,0,11.841,30.595
2026-07-09 06:16:13,35,37,0,0,11.843,30.576
2026-07-09 06:16:16,35,38,0,0,11.83,30.595
2026-07-09 06:16:36,33,34,0,0,11.819,30.633
2026-07-09 06:16:50,32,33,0,0,11.811,30.696
2026-07-09 06:16:55,31,32,0,0,11.817,30.658
2026-07-09 06:16:58,33,34,0,0,11.803,30.667
2026-07-09 06:17:09,33,36,0,0,11.793,30.669
2026-07-09 06:17:17,33,34,0,0,11.766,30.683
2026-07-09 06:17:32,33,33,0,0,11.758,30.713
2026-07-09 06:17:38,33,33,0,0,11.795,30.688
2026-07-09 06:17:40,32,32,0,0,11.777,30.727
2026-07-09 06:18:15,33,33,0,0,11.758,30.709
2026-07-09 06:18:21,32,33,0,0,11.75,30.78
2026-07-09 06:18:26,33,34,0,0,11.766,30.778
2026-07-09 06:18:29,33,36,0,0,11.755,30.784
2026-07-09 06:18:56,33,36,0,0,11.742,30.831
2026-07-09 06:19:00,33,34,0,0,11.72,30.81
2026-07-09 06:19:34,31,33,0,0,11.707,30.776
2026-07-09 06:19:38,30,32,0,0,11.71,30.755
2026-07-09 06:19:46,29,32,0,0,11.68,30.805
2026-07-09 06:20:14,28,28,0,0,11.688,30.78
2026-07-09 06:20:19,28,28,0,0,11.694,30.803
2026-07-09 06:20:23,28,29,0,0,11.694,30.774
2026-07-09 06:20:58,29,31,0,0,11.678,30.753
2026-07-09 06:21:01,29,30,0,0,11.654,30.753
2026-07-09 06:21:36,32,33,0,0,11.638,30.648
2026-07-09 06:21:43,32,33,0,0,11.643,30.633
2026-07-09 06:22:09,33,34,0,0,11.632,30.696
2026-07-09 06:22:15,33,33,0,0,11.654,30.704
2026-07-09 06:22:22,32,32,0,0,11.614,30.69
2026-07-09 06:22:55,30,30,0,0,11.606,30.706
2026-07-09 06:23:00,30,30,0,0,11.59,30.727
2026-07-09 06:23:37,33,33,0,0,11.59,30.7
2026-07-09 06:24:01,29,31,0,0,11.563,30.662
2026-07-09 06:24:16,28,28,0,0,11.552,30.606
2026-07-09 06:24:24,30,31,0,0,11.574,30.564
2026-07-09 06:24:44,30,31,0,0,11.55,30.585
2026-07-09 06:25:02,32,32,0,0,11.536,30.648
2026-07-09 06:25:11,33,34,0,0,11.555,30.624
2026-07-09 06:25:19,35,36,0,0,11.55,30.669
2026-07-09 06:25:39,35,37,0,0,11.544,30.627
2026-07-09 06:25:44,35,38,0,0,11.526,30.627
2026-07-09 06:25:54,35,40,0,0,11.528,30.61
2026-07-09 06:26:18,35,40,0,0,11.515,30.587
2026-07-09 06:26:21,35,40,0,0,11.52,30.534
2026-07-09 06:26:40,36,42,0,0,11.52,30.383
2026-07-09 06:26:45,36,39,0,0,11.512,30.332
2026-07-09 06:26:59,33,34,0,0,11.493,30.271
2026-07-09 06:27:09,30,30,0,0,11.472,30.143
2026-07-09 06:27:39,33,36,0,0,11.477,30.179
2026-07-09 06:27:46,33,37,0,0,11.493,30.206
2026-07-09 06:27:54,33,38,0,0,11.472,30.17
2026-07-09 06:27:59,33,37,0,0,11.461,30.143
2026-07-09 06:28:20,33,36,0,0,11.464,30.097
2026-07-09 06:28:31,35,39,0,0,11.469,30.082
2026-07-09 06:28:38,36,39,0,0,11.456,30.061
2026-07-09 06:29:01,35,37,0,0,11.44,30.049
2026-07-09 06:29:06,35,39,0,0,11.451,30.011
2026-07-09 06:29:40,37,40,0,0,11.453,30
2026-07-09 06:29:44,36,40,0,0,11.453,29.969
2026-07-09 06:30:25,35,37,0,0,11.453,30.013
2026-07-09 06:30:32,33,34,0,0,11.424,29.958
2026-07-09 06:30:40,35,38,0,0,11.435,29.956
2026-07-09 06:31:02,33,34,0,0,11.437,29.969
2026-07-09 06:31:05,33,34,0,0,11.429,29.962
2026-07-09 06:31:09,32,33,0,0,11.429,29.952
2026-07-09 06:31:14,32,33,0,0,11.413,29.929
2026-07-09 06:31:21,33,34,0,0,11.424,29.91
2026-07-09 06:31:40,31,32,0,0,11.421,29.887
2026-07-09 06:31:47,28,29,0,0,11.395,29.855
2026-07-09 06:32:09,28,28,0,0,11.413,29.822
2026-07-09 06:32:20,28,29,0,0,11.4,29.809
2026-07-09 06:32:43,29,29,0,0,11.4,29.817
2026-07-09 06:33:00,29,29,0,0,11.413,29.882
2026-07-09 06:33:41,22,24,0,0,11.376,29.897
2026-07-09 06:33:45,22,24,0,0,11.389,29.903
2026-07-09 06:33:57,22,24,0,0,11.368,29.906
2026-07-09 06:34:20,21,21,0,0,11.405,29.874
2026-07-09 06:34:24,20,21,0,0,11.387,29.891
2026-07-09 06:34:29,20,21,0,0,11.368,29.821
2026-07-09 06:35:09,20,22,0,0,11.363,29.7
2026-07-09 06:35:42,18,21,0,0,11.363,29.649
2026-07-09 06:35:48,19,21,0,0,11.363,29.643
2026-07-09 06:36:22,20,20,0,0,11.357,29.628
2026-07-09 06:36:25,20,20,0,0,11.357,29.557
2026-07-09 06:36:32,20,21,0,0,11.341,29.563
2026-07-09 06:36:37,19,21,0,0,11.333,29.546
2026-07-09 06:36:43,19,22,0,0,11.352,29.552
2026-07-09 06:36:45,19,24,0,0,11.333,29.525
2026-07-09 06:37:01,18,21,0,0,11.323,29.54
2026-07-09 06:37:09,18,21,0,0,11.333,29.534
2026-07-09 06:37:33,16,21,0,0,11.336,29.472
2026-07-09 06:37:53,19,21,0,0,11.32,29.449
2026-07-09 06:38:14,20,21,0,0,11.323,29.369
2026-07-09 06:38:17,20,21,0,0,11.315,29.363
2026-07-09 06:38:32,19,20,0,0,11.315,29.321
2026-07-09 06:38:46,17,19,0,0,11.307,29.313
2026-07-09 06:39:00,16,16,0,0,11.307,29.275
2026-07-09 06:39:14,15,15,0,0,11.312,29.275
2026-07-09 06:39:42,12,14,0,0,11.307,29.452
2026-07-09 06:40:06,16,16,0,0,11.285,29.567
2026-07-09 06:40:19,17,17,0,0,11.283,29.557
2026-07-09 06:40:33,16,16,0,0,11.304,29.456
2026-07-09 06:40:37,16,17,0,0,11.304,29.481
2026-07-09 06:40:51,17,18,0,0,11.275,29.462
2026-07-09 06:40:55,17,18,0,0,11.285,29.473
2026-07-09 06:40:58,19,20,0,0,11.296,29.441
2026-07-09 06:41:11,20,21,0,0,11.275,29.51
2026-07-09 06:42:09,17,19,0,0,11.288,29.34
2026-07-09 06:42:21,16,19,0,0,11.28,29.311
2026-07-09 06:42:41,14,17,0,0,11.269,29.172
2026-07-09 06:42:44,14,18,0,0,11.288,29.199
2026-07-09 06:42:49,14,17,0,0,11.272,29.163
2026-07-09 06:43:27,16,19,0,0,11.288,29.119
2026-07-09 06:44:07,13,14,0,0,11.283,28.922
2026-07-09 06:44:12,14,15,0,0,11.266,28.911
2026-07-09 06:44:16,14,14,0,0,11.261,28.911
2026-07-09 06:44:42,12,13,0,0,11.261,28.836
2026-07-09 06:45:14,10,10,0,0,11.275,28.68
2026-07-09 06:45:23,12,13,0,0,11.261,28.644
2026-07-09 06:45:27,10,12,0,0,11.242,28.678
2026-07-09 06:45:47,13,14,0,0,11.285,28.569
2026-07-09 06:46:11,17,17,0,0,11.272,28.529
2026-07-09 06:46:35,17,17,0,0,11.258,28.474
2026-07-09 06:46:57,20,20,0,0,11.258,28.522
2026-07-09 06:47:09,20,20,0,0,11.275,28.506
2026-07-09 06:47:14,21,21,0,0,11.261,28.51
2026-07-09 06:47:22,21,21,0,0,11.258,28.529
2026-07-09 06:47:33,20,20,0,0,11.248,28.501
2026-07-09 06:47:37,19,19,0,0,11.261,28.504
2026-07-09 06:47:51,17,17,0,0,11.285,28.472
2026-07-09 06:48:24,12,13,0,0,11.248,28.504
2026-07-09 06:48:30,10,12,0,0,11.261,28.478
2026-07-09 06:49:14,12,13,0,0,11.28,28.476
2026-07-09 06:49:42,10,10,0,0,11.283,28.476
2026-07-09 06:49:48,10,10,0,0,11.275,28.499
2026-07-09 06:50:40,14,16,0,0,11.28,28.558
2026-07-09 06:50:44,14,16,0,0,11.296,28.506
2026-07-09 06:50:48,14,16,0,0,11.291,28.495
2026-07-09 06:51:18,14,16,0,0,11.285,28.518
2026-07-09 06:51:40,14,15,0,0,11.277,28.524
2026-07-09 06:51:56,15,16,0,0,11.269,28.506
2026-07-09 06:52:09,14,15,0,0,11.285,28.558
2026-07-09 06:52:35,13,14,0,0,11.288,28.569
2026-07-09 06:53:16,12,13,0,0,11.288,28.699
2026-07-09 06:53:18,13,13,0,0,11.307,28.659
2026-07-09 06:53:21,13,13,0,0,11.285,28.668
2026-07-09 06:53:27,13,13,0,0,11.283,28.71
2026-07-09 06:53:55,14,14,0,0,11.296,28.716
2026-07-09 06:54:13,14,14,0,0,11.285,28.693
2026-07-09 06:54:36,13,14,0,0,11.296,28.642
2026-07-09 06:54:45,10,13,0,0,11.301,28.628
2026-07-09 06:56:01,14,16,0,0,11.312,28.625
2026-07-09 06:57:10,16,16,0,0,11.347,28.575
2026-07-09 06:59:42,22,22,0,0,11.32,28.915
2026-07-09 07:00:33,24,24,0,0,11.315,29.023
2026-07-09 07:02:10,25,25,0,0,11.323,29.33
2026-07-09 07:02:16,26,26,0,0,11.312,29.321
2026-07-09 07:03:31,22,26,0,0,11.307,29.437
2026-07-09 07:04:54,22,25,0,0,11.307,29.624
2026-07-09 07:07:09,20,20,0,0,11.275,29.512
2026-07-09 07:12:09,13,14,0,0,11.17,30.088
2026-07-09 07:12:34,13,15,0,0,11.144,30.112
2026-07-09 07:17:10,15,17,0,0,11.034,30.515
2026-07-09 07:22:10,21,22,0,0,10.909,30.496
2026-07-09 07:27:10,21,22,0,0,10.821,30.793
2026-07-09 07:32:10,22,24,0,0,10.805,30.824
2026-07-09 07:37:10,20,21,0,0,10.778,30.849
2026-07-09 07:42:10,7,9,0,0,10.695,30.336
2026-07-09 07:45:43,6,9,0,0,10.652,29.826
2026-07-09 07:46:09,9,12,0,0,10.655,29.691
2026-07-09 07:46:13,9,12,0,0,10.615,29.668
2026-07-09 07:46:49,7,7,0,0,10.652,29.468
2026-07-09 07:47:10,6,8,0,0,10.644,29.317
2026-07-09 07:48:09,6,9,0,0,10.663,28.928
2026-07-09 07:48:52,4,6,0,0,10.69,28.728
2026-07-09 07:52:10,13,13,0,0,10.815,28.361
2026-07-09 07:57:10,9,12,0,0,10.999,28.59
2026-07-09 07:58:25,14,15,0,0,11.037,28.71
2026-07-09 08:01:14,22,22,0,0,11.106,28.724
2026-07-09 08:02:10,21,22,0,0,11.101,28.718
2026-07-09 08:04:25,16,20,0,0,11.128,28.972
2026-07-09 08:05:41,20,21,0,0,11.146,29.365
2026-07-09 08:07:10,25,25,0,0,11.149,29.931
2026-07-09 08:08:56,28,28,0,0,11.136,30.341
2026-07-09 08:12:10,28,28,0,0,11.176,30.709
2026-07-09 08:12:55,28,30,0,0,11.194,30.845
2026-07-09 08:14:10,27,27,0,0,11.178,30.774
2026-07-09 08:17:10,22,25,0,0,11.2,30.431
2026-07-09 08:20:37,24,24,0,0,11.285,30.212
2026-07-09 08:22:10,26,26,0,0,11.299,30.03
2026-07-09 08:27:10,15,18,0,0,11.36,29.214
2026-07-09 08:32:10,32,35,0,0,11.376,30.025
2026-07-09 08:33:23,42,50,0,0,11.376,30.149
2026-07-09 08:37:10,28,30,0,0,11.36,30.378
2026-07-09 08:41:41,30,30,0,0,11.432,30.368
2026-07-09 08:42:10,27,27,0,0,11.44,30.242
2026-07-09 08:46:20,27,28,0,0,11.531,29.943
2026-07-09 08:47:10,31,32,0,0,11.531,29.748
2026-07-09 08:52:10,33,36,0,0,11.603,30.366
2026-07-09 08:57:10,38,45,0,0,11.67,31.049
2026-07-09 08:58:35,37,42,0,0,11.71,31.137
2026-07-09 09:02:10,39,44,0,0,11.793,31.144
2026-07-09 09:07:10,36,38,0,0,11.961,30.929
2026-07-09 09:09:26,37,41,0,0,12.049,30.692
2026-07-09 09:12:10,32,33,0,0,12.174,30.576
2026-07-09 09:17:10,30,33,0,0,12.364,30.149
2026-07-09 09:17:12,30,32,0,0,12.377,30.12
2026-07-09 09:22:10,30,32,0,0,12.583,29.267
2026-07-09 09:27:10,31,32,0,0,12.813,28.623
2026-07-09 09:32:10,26,27,0,0,13.053,28.35
2026-07-09 09:37:10,20,20,0,0,13.261,27.759
2026-07-09 09:42:10,24,25,0,0,13.48,27.152
2026-07-09 09:47:10,21,21,0,0,13.688,26.177
2026-07-09 09:52:10,18,19,0,0,13.958,25.512
2026-07-09 09:57:10,18,19,0,0,14.292,24.867
2026-07-09 10:02:10,23,23,0,0,14.652,24.589
2026-07-09 10:03:56,21,23,0,0,14.767,24.436
2026-07-09 10:04:00,21,23,0,0,14.767,24.467
2026-07-09 10:07:10,20,20,0,0,14.997,24.266
2026-07-09 10:12:10,25,26,0,0,15.323,23.683
2026-07-09 10:14:43,25,25,0,0,15.504,23.425
2026-07-09 10:17:10,18,20,0,0,15.673,23.145
2026-07-09 10:22:10,12,13,0,0,16.076,22.382
2026-07-09 10:26:51,8,11,0,0,16.492,21.815
2026-07-09 10:27:11,9,9,0,0,16.519,21.729
2026-07-09 10:27:33,12,12,0,0,16.535,21.625
2026-07-09 10:32:10,18,18,0,0,16.989,21.447
2026-07-09 10:37:10,9,11,0,0,17.531,20.673
2026-07-09 10:40:05,11,11,0,0,17.83,20.261
2026-07-09 10:42:10,11,12,0,0,18.02,20.167
2026-07-09 10:44:42,11,11,0,0,18.239,19.902
2026-07-09 10:47:10,8,8,0,0,18.447,19.748
2026-07-09 10:52:10,6,6,0,0,18.853,19.605
2026-07-09 10:54:42,9,9,0,0,19.083,18.805
2026-07-09 10:57:10,8,12,0,0,19.248,18.475
2026-07-09 11:00:32,6,7,0,0,19.569,18.298
2026-07-09 11:02:10,5,7,0,0,19.71,17.968
2026-07-09 11:04:52,6,6,0,0,19.918,17.501
2026-07-09 11:07:10,6,6,0,0,20.103,17.341
2026-07-09 11:08:57,6,6,0,0,20.207,17.341
2026-07-09 11:12:10,6,7,0,0,20.362,17.358
2026-07-09 11:17:10,5,6,0,0,20.589,17.121
2026-07-09 11:17:57,6,6,0,0,20.618,16.881
2026-07-09 11:22:10,11,11,0,0,20.821,16.972
2026-07-09 11:27:10,11,12,0,0,21.08,17.106
2026-07-09 11:32:10,11,12,0,0,21.28,16.753
2026-07-09 11:37:10,8,8,0,0,21.483,16.168
2026-07-09 11:42:10,12,12,0,0,21.593,16.492
2026-07-09 11:43:03,12,12,0,0,21.611,16.509
2026-07-09 11:47:10,8,9,0,0,21.729,16.198
2026-07-09 11:49:28,9,9,0,0,21.796,16.505
2026-07-09 11:52:10,15,15,0,0,21.897,16.862
2026-07-09 11:57:12,25,26,0,0,22.023,17.545
2026-07-09 12:02:10,28,32,0,0,22.079,17.522
2026-07-09 12:06:34,30,30,0,0,22.196,17.075
2026-07-09 12:07:10,27,29,0,0,22.207,17.295
2026-07-09 12:12:10,33,37,0,0,22.242,18.186
2026-07-09 12:17:10,36,41,0,0,22.25,18.134
2026-07-09 12:20:54,36,43,0,0,22.226,19.443
2026-07-09 12:22:10,41,48,0,0,22.196,19.883
2026-07-09 12:27:10,41,49,0,0,21.993,20.902
2026-07-09 12:31:18,33,37,0,0,21.761,21.283
2026-07-09 12:31:58,32,35,0,0,21.734,21.071
2026-07-09 12:32:10,29,32,0,0,21.707,21.058
2026-07-09 12:32:36,32,34,0,0,21.686,21.15
2026-07-09 12:33:28,30,31,0,0,21.651,21.104
2026-07-09 12:35:42,34,38,0,0,21.486,21.119
2026-07-09 12:36:07,35,39,0,0,21.454,21.207
2026-07-09 12:36:31,35,40,0,0,21.44,21.146
2026-07-09 12:37:10,36,42,0,0,21.368,21.182
2026-07-09 12:41:04,36,41,0,0,21.171,20.673
2026-07-09 12:42:10,32,36,0,0,21.101,20.617
2026-07-09 12:42:49,34,37,0,0,21.072,20.663
2026-07-09 12:46:00,43,52,0,0,20.944,20.24
2026-07-09 12:47:11,33,37,0,0,20.898,20.284
2026-07-09 12:47:29,34,39,0,0,20.882,20.314
2026-07-09 12:52:11,26,29,0,0,20.752,20.301
2026-07-09 12:57:10,36,40,0,0,20.669,20.719
2026-07-09 13:02:11,22,23,0,0,20.546,20.862
2026-07-09 13:07:11,24,25,0,0,20.407,21.249
2026-07-09 13:12:10,29,29,0,0,20.332,22.45
2026-07-09 13:17:10,29,30,0,0,20.29,22.893
2026-07-09 13:22:10,29,29,0,0,20.319,22.559
2026-07-09 13:27:11,26,28,0,0,20.38,22.189
2026-07-09 13:29:00,26,27,0,0,20.407,21.811
2026-07-09 13:32:11,34,40,0,0,20.439,21.31
2026-07-09 13:37:10,25,25,0,0,20.482,19.45
2026-07-09 13:37:30,29,29,0,0,20.482,19.372
2026-07-09 13:42:11,29,32,0,0,20.509,19.368
2026-07-09 13:47:11,23,23,0,0,20.607,19.13
2026-07-09 13:52:11,39,45,0,0,20.743,19.418
2026-07-09 13:54:31,38,45,0,0,20.786,19.589
2026-07-09 13:57:11,41,49,0,0,20.813,20.078
2026-07-09 14:01:01,32,34,0,0,20.842,20.772
2026-07-09 14:02:10,35,38,0,0,20.834,20.915
2026-07-09 14:07:11,27,28,0,0,20.818,21.588
2026-07-09 14:12:11,34,39,0,0,20.773,22.34
2026-07-09 14:17:11,49,61,0,0,20.738,22.124
2026-07-09 14:22:11,34,38,0,0,20.743,21.865
2026-07-09 14:25:32,24,24,0,0,20.8,21.71
2026-07-09 14:27:01,23,23,0,0,20.802,21.541
2026-07-09 14:27:10,23,24,0,0,20.813,21.552
2026-07-09 14:32:11,17,18,0,0,20.73,21.125
2026-07-09 14:37:11,24,24,0,0,20.557,21.403
2026-07-09 14:42:11,24,25,0,0,20.319,21.67
2026-07-09 14:44:31,22,24,0,0,20.204,21.737
2026-07-09 14:45:32,23,23,0,0,20.135,21.749
2026-07-09 14:47:11,22,22,0,0,20.068,21.779
2026-07-09 14:50:32,18,18,0,0,19.937,21.97
2026-07-09 14:52:11,17,18,0,0,19.881,21.798
2026-07-09 14:54:32,18,18,0,0,19.838,22.111
2026-07-09 14:55:32,17,19,0,0,19.83,22.004
2026-07-09 14:57:11,19,19,0,0,19.838,22.372
2026-07-09 14:58:02,25,27,0,0,19.801,22.479
2026-07-09 15:02:11,21,22,0,0,19.758,21.586
2026-07-09 15:07:11,27,27,0,0,19.702,20.848
2026-07-09 15:12:11,27,27,0,0,19.796,21.211
2026-07-09 15:14:02,30,33,0,0,19.836,21.335
2026-07-09 15:16:02,33,39,0,0,19.862,22.05
2026-07-09 15:17:11,30,30,0,0,19.9,21.821
2026-07-09 15:22:11,28,29,0,0,20.257,21.913
2026-07-09 15:27:11,28,29,0,0,20.695,21.247
2026-07-09 15:30:33,25,25,0,0,20.96,21.333
2026-07-09 15:32:11,23,25,0,0,21.107,20.764
2026-07-09 15:37:11,20,20,0,0,21.472,20.04
2026-07-09 15:42:11,23,24,0,0,21.846,20.207
2026-07-09 15:47:11,20,22,0,0,22.271,20.251
2026-07-09 15:52:11,20,20,0,0,22.621,19.917
2026-07-09 15:52:13,20,20,0,0,22.634,19.965
2026-07-09 15:57:11,22,23,0,0,22.88,20.282
2026-07-09 16:03:20,24,25,0,0,22.909,22.019
2026-07-09 16:12:11,24,24,0,0,22.498,22.616
2026-07-09 16:17:11,23,25,0,0,22.351,22.22
2026-07-09 16:22:11,30,31,0,0,22.34,21.584
2026-07-09 16:27:11,25,25,0,0,22.124,21.731
2026-07-09 16:32:11,26,27,0,0,21.86,21.941
2026-07-09 16:37:11,32,33,0,0,21.526,23.072
2026-07-09 16:37:33,30,30,0,0,21.489,23.135
2026-07-09 16:42:11,30,30,0,0,21.133,23.328
2026-07-09 16:47:11,24,25,0,0,20.781,24.125
2026-07-09 16:52:11,27,27,0,0,20.517,24.545
2026-07-09 16:57:11,27,27,0,0,20.268,24.85
2026-07-09 17:02:11,28,29,0,0,20.079,25.165
2026-07-09 17:07:11,30,33,0,0,19.82,25.664
2026-07-09 17:08:34,27,28,0,0,19.729,25.861
2026-07-09 17:12:11,29,30,0,0,19.531,26.012
2026-07-09 17:15:00,30,31,0,0,19.376,26.046
2026-07-09 17:17:11,29,30,0,0,19.28,26.185
2026-07-09 17:19:05,30,31,0,0,19.157,26.504
2026-07-09 17:22:11,31,33,0,0,19.026,26.809
2026-07-09 17:27:11,33,35,0,0,18.751,26.584
2026-07-09 17:29:49,41,50,0,0,18.653,27.104
2026-07-09 17:32:11,50,62,0,0,18.538,27.335
2026-07-09 17:37:11,92,96,0,0,18.287,28.112
2026-07-09 17:42:11,41,49,0,0,17.998,28.525
2026-07-09 17:47:11,30,33,0,0,17.705,29.136
2026-07-09 17:50:06,29,33,0,0,17.536,28.937
2026-07-09 17:52:11,34,39,0,0,17.422,29.204
2026-07-09 17:56:28,39,46,0,0,17.195,29.569
2026-07-09 17:56:35,40,46,0,0,17.176,29.586
2026-07-09 17:57:11,41,48,0,0,17.147,29.634
2026-07-09 17:57:35,42,50,0,0,17.141,29.653
2026-07-09 18:02:11,42,49,0,0,16.914,30.248
2026-07-09 18:07:11,38,45,0,0,16.698,30.912
2026-07-09 18:08:06,40,48,0,0,16.655,31.011
2026-07-09 18:12:12,36,45,0,0,16.503,31.186
2026-07-09 18:16:06,39,45,0,0,16.353,30.82
2026-07-09 18:17:11,36,42,0,0,16.324,30.702
2026-07-09 18:17:36,33,38,0,0,16.305,30.606
2026-07-09 18:20:03,34,40,0,0,16.215,30.45
2026-07-09 18:21:20,35,38,0,0,16.215,30.301
2026-07-09 18:21:45,35,39,0,0,16.183,30.254
2026-07-09 18:22:11,36,42,0,0,16.193,30.194
2026-07-09 18:23:36,35,40,0,0,16.135,30.196
2026-07-09 18:24:03,37,43,0,0,16.148,30.08
2026-07-09 18:25:07,38,44,0,0,16.135,30.093
2026-07-09 18:27:11,39,47,0,0,16.102,30.07
2026-07-09 18:32:11,41,50,0,0,16.049,30.156
2026-07-09 18:34:06,42,50,0,0,16.052,30.278
2026-07-09 18:37:11,44,53,0,0,16.052,30.463
2026-07-09 18:37:23,43,53,0,0,16.041,30.49
2026-07-09 18:41:07,43,54,0,0,16.012,30.471
2026-07-09 18:42:11,43,50,0,0,15.977,30.454
2026-07-09 18:47:11,41,48,0,0,15.929,30.173
2026-07-09 18:52:11,46,56,0,0,15.889,30.105
2026-07-09 18:57:11,45,54,0,0,15.854,30.557
2026-07-09 19:02:11,40,47,0,0,15.745,29.792
2026-07-09 19:07:07,41,49,0,0,15.665,29.264
2026-07-09 19:07:11,41,48,0,0,15.651,29.258
2026-07-09 19:12:11,46,54,0,0,15.678,28.852
2026-07-09 19:17:11,46,55,0,0,15.691,28.716
2026-07-09 19:22:11,70,77,0,0,15.726,28.663
2026-07-09 19:27:11,69,76,0,0,15.782,28.556
2026-07-09 19:30:08,63,74,0,0,15.79,28.516
2026-07-09 19:32:11,51,63,0,0,15.79,28.697
2026-07-09 19:37:11,44,52,0,0,15.753,28.915
2026-07-09 19:41:26,47,57,0,0,15.67,28.962
2026-07-09 19:42:11,47,58,0,0,15.632,28.941
2026-07-09 19:43:30,47,56,0,0,15.627,28.894
2026-07-09 19:44:07,47,56,0,0,15.608,29.029
2026-07-09 19:47:12,51,62,0,0,15.566,28.915
2026-07-09 19:52:11,48,59,0,0,15.504,28.308
2026-07-09 19:57:11,43,52,0,0,15.544,28.165
2026-07-09 20:02:11,43,50,0,0,15.614,28.606
2026-07-09 20:07:12,48,58,0,0,15.606,28.718
2026-07-09 20:12:11,49,62,0,0,15.598,28.617
2026-07-09 20:17:11,53,64,0,0,15.595,28.623
2026-07-09 20:22:11,47,57,0,0,15.56,28.56
2026-07-09 20:27:11,49,60,0,0,15.539,28.892
2026-07-09 20:32:11,67,75,0,0,15.451,28.731
2026-07-09 20:37:11,60,71,0,0,15.365,28.953
2026-07-09 20:42:11,47,56,0,0,15.275,29.208
2026-07-09 20:43:51,77,82,0,0,15.24,29.296
2026-07-09 20:44:38,68,76,0,0,15.219,29.353
2026-07-09 20:45:47,51,64,0,0,15.176,29.489
2026-07-09 20:46:34,49,61,0,0,15.165,29.513
2026-07-09 20:47:11,51,63,0,0,15.146,29.513
2026-07-09 20:48:36,52,64,0,0,15.101,29.609
2026-07-09 20:49:45,53,64,0,0,15.093,29.763
2026-07-09 20:52:11,53,64,0,0,14.992,30.067
2026-07-09 20:54:59,50,60,0,0,14.911,30.343
2026-07-09 20:56:10,47,56,0,0,14.882,30.49
2026-07-09 20:57:09,47,57,0,0,14.858,30.69
2026-07-09 20:57:11,49,58,0,0,14.853,30.698
2026-07-09 20:58:46,50,61,0,0,14.797,30.908
2026-07-09 20:59:37,50,62,0,0,14.765,30.965
2026-07-09 21:00:10,50,62,0,0,14.754,30.954
2026-07-09 21:00:18,50,63,0,0,14.775,30.955
2026-07-09 21:01:43,51,63,0,0,14.703,31.049
2026-07-09 21:02:11,51,62,0,0,14.685,31.037
2026-07-09 21:05:08,50,59,0,0,14.607,31.264
2026-07-09 21:07:11,49,61,0,0,14.543,31.263
2026-07-09 21:07:13,50,61,0,0,14.538,31.207
2026-07-09 21:08:06,49,60,0,0,14.522,31.293
2026-07-09 21:09:19,48,58,0,0,14.5,31.387
2026-07-09 21:10:40,48,58,0,0,14.463,31.539
2026-07-09 21:11:35,48,59,0,0,14.442,31.612
2026-07-09 21:12:11,52,65,0,0,14.428,31.6
2026-07-09 21:16:34,52,64,0,0,14.383,31.81
2026-07-09 21:17:12,52,65,0,0,14.367,31.823
2026-07-09 21:22:11,50,62,0,0,14.308,32.212
2026-07-09 21:25:41,48,58,0,0,14.241,32.312
2026-07-09 21:27:12,49,60,0,0,14.204,32.266
2026-07-09 21:28:45,53,66,0,0,14.185,32.369
2026-07-09 21:32:11,53,66,0,0,14.132,32.731
2026-07-09 21:33:06,53,65,0,0,14.132,32.764
2026-07-09 21:35:11,51,64,0,0,14.102,33.321
2026-07-09 21:37:11,51,64,0,0,14.057,33.347
2026-07-09 21:42:11,52,64,0,0,13.98,33.611
2026-07-09 21:44:41,53,66,0,0,13.942,33.618
2026-07-09 21:47:11,67,76,0,0,13.897,33.626
2026-07-09 21:52:11,62,75,0,0,13.825,33.95
2026-07-09 21:55:05,51,61,0,0,13.787,34.19
2026-07-09 21:57:04,48,59,0,0,13.763,34.255
2026-07-09 21:57:11,49,60,0,0,13.758,34.255
2026-07-09 21:59:41,50,61,0,0,13.745,34.492
2026-07-09 22:01:22,51,60,0,0,13.71,34.446
2026-07-09 22:01:41,51,63,0,0,13.696,34.438
2026-07-09 22:02:11,50,59,0,0,13.672,34.471
2026-07-09 22:02:13,50,59,0,0,13.686,34.511
2026-07-09 22:07:11,50,59,0,0,13.662,34.419
2026-07-09 22:08:41,53,67,0,0,13.646,34.267
2026-07-09 22:12:11,49,60,0,0,13.667,34.379
2026-07-09 22:12:13,49,61,0,0,13.646,34.364
2026-07-09 22:12:48,48,59,0,0,13.643,34.333
2026-07-09 22:17:11,51,64,0,0,13.67,33.973
2026-07-09 22:22:11,50,60,0,0,13.635,34.509
2026-07-09 22:23:12,49,59,0,0,13.638,34.518
2026-07-09 22:25:12,53,64,0,0,13.622,34.089
2026-07-09 22:27:11,53,66,0,0,13.598,33.691
2026-07-09 22:32:11,64,75,0,0,13.574,33.403
2026-07-09 22:37:11,71,79,0,0,13.55,33.374
2026-07-09 22:42:11,68,79,0,0,13.547,33.59
2026-07-09 22:47:11,56,70,0,0,13.518,33.723
2026-07-09 22:48:12,56,69,0,0,13.51,33.79
2026-07-09 22:52:11,54,66,0,0,13.48,34.049
2026-07-09 22:52:14,54,66,0,0,13.478,34.026
2026-07-09 22:57:11,51,64,0,0,13.435,34.4
2026-07-09 23:02:11,47,57,0,0,13.389,35.058
2026-07-09 23:07:11,45,55,0,0,13.333,35.541
2026-07-09 23:12:11,44,53,0,0,13.261,35.907
2026-07-09 23:17:12,49,59,0,0,13.237,35.802
2026-07-09 23:22:12,52,65,0,0,13.181,35.423
2026-07-09 23:27:12,60,73,0,0,13.176,34.98
2026-07-09 23:29:46,64,75,0,0,13.149,35.043
2026-07-09 23:32:11,68,78,0,0,13.13,34.993
2026-07-09 23:32:45,69,78,0,0,13.13,35.02
2026-07-09 23:36:45,68,78,0,0,13.096,34.932
2026-07-09 23:37:12,73,79,0,0,13.112,34.921
2026-07-09 23:42:12,66,77,0,0,13.136,35.102
2026-07-09 23:47:12,65,76,0,0,13.106,34.965
2026-07-09 23:47:26,61,74,0,0,13.122,34.967
2026-07-09 23:48:45,62,74,0,0,13.098,34.913
2026-07-09 23:52:12,54,67,0,0,13.08,34.753
2026-07-09 23:52:14,54,66,0,0,13.069,34.755
2026-07-09 23:55:56,52,65,0,0,13.093,34.736
2026-07-09 23:57:12,52,61,0,0,13.125,34.698
2026-07-10 00:00:46,49,61,0,0,13.138,34.715
2026-07-10 00:02:12,52,65,0,0,13.138,34.736
2026-07-10 00:06:11,48,59,0,0,13.165,34.503
2026-07-10 00:07:12,47,57,0,0,13.141,34.274
2026-07-10 00:10:17,48,60,0,0,13.176,34.568
2026-07-10 00:12:12,47,57,0,0,13.192,34.19
2026-07-10 00:16:17,46,55,0,0,13.259,33.572
2026-07-10 00:17:12,46,54,0,0,13.256,33.727
2026-07-10 00:22:12,46,54,0,0,13.323,33.41
2026-07-10 00:27:12,45,53,0,0,13.405,33.227
2026-07-10 00:29:17,43,52,0,0,13.437,32.931
2026-07-10 00:32:12,44,51,0,0,13.494,32.479
2026-07-10 00:37:12,43,51,0,0,13.571,31.558
2026-07-10 00:37:20,41,49,0,0,13.598,31.596
2026-07-10 00:38:47,44,50,0,0,13.635,31.846
2026-07-10 00:39:57,44,53,0,0,13.664,32.062
2026-07-10 00:42:12,49,60,0,0,13.715,32.109
2026-07-10 00:45:52,51,62,0,0,13.75,32.691
2026-07-10 00:47:12,51,62,0,0,13.745,32.697
2026-07-10 00:49:05,51,62,0,0,13.737,32.909
2026-07-10 00:52:12,49,59,0,0,13.683,33.231
2026-07-10 00:52:14,49,58,0,0,13.672,33.265
2026-07-10 00:57:12,49,61,0,0,13.646,33.622
2026-07-10 01:02:12,60,72,0,0,13.582,33.631
2026-07-10 01:06:07,59,72,0,0,13.515,33.801
2026-07-10 01:07:12,62,74,0,0,13.496,33.746
2026-07-10 01:12:12,61,74,0,0,13.413,34.072
2026-07-10 01:12:58,64,76,0,0,13.421,33.986
2026-07-10 01:14:45,62,74,0,0,13.392,33.914
2026-07-10 01:17:12,63,74,0,0,13.357,34.072
2026-07-10 01:22:12,58,73,0,0,13.325,34.135
2026-07-10 01:22:32,57,70,0,0,13.315,34.076
2026-07-10 01:27:12,57,71,0,0,13.267,33.515
2026-07-10 01:27:28,57,71,0,0,13.256,33.475
2026-07-10 01:29:18,55,68,0,0,13.267,33.576
2026-07-10 01:32:12,54,67,0,0,13.261,33.206
2026-07-10 01:35:41,54,66,0,0,13.339,33.422
2026-07-10 01:37:12,53,65,0,0,13.352,33.422
2026-07-10 01:37:48,51,64,0,0,13.349,33.509
2026-07-10 01:39:03,50,63,0,0,13.36,33.91
2026-07-10 01:42:12,49,59,0,0,13.387,34.568
2026-07-10 01:47:12,51,60,0,0,13.36,34.713
2026-07-10 01:47:26,49,60,0,0,13.341,34.707
2026-07-10 01:50:22,50,61,0,0,13.32,34.658
2026-07-10 01:52:12,51,63,0,0,13.293,34.892
2026-07-10 01:52:22,49,61,0,0,13.272,34.9
2026-07-10 01:55:18,48,59,0,0,13.243,34.839
2026-07-10 01:55:37,49,60,0,0,13.235,34.936
2026-07-10 01:57:10,49,60,0,0,13.219,35.253
2026-07-10 01:57:12,48,59,0,0,13.192,35.283
2026-07-10 01:59:58,49,59,0,0,13.173,35.529
2026-07-10 02:00:18,49,60,0,0,13.176,35.526
2026-07-10 02:02:12,47,56,0,0,13.152,35.604
2026-07-10 02:03:59,48,59,0,0,13.098,35.838
2026-07-10 02:07:12,44,52,0,0,13.042,36.113
2026-07-10 02:08:57,43,51,0,0,13.032,36.151
2026-07-10 02:11:08,38,45,0,0,12.989,36.277
2026-07-10 02:11:49,39,46,0,0,12.989,36.317
2026-07-10 02:12:12,40,49,0,0,12.986,36.361
2026-07-10 02:15:21,39,46,0,0,12.967,36.35
2026-07-10 02:17:12,39,45,0,0,12.973,36.681
2026-07-10 02:17:34,39,46,0,0,12.965,36.712
2026-07-10 02:18:49,39,48,0,0,12.938,36.76
2026-07-10 02:22:12,38,44,0,0,12.919,36.748
2026-07-10 02:27:12,32,35,0,0,12.898,36.361
2026-07-10 02:32:12,28,29,0,0,12.911,36.456
2026-07-10 02:33:50,31,31,0,0,12.909,36.376
2026-07-10 02:34:04,31,32,0,0,12.914,36.306
2026-07-10 02:37:12,34,37,0,0,12.898,36.597
2026-07-10 02:42:12,35,38,0,0,12.906,36.805
2026-07-10 02:47:12,34,37,0,0,12.879,37.196
2026-07-10 02:48:15,34,38,0,0,12.837,37.311
2026-07-10 02:49:35,32,38,0,0,12.85,37.313
2026-07-10 02:49:43,34,37,0,0,12.831,37.364
2026-07-10 02:52:12,32,33,0,0,12.797,37.423
2026-07-10 02:54:03,39,44,0,0,12.775,36.842
2026-07-10 02:56:22,40,48,0,0,12.773,36.519
2026-07-10 02:57:12,42,51,0,0,12.778,36.46
2026-07-10 03:02:12,43,50,0,0,12.773,36.378
2026-07-10 03:04:50,39,45,0,0,12.738,36.163
2026-07-10 03:07:12,36,41,0,0,12.762,36.136
2026-07-10 03:08:19,35,38,0,0,12.733,36.264
2026-07-10 03:12:12,37,41,0,0,12.727,36.369
2026-07-10 03:17:12,37,41,0,0,12.698,36.433
2026-07-10 03:22:12,36,39,0,0,12.679,36.329
2026-07-10 03:27:12,34,38,0,0,12.668,35.577
2026-07-10 03:32:12,39,45,0,0,12.826,34.797
2026-07-10 03:37:12,41,49,0,0,12.973,34.188
2026-07-10 03:41:33,46,54,0,0,13.098,33.53
2026-07-10 03:42:12,44,53,0,0,13.104,33.588
2026-07-10 03:44:31,43,51,0,0,13.165,33.67
2026-07-10 03:46:19,44,52,0,0,13.216,33.601
2026-07-10 03:47:12,44,52,0,0,13.208,33.586
2026-07-10 03:52:12,41,48,0,0,13.267,33.454
2026-07-10 03:54:01,38,45,0,0,13.267,33.433
2026-07-10 03:55:20,39,45,0,0,13.267,33.49
2026-07-10 03:55:50,37,44,0,0,13.248,33.479
2026-07-10 03:57:12,41,46,0,0,13.275,33.536
2026-07-10 04:02:12,37,43,0,0,13.272,33.24
2026-07-10 04:03:50,38,44,0,0,13.288,33.185
2026-07-10 04:06:50,38,42,0,0,13.283,33.101
2026-07-10 04:06:55,37,41,0,0,13.245,33.107
2026-07-10 04:07:12,36,40,0,0,13.301,33.111
2026-07-10 04:07:14,36,40,0,0,13.272,33.088
2026-07-10 04:12:12,36,40,0,0,13.325,32.773
2026-07-10 04:12:15,36,41,0,0,13.323,32.729
2026-07-10 04:15:15,35,41,0,0,13.371,32.642
2026-07-10 04:17:11,34,37,0,0,13.392,32.581
2026-07-10 04:17:13,35,38,0,0,13.376,32.602
2026-07-10 04:19:29,37,41,0,0,13.421,32.705
2026-07-10 04:20:34,35,40,0,0,13.435,32.689
2026-07-10 04:21:20,36,41,0,0,13.421,32.716
2026-07-10 04:21:51,37,40,0,0,13.464,32.767
2026-07-10 04:22:13,36,40,0,0,13.451,32.718
2026-07-10 04:23:46,36,41,0,0,13.475,32.796
2026-07-10 04:25:45,35,38,0,0,13.496,33.057
2026-07-10 04:27:13,34,37,0,0,13.496,33.313
2026-07-10 04:32:13,34,38,0,0,13.499,33.58
2026-07-10 04:33:21,31,35,0,0,13.502,33.54
2026-07-10 04:37:13,32,35,0,0,13.499,33.536
2026-07-10 04:42:13,30,31,0,0,13.499,32.855
2026-07-10 04:47:13,31,32,0,0,13.571,32.113
2026-07-10 04:52:13,30,31,0,0,13.662,32.1
2026-07-10 04:57:13,26,26,0,0,13.694,32.348
2026-07-10 05:02:13,24,24,0,0,13.68,33.609
2026-07-10 05:07:13,30,31,0,0,13.646,33.284
2026-07-10 05:12:13,31,32,0,0,13.52,32.979
2026-07-10 05:12:20,31,32,0,0,13.515,33
2026-07-10 05:12:24,30,32,0,0,13.502,32.983
2026-07-10 05:12:41,32,33,0,0,13.499,33.01
2026-07-10 05:12:44,32,33,0,0,13.507,33.059
2026-07-10 05:12:48,32,33,0,0,13.486,33.025
2026-07-10 05:13:18,32,33,0,0,13.486,33.048
2026-07-10 05:13:21,32,35,0,0,13.48,32.993
2026-07-10 05:14:03,32,33,0,0,13.472,33.004
2026-07-10 05:14:10,32,33,0,0,13.464,33.019
2026-07-10 05:14:23,30,31,0,0,13.462,32.981
2026-07-10 05:14:39,30,32,0,0,13.443,32.996
2026-07-10 05:14:45,30,32,0,0,13.432,32.981
2026-07-10 05:15:00,32,36,0,0,13.445,33.044
2026-07-10 05:15:05,34,37,0,0,13.421,32.977
2026-07-10 05:15:18,32,33,0,0,13.432,33.029
2026-07-10 05:15:26,31,31,0,0,13.421,33.002
2026-07-10 05:15:30,31,31,0,0,13.413,33
2026-07-10 05:15:36,31,31,0,0,13.427,33.023
2026-07-10 05:16:46,29,29,0,0,13.395,33.021
2026-07-10 05:16:52,29,29,0,0,13.387,32.996
2026-07-10 05:17:13,30,31,0,0,13.392,32.968
2026-07-10 05:22:13,28,28,0,0,13.307,33.092
2026-07-10 05:27:13,29,29,0,0,13.248,33.345
2026-07-10 05:30:15,28,28,0,0,13.181,33.321
2026-07-10 05:30:21,29,29,0,0,13.202,33.382
2026-07-10 05:30:33,29,30,0,0,13.178,33.332
2026-07-10 05:30:49,27,28,0,0,13.186,33.363
2026-07-10 05:30:52,27,28,0,0,13.176,33.359
2026-07-10 05:31:08,28,29,0,0,13.184,33.395
2026-07-10 05:31:18,27,28,0,0,13.178,33.412
2026-07-10 05:31:22,27,28,0,0,13.197,33.401
2026-07-10 05:31:27,26,27,0,0,13.17,33.389
2026-07-10 05:31:37,26,27,0,0,13.202,33.385
2026-07-10 05:31:53,25,26,0,0,13.194,33.41
2026-07-10 05:32:00,26,27,0,0,13.194,33.422
2026-07-10 05:32:12,26,28,0,0,13.165,33.389
2026-07-10 05:32:13,27,29,0,0,13.165,33.389
2026-07-10 05:36:15,28,28,0,0,13.149,33.559
2026-07-10 05:36:53,27,27,0,0,13.173,33.62
2026-07-10 05:37:04,29,29,0,0,13.152,33.635
2026-07-10 05:37:13,29,29,0,0,13.149,33.647
2026-07-10 05:37:15,29,29,0,0,13.149,33.67
2026-07-10 05:37:20,29,29,0,0,13.178,33.696
2026-07-10 05:37:34,29,30,0,0,13.165,33.673
2026-07-10 05:37:36,30,30,0,0,13.178,33.681
2026-07-10 05:37:59,30,30,0,0,13.138,33.71
2026-07-10 05:38:03,30,31,0,0,13.141,33.698
2026-07-10 05:38:05,30,31,0,0,13.138,33.706
2026-07-10 05:38:27,28,30,0,0,13.149,33.734
2026-07-10 05:38:45,30,31,0,0,13.141,33.662
2026-07-10 05:39:01,31,32,0,0,13.16,33.721
2026-07-10 05:39:21,31,31,0,0,13.154,33.738
2026-07-10 05:39:37,31,32,0,0,13.133,33.723
2026-07-10 05:39:55,30,31,0,0,13.141,33.759
2026-07-10 05:40:33,28,29,0,0,13.101,33.698
2026-07-10 05:40:51,30,32,0,0,13.138,33.677
2026-07-10 05:40:58,31,33,0,0,13.125,33.71
2026-07-10 05:41:30,30,31,0,0,13.114,33.719
2026-07-10 05:41:36,30,31,0,0,13.12,33.693
2026-07-10 05:41:48,30,30,0,0,13.106,33.74
2026-07-10 05:41:54,30,30,0,0,13.101,33.71
2026-07-10 05:42:14,30,30,0,0,13.128,33.746
2026-07-10 05:47:14,30,31,0,0,13.032,33.794
2026-07-10 05:50:23,28,30,0,0,13.005,33.87
2026-07-10 05:50:35,29,30,0,0,13,33.933
2026-07-10 05:50:47,28,29,0,0,13,33.931
2026-07-10 05:50:51,28,29,0,0,13,33.912
2026-07-10 05:50:55,28,29,0,0,12.986,33.952
2026-07-10 05:50:58,28,29,0,0,12.994,33.927
2026-07-10 05:51:52,27,28,0,0,12.97,33.994
2026-07-10 05:52:14,28,28,0,0,12.984,34.055
2026-07-10 05:52:16,28,28,0,0,12.97,34.002
2026-07-10 05:52:29,28,28,0,0,12.946,34.038
2026-07-10 05:52:39,28,30,0,0,12.957,34.097
2026-07-10 05:53:05,28,29,0,0,12.965,34.112
2026-07-10 05:53:11,29,30,0,0,12.946,34.085
2026-07-10 05:53:18,28,29,0,0,12.949,34.112
2026-07-10 05:53:27,27,28,0,0,12.919,34.146
2026-07-10 05:53:53,28,28,0,0,12.946,34.202
2026-07-10 05:54:08,28,28,0,0,12.935,34.269
2026-07-10 05:54:16,26,26,0,0,12.935,34.29
2026-07-10 05:54:20,26,26,0,0,12.935,34.341
2026-07-10 05:54:46,25,26,0,0,12.909,34.406
2026-07-10 05:54:54,25,26,0,0,12.93,34.415
2026-07-10 05:55:46,27,29,0,0,12.922,34.566
2026-07-10 05:56:04,24,26,0,0,12.903,34.587
2026-07-10 05:56:34,25,27,0,0,12.917,34.658
2026-07-10 05:56:44,25,26,0,0,12.922,34.675
2026-07-10 05:56:49,24,26,0,0,12.909,34.688
2026-07-10 05:57:14,27,27,0,0,12.906,34.726
2026-07-10 05:57:31,27,27,0,0,12.919,34.749
2026-07-10 05:58:10,26,26,0,0,12.909,34.9
2026-07-10 05:58:28,24,24,0,0,12.898,34.997
2026-07-10 05:58:34,25,25,0,0,12.882,34.984
2026-07-10 05:59:00,25,27,0,0,12.885,35.039
2026-07-10 05:59:10,24,26,0,0,12.871,35.155
2026-07-10 05:59:14,25,26,0,0,12.879,35.102
2026-07-10 05:59:18,25,26,0,0,12.89,35.114
2026-07-10 05:59:22,26,27,0,0,12.885,35.133
2026-07-10 05:59:36,26,27,0,0,12.866,35.135
2026-07-10 05:59:54,26,27,0,0,12.879,35.197
2026-07-10 06:00:08,27,27,0,0,12.877,35.257
2026-07-10 06:00:36,25,25,0,0,12.863,35.287
2026-07-10 06:00:52,25,25,0,0,12.837,35.388
2026-07-10 06:01:18,24,25,0,0,12.861,35.407
2026-07-10 06:01:28,24,27,0,0,12.853,35.405
2026-07-10 06:01:40,26,26,0,0,12.842,35.396
2026-07-10 06:01:52,25,27,0,0,12.823,35.457
2026-07-10 06:01:56,25,27,0,0,12.839,35.449
2026-07-10 06:02:09,24,25,0,0,12.845,35.461
2026-07-10 06:02:12,25,25,0,0,12.831,35.485
2026-07-10 06:02:14,25,25,0,0,12.831,35.485
2026-07-10 06:02:41,23,25,0,0,12.823,35.482
2026-07-10 06:02:55,24,26,0,0,12.805,35.468
2026-07-10 06:02:59,24,25,0,0,12.829,35.518
2026-07-10 06:03:37,21,24,0,0,12.815,35.531
2026-07-10 06:03:40,20,21,0,0,12.818,35.495
2026-07-10 06:03:49,21,24,0,0,12.797,35.573
2026-07-10 06:03:57,25,26,0,0,12.805,35.56
2026-07-10 06:04:19,26,27,0,0,12.81,35.468
2026-07-10 06:04:59,27,28,0,0,12.81,35.419
2026-07-10 06:05:04,27,27,0,0,12.786,35.424
2026-07-10 06:05:38,26,26,0,0,12.789,35.371
2026-07-10 06:05:41,27,27,0,0,12.778,35.371
2026-07-10 06:05:44,27,27,0,0,12.773,35.363
2026-07-10 06:06:17,26,26,0,0,12.783,35.316
2026-07-10 06:06:59,26,26,0,0,12.773,35.352
2026-07-10 06:07:14,26,26,0,0,12.759,35.316
2026-07-10 06:07:37,26,26,0,0,12.775,35.272
2026-07-10 06:07:40,25,25,0,0,12.762,35.283
2026-07-10 06:07:44,25,25,0,0,12.765,35.272
2026-07-10 06:07:57,23,23,0,0,12.743,35.291
2026-07-10 06:08:23,26,26,0,0,12.746,35.243
2026-07-10 06:08:26,26,26,0,0,12.781,35.274
2026-07-10 06:08:29,26,26,0,0,12.746,35.304
2026-07-10 06:08:48,25,25,0,0,12.759,35.316
2026-07-10 06:09:02,21,21,0,0,12.738,35.291
2026-07-10 06:09:39,25,28,0,0,12.749,35.352
2026-07-10 06:09:45,25,27,0,0,12.746,35.367
2026-07-10 06:10:20,25,27,0,0,12.722,35.451
2026-07-10 06:10:23,25,27,0,0,12.749,35.415
2026-07-10 06:10:27,26,27,0,0,12.727,35.472
2026-07-10 06:10:38,27,27,0,0,12.735,35.495
2026-07-10 06:10:49,26,26,0,0,12.719,35.548
2026-07-10 06:11:01,25,25,0,0,12.733,35.585
2026-07-10 06:11:04,24,24,0,0,12.743,35.577
2026-07-10 06:11:08,25,26,0,0,12.727,35.569
2026-07-10 06:11:16,25,26,0,0,12.746,35.64
2026-07-10 06:11:43,25,26,0,0,12.735,35.577
2026-07-10 06:12:02,23,23,0,0,12.767,35.567
2026-07-10 06:12:15,24,24,0,0,12.735,35.554
2026-07-10 06:12:22,24,24,0,0,12.749,35.575
2026-07-10 06:12:36,25,25,0,0,12.727,35.581
2026-07-10 06:13:04,26,27,0,0,12.69,35.552
2026-07-10 06:13:07,26,27,0,0,12.722,35.575
2026-07-10 06:13:29,28,28,0,0,12.735,35.522
2026-07-10 06:13:43,27,27,0,0,12.706,35.499
2026-07-10 06:14:27,26,27,0,0,12.722,35.468
2026-07-10 06:14:33,25,26,0,0,12.738,35.459
2026-07-10 06:15:09,24,25,0,0,12.743,35.474
2026-07-10 06:15:15,23,24,0,0,12.711,35.461
2026-07-10 06:15:20,24,25,0,0,12.733,35.468
2026-07-10 06:15:49,26,27,0,0,12.722,35.463
2026-07-10 06:16:23,24,25,0,0,12.735,35.436
2026-07-10 06:17:04,25,25,0,0,12.735,35.339
2026-07-10 06:17:15,25,25,0,0,12.733,35.371
2026-07-10 06:17:23,25,25,0,0,12.727,35.306
2026-07-10 06:17:43,23,23,0,0,12.743,35.26
2026-07-10 06:17:51,24,24,0,0,12.733,35.232
2026-07-10 06:18:27,26,26,0,0,12.724,35.257
2026-07-10 06:19:09,27,27,0,0,12.733,35.344
2026-07-10 06:19:47,25,26,0,0,12.741,35.386
2026-07-10 06:19:51,25,26,0,0,12.746,35.394
2026-07-10 06:20:00,25,26,0,0,12.738,35.367
2026-07-10 06:20:10,24,26,0,0,12.722,35.436
2026-07-10 06:20:24,24,26,0,0,12.735,35.508
2026-07-10 06:20:32,23,27,0,0,12.722,35.485
2026-07-10 06:20:41,25,28,0,0,12.733,35.501
2026-07-10 06:21:06,25,26,0,0,12.722,35.585
2026-07-10 06:21:09,25,26,0,0,12.73,35.613
2026-07-10 06:21:14,25,26,0,0,12.73,35.627
2026-07-10 06:21:28,24,25,0,0,12.743,35.621
2026-07-10 06:21:45,25,27,0,0,12.746,35.613
2026-07-10 06:22:14,24,27,0,0,12.746,35.63
2026-07-10 06:22:25,26,27,0,0,12.722,35.598
2026-07-10 06:23:05,27,27,0,0,12.733,35.566
2026-07-10 06:23:14,27,27,0,0,12.759,35.615
2026-07-10 06:23:22,28,28,0,0,12.738,35.587
2026-07-10 06:23:25,28,28,0,0,12.746,35.625
2026-07-10 06:23:33,27,28,0,0,12.733,35.634
2026-07-10 06:23:51,27,28,0,0,12.746,35.608
2026-07-10 06:24:08,27,28,0,0,12.711,35.617
2026-07-10 06:24:30,28,30,0,0,12.733,35.651
2026-07-10 06:25:10,28,28,0,0,12.722,35.676
2026-07-10 06:25:22,29,29,0,0,12.719,35.688
2026-07-10 06:25:46,28,29,0,0,12.706,35.712
2026-07-10 06:25:51,28,28,0,0,12.722,35.67
2026-07-10 06:26:13,26,27,0,0,12.698,35.674
2026-07-10 06:26:26,26,26,0,0,12.716,35.648
2026-07-10 06:26:29,26,26,0,0,12.706,35.653
2026-07-10 06:26:33,25,25,0,0,12.695,35.682
2026-07-10 06:26:43,25,25,0,0,12.724,35.617
2026-07-10 06:27:14,25,25,0,0,12.7,35.676
2026-07-10 06:27:25,25,25,0,0,12.724,35.705
2026-07-10 06:27:34,24,26,0,0,12.714,35.709
2026-07-10 06:27:56,25,26,0,0,12.695,35.67
2026-07-10 06:28:35,27,27,0,0,12.706,35.779
2026-07-10 06:28:56,25,25,0,0,12.695,35.756
2026-07-10 06:29:14,25,25,0,0,12.684,35.819
2026-07-10 06:29:17,24,24,0,0,12.674,35.857
2026-07-10 06:29:51,21,21,0,0,12.668,35.92
2026-07-10 06:29:58,21,21,0,0,12.695,35.932
2026-07-10 06:30:34,24,24,0,0,12.698,36.023
2026-07-10 06:30:45,21,24,0,0,12.663,36.05
2026-07-10 06:31:12,18,19,0,0,12.647,36.071
2026-07-10 06:31:16,18,19,0,0,12.66,36.039
2026-07-10 06:31:20,19,20,0,0,12.668,36.103
2026-07-10 06:31:51,19,19,0,0,12.663,36.103
2026-07-10 06:31:55,20,20,0,0,12.658,36.102
2026-07-10 06:32:03,21,21,0,0,12.658,36.069
2026-07-10 06:32:14,24,24,0,0,12.65,36.075
2026-07-10 06:32:46,20,21,0,0,12.647,36.014
2026-07-10 06:32:51,20,21,0,0,12.631,36.016
2026-07-10 06:32:54,20,21,0,0,12.647,36.063
2026-07-10 06:32:58,20,21,0,0,12.66,35.983
2026-07-10 06:33:06,20,24,0,0,12.65,36.014
2026-07-10 06:33:22,21,24,0,0,12.631,35.945
2026-07-10 06:33:42,19,20,0,0,12.61,35.896
2026-07-10 06:33:54,19,20,0,0,12.639,35.882
2026-07-10 06:34:12,18,19,0,0,12.642,35.796
2026-07-10 06:34:15,17,18,0,0,12.62,35.81
2026-07-10 06:34:30,18,19,0,0,12.623,35.806
2026-07-10 06:34:56,19,22,0,0,12.62,35.752
2026-07-10 06:35:00,20,21,0,0,12.618,35.724
2026-07-10 06:35:18,19,21,0,0,12.639,35.653
2026-07-10 06:35:42,24,25,0,0,12.628,35.665
2026-07-10 06:35:56,24,25,0,0,12.623,35.638
2026-07-10 06:36:03,21,24,0,0,12.626,35.606
2026-07-10 06:36:19,20,20,0,0,12.604,35.579
2026-07-10 06:36:47,20,20,0,0,12.636,35.564
2026-07-10 06:36:51,20,20,0,0,12.62,35.558
2026-07-10 06:36:54,20,20,0,0,12.623,35.556
2026-07-10 06:37:04,20,23,0,0,12.626,35.581
2026-07-10 06:37:14,20,21,0,0,12.602,35.529
2026-07-10 06:37:30,19,20,0,0,12.631,35.569
2026-07-10 06:37:46,20,20,0,0,12.636,35.491
2026-07-10 06:37:50,20,20,0,0,12.634,35.505
2026-07-10 06:38:20,20,24,0,0,12.631,35.484
2026-07-10 06:38:38,20,23,0,0,12.666,35.485
2026-07-10 06:42:14,24,26,0,0,12.7,35.68
2026-07-10 06:47:14,16,17,0,0,12.741,35.678
2026-07-10 06:52:15,7,7,0,0,12.781,36.138
2026-07-10 06:57:14,7,7,0,0,12.821,36.288
2026-07-10 06:59:30,9,12,0,0,12.85,36.313
2026-07-10 07:02:14,12,13,0,0,12.845,36.218
2026-07-10 07:05:31,23,23,0,0,12.815,35.764
2026-07-10 07:06:12,26,27,0,0,12.821,35.667
2026-07-10 07:07:14,25,27,0,0,12.813,35.554
2026-07-10 07:07:49,25,26,0,0,12.797,35.484
2026-07-10 07:10:00,26,27,0,0,12.757,35.398
2026-07-10 07:12:14,25,27,0,0,12.727,35.407
2026-07-10 07:17:14,27,27,0,0,12.679,35.224
2026-07-10 07:20:36,26,26,0,0,12.695,34.906
2026-07-10 07:21:15,24,24,0,0,12.687,34.778
2026-07-10 07:22:09,21,21,0,0,12.698,34.602
2026-07-10 07:22:14,24,24,0,0,12.663,34.583
2026-07-10 07:26:44,19,19,0,0,12.77,34.07
2026-07-10 07:27:09,19,19,0,0,12.749,34.078
2026-07-10 07:27:14,17,17,0,0,12.749,34.084
2026-07-10 07:28:39,21,21,0,0,12.797,34.059
2026-07-10 07:32:15,24,24,0,0,12.898,34.263
2026-07-10 07:37:14,22,22,0,0,12.957,34.295
2026-07-10 07:38:09,20,20,0,0,12.951,34.307
2026-07-10 07:39:42,23,23,0,0,12.981,34.463
2026-07-10 07:40:13,20,20,0,0,12.957,34.457
2026-07-10 07:40:22,20,20,0,0,12.965,34.442
2026-07-10 07:40:46,20,23,0,0,12.946,34.419
2026-07-10 07:41:04,21,24,0,0,12.962,34.389
2026-07-10 07:41:40,24,24,0,0,12.962,34.62
2026-07-10 07:41:45,23,23,0,0,12.946,34.627
2026-07-10 07:42:10,24,27,0,0,12.951,34.425
2026-07-10 07:42:14,23,26,0,0,12.951,34.49
2026-07-10 07:42:17,23,25,0,0,12.938,34.467
2026-07-10 07:42:22,23,26,0,0,12.935,34.503
2026-07-10 07:42:57,23,25,0,0,12.962,34.457
2026-07-10 07:43:04,24,25,0,0,12.951,34.435
2026-07-10 07:43:08,25,26,0,0,12.935,34.499
2026-07-10 07:43:30,26,27,0,0,12.943,34.532
2026-07-10 07:44:12,32,32,0,0,12.941,34.398
2026-07-10 07:47:15,24,24,0,0,12.927,34.299
2026-07-10 07:52:15,20,20,0,0,12.853,34.814
2026-07-10 07:57:15,21,24,0,0,12.807,34.682
2026-07-10 08:02:15,25,25,0,0,12.778,34.671
2026-07-10 08:07:15,27,28,0,0,12.733,34.658
2026-07-10 08:12:15,26,28,0,0,12.767,34.385
2026-07-10 08:12:21,26,28,0,0,12.773,34.387
2026-07-10 08:17:14,26,26,0,0,12.797,34.455
2026-07-10 08:22:15,17,18,0,0,12.871,35.037
2026-07-10 08:27:15,21,21,0,0,12.962,34.99
2026-07-10 08:32:15,24,26,0,0,13.04,34.646
2026-07-10 08:37:15,25,26,0,0,13.08,34.497
2026-07-10 08:42:15,21,21,0,0,13.096,34.66
2026-07-10 08:47:15,25,25,0,0,13.13,34.904
2026-07-10 08:52:15,21,21,0,0,13.202,35.665
2026-07-10 08:52:19,21,21,0,0,13.189,35.703
2026-07-10 08:57:15,19,19,0,0,13.371,35.802
2026-07-10 09:02:15,23,23,0,0,13.502,35.592
2026-07-10 09:07:15,29,32,0,0,13.6,35.47
2026-07-10 09:12:15,23,23,0,0,13.694,35.756
2026-07-10 09:17:15,24,26,0,0,13.846,35.779
2026-07-10 09:22:15,15,17,0,0,13.931,35.529
2026-07-10 09:22:55,19,20,0,0,13.942,35.346
2026-07-10 09:27:15,28,28,0,0,13.972,35.377
2026-07-10 09:32:15,34,39,0,0,13.956,34.658
2026-07-10 09:37:15,37,44,0,0,13.891,34.742
2026-07-10 09:42:15,37,42,0,0,13.851,34.791
2026-07-10 09:47:15,34,37,0,0,13.849,34.852
2026-07-10 09:52:15,37,41,0,0,13.857,35.257
2026-07-10 09:57:15,35,38,0,0,13.913,35.976
2026-07-10 10:02:15,25,25,0,0,14.006,37.572
2026-07-10 10:06:42,30,31,0,0,14.169,37.843
2026-07-10 10:07:15,28,29,0,0,14.191,37.9
2026-07-10 10:12:15,24,25,0,0,14.375,38.396
2026-07-10 10:17:15,27,27,0,0,14.458,38.871
2026-07-10 10:18:19,31,32,0,0,14.49,39.027
2026-07-10 10:21:31,28,28,0,0,14.556,39.317
2026-07-10 10:22:15,28,28,0,0,14.538,39.352
2026-07-10 10:22:54,29,30,0,0,14.556,39.394
2026-07-10 10:27:16,23,25,0,0,14.642,39.989
2026-07-10 10:32:15,19,19,0,0,14.778,40.426
2026-07-10 10:36:13,17,19,0,0,14.877,39.97
2026-07-10 10:37:15,25,26,0,0,14.944,39.161
2026-07-10 10:42:15,48,59,0,0,15.056,35.096
2026-07-10 10:47:15,52,64,0,0,15.053,34.56
2026-07-10 10:48:45,48,59,0,0,15.013,34.463
2026-07-10 10:52:06,52,64,0,0,14.917,34.6
2026-07-10 10:52:15,50,62,0,0,14.89,34.572
2026-07-10 10:52:31,52,64,0,0,14.885,34.637
2026-07-10 10:53:46,50,61,0,0,14.861,34.608
2026-07-10 10:57:15,43,52,0,0,14.773,34.702
2026-07-10 11:02:15,41,49,0,0,14.687,35.375
2026-07-10 11:07:15,41,49,0,0,14.682,36.313
2026-07-10 11:12:15,44,55,0,0,14.717,37.126
2026-07-10 11:17:15,49,58,0,0,14.725,38.095
2026-07-10 11:22:15,42,51,0,0,14.778,39.499
2026-07-10 11:26:14,37,43,0,0,14.767,40.172
2026-07-10 11:27:15,39,45,0,0,14.767,40.395
2026-07-10 11:32:15,46,55,0,0,14.778,41.215
2026-07-10 11:37:15,37,41,0,0,14.781,44.008
2026-07-10 11:39:44,34,37,0,0,14.765,43.989
2026-07-10 11:42:15,29,30,0,0,14.786,44.303
2026-07-10 11:47:15,40,48,0,0,14.754,45.717
2026-07-10 11:49:44,46,56,0,0,14.719,46.546
2026-07-10 11:51:05,42,49,0,0,14.73,47.672
2026-07-10 11:52:15,41,48,0,0,14.719,48.192
2026-07-10 11:57:15,40,48,0,0,14.695,49.777
2026-07-10 11:58:44,42,49,0,0,14.687,49.655
2026-07-10 11:59:14,42,49,0,0,14.666,49.568
2026-07-10 12:02:15,41,48,0,0,14.596,51.246
2026-07-10 12:03:44,35,38,0,0,14.548,52.022
2026-07-10 12:05:11,33,34,0,0,14.5,51.534
2026-07-10 12:07:15,29,29,0,0,14.452,50.737
2026-07-10 12:12:15,43,51,0,0,14.391,49.957
2026-07-10 12:17:15,31,32,0,0,14.479,50.329
2026-07-10 12:22:15,31,35,0,0,14.674,49.802
2026-07-10 12:23:46,34,40,0,0,14.73,50.023
2026-07-10 12:25:15,29,31,0,0,14.805,50.34
2026-07-10 12:27:15,25,26,0,0,14.933,49.694
2026-07-10 12:27:16,25,26,0,0,14.922,49.715
2026-07-10 12:32:17,26,27,0,0,15.251,49.72
2026-07-10 12:34:36,28,29,0,0,15.368,49.436
2026-07-10 12:36:19,25,26,0,0,15.486,48.494
2026-07-10 12:36:54,28,28,0,0,15.542,48.442
2026-07-10 12:37:17,25,27,0,0,15.563,48.158
2026-07-10 12:38:56,24,24,0,0,15.691,46.914
2026-07-10 12:42:04,23,23,0,0,15.878,47.14
2026-07-10 12:42:17,23,24,0,0,15.894,47.256
2026-07-10 12:42:19,23,24,0,0,15.91,47.21
2026-07-10 12:42:29,22,23,0,0,15.91,46.962
2026-07-10 12:43:54,29,30,0,0,16.004,46.455
2026-07-10 12:45:15,28,28,0,0,16.105,46.438
2026-07-10 12:47:17,23,24,0,0,16.228,46.573
2026-07-10 12:50:36,9,9,0,0,16.423,46.243
2026-07-10 12:52:17,6,6,0,0,16.514,46.298
2026-07-10 12:57:17,8,9,0,0,16.789,46.661
2026-07-10 13:02:17,12,13,0,0,17.133,45.951
2026-07-10 13:02:45,15,16,0,0,17.16,45.745
2026-07-10 13:07:17,13,13,0,0,17.448,44.959
2026-07-10 13:11:16,13,14,0,0,17.771,44.631
2026-07-10 13:12:17,4,4,0,0,17.841,44.303
2026-07-10 13:17:17,1,2,0,0,18.164,43.636
2026-07-10 13:22:17,8,8,0,0,18.471,43.554
2026-07-10 13:24:46,2,2,0,0,18.629,43.077
2026-07-10 13:27:17,0,1,0,0,18.786,43.165
2026-07-10 13:32:17,3,3,0,0,19.35,42.571
2026-07-10 13:37:17,0,0,0,0,20.079,41.2
2026-07-10 13:42:17,1,1,0,0,20.813,39.953
2026-07-10 13:46:17,1,1,0,0,21.179,38.631
2026-07-10 13:47:17,1,1,0,0,21.24,38.505
2026-07-10 13:50:17,1,1,0,0,21.336,37.969
2026-07-10 13:52:17,4,4,0,0,21.382,37.751
2026-07-10 13:57:17,3,3,0,0,21.448,37.69
2026-07-10 14:02:17,0,0,0,0,21.777,37.025
2026-07-10 14:07:17,0,0,0,0,22.108,36.079
2026-07-10 14:12:17,0,0,0,0,22.127,35.829
2026-07-10 14:13:47,0,0,0,0,22.129,35.794
2026-07-10 14:17:17,0,0,0,0,22.177,36.124
2026-07-10 14:22:17,0,0,0,0,22.736,35.506
2026-07-10 14:27:17,0,1,0,0,23.326,34.204
2026-07-10 14:29:48,0,0,0,0,23.547,33.57
2026-07-10 14:32:17,0,0,0,0,23.67,33.326
2026-07-10 14:37:17,0,0,0,0,23.681,33.075
2026-07-10 14:42:17,0,0,0,0,23.684,33.006
2026-07-10 14:47:17,0,0,0,0,23.579,32.787
2026-07-10 14:52:17,0,0,0,0,23.379,33.044
2026-07-10 14:57:17,0,0,0,0,23.184,33.153
2026-07-10 14:57:49,0,0,0,0,23.198,33.204
2026-07-10 15:02:17,0,0,0,0,23.045,33.435
2026-07-10 15:07:17,0,0,0,0,22.696,33.519
2026-07-10 15:09:20,0,0,0,0,22.519,33.57
2026-07-10 15:12:17,0,0,0,0,22.276,33.977
2026-07-10 15:17:17,0,0,0,0,21.98,34.29
2026-07-10 15:22:17,0,0,0,0,21.801,34.702
2026-07-10 15:27:17,0,0,0,0,21.705,34.654
2026-07-10 15:31:21,0,0,0,0,21.603,34.761
2026-07-10 15:32:17,0,0,0,0,21.601,34.799
2026-07-10 15:37:17,0,0,0,0,21.577,34.913
2026-07-10 15:42:18,0,0,0,0,21.78,34.867
2026-07-10 15:47:17,0,0,0,0,22.039,34.192
2026-07-10 15:52:17,0,0,0,0,22.282,33.858
2026-07-10 15:55:01,1,2,0,0,22.495,33.75
2026-07-10 15:57:17,4,5,0,0,22.674,33.391
2026-07-10 16:03:21,0,0,0,0,22.848,33.08
2026-07-10 16:07:26,0,0,0,0,22.757,33.403
2026-07-10 16:12:17,0,0,0,0,22.698,33.527
2026-07-10 16:17:03,0,0,0,0,22.629,33.645
2026-07-10 16:17:17,0,0,0,0,22.599,33.63
2026-07-10 16:21:04,0,0,0,0,22.522,33.801
2026-07-10 16:22:18,0,0,0,0,22.485,33.931
2026-07-10 16:27:17,0,0,0,0,22.276,34.137
2026-07-10 16:30:34,0,0,0,0,22.137,34.446
2026-07-10 16:32:17,0,0,0,0,22.065,34.663
2026-07-10 16:37:18,0,0,0,0,21.956,34.909
2026-07-10 16:42:17,1,2,0,0,21.889,35.194
2026-07-10 16:47:18,0,1,0,0,21.929,35.182
2026-07-10 16:48:04,0,0,0,0,21.934,35.27
2026-07-10 16:52:18,0,0,0,0,21.881,35.377
2026-07-10 16:52:34,0,0,0,0,21.865,35.331
2026-07-10 16:57:17,4,4,0,0,21.774,35.413
2026-07-10 17:02:18,3,3,0,0,21.569,35.749
2026-07-10 17:07:18,3,4,0,0,21.352,35.89
2026-07-10 17:12:18,4,5,0,0,21.059,36.178
2026-07-10 17:16:35,15,16,0,0,20.792,36.636
2026-07-10 17:17:17,18,18,0,0,20.76,36.752
2026-07-10 17:17:35,27,27,0,0,20.749,36.817
2026-07-10 17:22:17,23,23,0,0,20.519,37.694
2026-07-10 17:25:37,17,19,0,0,20.34,38.211
2026-07-10 17:27:18,30,33,0,0,20.276,38.385
2026-07-10 17:28:05,34,39,0,0,20.22,38.512
2026-07-10 17:30:05,29,30,0,0,20.135,38.673
2026-07-10 17:32:17,22,22,0,0,20.031,38.829
2026-07-10 17:37:18,35,40,0,0,19.785,39.377
2026-07-10 17:42:17,35,39,0,0,19.499,39.785
2026-07-10 17:43:04,40,47,0,0,19.528,39.863
2026-07-10 17:44:29,33,36,0,0,19.443,40.048
2026-07-10 17:44:52,32,35,0,0,19.416,40.015
2026-07-10 17:46:50,22,22,0,0,19.318,40.17
2026-07-10 17:47:17,22,23,0,0,19.304,40.22
2026-07-10 17:48:14,20,22,0,0,19.277,40.242
2026-07-10 17:49:05,21,21,0,0,19.213,40.347
2026-07-10 17:50:22,14,15,0,0,19.173,40.504
2026-07-10 17:52:17,9,9,0,0,19.088,40.595
2026-07-10 17:53:56,8,8,0,0,19.008,40.74
2026-07-10 17:54:49,8,8,0,0,18.946,40.775
2026-07-10 17:57:17,11,11,0,0,18.853,40.971
2026-07-10 18:02:17,9,11,0,0,18.669,41.431
2026-07-10 18:05:04,15,15,0,0,18.53,41.641
2026-07-10 18:07:17,13,15,0,0,18.431,41.856
2026-07-10 18:10:29,27,29,0,0,18.34,42.003
2026-07-10 18:12:17,28,28,0,0,18.273,42.1
2026-07-10 18:15:07,12,14,0,0,18.183,42.339
2026-07-10 18:15:36,11,14,0,0,18.159,42.371
2026-07-10 18:16:51,10,10,0,0,18.137,42.514
2026-07-10 18:17:12,9,11,0,0,18.116,42.482
2026-07-10 18:17:17,8,8,0,0,18.121,42.503
2026-07-10 18:19:51,11,11,0,0,18.054,42.592
2026-07-10 18:20:31,9,11,0,0,18.033,42.69
2026-07-10 18:20:56,8,10,0,0,17.993,42.671
2026-07-10 18:22:10,9,9,0,0,17.998,42.806
2026-07-10 18:22:17,9,9,0,0,17.977,42.804
2026-07-10 18:23:10,9,9,0,0,17.98,42.894
2026-07-10 18:27:17,11,13,0,0,17.836,43.147
2026-07-10 18:27:19,11,13,0,0,17.857,43.153
2026-07-10 18:32:17,16,18,0,0,17.737,43.54
2026-07-10 18:37:17,18,19,0,0,17.593,43.891
2026-07-10 18:42:17,24,24,0,0,17.488,44.298
2026-07-10 18:47:17,16,17,0,0,17.379,44.752
2026-07-10 18:52:17,24,26,0,0,17.253,45.019
2026-07-10 18:57:17,22,22,0,0,17.165,45.329
2026-07-10 19:02:17,20,20,0,0,17.101,45.64
2026-07-10 19:07:17,19,19,0,0,17.034,46.003
2026-07-10 19:10:41,23,24,0,0,16.981,46.214
2026-07-10 19:12:17,24,25,0,0,16.981,46.226
2026-07-10 19:12:19,24,25,0,0,16.968,46.224
2026-07-10 19:17:17,20,23,0,0,16.909,46.497
2026-07-10 19:22:17,20,22,0,0,16.823,46.686
2026-07-10 19:27:17,19,22,0,0,16.781,46.796
2026-07-10 19:32:17,20,23,0,0,16.703,47.136
2026-07-10 19:37:17,30,33,0,0,16.594,47.382
2026-07-10 19:37:56,39,47,0,0,16.607,47.447
2026-07-10 19:40:42,40,47,0,0,16.572,47.519
2026-07-10 19:42:17,37,44,0,0,16.522,47.668
2026-07-10 19:44:42,26,27,0,0,16.484,47.782
2026-07-10 19:47:17,25,26,0,0,16.428,47.952
2026-07-10 19:50:12,22,22,0,0,16.386,48.269
2026-07-10 19:52:17,25,26,0,0,16.359,48.368
2026-07-10 19:57:17,29,31,0,0,16.289,48.66
2026-07-10 20:02:17,26,27,0,0,16.225,48.641
2026-07-10 20:07:17,24,25,0,0,16.169,48.662
2026-07-10 20:09:15,25,28,0,0,16.156,48.526
2026-07-10 20:10:12,25,27,0,0,16.14,48.511
2026-07-10 20:12:17,26,26,0,0,16.102,48.376
2026-07-10 20:16:13,36,43,0,0,16.076,48.582
2026-07-10 20:17:18,32,33,0,0,16.078,48.564
2026-07-10 20:22:18,28,28,0,0,16.033,48.54
2026-07-10 20:23:07,28,28,0,0,16.022,48.606
2026-07-10 20:27:18,33,38,0,0,15.948,48.85
2026-07-10 20:27:20,33,37,0,0,15.948,48.831
2026-07-10 20:32:18,32,34,0,0,15.892,49.02
2026-07-10 20:37:17,38,43,0,0,15.827,49.303
2026-07-10 20:38:14,38,44,0,0,15.819,49.341
2026-07-10 20:39:39,38,43,0,0,15.801,49.402
2026-07-10 20:40:02,39,46,0,0,15.777,49.386
2026-07-10 20:41:17,35,40,0,0,15.798,49.461
2026-07-10 20:42:18,37,42,0,0,15.766,49.507
2026-07-10 20:45:32,37,42,0,0,15.739,49.646
2026-07-10 20:47:18,37,42,0,0,15.691,49.68
2026-07-10 20:52:18,37,42,0,0,15.579,49.858
2026-07-10 20:55:56,41,49,0,0,15.456,49.961
2026-07-10 20:57:18,41,50,0,0,15.424,50.035
2026-07-10 20:58:51,38,46,0,0,15.339,49.959
2026-07-10 21:00:08,40,49,0,0,15.296,50.209
2026-07-10 21:02:12,35,40,0,0,15.216,50.453
2026-07-10 21:02:17,36,41,0,0,15.192,50.447
2026-07-10 21:03:29,38,43,0,0,15.154,50.281
2026-07-10 21:04:46,38,47,0,0,15.085,50.506
2026-07-10 21:07:14,41,49,0,0,14.941,50.931
2026-07-10 21:07:17,42,50,0,0,14.933,50.928
2026-07-10 21:10:54,41,50,0,0,14.765,51.509
2026-07-10 21:11:43,39,49,0,0,14.719,51.536
2026-07-10 21:12:17,42,49,0,0,14.698,51.601
2026-07-10 21:15:56,44,52,0,0,14.522,51.967
2026-07-10 21:17:18,48,57,0,0,14.484,52.076
2026-07-10 21:17:45,52,65,0,0,14.436,52.12
2026-07-10 21:22:18,74,81,0,0,14.217,52.503
2026-07-10 21:25:14,59,71,0,0,14.062,52.871
2026-07-10 21:27:18,50,60,0,0,13.969,53.125
2026-07-10 21:32:18,50,60,0,0,13.753,53.714
2026-07-10 21:36:47,45,53,0,0,13.614,53.951
2026-07-10 21:37:18,46,53,0,0,13.598,53.985
2026-07-10 21:38:47,40,48,0,0,13.558,54.018
2026-07-10 21:42:18,37,42,0,0,13.443,54.109
2026-07-10 21:43:45,38,46,0,0,13.419,54.193
2026-07-10 21:46:59,38,46,0,0,13.363,54.412
2026-07-10 21:47:18,41,49,0,0,13.352,54.441
2026-07-10 21:48:47,38,46,0,0,13.336,54.479
2026-07-10 21:50:06,39,45,0,0,13.355,54.46
2026-07-10 21:51:47,39,46,0,0,13.352,54.477
2026-07-10 21:52:18,38,44,0,0,13.323,54.466
2026-07-10 21:53:53,37,42,0,0,13.339,54.435
2026-07-10 21:57:11,35,37,0,0,13.352,54.405
2026-07-10 21:57:18,36,38,0,0,13.331,54.426
2026-07-10 21:57:50,34,37,0,0,13.309,54.431
2026-07-10 22:02:18,34,36,0,0,13.32,54.218
2026-07-10 22:07:18,32,33,0,0,13.256,54.124
2026-07-10 22:12:18,48,58,0,0,13.138,54.313
2026-07-10 22:14:56,55,67,0,0,13.04,54.46
2026-07-10 22:15:54,52,64,0,0,13.016,54.481
2026-07-10 22:17:18,47,56,0,0,12.927,54.492
2026-07-10 22:22:18,49,60,0,0,12.743,54.885
2026-07-10 22:23:46,47,55,0,0,12.668,54.986
2026-07-10 22:23:50,48,57,0,0,12.69,54.981
2026-07-10 22:27:18,43,49,0,0,12.567,55.252
2026-07-10 22:27:20,43,49,0,0,12.562,55.236
2026-07-10 22:30:23,36,38,0,0,12.484,55.545
2026-07-10 22:32:18,38,41,0,0,12.455,55.65
2026-07-10 22:37:18,36,39,0,0,12.412,55.769
2026-07-10 22:38:45,34,39,0,0,12.415,55.748
2026-07-10 22:40:18,35,39,0,0,12.407,55.736
2026-07-10 22:42:18,35,39,0,0,12.377,55.73
2026-07-10 22:43:17,35,36,0,0,12.345,55.645
2026-07-10 22:46:21,29,30,0,0,12.319,55.57
2026-07-10 22:47:18,29,29,0,0,12.289,55.538
2026-07-10 22:52:18,28,32,0,0,12.161,55.582
2026-07-10 22:57:18,29,29,0,0,12.028,55.845
2026-07-10 23:02:18,29,31,0,0,11.953,55.917
2026-07-10 23:07:18,27,27,0,0,11.87,55.925
2026-07-10 23:12:18,24,24,0,0,11.744,55.881
2026-07-10 23:14:55,21,22,0,0,11.638,56.051
2026-07-10 23:17:18,15,15,0,0,11.555,56.009
2026-07-10 23:22:18,10,10,0,0,11.44,55.99
2026-07-10 23:24:24,12,13,0,0,11.376,56.043
2026-07-10 23:24:31,12,13,0,0,11.36,56.049
2026-07-10 23:27:18,12,13,0,0,11.299,56.295
2026-07-10 23:28:43,13,14,0,0,11.253,56.465
2026-07-10 23:32:18,15,17,0,0,11.194,56.936
2026-07-10 23:37:18,21,22,0,0,11.16,57.273
2026-07-10 23:38:29,21,21,0,0,11.13,57.266
2026-07-10 23:42:18,22,22,0,0,11.117,57.43
2026-07-10 23:45:17,19,20,0,0,11.104,57.464
2026-07-10 23:47:18,15,17,0,0,11.098,57.537
2026-07-10 23:48:29,18,19,0,0,11.098,57.613
2026-07-10 23:52:18,20,21,0,0,11.09,57.767
2026-07-10 23:57:18,27,28,0,0,11.042,57.71
2026-07-11 00:01:41,32,32,0,0,10.919,57.657
2026-07-11 00:02:18,33,33,0,0,10.885,57.693
2026-07-11 00:07:18,31,37,0,0,10.698,58.256
2026-07-11 00:07:19,32,35,0,0,10.676,58.265
2026-07-11 00:12:18,37,40,0,0,10.644,58.679
2026-07-11 00:13:55,36,40,0,0,10.628,58.748
2026-07-11 00:16:33,34,38,0,0,10.642,59.005
2026-07-11 00:17:18,36,38,0,0,10.655,59.047
2026-07-11 00:22:18,41,45,0,0,10.706,59.431
2026-07-11 00:27:18,41,45,0,0,10.666,59.665
2026-07-11 00:32:18,37,42,0,0,10.644,59.915
2026-07-11 00:35:56,39,46,0,0,10.586,59.826
2026-07-11 00:37:18,38,45,0,0,10.57,59.742
2026-07-11 00:38:13,36,37,0,0,10.551,59.665
2026-07-11 00:42:18,29,29,0,0,10.444,59.41
2026-07-11 00:45:12,25,25,0,0,10.388,59.442
2026-07-11 00:46:46,25,26,0,0,10.377,59.505
2026-07-11 00:47:18,25,26,0,0,10.361,59.539
2026-07-11 00:50:27,22,22,0,0,10.353,59.595
2026-07-11 00:52:18,20,21,0,0,10.364,59.629
2026-07-11 00:57:18,26,27,0,0,10.401,59.248
2026-07-11 01:02:18,25,26,0,0,10.383,59.286
2026-07-11 01:04:53,21,26,0,0,10.367,59.362
2026-07-11 01:05:56,26,26,0,0,10.375,59.32
2026-07-11 01:07:18,25,25,0,0,10.385,59.312
2026-07-11 01:08:25,26,26,0,0,10.407,59.297
2026-07-11 01:12:18,28,31,0,0,10.436,59.208
2026-07-11 01:17:18,26,26,0,0,10.385,59.16
2026-07-11 01:20:37,28,28,0,0,10.369,59.246
2026-07-11 01:22:18,27,27,0,0,10.329,59.311
2026-07-11 01:27:18,28,28,0,0,10.26,59.505
2026-07-11 01:27:49,29,32,0,0,10.249,59.517
2026-07-11 01:28:38,28,28,0,0,10.225,59.564
2026-07-11 01:30:13,27,28,0,0,10.18,59.589
2026-07-11 01:30:42,27,28,0,0,10.169,59.612
2026-07-11 01:30:58,26,27,0,0,10.156,59.633
2026-07-11 01:32:18,26,27,0,0,10.121,59.625
2026-07-11 01:33:37,25,26,0,0,10.086,59.721
2026-07-11 01:37:18,23,25,0,0,9.982,60.009
2026-07-11 01:39:28,25,26,0,0,9.915,60.094
2026-07-11 01:42:18,27,28,0,0,9.857,60.236
2026-07-11 01:44:50,23,25,0,0,9.763,60.424
2026-07-11 01:46:58,25,27,0,0,9.688,60.567
2026-07-11 01:47:18,26,27,0,0,9.694,60.579
2026-07-11 01:49:52,23,23,0,0,9.6,60.814
2026-07-11 01:50:31,23,25,0,0,9.598,60.861
2026-07-11 01:52:18,25,25,0,0,9.544,60.955
2026-07-11 01:52:57,26,27,0,0,9.539,60.974
2026-07-11 01:57:18,23,28,0,0,9.475,61.145
2026-07-11 02:02:18,22,23,0,0,9.379,61.214
2026-07-11 02:02:54,21,21,0,0,9.347,61.25
2026-07-11 02:03:01,20,20,0,0,9.368,61.256
2026-07-11 02:05:00,22,26,0,0,9.325,61.369
2026-07-11 02:07:18,21,23,0,0,9.285,61.554
2026-07-11 02:12:18,25,26,0,0,9.173,61.718
2026-07-11 02:13:23,23,26,0,0,9.133,61.752
2026-07-11 02:16:02,21,21,0,0,9.077,61.796
2026-07-11 02:17:18,17,17,0,0,9.026,61.773
2026-07-11 02:22:18,17,18,0,0,8.919,61.884
2026-07-11 02:27:18,10,16,0,0,8.807,62.227
2026-07-11 02:32:18,9,9,0,0,8.711,62.513
2026-07-11 02:37:18,10,13,0,0,8.647,62.809
2026-07-11 02:42:03,10,10,0,0,8.559,62.954
2026-07-11 02:42:18,9,9,0,0,8.567,62.997
2026-07-11 02:44:06,10,10,0,0,8.553,63.11
2026-07-11 02:47:18,14,15,0,0,8.511,63.253
2026-07-11 02:51:36,22,23,0,0,8.46,63.312
2026-07-11 02:52:10,22,26,0,0,8.473,63.347
2026-07-11 02:52:13,22,26,0,0,8.468,63.324
2026-07-11 02:52:18,22,26,0,0,8.463,63.337
2026-07-11 02:52:58,27,28,0,0,8.455,63.381
2026-07-11 02:53:38,26,27,0,0,8.465,63.451
2026-07-11 02:54:13,29,29,0,0,8.452,63.522
2026-07-11 02:54:18,29,29,0,0,8.452,63.545
2026-07-11 02:54:51,30,30,0,0,8.452,63.627
2026-07-11 02:54:56,30,32,0,0,8.436,63.661
2026-07-11 02:54:59,30,31,0,0,8.431,63.688
2026-07-11 02:57:18,38,42,0,0,8.423,64.283
2026-07-11 03:00:09,31,32,0,0,8.412,64.424
2026-07-11 03:02:18,34,36,0,0,8.412,64.394
2026-07-11 03:07:18,29,29,0,0,8.433,64.367
2026-07-11 03:12:18,33,35,0,0,8.375,64.377
2026-07-11 03:12:27,35,36,0,0,8.38,64.39
2026-07-11 03:17:04,35,36,0,0,8.35,64.459
2026-07-11 03:17:18,35,39,0,0,8.329,64.464
2026-07-11 03:19:35,31,32,0,0,8.321,64.609
2026-07-11 03:20:34,34,35,0,0,8.294,64.605
2026-07-11 03:22:18,33,33,0,0,8.289,64.655
2026-07-11 03:22:31,29,32,0,0,8.292,64.642
2026-07-11 03:27:18,28,29,0,0,8.244,64.985
2026-07-11 03:32:03,22,23,0,0,8.201,64.953
2026-07-11 03:32:18,27,27,0,0,8.214,64.945
2026-07-11 03:32:41,23,26,0,0,8.212,64.977
2026-07-11 03:37:18,22,26,0,0,8.164,64.943
2026-07-11 03:42:18,22,24,0,0,8.083,64.968
2026-07-11 03:42:28,23,27,0,0,8.065,64.972
2026-07-11 03:43:06,22,24,0,0,8.097,64.962
2026-07-11 03:44:23,27,28,0,0,8.033,64.991
2026-07-11 03:44:58,26,28,0,0,8.017,65.015
2026-07-11 03:47:18,21,24,0,0,7.982,65.12
2026-07-11 03:47:35,24,24,0,0,7.982,65.113
2026-07-11 03:49:49,22,22,0,0,7.926,65.199
2026-07-11 03:50:02,23,26,0,0,7.95,65.159
2026-07-11 03:52:18,13,15,0,0,7.897,65.183
2026-07-11 03:52:21,10,14,0,0,7.878,65.166
2026-07-11 03:52:37,10,15,0,0,7.878,65.206
2026-07-11 03:53:00,13,13,0,0,7.87,65.235
2026-07-11 03:54:07,14,14,0,0,7.851,65.315
2026-07-11 03:55:46,10,15,0,0,7.83,65.401
2026-07-11 03:57:18,14,18,0,0,7.824,65.519
2026-07-11 03:58:37,19,20,0,0,7.814,65.801
2026-07-11 04:02:18,22,26,0,0,7.768,66.524
2026-07-11 04:02:28,21,22,0,0,7.79,66.511
2026-07-11 04:03:36,23,24,0,0,7.782,66.608
2026-07-11 04:05:03,21,23,0,0,7.752,66.759
2026-07-11 04:05:08,21,22,0,0,7.795,66.763
2026-07-11 04:05:41,23,23,0,0,7.8,66.803
2026-07-11 04:07:18,21,22,0,0,7.803,66.913
2026-07-11 04:07:51,21,21,0,0,7.816,66.94
2026-07-11 04:09:14,26,26,0,0,7.814,66.984
2026-07-11 04:11:18,26,26,0,0,7.843,67.156
2026-07-11 04:12:18,26,26,0,0,7.867,67.295
2026-07-11 04:12:38,26,27,0,0,7.867,67.329
2026-07-11 04:17:18,27,27,0,0,7.926,67.606
2026-07-11 04:22:18,31,33,0,0,8.075,67.375
2026-07-11 04:22:27,32,33,0,0,8.089,67.35
2026-07-11 04:27:18,28,28,0,0,8.164,67.058
2026-07-11 04:32:18,32,33,0,0,8.193,66.66
2026-07-11 04:37:18,30,31,0,0,8.158,66.465
2026-07-11 04:42:18,30,32,0,0,8.097,66.427
2026-07-11 04:45:41,27,28,0,0,8.059,66.501
2026-07-11 04:47:18,27,29,0,0,8.046,66.553
2026-07-11 04:49:09,29,29,0,0,8.017,66.57
2026-07-11 04:52:18,27,27,0,0,8.017,66.763
2026-07-11 04:52:27,27,27,0,0,8.027,66.763
2026-07-11 04:57:18,22,22,0,0,8.065,67.049
2026-07-11 05:02:18,10,14,0,0,8.188,67.648
2026-07-11 05:07:18,20,20,0,0,8.471,67.289
2026-07-11 05:07:54,20,21,0,0,8.489,67.159
2026-07-11 05:08:00,20,21,0,0,8.5,67.167
2026-07-11 05:08:06,20,22,0,0,8.503,67.148
2026-07-11 05:09:21,16,20,0,0,8.569,67.054
2026-07-11 05:11:18,21,23,0,0,8.666,66.986
2026-07-11 05:11:23,22,23,0,0,8.647,66.955
2026-07-11 05:11:39,22,22,0,0,8.671,66.951
2026-07-11 05:12:05,21,21,0,0,8.687,66.948
2026-07-11 05:12:18,21,21,0,0,8.719,66.925
2026-07-11 05:12:53,19,21,0,0,8.714,66.843
2026-07-11 05:16:09,14,15,0,0,8.866,66.101
2026-07-11 05:16:39,10,14,0,0,8.898,65.994
2026-07-11 05:17:18,14,14,0,0,8.898,65.866
2026-07-11 05:17:34,10,10,0,0,8.922,65.818
2026-07-11 05:22:18,9,9,0,0,9.061,64.825
2026-07-11 05:26:08,5,5,0,0,9.096,64.06
2026-07-11 05:26:30,4,4,0,0,9.09,64.005
2026-07-11 05:26:33,4,4,0,0,9.071,64.016
2026-07-11 05:26:39,5,5,0,0,9.069,63.986
2026-07-11 05:27:11,7,7,0,0,9.071,64.016
2026-07-11 05:27:18,5,5,0,0,9.079,63.999
2026-07-11 05:27:38,7,7,0,0,9.063,64.006
2026-07-11 05:27:43,8,8,0,0,9.071,64.029
2026-07-11 05:32:18,10,10,0,0,9.031,64.296
2026-07-11 05:32:21,10,10,0,0,9.005,64.298
2026-07-11 05:32:25,13,13,0,0,9.007,64.336
2026-07-11 05:32:27,13,13,0,0,9.005,64.344
2026-07-11 05:32:37,9,9,0,0,9.018,64.405
2026-07-11 05:32:41,9,9,0,0,8.991,64.401
2026-07-11 05:32:45,9,9,0,0,8.999,64.397
2026-07-11 05:33:19,8,8,0,0,9.002,64.508
2026-07-11 05:33:24,9,9,0,0,8.994,64.489
2026-07-11 05:33:28,9,9,0,0,8.994,64.518
2026-07-11 05:34:36,9,9,0,0,9.007,64.731
2026-07-11 05:34:43,7,7,0,0,8.991,64.722
2026-07-11 05:34:50,7,7,0,0,8.989,64.748
2026-07-11 05:34:59,9,9,0,0,9.002,64.758
2026-07-11 05:35:45,9,9,0,0,8.983,64.819
2026-07-11 05:35:55,9,9,0,0,8.989,64.848
2026-07-11 05:36:13,9,9,0,0,8.989,64.895
2026-07-11 05:36:25,9,10,0,0,8.999,64.92
2026-07-11 05:36:42,8,8,0,0,9.013,64.932
2026-07-11 05:36:59,8,9,0,0,9.015,64.97
2026-07-11 05:37:04,8,9,0,0,8.999,64.953
2026-07-11 05:37:17,10,10,0,0,9.007,64.954
2026-07-11 05:37:18,10,10,0,0,8.989,64.987
2026-07-11 05:37:24,9,9,0,0,9.018,64.97
2026-07-11 05:37:30,7,7,0,0,8.994,64.981
2026-07-11 05:37:39,10,10,0,0,8.989,64.985
2026-07-11 05:37:48,13,13,0,0,8.994,64.951
2026-07-11 05:37:57,9,10,0,0,8.991,64.935
2026-07-11 05:38:01,8,9,0,0,8.994,64.951
2026-07-11 05:42:18,5,5,0,0,9.047,64.098
2026-07-11 05:46:56,10,10,0,0,9.031,63.97
2026-07-11 05:47:10,12,12,0,0,9.045,63.984
2026-07-11 05:47:18,12,12,0,0,9.037,63.978
2026-07-11 05:47:23,13,13,0,0,9.061,63.989
2026-07-11 05:47:36,9,9,0,0,9.042,63.989
2026-07-11 05:48:24,9,9,0,0,9.037,63.982
2026-07-11 05:48:40,7,7,0,0,9.053,63.995
2026-07-11 05:48:48,9,9,0,0,9.058,64.003
2026-07-11 05:48:52,9,9,0,0,9.034,63.989
2026-07-11 05:49:04,10,10,0,0,9.026,64.001
2026-07-11 05:49:26,10,10,0,0,9.039,64.022
2026-07-11 05:49:41,8,8,0,0,9.015,64.003
2026-07-11 05:49:48,9,9,0,0,9.026,64.008
2026-07-11 05:50:13,8,8,0,0,9.045,63.997
2026-07-11 05:50:31,8,9,0,0,9.037,64.005
2026-07-11 05:50:55,9,9,0,0,9.034,63.993
2026-07-11 05:51:13,10,10,0,0,9.042,64.012
2026-07-11 05:51:16,10,10,0,0,9.015,63.989
2026-07-11 05:51:25,9,9,0,0,9.01,63.989
2026-07-11 05:51:28,9,9,0,0,9.026,64.01
2026-07-11 05:52:02,9,10,0,0,9.039,64.005
2026-07-11 05:52:18,8,10,0,0,9.031,64.012
2026-07-11 05:52:21,8,9,0,0,9.002,64.041
2026-07-11 05:52:27,7,8,0,0,9.031,64.01
2026-07-11 05:52:43,9,9,0,0,9.034,64.018
2026-07-11 05:53:08,8,8,0,0,9.015,64.014
2026-07-11 05:53:22,9,10,0,0,9.015,63.972
2026-07-11 05:53:25,9,10,0,0,9.018,63.993
2026-07-11 05:53:42,8,8,0,0,9.013,64.016
2026-07-11 05:54:02,6,6,0,0,8.999,64.012
2026-07-11 05:54:20,4,4,0,0,8.999,64.005
2026-07-11 05:54:30,4,4,0,0,9.015,64.014
2026-07-11 05:54:39,3,3,0,0,9.005,64.039
2026-07-11 05:55:07,5,5,0,0,9.018,64.037
2026-07-11 05:55:13,5,5,0,0,9.007,64.043
2026-07-11 05:55:24,5,5,0,0,9.015,64.062
2026-07-11 05:55:51,4,4,0,0,9.007,64.068
2026-07-11 05:56:43,2,2,0,0,8.957,64.035
2026-07-11 05:56:50,2,2,0,0,8.97,64.056
2026-07-11 05:56:52,2,2,0,0,8.989,64.043
2026-07-11 05:57:11,3,4,0,0,8.981,64.041
2026-07-11 05:57:17,3,3,0,0,8.981,64.056
2026-07-11 05:57:19,3,3,0,0,8.967,64.037
2026-07-11 05:57:24,3,3,0,0,8.983,64.05
2026-07-11 05:57:36,3,4,0,0,8.962,64.062
2026-07-11 05:57:40,3,4,0,0,8.967,64.073
2026-07-11 05:57:51,3,4,0,0,8.941,64.056
2026-07-11 05:58:03,3,4,0,0,8.975,64.071
2026-07-11 05:58:20,4,4,0,0,8.973,64.064
2026-07-11 05:59:01,4,4,0,0,8.962,64.073
2026-07-11 05:59:04,3,3,0,0,8.957,64.09
2026-07-11 06:00:24,4,5,0,0,8.957,64.132
2026-07-11 06:01:00,4,4,0,0,8.957,64.169
2026-07-11 06:01:14,5,5,0,0,8.941,64.155
2026-07-11 06:03:00,3,4,0,0,8.949,64.199
2026-07-11 06:03:22,4,4,0,0,8.93,64.262
2026-07-11 06:03:51,4,4,0,0,8.919,64.319
2026-07-11 06:04:02,3,4,0,0,8.922,64.378
2026-07-11 06:04:13,4,4,0,0,8.893,64.415
2026-07-11 06:04:30,4,4,0,0,8.919,64.401
2026-07-11 06:05:02,4,4,0,0,8.919,64.39
2026-07-11 06:05:17,4,4,0,0,8.893,64.409
2026-07-11 06:05:40,4,4,0,0,8.882,64.428
2026-07-11 06:05:57,4,4,0,0,8.895,64.445
2026-07-11 06:07:21,3,4,0,0,8.922,64.516
2026-07-11 06:07:56,4,4,0,0,8.914,64.558
2026-07-11 06:08:17,1,2,0,0,8.893,64.573
2026-07-11 06:09:00,2,3,0,0,8.909,64.621
2026-07-11 06:09:34,1,1,0,0,8.933,64.567
2026-07-11 06:10:21,1,2,0,0,8.919,64.47
2026-07-11 06:10:28,2,2,0,0,8.914,64.489
2026-07-11 06:11:24,3,3,0,0,8.911,64.356
2026-07-11 06:11:29,5,5,0,0,8.927,64.338
2026-07-11 06:12:22,4,4,0,0,8.922,64.258
2026-07-11 06:12:25,4,4,0,0,8.903,64.258
2026-07-11 06:12:42,4,4,0,0,8.901,64.279
2026-07-11 06:13:17,2,2,0,0,8.919,64.247
2026-07-11 06:13:28,3,3,0,0,8.893,64.256
2026-07-11 06:14:02,3,4,0,0,8.885,64.3
2026-07-11 06:14:07,3,3,0,0,8.895,64.308
2026-07-11 06:14:16,2,2,0,0,8.885,64.317
2026-07-11 06:14:58,2,3,0,0,8.898,64.272
2026-07-11 06:15:48,2,2,0,0,8.903,64.315
2026-07-11 06:16:04,1,1,0,0,8.89,64.317
2026-07-11 06:16:28,1,2,0,0,8.893,64.338
2026-07-11 06:16:38,2,2,0,0,8.866,64.327
2026-07-11 06:17:09,5,5,0,0,8.903,64.274
2026-07-11 06:17:12,7,7,0,0,8.914,64.289
2026-07-11 06:17:16,8,8,0,0,8.877,64.272
2026-07-11 06:17:21,8,8,0,0,8.903,64.281
2026-07-11 06:17:24,7,8,0,0,8.882,64.281
2026-07-11 06:17:53,7,7,0,0,8.882,64.289
2026-07-11 06:17:57,7,7,0,0,8.871,64.308
2026-07-11 06:18:09,7,10,0,0,8.877,64.298
2026-07-11 06:18:40,14,15,0,0,8.861,64.323
2026-07-11 06:18:43,14,15,0,0,8.874,64.335
2026-07-11 06:19:12,17,19,0,0,8.855,64.357
2026-07-11 06:19:27,18,22,0,0,8.877,64.375
2026-07-11 06:19:58,26,27,0,0,8.839,64.401
2026-07-11 06:20:05,27,28,0,0,8.855,64.38
2026-07-11 06:20:35,23,25,0,0,8.85,64.399
2026-07-11 06:20:37,23,26,0,0,8.858,64.405
2026-07-11 06:20:49,28,28,0,0,8.855,64.417
2026-07-11 06:21:13,27,27,0,0,8.842,64.407
2026-07-11 06:21:17,25,26,0,0,8.842,64.432
2026-07-11 06:21:19,26,27,0,0,8.845,64.426
2026-07-11 06:21:23,27,27,0,0,8.839,64.453
2026-07-11 06:21:27,27,28,0,0,8.861,64.436
2026-07-11 06:21:55,27,28,0,0,8.845,64.443
2026-07-11 06:22:00,27,27,0,0,8.85,64.459
2026-07-11 06:22:03,27,27,0,0,8.853,64.449
2026-07-11 06:22:11,28,28,0,0,8.828,64.476
2026-07-11 06:22:24,28,29,0,0,8.823,64.474
2026-07-11 06:22:34,27,29,0,0,8.82,64.493
2026-07-11 06:22:38,27,28,0,0,8.845,64.525
2026-07-11 06:22:42,28,29,0,0,8.836,64.525
2026-07-11 06:23:24,27,28,0,0,8.828,64.514
2026-07-11 06:23:57,28,29,0,0,8.858,64.497
2026-07-11 06:24:19,28,28,0,0,8.831,64.485
2026-07-11 06:24:50,26,28,0,0,8.842,64.512
2026-07-11 06:25:15,29,29,0,0,8.836,64.499
2026-07-11 06:25:21,29,30,0,0,8.831,64.523
2026-07-11 06:25:55,29,29,0,0,8.831,64.584
2026-07-11 06:26:09,29,29,0,0,8.828,64.623
2026-07-11 06:26:51,23,23,0,0,8.826,64.672
2026-07-11 06:27:24,23,23,0,0,8.82,64.701
2026-07-11 06:27:28,23,23,0,0,8.81,64.691
2026-07-11 06:27:58,21,21,0,0,8.794,64.724
2026-07-11 06:28:01,22,22,0,0,8.812,64.745
2026-07-11 06:28:12,21,21,0,0,8.799,64.735
2026-07-11 06:28:18,20,21,0,0,8.78,64.771
2026-07-11 06:28:31,21,22,0,0,8.791,64.777
2026-07-11 06:28:35,21,22,0,0,8.812,64.802
2026-07-11 06:28:48,20,21,0,0,8.799,64.787
2026-07-11 06:29:10,20,21,0,0,8.791,64.785
2026-07-11 06:29:23,18,21,0,0,8.815,64.777
2026-07-11 06:29:35,15,17,0,0,8.82,64.789
2026-07-11 06:30:06,15,17,0,0,8.791,64.769
2026-07-11 06:30:10,16,19,0,0,8.81,64.783
2026-07-11 06:30:13,16,18,0,0,8.799,64.789
2026-07-11 06:30:15,17,19,0,0,8.802,64.775
2026-07-11 06:30:19,17,17,0,0,8.812,64.79
2026-07-11 06:30:23,16,16,0,0,8.812,64.775
2026-07-11 06:30:56,10,14,0,0,8.796,64.768
2026-07-11 06:31:14,14,15,0,0,8.783,64.758
2026-07-11 06:31:35,14,16,0,0,8.82,64.752
2026-07-11 06:32:09,16,17,0,0,8.807,64.783
2026-07-11 06:32:24,17,18,0,0,8.826,64.768
2026-07-11 06:32:54,14,16,0,0,8.815,64.724
2026-07-11 06:32:59,10,15,0,0,8.791,64.726
2026-07-11 06:33:16,8,9,0,0,8.842,64.773
2026-07-11 06:33:34,8,8,0,0,8.815,64.737
2026-07-11 06:33:49,9,9,0,0,8.818,64.747
2026-07-11 06:34:29,8,8,0,0,8.82,64.754
2026-07-11 06:34:36,5,5,0,0,8.823,64.764
2026-07-11 06:34:42,5,5,0,0,8.823,64.764
2026-07-11 06:34:58,5,5,0,0,8.815,64.769
2026-07-11 06:35:05,5,5,0,0,8.831,64.771
2026-07-11 06:35:15,4,4,0,0,8.828,64.779
2026-07-11 06:35:19,4,4,0,0,8.831,64.792
2026-07-11 06:35:23,4,4,0,0,8.812,64.737
2026-07-11 06:35:40,5,5,0,0,8.82,64.798
2026-07-11 06:35:45,5,5,0,0,8.818,64.785
2026-07-11 06:35:51,4,4,0,0,8.791,64.792
2026-07-11 06:36:02,4,4,0,0,8.82,64.806
2026-07-11 06:36:05,4,4,0,0,8.796,64.789
2026-07-11 06:36:39,7,7,0,0,8.791,64.821
2026-07-11 06:36:50,5,7,0,0,8.839,64.811
2026-07-11 06:37:05,7,7,0,0,8.815,64.821
2026-07-11 06:37:21,5,7,0,0,8.828,64.798
2026-07-11 06:37:24,7,8,0,0,8.823,64.827
2026-07-11 06:37:38,5,5,0,0,8.812,64.806
2026-07-11 06:37:43,5,5,0,0,8.815,64.808
2026-07-11 06:37:54,6,6,0,0,8.85,64.794
2026-07-11 06:38:05,7,7,0,0,8.812,64.777
2026-07-11 06:38:30,4,4,0,0,8.826,64.771
2026-07-11 06:38:35,4,4,0,0,8.826,64.769
2026-07-11 06:38:49,7,7,0,0,8.818,64.787
2026-07-11 06:38:55,5,5,0,0,8.812,64.775
2026-07-11 06:39:23,8,8,0,0,8.845,64.748
2026-07-11 06:39:27,8,8,0,0,8.834,64.766
2026-07-11 06:39:33,7,7,0,0,8.823,64.745
2026-07-11 06:39:37,4,4,0,0,8.828,64.726
2026-07-11 06:39:48,4,5,0,0,8.831,64.731
2026-07-11 06:39:51,5,5,0,0,8.826,64.716
2026-07-11 06:40:22,7,8,0,0,8.828,64.691
2026-07-11 06:40:53,3,3,0,0,8.828,64.659
2026-07-11 06:41:12,5,5,0,0,8.831,64.651
2026-07-11 06:41:29,4,4,0,0,8.812,64.649
2026-07-11 06:42:23,5,5,0,0,8.812,64.63
2026-07-11 06:42:25,5,5,0,0,8.823,64.653
2026-07-11 06:42:57,5,5,0,0,8.812,64.655
2026-07-11 06:43:30,5,5,0,0,8.794,64.63
2026-07-11 06:43:32,5,5,0,0,8.812,64.623
2026-07-11 06:44:11,5,5,0,0,8.804,64.647
2026-07-11 06:44:18,5,5,0,0,8.796,64.684
2026-07-11 06:44:27,7,7,0,0,8.794,64.647
2026-07-11 06:46:12,5,7,0,0,8.791,64.716
2026-07-11 06:46:17,5,8,0,0,8.78,64.741
2026-07-11 06:47:07,8,8,0,0,8.759,64.794
2026-07-11 06:47:25,10,10,0,0,8.762,64.779
2026-07-11 06:47:31,9,9,0,0,8.751,64.777
2026-07-11 06:47:34,8,8,0,0,8.746,64.794
2026-07-11 06:47:36,8,8,0,0,8.762,64.779
2026-07-11 06:47:44,7,7,0,0,8.754,64.8
2026-07-11 06:48:12,8,9,0,0,8.748,64.855
2026-07-11 06:48:55,8,8,0,0,8.756,64.893
2026-07-11 06:48:59,9,9,0,0,8.751,64.905
2026-07-11 06:49:31,12,12,0,0,8.74,64.912
2026-07-11 06:49:35,10,10,0,0,8.756,64.943
2026-07-11 06:50:31,13,13,0,0,8.748,64.947
2026-07-11 06:50:54,12,14,0,0,8.708,64.951
2026-07-11 06:51:00,13,14,0,0,8.719,64.972
2026-07-11 06:51:35,9,9,0,0,8.73,64.966
2026-07-11 06:52:21,10,10,0,0,8.748,64.954
2026-07-11 06:52:25,10,10,0,0,8.746,64.972
2026-07-11 06:56:52,9,9,0,0,8.764,65.031
2026-07-11 06:57:25,7,7,0,0,8.743,65.075
2026-07-11 07:00:20,4,5,0,0,8.767,65.456
2026-07-11 07:02:25,7,7,0,0,8.807,65.37
2026-07-11 07:07:25,7,7,0,0,8.85,64.811
2026-07-11 07:12:25,22,22,0,0,8.831,64.684
2026-07-11 07:17:25,18,20,0,0,8.794,64.712
2026-07-11 07:21:20,21,22,0,0,8.732,64.743
2026-07-11 07:22:25,10,13,0,0,8.727,64.712
2026-07-11 07:27:25,7,7,0,0,8.676,64.792
2026-07-11 07:32:25,7,7,0,0,8.588,65.004
2026-07-11 07:33:23,7,8,0,0,8.577,65.078
2026-07-11 07:35:48,5,5,0,0,8.529,65.122
2026-07-11 07:36:24,7,7,0,0,8.513,65.153
2026-07-11 07:36:30,7,8,0,0,8.513,65.132
2026-07-11 07:36:40,7,7,0,0,8.527,65.151
2026-07-11 07:37:10,5,5,0,0,8.503,65.147
2026-07-11 07:37:16,5,5,0,0,8.505,65.178
2026-07-11 07:37:25,7,8,0,0,8.505,65.181
2026-07-11 07:37:44,7,7,0,0,8.497,65.168
2026-07-11 07:37:47,9,9,0,0,8.473,65.191
2026-07-11 07:37:51,9,9,0,0,8.487,65.199
2026-07-11 07:37:53,9,9,0,0,8.487,65.21
2026-07-11 07:38:24,7,8,0,0,8.476,65.227
2026-07-11 07:38:30,7,7,0,0,8.473,65.239
2026-07-11 07:38:39,5,7,0,0,8.487,65.223
2026-07-11 07:39:07,4,7,0,0,8.476,65.256
2026-07-11 07:39:11,5,7,0,0,8.463,65.254
2026-07-11 07:39:45,5,7,0,0,8.449,65.269
2026-07-11 07:39:47,5,7,0,0,8.46,65.283
2026-07-11 07:40:25,7,7,0,0,8.431,65.307
2026-07-11 07:40:33,5,5,0,0,8.444,65.317
2026-07-11 07:40:43,4,7,0,0,8.423,65.342
2026-07-11 07:41:09,5,5,0,0,8.423,65.365
2026-07-11 07:41:15,4,4,0,0,8.428,65.359
2026-07-11 07:41:49,4,5,0,0,8.423,65.361
2026-07-11 07:41:55,4,7,0,0,8.412,65.399
2026-07-11 07:41:59,4,5,0,0,8.407,65.365
2026-07-11 07:42:02,4,5,0,0,8.401,65.365
2026-07-11 07:42:07,4,4,0,0,8.401,65.391
2026-07-11 07:42:25,4,4,0,0,8.409,65.407
2026-07-11 07:42:33,4,4,0,0,8.401,65.405
2026-07-11 07:43:49,4,4,0,0,8.393,65.462
2026-07-11 07:47:25,3,3,0,0,8.337,65.578
2026-07-11 07:52:25,4,4,0,0,8.249,65.708
2026-07-11 07:54:49,5,5,0,0,8.188,65.942
2026-07-11 07:56:40,4,4,0,0,8.118,65.992
2026-07-11 07:57:25,6,7,0,0,8.134,66.038
2026-07-11 08:01:37,8,8,0,0,8.081,66.189
2026-07-11 08:02:25,13,13,0,0,8.073,66.242
2026-07-11 08:06:29,14,14,0,0,8.035,66.494
2026-07-11 08:06:35,14,14,0,0,8.041,66.494
2026-07-11 08:07:25,15,17,0,0,8.049,66.519
2026-07-11 08:10:20,18,20,0,0,8.017,66.616
2026-07-11 08:10:41,19,21,0,0,8.014,66.633
2026-07-11 08:12:25,21,22,0,0,7.979,66.715
2026-07-11 08:12:47,20,21,0,0,7.993,66.778
2026-07-11 08:17:25,19,19,0,0,8.019,67.188
2026-07-11 08:21:20,15,17,0,0,8.38,66.717
2026-07-11 08:22:25,14,15,0,0,8.516,66.379
2026-07-11 08:25:03,23,26,0,0,8.807,65.542
2026-07-11 08:26:24,24,27,0,0,8.957,64.968
2026-07-11 08:27:01,25,25,0,0,9.05,64.684
2026-07-11 08:27:25,24,26,0,0,9.109,64.537
2026-07-11 08:29:29,38,39,0,0,9.373,63.745
2026-07-11 08:32:25,35,35,0,0,9.584,63.263
2026-07-11 08:34:57,28,28,0,0,9.718,63.465
2026-07-11 08:36:33,22,22,0,0,9.833,63.396
2026-07-11 08:36:48,22,22,0,0,9.843,63.358
2026-07-11 08:37:25,21,21,0,0,9.891,63.299
2026-07-11 08:40:21,21,21,0,0,10.081,62.986
2026-07-11 08:42:25,16,17,0,0,10.118,62.822
2026-07-11 08:47:25,25,25,0,0,10.148,62.696
2026-07-11 08:49:43,25,25,0,0,10.166,62.677
2026-07-11 08:51:11,25,27,0,0,10.182,62.675
2026-07-11 08:52:25,28,28,0,0,10.19,62.692
2026-07-11 08:57:25,25,25,0,0,10.335,62.595
2026-07-11 09:02:25,27,27,0,0,10.484,62.238
2026-07-11 09:07:25,28,28,0,0,10.708,61.832
2026-07-11 09:08:49,27,28,0,0,10.807,61.666
2026-07-11 09:08:53,27,28,0,0,10.789,61.676
2026-07-11 09:12:25,32,32,0,0,10.991,61.163
2026-07-11 09:13:53,27,27,0,0,11.096,60.876
2026-07-11 09:14:11,28,29,0,0,11.12,60.836
2026-07-11 09:17:25,27,28,0,0,11.296,60.468
2026-07-11 09:22:25,24,26,0,0,11.6,59.915
2026-07-11 09:24:54,31,31,0,0,11.728,59.743
2026-07-11 09:27:25,28,28,0,0,11.907,59.492
2026-07-11 09:31:35,25,25,0,0,12.156,59.156
2026-07-11 09:32:25,25,25,0,0,12.217,59.169
2026-07-11 09:34:15,29,31,0,0,12.343,58.931
2026-07-11 09:37:25,28,28,0,0,12.559,58.664
2026-07-11 09:42:25,21,21,0,0,12.909,57.663
2026-07-11 09:47:25,15,17,0,0,13.232,56.64
2026-07-11 09:52:25,19,20,0,0,13.55,56.076
2026-07-11 09:53:06,20,21,0,0,13.614,55.921
2026-07-11 09:54:15,19,19,0,0,13.656,55.816
2026-07-11 09:55:40,21,21,0,0,13.758,55.662
2026-07-11 09:55:52,21,23,0,0,13.755,55.622
2026-07-11 09:57:25,23,23,0,0,13.865,55.46
2026-07-11 09:58:38,25,26,0,0,13.956,55.36
2026-07-11 09:59:55,27,29,0,0,14.062,55.141
2026-07-11 10:02:25,25,27,0,0,14.225,54.845
2026-07-11 10:04:59,27,27,0,0,14.407,54.313
2026-07-11 10:07:25,25,26,0,0,14.57,53.957
2026-07-11 10:12:25,18,19,0,0,14.946,53.23
2026-07-11 10:14:31,18,19,0,0,15.085,53.052
2026-07-11 10:16:26,18,18,0,0,15.24,52.789
2026-07-11 10:17:25,13,16,0,0,15.317,52.738
2026-07-11 10:20:56,7,7,0,0,15.582,51.925
2026-07-11 10:21:26,5,6,0,0,15.622,51.876
2026-07-11 10:22:25,6,6,0,0,15.707,51.593
2026-07-11 10:24:45,6,6,0,0,15.883,51.139
2026-07-11 10:26:23,7,8,0,0,16.046,50.989
2026-07-11 10:27:26,7,8,0,0,16.105,50.729
2026-07-11 10:32:25,5,7,0,0,16.503,49.455
2026-07-11 10:37:25,5,6,0,0,16.917,48.314
2026-07-11 10:39:29,7,7,0,0,17.045,48.007
2026-07-11 10:41:29,8,8,0,0,17.184,47.746
2026-07-11 10:42:25,11,12,0,0,17.256,47.666
2026-07-11 10:46:06,11,11,0,0,17.507,47.208
2026-07-11 10:47:25,16,17,0,0,17.582,46.995
2026-07-11 10:49:51,22,23,0,0,17.753,46.813
2026-07-11 10:50:27,22,24,0,0,17.795,46.691
2026-07-11 10:52:25,25,26,0,0,17.926,46.462
2026-07-11 10:52:35,24,25,0,0,17.921,46.457
2026-07-11 10:57:25,17,19,0,0,18.265,45.556
2026-07-11 11:02:25,17,18,0,0,18.567,44.706
2026-07-11 11:06:32,9,11,0,0,18.813,43.914
2026-07-11 11:07:25,10,10,0,0,18.914,43.943
2026-07-11 11:12:25,5,6,0,0,19.2,43.245
2026-07-11 11:17:25,4,5,0,0,19.577,42.421
2026-07-11 11:17:29,6,6,0,0,19.582,42.362
2026-07-11 11:21:57,7,8,0,0,19.942,41.745
2026-07-11 11:22:25,8,8,0,0,19.953,41.751
2026-07-11 11:27:25,6,6,0,0,20.37,41.173
2026-07-11 11:32:25,4,4,0,0,20.749,40.407
2026-07-11 11:37:25,6,6,0,0,21.347,39.233
2026-07-11 11:42:25,6,6,0,0,22.295,37.902
2026-07-11 11:47:25,3,3,0,0,23.681,35.991
2026-07-11 11:52:25,1,1,0,0,25.136,33.427
2026-07-11 11:57:25,2,3,0,0,26.292,31.884
2026-07-11 11:57:27,2,2,0,0,26.332,31.863
2026-07-11 11:58:53,2,2,0,0,26.613,31.531
2026-07-11 12:02:25,3,4,0,0,27.414,30.656
2026-07-11 12:07:25,1,1,0,0,28.538,29.185
2026-07-11 12:12:25,0,1,0,0,29.465,27.442
2026-07-11 12:13:33,0,0,0,0,29.622,27.385
2026-07-11 12:15:04,0,0,0,0,29.815,26.988
2026-07-11 12:17:25,1,1,0,0,30.042,26.599
2026-07-11 12:19:16,0,0,0,0,30.226,26.418
2026-07-11 12:20:42,0,0,0,0,30.341,26.256
2026-07-11 12:22:25,0,0,0,0,30.546,25.96
2026-07-11 12:25:52,0,0,0,0,30.84,25.325
2026-07-11 12:27:25,0,0,0,0,30.933,25.25
2026-07-11 12:27:41,0,0,0,0,30.974,25.159
2026-07-11 12:29:20,0,0,0,0,31.131,24.88
2026-07-11 12:30:06,0,0,0,0,31.19,24.909
2026-07-11 12:31:03,0,0,0,0,31.278,24.894
2026-07-11 12:32:25,0,0,0,0,31.422,24.915
2026-07-11 12:37:25,0,0,0,0,31.884,23.854
2026-07-11 12:42:25,0,0,0,0,32.106,23.686
2026-07-11 12:47:25,0,0,0,0,32.429,23.267
2026-07-11 12:52:25,0,0,0,0,32.771,22.883
2026-07-11 12:57:25,0,0,0,0,32.96,22.695
2026-07-11 13:02:25,0,0,0,0,33.145,22.338
2026-07-11 13:07:26,0,0,0,0,33.639,22.18
2026-07-11 13:12:25,0,0,0,0,34.095,21.842
2026-07-11 13:17:25,0,0,0,0,34.442,21.232
2026-07-11 13:22:25,0,0,0,0,34.645,20.987
2026-07-11 13:27:25,0,0,0,0,34.984,20.583
2026-07-11 13:32:26,0,0,0,0,35.43,20.289
2026-07-11 13:37:26,0,0,0,0,35.884,19.91
2026-07-11 13:42:05,0,0,0,0,36.237,19.605
2026-07-11 13:42:26,0,0,0,0,36.263,19.608
2026-07-11 13:47:26,0,0,0,0,36.365,19.494
2026-07-11 13:52:26,0,0,0,0,36.362,19.494
2026-07-11 13:57:26,15,16,0,0,36.253,19.919
2026-07-11 14:02:26,5,5,0,0,36.039,20.205
2026-07-11 14:07:26,33,38,0,0,35.788,20.154
2026-07-11 14:12:25,2,2,0,0,35.558,20.457
2026-07-11 14:15:36,0,0,0,0,35.513,20.299
2026-07-11 14:17:26,9,9,0,0,35.428,20.354
2026-07-11 14:22:26,1,1,0,0,35.329,20.28
2026-07-11 14:27:26,0,0,0,0,35.307,20.27
2026-07-11 14:32:26,6,8,0,0,35.243,20.518
2026-07-11 14:37:26,7,7,0,0,35.227,20.505
2026-07-11 14:42:26,8,8,0,0,35.305,20.648
2026-07-11 14:45:36,9,9,0,0,35.323,20.482
2026-07-11 14:47:26,11,11,0,0,35.302,20.501
2026-07-11 14:52:26,5,6,0,0,35.19,20.959
2026-07-11 14:57:26,0,0,0,0,34.939,21.045
2026-07-11 15:02:26,0,0,0,0,34.699,20.703
2026-07-11 15:07:26,0,0,0,0,34.343,20.93
2026-07-11 15:12:26,0,0,0,0,34.018,20.978
2026-07-11 15:17:26,0,0,0,0,33.566,20.841
2026-07-11 15:22:26,0,0,0,0,33.107,21.266
2026-07-11 15:23:37,0,0,0,0,32.987,21.361
2026-07-11 15:27:26,0,0,0,0,32.699,21.562
2026-07-11 15:32:26,0,0,0,0,32.327,21.722
2026-07-11 15:37:26,0,0,0,0,32.004,22.13
2026-07-11 15:42:26,0,0,0,0,31.724,22.62
2026-07-11 15:47:26,0,0,0,0,31.476,22.883
2026-07-11 15:52:26,0,0,0,0,31.275,22.811
2026-07-11 15:57:26,0,0,0,0,30.96,22.849
2026-07-11 16:03:23,0,0,0,0,30.568,23.297
2026-07-11 16:06:12,0,0,0,0,30.285,23.564
2026-07-11 16:07:52,0,0,0,0,30.178,23.578
2026-07-11 16:12:26,0,0,0,0,29.823,23.896
2026-07-11 16:16:13,0,0,0,0,29.55,24.102
2026-07-11 16:17:26,0,0,0,0,29.451,24.203
2026-07-11 16:22:26,0,0,0,0,28.973,24.768
2026-07-11 16:22:42,0,0,0,0,28.931,24.747
2026-07-11 16:27:26,0,0,0,0,28.391,25.254
2026-07-11 16:32:26,0,0,0,0,27.831,25.712
2026-07-11 16:37:26,0,0,0,0,27.339,26.252
2026-07-11 16:42:26,0,0,0,0,26.957,26.713
2026-07-11 16:47:26,0,0,0,0,26.624,27.173
2026-07-11 16:52:26,0,0,0,0,26.186,27.789
2026-07-11 16:57:26,0,0,0,0,25.774,28.102
2026-07-11 17:02:26,0,0,0,0,25.363,28.653
2026-07-11 17:05:44,1,1,0,0,25.088,29.094
2026-07-11 17:07:26,0,0,0,0,24.963,29.388
2026-07-11 17:12:26,1,1,0,0,24.559,30.154
2026-07-11 17:17:26,1,2,0,0,24.148,31.036
2026-07-11 17:22:26,0,0,0,0,23.734,31.829
2026-07-11 17:27:26,0,0,0,0,23.326,32.418
2026-07-11 17:32:27,0,0,0,0,22.944,32.937
2026-07-11 17:37:15,0,0,0,0,22.581,33.418
2026-07-11 17:37:26,0,1,0,0,22.573,33.458
2026-07-11 17:42:27,0,0,0,0,22.234,33.719
2026-07-11 17:43:14,0,0,0,0,22.191,33.807
2026-07-11 17:43:55,0,0,0,0,22.153,33.841
2026-07-11 17:46:07,0,0,0,0,22.023,34.009
2026-07-11 17:47:15,0,0,0,0,21.956,34.141
2026-07-11 17:47:27,0,1,0,0,21.972,34.16
2026-07-11 17:48:14,0,0,0,0,21.921,34.249
2026-07-11 17:48:44,0,1,0,0,21.892,34.27
2026-07-11 17:52:27,1,1,0,0,21.654,34.442
2026-07-11 17:57:26,1,1,0,0,21.272,34.949
2026-07-11 18:02:27,0,1,0,0,20.866,35.529
2026-07-11 18:05:17,1,1,0,0,20.658,35.812
2026-07-11 18:07:26,0,0,0,0,20.498,36.102
2026-07-11 18:11:33,0,0,0,0,20.204,36.807
2026-07-11 18:12:07,0,0,0,0,20.159,36.88
2026-07-11 18:12:26,0,0,0,0,20.156,36.947
2026-07-11 18:13:25,0,0,0,0,20.089,37.004
2026-07-11 18:14:08,0,0,0,0,20.055,37.103
2026-07-11 18:14:15,0,0,0,0,20.028,37.124
2026-07-11 18:17:26,5,5,0,0,19.862,37.282
2026-07-11 18:17:41,2,2,0,0,19.836,37.282
2026-07-11 18:18:11,4,5,0,0,19.82,37.355
2026-07-11 18:19:30,1,2,0,0,19.737,37.448
2026-07-11 18:22:26,0,0,0,0,19.614,37.75
2026-07-11 18:22:43,0,0,0,0,19.558,37.769
2026-07-11 18:27:26,0,0,0,0,19.318,38.45
2026-07-11 18:27:44,0,0,0,0,19.285,38.461
2026-07-11 18:30:40,0,0,0,0,19.141,38.766
2026-07-11 18:32:04,0,0,0,0,19.061,38.823
2026-07-11 18:32:26,1,1,0,0,19.037,38.888
2026-07-11 18:37:26,2,2,0,0,18.794,39.495
2026-07-11 18:42:26,0,0,0,0,18.631,39.85
2026-07-11 18:47:26,1,1,0,0,18.565,39.769
2026-07-11 18:52:26,0,0,0,0,18.45,39.886
2026-07-11 18:57:26,0,0,0,0,18.263,40.189
2026-07-11 18:58:18,0,0,0,0,18.241,40.292
2026-07-11 19:02:26,0,0,0,0,18.121,40.546
2026-07-11 19:07:27,0,0,0,0,17.985,40.845
2026-07-11 19:12:26,1,1,0,0,17.854,41.242
2026-07-11 19:17:26,1,1,0,0,17.726,41.66
2026-07-11 19:22:29,2,2,0,0,17.651,41.839
2026-07-11 19:27:27,1,1,0,0,17.534,42.104
2026-07-11 19:32:27,3,3,0,0,17.478,42.392
2026-07-11 19:37:26,4,6,0,0,17.443,42.163
2026-07-11 19:42:27,4,4,0,0,17.368,42.194
2026-07-11 19:47:27,30,31,0,0,17.251,42.568
2026-07-11 19:52:27,3,4,0,0,17.155,42.785
2026-07-11 19:55:19,5,5,0,0,17.077,42.59
2026-07-11 19:57:27,3,4,0,0,17.032,42.484
2026-07-11 20:02:26,4,4,0,0,16.941,42.745
2026-07-11 20:03:49,4,4,0,0,16.925,42.808
2026-07-11 20:07:27,3,3,0,0,16.925,42.873
2026-07-11 20:12:27,4,4,0,0,16.93,42.758
2026-07-11 20:17:27,8,9,0,0,16.957,42.699
2026-07-11 20:22:27,14,14,0,0,16.901,42.85
2026-07-11 20:23:50,11,11,0,0,16.85,42.966
2026-07-11 20:27:27,6,6,0,0,16.733,42.983
2026-07-11 20:32:27,4,4,0,0,16.591,42.848
2026-07-11 20:33:51,4,5,0,0,16.556,42.945
2026-07-11 20:35:27,4,4,0,0,16.492,43.243
2026-07-11 20:37:27,5,5,0,0,16.412,43.43
2026-07-11 20:40:33,5,5,0,0,16.297,43.607
2026-07-11 20:41:19,5,6,0,0,16.249,43.712
2026-07-11 20:42:27,6,7,0,0,16.217,43.836
2026-07-11 20:42:29,6,7,0,0,16.196,43.802
2026-07-11 20:43:50,7,7,0,0,16.121,43.968
2026-07-11 20:45:11,6,7,0,0,16.068,44.156
2026-07-11 20:47:27,8,9,0,0,15.969,44.387
2026-07-11 20:52:26,12,13,0,0,15.734,44.98
2026-07-11 20:52:27,12,13,0,0,15.739,44.944
2026-07-11 20:53:27,17,18,0,0,15.702,45.07
2026-07-11 20:56:19,22,22,0,0,15.595,45.339
2026-07-11 20:57:28,20,22,0,0,15.555,45.368
2026-07-11 21:00:22,15,15,0,0,15.494,45.442
2026-07-11 21:02:28,15,17,0,0,15.44,45.482
2026-07-11 21:04:00,15,17,0,0,15.403,45.547
2026-07-11 21:05:36,7,7,0,0,15.408,45.602
2026-07-11 21:06:10,7,7,0,0,15.406,45.61
2026-07-11 21:07:28,7,8,0,0,15.416,45.614
2026-07-11 21:08:39,9,9,0,0,15.424,45.623
2026-07-11 21:09:46,9,9,0,0,15.443,45.629
2026-07-11 21:10:18,11,12,0,0,15.443,45.596
2026-07-11 21:12:18,9,9,0,0,15.459,45.612
2026-07-11 21:12:28,8,9,0,0,15.48,45.617
2026-07-11 21:13:35,13,13,0,0,15.462,45.568
2026-07-11 21:15:08,15,15,0,0,15.488,45.549
2026-07-11 21:17:28,31,32,0,0,15.462,45.535
2026-07-11 21:22:21,133,141,0,0,15.392,45.719
2026-07-11 21:22:28,119,127,0,0,15.4,45.74
2026-07-11 21:24:23,51,63,0,0,15.323,45.835
2026-07-11 21:27:28,38,44,0,0,15.237,45.953
2026-07-11 21:27:29,38,44,0,0,15.229,45.923
2026-07-11 21:30:28,31,35,0,0,15.114,46.34
2026-07-11 21:31:08,28,28,0,0,15.061,46.398
2026-07-11 21:32:23,29,30,0,0,15.013,46.476
2026-07-11 21:32:28,29,30,0,0,15.037,46.491
2026-07-11 21:37:28,18,19,0,0,14.695,47
2026-07-11 21:37:53,16,18,0,0,14.674,47.031
2026-07-11 21:39:39,9,11,0,0,14.575,47.344
2026-07-11 21:42:28,12,13,0,0,14.415,47.693
2026-07-11 21:45:22,9,9,0,0,14.255,48.065
2026-07-11 21:45:35,11,11,0,0,14.244,48.108
2026-07-11 21:47:28,7,8,0,0,14.172,48.24
2026-07-11 21:48:38,8,8,0,0,14.094,48.313
2026-07-11 21:50:04,6,6,0,0,14.054,48.417
2026-07-11 21:51:03,7,7,0,0,13.988,48.536
2026-07-11 21:52:17,6,8,0,0,13.969,48.576
2026-07-11 21:52:28,6,6,0,0,13.95,48.601
2026-07-11 21:53:49,6,7,0,0,13.902,48.828
2026-07-11 21:57:28,6,7,0,0,13.809,49.074
2026-07-11 21:58:54,7,7,0,0,13.782,49.2
2026-07-11 22:02:25,17,17,0,0,13.707,49.272
2026-07-11 22:02:28,18,18,0,0,13.699,49.282
2026-07-11 22:07:28,29,32,0,0,13.614,49.491
2026-07-11 22:08:28,229,252,0,0,13.6,49.591
2026-07-11 22:11:31,26,27,0,0,13.534,49.663
2026-07-11 22:12:28,24,25,0,0,13.51,49.779
2026-07-11 22:13:26,21,21,0,0,13.496,49.798
2026-07-11 22:15:56,18,20,0,0,13.47,49.749
2026-07-11 22:17:28,21,23,0,0,13.432,49.873
2026-07-11 22:18:25,20,21,0,0,13.443,49.877
2026-07-11 22:19:57,19,20,0,0,13.424,49.898
2026-07-11 22:22:28,21,21,0,0,13.437,49.751
2026-07-11 22:24:25,11,11,0,0,13.443,49.701
2026-07-11 22:26:31,11,11,0,0,13.411,49.835
2026-07-11 22:26:57,9,11,0,0,13.373,49.892
2026-07-11 22:27:28,9,9,0,0,13.363,49.905
2026-07-11 22:28:24,8,8,0,0,13.344,49.978
2026-07-11 22:32:28,15,15,0,0,13.216,50.394
2026-07-11 22:33:45,15,15,0,0,13.138,50.552
2026-07-11 22:35:55,24,27,0,0,13.09,50.912
2026-07-11 22:37:28,20,20,0,0,13.064,51.082
2026-07-11 22:41:58,24,24,0,0,13,51.17
2026-07-11 22:42:28,21,23,0,0,13.005,51.166
2026-07-11 22:47:28,25,26,0,0,12.994,51.16
2026-07-11 22:49:58,31,32,0,0,12.967,51.143
2026-07-11 22:52:28,28,28,0,0,12.927,51.176
2026-07-11 22:57:28,31,32,0,0,12.85,51.296
2026-07-11 23:02:28,31,33,0,0,12.735,51.475
2026-07-11 23:03:28,31,31,0,0,12.743,51.486
2026-07-11 23:07:28,28,28,0,0,12.636,51.595
2026-07-11 23:12:28,25,25,0,0,12.588,51.692
2026-07-11 23:17:28,27,27,0,0,12.495,51.908
2026-07-11 23:22:28,19,20,0,0,12.353,52.268
2026-07-11 23:27:01,15,15,0,0,12.225,52.637
2026-07-11 23:27:28,15,16,0,0,12.212,52.656
2026-07-11 23:32:28,18,20,0,0,12.076,52.976
2026-07-11 23:37:28,19,22,0,0,11.979,53.344
2026-07-11 23:41:59,20,21,0,0,11.878,53.586
2026-07-11 23:42:28,14,15,0,0,11.865,53.649
2026-07-11 23:47:28,16,17,0,0,11.723,54
2026-07-11 23:52:28,8,8,0,0,11.592,54.462
2026-07-11 23:57:28,13,13,0,0,11.477,54.557
2026-07-11 23:59:01,10,12,0,0,11.44,54.668
2026-07-12 00:01:31,12,12,0,0,11.413,54.779
2026-07-12 00:02:28,14,16,0,0,11.405,54.794
2026-07-12 00:04:01,12,12,0,0,11.381,54.832
2026-07-12 00:07:28,24,26,0,0,11.416,54.651
2026-07-12 00:09:36,24,26,0,0,11.392,54.563
2026-07-12 00:12:28,21,21,0,0,11.307,54.842
2026-07-12 00:17:28,25,28,0,0,11.232,55.13
2026-07-12 00:19:01,29,29,0,0,11.232,55.147
2026-07-12 00:22:28,29,31,0,0,11.216,55.25
2026-07-12 00:25:02,29,29,0,0,11.197,55.259
2026-07-12 00:27:28,25,26,0,0,11.208,55.267
2026-07-12 00:27:57,27,27,0,0,11.162,55.263
2026-07-12 00:32:28,21,22,0,0,11.17,55.524
2026-07-12 00:34:32,21,22,0,0,11.178,55.572
2026-07-12 00:35:01,21,21,0,0,11.197,55.563
2026-07-12 00:37:28,22,22,0,0,11.221,55.391
2026-07-12 00:39:03,24,25,0,0,11.25,55.297
2026-07-12 00:40:32,22,22,0,0,11.264,55.234
2026-07-12 00:42:02,24,25,0,0,11.269,55.168
2026-07-12 00:42:28,22,22,0,0,11.272,55.13
2026-07-12 00:47:28,22,22,0,0,11.258,55.038
2026-07-12 00:52:28,28,28,0,0,11.189,55.183
2026-07-12 00:52:38,27,27,0,0,11.208,55.179
2026-07-12 00:52:51,29,31,0,0,11.21,55.189
2026-07-12 00:57:28,29,30,0,0,11.149,55.135
2026-07-12 01:02:28,32,34,0,0,11.034,55.341
2026-07-12 01:02:48,33,37,0,0,11.048,55.448
2026-07-12 01:04:32,33,38,0,0,11.002,55.515
2026-07-12 01:06:25,38,41,0,0,10.97,55.66
2026-07-12 01:07:28,39,42,0,0,10.951,55.763
2026-07-12 01:07:32,39,42,0,0,10.957,55.753
2026-07-12 01:09:01,40,47,0,0,10.93,55.835
2026-07-12 01:10:02,39,45,0,0,10.927,55.891
2026-07-12 01:12:28,37,42,0,0,10.938,55.87
2026-07-12 01:12:40,37,42,0,0,10.89,55.856
2026-07-12 01:17:09,39,43,0,0,10.879,55.845
2026-07-12 01:17:28,39,42,0,0,10.853,55.873
2026-07-12 01:21:53,41,48,0,0,10.789,56.137
2026-07-12 01:22:16,44,50,0,0,10.759,56.144
2026-07-12 01:22:28,42,48,0,0,10.759,56.165
2026-07-12 01:23:01,44,52,0,0,10.754,56.203
2026-07-12 01:24:34,43,50,0,0,10.738,56.284
2026-07-12 01:27:28,44,50,0,0,10.687,56.491
2026-07-12 01:30:44,42,47,0,0,10.639,56.764
2026-07-12 01:32:09,39,44,0,0,10.626,56.84
2026-07-12 01:32:28,40,45,0,0,10.663,56.907
2026-07-12 01:32:30,39,44,0,0,10.647,56.892
2026-07-12 01:32:42,39,43,0,0,10.628,56.898
2026-07-12 01:36:34,39,46,0,0,10.604,56.848
2026-07-12 01:37:28,39,45,0,0,10.596,56.825
2026-07-12 01:37:30,39,45,0,0,10.575,56.842
2026-07-12 01:38:43,41,48,0,0,10.564,56.966
2026-07-12 01:42:28,44,52,0,0,10.5,57.188
2026-07-12 01:42:47,44,51,0,0,10.484,57.201
2026-07-12 01:43:04,40,48,0,0,10.5,57.191
2026-07-12 01:47:04,41,49,0,0,10.436,57.159
2026-07-12 01:47:28,40,45,0,0,10.439,57.188
2026-07-12 01:50:50,37,41,0,0,10.38,57.169
2026-07-12 01:52:28,36,39,0,0,10.345,57.249
2026-07-12 01:52:45,36,38,0,0,10.348,57.279
2026-07-12 01:56:54,32,32,0,0,10.294,57.281
2026-07-12 01:57:10,33,33,0,0,10.286,57.306
2026-07-12 01:57:28,33,33,0,0,10.284,57.291
2026-07-12 01:58:04,33,34,0,0,10.3,57.315
2026-07-12 02:02:28,20,20,0,0,10.212,57.289
2026-07-12 02:02:38,20,20,0,0,10.206,57.296
2026-07-12 02:07:28,12,14,0,0,10.118,57.472
2026-07-12 02:07:50,14,14,0,0,10.084,57.481
2026-07-12 02:10:04,12,12,0,0,10.014,57.54
2026-07-12 02:12:28,14,14,0,0,9.939,57.666
2026-07-12 02:17:28,10,12,0,0,9.8,57.914
2026-07-12 02:22:28,12,12,0,0,9.683,58.269
2026-07-12 02:27:28,8,8,0,0,9.587,58.841
2026-07-12 02:32:28,4,4,0,0,9.485,59.402
2026-07-12 02:34:38,4,5,0,0,9.464,59.621
2026-07-12 02:37:28,5,5,0,0,9.411,59.766
2026-07-12 02:42:29,6,6,0,0,9.371,59.9
2026-07-12 02:47:28,3,4,0,0,9.395,60.079
2026-07-12 02:52:28,3,4,0,0,9.44,59.919
2026-07-12 02:57:28,10,10,0,0,9.469,59.7
2026-07-12 03:02:28,27,27,0,0,9.413,59.171
2026-07-12 03:07:29,32,33,0,0,9.277,59.347
2026-07-12 03:12:28,41,48,0,0,9.144,59.854
2026-07-12 03:17:28,46,55,0,0,9.037,60.295
2026-07-12 03:22:28,46,56,0,0,8.986,60.571
2026-07-12 03:27:29,43,53,0,0,8.965,60.802
2026-07-12 03:31:44,44,50,0,0,8.93,60.865
2026-07-12 03:32:29,42,49,0,0,8.925,60.882
2026-07-12 03:36:46,42,52,0,0,8.895,60.848
2026-07-12 03:37:29,45,53,0,0,8.877,60.878
2026-07-12 03:37:34,44,53,0,0,8.879,60.854
2026-07-12 03:42:29,39,44,0,0,8.823,60.894
2026-07-12 03:44:32,38,45,0,0,8.791,60.966
2026-07-12 03:47:29,39,43,0,0,8.751,61.119
2026-07-12 03:52:29,37,41,0,0,8.706,61.437
2026-07-12 03:53:45,37,40,0,0,8.716,61.449
2026-07-12 03:57:29,37,39,0,0,8.722,61.538
2026-07-12 03:58:36,35,38,0,0,8.722,61.533
2026-07-12 04:02:29,35,38,0,0,8.727,61.571
2026-07-12 04:05:05,35,41,0,0,8.73,61.59
2026-07-12 04:07:29,34,39,0,0,8.727,61.548
2026-07-12 04:08:29,35,36,0,0,8.727,61.527
2026-07-12 04:10:37,37,38,0,0,8.732,61.493
2026-07-12 04:12:29,37,38,0,0,8.738,61.479
2026-07-12 04:16:10,37,39,0,0,8.7,61.561
2026-07-12 04:17:06,37,38,0,0,8.719,61.557
2026-07-12 04:17:29,34,36,0,0,8.695,61.584
2026-07-12 04:22:29,33,35,0,0,8.708,61.588
2026-07-12 04:27:29,28,29,0,0,8.719,61.668
2026-07-12 04:32:29,32,32,0,0,8.73,61.66
2026-07-12 04:37:29,33,34,0,0,8.679,61.369
2026-07-12 04:40:40,30,30,0,0,8.593,61.439
2026-07-12 04:42:29,31,33,0,0,8.551,61.571
2026-07-12 04:47:29,31,31,0,0,8.391,61.893
2026-07-12 04:52:29,29,29,0,0,8.268,62.349
2026-07-12 04:57:29,23,23,0,0,8.209,62.524
2026-07-12 05:02:29,22,23,0,0,8.174,62.547
2026-07-12 05:04:29,21,21,0,0,8.174,62.526
2026-07-12 05:04:33,21,22,0,0,8.161,62.507
2026-07-12 05:04:37,21,21,0,0,8.158,62.545
2026-07-12 05:04:44,21,22,0,0,8.153,62.519
2026-07-12 05:05:16,21,22,0,0,8.158,62.572
2026-07-12 05:05:28,21,22,0,0,8.169,62.591
2026-07-12 05:05:51,21,22,0,0,8.153,62.608
2026-07-12 05:06:05,22,24,0,0,8.158,62.633
2026-07-12 05:06:09,22,23,0,0,8.145,62.635
2026-07-12 05:06:31,21,22,0,0,8.15,62.654
2026-07-12 05:06:37,21,21,0,0,8.145,62.66
2026-07-12 05:07:15,21,21,0,0,8.174,62.694
2026-07-12 05:07:24,20,20,0,0,8.132,62.696
2026-07-12 05:07:29,20,20,0,0,8.148,62.719
2026-07-12 05:07:54,19,20,0,0,8.129,62.763
2026-07-12 05:08:36,18,20,0,0,8.137,62.862
2026-07-12 05:09:14,16,17,0,0,8.145,62.959
2026-07-12 05:09:22,15,16,0,0,8.129,62.992
2026-07-12 05:09:54,20,22,0,0,8.113,63.099
2026-07-12 05:10:36,22,22,0,0,8.134,63.224
2026-07-12 05:10:41,23,23,0,0,8.137,63.238
2026-07-12 05:10:54,22,22,0,0,8.118,63.299
2026-07-12 05:11:20,22,26,0,0,8.124,63.4
2026-07-12 05:11:22,24,26,0,0,8.118,63.457
2026-07-12 05:11:59,25,25,0,0,8.14,63.566
2026-07-12 05:12:01,26,26,0,0,8.118,63.566
2026-07-12 05:12:10,23,26,0,0,8.124,63.583
2026-07-12 05:12:29,22,26,0,0,8.129,63.598
2026-07-12 05:12:42,22,27,0,0,8.145,63.642
2026-07-12 05:17:29,25,27,0,0,8.292,63.902
2026-07-12 05:20:31,26,26,0,0,8.359,63.686
2026-07-12 05:20:33,25,25,0,0,8.359,63.678
2026-07-12 05:20:36,26,26,0,0,8.348,63.694
2026-07-12 05:20:49,22,23,0,0,8.321,63.678
2026-07-12 05:20:52,22,23,0,0,8.34,63.671
2026-07-12 05:20:59,22,22,0,0,8.35,63.688
2026-07-12 05:21:07,21,22,0,0,8.34,63.675
2026-07-12 05:21:19,21,22,0,0,8.359,63.682
2026-07-12 05:21:38,21,22,0,0,8.364,63.694
2026-07-12 05:21:50,22,23,0,0,8.35,63.669
2026-07-12 05:21:53,21,23,0,0,8.377,63.665
2026-07-12 05:22:01,21,23,0,0,8.38,63.644
2026-07-12 05:22:20,21,22,0,0,8.388,63.598
2026-07-12 05:22:22,21,22,0,0,8.385,63.635
2026-07-12 05:22:29,21,22,0,0,8.377,63.593
2026-07-12 05:22:53,23,23,0,0,8.38,63.535
2026-07-12 05:23:02,23,23,0,0,8.404,63.53
2026-07-12 05:23:09,23,23,0,0,8.404,63.541
2026-07-12 05:23:14,23,26,0,0,8.396,63.522
2026-07-12 05:23:19,23,23,0,0,8.412,63.516
2026-07-12 05:23:23,22,22,0,0,8.401,63.509
2026-07-12 05:23:29,21,22,0,0,8.412,63.497
2026-07-12 05:23:47,22,22,0,0,8.425,63.516
2026-07-12 05:24:08,22,23,0,0,8.407,63.429
2026-07-12 05:24:11,22,23,0,0,8.412,63.411
2026-07-12 05:27:29,22,22,0,0,8.497,63.104
2026-07-12 05:28:30,21,22,0,0,8.505,63.041
2026-07-12 05:28:33,21,22,0,0,8.495,63.038
2026-07-12 05:28:39,21,22,0,0,8.495,63.03
2026-07-12 05:28:45,21,22,0,0,8.532,63.034
2026-07-12 05:29:08,23,26,0,0,8.492,63.03
2026-07-12 05:29:13,23,23,0,0,8.489,63.024
2026-07-12 05:29:18,23,23,0,0,8.497,63.053
2026-07-12 05:29:27,22,22,0,0,8.492,63.005
2026-07-12 05:29:32,22,22,0,0,8.497,63.032
2026-07-12 05:29:35,23,23,0,0,8.479,63.047
2026-07-12 05:29:50,22,23,0,0,8.508,63.059
2026-07-12 05:30:06,21,21,0,0,8.527,63.047
2026-07-12 05:30:17,21,21,0,0,8.511,63.015
2026-07-12 05:30:24,21,21,0,0,8.503,63.036
2026-07-12 05:30:39,17,19,0,0,8.497,63.017
2026-07-12 05:31:06,18,21,0,0,8.524,63.028
2026-07-12 05:31:09,17,20,0,0,8.513,63.013
2026-07-12 05:31:38,15,18,0,0,8.5,63.032
2026-07-12 05:31:44,15,19,0,0,8.535,62.999
2026-07-12 05:31:58,20,21,0,0,8.535,62.992
2026-07-12 05:32:29,24,24,0,0,8.524,62.957
2026-07-12 05:32:40,21,21,0,0,8.519,62.946
2026-07-12 05:32:46,20,21,0,0,8.543,62.91
2026-07-12 05:32:53,20,21,0,0,8.516,62.894
2026-07-12 05:33:01,21,22,0,0,8.537,62.908
2026-07-12 05:34:16,18,19,0,0,8.553,62.78
2026-07-12 05:34:20,18,20,0,0,8.551,62.801
2026-07-12 05:37:29,10,13,0,0,8.591,62.656
2026-07-12 05:40:25,10,13,0,0,8.591,62.399
2026-07-12 05:40:42,12,12,0,0,8.577,62.381
2026-07-12 05:40:46,12,12,0,0,8.561,62.379
2026-07-12 05:41:09,13,13,0,0,8.583,62.309
2026-07-12 05:41:56,10,10,0,0,8.599,62.183
2026-07-12 05:42:09,8,9,0,0,8.604,62.151
2026-07-12 05:42:24,9,9,0,0,8.596,62.101
2026-07-12 05:42:29,9,9,0,0,8.577,62.101
2026-07-12 05:42:43,9,9,0,0,8.593,62.08
2026-07-12 05:43:03,8,8,0,0,8.588,62.069
2026-07-12 05:43:06,9,9,0,0,8.591,62.013
2026-07-12 05:43:12,10,10,0,0,8.585,62.025
2026-07-12 05:43:42,7,7,0,0,8.591,61.983
2026-07-12 05:43:46,7,7,0,0,8.607,61.948
2026-07-12 05:43:56,7,7,0,0,8.588,61.941
2026-07-12 05:44:00,7,7,0,0,8.577,61.918
2026-07-12 05:44:14,7,8,0,0,8.588,61.918
2026-07-12 05:44:28,5,7,0,0,8.58,61.884
2026-07-12 05:44:52,4,7,0,0,8.577,61.865
2026-07-12 05:45:06,7,8,0,0,8.561,61.83
2026-07-12 05:45:25,5,7,0,0,8.583,61.79
2026-07-12 05:45:40,5,5,0,0,8.583,61.763
2026-07-12 05:46:06,7,7,0,0,8.583,61.771
2026-07-12 05:46:26,5,8,0,0,8.596,61.739
2026-07-12 05:46:36,5,7,0,0,8.556,61.737
2026-07-12 05:46:55,5,5,0,0,8.572,61.739
2026-07-12 05:47:12,7,7,0,0,8.591,61.731
2026-07-12 05:47:29,4,5,0,0,8.583,61.729
2026-07-12 05:47:48,4,7,0,0,8.58,61.729
2026-07-12 05:47:53,4,5,0,0,8.561,61.725
2026-07-12 05:47:57,4,5,0,0,8.553,61.739
2026-07-12 05:48:00,4,5,0,0,8.575,61.744
2026-07-12 05:48:53,3,3,0,0,8.572,61.679
2026-07-12 05:48:57,4,4,0,0,8.561,61.672
2026-07-12 05:49:01,4,4,0,0,8.567,61.693
2026-07-12 05:49:28,3,3,0,0,8.577,61.687
2026-07-12 05:50:25,5,5,0,0,8.604,61.708
2026-07-12 05:51:03,3,5,0,0,8.596,61.683
2026-07-12 05:51:08,4,5,0,0,8.636,61.71
2026-07-12 05:51:18,4,4,0,0,8.623,61.708
2026-07-12 05:51:22,3,3,0,0,8.639,61.687
2026-07-12 05:51:36,3,3,0,0,8.615,61.693
2026-07-12 05:51:44,5,5,0,0,8.628,61.687
2026-07-12 05:52:04,4,4,0,0,8.634,61.651
2026-07-12 05:52:08,4,4,0,0,8.658,61.649
2026-07-12 05:52:11,4,4,0,0,8.65,61.655
2026-07-12 05:52:16,4,4,0,0,8.639,61.668
2026-07-12 05:52:26,4,4,0,0,8.65,61.662
2026-07-12 05:52:29,4,4,0,0,8.652,61.678
2026-07-12 05:52:53,4,5,0,0,8.666,61.653
2026-07-12 05:52:56,5,7,0,0,8.652,61.624
2026-07-12 05:53:12,4,4,0,0,8.674,61.624
2026-07-12 05:53:25,4,4,0,0,8.69,61.617
2026-07-12 05:53:32,4,4,0,0,8.687,61.611
2026-07-12 05:54:06,4,4,0,0,8.727,61.506
2026-07-12 05:54:12,4,4,0,0,8.714,61.494
2026-07-12 05:54:21,4,4,0,0,8.703,61.485
2026-07-12 05:54:24,4,5,0,0,8.7,61.491
2026-07-12 05:54:54,4,5,0,0,8.74,61.435
2026-07-12 05:54:56,5,5,0,0,8.73,61.397
2026-07-12 05:55:00,5,7,0,0,8.714,61.388
2026-07-12 05:55:04,5,7,0,0,8.74,61.386
2026-07-12 05:55:33,3,4,0,0,8.767,61.264
2026-07-12 05:55:38,3,3,0,0,8.767,61.247
2026-07-12 05:55:41,3,3,0,0,8.78,61.214
2026-07-12 05:55:47,2,4,0,0,8.77,61.206
2026-07-12 05:55:54,2,4,0,0,8.764,61.229
2026-07-12 05:56:15,3,3,0,0,8.772,61.14
2026-07-12 05:56:20,3,3,0,0,8.794,61.142
2026-07-12 05:56:55,3,4,0,0,8.81,61.046
2026-07-12 05:57:29,2,2,0,0,8.839,60.997
2026-07-12 05:57:34,2,2,0,0,8.839,60.997
2026-07-12 05:57:37,2,2,0,0,8.807,61.002
2026-07-12 05:57:40,2,2,0,0,8.831,60.989
2026-07-12 05:57:49,3,3,0,0,8.858,60.993
2026-07-12 05:58:54,3,3,0,0,8.919,60.848
2026-07-12 05:59:14,2,3,0,0,8.933,60.802
2026-07-12 05:59:38,2,3,0,0,8.935,60.751
2026-07-12 06:00:57,2,2,0,0,8.967,60.547
2026-07-12 06:01:35,3,4,0,0,9.031,60.476
2026-07-12 06:01:41,3,3,0,0,9.047,60.478
2026-07-12 06:02:14,3,3,0,0,9.045,60.363
2026-07-12 06:02:20,3,3,0,0,9.031,60.335
2026-07-12 06:02:23,3,3,0,0,9.053,60.318
2026-07-12 06:02:29,4,4,0,0,9.031,60.333
2026-07-12 06:02:57,3,4,0,0,9.058,60.27
2026-07-12 06:03:00,3,3,0,0,9.058,60.228
2026-07-12 06:03:38,2,5,0,0,9.09,60.129
2026-07-12 06:03:45,3,5,0,0,9.106,60.114
2026-07-12 06:04:18,2,2,0,0,9.117,59.984
2026-07-12 06:05:01,3,4,0,0,9.122,59.888
2026-07-12 06:05:14,2,3,0,0,9.122,59.833
2026-07-12 06:05:38,2,3,0,0,9.141,59.803
2026-07-12 06:05:43,3,4,0,0,9.133,59.772
2026-07-12 06:06:18,2,2,0,0,9.138,59.7
2026-07-12 06:06:31,2,3,0,0,9.141,59.688
2026-07-12 06:06:57,1,2,0,0,9.157,59.61
2026-07-12 06:07:02,1,2,0,0,9.162,59.585
2026-07-12 06:07:10,1,2,0,0,9.16,59.6
2026-07-12 06:07:22,1,2,0,0,9.165,59.564
2026-07-12 06:07:29,2,3,0,0,9.16,59.562
2026-07-12 06:07:38,2,2,0,0,9.17,59.547
2026-07-12 06:07:42,2,3,0,0,9.16,59.545
2026-07-12 06:08:30,1,1,0,0,9.192,59.402
2026-07-12 06:08:36,1,1,0,0,9.192,59.391
2026-07-12 06:09:06,1,2,0,0,9.181,59.352
2026-07-12 06:09:40,2,3,0,0,9.2,59.299
2026-07-12 06:09:44,2,3,0,0,9.205,59.291
2026-07-12 06:09:52,2,3,0,0,9.202,59.28
2026-07-12 06:10:22,2,2,0,0,9.197,59.234
2026-07-12 06:11:02,2,3,0,0,9.208,59.145
2026-07-12 06:11:20,3,3,0,0,9.229,59.141
2026-07-12 06:11:48,2,2,0,0,9.229,59.146
2026-07-12 06:12:21,2,2,0,0,9.218,59.089
2026-07-12 06:12:25,2,2,0,0,9.245,59.064
2026-07-12 06:12:29,2,2,0,0,9.221,59.074
2026-07-12 06:13:02,2,2,0,0,9.237,59.064
2026-07-12 06:13:15,2,2,0,0,9.24,59.082
2026-07-12 06:13:42,1,1,0,0,9.264,59.055
2026-07-12 06:15:04,1,1,0,0,9.264,58.977
2026-07-12 06:15:16,1,1,0,0,9.256,59.007
2026-07-12 06:15:42,1,2,0,0,9.261,58.992
2026-07-12 06:15:49,1,2,0,0,9.232,58.954
2026-07-12 06:15:55,2,2,0,0,9.24,58.998
2026-07-12 06:16:00,3,3,0,0,9.24,58.946
2026-07-12 06:16:33,3,3,0,0,9.229,58.931
2026-07-12 06:17:03,1,2,0,0,9.258,58.891
2026-07-12 06:17:11,1,1,0,0,9.242,58.885
2026-07-12 06:17:29,1,2,0,0,9.24,58.866
2026-07-12 06:17:45,2,3,0,0,9.258,58.91
2026-07-12 06:18:24,2,2,0,0,9.232,58.864
2026-07-12 06:18:33,3,3,0,0,9.232,58.864
2026-07-12 06:19:06,3,3,0,0,9.221,58.902
2026-07-12 06:19:47,2,2,0,0,9.237,58.935
2026-07-12 06:19:56,2,3,0,0,9.21,58.977
2026-07-12 06:20:25,2,2,0,0,9.213,58.973
2026-07-12 06:20:33,2,2,0,0,9.24,59.021
2026-07-12 06:20:41,2,3,0,0,9.213,59.038
2026-07-12 06:21:06,3,4,0,0,9.208,59
2026-07-12 06:21:13,3,4,0,0,9.205,59.011
2026-07-12 06:21:17,4,5,0,0,9.194,59.045
2026-07-12 06:21:46,4,4,0,0,9.186,59.095
2026-07-12 06:21:53,3,3,0,0,9.168,59.124
2026-07-12 06:21:57,3,3,0,0,9.17,59.126
2026-07-12 06:22:28,3,4,0,0,9.138,59.177
2026-07-12 06:22:29,3,4,0,0,9.149,59.158
2026-07-12 06:22:36,3,4,0,0,9.146,59.187
2026-07-12 06:23:12,3,3,0,0,9.144,59.229
2026-07-12 06:23:47,5,5,0,0,9.133,59.276
2026-07-12 06:23:50,5,5,0,0,9.122,59.301
2026-07-12 06:23:58,5,5,0,0,9.12,59.36
2026-07-12 06:24:26,4,4,0,0,9.112,59.345
2026-07-12 06:24:34,4,4,0,0,9.069,59.419
2026-07-12 06:24:44,4,4,0,0,9.082,59.393
2026-07-12 06:25:01,4,4,0,0,9.069,59.421
2026-07-12 06:25:30,4,4,0,0,9.047,59.417
2026-07-12 06:25:38,3,4,0,0,9.047,59.455
2026-07-12 06:25:46,4,5,0,0,9.055,59.446
2026-07-12 06:25:52,3,3,0,0,9.031,59.459
2026-07-12 06:25:54,3,3,0,0,9.031,59.459
2026-07-12 06:26:02,3,3,0,0,9.045,59.471
2026-07-12 06:26:09,3,3,0,0,9.034,59.484
2026-07-12 06:26:19,4,4,0,0,9.015,59.475
2026-07-12 06:26:24,4,4,0,0,9.031,59.509
2026-07-12 06:26:37,2,3,0,0,9.021,59.518
2026-07-12 06:26:41,3,4,0,0,9.01,59.503
2026-07-12 06:27:00,3,3,0,0,9.013,59.503
2026-07-12 06:27:17,2,2,0,0,8.978,59.517
2026-07-12 06:27:20,2,2,0,0,8.967,59.518
2026-07-12 06:27:26,2,2,0,0,8.989,59.496
2026-07-12 06:27:29,2,3,0,0,8.975,59.536
2026-07-12 06:27:42,2,3,0,0,8.973,59.536
2026-07-12 06:27:53,2,3,0,0,8.946,59.545
2026-07-12 06:28:02,2,4,0,0,8.962,59.543
2026-07-12 06:28:05,3,4,0,0,8.946,59.526
2026-07-12 06:28:18,3,3,0,0,8.941,59.547
2026-07-12 06:28:25,3,3,0,0,8.943,59.557
2026-07-12 06:28:44,4,5,0,0,8.943,59.555
2026-07-12 06:28:48,3,4,0,0,8.93,59.566
2026-07-12 06:29:22,3,3,0,0,8.909,59.574
2026-07-12 06:29:30,4,4,0,0,8.909,59.602
2026-07-12 06:29:41,4,4,0,0,8.893,59.593
2026-07-12 06:29:46,3,3,0,0,8.89,59.579
2026-07-12 06:29:53,3,3,0,0,8.879,59.616
2026-07-12 06:30:20,2,3,0,0,8.874,59.616
2026-07-12 06:30:25,3,4,0,0,8.866,59.629
2026-07-12 06:30:32,4,5,0,0,8.863,59.621
2026-07-12 06:30:39,3,4,0,0,8.866,59.631
2026-07-12 06:30:52,2,3,0,0,8.858,59.633
2026-07-12 06:30:55,2,3,0,0,8.85,59.648
2026-07-12 06:31:00,2,3,0,0,8.834,59.658
2026-07-12 06:31:05,1,2,0,0,8.839,59.661
2026-07-12 06:31:12,1,1,0,0,8.839,59.65
2026-07-12 06:31:22,1,1,0,0,8.842,59.677
2026-07-12 06:31:33,1,1,0,0,8.818,59.669
2026-07-12 06:31:42,1,1,0,0,8.812,59.7
2026-07-12 06:31:54,2,2,0,0,8.796,59.726
2026-07-12 06:32:02,2,2,0,0,8.788,59.751
2026-07-12 06:32:14,2,2,0,0,8.791,59.759
2026-07-12 06:32:30,1,1,0,0,8.791,59.808
2026-07-12 06:32:34,1,1,0,0,8.778,59.801
2026-07-12 06:32:38,1,1,0,0,8.807,59.81
2026-07-12 06:32:52,1,1,0,0,8.756,59.82
2026-07-12 06:33:22,0,0,0,0,8.783,59.867
2026-07-12 06:33:28,1,1,0,0,8.77,59.881
2026-07-12 06:33:46,0,0,0,0,8.764,59.917
2026-07-12 06:34:04,0,0,0,0,8.756,59.942
2026-07-12 06:34:27,0,0,0,0,8.775,59.94
2026-07-12 06:34:40,0,0,0,0,8.756,59.965
2026-07-12 06:34:44,0,0,0,0,8.778,59.944
2026-07-12 06:35:04,1,1,0,0,8.759,59.946
2026-07-12 06:35:20,2,2,0,0,8.778,59.97
2026-07-12 06:35:51,1,1,0,0,8.78,59.879
2026-07-12 06:36:18,1,1,0,0,8.783,59.759
2026-07-12 06:36:25,0,0,0,0,8.764,59.73
2026-07-12 06:36:36,0,0,0,0,8.775,59.702
2026-07-12 06:36:47,0,0,0,0,8.786,59.679
2026-07-12 06:36:57,0,0,0,0,8.799,59.644
2026-07-12 06:37:17,0,0,0,0,8.818,59.579
2026-07-12 06:37:29,1,1,0,0,8.823,59.505
2026-07-12 06:37:43,1,1,0,0,8.842,59.414
2026-07-12 06:37:48,1,1,0,0,8.828,59.417
2026-07-12 06:37:59,1,1,0,0,8.839,59.349
2026-07-12 06:38:13,1,1,0,0,8.858,59.27
2026-07-12 06:38:22,0,0,0,0,8.869,59.263
2026-07-12 06:38:30,0,0,0,0,8.871,59.223
2026-07-12 06:38:40,0,0,0,0,8.893,59.204
2026-07-12 06:39:55,1,1,0,0,8.957,58.815
2026-07-12 06:40:02,1,1,0,0,8.951,58.799
2026-07-12 06:40:08,1,1,0,0,8.967,58.794
2026-07-12 06:40:34,1,1,0,0,8.994,58.712
2026-07-12 06:40:41,1,1,0,0,8.999,58.66
2026-07-12 06:41:16,1,1,0,0,9.042,58.563
2026-07-12 06:41:18,1,2,0,0,9.026,58.551
2026-07-12 06:41:21,1,2,0,0,9.045,58.534
2026-07-12 06:41:29,1,2,0,0,9.047,58.508
2026-07-12 06:41:59,3,4,0,0,9.079,58.464
2026-07-12 06:42:02,3,4,0,0,9.077,58.445
2026-07-12 06:42:13,3,4,0,0,9.096,58.452
2026-07-12 06:42:30,1,3,0,0,9.12,58.38
2026-07-12 06:42:35,1,3,0,0,9.136,58.382
2026-07-12 06:42:53,2,3,0,0,9.144,58.315
2026-07-12 06:43:17,1,2,0,0,9.146,58.275
2026-07-12 06:43:24,1,1,0,0,9.144,58.25
2026-07-12 06:43:28,1,1,0,0,9.189,58.242
2026-07-12 06:43:36,1,1,0,0,9.181,58.195
2026-07-12 06:43:43,1,1,0,0,9.184,58.225
2026-07-12 06:44:02,1,2,0,0,9.197,58.174
2026-07-12 06:44:42,1,2,0,0,9.25,58.021
2026-07-12 06:45:18,2,2,0,0,9.277,57.897
2026-07-12 06:45:21,2,2,0,0,9.285,57.901
2026-07-12 06:45:26,2,2,0,0,9.298,57.922
2026-07-12 06:45:29,2,2,0,0,9.272,57.88
2026-07-12 06:46:39,3,3,0,0,9.347,57.68
2026-07-12 06:46:41,3,3,0,0,9.344,57.647
2026-07-12 06:46:46,2,2,0,0,9.328,57.64
2026-07-12 06:46:53,2,2,0,0,9.357,57.613
2026-07-12 06:47:19,1,1,0,0,9.392,57.546
2026-07-12 06:47:29,3,4,0,0,9.376,57.539
2026-07-12 06:48:01,3,3,0,0,9.387,57.439
2026-07-12 06:48:06,3,3,0,0,9.387,57.403
2026-07-12 06:52:30,2,2,0,0,9.469,56.995
2026-07-12 06:57:30,4,4,0,0,9.371,57.523
2026-07-12 07:00:47,3,4,0,0,9.274,58.164
2026-07-12 07:00:59,4,5,0,0,9.234,58.208
2026-07-12 07:01:29,7,7,0,0,9.192,58.315
2026-07-12 07:01:40,5,5,0,0,9.218,58.382
2026-07-12 07:02:04,5,6,0,0,9.181,58.485
2026-07-12 07:02:08,5,5,0,0,9.189,58.445
2026-07-12 07:02:30,5,5,0,0,9.2,58.538
2026-07-12 07:04:11,6,8,0,0,9.146,58.797
2026-07-12 07:04:57,4,5,0,0,9.106,58.851
2026-07-12 07:05:03,4,5,0,0,9.096,58.849
2026-07-12 07:05:25,5,5,0,0,9.082,58.876
2026-07-12 07:05:31,5,5,0,0,9.082,58.876
2026-07-12 07:06:08,5,7,0,0,9.069,58.918
2026-07-12 07:06:27,7,7,0,0,9.063,58.99
2026-07-12 07:06:47,5,5,0,0,9.034,59.019
2026-07-12 07:07:27,5,5,0,0,9.061,59.082
2026-07-12 07:07:29,5,5,0,0,9.031,59.072
2026-07-12 07:07:33,5,7,0,0,9.018,59.084
2026-07-12 07:10:15,4,5,0,0,8.943,59.398
2026-07-12 07:11:24,7,7,0,0,8.919,59.484
2026-07-12 07:12:30,7,7,0,0,8.89,59.621
2026-07-12 07:15:31,8,8,0,0,8.802,59.78
2026-07-12 07:17:29,5,7,0,0,8.759,59.89
2026-07-12 07:22:29,3,3,0,0,8.588,60.03
2026-07-12 07:27:29,5,5,0,0,8.604,59.778
2026-07-12 07:31:12,3,3,0,0,8.639,59.618
2026-07-12 07:31:31,3,4,0,0,8.647,59.608
2026-07-12 07:31:35,3,4,0,0,8.655,59.623
2026-07-12 07:31:38,3,4,0,0,8.655,59.578
2026-07-12 07:32:18,4,4,0,0,8.676,59.549
2026-07-12 07:32:29,4,4,0,0,8.666,59.534
2026-07-12 07:32:53,3,3,0,0,8.674,59.501
2026-07-12 07:32:57,3,3,0,0,8.69,59.488
2026-07-12 07:33:10,3,3,0,0,8.692,59.465
2026-07-12 07:33:39,3,3,0,0,8.674,59.427
2026-07-12 07:33:42,3,3,0,0,8.676,59.423
2026-07-12 07:33:49,3,3,0,0,8.676,59.417
2026-07-12 07:33:55,3,3,0,0,8.687,59.41
2026-07-12 07:37:29,4,4,0,0,8.74,59.81
2026-07-12 07:41:01,5,7,0,0,8.818,60.287
2026-07-12 07:41:23,7,7,0,0,8.812,60.341
2026-07-12 07:42:30,9,10,0,0,8.831,60.405
2026-07-12 07:43:57,33,33,0,0,8.866,60.466
2026-07-12 07:44:31,23,23,0,0,8.869,60.449
2026-07-12 07:47:29,79,89,0,0,8.941,60.192
2026-07-12 07:51:10,16,17,0,0,9.013,59.961
2026-07-12 07:52:30,15,15,0,0,9.047,59.927
2026-07-12 07:57:05,7,7,0,0,9.101,59.749
2026-07-12 07:57:29,7,8,0,0,9.106,59.656
2026-07-12 07:59:04,7,7,0,0,9.133,59.435
2026-07-12 07:59:40,8,8,0,0,9.106,59.393
2026-07-12 08:02:29,8,8,0,0,9.079,59.557
2026-07-12 08:03:16,7,7,0,0,9.055,59.602
2026-07-12 08:04:36,7,8,0,0,9.026,59.675
2026-07-12 08:06:08,7,7,0,0,9.007,59.663
2026-07-12 08:07:30,5,5,0,0,8.981,59.621
2026-07-12 08:12:29,3,3,0,0,8.861,59.303
2026-07-12 08:15:05,3,3,0,0,8.791,59.343
2026-07-12 08:17:30,5,5,0,0,8.812,59.467
2026-07-12 08:20:50,3,3,0,0,9.301,58.736
2026-07-12 08:21:04,3,4,0,0,9.336,58.641
2026-07-12 08:22:29,4,4,0,0,9.651,57.985
2026-07-12 08:24:04,5,5,0,0,10.019,57.224
2026-07-12 08:27:30,9,12,0,0,10.837,55.255
2026-07-12 08:32:30,9,9,0,0,11.576,52.202
2026-07-12 08:37:30,2,2,0,0,11.83,51.277
2026-07-12 08:42:30,2,2,0,0,11.95,50.325
2026-07-12 08:43:34,4,6,0,0,11.942,50.222
2026-07-12 08:47:30,6,7,0,0,11.995,50.292
2026-07-12 08:49:57,10,13,0,0,12.041,51.519
2026-07-12 08:51:52,9,14,0,0,12.062,52.112
2026-07-12 08:52:30,13,14,0,0,12.07,52.246
2026-07-12 08:57:30,16,17,0,0,11.982,52.913
2026-07-12 08:59:19,13,15,0,0,11.977,53.094
2026-07-12 09:02:30,16,18,0,0,11.91,53.409
2026-07-12 09:07:30,12,13,0,0,11.934,53.905
2026-07-12 09:07:32,12,12,0,0,11.937,53.897
2026-07-12 09:09:52,18,19,0,0,11.945,53.998
2026-07-12 09:12:30,17,18,0,0,11.969,54.13
2026-07-12 09:15:54,21,24,0,0,12.062,54.084
2026-07-12 09:17:30,21,22,0,0,12.073,54.008
2026-07-12 09:22:30,22,22,0,0,12.23,53.796
2026-07-12 09:24:42,22,22,0,0,12.303,53.804
2026-07-12 09:27:30,21,24,0,0,12.396,53.693
2026-07-12 09:32:30,18,19,0,0,12.594,53.442
2026-07-12 09:37:30,18,18,0,0,12.887,53.092
2026-07-12 09:42:30,15,16,0,0,13.245,52.692
2026-07-12 09:47:30,15,16,0,0,13.659,52.45
2026-07-12 09:48:37,13,15,0,0,13.747,52.268
2026-07-12 09:50:37,12,13,0,0,13.95,51.933
2026-07-12 09:52:30,11,12,0,0,14.121,51.763
2026-07-12 09:55:30,9,9,0,0,14.412,51.242
2026-07-12 09:57:30,9,11,0,0,14.599,50.895
2026-07-12 09:59:48,9,11,0,0,14.805,50.477
2026-07-12 09:59:58,11,11,0,0,14.847,50.466
2026-07-12 10:02:30,9,11,0,0,15.074,49.81
2026-07-12 10:05:45,7,7,0,0,15.363,49.003
2026-07-12 10:07:30,7,7,0,0,15.504,48.528
2026-07-12 10:12:30,6,6,0,0,15.859,47.506
2026-07-12 10:14:07,7,9,0,0,15.958,47.426
2026-07-12 10:15:37,6,7,0,0,16.092,47.197
2026-07-12 10:16:29,5,6,0,0,16.164,47.037
2026-07-12 10:17:30,5,6,0,0,16.252,46.737
2026-07-12 10:17:31,5,6,0,0,16.252,46.737
2026-07-12 10:19:00,7,7,0,0,16.38,46.461
2026-07-12 10:22:30,8,8,0,0,16.674,46.104
2026-07-12 10:24:40,7,7,0,0,16.839,45.844
2026-07-12 10:27:30,13,13,0,0,17.09,45.589
2026-07-12 10:32:30,9,11,0,0,17.424,45.186
2026-07-12 10:34:52,7,8,0,0,17.574,44.942
2026-07-12 10:37:30,6,6,0,0,17.766,44.08
2026-07-12 10:38:26,5,5,0,0,17.814,43.924
2026-07-12 10:39:34,7,7,0,0,17.908,43.737
2026-07-12 10:42:30,4,4,0,0,18.079,43.405
2026-07-12 10:43:39,3,4,0,0,18.159,43.008
2026-07-12 10:47:30,5,5,0,0,18.468,42.049
2026-07-12 10:50:40,3,5,0,0,18.741,41.333
2026-07-12 10:51:40,3,3,0,0,18.799,41.068
2026-07-12 10:52:30,2,2,0,0,18.882,40.836
2026-07-12 10:57:30,3,3,0,0,19.339,39.363
2026-07-12 10:58:10,2,2,0,0,19.414,39.31
2026-07-12 10:59:44,0,0,0,0,19.531,38.968
2026-07-12 11:02:30,0,0,0,0,19.793,37.944
2026-07-12 11:07:30,2,2,0,0,20.244,36.498
2026-07-12 11:11:37,0,0,0,0,20.65,35.621
2026-07-12 11:12:30,0,0,0,0,20.722,35.402
2026-07-12 11:17:30,0,0,0,0,21.243,34.953
2026-07-12 11:22:30,2,2,0,0,21.732,34.127
2026-07-12 11:27:30,1,1,0,0,22.207,33.374
2026-07-12 11:32:30,0,0,0,0,22.623,32.617
2026-07-12 11:37:30,0,0,0,0,23.227,31.068
2026-07-12 11:42:11,0,0,0,0,23.884,30.458
2026-07-12 11:42:30,0,0,0,0,23.919,30.376
2026-07-12 11:47:30,0,0,0,0,24.861,29.29
2026-07-12 11:48:08,0,0,0,0,24.973,29.086
2026-07-12 11:52:30,0,0,0,0,25.75,28.123
2026-07-12 11:53:07,5,6,0,0,25.881,27.892
2026-07-12 11:53:50,11,12,0,0,26.009,27.751
2026-07-12 11:54:44,2,2,0,0,26.207,27.579
2026-07-12 11:56:12,0,1,0,0,26.509,27.402
2026-07-12 11:57:30,0,0,0,0,26.781,27.074
2026-07-12 11:57:58,0,1,0,0,26.883,27.087
2026-07-12 11:58:41,0,0,0,0,27.027,26.992
2026-07-12 11:58:53,0,0,0,0,27.075,26.986
2026-07-12 11:59:57,0,0,0,0,27.302,26.641
2026-07-12 12:02:30,0,0,0,0,27.889,26.031
2026-07-12 12:03:41,0,0,0,0,28.167,25.867
2026-07-12 12:07:30,0,0,0,0,28.997,24.804
2026-07-12 12:12:30,2,2,0,0,29.708,23.749
2026-07-12 12:12:58,0,0,0,0,29.761,23.692
2026-07-12 12:14:23,2,2,0,0,29.932,23.749
2026-07-12 12:14:41,24,26,0,0,29.956,23.69
2026-07-12 12:16:23,1,1,0,0,30.21,23.597
2026-07-12 12:17:03,1,1,0,0,30.274,23.458
2026-07-12 12:17:30,0,0,0,0,30.335,23.446
2026-07-12 12:22:30,0,0,0,0,30.904,22.849
2026-07-12 12:26:31,0,0,0,0,31.225,22.515
2026-07-12 12:27:30,0,0,0,0,31.302,22.601
2026-07-12 12:29:56,0,0,0,0,31.588,22.202
2026-07-12 12:32:30,1,1,0,0,31.951,22.084
2026-07-12 12:35:18,0,0,0,0,32.341,21.962
2026-07-12 12:37:30,0,0,0,0,32.557,21.779
2026-07-12 12:42:30,0,1,0,0,32.845,21.531
2026-07-12 12:43:04,0,1,0,0,32.867,21.472
2026-07-12 12:47:30,0,0,0,0,32.918,21.413
2026-07-12 12:52:30,0,0,0,0,32.835,21.79
2026-07-12 12:57:30,0,0,0,0,33.019,22.283
2026-07-12 13:02:13,0,0,0,0,33.131,22.168
2026-07-12 13:02:30,0,0,0,0,33.128,22.164
2026-07-12 13:04:12,0,0,0,0,33.155,22.164
2026-07-12 13:07:30,0,0,0,0,33.145,22.113
2026-07-12 13:12:30,0,1,0,0,33.238,21.85
2026-07-12 13:17:30,0,0,0,0,33.128,21.773
2026-07-12 13:22:13,0,0,0,0,33.123,21.644
2026-07-12 13:22:30,0,0,0,0,33.139,21.626
2026-07-12 13:27:30,0,0,0,0,33.355,21.386
2026-07-12 13:31:13,0,0,0,0,33.684,21.314
2026-07-12 13:32:30,0,0,0,0,33.775,20.875
2026-07-12 13:35:43,0,0,0,0,33.978,20.616
2026-07-12 13:37:30,0,0,0,0,34.007,20.806
2026-07-12 13:41:13,1,1,0,0,34.106,20.94
2026-07-12 13:42:30,0,0,0,0,34.165,21.07
2026-07-12 13:47:30,0,0,0,0,34.362,20.543
2026-07-12 13:52:30,0,0,0,0,34.637,20.406
2026-07-12 13:57:30,0,0,0,0,34.789,20.043
2026-07-12 13:57:43,0,0,0,0,34.803,20.087
2026-07-12 14:01:44,0,0,0,0,34.912,19.95
2026-07-12 14:02:13,0,0,0,0,34.928,19.958
2026-07-12 14:02:30,0,0,0,0,34.958,19.965
2026-07-12 14:07:30,0,0,0,0,35.15,19.715
2026-07-12 14:12:30,0,0,0,0,35.265,18.645
2026-07-12 14:17:30,0,0,0,0,35.209,18.407
2026-07-12 14:22:30,0,0,0,0,35.238,18.781
2026-07-12 14:26:45,0,0,0,0,35.356,19.065
2026-07-12 14:27:30,0,0,0,0,35.364,19.021
2026-07-12 14:32:30,0,0,0,0,35.366,18.701
2026-07-12 14:37:30,0,0,0,0,35.083,19.364
2026-07-12 14:42:30,0,0,0,0,34.867,19.576
2026-07-12 14:47:30,0,0,0,0,34.544,19.477
2026-07-12 14:52:30,0,0,0,0,34.194,19.542
2026-07-12 14:57:30,0,0,0,0,33.887,20.114
2026-07-12 15:02:30,0,0,0,0,33.914,20.221
2026-07-12 15:07:30,0,0,0,0,33.868,19.753
2026-07-12 15:12:30,0,0,0,0,33.62,19.958
2026-07-12 15:17:30,0,0,0,0,33.259,20.244
2026-07-12 15:22:30,0,0,0,0,32.803,20.169
2026-07-12 15:24:45,0,0,0,0,32.683,20.318
2026-07-12 15:25:45,0,0,0,0,32.608,20.307
2026-07-12 15:27:30,0,0,0,0,32.498,20.316
2026-07-12 15:32:15,0,0,0,0,32.167,20.686
2026-07-12 15:32:30,0,0,0,0,32.14,20.741
2026-07-12 15:36:16,0,0,0,0,31.905,21.243
2026-07-12 15:37:30,0,0,0,0,31.857,21.302
2026-07-12 15:42:31,0,0,0,0,31.622,21.634
2026-07-12 15:47:30,0,0,0,0,31.403,21.75
2026-07-12 15:52:30,0,0,0,0,31.278,21.926
2026-07-12 15:57:30,0,0,0,0,31.249,22.084
2026-07-12 16:03:26,0,0,0,0,31.265,21.96
2026-07-12 16:07:55,0,0,0,0,31.184,21.762
2026-07-12 16:09:47,0,0,0,0,31.131,21.884
2026-07-12 16:12:30,0,0,0,0,31.03,21.993
2026-07-12 16:17:30,0,0,0,0,30.867,22.239
2026-07-12 16:22:31,0,0,0,0,30.605,22.594
2026-07-12 16:26:47,0,0,0,0,30.41,22.834
2026-07-12 16:27:10,0,0,0,0,30.421,22.914
2026-07-12 16:27:30,0,0,0,0,30.378,22.861
2026-07-12 16:28:17,0,0,0,0,30.362,22.885
2026-07-12 16:32:30,0,0,0,0,30.119,23.231
2026-07-12 16:37:31,0,0,0,0,29.732,23.685
2026-07-12 16:38:47,0,0,0,0,29.622,23.866
2026-07-12 16:42:17,0,0,0,0,29.305,24.064
2026-07-12 16:42:31,0,0,0,0,29.305,24.121
2026-07-12 16:45:48,0,0,0,0,29,24.438
2026-07-12 16:47:31,0,0,0,0,28.848,24.594
2026-07-12 16:51:18,0,0,0,0,28.503,25.401
2026-07-12 16:52:31,0,0,0,0,28.359,25.643
2026-07-12 16:57:31,0,0,0,0,27.876,26.504
2026-07-12 17:02:31,0,0,0,0,27.443,27.047
2026-07-12 17:07:31,0,1,0,0,27.019,27.614
2026-07-12 17:12:31,0,0,0,0,26.6,28.297
2026-07-12 17:17:31,1,1,0,0,26.196,28.928
2026-07-12 17:22:31,0,0,0,0,25.788,29.615
2026-07-12 17:27:31,2,2,0,0,25.419,30.431
2026-07-12 17:31:49,0,1,0,0,25.08,30.904
2026-07-12 17:32:31,1,2,0,0,25.016,30.992
2026-07-12 17:32:48,1,1,0,0,25.008,31.024
2026-07-12 17:34:48,0,0,0,0,24.832,31.251
2026-07-12 17:35:51,1,1,0,0,24.768,31.354
2026-07-12 17:37:31,0,1,0,0,24.623,31.535
2026-07-12 17:42:31,2,2,0,0,24.183,32.02
2026-07-12 17:43:23,0,0,0,0,24.113,32.125
2026-07-12 17:44:51,0,0,0,0,23.983,32.306
2026-07-12 17:47:31,1,1,0,0,23.734,32.626
2026-07-12 17:52:31,0,1,0,0,23.27,33.094
2026-07-12 17:56:33,2,2,0,0,22.949,33.582
2026-07-12 17:57:31,0,0,0,0,22.84,33.708
2026-07-12 17:58:31,0,0,0,0,22.765,33.845
2026-07-12 18:02:31,2,2,0,0,22.463,34.366
2026-07-12 18:07:31,2,2,0,0,22.127,34.749
2026-07-12 18:12:31,1,1,0,0,21.846,35.062
2026-07-12 18:13:33,0,0,0,0,21.801,35.108
2026-07-12 18:14:57,0,0,0,0,21.742,35.148
2026-07-12 18:17:31,0,0,0,0,21.619,35.382
2026-07-12 18:22:31,1,1,0,0,21.411,35.768
2026-07-12 18:27:31,2,2,0,0,21.2,36.021
2026-07-12 18:32:31,0,1,0,0,20.962,36.168
2026-07-12 18:37:31,0,0,0,0,20.714,36.294
2026-07-12 18:42:31,0,0,0,0,20.455,36.712
2026-07-12 18:47:31,1,1,0,0,20.177,36.91
2026-07-12 18:51:22,0,0,0,0,19.969,36.988
2026-07-12 18:52:34,1,2,0,0,19.865,37.086
2026-07-12 18:57:31,1,1,0,0,19.643,37.484
2026-07-12 19:02:34,1,1,0,0,19.408,37
2026-07-12 19:05:53,1,1,0,0,19.232,37.191
2026-07-12 19:07:31,0,0,0,0,19.16,37.181
2026-07-12 19:12:31,2,2,0,0,18.874,37.322
2026-07-12 19:17:31,2,2,0,0,18.669,37.379
2026-07-12 19:22:31,3,4,0,0,18.426,37.553
2026-07-12 19:27:31,4,4,0,0,18.196,37.875
2026-07-12 19:32:31,6,7,0,0,17.996,38.463
2026-07-12 19:35:24,7,7,0,0,17.854,38.886
2026-07-12 19:37:31,6,6,0,0,17.763,39.083
2026-07-12 19:37:33,7,7,0,0,17.766,39.119
2026-07-12 19:42:31,7,7,0,0,17.504,38.974
2026-07-12 19:47:31,4,5,0,0,17.264,39.146
2026-07-12 19:50:23,5,5,0,0,17.082,39.192
2026-07-12 19:52:31,8,8,0,0,16.952,39.243
2026-07-12 19:55:54,8,9,0,0,16.807,39.317
2026-07-12 19:57:31,8,9,0,0,16.73,39.325
2026-07-12 20:02:31,11,11,0,0,16.653,39.13
2026-07-12 20:07:31,9,9,0,0,16.554,38.883
2026-07-12 20:12:31,11,11,0,0,16.49,38.774
2026-07-12 20:17:31,7,9,0,0,16.471,38.717
2026-07-12 20:18:54,8,8,0,0,16.492,38.68
2026-07-12 20:22:31,11,11,0,0,16.484,38.65
2026-07-12 20:27:31,9,9,0,0,16.452,38.867
2026-07-12 20:29:17,30,31,0,0,16.42,38.886
2026-07-12 20:30:21,37,43,0,0,16.418,38.915
2026-07-12 20:32:31,16,16,0,0,16.38,38.959
2026-07-12 20:34:57,18,19,0,0,16.415,39.079
2026-07-12 20:37:31,44,54,0,0,16.375,39.176
2026-07-12 20:38:01,45,55,0,0,16.356,39.19
2026-07-12 20:39:22,36,40,0,0,16.367,39.245
2026-07-12 20:42:31,24,25,0,0,16.268,39.321
2026-07-12 20:44:41,24,25,0,0,16.217,39.331
2026-07-12 20:45:05,24,25,0,0,16.183,39.375
2026-07-12 20:46:27,19,19,0,0,16.172,39.335
2026-07-12 20:47:31,17,17,0,0,16.132,39.396
2026-07-12 20:49:24,15,16,0,0,16.068,39.439
2026-07-12 20:52:31,18,19,0,0,15.932,39.647
2026-07-12 20:56:07,15,15,0,0,15.798,39.871
2026-07-12 20:56:45,18,19,0,0,15.769,39.884
2026-07-12 20:57:31,19,19,0,0,15.763,39.96
2026-07-12 21:02:10,19,22,0,0,15.555,39.968
2026-07-12 21:02:31,18,20,0,0,15.542,39.886
2026-07-12 21:02:45,19,22,0,0,15.542,39.876
2026-07-12 21:04:06,19,20,0,0,15.483,39.84
2026-07-12 21:07:31,18,20,0,0,15.371,39.869
2026-07-12 21:09:45,17,19,0,0,15.315,39.853
2026-07-12 21:12:31,18,19,0,0,15.251,39.943
2026-07-12 21:14:06,17,18,0,0,15.192,39.996
2026-07-12 21:15:34,15,18,0,0,15.157,39.928
2026-07-12 21:17:31,15,17,0,0,15.109,39.928
2026-07-12 21:22:31,12,12,0,0,14.984,40.193
2026-07-12 21:22:45,11,11,0,0,14.981,40.199
2026-07-12 21:27:31,7,8,0,0,14.895,40.067
2026-07-12 21:29:30,7,8,0,0,14.879,40.098
2026-07-12 21:30:42,7,7,0,0,14.887,40
2026-07-12 21:30:55,8,8,0,0,14.858,39.968
2026-07-12 21:32:31,7,7,0,0,14.869,39.813
2026-07-12 21:32:55,7,9,0,0,14.858,39.773
2026-07-12 21:36:06,6,8,0,0,14.861,39.84
2026-07-12 21:36:12,6,9,0,0,14.85,39.855
2026-07-12 21:37:31,8,9,0,0,14.863,39.834
2026-07-12 21:37:33,8,9,0,0,14.861,39.796
2026-07-12 21:39:10,6,7,0,0,14.901,39.789
2026-07-12 21:41:32,7,8,0,0,14.893,39.771
2026-07-12 21:42:31,8,8,0,0,14.903,39.684
2026-07-12 21:44:02,8,8,0,0,14.879,39.619
2026-07-12 21:45:32,6,6,0,0,14.909,39.583
2026-07-12 21:47:31,6,7,0,0,14.917,39.548
2026-07-12 21:48:54,7,8,0,0,14.909,39.457
2026-07-12 21:49:57,7,8,0,0,14.901,39.373
2026-07-12 21:50:27,6,6,0,0,14.898,39.348
2026-07-12 21:51:57,6,6,0,0,14.906,39.304
2026-07-12 21:52:27,5,6,0,0,14.893,39.22
2026-07-12 21:52:31,5,7,0,0,14.877,39.226
2026-07-12 21:52:43,5,6,0,0,14.895,39.192
2026-07-12 21:57:31,6,7,0,0,14.922,38.999
2026-07-12 22:02:31,5,5,0,0,14.952,38.73
2026-07-12 22:07:31,3,3,0,0,14.922,38.808
2026-07-12 22:12:31,3,3,0,0,14.866,38.863
2026-07-12 22:17:31,4,4,0,0,14.775,39.079
2026-07-12 22:18:27,4,4,0,0,14.762,39.197
2026-07-12 22:22:31,8,8,0,0,14.666,40.096
2026-07-12 22:24:12,7,8,0,0,14.607,40.147
2026-07-12 22:27:31,9,9,0,0,14.514,40.418
2026-07-12 22:30:52,8,8,0,0,14.412,40.654
2026-07-12 22:31:24,7,9,0,0,14.415,40.695
2026-07-12 22:32:31,11,12,0,0,14.383,40.712
2026-07-12 22:37:31,8,9,0,0,14.252,41.04
2026-07-12 22:42:31,7,8,0,0,14.212,40.914
2026-07-12 22:45:58,5,5,0,0,14.212,40.725
2026-07-12 22:47:15,4,4,0,0,14.271,40.504
2026-07-12 22:47:31,4,4,0,0,14.26,40.439
2026-07-12 22:52:31,3,5,0,0,14.327,39.966
2026-07-12 22:57:31,4,5,0,0,14.281,39.811
2026-07-12 23:02:31,2,2,0,0,14.15,40.004
2026-07-12 23:03:58,2,2,0,0,14.118,40.05
2026-07-12 23:07:31,2,2,0,0,14.03,40.21
2026-07-12 23:07:34,2,2,0,0,14.006,40.218
2026-07-12 23:07:58,2,2,0,0,14.006,40.242
2026-07-12 23:11:59,2,2,0,0,13.923,40.275
2026-07-12 23:12:31,3,3,0,0,13.913,40.223
2026-07-12 23:17:31,1,2,0,0,13.835,40.065
2026-07-12 23:20:59,1,4,0,0,13.803,40
2026-07-12 23:22:31,2,2,0,0,13.785,40.065
2026-07-12 23:24:59,3,3,0,0,13.766,40.311
2026-07-12 23:27:28,1,1,0,0,13.694,40.626
2026-07-12 23:27:31,1,1,0,0,13.699,40.588
2026-07-12 23:28:58,2,2,0,0,13.67,40.794
2026-07-12 23:30:12,3,3,0,0,13.619,41.118
2026-07-12 23:32:31,11,11,0,0,13.502,42.438
2026-07-12 23:37:31,20,23,0,0,13.371,43.962
2026-07-12 23:39:28,25,25,0,0,13.336,44.196
2026-07-12 23:42:31,29,29,0,0,13.277,44.496
2026-07-12 23:47:16,27,28,0,0,13.178,44.87
2026-07-12 23:47:31,30,30,0,0,13.154,44.914
2026-07-12 23:52:31,28,30,0,0,13.069,45.234
2026-07-12 23:56:59,29,29,0,0,12.978,45.516
2026-07-12 23:57:31,27,28,0,0,12.949,45.562
2026-07-13 00:00:30,27,28,0,0,12.882,45.846
2026-07-13 00:02:31,25,26,0,0,12.813,45.965
2026-07-13 00:02:59,24,25,0,0,12.818,46.035
2026-07-13 00:07:31,26,26,0,0,12.719,45.98
2026-07-13 00:12:31,24,25,0,0,12.583,45.864
2026-07-13 00:14:30,19,19,0,0,12.522,45.991
2026-07-13 00:16:00,21,24,0,0,12.476,46.05
2026-07-13 00:17:31,20,20,0,0,12.455,46.05
2026-07-13 00:18:30,16,18,0,0,12.42,46.125
2026-07-13 00:22:32,16,17,0,0,12.319,46.029
2026-07-13 00:23:44,13,16,0,0,12.289,46.075
2026-07-13 00:27:31,15,15,0,0,12.198,46.161
2026-07-13 00:27:33,15,15,0,0,12.204,46.171
2026-07-13 00:30:21,9,9,0,0,12.124,46.096
2026-07-13 00:31:57,7,7,0,0,12.065,46.07
2026-07-13 00:32:31,7,7,0,0,12.044,46.071
2026-07-13 00:37:31,5,5,0,0,11.865,45.934
2026-07-13 00:41:51,6,6,0,0,11.707,46.071
2026-07-13 00:42:32,5,6,0,0,11.67,46.039
2026-07-13 00:43:42,6,6,0,0,11.632,46.087
2026-07-13 00:47:31,4,4,0,0,11.475,46.312
2026-07-13 00:49:37,3,4,0,0,11.387,46.451
2026-07-13 00:52:31,4,4,0,0,11.291,46.535
2026-07-13 00:57:31,4,4,0,0,11.136,46.556
2026-07-13 01:02:31,2,2,0,0,11.002,46.777
2026-07-13 01:03:54,3,4,0,0,10.981,46.76
2026-07-13 01:05:31,7,9,0,0,10.938,46.657
2026-07-13 01:07:32,5,7,0,0,10.933,46.443
2026-07-13 01:10:18,6,6,0,0,10.903,46.02
2026-07-13 01:10:58,3,4,0,0,10.919,45.858
2026-07-13 01:12:32,4,5,0,0,10.917,45.764
2026-07-13 01:13:36,5,6,0,0,10.954,45.783
2026-07-13 01:15:59,5,5,0,0,11.034,45.81
2026-07-13 01:17:32,6,6,0,0,11.058,46.108
2026-07-13 01:19:00,5,5,0,0,11.066,46.283
2026-07-13 01:22:08,7,7,0,0,11.082,46.596
2026-07-13 01:22:32,8,8,0,0,11.082,46.737
2026-07-13 01:22:34,7,7,0,0,11.069,46.749
2026-07-13 01:23:11,12,13,0,0,11.069,46.909
2026-07-13 01:25:44,20,22,0,0,11.034,47.676
2026-07-13 01:27:32,21,21,0,0,10.997,47.897
2026-07-13 01:28:30,25,26,0,0,10.986,48.2
2026-07-13 01:30:20,13,13,0,0,10.943,47.687
2026-07-13 01:32:32,16,17,0,0,10.895,47.763
2026-07-13 01:37:32,26,28,0,0,10.69,49.098
2026-07-13 01:38:11,27,29,0,0,10.66,49.285
2026-07-13 01:38:14,27,29,0,0,10.642,49.299
2026-07-13 01:42:32,24,24,0,0,10.527,49.543
2026-07-13 01:45:13,15,19,0,0,10.468,49.524
2026-07-13 01:47:32,5,5,0,0,10.359,48.667
2026-07-13 01:52:32,5,5,0,0,10.116,48.662
2026-07-13 01:55:06,1,2,0,0,9.979,48.894
2026-07-13 01:57:12,2,2,0,0,9.867,49.016
2026-07-13 01:57:32,2,2,0,0,9.865,49.047
2026-07-13 02:02:32,1,1,0,0,9.603,49.201
2026-07-13 02:07:32,1,1,0,0,9.336,49.764
2026-07-13 02:12:32,0,0,0,0,9.17,50.165
2026-07-13 02:17:32,1,1,0,0,9.042,50.363
2026-07-13 02:22:32,2,2,0,0,8.893,50.523
2026-07-13 02:27:32,7,7,0,0,8.78,51.122
2026-07-13 02:27:55,5,5,0,0,8.756,51.139
2026-07-13 02:32:32,23,26,0,0,8.682,51.956
2026-07-13 02:37:32,27,28,0,0,8.668,52.513
2026-07-13 02:42:32,31,34,0,0,8.69,53.279
2026-07-13 02:47:32,30,30,0,0,8.716,53.621
2026-07-13 02:52:32,29,29,0,0,8.764,53.737
2026-07-13 02:57:32,29,29,0,0,8.786,53.943
2026-07-13 03:02:32,29,29,0,0,8.828,54.174
2026-07-13 03:07:32,28,29,0,0,8.791,54.229
2026-07-13 03:08:08,29,30,0,0,8.791,54.161
2026-07-13 03:08:58,28,29,0,0,8.791,54.018
2026-07-13 03:12:32,29,32,0,0,8.73,53.718
2026-07-13 03:17:32,21,23,0,0,8.561,53.289
2026-07-13 03:22:32,18,20,0,0,8.396,53.243
2026-07-13 03:22:33,18,19,0,0,8.388,53.279
2026-07-13 03:25:01,8,8,0,0,8.268,53.258
2026-07-13 03:25:33,9,9,0,0,8.257,53.339
2026-07-13 03:26:59,8,9,0,0,8.217,53.451
2026-07-13 03:27:19,8,9,0,0,8.196,53.447
2026-07-13 03:27:32,9,10,0,0,8.177,53.489
2026-07-13 03:32:32,4,4,0,0,8.006,53.649
2026-07-13 03:33:30,4,6,0,0,7.979,53.68
2026-07-13 03:37:32,2,3,0,0,7.856,53.768
2026-07-13 03:39:16,2,2,0,0,7.795,53.833
2026-07-13 03:40:22,2,2,0,0,7.744,53.888
2026-07-13 03:42:32,1,1,0,0,7.664,53.962
2026-07-13 03:42:34,1,1,0,0,7.675,53.981
2026-07-13 03:43:06,1,2,0,0,7.654,54.046
2026-07-13 03:43:12,1,1,0,0,7.638,54.063
2026-07-13 03:47:32,8,9,0,0,7.539,54.424
2026-07-13 03:52:06,22,24,0,0,7.512,55.093
2026-07-13 03:52:32,26,26,0,0,7.509,55.11
2026-07-13 03:54:40,18,20,0,0,7.515,54.943
2026-07-13 03:57:32,9,9,0,0,7.544,54.664
2026-07-13 03:59:54,9,10,0,0,7.563,54.647
2026-07-13 04:02:32,9,13,0,0,7.589,54.78
2026-07-13 04:05:27,9,9,0,0,7.627,54.651
2026-07-13 04:05:37,10,13,0,0,7.64,54.649
2026-07-13 04:07:32,8,8,0,0,7.696,54.555
2026-07-13 04:10:45,10,14,0,0,7.702,54.286
2026-07-13 04:11:30,20,21,0,0,7.702,54.273
2026-07-13 04:12:32,19,21,0,0,7.704,54.365
2026-07-13 04:17:32,13,13,0,0,7.6,54.449
2026-07-13 04:20:05,13,15,0,0,7.541,54.3
2026-07-13 04:22:32,13,17,0,0,7.491,54.42
2026-07-13 04:27:32,8,8,0,0,7.36,54.311
2026-07-13 04:32:32,6,6,0,0,7.256,54.098
2026-07-13 04:36:29,6,6,0,0,7.184,53.901
2026-07-13 04:36:43,3,6,0,0,7.157,53.922
2026-07-13 04:37:32,3,3,0,0,7.146,53.918
2026-07-13 04:42:32,2,2,0,0,7.063,53.768
2026-07-13 04:45:07,1,2,0,0,7.061,54.082
2026-07-13 04:47:32,0,0,0,0,7.015,54.359
2026-07-13 04:49:20,0,0,0,0,6.967,54.687
2026-07-13 04:52:32,0,1,0,0,6.938,54.733
2026-07-13 04:57:32,0,1,0,0,6.884,55.076
2026-07-13 04:58:51,0,1,0,0,6.882,55.059
2026-07-13 04:59:16,3,6,0,0,6.852,55.057
2026-07-13 04:59:55,6,6,0,0,6.842,55.118
2026-07-13 04:59:59,6,6,0,0,6.852,55.107
2026-07-13 05:00:32,4,4,0,0,6.842,55.151
2026-07-13 05:00:36,4,4,0,0,6.847,55.156
2026-07-13 05:00:44,4,4,0,0,6.855,55.17
2026-07-13 05:02:10,2,3,0,0,6.844,55.133
2026-07-13 05:02:28,2,3,0,0,6.842,55.126
2026-07-13 05:02:32,2,4,0,0,6.815,55.112
2026-07-13 05:03:54,3,3,0,0,6.844,54.895
2026-07-13 05:07:32,6,6,0,0,6.794,54.687
2026-07-13 05:12:10,3,3,0,0,6.743,54.681
2026-07-13 05:12:32,4,4,0,0,6.735,54.685
2026-07-13 05:13:08,3,4,0,0,6.732,54.657
2026-07-13 05:15:41,7,8,0,0,6.711,55.114
2026-07-13 05:17:00,9,9,0,0,6.732,55.698
2026-07-13 05:17:11,6,6,0,0,6.74,55.79
2026-07-13 05:17:20,8,8,0,0,6.73,55.856
2026-07-13 05:17:32,9,9,0,0,6.724,55.994
2026-07-13 05:17:38,8,8,0,0,6.732,55.995
2026-07-13 05:18:04,8,8,0,0,6.722,56.089
2026-07-13 05:18:06,8,8,0,0,6.74,56.125
2026-07-13 05:18:24,10,10,0,0,6.743,56.213
2026-07-13 05:18:26,11,11,0,0,6.743,56.219
2026-07-13 05:18:44,11,11,0,0,6.743,56.367
2026-07-13 05:22:32,13,13,0,0,6.828,57.191
2026-07-13 05:23:48,18,19,0,0,6.85,57.268
2026-07-13 05:25:09,11,14,0,0,6.882,57.239
2026-07-13 05:25:28,13,13,0,0,6.882,57.205
2026-07-13 05:25:31,13,13,0,0,6.874,57.226
2026-07-13 05:25:45,11,11,0,0,6.879,57.19
2026-07-13 05:25:58,10,10,0,0,6.895,57.159
2026-07-13 05:26:15,11,11,0,0,6.884,57.134
2026-07-13 05:26:39,8,8,0,0,6.901,57.117
2026-07-13 05:26:45,11,11,0,0,6.866,57.121
2026-07-13 05:26:57,8,8,0,0,6.903,57.106
2026-07-13 05:27:07,8,8,0,0,6.909,57.079
2026-07-13 05:27:11,7,7,0,0,6.884,57.083
2026-07-13 05:27:32,8,9,0,0,6.895,57.037
2026-07-13 05:27:50,8,8,0,0,6.901,56.985
2026-07-13 05:28:02,8,9,0,0,6.93,56.978
2026-07-13 05:28:19,8,9,0,0,6.919,56.959
2026-07-13 05:28:23,8,8,0,0,6.917,56.964
2026-07-13 05:28:32,8,8,0,0,6.901,56.938
2026-07-13 05:28:45,7,8,0,0,6.919,56.936
2026-07-13 05:29:10,8,8,0,0,6.933,56.924
2026-07-13 05:29:34,8,9,0,0,6.962,56.879
2026-07-13 05:29:38,8,8,0,0,6.959,56.875
2026-07-13 05:29:48,7,7,0,0,6.933,56.858
2026-07-13 05:30:05,7,7,0,0,6.938,56.84
2026-07-13 05:30:28,8,8,0,0,6.965,56.823
2026-07-13 05:30:31,7,7,0,0,6.943,56.835
2026-07-13 05:30:46,7,7,0,0,6.959,56.823
2026-07-13 05:30:57,8,8,0,0,6.962,56.823
2026-07-13 05:31:09,7,7,0,0,6.959,56.818
2026-07-13 05:32:32,7,8,0,0,7.005,56.732
2026-07-13 05:37:23,10,10,0,0,7.063,56.533
2026-07-13 05:37:30,9,9,0,0,7.05,56.552
2026-07-13 05:37:32,9,9,0,0,7.055,56.572
2026-07-13 05:37:40,8,9,0,0,7.055,56.568
2026-07-13 05:37:44,8,9,0,0,7.063,56.562
2026-07-13 05:37:48,9,9,0,0,7.071,56.554
2026-07-13 05:38:10,9,9,0,0,7.082,56.587
2026-07-13 05:38:19,9,9,0,0,7.058,56.589
2026-07-13 05:39:22,7,7,0,0,7.071,56.467
2026-07-13 05:39:26,7,7,0,0,7.071,56.457
2026-07-13 05:39:50,9,9,0,0,7.085,56.421
2026-07-13 05:40:09,8,8,0,0,7.101,56.411
2026-07-13 05:40:27,8,8,0,0,7.074,56.377
2026-07-13 05:40:59,6,7,0,0,7.071,56.385
2026-07-13 05:41:22,8,8,0,0,7.077,56.335
2026-07-13 05:41:49,8,9,0,0,7.074,56.312
2026-07-13 05:42:06,7,8,0,0,7.082,56.329
2026-07-13 05:42:11,8,8,0,0,7.077,56.301
2026-07-13 05:42:15,8,8,0,0,7.082,56.316
2026-07-13 05:42:20,8,8,0,0,7.077,56.327
2026-07-13 05:42:27,8,8,0,0,7.069,56.322
2026-07-13 05:42:32,9,9,0,0,7.066,56.303
2026-07-13 05:42:46,6,6,0,0,7.074,56.31
2026-07-13 05:42:52,6,6,0,0,7.082,56.327
2026-07-13 05:42:55,6,6,0,0,7.071,56.31
2026-07-13 05:42:59,6,6,0,0,7.079,56.312
2026-07-13 05:43:06,6,6,0,0,7.071,56.31
2026-07-13 05:43:35,6,6,0,0,7.087,56.263
2026-07-13 05:43:57,8,9,0,0,7.077,56.264
2026-07-13 05:44:17,7,10,0,0,7.093,56.31
2026-07-13 05:44:27,8,8,0,0,7.071,56.28
2026-07-13 05:46:00,7,7,0,0,7.085,56.102
2026-07-13 05:46:03,6,7,0,0,7.071,56.078
2026-07-13 05:46:10,6,7,0,0,7.074,56.076
2026-07-13 05:46:28,4,4,0,0,7.058,56.083
2026-07-13 05:47:19,6,7,0,0,7.061,55.873
2026-07-13 05:47:24,6,6,0,0,7.037,55.822
2026-07-13 05:47:32,6,6,0,0,7.042,55.786
2026-07-13 05:47:35,6,6,0,0,7.045,55.795
2026-07-13 05:47:44,6,6,0,0,7.071,55.759
2026-07-13 05:47:52,6,6,0,0,7.053,55.751
2026-07-13 05:48:46,2,2,0,0,7.047,55.524
2026-07-13 05:48:51,2,2,0,0,7.045,55.561
2026-07-13 05:50:29,2,2,0,0,7.034,55.471
2026-07-13 05:50:32,2,2,0,0,7.039,55.471
2026-07-13 05:51:02,1,1,0,0,7.055,55.444
2026-07-13 05:51:42,1,1,0,0,7.018,55.488
2026-07-13 05:52:22,1,1,0,0,7.002,55.526
2026-07-13 05:52:31,1,1,0,0,7.002,55.492
2026-07-13 05:52:33,1,1,0,0,6.991,55.534
2026-07-13 05:52:37,1,1,0,0,6.986,55.53
2026-07-13 05:53:42,1,2,0,0,7.005,55.551
2026-07-13 05:53:48,1,2,0,0,6.975,55.543
2026-07-13 05:53:52,2,3,0,0,6.978,55.568
2026-07-13 05:53:59,2,2,0,0,6.965,55.587
2026-07-13 05:54:26,1,1,0,0,6.973,55.587
2026-07-13 05:55:11,1,1,0,0,6.978,55.635
2026-07-13 05:55:17,1,1,0,0,6.946,55.631
2026-07-13 05:55:44,1,2,0,0,6.959,55.618
2026-07-13 05:55:53,0,1,0,0,6.949,55.643
2026-07-13 05:56:25,1,2,0,0,6.946,55.646
2026-07-13 05:57:06,2,3,0,0,6.946,55.723
2026-07-13 05:57:21,2,2,0,0,6.922,55.748
2026-07-13 05:57:33,2,2,0,0,6.919,55.704
2026-07-13 05:57:53,1,1,0,0,6.876,55.728
2026-07-13 05:58:27,2,2,0,0,6.909,55.723
2026-07-13 05:58:31,2,2,0,0,6.89,55.717
2026-07-13 05:58:54,1,1,0,0,6.879,55.73
2026-07-13 05:59:08,1,1,0,0,6.893,55.728
2026-07-13 05:59:15,1,1,0,0,6.903,55.734
2026-07-13 05:59:54,1,1,0,0,6.906,55.784
2026-07-13 06:00:06,1,1,0,0,6.895,55.793
2026-07-13 06:00:35,0,0,0,0,6.874,55.837
2026-07-13 06:01:10,0,0,0,0,6.852,55.839
2026-07-13 06:01:14,0,0,0,0,6.876,55.866
2026-07-13 06:01:49,0,1,0,0,6.863,55.879
2026-07-13 06:01:53,0,0,0,0,6.834,55.875
2026-07-13 06:01:59,0,0,0,0,6.852,55.891
2026-07-13 06:02:33,1,1,0,0,6.831,55.904
2026-07-13 06:02:38,1,1,0,0,6.844,55.91
2026-07-13 06:03:12,0,1,0,0,6.836,55.927
2026-07-13 06:03:53,0,1,0,0,6.826,55.923
2026-07-13 06:03:56,0,1,0,0,6.815,55.925
2026-07-13 06:04:32,0,1,0,0,6.81,55.95
2026-07-13 06:04:37,0,1,0,0,6.794,55.975
2026-07-13 06:05:20,0,0,0,0,6.786,56.03
2026-07-13 06:05:25,0,0,0,0,6.804,56.039
2026-07-13 06:05:53,0,0,0,0,6.783,56.026
2026-07-13 06:05:57,0,0,0,0,6.762,56.051
2026-07-13 06:06:31,0,0,0,0,6.767,56.083
2026-07-13 06:06:38,1,1,0,0,6.788,56.131
2026-07-13 06:07:14,1,1,0,0,6.756,56.154
2026-07-13 06:07:17,1,1,0,0,6.772,56.154
2026-07-13 06:07:33,1,1,0,0,6.743,56.182
2026-07-13 06:07:55,0,0,0,0,6.735,56.247
2026-07-13 06:08:00,0,0,0,0,6.735,56.219
2026-07-13 06:08:43,0,0,0,0,6.73,56.234
2026-07-13 06:09:16,1,1,0,0,6.724,56.228
2026-07-13 06:09:19,1,1,0,0,6.714,56.232
2026-07-13 06:10:00,0,0,0,0,6.698,56.272
2026-07-13 06:10:10,0,0,0,0,6.722,56.284
2026-07-13 06:10:35,0,0,0,0,6.714,56.289
2026-07-13 06:10:42,0,0,0,0,6.698,56.272
2026-07-13 06:10:50,0,0,0,0,6.682,56.291
2026-07-13 06:11:31,1,1,0,0,6.714,56.308
2026-07-13 06:11:56,1,1,0,0,6.682,56.306
2026-07-13 06:12:33,0,0,0,0,6.674,56.301
2026-07-13 06:12:39,0,0,0,0,6.666,56.284
2026-07-13 06:13:16,0,0,0,0,6.66,56.257
2026-07-13 06:13:19,0,0,0,0,6.687,56.287
2026-07-13 06:13:32,0,0,0,0,6.655,56.259
2026-07-13 06:13:35,0,0,0,0,6.639,56.243
2026-07-13 06:13:58,1,1,0,0,6.652,56.232
2026-07-13 06:14:01,1,1,0,0,6.65,56.247
2026-07-13 06:14:05,1,1,0,0,6.65,56.242
2026-07-13 06:14:09,1,1,0,0,6.655,56.243
2026-07-13 06:14:16,1,1,0,0,6.623,56.249
2026-07-13 06:14:42,0,1,0,0,6.668,56.222
2026-07-13 06:15:21,0,1,0,0,6.633,56.184
2026-07-13 06:15:37,0,1,0,0,6.633,56.188
2026-07-13 06:16:00,0,1,0,0,6.639,56.158
2026-07-13 06:16:05,0,1,0,0,6.633,56.169
2026-07-13 06:16:54,0,0,0,0,6.644,56.127
2026-07-13 06:17:25,0,1,0,0,6.647,56.057
2026-07-13 06:17:33,0,1,0,0,6.644,56.057
2026-07-13 06:18:02,0,0,0,0,6.625,56.078
2026-07-13 06:18:06,0,0,0,0,6.641,56.072
2026-07-13 06:18:40,0,0,0,0,6.633,56.045
2026-07-13 06:18:57,0,0,0,0,6.628,56.026
2026-07-13 06:19:57,0,1,0,0,6.639,56.047
2026-07-13 06:20:09,0,1,0,0,6.62,56.034
2026-07-13 06:20:13,0,1,0,0,6.631,56.026
2026-07-13 06:20:23,0,1,0,0,6.623,56.016
2026-07-13 06:20:53,1,2,0,0,6.628,56.022
2026-07-13 06:21:03,1,2,0,0,6.617,56.02
2026-07-13 06:21:15,1,2,0,0,6.633,56.026
2026-07-13 06:21:29,1,1,0,0,6.625,56.009
2026-07-13 06:21:43,1,1,0,0,6.633,56.003
2026-07-13 06:21:57,1,1,0,0,6.591,56.003
2026-07-13 06:22:08,1,1,0,0,6.593,55.976
2026-07-13 06:22:20,1,1,0,0,6.615,56.003
2026-07-13 06:22:33,2,2,0,0,6.607,55.992
2026-07-13 06:22:37,1,2,0,0,6.617,56.005
2026-07-13 06:23:23,1,1,0,0,6.601,56.018
2026-07-13 06:23:35,1,1,0,0,6.615,56.03
2026-07-13 06:23:39,1,1,0,0,6.615,56.02
2026-07-13 06:23:57,0,0,0,0,6.604,56.039
2026-07-13 06:24:01,0,0,0,0,6.601,56.051
2026-07-13 06:24:04,0,0,0,0,6.601,56.07
2026-07-13 06:24:49,0,0,0,0,6.601,56.055
2026-07-13 06:27:33,1,1,0,0,6.567,56.081
2026-07-13 06:32:33,1,2,0,0,6.521,56.104
2026-07-13 06:37:34,1,1,0,0,6.449,56.411
2026-07-13 06:37:56,2,2,0,0,6.431,56.419
2026-07-13 06:42:33,7,7,0,0,6.407,58.309
2026-07-13 06:47:33,8,8,0,0,6.388,59.187
2026-07-13 06:52:20,9,9,0,0,6.412,59.587
2026-07-13 06:52:33,8,8,0,0,6.412,59.587
2026-07-13 06:57:33,37,38,0,0,6.447,59.45
2026-07-13 07:02:33,31,33,0,0,6.481,58.044
2026-07-13 07:05:29,11,14,0,0,6.527,57.058
2026-07-13 07:06:50,11,13,0,0,6.553,56.89
2026-07-13 07:07:33,9,9,0,0,6.564,56.766
2026-07-13 07:09:20,6,7,0,0,6.585,56.768
2026-07-13 07:10:50,8,9,0,0,6.607,56.797
2026-07-13 07:11:44,7,7,0,0,6.623,56.621
2026-07-13 07:12:33,7,9,0,0,6.625,56.602
2026-07-13 07:17:33,18,22,0,0,6.714,57.043
2026-07-13 07:22:33,13,14,0,0,6.844,56.556
2026-07-13 07:27:33,14,14,0,0,6.917,56.448
2026-07-13 07:28:34,14,17,0,0,6.935,56.434
2026-07-13 07:28:54,13,16,0,0,6.938,56.423
2026-07-13 07:29:40,13,13,0,0,6.954,56.377
2026-07-13 07:30:15,18,18,0,0,6.965,56.282
2026-07-13 07:30:17,18,18,0,0,6.959,56.259
2026-07-13 07:30:21,18,18,0,0,6.927,56.247
2026-07-13 07:30:54,14,17,0,0,6.954,56.238
2026-07-13 07:30:58,16,18,0,0,6.943,56.2
2026-07-13 07:31:01,14,17,0,0,6.954,56.2
2026-07-13 07:31:36,9,11,0,0,6.97,56.152
2026-07-13 07:31:42,9,11,0,0,6.938,56.137
2026-07-13 07:32:00,9,9,0,0,6.965,56.102
2026-07-13 07:32:16,13,14,0,0,6.967,56.123
2026-07-13 07:32:33,9,13,0,0,6.965,56.127
2026-07-13 07:32:42,11,11,0,0,6.965,56.095
2026-07-13 07:32:57,11,13,0,0,6.949,56.093
2026-07-13 07:33:00,11,13,0,0,6.946,56.083
2026-07-13 07:33:12,9,11,0,0,6.965,56.097
2026-07-13 07:34:17,11,11,0,0,6.999,56.068
2026-07-13 07:34:29,8,8,0,0,6.981,56.03
2026-07-13 07:37:33,18,18,0,0,6.991,56.201
2026-07-13 07:42:33,7,7,0,0,7.05,55.719
2026-07-13 07:42:35,7,7,0,0,7.045,55.69
2026-07-13 07:46:57,7,7,0,0,7.21,56.697
2026-07-13 07:47:33,7,7,0,0,7.218,56.869
2026-07-13 07:52:33,6,6,0,0,7.389,56.629
2026-07-13 07:52:50,7,8,0,0,7.419,56.602
2026-07-13 07:57:33,28,29,0,0,7.515,55.866
2026-07-13 08:02:33,7,7,0,0,7.589,54.121
2026-07-13 08:03:36,6,6,0,0,7.605,53.628
2026-07-13 08:07:33,6,6,0,0,7.595,53.054
2026-07-13 08:12:33,9,9,0,0,7.592,52.873
2026-07-13 08:14:21,7,8,0,0,7.627,52.886
2026-07-13 08:15:33,9,11,0,0,7.621,52.82
2026-07-13 08:15:41,9,9,0,0,7.632,52.835
2026-07-13 08:17:33,6,7,0,0,7.648,52.721
2026-07-13 08:17:35,6,6,0,0,7.638,52.74
2026-07-13 08:18:34,6,6,0,0,7.659,52.65
2026-07-13 08:22:33,32,34,0,0,7.816,52.272
2026-07-13 08:24:21,38,39,0,0,7.889,52.564
2026-07-13 08:27:33,23,23,0,0,7.953,53.514
2026-07-13 08:32:33,24,26,0,0,8.038,54.267
2026-07-13 08:35:21,22,26,0,0,8.078,54.668
2026-07-13 08:37:33,32,33,0,0,8.094,55.076
2026-07-13 08:42:33,33,33,0,0,8.268,55.278
2026-07-13 08:47:33,21,23,0,0,8.465,55.194
2026-07-13 08:52:34,39,43,0,0,8.796,55.023
2026-07-13 08:57:33,29,31,0,0,9.253,53.001
2026-07-13 09:02:33,20,22,0,0,9.704,50.708
2026-07-13 09:07:34,12,16,0,0,10.145,49.682
2026-07-13 09:12:34,9,9,0,0,10.61,49.56
2026-07-13 09:16:53,12,12,0,0,10.975,48.805
2026-07-13 09:17:33,14,14,0,0,11.066,48.719
2026-07-13 09:22:19,15,19,0,0,11.405,48.208
2026-07-13 09:22:34,15,18,0,0,11.432,48.234
2026-07-13 09:24:55,28,29,0,0,11.59,48.187
2026-07-13 09:25:07,27,28,0,0,11.598,48.124
2026-07-13 09:25:56,25,25,0,0,11.678,48.011
2026-07-13 09:27:34,22,22,0,0,11.777,48.065
2026-07-13 09:29:56,16,20,0,0,11.971,47.744
2026-07-13 09:32:34,20,20,0,0,12.174,47.391
2026-07-13 09:37:34,18,21,0,0,12.588,47.244
2026-07-13 09:38:12,22,25,0,0,12.663,47.199
2026-07-13 09:38:59,22,24,0,0,12.722,47.012
2026-07-13 09:40:23,21,25,0,0,12.837,46.916
2026-07-13 09:42:19,20,20,0,0,13.01,46.527
2026-07-13 09:42:33,20,20,0,0,13.037,46.564
2026-07-13 09:47:34,18,20,0,0,13.47,46.426
2026-07-13 09:48:10,16,18,0,0,13.494,46.415
2026-07-13 09:50:29,14,15,0,0,13.672,46.05
2026-07-13 09:52:34,31,32,0,0,13.822,45.596
2026-07-13 09:55:53,20,21,0,0,14.014,44.885
2026-07-13 09:57:34,21,21,0,0,14.108,44.406
2026-07-13 09:59:48,17,18,0,0,14.18,44.103
2026-07-13 10:02:34,24,24,0,0,14.276,43.599
2026-07-13 10:07:23,25,25,0,0,14.372,43.054
2026-07-13 10:07:33,24,24,0,0,14.367,43.077
2026-07-13 10:09:53,20,21,0,0,14.401,42.81
2026-07-13 10:11:57,20,21,0,0,14.434,42.77
2026-07-13 10:12:34,21,23,0,0,14.466,42.846
2026-07-13 10:13:18,23,24,0,0,14.498,42.917
2026-07-13 10:14:25,21,21,0,0,14.527,42.877
2026-07-13 10:15:20,20,21,0,0,14.567,42.825
2026-07-13 10:17:34,19,23,0,0,14.677,42.707
2026-07-13 10:17:35,20,21,0,0,14.693,42.709
2026-07-13 10:22:34,17,23,0,0,14.97,42.636
2026-07-13 10:23:12,20,23,0,0,15.013,42.619
2026-07-13 10:25:27,24,24,0,0,15.144,42.835
2026-07-13 10:27:34,20,20,0,0,15.285,42.129
2026-07-13 10:28:39,18,19,0,0,15.371,41.982
2026-07-13 10:32:34,24,24,0,0,15.667,41.73
2026-07-13 10:37:34,20,20,0,0,16.033,41.505
2026-07-13 10:38:24,19,20,0,0,16.1,41.492
2026-07-13 10:42:34,19,20,0,0,16.444,41.158
2026-07-13 10:47:36,22,22,0,0,16.898,40.845
2026-07-13 10:52:34,16,18,0,0,17.304,40.698
2026-07-13 10:57:34,9,12,0,0,17.665,40.34
2026-07-13 10:58:08,11,13,0,0,17.71,40.361
2026-07-13 11:02:34,10,10,0,0,18.009,39.624
2026-07-13 11:05:31,9,9,0,0,18.263,39.209
2026-07-13 11:07:34,8,8,0,0,18.404,38.825
2026-07-13 11:12:34,6,8,0,0,18.816,38.438
2026-07-13 11:17:34,12,12,0,0,19.147,38.318
2026-07-13 11:22:34,10,10,0,0,19.491,37.956
2026-07-13 11:27:34,9,9,0,0,19.852,37.114
2026-07-13 11:32:34,13,14,0,0,20.241,36.695
2026-07-13 11:37:34,5,5,0,0,20.808,35.613
2026-07-13 11:41:25,14,15,0,0,21.39,35.213
2026-07-13 11:42:34,10,11,0,0,21.606,34.959
2026-07-13 11:46:34,12,14,0,0,22.479,34.141
2026-07-13 11:47:34,13,13,0,0,22.714,33.872
2026-07-13 11:49:15,14,15,0,0,23.107,33.384
2026-07-13 11:52:34,12,14,0,0,23.929,32.203
2026-07-13 11:57:30,8,10,0,0,25.024,30.688
2026-07-13 11:57:34,9,11,0,0,25.021,30.666
2026-07-13 12:00:22,7,8,0,0,25.612,30.246
2026-07-13 12:02:34,6,7,0,0,25.999,29.815
2026-07-13 12:05:47,7,7,0,0,26.637,29.082
2026-07-13 12:07:34,8,8,0,0,26.968,28.657
2026-07-13 12:07:36,8,8,0,0,26.976,28.636
2026-07-13 12:12:34,7,7,0,0,27.873,27.755
2026-07-13 12:17:34,7,7,0,0,28.618,26.944
2026-07-13 12:21:03,6,6,0,0,29.038,26.46
2026-07-13 12:22:34,9,9,0,0,29.208,26.156
2026-07-13 12:22:38,9,9,0,0,29.203,26.218
2026-07-13 12:26:09,7,7,0,0,29.577,25.752
2026-07-13 12:27:34,8,8,0,0,29.732,25.466
2026-07-13 12:32:34,9,9,0,0,30.188,25.13
2026-07-13 12:37:34,8,8,0,0,30.608,24.488
2026-07-13 12:42:34,7,8,0,0,30.845,24.114
2026-07-13 12:47:34,7,8,0,0,30.971,23.892
2026-07-13 12:52:35,6,6,0,0,31.107,23.881
2026-07-13 12:57:34,6,6,0,0,31.307,23.511
2026-07-13 13:02:34,6,6,0,0,31.537,23.589
2026-07-13 13:07:13,7,8,0,0,31.593,23.471
2026-07-13 13:07:34,8,8,0,0,31.625,23.524
2026-07-13 13:12:34,8,8,0,0,31.905,23.208
2026-07-13 13:17:34,6,7,0,0,32.09,22.84
2026-07-13 13:22:34,11,12,0,0,32.221,22.738
2026-07-13 13:27:34,5,5,0,0,32.274,22.973
2026-07-13 13:32:34,7,8,0,0,32.442,22.717
2026-07-13 13:37:34,10,11,0,0,32.685,22.845
2026-07-13 13:42:34,8,10,0,0,32.88,22.372
2026-07-13 13:43:57,14,16,0,0,32.96,22.548
2026-07-13 13:47:34,9,11,0,0,33.07,22.212
2026-07-13 13:52:27,9,9,0,0,33.193,22.353
2026-07-13 13:52:34,8,9,0,0,33.177,22.281
2026-07-13 13:57:34,8,8,0,0,33.201,22.002
2026-07-13 14:02:34,6,6,0,0,33.193,21.598
2026-07-13 14:07:34,6,6,0,0,33.211,20.972
2026-07-13 14:10:48,2,2,0,0,33.145,20.493
2026-07-13 14:12:28,4,5,0,0,33.088,20.328
2026-07-13 14:12:34,3,4,0,0,33.08,20.322
2026-07-13 14:17:34,4,4,0,0,32.872,19.759
2026-07-13 14:20:29,3,4,0,0,32.594,20.003
2026-07-13 14:22:34,4,4,0,0,32.399,20.396
2026-07-13 14:27:34,0,0,0,0,32.071,20.215
2026-07-13 14:32:34,1,1,0,0,31.748,20.356
2026-07-13 14:37:34,0,0,0,0,31.521,19.853
2026-07-13 14:41:29,0,0,0,0,31.406,19.601
2026-07-13 14:42:34,0,0,0,0,31.387,19.565
2026-07-13 14:47:34,0,0,0,0,31.427,18.968
2026-07-13 14:52:34,0,0,0,0,31.574,19.214
2026-07-13 14:57:34,0,0,0,0,31.892,17.779
2026-07-13 15:02:34,0,0,0,0,32.135,16.732
2026-07-13 15:07:34,0,0,0,0,32.221,16.206
2026-07-13 15:12:34,0,0,0,0,32.148,16.881
2026-07-13 15:15:20,0,0,0,0,32.114,16.978
2026-07-13 15:17:34,0,0,0,0,32.082,16.995
2026-07-13 15:22:34,0,1,0,0,32.09,17.503
2026-07-13 15:27:34,2,2,0,0,32.034,18.125
2026-07-13 15:32:34,1,1,0,0,31.724,18.891
2026-07-13 15:37:34,1,2,0,0,31.369,19.565
2026-07-13 15:42:34,2,2,0,0,30.933,19.551
2026-07-13 15:47:34,2,4,0,0,30.621,20.352
2026-07-13 15:52:34,3,4,0,0,30.474,20.595
2026-07-13 15:57:08,5,6,0,0,30.552,21.056
2026-07-13 15:57:34,5,5,0,0,30.538,21.056
2026-07-13 16:03:27,2,2,0,0,30.466,20.371
2026-07-13 16:08:00,2,2,0,0,30.303,20.781
2026-07-13 16:12:34,1,1,0,0,30.066,20.139
2026-07-13 16:17:34,1,1,0,0,29.823,19.69
2026-07-13 16:22:34,0,1,0,0,29.548,20.141
2026-07-13 16:27:02,1,1,0,0,29.363,20.352
2026-07-13 16:27:34,1,1,0,0,29.331,20.287
2026-07-13 16:32:35,0,0,0,0,29.192,20.917
2026-07-13 16:37:34,1,1,0,0,29,21.214
2026-07-13 16:42:34,1,1,0,0,28.816,21.611
2026-07-13 16:47:35,2,2,0,0,28.552,21.705
2026-07-13 16:52:35,1,1,0,0,27.863,22.161
2026-07-13 16:57:35,6,6,0,0,27.061,22.843
2026-07-13 17:02:35,2,2,0,0,26.287,23.673
2026-07-13 17:05:32,2,2,0,0,25.881,24.108
2026-07-13 17:07:35,3,3,0,0,25.598,24.577
2026-07-13 17:12:35,3,3,0,0,24.981,25.338
2026-07-13 17:17:35,2,3,0,0,24.415,26.139
2026-07-13 17:22:35,4,4,0,0,23.873,26.855
2026-07-13 17:27:35,3,3,0,0,23.358,27.215
2026-07-13 17:32:35,3,3,0,0,22.872,27.659
2026-07-13 17:37:35,2,2,0,0,22.399,27.928
2026-07-13 17:42:35,1,2,0,0,21.934,28.485
2026-07-13 17:47:35,4,4,0,0,21.539,29.328
2026-07-13 17:48:35,3,3,0,0,21.448,29.367
2026-07-13 17:51:02,1,1,0,0,21.275,29.87
2026-07-13 17:52:35,1,2,0,0,21.144,29.906
2026-07-13 17:57:35,146,150,0,0,20.741,30.685
2026-07-13 17:57:57,99,103,0,0,20.752,30.711
2026-07-13 17:59:18,108,112,0,0,20.629,30.908
2026-07-13 18:02:35,261,276,0,0,20.38,31.469
2026-07-13 18:05:12,29,34,0,0,20.18,31.654
2026-07-13 18:05:53,51,64,0,0,20.116,31.76
2026-07-13 18:07:11,70,76,0,0,20.001,31.999
2026-07-13 18:07:35,47,58,0,0,19.974,32.035
2026-07-13 18:07:39,47,57,0,0,19.948,32.043
2026-07-13 18:10:05,72,77,0,0,19.801,32.296
2026-07-13 18:12:11,75,79,0,0,19.617,32.651
2026-07-13 18:12:35,59,71,0,0,19.59,32.739
2026-07-13 18:17:35,64,74,0,0,19.211,33.057
2026-07-13 18:22:35,13,15,0,0,18.845,34.187
2026-07-13 18:25:25,22,22,0,0,18.671,34.906
2026-07-13 18:27:35,6,6,0,0,18.538,35.411
2026-07-13 18:32:35,4,4,0,0,18.287,36.313
2026-07-13 18:34:05,6,7,0,0,18.191,36.493
2026-07-13 18:37:35,6,6,0,0,17.998,36.948
2026-07-13 18:42:35,6,7,0,0,17.705,37.765
2026-07-13 18:47:35,13,13,0,0,17.414,38.446
2026-07-13 18:52:35,8,8,0,0,17.096,39.491
2026-07-13 18:57:35,11,12,0,0,16.834,40.376
2026-07-13 19:02:35,9,11,0,0,16.572,41.326
2026-07-13 19:07:35,11,11,0,0,16.327,42.358
2026-07-13 19:12:35,11,11,0,0,16.185,43.266
2026-07-13 19:17:35,14,15,0,0,16.135,43.739
2026-07-13 19:18:06,12,14,0,0,16.129,43.825
2026-07-13 19:22:36,13,13,0,0,16.065,43.935
2026-07-13 19:27:36,15,15,0,0,15.948,44.21
2026-07-13 19:32:36,15,17,0,0,15.849,44.717
2026-07-13 19:37:36,13,18,0,0,15.702,45.026
2026-07-13 19:42:36,15,16,0,0,15.544,45.196
2026-07-13 19:47:36,18,19,0,0,15.36,45.839
2026-07-13 19:52:36,24,24,0,0,15.176,46.247
2026-07-13 19:53:08,23,26,0,0,15.12,46.317
2026-07-13 19:57:36,25,25,0,0,14.97,46.771
2026-07-13 20:02:36,27,28,0,0,14.778,47.368
2026-07-13 20:07:36,22,26,0,0,14.604,47.964
2026-07-13 20:12:36,25,27,0,0,14.474,48.383
2026-07-13 20:17:36,23,23,0,0,14.348,48.742
2026-07-13 20:21:49,17,21,0,0,14.247,48.261
2026-07-13 20:22:36,18,18,0,0,14.233,48.137
2026-07-13 20:23:06,19,20,0,0,14.209,48.213
2026-07-13 20:27:36,16,18,0,0,14.11,47.147
2026-07-13 20:31:31,13,14,0,0,14.004,46.539
2026-07-13 20:32:36,18,19,0,0,13.969,47.017
2026-07-13 20:33:08,18,20,0,0,13.958,47.088
2026-07-13 20:37:36,18,20,0,0,13.913,45.379
2026-07-13 20:39:31,12,14,0,0,13.883,44.866
2026-07-13 20:42:36,9,9,0,0,13.83,43.842
2026-07-13 20:47:36,7,7,0,0,13.699,43.702
2026-07-13 20:49:11,11,11,0,0,13.662,43.615
2026-07-13 20:52:22,8,8,0,0,13.568,43.912
2026-07-13 20:52:36,8,8,0,0,13.571,43.788
2026-07-13 20:57:36,9,9,0,0,13.472,43.559
2026-07-13 21:00:11,14,16,0,0,13.435,43.758
2026-07-13 21:02:36,16,17,0,0,13.384,43.924
2026-07-13 21:02:41,15,17,0,0,13.368,43.943
2026-07-13 21:04:00,16,18,0,0,13.379,44.025
2026-07-13 21:05:17,24,25,0,0,13.341,43.578
2026-07-13 21:05:54,25,25,0,0,13.331,43.676
2026-07-13 21:07:36,25,25,0,0,13.283,43.756
2026-07-13 21:11:45,16,16,0,0,13.227,43.994
2026-07-13 21:12:17,16,17,0,0,13.176,44.034
2026-07-13 21:12:36,15,16,0,0,13.192,44.114
2026-07-13 21:13:00,12,13,0,0,13.17,44.172
2026-07-13 21:14:37,17,17,0,0,13.128,44.313
2026-07-13 21:15:10,20,20,0,0,13.101,44.347
2026-07-13 21:15:43,20,20,0,0,13.096,44.393
2026-07-13 21:17:36,20,21,0,0,13.024,44.647
2026-07-13 21:18:12,23,24,0,0,13.021,44.593
2026-07-13 21:19:40,28,29,0,0,12.989,44.658
2026-07-13 21:19:48,30,31,0,0,12.973,44.618
2026-07-13 21:21:12,28,29,0,0,12.917,44.839
2026-07-13 21:22:36,28,30,0,0,12.89,45.019
2026-07-13 21:22:37,28,30,0,0,12.887,45.038
2026-07-13 21:27:36,29,30,0,0,12.735,46.741
2026-07-13 21:28:00,30,31,0,0,12.735,46.77
2026-07-13 21:29:19,36,40,0,0,12.703,47.09
2026-07-13 21:32:10,27,27,0,0,12.634,47.958
2026-07-13 21:32:36,27,27,0,0,12.626,48.021
2026-07-13 21:33:00,26,27,0,0,12.61,48.108
2026-07-13 21:34:17,23,23,0,0,12.583,48.446
2026-07-13 21:35:39,23,23,0,0,12.562,48.65
2026-07-13 21:37:36,20,23,0,0,12.548,49.158
2026-07-13 21:39:56,21,21,0,0,12.492,49.472
2026-07-13 21:42:36,24,24,0,0,12.465,50.212
2026-07-13 21:44:49,39,46,0,0,12.449,50.92
2026-07-13 21:47:36,49,59,0,0,12.42,51.387
2026-07-13 21:52:36,49,59,0,0,12.393,52.389
2026-07-13 21:54:15,26,28,0,0,12.391,52.469
2026-07-13 21:57:36,26,27,0,0,12.38,52.621
2026-07-13 22:00:45,24,25,0,0,12.391,53.016
2026-07-13 22:02:36,26,27,0,0,12.415,52.961
2026-07-13 22:07:36,28,30,0,0,12.487,52.555
2026-07-13 22:11:17,30,31,0,0,12.498,52.877
2026-07-13 22:12:36,31,31,0,0,12.527,53.182
2026-07-13 22:12:50,32,33,0,0,12.508,53.184
2026-07-13 22:17:36,28,30,0,0,12.495,53.697
2026-07-13 22:22:36,27,29,0,0,12.492,54.309
2026-07-13 22:27:36,29,31,0,0,12.479,54.643
2026-07-13 22:32:36,30,30,0,0,12.455,55.099
2026-07-13 22:35:17,32,32,0,0,12.396,55.339
2026-07-13 22:36:46,31,32,0,0,12.391,55.503
2026-07-13 22:37:36,33,34,0,0,12.383,55.589
2026-07-13 22:42:36,32,36,0,0,12.316,55.984
2026-07-13 22:47:36,32,34,0,0,12.252,56.037
2026-07-13 22:52:36,32,36,0,0,12.19,55.122
2026-07-13 22:57:36,33,36,0,0,12.081,54.948
2026-07-13 23:02:36,30,30,0,0,11.955,53.619
2026-07-13 23:07:36,29,29,0,0,11.883,52.297
2026-07-13 23:12:36,32,32,0,0,11.894,51.712
2026-07-13 23:17:36,30,32,0,0,11.875,51.376
2026-07-13 23:21:05,31,33,0,0,11.843,51.486
2026-07-13 23:21:17,32,33,0,0,11.857,51.605
2026-07-13 23:22:36,28,28,0,0,11.851,51.408
2026-07-13 23:25:49,30,32,0,0,11.79,51.259
2026-07-13 23:27:36,29,31,0,0,11.779,51.307
2026-07-13 23:32:36,31,31,0,0,11.659,51.666
2026-07-13 23:34:19,31,32,0,0,11.643,51.786
2026-07-13 23:35:39,33,36,0,0,11.638,51.893
2026-07-13 23:36:21,36,43,0,0,11.643,51.982
2026-07-13 23:37:36,39,44,0,0,11.595,52.108
2026-07-13 23:42:36,38,43,0,0,11.555,52.61
2026-07-13 23:47:36,36,39,0,0,11.488,53.199
2026-07-13 23:52:22,36,38,0,0,11.365,53.384
2026-07-13 23:52:36,35,38,0,0,11.368,53.384
2026-07-13 23:57:36,37,42,0,0,11.248,54.136
2026-07-14 00:02:36,37,39,0,0,11.146,55.484
2026-07-14 00:07:36,37,40,0,0,11.096,55.948
2026-07-14 00:12:36,40,46,0,0,11.082,54.616
2026-07-14 00:17:36,35,37,0,0,11.101,53.148
2026-07-14 00:22:36,37,40,0,0,11.109,53.314
2026-07-14 00:22:48,37,40,0,0,11.106,53.308
2026-07-14 00:25:19,35,38,0,0,11.098,53.051
2026-07-14 00:25:37,33,37,0,0,11.104,53.035
2026-07-14 00:27:36,35,39,0,0,11.109,52.911
2026-07-14 00:29:01,35,38,0,0,11.066,52.86
2026-07-14 00:30:00,32,32,0,0,11.056,52.787
2026-07-14 00:32:36,33,34,0,0,11.021,52.898
2026-07-14 00:35:49,33,33,0,0,10.986,52.951
2026-07-14 00:37:36,35,38,0,0,10.933,52.818
2026-07-14 00:42:36,32,39,0,0,10.903,53.215
2026-07-14 00:47:14,33,35,0,0,10.81,53.627
2026-07-14 00:47:36,36,38,0,0,10.805,53.67
2026-07-14 00:48:22,33,37,0,0,10.805,53.71
2026-07-14 00:52:22,37,40,0,0,10.722,53.691
2026-07-14 00:52:26,37,41,0,0,10.74,53.714
2026-07-14 00:52:36,37,40,0,0,10.714,53.741
2026-07-14 00:57:36,36,38,0,0,10.642,54.286
2026-07-14 01:02:36,36,39,0,0,10.575,55.133
2026-07-14 01:05:59,36,38,0,0,10.513,55.368
2026-07-14 01:07:36,34,35,0,0,10.508,55.671
2026-07-14 01:12:36,32,32,0,0,10.447,55.74
2026-07-14 01:14:52,31,33,0,0,10.42,55.963
2026-07-14 01:17:36,30,33,0,0,10.383,55.854
2026-07-14 01:22:36,30,34,0,0,10.305,55.98
2026-07-14 01:27:36,34,35,0,0,10.206,55.927
2026-07-14 01:31:00,34,34,0,0,10.142,56.026
2026-07-14 01:32:18,34,35,0,0,10.113,56.343
2026-07-14 01:32:36,32,34,0,0,10.129,56.331
2026-07-14 01:33:31,33,34,0,0,10.105,56.222
2026-07-14 01:33:58,31,33,0,0,10.108,56.346
2026-07-14 01:34:07,32,34,0,0,10.108,56.415
2026-07-14 01:34:29,33,35,0,0,10.094,56.543
2026-07-14 01:34:49,34,35,0,0,10.097,56.514
2026-07-14 01:35:01,34,35,0,0,10.068,56.531
2026-07-14 01:35:11,31,33,0,0,10.068,56.552
2026-07-14 01:35:23,30,31,0,0,10.06,56.579
2026-07-14 01:35:28,30,32,0,0,10.076,56.579
2026-07-14 01:35:32,31,32,0,0,10.076,56.625
2026-07-14 01:35:48,34,37,0,0,10.068,56.608
2026-07-14 01:36:09,34,34,0,0,10.086,56.657
2026-07-14 01:36:20,34,38,0,0,10.057,56.682
2026-07-14 01:36:39,34,34,0,0,10.057,56.762
2026-07-14 01:36:49,34,34,0,0,10.054,56.799
2026-07-14 01:37:13,33,34,0,0,10.046,56.877
2026-07-14 01:37:33,34,35,0,0,10.046,57.071
2026-07-14 01:37:36,34,35,0,0,10.049,57.094
2026-07-14 01:37:45,34,39,0,0,10.041,57.138
2026-07-14 01:37:59,33,35,0,0,10.046,57.14
2026-07-14 01:38:09,32,35,0,0,10.046,57.178
2026-07-14 01:38:21,34,34,0,0,10.046,57.174
2026-07-14 01:38:28,34,34,0,0,10.03,57.216
2026-07-14 01:38:40,34,34,0,0,10.019,57.228
2026-07-14 01:39:00,33,34,0,0,10.022,57.373
2026-07-14 01:39:12,31,32,0,0,10.03,57.409
2026-07-14 01:39:31,33,34,0,0,10.025,57.514
2026-07-14 01:39:41,34,34,0,0,10.043,57.645
2026-07-14 01:39:44,34,34,0,0,10.046,57.642
2026-07-14 01:39:47,32,34,0,0,10.006,57.691
2026-07-14 01:40:35,34,35,0,0,10.03,57.764
2026-07-14 01:40:47,34,35,0,0,10.019,57.83
2026-07-14 01:42:36,34,34,0,0,10.025,58.45
2026-07-14 01:47:36,34,37,0,0,10.043,59.949
2026-07-14 01:51:14,34,40,0,0,10.089,60.907
2026-07-14 01:51:28,36,39,0,0,10.094,60.981
2026-07-14 01:52:36,34,35,0,0,10.084,60.875
2026-07-14 01:54:03,35,38,0,0,10.105,61.002
2026-07-14 01:57:36,36,41,0,0,10.126,61.309
2026-07-14 01:58:49,37,41,0,0,10.142,61.292
2026-07-14 02:02:36,36,38,0,0,10.148,61.332
2026-07-14 02:07:36,34,38,0,0,10.164,60.772
2026-07-14 02:12:36,36,38,0,0,10.132,59.646
2026-07-14 02:17:36,34,37,0,0,10.084,58.471
2026-07-14 02:22:36,34,35,0,0,10.041,57.764
2026-07-14 02:27:36,30,31,0,0,9.982,57.441
2026-07-14 02:31:47,33,33,0,0,9.969,57.43
2026-07-14 02:32:36,32,32,0,0,9.969,57.369
2026-07-14 02:37:22,30,31,0,0,9.969,57.615
2026-07-14 02:37:36,30,30,0,0,9.961,57.579
2026-07-14 02:42:36,30,31,0,0,9.942,57.462
2026-07-14 02:47:36,34,35,0,0,9.902,57.281
2026-07-14 02:52:36,48,57,0,0,9.846,57.085
2026-07-14 02:57:36,44,53,0,0,9.763,57.432
2026-07-14 03:00:44,37,39,0,0,9.718,57.619
2026-07-14 03:02:36,34,35,0,0,9.678,57.687
2026-07-14 03:07:36,34,35,0,0,9.64,57.689
2026-07-14 03:08:23,35,36,0,0,9.63,57.817
2026-07-14 03:09:12,38,40,0,0,9.624,57.788
2026-07-14 03:12:36,36,40,0,0,9.576,57.949
2026-07-14 03:17:36,34,38,0,0,9.504,58.45
2026-07-14 03:18:57,34,40,0,0,9.483,58.736
2026-07-14 03:22:36,32,33,0,0,9.432,59.013
2026-07-14 03:26:27,35,36,0,0,9.403,59.194
2026-07-14 03:27:36,37,39,0,0,9.395,59.383
2026-07-14 03:29:26,34,39,0,0,9.368,59.354
2026-07-14 03:30:58,37,39,0,0,9.339,59.085
2026-07-14 03:32:36,34,38,0,0,9.325,58.845
2026-07-14 03:33:27,37,39,0,0,9.331,58.813
2026-07-14 03:37:36,37,43,0,0,9.261,58.759
2026-07-14 03:38:29,44,51,0,0,9.248,58.82
2026-07-14 03:38:56,39,44,0,0,9.234,58.881
2026-07-14 03:42:36,39,45,0,0,9.181,59.133
2026-07-14 03:43:27,38,44,0,0,9.165,59.076
2026-07-14 03:46:20,41,45,0,0,9.133,59.19
2026-07-14 03:46:45,41,49,0,0,9.13,59.246
2026-07-14 03:47:36,41,47,0,0,9.109,59.259
2026-07-14 03:52:36,39,45,0,0,9.061,61.26
2026-07-14 03:57:36,41,47,0,0,9.042,62.378
2026-07-14 03:58:17,40,46,0,0,9.047,63.078
2026-07-14 04:02:10,38,44,0,0,9.055,65.799
2026-07-14 04:02:37,40,46,0,0,9.061,65.88
2026-07-14 04:07:36,40,45,0,0,9.136,67.035
2026-07-14 04:12:36,40,46,0,0,9.192,67.228
2026-07-14 04:17:36,39,45,0,0,9.21,67.047
2026-07-14 04:22:37,41,48,0,0,9.176,67.484
2026-07-14 04:27:36,45,52,0,0,9.146,68.073
2026-07-14 04:32:36,47,55,0,0,9.106,68.186
2026-07-14 04:37:36,49,58,0,0,9.106,69.042
2026-07-14 04:40:21,46,56,0,0,9.133,69.286
2026-07-14 04:42:37,46,54,0,0,9.149,69.435
2026-07-14 04:47:37,46,55,0,0,9.173,69.685
2026-07-14 04:52:37,48,56,0,0,9.208,70.268
2026-07-14 04:54:57,45,54,0,0,9.21,70.452
2026-07-14 04:57:37,47,58,0,0,9.272,70.652
2026-07-14 05:02:37,48,57,0,0,9.298,70.652
2026-07-14 05:02:47,49,59,0,0,9.339,70.65
2026-07-14 05:03:50,47,57,0,0,9.325,70.579
2026-07-14 05:07:37,45,52,0,0,9.376,70.57
2026-07-14 05:09:58,46,54,0,0,9.395,70.484
2026-07-14 05:12:37,47,58,0,0,9.397,70.457
2026-07-14 05:12:40,48,58,0,0,9.384,70.469
2026-07-14 05:12:51,47,57,0,0,9.392,70.465
2026-07-14 05:12:59,46,56,0,0,9.408,70.488
2026-07-14 05:13:05,46,54,0,0,9.395,70.493
2026-07-14 05:13:25,47,55,0,0,9.405,70.472
2026-07-14 05:13:32,47,56,0,0,9.4,70.478
2026-07-14 05:13:37,47,57,0,0,9.413,70.48
2026-07-14 05:13:42,47,56,0,0,9.424,70.476
2026-07-14 05:14:06,47,57,0,0,9.395,70.469
2026-07-14 05:14:32,46,56,0,0,9.408,70.469
2026-07-14 05:14:45,46,54,0,0,9.395,70.457
2026-07-14 05:14:47,46,54,0,0,9.413,70.474
2026-07-14 05:14:54,46,54,0,0,9.384,70.471
2026-07-14 05:15:08,46,54,0,0,9.397,70.492
2026-07-14 05:15:20,46,54,0,0,9.411,70.48
2026-07-14 05:15:30,46,56,0,0,9.413,70.465
2026-07-14 05:15:42,47,56,0,0,9.413,70.48
2026-07-14 05:16:00,49,58,0,0,9.411,70.461
2026-07-14 05:16:07,47,58,0,0,9.405,70.421
2026-07-14 05:16:14,48,57,0,0,9.408,70.423
2026-07-14 05:16:18,47,57,0,0,9.384,70.429
2026-07-14 05:16:22,47,57,0,0,9.411,70.429
2026-07-14 05:17:37,46,55,0,0,9.397,70.24
2026-07-14 05:20:51,46,54,0,0,9.395,70.013
2026-07-14 05:21:02,46,54,0,0,9.395,70.032
2026-07-14 05:21:12,45,54,0,0,9.413,70.059
2026-07-14 05:21:24,45,53,0,0,9.397,70.051
2026-07-14 05:21:34,46,53,0,0,9.392,70.059
2026-07-14 05:21:46,47,55,0,0,9.395,70.059
2026-07-14 05:21:51,47,56,0,0,9.384,70.093
2026-07-14 05:22:00,48,56,0,0,9.413,70.08
2026-07-14 05:22:14,48,58,0,0,9.411,70.064
2026-07-14 05:22:26,49,58,0,0,9.397,70.047
2026-07-14 05:22:36,48,58,0,0,9.395,70.064
2026-07-14 05:22:43,48,57,0,0,9.389,70.045
2026-07-14 05:22:52,46,56,0,0,9.395,70.017
2026-07-14 05:22:55,47,56,0,0,9.387,70.036
2026-07-14 05:23:04,47,57,0,0,9.411,70.038
2026-07-14 05:23:10,47,57,0,0,9.387,70.007
2026-07-14 05:23:24,47,56,0,0,9.376,70.034
2026-07-14 05:23:35,48,57,0,0,9.379,70.003
2026-07-14 05:23:46,49,57,0,0,9.379,69.994
2026-07-14 05:23:49,48,57,0,0,9.389,69.977
2026-07-14 05:24:01,48,56,0,0,9.384,70.001
2026-07-14 05:24:15,48,58,0,0,9.376,70.026
2026-07-14 05:24:18,48,57,0,0,9.387,70.009
2026-07-14 05:24:27,47,58,0,0,9.365,70.036
2026-07-14 05:24:45,47,56,0,0,9.373,70.083
2026-07-14 05:25:09,48,57,0,0,9.384,70.106
2026-07-14 05:25:27,49,57,0,0,9.384,70.11
2026-07-14 05:25:37,47,56,0,0,9.371,70.101
2026-07-14 05:25:44,47,56,0,0,9.379,70.106
2026-07-14 05:26:07,46,53,0,0,9.357,70.196
2026-07-14 05:26:12,45,53,0,0,9.363,70.263
2026-07-14 05:26:32,46,54,0,0,9.371,70.398
2026-07-14 05:27:37,46,56,0,0,9.387,70.511
2026-07-14 05:32:37,42,52,0,0,9.373,70.635
2026-07-14 05:33:07,45,53,0,0,9.373,70.677
2026-07-14 05:33:39,44,53,0,0,9.368,70.684
2026-07-14 05:33:43,45,54,0,0,9.376,70.684
2026-07-14 05:33:54,45,54,0,0,9.373,70.684
2026-07-14 05:33:56,45,54,0,0,9.349,70.698
2026-07-14 05:34:07,43,53,0,0,9.376,70.743
2026-07-14 05:34:14,44,52,0,0,9.373,70.747
2026-07-14 05:34:17,42,52,0,0,9.384,70.762
2026-07-14 05:34:22,42,52,0,0,9.376,70.768
2026-07-14 05:34:29,42,52,0,0,9.36,70.783
2026-07-14 05:34:35,43,51,0,0,9.363,70.78
2026-07-14 05:34:48,45,53,0,0,9.368,70.795
2026-07-14 05:34:57,42,52,0,0,9.379,70.81
2026-07-14 05:35:03,42,52,0,0,9.395,70.814
2026-07-14 05:35:29,42,51,0,0,9.384,70.844
2026-07-14 05:35:35,42,52,0,0,9.373,70.814
2026-07-14 05:35:38,41,51,0,0,9.389,70.818
2026-07-14 05:35:40,41,49,0,0,9.384,70.823
2026-07-14 05:35:56,45,54,0,0,9.387,70.797
2026-07-14 05:36:18,44,50,0,0,9.384,70.772
2026-07-14 05:36:29,44,52,0,0,9.397,70.77
2026-07-14 05:37:25,43,50,0,0,9.397,70.799
2026-07-14 05:37:29,43,50,0,0,9.4,70.755
2026-07-14 05:37:36,44,52,0,0,9.387,70.762
2026-07-14 05:38:09,45,52,0,0,9.411,70.846
2026-07-14 05:38:13,45,52,0,0,9.405,70.844
2026-07-14 05:38:17,44,52,0,0,9.408,70.886
2026-07-14 05:38:21,44,52,0,0,9.384,70.867
2026-07-14 05:38:34,44,54,0,0,9.397,70.894
2026-07-14 05:39:22,45,53,0,0,9.419,70.867
2026-07-14 05:39:27,43,52,0,0,9.413,70.848
2026-07-14 05:39:45,43,52,0,0,9.411,70.831
2026-07-14 05:39:49,44,51,0,0,9.416,70.812
2026-07-14 05:40:04,47,55,0,0,9.413,70.774
2026-07-14 05:40:12,46,54,0,0,9.427,70.776
2026-07-14 05:40:16,46,56,0,0,9.411,70.757
2026-07-14 05:40:22,46,54,0,0,9.416,70.768
2026-07-14 05:40:46,41,49,0,0,9.424,70.827
2026-07-14 05:41:12,46,53,0,0,9.421,70.783
2026-07-14 05:41:40,42,50,0,0,9.437,70.774
2026-07-14 05:41:44,43,50,0,0,9.421,70.801
2026-07-14 05:41:51,45,52,0,0,9.405,70.806
2026-07-14 05:41:54,45,52,0,0,9.443,70.839
2026-07-14 05:41:59,45,53,0,0,9.437,70.843
2026-07-14 05:42:03,45,53,0,0,9.413,70.846
2026-07-14 05:42:19,45,52,0,0,9.44,70.856
2026-07-14 05:42:22,45,52,0,0,9.416,70.862
2026-07-14 05:42:29,45,53,0,0,9.411,70.839
2026-07-14 05:42:36,44,52,0,0,9.432,70.835
2026-07-14 05:42:54,41,50,0,0,9.467,70.852
2026-07-14 05:43:16,45,54,0,0,9.443,70.909
2026-07-14 05:43:26,46,54,0,0,9.445,70.953
2026-07-14 05:43:30,45,53,0,0,9.437,70.974
2026-07-14 05:43:54,45,53,0,0,9.435,70.997
2026-07-14 05:44:22,45,52,0,0,9.453,71.02
2026-07-14 05:44:25,45,52,0,0,9.451,71.022
2026-07-14 05:44:38,45,52,0,0,9.469,71.001
2026-07-14 05:44:41,45,52,0,0,9.459,70.991
2026-07-14 05:45:49,43,52,0,0,9.475,70.911
2026-07-14 05:47:37,44,52,0,0,9.504,70.78
2026-07-14 05:50:02,41,48,0,0,9.549,70.663
2026-07-14 05:52:37,40,50,0,0,9.582,70.514
2026-07-14 05:57:37,43,52,0,0,9.606,70.181
2026-07-14 05:59:22,41,48,0,0,9.635,70.291
2026-07-14 06:00:02,41,47,0,0,9.63,70.284
2026-07-14 06:02:37,40,46,0,0,9.603,70.432
2026-07-14 06:07:37,41,49,0,0,9.616,70.535
2026-07-14 06:12:37,47,56,0,0,9.587,70.177
2026-07-14 06:16:58,47,54,0,0,9.563,70.074
2026-07-14 06:17:28,44,52,0,0,9.563,70.059
2026-07-14 06:17:36,43,50,0,0,9.539,70.057
2026-07-14 06:17:42,43,50,0,0,9.547,70.061
2026-07-14 06:17:58,45,53,0,0,9.56,70.053
2026-07-14 06:18:20,41,48,0,0,9.565,70.078
2026-07-14 06:18:24,42,48,0,0,9.557,70.051
2026-07-14 06:18:42,42,52,0,0,9.552,70.089
2026-07-14 06:19:06,43,50,0,0,9.547,70.127
2026-07-14 06:19:18,41,49,0,0,9.549,70.162
2026-07-14 06:19:32,41,48,0,0,9.555,70.158
2026-07-14 06:19:54,41,48,0,0,9.555,70.144
2026-07-14 06:19:57,41,50,0,0,9.531,70.148
2026-07-14 06:20:08,42,51,0,0,9.544,70.152
2026-07-14 06:20:44,43,52,0,0,9.555,70.286
2026-07-14 06:22:37,41,48,0,0,9.533,70.873
2026-07-14 06:22:39,41,48,0,0,9.536,70.833
2026-07-14 06:27:37,39,47,0,0,9.576,71.052
2026-07-14 06:32:37,40,49,0,0,9.557,71.327
2026-07-14 06:32:39,40,49,0,0,9.56,71.335
2026-07-14 06:37:37,43,50,0,0,9.533,71.497
2026-07-14 06:42:37,41,49,0,0,9.523,71.443
2026-07-14 06:46:49,41,46,0,0,9.488,71.377
2026-07-14 06:47:04,41,48,0,0,9.491,71.384
2026-07-14 06:47:37,41,46,0,0,9.467,71.413
2026-07-14 06:48:07,41,48,0,0,9.48,71.426
2026-07-14 06:48:40,45,54,0,0,9.469,71.466
2026-07-14 06:50:34,40,48,0,0,9.461,71.361
2026-07-14 06:51:31,42,52,0,0,9.432,71.266
2026-07-14 06:52:26,42,49,0,0,9.419,71.35
2026-07-14 06:52:37,42,49,0,0,9.445,71.354
2026-07-14 06:57:37,41,48,0,0,9.349,71.535
2026-07-14 07:02:37,52,64,0,0,9.298,71.659
2026-07-14 07:03:04,56,69,0,0,9.322,71.667
2026-07-14 07:03:14,60,72,0,0,9.304,71.665
2026-07-14 07:06:18,46,54,0,0,9.258,71.649
2026-07-14 07:06:26,46,54,0,0,9.258,71.651
2026-07-14 07:07:37,44,52,0,0,9.245,71.605
2026-07-14 07:10:59,45,52,0,0,9.181,71.63
2026-07-14 07:12:37,42,49,0,0,9.146,71.523
2026-07-14 07:17:37,45,54,0,0,9.053,71.211
2026-07-14 07:20:17,46,54,0,0,9.01,71.268
2026-07-14 07:22:37,45,53,0,0,8.965,71.321
2026-07-14 07:22:39,45,54,0,0,8.943,71.31
2026-07-14 07:22:57,45,56,0,0,8.97,71.358
2026-07-14 07:27:37,47,58,0,0,8.877,71.804
2026-07-14 07:32:37,46,55,0,0,8.828,71.745
2026-07-14 07:33:04,48,57,0,0,8.802,71.745
2026-07-14 07:37:37,46,56,0,0,8.7,71.047
2026-07-14 07:37:39,46,56,0,0,8.7,71.07
2026-07-14 07:42:37,50,58,0,0,8.663,70.492
2026-07-14 07:47:37,50,61,0,0,8.585,70.545
2026-07-14 07:48:34,49,61,0,0,8.556,70.484
2026-07-14 07:52:37,48,57,0,0,8.537,70.125
2026-07-14 07:57:37,51,62,0,0,8.46,69.767
2026-07-14 08:02:37,55,65,0,0,8.412,69.288
2026-07-14 08:07:37,54,67,0,0,8.34,69.269
2026-07-14 08:12:00,47,57,0,0,8.278,70.295
2026-07-14 08:12:08,47,57,0,0,8.294,70.303
2026-07-14 08:12:37,47,56,0,0,8.302,70.331
2026-07-14 08:16:14,48,59,0,0,8.278,70.471
2026-07-14 08:17:37,49,57,0,0,8.284,70.476
2026-07-14 08:21:22,47,58,0,0,8.252,70.835
2026-07-14 08:22:37,48,58,0,0,8.292,70.904
2026-07-14 08:25:35,49,59,0,0,8.316,70.738
2026-07-14 08:27:37,45,56,0,0,8.342,70.694
2026-07-14 08:32:37,48,58,0,0,8.404,70.802
2026-07-14 08:37:37,48,57,0,0,8.468,70.709
2026-07-14 08:41:04,50,62,0,0,8.524,70.823
2026-07-14 08:42:37,52,64,0,0,8.561,70.915
2026-07-14 08:47:37,49,58,0,0,8.727,70.726
2026-07-14 08:52:37,49,58,0,0,8.909,70.402
2026-07-14 08:57:37,48,59,0,0,9.106,70.257
2026-07-14 09:02:37,48,57,0,0,9.379,70.001
2026-07-14 09:07:37,48,57,0,0,9.739,69.544
2026-07-14 09:12:37,49,60,0,0,10.105,69.427
2026-07-14 09:17:37,46,54,0,0,10.524,68.699
2026-07-14 09:22:37,45,53,0,0,10.879,67.775
2026-07-14 09:27:37,47,56,0,0,11.186,66.78
2026-07-14 09:32:37,61,76,0,0,11.397,66.086
2026-07-14 09:37:37,74,82,0,0,11.656,65.569
2026-07-14 09:42:37,54,68,0,0,11.886,64.712
2026-07-14 09:47:37,47,57,0,0,12.108,63.852
2026-07-14 09:52:37,51,64,0,0,12.289,62.894
2026-07-14 09:57:37,46,55,0,0,12.449,62.095
2026-07-14 10:01:57,46,57,0,0,12.626,62.166
2026-07-14 10:02:11,49,60,0,0,12.615,62.173
2026-07-14 10:02:15,48,59,0,0,12.631,62.204
2026-07-14 10:02:37,49,60,0,0,12.668,62.191
2026-07-14 10:05:21,52,63,0,0,12.81,61.899
2026-07-14 10:07:37,52,64,0,0,12.965,61.592
2026-07-14 10:12:37,49,60,0,0,13.299,60.539
2026-07-14 10:15:37,51,62,0,0,13.443,60.005
2026-07-14 10:15:58,51,62,0,0,13.467,59.995
2026-07-14 10:17:08,48,58,0,0,13.515,59.579
2026-07-14 10:17:37,49,58,0,0,13.528,59.496
2026-07-14 10:22:37,46,55,0,0,13.699,58.515
2026-07-14 10:27:38,52,63,0,0,13.921,57.666
2026-07-14 10:32:38,51,64,0,0,14.121,56.947
2026-07-14 10:34:09,54,66,0,0,14.196,56.766
2026-07-14 10:37:37,51,62,0,0,14.364,56.352
2026-07-14 10:42:37,47,59,0,0,14.644,55.431
2026-07-14 10:45:15,49,61,0,0,14.751,55.088
2026-07-14 10:47:37,50,59,0,0,14.879,55.013
2026-07-14 10:52:37,48,59,0,0,15.213,54.424
2026-07-14 10:57:37,47,56,0,0,15.6,53.487
2026-07-14 10:58:40,45,55,0,0,15.699,53.3
2026-07-14 11:02:38,44,54,0,0,16.025,51.778
2026-07-14 11:07:37,43,51,0,0,16.332,51.412
2026-07-14 11:12:37,44,53,0,0,16.738,50.26
2026-07-14 11:17:37,44,54,0,0,17.131,49.343
2026-07-14 11:22:37,44,52,0,0,17.63,48.038
2026-07-14 11:27:37,45,56,0,0,18.044,46.768
2026-07-14 11:32:37,42,52,0,0,18.447,45.955
2026-07-14 11:37:37,43,53,0,0,18.671,45.337
2026-07-14 11:40:05,49,61,0,0,18.797,46.142
2026-07-14 11:42:37,51,62,0,0,18.85,45.967
2026-07-14 11:43:42,49,61,0,0,18.848,45.963
2026-07-14 11:47:37,50,62,0,0,18.933,46.089
2026-07-14 11:50:06,50,61,0,0,19.08,45.944
2026-07-14 11:52:37,49,61,0,0,19.171,45.915
2026-07-14 11:56:14,50,61,0,0,19.347,44.942
2026-07-14 11:56:31,50,62,0,0,19.344,44.834
2026-07-14 11:57:16,46,56,0,0,19.366,44.631
2026-07-14 11:57:37,46,58,0,0,19.406,44.624
2026-07-14 12:02:38,44,53,0,0,19.558,44.153
2026-07-14 12:07:33,41,47,0,0,19.801,43.334
2026-07-14 12:07:38,40,46,0,0,19.822,43.342
2026-07-14 12:09:31,39,48,0,0,19.937,43.481
2026-07-14 12:12:37,41,50,0,0,20.199,43.367
2026-07-14 12:15:07,40,48,0,0,20.346,43.02
2026-07-14 12:17:37,41,48,0,0,20.343,43.189
2026-07-14 12:17:39,42,49,0,0,20.335,43.182
2026-07-14 12:22:39,43,51,0,0,20.204,43.516
2026-07-14 12:27:39,35,42,0,0,20.012,43.237
2026-07-14 12:32:39,26,28,0,0,19.945,42.543
2026-07-14 12:37:39,26,29,0,0,20.124,42.631
2026-07-14 12:42:39,25,26,0,0,20.356,42.304
2026-07-14 12:47:39,12,14,0,0,20.487,41.833
2026-07-14 12:50:13,16,19,0,0,20.527,41.711
2026-07-14 12:52:39,8,12,0,0,20.519,41.446
2026-07-14 12:57:39,5,6,0,0,20.41,41.013
2026-07-14 13:02:39,4,4,0,0,20.161,41.044
2026-07-14 13:07:39,9,11,0,0,19.87,41.446
2026-07-14 13:12:39,1,1,0,0,19.542,42.47
2026-07-14 13:17:39,4,5,0,0,19.414,42.697
2026-07-14 13:22:39,3,3,0,0,19.651,42.981
2026-07-14 13:27:39,2,2,0,0,20.284,42.098
2026-07-14 13:32:39,4,4,0,0,21.019,40.719
2026-07-14 13:37:39,11,11,0,0,21.838,39.623
2026-07-14 13:42:39,4,4,0,0,22.762,37.668
2026-07-14 13:47:39,3,3,0,0,23.534,36.588
2026-07-14 13:48:44,2,4,0,0,23.681,36.399
2026-07-14 13:51:15,1,2,0,0,24.028,35.995
2026-07-14 13:52:39,2,2,0,0,24.204,35.567
2026-07-14 13:54:45,0,0,0,0,24.397,35.495
2026-07-14 13:57:39,0,0,0,0,24.541,35.188
2026-07-14 13:57:41,0,0,0,0,24.543,35.165
2026-07-14 14:02:39,0,0,0,0,24.458,35.377
2026-07-14 14:07:39,0,0,0,0,24.364,35.461
2026-07-14 14:12:39,0,0,0,0,24.319,35.361
2026-07-14 14:17:39,0,0,0,0,24.007,35.539
2026-07-14 14:22:39,0,0,0,0,23.74,36.176
2026-07-14 14:27:39,0,0,0,0,23.4,36.262
2026-07-14 14:32:39,0,1,0,0,22.965,36.685
2026-07-14 14:37:39,1,1,0,0,22.439,37.324
2026-07-14 14:42:39,0,0,0,0,21.945,38.278
2026-07-14 14:47:39,2,2,0,0,21.571,38.774
2026-07-14 14:52:39,2,3,0,0,21.216,38.987
2026-07-14 14:57:39,0,1,0,0,20.914,39.621
2026-07-14 14:57:42,1,2,0,0,20.914,39.644
2026-07-14 15:02:40,2,3,0,0,20.645,40.3
2026-07-14 15:02:46,1,2,0,0,20.615,40.34
2026-07-14 15:07:39,2,2,0,0,20.444,40.817
2026-07-14 15:12:40,1,2,0,0,20.322,41.177
2026-07-14 15:16:17,3,3,0,0,20.231,41.333
2026-07-14 15:17:40,3,4,0,0,20.172,41.429
2026-07-14 15:21:17,3,3,0,0,20.076,41.658
2026-07-14 15:22:40,3,3,0,0,20.028,41.766
2026-07-14 15:27:40,11,12,0,0,19.886,42.392
2026-07-14 15:32:40,2,2,0,0,19.886,42.611
2026-07-14 15:37:40,2,2,0,0,19.9,42.678
2026-07-14 15:38:47,3,3,0,0,19.846,42.699
2026-07-14 15:42:40,1,1,0,0,19.774,42.833
2026-07-14 15:47:40,1,1,0,0,19.691,42.966
2026-07-14 15:52:39,5,5,0,0,19.593,43.403
2026-07-14 16:03:44,8,8,0,0,19.419,43.895
2026-07-14 16:08:36,3,4,0,0,19.248,44.135
2026-07-14 16:12:40,14,14,0,0,19.064,44.454
2026-07-14 16:17:40,6,6,0,0,18.874,44.961
2026-07-14 16:22:40,26,28,0,0,18.719,45.501
2026-07-14 16:27:40,19,19,0,0,18.519,46.047
2026-07-14 16:32:40,30,33,0,0,18.324,46.596
2026-07-14 16:35:26,12,12,0,0,18.204,46.825
2026-07-14 16:37:40,21,21,0,0,18.132,47.075
2026-07-14 16:42:40,15,16,0,0,17.953,47.647
2026-07-14 16:47:39,9,12,0,0,17.811,47.988
2026-07-14 16:52:40,5,5,0,0,17.675,48.566
2026-07-14 16:56:00,20,20,0,0,17.576,48.379
2026-07-14 16:57:40,22,22,0,0,17.518,48.631
2026-07-14 16:57:57,19,19,0,0,17.523,48.658
2026-07-14 17:02:39,7,7,0,0,17.315,49.045
2026-07-14 17:07:27,27,27,0,0,17.12,49.585
2026-07-14 17:07:39,25,25,0,0,17.12,49.613
2026-07-14 17:12:40,20,20,0,0,16.914,49.848
2026-07-14 17:16:01,19,19,0,0,16.791,50.31
2026-07-14 17:17:39,27,28,0,0,16.751,50.481
2026-07-14 17:19:57,29,30,0,0,16.621,50.71
2026-07-14 17:22:39,35,40,0,0,16.556,50.817
2026-07-14 17:26:57,39,46,0,0,16.391,51.311
2026-07-14 17:27:39,39,46,0,0,16.38,51.498
2026-07-14 17:29:55,30,34,0,0,16.297,51.7
2026-07-14 17:32:39,16,18,0,0,16.191,51.872
2026-07-14 17:37:39,23,23,0,0,15.974,52.52
2026-07-14 17:40:38,33,36,0,0,15.838,52.734
2026-07-14 17:42:21,31,32,0,0,15.777,52.814
2026-07-14 17:42:39,29,30,0,0,15.747,52.856
2026-07-14 17:47:39,20,22,0,0,15.574,53.417
2026-07-14 17:48:02,20,20,0,0,15.526,53.497
2026-07-14 17:50:00,20,23,0,0,15.478,53.661
2026-07-14 17:52:00,13,15,0,0,15.392,53.804
2026-07-14 17:52:39,13,15,0,0,15.397,53.836
2026-07-14 17:57:40,5,5,0,0,15.24,54.441
2026-07-14 18:02:40,16,16,0,0,15.114,55.114
2026-07-14 18:07:42,26,28,0,0,15.024,55.702
2026-07-14 18:12:40,11,12,0,0,14.89,56.118
2026-07-14 18:17:40,18,20,0,0,14.791,56.682
2026-07-14 18:18:16,18,19,0,0,14.773,56.797
2026-07-14 18:21:30,24,25,0,0,14.703,57.022
2026-07-14 18:22:40,23,23,0,0,14.687,57.096
2026-07-14 18:23:28,24,24,0,0,14.671,57.09
2026-07-14 18:27:40,35,40,0,0,14.586,57.478
2026-07-14 18:32:40,44,54,0,0,14.436,57.684
2026-07-14 18:37:40,38,44,0,0,14.348,57.834
2026-07-14 18:42:40,38,43,0,0,14.217,58.073
2026-07-14 18:45:01,43,52,0,0,14.172,58.294
2026-07-14 18:47:40,49,60,0,0,14.118,58.347
2026-07-14 18:52:40,49,58,0,0,13.956,59.509
2026-07-14 18:54:31,43,50,0,0,13.913,59.776
2026-07-14 18:57:40,25,26,0,0,13.886,60.056
2026-07-14 19:02:40,27,29,0,0,13.841,59.976
2026-07-14 19:07:40,65,75,0,0,13.801,59.73
2026-07-14 19:12:40,31,31,0,0,13.777,59.785
2026-07-14 19:17:40,14,18,0,0,13.699,59.99
2026-07-14 19:22:40,14,18,0,0,13.654,60.276
2026-07-14 19:27:40,12,13,0,0,13.632,60.258
2026-07-14 19:32:40,19,20,0,0,13.688,60.266
2026-07-14 19:37:40,16,18,0,0,13.777,60.276
2026-07-14 19:42:40,50,63,0,0,13.798,60.144
2026-07-14 19:46:03,62,76,0,0,13.825,60.22
2026-07-14 19:47:40,62,76,0,0,13.817,60.207
2026-07-14 19:52:40,30,34,0,0,13.854,60.108
2026-07-14 19:56:33,38,43,0,0,13.857,60.396
2026-07-14 19:57:40,34,35,0,0,13.849,60.478
2026-07-14 20:02:40,37,41,0,0,13.774,60.793
2026-07-14 20:07:40,27,27,0,0,13.68,60.772
2026-07-14 20:08:33,30,31,0,0,13.654,60.783
2026-07-14 20:12:40,25,25,0,0,13.566,60.865
2026-07-14 20:17:40,29,29,0,0,13.486,60.814
2026-07-14 20:20:44,25,27,0,0,13.443,60.939
2026-07-14 20:22:40,31,32,0,0,13.395,60.957
2026-07-14 20:26:22,26,26,0,0,13.381,60.974
2026-07-14 20:26:49,25,26,0,0,13.363,60.96
2026-07-14 20:27:40,24,27,0,0,13.371,60.951
2026-07-14 20:29:11,23,24,0,0,13.352,60.947
2026-07-14 20:32:40,23,23,0,0,13.325,60.848
2026-07-14 20:37:33,23,23,0,0,13.307,60.773
2026-07-14 20:37:40,23,23,0,0,13.28,60.796
2026-07-14 20:37:46,23,23,0,0,13.277,60.81
2026-07-14 20:39:35,21,23,0,0,13.259,60.793
2026-07-14 20:42:40,19,19,0,0,13.256,60.819
2026-07-14 20:44:13,18,19,0,0,13.213,60.876
2026-07-14 20:47:40,8,8,0,0,13.224,60.934
2026-07-14 20:48:59,9,11,0,0,13.202,60.968
2026-07-14 20:52:40,8,8,0,0,13.194,60.985
2026-07-14 20:54:01,11,12,0,0,13.216,60.958
2026-07-14 20:57:21,9,12,0,0,13.213,60.951
2026-07-14 20:57:40,8,8,0,0,13.213,60.943
2026-07-14 21:02:40,13,16,0,0,13.152,60.917
2026-07-14 21:02:42,13,16,0,0,13.157,60.913
2026-07-14 21:07:40,23,24,0,0,13.117,61.042
2026-07-14 21:08:47,26,26,0,0,13.117,61.117
2026-07-14 21:10:36,23,23,0,0,13.093,61.153
2026-07-14 21:11:01,20,20,0,0,13.096,61.185
2026-07-14 21:12:30,20,20,0,0,13.08,61.254
2026-07-14 21:12:40,21,21,0,0,13.072,61.248
2026-07-14 21:17:40,9,9,0,0,13.048,61.487
2026-07-14 21:22:40,18,18,0,0,13.037,61.556
2026-07-14 21:27:40,24,25,0,0,13.013,61.634
2026-07-14 21:31:48,27,28,0,0,13.029,61.649
2026-07-14 21:32:40,27,27,0,0,13.016,61.699
2026-07-14 21:37:11,17,18,0,0,12.994,61.771
2026-07-14 21:37:40,17,19,0,0,13.002,61.744
2026-07-14 21:40:40,20,20,0,0,12.943,61.889
2026-07-14 21:41:03,18,18,0,0,12.938,61.874
2026-07-14 21:42:40,18,19,0,0,12.909,61.874
2026-07-14 21:47:09,38,44,0,0,12.847,62.08
2026-07-14 21:47:40,41,48,0,0,12.855,62.111
2026-07-14 21:52:40,54,66,0,0,12.826,62.278
2026-07-14 21:57:40,24,24,0,0,12.77,62.515
2026-07-14 21:58:55,25,25,0,0,12.773,62.545
2026-07-14 21:59:54,20,20,0,0,12.759,62.578
2026-07-14 22:02:40,34,38,0,0,12.757,62.656
2026-07-14 22:07:40,20,21,0,0,12.722,62.561
2026-07-14 22:10:07,25,25,0,0,12.724,62.593
2026-07-14 22:12:40,24,26,0,0,12.711,62.662
2026-07-14 22:17:40,29,30,0,0,12.66,62.833
2026-07-14 22:18:47,26,27,0,0,12.62,62.786
2026-07-14 22:20:14,25,26,0,0,12.596,62.807
2026-07-14 22:22:40,31,31,0,0,12.588,62.952
2026-07-14 22:23:53,27,27,0,0,12.54,63.028
2026-07-14 22:25:12,26,27,0,0,12.554,63.043
2026-07-14 22:27:24,35,38,0,0,12.514,63.135
2026-07-14 22:27:40,34,38,0,0,12.487,63.175
2026-07-14 22:32:40,29,30,0,0,12.425,63.488
2026-07-14 22:37:40,28,28,0,0,12.327,63.81
2026-07-14 22:42:40,25,25,0,0,12.244,64.136
2026-07-14 22:47:40,20,21,0,0,12.177,64.451
2026-07-14 22:52:40,46,55,0,0,12.124,64.737
2026-07-14 22:57:40,41,49,0,0,12.1,65.071
2026-07-14 23:02:40,43,50,0,0,12.022,65.407
2026-07-14 23:07:40,40,45,0,0,11.95,65.756
2026-07-14 23:12:40,52,64,0,0,11.921,65.721
2026-07-14 23:14:07,46,55,0,0,11.913,65.811
2026-07-14 23:17:40,40,47,0,0,11.857,65.584
2026-07-14 23:18:31,41,47,0,0,11.87,65.624
2026-07-14 23:22:40,41,49,0,0,11.806,65.939
2026-07-14 23:24:42,40,46,0,0,11.79,65.99
2026-07-14 23:27:40,38,45,0,0,11.739,66.044
2026-07-14 23:32:40,39,46,0,0,11.678,66.253
2026-07-14 23:33:37,53,65,0,0,11.68,66.253
2026-07-14 23:37:40,45,53,0,0,11.59,66.364
2026-07-14 23:38:39,48,58,0,0,11.592,66.393
2026-07-14 23:42:40,36,38,0,0,11.552,66.456
2026-07-14 23:47:40,38,43,0,0,11.488,67.009
2026-07-14 23:52:40,36,42,0,0,11.488,67.341
2026-07-14 23:57:40,35,38,0,0,11.459,67.369
2026-07-15 00:00:22,33,36,0,0,11.448,67.15
2026-07-15 00:02:40,32,32,0,0,11.435,66.93
2026-07-15 00:03:25,33,34,0,0,11.416,66.965
2026-07-15 00:07:10,33,36,0,0,11.4,66.976
2026-07-15 00:07:40,33,38,0,0,11.381,66.93
2026-07-15 00:12:40,44,54,0,0,11.347,67.278
2026-07-15 00:16:19,39,46,0,0,11.355,67.476
2026-07-15 00:17:40,44,52,0,0,11.339,67.425
2026-07-15 00:19:10,44,52,0,0,11.312,67.306
2026-07-15 00:20:09,43,50,0,0,11.328,67.285
2026-07-15 00:22:40,40,46,0,0,11.309,67.264
2026-07-15 00:27:13,42,50,0,0,11.296,67.178
2026-07-15 00:27:40,40,45,0,0,11.275,67.175
2026-07-15 00:27:43,40,46,0,0,11.285,67.175
2026-07-15 00:32:40,39,45,0,0,11.226,67.272
2026-07-15 00:33:05,38,43,0,0,11.21,67.268
2026-07-15 00:35:27,37,41,0,0,11.213,67.23
2026-07-15 00:35:31,36,40,0,0,11.194,67.22
2026-07-15 00:35:43,35,37,0,0,11.184,67.201
2026-07-15 00:36:13,38,41,0,0,11.192,67.217
2026-07-15 00:37:40,35,40,0,0,11.189,67.253
2026-07-15 00:38:29,35,39,0,0,11.178,67.291
2026-07-15 00:39:32,33,37,0,0,11.176,67.249
2026-07-15 00:42:04,31,32,0,0,11.194,67.245
2026-07-15 00:42:40,31,32,0,0,11.16,67.295
2026-07-15 00:43:29,33,37,0,0,11.157,67.325
2026-07-15 00:47:40,33,34,0,0,11.176,67.449
2026-07-15 00:48:19,33,36,0,0,11.152,67.474
2026-07-15 00:52:40,31,33,0,0,11.141,67.611
2026-07-15 00:54:37,32,37,0,0,11.141,67.701
2026-07-15 00:56:47,31,31,0,0,11.16,67.716
2026-07-15 00:57:08,33,37,0,0,11.133,67.674
2026-07-15 00:57:40,33,38,0,0,11.144,67.655
2026-07-15 00:58:27,35,37,0,0,11.16,67.631
2026-07-15 01:02:40,33,33,0,0,11.138,67.621
2026-07-15 01:07:41,29,29,0,0,11.152,67.276
2026-07-15 01:08:42,29,30,0,0,11.144,67.236
2026-07-15 01:12:40,30,30,0,0,11.13,67.234
2026-07-15 01:15:35,30,30,0,0,11.104,67.247
2026-07-15 01:15:50,31,31,0,0,11.09,67.281
2026-07-15 01:17:40,28,29,0,0,11.08,67.396
2026-07-15 01:19:58,31,32,0,0,11.066,67.358
2026-07-15 01:20:05,32,32,0,0,11.064,67.373
2026-07-15 01:22:16,31,31,0,0,11.045,67.274
2026-07-15 01:22:40,32,33,0,0,11.045,67.241
2026-07-15 01:22:43,32,33,0,0,11.032,67.245
2026-07-15 01:27:19,31,31,0,0,11.048,67.228
2026-07-15 01:27:26,31,31,0,0,11.058,67.239
2026-07-15 01:27:40,32,32,0,0,11.056,67.239
2026-07-15 01:28:15,30,32,0,0,11.085,67.255
2026-07-15 01:30:15,33,37,0,0,11.034,67.102
2026-07-15 01:30:32,33,34,0,0,11.069,67.081
2026-07-15 01:31:38,30,31,0,0,11.066,67.022
2026-07-15 01:32:41,32,33,0,0,11.072,67.02
2026-07-15 01:34:59,30,32,0,0,11.029,66.938
2026-07-15 01:37:40,30,32,0,0,11.034,66.925
2026-07-15 01:38:51,30,30,0,0,11.048,66.932
2026-07-15 01:42:40,29,31,0,0,11.045,66.77
2026-07-15 01:47:41,33,33,0,0,11.021,66.616
2026-07-15 01:48:07,33,37,0,0,11.018,66.599
2026-07-15 01:51:12,32,34,0,0,11.01,66.519
2026-07-15 01:52:40,31,32,0,0,11.018,66.49
2026-07-15 01:57:40,28,30,0,0,11.01,66.457
2026-07-15 02:02:41,28,30,0,0,10.954,66.2
2026-07-15 02:07:40,31,35,0,0,10.973,65.984
2026-07-15 02:12:41,29,31,0,0,10.981,65.803
2026-07-15 02:12:45,29,31,0,0,10.981,65.815
2026-07-15 02:14:47,30,31,0,0,11.007,65.67
2026-07-15 02:17:40,31,32,0,0,11.007,65.609
2026-07-15 02:22:03,31,32,0,0,11.029,65.481
2026-07-15 02:22:40,29,30,0,0,11.034,65.439
2026-07-15 02:25:48,27,29,0,0,11.042,65.347
2026-07-15 02:27:41,29,29,0,0,11.042,65.298
2026-07-15 02:31:49,30,31,0,0,11.048,65.26
2026-07-15 02:32:41,29,31,0,0,11.032,65.244
2026-07-15 02:33:09,27,29,0,0,11.048,65.262
2026-07-15 02:34:35,29,29,0,0,11.026,65.096
2026-07-15 02:34:38,29,29,0,0,11.018,65.099
2026-07-15 02:34:42,29,29,0,0,11.026,65.111
2026-07-15 02:35:16,33,33,0,0,11.015,65.118
2026-07-15 02:35:21,32,33,0,0,11.029,65.107
2026-07-15 02:35:24,31,32,0,0,11.048,65.082
2026-07-15 02:35:55,28,28,0,0,11.018,65.096
2026-07-15 02:35:57,28,28,0,0,11.01,65.101
2026-07-15 02:36:01,27,28,0,0,11.021,65.096
2026-07-15 02:36:40,30,31,0,0,10.994,65.09
2026-07-15 02:36:49,31,31,0,0,11.007,65.077
2026-07-15 02:37:21,30,31,0,0,10.994,65.077
2026-07-15 02:37:41,28,28,0,0,11.013,65.033
2026-07-15 02:38:48,29,29,0,0,11.005,65
2026-07-15 02:39:01,29,30,0,0,11.007,65
2026-07-15 02:39:15,31,31,0,0,10.981,64.981
2026-07-15 02:39:21,32,32,0,0,10.989,64.998
2026-07-15 02:39:27,31,31,0,0,10.986,64.998
2026-07-15 02:39:33,29,29,0,0,10.994,65.01
2026-07-15 02:39:56,28,28,0,0,10.997,65.023
2026-07-15 02:40:00,27,29,0,0,10.959,65.01
2026-07-15 02:40:03,28,29,0,0,10.991,65.002
2026-07-15 02:40:08,28,28,0,0,10.957,65.036
2026-07-15 02:40:18,28,28,0,0,10.973,65.052
2026-07-15 02:40:40,25,27,0,0,10.97,65.059
2026-07-15 02:40:41,25,27,0,0,10.97,65.052
2026-07-15 02:40:52,27,28,0,0,10.941,65.082
2026-07-15 02:40:57,26,28,0,0,10.978,65.099
2026-07-15 02:42:41,28,29,0,0,10.957,65.021
2026-07-15 02:47:41,27,28,0,0,10.941,64.998
2026-07-15 02:51:02,25,27,0,0,10.898,64.903
2026-07-15 02:52:40,29,30,0,0,10.874,64.998
2026-07-15 02:56:50,27,29,0,0,10.842,65.153
2026-07-15 02:57:41,24,27,0,0,10.823,65.214
2026-07-15 03:00:29,30,32,0,0,10.813,65.212
2026-07-15 03:02:41,32,32,0,0,10.783,65.405
2026-07-15 03:07:40,29,32,0,0,10.789,65.798
2026-07-15 03:12:40,31,31,0,0,10.799,65.633
2026-07-15 03:15:51,32,34,0,0,10.786,65.698
2026-07-15 03:17:40,31,33,0,0,10.778,65.796
2026-07-15 03:17:53,32,34,0,0,10.791,65.788
2026-07-15 03:18:36,31,33,0,0,10.778,65.786
2026-07-15 03:22:41,31,31,0,0,10.77,65.75
2026-07-15 03:22:53,31,31,0,0,10.732,65.794
2026-07-15 03:27:40,31,33,0,0,10.714,66.217
2026-07-15 03:28:37,33,33,0,0,10.708,66.19
2026-07-15 03:32:40,38,42,0,0,10.679,66.299
2026-07-15 03:37:40,36,38,0,0,10.679,66.379
2026-07-15 03:42:40,38,44,0,0,10.644,66.921
2026-07-15 03:45:26,39,46,0,0,10.631,66.921
2026-07-15 03:45:39,39,45,0,0,10.623,66.929
2026-07-15 03:47:41,40,45,0,0,10.623,66.908
2026-07-15 03:52:20,35,39,0,0,10.642,66.864
2026-07-15 03:52:40,36,38,0,0,10.647,66.854
2026-07-15 03:56:50,37,40,0,0,10.628,66.852
2026-07-15 03:57:41,38,42,0,0,10.628,66.915
2026-07-15 03:57:55,38,43,0,0,10.61,66.896
2026-07-15 04:00:36,41,48,0,0,10.588,67.041
2026-07-15 04:01:07,40,46,0,0,10.583,67.072
2026-07-15 04:01:19,37,45,0,0,10.602,67.098
2026-07-15 04:02:41,38,45,0,0,10.57,67.125
2026-07-15 04:05:37,41,46,0,0,10.564,67.201
2026-07-15 04:07:40,39,43,0,0,10.564,67.276
2026-07-15 04:12:41,39,44,0,0,10.546,67.329
2026-07-15 04:15:20,39,44,0,0,10.511,67.426
2026-07-15 04:17:41,38,44,0,0,10.5,67.491
2026-07-15 04:22:41,40,51,0,0,10.476,67.651
2026-07-15 04:27:40,40,45,0,0,10.425,68.359
2026-07-15 04:31:34,40,44,0,0,10.377,69.139
2026-07-15 04:32:41,39,46,0,0,10.361,69.137
2026-07-15 04:36:48,40,47,0,0,10.327,69.717
2026-07-15 04:37:41,40,47,0,0,10.34,69.792
2026-07-15 04:42:41,40,47,0,0,10.321,69.772
2026-07-15 04:47:41,40,47,0,0,10.26,70.02
2026-07-15 04:52:41,40,46,0,0,10.214,70.209
2026-07-15 04:52:59,41,46,0,0,10.228,70.244
2026-07-15 04:53:02,40,45,0,0,10.22,70.249
2026-07-15 04:53:06,41,47,0,0,10.233,70.238
2026-07-15 04:53:46,41,49,0,0,10.196,70.238
2026-07-15 04:53:48,39,49,0,0,10.201,70.236
2026-07-15 04:54:23,38,46,0,0,10.214,70.251
2026-07-15 04:55:01,39,46,0,0,10.217,70.228
2026-07-15 04:55:08,41,47,0,0,10.206,70.244
2026-07-15 04:55:42,41,45,0,0,10.201,70.261
2026-07-15 04:55:46,41,46,0,0,10.206,70.244
2026-07-15 04:56:01,42,49,0,0,10.193,70.299
2026-07-15 04:56:37,42,47,0,0,10.196,70.385
2026-07-15 04:56:43,43,48,0,0,10.177,70.385
2026-07-15 04:57:01,43,51,0,0,10.19,70.396
2026-07-15 04:57:07,41,48,0,0,10.169,70.413
2026-07-15 04:57:28,41,48,0,0,10.188,70.423
2026-07-15 04:57:41,40,44,0,0,10.185,70.423
2026-07-15 04:57:48,39,44,0,0,10.188,70.438
2026-07-15 04:58:02,40,45,0,0,10.169,70.432
2026-07-15 04:58:09,39,43,0,0,10.174,70.429
2026-07-15 04:58:33,40,45,0,0,10.185,70.488
2026-07-15 04:59:23,39,44,0,0,10.164,70.49
2026-07-15 04:59:43,39,45,0,0,10.172,70.509
2026-07-15 04:59:48,40,44,0,0,10.174,70.52
2026-07-15 05:00:00,39,44,0,0,10.153,70.509
2026-07-15 05:00:29,40,45,0,0,10.132,70.503
2026-07-15 05:00:33,41,46,0,0,10.174,70.501
2026-07-15 05:00:55,41,46,0,0,10.148,70.526
2026-07-15 05:01:03,41,46,0,0,10.137,70.555
2026-07-15 05:01:19,41,46,0,0,10.153,70.579
2026-07-15 05:01:35,41,46,0,0,10.142,70.566
2026-07-15 05:02:04,41,51,0,0,10.164,70.566
2026-07-15 05:02:09,41,51,0,0,10.148,70.572
2026-07-15 05:02:12,41,51,0,0,10.145,70.574
2026-07-15 05:02:20,41,49,0,0,10.148,70.623
2026-07-15 05:02:37,41,48,0,0,10.142,70.617
2026-07-15 05:02:41,41,47,0,0,10.132,70.623
2026-07-15 05:02:45,41,48,0,0,10.132,70.665
2026-07-15 05:03:07,41,46,0,0,10.145,70.715
2026-07-15 05:03:27,41,47,0,0,10.137,70.755
2026-07-15 05:03:37,41,51,0,0,10.137,70.793
2026-07-15 05:04:36,41,46,0,0,10.113,70.843
2026-07-15 05:04:42,41,46,0,0,10.142,70.843
2026-07-15 05:04:45,41,48,0,0,10.14,70.856
2026-07-15 05:04:52,42,49,0,0,10.121,70.85
2026-07-15 05:05:25,40,44,0,0,10.132,70.862
2026-07-15 05:05:27,40,44,0,0,10.113,70.865
2026-07-15 05:05:36,37,45,0,0,10.126,70.894
2026-07-15 05:05:46,38,45,0,0,10.126,70.871
2026-07-15 05:06:25,41,45,0,0,10.116,70.915
2026-07-15 05:06:47,40,47,0,0,10.124,70.915
2026-07-15 05:06:54,40,45,0,0,10.121,70.946
2026-07-15 05:07:15,40,47,0,0,10.132,70.944
2026-07-15 05:07:41,38,43,0,0,10.121,70.902
2026-07-15 05:08:28,40,45,0,0,10.132,70.942
2026-07-15 05:11:08,42,49,0,0,10.156,70.968
2026-07-15 05:11:27,40,45,0,0,10.145,70.98
2026-07-15 05:11:39,38,44,0,0,10.134,70.965
2026-07-15 05:12:05,41,47,0,0,10.145,70.986
2026-07-15 05:12:10,41,47,0,0,10.14,71.012
2026-07-15 05:12:34,40,48,0,0,10.142,71.008
2026-07-15 05:12:38,39,46,0,0,10.132,71.018
2026-07-15 05:12:41,41,45,0,0,10.148,71.003
2026-07-15 05:12:45,41,46,0,0,10.142,70.991
2026-07-15 05:12:53,40,45,0,0,10.148,70.978
2026-07-15 05:13:06,42,49,0,0,10.15,70.97
2026-07-15 05:13:13,41,47,0,0,10.116,70.934
2026-07-15 05:13:15,41,46,0,0,10.121,70.961
2026-07-15 05:13:20,41,47,0,0,10.153,70.955
2026-07-15 05:13:40,42,48,0,0,10.145,70.965
2026-07-15 05:14:00,41,47,0,0,10.14,70.938
2026-07-15 05:14:18,41,49,0,0,10.156,70.942
2026-07-15 05:14:24,40,50,0,0,10.15,70.934
2026-07-15 05:14:27,40,48,0,0,10.164,70.947
2026-07-15 05:14:43,41,47,0,0,10.145,70.94
2026-07-15 05:14:57,40,45,0,0,10.161,70.928
2026-07-15 05:15:09,40,47,0,0,10.142,70.919
2026-07-15 05:15:25,40,45,0,0,10.156,70.917
2026-07-15 05:15:43,38,43,0,0,10.156,70.913
2026-07-15 05:15:47,38,44,0,0,10.156,70.925
2026-07-15 05:16:09,38,43,0,0,10.153,70.926
2026-07-15 05:16:55,41,46,0,0,10.158,70.919
2026-07-15 05:17:41,38,43,0,0,10.182,70.787
2026-07-15 05:17:47,39,44,0,0,10.172,70.751
2026-07-15 05:22:41,39,43,0,0,10.209,70.423
2026-07-15 05:22:47,39,44,0,0,10.142,70.402
2026-07-15 05:23:31,40,47,0,0,10.169,70.413
2026-07-15 05:23:45,39,43,0,0,10.161,70.4
2026-07-15 05:23:49,39,42,0,0,10.158,70.406
2026-07-15 05:23:53,39,43,0,0,10.188,70.364
2026-07-15 05:23:57,39,44,0,0,10.169,70.398
2026-07-15 05:24:05,39,45,0,0,10.18,70.404
2026-07-15 05:24:10,39,43,0,0,10.164,70.417
2026-07-15 05:24:19,39,44,0,0,10.169,70.423
2026-07-15 05:24:29,40,43,0,0,10.164,70.442
2026-07-15 05:24:32,40,44,0,0,10.166,70.427
2026-07-15 05:24:42,39,44,0,0,10.196,70.425
2026-07-15 05:25:14,41,47,0,0,10.161,70.398
2026-07-15 05:25:17,40,45,0,0,10.156,70.421
2026-07-15 05:25:43,40,44,0,0,10.148,70.429
2026-07-15 05:26:04,39,47,0,0,10.182,70.442
2026-07-15 05:26:26,39,44,0,0,10.164,70.438
2026-07-15 05:26:34,39,46,0,0,10.158,70.419
2026-07-15 05:26:37,40,45,0,0,10.161,70.438
2026-07-15 05:26:46,40,44,0,0,10.166,70.446
2026-07-15 05:26:54,40,44,0,0,10.142,70.469
2026-07-15 05:27:16,40,45,0,0,10.145,70.457
2026-07-15 05:27:34,39,42,0,0,10.137,70.434
2026-07-15 05:27:40,39,42,0,0,10.137,70.434
2026-07-15 05:27:41,39,42,0,0,10.132,70.423
2026-07-15 05:27:45,38,42,0,0,10.118,70.431
2026-07-15 05:27:48,38,42,0,0,10.142,70.438
2026-07-15 05:28:03,40,43,0,0,10.14,70.415
2026-07-15 05:28:21,41,47,0,0,10.137,70.402
2026-07-15 05:28:27,42,48,0,0,10.137,70.421
2026-07-15 05:28:37,42,48,0,0,10.156,70.404
2026-07-15 05:28:45,41,46,0,0,10.118,70.41
2026-07-15 05:28:53,40,44,0,0,10.137,70.408
2026-07-15 05:30:09,40,44,0,0,10.126,70.417
2026-07-15 05:30:14,40,45,0,0,10.132,70.406
2026-07-15 05:30:26,40,47,0,0,10.126,70.453
2026-07-15 05:30:32,40,46,0,0,10.116,70.465
2026-07-15 05:30:37,40,47,0,0,10.132,70.461
2026-07-15 05:31:04,42,51,0,0,10.121,70.524
2026-07-15 05:31:14,42,51,0,0,10.116,70.543
2026-07-15 05:31:38,41,49,0,0,10.118,70.572
2026-07-15 05:31:42,41,49,0,0,10.094,70.589
2026-07-15 05:31:45,41,49,0,0,10.118,70.593
2026-07-15 05:32:09,39,46,0,0,10.129,70.642
2026-07-15 05:32:14,41,47,0,0,10.113,70.623
2026-07-15 05:32:40,41,46,0,0,10.105,70.625
2026-07-15 05:32:42,41,46,0,0,10.084,70.642
2026-07-15 05:32:51,42,49,0,0,10.086,70.623
2026-07-15 05:33:20,41,49,0,0,10.105,70.608
2026-07-15 05:33:30,41,47,0,0,10.094,70.617
2026-07-15 05:33:38,41,46,0,0,10.108,70.602
2026-07-15 05:34:05,40,48,0,0,10.11,70.644
2026-07-15 05:34:12,41,48,0,0,10.086,70.629
2026-07-15 05:34:19,41,47,0,0,10.102,70.665
2026-07-15 05:34:33,41,48,0,0,10.078,70.686
2026-07-15 05:34:42,42,49,0,0,10.086,70.677
2026-07-15 05:34:47,42,49,0,0,10.105,70.68
2026-07-15 05:34:51,42,49,0,0,10.084,70.73
2026-07-15 05:35:21,41,46,0,0,10.084,70.77
2026-07-15 05:35:47,41,47,0,0,10.108,70.778
2026-07-15 05:35:50,41,46,0,0,10.102,70.787
2026-07-15 05:35:53,41,47,0,0,10.084,70.78
2026-07-15 05:36:21,41,48,0,0,10.094,70.814
2026-07-15 05:36:39,42,49,0,0,10.11,70.85
2026-07-15 05:36:45,42,49,0,0,10.084,70.837
2026-07-15 05:36:51,42,49,0,0,10.1,70.862
2026-07-15 05:37:02,41,48,0,0,10.113,70.883
2026-07-15 05:37:09,40,46,0,0,10.108,70.877
2026-07-15 05:37:19,40,47,0,0,10.108,70.89
2026-07-15 05:37:22,40,47,0,0,10.116,70.904
2026-07-15 05:37:26,41,48,0,0,10.105,70.879
2026-07-15 05:37:33,41,47,0,0,10.116,70.877
2026-07-15 05:37:42,40,47,0,0,10.1,70.907
2026-07-15 05:37:51,41,47,0,0,10.102,70.909
2026-07-15 05:37:57,40,47,0,0,10.113,70.9
2026-07-15 05:38:01,40,46,0,0,10.108,70.896
2026-07-15 05:38:06,40,46,0,0,10.116,70.898
2026-07-15 05:38:22,41,46,0,0,10.11,70.894
2026-07-15 05:38:28,41,49,0,0,10.145,70.925
2026-07-15 05:38:32,41,49,0,0,10.118,70.9
2026-07-15 05:38:40,39,46,0,0,10.108,70.934
2026-07-15 05:39:03,40,47,0,0,10.126,70.898
2026-07-15 05:39:12,40,47,0,0,10.116,70.925
2026-07-15 05:39:16,41,48,0,0,10.134,70.904
2026-07-15 05:39:33,40,45,0,0,10.121,70.942
2026-07-15 05:39:51,41,49,0,0,10.15,70.9
2026-07-15 05:39:55,42,49,0,0,10.145,70.938
2026-07-15 05:40:07,40,47,0,0,10.142,70.911
2026-07-15 05:40:47,41,49,0,0,10.156,70.873
2026-07-15 05:40:53,41,48,0,0,10.14,70.877
2026-07-15 05:41:15,41,47,0,0,10.145,70.843
2026-07-15 05:41:37,41,48,0,0,10.158,70.776
2026-07-15 05:42:15,41,48,0,0,10.164,70.671
2026-07-15 05:42:34,42,51,0,0,10.164,70.602
2026-07-15 05:42:42,41,52,0,0,10.172,70.574
2026-07-15 05:43:32,43,49,0,0,10.196,70.392
2026-07-15 05:44:24,41,51,0,0,10.185,70.205
2026-07-15 05:45:38,40,45,0,0,10.233,69.961
2026-07-15 05:45:47,39,44,0,0,10.214,69.959
2026-07-15 05:46:00,40,47,0,0,10.225,69.912
2026-07-15 05:46:32,40,46,0,0,10.249,69.834
2026-07-15 05:46:53,39,43,0,0,10.228,69.784
2026-07-15 05:46:58,38,43,0,0,10.217,69.734
2026-07-15 05:47:01,39,44,0,0,10.252,69.755
2026-07-15 05:47:04,40,45,0,0,10.228,69.731
2026-07-15 05:47:42,40,46,0,0,10.252,69.645
2026-07-15 05:48:16,40,46,0,0,10.26,69.561
2026-07-15 05:48:39,40,44,0,0,10.254,69.53
2026-07-15 05:49:11,40,44,0,0,10.254,69.479
2026-07-15 05:49:15,40,45,0,0,10.289,69.49
2026-07-15 05:50:24,41,48,0,0,10.276,69.389
2026-07-15 05:50:27,39,46,0,0,10.292,69.378
2026-07-15 05:50:34,41,48,0,0,10.286,69.368
2026-07-15 05:51:26,45,54,0,0,10.319,69.341
2026-07-15 05:51:43,42,51,0,0,10.292,69.288
2026-07-15 05:51:52,42,51,0,0,10.286,69.298
2026-07-15 05:52:05,40,47,0,0,10.297,69.269
2026-07-15 05:52:19,41,48,0,0,10.305,69.273
2026-07-15 05:52:27,40,46,0,0,10.308,69.244
2026-07-15 05:52:42,40,45,0,0,10.297,69.24
2026-07-15 05:53:02,40,45,0,0,10.321,69.189
2026-07-15 05:53:07,40,45,0,0,10.3,69.166
2026-07-15 05:53:27,36,39,0,0,10.3,69.141
2026-07-15 05:53:41,37,41,0,0,10.332,69.158
2026-07-15 05:53:48,38,41,0,0,10.311,69.132
2026-07-15 05:54:04,39,45,0,0,10.329,69.111
2026-07-15 05:54:08,40,46,0,0,10.313,69.122
2026-07-15 05:54:46,37,42,0,0,10.308,69.113
2026-07-15 05:55:02,38,45,0,0,10.319,69.072
2026-07-15 05:55:10,37,44,0,0,10.329,69.08
2026-07-15 05:55:50,39,44,0,0,10.324,69.048
2026-07-15 05:56:23,37,42,0,0,10.308,69.015
2026-07-15 05:56:35,36,43,0,0,10.337,69.038
2026-07-15 05:57:03,37,42,0,0,10.324,69.013
2026-07-15 05:57:42,38,43,0,0,10.319,68.987
2026-07-15 05:57:46,38,44,0,0,10.329,68.998
2026-07-15 05:57:52,39,44,0,0,10.345,69.004
2026-07-15 05:58:07,40,43,0,0,10.337,68.998
2026-07-15 05:58:32,37,41,0,0,10.343,69.023
2026-07-15 05:58:47,37,39,0,0,10.34,68.989
2026-07-15 05:58:50,37,39,0,0,10.361,68.981
2026-07-15 05:59:06,36,39,0,0,10.324,68.979
2026-07-15 05:59:10,36,38,0,0,10.345,68.962
2026-07-15 05:59:17,36,39,0,0,10.348,68.971
2026-07-15 05:59:46,36,40,0,0,10.345,68.945
2026-07-15 06:00:01,34,37,0,0,10.356,68.96
2026-07-15 06:00:31,37,42,0,0,10.361,68.935
2026-07-15 06:00:37,37,42,0,0,10.367,68.926
2026-07-15 06:01:07,34,35,0,0,10.372,68.935
2026-07-15 06:01:30,33,34,0,0,10.407,68.941
2026-07-15 06:01:51,34,37,0,0,10.361,68.916
2026-07-15 06:02:15,34,35,0,0,10.364,68.908
2026-07-15 06:02:35,33,35,0,0,10.372,68.91
2026-07-15 06:02:41,34,37,0,0,10.383,68.922
2026-07-15 06:02:42,34,37,0,0,10.356,68.901
2026-07-15 06:02:54,34,37,0,0,10.38,68.916
2026-07-15 06:03:07,36,38,0,0,10.391,68.92
2026-07-15 06:03:14,36,40,0,0,10.383,68.916
2026-07-15 06:03:54,34,35,0,0,10.399,68.918
2026-07-15 06:04:10,34,38,0,0,10.401,68.912
2026-07-15 06:04:34,36,38,0,0,10.409,68.941
2026-07-15 06:04:38,36,39,0,0,10.399,68.887
2026-07-15 06:04:47,36,39,0,0,10.415,68.895
2026-07-15 06:05:07,34,35,0,0,10.423,68.901
2026-07-15 06:05:27,37,41,0,0,10.399,68.884
2026-07-15 06:06:04,34,35,0,0,10.431,68.846
2026-07-15 06:06:29,37,40,0,0,10.433,68.838
2026-07-15 06:06:50,36,38,0,0,10.452,68.811
2026-07-15 06:07:08,37,39,0,0,10.444,68.813
2026-07-15 06:07:24,34,38,0,0,10.441,68.792
2026-07-15 06:07:42,34,39,0,0,10.447,68.813
2026-07-15 06:07:52,36,40,0,0,10.441,68.783
2026-07-15 06:07:57,34,38,0,0,10.452,68.798
2026-07-15 06:08:29,36,39,0,0,10.481,68.748
2026-07-15 06:08:45,34,37,0,0,10.468,68.762
2026-07-15 06:09:09,33,35,0,0,10.484,68.722
2026-07-15 06:09:21,34,34,0,0,10.489,68.716
2026-07-15 06:09:26,34,35,0,0,10.495,68.718
2026-07-15 06:09:50,34,35,0,0,10.5,68.716
2026-07-15 06:09:53,33,35,0,0,10.503,68.678
2026-07-15 06:10:33,33,33,0,0,10.521,68.657
2026-07-15 06:10:36,32,32,0,0,10.519,68.68
2026-07-15 06:11:12,32,37,0,0,10.551,68.615
2026-07-15 06:11:17,33,35,0,0,10.527,68.611
2026-07-15 06:11:24,33,35,0,0,10.537,68.601
2026-07-15 06:11:37,31,35,0,0,10.532,68.569
2026-07-15 06:11:50,34,37,0,0,10.559,68.611
2026-07-15 06:12:05,34,37,0,0,10.548,68.575
2026-07-15 06:12:31,32,33,0,0,10.586,68.542
2026-07-15 06:12:37,32,33,0,0,10.567,68.537
2026-07-15 06:12:42,33,34,0,0,10.567,68.506
2026-07-15 06:12:49,34,35,0,0,10.578,68.508
2026-07-15 06:12:58,33,37,0,0,10.58,68.521
2026-07-15 06:13:09,34,34,0,0,10.596,68.475
2026-07-15 06:13:38,33,34,0,0,10.596,68.437
2026-07-15 06:13:52,31,31,0,0,10.591,68.422
2026-07-15 06:14:04,29,31,0,0,10.594,68.382
2026-07-15 06:14:20,33,34,0,0,10.612,68.39
2026-07-15 06:14:29,33,35,0,0,10.612,68.359
2026-07-15 06:14:41,34,37,0,0,10.607,68.34
2026-07-15 06:14:51,34,38,0,0,10.639,68.338
2026-07-15 06:15:03,33,38,0,0,10.639,68.334
2026-07-15 06:15:07,32,37,0,0,10.626,68.325
2026-07-15 06:15:36,34,35,0,0,10.666,68.289
2026-07-15 06:15:52,34,37,0,0,10.676,68.205
2026-07-15 06:16:34,36,39,0,0,10.671,68.128
2026-07-15 06:16:52,34,35,0,0,10.684,68.079
2026-07-15 06:17:04,34,35,0,0,10.703,68.077
2026-07-15 06:17:13,34,38,0,0,10.719,68.062
2026-07-15 06:17:28,32,37,0,0,10.706,68.006
2026-07-15 06:17:30,32,37,0,0,10.727,68.012
2026-07-15 06:17:43,33,34,0,0,10.708,67.987
2026-07-15 06:17:50,33,34,0,0,10.727,67.978
2026-07-15 06:18:09,34,35,0,0,10.727,67.934
2026-07-15 06:18:21,34,34,0,0,10.716,67.903
2026-07-15 06:18:31,34,35,0,0,10.719,67.875
2026-07-15 06:18:45,33,33,0,0,10.727,67.852
2026-07-15 06:18:49,33,33,0,0,10.754,67.846
2026-07-15 06:19:17,31,34,0,0,10.762,67.806
2026-07-15 06:19:33,30,33,0,0,10.746,67.783
2026-07-15 06:19:52,30,33,0,0,10.74,67.762
2026-07-15 06:19:56,30,32,0,0,10.756,67.758
2026-07-15 06:20:12,29,30,0,0,10.77,67.692
2026-07-15 06:20:28,33,37,0,0,10.754,67.669
2026-07-15 06:20:58,33,35,0,0,10.754,67.619
2026-07-15 06:21:02,34,37,0,0,10.77,67.6
2026-07-15 06:21:18,32,35,0,0,10.778,67.6
2026-07-15 06:21:37,31,31,0,0,10.77,67.573
2026-07-15 06:21:39,30,31,0,0,10.778,67.598
2026-07-15 06:21:48,30,30,0,0,10.799,67.571
2026-07-15 06:22:03,28,30,0,0,10.789,67.564
2026-07-15 06:22:37,34,34,0,0,10.815,67.482
2026-07-15 06:22:41,34,34,0,0,10.805,67.508
2026-07-15 06:22:42,34,34,0,0,10.799,67.512
2026-07-15 06:22:53,32,32,0,0,10.778,67.501
2026-07-15 06:22:58,33,33,0,0,10.799,67.512
2026-07-15 06:23:03,33,33,0,0,10.78,67.487
2026-07-15 06:23:12,31,31,0,0,10.77,67.489
2026-07-15 06:23:50,31,31,0,0,10.807,67.465
2026-07-15 06:23:54,31,31,0,0,10.772,67.455
2026-07-15 06:24:31,30,32,0,0,10.818,67.423
2026-07-15 06:24:38,29,29,0,0,10.807,67.4
2026-07-15 06:24:40,29,29,0,0,10.815,67.415
2026-07-15 06:25:04,29,31,0,0,10.818,67.392
2026-07-15 06:25:08,29,32,0,0,10.791,67.384
2026-07-15 06:25:40,29,31,0,0,10.815,67.346
2026-07-15 06:26:55,31,33,0,0,10.823,67.299
2026-07-15 06:27:35,29,30,0,0,10.821,67.27
2026-07-15 06:27:43,30,30,0,0,10.837,67.272
2026-07-15 06:27:51,30,30,0,0,10.818,67.259
2026-07-15 06:28:09,30,30,0,0,10.855,67.268
2026-07-15 06:28:17,29,30,0,0,10.837,67.239
2026-07-15 06:28:24,30,31,0,0,10.826,67.27
2026-07-15 06:28:30,29,30,0,0,10.837,67.264
2026-07-15 06:28:54,28,28,0,0,10.821,67.22
2026-07-15 06:29:12,28,28,0,0,10.837,67.215
2026-07-15 06:29:17,28,29,0,0,10.839,67.22
2026-07-15 06:29:30,27,28,0,0,10.823,67.198
2026-07-15 06:29:42,27,28,0,0,10.837,67.184
2026-07-15 06:30:10,26,26,0,0,10.853,67.148
2026-07-15 06:30:19,27,29,0,0,10.837,67.142
2026-07-15 06:30:29,27,29,0,0,10.837,67.138
2026-07-15 06:30:41,28,30,0,0,10.834,67.15
2026-07-15 06:30:57,30,31,0,0,10.855,67.154
2026-07-15 06:31:00,30,32,0,0,10.855,67.135
2026-07-15 06:31:35,29,29,0,0,10.853,67.119
2026-07-15 06:31:38,29,29,0,0,10.861,67.135
2026-07-15 06:31:58,33,34,0,0,10.863,67.121
2026-07-15 06:32:26,39,43,0,0,10.842,67.112
2026-07-15 06:32:33,42,51,0,0,10.861,67.085
2026-07-15 06:32:37,44,53,0,0,10.842,67.11
2026-07-15 06:32:42,45,54,0,0,10.869,67.112
2026-07-15 06:32:43,45,55,0,0,10.853,67.114
2026-07-15 06:33:00,47,57,0,0,10.861,67.083
2026-07-15 06:33:36,48,57,0,0,10.866,67.049
2026-07-15 06:33:44,46,55,0,0,10.853,67.072
2026-07-15 06:34:26,43,52,0,0,10.877,67.047
2026-07-15 06:34:29,45,53,0,0,10.853,67.037
2026-07-15 06:35:05,35,39,0,0,10.882,67.033
2026-07-15 06:35:45,33,35,0,0,10.866,67.001
2026-07-15 06:35:48,34,35,0,0,10.863,67.007
2026-07-15 06:35:59,33,33,0,0,10.866,67.032
2026-07-15 06:36:22,30,33,0,0,10.882,67.013
2026-07-15 06:36:25,30,32,0,0,10.855,67.035
2026-07-15 06:37:44,29,29,0,0,10.871,67.005
2026-07-15 06:41:14,27,27,0,0,10.914,66.904
2026-07-15 06:42:44,28,30,0,0,10.917,66.929
2026-07-15 06:47:44,27,27,0,0,11.021,66.578
2026-07-15 06:52:44,33,33,0,0,11.104,66.156
2026-07-15 06:57:44,32,32,0,0,11.221,66.099
2026-07-15 06:57:45,32,32,0,0,11.197,66.055
2026-07-15 07:00:49,33,37,0,0,11.21,65.761
2026-07-15 07:01:08,31,32,0,0,11.234,65.738
2026-07-15 07:02:44,34,35,0,0,11.25,65.731
2026-07-15 07:07:44,29,29,0,0,11.221,65.792
2026-07-15 07:08:59,29,30,0,0,11.232,65.754
2026-07-15 07:12:44,25,28,0,0,11.245,65.714
2026-07-15 07:15:36,25,26,0,0,11.285,65.574
2026-07-15 07:17:44,25,27,0,0,11.307,65.441
2026-07-15 07:20:11,29,29,0,0,11.344,65.309
2026-07-15 07:20:48,29,29,0,0,11.363,65.283
2026-07-15 07:22:44,31,33,0,0,11.376,65.069
2026-07-15 07:27:44,28,31,0,0,11.381,65.033
2026-07-15 07:32:44,30,30,0,0,11.365,64.956
2026-07-15 07:34:03,32,34,0,0,11.355,64.951
2026-07-15 07:35:20,30,31,0,0,11.36,64.966
2026-07-15 07:37:44,29,30,0,0,11.336,64.916
2026-07-15 07:38:40,29,30,0,0,11.344,64.945
2026-07-15 07:42:44,30,30,0,0,11.328,65.048
2026-07-15 07:44:39,37,40,0,0,11.312,65.086
2026-07-15 07:44:44,35,39,0,0,11.331,65.088
2026-07-15 07:45:47,30,30,0,0,11.336,65.143
2026-07-15 07:47:44,28,30,0,0,11.339,65.225
2026-07-15 07:52:44,33,34,0,0,11.387,65.885
2026-07-15 07:54:01,33,33,0,0,11.368,66.139
2026-07-15 07:57:44,38,42,0,0,11.392,66.812
2026-07-15 08:02:44,39,43,0,0,11.365,67.26
2026-07-15 08:02:45,39,43,0,0,11.352,67.264
2026-07-15 08:04:12,36,41,0,0,11.355,67.337
2026-07-15 08:07:44,39,44,0,0,11.317,67.602
2026-07-15 08:09:21,39,44,0,0,11.283,67.774
2026-07-15 08:11:42,38,43,0,0,11.269,68.035
2026-07-15 08:12:44,38,45,0,0,11.261,68.186
2026-07-15 08:17:23,39,46,0,0,11.266,68.432
2026-07-15 08:17:44,39,46,0,0,11.232,68.451
2026-07-15 08:22:44,40,46,0,0,11.283,68.737
2026-07-15 08:27:29,38,43,0,0,11.333,68.777
2026-07-15 08:27:44,37,40,0,0,11.309,68.786
2026-07-15 08:32:44,33,37,0,0,11.387,68.8
2026-07-15 08:35:48,33,38,0,0,11.421,68.966
2026-07-15 08:37:29,33,33,0,0,11.461,69.08
2026-07-15 08:37:35,33,33,0,0,11.453,69.095
2026-07-15 08:37:38,32,32,0,0,11.456,69.093
2026-07-15 08:37:44,31,31,0,0,11.443,69.092
2026-07-15 08:38:01,33,34,0,0,11.451,69.099
2026-07-15 08:38:03,33,34,0,0,11.451,69.109
2026-07-15 08:38:08,33,34,0,0,11.451,69.135
2026-07-15 08:38:19,35,36,0,0,11.448,69.126
2026-07-15 08:39:04,32,32,0,0,11.485,69.168
2026-07-15 08:39:16,33,34,0,0,11.491,69.189
2026-07-15 08:39:26,30,33,0,0,11.469,69.214
2026-07-15 08:39:31,30,32,0,0,11.483,69.223
2026-07-15 08:39:35,30,32,0,0,11.477,69.231
2026-07-15 08:39:58,31,31,0,0,11.472,69.322
2026-07-15 08:42:44,28,28,0,0,11.515,69.542
2026-07-15 08:47:44,25,26,0,0,11.576,69.658
2026-07-15 08:52:44,21,22,0,0,11.67,68.973
2026-07-15 08:52:45,21,22,0,0,11.67,68.973
2026-07-15 08:54:30,8,13,0,0,11.71,68.283
2026-07-15 08:57:44,12,12,0,0,11.833,67.569
2026-07-15 09:02:44,9,12,0,0,12.054,66.986
2026-07-15 09:07:44,9,13,0,0,12.281,66.068
2026-07-15 09:12:44,7,7,0,0,12.508,64.998
2026-07-15 09:17:44,5,5,0,0,12.794,63.07
2026-07-15 09:22:44,4,5,0,0,13.122,61.817
2026-07-15 09:27:44,12,12,0,0,13.44,60.377
2026-07-15 09:32:44,30,31,0,0,13.699,62.658
2026-07-15 09:37:44,19,21,0,0,13.651,62.185
2026-07-15 09:38:53,30,31,0,0,13.624,61.979
2026-07-15 09:40:13,28,28,0,0,13.63,61.38
2026-07-15 09:42:44,26,26,0,0,13.635,61.887
2026-07-15 09:47:44,18,19,0,0,13.654,60.52
2026-07-15 09:51:47,18,20,0,0,13.691,60.041
2026-07-15 09:52:44,18,20,0,0,13.715,59.915
2026-07-15 09:54:44,13,16,0,0,13.75,59.66
2026-07-15 09:57:28,23,23,0,0,13.785,59.473
2026-07-15 09:57:41,21,21,0,0,13.795,59.475
2026-07-15 09:57:44,21,21,0,0,13.793,59.515
2026-07-15 10:02:44,27,28,0,0,13.897,59.454
2026-07-15 10:04:31,25,26,0,0,13.902,59.661
2026-07-15 10:04:43,25,26,0,0,13.913,59.663
2026-07-15 10:04:56,25,25,0,0,13.902,59.663
2026-07-15 10:06:03,24,24,0,0,13.929,59.665
2026-07-15 10:07:43,24,24,0,0,13.964,59.56
2026-07-15 10:07:45,24,24,0,0,13.98,59.549
2026-07-15 10:10:11,27,27,0,0,13.993,59.278
2026-07-15 10:12:45,27,27,0,0,14.014,59.043
2026-07-15 10:15:49,26,28,0,0,14.022,58.685
2026-07-15 10:17:45,29,30,0,0,14.054,58.633
2026-07-15 10:22:45,29,30,0,0,14.172,58.248
2026-07-15 10:23:18,24,25,0,0,14.22,58.153
2026-07-15 10:27:46,30,31,0,0,14.431,57.634
2026-07-15 10:32:35,28,28,0,0,14.626,57.287
2026-07-15 10:32:45,28,28,0,0,14.631,57.247
2026-07-15 10:37:45,31,32,0,0,14.751,57.134
2026-07-15 10:42:45,24,26,0,0,14.994,57.079
2026-07-15 10:46:58,25,25,0,0,15.352,56.345
2026-07-15 10:47:45,24,26,0,0,15.387,56.142
2026-07-15 10:50:29,19,20,0,0,15.635,55.425
2026-07-15 10:52:45,20,20,0,0,15.851,54.975
2026-07-15 10:57:45,20,20,0,0,16.308,53.789
2026-07-15 11:02:45,20,22,0,0,16.604,52.436
2026-07-15 11:07:45,22,22,0,0,16.81,51.95
2026-07-15 11:12:45,40,46,0,0,16.925,51.465
2026-07-15 11:17:45,30,30,0,0,16.952,51.341
2026-07-15 11:22:45,35,38,0,0,16.864,52.137
2026-07-15 11:27:45,40,47,0,0,16.637,52.301
2026-07-15 11:31:20,25,25,0,0,16.428,54.203
2026-07-15 11:32:45,25,26,0,0,16.324,54.327
2026-07-15 11:37:45,25,28,0,0,16.001,54.555
2026-07-15 11:42:45,36,40,0,0,15.649,54.626
2026-07-15 11:42:49,37,41,0,0,15.632,54.618
2026-07-15 11:44:16,32,35,0,0,15.571,54.832
2026-07-15 11:47:45,33,37,0,0,15.384,55.494
2026-07-15 11:48:19,37,41,0,0,15.357,55.671
2026-07-15 11:51:40,28,30,0,0,15.203,56.436
2026-07-15 11:52:05,31,31,0,0,15.205,56.484
2026-07-15 11:52:45,29,32,0,0,15.141,56.551
2026-07-15 11:57:42,29,29,0,0,14.96,57.159
2026-07-15 12:02:14,29,31,0,0,14.882,57.098
2026-07-15 12:07:14,27,27,0,0,14.789,57.512
2026-07-15 12:12:14,27,27,0,0,14.714,57.699
2026-07-15 12:17:14,24,25,0,0,14.666,58.349
2026-07-15 12:22:14,19,19,0,0,14.706,58.155
2026-07-15 12:27:14,8,9,0,0,14.687,58.185
2026-07-15 12:32:14,7,8,0,0,14.711,58.599
2026-07-15 12:37:14,9,9,0,0,14.719,59.366
2026-07-15 12:42:14,20,21,0,0,14.612,59.553
2026-07-15 12:47:14,11,11,0,0,14.578,59.288
2026-07-15 12:52:14,15,18,0,0,14.538,58.977
2026-07-15 12:57:14,11,11,0,0,14.588,58.763
2026-07-15 13:02:14,8,9,0,0,14.591,58.555
2026-07-15 13:07:14,8,11,0,0,14.623,57.867
2026-07-15 13:12:14,9,9,0,0,14.652,57.97
2026-07-15 13:17:14,6,7,0,0,14.719,57.329
2026-07-15 13:22:14,23,24,0,0,14.807,57.542
2026-07-15 13:27:14,5,7,0,0,14.933,57.09
2026-07-15 13:32:14,5,5,0,0,15.056,56.661
2026-07-15 13:37:14,6,7,0,0,15.16,56.32
2026-07-15 13:42:14,17,18,0,0,15.189,56.064
2026-07-15 13:47:14,11,14,0,0,15.219,55.973
2026-07-15 13:52:14,8,9,0,0,15.189,55.938
2026-07-15 13:57:14,31,32,0,0,15.189,54.817
2026-07-15 14:02:14,11,11,0,0,15.309,55.427
2026-07-15 14:07:14,11,11,0,0,15.317,53.749
2026-07-15 14:12:14,13,15,0,0,15.4,53.59
2026-07-15 14:17:14,15,17,0,0,15.563,52.953
2026-07-15 14:22:14,9,9,0,0,15.739,51.04
2026-07-15 14:27:14,20,22,0,0,16.068,48.835
2026-07-15 14:32:14,0,0,0,0,16.647,42.726
2026-07-15 14:37:14,0,0,0,0,17.483,40.578
2026-07-15 14:42:14,12,12,0,0,18.239,39.363
2026-07-15 14:47:14,0,0,0,0,18.821,38.078
2026-07-15 14:52:14,0,0,0,0,19.224,37.673
2026-07-15 14:57:14,0,0,0,0,19.456,39.79
2026-07-15 15:02:14,0,0,0,0,19.358,39.523
2026-07-15 15:07:14,0,0,0,0,19.269,38.77
2026-07-15 15:12:14,0,0,0,0,19.302,38.942
2026-07-15 15:17:14,0,0,0,0,19.427,38.354
2026-07-15 15:22:14,0,0,0,0,19.472,39.533
2026-07-15 15:27:14,0,0,0,0,19.277,40.727
2026-07-15 15:32:14,0,0,0,0,18.89,40.845
2026-07-15 15:37:14,0,0,0,0,18.666,42.194
2026-07-15 15:42:14,0,0,0,0,18.487,42.283
2026-07-15 15:47:14,0,0,0,0,18.484,42.856
2026-07-15 15:52:14,0,0,0,0,18.508,42.209
2026-07-15 15:57:14,0,0,0,0,18.362,44.046
2026-07-15 16:03:44,0,0,0,0,18.148,44.656
2026-07-15 16:08:11,0,0,0,0,18.103,46.461
2026-07-15 16:12:35,0,0,0,0,17.996,47.649
2026-07-15 16:17:14,0,0,0,0,17.929,47.634
2026-07-15 16:22:14,0,0,0,0,17.993,47.355
2026-07-15 16:27:14,0,0,0,0,18.084,46.75
2026-07-15 16:32:14,0,0,0,0,18.207,46.276
2026-07-15 16:37:14,0,0,0,0,18.209,46.382
2026-07-15 16:42:14,0,0,0,0,18.196,46.602
2026-07-15 16:47:14,0,0,0,0,18.148,46.754
2026-07-15 16:52:14,0,0,0,0,18.18,46.239
2026-07-15 16:57:14,0,0,0,0,18.217,45.377
2026-07-15 17:02:14,0,0,0,0,18.231,45.034
2026-07-15 17:07:14,0,0,0,0,18.201,45.127
2026-07-15 17:12:14,0,0,0,0,18.132,44.942
2026-07-15 17:17:14,0,0,0,0,18.079,44.639
2026-07-15 17:22:14,0,0,0,0,18.004,44.935
2026-07-15 17:27:14,1,1,0,0,17.905,44.868
2026-07-15 17:32:14,1,2,0,0,17.822,45.162
2026-07-15 17:37:15,1,2,0,0,17.678,45.478
2026-07-15 17:42:14,6,6,0,0,17.582,45.659
2026-07-15 17:47:15,1,1,0,0,17.459,45.568
2026-07-15 17:52:14,2,3,0,0,17.371,45.753
2026-07-15 17:57:14,2,2,0,0,17.293,46.193
2026-07-15 18:02:15,1,2,0,0,17.181,46.684
2026-07-15 18:07:14,0,0,0,0,17.01,46.96
2026-07-15 18:12:14,0,0,0,0,16.936,46.525
2026-07-15 18:17:14,0,0,0,0,16.917,46.249
2026-07-15 18:22:15,0,0,0,0,16.952,46.291
2026-07-15 18:27:14,0,0,0,0,16.925,45.97
2026-07-15 18:32:14,4,4,0,0,16.914,46.295
2026-07-15 18:37:14,0,0,0,0,16.888,46.304
2026-07-15 18:42:14,0,0,0,0,16.794,46.918
2026-07-15 18:47:14,0,0,0,0,16.701,47.136
2026-07-15 18:52:14,23,23,0,0,16.604,47.613
2026-07-15 18:57:14,32,33,0,0,16.519,48.067
2026-07-15 19:02:14,11,11,0,0,16.332,48.629
2026-07-15 19:07:14,20,22,0,0,16.159,48.517
2026-07-15 19:12:14,8,11,0,0,16.084,48.643
2026-07-15 19:17:14,5,5,0,0,16.044,48.513
2026-07-15 19:22:14,5,5,0,0,16.078,48.919
2026-07-15 19:27:15,14,16,0,0,15.942,49.692
2026-07-15 19:32:14,19,19,0,0,15.702,50.491
2026-07-15 19:37:15,9,9,0,0,15.427,50.847
2026-07-15 19:42:15,16,17,0,0,15.221,51.689
2026-07-15 19:47:14,17,18,0,0,15.032,52.501
2026-07-15 19:52:14,11,11,0,0,14.778,52.951
2026-07-15 19:57:14,38,46,0,0,14.564,52.9
2026-07-15 20:02:14,30,31,0,0,14.348,52.808
2026-07-15 20:07:14,16,18,0,0,14.052,53.297
2026-07-15 20:14:43,7,8,0,0,13.64,55.94
2026-07-15 20:18:51,20,20,0,0,13.56,56.938
2026-07-15 20:19:15,19,19,0,0,13.536,57.033
2026-07-15 20:20:29,20,23,0,0,13.523,57.418
2026-07-15 20:20:53,19,20,0,0,13.486,57.479
2026-07-15 20:22:15,15,16,0,0,13.47,57.724
2026-07-15 20:22:48,12,14,0,0,13.44,57.771
2026-07-15 20:23:18,8,11,0,0,13.448,57.92
2026-07-15 20:23:38,11,11,0,0,13.416,57.973
2026-07-15 20:24:15,9,9,0,0,13.405,57.996
2026-07-15 20:25:49,16,17,0,0,13.379,58.267
2026-07-15 20:28:45,35,38,0,0,13.323,58.641
2026-07-15 20:29:15,34,37,0,0,13.288,58.696
2026-07-15 20:30:37,31,32,0,0,13.272,58.866
2026-07-15 20:32:52,21,21,0,0,13.2,59.282
2026-07-15 20:33:53,20,20,0,0,13.194,59.406
2026-07-15 20:34:15,18,18,0,0,13.157,59.484
2026-07-15 20:35:25,17,19,0,0,13.154,59.637
2026-07-15 20:35:38,18,20,0,0,13.136,59.684
2026-07-15 20:36:22,17,19,0,0,13.101,59.757
2026-07-15 20:39:15,15,15,0,0,13.037,60.421
2026-07-15 20:41:55,11,11,0,0,12.909,61.025
2026-07-15 20:45:41,7,7,0,0,12.89,61.561
2026-07-15 20:46:17,7,7,0,0,12.871,61.603
2026-07-15 20:46:27,6,6,0,0,12.866,61.638
2026-07-15 20:47:30,5,5,0,0,12.85,61.702
2026-07-15 20:48:04,6,6,0,0,12.805,61.733
2026-07-15 20:49:23,6,7,0,0,12.813,61.828
2026-07-15 20:51:01,5,5,0,0,12.77,61.988
2026-07-15 20:51:27,4,4,0,0,12.767,62.032
2026-07-15 20:51:30,4,4,0,0,12.77,62.04
2026-07-15 20:52:04,4,4,0,0,12.746,62.105
2026-07-15 20:53:11,6,7,0,0,12.719,62.296
2026-07-15 20:53:59,12,13,0,0,12.724,62.484
2026-07-15 20:54:36,9,12,0,0,12.706,62.563
2026-07-15 20:56:28,7,7,0,0,12.658,62.847
2026-07-15 20:58:30,4,5,0,0,12.615,63.072
2026-07-15 20:59:54,7,7,0,0,12.567,63.295
2026-07-15 21:00:30,5,5,0,0,12.599,63.434
2026-07-15 21:00:50,8,8,0,0,12.596,63.467
2026-07-15 21:01:28,6,6,0,0,12.559,63.545
2026-07-15 21:02:07,8,8,0,0,12.551,63.617
2026-07-15 21:05:05,19,19,0,0,12.508,63.871
2026-07-15 21:05:36,12,12,0,0,12.511,63.995
2026-07-15 21:06:27,7,7,0,0,12.471,64.077
2026-07-15 21:11:28,21,21,0,0,12.417,64.571
2026-07-15 21:15:17,20,20,0,0,12.369,65.014
2026-07-15 21:15:25,20,20,0,0,12.364,65.021
2026-07-15 21:16:28,13,13,0,0,12.356,65.212
2026-07-15 21:18:57,29,29,0,0,12.316,65.546
2026-07-15 21:20:31,28,28,0,0,12.292,65.714
2026-07-15 21:21:27,28,28,0,0,12.273,65.765
2026-07-15 21:22:58,29,32,0,0,12.268,65.897
2026-07-15 21:24:38,15,17,0,0,12.238,65.973
2026-07-15 21:24:56,15,17,0,0,12.225,65.977
2026-07-15 21:26:28,8,9,0,0,12.212,65.983
2026-07-15 21:28:49,5,6,0,0,12.182,66.269
2026-07-15 21:30:00,5,6,0,0,12.172,66.395
2026-07-15 21:31:08,10,10,0,0,12.134,66.473
2026-07-15 21:31:16,8,12,0,0,12.142,66.494
2026-07-15 21:31:27,8,12,0,0,12.14,66.532
2026-07-15 21:31:41,7,7,0,0,12.14,66.551
2026-07-15 21:32:03,8,8,0,0,12.132,66.591
2026-07-15 21:32:09,7,7,0,0,12.124,66.593
2026-07-15 21:33:46,7,7,0,0,12.113,66.679
2026-07-15 21:33:50,7,7,0,0,12.097,66.665
2026-07-15 21:34:03,6,7,0,0,12.116,66.679
2026-07-15 21:35:33,6,6,0,0,12.086,66.757
2026-07-15 21:35:59,5,5,0,0,12.105,66.814
2026-07-15 21:36:27,12,12,0,0,12.089,66.778
2026-07-15 21:37:05,7,7,0,0,12.102,66.833
2026-07-15 21:38:35,5,5,0,0,12.081,66.91
2026-07-15 21:41:28,7,7,0,0,12.073,67.02
2026-07-15 21:46:28,7,7,0,0,12.033,67.23
2026-07-15 21:51:06,5,5,0,0,12.057,67.396
2026-07-15 21:51:27,5,5,0,0,12.033,67.432
2026-07-15 21:51:29,5,5,0,0,12.033,67.442
2026-07-15 21:56:28,4,4,0,0,11.998,67.661
2026-07-15 21:57:57,5,5,0,0,12.004,67.795
2026-07-15 22:01:28,3,4,0,0,11.947,67.913
2026-07-15 22:01:36,3,4,0,0,11.958,67.941
2026-07-15 22:06:28,5,6,0,0,11.971,67.983
2026-07-15 22:11:28,4,4,0,0,11.961,68.178
2026-07-15 22:16:28,18,21,0,0,11.937,68.06
2026-07-15 22:21:28,4,4,0,0,11.958,67.756
2026-07-15 22:26:28,7,8,0,0,11.961,68.399
2026-07-15 22:29:06,5,6,0,0,11.995,68.43
2026-07-15 22:31:28,47,58,0,0,11.998,68.268
2026-07-15 22:31:40,36,39,0,0,11.987,68.258
2026-07-15 22:33:36,4,4,0,0,12.03,68.207
2026-07-15 22:35:07,2,3,0,0,12.049,68.165
2026-07-15 22:36:28,3,3,0,0,12.1,68.161
2026-07-15 22:41:28,6,7,0,0,12.198,67.966
2026-07-15 22:46:28,21,22,0,0,12.233,67.884
2026-07-15 22:49:37,3,3,0,0,12.263,67.795
2026-07-15 22:50:37,18,20,0,0,12.271,67.709
2026-07-15 22:51:27,6,6,0,0,12.273,67.661
2026-07-15 22:54:37,6,6,0,0,12.308,67.779
2026-07-15 22:56:28,5,6,0,0,12.3,67.709
2026-07-15 23:01:28,5,5,0,0,12.324,67.69
2026-07-15 23:03:07,7,7,0,0,12.356,67.699
2026-07-15 23:06:28,7,8,0,0,12.337,67.669
2026-07-15 23:11:28,5,5,0,0,12.356,67.177
2026-07-15 23:13:09,24,25,0,0,12.337,67.28
2026-07-15 23:16:06,29,30,0,0,12.364,67.342
2026-07-15 23:16:27,25,26,0,0,12.375,67.365
2026-07-15 23:19:05,13,13,0,0,12.391,67.215
2026-07-15 23:21:28,4,5,0,0,12.412,67.253
2026-07-15 23:26:28,24,24,0,0,12.42,67.362
2026-07-15 23:26:30,24,24,0,0,12.436,67.398
2026-07-15 23:28:54,7,7,0,0,12.417,67.514
2026-07-15 23:29:53,9,9,0,0,12.441,67.537
2026-07-15 23:31:28,13,17,0,0,12.401,67.621
2026-07-15 23:36:27,29,30,0,0,12.364,67.669
2026-07-15 23:39:09,4,5,0,0,12.364,67.621
2026-07-15 23:41:28,8,8,0,0,12.367,67.583
2026-07-15 23:46:28,13,14,0,0,12.3,67.442
2026-07-15 23:51:28,13,14,0,0,12.271,67.058
2026-07-15 23:52:39,8,9,0,0,12.257,66.959
2026-07-15 23:53:28,20,21,0,0,12.263,66.988
2026-07-15 23:56:28,5,5,0,0,12.263,67.253
2026-07-16 00:01:28,6,7,0,0,12.247,67.375
2026-07-16 00:01:40,12,12,0,0,12.238,67.388
2026-07-16 00:06:28,7,8,0,0,12.228,67.486
2026-07-16 00:11:28,6,6,0,0,12.15,67.594
2026-07-16 00:13:35,2,4,0,0,12.14,67.634
2026-07-16 00:16:28,4,4,0,0,12.142,67.621
2026-07-16 00:18:27,2,2,0,0,12.142,67.655
2026-07-16 00:21:28,2,2,0,0,12.153,67.701
2026-07-16 00:26:28,2,2,0,0,12.108,67.6
2026-07-16 00:31:28,2,2,0,0,12.169,67.554
2026-07-16 00:32:04,2,2,0,0,12.164,67.539
2026-07-16 00:36:28,2,2,0,0,12.166,67.585
2026-07-16 00:36:34,2,2,0,0,12.188,67.564
2026-07-16 00:38:57,3,3,0,0,12.201,67.552
2026-07-16 00:41:28,2,2,0,0,12.217,67.577
2026-07-16 00:41:44,3,3,0,0,12.19,67.556
2026-07-16 00:45:00,2,2,0,0,12.225,67.514
2026-07-16 00:46:28,1,2,0,0,12.244,67.51
2026-07-16 00:48:13,3,3,0,0,12.233,67.432
2026-07-16 00:49:14,3,3,0,0,12.247,67.434
2026-07-16 00:50:10,2,2,0,0,12.257,67.461
2026-07-16 00:50:28,1,1,0,0,12.244,67.447
2026-07-16 00:51:27,3,3,0,0,12.273,67.428
2026-07-16 00:56:28,3,4,0,0,12.292,67.306
2026-07-16 01:01:28,3,3,0,0,12.3,67.293
2026-07-16 01:05:11,4,5,0,0,12.287,67.373
2026-07-16 01:05:21,4,4,0,0,12.289,67.375
2026-07-16 01:06:28,5,5,0,0,12.287,67.409
2026-07-16 01:08:11,5,5,0,0,12.284,67.465
2026-07-16 01:11:28,6,6,0,0,12.268,67.486
2026-07-16 01:11:52,7,7,0,0,12.276,67.505
2026-07-16 01:16:28,5,5,0,0,12.252,67.438
2026-07-16 01:17:11,4,5,0,0,12.241,67.466
2026-07-16 01:21:28,21,24,0,0,12.249,67.449
2026-07-16 01:22:41,7,8,0,0,12.212,67.459
2026-07-16 01:26:28,6,7,0,0,12.23,67.508
2026-07-16 01:26:42,7,8,0,0,12.225,67.514
2026-07-16 01:27:11,5,6,0,0,12.22,67.505
2026-07-16 01:27:33,8,8,0,0,12.238,67.484
2026-07-16 01:30:11,7,8,0,0,12.212,67.459
2026-07-16 01:31:28,8,8,0,0,12.236,67.428
2026-07-16 01:33:17,13,15,0,0,12.23,67.432
2026-07-16 01:34:55,27,29,0,0,12.249,67.438
2026-07-16 01:35:29,26,26,0,0,12.252,67.369
2026-07-16 01:36:27,16,17,0,0,12.238,67.344
2026-07-16 01:41:28,4,4,0,0,12.284,66.974
2026-07-16 01:43:11,17,18,0,0,12.295,66.86
2026-07-16 01:46:28,3,3,0,0,12.34,66.644
2026-07-16 01:51:28,4,4,0,0,12.391,66.259
2026-07-16 01:51:30,4,4,0,0,12.396,66.274
2026-07-16 01:51:34,4,4,0,0,12.38,66.286
2026-07-16 01:51:42,5,5,0,0,12.401,66.257
2026-07-16 01:52:11,5,7,0,0,12.423,66.265
2026-07-16 01:52:42,4,5,0,0,12.409,66.248
2026-07-16 01:54:42,3,4,0,0,12.439,66.053
2026-07-16 01:56:09,7,8,0,0,12.452,66.026
2026-07-16 01:56:27,8,8,0,0,12.465,66.051
2026-07-16 02:01:28,7,7,0,0,12.519,65.771
2026-07-16 02:03:37,6,6,0,0,12.487,65.654
2026-07-16 02:06:28,6,6,0,0,12.503,65.45
2026-07-16 02:06:32,5,5,0,0,12.503,65.466
2026-07-16 02:08:00,4,4,0,0,12.479,65.571
2026-07-16 02:09:12,5,5,0,0,12.476,65.544
2026-07-16 02:10:39,4,5,0,0,12.479,65.511
2026-07-16 02:11:27,6,7,0,0,12.468,65.437
2026-07-16 02:13:12,5,6,0,0,12.433,65.471
2026-07-16 02:14:12,6,6,0,0,12.447,65.469
2026-07-16 02:16:28,7,7,0,0,12.431,65.439
2026-07-16 02:18:06,6,6,0,0,12.425,65.359
2026-07-16 02:21:28,3,3,0,0,12.42,64.989
2026-07-16 02:26:28,4,4,0,0,12.556,64.481
2026-07-16 02:28:00,3,3,0,0,12.567,64.333
2026-07-16 02:29:27,4,4,0,0,12.639,64.102
2026-07-16 02:30:05,4,4,0,0,12.639,63.999
2026-07-16 02:30:11,4,4,0,0,12.668,64.024
2026-07-16 02:30:38,3,3,0,0,12.663,63.98
2026-07-16 02:30:42,4,4,0,0,12.668,63.982
2026-07-16 02:31:02,3,3,0,0,12.679,63.961
2026-07-16 02:31:27,3,3,0,0,12.69,63.915
2026-07-16 02:34:16,4,4,0,0,12.797,63.463
2026-07-16 02:34:41,2,3,0,0,12.799,63.377
2026-07-16 02:34:44,2,3,0,0,12.786,63.356
2026-07-16 02:34:55,3,3,0,0,12.799,63.352
2026-07-16 02:36:28,3,4,0,0,12.845,63.223
2026-07-16 02:39:42,1,1,0,0,12.935,62.769
2026-07-16 02:41:28,2,2,0,0,13.002,62.494
2026-07-16 02:46:28,19,19,0,0,13.125,62.069
2026-07-16 02:51:28,8,9,0,0,13.288,58.668
2026-07-16 02:51:32,8,8,0,0,13.293,58.757
2026-07-16 02:52:25,43,53,0,0,13.368,59.009
2026-07-16 02:53:09,83,86,0,0,13.435,59.352
2026-07-16 02:56:28,78,83,0,0,13.672,59.805
2026-07-16 03:01:28,25,25,0,0,13.851,59.352
2026-07-16 03:06:28,5,6,0,0,13.822,59.253
2026-07-16 03:11:28,5,5,0,0,13.782,59.024
2026-07-16 03:11:36,3,3,0,0,13.803,58.998
2026-07-16 03:16:28,4,5,0,0,13.753,58.784
2026-07-16 03:18:03,5,5,0,0,13.713,58.792
2026-07-16 03:21:28,2,2,0,0,13.691,58.719
2026-07-16 03:26:28,3,3,0,0,13.63,58.546
2026-07-16 03:29:43,3,3,0,0,13.56,58.41
2026-07-16 03:31:28,2,2,0,0,13.544,58.199
2026-07-16 03:31:43,2,2,0,0,13.552,58.174
2026-07-16 03:32:05,2,2,0,0,13.544,58.153
2026-07-16 03:36:28,1,1,0,0,13.499,57.83
2026-07-16 03:41:28,2,3,0,0,13.542,57.502
2026-07-16 03:43:35,1,1,0,0,13.523,57.17
2026-07-16 03:44:43,1,1,0,0,13.539,57.344
2026-07-16 03:46:28,3,3,0,0,13.539,57.167
2026-07-16 03:47:36,2,2,0,0,13.534,57.19
2026-07-16 03:48:10,2,2,0,0,13.523,57.085
2026-07-16 03:49:58,1,1,0,0,13.542,57.128
2026-07-16 03:51:28,1,2,0,0,13.536,57.193
2026-07-16 03:52:45,2,2,0,0,13.531,57.1
2026-07-16 03:54:16,1,1,0,0,13.518,56.516
2026-07-16 03:56:28,1,1,0,0,13.523,56.121
2026-07-16 03:57:25,0,0,0,0,13.499,55.872
2026-07-16 03:59:48,0,0,0,0,13.587,53.36
2026-07-16 04:00:43,0,0,0,0,13.646,53.138
2026-07-16 04:01:28,0,0,0,0,13.713,53.092
2026-07-16 04:01:44,0,0,0,0,13.742,53.131
2026-07-16 04:06:28,0,0,0,0,14.233,52.69
2026-07-16 04:09:19,0,0,0,0,14.415,51.729
2026-07-16 04:11:28,0,0,0,0,14.522,51.197
2026-07-16 04:16:28,0,0,0,0,14.826,49.924
2026-07-16 04:21:28,0,0,0,0,15.192,48.589
2026-07-16 04:24:02,0,0,0,0,15.392,48.271
2026-07-16 04:26:28,0,0,0,0,15.555,48.12
2026-07-16 04:31:28,0,0,0,0,15.739,46.802
2026-07-16 04:33:14,0,0,0,0,15.798,46.354
2026-07-16 04:36:28,0,0,0,0,15.908,45.806
2026-07-16 04:39:14,0,0,0,0,16.022,45.108
2026-07-16 04:41:28,0,0,0,0,16.14,44.914
2026-07-16 04:42:58,0,0,0,0,16.201,45.055
2026-07-16 04:44:44,0,0,0,0,16.257,44.784
2026-07-16 04:46:28,0,0,0,0,16.308,44.496
2026-07-16 04:48:32,0,0,0,0,16.356,44.315
2026-07-16 04:48:44,0,0,0,0,16.348,44.28
2026-07-16 04:49:06,0,0,0,0,16.367,44.227
2026-07-16 04:49:13,0,0,0,0,16.351,44.206
2026-07-16 04:49:22,0,0,0,0,16.348,44.235
2026-07-16 04:49:47,0,0,0,0,16.378,44.292
2026-07-16 04:49:53,0,0,0,0,16.353,44.296
2026-07-16 04:50:27,0,0,0,0,16.407,44.143
2026-07-16 04:51:12,0,0,0,0,16.394,44.055
2026-07-16 04:51:28,0,0,0,0,16.402,43.971
2026-07-16 04:52:04,0,0,0,0,16.412,43.752
2026-07-16 04:52:26,0,0,0,0,16.402,43.645
2026-07-16 04:52:28,0,0,0,0,16.428,43.613
2026-07-16 04:52:31,0,0,0,0,16.396,43.619
2026-07-16 04:52:40,0,0,0,0,16.41,43.657
2026-07-16 04:56:28,0,0,0,0,16.508,43.056
2026-07-16 04:57:43,0,0,0,0,16.594,42.983
2026-07-16 05:01:28,0,0,0,0,16.767,42.503
2026-07-16 05:03:45,0,0,0,0,16.861,42.285
2026-07-16 05:04:14,0,0,0,0,16.901,42.253
2026-07-16 05:04:22,0,0,0,0,16.877,42.247
2026-07-16 05:04:25,0,0,0,0,16.914,42.217
2026-07-16 05:04:30,0,0,0,0,16.888,42.219
2026-07-16 05:04:36,0,0,0,0,16.904,42.226
2026-07-16 05:04:39,0,0,0,0,16.888,42.262
2026-07-16 05:04:42,0,0,0,0,16.888,42.219
2026-07-16 05:04:52,0,0,0,0,16.917,42.224
2026-07-16 05:05:01,0,0,0,0,16.917,42.257
2026-07-16 05:05:10,0,0,0,0,16.925,42.247
2026-07-16 05:05:26,0,0,0,0,16.941,42.177
2026-07-16 05:05:29,0,0,0,0,16.938,42.178
2026-07-16 05:05:34,0,0,0,0,16.941,42.163
2026-07-16 05:05:38,0,0,0,0,16.917,42.104
2026-07-16 05:05:46,0,0,0,0,16.925,42.102
2026-07-16 05:06:03,0,0,0,0,16.957,42.072
2026-07-16 05:06:14,0,0,0,0,16.965,42.037
2026-07-16 05:06:23,0,0,0,0,16.954,42.114
2026-07-16 05:06:28,0,0,0,0,16.96,42.125
2026-07-16 05:06:30,0,0,0,0,16.968,42.146
2026-07-16 05:06:59,0,0,0,0,16.978,42.257
2026-07-16 05:07:09,0,0,0,0,16.981,42.291
2026-07-16 05:07:23,0,0,0,0,16.986,42.27
2026-07-16 05:07:26,0,0,0,0,16.989,42.26
2026-07-16 05:07:33,0,0,0,0,16.994,42.274
2026-07-16 05:07:38,0,0,0,0,16.997,42.201
2026-07-16 05:07:46,0,0,0,0,17.002,42.251
2026-07-16 05:07:50,0,0,0,0,17.016,42.264
2026-07-16 05:07:56,0,0,0,0,16.992,42.281
2026-07-16 05:08:00,0,0,0,0,17.016,42.28
2026-07-16 05:09:18,0,0,0,0,17.037,41.972
2026-07-16 05:11:28,0,0,0,0,17.072,41.732
2026-07-16 05:11:48,0,0,0,0,17.072,41.522
2026-07-16 05:12:12,0,0,0,0,17.074,41.459
2026-07-16 05:12:16,0,0,0,0,17.074,41.446
2026-07-16 05:12:46,0,0,0,0,17.101,41.473
2026-07-16 05:13:30,0,0,0,0,17.093,41.719
2026-07-16 05:13:36,0,0,0,0,17.08,41.753
2026-07-16 05:13:51,0,0,0,0,17.115,41.845
2026-07-16 05:13:55,0,0,0,0,17.115,41.864
2026-07-16 05:14:22,0,0,0,0,17.117,41.934
2026-07-16 05:14:35,0,0,0,0,17.12,41.934
2026-07-16 05:15:56,0,0,0,0,17.131,41.999
2026-07-16 05:16:02,0,0,0,0,17.131,42.03
2026-07-16 05:16:07,0,0,0,0,17.131,42.001
2026-07-16 05:16:10,0,0,0,0,17.144,42.026
2026-07-16 05:16:18,0,0,0,0,17.157,42.016
2026-07-16 05:16:26,0,0,0,0,17.128,42.049
2026-07-16 05:16:28,0,0,0,0,17.128,42.045
2026-07-16 05:16:48,0,0,0,0,17.149,42.142
2026-07-16 05:16:54,0,0,0,0,17.144,42.226
2026-07-16 05:16:58,0,0,0,0,17.144,42.245
2026-07-16 05:17:09,0,0,0,0,17.144,42.289
2026-07-16 05:17:13,0,0,0,0,17.157,42.379
2026-07-16 05:17:45,0,0,0,0,17.144,42.661
2026-07-16 05:17:50,0,0,0,0,17.149,42.665
2026-07-16 05:17:55,0,0,0,0,17.163,42.69
2026-07-16 05:21:29,0,0,0,0,17.171,43.874
2026-07-16 05:24:51,0,0,0,0,17.064,44.605
2026-07-16 05:24:54,0,0,0,0,17.056,44.622
2026-07-16 05:24:58,0,0,0,0,17.056,44.639
2026-07-16 05:25:42,0,0,0,0,17.021,44.79
2026-07-16 05:26:28,0,1,0,0,16.986,45.051
2026-07-16 05:26:32,0,1,0,0,16.957,45.066
2026-07-16 05:26:36,0,1,0,0,16.984,45.101
2026-07-16 05:26:46,0,0,0,0,16.989,45.129
2026-07-16 05:26:50,0,0,0,0,16.976,45.133
2026-07-16 05:26:54,0,0,0,0,16.952,45.165
2026-07-16 05:26:58,0,0,0,0,16.968,45.196
2026-07-16 05:27:26,0,0,0,0,16.941,45.383
2026-07-16 05:27:32,0,0,0,0,16.944,45.438
2026-07-16 05:27:36,0,0,0,0,16.952,45.457
2026-07-16 05:28:20,1,1,0,0,16.882,45.829
2026-07-16 05:29:06,0,0,0,0,16.861,46.274
2026-07-16 05:29:20,0,0,0,0,16.861,46.396
2026-07-16 05:29:36,0,0,0,0,16.834,46.472
2026-07-16 05:29:56,0,0,0,0,16.813,46.619
2026-07-16 05:30:26,0,0,0,0,16.775,46.84
2026-07-16 05:30:39,0,0,0,0,16.759,46.907
2026-07-16 05:31:05,0,0,0,0,16.714,47.071
2026-07-16 05:31:09,0,0,0,0,16.695,47.05
2026-07-16 05:31:20,0,0,0,0,16.722,47.132
2026-07-16 05:31:28,0,0,0,0,16.685,47.157
2026-07-16 05:32:27,0,0,0,0,16.653,47.454
2026-07-16 05:32:39,0,0,0,0,16.629,47.511
2026-07-16 05:32:46,0,0,0,0,16.637,47.521
2026-07-16 05:33:31,0,0,0,0,16.546,47.716
2026-07-16 05:33:35,0,0,0,0,16.564,47.733
2026-07-16 05:33:41,0,0,0,0,16.564,47.754
2026-07-16 05:33:47,0,0,0,0,16.519,47.817
2026-07-16 05:33:53,0,0,0,0,16.535,47.836
2026-07-16 05:34:02,0,0,0,0,16.535,47.922
2026-07-16 05:34:30,0,0,0,0,16.514,48.091
2026-07-16 05:34:44,0,0,0,0,16.487,48.194
2026-07-16 05:35:12,0,0,0,0,16.45,48.383
2026-07-16 05:35:30,0,0,0,0,16.428,48.53
2026-07-16 05:35:50,0,0,0,0,16.426,48.73
2026-07-16 05:35:54,0,0,0,0,16.364,48.709
2026-07-16 05:36:18,1,1,0,0,16.375,48.835
2026-07-16 05:36:22,1,1,0,0,16.378,48.871
2026-07-16 05:36:28,1,1,0,0,16.356,48.913
2026-07-16 05:36:30,1,1,0,0,16.356,48.913
2026-07-16 05:36:43,1,1,0,0,16.351,49.043
2026-07-16 05:37:03,1,1,0,0,16.305,49.179
2026-07-16 05:37:08,1,1,0,0,16.292,49.167
2026-07-16 05:37:14,1,1,0,0,16.297,49.173
2026-07-16 05:37:17,1,1,0,0,16.292,49.196
2026-07-16 05:37:27,1,1,0,0,16.281,49.22
2026-07-16 05:37:48,1,1,0,0,16.268,49.303
2026-07-16 05:39:04,0,0,0,0,16.188,49.524
2026-07-16 05:39:27,0,0,0,0,16.14,49.541
2026-07-16 05:39:34,1,1,0,0,16.129,49.554
2026-07-16 05:40:07,1,1,0,0,16.105,49.463
2026-07-16 05:40:49,0,0,0,0,16.044,49.51
2026-07-16 05:40:56,0,0,0,0,16.012,49.543
2026-07-16 05:41:08,0,0,0,0,16.012,49.564
2026-07-16 05:41:28,0,0,0,0,15.99,49.678
2026-07-16 05:41:35,0,0,0,0,15.966,49.671
2026-07-16 05:41:39,0,0,0,0,15.958,49.724
2026-07-16 05:41:53,0,0,0,0,15.969,49.802
2026-07-16 05:42:15,0,0,0,0,15.934,49.901
2026-07-16 05:42:54,0,0,0,0,15.91,49.991
2026-07-16 05:42:57,0,0,0,0,15.908,49.997
2026-07-16 05:43:00,0,0,0,0,15.889,50.014
2026-07-16 05:43:34,0,0,0,0,15.859,50.069
2026-07-16 05:43:44,1,1,0,0,15.867,50.165
2026-07-16 05:44:19,1,1,0,0,15.833,50.254
2026-07-16 05:44:30,1,1,0,0,15.822,50.336
2026-07-16 05:44:54,0,0,0,0,15.798,50.468
2026-07-16 05:45:12,0,0,0,0,15.782,50.575
2026-07-16 05:45:21,0,0,0,0,15.755,50.699
2026-07-16 05:45:37,0,1,0,0,15.755,50.811
2026-07-16 05:45:40,0,1,0,0,15.731,50.809
2026-07-16 05:45:53,1,1,0,0,15.739,50.91
2026-07-16 05:46:15,1,1,0,0,15.71,50.977
2026-07-16 05:46:24,1,1,0,0,15.702,50.939
2026-07-16 05:46:28,1,1,0,0,15.707,50.973
2026-07-16 05:46:36,1,1,0,0,15.705,50.949
2026-07-16 05:46:58,1,1,0,0,15.651,50.935
2026-07-16 05:47:03,0,0,0,0,15.689,50.979
2026-07-16 05:47:14,0,0,0,0,15.654,51.008
2026-07-16 05:47:46,0,0,0,0,15.643,51.139
2026-07-16 05:48:24,0,0,0,0,15.616,51.319
2026-07-16 05:49:01,0,0,0,0,15.592,51.509
2026-07-16 05:49:10,0,0,0,0,15.552,51.563
2026-07-16 05:49:19,0,0,0,0,15.579,51.588
2026-07-16 05:49:37,0,0,0,0,15.571,51.691
2026-07-16 05:49:44,0,0,0,0,15.56,51.681
2026-07-16 05:50:18,0,1,0,0,15.566,51.801
2026-07-16 05:50:24,0,1,0,0,15.507,51.805
2026-07-16 05:50:29,0,1,0,0,15.528,51.828
2026-07-16 05:51:01,0,1,0,0,15.507,51.918
2026-07-16 05:51:05,0,1,0,0,15.504,51.889
2026-07-16 05:51:28,0,0,0,0,15.483,51.956
2026-07-16 05:51:38,0,0,0,0,15.483,52.009
2026-07-16 05:51:42,0,0,0,0,15.47,52.021
2026-07-16 05:51:44,0,0,0,0,15.475,52.038
2026-07-16 05:51:48,0,0,0,0,15.454,52.055
2026-07-16 05:52:58,1,1,0,0,15.408,52.045
2026-07-16 05:53:05,1,1,0,0,15.406,52.118
2026-07-16 05:53:08,1,1,0,0,15.395,52.099
2026-07-16 05:53:42,1,1,0,0,15.376,52.295
2026-07-16 05:53:45,1,1,0,0,15.365,52.337
2026-07-16 05:54:37,1,2,0,0,15.331,52.49
2026-07-16 05:55:13,1,1,0,0,15.312,52.562
2026-07-16 05:55:17,1,1,0,0,15.283,52.579
2026-07-16 05:55:43,0,0,0,0,15.291,52.631
2026-07-16 05:55:47,0,0,0,0,15.264,52.614
2026-07-16 05:55:57,0,0,0,0,15.277,52.669
2026-07-16 05:56:27,0,0,0,0,15.275,52.757
2026-07-16 05:56:29,0,0,0,0,15.259,52.785
2026-07-16 05:56:33,0,0,0,0,15.24,52.755
2026-07-16 05:57:01,0,1,0,0,15.259,52.848
2026-07-16 05:57:19,0,1,0,0,15.224,52.856
2026-07-16 05:57:47,1,1,0,0,15.195,53.028
2026-07-16 05:58:29,1,1,0,0,15.189,53.386
2026-07-16 05:59:08,1,1,0,0,15.173,53.613
2026-07-16 05:59:21,1,1,0,0,15.165,53.731
2026-07-16 05:59:44,1,1,0,0,15.152,53.869
2026-07-16 05:59:47,1,1,0,0,15.146,53.867
2026-07-16 06:00:25,1,1,0,0,15.136,54.056
2026-07-16 06:00:33,1,1,0,0,15.13,54.14
2026-07-16 06:01:03,1,1,0,0,15.101,54.145
2026-07-16 06:01:08,1,1,0,0,15.098,54.168
2026-07-16 06:01:29,1,1,0,0,15.082,54.208
2026-07-16 06:03:51,1,1,0,0,15.002,54.685
2026-07-16 06:03:55,1,1,0,0,14.986,54.691
2026-07-16 06:04:02,1,1,0,0,15.005,54.721
2026-07-16 06:04:37,1,2,0,0,14.97,54.842
2026-07-16 06:04:41,1,2,0,0,14.954,54.878
2026-07-16 06:05:08,1,1,0,0,14.928,55.069
2026-07-16 06:05:58,0,0,0,0,14.901,52.534
2026-07-16 06:06:26,5,6,0,0,14.879,51.04
2026-07-16 06:06:29,5,5,0,0,14.869,50.859
2026-07-16 06:07:11,1,1,0,0,14.858,48.234
2026-07-16 06:07:22,0,0,0,0,14.858,47.99
2026-07-16 06:07:47,0,0,0,0,14.847,49.661
2026-07-16 06:07:53,0,0,0,0,14.874,49.913
2026-07-16 06:08:01,0,0,0,0,14.879,50.315
2026-07-16 06:08:27,0,0,0,0,14.893,51.362
2026-07-16 06:10:24,0,0,0,0,15.034,52.925
2026-07-16 06:10:26,0,0,0,0,15.032,52.995
2026-07-16 06:10:29,0,0,0,0,15.034,53.014
2026-07-16 06:10:38,0,0,0,0,15.029,53.133
2026-07-16 06:10:41,0,0,0,0,15.045,53.152
2026-07-16 06:11:04,0,0,0,0,15.069,53.312
2026-07-16 06:11:09,0,0,0,0,15.072,53.415
2026-07-16 06:11:13,0,0,0,0,15.082,53.457
2026-07-16 06:11:17,0,0,0,0,15.082,53.487
2026-07-16 06:11:21,0,0,0,0,15.056,53.499
2026-07-16 06:11:25,0,0,0,0,15.074,53.491
2026-07-16 06:11:29,0,0,0,0,15.082,53.525
2026-07-16 06:11:34,0,0,0,0,15.088,53.489
2026-07-16 06:11:39,0,0,0,0,15.082,53.434
2026-07-16 06:11:43,0,0,0,0,15.096,53.277
2026-07-16 06:11:47,0,0,0,0,15.072,53.226
2026-07-16 06:12:32,0,0,0,0,15.138,52.707
2026-07-16 06:12:57,0,0,0,0,15.146,52.753
2026-07-16 06:13:11,0,0,0,0,15.181,52.749
2026-07-16 06:13:41,0,0,0,0,15.173,52.677
2026-07-16 06:14:09,0,0,0,0,15.189,52.528
2026-07-16 06:14:13,0,0,0,0,15.213,52.515
2026-07-16 06:14:15,0,0,0,0,15.216,52.495
2026-07-16 06:14:34,4,4,0,0,15.213,52.415
2026-07-16 06:16:30,0,0,0,0,15.251,51.996
2026-07-16 06:16:32,0,0,0,0,15.232,51.868
2026-07-16 06:17:04,0,0,0,0,15.221,50.514
2026-07-16 06:21:30,0,0,0,0,15.478,41.789
2026-07-16 06:26:29,0,0,0,0,16.444,38.938
2026-07-16 06:28:32,0,0,0,0,16.922,38.612
2026-07-16 06:31:30,0,0,0,0,17.518,41.122
2026-07-16 06:32:41,0,0,0,0,17.761,43.062
2026-07-16 06:32:49,1,1,0,0,17.793,43.126
2026-07-16 06:36:30,0,0,0,0,18.025,43.353
2026-07-16 06:41:29,0,0,0,0,17.809,43.958
2026-07-16 06:42:06,0,0,0,0,17.769,43.922
2026-07-16 06:43:03,0,0,0,0,17.699,43.815
2026-07-16 06:43:07,0,0,0,0,17.689,43.794
2026-07-16 06:46:29,0,0,0,0,17.448,41.147
2026-07-16 06:51:29,0,0,0,0,17.819,34.604
2026-07-16 06:56:30,0,0,0,0,18.773,32.973
2026-07-16 07:01:30,0,0,0,0,19.366,39.285
2026-07-16 07:06:29,0,0,0,0,18.97,42.754
2026-07-16 07:11:29,0,0,0,0,18.073,45.537
2026-07-16 07:14:17,0,0,0,0,17.504,47.141
2026-07-16 07:16:30,0,0,0,0,17.09,48.21
2026-07-16 07:21:29,0,0,0,0,16.337,50.008
2026-07-16 07:26:29,1,1,0,0,15.763,52.394
2026-07-16 07:31:30,1,1,0,0,15.296,54.206
2026-07-16 07:36:29,0,0,0,0,14.893,55.95
2026-07-16 07:41:30,0,0,0,0,14.546,57.865
2026-07-16 07:46:29,1,1,0,0,14.207,59.545
2026-07-16 07:47:33,1,1,0,0,14.134,59.791
2026-07-16 07:51:30,1,1,0,0,13.875,60.709
2026-07-16 07:54:47,0,1,0,0,13.745,61.578
2026-07-16 07:55:05,0,1,0,0,13.726,61.828
2026-07-16 07:55:47,0,1,0,0,13.699,61.975
2026-07-16 07:56:13,1,2,0,0,13.667,62.036
2026-07-16 07:56:29,1,2,0,0,13.656,62.088
2026-07-16 07:56:30,1,1,0,0,13.654,62.111
2026-07-16 07:56:50,0,0,0,0,13.632,62.166
2026-07-16 07:57:14,0,0,0,0,13.608,62.185
2026-07-16 07:57:19,0,0,0,0,13.608,62.208
2026-07-16 07:57:36,0,0,0,0,13.622,62.254
2026-07-16 07:58:00,0,2,0,0,13.582,62.275
2026-07-16 07:59:06,1,1,0,0,13.539,62.315
2026-07-16 07:59:24,1,1,0,0,13.544,62.387
2026-07-16 07:59:48,1,1,0,0,13.512,62.347
2026-07-16 08:00:06,0,0,0,0,13.534,62.276
2026-07-16 08:01:34,0,1,0,0,13.483,62.679
2026-07-16 08:02:34,0,1,0,0,13.443,62.961
2026-07-16 08:06:31,0,0,0,0,13.347,63.934
2026-07-16 08:06:59,0,0,0,0,13.331,64.266
2026-07-16 08:07:39,1,2,0,0,13.299,64.356
2026-07-16 08:09:43,3,3,0,0,13.253,64.527
2026-07-16 08:11:31,0,0,0,0,13.197,64.014
2026-07-16 08:12:35,1,1,0,0,13.17,64.174
2026-07-16 08:12:38,1,1,0,0,13.152,64.15
2026-07-16 08:15:12,0,0,0,0,13.128,64.508
2026-07-16 08:15:30,0,1,0,0,13.13,64.396
2026-07-16 08:16:31,0,0,0,0,13.141,60.361
2026-07-16 08:16:35,0,1,0,0,13.122,60.098
2026-07-16 08:16:51,0,1,0,0,13.125,60.426
2026-07-16 08:17:01,0,1,0,0,13.106,60.642
2026-07-16 08:18:01,0,0,0,0,13.152,60.484
2026-07-16 08:18:19,0,0,0,0,13.149,60.476
2026-07-16 08:18:41,0,0,0,0,13.194,60.173
2026-07-16 08:21:20,0,0,0,0,13.411,54.975
2026-07-16 08:21:30,0,0,0,0,13.421,54.948
2026-07-16 08:26:31,0,0,0,0,14.233,56.806
2026-07-16 08:27:17,0,0,0,0,14.369,57.016
2026-07-16 08:27:41,0,0,0,0,14.425,56.871
2026-07-16 08:31:31,0,0,0,0,14.821,48.211
2026-07-16 08:36:31,0,0,0,0,15.574,46.932
2026-07-16 08:41:31,0,0,0,0,16.316,43.792
2026-07-16 08:46:31,0,0,0,0,17.005,41.395
2026-07-16 08:51:31,0,0,0,0,17.603,40.284
2026-07-16 08:56:31,0,0,0,0,18.004,39.375
2026-07-16 09:01:31,0,0,0,0,18.273,39.056
2026-07-16 09:06:31,0,0,0,0,18.383,38.476
2026-07-16 09:11:31,0,0,0,0,18.452,38.591
2026-07-16 09:12:51,0,0,0,0,18.415,38.135
2026-07-16 09:17:23,0,0,0,0,18.388,40.353
2026-07-16 09:22:23,0,0,0,0,18.049,40.506
2026-07-16 09:27:23,0,0,0,0,17.659,40.876
2026-07-16 09:32:23,0,0,0,0,17.283,42.848
2026-07-16 09:37:23,0,0,0,0,16.906,44.086
2026-07-16 09:42:23,0,0,0,0,16.583,43.92
2026-07-16 09:47:23,0,0,0,0,16.484,43.914
2026-07-16 09:52:23,0,0,0,0,16.484,45.194
2026-07-16 09:57:23,0,0,0,0,16.353,46.02
2026-07-16 10:02:23,0,0,0,0,16.118,45.478
2026-07-16 10:07:23,0,0,0,0,15.924,48.398
2026-07-16 10:12:23,0,0,0,0,15.643,49.341
2026-07-16 10:17:23,0,0,0,0,15.467,49.97
2026-07-16 10:22:24,0,0,0,0,15.376,47.595
2026-07-16 10:27:24,0,0,0,0,15.435,49.055
2026-07-16 10:32:24,0,0,0,0,15.523,46.821
2026-07-16 10:37:24,0,0,0,0,15.691,47.321
2026-07-16 10:42:23,0,0,0,0,15.691,46.481
2026-07-16 10:47:23,0,0,0,0,15.707,48.118
2026-07-16 10:52:23,0,0,0,0,15.571,48.791
2026-07-16 10:57:23,0,0,0,0,15.307,49.713
2026-07-16 11:02:23,0,0,0,0,15.144,49.783
2026-07-16 11:07:24,0,0,0,0,15.098,51.012
2026-07-16 11:12:23,2,2,0,0,15.163,50.249
2026-07-16 11:17:23,0,0,0,0,15.272,50.575
2026-07-16 11:22:26,0,0,0,0,15.392,48.734
2026-07-16 11:27:23,0,0,0,0,15.547,49.114
2026-07-16 11:32:24,0,0,0,0,15.6,49.802
2026-07-16 11:37:23,0,0,0,0,15.515,51.374
2026-07-16 11:42:24,0,0,0,0,15.264,53.775
2026-07-16 11:47:23,0,0,0,0,14.925,54.979
2026-07-16 11:52:23,0,0,0,0,14.58,54.668
2026-07-16 11:57:23,0,0,0,0,14.207,56.919
2026-07-16 12:02:23,0,0,0,0,13.806,59.341
2026-07-16 12:07:23,0,0,0,0,13.523,61.393
2026-07-16 12:12:23,0,0,0,0,13.24,62.534
2026-07-16 12:17:24,0,0,0,0,12.917,63.505
2026-07-16 12:22:24,0,0,0,0,12.583,64.693
2026-07-16 12:27:24,0,0,0,0,12.238,65.759
2026-07-16 12:32:24,0,0,0,0,11.982,66.553
2026-07-16 12:37:24,0,0,0,0,11.825,67.909
2026-07-16 12:42:24,0,0,0,0,11.656,69.256
2026-07-16 12:47:24,0,0,0,0,11.451,69.713
2026-07-16 12:52:24,0,0,0,0,11.283,70.472
2026-07-16 12:57:24,1,1,0,0,11.173,72.454
2026-07-16 13:02:24,28,29,0,0,11.082,74.545
2026-07-16 13:07:24,0,0,0,0,11.01,73.801
2026-07-16 13:12:24,0,0,0,0,10.927,73.732
2026-07-16 13:17:24,0,0,0,0,10.887,74.11
2026-07-16 13:22:24,0,0,0,0,10.853,73.656
2026-07-16 13:27:24,0,0,0,0,10.81,75.186
2026-07-16 13:32:24,0,0,0,0,10.786,75.592
2026-07-16 13:37:24,0,0,0,0,10.74,75.415
2026-07-16 13:42:24,0,0,0,0,10.706,76.16
2026-07-16 13:47:24,1,1,0,0,10.671,77.001
2026-07-16 13:52:24,1,1,0,0,10.666,76.797
2026-07-16 13:57:24,50,61,0,0,10.631,77.274
2026-07-16 14:02:24,5,5,0,0,10.602,78.691
2026-07-16 14:07:24,6,7,0,0,10.567,79.985
2026-07-16 14:12:24,8,8,0,0,10.554,80.721
2026-07-16 14:17:24,0,0,0,0,10.548,81.016
2026-07-16 14:22:24,0,0,0,0,10.513,80.44
2026-07-16 14:27:24,0,0,0,0,10.425,78.35
2026-07-16 14:32:24,0,0,0,0,10.316,76.965
2026-07-16 17:09:02,6,6,0,0,9.245,90.159
2026-07-16 17:09:24,17,18,0,0,9.264,90.136
2026-07-16 17:09:46,23,23,0,0,9.293,90.056
2026-07-16 17:12:55,29,30,0,0,9.349,89.817
2026-07-16 17:13:29,31,32,0,0,9.333,89.815
2026-07-16 17:18:17,40,44,0,0,9.429,89.56
2026-07-16 17:18:29,34,34,0,0,9.429,89.581
2026-07-16 17:20:33,15,19,0,0,9.459,89.468
2026-07-16 17:23:29,33,35,0,0,9.517,89.277
2026-07-16 17:23:33,33,34,0,0,9.528,89.275
2026-07-16 17:28:29,27,28,0,0,9.654,88.987
2026-07-16 17:33:29,48,57,0,0,9.758,88.648
2026-07-16 17:38:29,20,21,0,0,9.883,88.406
2026-07-16 17:42:04,1,2,0,0,9.897,88.211
2026-07-16 17:43:02,1,1,0,0,9.966,88.158
2026-07-16 17:43:29,2,2,0,0,9.955,88.139
2026-07-16 17:48:29,47,57,0,0,10.014,87.868
2026-07-16 17:50:26,14,14,0,0,10.054,87.772
2026-07-16 17:53:29,121,125,0,0,10.07,87.736
2026-07-16 17:56:39,52,64,0,0,10.1,87.668
2026-07-16 17:57:02,55,67,0,0,10.086,87.662
2026-07-16 17:58:07,53,64,0,0,10.108,87.666
2026-07-16 17:58:30,54,66,0,0,10.11,87.664
2026-07-16 17:59:08,44,53,0,0,10.132,87.65
2026-07-16 18:00:13,71,81,0,0,10.129,87.584
2026-07-16 18:00:58,71,81,0,0,10.108,87.524
2026-07-16 18:02:22,81,88,0,0,10.124,87.444
2026-07-16 18:03:29,91,95,0,0,10.15,87.423
2026-07-16 18:08:26,34,35,0,0,10.161,87.311
2026-07-16 18:08:29,34,35,0,0,10.158,87.311
2026-07-16 18:12:34,100,102,0,0,10.172,87.156
2026-07-16 18:13:30,48,57,0,0,10.142,87.109
2026-07-16 18:33:30,48,58,0,0,10.158,87.168
2026-07-16 18:38:30,40,45,0,0,10.164,87.168
2026-07-16 18:43:30,48,57,0,0,10.153,87.177
2026-07-16 18:48:30,17,19,0,0,10.158,87.088
2026-07-16 18:53:30,51,61,0,0,10.134,87.172
2026-07-16 18:57:47,21,25,0,0,10.145,87.299
2026-07-16 18:58:30,22,22,0,0,10.142,87.32
2026-07-16 19:03:30,32,32,0,0,10.158,87.414
2026-07-16 19:08:30,36,39,0,0,10.19,87.492
2026-07-16 19:13:30,40,46,0,0,10.23,87.553
2026-07-16 19:18:30,23,25,0,0,10.217,87.608
2026-07-16 19:23:30,46,54,0,0,10.23,87.656
2026-07-16 19:25:59,37,43,0,0,10.217,87.688
2026-07-16 19:28:30,29,29,0,0,10.196,87.645
2026-07-16 19:29:45,29,29,0,0,10.198,87.654
2026-07-16 19:31:25,58,70,0,0,10.217,87.658
2026-07-16 19:31:50,54,65,0,0,10.196,87.683
2026-07-16 19:33:30,57,69,0,0,10.206,87.694
2026-07-16 19:35:21,40,44,0,0,10.198,87.763
2026-07-16 19:36:07,53,66,0,0,10.212,87.79
2026-07-16 19:38:30,43,51,0,0,10.209,87.799
2026-07-16 19:41:18,36,42,0,0,10.196,87.771
2026-07-16 19:43:30,28,28,0,0,10.206,87.751
2026-07-16 19:44:18,27,27,0,0,10.206,87.744
2026-07-16 19:48:30,27,28,0,0,10.214,87.717
2026-07-16 19:53:30,28,28,0,0,10.233,87.708
2026-07-16 19:54:54,25,26,0,0,10.233,87.711
2026-07-16 19:57:34,19,20,0,0,10.244,87.765
2026-07-16 19:58:30,23,26,0,0,10.206,87.763
2026-07-16 20:01:19,25,26,0,0,10.201,87.751
2026-07-16 20:03:30,30,32,0,0,10.225,87.738
2026-07-16 20:08:11,28,28,0,0,10.201,87.767
2026-07-16 20:08:30,29,29,0,0,10.222,87.786
2026-07-16 20:13:30,29,31,0,0,10.204,87.801
2026-07-16 20:17:14,36,40,0,0,10.206,87.809
2026-07-16 20:18:30,36,38,0,0,10.196,87.786
2026-07-16 20:18:49,40,46,0,0,10.214,87.837
2026-07-16 20:18:58,40,46,0,0,10.209,87.832
2026-07-16 20:21:10,38,42,0,0,10.206,87.803
2026-07-16 20:23:30,33,34,0,0,10.212,87.849
2026-07-16 20:25:31,38,44,0,0,10.222,87.902
2026-07-16 20:26:34,37,42,0,0,10.22,87.904
2026-07-16 20:27:38,40,45,0,0,10.185,87.887
2026-07-16 20:28:30,40,47,0,0,10.198,87.919
2026-07-16 20:31:36,40,45,0,0,10.196,87.904
2026-07-16 20:33:30,37,42,0,0,10.228,87.973
2026-07-16 20:38:30,44,51,0,0,10.236,87.921
2026-07-16 20:39:59,39,43,0,0,10.252,87.912
2026-07-16 20:40:18,38,42,0,0,10.249,87.919
2026-07-16 20:40:20,39,42,0,0,10.246,87.912
2026-07-16 20:43:21,33,34,0,0,10.236,87.944
2026-07-16 20:43:30,33,34,0,0,10.257,87.965
2026-07-16 20:46:57,28,29,0,0,10.273,87.956
2026-07-16 20:48:00,30,30,0,0,10.262,87.965
2026-07-16 20:48:30,29,30,0,0,10.252,87.98
2026-07-16 20:51:01,32,33,0,0,10.262,87.992
2026-07-16 20:51:45,29,29,0,0,10.286,87.988
2026-07-16 20:52:24,29,31,0,0,10.273,87.952
2026-07-16 20:53:32,43,51,0,0,10.294,87.94
2026-07-16 20:54:20,33,34,0,0,10.262,87.94
2026-07-16 20:54:28,33,34,0,0,10.273,87.954
2026-07-16 20:54:47,32,33,0,0,10.249,87.952
2026-07-16 20:56:51,36,37,0,0,10.27,88.001
2026-07-16 20:58:30,36,40,0,0,10.268,88.038
2026-07-16 20:59:12,36,39,0,0,10.265,88.076
2026-07-16 20:59:19,36,37,0,0,10.281,88.066
2026-07-16 21:00:56,32,32,0,0,10.286,88.047
2026-07-16 21:01:49,30,32,0,0,10.284,88.022
2026-07-16 21:02:32,32,32,0,0,10.276,88.015
2026-07-16 21:03:30,28,31,0,0,10.278,88.007
2026-07-16 21:03:57,30,30,0,0,10.289,88.022
2026-07-16 21:04:37,31,31,0,0,10.284,88.034
2026-07-16 21:05:18,36,37,0,0,10.262,88.032
2026-07-16 21:08:30,44,52,0,0,10.276,88.114
2026-07-16 21:08:32,44,51,0,0,10.321,88.144
2026-07-16 21:11:08,50,62,0,0,10.3,88.114
2026-07-16 21:13:30,46,56,0,0,10.308,88.116
2026-07-16 21:13:56,40,44,0,0,10.311,88.123
2026-07-16 21:18:15,39,43,0,0,10.308,88.141
2026-07-16 21:18:30,40,43,0,0,10.308,88.135
2026-07-16 21:23:10,47,56,0,0,10.297,88.167
2026-07-16 21:23:30,49,57,0,0,10.308,88.175
2026-07-16 21:28:30,42,51,0,0,10.273,88.142
2026-07-16 21:31:18,28,30,0,0,10.254,88.142
2026-07-16 21:31:55,27,30,0,0,10.233,88.141
2026-07-16 21:32:18,28,31,0,0,10.249,88.156
2026-07-16 21:32:33,28,31,0,0,10.249,88.186
2026-07-16 21:33:31,51,60,0,0,10.241,88.194
2026-07-16 21:33:32,50,59,0,0,10.23,88.175
2026-07-16 21:36:41,36,40,0,0,10.252,88.257
2026-07-16 21:38:33,36,38,0,0,10.225,88.299
2026-07-16 21:40:25,25,25,0,0,10.23,88.379
2026-07-16 21:40:42,25,25,0,0,10.201,88.406
2026-07-16 21:41:20,29,32,0,0,10.206,88.394
2026-07-16 21:41:37,31,31,0,0,10.198,88.417
2026-07-16 21:43:12,32,32,0,0,10.209,88.493
2026-07-16 21:43:33,33,33,0,0,10.217,88.509
2026-07-16 21:43:35,33,33,0,0,10.228,88.545
2026-07-16 21:44:41,36,39,0,0,10.222,88.551
2026-07-16 21:48:33,34,34,0,0,10.23,88.625
2026-07-16 21:49:21,31,31,0,0,10.236,88.623
2026-07-16 21:50:24,32,32,0,0,10.236,88.646
2026-07-16 21:53:32,34,39,0,0,10.244,88.724
2026-07-16 21:57:54,31,32,0,0,10.27,88.757
2026-07-16 21:58:33,36,37,0,0,10.3,88.766
2026-07-16 22:03:32,39,45,0,0,10.3,88.69
2026-07-16 22:03:40,40,46,0,0,10.303,88.715
2026-07-16 22:08:33,33,34,0,0,10.308,88.778
2026-07-16 22:13:33,32,34,0,0,10.321,88.757
2026-07-16 22:18:33,20,23,0,0,10.321,88.642
2026-07-16 22:23:33,18,20,0,0,10.27,88.522
2026-07-16 22:28:33,13,14,0,0,10.249,88.491
2026-07-16 22:33:33,6,6,0,0,10.19,88.509
2026-07-16 22:38:33,4,4,0,0,10.137,88.564
2026-07-16 22:40:58,8,8,0,0,10.121,88.585
2026-07-16 22:43:33,6,6,0,0,10.118,88.604
2026-07-16 22:48:33,5,5,0,0,10.062,88.621
2026-07-16 22:53:33,3,4,0,0,10.035,88.669
2026-07-16 22:53:38,3,4,0,0,10.035,88.701
2026-07-16 22:58:33,5,5,0,0,10.014,88.783
2026-07-16 22:58:48,5,5,0,0,10.027,88.797
2026-07-16 22:59:06,6,6,0,0,10.006,88.791
2026-07-16 23:00:23,4,4,0,0,9.982,88.783
2026-07-16 23:00:26,4,4,0,0,9.971,88.778
2026-07-16 23:01:01,4,5,0,0,9.966,88.816
2026-07-16 23:01:25,3,3,0,0,9.993,88.821
2026-07-16 23:02:05,4,5,0,0,9.974,88.804
2026-07-16 23:02:21,4,4,0,0,9.995,88.827
2026-07-16 23:03:33,3,4,0,0,9.985,88.829
2026-07-16 23:03:48,3,3,0,0,9.961,88.85
2026-07-16 23:05:13,4,4,0,0,9.939,88.869
2026-07-16 23:05:56,4,4,0,0,9.963,88.846
2026-07-16 23:07:05,2,3,0,0,9.993,88.802
2026-07-16 23:08:33,3,3,0,0,9.966,88.808
2026-07-16 23:09:05,4,4,0,0,9.947,88.802
2026-07-16 23:09:10,4,4,0,0,9.958,88.8
2026-07-16 23:09:23,3,3,0,0,9.966,88.821
2026-07-16 23:11:09,3,3,0,0,9.942,88.858
2026-07-16 23:12:59,4,4,0,0,9.958,88.909
2026-07-16 23:13:33,1,1,0,0,9.939,88.923
2026-07-16 23:14:37,1,1,0,0,9.947,88.947
2026-07-16 23:16:17,2,2,0,0,9.955,89.045
2026-07-16 23:16:25,2,2,0,0,9.915,89.037
2026-07-16 23:16:28,2,2,0,0,9.923,89.027
2026-07-16 23:16:43,2,2,0,0,9.963,89.058
2026-07-16 23:18:28,1,1,0,0,9.931,89.058
2026-07-16 23:18:32,1,1,0,0,9.931,89.075
2026-07-16 23:19:00,1,1,0,0,9.939,89.069
2026-07-16 23:19:47,1,1,0,0,9.958,89.083
2026-07-16 23:23:14,1,2,0,0,9.955,89.081
2026-07-16 23:23:33,1,2,0,0,9.955,89.054
2026-07-16 23:24:01,1,1,0,0,9.953,89.09
2026-07-16 23:24:39,3,3,0,0,9.953,89.117
2026-07-16 23:27:53,1,1,0,0,9.955,89.148
2026-07-16 23:27:56,1,1,0,0,9.969,89.14
2026-07-16 23:28:33,2,2,0,0,9.934,89.144
2026-07-16 23:28:36,2,2,0,0,9.939,89.134
2026-07-16 23:29:12,3,3,0,0,9.966,89.14
2026-07-16 23:30:40,0,0,0,0,9.958,89.138
2026-07-16 23:30:58,0,0,0,0,9.953,89.14
2026-07-16 23:32:44,0,1,0,0,9.963,89.117
2026-07-16 23:33:33,0,2,0,0,9.942,89.178
2026-07-16 23:33:39,0,2,0,0,9.955,89.167
2026-07-16 23:34:52,0,1,0,0,9.974,89.205
2026-07-16 23:36:33,0,0,0,0,9.963,89.165
2026-07-16 23:37:04,1,1,0,0,9.958,89.165
2026-07-16 23:38:33,0,0,0,0,9.982,89.142
2026-07-16 23:38:34,0,0,0,0,9.982,89.142
2026-07-16 23:41:29,0,0,0,0,9.971,89.096
2026-07-16 23:42:00,0,0,0,0,9.969,89.081
2026-07-16 23:43:12,0,0,0,0,9.969,89.1
2026-07-16 23:43:33,0,0,0,0,9.955,89.087
2026-07-16 23:43:49,0,0,0,0,9.958,89.087
2026-07-16 23:45:34,0,0,0,0,9.961,89.092
2026-07-16 23:48:33,0,0,0,0,9.942,89.079
2026-07-16 23:48:45,0,0,0,0,9.966,89.069
2026-07-16 23:50:29,4,4,0,0,9.953,89.081
2026-07-16 23:53:26,5,6,0,0,9.939,89.05
2026-07-16 23:53:33,6,6,0,0,9.937,89.081
2026-07-16 23:54:39,12,13,0,0,9.942,89.029
2026-07-16 23:55:10,10,12,0,0,9.929,88.986
2026-07-16 23:56:01,1,1,0,0,9.942,88.955
2026-07-16 23:56:41,1,1,0,0,9.907,88.938
2026-07-16 23:57:00,1,1,0,0,9.929,88.928
2026-07-16 23:57:29,1,1,0,0,9.91,88.862
2026-07-16 23:57:57,3,3,0,0,9.91,88.862
2026-07-16 23:58:33,2,2,0,0,9.926,88.856
2026-07-16 23:58:43,1,1,0,0,9.905,88.837
2026-07-16 23:58:55,1,1,0,0,9.881,88.793
2026-07-16 23:59:23,17,18,0,0,9.905,88.715
2026-07-16 23:59:30,30,31,0,0,9.87,88.701
2026-07-17 00:03:33,29,30,0,0,9.8,88.579
2026-07-17 00:03:41,25,26,0,0,9.8,88.574
2026-07-17 00:06:31,17,18,0,0,9.726,88.604
2026-07-17 00:06:48,14,16,0,0,9.755,88.638
2026-07-17 00:07:30,9,10,0,0,9.734,88.675
2026-07-17 00:08:09,8,10,0,0,9.718,88.715
2026-07-17 00:08:33,8,8,0,0,9.723,88.722
2026-07-17 00:08:51,12,12,0,0,9.688,88.76
2026-07-17 00:09:34,12,15,0,0,9.691,88.802
2026-07-17 00:10:05,15,16,0,0,9.688,88.814
2026-07-17 00:10:11,16,17,0,0,9.686,88.797
2026-07-17 00:10:52,21,22,0,0,9.691,88.825
2026-07-17 00:12:11,28,28,0,0,9.664,88.821
2026-07-17 00:12:51,21,22,0,0,9.656,88.821
2026-07-17 00:13:31,20,21,0,0,9.656,88.829
2026-07-17 00:13:33,20,21,0,0,9.624,88.833
2026-07-17 00:14:09,17,20,0,0,9.646,88.865
2026-07-17 00:18:33,23,25,0,0,9.59,88.839
2026-07-17 00:18:40,23,25,0,0,9.582,88.818
2026-07-17 00:19:31,15,16,0,0,9.56,88.806
2026-07-17 00:20:14,9,10,0,0,9.576,88.808
2026-07-17 00:21:15,5,5,0,0,9.549,88.747
2026-07-17 00:22:10,2,2,0,0,9.528,88.768
2026-07-17 00:22:35,3,3,0,0,9.531,88.795
2026-07-17 00:22:53,3,3,0,0,9.512,88.77
2026-07-17 00:23:31,2,2,0,0,9.517,88.797
2026-07-17 00:23:33,2,2,0,0,9.501,88.78
2026-07-17 00:23:51,1,1,0,0,9.496,88.778
2026-07-17 00:26:09,2,2,0,0,9.459,88.755
2026-07-17 00:28:04,2,2,0,0,9.424,88.757
2026-07-17 00:28:33,2,3,0,0,9.413,88.711
2026-07-17 00:28:37,2,3,0,0,9.397,88.724
2026-07-17 00:29:52,2,2,0,0,9.408,88.736
2026-07-17 00:33:33,0,1,0,0,9.32,88.594
2026-07-17 00:36:07,0,0,0,0,9.274,88.581
2026-07-17 00:37:25,0,1,0,0,9.221,88.551
2026-07-17 00:38:33,0,0,0,0,9.176,88.57
2026-07-17 00:40:00,0,0,0,0,9.176,88.652
2026-07-17 00:41:30,0,0,0,0,9.122,88.659
2026-07-17 00:41:34,0,0,0,0,9.125,88.659
2026-07-17 00:43:04,0,0,0,0,9.125,88.491
2026-07-17 00:43:33,0,0,0,0,9.077,88.427
2026-07-17 00:45:14,0,0,0,0,9.042,88.116
2026-07-17 00:47:03,0,0,0,0,8.991,87.704
2026-07-17 00:48:33,0,0,0,0,8.93,87.668
2026-07-17 00:48:41,0,0,0,0,8.887,87.669
2026-07-17 00:50:14,0,0,0,0,8.836,87.635
2026-07-17 00:50:37,0,0,0,0,8.85,87.639
2026-07-17 00:52:14,0,0,0,0,8.767,87.675
2026-07-17 00:53:34,0,0,0,0,8.716,87.74
2026-07-17 00:55:37,0,0,0,0,8.65,87.797
2026-07-17 00:56:59,0,0,0,0,8.602,87.799
2026-07-17 00:58:22,0,0,0,0,8.591,87.868
2026-07-17 00:58:30,0,0,0,0,8.591,87.879
2026-07-17 00:58:33,0,0,0,0,8.577,87.893
2026-07-17 00:59:45,0,0,0,0,8.535,87.912
2026-07-17 01:01:03,0,0,0,0,8.543,87.914
2026-07-17 01:03:33,0,1,0,0,8.5,88.072
2026-07-17 01:05:08,1,1,0,0,8.452,88.137
2026-07-17 01:05:37,0,0,0,0,8.449,88.163
2026-07-17 01:06:14,0,0,0,0,8.449,88.144
2026-07-17 01:06:36,0,0,0,0,8.415,88.16
2026-07-17 01:08:14,0,0,0,0,8.401,88.188
2026-07-17 01:08:33,0,0,0,0,8.404,88.2
2026-07-17 01:09:06,0,0,0,0,8.38,88.238
2026-07-17 01:11:42,0,0,0,0,8.35,88.234
2026-07-17 01:13:33,0,0,0,0,8.324,88.274
2026-07-17 01:15:45,0,0,0,0,8.297,88.341
2026-07-17 01:17:50,0,0,0,0,8.278,88.383
2026-07-17 01:18:27,0,0,0,0,8.26,88.453
2026-07-17 01:18:33,0,0,0,0,8.241,88.448
2026-07-17 01:21:04,0,0,0,0,8.257,88.535
2026-07-17 01:21:36,0,0,0,0,8.26,88.528
2026-07-17 01:21:45,0,0,0,0,8.23,88.535
2026-07-17 01:22:04,0,0,0,0,8.238,88.533
2026-07-17 01:23:33,0,0,0,0,8.244,88.499
2026-07-17 01:28:34,0,0,0,0,8.204,88.465
2026-07-17 01:30:45,0,0,0,0,8.198,88.522
2026-07-17 01:31:52,0,0,0,0,8.182,88.543
2026-07-17 01:32:01,0,0,0,0,8.172,88.543
2026-07-17 01:33:33,0,0,0,0,8.158,88.45
2026-07-17 01:34:14,0,0,0,0,8.174,88.438
2026-07-17 01:34:37,0,0,0,0,8.161,88.442
2026-07-17 01:35:16,0,0,0,0,8.161,88.444
2026-07-17 01:36:07,0,0,0,0,8.14,88.43
2026-07-17 01:38:33,0,0,0,0,8.148,88.305
2026-07-17 01:39:56,0,0,0,0,8.134,88.236
2026-07-17 01:43:33,0,0,0,0,8.091,88.265
2026-07-17 01:45:37,0,0,0,0,8.086,88.219
2026-07-17 01:46:08,0,0,0,0,8.086,88.24
2026-07-17 01:48:33,0,0,0,0,8.062,88.202
2026-07-17 01:52:37,0,0,0,0,8.043,88.102
2026-07-17 01:53:33,0,0,0,0,8.009,88.093
2026-07-17 01:54:07,0,0,0,0,8.017,88.102
2026-07-17 01:58:33,0,0,0,0,8.019,88.228
2026-07-17 01:59:37,0,0,0,0,7.979,88.24
2026-07-17 02:02:38,0,0,0,0,7.966,88.291
2026-07-17 02:03:33,0,0,0,0,7.953,88.219
2026-07-17 02:08:33,0,0,0,0,7.958,88.278
2026-07-17 02:12:09,0,0,0,0,7.955,88.388
2026-07-17 02:12:38,0,0,0,0,7.923,88.387
2026-07-17 02:13:33,0,0,0,0,7.953,88.413
2026-07-17 02:18:33,0,0,0,0,7.971,88.379
2026-07-17 02:19:08,0,0,0,0,7.969,88.434
2026-07-17 02:19:38,0,0,0,0,7.979,88.434
2026-07-17 02:20:41,0,0,0,0,7.979,88.453
2026-07-17 02:20:49,0,0,0,0,7.963,88.471
2026-07-17 02:23:33,0,0,0,0,7.974,88.427
2026-07-17 02:25:08,0,0,0,0,7.985,88.488
2026-07-17 02:25:31,0,0,0,0,7.979,88.484
2026-07-17 02:25:58,0,0,0,0,7.969,88.499
2026-07-17 02:26:38,0,0,0,0,8.001,88.482
2026-07-17 02:27:18,0,0,0,0,7.99,88.505
2026-07-17 02:27:24,0,0,0,0,7.993,88.471
2026-07-17 02:27:32,0,0,0,0,7.998,88.474
2026-07-17 02:28:34,0,0,0,0,7.998,88.501
2026-07-17 02:28:39,0,0,0,0,8.006,88.499
2026-07-17 02:28:43,0,0,0,0,8.006,88.509
2026-07-17 02:28:50,0,0,0,0,7.987,88.528
2026-07-17 02:29:18,0,0,0,0,8.001,88.524
2026-07-17 02:29:23,0,0,0,0,7.995,88.509
2026-07-17 02:30:11,0,0,0,0,8.003,88.532
2026-07-17 02:30:51,0,0,0,0,8.03,88.553
2026-07-17 02:31:30,0,0,0,0,8.035,88.541
2026-07-17 02:31:58,0,0,0,0,8.027,88.514
2026-07-17 02:32:16,0,0,0,0,8.035,88.564
2026-07-17 02:32:49,0,0,0,0,8.033,88.545
2026-07-17 02:33:20,0,0,0,0,8.043,88.591
2026-07-17 02:33:25,0,0,0,0,8.041,88.575
2026-07-17 02:33:28,0,0,0,0,8.033,88.572
2026-07-17 02:33:33,0,0,0,0,8.027,88.574
2026-07-17 02:33:45,0,0,0,0,8.025,88.577
2026-07-17 02:33:50,0,0,0,0,8.019,88.6
2026-07-17 02:33:55,0,0,0,0,8.035,88.589
2026-07-17 02:33:59,0,0,0,0,8.019,88.608
2026-07-17 02:34:09,0,0,0,0,8.027,88.61
2026-07-17 02:34:14,0,0,0,0,8.006,88.633
2026-07-17 02:34:37,0,0,0,0,8.019,88.644
2026-07-17 02:34:50,0,0,0,0,8.033,88.648
2026-07-17 02:36:34,0,0,0,0,8.057,88.654
2026-07-17 02:38:33,0,0,0,0,8.083,88.709
2026-07-17 02:39:16,0,0,0,0,8.062,88.684
2026-07-17 02:40:05,0,0,0,0,8.075,88.703
2026-07-17 02:40:10,0,0,0,0,8.107,88.713
2026-07-17 02:40:52,0,0,0,0,8.086,88.707
2026-07-17 02:41:02,0,0,0,0,8.081,88.686
2026-07-17 02:41:24,0,0,0,0,8.091,88.709
2026-07-17 02:41:27,0,0,0,0,8.073,88.675
2026-07-17 02:41:53,0,0,0,0,8.097,88.699
2026-07-17 02:42:45,0,0,0,0,8.089,88.688
2026-07-17 02:42:54,0,0,0,0,8.121,88.696
2026-07-17 02:43:33,0,0,0,0,8.107,88.667
2026-07-17 02:43:39,0,0,0,0,8.113,88.654
2026-07-17 02:45:05,0,0,0,0,8.118,88.656
2026-07-17 02:47:31,0,0,0,0,8.158,88.665
2026-07-17 02:48:19,0,0,0,0,8.153,88.673
2026-07-17 02:48:33,0,0,0,0,8.142,88.646
2026-07-17 02:48:59,0,0,0,0,8.145,88.678
2026-07-17 02:50:51,0,0,0,0,8.174,88.642
2026-07-17 02:51:34,0,0,0,0,8.166,88.64
2026-07-17 02:53:33,0,0,0,0,8.18,88.629
2026-07-17 02:53:35,0,0,0,0,8.193,88.6
2026-07-17 02:55:43,0,0,0,0,8.174,88.575
2026-07-17 02:57:33,0,0,0,0,8.182,88.629
2026-07-17 02:57:42,0,0,0,0,8.206,88.635
2026-07-17 02:58:33,0,0,0,0,8.177,88.663
2026-07-17 02:58:56,0,0,0,0,8.161,88.671
2026-07-17 03:00:21,0,0,0,0,8.18,88.673
2026-07-17 03:00:41,0,0,0,0,8.182,88.701
2026-07-17 03:01:10,0,0,0,0,8.174,88.696
2026-07-17 03:01:34,0,0,0,0,8.182,88.713
2026-07-17 03:03:13,0,0,0,0,8.19,88.717
2026-07-17 03:03:33,0,0,0,0,8.185,88.736
2026-07-17 03:03:38,0,0,0,0,8.172,88.747
2026-07-17 03:04:53,0,0,0,0,8.193,88.78
2026-07-17 03:05:00,0,0,0,0,8.177,88.776
2026-07-17 03:07:12,0,0,0,0,8.19,88.825
2026-07-17 03:08:33,0,0,0,0,8.212,88.85
2026-07-17 03:09:43,0,0,0,0,8.198,88.865
2026-07-17 03:13:33,0,0,0,0,8.212,89.012
2026-07-17 03:13:35,0,0,0,0,8.198,88.993
2026-07-17 03:14:28,0,0,0,0,8.198,89.077
2026-07-17 03:15:41,0,0,0,0,8.182,89.119
2026-07-17 03:16:21,0,0,0,0,8.23,89.172
2026-07-17 03:17:00,0,0,0,0,8.23,89.209
2026-07-17 03:17:04,0,0,0,0,8.22,89.207
2026-07-17 03:17:14,0,0,0,0,8.22,89.224
2026-07-17 03:17:52,0,0,0,0,8.23,89.256
2026-07-17 03:18:34,0,0,0,0,8.246,89.233
2026-07-17 03:19:01,0,0,0,0,8.252,89.245
2026-07-17 03:21:05,0,0,0,0,8.276,89.26
2026-07-17 03:21:33,0,0,0,0,8.262,89.233
2026-07-17 03:23:13,0,0,0,0,8.273,89.235
2026-07-17 03:23:33,0,0,0,0,8.297,89.258
2026-07-17 03:23:41,0,0,0,0,8.281,89.272
2026-07-17 03:23:46,0,0,0,0,8.27,89.249
2026-07-17 03:24:36,0,0,0,0,8.31,89.251
2026-07-17 03:24:44,0,0,0,0,8.294,89.285
2026-07-17 03:25:08,0,0,0,0,8.297,89.253
2026-07-17 03:25:40,0,0,0,0,8.294,89.201
2026-07-17 03:26:31,0,0,0,0,8.297,89.184
2026-07-17 03:28:08,0,1,0,0,8.294,88.965
2026-07-17 03:28:33,0,1,0,0,8.318,88.888
2026-07-17 03:28:56,0,0,0,0,8.321,88.89
2026-07-17 03:29:13,1,1,0,0,8.305,88.829
2026-07-17 03:29:18,0,0,0,0,8.289,88.808
2026-07-17 03:31:01,0,0,0,0,8.284,88.682
2026-07-17 03:31:09,0,0,0,0,8.286,88.717
2026-07-17 03:33:33,0,0,0,0,8.233,88.638
2026-07-17 03:35:09,0,0,0,0,8.206,88.602
2026-07-17 03:35:24,0,0,0,0,8.193,88.591
2026-07-17 03:37:09,0,0,0,0,8.185,88.652
2026-07-17 03:38:34,0,0,0,0,8.158,88.661
2026-07-17 03:38:54,0,0,0,0,8.156,88.654
2026-07-17 03:41:01,0,0,0,0,8.132,88.661
2026-07-17 03:42:00,1,1,0,0,8.121,88.654
2026-07-17 03:42:03,1,1,0,0,8.094,88.678
2026-07-17 03:43:33,1,1,0,0,8.073,88.728
2026-07-17 03:43:56,0,0,0,0,8.078,88.755
2026-07-17 03:47:19,0,1,0,0,8.057,88.865
2026-07-17 03:48:33,0,0,0,0,8.033,88.854
2026-07-17 03:53:09,0,0,0,0,7.979,89.026
2026-07-17 03:53:33,0,0,0,0,7.979,89.066
2026-07-17 03:54:10,0,0,0,0,7.963,89.089
2026-07-17 03:54:27,0,0,0,0,7.971,89.087
2026-07-17 03:54:41,0,0,0,0,7.966,89.094
2026-07-17 03:56:39,0,0,0,0,7.955,89.127
2026-07-17 03:56:46,0,0,0,0,7.969,89.144
2026-07-17 03:56:54,0,0,0,0,7.953,89.138
2026-07-17 03:57:08,0,0,0,0,7.937,89.155
2026-07-17 03:57:22,0,0,0,0,7.971,89.188
2026-07-17 03:57:27,0,0,0,0,7.953,89.159
2026-07-17 03:57:35,0,0,0,0,7.953,89.197
2026-07-17 03:57:49,1,1,0,0,7.953,89.159
2026-07-17 03:58:09,0,0,0,0,7.942,89.184
2026-07-17 03:58:12,0,0,0,0,7.95,89.186
2026-07-17 03:58:14,1,1,0,0,7.955,89.214
2026-07-17 03:58:28,2,2,0,0,7.953,89.191
2026-07-17 03:58:32,2,2,0,0,7.958,89.193
2026-07-17 03:58:33,1,1,0,0,7.958,89.224
2026-07-17 03:58:44,1,1,0,0,7.947,89.207
2026-07-17 03:59:01,1,1,0,0,7.958,89.233
2026-07-17 03:59:15,0,0,0,0,7.942,89.209
2026-07-17 03:59:17,0,0,0,0,7.939,89.201
2026-07-17 03:59:20,0,0,0,0,7.931,89.197
2026-07-17 03:59:26,0,0,0,0,7.953,89.224
2026-07-17 03:59:30,0,0,0,0,7.945,89.19
2026-07-17 03:59:39,0,0,0,0,7.945,89.205
2026-07-17 03:59:57,0,0,0,0,7.963,89.241
2026-07-17 04:00:01,0,0,0,0,7.934,89.258
2026-07-17 04:00:11,0,0,0,0,7.953,89.218
2026-07-17 04:00:22,0,0,0,0,7.939,89.285
2026-07-17 04:00:38,0,0,0,0,7.942,89.228
2026-07-17 04:00:42,0,0,0,0,7.921,89.268
2026-07-17 04:00:47,0,0,0,0,7.921,89.23
2026-07-17 04:00:57,0,0,0,0,7.945,89.254
2026-07-17 04:01:11,0,0,0,0,7.934,89.254
2026-07-17 04:01:24,0,0,0,0,7.953,89.289
2026-07-17 04:01:40,0,0,0,0,7.934,89.274
2026-07-17 04:02:21,0,0,0,0,7.955,89.275
2026-07-17 04:02:25,0,0,0,0,7.929,89.268
2026-07-17 04:02:37,0,0,0,0,7.939,89.247
2026-07-17 04:02:42,0,0,0,0,7.942,89.295
2026-07-17 04:02:47,0,0,0,0,7.947,89.279
2026-07-17 04:02:52,0,0,0,0,7.937,89.293
2026-07-17 04:03:33,0,0,0,0,7.91,89.317
2026-07-17 04:03:45,0,0,0,0,7.926,89.304
2026-07-17 04:03:52,0,0,0,0,7.945,89.306
2026-07-17 04:04:01,0,0,0,0,7.947,89.34
2026-07-17 04:04:06,1,1,0,0,7.931,89.331
2026-07-17 04:04:14,0,0,0,0,7.926,89.314
2026-07-17 04:04:21,0,0,0,0,7.947,89.319
2026-07-17 04:04:42,0,0,0,0,7.939,89.315
2026-07-17 04:04:47,0,0,0,0,7.931,89.317
2026-07-17 04:05:03,0,0,0,0,7.931,89.321
2026-07-17 04:05:07,0,0,0,0,7.923,89.329
2026-07-17 04:05:22,0,0,0,0,7.937,89.357
2026-07-17 04:05:28,0,0,0,0,7.926,89.361
2026-07-17 04:05:35,0,0,0,0,7.929,89.35
2026-07-17 04:05:40,0,0,0,0,7.931,89.363
2026-07-17 04:05:51,0,0,0,0,7.915,89.325
2026-07-17 04:05:54,0,0,0,0,7.918,89.35
2026-07-17 04:05:58,0,0,0,0,7.939,89.336
2026-07-17 04:06:04,0,0,0,0,7.929,89.317
2026-07-17 04:06:21,0,0,0,0,7.931,89.338
2026-07-17 04:06:24,0,0,0,0,7.942,89.38
2026-07-17 04:06:29,0,0,0,0,7.931,89.346
2026-07-17 04:06:52,0,0,0,0,7.942,89.342
2026-07-17 04:07:12,0,0,0,0,7.937,89.317
2026-07-17 04:07:18,0,0,0,0,7.955,89.346
2026-07-17 04:07:39,0,1,0,0,7.915,89.31
2026-07-17 04:07:47,0,0,0,0,7.926,89.308
2026-07-17 04:07:50,0,0,0,0,7.942,89.336
2026-07-17 04:07:53,0,0,0,0,7.947,89.335
2026-07-17 04:08:00,0,0,0,0,7.918,89.31
2026-07-17 04:08:03,0,0,0,0,7.931,89.312
2026-07-17 04:08:09,0,0,0,0,7.913,89.31
2026-07-17 04:08:12,0,0,0,0,7.929,89.338
2026-07-17 04:08:16,0,0,0,0,7.923,89.314
2026-07-17 04:08:33,0,0,0,0,7.926,89.329
2026-07-17 04:08:35,0,0,0,0,7.926,89.329
2026-07-17 04:08:44,0,0,0,0,7.907,89.344
2026-07-17 04:08:54,0,0,0,0,7.913,89.331
2026-07-17 04:09:00,0,0,0,0,7.95,89.335
2026-07-17 04:09:07,0,0,0,0,7.937,89.312
2026-07-17 04:09:10,0,0,0,0,7.915,89.342
2026-07-17 04:09:20,0,0,0,0,7.931,89.346
2026-07-17 04:09:32,0,0,0,0,7.913,89.329
2026-07-17 04:09:52,0,0,0,0,7.931,89.296
2026-07-17 04:09:55,0,0,0,0,7.91,89.323
2026-07-17 04:10:00,0,0,0,0,7.929,89.296
2026-07-17 04:10:28,0,0,0,0,7.915,89.277
2026-07-17 04:10:33,0,0,0,0,7.915,89.293
2026-07-17 04:10:36,0,0,0,0,7.915,89.291
2026-07-17 04:10:39,0,0,0,0,7.926,89.308
2026-07-17 04:10:45,0,0,0,0,7.905,89.298
2026-07-17 04:10:54,0,0,0,0,7.915,89.325
2026-07-17 04:11:02,0,0,0,0,7.929,89.314
2026-07-17 04:11:18,0,0,0,0,7.926,89.274
2026-07-17 04:11:20,0,0,0,0,7.926,89.317
2026-07-17 04:11:29,0,0,0,0,7.921,89.3
2026-07-17 04:11:38,0,0,0,0,7.915,89.287
2026-07-17 04:11:41,0,0,0,0,7.902,89.314
2026-07-17 04:11:45,0,0,0,0,7.942,89.306
2026-07-17 04:12:14,0,0,0,0,7.926,89.3
2026-07-17 04:12:16,0,0,0,0,7.915,89.302
2026-07-17 04:12:53,0,0,0,0,7.942,89.3
2026-07-17 04:13:02,0,0,0,0,7.929,89.296
2026-07-17 04:13:08,0,0,0,0,7.921,89.283
2026-07-17 04:13:30,0,0,0,0,7.942,89.315
2026-07-17 04:13:33,0,0,0,0,7.907,89.302
2026-07-17 04:13:36,0,0,0,0,7.915,89.298
2026-07-17 04:14:04,0,0,0,0,7.918,89.279
2026-07-17 04:14:10,0,0,0,0,7.921,89.291
2026-07-17 04:14:14,0,0,0,0,7.931,89.314
2026-07-17 04:14:16,0,0,0,0,7.923,89.312
2026-07-17 04:14:18,0,0,0,0,7.921,89.308
2026-07-17 04:14:25,0,0,0,0,7.905,89.304
2026-07-17 04:17:23,0,0,0,0,7.894,89.296
2026-07-17 04:18:19,0,0,0,0,7.934,89.266
2026-07-17 04:18:34,0,0,0,0,7.918,89.312
2026-07-17 04:18:43,0,0,0,0,7.91,89.317
2026-07-17 04:19:50,0,0,0,0,7.915,89.298
2026-07-17 04:23:34,0,0,0,0,7.921,89.34
2026-07-17 04:28:34,0,0,0,0,7.902,89.472
2026-07-17 04:29:51,0,0,0,0,7.91,89.514
2026-07-17 04:31:51,0,0,0,0,7.905,89.529
2026-07-17 04:33:34,0,0,0,0,7.907,89.529
2026-07-17 04:38:34,0,0,0,0,7.91,89.716
2026-07-17 04:43:34,0,0,0,0,7.905,89.748
2026-07-17 04:43:35,0,0,0,0,7.913,89.745
2026-07-17 04:43:38,0,0,0,0,7.91,89.743
2026-07-17 04:43:43,0,0,0,0,7.889,89.779
2026-07-17 04:44:11,0,0,0,0,7.907,89.806
2026-07-17 04:44:15,0,0,0,0,7.918,89.813
2026-07-17 04:44:28,0,0,0,0,7.905,89.792
2026-07-17 04:44:49,0,0,0,0,7.897,89.829
2026-07-17 04:44:54,0,0,0,0,7.897,89.8
2026-07-17 04:44:58,0,0,0,0,7.902,89.813
2026-07-17 04:45:07,0,0,0,0,7.905,89.832
2026-07-17 04:45:32,0,0,0,0,7.891,89.836
2026-07-17 04:45:38,0,0,0,0,7.891,89.842
2026-07-17 04:45:41,0,0,0,0,7.87,89.842
2026-07-17 04:46:49,0,0,0,0,7.878,89.823
2026-07-17 04:46:55,0,0,0,0,7.918,89.834
2026-07-17 04:47:01,0,0,0,0,7.918,89.85
2026-07-17 04:47:07,0,0,0,0,7.91,89.85
2026-07-17 04:47:35,0,0,0,0,7.918,89.876
2026-07-17 04:47:39,0,0,0,0,7.907,89.855
2026-07-17 04:47:42,0,0,0,0,7.915,89.855
2026-07-17 04:47:46,0,0,0,0,7.891,89.869
2026-07-17 04:48:19,0,0,0,0,7.918,89.884
2026-07-17 04:48:23,0,0,0,0,7.915,89.859
2026-07-17 04:48:33,0,0,0,0,7.891,89.842
2026-07-17 04:48:35,0,0,0,0,7.915,89.884
2026-07-17 04:48:57,0,0,0,0,7.921,89.88
2026-07-17 04:49:03,0,0,0,0,7.945,89.895
2026-07-17 04:49:37,0,0,0,0,7.931,89.88
2026-07-17 04:49:44,0,0,0,0,7.907,89.888
2026-07-17 04:49:48,0,0,0,0,7.91,89.861
2026-07-17 04:50:59,0,0,0,0,7.921,89.861
2026-07-17 04:51:04,0,0,0,0,7.923,89.827
2026-07-17 04:53:34,0,0,0,0,7.939,89.863
2026-07-17 04:55:50,0,0,0,0,7.921,89.838
2026-07-17 04:58:34,0,0,0,0,7.95,89.851
2026-07-17 04:59:39,0,0,0,0,7.969,89.867
2026-07-17 05:00:03,0,0,0,0,7.969,89.903
2026-07-17 05:00:34,0,0,0,0,7.961,89.916
2026-07-17 05:00:45,0,0,0,0,7.971,89.924
2026-07-17 05:00:53,0,0,0,0,7.953,89.909
2026-07-17 05:00:59,0,0,0,0,7.947,89.924
2026-07-17 05:01:01,0,0,0,0,7.955,89.926
2026-07-17 05:01:04,0,0,0,0,7.953,89.916
2026-07-17 05:01:07,0,0,0,0,7.958,89.941
2026-07-17 05:01:22,0,0,0,0,7.971,89.958
2026-07-17 05:01:38,0,0,0,0,7.947,89.993
2026-07-17 05:01:50,0,0,0,0,7.947,89.989
2026-07-17 05:02:16,0,0,0,0,7.969,90.008
2026-07-17 05:02:19,0,0,0,0,7.947,89.995
2026-07-17 05:02:22,0,0,0,0,7.969,90.01
2026-07-17 05:02:24,0,0,0,0,7.963,89.998
2026-07-17 05:02:28,0,0,0,0,7.958,90.015
2026-07-17 05:03:02,0,0,0,0,7.969,90.048
2026-07-17 05:03:08,0,0,0,0,7.955,90.042
2026-07-17 05:03:13,0,0,0,0,7.953,90.019
2026-07-17 05:03:26,0,0,0,0,7.963,90.057
2026-07-17 05:03:33,0,0,0,0,7.969,90.075
2026-07-17 05:03:35,0,0,0,0,7.969,90.075
2026-07-17 05:03:41,0,0,0,0,7.971,90.088
2026-07-17 05:04:51,0,0,0,0,7.987,90.13
2026-07-17 05:05:12,0,0,0,0,7.985,90.149
2026-07-17 05:07:47,0,0,0,0,8.017,90.029
2026-07-17 05:07:50,0,0,0,0,8.027,90.04
2026-07-17 05:07:54,0,0,0,0,8.006,90.048
2026-07-17 05:08:06,0,0,0,0,8.027,90.035
2026-07-17 05:08:10,0,0,0,0,8.019,90.027
2026-07-17 05:08:24,0,0,0,0,8.019,90.038
2026-07-17 05:08:33,0,0,0,0,8.027,90.033
2026-07-17 05:08:46,0,0,0,0,8.033,90.017
2026-07-17 05:09:00,0,0,0,0,8.03,90.035
2026-07-17 05:09:07,0,0,0,0,8.035,90.015
2026-07-17 05:09:16,0,0,0,0,8.027,90
2026-07-17 05:09:22,0,0,0,0,8.035,90.017
2026-07-17 05:09:34,0,0,0,0,8.022,90.008
2026-07-17 05:09:40,0,0,0,0,8.027,90.019
2026-07-17 05:10:04,0,0,0,0,8.046,90.008
2026-07-17 05:10:30,0,0,0,0,8.033,90.002
2026-07-17 05:10:37,0,0,0,0,8.054,89.989
2026-07-17 05:10:42,0,0,0,0,8.027,89.987
2026-07-17 05:10:44,0,0,0,0,8.043,89.989
2026-07-17 05:11:10,0,0,0,0,8.065,90.008
2026-07-17 05:11:22,0,0,0,0,8.054,90.012
2026-07-17 05:11:35,0,0,0,0,8.043,90.017
2026-07-17 05:11:53,0,0,0,0,8.041,89.993
2026-07-17 05:12:20,0,0,0,0,8.035,90.006
2026-07-17 05:12:34,0,0,0,0,8.043,90.01
2026-07-17 05:12:37,0,0,0,0,8.059,90.017
2026-07-17 05:12:56,0,0,0,0,8.065,90.031
2026-07-17 05:13:03,0,0,0,0,8.062,90.044
2026-07-17 05:13:34,0,0,0,0,8.065,90.042
2026-07-17 05:13:41,0,0,0,0,8.081,90.071
2026-07-17 05:13:51,0,0,0,0,8.073,90.048
2026-07-17 05:14:03,0,0,0,0,8.067,90.098
2026-07-17 05:14:11,0,0,0,0,8.07,90.077
2026-07-17 05:14:50,0,0,0,0,8.081,90.151
2026-07-17 05:15:11,0,0,0,0,8.075,90.109
2026-07-17 05:15:15,0,0,0,0,8.094,90.12
2026-07-17 05:17:17,0,0,0,0,8.121,90.147
2026-07-17 05:18:34,0,0,0,0,8.14,90.103
2026-07-17 05:19:20,0,0,0,0,8.132,90.084
2026-07-17 05:19:55,0,0,0,0,8.126,90.067
2026-07-17 05:20:50,0,0,0,0,8.145,90.017
2026-07-17 05:21:23,0,0,0,0,8.148,89.975
2026-07-17 05:21:29,0,0,0,0,8.142,90.004
2026-07-17 05:21:33,0,0,0,0,8.134,89.97
2026-07-17 05:21:40,0,0,0,0,8.134,89.974
2026-07-17 05:22:10,0,0,0,0,8.129,89.943
2026-07-17 05:22:39,0,0,0,0,8.132,89.914
2026-07-17 05:22:46,0,0,0,0,8.164,89.966
2026-07-17 05:22:55,0,0,0,0,8.142,89.888
2026-07-17 05:23:34,0,0,0,0,8.161,89.912
2026-07-17 05:23:37,0,0,0,0,8.174,89.899
2026-07-17 05:23:49,0,0,0,0,8.156,89.939
2026-07-17 05:24:08,0,0,0,0,8.15,90.014
2026-07-17 05:24:19,0,0,0,0,8.164,89.998
2026-07-17 05:24:31,0,0,0,0,8.161,90.075
2026-07-17 05:24:35,0,0,0,0,8.158,90.052
2026-07-17 05:25:01,0,0,0,0,8.174,90.073
2026-07-17 05:25:05,0,0,0,0,8.145,90.061
2026-07-17 05:25:13,0,0,0,0,8.166,90.063
2026-07-17 05:25:24,0,0,0,0,8.177,90.09
2026-07-17 05:25:33,0,0,0,0,8.153,90.086
2026-07-17 05:25:39,0,0,0,0,8.169,90.107
2026-07-17 05:25:52,0,0,0,0,8.161,90.077
2026-07-17 05:26:02,0,0,0,0,8.156,90.088
2026-07-17 05:26:07,0,0,0,0,8.172,90.109
2026-07-17 05:26:15,0,0,0,0,8.158,90.071
2026-07-17 05:26:32,0,0,0,0,8.196,90.057
2026-07-17 05:26:46,0,0,0,0,8.182,90.05
2026-07-17 05:27:01,0,0,0,0,8.201,90.036
2026-07-17 05:27:15,0,0,0,0,8.188,90.002
2026-07-17 05:27:22,0,0,0,0,8.182,89.995
2026-07-17 05:27:29,0,0,0,0,8.198,90.01
2026-07-17 05:27:37,0,0,0,0,8.212,90.015
2026-07-17 05:28:01,0,0,0,0,8.182,89.983
2026-07-17 05:28:17,0,0,0,0,8.198,89.96
2026-07-17 05:28:28,0,0,0,0,8.201,89.981
2026-07-17 05:28:33,0,0,0,0,8.204,89.977
2026-07-17 05:28:46,0,0,0,0,8.204,89.932
2026-07-17 05:29:01,0,0,0,0,8.209,89.933
2026-07-17 05:29:08,0,0,0,0,8.209,89.933
2026-07-17 05:29:46,0,0,0,0,8.238,89.922
2026-07-17 05:29:51,0,0,0,0,8.26,89.937
2026-07-17 05:29:55,0,0,0,0,8.222,89.909
2026-07-17 05:30:19,0,0,0,0,8.22,89.903
2026-07-17 05:30:23,0,0,0,0,8.23,89.903
2026-07-17 05:30:47,0,0,0,0,8.209,89.912
2026-07-17 05:30:51,0,0,0,0,8.22,89.909
2026-07-17 05:30:56,0,0,0,0,8.222,89.884
2026-07-17 05:31:08,0,0,0,0,8.228,89.914
2026-07-17 05:31:12,0,0,0,0,8.214,89.912
2026-07-17 05:31:38,0,0,0,0,8.228,89.897
2026-07-17 05:31:54,0,0,0,0,8.22,89.89
2026-07-17 05:31:59,0,0,0,0,8.222,89.882
2026-07-17 05:32:18,0,0,0,0,8.225,89.882
2026-07-17 05:32:35,0,0,0,0,8.238,89.85
2026-07-17 05:32:42,0,0,0,0,8.222,89.844
2026-07-17 05:32:45,0,0,0,0,8.26,89.886
2026-07-17 05:32:52,0,0,0,0,8.233,89.876
2026-07-17 05:32:55,0,0,0,0,8.236,89.846
2026-07-17 05:33:19,0,0,0,0,8.241,89.859
2026-07-17 05:33:23,0,0,0,0,8.222,89.844
2026-07-17 05:33:28,0,0,0,0,8.252,89.844
2026-07-17 05:33:33,0,0,0,0,8.225,89.865
2026-07-17 05:33:52,0,0,0,0,8.252,89.876
2026-07-17 05:34:08,0,0,0,0,8.249,89.851
2026-07-17 05:34:40,0,0,0,0,8.27,89.865
2026-07-17 05:34:44,0,0,0,0,8.252,89.83
2026-07-17 05:35:00,0,0,0,0,8.249,89.851
2026-07-17 05:35:22,0,0,0,0,8.265,89.842
2026-07-17 05:35:51,0,0,0,0,8.281,89.83
2026-07-17 05:36:01,0,0,0,0,8.268,89.844
2026-07-17 05:36:05,0,0,0,0,8.27,89.853
2026-07-17 05:36:22,0,0,0,0,8.268,89.819
2026-07-17 05:36:41,0,0,0,0,8.268,89.838
2026-07-17 05:36:48,0,0,0,0,8.26,89.869
2026-07-17 05:38:01,0,0,0,0,8.284,89.874
2026-07-17 05:38:15,0,0,0,0,8.286,89.893
2026-07-17 05:38:34,0,0,0,0,8.294,89.857
2026-07-17 05:38:36,0,0,0,0,8.273,89.882
2026-07-17 05:38:49,0,0,0,0,8.289,89.892
2026-07-17 05:38:52,0,0,0,0,8.286,89.888
2026-07-17 05:39:27,0,0,0,0,8.284,89.897
2026-07-17 05:40:07,0,0,0,0,8.31,89.884
2026-07-17 05:40:43,0,0,0,0,8.297,89.853
2026-07-17 05:40:46,0,0,0,0,8.294,89.863
2026-07-17 05:40:51,0,0,0,0,8.294,89.893
2026-07-17 05:41:24,0,0,0,0,8.289,89.882
2026-07-17 05:42:03,0,0,0,0,8.294,89.859
2026-07-17 05:42:20,0,0,0,0,8.313,89.872
2026-07-17 05:42:45,0,0,0,0,8.294,89.853
2026-07-17 05:42:48,0,0,0,0,8.313,89.865
2026-07-17 05:43:00,0,0,0,0,8.324,89.874
2026-07-17 05:43:22,0,0,0,0,8.3,89.869
2026-07-17 05:43:28,0,0,0,0,8.321,89.869
2026-07-17 05:43:34,0,0,0,0,8.294,89.859
2026-07-17 05:43:37,0,0,0,0,8.31,89.863
2026-07-17 05:44:05,0,0,0,0,8.316,89.872
2026-07-17 05:44:12,0,0,0,0,8.3,89.846
2026-07-17 05:44:45,0,0,0,0,8.324,89.867
2026-07-17 05:45:33,0,0,0,0,8.321,89.827
2026-07-17 05:46:03,0,0,0,0,8.318,89.809
2026-07-17 05:46:09,0,0,0,0,8.31,89.813
2026-07-17 05:46:42,0,0,0,0,8.342,89.813
2026-07-17 05:46:55,0,0,0,0,8.321,89.811
2026-07-17 05:47:30,0,0,0,0,8.324,89.8
2026-07-17 05:48:34,0,0,0,0,8.361,89.869
2026-07-17 05:48:44,0,0,0,0,8.334,89.838
2026-07-17 05:48:54,0,0,0,0,8.34,89.851
2026-07-17 05:49:25,0,0,0,0,8.35,89.867
2026-07-17 05:49:35,0,0,0,0,8.321,89.876
2026-07-17 05:49:38,0,0,0,0,8.34,89.876
2026-07-17 05:50:11,0,0,0,0,8.34,89.897
2026-07-17 05:50:20,0,0,0,0,8.34,89.912
2026-07-17 05:51:26,0,0,0,0,8.35,89.888
2026-07-17 05:51:32,0,0,0,0,8.367,89.92
2026-07-17 05:51:35,0,0,0,0,8.329,89.922
2026-07-17 05:51:40,0,0,0,0,8.35,89.895
2026-07-17 05:51:45,0,0,0,0,8.377,89.924
2026-07-17 05:52:06,0,0,0,0,8.348,89.933
2026-07-17 05:52:10,0,0,0,0,8.372,89.941
2026-07-17 05:52:21,0,0,0,0,8.369,89.937
2026-07-17 05:52:52,0,0,0,0,8.361,89.918
2026-07-17 05:53:01,0,0,0,0,8.361,89.935
2026-07-17 05:53:29,0,0,0,0,8.375,89.953
2026-07-17 05:53:34,0,0,0,0,8.361,89.912
2026-07-17 05:53:38,0,0,0,0,8.383,89.937
2026-07-17 05:54:09,0,0,0,0,8.359,89.926
2026-07-17 05:54:17,0,0,0,0,8.361,89.916
2026-07-17 05:54:50,0,0,0,0,8.385,89.935
2026-07-17 05:54:57,0,0,0,0,8.372,89.953
2026-07-17 05:55:34,0,0,0,0,8.369,89.954
2026-07-17 05:55:55,0,0,0,0,8.364,89.962
2026-07-17 05:56:10,0,0,0,0,8.375,89.956
2026-07-17 05:56:22,0,0,0,0,8.372,89.97
2026-07-17 05:56:26,0,0,0,0,8.359,89.958
2026-07-17 05:56:53,0,0,0,0,8.375,89.974
2026-07-17 05:57:05,0,0,0,0,8.383,89.989
2026-07-17 05:57:32,0,0,0,0,8.388,90.023
2026-07-17 05:57:39,0,0,0,0,8.385,89.968
2026-07-17 05:57:48,0,0,0,0,8.372,90.004
2026-07-17 05:58:13,0,0,0,0,8.407,89.998
2026-07-17 05:58:22,0,0,0,0,8.385,90.012
2026-07-17 05:58:34,0,0,0,0,8.412,89.981
2026-07-17 05:58:49,0,0,0,0,8.393,90.01
2026-07-17 05:59:00,0,0,0,0,8.404,90.025
2026-07-17 05:59:07,0,0,0,0,8.391,90.033
2026-07-17 05:59:40,0,0,0,0,8.412,90.033
2026-07-17 05:59:55,0,0,0,0,8.409,90.056
2026-07-17 06:00:17,0,0,0,0,8.401,90.054
2026-07-17 06:01:04,0,0,0,0,8.404,90.036
2026-07-17 06:01:45,0,0,0,0,8.404,90.069
2026-07-17 06:02:23,0,0,0,0,8.423,90.069
2026-07-17 06:02:30,0,0,0,0,8.428,90.052
2026-07-17 06:02:57,0,0,0,0,8.409,90.107
2026-07-17 06:03:00,0,0,0,0,8.423,90.056
2026-07-17 06:03:08,0,0,0,0,8.425,90.107
2026-07-17 06:03:32,0,0,0,0,8.412,90.113
2026-07-17 06:03:34,0,0,0,0,8.412,90.113
2026-07-17 06:03:39,0,0,0,0,8.425,90.107
2026-07-17 06:03:45,0,0,0,0,8.423,90.107
2026-07-17 06:04:02,0,0,0,0,8.428,90.134
2026-07-17 06:04:11,0,0,0,0,8.436,90.126
2026-07-17 06:04:25,0,0,0,0,8.436,90.13
2026-07-17 06:04:46,0,0,0,0,8.433,90.13
2026-07-17 06:04:56,0,0,0,0,8.447,90.12
2026-07-17 06:05:05,0,0,0,0,8.444,90.124
2026-07-17 06:05:22,0,0,0,0,8.455,90.143
2026-07-17 06:08:34,0,0,0,0,8.487,90.101
2026-07-17 06:09:44,0,0,0,0,8.487,90.078
2026-07-17 06:11:39,0,0,0,0,8.5,90.073
2026-07-17 06:11:45,0,0,0,0,8.479,90.061
2026-07-17 06:12:29,0,0,0,0,8.5,90.075
2026-07-17 06:12:58,0,0,0,0,8.495,90.069
2026-07-17 06:13:34,0,0,0,0,8.465,90.061
2026-07-17 06:15:28,0,0,0,0,8.508,90.099
2026-07-17 06:18:02,0,0,0,0,8.497,90.065
2026-07-17 06:18:16,0,0,0,0,8.535,90.098
2026-07-17 06:18:30,0,0,0,0,8.5,90.128
2026-07-17 06:18:34,0,0,0,0,8.497,90.122
2026-07-17 06:23:34,0,0,0,0,8.508,90.057
2026-07-17 06:24:12,0,0,0,0,8.519,90.054
2026-07-17 06:27:00,0,0,0,0,8.519,90.021
2026-07-17 06:28:34,0,0,0,0,8.505,90.046
2026-07-17 06:29:33,0,0,0,0,8.503,90.098
2026-07-17 06:30:02,0,0,0,0,8.492,90.107
2026-07-17 06:31:07,0,0,0,0,8.513,90.099
2026-07-17 06:31:16,0,0,0,0,8.487,90.138
2026-07-17 06:33:35,0,0,0,0,8.503,90.214
2026-07-17 06:33:37,0,0,0,0,8.503,90.191
2026-07-17 06:33:45,0,0,0,0,8.487,90.197
2026-07-17 06:35:22,0,0,0,0,8.5,90.225
2026-07-17 06:36:00,0,0,0,0,8.511,90.223
2026-07-17 06:37:11,0,0,0,0,8.487,90.178
2026-07-17 06:38:35,0,0,0,0,8.524,90.195
2026-07-17 06:39:30,0,0,0,0,8.527,90.185
2026-07-17 06:42:29,0,0,0,0,8.519,90.143
2026-07-17 06:42:54,0,0,0,0,8.543,90.117
2026-07-17 06:43:35,0,0,0,0,8.516,90.13
2026-07-17 06:43:47,0,0,0,0,8.524,90.111
2026-07-17 06:44:56,0,0,0,0,8.516,90.067
2026-07-17 06:45:19,0,0,0,0,8.524,90.078
2026-07-17 06:46:59,0,0,0,0,8.537,89.993
2026-07-17 06:47:40,0,0,0,0,8.516,90.038
2026-07-17 06:48:25,0,0,0,0,8.529,90.075
2026-07-17 06:48:31,0,0,0,0,8.511,90.061
2026-07-17 06:48:35,0,0,0,0,8.513,90.052
2026-07-17 06:48:47,0,0,0,0,8.503,90.073
2026-07-17 06:50:59,0,0,0,0,8.516,90.05
2026-07-17 06:51:18,0,0,0,0,8.503,90.042
2026-07-17 06:52:33,0,0,0,0,8.5,90.09
2026-07-17 06:52:43,0,0,0,0,8.497,90.105
2026-07-17 06:53:34,0,0,0,0,8.487,90.004
2026-07-17 06:56:12,0,0,0,0,8.487,90.08
2026-07-17 06:56:39,0,0,0,0,8.503,90.101
2026-07-17 06:57:07,0,0,0,0,8.505,90.078
2026-07-17 06:57:17,0,0,0,0,8.481,90.086
2026-07-17 06:57:53,0,0,0,0,8.516,90.12
2026-07-17 06:58:35,0,0,0,0,8.505,90.086
2026-07-17 07:02:00,0,0,0,0,8.5,90.052
2026-07-17 07:03:23,0,0,0,0,8.489,90.014
2026-07-17 07:03:35,0,0,0,0,8.487,89.995
2026-07-17 07:03:48,0,0,0,0,8.497,90.029
2026-07-17 07:04:18,0,0,0,0,8.487,90.008
2026-07-17 07:08:35,0,0,0,0,8.481,89.97
2026-07-17 07:08:38,0,0,0,0,8.487,89.979
2026-07-17 07:09:02,0,0,0,0,8.476,89.996
2026-07-17 07:09:20,0,0,0,0,8.471,90
2026-07-17 07:10:30,0,0,0,0,8.46,89.996
2026-07-17 07:13:35,0,0,0,0,8.452,90.04
2026-07-17 07:15:00,0,0,0,0,8.471,90.015
2026-07-17 07:16:30,0,0,0,0,8.449,90.065
2026-07-17 07:18:35,0,0,0,0,8.449,90.046
2026-07-17 07:18:41,0,0,0,0,8.444,90.073
2026-07-17 07:22:00,0,0,0,0,8.455,90.05
2026-07-17 07:22:59,0,0,0,0,8.465,90.094
2026-07-17 07:23:35,0,0,0,0,8.46,90.115
2026-07-17 07:24:30,0,0,0,0,8.449,90.168
2026-07-17 07:24:49,0,0,0,0,8.46,90.166
2026-07-17 07:26:00,0,0,0,0,8.473,90.326
2026-07-17 07:26:43,0,0,0,0,8.444,90.372
2026-07-17 07:28:35,0,0,0,0,8.473,90.445
2026-07-17 07:30:00,0,0,0,0,8.489,90.445
2026-07-17 07:30:31,0,0,0,0,8.487,90.445
2026-07-17 07:32:57,0,0,0,0,8.5,90.347
2026-07-17 07:33:35,0,0,0,0,8.497,90.359
2026-07-17 07:34:27,0,0,0,0,8.503,90.307
2026-07-17 07:35:09,0,0,0,0,8.508,90.281
2026-07-17 07:35:23,0,0,0,0,8.537,90.288
2026-07-17 07:35:34,0,0,0,0,8.527,90.317
2026-07-17 07:38:35,0,0,0,0,8.556,90.155
2026-07-17 07:42:33,0,0,0,0,8.551,89.998
2026-07-17 07:43:35,0,0,0,0,8.551,90.035
2026-07-17 07:44:34,0,0,0,0,8.561,89.993
2026-07-17 07:45:30,0,0,0,0,8.556,89.993
2026-07-17 07:47:25,0,0,0,0,8.572,90.031
2026-07-17 07:47:35,0,0,0,0,8.569,90.006
2026-07-17 07:48:35,0,0,0,0,8.561,90.042
2026-07-17 07:53:34,0,0,0,0,8.583,89.956
2026-07-17 07:54:31,0,0,0,0,8.58,89.932
2026-07-17 07:56:00,0,0,0,0,8.551,89.886
2026-07-17 07:56:48,0,0,0,0,8.556,89.878
2026-07-17 07:56:53,0,0,0,0,8.567,89.88
2026-07-17 07:58:35,0,1,0,0,8.583,89.842
2026-07-17 07:58:57,0,1,0,0,8.577,89.838
2026-07-17 08:02:34,0,0,0,0,8.575,89.777
2026-07-17 08:03:31,0,0,0,0,8.572,89.809
2026-07-17 08:03:34,0,0,0,0,8.572,89.785
2026-07-17 08:08:35,0,0,0,0,8.575,89.901
2026-07-17 08:13:35,2,3,0,0,8.577,90.004
2026-07-17 08:15:01,1,1,0,0,8.577,90.035
2026-07-17 08:17:14,0,0,0,0,8.604,89.995
2026-07-17 08:17:40,0,0,0,0,8.593,90.01
2026-07-17 08:18:34,0,0,0,0,8.588,89.983
2026-07-17 08:19:42,0,0,0,0,8.593,89.966
2026-07-17 08:22:40,3,3,0,0,8.61,90.042
2026-07-17 08:23:35,1,1,0,0,8.612,90.021
2026-07-17 08:25:01,0,0,0,0,8.626,90.025
2026-07-17 08:25:28,0,0,0,0,8.626,90.014
2026-07-17 08:27:08,0,0,0,0,8.636,90.038
2026-07-17 08:28:35,0,0,0,0,8.626,90.052
2026-07-17 08:29:01,0,0,0,0,8.639,90.078
2026-07-17 08:29:41,0,0,0,0,8.644,90.092
2026-07-17 08:30:29,0,0,0,0,8.639,90.111
2026-07-17 08:30:34,0,0,0,0,8.644,90.098
2026-07-17 08:31:03,0,0,0,0,8.628,90.099
2026-07-17 08:31:48,0,0,0,0,8.644,90.098
2026-07-17 08:32:12,0,0,0,0,8.642,90.12
2026-07-17 08:33:08,0,0,0,0,8.655,90.115
2026-07-17 08:33:35,0,0,0,0,8.663,90.17
2026-07-17 08:34:06,0,0,0,0,8.663,90.151
2026-07-17 08:34:32,0,0,0,0,8.676,90.166
2026-07-17 08:35:09,0,0,0,0,8.698,90.181
2026-07-17 08:35:59,0,0,0,0,8.663,90.162
2026-07-17 08:37:53,0,0,0,0,8.687,90.166
2026-07-17 08:38:03,0,0,0,0,8.7,90.153
2026-07-17 08:38:35,0,0,0,0,8.698,90.139
2026-07-17 08:38:37,0,0,0,0,8.73,90.168
2026-07-17 08:39:33,0,0,0,0,8.695,90.086
2026-07-17 08:40:37,67,79,0,0,8.719,90.057
2026-07-17 08:40:44,69,81,0,0,8.7,90.048
2026-07-17 08:41:51,45,53,0,0,8.722,89.987
2026-07-17 08:41:59,39,45,0,0,8.703,90.019
2026-07-17 08:43:35,21,21,0,0,8.727,89.97
2026-07-17 08:43:53,34,34,0,0,8.7,89.979
2026-07-17 08:45:12,33,34,0,0,8.695,89.933
2026-07-17 08:48:34,8,9,0,0,8.69,89.918
2026-07-17 08:48:36,7,8,0,0,8.719,89.932
2026-07-17 08:48:43,7,7,0,0,8.698,89.897
2026-07-17 08:50:03,5,5,0,0,8.7,89.941
2026-07-17 08:51:14,26,27,0,0,8.7,89.949
2026-07-17 08:53:37,9,9,0,0,8.73,90.01
2026-07-17 08:53:52,9,9,0,0,8.708,90.035
2026-07-17 08:54:35,10,10,0,0,8.716,90.056
2026-07-17 08:55:10,5,5,0,0,8.706,90.057
2026-07-17 08:55:16,4,4,0,0,8.706,90.042
2026-07-17 08:55:56,8,8,0,0,8.692,90.008
2026-07-17 08:57:20,5,5,0,0,8.727,90.042
2026-07-17 08:57:50,3,3,0,0,8.722,90.036
2026-07-17 08:58:08,1,1,0,0,8.716,90.046
2026-07-17 08:58:32,0,0,0,0,8.727,90.059
2026-07-17 08:58:36,1,1,0,0,8.7,90.031
2026-07-17 08:59:19,7,7,0,0,8.711,90.017
2026-07-17 08:59:27,9,9,0,0,8.738,90.059
2026-07-17 09:01:18,5,7,0,0,8.711,90.035
2026-07-17 09:01:54,7,7,0,0,8.722,90.036
2026-07-17 09:02:33,5,8,0,0,8.724,90.077
2026-07-17 09:03:37,5,5,0,0,8.751,90.122
2026-07-17 09:07:15,9,9,0,0,8.778,90.134
2026-07-17 09:08:00,2,2,0,0,8.78,90.136
2026-07-17 09:08:37,7,7,0,0,8.74,90.099
2026-07-17 09:13:37,2,2,0,0,8.786,90.048
2026-07-17 09:14:33,3,3,0,0,8.812,90.015
2026-07-17 09:16:55,2,2,0,0,8.78,89.993
2026-07-17 09:18:36,9,9,0,0,8.794,89.958
2026-07-17 09:18:38,10,10,0,0,8.807,89.947
2026-07-17 09:18:43,10,10,0,0,8.812,89.983
2026-07-17 09:20:09,0,0,0,0,8.812,89.96
2026-07-17 09:22:33,0,0,0,0,8.82,89.975
2026-07-17 09:23:39,4,4,0,0,8.791,89.985
2026-07-17 09:25:33,7,7,0,0,8.786,89.998
2026-07-17 09:28:33,7,7,0,0,8.815,89.996
2026-07-17 09:28:39,8,8,0,0,8.772,89.987
2026-07-17 09:30:04,8,9,0,0,8.794,89.991
2026-07-17 09:31:58,35,38,0,0,8.783,90.012
2026-07-17 09:33:38,13,13,0,0,8.759,90.031
2026-07-17 09:38:39,4,4,0,0,8.748,90.103
2026-07-17 09:40:33,2,3,0,0,8.754,90.139
2026-07-17 09:40:45,2,4,0,0,8.756,90.153
2026-07-17 09:40:54,2,5,0,0,8.756,90.157
2026-07-17 09:42:33,3,4,0,0,8.738,90.212
2026-07-17 09:43:38,3,3,0,0,8.74,90.263
2026-07-17 09:46:02,10,10,0,0,8.743,90.242
2026-07-17 09:48:11,14,14,0,0,8.748,90.231
2026-07-17 09:48:39,9,10,0,0,8.748,90.246
2026-07-17 09:48:48,10,10,0,0,8.727,90.244
2026-07-17 09:50:50,3,3,0,0,8.748,90.283
2026-07-17 09:51:51,3,3,0,0,8.738,90.334
2026-07-17 09:52:48,1,1,0,0,8.743,90.355
2026-07-17 09:53:39,1,1,0,0,8.754,90.368
2026-07-17 09:54:52,4,4,0,0,8.732,90.435
2026-07-17 09:54:57,3,4,0,0,8.754,90.445
2026-07-17 09:55:02,3,3,0,0,8.738,90.475
2026-07-17 09:55:26,3,3,0,0,8.762,90.479
2026-07-17 09:56:07,10,10,0,0,8.74,90.511
2026-07-17 09:57:53,9,10,0,0,8.767,90.532
2026-07-17 09:58:28,8,10,0,0,8.727,90.55
2026-07-17 09:58:39,5,5,0,0,8.74,90.544
2026-07-17 09:59:50,3,3,0,0,8.764,90.576
2026-07-17 10:00:17,2,2,0,0,8.743,90.58
2026-07-17 10:03:39,2,3,0,0,8.743,90.675
2026-07-17 10:08:39,0,1,0,0,8.791,90.872
2026-07-17 10:12:05,0,0,0,0,8.826,90.99
2026-07-17 10:13:39,1,1,0,0,8.842,91.019
2026-07-17 10:18:39,1,1,0,0,8.909,91.072
2026-07-17 10:23:39,7,8,0,0,8.949,91.25
2026-07-17 10:28:39,3,3,0,0,9.031,91.229
2026-07-17 10:33:39,8,8,0,0,9.136,91.295
2026-07-17 10:33:40,8,8,0,0,9.109,91.299
2026-07-17 10:38:39,2,2,0,0,9.248,90.998
2026-07-17 10:43:39,1,2,0,0,9.245,90.868
2026-07-17 10:48:05,5,5,0,0,9.272,91.103
2026-07-17 10:48:22,1,1,0,0,9.277,91.129
2026-07-17 10:48:39,0,0,0,0,9.264,91.152
2026-07-17 10:49:38,0,0,0,0,9.272,91.232
2026-07-17 10:52:07,3,3,0,0,9.288,91.305
2026-07-17 10:53:39,0,1,0,0,9.357,91.375
2026-07-17 10:56:29,1,1,0,0,9.395,91.446
2026-07-17 10:59:23,8,10,0,0,9.437,91.524
2026-07-17 11:00:36,9,9,0,0,9.451,91.459
2026-07-17 11:01:28,5,7,0,0,9.48,91.505
2026-07-17 11:04:42,7,7,0,0,9.528,91.456
2026-07-17 11:09:33,2,2,0,0,9.608,91.023
2026-07-17 11:09:48,1,1,0,0,9.598,90.992
2026-07-17 11:12:24,1,1,0,0,9.616,90.866
2026-07-17 11:14:00,0,0,0,0,9.627,90.895
2026-07-17 11:14:01,0,0,0,0,9.64,90.912
2026-07-17 11:17:52,0,0,0,0,9.662,91.013
2026-07-17 11:18:45,0,0,0,0,9.715,91.034
2026-07-17 11:19:58,0,0,0,0,9.694,91.034
2026-07-17 11:20:32,0,0,0,0,9.71,91.002
2026-07-17 11:23:45,2,5,0,0,9.792,91.004
2026-07-17 11:26:45,33,36,0,0,9.859,90.901
2026-07-17 11:28:45,10,12,0,0,9.875,90.853
2026-07-17 11:29:15,4,5,0,0,9.878,90.784
2026-07-17 11:31:15,5,5,0,0,9.913,90.662
2026-07-17 11:33:45,9,10,0,0,9.955,90.494
2026-07-17 11:36:48,8,9,0,0,9.942,90.254
2026-07-17 11:38:35,2,3,0,0,9.939,90.18
2026-07-17 11:38:45,3,3,0,0,9.939,90.202
2026-07-17 11:39:18,1,1,0,0,9.929,90.145
2026-07-17 11:40:04,0,0,0,0,9.921,90.084
2026-07-17 11:40:33,1,1,0,0,9.929,90.077
2026-07-17 11:41:59,3,3,0,0,9.905,89.981
2026-07-17 11:42:18,4,4,0,0,9.894,89.939
2026-07-17 11:42:43,2,2,0,0,9.899,89.945
2026-07-17 11:43:44,4,4,0,0,9.891,89.857
2026-07-17 11:44:42,4,4,0,0,9.891,89.825
2026-07-17 11:44:48,7,7,0,0,9.867,89.829
2026-07-17 11:45:45,6,6,0,0,9.846,89.806
2026-07-17 11:47:25,18,23,0,0,9.854,89.789
2026-07-17 11:48:45,19,22,0,0,9.827,89.79
2026-07-17 11:49:28,5,6,0,0,9.843,89.777
2026-07-17 11:53:29,2,2,0,0,9.827,89.815
2026-07-17 11:53:45,3,3,0,0,9.83,89.842
2026-07-17 11:54:44,5,7,0,0,9.841,89.871
2026-07-17 11:56:19,3,3,0,0,9.846,89.884
2026-07-17 11:57:32,19,21,0,0,9.838,89.968
2026-07-17 11:58:31,13,13,0,0,9.91,89.995
2026-07-17 11:58:45,12,12,0,0,9.881,90.021
2026-07-17 11:59:39,9,9,0,0,9.881,90
2026-07-17 12:00:04,3,3,0,0,9.897,89.97
2026-07-17 12:00:49,4,4,0,0,9.918,89.954
2026-07-17 12:03:45,9,9,0,0,9.961,89.895
2026-07-17 12:05:30,5,5,0,0,10.009,89.985
2026-07-17 12:06:18,6,6,0,0,10.062,90.048
2026-07-17 12:06:55,2,2,0,0,10.041,90.059
2026-07-17 12:07:52,1,1,0,0,10.068,90.042
2026-07-17 12:08:45,1,1,0,0,10.118,90.054
2026-07-17 12:13:45,13,15,0,0,10.238,89.529
2026-07-17 12:18:45,4,4,0,0,10.337,89.541
2026-07-17 12:23:45,0,0,0,0,10.508,89.388
2026-07-17 12:28:45,0,0,0,0,10.65,88.934
2026-07-17 12:33:45,0,0,0,0,10.695,88.221
2026-07-17 12:38:45,0,0,0,0,10.602,87.784
2026-07-17 12:43:45,0,0,0,0,10.487,87.708
2026-07-17 12:45:43,6,6,0,0,10.425,87.788
2026-07-17 12:47:49,0,0,0,0,10.401,87.799
2026-07-17 12:48:45,0,0,0,0,10.367,87.742
2026-07-17 12:53:45,0,0,0,0,10.281,87.702
2026-07-17 12:55:17,0,0,0,0,10.262,87.719
2026-07-17 12:55:43,0,0,0,0,10.262,87.708
2026-07-17 12:57:09,0,0,0,0,10.249,87.803
2026-07-17 12:58:45,0,0,0,0,10.22,87.925
2026-07-17 13:03:45,0,0,0,0,10.222,88.104
2026-07-17 13:08:45,0,0,0,0,10.201,87.891
2026-07-17 13:13:45,0,0,0,0,10.188,87.849
2026-07-17 13:15:49,0,0,0,0,10.164,87.877
2026-07-17 13:18:45,0,0,0,0,10.137,87.917
2026-07-17 13:20:30,0,0,0,0,10.124,87.944
2026-07-17 13:23:45,2,2,0,0,10.102,88.108
2026-07-17 13:28:45,103,112,0,0,10.057,88.316
2026-07-17 13:31:52,49,61,0,0,10.07,88.497
2026-07-17 13:33:45,132,143,0,0,10.073,88.646
2026-07-17 13:38:45,6,6,0,0,10.068,88.766
2026-07-17 13:41:22,8,8,0,0,10.081,88.802
2026-07-17 13:43:45,3,3,0,0,10.051,88.842
2026-07-17 13:48:45,3,3,0,0,10.038,89.071
2026-07-17 13:53:45,0,0,0,0,10.054,89.235
2026-07-17 13:58:45,2,3,0,0,10.041,89.399
2026-07-17 13:58:47,2,3,0,0,10.035,89.418
2026-07-17 14:03:45,35,36,0,0,10.06,89.436
2026-07-17 14:06:03,18,19,0,0,10.057,89.481
2026-07-17 14:08:45,26,26,0,0,10.094,89.644
2026-07-17 14:08:48,26,26,0,0,10.086,89.647
2026-07-17 14:10:23,9,9,0,0,10.108,89.636
2026-07-17 14:13:45,25,25,0,0,10.158,89.764
2026-07-17 14:18:23,10,10,0,0,10.201,89.823
2026-07-17 14:18:45,9,9,0,0,10.196,89.789
2026-07-17 14:23:45,3,3,0,0,10.236,89.651
2026-07-17 14:24:53,2,3,0,0,10.23,89.647
2026-07-17 14:27:54,0,0,0,0,10.233,89.72
2026-07-17 14:28:45,0,0,0,0,10.246,89.729
2026-07-17 14:33:45,9,10,0,0,10.236,89.859
2026-07-17 14:37:37,5,5,0,0,10.23,89.922
2026-07-17 14:38:45,5,5,0,0,10.228,89.93
2026-07-17 14:43:45,2,2,0,0,10.273,90.033
2026-07-17 14:45:53,1,1,0,0,10.254,90.12
2026-07-17 14:48:45,2,2,0,0,10.276,90.164
2026-07-17 14:53:45,4,4,0,0,10.289,90.241
2026-07-17 14:55:53,3,3,0,0,10.348,90.273
2026-07-17 14:58:45,5,5,0,0,10.364,90.22
2026-07-17 15:03:45,4,4,0,0,10.388,90.187
2026-07-17 15:08:45,30,30,0,0,10.407,90.168
2026-07-17 15:13:45,4,4,0,0,10.42,90.149
2026-07-17 15:18:45,21,23,0,0,10.412,90.136
2026-07-17 15:23:45,7,7,0,0,10.401,90.155
2026-07-17 15:28:45,27,27,0,0,10.372,90.195
2026-07-17 15:33:45,20,20,0,0,10.391,90.262
2026-07-17 15:38:45,34,35,0,0,10.372,90.412
2026-07-17 15:43:45,29,29,0,0,10.353,90.492
2026-07-17 15:48:45,9,9,0,0,10.353,90.576
2026-07-17 15:50:25,8,8,0,0,10.335,90.633
2026-07-17 15:53:45,6,8,0,0,10.335,90.7
2026-07-17 15:58:45,13,16,0,0,10.364,90.864
2026-07-17 15:58:48,13,16,0,0,10.329,90.855
2026-07-17 16:04:27,4,5,0,0,10.335,90.952
2026-07-17 16:05:32,4,5,0,0,10.337,91.013
2026-07-17 16:07:06,2,3,0,0,10.361,91.063
2026-07-17 16:08:53,5,5,0,0,10.348,91.084
2026-07-17 16:11:32,8,8,0,0,10.345,91.084
2026-07-17 16:13:45,9,9,0,0,10.356,91.107
2026-07-17 16:18:45,9,9,0,0,10.407,91.044
2026-07-17 16:18:47,9,9,0,0,10.372,91.08
2026-07-17 16:20:06,8,9,0,0,10.407,91.059
2026-07-17 16:23:36,8,8,0,0,10.401,91.091
2026-07-17 16:23:45,5,6,0,0,10.42,91.07
2026-07-17 16:25:24,5,6,0,0,10.428,91.086
2026-07-17 16:28:06,6,6,0,0,10.417,91.074
2026-07-17 16:28:45,5,5,0,0,10.409,91.057
2026-07-17 16:31:37,10,13,0,0,10.428,91.061
2026-07-17 16:33:45,8,9,0,0,10.431,91.007
2026-07-17 16:36:07,4,4,0,0,10.42,90.973
2026-07-17 16:38:45,5,5,0,0,10.399,90.984
2026-07-17 16:43:46,10,10,0,0,10.407,90.986
2026-07-17 16:44:56,19,21,0,0,10.399,91.061
2026-07-17 16:48:48,48,57,0,0,10.383,91.061
2026-07-17 16:52:21,27,27,0,0,10.388,91.076
2026-07-17 16:53:45,34,35,0,0,10.412,91.068
2026-07-17 16:55:01,48,57,0,0,10.409,91.091
2026-07-17 16:58:45,41,51,0,0,10.399,91.057
2026-07-17 17:01:01,27,27,0,0,10.385,91
2026-07-17 17:03:45,23,23,0,0,10.372,91.015
2026-07-17 17:07:37,8,8,0,0,10.348,91.002
2026-07-17 17:08:22,6,6,0,0,10.361,91.005
2026-07-17 17:08:45,6,6,0,0,10.356,91.045
2026-07-17 17:11:40,29,30,0,0,10.348,91.034
2026-07-17 17:13:45,13,14,0,0,10.337,91.026
2026-07-17 17:17:32,34,35,0,0,10.335,91.108
2026-07-17 17:18:45,34,35,0,0,10.308,91.101
2026-07-17 17:19:10,37,41,0,0,10.327,91.12
2026-07-17 17:23:45,23,23,0,0,10.316,91.12
2026-07-17 17:25:44,19,19,0,0,10.316,91.158
2026-07-17 17:28:45,25,25,0,0,10.289,91.169
2026-07-17 17:29:08,20,20,0,0,10.303,91.189
2026-07-17 17:33:11,20,22,0,0,10.273,91.223
2026-07-17 17:33:45,21,21,0,0,10.254,91.215
2026-07-17 17:36:29,33,33,0,0,10.254,91.265
2026-07-17 17:38:45,41,52,0,0,10.268,91.276
2026-07-17 17:41:46,43,51,0,0,10.246,91.307
2026-07-17 17:43:13,33,34,0,0,10.249,91.339
2026-07-17 17:43:45,38,43,0,0,10.233,91.341
2026-07-17 17:46:56,25,26,0,0,10.228,91.36
2026-07-17 17:48:45,27,27,0,0,10.252,91.364
2026-07-17 17:51:07,25,25,0,0,10.228,91.356
2026-07-17 17:51:48,23,27,0,0,10.222,91.389
2026-07-17 17:51:58,25,26,0,0,10.233,91.372
2026-07-17 17:53:46,26,27,0,0,10.241,91.427
2026-07-17 17:54:00,30,31,0,0,10.236,91.454
2026-07-17 17:54:29,36,39,0,0,10.233,91.452
2026-07-17 17:55:28,25,26,0,0,10.217,91.435
2026-07-17 17:58:45,28,28,0,0,10.252,91.522
2026-07-17 17:58:48,29,29,0,0,10.244,91.505
2026-07-17 18:01:40,23,23,0,0,10.262,91.538
2026-07-17 18:03:46,45,55,0,0,10.284,91.494
2026-07-17 18:06:40,27,29,0,0,10.273,91.477
2026-07-17 18:06:44,22,23,0,0,10.268,91.498
2026-07-17 18:08:45,10,12,0,0,10.27,91.627
2026-07-17 18:08:47,10,12,0,0,10.262,91.631
2026-07-17 18:13:45,4,4,0,0,10.276,91.671
2026-07-17 18:14:40,0,0,0,0,10.249,91.513
2026-07-17 18:18:45,0,0,0,0,10.305,91.875
2026-07-17 18:23:45,1,1,0,0,10.329,91.749
2026-07-17 18:28:43,0,0,0,0,10.34,91.543
2026-07-17 18:28:45,0,0,0,0,10.319,91.465
2026-07-17 18:29:40,2,2,0,0,10.329,91.343
2026-07-17 18:33:46,1,1,0,0,10.321,91.276
2026-07-17 18:34:10,1,1,0,0,10.319,91.246
2026-07-17 18:38:45,1,1,0,0,10.249,90.803
2026-07-17 18:39:41,1,1,0,0,10.249,90.765
2026-07-17 18:43:45,5,6,0,0,10.201,90.586
2026-07-17 18:45:11,0,0,0,0,10.188,90.458
2026-07-17 18:46:14,0,0,0,0,10.169,90.424
2026-07-17 18:48:45,10,12,0,0,10.145,90.294
2026-07-17 18:49:11,1,1,0,0,10.113,90.237
2026-07-17 18:53:46,1,1,0,0,10.035,90.101
2026-07-17 18:58:47,14,15,0,0,9.926,89.954
2026-07-17 19:03:46,3,3,0,0,9.817,89.932
2026-07-17 19:06:12,5,5,0,0,9.803,89.922
2026-07-17 19:07:41,3,3,0,0,9.766,89.943
2026-07-17 19:08:45,6,6,0,0,9.736,89.966
2026-07-17 19:09:38,12,13,0,0,9.718,89.979
2026-07-17 19:11:11,6,6,0,0,9.704,90.017
2026-07-17 19:13:46,9,9,0,0,9.651,90.149
2026-07-17 19:17:57,18,19,0,0,9.63,90.368
2026-07-17 19:18:46,18,20,0,0,9.646,90.41
2026-07-17 19:23:46,2,2,0,0,9.632,90.689
2026-07-17 19:26:12,1,1,0,0,9.635,90.71
2026-07-17 19:27:11,2,2,0,0,9.624,90.738
2026-07-17 19:28:02,4,4,0,0,9.606,90.729
2026-07-17 19:28:47,2,2,0,0,9.614,90.708
2026-07-17 19:32:32,0,0,0,0,9.598,90.504
2026-07-17 19:33:47,0,0,0,0,9.598,90.483
2026-07-17 19:38:45,0,0,0,0,9.576,89.829
2026-07-17 19:40:36,0,0,0,0,9.533,89.22
2026-07-17 19:43:47,0,0,0,0,9.485,88.388
2026-07-17 19:48:46,0,0,0,0,9.4,88.123
2026-07-17 19:53:46,0,0,0,0,9.288,87.671
2026-07-17 19:53:56,0,0,0,0,9.288,87.7
2026-07-17 19:55:44,0,0,0,0,9.264,87.597
2026-07-17 19:57:15,0,0,0,0,9.218,87.524
2026-07-17 19:58:46,0,0,0,0,9.17,87.498
2026-07-17 19:59:55,0,0,0,0,9.165,87.507
2026-07-17 20:03:46,0,0,0,0,9.045,87.343
2026-07-17 20:08:41,0,0,0,0,8.962,87.257
2026-07-17 20:08:48,0,0,0,0,8.978,87.261
2026-07-17 20:09:31,0,0,0,0,8.943,87.288
2026-07-17 20:12:37,0,0,0,0,8.89,87.471
2026-07-17 20:12:46,0,0,0,0,8.906,87.463
2026-07-17 20:13:46,0,0,0,0,8.858,87.484
2026-07-17 20:15:05,0,0,0,0,8.834,87.553
2026-07-17 20:15:34,0,0,0,0,8.842,87.568
2026-07-17 20:16:09,0,0,0,0,8.815,87.606
2026-07-17 20:16:40,0,0,0,0,8.796,87.641
2026-07-17 20:17:01,0,0,0,0,8.831,87.683
2026-07-17 20:18:46,0,0,0,0,8.767,87.729
2026-07-17 20:23:17,0,0,0,0,8.719,87.956
2026-07-17 20:23:46,0,0,0,0,8.706,87.952
2026-07-17 20:28:46,0,0,0,0,8.695,88.097
2026-07-17 20:29:55,0,0,0,0,8.679,88.154
2026-07-17 20:30:08,0,0,0,0,8.679,88.175
2026-07-17 20:30:53,0,0,0,0,8.674,88.142
2026-07-17 20:32:30,0,0,0,0,8.684,88.366
2026-07-17 20:32:41,0,0,0,0,8.684,88.352
2026-07-17 20:33:38,0,0,0,0,8.7,88.417
2026-07-17 20:33:45,0,0,0,0,8.695,88.377
2026-07-17 20:35:23,0,0,0,0,8.7,88.289
2026-07-17 20:36:02,0,0,0,0,8.73,88.373
2026-07-17 20:36:14,0,0,0,0,8.692,88.39
2026-07-17 20:38:46,2,2,0,0,8.73,88.484
2026-07-17 20:39:49,1,1,0,0,8.73,88.507
2026-07-17 20:43:46,0,1,0,0,8.743,88.574
2026-07-17 20:48:46,1,1,0,0,8.754,88.699
2026-07-17 20:52:36,1,1,0,0,8.732,88.749
2026-07-17 20:52:41,2,2,0,0,8.719,88.726
2026-07-17 20:53:45,1,1,0,0,8.732,88.808
2026-07-17 20:55:53,3,3,0,0,8.716,88.827
2026-07-17 20:57:26,9,9,0,0,8.687,88.844
2026-07-17 20:57:58,4,5,0,0,8.711,88.911
2026-07-17 20:58:46,1,1,0,0,8.692,88.892
2026-07-17 21:03:03,5,5,0,0,8.676,89.068
2026-07-17 21:03:45,4,5,0,0,8.663,89.09
2026-07-17 21:03:51,4,4,0,0,8.679,89.109
2026-07-17 21:05:33,3,3,0,0,8.692,89.132
2026-07-17 21:08:46,0,1,0,0,8.663,89.272
2026-07-17 21:10:05,2,2,0,0,8.652,89.308
2026-07-17 21:11:00,3,3,0,0,8.652,89.335
2026-07-17 21:11:19,1,1,0,0,8.647,89.333
2026-07-17 21:12:40,0,1,0,0,8.663,89.363
2026-07-17 21:13:46,2,2,0,0,8.676,89.424
2026-07-17 21:14:47,1,1,0,0,8.636,89.462
2026-07-17 21:16:41,8,9,0,0,8.666,89.527
2026-07-17 21:17:16,10,10,0,0,8.658,89.558
2026-07-17 21:18:46,5,5,0,0,8.652,89.577
2026-07-17 21:21:26,5,5,0,0,8.676,89.741
2026-07-17 21:21:45,5,7,0,0,8.7,89.747
2026-07-17 21:23:46,4,4,0,0,8.706,89.817
2026-07-17 21:28:46,3,3,0,0,8.724,90.302
2026-07-17 21:29:57,3,3,0,0,8.756,90.294
2026-07-17 21:30:30,3,3,0,0,8.764,90.269
2026-07-17 21:33:45,4,4,0,0,8.786,90.269
2026-07-17 21:34:28,3,4,0,0,8.81,90.25
2026-07-17 21:38:45,4,4,0,0,8.845,90.162
2026-07-17 21:40:25,10,14,0,0,8.855,90.157
2026-07-17 21:43:46,13,13,0,0,8.866,90.128
2026-07-17 21:45:16,3,3,0,0,8.874,90.088
2026-07-17 21:48:45,3,3,0,0,8.877,90.036
2026-07-17 21:49:46,4,4,0,0,8.869,90.025
2026-07-17 21:53:46,0,0,0,0,8.879,90.071
2026-07-17 21:56:46,2,2,0,0,8.901,90.094
2026-07-17 21:57:57,2,2,0,0,8.927,90.141
2026-07-17 21:58:46,0,0,0,0,8.903,90.141
2026-07-17 22:03:46,4,5,0,0,8.943,90.092
2026-07-17 22:05:17,4,5,0,0,8.949,90.105
2026-07-17 22:08:45,1,3,0,0,8.97,90.136
2026-07-17 22:10:17,0,0,0,0,8.989,90.201
2026-07-17 22:13:46,0,0,0,0,9.026,90.183
2026-07-17 22:18:46,8,9,0,0,9.114,89.657
2026-07-17 22:23:46,1,1,0,0,9.122,89.523
2026-07-17 22:24:46,1,3,0,0,9.136,89.569
2026-07-17 22:28:46,4,4,0,0,9.149,89.327
2026-07-17 22:33:46,18,21,0,0,9.146,89.274
2026-07-17 22:38:46,2,3,0,0,9.154,89.211
2026-07-17 22:43:49,10,12,0,0,9.114,89.18
2026-07-17 22:48:47,12,14,0,0,9.069,89.315
2026-07-17 22:53:47,5,5,0,0,9.021,89.331
2026-07-17 22:58:46,17,21,0,0,9.018,89.371
2026-07-17 23:02:38,31,35,0,0,9.015,89.392
2026-07-17 23:03:47,28,31,0,0,9.031,89.42
2026-07-17 23:08:20,0,1,0,0,8.999,89.392
2026-07-17 23:08:46,0,0,0,0,9.034,89.397
2026-07-17 23:13:46,0,0,0,0,9.042,89.665
2026-07-17 23:14:05,0,0,0,0,9.045,89.649
2026-07-17 23:17:56,0,0,0,0,9.109,89.338
2026-07-17 23:18:46,1,1,0,0,9.096,89.296
2026-07-17 23:20:18,3,3,0,0,9.152,89.212
2026-07-17 23:20:37,5,5,0,0,9.149,89.171
2026-07-17 23:23:47,7,7,0,0,9.176,89.104
2026-07-17 23:28:46,2,2,0,0,9.258,89.129
2026-07-17 23:33:46,4,4,0,0,9.298,88.78
2026-07-17 23:35:29,0,0,0,0,9.331,88.602
2026-07-17 23:36:20,0,0,0,0,9.325,88.472
2026-07-17 23:37:38,0,0,0,0,9.368,88.238
2026-07-17 23:38:46,0,0,0,0,9.405,88.236
2026-07-17 23:39:43,0,0,0,0,9.395,88.137
2026-07-17 23:43:46,0,0,0,0,9.501,87.326
2026-07-17 23:46:50,0,0,0,0,9.6,87.397
2026-07-17 23:48:46,0,0,0,0,9.635,87.309
2026-07-17 23:53:47,0,0,0,0,9.715,86.338
2026-07-17 23:58:48,0,0,0,0,9.734,86.506
2026-07-17 23:59:53,0,0,0,0,9.726,86.475
2026-07-18 00:01:25,0,1,0,0,9.734,86.594
2026-07-18 00:02:14,3,4,0,0,9.723,86.622
2026-07-18 00:03:47,5,5,0,0,9.715,86.529
2026-07-18 00:03:48,5,5,0,0,9.715,86.529
2026-07-18 00:04:07,3,4,0,0,9.704,86.563
2026-07-18 00:07:42,0,0,0,0,9.68,86.699
2026-07-18 00:07:53,0,0,0,0,9.678,86.697
2026-07-18 00:08:47,0,0,0,0,9.672,86.678
2026-07-18 00:12:24,2,2,0,0,9.643,86.88
2026-07-18 00:13:23,0,0,0,0,9.603,86.775
2026-07-18 00:13:47,0,0,0,0,9.627,86.75
2026-07-18 00:15:55,0,0,0,0,9.603,86.824
2026-07-18 00:16:31,0,0,0,0,9.616,86.735
2026-07-18 00:17:44,0,0,0,0,9.611,86.473
2026-07-18 00:18:47,0,0,0,0,9.587,86.21
2026-07-18 00:19:54,0,0,0,0,9.611,86.214
2026-07-18 00:20:54,0,0,0,0,9.614,86.018
2026-07-18 00:23:47,0,0,0,0,9.619,86.027
2026-07-18 00:25:02,0,0,0,0,9.627,85.951
2026-07-18 00:25:53,0,0,0,0,9.63,85.974
2026-07-18 00:28:46,0,1,0,0,9.643,86.117
2026-07-18 00:29:54,0,0,0,0,9.651,86.121
2026-07-18 00:31:40,0,0,0,0,9.656,86.187
2026-07-18 00:32:54,0,0,0,0,9.643,86.245
2026-07-18 00:33:47,1,1,0,0,9.64,86.243
2026-07-18 00:34:53,0,0,0,0,9.646,86.258
2026-07-18 00:35:54,0,0,0,0,9.635,86.247
2026-07-18 00:36:43,0,0,0,0,9.64,86.208
2026-07-18 00:38:47,0,0,0,0,9.59,86.226
2026-07-18 00:40:21,0,0,0,0,9.624,86.185
2026-07-18 00:40:54,0,0,0,0,9.595,86.145
2026-07-18 00:43:03,1,1,0,0,9.587,86.092
2026-07-18 00:43:47,0,0,0,0,9.59,86.145
2026-07-18 00:45:54,0,0,0,0,9.592,85.932
2026-07-18 00:48:47,0,0,0,0,9.603,85.703
2026-07-18 00:49:07,0,0,0,0,9.616,85.661
2026-07-18 00:53:47,0,0,0,0,9.688,85.329
2026-07-18 00:55:54,0,0,0,0,9.718,85.342
2026-07-18 00:58:47,0,0,0,0,9.755,85.155
2026-07-18 01:02:08,0,0,0,0,9.819,84.745
2026-07-18 01:03:24,0,0,0,0,9.843,84.642
2026-07-18 01:03:47,0,0,0,0,9.854,84.623
2026-07-18 01:08:47,0,0,0,0,9.945,83.975
2026-07-18 01:11:24,0,0,0,0,9.913,83.433
2026-07-18 01:13:12,0,0,0,0,9.942,83.849
2026-07-18 01:13:17,0,0,0,0,9.894,83.839
2026-07-18 01:13:47,0,0,0,0,9.918,83.862
2026-07-18 01:15:47,0,0,0,0,9.875,83.822
2026-07-18 01:18:47,0,0,0,0,9.838,83.765
2026-07-18 01:19:39,0,0,0,0,9.817,83.744
2026-07-18 01:19:51,0,0,0,0,9.795,83.775
2026-07-18 01:20:21,0,0,0,0,9.806,83.817
2026-07-18 01:20:53,0,0,0,0,9.768,83.906
2026-07-18 01:20:57,0,0,0,0,9.779,83.908
2026-07-18 01:21:23,0,0,0,0,9.766,84.019
2026-07-18 01:21:27,0,0,0,0,9.771,84.043
2026-07-18 01:21:30,0,0,0,0,9.747,84.072
2026-07-18 01:21:36,0,0,0,0,9.76,84.143
2026-07-18 01:21:46,0,0,0,0,9.736,84.188
2026-07-18 01:22:36,0,0,0,0,9.72,84.171
2026-07-18 01:22:41,0,0,0,0,9.726,84.16
2026-07-18 01:23:09,0,0,0,0,9.704,84.206
2026-07-18 01:23:13,0,0,0,0,9.726,84.23
2026-07-18 01:23:19,0,0,0,0,9.723,84.253
2026-07-18 01:23:23,0,0,0,0,9.715,84.284
2026-07-18 01:23:30,0,0,0,0,9.704,84.272
2026-07-18 01:23:47,0,0,0,0,9.704,84.265
2026-07-18 01:23:49,0,0,0,0,9.718,84.299
2026-07-18 01:23:54,0,0,0,0,9.696,84.261
2026-07-18 01:23:57,0,0,0,0,9.704,84.27
2026-07-18 01:27:27,0,0,0,0,9.603,84.562
2026-07-18 01:28:47,0,0,0,0,9.576,84.492
2026-07-18 01:32:27,0,0,0,0,9.469,84.646
2026-07-18 01:33:19,0,0,0,0,9.461,84.648
2026-07-18 01:33:47,0,0,0,0,9.445,84.679
2026-07-18 01:33:56,0,0,0,0,9.44,84.694
2026-07-18 01:36:26,0,0,0,0,9.373,85.037
2026-07-18 01:38:00,0,0,0,0,9.339,85.203
2026-07-18 01:38:47,0,0,0,0,9.309,85.251
2026-07-18 01:43:47,0,0,0,0,9.192,85.419
2026-07-18 01:48:47,0,0,0,0,9.114,85.575
2026-07-18 01:48:51,0,0,0,0,9.125,85.598
2026-07-18 01:53:47,0,0,0,0,9.053,85.999
2026-07-18 01:58:47,0,0,0,0,8.989,86.42
2026-07-18 02:03:47,0,0,0,0,8.941,86.67
2026-07-18 02:08:47,0,0,0,0,8.89,86.609
2026-07-18 02:08:57,0,0,0,0,8.893,86.601
2026-07-18 02:10:04,0,0,0,0,8.874,86.51
2026-07-18 02:11:27,0,0,0,0,8.863,86.374
2026-07-18 02:12:26,0,0,0,0,8.85,86.321
2026-07-18 02:13:02,0,0,0,0,8.845,86.281
2026-07-18 02:13:47,0,0,0,0,8.855,86.222
2026-07-18 02:17:54,0,0,0,0,8.828,85.785
2026-07-18 02:18:29,0,0,0,0,8.807,85.682
2026-07-18 02:18:47,0,0,0,0,8.831,85.619
2026-07-18 02:19:08,0,0,0,0,8.818,85.537
2026-07-18 02:23:29,0,0,0,0,8.847,85.026
2026-07-18 02:23:47,0,0,0,0,8.826,85.039
2026-07-18 02:28:47,0,0,0,0,8.828,83.94
2026-07-18 02:29:30,0,0,0,0,8.78,83.658
2026-07-18 02:32:59,0,0,0,0,8.719,83.748
2026-07-18 02:33:47,0,0,0,0,8.692,83.937
2026-07-18 02:38:47,0,0,0,0,8.519,84.578
2026-07-18 02:43:47,0,0,0,0,8.38,84.612
2026-07-18 02:44:12,0,0,0,0,8.364,84.661
2026-07-18 02:44:58,0,0,0,0,8.35,84.829
2026-07-18 02:45:58,0,0,0,0,8.35,84.986
2026-07-18 02:47:07,0,0,0,0,8.326,85.001
2026-07-18 02:48:47,0,0,0,0,8.278,85.186
2026-07-18 02:50:10,0,0,0,0,8.278,85.316
2026-07-18 02:53:47,0,0,0,0,8.201,85.651
2026-07-18 02:58:47,0,0,0,0,8.145,86.151
2026-07-18 03:01:08,0,0,0,0,8.105,86.309
2026-07-18 03:01:33,0,0,0,0,8.113,86.405
2026-07-18 03:03:01,0,0,0,0,8.091,86.523
2026-07-18 03:03:47,0,0,0,0,8.065,86.617
2026-07-18 03:04:59,0,0,0,0,8.046,86.721
2026-07-18 03:05:41,0,0,0,0,8.054,86.798
2026-07-18 03:06:59,0,0,0,0,8.049,86.897
2026-07-18 03:07:25,0,0,0,0,8.035,86.931
2026-07-18 03:07:31,0,0,0,0,8.054,86.933
2026-07-18 03:08:47,0,0,0,0,8.019,87.017
2026-07-18 03:09:32,0,0,0,0,8.035,87.088
2026-07-18 03:11:02,0,0,0,0,8.027,87.179
2026-07-18 03:13:47,0,0,0,0,8.001,87.324
2026-07-18 03:13:50,0,0,0,0,8.006,87.338
2026-07-18 03:14:33,0,0,0,0,8.009,87.376
2026-07-18 03:15:32,0,0,0,0,7.998,87.425
2026-07-18 03:18:47,0,0,0,0,7.979,87.593
2026-07-18 03:19:04,0,0,0,0,7.998,87.641
2026-07-18 03:21:01,0,0,0,0,7.982,87.66
2026-07-18 03:22:19,0,0,0,0,7.987,87.709
2026-07-18 03:22:35,0,0,0,0,7.974,87.708
2026-07-18 03:22:59,0,0,0,0,7.969,87.761
2026-07-18 03:23:02,0,0,0,0,7.955,87.727
2026-07-18 03:23:24,0,0,0,0,7.971,87.727
2026-07-18 03:23:47,0,0,0,0,7.955,87.74
2026-07-18 03:24:22,0,0,0,0,7.953,87.719
2026-07-18 03:25:15,0,0,0,0,7.953,87.746
2026-07-18 03:28:35,0,0,0,0,7.945,87.788
2026-07-18 03:28:47,0,0,0,0,7.91,87.793
2026-07-18 03:28:59,0,0,0,0,7.915,87.782
2026-07-18 03:29:39,0,0,0,0,7.915,87.82
2026-07-18 03:29:47,0,0,0,0,7.918,87.816
2026-07-18 03:32:32,0,0,0,0,7.867,87.759
2026-07-18 03:33:29,0,0,0,0,7.862,87.782
2026-07-18 03:33:47,0,0,0,0,7.83,87.778
2026-07-18 03:33:49,0,0,0,0,7.83,87.778
2026-07-18 03:34:32,0,0,0,0,7.84,87.784
2026-07-18 03:34:51,0,0,0,0,7.824,87.824
2026-07-18 03:35:23,0,0,0,0,7.838,87.86
2026-07-18 03:37:47,0,0,0,0,7.766,87.929
2026-07-18 03:38:20,0,0,0,0,7.75,87.969
2026-07-18 03:38:47,0,0,0,0,7.763,87.999
2026-07-18 03:39:22,0,0,0,0,7.752,88.028
2026-07-18 03:39:31,0,0,0,0,7.768,88.038
2026-07-18 03:41:04,0,0,0,0,7.734,88.121
2026-07-18 03:42:03,0,0,0,0,7.728,88.198
2026-07-18 03:42:44,0,0,0,0,7.68,88.245
2026-07-18 03:43:47,0,0,0,0,7.664,88.396
2026-07-18 03:45:19,0,0,0,0,7.686,88.53
2026-07-18 03:47:48,0,0,0,0,7.64,88.678
2026-07-18 03:48:01,0,0,0,0,7.627,88.705
2026-07-18 03:48:47,0,0,0,0,7.627,88.78
2026-07-18 03:53:47,0,0,0,0,7.654,89.068
2026-07-18 03:58:47,0,0,0,0,7.573,88.938
2026-07-18 04:03:47,0,0,0,0,7.539,88.862
2026-07-18 04:04:04,0,0,0,0,7.493,88.852
2026-07-18 04:08:47,0,0,0,0,7.395,88.858
2026-07-18 04:11:03,0,0,0,0,7.346,88.886
2026-07-18 04:11:42,0,0,0,0,7.346,88.921
2026-07-18 04:12:23,0,0,0,0,7.336,88.947
2026-07-18 04:13:47,0,0,0,0,7.288,88.995
2026-07-18 04:18:47,0,0,0,0,7.21,89.018
2026-07-18 04:23:47,0,0,0,0,7.122,89.197
2026-07-18 04:28:47,0,0,0,0,7.045,89.1
2026-07-18 04:33:48,0,0,0,0,6.967,89.262
2026-07-18 04:38:48,0,0,0,0,6.933,89.403
2026-07-18 04:40:06,0,0,0,0,6.925,89.392
2026-07-18 04:40:35,0,0,0,0,6.909,89.397
2026-07-18 04:40:48,0,0,0,0,6.866,89.392
2026-07-18 04:41:03,0,0,0,0,6.868,89.392
2026-07-18 04:41:22,0,0,0,0,6.876,89.409
2026-07-18 04:42:06,0,0,0,0,6.879,89.445
2026-07-18 04:42:17,0,0,0,0,6.868,89.418
2026-07-18 04:42:41,0,0,0,0,6.906,89.46
2026-07-18 04:42:54,0,0,0,0,6.874,89.445
2026-07-18 04:43:47,0,0,0,0,6.887,89.434
2026-07-18 04:48:47,0,0,0,0,6.818,89.377
2026-07-18 04:52:03,0,0,0,0,6.786,89.472
2026-07-18 04:53:47,0,0,0,0,6.746,89.521
2026-07-18 04:56:49,0,0,0,0,6.743,89.541
2026-07-18 04:57:01,0,0,0,0,6.743,89.544
2026-07-18 04:57:06,0,0,0,0,6.735,89.537
2026-07-18 04:57:10,0,0,0,0,6.735,89.544
2026-07-18 04:57:15,0,0,0,0,6.748,89.539
2026-07-18 04:57:37,0,0,0,0,6.732,89.569
2026-07-18 04:57:48,0,0,0,0,6.714,89.571
2026-07-18 04:57:54,0,0,0,0,6.724,89.531
2026-07-18 04:58:00,0,0,0,0,6.716,89.552
2026-07-18 04:58:04,0,0,0,0,6.719,89.56
2026-07-18 04:58:47,0,0,0,0,6.719,89.502
2026-07-18 05:02:07,0,0,0,0,6.698,89.544
2026-07-18 05:02:37,0,0,0,0,6.687,89.579
2026-07-18 05:03:48,0,0,0,0,6.706,89.737
2026-07-18 05:04:52,0,0,0,0,6.676,89.764
2026-07-18 05:05:06,0,0,0,0,6.703,89.764
2026-07-18 05:05:13,0,0,0,0,6.7,89.781
2026-07-18 05:05:32,0,0,0,0,6.711,89.817
2026-07-18 05:05:37,0,0,0,0,6.714,89.825
2026-07-18 05:05:39,0,0,0,0,6.671,89.808
2026-07-18 05:05:43,0,0,0,0,6.703,89.823
2026-07-18 05:05:49,0,0,0,0,6.684,89.853
2026-07-18 05:05:56,0,0,0,0,6.695,89.855
2026-07-18 05:06:01,0,0,0,0,6.676,89.863
2026-07-18 05:06:22,0,0,0,0,6.687,89.878
2026-07-18 05:06:37,0,0,0,0,6.69,89.878
2026-07-18 05:06:57,0,0,0,0,6.698,89.897
2026-07-18 05:07:01,0,0,0,0,6.692,89.901
2026-07-18 05:07:05,0,0,0,0,6.703,89.899
2026-07-18 05:07:54,0,0,0,0,6.7,89.941
2026-07-18 05:07:57,0,0,0,0,6.698,89.956
2026-07-18 05:08:03,0,0,0,0,6.706,89.949
2026-07-18 05:08:07,0,0,0,0,6.695,89.958
2026-07-18 05:08:46,0,0,0,0,6.706,89.977
2026-07-18 05:08:48,0,0,0,0,6.695,90.015
2026-07-18 05:09:21,0,0,0,0,6.738,90.056
2026-07-18 05:09:27,0,0,0,0,6.706,90.046
2026-07-18 05:09:52,0,0,0,0,6.714,90.098
2026-07-18 05:09:58,0,0,0,0,6.703,90.099
2026-07-18 05:10:15,0,0,0,0,6.724,90.124
2026-07-18 05:10:27,0,0,0,0,6.708,90.109
2026-07-18 05:10:38,0,0,0,0,6.73,90.128
2026-07-18 05:10:41,0,0,0,0,6.692,90.139
2026-07-18 05:11:41,0,0,0,0,6.732,90.159
2026-07-18 05:13:48,0,0,0,0,6.788,90.147
2026-07-18 05:17:24,0,0,0,0,6.783,90.059
2026-07-18 05:17:34,0,0,0,0,6.802,90.073
2026-07-18 05:17:43,0,0,0,0,6.791,90.078
2026-07-18 05:17:58,0,0,0,0,6.783,90.084
2026-07-18 05:18:15,0,0,0,0,6.791,90.038
2026-07-18 05:18:35,0,0,0,0,6.796,90.048
2026-07-18 05:18:38,0,0,0,0,6.788,90.031
2026-07-18 05:18:42,0,0,0,0,6.788,90.052
2026-07-18 05:18:48,0,0,0,0,6.788,90.078
2026-07-18 05:19:04,0,0,0,0,6.791,90.019
2026-07-18 05:19:32,0,0,0,0,6.794,90.01
2026-07-18 05:19:47,0,0,0,0,6.807,89.996
2026-07-18 05:20:01,0,0,0,0,6.81,89.989
2026-07-18 05:20:36,0,0,0,0,6.812,89.993
2026-07-18 05:20:47,0,0,0,0,6.804,89.979
2026-07-18 05:20:50,0,0,0,0,6.799,89.97
2026-07-18 05:20:54,0,0,0,0,6.804,90.015
2026-07-18 05:21:14,0,0,0,0,6.791,89.949
2026-07-18 05:21:25,0,0,0,0,6.807,90.004
2026-07-18 05:21:34,0,0,0,0,6.82,89.983
2026-07-18 05:21:45,0,0,0,0,6.81,89.996
2026-07-18 05:21:58,0,0,0,0,6.807,89.962
2026-07-18 05:22:07,0,0,0,0,6.804,89.97
2026-07-18 05:22:12,0,0,0,0,6.81,89.993
2026-07-18 05:22:20,0,0,0,0,6.804,89.97
2026-07-18 05:22:23,0,0,0,0,6.818,89.989
2026-07-18 05:22:40,0,0,0,0,6.815,89.991
2026-07-18 05:22:53,0,0,0,0,6.815,89.975
2026-07-18 05:23:01,0,0,0,0,6.81,89.993
2026-07-18 05:23:06,0,0,0,0,6.839,89.996
2026-07-18 05:23:09,0,0,0,0,6.831,89.983
2026-07-18 05:23:16,0,0,0,0,6.831,89.987
2026-07-18 05:23:19,0,0,0,0,6.826,89.985
2026-07-18 05:23:23,0,0,0,0,6.812,89.996
2026-07-18 05:23:26,0,0,0,0,6.818,90.014
2026-07-18 05:23:45,0,0,0,0,6.81,89.968
2026-07-18 05:23:48,0,0,0,0,6.799,89.964
2026-07-18 05:23:57,0,0,0,0,6.826,89.975
2026-07-18 05:24:01,0,0,0,0,6.788,89.995
2026-07-18 05:24:06,0,0,0,0,6.799,89.981
2026-07-18 05:24:09,0,0,0,0,6.812,89.975
2026-07-18 05:24:30,0,0,0,0,6.81,90
2026-07-18 05:24:39,0,0,0,0,6.818,89.974
2026-07-18 05:24:46,0,0,0,0,6.82,89.975
2026-07-18 05:24:53,0,0,0,0,6.812,89.964
2026-07-18 05:25:25,0,0,0,0,6.815,89.933
2026-07-18 05:25:29,0,0,0,0,6.815,89.932
2026-07-18 05:25:33,0,0,0,0,6.815,89.943
2026-07-18 05:25:38,0,0,0,0,6.831,89.943
2026-07-18 05:26:08,0,0,0,0,6.804,89.907
2026-07-18 05:26:11,0,0,0,0,6.823,89.932
2026-07-18 05:26:15,0,0,0,0,6.826,89.88
2026-07-18 05:26:47,0,0,0,0,6.831,89.911
2026-07-18 05:26:50,0,0,0,0,6.831,89.914
2026-07-18 05:26:54,0,0,0,0,6.818,89.932
2026-07-18 05:26:58,0,0,0,0,6.815,89.932
2026-07-18 05:27:50,0,0,0,0,6.852,89.865
2026-07-18 05:27:53,0,0,0,0,6.844,89.832
2026-07-18 05:27:57,0,0,0,0,6.844,89.859
2026-07-18 05:28:04,0,0,0,0,6.844,89.838
2026-07-18 05:28:10,0,0,0,0,6.826,89.857
2026-07-18 05:28:13,0,0,0,0,6.842,89.827
2026-07-18 05:28:45,0,0,0,0,6.842,89.817
2026-07-18 05:28:48,0,0,0,0,6.86,89.819
2026-07-18 05:28:51,0,0,0,0,6.815,89.817
2026-07-18 05:29:20,0,0,0,0,6.842,89.798
2026-07-18 05:29:44,0,0,0,0,6.852,89.8
2026-07-18 05:31:46,0,0,0,0,6.874,89.663
2026-07-18 05:32:23,0,0,0,0,6.86,89.649
2026-07-18 05:32:31,0,0,0,0,6.852,89.68
2026-07-18 05:32:36,0,0,0,0,6.852,89.636
2026-07-18 05:32:46,0,0,0,0,6.85,89.636
2026-07-18 05:33:48,0,0,0,0,6.868,89.544
2026-07-18 05:33:52,0,0,0,0,6.868,89.544
2026-07-18 05:33:58,0,0,0,0,6.847,89.514
2026-07-18 05:34:00,0,0,0,0,6.852,89.567
2026-07-18 05:34:26,0,0,0,0,6.852,89.575
2026-07-18 05:35:08,0,0,0,0,6.858,89.571
2026-07-18 05:35:13,0,0,0,0,6.858,89.546
2026-07-18 05:36:27,0,0,0,0,6.858,89.579
2026-07-18 05:36:46,0,0,0,0,6.868,89.571
2026-07-18 05:37:07,0,0,0,0,6.85,89.579
2026-07-18 05:37:16,0,0,0,0,6.871,89.607
2026-07-18 05:37:50,0,0,0,0,6.876,89.617
2026-07-18 05:38:16,0,0,0,0,6.847,89.586
2026-07-18 05:38:48,0,0,0,0,6.876,89.588
2026-07-18 05:39:48,0,0,0,0,6.866,89.602
2026-07-18 05:40:15,0,0,0,0,6.89,89.636
2026-07-18 05:40:41,0,0,0,0,6.858,89.611
2026-07-18 05:41:17,0,0,0,0,6.882,89.64
2026-07-18 05:41:24,0,0,0,0,6.879,89.653
2026-07-18 05:42:01,0,0,0,0,6.868,89.63
2026-07-18 05:42:04,0,0,0,0,6.882,89.615
2026-07-18 05:42:30,0,0,0,0,6.887,89.579
2026-07-18 05:43:14,0,0,0,0,6.898,89.527
2026-07-18 05:43:49,0,0,0,0,6.895,89.491
2026-07-18 05:43:53,0,0,0,0,6.903,89.472
2026-07-18 05:43:58,0,0,0,0,6.879,89.462
2026-07-18 05:44:01,0,0,0,0,6.871,89.472
2026-07-18 05:45:13,0,0,0,0,6.879,89.363
2026-07-18 05:45:21,0,0,0,0,6.863,89.371
2026-07-18 05:45:28,0,0,0,0,6.882,89.369
2026-07-18 05:45:54,0,0,0,0,6.895,89.369
2026-07-18 05:45:59,0,0,0,0,6.879,89.38
2026-07-18 05:46:03,0,0,0,0,6.882,89.346
2026-07-18 05:46:39,0,0,0,0,6.879,89.352
2026-07-18 05:47:15,0,0,0,0,6.879,89.3
2026-07-18 05:47:19,0,0,0,0,6.895,89.285
2026-07-18 05:47:25,0,0,0,0,6.882,89.308
2026-07-18 05:48:03,0,0,0,0,6.901,89.264
2026-07-18 05:48:14,0,0,0,0,6.903,89.285
2026-07-18 05:48:36,0,0,0,0,6.898,89.275
2026-07-18 05:48:41,0,0,0,0,6.879,89.281
2026-07-18 05:48:48,0,0,0,0,6.868,89.283
2026-07-18 05:49:17,0,0,0,0,6.89,89.27
2026-07-18 05:49:23,0,0,0,0,6.879,89.287
2026-07-18 05:49:29,0,0,0,0,6.858,89.275
2026-07-18 05:49:35,0,0,0,0,6.879,89.298
2026-07-18 05:49:46,0,0,0,0,6.882,89.289
2026-07-18 05:50:01,0,0,0,0,6.876,89.272
2026-07-18 05:50:05,0,0,0,0,6.879,89.266
2026-07-18 05:52:04,0,0,0,0,6.868,89.22
2026-07-18 05:52:07,0,0,0,0,6.874,89.256
2026-07-18 05:52:41,0,0,0,0,6.895,89.239
2026-07-18 05:53:22,0,0,0,0,6.868,89.26
2026-07-18 05:53:34,0,0,0,0,6.879,89.254
2026-07-18 05:53:49,0,0,0,0,6.85,89.291
2026-07-18 05:54:08,0,0,0,0,6.86,89.315
2026-07-18 05:54:30,0,0,0,0,6.866,89.317
2026-07-18 05:54:44,0,0,0,0,6.847,89.327
2026-07-18 05:55:24,0,0,0,0,6.871,89.348
2026-07-18 05:56:20,0,0,0,0,6.852,89.377
2026-07-18 05:56:44,0,0,0,0,6.844,89.369
2026-07-18 05:56:51,0,0,0,0,6.852,89.356
2026-07-18 05:57:40,0,0,0,0,6.879,89.338
2026-07-18 05:58:05,0,0,0,0,6.842,89.312
2026-07-18 05:58:08,0,0,0,0,6.85,89.336
2026-07-18 05:58:19,0,0,0,0,6.86,89.289
2026-07-18 05:58:46,0,0,0,0,6.85,89.281
2026-07-18 05:58:49,0,0,0,0,6.863,89.247
2026-07-18 05:58:52,0,0,0,0,6.852,89.264
2026-07-18 05:58:56,0,0,0,0,6.852,89.254
2026-07-18 05:59:03,0,0,0,0,6.858,89.245
2026-07-18 05:59:28,0,0,0,0,6.834,89.235
2026-07-18 05:59:33,0,0,0,0,6.844,89.262
2026-07-18 06:00:08,0,0,0,0,6.855,89.222
2026-07-18 06:00:39,0,0,0,0,6.866,89.233
2026-07-18 06:00:54,0,0,0,0,6.855,89.243
2026-07-18 06:01:04,0,0,0,0,6.842,89.224
2026-07-18 06:01:07,0,0,0,0,6.858,89.243
2026-07-18 06:01:14,0,0,0,0,6.842,89.279
2026-07-18 06:01:18,0,0,0,0,6.852,89.251
2026-07-18 06:01:25,0,0,0,0,6.844,89.243
2026-07-18 06:01:32,0,0,0,0,6.855,89.251
2026-07-18 06:01:46,0,0,0,0,6.831,89.268
2026-07-18 06:01:59,0,0,0,0,6.842,89.249
2026-07-18 06:02:13,0,0,0,0,6.852,89.274
2026-07-18 06:02:29,0,0,0,0,6.844,89.262
2026-07-18 06:02:36,0,0,0,0,6.868,89.254
2026-07-18 06:02:48,0,0,0,0,6.858,89.277
2026-07-18 06:03:00,0,0,0,0,6.842,89.296
2026-07-18 06:03:13,0,0,0,0,6.836,89.285
2026-07-18 06:03:26,0,0,0,0,6.839,89.262
2026-07-18 06:03:38,0,0,0,0,6.863,89.277
2026-07-18 06:03:47,0,0,0,0,6.839,89.241
2026-07-18 06:03:49,0,0,0,0,6.844,89.251
2026-07-18 06:04:00,0,0,0,0,6.86,89.274
2026-07-18 06:04:05,0,0,0,0,6.858,89.285
2026-07-18 06:04:14,0,0,0,0,6.847,89.323
2026-07-18 06:04:39,0,0,0,0,6.844,89.279
2026-07-18 06:05:07,0,0,0,0,6.855,89.315
2026-07-18 06:05:12,0,0,0,0,6.855,89.3
2026-07-18 06:05:17,0,0,0,0,6.871,89.323
2026-07-18 06:05:20,0,0,0,0,6.842,89.304
2026-07-18 06:05:31,0,0,0,0,6.852,89.323
2026-07-18 06:05:57,0,0,0,0,6.85,89.314
2026-07-18 06:06:03,0,0,0,0,6.836,89.331
2026-07-18 06:06:20,0,0,0,0,6.855,89.348
2026-07-18 06:06:25,0,0,0,0,6.831,89.346
2026-07-18 06:06:29,0,0,0,0,6.847,89.35
2026-07-18 06:06:33,0,0,0,0,6.834,89.361
2026-07-18 06:06:38,0,0,0,0,6.847,89.363
2026-07-18 06:07:06,0,0,0,0,6.858,89.386
2026-07-18 06:07:33,0,0,0,0,6.863,89.397
2026-07-18 06:07:44,0,0,0,0,6.847,89.397
2026-07-18 06:08:12,0,0,0,0,6.85,89.409
2026-07-18 06:08:34,0,0,0,0,6.847,89.409
2026-07-18 06:08:41,0,0,0,0,6.866,89.418
2026-07-18 06:08:46,0,0,0,0,6.874,89.413
2026-07-18 06:08:48,0,0,0,0,6.86,89.426
2026-07-18 06:08:52,0,0,0,0,6.866,89.441
2026-07-18 06:08:55,0,0,0,0,6.871,89.432
2026-07-18 06:08:57,0,0,0,0,6.847,89.438
2026-07-18 06:09:07,0,0,0,0,6.842,89.453
2026-07-18 06:09:15,0,0,0,0,6.858,89.445
2026-07-18 06:09:24,0,0,0,0,6.868,89.476
2026-07-18 06:09:35,0,0,0,0,6.842,89.478
2026-07-18 06:09:45,0,0,0,0,6.86,89.457
2026-07-18 06:10:07,0,0,0,0,6.868,89.459
2026-07-18 06:10:22,0,0,0,0,6.882,89.438
2026-07-18 06:11:03,0,0,0,0,6.866,89.392
2026-07-18 06:11:17,0,0,0,0,6.879,89.472
2026-07-18 06:11:23,0,0,0,0,6.882,89.43
2026-07-18 06:11:29,0,0,0,0,6.874,89.468
2026-07-18 06:11:35,0,0,0,0,6.882,89.43
2026-07-18 06:11:46,0,0,0,0,6.866,89.491
2026-07-18 06:11:52,0,0,0,0,6.868,89.411
2026-07-18 06:12:13,0,0,0,0,6.868,89.462
2026-07-18 06:12:17,0,0,0,0,6.882,89.447
2026-07-18 06:12:41,0,0,0,0,6.863,89.457
2026-07-18 06:13:10,0,0,0,0,6.887,89.436
2026-07-18 06:13:19,0,0,0,0,6.903,89.451
2026-07-18 06:13:31,0,0,0,0,6.895,89.48
2026-07-18 06:13:36,0,0,0,0,6.879,89.457
2026-07-18 06:13:42,0,0,0,0,6.868,89.459
2026-07-18 06:13:48,0,0,0,0,6.852,89.451
2026-07-18 06:13:53,0,0,0,0,6.876,89.445
2026-07-18 06:14:09,0,0,0,0,6.879,89.451
2026-07-18 06:14:16,0,0,0,0,6.882,89.47
2026-07-18 06:14:20,0,0,0,0,6.89,89.464
2026-07-18 06:14:25,0,0,0,0,6.868,89.447
2026-07-18 06:14:40,0,0,0,0,6.882,89.447
2026-07-18 06:15:14,0,0,0,0,6.909,89.449
2026-07-18 06:15:58,0,0,0,0,6.89,89.424
2026-07-18 06:16:30,0,0,0,0,6.884,89.424
2026-07-18 06:16:40,0,0,0,0,6.898,89.426
2026-07-18 06:16:47,0,0,0,0,6.893,89.426
2026-07-18 06:17:11,0,0,0,0,6.906,89.439
2026-07-18 06:17:18,0,0,0,0,6.895,89.443
2026-07-18 06:17:21,0,0,0,0,6.919,89.396
2026-07-18 06:17:50,0,0,0,0,6.909,89.426
2026-07-18 06:17:54,0,0,0,0,6.906,89.432
2026-07-18 06:17:57,0,0,0,0,6.895,89.418
2026-07-18 06:18:48,0,0,0,0,6.901,89.445
2026-07-18 06:23:30,0,0,0,0,6.906,89.495
2026-07-18 06:23:49,0,0,0,0,6.895,89.5
2026-07-18 06:28:49,0,0,0,0,6.919,89.521
2026-07-18 06:29:17,0,0,0,0,6.898,89.508
2026-07-18 06:29:30,0,0,0,0,6.876,89.537
2026-07-18 06:30:54,0,0,0,0,6.89,89.531
2026-07-18 06:30:59,0,0,0,0,6.871,89.516
2026-07-18 06:31:34,0,0,0,0,6.871,89.539
2026-07-18 06:33:49,0,0,0,0,6.85,89.571
2026-07-18 06:35:16,0,0,0,0,6.879,89.563
2026-07-18 06:38:49,0,0,0,0,6.847,89.462
2026-07-18 06:39:05,0,0,0,0,6.85,89.493
2026-07-18 06:41:02,0,0,0,0,6.823,89.525
2026-07-18 06:42:14,0,0,0,0,6.804,89.542
2026-07-18 06:43:48,0,0,0,0,6.815,89.617
2026-07-18 06:44:02,0,0,0,0,6.807,89.645
2026-07-18 06:46:33,0,0,0,0,6.818,89.733
2026-07-18 06:48:28,0,0,0,0,6.818,89.834
2026-07-18 06:48:48,0,0,0,0,6.783,89.842
2026-07-18 06:52:02,0,0,0,0,6.812,89.905
2026-07-18 06:53:04,0,0,0,0,6.794,89.935
2026-07-18 06:53:49,0,0,0,0,6.804,89.979
2026-07-18 06:54:32,0,0,0,0,6.791,89.958
2026-07-18 06:58:48,0,0,0,0,6.783,89.993
2026-07-18 07:01:06,0,0,0,0,6.788,90.061
2026-07-18 07:01:21,0,0,0,0,6.791,90.086
2026-07-18 07:03:49,0,0,0,0,6.788,90.103
2026-07-18 07:06:05,0,0,0,0,6.78,90.136
2026-07-18 07:06:12,0,0,0,0,6.791,90.12
2026-07-18 07:06:40,0,0,0,0,6.796,90.181
2026-07-18 07:06:45,0,0,0,0,6.772,90.147
2026-07-18 07:06:53,0,0,0,0,6.767,90.17
2026-07-18 07:07:25,0,0,0,0,6.78,90.153
2026-07-18 07:08:20,0,0,0,0,6.783,90.17
2026-07-18 07:08:24,0,0,0,0,6.788,90.185
2026-07-18 07:08:49,0,0,0,0,6.788,90.191
2026-07-18 07:13:49,0,0,0,0,6.788,90.256
2026-07-18 07:14:25,0,0,0,0,6.78,90.248
2026-07-18 07:15:41,0,0,0,0,6.81,90.284
2026-07-18 07:15:52,0,0,0,0,6.804,90.271
2026-07-18 07:16:08,0,0,0,0,6.799,90.298
2026-07-18 07:18:42,0,0,0,0,6.804,90.321
2026-07-18 07:18:48,0,0,0,0,6.804,90.298
2026-07-18 07:22:34,0,0,0,0,6.815,90.347
2026-07-18 07:23:49,0,0,0,0,6.823,90.368
2026-07-18 07:28:49,0,0,0,0,6.847,90.38
2026-07-18 07:29:05,0,0,0,0,6.86,90.42
2026-07-18 07:33:32,0,0,0,0,6.879,90.363
2026-07-18 07:33:49,0,0,0,0,6.871,90.37
2026-07-18 07:34:30,0,0,0,0,6.866,90.357
2026-07-18 07:34:44,0,0,0,0,6.895,90.366
2026-07-18 07:35:32,0,0,0,0,6.882,90.357
2026-07-18 07:36:49,0,0,0,0,6.879,90.313
2026-07-18 07:38:49,0,0,0,0,6.879,90.298
2026-07-18 07:41:27,0,0,0,0,6.903,90.292
2026-07-18 07:41:33,0,0,0,0,6.874,90.298
2026-07-18 07:41:38,0,0,0,0,6.898,90.288
2026-07-18 07:43:02,0,0,0,0,6.874,90.319
2026-07-18 07:43:49,0,0,0,0,6.868,90.309
2026-07-18 07:44:44,0,0,0,0,6.866,90.344
2026-07-18 07:48:49,0,0,0,0,6.893,90.424
2026-07-18 07:53:49,0,0,0,0,6.911,90.424
2026-07-18 07:53:51,0,0,0,0,6.868,90.407
2026-07-18 07:54:19,0,0,0,0,6.89,90.429
2026-07-18 07:55:50,0,0,0,0,6.89,90.424
2026-07-18 07:56:20,0,0,0,0,6.89,90.418
2026-07-18 07:57:03,0,0,0,0,6.906,90.447
2026-07-18 07:58:49,0,0,0,0,6.909,90.454
2026-07-18 07:59:44,0,0,0,0,6.901,90.469
2026-07-18 07:59:49,0,0,0,0,6.927,90.475
2026-07-18 08:03:33,0,0,0,0,6.935,90.53
2026-07-18 08:03:49,0,0,0,0,6.911,90.5
2026-07-18 08:04:19,0,0,0,0,6.919,90.553
2026-07-18 08:04:58,0,0,0,0,6.909,90.553
2026-07-18 08:05:03,0,0,0,0,6.917,90.557
2026-07-18 08:07:04,0,0,0,0,6.909,90.597
2026-07-18 08:08:49,0,0,0,0,6.954,90.674
2026-07-18 08:10:26,0,0,0,0,6.967,90.666
2026-07-18 08:11:03,0,0,0,0,6.946,90.677
2026-07-18 08:12:20,0,0,0,0,6.962,90.714
2026-07-18 08:12:34,0,0,0,0,6.986,90.75
2026-07-18 08:13:49,0,0,0,0,6.983,90.733
2026-07-18 08:15:03,0,0,0,0,6.999,90.714
2026-07-18 08:15:43,0,0,0,0,6.994,90.712
2026-07-18 08:17:21,0,0,0,0,7.021,90.715
2026-07-18 08:18:49,0,0,0,0,7.018,90.714
2026-07-18 08:23:03,0,0,0,0,7.045,90.679
2026-07-18 08:23:49,0,0,0,0,7.037,90.672
2026-07-18 08:24:28,0,0,0,0,7.05,90.672
2026-07-18 08:25:49,0,0,0,0,7.082,90.696
2026-07-18 08:26:04,0,0,0,0,7.045,90.706
2026-07-18 08:26:30,0,0,0,0,7.045,90.683
2026-07-18 08:28:49,0,0,0,0,7.055,90.693
2026-07-18 08:29:05,0,0,0,0,7.045,90.662
2026-07-18 08:29:22,0,0,0,0,7.074,90.695
2026-07-18 08:29:33,0,0,0,0,7.074,90.687
2026-07-18 08:29:55,0,0,0,0,7.05,90.675
2026-07-18 08:30:44,0,0,0,0,7.069,90.672
2026-07-18 08:33:49,0,0,0,0,7.103,90.708
2026-07-18 08:35:16,0,0,0,0,7.103,90.748
2026-07-18 08:35:52,0,0,0,0,7.103,90.719
2026-07-18 08:38:49,0,0,0,0,7.122,90.799
2026-07-18 08:41:03,0,0,0,0,7.152,90.841
2026-07-18 08:42:39,0,0,0,0,7.184,90.847
2026-07-18 08:43:13,0,0,0,0,7.168,90.853
2026-07-18 08:43:49,0,0,0,0,7.189,90.88
2026-07-18 08:44:10,0,0,0,0,7.197,90.872
2026-07-18 08:44:33,0,0,0,0,7.213,90.845
2026-07-18 08:45:09,0,0,0,0,7.178,90.784
2026-07-18 08:45:14,1,1,0,0,7.213,90.826
2026-07-18 08:45:33,9,13,0,0,7.197,90.815
2026-07-18 08:47:13,18,22,0,0,7.221,90.75
2026-07-18 08:47:59,4,6,0,0,7.234,90.729
2026-07-18 08:48:49,4,4,0,0,7.232,90.748
2026-07-18 08:53:49,2,3,0,0,7.253,90.679
2026-07-18 08:53:57,3,3,0,0,7.269,90.696
2026-07-18 08:54:36,2,2,0,0,7.248,90.7
2026-07-18 08:54:44,2,3,0,0,7.253,90.717
2026-07-18 08:54:57,2,3,0,0,7.25,90.712
2026-07-18 08:56:35,3,3,0,0,7.277,90.672
2026-07-18 08:58:49,0,0,0,0,7.274,90.679
2026-07-18 09:00:35,0,0,0,0,7.274,90.672
2026-07-18 09:03:06,0,0,0,0,7.282,90.695
2026-07-18 09:03:49,0,0,0,0,7.288,90.729
2026-07-18 09:04:01,0,0,0,0,7.296,90.778
2026-07-18 09:08:49,0,0,0,0,7.354,90.931
2026-07-18 09:13:49,26,29,0,0,7.44,90.765
2026-07-18 09:14:00,26,29,0,0,7.437,90.763
2026-07-18 09:15:23,21,23,0,0,7.464,90.784
2026-07-18 09:18:49,0,0,0,0,7.541,90.994
2026-07-18 09:22:45,8,8,0,0,7.678,90.952
2026-07-18 09:23:49,4,5,0,0,7.71,90.908
2026-07-18 09:24:36,2,2,0,0,7.731,90.897
2026-07-18 09:25:05,1,1,0,0,7.744,90.887
2026-07-18 09:25:36,1,1,0,0,7.75,90.841
2026-07-18 09:26:42,2,2,0,0,7.795,90.752
2026-07-18 09:28:49,10,10,0,0,7.856,90.523
2026-07-18 09:33:49,4,4,0,0,7.95,90.086
2026-07-18 09:34:29,5,5,0,0,7.955,90.01
2026-07-18 09:35:27,3,3,0,0,7.979,89.941
2026-07-18 09:37:34,6,6,0,0,7.987,89.907
2026-07-18 09:38:45,6,7,0,0,8.017,89.916
2026-07-18 09:38:49,4,6,0,0,8.014,89.895
2026-07-18 09:40:07,6,7,0,0,8.027,89.859
2026-07-18 09:40:37,4,6,0,0,8.035,89.853
2026-07-18 09:43:49,27,27,0,0,8.089,89.882
2026-07-18 09:44:30,21,22,0,0,8.126,89.911
2026-07-18 09:46:41,43,49,0,0,8.169,89.933
2026-07-18 09:47:52,34,36,0,0,8.19,89.953
2026-07-18 09:48:49,20,21,0,0,8.236,90.038
2026-07-18 09:51:48,7,7,0,0,8.34,89.808
2026-07-18 09:53:49,24,28,0,0,8.377,89.617
2026-07-18 09:58:36,8,9,0,0,8.529,89.287
2026-07-18 09:58:49,14,14,0,0,8.524,89.272
2026-07-18 10:03:49,22,22,0,0,8.666,88.907
2026-07-18 10:08:49,2,2,0,0,8.828,88.663
2026-07-18 10:09:17,1,2,0,0,8.855,88.617
2026-07-18 10:13:49,2,2,0,0,8.989,87.969
2026-07-18 10:18:49,0,1,0,0,9.146,86.529
2026-07-18 10:19:23,0,1,0,0,9.168,86.332
2026-07-18 10:21:08,5,5,0,0,9.218,85.926
2026-07-18 10:23:49,14,16,0,0,9.282,85.19
2026-07-18 10:25:14,0,0,0,0,9.317,84.677
2026-07-18 10:28:49,10,10,0,0,9.413,84.358
2026-07-18 10:33:49,0,0,0,0,9.557,83.946
2026-07-18 10:38:49,2,2,0,0,9.667,83.326
2026-07-18 10:41:26,3,3,0,0,9.72,83.067
2026-07-18 10:43:49,4,4,0,0,9.75,82.876
2026-07-18 10:44:19,10,10,0,0,9.728,82.928
2026-07-18 10:45:08,9,9,0,0,9.739,83.006
2026-07-18 10:46:38,2,2,0,0,9.736,83.092
2026-07-18 10:48:49,2,2,0,0,9.758,83.145
2026-07-18 10:52:38,6,6,0,0,9.787,83.006
2026-07-18 10:53:49,4,4,0,0,9.792,83.044
2026-07-18 10:58:50,1,1,0,0,9.779,82.685
2026-07-18 11:03:49,6,6,0,0,9.79,83.187
2026-07-18 11:04:20,4,4,0,0,9.784,83.183
2026-07-18 11:08:09,4,4,0,0,9.792,83.158
2026-07-18 11:08:49,2,2,0,0,9.782,83.223
2026-07-18 11:13:49,5,5,0,0,9.806,83.448
2026-07-18 11:15:49,2,2,0,0,9.811,83.508
2026-07-18 11:18:49,0,0,0,0,9.819,82.952
2026-07-18 11:23:49,2,2,0,0,9.825,82.855
2026-07-18 11:28:49,3,4,0,0,9.854,82.672
2026-07-18 11:33:50,5,6,0,0,10.006,83.004
2026-07-18 11:38:49,4,4,0,0,10.201,82.941
2026-07-18 11:43:50,3,3,0,0,10.428,81.867
2026-07-18 11:48:49,5,5,0,0,10.599,81.768
2026-07-18 11:53:50,4,4,0,0,10.805,80.77
2026-07-18 11:58:50,6,6,0,0,10.957,80.28
2026-07-18 12:03:40,5,5,0,0,10.991,79.397
2026-07-18 12:03:49,4,4,0,0,10.997,79.403
2026-07-18 12:04:57,5,6,0,0,11.021,79.237
2026-07-18 12:07:17,10,10,0,0,11.042,79.496
2026-07-18 12:08:49,6,6,0,0,11.045,79.647
2026-07-18 12:11:07,5,5,0,0,11.096,79.153
2026-07-18 12:11:35,2,2,0,0,11.122,79.042
2026-07-18 12:13:50,6,6,0,0,11.213,78.756
2026-07-18 12:18:49,10,12,0,0,11.44,78.333
2026-07-18 12:23:50,2,2,0,0,11.726,77.602
2026-07-18 12:28:49,2,2,0,0,11.974,77.097
2026-07-18 12:33:50,8,8,0,0,12.23,76.116
2026-07-18 12:38:50,5,5,0,0,12.42,74.974
2026-07-18 12:43:50,24,24,0,0,12.62,74.959
2026-07-18 12:43:52,24,24,0,0,12.599,74.945
2026-07-18 12:46:41,14,17,0,0,12.69,74.447
2026-07-18 12:48:50,17,18,0,0,12.7,74.24
2026-07-18 12:53:50,22,26,0,0,12.722,73.828
2026-07-18 12:58:50,35,37,0,0,12.706,74.325
2026-07-18 13:03:49,31,31,0,0,12.658,74.373
2026-07-18 13:08:50,21,21,0,0,12.612,75.741
2026-07-18 13:13:49,33,34,0,0,12.572,76.694
2026-07-18 13:18:49,47,56,0,0,12.519,77.543
2026-07-18 13:23:49,45,53,0,0,12.391,77.545
2026-07-18 13:28:50,36,39,0,0,12.166,78.02
2026-07-18 13:33:49,32,34,0,0,12.004,79.325
2026-07-18 13:37:03,31,31,0,0,11.937,79.153
2026-07-18 13:38:49,35,36,0,0,11.905,79.063
2026-07-18 13:39:52,47,56,0,0,11.889,79.019
2026-07-18 13:41:07,46,54,0,0,11.851,78.953
2026-07-18 13:41:12,49,59,0,0,11.846,78.943
2026-07-18 13:43:48,85,90,0,0,11.731,78.991
2026-07-18 13:43:50,89,96,0,0,11.75,78.991
2026-07-18 13:47:08,33,36,0,0,11.622,79.332
2026-07-18 13:48:50,58,70,0,0,11.574,79.622
2026-07-18 13:49:42,47,56,0,0,11.539,79.811
2026-07-18 13:53:50,20,21,0,0,11.459,80.172
2026-07-18 13:56:12,17,19,0,0,11.424,80.614
2026-07-18 13:58:51,13,13,0,0,11.365,80.709
2026-07-18 14:03:51,26,26,0,0,11.299,81.47
2026-07-18 14:07:17,17,18,0,0,11.299,81.598
2026-07-18 14:08:50,20,21,0,0,11.258,81.669
2026-07-18 14:11:14,12,12,0,0,11.232,81.688
2026-07-18 14:13:51,6,7,0,0,11.248,81.24
2026-07-18 14:14:13,7,7,0,0,11.25,81.249
2026-07-18 14:15:43,3,3,0,0,11.253,81.404
2026-07-18 14:18:50,3,3,0,0,11.24,81.327
2026-07-18 14:22:15,10,13,0,0,11.224,81.135
2026-07-18 14:23:50,3,3,0,0,11.194,81.224
2026-07-18 14:24:44,7,7,0,0,11.173,81.222
2026-07-18 14:28:50,8,8,0,0,11.184,81.516
2026-07-18 14:33:50,18,19,0,0,11.152,81.854
2026-07-18 14:37:25,25,25,0,0,11.157,81.932
2026-07-18 14:38:50,25,26,0,0,11.149,82.188
2026-07-18 14:43:46,15,16,0,0,11.176,81.737
2026-07-18 14:43:50,15,18,0,0,11.168,81.776
2026-07-18 14:45:11,20,20,0,0,11.152,81.81
2026-07-18 14:48:50,27,27,0,0,11.157,82.272
2026-07-18 14:53:50,6,7,0,0,11.194,81.982
2026-07-18 14:58:50,44,52,0,0,11.237,81.905
2026-07-18 15:03:51,25,25,0,0,11.277,81.371
2026-07-18 15:04:10,28,28,0,0,11.272,81.373
2026-07-18 15:08:51,131,137,0,0,11.307,81.377
2026-07-18 15:08:53,132,138,0,0,11.325,81.362
2026-07-18 15:13:51,30,31,0,0,11.376,80.847
2026-07-18 15:16:57,22,25,0,0,11.424,80.715
2026-07-18 15:17:45,22,26,0,0,11.427,80.78
2026-07-18 15:18:51,35,38,0,0,11.445,80.961
2026-07-18 15:18:54,37,39,0,0,11.456,80.969
2026-07-18 15:23:51,18,22,0,0,11.539,80.17
2026-07-18 15:28:50,9,9,0,0,11.606,80.082
2026-07-18 15:33:51,21,21,0,0,11.683,80.236
2026-07-18 15:38:50,5,6,0,0,11.953,78.27
2026-07-18 15:40:18,5,5,0,0,12.033,78.222
2026-07-18 15:41:43,3,3,0,0,12.113,78.087
2026-07-18 15:42:24,2,2,0,0,12.14,78.333
2026-07-18 15:43:51,3,3,0,0,12.225,78.079
2026-07-18 15:44:59,2,2,0,0,12.303,77.841
2026-07-18 15:48:51,1,2,0,0,12.682,76.296
2026-07-18 15:48:59,1,2,0,0,12.676,76.294
2026-07-18 15:51:41,1,1,0,0,12.976,74.766
2026-07-18 15:52:24,3,3,0,0,13.026,74.467
2026-07-18 15:53:50,2,2,0,0,13.16,74.15
2026-07-18 15:58:51,5,6,0,0,13.405,73.679
2026-07-18 15:59:49,7,8,0,0,13.462,73.917
2026-07-18 16:03:37,7,7,0,0,13.584,73.414
2026-07-18 16:04:37,19,20,0,0,13.774,72.689
2026-07-18 16:04:54,8,9,0,0,13.87,72.586
2026-07-18 16:09:04,2,2,0,0,14.236,71.949
2026-07-18 16:09:20,2,2,0,0,14.223,71.968
2026-07-18 16:13:51,3,3,0,0,14.479,70.362
2026-07-18 16:16:07,2,2,0,0,14.463,69.307
2026-07-18 16:18:51,6,6,0,0,14.308,69.338
2026-07-18 16:21:07,4,4,0,0,14.201,70.02
2026-07-18 16:22:30,5,6,0,0,14.172,70.123
2026-07-18 16:23:51,5,5,0,0,14.097,70.347
2026-07-18 16:28:50,6,6,0,0,13.918,70.003
2026-07-18 16:29:07,4,4,0,0,13.923,69.986
2026-07-18 16:32:07,3,3,0,0,13.726,69.98
2026-07-18 16:33:51,4,4,0,0,13.635,70.535
2026-07-18 16:37:08,8,8,0,0,13.405,71.424
2026-07-18 16:37:11,7,8,0,0,13.405,71.428
2026-07-18 16:38:51,6,7,0,0,13.307,71.331
2026-07-18 16:43:51,7,7,0,0,13.01,71.626
2026-07-18 16:48:50,4,5,0,0,12.73,73.005
2026-07-18 16:53:50,45,52,0,0,12.508,74.499
2026-07-18 16:58:50,19,19,0,0,12.3,74.9
2026-07-18 17:03:51,20,22,0,0,12.148,75.527
2026-07-18 17:08:50,20,24,0,0,12.06,76.223
2026-07-18 17:10:03,17,17,0,0,12.012,76.309
2026-07-18 17:10:38,10,10,0,0,12.017,76.246
2026-07-18 17:13:09,8,8,0,0,11.969,76.139
2026-07-18 17:13:40,8,8,0,0,11.969,76.164
2026-07-18 17:13:51,8,9,0,0,11.958,76.216
2026-07-18 17:18:50,17,20,0,0,11.846,76.557
2026-07-18 17:23:51,14,14,0,0,11.75,76.807
2026-07-18 17:28:26,22,22,0,0,11.662,77.227
2026-07-18 17:28:50,25,26,0,0,11.643,77.349
2026-07-18 17:30:03,24,26,0,0,11.627,77.52
2026-07-18 17:30:54,32,32,0,0,11.614,77.425
2026-07-18 17:33:51,35,40,0,0,11.523,77.791
2026-07-18 17:38:51,29,30,0,0,11.376,78.216
2026-07-18 17:42:49,32,32,0,0,11.218,78.953
2026-07-18 17:43:51,36,39,0,0,11.184,79.157
2026-07-18 17:44:43,35,37,0,0,11.146,79.332
2026-07-18 17:47:26,26,29,0,0,11.082,79.721
2026-07-18 17:48:51,30,30,0,0,11.045,79.939
2026-07-18 17:49:09,28,29,0,0,11.026,80.002
2026-07-18 17:50:48,38,44,0,0,10.999,80.229
2026-07-18 17:51:44,40,47,0,0,10.946,80.339
2026-07-18 17:52:28,44,51,0,0,10.925,80.395
2026-07-18 17:53:51,46,53,0,0,10.893,80.61
2026-07-18 17:57:50,54,66,0,0,10.77,81.116
2026-07-18 17:58:51,66,78,0,0,10.751,81.2
2026-07-18 17:58:54,68,81,0,0,10.74,81.205
2026-07-18 18:03:51,59,74,0,0,10.548,81.69
2026-07-18 18:04:13,62,77,0,0,10.548,81.732
2026-07-18 18:04:19,61,75,0,0,10.511,81.741
2026-07-18 18:08:51,56,69,0,0,10.353,81.947
2026-07-18 18:13:51,73,83,0,0,10.185,82.6
2026-07-18 18:18:51,51,60,0,0,10.038,83.237
2026-07-18 18:21:45,54,66,0,0,9.931,83.389
2026-07-18 18:23:51,50,60,0,0,9.875,83.5
2026-07-18 18:28:51,48,56,0,0,9.779,83.672
2026-07-18 18:30:28,48,57,0,0,9.728,83.7
2026-07-18 18:32:26,50,58,0,0,9.654,83.62
2026-07-18 18:32:40,48,57,0,0,9.678,83.628
2026-07-18 18:33:09,48,56,0,0,9.654,83.624
2026-07-18 18:33:51,48,59,0,0,9.622,83.639
2026-07-18 18:38:51,53,64,0,0,9.437,83.706
2026-07-18 18:43:51,53,63,0,0,9.2,83.826
2026-07-18 18:48:51,50,60,0,0,8.981,84.621
2026-07-18 18:49:12,54,65,0,0,8.951,84.65
2026-07-18 18:53:51,57,70,0,0,8.812,84.961
2026-07-18 18:58:51,54,66,0,0,8.639,85.415
2026-07-18 18:59:53,58,71,0,0,8.631,85.55
2026-07-18 19:03:51,50,58,0,0,8.545,85.987
2026-07-18 19:08:51,48,58,0,0,8.489,86.739
2026-07-18 19:12:04,46,55,0,0,8.487,86.744
2026-07-18 19:13:11,48,55,0,0,8.487,86.659
2026-07-18 19:13:51,46,55,0,0,8.481,86.578
2026-07-18 19:18:51,50,60,0,0,8.423,86.205
2026-07-18 19:23:51,54,67,0,0,8.297,86.069
2026-07-18 19:27:43,57,70,0,0,8.193,86.514
2026-07-18 19:28:51,57,70,0,0,8.182,86.556
2026-07-18 19:30:55,56,69,0,0,8.118,86.609
2026-07-18 19:31:21,56,69,0,0,8.124,86.571
2026-07-18 19:31:25,57,70,0,0,8.118,86.556
2026-07-18 19:33:51,48,58,0,0,8.078,86.609
2026-07-18 19:38:40,31,33,0,0,7.971,86.746
2026-07-18 19:38:51,33,35,0,0,7.953,86.788
2026-07-18 19:43:51,39,43,0,0,7.846,87.009
2026-07-18 19:47:47,41,45,0,0,7.84,87.391
2026-07-18 19:48:51,40,45,0,0,7.832,87.494
2026-07-18 19:49:44,46,54,0,0,7.814,87.574
2026-07-18 19:51:25,51,59,0,0,7.832,87.868
2026-07-18 19:53:51,51,62,0,0,7.851,88.02
2026-07-18 19:55:43,53,65,0,0,7.859,88.007
2026-07-18 19:58:51,47,56,0,0,7.891,87.988
2026-07-18 20:02:36,42,47,0,0,7.915,87.797
2026-07-18 20:03:51,42,47,0,0,7.915,87.784
2026-07-18 20:05:28,40,45,0,0,7.899,87.736
2026-07-18 20:08:51,32,32,0,0,7.926,87.379
2026-07-18 20:10:18,26,27,0,0,7.921,87.107
2026-07-18 20:13:21,30,30,0,0,7.848,86.643
2026-07-18 20:13:51,28,30,0,0,7.848,86.596
2026-07-18 20:17:11,29,32,0,0,7.774,86.424
2026-07-18 20:18:51,27,27,0,0,7.712,86.37
2026-07-18 20:19:06,26,26,0,0,7.702,86.376
2026-07-18 20:21:32,27,27,0,0,7.632,86.47
2026-07-18 20:23:51,28,29,0,0,7.571,86.561
2026-07-18 20:27:19,40,46,0,0,7.491,86.672
2026-07-18 20:28:06,47,56,0,0,7.472,86.702
2026-07-18 20:28:51,57,72,0,0,7.456,86.678
2026-07-18 20:29:01,58,74,0,0,7.424,86.662
2026-07-18 20:30:00,62,75,0,0,7.397,86.676
2026-07-18 20:31:30,58,69,0,0,7.36,86.571
2026-07-18 20:33:51,45,55,0,0,7.306,86.266
2026-07-18 20:35:28,32,34,0,0,7.245,86.142
2026-07-18 20:38:51,41,45,0,0,7.111,86.151
2026-07-18 20:39:05,41,45,0,0,7.098,86.187
2026-07-18 20:39:47,41,47,0,0,7.082,86.273
2026-07-18 20:40:17,39,40,0,0,7.05,86.338
2026-07-18 20:41:14,40,42,0,0,7.015,86.451
2026-07-18 20:43:26,47,56,0,0,6.949,86.819
2026-07-18 20:43:52,69,84,0,0,6.949,86.876
2026-07-18 20:45:20,112,116,0,0,6.914,87.114
2026-07-18 20:46:58,158,170,0,0,6.914,87.219
2026-07-18 20:47:17,83,92,0,0,6.898,87.318
2026-07-18 20:48:19,53,64,0,0,6.895,87.322
2026-07-18 20:48:51,56,69,0,0,6.863,87.317
2026-07-18 20:50:10,53,63,0,0,6.858,87.349
2026-07-18 20:51:53,55,64,0,0,6.844,87.294
2026-07-18 20:53:51,51,59,0,0,6.788,87.246
2026-07-18 20:53:57,51,60,0,0,6.783,87.263
2026-07-18 20:54:40,49,57,0,0,6.78,87.256
2026-07-18 20:57:24,41,45,0,0,6.727,87.208
2026-07-18 20:58:51,42,49,0,0,6.684,87.275
2026-07-18 20:59:54,42,47,0,0,6.65,87.252
2026-07-18 21:00:43,42,49,0,0,6.617,87.29
2026-07-18 21:01:14,41,45,0,0,6.607,87.341
2026-07-18 21:03:05,45,51,0,0,6.564,87.551
2026-07-18 21:03:51,45,51,0,0,6.577,87.639
2026-07-18 21:05:20,47,55,0,0,6.521,87.635
2026-07-18 21:06:01,48,56,0,0,6.511,87.618
2026-07-18 21:08:51,54,66,0,0,6.465,87.603
2026-07-18 21:11:40,89,96,0,0,6.412,87.795
2026-07-18 21:13:35,135,147,0,0,6.401,88.049
2026-07-18 21:13:51,131,143,0,0,6.38,88.001
2026-07-18 21:15:17,91,96,0,0,6.361,88.068
2026-07-18 21:17:38,56,69,0,0,6.353,88.125
2026-07-18 21:18:52,50,60,0,0,6.345,88.181
2026-07-18 21:22:58,67,83,0,0,6.308,88.358
2026-07-18 21:23:51,74,86,0,0,6.3,88.465
2026-07-18 21:28:52,62,76,0,0,6.318,88.98
2026-07-18 21:33:52,69,83,0,0,6.38,89.239
2026-07-18 21:34:26,73,85,0,0,6.404,89.274
2026-07-18 21:37:34,60,75,0,0,6.425,89.171
2026-07-18 21:38:51,54,68,0,0,6.412,89.073
2026-07-18 21:39:30,56,68,0,0,6.398,89.027
2026-07-18 21:43:42,59,73,0,0,6.398,88.888
2026-07-18 21:43:51,61,75,0,0,6.388,88.886
2026-07-18 21:47:16,64,78,0,0,6.372,88.984
2026-07-18 21:47:38,63,77,0,0,6.38,89.033
2026-07-18 21:48:51,65,81,0,0,6.364,89.178
2026-07-18 21:53:52,63,79,0,0,6.415,89.727
2026-07-18 21:54:51,64,79,0,0,6.425,89.771
2026-07-18 21:58:51,54,63,0,0,6.455,89.472
2026-07-18 22:00:59,47,56,0,0,6.476,89.001
2026-07-18 22:02:14,44,49,0,0,6.439,88.766
2026-07-18 22:03:51,43,49,0,0,6.407,88.553
2026-07-18 22:08:15,44,52,0,0,6.318,88.169
2026-07-18 22:08:51,46,55,0,0,6.292,88.095
2026-07-18 22:13:52,44,52,0,0,6.177,87.521
2026-07-18 22:18:51,39,42,0,0,6.009,87.267
2026-07-18 22:23:52,47,53,0,0,5.819,87.313
2026-07-18 22:28:27,41,48,0,0,5.699,87.437
2026-07-18 22:28:51,41,46,0,0,5.691,87.519
2026-07-18 22:31:43,44,49,0,0,5.627,87.553
2026-07-18 22:33:10,49,57,0,0,5.581,87.593
2026-07-18 22:33:51,51,61,0,0,5.571,87.589
2026-07-18 22:35:45,51,61,0,0,5.517,87.572
2026-07-18 22:38:51,43,50,0,0,5.467,87.395
2026-07-18 22:42:34,42,46,0,0,5.362,87.322
2026-07-18 22:43:51,48,57,0,0,5.325,87.311
2026-07-18 22:48:52,57,68,0,0,5.232,88.02
2026-07-18 22:49:06,56,67,0,0,5.229,88.022
2026-07-18 22:49:14,57,68,0,0,5.245,88.06
2026-07-18 22:52:35,72,87,0,0,5.224,88.461
2026-07-18 22:53:51,80,92,0,0,5.232,88.562
2026-07-18 22:56:24,81,91,0,0,5.253,88.795
2026-07-18 22:56:30,76,89,0,0,5.245,88.793
2026-07-18 22:58:52,80,90,0,0,5.245,88.884
2026-07-18 23:03:17,91,98,0,0,5.253,89.001
2026-07-18 23:03:51,93,99,0,0,5.237,89.001
2026-07-18 23:08:40,100,105,0,0,5.234,89.207
2026-07-18 23:08:51,102,106,0,0,5.234,89.211
2026-07-18 23:09:18,100,105,0,0,5.224,89.209
2026-07-18 23:10:44,94,99,0,0,5.234,89.176
2026-07-18 23:11:19,97,99,0,0,5.221,89.115
2026-07-18 23:13:15,71,85,0,0,5.192,89.024
2026-07-18 23:13:52,67,83,0,0,5.183,88.97
2026-07-18 23:14:32,63,79,0,0,5.183,88.915
2026-07-18 23:17:53,45,52,0,0,5.122,88.488
2026-07-18 23:18:36,43,47,0,0,5.109,88.451
2026-07-18 23:18:51,43,46,0,0,5.087,88.43
2026-07-18 23:23:52,43,48,0,0,4.962,88.383
2026-07-18 23:27:35,58,71,0,0,4.911,88.438
2026-07-18 23:28:51,69,86,0,0,4.884,88.421
2026-07-18 23:29:26,74,88,0,0,4.884,88.417
2026-07-18 23:30:39,64,77,0,0,4.839,88.451
2026-07-18 23:32:37,60,76,0,0,4.804,88.532
2026-07-18 23:33:51,65,79,0,0,4.78,88.646
2026-07-18 23:36:09,63,79,0,0,4.764,88.867
2026-07-18 23:38:51,61,77,0,0,4.738,89.024
2026-07-18 23:43:52,52,62,0,0,4.708,89.064
2026-07-18 23:44:05,52,63,0,0,4.679,89.06
2026-07-18 23:47:08,57,70,0,0,4.681,89.005
2026-07-18 23:48:52,37,38,0,0,4.655,88.984
2026-07-18 23:53:40,36,36,0,0,4.609,88.671
2026-07-18 23:53:52,35,37,0,0,4.625,88.682
2026-07-18 23:57:50,23,23,0,0,4.543,88.207
2026-07-18 23:58:52,28,29,0,0,4.529,88.158
2026-07-18 23:59:37,24,24,0,0,4.497,88.081
2026-07-19 00:00:39,23,24,0,0,4.479,88.079
2026-07-19 00:01:50,24,24,0,0,4.476,88.07
2026-07-19 00:02:40,22,22,0,0,4.46,88.062
2026-07-19 00:03:52,21,21,0,0,4.438,88.057
2026-07-19 00:07:28,23,24,0,0,4.377,88.028
2026-07-19 00:08:30,25,25,0,0,4.366,88.043
2026-07-19 00:08:52,28,28,0,0,4.35,88.072
2026-07-19 00:10:36,24,25,0,0,4.326,88.083
2026-07-19 00:12:55,28,29,0,0,4.286,88.163
2026-07-19 00:13:01,28,30,0,0,4.286,88.167
2026-07-19 00:13:52,29,29,0,0,4.294,88.186
2026-07-19 00:14:15,32,33,0,0,4.284,88.236
2026-07-19 00:18:10,28,29,0,0,4.257,88.081
2026-07-19 00:18:16,29,30,0,0,4.244,88.081
2026-07-19 00:18:22,28,31,0,0,4.249,88.07
2026-07-19 00:18:52,28,29,0,0,4.236,88.059
2026-07-19 00:22:17,30,30,0,0,4.206,88.074
2026-07-19 00:23:52,26,26,0,0,4.193,88.194
2026-07-19 00:25:14,28,30,0,0,4.171,88.343
2026-07-19 00:28:52,41,43,0,0,4.185,88.839
2026-07-19 00:33:52,71,87,0,0,4.217,88.987
2026-07-19 00:33:54,70,86,0,0,4.222,88.987
2026-07-19 00:37:11,98,102,0,0,4.22,88.862
2026-07-19 00:38:52,104,106,0,0,4.209,88.806
2026-07-19 00:43:52,87,96,0,0,4.174,88.869
2026-07-19 00:47:46,74,88,0,0,4.161,89.319
2026-07-19 00:48:52,72,87,0,0,4.174,89.447
2026-07-19 00:49:00,72,88,0,0,4.15,89.478
2026-07-19 00:53:52,67,83,0,0,4.209,90.042
2026-07-19 00:58:52,69,86,0,0,4.305,90.386
2026-07-19 01:02:05,69,86,0,0,4.369,90.145
2026-07-19 01:03:40,68,83,0,0,4.398,90.077
2026-07-19 01:03:52,69,83,0,0,4.388,90.059
2026-07-19 01:07:00,68,85,0,0,4.425,90.029
2026-07-19 01:07:18,67,84,0,0,4.412,90.027
2026-07-19 01:08:52,67,83,0,0,4.422,90.109
2026-07-19 01:10:44,64,78,0,0,4.438,90.185
2026-07-19 01:10:58,62,77,0,0,4.425,90.216
2026-07-19 01:13:47,48,55,0,0,4.463,90.042
2026-07-19 01:13:52,48,57,0,0,4.484,90.061
2026-07-19 01:14:12,46,55,0,0,4.449,89.987
2026-07-19 01:14:36,46,54,0,0,4.463,89.966
2026-07-19 01:14:47,46,53,0,0,4.441,89.932
2026-07-19 01:15:00,44,53,0,0,4.463,89.903
2026-07-19 01:15:13,46,58,0,0,4.449,89.903
2026-07-19 01:15:51,50,57,0,0,4.468,89.838
2026-07-19 01:16:00,47,54,0,0,4.446,89.827
2026-07-19 01:17:37,47,55,0,0,4.444,89.802
2026-07-19 01:17:45,47,55,0,0,4.468,89.724
2026-07-19 01:18:06,49,55,0,0,4.463,89.737
2026-07-19 01:18:10,47,55,0,0,4.454,89.764
2026-07-19 01:18:14,47,55,0,0,4.449,89.75
2026-07-19 01:18:32,46,53,0,0,4.449,89.806
2026-07-19 01:18:36,46,52,0,0,4.438,89.825
2026-07-19 01:18:52,49,58,0,0,4.449,89.865
2026-07-19 01:18:59,48,55,0,0,4.452,89.88
2026-07-19 01:19:01,47,55,0,0,4.433,89.874
2026-07-19 01:19:38,46,53,0,0,4.46,89.907
2026-07-19 01:19:42,46,52,0,0,4.468,89.878
2026-07-19 01:19:46,48,54,0,0,4.454,89.901
2026-07-19 01:19:54,47,54,0,0,4.454,89.945
2026-07-19 01:20:22,46,54,0,0,4.449,89.928
2026-07-19 01:20:26,46,53,0,0,4.465,89.939
2026-07-19 01:20:54,45,53,0,0,4.452,89.939
2026-07-19 01:20:59,45,53,0,0,4.46,89.932
2026-07-19 01:21:03,46,54,0,0,4.452,89.943
2026-07-19 01:21:26,46,55,0,0,4.471,89.989
2026-07-19 01:22:05,44,48,0,0,4.46,89.926
2026-07-19 01:22:24,45,50,0,0,4.471,89.945
2026-07-19 01:22:27,45,52,0,0,4.489,89.97
2026-07-19 01:22:44,46,53,0,0,4.497,89.972
2026-07-19 01:23:05,45,51,0,0,4.489,89.954
2026-07-19 01:23:17,45,54,0,0,4.476,89.958
2026-07-19 01:23:29,45,53,0,0,4.508,89.977
2026-07-19 01:23:51,47,54,0,0,4.489,89.924
2026-07-19 01:23:53,47,54,0,0,4.489,89.924
2026-07-19 01:25:40,38,42,0,0,4.516,89.796
2026-07-19 01:27:08,43,49,0,0,4.516,89.689
2026-07-19 01:27:20,41,45,0,0,4.543,89.67
2026-07-19 01:28:54,38,42,0,0,4.503,89.512
2026-07-19 01:33:08,33,33,0,0,4.516,89.266
2026-07-19 01:33:51,28,30,0,0,4.513,89.258
2026-07-19 01:33:53,29,32,0,0,4.505,89.251
2026-07-19 01:38:30,34,36,0,0,4.473,89.264
2026-07-19 01:38:53,31,34,0,0,4.471,89.249
2026-07-19 01:43:53,37,39,0,0,4.457,89.182
2026-07-19 01:44:03,37,40,0,0,4.454,89.18
2026-07-19 01:48:53,41,44,0,0,4.412,89.083
2026-07-19 01:48:59,41,42,0,0,4.396,89.085
2026-07-19 01:53:53,35,37,0,0,4.364,88.902
2026-07-19 01:53:55,35,37,0,0,4.34,88.911
2026-07-19 01:54:45,34,36,0,0,4.329,88.896
2026-07-19 01:58:54,33,36,0,0,4.302,88.8
2026-07-19 02:01:01,32,33,0,0,4.273,88.755
2026-07-19 02:03:54,23,24,0,0,4.209,88.631
2026-07-19 02:04:51,23,25,0,0,4.198,88.554
2026-07-19 02:08:54,28,28,0,0,4.145,88.375
2026-07-19 02:11:21,25,25,0,0,4.065,88.333
2026-07-19 02:11:44,26,28,0,0,4.062,88.316
2026-07-19 02:13:21,32,33,0,0,4.017,88.306
2026-07-19 02:13:52,25,28,0,0,4.027,88.333
2026-07-19 02:13:55,26,28,0,0,4.022,88.352
2026-07-19 02:14:01,28,28,0,0,4.006,88.331
2026-07-19 02:15:12,24,24,0,0,3.995,88.337
2026-07-19 02:16:05,22,24,0,0,3.958,88.362
2026-07-19 02:17:08,22,23,0,0,3.971,88.421
2026-07-19 02:18:54,28,31,0,0,3.931,88.524
2026-07-19 02:23:54,28,28,0,0,3.878,88.575
2026-07-19 02:28:55,24,26,0,0,3.83,88.667
2026-07-19 02:29:06,24,24,0,0,3.798,88.612
2026-07-19 02:29:57,25,29,0,0,3.795,88.663
2026-07-19 02:33:55,26,28,0,0,3.795,88.728
2026-07-19 02:35:22,31,32,0,0,3.739,88.724
2026-07-19 02:35:59,25,25,0,0,3.75,88.78
2026-07-19 02:38:27,31,32,0,0,3.717,88.806
2026-07-19 02:38:54,37,39,0,0,3.691,88.757
2026-07-19 02:42:28,23,23,0,0,3.675,88.821
2026-07-19 02:43:10,19,21,0,0,3.664,88.823
2026-07-19 02:43:54,22,23,0,0,3.661,88.846
2026-07-19 02:47:50,29,31,0,0,3.627,88.858
2026-07-19 02:48:41,35,35,0,0,3.605,88.873
2026-07-19 02:48:55,38,38,0,0,3.6,88.867
2026-07-19 02:49:11,35,35,0,0,3.605,88.932
2026-07-19 02:51:24,43,51,0,0,3.573,88.892
2026-07-19 02:53:54,54,62,0,0,3.541,88.903
2026-07-19 02:58:55,52,61,0,0,3.517,89.052
2026-07-19 02:59:10,48,56,0,0,3.523,89.022
2026-07-19 03:00:55,45,51,0,0,3.499,89.031
2026-07-19 03:01:50,47,52,0,0,3.499,89.012
2026-07-19 03:03:55,52,63,0,0,3.45,88.993
2026-07-19 03:05:15,55,64,0,0,3.464,89.033
2026-07-19 03:05:51,55,66,0,0,3.45,89.073
2026-07-19 03:08:00,55,67,0,0,3.445,89.222
2026-07-19 03:08:55,54,66,0,0,3.432,89.281
2026-07-19 03:09:55,59,69,0,0,3.392,89.352
2026-07-19 03:11:16,59,72,0,0,3.402,89.426
2026-07-19 03:13:15,57,70,0,0,3.378,89.476
2026-07-19 03:13:55,56,65,0,0,3.402,89.504
2026-07-19 03:15:30,58,70,0,0,3.392,89.506
2026-07-19 03:18:55,62,76,0,0,3.338,89.438
2026-07-19 03:19:11,60,74,0,0,3.346,89.48
2026-07-19 03:19:36,61,75,0,0,3.328,89.495
2026-07-19 03:22:03,60,72,0,0,3.336,89.51
2026-07-19 03:22:25,60,74,0,0,3.317,89.516
2026-07-19 03:23:55,61,75,0,0,3.32,89.571
2026-07-19 03:24:41,60,74,0,0,3.298,89.569
2026-07-19 03:26:14,64,79,0,0,3.301,89.573
2026-07-19 03:27:25,60,75,0,0,3.285,89.581
2026-07-19 03:27:39,60,74,0,0,3.258,89.605
2026-07-19 03:28:54,62,75,0,0,3.269,89.605
2026-07-19 03:31:28,62,74,0,0,3.237,89.521
2026-07-19 03:32:44,61,74,0,0,3.25,89.48
2026-07-19 03:33:17,58,70,0,0,3.231,89.436
2026-07-19 03:33:54,56,66,0,0,3.199,89.403
2026-07-19 03:35:54,53,63,0,0,3.189,89.317
2026-07-19 03:38:55,54,64,0,0,3.127,89.304
2026-07-19 03:39:24,55,67,0,0,3.114,89.346
2026-07-19 03:40:47,54,65,0,0,3.09,89.3
2026-07-19 03:40:49,55,65,0,0,3.085,89.283
2026-07-19 03:42:27,51,62,0,0,3.053,89.397
2026-07-19 03:42:57,47,59,0,0,3.047,89.441
2026-07-19 03:43:55,46,54,0,0,3.018,89.5
2026-07-19 03:44:04,46,54,0,0,3.013,89.531
2026-07-19 03:48:55,49,57,0,0,2.999,89.777
2026-07-19 03:51:35,49,56,0,0,2.999,90.162
2026-07-19 03:53:55,48,60,0,0,3.007,90.361
2026-07-19 03:56:28,47,52,0,0,3.039,90.424
2026-07-19 03:58:55,42,47,0,0,3.061,90.323
2026-07-19 03:59:29,42,46,0,0,3.045,90.302
2026-07-19 04:03:55,47,55,0,0,3.045,90.235
2026-07-19 04:03:56,48,56,0,0,3.063,90.258
2026-07-19 04:05:41,51,60,0,0,3.047,90.25
2026-07-19 04:08:55,48,56,0,0,3.045,90.305
2026-07-19 04:11:00,51,60,0,0,3.034,90.309
2026-07-19 04:13:55,51,59,0,0,3.023,90.298
2026-07-19 04:13:57,50,59,0,0,3.037,90.321
2026-07-19 04:18:55,48,56,0,0,3.029,90.315
2026-07-19 04:23:55,23,23,0,0,2.999,90.221
2026-07-19 04:24:09,22,22,0,0,2.975,90.221
2026-07-19 04:24:32,18,20,0,0,2.983,90.235
2026-07-19 04:25:09,17,17,0,0,2.972,90.225
2026-07-19 04:26:00,11,17,0,0,2.975,90.176
2026-07-19 04:28:55,8,9,0,0,2.954,90.082
2026-07-19 04:28:58,8,8,0,0,2.94,90.082
2026-07-19 04:33:55,6,6,0,0,2.922,90.073
2026-07-19 04:34:24,5,5,0,0,2.906,90.073
2026-07-19 04:35:31,2,4,0,0,2.908,90.096
2026-07-19 04:36:08,4,5,0,0,2.898,90.107
2026-07-19 04:36:14,4,5,0,0,2.908,90.08
2026-07-19 04:36:19,4,5,0,0,2.9,90.105
2026-07-19 04:36:55,4,5,0,0,2.89,90.122
2026-07-19 04:37:03,5,5,0,0,2.89,90.13
2026-07-19 04:37:32,5,5,0,0,2.892,90.153
2026-07-19 04:38:50,4,4,0,0,2.85,90.143
2026-07-19 04:38:55,4,4,0,0,2.903,90.183
2026-07-19 04:39:02,3,3,0,0,2.89,90.216
2026-07-19 04:39:45,4,4,0,0,2.892,90.202
2026-07-19 04:40:10,4,5,0,0,2.892,90.178
2026-07-19 04:40:16,4,4,0,0,2.871,90.193
2026-07-19 04:40:51,2,4,0,0,2.871,90.181
2026-07-19 04:40:58,2,4,0,0,2.887,90.197
2026-07-19 04:43:55,4,4,0,0,2.868,90.305
2026-07-19 04:48:55,3,3,0,0,2.908,90.599
2026-07-19 04:52:07,2,2,0,0,2.927,90.777
2026-07-19 04:52:54,2,2,0,0,2.932,90.761
2026-07-19 04:53:21,5,5,0,0,2.932,90.822
2026-07-19 04:53:38,3,3,0,0,2.956,90.832
2026-07-19 04:53:43,4,4,0,0,2.946,90.851
2026-07-19 04:53:55,4,4,0,0,2.946,90.857
2026-07-19 04:53:56,4,4,0,0,2.946,90.857
2026-07-19 04:54:06,4,4,0,0,2.954,90.859
2026-07-19 04:58:55,2,2,0,0,3.029,90.864
2026-07-19 05:00:22,3,3,0,0,3.034,90.845
2026-07-19 05:00:25,2,2,0,0,3.045,90.851
2026-07-19 05:01:19,1,1,0,0,3.055,90.803
2026-07-19 05:01:24,1,1,0,0,3.055,90.799
2026-07-19 05:01:28,1,1,0,0,3.037,90.824
2026-07-19 05:01:31,1,1,0,0,3.045,90.78
2026-07-19 05:01:51,1,2,0,0,3.042,90.807
2026-07-19 05:01:54,1,2,0,0,3.058,90.803
2026-07-19 05:02:00,2,2,0,0,3.047,90.788
2026-07-19 05:02:17,4,4,0,0,3.039,90.805
2026-07-19 05:02:34,4,5,0,0,3.074,90.784
2026-07-19 05:02:41,3,3,0,0,3.058,90.78
2026-07-19 05:03:11,4,4,0,0,3.061,90.735
2026-07-19 05:03:22,2,4,0,0,3.061,90.754
2026-07-19 05:03:27,3,3,0,0,3.063,90.746
2026-07-19 05:05:14,4,4,0,0,3.082,90.736
2026-07-19 05:05:42,2,2,0,0,3.106,90.592
2026-07-19 05:06:09,4,4,0,0,3.109,90.555
2026-07-19 05:06:28,1,4,0,0,3.101,90.529
2026-07-19 05:08:56,2,4,0,0,3.093,90.284
2026-07-19 05:12:30,3,5,0,0,3.087,90.117
2026-07-19 05:13:40,6,6,0,0,3.085,90.067
2026-07-19 05:13:55,5,5,0,0,3.085,90.077
2026-07-19 05:13:57,5,5,0,0,3.061,90.044
2026-07-19 05:14:31,4,6,0,0,3.085,90.027
2026-07-19 05:14:39,5,6,0,0,3.053,90
2026-07-19 05:14:51,5,5,0,0,3.071,90.021
2026-07-19 05:14:57,5,5,0,0,3.05,89.985
2026-07-19 05:15:10,6,6,0,0,3.058,89.989
2026-07-19 05:15:42,5,5,0,0,3.034,89.985
2026-07-19 05:15:47,5,5,0,0,3.055,89.975
2026-07-19 05:15:53,6,6,0,0,3.034,89.962
2026-07-19 05:15:58,6,7,0,0,3.053,89.947
2026-07-19 05:16:15,5,6,0,0,3.045,89.928
2026-07-19 05:16:23,3,5,0,0,3.045,89.943
2026-07-19 05:17:26,6,6,0,0,3.023,89.844
2026-07-19 05:17:29,6,6,0,0,3.031,89.823
2026-07-19 05:17:39,6,6,0,0,3.029,89.813
2026-07-19 05:17:44,5,5,0,0,3.039,89.832
2026-07-19 05:18:12,5,5,0,0,3.013,89.813
2026-07-19 05:18:36,5,6,0,0,3.007,89.8
2026-07-19 05:18:58,6,7,0,0,3.021,89.777
2026-07-19 05:19:06,6,6,0,0,2.996,89.737
2026-07-19 05:19:11,5,6,0,0,3.013,89.758
2026-07-19 05:20:07,4,4,0,0,3.01,89.678
2026-07-19 05:20:21,3,3,0,0,2.98,89.672
2026-07-19 05:20:40,5,5,0,0,3.007,89.651
2026-07-19 05:20:54,4,4,0,0,2.98,89.645
2026-07-19 05:20:59,4,4,0,0,2.999,89.657
2026-07-19 05:21:19,3,3,0,0,2.996,89.636
2026-07-19 05:21:25,5,5,0,0,2.97,89.628
2026-07-19 05:22:23,5,5,0,0,2.962,89.567
2026-07-19 05:22:33,3,3,0,0,2.962,89.55
2026-07-19 05:22:52,3,3,0,0,2.943,89.581
2026-07-19 05:22:58,2,2,0,0,2.983,89.575
2026-07-19 05:23:30,1,1,0,0,2.954,89.569
2026-07-19 05:23:34,1,1,0,0,2.954,89.541
2026-07-19 05:23:48,3,3,0,0,2.946,89.537
2026-07-19 05:23:53,4,4,0,0,2.938,89.518
2026-07-19 05:23:57,4,4,0,0,2.932,89.554
2026-07-19 05:24:06,3,3,0,0,2.943,89.525
2026-07-19 05:24:24,4,4,0,0,2.94,89.546
2026-07-19 05:25:24,4,4,0,0,2.935,89.529
2026-07-19 05:26:03,3,3,0,0,2.946,89.529
2026-07-19 05:26:41,2,4,0,0,2.911,89.508
2026-07-19 05:26:45,2,3,0,0,2.906,89.535
2026-07-19 05:27:29,6,6,0,0,2.9,89.491
2026-07-19 05:27:38,5,5,0,0,2.914,89.504
2026-07-19 05:28:06,5,5,0,0,2.908,89.459
2026-07-19 05:28:41,6,6,0,0,2.882,89.46
2026-07-19 05:28:57,7,7,0,0,2.858,89.415
2026-07-19 05:29:21,14,14,0,0,2.892,89.439
2026-07-19 05:29:27,14,14,0,0,2.879,89.415
2026-07-19 05:30:07,10,12,0,0,2.876,89.388
2026-07-19 05:30:16,12,14,0,0,2.86,89.384
2026-07-19 05:30:43,9,9,0,0,2.858,89.359
2026-07-19 05:31:22,9,9,0,0,2.855,89.352
2026-07-19 05:31:30,8,9,0,0,2.844,89.317
2026-07-19 05:32:04,8,9,0,0,2.844,89.277
2026-07-19 05:32:52,9,9,0,0,2.834,89.279
2026-07-19 05:33:33,5,5,0,0,2.818,89.241
2026-07-19 05:33:58,6,7,0,0,2.788,89.228
2026-07-19 05:34:11,6,6,0,0,2.804,89.22
2026-07-19 05:35:04,6,8,0,0,2.778,89.184
2026-07-19 05:35:32,6,6,0,0,2.783,89.182
2026-07-19 05:35:42,5,5,0,0,2.791,89.172
2026-07-19 05:36:14,5,8,0,0,2.772,89.191
2026-07-19 05:36:48,6,6,0,0,2.751,89.165
2026-07-19 05:36:53,6,6,0,0,2.77,89.174
2026-07-19 05:37:00,6,6,0,0,2.743,89.171
2026-07-19 05:37:27,6,8,0,0,2.724,89.176
2026-07-19 05:37:31,7,7,0,0,2.74,89.165
2026-07-19 05:37:44,6,6,0,0,2.748,89.174
2026-07-19 05:38:11,5,6,0,0,2.729,89.203
2026-07-19 05:38:19,4,5,0,0,2.732,89.188
2026-07-19 05:38:58,5,5,0,0,2.721,89.191
2026-07-19 05:39:32,4,5,0,0,2.703,89.155
2026-07-19 05:40:15,4,6,0,0,2.692,89.157
2026-07-19 05:40:19,4,6,0,0,2.708,89.199
2026-07-19 05:40:52,5,5,0,0,2.703,89.201
2026-07-19 05:41:29,4,5,0,0,2.681,89.203
2026-07-19 05:41:34,4,5,0,0,2.692,89.199
2026-07-19 05:42:04,3,3,0,0,2.692,89.193
2026-07-19 05:42:12,2,2,0,0,2.687,89.205
2026-07-19 05:42:17,4,4,0,0,2.655,89.188
2026-07-19 05:42:56,4,5,0,0,2.663,89.191
2026-07-19 05:42:59,4,5,0,0,2.644,89.163
2026-07-19 05:43:16,2,4,0,0,2.657,89.184
2026-07-19 05:43:33,2,5,0,0,2.628,89.191
2026-07-19 05:43:38,2,5,0,0,2.639,89.174
2026-07-19 05:43:43,5,6,0,0,2.633,89.167
2026-07-19 05:43:47,5,6,0,0,2.639,89.199
2026-07-19 05:43:57,5,5,0,0,2.628,89.209
2026-07-19 05:44:19,4,4,0,0,2.644,89.201
2026-07-19 05:44:52,4,4,0,0,2.628,89.18
2026-07-19 05:44:59,4,5,0,0,2.617,89.178
2026-07-19 05:45:42,4,5,0,0,2.612,89.157
2026-07-19 05:46:13,4,5,0,0,2.604,89.178
2026-07-19 05:46:17,4,5,0,0,2.615,89.174
2026-07-19 05:47:00,5,5,0,0,2.601,89.214
2026-07-19 05:47:04,5,5,0,0,2.601,89.224
2026-07-19 05:47:35,8,8,0,0,2.593,89.233
2026-07-19 05:47:42,6,6,0,0,2.591,89.211
2026-07-19 05:48:19,6,6,0,0,2.591,89.251
2026-07-19 05:48:22,6,6,0,0,2.577,89.232
2026-07-19 05:48:26,6,6,0,0,2.564,89.214
2026-07-19 05:48:54,9,9,0,0,2.577,89.251
2026-07-19 05:48:57,9,9,0,0,2.567,89.241
2026-07-19 05:48:58,9,9,0,0,2.575,89.26
2026-07-19 05:49:03,8,8,0,0,2.577,89.264
2026-07-19 05:49:18,5,5,0,0,2.54,89.279
2026-07-19 05:49:34,5,5,0,0,2.572,89.285
2026-07-19 05:49:38,5,5,0,0,2.551,89.264
2026-07-19 05:50:19,8,8,0,0,2.551,89.249
2026-07-19 05:50:23,9,9,0,0,2.567,89.264
2026-07-19 05:50:53,6,6,0,0,2.543,89.27
2026-07-19 05:50:57,6,6,0,0,2.54,89.296
2026-07-19 05:51:05,5,5,0,0,2.524,89.251
2026-07-19 05:52:15,10,10,0,0,2.559,89.289
2026-07-19 05:52:54,8,8,0,0,2.527,89.287
2026-07-19 05:52:57,8,8,0,0,2.505,89.335
2026-07-19 05:53:00,8,8,0,0,2.516,89.314
2026-07-19 05:53:12,8,8,0,0,2.529,89.338
2026-07-19 05:53:41,10,10,0,0,2.505,89.357
2026-07-19 05:53:45,10,10,0,0,2.51,89.342
2026-07-19 05:53:49,12,12,0,0,2.508,89.354
2026-07-19 05:53:54,10,12,0,0,2.505,89.369
2026-07-19 05:53:59,10,12,0,0,2.513,89.369
2026-07-19 05:54:18,14,16,0,0,2.489,89.388
2026-07-19 05:54:23,12,14,0,0,2.489,89.38
2026-07-19 05:54:34,10,10,0,0,2.502,89.403
2026-07-19 05:54:58,12,12,0,0,2.505,89.447
2026-07-19 05:55:03,14,14,0,0,2.494,89.43
2026-07-19 05:55:12,14,14,0,0,2.484,89.439
2026-07-19 05:55:20,12,14,0,0,2.481,89.439
2026-07-19 05:55:38,16,16,0,0,2.489,89.451
2026-07-19 05:55:43,16,16,0,0,2.489,89.468
2026-07-19 05:55:57,14,16,0,0,2.5,89.459
2026-07-19 05:56:10,14,16,0,0,2.478,89.474
2026-07-19 05:56:31,17,17,0,0,2.489,89.474
2026-07-19 05:56:43,20,20,0,0,2.473,89.466
2026-07-19 05:57:13,25,26,0,0,2.462,89.51
2026-07-19 05:57:21,25,26,0,0,2.484,89.497
2026-07-19 05:57:52,33,34,0,0,2.5,89.52
2026-07-19 05:57:57,33,35,0,0,2.494,89.562
2026-07-19 05:58:02,33,34,0,0,2.454,89.525
2026-07-19 05:58:52,32,34,0,0,2.478,89.577
2026-07-19 05:58:56,32,35,0,0,2.476,89.59
2026-07-19 05:58:59,33,35,0,0,2.484,89.605
2026-07-19 05:59:10,35,36,0,0,2.481,89.632
2026-07-19 05:59:28,37,39,0,0,2.452,89.661
2026-07-19 05:59:33,38,40,0,0,2.473,89.676
2026-07-19 05:59:49,40,45,0,0,2.481,89.718
2026-07-19 06:03:59,59,71,0,0,2.481,89.863
2026-07-19 06:08:59,62,74,0,0,2.473,90.092
2026-07-19 06:13:59,62,75,0,0,2.481,90.166
2026-07-19 06:17:39,56,67,0,0,2.489,90.37
2026-07-19 06:18:59,56,67,0,0,2.494,90.458
2026-07-19 06:21:22,49,57,0,0,2.51,90.618
2026-07-19 06:22:29,51,62,0,0,2.521,90.653
2026-07-19 06:23:59,48,54,0,0,2.535,90.672
2026-07-19 06:24:35,45,53,0,0,2.54,90.7
2026-07-19 06:26:33,46,51,0,0,2.559,90.74
2026-07-19 06:28:59,43,46,0,0,2.58,90.729
2026-07-19 06:29:50,40,45,0,0,2.585,90.727
2026-07-19 06:31:09,40,44,0,0,2.596,90.698
2026-07-19 06:33:59,36,38,0,0,2.617,90.632
2026-07-19 06:34:45,35,37,0,0,2.633,90.632
2026-07-19 06:38:59,36,38,0,0,2.639,90.548
2026-07-19 06:41:11,40,44,0,0,2.631,90.443
2026-07-19 06:43:59,39,45,0,0,2.617,90.18
2026-07-19 06:44:03,43,47,0,0,2.617,90.159
2026-07-19 06:48:59,44,50,0,0,2.561,90.002
2026-07-19 06:50:13,45,51,0,0,2.527,89.945
2026-07-19 06:53:59,40,41,0,0,2.502,89.88
2026-07-19 06:55:23,38,38,0,0,2.484,89.882
2026-07-19 06:55:58,40,41,0,0,2.462,89.918
2026-07-19 06:56:20,40,41,0,0,2.468,89.962
2026-07-19 06:58:41,35,36,0,0,2.462,90.204
2026-07-19 06:58:59,35,38,0,0,2.46,90.216
2026-07-19 07:03:59,21,22,0,0,2.484,90.551
2026-07-19 07:04:02,20,21,0,0,2.478,90.555
2026-07-19 07:08:40,8,8,0,0,2.553,90.735
2026-07-19 07:08:59,10,14,0,0,2.569,90.746
2026-07-19 07:12:36,24,29,0,0,2.604,90.639
2026-07-19 07:13:59,31,32,0,0,2.612,90.689
2026-07-19 07:16:01,30,30,0,0,2.639,90.798
2026-07-19 07:17:50,34,34,0,0,2.639,90.86
2026-07-19 07:18:59,33,33,0,0,2.665,90.822
2026-07-19 07:22:09,32,33,0,0,2.687,90.796
2026-07-19 07:23:59,34,34,0,0,2.716,90.82
2026-07-19 07:24:01,34,34,0,0,2.732,90.794
2026-07-19 07:24:08,35,35,0,0,2.729,90.788
2026-07-19 07:24:34,32,32,0,0,2.684,90.784
2026-07-19 07:26:03,31,32,0,0,2.743,90.757
2026-07-19 07:26:45,32,32,0,0,2.737,90.7
2026-07-19 07:27:26,29,29,0,0,2.743,90.649
2026-07-19 07:28:59,33,36,0,0,2.745,90.563
2026-07-19 07:32:13,35,36,0,0,2.762,90.551
2026-07-19 07:32:46,37,40,0,0,2.745,90.571
2026-07-19 07:33:59,35,35,0,0,2.751,90.58
2026-07-19 07:36:06,33,33,0,0,2.764,90.555
2026-07-19 07:36:46,30,30,0,0,2.748,90.571
2026-07-19 07:36:51,30,30,0,0,2.756,90.561
2026-07-19 07:38:11,20,21,0,0,2.796,90.565
2026-07-19 07:38:59,16,20,0,0,2.818,90.555
2026-07-19 07:39:13,14,18,0,0,2.783,90.567
2026-07-19 07:43:59,6,6,0,0,2.858,90.756
2026-07-19 07:46:12,5,5,0,0,2.906,90.885
2026-07-19 07:48:59,8,9,0,0,2.983,91.236
2026-07-19 07:51:06,67,83,0,0,3.058,91.469
2026-07-19 07:51:27,44,48,0,0,3.063,91.543
2026-07-19 07:51:44,26,26,0,0,3.082,91.591
2026-07-19 07:53:59,7,9,0,0,3.186,91.81
2026-07-19 07:54:09,7,9,0,0,3.186,91.837
2026-07-19 07:57:32,17,19,0,0,3.349,91.877
2026-07-19 07:58:59,10,14,0,0,3.429,91.822
2026-07-19 08:03:59,39,40,0,0,3.645,91.517
2026-07-19 08:08:15,18,22,0,0,3.803,91.133
2026-07-19 08:08:59,22,22,0,0,3.835,91.04
2026-07-19 08:09:01,22,22,0,0,3.832,91.04
2026-07-19 08:10:42,19,21,0,0,3.88,90.773
2026-07-19 08:13:59,24,26,0,0,3.923,89.956
2026-07-19 08:14:55,38,39,0,0,3.92,89.777
2026-07-19 08:18:59,24,24,0,0,3.883,89.13
2026-07-19 08:23:59,22,24,0,0,3.862,88.867
2026-07-19 08:24:58,20,20,0,0,3.84,88.862
2026-07-19 08:28:59,10,11,0,0,3.862,88.886
2026-07-19 08:33:59,35,38,0,0,3.878,89.041
2026-07-19 08:38:59,10,11,0,0,3.977,89.333
2026-07-19 08:42:12,6,6,0,0,4.073,89.369
2026-07-19 08:42:52,7,7,0,0,4.091,89.35
2026-07-19 08:43:41,9,9,0,0,4.11,89.325
2026-07-19 08:43:59,9,9,0,0,4.081,89.331
2026-07-19 08:48:59,24,24,0,0,4.241,89.165
2026-07-19 08:51:14,31,32,0,0,4.308,89.047
2026-07-19 08:51:48,35,35,0,0,4.326,89.003
2026-07-19 08:53:59,20,22,0,0,4.38,88.93
2026-07-19 08:55:13,10,10,0,0,4.42,88.89
2026-07-19 08:58:15,10,10,0,0,4.503,88.751
2026-07-19 08:58:59,10,11,0,0,4.487,88.73
2026-07-19 08:59:43,7,9,0,0,4.564,88.762
2026-07-19 09:03:59,10,11,0,0,4.668,88.718
2026-07-19 09:08:59,10,10,0,0,4.828,88.696
2026-07-19 09:09:15,10,10,0,0,4.831,88.701
2026-07-19 09:13:59,11,14,0,0,5.037,88.512
2026-07-19 09:14:11,14,14,0,0,5.042,88.497
2026-07-19 09:16:51,15,15,0,0,5.127,88.413
2026-07-19 09:19:00,11,11,0,0,5.234,88.27
2026-07-19 09:20:50,8,8,0,0,5.314,88.141
2026-07-19 09:20:54,9,9,0,0,5.325,88.127
2026-07-19 09:21:15,7,7,0,0,5.341,88.152
2026-07-19 09:21:44,10,10,0,0,5.352,88.142
2026-07-19 09:23:59,6,6,0,0,5.448,88.062
2026-07-19 09:27:35,6,6,0,0,5.616,87.868
2026-07-19 09:27:45,7,7,0,0,5.613,87.868
2026-07-19 09:28:59,6,6,0,0,5.675,87.818
2026-07-19 09:33:59,3,3,0,0,5.934,87.538
2026-07-19 09:38:59,1,1,0,0,6.268,87.009
2026-07-19 09:39:01,1,1,0,0,6.254,86.983
2026-07-19 09:40:15,2,2,0,0,6.324,86.762
2026-07-19 09:44:01,4,6,0,0,6.559,85.953
2026-07-19 09:44:44,11,17,0,0,6.588,85.92
2026-07-19 09:49:01,30,31,0,0,6.866,85.197
2026-07-19 09:54:01,27,27,0,0,7.007,84.772
2026-07-19 09:54:09,27,27,0,0,6.997,84.782
2026-07-19 09:55:10,24,24,0,0,7.007,84.74
2026-07-19 09:56:08,24,24,0,0,7.029,84.742
2026-07-19 09:59:01,27,27,0,0,7.093,84.696
2026-07-19 10:04:01,11,13,0,0,7.229,84.074
2026-07-19 10:04:03,11,13,0,0,7.192,84.057
2026-07-19 10:06:44,7,7,0,0,7.25,83.637
2026-07-19 10:09:01,9,9,0,0,7.285,83.273
2026-07-19 10:13:15,14,15,0,0,7.37,82.911
2026-07-19 10:14:01,15,17,0,0,7.387,82.903
2026-07-19 10:16:36,4,4,0,0,7.451,82.937
2026-07-19 10:17:09,6,6,0,0,7.488,82.92
2026-07-19 10:17:38,6,6,0,0,7.499,82.84
2026-07-19 10:19:01,6,7,0,0,7.539,82.664
2026-07-19 10:19:44,4,7,0,0,7.589,82.558
2026-07-19 10:21:15,15,17,0,0,7.611,82.359
2026-07-19 10:24:01,26,29,0,0,7.702,82.317
2026-07-19 10:28:52,23,24,0,0,7.766,81.442
2026-07-19 10:29:01,24,26,0,0,7.779,81.407
2026-07-19 10:29:48,30,31,0,0,7.776,81.253
2026-07-19 10:34:01,48,58,0,0,7.803,81.011
2026-07-19 10:39:01,18,21,0,0,7.905,81.266
2026-07-19 10:41:45,20,21,0,0,7.971,80.852
2026-07-19 10:41:48,20,21,0,0,7.971,80.826
2026-07-19 10:43:18,27,28,0,0,8.025,80.824
2026-07-19 10:44:01,26,27,0,0,8.022,80.748
2026-07-19 10:49:01,28,29,0,0,8.142,80.276
2026-07-19 10:54:01,20,21,0,0,8.262,80.231
2026-07-19 10:59:01,28,28,0,0,8.481,79.889
2026-07-19 11:02:33,28,29,0,0,8.583,79.708
2026-07-19 11:04:01,31,31,0,0,8.668,79.714
2026-07-19 11:07:19,27,27,0,0,8.796,79.594
2026-07-19 11:09:01,34,34,0,0,8.855,79.575
2026-07-19 11:09:03,33,33,0,0,8.858,79.575
2026-07-19 11:11:31,27,27,0,0,8.975,79.752
2026-07-19 11:14:01,26,26,0,0,9.117,79.519
2026-07-19 11:16:45,34,34,0,0,9.264,79.145
2026-07-19 11:17:49,31,31,0,0,9.312,79.056
2026-07-19 11:19:01,31,33,0,0,9.349,78.821
2026-07-19 11:22:41,46,55,0,0,9.493,78.348
2026-07-19 11:24:01,41,45,0,0,9.544,78.23
2026-07-19 11:24:19,35,36,0,0,9.517,78.201
2026-07-19 11:25:54,35,35,0,0,9.574,78.052
2026-07-19 11:26:11,38,40,0,0,9.576,78.058
2026-07-19 11:28:29,43,50,0,0,9.646,78.06
2026-07-19 11:29:01,40,46,0,0,9.648,78.005
2026-07-19 11:29:36,45,54,0,0,9.651,77.976
2026-07-19 11:34:01,38,41,0,0,9.752,77.623
2026-07-19 11:39:01,44,52,0,0,9.806,77.761
2026-07-19 11:41:37,46,54,0,0,9.862,77.845
2026-07-19 11:44:01,40,45,0,0,9.891,77.658
2026-07-19 11:44:39,32,35,0,0,9.907,77.461
2026-07-19 11:45:48,36,40,0,0,9.923,77.263
2026-07-19 11:49:01,32,35,0,0,9.963,77.335
2026-07-19 11:50:28,38,41,0,0,9.982,77.318
2026-07-19 11:51:09,34,36,0,0,10.003,77.295
2026-07-19 11:52:24,38,41,0,0,10.011,77.282
2026-07-19 11:52:51,35,39,0,0,10.014,77.289
2026-07-19 11:54:01,34,35,0,0,10.03,77.326
2026-07-19 11:56:26,28,28,0,0,10.054,76.969
2026-07-19 11:57:52,25,26,0,0,10.057,76.532
2026-07-19 11:59:01,26,26,0,0,10.076,76.324
2026-07-19 11:59:56,29,30,0,0,10.081,76.134
2026-07-19 12:01:03,34,39,0,0,10.07,75.962
2026-07-19 12:04:01,25,25,0,0,10.068,75.664
2026-07-19 12:04:42,22,23,0,0,10.057,75.676
2026-07-19 12:06:56,37,41,0,0,10.081,75.407
2026-07-19 12:09:01,65,78,0,0,10.105,75.548
2026-07-19 12:14:04,45,52,0,0,10.161,74.764
2026-07-19 12:18:21,36,39,0,0,10.244,74.444
2026-07-19 12:19:01,34,35,0,0,10.268,74.447
2026-07-19 12:24:01,31,32,0,0,10.425,74.236
2026-07-19 12:24:03,31,32,0,0,10.425,74.241
2026-07-19 12:29:01,31,31,0,0,10.615,72.616
2026-07-19 12:34:01,36,39,0,0,10.714,72.447
2026-07-19 12:39:01,19,20,0,0,10.78,71.428
2026-07-19 12:44:01,16,17,0,0,10.893,70.137
2026-07-19 12:49:01,21,21,0,0,11.018,69.826
2026-07-19 12:49:52,22,22,0,0,11.002,69.933
2026-07-19 12:54:01,22,24,0,0,11.106,70.244
2026-07-19 12:59:01,27,27,0,0,11.098,69.055
2026-07-19 13:03:56,25,27,0,0,11.093,69.282
2026-07-19 13:04:01,25,26,0,0,11.106,69.257
2026-07-19 13:09:01,21,22,0,0,11.037,69.191
2026-07-19 13:14:01,20,21,0,0,11.018,69.338
2026-07-19 13:19:01,29,30,0,0,10.978,69.17
2026-07-19 13:20:53,28,32,0,0,10.962,69.183
2026-07-19 13:24:02,26,27,0,0,10.975,69.214
2026-07-19 13:29:01,27,28,0,0,10.983,69.423
2026-07-19 13:31:54,30,31,0,0,10.965,69.118
2026-07-19 13:34:02,29,29,0,0,10.946,69.147
2026-07-19 13:39:01,50,62,0,0,10.853,69.319
2026-07-19 13:39:54,47,57,0,0,10.866,69.448
2026-07-19 13:44:01,47,55,0,0,10.871,69.78
2026-07-19 13:49:01,40,46,0,0,10.879,70.368
2026-07-19 13:54:01,56,69,0,0,10.946,70.677
2026-07-19 13:59:02,34,38,0,0,11.064,71.129
2026-07-19 14:04:02,36,41,0,0,11.12,71.825
2026-07-19 14:09:02,45,53,0,0,11.213,71.89
2026-07-19 14:14:01,43,50,0,0,11.328,71.277
2026-07-19 14:19:02,31,32,0,0,11.427,70.184
2026-07-19 14:24:02,22,22,0,0,11.501,68.928
2026-07-19 14:29:02,20,24,0,0,11.547,67.774
2026-07-19 14:34:02,26,26,0,0,11.63,68.384
2026-07-19 14:39:02,33,37,0,0,11.691,68.292
2026-07-19 14:44:01,30,30,0,0,11.731,67.648
2026-07-19 14:49:02,21,21,0,0,11.726,67.646
2026-07-19 14:52:26,37,40,0,0,11.686,67.882
2026-07-19 14:54:02,36,40,0,0,11.664,68.226
2026-07-19 14:59:02,33,37,0,0,11.635,68.662
2026-07-19 15:04:02,36,38,0,0,11.558,69.09
2026-07-19 15:09:02,38,42,0,0,11.464,69.538
2026-07-19 15:14:02,45,54,0,0,11.443,69.559
2026-07-19 15:19:02,57,69,0,0,11.424,69.856
2026-07-19 15:20:26,99,107,0,0,11.397,69.942
2026-07-19 15:23:56,51,62,0,0,11.349,70.013
2026-07-19 15:24:01,51,62,0,0,11.384,70.041
2026-07-19 15:29:01,65,77,0,0,11.307,69.813
2026-07-19 15:34:02,68,79,0,0,11.293,69.711
2026-07-19 15:39:01,52,63,0,0,11.258,70.028
2026-07-19 15:44:02,53,63,0,0,11.285,69.303
2026-07-19 15:49:01,64,76,0,0,11.299,69.879
2026-07-19 15:52:57,39,44,0,0,11.299,69.929
2026-07-19 15:54:01,43,50,0,0,11.312,69.948
2026-07-19 15:55:57,40,48,0,0,11.291,70.028
2026-07-19 15:59:01,44,50,0,0,11.307,69.803
2026-07-19 16:04:43,39,46,0,0,11.331,70.223
2026-07-19 16:10:41,41,45,0,0,11.387,70.869
2026-07-19 16:14:02,33,37,0,0,11.427,71.285
2026-07-19 16:19:02,41,47,0,0,11.419,71.443
2026-07-19 16:24:02,48,56,0,0,11.464,71.56
2026-07-19 16:29:02,82,86,0,0,11.387,71.741
2026-07-19 16:34:02,54,64,0,0,11.325,72.267
2026-07-19 16:39:01,53,64,0,0,11.186,72.468
2026-07-19 16:44:01,40,46,0,0,11.104,72.683
2026-07-19 16:49:02,39,45,0,0,11.032,72.424
2026-07-19 16:54:02,40,46,0,0,10.954,73.129
2026-07-19 16:59:02,43,51,0,0,10.882,73.307
2026-07-19 17:03:29,50,60,0,0,10.81,73.047
2026-07-19 17:04:01,50,61,0,0,10.78,72.931
2026-07-19 17:05:54,53,65,0,0,10.754,72.845
2026-07-19 17:09:02,56,68,0,0,10.703,73.198
2026-07-19 17:10:15,59,74,0,0,10.676,73.21
2026-07-19 17:14:03,90,93,0,0,10.588,73.391
2026-07-19 17:14:05,91,92,0,0,10.575,73.429
2026-07-19 17:16:29,63,75,0,0,10.511,73.644
2026-07-19 17:19:01,62,76,0,0,10.484,73.78
2026-07-19 17:24:02,58,70,0,0,10.407,73.938
2026-07-19 17:29:02,45,54,0,0,10.308,74.272
2026-07-19 17:31:58,49,57,0,0,10.26,74.116
2026-07-19 17:34:02,44,51,0,0,10.206,73.574
2026-07-19 17:37:51,43,51,0,0,10.177,73.339
2026-07-19 17:39:02,45,53,0,0,10.172,73.307
2026-07-19 17:41:42,44,52,0,0,10.161,73.208
2026-07-19 17:44:02,46,54,0,0,10.121,73.461
2026-07-19 17:45:31,44,54,0,0,10.11,73.728
2026-07-19 17:47:26,44,51,0,0,10.105,74.047
2026-07-19 17:49:02,44,51,0,0,10.108,74.085
2026-07-19 17:54:02,47,55,0,0,10.046,74.615
2026-07-19 17:59:02,48,57,0,0,9.955,75.83
2026-07-19 18:04:02,45,55,0,0,9.889,76.282
2026-07-19 18:07:31,53,63,0,0,9.8,75.693
2026-07-19 18:09:02,51,61,0,0,9.79,75.998
2026-07-19 18:14:02,52,65,0,0,9.739,76.431
2026-07-19 18:19:02,52,61,0,0,9.715,76.824
2026-07-19 18:24:02,64,78,0,0,9.683,76.973
2026-07-19 18:29:02,59,72,0,0,9.67,77.677
2026-07-19 18:34:02,60,74,0,0,9.614,77.427
2026-07-19 18:39:02,61,75,0,0,9.59,78.836
2026-07-19 18:40:34,59,71,0,0,9.547,78.915
2026-07-19 18:44:02,61,75,0,0,9.509,78.365
2026-07-19 18:44:32,62,76,0,0,9.509,78.405
2026-07-19 18:49:02,57,70,0,0,9.477,79.218
2026-07-19 18:49:32,55,69,0,0,9.445,79.233
2026-07-19 18:54:02,59,71,0,0,9.373,79.254
2026-07-19 18:59:02,80,87,0,0,9.293,79.843
2026-07-19 18:59:05,80,87,0,0,9.309,79.851
2026-07-19 19:04:02,83,89,0,0,9.208,80.229
2026-07-19 19:06:30,77,85,0,0,9.181,80.461
2026-07-19 19:09:02,103,105,0,0,9.12,80.555
2026-07-19 19:14:02,91,93,0,0,9.031,80.683
2026-07-19 19:18:13,113,117,0,0,8.941,80.818
2026-07-19 19:19:02,103,106,0,0,8.933,80.885
2026-07-19 19:20:05,90,92,0,0,8.903,80.938
2026-07-19 19:24:02,77,87,0,0,8.869,81.144
2026-07-19 19:24:05,78,88,0,0,8.834,81.14
2026-07-19 19:29:02,89,94,0,0,8.807,81.257
2026-07-19 19:34:02,64,79,0,0,8.778,80.938
2026-07-19 19:39:02,68,81,0,0,8.748,80.877
2026-07-19 19:44:02,59,72,0,0,8.73,81.194
2026-07-19 19:49:02,58,72,0,0,8.7,81.43
2026-07-19 19:54:02,59,72,0,0,8.663,81.245
2026-07-19 19:58:38,59,72,0,0,8.668,81.192
2026-07-19 19:59:02,58,73,0,0,8.634,81.243
2026-07-19 20:04:02,77,86,0,0,8.615,81.369
2026-07-19 20:06:22,75,85,0,0,8.618,81.636
2026-07-19 20:06:35,71,83,0,0,8.607,81.646
2026-07-19 20:07:54,71,83,0,0,8.604,81.642
2026-07-19 20:09:02,66,79,0,0,8.577,81.583
2026-07-19 20:14:02,74,86,0,0,8.607,80.639
2026-07-19 20:16:28,72,83,0,0,8.636,80.248
2026-07-19 20:19:02,60,72,0,0,8.674,80.049
2026-07-19 20:24:02,95,99,0,0,8.74,79.992
2026-07-19 20:24:25,95,96,0,0,8.751,79.971
2026-07-19 20:26:13,77,85,0,0,8.772,79.897
2026-07-19 20:27:08,80,88,0,0,8.783,80.055
2026-07-19 20:27:37,75,84,0,0,8.77,80.101
2026-07-19 20:28:10,78,88,0,0,8.794,80.13
2026-07-19 20:29:02,80,87,0,0,8.788,79.979
2026-07-19 20:29:19,83,90,0,0,8.802,79.973
2026-07-19 20:30:22,79,87,0,0,8.834,80.061
2026-07-19 20:32:50,80,87,0,0,8.831,79.996
2026-07-19 20:33:23,76,85,0,0,8.839,80.057
2026-07-19 20:34:02,89,93,0,0,8.828,80.078
2026-07-19 20:39:02,88,91,0,0,8.858,80.267
2026-07-19 20:41:24,86,91,0,0,8.847,80.452
2026-07-19 20:42:05,80,88,0,0,8.863,80.452
2026-07-19 20:44:02,73,85,0,0,8.861,80.612
2026-07-19 20:44:29,70,82,0,0,8.869,80.671
2026-07-19 20:44:58,75,86,0,0,8.828,80.673
2026-07-19 20:49:02,57,70,0,0,8.812,80.856
2026-07-19 20:49:45,67,80,0,0,8.81,80.925
2026-07-19 20:49:54,66,79,0,0,8.81,80.933
2026-07-19 20:54:02,83,90,0,0,8.78,81.213
2026-07-19 20:55:09,122,127,0,0,8.754,81.274
2026-07-19 20:57:47,60,76,0,0,8.732,81.369
2026-07-19 20:59:02,56,71,0,0,8.719,81.346
2026-07-19 21:04:02,55,66,0,0,8.658,81.432
2026-07-19 21:06:44,56,67,0,0,8.663,81.518
2026-07-19 21:09:02,55,67,0,0,8.626,81.314
2026-07-19 21:09:09,54,66,0,0,8.626,81.255
2026-07-19 21:10:38,56,71,0,0,8.615,81.331
2026-07-19 21:11:07,60,72,0,0,8.636,81.388
2026-07-19 21:13:17,66,79,0,0,8.663,81.478
2026-07-19 21:14:02,68,81,0,0,8.647,81.465
2026-07-19 21:14:15,66,81,0,0,8.628,81.488
2026-07-19 21:15:48,68,83,0,0,8.639,81.533
2026-07-19 21:16:19,64,79,0,0,8.639,81.505
2026-07-19 21:16:42,65,78,0,0,8.647,81.516
2026-07-19 21:16:49,67,80,0,0,8.647,81.505
2026-07-19 21:17:48,69,81,0,0,8.639,81.455
2026-07-19 21:18:12,71,84,0,0,8.652,81.446
2026-07-19 21:19:02,80,89,0,0,8.628,81.436
2026-07-19 21:19:13,79,88,0,0,8.642,81.44
2026-07-19 21:24:03,82,89,0,0,8.663,81.459
2026-07-19 21:29:02,93,98,0,0,8.69,81.993
2026-07-19 21:29:25,95,98,0,0,8.69,82.048
2026-07-19 21:32:46,93,97,0,0,8.674,82.342
2026-07-19 21:34:02,93,96,0,0,8.66,82.416
2026-07-19 21:38:14,92,95,0,0,8.695,82.729
2026-07-19 21:39:02,93,95,0,0,8.66,82.716
2026-07-19 21:39:55,88,92,0,0,8.66,82.766
2026-07-19 21:44:02,93,97,0,0,8.642,82.853
2026-07-19 21:47:53,90,93,0,0,8.583,83.26
2026-07-19 21:49:02,97,100,0,0,8.577,83.351
2026-07-19 21:50:20,107,110,0,0,8.572,83.469
2026-07-19 21:54:02,110,115,0,0,8.54,83.797
2026-07-19 21:56:48,116,123,0,0,8.495,84.055
2026-07-19 21:57:23,117,120,0,0,8.497,84.141
2026-07-19 21:59:02,94,99,0,0,8.489,84.274
2026-07-19 22:00:05,93,98,0,0,8.487,84.337
2026-07-19 22:01:01,97,101,0,0,8.473,84.385
2026-07-19 22:02:34,101,104,0,0,8.463,84.452
2026-07-19 22:03:01,100,102,0,0,8.46,84.496
2026-07-19 22:03:34,103,106,0,0,8.455,84.513
2026-07-19 22:04:03,101,103,0,0,8.487,84.537
2026-07-19 22:08:23,120,126,0,0,8.452,84.745
2026-07-19 22:09:02,116,124,0,0,8.407,84.795
2026-07-19 22:09:06,115,118,0,0,8.425,84.812
2026-07-19 22:09:44,112,118,0,0,8.396,84.829
2026-07-19 22:11:13,107,108,0,0,8.404,84.915
2026-07-19 22:13:04,101,104,0,0,8.396,85.054
2026-07-19 22:13:11,100,103,0,0,8.393,85.096
2026-07-19 22:14:02,97,101,0,0,8.391,85.154
2026-07-19 22:14:33,94,98,0,0,8.377,85.226
2026-07-19 22:16:24,101,104,0,0,8.38,85.333
2026-07-19 22:19:03,95,100,0,0,8.401,85.371
2026-07-19 22:21:47,103,109,0,0,8.372,85.487
2026-07-19 22:22:30,103,108,0,0,8.375,85.514
2026-07-19 22:23:48,93,96,0,0,8.385,85.6
2026-07-19 22:24:03,91,94,0,0,8.377,85.63
2026-07-19 22:24:32,84,91,0,0,8.361,85.625
2026-07-19 22:27:47,76,85,0,0,8.38,85.712
2026-07-19 22:29:02,73,86,0,0,8.375,85.722
2026-07-19 22:29:51,69,81,0,0,8.361,85.726
2026-07-19 22:31:58,62,78,0,0,8.353,85.785
2026-07-19 22:32:09,61,75,0,0,8.359,85.838
2026-07-19 22:34:03,60,72,0,0,8.348,85.934
2026-07-19 22:36:06,63,79,0,0,8.337,86.056
2026-07-19 22:37:14,64,80,0,0,8.332,86.1
2026-07-19 22:39:03,76,86,0,0,8.332,86.149
2026-07-19 22:39:58,82,90,0,0,8.294,86.151
2026-07-19 22:40:57,92,94,0,0,8.305,86.164
2026-07-19 22:42:01,102,105,0,0,8.294,86.155
2026-07-19 22:42:47,106,110,0,0,8.284,86.149
2026-07-19 22:44:02,102,104,0,0,8.27,86.144
2026-07-19 22:44:19,102,106,0,0,8.273,86.149
2026-07-19 22:48:17,106,111,0,0,8.209,86.189
2026-07-19 22:49:03,106,112,0,0,8.209,86.241
2026-07-19 22:52:51,116,120,0,0,8.185,86.365
2026-07-19 22:53:24,119,124,0,0,8.164,86.426
2026-07-19 22:54:03,116,120,0,0,8.185,86.453
2026-07-19 22:54:42,121,126,0,0,8.156,86.489
2026-07-19 22:55:22,130,132,0,0,8.15,86.489
2026-07-19 22:56:55,133,135,0,0,8.148,86.571
2026-07-19 22:58:41,134,140,0,0,8.118,86.576
2026-07-19 22:59:03,136,142,0,0,8.137,86.609
2026-07-19 22:59:24,141,146,0,0,8.124,86.62
2026-07-19 23:00:11,138,144,0,0,8.137,86.624
2026-07-19 23:00:23,137,142,0,0,8.137,86.649
2026-07-19 23:01:48,133,140,0,0,8.086,86.678
2026-07-19 23:02:06,128,134,0,0,8.105,86.704
2026-07-19 23:04:03,124,129,0,0,8.129,86.75
2026-07-19 23:04:04,124,129,0,0,8.129,86.75
2026-07-19 23:04:52,122,130,0,0,8.116,86.781
2026-07-19 23:05:45,125,128,0,0,8.078,86.767
2026-07-19 23:05:59,125,131,0,0,8.105,86.811
2026-07-19 23:06:47,126,131,0,0,8.081,86.79
2026-07-19 23:07:44,123,129,0,0,8.065,86.83
2026-07-19 23:09:03,128,132,0,0,8.075,86.866
2026-07-19 23:10:13,119,122,0,0,8.07,86.884
2026-07-19 23:10:28,116,119,0,0,8.065,86.903
2026-07-19 23:14:02,108,113,0,0,8.078,87.004
2026-07-19 23:15:40,111,113,0,0,8.043,87.021
2026-07-19 23:15:49,109,113,0,0,8.038,87.038
2026-07-19 23:16:33,104,106,0,0,8.059,87.032
2026-07-19 23:19:03,95,101,0,0,8.043,87.069
2026-07-19 23:22:55,77,86,0,0,8.035,87.13
2026-07-19 23:23:05,79,88,0,0,8.035,87.143
2026-07-19 23:24:03,82,90,0,0,8.033,87.173
2026-07-19 23:26:17,88,91,0,0,8.03,87.156
2026-07-19 23:29:03,87,93,0,0,8.019,87.183
2026-07-19 23:29:19,92,95,0,0,8.006,87.179
2026-07-19 23:30:14,94,96,0,0,8.019,87.181
2026-07-19 23:32:20,90,93,0,0,7.99,87.236
2026-07-19 23:33:44,89,93,0,0,7.998,87.212
2026-07-19 23:34:02,95,99,0,0,7.979,87.242
2026-07-19 23:34:36,93,95,0,0,7.974,87.257
2026-07-19 23:35:39,97,99,0,0,7.985,87.265
2026-07-19 23:37:00,94,100,0,0,7.953,87.305
2026-07-19 23:39:03,90,93,0,0,7.953,87.366
2026-07-19 23:41:10,93,95,0,0,7.95,87.389
2026-07-19 23:44:03,94,98,0,0,7.918,87.418
2026-07-19 23:46:59,70,83,0,0,7.953,87.479
2026-07-19 23:47:12,70,83,0,0,7.942,87.486
2026-07-19 23:47:41,77,88,0,0,7.921,87.462
2026-07-19 23:49:03,78,87,0,0,7.921,87.454
2026-07-19 23:54:03,67,81,0,0,7.891,87.458
2026-07-19 23:55:06,66,80,0,0,7.867,87.484
2026-07-19 23:55:15,65,80,0,0,7.899,87.517
2026-07-19 23:55:44,61,74,0,0,7.891,87.538
2026-07-19 23:56:20,61,74,0,0,7.889,87.515
2026-07-19 23:57:14,67,80,0,0,7.878,87.542
2026-07-19 23:57:25,67,80,0,0,7.867,87.528
2026-07-19 23:58:54,65,80,0,0,7.864,87.557
2026-07-19 23:59:02,63,80,0,0,7.854,87.528
2026-07-20 00:00:20,67,80,0,0,7.878,87.534
2026-07-20 00:01:01,67,82,0,0,7.862,87.547
2026-07-20 00:04:03,67,81,0,0,7.867,87.526
2026-07-20 00:04:22,66,81,0,0,7.881,87.536
2026-07-20 00:05:09,66,79,0,0,7.859,87.534
2026-07-20 00:08:26,64,77,0,0,7.87,87.544
2026-07-20 00:09:03,62,78,0,0,7.856,87.589
2026-07-20 00:10:32,64,80,0,0,7.878,87.597
2026-07-20 00:10:56,63,79,0,0,7.867,87.601
2026-07-20 00:14:03,64,78,0,0,7.886,87.631
2026-07-20 00:18:04,62,77,0,0,7.881,87.597
2026-07-20 00:18:38,63,76,0,0,7.883,87.587
2026-07-20 00:18:49,65,80,0,0,7.897,87.603
2026-07-20 00:19:02,63,78,0,0,7.889,87.601
2026-07-20 00:20:05,64,79,0,0,7.897,87.601
2026-07-20 00:23:08,62,76,0,0,7.942,87.509
2026-07-20 00:23:52,62,76,0,0,7.937,87.496
2026-07-20 00:24:03,62,78,0,0,7.905,87.484
2026-07-20 00:24:53,66,80,0,0,7.915,87.446
2026-07-20 00:26:25,67,80,0,0,7.931,87.418
2026-07-20 00:27:25,67,80,0,0,7.923,87.372
2026-07-20 00:28:55,67,81,0,0,7.918,87.368
2026-07-20 00:29:03,66,80,0,0,7.939,87.357
2026-07-20 00:30:23,63,77,0,0,7.91,87.364
2026-07-20 00:31:33,63,78,0,0,7.934,87.351
2026-07-20 00:32:00,63,78,0,0,7.921,87.339
2026-07-20 00:32:47,62,77,0,0,7.889,87.341
2026-07-20 00:33:59,61,75,0,0,7.921,87.353
2026-07-20 00:34:03,61,74,0,0,7.889,87.353
2026-07-20 00:34:07,61,76,0,0,7.899,87.362
2026-07-20 00:36:32,61,74,0,0,7.897,87.381
2026-07-20 00:36:39,60,74,0,0,7.886,87.41
2026-07-20 00:37:50,60,75,0,0,7.894,87.416
2026-07-20 00:39:03,62,76,0,0,7.867,87.431
2026-07-20 00:39:59,62,77,0,0,7.881,87.458
2026-07-20 00:44:03,59,75,0,0,7.867,87.471
2026-07-20 00:44:05,59,75,0,0,7.867,87.471
2026-07-20 00:44:35,60,74,0,0,7.859,87.488
2026-07-20 00:44:39,61,75,0,0,7.859,87.505
2026-07-20 00:46:26,60,73,0,0,7.867,87.505
2026-07-20 00:47:56,60,75,0,0,7.862,87.528
2026-07-20 00:48:37,56,68,0,0,7.856,87.547
2026-07-20 00:48:49,56,67,0,0,7.843,87.532
2026-07-20 00:49:02,55,67,0,0,7.846,87.544
2026-07-20 00:50:50,55,65,0,0,7.848,87.538
2026-07-20 00:54:03,57,69,0,0,7.846,87.603
2026-07-20 00:55:00,56,67,0,0,7.84,87.603
2026-07-20 00:55:48,56,68,0,0,7.832,87.605
2026-07-20 00:57:52,53,65,0,0,7.84,87.595
2026-07-20 00:59:03,55,66,0,0,7.843,87.608
2026-07-20 00:59:05,55,66,0,0,7.816,87.62
2026-07-20 01:01:23,55,66,0,0,7.819,87.597
2026-07-20 01:02:07,54,65,0,0,7.843,87.652
2026-07-20 01:02:42,54,66,0,0,7.84,87.652
2026-07-20 01:03:21,54,64,0,0,7.83,87.654
2026-07-20 01:03:28,53,63,0,0,7.824,87.647
2026-07-20 01:03:35,51,64,0,0,7.819,87.662
2026-07-20 01:04:05,51,63,0,0,7.814,87.685
2026-07-20 01:04:11,52,62,0,0,7.792,87.668
2026-07-20 01:04:32,51,60,0,0,7.816,87.688
2026-07-20 01:04:48,51,59,0,0,7.83,87.679
2026-07-20 01:05:08,50,60,0,0,7.822,87.673
2026-07-20 01:05:45,51,61,0,0,7.824,87.694
2026-07-20 01:06:46,52,60,0,0,7.803,87.715
2026-07-20 01:06:55,50,60,0,0,7.819,87.69
2026-07-20 01:08:27,57,72,0,0,7.803,87.738
2026-07-20 01:08:42,56,70,0,0,7.806,87.746
2026-07-20 01:09:05,58,73,0,0,7.792,87.757
2026-07-20 01:09:30,60,74,0,0,7.816,87.771
2026-07-20 01:09:42,59,74,0,0,7.808,87.797
2026-07-20 01:10:45,62,75,0,0,7.816,87.809
2026-07-20 01:11:03,59,72,0,0,7.803,87.803
2026-07-20 01:12:13,55,67,0,0,7.824,87.816
2026-07-20 01:13:49,55,66,0,0,7.806,87.856
2026-07-20 01:13:58,54,64,0,0,7.803,87.856
2026-07-20 01:14:05,54,66,0,0,7.822,87.839
2026-07-20 01:14:49,54,65,0,0,7.822,87.889
2026-07-20 01:14:56,54,65,0,0,7.814,87.887
2026-07-20 01:15:23,55,68,0,0,7.819,87.917
2026-07-20 01:15:37,55,66,0,0,7.816,87.915
2026-07-20 01:17:26,55,67,0,0,7.798,87.963
2026-07-20 01:17:40,54,67,0,0,7.814,87.961
2026-07-20 01:19:05,52,65,0,0,7.814,87.996
2026-07-20 01:19:38,53,64,0,0,7.806,87.999
2026-07-20 01:21:13,54,65,0,0,7.803,88.038
2026-07-20 01:21:37,53,64,0,0,7.814,88.047
2026-07-20 01:22:18,55,67,0,0,7.814,88.081
2026-07-20 01:24:05,55,66,0,0,7.816,88.142
2026-07-20 01:24:08,56,66,0,0,7.819,88.139
2026-07-20 01:25:45,53,63,0,0,7.83,88.184
2026-07-20 01:26:44,54,63,0,0,7.83,88.221
2026-07-20 01:26:57,50,60,0,0,7.808,88.221
2026-07-20 01:27:03,51,59,0,0,7.806,88.259
2026-07-20 01:27:09,51,59,0,0,7.832,88.27
2026-07-20 01:28:29,53,64,0,0,7.83,88.27
2026-07-20 01:28:59,52,63,0,0,7.814,88.301
2026-07-20 01:29:05,54,65,0,0,7.814,88.31
2026-07-20 01:29:16,56,68,0,0,7.806,88.314
2026-07-20 01:29:35,58,74,0,0,7.798,88.329
2026-07-20 01:33:33,58,69,0,0,7.814,88.392
2026-07-20 01:34:05,57,69,0,0,7.827,88.402
2026-07-20 01:39:05,51,60,0,0,7.846,88.472
2026-07-20 01:44:05,48,56,0,0,7.838,88.554
2026-07-20 01:45:21,49,59,0,0,7.848,88.612
2026-07-20 01:46:00,50,59,0,0,7.835,88.642
2026-07-20 01:49:05,52,61,0,0,7.864,88.518
2026-07-20 01:49:12,51,60,0,0,7.856,88.52
2026-07-20 01:52:01,46,55,0,0,7.832,88.568
2026-07-20 01:54:05,48,59,0,0,7.816,88.648
2026-07-20 01:59:05,54,64,0,0,7.808,88.821
2026-07-20 02:02:45,55,66,0,0,7.798,88.898
2026-07-20 02:04:00,57,68,0,0,7.782,88.932
2026-07-20 02:04:05,57,68,0,0,7.798,88.944
2026-07-20 02:05:04,55,66,0,0,7.816,88.978
2026-07-20 02:09:05,60,74,0,0,7.779,89.058
2026-07-20 02:09:33,61,75,0,0,7.768,89.071
2026-07-20 02:11:32,56,67,0,0,7.792,89.167
2026-07-20 02:14:05,52,63,0,0,7.782,89.245
2026-07-20 02:14:21,53,63,0,0,7.776,89.27
2026-07-20 02:14:29,52,62,0,0,7.768,89.256
2026-07-20 02:14:41,53,64,0,0,7.766,89.264
2026-07-20 02:14:51,52,63,0,0,7.779,89.268
2026-07-20 02:15:07,51,62,0,0,7.782,89.315
2026-07-20 02:15:18,50,59,0,0,7.79,89.321
2026-07-20 02:15:48,49,58,0,0,7.766,89.302
2026-07-20 02:16:26,50,60,0,0,7.768,89.289
2026-07-20 02:16:31,51,59,0,0,7.776,89.344
2026-07-20 02:16:39,51,59,0,0,7.776,89.321
2026-07-20 02:16:47,50,59,0,0,7.768,89.348
2026-07-20 02:17:06,52,60,0,0,7.787,89.352
2026-07-20 02:17:15,51,60,0,0,7.792,89.363
2026-07-20 02:17:33,50,58,0,0,7.782,89.39
2026-07-20 02:17:46,50,59,0,0,7.792,89.405
2026-07-20 02:17:53,50,60,0,0,7.755,89.382
2026-07-20 02:18:31,49,59,0,0,7.798,89.424
2026-07-20 02:18:44,50,59,0,0,7.768,89.394
2026-07-20 02:18:52,50,59,0,0,7.79,89.407
2026-07-20 02:19:02,50,59,0,0,7.787,89.397
2026-07-20 02:19:05,52,62,0,0,7.792,89.432
2026-07-20 02:19:20,52,60,0,0,7.795,89.438
2026-07-20 02:21:34,48,57,0,0,7.792,89.434
2026-07-20 02:22:34,46,55,0,0,7.803,89.46
2026-07-20 02:23:15,44,51,0,0,7.808,89.472
2026-07-20 02:24:01,44,54,0,0,7.803,89.481
2026-07-20 02:24:05,44,54,0,0,7.83,89.489
2026-07-20 02:24:56,47,55,0,0,7.838,89.512
2026-07-20 02:26:59,43,50,0,0,7.843,89.497
2026-07-20 02:29:05,46,54,0,0,7.848,89.518
2026-07-20 02:29:24,44,54,0,0,7.843,89.499
2026-07-20 02:31:31,43,49,0,0,7.883,89.548
2026-07-20 02:32:15,43,49,0,0,7.878,89.533
2026-07-20 02:32:37,43,49,0,0,7.864,89.521
2026-07-20 02:33:27,43,50,0,0,7.889,89.529
2026-07-20 02:33:55,42,47,0,0,7.859,89.512
2026-07-20 02:34:04,39,43,0,0,7.894,89.535
2026-07-20 02:34:05,39,43,0,0,7.881,89.518
2026-07-20 02:35:28,42,46,0,0,7.881,89.493
2026-07-20 02:36:44,39,44,0,0,7.889,89.52
2026-07-20 02:38:00,40,44,0,0,7.891,89.485
2026-07-20 02:39:06,39,44,0,0,7.862,89.497
2026-07-20 02:42:33,38,42,0,0,7.915,89.747
2026-07-20 02:42:49,36,41,0,0,7.931,89.756
2026-07-20 02:43:29,39,43,0,0,7.907,89.76
2026-07-20 02:44:06,36,39,0,0,7.902,89.758
2026-07-20 02:44:14,36,40,0,0,7.905,89.754
2026-07-20 02:49:06,27,27,0,0,7.926,89.869
2026-07-20 02:54:06,31,31,0,0,7.945,89.943
2026-07-20 02:54:12,31,31,0,0,7.955,89.926
2026-07-20 02:55:28,20,21,0,0,7.977,89.951
2026-07-20 02:56:44,28,28,0,0,7.979,89.985
2026-07-20 02:57:03,27,28,0,0,7.982,90.01
2026-07-20 02:58:36,9,9,0,0,7.985,90.12
2026-07-20 02:59:06,8,8,0,0,7.993,90.181
2026-07-20 02:59:21,8,8,0,0,8.019,90.21
2026-07-20 02:59:36,6,6,0,0,7.998,90.25
2026-07-20 03:00:09,4,4,0,0,7.979,90.302
2026-07-20 03:00:19,6,6,0,0,8.009,90.309
2026-07-20 03:01:19,7,7,0,0,8.017,90.386
2026-07-20 03:01:49,7,9,0,0,8.025,90.414
2026-07-20 03:03:30,8,8,0,0,8.043,90.405
2026-07-20 03:04:06,8,10,0,0,8.022,90.386
2026-07-20 03:04:11,8,10,0,0,8.033,90.378
2026-07-20 03:06:54,10,14,0,0,8.091,90.401
2026-07-20 03:09:06,23,23,0,0,8.113,90.33
2026-07-20 03:14:06,7,7,0,0,8.18,90.391
2026-07-20 03:14:09,7,7,0,0,8.156,90.391
2026-07-20 03:14:22,7,7,0,0,8.158,90.42
2026-07-20 03:14:55,10,13,0,0,8.156,90.464
2026-07-20 03:15:03,10,13,0,0,8.182,90.447
2026-07-20 03:15:14,8,8,0,0,8.172,90.448
2026-07-20 03:16:00,8,9,0,0,8.174,90.433
2026-07-20 03:16:46,8,9,0,0,8.204,90.418
2026-07-20 03:17:55,8,8,0,0,8.22,90.376
2026-07-20 03:18:10,9,9,0,0,8.217,90.355
2026-07-20 03:19:06,9,9,0,0,8.236,90.265
2026-07-20 03:19:11,9,9,0,0,8.236,90.277
2026-07-20 03:19:34,7,8,0,0,8.233,90.26
2026-07-20 03:20:03,9,9,0,0,8.252,90.223
2026-07-20 03:20:21,10,13,0,0,8.246,90.183
2026-07-20 03:20:35,10,10,0,0,8.252,90.183
2026-07-20 03:22:02,9,9,0,0,8.273,90.036
2026-07-20 03:22:08,8,8,0,0,8.268,90.023
2026-07-20 03:22:22,9,9,0,0,8.286,90.035
2026-07-20 03:23:05,13,13,0,0,8.297,89.933
2026-07-20 03:23:54,10,10,0,0,8.289,89.874
2026-07-20 03:24:06,10,10,0,0,8.289,89.851
2026-07-20 03:25:14,8,8,0,0,8.305,89.75
2026-07-20 03:26:38,8,8,0,0,8.313,89.647
2026-07-20 03:27:15,10,10,0,0,8.318,89.611
2026-07-20 03:29:06,10,10,0,0,8.35,89.535
2026-07-20 03:29:43,13,13,0,0,8.321,89.512
2026-07-20 03:30:33,8,9,0,0,8.353,89.542
2026-07-20 03:31:52,8,8,0,0,8.356,89.47
2026-07-20 03:32:01,9,9,0,0,8.356,89.48
2026-07-20 03:34:06,7,7,0,0,8.359,89.386
2026-07-20 03:34:58,8,8,0,0,8.375,89.375
2026-07-20 03:39:06,7,8,0,0,8.415,89.348
2026-07-20 03:40:40,8,8,0,0,8.409,89.325
2026-07-20 03:42:10,7,8,0,0,8.42,89.279
2026-07-20 03:44:06,8,8,0,0,8.409,89.302
2026-07-20 03:45:10,5,7,0,0,8.401,89.298
2026-07-20 03:47:11,8,8,0,0,8.407,89.228
2026-07-20 03:49:06,7,7,0,0,8.404,89.233
2026-07-20 03:54:06,5,7,0,0,8.412,89.335
2026-07-20 03:57:11,5,5,0,0,8.404,89.388
2026-07-20 03:57:40,3,4,0,0,8.393,89.407
2026-07-20 03:58:12,4,4,0,0,8.385,89.405
2026-07-20 03:59:06,7,7,0,0,8.388,89.43
2026-07-20 04:04:06,8,8,0,0,8.383,89.447
2026-07-20 04:04:40,5,5,0,0,8.385,89.472
2026-07-20 04:06:52,6,7,0,0,8.396,89.491
2026-07-20 04:07:51,7,8,0,0,8.372,89.474
2026-07-20 04:09:06,8,8,0,0,8.383,89.489
2026-07-20 04:09:10,8,8,0,0,8.375,89.478
2026-07-20 04:14:06,8,9,0,0,8.353,89.499
2026-07-20 04:14:45,7,7,0,0,8.361,89.485
2026-07-20 04:16:28,8,9,0,0,8.345,89.489
2026-07-20 04:19:06,13,14,0,0,8.321,89.506
2026-07-20 04:24:06,8,8,0,0,8.313,89.708
2026-07-20 04:24:33,7,7,0,0,8.324,89.726
2026-07-20 04:29:06,4,5,0,0,8.326,89.869
2026-07-20 04:29:13,4,4,0,0,8.321,89.909
2026-07-20 04:32:36,5,9,0,0,8.361,89.975
2026-07-20 04:32:39,5,8,0,0,8.34,89.962
2026-07-20 04:32:57,5,8,0,0,8.318,89.968
2026-07-20 04:33:13,4,7,0,0,8.326,90.019
2026-07-20 04:33:20,7,7,0,0,8.316,89.975
2026-07-20 04:34:04,4,6,0,0,8.345,90.023
2026-07-20 04:34:07,4,4,0,0,8.31,90.01
2026-07-20 04:34:34,4,4,0,0,8.31,89.996
2026-07-20 04:34:48,4,4,0,0,8.34,90.025
2026-07-20 04:35:22,4,4,0,0,8.31,90.029
2026-07-20 04:35:28,4,4,0,0,8.337,90.006
2026-07-20 04:35:35,4,4,0,0,8.332,90.061
2026-07-20 04:36:07,5,5,0,0,8.353,90.073
2026-07-20 04:39:07,2,2,0,0,8.38,90.084
2026-07-20 04:43:17,2,2,0,0,8.38,90.046
2026-07-20 04:43:29,2,2,0,0,8.38,90.08
2026-07-20 04:44:01,3,4,0,0,8.359,90.073
2026-07-20 04:44:07,2,3,0,0,8.38,90.103
2026-07-20 04:48:27,2,2,0,0,8.409,90.187
2026-07-20 04:48:31,2,2,0,0,8.388,90.185
2026-07-20 04:48:39,1,1,0,0,8.407,90.183
2026-07-20 04:49:00,1,2,0,0,8.391,90.201
2026-07-20 04:49:06,1,2,0,0,8.415,90.204
2026-07-20 04:49:20,3,4,0,0,8.393,90.216
2026-07-20 04:49:43,4,4,0,0,8.412,90.21
2026-07-20 04:49:58,7,7,0,0,8.399,90.197
2026-07-20 04:50:30,5,5,0,0,8.415,90.172
2026-07-20 04:50:41,5,5,0,0,8.415,90.181
2026-07-20 04:51:25,5,7,0,0,8.412,90.166
2026-07-20 04:52:48,4,4,0,0,8.404,90.145
2026-07-20 04:53:24,4,4,0,0,8.415,90.164
2026-07-20 04:53:40,4,4,0,0,8.417,90.138
2026-07-20 04:54:07,2,3,0,0,8.428,90.174
2026-07-20 04:54:41,5,5,0,0,8.428,90.138
2026-07-20 04:56:11,5,5,0,0,8.428,90.113
2026-07-20 04:56:50,3,3,0,0,8.441,90.092
2026-07-20 04:57:16,6,6,0,0,8.439,90.128
2026-07-20 04:57:23,4,4,0,0,8.447,90.117
2026-07-20 04:57:45,4,4,0,0,8.449,90.107
2026-07-20 04:58:03,3,3,0,0,8.423,90.092
2026-07-20 04:58:09,3,3,0,0,8.449,90.113
2026-07-20 04:58:29,2,2,0,0,8.444,90.098
2026-07-20 04:58:47,4,4,0,0,8.436,90.086
2026-07-20 04:58:55,5,5,0,0,8.452,90.122
2026-07-20 04:59:02,5,5,0,0,8.441,90.103
2026-07-20 04:59:07,5,5,0,0,8.436,90.107
2026-07-20 04:59:13,6,6,0,0,8.428,90.149
2026-07-20 04:59:25,4,4,0,0,8.444,90.147
2026-07-20 04:59:30,4,4,0,0,8.415,90.128
2026-07-20 04:59:35,3,4,0,0,8.425,90.117
2026-07-20 04:59:49,3,3,0,0,8.425,90.134
2026-07-20 04:59:59,4,4,0,0,8.431,90.141
2026-07-20 05:00:16,4,4,0,0,8.417,90.126
2026-07-20 05:00:24,4,4,0,0,8.425,90.126
2026-07-20 05:00:55,2,2,0,0,8.441,90.151
2026-07-20 05:01:08,3,3,0,0,8.449,90.134
2026-07-20 05:01:40,2,3,0,0,8.465,90.122
2026-07-20 05:02:10,3,4,0,0,8.444,90.115
2026-07-20 05:02:40,4,4,0,0,8.449,90.101
2026-07-20 05:03:32,3,3,0,0,8.455,90.109
2026-07-20 05:04:07,3,3,0,0,8.46,90.122
2026-07-20 05:04:13,3,3,0,0,8.449,90.08
2026-07-20 05:04:53,4,5,0,0,8.457,90.111
2026-07-20 05:06:12,4,4,0,0,8.465,90.006
2026-07-20 05:09:07,3,3,0,0,8.463,89.911
2026-07-20 05:09:35,5,7,0,0,8.468,89.901
2026-07-20 05:09:41,7,7,0,0,8.465,89.901
2026-07-20 05:09:48,8,8,0,0,8.439,89.901
2026-07-20 05:09:55,7,7,0,0,8.465,89.909
2026-07-20 05:10:08,5,5,0,0,8.46,89.914
2026-07-20 05:10:11,6,6,0,0,8.468,89.909
2026-07-20 05:10:18,5,7,0,0,8.471,89.922
2026-07-20 05:10:32,7,8,0,0,8.465,89.905
2026-07-20 05:10:36,7,8,0,0,8.463,89.937
2026-07-20 05:10:42,5,5,0,0,8.449,89.92
2026-07-20 05:11:02,7,8,0,0,8.449,89.888
2026-07-20 05:11:18,7,7,0,0,8.455,89.914
2026-07-20 05:11:25,5,7,0,0,8.449,89.928
2026-07-20 05:11:29,7,7,0,0,8.425,89.901
2026-07-20 05:11:39,5,7,0,0,8.439,89.933
2026-07-20 05:11:45,7,7,0,0,8.439,89.93
2026-07-20 05:11:50,7,7,0,0,8.46,89.939
2026-07-20 05:12:00,5,5,0,0,8.423,89.93
2026-07-20 05:12:23,7,7,0,0,8.444,89.943
2026-07-20 05:12:38,7,7,0,0,8.423,89.945
2026-07-20 05:12:46,8,9,0,0,8.455,89.947
2026-07-20 05:12:50,8,9,0,0,8.431,89.924
2026-07-20 05:12:53,8,8,0,0,8.444,89.939
2026-07-20 05:13:07,7,8,0,0,8.449,89.985
2026-07-20 05:13:13,5,7,0,0,8.444,89.97
2026-07-20 05:13:33,4,5,0,0,8.447,89.951
2026-07-20 05:13:38,5,7,0,0,8.444,89.968
2026-07-20 05:13:42,5,7,0,0,8.452,90
2026-07-20 05:13:46,5,5,0,0,8.463,89.987
2026-07-20 05:13:51,5,5,0,0,8.431,89.981
2026-07-20 05:13:56,4,4,0,0,8.441,89.958
2026-07-20 05:14:07,4,5,0,0,8.436,89.979
2026-07-20 05:14:11,4,6,0,0,8.455,90.01
2026-07-20 05:14:17,4,6,0,0,8.433,89.979
2026-07-20 05:14:46,4,7,0,0,8.428,90.019
2026-07-20 05:14:54,4,6,0,0,8.444,89.979
2026-07-20 05:15:17,5,5,0,0,8.449,89.964
2026-07-20 05:15:26,4,4,0,0,8.444,89.993
2026-07-20 05:16:08,4,4,0,0,8.444,89.998
2026-07-20 05:16:14,4,4,0,0,8.433,89.977
2026-07-20 05:16:19,4,4,0,0,8.444,89.993
2026-07-20 05:16:32,4,4,0,0,8.452,89.993
2026-07-20 05:16:48,4,4,0,0,8.46,90.012
2026-07-20 05:17:28,4,4,0,0,8.436,90.017
2026-07-20 05:17:41,3,3,0,0,8.471,90.021
2026-07-20 05:17:44,3,3,0,0,8.463,90.012
2026-07-20 05:17:49,3,4,0,0,8.46,90.012
2026-07-20 05:17:52,4,5,0,0,8.428,90.025
2026-07-20 05:17:56,4,5,0,0,8.46,90.044
2026-07-20 05:18:14,4,4,0,0,8.441,90.042
2026-07-20 05:18:29,2,2,0,0,8.463,90.04
2026-07-20 05:18:35,2,2,0,0,8.46,90.059
2026-07-20 05:18:42,2,2,0,0,8.444,90.046
2026-07-20 05:19:04,3,3,0,0,8.46,90.046
2026-07-20 05:19:06,3,3,0,0,8.449,90.031
2026-07-20 05:19:09,3,3,0,0,8.46,90.029
2026-07-20 05:19:14,4,4,0,0,8.473,90.019
2026-07-20 05:20:21,4,4,0,0,8.473,89.954
2026-07-20 05:21:44,4,4,0,0,8.441,89.949
2026-07-20 05:22:21,6,7,0,0,8.463,89.964
2026-07-20 05:22:25,4,6,0,0,8.444,89.96
2026-07-20 05:22:59,5,5,0,0,8.46,89.943
2026-07-20 05:23:30,4,4,0,0,8.46,89.911
2026-07-20 05:23:42,5,5,0,0,8.444,89.928
2026-07-20 05:23:50,4,5,0,0,8.463,89.949
2026-07-20 05:24:07,4,5,0,0,8.449,89.935
2026-07-20 05:24:24,4,4,0,0,8.463,89.951
2026-07-20 05:24:29,4,4,0,0,8.447,89.93
2026-07-20 05:25:02,3,3,0,0,8.471,89.956
2026-07-20 05:25:10,3,3,0,0,8.449,89.97
2026-07-20 05:25:46,4,4,0,0,8.444,89.951
2026-07-20 05:26:42,5,7,0,0,8.433,89.979
2026-07-20 05:27:09,4,4,0,0,8.46,89.995
2026-07-20 05:27:13,4,4,0,0,8.441,90.031
2026-07-20 05:27:20,4,4,0,0,8.431,89.993
2026-07-20 05:27:46,5,5,0,0,8.428,90.027
2026-07-20 05:27:49,5,5,0,0,8.423,90.027
2026-07-20 05:27:52,5,5,0,0,8.423,90.05
2026-07-20 05:28:04,4,4,0,0,8.412,90.052
2026-07-20 05:28:34,3,4,0,0,8.444,90.046
2026-07-20 05:28:44,3,4,0,0,8.425,90.05
2026-07-20 05:29:07,5,5,0,0,8.46,90.073
2026-07-20 05:29:10,5,5,0,0,8.423,90.063
2026-07-20 05:29:14,4,4,0,0,8.407,90.078
2026-07-20 05:29:20,4,4,0,0,8.401,90.046
2026-07-20 05:29:35,4,4,0,0,8.425,90.056
2026-07-20 05:29:50,4,4,0,0,8.433,90.069
2026-07-20 05:29:56,4,4,0,0,8.415,90.082
2026-07-20 05:30:31,5,5,0,0,8.455,90.099
2026-07-20 05:30:38,4,4,0,0,8.425,90.071
2026-07-20 05:31:31,5,5,0,0,8.431,90.08
2026-07-20 05:31:52,3,3,0,0,8.439,90.075
2026-07-20 05:32:06,4,4,0,0,8.428,90.128
2026-07-20 05:32:32,3,4,0,0,8.455,90.107
2026-07-20 05:33:11,4,4,0,0,8.425,90.134
2026-07-20 05:33:52,4,4,0,0,8.425,90.122
2026-07-20 05:34:00,4,4,0,0,8.444,90.134
2026-07-20 05:34:07,3,3,0,0,8.428,90.153
2026-07-20 05:34:10,3,3,0,0,8.441,90.157
2026-07-20 05:34:31,5,5,0,0,8.452,90.195
2026-07-20 05:34:45,3,4,0,0,8.444,90.189
2026-07-20 05:35:11,3,4,0,0,8.436,90.18
2026-07-20 05:35:30,4,4,0,0,8.449,90.183
2026-07-20 05:36:00,2,2,0,0,8.449,90.199
2026-07-20 05:36:05,2,2,0,0,8.417,90.151
2026-07-20 05:36:20,2,2,0,0,8.423,90.164
2026-07-20 05:36:32,3,3,0,0,8.452,90.162
2026-07-20 05:36:38,2,3,0,0,8.444,90.189
2026-07-20 05:36:55,3,4,0,0,8.428,90.166
2026-07-20 05:37:21,3,3,0,0,8.444,90.149
2026-07-20 05:37:52,2,2,0,0,8.439,90.149
2026-07-20 05:37:57,3,3,0,0,8.46,90.138
2026-07-20 05:38:04,3,3,0,0,8.436,90.153
2026-07-20 05:38:39,2,2,0,0,8.465,90.143
2026-07-20 05:38:47,2,2,0,0,8.452,90.134
2026-07-20 05:39:07,1,1,0,0,8.449,90.134
2026-07-20 05:39:13,1,1,0,0,8.433,90.155
2026-07-20 05:39:20,1,1,0,0,8.433,90.166
2026-07-20 05:39:25,1,1,0,0,8.444,90.141
2026-07-20 05:39:55,1,2,0,0,8.455,90.151
2026-07-20 05:40:00,2,3,0,0,8.452,90.216
2026-07-20 05:40:12,1,2,0,0,8.423,90.176
2026-07-20 05:40:37,0,1,0,0,8.423,90.193
2026-07-20 05:40:41,0,1,0,0,8.449,90.176
2026-07-20 05:41:16,0,2,0,0,8.457,90.193
2026-07-20 05:41:20,0,2,0,0,8.433,90.174
2026-07-20 05:41:29,0,2,0,0,8.468,90.212
2026-07-20 05:41:55,0,1,0,0,8.471,90.239
2026-07-20 05:42:01,1,2,0,0,8.439,90.201
2026-07-20 05:42:03,1,2,0,0,8.457,90.216
2026-07-20 05:42:12,1,2,0,0,8.428,90.225
2026-07-20 05:42:16,1,2,0,0,8.447,90.244
2026-07-20 05:42:41,1,1,0,0,8.487,90.271
2026-07-20 05:42:54,1,1,0,0,8.46,90.218
2026-07-20 05:43:21,1,1,0,0,8.452,90.225
2026-07-20 05:43:31,1,1,0,0,8.452,90.248
2026-07-20 05:43:34,1,1,0,0,8.449,90.26
2026-07-20 05:43:58,1,1,0,0,8.439,90.262
2026-07-20 05:44:02,1,1,0,0,8.447,90.263
2026-07-20 05:44:07,1,1,0,0,8.439,90.302
2026-07-20 05:45:21,1,1,0,0,8.471,90.283
2026-07-20 05:45:26,1,1,0,0,8.468,90.248
2026-07-20 05:45:39,2,2,0,0,8.468,90.281
2026-07-20 05:46:03,1,1,0,0,8.463,90.275
2026-07-20 05:46:07,1,1,0,0,8.463,90.283
2026-07-20 05:46:43,1,1,0,0,8.476,90.284
2026-07-20 05:46:54,1,1,0,0,8.463,90.244
2026-07-20 05:47:13,1,1,0,0,8.471,90.294
2026-07-20 05:47:23,1,1,0,0,8.449,90.309
2026-07-20 05:47:28,1,2,0,0,8.46,90.307
2026-07-20 05:47:38,1,1,0,0,8.468,90.311
2026-07-20 05:48:02,1,1,0,0,8.439,90.319
2026-07-20 05:48:07,1,1,0,0,8.444,90.296
2026-07-20 05:48:22,1,1,0,0,8.468,90.292
2026-07-20 05:48:43,1,1,0,0,8.468,90.319
2026-07-20 05:48:53,1,1,0,0,8.471,90.323
2026-07-20 05:49:02,1,1,0,0,8.476,90.336
2026-07-20 05:49:07,1,1,0,0,8.457,90.319
2026-07-20 05:49:25,1,1,0,0,8.449,90.317
2026-07-20 05:50:02,1,1,0,0,8.471,90.326
2026-07-20 05:50:14,1,1,0,0,8.481,90.334
2026-07-20 05:50:19,1,1,0,0,8.455,90.323
2026-07-20 05:50:28,2,2,0,0,8.479,90.328
2026-07-20 05:50:57,1,1,0,0,8.471,90.359
2026-07-20 05:51:24,1,1,0,0,8.471,90.368
2026-07-20 05:51:39,2,2,0,0,8.471,90.359
2026-07-20 05:52:04,1,1,0,0,8.452,90.361
2026-07-20 05:52:06,1,1,0,0,8.471,90.344
2026-07-20 05:52:12,1,1,0,0,8.487,90.389
2026-07-20 05:52:37,1,1,0,0,8.473,90.399
2026-07-20 05:52:43,2,2,0,0,8.471,90.347
2026-07-20 05:52:58,2,2,0,0,8.481,90.429
2026-07-20 05:53:02,2,2,0,0,8.473,90.401
2026-07-20 05:53:06,2,2,0,0,8.481,90.403
2026-07-20 05:53:11,2,2,0,0,8.487,90.395
2026-07-20 05:53:21,1,1,0,0,8.479,90.407
2026-07-20 05:53:38,1,1,0,0,8.471,90.424
2026-07-20 05:53:42,1,1,0,0,8.492,90.441
2026-07-20 05:54:06,1,1,0,0,8.5,90.418
2026-07-20 05:54:17,1,1,0,0,8.489,90.433
2026-07-20 05:54:30,1,1,0,0,8.471,90.412
2026-07-20 05:54:51,1,1,0,0,8.489,90.408
2026-07-20 05:55:01,1,1,0,0,8.489,90.424
2026-07-20 05:55:10,1,1,0,0,8.471,90.401
2026-07-20 05:55:29,0,0,0,0,8.492,90.399
2026-07-20 05:55:31,0,0,0,0,8.505,90.41
2026-07-20 05:55:41,0,0,0,0,8.5,90.441
2026-07-20 05:55:46,0,0,0,0,8.473,90.405
2026-07-20 05:56:07,0,0,0,0,8.487,90.431
2026-07-20 05:56:14,0,0,0,0,8.492,90.447
2026-07-20 05:56:20,0,0,0,0,8.516,90.424
2026-07-20 05:56:42,0,0,0,0,8.487,90.433
2026-07-20 05:59:07,0,0,0,0,8.516,90.408
2026-07-20 05:59:37,0,0,0,0,8.527,90.422
2026-07-20 06:01:32,0,0,0,0,8.513,90.414
2026-07-20 06:03:37,0,0,0,0,8.529,90.485
2026-07-20 06:04:07,0,0,0,0,8.535,90.498
2026-07-20 06:06:21,0,0,0,0,8.551,90.489
2026-07-20 06:07:46,0,0,0,0,8.575,90.542
2026-07-20 06:09:07,0,0,0,0,8.553,90.504
2026-07-20 06:14:07,0,0,0,0,8.556,90.509
2026-07-20 06:17:04,0,0,0,0,8.545,90.529
2026-07-20 06:18:17,0,0,0,0,8.551,90.55
2026-07-20 06:18:29,0,0,0,0,8.545,90.529
2026-07-20 06:19:07,0,0,0,0,8.545,90.571
2026-07-20 06:19:35,0,0,0,0,8.545,90.607
2026-07-20 06:23:40,0,0,0,0,8.551,90.633
2026-07-20 06:23:59,0,0,0,0,8.564,90.651
2026-07-20 06:24:07,0,0,0,0,8.543,90.672
2026-07-20 06:26:59,0,0,0,0,8.551,90.571
2026-07-20 06:28:56,0,1,0,0,8.54,90.553
2026-07-20 06:29:07,0,1,0,0,8.551,90.574
2026-07-20 06:34:07,0,0,0,0,8.535,90.485
2026-07-20 06:39:07,1,1,0,0,8.497,90.569
2026-07-20 06:39:24,1,1,0,0,8.487,90.569
2026-07-20 06:44:07,0,0,0,0,8.481,90.612
2026-07-20 06:45:23,0,0,0,0,8.457,90.643
2026-07-20 06:49:07,0,0,0,0,8.457,90.702
2026-07-20 06:51:37,0,0,0,0,8.46,90.689
2026-07-20 06:51:51,0,0,0,0,8.465,90.738
2026-07-20 06:52:15,0,0,0,0,8.449,90.702
2026-07-20 06:53:09,0,0,0,0,8.452,90.689
2026-07-20 06:54:07,0,0,0,0,8.449,90.729
2026-07-20 06:54:21,0,0,0,0,8.449,90.715
2026-07-20 06:56:29,0,0,0,0,8.436,90.721
2026-07-20 06:57:09,0,0,0,0,8.436,90.704
2026-07-20 06:58:02,0,0,0,0,8.436,90.736
2026-07-20 06:58:31,0,0,0,0,8.46,90.735
2026-07-20 06:59:06,0,0,0,0,8.423,90.725
2026-07-20 06:59:07,0,0,0,0,8.449,90.754
2026-07-20 06:59:24,0,0,0,0,8.42,90.746
2026-07-20 06:59:51,0,0,0,0,8.439,90.731
2026-07-20 07:00:01,0,0,0,0,8.433,90.75
2026-07-20 07:01:14,1,1,0,0,8.449,90.721
2026-07-20 07:01:36,1,1,0,0,8.447,90.752
2026-07-20 07:01:50,7,8,0,0,8.433,90.752
2026-07-20 07:01:57,8,9,0,0,8.423,90.757
2026-07-20 07:02:33,5,5,0,0,8.449,90.767
2026-07-20 07:04:08,0,0,0,0,8.433,90.714
2026-07-20 07:06:43,0,0,0,0,8.401,90.7
2026-07-20 07:07:30,0,0,0,0,8.423,90.714
2026-07-20 07:08:22,0,0,0,0,8.42,90.74
2026-07-20 07:09:08,0,0,0,0,8.423,90.763
2026-07-20 07:09:28,0,0,0,0,8.431,90.761
2026-07-20 07:10:20,0,0,0,0,8.452,90.807
2026-07-20 07:10:36,0,0,0,0,8.401,90.801
2026-07-20 07:11:13,0,0,0,0,8.412,90.809
2026-07-20 07:13:03,0,0,0,0,8.431,90.845
2026-07-20 07:13:14,0,0,0,0,8.385,90.845
2026-07-20 07:14:08,0,0,0,0,8.423,90.841
2026-07-20 07:15:53,0,0,0,0,8.412,90.798
2026-07-20 07:19:08,0,0,0,0,8.399,90.767
2026-07-20 07:19:51,0,0,0,0,8.412,90.799
2026-07-20 07:20:41,0,0,0,0,8.391,90.775
2026-07-20 07:21:06,0,0,0,0,8.412,90.763
2026-07-20 07:22:16,0,0,0,0,8.391,90.765
2026-07-20 07:23:17,0,0,0,0,8.396,90.746
2026-07-20 07:23:54,0,0,0,0,8.415,90.798
2026-07-20 07:24:08,0,0,0,0,8.385,90.801
2026-07-20 07:24:59,0,0,0,0,8.412,90.796
2026-07-20 07:25:18,0,0,0,0,8.377,90.784
2026-07-20 07:26:09,0,0,0,0,8.393,90.824
2026-07-20 07:26:38,0,0,0,0,8.388,90.809
2026-07-20 07:26:42,0,0,0,0,8.399,90.839
2026-07-20 07:26:53,0,0,0,0,8.393,90.838
2026-07-20 07:27:17,0,0,0,0,8.404,90.866
2026-07-20 07:27:28,0,0,0,0,8.401,90.866
2026-07-20 07:29:08,0,0,0,0,8.407,90.864
2026-07-20 07:29:15,0,0,0,0,8.396,90.847
2026-07-20 07:30:18,0,0,0,0,8.383,90.853
2026-07-20 07:31:24,0,0,0,0,8.404,90.859
2026-07-20 07:31:32,0,0,0,0,8.404,90.88
2026-07-20 07:32:54,0,0,0,0,8.409,90.859
2026-07-20 07:33:27,0,0,0,0,8.404,90.862
2026-07-20 07:34:04,0,0,0,0,8.412,90.901
2026-07-20 07:34:08,0,0,0,0,8.401,90.908
2026-07-20 07:35:27,0,0,0,0,8.412,90.923
2026-07-20 07:36:28,0,0,0,0,8.42,90.935
2026-07-20 07:36:44,0,0,0,0,8.415,90.908
2026-07-20 07:37:34,0,0,0,0,8.423,90.96
2026-07-20 07:38:05,0,0,0,0,8.412,90.935
2026-07-20 07:39:08,0,0,0,0,8.42,90.933
2026-07-20 07:44:08,0,0,0,0,8.423,90.958
2026-07-20 07:44:25,0,0,0,0,8.415,90.914
2026-07-20 07:47:24,0,0,0,0,8.415,90.921
2026-07-20 07:47:45,0,0,0,0,8.439,90.916
2026-07-20 07:48:40,0,0,0,0,8.433,90.908
2026-07-20 07:48:44,0,0,0,0,8.428,90.952
2026-07-20 07:49:08,0,0,0,0,8.417,90.929
2026-07-20 07:49:27,0,0,0,0,8.412,90.956
2026-07-20 07:50:11,0,0,0,0,8.436,90.967
2026-07-20 07:51:40,0,0,0,0,8.423,90.925
2026-07-20 07:51:47,0,0,0,0,8.423,90.937
2026-07-20 07:52:47,0,0,0,0,8.441,90.95
2026-07-20 07:52:53,0,0,0,0,8.436,90.971
2026-07-20 07:53:26,0,0,0,0,8.441,90.958
2026-07-20 07:54:08,0,0,0,0,8.425,90.988
2026-07-20 07:54:17,0,0,0,0,8.425,90.975
2026-07-20 07:55:29,0,0,0,0,8.428,90.983
2026-07-20 07:56:30,0,0,0,0,8.444,91.002
2026-07-20 07:59:08,0,1,0,0,8.449,90.979
2026-07-20 08:04:08,1,1,0,0,8.471,91.011
2026-07-20 08:05:29,0,0,0,0,8.487,90.975
2026-07-20 08:07:32,0,0,0,0,8.487,90.902
2026-07-20 08:08:12,0,0,0,0,8.497,90.893
2026-07-20 08:08:23,0,0,0,0,8.495,90.885
2026-07-20 08:08:52,0,0,0,0,8.497,90.881
2026-07-20 08:09:08,0,0,0,0,8.484,90.906
2026-07-20 08:09:30,0,0,0,0,8.489,90.87
2026-07-20 08:09:40,0,0,0,0,8.481,90.874
2026-07-20 08:10:54,0,0,0,0,8.497,90.843
2026-07-20 08:11:30,0,0,0,0,8.497,90.849
2026-07-20 08:11:59,0,0,0,0,8.503,90.843
2026-07-20 08:14:08,1,1,0,0,8.473,90.801
2026-07-20 08:14:42,0,0,0,0,8.479,90.818
2026-07-20 08:15:06,0,0,0,0,8.487,90.799
2026-07-20 08:17:05,0,0,0,0,8.489,90.818
2026-07-20 08:17:42,0,1,0,0,8.471,90.813
2026-07-20 08:18:18,0,0,0,0,8.465,90.771
2026-07-20 08:18:34,0,0,0,0,8.508,90.803
2026-07-20 08:19:08,8,8,0,0,8.476,90.786
2026-07-20 08:19:33,9,9,0,0,8.5,90.784
2026-07-20 08:19:38,14,14,0,0,8.489,90.756
2026-07-20 08:19:48,27,27,0,0,8.497,90.788
2026-07-20 08:19:59,28,29,0,0,8.492,90.815
2026-07-20 08:20:53,17,19,0,0,8.5,90.796
2026-07-20 08:21:11,20,21,0,0,8.503,90.811
2026-07-20 08:21:44,20,21,0,0,8.497,90.803
2026-07-20 08:22:02,17,18,0,0,8.513,90.817
2026-07-20 08:22:59,7,8,0,0,8.5,90.838
2026-07-20 08:23:28,9,9,0,0,8.503,90.845
2026-07-20 08:24:08,8,9,0,0,8.524,90.885
2026-07-20 08:24:23,2,2,0,0,8.527,90.885
2026-07-20 08:25:02,3,4,0,0,8.513,90.887
2026-07-20 08:25:10,3,3,0,0,8.524,90.883
2026-07-20 08:26:03,1,1,0,0,8.54,90.853
2026-07-20 08:26:41,1,1,0,0,8.524,90.845
2026-07-20 08:27:00,1,1,0,0,8.535,90.822
2026-07-20 08:27:19,5,5,0,0,8.535,90.847
2026-07-20 08:28:00,9,9,0,0,8.556,90.817
2026-07-20 08:28:58,13,14,0,0,8.551,90.853
2026-07-20 08:29:05,14,14,0,0,8.564,90.83
2026-07-20 08:29:08,14,14,0,0,8.564,90.832
2026-07-20 08:31:02,5,5,0,0,8.572,90.866
2026-07-20 08:33:02,3,3,0,0,8.593,90.817
2026-07-20 08:33:06,2,2,0,0,8.604,90.79
2026-07-20 08:33:45,1,1,0,0,8.593,90.799
2026-07-20 08:34:05,0,0,0,0,8.604,90.782
2026-07-20 08:34:08,0,0,0,0,8.612,90.811
2026-07-20 08:34:55,0,0,0,0,8.62,90.786
2026-07-20 08:37:11,0,0,0,0,8.652,90.849
2026-07-20 08:38:46,0,0,0,0,8.663,90.845
2026-07-20 08:39:08,0,0,0,0,8.674,90.883
2026-07-20 08:39:12,0,0,0,0,8.668,90.878
2026-07-20 08:43:08,0,0,0,0,8.754,90.811
2026-07-20 08:43:46,0,0,0,0,8.751,90.836
2026-07-20 08:44:08,0,0,0,0,8.74,90.839
2026-07-20 08:45:23,0,0,0,0,8.743,90.778
2026-07-20 08:46:06,0,0,0,0,8.778,90.778
2026-07-20 08:47:14,0,0,0,0,8.78,90.752
2026-07-20 08:47:23,0,0,0,0,8.783,90.715
2026-07-20 08:47:51,1,1,0,0,8.791,90.735
2026-07-20 08:48:21,1,1,0,0,8.794,90.67
2026-07-20 08:48:29,1,1,0,0,8.786,90.712
2026-07-20 08:49:08,0,0,0,0,8.796,90.677
2026-07-20 08:53:05,0,0,0,0,8.839,90.582
2026-07-20 08:53:49,1,1,0,0,8.861,90.628
2026-07-20 08:54:09,1,1,0,0,8.869,90.651
2026-07-20 08:54:14,1,1,0,0,8.853,90.612
2026-07-20 08:54:28,1,1,0,0,8.839,90.664
2026-07-20 08:55:53,1,1,0,0,8.845,90.632
2026-07-20 08:57:14,2,2,0,0,8.887,90.561
2026-07-20 08:58:36,0,0,0,0,8.941,90.441
2026-07-20 08:59:08,0,0,0,0,8.917,90.397
2026-07-20 08:59:28,0,0,0,0,8.941,90.363
2026-07-20 09:00:32,0,0,0,0,8.938,90.223
2026-07-20 09:01:21,0,0,0,0,8.914,90.174
2026-07-20 09:04:08,0,0,0,0,8.933,89.964
2026-07-20 09:05:20,0,0,0,0,8.922,89.92
2026-07-20 09:08:42,0,0,0,0,8.866,89.624
2026-07-20 09:09:01,0,0,0,0,8.855,89.623
2026-07-20 09:09:08,0,0,0,0,8.861,89.623
2026-07-20 09:09:21,0,0,0,0,8.861,89.621
2026-07-20 09:10:40,0,0,0,0,8.858,89.567
2026-07-20 09:11:17,0,0,0,0,8.842,89.506
2026-07-20 09:12:05,0,0,0,0,8.855,89.441
2026-07-20 09:12:41,0,0,0,0,8.831,89.468
2026-07-20 09:13:20,0,0,0,0,8.826,89.42
2026-07-20 09:13:30,0,0,0,0,8.804,89.439
2026-07-20 09:14:08,0,0,0,0,8.78,89.38
2026-07-20 09:16:00,1,1,0,0,8.772,89.327
2026-07-20 09:16:32,0,0,0,0,8.764,89.348
2026-07-20 09:18:01,0,0,0,0,8.767,89.308
2026-07-20 09:18:15,0,0,0,0,8.756,89.285
2026-07-20 09:19:09,0,0,0,0,8.754,89.312
2026-07-20 09:19:15,0,0,0,0,8.754,89.308
2026-07-20 09:21:30,0,0,0,0,8.73,89.277
2026-07-20 09:23:37,0,0,0,0,8.743,89.27
2026-07-20 09:24:08,0,0,0,0,8.74,89.27
2026-07-20 09:24:39,0,0,0,0,8.727,89.266
2026-07-20 09:25:19,0,0,0,0,8.722,89.224
2026-07-20 09:26:39,0,0,0,0,8.727,89.155
2026-07-20 09:28:06,0,0,0,0,8.706,89.129
2026-07-20 09:28:46,0,0,0,0,8.706,89.138
2026-07-20 09:29:08,0,0,0,0,8.708,89.13
2026-07-20 09:30:28,0,0,0,0,8.7,89.079
2026-07-20 09:31:06,0,0,0,0,8.692,89.047
2026-07-20 09:32:07,0,0,0,0,8.682,89.029
2026-07-20 09:32:46,0,0,0,0,8.69,89.016
2026-07-20 09:33:05,0,0,0,0,8.676,89.01
2026-07-20 09:33:28,0,0,0,0,8.674,89.027
2026-07-20 09:34:08,0,0,0,0,8.658,89.014
2026-07-20 09:34:46,0,0,0,0,8.655,88.965
2026-07-20 09:35:30,0,0,0,0,8.642,88.934
2026-07-20 09:36:07,0,0,0,0,8.631,88.932
2026-07-20 09:36:46,0,0,0,0,8.65,88.945
2026-07-20 09:38:11,0,0,0,0,8.607,88.947
2026-07-20 09:38:33,0,0,0,0,8.636,88.951
2026-07-20 09:39:09,0,0,0,0,8.61,88.961
2026-07-20 09:39:11,0,0,0,0,8.61,88.961
2026-07-20 09:39:34,0,0,0,0,8.607,88.965
2026-07-20 09:40:52,0,0,0,0,8.61,88.978
2026-07-20 09:41:37,0,0,0,0,8.575,88.949
2026-07-20 09:42:45,0,0,0,0,8.564,88.94
2026-07-20 09:44:09,0,0,0,0,8.575,88.97
2026-07-20 09:44:57,0,0,0,0,8.564,88.97
2026-07-20 09:46:56,0,0,0,0,8.519,88.987
2026-07-20 09:47:34,0,0,0,0,8.527,88.991
2026-07-20 09:47:40,0,0,0,0,8.516,89.016
2026-07-20 09:49:09,0,0,0,0,8.519,89.016
2026-07-20 09:50:11,0,0,0,0,8.503,89.048
2026-07-20 09:50:26,0,0,0,0,8.473,89.02
2026-07-20 09:50:55,0,0,0,0,8.487,89.075
2026-07-20 09:51:36,0,0,0,0,8.471,89.056
2026-07-20 09:53:34,0,0,0,0,8.449,88.989
2026-07-20 09:53:53,0,0,0,0,8.473,89.01
2026-07-20 09:54:09,0,0,0,0,8.449,89.016
2026-07-20 09:54:20,0,0,0,0,8.465,88.999
2026-07-20 09:56:09,0,0,0,0,8.431,88.945
2026-07-20 09:59:09,0,0,0,0,8.364,88.728
2026-07-20 09:59:36,0,0,0,0,8.369,88.684
2026-07-20 10:00:15,0,0,0,0,8.364,88.623
2026-07-20 10:01:53,0,0,0,0,8.348,88.451
2026-07-20 10:04:09,0,0,0,0,8.308,88.192
2026-07-20 10:09:09,26,28,0,0,8.246,87.988
2026-07-20 10:12:11,0,0,0,0,8.193,87.87
2026-07-20 10:12:26,0,0,0,0,8.185,87.881
2026-07-20 10:14:09,0,0,0,0,8.156,87.845
2026-07-20 10:15:46,7,8,0,0,8.126,87.845
2026-07-20 10:16:23,22,22,0,0,8.148,87.851
2026-07-20 10:19:09,1,2,0,0,8.134,87.79
2026-07-20 10:19:46,2,2,0,0,8.121,87.78
2026-07-20 10:21:52,0,0,0,0,8.097,87.826
2026-07-20 10:23:05,0,0,0,0,8.097,87.904
2026-07-20 10:23:51,9,9,0,0,8.089,87.898
2026-07-20 10:24:09,7,7,0,0,8.091,87.9
2026-07-20 10:25:52,7,8,0,0,8.083,87.957
2026-07-20 10:26:27,6,6,0,0,8.083,87.996
2026-07-20 10:26:39,4,4,0,0,8.078,87.992
2026-07-20 10:27:46,1,2,0,0,8.075,88.045
2026-07-20 10:29:09,1,1,0,0,8.07,88.07
2026-07-20 10:29:13,1,1,0,0,8.051,88.097
2026-07-20 10:30:15,0,0,0,0,8.049,88.079
2026-07-20 10:31:14,2,3,0,0,8.065,88.043
2026-07-20 10:31:24,2,3,0,0,8.062,88.02
2026-07-20 10:34:09,2,2,0,0,8.03,87.904
2026-07-20 10:34:43,1,1,0,0,8.019,87.919
2026-07-20 10:35:18,0,0,0,0,8.027,87.956
2026-07-20 10:36:33,0,0,0,0,8.009,87.975
2026-07-20 10:37:08,1,1,0,0,7.995,87.992
2026-07-20 10:37:19,1,1,0,0,8.001,88.02
2026-07-20 10:37:30,1,1,0,0,7.971,88.028
2026-07-20 10:37:55,1,1,0,0,7.969,88.038
2026-07-20 10:38:42,0,0,0,0,7.953,88.074
2026-07-20 10:39:09,1,1,0,0,7.979,88.064
2026-07-20 10:41:31,0,0,0,0,7.947,88.238
2026-07-20 10:43:25,1,1,0,0,7.955,88.327
2026-07-20 10:43:59,6,6,0,0,7.953,88.368
2026-07-20 10:44:04,7,7,0,0,7.942,88.377
2026-07-20 10:44:08,7,7,0,0,7.945,88.375
2026-07-20 10:45:13,15,16,0,0,7.945,88.467
2026-07-20 10:45:23,14,17,0,0,7.926,88.45
2026-07-20 10:46:13,8,8,0,0,7.982,88.524
2026-07-20 10:47:20,4,4,0,0,7.963,88.621
2026-07-20 10:48:06,3,3,0,0,7.969,88.694
2026-07-20 10:48:48,7,8,0,0,7.979,88.745
2026-07-20 10:49:09,8,8,0,0,7.974,88.759
2026-07-20 10:51:40,9,10,0,0,8.011,88.987
2026-07-20 10:52:52,14,19,0,0,7.998,89.075
2026-07-20 10:53:29,13,15,0,0,8.035,89.117
2026-07-20 10:53:51,14,14,0,0,8.027,89.188
2026-07-20 10:54:09,10,10,0,0,8.019,89.193
2026-07-20 10:56:43,53,64,0,0,8.054,89.329
2026-07-20 10:59:09,6,7,0,0,8.065,89.485
2026-07-20 10:59:12,6,7,0,0,8.081,89.489
2026-07-20 11:00:09,6,6,0,0,8.11,89.527
2026-07-20 11:02:16,1,1,0,0,8.129,89.708
2026-07-20 11:03:46,0,0,0,0,8.177,89.827
2026-07-20 11:04:08,0,0,0,0,8.193,89.844
2026-07-20 11:04:23,0,0,0,0,8.196,89.823
2026-07-20 11:04:57,0,0,0,0,8.206,89.882
2026-07-20 11:06:17,0,0,0,0,8.236,89.901
2026-07-20 11:09:09,3,3,0,0,8.308,89.935
2026-07-20 11:13:03,7,7,0,0,8.449,90.107
2026-07-20 11:14:09,6,6,0,0,8.471,90.136
2026-07-20 11:15:02,2,2,0,0,8.529,90.13
2026-07-20 11:15:35,2,3,0,0,8.524,90.147
2026-07-20 11:16:16,5,5,0,0,8.572,90.17
2026-07-20 11:16:21,5,5,0,0,8.545,90.174
2026-07-20 11:19:09,16,16,0,0,8.663,90.141
2026-07-20 11:20:02,21,22,0,0,8.695,90.115
2026-07-20 11:23:44,5,7,0,0,8.812,89.811
2026-07-20 11:24:09,5,5,0,0,8.831,89.796
2026-07-20 11:24:36,7,7,0,0,8.818,89.703
2026-07-20 11:25:36,5,7,0,0,8.869,89.575
2026-07-20 11:25:45,5,5,0,0,8.869,89.56
2026-07-20 11:26:57,0,0,0,0,8.863,89.35
2026-07-20 11:27:19,0,0,0,0,8.869,89.3
2026-07-20 11:27:49,0,0,0,0,8.866,89.237
2026-07-20 11:29:09,0,0,0,0,8.879,89.09
2026-07-20 11:29:12,0,0,0,0,8.882,89.094
2026-07-20 11:30:28,0,0,0,0,8.874,89.001
2026-07-20 11:33:05,0,0,0,0,8.845,88.86
2026-07-20 11:34:09,0,0,0,0,8.834,88.808
2026-07-20 11:34:44,1,1,0,0,8.831,88.823
2026-07-20 11:35:07,2,2,0,0,8.842,88.772
2026-07-20 11:36:32,2,2,0,0,8.812,88.789
2026-07-20 11:39:09,20,21,0,0,8.823,88.795
2026-07-20 11:40:05,30,30,0,0,8.796,88.757
2026-07-20 11:40:36,29,30,0,0,8.783,88.762
2026-07-20 11:41:56,1,1,0,0,8.81,88.778
2026-07-20 11:42:43,0,0,0,0,8.794,88.825
2026-07-20 11:44:09,0,0,0,0,8.794,88.833
2026-07-20 11:44:44,0,0,0,0,8.802,88.846
2026-07-20 11:44:50,0,0,0,0,8.81,88.888
2026-07-20 11:45:13,0,0,0,0,8.791,88.841
2026-07-20 11:45:59,0,0,0,0,8.807,88.862
2026-07-20 11:47:08,0,0,0,0,8.812,88.883
2026-07-20 11:48:09,3,4,0,0,8.828,88.892
2026-07-20 11:49:09,2,3,0,0,8.839,88.949
2026-07-20 11:49:16,3,3,0,0,8.831,88.957
2026-07-20 11:50:33,9,9,0,0,8.855,88.987
2026-07-20 11:50:40,8,8,0,0,8.858,88.98
2026-07-20 11:51:59,5,5,0,0,8.893,89.014
2026-07-20 11:52:48,5,7,0,0,8.877,88.951
2026-07-20 11:54:09,7,7,0,0,8.919,88.942
2026-07-20 11:54:38,3,3,0,0,8.925,88.896
2026-07-20 11:55:27,3,3,0,0,8.933,88.856
2026-07-20 11:55:58,2,2,0,0,8.943,88.89
2026-07-20 11:56:10,1,1,0,0,8.943,88.896
2026-07-20 11:56:59,3,3,0,0,8.962,88.968
2026-07-20 11:59:09,1,1,0,0,9.013,89.071
2026-07-20 12:00:00,1,1,0,0,9.047,89.113
2026-07-20 12:03:35,34,34,0,0,9.197,89.285
2026-07-20 12:04:09,30,33,0,0,9.229,89.235
2026-07-20 12:06:16,16,21,0,0,9.331,89.167
2026-07-20 12:08:07,8,8,0,0,9.429,88.86
2026-07-20 12:09:09,4,4,0,0,9.464,88.68
2026-07-20 12:12:10,3,3,0,0,9.59,88.215
2026-07-20 12:12:21,3,3,0,0,9.579,88.2
2026-07-20 12:12:46,5,5,0,0,9.616,88.16
2026-07-20 12:14:07,1,2,0,0,9.654,88.118
2026-07-20 12:14:10,1,2,0,0,9.667,88.146
2026-07-20 12:17:36,9,10,0,0,9.846,88.205
2026-07-20 12:19:10,1,1,0,0,9.961,88.066
2026-07-20 12:22:08,4,4,0,0,10.089,87.593
2026-07-20 12:24:10,1,1,0,0,10.169,87.414
2026-07-20 12:28:56,0,0,0,0,10.319,86.895
2026-07-20 12:29:10,0,0,0,0,10.327,86.884
2026-07-20 12:30:54,0,0,0,0,10.361,86.33
2026-07-20 12:31:39,0,0,0,0,10.393,86.113
2026-07-20 12:32:20,0,0,0,0,10.399,85.903
2026-07-20 12:33:36,1,1,0,0,10.439,85.567
2026-07-20 12:34:10,1,2,0,0,10.42,85.581
2026-07-20 12:35:52,2,2,0,0,10.431,85.754
2026-07-20 12:40:25,4,4,0,0,10.513,85.718
2026-07-20 12:45:25,4,4,0,0,10.575,85.106
2026-07-20 12:50:25,5,6,0,0,10.607,84.776
2026-07-20 12:55:25,9,9,0,0,10.684,85.114
2026-07-20 13:00:25,0,0,0,0,10.805,83.351
2026-07-20 13:05:25,0,0,0,0,11.149,83.899
2026-07-20 13:10:25,0,0,0,0,11.702,81.387
2026-07-20 13:15:25,0,0,0,0,12.23,78.96
2026-07-20 13:20:25,0,0,0,0,12.714,77.865
2026-07-20 13:25:25,0,0,0,0,13.235,75.68
2026-07-20 13:30:26,0,0,0,0,13.435,73.971
2026-07-20 13:35:27,0,0,0,0,13.646,73.793
2026-07-20 13:40:26,1,2,0,0,13.902,72.592
2026-07-20 13:45:26,0,0,0,0,14.006,71.474
2026-07-20 13:50:28,1,1,0,0,13.956,72.199
2026-07-20 13:55:26,3,3,0,0,14.281,71.224
2026-07-20 14:00:25,1,1,0,0,14.511,70.831
2026-07-20 14:05:26,0,0,0,0,14.599,70.736
2026-07-20 14:10:26,1,1,0,0,14.463,70.305
2026-07-20 14:15:26,2,4,0,0,14.169,70.432
2026-07-20 14:20:25,2,2,0,0,13.929,71.39
2026-07-20 14:25:26,3,3,0,0,13.755,71.205
2026-07-20 14:30:26,1,1,0,0,13.55,71.327
2026-07-20 14:35:26,0,1,0,0,13.259,71.911
2026-07-20 14:40:26,0,0,0,0,12.927,72.412
2026-07-20 14:45:27,5,5,0,0,12.519,75.039
2026-07-20 14:50:26,3,3,0,0,12.468,78.096
2026-07-20 14:55:26,0,0,0,0,13.21,75.916
2026-07-20 15:00:25,5,5,0,0,13.841,74.556
2026-07-20 15:05:26,5,5,0,0,14.097,76.038
2026-07-20 15:10:26,26,26,0,0,14.297,75.781
2026-07-20 15:15:25,31,33,0,0,14.407,75.8
2026-07-20 15:20:26,24,24,0,0,14.383,75.456
2026-07-20 15:25:26,25,26,0,0,14.404,75.769
2026-07-20 15:30:25,13,15,0,0,14.361,74.812
2026-07-20 15:35:26,12,13,0,0,14.297,74.264
2026-07-20 15:40:37,4,4,0,0,14.353,72.946
2026-07-20 15:45:30,9,11,0,0,14.444,72.876
2026-07-20 15:50:26,11,12,0,0,14.484,72.3
2026-07-20 15:55:26,2,2,0,0,14.495,71.153
2026-07-20 16:00:26,7,7,0,0,14.343,71.251
2026-07-20 16:05:52,11,11,0,0,14.073,72.22
2026-07-20 16:10:31,5,5,0,0,13.905,72.086
2026-07-20 16:15:27,1,1,0,0,13.694,70.999
2026-07-20 16:20:26,0,0,0,0,13.47,71.89
2026-07-20 16:26:11,0,0,0,0,13.301,72.799
2026-07-20 16:30:30,5,5,0,0,13.101,73.442
2026-07-20 16:35:26,1,1,0,0,12.925,74.507
2026-07-20 16:40:26,26,27,0,0,12.786,75.247
2026-07-20 16:45:30,0,0,0,0,12.735,76.156
2026-07-20 16:50:26,0,0,0,0,12.642,76.668
2026-07-20 16:55:26,0,0,0,0,12.61,76.387
2026-07-20 17:00:27,34,37,0,0,12.57,77.719
2026-07-20 17:05:26,33,34,0,0,12.532,78.785
2026-07-20 17:10:27,33,34,0,0,12.417,78.869
2026-07-20 17:15:26,27,28,0,0,12.297,79.452
2026-07-20 17:20:26,8,9,0,0,12.188,80.13
2026-07-20 17:25:26,16,17,0,0,12.068,80.479
2026-07-20 17:30:26,66,76,0,0,11.91,80.931
2026-07-20 17:35:26,134,138,0,0,11.75,81.654
2026-07-20 17:40:26,3,3,0,0,11.616,79.393
2026-07-20 17:45:26,3,4,0,0,11.608,78.884
2026-07-20 17:50:33,3,3,0,0,11.574,78.844
2026-07-20 17:55:26,1,1,0,0,11.552,78.789
2026-07-20 18:00:26,4,4,0,0,11.509,78.59
2026-07-20 18:05:26,1,2,0,0,11.464,78.827
2026-07-20 18:10:26,3,3,0,0,11.44,79.166
2026-07-20 18:15:27,3,3,0,0,11.395,79.164
2026-07-20 18:20:27,3,3,0,0,11.352,79.523
2026-07-20 18:25:26,0,0,0,0,11.189,79.01
2026-07-20 18:30:26,0,0,0,0,11.029,79.769
2026-07-20 18:35:26,53,64,0,0,10.882,80.484
2026-07-20 18:40:26,3,3,0,0,10.724,81.31
2026-07-20 18:45:26,9,9,0,0,10.599,81.661
2026-07-20 18:50:26,22,25,0,0,10.468,82.151
2026-07-20 18:55:26,16,16,0,0,10.361,82.729
2026-07-20 19:00:27,13,13,0,0,10.289,83.374
2026-07-20 19:05:26,0,0,0,0,10.212,83.742
2026-07-20 19:10:26,0,1,0,0,10.145,84.242
2026-07-20 19:15:26,3,3,0,0,10.089,84.799
2026-07-20 19:20:27,5,8,0,0,10.068,85.117
2026-07-20 19:25:27,7,10,0,0,10.054,85.314
2026-07-20 19:30:27,1,1,0,0,10.019,85.447
2026-07-20 19:35:26,0,0,0,0,10.035,85.428
2026-07-20 19:40:26,0,0,0,0,10.094,85.592
2026-07-20 19:45:26,2,3,0,0,10.092,85.598
2026-07-20 19:50:26,2,2,0,0,10.089,85.649
2026-07-20 19:55:26,2,2,0,0,10.046,85.861
2026-07-20 20:00:26,16,16,0,0,10.035,86.035
2026-07-20 20:05:26,1,1,0,0,10.019,86.172
2026-07-20 20:10:26,9,9,0,0,9.995,86.233
2026-07-20 20:15:26,5,6,0,0,9.982,86.344
2026-07-20 20:20:26,0,0,0,0,9.998,86.067
2026-07-20 20:25:26,3,4,0,0,9.977,85.333
2026-07-20 20:30:26,17,17,0,0,9.977,85.405
2026-07-20 20:35:26,32,32,0,0,9.942,85.653
2026-07-20 20:40:26,21,21,0,0,9.966,85.302
2026-07-22 15:03:15,14,14,0,0,13.977,58.872
2026-07-22 15:03:43,24,25,0,0,14.006,58.969
2026-07-22 15:07:48,18,19,0,0,14.105,58.794
2026-07-22 15:12:48,8,8,0,0,14.297,59.972
2026-07-22 15:13:51,8,8,0,0,14.337,60.268
2026-07-22 15:17:48,4,5,0,0,14.548,59.797
2026-07-22 15:22:48,5,5,0,0,14.874,58.046
2026-07-22 15:23:50,6,6,0,0,14.986,58.059
2026-07-22 15:27:48,34,36,0,0,15.283,57.165
2026-07-22 15:27:49,34,36,0,0,15.285,57.167
2026-07-22 15:32:48,8,8,0,0,15.643,56.516
2026-07-22 15:37:47,36,42,0,0,16.049,54.769
2026-07-22 15:42:48,6,6,0,0,16.572,52.179
2026-07-22 15:47:48,9,11,0,0,17.315,49.695
2026-07-22 15:52:48,0,0,0,0,18.097,45.844
2026-07-22 15:56:18,14,14,0,0,18.527,45.03
2026-07-22 15:57:48,2,2,0,0,18.655,43.792
2026-07-22 15:58:52,0,0,0,0,18.743,43.847
2026-07-22 16:03:45,0,0,0,0,18.909,42.842
2026-07-22 16:05:30,1,1,0,0,18.92,42.098
2026-07-22 16:08:20,0,0,0,0,18.922,41.871
2026-07-22 16:14:07,0,0,0,0,19.024,40.981
2026-07-22 16:15:30,1,1,0,0,18.989,41.337
2026-07-22 16:17:19,0,0,0,0,18.96,41.314
2026-07-22 16:20:43,0,0,0,0,18.869,41.957
2026-07-22 16:26:47,1,1,0,0,18.685,41.024
2026-07-22 16:28:29,2,2,0,0,18.591,41.087
2026-07-22 16:33:11,6,6,0,0,18.391,41.562
2026-07-22 16:34:27,7,7,0,0,18.244,41.807
2026-07-22 16:39:19,1,1,0,0,18.068,41.684
2026-07-22 16:41:35,3,3,0,0,17.945,42.404
2026-07-22 16:45:09,1,1,0,0,17.857,41.774
2026-07-22 16:49:29,0,0,0,0,17.627,41.919
2026-07-22 16:50:44,1,1,0,0,17.579,42.684
2026-07-22 16:55:21,1,1,0,0,17.285,42.817
2026-07-22 16:56:28,1,2,0,0,17.229,42.901
2026-07-22 16:58:29,0,0,0,0,17.042,44.006
2026-07-22 17:01:22,1,2,0,0,16.898,45.127
2026-07-22 17:03:06,2,3,0,0,16.781,45.146
2026-07-22 17:03:34,3,3,0,0,16.741,45.31
2026-07-22 17:06:05,4,4,0,0,16.615,45.301
2026-07-22 17:11:33,8,8,0,0,16.329,46.258
2026-07-22 17:17:15,8,9,0,0,16.11,49.106
2026-07-22 17:22:35,40,48,0,0,15.873,49.701
2026-07-22 17:27:13,23,25,0,0,15.665,49.077
2026-07-22 17:28:14,27,28,0,0,15.574,49.705
2026-07-22 17:33:35,16,16,0,0,15.248,50.483
2026-07-22 17:38:06,8,9,0,0,15.034,51.786
2026-07-22 17:39:17,7,8,0,0,14.928,52.186
2026-07-22 17:41:32,12,12,0,0,14.831,52.837
2026-07-22 17:44:41,4,4,0,0,14.701,53.159
2026-07-22 17:45:20,5,6,0,0,14.642,53.655
2026-07-22 17:50:43,9,9,0,0,14.401,55.845
2026-07-22 17:56:02,3,3,0,0,14.105,57.382
2026-07-22 18:01:40,37,43,0,0,13.803,58.572
2026-07-22 18:07:20,46,56,0,0,13.475,59.623
2026-07-22 18:12:56,70,78,0,0,13.248,60.037
2026-07-22 18:18:21,56,70,0,0,12.997,60.373
2026-07-22 18:24:15,56,68,0,0,12.786,61.571
2026-07-22 18:29:44,57,69,0,0,12.567,63.545
2026-07-22 18:35:13,45,53,0,0,12.305,64.132
2026-07-22 18:40:14,45,55,0,0,12.113,64.022
2026-07-22 18:41:20,46,55,0,0,12.1,64.029
2026-07-22 18:52:48,51,62,0,0,11.63,63.287
2026-07-22 18:56:36,51,61,0,0,11.603,63.268
2026-07-22 18:58:35,51,62,0,0,11.619,63.734
2026-07-22 19:03:43,40,46,0,0,11.59,62.5
2026-07-22 19:08:53,33,34,0,0,11.63,60.943
2026-07-22 19:13:38,35,37,0,0,11.747,61.458
2026-07-22 19:19:04,26,28,0,0,11.841,61.594
2026-07-22 19:25:08,31,32,0,0,11.822,60.714
2026-07-22 19:30:11,30,31,0,0,11.83,60.943
2026-07-22 19:36:16,20,21,0,0,11.833,60.033
2026-07-22 19:42:34,7,7,0,0,11.851,57.71
2026-07-22 19:45:15,7,7,0,0,11.921,57.411
2026-07-22 19:47:45,26,26,0,0,11.998,57.849
2026-07-22 19:54:08,33,34,0,0,12.14,57.71
2026-07-22 19:54:54,40,45,0,0,12.164,58.097
2026-07-22 19:55:32,24,24,0,0,12.177,58.267
2026-07-22 19:56:39,22,22,0,0,12.19,58.881
2026-07-22 19:59:19,15,18,0,0,12.212,59.33
2026-07-22 20:00:04,10,10,0,0,12.185,59.56
2026-07-22 20:05:20,5,5,0,0,12.124,60.161
2026-07-22 20:05:35,5,5,0,0,12.086,60.085
2026-07-22 20:09:14,50,61,0,0,12.022,59.978
2026-07-22 20:10:12,44,52,0,0,11.998,60.323
2026-07-22 20:11:03,74,83,0,0,11.958,60.737
2026-07-22 20:12:33,51,62,0,0,11.95,60.92
2026-07-22 20:15:42,24,24,0,0,11.902,60.899
2026-07-22 20:16:20,24,24,0,0,11.878,60.939
2026-07-22 20:17:12,45,54,0,0,11.859,61.088
2026-07-22 20:23:08,44,53,0,0,11.75,61.636
2026-07-22 20:24:12,48,56,0,0,11.71,61.956
2026-07-22 20:27:03,45,53,0,0,11.627,62.408
2026-07-22 20:27:47,42,52,0,0,11.619,62.532
2026-07-22 20:29:08,47,55,0,0,11.603,62.664
2026-07-22 20:30:01,52,62,0,0,11.568,62.946
2026-07-22 20:30:59,60,73,0,0,11.531,63.114
2026-07-22 20:33:38,54,68,0,0,11.429,63.503
2026-07-22 20:38:26,40,47,0,0,11.424,63.791
2026-07-22 20:40:35,38,42,0,0,11.405,63.484
2026-07-22 20:40:56,37,41,0,0,11.376,63.478
2026-07-22 20:41:55,39,45,0,0,11.36,63.574
2026-07-22 20:45:47,46,55,0,0,11.349,63.926
2026-07-22 20:45:50,46,54,0,0,11.301,63.926
2026-07-22 20:49:35,47,57,0,0,11.285,64.455
2026-07-22 20:50:07,51,61,0,0,11.288,64.64
2026-07-22 20:50:50,58,70,0,0,11.258,64.867
2026-07-22 20:51:38,64,77,0,0,11.261,64.893
2026-07-22 20:53:31,75,84,0,0,11.258,64.893
2026-07-22 20:56:57,83,88,0,0,11.221,65.136
2026-07-22 20:57:40,81,87,0,0,11.197,65.151
2026-07-22 20:58:53,56,70,0,0,11.189,65.059
2026-07-22 21:03:13,76,84,0,0,11.141,65.067
2026-07-22 21:08:49,39,43,0,0,11.066,65.529
2026-07-22 21:10:03,39,44,0,0,11.048,65.721
2026-07-22 21:10:31,37,42,0,0,11.032,65.614
2026-07-22 21:14:55,45,52,0,0,11.034,65.784
2026-07-22 21:19:45,40,44,0,0,10.967,65.683
2026-07-22 21:23:38,46,54,0,0,10.949,66.335
2026-07-22 21:25:52,41,47,0,0,10.941,66.601
2026-07-22 21:27:28,39,43,0,0,10.922,66.633
2026-07-22 21:30:42,45,53,0,0,10.919,66.524
2026-07-22 21:36:15,42,48,0,0,10.815,67.293
2026-07-22 21:41:37,53,64,0,0,10.775,66.93
2026-07-22 21:46:37,94,98,0,0,10.754,66.587
2026-07-22 21:52:41,60,74,0,0,10.74,66.95
2026-07-22 21:54:08,54,64,0,0,10.706,67.06
2026-07-22 21:56:07,62,76,0,0,10.668,67.301
2026-07-22 21:57:43,93,99,0,0,10.66,67.556
2026-07-22 22:02:42,37,43,0,0,10.636,67.955
2026-07-22 22:02:43,58,70,0,0,10.618,68.033
2026-07-22 22:04:19,48,59,0,0,10.612,67.722
2026-07-22 22:05:35,42,49,0,0,10.602,67.56
2026-07-22 22:05:36,37,41,0,0,10.588,67.537
2026-07-22 22:08:35,39,44,0,0,10.556,67.404
2026-07-22 22:14:03,21,21,0,0,10.58,67.266
2026-07-22 22:14:36,21,21,0,0,10.562,67.228
2026-07-22 22:19:39,28,29,0,0,10.58,67.667
2026-07-22 22:21:55,13,16,0,0,10.575,67.583
2026-07-22 22:24:30,18,19,0,0,10.564,67.619
2026-07-22 22:30:04,13,15,0,0,10.521,68.1
2026-07-22 22:35:09,26,26,0,0,10.495,68.554
2026-07-22 22:40:25,29,29,0,0,10.447,69.151
2026-07-22 22:44:53,23,23,0,0,10.412,69.458
2026-07-22 22:46:04,22,22,0,0,10.396,69.454
2026-07-22 22:51:19,21,21,0,0,10.399,69.729
2026-07-22 22:56:57,21,21,0,0,10.356,70.028
2026-07-22 23:02:19,16,17,0,0,10.356,70.137
2026-07-22 23:07:08,26,26,0,0,10.34,69.511
2026-07-22 23:11:52,14,14,0,0,10.335,69.36
2026-07-22 23:17:43,12,13,0,0,10.372,68.788
2026-07-22 23:21:53,15,18,0,0,10.407,68.882
2026-07-22 23:22:29,13,17,0,0,10.433,69.036
2026-07-22 23:23:20,16,17,0,0,10.399,69.175
2026-07-22 23:28:12,29,29,0,0,10.425,69.568
2026-07-22 23:32:00,34,37,0,0,10.439,69.731
2026-07-22 23:32:54,33,34,0,0,10.436,69.742
2026-07-22 23:33:43,90,96,0,0,10.409,69.896
2026-07-22 23:37:53,40,46,0,0,10.375,70.034
2026-07-22 23:43:23,31,31,0,0,10.335,70.167
2026-07-22 23:48:12,23,23,0,0,10.332,69.41
2026-07-22 23:51:24,21,21,0,0,10.319,69.46
2026-07-22 23:53:58,23,23,0,0,10.351,69.628
2026-07-22 23:59:16,60,73,0,0,10.343,69.231
2026-07-23 00:02:37,25,25,0,0,10.38,68.96
2026-07-23 00:04:12,21,21,0,0,10.377,68.866
2026-07-23 00:06:39,37,41,0,0,10.393,68.643
2026-07-23 00:09:31,52,61,0,0,10.439,69.156
2026-07-23 00:12:11,41,45,0,0,10.455,69.069
2026-07-23 00:12:47,36,39,0,0,10.447,69.038
2026-07-23 00:14:37,38,40,0,0,10.441,69.051
2026-07-23 00:15:07,34,34,0,0,10.441,69.055
2026-07-23 00:19:13,31,33,0,0,10.479,69.408
2026-07-23 00:23:43,27,27,0,0,10.447,69.881
2026-07-23 00:24:57,28,29,0,0,10.415,70.074
2026-07-23 00:28:47,27,27,0,0,10.383,70.98
2026-07-23 00:29:40,25,28,0,0,10.372,71.085
2026-07-23 00:30:07,25,25,0,0,10.335,71.073
2026-07-23 00:34:49,25,26,0,0,10.303,71.424
2026-07-23 00:35:48,27,28,0,0,10.26,71.506
2026-07-23 00:39:09,25,25,0,0,10.217,71.571
2026-07-23 00:40:46,32,32,0,0,10.196,71.607
2026-07-23 00:44:08,33,34,0,0,10.148,72.033
2026-07-23 00:49:42,32,32,0,0,10.073,72.481
2026-07-23 00:54:35,31,32,0,0,9.993,73.129
2026-07-23 01:00:20,31,31,0,0,9.977,72.761
2026-07-23 01:02:57,31,31,0,0,9.963,73.067
2026-07-23 01:05:02,26,27,0,0,9.958,72.941
2026-07-23 01:07:42,26,26,0,0,9.977,72.769
2026-07-23 01:09:55,30,30,0,0,9.985,72.779
2026-07-23 01:11:44,29,30,0,0,9.982,73.095
2026-07-23 01:15:27,26,26,0,0,10.003,73.122
2026-07-23 01:16:53,26,27,0,0,10.003,73.21
2026-07-23 01:20:07,34,36,0,0,9.998,73.158
2026-07-23 01:20:36,32,33,0,0,10.006,73.116
2026-07-23 01:23:37,37,39,0,0,9.987,72.956
2026-07-23 01:24:28,34,38,0,0,9.998,73.005
2026-07-23 01:24:52,29,30,0,0,9.982,73.015
2026-07-23 01:26:37,29,29,0,0,9.977,72.944
2026-07-23 01:30:27,22,23,0,0,10.046,72.567
2026-07-23 01:30:28,20,22,0,0,10.011,72.494
2026-07-23 01:35:35,22,23,0,0,10.06,71.956
2026-07-23 01:36:17,25,25,0,0,10.062,71.956
2026-07-23 01:36:58,22,22,0,0,10.06,71.914
2026-07-23 01:40:26,26,27,0,0,10.132,71.855
2026-07-23 01:44:58,26,26,0,0,10.172,71.461
2026-07-23 01:48:21,21,25,0,0,10.225,71.195
2026-07-23 01:49:14,23,25,0,0,10.228,71.392
2026-07-23 01:50:09,26,26,0,0,10.217,71.485
2026-07-23 01:54:27,26,26,0,0,10.244,71.382
2026-07-23 01:59:29,22,22,0,0,10.244,70.997
2026-07-23 02:04:27,21,22,0,0,10.22,71.239
2026-07-23 02:09:08,16,17,0,0,10.23,71.3
2026-07-23 02:13:36,10,12,0,0,10.161,71.239
2026-07-23 02:18:40,6,6,0,0,10.118,71.108
2026-07-23 02:22:11,6,6,0,0,10.156,70.946
2026-07-23 02:23:06,6,6,0,0,10.174,71.003
2026-07-23 02:27:24,27,28,0,0,10.196,71.72
2026-07-23 02:32:49,36,37,0,0,10.116,71.846
2026-07-23 02:37:23,37,41,0,0,9.982,71.771
2026-07-23 02:41:40,34,34,0,0,9.953,72.052
2026-07-23 02:46:02,30,30,0,0,9.931,72.59
2026-07-23 02:47:42,27,29,0,0,9.91,72.47
2026-07-23 02:51:17,28,30,0,0,9.881,72.401
2026-07-23 02:52:09,29,29,0,0,9.87,72.407
2026-07-23 02:53:57,30,31,0,0,9.851,72.698
2026-07-23 02:56:33,26,27,0,0,9.838,72.967
2026-07-23 03:00:35,31,31,0,0,9.811,72.878
2026-07-23 03:01:21,32,33,0,0,9.817,72.651
2026-07-23 03:03:04,37,38,0,0,9.779,72.298
2026-07-23 03:05:45,35,36,0,0,9.811,72.067
2026-07-23 03:06:42,34,36,0,0,9.79,72.336
2026-07-23 03:10:13,38,43,0,0,9.825,71.949
2026-07-23 03:11:04,38,40,0,0,9.811,72.067
2026-07-23 03:15:32,40,43,0,0,9.942,71.932
2026-07-23 03:15:43,39,43,0,0,9.931,72.021
2026-07-23 03:16:23,38,40,0,0,9.939,72.115
2026-07-23 03:19:21,31,33,0,0,9.993,72.498
2026-07-23 03:20:12,23,26,0,0,9.977,72.649
2026-07-23 03:21:11,26,28,0,0,9.977,72.782
2026-07-23 03:21:52,25,25,0,0,9.966,72.868
2026-07-23 03:23:33,21,25,0,0,9.974,72.95
2026-07-23 03:25:26,23,23,0,0,9.993,73.023
2026-07-23 03:27:13,22,23,0,0,9.982,72.927
2026-07-23 03:29:53,21,21,0,0,9.955,72.988
2026-07-23 03:34:04,19,19,0,0,9.958,72.281
2026-07-23 03:39:29,18,18,0,0,9.982,72.153
2026-07-23 03:43:47,15,18,0,0,10.022,72.681
2026-07-23 03:48:26,15,15,0,0,10.043,73.076
2026-07-23 03:51:40,12,16,0,0,10.019,73.095
2026-07-23 03:51:41,12,16,0,0,10.003,73.173
2026-07-23 03:52:29,13,16,0,0,10.011,73.234
2026-07-23 03:53:08,12,13,0,0,10.009,73.314
2026-07-23 03:53:23,12,13,0,0,9.993,73.349
2026-07-23 03:53:45,12,12,0,0,9.977,73.433
2026-07-23 03:53:46,12,15,0,0,9.982,73.446
2026-07-23 03:54:31,13,13,0,0,9.955,73.328
2026-07-23 03:55:33,9,9,0,0,9.998,73.139
2026-07-23 03:56:22,10,15,0,0,9.987,72.885
2026-07-23 03:57:14,9,10,0,0,9.945,72.796
2026-07-23 03:57:15,9,9,0,0,9.945,72.677
2026-07-23 03:58:29,14,15,0,0,9.942,72.628
2026-07-23 03:59:01,9,10,0,0,9.939,72.746
2026-07-23 03:59:52,8,9,0,0,9.907,72.561
2026-07-23 04:00:52,6,6,0,0,9.931,71.968
2026-07-23 04:01:25,8,9,0,0,9.929,72.088
2026-07-23 04:03:38,8,8,0,0,9.955,71.855
2026-07-23 04:04:29,6,6,0,0,9.958,71.789
2026-07-23 04:04:30,8,8,0,0,9.939,71.899
2026-07-23 04:05:21,8,8,0,0,9.931,72.101
2026-07-23 04:05:22,8,8,0,0,9.945,72.145
2026-07-23 04:06:17,9,9,0,0,9.958,72.067
2026-07-23 04:07:03,9,9,0,0,9.961,72.021
2026-07-23 04:07:04,8,8,0,0,9.979,71.832
2026-07-23 04:08:01,5,6,0,0,9.961,71.733
2026-07-23 04:08:02,6,8,0,0,9.966,71.646
2026-07-23 04:08:50,6,6,0,0,9.974,71.539
2026-07-23 04:09:38,6,6,0,0,9.955,71.451
2026-07-23 04:10:28,5,5,0,0,9.971,71.605
2026-07-23 04:13:04,6,6,0,0,10.033,71.457
2026-07-23 04:17:30,6,6,0,0,10.057,71.031
2026-07-23 04:22:56,5,5,0,0,10.078,71.049
2026-07-23 04:26:50,3,3,0,0,10.129,69.387
2026-07-23 04:31:13,4,4,0,0,10.196,68.855
2026-07-23 04:32:02,5,5,0,0,10.214,68.952
2026-07-23 04:37:02,6,8,0,0,10.327,69.227
2026-07-23 04:37:52,6,6,0,0,10.335,69.42
2026-07-23 04:38:56,9,9,0,0,10.335,69.448
2026-07-23 04:39:48,9,9,0,0,10.34,69.423
2026-07-23 04:40:31,8,8,0,0,10.335,69.45
2026-07-23 04:41:25,8,8,0,0,10.308,69.492
2026-07-23 04:43:10,8,9,0,0,10.324,69.677
2026-07-23 04:47:02,16,16,0,0,10.345,70.251
2026-07-23 04:51:30,12,13,0,0,10.337,70.833
2026-07-23 04:54:11,16,16,0,0,10.254,71.15
2026-07-23 04:55:02,16,17,0,0,10.236,71.308
2026-07-23 04:55:59,20,21,0,0,10.22,71.424
2026-07-23 04:56:00,20,23,0,0,10.206,71.379
2026-07-23 04:59:36,21,21,0,0,10.206,71.501
2026-07-23 05:01:07,25,26,0,0,10.18,71.512
2026-07-23 05:02:00,23,25,0,0,10.148,71.628
2026-07-23 05:02:51,25,26,0,0,10.116,71.712
2026-07-23 05:03:44,28,29,0,0,10.132,71.792
2026-07-23 05:05:44,26,26,0,0,10.137,71.708
2026-07-23 05:05:45,26,26,0,0,10.116,71.749
2026-07-23 05:06:41,23,25,0,0,10.14,72.014
2026-07-23 05:07:27,25,27,0,0,10.142,72.187
2026-07-23 05:10:12,22,26,0,0,10.196,72.069
2026-07-23 05:13:37,23,23,0,0,10.172,72.031
2026-07-23 05:14:36,21,21,0,0,10.164,71.873
2026-07-23 05:15:18,20,20,0,0,10.166,71.846
2026-07-23 05:16:07,22,23,0,0,10.132,71.775
2026-07-23 05:17:11,19,22,0,0,10.11,71.798
2026-07-23 05:19:16,23,25,0,0,10.166,71.352
2026-07-23 05:20:00,23,23,0,0,10.166,71.44
2026-07-23 05:20:58,20,22,0,0,10.182,71.375
2026-07-23 05:21:45,22,22,0,0,10.18,71.415
2026-07-23 05:22:36,19,19,0,0,10.172,71.333
2026-07-23 05:23:33,19,19,0,0,10.182,71.392
2026-07-23 05:24:21,19,19,0,0,10.196,71.27
2026-07-23 05:25:12,25,26,0,0,10.217,71.249
2026-07-23 05:26:08,21,21,0,0,10.233,71.342
2026-07-23 05:26:09,21,23,0,0,10.265,71.344
2026-07-23 05:28:40,20,21,0,0,10.319,71.258
2026-07-23 05:29:46,20,21,0,0,10.319,71.283
2026-07-23 05:30:39,21,21,0,0,10.321,71.287
2026-07-23 05:31:35,20,20,0,0,10.297,71.163
2026-07-23 05:31:36,19,20,0,0,10.313,71.18
2026-07-23 05:32:27,13,17,0,0,10.348,71.062
2026-07-23 05:33:23,13,14,0,0,10.345,70.822
2026-07-23 05:34:13,14,16,0,0,10.303,70.957
2026-07-23 05:35:06,18,19,0,0,10.335,71.005
2026-07-23 05:35:50,16,17,0,0,10.351,71.007
2026-07-23 05:36:38,18,19,0,0,10.345,71.073
2026-07-23 05:36:48,12,13,0,0,10.364,71.071
2026-07-23 05:38:36,14,14,0,0,10.377,71.033
2026-07-23 05:39:34,12,12,0,0,10.38,70.844
2026-07-23 05:39:35,12,12,0,0,10.356,70.873
2026-07-23 05:40:25,9,9,0,0,10.377,70.638
2026-07-23 05:41:19,10,10,0,0,10.364,70.587
2026-07-23 05:42:56,9,10,0,0,10.385,70.516
2026-07-23 05:43:54,5,6,0,0,10.364,70.27
2026-07-23 05:44:39,5,5,0,0,10.377,69.816
2026-07-23 05:45:29,5,5,0,0,10.423,69.551
2026-07-23 05:46:22,5,5,0,0,10.42,69.343
2026-07-23 05:48:00,4,4,0,0,10.449,69.277
2026-07-23 05:49:19,3,5,0,0,10.505,69.109
2026-07-23 05:50:12,5,5,0,0,10.54,68.96
2026-07-23 05:52:01,8,8,0,0,10.615,68.973
2026-07-23 05:52:03,5,8,0,0,10.628,69.134
2026-07-23 05:52:48,6,6,0,0,10.666,69.227
2026-07-23 05:53:55,8,8,0,0,10.682,69.275
2026-07-23 05:55:27,8,8,0,0,10.73,69.433
2026-07-23 05:55:28,6,6,0,0,10.703,69.456
2026-07-23 05:56:27,6,6,0,0,10.714,69.456
2026-07-23 05:56:38,6,6,0,0,10.711,69.364
2026-07-23 05:56:39,6,6,0,0,10.722,69.359
2026-07-23 05:57:09,6,6,0,0,10.716,69.387
2026-07-23 05:58:09,6,6,0,0,10.714,69.122
2026-07-23 05:58:10,5,5,0,0,10.727,68.887
2026-07-23 05:59:03,5,5,0,0,10.706,68.767
2026-07-23 06:00:00,6,6,0,0,10.74,68.338
2026-07-23 06:00:52,5,6,0,0,10.74,68.264
2026-07-23 06:01:41,5,5,0,0,10.754,68.121
2026-07-23 06:02:47,5,5,0,0,10.767,67.802
2026-07-23 06:03:37,6,6,0,0,10.756,67.962
2026-07-23 06:03:46,8,9,0,0,10.767,68.052
2026-07-23 06:04:33,5,6,0,0,10.789,68.203
2026-07-23 06:04:34,6,6,0,0,10.756,68.344
2026-07-23 06:04:35,6,6,0,0,10.78,68.371
2026-07-23 06:05:28,5,5,0,0,10.77,68.327
2026-07-23 06:06:19,7,7,0,0,10.839,68.325
2026-07-23 06:07:10,6,6,0,0,10.818,68.273
2026-07-23 06:07:52,6,6,0,0,10.834,68.134
2026-07-23 06:08:48,7,7,0,0,10.831,68.166
2026-07-23 06:08:49,8,8,0,0,10.837,68.166
2026-07-23 06:08:52,6,7,0,0,10.847,68.117
2026-07-23 06:09:35,5,5,0,0,10.855,67.951
2026-07-23 06:10:34,4,4,0,0,10.882,67.713
2026-07-23 06:11:30,3,3,0,0,10.877,67.632
2026-07-23 06:12:23,3,4,0,0,10.917,67.468
2026-07-23 06:12:34,6,6,0,0,10.941,67.709
2026-07-23 06:14:13,5,6,0,0,10.925,67.89
2026-07-23 06:14:55,5,5,0,0,10.983,67.816
2026-07-23 06:15:00,5,5,0,0,10.975,67.489
2026-07-23 06:17:44,5,5,0,0,11.066,67.125
2026-07-23 06:23:08,3,4,0,0,11.157,67.325
2026-07-23 06:26:39,3,4,0,0,11.13,66.925
2026-07-23 06:27:45,3,4,0,0,11.173,66.959
2026-07-23 06:30:18,3,3,0,0,11.205,66.976
2026-07-23 06:32:55,3,3,0,0,11.194,67.051
2026-07-23 06:35:14,4,4,0,0,11.184,66.78
2026-07-23 06:37:02,6,6,0,0,11.157,66.787
2026-07-23 06:37:12,6,6,0,0,11.144,66.822
2026-07-23 06:41:45,6,6,0,0,11.104,66.816
2026-07-23 06:47:08,5,6,0,0,11.015,66.787
2026-07-23 06:48:59,3,3,0,0,10.957,67.06
2026-07-23 06:52:44,4,4,0,0,10.911,67.306
2026-07-23 06:56:18,2,2,0,0,10.874,67.896
2026-07-23 06:57:15,2,2,0,0,10.85,68.012
2026-07-23 06:58:06,2,2,0,0,10.847,68.098
2026-07-23 06:58:07,2,2,0,0,10.834,68.214
2026-07-23 06:58:53,1,1,0,0,10.815,68.319
2026-07-23 06:59:35,1,1,0,0,10.826,68.306
2026-07-23 07:00:40,0,0,0,0,10.799,68.277
2026-07-23 07:01:35,1,1,0,0,10.799,68.258
2026-07-23 07:02:28,1,1,0,0,10.805,68.39
2026-07-23 07:03:24,0,0,0,0,10.794,68.378
2026-07-23 07:06:48,0,0,0,0,10.855,68.033
2026-07-23 07:08:49,0,0,0,0,10.925,67.89
2026-07-23 07:10:20,0,0,0,0,10.927,67.894
2026-07-23 07:11:11,1,1,0,0,10.954,67.613
2026-07-23 07:11:55,3,3,0,0,10.991,67.507
2026-07-23 07:15:44,0,1,0,0,11.093,67.283
2026-07-23 07:15:45,0,0,0,0,11.093,67.384
2026-07-23 07:19:59,0,0,0,0,11.208,67.478
2026-07-23 07:20:00,0,0,0,0,11.2,67.476
2026-07-23 07:21:01,0,0,0,0,11.237,67.337
2026-07-23 07:25:33,0,0,0,0,11.307,67.003
2026-07-23 07:27:21,0,0,0,0,11.365,67.054
2026-07-23 07:29:51,0,0,0,0,11.36,66.986
2026-07-23 07:29:52,1,1,0,0,11.363,67.054
2026-07-23 07:31:26,0,0,0,0,11.397,66.845
2026-07-23 07:32:23,0,0,0,0,11.384,66.883
2026-07-23 07:34:12,0,2,0,0,11.4,66.894
2026-07-23 07:34:13,0,1,0,0,11.371,66.923
2026-07-23 07:37:01,2,2,0,0,11.381,66.984
2026-07-23 07:39:17,0,0,0,0,11.349,67.199
2026-07-23 07:43:23,0,0,0,0,11.261,67.68
2026-07-23 07:44:05,0,0,0,0,11.2,67.697
2026-07-23 07:44:54,1,2,0,0,11.197,67.678
2026-07-23 07:49:55,2,2,0,0,11.146,67.745
2026-07-23 07:50:31,2,2,0,0,11.141,67.659
2026-07-23 07:53:03,2,2,0,0,11.082,67.642
2026-07-23 07:54:23,2,2,0,0,11.056,67.766
2026-07-23 07:59:34,1,1,0,0,10.981,67.795
2026-07-23 08:05:06,3,3,0,0,10.823,67.852
2026-07-23 08:09:24,13,14,0,0,10.692,67.959
2026-07-23 08:14:48,5,5,0,0,10.655,68.033
2026-07-23 08:16:21,3,3,0,0,10.652,68.035
2026-07-23 08:17:57,2,4,0,0,10.663,68.126
2026-07-23 08:19:31,2,3,0,0,10.604,68.022
2026-07-23 08:20:40,3,3,0,0,10.61,68.029
2026-07-23 08:21:29,2,2,0,0,10.618,68.041
2026-07-23 08:23:34,1,2,0,0,10.644,68.287
2026-07-23 08:24:10,3,3,0,0,10.658,68.466
2026-07-23 08:29:35,2,2,0,0,10.714,68.813
2026-07-23 08:30:39,3,3,0,0,10.69,68.861
2026-07-23 08:34:07,3,4,0,0,10.751,69.038
2026-07-23 08:34:08,3,3,0,0,10.727,69.051
2026-07-23 08:38:36,3,3,0,0,10.783,68.763
2026-07-23 08:39:35,3,3,0,0,10.77,68.826
2026-07-23 08:41:19,4,4,0,0,10.81,68.819
2026-07-23 08:42:27,4,4,0,0,10.834,68.836
2026-07-23 08:43:53,3,3,0,0,10.879,68.748
2026-07-23 08:49:23,3,4,0,0,11.007,68.908
2026-07-23 08:53:40,2,2,0,0,11.13,68.76
2026-07-23 08:59:05,2,2,0,0,11.213,68.462
2026-07-23 09:03:29,3,3,0,0,11.288,68.22
2026-07-23 09:07:31,5,5,0,0,11.32,68.306
2026-07-23 09:08:37,2,3,0,0,11.328,68.443
2026-07-23 09:12:45,2,2,0,0,11.432,68.447
2026-07-23 09:13:42,0,0,0,0,11.485,68.382
2026-07-23 09:17:17,1,1,0,0,11.622,67.819
2026-07-23 09:21:57,5,5,0,0,11.942,67.924
2026-07-23 09:24:24,4,4,0,0,12.073,67.718
2026-07-23 09:27:04,36,42,0,0,12.209,67.249
2026-07-23 09:28:30,38,44,0,0,12.22,67.127
2026-07-23 09:31:57,26,26,0,0,12.327,67.537
2026-07-23 09:34:39,8,8,0,0,12.377,67.796
2026-07-23 09:37:31,33,36,0,0,12.383,67.959
2026-07-23 09:42:01,7,8,0,0,12.425,67.356
2026-07-23 09:46:18,4,4,0,0,12.455,67.465
2026-07-23 09:51:38,6,6,0,0,12.5,66.723
2026-07-23 09:55:54,3,3,0,0,12.548,66.414
2026-07-23 10:01:18,1,1,0,0,12.698,65.187
2026-07-23 10:03:43,4,5,0,0,12.762,65.225
2026-07-23 10:05:44,6,6,0,0,12.775,65.418
2026-07-23 10:24:49,4,5,0,0,13.186,64.424
2026-07-23 10:26:37,15,15,0,0,13.248,64.321
2026-07-23 10:28:04,9,9,0,0,13.267,63.921
2026-07-23 10:29:45,3,3,0,0,13.331,63.778
2026-07-23 10:34:45,1,2,0,0,13.467,62.86
2026-07-23 10:34:46,1,2,0,0,13.483,62.877
2026-07-23 10:37:25,36,41,0,0,13.534,62.885
2026-07-23 10:39:47,31,33,0,0,13.624,62.4
2026-07-23 10:42:03,6,6,0,0,13.656,61.823
2026-07-23 10:44:47,1,2,0,0,13.75,60.993
2026-07-23 10:49:47,1,1,0,0,13.886,60.991
2026-07-23 10:50:24,1,1,0,0,13.891,61.082
2026-07-23 10:54:47,1,1,0,0,14.041,60.279
2026-07-23 10:59:43,16,16,0,0,14.217,59.978
2026-07-23 10:59:47,18,18,0,0,14.209,59.932
2026-07-23 11:04:47,34,36,0,0,14.415,58.883
2026-07-23 11:07:19,18,18,0,0,14.511,58.538
2026-07-23 11:07:54,9,9,0,0,14.514,58.269
2026-07-23 11:08:35,8,8,0,0,14.543,58.118
2026-07-23 11:09:47,6,6,0,0,14.591,57.554
2026-07-23 11:14:47,4,4,0,0,14.706,56.482
2026-07-23 11:16:35,6,6,0,0,14.767,56.568
2026-07-23 11:17:44,3,3,0,0,14.805,56.425
2026-07-23 11:18:42,5,5,0,0,14.839,56.392
2026-07-23 11:19:47,2,2,0,0,14.842,56.421
2026-07-23 11:19:54,1,1,0,0,14.815,56.415
2026-07-23 11:22:38,0,0,0,0,14.911,56.339
2026-07-23 11:24:47,0,1,0,0,14.97,56.755
2026-07-23 11:25:02,0,1,0,0,15.008,56.696
2026-07-23 11:29:47,6,6,0,0,15.138,56.182
2026-07-23 11:34:48,4,4,0,0,15.301,55.585
2026-07-23 11:36:07,6,6,0,0,15.357,55.637
2026-07-23 11:37:06,6,7,0,0,15.379,55.692
2026-07-23 11:38:13,6,6,0,0,15.414,55.498
2026-07-23 11:38:36,4,4,0,0,15.427,55.553
2026-07-23 11:39:47,5,5,0,0,15.456,55.429
2026-07-23 11:39:49,5,5,0,0,15.464,55.439
2026-07-23 11:40:04,3,4,0,0,15.494,55.355
2026-07-23 11:41:21,5,6,0,0,15.504,55.202
2026-07-23 11:44:47,4,5,0,0,15.606,54.908
2026-07-23 11:46:25,0,0,0,0,15.643,54.92
2026-07-23 11:47:46,2,2,0,0,15.686,54.883
2026-07-23 11:48:21,1,1,0,0,15.665,54.887
2026-07-23 11:49:47,1,1,0,0,15.707,54.966
2026-07-23 11:49:55,1,1,0,0,15.721,54.962
2026-07-23 11:51:51,2,2,0,0,15.755,54.969
2026-07-23 11:54:39,4,4,0,0,15.811,53.964
2026-07-23 11:54:47,3,3,0,0,15.806,53.937
2026-07-23 11:55:16,2,2,0,0,15.809,53.951
2026-07-23 11:56:31,0,1,0,0,15.819,54.231
2026-07-23 11:57:52,31,31,0,0,15.819,54.292
2026-07-23 11:59:47,29,32,0,0,15.846,54.676
2026-07-23 12:04:47,3,3,0,0,15.9,54.016
2026-07-23 12:05:46,5,6,0,0,15.894,54.163
2026-07-23 12:09:47,1,3,0,0,15.972,54.014
2026-07-23 12:14:47,1,1,0,0,16.188,53.316
2026-07-23 12:16:46,1,1,0,0,16.319,52.806
2026-07-23 12:19:47,22,23,0,0,16.436,51.967
2026-07-23 12:21:17,11,11,0,0,16.5,52.017
2026-07-23 12:24:47,18,19,0,0,16.604,52.251
2026-07-23 12:29:47,2,2,0,0,16.834,50.71
2026-07-23 12:30:16,2,3,0,0,16.877,50.884
2026-07-23 12:34:47,0,0,0,0,17.128,49.884
2026-07-23 12:39:47,1,1,0,0,17.387,49.528
2026-07-23 12:41:17,3,3,0,0,17.448,49.283
2026-07-23 12:43:47,1,1,0,0,17.507,49.262
2026-07-23 12:44:47,1,2,0,0,17.526,49.188
2026-07-23 12:49:48,6,6,0,0,17.617,49.129
2026-07-23 12:54:47,17,17,0,0,17.801,49.238
2026-07-23 12:59:47,13,14,0,0,18.097,48.044
2026-07-23 13:04:48,12,12,0,0,18.49,47.874
2026-07-23 13:09:48,11,12,0,0,18.791,46.134
2026-07-23 13:14:47,3,3,0,0,18.973,46.142
2026-07-23 13:19:47,0,0,0,0,19.189,46.346
2026-07-23 13:24:48,3,3,0,0,19.459,45.343
2026-07-23 13:28:21,0,0,0,0,19.659,45.143
2026-07-23 13:29:48,0,0,0,0,19.734,45.053
2026-07-23 13:34:48,2,2,0,0,19.774,44.231
2026-07-23 13:39:48,0,1,0,0,19.638,43.592
2026-07-23 13:44:48,1,1,0,0,19.488,43.578
2026-07-23 13:46:21,2,2,0,0,19.499,43.346
2026-07-23 13:49:48,31,32,0,0,19.496,43.777
2026-07-23 13:54:48,12,12,0,0,19.499,43.149
2026-07-23 13:59:48,5,5,0,0,19.48,43.258
2026-07-23 14:04:48,1,1,0,0,19.531,43.573
2026-07-23 14:05:51,8,8,0,0,19.537,43.563
2026-07-23 14:09:48,4,4,0,0,19.531,43.935
2026-07-23 14:12:52,3,3,0,0,19.499,44.126
2026-07-23 14:14:48,12,13,0,0,19.488,43.937
2026-07-23 14:17:23,2,2,0,0,19.435,43.943
2026-07-23 14:19:48,5,5,0,0,19.379,44.381
2026-07-23 14:23:52,15,15,0,0,19.251,44.425
2026-07-23 14:24:47,40,48,0,0,19.211,43.84
2026-07-23 14:29:48,3,3,0,0,19.064,44.633
2026-07-23 14:34:48,3,3,0,0,18.901,45.553
2026-07-23 14:35:22,5,5,0,0,18.898,45.795
2026-07-23 14:39:48,25,25,0,0,18.733,46.15
2026-07-23 14:43:22,9,9,0,0,18.538,47.111
2026-07-23 14:44:48,9,9,0,0,18.511,46.844
2026-07-23 14:49:48,16,16,0,0,18.217,47.191
2026-07-23 14:52:52,16,16,0,0,17.985,47.843
2026-07-23 14:54:48,14,16,0,0,17.857,48.387
2026-07-23 14:59:48,26,26,0,0,17.523,49.486
2026-07-23 15:04:49,25,25,0,0,17.293,49.644
2026-07-23 15:09:48,30,33,0,0,17.171,50.163
2026-07-23 15:09:52,30,34,0,0,17.171,50.188
2026-07-23 15:14:48,8,9,0,0,17.115,50.104
2026-07-23 15:19:47,23,23,0,0,17.101,49.953
2026-07-23 15:21:23,18,19,0,0,17.109,49.938
2026-07-23 15:21:53,18,19,0,0,17.088,49.636
2026-07-23 15:24:48,5,5,0,0,17.109,49.049
2026-07-23 15:25:53,14,15,0,0,17.098,48.902
2026-07-23 15:28:53,9,9,0,0,17.117,49.085
2026-07-23 15:29:47,14,16,0,0,17.139,49.411
2026-07-23 15:34:48,24,24,0,0,17.141,48.9
2026-07-23 15:39:24,16,18,0,0,17.136,49.112
2026-07-23 15:39:47,17,19,0,0,17.123,49.196
2026-07-23 15:44:48,29,31,0,0,17.123,49.911
2026-07-23 15:45:22,36,41,0,0,17.101,50.088
2026-07-23 15:49:48,40,48,0,0,17.147,49.108
2026-07-23 15:54:48,35,41,0,0,17.187,48.788
2026-07-23 15:57:25,36,43,0,0,17.245,48.704
2026-07-23 15:59:48,15,16,0,0,17.283,47.819
2026-07-23 16:08:04,4,4,0,0,17.376,46.802
2026-07-23 16:09:48,2,2,0,0,17.358,46.602
2026-07-23 16:14:48,1,1,0,0,17.293,47.702
2026-07-23 16:19:48,1,1,0,0,17.208,47.906
2026-07-23 16:24:48,64,72,0,0,17.184,47.731
2026-07-23 16:29:48,84,86,0,0,17.069,48.839
2026-07-23 16:34:48,30,31,0,0,16.952,49.505
2026-07-23 16:39:48,25,25,0,0,16.829,49.861
2026-07-23 16:44:48,13,14,0,0,16.661,49.653
2026-07-23 16:46:54,18,18,0,0,16.564,49.983
2026-07-23 16:49:00,18,19,0,0,16.476,50.485
2026-07-23 16:49:47,25,25,0,0,16.426,50.59
2026-07-23 16:54:48,40,48,0,0,16.156,52.005
2026-07-23 16:57:24,30,31,0,0,15.98,52.553
2026-07-23 16:57:34,29,30,0,0,15.961,52.524
2026-07-23 16:59:48,11,11,0,0,15.822,51.946
2026-07-23 17:04:48,34,37,0,0,15.504,53.251
2026-07-23 17:09:50,36,44,0,0,15.229,54.872
2026-07-23 17:13:52,53,66,0,0,15.026,56.024
2026-07-23 17:14:47,53,65,0,0,15.008,56.209
2026-07-23 17:18:32,76,81,0,0,14.845,56.671
2026-07-23 17:19:55,54,68,0,0,14.781,56.867
2026-07-23 17:24:48,28,28,0,0,14.551,58.126
2026-07-23 17:25:32,27,27,0,0,14.54,58.176
2026-07-23 17:26:35,29,29,0,0,14.468,58.109
2026-07-23 17:29:48,23,23,0,0,14.329,57.638
2026-07-23 17:30:39,19,19,0,0,14.292,57.579
2026-07-23 17:32:10,16,18,0,0,14.209,57.529
2026-07-23 17:34:48,24,24,0,0,14.134,57.638
2026-07-23 17:40:14,5,5,0,0,13.972,58.549
2026-07-23 17:44:48,8,9,0,0,13.795,58.637
2026-07-23 17:49:48,3,4,0,0,13.656,57.771
2026-07-23 17:54:48,18,18,0,0,13.494,56.314
2026-07-23 17:59:48,8,8,0,0,13.437,56.137
2026-07-23 18:04:48,2,2,0,0,13.349,57.396
2026-07-23 18:09:48,26,27,0,0,13.245,57.802
2026-07-23 18:14:48,24,26,0,0,13.165,58.063
2026-07-23 18:18:07,1,1,0,0,13.08,57.809
2026-07-23 18:19:48,1,1,0,0,13.056,57.788
2026-07-23 18:24:48,5,5,0,0,13,57.535
2026-07-23 18:29:48,1,1,0,0,12.906,58.023
2026-07-23 18:34:48,9,15,0,0,12.861,57.437
2026-07-23 18:39:48,47,55,0,0,12.775,58.582
2026-07-23 18:44:48,12,12,0,0,12.687,59.152
2026-07-23 18:47:08,3,3,0,0,12.626,59.814
2026-07-23 18:49:48,2,2,0,0,12.604,60.308
2026-07-23 18:54:07,9,12,0,0,12.559,60.945
2026-07-23 18:54:48,7,8,0,0,12.543,60.903
2026-07-23 18:59:48,4,4,0,0,12.465,60.598
2026-07-23 19:04:48,58,72,0,0,12.417,60.899
2026-07-23 19:08:40,72,80,0,0,12.407,61.376
2026-07-23 19:09:48,57,72,0,0,12.396,61.292
2026-07-23 19:14:48,37,42,0,0,12.329,61.746
2026-07-23 19:17:11,45,53,0,0,12.335,61.744
2026-07-23 19:19:48,28,28,0,0,12.345,61.323
2026-07-23 19:24:48,30,33,0,0,12.238,61.187
2026-07-23 19:29:48,28,30,0,0,12.247,60.178
2026-07-23 19:34:48,32,33,0,0,12.255,60.083
2026-07-23 19:39:48,59,71,0,0,12.279,59.661
2026-07-23 19:40:06,56,68,0,0,12.268,59.713
2026-07-23 19:42:41,53,63,0,0,12.279,59.618
2026-07-23 19:44:48,33,33,0,0,12.281,60.201
2026-07-23 19:49:48,16,16,0,0,12.305,60.405
2026-07-23 19:49:50,16,16,0,0,12.292,60.392
2026-07-23 19:49:56,17,17,0,0,12.295,60.415
2026-07-23 19:53:39,12,14,0,0,12.263,60.732
2026-07-23 19:54:23,14,18,0,0,12.255,60.556
2026-07-23 19:54:48,14,14,0,0,12.252,60.503
2026-07-23 20:03:12,13,14,0,0,12.18,61.391
2026-07-23 20:04:48,9,9,0,0,12.15,61.121
2026-07-23 20:05:01,10,12,0,0,12.15,61.155
2026-07-23 20:08:03,21,21,0,0,12.118,61.048
2026-07-23 20:08:18,24,25,0,0,12.113,61.056
2026-07-23 20:09:48,53,66,0,0,12.113,61.267
2026-07-23 20:10:08,53,66,0,0,12.089,61.271
2026-07-23 20:11:18,51,61,0,0,12.11,61.344
2026-07-23 20:14:31,41,49,0,0,12.086,61.798
2026-07-23 20:14:32,38,43,0,0,12.07,61.819
2026-07-23 20:15:09,39,44,0,0,12.068,61.945
2026-07-23 20:15:13,38,43,0,0,12.057,62.013
2026-07-23 20:20:22,44,52,0,0,12.089,62.509
2026-07-23 20:21:49,38,43,0,0,12.097,62.751
2026-07-23 20:22:52,43,50,0,0,12.062,63.303
2026-07-23 20:33:00,32,32,0,0,12.126,62.807
2026-07-23 20:33:28,32,33,0,0,12.113,62.452
2026-07-23 20:34:48,35,37,0,0,12.15,62.402
2026-07-23 20:38:01,31,31,0,0,12.156,62.729
2026-07-23 20:39:49,29,32,0,0,12.153,63.213
2026-07-23 20:44:49,56,72,0,0,12.124,62.788
2026-07-23 20:46:17,54,67,0,0,12.145,62.923
2026-07-23 20:47:35,17,17,0,0,12.134,62.694
2026-07-23 20:48:08,15,16,0,0,12.145,62.303
2026-07-23 20:49:48,17,17,0,0,12.137,61.266
2026-07-23 20:51:29,6,7,0,0,12.14,60.917
2026-07-23 20:54:49,6,7,0,0,12.263,61.931
2026-07-23 20:54:50,6,7,0,0,12.244,61.914
2026-07-23 20:56:09,8,9,0,0,12.284,62.069
2026-07-23 20:58:52,8,10,0,0,12.316,62.526
2026-07-23 20:58:56,10,10,0,0,12.316,62.555
2026-07-23 20:59:48,35,40,0,0,12.327,62.811
2026-07-23 21:00:41,41,47,0,0,12.324,62.809
2026-07-23 21:03:33,7,7,0,0,12.3,62.706
2026-07-23 21:04:28,12,13,0,0,12.311,62.288
2026-07-23 21:04:48,25,26,0,0,12.292,62.416
2026-07-23 21:09:49,3,3,0,0,12.273,61.769
2026-07-23 21:14:49,5,5,0,0,12.276,61.784
2026-07-23 21:19:48,8,8,0,0,12.252,61.26
2026-07-23 21:24:49,12,13,0,0,12.3,61.134
2026-07-23 21:26:35,16,19,0,0,12.319,61.47
2026-07-23 21:29:49,27,27,0,0,12.329,61.998
2026-07-23 21:31:36,28,29,0,0,12.327,61.893
2026-07-23 21:34:49,27,28,0,0,12.316,62.473
2026-07-23 21:39:49,27,27,0,0,12.303,62.349
2026-07-23 21:44:49,28,28,0,0,12.305,62.856
2026-07-23 21:49:49,26,27,0,0,12.289,62.683
2026-07-23 21:54:49,25,27,0,0,12.308,62.66
2026-07-23 21:59:48,33,36,0,0,12.327,62.54
2026-07-23 22:00:36,35,36,0,0,12.353,62.725
2026-07-23 22:04:49,27,27,0,0,12.428,62.315
2026-07-23 22:09:49,19,19,0,0,12.393,62.378
2026-07-23 22:14:49,13,13,0,0,12.401,62.177
2026-07-23 22:19:49,7,7,0,0,12.356,61.962
2026-07-23 22:24:49,7,7,0,0,12.391,61.269
2026-07-23 22:29:49,4,5,0,0,12.53,60.373
2026-07-23 22:34:49,6,6,0,0,12.724,60.157
2026-07-23 22:39:49,6,6,0,0,12.807,59.764
2026-07-23 22:43:52,28,30,0,0,12.823,60.386
2026-07-23 22:44:48,28,29,0,0,12.807,60.756
2026-07-23 22:45:11,35,36,0,0,12.818,60.882
2026-07-23 22:46:07,32,36,0,0,12.821,61.138
2026-07-23 22:47:51,28,30,0,0,12.775,61.475
2026-07-23 22:49:49,38,43,0,0,12.7,61.597
2026-07-23 22:49:51,38,45,0,0,12.684,61.596
2026-07-23 22:50:40,36,40,0,0,12.668,61.752
2026-07-23 22:51:45,33,34,0,0,12.612,62.09
2026-07-23 22:54:17,28,31,0,0,12.535,62.641
2026-07-23 22:54:48,29,29,0,0,12.514,62.757
2026-07-23 22:59:49,31,36,0,0,12.345,63.652
2026-07-23 23:04:49,28,28,0,0,12.182,64.714
2026-07-23 23:08:58,31,32,0,0,12.028,65.221
2026-07-23 23:09:48,28,30,0,0,12.025,65.399
2026-07-23 23:14:49,29,29,0,0,11.897,66.377
2026-07-23 23:16:08,31,34,0,0,11.889,66.623
2026-07-23 23:19:49,29,29,0,0,11.819,66.539
2026-07-23 23:20:12,29,29,0,0,11.819,66.61
2026-07-23 23:24:49,32,34,0,0,11.731,67.18
2026-07-23 23:29:49,33,36,0,0,11.638,67.184
2026-07-23 23:30:37,35,38,0,0,11.622,67.165
2026-07-23 23:34:49,43,51,0,0,11.614,67.219
2026-07-23 23:36:55,44,51,0,0,11.592,67.43
2026-07-23 23:39:49,45,54,0,0,11.566,67.581
2026-07-23 23:44:49,46,54,0,0,11.536,68.289
2026-07-23 23:48:14,40,50,0,0,11.509,68.161
2026-07-23 23:49:49,40,47,0,0,11.507,68.136
2026-07-23 23:50:11,39,43,0,0,11.491,68.151
2026-07-23 23:54:46,42,50,0,0,11.435,68.54
2026-07-23 23:54:48,42,50,0,0,11.424,68.563
2026-07-23 23:56:11,43,51,0,0,11.429,68.786
2026-07-23 23:56:40,45,54,0,0,11.413,68.857
2026-07-23 23:59:49,43,51,0,0,11.371,69.448
2026-07-24 00:00:10,43,51,0,0,11.357,69.523
2026-07-24 00:02:54,42,48,0,0,11.301,70.011
2026-07-24 00:04:49,44,50,0,0,11.275,70.209
2026-07-24 00:09:49,40,47,0,0,11.176,70.596
2026-07-24 00:10:16,40,48,0,0,11.16,70.589
2026-07-24 00:11:43,39,45,0,0,11.136,70.661
2026-07-24 00:12:34,39,45,0,0,11.109,70.839
2026-07-24 00:13:35,40,45,0,0,11.096,70.936
2026-07-24 00:14:10,40,47,0,0,11.093,71.022
2026-07-24 00:14:49,40,45,0,0,11.08,71.073
2026-07-24 00:17:28,39,45,0,0,11.037,71.306
2026-07-24 00:19:20,33,37,0,0,10.97,70.968
2026-07-24 00:19:49,30,31,0,0,10.962,70.73
2026-07-24 00:22:15,31,32,0,0,10.946,69.816
2026-07-24 00:22:33,30,31,0,0,10.949,69.841
2026-07-24 00:24:19,28,28,0,0,10.943,69.551
2026-07-24 00:24:49,25,25,0,0,10.949,69.443
2026-07-24 00:26:43,26,27,0,0,10.959,69.38
2026-07-24 00:27:38,26,26,0,0,10.986,69.443
2026-07-24 00:28:24,25,25,0,0,10.981,69.483
2026-07-24 00:29:49,24,26,0,0,10.989,69.553
2026-07-24 00:29:52,22,25,0,0,11.005,69.557
2026-07-24 00:34:49,28,30,0,0,11.029,69.513
2026-07-24 00:39:49,28,28,0,0,10.989,69.761
2026-07-24 00:40:10,29,29,0,0,10.981,69.839
2026-07-24 00:42:58,29,31,0,0,10.927,69.95
2026-07-24 00:44:49,28,29,0,0,10.882,70.032
2026-07-24 00:46:27,26,26,0,0,10.837,70.08
2026-07-24 00:47:26,25,26,0,0,10.791,70.007
2026-07-24 00:48:39,27,27,0,0,10.78,69.988
2026-07-24 00:49:49,27,28,0,0,10.727,70.047
2026-07-24 00:50:43,27,27,0,0,10.716,70.024
2026-07-24 00:52:26,25,26,0,0,10.676,69.998
2026-07-24 00:53:34,25,25,0,0,10.642,70.057
2026-07-24 00:54:49,26,26,0,0,10.631,70.076
2026-07-24 00:55:15,26,27,0,0,10.602,70.064
2026-07-24 00:59:49,26,26,0,0,10.567,70.593
2026-07-24 01:01:55,21,21,0,0,10.521,70.755
2026-07-24 01:04:45,19,20,0,0,10.5,71.056
2026-07-24 01:04:49,20,21,0,0,10.473,71.058
2026-07-24 01:06:14,22,25,0,0,10.468,71.115
2026-07-24 01:07:43,22,22,0,0,10.441,71.304
2026-07-24 01:09:49,21,25,0,0,10.396,71.552
2026-07-24 01:14:49,26,26,0,0,10.26,72.044
2026-07-24 01:19:49,26,26,0,0,10.118,72.902
2026-07-24 01:24:47,25,25,0,0,9.995,73.654
2026-07-24 01:24:49,25,25,0,0,9.998,73.662
2026-07-24 01:29:49,25,26,0,0,9.939,74.177
2026-07-24 01:30:03,23,25,0,0,9.913,74.215
2026-07-24 01:34:49,25,26,0,0,9.881,74.684
2026-07-24 01:37:46,27,30,0,0,9.87,74.919
2026-07-24 01:39:49,29,31,0,0,9.886,74.982
2026-07-24 01:44:49,31,33,0,0,9.886,75.067
2026-07-24 01:48:21,30,30,0,0,9.902,75.159
2026-07-24 01:49:49,27,31,0,0,9.905,75.224
2026-07-24 01:52:50,27,27,0,0,9.91,75.313
2026-07-24 01:54:21,23,25,0,0,9.923,75.485
2026-07-24 01:54:36,20,22,0,0,9.897,75.489
2026-07-24 01:54:49,18,19,0,0,9.915,75.506
2026-07-24 01:57:09,23,23,0,0,9.929,75.611
2026-07-24 01:59:47,13,13,0,0,9.95,75.514
2026-07-24 01:59:49,12,12,0,0,9.942,75.54
2026-07-24 02:04:50,10,13,0,0,10.03,75.609
2026-07-24 02:04:52,10,13,0,0,10.025,75.632
2026-07-24 02:08:24,12,12,0,0,10.07,75.619
2026-07-24 02:09:50,8,8,0,0,10.116,75.605
2026-07-24 02:11:51,6,8,0,0,10.132,75.693
2026-07-24 02:14:50,6,6,0,0,10.204,75.765
2026-07-24 02:19:50,4,4,0,0,10.319,75.54
2026-07-24 02:19:52,4,4,0,0,10.321,75.531
2026-07-24 02:22:34,3,3,0,0,10.439,75.342
2026-07-24 02:24:50,5,5,0,0,10.487,75.172
2026-07-24 02:26:00,5,5,0,0,10.524,75.172
2026-07-24 02:26:46,4,4,0,0,10.521,75.149
2026-07-24 02:29:48,6,6,0,0,10.623,74.877
2026-07-24 02:29:49,6,6,0,0,10.612,74.882
2026-07-24 02:33:16,4,4,0,0,10.703,74.919
2026-07-24 02:34:50,8,8,0,0,10.727,74.945
2026-07-24 02:37:20,12,13,0,0,10.73,75.025
2026-07-24 02:38:53,12,13,0,0,10.732,75.073
2026-07-24 02:39:19,9,10,0,0,10.746,75.113
2026-07-24 02:39:50,6,8,0,0,10.751,75.121
2026-07-24 02:40:19,5,5,0,0,10.754,75.151
2026-07-24 02:44:50,9,9,0,0,10.73,75.315
2026-07-24 02:44:56,9,9,0,0,10.703,75.302
2026-07-24 02:49:50,14,17,0,0,10.684,74.995
2026-07-24 02:50:09,17,18,0,0,10.671,74.966
2026-07-24 02:50:44,17,19,0,0,10.66,74.898
2026-07-24 02:54:50,12,13,0,0,10.596,74.821
2026-07-24 02:55:49,18,19,0,0,10.588,74.806
2026-07-24 02:59:20,8,10,0,0,10.575,74.636
2026-07-24 02:59:50,9,9,0,0,10.575,74.682
2026-07-24 03:00:19,10,10,0,0,10.564,74.728
2026-07-24 03:04:50,8,9,0,0,10.564,74.842
2026-07-24 03:06:27,9,9,0,0,10.537,74.888
2026-07-24 03:07:45,6,8,0,0,10.591,74.999
2026-07-24 03:08:21,10,10,0,0,10.567,75.029
2026-07-24 03:09:53,5,8,0,0,10.559,75.069
2026-07-24 03:10:11,8,8,0,0,10.543,75.109
2026-07-24 03:14:50,4,4,0,0,10.524,75.493
2026-07-24 03:15:07,3,3,0,0,10.489,75.479
2026-07-24 03:16:19,4,5,0,0,10.497,75.538
2026-07-24 03:19:42,1,2,0,0,10.503,75.573
2026-07-24 03:19:50,1,2,0,0,10.473,75.579
2026-07-24 03:22:14,2,2,0,0,10.503,75.535
2026-07-24 03:22:22,2,2,0,0,10.497,75.538
2026-07-24 03:24:50,1,1,0,0,10.532,75.485
2026-07-24 03:25:04,1,1,0,0,10.551,75.502
2026-07-24 03:29:50,2,2,0,0,10.578,75.237
2026-07-24 03:30:26,2,2,0,0,10.572,75.218
2026-07-24 03:34:50,2,2,0,0,10.602,75.054
2026-07-24 03:36:50,1,1,0,0,10.639,74.991
2026-07-24 03:37:50,1,1,0,0,10.631,74.871
2026-07-24 03:39:50,3,4,0,0,10.652,74.6
2026-07-24 03:44:50,18,18,0,0,10.703,73.152
2026-07-24 03:45:50,21,21,0,0,10.716,73.009
2026-07-24 03:47:21,27,28,0,0,10.719,72.95
2026-07-24 03:49:50,25,28,0,0,10.732,72.916
2026-07-24 03:50:50,28,29,0,0,10.74,72.977
2026-07-24 03:51:50,26,26,0,0,10.735,72.996
2026-07-24 03:54:50,30,30,0,0,10.692,73.208
2026-07-24 03:56:20,27,27,0,0,10.655,73.324
2026-07-24 04:56:35,16,17,0,0,9.234,77.743
2026-07-24 05:00:15,10,10,0,0,9.272,77.677
2026-07-24 05:02:02,10,12,0,0,9.253,77.745
2026-07-24 05:05:14,9,9,0,0,9.205,77.94
2026-07-24 05:07:02,5,5,0,0,9.17,78.087
2026-07-24 05:10:15,4,4,0,0,9.136,78.388
2026-07-24 05:11:03,3,3,0,0,9.125,78.476
2026-07-24 05:15:14,2,3,0,0,9.138,78.789
2026-07-24 05:20:16,2,4,0,0,9.181,78.794
2026-07-24 05:25:15,26,27,0,0,9.146,78.712
2026-07-24 05:28:33,25,27,0,0,9.09,78.918
2026-07-24 05:30:14,28,29,0,0,9.069,79.054
2026-07-24 05:35:14,27,28,0,0,8.973,79.327
2026-07-24 05:35:18,27,28,0,0,8.978,79.351
2026-07-24 05:40:14,23,27,0,0,8.911,79.594
2026-07-24 05:41:03,27,27,0,0,8.901,79.616
2026-07-24 05:45:15,26,27,0,0,8.858,79.836
2026-07-24 05:50:03,20,21,0,0,8.788,79.99
2026-07-24 05:50:14,20,21,0,0,8.77,79.979
2026-07-24 05:55:15,18,18,0,0,8.735,80.13
2026-07-24 06:00:14,14,14,0,0,8.74,80.08
2026-07-24 06:05:16,9,10,0,0,8.762,80.313
2026-07-24 06:06:34,9,9,0,0,8.743,80.526
2026-07-24 06:07:04,8,8,0,0,8.783,80.616
2026-07-24 06:10:15,8,8,0,0,8.85,80.702
2026-07-24 06:15:16,9,9,0,0,8.911,80.49
2026-07-24 06:15:35,5,5,0,0,8.919,80.482
2026-07-24 06:20:14,7,7,0,0,8.975,80.345
2026-07-24 06:25:16,4,4,0,0,9.042,80.124
2026-07-24 06:30:14,3,4,0,0,9.069,80.101
2026-07-24 06:35:16,4,4,0,0,9.093,80.017
2026-07-24 06:37:05,3,4,0,0,9.085,80.025
2026-07-24 06:39:35,3,3,0,0,9.079,80.049
2026-07-24 06:40:14,4,4,0,0,9.063,80.072
2026-07-24 06:40:18,4,4,0,0,9.082,80.095
2026-07-24 06:42:35,4,4,0,0,9.077,80.177
2026-07-24 06:44:05,4,4,0,0,9.061,80.217
2026-07-24 06:45:15,4,4,0,0,9.079,80.208
2026-07-24 06:50:15,7,7,0,0,9.039,79.853
2026-07-24 06:55:14,8,9,0,0,8.989,79.756
2026-07-24 07:00:15,4,4,0,0,8.887,80.017
2026-07-24 07:05:16,2,2,0,0,8.842,80.17
2026-07-24 07:10:16,0,1,0,0,8.893,80.225
2026-07-24 07:15:15,0,0,0,0,8.946,80.032
2026-07-24 07:16:36,0,0,0,0,8.983,80
2026-07-24 07:20:07,0,0,0,0,8.999,79.824
2026-07-24 07:20:14,0,1,0,0,9.01,79.821
2026-07-24 07:20:36,0,1,0,0,9.015,79.874
2026-07-24 07:25:16,3,3,0,0,9.088,79.666
2026-07-24 07:30:15,3,3,0,0,9.144,79.399
2026-07-24 07:35:15,0,0,0,0,9.229,79.082
2026-07-24 07:37:37,0,0,0,0,9.248,78.93
2026-07-24 07:40:15,0,0,0,0,9.25,78.8
2026-07-24 07:43:37,0,0,0,0,9.237,78.697
2026-07-24 07:45:16,0,0,0,0,9.232,78.703
2026-07-24 07:46:06,0,0,0,0,9.202,78.726
2026-07-24 07:50:16,10,12,0,0,9.176,78.88
2026-07-24 07:55:15,9,10,0,0,9.136,78.762
2026-07-24 08:00:16,14,16,0,0,9.007,79.246
2026-07-24 08:05:15,14,17,0,0,8.903,79.611
2026-07-24 08:10:16,8,8,0,0,8.895,80.118
2026-07-24 08:15:16,9,13,0,0,8.925,80.271
2026-07-24 08:20:17,5,5,0,0,9.031,80.2
2026-07-24 08:20:21,5,5,0,0,9.039,80.194
2026-07-24 08:25:15,4,4,0,0,9.282,79.855
2026-07-24 08:30:15,4,5,0,0,9.493,79.422
2026-07-24 08:35:16,8,8,0,0,9.672,79.023
2026-07-24 08:40:14,3,3,0,0,9.779,78.356
2026-07-24 08:45:15,3,3,0,0,9.945,77.682
2026-07-24 08:50:15,51,61,0,0,10.185,76.877
2026-07-24 08:53:05,2,2,0,0,10.313,76.273
2026-07-24 08:55:17,0,0,0,0,10.452,76.034
2026-07-24 09:00:15,1,2,0,0,10.732,75.018
2026-07-24 09:05:15,0,0,0,0,11.104,74.005
2026-07-24 09:10:16,1,1,0,0,11.456,73.404
2026-07-24 09:15:16,5,6,0,0,11.79,72.88
2026-07-24 09:20:16,16,17,0,0,11.969,72.294
2026-07-24 09:25:15,1,1,0,0,12.129,71.754
2026-07-24 09:30:16,24,25,0,0,12.228,71.325
2026-07-24 09:35:15,4,4,0,0,12.38,71.289
2026-07-24 09:40:15,4,4,0,0,12.615,71.138
2026-07-24 09:45:16,8,8,0,0,13.016,70.415
2026-07-24 09:50:15,4,4,0,0,13.272,69.837
2026-07-24 09:55:15,3,3,0,0,13.424,69.004
2026-07-24 10:00:16,6,6,0,0,13.536,68.451
2026-07-24 10:05:16,5,5,0,0,13.753,68.514
2026-07-24 10:10:15,9,9,0,0,14.025,68.449
2026-07-24 10:15:15,16,18,0,0,14.372,66.946
2026-07-24 10:20:16,8,9,0,0,14.564,65.567
2026-07-24 10:25:13,7,7,0,0,14.666,66.259
2026-07-24 10:25:17,7,8,0,0,14.655,66.299
2026-07-24 10:30:17,9,11,0,0,14.858,66.208
2026-07-24 10:35:17,11,12,0,0,15.173,65.87
2026-07-24 10:40:17,7,7,0,0,15.432,64.615
2026-07-24 10:45:17,8,8,0,0,15.678,63.789
2026-07-24 10:50:18,7,8,0,0,16.068,62.917
2026-07-24 10:53:08,7,7,0,0,16.343,62.309
2026-07-24 10:55:18,6,6,0,0,16.594,61.37
2026-07-24 11:00:17,7,7,0,0,17.144,59.244
2026-07-24 11:05:17,6,6,0,0,17.475,58.349
2026-07-24 11:10:18,7,7,0,0,17.745,57.808
2026-07-24 11:13:44,8,8,0,0,17.91,57.216
2026-07-24 11:15:18,14,14,0,0,17.958,57.357
2026-07-24 11:20:18,8,8,0,0,18.196,56.613
2026-07-24 11:24:14,3,4,0,0,18.327,56.4
2026-07-24 11:25:20,4,5,0,0,18.34,56.272
2026-07-24 11:26:45,3,3,0,0,18.388,56.438
2026-07-24 11:30:22,4,4,0,0,18.466,56.043
2026-07-24 11:35:17,5,5,0,0,18.663,55.767
2026-07-24 11:40:18,1,1,0,0,19.002,53.554
2026-07-24 11:45:18,0,0,0,0,19.547,51.017
2026-07-24 11:50:18,16,17,0,0,20.49,48.82
2026-07-24 11:55:19,0,0,0,0,21.448,45.829
2026-07-24 12:00:20,0,0,0,0,21.86,45.232
2026-07-24 12:05:18,0,0,0,0,21.809,45.053
2026-07-24 12:10:17,0,0,0,0,21.678,44.952
2026-07-24 12:15:17,0,0,0,0,21.566,45.266
2026-07-24 12:20:18,3,3,0,0,22.119,44.103
2026-07-24 12:25:18,0,0,0,0,22.725,42.116
2026-07-24 12:30:19,0,0,0,0,23.2,40.79
2026-07-24 12:35:19,0,0,0,0,23.534,41.087
2026-07-24 12:38:46,0,0,0,0,23.569,41.034
2026-07-24 12:40:18,0,0,0,0,23.587,40.677
2026-07-24 12:40:22,0,0,0,0,23.579,40.712
2026-07-24 12:40:45,0,0,0,0,23.582,40.742
2026-07-24 12:45:18,0,0,0,0,23.889,39.815
2026-07-24 12:45:22,0,0,0,0,23.921,39.823
2026-07-24 12:50:25,0,0,0,0,24.159,39.293
2026-07-24 12:55:22,0,0,0,0,24.295,39.775
2026-07-24 13:00:24,0,0,0,0,24.653,38.917
2026-07-24 13:05:22,0,0,0,0,25.299,37.555
2026-07-24 13:10:23,13,15,0,0,25.967,37.181
2026-07-24 13:15:24,1,1,0,0,26.287,37.709
2026-07-24 13:20:23,1,1,0,0,26.186,37.214
2026-07-24 13:25:22,2,2,0,0,25.935,37.769
2026-07-24 13:30:23,4,4,0,0,25.951,37.441
2026-07-24 13:35:22,3,4,0,0,25.969,37.103
2026-07-24 13:40:23,5,5,0,0,25.996,36.409
2026-07-24 13:45:21,2,3,0,0,25.921,36.283
2026-07-24 13:50:23,3,3,0,0,25.868,36.596
2026-07-24 13:55:22,1,1,0,0,25.806,35.781
2026-07-24 13:57:49,2,2,0,0,25.79,35.726
2026-07-24 14:00:26,1,1,0,0,25.764,35.751
2026-07-24 14:05:28,3,4,0,0,25.855,35.205
2026-07-24 14:08:20,3,4,0,0,25.804,34.633
2026-07-24 14:10:23,4,4,0,0,25.708,34.776
2026-07-24 14:14:18,4,4,0,0,25.465,35.901
2026-07-24 14:15:22,3,3,0,0,25.398,35.905
2026-07-24 14:20:22,3,3,0,0,25.166,35.911
2026-07-24 14:25:23,1,2,0,0,25.011,35.682
2026-07-24 14:25:27,1,2,0,0,25.013,35.737
2026-07-24 14:27:53,2,3,0,0,24.963,36.33
2026-07-24 14:30:23,0,0,0,0,24.949,35.579
2026-07-24 14:35:25,0,0,0,0,25,34.063
2026-07-24 14:40:24,0,0,0,0,25.075,33.174
2026-07-24 14:45:22,0,0,0,0,25.043,32.504
2026-07-24 14:45:27,0,0,0,0,25.035,32.529
2026-07-24 14:46:19,0,0,0,0,25,32.949
2026-07-24 14:50:22,0,0,0,0,24.923,32.146
2026-07-24 14:55:23,0,0,0,0,24.864,33.151
2026-07-24 15:00:23,0,0,0,0,24.848,32.497
2026-07-24 15:02:50,0,0,0,0,24.84,33.254
2026-07-24 15:05:20,0,0,0,0,24.834,34.066
2026-07-24 15:05:24,0,0,0,0,24.837,34.038
2026-07-24 15:10:24,1,1,0,0,24.848,35.23
2026-07-24 15:15:25,19,19,0,0,24.784,41.248
2026-07-24 15:15:30,19,19,0,0,24.776,41.248
2026-07-24 15:20:25,2,3,0,0,24.535,41.709
2026-07-24 15:25:25,7,7,0,0,24.338,42.806
2026-07-24 15:30:26,8,8,0,0,24.25,42.966
2026-07-24 15:35:25,6,6,0,0,24.236,42.97
2026-07-24 15:40:26,6,6,0,0,24.247,43.409
2026-07-24 15:45:25,2,2,0,0,24.183,43.31
2026-07-24 15:50:27,12,13,0,0,24.007,43.578
2026-07-24 15:55:24,0,0,0,0,23.777,42.659
2026-07-24 16:04:02,0,1,0,0,23.526,42.926
2026-07-24 16:06:18,0,0,0,0,23.294,43.678
2026-07-24 16:11:01,4,5,0,0,23.16,44.307
2026-07-24 16:15:25,4,4,0,0,23.029,44.795
2026-07-24 16:20:25,16,16,0,0,22.856,45.839
2026-07-24 16:25:25,38,43,0,0,22.645,46.243
2026-07-24 16:30:26,26,26,0,0,22.396,47.658
2026-07-24 16:35:25,27,27,0,0,22.274,48.019
2026-07-24 16:39:22,10,10,0,0,22.204,47.767
2026-07-24 16:40:26,15,18,0,0,22.193,47.744
2026-07-24 16:45:26,6,6,0,0,22.001,48.85
2026-07-24 16:50:24,6,6,0,0,21.764,48.606
2026-07-24 16:55:25,21,21,0,0,21.438,48.795
2026-07-24 17:00:25,29,29,0,0,21.072,49.919
2026-07-24 17:05:27,29,30,0,0,20.762,50.954
2026-07-24 17:10:27,15,16,0,0,20.46,51.845
2026-07-24 17:15:25,5,5,0,0,20.204,52.965
2026-07-24 17:20:25,5,5,0,0,19.942,54.107
2026-07-24 17:22:25,5,5,0,0,19.865,54.376
2026-07-24 17:25:26,4,5,0,0,19.718,54.487
2026-07-24 17:30:25,1,2,0,0,19.494,54.676
2026-07-24 17:35:25,7,7,0,0,19.272,54.088
2026-07-24 17:40:25,17,17,0,0,19.051,54.386
2026-07-24 17:45:25,21,21,0,0,18.864,55.227
2026-07-24 17:50:25,6,6,0,0,18.637,55.784
2026-07-24 17:55:25,5,5,0,0,18.463,56.118
2026-07-24 18:00:25,6,7,0,0,18.297,56.507
2026-07-24 18:05:26,7,7,0,0,18.153,56.69
2026-07-24 18:10:25,36,41,0,0,18.036,56.781
2026-07-24 18:15:29,22,24,0,0,17.884,57.649
2026-07-24 18:20:25,19,21,0,0,17.755,58.939
2026-07-24 18:25:24,39,47,0,0,17.587,58.958
2026-07-24 18:30:25,95,101,0,0,17.435,59.774
2026-07-24 18:35:25,109,112,0,0,17.285,60.331
2026-07-24 18:40:00,51,62,0,0,17.181,60.604
2026-07-24 18:40:25,53,64,0,0,17.144,60.667
2026-07-24 18:44:30,40,47,0,0,17.042,60.968
2026-07-24 18:45:25,41,48,0,0,17.021,61.033
2026-07-24 18:50:25,19,19,0,0,16.925,61.512
2026-07-24 18:55:24,9,9,0,0,16.818,61.517
2026-07-24 18:59:01,6,6,0,0,16.749,61.956
2026-07-24 19:00:26,7,7,0,0,16.749,62.252
2026-07-24 19:05:25,29,31,0,0,16.647,62.147
2026-07-24 19:10:27,20,24,0,0,16.615,62.082
2026-07-24 19:15:25,24,24,0,0,16.567,62.484
2026-07-24 19:20:29,11,11,0,0,16.519,62.61
2026-07-24 19:25:25,30,34,0,0,16.455,62.494
2026-07-24 19:30:27,20,20,0,0,16.45,63.297
2026-07-24 19:35:26,19,19,0,0,16.41,63.69
2026-07-24 19:38:03,22,22,0,0,16.394,63.917
2026-07-24 19:40:25,18,18,0,0,16.378,64.205
2026-07-24 19:45:25,23,23,0,0,16.321,64.357
2026-07-24 19:50:25,36,41,0,0,16.201,65.258
2026-07-24 19:55:26,28,29,0,0,16.129,65.136
2026-07-24 19:57:05,25,26,0,0,16.102,65.923
2026-07-24 20:00:28,26,27,0,0,16.044,66.498
2026-07-24 20:02:05,23,23,0,0,15.998,66.869
2026-07-24 20:05:26,25,25,0,0,15.883,67.11
2026-07-24 20:10:25,27,28,0,0,15.731,67.72
2026-07-24 20:13:05,24,24,0,0,15.667,68.042
2026-07-24 20:15:25,26,28,0,0,15.574,68.306
2026-07-24 20:20:26,30,31,0,0,15.446,68.66
2026-07-24 20:25:25,33,35,0,0,15.325,69.168
2026-07-24 20:30:26,44,52,0,0,15.205,69.738
2026-07-24 20:31:34,47,59,0,0,15.219,69.858
2026-07-24 20:35:25,48,60,0,0,15.098,70.129
2026-07-24 20:39:36,49,58,0,0,15.048,70.301
2026-07-24 20:40:25,46,55,0,0,15.037,70.436
2026-07-24 20:42:45,46,57,0,0,14.992,70.545
2026-07-24 20:45:26,62,73,0,0,14.978,70.873
2026-07-24 20:50:25,58,71,0,0,14.885,71.668
2026-07-24 20:55:26,58,70,0,0,14.834,71.604
2026-07-24 21:00:25,62,73,0,0,14.794,71.966
2026-07-24 21:05:27,58,71,0,0,14.767,72.176
2026-07-24 21:10:25,38,43,0,0,14.722,72.285
2026-07-24 21:10:29,37,42,0,0,14.717,72.269
2026-07-24 21:15:25,35,41,0,0,14.679,72.262
2026-07-24 21:20:25,34,38,0,0,14.677,72.386
2026-07-24 21:22:37,34,38,0,0,14.652,72.161
2026-07-24 21:25:26,43,51,0,0,14.666,72.317
2026-07-24 21:30:26,30,32,0,0,14.674,71.81
2026-07-24 21:35:26,33,35,0,0,14.719,71.928
2026-07-24 21:40:25,36,39,0,0,14.791,71.602
2026-07-24 21:42:37,37,41,0,0,14.797,71.634
2026-07-24 21:45:26,85,88,0,0,14.829,71.964
2026-07-24 21:45:29,84,88,0,0,14.81,71.949
2026-07-24 21:50:25,55,69,0,0,14.815,72.149
2026-07-24 21:55:25,52,64,0,0,14.767,72.399
2026-07-24 22:00:25,44,51,0,0,14.69,72.41
2026-07-24 22:05:26,45,56,0,0,14.644,72.582
2026-07-24 22:10:25,38,43,0,0,14.594,72.698
2026-07-24 22:15:26,40,45,0,0,14.564,73.217
2026-07-24 22:20:26,50,60,0,0,14.538,73.54
2026-07-24 22:22:38,45,54,0,0,14.524,73.664
2026-07-24 22:25:25,42,49,0,0,14.5,73.837
2026-07-24 22:30:26,55,69,0,0,14.466,74.312
2026-07-24 22:30:29,57,71,0,0,14.463,74.333
2026-07-24 22:35:25,48,56,0,0,14.399,74.764
2026-07-24 22:40:26,43,49,0,0,14.329,75.165
2026-07-24 22:40:51,42,49,0,0,14.319,75.216
2026-07-24 22:45:26,38,45,0,0,14.297,75.477
2026-07-24 22:50:25,37,43,0,0,14.255,75.891
2026-07-24 22:55:09,46,56,0,0,14.199,75.641
2026-07-24 22:55:25,48,57,0,0,14.209,75.628
2026-07-24 23:00:25,49,59,0,0,14.158,75.386
2026-07-24 23:05:25,49,58,0,0,14.191,75.273
2026-07-24 23:10:26,45,53,0,0,14.212,75.523
2026-07-24 23:15:27,44,52,0,0,14.236,75.224
2026-07-24 23:20:27,41,48,0,0,14.244,75.317
2026-07-24 23:25:26,42,49,0,0,14.26,74.85
2026-07-24 23:25:30,43,49,0,0,14.236,74.879
2026-07-24 23:30:26,38,42,0,0,14.255,74.613
2026-07-24 23:35:25,31,33,0,0,14.287,74.287
2026-07-24 23:37:41,33,37,0,0,14.289,74.32
2026-07-24 23:40:25,34,39,0,0,14.337,74.43
2026-07-24 23:45:26,45,54,0,0,14.327,74.678
2026-07-24 23:46:44,50,61,0,0,14.321,74.657
2026-07-24 23:50:25,43,51,0,0,14.297,74.653
2026-07-24 23:55:25,43,51,0,0,14.244,74.737
2026-07-25 00:00:26,53,64,0,0,14.223,74.911
2026-07-25 00:03:42,56,69,0,0,14.209,75.18
2026-07-25 00:05:27,55,70,0,0,14.196,75.195
2026-07-25 00:10:26,48,60,0,0,14.158,75.609
2026-07-25 00:15:26,52,66,0,0,14.134,75.687
2026-07-25 00:20:26,49,59,0,0,14.1,75.983
2026-07-25 00:25:26,46,56,0,0,14.046,76.034
2026-07-25 00:30:26,42,50,0,0,13.996,76.073
2026-07-25 00:35:25,37,42,0,0,13.956,76.176
2026-07-25 00:40:26,46,56,0,0,13.929,76.317
2026-07-25 00:45:25,54,66,0,0,13.907,76.567
2026-07-25 00:45:29,53,65,0,0,13.899,76.574
2026-07-25 00:50:25,101,105,0,0,13.891,76.761
2026-07-25 00:55:27,92,96,0,0,13.838,76.979
2026-07-25 00:56:41,81,85,0,0,13.827,77.064
2026-07-25 01:00:26,54,65,0,0,13.793,77.165
2026-07-25 01:03:06,50,61,0,0,13.801,77.28
2026-07-25 01:05:25,50,61,0,0,13.774,77.356
2026-07-25 01:10:26,47,56,0,0,13.774,77.333
2026-07-25 01:13:12,45,53,0,0,13.737,77.495
2026-07-25 01:15:25,48,58,0,0,13.726,77.682
2026-07-25 01:20:26,50,59,0,0,13.713,77.867
2026-07-25 01:25:26,48,56,0,0,13.694,78.06
2026-07-25 01:30:26,47,57,0,0,13.648,78.316
2026-07-25 01:35:26,45,53,0,0,13.635,78.497
2026-07-25 01:40:26,39,44,0,0,13.608,78.419
2026-07-25 01:45:26,37,40,0,0,13.616,78.361
2026-07-25 01:50:27,34,36,0,0,13.614,78.085
2026-07-25 01:50:30,34,37,0,0,13.635,78.079
2026-07-25 01:55:26,34,36,0,0,13.635,78.064
2026-07-25 02:00:26,34,38,0,0,13.664,77.972
2026-07-25 02:01:49,36,39,0,0,13.675,77.967
2026-07-25 02:05:26,39,45,0,0,13.694,78.545
2026-07-25 02:10:25,42,50,0,0,13.662,79.212
2026-07-25 02:13:44,46,54,0,0,13.648,79.47
2026-07-25 02:15:26,48,59,0,0,13.6,79.691
2026-07-25 02:20:26,44,54,0,0,13.523,80.282
2026-07-25 02:24:28,44,52,0,0,13.451,80.522
2026-07-25 02:25:25,47,57,0,0,13.443,80.652
2026-07-25 02:28:15,47,57,0,0,13.395,80.948
2026-07-25 02:30:15,49,58,0,0,13.379,81.152
2026-07-25 02:30:26,48,57,0,0,13.355,81.163
2026-07-25 02:30:47,48,56,0,0,13.333,81.245
2026-07-25 02:32:25,48,59,0,0,13.304,81.398
2026-07-25 02:32:32,47,57,0,0,13.288,81.438
2026-07-25 02:34:04,48,56,0,0,13.269,81.634
2026-07-25 02:35:25,48,58,0,0,13.24,81.793
2026-07-25 02:35:50,47,55,0,0,13.251,81.844
2026-07-25 02:44:40,47,56,0,0,13.069,82.554
2026-07-25 02:45:26,46,54,0,0,13.064,82.661
2026-07-25 02:46:45,45,52,0,0,13.037,82.756
2026-07-25 02:48:22,43,51,0,0,13.032,82.886
2026-07-25 02:50:03,43,51,0,0,13.018,82.977
2026-07-25 02:50:25,42,48,0,0,12.994,83.002
2026-07-25 02:54:18,40,49,0,0,12.962,83.239
2026-07-25 02:55:26,41,48,0,0,12.973,83.315
2026-07-25 02:55:28,41,48,0,0,12.97,83.3
2026-07-25 03:00:26,37,40,0,0,12.949,83.563
2026-07-25 03:01:33,36,40,0,0,12.943,83.595
2026-07-25 03:05:26,38,43,0,0,12.925,83.754
2026-07-25 03:06:16,40,47,0,0,12.903,83.82
2026-07-25 03:10:26,34,39,0,0,12.879,83.912
2026-07-25 03:15:27,30,31,0,0,12.847,84.181
2026-07-25 03:20:26,31,31,0,0,12.826,84.431
2026-07-25 03:21:47,31,31,0,0,12.823,84.515
2026-07-25 03:25:26,54,65,0,0,12.807,84.509
2026-07-25 03:28:03,54,66,0,0,12.786,84.476
2026-07-25 03:30:26,57,69,0,0,12.762,84.486
2026-07-25 03:30:29,56,68,0,0,12.767,84.501
2026-07-25 03:31:52,54,66,0,0,12.741,84.537
2026-07-25 03:35:26,50,61,0,0,12.711,84.656
2026-07-25 03:37:49,52,64,0,0,12.706,84.711
2026-07-25 03:40:26,52,64,0,0,12.658,84.774
2026-07-25 03:40:29,52,64,0,0,12.647,84.757
2026-07-25 03:45:26,54,65,0,0,12.62,84.972
2026-07-25 03:47:47,52,63,0,0,12.596,85.073
2026-07-25 03:48:27,50,62,0,0,12.583,85.123
2026-07-25 03:50:27,50,61,0,0,12.591,85.18
2026-07-25 03:55:25,47,56,0,0,12.54,85.447
2026-07-25 03:57:53,43,51,0,0,12.53,85.644
2026-07-25 04:00:26,40,49,0,0,12.535,85.833
2026-07-25 04:02:43,38,43,0,0,12.532,85.89
2026-07-25 04:05:28,36,41,0,0,12.554,85.932
2026-07-25 04:07:30,35,37,0,0,12.54,85.938
2026-07-25 04:09:30,33,34,0,0,12.556,85.897
2026-07-25 04:10:26,33,36,0,0,12.559,85.863
2026-07-25 04:14:49,29,29,0,0,12.61,85.815
2026-07-25 04:15:26,29,29,0,0,12.594,85.77
2026-07-25 04:20:26,22,25,0,0,12.631,85.604
2026-07-25 04:20:30,22,25,0,0,12.62,85.604
2026-07-25 04:21:48,19,19,0,0,12.642,85.505
2026-07-25 04:25:26,9,12,0,0,12.682,85.146
2026-07-25 04:35:04,6,6,0,0,12.826,83.839
2026-07-25 04:35:26,6,6,0,0,12.85,83.82
2026-07-25 04:37:19,5,6,0,0,12.877,83.645
2026-07-25 04:40:27,4,4,0,0,12.909,83.374
2026-07-25 04:40:30,4,5,0,0,12.909,83.323
2026-07-25 04:43:15,4,4,0,0,12.946,83.29
2026-07-25 04:45:26,4,4,0,0,12.986,83.107
2026-07-25 04:46:39,3,3,0,0,13,82.918
2026-07-25 04:50:27,4,4,0,0,13.037,82.653
2026-07-25 04:55:26,5,5,0,0,13.096,82.533
2026-07-25 05:00:28,3,3,0,0,13.12,82.645
2026-07-25 05:01:20,3,3,0,0,13.088,82.693
2026-07-25 05:03:26,4,4,0,0,13.088,82.733
2026-07-25 05:04:49,2,3,0,0,13.104,82.745
2026-07-25 05:05:26,3,3,0,0,13.09,82.735
2026-07-25 05:05:53,2,2,0,0,13.093,82.739
2026-07-25 05:06:50,2,3,0,0,13.098,82.71
2026-07-25 05:08:05,3,3,0,0,13.09,82.764
2026-07-25 05:08:47,3,3,0,0,13.08,82.76
2026-07-25 05:09:57,1,1,0,0,13.058,82.756
2026-07-25 05:10:26,1,2,0,0,13.066,82.775
2026-07-25 05:14:55,4,4,0,0,13.021,82.729
2026-07-25 05:15:27,5,5,0,0,13.008,82.746
2026-07-25 05:18:27,8,8,0,0,12.992,82.905
2026-07-25 05:18:59,8,8,0,0,13.016,82.956
2026-07-25 05:20:34,12,13,0,0,12.978,83.052
2026-07-25 05:20:37,12,13,0,0,12.965,83.111
2026-07-25 05:24:26,9,9,0,0,12.954,83.254
2026-07-25 05:25:25,16,16,0,0,12.927,83.288
2026-07-25 05:26:26,14,14,0,0,12.925,83.37
2026-07-25 05:27:43,13,13,0,0,12.893,83.406
2026-07-25 05:30:27,15,16,0,0,12.879,83.569
2026-07-25 05:33:11,9,9,0,0,12.858,83.664
2026-07-25 05:35:26,12,14,0,0,12.826,83.7
2026-07-25 05:40:29,13,14,0,0,12.837,83.683
2026-07-25 05:41:25,13,13,0,0,12.815,83.74
2026-07-25 05:45:26,13,14,0,0,12.791,83.803
2026-07-25 05:48:04,9,13,0,0,12.757,83.876
2026-07-25 05:50:26,13,13,0,0,12.759,83.975
2026-07-25 05:53:26,12,12,0,0,12.754,83.99
2026-07-25 05:55:27,12,12,0,0,12.741,84.002
2026-07-25 06:00:30,8,9,0,0,12.727,84.133
2026-07-25 06:02:15,8,8,0,0,12.708,84.169
2026-07-25 06:04:17,7,8,0,0,12.698,84.221
2026-07-25 06:05:26,9,9,0,0,12.684,84.27
2026-07-25 06:09:58,15,15,0,0,12.647,84.408
2026-07-25 06:10:26,9,9,0,0,12.631,84.444
2026-07-25 06:15:27,20,20,0,0,12.618,84.663
2026-07-25 06:19:02,20,21,0,0,12.588,84.774
2026-07-25 06:20:26,19,20,0,0,12.594,84.827
2026-07-25 06:25:27,16,18,0,0,12.562,84.951
2026-07-25 06:25:55,16,18,0,0,12.575,84.991
2026-07-25 06:30:26,16,20,0,0,12.556,85.157
2026-07-25 06:30:31,15,20,0,0,12.543,85.161
2026-07-25 06:32:32,19,20,0,0,12.551,85.199
2026-07-25 06:33:11,17,21,0,0,12.543,85.236
2026-07-25 06:34:36,9,12,0,0,12.564,85.213
2026-07-25 06:35:26,8,8,0,0,12.586,85.215
2026-07-25 06:40:26,13,15,0,0,12.631,85.114
2026-07-25 06:41:32,17,17,0,0,12.626,85.06
2026-07-25 06:42:32,14,15,0,0,12.658,84.995
2026-07-25 06:44:33,12,12,0,0,12.687,84.803
2026-07-25 06:45:26,12,14,0,0,12.692,84.743
2026-07-25 06:50:03,14,15,0,0,12.77,84.436
2026-07-25 06:50:27,14,15,0,0,12.794,84.44
2026-07-25 06:55:28,12,12,0,0,12.837,84.215
2026-07-25 07:00:32,15,15,0,0,12.855,84.002
2026-07-25 07:00:42,15,15,0,0,12.861,83.994
2026-07-25 07:05:27,21,21,0,0,12.893,83.79
2026-07-25 07:09:14,35,36,0,0,12.919,83.805
2026-07-25 07:10:28,35,39,0,0,12.911,83.853
2026-07-25 07:10:31,36,38,0,0,12.898,83.843
2026-07-25 07:15:28,26,27,0,0,12.879,83.99
2026-07-25 07:19:08,28,29,0,0,12.826,84.221
2026-07-25 07:20:26,28,29,0,0,12.823,84.297
2026-07-25 07:20:37,27,29,0,0,12.813,84.311
2026-07-25 07:25:27,27,28,0,0,12.759,84.457
2026-07-25 07:30:27,27,28,0,0,12.698,84.671
2026-07-25 07:35:27,21,21,0,0,12.642,84.89
2026-07-25 07:39:41,18,19,0,0,12.615,85.123
2026-07-25 07:40:26,18,19,0,0,12.615,85.167
2026-07-25 07:45:27,12,13,0,0,12.591,85.253
2026-07-25 07:47:46,7,7,0,0,12.583,85.327
2026-07-25 07:49:45,6,7,0,0,12.578,85.379
2026-07-25 07:50:27,8,8,0,0,12.57,85.43
2026-07-25 07:55:26,9,9,0,0,12.567,85.432
2026-07-25 07:55:29,8,9,0,0,12.535,85.447
2026-07-25 07:56:28,9,9,0,0,12.57,85.466
2026-07-25 07:59:08,12,13,0,0,12.551,85.501
2026-07-25 08:00:26,8,8,0,0,12.562,85.543
2026-07-25 08:03:53,11,11,0,0,12.522,85.684
2026-07-25 08:05:26,17,17,0,0,12.516,85.69
2026-07-25 08:07:58,6,6,0,0,12.498,85.756
2026-07-25 08:09:17,8,8,0,0,12.503,85.772
2026-07-25 08:10:26,51,62,0,0,12.503,85.791
2026-07-25 08:11:14,73,80,0,0,12.487,85.827
2026-07-25 08:15:27,42,50,0,0,12.481,85.808
2026-07-25 08:15:31,44,51,0,0,12.492,85.84
2026-07-25 08:20:26,36,39,0,0,12.476,85.934
2026-07-25 08:24:01,37,40,0,0,12.468,86.031
2026-07-25 08:25:27,37,40,0,0,12.465,86.061
2026-07-25 08:28:41,20,20,0,0,12.495,86.134
2026-07-25 08:30:27,15,16,0,0,12.468,86.092
2026-07-25 08:33:39,24,25,0,0,12.476,86.113
2026-07-25 08:35:27,26,27,0,0,12.5,86.128
2026-07-25 08:40:26,33,36,0,0,12.506,86.105
2026-07-25 08:41:08,35,37,0,0,12.516,86.109
2026-07-25 08:44:07,38,43,0,0,12.506,86.121
2026-07-25 08:45:11,36,39,0,0,12.522,86.142
2026-07-25 08:45:27,36,42,0,0,12.514,86.159
2026-07-25 08:50:27,39,43,0,0,12.514,86.193
2026-07-25 08:54:13,39,44,0,0,12.559,86.206
2026-07-25 08:55:27,36,40,0,0,12.519,86.182
2026-07-25 09:00:28,36,38,0,0,12.58,86.214
2026-07-25 09:00:32,35,37,0,0,12.583,86.226
2026-07-25 09:05:28,34,36,0,0,12.612,86.302
2026-07-25 09:10:27,35,37,0,0,12.639,86.309
2026-07-25 09:15:26,28,28,0,0,12.658,86.353
2026-07-25 09:15:36,27,28,0,0,12.658,86.378
2026-07-25 09:15:42,27,28,0,0,12.644,86.361
2026-07-25 09:20:27,20,20,0,0,12.663,86.412
2026-07-25 09:25:28,24,24,0,0,12.714,86.372
2026-07-25 09:27:51,24,26,0,0,12.722,86.365
2026-07-25 09:30:27,28,29,0,0,12.73,86.388
2026-07-25 09:35:28,28,29,0,0,12.749,86.5
2026-07-25 09:40:32,22,24,0,0,12.791,86.628
2026-07-25 09:45:27,20,20,0,0,12.821,86.613
2026-07-25 09:50:27,14,16,0,0,12.871,86.382
2026-07-25 09:55:29,19,21,0,0,12.919,86.266
2026-07-25 09:58:46,26,26,0,0,12.943,86.26
2026-07-25 09:59:14,27,27,0,0,12.951,86.308
2026-07-25 10:00:27,27,29,0,0,12.976,86.355
2026-07-25 10:00:31,28,30,0,0,12.976,86.355
2026-07-25 10:05:27,35,38,0,0,13.005,85.863
2026-07-25 10:10:15,36,40,0,0,13.018,85.741
2026-07-25 10:10:31,35,40,0,0,13.016,85.758
2026-07-25 10:12:45,34,38,0,0,13.01,85.653
2026-07-25 10:15:27,39,44,0,0,13.01,85.707
2026-07-25 10:17:48,38,41,0,0,13.056,85.802
2026-07-25 10:20:28,32,34,0,0,13.077,85.699
2026-07-25 10:25:26,29,29,0,0,13.152,85.148
2026-07-25 10:30:27,24,24,0,0,13.21,84.74
2026-07-25 10:35:26,13,13,0,0,13.264,84.095
2026-07-25 10:40:27,25,26,0,0,13.336,83.817
2026-07-25 10:45:27,9,9,0,0,13.405,83.586
2026-07-25 10:47:15,9,11,0,0,13.424,83.424
2026-07-25 10:50:27,11,11,0,0,13.504,83.231
2026-07-25 10:50:44,19,20,0,0,13.504,83.202
2026-07-25 10:55:27,19,19,0,0,13.611,82.718
2026-07-25 10:56:15,23,23,0,0,13.608,82.611
2026-07-25 11:00:28,32,35,0,0,13.667,82.594
2026-07-25 11:02:17,23,24,0,0,13.68,82.468
2026-07-25 11:05:16,15,16,0,0,13.705,82.375
2026-07-25 11:05:27,14,14,0,0,13.702,82.376
2026-07-25 11:07:16,16,16,0,0,13.702,82.22
2026-07-25 11:08:46,16,17,0,0,13.726,82.243
2026-07-25 11:10:28,15,17,0,0,13.753,82.176
2026-07-25 11:12:01,18,18,0,0,13.793,82.096
2026-07-25 11:15:28,9,11,0,0,13.873,82.001
2026-07-25 11:20:28,8,8,0,0,13.977,81.745
2026-07-25 11:20:46,9,9,0,0,13.966,81.69
2026-07-25 11:25:27,9,9,0,0,14.1,81.448
2026-07-25 11:28:46,7,8,0,0,14.188,81.011
2026-07-25 11:29:16,9,9,0,0,14.204,80.965
2026-07-25 11:30:16,4,4,0,0,14.212,80.696
2026-07-25 11:30:27,6,6,0,0,14.196,80.666
2026-07-25 11:35:27,4,4,0,0,14.345,79.84
2026-07-25 11:38:46,4,5,0,0,14.439,79.645
2026-07-25 11:40:27,4,5,0,0,14.479,79.328
2026-07-25 11:45:28,5,6,0,0,14.554,78.897
2026-07-25 11:50:27,8,8,0,0,14.668,78.539
2026-07-25 11:51:47,6,6,0,0,14.69,78.688
2026-07-25 11:55:27,1,1,0,0,14.81,78.083
2026-07-25 12:00:29,0,0,0,0,14.906,77.026
2026-07-25 12:05:27,0,0,0,0,14.994,76.544
2026-07-25 12:06:17,0,0,0,0,15.018,76.622
2026-07-25 12:10:27,1,1,0,0,15.077,76.647
2026-07-25 12:14:58,0,0,0,0,15.096,77.246
2026-07-25 12:15:27,0,0,0,0,15.101,77.337
2026-07-25 12:20:19,0,0,0,0,15.109,77.501
2026-07-25 12:20:28,0,0,0,0,15.106,77.503
2026-07-25 12:25:27,0,0,0,0,15.128,76.324
2026-07-25 12:25:31,0,0,0,0,15.109,76.315
2026-07-25 12:30:27,0,0,0,0,15.189,76.851
2026-07-25 12:35:31,0,0,0,0,15.267,76.109
2026-07-25 12:35:53,3,3,0,0,15.269,76.151
2026-07-25 12:39:18,7,8,0,0,15.317,75.92
2026-07-25 12:40:27,4,4,0,0,15.352,76.116
2026-07-25 12:45:31,19,19,0,0,15.387,76.092
2026-07-25 12:50:26,9,9,0,0,15.355,76.042
2026-07-25 12:55:27,5,5,0,0,15.368,76.073
2026-07-25 13:00:28,2,2,0,0,15.397,75.889
2026-07-25 13:05:27,6,6,0,0,15.462,75.813
2026-07-25 13:10:27,5,5,0,0,15.448,76.122
2026-07-25 13:13:49,6,6,0,0,15.478,76.149
2026-07-25 13:15:27,8,9,0,0,15.512,76.212
2026-07-25 13:18:19,6,7,0,0,15.531,76.406
2026-07-25 13:19:49,8,9,0,0,15.542,76.555
2026-07-25 13:20:36,9,9,0,0,15.526,76.61
2026-07-25 13:25:28,12,14,0,0,15.595,76.944
2026-07-25 13:30:27,5,6,0,0,15.582,77.045
2026-07-25 13:35:28,6,6,0,0,15.595,76.431
2026-07-25 13:40:28,28,30,0,0,15.606,76.374
2026-07-25 13:40:32,28,30,0,0,15.587,76.351
2026-07-25 13:41:20,31,34,0,0,15.584,76.397
2026-07-25 13:45:30,20,20,0,0,15.574,76.071
2026-07-25 13:50:28,7,7,0,0,15.595,75.485
2026-07-25 13:54:43,6,6,0,0,15.651,75.313
2026-07-25 13:55:27,7,7,0,0,15.657,75.056
2026-07-25 14:00:29,7,7,0,0,15.729,74.152
2026-07-25 14:00:54,7,7,0,0,15.779,74.032
2026-07-25 14:05:28,14,15,0,0,15.862,75.058
2026-07-25 14:10:28,19,22,0,0,16.012,75.224
2026-07-25 14:15:27,23,23,0,0,16.159,75.075
2026-07-25 14:15:51,25,25,0,0,16.177,75.048
2026-07-25 14:20:21,20,22,0,0,16.418,74.465
2026-07-25 14:20:27,20,23,0,0,16.412,74.447
2026-07-25 14:25:29,27,28,0,0,16.575,74.121
2026-07-25 14:30:29,36,46,0,0,16.711,73.705
2026-07-25 14:35:28,23,23,0,0,16.791,73.129
2026-07-25 14:40:28,19,23,0,0,16.898,72.901
2026-07-25 14:41:21,18,20,0,0,16.944,72.63
2026-07-25 14:43:52,24,24,0,0,16.978,72.357
2026-07-25 14:45:22,27,28,0,0,17.008,72.361
2026-07-25 14:45:30,27,28,0,0,16.986,72.338
2026-07-25 14:50:28,26,27,0,0,17.029,71.964
2026-07-25 14:55:28,25,26,0,0,17.082,72.079
2026-07-25 14:59:26,13,13,0,0,17.101,71.556
2026-07-25 15:00:28,19,19,0,0,17.147,71.722
2026-07-25 15:05:30,24,24,0,0,17.221,71.676
2026-07-25 15:08:52,11,12,0,0,17.229,70.989
2026-07-25 15:10:31,11,14,0,0,17.235,70.955
2026-07-25 15:15:30,47,57,0,0,17.219,71.102
2026-07-25 15:17:23,8,8,0,0,17.181,70.48
2026-07-25 15:19:29,18,19,0,0,17.139,70.434
2026-07-25 15:20:28,32,35,0,0,17.107,70.644
2026-07-25 15:25:28,24,24,0,0,17.008,71.161
2026-07-25 15:30:28,20,20,0,0,16.925,71.443
2026-07-25 15:32:54,30,34,0,0,16.864,71.644
2026-07-25 15:34:53,26,27,0,0,16.834,71.598
2026-07-25 15:35:31,33,38,0,0,16.823,71.712
2026-07-25 15:40:28,34,39,0,0,16.653,72.012
2026-07-25 15:45:28,38,44,0,0,16.511,72.626
2026-07-25 15:50:31,41,48,0,0,16.391,73.374
2026-07-25 15:53:55,49,59,0,0,16.284,73.675
2026-07-25 15:55:28,53,65,0,0,16.241,73.49
2026-07-25 16:00:28,48,58,0,0,16.108,73.208
2026-07-25 16:06:36,42,50,0,0,16.068,72.931
2026-07-25 16:11:23,33,38,0,0,16.02,73.004
2026-07-25 16:15:47,11,11,0,0,15.966,72.681
2026-07-25 16:20:33,23,26,0,0,15.932,73.238
2026-07-25 16:24:54,33,36,0,0,15.913,73.641
2026-07-25 16:25:29,46,55,0,0,15.908,73.652
2026-07-25 16:30:28,57,69,0,0,15.841,74.159
2026-07-25 16:35:28,34,37,0,0,15.79,74.142
2026-07-25 16:40:28,25,26,0,0,15.755,74.283
2026-07-25 16:45:28,30,31,0,0,15.729,74.791
2026-07-25 16:46:08,31,32,0,0,15.729,74.818
2026-07-25 16:50:28,25,26,0,0,15.667,74.877
2026-07-25 16:55:28,34,38,0,0,15.616,75.411
2026-07-25 17:00:28,47,56,0,0,15.547,76.08
2026-07-25 17:05:28,92,96,0,0,15.496,76.385
2026-07-25 17:10:28,53,65,0,0,15.424,76.622
2026-07-25 17:15:28,49,62,0,0,15.344,76.822
2026-07-25 17:15:58,53,64,0,0,15.339,76.885
2026-07-25 17:20:29,58,69,0,0,15.237,77.129
2026-07-25 17:25:29,54,68,0,0,15.146,77.665
2026-07-25 17:30:28,57,69,0,0,15.034,78.18
2026-07-25 17:35:30,60,71,0,0,14.944,77.921
2026-07-25 17:40:28,53,65,0,0,14.879,78.209
2026-07-25 17:45:38,46,54,0,0,14.805,78.113
2026-07-25 17:50:31,41,48,0,0,14.805,77.978
2026-07-25 17:55:28,43,49,0,0,14.839,77.759
2026-07-25 18:00:29,44,53,0,0,14.847,76.979
2026-07-25 18:05:30,46,55,0,0,14.842,76.744
2026-07-25 18:05:57,45,53,0,0,14.815,76.755
2026-07-25 18:10:30,48,59,0,0,14.77,76.841
2026-07-25 18:15:28,47,59,0,0,14.738,76.687
2026-07-25 18:20:28,34,37,0,0,14.727,77.11
2026-07-25 18:24:28,42,49,0,0,14.735,77.291
2026-07-25 18:25:32,41,49,0,0,14.73,77.366
2026-07-25 18:30:36,42,49,0,0,14.674,77.509
2026-07-25 18:31:48,44,51,0,0,14.666,77.433
2026-07-25 18:35:29,45,56,0,0,14.602,77.492
2026-07-25 18:40:29,49,60,0,0,14.57,77.696
2026-07-25 18:45:28,46,56,0,0,14.514,77.787
2026-07-25 18:49:58,48,57,0,0,14.442,77.867
2026-07-25 18:50:28,50,61,0,0,14.404,77.879
2026-07-25 18:55:28,49,61,0,0,14.361,78.113
2026-07-25 18:59:47,53,63,0,0,14.327,78.255
2026-07-25 19:00:29,51,61,0,0,14.319,78.255
2026-07-25 19:05:00,53,63,0,0,14.228,78.154
2026-07-25 19:05:28,51,64,0,0,14.22,78.209
2026-07-25 19:07:29,44,51,0,0,14.215,78.115
2026-07-25 19:10:28,37,43,0,0,14.164,78.117
2026-07-25 19:15:29,55,70,0,0,14.158,78.636
2026-07-25 19:20:28,48,59,0,0,14.174,79.092
2026-07-25 19:25:29,50,59,0,0,14.161,79.498
2026-07-25 19:30:29,55,70,0,0,14.084,79.727
2026-07-25 19:35:05,51,61,0,0,14.02,79.531
2026-07-25 19:35:28,50,61,0,0,13.996,79.538
2026-07-25 19:40:28,48,57,0,0,13.902,79.613
2026-07-25 19:45:29,48,58,0,0,13.849,79.681
2026-07-25 19:50:30,49,60,0,0,13.865,79.897
2026-07-25 19:52:04,48,60,0,0,13.865,79.845
2026-07-25 19:55:31,52,65,0,0,13.849,79.632
2026-07-25 19:56:04,60,72,0,0,13.841,79.628
2026-07-25 20:00:29,38,43,0,0,13.817,79.466
2026-07-25 20:02:35,41,46,0,0,13.814,79.344
2026-07-25 20:05:29,42,50,0,0,13.875,79.086
2026-07-25 20:10:28,46,55,0,0,13.953,78.897
2026-07-25 20:15:30,57,70,0,0,13.961,78.764
2026-07-25 20:20:28,54,66,0,0,13.894,78.752
2026-07-25 20:25:31,60,71,0,0,13.809,78.916
2026-07-25 20:30:30,46,53,0,0,13.699,79.248
2026-07-25 20:35:29,43,49,0,0,13.622,79.399
2026-07-25 20:35:33,43,49,0,0,13.611,79.393
2026-07-25 20:38:54,57,72,0,0,13.598,79.502
2026-07-25 20:40:28,55,67,0,0,13.582,79.559
2026-07-25 20:45:29,73,80,0,0,13.51,79.813
2026-07-25 20:50:28,65,76,0,0,13.443,80.074
2026-07-25 20:54:38,67,76,0,0,13.4,80.095
2026-07-25 20:55:29,64,75,0,0,13.381,80.088
2026-07-25 21:00:28,53,66,0,0,13.379,79.914
2026-07-25 21:02:39,52,63,0,0,13.395,79.878
2026-07-25 21:05:34,50,61,0,0,13.389,79.784
2026-07-25 21:05:42,49,60,0,0,13.4,79.786
2026-07-25 21:10:30,51,62,0,0,13.432,79.668
2026-07-25 21:15:30,45,52,0,0,13.488,79.22
2026-07-25 21:19:10,42,51,0,0,13.523,79.04
2026-07-25 21:20:30,44,54,0,0,13.552,78.974
2026-07-25 21:25:29,46,56,0,0,13.571,78.852
2026-07-25 21:25:32,46,55,0,0,13.555,78.823
2026-07-25 21:30:29,45,56,0,0,13.523,78.81
2026-07-25 21:31:09,47,57,0,0,13.536,78.827
2026-07-25 21:35:29,52,64,0,0,13.496,78.943
2026-07-25 21:40:28,49,60,0,0,13.416,79.378
2026-07-25 21:45:28,84,88,0,0,13.32,79.697
2026-07-25 21:49:30,64,75,0,0,13.269,79.954
2026-07-25 21:50:29,75,83,0,0,13.251,80.028
2026-07-25 21:55:29,49,59,0,0,13.149,80.229
2026-07-25 21:56:41,52,62,0,0,13.146,80.284
2026-07-25 21:57:40,50,61,0,0,13.128,80.349
2026-07-25 22:00:30,56,68,0,0,13.101,80.416
2026-07-25 22:05:29,54,67,0,0,13.08,80.334
2026-07-25 22:05:33,55,67,0,0,13.082,80.368
2026-07-25 22:10:29,66,77,0,0,13.122,80.236
2026-07-25 22:13:41,50,62,0,0,13.128,80.227
2026-07-25 22:15:29,54,67,0,0,13.138,80.187
2026-07-25 22:19:53,49,59,0,0,13.128,80.089
2026-07-25 22:20:28,48,58,0,0,13.117,80.109
2026-07-25 22:25:29,64,75,0,0,13.093,80.038
2026-07-25 22:28:12,55,67,0,0,13.08,80.069
2026-07-25 22:30:30,51,62,0,0,13.077,80.095
2026-07-25 22:35:29,52,64,0,0,13.061,80.013
2026-07-25 22:40:29,64,76,0,0,13.002,80.059
2026-07-25 22:41:13,57,71,0,0,13.002,80.072
2026-07-25 22:45:29,57,69,0,0,12.949,80.133
2026-07-25 22:50:29,57,70,0,0,12.893,80.307
2026-07-25 22:55:29,76,84,0,0,12.799,80.629
2026-07-25 23:00:32,54,65,0,0,12.679,80.782
2026-07-25 23:02:12,52,64,0,0,12.647,80.812
2026-07-25 23:05:29,53,63,0,0,12.639,80.896
2026-07-25 23:10:30,66,78,0,0,12.57,81.095
2026-07-25 23:15:29,57,71,0,0,12.476,81.194
2026-07-25 23:20:31,58,73,0,0,12.364,81.512
2026-07-25 23:21:43,64,75,0,0,12.34,81.636
2026-07-25 23:25:29,66,77,0,0,12.23,81.741
2026-07-25 23:25:44,64,75,0,0,12.233,81.779
2026-07-25 23:30:32,77,84,0,0,12.1,82.1
2026-07-25 23:35:29,58,72,0,0,11.979,82.46
2026-07-25 23:40:35,58,71,0,0,11.851,82.8
2026-07-25 23:45:29,55,68,0,0,11.758,83.157
2026-07-25 23:45:44,59,72,0,0,11.806,83.176
2026-07-25 23:50:32,54,67,0,0,11.72,83.437
2026-07-25 23:50:43,53,66,0,0,11.675,83.477
2026-07-25 23:52:14,52,63,0,0,11.659,83.603
2026-07-25 23:55:28,52,63,0,0,11.659,83.796
2026-07-25 23:57:14,53,65,0,0,11.643,83.883
2026-07-25 23:59:45,47,58,0,0,11.659,83.87
2026-07-26 00:00:29,46,57,0,0,11.659,83.908
2026-07-26 00:05:29,51,63,0,0,11.67,83.916
2026-07-26 00:10:29,60,75,0,0,11.699,83.7
2026-07-26 00:12:01,57,69,0,0,11.68,83.54
2026-07-26 00:15:30,55,67,0,0,11.654,83.441
2026-07-26 00:20:33,53,65,0,0,11.584,83.569
2026-07-26 00:25:29,79,85,0,0,11.477,83.652
2026-07-26 00:30:29,51,61,0,0,11.432,83.893
2026-07-26 00:35:30,50,59,0,0,11.376,84.385
2026-07-26 00:40:30,59,72,0,0,11.363,84.768
2026-07-26 00:41:54,61,75,0,0,11.373,84.824
2026-07-26 00:45:29,66,78,0,0,11.389,84.862
2026-07-26 00:50:29,58,72,0,0,11.413,84.908
2026-07-26 00:55:30,68,78,0,0,11.501,84.917
2026-07-26 01:00:29,58,74,0,0,11.576,84.696
2026-07-26 01:05:29,57,71,0,0,11.664,84.368
2026-07-26 01:10:29,74,82,0,0,11.763,84.162
2026-07-26 01:15:30,76,82,0,0,11.777,84.114
2026-07-26 01:20:30,79,85,0,0,11.777,83.923
2026-07-26 01:25:29,86,90,0,0,11.795,83.765
2026-07-26 01:30:29,76,85,0,0,11.771,83.698
2026-07-26 01:35:29,55,67,0,0,11.755,83.544
2026-07-26 01:40:29,55,68,0,0,11.758,83.479
2026-07-26 01:45:30,52,63,0,0,11.766,83.385
2026-07-26 01:46:46,55,67,0,0,11.758,83.384
2026-07-26 01:48:47,58,70,0,0,11.744,83.406
2026-07-26 01:50:29,58,71,0,0,11.728,83.403
2026-07-26 01:55:29,59,71,0,0,11.704,83.618
2026-07-26 02:00:29,51,62,0,0,11.664,83.677
2026-07-26 02:03:09,55,67,0,0,11.656,83.734
2026-07-26 02:05:29,55,68,0,0,11.632,83.776
2026-07-26 02:10:30,54,66,0,0,11.624,83.685
2026-07-26 02:15:29,46,54,0,0,11.6,83.506
2026-07-26 02:20:29,25,25,0,0,11.648,83.086
2026-07-26 02:21:57,29,31,0,0,11.651,82.905
2026-07-26 02:25:29,24,24,0,0,11.72,82.621
2026-07-26 02:26:48,24,24,0,0,11.742,82.558
2026-07-26 02:30:29,25,26,0,0,11.779,82.355
2026-07-26 02:35:30,24,24,0,0,11.809,82.19
2026-07-26 02:40:29,24,24,0,0,11.785,82.19
2026-07-26 02:45:29,22,22,0,0,11.728,82.294
2026-07-26 02:48:19,33,35,0,0,11.718,82.344
2026-07-26 02:50:30,30,30,0,0,11.68,82.424
2026-07-26 02:55:30,32,32,0,0,11.6,82.645
2026-07-26 02:56:18,33,34,0,0,11.587,82.693
2026-07-26 03:00:29,33,33,0,0,11.526,82.914
2026-07-26 03:05:29,29,30,0,0,11.44,83.244
2026-07-26 03:10:31,36,38,0,0,11.36,83.544
2026-07-26 03:11:19,37,39,0,0,11.373,83.611
2026-07-26 03:15:30,44,52,0,0,11.328,83.855
2026-07-26 03:20:34,47,56,0,0,11.307,83.963
2026-07-26 03:25:30,54,64,0,0,11.261,84.076
2026-07-26 03:28:20,50,61,0,0,11.256,84.209
2026-07-26 03:30:29,51,62,0,0,11.248,84.299
2026-07-26 03:34:50,52,64,0,0,11.261,84.419
2026-07-26 03:35:29,50,61,0,0,11.264,84.414
2026-07-26 03:40:31,50,59,0,0,11.28,84.435
2026-07-26 03:41:19,49,60,0,0,11.275,84.427
2026-07-26 03:45:29,47,56,0,0,11.309,84.419
2026-07-26 03:50:30,41,48,0,0,11.333,84.15
2026-07-26 03:55:20,45,52,0,0,11.376,83.973
2026-07-26 03:55:30,44,52,0,0,11.371,83.979
2026-07-26 04:00:30,43,52,0,0,11.432,83.487
2026-07-26 04:05:30,42,50,0,0,11.509,83.082
2026-07-26 04:10:30,40,46,0,0,11.52,82.809
2026-07-26 04:15:29,40,50,0,0,11.534,82.708
2026-07-26 04:20:30,37,43,0,0,11.499,82.691
2026-07-26 04:22:21,32,32,0,0,11.491,82.67
2026-07-26 04:25:29,35,36,0,0,11.451,82.724
2026-07-26 04:30:30,30,30,0,0,11.411,82.775
2026-07-26 04:35:29,31,31,0,0,11.355,82.97
2026-07-26 04:40:29,30,30,0,0,11.296,83.179
2026-07-26 04:45:29,22,24,0,0,11.261,83.048
2026-07-26 04:45:57,26,28,0,0,11.248,83.031
2026-07-26 04:50:30,16,17,0,0,11.2,83.012
2026-07-26 04:55:30,4,5,0,0,11.162,83.014
2026-07-26 05:00:30,3,4,0,0,11.149,83.029
2026-07-26 05:05:29,1,1,0,0,11.162,83.008
2026-07-26 05:10:29,1,1,0,0,11.157,83.059
2026-07-26 05:10:32,1,1,0,0,11.146,83.069
2026-07-26 05:15:30,2,3,0,0,11.181,83.054
2026-07-26 05:20:30,2,3,0,0,11.157,82.815
2026-07-26 05:25:29,6,9,0,0,11.12,82.893
2026-07-26 05:30:30,9,9,0,0,11.082,82.994
2026-07-26 05:35:31,7,7,0,0,10.991,83.128
2026-07-26 05:40:30,21,22,0,0,10.941,83.374
2026-07-26 05:45:30,6,6,0,0,10.893,83.445
2026-07-26 05:50:30,3,4,0,0,10.898,83.639
2026-07-26 05:55:30,5,5,0,0,10.866,83.561
2026-07-26 05:59:24,3,3,0,0,10.858,83.58
2026-07-26 06:00:30,3,3,0,0,10.853,83.584
2026-07-26 06:05:30,3,5,0,0,10.821,83.607
2026-07-26 06:10:30,5,5,0,0,10.786,83.75
2026-07-26 06:15:30,8,8,0,0,10.732,83.939
2026-07-26 06:16:24,9,9,0,0,10.746,83.967
2026-07-26 06:20:26,19,19,0,0,10.698,84.028
2026-07-26 06:20:29,19,19,0,0,10.714,84.089
2026-07-26 06:25:30,29,29,0,0,10.692,84.122
2026-07-26 06:26:24,28,28,0,0,10.684,84.171
2026-07-26 06:30:30,26,27,0,0,10.69,84.131
2026-07-26 06:35:30,25,28,0,0,10.671,84.11
2026-07-26 06:35:33,25,28,0,0,10.66,84.084
2026-07-26 06:40:30,22,22,0,0,10.65,84.074
2026-07-26 06:45:30,28,28,0,0,10.615,84.095
2026-07-26 06:50:30,34,35,0,0,10.607,83.992
2026-07-26 06:53:27,40,44,0,0,10.602,83.95
2026-07-26 06:55:30,34,34,0,0,10.58,83.954
2026-07-26 07:00:30,27,27,0,0,10.548,83.841
2026-07-26 07:05:30,31,32,0,0,10.551,83.712
2026-07-26 07:10:30,25,26,0,0,10.527,83.721
2026-07-26 07:10:33,22,26,0,0,10.489,83.729
2026-07-26 07:15:30,29,29,0,0,10.505,83.555
2026-07-26 07:20:30,9,12,0,0,10.444,83.343
2026-07-26 07:24:56,9,10,0,0,10.329,83.105
2026-07-26 07:25:30,10,10,0,0,10.311,83.099
2026-07-26 07:30:31,1,2,0,0,10.209,82.977
2026-07-26 07:34:56,0,0,0,0,10.142,83.023
2026-07-26 07:35:30,0,0,0,0,10.11,83.027
2026-07-26 07:37:27,1,1,0,0,10.094,83.113
2026-07-26 07:40:31,0,0,0,0,10.084,83.124
2026-07-26 07:45:30,0,0,0,0,10.068,82.958
2026-07-26 07:46:26,0,0,0,0,10.081,82.939
2026-07-26 07:50:30,0,0,0,0,10.086,82.661
2026-07-26 07:55:30,0,0,0,0,10.105,82.512
2026-07-26 07:59:51,5,6,0,0,10.094,82.502
2026-07-26 07:59:56,6,6,0,0,10.084,82.533
2026-07-26 08:00:30,6,8,0,0,10.092,82.573
2026-07-26 08:05:31,40,46,0,0,10.124,82.514
2026-07-26 08:10:30,28,30,0,0,10.137,82.611
2026-07-26 08:15:31,34,35,0,0,10.185,82.573
2026-07-26 08:19:57,3,3,0,0,10.212,82.68
2026-07-26 08:20:30,4,5,0,0,10.193,82.678
2026-07-26 08:25:30,12,13,0,0,10.233,82.96
2026-07-26 08:30:33,23,26,0,0,10.308,83.21
2026-07-26 08:35:30,26,26,0,0,10.401,83.202
2026-07-26 08:40:31,28,29,0,0,10.521,83.057
2026-07-26 08:41:58,28,31,0,0,10.575,83.061
2026-07-26 08:44:29,26,27,0,0,10.663,82.966
2026-07-26 08:45:31,30,30,0,0,10.698,82.909
2026-07-26 08:49:28,34,35,0,0,10.826,82.457
2026-07-26 08:50:31,34,34,0,0,10.874,82.359
2026-07-26 08:55:30,40,46,0,0,11.101,81.928
2026-07-26 09:00:31,34,38,0,0,11.269,81.682
2026-07-26 09:03:29,30,30,0,0,11.381,81.371
2026-07-26 09:05:31,28,29,0,0,11.456,81.19
2026-07-26 09:10:30,20,22,0,0,11.63,80.637
2026-07-26 09:10:58,19,20,0,0,11.659,80.568
2026-07-26 09:15:30,17,17,0,0,11.833,80.137
2026-07-26 09:20:30,17,19,0,0,12.001,79.628
2026-07-26 09:25:30,19,19,0,0,12.201,79.119
2026-07-26 09:28:29,14,16,0,0,12.321,78.794
2026-07-26 09:29:00,12,12,0,0,12.319,78.802
2026-07-26 09:30:31,12,13,0,0,12.399,78.876
2026-07-26 09:35:30,8,8,0,0,12.671,77.906
2026-07-26 09:35:33,8,9,0,0,12.647,77.923
2026-07-26 09:37:33,7,7,0,0,12.759,77.883
2026-07-26 09:40:31,7,7,0,0,12.946,77.383
2026-07-26 09:45:32,7,7,0,0,13.259,76.45
2026-07-26 09:50:31,7,7,0,0,13.592,75.725
2026-07-26 09:55:31,6,6,0,0,13.95,75.451
2026-07-26 10:00:30,9,9,0,0,14.284,74.957
2026-07-26 10:05:30,25,25,0,0,14.575,74.133
2026-07-26 10:10:31,19,19,0,0,14.799,73.835
2026-07-26 10:15:30,11,11,0,0,15.037,73.072
2026-07-26 10:20:30,6,7,0,0,15.237,70.144
2026-07-26 10:24:05,4,4,0,0,15.435,68.571
2026-07-26 10:25:31,4,5,0,0,15.504,68.338
2026-07-26 10:30:31,7,7,0,0,15.763,67.024
2026-07-26 10:35:32,5,5,0,0,16.049,65.815
2026-07-26 10:40:31,15,15,0,0,16.343,66.068
2026-07-26 10:45:31,9,11,0,0,16.629,67.285
2026-07-26 10:50:31,8,9,0,0,16.952,65.736
2026-07-26 10:55:30,16,16,0,0,17.229,65.939
2026-07-26 10:58:37,7,7,0,0,17.368,65.357
2026-07-26 11:00:31,9,12,0,0,17.472,64.089
2026-07-26 11:05:31,4,6,0,0,17.721,62.494
2026-07-26 11:10:31,4,4,0,0,18.046,61.838
2026-07-26 11:12:10,4,4,0,0,18.14,61.803
2026-07-26 11:15:31,2,2,0,0,18.348,60.901
2026-07-26 11:20:33,2,3,0,0,18.645,59.839
2026-07-26 11:21:09,0,0,0,0,18.666,59.747
2026-07-26 11:25:32,2,3,0,0,18.877,60.461
2026-07-26 11:27:39,3,5,0,0,18.986,60.066
2026-07-26 11:30:31,5,5,0,0,19.131,59.509
2026-07-26 11:35:31,9,9,0,0,19.411,58.393
2026-07-26 11:40:09,9,9,0,0,19.662,57.27
2026-07-26 11:40:31,8,8,0,0,19.659,57.281
2026-07-26 11:41:42,14,16,0,0,19.707,57.006
2026-07-26 11:45:32,7,7,0,0,19.876,56.509
2026-07-26 11:47:10,4,5,0,0,19.913,56.469
2026-07-26 11:50:30,8,8,0,0,20.049,56.566
2026-07-26 11:55:10,14,15,0,0,20.338,55.574
2026-07-26 11:55:30,12,13,0,0,20.351,55.58
2026-07-26 12:00:30,6,6,0,0,20.738,54.037
2026-07-26 12:01:09,7,8,0,0,20.813,53.84
2026-07-26 12:03:59,5,5,0,0,20.962,53.108
2026-07-26 12:05:30,5,5,0,0,21.027,52.619
2026-07-26 12:10:32,3,3,0,0,21.302,52.089
2026-07-26 12:13:10,3,3,0,0,21.472,51.01
2026-07-26 12:15:11,4,4,0,0,21.55,50.836
2026-07-26 12:15:30,3,3,0,0,21.577,50.769
2026-07-26 12:15:40,4,4,0,0,21.579,50.632
2026-07-26 12:20:30,5,6,0,0,22.009,49.526
2026-07-26 12:25:30,15,15,0,0,22.533,48.984
2026-07-26 12:30:31,7,7,0,0,22.933,48.818
2026-07-26 12:35:31,6,7,0,0,23.19,48.398
2026-07-26 12:35:35,6,7,0,0,23.176,48.355
2026-07-26 12:40:32,6,6,0,0,23.36,48.107
2026-07-26 12:45:32,2,2,0,0,23.435,47.634
2026-07-26 12:50:31,2,2,0,0,23.408,47.819
2026-07-26 12:55:35,2,2,0,0,23.441,47.634
2026-07-26 13:00:31,0,0,0,0,23.475,47.614
2026-07-26 13:05:32,0,1,0,0,23.494,47.239
2026-07-26 13:05:42,1,2,0,0,23.497,47.349
2026-07-26 13:10:31,1,1,0,0,23.537,46.699
2026-07-26 13:15:31,4,4,0,0,23.657,47.613
2026-07-26 13:20:32,5,5,0,0,24.049,47.405
2026-07-26 13:25:32,4,4,0,0,24.605,45.965
2026-07-26 13:30:32,0,0,0,0,25.099,44.12
2026-07-26 13:35:12,1,1,0,0,25.296,43.88
2026-07-26 13:35:31,1,1,0,0,25.323,43.59
2026-07-26 13:40:32,0,0,0,0,25.475,42.392
2026-07-26 13:43:43,0,0,0,0,25.579,42.333
2026-07-26 13:45:12,0,0,0,0,25.603,42.173
2026-07-26 13:45:31,0,0,0,0,25.598,42.325
2026-07-26 13:50:33,0,0,0,0,25.582,42.701
2026-07-26 13:55:31,1,1,0,0,25.518,42.798
2026-07-26 13:59:12,1,1,0,0,25.43,43.945
2026-07-26 14:00:32,0,0,0,0,25.417,43.903
2026-07-26 14:05:31,0,0,0,0,25.462,43.603
2026-07-26 14:10:31,23,23,0,0,25.545,42.528
2026-07-26 14:15:31,19,20,0,0,25.63,42.268
2026-07-26 14:20:32,16,18,0,0,25.66,42.396
2026-07-26 14:24:43,8,8,0,0,25.587,42.161
2026-07-26 14:25:30,15,15,0,0,25.555,42.243
2026-07-26 14:30:34,3,3,0,0,25.336,42.165
2026-07-26 14:35:31,2,2,0,0,25.048,42.911
2026-07-26 14:40:31,0,0,0,0,24.789,42.886
2026-07-26 14:43:43,0,0,0,0,24.736,42.663
2026-07-26 14:45:31,0,1,0,0,24.69,42.447
2026-07-26 14:50:31,0,1,0,0,24.599,43.041
2026-07-26 14:55:35,0,0,0,0,24.378,43.66
2026-07-26 15:00:31,3,3,0,0,24.212,44.065
2026-07-26 15:03:47,1,1,0,0,24.119,43.952
2026-07-26 15:05:31,1,1,0,0,24.076,44.145
2026-07-26 15:07:18,2,2,0,0,24.001,44.395
2026-07-26 15:10:31,3,3,0,0,23.857,44.809
2026-07-26 15:15:39,0,0,0,0,23.619,45.431
2026-07-26 15:20:31,1,1,0,0,23.419,45.898
2026-07-26 15:25:35,0,1,0,0,23.259,46.337
2026-07-26 15:30:32,1,1,0,0,23.133,47.164
2026-07-26 15:35:31,0,0,0,0,22.906,47.605
2026-07-26 15:40:32,1,1,0,0,22.645,48.368
2026-07-26 15:45:31,0,0,0,0,22.407,49.158
2026-07-26 15:50:31,24,24,0,0,22.159,50.317
2026-07-26 15:53:45,23,23,0,0,21.975,50.512
2026-07-26 15:55:34,40,46,0,0,21.86,50.859
2026-07-26 16:03:54,1,1,0,0,21.659,51.322
2026-07-26 16:07:11,2,2,0,0,21.478,51.998
2026-07-26 16:08:47,1,1,0,0,21.472,52.211
2026-07-26 16:11:30,22,22,0,0,21.347,52.669
2026-07-26 16:12:40,22,22,0,0,21.326,52.818
2026-07-26 16:15:53,4,5,0,0,21.246,53.146
2026-07-26 16:20:39,2,2,0,0,21.144,54.239
2026-07-26 16:25:31,30,33,0,0,21.045,54.897
2026-07-26 16:30:31,3,3,0,0,20.89,55.326
2026-07-26 16:35:32,15,16,0,0,20.743,56.56
2026-07-26 16:40:32,3,4,0,0,20.589,56.14
2026-07-26 16:45:31,1,1,0,0,20.455,56.789
2026-07-26 16:50:31,3,3,0,0,20.319,57.066
2026-07-26 16:53:21,7,7,0,0,20.172,57.033
2026-07-26 16:55:32,5,5,0,0,20.065,56.924
2026-07-26 16:59:54,4,5,0,0,19.905,57.594
2026-07-26 17:00:31,3,3,0,0,19.862,57.722
2026-07-26 17:05:31,1,1,0,0,19.659,58.635
2026-07-26 17:10:31,2,2,0,0,19.44,59.246
2026-07-26 17:15:31,2,2,0,0,19.192,59.398
2026-07-26 17:20:31,2,3,0,0,18.973,60.72
2026-07-26 17:25:31,9,11,0,0,18.738,60.331
2026-07-26 17:30:31,4,4,0,0,18.492,61.046
2026-07-26 17:35:32,8,8,0,0,18.292,62.008
2026-07-26 17:40:31,37,45,0,0,18.068,63.352
2026-07-26 17:45:31,29,33,0,0,17.827,64.075
2026-07-26 17:50:32,30,33,0,0,17.622,64.531
2026-07-26 17:52:23,24,24,0,0,17.518,64.884
2026-07-26 17:55:31,19,19,0,0,17.424,65.309
2026-07-26 18:00:32,13,14,0,0,17.216,66.576
2026-07-26 18:05:23,9,9,0,0,17.013,67.367
2026-07-26 18:05:31,9,9,0,0,16.992,67.392
2026-07-26 18:10:31,18,19,0,0,16.775,68.258
2026-07-26 18:10:34,18,19,0,0,16.765,68.268
2026-07-26 18:15:31,22,22,0,0,16.572,68.794
2026-07-26 18:20:31,24,25,0,0,16.367,69.303
2026-07-26 18:25:31,20,20,0,0,16.204,69.927
2026-07-26 18:28:23,20,20,0,0,16.113,70.04
2026-07-26 18:30:31,27,29,0,0,16.049,70.076
2026-07-26 18:30:55,24,25,0,0,16.038,70.116
2026-07-26 18:32:56,19,20,0,0,16.014,70.196
2026-07-26 18:35:33,12,13,0,0,15.929,70.823
2026-07-26 18:40:32,8,8,0,0,15.838,71.621
2026-07-26 18:43:12,12,12,0,0,15.779,71.842
2026-07-26 18:45:32,9,11,0,0,15.739,72.212
2026-07-26 18:55:32,7,7,0,0,15.483,72.998
2026-07-26 19:00:32,7,7,0,0,15.408,73.101
2026-07-26 19:05:32,11,14,0,0,15.341,72.948
2026-07-26 19:10:31,7,7,0,0,15.283,73.025
2026-07-26 19:15:32,7,8,0,0,15.203,73.269
2026-07-26 19:20:35,8,8,0,0,15.074,73.507
2026-07-26 19:25:33,8,9,0,0,14.968,73.768
2026-07-26 19:30:32,14,14,0,0,14.831,74.072
2026-07-26 19:31:28,24,25,0,0,14.821,74.112
2026-07-26 19:35:31,13,13,0,0,14.719,74.371
2026-07-26 19:40:31,20,20,0,0,14.615,74.463
2026-07-26 19:40:57,29,30,0,0,14.612,74.468
2026-07-26 19:45:25,38,45,0,0,14.551,74.673
2026-07-26 19:45:31,38,43,0,0,14.546,74.652
2026-07-26 19:48:56,46,55,0,0,14.519,74.798
2026-07-26 19:50:32,38,44,0,0,14.511,74.85
2026-07-26 19:55:32,20,21,0,0,14.474,75.144
2026-07-26 20:00:32,41,48,0,0,14.471,75.304
2026-07-26 20:05:31,35,38,0,0,14.511,75.285
2026-07-26 20:10:32,26,28,0,0,14.516,75.235
2026-07-26 20:15:32,7,7,0,0,14.532,75.302
2026-07-26 20:20:32,5,5,0,0,14.538,75.287
2026-07-26 20:25:32,8,8,0,0,14.551,75.3
2026-07-26 20:28:11,23,23,0,0,14.522,75.434
2026-07-26 20:30:33,26,26,0,0,14.511,75.634
2026-07-26 20:35:32,28,29,0,0,14.495,75.773
2026-07-26 20:40:32,6,6,0,0,14.487,75.584
2026-07-26 20:45:32,2,2,0,0,14.514,75.26
2026-07-26 20:50:43,3,3,0,0,14.583,74.789
2026-07-26 20:55:36,13,14,0,0,14.602,74.509
2026-07-26 20:56:58,13,14,0,0,14.62,74.495
2026-07-26 21:00:33,5,5,0,0,14.618,74.369
2026-07-26 21:00:57,5,5,0,0,14.612,74.388
2026-07-26 21:05:32,1,2,0,0,14.586,74.404
2026-07-26 21:05:57,1,1,0,0,14.554,74.419
2026-07-26 21:10:32,1,1,0,0,14.524,74.507
2026-07-26 21:15:32,24,24,0,0,14.492,74.753
2026-07-26 21:19:29,6,6,0,0,14.46,74.829
2026-07-26 21:20:31,6,6,0,0,14.436,74.837
2026-07-26 21:25:33,13,14,0,0,14.452,74.583
2026-07-26 21:30:32,12,14,0,0,14.511,74.571
2026-07-26 21:35:32,8,8,0,0,14.551,74.06
2026-07-26 21:40:33,7,7,0,0,14.524,74.097
2026-07-26 21:45:32,6,7,0,0,14.551,73.955
2026-07-26 21:50:32,5,5,0,0,14.492,74.255
2026-07-26 21:55:31,4,4,0,0,14.425,74.581
2026-07-26 21:57:58,2,3,0,0,14.401,74.518
2026-07-26 22:00:32,1,1,0,0,14.351,74.579
2026-07-26 22:01:29,0,0,0,0,14.319,74.646
2026-07-26 22:05:32,1,1,0,0,14.225,74.989
2026-07-26 22:10:32,2,2,0,0,14.142,75.178
2026-07-26 22:14:14,4,4,0,0,14.068,75.594
2026-07-26 22:15:33,1,1,0,0,14.046,75.579
2026-07-26 22:20:37,1,1,0,0,14.033,74.989
2026-07-26 22:25:38,5,6,0,0,14.102,75.025
2026-07-26 22:25:41,6,6,0,0,14.11,75.035
2026-07-26 22:30:32,21,21,0,0,14.15,75.09
2026-07-26 22:35:33,16,18,0,0,14.094,75.413
2026-07-26 22:36:05,14,15,0,0,14.1,75.466
2026-07-26 22:40:32,5,6,0,0,13.993,75.634
2026-07-26 22:45:34,7,8,0,0,13.891,75.973
2026-07-26 22:50:36,11,11,0,0,13.763,76.269
2026-07-26 22:54:31,23,23,0,0,13.651,76.683
2026-07-26 22:55:34,27,28,0,0,13.662,76.885
2026-07-26 22:58:31,34,36,0,0,13.622,77.351
2026-07-26 23:00:33,34,36,0,0,13.574,77.577
2026-07-26 23:01:02,34,35,0,0,13.571,77.621
2026-07-26 23:05:32,35,38,0,0,13.558,77.896
2026-07-26 23:10:32,35,38,0,0,13.582,77.957
2026-07-26 23:15:33,34,35,0,0,13.56,77.976
2026-07-26 23:20:32,32,32,0,0,13.558,78.14
2026-07-26 23:23:03,32,32,0,0,13.55,78.134
2026-07-26 23:25:32,30,30,0,0,13.55,78.071
2026-07-26 23:30:32,31,32,0,0,13.534,78.022
2026-07-26 23:35:32,35,39,0,0,13.472,78.024
2026-07-26 23:40:32,34,36,0,0,13.379,78.295
2026-07-26 23:40:36,34,36,0,0,13.363,78.289
2026-07-26 23:45:37,35,40,0,0,13.251,78.695
2026-07-26 23:50:03,35,41,0,0,13.168,79.149
2026-07-26 23:50:32,35,38,0,0,13.149,79.206
2026-07-26 23:50:39,35,39,0,0,13.13,79.212
2026-07-26 23:55:37,29,31,0,0,13.045,79.403
2026-07-27 00:00:37,30,30,0,0,12.967,79.687
2026-07-27 00:01:03,35,36,0,0,12.949,79.695
2026-07-27 00:05:39,28,28,0,0,12.901,79.914
2026-07-27 00:10:39,27,27,0,0,12.863,80.04
2026-07-27 00:12:03,27,27,0,0,12.863,80.046
2026-07-27 00:15:37,24,24,0,0,12.85,80.002
2026-07-27 00:20:37,13,13,0,0,12.813,79.796
2026-07-27 00:25:36,14,14,0,0,12.789,79.792
2026-07-27 00:30:37,7,7,0,0,12.754,79.826
2026-07-27 00:35:37,27,29,0,0,12.679,80.311
2026-07-27 00:40:37,32,33,0,0,12.62,80.652
2026-07-27 00:45:42,31,31,0,0,12.594,80.864
2026-07-27 00:48:31,30,30,0,0,12.583,80.94
2026-07-27 00:50:38,30,30,0,0,12.61,81.009
2026-07-27 00:53:07,28,28,0,0,12.599,81.064
2026-07-27 00:55:37,30,30,0,0,12.586,81.047
2026-07-27 00:58:37,28,28,0,0,12.591,81.068
2026-07-27 01:00:37,28,28,0,0,12.57,81.11
2026-07-27 01:02:35,29,29,0,0,12.57,81.129
2026-07-27 01:05:37,30,33,0,0,12.572,81.234
2026-07-27 01:10:38,32,32,0,0,12.575,81.232
2026-07-27 01:15:36,30,30,0,0,12.567,81.125
2026-07-27 01:20:37,33,34,0,0,12.519,81.276
2026-07-27 01:25:37,38,43,0,0,12.506,81.385
2026-07-27 01:30:38,36,39,0,0,12.479,81.428
2026-07-27 01:35:38,32,34,0,0,12.441,81.396
2026-07-27 01:35:43,32,32,0,0,12.417,81.383
2026-07-27 01:40:37,31,31,0,0,12.337,81.282
2026-07-27 01:45:08,35,37,0,0,12.252,81.404
2026-07-27 01:45:37,36,39,0,0,12.212,81.495
2026-07-27 01:50:37,30,30,0,0,12.14,81.829
2026-07-27 01:55:37,28,28,0,0,12.049,82.111
2026-07-27 02:00:38,29,30,0,0,11.987,82.27
2026-07-27 02:05:38,33,34,0,0,11.942,82.388
2026-07-27 02:05:42,33,33,0,0,11.91,82.407
2026-07-27 02:10:37,38,44,0,0,11.862,82.582
2026-07-27 02:15:38,35,39,0,0,11.817,82.3
2026-07-27 02:15:42,35,40,0,0,11.814,82.306
2026-07-27 02:20:38,35,39,0,0,11.718,82.333
2026-07-27 02:21:42,33,33,0,0,11.664,82.426
2026-07-27 02:24:43,38,42,0,0,11.616,82.664
2026-07-27 02:25:37,36,41,0,0,11.59,82.666
2026-07-27 02:30:37,35,39,0,0,11.467,82.775
2026-07-27 02:35:37,32,33,0,0,11.325,83.197
2026-07-27 02:40:38,32,32,0,0,11.221,83.393
2026-07-27 02:45:37,20,21,0,0,11.122,83.639
2026-07-27 02:46:15,21,22,0,0,11.12,83.679
2026-07-27 02:50:37,17,19,0,0,11.05,84.076
2026-07-27 02:55:37,20,20,0,0,11.023,84.299
2026-07-27 02:56:14,19,19,0,0,11.007,84.328
2026-07-27 03:00:36,26,26,0,0,11.01,84.28
2026-07-27 03:10:37,30,31,0,0,11.013,84.801
2026-07-27 03:15:37,26,28,0,0,10.97,84.511
2026-07-27 03:20:39,30,32,0,0,10.919,84.45
2026-07-27 03:25:37,32,32,0,0,10.789,84.196
2026-07-27 03:29:25,28,28,0,0,10.716,84.194
2026-07-27 03:30:38,24,26,0,0,10.687,84.311
2026-07-27 03:35:38,28,28,0,0,10.548,84.352
2026-07-27 03:37:24,28,28,0,0,10.489,84.341
2026-07-27 03:40:39,30,31,0,0,10.412,84.333
2026-07-27 03:45:38,30,30,0,0,10.3,84.856
2026-07-27 03:50:37,27,28,0,0,10.209,85.361
2026-07-27 03:55:37,26,29,0,0,10.142,85.815
2026-07-27 04:00:38,22,23,0,0,10.105,85.711
2026-07-27 04:05:37,20,22,0,0,10.019,85.617
2026-07-27 04:10:37,20,21,0,0,9.942,85.629
2026-07-27 04:15:38,20,20,0,0,9.8,85.667
2026-07-27 04:15:41,20,20,0,0,9.817,85.649
2026-07-27 04:20:37,21,23,0,0,9.704,85.672
2026-07-27 04:24:57,21,21,0,0,9.59,86.012
2026-07-27 04:25:39,23,23,0,0,9.59,86.02
2026-07-27 04:30:38,26,26,0,0,9.467,86.109
2026-07-27 04:35:38,25,26,0,0,9.339,86.527
2026-07-27 04:37:57,27,27,0,0,9.322,86.716
2026-07-27 04:40:20,23,25,0,0,9.309,87
2026-07-27 04:40:37,23,25,0,0,9.293,87.046
2026-07-27 04:45:38,25,26,0,0,9.304,87.528
2026-07-27 04:48:28,25,26,0,0,9.314,87.673
2026-07-27 04:50:38,25,25,0,0,9.282,87.683
2026-07-27 04:50:58,23,25,0,0,9.293,87.704
2026-07-27 04:55:38,25,26,0,0,9.285,87.933
2026-07-27 05:00:38,25,27,0,0,9.288,88.06
2026-07-27 05:02:28,18,18,0,0,9.248,87.98
2026-07-27 05:05:38,19,19,0,0,9.25,88.055
2026-07-27 05:06:28,19,20,0,0,9.208,88.074
2026-07-27 05:10:38,18,18,0,0,9.168,88.196
2026-07-27 05:15:38,14,14,0,0,9.165,88.736
2026-07-27 05:20:38,15,16,0,0,9.229,89.247
2026-07-27 05:23:28,16,18,0,0,9.234,89.304
2026-07-27 05:24:05,14,15,0,0,9.253,89.346
2026-07-27 05:25:38,10,10,0,0,9.234,89.388
2026-07-27 05:30:40,9,9,0,0,9.301,89.602
2026-07-27 05:33:30,13,13,0,0,9.336,89.691
2026-07-27 05:35:37,9,9,0,0,9.363,89.764
2026-07-27 05:40:39,10,12,0,0,9.437,89.951
2026-07-27 05:42:38,16,16,0,0,9.459,89.89
2026-07-27 05:43:05,18,18,0,0,9.467,89.867
2026-07-27 05:43:23,17,17,0,0,9.448,89.867
2026-07-27 05:45:39,17,19,0,0,9.483,89.825
2026-07-27 05:50:05,23,23,0,0,9.512,89.769
2026-07-27 05:50:13,25,25,0,0,9.512,89.764
2026-07-27 05:50:38,23,23,0,0,9.483,89.813
2026-07-27 05:55:38,23,23,0,0,9.539,90.086
2026-07-27 06:00:38,20,23,0,0,9.565,90.063
2026-07-27 06:05:39,23,23,0,0,9.6,89.928
2026-07-27 06:07:35,17,18,0,0,9.6,89.84
2026-07-27 06:10:37,15,16,0,0,9.598,89.813
2026-07-27 06:15:38,9,9,0,0,9.598,90.185
2026-07-27 06:19:07,10,10,0,0,9.654,90.447
2026-07-27 06:20:38,10,10,0,0,9.675,90.469
2026-07-27 06:25:38,9,10,0,0,9.758,90.609
2026-07-27 06:30:07,9,9,0,0,9.851,90.502
2026-07-27 06:30:38,8,8,0,0,9.843,90.511
2026-07-27 06:35:41,9,9,0,0,9.937,90.612
2026-07-27 06:38:32,10,10,0,0,9.982,90.757
2026-07-27 06:40:38,10,12,0,0,10.043,90.748
2026-07-27 06:45:38,9,9,0,0,10.132,90.696
2026-07-27 06:50:39,9,9,0,0,10.236,90.717
2026-07-27 06:55:38,8,8,0,0,10.319,90.576
2026-07-27 07:00:38,8,8,0,0,10.377,90.3
2026-07-27 07:05:37,8,8,0,0,10.433,90.18
2026-07-27 07:10:38,6,6,0,0,10.495,90.273
2026-07-27 07:15:39,4,4,0,0,10.559,90.12
2026-07-27 07:18:47,5,5,0,0,10.586,90.004
2026-07-27 07:20:38,5,5,0,0,10.583,89.914
2026-07-27 07:22:08,5,6,0,0,10.604,89.92
2026-07-27 07:25:38,5,5,0,0,10.602,89.918
2026-07-27 07:28:08,4,4,0,0,10.631,89.985
2026-07-27 07:30:40,4,4,0,0,10.676,90.021
2026-07-27 07:34:10,4,4,0,0,10.714,90.172
2026-07-27 07:35:38,3,3,0,0,10.754,90.263
2026-07-27 07:40:39,3,3,0,0,10.882,90.233
2026-07-27 07:45:41,4,4,0,0,10.957,90.246
2026-07-27 07:50:38,8,8,0,0,11.08,89.468
2026-07-27 07:52:16,5,5,0,0,11.101,89.363
2026-07-27 07:55:39,9,10,0,0,11.146,88.953
2026-07-27 07:56:47,7,7,0,0,11.168,88.799
2026-07-27 07:58:15,5,6,0,0,11.186,88.629
2026-07-27 08:00:39,7,7,0,0,11.216,88.347
2026-07-27 08:05:39,10,10,0,0,11.237,87.891
2026-07-27 08:06:05,9,9,0,0,11.253,87.889
2026-07-27 08:10:40,10,12,0,0,11.248,87.599
2026-07-27 08:15:19,9,10,0,0,11.248,87.317
2026-07-27 08:15:39,12,12,0,0,11.25,87.328
2026-07-27 08:20:39,8,10,0,0,11.277,86.882
2026-07-27 08:25:42,10,10,0,0,11.283,86.599
2026-07-27 08:30:39,13,13,0,0,11.323,86.514
2026-07-27 08:31:17,19,20,0,0,11.336,86.485
2026-07-27 08:35:39,26,26,0,0,11.355,86.327
2026-07-27 08:40:39,24,25,0,0,11.371,86.21
2026-07-27 08:41:17,24,26,0,0,11.371,86.214
2026-07-27 08:44:48,21,22,0,0,11.397,86.25
2026-07-27 08:45:38,24,25,0,0,11.376,86.266
2026-07-27 08:49:48,25,25,0,0,11.443,86.357
2026-07-27 08:50:18,24,24,0,0,11.435,86.391
2026-07-27 08:50:38,22,24,0,0,11.432,86.414
2026-07-27 08:55:42,22,24,0,0,11.563,86.533
2026-07-27 09:00:40,22,24,0,0,11.819,86.576
2026-07-27 09:04:49,24,25,0,0,12.081,86.069
2026-07-27 09:05:39,26,28,0,0,12.134,85.958
2026-07-27 09:10:39,32,36,0,0,12.361,85.196
2026-07-27 09:15:38,25,25,0,0,12.514,84.234
2026-07-27 09:20:39,26,26,0,0,12.623,83.649
2026-07-27 09:22:48,18,21,0,0,12.658,83.546
2026-07-27 09:25:39,27,28,0,0,12.671,83.324
2026-07-27 09:30:39,38,43,0,0,12.797,83.258
2026-07-27 09:35:38,22,22,0,0,12.885,83.128
2026-07-27 09:38:19,18,19,0,0,12.962,83.496
2026-07-27 09:40:39,18,19,0,0,13.082,83.357
2026-07-27 09:45:39,7,7,0,0,13.293,82.468
2026-07-27 09:48:23,6,6,0,0,13.349,82.142
2026-07-27 09:50:39,4,4,0,0,13.384,82.048
2026-07-27 09:52:20,5,5,0,0,13.44,81.997
2026-07-27 09:55:40,5,5,0,0,13.536,81.655
2026-07-27 09:58:20,15,15,0,0,13.587,81.324
2026-07-27 10:00:39,6,7,0,0,13.622,81.261
2026-07-27 10:03:22,17,17,0,0,13.683,81.003
2026-07-27 10:05:40,48,56,0,0,13.75,81.001
2026-07-27 10:10:40,24,24,0,0,13.915,80.728
2026-07-27 10:10:46,21,21,0,0,13.902,80.727
2026-07-27 10:15:39,26,26,0,0,14.014,80.318
2026-07-27 10:20:39,45,52,0,0,14.041,80.109
2026-07-27 10:21:21,44,50,0,0,14.041,80.082
2026-07-27 10:25:39,12,16,0,0,14.052,80.04
2026-07-27 10:30:38,35,38,0,0,14.084,79.828
2026-07-27 10:35:41,8,8,0,0,14.078,79.721
2026-07-27 10:40:40,20,21,0,0,14.207,79.616
2026-07-27 10:43:22,15,17,0,0,14.276,79.332
2026-07-27 10:45:40,21,21,0,0,14.369,79.164
2026-07-27 10:50:22,17,18,0,0,14.586,78.394
2026-07-27 10:50:41,17,18,0,0,14.604,78.461
2026-07-27 10:55:43,9,11,0,0,14.879,78.438
2026-07-27 11:00:39,15,16,0,0,15.138,77.684
2026-07-27 11:05:40,9,9,0,0,15.443,77.27
2026-07-27 11:10:40,13,16,0,0,15.713,76.53
2026-07-27 11:15:39,8,8,0,0,16.057,76.231
2026-07-27 11:20:43,6,7,0,0,16.474,75.886
2026-07-27 11:25:40,7,7,0,0,16.941,75.226
2026-07-27 11:29:53,15,15,0,0,17.395,74.871
2026-07-27 11:30:40,23,23,0,0,17.475,74.421
2026-07-27 11:35:39,16,17,0,0,18.028,71.939
2026-07-27 11:40:42,18,18,0,0,18.458,71.062
2026-07-27 11:45:39,22,22,0,0,19.061,69.271
2026-07-27 11:47:56,21,21,0,0,19.416,68.176
2026-07-27 11:55:42,10,10,0,0,20.698,64.83
2026-07-27 12:00:43,22,23,0,0,21.448,62.608
2026-07-27 12:01:56,16,16,0,0,21.643,62.238
2026-07-27 12:05:40,10,12,0,0,22.231,60.999
2026-07-27 12:06:56,14,14,0,0,22.423,60.175
2026-07-27 12:10:39,9,9,0,0,22.904,58.555
2026-07-27 12:15:39,8,8,0,0,23.454,57.603
2026-07-27 12:21:25,5,5,0,0,24.033,55.557
2026-07-27 12:26:46,7,8,0,0,24.405,54.468
2026-07-27 12:26:56,4,4,0,0,24.413,54.435
2026-07-27 12:32:37,8,8,0,0,24.813,53.34
2026-07-27 12:39:45,5,5,0,0,25.264,52.158
2026-07-27 12:45:08,5,5,0,0,25.718,50.956
2026-07-27 13:02:08,0,0,0,0,26.316,49.531
2026-07-27 13:05:05,0,0,0,0,26.891,48.194
2026-07-27 13:15:39,0,0,0,0,27.048,43.872
2026-07-27 13:15:57,0,0,0,0,27.019,43.968
2026-07-27 13:20:39,0,0,0,0,26.64,45.32
2026-07-27 13:25:39,0,0,0,0,26.469,45.909
2026-07-27 13:30:44,0,0,0,0,26.498,45.972
2026-07-27 13:35:40,0,0,0,0,26.503,46.584
2026-07-27 13:40:40,0,0,0,0,26.586,46.199
2026-07-27 13:45:40,0,0,0,0,26.672,44.834
2026-07-27 13:50:43,0,0,0,0,26.469,44.383
2026-07-27 13:55:40,0,0,0,0,26.228,45.602
2026-07-27 13:58:10,0,0,0,0,26.151,45.818
2026-07-27 14:00:46,0,0,0,0,26.068,46.077
2026-07-27 14:00:57,0,0,0,0,26.06,46.018
2026-07-27 14:05:40,0,0,0,0,25.977,46.111
2026-07-27 14:08:31,0,0,0,0,26.004,44.893
2026-07-27 14:10:40,0,0,0,0,25.943,45.11
2026-07-27 14:15:40,0,0,0,0,25.849,46.14
2026-07-27 14:20:39,0,0,0,0,25.764,46.354
2026-07-27 14:20:42,0,0,0,0,25.769,46.382
2026-07-27 14:25:39,0,0,0,0,25.579,46.611
2026-07-27 14:30:40,0,0,0,0,25.352,47.483
2026-07-27 14:35:40,0,0,0,0,25.15,47.454
2026-07-27 14:40:40,0,0,0,0,24.965,48.492
2026-07-27 14:45:39,0,0,0,0,24.754,48.028
2026-07-27 14:50:39,0,0,0,0,24.487,49.129
2026-07-27 14:55:38,0,0,0,0,24.397,49.707
2026-07-27 15:00:39,0,0,0,0,24.351,49.678
2026-07-27 15:05:40,0,0,0,0,24.191,49.57
2026-07-27 15:10:39,2,3,0,0,23.82,50.319
2026-07-27 15:15:39,0,0,0,0,23.606,51.177
2026-07-27 15:20:39,0,0,0,0,23.499,51.715
2026-07-27 15:25:40,0,0,0,0,23.39,52.076
2026-07-27 15:29:02,0,0,0,0,23.256,52.179
2026-07-27 15:30:40,0,0,0,0,23.16,52.467
2026-07-27 15:35:41,2,2,0,0,23.059,52.604
2026-07-27 15:40:40,14,16,0,0,22.754,53.268
2026-07-27 15:42:32,17,19,0,0,22.663,53.934
2026-07-27 15:45:40,5,5,0,0,22.533,53.663
2026-07-27 15:50:41,19,19,0,0,22.404,54.378
2026-07-27 15:55:41,1,1,0,0,22.471,54.485
2026-07-27 15:56:31,3,3,0,0,22.461,54.487
2026-07-27 16:03:52,0,0,0,0,22.42,54.218
2026-07-27 16:05:41,2,2,0,0,22.127,54.859
2026-07-27 16:10:41,0,0,0,0,21.785,56.137
2026-07-27 16:15:39,0,0,0,0,21.494,56.152
2026-07-27 16:20:39,0,0,0,0,21.008,56.852
2026-07-27 16:25:41,0,1,0,0,20.546,58.445
2026-07-27 16:30:40,0,0,0,0,20.14,59.877
2026-07-27 16:35:40,1,2,0,0,19.798,60.855
2026-07-27 16:40:39,8,9,0,0,19.507,61.428
2026-07-27 16:45:39,15,15,0,0,19.189,62.425
2026-07-27 16:50:03,0,0,0,0,18.93,63.247
2026-07-27 16:50:39,0,0,0,0,18.901,63.381
2026-07-27 16:51:33,0,0,0,0,18.824,63.6
2026-07-27 16:55:40,8,8,0,0,18.565,64.5
2026-07-27 16:58:33,7,7,0,0,18.383,65.136
2026-07-27 17:00:40,4,4,0,0,18.225,65.551
2026-07-27 17:05:39,25,25,0,0,17.969,66.568
2026-07-27 17:10:40,0,0,0,0,17.678,67.352
2026-07-27 17:15:50,1,2,0,0,17.459,68.199
2026-07-27 17:20:45,4,5,0,0,17.181,69.051
2026-07-27 17:25:40,5,5,0,0,16.965,69.87
2026-07-27 17:30:41,5,5,0,0,16.717,70.791
2026-07-27 17:35:40,9,9,0,0,16.49,71.497
2026-07-27 17:40:40,41,49,0,0,16.313,72.195
2026-07-27 17:42:35,36,40,0,0,16.225,72.384
2026-07-27 17:45:40,5,5,0,0,16.159,72.731
2026-07-27 17:46:36,23,23,0,0,16.097,72.902
2026-07-27 17:49:35,33,34,0,0,16.014,73.21
2026-07-27 17:50:40,18,19,0,0,15.958,73.259
2026-07-27 17:55:40,1,1,0,0,15.798,73.826
2026-07-27 18:00:05,3,3,0,0,15.635,74.541
2026-07-27 18:00:39,2,3,0,0,15.608,74.671
2026-07-27 18:05:40,34,39,0,0,15.451,75.415
2026-07-27 18:08:35,33,37,0,0,15.403,75.847
2026-07-27 18:10:40,43,52,0,0,15.339,76.086
2026-07-27 18:15:40,46,55,0,0,15.224,76.584
2026-07-27 18:17:36,29,30,0,0,15.163,76.782
2026-07-27 18:20:40,5,7,0,0,15.077,77.127
2026-07-27 18:25:40,7,7,0,0,14.97,77.444
2026-07-27 18:29:37,1,1,0,0,14.879,77.78
2026-07-27 18:30:40,6,6,0,0,14.871,77.883
2026-07-27 18:35:43,2,2,0,0,14.77,78.344
2026-07-27 18:40:40,5,5,0,0,14.687,78.754
2026-07-27 18:42:07,20,20,0,0,14.671,78.894
2026-07-27 18:45:40,19,20,0,0,14.612,79.248
2026-07-27 18:50:09,113,126,0,0,14.522,79.605
2026-07-27 18:50:41,87,95,0,0,14.535,79.658
2026-07-27 18:53:08,134,146,0,0,14.506,79.805
2026-07-27 18:55:40,63,73,0,0,14.471,79.916
2026-07-27 18:57:11,60,72,0,0,14.442,79.986
2026-07-27 18:59:38,79,83,0,0,14.431,80.137
2026-07-27 19:00:40,47,56,0,0,14.399,80.166
2026-07-27 19:05:40,29,29,0,0,14.345,80.28
2026-07-27 19:10:41,21,21,0,0,14.289,80.454
2026-07-27 19:15:41,9,11,0,0,14.239,80.637
2026-07-27 19:16:39,6,6,0,0,14.239,80.679
2026-07-27 19:20:41,7,7,0,0,14.201,80.618
2026-07-27 19:20:44,6,6,0,0,14.169,80.658
2026-07-27 19:24:09,2,2,0,0,14.132,80.738
2026-07-27 19:25:41,1,1,0,0,14.118,80.851
2026-07-27 19:25:48,1,1,0,0,14.116,80.879
2026-07-27 19:30:40,0,0,0,0,14.028,81.03
2026-07-27 19:35:44,0,0,0,0,13.988,81.312
2026-07-27 19:40:40,6,6,0,0,13.95,81.413
2026-07-27 19:44:37,7,8,0,0,13.939,81.432
2026-07-27 19:45:40,20,20,0,0,13.923,81.411
2026-07-27 19:47:46,11,11,0,0,13.929,81.36
2026-07-27 19:48:50,4,4,0,0,13.894,81.369
2026-07-27 19:50:45,9,11,0,0,13.905,81.377
2026-07-27 19:55:20,1,1,0,0,13.838,81.333
2026-07-27 19:55:40,1,1,0,0,13.841,81.364
2026-07-27 19:57:20,1,1,0,0,13.806,81.423
2026-07-27 20:00:43,3,3,0,0,13.753,81.594
2026-07-27 20:05:40,37,41,0,0,13.667,81.701
2026-07-27 20:10:40,26,27,0,0,13.552,81.959
2026-07-27 20:15:41,25,27,0,0,13.464,82.361
2026-07-27 20:20:41,6,7,0,0,13.373,82.714
2026-07-27 20:25:40,14,15,0,0,13.285,83.059
2026-07-27 20:28:57,9,9,0,0,13.269,83.168
2026-07-27 20:30:40,17,17,0,0,13.251,83.223
2026-07-27 20:35:41,5,5,0,0,13.208,83.357
2026-07-27 20:40:40,5,5,0,0,13.184,83.446
2026-07-27 20:45:40,9,9,0,0,13.138,83.414
2026-07-27 20:50:40,0,0,0,0,13.101,83.487
2026-07-27 20:55:42,2,2,0,0,13.029,83.475
2026-07-27 21:00:22,4,4,0,0,13,83.473
2026-07-27 21:00:44,3,3,0,0,12.989,83.496
2026-07-27 21:00:51,4,4,0,0,12.973,83.515
2026-07-27 21:05:41,2,2,0,0,12.909,83.492
2026-07-27 21:10:40,0,0,0,0,12.871,83.662
2026-07-27 21:15:41,6,6,0,0,12.799,83.727
2026-07-27 21:15:52,7,7,0,0,12.775,83.761
2026-07-27 21:20:41,7,7,0,0,12.746,83.822
2026-07-27 21:20:53,8,8,0,0,12.716,83.817
2026-07-27 21:21:22,3,3,0,0,12.722,83.845
2026-07-27 21:25:41,4,4,0,0,12.706,83.797
2026-07-27 21:30:47,5,5,0,0,12.676,83.679
2026-07-27 21:33:53,5,5,0,0,12.65,83.485
2026-07-27 21:35:26,1,1,0,0,12.647,83.366
2026-07-27 21:35:40,0,0,0,0,12.631,83.363
2026-07-27 21:40:44,1,2,0,0,12.676,82.888
2026-07-27 21:45:41,1,1,0,0,12.724,82.382
2026-07-27 21:50:45,0,0,0,0,12.724,81.884
2026-07-27 21:55:43,0,0,0,0,12.749,81.209
2026-07-27 21:57:09,0,0,0,0,12.757,81.074
2026-07-27 22:00:41,2,2,0,0,12.754,80.879
2026-07-27 22:05:41,0,0,0,0,12.722,80.727
2026-07-27 22:10:43,0,0,0,0,12.66,80.852
2026-07-27 22:12:59,0,0,0,0,12.634,80.995
2026-07-27 22:15:41,0,0,0,0,12.612,80.851
2026-07-27 22:16:23,0,0,0,0,12.602,80.814
2026-07-27 22:19:14,0,0,0,0,12.62,80.677
2026-07-27 22:20:41,0,0,0,0,12.586,80.559
2026-07-27 22:21:24,0,0,0,0,12.612,80.595
2026-07-27 22:25:41,2,2,0,0,12.61,80.461
2026-07-27 22:30:41,0,0,0,0,12.631,80.456
2026-07-27 22:34:25,0,0,0,0,12.61,80.498
2026-07-27 22:35:40,0,0,0,0,12.612,80.505
2026-07-27 22:40:41,0,0,0,0,12.527,80.637
2026-07-27 22:43:40,0,0,0,0,12.465,80.769
2026-07-27 22:45:41,0,0,0,0,12.441,80.887
2026-07-27 22:50:40,0,0,0,0,12.329,81.249
2026-07-27 22:55:41,0,0,0,0,12.271,81.531
2026-07-27 23:00:43,0,1,0,0,12.212,81.703
2026-07-27 23:15:42,0,0,0,0,12.206,81.709
2026-07-27 23:16:29,0,0,0,0,12.182,81.694
2026-07-27 23:20:41,0,0,0,0,12.198,81.495
2026-07-27 23:25:46,0,0,0,0,12.214,81.278
2026-07-27 23:30:41,0,0,0,0,12.238,81.211
2026-07-27 23:31:28,0,0,0,0,12.238,81.23
2026-07-27 23:35:40,0,0,0,0,12.263,81.242
2026-07-27 23:40:40,0,0,0,0,12.3,80.999
2026-07-27 23:44:59,0,0,0,0,12.316,80.669
2026-07-27 23:45:29,0,0,0,0,12.337,80.671
2026-07-27 23:45:41,0,0,0,0,12.348,80.641
2026-07-27 23:50:41,0,0,0,0,12.412,80.44
2026-07-27 23:54:00,0,0,0,0,12.409,80.484
2026-07-27 23:55:41,0,0,0,0,12.407,80.505
2026-07-28 00:00:46,0,0,0,0,12.423,80.181
2026-07-28 00:05:41,0,0,0,0,12.481,79.927
2026-07-28 00:10:40,0,0,0,0,12.554,79.628
2026-07-28 00:13:30,0,0,0,0,12.535,79.443
2026-07-28 00:15:41,0,0,0,0,12.586,79.34
2026-07-28 00:20:40,0,0,0,0,12.575,78.997
2026-07-28 00:25:40,0,0,0,0,12.572,78.911
2026-07-28 00:30:40,0,0,0,0,12.583,78.438
2026-07-28 00:35:41,0,0,0,0,12.567,78.052
2026-07-28 00:40:41,0,0,0,0,12.618,77.89
2026-07-28 00:45:41,0,0,0,0,12.647,77.745
2026-07-28 00:50:41,0,0,0,0,12.639,77.873
2026-07-28 00:55:41,0,0,0,0,12.658,78.26
2026-07-28 00:58:32,0,0,0,0,12.658,78.125
2026-07-28 01:00:41,0,0,0,0,12.647,78.19
2026-07-28 01:05:42,0,0,0,0,12.642,78.426
2026-07-28 01:10:41,0,0,0,0,12.636,78.422
2026-07-28 01:15:41,0,0,0,0,12.61,78.596
2026-07-28 01:18:31,0,0,0,0,12.572,78.567
2026-07-28 01:20:41,0,0,0,0,12.559,78.623
2026-07-28 01:25:40,1,1,0,0,12.503,78.674
2026-07-28 01:30:42,0,0,0,0,12.455,78.926
2026-07-28 01:35:40,0,0,0,0,12.449,79.168
2026-07-28 01:40:41,0,0,0,0,12.457,79.183
2026-07-28 01:42:02,0,0,0,0,12.433,79.185
2026-07-28 01:45:43,0,0,0,0,12.439,79.199
2026-07-28 01:50:32,0,0,0,0,12.439,79.231
2026-07-28 01:50:41,0,0,0,0,12.436,79.237
2026-07-28 01:55:41,0,0,0,0,12.409,79.044
2026-07-28 02:00:41,0,0,0,0,12.441,79.119
2026-07-28 02:05:42,0,0,0,0,12.415,78.968
2026-07-28 02:10:47,0,0,0,0,12.396,78.97
2026-07-28 02:15:41,0,0,0,0,12.38,78.89
2026-07-28 02:20:41,0,0,0,0,12.364,79.056
2026-07-28 02:25:41,0,0,0,0,12.401,79.37
2026-07-28 02:30:41,0,0,0,0,12.423,79.195
2026-07-28 02:35:41,0,0,0,0,12.457,79.29
2026-07-28 02:40:41,0,0,0,0,12.463,79.157
2026-07-28 02:45:40,0,0,0,0,12.441,79.183
2026-07-28 02:50:41,0,0,0,0,12.396,79.309
2026-07-28 02:55:42,0,0,0,0,12.367,79.33
2026-07-28 02:56:34,0,0,0,0,12.364,79.323
2026-07-28 03:00:41,0,0,0,0,12.335,79.401
2026-07-28 03:10:42,0,0,0,0,12.284,79.475
2026-07-28 03:15:42,0,0,0,0,12.3,79.439
2026-07-28 03:20:41,0,0,0,0,12.337,79.592
2026-07-28 03:25:42,0,0,0,0,12.329,79.681
2026-07-28 03:30:40,0,0,0,0,12.3,79.683
2026-07-28 03:33:36,0,0,0,0,12.303,79.683
2026-07-28 03:34:04,0,0,0,0,12.297,79.71
2026-07-28 03:35:41,0,0,0,0,12.287,79.721
2026-07-28 03:40:42,0,0,0,0,12.297,79.815
2026-07-28 03:45:42,0,0,0,0,12.255,79.752
2026-07-28 03:47:35,0,0,0,0,12.225,79.714
2026-07-28 03:50:41,0,0,0,0,12.252,79.748
2026-07-28 03:55:42,0,0,0,0,12.236,79.83
2026-07-28 04:00:40,0,0,0,0,12.214,80.034
2026-07-28 04:01:04,0,0,0,0,12.217,80.025
2026-07-28 04:05:41,0,0,0,0,12.212,80.032
2026-07-28 04:10:41,0,0,0,0,12.201,80.114
2026-07-28 04:15:42,0,0,0,0,12.185,80.309
2026-07-28 04:19:05,0,0,0,0,12.142,80.427
2026-07-28 04:19:35,0,0,0,0,12.161,80.463
2026-07-28 04:20:35,0,0,0,0,12.15,80.507
2026-07-28 04:20:41,0,0,0,0,12.145,80.526
2026-07-28 04:25:41,0,0,0,0,12.132,80.62
2026-07-28 04:26:35,0,0,0,0,12.134,80.631
2026-07-28 04:30:41,0,0,0,0,12.124,80.625
2026-07-28 04:35:41,0,0,0,0,12.097,80.721
2026-07-28 04:40:42,0,0,0,0,12.089,80.799
2026-07-28 04:40:48,0,0,0,0,12.092,80.761
2026-07-28 04:45:42,0,0,0,0,12.086,80.425
2026-07-28 04:50:41,0,0,0,0,12.065,80.118
2026-07-28 04:55:41,0,0,0,0,12.084,79.889
2026-07-28 05:00:07,0,0,0,0,12.062,79.695
2026-07-28 05:00:41,0,0,0,0,12.089,79.674
2026-07-28 05:05:42,0,0,0,0,12.081,79.46
2026-07-28 05:10:42,0,0,0,0,12.084,79.342
2026-07-28 05:15:41,0,0,0,0,12.076,79.304
2026-07-28 05:20:42,0,0,0,0,12.097,79.13
2026-07-28 05:23:37,0,0,0,0,12.084,79.254
2026-07-28 05:25:41,0,0,0,0,12.121,79.441
2026-07-28 05:30:42,0,0,0,0,12.092,79.418
2026-07-28 05:35:41,0,0,0,0,12.086,79.91
2026-07-28 05:40:41,0,0,0,0,12.089,80.116
2026-07-28 05:45:41,0,0,0,0,12.06,80.194
2026-07-28 05:46:38,0,0,0,0,12.06,80.206
2026-07-28 05:47:08,0,0,0,0,12.07,80.181
2026-07-28 05:50:42,0,0,0,0,12.038,79.916
2026-07-28 05:55:42,0,0,0,0,12.052,79.985
2026-07-28 06:00:42,0,0,0,0,12.006,80.048
2026-07-28 06:05:42,0,0,0,0,11.995,79.918
2026-07-28 06:10:41,0,0,0,0,11.955,79.882
2026-07-28 06:12:39,0,0,0,0,11.913,79.851
2026-07-28 06:15:39,0,0,0,0,11.913,80.036
2026-07-28 06:15:42,0,0,0,0,11.889,80.013
2026-07-28 06:18:40,0,0,0,0,11.878,80.053
2026-07-28 06:20:44,0,0,0,0,11.91,80.091
2026-07-28 06:25:44,0,0,0,0,11.886,80.273
2026-07-28 06:30:43,0,0,0,0,11.889,80.089
2026-07-28 06:30:46,0,0,0,0,11.894,80.118
2026-07-28 06:35:43,0,0,0,0,11.91,80.286
2026-07-28 06:40:43,0,0,0,0,11.891,80.54
2026-07-28 06:45:44,0,0,0,0,11.899,80.74
2026-07-28 06:50:44,0,0,0,0,11.878,80.948
2026-07-28 06:51:40,0,0,0,0,11.867,81.037
2026-07-28 06:55:43,0,0,0,0,11.881,81.139
2026-07-28 07:00:43,0,0,0,0,11.846,80.978
2026-07-28 07:00:46,0,0,0,0,11.865,80.969
2026-07-28 07:01:40,0,0,0,0,11.849,81.009
2026-07-28 07:05:43,0,0,0,0,11.862,81.081
2026-07-28 07:10:43,0,0,0,0,11.854,81.175
2026-07-28 07:15:43,0,1,0,0,11.859,81.329
2026-07-28 07:20:43,1,1,0,0,11.87,81.398
2026-07-28 07:25:43,0,0,0,0,11.87,81.348
2026-07-28 07:26:41,0,0,0,0,11.873,81.324
2026-07-28 07:30:43,0,0,0,0,11.902,81.217
2026-07-28 07:35:43,0,0,0,0,11.907,81.049
2026-07-28 07:40:11,3,3,0,0,11.913,80.931
2026-07-28 07:40:41,4,4,0,0,11.905,80.87
2026-07-28 07:40:45,4,4,0,0,11.905,80.864
2026-07-28 07:45:46,3,3,0,0,11.913,80.784
2026-07-28 07:50:45,3,4,0,0,11.923,80.696
2026-07-28 07:55:47,8,9,0,0,11.902,81.02
2026-07-28 08:00:46,2,2,0,0,11.867,80.986
2026-07-28 08:05:45,5,6,0,0,11.873,81.4
2026-07-28 08:08:36,3,3,0,0,11.873,81.385
2026-07-28 08:08:41,3,3,0,0,11.833,81.409
2026-07-28 08:10:46,2,2,0,0,11.859,81.505
2026-07-28 08:15:46,0,0,0,0,11.897,81.678
2026-07-28 08:20:46,1,1,0,0,11.923,81.785
2026-07-28 08:25:46,1,1,0,0,11.961,81.819
2026-07-28 08:30:46,1,1,0,0,12.001,81.684
2026-07-28 08:30:50,1,1,0,0,12.014,81.678
2026-07-28 08:35:47,2,2,0,0,12.062,81.56
2026-07-28 08:40:46,2,2,0,0,12.116,81.787
2026-07-28 08:45:46,0,0,0,0,12.182,81.499
2026-07-28 08:50:46,0,1,0,0,12.22,81.375
2026-07-28 08:55:46,12,12,0,0,12.284,81.493
2026-07-28 08:59:15,4,4,0,0,12.34,81.455
2026-07-28 09:00:46,5,5,0,0,12.356,81.476
2026-07-28 09:05:46,1,1,0,0,12.463,81.573
2026-07-28 09:07:13,0,1,0,0,12.46,81.568
2026-07-28 09:10:46,1,1,0,0,12.511,81.398
2026-07-28 09:11:14,1,1,0,0,12.535,81.398
2026-07-28 09:15:46,0,0,0,0,12.612,81.358
2026-07-28 09:20:46,0,0,0,0,12.743,81.318
2026-07-28 09:25:47,0,0,0,0,12.935,80.664
2026-07-28 09:29:14,1,1,0,0,13.093,80.29
2026-07-28 09:30:47,1,1,0,0,13.125,80.116
2026-07-28 09:35:46,0,0,0,0,13.32,79.159
2026-07-28 09:40:47,35,40,0,0,13.496,79.031
2026-07-28 09:45:48,5,5,0,0,13.691,78.497
2026-07-28 09:50:46,15,16,0,0,13.897,78.207
2026-07-28 09:55:46,0,0,0,0,14.121,77.312
2026-07-28 10:00:46,16,16,0,0,14.343,76.816
2026-07-28 10:05:48,1,1,0,0,14.564,76.057
2026-07-28 10:10:46,4,5,0,0,14.917,74.276
2026-07-28 10:15:46,2,2,0,0,15.192,72.544
2026-07-28 10:19:17,0,0,0,0,15.341,71.794
2026-07-28 10:20:47,1,1,0,0,15.392,71.394
2026-07-28 10:25:47,8,8,0,0,15.542,70.751
2026-07-28 10:30:47,1,1,0,0,15.731,69.536
2026-07-28 10:35:46,2,2,0,0,15.905,68.592
2026-07-28 10:38:16,1,1,0,0,16.041,68.233
2026-07-28 10:40:46,0,0,0,0,16.183,67.436
2026-07-28 10:45:46,0,0,0,0,16.41,66.469
2026-07-28 10:50:52,0,0,0,0,16.631,64.686
2026-07-28 10:55:47,1,1,0,0,16.893,63.331
2026-07-28 11:00:46,0,0,0,0,17.12,61.92
2026-07-28 11:05:49,1,1,0,0,17.384,61.536
2026-07-28 11:10:46,0,0,0,0,17.563,61.088
2026-07-28 11:15:46,0,0,0,0,17.601,61.384
2026-07-28 11:17:54,0,0,0,0,17.659,61.348
2026-07-28 11:20:48,0,0,0,0,17.793,61.433
2026-07-28 11:25:51,1,1,0,0,17.998,60.541
2026-07-28 11:30:48,1,1,0,0,18.26,60.531
2026-07-28 11:35:46,3,3,0,0,18.54,58.551
2026-07-28 11:40:47,0,0,0,0,18.543,58.231
2026-07-28 11:45:47,0,0,0,0,18.538,58.019
2026-07-28 11:50:47,0,0,0,0,18.434,58.3
2026-07-28 11:55:27,0,0,0,0,18.249,58.855
2026-07-28 11:55:46,0,0,0,0,18.26,58.996
2026-07-28 11:55:51,0,0,0,0,18.233,59.063
2026-07-28 12:00:46,5,5,0,0,18.362,58.929
2026-07-28 12:05:47,0,0,0,0,18.3,58.49
2026-07-28 12:10:46,0,0,0,0,18.233,58.74
2026-07-28 12:11:28,0,0,0,0,18.236,58.847
2026-07-28 12:13:03,0,0,0,0,18.324,58.992
2026-07-28 12:15:47,0,0,0,0,18.602,59.019
2026-07-28 12:20:46,0,0,0,0,19.026,57.479
2026-07-28 12:25:46,4,5,0,0,19.256,57.247
2026-07-28 12:30:47,2,2,0,0,19.272,56.247
2026-07-28 12:35:46,0,0,0,0,19.139,56.274
2026-07-28 12:40:47,0,0,0,0,19.024,56.472
2026-07-28 12:46:05,0,0,0,0,19.173,56.058
2026-07-28 12:47:04,0,0,0,0,19.181,55.87
2026-07-28 12:50:47,0,0,0,0,19.227,55.757
2026-07-28 12:55:46,0,0,0,0,19.139,56.377
2026-07-28 13:00:47,0,0,0,0,19.085,56.114
2026-07-28 13:05:46,0,0,0,0,18.989,56.757
2026-07-28 13:10:47,0,0,0,0,18.989,56.36
2026-07-28 13:15:48,0,0,0,0,19.104,56.045
2026-07-28 13:20:47,0,0,0,0,19.347,55.856
2026-07-28 13:25:47,0,0,0,0,19.763,55.433
2026-07-28 13:28:30,0,0,0,0,19.99,54.41
2026-07-28 13:30:47,0,0,0,0,20.143,54.861
2026-07-28 13:35:47,0,0,0,0,20.268,53.361
2026-07-28 13:40:46,0,0,0,0,20.204,53.434
2026-07-28 13:45:50,0,1,0,0,20.124,53.644
2026-07-28 13:50:46,0,0,0,0,20.22,52.98
2026-07-28 13:55:47,0,0,0,0,20.492,52.354
2026-07-28 14:00:46,1,1,0,0,20.565,52.154
2026-07-28 14:05:48,11,11,0,0,20.434,52.431
2026-07-28 14:10:37,0,0,0,0,20.3,52.568
2026-07-28 14:10:47,0,0,0,0,20.316,52.629
2026-07-28 14:15:47,0,0,0,0,20.084,53.224
2026-07-28 14:20:46,4,4,0,0,19.852,53.611
2026-07-28 14:25:48,0,0,0,0,19.483,54.75
2026-07-28 14:30:46,0,0,0,0,19.165,55.606
2026-07-28 14:35:48,0,0,0,0,19.12,56.049
2026-07-28 14:40:47,0,0,0,0,19.189,56.415
2026-07-28 14:45:47,1,1,0,0,19.395,55.995
2026-07-28 14:50:51,0,0,0,0,19.488,55.711
2026-07-28 14:50:56,0,0,0,0,19.483,55.654
2026-07-28 14:55:47,0,1,0,0,19.358,55.915
2026-07-28 15:00:47,7,7,0,0,19.128,56.608
2026-07-28 15:05:47,0,0,0,0,18.848,57.588
2026-07-28 15:10:48,0,0,0,0,18.65,57.897
2026-07-28 15:15:47,0,0,0,0,18.516,58.13
2026-07-28 15:20:47,0,0,0,0,18.37,58.712
2026-07-28 15:25:47,1,1,0,0,18.362,59.427
2026-07-28 15:30:47,0,1,0,0,18.54,58.418
2026-07-28 15:35:48,0,0,0,0,18.511,58.607
2026-07-28 15:40:47,1,1,0,0,18.313,58.763
2026-07-28 15:45:47,3,3,0,0,18.087,59.293
2026-07-28 15:50:48,0,1,0,0,17.934,59.833
2026-07-28 15:55:47,1,1,0,0,17.908,59.56
2026-07-28 16:00:47,29,33,0,0,17.889,59.978
2026-07-28 16:05:48,32,38,0,0,18.046,59.507
2026-07-28 16:10:47,33,36,0,0,18.41,58.546
2026-07-28 16:15:47,18,18,0,0,18.775,58.05
2026-07-28 16:17:41,7,7,0,0,18.898,57.84
2026-07-28 16:20:47,8,8,0,0,19.117,57.56
2026-07-28 16:25:48,2,2,0,0,19.456,56.585
2026-07-28 16:30:47,2,2,0,0,19.873,55.564
2026-07-28 16:35:49,1,1,0,0,20.065,54.679
2026-07-28 16:40:47,0,0,0,0,20.177,54.22
2026-07-28 16:45:47,0,0,0,0,20.204,53.726
2026-07-28 16:50:47,0,0,0,0,19.937,54.266
2026-07-28 16:55:48,0,0,0,0,19.515,55.32
2026-07-28 17:00:48,0,0,0,0,19.107,56.482
2026-07-28 17:05:48,0,0,0,0,18.653,57.745
2026-07-28 17:10:48,0,0,0,0,18.273,58.475
2026-07-28 17:15:49,1,1,0,0,17.878,59.745
2026-07-28 17:19:43,0,0,0,0,17.598,60.554
2026-07-28 17:20:48,0,0,0,0,17.488,60.655
2026-07-28 17:25:48,1,1,0,0,17.128,61.468
2026-07-28 17:27:12,1,1,0,0,17.037,61.657
2026-07-28 17:30:49,1,1,0,0,16.802,62.164
2026-07-28 17:35:47,3,3,0,0,16.49,62.95
2026-07-28 17:40:47,36,44,0,0,16.129,63.898
2026-07-28 17:44:43,62,73,0,0,15.822,64.922
2026-07-28 17:45:49,33,35,0,0,15.755,65.195
2026-07-28 17:50:47,11,11,0,0,15.427,66.496
2026-07-28 17:55:48,18,19,0,0,15.125,67.335
2026-07-28 18:00:47,25,25,0,0,14.842,67.884
2026-07-28 18:05:49,9,9,0,0,14.57,68.683
2026-07-28 18:10:47,14,16,0,0,14.303,69.513
2026-07-28 18:15:49,29,29,0,0,14.078,70.249
2026-07-28 18:20:47,24,25,0,0,13.894,71.049
2026-07-28 18:25:47,9,9,0,0,13.699,71.668
2026-07-28 18:28:14,90,96,0,0,13.635,71.987
2026-07-28 18:30:47,92,94,0,0,13.536,72.389
2026-07-28 18:35:47,118,123,0,0,13.424,73.156
2026-07-28 18:40:48,73,80,0,0,13.272,73.77
2026-07-28 18:45:46,84,86,0,0,13.157,74.165
2026-07-28 18:45:49,83,85,0,0,13.144,74.167
2026-07-28 18:49:45,37,45,0,0,13.021,74.571
2026-07-28 18:50:55,31,31,0,0,12.989,74.68
2026-07-28 18:55:50,30,30,0,0,12.863,75.273
2026-07-28 19:00:50,12,13,0,0,12.741,75.729
2026-07-28 19:05:50,13,13,0,0,12.58,76.328
2026-07-28 19:10:50,25,26,0,0,12.455,76.851
2026-07-28 19:15:50,12,14,0,0,12.353,77.32
2026-07-28 19:20:51,6,6,0,0,12.268,77.642
2026-07-28 19:25:51,61,75,0,0,12.174,78.119
2026-07-28 19:30:55,30,31,0,0,12.086,78.342
2026-07-28 19:35:50,135,143,0,0,12.009,78.703
2026-07-28 19:40:50,46,57,0,0,11.894,79.027
2026-07-28 19:45:50,25,25,0,0,11.841,79.536
2026-07-28 19:50:50,5,5,0,0,11.755,79.733
2026-07-28 19:55:50,18,18,0,0,11.715,79.998
2026-07-28 20:00:50,12,14,0,0,11.686,80.263
2026-07-28 20:05:50,13,14,0,0,11.651,80.381
2026-07-28 20:10:51,30,31,0,0,11.643,80.578
2026-07-28 20:12:47,27,29,0,0,11.643,80.658
2026-07-28 20:13:01,24,25,0,0,11.638,80.666
2026-07-28 20:15:50,24,24,0,0,11.667,80.736
2026-07-28 20:20:51,14,14,0,0,11.72,80.818
2026-07-28 20:25:50,21,21,0,0,11.766,80.883
2026-07-28 20:30:50,14,14,0,0,11.841,80.904
2026-07-28 20:31:48,6,7,0,0,11.867,80.889
2026-07-28 20:35:50,7,7,0,0,11.971,80.795
2026-07-28 20:39:18,7,7,0,0,11.99,80.706
2026-07-28 20:40:50,7,7,0,0,12.022,80.667
2026-07-28 20:45:18,5,5,0,0,12.06,80.595
2026-07-28 20:45:49,4,4,0,0,12.07,80.572
2026-07-28 20:50:50,3,3,0,0,12.15,80.385
2026-07-28 20:50:53,3,3,0,0,12.15,80.398
2026-07-28 20:55:50,4,4,0,0,12.222,80.118
2026-07-28 21:00:50,3,4,0,0,12.268,79.788
2026-07-28 21:05:18,4,4,0,0,12.369,79.327
2026-07-28 21:05:50,4,4,0,0,12.369,79.266
2026-07-28 21:10:50,5,6,0,0,12.473,79.101
2026-07-28 21:15:51,6,6,0,0,12.54,78.758
2026-07-28 21:20:50,6,6,0,0,12.61,78.537
2026-07-28 21:25:52,27,28,0,0,12.65,78.405
2026-07-28 21:30:50,19,20,0,0,12.69,78.071
2026-07-28 21:35:50,16,17,0,0,12.706,78.35
2026-07-28 21:38:19,18,19,0,0,12.698,78.182
2026-07-28 21:40:50,14,16,0,0,12.668,78.15
2026-07-28 21:45:50,20,20,0,0,12.666,78.18
2026-07-28 21:50:21,24,25,0,0,12.634,78.201
2026-07-28 21:50:50,26,28,0,0,12.65,78.251
2026-07-28 21:55:51,47,57,0,0,12.634,78.197
2026-07-28 22:00:50,37,43,0,0,12.583,78.442
2026-07-28 22:05:52,35,38,0,0,12.498,78.539
2026-07-28 22:10:50,36,39,0,0,12.404,78.833
2026-07-28 22:20:51,35,36,0,0,12.177,79.716
2026-07-28 22:20:54,35,36,0,0,12.188,79.727
2026-07-28 22:23:56,33,36,0,0,12.105,79.935
2026-07-28 22:25:50,31,31,0,0,12.07,80.055
2026-07-28 22:30:51,35,37,0,0,11.969,80.273
2026-07-28 22:34:07,36,38,0,0,11.91,80.572
2026-07-28 22:35:56,35,38,0,0,11.883,80.761
2026-07-28 22:40:51,30,31,0,0,11.793,80.904
2026-07-28 22:40:54,31,32,0,0,11.777,80.923
2026-07-28 22:45:51,33,33,0,0,11.699,81.228
2026-07-28 22:50:51,32,34,0,0,11.616,81.594
2026-07-28 22:55:50,37,41,0,0,11.558,81.797
2026-07-28 23:00:51,48,57,0,0,11.539,81.909
2026-07-28 23:05:50,33,33,0,0,11.477,82.09
2026-07-28 23:10:50,52,65,0,0,11.488,82.186
2026-07-28 23:15:51,43,52,0,0,11.485,82.226
2026-07-28 23:20:51,42,50,0,0,11.451,82.176
2026-07-28 23:25:51,40,48,0,0,11.435,82.228
2026-07-28 23:30:52,44,53,0,0,11.397,82.344
2026-07-28 23:35:51,37,41,0,0,11.349,82.546
2026-07-28 23:40:52,32,33,0,0,11.336,82.666
2026-07-28 23:45:51,31,32,0,0,11.325,82.865
2026-07-28 23:50:51,37,41,0,0,11.341,83.084
2026-07-28 23:55:51,39,44,0,0,11.389,83.069
2026-07-29 00:00:51,37,43,0,0,11.451,82.914
2026-07-29 00:05:51,45,51,0,0,11.526,82.729
2026-07-29 00:10:51,36,42,0,0,11.526,82.68
2026-07-29 00:15:52,32,32,0,0,11.539,82.481
2026-07-29 00:20:53,31,32,0,0,11.477,82.413
2026-07-29 00:25:51,30,31,0,0,11.4,82.586
2026-07-29 00:30:51,33,33,0,0,11.333,82.729
2026-07-29 00:30:54,33,33,0,0,11.357,82.729
2026-07-29 00:35:42,31,33,0,0,11.296,82.899
2026-07-29 00:35:52,32,34,0,0,11.285,82.888
2026-07-29 00:40:51,31,33,0,0,11.221,83.033
2026-07-29 00:40:54,31,33,0,0,11.224,83.048
2026-07-29 00:45:51,33,35,0,0,11.186,83.231
2026-07-29 00:50:51,33,34,0,0,11.157,83.498
2026-07-29 00:51:33,32,37,0,0,11.146,83.521
2026-07-29 00:55:51,31,32,0,0,11.173,83.527
2026-07-29 00:56:06,32,34,0,0,11.176,83.559
2026-07-29 01:00:51,31,31,0,0,11.272,83.3
2026-07-29 01:05:52,31,32,0,0,11.376,83.057
2026-07-29 01:10:51,32,32,0,0,11.445,82.722
2026-07-29 01:15:51,30,31,0,0,11.518,82.506
2026-07-29 01:20:51,29,29,0,0,11.536,82.39
2026-07-29 01:25:51,32,34,0,0,11.59,82.325
2026-07-29 01:30:52,26,26,0,0,11.608,82.163
2026-07-29 01:35:51,22,24,0,0,11.574,81.816
2026-07-29 01:40:35,22,22,0,0,11.488,81.964
2026-07-29 01:40:50,24,24,0,0,11.461,81.987
2026-07-29 01:43:35,21,22,0,0,11.44,82.085
2026-07-29 01:45:51,22,22,0,0,11.4,82.132
2026-07-29 01:48:34,21,22,0,0,11.379,82.289
2026-07-29 01:50:52,21,21,0,0,11.368,82.342
2026-07-29 01:51:35,22,25,0,0,11.352,82.375
2026-07-29 01:55:51,24,24,0,0,11.336,82.598
2026-07-29 02:00:52,25,28,0,0,11.288,82.794
2026-07-29 02:05:52,26,29,0,0,11.285,83.01
2026-07-29 02:10:52,26,26,0,0,11.291,83.179
2026-07-29 02:13:36,25,26,0,0,11.325,83.126
2026-07-29 02:15:51,27,27,0,0,11.341,83.038
2026-07-29 02:16:05,27,27,0,0,11.355,83.044
2026-07-29 02:20:51,24,24,0,0,11.44,82.762
2026-07-29 02:22:06,21,22,0,0,11.411,82.687
2026-07-29 02:24:35,25,26,0,0,11.443,82.575
2026-07-29 02:25:51,25,27,0,0,11.461,82.493
2026-07-29 02:30:51,28,29,0,0,11.488,82.268
2026-07-29 02:35:52,28,32,0,0,11.459,82.186
2026-07-29 02:40:51,32,33,0,0,11.44,82.352
2026-07-29 02:45:37,32,32,0,0,11.397,82.449
2026-07-29 02:45:51,32,32,0,0,11.387,82.462
2026-07-29 02:50:51,28,30,0,0,11.352,82.464
2026-07-29 02:53:36,24,26,0,0,11.32,82.479
2026-07-29 02:55:52,25,28,0,0,11.309,82.499
2026-07-29 02:57:07,27,27,0,0,11.288,82.519
2026-07-29 03:00:52,26,29,0,0,11.24,82.512
2026-07-29 03:01:37,28,28,0,0,11.21,82.558
2026-07-29 03:05:51,29,30,0,0,11.178,82.68
2026-07-29 03:10:51,26,29,0,0,11.146,82.773
2026-07-29 03:15:51,28,28,0,0,11.061,83.115
2026-07-29 03:20:51,32,34,0,0,11.037,83.343
2026-07-29 03:24:08,30,33,0,0,11.007,83.54
2026-07-29 03:25:51,30,31,0,0,10.986,83.603
2026-07-29 03:30:51,31,32,0,0,11.002,83.504
2026-07-29 03:35:51,30,31,0,0,10.973,83.643
2026-07-29 03:40:51,29,29,0,0,10.935,83.939
2026-07-29 03:45:51,33,37,0,0,10.919,84.005
2026-07-29 03:50:39,31,32,0,0,10.927,84.091
2026-07-29 03:50:51,29,30,0,0,10.93,84.101
2026-07-29 03:55:51,33,33,0,0,10.909,84.188
2026-07-29 03:56:09,33,34,0,0,10.882,84.215
2026-07-29 04:00:51,31,32,0,0,10.853,84.45
2026-07-29 04:05:51,31,32,0,0,10.858,84.614
2026-07-29 04:10:52,31,31,0,0,10.853,84.673
2026-07-29 04:15:51,29,31,0,0,10.853,84.717
2026-07-29 04:20:52,27,28,0,0,10.839,84.715
2026-07-29 04:22:38,27,28,0,0,10.831,84.759
2026-07-29 04:25:52,30,30,0,0,10.831,84.66
2026-07-29 04:29:40,28,29,0,0,10.837,84.555
2026-07-29 04:30:51,27,28,0,0,10.821,84.558
2026-07-29 04:31:09,28,28,0,0,10.831,84.579
2026-07-29 04:31:39,27,28,0,0,10.837,84.583
2026-07-29 04:35:51,27,28,0,0,10.805,84.606
2026-07-29 04:36:09,30,30,0,0,10.818,84.631
2026-07-29 04:40:51,29,30,0,0,10.805,84.6
2026-07-29 04:45:52,30,32,0,0,10.802,84.801
2026-07-29 04:46:40,33,34,0,0,10.789,84.856
2026-07-29 04:50:53,30,30,0,0,10.797,84.993
2026-07-29 04:55:11,28,29,0,0,10.807,85.11
2026-07-29 04:55:51,29,30,0,0,10.805,85.114
2026-07-29 05:00:52,22,22,0,0,10.893,84.984
2026-07-29 05:05:51,25,26,0,0,10.994,84.654
2026-07-29 05:10:52,21,22,0,0,11.09,84.36
2026-07-29 05:15:52,26,26,0,0,11.13,84.066
2026-07-29 05:20:52,27,27,0,0,11.157,83.914
2026-07-29 05:25:41,27,28,0,0,11.194,83.83
2026-07-29 05:25:51,28,28,0,0,11.181,83.818
2026-07-29 05:30:52,20,21,0,0,11.168,83.658
2026-07-29 05:35:42,19,20,0,0,11.152,83.668
2026-07-29 05:35:52,20,21,0,0,11.13,83.651
2026-07-29 05:40:53,14,18,0,0,11.082,83.7
2026-07-29 05:45:52,16,20,0,0,11.085,83.656
2026-07-29 05:50:52,15,15,0,0,11.034,83.813
2026-07-29 05:55:52,29,29,0,0,10.991,83.845
2026-07-29 06:00:17,32,33,0,0,10.954,83.87
2026-07-29 06:00:52,37,39,0,0,10.917,83.9
2026-07-29 06:04:13,36,40,0,0,10.914,84
2026-07-29 06:05:52,37,40,0,0,10.935,84.07
2026-07-29 06:07:42,37,39,0,0,10.85,84.19
2026-07-29 06:10:52,34,37,0,0,10.863,84.362
2026-07-29 06:13:43,32,32,0,0,10.847,84.408
2026-07-29 06:15:52,34,37,0,0,10.815,84.412
2026-07-29 06:20:52,32,32,0,0,10.77,84.484
2026-07-29 06:25:54,36,38,0,0,10.762,84.759
2026-07-29 06:30:52,33,34,0,0,10.719,84.839
2026-07-29 06:35:52,30,33,0,0,10.716,85.016
2026-07-29 06:40:52,36,38,0,0,10.714,84.988
2026-07-29 06:45:52,33,35,0,0,10.714,85.108
2026-07-29 06:48:44,34,34,0,0,10.698,85.081
2026-07-29 06:50:51,34,35,0,0,10.706,85.098
2026-07-29 06:54:44,34,37,0,0,10.698,85.093
2026-07-29 06:55:52,34,34,0,0,10.703,85.106
2026-07-29 07:00:54,34,35,0,0,10.676,85.274
2026-07-29 07:05:52,32,33,0,0,10.7,85.274
2026-07-29 07:10:52,30,32,0,0,10.724,85.262
2026-07-29 07:15:52,29,31,0,0,10.762,85.182
2026-07-29 07:15:55,29,30,0,0,10.767,85.196
2026-07-29 07:20:52,31,31,0,0,10.855,84.969
2026-07-29 07:25:52,30,31,0,0,10.917,84.702
2026-07-29 07:30:52,29,30,0,0,10.97,84.457
2026-07-29 07:31:46,29,29,0,0,10.991,84.452
2026-07-29 07:35:52,37,41,0,0,11.018,84.242
2026-07-29 07:40:53,37,42,0,0,11.042,84.131
2026-07-29 07:43:23,45,56,0,0,11.045,84.026
2026-07-29 07:45:52,37,41,0,0,11.021,83.994
2026-07-29 07:50:52,30,31,0,0,10.994,84.003
2026-07-29 07:51:47,33,33,0,0,10.991,84.017
2026-07-29 07:55:46,33,34,0,0,10.973,84.078
2026-07-29 07:55:50,34,37,0,0,10.994,84.053
2026-07-29 08:00:52,26,27,0,0,10.927,84.166
2026-07-29 08:05:59,36,40,0,0,10.906,84.248
2026-07-29 08:06:03,36,38,0,0,10.882,84.263
2026-07-29 08:10:53,33,37,0,0,10.882,84.431
2026-07-29 08:15:53,31,32,0,0,10.853,84.625
2026-07-29 08:20:48,15,18,0,0,10.837,84.679
2026-07-29 08:20:51,15,18,0,0,10.842,84.677
2026-07-29 08:24:50,18,19,0,0,10.855,84.774
2026-07-29 08:25:52,14,15,0,0,10.869,84.738
2026-07-29 08:30:52,26,26,0,0,10.903,84.742
2026-07-29 08:33:12,18,19,0,0,10.922,84.782
2026-07-29 08:35:52,24,24,0,0,10.962,84.818
2026-07-29 08:35:57,26,26,0,0,10.933,84.848
2026-07-29 08:40:57,25,26,0,0,11.045,84.661
2026-07-29 08:45:57,34,35,0,0,11.128,84.526
2026-07-29 08:47:48,33,38,0,0,11.146,84.429
2026-07-29 08:50:57,29,30,0,0,11.168,84.114
2026-07-29 08:55:56,31,32,0,0,11.157,84.148
2026-07-29 09:00:57,39,47,0,0,11.178,84.259
2026-07-29 09:05:56,40,48,0,0,11.208,84.299
2026-07-29 09:10:57,29,30,0,0,11.242,84.202
2026-07-29 09:15:57,27,27,0,0,11.325,83.881
2026-07-29 09:20:57,27,28,0,0,11.451,83.462
2026-07-29 09:25:56,12,14,0,0,11.563,82.998
2026-07-29 09:31:00,26,28,0,0,11.731,82.682
2026-07-29 09:35:56,31,31,0,0,11.865,82.354
2026-07-29 09:40:58,28,30,0,0,12.006,81.993
2026-07-29 09:45:59,33,36,0,0,12.1,81.755
2026-07-29 09:50:50,35,39,0,0,12.201,81.472
2026-07-29 09:50:55,35,40,0,0,12.198,81.49
2026-07-29 09:55:57,30,30,0,0,12.329,81.419
2026-07-29 09:58:39,39,45,0,0,12.407,81.352
2026-07-29 10:00:56,30,32,0,0,12.498,81.087
2026-07-29 10:05:56,28,29,0,0,12.602,80.439
2026-07-29 10:10:57,28,28,0,0,12.684,80.021
2026-07-29 10:15:57,33,34,0,0,12.834,79.622
2026-07-29 10:20:57,34,39,0,0,13.064,79.349
2026-07-29 10:25:57,27,27,0,0,13.288,78.375
2026-07-29 10:30:57,32,32,0,0,13.52,77.616
2026-07-29 10:31:51,34,38,0,0,13.536,77.505
2026-07-29 10:35:57,23,23,0,0,13.761,76.868
2026-07-29 10:40:57,28,29,0,0,13.956,76.729
2026-07-29 10:45:57,32,37,0,0,14.116,76.326
2026-07-29 10:50:57,34,36,0,0,14.223,76.443
2026-07-29 10:55:57,30,32,0,0,14.409,75.68
2026-07-29 11:00:57,31,33,0,0,14.492,75.537
2026-07-29 11:05:23,35,37,0,0,14.548,74.791
2026-07-29 11:05:58,31,32,0,0,14.551,74.646
2026-07-29 11:10:57,24,24,0,0,14.538,73.957
2026-07-29 11:15:57,24,26,0,0,14.58,73.419
2026-07-29 11:20:57,28,28,0,0,14.586,73.511
2026-07-29 11:25:57,30,30,0,0,14.538,74.293
2026-07-29 11:30:57,29,29,0,0,14.524,74.276
2026-07-29 11:35:58,28,28,0,0,14.588,74.283
2026-07-29 11:40:57,41,49,0,0,14.711,74.472
2026-07-29 11:45:58,34,36,0,0,14.93,73.629
2026-07-29 11:48:39,31,35,0,0,15.04,72.439
2026-07-29 11:50:57,29,30,0,0,15.157,71.869
2026-07-29 11:51:53,31,31,0,0,15.211,71.811
2026-07-29 11:55:57,28,28,0,0,15.392,71.3
2026-07-29 11:56:53,26,27,0,0,15.44,71.123
2026-07-29 12:00:57,27,28,0,0,15.665,70.369
2026-07-29 12:04:56,33,35,0,0,15.865,69.855
2026-07-29 12:05:57,33,35,0,0,15.918,70.07
2026-07-29 12:10:57,34,39,0,0,16.065,70.026
2026-07-29 12:15:58,25,27,0,0,16.327,69.254
2026-07-29 12:20:57,25,25,0,0,16.575,68.012
2026-07-29 12:26:02,18,20,0,0,16.85,66.019
2026-07-29 12:30:57,19,20,0,0,17.171,64.623
2026-07-29 12:35:58,18,18,0,0,17.56,64.058
2026-07-29 12:40:58,5,6,0,0,17.761,59.171
2026-07-29 12:45:58,12,12,0,0,17.956,60.032
2026-07-29 12:50:57,22,22,0,0,18.362,59.126
2026-07-29 12:55:57,17,17,0,0,18.845,58.099
2026-07-29 13:00:56,18,19,0,0,19.136,56.31
2026-07-29 13:04:53,12,14,0,0,19.285,54.975
2026-07-29 13:05:57,13,13,0,0,19.339,54.832
2026-07-29 13:10:58,22,22,0,0,19.577,54.908
2026-07-29 13:15:57,35,39,0,0,19.75,56.135
2026-07-29 13:20:57,23,23,0,0,20.217,55.54
2026-07-29 13:24:03,22,23,0,0,20.511,54.849
2026-07-29 13:25:57,16,16,0,0,20.57,53.714
2026-07-29 13:30:58,12,13,0,0,20.525,54.361
2026-07-29 13:35:58,24,24,0,0,20.474,54.91
2026-07-29 13:40:59,22,23,0,0,20.802,55.295
2026-07-29 13:43:34,19,19,0,0,21.035,54.622
2026-07-29 13:45:58,17,18,0,0,21.147,54.79
2026-07-29 13:50:58,14,15,0,0,21.435,52.852
2026-07-29 13:55:57,8,8,0,0,21.737,52.316
2026-07-29 13:57:04,10,10,0,0,21.772,51.767
2026-07-29 14:00:57,8,10,0,0,21.804,52.755
2026-07-29 14:05:57,9,9,0,0,21.601,51.891
2026-07-29 14:10:58,6,7,0,0,21.224,51.031
2026-07-29 14:15:40,7,7,0,0,20.885,52.335
2026-07-29 14:15:57,7,7,0,0,20.84,52.473
2026-07-29 14:20:57,7,8,0,0,20.503,52.068
2026-07-29 14:25:58,6,6,0,0,20.319,50.523
2026-07-29 14:26:04,6,6,0,0,20.292,50.563
2026-07-29 14:30:58,7,7,0,0,20.434,51.357
2026-07-29 14:36:02,7,8,0,0,20.615,50.397
2026-07-29 14:36:09,6,6,0,0,20.615,50.401
2026-07-29 14:40:57,10,12,0,0,20.642,51.074
2026-07-29 14:45:57,5,5,0,0,20.541,50.195
2026-07-29 14:50:58,6,6,0,0,20.375,49.837
2026-07-29 14:53:07,6,6,0,0,20.311,49.533
2026-07-29 14:55:57,24,26,0,0,20.231,49.825
2026-07-29 15:00:58,12,14,0,0,20.105,49.69
2026-07-29 15:05:58,8,8,0,0,20.012,47.609
2026-07-29 15:10:57,1,1,0,0,20.199,42.697
2026-07-29 15:11:07,0,0,0,0,20.18,42.531
2026-07-29 15:15:57,0,0,0,0,20.719,38.4
2026-07-29 15:20:57,0,0,0,0,21.363,36.586
2026-07-29 15:25:58,0,0,0,0,21.908,35.966
2026-07-29 15:29:19,0,0,0,0,22.127,34.246
2026-07-29 15:32:35,0,0,0,0,22.319,35.31
2026-07-29 15:33:44,0,0,0,0,22.372,34.946
2026-07-29 15:34:38,0,0,0,0,22.404,34.932
2026-07-29 15:39:38,0,0,0,0,22.602,32.386
2026-07-29 15:43:59,0,0,0,0,22.912,32.64
2026-07-29 15:49:02,0,0,0,0,23.091,32.304
2026-07-29 15:53:59,0,0,0,0,23.163,32.436
2026-07-29 15:59:00,0,0,0,0,23.211,33.508
2026-07-29 16:03:59,0,0,0,0,23.251,33.876
2026-07-29 16:08:59,0,0,0,0,23.184,34.402
2026-07-29 16:13:59,1,1,0,0,23.131,34.557
2026-07-29 16:19:00,0,0,0,0,23.061,34.799
2026-07-29 16:24:00,0,0,0,0,23.005,35.22
2026-07-29 16:28:59,0,1,0,0,22.939,35.732
2026-07-29 16:34:00,0,1,0,0,22.845,35.63
2026-07-29 16:38:59,0,0,0,0,22.671,36.372
2026-07-29 16:44:00,0,0,0,0,22.485,36.157
2026-07-29 16:49:00,0,0,0,0,22.338,37
2026-07-29 16:53:59,1,2,0,0,22.292,36.935
2026-07-29 16:58:59,1,2,0,0,22.308,37.347
2026-07-29 17:04:00,5,6,0,0,22.29,37.236
2026-07-29 17:09:00,0,0,0,0,22.223,37.036
2026-07-29 17:14:00,0,0,0,0,22.159,36.096
2026-07-29 17:18:59,0,0,0,0,22.167,36.031
2026-07-29 17:24:27,0,0,0,0,22.148,34.436
2026-07-29 17:28:51,0,0,0,0,22.276,35.474
2026-07-29 17:33:49,0,0,0,0,22.252,34.967
2026-07-29 17:38:50,0,0,0,0,22.164,35.239
2026-07-29 17:43:50,0,1,0,0,22.009,35.484
2026-07-29 17:48:49,0,0,0,0,21.884,33.673
2026-07-29 17:53:51,0,0,0,0,21.961,34.291
2026-07-29 17:58:49,5,5,0,0,21.94,35.424
2026-07-29 18:03:49,3,3,0,0,21.732,36.098
2026-07-29 18:08:50,21,24,0,0,21.478,36.741
2026-07-29 18:13:49,6,7,0,0,21.238,36.876
2026-07-29 18:18:51,4,4,0,0,21.032,37.215
2026-07-29 18:23:49,2,2,0,0,20.914,37.414
2026-07-29 18:28:49,3,4,0,0,20.813,36.987
2026-07-29 18:33:49,6,7,0,0,20.792,39.871
2026-07-29 18:38:51,29,30,0,0,20.61,45.724
2026-07-29 18:43:49,29,30,0,0,20.031,48.107
2026-07-29 18:48:50,30,31,0,0,19.371,49.404
2026-07-29 18:53:49,7,7,0,0,18.821,51.502
2026-07-29 18:58:52,7,7,0,0,18.346,53.188
2026-07-29 19:03:50,11,13,0,0,17.902,54.634
2026-07-29 19:08:49,47,57,0,0,17.528,55.517
2026-07-29 19:13:50,16,17,0,0,17.235,56.516
2026-07-29 19:18:50,5,5,0,0,17.005,57.378
2026-07-29 19:23:50,9,12,0,0,16.853,57.769
2026-07-29 19:28:52,5,5,0,0,16.709,59.013
2026-07-29 19:33:50,7,7,0,0,16.583,59.61
2026-07-29 19:38:50,26,26,0,0,16.431,60.644
2026-07-29 19:43:50,27,27,0,0,16.271,61.237
2026-07-29 19:48:50,20,23,0,0,16.153,60.844
2026-07-29 19:53:50,17,17,0,0,16.116,61.487
2026-07-29 19:58:51,5,5,0,0,16.033,61.468
2026-07-29 20:03:50,11,11,0,0,15.993,60.964
2026-07-29 20:08:50,35,40,0,0,16.03,61.462
2026-07-29 20:13:50,49,62,0,0,16.012,61.386
2026-07-29 20:18:50,99,105,0,0,16.001,60.861
2026-07-29 20:23:50,8,9,0,0,16.001,60.554
2026-07-29 20:28:50,31,32,0,0,15.988,60.981
2026-07-29 20:33:50,4,4,0,0,15.932,60.768
2026-07-29 20:38:51,5,5,0,0,15.892,60.346
2026-07-29 20:43:51,9,11,0,0,15.894,61.317
2026-07-29 20:48:51,7,7,0,0,15.937,61.384
2026-07-29 20:53:50,7,7,0,0,15.998,61.43
2026-07-29 20:54:36,8,8,0,0,15.953,61.39
2026-07-29 20:58:55,5,5,0,0,15.985,60.796
2026-07-29 21:03:55,3,4,0,0,16.022,60.35
2026-07-29 21:08:54,33,36,0,0,16.052,60.285
2026-07-29 21:13:56,20,20,0,0,15.985,61.02
2026-07-29 21:18:59,9,11,0,0,15.851,61.96
2026-07-29 21:23:55,5,5,0,0,15.689,62.248
2026-07-29 21:28:56,7,7,0,0,15.528,62.252
2026-07-29 21:33:55,13,13,0,0,15.443,62.471
2026-07-29 21:38:55,3,3,0,0,15.365,62.364
2026-07-29 21:43:55,3,3,0,0,15.317,62.223
2026-07-29 21:48:55,33,37,0,0,15.365,61.605
2026-07-29 21:53:55,20,23,0,0,15.368,62.101
2026-07-29 21:58:55,3,3,0,0,15.328,62.87
2026-07-29 22:03:56,3,3,0,0,15.224,63.377
2026-07-29 22:08:55,3,3,0,0,15.066,63.52
2026-07-29 22:13:55,3,3,0,0,14.911,63.682
2026-07-29 22:18:56,2,2,0,0,14.882,62.692
2026-07-29 22:23:55,6,7,0,0,14.837,62.534
2026-07-29 22:28:55,7,7,0,0,14.885,63.205
2026-07-29 22:33:56,6,6,0,0,14.871,63.648
2026-07-29 22:38:57,11,11,0,0,14.805,64.058
2026-07-29 22:43:55,23,24,0,0,14.719,64.119
2026-07-29 22:48:56,7,7,0,0,14.647,64.714
2026-07-29 22:53:55,14,16,0,0,14.57,64.951
2026-07-29 22:58:56,9,9,0,0,14.506,65.454
2026-07-29 23:03:58,9,9,0,0,14.399,65.813
2026-07-29 23:08:55,8,9,0,0,14.303,65.847
2026-07-29 23:13:55,6,6,0,0,14.212,66.127
2026-07-29 23:18:55,4,4,0,0,14.116,66.591
2026-07-29 23:23:56,4,4,0,0,13.993,66.871
2026-07-29 23:28:55,8,11,0,0,13.854,67.253
2026-07-29 23:33:55,25,26,0,0,13.694,67.587
2026-07-29 23:39:02,11,11,0,0,13.515,67.966
2026-07-29 23:44:46,8,8,0,0,13.251,68.31
2026-07-29 23:49:07,29,31,0,0,13.096,68.809
2026-07-29 23:49:47,30,32,0,0,13.026,69.048
2026-07-29 23:59:10,20,20,0,0,12.623,70.133
2026-07-30 00:04:10,20,20,0,0,12.396,70.343
2026-07-30 00:09:10,19,21,0,0,12.15,70.953
2026-07-30 00:14:10,25,25,0,0,11.977,71.724
2026-07-30 00:24:09,24,24,0,0,11.769,72.523
2026-07-30 00:29:09,21,24,0,0,11.688,72.742
2026-07-30 00:34:09,7,8,0,0,11.59,71.773
2026-07-30 00:39:09,9,12,0,0,11.501,71.962
2026-07-30 00:44:09,9,10,0,0,11.424,71.758
2026-07-30 00:49:09,6,7,0,0,11.4,71.876
2026-07-30 00:54:09,4,4,0,0,11.4,71.478
2026-07-30 00:59:09,6,6,0,0,11.36,70.833
2026-07-30 01:04:09,2,3,0,0,11.21,70.844
2026-07-30 01:09:09,2,2,0,0,11.082,71.136
2026-07-30 01:14:09,4,6,0,0,10.93,71.556
2026-07-30 01:19:09,5,5,0,0,10.879,71.802
2026-07-30 01:24:09,5,5,0,0,10.927,71.867
2026-07-30 01:29:09,5,5,0,0,10.954,71.512
2026-07-30 01:35:52,6,6,0,0,10.927,71.417
2026-07-30 01:40:25,6,6,0,0,10.951,71.453
2026-07-30 01:42:26,6,6,0,0,10.911,71.548
2026-07-30 01:46:58,7,7,0,0,10.855,71.487
2026-07-30 01:51:58,6,6,0,0,10.724,71.405
2026-07-30 01:56:58,2,2,0,0,10.615,71.209
2026-07-30 02:01:58,1,1,0,0,10.537,71.214
2026-07-30 02:06:58,0,0,0,0,10.452,71.197
2026-07-30 02:11:58,0,0,0,0,10.409,70.928
2026-07-30 02:16:58,0,0,0,0,10.425,71.102
2026-07-30 02:21:58,0,1,0,0,10.388,70.991
2026-07-30 02:26:58,0,0,0,0,10.436,70.637
2026-07-30 02:31:58,0,0,0,0,10.497,70.099
2026-07-30 02:36:58,0,0,0,0,10.452,69.534
2026-07-30 02:41:58,0,0,0,0,10.428,69.05
2026-07-30 02:46:58,0,0,0,0,10.455,68.962
2026-07-30 02:51:58,0,1,0,0,10.404,68.91
2026-07-30 02:56:58,0,0,0,0,10.348,69.103
2026-07-30 03:01:58,0,0,0,0,10.319,68.907
2026-07-30 03:06:58,0,0,0,0,10.262,68.71
2026-07-30 03:11:58,0,0,0,0,10.196,68.58
2026-07-30 03:16:58,0,0,0,0,10.134,68.517
2026-07-30 03:21:58,0,0,0,0,10.046,68.355
2026-07-30 03:26:58,1,1,0,0,9.977,68.771
2026-07-30 03:31:58,1,1,0,0,9.833,70.032
2026-07-30 03:36:58,1,2,0,0,9.686,71.195
2026-07-30 03:41:58,2,2,0,0,9.523,72.424
2026-07-30 03:46:58,4,4,0,0,9.381,73.358
2026-07-30 03:51:58,1,2,0,0,9.234,73.772
2026-07-30 03:56:58,2,3,0,0,9.125,74.184
2026-07-30 04:01:58,2,3,0,0,9.002,74.562
2026-07-30 04:06:58,1,1,0,0,8.853,74.526
2026-07-30 04:11:58,1,1,0,0,8.74,75.079
2026-07-30 04:16:58,0,0,0,0,8.58,74.667
2026-07-30 04:21:59,0,0,0,0,8.393,74.989
2026-07-30 04:26:59,0,0,0,0,8.222,75.331
2026-07-30 04:31:59,0,0,0,0,8.067,75.958
2026-07-30 04:36:59,0,1,0,0,7.907,76.62
2026-07-30 04:41:59,1,1,0,0,7.782,76.815
2026-07-30 04:46:58,0,0,0,0,7.667,77.059
2026-07-30 04:51:59,0,0,0,0,7.531,77.33
2026-07-30 04:56:58,1,1,0,0,7.427,77.515
2026-07-30 05:01:59,1,1,0,0,7.301,77.574
2026-07-30 05:06:58,2,2,0,0,7.165,78.354
2026-07-30 05:11:59,1,2,0,0,7.136,79.203
2026-07-30 05:16:59,4,4,0,0,7.157,80.671
2026-07-30 05:21:59,4,6,0,0,7.317,81.213
2026-07-30 05:26:59,6,7,0,0,7.491,81.68
2026-07-30 05:27:52,7,9,0,0,7.461,81.819
2026-07-30 05:32:25,7,7,0,0,7.699,81.442
2026-07-30 05:37:25,8,9,0,0,7.905,81.602
2026-07-30 05:42:25,9,10,0,0,8.102,81.591
2026-07-30 05:47:25,8,9,0,0,8.313,81.642
2026-07-30 05:53:29,9,9,0,0,8.524,81.709
2026-07-30 05:57:53,8,8,0,0,8.738,81.398
2026-07-30 06:02:53,9,9,0,0,8.93,81.057
2026-07-30 06:07:53,7,8,0,0,9.005,80.944
2026-07-30 06:12:53,8,8,0,0,9.042,81.039
2026-07-30 06:17:53,7,7,0,0,9.085,81.119
2026-07-30 06:22:53,8,8,0,0,9.082,81.268
2026-07-30 06:27:53,7,7,0,0,9.168,81.434
2026-07-30 06:32:53,7,7,0,0,9.237,81.213
2026-07-30 06:37:53,6,8,0,0,9.336,79.632
2026-07-30 06:42:53,4,4,0,0,9.432,77.278
2026-07-30 06:47:53,4,4,0,0,9.424,76.357
2026-07-30 06:52:53,5,5,0,0,9.373,75.93
2026-07-30 06:57:53,6,6,0,0,9.312,75.928
2026-07-30 07:02:53,4,5,0,0,9.192,77.137
2026-07-30 07:07:53,16,17,0,0,9.09,77.551
2026-07-30 07:12:53,8,9,0,0,8.989,77.787
2026-07-30 07:17:53,9,9,0,0,8.877,78.407
2026-07-30 07:22:53,10,10,0,0,8.794,79.292
2026-07-30 07:27:53,22,22,0,0,8.716,78.974
2026-07-30 07:32:53,25,25,0,0,8.564,78.878
2026-07-30 07:37:53,26,27,0,0,8.412,79.248
2026-07-30 07:42:53,22,22,0,0,8.238,79.555
2026-07-30 07:47:53,30,30,0,0,8.054,79.758
2026-07-30 07:52:53,7,8,0,0,7.937,79.883
2026-07-30 07:57:53,4,4,0,0,7.787,79.666
2026-07-30 08:02:53,7,7,0,0,7.702,79.388
2026-07-30 08:07:53,7,7,0,0,7.654,79.698
2026-07-30 08:12:53,8,8,0,0,7.947,79.359
2026-07-30 08:17:53,18,19,0,0,8.342,78.583
2026-07-30 08:22:53,15,18,0,0,8.476,78.092
2026-07-30 08:27:53,23,23,0,0,8.663,77.808
2026-07-30 08:31:34,38,41,0,0,8.812,77.537
2026-07-30 08:36:04,41,48,0,0,9.133,76.979
2026-07-30 08:41:04,32,35,0,0,9.469,76.321
2026-07-30 08:46:04,26,28,0,0,9.8,75.79
2026-07-30 08:51:04,31,31,0,0,10.137,75.407
2026-07-30 08:56:04,37,39,0,0,10.428,75.144
2026-07-30 09:01:04,37,41,0,0,10.692,74.314
2026-07-30 09:06:04,27,27,0,0,10.933,73.324
2026-07-30 09:11:04,40,43,0,0,11.21,72.986
2026-07-30 09:16:04,40,45,0,0,11.408,73.046
2026-07-30 09:21:04,36,37,0,0,11.576,72.937
2026-07-30 09:26:04,32,34,0,0,11.798,72.676
2026-07-30 09:28:08,35,38,0,0,11.846,72.576
2026-07-30 09:32:41,31,32,0,0,12.036,72.145
2026-07-30 09:37:41,32,34,0,0,12.204,71.964
2026-07-30 09:42:41,32,32,0,0,12.38,71.787
2026-07-30 09:47:41,27,27,0,0,12.548,71.136
2026-07-30 09:52:41,26,26,0,0,12.706,70.921
2026-07-30 09:57:41,25,26,0,0,12.89,69.885
2026-07-30 10:03:35,27,27,0,0,13.053,69.387
2026-07-30 10:08:08,28,30,0,0,13.291,68.949
2026-07-30 10:13:08,30,30,0,0,13.544,68.733
2026-07-30 10:18:08,26,27,0,0,13.838,67.65
2026-07-30 10:23:08,26,26,0,0,14.142,66.908
2026-07-30 10:28:08,25,26,0,0,14.452,65.756
2026-07-30 10:33:08,23,23,0,0,14.781,65.166
2026-07-30 10:38:08,19,19,0,0,15.072,63.392
2026-07-30 10:43:08,11,11,0,0,15.352,62.78
2026-07-30 10:48:08,16,18,0,0,15.643,62.784
2026-07-30 10:53:08,7,7,0,0,16.033,61.483
2026-07-30 10:58:08,8,8,0,0,16.388,59.89
2026-07-30 11:05:35,7,9,0,0,16.791,58.792
2026-07-30 11:09:13,6,6,0,0,16.978,57.779
2026-07-30 11:13:45,6,6,0,0,17.208,57.005
2026-07-30 11:18:45,4,4,0,0,17.379,55.98
2026-07-30 11:23:45,0,0,0,0,17.63,54.645
2026-07-30 11:26:49,1,2,0,0,17.715,54.702
2026-07-30 11:28:18,3,3,0,0,17.806,54.962
2026-07-30 11:32:51,6,6,0,0,18.068,54.286
2026-07-30 11:37:50,18,19,0,0,18.271,55.023
2026-07-30 11:42:51,10,11,0,0,18.666,54.523
2026-07-30 11:47:51,11,11,0,0,19.472,52.667
2026-07-30 11:52:51,5,5,0,0,20.514,49.026
2026-07-30 11:57:51,9,9,0,0,21.617,47.365
2026-07-30 12:02:51,8,8,0,0,22.645,44.803
2026-07-30 12:07:51,4,5,0,0,23.467,43.496
2026-07-30 12:13:03,6,6,0,0,24.314,42.295
2026-07-30 12:16:29,6,6,0,0,24.84,40.885
2026-07-30 12:16:47,5,6,0,0,24.883,40.99
2026-07-30 12:16:55,6,7,0,0,24.912,41.16
2026-07-30 12:17:01,7,7,0,0,24.939,41.185
2026-07-30 12:17:15,7,7,0,0,24.957,41.131
2026-07-30 12:21:01,6,6,0,0,25.425,40.992
2026-07-30 12:26:02,8,8,0,0,26.007,40.031
2026-07-30 12:30:22,8,8,0,0,26.538,39.485
2026-07-30 12:31:01,10,11,0,0,26.634,39.453
2026-07-30 12:36:01,3,3,0,0,27.323,38.575
2026-07-30 12:41:01,6,6,0,0,27.716,37.351
2026-07-30 12:46:01,1,1,0,0,27.975,37.141
2026-07-30 12:51:01,0,0,0,0,28.183,36.403
2026-07-30 12:56:02,1,1,0,0,28.215,36.21
2026-07-30 13:01:02,6,6,0,0,28.172,36.531
2026-07-30 13:06:02,3,3,0,0,27.983,36.1
2026-07-30 13:11:02,1,1,0,0,27.815,36.277
2026-07-30 13:16:02,2,2,0,0,27.681,36.697
2026-07-30 13:21:02,0,0,0,0,27.462,37.139
2026-07-30 13:26:02,0,0,0,0,27.377,36.948
2026-07-30 13:28:35,2,2,0,0,27.355,37.322
2026-07-30 13:31:02,0,0,0,0,27.379,36.807
2026-07-30 13:36:02,0,0,0,0,27.339,36.815
2026-07-30 13:41:02,0,0,0,0,27.286,36.882
2026-07-30 13:44:06,0,1,0,0,27.24,37.591
2026-07-30 13:46:02,0,0,0,0,27.19,37.565
2026-07-30 13:51:02,0,0,0,0,27.123,37.505
2026-07-30 13:56:02,0,1,0,0,27.142,37.91
2026-07-30 14:01:02,2,2,0,0,27.112,37.399
2026-07-30 14:06:02,0,2,0,0,26.96,36.935
2026-07-30 14:11:02,0,0,0,0,26.875,36.939
2026-07-30 14:13:27,0,0,0,0,26.848,37.057
2026-07-30 14:14:29,0,0,0,0,26.829,37.561
2026-07-30 14:16:02,1,1,0,0,26.8,37.37
2026-07-30 14:16:50,1,1,0,0,26.794,37.486
2026-07-30 14:19:37,0,0,0,0,26.752,37.849
2026-07-30 14:21:02,0,0,0,0,26.736,37.626
2026-07-30 14:21:49,0,0,0,0,26.746,37.645
2026-07-30 14:22:15,0,0,0,0,26.754,37.608
2026-07-30 14:26:02,0,0,0,0,26.706,37.528
2026-07-30 14:26:52,0,0,0,0,26.693,37.603
2026-07-30 14:31:02,0,0,0,0,26.557,37.832
2026-07-30 14:36:02,0,0,0,0,26.394,38.06
2026-07-30 14:40:50,0,0,0,0,26.306,38.549
2026-07-30 14:41:02,0,0,0,0,26.29,38.625
2026-07-30 14:46:02,0,0,0,0,26.202,37.818
2026-07-30 14:48:40,0,0,0,0,26.089,38.572
2026-07-30 14:51:02,0,0,0,0,25.985,38.842
2026-07-30 14:56:02,0,0,0,0,25.761,38.928
2026-07-30 15:01:02,0,0,0,0,25.47,39.169
2026-07-30 15:06:02,0,0,0,0,25.158,39.514
2026-07-30 15:07:38,0,0,0,0,25.064,39.657
2026-07-30 15:11:02,0,0,0,0,24.84,40.078
2026-07-30 15:16:02,0,0,0,0,24.522,40.25
2026-07-30 15:21:02,0,0,0,0,24.25,40.721
2026-07-30 15:26:02,0,0,0,0,23.975,41.755
2026-07-30 15:31:02,0,0,0,0,23.806,41.843
2026-07-30 15:31:08,0,0,0,0,23.782,41.858
2026-07-30 15:34:09,0,0,0,0,23.702,41.972
2026-07-30 15:36:02,0,0,0,0,23.643,42.203
2026-07-30 15:38:08,0,0,0,0,23.614,42.438
2026-07-30 15:41:02,0,0,0,0,23.598,41.784
2026-07-30 15:41:10,0,0,0,0,23.598,41.633
2026-07-30 15:46:02,0,0,0,0,23.51,41.78
2026-07-30 15:51:02,0,0,0,0,23.366,42.367
2026-07-30 15:56:02,0,0,0,0,23.198,42.508
2026-07-30 16:03:48,0,0,0,0,23.045,42.714
2026-07-30 16:04:48,0,0,0,0,22.933,43.02
2026-07-30 16:06:02,0,0,0,0,22.901,42.88
2026-07-30 16:06:48,0,0,0,0,22.89,43.113
2026-07-30 16:11:02,0,0,0,0,22.909,43.001
2026-07-30 16:16:02,0,0,0,0,22.84,43.018
2026-07-30 16:21:02,0,0,0,0,22.784,42.713
2026-07-30 16:26:02,0,0,0,0,22.722,42.878
2026-07-30 16:27:49,0,0,0,0,22.666,42.976
2026-07-30 16:28:03,0,0,0,0,22.674,43.121
2026-07-30 16:28:19,0,0,0,0,22.669,43.205
2026-07-30 16:28:25,0,0,0,0,22.679,43.207
2026-07-30 16:32:20,0,0,0,0,22.701,43.168
2026-07-30 16:37:20,8,8,0,0,22.714,43.073
2026-07-30 16:42:20,4,5,0,0,22.762,42.985
2026-07-30 16:47:20,0,0,0,0,22.792,42.827
2026-07-30 16:52:20,0,0,0,0,22.8,43.336
2026-07-30 16:52:53,0,0,0,0,22.805,43.403
2026-07-30 16:57:20,0,0,0,0,22.85,43.25
2026-07-30 17:02:20,0,0,0,0,22.725,42.774
2026-07-30 17:07:20,1,1,0,0,21.983,43.601
2026-07-30 17:12:20,0,0,0,0,21.019,44.849
2026-07-30 17:17:20,0,0,0,0,20.108,47.008
2026-07-30 17:22:20,12,13,0,0,19.272,48.837
2026-07-30 17:27:20,11,12,0,0,18.575,50.123
2026-07-30 17:32:20,18,19,0,0,17.977,51.715
2026-07-30 17:36:35,32,35,0,0,17.486,53.049
2026-07-30 17:37:20,28,28,0,0,17.382,53.325
2026-07-30 17:42:20,60,72,0,0,16.93,55.133
2026-07-30 17:44:56,44,53,0,0,16.709,55.826
2026-07-30 17:45:09,44,51,0,0,16.674,55.902
2026-07-30 17:47:20,26,29,0,0,16.474,56.402
2026-07-30 17:52:20,35,42,0,0,16.049,57.991
2026-07-30 17:57:20,85,87,0,0,15.665,59.57
2026-07-30 18:02:20,12,12,0,0,15.315,60.493
2026-07-30 18:04:40,19,19,0,0,15.146,61.134
2026-07-30 18:07:21,27,27,0,0,15.008,61.828
2026-07-30 18:12:20,25,27,0,0,14.733,62.881
2026-07-30 18:17:21,8,9,0,0,14.404,63.825
2026-07-30 18:22:21,26,27,0,0,14.169,64.39
2026-07-30 18:27:21,17,17,0,0,13.942,65.393
2026-07-30 18:32:21,4,4,0,0,13.774,66.044
2026-07-30 18:37:21,6,6,0,0,13.6,66.391
2026-07-30 18:42:21,3,3,0,0,13.472,66.963
2026-07-30 18:44:04,2,2,0,0,13.429,67.112
2026-07-30 18:47:20,7,7,0,0,13.331,67.493
2026-07-30 18:51:03,19,19,0,0,13.261,67.829
2026-07-30 18:52:21,8,9,0,0,13.221,67.953
2026-07-30 18:57:20,2,2,0,0,13.133,68.416
2026-07-30 18:59:13,5,5,0,0,13.061,68.544
2026-07-30 19:02:20,4,4,0,0,13,68.855
2026-07-30 19:07:20,3,3,0,0,12.879,69.456
2026-07-30 19:11:15,3,3,0,0,12.741,69.904
2026-07-30 19:12:21,3,3,0,0,12.711,70.114
2026-07-30 19:17:20,1,2,0,0,12.559,70.431
2026-07-30 19:19:26,1,1,0,0,12.522,70.621
2026-07-30 19:22:20,3,3,0,0,12.487,70.841
2026-07-30 19:22:53,4,4,0,0,12.441,70.907
2026-07-30 19:27:20,1,1,0,0,12.348,71.289
2026-07-30 19:32:20,3,3,0,0,12.271,71.409
2026-07-30 19:37:20,7,8,0,0,12.188,71.783
2026-07-30 19:39:40,1,2,0,0,12.18,72.162
2026-07-30 19:40:15,1,1,0,0,12.18,72.279
2026-07-30 19:42:21,1,2,0,0,12.132,72.498
2026-07-30 19:47:20,26,27,0,0,12.086,72.975
2026-07-30 19:49:34,32,32,0,0,12.022,73.179
2026-07-30 19:52:21,30,32,0,0,12.001,73.383
2026-07-30 19:52:22,30,31,0,0,12.009,73.393
2026-07-30 19:52:33,31,31,0,0,11.977,73.41
2026-07-30 19:54:00,17,17,0,0,11.979,73.536
2026-07-30 19:54:27,24,24,0,0,11.977,73.576
2026-07-30 19:56:14,22,24,0,0,11.977,73.7
2026-07-30 19:57:20,7,8,0,0,11.985,73.73
2026-07-30 19:57:47,8,8,0,0,11.969,73.759
2026-07-30 20:02:20,2,2,0,0,11.998,73.875
2026-07-30 20:03:26,2,2,0,0,11.998,73.908
2026-07-30 20:05:04,0,0,0,0,11.995,73.95
2026-07-30 20:07:21,2,3,0,0,11.979,74.003
2026-07-30 20:12:20,1,2,0,0,12.001,74.097
2026-07-30 20:17:21,4,4,0,0,11.99,74.169
2026-07-30 20:22:13,6,6,0,0,11.961,74.276
2026-07-30 20:22:20,6,6,0,0,11.947,74.266
2026-07-30 20:27:20,12,14,0,0,11.897,74.489
2026-07-30 20:32:21,18,18,0,0,11.803,74.671
2026-07-30 20:32:31,9,9,0,0,11.833,74.671
2026-07-30 20:34:00,19,20,0,0,11.787,74.766
2026-07-30 20:37:21,14,14,0,0,11.718,75.031
2026-07-30 20:37:31,6,6,0,0,11.718,75.058
2026-07-30 20:42:21,4,4,0,0,11.616,75.422
2026-07-30 20:47:21,0,0,0,0,11.542,75.703
2026-07-30 20:49:20,0,0,0,0,11.496,75.912
2026-07-30 20:52:21,2,2,0,0,11.48,76.025
2026-07-30 20:53:58,0,0,0,0,11.445,76.128
2026-07-30 20:55:22,0,1,0,0,11.432,76.254
2026-07-30 20:57:21,39,43,0,0,11.405,76.341
2026-07-30 21:02:21,3,4,0,0,11.352,76.567
2026-07-30 21:07:21,7,8,0,0,11.291,76.855
2026-07-30 21:12:21,39,47,0,0,11.192,77.082
2026-07-30 21:17:21,41,47,0,0,11.104,77.249
2026-07-30 21:22:21,0,0,0,0,11.015,77.633
2026-07-30 21:27:21,10,12,0,0,10.882,77.711
2026-07-30 21:32:21,0,0,0,0,10.767,78.281
2026-07-30 21:37:21,2,3,0,0,10.642,78.447
2026-07-30 21:42:21,3,3,0,0,10.521,78.667
2026-07-30 21:47:21,0,0,0,0,10.407,78.926
2026-07-30 21:52:21,0,0,0,0,10.278,79.506
2026-07-30 21:57:21,10,10,0,0,10.18,80.078
2026-07-30 22:02:21,8,9,0,0,10.07,80.666
2026-07-30 22:06:58,1,1,0,0,10.025,81.192
2026-07-30 22:07:20,1,1,0,0,10.03,81.243
2026-07-30 22:12:21,0,0,0,0,9.99,81.615
2026-07-30 22:17:21,5,5,0,0,9.969,81.831
2026-07-30 22:22:21,1,1,0,0,9.902,81.757
2026-07-30 22:27:21,0,0,0,0,9.883,82.071
2026-07-30 22:32:21,1,1,0,0,9.849,82.535
2026-07-30 22:37:21,2,2,0,0,9.83,82.79
2026-07-30 22:42:21,4,4,0,0,9.792,82.607
2026-07-30 22:47:21,4,4,0,0,9.747,82.808
2026-07-30 22:50:51,3,3,0,0,9.68,83.042
2026-07-30 22:52:21,1,2,0,0,9.696,83.174
2026-07-30 22:55:33,1,1,0,0,9.627,83.38
2026-07-30 22:57:04,1,1,0,0,9.627,83.437
2026-07-30 22:57:20,1,1,0,0,9.619,83.437
2026-07-30 23:02:21,1,2,0,0,9.541,83.359
2026-07-30 23:07:21,1,2,0,0,9.504,83.876
2026-07-30 23:10:36,1,1,0,0,9.461,83.921
2026-07-30 23:12:21,1,1,0,0,9.448,83.862
2026-07-30 23:13:26,2,2,0,0,9.4,83.837
2026-07-30 23:14:19,0,1,0,0,9.419,83.841
2026-07-30 23:17:20,1,2,0,0,9.36,84.066
2026-07-30 23:22:21,0,1,0,0,9.32,84.446
2026-07-30 23:25:33,1,1,0,0,9.331,84.648
2026-07-30 23:25:40,1,1,0,0,9.306,84.627
2026-07-30 23:27:21,1,1,0,0,9.314,84.627
2026-07-30 23:29:01,2,3,0,0,9.282,84.612
2026-07-30 23:31:34,3,3,0,0,9.306,84.642
2026-07-30 23:32:21,5,5,0,0,9.274,84.648
2026-07-30 23:32:35,9,9,0,0,9.285,84.681
2026-07-30 23:33:40,9,10,0,0,9.282,84.715
2026-07-30 23:34:17,12,12,0,0,9.269,84.759
2026-07-30 23:34:18,12,12,0,0,9.269,84.747
2026-07-30 23:34:23,10,10,0,0,9.248,84.742
2026-07-30 23:34:33,9,9,0,0,9.272,84.782
2026-07-30 23:35:46,12,14,0,0,9.272,84.879
2026-07-30 23:36:03,12,16,0,0,9.256,84.911
2026-07-30 23:36:44,4,4,0,0,9.261,84.976
2026-07-30 23:37:21,10,10,0,0,9.264,85.016
2026-07-30 23:37:35,9,10,0,0,9.248,85.022
2026-07-30 23:42:21,3,3,0,0,9.29,85.096
2026-07-30 23:44:55,4,4,0,0,9.25,85.142
2026-07-30 23:45:08,4,4,0,0,9.258,85.138
2026-07-30 23:47:21,18,22,0,0,9.261,85.197
2026-07-30 23:52:21,4,4,0,0,9.245,85.432
2026-07-30 23:57:21,5,5,0,0,9.237,85.444
2026-07-30 23:58:40,4,4,0,0,9.248,85.487
2026-07-31 00:00:34,14,18,0,0,9.264,85.505
2026-07-31 00:01:15,27,29,0,0,9.264,85.474
2026-07-31 00:02:21,22,23,0,0,9.266,85.466
2026-07-31 00:03:26,23,23,0,0,9.248,85.468
2026-07-31 00:05:04,22,23,0,0,9.234,85.445
2026-07-31 00:05:55,14,14,0,0,9.229,85.451
2026-07-31 00:06:34,14,14,0,0,9.24,85.44
2026-07-31 00:07:21,7,8,0,0,9.234,85.402
2026-07-31 00:11:09,2,2,0,0,9.202,85.396
2026-07-31 00:12:04,2,2,0,0,9.213,85.39
2026-07-31 00:12:21,2,2,0,0,9.194,85.346
2026-07-31 00:14:34,1,1,0,0,9.181,85.283
2026-07-31 00:14:49,1,1,0,0,9.184,85.297
2026-07-31 00:17:21,2,2,0,0,9.154,85.302
2026-07-31 00:21:56,1,2,0,0,9.101,85.379
2026-07-31 00:22:10,1,2,0,0,9.079,85.392
2026-07-31 00:22:20,2,3,0,0,9.071,85.402
2026-07-31 00:22:26,2,3,0,0,9.071,85.396
2026-07-31 00:22:48,1,1,0,0,9.074,85.415
2026-07-31 00:22:58,1,1,0,0,9.071,85.445
2026-07-31 00:23:02,1,1,0,0,9.066,85.423
2026-07-31 00:25:01,1,1,0,0,9.058,85.438
2026-07-31 00:26:32,1,2,0,0,9.034,85.52
2026-07-31 00:27:21,2,3,0,0,9.021,85.556
2026-07-31 00:28:47,1,1,0,0,9.005,85.636
2026-07-31 00:30:42,1,1,0,0,8.989,85.716
2026-07-31 00:32:21,2,2,0,0,8.989,85.886
2026-07-31 00:37:21,3,3,0,0,8.965,86.058
2026-07-31 00:42:21,5,5,0,0,8.967,85.464
2026-07-31 00:47:21,7,7,0,0,8.885,85.201
2026-07-31 00:52:21,8,8,0,0,8.823,85.39
2026-07-31 00:57:21,8,8,0,0,8.796,85.876
2026-07-31 00:57:23,8,8,0,0,8.788,85.88
2026-07-31 01:02:21,9,9,0,0,8.812,85.863
2026-07-31 01:07:21,14,16,0,0,8.794,85.617
2026-07-31 01:12:21,10,10,0,0,8.778,85.484
2026-07-31 01:13:56,14,14,0,0,8.754,85.442
2026-07-31 01:17:21,22,22,0,0,8.754,85.197
2026-07-31 01:22:21,20,23,0,0,8.719,85.32
2026-07-31 01:27:21,14,15,0,0,8.674,85.371
2026-07-31 01:27:23,14,15,0,0,8.668,85.36
2026-07-31 01:28:26,15,17,0,0,8.684,85.405
2026-07-31 01:32:21,8,9,0,0,8.676,85.232
2026-07-31 01:37:21,3,3,0,0,8.642,84.602
2026-07-31 01:39:45,2,2,0,0,8.607,84.414
2026-07-31 01:41:18,4,4,0,0,8.58,84.385
2026-07-31 01:42:21,3,3,0,0,8.564,84.429
2026-07-31 01:47:21,8,8,0,0,8.532,84.558
2026-07-31 01:48:05,8,9,0,0,8.545,84.61
2026-07-31 01:52:21,1,1,0,0,8.524,84.843
2026-07-31 01:54:37,7,8,0,0,8.537,85.024
2026-07-31 01:56:48,13,13,0,0,8.559,85.178
2026-07-31 01:57:21,14,15,0,0,8.548,85.241
2026-07-31 02:02:21,20,21,0,0,8.58,85.47
2026-07-31 02:07:21,33,34,0,0,8.65,86.096
2026-07-31 02:12:21,38,42,0,0,8.754,86.405
2026-07-31 02:15:06,38,41,0,0,8.823,86.262
2026-07-31 02:17:21,35,36,0,0,8.853,86.136
2026-07-31 02:18:06,34,36,0,0,8.877,86.151
2026-07-31 02:21:11,33,33,0,0,8.933,85.978
2026-07-31 02:22:21,34,34,0,0,8.93,85.857
2026-07-31 02:22:52,31,31,0,0,8.933,85.85
2026-07-31 02:27:21,29,29,0,0,9.01,85.72
2026-07-31 02:28:00,30,30,0,0,9.015,85.672
2026-07-31 02:32:21,27,27,0,0,9.077,85.514
2026-07-31 02:37:21,28,28,0,0,9.122,85.32
2026-07-31 02:38:05,27,27,0,0,9.133,85.293
2026-07-31 02:38:22,27,27,0,0,9.125,85.32
2026-07-31 02:42:21,27,28,0,0,9.181,85.18
2026-07-31 02:45:37,27,27,0,0,9.192,85.184
2026-07-31 02:47:21,25,25,0,0,9.2,85.201
2026-07-31 02:49:36,27,27,0,0,9.213,85.211
2026-07-31 02:52:21,26,27,0,0,9.258,85.163
2026-07-31 02:57:21,27,28,0,0,9.264,85.123
2026-07-31 02:57:57,27,28,0,0,9.264,85.087
2026-07-31 03:02:21,26,28,0,0,9.261,85.077
2026-07-31 03:07:21,25,27,0,0,9.312,85.123
2026-07-31 03:12:21,22,23,0,0,9.293,85.386
2026-07-31 03:17:21,19,22,0,0,9.347,85.575
2026-07-31 03:22:21,20,20,0,0,9.389,85.634
2026-07-31 03:27:21,20,25,0,0,9.448,85.329
2026-07-31 03:32:21,15,17,0,0,9.453,85.18
2026-07-31 03:37:21,17,18,0,0,9.469,85.222
2026-07-31 03:42:21,9,10,0,0,9.525,85.308
2026-07-31 03:45:05,10,12,0,0,9.595,85.323
2026-07-31 03:45:14,12,12,0,0,9.59,85.339
2026-07-31 03:45:33,8,8,0,0,9.592,85.352
2026-07-31 03:45:55,10,10,0,0,9.616,85.35
2026-07-31 03:46:12,10,10,0,0,9.603,85.354
2026-07-31 03:46:14,10,10,0,0,9.608,85.323
2026-07-31 03:46:52,9,10,0,0,9.598,85.318
2026-07-31 03:46:56,10,10,0,0,9.598,85.329
2026-07-31 03:47:10,13,15,0,0,9.616,85.321
2026-07-31 03:47:21,12,12,0,0,9.616,85.331
2026-07-31 03:47:30,10,10,0,0,9.616,85.32
2026-07-31 03:47:33,10,10,0,0,9.63,85.297
2026-07-31 03:48:17,9,9,0,0,9.651,85.279
2026-07-31 03:48:23,10,10,0,0,9.643,85.238
2026-07-31 03:48:56,9,10,0,0,9.651,85.217
2026-07-31 03:49:34,12,14,0,0,9.678,85.157
2026-07-31 03:50:10,12,13,0,0,9.678,85.094
2026-07-31 03:50:56,10,12,0,0,9.704,85.068
2026-07-31 03:51:01,10,10,0,0,9.688,85.024
2026-07-31 03:51:05,9,9,0,0,9.707,85.039
2026-07-31 03:51:32,10,10,0,0,9.704,84.991
2026-07-31 03:52:16,12,12,0,0,9.739,84.934
2026-07-31 03:52:21,10,10,0,0,9.726,84.906
2026-07-31 03:52:56,9,9,0,0,9.736,84.858
2026-07-31 03:53:08,7,7,0,0,9.731,84.85
2026-07-31 03:53:34,9,9,0,0,9.774,84.795
2026-07-31 03:53:38,9,9,0,0,9.72,84.805
2026-07-31 03:54:15,8,9,0,0,9.758,84.759
2026-07-31 03:54:35,10,10,0,0,9.744,84.726
2026-07-31 03:54:52,7,7,0,0,9.744,84.711
2026-07-31 03:55:04,9,9,0,0,9.758,84.694
2026-07-31 03:55:35,9,9,0,0,9.795,84.648
2026-07-31 03:55:48,6,8,0,0,9.779,84.654
2026-07-31 03:56:12,10,10,0,0,9.779,84.62
2026-07-31 03:56:19,9,9,0,0,9.79,84.6
2026-07-31 03:57:01,8,8,0,0,9.779,84.555
2026-07-31 03:57:21,9,9,0,0,9.817,84.534
2026-07-31 03:57:26,9,9,0,0,9.803,84.515
2026-07-31 03:57:51,8,8,0,0,9.79,84.496
2026-07-31 03:57:59,9,9,0,0,9.803,84.488
2026-07-31 03:58:07,8,8,0,0,9.808,84.471
2026-07-31 03:58:23,10,10,0,0,9.806,84.478
2026-07-31 03:58:29,10,10,0,0,9.798,84.467
2026-07-31 03:58:37,9,9,0,0,9.811,84.435
2026-07-31 03:58:40,9,10,0,0,9.814,84.438
2026-07-31 03:59:09,8,9,0,0,9.83,84.425
2026-07-31 04:00:13,8,9,0,0,9.851,84.299
2026-07-31 04:01:31,8,8,0,0,9.867,84.106
2026-07-31 04:02:07,6,8,0,0,9.883,84.103
2026-07-31 04:02:11,6,8,0,0,9.867,84.103
2026-07-31 04:02:21,9,9,0,0,9.851,84.091
2026-07-31 04:02:45,10,10,0,0,9.854,84.049
2026-07-31 04:03:09,9,9,0,0,9.891,84.049
2026-07-31 04:03:18,8,8,0,0,9.865,84.024
2026-07-31 04:05:43,9,10,0,0,9.867,83.809
2026-07-31 04:06:16,8,9,0,0,9.867,83.759
2026-07-31 04:06:32,10,12,0,0,9.865,83.738
2026-07-31 04:06:35,10,12,0,0,9.897,83.75
2026-07-31 04:06:54,9,10,0,0,9.87,83.729
2026-07-31 04:07:20,12,12,0,0,9.881,83.702
2026-07-31 04:07:21,12,12,0,0,9.881,83.702
2026-07-31 04:07:54,9,9,0,0,9.865,83.668
2026-07-31 04:08:07,9,9,0,0,9.87,83.677
2026-07-31 04:08:10,9,10,0,0,9.854,83.664
2026-07-31 04:08:33,10,10,0,0,9.867,83.664
2026-07-31 04:08:40,13,13,0,0,9.891,83.658
2026-07-31 04:08:45,13,13,0,0,9.838,83.639
2026-07-31 04:09:24,9,10,0,0,9.878,83.645
2026-07-31 04:09:36,10,10,0,0,9.857,83.641
2026-07-31 04:09:40,10,10,0,0,9.854,83.628
2026-07-31 04:10:15,8,9,0,0,9.865,83.647
2026-07-31 04:10:45,9,9,0,0,9.851,83.616
2026-07-31 04:11:28,12,13,0,0,9.859,83.624
2026-07-31 04:12:22,12,13,0,0,9.862,83.578
2026-07-31 04:15:14,10,10,0,0,9.83,83.279
2026-07-31 04:17:22,12,13,0,0,9.806,83.281
2026-07-31 04:18:06,10,10,0,0,9.79,83.303
2026-07-31 04:18:26,10,10,0,0,9.766,83.3
2026-07-31 04:19:00,10,12,0,0,9.795,83.34
2026-07-31 04:22:22,13,15,0,0,9.752,83.208
2026-07-31 04:24:34,18,20,0,0,9.731,83.204
2026-07-31 04:25:02,18,20,0,0,9.742,83.21
2026-07-31 04:25:24,18,20,0,0,9.704,83.195
2026-07-31 04:25:50,16,18,0,0,9.683,83.219
2026-07-31 04:26:02,16,18,0,0,9.696,83.237
2026-07-31 04:26:06,16,18,0,0,9.707,83.219
2026-07-31 04:26:19,16,17,0,0,9.704,83.195
2026-07-31 04:26:24,16,17,0,0,9.688,83.223
2026-07-31 04:26:47,15,16,0,0,9.678,83.21
2026-07-31 04:27:11,17,18,0,0,9.678,83.229
2026-07-31 04:27:15,17,17,0,0,9.688,83.219
2026-07-31 04:27:21,16,16,0,0,9.672,83.229
2026-07-31 04:27:23,16,16,0,0,9.672,83.229
2026-07-31 04:27:57,16,17,0,0,9.672,83.216
2026-07-31 04:28:17,17,19,0,0,9.678,83.195
2026-07-31 04:28:22,18,20,0,0,9.656,83.208
2026-07-31 04:28:29,19,22,0,0,9.672,83.248
2026-07-31 04:28:50,16,20,0,0,9.648,83.223
2026-07-31 04:29:33,18,20,0,0,9.654,83.244
2026-07-31 04:29:40,19,20,0,0,9.659,83.261
2026-07-31 04:30:27,14,18,0,0,9.63,83.261
2026-07-31 04:30:40,15,17,0,0,9.646,83.294
2026-07-31 04:30:51,16,17,0,0,9.6,83.332
2026-07-31 04:31:03,18,19,0,0,9.616,83.33
2026-07-31 04:31:10,19,21,0,0,9.635,83.351
2026-07-31 04:31:33,21,23,0,0,9.622,83.359
2026-07-31 04:31:37,21,21,0,0,9.627,83.363
2026-07-31 04:31:42,22,22,0,0,9.611,83.368
2026-07-31 04:31:49,20,20,0,0,9.611,83.342
2026-07-31 04:32:03,21,23,0,0,9.598,83.395
2026-07-31 04:32:22,22,22,0,0,9.6,83.391
2026-07-31 04:33:00,22,22,0,0,9.6,83.374
2026-07-31 04:33:03,23,23,0,0,9.59,83.361
2026-07-31 04:33:35,21,22,0,0,9.6,83.399
2026-07-31 04:33:38,20,22,0,0,9.579,83.414
2026-07-31 04:33:47,21,22,0,0,9.579,83.397
2026-07-31 04:34:23,22,22,0,0,9.616,83.437
2026-07-31 04:34:27,22,22,0,0,9.56,83.431
2026-07-31 04:35:05,18,22,0,0,9.579,83.466
2026-07-31 04:35:09,18,22,0,0,9.555,83.471
2026-07-31 04:35:51,18,19,0,0,9.563,83.496
2026-07-31 04:35:59,18,20,0,0,9.56,83.534
2026-07-31 04:36:12,18,19,0,0,9.549,83.53
2026-07-31 04:36:33,19,20,0,0,9.552,83.551
2026-07-31 04:36:37,19,20,0,0,9.552,83.574
2026-07-31 04:36:40,18,19,0,0,9.539,83.536
2026-07-31 04:36:49,17,19,0,0,9.547,83.544
2026-07-31 04:37:15,17,22,0,0,9.549,83.626
2026-07-31 04:37:21,17,22,0,0,9.552,83.584
2026-07-31 04:38:01,18,21,0,0,9.523,83.639
2026-07-31 04:38:04,18,20,0,0,9.525,83.628
2026-07-31 04:38:23,17,18,0,0,9.528,83.658
2026-07-31 04:38:37,18,20,0,0,9.525,83.664
2026-07-31 04:38:40,18,20,0,0,9.528,83.673
2026-07-31 04:39:18,21,22,0,0,9.499,83.704
2026-07-31 04:39:27,23,25,0,0,9.531,83.712
2026-07-31 04:41:20,25,27,0,0,9.52,83.689
2026-07-31 04:41:56,27,27,0,0,9.485,83.641
2026-07-31 04:42:12,27,28,0,0,9.485,83.647
2026-07-31 04:42:21,27,27,0,0,9.499,83.679
2026-07-31 04:42:25,28,28,0,0,9.501,83.673
2026-07-31 04:42:38,28,28,0,0,9.477,83.66
2026-07-31 04:42:52,28,28,0,0,9.475,83.664
2026-07-31 04:43:18,28,28,0,0,9.483,83.7
2026-07-31 04:43:22,27,27,0,0,9.477,83.7
2026-07-31 04:43:33,29,29,0,0,9.475,83.685
2026-07-31 04:43:59,27,27,0,0,9.456,83.715
2026-07-31 04:44:04,26,27,0,0,9.483,83.727
2026-07-31 04:44:37,26,26,0,0,9.464,83.757
2026-07-31 04:45:02,25,27,0,0,9.453,83.74
2026-07-31 04:45:17,26,27,0,0,9.459,83.755
2026-07-31 04:45:31,26,27,0,0,9.475,83.767
2026-07-31 04:45:43,26,28,0,0,9.453,83.765
2026-07-31 04:45:59,26,26,0,0,9.464,83.775
2026-07-31 04:46:02,26,26,0,0,9.429,83.767
2026-07-31 04:46:06,25,26,0,0,9.437,83.771
2026-07-31 04:46:45,25,25,0,0,9.44,83.794
2026-07-31 04:46:53,25,25,0,0,9.445,83.855
2026-07-31 04:46:56,26,26,0,0,9.437,83.813
2026-07-31 04:47:22,23,26,0,0,9.427,83.834
2026-07-31 04:47:44,23,25,0,0,9.411,83.868
2026-07-31 04:48:12,25,26,0,0,9.397,83.883
2026-07-31 04:48:20,23,23,0,0,9.413,83.91
2026-07-31 04:48:40,25,25,0,0,9.4,83.946
2026-07-31 04:50:02,25,25,0,0,9.405,83.975
2026-07-31 04:50:39,23,23,0,0,9.4,83.965
2026-07-31 04:50:43,22,23,0,0,9.373,83.956
2026-07-31 04:50:57,23,25,0,0,9.413,83.992
2026-07-31 04:51:01,23,25,0,0,9.387,83.988
2026-07-31 04:51:21,25,25,0,0,9.379,83.971
2026-07-31 04:51:24,25,26,0,0,9.384,83.984
2026-07-31 04:51:49,23,23,0,0,9.379,83.967
2026-07-31 04:52:00,23,25,0,0,9.387,83.977
2026-07-31 04:52:08,23,25,0,0,9.395,83.982
2026-07-31 04:52:22,25,25,0,0,9.397,83.986
2026-07-31 04:54:02,26,26,0,0,9.365,83.973
2026-07-31 04:54:19,22,23,0,0,9.357,83.969
2026-07-31 04:54:28,22,23,0,0,9.347,83.937
2026-07-31 04:56:22,26,26,0,0,9.306,83.906
2026-07-31 04:56:56,22,22,0,0,9.317,83.918
2026-07-31 04:57:02,22,22,0,0,9.312,83.914
2026-07-31 04:57:22,21,22,0,0,9.288,83.918
2026-07-31 04:58:08,22,22,0,0,9.282,83.923
2026-07-31 04:58:11,22,22,0,0,9.272,83.927
2026-07-31 04:58:15,22,22,0,0,9.266,83.92
2026-07-31 04:58:30,21,23,0,0,9.256,83.956
2026-07-31 04:58:44,20,22,0,0,9.256,83.965
2026-07-31 04:59:08,20,22,0,0,9.264,83.961
2026-07-31 04:59:40,18,23,0,0,9.234,83.981
2026-07-31 04:59:53,18,22,0,0,9.237,83.977
2026-07-31 05:00:12,17,20,0,0,9.232,83.982
2026-07-31 05:00:17,17,20,0,0,9.218,83.986
2026-07-31 05:00:30,16,19,0,0,9.237,83.996
2026-07-31 05:00:47,20,21,0,0,9.234,84.034
2026-07-31 05:00:53,20,22,0,0,9.237,84.003
2026-07-31 05:01:15,16,18,0,0,9.21,84.028
2026-07-31 05:01:34,15,16,0,0,9.216,84.066
2026-07-31 05:02:16,14,14,0,0,9.208,84.101
2026-07-31 05:02:19,14,14,0,0,9.202,84.084
2026-07-31 05:02:21,13,15,0,0,9.208,84.101
2026-07-31 05:02:30,15,16,0,0,9.184,84.131
2026-07-31 05:03:35,16,19,0,0,9.181,84.227
2026-07-31 05:03:53,16,21,0,0,9.176,84.255
2026-07-31 05:04:11,17,20,0,0,9.16,84.261
2026-07-31 05:04:14,17,20,0,0,9.17,84.276
2026-07-31 05:04:16,18,20,0,0,9.16,84.272
2026-07-31 05:04:31,18,20,0,0,9.146,84.291
2026-07-31 05:04:48,18,19,0,0,9.168,84.295
2026-07-31 05:05:11,18,18,0,0,9.157,84.282
2026-07-31 05:06:15,21,21,0,0,9.133,84.314
2026-07-31 05:06:35,20,22,0,0,9.128,84.322
2026-07-31 05:06:53,21,22,0,0,9.128,84.333
2026-07-31 05:07:01,21,22,0,0,9.112,84.351
2026-07-31 05:07:15,18,20,0,0,9.13,84.354
2026-07-31 05:07:18,18,20,0,0,9.114,84.366
2026-07-31 05:07:21,18,20,0,0,9.136,84.356
2026-07-31 05:07:32,19,22,0,0,9.136,84.4
2026-07-31 05:07:38,21,22,0,0,9.128,84.423
2026-07-31 05:07:54,20,22,0,0,9.133,84.436
2026-07-31 05:08:17,15,18,0,0,9.138,84.444
2026-07-31 05:08:30,17,19,0,0,9.122,84.457
2026-07-31 05:08:34,17,19,0,0,9.117,84.467
2026-07-31 05:08:40,17,19,0,0,9.136,84.473
2026-07-31 05:09:12,12,16,0,0,9.106,84.532
2026-07-31 05:09:16,14,17,0,0,9.106,84.537
2026-07-31 05:09:20,15,18,0,0,9.104,84.543
2026-07-31 05:09:23,16,20,0,0,9.096,84.545
2026-07-31 05:09:40,16,20,0,0,9.09,84.57
2026-07-31 05:09:45,15,19,0,0,9.122,84.578
2026-07-31 05:10:16,17,19,0,0,9.101,84.595
2026-07-31 05:11:01,16,19,0,0,9.096,84.618
2026-07-31 05:11:11,18,21,0,0,9.096,84.642
2026-07-31 05:11:20,18,22,0,0,9.096,84.648
2026-07-31 05:11:55,17,21,0,0,9.079,84.684
2026-07-31 05:12:05,18,21,0,0,9.109,84.698
2026-07-31 05:12:08,18,21,0,0,9.088,84.7
2026-07-31 05:12:22,17,21,0,0,9.082,84.707
2026-07-31 05:12:29,18,21,0,0,9.096,84.749
2026-07-31 05:13:05,18,21,0,0,9.082,84.795
2026-07-31 05:13:24,18,22,0,0,9.069,84.812
2026-07-31 05:13:40,18,22,0,0,9.09,84.837
2026-07-31 05:14:22,17,22,0,0,9.096,84.883
2026-07-31 05:14:50,18,22,0,0,9.085,84.911
2026-07-31 05:15:04,18,22,0,0,9.079,84.957
2026-07-31 05:15:40,16,20,0,0,9.066,84.974
2026-07-31 05:15:43,16,19,0,0,9.077,84.993
2026-07-31 05:16:55,19,19,0,0,9.071,85.032
2026-07-31 05:17:07,17,17,0,0,9.069,85.056
2026-07-31 05:17:11,17,17,0,0,9.058,85.032
2026-07-31 05:17:22,17,17,0,0,9.063,85.072
2026-07-31 05:18:36,23,23,0,0,9.069,84.984
2026-07-31 05:19:08,20,21,0,0,9.082,84.932
2026-07-31 05:19:11,19,21,0,0,9.077,84.955
2026-07-31 05:19:19,18,20,0,0,9.069,84.934
2026-07-31 05:19:43,18,20,0,0,9.058,84.927
2026-07-31 05:20:07,13,15,0,0,9.053,84.888
2026-07-31 05:20:15,15,17,0,0,9.058,84.873
2026-07-31 05:20:19,15,17,0,0,9.063,84.877
2026-07-31 05:20:49,14,15,0,0,9.069,84.885
2026-07-31 05:20:52,15,16,0,0,9.071,84.862
2026-07-31 05:21:07,16,16,0,0,9.077,84.846
2026-07-31 05:21:12,16,16,0,0,9.055,84.826
2026-07-31 05:21:41,14,17,0,0,9.047,84.816
2026-07-31 05:21:50,14,17,0,0,9.037,84.808
2026-07-31 05:22:16,15,18,0,0,9.082,84.845
2026-07-31 05:22:19,15,18,0,0,9.053,84.799
2026-07-31 05:22:21,16,18,0,0,9.079,84.812
2026-07-31 05:22:39,16,21,0,0,9.034,84.824
2026-07-31 05:22:57,14,17,0,0,9.042,84.801
2026-07-31 05:23:11,14,17,0,0,9.058,84.818
2026-07-31 05:23:35,14,16,0,0,9.026,84.782
2026-07-31 05:23:45,14,16,0,0,9.058,84.805
2026-07-31 05:24:19,16,17,0,0,9.047,84.763
2026-07-31 05:24:56,12,12,0,0,9.042,84.785
2026-07-31 05:25:05,10,10,0,0,9.037,84.787
2026-07-31 05:25:13,9,9,0,0,9.031,84.789
2026-07-31 05:25:39,13,13,0,0,9.01,84.816
2026-07-31 05:25:43,12,12,0,0,9.031,84.845
2026-07-31 05:25:47,14,14,0,0,9.037,84.845
2026-07-31 05:25:50,14,14,0,0,9.01,84.843
2026-07-31 05:26:21,10,12,0,0,9.031,84.879
2026-07-31 05:26:58,10,10,0,0,9.015,84.915
2026-07-31 05:27:04,12,12,0,0,9.005,84.894
2026-07-31 05:27:22,10,12,0,0,9.037,84.965
2026-07-31 05:27:25,10,12,0,0,9.018,84.957
2026-07-31 05:27:38,10,10,0,0,9.015,84.988
2026-07-31 05:27:47,9,9,0,0,9.005,84.986
2026-07-31 05:28:00,10,10,0,0,9.021,85.026
2026-07-31 05:28:19,10,10,0,0,9.007,85.024
2026-07-31 05:28:22,10,10,0,0,9.031,85.028
2026-07-31 05:28:58,9,9,0,0,9.013,85.089
2026-07-31 05:29:16,8,8,0,0,9.015,85.11
2026-07-31 05:29:40,7,7,0,0,9.023,85.15
2026-07-31 05:31:40,6,6,0,0,9.045,85.382
2026-07-31 05:31:44,7,7,0,0,9.039,85.386
2026-07-31 05:32:22,7,7,0,0,9.045,85.44
2026-07-31 05:35:25,3,4,0,0,9.066,85.604
2026-07-31 05:37:22,5,5,0,0,9.106,85.693
2026-07-31 05:37:51,5,7,0,0,9.112,85.728
2026-07-31 05:42:22,4,5,0,0,9.237,85.539
2026-07-31 05:47:22,7,7,0,0,9.349,85.119
2026-07-31 05:47:44,8,9,0,0,9.36,85.1
2026-07-31 05:51:55,9,9,0,0,9.424,84.486
2026-07-31 05:52:22,7,9,0,0,9.4,84.444
2026-07-31 05:57:22,12,12,0,0,9.443,84.339
2026-07-31 05:58:26,10,12,0,0,9.432,84.326
2026-07-31 06:00:56,12,14,0,0,9.421,84.408
2026-07-31 06:02:22,10,15,0,0,9.437,84.469
2026-07-31 06:07:22,27,27,0,0,9.488,84.663
2026-07-31 06:09:30,22,26,0,0,9.485,84.608
2026-07-31 06:09:54,22,25,0,0,9.485,84.623
2026-07-31 06:09:57,22,25,0,0,9.509,84.62
2026-07-31 06:10:03,22,25,0,0,9.477,84.602
2026-07-31 06:10:30,23,23,0,0,9.491,84.612
2026-07-31 06:10:34,22,23,0,0,9.469,84.627
2026-07-31 06:10:42,22,23,0,0,9.496,84.625
2026-07-31 06:10:51,25,26,0,0,9.477,84.595
2026-07-31 06:11:07,22,23,0,0,9.483,84.614
2026-07-31 06:11:11,21,22,0,0,9.501,84.625
2026-07-31 06:11:20,19,21,0,0,9.488,84.62
2026-07-31 06:11:27,21,22,0,0,9.504,84.637
2026-07-31 06:11:32,22,23,0,0,9.488,84.646
2026-07-31 06:11:48,22,23,0,0,9.501,84.644
2026-07-31 06:11:53,22,23,0,0,9.488,84.648
2026-07-31 06:12:00,21,21,0,0,9.512,84.648
2026-07-31 06:12:13,22,22,0,0,9.488,84.665
2026-07-31 06:12:22,22,22,0,0,9.509,84.654
2026-07-31 06:12:27,22,22,0,0,9.485,84.64
2026-07-31 06:12:31,22,22,0,0,9.48,84.635
2026-07-31 06:13:08,20,22,0,0,9.493,84.599
2026-07-31 06:13:12,19,20,0,0,9.496,84.595
2026-07-31 06:13:24,22,22,0,0,9.501,84.637
2026-07-31 06:13:48,23,25,0,0,9.515,84.581
2026-07-31 06:13:52,23,27,0,0,9.496,84.591
2026-07-31 06:14:29,22,23,0,0,9.493,84.56
2026-07-31 06:15:51,21,22,0,0,9.525,84.574
2026-07-31 06:15:54,19,20,0,0,9.523,84.568
2026-07-31 06:16:00,19,20,0,0,9.512,84.576
2026-07-31 06:17:22,16,18,0,0,9.525,84.65
2026-07-31 06:22:22,17,18,0,0,9.59,84.513
2026-07-31 06:27:22,10,12,0,0,9.614,84.419
2026-07-31 06:32:22,10,10,0,0,9.667,84.364
2026-07-31 06:32:27,9,10,0,0,9.68,84.379
2026-07-31 06:37:22,12,12,0,0,9.739,84.162
2026-07-31 06:38:52,10,10,0,0,9.763,84.103
2026-07-31 06:41:22,10,12,0,0,9.782,83.963
2026-07-31 06:42:22,10,10,0,0,9.803,83.902
2026-07-31 06:47:22,15,16,0,0,9.833,83.733
2026-07-31 06:52:22,23,25,0,0,9.833,83.551
2026-07-31 06:57:23,17,18,0,0,9.894,83.481
2026-07-31 07:02:22,10,10,0,0,9.91,83.315
2026-07-31 07:07:22,9,10,0,0,9.881,83.437
2026-07-31 07:12:23,9,9,0,0,9.841,83.652
2026-07-31 07:17:23,8,10,0,0,9.843,83.935
2026-07-31 07:22:22,5,5,0,0,9.851,84.03
2026-07-31 07:27:22,5,5,0,0,9.889,84.219
2026-07-31 07:27:24,6,6,0,0,9.881,84.194
2026-07-31 07:32:23,5,6,0,0,9.918,84.356
2026-07-31 07:34:11,5,6,0,0,9.929,84.383
2026-07-31 07:37:23,5,5,0,0,9.953,84.536
2026-07-31 07:40:15,3,3,0,0,9.961,84.64
2026-07-31 07:42:22,2,2,0,0,9.982,84.757
2026-07-31 07:42:26,2,2,0,0,9.966,84.799
2026-07-31 07:43:29,1,1,0,0,9.995,84.864
2026-07-31 07:47:06,0,0,0,0,10.019,85.058
2026-07-31 07:47:22,0,0,0,0,10.033,85.081
2026-07-31 07:47:25,0,0,0,0,10.033,85.11
2026-07-31 07:51:58,2,2,0,0,10.06,85.18
2026-07-31 07:52:22,3,3,0,0,10.073,85.194
2026-07-31 07:57:23,2,2,0,0,10.084,85.306
2026-07-31 07:58:53,3,4,0,0,10.076,85.3
2026-07-31 08:01:00,4,5,0,0,10.057,85.361
2026-07-31 08:02:01,2,2,0,0,10.086,85.447
2026-07-31 08:02:22,4,4,0,0,10.062,85.472
2026-07-31 08:02:54,2,2,0,0,10.068,85.506
2026-07-31 08:03:36,21,22,0,0,10.086,85.527
