fecha,mp25_ugm3,mp10_ugm3,so2_ppb,cov_ppb,temperatura_c,humedad_pct
2026-05-01 00:04:46,36,42,0,0,13.841,79.966
2026-05-01 00:09:46,34,41,0,0,13.843,79.748
2026-05-01 00:14:46,37,46,0,0,13.843,79.929
2026-05-01 00:19:46,33,40,0,0,13.75,80.332
2026-05-01 00:24:46,34,39,0,0,13.683,80.376
2026-05-01 00:29:46,32,37,0,0,13.702,80.387
2026-05-01 00:34:46,29,34,0,0,13.635,80.269
2026-05-01 00:39:46,29,31,0,0,13.63,80.37
2026-05-01 00:44:46,42,51,0,0,13.6,80.482
2026-05-01 00:49:46,47,59,0,0,13.55,80.77
2026-05-01 00:54:46,30,34,0,0,13.558,80.681
2026-05-01 00:59:46,30,35,0,0,13.566,80.774
2026-05-01 01:04:46,33,38,0,0,13.566,80.534
2026-05-01 01:09:46,33,38,0,0,13.547,80.91
2026-05-01 01:14:46,34,40,0,0,13.518,81.011
2026-05-01 01:19:46,35,42,0,0,13.552,80.799
2026-05-01 01:24:46,33,37,0,0,13.56,80.763
2026-05-01 01:29:46,37,43,0,0,13.523,80.839
2026-05-01 01:34:46,37,46,0,0,13.52,80.828
2026-05-01 01:39:46,37,46,0,0,13.571,80.69
2026-05-01 01:44:46,35,43,0,0,13.627,80.53
2026-05-01 01:49:46,37,46,0,0,13.662,80.429
2026-05-01 01:54:46,34,41,0,0,13.737,80.116
2026-05-01 01:59:46,32,36,0,0,13.798,79.872
2026-05-01 02:04:46,33,39,0,0,13.843,79.716
2026-05-01 02:09:46,31,38,0,0,13.857,79.512
2026-05-01 02:14:46,32,38,0,0,13.897,79.588
2026-05-01 02:19:46,26,30,0,0,13.918,79.626
2026-05-01 02:24:46,25,32,0,0,13.915,79.405
2026-05-01 02:29:46,27,30,0,0,13.891,79.409
2026-05-01 02:34:46,25,27,0,0,13.851,79.645
2026-05-01 02:39:46,27,30,0,0,13.843,79.662
2026-05-01 02:44:46,29,30,0,0,13.801,79.906
2026-05-01 02:49:46,27,29,0,0,13.782,79.929
2026-05-01 02:54:46,30,37,0,0,13.822,79.92
2026-05-01 02:59:46,30,35,0,0,13.825,79.859
2026-05-01 03:04:46,29,31,0,0,13.822,79.781
2026-05-01 03:09:46,31,35,0,0,13.801,79.763
2026-05-01 03:14:46,33,35,0,0,13.793,79.866
2026-05-01 03:19:46,30,38,0,0,13.747,80.145
2026-05-01 03:24:46,32,36,0,0,13.734,79.967
2026-05-01 03:29:47,31,39,0,0,13.71,80.202
2026-05-01 03:34:46,30,37,0,0,13.726,80.219
2026-05-01 03:39:46,34,41,0,0,13.771,80.006
2026-05-01 03:44:46,32,41,0,0,13.79,80.007
2026-05-01 03:49:46,33,42,0,0,13.803,79.931
2026-05-01 03:54:46,36,43,0,0,13.79,79.946
2026-05-01 03:59:47,33,40,0,0,13.79,79.857
2026-05-01 04:04:46,35,46,0,0,13.841,79.956
2026-05-01 04:09:47,33,37,0,0,13.806,80.032
2026-05-01 04:14:46,34,43,0,0,13.846,79.916
2026-05-01 04:19:46,37,47,0,0,13.801,79.845
2026-05-01 04:24:46,36,43,0,0,13.766,80.032
2026-05-01 04:29:46,36,44,0,0,13.763,80.063
2026-05-01 04:34:46,35,43,0,0,13.71,80.03
2026-05-01 04:39:47,35,43,0,0,13.723,80.042
2026-05-01 04:44:46,34,39,0,0,13.71,80.091
2026-05-01 04:49:46,32,38,0,0,13.702,80.139
2026-05-01 04:54:46,31,40,0,0,13.646,80.206
2026-05-01 04:59:46,33,38,0,0,13.64,80.389
2026-05-01 05:04:46,33,41,0,0,13.595,80.551
2026-05-01 05:09:46,33,38,0,0,13.523,80.988
2026-05-01 05:14:46,34,43,0,0,13.499,81.1
2026-05-01 05:19:46,34,43,0,0,13.435,81.287
2026-05-01 05:24:46,30,36,0,0,13.421,81.417
2026-05-01 05:29:46,31,39,0,0,13.363,81.678
2026-05-01 05:34:46,34,42,0,0,13.344,81.921
2026-05-01 05:39:46,36,44,0,0,13.344,81.922
2026-05-01 05:44:46,38,47,0,0,13.363,81.911
2026-05-01 05:49:46,38,49,0,0,13.381,81.873
2026-05-01 05:54:46,38,48,0,0,13.371,81.869
2026-05-01 05:59:47,37,46,0,0,13.368,81.846
2026-05-01 06:04:46,37,47,0,0,13.379,81.779
2026-05-01 06:09:46,38,49,0,0,13.387,81.844
2026-05-01 06:14:46,40,51,0,0,13.4,81.938
2026-05-01 06:19:46,37,47,0,0,13.416,81.65
2026-05-01 06:24:46,38,48,0,0,13.432,81.608
2026-05-01 06:29:47,39,48,0,0,13.424,81.591
2026-05-01 06:34:47,37,44,0,0,13.437,81.516
2026-05-01 06:39:47,37,47,0,0,13.435,81.36
2026-05-01 06:44:47,40,50,0,0,13.432,81.388
2026-05-01 06:49:47,39,50,0,0,13.405,81.381
2026-05-01 06:54:46,37,48,0,0,13.416,81.299
2026-05-01 06:59:47,40,52,0,0,13.464,81.072
2026-05-01 07:04:47,37,48,0,0,13.48,80.751
2026-05-01 07:09:47,38,50,0,0,13.539,80.652
2026-05-01 07:14:46,40,51,0,0,13.55,80.427
2026-05-01 07:19:47,41,50,0,0,13.55,80.563
2026-05-01 07:24:47,41,53,0,0,13.552,80.662
2026-05-01 07:29:47,37,50,0,0,13.574,80.477
2026-05-01 07:34:47,43,54,0,0,13.584,80.564
2026-05-01 07:39:47,41,52,0,0,13.571,80.446
2026-05-01 07:44:47,42,55,0,0,13.571,80.589
2026-05-01 07:49:47,46,57,0,0,13.56,80.458
2026-05-01 07:54:47,44,55,0,0,13.547,80.574
2026-05-01 07:59:47,47,62,0,0,13.598,80.603
2026-05-01 08:04:47,44,59,0,0,13.63,80.513
2026-05-01 08:09:47,44,58,0,0,13.656,80.62
2026-05-01 08:14:47,44,59,0,0,13.667,80.294
2026-05-01 08:19:47,44,57,0,0,13.694,79.954
2026-05-01 08:24:47,45,57,0,0,13.753,80.009
2026-05-01 08:29:47,43,56,0,0,13.761,80.44
2026-05-01 08:34:47,40,52,0,0,13.763,80.73
2026-05-01 08:39:47,44,57,0,0,13.785,80.355
2026-05-01 08:44:47,45,58,0,0,13.849,80.156
2026-05-01 08:49:47,45,57,0,0,13.899,80.088
2026-05-01 08:54:47,45,60,0,0,13.958,78.506
2026-05-01 08:59:47,46,61,0,0,14.004,79.468
2026-05-01 09:04:47,46,58,0,0,14.065,79.58
2026-05-01 09:09:47,44,56,0,0,14.057,79.164
2026-05-01 09:14:47,61,75,0,0,14.108,79.224
2026-05-01 09:19:47,63,76,0,0,14.126,79.046
2026-05-01 09:24:47,78,89,0,0,14.156,79.132
2026-05-01 09:29:47,52,70,0,0,14.166,78.993
2026-05-01 09:34:47,53,68,0,0,14.185,79.176
2026-05-01 09:39:47,46,58,0,0,14.316,78.058
2026-05-01 09:44:47,46,59,0,0,14.42,78.316
2026-05-01 09:49:47,48,62,0,0,14.567,77.864
2026-05-01 09:54:47,46,60,0,0,14.714,76.616
2026-05-01 09:59:47,43,57,0,0,14.855,76.28
2026-05-01 10:04:47,43,54,0,0,15.002,75.237
2026-05-01 10:09:48,45,57,0,0,15.154,75.479
2026-05-01 10:14:47,43,56,0,0,15.28,74.165
2026-05-01 10:19:47,44,57,0,0,15.368,74.215
2026-05-01 10:24:47,45,55,0,0,15.494,73.763
2026-05-01 10:29:47,45,58,0,0,15.673,73.107
2026-05-01 10:34:47,45,58,0,0,15.835,73.019
2026-05-01 10:39:47,45,56,0,0,16.001,72.737
2026-05-01 10:44:47,46,61,0,0,16.143,71.312
2026-05-01 10:49:47,49,64,0,0,16.236,71.008
2026-05-01 10:54:47,44,57,0,0,16.369,70.986
2026-05-01 10:59:48,43,55,0,0,16.578,70.022
2026-05-01 11:04:47,42,56,0,0,16.826,69.059
2026-05-01 11:09:47,46,60,0,0,17.144,68.332
2026-05-01 11:14:47,45,59,0,0,17.475,67.552
2026-05-01 11:19:47,47,61,0,0,17.678,67.095
2026-05-01 11:24:47,45,58,0,0,17.902,66.185
2026-05-01 11:29:47,42,52,0,0,18.132,65.309
2026-05-01 11:34:47,43,56,0,0,18.54,64.397
2026-05-01 11:39:47,43,55,0,0,19.147,62.008
2026-05-01 11:44:48,45,56,0,0,19.844,60.508
2026-05-01 11:49:47,44,56,0,0,20.535,57.672
2026-05-01 11:54:47,44,56,0,0,21.093,56.301
2026-05-01 11:59:47,46,57,0,0,21.742,54.746
2026-05-01 12:04:47,44,57,0,0,22.458,52.751
2026-05-01 12:09:47,44,57,0,0,23.067,51.559
2026-05-01 12:14:47,42,53,0,0,23.708,50.218
2026-05-01 12:19:47,45,58,0,0,24.218,48.173
2026-05-01 12:24:47,45,56,0,0,24.64,47.483
2026-05-01 12:29:47,45,56,0,0,25.093,47.094
2026-05-01 12:34:47,45,58,0,0,25.507,46.117
2026-05-01 12:39:48,44,55,0,0,25.873,44.628
2026-05-01 12:44:47,44,54,0,0,26.287,43.887
2026-05-01 12:49:48,44,55,0,0,26.527,43.451
2026-05-01 12:54:47,41,52,0,0,26.578,43.353
2026-05-01 12:59:48,42,54,0,0,26.661,42.491
2026-05-01 13:04:47,43,55,0,0,26.802,42.932
2026-05-01 13:09:48,44,57,0,0,27.04,42.291
2026-05-01 13:14:47,41,51,0,0,27.254,41.084
2026-05-01 13:19:48,39,51,0,0,27.422,40.164
2026-05-01 13:24:48,45,55,0,0,27.467,41.553
2026-05-01 13:29:48,42,52,0,0,27.577,41.024
2026-05-01 13:34:48,42,52,0,0,27.713,40.74
2026-05-01 13:39:47,41,48,0,0,27.761,41.015
2026-05-01 13:44:48,44,54,0,0,27.764,41.045
2026-05-01 13:49:48,41,52,0,0,27.686,41.484
2026-05-01 13:54:48,41,49,0,0,27.526,40.683
2026-05-01 13:59:48,41,50,0,0,27.425,40.923
2026-05-01 14:04:48,38,48,0,0,27.385,41.589
2026-05-01 14:09:48,38,48,0,0,27.345,40.391
2026-05-01 14:14:48,37,46,0,0,27.256,40.822
2026-05-01 14:19:48,40,49,0,0,27.222,42.016
2026-05-01 14:24:48,39,48,0,0,27.238,42.241
2026-05-01 14:29:48,36,42,0,0,27.254,41.267
2026-05-01 14:34:48,35,38,0,0,27.251,41.559
2026-05-01 14:39:48,34,42,0,0,27.275,40.632
2026-05-01 14:44:48,35,41,0,0,27.478,40.029
2026-05-01 14:49:48,31,34,0,0,27.569,38.78
2026-05-01 14:54:48,28,33,0,0,27.713,38.326
2026-05-01 14:59:48,27,33,0,0,27.796,38.228
2026-05-01 15:04:48,26,26,0,0,27.825,37.427
2026-05-01 15:09:48,28,30,0,0,27.665,37.233
2026-05-01 15:14:48,26,27,0,0,27.256,37.957
2026-05-01 15:19:48,25,26,0,0,27.083,38.36
2026-05-01 15:24:48,28,35,0,0,26.843,40.729
2026-05-01 15:29:48,25,26,0,0,26.69,39.43
2026-05-01 15:34:49,25,28,0,0,26.752,39.012
2026-05-01 15:39:48,29,31,0,0,26.749,39.638
2026-05-01 15:44:48,25,26,0,0,26.827,39.541
2026-05-01 15:49:48,25,25,0,0,26.971,39.462
2026-05-01 15:54:48,22,23,0,0,27.192,38.86
2026-05-01 15:59:48,23,26,0,0,27.398,38.268
2026-05-01 16:04:48,19,21,0,0,27.47,38.457
2026-05-01 16:09:48,19,19,0,0,27.59,37.847
2026-05-01 16:14:48,18,19,0,0,27.467,37.32
2026-05-01 16:19:48,19,21,0,0,27.283,37.694
2026-05-01 16:24:48,21,21,0,0,27.083,38.173
2026-05-01 16:29:48,25,29,0,0,27.032,38.123
2026-05-01 16:34:48,22,23,0,0,27.027,39.094
2026-05-01 16:39:48,19,22,0,0,26.917,38.03
2026-05-01 16:44:48,24,25,0,0,26.883,38.188
2026-05-01 16:49:48,20,20,0,0,26.875,38.768
2026-05-01 16:54:48,22,23,0,0,26.955,39.672
2026-05-01 16:59:48,17,21,0,0,27.072,41.45
2026-05-01 17:04:48,18,22,0,0,26.901,40.818
2026-05-01 17:09:49,17,18,0,0,26.538,45.568
2026-05-01 17:14:48,13,16,0,0,25.729,41.969
2026-05-01 17:19:49,18,20,0,0,24.952,43.17
2026-05-01 17:24:48,17,23,0,0,24.204,44.937
2026-05-01 17:29:48,18,21,0,0,23.569,46.329
2026-05-01 17:34:48,19,22,0,0,22.941,47.878
2026-05-01 17:39:50,17,18,0,0,22.388,50.518
2026-05-01 17:44:48,22,22,0,0,21.812,51.172
2026-05-01 17:49:48,20,24,0,0,21.288,51.673
2026-05-01 17:54:48,22,23,0,0,20.821,52.703
2026-05-01 17:59:48,24,27,0,0,20.45,54.098
2026-05-01 18:04:48,25,27,0,0,20.081,54.916
2026-05-01 18:09:48,25,26,0,0,19.731,56.526
2026-05-01 18:14:48,23,23,0,0,19.408,57.426
2026-05-01 18:19:48,28,31,0,0,19.048,58.649
2026-05-01 18:24:48,29,33,0,0,18.677,59.742
2026-05-01 18:29:48,28,29,0,0,18.335,60.548
2026-05-01 18:34:48,28,29,0,0,18.065,61.031
2026-05-01 18:39:48,29,31,0,0,17.892,60.693
2026-05-01 18:44:48,28,29,0,0,17.787,62.313
2026-05-01 18:49:48,26,28,0,0,17.641,61.943
2026-05-01 18:54:48,28,29,0,0,17.571,61.868
2026-05-01 18:59:48,28,29,0,0,17.51,62.498
2026-05-01 19:04:48,24,26,0,0,17.448,62.193
2026-05-01 19:09:48,25,27,0,0,17.387,62.473
2026-05-01 19:14:48,29,30,0,0,17.336,62.132
2026-05-01 19:19:48,22,23,0,0,17.341,62.786
2026-05-01 19:24:48,23,23,0,0,17.36,62.116
2026-05-01 19:29:48,22,22,0,0,17.352,61.815
2026-05-01 19:34:48,19,23,0,0,17.36,62.172
2026-05-01 19:39:48,24,25,0,0,17.309,62.414
2026-05-01 19:44:48,20,24,0,0,17.224,62.12
2026-05-01 19:49:48,55,72,0,0,17.227,62.284
2026-05-01 19:54:48,72,83,0,0,17.251,61.887
2026-05-01 19:59:48,34,39,0,0,17.323,62.414
2026-05-01 20:04:48,22,22,0,0,17.267,61.651
2026-05-01 20:09:48,25,26,0,0,17.181,62.421
2026-05-01 20:14:48,37,47,0,0,17.05,62.469
2026-05-01 20:19:49,25,27,0,0,16.914,63.198
2026-05-01 20:24:49,31,32,0,0,16.73,64.089
2026-05-01 20:29:49,26,26,0,0,16.519,64.912
2026-05-01 20:34:48,28,30,0,0,16.327,65.456
2026-05-01 20:39:49,26,27,0,0,16.159,66.15
2026-05-01 20:44:48,23,25,0,0,16.044,66.864
2026-05-01 20:49:48,23,24,0,0,15.838,67.016
2026-05-01 20:54:48,25,26,0,0,15.659,67.798
2026-05-01 20:59:49,27,28,0,0,15.536,67.995
2026-05-01 21:04:49,25,26,0,0,15.379,68.758
2026-05-01 21:09:49,24,25,0,0,15.221,69.057
2026-05-01 21:14:49,25,28,0,0,15.171,69.49
2026-05-01 21:19:49,28,30,0,0,15.077,69.435
2026-05-01 21:24:49,30,33,0,0,14.954,69.574
2026-05-01 21:29:49,43,53,0,0,14.802,70.31
2026-05-01 21:34:49,36,42,0,0,14.66,70.658
2026-05-01 21:39:49,36,45,0,0,14.45,71.312
2026-05-01 21:44:49,35,41,0,0,14.329,71.63
2026-05-01 21:49:49,28,31,0,0,14.169,72.376
2026-05-01 21:54:49,26,28,0,0,14.038,72.611
2026-05-01 21:59:49,27,27,0,0,13.881,73.572
2026-05-01 22:04:49,27,29,0,0,13.809,73.555
2026-05-01 22:09:49,29,33,0,0,13.763,73.742
2026-05-01 22:14:49,29,31,0,0,13.779,73.511
2026-05-01 22:19:49,31,38,0,0,13.713,73.847
2026-05-01 22:24:49,33,39,0,0,13.63,74.188
2026-05-01 22:29:49,32,37,0,0,13.584,74.045
2026-05-01 22:34:49,36,43,0,0,13.507,74.049
2026-05-01 22:39:49,36,43,0,0,13.475,74.497
2026-05-01 22:44:49,35,41,0,0,13.365,74.772
2026-05-01 22:49:49,33,40,0,0,13.245,75.004
2026-05-01 22:54:49,33,39,0,0,13.152,74.974
2026-05-01 22:59:49,31,36,0,0,13.096,75.893
2026-05-01 23:04:49,30,31,0,0,12.962,76.095
2026-05-01 23:09:49,30,35,0,0,12.89,76.412
2026-05-01 23:14:49,28,34,0,0,12.834,76.826
2026-05-01 23:19:49,28,29,0,0,12.815,77.263
2026-05-01 23:24:49,28,31,0,0,12.885,77.051
2026-05-01 23:29:49,31,34,0,0,12.855,76.736
2026-05-01 23:34:49,27,29,0,0,12.842,76.212
2026-05-01 23:39:49,28,30,0,0,12.813,76.095
2026-05-01 23:44:49,29,32,0,0,12.73,76.824
2026-05-01 23:49:49,27,29,0,0,12.682,76.507
2026-05-01 23:54:49,30,32,0,0,12.62,77.07
2026-05-01 23:59:49,30,34,0,0,12.575,77.164
2026-05-02 00:04:49,30,33,0,0,12.492,77.312
2026-05-02 00:09:49,30,32,0,0,12.447,77.415
2026-05-02 00:14:49,30,31,0,0,12.42,77.627
2026-05-02 00:19:49,31,35,0,0,12.343,77.112
2026-05-02 00:24:49,33,36,0,0,12.225,78.384
2026-05-02 00:29:49,33,35,0,0,12.142,78.792
2026-05-02 00:34:50,34,40,0,0,12.086,78.504
2026-05-02 00:39:49,31,36,0,0,12.038,78.085
2026-05-02 00:44:49,32,37,0,0,11.985,77.747
2026-05-02 00:49:49,32,36,0,0,11.899,78.079
2026-05-02 00:54:49,29,29,0,0,11.859,78.966
2026-05-02 00:59:49,28,32,0,0,11.798,78.741
2026-05-02 01:04:49,29,29,0,0,11.744,78.436
2026-05-02 01:09:49,32,36,0,0,11.712,79.639
2026-05-02 01:14:49,34,37,0,0,11.632,79.906
2026-05-02 01:19:49,35,39,0,0,11.598,80.208
2026-05-02 01:24:49,32,35,0,0,11.531,79.853
2026-05-02 01:29:49,36,45,0,0,11.477,80.286
2026-05-02 01:34:49,31,36,0,0,11.424,79.103
2026-05-02 01:39:49,34,39,0,0,11.387,79.367
2026-05-02 01:44:49,34,38,0,0,11.368,79.485
2026-05-02 01:49:49,30,36,0,0,11.344,80.145
2026-05-02 01:54:49,32,36,0,0,11.301,79.637
2026-05-02 01:59:49,35,40,0,0,11.296,79.784
2026-05-02 02:04:49,35,42,0,0,11.216,80.454
2026-05-02 02:09:49,35,41,0,0,11.125,80.727
2026-05-02 02:14:49,37,44,0,0,11.101,82.127
2026-05-02 02:19:49,35,43,0,0,11.141,81.684
2026-05-02 02:24:50,35,41,0,0,11.112,80.54
2026-05-02 02:29:50,32,41,0,0,11.088,81.173
2026-05-02 02:34:49,32,36,0,0,11.023,80.732
2026-05-02 02:39:49,34,38,0,0,11.021,81.106
2026-05-02 02:44:49,35,42,0,0,10.97,82.054
2026-05-02 02:49:49,36,44,0,0,10.951,80.894
2026-05-02 02:54:49,36,45,0,0,10.922,81.282
2026-05-02 02:59:49,36,43,0,0,10.869,81.671
2026-05-02 03:04:49,36,41,0,0,10.813,81.589
2026-05-02 03:09:49,35,41,0,0,10.805,81.539
2026-05-02 03:14:49,35,40,0,0,10.813,81.14
2026-05-02 03:19:49,34,37,0,0,10.786,80.826
2026-05-02 03:24:49,35,42,0,0,10.73,81.53
2026-05-02 03:29:50,35,38,0,0,10.658,82.754
2026-05-02 03:34:49,35,43,0,0,10.65,81.783
2026-05-02 03:39:49,32,37,0,0,10.636,81.295
2026-05-02 03:44:49,34,39,0,0,10.572,80.902
2026-05-02 03:49:50,33,34,0,0,10.473,80.593
2026-05-02 03:54:49,31,37,0,0,10.385,80.91
2026-05-02 03:59:49,35,41,0,0,10.351,81.858
2026-05-02 04:04:49,35,39,0,0,10.268,80.896
2026-05-02 04:09:49,35,40,0,0,10.193,81.27
2026-05-02 04:14:49,30,37,0,0,10.116,81.232
2026-05-02 04:19:49,31,39,0,0,10.126,81.037
2026-05-02 04:24:49,35,39,0,0,10.086,82.151
2026-05-02 04:29:49,35,42,0,0,10.038,82.907
2026-05-02 04:34:49,36,43,0,0,9.961,82.838
2026-05-02 04:39:49,37,43,0,0,9.963,83.078
2026-05-02 04:44:49,35,40,0,0,9.95,82.491
2026-05-02 04:49:49,33,38,0,0,9.923,81.387
2026-05-02 04:54:49,37,43,0,0,9.883,82.79
2026-05-02 04:59:49,35,40,0,0,9.817,82.909
2026-05-02 05:04:49,33,42,0,0,9.776,83.498
2026-05-02 05:09:49,32,36,0,0,9.742,83.218
2026-05-02 05:14:50,29,32,0,0,9.736,84.597
2026-05-02 05:19:49,31,32,0,0,9.731,82.758
2026-05-02 05:24:49,30,34,0,0,9.731,82.991
2026-05-02 05:29:49,32,33,0,0,9.699,83.01
2026-05-02 05:34:49,33,36,0,0,9.63,83.492
2026-05-02 05:39:49,31,33,0,0,9.6,83.076
2026-05-02 05:44:49,31,38,0,0,9.598,83.349
2026-05-02 05:49:49,31,33,0,0,9.552,83.149
2026-05-02 05:54:49,30,32,0,0,9.528,82.756
2026-05-02 05:59:49,31,36,0,0,9.499,83.342
2026-05-02 06:04:49,33,37,0,0,9.443,84.909
2026-05-02 06:09:49,31,34,0,0,9.467,83.727
2026-05-02 06:14:49,31,33,0,0,9.448,83.696
2026-05-02 06:19:49,31,36,0,0,9.397,83.887
2026-05-02 06:24:50,27,31,0,0,9.4,83.256
2026-05-02 06:29:49,29,32,0,0,9.349,82.552
2026-05-02 06:34:50,31,37,0,0,9.293,84.803
2026-05-02 06:39:50,31,38,0,0,9.258,83.702
2026-05-02 06:44:50,32,38,0,0,9.197,84.288
2026-05-02 06:49:50,26,29,0,0,9.178,84.295
2026-05-02 06:54:50,28,30,0,0,9.154,83.979
2026-05-02 06:59:50,30,33,0,0,9.12,83.656
2026-05-02 07:04:50,29,34,0,0,9.063,83.803
2026-05-02 07:09:50,29,37,0,0,9.055,83.384
2026-05-02 07:14:50,32,37,0,0,9.039,83.088
2026-05-02 07:19:50,45,59,0,0,9.021,83.057
2026-05-02 07:24:50,67,82,0,0,9.018,84.194
2026-05-02 07:29:50,58,76,0,0,8.973,84.41
2026-05-02 07:34:50,47,60,0,0,8.957,83.708
2026-05-02 07:39:50,48,60,0,0,8.941,83.57
2026-05-02 07:44:50,45,55,0,0,8.93,83.92
2026-05-02 07:49:50,47,60,0,0,8.957,83.929
2026-05-02 07:54:50,47,60,0,0,8.975,82.92
2026-05-02 07:59:50,44,53,0,0,9.026,81.871
2026-05-02 08:04:50,46,56,0,0,9.015,82.19
2026-05-02 08:09:50,46,57,0,0,9.005,83.336
2026-05-02 08:14:50,46,60,0,0,8.967,85.22
2026-05-02 08:19:50,44,53,0,0,9.013,84.64
2026-05-02 08:24:50,39,50,0,0,9.058,84.435
2026-05-02 08:29:50,45,54,0,0,9.109,84.633
2026-05-02 08:34:50,36,39,0,0,9.157,86.294
2026-05-02 08:39:50,32,35,0,0,9.333,85.926
2026-05-02 08:44:50,39,46,0,0,9.656,86.144
2026-05-02 08:49:50,35,39,0,0,10.118,85.768
2026-05-02 08:54:50,33,42,0,0,10.591,83.95
2026-05-02 08:59:50,35,39,0,0,11.178,82.903
2026-05-02 09:04:50,38,44,0,0,11.744,82.22
2026-05-02 09:09:50,41,49,0,0,12.353,79.534
2026-05-02 09:14:50,41,51,0,0,12.946,77.412
2026-05-02 09:19:50,43,56,0,0,13.582,74.808
2026-05-02 09:24:50,38,46,0,0,14.257,72.058
2026-05-02 09:29:50,37,48,0,0,14.938,69.511
2026-05-02 09:34:50,33,37,0,0,15.584,66.641
2026-05-02 09:39:50,32,37,0,0,16.305,64.92
2026-05-02 09:44:51,38,46,0,0,16.976,64.453
2026-05-02 09:49:50,36,45,0,0,17.643,62.923
2026-05-02 09:54:50,38,45,0,0,18.324,60.264
2026-05-02 09:59:50,40,47,0,0,19.008,58.164
2026-05-02 10:04:50,34,39,0,0,19.627,55.517
2026-05-02 10:09:50,36,43,0,0,20.225,54.977
2026-05-02 10:14:50,35,40,0,0,20.888,53.691
2026-05-02 10:19:50,35,40,0,0,21.507,51.656
2026-05-02 10:24:50,29,33,0,0,22.113,49.062
2026-05-02 10:29:51,32,35,0,0,22.65,48.139
2026-05-02 10:34:50,32,35,0,0,23.131,46.819
2026-05-02 10:39:50,29,30,0,0,23.625,44.24
2026-05-02 10:44:50,25,28,0,0,24.172,44.732
2026-05-02 10:49:50,28,31,0,0,24.73,42.564
2026-05-02 10:54:50,28,28,0,0,25.302,40.757
2026-05-02 10:59:50,27,28,0,0,25.758,39.695
2026-05-02 11:04:50,24,25,0,0,26.228,39.293
2026-05-02 11:09:50,28,29,0,0,26.645,37.502
2026-05-02 11:14:50,25,25,0,0,27.096,38.745
2026-05-02 11:19:51,24,25,0,0,27.483,37.549
2026-05-02 11:24:50,22,24,0,0,27.788,36.906
2026-05-02 11:29:50,26,26,0,0,28.178,35.455
2026-05-02 11:34:51,29,30,0,0,28.576,35.312
2026-05-02 11:39:50,19,21,0,0,28.944,34.055
2026-05-02 11:44:50,19,21,0,0,29.321,33.189
2026-05-02 11:49:50,19,23,0,0,29.753,31.987
2026-05-02 11:54:51,13,14,0,0,30.178,30.334
2026-05-02 11:59:51,15,17,0,0,30.637,29.199
2026-05-02 12:04:51,12,12,0,0,31.12,27.65
2026-05-02 12:09:51,12,14,0,0,31.534,26.9
2026-05-02 12:14:51,9,12,0,0,31.921,26.452
2026-05-02 12:19:51,13,15,0,0,32.298,25.504
2026-05-02 12:24:51,12,13,0,0,32.699,25.3
2026-05-02 12:29:51,12,14,0,0,33.024,26.652
2026-05-02 12:34:51,9,12,0,0,33.492,27.869
2026-05-02 12:39:51,6,6,0,0,33.833,25.254
2026-05-02 12:44:51,7,7,0,0,34.084,24.272
2026-05-02 12:49:51,7,7,0,0,34.343,24.529
2026-05-02 12:54:51,7,7,0,0,34.589,24.255
2026-05-02 12:59:51,5,6,0,0,34.859,23.9
2026-05-02 13:04:51,8,9,0,0,35.15,22.923
2026-05-02 13:09:51,3,3,0,0,35.174,21.148
2026-05-02 13:14:51,6,7,0,0,34.987,22.641
2026-05-02 13:19:51,3,3,0,0,35.083,23.101
2026-05-02 13:24:51,5,5,0,0,35.251,21.541
2026-05-02 13:29:51,15,15,0,0,35.393,21.699
2026-05-02 13:34:51,9,9,0,0,35.508,22.714
2026-05-02 13:39:51,5,5,0,0,35.588,22.408
2026-05-02 13:44:51,8,8,0,0,35.532,22.836
2026-05-02 13:49:51,6,6,0,0,35.396,22.914
2026-05-02 13:54:51,8,8,0,0,35.243,22.393
2026-05-02 13:59:51,9,11,0,0,34.99,22.243
2026-05-02 14:04:51,9,9,0,0,34.765,22.803
2026-05-02 14:09:51,7,7,0,0,34.522,22.147
2026-05-02 14:14:51,7,8,0,0,34.247,23.175
2026-05-02 14:19:51,6,6,0,0,34.165,24.406
2026-05-02 14:24:51,7,9,0,0,34.076,22.653
2026-05-02 14:29:51,6,6,0,0,34.274,22.618
2026-05-02 14:34:51,4,4,0,0,34.651,20.873
2026-05-02 14:39:51,4,5,0,0,34.974,20.833
2026-05-02 14:44:51,2,2,0,0,35.185,20.232
2026-05-02 14:49:51,2,3,0,0,35.502,20.633
2026-05-02 14:54:51,3,3,0,0,35.946,19.135
2026-05-02 14:59:51,2,2,0,0,36.328,19.051
2026-05-02 15:04:51,2,2,0,0,36.741,19.174
2026-05-02 15:09:51,1,1,0,0,37.097,18.702
2026-05-02 15:14:51,1,2,0,0,37.324,17.909
2026-05-02 15:19:51,1,1,0,0,37.478,18.168
2026-05-02 15:24:51,3,3,0,0,37.7,18.336
2026-05-02 15:29:51,4,4,0,0,37.895,17.51
2026-05-02 15:34:51,7,9,0,0,37.919,17.167
2026-05-02 15:39:51,4,4,0,0,37.906,17.487
2026-05-02 15:44:51,3,3,0,0,37.959,17.711
2026-05-02 15:49:51,4,5,0,0,38.037,17.531
2026-05-02 15:54:51,5,5,0,0,38.173,16.972
2026-05-02 15:59:51,3,3,0,0,38.277,16.961
2026-05-02 16:04:51,6,6,0,0,38.301,17.394
2026-05-02 16:09:51,5,5,0,0,38.352,17.56
2026-05-02 16:14:51,6,6,0,0,38.143,18.3
2026-05-02 16:19:51,9,9,0,0,37.753,19.431
2026-05-02 16:24:51,6,6,0,0,37.529,19.362
2026-05-02 16:29:51,6,6,0,0,37.179,19.521
2026-05-02 16:34:51,6,6,0,0,37.102,19.519
2026-05-02 16:39:51,4,4,0,0,36.891,20.137
2026-05-02 16:44:52,4,5,0,0,36.293,20.724
2026-05-02 16:49:51,4,4,0,0,35.772,20.802
2026-05-02 16:54:51,4,5,0,0,35.348,20.905
2026-05-02 16:59:51,3,3,0,0,34.96,20.631
2026-05-02 17:04:52,5,5,0,0,34.36,21.806
2026-05-02 17:09:51,3,3,0,0,33.692,22.277
2026-05-02 17:14:51,4,4,0,0,32.749,22.365
2026-05-02 17:19:51,3,3,0,0,31.769,24.138
2026-05-02 17:24:51,5,7,0,0,30.736,26.45
2026-05-02 17:29:51,6,6,0,0,29.734,27.173
2026-05-02 17:34:51,5,5,0,0,28.907,26.921
2026-05-02 17:39:51,6,6,0,0,28.087,28.8
2026-05-02 17:44:52,5,5,0,0,27.334,30.114
2026-05-02 17:49:51,3,3,0,0,26.538,31.453
2026-05-02 17:54:51,5,6,0,0,25.804,32.983
2026-05-02 17:59:52,6,6,0,0,25.224,31.242
2026-05-02 18:04:51,7,7,0,0,25.003,32.987
2026-05-02 18:09:52,7,7,0,0,24.781,31.676
2026-05-02 18:14:51,7,7,0,0,24.626,32.813
2026-05-02 18:19:52,8,8,0,0,24.506,33.979
2026-05-02 18:24:51,7,7,0,0,24.37,34.259
2026-05-02 18:29:51,6,7,0,0,24.036,35.913
2026-05-02 18:34:51,7,7,0,0,23.531,36.582
2026-05-02 18:39:51,8,9,0,0,23.04,36.802
2026-05-02 18:44:51,9,11,0,0,22.701,38.148
2026-05-02 18:49:52,6,8,0,0,22.404,39.926
2026-05-02 18:54:51,17,18,0,0,22.076,41.044
2026-05-02 18:59:51,16,18,0,0,21.753,39.954
2026-05-02 19:04:51,12,14,0,0,21.582,39.628
2026-05-02 19:09:51,11,13,0,0,21.515,40.939
2026-05-02 19:14:51,11,14,0,0,21.374,41.129
2026-05-02 19:19:51,11,12,0,0,21.227,41.768
2026-05-02 19:24:52,13,13,0,0,21.085,41.805
2026-05-02 19:29:52,13,17,0,0,20.984,42.423
2026-05-02 19:34:52,9,13,0,0,20.858,39.731
2026-05-02 19:39:52,14,15,0,0,20.866,42.005
2026-05-02 19:44:54,14,17,0,0,20.874,42.293
2026-05-02 19:49:52,10,13,0,0,20.869,42.627
2026-05-02 19:54:52,16,16,0,0,20.856,41.341
2026-05-02 19:59:52,15,18,0,0,20.869,41.805
2026-05-02 20:04:52,16,18,0,0,20.866,42.342
2026-05-02 20:09:52,17,18,0,0,20.85,42.241
2026-05-02 20:14:52,21,22,0,0,20.768,42.989
2026-05-02 20:19:52,31,33,0,0,20.631,43.367
2026-05-02 20:24:52,23,24,0,0,20.484,44.257
2026-05-02 20:29:52,18,18,0,0,20.183,45.108
2026-05-02 20:34:52,19,19,0,0,19.916,45.787
2026-05-02 20:39:52,18,19,0,0,19.641,47.241
2026-05-02 20:44:52,19,20,0,0,19.253,48.246
2026-05-02 20:49:52,17,19,0,0,18.893,49.343
2026-05-02 20:54:52,14,17,0,0,18.506,50.954
2026-05-02 20:59:52,16,22,0,0,18.212,50.672
2026-05-02 21:04:52,10,15,0,0,17.969,51.641
2026-05-02 21:09:52,10,13,0,0,17.79,51.803
2026-05-02 21:14:52,14,17,0,0,17.627,52.434
2026-05-02 21:19:52,12,15,0,0,17.459,53.653
2026-05-02 21:24:52,11,15,0,0,17.224,54.164
2026-05-02 21:29:52,16,16,0,0,16.992,55.58
2026-05-02 21:34:52,16,18,0,0,16.786,56.127
2026-05-02 21:39:52,13,16,0,0,16.57,56.406
2026-05-02 21:44:52,15,20,0,0,16.412,57.399
2026-05-02 21:49:52,18,20,0,0,16.263,57.588
2026-05-02 21:54:52,11,13,0,0,16.078,58.084
2026-05-02 21:59:52,13,15,0,0,15.889,58.767
2026-05-02 22:04:52,16,17,0,0,15.726,59.675
2026-05-02 22:09:52,16,18,0,0,15.568,60.035
2026-05-02 22:14:52,13,15,0,0,15.4,60.436
2026-05-02 22:19:52,17,19,0,0,15.243,61.061
2026-05-02 22:24:52,16,19,0,0,15.093,61.409
2026-05-02 22:29:52,16,18,0,0,14.994,61.947
2026-05-02 22:34:52,15,17,0,0,14.922,61.784
2026-05-02 22:39:52,18,19,0,0,14.861,61.855
2026-05-02 22:44:52,19,20,0,0,14.866,61.22
2026-05-02 22:49:52,16,18,0,0,14.954,60.972
2026-05-02 22:54:52,12,17,0,0,15.165,60.449
2026-05-02 22:59:52,19,20,0,0,15.339,59.946
2026-05-02 23:04:52,14,17,0,0,15.432,60.106
2026-05-02 23:09:52,17,19,0,0,15.464,59.839
2026-05-02 23:14:52,19,22,0,0,15.488,59.818
2026-05-02 23:19:52,22,24,0,0,15.528,58.874
2026-05-02 23:24:52,19,20,0,0,15.584,59.146
2026-05-02 23:29:52,19,22,0,0,15.603,59.564
2026-05-02 23:34:52,23,24,0,0,15.518,59.396
2026-05-02 23:39:52,15,18,0,0,15.446,58.782
2026-05-02 23:44:52,18,22,0,0,15.539,58.437
2026-05-02 23:49:52,14,15,0,0,15.638,57.136
2026-05-02 23:54:52,14,18,0,0,15.777,57.094
2026-05-02 23:59:52,14,18,0,0,15.857,56.644
2026-05-03 00:04:52,18,22,0,0,15.878,57.17
2026-05-03 00:09:52,19,20,0,0,15.857,57.947
2026-05-03 00:14:52,17,19,0,0,15.689,58.534
2026-05-03 00:19:52,14,15,0,0,15.408,59.56
2026-05-03 00:24:52,17,19,0,0,15.12,60.375
2026-05-03 00:29:52,17,22,0,0,14.89,61.334
2026-05-03 00:34:52,16,20,0,0,14.677,61.905
2026-05-03 00:39:52,17,20,0,0,14.439,62.744
2026-05-03 00:44:52,19,20,0,0,14.244,63.146
2026-05-03 00:49:52,19,19,0,0,14.009,63.764
2026-05-03 00:54:52,14,15,0,0,13.79,64.775
2026-05-03 00:59:52,18,20,0,0,13.646,65.605
2026-05-03 01:04:52,15,18,0,0,13.478,65.62
2026-05-03 01:09:52,17,19,0,0,13.331,66.101
2026-05-03 01:14:52,20,23,0,0,13.202,66.52
2026-05-03 01:19:52,17,22,0,0,13.026,67.623
2026-05-03 01:24:52,21,21,0,0,12.978,67.987
2026-05-03 01:29:52,20,20,0,0,12.911,68.149
2026-05-03 01:34:52,18,23,0,0,12.839,67.886
2026-05-03 01:39:52,20,21,0,0,12.733,68.159
2026-05-03 01:44:53,13,15,0,0,12.583,68.376
2026-05-03 01:49:53,19,21,0,0,12.492,69.095
2026-05-03 01:54:52,16,23,0,0,12.42,69.303
2026-05-03 01:59:52,19,20,0,0,12.345,68.55
2026-05-03 02:04:52,19,21,0,0,12.188,69.29
2026-05-03 02:09:52,25,26,0,0,12.105,69.486
2026-05-03 02:14:52,21,25,0,0,12.022,69.761
2026-05-03 02:19:52,21,23,0,0,11.899,70.776
2026-05-03 02:24:52,20,23,0,0,11.699,71.35
2026-05-03 02:29:52,19,23,0,0,11.558,71.441
2026-05-03 02:34:52,23,24,0,0,11.48,72.082
2026-05-03 02:39:52,21,27,0,0,11.355,72.79
2026-05-03 02:44:53,23,26,0,0,11.344,73.128
2026-05-03 02:49:53,20,21,0,0,11.384,72.801
2026-05-03 02:54:53,23,25,0,0,11.467,72.313
2026-05-03 02:59:53,25,25,0,0,11.598,72.254
2026-05-03 03:04:53,17,20,0,0,11.766,71.539
2026-05-03 03:09:53,26,28,0,0,11.846,70.52
2026-05-03 03:14:53,23,28,0,0,11.849,71.108
2026-05-03 03:19:53,24,26,0,0,11.809,71.134
2026-05-03 03:24:53,27,30,0,0,11.672,70.928
2026-05-03 03:29:53,24,25,0,0,11.595,69.259
2026-05-03 03:34:53,24,26,0,0,11.477,71.594
2026-05-03 03:39:53,24,26,0,0,11.389,71.852
2026-05-03 03:44:53,26,27,0,0,11.275,72.365
2026-05-03 03:49:53,24,27,0,0,11.176,73.112
2026-05-03 03:54:53,24,25,0,0,11.125,72.943
2026-05-03 03:59:53,23,26,0,0,11.114,72.46
2026-05-03 04:04:53,32,36,0,0,11.026,72.601
2026-05-03 04:09:53,26,27,0,0,10.879,73.583
2026-05-03 04:14:53,25,29,0,0,10.759,73.25
2026-05-03 04:19:53,25,26,0,0,10.652,73.419
2026-05-03 04:24:53,26,26,0,0,10.572,74.108
2026-05-03 04:29:53,24,28,0,0,10.479,74.35
2026-05-03 04:34:53,21,25,0,0,10.412,74.419
2026-05-03 04:39:53,24,26,0,0,10.34,74.718
2026-05-03 04:44:53,21,25,0,0,10.292,74.127
2026-05-03 04:49:53,21,24,0,0,10.23,74.394
2026-05-03 04:54:53,24,26,0,0,10.126,75.325
2026-05-03 04:59:53,20,22,0,0,10.06,75.458
2026-05-03 05:04:53,22,24,0,0,10.006,75.401
2026-05-03 05:09:53,21,25,0,0,9.934,75.764
2026-05-03 05:14:53,25,29,0,0,9.889,75.683
2026-05-03 05:19:53,22,24,0,0,9.822,75.744
2026-05-03 05:24:53,22,25,0,0,9.736,75.786
2026-05-03 05:29:53,21,24,0,0,9.672,76.639
2026-05-03 05:34:53,21,21,0,0,9.635,77.843
2026-05-03 05:39:53,21,22,0,0,9.63,78.083
2026-05-03 05:44:53,22,22,0,0,9.688,77.257
2026-05-03 05:49:53,26,28,0,0,9.726,76.151
2026-05-03 05:54:53,19,21,0,0,9.747,75.872
2026-05-03 05:59:53,24,24,0,0,9.715,76.078
2026-05-03 06:04:53,20,24,0,0,9.675,75.909
2026-05-03 06:09:53,21,21,0,0,9.646,76.321
2026-05-03 06:14:53,19,21,0,0,9.672,76.177
2026-05-03 06:19:53,22,24,0,0,9.635,75.605
2026-05-03 06:24:53,19,21,0,0,9.574,75.994
2026-05-03 06:29:53,22,22,0,0,9.523,75.966
2026-05-03 06:34:53,19,21,0,0,9.456,76.168
2026-05-03 06:39:53,16,21,0,0,9.384,76.334
2026-05-03 06:44:53,19,22,0,0,9.306,76.118
2026-05-03 06:49:53,21,26,0,0,9.245,77.005
2026-05-03 06:54:53,21,22,0,0,9.184,76.811
2026-05-03 06:59:53,25,26,0,0,9.16,76.942
2026-05-03 07:04:53,21,21,0,0,9.085,77.421
2026-05-03 07:09:53,21,21,0,0,9.015,76.763
2026-05-03 07:14:53,24,24,0,0,8.957,75.651
2026-05-03 07:19:53,26,26,0,0,8.941,76.893
2026-05-03 07:24:53,21,22,0,0,8.933,77.841
2026-05-03 07:29:53,20,22,0,0,8.978,78.23
2026-05-03 07:34:53,24,26,0,0,9.018,78.44
2026-05-03 07:39:53,21,22,0,0,9.088,78.596
2026-05-03 07:44:53,22,27,0,0,9.144,76.456
2026-05-03 07:49:53,21,22,0,0,9.144,76.988
2026-05-03 07:54:53,21,21,0,0,9.144,77.597
2026-05-03 07:59:53,21,26,0,0,9.154,78.268
2026-05-03 08:04:53,22,24,0,0,9.194,78.648
2026-05-03 08:09:53,20,24,0,0,9.229,78.783
2026-05-03 08:14:53,25,26,0,0,9.298,77.703
2026-05-03 08:19:53,21,21,0,0,9.357,78.422
2026-05-03 08:24:53,19,20,0,0,9.427,78.43
2026-05-03 08:29:53,24,25,0,0,9.472,78.091
2026-05-03 08:34:53,20,22,0,0,9.507,78.436
2026-05-03 08:39:53,15,19,0,0,9.662,78.991
2026-05-03 08:44:53,21,24,0,0,9.947,78.48
2026-05-03 08:49:53,26,27,0,0,10.3,77.547
2026-05-03 08:54:53,28,30,0,0,10.74,74.55
2026-05-03 08:59:54,32,36,0,0,11.202,73.347
2026-05-03 09:04:54,36,41,0,0,11.712,70.581
2026-05-03 09:09:53,35,41,0,0,12.249,69.196
2026-05-03 09:14:53,36,41,0,0,12.807,68.05
2026-05-03 09:19:53,33,38,0,0,13.424,66.463
2026-05-03 09:24:53,33,36,0,0,14.084,63.583
2026-05-03 09:29:53,33,39,0,0,14.69,62.326
2026-05-03 09:34:53,30,35,0,0,15.371,58.879
2026-05-03 09:39:53,32,34,0,0,16.025,56.873
2026-05-03 09:44:54,29,30,0,0,16.738,55.635
2026-05-03 09:49:53,28,29,0,0,17.424,54.224
2026-05-03 09:54:53,29,31,0,0,18.143,53.72
2026-05-03 09:59:54,28,28,0,0,18.77,50.01
2026-05-03 10:04:54,26,28,0,0,19.427,48.095
2026-05-03 10:09:53,25,26,0,0,20.001,49.238
2026-05-03 10:14:54,25,27,0,0,20.538,47.231
2026-05-03 10:19:53,24,26,0,0,21.112,45.35
2026-05-03 10:24:53,25,25,0,0,21.788,43.599
2026-05-03 10:29:53,25,26,0,0,22.42,40.273
2026-05-03 10:34:53,20,20,0,0,22.979,38.903
2026-05-03 10:39:53,19,22,0,0,23.579,40.273
2026-05-03 10:44:54,22,23,0,0,24.119,38.509
2026-05-03 10:49:53,19,23,0,0,24.594,37.631
2026-05-03 10:54:53,22,24,0,0,25.099,36.136
2026-05-03 10:59:54,16,18,0,0,25.577,35.665
2026-05-03 11:04:53,14,18,0,0,26.039,33.433
2026-05-03 11:09:54,13,18,0,0,26.442,33.305
2026-05-03 11:14:53,15,17,0,0,26.845,31.257
2026-05-03 11:19:53,12,15,0,0,27.099,30.418
2026-05-03 11:24:54,13,17,0,0,27.417,31.213
2026-05-03 11:29:54,11,11,0,0,27.86,27.755
2026-05-03 11:34:54,8,9,0,0,28.258,28.264
2026-05-03 11:39:54,13,13,0,0,28.648,29.79
2026-05-03 11:44:54,9,12,0,0,29.158,27.364
2026-05-03 11:49:54,10,10,0,0,29.609,26.464
2026-05-03 11:54:54,5,7,0,0,30.1,25.483
2026-05-03 11:59:54,8,8,0,0,30.506,25.229
2026-05-03 12:04:54,7,8,0,0,30.974,25.731
2026-05-03 12:09:54,5,6,0,0,31.457,24.39
2026-05-03 12:14:54,8,9,0,0,31.775,24.819
2026-05-03 12:19:54,8,9,0,0,31.991,24.737
2026-05-03 12:24:54,8,8,0,0,32.194,24.169
2026-05-03 12:29:54,7,7,0,0,32.434,24.903
2026-05-03 12:34:54,8,8,0,0,32.768,24.983
2026-05-03 12:39:54,6,6,0,0,33.011,24.291
2026-05-03 12:44:54,9,11,0,0,33.27,24.705
2026-05-03 12:49:54,11,11,0,0,33.444,22.506
2026-05-03 12:54:54,13,15,0,0,33.502,23.271
2026-05-03 12:59:54,14,17,0,0,33.548,23.334
2026-05-03 13:04:54,16,17,0,0,33.513,28.449
2026-05-03 13:09:54,13,14,0,0,33.243,23.219
2026-05-03 13:14:54,13,13,0,0,33.075,23.179
2026-05-03 13:19:54,14,15,0,0,32.883,23.217
2026-05-03 13:24:55,7,7,0,0,32.728,22.664
2026-05-03 13:29:54,11,13,0,0,32.675,22.981
2026-05-03 13:34:54,8,12,0,0,32.576,22.748
2026-05-03 13:39:54,10,10,0,0,32.402,22.706
2026-05-03 13:44:54,9,11,0,0,32.071,23.154
2026-05-03 13:49:54,8,10,0,0,31.921,23.065
2026-05-03 13:54:54,8,9,0,0,31.9,23.997
2026-05-03 13:59:54,7,11,0,0,31.9,25.085
2026-05-03 14:04:54,10,10,0,0,31.895,23.25
2026-05-03 14:09:54,11,11,0,0,31.911,23.456
2026-05-03 14:14:54,6,6,0,0,31.873,22.643
2026-05-03 14:19:54,7,8,0,0,31.745,21.977
2026-05-03 14:24:54,6,6,0,0,31.724,22.71
2026-05-03 14:29:54,5,5,0,0,31.871,22.363
2026-05-03 14:34:54,7,7,0,0,32.151,22.351
2026-05-03 14:39:54,4,4,0,0,32.306,21.386
2026-05-03 14:44:54,9,11,0,0,32.37,22.096
2026-05-03 14:49:54,5,5,0,0,32.637,21.781
2026-05-03 14:54:54,7,7,0,0,32.971,21.373
2026-05-03 14:59:54,6,6,0,0,33.187,21.146
2026-05-03 15:04:54,5,5,0,0,33.379,21.464
2026-05-03 15:09:54,6,6,0,0,33.545,20.541
2026-05-03 15:14:54,4,5,0,0,33.588,20.217
2026-05-03 15:19:54,7,7,0,0,33.617,20.043
2026-05-03 15:24:54,6,6,0,0,33.604,20.49
2026-05-03 15:29:54,7,7,0,0,33.577,20.427
2026-05-03 15:34:54,6,6,0,0,33.572,20.518
2026-05-03 15:39:54,4,5,0,0,33.681,20.232
2026-05-03 15:44:55,6,6,0,0,33.636,20.116
2026-05-03 15:49:54,4,4,0,0,33.51,20.352
2026-05-03 15:54:54,4,4,0,0,33.47,21.014
2026-05-03 15:59:54,6,6,0,0,33.478,20.822
2026-05-03 16:04:54,7,8,0,0,33.596,20.074
2026-05-03 16:09:54,6,7,0,0,33.689,21.642
2026-05-03 16:14:54,7,7,0,0,33.801,21.638
2026-05-03 16:19:54,7,8,0,0,33.911,21.636
2026-05-03 16:24:55,5,5,0,0,33.964,20.888
2026-05-03 16:29:55,6,7,0,0,33.663,21.014
2026-05-03 16:34:55,8,9,0,0,33.246,21.396
2026-05-03 16:39:54,5,5,0,0,32.747,21.455
2026-05-03 16:44:54,6,6,0,0,32.311,23.192
2026-05-03 16:49:55,7,8,0,0,32.229,22.433
2026-05-03 16:54:54,5,5,0,0,32.151,22.3
2026-05-03 16:59:54,5,6,0,0,31.863,22.311
2026-05-03 17:04:54,6,6,0,0,31.425,22.136
2026-05-03 17:09:55,5,5,0,0,30.688,21.747
2026-05-03 17:14:54,7,7,0,0,29.879,22.059
2026-05-03 17:19:55,4,6,0,0,29.043,21.459
2026-05-03 17:24:54,6,7,0,0,28.346,23.66
2026-05-03 17:29:55,5,6,0,0,27.625,24.316
2026-05-03 17:34:55,4,4,0,0,26.88,25.338
2026-05-03 17:39:55,3,3,0,0,26.14,24.818
2026-05-03 17:44:55,3,4,0,0,25.417,25.035
2026-05-03 17:49:55,2,2,0,0,24.848,24.89
2026-05-03 17:54:55,1,2,0,0,24.319,24.306
2026-05-03 17:59:55,3,4,0,0,23.894,24.69
2026-05-03 18:04:55,1,1,0,0,23.502,25.413
2026-05-03 18:09:55,1,3,0,0,23.152,25.102
2026-05-03 18:14:55,1,3,0,0,22.84,26.822
2026-05-03 18:19:55,1,1,0,0,22.583,27.005
2026-05-03 18:24:55,2,2,0,0,22.228,26.368
2026-05-03 18:29:55,2,2,0,0,21.916,23.992
2026-05-03 18:34:55,1,1,0,0,21.796,27.276
2026-05-03 18:39:55,2,3,0,0,21.563,24.518
2026-05-03 18:44:55,1,2,0,0,21.44,25.094
2026-05-03 18:49:55,1,1,0,0,21.299,24.236
2026-05-03 18:54:55,4,4,0,0,21.093,25.209
2026-05-03 18:59:55,2,2,0,0,20.808,26.34
2026-05-03 19:04:55,3,4,0,0,20.565,24.03
2026-05-03 19:09:55,2,4,0,0,20.527,24.751
2026-05-03 19:14:55,1,1,0,0,20.45,26.082
2026-05-03 19:19:55,4,4,0,0,20.324,26.2
2026-05-03 19:24:55,1,1,0,0,20.135,25.769
2026-05-03 19:29:55,3,4,0,0,19.918,26.98
2026-05-03 19:34:55,1,1,0,0,19.651,25.912
2026-05-03 19:39:55,3,4,0,0,19.44,27.314
2026-05-03 19:44:55,3,3,0,0,19.277,28.049
2026-05-03 19:49:55,3,4,0,0,19.163,26.74
2026-05-03 19:54:55,3,3,0,0,19.059,30.093
2026-05-03 19:59:55,2,3,0,0,18.909,27.061
2026-05-03 20:04:55,3,3,0,0,18.88,25.691
2026-05-03 20:09:55,2,2,0,0,18.888,26.132
2026-05-03 20:14:55,3,3,0,0,18.842,27.631
2026-05-03 20:19:55,2,2,0,0,18.738,29.027
2026-05-03 20:24:55,9,9,0,0,18.642,28.632
2026-05-03 20:29:55,3,3,0,0,18.399,29.094
2026-05-03 20:34:55,4,4,0,0,18.07,30.494
2026-05-03 20:39:55,3,3,0,0,17.753,31.278
2026-05-03 20:44:55,5,5,0,0,17.411,31.867
2026-05-03 20:49:55,2,3,0,0,17.096,32.603
2026-05-03 20:54:55,4,4,0,0,16.807,32.489
2026-05-03 20:59:55,3,3,0,0,16.524,32.817
2026-05-03 21:04:55,6,6,0,0,16.324,33.364
2026-05-03 21:09:55,3,4,0,0,16.118,34.681
2026-05-03 21:14:55,1,2,0,0,15.926,34.019
2026-05-03 21:19:55,3,3,0,0,15.713,35.316
2026-05-03 21:24:55,3,4,0,0,15.494,36.699
2026-05-03 21:29:55,2,3,0,0,15.261,35.222
2026-05-03 21:34:55,4,4,0,0,15.072,36.611
2026-05-03 21:39:55,3,4,0,0,14.901,37.975
2026-05-03 21:44:55,4,4,0,0,14.698,37.931
2026-05-03 21:49:57,4,4,0,0,14.575,38.572
2026-05-03 21:54:55,3,3,0,0,14.345,39.628
2026-05-03 21:59:55,2,3,0,0,14.188,38.999
2026-05-03 22:04:55,2,2,0,0,14.044,38.371
2026-05-03 22:09:55,3,3,0,0,13.95,40.502
2026-05-03 22:14:55,2,2,0,0,13.883,40.359
2026-05-03 22:19:55,3,3,0,0,13.747,41.232
2026-05-03 22:24:55,2,2,0,0,13.691,39.603
2026-05-03 22:29:55,2,2,0,0,13.574,40.633
2026-05-03 22:34:55,2,3,0,0,13.502,42.123
2026-05-03 22:39:55,1,2,0,0,13.403,40.275
2026-05-03 22:44:55,2,2,0,0,13.347,41.005
2026-05-03 22:49:55,1,2,0,0,13.323,42.19
2026-05-03 22:54:55,2,2,0,0,13.227,43.004
2026-05-03 22:59:55,1,2,0,0,13.101,42.69
2026-05-03 23:04:55,2,2,0,0,12.97,42.159
2026-05-03 23:09:56,1,1,0,0,12.909,42.445
2026-05-03 23:14:55,1,2,0,0,12.807,41.885
2026-05-03 23:19:55,2,2,0,0,12.738,44.507
2026-05-03 23:24:55,2,3,0,0,12.642,43.306
2026-05-03 23:29:55,2,2,0,0,12.524,44.357
2026-05-03 23:34:55,3,3,0,0,12.447,44.7
2026-05-03 23:39:55,2,3,0,0,12.375,43.197
2026-05-03 23:44:55,2,2,0,0,12.305,43.584
2026-05-03 23:49:55,2,2,0,0,12.236,45.312
2026-05-03 23:54:55,2,3,0,0,12.156,45.596
2026-05-03 23:59:55,3,4,0,0,12.078,47.04
2026-05-04 00:04:55,4,4,0,0,12.001,46.455
2026-05-04 00:09:55,3,5,0,0,11.91,46.691
2026-05-04 00:14:56,4,4,0,0,11.809,46.05
2026-05-04 00:19:55,4,4,0,0,11.686,47.275
2026-05-04 00:24:55,7,11,0,0,11.56,47.552
2026-05-04 00:29:55,16,18,0,0,11.403,47.405
2026-05-04 00:34:55,19,24,0,0,11.275,49.356
2026-05-04 00:39:55,16,20,0,0,11.21,48.118
2026-05-04 00:44:56,6,6,0,0,11.12,48.416
2026-05-04 00:49:56,7,7,0,0,11.015,47.359
2026-05-04 00:54:56,9,12,0,0,10.986,50.256
2026-05-04 00:59:56,7,7,0,0,10.975,49.005
2026-05-04 01:04:55,9,15,0,0,10.885,49.297
2026-05-04 01:09:56,9,11,0,0,10.81,48.906
2026-05-04 01:14:56,6,8,0,0,10.797,50.575
2026-05-04 01:19:56,7,7,0,0,10.719,47.62
2026-05-04 01:24:56,5,6,0,0,10.687,48.032
2026-05-04 01:29:56,6,6,0,0,10.815,49.673
2026-05-04 01:34:56,4,7,0,0,10.925,49.69
2026-05-04 01:39:56,4,4,0,0,10.906,49.785
2026-05-04 01:44:56,6,7,0,0,10.866,50.479
2026-05-04 01:49:56,8,13,0,0,10.767,49.499
2026-05-04 01:54:56,5,6,0,0,10.714,49.476
2026-05-04 01:59:56,9,13,0,0,10.626,48.515
2026-05-04 02:04:56,19,26,0,0,10.548,50.403
2026-05-04 02:09:56,14,20,0,0,10.503,51.78
2026-05-04 02:14:56,13,16,0,0,10.377,52.352
2026-05-04 02:19:56,12,17,0,0,10.212,52.41
2026-05-04 02:24:56,9,12,0,0,10.07,52.73
2026-05-04 02:29:56,5,7,0,0,9.966,53.686
2026-05-04 02:34:56,7,7,0,0,9.867,52.349
2026-05-04 02:39:56,7,7,0,0,9.768,55.513
2026-05-04 02:44:56,5,5,0,0,9.643,54.832
2026-05-04 02:49:56,4,4,0,0,9.568,54.437
2026-05-04 02:54:56,2,4,0,0,9.496,55.227
2026-05-04 02:59:56,4,5,0,0,9.483,55.217
2026-05-04 03:04:56,3,3,0,0,9.403,56.282
2026-05-04 03:09:56,4,4,0,0,9.357,55.843
2026-05-04 03:14:56,4,4,0,0,9.389,56.331
2026-05-04 03:19:56,4,4,0,0,9.405,53.455
2026-05-04 03:24:56,5,5,0,0,9.421,53.354
2026-05-04 03:29:56,5,5,0,0,9.413,54.283
2026-05-04 03:34:56,4,4,0,0,9.44,53.257
2026-05-04 03:39:56,3,4,0,0,9.437,55.444
2026-05-04 03:44:56,4,5,0,0,9.381,55.53
2026-05-04 03:49:56,5,6,0,0,9.341,55.614
2026-05-04 03:54:56,3,3,0,0,9.341,55.988
2026-05-04 03:59:56,4,5,0,0,9.282,55.515
2026-05-04 04:04:56,3,4,0,0,9.245,57.056
2026-05-04 04:09:56,5,5,0,0,9.21,57.478
2026-05-04 04:14:56,3,3,0,0,9.208,55.765
2026-05-04 04:19:56,3,5,0,0,9.221,56.213
2026-05-04 04:24:56,3,4,0,0,9.133,54.977
2026-05-04 04:29:56,4,5,0,0,9.144,57.283
2026-05-04 04:34:56,4,4,0,0,9.144,57.247
2026-05-04 04:39:56,4,4,0,0,9.106,58.014
2026-05-04 04:44:56,4,5,0,0,9.031,57.085
2026-05-04 04:49:56,4,4,0,0,8.967,58.225
2026-05-04 04:54:56,3,4,0,0,8.922,58.967
2026-05-04 04:59:56,3,5,0,0,8.877,58.672
2026-05-04 05:04:56,4,5,0,0,8.842,57.75
2026-05-04 05:09:56,4,5,0,0,8.791,59.217
2026-05-04 05:14:56,4,6,0,0,8.746,58.981
2026-05-04 05:19:56,5,5,0,0,8.644,59.32
2026-05-04 05:24:56,5,6,0,0,8.551,60.056
2026-05-04 05:29:56,4,5,0,0,8.465,60.705
2026-05-04 05:34:56,3,3,0,0,8.428,59.644
2026-05-04 05:39:56,5,5,0,0,8.348,59.658
2026-05-04 05:44:56,3,3,0,0,8.257,60.758
2026-05-04 05:49:57,4,5,0,0,8.185,61.453
2026-05-04 05:54:56,4,4,0,0,8.124,61.563
2026-05-04 05:59:56,4,4,0,0,8.11,60.775
2026-05-04 06:04:56,3,3,0,0,8.107,61.536
2026-05-04 06:09:56,5,6,0,0,8.097,60.369
2026-05-04 06:14:56,6,6,0,0,8.033,61.523
2026-05-04 06:19:56,4,4,0,0,7.966,61.617
2026-05-04 06:24:56,4,4,0,0,7.947,61.416
2026-05-04 06:29:56,4,6,0,0,7.905,62.925
2026-05-04 06:34:56,4,4,0,0,7.824,62.555
2026-05-04 06:39:56,4,4,0,0,7.803,63.003
2026-05-04 06:44:56,5,5,0,0,7.723,61.931
2026-05-04 06:49:57,4,4,0,0,7.712,63.491
2026-05-04 06:54:56,6,8,0,0,7.659,62.917
2026-05-04 06:59:56,5,5,0,0,7.638,62.078
2026-05-04 07:04:56,5,6,0,0,7.576,63.177
2026-05-04 07:09:56,8,9,0,0,7.587,63.778
2026-05-04 07:14:56,4,6,0,0,7.571,64.55
2026-05-04 07:19:56,5,5,0,0,7.536,63.72
2026-05-04 07:24:56,12,15,0,0,7.504,63.749
2026-05-04 07:29:56,7,7,0,0,7.451,64.182
2026-05-04 07:34:56,31,33,0,0,7.416,64.014
2026-05-04 07:39:56,10,15,0,0,7.416,65.33
2026-05-04 07:44:56,8,8,0,0,7.408,65.517
2026-05-04 07:49:56,35,39,0,0,7.432,65.405
2026-05-04 07:54:56,9,17,0,0,7.451,65.727
2026-05-04 07:59:57,9,10,0,0,7.475,63.661
2026-05-04 08:04:57,9,9,0,0,7.512,64.382
2026-05-04 08:09:57,157,172,0,0,7.565,65.601
2026-05-04 08:14:56,10,17,0,0,7.6,65.952
2026-05-04 08:19:57,18,20,0,0,7.659,65.942
2026-05-04 08:24:57,12,17,0,0,7.806,65.983
2026-05-04 08:29:56,8,10,0,0,7.969,67.075
2026-05-04 08:34:56,6,6,0,0,8.158,63.934
2026-05-04 08:39:56,8,8,0,0,8.412,66.068
2026-05-04 08:44:57,22,25,0,0,8.724,66.099
2026-05-04 08:49:57,19,21,0,0,9.117,62.549
2026-05-04 08:54:57,16,19,0,0,9.563,61.134
2026-05-04 08:59:56,30,31,0,0,10.126,59.927
2026-05-04 09:04:57,25,25,0,0,10.695,57.529
2026-05-04 09:09:57,20,25,0,0,11.266,55.311
2026-05-04 09:14:57,35,42,0,0,11.883,54.544
2026-05-04 09:19:57,28,32,0,0,12.498,52.436
2026-05-04 09:24:57,25,26,0,0,13.08,51.229
2026-05-04 09:29:57,24,26,0,0,13.504,51.666
2026-05-04 09:34:57,17,17,0,0,13.87,51.078
2026-05-04 09:39:57,20,20,0,0,14.257,48.416
2026-05-04 09:44:57,27,29,0,0,14.727,49.161
2026-05-04 09:49:57,24,26,0,0,15.256,46.97
2026-05-04 09:54:57,23,24,0,0,15.835,46.106
2026-05-04 09:59:57,19,20,0,0,16.444,44.713
2026-05-04 10:04:57,19,22,0,0,17.165,44.254
2026-05-04 10:09:57,16,17,0,0,17.937,38.709
2026-05-04 10:14:57,15,15,0,0,18.733,38.175
2026-05-04 10:19:57,18,19,0,0,19.456,34.906
2026-05-04 10:24:57,8,8,0,0,20.103,34.961
2026-05-04 10:29:57,7,7,0,0,20.797,31.48
2026-05-04 10:34:57,8,9,0,0,21.403,30.44
2026-05-04 10:39:57,8,8,0,0,22.009,30.173
2026-05-04 10:44:57,6,6,0,0,22.447,30.122
2026-05-04 10:49:57,9,11,0,0,22.848,30.738
2026-05-04 10:54:57,13,13,0,0,23.352,30.282
2026-05-04 10:59:57,8,8,0,0,23.985,29.616
2026-05-04 11:04:57,10,10,0,0,24.567,29.8
2026-05-04 11:09:57,7,8,0,0,25.091,28.253
2026-05-04 11:14:57,6,6,0,0,25.595,28.531
2026-05-04 11:19:57,8,10,0,0,26.065,27.11
2026-05-04 11:24:57,7,8,0,0,26.517,27.839
2026-05-04 11:29:57,6,7,0,0,27.021,26.395
2026-05-04 11:34:57,6,6,0,0,27.494,25.317
2026-05-04 11:39:57,6,6,0,0,27.799,26.769
2026-05-04 11:44:57,4,5,0,0,28.204,23.625
2026-05-04 11:49:57,7,7,0,0,28.525,22.847
2026-05-04 11:54:57,7,14,0,0,28.867,21.092
2026-05-04 11:59:57,6,7,0,0,29.184,21.747
2026-05-04 12:04:57,4,4,0,0,29.491,22.256
2026-05-04 12:09:57,7,7,0,0,29.836,22.845
2026-05-04 12:14:57,7,7,0,0,30.253,21.508
2026-05-04 12:19:57,6,6,0,0,30.618,22.059
2026-05-04 12:24:57,23,26,0,0,30.792,20.917
2026-05-04 12:29:57,9,9,0,0,30.88,21.697
2026-05-04 12:34:57,6,7,0,0,31.014,20.699
2026-05-04 12:39:57,7,8,0,0,31.195,21.441
2026-05-04 12:44:57,7,7,0,0,31.452,20.667
2026-05-04 12:49:57,5,5,0,0,31.646,20.146
2026-05-04 12:54:57,5,5,0,0,31.772,19.69
2026-05-04 12:59:57,7,7,0,0,31.887,19.858
2026-05-04 13:04:57,5,6,0,0,31.863,20.205
2026-05-04 13:09:57,6,6,0,0,31.876,20.556
2026-05-04 13:14:57,4,5,0,0,31.873,20.24
2026-05-04 13:19:57,4,4,0,0,31.793,19.584
2026-05-04 13:24:58,4,4,0,0,31.748,19.698
2026-05-04 13:29:57,4,4,0,0,31.799,18.826
2026-05-04 13:34:57,3,4,0,0,32.02,19.622
2026-05-04 13:39:57,3,3,0,0,32.351,19.13
2026-05-04 13:44:57,4,4,0,0,32.562,18.418
2026-05-04 13:49:57,4,4,0,0,32.474,18.866
2026-05-04 13:54:57,3,3,0,0,32.402,18.725
2026-05-04 13:59:57,3,3,0,0,32.29,19.103
2026-05-04 14:04:57,3,3,0,0,31.975,20.15
2026-05-04 14:09:57,4,4,0,0,31.66,19.929
2026-05-04 14:14:58,2,3,0,0,31.569,19.881
2026-05-04 14:19:58,3,4,0,0,31.732,19.5
2026-05-04 14:24:58,3,3,0,0,31.959,20.745
2026-05-04 14:29:58,1,1,0,0,32.298,18.367
2026-05-04 14:34:58,2,2,0,0,32.573,19.856
2026-05-04 14:39:58,2,2,0,0,32.859,19.372
2026-05-04 14:44:58,2,2,0,0,33.251,17.093
2026-05-04 14:49:58,0,0,0,0,33.649,17.169
2026-05-04 14:54:58,1,1,0,0,34.058,16.749
2026-05-04 14:59:58,0,1,0,0,34.4,17.249
2026-05-04 15:04:58,2,2,0,0,34.653,17.518
2026-05-04 15:09:58,3,3,0,0,34.789,16.972
2026-05-04 15:14:58,1,1,0,0,34.91,17.192
2026-05-04 15:19:58,0,0,0,0,35.03,16.143
2026-05-04 15:24:58,2,2,0,0,35.147,16.562
2026-05-04 15:29:58,1,2,0,0,35.203,16.642
2026-05-04 15:34:58,4,4,0,0,35.27,16.303
2026-05-04 15:39:58,3,4,0,0,35.385,15.798
2026-05-04 15:44:58,3,3,0,0,35.265,16.255
2026-05-04 15:49:58,3,3,0,0,35.153,16.253
2026-05-04 15:54:58,3,3,0,0,35.123,18.842
2026-05-04 15:59:58,3,4,0,0,35.222,18.187
2026-05-04 16:04:58,1,1,0,0,35.358,18.72
2026-05-04 16:09:58,1,1,0,0,35.334,17.806
2026-05-04 16:14:58,0,0,0,0,35.329,18.09
2026-05-04 16:19:58,2,2,0,0,35.113,16.599
2026-05-04 16:24:58,3,4,0,0,34.859,19.309
2026-05-04 16:29:58,1,1,0,0,34.557,24.144
2026-05-04 16:34:58,2,2,0,0,34.058,19.576
2026-05-04 16:39:58,2,2,0,0,33.198,19.351
2026-05-04 16:44:58,3,4,0,0,32.538,18.998
2026-05-04 16:49:58,2,2,0,0,32.082,21.464
2026-05-04 16:54:58,5,5,0,0,31.636,22.128
2026-05-04 16:59:58,2,3,0,0,31.329,21.268
2026-05-04 17:04:58,3,3,0,0,30.752,20.949
2026-05-04 17:09:58,4,4,0,0,30.098,21.394
2026-05-04 17:14:58,5,5,0,0,29.187,23.488
2026-05-04 17:19:58,5,6,0,0,28.122,25.878
2026-05-04 17:24:58,3,3,0,0,27.067,24.772
2026-05-04 17:29:58,4,4,0,0,26.18,27.843
2026-05-04 17:34:58,5,6,0,0,25.312,30.332
2026-05-04 17:39:59,3,4,0,0,24.45,30.839
2026-05-04 17:44:58,3,3,0,0,23.609,30.908
2026-05-04 17:49:58,2,2,0,0,22.939,33.78
2026-05-04 17:54:58,11,12,0,0,22.42,33.355
2026-05-04 17:59:58,7,7,0,0,21.98,34.074
2026-05-04 18:04:58,3,3,0,0,21.593,35.255
2026-05-04 18:09:58,5,5,0,0,21.179,36.142
2026-05-04 18:14:58,5,7,0,0,20.738,37.818
2026-05-04 18:19:58,8,9,0,0,20.236,38.537
2026-05-04 18:24:58,5,6,0,0,19.769,39.867
2026-05-04 18:29:58,5,7,0,0,19.339,40.017
2026-05-04 18:34:58,6,6,0,0,19.059,40.803
2026-05-04 18:39:58,4,4,0,0,18.735,41.797
2026-05-04 18:44:58,5,5,0,0,18.383,41.663
2026-05-04 18:50:00,6,6,0,0,18.247,41.446
2026-05-04 18:54:58,3,4,0,0,18.228,41.765
2026-05-04 18:59:58,5,5,0,0,18.271,42.054
2026-05-04 19:04:58,4,5,0,0,18.348,42.894
2026-05-04 19:09:58,5,5,0,0,18.362,43.796
2026-05-04 19:14:58,3,3,0,0,18.268,45.146
2026-05-04 19:19:58,5,5,0,0,18.148,45.902
2026-05-04 19:24:58,7,10,0,0,18.057,44.616
2026-05-04 19:29:59,5,5,0,0,18.209,45.606
2026-05-04 19:34:58,4,5,0,0,18.292,45.936
2026-05-04 19:39:58,7,8,0,0,18.322,46.308
2026-05-04 19:44:58,3,3,0,0,18.164,45.745
2026-05-04 19:49:58,4,4,0,0,17.945,46.028
2026-05-04 19:54:58,4,5,0,0,17.718,47.145
2026-05-04 19:59:58,3,3,0,0,17.454,47.758
2026-05-04 20:04:58,3,5,0,0,17.195,48.788
2026-05-04 20:09:58,4,4,0,0,16.962,49.819
2026-05-04 20:14:58,5,5,0,0,16.861,50.041
2026-05-04 20:19:58,5,5,0,0,16.757,49.846
2026-05-04 20:24:58,7,7,0,0,16.738,49.379
2026-05-04 20:29:58,5,5,0,0,16.666,50.329
2026-05-04 20:34:58,4,4,0,0,16.647,49.797
2026-05-04 20:39:58,5,6,0,0,16.653,48.948
2026-05-04 20:44:58,6,10,0,0,16.666,49.753
2026-05-04 20:49:58,6,6,0,0,16.631,50.58
2026-05-04 20:54:58,4,5,0,0,16.527,50.43
2026-05-04 20:59:58,7,7,0,0,16.487,50.123
2026-05-04 21:04:58,6,8,0,0,16.466,50.374
2026-05-04 21:09:59,14,18,0,0,16.378,51.448
2026-05-04 21:14:58,10,16,0,0,16.204,52.82
2026-05-04 21:19:58,7,8,0,0,16.004,53.701
2026-05-04 21:24:58,13,18,0,0,15.867,54.618
2026-05-04 21:29:59,8,11,0,0,15.745,54.163
2026-05-04 21:34:58,11,14,0,0,15.619,53.901
2026-05-04 21:39:58,7,10,0,0,15.547,54.494
2026-05-04 21:44:59,10,10,0,0,15.518,55.097
2026-05-04 21:49:59,7,10,0,0,15.446,56.079
2026-05-04 21:54:59,8,10,0,0,15.317,57.117
2026-05-04 21:59:59,6,7,0,0,15.181,57.615
2026-05-04 22:04:59,6,7,0,0,15.066,58.429
2026-05-04 22:09:59,12,13,0,0,14.925,58.687
2026-05-04 22:14:59,6,6,0,0,14.746,60.133
2026-05-04 22:19:59,4,5,0,0,14.628,61.006
2026-05-04 22:24:59,6,6,0,0,14.487,61.893
2026-05-04 22:29:59,13,16,0,0,14.399,61.46
2026-05-04 22:34:59,11,14,0,0,14.327,61.275
2026-05-04 22:39:59,8,9,0,0,14.329,61.596
2026-05-04 22:45:02,7,9,0,0,14.255,62.618
2026-05-04 22:49:59,8,9,0,0,14.156,63.081
2026-05-04 22:54:59,11,12,0,0,14.014,63.202
2026-05-04 22:59:59,9,9,0,0,13.867,63.547
2026-05-04 23:04:59,6,6,0,0,13.785,62.839
2026-05-04 23:09:59,5,5,0,0,13.747,63.293
2026-05-04 23:14:59,5,5,0,0,13.721,63.16
2026-05-04 23:19:59,5,5,0,0,13.643,63.732
2026-05-04 23:24:59,3,4,0,0,13.539,63.419
2026-05-04 23:29:59,4,4,0,0,13.48,63.791
2026-05-04 23:34:59,4,5,0,0,13.411,64.125
2026-05-04 23:39:59,4,5,0,0,13.272,64.176
2026-05-04 23:44:59,8,9,0,0,13.216,64.645
2026-05-04 23:49:59,8,16,0,0,13.128,64.327
2026-05-04 23:55:01,7,7,0,0,12.962,64.401
2026-05-04 23:59:59,4,5,0,0,12.866,65.504
2026-05-05 00:04:59,6,6,0,0,12.741,65.725
2026-05-05 00:09:59,6,6,0,0,12.62,66.137
2026-05-05 00:14:59,7,8,0,0,12.49,66.431
2026-05-05 00:19:59,8,8,0,0,12.383,65.254
2026-05-05 00:24:59,7,8,0,0,12.252,65.83
2026-05-05 00:29:59,5,5,0,0,12.142,66.538
2026-05-05 00:34:59,4,5,0,0,12.108,67.163
2026-05-05 00:39:59,7,7,0,0,12.073,67.569
2026-05-05 00:44:59,4,4,0,0,11.998,67.384
2026-05-05 00:49:59,7,8,0,0,11.926,67.556
2026-05-05 00:54:59,6,7,0,0,11.881,67.497
2026-05-05 00:59:59,6,6,0,0,11.83,67.96
2026-05-05 01:04:59,6,7,0,0,11.763,68.128
2026-05-05 01:09:59,6,7,0,0,11.731,67.747
2026-05-05 01:14:59,7,8,0,0,11.712,68.01
2026-05-05 01:19:59,7,7,0,0,11.672,67.837
2026-05-05 01:24:59,7,7,0,0,11.632,67.888
2026-05-05 01:29:59,6,7,0,0,11.608,68.048
2026-05-05 01:34:59,4,4,0,0,11.624,68.405
2026-05-05 01:39:59,7,8,0,0,11.627,66.787
2026-05-05 01:44:59,4,6,0,0,11.71,67.892
2026-05-05 01:49:59,6,6,0,0,11.686,67.993
2026-05-05 01:54:59,5,5,0,0,11.686,67.482
2026-05-05 01:59:59,6,6,0,0,11.686,67.672
2026-05-05 02:04:59,7,7,0,0,11.675,67.939
2026-05-05 02:09:59,5,5,0,0,11.622,68.325
2026-05-05 02:14:59,6,7,0,0,11.501,67.777
2026-05-05 02:20:00,8,11,0,0,11.408,66.53
2026-05-05 02:24:59,5,5,0,0,11.339,67.762
2026-05-05 02:29:59,6,6,0,0,11.248,67.756
2026-05-05 02:34:59,7,7,0,0,11.194,67.667
2026-05-05 02:39:59,5,6,0,0,11.144,68.472
2026-05-05 02:45:19,7,9,0,0,11.04,68.279
2026-05-05 02:50:02,6,8,0,0,10.994,68.161
2026-05-05 02:55:03,6,6,0,0,10.97,67.062
2026-05-05 03:00:00,5,5,0,0,10.922,67.455
2026-05-05 03:04:59,6,7,0,0,10.887,67.365
2026-05-05 03:09:59,6,7,0,0,10.826,66.393
2026-05-05 03:14:59,5,7,0,0,10.829,66.763
2026-05-05 03:19:59,6,8,0,0,10.783,66.345
2026-05-05 03:24:59,6,7,0,0,10.746,67.262
2026-05-05 03:30:00,6,6,0,0,10.706,67.526
2026-05-05 03:34:59,6,6,0,0,10.623,67.009
2026-05-05 03:40:00,6,6,0,0,10.562,67.76
2026-05-05 03:44:59,6,7,0,0,10.511,67.253
2026-05-05 03:49:59,5,6,0,0,10.484,67.407
2026-05-05 03:55:00,5,7,0,0,10.433,67.817
2026-05-05 03:59:59,6,6,0,0,10.372,67.84
2026-05-05 04:04:59,6,6,0,0,10.337,68.144
2026-05-05 04:09:59,6,8,0,0,10.212,67.959
2026-05-05 04:15:00,7,7,0,0,10.142,67.89
2026-05-05 04:19:59,6,9,0,0,10.092,67.894
2026-05-05 04:25:00,9,9,0,0,10.041,68.413
2026-05-05 04:29:59,6,7,0,0,10.06,68.937
2026-05-05 04:34:59,7,8,0,0,10.033,68.239
2026-05-05 04:39:59,10,12,0,0,10.019,68.586
2026-05-05 04:44:59,8,8,0,0,10.006,67.692
2026-05-05 04:49:59,5,5,0,0,10.073,68.302
2026-05-05 04:54:59,6,8,0,0,10.177,68.615
2026-05-05 04:59:59,6,6,0,0,10.246,67.186
2026-05-05 05:04:59,6,7,0,0,10.356,68.483
2026-05-05 05:09:59,6,6,0,0,10.412,68.813
2026-05-05 05:14:59,12,12,0,0,10.436,68.449
2026-05-05 05:19:59,8,8,0,0,10.417,67.966
2026-05-05 05:24:59,12,12,0,0,10.383,66.322
2026-05-05 05:29:59,12,16,0,0,10.319,67.724
2026-05-05 05:35:00,12,14,0,0,10.292,67.764
2026-05-05 05:40:00,13,14,0,0,10.241,66.21
2026-05-05 05:45:00,13,13,0,0,10.214,66.734
2026-05-05 05:50:00,15,17,0,0,10.198,67.699
2026-05-05 05:55:00,12,15,0,0,10.164,68.485
2026-05-05 06:00:00,13,13,0,0,10.124,67.943
2026-05-05 06:05:00,8,9,0,0,10.121,68.424
2026-05-05 06:10:00,9,12,0,0,10.102,68.853
2026-05-05 06:15:00,18,19,0,0,10.057,68.731
2026-05-05 06:20:00,17,19,0,0,10.03,65.811
2026-05-05 06:25:00,17,20,0,0,9.977,68.224
2026-05-05 06:30:00,15,16,0,0,9.878,67.136
2026-05-05 06:35:00,20,24,0,0,9.827,68.844
2026-05-05 06:40:00,40,45,0,0,9.83,68.617
2026-05-05 06:45:00,16,22,0,0,9.763,68.847
2026-05-05 06:50:00,21,24,0,0,9.691,68.887
2026-05-05 06:55:00,17,22,0,0,9.675,69.708
2026-05-05 07:00:00,14,15,0,0,9.592,71.701
2026-05-05 07:05:00,16,21,0,0,9.6,71.804
2026-05-05 07:10:00,25,28,0,0,9.608,72.162
2026-05-05 07:15:00,12,13,0,0,9.598,72.437
2026-05-05 07:20:00,436,486,0,0,9.598,71.735
2026-05-05 07:25:00,25,26,0,0,9.563,71.44
2026-05-05 07:30:00,18,22,0,0,9.459,71.226
2026-05-05 07:35:01,14,16,0,0,9.437,70.476
2026-05-05 07:40:00,18,21,0,0,9.411,71.415
2026-05-05 07:45:00,15,20,0,0,9.451,71.888
2026-05-05 07:50:00,17,20,0,0,9.496,71.607
2026-05-05 07:55:01,16,21,0,0,9.6,72.273
2026-05-05 08:00:00,25,29,0,0,9.736,72.119
2026-05-05 08:05:00,27,29,0,0,9.838,72.416
2026-05-05 08:10:00,39,50,0,0,9.923,72.309
2026-05-05 08:15:00,38,46,0,0,9.987,72.721
2026-05-05 08:20:00,39,50,0,0,10.014,72.496
2026-05-05 08:25:00,45,57,0,0,10.033,73.088
2026-05-05 08:30:00,52,63,0,0,10.041,73.118
2026-05-05 08:35:00,33,38,0,0,10.124,73.364
2026-05-05 08:40:00,44,53,0,0,10.19,74.219
2026-05-05 08:45:00,40,52,0,0,10.303,74.428
2026-05-05 08:50:00,41,49,0,0,10.449,74.463
2026-05-05 08:55:00,23,24,0,0,10.57,74.589
2026-05-05 09:00:00,13,15,0,0,10.917,72.397
2026-05-05 09:05:00,9,9,0,0,11.429,72.059
2026-05-05 09:10:01,30,31,0,0,12.065,72.296
2026-05-05 09:15:00,37,41,0,0,12.727,65.86
2026-05-05 09:20:01,47,58,0,0,13.341,62.187
2026-05-05 09:25:00,53,66,0,0,14.052,59.183
2026-05-05 09:30:00,55,71,0,0,14.799,56.316
2026-05-05 09:35:00,53,68,0,0,15.515,55.295
2026-05-05 09:40:00,52,65,0,0,16.284,55.957
2026-05-05 09:45:00,51,63,0,0,17.024,52.957
2026-05-05 09:50:00,53,69,0,0,17.691,51.675
2026-05-05 09:55:01,45,57,0,0,18.348,49.585
2026-05-05 10:00:01,37,44,0,0,18.97,47.296
2026-05-12 12:12:22,51,66,0,0,14.687,67.756
2026-05-12 12:17:22,49,64,0,0,15.141,67.749
2026-05-12 12:22:22,48,61,0,0,15.649,66.709
2026-05-12 13:27:25,45,59,0,0,20.172,51.799
2026-05-12 13:32:21,44,55,0,0,21.072,53.604
2026-05-12 13:37:21,46,57,0,0,22.121,53.762
2026-05-12 13:53:21,43,52,0,0,25.873,42.857
2026-05-12 14:00:44,41,49,0,0,26.081,55.299
2026-05-12 14:05:44,42,53,0,0,25.278,48.337
2026-05-12 14:10:44,41,50,0,0,24.84,54.262
2026-05-12 14:15:44,43,53,0,0,24.623,53.094
2026-05-12 14:20:44,42,51,0,0,24.519,49.055
2026-05-12 14:25:44,41,52,0,0,24.661,55.81
2026-05-12 14:30:44,42,52,0,0,24.327,49.722
2026-05-12 14:35:44,40,49,0,0,24.151,51.795
2026-05-12 14:40:44,39,46,0,0,23.806,50.58
2026-05-12 14:45:44,39,49,0,0,23.318,49.921
2026-05-12 14:50:44,37,45,0,0,22.797,50.727
2026-05-12 14:55:44,34,40,0,0,22.303,48.253
2026-05-12 15:00:44,35,43,0,0,22.159,50.426
2026-05-12 15:05:44,36,43,0,0,21.841,48.734
2026-05-12 15:10:44,31,37,0,0,21.352,48.629
2026-05-12 15:15:44,31,37,0,0,20.773,50.092
2026-05-12 15:20:44,35,45,0,0,20.605,51.931
2026-05-12 15:25:44,33,39,0,0,20.525,52.192
2026-05-12 15:30:44,36,43,0,0,20.65,50.233
2026-05-12 15:35:44,31,35,0,0,20.882,50.979
2026-05-12 15:40:44,32,41,0,0,21.088,48.191
2026-05-12 15:45:44,31,36,0,0,21.283,50.916
2026-05-12 15:50:44,31,39,0,0,21.4,51.038
2026-05-12 15:55:44,32,36,0,0,21.264,49.438
2026-05-12 16:00:44,31,35,0,0,21.112,51.292
2026-05-12 16:05:44,32,36,0,0,20.909,49.39
2026-05-12 16:10:44,32,36,0,0,20.268,50.373
2026-05-12 16:15:44,31,35,0,0,20.02,52.898
2026-05-12 16:20:44,32,37,0,0,19.323,53.249
2026-05-12 16:25:44,32,37,0,0,18.778,55.141
2026-05-12 16:30:44,29,33,0,0,18.207,56.055
2026-05-12 16:35:44,29,34,0,0,18.041,56.121
2026-05-12 16:40:44,29,33,0,0,17.659,57.239
2026-05-12 16:45:44,29,36,0,0,17.563,57.161
2026-05-12 16:50:44,32,40,0,0,17.288,57.741
2026-05-12 16:55:44,31,37,0,0,17.197,57.945
2026-05-12 17:00:44,29,37,0,0,17.093,58.179
2026-05-12 17:05:44,32,35,0,0,17.064,58.219
2026-05-12 17:10:44,33,35,0,0,16.896,58.397
2026-05-12 17:15:44,32,39,0,0,16.717,58.736
2026-05-12 17:20:44,33,41,0,0,16.428,59.41
2026-05-12 17:25:44,33,40,0,0,16.143,59.66
2026-05-12 17:30:44,29,34,0,0,15.835,60.394
2026-05-12 17:35:44,35,45,0,0,15.347,61.458
2026-05-12 17:40:44,32,39,0,0,14.751,63.371
2026-05-12 17:45:44,33,40,0,0,14.217,62.875
2026-05-12 17:50:44,34,45,0,0,13.723,64.371
2026-05-12 17:55:44,33,40,0,0,13.299,68.226
2026-05-12 18:00:44,33,37,0,0,12.976,69.649
2026-05-12 18:05:44,29,37,0,0,12.658,70.86
2026-05-12 18:10:44,36,46,0,0,12.396,68.434
2026-05-12 18:15:44,34,40,0,0,12.196,69.526
2026-05-12 18:20:44,42,52,0,0,11.953,71.63
2026-05-12 18:25:44,38,48,0,0,11.726,74.304
2026-05-12 18:30:44,94,105,0,0,11.563,69.462
2026-05-12 18:35:44,83,96,0,0,11.403,69.874
2026-05-12 18:40:44,46,60,0,0,11.266,71.424
2026-05-12 18:45:44,55,73,0,0,11.114,72.101
2026-05-12 18:50:44,53,67,0,0,11.005,73.828
2026-05-12 18:55:44,58,74,0,0,10.943,73.484
2026-05-12 19:00:44,42,52,0,0,10.874,73.177
2026-05-12 19:05:44,49,62,0,0,10.802,76.816
2026-05-12 19:10:44,57,77,0,0,10.714,72.832
2026-05-12 19:15:44,45,56,0,0,10.642,76.689
2026-05-12 19:20:44,43,55,0,0,10.586,73.011
2026-05-12 19:25:44,56,74,0,0,10.532,77.143
2026-05-12 19:30:44,38,49,0,0,10.487,79.161
2026-05-12 19:35:44,39,51,0,0,10.431,79.201
2026-05-12 19:40:44,40,50,0,0,10.364,80.015
2026-05-12 19:45:44,40,49,0,0,10.286,80.149
2026-05-12 19:50:44,40,51,0,0,10.18,76.036
2026-05-12 19:55:44,46,58,0,0,10.097,75.733
2026-05-12 20:00:44,49,66,0,0,9.998,78.331
2026-05-12 20:05:44,42,51,0,0,9.926,80.965
2026-05-12 20:10:44,142,158,0,0,9.875,81.463
2026-05-12 20:15:45,52,69,0,0,9.811,81.72
2026-05-12 20:20:44,44,56,0,0,9.776,80.595
2026-05-12 20:25:45,50,65,0,0,9.694,80.198
2026-05-12 20:30:45,51,67,0,0,9.606,79.95
2026-05-12 20:35:44,51,64,0,0,9.501,80.707
2026-05-12 20:40:44,50,63,0,0,9.411,81.129
2026-05-12 20:45:45,57,72,0,0,9.322,80.656
2026-05-12 20:50:44,64,80,0,0,9.245,79.941
2026-05-12 20:55:44,55,72,0,0,9.173,81.697
2026-05-12 21:00:45,57,76,0,0,9.106,81.694
2026-05-12 21:05:45,59,77,0,0,9.031,82.06
2026-05-12 21:10:44,58,77,0,0,8.981,82.237
2026-05-12 21:15:45,92,101,0,0,8.919,82.447
2026-05-12 21:20:45,97,108,0,0,8.879,81.379
2026-05-12 21:25:45,130,146,0,0,8.791,81.545
2026-05-12 21:30:45,72,84,0,0,8.727,81.024
2026-05-12 21:35:45,59,78,0,0,8.676,81.743
2026-05-12 21:40:45,61,77,0,0,8.61,82.005
2026-05-12 21:45:45,60,77,0,0,8.553,81.222
2026-05-12 21:50:45,57,71,0,0,8.476,81.44
2026-05-12 21:55:45,62,79,0,0,8.428,80.461
2026-05-12 22:00:45,52,69,0,0,8.26,80.721
2026-05-12 22:05:45,53,69,0,0,8.091,81.787
2026-05-12 22:10:45,53,68,0,0,7.971,82.394
2026-05-12 22:15:45,53,70,0,0,7.905,81.799
2026-05-12 22:20:45,67,82,0,0,7.867,81.814
2026-05-12 22:25:45,77,88,0,0,7.827,82.214
2026-05-12 22:30:45,54,70,0,0,7.776,82.132
2026-05-12 22:35:45,59,76,0,0,7.72,82.447
2026-05-12 22:40:45,59,77,0,0,7.632,82.066
2026-05-12 22:45:45,52,69,0,0,7.581,82.466
2026-05-12 22:50:45,54,73,0,0,7.509,78.758
2026-05-12 22:55:45,47,60,0,0,7.36,81.251
2026-05-12 23:00:45,57,73,0,0,7.272,83.53
2026-05-12 23:05:45,61,81,0,0,7.21,83.948
2026-05-12 23:10:45,54,71,0,0,7.144,83.374
2026-05-12 23:15:45,60,78,0,0,7.101,84.133
2026-05-12 23:20:45,62,81,0,0,7.05,83.691
2026-05-12 23:25:45,74,88,0,0,7.053,83.145
2026-05-12 23:30:45,53,69,0,0,7.013,84.591
2026-05-12 23:35:45,50,64,0,0,6.999,85.676
2026-05-12 23:40:45,48,60,0,0,7.031,85.325
2026-05-12 23:45:45,49,64,0,0,7.002,84.755
2026-05-12 23:50:45,52,66,0,0,6.903,82.499
2026-05-12 23:55:45,53,67,0,0,6.751,82.527
2026-05-13 00:00:45,52,66,0,0,6.658,82.998
2026-05-13 00:05:45,51,67,0,0,6.524,83.284
2026-05-13 00:10:45,51,64,0,0,6.436,84.24
2026-05-13 00:15:45,52,65,0,0,6.369,84.86
2026-05-13 00:20:45,49,66,0,0,6.329,88.488
2026-05-13 00:25:45,51,66,0,0,6.396,84.248
2026-05-13 00:30:45,50,65,0,0,6.449,88.385
2026-05-13 00:35:45,52,70,0,0,6.511,86.861
2026-05-13 00:40:45,51,64,0,0,6.529,86.872
2026-05-13 00:45:46,52,66,0,0,6.476,84.263
2026-05-13 00:50:45,62,78,0,0,6.398,84.023
2026-05-13 00:55:45,56,73,0,0,6.345,83.124
2026-05-13 01:00:45,67,86,0,0,6.249,83.614
2026-05-13 01:05:45,63,84,0,0,6.19,84.574
2026-05-13 01:10:45,51,65,0,0,6.118,83.17
2026-05-13 01:15:45,50,65,0,0,6.014,82.722
2026-05-13 01:20:45,52,66,0,0,5.886,80.309
2026-05-13 01:25:45,56,76,0,0,5.747,83.691
2026-05-13 01:30:45,57,73,0,0,5.637,84.436
2026-05-13 01:35:45,57,74,0,0,5.608,85.072
2026-05-13 01:40:45,55,68,0,0,5.573,86.18
2026-05-13 01:45:45,54,71,0,0,5.56,85.747
2026-05-13 01:50:45,56,72,0,0,5.533,85.344
2026-05-13 01:55:45,57,72,0,0,5.504,84.917
2026-05-13 02:00:45,56,70,0,0,5.48,84.919
2026-05-13 02:05:45,53,66,0,0,5.499,84.08
2026-05-13 02:10:45,53,67,0,0,5.459,83.399
2026-05-13 02:15:45,52,68,0,0,5.386,83.252
2026-05-13 02:20:45,53,66,0,0,5.333,83.183
2026-05-13 02:25:45,53,66,0,0,5.218,82.836
2026-05-13 02:30:45,50,63,0,0,5.143,82.939
2026-05-13 02:35:45,50,62,0,0,5.071,83.754
2026-05-13 02:40:45,50,64,0,0,4.973,84.267
2026-05-13 02:45:45,53,69,0,0,4.946,84.705
2026-05-13 02:50:45,53,68,0,0,4.892,85.545
2026-05-13 02:55:45,51,70,0,0,4.871,86.334
2026-05-13 03:00:45,48,59,0,0,4.858,87.229
2026-05-13 03:05:45,53,67,0,0,4.839,88.209
2026-05-13 03:10:45,52,71,0,0,4.839,88.388
2026-05-13 03:15:45,56,72,0,0,4.892,89.415
2026-05-13 03:20:45,55,73,0,0,4.93,89.443
2026-05-13 03:25:45,56,72,0,0,5.023,89.806
2026-05-13 03:30:45,55,72,0,0,5.149,89.68
2026-05-13 03:35:45,54,69,0,0,5.261,89.956
2026-05-13 03:40:45,54,67,0,0,5.394,89.459
2026-05-13 03:45:45,55,73,0,0,5.512,89.417
2026-05-13 03:50:45,47,60,0,0,5.723,82.657
2026-05-13 03:55:45,44,59,0,0,5.939,81.629
2026-05-13 04:00:45,46,59,0,0,6.158,86.174
2026-05-13 04:05:45,48,58,0,0,6.329,87.242
2026-05-13 04:10:45,46,58,0,0,6.489,88.35
2026-05-13 04:15:45,47,63,0,0,6.631,90.687
2026-05-13 04:20:45,47,60,0,0,6.767,91.065
2026-05-13 04:25:45,46,58,0,0,6.847,90.614
2026-05-13 04:30:45,49,62,0,0,6.949,91.28
2026-05-13 04:35:45,47,61,0,0,7.029,91.536
2026-05-13 04:40:45,48,62,0,0,7.144,91.469
2026-05-13 04:45:45,46,60,0,0,7.242,85.838
2026-05-13 04:50:45,52,70,0,0,7.349,91.711
2026-05-13 04:55:45,48,66,0,0,7.44,92.123
2026-05-13 05:00:45,49,64,0,0,7.541,92.007
2026-05-13 05:05:45,51,70,0,0,7.635,91.322
2026-05-13 05:10:45,54,70,0,0,7.557,85.369
2026-05-13 05:15:45,52,67,0,0,7.413,84.045
2026-05-13 05:20:45,53,67,0,0,7.274,84.284
2026-05-13 05:25:45,53,70,0,0,7.141,84.873
2026-05-13 05:30:45,53,69,0,0,7.079,85.379
2026-05-13 05:35:45,51,68,0,0,7.029,86.536
2026-05-13 05:40:45,54,73,0,0,7.029,86.988
2026-05-13 05:45:45,53,68,0,0,7.045,87.284
2026-05-13 05:50:46,55,73,0,0,7.045,87.019
2026-05-13 05:55:45,56,73,0,0,7.063,86.851
2026-05-13 06:00:46,55,74,0,0,7.061,87.145
2026-05-13 06:05:46,54,69,0,0,7.061,87.404
2026-05-13 06:10:46,55,72,0,0,7.071,88.038
2026-05-13 06:15:46,54,69,0,0,7.119,88.463
2026-05-13 06:20:46,53,68,0,0,7.162,88.49
2026-05-13 06:25:46,52,70,0,0,7.208,88.692
2026-05-13 06:30:46,52,69,0,0,7.253,88.089
2026-05-13 06:35:46,50,69,0,0,7.282,88.217
2026-05-13 06:40:46,51,68,0,0,7.328,87.79
2026-05-13 06:45:46,50,64,0,0,7.336,87.473
2026-05-13 06:50:46,57,77,0,0,7.317,87.494
2026-05-13 06:55:46,53,66,0,0,7.314,87.738
2026-05-13 07:00:46,50,65,0,0,7.322,87.286
2026-05-13 07:05:46,45,58,0,0,7.306,87.223
2026-05-13 07:10:46,47,61,0,0,7.29,87.362
2026-05-13 07:15:46,46,58,0,0,7.333,86.977
2026-05-13 07:20:46,47,64,0,0,7.317,86.657
2026-05-13 07:25:46,45,58,0,0,7.304,86.313
2026-05-13 07:30:46,55,73,0,0,7.253,85.873
2026-05-13 07:35:46,47,62,0,0,7.248,86.363
2026-05-13 07:40:46,47,64,0,0,7.258,86.212
2026-05-13 07:45:46,45,58,0,0,7.253,86.321
2026-05-13 07:50:46,46,59,0,0,7.28,86.622
2026-05-13 07:55:46,49,64,0,0,7.296,86.411
2026-05-13 08:00:46,51,65,0,0,7.373,85.714
2026-05-13 08:05:46,51,65,0,0,7.435,86.126
2026-05-13 08:10:46,49,63,0,0,7.515,85.8
2026-05-13 08:15:46,46,61,0,0,7.611,86.105
2026-05-13 08:20:46,107,123,0,0,7.763,86.035
2026-05-13 08:25:46,71,88,0,0,7.864,85.062
2026-05-13 08:30:46,54,68,0,0,7.979,83.937
2026-05-13 08:35:46,53,69,0,0,8.065,83.597
2026-05-13 08:40:46,50,62,0,0,8.198,83.599
2026-05-13 08:45:46,48,63,0,0,8.326,83.746
2026-05-13 08:50:46,48,62,0,0,8.503,82.956
2026-05-13 08:55:46,167,199,0,0,8.73,82.216
2026-05-13 09:00:46,52,68,0,0,9.053,81.07
2026-05-13 09:05:46,54,71,0,0,9.344,79.868
2026-05-13 09:10:46,55,72,0,0,9.672,78.646
2026-05-13 09:15:46,53,70,0,0,9.955,76.584
2026-05-13 09:20:46,52,68,0,0,10.169,76.605
2026-05-13 09:25:46,55,73,0,0,10.303,75.704
2026-05-13 09:30:46,52,68,0,0,10.444,74.392
2026-05-13 09:35:46,77,87,0,0,10.548,74.215
2026-05-13 09:40:46,62,78,0,0,10.74,73.788
2026-05-13 09:45:46,52,68,0,0,11.072,73.526
2026-05-13 09:50:46,51,67,0,0,11.552,72.372
2026-05-13 09:55:46,53,69,0,0,12.049,71.417
2026-05-13 10:00:46,55,72,0,0,12.722,69.414
2026-05-13 10:05:46,65,78,0,0,13.309,66.856
2026-05-13 10:10:46,49,65,0,0,13.672,65.969
2026-05-13 10:15:46,51,65,0,0,14.025,64.981
2026-05-13 10:20:46,53,69,0,0,14.49,64.825
2026-05-13 10:25:46,53,69,0,0,15.349,61.971
2026-05-13 10:30:46,53,68,0,0,16.447,57.777
2026-05-13 10:35:46,54,69,0,0,17.261,54.67
2026-05-13 10:40:46,55,69,0,0,18.161,51.692
2026-05-13 10:45:46,56,70,0,0,19.205,51.351
2026-05-13 10:50:46,59,72,0,0,20.129,47.861
2026-05-13 10:55:46,52,68,0,0,20.84,46.577
2026-05-13 11:00:46,52,67,0,0,21.846,49.356
2026-05-13 11:05:46,51,63,0,0,22.495,54.813
2026-05-13 11:10:46,59,72,0,0,22.399,54.563
2026-05-13 11:15:46,62,73,0,0,21.769,45.452
2026-05-13 11:20:46,55,69,0,0,21.072,46.903
2026-05-13 11:25:46,49,63,0,0,20.407,56.285
2026-05-13 11:30:46,52,66,0,0,19.881,54.121
2026-05-13 11:35:46,49,64,0,0,19.224,55.229
2026-05-13 11:40:46,51,66,0,0,18.538,54.245
2026-05-13 11:45:46,48,61,0,0,17.892,53.365
2026-05-13 11:50:46,47,60,0,0,17.753,58.076
2026-05-13 11:55:46,50,61,0,0,17.787,56.528
2026-05-13 12:00:47,48,62,0,0,18.201,56.169
2026-05-13 12:05:46,49,61,0,0,18.781,57.296
2026-05-13 12:10:46,48,63,0,0,19.165,55.185
2026-05-13 12:15:46,51,66,0,0,19.51,53.73
2026-05-13 12:20:46,50,63,0,0,20.124,54.346
2026-05-13 12:25:46,50,65,0,0,20.185,50.222
2026-05-13 12:30:46,51,64,0,0,20.514,54.809
2026-05-13 12:35:46,49,64,0,0,20.946,53.094
2026-05-13 12:40:46,47,61,0,0,21.011,52.011
2026-05-13 12:45:46,48,63,0,0,20.674,53.533
2026-05-13 12:50:46,47,61,0,0,20.063,51.355
2026-05-13 12:55:46,46,60,0,0,19.55,52.442
2026-05-13 13:00:46,48,62,0,0,18.888,51.509
2026-05-13 13:05:47,51,67,0,0,18.434,53.56
2026-05-13 13:10:47,51,65,0,0,18.124,54.357
2026-05-13 13:15:46,53,68,0,0,17.921,55.042
2026-05-13 13:20:47,50,67,0,0,17.865,56.011
2026-05-13 13:25:46,49,63,0,0,18.095,54.286
2026-05-13 13:30:46,47,62,0,0,18.821,54.132
2026-05-13 13:35:46,47,61,0,0,19.742,51.849
2026-05-13 13:40:47,48,62,0,0,20.506,49.186
2026-05-13 13:45:46,50,63,0,0,21.224,48.53
2026-05-13 13:50:46,48,62,0,0,21.985,48.286
2026-05-13 13:55:47,48,61,0,0,22.709,46.974
2026-05-13 14:00:47,50,62,0,0,23.609,44.406
2026-05-13 14:05:47,47,63,0,0,24.287,41.827
2026-05-13 14:10:47,47,61,0,0,24.979,47.315
2026-05-13 14:15:47,44,54,0,0,25.601,38.556
2026-05-13 14:20:47,43,53,0,0,25.398,46.565
2026-05-13 14:25:47,45,57,0,0,24.479,47.277
2026-05-13 14:30:47,47,61,0,0,23.547,48.334
2026-05-13 14:35:47,49,62,0,0,22.533,49.346
2026-05-13 14:40:47,49,63,0,0,21.483,46.756
2026-05-13 14:45:47,47,62,0,0,20.909,47.559
2026-05-13 14:50:47,47,61,0,0,20.928,49.903
2026-05-13 14:55:47,49,63,0,0,21.39,49.047
2026-05-13 15:00:47,48,64,0,0,21.796,48.728
2026-05-13 15:05:47,50,65,0,0,21.975,48.517
2026-05-13 15:10:47,49,63,0,0,21.908,49.15
2026-05-13 15:15:47,47,60,0,0,21.793,46.161
2026-05-13 15:20:47,48,61,0,0,22.068,45.671
2026-05-13 15:25:47,42,56,0,0,22.49,42.812
2026-05-13 15:30:47,47,59,0,0,22.658,47.101
2026-05-13 15:35:47,46,60,0,0,22.698,46.729
2026-05-13 15:40:47,47,61,0,0,22.375,44.664
2026-05-13 15:45:47,48,63,0,0,21.956,45.234
2026-05-13 15:50:47,47,60,0,0,21.422,47.565
2026-05-13 15:55:47,47,60,0,0,20.874,47.645
2026-05-13 16:00:47,46,59,0,0,20.535,48.48
2026-05-13 16:05:49,47,61,0,0,20.055,49.591
2026-05-13 16:10:47,50,63,0,0,19.71,50.804
2026-05-13 16:15:47,47,61,0,0,19.494,51.176
2026-05-13 16:20:47,46,58,0,0,19.187,53.117
2026-05-13 16:25:47,48,62,0,0,18.741,54.386
2026-05-13 16:30:47,50,65,0,0,18.5,54.967
2026-05-13 16:35:47,49,64,0,0,18.22,55.543
2026-05-13 16:40:47,47,60,0,0,17.945,56.139
2026-05-13 16:45:47,50,66,0,0,17.798,56.333
2026-05-13 16:50:47,51,67,0,0,17.715,56.69
2026-05-13 16:55:47,50,65,0,0,17.571,56.972
2026-05-13 17:00:47,50,65,0,0,17.387,57.197
2026-05-13 17:05:47,50,62,0,0,17.309,57.247
2026-05-13 17:10:47,50,64,0,0,17.211,57.453
2026-05-13 17:15:47,50,65,0,0,17.107,57.621
2026-05-13 17:20:47,47,62,0,0,16.968,58.202
2026-05-13 17:25:47,48,61,0,0,16.799,58.403
2026-05-13 17:30:47,49,64,0,0,16.647,58.832
2026-05-13 17:35:47,49,63,0,0,16.426,59.919
2026-05-13 17:40:47,50,64,0,0,16.257,60.457
2026-05-13 17:45:47,49,65,0,0,16.044,61.576
2026-05-13 17:50:47,47,61,0,0,15.849,62.517
2026-05-13 17:55:47,50,66,0,0,15.632,61.643
2026-05-13 18:00:47,49,62,0,0,15.422,62.645
2026-05-13 18:05:47,52,67,0,0,15.141,64.443
2026-05-13 18:10:47,53,70,0,0,14.976,63.476
2026-05-13 18:15:47,49,65,0,0,14.791,64.594
2026-05-13 18:20:47,51,66,0,0,14.687,64.163
2026-05-13 18:25:47,51,68,0,0,14.546,64.323
2026-05-13 18:30:47,51,65,0,0,14.474,65.075
2026-05-13 18:35:47,52,68,0,0,14.367,65.275
2026-05-13 18:40:47,49,64,0,0,14.268,65.967
2026-05-13 18:45:47,50,64,0,0,14.116,65.532
2026-05-13 18:50:47,51,65,0,0,14.017,66.517
2026-05-13 18:55:47,52,65,0,0,13.913,67.316
2026-05-13 19:00:47,48,64,0,0,13.833,67.331
2026-05-13 19:05:47,49,64,0,0,13.75,68.222
2026-05-13 19:10:47,52,69,0,0,13.667,69.958
2026-05-13 19:15:47,51,65,0,0,13.574,68.382
2026-05-13 19:20:47,53,68,0,0,13.475,71.06
2026-05-13 19:25:47,50,68,0,0,13.389,69.029
2026-05-13 19:30:47,51,65,0,0,13.312,71.255
2026-05-13 19:35:47,49,68,0,0,13.24,71.237
2026-05-13 19:40:47,49,64,0,0,13.088,69.916
2026-05-13 19:45:47,50,66,0,0,13.016,70.4
2026-05-13 19:50:47,49,65,0,0,12.909,70.129
2026-05-13 19:55:47,51,66,0,0,12.794,71.247
2026-05-13 20:00:47,52,67,0,0,12.663,72.742
2026-05-13 20:05:47,51,68,0,0,12.522,74.211
2026-05-13 20:10:47,52,69,0,0,12.439,74.52
2026-05-13 20:15:47,53,70,0,0,12.343,75.128
2026-05-13 20:20:47,52,67,0,0,12.287,75.239
2026-05-13 20:25:47,53,70,0,0,12.284,75.497
2026-05-13 20:30:47,53,70,0,0,12.265,75.731
2026-05-13 20:35:47,54,72,0,0,12.172,72.84
2026-05-13 20:40:47,53,71,0,0,12.054,73.557
2026-05-13 20:45:47,54,71,0,0,11.838,74.499
2026-05-13 20:50:47,53,70,0,0,11.718,74.19
2026-05-13 20:55:47,53,68,0,0,11.624,74.47
2026-05-13 21:00:47,53,70,0,0,11.542,74.909
2026-05-13 21:05:47,55,71,0,0,11.477,76.143
2026-05-13 21:10:49,55,73,0,0,11.448,78.257
2026-05-13 21:15:47,55,72,0,0,11.483,76.774
2026-05-13 21:20:48,53,71,0,0,11.542,75.126
2026-05-13 21:25:47,54,70,0,0,11.534,76.149
2026-05-13 21:30:47,53,71,0,0,11.509,75.348
2026-05-13 21:35:47,51,68,0,0,11.469,75.283
2026-05-13 21:40:47,51,71,0,0,11.435,75.773
2026-05-13 21:45:47,53,69,0,0,11.376,76.311
2026-05-13 21:50:47,55,74,0,0,11.331,76.513
2026-05-13 21:55:48,54,73,0,0,11.248,76.973
2026-05-13 22:00:47,55,73,0,0,11.208,79.195
2026-05-13 22:05:48,54,71,0,0,11.226,78.701
2026-05-13 22:10:47,54,72,0,0,11.242,79.285
2026-05-13 22:15:48,55,72,0,0,11.272,79.317
2026-05-13 22:20:48,55,73,0,0,11.275,79.561
2026-05-13 22:25:48,57,77,0,0,11.256,79.521
2026-05-13 22:30:48,55,72,0,0,11.21,79.695
2026-05-13 22:35:48,57,74,0,0,11.194,79.653
2026-05-13 22:40:48,55,72,0,0,11.208,79.822
2026-05-13 22:45:48,54,72,0,0,11.242,79.676
2026-05-13 22:50:48,54,71,0,0,11.288,79.487
2026-05-13 22:55:48,81,94,0,0,11.301,79.609
2026-05-13 23:00:48,55,73,0,0,11.285,79.536
2026-05-13 23:05:48,55,73,0,0,11.234,79.641
2026-05-13 23:10:48,54,73,0,0,11.178,79.657
2026-05-13 23:15:48,54,71,0,0,11.09,78.663
2026-05-13 23:20:48,55,73,0,0,10.997,79.185
2026-05-13 23:25:48,56,73,0,0,10.917,80.887
2026-05-13 23:30:48,56,74,0,0,10.871,80.862
2026-05-13 23:35:48,55,74,0,0,10.917,80.608
2026-05-13 23:40:48,56,72,0,0,10.957,80.858
2026-05-13 23:45:48,58,75,0,0,10.938,80.736
2026-05-13 23:50:48,55,75,0,0,10.901,80.528
2026-05-13 23:55:48,61,79,0,0,10.903,80.776
2026-05-14 00:00:48,57,74,0,0,10.863,80.732
2026-05-14 00:05:48,59,74,0,0,10.898,80.845
2026-05-14 00:10:48,60,75,0,0,10.874,80.963
2026-05-14 00:15:48,60,77,0,0,10.911,80.721
2026-05-14 00:20:48,60,79,0,0,10.893,80.484
2026-05-14 00:25:48,60,77,0,0,10.895,79.908
2026-05-14 00:30:48,62,79,0,0,10.898,80.149
2026-05-14 00:35:48,55,75,0,0,10.858,79.986
2026-05-14 00:40:48,59,76,0,0,10.74,79.916
2026-05-14 00:45:48,58,78,0,0,10.663,80.368
2026-05-14 00:50:48,59,76,0,0,10.575,79.843
2026-05-14 00:55:48,55,73,0,0,10.508,79.807
2026-05-14 01:00:48,55,76,0,0,10.404,80.362
2026-05-14 01:05:48,57,75,0,0,10.335,79.735
2026-05-14 01:10:48,57,75,0,0,10.257,79.433
2026-05-14 01:15:48,56,75,0,0,10.169,79.544
2026-05-14 01:20:48,60,74,0,0,10.054,80.358
2026-05-14 01:25:48,58,75,0,0,9.939,80.702
2026-05-14 01:30:48,57,76,0,0,9.891,81.428
2026-05-14 01:35:48,57,75,0,0,9.803,81.053
2026-05-14 01:40:48,57,76,0,0,9.71,81.249
2026-05-14 01:45:48,61,77,0,0,9.643,82.029
2026-05-14 01:50:48,61,80,0,0,9.587,82.643
2026-05-14 01:55:48,58,79,0,0,9.496,83.363
2026-05-14 02:00:48,57,77,0,0,9.408,84.064
2026-05-14 02:05:48,57,75,0,0,9.416,84.32
2026-05-14 02:10:48,58,80,0,0,9.424,83.828
2026-05-14 02:15:48,57,74,0,0,9.448,83.29
2026-05-14 02:20:48,58,76,0,0,9.432,82.823
2026-05-14 02:25:48,60,78,0,0,9.445,83.549
2026-05-14 02:30:48,57,74,0,0,9.432,85.199
2026-05-14 02:35:48,56,74,0,0,9.451,85.238
2026-05-14 02:40:48,57,76,0,0,9.395,85.085
2026-05-14 02:45:48,56,75,0,0,9.395,85.096
2026-05-14 02:50:48,56,74,0,0,9.392,83.992
2026-05-14 02:55:48,55,73,0,0,9.389,83.878
2026-05-14 03:00:48,57,76,0,0,9.317,83.288
2026-05-14 03:05:48,57,75,0,0,9.272,82.97
2026-05-14 03:10:48,56,74,0,0,9.165,83.147
2026-05-14 03:15:48,56,74,0,0,9.096,83.517
2026-05-14 03:20:48,59,78,0,0,9.047,85.485
2026-05-14 03:25:48,58,77,0,0,9.055,86.065
2026-05-14 03:30:48,57,77,0,0,9.021,85.434
2026-05-14 03:35:48,57,74,0,0,9.045,83.811
2026-05-14 03:40:48,58,78,0,0,9.034,83.75
2026-05-14 03:45:48,61,78,0,0,9.037,83.921
2026-05-14 03:50:48,58,75,0,0,8.973,83.357
2026-05-14 03:55:48,57,74,0,0,8.941,83.382
2026-05-14 04:00:48,55,72,0,0,8.895,82.638
2026-05-14 04:05:48,59,78,0,0,8.786,82.819
2026-05-14 04:10:48,58,77,0,0,8.719,84.005
2026-05-14 04:15:48,57,76,0,0,8.69,84.499
2026-05-14 04:20:48,57,75,0,0,8.7,84.446
2026-05-14 04:25:48,58,76,0,0,8.719,84.417
2026-05-14 04:30:48,62,79,0,0,8.716,84.463
2026-05-14 04:35:48,62,80,0,0,8.74,84.942
2026-05-14 04:40:48,63,80,0,0,8.73,85.283
2026-05-14 04:45:48,62,81,0,0,8.743,84.797
2026-05-14 04:50:48,64,84,0,0,8.767,84.114
2026-05-14 04:55:48,68,85,0,0,8.754,84.991
2026-05-14 05:00:48,67,81,0,0,8.756,85.775
2026-05-14 05:05:48,67,84,0,0,8.839,86.506
2026-05-14 05:10:48,64,82,0,0,8.877,86.802
2026-05-14 05:15:48,69,82,0,0,8.93,86.174
2026-05-14 05:20:48,72,86,0,0,8.967,86.027
2026-05-14 05:25:48,69,86,0,0,9.029,86.027
2026-05-14 05:30:48,78,89,0,0,9.069,85.867
2026-05-14 05:35:48,84,97,0,0,9.082,85.077
2026-05-14 05:40:49,79,93,0,0,9.063,84.976
2026-05-14 05:45:48,76,86,0,0,9.09,84.047
2026-05-14 05:50:48,77,92,0,0,9.045,83.67
2026-05-14 05:55:48,74,86,0,0,9.031,83.855
2026-05-14 06:00:48,73,87,0,0,9.023,84.196
2026-05-14 06:05:48,77,89,0,0,9.005,84.042
2026-05-14 06:10:48,81,90,0,0,9.015,84.492
2026-05-14 06:15:48,82,92,0,0,9.007,84.471
2026-05-14 06:20:48,71,84,0,0,8.983,82.504
2026-05-14 06:25:48,64,81,0,0,8.903,84.221
2026-05-14 06:30:48,63,81,0,0,8.882,84.307
2026-05-14 06:35:48,62,81,0,0,8.831,84.824
2026-05-14 06:40:49,59,78,0,0,8.799,85.474
2026-05-14 06:45:49,60,78,0,0,8.845,85.794
2026-05-14 06:50:48,66,82,0,0,8.895,85.617
2026-05-14 06:55:49,65,83,0,0,8.973,85.865
2026-05-14 07:00:49,66,80,0,0,9.034,85.03
2026-05-14 07:05:49,67,82,0,0,9.106,85.093
2026-05-14 07:10:49,66,81,0,0,9.133,84.612
2026-05-14 07:15:49,71,86,0,0,9.16,84.469
2026-05-14 07:20:49,65,83,0,0,9.208,84.518
2026-05-14 07:25:49,71,85,0,0,9.224,84.616
2026-05-14 07:30:49,71,82,0,0,9.266,84.684
2026-05-14 07:35:49,67,83,0,0,9.365,84.122
2026-05-14 07:40:49,66,83,0,0,9.397,83.864
2026-05-14 07:45:49,68,85,0,0,9.435,83.641
2026-05-14 07:50:49,68,85,0,0,9.469,83.288
2026-05-14 07:55:49,71,84,0,0,9.483,83.351
2026-05-14 08:00:49,71,84,0,0,9.533,83.441
2026-05-14 08:05:49,71,87,0,0,9.598,83.469
2026-05-14 08:10:49,70,83,0,0,9.63,83.609
2026-05-14 08:15:49,81,92,0,0,9.662,83.538
2026-05-14 08:20:49,82,92,0,0,9.712,83.775
2026-05-14 08:25:49,78,88,0,0,9.817,83.485
2026-05-14 08:30:49,97,116,0,0,9.891,83.868
2026-05-14 08:35:49,72,84,0,0,10.057,83.914
2026-05-14 08:40:49,74,85,0,0,10.241,83.492
2026-05-14 08:45:49,73,84,0,0,10.532,83.66
2026-05-14 08:50:49,65,79,0,0,10.879,82.062
2026-05-14 08:55:49,66,79,0,0,11.186,80.5
2026-05-14 09:00:49,72,84,0,0,11.493,79.988
2026-05-14 09:05:49,72,82,0,0,11.795,78.728
2026-05-14 09:10:49,77,88,0,0,12.092,77.984
2026-05-14 09:15:49,77,88,0,0,12.42,76.364
2026-05-14 09:20:49,75,88,0,0,12.754,75.487
2026-05-14 09:25:49,79,91,0,0,13.104,74.043
2026-05-14 09:30:49,77,85,0,0,13.587,73.524
2026-05-14 09:35:49,70,80,0,0,13.953,72.372
2026-05-14 09:40:49,65,78,0,0,14.166,71.489
2026-05-14 09:45:49,70,79,0,0,14.556,71.304
2026-05-14 09:50:49,73,81,0,0,14.898,70.608
2026-05-14 09:55:49,84,94,0,0,15.171,68.994
2026-05-14 10:00:49,76,86,0,0,15.43,67.255
2026-05-14 10:05:49,79,89,0,0,15.55,66.396
2026-05-14 10:10:49,73,80,0,0,15.867,65.191
2026-05-14 10:15:49,74,80,0,0,16.527,65.111
2026-05-14 10:20:49,68,78,0,0,17.432,61.449
2026-05-14 10:25:49,72,80,0,0,17.958,59.602
2026-05-14 10:30:49,73,81,0,0,17.982,59.126
2026-05-14 10:35:49,70,79,0,0,18.062,60.005
2026-05-14 10:40:49,61,74,0,0,18.121,61.975
2026-05-14 10:45:49,62,74,0,0,17.942,60.659
2026-05-14 10:50:49,65,76,0,0,17.854,59.164
2026-05-14 10:55:49,66,77,0,0,18.113,57.34
2026-05-14 11:00:49,61,73,0,0,19.085,55.587
2026-05-14 11:05:49,62,74,0,0,19.675,52.145
2026-05-14 11:10:49,57,69,0,0,20.177,50.762
2026-05-14 11:15:49,57,72,0,0,20.743,49.062
2026-05-14 11:20:49,66,75,0,0,21.008,49.11
2026-05-14 11:25:49,69,77,0,0,21.699,47.922
2026-05-14 11:30:49,66,75,0,0,22.776,46.806
2026-05-14 11:35:49,61,73,0,0,23.846,44.681
2026-05-14 11:40:49,61,74,0,0,24.765,42.859
2026-05-14 11:45:49,59,72,0,0,25.262,41.026
2026-05-14 11:50:49,60,72,0,0,25.734,42.342
2026-05-14 11:55:49,57,71,0,0,26.362,37.477
2026-05-14 12:00:50,55,69,0,0,26.546,36.887
2026-05-14 12:05:49,56,69,0,0,27.048,36.441
2026-05-14 12:10:49,55,67,0,0,27.782,34.949
2026-05-14 12:15:49,53,67,0,0,28.188,37.881
2026-05-14 12:20:49,54,68,0,0,28.333,38.377
2026-05-14 12:25:49,51,67,0,0,28.479,41.175
2026-05-14 12:30:49,53,67,0,0,28.781,35.333
2026-05-14 12:35:49,49,63,0,0,28.955,41.839
2026-05-14 12:40:50,51,65,0,0,28.787,34.032
2026-05-14 12:45:49,51,63,0,0,29.182,41.971
2026-05-14 12:50:49,48,60,0,0,29.414,40.756
2026-05-14 12:55:50,47,61,0,0,29.289,37.486
2026-05-14 13:00:50,45,57,0,0,29.387,40.599
2026-05-14 13:05:50,45,56,0,0,29.23,34.927
2026-05-14 13:10:50,45,54,0,0,29.665,31.118
2026-05-14 13:15:50,44,56,0,0,30.447,34.761
2026-05-14 13:20:50,45,56,0,0,31.038,30.089
2026-05-14 13:25:50,43,53,0,0,31.387,35.104
2026-05-14 13:30:50,43,54,0,0,31.636,39.146
2026-05-14 13:35:50,42,51,0,0,31.745,29.351
2026-05-14 13:40:50,42,53,0,0,31.184,35.802
2026-05-14 13:45:50,44,54,0,0,30.725,36.168
2026-05-14 13:50:50,45,55,0,0,29.817,38.223
2026-05-14 13:55:50,42,52,0,0,29.31,32.802
2026-05-14 14:00:50,42,50,0,0,28.827,37.641
2026-05-14 14:05:50,41,49,0,0,28.445,31.013
2026-05-14 14:10:50,36,43,0,0,28.033,34.471
2026-05-14 14:15:50,36,42,0,0,27.78,34.967
2026-05-14 14:20:50,36,42,0,0,27.553,36.315
2026-05-14 14:25:50,34,41,0,0,27.401,36.227
2026-05-14 14:30:50,32,35,0,0,26.987,32.071
2026-05-14 14:35:50,32,37,0,0,26.789,31.215
2026-05-14 14:40:50,32,37,0,0,26.856,35.918
2026-05-14 14:45:50,31,37,0,0,27.451,33.796
2026-05-14 14:50:50,32,36,0,0,28.116,29.853
2026-05-14 14:55:50,35,40,0,0,28.803,32.149
2026-05-14 15:00:50,33,36,0,0,29.011,30.898
2026-05-14 15:05:50,35,42,0,0,29.398,31.1
2026-05-14 15:10:50,32,35,0,0,29.721,31.303
2026-05-14 15:15:50,31,34,0,0,30.018,31.043
2026-05-14 15:20:50,32,40,0,0,29.385,32.869
2026-05-14 15:25:50,34,43,0,0,28.973,31.86
2026-05-14 15:30:50,35,39,0,0,28.463,34.986
2026-05-14 15:35:50,35,40,0,0,28.247,33.439
2026-05-14 15:40:50,33,39,0,0,28.009,34.333
2026-05-14 15:45:50,32,38,0,0,27.985,33.046
2026-05-14 15:50:50,32,36,0,0,27.724,32.088
2026-05-14 15:55:50,31,38,0,0,27.604,34.045
2026-05-14 16:00:50,31,34,0,0,27.665,33.874
2026-05-14 16:05:50,34,40,0,0,27.427,32.703
2026-05-14 16:10:50,32,38,0,0,27.184,32.298
2026-05-14 16:15:50,33,40,0,0,26.88,33.403
2026-05-14 16:20:50,33,37,0,0,26.661,33.277
2026-05-14 16:25:50,30,33,0,0,26.562,33.523
2026-05-14 16:30:50,32,36,0,0,26.885,32.863
2026-05-14 16:35:50,32,37,0,0,26.867,34.139
2026-05-14 16:40:50,29,30,0,0,26.928,33.296
2026-05-14 16:45:50,32,39,0,0,26.525,34.478
2026-05-14 16:50:50,32,39,0,0,26.314,33.595
2026-05-14 16:55:50,35,45,0,0,26.084,34.476
2026-05-14 17:00:50,35,44,0,0,26.033,34.566
2026-05-14 17:05:50,33,39,0,0,25.961,33.611
2026-05-14 17:10:51,34,42,0,0,25.964,34.236
2026-05-14 17:15:51,35,41,0,0,25.881,34.679
2026-05-14 17:20:50,36,44,0,0,25.566,35.962
2026-05-14 17:25:51,35,44,0,0,25.147,36.424
2026-05-14 17:30:50,37,46,0,0,24.546,38.295
2026-05-14 17:35:51,38,46,0,0,23.929,39.531
2026-05-14 17:40:51,40,49,0,0,23.302,40.771
2026-05-14 17:45:51,38,46,0,0,22.789,41.776
2026-05-14 17:50:51,38,48,0,0,22.3,42.922
2026-05-14 17:55:51,38,46,0,0,21.806,43.931
2026-05-14 18:00:51,39,48,0,0,21.376,44.694
2026-05-14 18:05:51,38,47,0,0,20.973,46.071
2026-05-14 18:10:51,40,49,0,0,20.487,47.721
2026-05-14 18:15:51,41,49,0,0,19.998,50.088
2026-05-14 18:20:51,41,51,0,0,19.606,49.983
2026-05-14 18:25:51,42,54,0,0,19.374,51.811
2026-05-14 18:30:51,44,55,0,0,19.184,52.612
2026-05-14 18:35:51,44,54,0,0,18.981,53.11
2026-05-14 18:40:51,43,56,0,0,18.637,53.003
2026-05-14 18:45:51,45,54,0,0,18.324,54.498
2026-05-14 18:50:51,45,57,0,0,18.135,54.382
2026-05-14 18:55:51,45,58,0,0,17.982,56.602
2026-05-14 19:00:51,46,60,0,0,17.79,55.807
2026-05-14 19:05:51,49,62,0,0,17.627,57.245
2026-05-14 19:10:51,47,61,0,0,17.411,57.613
2026-05-14 19:15:51,49,62,0,0,17.157,59.089
2026-05-14 19:20:51,50,63,0,0,16.877,59.543
2026-05-14 19:25:51,50,62,0,0,16.637,61.077
2026-05-14 19:30:51,49,62,0,0,16.442,60.039
2026-05-14 19:35:51,51,67,0,0,16.321,62.112
2026-05-14 19:40:51,51,65,0,0,16.207,62.624
2026-05-14 19:45:51,50,63,0,0,16.092,61.344
2026-05-14 19:50:51,50,63,0,0,16.033,62.435
2026-05-14 19:55:51,50,65,0,0,15.977,63.671
2026-05-14 20:00:51,49,63,0,0,15.851,63.808
2026-05-14 20:05:51,50,63,0,0,15.827,63.993
2026-05-14 20:10:51,50,66,0,0,15.846,63.526
2026-05-14 20:15:51,51,67,0,0,15.793,63.848
2026-05-14 20:20:51,50,62,0,0,15.747,64.237
2026-05-14 20:25:51,50,64,0,0,15.718,64.167
2026-05-14 20:30:51,50,63,0,0,15.646,64.603
2026-05-14 20:35:51,50,64,0,0,15.552,65.347
2026-05-14 20:40:51,52,67,0,0,15.451,66.198
2026-05-14 20:45:51,51,65,0,0,15.208,64.846
2026-05-14 20:50:51,52,69,0,0,14.928,67.442
2026-05-14 20:55:51,52,68,0,0,14.685,68.083
2026-05-14 21:00:51,56,70,0,0,14.409,68.414
2026-05-14 21:05:51,56,73,0,0,14.116,69.799
2026-05-14 21:10:51,58,72,0,0,13.857,71.487
2026-05-14 21:15:51,55,71,0,0,13.592,71.794
2026-05-14 21:20:51,55,72,0,0,13.381,71.39
2026-05-14 21:25:51,57,73,0,0,13.24,71.796
2026-05-14 21:30:51,55,70,0,0,13.138,72.756
2026-05-14 21:35:51,57,72,0,0,13.088,73.73
2026-05-14 21:40:51,53,71,0,0,13,72.756
2026-05-14 21:45:51,57,74,0,0,12.943,75.237
2026-05-14 21:50:51,61,75,0,0,12.821,73.253
2026-05-14 21:55:51,61,76,0,0,12.674,74.27
2026-05-14 22:00:51,58,74,0,0,12.548,76.065
2026-05-14 22:05:51,60,76,0,0,12.439,76.137
2026-05-14 22:10:51,62,75,0,0,12.356,76.704
2026-05-14 22:15:53,63,79,0,0,12.206,77.244
2026-05-14 22:20:51,62,78,0,0,12.028,76.546
2026-05-14 22:25:51,65,78,0,0,11.822,77.68
2026-05-14 22:30:51,68,80,0,0,11.6,77.198
2026-05-14 22:35:51,64,77,0,0,11.4,78.779
2026-05-14 22:40:51,69,82,0,0,11.202,77.69
2026-05-14 22:45:51,66,81,0,0,10.991,79.927
2026-05-14 22:51:01,66,81,0,0,10.807,81.564
2026-05-14 22:55:51,64,79,0,0,10.639,80.486
2026-05-14 23:05:53,65,80,0,0,10.367,83.063
2026-05-14 23:10:51,65,82,0,0,10.292,83.04
2026-05-14 23:15:51,66,82,0,0,10.209,84.024
2026-05-14 23:20:51,70,83,0,0,10.19,83.506
2026-05-14 23:25:51,66,80,0,0,10.169,83.532
2026-05-14 23:31:05,73,85,0,0,10.137,83.42
2026-05-14 23:35:51,69,85,0,0,10.156,83.687
2026-05-14 23:40:51,73,84,0,0,10.1,83.456
2026-05-14 23:45:51,71,83,0,0,10.089,82.499
2026-05-14 23:51:03,67,81,0,0,10.065,81.57
2026-05-14 23:55:51,68,83,0,0,10.035,81.362
2026-05-15 00:00:51,62,77,0,0,10.011,81.287
2026-05-15 00:05:51,77,90,0,0,9.961,80.992
2026-05-15 00:10:51,71,83,0,0,9.923,80.755
2026-05-15 00:15:51,56,74,0,0,9.865,80.03
2026-05-15 00:20:51,57,74,0,0,9.8,80.315
2026-05-15 00:25:51,87,97,0,0,9.776,80.431
2026-05-15 00:30:51,63,79,0,0,9.688,80.219
2026-05-15 00:35:51,56,74,0,0,9.678,80.351
2026-05-15 00:40:51,54,72,0,0,9.646,80.303
2026-05-15 00:45:52,54,68,0,0,9.565,80.089
2026-05-15 00:50:52,50,65,0,0,9.541,79.632
2026-05-15 00:55:52,53,68,0,0,9.464,79.927
2026-05-15 01:00:52,55,71,0,0,9.256,80.091
2026-05-15 01:05:52,58,75,0,0,9.192,81.213
2026-05-15 01:10:52,78,89,0,0,9.154,81.987
2026-05-15 01:15:52,77,88,0,0,9.136,82.294
2026-05-15 01:20:51,68,84,0,0,9.16,82.552
2026-05-15 01:25:52,78,93,0,0,9.197,82.97
2026-05-15 01:30:52,57,75,0,0,9.218,82.296
2026-05-15 01:35:52,57,74,0,0,9.229,81.547
2026-05-15 01:40:52,53,70,0,0,9.221,81.734
2026-05-15 01:45:51,59,76,0,0,9.234,81.793
2026-05-15 01:50:52,58,74,0,0,9.234,81.177
2026-05-15 01:55:52,55,70,0,0,9.192,80.746
2026-05-15 02:00:52,63,80,0,0,9.16,81.23
2026-05-15 02:05:52,55,70,0,0,9.162,81.686
2026-05-15 02:10:52,58,74,0,0,9.165,81.394
2026-05-15 02:15:52,53,68,0,0,9.144,80.772
2026-05-15 02:20:52,51,66,0,0,9.112,80.793
2026-05-15 02:25:52,58,74,0,0,9.09,80.725
2026-05-15 02:30:51,47,57,0,0,9.071,80.9
2026-05-15 02:35:52,50,62,0,0,9.021,81.314
2026-05-15 02:40:52,49,66,0,0,9.015,81.631
2026-05-15 02:45:52,53,70,0,0,9.015,81.787
2026-05-15 02:50:52,51,67,0,0,9.053,81.8
2026-05-15 02:55:52,55,70,0,0,9.045,81.884
2026-05-15 03:00:52,52,69,0,0,9.053,81.709
2026-05-15 03:05:52,55,71,0,0,9.058,81.587
2026-05-15 03:10:52,85,96,0,0,9.058,81.613
2026-05-15 03:15:52,57,74,0,0,9.063,81.926
2026-05-15 03:20:52,52,68,0,0,9.082,81.524
2026-05-15 03:25:52,51,68,0,0,9.053,81.348
2026-05-15 03:30:52,48,59,0,0,9.031,80.425
2026-05-15 03:35:52,49,64,0,0,8.962,80.942
2026-05-15 03:40:52,46,58,0,0,8.922,81.448
2026-05-15 03:45:52,50,63,0,0,8.951,80.95
2026-05-15 03:50:52,50,62,0,0,8.954,81.198
2026-05-15 03:55:52,52,68,0,0,8.957,81.985
2026-05-15 04:00:52,48,61,0,0,8.967,81.425
2026-05-15 04:05:52,49,64,0,0,8.991,81.827
2026-05-15 04:10:52,51,67,0,0,9.031,82.418
2026-05-15 04:15:52,51,64,0,0,9.093,82.954
2026-05-15 04:20:52,49,67,0,0,9.085,82.958
2026-05-15 04:25:52,51,65,0,0,9.138,82.882
2026-05-15 04:30:52,53,69,0,0,9.194,82.912
2026-05-15 04:35:52,53,70,0,0,9.149,82.367
2026-05-15 04:40:52,51,69,0,0,9.205,82.13
2026-05-15 04:45:52,51,67,0,0,9.229,82.056
2026-05-15 04:50:52,51,66,0,0,9.224,81.73
2026-05-15 04:55:52,52,69,0,0,9.28,81.486
2026-05-15 05:00:53,53,69,0,0,9.325,81.392
2026-05-15 05:05:52,55,69,0,0,9.365,81.69
2026-05-15 05:10:52,52,67,0,0,9.432,81.461
2026-05-15 05:15:52,53,69,0,0,9.499,81.932
2026-05-15 05:20:52,53,71,0,0,9.563,82.382
2026-05-15 05:25:52,55,69,0,0,9.64,82.502
2026-05-15 05:30:52,55,71,0,0,9.672,82.014
2026-05-15 05:35:52,51,68,0,0,9.75,82.016
2026-05-15 05:40:52,54,69,0,0,9.774,81.701
2026-05-15 05:45:52,55,69,0,0,9.747,81.871
2026-05-15 05:50:52,52,69,0,0,9.811,82.048
2026-05-15 05:55:52,53,70,0,0,9.838,81.787
2026-05-15 06:00:52,52,69,0,0,9.907,81.686
2026-05-15 06:05:52,53,68,0,0,9.958,81.676
2026-05-15 06:10:52,54,70,0,0,9.974,81.337
2026-05-15 06:15:52,52,67,0,0,9.921,81.612
2026-05-15 06:20:52,52,68,0,0,9.934,81.381
2026-05-15 06:25:52,53,69,0,0,9.921,81.737
2026-05-15 06:30:52,52,68,0,0,9.923,81.47
2026-05-15 06:35:52,52,67,0,0,9.977,81.627
2026-05-15 06:40:52,55,70,0,0,10.003,81.661
2026-05-15 06:45:53,61,76,0,0,10.07,81.785
2026-05-15 06:50:52,57,75,0,0,10.126,81.533
2026-05-15 06:55:52,68,81,0,0,10.185,81.402
2026-05-15 07:00:52,105,125,0,0,10.228,81.417
2026-05-15 07:05:52,86,97,0,0,10.238,81.455
2026-05-15 07:10:52,63,78,0,0,10.278,81.768
2026-05-15 07:15:52,66,82,0,0,10.303,81.594
2026-05-15 07:20:52,70,82,0,0,10.335,81.295
2026-05-15 07:25:52,65,80,0,0,10.404,81.076
2026-05-15 07:30:52,60,75,0,0,10.447,81.335
2026-05-15 07:35:52,69,82,0,0,10.481,81.285
2026-05-15 07:40:52,54,69,0,0,10.567,81.457
2026-05-15 07:45:52,56,74,0,0,10.607,81.194
2026-05-15 07:50:52,54,68,0,0,10.679,81.139
2026-05-15 07:55:52,57,73,0,0,10.711,81.198
2026-05-15 08:00:52,55,72,0,0,10.746,81.062
2026-05-15 08:05:52,54,70,0,0,10.772,80.997
2026-05-15 08:10:52,52,68,0,0,10.794,81.076
2026-05-15 08:15:53,55,73,0,0,10.786,80.887
2026-05-15 08:20:52,57,75,0,0,10.871,81.125
2026-05-15 08:25:52,55,72,0,0,11.005,80.612
2026-05-15 08:30:52,56,72,0,0,11.146,80.33
2026-05-15 08:35:53,55,72,0,0,11.408,79.294
2026-05-15 08:40:53,55,71,0,0,11.6,78.216
2026-05-15 08:45:53,62,77,0,0,11.801,77.984
2026-05-15 08:50:53,55,72,0,0,11.985,76.557
2026-05-15 08:55:53,55,73,0,0,12.102,77.766
2026-05-15 09:00:53,56,73,0,0,12.281,77.259
2026-05-15 09:05:53,60,76,0,0,12.647,76.216
2026-05-15 09:10:53,58,70,0,0,13.51,73.908
2026-05-15 09:15:53,56,71,0,0,14.655,69.216
2026-05-15 09:20:53,72,83,0,0,16.02,64.943
2026-05-15 09:25:53,65,76,0,0,17.566,61.54
2026-05-15 09:30:53,53,67,0,0,19.216,56.791
2026-05-15 09:35:53,66,77,0,0,20.685,51.059
2026-05-15 09:40:53,64,75,0,0,22.199,47.141
2026-05-15 09:45:53,77,87,0,0,23.36,43.779
2026-05-15 09:50:52,74,83,0,0,24.394,42.219
2026-05-15 09:55:53,73,80,0,0,25.075,39.861
2026-05-15 10:00:53,71,78,0,0,26.194,37.477
2026-05-15 10:05:53,63,74,0,0,26.891,37.399
2026-05-15 10:10:53,55,68,0,0,27.483,34.873
2026-05-15 10:15:53,55,68,0,0,28.178,34.469
2026-05-15 10:20:53,66,74,0,0,28.685,33.347
2026-05-15 10:25:53,57,68,0,0,29.374,32.607
2026-05-15 10:30:53,49,61,0,0,30.116,31.623
2026-05-15 10:35:53,51,63,0,0,30.821,29.975
2026-05-15 10:40:53,50,62,0,0,31.569,29.212
2026-05-15 10:45:53,47,59,0,0,32.29,27.925
2026-05-15 10:50:53,46,59,0,0,32.771,29.254
2026-05-15 10:55:53,48,60,0,0,32.568,26.961
2026-05-15 11:00:53,48,62,0,0,33.051,28.266
2026-05-15 11:05:53,47,59,0,0,32.91,26.834
2026-05-15 11:10:53,46,57,0,0,32.747,29.794
2026-05-15 11:15:53,44,55,0,0,31.839,32.182
2026-05-15 11:20:53,45,56,0,0,30.498,30.242
2026-05-15 11:25:53,45,55,0,0,28.952,41.602
2026-05-15 11:30:53,44,56,0,0,27.539,39.821
2026-05-15 11:35:53,45,57,0,0,25.927,41.166
2026-05-15 11:40:53,44,56,0,0,24.84,42.665
2026-05-15 11:45:53,41,51,0,0,23.886,43.561
2026-05-15 11:50:53,39,48,0,0,23.211,41.244
2026-05-15 11:55:53,39,50,0,0,22.709,41.494
2026-05-15 12:00:53,43,55,0,0,22.469,43.294
2026-05-15 12:05:53,40,49,0,0,22.247,42.346
2026-05-15 12:10:53,39,49,0,0,22.495,41.166
2026-05-15 12:15:53,35,45,0,0,22.42,39.51
2026-05-15 12:20:53,34,39,0,0,22.535,39.52
2026-05-15 12:25:53,35,40,0,0,22.559,39.789
2026-05-15 12:30:53,37,47,0,0,22.621,39.647
2026-05-15 12:35:53,34,44,0,0,22.444,40.981
2026-05-15 12:40:53,37,47,0,0,22.196,41.368
2026-05-15 12:45:53,37,45,0,0,21.98,41.038
2026-05-15 12:50:53,37,47,0,0,21.945,41.034
2026-05-15 12:55:53,35,44,0,0,22.14,40.609
2026-05-15 13:00:53,35,45,0,0,22.493,39.964
2026-05-15 13:05:53,34,46,0,0,22.979,39.712
2026-05-15 13:11:11,36,47,0,0,23.347,38.429
2026-05-15 13:15:53,38,47,0,0,23.59,38.942
2026-05-15 13:20:53,38,47,0,0,23.724,38.236
2026-05-15 13:25:53,38,46,0,0,23.886,39.045
2026-05-15 13:30:53,36,43,0,0,24.023,37.048
2026-05-15 13:35:53,34,44,0,0,24.167,37.04
2026-05-15 13:40:53,34,44,0,0,24.375,36.706
2026-05-15 13:45:53,34,44,0,0,24.637,36.815
2026-05-15 13:50:53,34,42,0,0,25.441,34.873
2026-05-15 13:55:53,33,40,0,0,26.506,33.75
2026-05-15 14:00:53,32,34,0,0,26.88,35.255
2026-05-15 14:05:53,31,36,0,0,27.606,30.179
2026-05-15 14:10:53,33,38,0,0,27.895,34.845
2026-05-15 14:15:53,31,39,0,0,28.325,34.286
2026-05-15 14:20:53,32,37,0,0,29.326,29.426
2026-05-15 14:25:53,29,34,0,0,30.1,28.756
2026-05-15 14:30:53,30,34,0,0,30.287,29.17
2026-05-15 14:35:53,35,41,0,0,30.576,30.625
2026-05-15 14:40:53,35,44,0,0,31.019,27.993
2026-05-15 14:45:53,32,36,0,0,31.454,27.186
2026-05-15 14:50:53,35,42,0,0,31.489,27.228
2026-05-15 14:55:53,35,42,0,0,31.51,28.363
2026-05-15 15:00:53,35,40,0,0,31.598,27.408
2026-05-15 15:05:53,35,38,0,0,31.51,27.307
2026-05-15 15:10:53,34,41,0,0,31.059,32.176
2026-05-15 15:15:53,31,35,0,0,30.907,28.72
2026-05-15 15:20:53,33,37,0,0,30.715,28.92
2026-05-15 15:25:53,33,37,0,0,30.984,28.142
2026-05-15 15:30:53,32,34,0,0,31.131,28.009
2026-05-15 15:35:54,33,37,0,0,31.059,30.9
2026-05-15 15:40:53,33,38,0,0,30.821,29.542
2026-05-15 15:45:53,33,37,0,0,30.864,29.84
2026-05-15 15:50:53,32,35,0,0,30.498,28.977
2026-05-15 15:55:53,33,38,0,0,30.234,30.973
2026-05-15 16:00:54,33,38,0,0,29.724,31.724
2026-05-15 16:05:54,33,38,0,0,29.355,31.873
2026-05-15 16:10:54,33,39,0,0,28.493,31.854
2026-05-15 16:15:53,33,40,0,0,27.721,32.523
2026-05-15 16:20:54,33,40,0,0,26.965,33.256
2026-05-15 16:25:53,34,39,0,0,26.341,34.526
2026-05-15 16:30:53,35,43,0,0,25.59,36.233
2026-05-15 16:35:54,37,46,0,0,25.262,35.857
2026-05-15 16:40:54,38,48,0,0,24.757,38.018
2026-05-15 16:45:54,43,54,0,0,24.418,39.64
2026-05-15 16:50:54,40,52,0,0,24.322,39.966
2026-05-15 16:55:54,37,46,0,0,24.068,39.304
2026-05-15 17:00:54,38,46,0,0,23.937,39.323
2026-05-15 17:05:54,38,46,0,0,23.908,39.272
2026-05-15 17:10:54,34,41,0,0,23.825,37.812
2026-05-15 17:15:54,34,39,0,0,23.975,37.561
2026-05-15 17:20:54,34,39,0,0,23.897,38.005
2026-05-15 17:25:54,32,37,0,0,23.788,37.462
2026-05-15 17:30:54,32,35,0,0,23.475,37.553
2026-05-15 17:35:54,30,33,0,0,22.784,38.112
2026-05-15 17:40:54,30,31,0,0,22.223,38.282
2026-05-15 17:45:54,28,30,0,0,21.873,38.589
2026-05-15 17:50:54,29,30,0,0,21.571,38.726
2026-05-15 17:55:54,27,30,0,0,21.264,39.064
2026-05-15 18:00:54,30,33,0,0,20.882,40.162
2026-05-15 18:05:54,30,34,0,0,20.663,40.227
2026-05-15 18:10:54,29,31,0,0,20.436,40.769
2026-05-15 18:15:54,28,31,0,0,20.241,41.366
2026-05-15 18:20:54,28,31,0,0,19.998,41.816
2026-05-15 18:25:54,30,33,0,0,19.836,42.528
2026-05-15 18:30:54,30,31,0,0,19.638,43.168
2026-05-15 18:35:54,30,35,0,0,19.411,43.739
2026-05-15 18:40:54,30,31,0,0,19.253,44.444
2026-05-15 18:45:54,31,37,0,0,19.021,44.71
2026-05-15 18:50:54,30,34,0,0,18.842,45.064
2026-05-15 18:55:54,29,35,0,0,18.698,45.444
2026-05-15 19:00:54,29,33,0,0,18.466,46.342
2026-05-15 19:05:54,32,35,0,0,18.319,47.014
2026-05-15 19:10:54,31,36,0,0,18.161,46.918
2026-05-15 19:15:54,32,35,0,0,18.057,47.305
2026-05-15 19:20:54,34,39,0,0,17.811,47.603
2026-05-15 19:25:54,32,36,0,0,17.697,47.744
2026-05-15 19:30:54,32,38,0,0,17.528,48.28
2026-05-15 19:35:54,32,34,0,0,17.419,48.789
2026-05-15 19:40:54,31,38,0,0,17.197,49.461
2026-05-15 19:45:54,32,36,0,0,17.101,49.604
2026-05-15 19:50:54,33,39,0,0,16.933,50.195
2026-05-15 19:55:54,34,40,0,0,16.813,50.178
2026-05-15 20:00:54,33,38,0,0,16.783,51.012
2026-05-15 20:05:54,35,43,0,0,16.722,51.345
2026-05-15 20:10:54,35,42,0,0,16.594,51.784
2026-05-15 20:15:54,38,45,0,0,16.468,52.228
2026-05-15 20:20:54,35,43,0,0,16.386,53.171
2026-05-15 20:25:54,36,42,0,0,16.18,53.203
2026-05-15 20:30:54,35,44,0,0,16.028,53.674
2026-05-15 20:35:54,34,42,0,0,15.926,53.621
2026-05-15 20:40:54,36,42,0,0,15.833,54.636
2026-05-15 20:45:54,37,44,0,0,15.686,54.88
2026-05-15 20:50:54,35,42,0,0,15.512,54.668
2026-05-15 20:55:54,35,45,0,0,15.462,54.609
2026-05-15 21:00:54,35,43,0,0,15.403,54.979
2026-05-15 21:05:54,34,43,0,0,15.352,54.836
2026-05-15 21:10:54,33,39,0,0,15.285,55.624
2026-05-15 21:15:54,33,41,0,0,15.251,55.416
2026-05-15 21:20:54,35,42,0,0,15.248,55.969
2026-05-15 21:25:54,36,42,0,0,15.12,56.736
2026-05-15 21:30:54,36,46,0,0,14.973,57.361
2026-05-15 21:35:54,35,42,0,0,14.837,57.92
2026-05-15 21:40:54,35,44,0,0,14.738,58.239
2026-05-15 21:45:54,35,42,0,0,14.634,58.681
2026-05-15 21:50:54,36,45,0,0,14.516,59.047
2026-05-15 21:55:54,36,47,0,0,14.359,59.377
2026-05-15 22:00:54,39,48,0,0,14.244,60.268
2026-05-15 22:05:54,35,46,0,0,14.177,60.297
2026-05-15 22:10:54,38,46,0,0,14.1,60.699
2026-05-15 22:15:54,36,43,0,0,14.036,60.527
2026-05-15 22:20:54,38,46,0,0,13.83,60.497
2026-05-15 22:25:54,40,49,0,0,13.801,62.101
2026-05-15 22:30:54,41,50,0,0,13.718,62.326
2026-05-15 22:35:54,40,49,0,0,13.63,62.452
2026-05-15 22:40:54,40,49,0,0,13.56,62.776
2026-05-15 22:45:54,37,48,0,0,13.499,62.843
2026-05-15 22:50:54,42,52,0,0,13.421,62.82
2026-05-15 22:55:54,40,49,0,0,13.333,62.881
2026-05-15 23:00:54,40,49,0,0,13.219,63.562
2026-05-15 23:05:55,44,54,0,0,13.069,65.212
2026-05-15 23:10:54,42,52,0,0,12.954,66.374
2026-05-15 23:15:54,43,53,0,0,12.77,66.438
2026-05-15 23:20:54,45,55,0,0,12.639,67.039
2026-05-15 23:25:54,45,57,0,0,12.524,66.187
2026-05-15 23:30:54,49,62,0,0,12.396,67.398
2026-05-15 23:35:54,45,58,0,0,12.26,67.955
2026-05-15 23:40:55,43,55,0,0,12.166,68.403
2026-05-15 23:45:54,48,60,0,0,12.02,69.914
2026-05-15 23:50:54,45,55,0,0,11.846,68.828
2026-05-15 23:55:54,48,62,0,0,11.654,69.706
2026-05-16 00:00:54,47,60,0,0,11.469,70.249
2026-05-16 00:05:55,42,52,0,0,11.339,70.425
2026-05-16 00:10:55,43,55,0,0,11.245,70.621
2026-05-16 00:15:55,41,52,0,0,11.226,71.01
2026-05-16 00:20:55,45,55,0,0,11.173,71.05
2026-05-16 00:25:55,49,61,0,0,11.09,71.501
2026-05-16 00:30:55,51,64,0,0,11.002,71.266
2026-05-16 00:35:55,50,62,0,0,10.855,71.676
2026-05-16 00:40:55,48,61,0,0,10.772,72.277
2026-05-16 00:45:55,48,59,0,0,10.703,72.201
2026-05-16 00:50:55,48,59,0,0,10.615,72.628
2026-05-16 00:55:55,48,60,0,0,10.543,72.155
2026-05-16 01:00:55,47,61,0,0,10.417,72.485
2026-05-16 01:05:55,49,62,0,0,10.217,72.794
2026-05-16 01:10:57,52,66,0,0,10.105,73.084
2026-05-16 01:15:55,51,66,0,0,10.043,73.398
2026-05-16 01:20:55,46,60,0,0,9.897,73.812
2026-05-16 01:25:55,48,62,0,0,9.67,74.098
2026-05-16 01:30:55,47,58,0,0,9.533,74.852
2026-05-16 01:35:55,46,58,0,0,9.405,74.953
2026-05-16 01:40:55,50,62,0,0,9.29,74.863
2026-05-16 01:45:55,50,61,0,0,9.181,75.477
2026-05-16 01:50:55,49,63,0,0,9.114,75.594
2026-05-16 01:55:55,49,63,0,0,8.97,76.126
2026-05-16 02:00:55,49,62,0,0,8.903,77.118
2026-05-16 02:05:55,48,61,0,0,8.836,76.98
2026-05-16 02:10:55,48,61,0,0,8.764,76.868
2026-05-16 02:15:55,48,61,0,0,8.783,76.172
2026-05-16 02:20:55,65,81,0,0,8.735,76.67
2026-05-16 02:25:55,54,70,0,0,8.663,77.19
2026-05-16 02:30:55,53,69,0,0,8.564,77.318
2026-05-16 02:35:55,50,65,0,0,8.503,76.939
2026-05-16 02:40:55,48,63,0,0,8.388,76.908
2026-05-16 02:45:55,49,63,0,0,8.345,77.711
2026-05-16 02:50:55,51,64,0,0,8.268,77.614
2026-05-16 02:55:55,52,66,0,0,8.228,77.476
2026-05-16 03:00:55,49,63,0,0,8.161,77.583
2026-05-16 03:05:55,49,64,0,0,8.099,78.043
2026-05-16 03:10:55,45,57,0,0,8.025,78.564
2026-05-16 03:15:55,46,60,0,0,7.942,78.882
2026-05-16 03:20:55,48,60,0,0,7.768,77.858
2026-05-16 03:25:55,48,63,0,0,7.616,79.063
2026-05-16 03:30:55,47,59,0,0,7.533,79.292
2026-05-16 03:35:55,48,62,0,0,7.501,79.159
2026-05-16 03:40:55,49,62,0,0,7.413,79.359
2026-05-16 03:45:55,50,63,0,0,7.379,79.483
2026-05-16 03:50:55,48,60,0,0,7.392,79.647
2026-05-16 03:55:55,48,61,0,0,7.368,79.92
2026-05-16 04:00:55,50,64,0,0,7.336,79.546
2026-05-16 04:05:55,48,60,0,0,7.264,79.798
2026-05-16 04:10:55,46,56,0,0,7.213,79.3
2026-05-16 04:15:55,48,61,0,0,7.173,79.292
2026-05-16 04:20:55,47,60,0,0,7.01,79.01
2026-05-16 04:25:55,48,60,0,0,6.898,79.225
2026-05-16 04:30:55,50,61,0,0,6.799,79.826
2026-05-16 04:35:55,52,65,0,0,6.754,80.147
2026-05-16 04:40:55,49,62,0,0,6.714,80.103
2026-05-16 04:45:55,50,63,0,0,6.668,80.072
2026-05-16 04:50:55,49,62,0,0,6.617,80.347
2026-05-16 04:55:55,52,66,0,0,6.511,80.751
2026-05-16 05:00:55,52,65,0,0,6.479,81.333
2026-05-16 05:05:55,53,66,0,0,6.484,81.387
2026-05-16 05:10:55,49,62,0,0,6.449,81.331
2026-05-16 05:15:55,51,65,0,0,6.415,81.669
2026-05-16 05:20:55,50,63,0,0,6.417,81.64
2026-05-16 05:25:55,48,62,0,0,6.377,81.882
2026-05-16 05:30:55,49,61,0,0,6.377,82.571
2026-05-16 05:35:55,49,62,0,0,6.409,83.736
2026-05-16 05:40:55,54,70,0,0,6.457,84.316
2026-05-16 05:45:55,52,65,0,0,6.521,84.457
2026-05-16 05:50:55,53,70,0,0,6.596,84.808
2026-05-16 05:55:55,53,69,0,0,6.684,84.276
2026-05-16 06:00:55,51,64,0,0,6.724,83.635
2026-05-16 06:05:55,52,66,0,0,6.711,82.63
2026-05-16 06:10:55,51,67,0,0,6.692,82.609
2026-05-16 06:15:55,52,69,0,0,6.703,81.379
2026-05-16 06:20:55,50,64,0,0,6.65,80.828
2026-05-16 06:25:55,49,64,0,0,6.567,80.034
2026-05-16 06:30:55,50,64,0,0,6.428,81.097
2026-05-16 06:35:55,52,63,0,0,6.372,81.058
2026-05-16 06:40:55,51,65,0,0,6.27,81.097
2026-05-16 06:45:55,53,67,0,0,6.188,81.68
2026-05-16 06:50:55,50,63,0,0,6.126,82.037
2026-05-16 06:55:55,53,68,0,0,6.062,81.902
2026-05-16 07:00:55,51,65,0,0,5.987,81.875
2026-05-16 07:05:56,51,66,0,0,6.001,82.512
2026-05-16 07:10:55,53,66,0,0,5.95,82.55
2026-05-16 07:15:56,53,68,0,0,5.942,83.143
2026-05-16 07:20:56,52,65,0,0,5.934,83.639
2026-05-16 07:25:56,54,71,0,0,5.934,84.127
2026-05-16 07:30:55,57,73,0,0,5.95,84.49
2026-05-16 07:35:56,50,66,0,0,5.886,82.508
2026-05-16 07:40:56,55,72,0,0,5.723,81.736
2026-05-16 07:45:56,55,72,0,0,5.667,83.061
2026-05-16 07:50:56,59,73,0,0,5.629,83.677
2026-05-16 07:55:56,57,74,0,0,5.694,83.775
2026-05-16 08:01:03,57,74,0,0,5.763,83.26
2026-05-16 08:06:03,55,69,0,0,5.862,83.008
2026-05-16 08:11:03,54,71,0,0,5.993,83.445
2026-05-16 08:16:03,54,67,0,0,6.27,82.539
2026-05-16 08:21:03,53,66,0,0,6.876,81.318
2026-05-16 08:26:03,79,92,0,0,7.75,78.84
2026-05-16 08:31:03,53,70,0,0,8.666,76.195
2026-05-16 08:36:03,53,68,0,0,9.71,73.355
2026-05-16 08:41:04,56,71,0,0,10.762,70.629
2026-05-16 08:46:04,53,69,0,0,11.801,67.322
2026-05-16 08:51:03,71,81,0,0,12.69,64.72
2026-05-16 08:56:04,62,76,0,0,13.729,62.259
2026-05-16 09:01:04,63,77,0,0,14.799,59.703
2026-05-16 09:06:04,79,88,0,0,15.846,57.357
2026-05-16 09:11:04,64,75,0,0,16.596,53.543
2026-05-16 09:16:04,66,76,0,0,17.39,51.183
2026-05-16 09:21:04,61,72,0,0,17.841,50.455
2026-05-16 09:26:04,55,69,0,0,18.233,48.892
2026-05-16 09:31:04,57,72,0,0,18.548,48.5
2026-05-16 09:36:04,55,68,0,0,19.059,48.906
2026-05-16 09:41:04,56,70,0,0,19.526,47.122
2026-05-16 09:46:04,58,70,0,0,19.699,46.399
2026-05-16 09:51:04,59,72,0,0,19.515,48.171
2026-05-16 09:56:04,58,71,0,0,19.937,46.707
2026-05-16 10:01:04,56,69,0,0,20.661,45.209
2026-05-16 10:06:04,61,73,0,0,21.486,42.631
2026-05-16 10:11:04,57,69,0,0,22.103,41.749
2026-05-16 10:16:04,55,69,0,0,23.312,39.348
2026-05-16 10:21:04,53,66,0,0,24.204,38.77
2026-05-16 10:26:04,55,68,0,0,25.072,36.456
2026-05-16 10:31:04,53,67,0,0,25.881,35.76
2026-05-16 10:36:04,56,69,0,0,25.889,33.883
2026-05-16 10:41:04,54,67,0,0,26.004,33.53
2026-05-16 10:46:04,56,69,0,0,26.816,35.548
2026-05-16 10:51:04,53,66,0,0,26.167,35.184
2026-05-16 10:56:04,50,63,0,0,26.367,32.773
2026-05-16 11:01:04,51,64,0,0,25.884,35.398
2026-05-16 11:06:04,51,63,0,0,26.383,37.158
2026-05-16 11:11:04,53,67,0,0,25.892,36.403
2026-05-16 11:16:04,53,67,0,0,25.339,39.138
2026-05-16 11:21:04,51,63,0,0,25.31,38.812
2026-05-16 11:26:04,47,58,0,0,25.136,38.572
2026-05-16 11:31:04,47,60,0,0,24.941,38.459
2026-05-16 11:36:04,50,62,0,0,25.363,36.864
2026-05-16 11:41:04,49,62,0,0,26.092,34.038
2026-05-16 11:46:04,50,61,0,0,25.347,37.631
2026-05-16 11:51:04,50,63,0,0,24.816,39.113
2026-05-16 11:56:04,42,53,0,0,25.016,35.857
2026-05-16 12:01:04,44,55,0,0,24.685,35.999
2026-05-16 12:06:04,42,52,0,0,24.688,36.512
2026-05-16 12:11:04,41,50,0,0,23.911,36.845
2026-05-16 12:16:04,40,47,0,0,24.228,35.77
2026-05-16 12:21:04,39,48,0,0,24.834,35.787
2026-05-16 12:26:04,39,46,0,0,25.246,34.448
2026-05-16 12:31:04,39,48,0,0,25.617,32.811
2026-05-16 12:36:04,35,44,0,0,25.924,32.899
2026-05-16 12:41:04,36,45,0,0,25.638,33.933
2026-05-16 12:46:04,35,45,0,0,25.593,34.923
2026-05-16 12:51:04,35,39,0,0,26.25,31.259
2026-05-16 12:56:04,35,42,0,0,25.852,32.096
2026-05-16 13:01:04,35,42,0,0,26.559,31.934
2026-05-16 13:06:04,32,40,0,0,26.081,32.048
2026-05-16 13:11:04,34,39,0,0,26.234,31.968
2026-05-16 13:16:04,31,36,0,0,26.575,31.182
2026-05-16 13:21:04,34,39,0,0,26.947,30.507
2026-05-16 13:26:04,35,41,0,0,27.355,29.063
2026-05-16 13:31:04,32,39,0,0,28.068,28.84
2026-05-16 13:36:04,32,38,0,0,28.6,27.738
2026-05-16 13:41:04,33,37,0,0,29.246,26.883
2026-05-16 13:46:04,33,36,0,0,29.601,26.874
2026-05-16 13:51:04,31,35,0,0,29.481,26.391
2026-05-16 13:56:04,30,31,0,0,29.734,24.819
2026-05-16 14:01:04,29,33,0,0,29.796,26.681
2026-05-16 14:06:04,29,30,0,0,30.122,25.178
2026-05-16 14:11:04,28,30,0,0,30.114,24.838
2026-05-16 14:16:04,25,27,0,0,30.058,24.982
2026-05-16 14:21:04,29,30,0,0,30.146,26.254
2026-05-16 14:26:04,29,29,0,0,29.54,25.334
2026-05-16 14:31:04,28,31,0,0,28.995,27.196
2026-05-16 14:36:04,27,30,0,0,29.099,28.733
2026-05-16 14:41:04,29,30,0,0,28.941,27.005
2026-05-16 14:46:04,29,32,0,0,28.549,28.169
2026-05-16 14:51:04,29,32,0,0,28.162,29.256
2026-05-16 14:56:04,29,34,0,0,28.397,28.434
2026-05-16 15:01:04,29,34,0,0,27.315,30.173
2026-05-16 15:06:04,27,33,0,0,27.147,28.947
2026-05-16 15:11:05,27,32,0,0,26.268,30.635
2026-05-16 15:16:04,30,33,0,0,26.127,31.074
2026-05-16 15:21:05,30,35,0,0,25.593,31.484
2026-05-16 15:26:05,29,31,0,0,25.985,30.725
2026-05-16 15:31:05,29,33,0,0,25.908,30.883
2026-05-16 15:36:05,32,35,0,0,25.996,30.192
2026-05-16 15:41:05,28,30,0,0,25.887,29.927
2026-05-16 15:46:05,28,32,0,0,26.143,30.015
2026-05-16 15:51:05,29,29,0,0,26.204,28.928
2026-05-16 15:56:05,29,29,0,0,26.228,29.521
2026-05-16 16:01:05,32,35,0,0,26.818,28.495
2026-05-16 16:06:05,28,30,0,0,26.442,28.817
2026-05-16 16:11:05,30,33,0,0,26.773,28.876
2026-05-16 16:16:05,28,33,0,0,26.955,27.478
2026-05-16 16:21:05,25,28,0,0,26.244,27.967
2026-05-16 16:26:05,26,27,0,0,26.3,28.159
2026-05-16 16:31:05,27,30,0,0,25.967,27.97
2026-05-16 16:36:05,27,27,0,0,26.127,28.838
2026-05-16 16:41:05,24,27,0,0,25.977,28.468
2026-05-16 16:46:05,25,26,0,0,25.881,28.695
2026-05-16 16:51:05,22,24,0,0,25.409,28.632
2026-05-16 16:56:05,24,26,0,0,25.053,29.145
2026-05-16 16:57:02,0,0,0,0,0,0
2026-05-16 17:01:57,0,0,0,0,0,0
2026-05-16 17:06:57,0,0,0,0,0,0
2026-05-16 17:11:57,0,0,0,0,0,0
2026-05-16 17:16:57,0,0,0,0,0,0
2026-05-16 17:21:57,0,0,0,0,0,0
2026-05-16 17:26:57,0,0,0,0,0,0
2026-05-16 17:31:58,0,0,0,0,0,0
2026-05-16 17:36:57,0,0,0,0,0,0
2026-05-16 17:41:57,0,0,0,0,0,0
2026-05-16 17:46:57,0,0,0,0,0,0
2026-05-16 17:51:57,0,0,0,0,0,0
2026-05-16 17:56:58,0,0,0,0,0,0
2026-05-16 18:01:57,0,0,0,0,0,0
2026-05-16 18:06:57,0,0,0,0,0,0
2026-05-16 18:11:57,0,0,0,0,0,0
2026-05-16 18:16:57,0,0,0,0,0,0
2026-05-16 18:21:57,0,0,0,0,0,0
2026-05-16 18:26:57,0,0,0,0,0,0
2026-05-16 18:31:57,0,0,0,0,0,0
2026-05-16 18:36:57,0,0,0,0,0,0
2026-05-16 18:41:57,0,0,0,0,0,0
2026-05-16 18:46:57,0,0,0,0,0,0
2026-05-16 18:51:57,0,0,0,0,0,0
2026-05-16 18:56:57,0,0,0,0,0,0
2026-05-16 19:01:57,0,0,0,0,0,0
2026-05-16 19:06:57,0,0,0,0,0,0
2026-05-16 19:11:57,0,0,0,0,0,0
2026-05-16 19:16:57,0,0,0,0,0,0
2026-05-16 19:21:57,0,0,0,0,0,0
2026-05-16 19:26:57,0,0,0,0,0,0
2026-05-16 19:31:57,0,0,0,0,0,0
2026-05-16 19:36:57,0,0,0,0,0,0
2026-05-16 19:41:57,0,0,0,0,0,0
2026-05-16 19:46:58,0,0,0,0,0,0
2026-05-16 19:51:57,0,0,0,0,0,0
2026-05-16 19:56:57,0,0,0,0,0,0
2026-05-16 20:01:57,0,0,0,0,0,0
2026-05-16 20:06:58,0,0,0,0,0,0
2026-05-16 20:11:57,0,0,0,0,0,0
2026-05-16 20:16:58,0,0,0,0,0,0
2026-05-16 20:21:57,0,0,0,0,0,0
2026-05-16 20:26:57,0,0,0,0,0,0
2026-05-16 20:31:58,0,0,0,0,0,0
2026-05-16 20:36:57,0,0,0,0,0,0
2026-05-16 20:41:57,0,0,0,0,0,0
2026-05-16 20:46:58,0,0,0,0,0,0
2026-05-16 20:51:57,0,0,0,0,0,0
2026-05-16 20:56:58,0,0,0,0,0,0
2026-05-16 21:01:57,0,0,0,0,0,0
2026-05-16 21:06:57,0,0,0,0,0,0
2026-05-16 21:11:57,0,0,0,0,0,0
2026-05-16 21:16:57,0,0,0,0,0,0
2026-05-16 21:21:57,0,0,0,0,0,0
2026-05-16 21:26:57,0,0,0,0,0,0
2026-05-16 21:31:57,0,0,0,0,0,0
2026-05-16 21:36:57,0,0,0,0,0,0
2026-05-16 21:41:57,0,0,0,0,0,0
2026-05-16 21:46:57,0,0,0,0,0,0
2026-05-16 21:51:57,0,0,0,0,0,0
2026-05-16 21:56:57,0,0,0,0,0,0
2026-05-16 22:01:57,0,0,0,0,0,0
2026-05-16 22:06:57,0,0,0,0,0,0
2026-05-16 22:11:57,0,0,0,0,0,0
2026-05-16 22:16:58,0,0,0,0,0,0
2026-05-16 22:21:57,0,0,0,0,0,0
2026-05-16 22:26:57,0,0,0,0,0,0
2026-05-16 22:31:57,0,0,0,0,0,0
2026-05-16 22:36:57,0,0,0,0,0,0
2026-05-16 22:41:57,0,0,0,0,0,0
2026-05-16 22:46:57,0,0,0,0,0,0
2026-05-16 22:51:57,0,0,0,0,0,0
2026-05-16 22:56:57,0,0,0,0,0,0
2026-05-16 23:01:57,0,0,0,0,0,0
2026-05-16 23:06:58,0,0,0,0,0,0
2026-05-16 23:11:57,0,0,0,0,0,0
2026-05-16 23:16:57,0,0,0,0,0,0
2026-05-16 23:21:57,0,0,0,0,0,0
2026-05-16 23:26:57,0,0,0,0,0,0
2026-05-16 23:31:57,0,0,0,0,0,0
2026-05-16 23:36:57,0,0,0,0,0,0
2026-05-16 23:41:57,0,0,0,0,0,0
2026-05-16 23:46:57,0,0,0,0,0,0
2026-05-16 23:51:57,0,0,0,0,0,0
2026-05-16 23:56:57,0,0,0,0,0,0
2026-05-17 00:01:57,0,0,0,0,0,0
2026-05-17 00:06:57,0,0,0,0,0,0
2026-05-17 00:11:57,0,0,0,0,0,0
2026-05-17 00:16:57,0,0,0,0,0,0
2026-05-17 00:21:57,0,0,0,0,0,0
2026-05-17 00:26:57,0,0,0,0,0,0
2026-05-17 00:31:57,0,0,0,0,0,0
2026-05-17 00:36:57,0,0,0,0,0,0
2026-05-17 00:41:57,0,0,0,0,0,0
2026-05-17 00:46:57,0,0,0,0,0,0
2026-05-17 00:51:57,0,0,0,0,0,0
2026-05-17 00:56:57,0,0,0,0,0,0
2026-05-17 01:01:57,0,0,0,0,0,0
2026-05-17 01:06:57,0,0,0,0,0,0
2026-05-17 01:11:57,0,0,0,0,0,0
2026-05-17 01:16:57,0,0,0,0,0,0
2026-05-17 01:21:57,0,0,0,0,0,0
2026-05-17 01:26:57,0,0,0,0,0,0
2026-05-17 01:31:57,0,0,0,0,0,0
2026-05-17 01:36:57,0,0,0,0,0,0
2026-05-17 01:41:57,0,0,0,0,0,0
2026-05-17 01:46:57,0,0,0,0,0,0
2026-05-17 01:51:57,0,0,0,0,0,0
2026-05-17 01:56:57,0,0,0,0,0,0
2026-05-17 02:01:57,0,0,0,0,0,0
2026-05-17 02:06:57,0,0,0,0,0,0
2026-05-17 02:11:57,0,0,0,0,0,0
2026-05-17 02:16:57,0,0,0,0,0,0
2026-05-17 02:21:57,0,0,0,0,0,0
2026-05-17 02:26:57,0,0,0,0,0,0
2026-05-17 02:31:57,0,0,0,0,0,0
2026-05-17 02:36:57,0,0,0,0,0,0
2026-05-17 02:41:57,0,0,0,0,0,0
2026-05-17 02:46:57,0,0,0,0,0,0
2026-05-17 02:51:57,0,0,0,0,0,0
2026-05-17 02:56:57,0,0,0,0,0,0
2026-05-17 03:01:57,0,0,0,0,0,0
2026-05-17 03:06:57,0,0,0,0,0,0
2026-05-17 03:11:57,0,0,0,0,0,0
2026-05-17 03:16:57,0,0,0,0,0,0
2026-05-17 03:21:57,0,0,0,0,0,0
2026-05-17 03:26:57,0,0,0,0,0,0
2026-05-17 03:31:57,0,0,0,0,0,0
2026-05-17 03:36:57,0,0,0,0,0,0
2026-05-17 03:41:57,0,0,0,0,0,0
2026-05-17 03:46:57,0,0,0,0,0,0
2026-05-17 03:51:57,0,0,0,0,0,0
2026-05-17 03:56:57,0,0,0,0,0,0
2026-05-17 04:01:57,0,0,0,0,0,0
2026-05-17 04:06:57,0,0,0,0,0,0
2026-05-17 04:11:57,0,0,0,0,0,0
2026-05-17 04:16:57,0,0,0,0,0,0
2026-05-17 04:21:57,0,0,0,0,0,0
2026-05-17 04:26:57,0,0,0,0,0,0
2026-05-17 04:31:57,0,0,0,0,0,0
2026-05-17 04:36:57,0,0,0,0,0,0
2026-05-17 04:41:57,0,0,0,0,0,0
2026-05-17 04:46:57,0,0,0,0,0,0
2026-05-17 04:51:57,0,0,0,0,0,0
2026-05-17 04:56:57,0,0,0,0,0,0
2026-05-17 05:01:57,0,0,0,0,0,0
2026-05-17 05:06:57,0,0,0,0,0,0
2026-05-17 05:11:58,0,0,0,0,0,0
2026-05-17 05:16:57,0,0,0,0,0,0
2026-05-17 05:21:58,0,0,0,0,0,0
2026-05-17 05:26:57,0,0,0,0,0,0
2026-05-17 05:31:58,0,0,0,0,0,0
2026-05-17 05:36:57,0,0,0,0,0,0
2026-05-17 05:41:58,0,0,0,0,0,0
2026-05-17 05:46:58,0,0,0,0,0,0
2026-05-17 05:51:57,0,0,0,0,0,0
2026-05-17 05:56:57,0,0,0,0,0,0
2026-05-17 06:01:58,0,0,0,0,0,0
2026-05-17 06:06:57,0,0,0,0,0,0
2026-05-17 06:11:58,0,0,0,0,0,0
2026-05-17 06:16:57,0,0,0,0,0,0
2026-05-17 06:21:57,0,0,0,0,0,0
2026-05-17 06:26:57,0,0,0,0,0,0
2026-05-17 06:31:58,0,0,0,0,0,0
2026-05-17 06:36:57,0,0,0,0,0,0
2026-05-17 06:41:57,0,0,0,0,0,0
2026-05-17 06:46:58,0,0,0,0,0,0
2026-05-17 06:51:58,0,0,0,0,0,0
2026-05-17 06:56:57,0,0,0,0,0,0
2026-05-17 07:01:57,0,0,0,0,0,0
2026-05-17 07:06:58,0,0,0,0,0,0
2026-05-17 07:11:58,0,0,0,0,0,0
2026-05-17 07:16:57,0,0,0,0,0,0
2026-05-17 07:21:58,0,0,0,0,0,0
2026-05-17 07:26:57,0,0,0,0,0,0
2026-05-17 07:31:58,0,0,0,0,0,0
2026-05-17 07:36:57,0,0,0,0,0,0
2026-05-17 07:41:58,0,0,0,0,0,0
2026-05-17 07:46:58,0,0,0,0,0,0
2026-05-17 07:51:58,0,0,0,0,0,0
2026-05-17 07:56:58,0,0,0,0,0,0
2026-05-17 08:01:58,0,0,0,0,0,0
2026-05-17 08:06:58,0,0,0,0,0,0
2026-05-17 08:11:58,0,0,0,0,0,0
2026-05-17 08:16:57,0,0,0,0,0,0
2026-05-17 08:21:58,0,0,0,0,0,0
2026-05-17 08:26:58,0,0,0,0,0,0
2026-05-17 08:31:58,0,0,0,0,0,0
2026-05-17 08:36:57,0,0,0,0,0,0
2026-05-17 08:41:58,0,0,0,0,0,0
2026-05-17 08:46:58,0,0,0,0,0,0
2026-05-17 08:51:58,0,0,0,0,0,0
2026-05-17 08:56:58,0,0,0,0,0,0
2026-05-17 09:01:58,0,0,0,0,0,0
2026-05-17 09:06:58,0,0,0,0,0,0
2026-05-17 09:11:58,0,0,0,0,0,0
2026-05-17 09:16:58,0,0,0,0,0,0
2026-05-17 09:21:58,0,0,0,0,0,0
2026-05-17 09:26:58,0,0,0,0,0,0
2026-05-17 09:31:58,0,0,0,0,0,0
2026-05-17 09:36:58,0,0,0,0,0,0
2026-05-17 09:41:58,0,0,0,0,0,0
2026-05-17 09:46:58,0,0,0,0,0,0
2026-05-17 09:51:58,0,0,0,0,0,0
2026-05-17 09:56:58,0,0,0,0,0,0
2026-05-17 10:01:58,0,0,0,0,0,0
2026-05-17 10:06:58,0,0,0,0,0,0
2026-05-17 10:11:58,0,0,0,0,0,0
2026-05-17 10:16:58,0,0,0,0,0,0
2026-05-17 10:21:58,0,0,0,0,0,0
2026-05-17 10:26:58,0,0,0,0,0,0
2026-05-17 10:31:58,0,0,0,0,0,0
2026-05-17 10:36:58,0,0,0,0,0,0
2026-05-17 10:41:58,0,0,0,0,0,0
2026-05-17 10:46:58,0,0,0,0,0,0
2026-05-17 10:51:58,0,0,0,0,0,0
2026-05-17 10:56:58,0,0,0,0,0,0
2026-05-17 11:01:58,0,0,0,0,0,0
2026-05-17 11:06:58,0,0,0,0,0,0
2026-05-17 11:11:58,0,0,0,0,0,0
2026-05-17 11:16:58,0,0,0,0,0,0
2026-05-17 11:21:58,0,0,0,0,0,0
2026-05-17 11:26:58,0,0,0,0,0,0
2026-05-17 11:31:58,0,0,0,0,0,0
2026-05-17 11:36:58,0,0,0,0,0,0
2026-05-17 11:41:58,0,0,0,0,0,0
2026-05-17 11:46:58,0,0,0,0,0,0
2026-05-17 11:51:58,0,0,0,0,0,0
2026-05-17 11:56:58,0,0,0,0,0,0
2026-05-17 12:01:58,0,0,0,0,0,0
2026-05-17 12:06:58,0,0,0,0,0,0
2026-05-17 12:11:58,0,0,0,0,0,0
2026-05-17 12:16:58,0,0,0,0,0,0
2026-05-17 12:21:58,0,0,0,0,0,0
2026-05-17 12:26:58,0,0,0,0,0,0
2026-05-17 12:31:58,0,0,0,0,0,0
2026-05-17 12:36:58,0,0,0,0,0,0
2026-05-17 12:41:58,0,0,0,0,0,0
2026-05-17 12:46:58,0,0,0,0,0,0
2026-05-17 12:51:58,0,0,0,0,0,0
2026-05-17 12:56:58,0,0,0,0,0,0
2026-05-17 13:01:58,0,0,0,0,0,0
2026-05-17 13:06:58,0,0,0,0,0,0
2026-05-17 13:11:58,0,0,0,0,0,0
2026-05-17 13:16:58,0,0,0,0,0,0
2026-05-17 13:21:58,0,0,0,0,0,0
2026-05-17 13:26:58,0,0,0,0,0,0
2026-05-17 13:31:58,0,0,0,0,0,0
2026-05-17 13:36:58,0,0,0,0,0,0
2026-05-17 13:41:58,0,0,0,0,0,0
2026-05-17 13:46:58,0,0,0,0,0,0
2026-05-17 13:51:58,0,0,0,0,0,0
2026-05-17 13:56:58,0,0,0,0,0,0
2026-05-17 14:01:58,0,0,0,0,0,0
2026-05-17 14:06:58,0,0,0,0,0,0
2026-05-17 14:11:58,0,0,0,0,0,0
2026-05-17 14:16:58,0,0,0,0,0,0
2026-05-17 14:21:58,0,0,0,0,0,0
2026-05-17 14:26:58,0,0,0,0,0,0
2026-05-17 14:31:58,0,0,0,0,0,0
2026-05-17 14:36:58,0,0,0,0,0,0
2026-05-17 14:41:58,0,0,0,0,0,0
2026-05-17 14:46:58,0,0,0,0,0,0
2026-05-17 14:51:58,0,0,0,0,0,0
2026-05-17 14:56:58,0,0,0,0,0,0
2026-05-17 15:01:58,0,0,0,0,0,0
2026-05-17 15:06:58,0,0,0,0,0,0
2026-05-17 15:11:58,0,0,0,0,0,0
2026-05-17 15:16:58,0,0,0,0,0,0
2026-05-17 15:21:58,0,0,0,0,0,0
2026-05-17 15:26:58,0,0,0,0,0,0
2026-05-17 15:31:58,0,0,0,0,0,0
2026-05-17 15:36:58,0,0,0,0,0,0
2026-05-17 15:41:58,0,0,0,0,0,0
2026-05-17 15:46:58,0,0,0,0,0,0
2026-05-17 15:51:58,0,0,0,0,0,0
2026-05-17 15:56:58,0,0,0,0,0,0
2026-05-17 16:02:06,0,0,0,0,0,0
2026-05-17 16:06:58,0,0,0,0,0,0
2026-05-17 16:11:58,0,0,0,0,0,0
2026-05-17 16:16:58,0,0,0,0,0,0
2026-05-17 16:21:58,0,0,0,0,0,0
2026-05-17 16:26:58,0,0,0,0,0,0
2026-05-17 16:31:58,0,0,0,0,0,0
2026-05-17 16:36:58,0,0,0,0,0,0
2026-05-17 16:41:58,0,0,0,0,0,0
2026-05-17 16:46:58,0,0,0,0,0,0
2026-05-17 16:51:58,0,0,0,0,0,0
2026-05-17 16:56:58,0,0,0,0,0,0
2026-05-17 17:01:58,0,0,0,0,0,0
2026-05-17 17:06:58,0,0,0,0,0,0
2026-05-17 17:11:58,0,0,0,0,0,0
2026-05-17 17:16:58,0,0,0,0,0,0
2026-05-17 17:21:58,0,0,0,0,0,0
2026-05-17 17:26:58,0,0,0,0,0,0
2026-05-17 17:31:58,0,0,0,0,0,0
2026-05-17 17:36:58,0,0,0,0,0,0
2026-05-17 17:41:58,0,0,0,0,0,0
2026-05-17 17:46:58,0,0,0,0,0,0
2026-05-17 17:51:58,0,0,0,0,0,0
2026-05-17 17:56:58,0,0,0,0,0,0
2026-05-17 18:01:58,0,0,0,0,0,0
2026-05-17 18:06:58,0,0,0,0,0,0
2026-05-17 18:11:58,0,0,0,0,0,0
2026-05-17 18:16:58,0,0,0,0,0,0
2026-05-17 18:21:58,0,0,0,0,0,0
2026-05-17 18:26:58,0,0,0,0,0,0
2026-05-17 18:31:58,0,0,0,0,0,0
2026-05-17 18:36:58,0,0,0,0,0,0
2026-05-17 18:41:58,0,0,0,0,0,0
2026-05-17 18:47:16,0,0,0,0,0,0
2026-05-17 18:51:58,0,0,0,0,0,0
2026-05-17 18:56:58,0,0,0,0,0,0
2026-05-17 19:02:00,0,0,0,0,0,0
2026-05-17 19:06:58,0,0,0,0,0,0
2026-05-17 19:11:58,0,0,0,0,0,0
2026-05-17 19:16:58,0,0,0,0,0,0
2026-05-17 19:21:58,0,0,0,0,0,0
2026-05-17 19:26:58,0,0,0,0,0,0
2026-05-17 19:31:58,0,0,0,0,0,0
2026-05-17 19:36:58,0,0,0,0,0,0
2026-05-17 19:41:58,0,0,0,0,0,0
2026-05-17 19:46:58,0,0,0,0,0,0
2026-05-17 19:51:58,0,0,0,0,0,0
2026-05-17 19:56:58,0,0,0,0,0,0
2026-05-17 20:01:58,0,0,0,0,0,0
2026-05-17 20:06:58,0,0,0,0,0,0
2026-05-17 20:11:58,0,0,0,0,0,0
2026-05-17 20:16:58,0,0,0,0,0,0
2026-05-17 20:21:58,0,0,0,0,0,0
2026-05-17 20:26:58,0,0,0,0,0,0
2026-05-17 20:31:58,0,0,0,0,0,0
2026-05-17 20:36:58,0,0,0,0,0,0
2026-05-17 20:41:58,0,0,0,0,0,0
2026-05-17 20:46:58,0,0,0,0,0,0
2026-05-17 20:51:58,0,0,0,0,0,0
2026-05-17 20:56:58,0,0,0,0,0,0
2026-05-17 21:01:58,0,0,0,0,0,0
2026-05-17 21:06:58,0,0,0,0,0,0
2026-05-17 21:11:58,0,0,0,0,0,0
2026-05-17 21:16:58,0,0,0,0,0,0
2026-05-17 21:21:58,0,0,0,0,0,0
2026-05-17 21:26:58,0,0,0,0,0,0
2026-05-17 21:31:58,0,0,0,0,0,0
2026-05-17 21:36:58,0,0,0,0,0,0
2026-05-17 21:41:58,0,0,0,0,0,0
2026-05-17 21:46:58,0,0,0,0,0,0
2026-05-17 21:51:58,0,0,0,0,0,0
2026-05-17 21:56:58,0,0,0,0,0,0
2026-05-17 22:01:58,0,0,0,0,0,0
2026-05-17 22:06:58,0,0,0,0,0,0
2026-05-17 22:11:58,0,0,0,0,0,0
2026-05-17 22:16:58,0,0,0,0,0,0
2026-05-17 22:21:58,0,0,0,0,0,0
2026-05-17 22:26:58,0,0,0,0,0,0
2026-05-17 22:31:58,0,0,0,0,0,0
2026-05-17 22:36:58,0,0,0,0,0,0
2026-05-17 22:41:58,0,0,0,0,0,0
2026-05-17 22:46:58,0,0,0,0,0,0
2026-05-17 22:51:58,0,0,0,0,0,0
2026-05-17 22:56:58,0,0,0,0,0,0
2026-05-17 23:01:58,0,0,0,0,0,0
2026-05-17 23:06:59,0,0,0,0,0,0
2026-05-17 23:11:59,0,0,0,0,0,0
2026-05-17 23:16:59,0,0,0,0,0,0
2026-05-17 23:21:59,0,0,0,0,0,0
2026-05-17 23:26:58,0,0,0,0,0,0
2026-05-17 23:31:59,0,0,0,0,0,0
2026-05-17 23:36:59,0,0,0,0,0,0
2026-05-17 23:41:58,0,0,0,0,0,0
2026-05-17 23:46:59,0,0,0,0,0,0
2026-05-17 23:51:58,0,0,0,0,0,0
2026-05-17 23:56:58,0,0,0,0,0,0
2026-05-18 00:01:59,0,0,0,0,0,0
2026-05-18 00:06:58,0,0,0,0,0,0
2026-05-18 00:11:59,0,0,0,0,0,0
2026-05-18 00:16:59,0,0,0,0,0,0
2026-05-18 00:21:58,0,0,0,0,0,0
2026-05-18 00:26:58,0,0,0,0,0,0
2026-05-18 00:31:58,0,0,0,0,0,0
2026-05-18 00:36:58,0,0,0,0,0,0
2026-05-18 00:41:58,0,0,0,0,0,0
2026-05-18 00:46:59,0,0,0,0,0,0
2026-05-18 00:51:59,0,0,0,0,0,0
2026-05-18 00:56:59,0,0,0,0,0,0
2026-05-18 01:01:59,0,0,0,0,0,0
2026-05-18 01:06:59,0,0,0,0,0,0
2026-05-18 01:11:58,0,0,0,0,0,0
2026-05-18 01:16:59,0,0,0,0,0,0
2026-05-18 01:21:58,0,0,0,0,0,0
2026-05-18 01:26:59,0,0,0,0,0,0
2026-05-18 01:31:59,0,0,0,0,0,0
2026-05-18 01:36:59,0,0,0,0,0,0
2026-05-18 01:41:59,0,0,0,0,0,0
2026-05-18 01:46:58,0,0,0,0,0,0
2026-05-18 01:51:59,0,0,0,0,0,0
2026-05-18 01:56:59,0,0,0,0,0,0
2026-05-18 02:01:59,0,0,0,0,0,0
2026-05-18 02:06:59,0,0,0,0,0,0
2026-05-18 02:11:58,0,0,0,0,0,0
2026-05-18 02:16:59,0,0,0,0,0,0
2026-05-18 02:21:59,0,0,0,0,0,0
2026-05-18 02:26:59,0,0,0,0,0,0
2026-05-18 02:31:59,0,0,0,0,0,0
2026-05-18 02:36:59,0,0,0,0,0,0
2026-05-18 02:41:59,0,0,0,0,0,0
2026-05-18 02:46:59,0,0,0,0,0,0
2026-05-18 02:51:58,0,0,0,0,0,0
2026-05-18 02:56:59,0,0,0,0,0,0
2026-05-18 03:01:59,0,0,0,0,0,0
2026-05-18 03:06:59,0,0,0,0,0,0
2026-05-18 03:11:59,0,0,0,0,0,0
2026-05-18 03:16:59,0,0,0,0,0,0
2026-05-18 03:21:59,0,0,0,0,0,0
2026-05-18 03:26:59,0,0,0,0,0,0
2026-05-18 03:31:59,0,0,0,0,0,0
2026-05-18 03:36:59,0,0,0,0,0,0
2026-05-18 03:41:59,0,0,0,0,0,0
2026-05-18 03:46:59,0,0,0,0,0,0
2026-05-18 03:51:59,0,0,0,0,0,0
2026-05-18 03:56:58,0,0,0,0,0,0
2026-05-18 04:01:59,0,0,0,0,0,0
2026-05-18 04:06:59,0,0,0,0,0,0
2026-05-18 04:11:59,0,0,0,0,0,0
2026-05-18 04:16:59,0,0,0,0,0,0
2026-05-18 04:21:59,0,0,0,0,0,0
2026-05-18 04:26:59,0,0,0,0,0,0
2026-05-18 04:31:59,0,0,0,0,0,0
2026-05-18 04:36:59,0,0,0,0,0,0
2026-05-18 04:41:59,0,0,0,0,0,0
2026-05-18 04:46:59,0,0,0,0,0,0
2026-05-18 04:51:59,0,0,0,0,0,0
2026-05-18 04:56:59,0,0,0,0,0,0
2026-05-18 05:01:59,0,0,0,0,0,0
2026-05-18 05:06:59,0,0,0,0,0,0
2026-05-18 05:11:59,0,0,0,0,0,0
2026-05-18 05:16:59,0,0,0,0,0,0
2026-05-18 05:21:59,0,0,0,0,0,0
2026-05-18 05:26:59,0,0,0,0,0,0
2026-05-18 05:31:59,0,0,0,0,0,0
2026-05-18 05:36:59,0,0,0,0,0,0
2026-05-18 05:41:59,0,0,0,0,0,0
2026-05-18 05:46:59,0,0,0,0,0,0
2026-05-18 05:51:59,0,0,0,0,0,0
2026-05-18 05:56:59,0,0,0,0,0,0
2026-05-18 06:01:59,0,0,0,0,0,0
2026-05-18 06:06:59,0,0,0,0,0,0
2026-05-18 06:11:59,0,0,0,0,0,0
2026-05-18 06:16:59,0,0,0,0,0,0
2026-05-18 06:21:59,0,0,0,0,0,0
2026-05-18 06:26:59,0,0,0,0,0,0
2026-05-18 06:31:59,0,0,0,0,0,0
2026-05-18 06:36:59,0,0,0,0,0,0
2026-05-18 06:41:59,0,0,0,0,0,0
2026-05-18 06:46:59,0,0,0,0,0,0
2026-05-18 06:51:59,0,0,0,0,0,0
2026-05-18 06:56:59,0,0,0,0,0,0
2026-05-18 07:01:59,0,0,0,0,0,0
2026-05-18 07:06:59,0,0,0,0,0,0
2026-05-18 07:11:59,0,0,0,0,0,0
2026-05-18 07:16:59,0,0,0,0,0,0
2026-05-18 07:21:59,0,0,0,0,0,0
2026-05-18 07:26:59,0,0,0,0,0,0
2026-05-18 07:31:59,0,0,0,0,0,0
2026-05-18 07:36:59,0,0,0,0,0,0
2026-05-18 07:41:59,0,0,0,0,0,0
2026-05-18 07:46:59,0,0,0,0,0,0
2026-05-18 07:51:59,0,0,0,0,0,0
2026-05-18 07:56:59,0,0,0,0,0,0
2026-05-18 08:01:59,0,0,0,0,0,0
2026-05-18 08:06:59,0,0,0,0,0,0
2026-05-18 08:11:59,0,0,0,0,0,0
2026-05-18 08:16:59,0,0,0,0,0,0
2026-05-18 08:21:59,0,0,0,0,0,0
2026-05-18 08:26:59,0,0,0,0,0,0
2026-05-18 08:31:59,0,0,0,0,0,0
2026-05-18 08:36:59,0,0,0,0,0,0
2026-05-18 08:41:59,0,0,0,0,0,0
2026-05-18 08:46:59,0,0,0,0,0,0
2026-05-18 08:51:59,0,0,0,0,0,0
2026-05-18 08:56:59,0,0,0,0,0,0
2026-05-18 09:01:59,0,0,0,0,0,0
2026-05-18 09:06:59,0,0,0,0,0,0
2026-05-18 09:11:59,0,0,0,0,0,0
2026-05-18 09:16:59,0,0,0,0,0,0
2026-05-18 09:21:59,0,0,0,0,0,0
2026-05-18 09:26:59,0,0,0,0,0,0
2026-05-18 09:31:59,0,0,0,0,0,0
2026-05-18 09:36:59,0,0,0,0,0,0
2026-05-18 09:41:59,0,0,0,0,0,0
2026-05-18 09:46:59,0,0,0,0,0,0
2026-05-18 09:51:59,0,0,0,0,0,0
2026-05-18 09:56:59,0,0,0,0,0,0
2026-05-18 10:01:59,0,0,0,0,0,0
2026-05-18 10:06:59,0,0,0,0,0,0
2026-05-18 10:11:59,0,0,0,0,0,0
2026-05-18 10:16:59,0,0,0,0,0,0
2026-05-18 10:21:59,0,0,0,0,0,0
2026-05-18 10:26:59,0,0,0,0,0,0
2026-05-18 10:31:59,0,0,0,0,0,0
2026-05-18 10:36:59,0,0,0,0,0,0
2026-05-18 10:41:59,0,0,0,0,0,0
2026-05-18 10:46:59,0,0,0,0,0,0
2026-05-18 10:51:59,0,0,0,0,0,0
2026-05-18 10:56:59,0,0,0,0,0,0
2026-05-18 11:01:59,0,0,0,0,0,0
2026-05-18 11:06:59,0,0,0,0,0,0
2026-05-18 11:11:59,0,0,0,0,0,0
2026-05-18 11:16:59,0,0,0,0,0,0
2026-05-18 11:21:59,0,0,0,0,0,0
2026-05-18 11:26:59,0,0,0,0,0,0
2026-05-18 11:31:59,0,0,0,0,0,0
2026-05-18 11:36:59,0,0,0,0,0,0
2026-05-18 11:41:59,0,0,0,0,0,0
2026-05-18 11:46:59,0,0,0,0,0,0
2026-05-18 11:51:59,0,0,0,0,0,0
2026-05-18 11:56:59,0,0,0,0,0,0
2026-05-18 12:01:59,0,0,0,0,0,0
2026-05-18 12:06:59,0,0,0,0,0,0
2026-05-18 12:11:59,0,0,0,0,0,0
2026-05-18 12:16:59,0,0,0,0,0,0
2026-05-18 12:21:59,0,0,0,0,0,0
2026-05-18 12:26:59,0,0,0,0,0,0
2026-05-18 12:31:59,0,0,0,0,0,0
2026-05-18 12:36:59,0,0,0,0,0,0
2026-05-18 12:41:59,0,0,0,0,0,0
2026-05-18 12:46:59,0,0,0,0,0,0
2026-05-18 12:51:59,0,0,0,0,0,0
2026-05-18 12:56:59,0,0,0,0,0,0
2026-05-18 13:01:59,0,0,0,0,0,0
2026-05-18 13:06:59,0,0,0,0,0,0
2026-05-18 13:11:59,0,0,0,0,0,0
2026-05-18 13:16:59,0,0,0,0,0,0
2026-05-18 13:21:59,0,0,0,0,0,0
2026-05-18 13:26:59,0,0,0,0,0,0
2026-05-18 13:31:59,0,0,0,0,0,0
2026-05-18 13:36:59,0,0,0,0,0,0
2026-05-18 13:41:59,0,0,0,0,0,0
2026-05-18 13:46:59,0,0,0,0,0,0
2026-05-18 13:51:59,0,0,0,0,0,0
2026-05-18 13:56:59,0,0,0,0,0,0
2026-05-18 14:01:59,0,0,0,0,0,0
2026-05-18 14:06:59,0,0,0,0,0,0
2026-05-18 14:11:59,0,0,0,0,0,0
2026-05-18 14:16:59,0,0,0,0,0,0
2026-05-18 14:21:59,0,0,0,0,0,0
2026-05-18 14:26:59,0,0,0,0,0,0
2026-05-18 14:31:59,0,0,0,0,0,0
2026-05-18 14:36:59,0,0,0,0,0,0
2026-05-18 14:41:59,0,0,0,0,0,0
2026-05-18 14:46:59,0,0,0,0,0,0
2026-05-18 14:51:59,0,0,0,0,0,0
2026-05-18 14:56:59,0,0,0,0,0,0
2026-05-18 15:01:59,0,0,0,0,0,0
2026-05-18 15:06:59,0,0,0,0,0,0
2026-05-18 15:11:59,0,0,0,0,0,0
2026-05-18 15:16:59,0,0,0,0,0,0
2026-05-18 15:21:59,0,0,0,0,0,0
2026-05-18 15:26:59,0,0,0,0,0,0
2026-05-18 15:31:59,0,0,0,0,0,0
2026-05-18 15:36:59,0,0,0,0,0,0
2026-05-18 15:41:59,0,0,0,0,0,0
2026-05-18 15:46:59,0,0,0,0,0,0
2026-05-18 15:51:59,0,0,0,0,0,0
2026-05-18 15:56:59,0,0,0,0,0,0
2026-05-18 16:02:08,0,0,0,0,0,0
2026-05-18 16:06:59,0,0,0,0,0,0
2026-05-18 16:11:59,0,0,0,0,0,0
2026-05-18 16:16:59,0,0,0,0,0,0
2026-05-18 16:21:59,0,0,0,0,0,0
2026-05-18 16:26:59,0,0,0,0,0,0
2026-05-18 16:31:59,0,0,0,0,0,0
2026-05-18 16:36:59,0,0,0,0,0,0
2026-05-18 16:41:59,0,0,0,0,0,0
2026-05-18 16:46:59,0,0,0,0,0,0
2026-05-18 16:51:59,0,0,0,0,0,0
2026-05-18 16:56:59,0,0,0,0,0,0
2026-05-18 17:01:59,0,0,0,0,0,0
2026-05-18 17:06:59,0,0,0,0,0,0
2026-05-18 17:11:59,0,0,0,0,0,0
2026-05-18 17:16:59,0,0,0,0,0,0
2026-05-18 17:21:59,0,0,0,0,0,0
2026-05-18 17:26:59,0,0,0,0,0,0
2026-05-18 17:31:59,0,0,0,0,0,0
2026-05-18 17:36:59,0,0,0,0,0,0
2026-05-18 17:41:59,0,0,0,0,0,0
2026-05-18 17:46:59,0,0,0,0,0,0
2026-05-18 17:51:59,0,0,0,0,0,0
2026-05-18 17:56:59,0,0,0,0,0,0
2026-05-18 18:01:59,0,0,0,0,0,0
2026-05-18 18:06:59,0,0,0,0,0,0
2026-05-18 18:11:59,0,0,0,0,0,0
2026-05-18 18:16:59,0,0,0,0,0,0
2026-05-18 18:21:59,0,0,0,0,0,0
2026-05-18 18:26:59,0,0,0,0,0,0
2026-05-18 18:31:59,0,0,0,0,0,0
2026-05-18 18:36:59,0,0,0,0,0,0
2026-05-18 18:42:00,0,0,0,0,0,0
2026-05-18 18:46:59,0,0,0,0,0,0
2026-05-18 18:51:59,0,0,0,0,0,0
2026-05-18 18:56:59,0,0,0,0,0,0
2026-05-18 19:01:59,0,0,0,0,0,0
2026-05-18 19:07:00,0,0,0,0,0,0
2026-05-18 19:11:59,0,0,0,0,0,0
2026-05-18 19:17:00,0,0,0,0,0,0
2026-05-18 19:22:00,0,0,0,0,0,0
2026-05-18 19:27:00,0,0,0,0,0,0
2026-05-18 19:32:00,0,0,0,0,0,0
2026-05-18 19:37:00,0,0,0,0,0,0
2026-05-18 19:42:00,0,0,0,0,0,0
2026-05-18 19:47:00,0,0,0,0,0,0
2026-05-18 19:51:59,0,0,0,0,0,0
2026-05-18 19:57:00,0,0,0,0,0,0
2026-05-18 20:02:00,0,0,0,0,0,0
2026-05-18 20:07:01,0,0,0,0,0,0
2026-05-18 20:12:00,0,0,0,0,0,0
2026-05-18 20:17:00,0,0,0,0,0,0
2026-05-18 20:22:00,0,0,0,0,0,0
2026-05-18 20:27:00,0,0,0,0,0,0
2026-05-18 20:32:00,0,0,0,0,0,0
2026-05-18 20:37:00,0,0,0,0,0,0
2026-05-18 20:42:00,0,0,0,0,0,0
2026-05-18 20:47:00,0,0,0,0,0,0
2026-05-18 20:52:00,0,0,0,0,0,0
2026-05-18 20:57:00,0,0,0,0,0,0
2026-05-18 21:02:00,0,0,0,0,0,0
2026-05-18 21:07:00,0,0,0,0,0,0
2026-05-18 21:12:00,0,0,0,0,0,0
2026-05-18 21:17:00,0,0,0,0,0,0
2026-05-18 21:22:00,0,0,0,0,0,0
2026-05-18 21:27:00,0,0,0,0,0,0
2026-05-18 21:32:00,0,0,0,0,0,0
2026-05-18 21:37:00,0,0,0,0,0,0
2026-05-18 21:42:00,0,0,0,0,0,0
2026-05-18 21:47:00,0,0,0,0,0,0
2026-05-18 21:52:00,0,0,0,0,0,0
2026-05-18 21:57:00,0,0,0,0,0,0
2026-05-18 22:02:00,0,0,0,0,0,0
2026-05-18 22:07:00,0,0,0,0,0,0
2026-05-18 22:12:00,0,0,0,0,0,0
2026-05-18 22:17:00,0,0,0,0,0,0
2026-05-18 22:22:00,0,0,0,0,0,0
2026-05-18 22:27:00,0,0,0,0,0,0
2026-05-18 22:32:00,0,0,0,0,0,0
2026-05-18 22:37:00,0,0,0,0,0,0
2026-05-18 22:42:00,0,0,0,0,0,0
2026-05-18 22:47:00,0,0,0,0,0,0
2026-05-18 22:52:00,0,0,0,0,0,0
2026-05-18 22:57:00,0,0,0,0,0,0
2026-05-18 23:02:00,0,0,0,0,0,0
2026-05-18 23:07:00,0,0,0,0,0,0
2026-05-18 23:12:00,0,0,0,0,0,0
2026-05-18 23:17:00,0,0,0,0,0,0
2026-05-18 23:22:00,0,0,0,0,0,0
2026-05-18 23:27:00,0,0,0,0,0,0
2026-05-18 23:32:00,0,0,0,0,0,0
2026-05-18 23:37:00,0,0,0,0,0,0
2026-05-18 23:42:00,0,0,0,0,0,0
2026-05-18 23:47:00,0,0,0,0,0,0
2026-05-18 23:52:00,0,0,0,0,0,0
2026-05-18 23:57:00,0,0,0,0,0,0
2026-05-19 00:02:00,0,0,0,0,0,0
2026-05-19 00:07:00,0,0,0,0,0,0
2026-05-19 00:12:00,0,0,0,0,0,0
2026-05-19 00:17:00,0,0,0,0,0,0
2026-05-19 00:22:00,0,0,0,0,0,0
2026-05-19 00:27:00,0,0,0,0,0,0
2026-05-19 00:32:00,0,0,0,0,0,0
2026-05-19 00:37:00,0,0,0,0,0,0
2026-05-19 00:42:00,0,0,0,0,0,0
2026-05-19 00:47:00,0,0,0,0,0,0
2026-05-19 00:52:00,0,0,0,0,0,0
2026-05-19 00:57:00,0,0,0,0,0,0
2026-05-19 01:02:00,0,0,0,0,0,0
2026-05-19 01:07:00,0,0,0,0,0,0
2026-05-19 01:12:00,0,0,0,0,0,0
2026-05-19 01:17:00,0,0,0,0,0,0
2026-05-19 01:22:00,0,0,0,0,0,0
2026-05-19 01:27:00,0,0,0,0,0,0
2026-05-19 01:32:00,0,0,0,0,0,0
2026-05-19 01:37:00,0,0,0,0,0,0
2026-05-19 01:42:00,0,0,0,0,0,0
2026-05-19 01:47:00,0,0,0,0,0,0
2026-05-19 01:52:00,0,0,0,0,0,0
2026-05-19 01:57:00,0,0,0,0,0,0
2026-05-19 02:02:00,0,0,0,0,0,0
2026-05-19 02:07:00,0,0,0,0,0,0
2026-05-19 02:12:00,0,0,0,0,0,0
2026-05-19 02:17:00,0,0,0,0,0,0
2026-05-19 02:22:00,0,0,0,0,0,0
2026-05-19 02:27:00,0,0,0,0,0,0
2026-05-19 02:32:00,0,0,0,0,0,0
2026-05-19 02:37:00,0,0,0,0,0,0
2026-05-19 02:42:00,0,0,0,0,0,0
2026-05-19 02:47:00,0,0,0,0,0,0
2026-05-19 02:52:00,0,0,0,0,0,0
2026-05-19 02:57:00,0,0,0,0,0,0
2026-05-19 03:02:00,0,0,0,0,0,0
2026-05-19 03:07:00,0,0,0,0,0,0
2026-05-19 03:12:00,0,0,0,0,0,0
2026-05-19 03:17:00,0,0,0,0,0,0
2026-05-19 03:22:00,0,0,0,0,0,0
2026-05-19 03:27:00,0,0,0,0,0,0
2026-05-19 03:32:00,0,0,0,0,0,0
2026-05-19 03:37:00,0,0,0,0,0,0
2026-05-19 03:42:00,0,0,0,0,0,0
2026-05-19 03:47:00,0,0,0,0,0,0
2026-05-19 03:52:00,0,0,0,0,0,0
2026-05-19 03:57:00,0,0,0,0,0,0
2026-05-19 04:02:00,0,0,0,0,0,0
2026-05-19 04:07:00,0,0,0,0,0,0
2026-05-19 04:12:00,0,0,0,0,0,0
2026-05-19 04:17:00,0,0,0,0,0,0
2026-05-19 04:22:00,0,0,0,0,0,0
2026-05-19 04:27:00,0,0,0,0,0,0
2026-05-19 04:32:00,0,0,0,0,0,0
2026-05-19 04:37:00,0,0,0,0,0,0
2026-05-19 04:42:00,0,0,0,0,0,0
2026-05-19 04:47:00,0,0,0,0,0,0
2026-05-19 04:52:00,0,0,0,0,0,0
2026-05-19 04:57:00,0,0,0,0,0,0
2026-05-19 05:02:00,0,0,0,0,0,0
2026-05-19 05:07:00,0,0,0,0,0,0
2026-05-19 05:12:00,0,0,0,0,0,0
2026-05-19 05:17:00,0,0,0,0,0,0
2026-05-19 05:22:00,0,0,0,0,0,0
2026-05-19 05:27:00,0,0,0,0,0,0
2026-05-19 05:32:00,0,0,0,0,0,0
2026-05-19 05:37:00,0,0,0,0,0,0
2026-05-19 05:42:00,0,0,0,0,0,0
2026-05-19 05:47:00,0,0,0,0,0,0
2026-05-19 05:52:00,0,0,0,0,0,0
2026-05-19 05:57:00,0,0,0,0,0,0
2026-05-19 06:02:00,0,0,0,0,0,0
2026-05-19 06:07:00,0,0,0,0,0,0
2026-05-19 06:12:00,0,0,0,0,0,0
2026-05-19 06:17:00,0,0,0,0,0,0
2026-05-19 06:22:00,0,0,0,0,0,0
2026-05-19 06:27:00,0,0,0,0,0,0
2026-05-19 06:32:00,0,0,0,0,0,0
2026-05-19 06:37:00,0,0,0,0,0,0
2026-05-19 06:42:00,0,0,0,0,0,0
2026-05-19 06:47:00,0,0,0,0,0,0
2026-05-19 06:52:00,0,0,0,0,0,0
2026-05-19 06:57:00,0,0,0,0,0,0
2026-05-19 07:02:00,0,0,0,0,0,0
2026-05-19 07:07:00,0,0,0,0,0,0
2026-05-19 07:12:01,0,0,0,0,0,0
2026-05-19 07:17:00,0,0,0,0,0,0
2026-05-19 07:22:00,0,0,0,0,0,0
2026-05-19 07:27:00,0,0,0,0,0,0
2026-05-19 07:32:00,0,0,0,0,0,0
2026-05-19 07:37:00,0,0,0,0,0,0
2026-05-19 07:42:00,0,0,0,0,0,0
2026-05-19 07:47:00,0,0,0,0,0,0
2026-05-19 07:52:00,0,0,0,0,0,0
2026-05-19 07:57:00,0,0,0,0,0,0
2026-05-19 08:02:00,0,0,0,0,0,0
2026-05-19 08:07:00,0,0,0,0,0,0
2026-05-19 08:12:00,0,0,0,0,0,0
2026-05-19 08:17:00,0,0,0,0,0,0
2026-05-19 08:22:00,0,0,0,0,0,0
2026-05-19 08:27:00,0,0,0,0,0,0
2026-05-19 08:32:00,0,0,0,0,0,0
2026-05-19 08:37:00,0,0,0,0,0,0
2026-05-19 08:42:00,0,0,0,0,0,0
2026-05-19 08:47:00,0,0,0,0,0,0
2026-05-19 08:52:00,0,0,0,0,0,0
2026-05-19 08:57:00,0,0,0,0,0,0
2026-05-19 09:02:00,0,0,0,0,0,0
2026-05-19 09:07:00,0,0,0,0,0,0
2026-05-19 09:12:00,0,0,0,0,0,0
2026-05-19 09:17:00,0,0,0,0,0,0
2026-05-19 09:22:00,0,0,0,0,0,0
2026-05-19 09:27:00,0,0,0,0,0,0
2026-05-19 09:32:00,0,0,0,0,0,0
2026-05-19 09:37:00,0,0,0,0,0,0
2026-05-19 09:42:00,0,0,0,0,0,0
2026-05-19 09:47:00,0,0,0,0,0,0
2026-05-19 09:52:00,0,0,0,0,0,0
2026-05-19 09:57:00,0,0,0,0,0,0
2026-05-19 10:02:00,0,0,0,0,0,0
2026-05-19 10:07:00,0,0,0,0,0,0
2026-05-19 10:12:00,0,0,0,0,0,0
2026-05-19 10:17:00,0,0,0,0,0,0
2026-05-19 10:22:00,0,0,0,0,0,0
2026-05-19 10:27:00,0,0,0,0,0,0
2026-05-19 10:32:00,0,0,0,0,0,0
2026-05-19 10:37:00,0,0,0,0,0,0
2026-05-19 10:42:00,0,0,0,0,0,0
2026-05-19 10:47:00,0,0,0,0,0,0
2026-05-19 10:52:00,0,0,0,0,0,0
2026-05-19 10:57:00,0,0,0,0,0,0
2026-05-19 11:02:00,0,0,0,0,0,0
2026-05-19 11:07:00,0,0,0,0,0,0
2026-05-19 11:12:00,0,0,0,0,0,0
2026-05-19 11:17:00,0,0,0,0,0,0
2026-05-19 11:22:00,0,0,0,0,0,0
2026-05-19 11:27:00,0,0,0,0,0,0
2026-05-19 11:32:00,0,0,0,0,0,0
2026-05-19 11:37:00,0,0,0,0,0,0
2026-05-19 11:42:00,0,0,0,0,0,0
2026-05-19 11:47:00,0,0,0,0,0,0
2026-05-19 11:52:00,0,0,0,0,0,0
2026-05-19 11:57:00,0,0,0,0,0,0
2026-05-19 12:02:00,0,0,0,0,0,0
2026-05-19 12:07:00,0,0,0,0,0,0
2026-05-19 12:12:00,0,0,0,0,0,0
2026-05-19 12:17:00,0,0,0,0,0,0
2026-05-19 12:22:00,0,0,0,0,0,0
2026-05-19 12:27:00,0,0,0,0,0,0
2026-05-19 12:32:00,0,0,0,0,0,0
2026-05-19 12:37:00,0,0,0,0,0,0
2026-05-19 12:42:00,0,0,0,0,0,0
2026-05-19 12:47:00,0,0,0,0,0,0
2026-05-19 12:52:00,0,0,0,0,0,0
2026-05-19 12:57:00,0,0,0,0,0,0
2026-05-19 13:02:01,0,0,0,0,0,0
2026-05-19 13:07:00,0,0,0,0,0,0
2026-05-19 13:12:00,0,0,0,0,0,0
2026-05-19 13:17:00,0,0,0,0,0,0
2026-05-19 13:22:00,0,0,0,0,0,0
2026-05-19 13:27:00,0,0,0,0,0,0
2026-05-19 13:32:00,0,0,0,0,0,0
2026-05-19 13:37:00,0,0,0,0,0,0
2026-05-19 13:42:00,0,0,0,0,0,0
2026-05-19 13:47:00,0,0,0,0,0,0
2026-05-19 13:52:00,0,0,0,0,0,0
2026-05-19 13:57:00,0,0,0,0,0,0
2026-05-19 14:02:01,0,0,0,0,0,0
2026-05-19 14:07:00,0,0,0,0,0,0
2026-05-19 14:12:00,0,0,0,0,0,0
2026-05-19 14:17:01,0,0,0,0,0,0
2026-05-19 14:22:01,0,0,0,0,0,0
2026-05-19 14:27:00,0,0,0,0,0,0
2026-05-19 14:32:01,0,0,0,0,0,0
2026-05-19 14:37:01,0,0,0,0,0,0
2026-05-19 14:42:01,0,0,0,0,0,0
2026-05-19 14:47:01,0,0,0,0,0,0
2026-05-19 14:52:01,0,0,0,0,0,0
2026-05-19 14:57:01,0,0,0,0,0,0
2026-05-19 15:02:01,0,0,0,0,0,0
2026-05-19 15:07:01,0,0,0,0,0,0
2026-05-19 15:12:01,0,0,0,0,0,0
2026-05-19 15:17:01,0,0,0,0,0,0
2026-05-19 15:22:01,0,0,0,0,0,0
2026-05-19 15:27:01,0,0,0,0,0,0
2026-05-19 15:32:01,0,0,0,0,0,0
2026-05-19 15:37:01,0,0,0,0,0,0
2026-05-19 15:42:01,0,0,0,0,0,0
2026-05-19 15:47:01,0,0,0,0,0,0
2026-05-19 15:52:01,0,0,0,0,0,0
2026-05-19 15:57:01,0,0,0,0,0,0
2026-05-19 16:02:09,0,0,0,0,0,0
2026-05-19 16:07:01,0,0,0,0,0,0
2026-05-19 16:12:01,0,0,0,0,0,0
2026-05-19 16:17:01,0,0,0,0,0,0
2026-05-19 16:22:01,0,0,0,0,0,0
2026-05-19 16:27:01,0,0,0,0,0,0
2026-05-19 16:32:01,0,0,0,0,0,0
2026-05-19 16:37:01,0,0,0,0,0,0
2026-05-19 16:42:01,0,0,0,0,0,0
2026-05-19 16:47:01,0,0,0,0,0,0
2026-05-19 16:52:01,0,0,0,0,0,0
2026-05-19 16:57:01,0,0,0,0,0,0
2026-05-19 17:02:01,0,0,0,0,0,0
2026-05-19 17:07:01,0,0,0,0,0,0
2026-05-19 17:12:01,0,0,0,0,0,0
2026-05-19 17:17:01,0,0,0,0,0,0
2026-05-19 17:22:01,0,0,0,0,0,0
2026-05-19 17:27:01,0,0,0,0,0,0
2026-05-19 17:32:01,0,0,0,0,0,0
2026-05-19 17:37:01,0,0,0,0,0,0
2026-05-19 17:42:01,0,0,0,0,0,0
2026-05-19 17:47:01,0,0,0,0,0,0
2026-05-19 17:52:01,0,0,0,0,0,0
2026-05-19 17:57:01,0,0,0,0,0,0
2026-05-19 18:02:01,0,0,0,0,0,0
2026-05-19 18:07:01,0,0,0,0,0,0
2026-05-19 18:12:01,0,0,0,0,0,0
2026-05-19 18:17:01,0,0,0,0,0,0
2026-05-19 18:22:01,0,0,0,0,0,0
2026-05-19 18:27:01,0,0,0,0,0,0
2026-05-19 18:32:01,0,0,0,0,0,0
2026-05-19 18:37:01,0,0,0,0,0,0
2026-05-19 18:42:02,0,0,0,0,0,0
2026-05-19 18:47:01,0,0,0,0,0,0
2026-05-19 18:52:01,0,0,0,0,0,0
2026-05-19 18:57:02,0,0,0,0,0,0
2026-05-19 19:02:01,0,0,0,0,0,0
2026-05-19 19:07:01,0,0,0,0,0,0
2026-05-19 19:12:01,0,0,0,0,0,0
2026-05-19 19:17:01,0,0,0,0,0,0
2026-05-19 19:22:01,0,0,0,0,0,0
2026-05-19 19:27:01,0,0,0,0,0,0
2026-05-19 19:32:01,0,0,0,0,0,0
2026-05-19 19:37:01,0,0,0,0,0,0
2026-05-19 19:42:01,0,0,0,0,0,0
2026-05-19 19:47:01,0,0,0,0,0,0
2026-05-19 19:52:01,0,0,0,0,0,0
2026-05-19 19:57:01,0,0,0,0,0,0
2026-05-19 20:02:01,0,0,0,0,0,0
2026-05-19 20:07:01,0,0,0,0,0,0
2026-05-19 20:12:01,0,0,0,0,0,0
2026-05-19 20:17:01,0,0,0,0,0,0
2026-05-19 20:22:01,0,0,0,0,0,0
2026-05-19 20:27:01,0,0,0,0,0,0
2026-05-19 20:32:01,0,0,0,0,0,0
2026-05-19 20:37:01,0,0,0,0,0,0
2026-05-19 20:42:01,0,0,0,0,0,0
2026-05-19 20:47:01,0,0,0,0,0,0
2026-05-19 20:52:01,0,0,0,0,0,0
2026-05-19 20:57:01,0,0,0,0,0,0
2026-05-19 21:02:01,0,0,0,0,0,0
2026-05-19 21:07:01,0,0,0,0,0,0
2026-05-19 21:12:03,0,0,0,0,0,0
2026-05-19 21:17:01,0,0,0,0,0,0
2026-05-19 21:22:01,0,0,0,0,0,0
2026-05-19 21:27:01,0,0,0,0,0,0
2026-05-19 21:32:01,0,0,0,0,0,0
2026-05-19 21:37:01,0,0,0,0,0,0
2026-05-19 21:42:01,0,0,0,0,0,0
2026-05-19 21:47:01,0,0,0,0,0,0
2026-05-19 21:52:01,0,0,0,0,0,0
2026-05-19 21:57:01,0,0,0,0,0,0
2026-05-19 22:02:01,0,0,0,0,0,0
2026-05-19 22:07:01,0,0,0,0,0,0
2026-05-19 22:12:01,0,0,0,0,0,0
2026-05-19 22:17:01,0,0,0,0,0,0
2026-05-19 22:22:01,0,0,0,0,0,0
2026-05-19 22:27:01,0,0,0,0,0,0
2026-05-19 22:32:01,0,0,0,0,0,0
2026-05-19 22:37:01,0,0,0,0,0,0
2026-05-19 22:42:01,0,0,0,0,0,0
2026-05-19 22:47:01,0,0,0,0,0,0
2026-05-19 22:52:01,0,0,0,0,0,0
2026-05-19 22:57:01,0,0,0,0,0,0
2026-05-19 23:02:01,0,0,0,0,0,0
2026-05-19 23:07:02,0,0,0,0,0,0
2026-05-19 23:12:01,0,0,0,0,0,0
2026-05-19 23:17:01,0,0,0,0,0,0
2026-05-19 23:22:01,0,0,0,0,0,0
2026-05-19 23:27:01,0,0,0,0,0,0
2026-05-19 23:32:01,0,0,0,0,0,0
2026-05-19 23:37:01,0,0,0,0,0,0
2026-05-19 23:42:01,0,0,0,0,0,0
2026-05-19 23:47:01,0,0,0,0,0,0
2026-05-19 23:52:01,0,0,0,0,0,0
2026-05-19 23:57:01,0,0,0,0,0,0
2026-05-20 00:02:01,0,0,0,0,0,0
2026-05-20 00:07:01,0,0,0,0,0,0
2026-05-20 00:12:01,0,0,0,0,0,0
2026-05-20 00:17:01,0,0,0,0,0,0
2026-05-20 00:22:01,0,0,0,0,0,0
2026-05-20 00:27:01,0,0,0,0,0,0
2026-05-20 00:32:01,0,0,0,0,0,0
2026-05-20 00:37:01,0,0,0,0,0,0
2026-05-20 00:42:01,0,0,0,0,0,0
2026-05-20 00:47:01,0,0,0,0,0,0
2026-05-20 00:52:01,0,0,0,0,0,0
2026-05-20 00:57:01,0,0,0,0,0,0
2026-05-20 01:02:01,0,0,0,0,0,0
2026-05-20 01:07:01,0,0,0,0,0,0
2026-05-20 01:12:01,0,0,0,0,0,0
2026-05-20 01:17:01,0,0,0,0,0,0
2026-05-20 01:22:01,0,0,0,0,0,0
2026-05-20 01:27:01,0,0,0,0,0,0
2026-05-20 01:32:01,0,0,0,0,0,0
2026-05-20 01:37:01,0,0,0,0,0,0
2026-05-20 01:42:01,0,0,0,0,0,0
2026-05-20 01:47:01,0,0,0,0,0,0
2026-05-20 01:52:01,0,0,0,0,0,0
2026-05-20 01:57:01,0,0,0,0,0,0
2026-05-20 02:02:01,0,0,0,0,0,0
2026-05-20 02:07:01,0,0,0,0,0,0
2026-05-20 02:12:01,0,0,0,0,0,0
2026-05-20 02:17:01,0,0,0,0,0,0
2026-05-20 02:22:01,0,0,0,0,0,0
2026-05-20 02:27:01,0,0,0,0,0,0
2026-05-20 02:32:01,0,0,0,0,0,0
2026-05-20 02:37:01,0,0,0,0,0,0
2026-05-20 02:42:01,0,0,0,0,0,0
2026-05-20 02:47:01,0,0,0,0,0,0
2026-05-20 02:52:01,0,0,0,0,0,0
2026-05-20 02:57:01,0,0,0,0,0,0
2026-05-20 03:02:01,0,0,0,0,0,0
2026-05-20 03:07:01,0,0,0,0,0,0
2026-05-20 03:12:01,0,0,0,0,0,0
2026-05-20 03:17:01,0,0,0,0,0,0
2026-05-20 03:22:04,0,0,0,0,0,0
2026-05-20 03:27:01,0,0,0,0,0,0
2026-05-20 03:32:01,0,0,0,0,0,0
2026-05-20 03:37:01,0,0,0,0,0,0
2026-05-20 03:42:01,0,0,0,0,0,0
2026-05-20 03:47:01,0,0,0,0,0,0
2026-05-20 03:52:01,0,0,0,0,0,0
2026-05-20 03:57:01,0,0,0,0,0,0
2026-05-20 04:02:01,0,0,0,0,0,0
2026-05-20 04:07:01,0,0,0,0,0,0
2026-05-20 04:12:01,0,0,0,0,0,0
2026-05-20 04:17:01,0,0,0,0,0,0
2026-05-20 04:22:01,0,0,0,0,0,0
2026-05-20 04:27:01,0,0,0,0,0,0
2026-05-20 04:32:01,0,0,0,0,0,0
2026-05-20 04:37:01,0,0,0,0,0,0
2026-05-20 04:42:01,0,0,0,0,0,0
2026-05-20 04:47:01,0,0,0,0,0,0
2026-05-20 04:52:01,0,0,0,0,0,0
2026-05-20 04:57:01,0,0,0,0,0,0
2026-05-20 05:02:01,0,0,0,0,0,0
2026-05-20 05:07:01,0,0,0,0,0,0
2026-05-20 05:12:01,0,0,0,0,0,0
2026-05-20 05:17:01,0,0,0,0,0,0
2026-05-20 05:22:01,0,0,0,0,0,0
2026-05-20 05:27:01,0,0,0,0,0,0
2026-05-20 05:32:01,0,0,0,0,0,0
2026-05-20 05:37:01,0,0,0,0,0,0
2026-05-20 05:42:01,0,0,0,0,0,0
2026-05-20 05:47:01,0,0,0,0,0,0
2026-05-20 05:52:01,0,0,0,0,0,0
2026-05-20 05:57:01,0,0,0,0,0,0
2026-05-20 06:02:01,0,0,0,0,0,0
2026-05-20 06:07:01,0,0,0,0,0,0
2026-05-20 06:12:01,0,0,0,0,0,0
2026-05-20 06:17:01,0,0,0,0,0,0
2026-05-20 06:22:01,0,0,0,0,0,0
2026-05-20 06:27:01,0,0,0,0,0,0
2026-05-20 06:32:01,0,0,0,0,0,0
2026-05-20 06:37:01,0,0,0,0,0,0
2026-05-20 06:42:01,0,0,0,0,0,0
2026-05-20 06:47:01,0,0,0,0,0,0
2026-05-20 06:52:01,0,0,0,0,0,0
2026-05-20 06:57:01,0,0,0,0,0,0
2026-05-20 07:02:01,0,0,0,0,0,0
2026-05-20 07:07:01,0,0,0,0,0,0
2026-05-20 07:12:01,0,0,0,0,0,0
2026-05-20 07:17:01,0,0,0,0,0,0
2026-05-20 07:22:01,0,0,0,0,0,0
2026-05-20 07:27:01,0,0,0,0,0,0
2026-05-20 07:32:01,0,0,0,0,0,0
2026-05-20 07:37:01,0,0,0,0,0,0
2026-05-20 07:42:01,0,0,0,0,0,0
2026-05-20 07:47:01,0,0,0,0,0,0
2026-05-20 07:52:01,0,0,0,0,0,0
2026-05-20 07:57:01,0,0,0,0,0,0
2026-05-20 08:02:01,0,0,0,0,0,0
2026-05-20 08:07:01,0,0,0,0,0,0
2026-05-20 08:17:01,0,0,0,0,0,0
2026-05-20 08:22:01,0,0,0,0,0,0
2026-05-20 08:27:01,0,0,0,0,0,0
2026-05-20 08:32:01,0,0,0,0,0,0
2026-05-20 08:37:01,0,0,0,0,0,0
2026-05-20 08:42:01,0,0,0,0,0,0
2026-05-20 08:47:01,0,0,0,0,0,0
2026-05-20 08:52:01,0,0,0,0,0,0
2026-05-20 08:57:04,0,0,0,0,0,0
2026-05-20 09:02:01,0,0,0,0,0,0
2026-05-20 09:07:01,0,0,0,0,0,0
2026-05-20 09:12:01,0,0,0,0,0,0
2026-05-20 09:17:01,0,0,0,0,0,0
2026-05-20 09:22:01,0,0,0,0,0,0
2026-05-20 09:27:01,0,0,0,0,0,0
2026-05-20 09:32:01,0,0,0,0,0,0
2026-05-20 09:37:01,0,0,0,0,0,0
2026-05-20 09:42:01,0,0,0,0,0,0
2026-05-20 09:47:01,0,0,0,0,0,0
2026-05-20 09:52:01,0,0,0,0,0,0
2026-05-20 09:57:01,0,0,0,0,0,0
2026-05-20 10:02:01,0,0,0,0,0,0
2026-05-20 10:07:01,0,0,0,0,0,0
2026-05-20 10:12:01,0,0,0,0,0,0
2026-05-20 10:17:01,0,0,0,0,0,0
2026-05-20 10:22:01,0,0,0,0,0,0
2026-05-20 10:27:01,0,0,0,0,0,0
2026-05-20 10:32:01,0,0,0,0,0,0
2026-05-20 10:37:01,0,0,0,0,0,0
2026-05-20 10:42:01,0,0,0,0,0,0
2026-05-20 10:47:01,0,0,0,0,0,0
2026-05-20 10:52:01,0,0,0,0,0,0
2026-05-20 10:57:01,0,0,0,0,0,0
2026-05-20 11:02:01,0,0,0,0,0,0
2026-05-20 11:07:01,0,0,0,0,0,0
2026-05-20 11:12:01,0,0,0,0,0,0
2026-05-20 11:17:01,0,0,0,0,0,0
2026-05-20 11:22:01,0,0,0,0,0,0
2026-05-20 11:27:01,0,0,0,0,0,0
2026-05-20 11:32:01,0,0,0,0,0,0
2026-05-20 11:37:01,0,0,0,0,0,0
2026-05-20 11:42:01,0,0,0,0,0,0
2026-05-20 11:47:03,0,0,0,0,0,0
2026-05-20 11:52:01,0,0,0,0,0,0
2026-05-20 11:57:01,0,0,0,0,0,0
2026-05-20 12:02:01,0,0,0,0,0,0
2026-05-20 12:07:01,0,0,0,0,0,0
2026-05-20 12:12:01,0,0,0,0,0,0
2026-05-20 12:17:01,0,0,0,0,0,0
2026-05-20 12:22:01,0,0,0,0,0,0
2026-05-20 12:27:01,0,0,0,0,0,0
2026-05-20 12:32:01,0,0,0,0,0,0
2026-05-20 12:37:01,0,0,0,0,0,0
2026-05-20 12:42:01,0,0,0,0,0,0
2026-05-20 12:47:01,0,0,0,0,0,0
2026-05-20 12:52:01,0,0,0,0,0,0
2026-05-20 12:57:01,0,0,0,0,0,0
2026-05-20 13:02:01,0,0,0,0,0,0
2026-05-20 13:07:01,0,0,0,0,0,0
2026-05-20 13:12:01,0,0,0,0,0,0
2026-05-20 13:17:01,0,0,0,0,0,0
2026-05-20 13:22:01,0,0,0,0,0,0
2026-05-20 13:27:01,0,0,0,0,0,0
2026-05-20 13:32:01,0,0,0,0,0,0
2026-05-20 13:37:01,0,0,0,0,0,0
2026-05-20 13:42:01,0,0,0,0,0,0
2026-05-20 13:47:01,0,0,0,0,0,0
2026-05-20 13:52:01,0,0,0,0,0,0
2026-05-20 13:57:01,0,0,0,0,0,0
2026-05-20 14:02:01,0,0,0,0,0,0
2026-05-20 14:07:01,0,0,0,0,0,0
2026-05-20 14:12:01,0,0,0,0,0,0
2026-05-20 14:17:01,0,0,0,0,0,0
2026-05-20 14:22:01,0,0,0,0,0,0
2026-05-20 14:27:02,0,0,0,0,0,0
2026-05-20 14:32:06,0,0,0,0,0,0
2026-05-20 14:37:02,0,0,0,0,0,0
2026-05-20 14:42:01,0,0,0,0,0,0
2026-05-20 14:47:01,0,0,0,0,0,0
2026-05-20 14:52:02,0,0,0,0,0,0
2026-05-20 14:57:02,0,0,0,0,0,0
2026-05-20 15:02:02,0,0,0,0,0,0
2026-05-20 15:07:02,0,0,0,0,0,0
2026-05-20 15:12:02,0,0,0,0,0,0
2026-05-20 15:17:02,0,0,0,0,0,0
2026-05-20 15:22:02,0,0,0,0,0,0
2026-05-20 15:27:02,0,0,0,0,0,0
2026-05-20 15:32:02,0,0,0,0,0,0
2026-05-20 15:37:02,0,0,0,0,0,0
2026-05-20 15:42:02,0,0,0,0,0,0
2026-05-20 15:47:01,0,0,0,0,0,0
2026-05-20 15:57:02,0,0,0,0,0,0
2026-05-20 16:02:09,0,0,0,0,0,0
2026-05-20 16:07:02,0,0,0,0,0,0
2026-05-20 16:12:02,0,0,0,0,0,0
2026-05-20 16:17:02,0,0,0,0,0,0
2026-05-20 16:22:02,0,0,0,0,0,0
2026-05-20 16:27:02,0,0,0,0,0,0
2026-05-20 16:32:02,0,0,0,0,0,0
2026-05-20 16:37:02,0,0,0,0,0,0
2026-05-20 16:42:02,0,0,0,0,0,0
2026-05-20 16:47:02,0,0,0,0,0,0
2026-05-20 16:52:02,0,0,0,0,0,0
2026-05-20 16:57:02,0,0,0,0,0,0
2026-05-20 17:02:02,0,0,0,0,0,0
2026-05-20 17:07:02,0,0,0,0,0,0
2026-05-20 17:17:02,0,0,0,0,0,0
2026-05-20 17:22:02,0,0,0,0,0,0
2026-05-20 17:27:02,0,0,0,0,0,0
2026-05-20 17:32:02,0,0,0,0,0,0
2026-05-20 17:37:02,0,0,0,0,0,0
2026-05-20 17:42:02,0,0,0,0,0,0
2026-05-20 17:47:02,0,0,0,0,0,0
2026-05-20 17:52:02,0,0,0,0,0,0
2026-05-20 17:57:02,0,0,0,0,0,0
2026-05-20 18:02:02,0,0,0,0,0,0
2026-05-20 18:07:02,0,0,0,0,0,0
2026-05-20 18:12:02,0,0,0,0,0,0
2026-05-20 18:17:02,0,0,0,0,0,0
2026-05-20 18:22:02,0,0,0,0,0,0
2026-05-20 18:27:02,0,0,0,0,0,0
2026-05-20 18:32:02,0,0,0,0,0,0
2026-05-20 18:37:02,0,0,0,0,0,0
2026-05-20 18:42:02,0,0,0,0,0,0
2026-05-20 18:47:02,0,0,0,0,0,0
2026-05-20 18:52:02,0,0,0,0,0,0
2026-05-20 18:57:02,0,0,0,0,0,0
2026-05-20 19:02:02,0,0,0,0,0,0
2026-05-20 19:07:02,0,0,0,0,0,0
2026-05-20 19:12:02,0,0,0,0,0,0
2026-05-20 19:17:02,0,0,0,0,0,0
2026-05-20 19:22:02,0,0,0,0,0,0
2026-05-20 19:27:02,0,0,0,0,0,0
2026-05-20 19:32:02,0,0,0,0,0,0
2026-05-20 19:37:02,0,0,0,0,0,0
2026-05-20 19:42:02,0,0,0,0,0,0
2026-05-20 19:47:02,0,0,0,0,0,0
2026-05-20 19:52:02,0,0,0,0,0,0
2026-05-20 19:57:02,0,0,0,0,0,0
2026-05-20 20:02:02,0,0,0,0,0,0
2026-05-20 20:07:02,0,0,0,0,0,0
2026-05-20 20:12:02,0,0,0,0,0,0
2026-05-20 20:17:02,0,0,0,0,0,0
2026-05-20 20:22:02,0,0,0,0,0,0
2026-05-20 20:27:02,0,0,0,0,0,0
2026-05-20 20:32:02,0,0,0,0,0,0
2026-05-20 20:37:02,0,0,0,0,0,0
2026-05-20 20:42:02,0,0,0,0,0,0
2026-05-20 20:47:02,0,0,0,0,0,0
2026-05-20 20:52:02,0,0,0,0,0,0
2026-05-20 20:57:02,0,0,0,0,0,0
2026-05-20 21:02:02,0,0,0,0,0,0
2026-05-20 21:07:02,0,0,0,0,0,0
2026-05-20 21:12:02,0,0,0,0,0,0
2026-05-20 21:17:02,0,0,0,0,0,0
2026-05-20 21:22:02,0,0,0,0,0,0
2026-05-20 21:27:02,0,0,0,0,0,0
2026-05-20 21:32:02,0,0,0,0,0,0
2026-05-20 21:37:02,0,0,0,0,0,0
2026-05-20 21:42:02,0,0,0,0,0,0
2026-05-20 21:47:02,0,0,0,0,0,0
2026-05-20 21:52:02,0,0,0,0,0,0
2026-05-20 21:57:02,0,0,0,0,0,0
2026-05-20 22:02:02,0,0,0,0,0,0
2026-05-20 22:07:02,0,0,0,0,0,0
2026-05-20 22:12:02,0,0,0,0,0,0
2026-05-20 22:17:03,0,0,0,0,0,0
2026-05-20 22:22:02,0,0,0,0,0,0
2026-05-20 22:27:02,0,0,0,0,0,0
2026-05-20 22:32:02,0,0,0,0,0,0
2026-05-20 22:37:02,0,0,0,0,0,0
2026-05-20 22:42:02,0,0,0,0,0,0
2026-05-20 22:47:02,0,0,0,0,0,0
2026-05-20 22:52:02,0,0,0,0,0,0
2026-05-20 22:57:02,0,0,0,0,0,0
2026-05-20 23:02:02,0,0,0,0,0,0
2026-05-20 23:07:03,0,0,0,0,0,0
2026-05-20 23:12:02,0,0,0,0,0,0
2026-05-20 23:17:02,0,0,0,0,0,0
2026-05-20 23:22:02,0,0,0,0,0,0
2026-05-20 23:27:02,0,0,0,0,0,0
2026-05-20 23:32:02,0,0,0,0,0,0
2026-05-20 23:37:02,0,0,0,0,0,0
2026-05-20 23:42:02,0,0,0,0,0,0
2026-05-20 23:47:02,0,0,0,0,0,0
2026-05-20 23:52:02,0,0,0,0,0,0
2026-05-20 23:57:02,0,0,0,0,0,0
2026-05-21 00:02:02,0,0,0,0,0,0
2026-05-21 00:07:02,0,0,0,0,0,0
2026-05-21 00:12:02,0,0,0,0,0,0
2026-05-21 00:17:02,0,0,0,0,0,0
2026-05-21 00:22:02,0,0,0,0,0,0
2026-05-21 00:27:02,0,0,0,0,0,0
2026-05-21 00:32:02,0,0,0,0,0,0
2026-05-21 00:37:02,0,0,0,0,0,0
2026-05-21 00:42:02,0,0,0,0,0,0
2026-05-21 00:47:02,0,0,0,0,0,0
2026-05-21 00:52:02,0,0,0,0,0,0
2026-05-21 00:57:02,0,0,0,0,0,0
2026-05-21 01:02:02,0,0,0,0,0,0
2026-05-21 01:07:02,0,0,0,0,0,0
2026-05-21 01:12:02,0,0,0,0,0,0
2026-05-21 01:17:02,0,0,0,0,0,0
2026-05-21 01:22:02,0,0,0,0,0,0
2026-05-21 01:27:02,0,0,0,0,0,0
2026-05-21 01:32:02,0,0,0,0,0,0
2026-05-21 01:37:02,0,0,0,0,0,0
2026-05-21 01:42:02,0,0,0,0,0,0
2026-05-21 01:47:02,0,0,0,0,0,0
2026-05-21 01:52:02,0,0,0,0,0,0
2026-05-21 01:57:02,0,0,0,0,0,0
2026-05-21 02:02:02,0,0,0,0,0,0
2026-05-21 02:07:02,0,0,0,0,0,0
2026-05-21 02:12:02,0,0,0,0,0,0
2026-05-21 02:17:02,0,0,0,0,0,0
2026-05-21 02:22:02,0,0,0,0,0,0
2026-05-21 02:27:02,0,0,0,0,0,0
2026-05-21 02:32:05,0,0,0,0,0,0
2026-05-21 02:37:02,0,0,0,0,0,0
2026-05-21 02:42:02,0,0,0,0,0,0
2026-05-21 02:47:02,0,0,0,0,0,0
2026-05-21 02:52:02,0,0,0,0,0,0
2026-05-21 02:57:02,0,0,0,0,0,0
2026-05-21 03:02:02,0,0,0,0,0,0
2026-05-21 03:07:02,0,0,0,0,0,0
2026-05-21 03:12:02,0,0,0,0,0,0
2026-05-21 03:17:02,0,0,0,0,0,0
2026-05-21 03:22:02,0,0,0,0,0,0
2026-05-21 03:27:02,0,0,0,0,0,0
2026-05-21 03:32:02,0,0,0,0,0,0
2026-05-21 03:37:02,0,0,0,0,0,0
2026-05-21 03:42:02,0,0,0,0,0,0
2026-05-21 03:47:02,0,0,0,0,0,0
2026-05-21 03:52:02,0,0,0,0,0,0
2026-05-21 03:57:02,0,0,0,0,0,0
2026-05-21 04:02:02,0,0,0,0,0,0
2026-05-21 04:07:02,0,0,0,0,0,0
2026-05-21 04:12:02,0,0,0,0,0,0
2026-05-21 04:17:02,0,0,0,0,0,0
2026-05-21 04:22:02,0,0,0,0,0,0
2026-05-21 04:27:02,0,0,0,0,0,0
2026-05-21 04:32:02,0,0,0,0,0,0
2026-05-21 04:37:02,0,0,0,0,0,0
2026-05-21 04:42:02,0,0,0,0,0,0
2026-05-21 04:47:02,0,0,0,0,0,0
2026-05-21 04:52:02,0,0,0,0,0,0
2026-05-21 04:57:02,0,0,0,0,0,0
2026-05-21 05:02:02,0,0,0,0,0,0
2026-05-21 05:07:02,0,0,0,0,0,0
2026-05-21 05:12:02,0,0,0,0,0,0
2026-05-21 05:17:02,0,0,0,0,0,0
2026-05-21 05:22:02,0,0,0,0,0,0
2026-05-21 05:27:02,0,0,0,0,0,0
2026-05-21 05:32:02,0,0,0,0,0,0
2026-05-21 05:37:02,0,0,0,0,0,0
2026-05-21 05:42:02,0,0,0,0,0,0
2026-05-21 05:47:02,0,0,0,0,0,0
2026-05-21 05:52:02,0,0,0,0,0,0
2026-05-21 05:57:02,0,0,0,0,0,0
2026-05-21 06:02:02,0,0,0,0,0,0
2026-05-21 06:07:02,0,0,0,0,0,0
2026-05-21 06:12:02,0,0,0,0,0,0
2026-05-21 06:17:02,0,0,0,0,0,0
2026-05-21 06:22:02,0,0,0,0,0,0
2026-05-21 06:27:02,0,0,0,0,0,0
2026-05-21 06:32:02,0,0,0,0,0,0
2026-05-21 06:37:02,0,0,0,0,0,0
2026-05-21 06:42:02,0,0,0,0,0,0
2026-05-21 06:47:02,0,0,0,0,0,0
2026-05-21 06:52:02,0,0,0,0,0,0
2026-05-21 06:57:02,0,0,0,0,0,0
2026-05-21 07:02:02,0,0,0,0,0,0
2026-05-21 07:07:02,0,0,0,0,0,0
2026-05-21 07:12:05,0,0,0,0,0,0
2026-05-21 07:17:05,0,0,0,0,0,0
2026-05-21 07:22:02,0,0,0,0,0,0
2026-05-21 07:27:02,0,0,0,0,0,0
2026-05-21 07:32:02,0,0,0,0,0,0
2026-05-21 07:37:02,0,0,0,0,0,0
2026-05-21 07:42:02,0,0,0,0,0,0
2026-05-21 07:47:02,0,0,0,0,0,0
2026-05-21 07:52:02,0,0,0,0,0,0
2026-05-21 07:57:02,0,0,0,0,0,0
2026-05-21 08:02:02,0,0,0,0,0,0
2026-05-21 08:07:02,0,0,0,0,0,0
2026-05-21 08:12:02,0,0,0,0,0,0
2026-05-21 08:17:02,0,0,0,0,0,0
2026-05-21 08:22:02,0,0,0,0,0,0
2026-05-21 08:27:02,0,0,0,0,0,0
2026-05-21 08:32:02,0,0,0,0,0,0
2026-05-21 08:37:02,0,0,0,0,0,0
2026-05-21 08:42:02,0,0,0,0,0,0
2026-05-21 08:47:02,0,0,0,0,0,0
2026-05-21 08:52:02,0,0,0,0,0,0
2026-05-21 08:57:02,0,0,0,0,0,0
2026-05-21 09:02:02,0,0,0,0,0,0
2026-05-21 09:07:02,0,0,0,0,0,0
2026-05-21 09:12:02,0,0,0,0,0,0
2026-05-21 09:17:02,0,0,0,0,0,0
2026-05-21 09:22:02,0,0,0,0,0,0
2026-05-21 09:27:02,0,0,0,0,0,0
2026-05-21 09:32:02,0,0,0,0,0,0
2026-05-21 09:37:02,0,0,0,0,0,0
2026-05-21 09:42:02,0,0,0,0,0,0
2026-05-21 09:47:02,0,0,0,0,0,0
2026-05-21 09:52:02,0,0,0,0,0,0
2026-05-21 09:57:02,0,0,0,0,0,0
2026-05-21 10:02:02,0,0,0,0,0,0
2026-05-21 10:07:02,0,0,0,0,0,0
2026-05-21 10:12:02,0,0,0,0,0,0
2026-05-21 10:17:02,0,0,0,0,0,0
2026-05-21 10:22:02,0,0,0,0,0,0
2026-05-21 10:27:02,0,0,0,0,0,0
2026-05-21 10:32:02,0,0,0,0,0,0
2026-05-21 10:37:02,0,0,0,0,0,0
2026-05-21 10:42:02,0,0,0,0,0,0
2026-05-21 10:47:02,0,0,0,0,0,0
2026-05-21 10:52:02,0,0,0,0,0,0
2026-05-21 10:57:02,0,0,0,0,0,0
2026-05-21 11:02:02,0,0,0,0,0,0
2026-05-21 11:07:02,0,0,0,0,0,0
2026-05-21 11:12:02,0,0,0,0,0,0
2026-05-21 11:17:02,0,0,0,0,0,0
2026-05-21 11:22:02,0,0,0,0,0,0
2026-05-21 11:27:02,0,0,0,0,0,0
2026-05-21 11:32:02,0,0,0,0,0,0
2026-05-21 11:37:02,0,0,0,0,0,0
2026-05-21 11:42:02,0,0,0,0,0,0
2026-05-21 11:47:02,0,0,0,0,0,0
2026-05-21 11:52:02,0,0,0,0,0,0
2026-05-21 11:57:02,0,0,0,0,0,0
2026-05-21 12:02:02,0,0,0,0,0,0
2026-05-21 12:07:02,0,0,0,0,0,0
2026-05-21 12:12:02,0,0,0,0,0,0
2026-05-21 12:17:02,0,0,0,0,0,0
2026-05-21 12:22:02,0,0,0,0,0,0
2026-05-21 12:27:02,0,0,0,0,0,0
2026-05-21 12:32:02,0,0,0,0,0,0
2026-05-21 12:37:02,0,0,0,0,0,0
2026-05-21 12:42:02,0,0,0,0,0,0
2026-05-21 12:47:02,0,0,0,0,0,0
2026-05-21 12:52:02,0,0,0,0,0,0
2026-05-21 12:57:03,0,0,0,0,0,0
2026-05-21 13:02:02,0,0,0,0,0,0
2026-05-21 13:07:03,0,0,0,0,0,0
2026-05-21 13:12:02,0,0,0,0,0,0
2026-05-21 13:17:03,0,0,0,0,0,0
2026-05-21 13:22:03,0,0,0,0,0,0
2026-05-21 13:27:03,0,0,0,0,0,0
2026-05-21 13:32:02,0,0,0,0,0,0
2026-05-21 13:37:03,0,0,0,0,0,0
2026-05-21 13:42:03,0,0,0,0,0,0
2026-05-21 13:47:03,0,0,0,0,0,0
2026-05-21 13:52:02,0,0,0,0,0,0
2026-05-21 13:57:03,0,0,0,0,0,0
2026-05-21 14:02:03,0,0,0,0,0,0
2026-05-21 14:07:03,0,0,0,0,0,0
2026-05-21 14:12:03,0,0,0,0,0,0
2026-05-21 14:17:03,0,0,0,0,0,0
2026-05-21 14:22:03,0,0,0,0,0,0
2026-05-21 14:27:03,0,0,0,0,0,0
2026-05-21 14:32:03,0,0,0,0,0,0
2026-05-21 14:37:02,0,0,0,0,0,0
2026-05-21 14:42:03,0,0,0,0,0,0
2026-05-21 14:47:03,0,0,0,0,0,0
2026-05-21 14:52:03,0,0,0,0,0,0
2026-05-21 14:57:03,0,0,0,0,0,0
2026-05-21 15:02:03,0,0,0,0,0,0
2026-05-21 15:07:03,0,0,0,0,0,0
2026-05-21 15:12:03,0,0,0,0,0,0
2026-05-21 15:17:03,0,0,0,0,0,0
2026-05-21 15:22:03,0,0,0,0,0,0
2026-05-21 15:27:03,0,0,0,0,0,0
2026-05-21 15:32:03,0,0,0,0,0,0
2026-05-21 15:37:03,0,0,0,0,0,0
2026-05-21 15:42:03,0,0,0,0,0,0
2026-05-21 15:47:03,0,0,0,0,0,0
2026-05-21 15:52:03,0,0,0,0,0,0
2026-05-21 15:57:03,0,0,0,0,0,0
2026-05-21 16:02:03,0,0,0,0,0,0
2026-05-21 16:07:03,0,0,0,0,0,0
2026-05-21 16:12:03,0,0,0,0,0,0
2026-05-21 16:17:03,0,0,0,0,0,0
2026-05-21 16:22:03,0,0,0,0,0,0
2026-05-21 16:27:03,0,0,0,0,0,0
2026-05-21 16:32:03,0,0,0,0,0,0
2026-05-21 16:37:03,0,0,0,0,0,0
2026-05-21 16:42:03,0,0,0,0,0,0
2026-05-21 16:47:03,0,0,0,0,0,0
2026-05-21 16:52:03,0,0,0,0,0,0
2026-05-21 16:57:03,0,0,0,0,0,0
2026-05-21 17:02:03,0,0,0,0,0,0
2026-05-21 17:07:03,0,0,0,0,0,0
2026-05-21 17:12:03,0,0,0,0,0,0
2026-05-21 17:17:03,0,0,0,0,0,0
2026-05-21 17:22:03,0,0,0,0,0,0
2026-05-21 17:27:03,0,0,0,0,0,0
2026-05-21 17:32:03,0,0,0,0,0,0
2026-05-21 17:37:03,0,0,0,0,0,0
2026-05-21 17:42:03,0,0,0,0,0,0
2026-05-21 17:47:03,0,0,0,0,0,0
2026-05-21 17:52:03,0,0,0,0,0,0
2026-05-21 17:57:03,0,0,0,0,0,0
2026-05-21 18:02:03,0,0,0,0,0,0
2026-05-21 18:07:03,0,0,0,0,0,0
2026-05-21 18:12:03,0,0,0,0,0,0
2026-05-21 18:17:03,0,0,0,0,0,0
2026-05-21 18:22:03,0,0,0,0,0,0
2026-05-21 18:27:03,0,0,0,0,0,0
2026-05-21 18:32:03,0,0,0,0,0,0
2026-05-21 18:37:03,0,0,0,0,0,0
2026-05-21 18:42:03,0,0,0,0,0,0
2026-05-21 18:47:03,0,0,0,0,0,0
2026-05-21 18:52:03,0,0,0,0,0,0
2026-05-21 18:57:03,0,0,0,0,0,0
2026-05-21 19:02:03,0,0,0,0,0,0
2026-05-21 19:07:03,0,0,0,0,0,0
2026-05-21 19:12:03,0,0,0,0,0,0
2026-05-21 19:17:03,0,0,0,0,0,0
2026-05-21 19:22:03,0,0,0,0,0,0
2026-05-21 19:27:03,0,0,0,0,0,0
2026-05-21 19:32:03,0,0,0,0,0,0
2026-05-21 19:37:03,0,0,0,0,0,0
2026-05-21 19:42:03,0,0,0,0,0,0
2026-05-21 19:47:03,0,0,0,0,0,0
2026-05-21 19:52:03,0,0,0,0,0,0
2026-05-21 19:57:03,0,0,0,0,0,0
2026-05-21 20:02:03,0,0,0,0,0,0
2026-05-21 20:07:03,0,0,0,0,0,0
2026-05-21 20:12:03,0,0,0,0,0,0
2026-05-21 20:17:03,0,0,0,0,0,0
2026-05-21 20:22:03,0,0,0,0,0,0
2026-05-21 20:27:03,0,0,0,0,0,0
2026-05-21 20:32:03,0,0,0,0,0,0
2026-05-21 20:37:03,0,0,0,0,0,0
2026-05-21 20:42:03,0,0,0,0,0,0
2026-05-21 20:47:03,0,0,0,0,0,0
2026-05-21 20:52:03,0,0,0,0,0,0
2026-05-21 20:57:03,0,0,0,0,0,0
2026-05-21 21:02:03,0,0,0,0,0,0
2026-05-21 21:07:03,0,0,0,0,0,0
2026-05-21 21:12:03,0,0,0,0,0,0
2026-05-21 21:17:03,0,0,0,0,0,0
2026-05-21 21:22:03,0,0,0,0,0,0
2026-05-21 21:27:03,0,0,0,0,0,0
2026-05-21 21:32:03,0,0,0,0,0,0
2026-05-21 21:37:03,0,0,0,0,0,0
2026-05-21 21:42:03,0,0,0,0,0,0
2026-05-21 21:47:03,0,0,0,0,0,0
2026-05-21 21:52:03,0,0,0,0,0,0
2026-05-21 21:57:03,0,0,0,0,0,0
2026-05-21 22:02:03,0,0,0,0,0,0
2026-05-21 22:07:03,0,0,0,0,0,0
2026-05-21 22:12:03,0,0,0,0,0,0
2026-05-21 22:17:03,0,0,0,0,0,0
2026-05-21 22:22:03,0,0,0,0,0,0
2026-05-21 22:27:03,0,0,0,0,0,0
2026-05-21 22:32:03,0,0,0,0,0,0
2026-05-21 22:37:03,0,0,0,0,0,0
2026-05-21 22:42:03,0,0,0,0,0,0
2026-05-21 22:47:03,0,0,0,0,0,0
2026-05-21 22:52:03,0,0,0,0,0,0
2026-05-21 22:57:03,0,0,0,0,0,0
2026-05-21 23:02:03,0,0,0,0,0,0
2026-05-21 23:07:04,0,0,0,0,0,0
2026-05-21 23:12:03,0,0,0,0,0,0
2026-05-21 23:17:03,0,0,0,0,0,0
2026-05-21 23:22:05,0,0,0,0,0,0
2026-05-21 23:27:03,0,0,0,0,0,0
2026-05-21 23:32:03,0,0,0,0,0,0
2026-05-21 23:37:03,0,0,0,0,0,0
2026-05-21 23:42:03,0,0,0,0,0,0
2026-05-21 23:47:03,0,0,0,0,0,0
2026-05-21 23:52:03,0,0,0,0,0,0
2026-05-21 23:57:03,0,0,0,0,0,0
2026-05-22 00:02:03,0,0,0,0,0,0
2026-05-22 00:07:03,0,0,0,0,0,0
2026-05-22 00:12:03,0,0,0,0,0,0
2026-05-22 00:17:03,0,0,0,0,0,0
2026-05-22 00:22:03,0,0,0,0,0,0
2026-05-22 00:27:03,0,0,0,0,0,0
2026-05-22 00:32:03,0,0,0,0,0,0
2026-05-22 00:37:03,0,0,0,0,0,0
2026-05-22 00:42:03,0,0,0,0,0,0
2026-05-22 00:47:03,0,0,0,0,0,0
2026-05-22 00:52:03,0,0,0,0,0,0
2026-05-22 00:57:03,0,0,0,0,0,0
2026-05-22 01:02:03,0,0,0,0,0,0
2026-05-22 01:07:03,0,0,0,0,0,0
2026-05-22 01:12:03,0,0,0,0,0,0
2026-05-22 01:17:03,0,0,0,0,0,0
2026-05-22 01:22:03,0,0,0,0,0,0
2026-05-22 01:27:03,0,0,0,0,0,0
2026-05-22 01:32:03,0,0,0,0,0,0
2026-05-22 01:37:03,0,0,0,0,0,0
2026-05-22 01:42:03,0,0,0,0,0,0
2026-05-22 01:47:03,0,0,0,0,0,0
2026-05-22 01:52:03,0,0,0,0,0,0
2026-05-22 01:57:03,0,0,0,0,0,0
2026-05-22 02:02:03,0,0,0,0,0,0
2026-05-22 02:07:03,0,0,0,0,0,0
2026-05-22 02:12:03,0,0,0,0,0,0
2026-05-22 02:17:03,0,0,0,0,0,0
2026-05-22 02:22:03,0,0,0,0,0,0
2026-05-22 02:27:03,0,0,0,0,0,0
2026-05-22 02:32:03,0,0,0,0,0,0
2026-05-22 02:37:03,0,0,0,0,0,0
2026-05-22 02:42:03,0,0,0,0,0,0
2026-05-22 02:47:03,0,0,0,0,0,0
2026-05-22 02:52:03,0,0,0,0,0,0
2026-05-22 02:57:03,0,0,0,0,0,0
2026-05-22 03:02:03,0,0,0,0,0,0
2026-05-22 03:07:03,0,0,0,0,0,0
2026-05-22 03:12:03,0,0,0,0,0,0
2026-05-22 03:17:03,0,0,0,0,0,0
2026-05-22 03:22:03,0,0,0,0,0,0
2026-05-22 03:27:03,0,0,0,0,0,0
2026-05-22 03:32:03,0,0,0,0,0,0
2026-05-22 03:37:03,0,0,0,0,0,0
2026-05-22 03:42:03,0,0,0,0,0,0
2026-05-22 03:47:03,0,0,0,0,0,0
2026-05-22 03:52:03,0,0,0,0,0,0
2026-05-22 03:57:03,0,0,0,0,0,0
2026-05-22 04:02:03,0,0,0,0,0,0
2026-05-22 04:07:03,0,0,0,0,0,0
2026-05-22 04:12:03,0,0,0,0,0,0
2026-05-22 04:17:03,0,0,0,0,0,0
2026-05-22 04:22:03,0,0,0,0,0,0
2026-05-22 04:27:03,0,0,0,0,0,0
2026-05-22 04:32:03,0,0,0,0,0,0
2026-05-22 04:37:03,0,0,0,0,0,0
2026-05-22 04:42:03,0,0,0,0,0,0
2026-05-22 04:47:03,0,0,0,0,0,0
2026-05-22 04:52:03,0,0,0,0,0,0
2026-05-22 04:57:03,0,0,0,0,0,0
2026-05-22 05:02:03,0,0,0,0,0,0
2026-05-22 05:07:03,0,0,0,0,0,0
2026-05-22 05:12:03,0,0,0,0,0,0
2026-05-22 05:17:03,0,0,0,0,0,0
2026-05-22 05:22:03,0,0,0,0,0,0
2026-05-22 05:27:03,0,0,0,0,0,0
2026-05-22 05:32:03,0,0,0,0,0,0
2026-05-22 05:37:03,0,0,0,0,0,0
2026-05-22 05:42:03,0,0,0,0,0,0
2026-05-22 05:47:03,0,0,0,0,0,0
2026-05-22 05:52:03,0,0,0,0,0,0
2026-05-22 05:57:03,0,0,0,0,0,0
2026-05-22 06:02:03,0,0,0,0,0,0
2026-05-22 06:07:03,0,0,0,0,0,0
2026-05-22 06:12:03,0,0,0,0,0,0
2026-05-22 06:17:03,0,0,0,0,0,0
2026-05-22 06:22:03,0,0,0,0,0,0
2026-05-22 06:27:03,0,0,0,0,0,0
2026-05-22 06:32:03,0,0,0,0,0,0
2026-05-22 06:37:04,0,0,0,0,0,0
2026-05-22 06:42:03,0,0,0,0,0,0
2026-05-22 06:47:03,0,0,0,0,0,0
2026-05-22 06:52:03,0,0,0,0,0,0
2026-05-22 06:57:03,0,0,0,0,0,0
2026-05-22 07:02:03,0,0,0,0,0,0
2026-05-22 07:07:03,0,0,0,0,0,0
2026-05-22 07:12:03,0,0,0,0,0,0
2026-05-22 07:17:04,0,0,0,0,0,0
2026-05-22 07:22:03,0,0,0,0,0,0
2026-05-22 07:27:03,0,0,0,0,0,0
2026-05-22 07:32:03,0,0,0,0,0,0
2026-05-22 07:37:04,0,0,0,0,0,0
2026-05-22 07:42:03,0,0,0,0,0,0
2026-05-22 07:47:03,0,0,0,0,0,0
2026-05-22 07:52:03,0,0,0,0,0,0
2026-05-22 07:57:04,0,0,0,0,0,0
2026-05-22 08:02:03,0,0,0,0,0,0
2026-05-22 08:07:03,0,0,0,0,0,0
2026-05-22 08:12:03,0,0,0,0,0,0
2026-05-22 08:17:04,0,0,0,0,0,0
2026-05-22 08:22:03,0,0,0,0,0,0
2026-05-22 08:27:03,0,0,0,0,0,0
2026-05-22 08:32:03,0,0,0,0,0,0
2026-05-22 08:37:04,0,0,0,0,0,0
2026-05-22 08:42:03,0,0,0,0,0,0
2026-05-22 08:47:03,0,0,0,0,0,0
2026-05-22 08:52:03,0,0,0,0,0,0
2026-05-22 08:57:04,0,0,0,0,0,0
2026-05-22 09:02:03,0,0,0,0,0,0
2026-05-22 09:07:04,0,0,0,0,0,0
2026-05-22 09:12:03,0,0,0,0,0,0
2026-05-22 09:17:03,0,0,0,0,0,0
2026-05-22 09:22:04,0,0,0,0,0,0
2026-05-22 09:27:04,0,0,0,0,0,0
2026-05-22 09:32:03,0,0,0,0,0,0
2026-05-22 09:37:03,0,0,0,0,0,0
2026-05-22 09:42:04,0,0,0,0,0,0
2026-05-22 09:47:03,0,0,0,0,0,0
2026-05-22 09:52:03,0,0,0,0,0,0
2026-05-22 09:57:04,0,0,0,0,0,0
2026-05-22 10:02:04,0,0,0,0,0,0
2026-05-22 10:07:04,0,0,0,0,0,0
2026-05-22 10:12:03,0,0,0,0,0,0
2026-05-22 10:17:04,0,0,0,0,0,0
2026-05-22 10:22:04,0,0,0,0,0,0
2026-05-22 10:27:03,0,0,0,0,0,0
2026-05-22 10:32:04,0,0,0,0,0,0
2026-05-22 10:37:04,0,0,0,0,0,0
2026-05-22 10:42:04,0,0,0,0,0,0
2026-05-22 10:47:04,0,0,0,0,0,0
2026-05-22 10:52:03,0,0,0,0,0,0
2026-05-22 10:57:04,0,0,0,0,0,0
2026-05-22 11:02:04,0,0,0,0,0,0
2026-05-22 11:07:04,0,0,0,0,0,0
2026-05-22 11:12:04,0,0,0,0,0,0
2026-05-22 11:17:04,0,0,0,0,0,0
2026-05-22 11:22:04,0,0,0,0,0,0
2026-05-22 11:27:04,0,0,0,0,0,0
2026-05-22 11:32:04,0,0,0,0,0,0
2026-05-22 11:37:04,0,0,0,0,0,0
2026-05-22 11:42:04,0,0,0,0,0,0
2026-05-22 11:47:04,0,0,0,0,0,0
2026-05-22 11:52:04,0,0,0,0,0,0
2026-05-22 11:57:04,0,0,0,0,0,0
2026-05-22 12:02:04,0,0,0,0,0,0
2026-05-22 12:07:04,0,0,0,0,0,0
2026-05-22 12:12:04,0,0,0,0,0,0
2026-05-22 12:17:04,0,0,0,0,0,0
2026-05-22 12:22:04,0,0,0,0,0,0
2026-05-22 12:27:04,0,0,0,0,0,0
2026-05-22 12:32:04,0,0,0,0,0,0
2026-05-22 12:37:04,0,0,0,0,0,0
2026-05-22 12:42:04,0,0,0,0,0,0
2026-05-22 12:47:04,0,0,0,0,0,0
2026-05-22 12:52:04,0,0,0,0,0,0
2026-05-22 12:57:04,0,0,0,0,0,0
2026-05-22 13:02:04,0,0,0,0,0,0
2026-05-22 13:07:04,0,0,0,0,0,0
2026-05-22 13:12:04,0,0,0,0,0,0
2026-05-22 13:17:04,0,0,0,0,0,0
2026-05-22 13:22:04,0,0,0,0,0,0
2026-05-22 13:27:04,0,0,0,0,0,0
2026-05-22 13:32:04,0,0,0,0,0,0
2026-05-22 13:37:04,0,0,0,0,0,0
2026-05-22 13:42:04,0,0,0,0,0,0
2026-05-22 13:47:04,0,0,0,0,0,0
2026-05-22 13:52:04,0,0,0,0,0,0
2026-05-22 13:57:04,0,0,0,0,0,0
2026-05-22 14:02:04,0,0,0,0,0,0
2026-05-22 14:07:04,0,0,0,0,0,0
2026-05-22 14:12:04,0,0,0,0,0,0
2026-05-22 14:17:04,0,0,0,0,0,0
2026-05-22 14:22:04,0,0,0,0,0,0
2026-05-22 14:27:04,0,0,0,0,0,0
2026-05-22 14:32:04,0,0,0,0,0,0
2026-05-22 14:37:04,0,0,0,0,0,0
2026-05-22 14:42:04,0,0,0,0,0,0
2026-05-22 14:47:04,0,0,0,0,0,0
2026-05-22 14:52:04,0,0,0,0,0,0
2026-05-22 14:57:04,0,0,0,0,0,0
2026-05-22 15:02:04,0,0,0,0,0,0
2026-05-22 15:07:04,0,0,0,0,0,0
2026-05-22 15:12:04,0,0,0,0,0,0
2026-05-22 15:17:04,0,0,0,0,0,0
2026-05-22 15:22:04,0,0,0,0,0,0
2026-05-22 15:27:04,0,0,0,0,0,0
2026-05-22 15:32:04,0,0,0,0,0,0
2026-05-22 15:37:04,0,0,0,0,0,0
2026-05-22 15:42:04,0,0,0,0,0,0
2026-05-22 15:47:04,0,0,0,0,0,0
2026-05-22 15:52:04,0,0,0,0,0,0
2026-05-22 15:57:04,0,0,0,0,0,0
2026-05-22 16:02:11,0,0,0,0,0,0
2026-05-22 16:07:04,0,0,0,0,0,0
2026-05-22 16:12:04,0,0,0,0,0,0
2026-05-22 16:17:04,0,0,0,0,0,0
2026-05-22 16:22:04,0,0,0,0,0,0
2026-05-22 16:27:04,0,0,0,0,0,0
2026-05-22 16:32:04,0,0,0,0,0,0
2026-05-22 16:37:04,0,0,0,0,0,0
2026-05-22 16:42:04,0,0,0,0,0,0
2026-05-22 16:47:04,0,0,0,0,0,0
2026-05-22 16:52:04,0,0,0,0,0,0
2026-05-22 16:57:04,0,0,0,0,0,0
2026-05-22 17:02:04,0,0,0,0,0,0
2026-05-22 17:07:04,0,0,0,0,0,0
2026-05-22 17:12:04,0,0,0,0,0,0
2026-05-22 17:17:04,0,0,0,0,0,0
2026-05-22 17:22:04,0,0,0,0,0,0
2026-05-22 17:27:04,0,0,0,0,0,0
2026-05-22 17:32:04,0,0,0,0,0,0
2026-05-22 17:37:04,0,0,0,0,0,0
2026-05-22 17:42:04,0,0,0,0,0,0
2026-05-22 17:47:04,0,0,0,0,0,0
2026-05-22 17:52:04,0,0,0,0,0,0
2026-05-22 17:57:04,0,0,0,0,0,0
2026-05-22 18:02:04,0,0,0,0,0,0
2026-05-22 18:07:04,0,0,0,0,0,0
2026-05-22 18:12:04,0,0,0,0,0,0
2026-05-22 18:17:04,0,0,0,0,0,0
2026-05-22 18:22:04,0,0,0,0,0,0
2026-05-22 18:27:04,0,0,0,0,0,0
2026-05-22 18:32:04,0,0,0,0,0,0
2026-05-22 18:37:04,0,0,0,0,0,0
2026-05-22 18:42:04,0,0,0,0,0,0
2026-05-22 18:47:04,0,0,0,0,0,0
2026-05-22 18:52:04,0,0,0,0,0,0
2026-05-22 18:57:04,0,0,0,0,0,0
2026-05-22 19:02:04,0,0,0,0,0,0
2026-05-22 19:07:04,0,0,0,0,0,0
2026-05-22 19:12:04,0,0,0,0,0,0
2026-05-22 19:17:04,0,0,0,0,0,0
2026-05-22 19:22:04,0,0,0,0,0,0
2026-05-22 19:27:04,0,0,0,0,0,0
2026-05-22 19:32:04,0,0,0,0,0,0
2026-05-22 19:37:04,0,0,0,0,0,0
2026-05-22 19:42:04,0,0,0,0,0,0
2026-05-22 19:47:04,0,0,0,0,0,0
2026-05-22 19:52:04,0,0,0,0,0,0
2026-05-22 19:57:04,0,0,0,0,0,0
2026-05-22 20:02:04,0,0,0,0,0,0
2026-05-22 20:07:04,0,0,0,0,0,0
2026-05-22 20:12:04,0,0,0,0,0,0
2026-05-22 20:17:04,0,0,0,0,0,0
2026-05-22 20:22:04,0,0,0,0,0,0
2026-05-22 20:27:04,0,0,0,0,0,0
2026-05-22 20:32:04,0,0,0,0,0,0
2026-05-22 20:37:04,0,0,0,0,0,0
2026-05-22 20:42:04,0,0,0,0,0,0
2026-05-22 20:47:04,0,0,0,0,0,0
2026-05-22 20:52:04,0,0,0,0,0,0
2026-05-22 20:57:04,0,0,0,0,0,0
2026-05-22 21:02:04,0,0,0,0,0,0
2026-05-22 21:07:04,0,0,0,0,0,0
2026-05-22 21:12:04,0,0,0,0,0,0
2026-05-22 21:17:04,0,0,0,0,0,0
2026-05-22 21:22:04,0,0,0,0,0,0
2026-05-22 21:27:04,0,0,0,0,0,0
2026-05-22 21:32:04,0,0,0,0,0,0
2026-05-22 21:37:04,0,0,0,0,0,0
2026-05-22 21:42:04,0,0,0,0,0,0
2026-05-22 21:47:04,0,0,0,0,0,0
2026-05-22 21:52:04,0,0,0,0,0,0
2026-05-22 21:57:04,0,0,0,0,0,0
2026-05-22 22:02:04,0,0,0,0,0,0
2026-05-22 22:07:04,0,0,0,0,0,0
2026-05-22 22:12:04,0,0,0,0,0,0
2026-05-22 22:17:04,0,0,0,0,0,0
2026-05-22 22:22:04,0,0,0,0,0,0
2026-05-22 22:27:04,0,0,0,0,0,0
2026-05-22 22:32:04,0,0,0,0,0,0
2026-05-22 22:37:04,0,0,0,0,0,0
2026-05-22 22:42:04,0,0,0,0,0,0
2026-05-22 22:47:04,0,0,0,0,0,0
2026-05-22 22:52:04,0,0,0,0,0,0
2026-05-22 22:57:04,0,0,0,0,0,0
2026-05-22 23:02:04,0,0,0,0,0,0
2026-05-22 23:07:05,0,0,0,0,0,0
2026-05-22 23:12:04,0,0,0,0,0,0
2026-05-22 23:17:04,0,0,0,0,0,0
2026-05-22 23:22:04,0,0,0,0,0,0
2026-05-22 23:27:04,0,0,0,0,0,0
2026-05-22 23:32:04,0,0,0,0,0,0
2026-05-22 23:37:04,0,0,0,0,0,0
2026-05-22 23:42:04,0,0,0,0,0,0
2026-05-22 23:47:04,0,0,0,0,0,0
2026-05-22 23:52:04,0,0,0,0,0,0
2026-05-22 23:57:04,0,0,0,0,0,0
2026-05-23 00:02:04,0,0,0,0,0,0
2026-05-23 00:07:04,0,0,0,0,0,0
2026-05-23 00:12:04,0,0,0,0,0,0
2026-05-23 00:17:04,0,0,0,0,0,0
2026-05-23 00:22:04,0,0,0,0,0,0
2026-05-23 00:27:04,0,0,0,0,0,0
2026-05-23 00:32:04,0,0,0,0,0,0
2026-05-23 00:37:04,0,0,0,0,0,0
2026-05-23 00:42:04,0,0,0,0,0,0
2026-05-23 00:47:04,0,0,0,0,0,0
2026-05-23 00:52:04,0,0,0,0,0,0
2026-05-23 00:57:04,0,0,0,0,0,0
2026-05-23 01:02:04,0,0,0,0,0,0
2026-05-23 01:07:04,0,0,0,0,0,0
2026-05-23 01:12:04,0,0,0,0,0,0
2026-05-23 01:17:04,0,0,0,0,0,0
2026-05-23 01:22:04,0,0,0,0,0,0
2026-05-23 01:27:06,0,0,0,0,0,0
2026-05-23 01:32:04,0,0,0,0,0,0
2026-05-23 01:37:04,0,0,0,0,0,0
2026-05-23 01:42:04,0,0,0,0,0,0
2026-05-23 01:47:04,0,0,0,0,0,0
2026-05-23 01:52:04,0,0,0,0,0,0
2026-05-23 01:57:04,0,0,0,0,0,0
2026-05-23 02:02:04,0,0,0,0,0,0
2026-05-23 02:07:04,0,0,0,0,0,0
2026-05-23 02:12:04,0,0,0,0,0,0
2026-05-23 02:17:04,0,0,0,0,0,0
2026-05-23 02:22:04,0,0,0,0,0,0
2026-05-23 02:27:04,0,0,0,0,0,0
2026-05-23 02:32:04,0,0,0,0,0,0
2026-05-23 02:37:04,0,0,0,0,0,0
2026-05-23 02:42:04,0,0,0,0,0,0
2026-05-23 02:47:04,0,0,0,0,0,0
2026-05-23 02:52:04,0,0,0,0,0,0
2026-05-23 02:57:04,0,0,0,0,0,0
2026-05-23 03:02:04,0,0,0,0,0,0
2026-05-23 03:07:04,0,0,0,0,0,0
2026-05-23 03:12:04,0,0,0,0,0,0
2026-05-23 03:17:04,0,0,0,0,0,0
2026-05-23 03:22:04,0,0,0,0,0,0
2026-05-23 03:27:04,0,0,0,0,0,0
2026-05-23 03:32:04,0,0,0,0,0,0
2026-05-23 03:37:04,0,0,0,0,0,0
2026-05-23 03:42:04,0,0,0,0,0,0
2026-05-23 03:47:04,0,0,0,0,0,0
2026-05-23 03:52:04,0,0,0,0,0,0
2026-05-23 03:57:04,0,0,0,0,0,0
2026-05-23 04:02:04,0,0,0,0,0,0
2026-05-23 04:07:04,0,0,0,0,0,0
2026-05-23 04:12:04,0,0,0,0,0,0
2026-05-23 04:17:04,0,0,0,0,0,0
2026-05-23 04:22:04,0,0,0,0,0,0
2026-05-23 04:27:04,0,0,0,0,0,0
2026-05-23 04:32:04,0,0,0,0,0,0
2026-05-23 04:37:04,0,0,0,0,0,0
2026-05-23 04:42:04,0,0,0,0,0,0
2026-05-23 04:47:04,0,0,0,0,0,0
2026-05-23 04:52:04,0,0,0,0,0,0
2026-05-23 04:57:04,0,0,0,0,0,0
2026-05-23 05:02:04,0,0,0,0,0,0
2026-05-23 05:07:04,0,0,0,0,0,0
2026-05-23 05:12:04,0,0,0,0,0,0
2026-05-23 05:17:04,0,0,0,0,0,0
2026-05-23 05:22:04,0,0,0,0,0,0
2026-05-23 05:27:04,0,0,0,0,0,0
2026-05-23 05:32:04,0,0,0,0,0,0
2026-05-23 05:37:04,0,0,0,0,0,0
2026-05-23 05:42:04,0,0,0,0,0,0
2026-05-23 05:47:04,0,0,0,0,0,0
2026-05-23 05:52:04,0,0,0,0,0,0
2026-05-23 05:57:05,0,0,0,0,0,0
2026-05-23 06:02:04,0,0,0,0,0,0
2026-05-23 06:07:05,0,0,0,0,0,0
2026-05-23 06:12:04,0,0,0,0,0,0
2026-05-23 06:17:05,0,0,0,0,0,0
2026-05-23 06:22:04,0,0,0,0,0,0
2026-05-23 06:27:04,0,0,0,0,0,0
2026-05-23 06:32:04,0,0,0,0,0,0
2026-05-23 06:37:04,0,0,0,0,0,0
2026-05-23 06:42:05,0,0,0,0,0,0
2026-05-23 06:47:05,0,0,0,0,0,0
2026-05-23 06:52:04,0,0,0,0,0,0
2026-05-23 06:57:04,0,0,0,0,0,0
2026-05-23 07:02:04,0,0,0,0,0,0
2026-05-23 07:07:04,0,0,0,0,0,0
2026-05-23 07:12:05,0,0,0,0,0,0
2026-05-23 07:17:04,0,0,0,0,0,0
2026-05-23 07:22:05,0,0,0,0,0,0
2026-05-23 07:27:04,0,0,0,0,0,0
2026-05-23 07:32:04,0,0,0,0,0,0
2026-05-23 07:37:04,0,0,0,0,0,0
2026-05-23 07:42:04,0,0,0,0,0,0
2026-05-23 07:47:05,0,0,0,0,0,0
2026-05-23 07:52:05,0,0,0,0,0,0
2026-05-23 07:57:05,0,0,0,0,0,0
2026-05-23 08:02:05,0,0,0,0,0,0
2026-05-23 08:07:05,0,0,0,0,0,0
2026-05-23 08:12:05,0,0,0,0,0,0
2026-05-23 08:17:05,0,0,0,0,0,0
2026-05-23 08:22:05,0,0,0,0,0,0
2026-05-23 08:27:04,0,0,0,0,0,0
2026-05-23 08:32:05,0,0,0,0,0,0
2026-05-23 08:37:05,0,0,0,0,0,0
2026-05-23 08:42:05,0,0,0,0,0,0
2026-05-23 08:47:04,0,0,0,0,0,0
2026-05-23 08:52:05,0,0,0,0,0,0
2026-05-23 08:57:04,0,0,0,0,0,0
2026-05-23 09:02:05,0,0,0,0,0,0
2026-05-23 09:07:05,0,0,0,0,0,0
2026-05-23 09:12:05,0,0,0,0,0,0
2026-05-23 09:17:04,0,0,0,0,0,0
2026-05-23 09:22:05,0,0,0,0,0,0
2026-05-23 09:27:05,0,0,0,0,0,0
2026-05-23 09:32:05,0,0,0,0,0,0
2026-05-23 09:37:04,0,0,0,0,0,0
2026-05-23 09:42:05,0,0,0,0,0,0
2026-05-23 09:47:04,0,0,0,0,0,0
2026-05-23 09:52:05,0,0,0,0,0,0
2026-05-23 09:57:04,0,0,0,0,0,0
2026-05-23 10:02:05,0,0,0,0,0,0
2026-05-23 10:07:05,0,0,0,0,0,0
2026-05-23 10:12:05,0,0,0,0,0,0
2026-05-23 10:17:05,0,0,0,0,0,0
2026-05-23 10:22:05,0,0,0,0,0,0
2026-05-23 10:27:05,0,0,0,0,0,0
2026-05-23 10:32:05,0,0,0,0,0,0
2026-05-23 10:37:04,0,0,0,0,0,0
2026-05-23 10:42:05,0,0,0,0,0,0
2026-05-23 10:47:05,0,0,0,0,0,0
2026-05-23 10:52:05,0,0,0,0,0,0
2026-05-23 10:57:05,0,0,0,0,0,0
2026-05-23 11:02:05,0,0,0,0,0,0
2026-05-23 11:07:05,0,0,0,0,0,0
2026-05-23 11:12:05,0,0,0,0,0,0
2026-05-23 11:17:05,0,0,0,0,0,0
2026-05-23 11:22:05,0,0,0,0,0,0
2026-05-23 11:27:05,0,0,0,0,0,0
2026-05-23 11:32:05,0,0,0,0,0,0
2026-05-23 11:37:05,0,0,0,0,0,0
2026-05-23 11:42:05,0,0,0,0,0,0
2026-05-23 11:47:05,0,0,0,0,0,0
2026-05-23 11:52:05,0,0,0,0,0,0
2026-05-23 11:57:05,0,0,0,0,0,0
2026-05-23 12:02:05,0,0,0,0,0,0
2026-05-23 12:07:05,0,0,0,0,0,0
2026-05-23 12:12:05,0,0,0,0,0,0
2026-05-23 12:17:05,0,0,0,0,0,0
2026-05-23 12:22:05,0,0,0,0,0,0
2026-05-23 12:27:05,0,0,0,0,0,0
2026-05-23 12:32:05,0,0,0,0,0,0
2026-05-23 12:37:05,0,0,0,0,0,0
2026-05-23 12:42:05,0,0,0,0,0,0
2026-05-23 12:47:05,0,0,0,0,0,0
2026-05-23 12:52:05,0,0,0,0,0,0
2026-05-23 12:57:05,0,0,0,0,0,0
2026-05-23 13:02:05,0,0,0,0,0,0
2026-05-23 13:07:05,0,0,0,0,0,0
2026-05-23 13:12:05,0,0,0,0,0,0
2026-05-23 13:17:05,0,0,0,0,0,0
2026-05-23 13:22:05,0,0,0,0,0,0
2026-05-23 13:27:05,0,0,0,0,0,0
2026-05-23 13:32:05,0,0,0,0,0,0
2026-05-23 13:37:05,0,0,0,0,0,0
2026-05-23 13:42:05,0,0,0,0,0,0
2026-05-23 13:47:05,0,0,0,0,0,0
2026-05-23 13:52:05,0,0,0,0,0,0
2026-05-23 13:57:05,0,0,0,0,0,0
2026-05-23 14:02:05,0,0,0,0,0,0
2026-05-23 14:07:05,0,0,0,0,0,0
2026-05-23 14:12:05,0,0,0,0,0,0
2026-05-23 14:17:05,0,0,0,0,0,0
2026-05-23 14:22:05,0,0,0,0,0,0
2026-05-23 14:27:05,0,0,0,0,0,0
2026-05-23 14:32:05,0,0,0,0,0,0
2026-05-23 14:37:05,0,0,0,0,0,0
2026-05-23 14:42:05,0,0,0,0,0,0
2026-05-23 14:47:05,0,0,0,0,0,0
2026-05-23 14:52:05,0,0,0,0,0,0
2026-05-23 14:57:05,0,0,0,0,0,0
2026-05-23 15:02:05,0,0,0,0,0,0
2026-05-23 15:07:05,0,0,0,0,0,0
2026-05-23 15:12:05,0,0,0,0,0,0
2026-05-23 15:17:05,0,0,0,0,0,0
2026-05-23 15:22:05,0,0,0,0,0,0
2026-05-23 15:27:05,0,0,0,0,0,0
2026-05-23 15:32:05,0,0,0,0,0,0
2026-05-23 15:37:05,0,0,0,0,0,0
2026-05-23 15:42:05,0,0,0,0,0,0
2026-05-23 15:47:05,0,0,0,0,0,0
2026-05-23 15:52:05,0,0,0,0,0,0
2026-05-23 15:57:05,0,0,0,0,0,0
2026-05-23 16:02:12,0,0,0,0,0,0
2026-05-23 16:07:05,0,0,0,0,0,0
2026-05-23 16:12:05,0,0,0,0,0,0
2026-05-23 16:17:05,0,0,0,0,0,0
2026-05-23 16:22:05,0,0,0,0,0,0
2026-05-23 16:27:05,0,0,0,0,0,0
2026-05-23 16:32:05,0,0,0,0,0,0
2026-05-23 16:37:05,0,0,0,0,0,0
2026-05-23 16:42:05,0,0,0,0,0,0
2026-05-23 16:47:05,0,0,0,0,0,0
2026-05-23 16:52:05,0,0,0,0,0,0
2026-05-23 16:57:05,0,0,0,0,0,0
2026-05-23 17:02:05,0,0,0,0,0,0
2026-05-23 17:07:05,0,0,0,0,0,0
2026-05-23 17:12:05,0,0,0,0,0,0
2026-05-23 17:17:05,0,0,0,0,0,0
2026-05-23 17:22:05,0,0,0,0,0,0
2026-05-23 17:27:05,0,0,0,0,0,0
2026-05-23 17:32:05,0,0,0,0,0,0
2026-05-23 17:37:05,0,0,0,0,0,0
2026-05-23 17:42:05,0,0,0,0,0,0
2026-05-23 17:47:05,0,0,0,0,0,0
2026-05-23 17:52:05,0,0,0,0,0,0
2026-05-23 17:57:05,0,0,0,0,0,0
2026-05-23 18:02:05,0,0,0,0,0,0
2026-05-23 18:07:05,0,0,0,0,0,0
2026-05-23 18:12:05,0,0,0,0,0,0
2026-05-23 18:17:05,0,0,0,0,0,0
2026-05-23 18:22:05,0,0,0,0,0,0
2026-05-23 18:27:05,0,0,0,0,0,0
2026-05-23 18:32:05,0,0,0,0,0,0
2026-05-23 18:37:05,0,0,0,0,0,0
2026-05-23 18:42:05,0,0,0,0,0,0
2026-05-23 18:47:05,0,0,0,0,0,0
2026-05-23 18:52:05,0,0,0,0,0,0
2026-05-23 18:57:05,0,0,0,0,0,0
2026-05-23 19:02:05,0,0,0,0,0,0
2026-05-23 19:07:05,0,0,0,0,0,0
2026-05-23 19:12:05,0,0,0,0,0,0
2026-05-23 19:17:05,0,0,0,0,0,0
2026-05-23 19:22:05,0,0,0,0,0,0
2026-05-23 19:27:05,0,0,0,0,0,0
2026-05-23 19:32:05,0,0,0,0,0,0
2026-05-23 19:37:05,0,0,0,0,0,0
2026-05-23 19:42:05,0,0,0,0,0,0
2026-05-23 19:47:05,0,0,0,0,0,0
2026-05-23 19:52:05,0,0,0,0,0,0
2026-05-23 19:57:05,0,0,0,0,0,0
2026-05-23 20:02:05,0,0,0,0,0,0
2026-05-23 20:07:05,0,0,0,0,0,0
2026-05-23 20:12:05,0,0,0,0,0,0
2026-05-23 20:17:05,0,0,0,0,0,0
2026-05-23 20:22:05,0,0,0,0,0,0
2026-05-23 20:27:05,0,0,0,0,0,0
2026-05-23 20:32:05,0,0,0,0,0,0
2026-05-23 20:37:05,0,0,0,0,0,0
2026-05-23 20:42:05,0,0,0,0,0,0
2026-05-23 20:47:05,0,0,0,0,0,0
2026-05-23 20:52:05,0,0,0,0,0,0
2026-05-23 20:57:05,0,0,0,0,0,0
2026-05-23 21:02:05,0,0,0,0,0,0
2026-05-23 21:07:05,0,0,0,0,0,0
2026-05-23 21:12:05,0,0,0,0,0,0
2026-05-23 21:17:05,0,0,0,0,0,0
2026-05-23 21:22:05,0,0,0,0,0,0
2026-05-23 21:27:05,0,0,0,0,0,0
2026-05-23 21:32:05,0,0,0,0,0,0
2026-05-23 21:37:05,0,0,0,0,0,0
2026-05-23 21:42:05,0,0,0,0,0,0
2026-05-23 21:47:05,0,0,0,0,0,0
2026-05-23 21:52:05,0,0,0,0,0,0
2026-05-23 21:57:05,0,0,0,0,0,0
2026-05-23 22:02:05,0,0,0,0,0,0
2026-05-23 22:07:05,0,0,0,0,0,0
2026-05-23 22:12:05,0,0,0,0,0,0
2026-05-23 22:17:05,0,0,0,0,0,0
2026-05-23 22:22:05,0,0,0,0,0,0
2026-05-23 22:27:05,0,0,0,0,0,0
2026-05-23 22:32:05,0,0,0,0,0,0
2026-05-23 22:37:05,0,0,0,0,0,0
2026-05-23 22:42:05,0,0,0,0,0,0
2026-05-23 22:47:05,0,0,0,0,0,0
2026-05-23 22:52:05,0,0,0,0,0,0
2026-05-23 22:57:05,0,0,0,0,0,0
2026-05-23 23:02:05,0,0,0,0,0,0
2026-05-23 23:07:06,0,0,0,0,0,0
2026-05-23 23:12:05,0,0,0,0,0,0
2026-05-23 23:17:05,0,0,0,0,0,0
2026-05-23 23:22:05,0,0,0,0,0,0
2026-05-23 23:27:05,0,0,0,0,0,0
2026-05-23 23:32:05,0,0,0,0,0,0
2026-05-23 23:37:05,0,0,0,0,0,0
2026-05-23 23:42:05,0,0,0,0,0,0
2026-05-23 23:47:05,0,0,0,0,0,0
2026-05-23 23:52:05,0,0,0,0,0,0
2026-05-23 23:57:05,0,0,0,0,0,0
2026-05-24 00:02:05,0,0,0,0,0,0
2026-05-24 00:07:05,0,0,0,0,0,0
2026-05-24 00:12:05,0,0,0,0,0,0
2026-05-24 00:17:05,0,0,0,0,0,0
2026-05-24 00:22:05,0,0,0,0,0,0
2026-05-24 00:27:05,0,0,0,0,0,0
2026-05-24 00:32:05,0,0,0,0,0,0
2026-05-24 00:37:05,0,0,0,0,0,0
2026-05-24 00:42:05,0,0,0,0,0,0
2026-05-24 00:47:05,0,0,0,0,0,0
2026-05-24 00:52:05,0,0,0,0,0,0
2026-05-24 00:57:05,0,0,0,0,0,0
2026-05-24 01:02:05,0,0,0,0,0,0
2026-05-24 01:07:05,0,0,0,0,0,0
2026-05-24 01:12:05,0,0,0,0,0,0
2026-05-24 01:17:05,0,0,0,0,0,0
2026-05-24 01:22:05,0,0,0,0,0,0
2026-05-24 01:27:05,0,0,0,0,0,0
2026-05-24 01:32:05,0,0,0,0,0,0
2026-05-24 01:37:05,0,0,0,0,0,0
2026-05-24 01:42:05,0,0,0,0,0,0
2026-05-24 01:47:05,0,0,0,0,0,0
2026-05-24 01:52:05,0,0,0,0,0,0
2026-05-24 01:57:05,0,0,0,0,0,0
2026-05-24 02:02:05,0,0,0,0,0,0
2026-05-24 02:07:05,0,0,0,0,0,0
2026-05-24 02:12:05,0,0,0,0,0,0
2026-05-24 02:17:05,0,0,0,0,0,0
2026-05-24 02:22:05,0,0,0,0,0,0
2026-05-24 02:27:05,0,0,0,0,0,0
2026-05-24 02:32:05,0,0,0,0,0,0
2026-05-24 02:37:05,0,0,0,0,0,0
2026-05-24 02:42:05,0,0,0,0,0,0
2026-05-24 02:47:05,0,0,0,0,0,0
2026-05-24 02:52:05,0,0,0,0,0,0
2026-05-24 02:57:05,0,0,0,0,0,0
2026-05-24 03:02:05,0,0,0,0,0,0
2026-05-24 03:07:05,0,0,0,0,0,0
2026-05-24 03:12:05,0,0,0,0,0,0
2026-05-24 03:17:05,0,0,0,0,0,0
2026-05-24 03:22:05,0,0,0,0,0,0
2026-05-24 03:27:05,0,0,0,0,0,0
2026-05-24 03:32:08,0,0,0,0,0,0
2026-05-24 03:37:05,0,0,0,0,0,0
2026-05-24 03:42:05,0,0,0,0,0,0
2026-05-24 03:47:05,0,0,0,0,0,0
2026-05-24 03:52:05,0,0,0,0,0,0
2026-05-24 03:57:05,0,0,0,0,0,0
2026-05-24 04:02:05,0,0,0,0,0,0
2026-05-24 04:07:05,0,0,0,0,0,0
2026-05-24 04:12:05,0,0,0,0,0,0
2026-05-24 04:17:05,0,0,0,0,0,0
2026-05-24 04:22:05,0,0,0,0,0,0
2026-05-24 04:27:05,0,0,0,0,0,0
2026-05-24 04:32:05,0,0,0,0,0,0
2026-05-24 04:37:05,0,0,0,0,0,0
2026-05-24 04:42:05,0,0,0,0,0,0
2026-05-24 04:47:05,0,0,0,0,0,0
2026-05-24 04:52:05,0,0,0,0,0,0
2026-05-24 04:57:05,0,0,0,0,0,0
2026-05-24 05:02:05,0,0,0,0,0,0
2026-05-24 05:07:05,0,0,0,0,0,0
2026-05-24 05:12:05,0,0,0,0,0,0
2026-05-24 05:17:05,0,0,0,0,0,0
2026-05-24 05:22:05,0,0,0,0,0,0
2026-05-24 05:27:05,0,0,0,0,0,0
2026-05-24 05:32:05,0,0,0,0,0,0
2026-05-24 05:37:05,0,0,0,0,0,0
2026-05-24 05:42:05,0,0,0,0,0,0
2026-05-24 05:47:05,0,0,0,0,0,0
2026-05-24 05:52:05,0,0,0,0,0,0
2026-05-24 05:57:05,0,0,0,0,0,0
2026-05-24 06:02:05,0,0,0,0,0,0
2026-05-24 06:07:05,0,0,0,0,0,0
2026-05-24 06:12:05,0,0,0,0,0,0
2026-05-24 06:17:05,0,0,0,0,0,0
2026-05-24 06:22:05,0,0,0,0,0,0
2026-05-24 06:27:05,0,0,0,0,0,0
2026-05-24 06:32:05,0,0,0,0,0,0
2026-05-24 06:37:05,0,0,0,0,0,0
2026-05-24 06:42:05,0,0,0,0,0,0
2026-05-24 06:47:05,0,0,0,0,0,0
2026-05-24 06:52:05,0,0,0,0,0,0
2026-05-24 06:57:05,0,0,0,0,0,0
2026-05-24 07:02:06,0,0,0,0,0,0
2026-05-24 07:07:06,0,0,0,0,0,0
2026-05-24 07:12:05,0,0,0,0,0,0
2026-05-24 07:17:05,0,0,0,0,0,0
2026-05-24 07:22:05,0,0,0,0,0,0
2026-05-24 07:27:05,0,0,0,0,0,0
2026-05-24 07:32:05,0,0,0,0,0,0
2026-05-24 07:37:05,0,0,0,0,0,0
2026-05-24 07:42:05,0,0,0,0,0,0
2026-05-24 07:47:06,0,0,0,0,0,0
2026-05-24 07:52:05,0,0,0,0,0,0
2026-05-24 07:57:06,0,0,0,0,0,0
2026-05-24 08:02:05,0,0,0,0,0,0
2026-05-24 08:07:05,0,0,0,0,0,0
2026-05-24 08:12:05,0,0,0,0,0,0
2026-05-24 08:17:06,0,0,0,0,0,0
2026-05-24 08:22:05,0,0,0,0,0,0
2026-05-24 08:27:05,0,0,0,0,0,0
2026-05-24 08:32:05,0,0,0,0,0,0
2026-05-24 08:37:05,0,0,0,0,0,0
2026-05-24 08:42:05,0,0,0,0,0,0
2026-05-24 08:47:06,0,0,0,0,0,0
2026-05-24 08:52:06,0,0,0,0,0,0
2026-05-24 08:57:05,0,0,0,0,0,0
2026-05-24 09:02:06,0,0,0,0,0,0
2026-05-24 09:07:05,0,0,0,0,0,0
2026-05-24 09:12:06,0,0,0,0,0,0
2026-05-24 09:17:05,0,0,0,0,0,0
2026-05-24 09:22:06,0,0,0,0,0,0
2026-05-24 09:27:05,0,0,0,0,0,0
2026-05-24 09:32:05,0,0,0,0,0,0
2026-05-24 09:37:06,0,0,0,0,0,0
2026-05-24 09:42:06,0,0,0,0,0,0
2026-05-24 09:47:06,0,0,0,0,0,0
2026-05-24 09:52:06,0,0,0,0,0,0
2026-05-24 09:57:06,0,0,0,0,0,0
2026-05-24 10:02:05,0,0,0,0,0,0
2026-05-24 10:07:05,0,0,0,0,0,0
2026-05-24 10:12:06,0,0,0,0,0,0
2026-05-24 10:17:06,0,0,0,0,0,0
2026-05-24 10:22:06,0,0,0,0,0,0
2026-05-24 10:27:06,0,0,0,0,0,0
2026-05-24 10:32:06,0,0,0,0,0,0
2026-05-24 10:37:06,0,0,0,0,0,0
2026-05-24 10:42:06,0,0,0,0,0,0
2026-05-24 10:47:06,0,0,0,0,0,0
2026-05-24 10:52:06,0,0,0,0,0,0
2026-05-24 10:57:06,0,0,0,0,0,0
2026-05-24 11:02:06,0,0,0,0,0,0
2026-05-24 11:07:06,0,0,0,0,0,0
2026-05-24 11:12:06,0,0,0,0,0,0
2026-05-24 11:17:06,0,0,0,0,0,0
2026-05-24 11:22:06,0,0,0,0,0,0
2026-05-24 11:27:06,0,0,0,0,0,0
2026-05-24 11:32:06,0,0,0,0,0,0
2026-05-24 11:37:06,0,0,0,0,0,0
2026-05-24 11:42:06,0,0,0,0,0,0
2026-05-24 11:47:06,0,0,0,0,0,0
2026-05-24 11:52:06,0,0,0,0,0,0
2026-05-24 11:57:06,0,0,0,0,0,0
2026-05-24 12:02:06,0,0,0,0,0,0
2026-05-24 12:07:06,0,0,0,0,0,0
2026-05-24 12:12:06,0,0,0,0,0,0
2026-05-24 12:17:06,0,0,0,0,0,0
2026-05-24 12:22:06,0,0,0,0,0,0
2026-05-24 12:27:06,0,0,0,0,0,0
2026-05-24 12:32:06,0,0,0,0,0,0
2026-05-24 12:37:06,0,0,0,0,0,0
2026-05-24 12:42:06,0,0,0,0,0,0
2026-05-24 12:47:06,0,0,0,0,0,0
2026-05-24 12:52:06,0,0,0,0,0,0
2026-05-24 12:57:06,0,0,0,0,0,0
2026-05-24 13:02:06,0,0,0,0,0,0
2026-05-24 13:07:06,0,0,0,0,0,0
2026-05-24 13:12:06,0,0,0,0,0,0
2026-05-24 13:17:06,0,0,0,0,0,0
2026-05-24 13:22:06,0,0,0,0,0,0
2026-05-24 13:27:06,0,0,0,0,0,0
2026-05-24 13:32:06,0,0,0,0,0,0
2026-05-24 13:37:06,0,0,0,0,0,0
2026-05-24 13:42:06,0,0,0,0,0,0
2026-05-24 13:47:06,0,0,0,0,0,0
2026-05-24 13:52:06,0,0,0,0,0,0
2026-05-24 13:57:06,0,0,0,0,0,0
2026-05-24 14:02:06,0,0,0,0,0,0
2026-05-24 14:07:06,0,0,0,0,0,0
2026-05-24 14:12:06,0,0,0,0,0,0
2026-05-24 14:17:06,0,0,0,0,0,0
2026-05-24 14:22:06,0,0,0,0,0,0
2026-05-24 14:27:06,0,0,0,0,0,0
2026-05-24 14:32:06,0,0,0,0,0,0
2026-05-24 14:37:06,0,0,0,0,0,0
2026-05-24 14:42:06,0,0,0,0,0,0
2026-05-24 14:47:06,0,0,0,0,0,0
2026-05-24 14:52:06,0,0,0,0,0,0
2026-05-24 14:57:06,0,0,0,0,0,0
2026-05-24 15:02:06,0,0,0,0,0,0
2026-05-24 15:07:06,0,0,0,0,0,0
2026-05-24 15:12:06,0,0,0,0,0,0
2026-05-24 15:17:06,0,0,0,0,0,0
2026-05-24 15:22:06,0,0,0,0,0,0
2026-05-24 15:27:06,0,0,0,0,0,0
2026-05-24 15:32:06,0,0,0,0,0,0
2026-05-24 15:37:06,0,0,0,0,0,0
2026-05-24 15:42:06,0,0,0,0,0,0
2026-05-24 15:47:06,0,0,0,0,0,0
2026-05-24 15:52:06,0,0,0,0,0,0
2026-05-24 15:57:06,0,0,0,0,0,0
2026-05-24 16:02:13,0,0,0,0,0,0
2026-05-24 16:07:06,0,0,0,0,0,0
2026-05-24 16:12:06,0,0,0,0,0,0
2026-05-24 16:17:06,0,0,0,0,0,0
2026-05-24 16:22:06,0,0,0,0,0,0
2026-05-24 16:27:06,0,0,0,0,0,0
2026-05-24 16:32:06,0,0,0,0,0,0
2026-05-24 16:37:06,0,0,0,0,0,0
2026-05-24 16:42:06,0,0,0,0,0,0
2026-05-24 16:47:06,0,0,0,0,0,0
2026-05-24 16:52:06,0,0,0,0,0,0
2026-05-24 16:57:06,0,0,0,0,0,0
2026-05-24 17:02:06,0,0,0,0,0,0
2026-05-24 17:07:06,0,0,0,0,0,0
2026-05-24 17:12:06,0,0,0,0,0,0
2026-05-24 17:17:06,0,0,0,0,0,0
2026-05-24 17:22:06,0,0,0,0,0,0
2026-05-24 17:27:06,0,0,0,0,0,0
2026-05-24 17:32:06,0,0,0,0,0,0
2026-05-24 17:37:06,0,0,0,0,0,0
2026-05-24 17:42:06,0,0,0,0,0,0
2026-05-24 17:47:06,0,0,0,0,0,0
2026-05-24 17:52:06,0,0,0,0,0,0
2026-05-24 17:57:06,0,0,0,0,0,0
2026-05-24 18:02:06,0,0,0,0,0,0
2026-05-24 18:07:06,0,0,0,0,0,0
2026-05-24 18:12:06,0,0,0,0,0,0
2026-05-24 18:17:06,0,0,0,0,0,0
2026-05-24 18:22:06,0,0,0,0,0,0
2026-05-24 18:27:06,0,0,0,0,0,0
2026-05-24 18:32:06,0,0,0,0,0,0
2026-05-24 18:37:06,0,0,0,0,0,0
2026-05-24 18:42:06,0,0,0,0,0,0
2026-05-24 18:47:06,0,0,0,0,0,0
2026-05-24 18:52:06,0,0,0,0,0,0
2026-05-24 18:57:06,0,0,0,0,0,0
2026-05-24 19:02:06,0,0,0,0,0,0
2026-05-24 19:07:06,0,0,0,0,0,0
2026-05-24 19:12:06,0,0,0,0,0,0
2026-05-24 19:17:06,0,0,0,0,0,0
2026-05-24 19:22:06,0,0,0,0,0,0
2026-05-24 19:27:06,0,0,0,0,0,0
2026-05-24 19:32:06,0,0,0,0,0,0
2026-05-24 19:37:06,0,0,0,0,0,0
2026-05-24 19:42:06,0,0,0,0,0,0
2026-05-24 19:47:06,0,0,0,0,0,0
2026-05-24 19:52:06,0,0,0,0,0,0
2026-05-24 19:57:06,0,0,0,0,0,0
2026-05-24 20:02:06,0,0,0,0,0,0
2026-05-24 20:07:06,0,0,0,0,0,0
2026-05-24 20:12:06,0,0,0,0,0,0
2026-05-24 20:17:06,0,0,0,0,0,0
2026-05-24 20:22:06,0,0,0,0,0,0
2026-05-24 20:27:06,0,0,0,0,0,0
2026-05-24 20:32:06,0,0,0,0,0,0
2026-05-24 20:37:06,0,0,0,0,0,0
2026-05-24 20:42:06,0,0,0,0,0,0
2026-05-24 20:47:06,0,0,0,0,0,0
2026-05-24 20:52:06,0,0,0,0,0,0
2026-05-24 20:57:06,0,0,0,0,0,0
2026-05-24 21:02:06,0,0,0,0,0,0
2026-05-24 21:07:06,0,0,0,0,0,0
2026-05-24 21:12:06,0,0,0,0,0,0
2026-05-24 21:17:06,0,0,0,0,0,0
2026-05-24 21:22:06,0,0,0,0,0,0
2026-05-24 21:27:06,0,0,0,0,0,0
2026-05-24 21:32:06,0,0,0,0,0,0
2026-05-24 21:37:06,0,0,0,0,0,0
2026-05-24 21:42:06,0,0,0,0,0,0
2026-05-24 21:47:06,0,0,0,0,0,0
2026-05-24 21:52:06,0,0,0,0,0,0
2026-05-24 21:57:06,0,0,0,0,0,0
2026-05-24 22:02:06,0,0,0,0,0,0
2026-05-24 22:07:06,0,0,0,0,0,0
2026-05-24 22:12:06,0,0,0,0,0,0
2026-05-24 22:17:06,0,0,0,0,0,0
2026-05-24 22:22:06,0,0,0,0,0,0
2026-05-24 22:27:06,0,0,0,0,0,0
2026-05-24 22:32:06,0,0,0,0,0,0
2026-05-24 22:37:06,0,0,0,0,0,0
2026-05-24 22:42:06,0,0,0,0,0,0
2026-05-24 22:47:06,0,0,0,0,0,0
2026-05-24 22:52:06,0,0,0,0,0,0
2026-05-24 22:57:06,0,0,0,0,0,0
2026-05-24 23:02:06,0,0,0,0,0,0
2026-05-24 23:07:07,0,0,0,0,0,0
2026-05-24 23:12:06,0,0,0,0,0,0
2026-05-24 23:17:06,0,0,0,0,0,0
2026-05-24 23:22:06,0,0,0,0,0,0
2026-05-24 23:27:06,0,0,0,0,0,0
2026-05-24 23:32:06,0,0,0,0,0,0
2026-05-24 23:37:06,0,0,0,0,0,0
2026-05-24 23:42:06,0,0,0,0,0,0
2026-05-24 23:47:06,0,0,0,0,0,0
2026-05-24 23:52:06,0,0,0,0,0,0
2026-05-24 23:57:06,0,0,0,0,0,0
2026-05-25 00:02:06,0,0,0,0,0,0
2026-05-25 00:07:06,0,0,0,0,0,0
2026-05-25 00:12:06,0,0,0,0,0,0
2026-05-25 00:17:06,0,0,0,0,0,0
2026-05-25 00:22:06,0,0,0,0,0,0
2026-05-25 00:27:06,0,0,0,0,0,0
2026-05-25 00:32:06,0,0,0,0,0,0
2026-05-25 00:37:06,0,0,0,0,0,0
2026-05-25 00:42:06,0,0,0,0,0,0
2026-05-25 00:47:06,0,0,0,0,0,0
2026-05-25 00:52:06,0,0,0,0,0,0
2026-05-25 00:57:06,0,0,0,0,0,0
2026-05-25 01:02:06,0,0,0,0,0,0
2026-05-25 01:07:06,0,0,0,0,0,0
2026-05-25 01:12:06,0,0,0,0,0,0
2026-05-25 01:17:06,0,0,0,0,0,0
2026-05-25 01:22:06,0,0,0,0,0,0
2026-05-25 01:27:06,0,0,0,0,0,0
2026-05-25 01:32:06,0,0,0,0,0,0
2026-05-25 01:37:06,0,0,0,0,0,0
2026-05-25 01:42:06,0,0,0,0,0,0
2026-05-25 01:47:06,0,0,0,0,0,0
2026-05-25 01:52:06,0,0,0,0,0,0
2026-05-25 01:57:06,0,0,0,0,0,0
2026-05-25 02:02:06,0,0,0,0,0,0
2026-05-25 02:07:06,0,0,0,0,0,0
2026-05-25 02:12:06,0,0,0,0,0,0
2026-05-25 02:17:06,0,0,0,0,0,0
2026-05-25 02:22:06,0,0,0,0,0,0
2026-05-25 02:27:06,0,0,0,0,0,0
2026-05-25 02:32:06,0,0,0,0,0,0
2026-05-25 02:37:06,0,0,0,0,0,0
2026-05-25 02:42:06,0,0,0,0,0,0
2026-05-25 02:47:06,0,0,0,0,0,0
2026-05-25 02:52:06,0,0,0,0,0,0
2026-05-25 02:57:06,0,0,0,0,0,0
2026-05-25 03:02:07,0,0,0,0,0,0
2026-05-25 03:07:07,0,0,0,0,0,0
2026-05-25 03:12:06,0,0,0,0,0,0
2026-05-25 03:17:06,0,0,0,0,0,0
2026-05-25 03:22:06,0,0,0,0,0,0
2026-05-25 03:27:06,0,0,0,0,0,0
2026-05-25 03:32:06,0,0,0,0,0,0
2026-05-25 03:37:06,0,0,0,0,0,0
2026-05-25 03:42:06,0,0,0,0,0,0
2026-05-25 03:47:06,0,0,0,0,0,0
2026-05-25 03:52:06,0,0,0,0,0,0
2026-05-25 03:57:06,0,0,0,0,0,0
2026-05-25 04:02:06,0,0,0,0,0,0
2026-05-25 04:07:06,0,0,0,0,0,0
2026-05-25 04:12:06,0,0,0,0,0,0
2026-05-25 04:17:06,0,0,0,0,0,0
2026-05-25 04:22:06,0,0,0,0,0,0
2026-05-25 04:27:06,0,0,0,0,0,0
2026-05-25 04:32:06,0,0,0,0,0,0
2026-05-25 04:37:06,0,0,0,0,0,0
2026-05-25 04:42:06,0,0,0,0,0,0
2026-05-25 04:47:06,0,0,0,0,0,0
2026-05-25 04:52:06,0,0,0,0,0,0
2026-05-25 04:57:06,0,0,0,0,0,0
2026-05-25 05:02:07,0,0,0,0,0,0
2026-05-25 05:07:06,0,0,0,0,0,0
2026-05-25 05:12:06,0,0,0,0,0,0
2026-05-25 05:17:07,0,0,0,0,0,0
2026-05-25 05:22:07,0,0,0,0,0,0
2026-05-25 05:27:06,0,0,0,0,0,0
2026-05-25 05:32:07,0,0,0,0,0,0
2026-05-25 05:37:08,0,0,0,0,0,0
2026-05-25 05:42:07,0,0,0,0,0,0
2026-05-25 05:47:06,0,0,0,0,0,0
2026-05-25 05:52:06,0,0,0,0,0,0
2026-05-25 05:57:07,0,0,0,0,0,0
2026-05-25 06:02:07,0,0,0,0,0,0
2026-05-25 06:07:06,0,0,0,0,0,0
2026-05-25 06:12:06,0,0,0,0,0,0
2026-05-25 06:17:07,0,0,0,0,0,0
2026-05-25 06:22:06,0,0,0,0,0,0
2026-05-25 06:27:06,0,0,0,0,0,0
2026-05-25 06:32:06,0,0,0,0,0,0
2026-05-25 06:37:07,0,0,0,0,0,0
2026-05-25 06:42:07,0,0,0,0,0,0
2026-05-25 06:47:06,0,0,0,0,0,0
2026-05-25 06:52:07,0,0,0,0,0,0
2026-05-25 06:57:06,0,0,0,0,0,0
2026-05-25 07:02:07,0,0,0,0,0,0
2026-05-25 07:07:07,0,0,0,0,0,0
2026-05-25 07:12:06,0,0,0,0,0,0
2026-05-25 07:17:07,0,0,0,0,0,0
2026-05-25 07:22:07,0,0,0,0,0,0
2026-05-25 07:27:07,0,0,0,0,0,0
2026-05-25 07:32:06,0,0,0,0,0,0
2026-05-25 07:37:07,0,0,0,0,0,0
2026-05-25 07:42:07,0,0,0,0,0,0
2026-05-25 07:47:07,0,0,0,0,0,0
2026-05-25 07:52:06,0,0,0,0,0,0
2026-05-25 07:57:06,0,0,0,0,0,0
2026-05-25 08:02:06,0,0,0,0,0,0
2026-05-25 08:07:07,0,0,0,0,0,0
2026-05-25 08:12:07,0,0,0,0,0,0
2026-05-25 08:17:07,0,0,0,0,0,0
2026-05-25 08:22:07,0,0,0,0,0,0
2026-05-25 08:27:07,0,0,0,0,0,0
2026-05-25 08:32:07,0,0,0,0,0,0
2026-05-25 08:37:07,0,0,0,0,0,0
2026-05-25 08:42:07,0,0,0,0,0,0
2026-05-25 08:47:07,0,0,0,0,0,0
2026-05-25 08:52:07,0,0,0,0,0,0
2026-05-25 08:57:07,0,0,0,0,0,0
2026-05-25 09:02:07,0,0,0,0,0,0
2026-05-25 09:07:07,0,0,0,0,0,0
2026-05-25 09:12:07,0,0,0,0,0,0
2026-05-25 09:17:07,0,0,0,0,0,0
2026-05-25 09:22:07,0,0,0,0,0,0
2026-05-25 09:27:07,0,0,0,0,0,0
2026-05-25 09:32:07,0,0,0,0,0,0
2026-05-25 09:37:07,0,0,0,0,0,0
2026-05-25 09:42:07,0,0,0,0,0,0
2026-05-25 09:47:07,0,0,0,0,0,0
2026-05-25 09:52:07,0,0,0,0,0,0
2026-05-25 09:57:07,0,0,0,0,0,0
2026-05-25 10:02:07,0,0,0,0,0,0
2026-05-25 10:07:07,0,0,0,0,0,0
2026-05-25 10:12:07,0,0,0,0,0,0
2026-05-25 10:17:09,0,0,0,0,0,0
2026-05-25 10:22:07,0,0,0,0,0,0
2026-05-25 10:27:07,0,0,0,0,0,0
2026-05-25 10:32:07,0,0,0,0,0,0
2026-05-25 10:37:07,0,0,0,0,0,0
2026-05-25 10:42:07,0,0,0,0,0,0
2026-05-25 10:47:07,0,0,0,0,0,0
2026-05-25 10:52:07,0,0,0,0,0,0
2026-05-25 10:57:07,0,0,0,0,0,0
2026-05-25 11:02:07,0,0,0,0,0,0
2026-05-25 11:07:07,0,0,0,0,0,0
2026-05-25 11:12:07,0,0,0,0,0,0
2026-05-25 11:17:07,0,0,0,0,0,0
2026-05-25 11:22:07,0,0,0,0,0,0
2026-05-25 11:27:07,0,0,0,0,0,0
2026-05-25 11:32:07,0,0,0,0,0,0
2026-05-25 11:37:07,0,0,0,0,0,0
2026-05-25 11:42:07,0,0,0,0,0,0
2026-05-25 11:47:07,0,0,0,0,0,0
2026-05-25 11:52:07,0,0,0,0,0,0
2026-05-25 11:57:07,0,0,0,0,0,0
2026-05-25 12:02:07,0,0,0,0,0,0
2026-05-25 12:07:07,0,0,0,0,0,0
2026-05-25 12:12:07,0,0,0,0,0,0
2026-05-25 12:17:07,0,0,0,0,0,0
2026-05-25 12:22:07,0,0,0,0,0,0
2026-05-25 12:27:07,0,0,0,0,0,0
2026-05-25 12:32:07,0,0,0,0,0,0
2026-05-25 12:37:07,0,0,0,0,0,0
2026-05-25 12:42:07,0,0,0,0,0,0
2026-05-25 12:47:07,0,0,0,0,0,0
2026-05-25 12:52:07,0,0,0,0,0,0
2026-05-25 12:57:07,0,0,0,0,0,0
2026-05-25 13:02:07,0,0,0,0,0,0
2026-05-25 13:07:07,0,0,0,0,0,0
2026-05-25 13:12:07,0,0,0,0,0,0
2026-05-25 13:17:07,0,0,0,0,0,0
2026-05-25 13:22:07,0,0,0,0,0,0
2026-05-25 13:27:07,0,0,0,0,0,0
2026-05-25 13:32:07,0,0,0,0,0,0
2026-05-25 13:37:07,0,0,0,0,0,0
2026-05-25 13:42:07,0,0,0,0,0,0
2026-05-25 13:47:07,0,0,0,0,0,0
2026-05-25 13:52:07,0,0,0,0,0,0
2026-05-25 13:57:07,0,0,0,0,0,0
2026-05-25 14:02:07,0,0,0,0,0,0
2026-05-25 14:07:07,0,0,0,0,0,0
2026-05-25 14:12:07,0,0,0,0,0,0
2026-05-25 14:17:07,0,0,0,0,0,0
2026-05-25 14:22:07,0,0,0,0,0,0
2026-05-25 14:27:07,0,0,0,0,0,0
2026-05-25 14:32:07,0,0,0,0,0,0
2026-05-25 14:37:07,0,0,0,0,0,0
2026-05-25 14:42:07,0,0,0,0,0,0
2026-05-25 14:47:07,0,0,0,0,0,0
2026-05-25 14:52:07,0,0,0,0,0,0
2026-05-25 14:57:07,0,0,0,0,0,0
2026-05-25 15:02:07,0,0,0,0,0,0
2026-05-25 15:07:07,0,0,0,0,0,0
2026-05-25 15:12:07,0,0,0,0,0,0
2026-05-25 15:17:07,0,0,0,0,0,0
2026-05-25 15:22:07,0,0,0,0,0,0
2026-05-25 15:27:07,0,0,0,0,0,0
2026-05-25 15:32:07,0,0,0,0,0,0
2026-05-25 15:37:07,0,0,0,0,0,0
2026-05-25 15:42:07,0,0,0,0,0,0
2026-05-25 15:47:07,0,0,0,0,0,0
2026-05-25 15:52:07,0,0,0,0,0,0
2026-05-25 15:57:07,0,0,0,0,0,0
2026-05-25 16:02:07,0,0,0,0,0,0
2026-05-25 16:07:07,0,0,0,0,0,0
2026-05-25 16:12:07,0,0,0,0,0,0
2026-05-25 16:17:07,0,0,0,0,0,0
2026-05-25 16:22:07,0,0,0,0,0,0
2026-05-25 16:27:07,0,0,0,0,0,0
2026-05-25 16:32:07,0,0,0,0,0,0
2026-05-25 16:37:07,0,0,0,0,0,0
2026-05-25 16:42:07,0,0,0,0,0,0
2026-05-25 16:47:07,0,0,0,0,0,0
2026-05-25 16:52:07,0,0,0,0,0,0
2026-05-25 16:57:07,0,0,0,0,0,0
2026-05-25 17:02:07,0,0,0,0,0,0
2026-05-25 17:07:07,0,0,0,0,0,0
2026-05-25 17:12:07,0,0,0,0,0,0
2026-05-25 17:17:07,0,0,0,0,0,0
2026-05-25 17:22:07,0,0,0,0,0,0
2026-05-25 17:27:07,0,0,0,0,0,0
2026-05-25 17:32:07,0,0,0,0,0,0
2026-05-25 17:37:07,0,0,0,0,0,0
2026-05-25 17:42:07,0,0,0,0,0,0
2026-05-25 17:47:07,0,0,0,0,0,0
2026-05-25 17:52:07,0,0,0,0,0,0
2026-05-25 17:57:07,0,0,0,0,0,0
2026-05-25 18:02:07,0,0,0,0,0,0
2026-05-25 18:07:07,0,0,0,0,0,0
2026-05-25 18:12:07,0,0,0,0,0,0
2026-05-25 18:17:07,0,0,0,0,0,0
2026-05-25 18:22:07,0,0,0,0,0,0
2026-05-25 18:27:07,0,0,0,0,0,0
2026-05-25 18:32:07,0,0,0,0,0,0
2026-05-25 18:37:07,0,0,0,0,0,0
2026-05-25 18:42:07,0,0,0,0,0,0
2026-05-25 18:47:07,0,0,0,0,0,0
2026-05-25 18:52:07,0,0,0,0,0,0
2026-05-25 18:57:07,0,0,0,0,0,0
2026-05-25 19:02:07,0,0,0,0,0,0
2026-05-25 19:07:07,0,0,0,0,0,0
2026-05-25 19:12:07,0,0,0,0,0,0
2026-05-25 19:17:07,0,0,0,0,0,0
2026-05-25 19:22:07,0,0,0,0,0,0
2026-05-25 19:27:07,0,0,0,0,0,0
2026-05-25 19:32:07,0,0,0,0,0,0
2026-05-25 19:37:07,0,0,0,0,0,0
2026-05-25 19:42:07,0,0,0,0,0,0
2026-05-25 19:47:07,0,0,0,0,0,0
2026-05-25 19:52:07,0,0,0,0,0,0
2026-05-25 19:57:07,0,0,0,0,0,0
2026-05-25 20:02:07,0,0,0,0,0,0
2026-05-25 20:07:07,0,0,0,0,0,0
2026-05-25 20:12:07,0,0,0,0,0,0
2026-05-25 20:17:07,0,0,0,0,0,0
2026-05-25 20:22:07,0,0,0,0,0,0
2026-05-25 20:27:07,0,0,0,0,0,0
2026-05-25 20:32:07,0,0,0,0,0,0
2026-05-25 20:37:07,0,0,0,0,0,0
2026-05-25 20:42:07,0,0,0,0,0,0
2026-05-25 20:47:07,0,0,0,0,0,0
2026-05-25 20:52:07,0,0,0,0,0,0
2026-05-25 20:57:07,0,0,0,0,0,0
2026-05-25 21:02:07,0,0,0,0,0,0
2026-05-25 21:07:07,0,0,0,0,0,0
2026-05-25 21:12:07,0,0,0,0,0,0
2026-05-25 21:17:07,0,0,0,0,0,0
2026-05-25 21:22:07,0,0,0,0,0,0
2026-05-25 21:27:07,0,0,0,0,0,0
2026-05-25 21:32:07,0,0,0,0,0,0
2026-05-25 21:37:07,0,0,0,0,0,0
2026-05-25 21:42:07,0,0,0,0,0,0
2026-05-25 21:47:07,0,0,0,0,0,0
2026-05-25 21:52:07,0,0,0,0,0,0
2026-05-25 21:57:07,0,0,0,0,0,0
2026-05-25 22:02:07,0,0,0,0,0,0
2026-05-25 22:07:07,0,0,0,0,0,0
2026-05-25 22:12:07,0,0,0,0,0,0
2026-05-25 22:17:07,0,0,0,0,0,0
2026-05-25 22:22:07,0,0,0,0,0,0
2026-05-25 22:27:07,0,0,0,0,0,0
2026-05-25 22:32:07,0,0,0,0,0,0
2026-05-25 22:37:07,0,0,0,0,0,0
2026-05-25 22:42:07,0,0,0,0,0,0
2026-05-25 22:47:07,0,0,0,0,0,0
2026-05-25 22:52:07,0,0,0,0,0,0
2026-05-25 22:57:07,0,0,0,0,0,0
2026-05-25 23:02:07,0,0,0,0,0,0
2026-05-25 23:07:08,0,0,0,0,0,0
2026-05-25 23:12:07,0,0,0,0,0,0
2026-05-25 23:17:07,0,0,0,0,0,0
2026-05-25 23:22:07,0,0,0,0,0,0
2026-05-25 23:27:07,0,0,0,0,0,0
2026-05-25 23:32:07,0,0,0,0,0,0
2026-05-25 23:37:07,0,0,0,0,0,0
2026-05-25 23:42:07,0,0,0,0,0,0
2026-05-25 23:47:07,0,0,0,0,0,0
2026-05-25 23:52:07,0,0,0,0,0,0
2026-05-25 23:57:07,0,0,0,0,0,0
2026-05-26 00:02:07,0,0,0,0,0,0
2026-05-26 00:07:07,0,0,0,0,0,0
2026-05-26 00:12:07,0,0,0,0,0,0
2026-05-26 00:17:07,0,0,0,0,0,0
2026-05-26 00:22:07,0,0,0,0,0,0
2026-05-26 00:27:07,0,0,0,0,0,0
2026-05-26 00:32:07,0,0,0,0,0,0
2026-05-26 00:37:07,0,0,0,0,0,0
2026-05-26 00:42:07,0,0,0,0,0,0
2026-05-26 00:47:07,0,0,0,0,0,0
2026-05-26 00:52:07,0,0,0,0,0,0
2026-05-26 00:57:07,0,0,0,0,0,0
2026-05-26 01:02:07,0,0,0,0,0,0
2026-05-26 01:07:07,0,0,0,0,0,0
2026-05-26 01:12:07,0,0,0,0,0,0
2026-05-26 01:17:07,0,0,0,0,0,0
2026-05-26 01:22:07,0,0,0,0,0,0
2026-05-26 01:27:07,0,0,0,0,0,0
2026-05-26 01:32:07,0,0,0,0,0,0
2026-05-26 01:37:07,0,0,0,0,0,0
2026-05-26 01:42:07,0,0,0,0,0,0
2026-05-26 01:47:07,0,0,0,0,0,0
2026-05-26 01:52:07,0,0,0,0,0,0
2026-05-26 01:57:07,0,0,0,0,0,0
2026-05-26 02:02:07,0,0,0,0,0,0
2026-05-26 02:07:07,0,0,0,0,0,0
2026-05-26 02:12:07,0,0,0,0,0,0
2026-05-26 02:17:07,0,0,0,0,0,0
2026-05-26 02:22:07,0,0,0,0,0,0
2026-05-26 02:27:07,0,0,0,0,0,0
2026-05-26 02:32:07,0,0,0,0,0,0
2026-05-26 02:37:07,0,0,0,0,0,0
2026-05-26 02:42:07,0,0,0,0,0,0
2026-05-26 02:47:07,0,0,0,0,0,0
2026-05-26 02:52:07,0,0,0,0,0,0
2026-05-26 02:57:07,0,0,0,0,0,0
2026-05-26 03:02:07,0,0,0,0,0,0
2026-05-26 03:07:07,0,0,0,0,0,0
2026-05-26 03:12:07,0,0,0,0,0,0
2026-05-26 03:17:07,0,0,0,0,0,0
2026-05-26 03:22:07,0,0,0,0,0,0
2026-05-26 03:27:07,0,0,0,0,0,0
2026-05-26 03:32:07,0,0,0,0,0,0
2026-05-26 03:37:07,0,0,0,0,0,0
2026-05-26 03:42:07,0,0,0,0,0,0
2026-05-26 03:47:07,0,0,0,0,0,0
2026-05-26 03:52:07,0,0,0,0,0,0
2026-05-26 03:57:07,0,0,0,0,0,0
2026-05-26 04:02:07,0,0,0,0,0,0
2026-05-26 04:07:07,0,0,0,0,0,0
2026-05-26 04:12:07,0,0,0,0,0,0
2026-05-26 04:17:07,0,0,0,0,0,0
2026-05-26 04:22:07,0,0,0,0,0,0
2026-05-26 04:27:07,0,0,0,0,0,0
2026-05-26 04:32:07,0,0,0,0,0,0
2026-05-26 04:37:07,0,0,0,0,0,0
2026-05-26 04:42:07,0,0,0,0,0,0
2026-05-26 04:47:07,0,0,0,0,0,0
2026-05-26 04:52:07,0,0,0,0,0,0
2026-05-26 04:57:07,0,0,0,0,0,0
2026-05-26 05:02:07,0,0,0,0,0,0
2026-05-26 05:07:07,0,0,0,0,0,0
2026-05-26 05:12:07,0,0,0,0,0,0
2026-05-26 05:17:07,0,0,0,0,0,0
2026-05-26 05:22:07,0,0,0,0,0,0
2026-05-26 05:27:07,0,0,0,0,0,0
2026-05-26 05:32:07,0,0,0,0,0,0
2026-05-26 05:37:07,0,0,0,0,0,0
2026-05-26 05:42:07,0,0,0,0,0,0
2026-05-26 05:47:07,0,0,0,0,0,0
2026-05-26 05:52:07,0,0,0,0,0,0
2026-05-26 05:57:07,0,0,0,0,0,0
2026-05-26 06:02:07,0,0,0,0,0,0
2026-05-26 06:07:07,0,0,0,0,0,0
2026-05-26 06:12:07,0,0,0,0,0,0
2026-05-26 06:17:07,0,0,0,0,0,0
2026-05-26 06:22:07,0,0,0,0,0,0
2026-05-26 06:27:07,0,0,0,0,0,0
2026-05-26 06:32:07,0,0,0,0,0,0
2026-05-26 06:37:07,0,0,0,0,0,0
2026-05-26 06:42:07,0,0,0,0,0,0
2026-05-26 06:47:07,0,0,0,0,0,0
2026-05-26 06:52:07,0,0,0,0,0,0
2026-05-26 06:57:07,0,0,0,0,0,0
2026-05-26 07:02:07,0,0,0,0,0,0
2026-05-26 07:07:07,0,0,0,0,0,0
2026-05-26 07:12:07,0,0,0,0,0,0
2026-05-26 07:17:07,0,0,0,0,0,0
2026-05-26 07:22:08,0,0,0,0,0,0
2026-05-26 07:27:08,0,0,0,0,0,0
2026-05-26 07:32:07,0,0,0,0,0,0
2026-05-26 07:37:08,0,0,0,0,0,0
2026-05-26 07:42:09,0,0,0,0,0,0
2026-05-26 07:47:08,0,0,0,0,0,0
2026-05-26 07:52:08,0,0,0,0,0,0
2026-05-26 07:57:08,0,0,0,0,0,0
2026-05-26 08:02:08,0,0,0,0,0,0
2026-05-26 08:07:08,0,0,0,0,0,0
2026-05-26 08:12:08,0,0,0,0,0,0
2026-05-26 08:17:08,0,0,0,0,0,0
2026-05-26 08:22:08,0,0,0,0,0,0
2026-05-26 08:27:08,0,0,0,0,0,0
2026-05-26 08:32:08,0,0,0,0,0,0
2026-05-26 08:37:08,0,0,0,0,0,0
2026-05-26 08:42:07,0,0,0,0,0,0
2026-05-26 08:47:08,0,0,0,0,0,0
2026-05-26 08:52:08,0,0,0,0,0,0
2026-05-26 08:57:08,0,0,0,0,0,0
2026-05-26 09:02:08,0,0,0,0,0,0
2026-05-26 09:07:08,0,0,0,0,0,0
2026-05-26 09:12:08,0,0,0,0,0,0
2026-05-26 09:17:08,0,0,0,0,0,0
2026-05-26 09:22:08,0,0,0,0,0,0
2026-05-26 09:27:08,0,0,0,0,0,0
2026-05-26 09:32:08,0,0,0,0,0,0
2026-05-26 09:37:08,0,0,0,0,0,0
2026-05-26 09:42:08,0,0,0,0,0,0
2026-05-26 09:47:08,0,0,0,0,0,0
2026-05-26 09:52:08,0,0,0,0,0,0
2026-05-26 09:57:08,0,0,0,0,0,0
2026-05-26 10:02:08,0,0,0,0,0,0
2026-05-26 10:07:08,0,0,0,0,0,0
2026-05-26 10:12:08,0,0,0,0,0,0
2026-05-26 10:17:08,0,0,0,0,0,0
2026-05-26 10:22:08,0,0,0,0,0,0
2026-05-26 10:27:08,0,0,0,0,0,0
2026-05-26 10:32:08,0,0,0,0,0,0
2026-05-26 10:37:08,0,0,0,0,0,0
2026-05-26 10:42:08,0,0,0,0,0,0
2026-05-26 10:47:08,0,0,0,0,0,0
2026-05-26 10:52:08,0,0,0,0,0,0
2026-05-26 10:57:08,0,0,0,0,0,0
2026-05-26 11:02:08,0,0,0,0,0,0
2026-05-26 11:07:08,0,0,0,0,0,0
2026-05-26 11:12:08,0,0,0,0,0,0
2026-05-26 11:17:08,0,0,0,0,0,0
2026-05-26 11:22:08,0,0,0,0,0,0
2026-05-26 11:27:08,0,0,0,0,0,0
2026-05-26 11:32:08,0,0,0,0,0,0
2026-05-26 11:37:08,0,0,0,0,0,0
2026-05-26 11:42:08,0,0,0,0,0,0
2026-05-26 11:47:08,0,0,0,0,0,0
2026-05-26 11:52:08,0,0,0,0,0,0
2026-05-26 11:57:08,0,0,0,0,0,0
2026-05-26 12:02:08,0,0,0,0,0,0
2026-05-26 12:07:08,0,0,0,0,0,0
2026-05-26 12:12:08,0,0,0,0,0,0
2026-05-26 12:17:08,0,0,0,0,0,0
2026-05-26 12:22:08,0,0,0,0,0,0
2026-05-26 12:27:08,0,0,0,0,0,0
2026-05-26 12:32:08,0,0,0,0,0,0
2026-05-26 12:37:08,0,0,0,0,0,0
2026-05-26 12:42:08,0,0,0,0,0,0
2026-05-26 12:47:08,0,0,0,0,0,0
2026-05-26 12:52:08,0,0,0,0,0,0
2026-05-26 12:57:08,0,0,0,0,0,0
2026-05-26 13:02:08,0,0,0,0,0,0
2026-05-26 13:07:08,0,0,0,0,0,0
2026-05-26 13:12:08,0,0,0,0,0,0
2026-05-26 13:17:08,0,0,0,0,0,0
2026-05-26 13:22:08,0,0,0,0,0,0
2026-05-26 13:27:08,0,0,0,0,0,0
2026-05-26 13:32:08,0,0,0,0,0,0
2026-05-26 13:37:08,0,0,0,0,0,0
2026-05-26 13:42:08,0,0,0,0,0,0
2026-05-26 13:47:08,0,0,0,0,0,0
2026-05-26 13:52:08,0,0,0,0,0,0
2026-05-26 13:57:08,0,0,0,0,0,0
2026-05-26 14:02:08,0,0,0,0,0,0
2026-05-26 14:07:08,0,0,0,0,0,0
2026-05-26 14:12:08,0,0,0,0,0,0
2026-05-26 14:17:08,0,0,0,0,0,0
2026-05-26 14:22:08,0,0,0,0,0,0
2026-05-26 14:27:08,0,0,0,0,0,0
2026-05-26 14:32:08,0,0,0,0,0,0
2026-05-26 14:37:08,0,0,0,0,0,0
2026-05-26 14:42:08,0,0,0,0,0,0
2026-05-26 14:47:08,0,0,0,0,0,0
2026-05-26 14:52:08,0,0,0,0,0,0
2026-05-26 14:57:08,0,0,0,0,0,0
2026-05-26 15:02:08,0,0,0,0,0,0
2026-05-26 15:07:08,0,0,0,0,0,0
2026-05-26 15:12:08,0,0,0,0,0,0
2026-05-26 15:17:08,0,0,0,0,0,0
2026-05-26 15:22:08,0,0,0,0,0,0
2026-05-26 15:27:08,0,0,0,0,0,0
2026-05-26 15:32:08,0,0,0,0,0,0
2026-05-26 15:37:08,0,0,0,0,0,0
2026-05-26 15:42:08,0,0,0,0,0,0
2026-05-26 15:47:08,0,0,0,0,0,0
2026-05-26 15:52:08,0,0,0,0,0,0
2026-05-26 15:57:08,0,0,0,0,0,0
2026-05-26 16:02:14,0,0,0,0,0,0
2026-05-26 16:07:08,0,0,0,0,0,0
2026-05-26 16:12:08,0,0,0,0,0,0
2026-05-26 16:17:08,0,0,0,0,0,0
2026-05-26 16:22:08,0,0,0,0,0,0
2026-05-26 16:27:08,0,0,0,0,0,0
2026-05-26 16:32:08,0,0,0,0,0,0
2026-05-26 16:37:08,0,0,0,0,0,0
2026-05-26 16:42:08,0,0,0,0,0,0
2026-05-26 16:47:08,0,0,0,0,0,0
2026-05-26 16:52:08,0,0,0,0,0,0
2026-05-26 16:57:08,0,0,0,0,0,0
2026-05-26 17:02:08,0,0,0,0,0,0
2026-05-26 17:07:08,0,0,0,0,0,0
2026-05-26 17:12:08,0,0,0,0,0,0
2026-05-26 17:17:08,0,0,0,0,0,0
2026-05-26 17:22:08,0,0,0,0,0,0
2026-05-26 17:27:08,0,0,0,0,0,0
2026-05-26 17:32:08,0,0,0,0,0,0
2026-05-26 17:37:08,0,0,0,0,0,0
2026-05-26 17:42:08,0,0,0,0,0,0
2026-05-26 17:47:08,0,0,0,0,0,0
2026-05-26 17:52:08,0,0,0,0,0,0
2026-05-26 17:57:08,0,0,0,0,0,0
2026-05-26 18:02:08,0,0,0,0,0,0
2026-05-26 18:07:08,0,0,0,0,0,0
2026-05-26 18:12:08,0,0,0,0,0,0
2026-05-26 18:17:08,0,0,0,0,0,0
2026-05-26 18:22:08,0,0,0,0,0,0
2026-05-26 18:27:08,0,0,0,0,0,0
2026-05-26 18:32:08,0,0,0,0,0,0
2026-05-26 18:37:08,0,0,0,0,0,0
2026-05-26 18:42:08,0,0,0,0,0,0
2026-05-26 18:47:08,0,0,0,0,0,0
2026-05-26 18:52:08,0,0,0,0,0,0
2026-05-26 18:57:08,0,0,0,0,0,0
2026-05-26 19:02:08,0,0,0,0,0,0
2026-05-26 19:07:08,0,0,0,0,0,0
2026-05-26 19:12:08,0,0,0,0,0,0
2026-05-26 19:17:08,0,0,0,0,0,0
2026-05-26 19:22:08,0,0,0,0,0,0
2026-05-26 19:27:08,0,0,0,0,0,0
2026-05-26 19:32:08,0,0,0,0,0,0
2026-05-26 19:37:08,0,0,0,0,0,0
2026-05-26 19:42:08,0,0,0,0,0,0
2026-05-26 19:47:08,0,0,0,0,0,0
2026-05-26 19:52:08,0,0,0,0,0,0
2026-05-26 19:57:08,0,0,0,0,0,0
2026-05-26 20:02:08,0,0,0,0,0,0
2026-05-26 20:07:08,0,0,0,0,0,0
2026-05-26 20:12:08,0,0,0,0,0,0
2026-05-26 20:17:08,0,0,0,0,0,0
2026-05-26 20:22:08,0,0,0,0,0,0
2026-05-26 20:27:08,0,0,0,0,0,0
2026-05-26 20:32:08,0,0,0,0,0,0
2026-05-26 20:37:08,0,0,0,0,0,0
2026-05-26 20:42:08,0,0,0,0,0,0
2026-05-26 20:47:08,0,0,0,0,0,0
2026-05-26 20:52:08,0,0,0,0,0,0
2026-05-26 20:57:08,0,0,0,0,0,0
2026-05-26 21:02:08,0,0,0,0,0,0
2026-05-26 21:07:08,0,0,0,0,0,0
2026-05-26 21:12:08,0,0,0,0,0,0
2026-05-26 21:17:08,0,0,0,0,0,0
2026-05-26 21:22:08,0,0,0,0,0,0
2026-05-26 21:27:08,0,0,0,0,0,0
2026-05-26 21:32:08,0,0,0,0,0,0
2026-05-26 21:37:08,0,0,0,0,0,0
2026-05-26 21:42:08,0,0,0,0,0,0
2026-05-26 21:47:08,0,0,0,0,0,0
2026-05-26 21:52:08,0,0,0,0,0,0
2026-05-26 21:57:08,0,0,0,0,0,0
2026-05-26 22:02:08,0,0,0,0,0,0
2026-05-26 22:07:08,0,0,0,0,0,0
2026-05-26 22:12:08,0,0,0,0,0,0
2026-05-26 22:17:08,0,0,0,0,0,0
2026-05-26 22:22:08,0,0,0,0,0,0
2026-05-26 22:27:08,0,0,0,0,0,0
2026-05-26 22:32:08,0,0,0,0,0,0
2026-05-26 22:37:08,0,0,0,0,0,0
2026-05-26 22:42:08,0,0,0,0,0,0
2026-05-26 22:47:08,0,0,0,0,0,0
2026-05-26 22:52:08,0,0,0,0,0,0
2026-05-26 22:57:08,0,0,0,0,0,0
2026-05-26 23:02:08,0,0,0,0,0,0
2026-05-26 23:07:09,0,0,0,0,0,0
2026-05-26 23:12:08,0,0,0,0,0,0
2026-05-26 23:17:08,0,0,0,0,0,0
2026-05-26 23:22:08,0,0,0,0,0,0
2026-05-26 23:27:08,0,0,0,0,0,0
2026-05-26 23:32:08,0,0,0,0,0,0
2026-05-26 23:37:08,0,0,0,0,0,0
2026-05-26 23:42:08,0,0,0,0,0,0
2026-05-26 23:47:08,0,0,0,0,0,0
2026-05-26 23:52:08,0,0,0,0,0,0
2026-05-26 23:57:08,0,0,0,0,0,0
2026-05-27 00:02:08,0,0,0,0,0,0
2026-05-27 00:07:08,0,0,0,0,0,0
2026-05-27 00:12:08,0,0,0,0,0,0
2026-05-27 00:17:08,0,0,0,0,0,0
2026-05-27 00:22:08,0,0,0,0,0,0
2026-05-27 00:27:08,0,0,0,0,0,0
2026-05-27 00:32:08,0,0,0,0,0,0
2026-05-27 00:37:08,0,0,0,0,0,0
2026-05-27 00:42:08,0,0,0,0,0,0
2026-05-27 00:47:08,0,0,0,0,0,0
2026-05-27 00:52:08,0,0,0,0,0,0
2026-05-27 00:57:08,0,0,0,0,0,0
2026-05-27 01:02:08,0,0,0,0,0,0
2026-05-27 01:07:08,0,0,0,0,0,0
2026-05-27 01:12:08,0,0,0,0,0,0
2026-05-27 01:17:08,0,0,0,0,0,0
2026-05-27 01:22:08,0,0,0,0,0,0
2026-05-27 01:27:08,0,0,0,0,0,0
2026-05-27 01:32:08,0,0,0,0,0,0
2026-05-27 01:37:08,0,0,0,0,0,0
2026-05-27 01:42:08,0,0,0,0,0,0
2026-05-27 01:47:08,0,0,0,0,0,0
2026-05-27 01:52:08,0,0,0,0,0,0
2026-05-27 01:57:08,0,0,0,0,0,0
2026-05-27 02:02:08,0,0,0,0,0,0
2026-05-27 02:07:08,0,0,0,0,0,0
2026-05-27 02:12:08,0,0,0,0,0,0
2026-05-27 02:17:08,0,0,0,0,0,0
2026-05-27 02:22:08,0,0,0,0,0,0
2026-05-27 02:27:08,0,0,0,0,0,0
2026-05-27 02:32:08,0,0,0,0,0,0
2026-05-27 02:37:08,0,0,0,0,0,0
2026-05-27 02:42:08,0,0,0,0,0,0
2026-05-27 02:47:08,0,0,0,0,0,0
2026-05-27 02:52:08,0,0,0,0,0,0
2026-05-27 02:57:08,0,0,0,0,0,0
2026-05-27 03:02:08,0,0,0,0,0,0
2026-05-27 03:07:08,0,0,0,0,0,0
2026-05-27 03:12:08,0,0,0,0,0,0
2026-05-27 03:17:08,0,0,0,0,0,0
2026-05-27 03:22:08,0,0,0,0,0,0
2026-05-27 03:27:08,0,0,0,0,0,0
2026-05-27 03:32:08,0,0,0,0,0,0
2026-05-27 03:37:08,0,0,0,0,0,0
2026-05-27 03:42:08,0,0,0,0,0,0
2026-05-27 03:47:08,0,0,0,0,0,0
2026-05-27 03:52:08,0,0,0,0,0,0
2026-05-27 03:57:08,0,0,0,0,0,0
2026-05-27 04:02:08,0,0,0,0,0,0
2026-05-27 04:07:08,0,0,0,0,0,0
2026-05-27 04:12:08,0,0,0,0,0,0
2026-05-27 04:17:08,0,0,0,0,0,0
2026-05-27 04:22:08,0,0,0,0,0,0
2026-05-27 04:27:08,0,0,0,0,0,0
2026-05-27 04:32:08,0,0,0,0,0,0
2026-05-27 04:37:08,0,0,0,0,0,0
2026-05-27 04:42:08,0,0,0,0,0,0
2026-05-27 04:47:08,0,0,0,0,0,0
2026-05-27 04:52:08,0,0,0,0,0,0
2026-05-27 04:57:08,0,0,0,0,0,0
2026-05-27 05:02:08,0,0,0,0,0,0
2026-05-27 05:07:08,0,0,0,0,0,0
2026-05-27 05:12:08,0,0,0,0,0,0
2026-05-27 05:17:08,0,0,0,0,0,0
2026-05-27 05:22:08,0,0,0,0,0,0
2026-05-27 05:27:08,0,0,0,0,0,0
2026-05-27 05:32:08,0,0,0,0,0,0
2026-05-27 05:37:08,0,0,0,0,0,0
2026-05-27 05:42:08,0,0,0,0,0,0
2026-05-27 05:47:08,0,0,0,0,0,0
2026-05-27 05:52:08,0,0,0,0,0,0
2026-05-27 05:57:08,0,0,0,0,0,0
2026-05-27 06:02:08,0,0,0,0,0,0
2026-05-27 06:07:08,0,0,0,0,0,0
2026-05-27 06:12:08,0,0,0,0,0,0
2026-05-27 06:17:08,0,0,0,0,0,0
2026-05-27 06:22:08,0,0,0,0,0,0
2026-05-27 06:27:08,0,0,0,0,0,0
2026-05-27 06:32:08,0,0,0,0,0,0
2026-05-27 06:37:08,0,0,0,0,0,0
2026-05-27 06:42:08,0,0,0,0,0,0
2026-05-27 06:47:08,0,0,0,0,0,0
2026-05-27 06:52:08,0,0,0,0,0,0
2026-05-27 06:57:08,0,0,0,0,0,0
2026-05-27 07:02:08,0,0,0,0,0,0
2026-05-27 07:07:08,0,0,0,0,0,0
2026-05-27 07:12:08,0,0,0,0,0,0
2026-05-27 07:17:08,0,0,0,0,0,0
2026-05-27 07:22:08,0,0,0,0,0,0
2026-05-27 07:27:08,0,0,0,0,0,0
2026-05-27 07:32:08,0,0,0,0,0,0
2026-05-27 07:37:08,0,0,0,0,0,0
2026-05-27 07:42:08,0,0,0,0,0,0
2026-05-27 07:47:08,0,0,0,0,0,0
2026-05-27 07:52:08,0,0,0,0,0,0
2026-05-27 07:57:09,0,0,0,0,0,0
2026-05-27 08:02:09,0,0,0,0,0,0
2026-05-27 08:07:09,0,0,0,0,0,0
2026-05-27 08:12:08,0,0,0,0,0,0
2026-05-27 08:17:09,0,0,0,0,0,0
2026-05-27 08:22:08,0,0,0,0,0,0
2026-05-27 08:27:09,0,0,0,0,0,0
2026-05-27 08:32:08,0,0,0,0,0,0
2026-05-27 08:37:08,0,0,0,0,0,0
2026-05-27 08:42:08,0,0,0,0,0,0
2026-05-27 08:47:10,0,0,0,0,0,0
2026-05-27 08:52:09,0,0,0,0,0,0
2026-05-27 08:57:09,0,0,0,0,0,0
2026-05-27 09:02:09,0,0,0,0,0,0
2026-05-27 09:07:09,0,0,0,0,0,0
2026-05-27 09:12:09,0,0,0,0,0,0
2026-05-27 09:17:09,0,0,0,0,0,0
2026-05-27 09:22:09,0,0,0,0,0,0
2026-05-27 09:27:09,0,0,0,0,0,0
2026-05-27 09:32:09,0,0,0,0,0,0
2026-05-27 09:37:09,0,0,0,0,0,0
2026-05-27 09:42:08,0,0,0,0,0,0
2026-05-27 09:47:09,0,0,0,0,0,0
2026-05-27 09:52:09,0,0,0,0,0,0
2026-05-27 09:57:09,0,0,0,0,0,0
2026-05-27 10:02:08,0,0,0,0,0,0
2026-05-27 10:07:09,0,0,0,0,0,0
2026-05-27 10:12:08,0,0,0,0,0,0
2026-05-27 10:17:09,0,0,0,0,0,0
2026-05-27 10:22:09,0,0,0,0,0,0
2026-05-27 10:27:09,0,0,0,0,0,0
2026-05-27 10:32:08,0,0,0,0,0,0
2026-05-27 10:37:09,0,0,0,0,0,0
2026-05-27 10:42:09,0,0,0,0,0,0
2026-05-27 10:47:09,0,0,0,0,0,0
2026-05-27 10:52:08,0,0,0,0,0,0
2026-05-27 10:57:09,0,0,0,0,0,0
2026-05-27 11:02:09,0,0,0,0,0,0
2026-05-27 11:07:09,0,0,0,0,0,0
2026-05-27 11:12:09,0,0,0,0,0,0
2026-05-27 11:17:09,0,0,0,0,0,0
2026-05-27 11:22:09,0,0,0,0,0,0
2026-05-27 11:27:09,0,0,0,0,0,0
2026-05-27 11:32:09,0,0,0,0,0,0
2026-05-27 11:37:09,0,0,0,0,0,0
2026-05-27 11:42:09,0,0,0,0,0,0
2026-05-27 11:47:09,0,0,0,0,0,0
2026-05-27 11:52:09,0,0,0,0,0,0
2026-05-27 11:57:09,0,0,0,0,0,0
2026-05-27 12:02:09,0,0,0,0,0,0
2026-05-27 12:07:09,0,0,0,0,0,0
2026-05-27 12:12:09,0,0,0,0,0,0
2026-05-27 12:17:09,0,0,0,0,0,0
2026-05-27 12:22:09,0,0,0,0,0,0
2026-05-27 12:27:09,0,0,0,0,0,0
2026-05-27 12:32:09,0,0,0,0,0,0
2026-05-27 12:37:09,0,0,0,0,0,0
2026-05-27 12:42:09,0,0,0,0,0,0
2026-05-27 12:47:09,0,0,0,0,0,0
2026-05-27 12:52:09,0,0,0,0,0,0
2026-05-27 12:57:09,0,0,0,0,0,0
2026-05-27 13:02:09,0,0,0,0,0,0
2026-05-27 13:07:09,0,0,0,0,0,0
2026-05-27 13:12:09,0,0,0,0,0,0
2026-05-27 13:17:09,0,0,0,0,0,0
2026-05-27 13:22:09,0,0,0,0,0,0
2026-05-27 13:27:09,0,0,0,0,0,0
2026-05-27 13:32:09,0,0,0,0,0,0
2026-05-27 13:37:09,0,0,0,0,0,0
2026-05-27 13:42:09,0,0,0,0,0,0
2026-05-27 13:47:09,0,0,0,0,0,0
2026-05-27 13:52:09,0,0,0,0,0,0
2026-05-27 13:57:09,0,0,0,0,0,0
2026-05-27 14:02:09,0,0,0,0,0,0
2026-05-27 14:07:09,0,0,0,0,0,0
2026-05-27 14:12:09,0,0,0,0,0,0
2026-05-27 14:17:09,0,0,0,0,0,0
2026-05-27 14:22:09,0,0,0,0,0,0
2026-05-27 14:27:09,0,0,0,0,0,0
2026-05-27 14:32:09,0,0,0,0,0,0
2026-05-27 14:37:09,0,0,0,0,0,0
2026-05-27 14:42:09,0,0,0,0,0,0
2026-05-27 14:47:09,0,0,0,0,0,0
2026-05-27 14:52:09,0,0,0,0,0,0
2026-05-27 14:57:09,0,0,0,0,0,0
2026-05-27 15:02:09,0,0,0,0,0,0
2026-05-27 15:07:09,0,0,0,0,0,0
2026-05-27 15:12:09,0,0,0,0,0,0
2026-05-27 15:17:09,0,0,0,0,0,0
2026-05-27 15:22:09,0,0,0,0,0,0
2026-05-27 15:27:09,0,0,0,0,0,0
2026-05-27 15:32:09,0,0,0,0,0,0
2026-05-27 15:37:09,0,0,0,0,0,0
2026-05-27 15:42:09,0,0,0,0,0,0
2026-05-27 15:47:09,0,0,0,0,0,0
2026-05-27 15:52:09,0,0,0,0,0,0
2026-05-27 15:57:09,0,0,0,0,0,0
2026-05-27 16:02:14,0,0,0,0,0,0
2026-05-27 16:07:09,0,0,0,0,0,0
2026-05-27 16:12:09,0,0,0,0,0,0
2026-05-27 16:17:09,0,0,0,0,0,0
2026-05-27 16:22:09,0,0,0,0,0,0
2026-05-27 16:27:09,0,0,0,0,0,0
2026-05-27 16:32:09,0,0,0,0,0,0
2026-05-27 16:37:09,0,0,0,0,0,0
2026-05-27 16:42:09,0,0,0,0,0,0
2026-05-27 16:47:09,0,0,0,0,0,0
2026-05-27 16:52:09,0,0,0,0,0,0
2026-05-27 16:57:09,0,0,0,0,0,0
2026-05-27 17:02:27,0,0,0,0,0,0
2026-05-27 17:07:09,0,0,0,0,0,0
2026-05-27 17:12:09,0,0,0,0,0,0
2026-05-27 17:17:09,0,0,0,0,0,0
2026-05-27 17:22:09,0,0,0,0,0,0
2026-05-27 17:27:09,0,0,0,0,0,0
2026-05-27 17:32:09,0,0,0,0,0,0
2026-05-27 17:37:09,0,0,0,0,0,0
2026-05-27 17:42:09,0,0,0,0,0,0
2026-05-27 17:47:09,0,0,0,0,0,0
2026-05-27 17:52:09,0,0,0,0,0,0
2026-05-27 17:57:09,0,0,0,0,0,0
2026-05-27 18:02:09,0,0,0,0,0,0
2026-05-27 18:07:09,0,0,0,0,0,0
2026-05-27 18:12:09,0,0,0,0,0,0
2026-05-27 18:17:09,0,0,0,0,0,0
2026-05-27 18:22:09,0,0,0,0,0,0
2026-05-27 18:27:09,0,0,0,0,0,0
2026-05-27 18:32:09,0,0,0,0,0,0
2026-05-27 18:37:09,0,0,0,0,0,0
2026-05-27 18:42:09,0,0,0,0,0,0
2026-05-27 18:47:09,0,0,0,0,0,0
2026-05-27 18:52:09,0,0,0,0,0,0
2026-05-27 18:57:09,0,0,0,0,0,0
2026-05-27 19:02:09,0,0,0,0,0,0
2026-05-27 19:07:09,0,0,0,0,0,0
2026-05-27 19:12:09,0,0,0,0,0,0
2026-05-27 19:17:09,0,0,0,0,0,0
2026-05-27 19:22:09,0,0,0,0,0,0
2026-05-27 19:27:09,0,0,0,0,0,0
2026-05-27 19:32:09,0,0,0,0,0,0
2026-05-27 19:37:09,0,0,0,0,0,0
2026-05-27 19:42:09,0,0,0,0,0,0
2026-05-27 19:47:09,0,0,0,0,0,0
2026-05-27 19:52:09,0,0,0,0,0,0
2026-05-27 19:57:09,0,0,0,0,0,0
2026-05-27 20:02:09,0,0,0,0,0,0
2026-05-27 20:07:09,0,0,0,0,0,0
2026-05-27 20:12:09,0,0,0,0,0,0
2026-05-27 20:17:09,0,0,0,0,0,0
2026-05-27 20:22:09,0,0,0,0,0,0
2026-05-27 20:27:09,0,0,0,0,0,0
2026-05-27 20:32:09,0,0,0,0,0,0
2026-05-27 20:37:09,0,0,0,0,0,0
2026-05-27 20:42:09,0,0,0,0,0,0
2026-05-27 20:47:09,0,0,0,0,0,0
2026-05-27 20:52:09,0,0,0,0,0,0
2026-05-27 20:57:09,0,0,0,0,0,0
2026-05-27 21:02:09,0,0,0,0,0,0
2026-05-27 21:07:09,0,0,0,0,0,0
2026-05-27 21:12:09,0,0,0,0,0,0
2026-05-27 21:17:09,0,0,0,0,0,0
2026-05-27 21:22:09,0,0,0,0,0,0
2026-05-27 21:27:09,0,0,0,0,0,0
2026-05-27 21:32:09,0,0,0,0,0,0
2026-05-27 21:37:09,0,0,0,0,0,0
2026-05-27 21:42:09,0,0,0,0,0,0
2026-05-27 21:47:09,0,0,0,0,0,0
2026-05-27 21:52:09,0,0,0,0,0,0
2026-05-27 21:57:09,0,0,0,0,0,0
2026-05-27 22:02:09,0,0,0,0,0,0
2026-05-27 22:07:09,0,0,0,0,0,0
2026-05-27 22:12:09,0,0,0,0,0,0
2026-05-27 22:17:09,0,0,0,0,0,0
2026-05-27 22:22:09,0,0,0,0,0,0
2026-05-27 22:27:09,0,0,0,0,0,0
2026-05-27 22:32:09,0,0,0,0,0,0
2026-05-27 22:37:10,0,0,0,0,0,0
2026-05-27 22:42:09,0,0,0,0,0,0
2026-05-27 22:47:09,0,0,0,0,0,0
2026-05-27 22:52:09,0,0,0,0,0,0
2026-05-27 22:57:09,0,0,0,0,0,0
2026-05-27 23:02:09,0,0,0,0,0,0
2026-05-27 23:07:10,0,0,0,0,0,0
2026-05-27 23:12:10,0,0,0,0,0,0
2026-05-27 23:17:09,0,0,0,0,0,0
2026-05-27 23:22:09,0,0,0,0,0,0
2026-05-27 23:27:10,0,0,0,0,0,0
2026-05-27 23:32:09,0,0,0,0,0,0
2026-05-27 23:37:10,0,0,0,0,0,0
2026-05-27 23:42:09,0,0,0,0,0,0
2026-05-27 23:47:09,0,0,0,0,0,0
2026-05-27 23:52:09,0,0,0,0,0,0
2026-05-27 23:57:09,0,0,0,0,0,0
2026-05-28 00:02:10,0,0,0,0,0,0
2026-05-28 00:07:10,0,0,0,0,0,0
2026-05-28 00:12:10,0,0,0,0,0,0
2026-05-28 00:17:09,0,0,0,0,0,0
2026-05-28 00:22:09,0,0,0,0,0,0
2026-05-28 00:27:09,0,0,0,0,0,0
2026-05-28 00:32:10,0,0,0,0,0,0
2026-05-28 00:37:10,0,0,0,0,0,0
2026-05-28 00:42:09,0,0,0,0,0,0
2026-05-28 00:47:10,0,0,0,0,0,0
2026-05-28 00:52:09,0,0,0,0,0,0
2026-05-28 00:57:09,0,0,0,0,0,0
2026-05-28 01:02:09,0,0,0,0,0,0
2026-05-28 01:07:10,0,0,0,0,0,0
2026-05-28 01:12:10,0,0,0,0,0,0
2026-05-28 01:17:09,0,0,0,0,0,0
2026-05-28 01:22:10,0,0,0,0,0,0
2026-05-28 01:27:10,0,0,0,0,0,0
2026-05-28 01:32:09,0,0,0,0,0,0
2026-05-28 01:37:10,0,0,0,0,0,0
2026-05-28 01:42:10,0,0,0,0,0,0
2026-05-28 01:47:10,0,0,0,0,0,0
2026-05-28 01:52:09,0,0,0,0,0,0
2026-05-28 01:57:10,0,0,0,0,0,0
2026-05-28 02:02:10,0,0,0,0,0,0
2026-05-28 02:07:10,0,0,0,0,0,0
2026-05-28 02:12:09,0,0,0,0,0,0
2026-05-28 02:17:09,0,0,0,0,0,0
2026-05-28 02:22:10,0,0,0,0,0,0
2026-05-28 02:27:09,0,0,0,0,0,0
2026-05-28 02:32:09,0,0,0,0,0,0
2026-05-28 02:37:10,0,0,0,0,0,0
2026-05-28 02:42:10,0,0,0,0,0,0
2026-05-28 02:47:10,0,0,0,0,0,0
2026-05-28 02:52:10,0,0,0,0,0,0
2026-05-28 02:57:10,0,0,0,0,0,0
2026-05-28 03:02:10,0,0,0,0,0,0
2026-05-28 03:07:10,0,0,0,0,0,0
2026-05-28 03:12:10,0,0,0,0,0,0
2026-05-28 03:17:10,0,0,0,0,0,0
2026-05-28 03:22:10,0,0,0,0,0,0
2026-05-28 03:27:10,0,0,0,0,0,0
2026-05-28 03:32:10,0,0,0,0,0,0
2026-05-28 03:37:10,0,0,0,0,0,0
2026-05-28 03:42:10,0,0,0,0,0,0
2026-05-28 03:47:10,0,0,0,0,0,0
2026-05-28 03:52:10,0,0,0,0,0,0
2026-05-28 03:57:10,0,0,0,0,0,0
2026-05-28 04:02:10,0,0,0,0,0,0
2026-05-28 04:07:10,0,0,0,0,0,0
2026-05-28 04:12:10,0,0,0,0,0,0
2026-05-28 04:17:10,0,0,0,0,0,0
2026-05-28 04:22:10,0,0,0,0,0,0
2026-05-28 04:27:10,0,0,0,0,0,0
2026-05-28 04:32:10,0,0,0,0,0,0
2026-05-28 04:37:10,0,0,0,0,0,0
2026-05-28 04:42:10,0,0,0,0,0,0
2026-05-28 04:47:10,0,0,0,0,0,0
2026-05-28 04:52:10,0,0,0,0,0,0
2026-05-28 04:57:10,0,0,0,0,0,0
2026-05-28 05:02:10,0,0,0,0,0,0
2026-05-28 05:07:10,0,0,0,0,0,0
2026-05-28 05:12:10,0,0,0,0,0,0
2026-05-28 05:17:10,0,0,0,0,0,0
2026-05-28 05:22:10,0,0,0,0,0,0
2026-05-28 05:27:10,0,0,0,0,0,0
2026-05-28 05:32:10,0,0,0,0,0,0
2026-05-28 05:37:10,0,0,0,0,0,0
2026-05-28 05:42:10,0,0,0,0,0,0
2026-05-28 05:47:10,0,0,0,0,0,0
2026-05-28 05:52:10,0,0,0,0,0,0
2026-05-28 05:57:10,0,0,0,0,0,0
2026-05-28 06:02:10,0,0,0,0,0,0
2026-05-28 06:07:10,0,0,0,0,0,0
2026-05-28 06:12:10,0,0,0,0,0,0
2026-05-28 06:17:10,0,0,0,0,0,0
2026-05-28 06:22:10,0,0,0,0,0,0
2026-05-28 06:27:10,0,0,0,0,0,0
2026-05-28 06:32:10,0,0,0,0,0,0
2026-05-28 06:37:10,0,0,0,0,0,0
2026-05-28 06:42:10,0,0,0,0,0,0
2026-05-28 06:47:10,0,0,0,0,0,0
2026-05-28 06:52:10,0,0,0,0,0,0
2026-05-28 06:57:10,0,0,0,0,0,0
2026-05-28 07:02:10,0,0,0,0,0,0
2026-05-28 07:07:10,0,0,0,0,0,0
2026-05-28 07:12:10,0,0,0,0,0,0
2026-05-28 07:17:10,0,0,0,0,0,0
2026-05-28 07:22:10,0,0,0,0,0,0
2026-05-28 07:27:10,0,0,0,0,0,0
2026-05-28 07:32:10,0,0,0,0,0,0
2026-05-28 07:37:10,0,0,0,0,0,0
2026-05-28 07:42:10,0,0,0,0,0,0
2026-05-28 07:47:10,0,0,0,0,0,0
2026-05-28 07:52:10,0,0,0,0,0,0
2026-05-28 07:57:10,0,0,0,0,0,0
2026-05-28 08:02:10,0,0,0,0,0,0
2026-05-28 08:07:10,0,0,0,0,0,0
2026-05-28 08:12:10,0,0,0,0,0,0
2026-05-28 08:17:10,0,0,0,0,0,0
2026-05-28 08:22:10,0,0,0,0,0,0
2026-05-28 08:27:10,0,0,0,0,0,0
2026-05-28 08:32:10,0,0,0,0,0,0
2026-05-28 08:37:10,0,0,0,0,0,0
2026-05-28 08:42:10,0,0,0,0,0,0
2026-05-28 08:47:10,0,0,0,0,0,0
2026-05-28 08:52:10,0,0,0,0,0,0
2026-05-28 08:57:10,0,0,0,0,0,0
2026-05-28 09:02:10,0,0,0,0,0,0
2026-05-28 09:07:10,0,0,0,0,0,0
2026-05-28 09:12:10,0,0,0,0,0,0
2026-05-28 09:17:10,0,0,0,0,0,0
2026-05-28 09:22:10,0,0,0,0,0,0
2026-05-28 09:27:10,0,0,0,0,0,0
2026-05-28 09:32:10,0,0,0,0,0,0
2026-05-28 09:37:10,0,0,0,0,0,0
2026-05-28 09:42:10,0,0,0,0,0,0
2026-05-28 09:47:10,0,0,0,0,0,0
2026-05-28 09:52:10,0,0,0,0,0,0
2026-05-28 09:57:10,0,0,0,0,0,0
2026-05-28 10:02:10,0,0,0,0,0,0
2026-05-28 10:07:10,0,0,0,0,0,0
2026-05-28 10:12:10,0,0,0,0,0,0
2026-05-28 10:17:10,0,0,0,0,0,0
2026-05-28 10:22:10,0,0,0,0,0,0
2026-05-28 10:27:10,0,0,0,0,0,0
2026-05-28 10:32:10,0,0,0,0,0,0
2026-05-28 10:37:10,0,0,0,0,0,0
2026-05-28 10:42:10,0,0,0,0,0,0
2026-05-28 10:47:10,0,0,0,0,0,0
2026-05-28 10:52:12,0,0,0,0,0,0
2026-05-28 10:57:10,0,0,0,0,0,0
2026-05-28 11:02:10,0,0,0,0,0,0
2026-05-28 11:07:10,0,0,0,0,0,0
2026-05-28 11:12:10,0,0,0,0,0,0
2026-05-28 11:17:10,0,0,0,0,0,0
2026-05-28 11:22:10,0,0,0,0,0,0
2026-05-28 11:27:10,0,0,0,0,0,0
2026-05-28 11:32:10,0,0,0,0,0,0
2026-05-28 11:37:10,0,0,0,0,0,0
2026-05-28 11:42:10,0,0,0,0,0,0
2026-05-28 11:47:10,0,0,0,0,0,0
2026-05-28 11:52:10,0,0,0,0,0,0
2026-05-28 11:57:10,0,0,0,0,0,0
2026-05-28 12:02:10,0,0,0,0,0,0
2026-05-28 12:07:10,0,0,0,0,0,0
2026-05-28 12:12:10,0,0,0,0,0,0
2026-05-28 12:17:10,0,0,0,0,0,0
2026-05-28 12:22:10,0,0,0,0,0,0
2026-05-28 12:27:10,0,0,0,0,0,0
2026-05-28 12:32:10,0,0,0,0,0,0
2026-05-28 12:37:10,0,0,0,0,0,0
2026-05-28 12:42:10,0,0,0,0,0,0
2026-05-28 12:47:10,0,0,0,0,0,0
2026-05-28 12:52:10,0,0,0,0,0,0
2026-05-28 12:57:10,0,0,0,0,0,0
2026-05-28 13:02:10,0,0,0,0,0,0
2026-05-28 13:07:10,0,0,0,0,0,0
2026-05-28 13:12:10,0,0,0,0,0,0
2026-05-28 13:17:10,0,0,0,0,0,0
2026-05-28 13:22:10,0,0,0,0,0,0
2026-05-28 13:27:10,0,0,0,0,0,0
2026-05-28 13:32:10,0,0,0,0,0,0
2026-05-28 13:37:10,0,0,0,0,0,0
2026-05-28 13:42:10,0,0,0,0,0,0
2026-05-28 13:47:10,0,0,0,0,0,0
2026-05-28 13:52:10,0,0,0,0,0,0
2026-05-28 13:57:10,0,0,0,0,0,0
2026-05-28 14:02:10,0,0,0,0,0,0
2026-05-28 14:07:10,0,0,0,0,0,0
2026-05-28 14:12:10,0,0,0,0,0,0
2026-05-28 14:17:10,0,0,0,0,0,0
2026-05-28 14:22:10,0,0,0,0,0,0
2026-05-28 14:27:10,0,0,0,0,0,0
2026-05-28 14:32:10,0,0,0,0,0,0
2026-05-28 14:34:46,0,0,0,0,0,0
2026-05-28 14:39:46,0,0,0,0,0,0
2026-05-28 14:49:19,0,0,0,0,0,0
2026-05-28 14:54:19,0,0,0,0,0,0
2026-05-28 14:56:54,0,0,0,0,0,0
2026-05-28 15:00:26,0,0,0,0,0,0
2026-05-28 15:05:26,0,0,0,0,0,0
2026-05-28 15:10:26,0,0,0,0,0,0
2026-05-28 15:15:26,0,0,0,0,0,0
2026-05-28 15:20:26,0,0,0,0,0,0
2026-05-28 15:25:26,0,0,0,0,0,0
2026-05-28 15:30:26,0,0,0,0,0,0
2026-05-28 15:35:26,0,0,0,0,0,0
2026-05-28 15:40:26,0,0,0,0,0,0
2026-05-28 15:45:26,0,0,0,0,0,0
2026-05-28 15:50:26,0,0,0,0,0,0
2026-05-28 15:55:26,0,0,0,0,0,0
2026-05-28 16:00:29,0,0,0,0,0,0
2026-05-28 16:05:26,0,0,0,0,0,0
2026-05-28 16:10:26,0,0,0,0,0,0
2026-05-28 16:15:26,0,0,0,0,0,0
2026-05-28 16:20:26,0,0,0,0,0,0
2026-05-28 16:25:26,0,0,0,0,0,0
2026-05-28 16:30:26,0,0,0,0,0,0
2026-05-28 16:35:26,0,0,0,0,0,0
2026-05-28 16:40:26,0,0,0,0,0,0
2026-05-28 16:45:26,0,0,0,0,0,0
2026-05-28 16:50:26,0,0,0,0,0,0
2026-05-29 13:59:47,29,32,0,0,21.246,38.69
2026-05-29 14:25:25,43,57,0,0,22.733,37.57
2026-05-29 14:30:25,44,56,0,0,22.757,37.456
2026-05-29 14:35:25,43,56,0,0,22.757,37.54
2026-05-29 14:44:35,44,59,0,0,22.925,37.799
2026-05-29 14:49:35,41,54,0,0,22.992,37.391
2026-05-29 14:54:35,45,57,0,0,23.051,37.194
2026-05-29 14:59:35,43,56,0,0,23.141,37.051
2026-05-29 15:04:35,44,56,0,0,23.211,36.857
2026-05-29 15:09:35,42,54,0,0,23.24,36.83
2026-05-29 15:14:35,44,56,0,0,23.27,36.638
2026-05-29 15:19:35,41,53,0,0,23.299,36.542
2026-05-29 15:24:35,42,55,0,0,23.31,35.6
2026-05-29 15:29:35,41,53,0,0,23.334,35.73
2026-05-29 15:34:35,42,50,0,0,23.323,35.608
