fecha,mp25_ugm3,mp10_ugm3,so2_ppb,cov_ppb,temperatura_c,humedad_pct
2026-07-01 00:03:23,56,69,0,0,2.671,62.662
2026-07-01 00:08:23,64,79,0,0,2.527,64.31
2026-07-01 00:13:23,62,78,0,0,2.433,66.219
2026-07-01 00:18:23,73,89,0,0,2.404,65.824
2026-07-01 00:23:23,87,97,0,0,2.398,65.769
2026-07-01 00:28:23,65,81,0,0,2.404,64.583
2026-07-01 00:33:23,60,75,0,0,2.313,65.218
2026-07-01 00:38:23,66,82,0,0,2.262,66.679
2026-07-01 00:43:24,71,90,0,0,2.222,66.683
2026-07-01 00:48:23,71,88,0,0,2.217,66.776
2026-07-01 00:53:23,75,90,0,0,2.19,67.31
2026-07-01 00:58:24,73,88,0,0,2.211,67.199
2026-07-01 01:03:24,71,89,0,0,2.235,67.283
2026-07-01 01:08:24,72,90,0,0,2.281,67.06
2026-07-01 01:13:23,81,96,0,0,2.297,66.396
2026-07-01 01:18:24,63,80,0,0,2.308,66.635
2026-07-01 01:23:24,65,81,0,0,2.334,67.548
2026-07-01 01:28:24,65,81,0,0,2.318,67.224
2026-07-01 01:33:24,64,80,0,0,2.332,67.402
2026-07-01 01:38:24,61,75,0,0,2.318,65.939
2026-07-01 01:43:24,67,83,0,0,2.305,64.222
2026-07-01 01:48:24,65,82,0,0,2.195,64.205
2026-07-01 01:53:24,61,75,0,0,2.081,65.462
2026-07-01 01:58:24,61,74,0,0,2.008,65.756
2026-07-01 02:03:24,62,78,0,0,1.974,65.586
2026-07-01 02:08:24,61,74,0,0,1.891,65.174
2026-07-01 02:13:24,74,92,0,0,1.83,65.168
2026-07-01 02:18:33,63,76,0,0,1.731,65.168
2026-07-01 02:23:24,57,67,0,0,1.688,65.099
2026-07-01 02:28:24,55,72,0,0,1.643,64.846
2026-07-01 02:33:24,55,66,0,0,1.603,64.701
2026-07-01 02:38:37,56,65,0,0,1.528,64.317
2026-07-01 02:43:24,55,65,0,0,1.45,64.304
2026-07-01 02:48:24,53,63,0,0,1.336,64.428
2026-07-01 02:53:31,54,65,0,0,1.226,65.128
2026-07-01 02:58:24,54,67,0,0,1.149,65.225
2026-07-01 03:03:24,52,62,0,0,1.125,65.7
2026-07-01 03:08:24,54,64,0,0,1.093,65.374
2026-07-01 03:13:24,56,67,0,0,1.077,65.576
2026-07-01 03:18:24,53,66,0,0,1.036,64.621
2026-07-01 03:23:24,53,64,0,0,0.97,64.556
2026-07-01 03:28:24,53,63,0,0,0.898,64.607
2026-07-01 03:33:24,47,58,0,0,0.828,65.052
2026-07-01 03:38:24,49,57,0,0,0.745,65.328
2026-07-01 03:43:24,48,59,0,0,0.647,65.929
2026-07-01 03:48:24,47,56,0,0,0.599,66.187
2026-07-01 03:53:24,48,62,0,0,0.534,67.211
2026-07-01 03:58:24,47,58,0,0,0.473,68.039
2026-07-01 04:03:24,49,59,0,0,0.422,70.787
2026-07-01 04:08:24,49,58,0,0,0.428,70.728
2026-07-01 04:13:24,61,75,0,0,0.396,70.865
2026-07-01 04:18:31,58,69,0,0,0.414,71.037
2026-07-01 04:23:24,51,62,0,0,0.372,71.865
2026-07-01 04:28:24,60,74,0,0,0.35,71.575
2026-07-01 04:33:24,54,68,0,0,0.337,70.884
2026-07-01 04:38:24,49,62,0,0,0.299,70.879
2026-07-01 04:43:24,50,58,0,0,0.23,70.881
2026-07-01 04:48:24,49,61,0,0,0.187,70.835
2026-07-01 04:53:24,48,56,0,0,0.158,68.725
2026-07-01 04:58:24,48,55,0,0,0.035,67.617
2026-07-01 05:03:24,47,53,0,0,-0.09,68.107
2026-07-01 05:08:24,47,53,0,0,-0.203,68.678
2026-07-01 05:13:24,48,54,0,0,-0.285,69.038
2026-07-01 05:18:24,49,53,0,0,-0.357,68.31
2026-07-01 05:23:24,42,49,0,0,-0.44,67.941
2026-07-01 05:28:24,46,53,0,0,-0.507,67.482
2026-07-01 05:33:24,49,57,0,0,-0.603,68.136
2026-07-01 05:38:24,47,56,0,0,-0.654,69.101
2026-07-01 05:43:24,46,55,0,0,-0.753,70.297
2026-07-01 05:48:24,48,55,0,0,-0.771,70.93
2026-07-01 05:53:24,49,57,0,0,-0.795,71.052
2026-07-01 05:58:24,42,49,0,0,-0.833,71.832
2026-07-01 06:03:24,67,85,0,0,-0.83,73.299
2026-07-01 06:08:24,54,64,0,0,-0.806,71.642
2026-07-01 06:13:24,47,57,0,0,-0.814,71.003
2026-07-01 06:18:24,45,52,0,0,-0.865,70.761
2026-07-01 06:23:24,51,60,0,0,-0.878,71.726
2026-07-01 06:28:24,51,60,0,0,-0.9,71.888
2026-07-01 06:33:24,50,60,0,0,-0.865,72.21
2026-07-01 06:38:24,54,67,0,0,-0.889,71.567
2026-07-01 06:43:24,51,60,0,0,-0.9,71.295
2026-07-01 06:48:24,55,63,0,0,-0.948,73.198
2026-07-01 06:53:25,49,60,0,0,-0.961,73.824
2026-07-01 06:58:25,48,58,0,0,-0.926,74.821
2026-07-01 07:03:25,50,59,0,0,-0.881,74.924
2026-07-01 07:08:24,47,54,0,0,-0.822,74.766
2026-07-01 07:13:24,47,51,0,0,-0.742,74.692
2026-07-01 07:18:25,51,61,0,0,-0.657,74.526
2026-07-01 07:23:25,62,75,0,0,-0.568,73.593
2026-07-01 07:28:24,64,79,0,0,-0.555,73.278
2026-07-01 07:33:25,51,58,0,0,-0.523,73.379
2026-07-01 07:38:24,61,76,0,0,-0.494,74.276
2026-07-01 07:43:25,48,54,0,0,-0.427,75.941
2026-07-01 07:48:32,46,53,0,0,-0.414,74.098
2026-07-01 07:53:25,49,54,0,0,-0.349,74.116
2026-07-01 07:58:25,45,52,0,0,-0.357,74.402
2026-07-01 08:03:25,46,53,0,0,-0.28,74.533
2026-07-01 08:08:25,45,48,0,0,-0.181,74.81
2026-07-01 08:13:25,55,69,0,0,-0.069,74.982
2026-07-01 08:18:25,50,58,0,0,-0.002,71.005
2026-07-01 08:23:25,50,62,0,0,0.006,71.501
2026-07-01 08:28:25,54,66,0,0,0.105,73.265
2026-07-01 08:33:35,57,67,0,0,0.235,74.602
2026-07-01 08:38:25,56,71,0,0,0.366,77.005
2026-07-01 08:43:25,53,65,0,0,0.556,77.97
2026-07-01 08:48:25,56,70,0,0,0.748,78.071
2026-07-01 08:53:25,58,70,0,0,0.946,77.244
2026-07-01 08:58:34,53,64,0,0,1.17,76.698
2026-07-01 09:03:25,60,75,0,0,1.368,77.013
2026-07-01 09:08:25,59,71,0,0,1.64,77.173
2026-07-01 09:13:25,57,71,0,0,1.992,77.156
2026-07-01 09:18:25,57,71,0,0,2.358,76.855
2026-07-01 09:23:25,58,72,0,0,2.719,76.212
2026-07-01 09:28:25,61,75,0,0,3.098,76.332
2026-07-01 09:33:25,56,70,0,0,3.45,75.931
2026-07-01 09:38:25,63,79,0,0,3.808,75.863
2026-07-01 09:43:25,62,77,0,0,4.166,73.94
2026-07-01 09:48:25,58,74,0,0,4.569,72.294
2026-07-01 09:53:25,60,74,0,0,4.981,70.785
2026-07-01 09:58:35,55,67,0,0,5.435,69.328
2026-07-01 10:03:25,52,64,0,0,5.838,67.995
2026-07-01 10:08:25,54,67,0,0,6.201,66.469
2026-07-01 10:13:33,59,74,0,0,6.553,65.733
2026-07-01 10:18:25,55,66,0,0,6.85,64.148
2026-07-01 10:23:25,55,68,0,0,7.144,62.866
2026-07-01 10:28:25,55,68,0,0,7.384,61.842
2026-07-01 10:33:25,48,58,0,0,7.597,61.762
2026-07-01 10:38:25,47,59,0,0,7.728,61.25
2026-07-01 10:43:25,48,58,0,0,7.881,60.756
2026-07-01 10:48:25,49,59,0,0,7.937,60.649
2026-07-01 10:53:25,48,57,0,0,8.065,60.522
2026-07-01 10:58:35,52,61,0,0,8.164,60.701
2026-07-01 11:03:25,48,57,0,0,8.294,60.913
2026-07-01 11:08:25,45,53,0,0,8.465,60.766
2026-07-01 11:13:25,49,59,0,0,8.561,59.925
2026-07-01 11:18:25,47,55,0,0,8.65,59.782
2026-07-01 11:23:25,41,48,0,0,8.775,60.018
2026-07-01 11:28:25,45,53,0,0,8.935,59.557
2026-07-01 11:33:25,42,49,0,0,9.122,59.049
2026-07-01 11:38:25,44,53,0,0,9.304,58.353
2026-07-01 11:43:25,44,54,0,0,9.424,57.851
2026-07-01 11:48:25,48,58,0,0,9.533,56.852
2026-07-01 11:53:25,46,57,0,0,9.662,56.428
2026-07-01 11:58:33,48,57,0,0,9.827,55.488
2026-07-01 12:03:25,48,56,0,0,9.961,54.668
2026-07-01 12:08:35,46,57,0,0,10.116,54.678
2026-07-01 12:13:25,43,51,0,0,10.292,54.956
2026-07-01 12:18:25,40,48,0,0,10.508,54.437
2026-07-01 12:23:25,36,41,0,0,10.684,53.791
2026-07-01 12:28:25,36,41,0,0,10.858,53.136
2026-07-01 12:33:25,36,40,0,0,11.032,52.062
2026-07-01 12:38:25,39,45,0,0,11.184,51.3
2026-07-01 12:43:33,38,44,0,0,11.352,50.176
2026-07-01 12:48:25,39,43,0,0,11.453,49.898
2026-07-01 12:53:25,39,50,0,0,11.638,49.165
2026-07-01 12:58:25,39,45,0,0,11.801,48.164
2026-07-01 13:03:25,39,45,0,0,11.966,47.538
2026-07-01 13:08:34,39,46,0,0,12.118,46.911
2026-07-01 13:13:33,34,39,0,0,12.287,45.839
2026-07-01 13:18:25,32,36,0,0,12.42,45.047
2026-07-01 13:23:25,34,36,0,0,12.535,43.933
2026-07-01 13:28:25,34,37,0,0,12.612,43.949
2026-07-01 13:33:25,34,39,0,0,12.618,43.754
2026-07-01 13:38:25,34,37,0,0,12.674,43.248
2026-07-01 13:43:25,34,37,0,0,12.676,43.409
2026-07-01 13:48:25,34,37,0,0,12.77,42.911
2026-07-01 13:53:25,35,39,0,0,12.853,42.814
2026-07-01 13:58:25,35,38,0,0,12.917,43.004
2026-07-01 14:03:25,32,36,0,0,12.962,42.869
2026-07-01 14:08:25,31,38,0,0,13.018,42.751
2026-07-01 14:13:25,34,38,0,0,13.085,42.596
2026-07-01 14:18:25,37,44,0,0,13.114,42.552
2026-07-01 14:23:26,34,40,0,0,13.21,42.167
2026-07-01 14:28:26,34,40,0,0,13.341,42.028
2026-07-01 14:33:26,35,37,0,0,13.408,41.688
2026-07-01 14:38:26,38,44,0,0,13.443,41.604
2026-07-01 14:43:26,34,36,0,0,13.536,41.269
2026-07-01 14:48:26,31,36,0,0,13.558,40.973
2026-07-01 14:53:26,32,35,0,0,13.582,40.822
2026-07-01 14:58:26,31,32,0,0,13.616,40.944
2026-07-01 15:03:26,27,28,0,0,13.619,40.748
2026-07-01 15:08:26,27,30,0,0,13.638,40.658
2026-07-01 15:13:26,29,31,0,0,13.611,40.645
2026-07-01 15:18:26,25,28,0,0,13.614,40.756
2026-07-01 15:23:26,27,29,0,0,13.595,40.813
2026-07-01 15:28:26,26,27,0,0,13.582,40.674
2026-07-01 15:33:32,33,36,0,0,13.563,41.101
2026-07-01 15:38:26,30,32,0,0,13.534,41.045
2026-07-01 15:43:26,26,28,0,0,13.499,41.116
2026-07-01 15:48:26,24,25,0,0,13.421,40.874
2026-07-01 15:53:26,26,27,0,0,13.384,41.383
2026-07-01 15:58:26,27,27,0,0,13.293,41.835
2026-07-01 16:03:26,30,32,0,0,13.181,42.306
2026-07-01 16:08:26,27,27,0,0,13.093,42.638
2026-07-01 16:13:35,29,32,0,0,12.994,42.709
2026-07-01 16:18:26,26,26,0,0,12.901,42.991
2026-07-01 16:23:26,30,31,0,0,12.797,43.09
2026-07-01 16:28:26,30,32,0,0,12.735,43.228
2026-07-01 16:33:26,28,29,0,0,12.639,43.575
2026-07-01 16:38:26,35,41,0,0,12.54,43.378
2026-07-01 16:43:26,32,37,0,0,12.484,44.372
2026-07-01 16:48:26,28,30,0,0,12.375,45.022
2026-07-01 16:53:26,19,19,0,0,12.26,45.751
2026-07-01 16:58:26,34,37,0,0,12.153,46.255
2026-07-01 17:03:26,30,31,0,0,12.006,46.873
2026-07-01 17:08:26,26,26,0,0,11.865,47.426
2026-07-01 17:13:26,24,25,0,0,11.718,47.887
2026-07-01 17:18:26,27,29,0,0,11.544,48.66
2026-07-01 17:23:26,28,28,0,0,11.357,49.116
2026-07-01 17:28:26,26,27,0,0,11.146,49.724
2026-07-01 17:33:26,22,25,0,0,10.967,50.289
2026-07-01 17:38:26,37,41,0,0,10.714,50.88
2026-07-01 17:43:26,26,27,0,0,10.476,51.527
2026-07-01 17:48:26,19,21,0,0,10.236,52.364
2026-07-01 17:53:26,33,37,0,0,9.961,53.073
2026-07-01 17:58:26,40,47,0,0,9.707,53.844
2026-07-01 18:03:26,41,46,0,0,9.469,54.582
2026-07-01 18:08:26,39,44,0,0,9.232,55.17
2026-07-01 18:13:26,50,62,0,0,9.034,55.906
2026-07-01 18:18:26,46,58,0,0,8.866,56.293
2026-07-01 18:23:41,49,62,0,0,8.703,56.856
2026-07-01 18:28:32,40,46,0,0,8.535,57.188
2026-07-01 18:33:26,43,50,0,0,8.364,58.176
2026-07-01 18:38:26,37,41,0,0,8.225,58.229
2026-07-01 18:43:30,42,48,0,0,8.051,58.321
2026-07-01 18:48:26,58,72,0,0,7.889,59.072
2026-07-01 18:53:26,41,47,0,0,7.731,59.227
2026-07-01 18:58:26,46,53,0,0,7.581,59.385
2026-07-01 19:03:26,42,50,0,0,7.419,59.915
2026-07-01 19:08:26,49,59,0,0,7.314,60.781
2026-07-01 19:13:26,42,54,0,0,7.221,60.661
2026-07-01 19:18:26,54,68,0,0,7.154,61.248
2026-07-01 19:23:26,55,66,0,0,7.101,61.607
2026-07-01 19:28:26,41,46,0,0,7.029,61.466
2026-07-01 19:33:26,49,59,0,0,6.935,62.294
2026-07-01 19:38:26,57,67,0,0,6.836,61.659
2026-07-01 19:43:26,30,32,0,0,6.732,62.524
2026-07-01 19:48:26,40,43,0,0,6.641,62.49
2026-07-01 19:53:26,53,62,0,0,6.527,63.593
2026-07-01 19:58:26,46,54,0,0,6.428,62.652
2026-07-01 20:03:26,48,60,0,0,6.292,63.406
2026-07-01 20:08:26,42,50,0,0,6.166,63.77
2026-07-01 20:13:36,48,58,0,0,6.033,63.686
2026-07-01 20:18:26,59,77,0,0,5.902,66.48
2026-07-01 20:23:26,54,66,0,0,5.776,67.171
2026-07-01 20:28:26,61,76,0,0,5.672,67.51
2026-07-01 20:33:26,63,77,0,0,5.629,67.709
2026-07-01 20:38:27,55,67,0,0,5.541,66.993
2026-07-01 20:43:26,48,55,0,0,5.459,67.192
2026-07-01 20:48:26,44,56,0,0,5.322,66.763
2026-07-01 20:53:26,50,61,0,0,5.181,67.169
2026-07-01 20:58:26,51,61,0,0,5.063,66.946
2026-07-01 21:03:26,57,71,0,0,4.9,66.728
2026-07-01 21:08:26,54,66,0,0,4.786,66.82
2026-07-01 21:13:26,56,66,0,0,4.623,66.961
2026-07-01 21:18:26,99,104,0,0,4.503,66.839
2026-07-01 21:23:26,65,80,0,0,4.374,66.774
2026-07-01 21:28:26,88,98,0,0,4.265,68.483
2026-07-01 21:33:36,94,100,0,0,4.166,68.149
2026-07-01 21:38:26,58,72,0,0,4.091,67.245
2026-07-01 21:43:26,61,76,0,0,3.944,67.175
2026-07-01 21:48:26,60,74,0,0,3.84,67.61
2026-07-01 21:53:26,78,92,0,0,3.75,68.527
2026-07-01 21:58:27,106,112,0,0,3.619,68.39
2026-07-01 22:03:26,108,116,0,0,3.579,68.691
2026-07-01 22:08:27,74,90,0,0,3.501,67.964
2026-07-01 22:13:27,71,88,0,0,3.413,67.617
2026-07-01 22:18:27,75,90,0,0,3.317,68.014
2026-07-01 22:23:26,61,79,0,0,3.207,69.631
2026-07-01 22:28:26,72,89,0,0,3.146,69.769
2026-07-01 22:33:27,83,98,0,0,3.079,69.971
2026-07-01 22:38:27,65,80,0,0,3.013,69.324
2026-07-01 22:43:27,66,80,0,0,2.938,69.399
2026-07-01 22:48:27,74,89,0,0,2.876,68.983
2026-07-01 22:53:27,67,86,0,0,2.788,69.324
2026-07-01 22:58:27,66,81,0,0,2.7,70.081
2026-07-01 23:03:27,63,78,0,0,2.671,69.483
2026-07-01 23:08:27,62,78,0,0,2.569,68.468
2026-07-01 23:13:27,63,79,0,0,2.476,68.384
2026-07-01 23:18:27,69,89,0,0,2.318,69.683
2026-07-01 23:23:27,70,89,0,0,2.241,70.343
2026-07-01 23:28:27,80,98,0,0,2.195,70.392
2026-07-01 23:33:28,74,90,0,0,2.142,70.432
2026-07-01 23:38:27,96,104,0,0,2.078,70.667
2026-07-01 23:43:27,115,123,0,0,2.027,70.551
2026-07-01 23:48:27,64,80,0,0,1.955,71.581
2026-07-01 23:53:27,95,105,0,0,1.864,72.103
2026-07-01 23:58:27,70,87,0,0,1.806,72.222
2026-07-02 00:03:27,62,77,0,0,1.741,72.115
2026-07-02 00:08:27,80,94,0,0,1.664,72.092
2026-07-02 00:13:27,75,92,0,0,1.64,71.96
2026-07-02 00:18:27,72,89,0,0,1.603,71.859
2026-07-02 00:23:27,68,86,0,0,1.576,70.556
2026-07-02 00:28:27,79,96,0,0,1.506,70.883
2026-07-02 00:33:27,112,118,0,0,1.44,71.476
2026-07-02 00:38:27,89,103,0,0,1.378,71.008
2026-07-02 00:43:27,89,101,0,0,1.362,71.796
2026-07-02 00:48:27,99,107,0,0,1.314,71.316
2026-07-02 00:53:27,82,99,0,0,1.261,70.284
2026-07-02 00:58:27,84,99,0,0,1.194,70.854
2026-07-02 01:03:27,78,95,0,0,1.138,69.896
2026-07-02 01:08:27,79,97,0,0,1.026,70.053
2026-07-02 01:13:27,82,99,0,0,0.951,71.144
2026-07-02 01:18:27,75,93,0,0,0.892,72.382
2026-07-02 01:23:27,83,101,0,0,0.874,72.281
2026-07-02 01:28:27,77,93,0,0,0.839,72.292
2026-07-02 01:33:27,77,93,0,0,0.807,70.122
2026-07-02 01:38:27,81,98,0,0,0.74,70.585
2026-07-02 01:43:27,81,97,0,0,0.657,71.518
2026-07-02 01:48:27,84,99,0,0,0.609,72.208
2026-07-02 01:53:27,83,99,0,0,0.58,72.372
2026-07-02 01:58:27,80,96,0,0,0.593,72.099
2026-07-02 02:03:27,83,95,0,0,0.548,71.926
2026-07-02 02:08:27,80,97,0,0,0.524,71.619
2026-07-02 02:13:27,80,96,0,0,0.452,72.553
2026-07-02 02:18:27,84,100,0,0,0.433,72.929
2026-07-02 02:23:27,83,97,0,0,0.412,72.952
2026-07-02 02:28:27,77,95,0,0,0.38,72.771
2026-07-02 02:33:27,72,89,0,0,0.353,72.239
2026-07-02 02:38:36,74,92,0,0,0.364,72.891
2026-07-02 02:43:27,72,92,0,0,0.326,72.338
2026-07-02 02:48:27,69,85,0,0,0.294,71.441
2026-07-02 02:53:27,76,94,0,0,0.177,69.641
2026-07-02 02:58:27,71,91,0,0,0.016,70.421
2026-07-02 03:03:27,78,95,0,0,-0.128,70.802
2026-07-02 03:08:27,85,102,0,0,-0.213,72.035
2026-07-02 03:13:27,77,94,0,0,-0.285,72.796
2026-07-02 03:18:27,74,94,0,0,-0.315,72.491
2026-07-02 03:23:27,75,93,0,0,-0.331,72.794
2026-07-02 03:28:27,74,93,0,0,-0.384,72.735
2026-07-02 03:33:27,80,97,0,0,-0.422,72.01
2026-07-02 03:38:33,75,95,0,0,-0.483,72.216
2026-07-02 03:43:27,74,94,0,0,-0.544,72.046
2026-07-02 03:48:27,72,89,0,0,-0.6,72.771
2026-07-02 03:53:27,70,86,0,0,-0.646,73.034
2026-07-02 03:58:27,68,85,0,0,-0.654,72.04
2026-07-02 04:03:27,66,80,0,0,-0.705,72.51
2026-07-02 04:08:27,63,75,0,0,-0.758,72.784
2026-07-02 04:13:27,61,75,0,0,-0.798,73.013
2026-07-02 04:18:27,61,73,0,0,-0.851,72.767
2026-07-02 04:23:27,57,70,0,0,-0.857,73.612
2026-07-02 04:28:27,54,65,0,0,-0.881,73.953
2026-07-02 04:33:27,54,64,0,0,-0.865,74.642
2026-07-02 04:38:27,57,67,0,0,-0.878,74.056
2026-07-02 04:43:27,55,66,0,0,-0.87,74.066
2026-07-02 04:48:27,56,66,0,0,-0.857,72.41
2026-07-02 04:53:27,56,64,0,0,-0.918,71.857
2026-07-02 04:58:27,50,59,0,0,-0.966,72.124
2026-07-02 05:03:27,51,64,0,0,-1.001,72.023
2026-07-02 05:08:27,52,65,0,0,-1.057,72.548
2026-07-02 05:13:27,52,60,0,0,-1.113,73.057
2026-07-02 05:18:27,81,98,0,0,-1.11,73.852
2026-07-02 05:23:27,50,59,0,0,-1.097,73.887
2026-07-02 05:28:27,57,69,0,0,-1.094,74.417
2026-07-02 05:33:27,51,64,0,0,-1.084,75.184
2026-07-02 05:38:27,50,57,0,0,-1.062,74.84
2026-07-02 05:43:27,48,55,0,0,-1.062,73.58
2026-07-02 05:48:27,49,54,0,0,-1.102,73.837
2026-07-02 05:53:28,47,54,0,0,-1.121,75.001
2026-07-02 05:58:28,47,56,0,0,-1.116,73.946
2026-07-02 06:03:27,47,56,0,0,-1.153,74.753
2026-07-02 06:08:28,48,51,0,0,-1.161,74.936
2026-07-02 06:13:27,58,69,0,0,-1.18,74.997
2026-07-02 06:18:28,58,71,0,0,-1.207,74.037
2026-07-02 06:23:28,58,70,0,0,-1.236,74.76
2026-07-02 06:28:28,52,65,0,0,-1.297,73.416
2026-07-02 06:33:28,50,54,0,0,-1.332,75.531
2026-07-02 06:38:28,47,54,0,0,-1.356,74.575
2026-07-02 06:43:28,48,55,0,0,-1.367,74.735
2026-07-02 06:48:28,46,56,0,0,-1.353,73.5
2026-07-02 06:53:28,46,49,0,0,-1.42,73.273
2026-07-02 06:58:28,63,78,0,0,-1.508,73.067
2026-07-02 07:03:28,60,76,0,0,-1.618,73.046
2026-07-02 07:08:28,58,68,0,0,-1.658,73.402
2026-07-02 07:13:28,52,65,0,0,-1.677,73.007
2026-07-02 07:18:28,55,65,0,0,-1.735,73.032
2026-07-02 07:23:28,48,56,0,0,-1.794,73.52
2026-07-02 07:28:28,51,56,0,0,-1.802,72.706
2026-07-02 07:33:28,67,87,0,0,-1.858,72.971
2026-07-02 07:38:28,117,124,0,0,-1.89,73.538
2026-07-02 07:43:28,86,103,0,0,-1.896,73.593
2026-07-02 07:48:28,69,90,0,0,-1.917,73.591
2026-07-02 07:53:28,61,73,0,0,-1.92,74.175
2026-07-02 07:58:28,58,68,0,0,-1.922,73.343
2026-07-02 08:03:28,65,78,0,0,-1.944,74.732
2026-07-02 08:08:28,64,78,0,0,-1.864,75.682
2026-07-02 08:13:28,63,77,0,0,-1.805,75.115
2026-07-02 08:18:28,61,73,0,0,-1.733,74.299
2026-07-02 08:23:28,60,69,0,0,-1.682,74.041
2026-07-02 08:33:28,61,73,0,0,-1.479,74.56
2026-07-02 08:38:28,61,75,0,0,-1.303,75.06
2026-07-02 08:43:28,64,82,0,0,-1.033,75.163
2026-07-02 08:48:28,62,76,0,0,-0.758,75.1
2026-07-02 08:53:28,61,77,0,0,-0.443,74.711
2026-07-02 08:58:28,63,79,0,0,-0.133,74.671
2026-07-02 09:03:28,64,78,0,0,0.203,74.623
2026-07-02 09:08:28,66,81,0,0,0.575,74.808
2026-07-02 09:13:28,79,95,0,0,0.908,75.546
2026-07-02 09:18:28,114,122,0,0,1.234,75.415
2026-07-02 09:23:28,105,113,0,0,1.56,75.033
2026-07-02 09:28:28,67,85,0,0,1.896,76.109
2026-07-02 09:33:28,64,80,0,0,2.273,75.439
2026-07-02 09:38:28,60,74,0,0,2.631,75.029
2026-07-02 09:43:28,59,72,0,0,3.007,74.516
2026-07-02 09:48:28,56,72,0,0,3.378,73.726
2026-07-02 09:53:28,56,68,0,0,3.76,72.721
2026-07-02 09:58:28,54,64,0,0,4.102,72.143
2026-07-02 10:03:28,47,55,0,0,4.449,69.891
2026-07-02 10:08:28,51,63,0,0,4.802,68.75
2026-07-02 10:13:28,57,71,0,0,5.117,67.989
2026-07-02 10:18:28,43,49,0,0,5.469,65.157
2026-07-02 10:23:28,46,56,0,0,5.79,63.793
2026-07-02 10:28:28,47,57,0,0,6.083,63.524
2026-07-02 10:33:28,44,50,0,0,6.377,62.582
2026-07-02 10:38:28,42,49,0,0,6.66,61.784
2026-07-02 10:43:28,41,46,0,0,6.922,61.157
2026-07-02 10:48:28,43,49,0,0,7.192,61.189
2026-07-02 10:53:28,45,53,0,0,7.504,60.363
2026-07-02 10:58:28,46,53,0,0,7.766,59.747
2026-07-02 11:03:28,47,56,0,0,8.019,58.91
2026-07-02 11:08:28,47,58,0,0,8.294,58.281
2026-07-02 11:13:28,53,66,0,0,8.564,57.724
2026-07-02 11:18:28,46,55,0,0,8.866,57.296
2026-07-02 11:23:28,43,53,0,0,9.144,55.843
2026-07-02 11:28:28,44,55,0,0,9.392,55.295
2026-07-02 11:33:28,44,53,0,0,9.619,54.716
2026-07-02 11:38:36,47,56,0,0,9.857,53.903
2026-07-02 11:43:36,45,53,0,0,10.043,53.352
2026-07-02 11:48:28,44,53,0,0,10.244,52.379
2026-07-02 11:53:28,45,54,0,0,10.431,51.752
2026-07-02 11:58:28,44,53,0,0,10.588,51
2026-07-02 12:03:28,41,47,0,0,10.762,50.239
2026-07-02 12:08:28,40,44,0,0,10.935,49.921
2026-07-02 12:13:28,42,49,0,0,11.088,49.699
2026-07-02 12:18:28,40,50,0,0,11.253,49.692
2026-07-02 12:23:28,43,54,0,0,11.416,49.88
2026-07-02 12:28:35,39,47,0,0,11.6,49.446
2026-07-02 12:33:28,40,50,0,0,11.744,49.423
2026-07-02 12:38:28,40,46,0,0,11.929,49.303
2026-07-02 12:43:29,37,41,0,0,12.108,48.456
2026-07-02 12:48:28,37,41,0,0,12.292,47.719
2026-07-02 12:53:29,35,37,0,0,12.436,47.529
2026-07-02 12:58:28,35,40,0,0,12.599,46.949
2026-07-02 13:03:28,35,40,0,0,12.746,47.134
2026-07-02 13:08:28,35,40,0,0,12.861,46.79
2026-07-02 13:13:29,35,40,0,0,12.97,45.886
2026-07-02 13:18:36,34,41,0,0,13.066,46.129
2026-07-02 13:23:29,35,40,0,0,13.176,45.835
2026-07-02 13:28:29,41,50,0,0,13.275,45.89
2026-07-02 13:33:29,38,48,0,0,13.392,45.226
2026-07-02 13:38:29,34,42,0,0,13.523,44.185
2026-07-02 13:43:29,38,45,0,0,13.622,44.105
2026-07-02 13:48:29,37,41,0,0,13.688,42.745
2026-07-02 13:53:29,36,42,0,0,13.782,43.384
2026-07-02 13:58:29,36,43,0,0,13.846,42.854
2026-07-02 14:03:29,36,43,0,0,13.945,42.836
2026-07-02 14:08:29,36,42,0,0,14.06,42.651
2026-07-02 14:13:29,37,42,0,0,14.185,41.999
2026-07-02 14:18:29,37,43,0,0,14.263,42.732
2026-07-02 14:23:29,36,41,0,0,14.369,41.782
2026-07-02 14:28:29,36,43,0,0,14.458,41.257
2026-07-02 14:33:29,37,45,0,0,14.551,41.194
2026-07-02 14:38:35,37,46,0,0,14.655,41.232
2026-07-02 14:43:29,39,48,0,0,14.746,41.059
2026-07-02 14:48:29,39,46,0,0,14.81,41.105
2026-07-02 14:53:29,39,48,0,0,14.898,41.581
2026-07-02 14:58:29,40,48,0,0,14.949,40.962
2026-07-02 15:03:29,37,44,0,0,15.008,41.12
2026-07-02 15:08:29,44,54,0,0,15.034,41.19
2026-07-02 15:13:29,38,43,0,0,15.05,40.969
2026-07-02 15:18:29,37,43,0,0,15.08,40.967
2026-07-02 15:23:29,40,49,0,0,15.082,40.756
2026-07-02 15:28:29,34,39,0,0,15.066,39.893
2026-07-02 15:33:30,34,39,0,0,15.04,40.313
2026-07-02 15:38:29,33,37,0,0,15.029,40.208
2026-07-02 15:43:30,30,34,0,0,15.005,41.517
2026-07-02 15:48:29,49,60,0,0,14.992,41.623
2026-07-02 15:53:29,33,35,0,0,14.992,41.051
2026-07-02 15:58:29,36,43,0,0,14.933,40.998
2026-07-02 16:03:29,33,35,0,0,14.906,41.52
2026-07-02 16:08:29,30,34,0,0,14.845,41.845
2026-07-02 16:13:29,33,35,0,0,14.815,42.348
2026-07-02 16:18:29,33,36,0,0,14.762,42.205
2026-07-02 16:23:29,32,35,0,0,14.709,42.901
2026-07-02 16:28:29,31,34,0,0,14.612,43.531
2026-07-02 16:33:29,28,29,0,0,14.524,44.065
2026-07-02 16:38:29,29,31,0,0,14.409,44.137
2026-07-02 16:43:29,30,30,0,0,14.329,44.42
2026-07-02 16:48:29,31,31,0,0,14.201,44.851
2026-07-02 16:53:29,34,38,0,0,14.068,45.291
2026-07-02 16:58:30,30,32,0,0,13.931,45.532
2026-07-02 17:03:30,33,35,0,0,13.758,45.932
2026-07-02 17:08:29,33,37,0,0,13.592,46.335
2026-07-02 17:13:29,34,39,0,0,13.395,46.823
2026-07-02 17:18:29,42,48,0,0,13.213,47.37
2026-07-02 17:23:29,48,58,0,0,12.965,47.943
2026-07-02 17:28:29,35,39,0,0,12.738,48.368
2026-07-02 17:33:38,35,39,0,0,12.524,48.98
2026-07-02 17:38:29,32,36,0,0,12.244,49.566
2026-07-02 17:43:29,38,43,0,0,12.017,50.115
2026-07-02 17:48:29,47,57,0,0,11.777,50.746
2026-07-02 17:53:29,50,61,0,0,11.499,51.406
2026-07-02 17:58:29,54,66,0,0,11.237,52.127
2026-07-02 18:03:29,40,50,0,0,11.032,52.646
2026-07-02 18:08:29,39,46,0,0,10.772,53.283
2026-07-02 18:13:29,46,55,0,0,10.559,53.949
2026-07-02 18:18:29,56,70,0,0,10.356,54.571
2026-07-02 18:23:30,49,59,0,0,10.185,54.603
2026-07-02 18:28:29,48,60,0,0,10.011,54.683
2026-07-02 18:33:29,119,129,0,0,9.79,54.937
2026-07-02 18:38:29,99,105,0,0,9.565,55.284
2026-07-02 18:43:29,59,75,0,0,9.325,56.591
2026-07-02 18:48:29,123,133,0,0,9.186,57.249
2026-07-02 18:53:29,71,84,0,0,9.018,56.684
2026-07-02 18:58:30,189,198,0,0,8.855,57.561
2026-07-02 19:03:30,132,137,0,0,8.674,58.132
2026-07-02 19:08:29,49,58,0,0,8.513,58.004
2026-07-02 19:13:29,116,124,0,0,8.332,58.689
2026-07-02 19:18:29,84,89,0,0,8.18,59.099
2026-07-02 19:23:29,66,80,0,0,8.065,58.588
2026-07-02 19:28:30,80,89,0,0,7.905,59.65
2026-07-02 19:33:30,81,91,0,0,7.792,60.979
2026-07-02 19:38:45,78,87,0,0,7.643,60.602
2026-07-02 19:43:29,72,86,0,0,7.563,60.135
2026-07-02 19:48:29,57,71,0,0,7.387,60.47
2026-07-02 19:53:30,51,61,0,0,7.186,60.381
2026-07-02 19:58:39,50,59,0,0,7.013,61.149
2026-07-02 20:03:37,47,56,0,0,6.852,61.071
2026-07-02 20:08:30,52,64,0,0,6.679,61.283
2026-07-02 20:13:30,62,79,0,0,6.516,62.002
2026-07-02 20:18:30,118,128,0,0,6.366,62.736
2026-07-02 20:23:30,98,103,0,0,6.236,62.442
2026-07-02 20:28:30,71,84,0,0,6.121,63.661
2026-07-02 20:33:30,144,155,0,0,5.953,63.125
2026-07-02 20:38:30,91,97,0,0,5.816,63.682
2026-07-02 20:43:30,63,81,0,0,5.672,63.322
2026-07-02 20:48:30,55,68,0,0,5.552,63.734
2026-07-02 20:53:30,59,72,0,0,5.432,63.646
2026-07-02 20:58:30,58,74,0,0,5.306,63.854
2026-07-02 21:03:30,60,72,0,0,5.245,64.211
2026-07-02 21:08:30,60,74,0,0,5.17,63.936
2026-07-02 21:13:30,58,75,0,0,5.071,64.649
2026-07-02 21:18:30,64,79,0,0,5.031,65.019
2026-07-02 21:23:30,149,162,0,0,4.959,65.082
2026-07-02 21:28:30,161,171,0,0,4.866,64.665
2026-07-02 21:33:30,63,79,0,0,4.748,65.576
2026-07-02 21:38:30,124,134,0,0,4.671,65.37
2026-07-02 21:43:30,154,166,0,0,4.609,65.498
2026-07-02 21:48:30,123,133,0,0,4.553,65.698
2026-07-02 21:53:30,89,96,0,0,4.492,65.859
2026-07-02 21:58:30,98,104,0,0,4.401,65.412
2026-07-02 22:03:30,92,96,0,0,4.324,64.687
2026-07-02 22:08:30,110,116,0,0,4.209,65.057
2026-07-02 22:13:30,94,99,0,0,4.089,65.359
2026-07-02 22:18:30,79,91,0,0,3.915,64.056
2026-07-02 22:23:30,104,110,0,0,3.76,65.632
2026-07-02 22:28:30,115,125,0,0,3.635,66.045
2026-07-02 22:33:30,95,100,0,0,3.525,66.028
2026-07-02 22:38:30,149,157,0,0,3.41,66.644
2026-07-02 22:43:30,157,168,0,0,3.333,67.06
2026-07-02 22:48:38,95,103,0,0,3.248,65.996
2026-07-02 22:53:30,100,105,0,0,3.138,65.969
2026-07-02 22:58:30,95,101,0,0,2.98,66.848
2026-07-02 23:03:30,117,127,0,0,2.847,67.369
2026-07-02 23:08:30,109,114,0,0,2.764,68.634
2026-07-02 23:13:30,93,101,0,0,2.719,69.137
2026-07-02 23:18:30,127,136,0,0,2.711,69.273
2026-07-02 23:23:30,138,145,0,0,2.692,69.006
2026-07-02 23:28:30,97,103,0,0,2.676,68.55
2026-07-02 23:33:30,99,106,0,0,2.647,68.882
2026-07-02 23:38:30,91,98,0,0,2.66,67.487
2026-07-02 23:43:30,86,96,0,0,2.535,67.033
2026-07-02 23:48:30,92,101,0,0,2.414,67.495
2026-07-02 23:53:30,89,99,0,0,2.292,68.279
2026-07-02 23:58:30,101,107,0,0,2.241,68.382
2026-07-03 00:03:30,119,124,0,0,2.19,68.535
2026-07-03 00:08:30,98,103,0,0,2.123,68.634
2026-07-03 00:13:30,87,98,0,0,2.057,68.865
2026-07-03 00:18:30,100,105,0,0,2.008,68.865
2026-07-03 00:23:30,87,98,0,0,1.926,68.512
2026-07-03 00:28:30,86,98,0,0,1.864,68.205
2026-07-03 00:33:30,95,102,0,0,1.733,69.385
2026-07-03 00:38:32,130,138,0,0,1.651,69.994
2026-07-03 00:43:30,103,107,0,0,1.613,70.247
2026-07-03 00:48:30,126,135,0,0,1.573,70.28
2026-07-03 00:53:30,113,124,0,0,1.565,69.683
2026-07-03 00:58:30,120,130,0,0,1.528,69.978
2026-07-03 01:03:30,88,99,0,0,1.506,68.842
2026-07-03 01:08:30,85,97,0,0,1.384,69.319
2026-07-03 01:13:30,92,101,0,0,1.354,69.969
2026-07-03 01:18:30,81,97,0,0,1.312,68.973
2026-07-03 01:23:31,75,90,0,0,1.226,69.13
2026-07-03 01:28:30,77,93,0,0,1.175,68.325
2026-07-03 01:33:30,85,99,0,0,1.098,68.323
2026-07-03 01:38:30,85,99,0,0,1.028,68.641
2026-07-03 01:43:30,76,91,0,0,0.967,69.134
2026-07-03 01:48:30,86,98,0,0,0.924,70.106
2026-07-03 01:53:30,118,129,0,0,0.924,70.455
2026-07-03 01:58:30,114,125,0,0,0.924,70.305
2026-07-03 02:03:30,85,99,0,0,0.887,70.268
2026-07-03 02:08:30,69,86,0,0,0.908,70.556
2026-07-03 02:13:30,76,94,0,0,0.892,70.749
2026-07-03 02:18:30,68,86,0,0,0.871,70.356
2026-07-03 02:23:30,68,82,0,0,0.85,70.745
2026-07-03 02:28:30,70,89,0,0,0.85,70.52
2026-07-03 02:33:30,69,90,0,0,0.807,70.804
2026-07-03 02:38:30,67,84,0,0,0.842,70.555
2026-07-03 02:43:30,63,75,0,0,0.785,69.858
2026-07-03 02:48:30,60,73,0,0,0.692,69.967
2026-07-03 02:53:30,67,83,0,0,0.636,70.526
2026-07-03 02:58:30,59,73,0,0,0.585,70.076
2026-07-03 03:03:30,55,66,0,0,0.489,69.917
2026-07-03 03:08:36,56,68,0,0,0.414,69.95
2026-07-03 03:13:30,56,67,0,0,0.337,69.448
2026-07-03 03:18:30,58,68,0,0,0.249,69.891
2026-07-03 03:23:30,59,71,0,0,0.182,70.032
2026-07-03 03:28:30,56,69,0,0,0.089,70.463
2026-07-03 03:33:30,55,66,0,0,0.03,71.623
2026-07-03 03:38:30,55,66,0,0,-0.021,71.569
2026-07-03 03:43:30,54,66,0,0,-0.045,71.52
2026-07-03 03:48:30,53,66,0,0,-0.08,71.125
2026-07-03 03:53:30,53,63,0,0,-0.109,71.634
2026-07-03 03:58:30,54,65,0,0,-0.101,71.636
2026-07-03 04:03:30,53,65,0,0,-0.112,71.428
2026-07-03 04:08:30,54,64,0,0,-0.141,70.663
2026-07-03 04:13:31,52,60,0,0,-0.176,70.658
2026-07-03 04:18:31,50,60,0,0,-0.221,70.535
2026-07-03 04:23:31,51,63,0,0,-0.272,70.72
2026-07-03 04:28:31,52,62,0,0,-0.307,71.068
2026-07-03 04:33:31,50,64,0,0,-0.304,71.932
2026-07-03 04:38:31,49,55,0,0,-0.309,71.251
2026-07-03 04:43:31,50,63,0,0,-0.355,70.526
2026-07-03 04:48:31,50,65,0,0,-0.47,70.514
2026-07-03 04:53:31,80,99,0,0,-0.526,70.734
2026-07-03 04:58:31,136,154,0,0,-0.555,71.276
2026-07-03 05:03:31,71,89,0,0,-0.608,70.421
2026-07-03 05:08:31,55,66,0,0,-0.665,70.64
2026-07-03 05:13:31,55,67,0,0,-0.729,70.534
2026-07-03 05:18:31,57,69,0,0,-0.795,71.413
2026-07-03 05:23:31,56,69,0,0,-0.822,72.035
2026-07-03 05:28:31,56,69,0,0,-0.822,71.701
2026-07-03 05:33:31,55,64,0,0,-0.803,71.59
2026-07-03 05:38:31,49,58,0,0,-0.806,71.396
2026-07-03 05:43:31,46,50,0,0,-0.819,71.157
2026-07-03 05:48:31,43,44,0,0,-0.838,71.321
2026-07-03 05:53:31,38,41,0,0,-0.881,70.635
2026-07-03 05:58:31,47,53,0,0,-0.892,71.1
2026-07-03 06:03:31,48,55,0,0,-0.905,71.38
2026-07-03 06:08:31,56,67,0,0,-0.916,71.338
2026-07-03 06:13:31,55,66,0,0,-0.881,71.453
2026-07-03 06:18:31,55,67,0,0,-0.892,71.684
2026-07-03 06:23:31,55,66,0,0,-0.892,72.437
2026-07-03 06:28:31,56,66,0,0,-0.83,71.855
2026-07-03 06:33:31,65,80,0,0,-0.819,71.907
2026-07-03 06:38:31,65,81,0,0,-0.766,71.739
2026-07-03 06:43:31,54,61,0,0,-0.715,72.13
2026-07-03 06:48:31,47,51,0,0,-0.689,72.136
2026-07-03 06:53:31,46,52,0,0,-0.63,72.58
2026-07-03 06:58:31,44,50,0,0,-0.555,71.895
2026-07-03 07:03:31,45,51,0,0,-0.523,71.464
2026-07-03 07:08:31,49,55,0,0,-0.518,71.543
2026-07-03 07:13:37,47,57,0,0,-0.515,71.701
2026-07-03 07:18:31,55,66,0,0,-0.48,71.775
2026-07-03 07:23:31,58,70,0,0,-0.459,72.01
2026-07-03 07:28:31,49,58,0,0,-0.384,72
2026-07-03 07:33:31,54,65,0,0,-0.323,71.831
2026-07-03 07:38:31,50,60,0,0,-0.235,71.455
2026-07-03 07:43:31,51,63,0,0,-0.208,71.283
2026-07-03 07:48:31,55,65,0,0,-0.176,71.449
2026-07-03 07:53:31,54,65,0,0,-0.149,71.449
2026-07-03 07:58:31,55,64,0,0,-0.077,71.255
2026-07-03 08:03:31,57,68,0,0,-0.032,71.413
2026-07-03 08:08:31,54,66,0,0,0.064,71.464
2026-07-03 08:13:31,45,51,0,0,0.166,71.165
2026-07-03 08:18:31,45,52,0,0,0.278,70.608
2026-07-03 08:23:31,45,51,0,0,0.404,70.272
2026-07-03 08:28:31,43,50,0,0,0.599,70.059
2026-07-03 08:33:39,43,49,0,0,0.828,69.647
2026-07-03 08:38:31,54,64,0,0,1.101,69.41
2026-07-03 08:43:31,56,70,0,0,1.392,68.723
2026-07-03 08:48:31,52,63,0,0,1.704,68.372
2026-07-03 08:53:31,55,65,0,0,2.024,67.928
2026-07-03 08:58:31,46,54,0,0,2.406,67.173
2026-07-03 09:03:31,58,70,0,0,2.81,67.276
2026-07-03 09:08:31,45,56,0,0,3.239,66.147
2026-07-03 09:13:31,158,167,0,0,3.787,65.572
2026-07-03 09:18:31,49,59,0,0,4.369,64.949
2026-07-03 09:23:31,49,56,0,0,4.927,64.981
2026-07-03 09:28:31,45,54,0,0,5.459,62.721
2026-07-03 09:33:32,41,50,0,0,5.931,58.509
2026-07-03 09:38:32,42,45,0,0,6.39,57.293
2026-07-03 09:43:32,40,44,0,0,6.823,55.732
2026-07-03 09:48:32,47,57,0,0,7.176,54.952
2026-07-03 09:53:32,51,62,0,0,7.464,55.486
2026-07-03 09:58:32,56,70,0,0,7.683,56.095
2026-07-03 10:03:32,55,68,0,0,7.854,55.433
2026-07-03 10:08:32,56,69,0,0,7.977,54.847
2026-07-03 10:13:32,55,68,0,0,8.03,54.864
2026-07-03 10:18:32,55,67,0,0,8.102,54.332
2026-07-03 10:23:32,54,66,0,0,8.169,54.338
2026-07-03 10:28:41,55,67,0,0,8.198,54.451
2026-07-03 10:33:32,50,62,0,0,8.252,53.882
2026-07-03 10:38:32,47,57,0,0,8.388,53.894
2026-07-03 10:43:32,51,60,0,0,8.508,53.272
2026-07-03 10:48:32,46,55,0,0,8.66,53.829
2026-07-03 10:53:32,45,53,0,0,8.834,53.215
2026-07-03 10:58:32,44,55,0,0,9.031,53.636
2026-07-03 11:03:32,48,57,0,0,9.237,52.73
2026-07-03 11:08:32,48,60,0,0,9.389,53.215
2026-07-03 11:13:32,46,56,0,0,9.568,52.724
2026-07-03 11:18:32,48,57,0,0,9.736,52.167
2026-07-03 11:23:32,48,57,0,0,9.913,50.914
2026-07-03 11:28:32,51,64,0,0,10.06,51.597
2026-07-03 11:33:32,52,64,0,0,10.19,51.139
2026-07-03 11:38:32,50,62,0,0,10.359,51.002
2026-07-03 11:43:32,50,60,0,0,10.532,50.645
2026-07-03 11:48:32,50,59,0,0,10.698,49.423
2026-07-03 11:53:32,45,57,0,0,10.855,48.822
2026-07-03 11:58:32,50,61,0,0,11.023,49.014
2026-07-03 12:03:32,44,54,0,0,11.186,47.725
2026-07-03 12:08:32,49,61,0,0,11.349,48.108
2026-07-03 12:13:32,42,52,0,0,11.488,47.685
2026-07-03 12:18:32,43,53,0,0,11.704,48.416
2026-07-03 12:23:32,44,54,0,0,11.867,48.957
2026-07-03 12:28:32,45,53,0,0,12.073,49.316
2026-07-03 12:33:32,44,55,0,0,12.284,49.261
2026-07-03 12:38:32,43,54,0,0,12.455,48.181
2026-07-03 12:43:32,42,48,0,0,12.607,47.962
2026-07-03 12:48:32,40,49,0,0,12.786,47.347
2026-07-03 12:53:32,42,49,0,0,12.938,47.267
2026-07-03 12:58:32,42,51,0,0,13.08,47.454
2026-07-03 13:03:32,40,47,0,0,13.229,47.012
2026-07-03 13:08:32,42,50,0,0,13.381,46.918
2026-07-03 13:13:32,42,52,0,0,13.48,47.401
2026-07-03 13:18:32,45,55,0,0,13.574,46.741
2026-07-03 13:23:32,42,51,0,0,13.678,47.017
2026-07-03 13:28:32,41,49,0,0,13.833,46.256
2026-07-03 13:33:32,41,49,0,0,13.91,45.879
2026-07-03 13:38:32,42,51,0,0,14.025,45.074
2026-07-03 13:43:32,42,49,0,0,14.15,44.416
2026-07-03 13:48:32,39,46,0,0,14.191,43.25
2026-07-03 13:53:32,37,47,0,0,14.249,43.454
2026-07-03 13:58:32,37,41,0,0,14.295,42.831
2026-07-03 14:03:33,42,50,0,0,14.372,43.918
2026-07-03 14:08:33,45,54,0,0,14.455,43.512
2026-07-03 14:13:32,40,47,0,0,14.559,43.842
2026-07-03 14:18:35,37,44,0,0,14.655,42.383
2026-07-03 14:23:32,35,42,0,0,14.783,41.427
2026-07-03 14:28:32,33,39,0,0,14.845,41.21
2026-07-03 14:33:32,44,53,0,0,14.895,41.618
2026-07-03 14:38:32,40,47,0,0,14.986,41.974
2026-07-03 14:43:32,35,42,0,0,15.093,41.81
2026-07-03 14:48:32,40,50,0,0,15.189,41.517
2026-07-03 14:53:32,33,41,0,0,15.235,40.74
2026-07-03 14:58:32,37,46,0,0,15.269,41.002
2026-07-03 15:03:32,35,41,0,0,15.307,40.546
2026-07-03 15:08:32,35,40,0,0,15.307,40.551
2026-07-03 15:13:32,35,41,0,0,15.296,40.958
2026-07-03 15:18:32,33,38,0,0,15.288,40
2026-07-03 15:23:42,35,41,0,0,15.232,40.265
2026-07-03 15:28:32,33,36,0,0,15.16,40.647
2026-07-03 15:33:33,33,37,0,0,15.12,40.473
2026-07-03 15:38:41,32,35,0,0,15.096,41.055
2026-07-03 15:43:33,29,35,0,0,15.021,41.581
2026-07-03 15:48:33,32,33,0,0,14.938,41.383
2026-07-03 15:53:32,30,36,0,0,14.85,41.707
2026-07-03 15:58:32,34,38,0,0,14.781,42.014
2026-07-03 16:03:45,32,38,0,0,14.666,42.434
2026-07-03 16:08:32,33,35,0,0,14.591,41.995
2026-07-03 16:13:33,27,28,0,0,14.5,42.751
2026-07-03 16:18:32,28,30,0,0,14.401,43.096
2026-07-03 16:23:33,26,27,0,0,14.303,44.164
2026-07-03 16:28:33,26,26,0,0,14.18,44.391
2026-07-03 16:33:33,30,31,0,0,14.046,44.631
2026-07-03 16:38:33,30,32,0,0,13.891,45.335
2026-07-03 16:43:33,31,31,0,0,13.75,45.747
2026-07-03 16:48:33,27,29,0,0,13.64,46.373
2026-07-03 16:53:33,38,47,0,0,13.48,46.577
2026-07-03 16:58:33,42,49,0,0,13.336,46.983
2026-07-03 17:03:33,37,40,0,0,13.219,47.552
2026-07-03 17:08:33,50,63,0,0,13.072,48.141
2026-07-03 17:13:33,55,67,0,0,12.903,48.454
2026-07-03 17:18:33,48,58,0,0,12.743,48.898
2026-07-03 17:23:33,37,43,0,0,12.604,49.333
2026-07-03 17:28:33,55,72,0,0,12.423,49.804
2026-07-03 17:33:33,51,62,0,0,12.228,50.348
2026-07-03 17:38:39,49,62,0,0,11.963,50.928
2026-07-03 17:43:33,46,57,0,0,11.694,51.54
2026-07-03 17:48:33,52,67,0,0,11.429,52.244
2026-07-03 17:53:33,54,66,0,0,11.186,52.841
2026-07-03 17:58:33,137,144,0,0,10.927,53.3
2026-07-03 18:03:33,52,64,0,0,10.671,53.936
2026-07-03 18:08:33,120,123,0,0,10.449,54.43
2026-07-03 18:13:33,99,104,0,0,10.244,55.078
2026-07-03 18:18:33,96,101,0,0,10.043,55.635
2026-07-03 18:23:33,50,62,0,0,9.838,56.03
2026-07-03 18:28:33,77,85,0,0,9.646,56.675
2026-07-03 18:33:33,53,66,0,0,9.451,56.68
2026-07-03 18:38:33,46,55,0,0,9.261,57.878
2026-07-03 18:43:33,66,79,0,0,9.13,58.073
2026-07-03 18:48:39,49,60,0,0,8.962,57.844
2026-07-03 18:53:33,61,77,0,0,8.748,59.333
2026-07-03 18:58:33,53,64,0,0,8.612,58.83
2026-07-03 19:03:33,33,34,0,0,8.396,58.664
2026-07-03 19:08:33,37,39,0,0,8.18,58.965
2026-07-03 19:13:33,35,38,0,0,7.937,59.669
2026-07-03 19:18:33,38,41,0,0,7.739,59.77
2026-07-03 19:23:33,37,41,0,0,7.507,60.06
2026-07-03 19:28:33,39,42,0,0,7.285,60.354
2026-07-03 19:33:33,57,69,0,0,7.079,60.688
2026-07-03 19:38:33,108,115,0,0,6.858,62.12
2026-07-03 19:43:33,161,167,0,0,6.692,62.322
2026-07-03 19:48:33,177,189,0,0,6.54,62.898
2026-07-03 19:53:33,130,138,0,0,6.388,63.108
2026-07-03 19:58:33,60,74,0,0,6.278,62.181
2026-07-03 20:03:33,81,90,0,0,6.126,63.656
2026-07-03 20:08:39,125,130,0,0,6.046,63.924
2026-07-03 20:13:33,119,124,0,0,5.963,63.806
2026-07-03 20:18:33,142,151,0,0,5.878,63.408
2026-07-03 20:23:33,97,104,0,0,5.774,63.86
2026-07-03 20:28:40,73,89,0,0,5.675,63.429
2026-07-03 20:33:33,74,89,0,0,5.507,63.699
2026-07-03 20:38:33,72,85,0,0,5.373,64.617
2026-07-03 20:43:33,146,153,0,0,5.293,66.419
2026-07-03 20:48:33,101,106,0,0,5.274,64.502
2026-07-03 20:53:33,124,131,0,0,5.197,65.437
2026-07-03 20:58:33,108,114,0,0,5.127,65.883
2026-07-03 21:03:33,72,87,0,0,5.031,64.211
2026-07-03 21:08:33,60,74,0,0,4.866,64.716
2026-07-03 21:13:33,61,78,0,0,4.73,66.232
2026-07-03 21:18:33,64,80,0,0,4.577,65.95
2026-07-03 21:23:33,121,128,0,0,4.471,65.933
2026-07-03 21:28:33,152,165,0,0,4.353,66.477
2026-07-03 21:33:33,111,122,0,0,4.257,66.261
2026-07-03 21:38:33,88,96,0,0,4.153,67.079
2026-07-03 21:43:33,159,170,0,0,4.059,66.877
2026-07-03 21:48:41,177,190,0,0,3.99,68.163
2026-07-03 21:53:34,133,137,0,0,3.966,67.915
2026-07-03 21:58:42,109,117,0,0,3.952,67.733
2026-07-03 22:03:34,101,108,0,0,3.926,68.75
2026-07-03 22:08:34,110,115,0,0,3.912,67.684
2026-07-03 22:13:33,106,115,0,0,3.851,68.039
2026-07-03 22:18:33,111,117,0,0,3.787,68.193
2026-07-03 22:23:33,108,113,0,0,3.723,69.042
2026-07-03 22:28:34,114,121,0,0,3.685,69.963
2026-07-03 22:33:34,111,115,0,0,3.651,71.646
2026-07-03 22:38:34,87,99,0,0,3.632,71.886
2026-07-03 22:43:34,76,90,0,0,3.605,72.25
2026-07-03 22:48:34,78,93,0,0,3.568,72.872
2026-07-03 22:53:34,67,83,0,0,3.568,72.904
2026-07-03 22:58:34,76,90,0,0,3.517,72.153
2026-07-03 23:03:34,68,87,0,0,3.472,73.511
2026-07-03 23:08:34,63,78,0,0,3.445,75.334
2026-07-03 23:13:34,64,81,0,0,3.44,73.473
2026-07-03 23:18:34,61,77,0,0,3.397,73.904
2026-07-03 23:23:34,122,129,0,0,3.352,74.776
2026-07-03 23:28:34,64,80,0,0,3.338,74.314
2026-07-03 23:33:34,55,66,0,0,3.285,74.48
2026-07-03 23:38:34,56,70,0,0,3.269,75.67
2026-07-03 23:43:34,58,71,0,0,3.258,74.476
2026-07-03 23:48:34,59,71,0,0,3.218,74.098
2026-07-03 23:53:34,57,72,0,0,3.178,75.63
2026-07-03 23:58:34,55,68,0,0,3.135,75.672
2026-07-04 00:03:34,58,72,0,0,3.162,75.855
2026-07-04 00:08:34,60,73,0,0,3.103,74.722
2026-07-04 00:13:34,59,72,0,0,3.074,75.47
2026-07-04 00:18:34,55,68,0,0,2.943,71.104
2026-07-04 00:23:34,60,72,0,0,2.762,72.262
2026-07-04 00:28:34,65,82,0,0,2.612,73.917
2026-07-04 00:33:34,65,81,0,0,2.478,75.046
2026-07-04 00:38:34,62,77,0,0,2.417,75.291
2026-07-04 00:43:34,60,70,0,0,2.34,75.533
2026-07-04 00:48:34,62,76,0,0,2.286,74.27
2026-07-04 00:53:34,60,73,0,0,2.222,72.109
2026-07-04 00:58:34,54,66,0,0,2.067,72.338
2026-07-04 01:03:34,44,51,0,0,1.91,73.063
2026-07-04 01:08:41,44,51,0,0,1.731,73.376
2026-07-04 01:13:34,49,57,0,0,1.557,74.879
2026-07-04 01:18:34,48,57,0,0,1.41,75.851
2026-07-04 01:23:34,48,60,0,0,1.317,77.234
2026-07-04 01:28:34,60,73,0,0,1.25,77.406
2026-07-04 01:33:34,60,74,0,0,1.263,80.273
2026-07-04 01:38:34,56,64,0,0,1.314,80.427
2026-07-04 01:43:34,55,68,0,0,1.397,80.57
2026-07-04 01:48:34,57,72,0,0,1.456,81.522
2026-07-04 01:53:34,56,67,0,0,1.525,81.341
2026-07-04 01:58:34,58,72,0,0,1.616,82.201
2026-07-04 02:03:34,57,68,0,0,1.632,79.91
2026-07-04 02:08:34,55,66,0,0,1.669,80.561
2026-07-04 02:13:34,53,63,0,0,1.669,78.936
2026-07-04 02:18:34,60,72,0,0,1.581,77.352
2026-07-04 02:23:34,56,67,0,0,1.504,77.16
2026-07-04 02:28:34,55,66,0,0,1.437,77.066
2026-07-04 02:33:34,56,69,0,0,1.392,76.441
2026-07-04 02:38:34,54,65,0,0,1.304,76.652
2026-07-04 02:43:36,56,65,0,0,1.221,75.865
2026-07-04 02:48:34,55,66,0,0,1.127,74.726
2026-07-04 02:53:40,53,64,0,0,1.002,74.917
2026-07-04 02:58:34,62,75,0,0,0.868,74.959
2026-07-04 03:03:34,61,76,0,0,0.711,75.052
2026-07-04 03:08:34,59,70,0,0,0.628,74.632
2026-07-04 03:13:34,58,70,0,0,0.54,73.978
2026-07-04 03:18:34,57,69,0,0,0.422,74.402
2026-07-04 03:23:34,55,68,0,0,0.249,76.021
2026-07-04 03:28:34,58,71,0,0,0.145,75.916
2026-07-04 03:33:34,61,77,0,0,0.059,76.387
2026-07-04 03:38:34,65,81,0,0,0.027,78.432
2026-07-04 03:43:34,87,101,0,0,0.022,78.129
2026-07-04 03:48:34,65,81,0,0,0.043,78.73
2026-07-04 03:53:34,67,83,0,0,0.072,78.6
2026-07-04 03:58:35,65,79,0,0,0.086,78.339
2026-07-04 04:03:34,85,100,0,0,0.089,78.644
2026-07-04 04:08:34,65,82,0,0,0.091,77.999
2026-07-04 04:13:34,66,83,0,0,0.091,77.251
2026-07-04 04:18:34,68,85,0,0,0.072,76.837
2026-07-04 04:23:34,67,81,0,0,0.043,76.994
2026-07-04 04:28:34,62,75,0,0,0.003,76.195
2026-07-04 04:33:35,61,77,0,0,-0.064,77.005
2026-07-04 04:38:34,67,85,0,0,-0.066,77.316
2026-07-04 04:43:35,63,77,0,0,-0.096,77.043
2026-07-04 04:48:35,62,77,0,0,-0.117,74.859
2026-07-04 04:53:35,59,71,0,0,-0.189,73.528
2026-07-04 04:58:34,65,77,0,0,-0.293,74.266
2026-07-04 05:03:35,64,78,0,0,-0.448,75.821
2026-07-04 05:08:35,67,81,0,0,-0.518,78.077
2026-07-04 05:13:43,62,76,0,0,-0.576,77.122
2026-07-04 05:18:35,66,82,0,0,-0.627,76.422
2026-07-04 05:23:35,63,79,0,0,-0.694,77.036
2026-07-04 05:28:35,60,76,0,0,-0.726,77.663
2026-07-04 05:33:35,61,75,0,0,-0.761,77.28
2026-07-04 05:38:35,57,70,0,0,-0.779,77.246
2026-07-04 05:43:35,55,69,0,0,-0.777,77.173
2026-07-04 05:48:35,56,69,0,0,-0.795,77.448
2026-07-04 05:53:35,64,76,0,0,-0.867,74.205
2026-07-04 05:58:35,63,76,0,0,-1.006,74.661
2026-07-04 06:03:35,65,81,0,0,-1.105,76.425
2026-07-04 06:08:35,66,80,0,0,-1.129,77.934
2026-07-04 06:13:36,63,79,0,0,-1.129,78.552
2026-07-04 06:18:35,63,76,0,0,-1.116,77.453
2026-07-04 06:23:35,64,79,0,0,-1.201,75.708
2026-07-04 06:28:35,64,78,0,0,-1.239,76.599
2026-07-04 06:33:35,62,75,0,0,-1.295,76.506
2026-07-04 06:38:35,62,77,0,0,-1.335,76.919
2026-07-04 06:43:35,66,77,0,0,-1.375,77.364
2026-07-04 06:48:35,63,77,0,0,-1.41,77.171
2026-07-04 06:53:35,64,77,0,0,-1.399,77.52
2026-07-04 06:58:35,63,79,0,0,-1.412,77.858
2026-07-04 07:03:35,65,80,0,0,-1.41,77.793
2026-07-04 07:08:35,61,74,0,0,-1.391,77.875
2026-07-04 07:13:35,60,75,0,0,-1.394,77.751
2026-07-04 07:18:35,60,72,0,0,-1.396,77.734
2026-07-04 07:23:35,61,73,0,0,-1.42,76.919
2026-07-04 07:28:35,59,70,0,0,-1.463,75.46
2026-07-04 07:33:35,55,65,0,0,-1.498,77.103
2026-07-04 07:38:35,50,60,0,0,-1.468,78.152
2026-07-04 07:43:35,53,65,0,0,-1.428,77.352
2026-07-04 07:48:35,53,68,0,0,-1.42,76.109
2026-07-04 07:53:35,58,72,0,0,-1.468,74.73
2026-07-04 07:58:35,56,68,0,0,-1.519,74.716
2026-07-04 08:03:35,52,62,0,0,-1.559,76.242
2026-07-04 08:08:35,46,55,0,0,-1.572,76.572
2026-07-04 08:13:35,50,59,0,0,-1.554,76.925
2026-07-04 08:18:35,49,59,0,0,-1.484,76.006
2026-07-04 08:23:35,48,54,0,0,-1.476,75.394
2026-07-04 08:28:35,46,53,0,0,-1.442,75.68
2026-07-04 08:33:35,48,53,0,0,-1.343,76.485
2026-07-04 08:38:35,46,54,0,0,-1.233,77.171
2026-07-04 08:43:36,43,53,0,0,-1.025,78.552
2026-07-04 08:48:35,43,44,0,0,-0.761,78.699
2026-07-04 08:53:35,56,67,0,0,-0.48,77.547
2026-07-04 08:58:35,50,60,0,0,-0.253,77.797
2026-07-04 09:03:35,51,64,0,0,-0.021,79.04
2026-07-04 09:08:35,56,69,0,0,0.289,81.171
2026-07-04 09:13:35,65,78,0,0,0.649,80.854
2026-07-04 09:18:35,66,82,0,0,0.972,80.219
2026-07-04 09:23:35,60,74,0,0,1.333,80.44
2026-07-04 09:28:35,61,74,0,0,1.696,79.878
2026-07-04 09:33:35,61,74,0,0,2.035,79.441
2026-07-04 09:38:35,60,74,0,0,2.404,78.936
2026-07-04 09:43:35,59,74,0,0,2.772,77.913
2026-07-04 09:48:35,62,75,0,0,3.146,77.255
2026-07-04 09:53:35,60,74,0,0,3.515,76.065
2026-07-04 09:58:35,60,73,0,0,3.87,75.596
2026-07-04 10:03:35,55,67,0,0,4.209,74.1
2026-07-04 10:08:35,56,68,0,0,4.569,73.45
2026-07-04 10:13:35,55,66,0,0,4.94,71.886
2026-07-04 10:18:35,53,63,0,0,5.306,71.291
2026-07-04 10:23:35,51,61,0,0,5.699,69.782
2026-07-04 10:28:35,52,62,0,0,6.049,69.299
2026-07-04 10:33:35,47,57,0,0,6.415,68.187
2026-07-04 10:38:35,44,52,0,0,6.78,66.839
2026-07-04 10:43:35,46,54,0,0,7.111,65.927
2026-07-04 10:48:35,45,54,0,0,7.429,64.544
2026-07-04 10:53:35,41,47,0,0,7.726,62.643
2026-07-04 10:58:35,42,51,0,0,7.995,61.033
2026-07-04 11:03:35,39,48,0,0,8.292,59.454
2026-07-04 11:08:35,39,43,0,0,8.537,58.34
2026-07-04 11:13:35,37,43,0,0,8.786,56.732
2026-07-04 11:18:35,34,34,0,0,9.071,55.316
2026-07-04 11:23:35,37,40,0,0,9.282,54.876
2026-07-04 11:28:35,36,38,0,0,9.52,54.389
2026-07-04 11:33:35,36,41,0,0,9.771,54.119
2026-07-04 11:38:35,36,43,0,0,9.982,53.249
2026-07-04 11:43:35,39,43,0,0,10.172,52.194
2026-07-04 11:48:35,40,48,0,0,10.367,52.217
2026-07-04 11:53:35,37,42,0,0,10.556,50.615
2026-07-04 11:58:35,40,46,0,0,10.775,50.373
2026-07-04 12:03:35,37,44,0,0,10.97,49.697
2026-07-04 12:08:36,37,43,0,0,11.197,49.459
2026-07-04 12:13:35,40,47,0,0,11.387,49.594
2026-07-04 12:18:45,37,43,0,0,11.555,48.78
2026-07-04 12:23:36,33,34,0,0,11.726,47.117
2026-07-04 12:28:35,36,41,0,0,11.926,47.258
2026-07-04 12:33:36,36,38,0,0,12.196,46.56
2026-07-04 12:38:35,34,37,0,0,12.546,44.965
2026-07-04 12:43:35,32,38,0,0,12.989,42.693
2026-07-04 12:48:36,29,29,0,0,13.323,41.974
2026-07-04 12:53:36,27,29,0,0,13.544,41.417
2026-07-04 12:58:36,25,26,0,0,13.835,40.714
2026-07-04 13:03:36,29,29,0,0,14.169,40.782
2026-07-04 13:08:36,26,26,0,0,14.415,39.535
2026-07-04 13:13:36,22,23,0,0,14.631,38.036
2026-07-04 13:18:43,23,24,0,0,14.831,37.462
2026-07-04 13:23:36,20,20,0,0,15.045,36.653
2026-07-04 13:28:36,27,27,0,0,15.261,36.844
2026-07-04 13:33:36,17,19,0,0,15.451,33.185
2026-07-04 13:38:36,16,17,0,0,15.635,31.118
2026-07-04 13:43:36,19,19,0,0,15.854,29.555
2026-07-04 13:48:36,18,20,0,0,15.974,29.611
2026-07-04 13:53:36,17,19,0,0,16.004,30.648
2026-07-04 13:58:36,27,28,0,0,15.948,32.632
2026-07-04 14:03:36,12,15,0,0,15.854,31.812
2026-07-04 14:08:36,25,25,0,0,15.731,32.615
2026-07-04 14:13:36,19,20,0,0,15.627,32.199
2026-07-04 14:18:36,19,19,0,0,15.598,31.961
2026-07-04 14:23:36,19,22,0,0,15.584,33.244
2026-07-04 14:28:36,18,19,0,0,15.571,32.989
2026-07-04 14:33:36,25,27,0,0,15.571,32.445
2026-07-04 14:38:36,29,31,0,0,15.574,32.521
2026-07-04 14:43:36,14,14,0,0,15.603,32.087
2026-07-04 14:48:36,33,38,0,0,15.606,32.169
2026-07-04 14:53:45,19,19,0,0,15.63,31.861
2026-07-04 14:58:36,19,20,0,0,15.64,31.27
2026-07-04 15:03:36,27,30,0,0,15.606,32.38
2026-07-04 15:08:36,32,34,0,0,15.502,32.272
2026-07-04 15:13:36,23,25,0,0,15.432,31.263
2026-07-04 15:18:36,18,18,0,0,15.333,30.444
2026-07-04 15:23:36,11,11,0,0,15.341,30.728
2026-07-04 15:28:36,19,20,0,0,15.387,31.442
2026-07-04 15:33:36,13,15,0,0,15.416,32.207
2026-07-04 15:38:36,8,8,0,0,15.454,32.535
2026-07-04 15:43:36,4,4,0,0,15.499,31.785
2026-07-04 15:48:36,12,12,0,0,15.502,32.003
2026-07-04 15:53:36,6,6,0,0,15.467,32.823
2026-07-04 15:58:36,14,15,0,0,15.4,33.971
2026-07-04 16:03:46,17,17,0,0,15.288,35.016
2026-07-04 16:08:36,22,23,0,0,15.152,35.197
2026-07-04 16:13:36,1,2,0,0,14.965,36.197
2026-07-04 16:18:36,2,2,0,0,14.73,37.467
2026-07-04 16:23:36,4,4,0,0,14.471,38.236
2026-07-04 16:28:36,0,0,0,0,14.271,38.364
2026-07-04 16:33:36,0,0,0,0,14.116,38.631
2026-07-04 16:38:36,1,2,0,0,13.977,39.233
2026-07-04 16:43:36,1,3,0,0,13.801,40.13
2026-07-04 16:48:36,1,1,0,0,13.664,40.565
2026-07-04 16:53:36,9,9,0,0,13.453,43.67
2026-07-04 16:58:36,9,9,0,0,13.229,43.21
2026-07-04 17:03:36,4,4,0,0,13.021,44.746
2026-07-04 17:08:36,6,6,0,0,12.813,44.315
2026-07-04 17:13:42,9,12,0,0,12.65,44.91
2026-07-04 17:18:36,3,3,0,0,12.439,48.04
2026-07-04 17:23:36,3,4,0,0,12.206,49.734
2026-07-04 17:28:36,4,5,0,0,11.931,50.371
2026-07-04 17:33:36,0,3,0,0,11.747,50.565
2026-07-04 17:38:36,2,2,0,0,11.568,50.155
2026-07-04 17:43:46,24,26,0,0,11.419,50.802
2026-07-04 17:48:36,6,7,0,0,11.269,51.601
2026-07-04 17:53:36,6,6,0,0,11.12,52.391
2026-07-04 17:58:36,12,13,0,0,10.927,53.249
2026-07-04 18:03:37,8,9,0,0,10.751,56.053
2026-07-04 18:08:36,43,50,0,0,10.556,56.852
2026-07-04 18:13:36,12,12,0,0,10.345,59.822
2026-07-04 18:18:36,32,38,0,0,10.116,60.493
2026-07-04 18:23:36,15,15,0,0,9.929,61.651
2026-07-04 18:28:36,33,34,0,0,9.731,62.484
2026-07-04 18:33:43,29,30,0,0,9.579,63.142
2026-07-04 18:38:36,38,42,0,0,9.432,63.656
2026-07-04 18:43:36,45,54,0,0,9.322,64.453
2026-07-04 18:48:36,38,42,0,0,9.245,64.729
2026-07-04 18:53:36,54,65,0,0,9.141,64.775
2026-07-04 18:58:36,74,84,0,0,9.106,64.663
2026-07-04 19:03:36,55,66,0,0,9.047,64.872
2026-07-04 19:08:36,57,71,0,0,9.002,65.443
2026-07-04 19:13:36,48,57,0,0,8.925,65.635
2026-07-04 19:18:36,34,36,0,0,8.869,66.272
2026-07-04 19:23:36,30,31,0,0,8.807,66.858
2026-07-04 19:28:36,38,40,0,0,8.738,67.056
2026-07-04 19:33:36,50,60,0,0,8.692,67.421
2026-07-04 19:38:37,34,34,0,0,8.626,67.344
2026-07-04 19:43:36,25,25,0,0,8.548,67.604
2026-07-04 19:48:36,33,36,0,0,8.439,67.098
2026-07-04 19:53:37,27,28,0,0,8.364,66.799
2026-07-04 19:58:36,23,25,0,0,8.254,66.486
2026-07-04 20:03:36,25,27,0,0,8.129,66.969
2026-07-04 20:08:37,29,31,0,0,8.03,67.114
2026-07-04 20:13:37,38,44,0,0,7.963,67.413
2026-07-04 20:18:37,50,62,0,0,7.867,67.844
2026-07-04 20:23:36,56,70,0,0,7.774,68.027
2026-07-04 20:28:37,54,67,0,0,7.718,68.275
2026-07-04 20:33:36,52,62,0,0,7.683,68.346
2026-07-04 20:38:37,51,63,0,0,7.643,68.338
2026-07-04 20:43:36,48,59,0,0,7.632,68.651
2026-07-04 20:48:37,54,68,0,0,7.592,68.439
2026-07-04 20:53:37,44,53,0,0,7.515,69.237
2026-07-04 20:58:37,56,71,0,0,7.448,69.45
2026-07-04 21:03:37,65,81,0,0,7.392,69.084
2026-07-04 21:08:37,99,104,0,0,7.338,69.093
2026-07-04 21:13:37,57,71,0,0,7.309,68.744
2026-07-04 21:18:37,67,81,0,0,7.232,68.899
2026-07-04 21:23:37,71,83,0,0,7.154,68.928
2026-07-04 21:28:37,72,87,0,0,7.087,69.849
2026-07-04 21:33:37,108,115,0,0,7.055,69.429
2026-07-04 21:38:37,120,123,0,0,7.031,69.103
2026-07-04 21:43:37,79,90,0,0,7.013,69.357
2026-07-04 21:48:37,81,90,0,0,6.994,69.771
2026-07-04 21:53:37,254,277,0,0,6.927,69.727
2026-07-04 21:58:37,54,66,0,0,6.917,69.307
2026-07-04 22:03:37,49,62,0,0,6.839,69.059
2026-07-04 22:08:37,50,61,0,0,6.751,69.511
2026-07-04 22:13:37,81,90,0,0,6.716,69.656
2026-07-04 22:18:37,102,106,0,0,6.671,69.563
2026-07-04 22:23:37,95,98,0,0,6.692,69.576
2026-07-04 22:28:37,79,90,0,0,6.716,69.366
2026-07-04 22:33:37,131,141,0,0,6.714,69.551
2026-07-04 22:38:37,89,95,0,0,6.727,69.282
2026-07-04 22:43:37,60,75,0,0,6.73,68.979
2026-07-04 22:48:37,60,73,0,0,6.735,68.987
2026-07-04 22:53:37,70,83,0,0,6.78,68.874
2026-07-04 22:58:37,60,75,0,0,6.772,68.378
2026-07-04 23:03:37,60,77,0,0,6.748,68.47
2026-07-04 23:08:37,62,77,0,0,6.756,68.504
2026-07-04 23:13:37,64,81,0,0,6.735,68.535
2026-07-04 23:18:37,60,75,0,0,6.732,68.424
2026-07-04 23:23:37,54,64,0,0,6.639,68.237
2026-07-04 23:28:37,54,67,0,0,6.572,68.355
2026-07-04 23:33:37,55,68,0,0,6.532,68.693
2026-07-04 23:38:37,52,64,0,0,6.495,68.582
2026-07-04 23:43:37,58,75,0,0,6.439,68.701
2026-07-04 23:48:37,88,94,0,0,6.42,69.202
2026-07-04 23:53:46,140,147,0,0,6.433,69.313
2026-07-04 23:58:37,113,117,0,0,6.444,69.284
2026-07-05 00:03:37,106,113,0,0,6.473,69.029
2026-07-05 00:08:37,97,104,0,0,6.465,68.901
2026-07-05 00:13:37,79,89,0,0,6.452,68.981
2026-07-05 00:18:37,67,83,0,0,6.436,68.933
2026-07-05 00:23:37,69,85,0,0,6.401,69.025
2026-07-05 00:28:37,63,80,0,0,6.377,69.853
2026-07-05 00:33:37,75,87,0,0,6.305,69.607
2026-07-05 00:38:37,80,90,0,0,6.324,69.555
2026-07-05 00:43:37,65,82,0,0,6.361,69.273
2026-07-05 00:48:45,61,75,0,0,6.38,69.273
2026-07-05 00:53:37,62,78,0,0,6.382,69.355
2026-07-05 00:58:37,62,77,0,0,6.35,69.065
2026-07-05 01:03:37,64,80,0,0,6.369,69.118
2026-07-05 01:08:37,89,96,0,0,6.34,68.901
2026-07-05 01:13:37,63,80,0,0,6.3,69.597
2026-07-05 01:18:37,58,70,0,0,6.26,69.893
2026-07-05 01:23:37,79,91,0,0,6.244,70.007
2026-07-05 01:28:37,67,83,0,0,6.249,69.713
2026-07-05 01:33:37,62,77,0,0,6.249,69.9
2026-07-05 01:38:37,61,76,0,0,6.27,70.228
2026-07-05 01:43:37,63,80,0,0,6.294,70.047
2026-07-05 01:48:37,66,82,0,0,6.254,69.956
2026-07-05 01:53:37,64,79,0,0,6.236,70.963
2026-07-05 01:58:37,53,61,0,0,6.164,72.323
2026-07-05 02:03:37,51,63,0,0,6.166,72.704
2026-07-05 02:08:37,50,60,0,0,6.185,71.396
2026-07-05 02:13:37,48,59,0,0,6.19,70.816
2026-07-05 02:18:37,47,57,0,0,6.201,70.61
2026-07-05 02:23:37,42,46,0,0,6.174,70.656
2026-07-05 02:28:37,43,51,0,0,6.145,70.244
2026-07-05 02:33:37,45,55,0,0,6.009,70.102
2026-07-05 02:38:37,41,48,0,0,5.888,70.968
2026-07-05 02:43:37,44,50,0,0,5.752,71.129
2026-07-05 02:48:37,47,57,0,0,5.605,70.448
2026-07-05 02:53:37,49,57,0,0,5.392,71.338
2026-07-05 02:58:44,52,62,0,0,5.175,70.917
2026-07-05 03:03:37,52,61,0,0,5.015,71.472
2026-07-05 03:08:37,53,63,0,0,4.844,73.705
2026-07-05 03:13:38,52,62,0,0,4.708,74.741
2026-07-05 03:18:37,52,61,0,0,4.607,74.978
2026-07-05 03:23:38,50,59,0,0,4.521,74.732
2026-07-05 03:28:38,51,62,0,0,4.465,75.291
2026-07-05 03:33:45,60,75,0,0,4.446,75.638
2026-07-05 03:38:38,51,60,0,0,4.465,76.748
2026-07-05 03:43:38,53,62,0,0,4.532,77.137
2026-07-05 03:48:39,58,70,0,0,4.601,75.733
2026-07-05 03:53:38,51,62,0,0,4.631,76.5
2026-07-05 03:58:38,54,63,0,0,4.676,75.716
2026-07-05 04:03:38,52,61,0,0,4.719,74.716
2026-07-05 04:08:38,52,62,0,0,4.652,74.871
2026-07-05 04:13:38,49,58,0,0,4.615,74.354
2026-07-05 04:18:38,54,63,0,0,4.495,74.529
2026-07-05 04:23:38,50,59,0,0,4.414,74.623
2026-07-05 04:28:38,51,61,0,0,4.31,74.531
2026-07-05 04:33:38,49,58,0,0,4.209,74.762
2026-07-05 04:38:38,48,57,0,0,4.105,74.865
2026-07-05 04:43:47,50,60,0,0,4.033,74.497
2026-07-05 04:48:38,50,59,0,0,3.926,74.365
2026-07-05 04:53:38,55,66,0,0,3.811,74.245
2026-07-05 04:58:38,49,58,0,0,3.68,74.034
2026-07-05 05:03:38,55,66,0,0,3.555,73.862
2026-07-05 05:08:38,45,54,0,0,3.397,73.934
2026-07-05 05:13:38,46,58,0,0,3.272,74.392
2026-07-05 05:18:38,46,54,0,0,3.143,75.411
2026-07-05 05:23:38,46,55,0,0,3.007,75.615
2026-07-05 05:28:38,43,49,0,0,2.898,76.452
2026-07-05 05:33:38,43,48,0,0,2.82,76.639
2026-07-05 05:38:38,42,47,0,0,2.783,76.902
2026-07-05 05:43:38,42,48,0,0,2.767,77.461
2026-07-05 05:48:38,42,47,0,0,2.743,78.03
2026-07-05 05:53:38,45,50,0,0,2.729,76.424
2026-07-05 05:58:38,45,51,0,0,2.681,77.45
2026-07-05 06:03:38,43,50,0,0,2.671,77.932
2026-07-05 06:08:39,43,51,0,0,2.671,77.03
2026-07-05 06:13:38,42,48,0,0,2.583,75.073
2026-07-05 06:18:38,45,50,0,0,2.393,72.876
2026-07-05 06:23:38,46,52,0,0,2.123,73.004
2026-07-05 06:28:38,48,56,0,0,1.939,75.811
2026-07-05 06:33:38,47,55,0,0,1.806,76.376
2026-07-05 06:38:38,47,56,0,0,1.715,76.229
2026-07-05 06:43:38,53,61,0,0,1.6,78.026
2026-07-05 06:48:38,51,61,0,0,1.512,79.224
2026-07-05 06:53:38,53,63,0,0,1.474,80.433
2026-07-05 06:58:38,53,61,0,0,1.48,80.637
2026-07-05 07:03:38,52,65,0,0,1.512,79.786
2026-07-05 07:08:38,54,63,0,0,1.53,79.479
2026-07-05 07:13:38,51,62,0,0,1.501,78.247
2026-07-05 07:18:38,50,61,0,0,1.488,77.902
2026-07-05 07:23:38,49,57,0,0,1.413,77.429
2026-07-05 07:28:38,48,61,0,0,1.346,76.952
2026-07-05 07:33:38,47,54,0,0,1.279,77.165
2026-07-05 07:38:39,46,51,0,0,1.25,77.642
2026-07-05 07:43:38,45,53,0,0,1.189,77.81
2026-07-05 07:48:38,44,49,0,0,1.146,77.484
2026-07-05 07:53:47,43,48,0,0,1.111,77.127
2026-07-05 07:58:38,46,52,0,0,1.087,76.712
2026-07-05 08:03:38,43,45,0,0,1.066,76.605
2026-07-05 08:08:38,47,54,0,0,1.047,76.998
2026-07-05 08:13:38,46,55,0,0,1.026,77.518
2026-07-05 08:18:46,45,55,0,0,1.066,77.32
2026-07-05 08:23:38,44,51,0,0,1.063,76.567
2026-07-05 08:28:38,45,53,0,0,1.069,76.824
2026-07-05 08:33:38,46,51,0,0,1.13,76.929
2026-07-05 08:38:38,44,47,0,0,1.255,77.621
2026-07-05 08:43:38,46,54,0,0,1.432,77.93
2026-07-05 08:48:38,48,56,0,0,1.651,77.74
2026-07-05 08:53:38,48,60,0,0,1.806,77.909
2026-07-05 08:58:38,49,60,0,0,2,78.665
2026-07-05 09:03:38,56,67,0,0,2.217,78.522
2026-07-05 09:08:38,54,66,0,0,2.516,78.546
2026-07-05 09:13:38,52,65,0,0,2.788,78.34
2026-07-05 09:18:38,49,61,0,0,3.114,78.033
2026-07-05 09:23:38,50,61,0,0,3.482,77.207
2026-07-05 09:28:38,48,59,0,0,3.843,76.706
2026-07-05 09:33:47,49,60,0,0,4.244,76.046
2026-07-05 09:38:38,55,65,0,0,4.684,74.751
2026-07-05 09:43:38,49,59,0,0,5.071,73.982
2026-07-05 09:48:38,41,47,0,0,5.496,73.118
2026-07-05 09:53:38,42,47,0,0,5.918,72.382
2026-07-05 09:58:38,39,45,0,0,6.318,71.247
2026-07-05 10:03:38,42,45,0,0,6.66,70.04
2026-07-05 10:08:38,45,55,0,0,6.991,69.154
2026-07-05 10:13:38,43,53,0,0,7.293,68.086
2026-07-05 10:18:38,44,53,0,0,7.579,66.477
2026-07-05 10:23:38,44,55,0,0,7.811,65.935
2026-07-05 10:28:38,45,55,0,0,8.07,65.056
2026-07-05 10:33:38,44,52,0,0,8.302,64.308
2026-07-05 10:38:38,32,32,0,0,8.545,63.295
2026-07-05 10:43:48,40,47,0,0,8.788,62.692
2026-07-05 10:48:38,42,50,0,0,9.013,62.116
2026-07-05 10:53:38,38,42,0,0,9.208,60.829
2026-07-05 10:58:38,31,31,0,0,9.403,60.228
2026-07-05 11:03:38,27,29,0,0,9.624,59.398
2026-07-05 11:08:47,26,29,0,0,9.854,58.115
2026-07-05 11:13:38,24,24,0,0,10.049,56.888
2026-07-05 11:18:39,25,26,0,0,10.238,55.919
2026-07-05 11:23:39,28,32,0,0,10.452,56.585
2026-07-05 11:28:39,27,31,0,0,10.711,55.393
2026-07-05 11:33:39,24,24,0,0,10.895,53.827
2026-07-05 11:38:39,19,24,0,0,11.106,52.921
2026-07-05 11:43:39,16,18,0,0,11.275,51.923
2026-07-05 11:48:39,14,17,0,0,11.472,51.16
2026-07-05 11:53:39,19,20,0,0,11.678,50.767
2026-07-05 11:58:39,20,21,0,0,11.825,49.9
2026-07-05 12:03:39,13,13,0,0,12.009,48.398
2026-07-05 12:08:39,9,11,0,0,12.161,47.759
2026-07-05 12:13:39,8,8,0,0,12.327,46.972
2026-07-05 12:18:49,11,11,0,0,12.522,44.921
2026-07-05 12:23:39,7,7,0,0,12.671,44.347
2026-07-05 12:28:39,7,7,0,0,12.823,43.966
2026-07-05 12:33:39,6,7,0,0,12.992,44.143
2026-07-05 12:38:39,7,8,0,0,13.165,43.3
2026-07-05 12:43:39,5,6,0,0,13.32,42.632
2026-07-05 12:48:39,5,6,0,0,13.483,42.064
2026-07-05 12:53:39,5,5,0,0,13.635,41.711
2026-07-05 12:58:39,4,4,0,0,13.761,39.96
2026-07-05 13:03:39,3,3,0,0,13.891,39.115
2026-07-05 13:08:39,4,4,0,0,13.993,39.251
2026-07-05 13:13:39,5,5,0,0,14.097,39.367
2026-07-05 13:18:39,4,4,0,0,14.217,38.392
2026-07-05 13:23:39,4,4,0,0,14.359,38.68
2026-07-05 13:28:39,3,4,0,0,14.49,38.186
2026-07-05 13:33:39,4,5,0,0,14.655,38.051
2026-07-05 13:38:39,4,4,0,0,14.781,38.129
2026-07-05 13:43:39,5,5,0,0,14.874,37.87
2026-07-05 13:48:39,5,5,0,0,14.994,37.936
2026-07-05 13:53:39,4,4,0,0,15.093,36.515
2026-07-05 13:58:39,6,6,0,0,15.195,36.069
2026-07-05 14:03:39,7,7,0,0,15.304,36.823
2026-07-05 14:08:39,6,7,0,0,15.392,35.796
2026-07-05 14:13:39,6,6,0,0,15.512,35.804
2026-07-05 14:18:39,6,6,0,0,15.606,35.154
2026-07-05 14:23:39,7,7,0,0,15.649,35.575
2026-07-05 14:28:39,6,6,0,0,15.71,35.426
2026-07-05 14:33:39,5,5,0,0,15.795,35.024
2026-07-05 14:38:39,5,5,0,0,15.889,34.557
2026-07-05 14:43:39,5,5,0,0,15.956,33.673
2026-07-05 14:48:39,6,6,0,0,16.028,33.904
2026-07-05 14:53:39,6,6,0,0,16.057,33.149
2026-07-05 14:58:39,4,4,0,0,16.143,32.563
2026-07-05 15:03:39,6,6,0,0,16.183,32.67
2026-07-05 15:09:03,5,5,0,0,16.249,32.264
2026-07-05 15:13:39,5,5,0,0,16.305,32.428
2026-07-05 15:18:39,4,4,0,0,16.335,32.172
2026-07-05 15:23:39,4,5,0,0,16.391,31.915
2026-07-05 15:28:39,4,4,0,0,16.428,31.636
2026-07-05 15:33:39,5,5,0,0,16.476,32.176
2026-07-05 15:38:39,6,6,0,0,16.482,31.741
2026-07-05 15:43:39,7,7,0,0,16.474,31.629
2026-07-05 15:48:39,5,5,0,0,16.444,31.663
2026-07-05 15:53:39,6,8,0,0,16.412,31.07
2026-07-05 15:58:46,3,4,0,0,16.369,31.676
2026-07-05 16:03:48,4,4,0,0,16.297,31.482
2026-07-05 16:08:39,5,5,0,0,16.241,31.415
2026-07-05 16:13:39,7,9,0,0,16.228,31.453
2026-07-05 16:18:40,5,5,0,0,16.108,30.904
2026-07-05 16:23:39,4,4,0,0,16.06,31.039
2026-07-05 16:28:40,8,8,0,0,15.974,31.892
2026-07-05 16:33:40,7,7,0,0,15.873,32.56
2026-07-05 16:38:40,13,14,0,0,15.726,32.659
2026-07-05 16:43:39,19,19,0,0,15.595,32.72
2026-07-05 16:48:39,13,13,0,0,15.467,32.84
2026-07-05 16:53:40,32,35,0,0,15.339,32.787
2026-07-05 16:58:40,23,24,0,0,15.2,32.809
2026-07-05 17:03:40,32,35,0,0,15.09,33.151
2026-07-05 17:08:40,22,22,0,0,14.911,33.361
2026-07-05 17:13:40,23,24,0,0,14.746,33.864
2026-07-05 17:18:40,18,18,0,0,14.548,34.288
2026-07-05 17:23:40,14,15,0,0,14.345,34.759
2026-07-05 17:28:40,12,13,0,0,14.113,35.369
2026-07-05 17:33:40,113,122,0,0,13.886,36.702
2026-07-05 17:38:40,24,24,0,0,13.688,37.578
2026-07-05 17:43:40,51,63,0,0,13.47,39.747
2026-07-05 17:48:40,43,52,0,0,13.224,41.749
2026-07-05 17:53:40,71,78,0,0,12.965,43.92
2026-07-05 17:58:40,30,31,0,0,12.674,46.234
2026-07-05 18:03:40,37,43,0,0,12.396,47.59
2026-07-05 18:08:40,44,54,0,0,12.134,48.208
2026-07-05 18:13:40,32,36,0,0,11.862,49.039
2026-07-05 18:18:40,34,37,0,0,11.592,50.081
2026-07-05 18:23:40,33,36,0,0,11.323,48.795
2026-07-05 18:28:40,35,39,0,0,11.023,49.9
2026-07-05 18:33:40,40,50,0,0,10.73,49.89
2026-07-05 18:38:40,46,55,0,0,10.404,51.401
2026-07-05 18:43:40,40,48,0,0,10.124,52.177
2026-07-05 18:48:40,33,37,0,0,9.843,52.637
2026-07-05 18:53:40,34,38,0,0,9.565,53.611
2026-07-05 18:58:40,41,47,0,0,9.309,53.571
2026-07-05 19:03:46,54,65,0,0,9.053,54.399
2026-07-05 19:08:40,70,82,0,0,8.823,55.25
2026-07-05 19:13:40,50,59,0,0,8.588,55.063
2026-07-05 19:18:40,38,42,0,0,8.35,54.222
2026-07-05 19:23:40,39,45,0,0,8.188,54.34
2026-07-05 19:28:40,45,55,0,0,8.025,54.933
2026-07-05 19:33:40,62,78,0,0,7.873,54.885
2026-07-05 19:38:40,66,80,0,0,7.718,54.855
2026-07-05 19:43:49,56,70,0,0,7.571,55.543
2026-07-05 19:48:40,89,95,0,0,7.424,55.494
2026-07-05 19:53:40,56,70,0,0,7.28,54.384
2026-07-05 19:58:40,50,60,0,0,7.095,55.233
2026-07-05 20:03:40,55,71,0,0,6.89,56.137
2026-07-05 20:08:40,67,81,0,0,6.754,56.329
2026-07-05 20:13:40,62,76,0,0,6.601,56.572
2026-07-05 20:18:40,56,68,0,0,6.404,55.351
2026-07-05 20:23:40,63,79,0,0,6.182,56.295
2026-07-05 20:28:40,96,105,0,0,5.955,57.226
2026-07-05 20:33:49,100,104,0,0,5.803,57.916
2026-07-05 20:38:40,98,104,0,0,5.664,58.656
2026-07-05 20:43:40,106,111,0,0,5.528,59.187
2026-07-05 20:48:40,113,116,0,0,5.397,58.719
2026-07-05 20:53:40,91,98,0,0,5.304,58.281
2026-07-05 20:58:40,67,85,0,0,5.175,55.803
2026-07-05 21:03:40,123,128,0,0,5.114,55.931
2026-07-05 21:08:40,152,159,0,0,5.037,56.142
2026-07-05 21:13:40,118,120,0,0,4.975,55.597
2026-07-05 21:18:40,72,87,0,0,4.876,55.194
2026-07-05 21:23:40,119,127,0,0,4.796,55.875
2026-07-05 21:28:40,135,140,0,0,4.719,55.723
2026-07-05 21:33:40,127,136,0,0,4.657,55.542
2026-07-05 21:38:40,66,81,0,0,4.607,54.559
2026-07-05 21:43:40,66,84,0,0,4.465,54.485
2026-07-05 21:48:40,133,142,0,0,4.353,54.273
2026-07-05 21:53:40,125,134,0,0,4.244,54.449
2026-07-05 21:58:40,124,133,0,0,4.193,54.655
2026-07-05 22:03:40,84,96,0,0,4.094,54.912
2026-07-05 22:08:40,104,114,0,0,3.979,55.645
2026-07-05 22:13:40,91,99,0,0,3.883,56.133
2026-07-05 22:18:40,92,100,0,0,3.832,55.671
2026-07-05 22:23:41,86,97,0,0,3.712,56.005
2026-07-05 22:28:40,85,97,0,0,3.565,56.373
2026-07-05 22:33:40,85,95,0,0,3.365,56.84
2026-07-05 22:38:49,73,88,0,0,3.109,56.177
2026-07-05 22:43:40,71,89,0,0,2.85,56.121
2026-07-05 22:48:46,66,82,0,0,2.697,56.501
2026-07-05 22:53:40,66,86,0,0,2.644,56.604
2026-07-05 22:58:40,73,87,0,0,2.625,57.487
2026-07-05 23:03:40,68,85,0,0,2.628,57.878
2026-07-05 23:08:40,71,87,0,0,2.684,58.244
2026-07-05 23:13:41,72,88,0,0,2.735,58.229
2026-07-05 23:18:40,86,95,0,0,2.831,58.063
2026-07-05 23:23:40,85,97,0,0,2.892,57.743
2026-07-05 23:28:41,127,134,0,0,2.879,57.64
2026-07-05 23:33:40,120,126,0,0,2.887,57.033
2026-07-05 23:38:41,89,98,0,0,2.815,56.387
2026-07-05 23:43:41,129,137,0,0,2.762,56.411
2026-07-05 23:48:41,106,113,0,0,2.663,56.587
2026-07-05 23:53:41,132,141,0,0,2.617,56.552
2026-07-05 23:58:41,78,95,0,0,2.535,56.001
2026-07-06 00:03:41,68,85,0,0,2.494,55.793
2026-07-06 00:08:41,62,79,0,0,2.43,55.397
2026-07-06 00:13:41,61,80,0,0,2.348,55.33
2026-07-06 00:18:41,58,72,0,0,2.163,55.557
2026-07-06 00:23:41,58,72,0,0,2.011,56.055
2026-07-06 00:28:41,57,72,0,0,1.79,56.478
2026-07-06 00:33:41,62,75,0,0,1.592,56.758
2026-07-06 00:38:41,60,75,0,0,1.381,57.079
2026-07-06 00:43:41,61,76,0,0,1.234,57.762
2026-07-06 00:48:41,68,83,0,0,1.087,58.485
2026-07-06 00:53:41,67,81,0,0,0.988,58.984
2026-07-06 00:58:41,61,76,0,0,0.903,58.618
2026-07-06 01:03:41,64,81,0,0,0.761,58.807
2026-07-06 01:08:41,63,81,0,0,0.625,59.253
2026-07-06 01:13:41,64,77,0,0,0.489,59.375
2026-07-06 01:18:41,63,79,0,0,0.372,59.929
2026-07-06 01:23:41,66,82,0,0,0.257,60.35
2026-07-06 01:28:41,65,83,0,0,0.19,60.518
2026-07-06 01:33:41,68,84,0,0,0.166,60.121
2026-07-06 01:38:41,64,80,0,0,0.067,60.556
2026-07-06 01:43:41,70,86,0,0,-0.021,60.211
2026-07-06 01:48:41,66,80,0,0,-0.104,61.115
2026-07-06 01:53:41,64,77,0,0,-0.122,61.533
2026-07-06 01:58:41,62,75,0,0,-0.146,61.798
2026-07-06 02:03:41,49,54,0,0,-0.122,60.415
2026-07-06 02:08:41,44,49,0,0,-0.08,60.15
2026-07-06 02:13:41,41,42,0,0,-0.08,60.085
2026-07-06 02:18:41,36,40,0,0,-0.08,60.058
2026-07-06 02:23:41,44,48,0,0,-0.112,59.785
2026-07-06 02:28:41,44,48,0,0,-0.181,59.743
2026-07-06 02:33:41,35,39,0,0,-0.245,60.035
2026-07-06 02:38:41,35,38,0,0,-0.227,60.148
2026-07-06 02:43:41,34,37,0,0,-0.205,59.663
2026-07-06 02:48:41,34,36,0,0,-0.216,59.915
2026-07-06 02:53:41,36,39,0,0,-0.323,58.96
2026-07-06 02:58:41,36,38,0,0,-0.51,59.454
2026-07-06 03:03:41,34,39,0,0,-0.659,60.325
2026-07-06 03:08:41,34,36,0,0,-0.734,60.547
2026-07-06 03:13:41,36,36,0,0,-0.795,60.625
2026-07-06 03:18:47,33,37,0,0,-0.878,60.84
2026-07-06 03:23:41,32,34,0,0,-0.926,61.113
2026-07-06 03:28:41,36,36,0,0,-0.972,60.909
2026-07-06 03:33:41,28,31,0,0,-1.044,61.147
2026-07-06 03:38:41,32,32,0,0,-1.073,61.72
2026-07-06 03:43:41,30,30,0,0,-1.108,61.83
2026-07-06 03:48:41,28,31,0,0,-1.132,61.969
2026-07-06 03:53:41,34,38,0,0,-1.143,62.286
2026-07-06 03:58:41,35,35,0,0,-1.118,61.952
2026-07-06 04:03:41,33,33,0,0,-1.169,61.681
2026-07-06 04:08:41,31,32,0,0,-1.215,62.153
2026-07-06 04:13:48,33,35,0,0,-1.281,61.988
2026-07-06 04:18:41,27,32,0,0,-1.255,61.638
2026-07-06 04:23:41,32,34,0,0,-1.231,61.569
2026-07-06 04:28:41,16,16,0,0,-1.204,60.909
2026-07-06 04:33:41,17,19,0,0,-1.207,60.819
2026-07-06 04:38:41,12,17,0,0,-1.167,60.167
2026-07-06 04:43:41,9,9,0,0,-1.1,59.896
2026-07-06 04:48:41,9,9,0,0,-1.046,59.976
2026-07-06 04:53:41,7,8,0,0,-1.02,58.548
2026-07-06 04:58:47,7,7,0,0,-0.956,58.199
2026-07-06 05:03:41,7,7,0,0,-0.969,58.042
2026-07-06 05:08:42,8,8,0,0,-1.132,58.864
2026-07-06 05:13:41,7,7,0,0,-1.247,59.097
2026-07-06 05:18:41,15,15,0,0,-1.404,59.278
2026-07-06 05:23:41,11,11,0,0,-1.431,59.753
2026-07-06 05:28:41,10,10,0,0,-1.503,59.463
2026-07-06 05:33:41,12,15,0,0,-1.511,58.906
2026-07-06 05:38:41,8,10,0,0,-1.498,57.943
2026-07-06 05:43:42,9,9,0,0,-1.482,57.996
2026-07-06 05:48:41,17,17,0,0,-1.431,58.385
2026-07-06 05:53:43,9,11,0,0,-1.468,58.128
2026-07-06 05:58:41,8,8,0,0,-1.466,57.825
2026-07-06 06:03:41,11,11,0,0,-1.479,58.023
2026-07-06 06:08:41,12,12,0,0,-1.468,57.758
2026-07-06 06:13:41,11,15,0,0,-1.431,57.727
2026-07-06 06:18:41,8,8,0,0,-1.399,57.659
2026-07-06 06:23:41,9,11,0,0,-1.431,56.684
2026-07-06 06:28:41,9,12,0,0,-1.578,56.718
2026-07-06 06:33:41,12,17,0,0,-1.725,57.342
2026-07-06 06:38:41,12,17,0,0,-1.837,57.397
2026-07-06 06:43:49,12,20,0,0,-2.018,57.851
2026-07-06 06:48:41,10,10,0,0,-2.131,58.277
2026-07-06 06:53:41,8,10,0,0,-2.267,58.21
2026-07-06 06:58:41,47,55,0,0,-2.355,59.167
2026-07-06 07:03:41,44,49,0,0,-2.379,59.005
2026-07-06 07:08:41,36,39,0,0,-2.368,58.731
2026-07-06 07:13:41,41,43,0,0,-2.328,58.92
2026-07-06 07:18:41,40,44,0,0,-2.339,58.981
2026-07-06 07:23:41,36,37,0,0,-2.341,59.209
2026-07-06 07:28:42,27,29,0,0,-2.392,58.601
2026-07-06 07:33:42,27,27,0,0,-2.424,59.12
2026-07-06 07:38:42,17,20,0,0,-2.494,59.131
2026-07-06 07:43:42,20,21,0,0,-2.483,59.593
2026-07-06 07:48:42,10,10,0,0,-2.432,59.719
2026-07-06 07:53:50,74,94,0,0,-2.355,59.845
2026-07-06 08:03:05,25,27,0,0,-2.211,59.202
2026-07-06 08:08:05,35,38,0,0,-2.163,58.38
2026-07-06 08:13:05,26,29,0,0,-2.058,58.071
2026-07-06 08:18:05,35,39,0,0,-1.965,57.863
2026-07-06 08:23:05,36,42,0,0,-1.893,57.556
2026-07-06 08:28:05,40,42,0,0,-1.864,57.882
2026-07-06 08:33:05,23,24,0,0,-1.837,57.853
2026-07-06 08:38:05,40,43,0,0,-1.786,57.903
2026-07-06 08:43:05,60,70,0,0,-1.629,58.588
2026-07-06 08:48:05,61,75,0,0,-1.38,58.441
2026-07-06 08:53:05,86,101,0,0,-1.02,58.548
2026-07-06 09:05:25,56,66,0,0,-0.077,56.007
2026-07-06 09:10:25,57,68,0,0,0.364,55.364
2026-07-06 09:15:25,56,67,0,0,0.852,53.777
2026-07-06 09:20:25,40,43,0,0,1.378,45.875
2026-07-06 09:25:25,58,71,0,0,2.033,48.637
2026-07-06 09:30:25,48,57,0,0,2.649,50.13
2026-07-06 09:35:25,50,61,0,0,3.258,47.243
2026-07-06 09:40:25,67,82,0,0,3.846,44.063
2026-07-06 09:45:25,45,50,0,0,4.412,46.167
2026-07-06 09:55:18,60,76,0,0,5.627,40.208
2026-07-06 10:00:19,52,64,0,0,6.212,39.84
2026-07-06 10:05:19,30,34,0,0,6.839,37.599
2026-07-06 10:15:02,15,18,0,0,7.923,34.517
2026-07-06 10:20:02,23,26,0,0,8.471,34.743
2026-07-06 10:25:02,26,26,0,0,9.018,31.852
2026-07-06 10:30:02,23,27,0,0,9.555,30.919
2026-07-06 10:35:02,19,22,0,0,10.11,26.75
2026-07-06 10:40:02,26,27,0,0,10.658,26.744
2026-07-06 10:45:02,10,13,0,0,11.136,25.243
2026-07-06 10:50:02,4,5,0,0,11.555,24.648
2026-07-06 10:55:02,8,8,0,0,11.969,24.339
2026-07-06 11:00:02,6,6,0,0,12.348,23.187
2026-07-06 11:05:02,9,11,0,0,12.751,23.397
2026-07-06 11:10:02,11,13,0,0,13.16,23.049
2026-07-06 11:15:02,12,15,0,0,13.542,22.429
2026-07-06 11:20:02,9,9,0,0,13.929,22.706
2026-07-06 11:25:02,11,11,0,0,14.335,22.471
2026-07-06 11:30:02,9,11,0,0,14.695,21.348
2026-07-06 11:35:02,7,8,0,0,15.104,21.014
2026-07-06 11:40:02,5,6,0,0,15.507,20.495
2026-07-06 11:45:02,6,6,0,0,15.889,20.158
2026-07-06 11:50:02,4,4,0,0,16.247,20.41
2026-07-06 11:55:02,4,4,0,0,16.575,19.484
2026-07-06 12:00:02,4,4,0,0,16.946,19.443
2026-07-06 12:05:02,3,4,0,0,17.269,20.476
2026-07-06 12:10:02,5,5,0,0,17.603,18.666
2026-07-06 12:15:03,3,4,0,0,17.934,18.651
2026-07-06 12:20:03,2,2,0,0,18.204,18.395
2026-07-06 12:25:03,4,5,0,0,18.484,18.136
2026-07-06 12:30:03,3,4,0,0,18.738,18.456
2026-07-06 12:35:03,4,5,0,0,19.045,18.052
2026-07-06 12:40:03,7,7,0,0,19.307,18.746
2026-07-06 12:45:03,5,5,0,0,19.561,17.896
2026-07-06 12:50:03,6,6,0,0,19.745,16.599
2026-07-06 12:55:03,3,4,0,0,19.876,17.554
2026-07-06 13:00:03,2,3,0,0,20.006,17.487
2026-07-06 13:05:03,6,6,0,0,20.177,18.176
2026-07-06 13:10:03,4,4,0,0,20.42,17.011
2026-07-06 13:15:03,4,6,0,0,20.685,16.032
2026-07-06 13:20:03,4,4,0,0,20.976,15.469
2026-07-06 13:25:03,5,5,0,0,21.171,16.322
2026-07-06 13:30:03,4,4,0,0,21.299,15.284
2026-07-06 13:35:03,2,2,0,0,21.414,15.376
2026-07-06 13:40:03,3,3,0,0,21.539,15.201
2026-07-06 13:45:03,3,4,0,0,21.67,15.075
2026-07-06 13:50:03,5,5,0,0,21.881,15.029
2026-07-06 13:55:03,5,5,0,0,22.041,13.516
2026-07-06 14:00:03,6,7,0,0,22.199,14.163
2026-07-06 14:05:03,4,4,0,0,22.298,13.392
2026-07-06 14:10:03,4,4,0,0,22.386,13.394
2026-07-06 14:15:03,3,3,0,0,22.479,12.915
2026-07-06 14:20:03,4,6,0,0,22.565,13.566
2026-07-06 14:25:03,5,5,0,0,22.712,14.184
2026-07-06 14:30:03,8,8,0,0,22.778,14.062
2026-07-06 14:35:03,6,6,0,0,22.765,14.186
2026-07-06 14:40:03,7,8,0,0,22.752,14.012
2026-07-06 14:45:03,5,5,0,0,22.725,13.553
2026-07-06 14:50:05,5,5,0,0,22.77,13.915
2026-07-06 14:55:03,4,4,0,0,22.717,13.652
2026-07-06 15:00:03,5,5,0,0,22.49,13.82
2026-07-06 15:09:08,2,2,0,0,22.244,13.995
2026-07-06 15:14:09,4,5,0,0,22.068,14.006
2026-07-06 15:19:09,6,7,0,0,21.937,13.732
2026-07-06 15:24:08,1,1,0,0,21.881,14.029
2026-07-06 15:29:09,2,3,0,0,21.846,12.82
2026-07-06 15:34:09,4,5,0,0,21.801,12.807
2026-07-06 15:39:09,2,2,0,0,21.822,12.111
2026-07-06 15:44:09,1,1,0,0,21.878,11.18
2026-07-06 15:49:09,0,0,0,0,21.929,11.247
2026-07-06 15:54:08,2,3,0,0,21.905,11.996
2026-07-06 15:59:09,3,3,0,0,21.801,11.998
2026-07-06 16:04:59,2,2,0,0,21.689,11.441
2026-07-06 16:09:09,4,4,0,0,21.529,11.941
2026-07-06 16:14:49,8,9,0,0,21.368,12.639
2026-07-06 16:20:05,5,5,0,0,21.187,13.306
2026-07-06 16:24:09,22,23,0,0,20.978,13.579
2026-07-06 16:29:09,19,19,0,0,20.754,13.78
2026-07-06 16:34:09,25,26,0,0,20.578,13.631
2026-07-06 16:39:09,19,22,0,0,20.367,14.321
2026-07-06 16:44:09,16,17,0,0,20.129,14.466
2026-07-06 16:49:09,14,16,0,0,19.889,14.344
2026-07-06 16:54:09,13,16,0,0,19.659,15.668
2026-07-06 16:59:09,14,17,0,0,19.392,17.951
2026-07-06 17:04:09,14,15,0,0,19.128,18.523
2026-07-06 17:09:09,28,28,0,0,18.799,19.231
2026-07-06 17:14:09,22,23,0,0,18.436,19.666
2026-07-06 17:19:09,13,14,0,0,18.095,20.122
2026-07-06 17:24:09,11,11,0,0,17.79,20.455
2026-07-06 17:29:09,23,24,0,0,17.504,20.642
2026-07-06 17:34:09,50,63,0,0,17.203,21.123
2026-07-06 17:50:39,50,62,0,0,15.99,21.892
2026-07-06 17:55:39,35,43,0,0,15.523,22.38
2026-07-06 18:00:39,33,38,0,0,15.104,22.599
2026-07-06 18:05:39,36,43,0,0,14.69,23.345
2026-07-06 18:10:39,48,61,0,0,14.281,24.911
2026-07-06 18:15:40,56,72,0,0,13.923,25.365
2026-07-06 18:25:39,53,66,0,0,13.192,25.088
2026-07-06 18:30:39,103,106,0,0,12.89,25.586
2026-07-06 18:35:39,138,143,0,0,12.562,25.834
2026-07-06 18:40:39,56,71,0,0,12.233,27.623
2026-07-06 18:45:39,54,68,0,0,11.905,28.041
2026-07-06 18:50:39,52,66,0,0,11.563,28.127
2026-07-06 18:55:39,33,34,0,0,11.25,27.711
2026-07-06 19:00:39,38,47,0,0,10.901,26.984
2026-07-06 19:05:39,65,76,0,0,10.615,27.373
2026-07-06 19:10:39,40,52,0,0,10.383,28.091
2026-07-06 19:15:39,44,52,0,0,10.089,28.333
2026-07-06 19:25:39,54,68,0,0,9.565,30.301
2026-07-06 19:30:39,59,75,0,0,9.296,30.513
2026-07-06 19:35:39,76,86,0,0,9.045,30.912
2026-07-06 19:40:39,53,67,0,0,8.834,30.044
2026-07-06 19:45:39,91,96,0,0,8.65,30.53
2026-07-06 19:50:39,59,71,0,0,8.444,29.874
2026-07-06 19:55:39,67,80,0,0,8.286,30.564
2026-07-06 20:00:39,149,157,0,0,8.158,32.518
2026-07-06 20:05:39,152,159,0,0,7.995,32.821
2026-07-06 20:15:39,193,199,0,0,7.72,31.856
2026-07-06 20:20:39,133,139,0,0,7.579,32.184
2026-07-06 20:25:39,121,128,0,0,7.456,32.76
2026-07-06 20:30:39,102,107,0,0,7.333,31.909
2026-07-06 20:35:39,77,86,0,0,7.264,30.669
2026-07-06 20:40:39,91,96,0,0,7.224,30.917
2026-07-06 20:45:39,83,93,0,0,7.162,30.503
2026-07-06 20:50:40,62,77,0,0,7.103,31.753
2026-07-06 20:55:39,61,77,0,0,6.901,33.214
2026-07-06 21:00:39,77,88,0,0,6.655,33.263
2026-07-06 21:05:40,94,101,0,0,6.407,33.025
2026-07-06 21:10:39,97,99,0,0,6.201,32.712
2026-07-06 21:15:39,98,104,0,0,6.073,33.374
2026-07-06 21:20:40,124,136,0,0,5.961,33.496
2026-07-06 21:25:40,108,116,0,0,5.902,33.618
2026-07-06 21:30:39,165,177,0,0,5.824,33.202
2026-07-06 21:35:40,186,200,0,0,5.8,33.546
2026-07-06 21:40:40,189,204,0,0,5.806,33.635
2026-07-06 21:45:40,171,186,0,0,5.731,33.879
2026-07-06 21:50:39,175,185,0,0,5.683,34.455
2026-07-06 21:55:40,122,127,0,0,5.584,34.028
2026-07-06 22:00:40,140,150,0,0,5.459,34.938
2026-07-06 22:05:39,140,149,0,0,5.41,35.035
2026-07-06 22:10:40,118,124,0,0,5.33,35.428
2026-07-06 22:15:40,91,96,0,0,5.234,34.398
2026-07-06 22:20:40,97,100,0,0,5.157,34.175
2026-07-06 22:25:40,89,98,0,0,5.111,33.294
2026-07-06 22:30:40,88,97,0,0,5.085,32.956
2026-07-06 22:35:40,78,92,0,0,5.063,32.771
2026-07-06 22:40:40,78,90,0,0,5.053,32.745
2026-07-06 22:45:40,71,86,0,0,5.087,32.556
2026-07-06 22:50:40,74,88,0,0,5.117,32.42
2026-07-06 22:55:40,92,97,0,0,5.165,32.489
2026-07-06 23:00:40,84,94,0,0,5.192,33.364
2026-07-06 23:05:40,68,86,0,0,5.218,34.599
2026-07-06 23:10:40,67,82,0,0,5.183,33.933
2026-07-06 23:15:40,66,80,0,0,5.069,32.792
2026-07-06 23:20:40,64,81,0,0,4.989,32.067
2026-07-06 23:25:40,64,78,0,0,4.957,33.757
2026-07-06 23:30:40,64,78,0,0,4.882,34.94
2026-07-06 23:35:40,64,81,0,0,4.831,32.571
2026-07-06 23:40:40,62,77,0,0,4.844,31.501
2026-07-06 23:45:40,98,105,0,0,4.903,32.745
2026-07-06 23:50:40,73,87,0,0,4.908,32.487
2026-07-06 23:55:40,64,82,0,0,4.935,32.069
2026-07-07 00:00:40,66,82,0,0,4.938,31.219
2026-07-07 00:05:40,77,91,0,0,4.93,32.228
2026-07-07 00:10:40,70,85,0,0,4.94,32.396
2026-07-07 00:20:40,74,91,0,0,4.778,32.733
2026-07-07 00:25:40,78,94,0,0,4.7,33.008
2026-07-07 00:30:40,65,80,0,0,4.601,33.536
2026-07-07 00:35:40,59,71,0,0,4.406,33.868
2026-07-07 00:40:40,56,70,0,0,4.203,33.996
2026-07-07 00:45:40,61,77,0,0,4.099,34.444
2026-07-07 00:50:40,61,75,0,0,4.038,34.103
2026-07-07 00:55:40,93,99,0,0,4.003,34.404
2026-07-07 01:00:40,58,71,0,0,3.985,34.335
2026-07-07 01:05:40,51,60,0,0,3.952,33.345
2026-07-07 01:10:40,48,58,0,0,3.987,33.626
2026-07-07 01:15:40,33,35,0,0,4.001,31.953
2026-07-07 01:20:40,33,37,0,0,4.089,30.439
2026-07-07 01:25:40,46,55,0,0,4.278,31.285
2026-07-07 01:30:40,51,61,0,0,4.342,31.158
2026-07-07 01:35:40,56,67,0,0,4.356,30.994
2026-07-07 01:40:40,49,58,0,0,4.358,31.545
2026-07-07 01:45:40,53,64,0,0,4.318,32.159
2026-07-07 01:50:40,42,46,0,0,4.252,32.605
2026-07-07 01:55:40,36,40,0,0,4.113,32.399
2026-07-07 02:00:40,34,35,0,0,3.966,33.097
2026-07-07 02:05:40,23,24,0,0,3.814,32.836
2026-07-07 02:10:41,21,24,0,0,3.731,32.098
2026-07-07 02:15:40,21,23,0,0,3.648,32.407
2026-07-07 02:20:40,25,28,0,0,3.509,32.033
2026-07-07 02:25:41,32,34,0,0,3.469,30.763
2026-07-07 02:30:41,33,35,0,0,3.568,30.402
2026-07-07 02:35:40,35,37,0,0,3.683,30.713
2026-07-07 02:40:40,33,37,0,0,3.707,30.471
2026-07-07 02:45:40,31,32,0,0,3.744,31.03
2026-07-07 02:50:41,32,34,0,0,3.742,31.457
2026-07-07 02:55:41,24,25,0,0,3.717,30.061
2026-07-07 03:00:40,25,28,0,0,3.758,29.952
2026-07-07 03:05:41,26,28,0,0,3.798,30.955
2026-07-07 03:10:41,23,28,0,0,3.814,31.152
2026-07-07 03:15:41,20,23,0,0,3.816,29.052
2026-07-07 03:20:40,14,16,0,0,3.963,28.668
2026-07-07 03:25:41,10,10,0,0,4.158,27.934
2026-07-07 03:30:41,9,9,0,0,4.353,28.028
2026-07-07 03:40:41,15,15,0,0,4.706,29.37
2026-07-07 03:45:41,10,10,0,0,4.652,29.714
2026-07-07 03:50:41,9,10,0,0,4.58,29.025
2026-07-07 03:55:41,8,8,0,0,4.481,29.697
2026-07-07 04:00:41,10,10,0,0,4.436,29.948
2026-07-07 04:05:41,7,8,0,0,4.396,30.307
2026-07-07 04:10:41,6,6,0,0,4.31,30.893
2026-07-07 04:15:41,10,10,0,0,4.254,30.271
2026-07-07 04:20:41,7,9,0,0,4.257,30.343
2026-07-07 04:25:41,8,10,0,0,4.265,31.39
2026-07-07 04:30:41,28,28,0,0,4.257,30.276
2026-07-07 04:35:41,25,25,0,0,4.31,30.45
2026-07-07 04:40:41,24,25,0,0,4.34,30.446
2026-07-07 04:45:41,25,25,0,0,4.342,30.603
2026-07-07 04:50:41,2,2,0,0,4.382,28.642
2026-07-07 04:55:41,5,5,0,0,4.508,28.215
2026-07-07 05:00:41,1,3,0,0,4.519,32.779
2026-07-07 05:05:41,2,2,0,0,4.313,32.737
2026-07-07 05:10:41,5,5,0,0,4.001,31.854
2026-07-07 05:15:41,6,7,0,0,3.806,31.057
2026-07-07 05:20:41,6,7,0,0,3.701,31.314
2026-07-07 05:25:41,3,5,0,0,3.659,32.069
2026-07-07 05:30:41,3,5,0,0,3.571,32.205
2026-07-07 05:35:41,3,3,0,0,3.466,32.205
2026-07-07 05:45:41,3,5,0,0,3.239,33.057
2026-07-07 05:50:41,10,10,0,0,3.135,34.202
2026-07-07 05:55:41,35,35,0,0,2.999,34.419
2026-07-07 06:00:41,22,23,0,0,2.847,34.873
2026-07-07 06:05:41,18,19,0,0,2.705,34.478
2026-07-07 06:10:41,18,18,0,0,2.561,35.991
2026-07-07 06:15:41,6,6,0,0,2.404,36.023
2026-07-07 06:20:41,9,9,0,0,2.262,35.896
2026-07-07 06:25:41,24,25,0,0,2.142,36.178
2026-07-07 06:30:41,5,6,0,0,2.113,32.693
2026-07-07 06:35:41,53,63,0,0,2.209,33.906
2026-07-07 06:40:41,5,7,0,0,2.318,34.078
2026-07-07 06:45:41,9,10,0,0,2.406,33.023
2026-07-07 06:50:41,23,30,0,0,2.585,32.874
2026-07-07 06:55:41,14,18,0,0,2.951,32.109
2026-07-07 07:00:41,7,7,0,0,3.207,30.698
2026-07-07 07:05:41,26,28,0,0,3.504,31.93
2026-07-07 07:15:41,8,8,0,0,4.003,29.489
2026-07-07 07:20:41,28,29,0,0,4.139,32.474
2026-07-07 07:25:41,23,24,0,0,4.166,32.573
2026-07-07 07:30:41,14,15,0,0,4.059,34.259
2026-07-07 07:35:41,8,10,0,0,3.888,33.509
2026-07-07 07:40:41,9,9,0,0,3.763,33.916
2026-07-07 07:45:41,7,7,0,0,3.584,33.7
2026-07-07 07:50:41,20,22,0,0,3.482,31.346
2026-07-07 07:55:41,22,23,0,0,3.44,31.785
2026-07-07 08:00:41,32,35,0,0,3.461,32.676
2026-07-07 08:10:41,16,22,0,0,3.448,31.623
2026-07-07 08:15:41,26,28,0,0,3.456,32.598
2026-07-07 08:20:41,15,19,0,0,3.488,33.248
2026-07-07 08:25:41,18,22,0,0,3.464,32.411
2026-07-07 08:30:42,21,23,0,0,3.482,32.71
2026-07-07 08:35:42,14,16,0,0,3.587,31.142
2026-07-07 08:40:41,28,32,0,0,3.915,31.156
2026-07-07 08:50:42,35,38,0,0,4.641,31.245
2026-07-07 08:55:42,27,27,0,0,5.021,32.195
2026-07-07 09:00:42,17,21,0,0,5.429,32.27
2026-07-07 09:05:42,14,18,0,0,5.864,30.446
2026-07-07 09:10:42,18,19,0,0,6.278,28.087
2026-07-07 09:15:42,23,24,0,0,6.767,28.63
2026-07-07 09:20:42,18,22,0,0,7.258,29.067
2026-07-07 09:25:42,16,17,0,0,7.795,28.781
2026-07-07 09:30:42,21,22,0,0,8.321,27.623
2026-07-07 09:35:42,29,32,0,0,8.836,27.45
2026-07-07 09:40:42,28,30,0,0,9.314,27.15
2026-07-07 09:45:42,25,27,0,0,9.774,26.725
2026-07-07 09:50:42,29,30,0,0,10.23,26.763
2026-07-07 09:55:42,31,35,0,0,10.676,24.732
2026-07-07 10:00:42,31,32,0,0,11.128,23.009
2026-07-07 10:05:42,30,33,0,0,11.6,22.561
2026-07-07 10:12:37,7,8,0,0,12.166,19.71
2026-07-07 10:17:37,3,4,0,0,12.54,16.993
2026-07-07 10:22:37,4,4,0,0,12.938,17.39
2026-07-07 10:27:37,3,3,0,0,13.299,16.601
2026-07-07 10:35:01,5,6,0,0,13.907,15.962
2026-07-07 10:40:01,4,4,0,0,14.303,15.118
2026-07-07 10:45:01,3,3,0,0,14.706,14.89
2026-07-07 10:50:01,0,1,0,0,15.05,13.627
2026-07-07 10:55:01,1,2,0,0,15.427,14.203
2026-07-07 11:00:01,3,3,0,0,15.75,13.055
2026-07-07 11:05:01,1,1,0,0,16.108,13.984
2026-07-07 11:10:01,1,2,0,0,16.404,12.923
2026-07-07 11:15:01,0,0,0,0,16.711,13.038
2026-07-07 11:20:01,0,0,0,0,16.986,13.463
2026-07-07 11:25:01,0,1,0,0,17.272,13.322
2026-07-07 11:30:01,0,0,0,0,17.55,12.589
2026-07-07 11:35:01,0,0,0,0,17.825,12.858
2026-07-07 11:40:01,2,4,0,0,18.073,12.633
2026-07-07 11:45:08,4,7,0,0,18.391,12.532
2026-07-07 11:50:01,22,22,0,0,18.749,12.633
2026-07-07 11:55:01,0,1,0,0,19.077,12.986
2026-07-07 12:00:01,2,2,0,0,19.347,12.95
2026-07-07 12:05:01,3,3,0,0,19.571,12.671
2026-07-07 12:10:01,2,2,0,0,19.809,11.971
2026-07-07 12:15:24,0,0,0,0,19.993,11.546
2026-07-07 12:20:01,7,7,0,0,20.177,12.126
2026-07-07 12:25:01,3,3,0,0,20.372,12.158
2026-07-07 12:30:02,3,3,0,0,20.599,12.112
2026-07-07 12:35:02,3,4,0,0,20.786,11.971
2026-07-07 12:40:02,2,2,0,0,21.016,12.177
2026-07-07 12:45:01,0,0,0,0,21.224,11.632
2026-07-07 12:50:01,0,0,0,0,21.424,11.372
2026-07-07 12:55:01,0,0,0,0,21.609,11.063
2026-07-07 13:00:01,0,0,0,0,21.79,10.583
2026-07-07 13:05:01,0,0,0,0,21.977,11.018
2026-07-07 13:10:01,0,0,0,0,22.153,10.484
2026-07-07 13:15:01,0,0,0,0,22.338,10.657
2026-07-07 13:20:01,1,1,0,0,22.538,11.174
2026-07-07 13:25:01,0,1,0,0,22.752,10.821
2026-07-07 13:30:02,1,1,0,0,22.997,10.012
2026-07-07 13:35:02,0,0,0,0,23.259,10.026
2026-07-07 13:40:02,0,0,0,0,23.539,10.062
2026-07-07 13:45:01,0,1,0,0,23.75,10.287
2026-07-07 13:50:02,0,0,0,0,23.878,10.026
2026-07-07 13:55:01,0,0,0,0,24.001,10.432
2026-07-07 14:00:01,0,0,0,0,24.092,10.415
2026-07-07 14:05:02,0,0,0,0,24.191,10.686
2026-07-07 14:10:01,0,0,0,0,24.263,10.289
2026-07-07 14:15:01,0,1,0,0,24.348,10.464
2026-07-07 14:20:02,0,0,0,0,24.386,10.785
2026-07-07 14:25:01,0,0,0,0,24.359,10.14
2026-07-07 14:30:01,0,0,0,0,24.351,10.293
2026-07-07 14:35:01,0,0,0,0,24.503,10.928
2026-07-07 14:40:02,0,1,0,0,24.594,10.991
2026-07-07 14:45:08,0,0,0,0,24.599,10.541
2026-07-07 14:50:02,0,0,0,0,24.586,10.379
2026-07-07 14:55:01,0,0,0,0,24.599,10.991
2026-07-07 15:00:02,0,0,0,0,24.669,10.266
2026-07-07 15:05:11,0,0,0,0,24.778,10.011
2026-07-07 15:10:02,2,2,0,0,24.765,10.11
2026-07-07 15:15:02,0,0,0,0,24.712,10.089
2026-07-07 15:20:02,0,0,0,0,24.72,10.23
2026-07-07 15:25:02,0,0,0,0,24.701,9.955
2026-07-07 15:30:02,0,0,0,0,24.682,9.648
2026-07-07 15:35:02,0,0,0,0,24.589,9.81
2026-07-07 15:40:02,0,0,0,0,24.503,9.921
2026-07-07 15:45:02,0,0,0,0,24.324,10.491
2026-07-07 15:50:11,0,0,0,0,24.103,10.924
2026-07-07 15:55:02,0,0,0,0,23.932,10.951
2026-07-07 16:00:02,0,0,0,0,23.801,11.22
2026-07-07 16:05:02,0,0,0,0,23.745,11.039
2026-07-07 16:10:02,0,1,0,0,23.766,11.777
2026-07-07 16:15:02,0,0,0,0,23.753,11.788
2026-07-07 16:20:02,4,5,0,0,23.713,11.67
2026-07-07 16:25:11,2,2,0,0,23.625,11.319
2026-07-07 16:30:12,26,29,0,0,23.491,12.122
2026-07-07 16:35:02,14,17,0,0,23.433,12.778
2026-07-07 16:40:02,5,5,0,0,23.318,13.118
2026-07-07 16:45:02,8,8,0,0,23.187,13.154
2026-07-07 16:50:02,14,14,0,0,23.035,13.608
2026-07-07 16:55:02,8,8,0,0,22.826,14.129
2026-07-07 17:00:08,4,5,0,0,22.621,12.961
2026-07-07 17:05:02,5,6,0,0,22.404,12.73
2026-07-07 17:10:02,6,6,0,0,22.172,13.324
2026-07-07 17:15:02,4,5,0,0,21.967,13.657
2026-07-07 17:20:02,7,8,0,0,21.721,13.865
2026-07-07 17:25:02,23,23,0,0,21.451,14.602
2026-07-07 17:30:02,18,19,0,0,21.155,15.181
2026-07-07 17:35:02,47,58,0,0,20.848,15.712
2026-07-07 17:40:03,43,53,0,0,20.551,16.24
2026-07-07 17:45:02,69,76,0,0,20.263,15.769
2026-07-07 17:50:02,51,62,0,0,20.014,15.286
2026-07-07 17:55:02,75,78,0,0,19.814,15.277
2026-07-07 18:00:03,94,100,0,0,19.635,16.747
2026-07-07 18:05:03,42,52,0,0,19.456,16.797
2026-07-07 18:10:02,122,131,0,0,19.296,16.587
2026-07-07 18:15:02,64,74,0,0,19.192,16.694
2026-07-07 18:20:02,44,53,0,0,19.184,15.843
2026-07-07 18:25:03,34,39,0,0,19.208,15.763
2026-07-07 18:30:02,37,44,0,0,19.163,16.038
2026-07-07 18:35:02,55,66,0,0,19.029,16.648
2026-07-07 18:40:03,51,63,0,0,18.818,17.426
2026-07-07 18:45:02,33,37,0,0,18.602,17.047
2026-07-07 18:50:02,35,42,0,0,18.391,17.587
2026-07-07 18:55:09,22,24,0,0,18.185,18.092
2026-07-07 19:00:03,18,19,0,0,17.977,17.89
2026-07-07 19:05:02,16,20,0,0,17.819,18.01
2026-07-07 19:10:03,17,19,0,0,17.649,18.157
2026-07-07 19:15:03,27,28,0,0,17.523,17.844
2026-07-07 19:20:03,35,41,0,0,17.504,17.922
2026-07-07 19:25:03,49,60,0,0,17.416,19.763
2026-07-07 19:30:03,40,49,0,0,17.269,20.41
2026-07-07 19:35:02,40,47,0,0,17.029,20.497
2026-07-07 19:40:03,35,44,0,0,16.781,20.39
2026-07-07 19:45:03,40,47,0,0,16.575,20.776
2026-07-07 19:50:02,26,27,0,0,16.439,19.883
2026-07-07 19:55:03,32,34,0,0,16.42,19.98
2026-07-07 20:00:03,48,61,0,0,16.394,20.341
2026-07-07 20:05:03,36,43,0,0,16.348,21.253
2026-07-07 20:10:03,33,35,0,0,16.191,21.462
2026-07-07 20:15:02,36,41,0,0,16.06,21.064
2026-07-07 20:20:02,87,91,0,0,15.956,20.827
2026-07-07 20:25:02,117,122,0,0,15.881,21.819
2026-07-07 20:30:02,49,61,0,0,15.761,22.342
2026-07-07 20:35:03,37,44,0,0,15.555,22.994
2026-07-07 20:40:09,43,53,0,0,15.371,23.238
2026-07-07 20:45:03,51,63,0,0,15.189,23.639
2026-07-07 20:50:03,43,52,0,0,15.082,22.841
2026-07-07 20:55:02,46,57,0,0,15.005,22.931
2026-07-07 21:00:02,50,63,0,0,14.917,22.904
2026-07-07 21:05:02,57,71,0,0,14.885,22.71
2026-07-07 21:10:02,64,76,0,0,14.853,23.774
2026-07-07 21:15:03,46,58,0,0,14.789,22.96
2026-07-07 21:20:03,51,64,0,0,14.717,23.114
2026-07-07 21:25:02,40,49,0,0,14.677,22.55
2026-07-07 21:30:02,36,40,0,0,14.639,22.51
2026-07-07 21:35:02,46,55,0,0,14.628,22.267
2026-07-07 21:40:03,53,67,0,0,14.575,23.196
2026-07-07 21:45:03,53,66,0,0,14.444,23.543
2026-07-07 21:50:03,35,40,0,0,14.287,22.458
2026-07-07 21:55:03,61,74,0,0,14.116,24.629
2026-07-07 22:00:03,45,53,0,0,13.881,25.403
2026-07-07 22:05:03,40,47,0,0,13.571,25.899
2026-07-07 22:10:03,39,48,0,0,13.264,24.835
2026-07-07 22:15:04,43,53,0,0,13.08,24.665
2026-07-07 22:20:03,41,48,0,0,12.946,24.919
2026-07-07 22:25:03,44,51,0,0,12.829,24.659
2026-07-07 22:30:03,54,68,0,0,12.706,25.252
2026-07-07 22:35:03,55,67,0,0,12.564,26.107
2026-07-07 22:40:03,50,62,0,0,12.332,26.513
2026-07-07 22:45:03,52,64,0,0,12.204,26.673
2026-07-07 22:50:03,42,50,0,0,12.07,26.048
2026-07-07 22:55:03,35,39,0,0,11.878,25.699
2026-07-07 23:00:03,40,49,0,0,11.806,26.256
2026-07-07 23:05:03,40,49,0,0,11.686,26.528
2026-07-07 23:10:11,38,47,0,0,11.574,27.167
2026-07-07 23:15:03,36,44,0,0,11.389,28.459
2026-07-07 23:20:03,42,50,0,0,11.072,28.77
2026-07-07 23:25:03,41,51,0,0,10.81,29.206
2026-07-07 23:30:03,41,50,0,0,10.634,28.674
2026-07-07 23:35:03,48,60,0,0,10.479,28.22
2026-07-07 23:40:03,50,61,0,0,10.369,29.183
2026-07-07 23:45:13,56,70,0,0,10.27,28.401
2026-07-07 23:50:10,63,77,0,0,10.172,28.22
2026-07-07 23:55:03,49,59,0,0,10.097,27.297
2026-07-08 00:00:04,52,64,0,0,10.057,28.422
2026-07-08 00:05:03,52,63,0,0,10.038,28.184
2026-07-08 00:10:03,46,55,0,0,10.014,28.152
2026-07-08 00:15:04,33,35,0,0,10.006,27.221
2026-07-08 00:20:03,28,32,0,0,9.969,26.687
2026-07-08 00:25:03,37,42,0,0,9.95,26.702
2026-07-08 00:30:03,40,44,0,0,9.953,27.381
2026-07-08 00:35:04,41,48,0,0,9.939,27.576
2026-07-08 00:40:03,34,38,0,0,9.883,26.937
2026-07-08 00:45:03,33,34,0,0,9.883,27.568
2026-07-08 00:50:03,45,53,0,0,9.822,28.693
2026-07-08 00:55:03,36,41,0,0,9.718,29.752
2026-07-08 01:00:03,33,37,0,0,9.603,29.143
2026-07-08 01:05:10,34,34,0,0,9.531,27.864
2026-07-08 01:10:03,29,32,0,0,9.525,27.803
2026-07-08 01:15:03,33,34,0,0,9.485,28.785
2026-07-08 01:20:04,34,38,0,0,9.461,27.888
2026-07-08 01:25:03,36,39,0,0,9.477,28.144
2026-07-08 01:30:03,36,42,0,0,9.565,28.083
2026-07-08 01:35:03,34,41,0,0,9.632,27.101
2026-07-08 01:40:10,45,54,0,0,9.731,27.915
2026-07-08 01:45:04,40,44,0,0,9.843,28.144
2026-07-08 01:50:04,41,45,0,0,9.907,28.558
2026-07-08 01:55:03,34,38,0,0,9.947,29.103
2026-07-08 02:00:03,34,35,0,0,9.886,28.274
2026-07-08 02:05:03,26,29,0,0,9.907,27.106
2026-07-08 02:10:03,45,54,0,0,9.971,25.876
2026-07-08 02:15:03,20,21,0,0,10.078,25.697
2026-07-08 02:20:03,19,20,0,0,10.108,26.807
2026-07-08 02:25:03,19,21,0,0,10.051,25.987
2026-07-08 02:30:03,14,19,0,0,10.014,26.53
2026-07-08 02:35:04,13,13,0,0,9.929,26.822
2026-07-08 02:40:04,15,20,0,0,9.763,27.591
2026-07-08 02:45:04,18,22,0,0,9.563,29.073
2026-07-08 02:50:04,13,16,0,0,9.298,28.56
2026-07-08 02:55:03,21,21,0,0,9.096,28.489
2026-07-08 03:00:03,22,25,0,0,9.021,28.031
2026-07-08 03:05:03,21,22,0,0,9.069,27.389
2026-07-08 03:10:03,18,20,0,0,9.194,26.958
2026-07-08 03:15:03,16,21,0,0,9.352,26.006
2026-07-08 03:20:04,18,22,0,0,9.582,25.617
2026-07-08 03:25:04,13,14,0,0,9.731,24.747
2026-07-08 03:30:03,20,21,0,0,9.918,25.704
2026-07-08 03:35:04,22,25,0,0,10.011,25.399
2026-07-08 03:40:04,20,20,0,0,10.105,26.143
2026-07-08 03:45:04,20,21,0,0,10.164,26.259
2026-07-08 03:50:11,32,35,0,0,10.121,26.362
2026-07-08 03:55:04,16,16,0,0,10.105,26.071
2026-07-08 04:00:04,12,14,0,0,10.078,27.387
2026-07-08 04:05:04,9,9,0,0,10.041,27.671
2026-07-08 04:10:04,10,12,0,0,9.987,27.469
2026-07-08 04:15:04,10,10,0,0,9.942,27.711
2026-07-08 04:20:04,10,13,0,0,9.918,28.318
2026-07-08 04:25:04,36,39,0,0,9.843,29.004
2026-07-08 04:30:04,30,31,0,0,9.827,28.466
2026-07-08 04:35:04,22,25,0,0,9.843,29
2026-07-08 04:40:04,20,21,0,0,9.808,29.075
2026-07-08 04:45:04,13,14,0,0,9.755,29.34
2026-07-08 04:50:04,10,12,0,0,9.64,29.792
2026-07-08 04:55:04,12,13,0,0,9.6,28.564
2026-07-08 05:00:04,9,9,0,0,9.587,27.709
2026-07-08 05:05:04,9,12,0,0,9.598,27.581
2026-07-08 05:10:04,9,9,0,0,9.68,27.961
2026-07-08 05:15:04,7,9,0,0,9.704,26.479
2026-07-08 05:20:04,9,10,0,0,9.792,25.706
2026-07-08 05:25:04,6,6,0,0,9.907,26.126
2026-07-08 05:30:04,6,9,0,0,10.003,27.65
2026-07-08 05:35:04,9,9,0,0,10.043,26.576
2026-07-08 05:40:04,7,9,0,0,10.078,27.94
2026-07-08 05:45:04,9,9,0,0,10.049,27.27
2026-07-08 05:50:04,6,6,0,0,10.03,27.875
2026-07-08 05:55:04,6,8,0,0,10.03,27.206
2026-07-08 06:00:04,8,8,0,0,10.118,27.196
2026-07-08 06:05:04,9,9,0,0,10.153,27.982
2026-07-08 06:10:04,7,7,0,0,10.169,28.197
2026-07-08 06:15:04,6,7,0,0,10.126,29.168
2026-07-08 06:20:04,8,8,0,0,10.097,28.127
2026-07-08 06:25:04,7,7,0,0,10.057,29.494
2026-07-08 06:30:04,8,8,0,0,9.998,29.683
2026-07-08 06:35:04,9,10,0,0,9.907,29.712
2026-07-08 06:40:04,12,13,0,0,9.817,29.7
2026-07-08 06:45:06,10,12,0,0,9.758,29.075
2026-07-08 06:50:04,9,10,0,0,9.747,28.781
2026-07-08 06:55:04,10,10,0,0,9.739,29.037
2026-07-08 07:00:04,9,10,0,0,9.718,29.744
2026-07-08 07:05:04,8,8,0,0,9.694,29.851
2026-07-08 07:10:04,9,12,0,0,9.654,30.091
2026-07-08 07:15:04,10,12,0,0,9.619,29.117
2026-07-08 07:20:04,10,12,0,0,9.643,29.04
2026-07-08 07:25:04,8,9,0,0,9.675,28.913
2026-07-08 07:30:05,5,5,0,0,9.742,28.823
2026-07-08 07:35:04,26,26,0,0,9.755,30.357
2026-07-08 07:40:04,13,18,0,0,9.726,31.022
2026-07-08 07:45:14,8,9,0,0,9.68,30.898
2026-07-08 07:50:04,17,19,0,0,9.611,30.408
2026-07-08 07:55:04,23,23,0,0,9.576,30.099
2026-07-08 08:00:04,20,20,0,0,9.547,30.694
2026-07-08 08:05:04,21,25,0,0,9.555,30.982
2026-07-08 08:10:04,19,21,0,0,9.565,31.194
2026-07-08 08:15:05,13,13,0,0,9.509,32.22
2026-07-08 08:20:04,12,12,0,0,9.453,32.514
2026-07-08 08:25:04,25,25,0,0,9.429,31.894
2026-07-08 08:30:05,14,16,0,0,9.469,31.491
2026-07-08 08:35:05,33,35,0,0,9.501,31.968
2026-07-08 08:40:04,50,61,0,0,9.584,31.84
2026-07-08 08:45:04,37,44,0,0,9.651,32.38
2026-07-08 08:50:05,19,21,0,0,9.728,33.767
2026-07-08 08:55:04,20,26,0,0,9.8,33.141
2026-07-08 09:00:05,21,25,0,0,9.918,32.138
2026-07-08 09:05:05,25,27,0,0,10.086,31.728
2026-07-08 09:10:04,32,35,0,0,10.297,30.33
2026-07-08 09:15:04,56,70,0,0,10.551,29.13
2026-07-08 09:20:04,46,55,0,0,10.901,28.859
2026-07-08 09:25:04,36,43,0,0,11.299,28.503
2026-07-08 09:30:13,26,27,0,0,11.68,27.44
2026-07-08 09:35:05,21,22,0,0,12.049,25.846
2026-07-08 09:40:05,51,62,0,0,12.407,25.968
2026-07-08 09:45:05,47,57,0,0,12.722,25.325
2026-07-08 09:50:05,38,44,0,0,12.981,24.709
2026-07-08 09:55:05,23,24,0,0,13.251,24.903
2026-07-08 10:00:05,15,18,0,0,13.544,25.46
2026-07-08 10:05:05,16,19,0,0,13.817,25.72
2026-07-08 10:10:05,20,23,0,0,14.036,25.937
2026-07-08 10:15:06,24,24,0,0,14.231,25.134
2026-07-08 10:20:04,34,39,0,0,14.401,26.589
2026-07-08 10:25:05,33,37,0,0,14.49,25.559
2026-07-08 10:30:04,31,34,0,0,14.564,25.281
2026-07-08 10:35:05,31,34,0,0,14.66,25.458
2026-07-08 10:40:05,29,31,0,0,14.741,25.79
2026-07-08 10:45:04,28,32,0,0,14.807,25.928
2026-07-08 10:50:05,36,42,0,0,14.831,25.92
2026-07-08 10:55:05,30,36,0,0,14.906,26.103
2026-07-08 11:00:11,34,40,0,0,14.965,26.151
2026-07-08 11:05:04,40,49,0,0,15.08,26.416
2026-07-08 11:10:05,44,56,0,0,15.146,27.412
2026-07-08 11:15:04,45,56,0,0,15.195,27.473
2026-07-08 11:20:04,51,64,0,0,15.219,27.568
2026-07-08 11:25:04,41,48,0,0,15.264,26.046
2026-07-08 11:30:05,32,36,0,0,15.336,25.706
2026-07-08 11:35:06,26,28,0,0,15.43,23.381
2026-07-08 11:40:05,25,28,0,0,15.563,22.95
2026-07-08 11:45:05,24,24,0,0,15.734,21.934
2026-07-08 11:50:05,33,37,0,0,15.945,22.799
2026-07-08 11:55:05,33,37,0,0,16.172,22.435
2026-07-08 12:00:05,27,28,0,0,16.359,23.406
2026-07-08 12:05:05,43,53,0,0,16.562,23.683
2026-07-08 12:10:05,33,37,0,0,16.807,23.088
2026-07-08 12:15:05,31,35,0,0,17.125,21.022
2026-07-08 12:20:13,25,25,0,0,17.502,21.09
2026-07-08 12:25:05,23,25,0,0,17.908,20.936
2026-07-08 12:30:05,26,29,0,0,18.3,21.014
2026-07-08 12:35:05,23,25,0,0,18.655,20.516
2026-07-08 12:40:12,21,22,0,0,18.981,19.868
2026-07-08 12:45:05,22,23,0,0,19.272,19.107
2026-07-08 12:50:05,19,19,0,0,19.627,18.226
2026-07-08 12:55:06,20,20,0,0,19.937,18.178
2026-07-08 13:00:06,15,17,0,0,20.241,17.495
2026-07-08 13:05:05,16,19,0,0,20.439,17.735
2026-07-08 13:10:06,18,18,0,0,20.682,17.497
2026-07-08 13:15:05,16,19,0,0,20.978,17.182
2026-07-08 13:20:05,18,22,0,0,21.283,17.787
2026-07-08 13:25:05,19,20,0,0,21.539,16.614
2026-07-08 13:30:05,19,22,0,0,21.732,16.91
2026-07-08 13:35:05,18,18,0,0,21.82,17.323
2026-07-08 13:40:05,18,20,0,0,21.801,16.515
2026-07-08 13:45:05,15,18,0,0,21.742,17.175
2026-07-08 13:50:05,14,17,0,0,21.646,16.644
2026-07-08 13:55:05,13,14,0,0,21.545,16.86
2026-07-08 14:00:06,12,16,0,0,21.467,16.238
2026-07-08 14:05:15,14,15,0,0,21.427,15.965
2026-07-08 14:10:05,14,15,0,0,21.376,16.236
2026-07-08 14:15:06,9,11,0,0,21.315,16.429
2026-07-08 14:20:05,14,14,0,0,21.259,16.593
2026-07-08 14:25:05,12,12,0,0,21.248,16.065
2026-07-08 14:30:05,11,13,0,0,21.224,16.539
2026-07-08 14:35:06,11,11,0,0,21.275,15.731
2026-07-09 08:07:57,41,44,0,0,9.106,38.171
2026-07-09 08:12:57,40,45,0,0,9.197,38.593
2026-07-09 08:17:57,40,44,0,0,9.376,37.881
2026-07-09 08:22:58,43,51,0,0,9.555,37.751
2026-07-09 08:27:57,53,65,0,0,9.718,37.067
2026-07-09 08:32:57,44,55,0,0,9.897,36.813
2026-07-09 08:37:57,39,45,0,0,10.041,36.777
2026-07-09 08:42:57,38,45,0,0,10.246,36.468
2026-07-09 08:47:57,34,39,0,0,10.415,36.502
2026-07-09 08:52:57,27,30,0,0,10.642,35.096
2026-07-09 08:57:57,22,22,0,0,10.842,34.496
2026-07-09 09:02:57,40,48,0,0,11.061,34.167
2026-07-09 09:07:57,38,44,0,0,11.288,34.961
2026-07-09 09:12:57,36,40,0,0,11.55,36.287
2026-07-09 09:17:57,35,39,0,0,11.742,36.615
2026-07-09 09:22:57,30,31,0,0,11.953,36.088
2026-07-09 09:27:57,28,30,0,0,12.142,36.472
2026-07-09 09:32:57,30,33,0,0,12.369,35.707
2026-07-09 09:37:57,96,103,0,0,12.591,36.178
2026-07-09 09:42:57,182,198,0,0,12.762,36.227
2026-07-09 09:47:57,193,206,0,0,12.919,35.722
2026-07-09 09:52:57,228,244,0,0,13.048,35.146
2026-07-09 09:57:57,56,72,0,0,13.235,33.321
2026-07-09 10:03:52,43,51,0,0,13.453,32.087
2026-07-09 10:08:52,40,48,0,0,13.731,30.641
2026-07-09 10:13:52,35,40,0,0,14.017,29.323
2026-07-09 10:18:52,29,29,0,0,14.372,27.766
2026-07-09 10:23:52,27,28,0,0,14.749,27.129
2026-07-09 10:28:52,28,30,0,0,15.163,26.666
2026-07-09 10:33:52,27,30,0,0,15.59,25.332
2026-07-09 10:38:52,26,28,0,0,16.062,24.293
2026-07-09 10:43:52,22,24,0,0,16.556,23.17
2026-07-09 10:48:52,19,19,0,0,17.013,22.416
2026-07-09 10:53:52,16,19,0,0,17.518,21.287
2026-07-09 10:58:52,17,19,0,0,17.966,20.9
2026-07-09 11:03:52,12,12,0,0,18.412,20.045
2026-07-09 11:08:52,24,27,0,0,18.81,21.962
2026-07-09 11:13:52,22,23,0,0,19.133,21.008
2026-07-09 11:18:52,15,18,0,0,19.307,20.081
2026-07-09 11:23:52,11,12,0,0,19.456,19.771
2026-07-09 11:28:52,14,17,0,0,19.582,19.513
2026-07-09 11:33:52,29,30,0,0,19.691,19.91
2026-07-09 11:38:53,31,34,0,0,19.79,20.436
2026-07-09 11:44:00,30,33,0,0,19.873,20.638
2026-07-09 11:48:52,26,27,0,0,20.012,20.154
2026-07-09 11:53:52,19,22,0,0,20.1,20.404
2026-07-09 11:58:52,34,44,0,0,20.177,20.247
2026-07-09 12:03:52,33,42,0,0,20.193,19.093
2026-07-09 12:08:52,21,23,0,0,20.196,19.471
2026-07-09 12:13:52,33,40,0,0,20.193,20.469
2026-07-09 12:18:52,19,21,0,0,20.185,21.506
2026-07-09 12:23:52,20,20,0,0,20.145,19.904
2026-07-09 12:29:01,25,25,0,0,20.065,20.934
2026-07-09 12:33:53,23,25,0,0,19.972,20.53
2026-07-09 12:38:53,27,27,0,0,19.846,21.249
2026-07-09 12:43:53,25,26,0,0,19.707,21.34
2026-07-09 12:48:53,28,30,0,0,19.598,21.632
2026-07-09 12:53:53,28,29,0,0,19.504,21.783
2026-07-09 12:58:53,32,39,0,0,19.432,21.577
2026-07-09 13:03:53,32,35,0,0,19.339,21.312
2026-07-09 13:08:53,43,55,0,0,19.253,21.443
2026-07-09 13:13:53,51,68,0,0,19.181,21.287
2026-07-09 13:18:53,32,39,0,0,19.125,20.247
2026-07-09 13:23:53,36,45,0,0,19.107,20.831
2026-07-09 13:28:53,39,48,0,0,19.104,21.066
2026-07-09 13:33:53,29,34,0,0,19.157,20.358
2026-07-09 13:39:02,29,30,0,0,19.181,19.935
2026-07-09 13:43:53,27,32,0,0,19.205,19.446
2026-07-09 13:48:53,27,29,0,0,19.227,19.61
2026-07-09 13:54:00,25,27,0,0,19.31,19.254
2026-07-09 13:58:53,29,29,0,0,19.368,19.904
2026-07-09 14:03:53,25,26,0,0,19.478,19.91
2026-07-09 14:08:53,27,28,0,0,19.561,19.067
2026-07-09 14:13:53,28,29,0,0,19.675,22.042
2026-07-09 14:18:53,23,26,0,0,19.721,18.697
2026-07-09 14:23:53,25,25,0,0,19.726,19.608
2026-07-09 14:28:53,20,20,0,0,19.691,19.864
2026-07-09 14:33:53,25,26,0,0,19.609,20.715
2026-07-09 14:38:53,22,23,0,0,19.504,20.255
2026-07-09 14:43:53,23,23,0,0,19.416,20.743
2026-07-09 14:48:53,22,23,0,0,19.272,21.234
2026-07-09 14:53:53,21,22,0,0,19.125,21.789
2026-07-09 14:58:53,19,21,0,0,18.984,23.059
2026-07-09 15:03:53,19,19,0,0,18.869,23.433
2026-07-09 15:08:55,37,45,0,0,18.781,21.703
2026-07-09 15:13:53,49,61,0,0,18.762,23.982
2026-07-09 15:18:53,57,67,0,0,18.81,23.004
2026-07-09 15:23:53,37,44,0,0,18.866,21.674
2026-07-09 15:28:53,39,47,0,0,18.965,21.359
2026-07-09 15:33:53,39,48,0,0,19.064,20.795
2026-07-09 15:38:53,38,46,0,0,19.2,20.669
2026-07-09 15:43:53,38,43,0,0,19.328,19.916
2026-07-09 15:48:53,38,48,0,0,19.47,20.062
2026-07-09 15:53:53,74,79,0,0,19.617,20.965
2026-07-09 15:58:53,73,80,0,0,19.683,20.743
2026-07-09 16:03:59,50,62,0,0,19.702,20.314
2026-07-09 16:09:16,52,65,0,0,19.654,20.73
2026-07-09 16:13:54,35,42,0,0,19.622,20.888
2026-07-09 16:18:54,30,34,0,0,19.609,21.258
2026-07-09 16:23:53,28,28,0,0,19.582,21.644
2026-07-09 16:28:53,28,32,0,0,19.499,21.426
2026-07-09 16:33:53,30,33,0,0,19.454,21.331
2026-07-09 16:38:53,42,51,0,0,19.328,21.815
2026-07-09 16:43:53,35,42,0,0,19.181,21.699
2026-07-09 16:48:53,33,39,0,0,19.059,22.197
2026-07-09 16:53:53,33,37,0,0,18.944,22.227
2026-07-09 16:58:53,33,37,0,0,18.84,23.015
2026-07-09 17:03:53,41,50,0,0,18.693,24.089
2026-07-09 17:08:53,36,41,0,0,18.53,24.018
2026-07-09 17:13:53,94,102,0,0,18.322,24.438
2026-07-09 17:18:53,46,56,0,0,18.127,24.453
2026-07-09 17:23:53,52,66,0,0,17.921,24.493
2026-07-09 17:28:53,52,65,0,0,17.731,25.422
2026-07-09 17:33:53,51,63,0,0,17.504,25.397
2026-07-09 17:38:53,50,63,0,0,17.328,26.061
2026-07-09 17:43:53,47,61,0,0,17.128,26.265
2026-07-09 17:48:53,46,57,0,0,16.965,26.271
2026-07-09 17:53:53,40,47,0,0,16.759,25.918
2026-07-09 17:58:53,44,53,0,0,16.612,26.837
2026-07-09 18:03:54,43,52,0,0,16.458,27.276
2026-07-09 18:08:53,39,46,0,0,16.316,26.473
2026-07-09 18:13:53,41,49,0,0,16.207,26.843
2026-07-09 18:18:53,79,82,0,0,16.065,27.135
2026-07-09 18:23:53,56,69,0,0,15.977,27.021
2026-07-09 18:28:53,51,64,0,0,15.865,27.524
2026-07-09 18:33:53,52,64,0,0,15.793,27.932
2026-07-09 18:38:53,51,63,0,0,15.689,27.713
2026-07-09 18:43:53,49,62,0,0,15.584,27.928
2026-07-09 18:48:53,49,61,0,0,15.464,28.283
2026-07-09 20:17:11,88,92,0,0,13.202,34.021
2026-07-09 20:22:04,109,117,0,0,13.213,33.897
2026-07-09 20:27:04,84,86,0,0,13.202,34.305
2026-07-09 20:32:11,102,105,0,0,13.261,34.812
2026-07-09 20:37:04,95,98,0,0,13.272,34.583
2026-07-09 20:42:04,76,83,0,0,13.309,34.084
2026-07-09 20:47:04,93,96,0,0,13.365,33.611
2026-07-09 20:52:04,91,94,0,0,13.416,33.361
2026-07-09 20:57:04,73,81,0,0,13.451,33.267
2026-07-09 21:02:04,103,106,0,0,13.48,32.981
2026-07-09 21:07:04,78,84,0,0,13.523,33.366
2026-07-09 21:12:04,71,79,0,0,13.542,33.591
2026-07-09 21:17:04,81,84,0,0,13.534,33.902
2026-07-09 21:22:04,62,74,0,0,13.483,35.337
2026-07-09 21:27:12,72,81,0,0,13.416,34.564
2026-07-09 21:32:05,76,83,0,0,13.336,34.131
2026-07-09 21:37:05,74,83,0,0,13.317,35.136
2026-07-09 21:42:04,91,95,0,0,13.293,35.1
2026-07-09 21:47:04,117,125,0,0,13.267,35.154
2026-07-09 21:52:04,109,118,0,0,13.285,35.606
2026-07-09 21:57:05,100,105,0,0,13.24,34.902
2026-07-09 22:02:04,91,93,0,0,13.221,35.058
2026-07-09 22:07:05,73,82,0,0,13.245,33.408
2026-07-09 22:12:05,103,109,0,0,13.277,35.083
2026-07-09 22:17:05,87,94,0,0,13.312,35.096
2026-07-09 22:22:05,92,96,0,0,13.304,34.955
2026-07-09 22:27:05,86,95,0,0,13.307,35.167
2026-07-09 22:32:05,86,92,0,0,13.267,35.56
2026-07-09 22:37:04,87,89,0,0,13.202,37.107
2026-07-09 22:42:04,83,86,0,0,13.109,36.729
2026-07-09 22:47:05,86,90,0,0,13.048,36.416
2026-07-09 22:52:04,87,94,0,0,13.018,35.789
2026-07-09 22:57:05,90,95,0,0,13,36.138
2026-07-09 23:02:05,92,95,0,0,12.973,35.6
2026-07-09 23:07:05,81,86,0,0,12.954,35.302
2026-07-09 23:12:05,84,88,0,0,12.935,34.978
2026-07-09 23:17:05,84,90,0,0,12.976,34.955
2026-07-09 23:22:12,79,83,0,0,13,35.234
2026-07-09 23:27:05,72,81,0,0,13.026,35.81
2026-07-09 23:32:05,73,82,0,0,12.976,35.567
2026-07-09 23:37:04,73,80,0,0,12.984,34.801
2026-07-09 23:42:05,69,80,0,0,13.016,34.717
2026-07-09 23:47:05,64,77,0,0,13.029,33.307
2026-07-09 23:52:05,56,69,0,0,13.085,32.144
2026-07-09 23:57:05,72,81,0,0,13.189,34.183
2026-07-10 00:02:04,109,116,0,0,13.24,34.995
2026-07-10 00:07:04,126,133,0,0,13.261,34.547
2026-07-10 00:12:04,76,83,0,0,13.237,34.753
2026-07-10 00:17:04,65,77,0,0,13.208,33.948
2026-07-10 00:22:05,71,81,0,0,13.2,35.262
2026-07-10 00:27:05,78,84,0,0,13.165,35.67
2026-07-10 00:32:05,76,82,0,0,13.112,35.585
2026-07-10 00:37:05,64,76,0,0,13.045,35.209
2026-07-10 00:42:05,55,69,0,0,13.026,34.196
2026-07-10 00:47:05,53,67,0,0,13.018,33.914
2026-07-10 00:52:05,56,69,0,0,13.037,34.6
2026-07-10 00:57:05,54,68,0,0,13.005,34.608
2026-07-10 01:02:05,53,66,0,0,13.018,34.969
2026-07-10 01:07:05,54,68,0,0,13,35.712
2026-07-10 01:12:04,56,70,0,0,12.992,35.655
2026-07-10 01:17:05,54,66,0,0,12.957,35.382
2026-07-10 01:22:05,55,69,0,0,12.938,34.734
2026-07-10 01:27:05,46,56,0,0,12.938,34.223
2026-07-10 01:32:05,50,61,0,0,12.925,34.362
2026-07-10 01:37:05,40,48,0,0,12.949,34.454
2026-07-10 01:42:05,31,33,0,0,12.941,33.046
2026-07-10 01:47:05,34,38,0,0,12.965,33.696
2026-07-10 01:52:05,45,52,0,0,12.986,35.787
2026-07-10 01:57:05,53,66,0,0,12.935,36.828
2026-07-10 02:02:05,49,61,0,0,12.813,37.294
2026-07-10 02:07:12,52,66,0,0,12.727,37.738
2026-07-10 02:12:05,49,57,0,0,12.628,36.54
2026-07-10 02:17:05,47,56,0,0,12.588,36.178
2026-07-10 02:22:05,47,58,0,0,12.551,36.491
2026-07-10 02:27:05,47,54,0,0,12.554,35.035
2026-07-10 02:32:05,44,54,0,0,12.562,35.049
2026-07-10 02:37:14,43,52,0,0,12.602,35.129
2026-07-10 02:42:05,44,53,0,0,12.612,35.365
2026-07-10 02:47:05,42,50,0,0,12.626,36.174
2026-07-10 02:52:05,41,50,0,0,12.612,35.939
2026-07-10 02:57:05,35,38,0,0,12.594,35.36
2026-07-10 03:02:05,28,29,0,0,12.602,35.096
2026-07-10 03:07:05,29,31,0,0,12.618,34.77
2026-07-10 03:12:05,27,29,0,0,12.647,34.791
2026-07-10 03:17:14,28,30,0,0,12.687,34.692
2026-07-10 03:22:05,26,27,0,0,12.671,35.96
2026-07-10 03:27:05,29,30,0,0,12.658,36.536
2026-07-10 03:32:05,28,29,0,0,12.575,36.536
2026-07-10 03:37:05,28,29,0,0,12.498,36.351
2026-07-10 03:42:05,29,31,0,0,12.441,36.773
2026-07-10 03:47:05,29,30,0,0,12.404,39.497
2026-07-10 03:52:05,30,30,0,0,12.311,40.145
2026-07-10 03:57:05,36,39,0,0,12.174,38.768
2026-07-10 04:02:06,40,47,0,0,12.118,38.682
2026-07-10 04:07:05,40,49,0,0,12.068,37.694
2026-07-10 04:12:06,40,49,0,0,12.057,37.494
2026-07-10 04:17:05,43,49,0,0,12.06,37.559
2026-07-10 04:22:05,41,49,0,0,12.084,37.109
2026-07-10 04:27:05,38,45,0,0,12.092,36.536
2026-07-10 04:32:06,39,46,0,0,12.158,36.933
2026-07-10 04:37:05,36,41,0,0,12.164,36.996
2026-07-10 04:42:05,35,36,0,0,12.214,36.168
2026-07-10 04:47:05,35,39,0,0,12.281,35.396
2026-07-10 04:52:15,30,34,0,0,12.337,35.251
2026-07-10 04:57:05,29,30,0,0,12.444,34.396
2026-07-10 05:02:06,29,30,0,0,12.498,34.768
2026-07-10 05:07:05,29,31,0,0,12.543,36.571
2026-07-10 05:12:13,24,27,0,0,12.546,35.646
2026-07-10 05:17:05,19,22,0,0,12.54,35.495
2026-07-10 05:22:05,15,18,0,0,12.551,34.597
2026-07-10 05:27:05,19,24,0,0,12.634,35.272
2026-07-10 05:32:05,20,21,0,0,12.647,35.579
2026-07-10 05:37:05,24,24,0,0,12.639,35.159
2026-07-10 05:42:05,43,51,0,0,12.642,35.711
2026-07-10 05:47:06,41,48,0,0,12.639,35.093
2026-07-10 05:52:05,35,40,0,0,12.615,35.827
2026-07-10 05:57:05,26,26,0,0,12.588,36.723
2026-07-10 06:02:05,25,26,0,0,12.492,37.919
2026-07-10 06:07:05,27,28,0,0,12.401,38.255
2026-07-10 06:12:05,29,30,0,0,12.324,38.097
2026-07-10 06:17:06,31,31,0,0,12.244,37.187
2026-07-10 06:22:05,32,32,0,0,12.193,36.763
2026-07-10 06:27:05,35,37,0,0,12.156,36.086
2026-07-10 06:32:05,32,37,0,0,12.204,35.911
2026-07-10 06:37:05,30,32,0,0,12.23,35.939
2026-07-10 06:42:06,29,29,0,0,12.295,35.321
2026-07-10 06:47:05,35,37,0,0,12.324,36.172
2026-07-10 06:52:06,31,33,0,0,12.337,35.487
2026-07-10 06:57:06,31,33,0,0,12.34,36.33
2026-07-10 07:02:06,28,29,0,0,12.321,36.479
2026-07-10 07:07:05,28,29,0,0,12.3,36.742
2026-07-10 07:12:05,17,20,0,0,12.281,36.063
2026-07-10 07:17:06,15,18,0,0,12.305,36.226
2026-07-10 07:22:05,15,19,0,0,12.329,36.346
2026-07-10 07:27:05,8,8,0,0,12.359,36.027
2026-07-10 07:32:06,22,22,0,0,12.385,36.966
2026-07-10 07:37:06,34,37,0,0,12.399,36.922
2026-07-10 07:42:05,21,21,0,0,12.412,38.684
2026-07-10 07:47:06,23,25,0,0,12.335,38.793
2026-07-10 07:52:06,18,20,0,0,12.273,39.087
2026-07-10 07:57:06,31,31,0,0,12.225,38.541
2026-07-10 08:02:06,26,28,0,0,12.174,38.793
2026-07-10 08:07:06,42,49,0,0,12.124,38.82
2026-07-10 08:12:13,32,33,0,0,12.094,38.322
2026-07-10 08:17:06,33,36,0,0,12.068,37.688
2026-07-10 08:22:06,30,32,0,0,12.07,38.125
2026-07-10 08:27:06,28,32,0,0,12.094,38.486
2026-07-10 08:32:05,35,36,0,0,12.081,38.133
2026-07-10 08:37:06,25,25,0,0,12.113,38.425
2026-07-10 08:42:06,44,50,0,0,12.142,38.434
2026-07-10 08:47:06,36,39,0,0,12.188,38.457
2026-07-10 08:52:06,21,25,0,0,12.185,37.427
2026-07-10 08:57:06,19,20,0,0,12.247,37.83
2026-07-10 09:02:06,15,17,0,0,12.295,37.94
2026-07-10 09:07:06,15,16,0,0,12.364,37.481
2026-07-10 09:12:25,24,25,0,0,12.444,37.587
2026-07-10 09:17:06,43,51,0,0,12.562,38.028
2026-07-10 09:22:06,26,28,0,0,12.594,37.57
2026-07-10 09:27:14,37,40,0,0,12.674,37.782
2026-07-10 09:32:06,35,37,0,0,12.735,37.349
2026-07-10 09:37:06,26,27,0,0,12.813,39.321
2026-07-10 09:42:06,28,31,0,0,12.863,39.588
2026-07-10 09:47:06,34,38,0,0,12.893,38.623
2026-07-10 09:52:06,49,61,0,0,12.898,37.963
2026-07-10 09:57:06,50,61,0,0,12.887,37.702
2026-07-10 10:02:06,45,56,0,0,12.951,36.977
2026-07-10 10:07:12,43,50,0,0,13.002,36.519
2026-07-10 10:12:06,44,52,0,0,13.066,37.517
2026-07-10 10:17:06,48,60,0,0,13.149,37.473
2026-07-10 10:22:06,46,56,0,0,13.189,37.99
2026-07-10 10:27:06,45,55,0,0,13.202,38.114
2026-07-10 10:32:06,49,61,0,0,13.227,37.669
2026-07-10 10:37:06,57,72,0,0,13.227,38.509
2026-07-10 10:42:06,44,52,0,0,13.304,37.816
2026-07-10 10:47:06,46,55,0,0,13.419,38.047
2026-07-10 10:52:06,37,42,0,0,13.544,39.541
2026-07-10 10:57:06,38,44,0,0,13.713,39.43
2026-07-10 11:02:06,37,42,0,0,13.862,40.448
2026-07-10 11:07:06,38,44,0,0,13.988,39.209
2026-07-10 11:12:06,34,36,0,0,14.108,40.443
2026-07-10 11:17:06,25,27,0,0,14.228,41.168
2026-07-10 11:22:06,31,35,0,0,14.428,43.155
2026-07-10 11:27:06,23,24,0,0,14.578,42.051
2026-07-10 11:32:06,21,24,0,0,14.757,42.03
2026-07-10 11:37:07,29,31,0,0,14.925,45.743
2026-07-10 11:42:06,33,36,0,0,15.018,41.829
2026-07-10 11:47:06,36,42,0,0,15.058,39.335
2026-07-10 11:52:06,25,25,0,0,15.042,39.045
2026-07-10 11:57:06,7,9,0,0,15.13,47.206
2026-07-10 12:02:06,4,5,0,0,15.443,48.629
2026-07-10 12:07:14,4,4,0,0,15.745,48.871
2026-07-10 12:12:06,0,0,0,0,16.006,51.469
2026-07-10 12:17:16,0,0,0,0,16.233,48.25
2026-07-10 12:22:06,0,0,0,0,16.369,49.856
2026-07-10 12:27:06,0,1,0,0,16.514,52.474
2026-07-10 12:32:06,3,3,0,0,16.479,55.78
2026-07-10 12:37:06,2,3,0,0,16.364,54.386
2026-07-10 12:42:06,0,0,0,0,16.367,52.41
2026-07-10 12:47:14,0,0,0,0,16.519,51.198
2026-07-10 12:52:06,0,0,0,0,16.786,50.054
2026-07-10 12:57:07,0,0,0,0,17.088,49.013
2026-07-10 13:02:06,0,0,0,0,17.277,48.65
2026-07-10 13:07:06,0,0,0,0,17.4,47.157
2026-07-10 13:12:06,0,0,0,0,17.467,46.789
2026-07-10 13:17:06,0,0,0,0,17.56,46.581
2026-07-10 13:22:06,0,0,0,0,17.686,45.787
2026-07-10 13:27:07,0,0,0,0,17.87,44.294
2026-07-10 13:32:07,0,0,0,0,18.041,44.748
2026-07-10 13:37:07,0,0,0,0,18.263,43.327
2026-07-10 13:42:07,0,0,0,0,18.458,43.643
2026-07-10 13:47:07,0,0,0,0,18.647,43.468
2026-07-10 13:52:07,0,0,0,0,18.762,42.472
2026-07-10 13:57:07,0,0,0,0,18.906,42.51
2026-07-10 14:02:07,0,0,0,0,18.968,41.94
2026-07-10 14:07:15,0,0,0,0,19.093,41.807
2026-07-10 14:12:08,0,0,0,0,19.248,41.7
2026-07-10 14:17:07,0,0,0,0,19.384,40.786
2026-07-10 14:22:07,0,0,0,0,19.526,40.658
2026-07-10 14:27:07,0,0,0,0,19.633,40.494
2026-07-10 14:32:07,0,0,0,0,19.667,40.5
2026-07-10 14:37:07,0,0,0,0,19.638,40.269
2026-07-10 14:42:07,0,0,0,0,19.646,40.576
2026-07-10 14:47:07,0,0,0,0,19.649,40.456
2026-07-10 14:52:07,0,0,0,0,19.633,40.159
2026-07-10 14:57:07,0,0,0,0,19.635,40.416
2026-07-10 15:02:07,0,0,0,0,19.622,40.233
2026-07-10 15:07:07,0,0,0,0,19.625,39.928
2026-07-10 15:12:07,0,0,0,0,19.643,39.764
2026-07-10 15:17:07,0,0,0,0,19.665,40.155
2026-07-10 15:22:07,0,0,0,0,19.721,40.296
2026-07-10 15:27:07,0,0,0,0,19.755,40.302
2026-07-10 15:32:06,0,0,0,0,19.763,40.141
2026-07-10 15:37:07,1,2,0,0,19.734,40.157
2026-07-10 15:42:07,0,0,0,0,19.713,40.092
2026-07-10 15:47:07,0,0,0,0,19.694,39.981
2026-07-10 15:52:06,0,0,0,0,19.67,40.099
2026-07-10 15:57:07,0,0,0,0,19.726,39.817
2026-07-10 16:03:21,0,0,0,0,19.782,39.418
2026-07-10 16:07:26,0,0,0,0,19.846,39.474
2026-07-10 16:12:07,0,0,0,0,19.913,39.363
2026-07-10 16:17:07,0,0,0,0,19.958,39.153
2026-07-10 16:22:07,0,0,0,0,19.99,39.165
2026-07-10 16:27:07,0,0,0,0,20.012,38.751
2026-07-10 16:32:07,0,1,0,0,20.017,38.606
2026-07-10 16:37:07,0,0,0,0,19.998,38.745
2026-07-10 16:42:07,0,0,0,0,19.958,39.291
2026-07-10 16:47:07,0,0,0,0,19.894,39.651
2026-07-10 16:52:07,0,0,0,0,19.761,40.002
2026-07-10 16:57:16,0,0,0,0,19.681,40.454
2026-07-10 17:02:07,0,0,0,0,19.569,40.843
2026-07-10 17:07:07,0,0,0,0,19.446,41.12
2026-07-10 17:12:07,0,0,0,0,19.355,41.333
2026-07-10 17:17:07,5,5,0,0,19.224,41.578
2026-07-10 17:22:07,3,3,0,0,19.061,41.877
2026-07-10 17:27:07,4,4,0,0,18.901,42.198
2026-07-10 17:32:07,4,5,0,0,18.767,42.751
2026-07-10 17:37:07,16,19,0,0,18.65,42.856
2026-07-10 17:42:07,27,28,0,0,18.514,43.125
2026-07-10 17:47:07,29,32,0,0,18.41,43.344
2026-07-10 17:52:07,28,30,0,0,18.281,43.733
2026-07-10 17:57:07,5,6,0,0,18.159,43.929
2026-07-10 18:02:07,36,44,0,0,18.057,44.359
2026-07-10 18:07:07,33,38,0,0,17.937,44.702
2026-07-10 18:12:07,43,52,0,0,17.806,45.118
2026-07-10 18:17:07,110,117,0,0,17.678,45.511
2026-07-10 18:22:07,96,100,0,0,17.544,45.967
2026-07-10 18:27:07,60,70,0,0,17.438,46.512
2026-07-10 18:32:07,68,77,0,0,17.28,46.567
2026-07-10 18:37:07,49,60,0,0,17.181,46.966
2026-07-10 18:42:07,41,52,0,0,17.09,47.344
2026-07-10 18:47:07,21,23,0,0,16.994,47.632
2026-07-10 18:52:07,36,41,0,0,16.898,47.994
2026-07-10 18:57:07,39,48,0,0,16.815,48.349
2026-07-10 19:02:07,23,24,0,0,16.695,48.459
2026-07-10 19:07:07,43,54,0,0,16.594,48.822
2026-07-10 19:12:16,51,65,0,0,16.519,49.041
2026-07-10 19:17:07,19,19,0,0,16.452,49.114
2026-07-10 19:22:07,19,22,0,0,16.42,49.215
2026-07-10 19:27:07,26,28,0,0,16.321,49.552
2026-07-10 19:32:07,29,32,0,0,16.255,49.838
2026-07-10 19:37:07,24,24,0,0,16.236,49.953
2026-07-10 19:42:07,22,23,0,0,16.169,50.144
2026-07-10 19:47:07,30,31,0,0,16.113,50.258
2026-07-10 19:52:07,45,55,0,0,16.065,50.592
2026-07-10 19:57:07,52,65,0,0,15.99,50.884
2026-07-10 20:02:07,98,101,0,0,15.953,50.952
2026-07-10 20:07:08,94,102,0,0,15.881,51.177
2026-07-10 20:12:08,87,94,0,0,15.809,51.155
2026-07-10 20:17:07,100,107,0,0,15.726,51.397
2026-07-10 20:22:08,76,80,0,0,15.667,51.568
2026-07-10 20:27:08,83,87,0,0,15.574,51.78
2026-07-10 20:32:07,104,110,0,0,15.459,52.31
2026-07-10 20:37:08,58,69,0,0,15.317,52.772
2026-07-10 20:42:07,47,57,0,0,15.058,52.742
2026-07-10 20:47:08,51,64,0,0,14.839,53.262
2026-07-10 20:52:08,49,63,0,0,14.666,53.663
2026-07-10 20:57:08,49,62,0,0,14.54,54.019
2026-07-10 21:02:08,47,59,0,0,14.436,54.451
2026-07-10 21:07:08,48,60,0,0,14.327,54.349
2026-07-10 21:12:07,48,59,0,0,14.241,54.729
2026-07-10 21:17:14,48,58,0,0,14.121,54.817
2026-07-10 21:22:08,75,82,0,0,13.961,55.088
2026-07-10 21:27:08,64,75,0,0,13.769,54.998
2026-07-10 21:32:08,44,53,0,0,13.582,55.57
2026-07-10 21:37:07,227,255,0,0,13.427,56.205
2026-07-10 21:42:08,109,117,0,0,13.291,56.409
2026-07-10 21:47:07,92,97,0,0,13.17,56.684
2026-07-10 21:52:07,86,90,0,0,13.048,56.871
2026-07-10 21:57:08,94,99,0,0,12.941,57.235
2026-07-10 22:02:08,92,102,0,0,12.845,57.315
2026-07-10 22:07:08,51,65,0,0,12.687,56.875
2026-07-10 22:12:08,51,64,0,0,12.562,57.21
2026-07-10 22:17:09,55,69,0,0,12.375,58.279
2026-07-10 22:22:08,52,64,0,0,12.193,57.966
2026-07-10 22:27:08,44,57,0,0,11.998,57.788
2026-07-10 22:32:08,46,53,0,0,11.75,58.752
2026-07-10 22:37:08,48,58,0,0,11.614,59.057
2026-07-10 22:42:08,51,62,0,0,11.448,59.635
2026-07-10 22:47:07,55,68,0,0,11.296,60.835
2026-07-10 22:52:08,53,67,0,0,11.144,61.081
2026-07-10 22:57:08,53,68,0,0,11.088,61.157
2026-07-10 23:02:08,53,68,0,0,11.01,60.915
2026-07-10 23:07:08,52,65,0,0,10.898,61.18
2026-07-10 23:12:08,53,65,0,0,10.746,61.37
2026-07-10 23:17:08,52,64,0,0,10.658,62.971
2026-07-10 23:22:08,52,64,0,0,10.602,63.02
2026-07-10 23:27:08,53,67,0,0,10.562,61.889
2026-07-10 23:32:08,52,65,0,0,10.433,61.91
2026-07-10 23:37:08,53,66,0,0,10.313,62.431
2026-07-10 23:42:08,52,66,0,0,10.182,62.669
2026-07-10 23:47:08,54,64,0,0,9.993,62.568
2026-07-10 23:52:08,54,67,0,0,9.83,63.053
2026-07-10 23:57:08,53,64,0,0,9.686,63.509
2026-07-11 00:02:08,62,77,0,0,9.576,65.153
2026-07-11 00:07:08,64,78,0,0,9.52,65.78
2026-07-11 00:12:08,58,71,0,0,9.491,65.206
2026-07-11 00:17:08,58,71,0,0,9.472,64.611
2026-07-11 00:22:08,59,72,0,0,9.413,64.708
2026-07-11 00:27:16,58,72,0,0,9.379,65.019
2026-07-11 00:32:08,58,71,0,0,9.355,64.233
2026-07-11 00:37:08,58,72,0,0,9.264,64.842
2026-07-11 00:42:09,57,71,0,0,9.202,65.132
2026-07-11 00:47:08,58,72,0,0,9.157,64.405
2026-07-11 00:52:08,58,71,0,0,9.079,65.66
2026-07-11 00:57:08,58,71,0,0,9.023,66.021
2026-07-11 01:02:08,48,57,0,0,8.925,67.768
2026-07-11 01:07:08,49,59,0,0,8.877,68.233
2026-07-11 01:12:08,58,72,0,0,8.853,66.618
2026-07-11 01:17:18,55,68,0,0,8.823,67.281
2026-07-11 01:22:08,49,58,0,0,8.791,66.639
2026-07-11 01:27:15,47,55,0,0,8.671,67.459
2026-07-11 01:32:08,51,62,0,0,8.577,67.1
2026-07-11 01:37:08,56,71,0,0,8.497,68.159
2026-07-11 01:42:08,57,72,0,0,8.484,68.895
2026-07-11 01:47:08,55,66,0,0,8.46,69.208
2026-07-11 01:52:08,52,66,0,0,8.505,69.259
2026-07-11 01:57:08,44,52,0,0,8.521,69.071
2026-07-11 02:02:08,50,62,0,0,8.545,68.254
2026-07-11 02:07:08,49,58,0,0,8.564,68.252
2026-07-11 02:12:08,45,53,0,0,8.524,68.853
2026-07-11 02:17:08,45,57,0,0,8.511,68.26
2026-07-11 02:22:09,51,61,0,0,8.545,68.699
2026-07-11 02:27:09,42,49,0,0,8.567,68.947
2026-07-11 02:32:08,43,52,0,0,8.567,68.399
2026-07-11 02:37:08,37,42,0,0,8.569,68.685
2026-07-11 02:42:08,34,35,0,0,8.577,68.51
2026-07-11 02:47:09,32,35,0,0,8.61,67.371
2026-07-11 02:52:25,32,36,0,0,8.577,67.241
2026-07-11 02:57:09,35,39,0,0,8.505,67.11
2026-07-11 03:02:09,34,36,0,0,8.388,67.259
2026-07-11 03:07:09,34,36,0,0,8.305,67.676
2026-07-11 03:12:09,30,34,0,0,8.22,67.539
2026-07-11 03:17:08,30,32,0,0,8.156,68.191
2026-07-11 03:22:09,28,32,0,0,8.105,68.18
2026-07-11 03:27:09,35,40,0,0,8.049,68.987
2026-07-11 03:32:08,35,39,0,0,7.995,69.402
2026-07-11 03:37:09,34,35,0,0,7.942,69.408
2026-07-11 03:42:09,35,39,0,0,7.931,69.624
2026-07-11 03:47:09,34,34,0,0,7.929,69.977
2026-07-11 03:52:09,34,37,0,0,7.921,69.536
2026-07-11 03:57:09,34,37,0,0,7.913,70.238
2026-07-11 04:02:09,33,33,0,0,7.867,69.576
2026-07-11 04:07:09,33,33,0,0,7.84,70.633
2026-07-11 04:12:08,29,30,0,0,7.881,69.61
2026-07-11 04:17:09,32,33,0,0,7.83,70.213
2026-07-11 04:22:09,32,33,0,0,7.859,69.914
2026-07-11 04:27:09,34,35,0,0,7.792,68.546
2026-07-11 04:32:09,33,34,0,0,7.595,68.893
2026-07-11 04:37:09,33,34,0,0,7.384,69.154
2026-07-11 04:42:09,33,35,0,0,7.237,70.898
2026-07-11 04:47:09,30,32,0,0,7.192,71.962
2026-07-11 04:52:09,27,29,0,0,7.178,73.192
2026-07-11 04:57:09,32,33,0,0,7.282,72.216
2026-07-11 05:02:09,32,34,0,0,7.317,71.84
2026-07-11 05:07:09,28,29,0,0,7.403,71.468
2026-07-11 05:12:09,29,30,0,0,7.427,71.508
2026-07-11 05:17:09,30,31,0,0,7.467,71.07
2026-07-11 05:22:09,22,27,0,0,7.483,71.518
2026-07-11 05:27:09,20,21,0,0,7.515,71.762
2026-07-11 05:32:09,18,18,0,0,7.608,72.716
2026-07-11 05:37:09,16,19,0,0,7.694,71.741
2026-07-11 05:42:09,17,21,0,0,7.776,71.634
2026-07-11 05:47:09,16,20,0,0,7.856,71.615
2026-07-11 05:52:09,17,22,0,0,7.921,71.707
2026-07-11 05:57:09,10,12,0,0,8.009,71.365
2026-07-11 06:03:29,13,17,0,0,8.075,71.243
2026-07-11 06:07:23,14,17,0,0,8.102,70.467
2026-07-11 06:12:25,15,20,0,0,8.107,70.501
2026-07-11 06:17:09,16,17,0,0,8.086,70.175
2026-07-11 06:22:09,15,17,0,0,8.057,70.104
2026-07-11 06:27:09,19,22,0,0,8.033,70.242
2026-07-11 06:32:09,22,23,0,0,7.987,70.534
2026-07-11 06:37:09,19,21,0,0,8.019,70.722
2026-07-11 06:42:09,19,22,0,0,8.051,70.106
2026-07-11 06:47:09,26,26,0,0,8.049,70.076
2026-07-11 06:52:09,15,20,0,0,8.019,69.864
2026-07-11 06:57:09,17,20,0,0,8.006,70.398
2026-07-11 07:02:09,19,20,0,0,8.006,70.32
2026-07-11 07:07:09,26,27,0,0,8.025,70.492
2026-07-11 07:12:09,33,34,0,0,8.054,70.452
2026-07-11 07:17:09,35,39,0,0,8.062,69.7
2026-07-11 07:22:19,34,35,0,0,8.038,69.826
2026-07-11 07:27:09,26,28,0,0,7.979,70.322
2026-07-11 07:32:09,23,27,0,0,7.947,70.123
2026-07-11 07:37:09,29,30,0,0,7.907,69.78
2026-07-11 07:42:09,19,21,0,0,7.824,70.783
2026-07-11 07:47:09,22,22,0,0,7.816,70.179
2026-07-11 07:52:09,47,56,0,0,7.771,70.07
2026-07-11 07:57:09,18,18,0,0,7.718,71.119
2026-07-11 08:02:09,9,13,0,0,7.758,71.707
2026-07-11 08:07:09,13,13,0,0,7.792,71.054
2026-07-11 08:12:09,8,9,0,0,7.886,71.447
2026-07-11 08:17:09,8,9,0,0,7.985,71.064
2026-07-11 08:22:17,13,14,0,0,8.075,70.532
2026-07-11 08:27:09,9,9,0,0,8.137,70.181
2026-07-11 08:32:09,7,8,0,0,8.177,70.326
2026-07-11 08:37:09,8,8,0,0,8.284,70.547
2026-07-11 08:42:09,29,29,0,0,8.42,69.75
2026-07-11 08:47:09,27,27,0,0,8.551,69.86
2026-07-11 08:52:09,16,18,0,0,8.671,70.165
2026-07-11 08:57:09,14,14,0,0,8.869,70.52
2026-07-11 09:02:10,18,22,0,0,9.13,70.614
2026-07-11 09:07:09,33,34,0,0,9.4,70.673
2026-07-11 09:12:09,59,75,0,0,9.755,69.872
2026-07-11 09:17:10,55,70,0,0,10.126,68.054
2026-07-11 09:22:09,45,55,0,0,10.516,66.971
2026-07-11 09:27:09,29,32,0,0,10.901,65.345
2026-07-11 09:32:09,19,21,0,0,11.339,63.671
2026-07-11 09:37:09,10,10,0,0,11.747,61.683
2026-07-11 09:42:10,15,15,0,0,12.118,60.676
2026-07-11 09:47:09,6,6,0,0,12.527,59.549
2026-07-11 09:52:09,8,9,0,0,12.917,58.488
2026-07-11 09:57:09,26,27,0,0,13.304,58.199
2026-07-11 10:02:10,23,25,0,0,13.656,57.539
2026-07-11 10:07:10,5,6,0,0,13.988,56.314
2026-07-11 10:12:10,4,4,0,0,14.372,55.099
2026-07-11 10:17:09,4,5,0,0,14.743,54.281
2026-07-11 10:22:09,2,3,0,0,15.066,53.241
2026-07-11 10:27:09,4,4,0,0,15.36,52.629
2026-07-11 10:32:10,4,4,0,0,15.649,52.202
2026-07-11 10:37:10,6,6,0,0,15.942,51.271
2026-07-11 10:42:09,4,4,0,0,16.244,50.1
2026-07-11 10:47:10,7,7,0,0,16.508,49.585
2026-07-11 10:52:10,7,7,0,0,16.834,49.049
2026-07-11 10:57:10,5,5,0,0,17.181,48.03
2026-07-11 11:02:10,4,4,0,0,17.459,47.59
2026-07-11 11:07:09,4,5,0,0,17.739,46.422
2026-07-11 11:12:10,6,7,0,0,18.004,45.762
2026-07-11 11:17:10,2,2,0,0,18.196,45.225
2026-07-11 11:22:09,7,7,0,0,18.447,44.706
2026-07-11 11:27:10,2,3,0,0,18.687,44.071
2026-07-11 11:32:10,1,1,0,0,18.973,43.138
2026-07-11 11:37:10,0,0,0,0,19.216,42.106
2026-07-11 11:42:10,0,0,0,0,19.403,41.32
2026-07-11 11:47:10,0,0,0,0,19.606,41.519
2026-07-11 11:52:10,0,0,0,0,19.809,40.635
2026-07-11 11:57:10,1,1,0,0,19.977,40.252
2026-07-11 12:02:10,1,1,0,0,20.161,40.349
2026-07-11 12:07:10,0,0,0,0,20.348,39.346
2026-07-11 12:12:10,0,0,0,0,20.557,39.407
2026-07-11 12:17:10,0,0,0,0,20.802,38.65
2026-07-11 12:22:10,0,0,0,0,20.986,38.205
2026-07-11 12:27:10,0,0,0,0,21.144,37.757
2026-07-11 12:32:10,0,0,0,0,21.326,37.496
2026-07-11 12:37:24,0,0,0,0,21.513,36.588
2026-07-11 12:42:10,0,0,0,0,21.678,36.46
2026-07-11 12:47:10,0,0,0,0,21.868,36.044
2026-07-11 12:52:10,0,0,0,0,22.079,36.123
2026-07-11 12:57:10,0,0,0,0,22.284,35.547
2026-07-11 13:02:10,0,0,0,0,22.436,35.049
2026-07-11 13:07:10,0,0,0,0,22.57,34.711
2026-07-11 13:12:10,0,0,0,0,22.706,34.73
2026-07-11 13:17:10,0,0,0,0,22.869,34.15
2026-07-11 13:22:10,0,0,0,0,23.043,33.593
2026-07-11 13:27:10,0,0,0,0,23.2,33.467
2026-07-11 13:32:10,0,0,0,0,23.334,32.476
2026-07-11 13:37:10,0,0,0,0,23.449,32.029
2026-07-11 13:42:09,0,0,0,0,23.558,32.397
2026-07-11 13:47:10,0,0,0,0,23.657,32.767
2026-07-11 13:52:10,0,0,0,0,23.788,32.434
2026-07-11 13:57:10,0,0,0,0,23.878,31.936
2026-07-11 14:02:10,0,0,0,0,23.961,31.671
2026-07-11 14:07:10,0,0,0,0,24.017,32.09
2026-07-11 14:12:10,0,0,0,0,24.121,31.16
2026-07-11 14:17:10,0,0,0,0,24.22,31.005
2026-07-11 14:22:10,0,0,0,0,24.327,30.812
2026-07-11 14:27:10,0,0,0,0,24.474,30.069
2026-07-11 14:32:10,0,0,0,0,24.589,30.383
2026-07-11 14:37:10,0,0,0,0,24.661,30.04
2026-07-11 14:42:10,0,0,0,0,24.717,29.8
2026-07-11 14:47:10,0,0,0,0,24.754,30.028
2026-07-11 14:52:10,0,0,0,0,24.81,29.639
2026-07-11 14:57:10,0,0,0,0,24.893,30.078
2026-07-11 15:02:10,0,0,0,0,24.885,29.481
2026-07-11 15:07:10,0,0,0,0,24.909,29.658
2026-07-11 15:12:10,0,0,0,0,24.931,29.559
2026-07-11 15:17:10,0,0,0,0,24.923,29.836
2026-07-11 15:22:12,0,0,0,0,24.931,29.616
2026-07-11 15:27:18,0,0,0,0,24.915,29.847
2026-07-11 15:32:10,0,0,0,0,24.856,30.004
2026-07-11 15:37:10,0,0,0,0,24.826,30.149
2026-07-11 15:42:10,0,0,0,0,24.813,29.822
2026-07-11 15:47:10,0,0,0,0,24.781,30.021
2026-07-11 15:52:10,0,0,0,0,24.754,30.172
2026-07-11 15:57:11,0,0,0,0,24.728,30.33
2026-07-11 16:03:23,0,0,0,0,24.688,30.326
2026-07-11 16:07:27,0,0,0,0,24.626,30.629
2026-07-11 16:12:10,0,0,0,0,24.519,30.856
2026-07-11 16:17:10,0,0,0,0,24.431,30.995
2026-07-11 16:22:20,0,0,0,0,24.311,31.924
2026-07-11 16:27:10,0,0,0,0,24.156,32.241
2026-07-11 16:32:18,0,0,0,0,24.009,32.846
2026-07-11 16:37:11,0,0,0,0,23.817,33.502
2026-07-11 16:42:11,0,0,0,0,23.601,33.845
2026-07-11 16:47:10,0,0,0,0,23.427,33.996
2026-07-11 16:52:10,0,0,0,0,23.211,34.192
2026-07-11 16:57:11,0,0,0,0,22.987,34.66
2026-07-11 17:02:10,0,0,0,0,22.818,34.904
2026-07-11 17:07:19,2,3,0,0,22.591,35.125
2026-07-11 17:12:10,0,0,0,0,22.394,35.375
2026-07-11 17:17:11,2,2,0,0,22.226,35.512
2026-07-11 17:22:11,2,2,0,0,22.089,36.067
2026-07-11 17:27:11,2,2,0,0,21.948,36.037
2026-07-11 17:32:10,51,64,0,0,21.801,36.508
2026-07-11 17:37:11,4,5,0,0,21.63,36.788
2026-07-11 17:42:11,4,4,0,0,21.462,37.006
2026-07-11 17:47:11,3,4,0,0,21.246,37.164
2026-07-11 17:52:11,2,4,0,0,21.045,37.42
2026-07-11 17:57:11,3,4,0,0,20.845,37.627
2026-07-11 18:02:11,20,20,0,0,20.679,37.996
2026-07-11 18:07:17,5,5,0,0,20.517,38.114
2026-07-11 18:12:10,3,4,0,0,20.3,38.469
2026-07-11 18:17:11,11,12,0,0,20.137,38.696
2026-07-11 18:22:11,4,4,0,0,19.905,38.94
2026-07-11 18:27:11,15,15,0,0,19.681,39.411
2026-07-11 18:32:10,4,4,0,0,19.459,39.706
2026-07-11 18:37:11,42,52,0,0,19.237,40.185
2026-07-11 18:42:11,18,19,0,0,19.08,40.336
2026-07-11 18:47:11,15,16,0,0,18.965,40.649
2026-07-11 18:52:11,18,19,0,0,18.928,40.794
2026-07-11 18:57:20,28,31,0,0,18.85,41.015
2026-07-11 19:02:11,34,39,0,0,18.751,41.284
2026-07-11 19:07:11,40,47,0,0,18.639,41.375
2026-07-11 19:12:11,41,50,0,0,18.519,41.593
2026-07-11 19:17:19,27,30,0,0,18.404,41.879
2026-07-11 19:22:11,41,49,0,0,18.212,42.35
2026-07-11 19:27:17,103,108,0,0,18.065,42.592
2026-07-11 19:32:11,50,62,0,0,17.921,42.835
2026-07-11 19:37:11,69,76,0,0,17.795,43.264
2026-07-11 19:42:11,44,52,0,0,17.627,43.689
2026-07-11 19:47:11,39,46,0,0,17.47,43.994
2026-07-11 19:52:11,42,52,0,0,17.253,44.416
2026-07-11 19:57:11,39,47,0,0,17.045,44.79
2026-07-11 20:02:11,50,61,0,0,16.818,45.253
2026-07-11 20:07:11,68,75,0,0,16.645,45.543
2026-07-11 20:12:11,66,74,0,0,16.53,45.823
2026-07-11 20:17:11,52,64,0,0,16.399,46.024
2026-07-11 20:22:19,36,45,0,0,16.249,46.098
2026-07-11 20:27:11,35,38,0,0,16.081,46.388
2026-07-11 20:32:11,23,24,0,0,15.929,46.424
2026-07-11 20:37:11,17,17,0,0,15.715,46.647
2026-07-11 20:42:10,12,13,0,0,15.499,47.485
2026-07-11 20:47:11,15,17,0,0,15.368,47.626
2026-07-11 20:52:11,16,18,0,0,15.259,48.04
2026-07-11 20:57:10,20,22,0,0,15.149,48.118
2026-07-11 21:02:21,33,38,0,0,15.032,48.355
2026-07-11 21:07:10,48,58,0,0,14.917,48.919
2026-07-11 21:12:11,41,50,0,0,14.807,49.352
2026-07-11 21:17:11,90,97,0,0,14.698,49.604
2026-07-11 21:22:11,33,36,0,0,14.554,49.482
2026-07-11 21:27:11,36,42,0,0,14.466,49.428
2026-07-11 21:32:17,29,29,0,0,14.372,49.137
2026-07-11 21:37:11,53,66,0,0,14.265,49.373
2026-07-11 21:42:19,46,58,0,0,14.124,49.739
2026-07-11 21:47:11,50,61,0,0,14.033,50.271
2026-07-11 21:52:11,50,63,0,0,13.923,50.617
2026-07-11 21:57:11,49,63,0,0,13.825,50.695
2026-07-11 22:02:11,32,36,0,0,13.688,50.336
2026-07-11 22:07:11,34,39,0,0,13.536,51.422
2026-07-11 22:12:10,34,39,0,0,13.429,51.54
2026-07-11 22:17:11,41,50,0,0,13.304,51.824
2026-07-11 22:22:11,40,50,0,0,13.162,51.469
2026-07-11 22:27:11,46,57,0,0,12.989,51.736
2026-07-11 22:32:11,41,50,0,0,12.794,52.778
2026-07-11 22:37:11,45,53,0,0,12.618,53.308
2026-07-11 22:42:11,46,57,0,0,12.487,53.59
2026-07-11 22:47:11,45,55,0,0,12.377,54.101
2026-07-11 22:52:17,47,55,0,0,12.284,54.151
2026-07-11 22:57:11,46,60,0,0,12.198,54.391
2026-07-11 23:02:11,47,56,0,0,12.049,54.454
2026-07-11 23:07:11,47,57,0,0,11.945,54.801
2026-07-11 23:12:11,48,58,0,0,11.846,54.948
2026-07-11 23:17:17,55,68,0,0,11.712,55.25
2026-07-11 23:22:11,99,106,0,0,11.627,55.599
2026-07-11 23:27:11,82,88,0,0,11.56,56.129
2026-07-11 23:32:11,80,88,0,0,11.488,55.526
2026-07-11 23:37:11,74,84,0,0,11.424,55.751
2026-07-11 23:42:11,83,88,0,0,11.32,56.337
2026-07-11 23:47:20,76,86,0,0,11.226,56.806
2026-07-11 23:52:11,52,68,0,0,11.162,57.001
2026-07-11 23:57:11,55,69,0,0,11.056,57.092
2026-07-12 00:02:11,54,67,0,0,10.989,57.846
2026-07-12 00:07:11,101,108,0,0,10.927,57.798
2026-07-12 00:12:21,49,60,0,0,10.89,57.766
2026-07-12 00:17:11,57,70,0,0,10.831,57.457
2026-07-12 00:22:12,49,58,0,0,10.759,57.855
2026-07-12 00:27:11,67,79,0,0,10.682,58
2026-07-12 00:32:11,55,68,0,0,10.634,58.179
2026-07-12 00:37:11,44,54,0,0,10.599,57.767
2026-07-12 00:42:11,37,42,0,0,10.516,58.914
2026-07-12 00:47:11,40,50,0,0,10.497,58.294
2026-07-12 00:52:11,46,56,0,0,10.383,58.458
2026-07-12 00:57:11,39,44,0,0,10.249,58.729
2026-07-12 01:02:11,40,49,0,0,10.198,58.767
2026-07-12 01:07:11,42,51,0,0,10.078,58.813
2026-07-12 01:12:11,45,56,0,0,10.017,59.806
2026-07-12 01:17:11,46,56,0,0,9.977,60.098
2026-07-12 01:22:11,48,57,0,0,9.971,60.186
2026-07-12 01:27:11,75,86,0,0,9.995,60.15
2026-07-12 01:32:11,76,85,0,0,9.902,59.978
2026-07-12 01:37:11,58,72,0,0,9.867,59.595
2026-07-12 01:42:13,48,59,0,0,9.795,60.211
2026-07-12 01:47:11,44,53,0,0,9.72,60.51
2026-07-12 01:52:11,46,54,0,0,9.675,59.732
2026-07-12 01:57:11,41,49,0,0,9.565,59.595
2026-07-12 02:02:11,42,49,0,0,9.475,60.121
2026-07-12 02:07:11,46,56,0,0,9.365,60.209
2026-07-12 02:12:12,46,57,0,0,9.272,60.52
2026-07-12 02:17:11,44,53,0,0,9.189,61.018
2026-07-12 02:22:12,47,56,0,0,9.128,60.838
2026-07-12 02:27:12,51,60,0,0,9.015,61.46
2026-07-12 02:32:11,51,62,0,0,8.938,61.996
2026-07-12 02:37:12,58,71,0,0,8.877,62.42
2026-07-12 02:42:12,48,57,0,0,8.836,62.727
2026-07-12 02:47:21,48,56,0,0,8.834,62.938
2026-07-12 02:52:12,41,48,0,0,8.818,62.936
2026-07-12 02:57:12,37,40,0,0,8.82,63.232
2026-07-12 03:02:12,41,46,0,0,8.823,63.343
2026-07-12 03:07:12,30,35,0,0,8.858,63.19
2026-07-12 03:12:12,28,30,0,0,8.893,63.242
2026-07-12 03:17:12,29,30,0,0,8.914,62.929
2026-07-12 03:22:12,40,46,0,0,8.978,62.788
2026-07-12 03:27:12,34,35,0,0,9.015,62.658
2026-07-12 03:32:11,37,41,0,0,9.034,62.105
2026-07-12 03:37:11,35,36,0,0,9.015,61.781
2026-07-12 03:42:12,27,27,0,0,8.914,61.384
2026-07-12 03:47:12,23,23,0,0,8.81,61.744
2026-07-12 03:52:12,60,74,0,0,8.759,62.868
2026-07-12 03:57:12,70,82,0,0,8.703,62.919
2026-07-12 04:02:12,45,55,0,0,8.679,62.143
2026-07-12 04:07:12,56,70,0,0,8.626,62.553
2026-07-12 04:12:12,16,21,0,0,8.537,62.74
2026-07-12 04:17:11,26,26,0,0,8.364,63.541
2026-07-12 04:22:22,25,27,0,0,8.26,63.318
2026-07-12 04:27:21,23,26,0,0,8.172,64.264
2026-07-12 04:32:12,23,26,0,0,8.145,64.724
2026-07-12 04:37:12,23,27,0,0,8.132,64.972
2026-07-12 04:42:12,23,23,0,0,8.182,65.201
2026-07-12 04:47:12,22,23,0,0,8.236,64.863
2026-07-12 04:52:12,25,25,0,0,8.308,64.083
2026-07-12 04:57:12,39,42,0,0,8.294,63.684
2026-07-12 05:02:12,26,28,0,0,8.265,63.175
2026-07-12 05:07:11,37,42,0,0,8.166,63.373
2026-07-12 05:12:11,38,41,0,0,8.129,63.778
2026-07-12 05:17:12,31,33,0,0,8.073,63.894
2026-07-12 05:22:11,19,19,0,0,8.035,64.502
2026-07-12 05:27:12,14,15,0,0,8.025,64.09
2026-07-12 05:32:12,17,19,0,0,8.033,63.831
2026-07-12 05:37:12,20,22,0,0,8.019,63.345
2026-07-12 05:42:11,25,25,0,0,7.934,64.176
2026-07-12 05:47:12,23,23,0,0,7.942,64.045
2026-07-12 05:52:12,23,23,0,0,7.931,64.127
2026-07-12 05:57:12,12,12,0,0,7.942,64.096
2026-07-12 06:02:11,19,21,0,0,7.921,64.077
2026-07-12 06:07:11,9,10,0,0,7.921,63.854
2026-07-12 06:12:12,7,8,0,0,7.87,63.877
2026-07-12 06:17:12,9,9,0,0,7.846,63.795
2026-07-12 06:22:12,8,9,0,0,7.846,63.846
2026-07-12 06:27:12,5,5,0,0,7.856,63.285
2026-07-12 06:32:12,7,8,0,0,7.787,62.99
2026-07-12 06:37:12,10,13,0,0,7.702,63.087
2026-07-12 06:42:12,18,21,0,0,7.584,63.665
2026-07-12 06:47:19,17,21,0,0,7.475,64.609
2026-07-12 06:52:12,15,20,0,0,7.459,65.464
2026-07-12 06:57:12,14,21,0,0,7.483,65.433
2026-07-12 07:02:12,14,16,0,0,7.523,65.147
2026-07-12 07:07:12,33,34,0,0,7.552,64.258
2026-07-12 07:12:12,32,34,0,0,7.539,63.938
2026-07-12 07:17:12,28,30,0,0,7.485,63.797
2026-07-12 07:22:12,22,27,0,0,7.456,63.825
2026-07-12 07:27:12,13,16,0,0,7.384,64.001
2026-07-12 07:32:12,10,13,0,0,7.317,63.919
2026-07-12 07:37:12,8,8,0,0,7.261,64.047
2026-07-12 07:42:12,9,9,0,0,7.24,64.253
2026-07-12 07:47:12,26,29,0,0,7.242,64.235
2026-07-12 07:52:12,13,13,0,0,7.208,64.188
2026-07-12 07:57:12,7,7,0,0,7.189,63.85
2026-07-12 08:02:12,7,7,0,0,7.224,63.354
2026-07-12 08:07:12,6,7,0,0,7.256,63.442
2026-07-12 08:12:13,5,7,0,0,7.306,63.495
2026-07-12 08:17:12,4,6,0,0,7.336,63.482
2026-07-12 08:22:12,10,10,0,0,7.408,62.851
2026-07-12 08:27:12,40,49,0,0,7.464,62.082
2026-07-12 08:32:13,31,32,0,0,7.523,62.038
2026-07-12 08:37:12,10,14,0,0,7.595,62.421
2026-07-12 08:42:12,26,27,0,0,7.731,62.349
2026-07-12 08:47:12,39,47,0,0,7.942,62.765
2026-07-12 08:52:12,28,30,0,0,8.182,62.637
2026-07-12 08:57:12,9,9,0,0,8.508,63.099
2026-07-12 09:02:13,5,5,0,0,8.82,62.044
2026-07-12 09:07:13,5,5,0,0,9.218,60.859
2026-07-12 09:12:12,9,9,0,0,9.64,60.737
2026-07-12 09:17:12,5,5,0,0,10.073,59.414
2026-07-12 09:22:13,6,7,0,0,10.527,58.027
2026-07-12 09:27:13,5,5,0,0,10.97,56.665
2026-07-12 09:32:12,7,8,0,0,11.456,55.954
2026-07-12 09:37:12,4,5,0,0,11.934,55.276
2026-07-12 09:42:21,5,5,0,0,12.519,54.34
2026-07-12 09:47:13,5,5,0,0,13.016,52.812
2026-07-12 09:52:13,5,5,0,0,13.536,51.506
2026-07-12 09:57:13,3,3,0,0,14.041,50.235
2026-07-12 10:02:12,2,3,0,0,14.482,48.599
2026-07-12 10:07:12,3,3,0,0,14.906,48.046
2026-07-12 10:12:13,5,5,0,0,15.371,46.882
2026-07-12 10:17:12,3,3,0,0,15.737,45.875
2026-07-12 10:22:12,5,5,0,0,16.118,44.996
2026-07-12 10:27:21,9,9,0,0,16.49,43.851
2026-07-12 10:32:13,7,7,0,0,16.837,43.176
2026-07-12 10:37:13,9,9,0,0,17.149,42.653
2026-07-12 10:42:13,5,5,0,0,17.435,41.601
2026-07-12 10:47:13,5,6,0,0,17.731,40.958
2026-07-12 10:52:12,3,4,0,0,17.998,40.275
2026-07-12 10:57:13,5,5,0,0,18.279,39.802
2026-07-12 11:02:13,4,5,0,0,18.543,38.751
2026-07-12 11:07:13,5,5,0,0,18.882,37.841
2026-07-12 11:12:12,3,3,0,0,19.237,37.065
2026-07-12 11:17:13,3,3,0,0,19.585,36.306
2026-07-12 11:22:13,3,3,0,0,19.929,35.478
2026-07-12 11:27:13,1,1,0,0,20.268,34.499
2026-07-12 11:32:16,0,0,0,0,20.549,34.352
2026-07-12 11:37:13,1,1,0,0,20.837,33.376
2026-07-12 11:42:12,1,1,0,0,21.101,33.124
2026-07-12 11:47:13,0,0,0,0,21.392,32.781
2026-07-12 11:52:13,1,1,0,0,21.641,32.857
2026-07-12 11:57:13,1,1,0,0,21.916,32.237
2026-07-12 12:02:13,1,2,0,0,22.183,31.654
2026-07-12 12:07:13,0,0,0,0,22.442,30.706
2026-07-12 12:12:13,0,1,0,0,22.69,30.36
2026-07-12 12:17:12,0,0,0,0,22.928,29.595
2026-07-12 12:22:13,0,0,0,0,23.171,28.859
2026-07-12 12:27:12,0,0,0,0,23.416,28.434
2026-07-12 12:32:13,0,0,0,0,23.676,28.085
2026-07-12 12:37:13,0,0,0,0,23.902,28.001
2026-07-12 12:42:13,1,1,0,0,24.145,28.472
2026-07-12 12:47:13,3,4,0,0,24.287,28.112
2026-07-12 12:52:13,0,1,0,0,24.458,27.616
2026-07-12 12:57:13,0,0,0,0,24.68,27.053
2026-07-12 13:02:13,0,1,0,0,24.88,27.19
2026-07-12 13:07:13,0,0,0,0,25.059,27.001
2026-07-12 13:12:13,0,0,0,0,25.2,26.898
2026-07-12 13:17:19,0,0,0,0,25.339,26.49
2026-07-12 13:22:13,0,0,0,0,25.526,26.546
2026-07-12 13:27:13,0,0,0,0,25.726,26.328
2026-07-12 13:32:12,0,0,0,0,25.897,26.082
2026-07-12 13:37:13,0,0,0,0,26.036,25.336
2026-07-12 13:42:12,3,3,0,0,26.191,25.165
2026-07-12 13:47:13,0,0,0,0,26.343,25.035
2026-07-12 13:52:13,5,5,0,0,26.453,24.924
2026-07-12 13:57:23,1,2,0,0,26.533,24.758
2026-07-12 14:02:13,15,16,0,0,26.618,25.472
2026-07-12 14:07:13,14,15,0,0,26.738,24.903
2026-07-12 14:12:13,9,13,0,0,26.824,23.994
2026-07-12 14:17:13,7,7,0,0,26.901,23.892
2026-07-12 14:22:13,25,26,0,0,26.941,24.791
2026-07-12 14:27:13,32,34,0,0,26.912,24.587
2026-07-12 14:32:13,22,23,0,0,26.931,24.478
2026-07-12 14:37:13,23,26,0,0,26.92,24.468
2026-07-12 14:42:13,19,21,0,0,26.901,25.26
2026-07-12 14:47:13,17,19,0,0,26.909,25.153
2026-07-12 14:52:13,0,0,0,0,26.885,24.987
2026-07-12 14:57:13,13,16,0,0,26.893,24.957
2026-07-12 15:02:13,3,3,0,0,26.936,24.444
2026-07-12 15:07:13,3,3,0,0,26.949,25.098
2026-07-12 15:12:13,20,22,0,0,26.947,24.764
2026-07-12 15:17:13,1,1,0,0,26.928,24.629
2026-07-12 15:22:13,4,4,0,0,26.883,24.776
2026-07-12 15:27:13,0,0,0,0,26.824,24.739
2026-07-12 15:32:13,0,0,0,0,26.757,24.869
2026-07-12 15:37:13,0,0,0,0,26.706,25.222
2026-07-12 15:42:13,2,2,0,0,26.661,25.277
2026-07-12 15:47:13,2,3,0,0,26.61,24.89
2026-07-12 15:52:13,2,2,0,0,26.573,25.935
2026-07-12 15:57:13,0,1,0,0,26.527,26.357
2026-07-12 16:03:25,1,1,0,0,26.482,26.385
2026-07-12 16:07:45,0,0,0,0,26.445,26.391
2026-07-12 16:12:13,0,0,0,0,26.378,26.177
2026-07-12 16:17:14,0,0,0,0,26.341,27.627
2026-07-12 16:22:13,0,1,0,0,26.268,27.686
2026-07-12 16:27:13,0,0,0,0,26.223,27.97
2026-07-12 16:32:13,0,0,0,0,26.167,27.936
2026-07-12 16:37:14,0,0,0,0,26.052,27.902
2026-07-12 16:42:13,0,1,0,0,25.967,28.459
2026-07-12 16:47:14,0,0,0,0,25.836,28.932
2026-07-12 16:52:13,0,0,0,0,25.668,28.966
2026-07-12 16:57:14,0,0,0,0,25.483,29.281
2026-07-12 17:02:14,0,0,0,0,25.288,29.761
2026-07-12 17:07:14,0,0,0,0,25.053,29.945
2026-07-12 17:12:14,1,1,0,0,24.837,30.12
2026-07-12 17:17:14,0,0,0,0,24.589,30.429
2026-07-12 17:22:14,0,0,0,0,24.346,30.66
2026-07-12 17:27:14,1,1,0,0,24.092,30.736
2026-07-12 17:32:13,0,0,0,0,23.804,31.026
2026-07-12 17:37:14,0,0,0,0,23.507,31.379
2026-07-12 17:42:14,0,0,0,0,23.211,31.646
2026-07-12 17:47:14,0,0,0,0,22.914,31.955
2026-07-12 17:52:22,0,1,0,0,22.613,32.315
2026-07-12 17:57:13,3,3,0,0,22.33,32.741
2026-07-12 18:02:14,2,2,0,0,22.023,33.223
2026-07-12 18:07:19,1,1,0,0,21.726,33.799
2026-07-12 18:12:14,0,0,0,0,21.422,34.32
2026-07-12 18:17:14,3,4,0,0,21.173,35.197
2026-07-12 18:22:14,3,3,0,0,20.938,35.621
2026-07-12 18:27:14,3,3,0,0,20.69,36.227
2026-07-12 18:32:14,6,7,0,0,20.468,36.678
2026-07-12 18:37:14,3,3,0,0,20.274,37.917
2026-07-12 18:42:22,3,3,0,0,20.127,38.497
2026-07-12 18:47:14,3,3,0,0,19.988,38.848
2026-07-12 18:52:13,5,5,0,0,19.852,39.027
2026-07-12 18:57:14,7,7,0,0,19.651,39.556
2026-07-12 19:02:14,13,14,0,0,19.411,39.254
2026-07-12 19:07:14,22,23,0,0,19.115,39.098
2026-07-12 19:12:14,22,23,0,0,18.818,39.956
2026-07-12 19:17:14,30,37,0,0,18.581,40.298
2026-07-12 19:22:14,26,28,0,0,18.343,40.696
2026-07-12 19:27:14,22,25,0,0,18.113,40.752
2026-07-12 19:32:14,28,29,0,0,17.918,41.017
2026-07-12 19:37:14,56,67,0,0,17.707,40.952
2026-07-12 19:42:14,60,71,0,0,17.566,40.725
2026-07-12 19:47:14,38,46,0,0,17.43,41.187
2026-07-12 19:52:14,46,57,0,0,17.301,41.669
2026-07-12 19:57:14,35,42,0,0,17.128,42.32
2026-07-12 20:02:14,52,66,0,0,16.965,42.859
2026-07-12 20:07:14,42,51,0,0,16.791,42.529
2026-07-12 20:12:21,44,55,0,0,16.634,43.046
2026-07-12 20:17:14,33,38,0,0,16.452,43.258
2026-07-12 20:22:14,33,37,0,0,16.268,43.094
2026-07-12 20:27:14,32,36,0,0,16.078,43.59
2026-07-12 20:32:14,30,37,0,0,15.881,44.238
2026-07-12 20:37:14,28,31,0,0,15.665,44.87
2026-07-12 20:42:14,37,46,0,0,15.475,45.211
2026-07-12 20:47:14,40,48,0,0,15.312,45.196
2026-07-12 20:52:14,33,36,0,0,15.235,45.614
2026-07-12 20:57:14,36,43,0,0,15.208,45.839
2026-07-12 21:02:14,29,30,0,0,15.232,45.999
2026-07-12 21:07:14,22,23,0,0,15.251,46.096
2026-07-12 21:12:14,89,95,0,0,15.243,45.913
2026-07-12 21:17:14,83,91,0,0,15.235,45.925
2026-07-12 21:22:14,61,74,0,0,15.187,46.121
2026-07-12 21:27:14,53,66,0,0,15.157,46.096
2026-07-12 21:32:23,49,63,0,0,15.085,46.317
2026-07-12 21:37:14,36,39,0,0,14.944,46.047
2026-07-12 21:42:14,34,38,0,0,14.805,45.844
2026-07-12 21:47:14,38,47,0,0,14.652,46.182
2026-07-12 21:52:14,43,52,0,0,14.516,46.277
2026-07-12 21:57:14,36,42,0,0,14.38,46.245
2026-07-12 22:02:14,34,40,0,0,14.207,46.546
2026-07-12 22:07:14,43,49,0,0,14.073,46.277
2026-07-12 22:12:14,48,59,0,0,13.969,46.764
2026-07-12 22:17:14,43,52,0,0,13.881,46.703
2026-07-12 22:22:14,34,39,0,0,13.75,46.644
2026-07-12 22:27:15,26,27,0,0,13.667,45.345
2026-07-12 22:32:14,26,26,0,0,13.592,45.312
2026-07-12 22:37:14,34,35,0,0,13.483,47.567
2026-07-12 22:42:15,24,25,0,0,13.267,46.306
2026-07-12 22:47:14,24,24,0,0,13.056,46.491
2026-07-12 22:52:14,17,18,0,0,12.898,46.224
2026-07-12 22:57:14,20,21,0,0,12.775,46.884
2026-07-12 23:02:15,23,23,0,0,12.687,47.212
2026-07-12 23:07:15,27,27,0,0,12.562,47.87
2026-07-12 23:12:14,24,24,0,0,12.479,47.874
2026-07-12 23:17:15,27,27,0,0,12.439,48.259
2026-07-12 23:22:15,36,40,0,0,12.423,48.175
2026-07-12 23:27:15,34,39,0,0,12.367,48.446
2026-07-12 23:32:15,31,32,0,0,12.348,48.534
2026-07-12 23:37:15,18,18,0,0,12.276,47.759
2026-07-12 23:42:15,24,25,0,0,12.241,47.597
2026-07-12 23:47:15,9,12,0,0,12.225,47.656
2026-07-12 23:52:15,9,12,0,0,12.201,47.502
2026-07-12 23:57:14,26,28,0,0,12.118,47.983
2026-07-13 00:02:15,28,28,0,0,11.993,47.956
2026-07-13 00:07:15,26,29,0,0,11.819,48.469
2026-07-13 00:12:15,25,27,0,0,11.664,48.94
2026-07-13 00:17:21,36,40,0,0,11.507,49.205
2026-07-13 00:22:15,36,42,0,0,11.384,49.259
2026-07-13 00:27:15,33,34,0,0,11.275,49.699
2026-07-13 00:32:14,40,50,0,0,11.149,49.928
2026-07-13 00:37:15,36,43,0,0,11.072,49.852
2026-07-13 00:42:23,43,52,0,0,10.951,49.982
2026-07-13 00:47:15,49,59,0,0,10.839,50.416
2026-07-13 00:52:15,50,62,0,0,10.682,51.019
2026-07-13 00:57:15,47,57,0,0,10.546,50.966
2026-07-13 01:02:15,40,48,0,0,10.471,51.494
2026-07-13 01:07:15,37,39,0,0,10.383,51.385
2026-07-13 01:12:15,30,35,0,0,10.3,51.284
2026-07-13 01:17:15,29,30,0,0,10.228,51.341
2026-07-13 01:22:14,26,29,0,0,10.097,51.549
2026-07-13 01:33:16,26,28,0,0,9.931,52.354
2026-07-13 01:38:16,27,29,0,0,9.854,52.072
2026-07-13 01:43:16,20,21,0,0,9.857,51.471
2026-07-13 01:48:16,28,30,0,0,9.843,51.481
2026-07-13 01:53:16,29,33,0,0,9.833,51.792
2026-07-13 01:58:16,21,22,0,0,9.822,51.698
2026-07-13 02:03:16,12,15,0,0,9.726,52.053
2026-07-13 02:08:16,12,12,0,0,9.68,52.017
2026-07-13 02:13:16,12,12,0,0,9.648,52.276
2026-07-13 02:18:16,8,8,0,0,9.606,52.196
2026-07-13 02:23:16,8,9,0,0,9.576,52.213
2026-07-13 02:28:16,10,10,0,0,9.52,52.156
2026-07-13 02:33:16,9,9,0,0,9.453,52.402
2026-07-13 02:38:16,5,5,0,0,9.411,52.263
2026-07-13 02:43:16,6,6,0,0,9.381,52.286
2026-07-13 02:48:16,8,8,0,0,9.352,52.133
2026-07-13 02:53:16,5,6,0,0,9.344,52.215
2026-07-13 02:58:16,6,6,0,0,9.274,51.782
2026-07-13 03:03:16,5,5,0,0,9.157,52.246
2026-07-13 03:08:16,3,3,0,0,9.01,52.913
2026-07-13 03:13:16,5,5,0,0,8.853,53.321
2026-07-13 03:18:16,7,8,0,0,8.724,53.482
2026-07-13 03:23:16,5,5,0,0,8.583,54.172
2026-07-13 03:28:16,5,7,0,0,8.447,54.193
2026-07-13 03:33:16,8,8,0,0,8.332,54.695
2026-07-13 03:38:16,23,23,0,0,8.27,55.334
2026-07-13 03:43:16,15,18,0,0,8.214,55.326
2026-07-13 03:48:16,9,13,0,0,8.148,55.46
2026-07-13 03:53:16,7,9,0,0,8.102,55.429
2026-07-13 03:58:24,8,8,0,0,8.091,55.572
2026-07-13 04:03:16,7,7,0,0,8.121,55.116
2026-07-13 04:08:16,5,7,0,0,8.097,54.79
2026-07-13 04:13:16,5,5,0,0,8.027,54.922
2026-07-13 04:18:16,22,22,0,0,8.011,55.372
2026-07-13 04:23:16,7,7,0,0,7.971,55.027
2026-07-13 04:28:16,5,5,0,0,7.961,55.088
2026-07-13 04:33:16,4,4,0,0,7.937,54.91
2026-07-13 04:38:16,4,4,0,0,7.934,55.234
2026-07-13 04:43:16,3,3,0,0,7.889,55.255
2026-07-13 04:48:16,3,4,0,0,7.864,54.851
2026-07-13 04:53:16,5,5,0,0,7.782,55.191
2026-07-13 04:58:16,4,4,0,0,7.654,55.738
2026-07-13 05:03:16,3,4,0,0,7.568,55.641
2026-07-13 05:08:16,6,6,0,0,7.509,55.498
2026-07-13 05:13:16,6,7,0,0,7.365,55.921
2026-07-13 05:18:16,4,6,0,0,7.306,56.116
2026-07-13 05:23:16,7,7,0,0,7.189,57.149
2026-07-13 05:28:16,8,9,0,0,7.162,57.199
2026-07-13 05:33:16,4,6,0,0,7.149,57.428
2026-07-13 05:38:16,6,6,0,0,7.093,57.687
2026-07-13 05:43:16,7,9,0,0,7.098,57.308
2026-07-13 05:48:16,7,7,0,0,7.018,57.897
2026-07-13 05:53:17,4,6,0,0,6.954,58.532
2026-07-13 05:58:17,6,6,0,0,6.901,58.227
2026-07-13 06:03:17,3,4,0,0,6.911,58.418
2026-07-13 06:08:17,2,4,0,0,6.927,58.321
2026-07-13 06:13:17,3,3,0,0,6.906,58.099
2026-07-13 06:18:17,2,2,0,0,6.903,58.246
2026-07-13 06:23:17,3,3,0,0,6.922,58.134
2026-07-13 06:28:17,2,3,0,0,6.957,57.823
2026-07-13 06:33:17,1,1,0,0,6.927,57.556
2026-07-13 06:38:17,1,1,0,0,6.927,57.613
2026-07-13 06:43:17,3,3,0,0,6.89,57.863
2026-07-13 06:48:17,1,1,0,0,6.804,57.575
2026-07-13 06:53:17,3,3,0,0,6.727,57.563
2026-07-13 06:58:17,11,11,0,0,6.636,57.788
2026-07-13 07:03:17,9,9,0,0,6.513,57.76
2026-07-13 07:08:17,6,6,0,0,6.436,58.563
2026-07-13 07:13:17,9,9,0,0,6.35,59.286
2026-07-13 07:18:17,7,8,0,0,6.324,59.879
2026-07-13 07:23:17,9,9,0,0,6.329,59.713
2026-07-13 07:28:17,11,11,0,0,6.337,60.066
2026-07-13 07:33:17,7,9,0,0,6.342,59.934
2026-07-13 07:38:17,6,6,0,0,6.326,60.213
2026-07-13 07:43:17,8,9,0,0,6.308,61
2026-07-13 07:48:17,9,9,0,0,6.326,61.412
2026-07-13 07:53:17,7,8,0,0,6.353,61.34
2026-07-13 07:58:17,9,13,0,0,6.436,61.262
2026-07-13 08:03:17,23,23,0,0,6.519,60.987
2026-07-13 08:08:17,24,27,0,0,6.585,60.659
2026-07-13 08:13:17,17,17,0,0,6.572,60.667
2026-07-13 08:18:26,18,20,0,0,6.607,61.187
2026-07-13 08:23:17,23,27,0,0,6.676,61.607
2026-07-13 08:28:17,23,23,0,0,6.804,61.922
2026-07-13 08:33:17,19,20,0,0,6.959,61.687
2026-07-13 08:38:17,62,77,0,0,7.154,61.451
2026-07-13 08:43:17,55,67,0,0,7.376,61.046
2026-07-13 08:48:17,24,24,0,0,7.576,60.602
2026-07-13 08:53:17,38,43,0,0,7.755,60.434
2026-07-13 08:58:17,52,64,0,0,7.995,60.428
2026-07-13 09:03:17,52,63,0,0,8.284,60.453
2026-07-13 09:08:17,54,66,0,0,8.658,60.646
2026-07-13 09:13:17,42,47,0,0,9.112,60.59
2026-07-13 09:18:17,33,38,0,0,9.656,61.401
2026-07-13 09:23:17,28,30,0,0,10.22,60.485
2026-07-13 09:28:17,27,27,0,0,10.81,58.754
2026-07-13 09:33:17,26,28,0,0,11.48,55.74
2026-07-13 09:38:17,21,25,0,0,12.174,52.764
2026-07-13 09:43:17,12,14,0,0,12.903,49.816
2026-07-13 09:48:17,13,16,0,0,13.499,49.005
2026-07-13 09:53:17,15,16,0,0,13.982,49.14
2026-07-13 09:58:17,19,21,0,0,14.375,48.383
2026-07-13 10:03:17,18,19,0,0,14.693,47.952
2026-07-13 10:08:17,19,20,0,0,15.018,47.481
2026-07-13 10:13:17,26,29,0,0,15.339,46.388
2026-07-13 10:18:17,16,18,0,0,15.667,44.956
2026-07-13 10:23:25,23,24,0,0,15.945,44.334
2026-07-13 10:28:29,23,23,0,0,16.244,43.516
2026-07-13 10:33:17,18,19,0,0,16.492,42.533
2026-07-13 10:38:17,12,14,0,0,16.754,41.702
2026-07-13 10:43:17,25,26,0,0,17,41.578
2026-07-13 10:48:17,29,29,0,0,17.227,40.954
2026-07-13 10:53:17,25,27,0,0,17.464,40.359
2026-07-13 10:58:17,26,28,0,0,17.641,39.645
2026-07-13 11:03:17,27,28,0,0,17.833,39.43
2026-07-13 11:08:17,29,30,0,0,18.025,39.045
2026-07-13 11:13:17,23,24,0,0,18.26,38.535
2026-07-13 11:18:17,16,17,0,0,18.447,38.535
2026-07-13 11:23:17,22,23,0,0,18.671,38.039
2026-07-13 11:28:17,23,24,0,0,18.816,37.915
2026-07-13 11:33:17,24,25,0,0,19.026,37.66
2026-07-13 11:38:17,18,18,0,0,19.227,38.333
2026-07-13 11:43:17,12,16,0,0,19.398,37.568
2026-07-13 11:48:17,18,18,0,0,19.611,37.257
2026-07-13 11:53:18,11,12,0,0,19.771,36.937
2026-07-13 11:58:17,14,15,0,0,19.948,36.758
2026-07-13 12:03:17,8,12,0,0,20.135,36.575
2026-07-13 12:08:24,11,12,0,0,20.338,36.216
2026-07-13 12:13:18,12,16,0,0,20.525,35.957
2026-07-13 12:18:18,20,20,0,0,20.65,35.884
2026-07-13 12:23:18,12,13,0,0,20.858,35.711
2026-07-13 12:28:18,14,17,0,0,20.973,35.47
2026-07-13 12:33:18,10,12,0,0,21.072,35.316
2026-07-13 12:38:18,17,17,0,0,21.165,35.184
2026-07-13 12:43:27,15,16,0,0,21.323,34.967
2026-07-13 12:48:18,12,15,0,0,21.422,34.867
2026-07-13 12:53:18,17,18,0,0,21.507,34.713
2026-07-13 12:58:18,13,14,0,0,21.635,34.745
2026-07-13 13:03:18,11,12,0,0,21.726,34.026
2026-07-13 13:08:18,14,18,0,0,21.793,33.939
2026-07-13 13:13:18,8,10,0,0,21.822,33.916
2026-07-13 13:18:18,7,8,0,0,21.852,33.935
2026-07-13 13:23:18,8,10,0,0,21.913,33.942
2026-07-13 13:28:18,9,11,0,0,21.988,33.429
2026-07-13 13:33:18,8,11,0,0,22.097,33.391
2026-07-13 13:38:18,8,8,0,0,22.244,32.605
2026-07-13 13:43:18,7,7,0,0,22.423,32.3
2026-07-13 13:48:18,5,6,0,0,22.615,31.566
2026-07-13 13:53:18,5,5,0,0,22.784,30.769
2026-07-13 13:58:18,5,5,0,0,22.981,31.348
2026-07-13 14:03:18,2,2,0,0,23.123,31.306
2026-07-13 14:08:18,4,5,0,0,23.387,30.797
2026-07-13 14:13:18,4,4,0,0,23.59,30.807
2026-07-13 14:18:25,7,7,0,0,23.745,30.522
2026-07-13 14:23:18,6,6,0,0,23.905,30.341
2026-07-13 14:28:18,3,3,0,0,24.036,29.91
2026-07-13 14:33:18,5,5,0,0,24.148,29.975
2026-07-13 14:38:18,3,3,0,0,24.22,29.843
2026-07-13 14:43:18,3,3,0,0,24.346,29.248
2026-07-13 14:48:18,2,2,0,0,24.415,28.487
2026-07-13 14:53:18,2,3,0,0,24.533,28.27
2026-07-13 14:58:18,3,3,0,0,24.61,28.403
2026-07-13 15:03:24,3,3,0,0,24.656,28.468
2026-07-13 15:08:18,2,2,0,0,24.733,28.567
2026-07-13 15:13:18,3,3,0,0,24.826,27.974
2026-07-13 15:18:18,3,3,0,0,24.933,27.955
2026-07-13 15:23:18,3,3,0,0,24.995,27.717
2026-07-13 15:28:18,2,2,0,0,25.126,27.389
2026-07-13 15:33:19,1,2,0,0,25.166,27.009
2026-07-13 15:38:18,1,1,0,0,25.16,26.937
2026-07-13 15:43:18,2,2,0,0,25.227,26.801
2026-07-13 15:48:18,0,0,0,0,25.23,26.845
2026-07-13 15:53:26,2,2,0,0,25.243,26.485
2026-07-13 15:58:18,2,2,0,0,25.278,26.3
2026-07-13 16:03:59,0,0,0,0,25.278,26.151
2026-07-13 16:08:32,2,2,0,0,25.243,26.004
2026-07-13 16:13:18,2,2,0,0,25.206,26.376
2026-07-13 16:18:18,1,1,0,0,25.171,26.195
2026-07-13 16:23:18,2,2,0,0,25.115,26.24
2026-07-13 16:28:18,2,3,0,0,25.075,26.368
2026-07-13 16:33:18,0,0,0,0,25.011,26.425
2026-07-13 16:38:18,2,3,0,0,24.952,26.683
2026-07-13 16:43:18,4,4,0,0,24.861,26.792
2026-07-13 16:48:18,3,3,0,0,24.754,26.918
2026-07-13 16:53:18,3,3,0,0,24.648,27.442
2026-07-13 16:58:18,5,6,0,0,24.501,28.043
2026-07-13 17:03:18,6,7,0,0,24.306,29.039
2026-07-13 17:08:19,6,7,0,0,24.119,29.651
2026-07-13 17:13:18,5,7,0,0,23.894,30.053
2026-07-13 17:18:18,5,5,0,0,23.649,30.379
2026-07-13 17:23:18,5,5,0,0,23.408,30.633
2026-07-13 17:28:18,6,6,0,0,23.147,30.809
2026-07-13 17:33:19,5,6,0,0,22.816,31.098
2026-07-13 17:38:19,5,5,0,0,22.485,31.469
2026-07-13 17:43:19,8,8,0,0,22.087,31.665
2026-07-13 17:48:19,9,9,0,0,21.726,32.142
2026-07-13 17:53:19,13,15,0,0,21.32,32.073
2026-07-13 17:58:19,73,79,0,0,20.946,32.338
2026-07-13 18:03:19,49,61,0,0,20.634,32.54
2026-07-13 18:08:19,16,16,0,0,20.26,32.729
2026-07-13 18:13:19,5,7,0,0,19.958,32.941
2026-07-13 18:18:19,6,6,0,0,19.683,33.3
2026-07-13 18:23:19,4,5,0,0,19.456,33.349
2026-07-13 18:28:19,7,7,0,0,19.229,33.956
2026-07-13 18:33:19,6,6,0,0,19.029,34.286
2026-07-13 18:38:19,4,4,0,0,18.799,34.671
2026-07-13 18:43:19,9,9,0,0,18.543,34.995
2026-07-13 18:48:19,20,22,0,0,18.305,35.407
2026-07-13 18:53:19,13,16,0,0,18.108,35.791
2026-07-13 18:58:19,30,34,0,0,17.876,36.176
2026-07-13 19:03:19,32,35,0,0,17.713,36.487
2026-07-13 19:08:19,26,26,0,0,17.582,37.114
2026-07-13 19:13:19,11,12,0,0,17.467,37.135
2026-07-13 19:18:19,11,13,0,0,17.328,37.845
2026-07-13 19:23:19,7,7,0,0,17.189,38.263
2026-07-13 19:28:19,14,14,0,0,17.112,38.612
2026-07-13 19:33:19,29,33,0,0,16.912,38.915
2026-07-13 19:38:19,36,43,0,0,16.775,39.441
2026-07-13 19:43:29,22,23,0,0,16.642,40.384
2026-07-13 19:48:19,24,27,0,0,16.516,40.632
2026-07-13 19:53:19,30,31,0,0,16.364,41.452
2026-07-13 19:58:19,24,26,0,0,16.212,41.856
2026-07-13 20:03:19,26,27,0,0,16.06,42.6
2026-07-13 20:08:19,30,33,0,0,15.937,43.247
2026-07-13 20:13:19,28,28,0,0,15.787,44.2
2026-07-13 20:18:28,28,30,0,0,15.649,44.296
2026-07-13 20:23:19,26,28,0,0,15.507,44.395
2026-07-13 20:28:19,30,31,0,0,15.355,44.628
2026-07-13 20:33:19,25,26,0,0,15.189,44.866
2026-07-13 20:38:19,23,24,0,0,15.018,45.564
2026-07-13 20:43:19,31,31,0,0,14.879,46.02
2026-07-13 20:48:19,30,31,0,0,14.738,46.609
2026-07-13 20:53:19,26,27,0,0,14.604,46.892
2026-07-13 20:58:19,31,32,0,0,14.482,46.943
2026-07-13 21:03:19,23,23,0,0,14.335,46.811
2026-07-13 21:08:19,19,23,0,0,14.161,47.164
2026-07-13 21:13:19,28,29,0,0,14.03,47.729
2026-07-13 21:18:19,29,29,0,0,13.923,47.908
2026-07-13 21:23:19,25,25,0,0,13.769,47.494
2026-07-13 21:28:19,21,21,0,0,13.656,48.093
2026-07-13 21:33:19,30,30,0,0,13.544,48.37
2026-07-13 21:38:19,29,30,0,0,13.432,48.252
2026-07-13 21:43:19,39,47,0,0,13.355,49.032
2026-07-13 21:48:19,35,39,0,0,13.272,49.591
2026-07-13 21:53:19,29,31,0,0,13.186,49.922
2026-07-13 21:58:19,26,28,0,0,13.133,49.402
2026-07-13 22:03:19,29,33,0,0,13.09,49.043
2026-07-13 22:08:19,39,46,0,0,13.048,49.154
2026-07-13 22:13:19,34,37,0,0,12.994,48.847
2026-07-13 22:18:19,34,35,0,0,12.911,49.224
2026-07-13 22:23:19,102,107,0,0,12.853,49.718
2026-07-13 22:28:19,68,78,0,0,12.805,49.999
2026-07-13 22:33:19,42,50,0,0,12.711,50.312
2026-07-13 22:38:19,39,49,0,0,12.676,50.695
2026-07-13 22:43:19,36,41,0,0,12.615,50.346
2026-07-13 22:48:19,28,29,0,0,12.546,50.367
2026-07-13 22:53:19,34,36,0,0,12.479,50.357
2026-07-13 22:58:19,29,29,0,0,12.348,50.592
2026-07-13 23:03:19,34,37,0,0,12.233,50.899
2026-07-13 23:08:19,36,41,0,0,12.145,51.53
2026-07-13 23:13:20,37,41,0,0,12.07,51.942
2026-07-13 23:18:19,33,36,0,0,12.017,52.394
2026-07-13 23:23:19,31,32,0,0,11.993,52.536
2026-07-13 23:28:28,27,28,0,0,11.894,52.566
2026-07-13 23:33:19,33,34,0,0,11.809,52.608
2026-07-13 23:38:19,30,33,0,0,11.769,52.408
2026-07-13 23:43:20,37,40,0,0,11.718,52.89
2026-07-13 23:48:19,37,42,0,0,11.654,52.705
2026-07-13 23:53:19,39,49,0,0,11.608,52.696
2026-07-13 23:58:19,39,44,0,0,11.584,52.303
2026-07-14 00:03:20,42,51,0,0,11.592,52.726
2026-07-14 00:08:19,39,46,0,0,11.528,52.08
2026-07-14 00:13:20,37,41,0,0,11.48,51.986
2026-07-14 00:18:19,39,46,0,0,11.392,52.129
2026-07-14 00:23:20,38,43,0,0,11.379,52.917
2026-07-14 00:28:20,36,42,0,0,11.285,53.312
2026-07-14 00:33:20,42,47,0,0,11.146,53.709
2026-07-14 00:38:20,44,52,0,0,11.026,54.111
2026-07-14 00:43:20,43,51,0,0,10.97,54.084
2026-07-14 00:48:20,43,52,0,0,10.935,54.479
2026-07-14 00:53:20,43,50,0,0,10.887,54.87
2026-07-14 00:58:20,40,50,0,0,10.898,54.925
2026-07-14 01:03:20,39,47,0,0,10.895,54.786
2026-07-14 01:08:20,39,46,0,0,10.871,55.078
2026-07-14 01:13:20,44,53,0,0,10.831,55.135
2026-07-14 01:18:20,39,44,0,0,10.821,55.33
2026-07-14 01:23:20,39,44,0,0,10.783,55.078
2026-07-14 01:28:20,40,45,0,0,10.789,55.131
2026-07-14 01:33:20,41,49,0,0,10.791,55.173
2026-07-14 01:38:20,39,46,0,0,10.722,55.242
2026-07-14 01:43:20,38,44,0,0,10.69,55.389
2026-07-14 01:48:20,44,52,0,0,10.602,56.043
2026-07-14 01:53:30,43,50,0,0,10.546,56.608
2026-07-14 01:58:20,38,47,0,0,10.46,56.94
2026-07-14 02:03:20,36,39,0,0,10.425,57.048
2026-07-14 02:08:20,36,40,0,0,10.404,57.481
2026-07-14 02:13:20,39,44,0,0,10.388,57.23
2026-07-14 02:18:20,39,43,0,0,10.369,57.855
2026-07-14 02:23:20,39,46,0,0,10.391,57.689
2026-07-14 02:28:20,37,41,0,0,10.377,57.561
2026-07-14 02:33:28,38,43,0,0,10.335,58.088
2026-07-14 02:38:20,40,43,0,0,10.329,58.162
2026-07-14 02:43:20,36,44,0,0,10.305,57.983
2026-07-14 02:48:20,36,40,0,0,10.257,57.933
2026-07-14 02:53:20,36,40,0,0,10.206,57.809
2026-07-14 02:58:20,34,39,0,0,10.172,58.096
2026-07-14 03:03:20,37,39,0,0,10.11,58.458
2026-07-14 03:08:20,38,44,0,0,10.124,58.651
2026-07-14 03:13:20,36,42,0,0,10.041,58.973
2026-07-14 03:18:20,39,46,0,0,10.019,59.839
2026-07-14 03:23:20,39,46,0,0,10.009,60.379
2026-07-14 03:28:20,39,49,0,0,9.979,60.268
2026-07-14 03:33:22,41,46,0,0,9.953,59.724
2026-07-14 03:38:20,40,44,0,0,9.886,59.677
2026-07-14 03:43:20,36,43,0,0,9.875,59.835
2026-07-14 03:48:20,36,39,0,0,9.843,59.513
2026-07-14 03:53:20,36,42,0,0,9.841,59.551
2026-07-14 03:58:20,37,39,0,0,9.822,59.537
2026-07-14 04:03:20,37,41,0,0,9.774,59.747
2026-07-14 04:08:20,35,39,0,0,9.694,60.077
2026-07-14 04:13:20,34,38,0,0,9.651,60.23
2026-07-14 04:18:20,34,39,0,0,9.587,60.052
2026-07-14 04:23:20,32,34,0,0,9.576,60.224
2026-07-14 04:28:20,34,38,0,0,9.525,60.3
2026-07-14 04:33:20,36,40,0,0,9.451,60.087
2026-07-14 04:38:20,35,36,0,0,9.392,60.674
2026-07-14 04:43:20,38,43,0,0,9.352,61.231
2026-07-14 04:48:20,37,40,0,0,9.317,61.626
2026-07-14 04:53:20,37,39,0,0,9.237,61.893
2026-07-14 04:58:20,38,42,0,0,9.149,62.135
2026-07-14 05:03:20,40,46,0,0,9.077,63.152
2026-07-14 05:08:39,36,43,0,0,9.069,63.64
2026-07-14 05:13:20,37,41,0,0,9.053,63.219
2026-07-14 05:18:20,38,42,0,0,9.034,62.999
2026-07-14 05:23:20,35,38,0,0,9.026,63.064
2026-07-14 05:28:20,38,43,0,0,9.039,63.478
2026-07-14 05:33:20,39,43,0,0,8.983,63.236
2026-07-14 05:38:20,40,47,0,0,8.925,63.627
2026-07-14 05:43:20,38,43,0,0,8.845,63.82
2026-07-14 05:48:20,41,47,0,0,8.778,65.078
2026-07-14 05:53:21,39,44,0,0,8.756,65.374
2026-07-14 05:58:20,38,43,0,0,8.716,65.485
2026-07-14 06:03:21,40,44,0,0,8.716,65.672
2026-07-14 06:08:21,39,46,0,0,8.668,66.16
2026-07-14 06:13:21,41,49,0,0,8.655,66.053
2026-07-14 06:18:21,38,44,0,0,8.652,65.887
2026-07-14 06:23:21,39,45,0,0,8.655,65.939
2026-07-14 06:28:21,42,49,0,0,8.636,65.941
2026-07-14 06:33:21,42,49,0,0,8.631,65.593
2026-07-14 06:38:21,42,50,0,0,8.588,66.021
2026-07-14 06:43:21,44,53,0,0,8.535,67.003
2026-07-14 06:48:21,45,55,0,0,8.537,67.228
2026-07-14 06:53:21,46,55,0,0,8.575,67.615
2026-07-14 06:58:21,48,57,0,0,8.623,67.44
2026-07-14 07:03:21,47,55,0,0,8.61,66.999
2026-07-14 07:08:21,42,54,0,0,8.58,66.993
2026-07-14 07:13:21,46,55,0,0,8.559,67.301
2026-07-14 07:18:21,48,57,0,0,8.561,67.842
2026-07-14 07:23:21,48,58,0,0,8.535,67.688
2026-07-14 07:28:21,45,54,0,0,8.476,67.518
2026-07-14 07:33:21,50,61,0,0,8.399,67.497
2026-07-14 07:38:21,49,60,0,0,8.316,68.346
2026-07-14 07:43:21,42,47,0,0,8.27,67.722
2026-07-14 07:48:21,47,55,0,0,8.193,67.732
2026-07-14 07:53:21,45,53,0,0,8.091,68.023
2026-07-14 07:58:21,46,56,0,0,8.07,68.271
2026-07-14 08:03:21,49,58,0,0,8.049,68.786
2026-07-14 08:08:21,47,56,0,0,8.078,68.863
2026-07-14 08:13:21,48,57,0,0,8.094,68.945
2026-07-14 08:18:21,50,61,0,0,8.121,68.886
2026-07-14 08:23:21,48,59,0,0,8.209,69.168
2026-07-14 08:28:21,49,59,0,0,8.292,69.311
2026-07-14 08:33:21,50,58,0,0,8.409,69.446
2026-07-14 08:38:21,50,59,0,0,8.535,69.225
2026-07-14 08:43:21,49,62,0,0,8.724,69.059
2026-07-14 08:48:21,51,64,0,0,8.935,69.156
2026-07-14 08:53:21,52,65,0,0,9.125,68.134
2026-07-14 08:58:21,52,63,0,0,9.357,68.17
2026-07-14 09:03:21,50,58,0,0,9.485,67.459
2026-07-14 09:08:21,54,70,0,0,9.694,67.566
2026-07-14 09:13:21,52,65,0,0,9.961,67.684
2026-07-14 09:18:21,55,69,0,0,10.217,67.442
2026-07-14 09:23:21,51,62,0,0,10.468,66.82
2026-07-14 09:28:29,54,68,0,0,10.682,65.754
2026-07-14 09:33:21,51,61,0,0,10.869,65.517
2026-07-14 09:38:21,50,61,0,0,11.032,65.498
2026-07-14 09:43:21,53,65,0,0,11.224,64.953
2026-07-14 09:48:21,50,60,0,0,11.392,63.862
2026-07-14 09:53:22,46,55,0,0,11.576,63.07
2026-07-14 09:58:21,46,56,0,0,11.75,62.708
2026-07-14 10:03:21,47,56,0,0,11.929,62.488
2026-07-14 10:08:21,50,61,0,0,12.198,62.202
2026-07-14 10:13:21,51,62,0,0,12.471,61.567
2026-07-14 10:18:21,45,54,0,0,12.781,60.646
2026-07-14 10:23:21,46,56,0,0,13.138,59.553
2026-07-14 10:28:31,44,53,0,0,13.453,58.164
2026-07-14 10:33:21,43,53,0,0,13.769,56.741
2026-07-14 10:38:21,47,58,0,0,14.108,56.337
2026-07-14 10:43:21,47,58,0,0,14.415,55.461
2026-07-14 10:48:21,45,55,0,0,14.719,54.67
2026-07-14 10:53:21,42,49,0,0,15.008,53.758
2026-07-14 10:58:21,43,53,0,0,15.259,52.858
2026-07-14 11:03:21,40,48,0,0,15.48,51.483
2026-07-14 11:08:21,38,46,0,0,15.64,50.75
2026-07-14 11:13:21,37,43,0,0,15.769,50.231
2026-07-14 11:18:28,37,46,0,0,15.996,50.075
2026-07-14 11:23:21,40,47,0,0,16.263,48.965
2026-07-14 11:28:21,44,54,0,0,16.479,48.557
2026-07-14 11:33:21,44,54,0,0,16.709,48.4
2026-07-14 11:38:21,44,55,0,0,16.944,47.946
2026-07-14 11:43:21,41,50,0,0,17.181,47.447
2026-07-14 11:48:21,39,46,0,0,17.403,46.121
2026-07-14 11:53:21,38,44,0,0,17.617,45.318
2026-07-14 11:58:21,36,43,0,0,17.822,46.268
2026-07-14 12:03:22,40,48,0,0,18.215,45.404
2026-07-14 12:08:22,40,47,0,0,18.623,44.013
2026-07-14 12:13:22,50,60,0,0,18.93,43.35
2026-07-14 12:18:21,40,47,0,0,19.163,43.069
2026-07-14 12:23:21,36,43,0,0,19.347,42.953
2026-07-14 12:28:21,34,41,0,0,19.31,42.497
2026-07-14 12:33:28,35,42,0,0,19.221,42.573
2026-07-14 12:38:21,33,37,0,0,19.181,42.518
2026-07-14 12:43:21,30,33,0,0,19.253,42.222
2026-07-14 12:48:21,24,27,0,0,19.32,41.896
2026-07-14 12:53:31,25,25,0,0,19.275,41.169
2026-07-14 12:58:21,23,23,0,0,19.155,41.99
2026-07-14 13:03:21,22,25,0,0,19.091,42.405
2026-07-14 13:08:21,32,38,0,0,19.067,42.371
2026-07-14 13:13:21,27,29,0,0,19.181,42.287
2026-07-14 13:18:21,24,25,0,0,19.336,41.395
2026-07-14 13:23:21,24,26,0,0,19.531,40.731
2026-07-14 13:28:21,21,22,0,0,19.758,39.838
2026-07-14 13:33:22,24,25,0,0,20.001,40.365
2026-07-14 13:38:21,27,27,0,0,20.207,39.678
2026-07-14 13:43:22,21,24,0,0,20.319,39.344
2026-07-14 13:48:22,17,19,0,0,20.439,39.42
2026-07-14 13:53:22,43,52,0,0,20.573,39.232
2026-07-14 13:58:22,24,26,0,0,20.752,38.61
2026-07-14 14:03:22,21,24,0,0,20.821,38.524
2026-07-14 14:08:22,12,13,0,0,20.92,37.673
2026-07-14 14:13:22,13,15,0,0,20.917,38.396
2026-07-14 14:18:22,8,9,0,0,20.856,40.05
2026-07-14 14:23:22,14,17,0,0,20.832,40.197
2026-07-14 14:28:22,9,9,0,0,20.925,40.962
2026-07-14 14:33:22,12,21,0,0,21.043,40.229
2026-07-14 14:38:22,7,7,0,0,21.08,39.968
2026-07-14 14:43:31,8,12,0,0,21.013,39.985
2026-07-14 14:48:22,22,23,0,0,20.853,40.223
2026-07-14 14:53:22,13,15,0,0,20.669,40.693
2026-07-14 14:58:22,9,11,0,0,20.525,41.177
2026-07-14 15:03:22,7,7,0,0,20.37,41.322
2026-07-14 15:08:22,12,13,0,0,20.225,41.526
2026-07-14 15:13:22,8,8,0,0,20.092,42.033
2026-07-14 15:18:22,17,17,0,0,20.006,42.867
2026-07-14 15:23:22,9,9,0,0,19.908,43.554
2026-07-14 15:28:22,11,14,0,0,19.857,43.304
2026-07-14 15:33:22,9,11,0,0,19.801,43.405
2026-07-14 15:38:22,5,6,0,0,19.745,43.063
2026-07-14 15:43:22,3,4,0,0,19.649,43.187
2026-07-14 15:48:22,5,6,0,0,19.569,43.353
2026-07-14 15:53:22,6,6,0,0,19.486,43.252
2026-07-14 15:58:22,5,6,0,0,19.448,44.031
2026-07-14 16:04:12,8,11,0,0,19.403,43.819
2026-07-14 16:08:49,6,6,0,0,19.374,43.706
2026-07-14 16:13:22,8,8,0,0,19.328,43.453
2026-07-14 16:18:22,9,9,0,0,19.277,43.479
2026-07-14 16:23:22,8,9,0,0,19.165,43.943
2026-07-14 16:28:22,7,8,0,0,19.042,43.981
2026-07-14 16:33:22,7,8,0,0,18.944,44.084
2026-07-14 16:38:22,5,5,0,0,18.848,44.116
2026-07-14 16:43:22,4,5,0,0,18.751,44.465
2026-07-14 16:48:22,8,8,0,0,18.655,44.605
2026-07-14 16:53:22,6,6,0,0,18.524,45.001
2026-07-14 16:58:22,42,51,0,0,18.388,45.289
2026-07-14 17:03:22,96,105,0,0,18.22,45.85
2026-07-14 17:08:22,51,64,0,0,18.041,46.092
2026-07-14 17:13:22,26,28,0,0,17.881,46.537
2026-07-14 17:18:22,40,47,0,0,17.667,46.588
2026-07-14 17:23:22,40,48,0,0,17.502,47.09
2026-07-14 17:28:22,54,66,0,0,17.301,47.716
2026-07-14 17:33:22,50,62,0,0,17.115,48.284
2026-07-14 17:38:22,53,68,0,0,16.922,48.807
2026-07-14 17:43:22,39,48,0,0,16.738,49.438
2026-07-14 17:48:22,29,33,0,0,16.586,50.062
2026-07-14 17:53:22,68,77,0,0,16.41,50.662
2026-07-14 17:58:23,66,76,0,0,16.188,51.216
2026-07-14 18:03:22,62,72,0,0,15.99,51.572
2026-07-14 18:08:22,54,67,0,0,15.833,52.314
2026-07-14 18:13:22,77,80,0,0,15.681,52.774
2026-07-14 18:18:22,41,48,0,0,15.52,53.113
2026-07-14 18:23:22,45,55,0,0,15.411,53.73
2026-07-14 18:28:22,27,28,0,0,15.277,54.042
2026-07-14 18:33:22,43,51,0,0,15.173,54.094
2026-07-14 18:38:22,34,39,0,0,15.114,54.17
2026-07-14 18:43:22,33,36,0,0,15.05,54.445
2026-07-14 18:48:22,33,35,0,0,14.968,54.882
2026-07-14 18:53:29,31,31,0,0,14.842,54.996
2026-07-14 18:58:22,24,26,0,0,14.677,55.748
2026-07-14 19:03:22,27,29,0,0,14.551,55.908
2026-07-14 19:08:22,23,23,0,0,14.458,56.491
2026-07-14 19:13:22,26,28,0,0,14.353,56.531
2026-07-14 19:18:22,34,37,0,0,14.289,56.322
2026-07-14 19:23:29,30,34,0,0,14.241,56.118
2026-07-14 19:28:22,53,66,0,0,14.239,56.436
2026-07-14 19:33:23,41,47,0,0,14.174,56.833
2026-07-14 19:38:22,39,45,0,0,14.14,58.097
2026-07-14 19:43:22,35,40,0,0,14.036,58.944
2026-07-14 19:48:22,49,62,0,0,13.961,59.427
2026-07-14 19:53:22,67,78,0,0,13.87,59.717
2026-07-14 19:58:32,36,40,0,0,13.814,59.73
2026-07-14 20:03:22,32,35,0,0,13.734,59.801
2026-07-14 20:08:22,25,27,0,0,13.678,59.652
2026-07-14 20:13:23,26,26,0,0,13.63,59.801
2026-07-14 20:18:23,36,44,0,0,13.587,59.539
2026-07-14 20:23:23,45,54,0,0,13.555,59.394
2026-07-14 20:28:23,73,82,0,0,13.566,59.579
2026-07-14 20:33:23,72,80,0,0,13.544,59.496
2026-07-14 20:38:23,73,81,0,0,13.531,59.608
2026-07-14 20:43:23,64,77,0,0,13.52,59.576
2026-07-14 20:48:31,29,35,0,0,13.494,59.566
2026-07-14 20:53:23,28,29,0,0,13.445,59.686
2026-07-14 20:58:23,28,29,0,0,13.363,59.774
2026-07-14 21:03:23,26,31,0,0,13.285,60.131
2026-07-14 21:08:23,23,26,0,0,13.24,60.308
2026-07-14 21:13:23,27,29,0,0,13.192,60.281
2026-07-14 21:18:23,29,31,0,0,13.128,60.423
2026-07-14 21:23:23,119,135,0,0,13.056,60.695
2026-07-14 21:28:23,45,55,0,0,12.992,60.913
2026-07-14 21:33:23,19,21,0,0,12.984,60.997
2026-07-14 21:38:23,30,35,0,0,12.941,61.092
2026-07-14 21:43:23,32,33,0,0,12.935,61.1
2026-07-14 21:48:23,41,49,0,0,12.938,61.13
2026-07-14 21:53:23,49,61,0,0,12.914,61.412
2026-07-14 21:58:29,44,53,0,0,12.925,61.004
2026-07-14 22:03:23,40,49,0,0,12.85,61.1
2026-07-14 22:08:23,26,28,0,0,12.829,61.521
2026-07-14 22:13:23,19,21,0,0,12.778,61.468
2026-07-14 22:18:23,25,25,0,0,12.698,61.399
2026-07-14 22:23:23,31,33,0,0,12.628,61.809
2026-07-14 22:28:23,29,29,0,0,12.503,62.023
2026-07-14 22:33:23,34,37,0,0,12.447,62.32
2026-07-14 22:38:23,31,32,0,0,12.343,62.482
2026-07-14 22:43:24,35,40,0,0,12.289,62.725
2026-07-14 22:48:23,37,42,0,0,12.238,62.708
2026-07-14 22:53:23,32,37,0,0,12.23,62.803
2026-07-14 22:58:23,37,42,0,0,12.238,62.809
2026-07-14 23:03:23,30,30,0,0,12.212,62.769
2026-07-14 23:08:27,28,31,0,0,12.18,62.822
2026-07-14 23:13:23,27,29,0,0,12.166,62.765
2026-07-14 23:18:23,32,38,0,0,12.182,62.906
2026-07-14 23:23:30,34,40,0,0,12.156,63.123
2026-07-14 23:28:23,35,40,0,0,12.097,62.898
2026-07-14 23:33:23,35,39,0,0,12.028,63.127
2026-07-14 23:38:43,35,39,0,0,11.937,63.228
2026-07-14 23:43:23,35,38,0,0,11.841,63.574
2026-07-14 23:48:23,35,37,0,0,11.739,63.869
2026-07-14 23:53:23,35,37,0,0,11.723,63.955
2026-07-14 23:58:23,33,37,0,0,11.704,64.024
2026-07-15 00:03:23,39,47,0,0,11.667,64.277
2026-07-15 00:08:23,36,41,0,0,11.638,64.42
2026-07-15 00:13:23,35,41,0,0,11.582,64.251
2026-07-15 00:18:23,37,41,0,0,11.536,64.182
2026-07-15 00:23:23,36,40,0,0,11.512,64.094
2026-07-15 00:28:23,38,45,0,0,11.485,64.132
2026-07-15 00:33:23,37,43,0,0,11.453,64.434
2026-07-15 00:38:23,36,43,0,0,11.387,64.665
2026-07-15 00:43:23,33,39,0,0,11.299,64.912
2026-07-15 00:48:33,35,38,0,0,11.205,65.151
2026-07-15 00:53:23,35,37,0,0,11.122,65.105
2026-07-15 00:58:23,35,39,0,0,11.058,65.246
2026-07-15 01:03:23,36,37,0,0,10.991,65.66
2026-07-15 01:08:23,35,39,0,0,10.919,66.04
2026-07-15 01:13:23,36,39,0,0,10.853,66.395
2026-07-15 01:18:23,38,43,0,0,10.783,66.356
2026-07-15 01:23:23,35,40,0,0,10.794,66.549
2026-07-15 01:28:23,39,44,0,0,10.756,66.511
2026-07-15 01:33:23,38,43,0,0,10.746,66.57
2026-07-15 01:38:23,39,45,0,0,10.682,66.854
2026-07-15 01:43:23,41,48,0,0,10.684,66.976
2026-07-15 01:48:23,44,53,0,0,10.692,66.612
2026-07-15 01:53:23,45,53,0,0,10.692,66.797
2026-07-15 01:58:24,44,53,0,0,10.719,66.992
2026-07-15 02:03:24,46,56,0,0,10.77,67.19
2026-07-15 02:08:24,44,54,0,0,10.839,66.759
2026-07-15 02:13:24,46,55,0,0,10.885,66.621
2026-07-15 02:18:24,45,53,0,0,10.935,66.448
2026-07-15 02:23:24,45,54,0,0,10.986,66.259
2026-07-15 02:28:24,46,57,0,0,10.989,66.311
2026-07-15 02:33:24,47,56,0,0,11.032,66.168
2026-07-15 02:38:24,46,55,0,0,11.037,65.956
2026-07-15 02:43:24,46,56,0,0,10.997,65.901
2026-07-15 02:48:24,46,58,0,0,10.925,66.129
2026-07-15 02:53:24,49,58,0,0,10.874,66.4
2026-07-15 02:58:24,46,55,0,0,10.826,66.25
2026-07-15 03:03:24,46,55,0,0,10.77,66.335
2026-07-15 03:08:24,44,53,0,0,10.698,66.677
2026-07-15 03:13:24,46,56,0,0,10.674,66.732
2026-07-15 03:18:24,48,57,0,0,10.612,66.784
2026-07-15 03:23:24,44,53,0,0,10.607,67.045
2026-07-15 03:28:24,45,55,0,0,10.57,67.161
2026-07-15 03:33:24,49,59,0,0,10.546,67.117
2026-07-15 03:38:24,50,61,0,0,10.54,67.205
2026-07-15 03:43:24,48,60,0,0,10.554,67.245
2026-07-15 03:48:24,48,60,0,0,10.535,67.287
2026-07-15 03:53:24,49,59,0,0,10.543,67.217
2026-07-15 03:58:24,50,61,0,0,10.583,67.173
2026-07-15 04:03:24,50,61,0,0,10.599,66.814
2026-07-15 04:08:24,54,66,0,0,10.604,66.955
2026-07-15 04:13:24,56,70,0,0,10.628,66.953
2026-07-15 04:18:24,69,82,0,0,10.615,66.929
2026-07-15 04:23:24,65,79,0,0,10.623,66.845
2026-07-15 04:28:24,63,76,0,0,10.634,66.854
2026-07-15 04:33:24,56,70,0,0,10.623,66.765
2026-07-15 04:38:26,47,59,0,0,10.628,66.545
2026-07-15 04:43:24,43,52,0,0,10.636,66.52
2026-07-15 04:48:24,40,45,0,0,10.668,66.248
2026-07-15 04:53:24,39,49,0,0,10.647,66.499
2026-07-15 04:58:24,44,53,0,0,10.628,66.524
2026-07-15 05:03:24,46,55,0,0,10.551,66.906
2026-07-15 05:08:24,47,56,0,0,10.449,67.407
2026-07-15 05:13:24,46,55,0,0,10.393,67.445
2026-07-15 05:18:24,49,60,0,0,10.348,67.785
2026-07-15 05:23:24,48,59,0,0,10.27,67.922
2026-07-15 05:28:24,49,57,0,0,10.209,67.989
2026-07-15 05:33:24,49,58,0,0,10.137,68.136
2026-07-15 05:38:24,46,56,0,0,10.116,68.313
2026-07-15 05:43:24,49,60,0,0,10.132,68.285
2026-07-15 05:48:24,49,60,0,0,10.148,68.166
2026-07-15 05:53:24,47,56,0,0,10.132,68.298
2026-07-15 05:58:24,49,59,0,0,10.1,68.577
2026-07-15 06:03:24,44,54,0,0,10.092,68.531
2026-07-15 06:08:24,41,51,0,0,10.209,68.22
2026-07-15 06:13:24,40,51,0,0,10.289,67.821
2026-07-15 06:18:24,40,48,0,0,10.388,67.51
2026-07-15 06:23:24,37,39,0,0,10.481,67.173
2026-07-15 06:28:24,34,37,0,0,10.556,66.845
2026-07-15 06:33:24,39,44,0,0,10.655,66.639
2026-07-15 06:38:24,41,50,0,0,10.722,66.28
2026-07-15 06:43:24,49,60,0,0,10.74,66.095
2026-07-15 06:48:24,39,43,0,0,10.738,66.257
2026-07-15 06:53:24,37,39,0,0,10.719,66.49
2026-07-15 06:58:24,33,37,0,0,10.735,66.414
2026-07-15 07:03:24,30,31,0,0,10.81,66.305
2026-07-15 07:08:24,31,32,0,0,10.917,66.177
2026-07-15 07:13:24,33,33,0,0,10.97,65.78
2026-07-15 07:18:24,32,33,0,0,11.023,65.704
2026-07-15 07:23:24,27,28,0,0,11.053,65.841
2026-07-15 07:28:24,29,30,0,0,11.034,65.929
2026-07-15 07:33:24,28,28,0,0,11.034,65.929
2026-07-15 07:38:24,25,25,0,0,11.056,65.899
2026-07-15 07:43:24,29,31,0,0,11.09,65.609
2026-07-15 07:48:24,32,39,0,0,11.162,65.349
2026-07-15 07:53:24,33,34,0,0,11.216,65.098
2026-07-15 07:58:25,31,34,0,0,11.293,64.798
2026-07-15 08:03:25,26,29,0,0,11.355,64.214
2026-07-15 08:08:25,28,28,0,0,11.467,63.635
2026-07-15 08:13:25,28,29,0,0,11.59,62.935
2026-07-15 08:18:25,26,30,0,0,11.766,60.781
2026-07-15 08:23:25,30,32,0,0,11.979,61.67
2026-07-15 08:28:25,37,43,0,0,12.156,61.668
2026-07-15 08:33:25,37,44,0,0,12.303,61.817
2026-07-15 08:38:25,30,30,0,0,12.34,61.767
2026-07-15 08:43:25,32,33,0,0,12.351,61.769
2026-07-15 08:48:25,30,31,0,0,12.412,61.685
2026-07-15 08:53:25,27,29,0,0,12.522,61.163
2026-07-15 08:58:25,27,28,0,0,12.687,62.301
2026-07-15 09:03:25,34,37,0,0,12.743,64.626
2026-07-15 09:08:25,23,24,0,0,12.658,65.653
2026-07-15 09:13:25,30,31,0,0,12.506,66.427
2026-07-15 09:18:25,26,27,0,0,12.393,67.163
2026-07-15 09:23:25,23,25,0,0,12.343,66.833
2026-07-15 09:28:25,24,27,0,0,12.324,66.156
2026-07-15 09:33:25,24,26,0,0,12.417,65.195
2026-07-15 09:38:25,25,28,0,0,12.535,64.888
2026-07-15 09:43:25,32,39,0,0,12.751,64.31
2026-07-15 09:48:25,32,35,0,0,12.927,63.387
2026-07-15 09:53:25,29,30,0,0,13.037,62.837
2026-07-15 09:58:25,25,28,0,0,13.149,62.614
2026-07-15 10:03:25,21,21,0,0,13.229,62.643
2026-07-15 10:08:25,21,24,0,0,13.202,62.729
2026-07-15 10:13:25,23,25,0,0,13.186,62.542
2026-07-15 10:18:25,20,21,0,0,13.259,62.019
2026-07-15 10:23:25,25,26,0,0,13.352,61.992
2026-07-15 10:28:25,21,24,0,0,13.456,62.074
2026-07-15 10:33:25,26,28,0,0,13.531,61.746
2026-07-15 10:38:25,21,25,0,0,13.63,59.944
2026-07-15 10:43:33,23,25,0,0,13.777,59.484
2026-07-15 10:48:25,19,23,0,0,14.068,58.397
2026-07-15 10:53:25,20,25,0,0,14.49,57.434
2026-07-15 10:58:25,23,24,0,0,14.954,55.845
2026-07-15 11:03:25,22,24,0,0,15.395,54.838
2026-07-15 11:08:25,14,15,0,0,15.753,52.419
2026-07-15 11:13:25,9,12,0,0,16.038,50.533
2026-07-15 11:18:35,17,19,0,0,16.297,49.377
2026-07-15 11:23:25,18,19,0,0,16.57,47.723
2026-07-15 11:28:25,25,28,0,0,16.797,46.457
2026-07-15 11:33:25,20,22,0,0,17.034,47.441
2026-07-15 11:38:25,9,12,0,0,17.221,50.447
2026-07-15 11:43:25,23,23,0,0,17.443,49.892
2026-07-15 11:48:35,37,43,0,0,17.504,49.22
2026-07-15 11:53:25,32,37,0,0,17.464,52.53
2026-07-15 11:58:25,24,26,0,0,17.35,48.452
2026-07-15 12:03:25,26,30,0,0,16.984,49.365
2026-07-15 12:08:25,29,30,0,0,16.658,50.228
2026-07-15 12:13:25,23,24,0,0,16.41,50.559
2026-07-15 12:18:25,24,25,0,0,16.255,50.682
2026-07-15 12:23:25,28,31,0,0,16.207,50.369
2026-07-15 12:28:25,11,13,0,0,16.231,49.201
2026-07-15 12:33:25,12,12,0,0,16.281,48.706
2026-07-15 12:38:25,17,18,0,0,16.361,47.038
2026-07-15 12:43:25,8,9,0,0,16.46,46.977
2026-07-15 12:48:25,8,8,0,0,16.535,46.56
2026-07-15 12:53:44,13,16,0,0,16.607,46.237
2026-07-15 12:58:25,12,13,0,0,16.695,46.268
2026-07-15 13:03:25,17,17,0,0,16.757,53.859
2026-07-15 13:08:25,13,13,0,0,16.909,47.78
2026-07-15 13:13:25,11,17,0,0,16.938,46.119
2026-07-15 13:18:25,7,9,0,0,16.978,46.829
2026-07-15 13:23:25,5,5,0,0,17.016,44.404
2026-07-15 13:28:25,8,8,0,0,17.125,43.502
2026-07-15 13:33:25,5,6,0,0,17.256,42.678
2026-07-15 13:38:25,4,5,0,0,17.382,42.55
2026-07-15 13:43:25,4,4,0,0,17.52,41.068
2026-07-15 13:48:25,2,2,0,0,17.705,38.657
2026-07-15 13:53:25,15,19,0,0,17.87,42.857
2026-07-15 13:58:25,22,25,0,0,17.838,44.195
2026-07-15 14:03:26,25,26,0,0,17.633,44.189
2026-07-15 14:08:25,11,14,0,0,17.475,44.605
2026-07-15 14:13:26,15,16,0,0,17.366,47.83
2026-07-15 14:18:26,20,20,0,0,17.293,45.823
2026-07-15 14:23:25,10,11,0,0,17.235,43.62
2026-07-15 14:28:25,29,30,0,0,17.24,44.902
2026-07-15 14:33:26,29,31,0,0,17.224,44.273
2026-07-15 14:38:26,28,29,0,0,17.272,43.432
2026-07-15 14:43:26,11,14,0,0,17.366,39.361
2026-07-15 14:48:26,8,8,0,0,17.55,37.929
2026-07-15 14:53:26,1,1,0,0,17.801,36.004
2026-07-15 14:58:26,1,2,0,0,18.073,36.306
2026-07-15 15:03:26,9,16,0,0,18.244,37.776
2026-07-15 15:08:27,5,6,0,0,18.394,37.265
2026-07-15 15:13:26,1,1,0,0,18.476,37.727
2026-07-15 15:18:26,1,1,0,0,18.532,37.866
2026-07-15 15:23:26,5,5,0,0,18.514,38.751
2026-07-15 15:28:26,0,0,0,0,18.49,39.356
2026-07-15 15:33:26,0,0,0,0,18.442,41.131
2026-07-15 15:38:26,4,4,0,0,18.364,42.091
2026-07-15 15:43:26,1,1,0,0,18.244,43.554
2026-07-15 15:48:29,1,1,0,0,18.092,44.723
2026-07-15 15:53:26,2,2,0,0,17.958,43.645
2026-07-15 15:58:26,4,5,0,0,17.827,44.57
2026-07-15 16:04:30,12,12,0,0,17.681,44.307
2026-07-15 16:09:02,5,5,0,0,17.603,47.471
2026-07-15 16:13:32,11,11,0,0,17.464,47.628
2026-07-15 16:18:27,6,7,0,0,17.4,47.721
2026-07-15 16:23:26,7,7,0,0,17.398,47.021
2026-07-15 16:28:26,8,8,0,0,17.456,47.023
2026-07-15 16:33:26,4,5,0,0,17.544,46.89
2026-07-15 16:38:26,6,8,0,0,17.667,46.68
2026-07-15 16:43:26,1,2,0,0,17.699,46.26
2026-07-15 16:48:26,0,0,0,0,17.707,45.919
2026-07-15 16:53:26,0,0,0,0,17.705,45.892
2026-07-15 16:58:26,5,5,0,0,17.723,46.546
2026-07-15 17:03:26,1,1,0,0,17.721,46.476
2026-07-15 17:08:26,5,5,0,0,17.667,46.308
2026-07-15 17:13:26,10,11,0,0,17.614,45.755
2026-07-15 17:18:26,9,11,0,0,17.459,46.451
2026-07-15 17:23:26,4,5,0,0,17.307,46.537
2026-07-15 17:28:26,5,5,0,0,17.189,46.71
2026-07-15 17:33:26,6,8,0,0,17.082,47.157
2026-07-15 17:38:26,8,8,0,0,16.984,46.909
2026-07-15 17:43:26,24,24,0,0,16.847,47.113
2026-07-15 17:48:26,32,34,0,0,16.754,46.815
2026-07-15 17:53:26,37,45,0,0,16.647,46.92
2026-07-15 17:58:26,30,31,0,0,16.567,47.162
2026-07-15 18:03:26,65,76,0,0,16.46,47.99
2026-07-15 18:08:26,51,64,0,0,16.348,48.868
2026-07-15 18:13:26,46,60,0,0,16.188,49.272
2026-07-15 18:18:26,42,50,0,0,16.052,49.726
2026-07-15 18:23:26,16,19,0,0,15.937,49.934
2026-07-15 18:28:26,20,22,0,0,15.846,50.342
2026-07-15 18:33:26,12,14,0,0,15.745,50.737
2026-07-15 18:38:26,16,16,0,0,15.614,51.008
2026-07-15 18:43:26,12,15,0,0,15.475,51.637
2026-07-15 18:48:26,5,5,0,0,15.344,51.301
2026-07-15 18:53:26,23,23,0,0,15.261,51.237
2026-07-15 18:58:26,23,26,0,0,15.227,51.277
2026-07-15 19:03:26,20,20,0,0,15.235,51.088
2026-07-15 19:08:26,58,69,0,0,15.256,51.839
2026-07-15 19:13:26,52,63,0,0,15.197,51.897
2026-07-15 19:18:26,24,24,0,0,15.12,51.736
2026-07-15 19:23:26,78,82,0,0,15.053,52.215
2026-07-15 19:28:26,52,66,0,0,14.944,52.56
2026-07-15 19:33:26,52,63,0,0,14.869,52.797
2026-07-15 19:38:26,33,36,0,0,14.778,52.993
2026-07-15 19:43:26,19,23,0,0,14.634,52.959
2026-07-15 19:48:26,12,13,0,0,14.516,53.31
2026-07-15 19:53:26,16,17,0,0,14.377,53.955
2026-07-15 19:58:32,34,39,0,0,14.241,54.231
2026-07-15 20:03:26,41,49,0,0,14.132,54.685
2026-07-15 20:08:33,33,35,0,0,13.993,55.063
2026-07-15 20:13:27,21,21,0,0,13.835,55.027
2026-07-15 20:18:26,23,24,0,0,13.718,55.37
2026-07-15 20:23:26,25,25,0,0,13.638,55.692
2026-07-15 20:28:26,25,26,0,0,13.582,55.91
2026-07-15 20:33:26,24,24,0,0,13.547,56.215
2026-07-15 20:38:26,30,31,0,0,13.518,56.032
2026-07-15 20:43:26,24,24,0,0,13.555,56.358
2026-07-15 20:48:26,28,29,0,0,13.528,56.287
2026-07-15 20:53:26,53,66,0,0,13.491,56.278
2026-07-15 20:58:26,30,32,0,0,13.448,56.278
2026-07-15 21:03:26,35,39,0,0,13.405,56.314
2026-07-15 21:08:26,46,55,0,0,13.392,56.509
2026-07-15 21:13:26,41,48,0,0,13.357,56.621
2026-07-15 21:18:27,34,36,0,0,13.331,56.886
2026-07-15 21:23:26,49,60,0,0,13.325,57.012
2026-07-15 21:28:26,43,51,0,0,13.344,57.973
2026-07-15 21:33:27,35,39,0,0,13.339,58.94
2026-07-15 21:38:27,31,32,0,0,13.315,60.159
2026-07-15 21:43:27,36,40,0,0,13.296,61.025
2026-07-15 21:48:27,30,32,0,0,13.267,61.916
2026-07-15 21:53:27,30,31,0,0,13.21,62.706
2026-07-15 21:58:27,23,24,0,0,13.157,63.114
2026-07-15 22:03:27,34,38,0,0,13.104,63.266
2026-07-15 22:08:27,41,50,0,0,13.026,63.274
2026-07-15 22:13:27,25,26,0,0,12.976,63.144
2026-07-15 22:18:27,37,45,0,0,12.951,63.572
2026-07-15 22:23:27,23,24,0,0,12.925,63.736
2026-07-15 22:28:27,8,8,0,0,12.903,63.949
2026-07-15 22:33:27,9,12,0,0,12.866,63.928
2026-07-15 22:38:27,11,11,0,0,12.829,64.375
2026-07-15 22:43:27,16,17,0,0,12.711,64.243
2026-07-15 22:48:27,25,26,0,0,12.639,64.991
2026-07-15 22:53:27,16,17,0,0,12.594,65.326
2026-07-15 22:58:27,5,6,0,0,12.594,64.739
2026-07-15 23:03:27,6,6,0,0,12.567,64.525
2026-07-15 23:08:27,25,28,0,0,12.615,64.718
2026-07-15 23:13:27,24,24,0,0,12.642,64.724
2026-07-15 23:18:27,32,33,0,0,12.668,64.682
2026-07-15 23:23:27,23,23,0,0,12.658,64.056
2026-07-15 23:28:27,16,18,0,0,12.631,64.228
2026-07-15 23:33:27,24,24,0,0,12.612,64.872
2026-07-15 23:38:27,28,28,0,0,12.562,64.914
2026-07-15 23:43:27,32,33,0,0,12.516,64.901
2026-07-15 23:48:27,23,23,0,0,12.511,64.922
2026-07-15 23:53:27,28,29,0,0,12.476,65.054
2026-07-15 23:58:27,30,32,0,0,12.436,65.475
2026-07-16 00:03:27,51,65,0,0,12.449,65.611
2026-07-16 00:08:27,53,67,0,0,12.42,66.078
2026-07-16 00:13:27,37,45,0,0,12.348,66.414
2026-07-16 00:18:27,27,28,0,0,12.241,66.786
2026-07-16 00:23:27,8,8,0,0,12.23,66.282
2026-07-16 00:28:27,5,5,0,0,12.238,66.305
2026-07-16 00:33:34,6,7,0,0,12.295,66.097
2026-07-16 00:38:27,25,27,0,0,12.321,66.023
2026-07-16 00:43:27,15,18,0,0,12.364,66.303
2026-07-16 00:48:37,25,26,0,0,12.407,66.148
2026-07-16 00:53:27,6,6,0,0,12.407,65.733
2026-07-16 00:58:37,7,7,0,0,12.415,65.866
2026-07-16 01:03:27,5,6,0,0,12.449,65.643
2026-07-16 01:08:27,3,3,0,0,12.455,65.166
2026-07-16 01:13:27,8,12,0,0,12.481,64.972
2026-07-16 01:18:27,6,8,0,0,12.519,64.781
2026-07-16 01:23:35,3,3,0,0,12.543,64.554
2026-07-16 01:28:27,3,4,0,0,12.548,64.521
2026-07-16 01:33:27,4,5,0,0,12.572,64.989
2026-07-16 01:38:27,7,7,0,0,12.527,65.296
2026-07-16 01:43:27,5,6,0,0,12.457,65.313
2026-07-16 01:48:27,6,7,0,0,12.407,65.454
2026-07-16 01:53:27,8,9,0,0,12.332,65.58
2026-07-16 01:58:27,6,7,0,0,12.303,65.178
2026-07-16 02:03:27,12,15,0,0,12.297,65.132
2026-07-16 02:08:27,11,13,0,0,12.316,64.743
2026-07-16 02:13:27,8,12,0,0,12.356,64.626
2026-07-16 02:18:27,12,12,0,0,12.359,64.428
2026-07-16 02:23:27,12,13,0,0,12.329,64.272
2026-07-16 02:28:27,20,25,0,0,12.327,64.392
2026-07-16 02:33:27,9,12,0,0,12.348,64.134
2026-07-16 02:38:27,16,18,0,0,12.348,64.092
2026-07-16 02:43:27,15,16,0,0,12.385,64.125
2026-07-16 02:48:27,8,9,0,0,12.38,64.106
2026-07-16 02:53:27,7,8,0,0,12.423,64.254
2026-07-16 02:58:47,9,9,0,0,12.444,64.026
2026-07-16 03:03:27,8,8,0,0,12.471,63.963
2026-07-16 03:08:27,9,11,0,0,12.465,64.373
2026-07-16 03:13:27,7,9,0,0,12.465,64.315
2026-07-16 03:18:27,9,9,0,0,12.449,64.527
2026-07-16 03:23:27,7,7,0,0,12.452,64.384
2026-07-16 03:28:27,6,6,0,0,12.423,64.563
2026-07-16 03:33:27,7,9,0,0,12.396,63.089
2026-07-16 03:38:27,8,8,0,0,12.348,64.605
2026-07-16 03:43:27,7,8,0,0,12.289,63.724
2026-07-16 03:48:27,7,8,0,0,12.268,62.95
2026-07-16 03:53:27,0,0,0,0,12.396,54.386
2026-07-16 03:58:27,0,0,0,0,12.951,51.225
2026-07-16 04:03:27,0,0,0,0,13.694,49.77
2026-07-16 04:08:27,0,0,0,0,14.316,48.25
2026-07-16 04:13:27,0,0,0,0,14.741,47.567
2026-07-16 04:18:27,0,0,0,0,14.992,46.441
2026-07-16 04:23:28,1,1,0,0,15.173,47.462
2026-07-16 04:28:27,0,0,0,0,15.221,46.735
2026-07-16 04:33:27,0,0,0,0,15.221,47.017
2026-07-16 04:38:34,0,0,0,0,15.205,46.466
2026-07-16 04:43:27,0,0,0,0,15.189,46.405
2026-07-16 04:48:28,0,0,0,0,15.232,46.619
2026-07-16 04:53:28,0,0,0,0,15.219,47.052
2026-07-16 04:58:28,0,0,0,0,15.149,47.061
2026-07-16 05:03:33,0,0,0,0,15.034,47.359
2026-07-16 05:08:28,1,1,0,0,14.909,47.649
2026-07-16 05:13:28,0,0,0,0,14.741,47.843
2026-07-16 05:18:28,0,0,0,0,14.61,48.191
2026-07-16 05:23:28,4,4,0,0,14.484,48.82
2026-07-16 05:28:28,1,1,0,0,14.383,49.297
2026-07-16 05:33:28,0,0,0,0,14.244,49.222
2026-07-16 05:38:28,0,0,0,0,14.174,49.207
2026-07-16 05:43:30,0,0,0,0,14.158,48.746
2026-07-16 05:48:28,0,0,0,0,14.199,48.25
2026-07-16 05:53:28,0,0,0,0,14.26,47.759
2026-07-16 05:58:34,0,0,0,0,14.345,47.573
2026-07-16 06:03:28,0,0,0,0,14.377,47.191
2026-07-16 06:08:28,1,1,0,0,14.412,47.929
2026-07-16 06:13:28,0,0,0,0,14.412,48.286
2026-07-16 06:18:28,0,0,0,0,14.364,48.658
2026-07-16 06:23:28,0,0,0,0,14.383,47.653
2026-07-16 06:28:28,0,0,0,0,14.556,43.248
2026-07-16 06:33:28,0,0,0,0,15.077,40.08
2026-07-16 06:38:28,0,0,0,0,15.606,39.726
2026-07-16 06:43:28,0,0,0,0,16.03,37.753
2026-07-16 06:48:28,0,0,0,0,16.458,35.163
2026-07-16 06:53:28,0,2,0,0,16.965,33.284
2026-07-16 06:58:28,0,0,0,0,17.566,32.596
2026-07-16 07:03:28,0,0,0,0,18.103,32.525
2026-07-16 07:08:28,0,0,0,0,18.487,31.392
2026-07-16 07:13:28,0,0,0,0,18.778,31.406
2026-07-16 07:18:28,0,0,0,0,19.064,31.085
2026-07-16 07:23:28,0,0,0,0,19.227,31.158
2026-07-16 07:28:28,0,0,0,0,19.336,31.612
2026-07-16 07:33:28,0,0,0,0,19.355,30.954
2026-07-16 07:38:29,0,0,0,0,19.336,30.418
2026-07-16 07:43:28,0,0,0,0,19.368,30.587
2026-07-16 07:48:28,0,0,0,0,19.323,31.316
2026-07-16 07:53:28,0,0,0,0,19.229,31.993
2026-07-16 07:58:28,0,0,0,0,19.061,32.802
2026-07-16 08:03:28,1,1,0,0,18.84,36.285
2026-07-16 08:08:28,7,9,0,0,18.581,37.641
2026-07-16 08:13:28,2,2,0,0,18.268,37.769
2026-07-16 08:18:28,3,4,0,0,18.004,39.293
2026-07-16 08:23:28,0,0,0,0,17.806,40.426
2026-07-16 08:28:28,3,3,0,0,17.568,42.72
2026-07-16 08:33:28,3,3,0,0,17.293,44.246
2026-07-16 08:38:28,0,0,0,0,17.109,43.561
2026-07-16 08:43:28,0,0,0,0,17.002,45.322
2026-07-16 08:48:28,1,1,0,0,16.869,46.644
2026-07-16 08:53:28,0,0,0,0,16.695,47.353
2026-07-16 08:58:28,0,0,0,0,16.596,44.538
2026-07-16 09:03:28,0,0,0,0,16.586,43.462
2026-07-16 09:08:28,0,0,0,0,16.733,41.11
2026-07-16 15:47:54,13,13,0,0,9.72,89.706
2026-07-16 15:52:53,10,14,0,0,9.784,90.008
2026-07-16 15:57:53,10,14,0,0,9.894,90.084
2026-07-16 16:04:01,16,19,0,0,9.987,89.523
2026-07-16 16:08:20,19,21,0,0,10.11,89.245
2026-07-16 16:12:53,15,18,0,0,10.209,88.654
2026-07-16 16:17:53,27,27,0,0,10.286,87.971
2026-07-16 16:22:53,22,22,0,0,10.297,87.824
2026-07-16 16:27:54,9,9,0,0,10.313,87.391
2026-07-16 16:32:53,5,5,0,0,10.329,86.895
2026-07-16 16:47:54,5,6,0,0,10.473,87.076
2026-07-16 17:02:53,6,6,0,0,10.559,86.493
2026-07-16 17:12:53,4,4,0,0,10.484,86.327
2026-07-16 17:22:53,0,0,0,0,10.455,86.409
2026-07-16 17:27:54,0,0,0,0,10.431,86.269
2026-07-16 17:32:53,0,0,0,0,10.444,86.37
2026-07-16 17:37:53,0,0,0,0,10.431,86.18
2026-07-16 17:42:53,0,0,0,0,10.431,86.365
2026-07-16 17:47:54,0,0,0,0,10.412,86.477
2026-07-16 17:52:54,0,0,0,0,10.417,86.531
2026-07-16 17:57:54,0,1,0,0,10.42,86.191
2026-07-16 18:02:54,0,1,0,0,10.393,86.26
2026-07-16 18:07:53,4,4,0,0,10.388,86.006
2026-07-16 18:12:54,6,7,0,0,10.393,86.071
2026-07-16 18:17:53,2,2,0,0,10.353,86.195
2026-07-16 18:32:54,32,35,0,0,10.27,86.643
2026-07-16 18:37:53,27,28,0,0,10.292,86.565
2026-07-16 18:42:53,17,21,0,0,10.257,86.573
2026-07-16 18:47:53,61,75,0,0,10.292,86.407
2026-07-16 18:52:53,45,54,0,0,10.273,86.662
2026-07-16 18:57:54,36,38,0,0,10.244,86.62
2026-07-16 19:02:54,44,53,0,0,10.206,86.945
2026-07-16 19:12:54,38,41,0,0,10.206,87.158
2026-07-16 19:17:54,99,102,0,0,10.22,87.349
2026-07-16 19:22:53,139,145,0,0,10.238,87.341
2026-07-16 19:28:57,44,53,0,0,10.297,87.095
2026-07-16 19:33:57,52,64,0,0,10.292,87.111
2026-07-16 19:38:57,52,67,0,0,10.311,87.379
2026-07-16 19:43:57,57,69,0,0,10.329,87.589
2026-07-16 19:48:57,71,82,0,0,10.417,87.528
2026-07-16 19:53:58,42,50,0,0,10.399,87.349
2026-07-16 19:58:58,24,24,0,0,10.383,87.259
2026-07-16 20:03:58,22,24,0,0,10.38,87.381
2026-07-16 20:08:57,24,25,0,0,10.356,87.502
2026-07-16 20:14:05,25,26,0,0,10.337,87.338
2026-07-16 20:18:58,27,29,0,0,10.38,87.473
2026-07-16 20:23:57,26,26,0,0,10.367,87.219
2026-07-16 20:28:58,24,26,0,0,10.332,87.301
2026-07-16 20:33:57,25,29,0,0,10.34,87.282
2026-07-16 20:38:58,31,35,0,0,10.34,87.265
2026-07-16 20:43:58,27,29,0,0,10.327,87.254
2026-07-16 20:49:08,27,27,0,0,10.329,87.519
2026-07-16 20:53:58,24,24,0,0,10.335,87.278
2026-07-16 20:58:58,35,38,0,0,10.316,87.242
2026-07-16 21:03:58,32,32,0,0,10.27,87.561
2026-07-16 21:08:58,38,42,0,0,10.228,87.751
2026-07-16 21:13:58,35,39,0,0,10.193,87.91
2026-07-16 21:18:58,51,61,0,0,10.19,88.209
2026-07-16 21:23:58,75,85,0,0,10.166,88.032
2026-07-16 21:28:58,30,31,0,0,10.126,88.02
2026-07-16 21:33:58,36,38,0,0,10.094,88.135
2026-07-16 21:38:58,29,30,0,0,10.043,88.179
2026-07-16 21:43:58,36,42,0,0,10.051,88.432
2026-07-16 21:48:58,12,14,0,0,10.081,87.9
2026-07-16 21:53:58,18,19,0,0,10.051,87.935
2026-07-16 21:58:58,22,22,0,0,10.009,88.673
2026-07-16 22:03:58,21,21,0,0,10.011,88.673
2026-07-16 22:08:58,22,26,0,0,9.998,88.688
2026-07-16 22:13:58,21,22,0,0,10.043,88.974
2026-07-16 22:18:58,17,18,0,0,10.041,89.001
2026-07-16 22:23:58,7,7,0,0,10.068,88.968
2026-07-16 22:28:58,9,9,0,0,10.065,88.511
2026-07-16 22:33:58,6,6,0,0,10.025,88.781
2026-07-16 22:38:58,3,5,0,0,10.038,88.757
2026-07-16 22:43:58,31,32,0,0,10.009,88.795
2026-07-16 22:48:58,26,28,0,0,9.993,89.005
2026-07-16 22:53:58,22,22,0,0,10.033,88.993
2026-07-16 22:58:58,18,21,0,0,10.068,88.898
2026-07-16 23:03:58,3,3,0,0,10.06,88.739
2026-07-16 23:08:58,1,1,0,0,10.057,88.705
2026-07-16 23:13:58,2,3,0,0,10.03,88.484
2026-07-16 23:18:58,3,3,0,0,9.995,88.701
2026-07-16 23:23:58,2,3,0,0,9.987,88.993
2026-07-16 23:28:58,0,1,0,0,10.011,88.553
2026-07-16 23:33:58,1,1,0,0,9.966,87.702
2026-07-16 23:38:58,4,4,0,0,9.918,87.578
2026-07-16 23:43:58,3,4,0,0,9.883,87.568
2026-07-16 23:48:58,1,1,0,0,9.822,87.721
2026-07-16 23:53:58,0,2,0,0,9.787,87.774
2026-07-16 23:58:58,0,0,0,0,9.726,87.532
2026-07-17 00:03:58,0,0,0,0,9.651,87.633
2026-07-17 00:08:58,0,1,0,0,9.579,87.471
2026-07-17 00:13:58,3,3,0,0,9.528,86.327
2026-07-17 00:18:58,3,3,0,0,9.429,85.711
2026-07-17 00:23:58,0,0,0,0,9.304,83.157
2026-07-17 00:28:58,0,0,0,0,9.058,82.294
2026-07-17 00:33:58,0,0,0,0,8.778,83.141
2026-07-17 00:38:58,0,0,0,0,8.535,82.975
2026-07-17 00:43:58,0,0,0,0,8.399,83.618
2026-07-17 00:48:58,0,0,0,0,8.22,84.648
2026-07-17 00:53:58,0,0,0,0,8.14,84.616
2026-07-17 00:58:58,0,0,0,0,8.078,83.452
2026-07-17 01:03:58,0,0,0,0,8.011,83.502
2026-07-17 01:08:58,0,0,0,0,7.923,83.977
2026-07-17 01:13:58,0,0,0,0,7.883,84.438
2026-07-17 01:18:58,0,0,0,0,7.83,86.161
2026-07-17 01:23:58,0,0,0,0,7.854,86.739
2026-07-17 01:28:58,0,0,0,0,7.889,87.244
2026-07-17 01:33:58,0,0,0,0,7.934,87.807
2026-07-17 01:38:58,0,0,0,0,7.979,87.078
2026-07-17 01:43:58,0,0,0,0,8.022,87.841
2026-07-17 01:48:58,0,0,0,0,8.094,87.496
2026-07-17 01:53:58,0,0,0,0,8.134,86
2026-07-17 01:58:58,0,0,0,0,8.153,86.18
2026-07-17 02:03:58,2,2,0,0,8.188,86.149
2026-07-17 02:08:58,1,1,0,0,8.198,86.042
2026-07-17 02:13:58,5,5,0,0,8.209,86.845
2026-07-17 02:18:58,8,8,0,0,8.268,87.147
2026-07-17 02:23:58,18,18,0,0,8.284,86.109
2026-07-17 02:28:58,3,3,0,0,8.329,86.565
2026-07-17 02:33:58,0,1,0,0,8.34,86.857
2026-07-17 02:38:58,23,25,0,0,8.359,86.546
2026-07-17 02:43:58,2,2,0,0,8.359,86.212
2026-07-17 02:48:59,3,3,0,0,8.34,86.447
2026-07-17 02:53:58,0,0,0,0,8.321,86.512
2026-07-17 02:58:59,0,0,0,0,8.313,86.332
2026-07-17 03:03:58,3,3,0,0,8.321,87.082
2026-07-17 03:08:58,0,0,0,0,8.321,86.737
2026-07-17 03:13:59,0,0,0,0,8.334,86.971
2026-07-17 03:18:59,0,0,0,0,8.294,86.779
2026-07-17 03:23:58,0,0,0,0,8.297,86.985
2026-07-17 03:28:58,0,0,0,0,8.3,87.254
2026-07-17 03:33:58,0,0,0,0,8.246,86.8
2026-07-17 03:39:09,0,0,0,0,8.19,87.256
2026-07-17 03:43:58,0,0,0,0,8.107,87.4
2026-07-17 03:48:59,0,0,0,0,8.07,87.421
2026-07-17 03:53:59,0,0,0,0,8.049,87.33
2026-07-17 03:58:59,1,1,0,0,8.019,87.158
2026-07-17 04:03:59,0,0,0,0,7.966,87.273
2026-07-17 04:08:58,0,0,0,0,7.915,87.311
2026-07-17 04:13:59,0,0,0,0,7.899,87.778
2026-07-17 04:24:01,1,1,0,0,7.945,89.119
2026-07-17 04:28:59,5,8,0,0,7.969,89.295
2026-07-17 04:33:59,1,1,0,0,7.971,88.772
2026-07-17 04:38:59,1,1,0,0,7.979,89.268
2026-07-17 04:43:59,0,0,0,0,7.977,89.251
2026-07-17 04:48:59,0,0,0,0,7.995,89.298
2026-07-17 04:53:59,0,0,0,0,8.022,89.268
2026-07-17 04:58:59,0,0,0,0,8.083,89.52
2026-07-17 05:03:59,0,0,0,0,8.113,89.508
2026-07-17 05:08:59,0,0,0,0,8.161,89.932
2026-07-17 05:13:59,0,0,0,0,8.22,90.036
2026-07-17 05:18:59,0,0,0,0,8.329,89.977
2026-07-17 05:23:59,0,0,0,0,8.372,89.659
2026-07-17 05:28:59,0,0,0,0,8.449,89.42
2026-07-17 05:33:59,0,0,0,0,8.508,88.804
2026-07-17 05:38:59,0,0,0,0,8.561,89.018
2026-07-17 05:43:59,0,0,0,0,8.564,88.854
2026-07-17 05:48:59,0,0,0,0,8.548,88.886
2026-07-17 05:53:59,0,0,0,0,8.548,88.917
2026-07-17 05:58:59,0,0,0,0,8.545,89.291
2026-07-17 06:03:59,0,0,0,0,8.596,89.424
2026-07-17 06:08:59,0,1,0,0,8.583,89.068
2026-07-17 06:13:59,0,0,0,0,8.572,88.137
2026-07-17 06:18:59,0,0,0,0,8.511,87.072
2026-07-17 06:23:59,0,0,0,0,8.455,87.66
2026-07-17 06:28:59,0,0,0,0,8.425,87.057
2026-07-17 06:33:59,0,0,0,0,8.375,87.09
2026-07-17 06:38:59,0,0,0,0,8.337,86.794
2026-07-17 06:43:59,0,0,0,0,8.308,87.41
2026-07-17 06:48:59,0,0,0,0,8.316,88.083
2026-07-17 06:53:59,0,0,0,0,8.334,88.76
2026-07-17 06:58:59,0,0,0,0,8.332,88.921
2026-07-17 07:03:59,8,9,0,0,8.359,88.425
2026-07-17 07:08:59,0,0,0,0,8.388,86.947
2026-07-17 07:14:00,0,0,0,0,8.375,87.29
2026-07-17 07:19:00,0,0,0,0,8.399,86.901
2026-07-17 07:23:59,0,0,0,0,8.401,87.973
2026-07-17 07:28:59,0,0,0,0,8.455,87.656
2026-07-17 07:33:59,0,0,0,0,8.479,87.685
2026-07-17 07:38:59,0,0,0,0,8.497,88.198
2026-07-17 07:44:08,0,0,0,0,8.511,88.432
2026-07-17 07:48:59,0,0,0,0,8.537,88.865
2026-07-17 07:53:59,0,0,0,0,8.545,88.886
2026-07-17 07:58:59,0,0,0,0,8.575,88.951
2026-07-17 08:03:59,0,0,0,0,8.572,88.923
2026-07-17 08:09:07,0,0,0,0,8.62,88.417
2026-07-17 08:13:59,0,0,0,0,8.623,88.314
2026-07-17 08:18:59,0,0,0,0,8.636,88.429
2026-07-17 08:24:07,0,0,0,0,8.679,88.589
2026-07-17 08:28:59,0,0,0,0,8.698,88.764
2026-07-17 08:34:00,0,0,0,0,8.743,88.697
2026-07-17 08:39:00,0,1,0,0,8.759,88.547
2026-07-17 08:43:59,3,5,0,0,8.77,88.873
2026-07-17 08:49:15,15,17,0,0,8.748,88.266
2026-07-17 08:53:59,9,10,0,0,8.692,88.198
2026-07-17 08:58:59,16,18,0,0,8.674,88.434
2026-07-17 09:03:59,10,12,0,0,8.676,88.839
2026-07-17 09:08:59,19,21,0,0,8.706,89.138
2026-07-17 09:13:59,2,2,0,0,8.756,89.373
2026-07-17 09:18:59,5,5,0,0,8.802,89.445
2026-07-17 09:23:59,2,3,0,0,8.826,88.93
2026-07-17 09:28:59,17,17,0,0,8.836,88.921
2026-07-17 09:33:59,22,23,0,0,8.845,89.104
2026-07-17 09:38:59,3,3,0,0,8.836,89.283
2026-07-17 09:43:59,8,8,0,0,8.866,89.443
2026-07-17 09:48:59,2,3,0,0,8.874,89.443
2026-07-17 09:54:05,2,3,0,0,8.901,89.195
2026-07-17 09:59:00,1,1,0,0,8.927,89.323
2026-07-17 10:03:59,1,1,0,0,8.919,89.422
2026-07-17 10:08:59,1,1,0,0,8.925,89.686
2026-07-17 10:13:59,6,6,0,0,8.978,90.036
2026-07-17 10:19:00,34,38,0,0,8.999,90.206
2026-07-17 10:24:00,45,54,0,0,9.034,89.937
2026-07-17 10:28:59,8,8,0,0,9.101,90.269
2026-07-17 10:34:00,5,6,0,0,9.16,90.111
2026-07-17 10:39:00,7,8,0,0,9.202,90.044
2026-07-17 10:44:00,12,12,0,0,9.277,90.447
2026-07-17 10:49:00,5,5,0,0,9.328,90.378
2026-07-17 10:54:00,0,0,0,0,9.352,90.164
2026-07-17 10:59:33,0,0,0,0,9.373,89.886
2026-07-17 11:04:42,0,0,0,0,9.373,89.966
2026-07-17 11:09:45,0,0,0,0,9.437,90.059
2026-07-17 11:14:07,0,0,0,0,9.491,89.441
2026-07-17 11:19:00,0,0,0,0,9.523,88.408
2026-07-17 11:24:00,0,0,0,0,9.568,88.167
2026-07-17 11:29:00,0,0,0,0,9.587,88.789
2026-07-17 11:34:00,0,0,0,0,9.707,88.951
2026-07-17 11:39:00,1,1,0,0,9.755,88.629
2026-07-17 11:44:00,0,0,0,0,9.79,88.604
2026-07-17 11:49:00,45,56,0,0,9.873,89.001
2026-07-17 11:54:00,45,55,0,0,9.993,88.736
2026-07-17 11:59:00,3,3,0,0,10.065,89.258
2026-07-17 12:04:00,3,3,0,0,10.172,89.373
2026-07-17 12:09:00,0,1,0,0,10.27,87.885
2026-07-17 12:14:00,1,1,0,0,10.343,87.69
2026-07-17 12:19:00,2,3,0,0,10.484,87.662
2026-07-17 12:24:00,0,0,0,0,10.695,88.018
2026-07-17 12:29:00,0,0,0,0,10.898,86.664
2026-07-17 12:34:00,0,0,0,0,10.991,86.216
2026-07-17 12:39:00,0,0,0,0,10.994,85.693
2026-07-17 12:44:00,0,0,0,0,10.906,84.862
2026-07-17 12:49:00,0,0,0,0,10.797,86.329
2026-07-17 12:54:00,0,0,0,0,10.738,86.46
2026-07-17 12:59:07,0,0,0,0,10.676,86.332
2026-07-17 13:04:00,46,57,0,0,10.655,86.33
2026-07-17 13:09:00,47,54,0,0,10.682,87.187
2026-07-17 13:14:00,27,27,0,0,10.708,87.645
2026-07-17 13:19:00,27,29,0,0,10.724,87.742
2026-07-17 13:24:00,38,43,0,0,10.69,86.956
2026-07-17 13:29:00,40,45,0,0,10.666,87.406
2026-07-17 13:34:10,36,40,0,0,10.618,87.36
2026-07-17 13:39:00,19,21,0,0,10.548,87.572
2026-07-17 13:44:00,47,57,0,0,10.497,87.87
2026-07-17 13:49:00,21,22,0,0,10.444,88.236
2026-07-17 13:54:00,9,9,0,0,10.431,88.732
2026-07-17 13:59:00,19,21,0,0,10.439,88.759
2026-07-17 14:04:00,14,15,0,0,10.452,89.165
2026-07-17 14:09:03,7,7,0,0,10.481,89.342
2026-07-17 14:14:00,6,6,0,0,10.447,88.846
2026-07-17 14:19:10,10,13,0,0,10.404,89.188
2026-07-17 14:24:00,13,16,0,0,10.388,89.462
2026-07-17 14:29:00,10,10,0,0,10.332,89.678
2026-07-17 14:34:00,24,27,0,0,10.377,89.747
2026-07-17 14:39:00,32,32,0,0,10.417,89.901
2026-07-17 14:44:00,36,41,0,0,10.495,90.048
2026-07-17 14:49:00,38,43,0,0,10.559,89.909
2026-07-17 14:54:00,26,26,0,0,10.61,89.031
2026-07-17 14:59:00,25,28,0,0,10.623,89.354
2026-07-17 15:04:00,20,20,0,0,10.642,89.546
2026-07-17 15:09:00,20,20,0,0,10.644,89.508
2026-07-17 15:14:00,17,17,0,0,10.666,89.651
2026-07-17 15:19:00,13,18,0,0,10.674,89.611
2026-07-17 15:24:00,10,13,0,0,10.676,89.523
2026-07-17 15:29:00,22,24,0,0,10.711,89.602
2026-07-17 15:34:00,57,70,0,0,10.719,89.413
2026-07-17 15:39:00,38,46,0,0,10.682,89.51
2026-07-17 15:44:10,85,91,0,0,10.7,89.617
2026-07-17 15:49:00,21,21,0,0,10.692,89.218
2026-07-17 15:54:00,7,8,0,0,10.671,89.331
2026-07-17 15:59:00,3,3,0,0,10.639,89.275
2026-07-17 16:04:55,2,2,0,0,10.636,89.668
2026-07-17 16:09:19,1,1,0,0,10.623,89.455
2026-07-17 16:14:06,0,0,0,0,10.618,89.394
2026-07-17 16:19:00,6,7,0,0,10.61,89.506
2026-07-17 16:24:00,4,5,0,0,10.607,89.697
2026-07-17 16:29:00,6,6,0,0,10.591,89.682
2026-07-17 16:34:00,6,6,0,0,10.626,89.838
2026-07-17 16:39:00,13,13,0,0,10.623,89.956
2026-07-17 16:44:00,12,12,0,0,10.604,89.628
2026-07-17 16:49:07,12,12,0,0,10.543,89.712
2026-07-17 16:54:00,14,16,0,0,10.511,89.92
2026-07-17 16:59:00,4,4,0,0,10.535,90.077
2026-07-17 17:04:00,4,5,0,0,10.505,89.966
2026-07-17 17:09:00,1,2,0,0,10.492,90.031
2026-07-17 17:14:00,1,1,0,0,10.457,89.67
2026-07-17 17:19:00,4,4,0,0,10.404,89.781
2026-07-17 17:24:00,7,7,0,0,10.348,89.47
2026-07-17 17:29:01,33,37,0,0,10.329,89.747
2026-07-17 17:34:00,10,10,0,0,10.294,90.048
2026-07-17 17:39:00,10,12,0,0,10.276,90.202
2026-07-17 17:44:00,7,7,0,0,10.249,90.344
2026-07-17 17:49:00,14,16,0,0,10.23,90.546
2026-07-17 17:54:00,22,25,0,0,10.222,90.538
2026-07-17 17:59:00,29,30,0,0,10.236,90.765
2026-07-17 18:04:01,30,32,0,0,10.233,90.693
2026-07-17 18:09:00,17,18,0,0,10.238,90.674
2026-07-17 18:14:00,6,8,0,0,10.225,90.731
2026-07-17 18:19:01,3,3,0,0,10.201,90.736
2026-07-17 18:24:00,22,22,0,0,10.188,90.876
2026-07-17 18:29:01,2,3,0,0,10.201,91.032
2026-07-17 18:34:00,29,33,0,0,10.233,91.192
2026-07-17 18:39:00,110,114,0,0,10.257,91.16
2026-07-17 18:44:00,49,59,0,0,10.26,90.921
2026-07-17 18:49:01,44,53,0,0,10.236,90.719
2026-07-17 18:54:00,38,45,0,0,10.196,88.749
2026-07-17 18:59:01,65,77,0,0,10.169,87.935
2026-07-17 19:04:01,30,30,0,0,10.108,86.216
2026-07-17 19:09:01,17,19,0,0,10.035,85.913
2026-07-17 19:14:09,14,14,0,0,9.958,86.033
2026-07-17 19:19:01,8,10,0,0,9.91,86.184
2026-07-17 19:24:01,3,4,0,0,9.881,86.287
2026-07-17 19:29:01,34,35,0,0,9.819,87.042
2026-07-17 19:34:01,8,8,0,0,9.8,88.177
2026-07-17 19:39:01,0,0,0,0,9.752,87.465
2026-07-17 19:44:01,1,2,0,0,9.712,86.502
2026-07-17 19:49:01,26,29,0,0,9.656,85.205
2026-07-17 19:54:01,21,22,0,0,9.627,87.725
2026-07-17 19:59:01,27,33,0,0,9.619,87.437
2026-07-17 20:04:01,9,9,0,0,9.576,87.997
2026-07-17 20:09:01,3,3,0,0,9.52,87.936
2026-07-17 20:14:01,37,40,0,0,9.475,88.032
2026-07-17 20:19:01,18,20,0,0,9.456,88.347
2026-07-17 20:24:01,23,26,0,0,9.427,89.302
2026-07-17 20:29:01,1,1,0,0,9.389,88.167
2026-07-17 20:34:01,0,0,0,0,9.317,88.764
2026-07-17 20:39:01,0,0,0,0,9.24,89.384
2026-07-17 20:44:01,0,0,0,0,9.189,88.2
2026-07-17 20:49:10,0,0,0,0,9.101,88.471
2026-07-17 20:54:01,0,0,0,0,9.005,88.665
2026-07-17 20:59:08,1,1,0,0,9.002,89.75
2026-07-17 21:04:01,2,3,0,0,8.981,90.344
2026-07-17 21:09:01,2,2,0,0,9.021,90.492
2026-07-17 21:14:01,3,3,0,0,9.039,90.771
2026-07-17 21:19:01,1,1,0,0,9.066,90.834
2026-07-17 21:24:02,9,9,0,0,9.069,90.866
2026-07-17 21:29:01,4,4,0,0,9.066,90.096
2026-07-17 21:34:01,17,17,0,0,9.047,90.248
2026-07-17 21:39:01,5,5,0,0,9.039,90.227
2026-07-17 21:44:01,9,9,0,0,9.05,90.649
2026-07-17 21:49:02,3,3,0,0,9.031,90.279
2026-07-17 21:54:02,16,19,0,0,9.039,90.559
2026-07-17 21:59:01,4,4,0,0,9.037,90.897
2026-07-17 22:04:01,4,4,0,0,9.05,91.171
2026-07-17 22:09:01,2,2,0,0,9.066,91.213
2026-07-17 22:14:01,0,0,0,0,9.096,90.614
2026-07-17 22:19:01,0,0,0,0,9.05,90.414
2026-07-17 22:24:01,0,0,0,0,9.026,89.975
2026-07-17 22:29:01,1,1,0,0,8.954,89.611
2026-07-17 22:34:01,2,3,0,0,8.922,90.609
2026-07-17 22:39:01,4,5,0,0,8.925,90.851
2026-07-17 22:44:01,1,1,0,0,8.954,90.746
2026-07-17 22:49:01,3,3,0,0,8.919,89.811
2026-07-17 22:54:01,4,5,0,0,8.89,89.224
2026-07-17 22:59:01,6,6,0,0,8.879,89.895
2026-07-17 23:04:02,7,8,0,0,8.882,90.536
2026-07-17 23:09:01,8,8,0,0,8.927,90.719
2026-07-17 23:14:01,8,8,0,0,8.935,90.918
2026-07-17 23:19:01,4,5,0,0,8.981,90.63
2026-07-17 23:24:02,3,3,0,0,8.997,90.115
2026-07-17 23:29:02,9,10,0,0,9.031,90.151
2026-07-17 23:34:01,10,13,0,0,9.002,89.932
2026-07-17 23:39:01,17,17,0,0,8.962,90.187
2026-07-17 23:44:01,68,79,0,0,9.013,90.586
2026-07-17 23:49:02,53,63,0,0,9.039,90.647
2026-07-17 23:54:02,51,61,0,0,9.037,90.601
2026-07-17 23:59:01,29,31,0,0,9.039,90.551
2026-07-18 00:04:01,6,8,0,0,9.047,90.21
2026-07-18 00:09:02,2,3,0,0,9.039,90.008
2026-07-18 00:14:02,2,3,0,0,9.061,90.551
2026-07-18 00:19:02,1,2,0,0,9.042,90.557
2026-07-18 00:24:10,4,4,0,0,9.039,90.534
2026-07-18 00:29:02,3,4,0,0,9.029,89.737
2026-07-18 00:34:02,5,6,0,0,9.01,90.42
2026-07-18 00:39:02,5,7,0,0,8.981,90.607
2026-07-18 00:44:02,5,6,0,0,8.978,90.851
2026-07-18 00:49:02,7,7,0,0,9.007,91.045
2026-07-18 00:54:02,6,6,0,0,9.013,91.017
2026-07-18 00:59:02,5,5,0,0,9.021,89.714
2026-07-18 01:04:02,7,7,0,0,9.018,90.242
2026-07-18 01:09:02,7,7,0,0,9.047,90.422
2026-07-18 01:14:02,9,9,0,0,9.018,90.048
2026-07-18 01:19:02,9,9,0,0,9.066,90.715
2026-07-18 01:24:02,14,14,0,0,9.079,90.719
2026-07-18 01:29:02,12,15,0,0,9.088,90.489
2026-07-18 01:34:02,19,21,0,0,9.101,90.309
2026-07-18 01:39:02,5,5,0,0,9.061,88.503
2026-07-18 01:44:02,0,0,0,0,9.034,86.7
2026-07-18 01:49:02,4,5,0,0,8.951,87.065
2026-07-18 01:54:02,0,0,0,0,8.877,87.196
2026-07-18 01:59:10,0,0,0,0,8.818,87.048
2026-07-18 02:04:02,0,0,0,0,8.772,87.555
2026-07-18 02:09:02,7,7,0,0,8.74,88.53
2026-07-18 02:14:02,0,0,0,0,8.716,88.163
2026-07-18 02:19:02,0,0,0,0,8.719,87.24
2026-07-18 02:24:02,0,0,0,0,8.679,87.555
2026-07-18 02:29:02,0,0,0,0,8.634,87.221
2026-07-18 02:34:03,1,2,0,0,8.62,88.39
2026-07-18 02:39:02,2,2,0,0,8.583,89.178
2026-07-18 02:44:02,0,0,0,0,8.572,89.899
2026-07-18 02:49:02,0,0,0,0,8.596,89.058
2026-07-18 02:54:02,0,1,0,0,8.577,90.178
2026-07-18 02:59:03,0,0,0,0,8.577,90.46
2026-07-18 03:04:02,0,0,0,0,8.583,90.714
2026-07-18 03:09:08,0,0,0,0,8.556,90.681
2026-07-18 03:14:02,0,0,0,0,8.561,90.693
2026-07-18 03:19:02,0,0,0,0,8.54,90.778
2026-07-18 03:24:02,0,0,0,0,8.527,91.219
2026-07-18 03:29:02,0,0,0,0,8.524,91.108
2026-07-18 03:34:03,0,0,0,0,8.516,90.971
2026-07-18 03:39:02,0,0,0,0,8.444,90.92
2026-07-18 03:44:02,0,0,0,0,8.375,90.998
2026-07-18 03:49:03,0,0,0,0,8.27,89.449
2026-07-18 03:54:03,0,0,0,0,8.182,88.974
2026-07-18 03:59:02,0,0,0,0,8.073,88.203
2026-07-18 04:04:03,0,0,0,0,7.942,87.124
2026-07-18 04:09:03,0,0,0,0,7.894,88.68
2026-07-18 04:14:02,1,1,0,0,7.859,89.85
2026-07-18 04:19:03,0,0,0,0,7.846,90.103
2026-07-18 04:24:02,0,0,0,0,7.8,88.28
2026-07-18 04:29:02,0,0,0,0,7.643,86.752
2026-07-18 04:34:03,0,0,0,0,7.443,86.195
2026-07-18 04:39:02,0,0,0,0,7.264,86.853
2026-07-18 04:44:03,0,0,0,0,7.103,87.019
2026-07-18 04:49:02,0,0,0,0,6.973,88.471
2026-07-18 04:54:02,0,0,0,0,6.893,88.759
2026-07-18 04:59:02,0,0,0,0,6.81,88.476
2026-07-18 05:04:02,0,0,0,0,6.714,88.64
2026-07-18 05:09:03,0,0,0,0,6.7,89.602
2026-07-18 05:14:03,0,0,0,0,6.666,90.386
2026-07-18 05:19:02,0,0,0,0,6.655,90.49
2026-07-18 05:24:12,0,0,0,0,6.641,90.904
2026-07-18 05:29:02,0,0,0,0,6.666,90.725
2026-07-18 05:34:02,0,0,0,0,6.706,90.941
2026-07-18 05:39:02,0,0,0,0,6.724,90.324
2026-07-18 05:44:02,0,0,0,0,6.692,89.829
2026-07-18 05:49:02,0,0,0,0,6.698,90.082
2026-07-18 05:54:03,0,0,0,0,6.714,91.036
2026-07-18 05:59:03,0,0,0,0,6.764,91.019
2026-07-18 06:04:02,0,0,0,0,6.815,90.29
2026-07-18 06:09:03,0,0,0,0,6.858,90.736
2026-07-18 06:14:03,2,2,0,0,6.901,90.859
2026-07-18 06:19:03,0,0,0,0,6.919,90.042
2026-07-18 06:24:02,0,0,0,0,6.975,90.855
2026-07-18 06:29:04,0,0,0,0,6.981,90.437
2026-07-18 06:34:02,0,0,0,0,7.042,91.061
2026-07-18 06:39:03,0,0,0,0,7.071,90.904
2026-07-18 06:44:02,0,0,0,0,7.069,91.049
2026-07-18 06:49:03,0,0,0,0,7.114,91.215
2026-07-18 06:54:03,0,0,0,0,7.152,91.242
2026-07-18 07:04:04,1,1,0,0,7.189,91.261
2026-07-18 07:09:03,0,0,0,0,7.181,90.824
2026-07-18 07:14:03,0,0,0,0,7.173,90.578
2026-07-18 07:19:03,0,0,0,0,7.141,90.633
2026-07-18 07:24:02,1,1,0,0,7.125,90.475
2026-07-18 07:29:03,0,0,0,0,7.082,90.731
2026-07-18 07:34:03,0,0,0,0,7.106,91.181
2026-07-18 07:39:05,0,0,0,0,7.119,91.145
2026-07-18 07:44:03,0,0,0,0,7.154,91.263
2026-07-18 07:49:03,0,0,0,0,7.173,91.461
2026-07-18 07:54:03,0,0,0,0,7.189,91.215
2026-07-18 07:59:03,0,0,0,0,7.208,91.019
2026-07-18 08:04:03,0,0,0,0,7.157,90.538
2026-07-18 08:09:03,0,0,0,0,7.162,91.108
2026-07-18 08:14:03,6,7,0,0,7.157,91.436
2026-07-18 08:19:03,0,0,0,0,7.205,90.845
2026-07-18 08:24:03,0,0,0,0,7.149,90.527
2026-07-18 08:29:03,4,4,0,0,7.165,91.253
2026-07-18 08:34:03,0,0,0,0,7.216,91.576
2026-07-18 08:39:03,0,0,0,0,7.245,91.755
2026-07-18 08:44:03,0,0,0,0,7.274,91.572
2026-07-18 08:49:03,0,0,0,0,7.354,91.686
2026-07-18 08:54:03,0,0,0,0,7.392,91.896
2026-07-18 08:59:03,0,0,0,0,7.467,91.934
2026-07-18 09:04:03,3,3,0,0,7.531,91.713
2026-07-18 09:09:03,0,0,0,0,7.6,91.614
2026-07-18 09:14:03,0,0,0,0,7.667,91.416
2026-07-18 09:19:03,0,0,0,0,7.718,91.141
2026-07-18 09:24:03,0,0,0,0,7.768,90.935
2026-07-18 09:29:03,2,2,0,0,7.862,91.259
2026-07-18 09:34:03,0,0,0,0,7.998,91.002
2026-07-18 09:39:03,0,0,0,0,8.137,90.874
2026-07-18 09:44:03,2,2,0,0,8.225,90.126
2026-07-18 09:49:03,3,3,0,0,8.372,90.971
2026-07-18 09:54:03,2,2,0,0,8.583,90.029
2026-07-18 09:59:09,4,5,0,0,8.772,89.802
2026-07-18 10:04:03,3,4,0,0,8.925,89.073
2026-07-18 10:09:03,4,4,0,0,9.055,89.577
2026-07-18 10:14:03,0,0,0,0,9.218,88.184
2026-07-18 10:19:03,0,0,0,0,9.373,88.846
2026-07-18 10:24:13,1,1,0,0,9.512,89.169
2026-07-18 10:29:03,2,2,0,0,9.622,87.387
2026-07-18 10:34:03,1,1,0,0,9.67,88.148
2026-07-18 10:39:03,0,0,0,0,9.672,86.933
2026-07-18 10:44:12,0,0,0,0,9.68,88.65
2026-07-18 10:49:03,1,1,0,0,9.707,88.961
2026-07-18 10:54:12,5,5,0,0,9.71,89.02
2026-07-18 10:59:09,5,6,0,0,9.744,89.222
2026-07-18 11:04:03,6,6,0,0,9.79,89.287
2026-07-18 11:09:03,4,6,0,0,9.798,88.854
2026-07-18 11:14:03,8,8,0,0,9.79,88.854
2026-07-18 11:19:03,4,4,0,0,9.8,89.136
2026-07-18 11:24:04,41,48,0,0,9.8,88.36
2026-07-18 11:29:03,38,42,0,0,9.817,88.427
2026-07-18 11:34:03,51,60,0,0,9.782,88.137
2026-07-18 11:39:03,38,44,0,0,9.768,88.831
2026-07-18 11:44:03,44,50,0,0,9.817,89.802
2026-07-18 11:49:03,31,33,0,0,9.913,89.83
2026-07-18 11:54:03,28,29,0,0,9.971,89.947
2026-07-18 11:59:03,31,33,0,0,10.081,88.841
2026-07-18 12:04:04,20,21,0,0,10.121,89.081
2026-07-18 12:09:03,7,7,0,0,10.174,89.193
2026-07-18 12:14:03,4,5,0,0,10.18,89.317
2026-07-18 12:19:04,7,7,0,0,10.26,89.989
2026-07-18 12:24:03,3,3,0,0,10.353,89.413
2026-07-18 12:29:04,13,14,0,0,10.479,88.757
2026-07-18 12:34:04,5,5,0,0,10.516,87.324
2026-07-18 12:39:03,21,22,0,0,10.564,88.2
2026-07-18 12:44:03,3,3,0,0,10.666,87.633
2026-07-18 12:49:04,3,4,0,0,10.775,87.677
2026-07-18 12:54:13,3,3,0,0,10.853,87.99
2026-07-18 12:59:04,24,26,0,0,10.895,87.246
2026-07-18 13:04:04,3,3,0,0,10.925,87.948
2026-07-18 13:09:04,12,13,0,0,10.949,88.368
2026-07-18 13:14:11,5,5,0,0,11.056,88.841
2026-07-18 13:19:04,9,9,0,0,11.186,88.566
2026-07-18 13:24:03,10,10,0,0,11.285,89.262
2026-07-18 13:29:03,22,24,0,0,11.36,88.461
2026-07-18 13:34:03,29,32,0,0,11.328,88.919
2026-07-18 13:39:03,31,31,0,0,11.328,89.018
2026-07-18 13:44:11,35,37,0,0,11.325,89.262
2026-07-18 13:49:04,26,27,0,0,11.301,89.439
2026-07-18 13:54:03,19,21,0,0,11.317,89.239
2026-07-18 13:59:03,7,9,0,0,11.315,88.844
2026-07-18 14:04:03,15,17,0,0,11.237,88.369
2026-07-18 14:09:04,18,20,0,0,11.189,88.574
2026-07-18 14:14:04,33,33,0,0,11.189,88.808
2026-07-18 14:19:04,30,32,0,0,11.146,88.883
2026-07-18 14:24:04,44,54,0,0,11.128,88.856
2026-07-18 14:29:04,132,140,0,0,11.061,88.394
2026-07-18 14:34:04,38,42,0,0,10.965,88.32
2026-07-18 14:39:04,39,44,0,0,10.858,88.27
2026-07-18 14:44:04,39,45,0,0,10.762,88.804
2026-07-18 14:49:04,44,52,0,0,10.684,89.523
2026-07-18 14:54:04,31,32,0,0,10.676,89.443
2026-07-18 14:59:04,36,38,0,0,10.708,90.036
2026-07-18 15:04:04,44,53,0,0,10.719,90.376
2026-07-18 15:09:04,36,43,0,0,10.778,90.624
2026-07-18 15:14:04,37,43,0,0,10.845,90.498
2026-07-18 15:19:04,33,34,0,0,10.858,90.382
2026-07-18 15:24:04,25,28,0,0,10.863,90.326
2026-07-18 15:29:13,35,37,0,0,10.869,90.761
2026-07-18 15:34:04,37,42,0,0,10.906,90.502
2026-07-18 15:39:04,35,36,0,0,10.991,91.08
2026-07-18 15:44:04,25,25,0,0,11.056,90.561
2026-07-18 15:49:04,30,31,0,0,11.12,90.107
2026-07-18 15:54:04,24,26,0,0,11.133,88.718
2026-07-18 15:59:04,32,34,0,0,11.136,89.525
2026-07-18 16:04:48,27,27,0,0,11.152,89.829
2026-07-18 16:09:20,24,25,0,0,11.248,90.366
2026-07-18 16:14:04,25,26,0,0,11.349,89.888
2026-07-18 16:19:04,27,27,0,0,11.379,88.236
2026-07-18 16:24:04,22,24,0,0,11.317,89.125
2026-07-18 16:29:04,14,15,0,0,11.216,88.94
2026-07-18 16:34:04,12,12,0,0,11.133,89.563
2026-07-18 16:39:12,24,25,0,0,11.034,89.977
2026-07-18 16:44:04,22,22,0,0,10.922,90.426
2026-07-18 16:49:04,21,24,0,0,10.829,90.494
2026-07-18 16:54:04,22,26,0,0,10.708,90.315
2026-07-18 16:59:04,25,25,0,0,10.642,90.813
2026-07-18 17:04:04,35,39,0,0,10.623,91.173
2026-07-18 17:09:04,24,29,0,0,10.586,90.901
2026-07-18 17:14:04,24,26,0,0,10.551,90.99
2026-07-18 17:19:04,26,29,0,0,10.5,91.229
2026-07-18 17:24:04,27,30,0,0,10.417,91.335
2026-07-18 17:29:04,31,31,0,0,10.367,91.465
2026-07-18 17:34:04,31,33,0,0,10.265,91.702
2026-07-18 17:39:04,27,27,0,0,10.172,91.793
2026-07-18 17:44:04,29,30,0,0,10.041,91.37
2026-07-18 17:49:04,30,30,0,0,9.883,91.467
2026-07-18 17:54:04,68,80,0,0,9.752,91.324
2026-07-18 17:59:04,203,216,0,0,9.63,91.532
2026-07-18 18:04:04,117,123,0,0,9.509,91.612
2026-07-18 18:09:04,129,138,0,0,9.389,91.709
2026-07-18 18:14:04,53,63,0,0,9.226,91.152
2026-07-18 18:19:13,51,61,0,0,9.069,91.543
2026-07-18 18:24:04,52,63,0,0,8.914,91.755
2026-07-18 18:29:04,58,72,0,0,8.788,91.73
2026-07-18 18:34:04,45,55,0,0,8.631,91.69
2026-07-18 18:39:04,47,58,0,0,8.519,91.787
2026-07-18 18:44:04,53,65,0,0,8.377,92.1
2026-07-18 18:49:04,57,71,0,0,8.284,92.106
2026-07-18 18:54:05,59,74,0,0,8.137,91.887
2026-07-18 18:59:04,61,75,0,0,7.995,92.07
2026-07-18 19:04:04,59,72,0,0,7.921,92.493
2026-07-18 19:09:05,66,82,0,0,7.843,92.383
2026-07-18 19:14:04,50,58,0,0,7.702,91.801
2026-07-18 19:19:04,48,60,0,0,7.544,91.805
2026-07-18 19:24:04,51,61,0,0,7.424,91.984
2026-07-18 19:29:05,52,66,0,0,7.28,91.889
2026-07-18 19:34:05,57,71,0,0,7.149,92.198
2026-07-18 19:39:04,58,72,0,0,7.077,92.354
2026-07-18 19:44:04,60,75,0,0,6.935,92.203
2026-07-18 19:49:04,61,76,0,0,6.852,92.247
2026-07-18 19:54:05,67,82,0,0,6.74,92.304
2026-07-18 19:59:14,67,83,0,0,6.69,92.768
2026-07-18 20:04:12,103,105,0,0,6.615,92.684
2026-07-18 20:09:04,115,120,0,0,6.553,92.754
2026-07-18 20:14:12,158,166,0,0,6.495,92.825
2026-07-18 20:19:05,150,156,0,0,6.46,92.972
2026-07-18 20:24:04,169,181,0,0,6.409,92.941
2026-07-18 20:29:13,181,193,0,0,6.377,93.041
2026-07-18 20:34:04,173,181,0,0,6.334,93.182
2026-07-18 20:39:04,141,150,0,0,6.324,93.163
2026-07-18 20:44:05,107,110,0,0,6.292,93.346
2026-07-18 20:49:04,73,85,0,0,6.318,93.63
2026-07-18 20:54:05,65,81,0,0,6.353,93.651
2026-07-18 20:59:05,71,86,0,0,6.372,93.72
2026-07-18 21:04:14,84,94,0,0,6.377,93.718
2026-07-18 21:09:04,107,110,0,0,6.377,93.79
2026-07-18 21:14:04,91,96,0,0,6.358,93.26
2026-07-18 21:19:04,68,83,0,0,6.278,92.541
2026-07-18 21:24:04,69,83,0,0,6.126,92.339
2026-07-18 21:29:05,72,84,0,0,6.033,92.322
2026-07-18 21:34:04,73,87,0,0,5.923,92.276
2026-07-18 21:39:04,74,87,0,0,5.814,92.276
2026-07-18 21:44:05,106,111,0,0,5.696,92.419
2026-07-18 21:49:05,99,106,0,0,5.645,92.653
2026-07-18 21:54:04,95,98,0,0,5.584,92.701
2026-07-18 21:59:04,111,115,0,0,5.512,92.726
2026-07-18 22:04:04,188,198,0,0,5.456,92.877
2026-07-18 22:09:04,165,171,0,0,5.402,92.85
2026-07-18 22:14:04,189,202,0,0,5.352,92.993
2026-07-18 22:19:05,172,181,0,0,5.322,92.987
2026-07-18 22:24:04,144,152,0,0,5.293,92.955
2026-07-18 22:29:05,119,128,0,0,5.253,92.909
2026-07-18 22:34:04,166,175,0,0,5.189,93.06
2026-07-18 22:39:05,161,171,0,0,5.159,93.132
2026-07-18 22:44:05,151,157,0,0,5.135,93.25
2026-07-18 22:49:04,123,128,0,0,5.106,93.191
2026-07-18 22:54:05,123,130,0,0,5.087,93.197
2026-07-18 22:59:05,146,154,0,0,5.055,93.268
2026-07-18 23:04:04,121,129,0,0,4.989,92.812
2026-07-18 23:09:05,98,100,0,0,4.895,92.461
2026-07-18 23:14:05,108,113,0,0,4.78,92.35
2026-07-18 23:19:05,96,101,0,0,4.708,92.434
2026-07-18 23:24:04,84,96,0,0,4.628,92.688
2026-07-18 23:29:05,120,127,0,0,4.572,92.823
2026-07-18 23:34:04,206,218,0,0,4.484,92.638
2026-07-18 23:39:04,141,150,0,0,4.444,92.73
2026-07-18 23:44:05,120,124,0,0,4.377,92.943
2026-07-18 23:49:04,120,125,0,0,4.345,92.915
2026-07-18 23:54:05,109,117,0,0,4.289,92.735
2026-07-18 23:59:14,97,104,0,0,4.254,92.754
2026-07-19 00:04:05,95,100,0,0,4.206,92.76
2026-07-19 00:09:05,87,98,0,0,4.155,92.833
2026-07-19 00:14:05,80,94,0,0,4.131,92.962
2026-07-19 00:19:04,67,81,0,0,4.166,93.794
2026-07-19 00:24:04,74,89,0,0,4.228,93.968
2026-07-19 00:29:05,91,100,0,0,4.206,92.743
2026-07-19 00:34:04,77,91,0,0,4.086,91.915
2026-07-19 00:39:05,78,92,0,0,3.96,91.829
2026-07-19 00:44:04,78,91,0,0,3.867,92.188
2026-07-19 00:49:04,83,96,0,0,3.811,92.665
2026-07-19 00:54:13,101,106,0,0,3.827,93.073
2026-07-19 00:59:05,103,108,0,0,3.835,93.443
2026-07-19 01:04:04,137,139,0,0,3.875,93.374
2026-07-19 01:09:05,144,150,0,0,3.854,93.151
2026-07-19 01:14:05,188,201,0,0,3.846,93.279
2026-07-19 01:19:05,103,109,0,0,3.87,93.254
2026-07-19 01:24:05,124,134,0,0,3.856,92.953
2026-07-19 01:29:05,106,112,0,0,3.806,92.947
2026-07-19 01:34:05,91,98,0,0,3.784,92.905
2026-07-19 01:39:05,86,97,0,0,3.776,93.037
2026-07-19 01:44:05,96,101,0,0,3.752,93.163
2026-07-19 01:49:05,88,97,0,0,3.734,93.191
2026-07-19 01:54:05,81,94,0,0,3.739,93.313
2026-07-19 01:59:05,92,101,0,0,3.648,92.049
2026-07-19 02:04:05,98,103,0,0,3.528,91.629
2026-07-19 02:09:05,95,103,0,0,3.424,91.856
2026-07-19 02:14:05,100,105,0,0,3.349,92.016
2026-07-19 02:19:05,104,112,0,0,3.288,92.289
2026-07-19 02:24:05,119,124,0,0,3.226,92.644
2026-07-19 02:29:05,112,120,0,0,3.229,92.795
2026-07-19 02:34:11,108,113,0,0,3.223,93.062
2026-07-19 02:39:05,97,103,0,0,3.25,93.084
2026-07-19 02:44:05,76,91,0,0,3.258,93.104
2026-07-19 02:49:05,63,79,0,0,3.269,93.136
2026-07-19 02:54:05,58,70,0,0,3.285,93.136
2026-07-19 02:59:05,52,61,0,0,3.317,93.43
2026-07-19 03:04:05,53,63,0,0,3.384,93.763
2026-07-19 03:09:05,55,65,0,0,3.434,93.563
2026-07-19 03:14:05,55,68,0,0,3.461,93.422
2026-07-19 03:19:05,51,62,0,0,3.445,93.054
2026-07-19 03:24:05,63,80,0,0,3.445,92.802
2026-07-19 03:29:05,72,86,0,0,3.298,92.104
2026-07-19 03:34:05,69,85,0,0,3.205,92.091
2026-07-19 03:39:05,76,90,0,0,3.146,92.245
2026-07-19 03:44:05,67,85,0,0,3.05,92.619
2026-07-19 03:49:05,76,92,0,0,3.01,92.709
2026-07-19 03:54:05,69,86,0,0,2.97,92.52
2026-07-19 03:59:05,71,88,0,0,2.874,92.388
2026-07-19 04:04:06,72,87,0,0,2.772,92.297
2026-07-19 04:09:05,77,92,0,0,2.721,92.266
2026-07-19 04:14:06,75,91,0,0,2.628,92.507
2026-07-19 04:19:06,74,90,0,0,2.617,92.709
2026-07-19 04:24:05,85,97,0,0,2.599,92.667
2026-07-19 04:29:05,84,97,0,0,2.532,92.541
2026-07-19 04:34:05,57,71,0,0,2.513,92.707
2026-07-19 04:39:05,53,64,0,0,2.484,92.88
2026-07-19 04:44:06,52,63,0,0,2.497,93.344
2026-07-19 04:49:06,51,60,0,0,2.532,93.594
2026-07-19 04:54:05,51,62,0,0,2.537,93.292
2026-07-19 04:59:05,52,64,0,0,2.476,92.88
2026-07-19 05:04:05,48,56,0,0,2.446,92.72
2026-07-19 05:09:05,47,60,0,0,2.414,92.714
2026-07-19 05:14:06,48,60,0,0,2.382,92.991
2026-07-19 05:19:05,43,49,0,0,2.366,93.06
2026-07-19 05:24:05,39,45,0,0,2.334,93.096
2026-07-19 05:29:05,36,40,0,0,2.353,93.063
2026-07-19 05:34:05,38,39,0,0,2.34,92.976
2026-07-19 05:39:06,43,51,0,0,2.316,93.006
2026-07-19 05:44:06,38,39,0,0,2.329,93.132
2026-07-19 05:49:05,35,36,0,0,2.329,93.248
2026-07-19 05:54:05,28,28,0,0,2.358,93.285
2026-07-19 05:59:06,33,34,0,0,2.361,93.531
2026-07-19 06:04:06,32,36,0,0,2.358,93.239
2026-07-19 06:09:05,38,38,0,0,2.278,92.381
2026-07-19 06:14:06,39,43,0,0,2.217,91.94
2026-07-19 06:19:05,42,47,0,0,2.075,91.778
2026-07-19 06:24:05,43,48,0,0,2.003,92.011
2026-07-19 06:29:06,45,48,0,0,1.958,92.285
2026-07-19 06:34:06,47,54,0,0,1.915,92.596
2026-07-19 06:39:06,46,53,0,0,1.902,92.909
2026-07-19 06:44:06,44,48,0,0,1.878,92.978
2026-07-19 06:49:05,39,46,0,0,1.87,93.063
2026-07-19 06:54:06,47,55,0,0,1.88,93.376
2026-07-19 06:59:06,40,46,0,0,1.912,93.496
2026-07-19 07:04:06,38,44,0,0,1.918,93.743
2026-07-19 07:09:05,42,43,0,0,2.03,93.878
2026-07-19 07:14:14,32,33,0,0,2.059,93.973
2026-07-19 07:19:05,38,45,0,0,2.099,94.053
2026-07-19 07:24:05,37,38,0,0,2.126,93.792
2026-07-19 07:29:06,30,32,0,0,2.193,93.664
2026-07-19 07:34:06,25,25,0,0,2.233,93.775
2026-07-19 07:39:05,26,26,0,0,2.329,93.851
2026-07-19 07:44:05,34,34,0,0,2.393,93.914
2026-07-19 07:49:06,31,33,0,0,2.47,93.947
2026-07-19 07:54:05,25,26,0,0,2.543,93.638
2026-07-19 07:59:06,10,10,0,0,2.641,93.517
2026-07-19 08:04:06,42,47,0,0,2.719,93.615
2026-07-19 08:09:06,33,33,0,0,2.836,93.863
2026-07-19 08:14:06,26,29,0,0,2.935,93.752
2026-07-19 08:19:06,22,24,0,0,3.029,93.351
2026-07-19 08:24:06,28,30,0,0,3.063,92.905
2026-07-19 08:29:05,23,28,0,0,3.109,92.97
2026-07-19 08:34:06,28,30,0,0,3.186,93.26
2026-07-19 08:39:06,25,28,0,0,3.306,93.359
2026-07-19 08:44:06,33,34,0,0,3.41,93.247
2026-07-19 08:49:06,26,30,0,0,3.573,93.458
2026-07-19 08:54:06,24,24,0,0,3.725,93.357
2026-07-19 08:59:06,28,31,0,0,3.899,93.21
2026-07-19 09:04:06,32,33,0,0,4.027,92.884
2026-07-19 09:09:08,31,35,0,0,4.225,93.126
2026-07-19 09:14:06,33,33,0,0,4.46,93.289
2026-07-19 09:19:06,40,44,0,0,4.735,93.523
2026-07-19 09:24:06,35,41,0,0,5.023,93.516
2026-07-19 09:29:06,30,31,0,0,5.293,93.325
2026-07-19 09:34:06,35,38,0,0,5.523,93.062
2026-07-19 09:39:06,31,33,0,0,5.736,92.774
2026-07-19 09:44:06,35,37,0,0,5.961,92.548
2026-07-19 09:49:06,33,33,0,0,6.204,92.611
2026-07-19 09:54:06,38,43,0,0,6.425,92.251
2026-07-19 09:59:06,29,31,0,0,6.623,92.075
2026-07-19 10:04:06,32,33,0,0,6.831,91.663
2026-07-19 10:09:06,31,34,0,0,6.981,90.927
2026-07-19 10:14:06,31,31,0,0,7.101,90.92
2026-07-19 10:19:06,35,36,0,0,7.216,90.933
2026-07-19 10:24:06,35,35,0,0,7.365,91.068
2026-07-19 10:29:06,35,39,0,0,7.515,90.429
2026-07-19 10:34:06,39,42,0,0,7.616,89.987
2026-07-19 10:39:06,32,33,0,0,7.72,90.281
2026-07-19 10:44:06,33,34,0,0,7.835,90.492
2026-07-19 10:49:06,33,34,0,0,7.979,90.107
2026-07-19 10:54:06,31,31,0,0,8.129,88.928
2026-07-19 10:59:06,29,32,0,0,8.294,89.909
2026-07-19 11:04:06,28,28,0,0,8.457,89.302
2026-07-19 11:09:06,36,40,0,0,8.599,88.583
2026-07-19 11:14:06,46,56,0,0,8.759,88.871
2026-07-19 11:19:06,51,63,0,0,8.983,88.888
2026-07-19 11:24:06,41,48,0,0,9.149,88.224
2026-07-19 11:29:06,40,47,0,0,9.328,87.458
2026-07-19 11:34:06,42,48,0,0,9.475,87.393
2026-07-19 11:39:06,44,52,0,0,9.64,87.126
2026-07-19 11:44:06,39,46,0,0,9.784,86.857
2026-07-19 11:49:06,40,50,0,0,9.897,86.369
2026-07-19 11:54:07,44,52,0,0,9.995,85.112
2026-07-19 11:59:06,37,42,0,0,10.1,84.925
2026-07-19 12:04:06,38,44,0,0,10.121,84.387
2026-07-19 12:09:06,24,27,0,0,10.148,82.502
2026-07-19 12:14:07,27,28,0,0,10.105,83.853
2026-07-19 12:19:12,28,29,0,0,10.092,84.396
2026-07-19 12:24:06,35,37,0,0,10.116,85.426
2026-07-19 12:29:06,33,36,0,0,10.182,85.032
2026-07-19 12:34:06,38,44,0,0,10.303,84.015
2026-07-19 12:39:07,43,49,0,0,10.359,83.696
2026-07-19 12:44:06,38,46,0,0,10.447,83.248
2026-07-19 12:49:14,41,49,0,0,10.505,83.136
2026-07-19 12:54:07,40,49,0,0,10.636,83.79
2026-07-19 12:59:06,38,42,0,0,10.73,80.847
2026-07-19 13:04:06,28,29,0,0,10.778,79.582
2026-07-19 13:09:07,32,33,0,0,10.834,79.952
2026-07-19 13:14:07,27,29,0,0,10.922,77.665
2026-07-19 13:19:06,39,43,0,0,10.957,79.683
2026-07-19 13:24:07,36,39,0,0,10.933,81.844
2026-07-19 13:29:07,36,38,0,0,10.943,81.051
2026-07-19 13:34:06,34,36,0,0,10.994,80.391
2026-07-19 13:39:06,44,53,0,0,11.013,78.667
2026-07-19 13:44:07,49,60,0,0,10.989,76.328
2026-07-19 13:49:13,54,67,0,0,10.933,77.07
2026-07-19 13:54:06,50,61,0,0,10.895,77.629
2026-07-19 13:59:07,49,59,0,0,10.866,77.768
2026-07-19 14:04:06,43,53,0,0,10.863,77.37
2026-07-19 14:09:06,50,61,0,0,10.871,78.134
2026-07-19 14:14:06,55,68,0,0,10.911,78.487
2026-07-19 14:19:06,52,62,0,0,10.97,77.698
2026-07-19 14:24:06,45,54,0,0,10.994,76.49
2026-07-19 14:29:06,43,53,0,0,11.029,77.204
2026-07-19 14:34:07,42,50,0,0,11.058,75.682
2026-07-19 14:39:06,38,45,0,0,11.109,75.477
2026-07-19 14:44:07,39,48,0,0,11.141,75.678
2026-07-19 14:49:07,41,48,0,0,11.112,75.552
2026-07-19 14:54:07,39,48,0,0,11.066,76.683
2026-07-19 14:59:06,42,49,0,0,11.058,76.921
2026-07-19 15:04:06,36,42,0,0,10.975,76.677
2026-07-19 15:09:07,38,43,0,0,10.911,77.211
2026-07-19 15:14:07,34,37,0,0,10.887,76.725
2026-07-19 15:19:07,30,31,0,0,10.858,75.943
2026-07-19 15:24:06,29,30,0,0,10.823,75.399
2026-07-19 15:29:07,26,26,0,0,10.756,76.275
2026-07-19 15:34:07,24,25,0,0,10.687,75.621
2026-07-19 15:39:14,25,26,0,0,10.636,76.221
2026-07-19 15:44:07,21,25,0,0,10.596,76.406
2026-07-19 15:49:07,27,28,0,0,10.543,76.038
2026-07-19 15:54:07,23,23,0,0,10.519,76.319
2026-07-19 15:59:07,23,23,0,0,10.436,75.859
2026-07-19 16:04:44,24,26,0,0,10.375,75.353
2026-07-19 16:10:47,44,52,0,0,10.27,75.804
2026-07-19 16:14:07,59,72,0,0,10.214,74.993
2026-07-19 16:19:07,43,50,0,0,10.169,75.931
2026-07-19 16:24:07,38,45,0,0,10.145,77.097
2026-07-19 16:29:07,38,42,0,0,10.153,77.547
2026-07-19 16:34:07,43,53,0,0,10.153,78.316
2026-07-19 16:39:07,47,58,0,0,10.177,78.43
2026-07-19 16:44:07,56,69,0,0,10.153,78.71
2026-07-19 16:49:07,60,74,0,0,10.118,78.937
2026-07-19 16:54:07,120,122,0,0,10.089,79.416
2026-07-19 16:59:07,115,118,0,0,10.014,79.655
2026-07-19 17:04:07,109,111,0,0,9.979,80.21
2026-07-19 17:09:07,110,115,0,0,9.923,80.505
2026-07-19 17:14:07,102,106,0,0,9.905,80.778
2026-07-19 17:19:07,72,79,0,0,9.865,80.868
2026-07-19 17:24:07,70,79,0,0,9.8,81.978
2026-07-19 17:29:09,62,74,0,0,9.739,82.462
2026-07-19 17:34:07,63,76,0,0,9.699,82.157
2026-07-19 17:39:07,64,76,0,0,9.662,82.75
2026-07-19 17:44:07,68,79,0,0,9.606,82.729
2026-07-19 17:49:07,71,81,0,0,9.571,83.017
2026-07-19 17:54:07,91,95,0,0,9.483,83.273
2026-07-19 17:59:07,86,90,0,0,9.448,82.729
2026-07-19 18:04:07,78,85,0,0,9.389,82.361
2026-07-19 18:09:07,75,83,0,0,9.328,82.02
2026-07-19 18:14:07,78,85,0,0,9.266,81.667
2026-07-19 18:19:07,66,78,0,0,9.194,81.108
2026-07-19 18:24:07,66,78,0,0,9.176,81.406
2026-07-19 18:29:07,60,73,0,0,9.112,81.764
2026-07-19 18:34:07,123,130,0,0,9.071,81.598
2026-07-19 18:39:07,69,80,0,0,9.021,80.612
2026-07-19 18:44:07,57,71,0,0,9.002,79.374
2026-07-19 18:49:07,59,75,0,0,8.989,80.761
2026-07-19 18:54:07,75,82,0,0,8.941,81.097
2026-07-19 18:59:07,122,128,0,0,8.933,81.348
2026-07-19 19:04:07,123,127,0,0,8.85,81.142
2026-07-19 19:09:07,106,111,0,0,8.788,81.667
2026-07-19 19:14:07,97,103,0,0,8.727,82.708
2026-07-19 19:19:07,84,89,0,0,8.695,81.924
2026-07-19 19:24:07,146,157,0,0,8.655,82.016
2026-07-19 19:29:07,157,168,0,0,8.588,82.788
2026-07-19 19:34:07,274,292,0,0,8.537,83.807
2026-07-19 19:39:07,108,113,0,0,8.524,84.185
2026-07-19 19:44:07,99,103,0,0,8.524,83.946
2026-07-19 19:49:07,99,105,0,0,8.516,84.217
2026-07-19 19:54:07,100,106,0,0,8.497,84.307
2026-07-19 19:59:07,91,96,0,0,8.479,84.684
2026-07-19 20:04:07,95,100,0,0,8.508,84.009
2026-07-19 20:09:08,132,140,0,0,8.508,84.087
2026-07-19 20:14:07,156,163,0,0,8.527,84.738
2026-07-19 20:19:07,127,132,0,0,8.556,84.911
2026-07-19 20:24:08,111,116,0,0,8.569,84.959
2026-07-19 20:29:08,117,123,0,0,8.588,84.814
2026-07-19 20:34:16,110,114,0,0,8.588,84.667
2026-07-19 20:39:08,85,91,0,0,8.532,84.301
2026-07-19 20:44:07,89,92,0,0,8.476,84.389
2026-07-19 20:49:08,88,90,0,0,8.412,84.33
2026-07-19 20:54:08,93,97,0,0,8.361,84.534
2026-07-19 20:59:17,95,98,0,0,8.332,84.57
2026-07-19 21:04:08,97,101,0,0,8.284,85.291
2026-07-19 21:09:08,98,101,0,0,8.268,85.018
2026-07-19 21:14:08,103,108,0,0,8.244,84.431
2026-07-19 21:19:08,103,108,0,0,8.225,85.022
2026-07-19 21:24:14,106,110,0,0,8.225,84.803
2026-07-19 21:29:08,110,115,0,0,8.246,84.578
2026-07-19 21:34:08,139,145,0,0,8.265,85.341
2026-07-19 21:39:08,128,137,0,0,8.284,85.52
2026-07-19 21:44:07,127,134,0,0,8.284,85.751
2026-07-19 21:49:08,175,183,0,0,8.26,86.081
2026-07-19 21:54:07,233,246,0,0,8.268,86.609
2026-07-19 21:59:08,185,191,0,0,8.249,86.994
2026-07-19 22:04:08,118,122,0,0,8.246,87.164
2026-07-19 22:09:08,153,160,0,0,8.193,87.488
2026-07-19 22:14:08,107,112,0,0,8.19,87.721
2026-07-19 22:19:07,98,104,0,0,8.145,87.616
2026-07-19 22:24:08,205,217,0,0,8.148,87.856
2026-07-19 22:29:08,166,173,0,0,8.129,88.173
2026-07-19 22:34:08,189,204,0,0,8.118,88.308
2026-07-19 22:39:07,85,89,0,0,8.142,88.434
2026-07-19 22:44:08,71,82,0,0,8.145,88.095
2026-07-19 22:49:07,75,85,0,0,8.137,88.247
2026-07-19 22:54:08,66,80,0,0,8.107,88.35
2026-07-19 22:59:08,67,80,0,0,8.107,88.898
2026-07-19 23:04:08,68,82,0,0,8.105,88.934
2026-07-19 23:09:08,77,85,0,0,8.097,88.713
2026-07-19 23:14:08,87,91,0,0,8.057,88.909
2026-07-19 23:19:08,100,102,0,0,8.017,88.678
2026-07-19 23:24:08,98,100,0,0,7.969,88.501
2026-07-19 23:29:08,96,98,0,0,7.897,88.686
2026-07-19 23:34:08,106,110,0,0,7.819,88.608
2026-07-19 23:39:08,101,105,0,0,7.784,88.913
2026-07-19 23:44:08,102,104,0,0,7.755,89.325
2026-07-19 23:49:08,100,102,0,0,7.739,89.199
2026-07-19 23:54:14,97,103,0,0,7.688,89.212
2026-07-19 23:59:08,102,110,0,0,7.627,89.209
2026-07-20 00:04:08,96,102,0,0,7.619,89.39
2026-07-20 00:09:08,93,99,0,0,7.595,89.336
2026-07-20 00:14:08,84,90,0,0,7.579,89.462
2026-07-20 00:19:08,82,89,0,0,7.592,89.411
2026-07-20 00:24:08,77,87,0,0,7.547,89.539
2026-07-20 00:29:08,81,88,0,0,7.544,89.764
2026-07-20 00:34:08,75,84,0,0,7.605,90.078
2026-07-20 00:39:08,65,79,0,0,7.605,89.933
2026-07-20 00:44:08,63,76,0,0,7.646,89.659
2026-07-20 00:49:08,60,75,0,0,7.659,89.726
2026-07-20 00:54:15,60,77,0,0,7.726,89.954
2026-07-20 00:59:08,64,77,0,0,7.731,89.769
2026-07-20 01:04:08,59,74,0,0,7.675,89.438
2026-07-20 01:09:08,56,68,0,0,7.672,89.43
2026-07-20 01:14:08,53,66,0,0,7.643,89.684
2026-07-20 01:19:08,50,61,0,0,7.616,89.733
2026-07-20 01:24:08,51,61,0,0,7.603,89.979
2026-07-20 01:29:08,54,65,0,0,7.605,90.015
2026-07-20 01:34:08,58,71,0,0,7.613,90.189
2026-07-20 01:39:08,59,73,0,0,7.664,90.355
2026-07-20 01:44:08,64,78,0,0,7.67,90.216
2026-07-20 01:49:08,76,84,0,0,7.694,90.412
2026-07-20 01:54:08,60,74,0,0,7.691,90.473
2026-07-20 01:59:08,60,74,0,0,7.731,90.441
2026-07-20 02:04:08,51,63,0,0,7.702,89.907
2026-07-20 02:09:08,50,59,0,0,7.67,90.046
2026-07-20 02:14:08,49,58,0,0,7.688,90.29
2026-07-20 02:19:08,46,54,0,0,7.702,90.454
2026-07-20 02:24:08,43,53,0,0,7.726,90.548
2026-07-20 02:29:21,46,53,0,0,7.763,90.611
2026-07-20 02:34:09,54,66,0,0,7.728,90.363
2026-07-20 02:39:09,37,39,0,0,7.76,89.632
2026-07-20 02:44:08,42,49,0,0,7.782,89.874
2026-07-20 02:49:08,37,41,0,0,7.768,89.886
2026-07-20 02:54:09,34,35,0,0,7.782,90.029
2026-07-20 02:59:09,32,33,0,0,7.766,90.061
2026-07-20 03:04:08,33,38,0,0,7.75,89.972
2026-07-20 03:09:09,33,34,0,0,7.744,90.281
2026-07-20 03:14:08,33,35,0,0,7.763,90.477
2026-07-20 03:19:09,32,33,0,0,7.755,90.393
2026-07-20 03:24:09,27,30,0,0,7.808,90.414
2026-07-20 03:29:09,28,29,0,0,7.771,90.399
2026-07-20 03:34:09,26,26,0,0,7.792,90.708
2026-07-20 03:39:09,17,17,0,0,7.816,90.853
2026-07-20 03:44:09,9,10,0,0,7.819,90.937
2026-07-20 03:49:09,5,5,0,0,7.814,91.114
2026-07-20 03:54:09,4,5,0,0,7.824,91.223
2026-07-20 03:59:09,5,5,0,0,7.878,91.156
2026-07-20 04:04:09,3,4,0,0,7.907,91.154
2026-07-20 04:09:09,2,3,0,0,7.931,91
2026-07-20 04:14:17,2,2,0,0,7.985,90.78
2026-07-20 04:19:09,0,0,0,0,8.009,90.912
2026-07-20 04:24:09,0,0,0,0,8.049,90.895
2026-07-20 04:29:09,0,0,0,0,8.07,91.007
2026-07-20 04:34:09,0,0,0,0,8.097,90.866
2026-07-20 04:39:09,0,0,0,0,8.124,90.801
2026-07-20 04:44:09,0,0,0,0,8.148,90.767
2026-07-20 04:49:09,0,0,0,0,8.166,91.013
2026-07-20 04:54:09,0,0,0,0,8.172,91.189
2026-07-20 04:59:18,0,0,0,0,8.182,91.217
2026-07-20 05:04:16,0,0,0,0,8.228,91.118
2026-07-20 05:09:09,0,0,0,0,8.241,90.212
2026-07-20 05:14:08,0,0,0,0,8.273,89.02
2026-07-20 05:19:08,0,0,0,0,8.297,89.798
2026-07-20 05:24:08,0,0,0,0,8.321,89.785
2026-07-20 05:29:09,0,0,0,0,8.292,89.941
2026-07-20 05:34:08,0,0,0,0,8.284,89.768
2026-07-20 05:39:09,0,0,0,0,8.257,89.46
2026-07-20 05:44:09,0,2,0,0,8.236,90.025
2026-07-20 05:49:09,0,0,0,0,8.182,90.136
2026-07-20 05:54:09,0,0,0,0,8.185,90.275
2026-07-20 05:59:08,0,0,0,0,8.182,90.429
2026-07-20 06:04:09,0,0,0,0,8.196,90.397
2026-07-20 06:09:09,0,0,0,0,8.19,90.763
2026-07-20 06:14:08,0,0,0,0,8.172,90.83
2026-07-20 06:19:08,0,0,0,0,8.166,91.137
2026-07-20 06:24:09,0,0,0,0,8.156,91.436
2026-07-20 06:29:09,0,0,0,0,8.214,91.738
2026-07-20 06:34:09,0,0,0,0,8.222,91.696
2026-07-20 06:39:09,0,0,0,0,8.236,91.724
2026-07-20 06:44:09,0,0,0,0,8.252,91.904
2026-07-20 06:49:15,0,0,0,0,8.278,91.957
2026-07-20 06:54:17,0,0,0,0,8.286,92.074
2026-07-20 06:59:58,0,0,0,0,8.281,92.064
2026-07-20 07:04:09,0,0,0,0,8.334,91.902
2026-07-20 07:09:09,0,0,0,0,8.31,91.583
2026-07-20 07:14:08,0,0,0,0,8.281,91.587
2026-07-20 07:19:09,0,0,0,0,8.268,91.744
2026-07-20 07:24:09,0,0,0,0,8.281,91.616
2026-07-20 07:29:09,0,0,0,0,8.286,91.726
2026-07-20 07:34:15,0,0,0,0,8.23,91.763
2026-07-20 07:39:08,0,0,0,0,8.214,91.465
2026-07-20 07:44:09,0,0,0,0,8.198,91.847
2026-07-20 07:49:09,1,2,0,0,8.182,91.791
2026-07-20 07:54:09,0,0,0,0,8.172,91.957
2026-07-20 07:59:09,0,0,0,0,8.158,92.033
2026-07-20 08:04:09,0,0,0,0,8.161,92.133
2026-07-20 08:09:09,0,0,0,0,8.166,92.379
2026-07-20 08:14:09,1,1,0,0,8.177,92.592
2026-07-20 08:19:09,4,4,0,0,8.166,92.728
2026-07-20 08:24:09,3,4,0,0,8.145,92.81
2026-07-20 08:29:09,5,5,0,0,8.153,93.107
2026-07-20 08:34:09,1,2,0,0,8.18,93.441
2026-07-20 08:39:09,17,18,0,0,8.233,92.997
2026-07-20 08:44:09,3,3,0,0,8.305,93.195
2026-07-20 08:49:09,3,4,0,0,8.345,93.317
2026-07-20 08:54:09,3,3,0,0,8.364,93.189
2026-07-20 08:59:09,3,3,0,0,8.364,93.075
2026-07-20 09:04:09,8,8,0,0,8.385,93.182
2026-07-20 09:09:09,3,3,0,0,8.385,93.05
2026-07-20 09:14:15,0,0,0,0,8.375,92.901
2026-07-20 09:19:09,0,0,0,0,8.348,92.959
2026-07-20 09:24:09,0,0,0,0,8.334,92.989
2026-07-20 09:29:09,5,6,0,0,8.321,92.901
2026-07-20 09:34:09,22,22,0,0,8.369,92.907
2026-07-20 09:39:09,0,0,0,0,8.34,92.592
2026-07-20 09:44:09,6,8,0,0,8.31,92.421
2026-07-20 09:49:09,21,23,0,0,8.27,92.8
2026-07-20 09:54:09,41,44,0,0,8.268,92.995
2026-07-20 09:59:09,6,6,0,0,8.246,92.709
2026-07-20 10:04:09,18,20,0,0,8.238,92.959
2026-07-20 10:09:09,19,22,0,0,8.236,92.31
2026-07-20 10:14:09,5,6,0,0,8.201,92.98
2026-07-20 10:19:18,10,10,0,0,8.188,92.913
2026-07-20 10:24:09,8,9,0,0,8.161,93.119
2026-07-20 10:29:19,21,21,0,0,8.19,93.3
2026-07-20 10:34:09,22,25,0,0,8.19,93.308
2026-07-20 10:39:09,9,9,0,0,8.198,93.311
2026-07-20 10:44:09,31,31,0,0,8.156,93.287
2026-07-20 10:49:09,32,33,0,0,8.164,93.319
2026-07-20 10:54:09,13,16,0,0,8.193,93.556
2026-07-20 10:59:10,8,8,0,0,8.233,93.622
2026-07-20 11:04:10,8,8,0,0,8.23,93.491
2026-07-20 11:09:10,26,27,0,0,8.23,93.279
2026-07-20 11:14:11,23,26,0,0,8.281,93.626
2026-07-20 11:19:10,8,9,0,0,8.404,93.882
2026-07-20 11:24:10,4,4,0,0,8.503,93.588
2026-07-20 11:29:10,0,0,0,0,8.556,93.34
2026-07-20 11:34:10,3,4,0,0,8.551,93.065
2026-07-20 11:39:10,6,8,0,0,8.556,93.115
2026-07-20 11:44:10,15,15,0,0,8.527,92.222
2026-07-20 11:49:10,14,16,0,0,8.524,92.749
2026-07-20 11:54:09,16,17,0,0,8.561,93.166
2026-07-20 11:59:10,26,26,0,0,8.658,93.552
2026-07-20 12:04:10,19,20,0,0,8.818,93.798
2026-07-20 12:09:10,12,13,0,0,8.954,93.777
2026-07-20 12:14:09,10,12,0,0,9.176,94.013
2026-07-20 12:19:10,12,13,0,0,9.4,93.353
2026-07-20 12:24:10,4,4,0,0,9.598,93.22
2026-07-20 12:29:10,1,1,0,0,9.865,92.726
2026-07-20 12:34:09,2,2,0,0,10.022,92.335
2026-07-20 12:39:10,0,0,0,0,10.244,91.869
2026-07-20 12:44:10,1,1,0,0,10.393,90.174
2026-07-20 12:49:10,0,1,0,0,10.473,90.937
2026-07-20 12:54:10,0,1,0,0,10.57,91.135
2026-07-20 12:59:10,0,0,0,0,10.636,91.108
2026-07-20 13:04:10,0,0,0,0,10.682,90.893
2026-07-20 13:09:10,0,0,0,0,10.724,91.316
2026-07-20 13:14:10,0,0,0,0,10.853,90.387
2026-07-20 13:19:10,0,0,0,0,11.056,90.948
2026-07-20 13:24:10,0,0,0,0,11.272,90.696
2026-07-20 13:29:10,0,0,0,0,11.509,90.586
2026-07-20 13:34:10,0,0,0,0,11.707,89.733
2026-07-20 13:39:10,0,0,0,0,11.894,88.799
2026-07-20 13:44:10,0,0,0,0,12.006,88.366
2026-07-20 13:49:10,0,0,0,0,12.062,85.194
2026-07-20 13:54:10,0,0,0,0,12.038,88.27
2026-07-20 13:59:10,0,0,0,0,12.092,88.358
2026-07-20 14:04:10,0,0,0,0,12.145,87.969
2026-07-20 14:09:10,0,0,0,0,12.273,87.675
2026-07-20 14:14:10,0,0,0,0,12.436,87.256
2026-07-20 14:19:10,0,0,0,0,12.556,85.934
2026-07-20 14:24:10,0,0,0,0,12.716,88.743
2026-07-20 14:29:10,0,0,0,0,12.866,87.711
2026-07-20 14:34:20,0,0,0,0,12.957,86.897
2026-07-20 14:39:10,0,0,0,0,12.976,86.659
2026-07-20 14:44:19,0,0,0,0,12.967,86.72
2026-07-20 14:49:10,1,1,0,0,12.885,86.992
2026-07-20 14:54:11,41,48,0,0,12.767,87.425
2026-07-20 14:59:10,21,21,0,0,12.626,87.099
2026-07-20 15:04:10,18,18,0,0,12.564,88.041
2026-07-20 15:09:10,0,0,0,0,12.658,86.536
2026-07-20 15:14:10,0,0,0,0,12.735,85.682
2026-07-20 15:19:10,0,0,0,0,12.773,87.524
2026-07-20 15:24:11,0,0,0,0,12.834,88.558
2026-07-20 15:29:11,0,0,0,0,12.959,87.36
2026-07-20 15:34:10,0,0,0,0,13,86.981
2026-07-20 15:39:11,0,0,0,0,13.058,87.496
2026-07-20 15:44:10,0,0,0,0,13.13,86.893
2026-07-20 15:49:10,0,0,0,0,13.192,86.985
2026-07-20 15:54:10,0,0,0,0,13.296,87.73
2026-07-20 15:59:10,0,0,0,0,13.341,87.214
2026-07-20 16:04:41,0,0,0,0,13.336,86.782
2026-07-20 16:09:18,1,1,0,0,13.333,87.858
2026-07-20 16:14:10,2,2,0,0,13.365,88.444
2026-07-20 16:19:11,1,1,0,0,13.427,88.526
2026-07-20 16:24:11,2,3,0,0,13.445,88.619
2026-07-20 16:29:18,9,11,0,0,13.456,88.57
2026-07-20 16:34:11,15,15,0,0,13.413,88.789
2026-07-20 16:39:11,29,29,0,0,13.325,88.316
2026-07-20 16:44:11,30,31,0,0,13.224,88.999
2026-07-20 16:49:11,27,28,0,0,13.09,88.354
2026-07-20 16:54:11,35,40,0,0,12.973,89.531
2026-07-20 16:59:19,47,56,0,0,12.869,89.35
2026-07-20 17:04:11,47,56,0,0,12.733,89.689
2026-07-20 17:09:11,50,63,0,0,12.62,89.951
2026-07-20 17:14:11,54,65,0,0,12.538,90.239
2026-07-20 17:19:11,88,91,0,0,12.444,89.991
2026-07-20 17:24:11,64,77,0,0,12.305,90.324
2026-07-20 17:29:11,89,93,0,0,12.188,90.288
2026-07-20 17:34:11,72,81,0,0,12.07,90.223
2026-07-20 17:39:11,44,54,0,0,11.939,89.556
2026-07-20 17:44:11,42,51,0,0,11.771,90.305
2026-07-20 17:49:11,49,59,0,0,11.659,90.809
2026-07-20 17:54:11,46,54,0,0,11.526,90.899
2026-07-20 17:59:11,43,49,0,0,11.387,91.24
2026-07-20 18:04:11,43,52,0,0,11.315,91.375
2026-07-20 18:09:11,40,47,0,0,11.2,91.702
2026-07-20 18:14:11,40,46,0,0,11.12,91.721
2026-07-20 18:19:11,39,47,0,0,11.056,91.946
2026-07-20 18:24:11,38,44,0,0,10.991,91.702
2026-07-20 18:29:11,36,41,0,0,10.914,91.791
2026-07-20 18:34:11,35,36,0,0,10.842,91.86
2026-07-20 18:39:11,32,33,0,0,10.746,91.7
2026-07-20 18:44:11,22,22,0,0,10.692,91.946
2026-07-20 18:49:11,36,39,0,0,10.655,92.06
2026-07-20 18:54:11,24,24,0,0,10.626,92.093
2026-07-20 18:59:11,22,24,0,0,10.554,92.497
2026-07-20 19:04:11,16,20,0,0,10.511,91.183
2026-07-20 19:09:11,24,26,0,0,10.447,92.299
2026-07-20 19:14:11,31,32,0,0,10.404,92.739
2026-07-20 19:19:11,31,32,0,0,10.369,92.899
2026-07-20 19:24:11,30,33,0,0,10.383,92.814
2026-07-20 19:29:11,17,20,0,0,10.345,92.823
2026-07-20 19:34:11,10,13,0,0,10.34,92.844
2026-07-20 19:39:11,26,26,0,0,10.345,92.924
2026-07-20 19:44:11,10,10,0,0,10.353,93.001
2026-07-20 19:49:11,7,7,0,0,10.34,92.775
2026-07-20 19:54:11,6,6,0,0,10.303,92.579
2026-07-20 19:59:11,1,1,0,0,10.238,92.407
2026-07-20 20:04:11,3,4,0,0,10.164,92.39
2026-07-20 20:09:11,2,2,0,0,10.124,92.138
2026-07-20 20:14:11,4,4,0,0,10.068,92.396
2026-07-20 20:19:11,41,46,0,0,10.025,92.154
2026-07-20 20:24:11,31,32,0,0,10.03,92.194
2026-07-20 20:29:11,43,49,0,0,9.993,91.881
2026-07-20 20:34:11,41,51,0,0,10.006,92.61
2026-07-20 20:39:11,38,43,0,0,9.982,92.816
2026-07-20 20:44:11,36,39,0,0,9.966,93.098
2026-07-20 20:49:11,29,31,0,0,9.966,93.296
2026-07-20 20:54:11,57,71,0,0,9.987,92.884
2026-07-20 20:59:11,45,57,0,0,9.91,92.219
2026-07-20 21:04:11,25,26,0,0,9.817,92.339
2026-07-20 21:09:11,31,33,0,0,9.763,92.861
2026-07-20 21:14:11,29,31,0,0,9.715,92.873
2026-07-20 21:19:11,32,34,0,0,9.704,93.109
2026-07-20 21:24:11,29,29,0,0,9.68,93.165
2026-07-20 21:29:11,21,21,0,0,9.678,93.252
2026-07-20 21:34:11,22,25,0,0,9.662,93.298
2026-07-20 21:39:11,12,13,0,0,9.624,92.991
2026-07-20 21:44:11,9,10,0,0,9.603,92.909
2026-07-20 21:49:11,6,8,0,0,9.568,92.896
2026-07-20 21:54:11,34,35,0,0,9.528,92.917
2026-07-20 21:59:18,27,30,0,0,9.549,92.692
2026-07-20 22:04:11,57,71,0,0,9.52,92.735
2026-07-20 22:09:11,37,44,0,0,9.517,93.13
2026-07-20 22:14:11,60,75,0,0,9.491,93.224
2026-07-20 22:19:11,54,66,0,0,9.507,93.407
2026-07-20 22:24:11,46,55,0,0,9.565,93.454
2026-07-20 22:29:11,97,102,0,0,9.584,93.239
2026-07-20 22:34:12,48,57,0,0,9.512,92.945
2026-07-20 22:39:11,62,78,0,0,9.491,93.071
2026-07-20 22:44:11,62,78,0,0,9.485,93.01
2026-07-20 22:49:11,21,23,0,0,9.432,93.189
2026-07-20 22:54:11,27,28,0,0,9.44,93.361
2026-07-20 22:59:11,23,25,0,0,9.427,93.229
2026-07-20 23:04:11,28,29,0,0,9.421,93.407
2026-07-20 23:09:12,47,53,0,0,9.437,93.472
2026-07-20 23:14:11,54,67,0,0,9.421,93.327
2026-07-20 23:19:12,46,56,0,0,9.408,93.519
2026-07-20 23:24:11,37,38,0,0,9.384,93.424
2026-07-20 23:29:12,9,9,0,0,9.347,91.972
2026-07-20 23:34:12,5,6,0,0,9.261,92.856
2026-07-20 23:39:12,8,9,0,0,9.213,92.962
2026-07-20 23:44:12,13,15,0,0,9.152,93.058
2026-07-20 23:49:12,9,9,0,0,9.112,93.107
2026-07-20 23:54:12,12,15,0,0,9.053,93.279
2026-07-20 23:59:12,8,8,0,0,9.047,93.369
2026-07-21 00:04:12,10,10,0,0,8.999,93.428
2026-07-21 00:09:12,12,12,0,0,9.007,93.409
2026-07-21 00:14:12,7,7,0,0,8.989,93.456
2026-07-21 00:19:12,7,7,0,0,8.935,93.256
2026-07-21 00:24:12,10,10,0,0,8.871,93.268
2026-07-21 00:29:12,5,5,0,0,8.866,93.437
2026-07-21 00:34:12,2,2,0,0,8.863,93.445
2026-07-21 00:39:12,10,10,0,0,8.834,93.142
2026-07-21 00:44:12,6,6,0,0,8.78,93.241
2026-07-21 00:49:12,12,12,0,0,8.754,93.208
2026-07-21 00:54:12,4,5,0,0,8.7,93.201
2026-07-21 00:59:12,0,0,0,0,8.65,93.174
2026-07-21 01:04:12,23,29,0,0,8.636,92.877
2026-07-21 01:09:12,40,48,0,0,8.61,92.987
2026-07-21 01:14:12,3,3,0,0,8.572,93.104
2026-07-21 01:19:12,30,34,0,0,8.556,93.222
2026-07-21 01:24:12,37,39,0,0,8.527,93.338
2026-07-21 01:29:12,23,28,0,0,8.519,93.256
2026-07-21 01:34:12,26,26,0,0,8.481,93.376
2026-07-21 01:39:12,19,23,0,0,8.444,93.25
2026-07-21 01:44:12,29,30,0,0,8.423,93.275
2026-07-21 01:49:12,16,18,0,0,8.342,93.228
2026-07-21 01:54:12,5,6,0,0,8.324,93.128
2026-07-21 01:59:12,9,9,0,0,8.273,93.268
2026-07-21 02:04:12,8,9,0,0,8.257,93.374
2026-07-21 02:09:12,9,9,0,0,8.233,93.304
2026-07-21 02:14:12,17,19,0,0,8.161,92.983
2026-07-21 02:19:12,34,38,0,0,8.121,93.123
2026-07-21 02:24:12,35,36,0,0,8.049,93.052
2026-07-21 02:29:12,30,30,0,0,8.043,93.321
2026-07-21 02:34:12,26,26,0,0,8.046,93.485
2026-07-21 02:39:12,15,15,0,0,8.049,93.592
2026-07-21 02:44:12,7,7,0,0,8.019,93.464
2026-07-21 02:49:12,8,8,0,0,8.006,93.533
2026-07-21 02:54:12,25,27,0,0,7.99,93.529
2026-07-21 02:59:12,27,28,0,0,7.987,93.586
2026-07-21 03:04:12,21,21,0,0,7.963,93.483
2026-07-21 03:09:12,15,15,0,0,7.966,93.586
2026-07-21 03:14:12,9,9,0,0,7.985,93.489
2026-07-21 03:19:12,8,8,0,0,7.953,93.529
2026-07-21 03:24:12,10,13,0,0,7.993,93.68
2026-07-21 03:29:12,25,26,0,0,7.99,93.615
2026-07-21 03:34:12,12,16,0,0,8.009,93.647
2026-07-21 03:39:12,30,31,0,0,8.022,93.659
2026-07-21 03:44:12,10,14,0,0,8.019,93.401
2026-07-21 03:49:12,8,8,0,0,7.998,93.508
2026-07-21 03:54:12,8,8,0,0,7.99,93.447
2026-07-21 03:59:12,13,14,0,0,7.998,93.584
2026-07-21 04:04:12,7,7,0,0,8.001,93.254
2026-07-21 04:09:12,5,5,0,0,7.971,93.205
2026-07-21 04:14:12,7,8,0,0,7.939,93.182
2026-07-21 04:19:12,8,8,0,0,7.931,93.361
2026-07-21 04:24:12,4,4,0,0,7.958,93.708
2026-07-21 04:29:12,6,6,0,0,7.995,93.792
2026-07-21 04:34:12,7,8,0,0,8.059,93.945
2026-07-21 04:39:12,7,8,0,0,8.097,93.903
2026-07-21 04:44:12,7,7,0,0,8.121,93.664
2026-07-21 04:49:12,4,4,0,0,8.091,93.527
2026-07-21 04:54:12,4,4,0,0,8.091,93.453
2026-07-21 04:59:12,5,7,0,0,8.07,93.392
2026-07-21 05:04:12,7,7,0,0,8.062,93.409
2026-07-21 05:09:12,8,8,0,0,8.019,92.667
2026-07-21 05:14:12,7,8,0,0,7.995,92.943
2026-07-21 05:19:12,10,13,0,0,7.955,93.13
2026-07-21 05:24:12,8,8,0,0,7.91,93.237
2026-07-21 05:29:12,7,7,0,0,7.886,93.292
2026-07-21 05:34:13,7,9,0,0,7.878,93.367
2026-07-21 05:39:12,5,5,0,0,7.867,93.47
2026-07-21 05:44:12,5,5,0,0,7.878,93.51
2026-07-21 05:49:12,7,7,0,0,7.883,93.676
2026-07-21 05:54:13,9,9,0,0,7.918,93.666
2026-07-21 05:59:12,38,45,0,0,7.937,93.697
2026-07-21 06:04:13,28,32,0,0,7.961,93.733
2026-07-21 06:09:12,8,9,0,0,8.019,93.598
2026-07-21 06:14:13,7,7,0,0,8.006,93.567
2026-07-21 06:19:13,7,7,0,0,8.025,93.407
2026-07-21 06:24:13,8,10,0,0,7.985,93.252
2026-07-21 06:29:13,22,26,0,0,7.971,93.252
2026-07-21 06:34:13,23,23,0,0,7.961,93.346
2026-07-21 06:39:13,29,29,0,0,7.953,93.331
2026-07-21 06:44:13,29,31,0,0,7.934,93.258
2026-07-21 06:49:13,27,28,0,0,7.947,93.445
2026-07-21 06:54:13,23,26,0,0,7.955,93.289
2026-07-21 06:59:13,10,12,0,0,7.961,93.437
2026-07-21 07:04:13,8,8,0,0,8.001,93.493
2026-07-21 07:09:13,8,8,0,0,8.041,93.556
2026-07-21 07:14:13,5,7,0,0,8.043,93.489
2026-07-21 07:19:20,8,8,0,0,8.046,93.342
2026-07-21 07:24:13,15,20,0,0,8.033,93.342
2026-07-21 07:29:13,9,9,0,0,8.03,93.399
2026-07-21 07:34:13,22,26,0,0,8.043,93.687
2026-07-21 07:39:13,8,9,0,0,8.075,93.59
2026-07-21 07:44:13,8,10,0,0,8.081,93.727
2026-07-21 07:49:13,5,5,0,0,8.134,93.769
2026-07-21 07:54:13,9,10,0,0,8.174,93.731
2026-07-21 07:59:13,7,7,0,0,8.172,93.573
2026-07-21 08:04:13,2,2,0,0,8.209,93.84
2026-07-21 08:09:13,2,2,0,0,8.257,94.038
2026-07-21 08:14:13,4,4,0,0,8.294,93.954
2026-07-21 08:19:13,2,2,0,0,8.375,94.04
2026-07-21 08:24:13,1,1,0,0,8.415,93.954
2026-07-21 08:29:13,1,1,0,0,8.444,93.928
2026-07-21 08:34:13,2,2,0,0,8.481,93.828
2026-07-21 08:39:13,4,4,0,0,8.513,93.838
2026-07-21 08:44:13,0,1,0,0,8.58,93.586
2026-07-21 08:49:13,1,2,0,0,8.602,93.411
2026-07-21 08:54:13,0,1,0,0,8.561,93.277
2026-07-21 08:59:13,0,0,0,0,8.602,93.447
2026-07-21 09:04:13,0,0,0,0,8.647,93.413
2026-07-21 09:09:13,0,0,0,0,8.676,93.531
2026-07-21 09:14:13,5,5,0,0,8.714,93.517
2026-07-21 09:19:13,3,4,0,0,8.722,93.075
2026-07-21 09:24:13,14,15,0,0,8.652,93.001
2026-07-21 09:29:13,2,2,0,0,8.674,92.844
2026-07-21 09:34:13,5,6,0,0,8.706,93.264
2026-07-21 09:39:13,6,6,0,0,8.714,93.477
2026-07-21 09:44:22,22,22,0,0,8.77,92.116
2026-07-21 09:49:13,7,8,0,0,8.826,93.248
2026-07-21 09:54:13,8,9,0,0,8.914,93.481
2026-07-21 09:59:13,1,1,0,0,8.927,93.434
2026-07-21 10:04:13,0,0,0,0,8.954,93.628
2026-07-21 10:09:13,1,1,0,0,8.999,93.554
2026-07-21 10:14:20,1,1,0,0,8.986,93.569
2026-07-21 10:19:13,2,2,0,0,9.037,93.773
2026-07-21 10:24:13,1,1,0,0,9.101,93.866
2026-07-21 10:29:13,44,51,0,0,9.138,93.531
2026-07-21 10:34:13,49,59,0,0,9.189,93.39
2026-07-21 10:39:13,37,40,0,0,9.192,93.38
2026-07-21 10:44:13,37,42,0,0,9.213,93.42
2026-07-21 10:49:13,10,10,0,0,9.25,93.359
2026-07-21 10:54:13,17,17,0,0,9.261,93.445
2026-07-21 10:59:13,18,18,0,0,9.29,93.399
2026-07-21 11:04:13,17,18,0,0,9.341,93.481
2026-07-21 11:09:13,23,25,0,0,9.363,93.483
2026-07-21 11:14:13,9,10,0,0,9.384,93.426
2026-07-21 11:19:13,27,28,0,0,9.453,93.645
2026-07-21 11:24:13,27,28,0,0,9.547,93.681
2026-07-21 11:29:13,22,25,0,0,9.608,93.416
2026-07-21 11:34:13,19,21,0,0,9.667,93.451
2026-07-21 11:39:13,10,10,0,0,9.763,93.441
2026-07-21 11:44:13,5,5,0,0,9.79,93.132
2026-07-21 11:49:13,4,6,0,0,9.867,92.854
2026-07-21 11:54:13,4,5,0,0,9.929,93.05
2026-07-21 11:59:13,6,6,0,0,9.955,92.842
2026-07-21 12:04:13,6,7,0,0,10.035,93.01
2026-07-21 12:09:13,14,16,0,0,10.057,92.949
2026-07-21 12:14:13,24,26,0,0,10.086,92.459
2026-07-21 12:19:13,48,61,0,0,10.078,92.392
2026-07-21 12:24:13,22,24,0,0,10.1,92.657
2026-07-21 12:29:13,41,47,0,0,10.105,92.154
2026-07-21 12:34:13,41,48,0,0,10.019,91.555
2026-07-21 12:39:13,40,47,0,0,9.969,92.06
2026-07-21 12:44:13,48,60,0,0,9.929,92.201
2026-07-21 12:49:13,21,25,0,0,9.881,91.99
2026-07-21 12:54:21,45,53,0,0,9.843,91.402
2026-07-21 12:59:13,40,51,0,0,9.806,91.982
2026-07-21 13:04:13,31,34,0,0,9.8,90.965
2026-07-21 13:09:13,37,44,0,0,9.795,91.116
2026-07-21 13:14:14,21,22,0,0,9.742,92.033
2026-07-21 13:19:15,29,29,0,0,9.782,91.759
2026-07-21 13:24:13,21,26,0,0,9.755,91.562
2026-07-21 13:29:13,26,28,0,0,9.798,92.121
2026-07-21 13:34:13,29,29,0,0,9.843,92.075
2026-07-21 13:39:14,21,22,0,0,9.851,90.786
2026-07-21 13:44:14,9,10,0,0,9.865,90.935
2026-07-21 13:49:13,5,5,0,0,9.83,89.998
2026-07-21 13:54:14,10,10,0,0,9.792,89.005
2026-07-21 13:59:14,52,64,0,0,9.715,88.697
2026-07-21 14:04:14,36,41,0,0,9.67,88.194
2026-07-21 14:09:13,51,62,0,0,9.614,88.56
2026-07-21 14:14:14,54,68,0,0,9.643,89.46
2026-07-21 14:19:14,48,58,0,0,9.707,90.164
2026-07-21 14:24:14,21,22,0,0,9.8,87.173
2026-07-21 14:29:20,21,21,0,0,9.782,85.903
2026-07-21 14:34:14,5,5,0,0,9.763,85.861
2026-07-21 14:39:14,33,35,0,0,9.752,86.685
2026-07-21 14:44:14,4,4,0,0,9.71,87.986
2026-07-21 14:49:14,2,2,0,0,9.744,87.79
2026-07-21 14:54:21,2,2,0,0,9.827,88.419
2026-07-21 14:59:14,1,2,0,0,9.891,87.656
2026-07-21 15:04:14,1,1,0,0,9.953,87.341
2026-07-21 15:09:14,1,1,0,0,10.014,83.899
2026-07-21 15:14:14,4,5,0,0,10.041,86.123
2026-07-21 15:19:14,2,2,0,0,10.078,84.797
2026-07-21 15:24:14,36,39,0,0,10.105,85.775
2026-07-21 15:29:14,15,18,0,0,10.097,83.073
2026-07-21 15:34:14,2,3,0,0,10.003,81.119
2026-07-21 15:39:14,22,22,0,0,9.918,81.011
2026-07-21 15:44:14,5,6,0,0,9.881,83.771
2026-07-21 15:49:14,2,2,0,0,9.87,81.936
2026-07-21 15:54:20,2,2,0,0,9.835,84.381
2026-07-21 15:59:14,1,1,0,0,9.838,81.06
2026-07-21 16:05:14,0,1,0,0,9.819,83.643
2026-07-21 16:09:41,2,2,0,0,9.803,82.19
2026-07-21 16:14:14,1,1,0,0,9.827,82.527
2026-07-21 16:19:14,4,4,0,0,9.811,84.558
2026-07-21 16:24:14,3,5,0,0,9.841,84.869
2026-07-21 16:29:14,17,20,0,0,9.827,85.684
2026-07-21 16:34:14,23,23,0,0,9.819,85.613
2026-07-21 16:39:14,34,38,0,0,9.827,83.698
2026-07-21 16:44:21,19,19,0,0,9.811,83.685
2026-07-21 16:49:14,12,14,0,0,9.798,84.003
2026-07-21 16:54:14,13,14,0,0,9.87,85.428
2026-07-21 16:59:14,24,26,0,0,9.897,85.445
2026-07-21 17:04:14,7,9,0,0,9.931,83.229
2026-07-21 17:09:14,6,6,0,0,9.881,81.623
2026-07-21 17:14:14,2,2,0,0,9.803,79.992
2026-07-21 17:19:14,9,10,0,0,9.715,83.391
2026-07-21 17:24:14,10,10,0,0,9.683,84.057
2026-07-21 17:29:14,6,6,0,0,9.627,83.456
2026-07-21 17:34:14,4,4,0,0,9.565,82.212
2026-07-21 17:39:14,5,5,0,0,9.493,83.361
2026-07-21 17:44:14,6,9,0,0,9.475,85.459
2026-07-21 17:49:14,10,15,0,0,9.459,84.854
2026-07-21 17:54:14,19,20,0,0,9.429,85.325
2026-07-21 17:59:14,45,54,0,0,9.384,84.507
2026-07-21 18:04:14,20,23,0,0,9.36,81.68
2026-07-21 18:09:14,3,3,0,0,9.325,79.704
2026-07-21 18:14:14,58,72,0,0,9.304,82.275
2026-07-21 18:19:14,44,51,0,0,9.285,83.677
2026-07-21 18:24:14,12,14,0,0,9.234,82.573
2026-07-21 18:29:14,6,6,0,0,9.226,82.344
2026-07-21 18:34:23,28,28,0,0,9.197,83.286
2026-07-21 18:39:14,25,25,0,0,9.2,84.335
2026-07-21 18:44:14,54,65,0,0,9.144,84.667
2026-07-21 18:49:14,69,83,0,0,9.154,84.797
2026-07-21 18:54:14,56,70,0,0,9.122,84.831
2026-07-21 18:59:14,53,66,0,0,9.112,85.012
2026-07-21 19:04:14,56,70,0,0,9.114,85.43
2026-07-21 19:09:14,49,58,0,0,9.042,84.173
2026-07-21 19:14:14,44,53,0,0,9.021,85.165
2026-07-21 19:19:14,49,60,0,0,8.999,85.274
2026-07-21 19:24:14,34,36,0,0,8.957,83.548
2026-07-21 19:29:14,40,46,0,0,8.901,85.31
2026-07-21 19:34:14,111,113,0,0,8.887,85.888
2026-07-21 19:39:14,93,99,0,0,8.839,84.654
2026-07-21 19:44:14,61,77,0,0,8.775,85.054
2026-07-21 19:49:14,56,66,0,0,8.764,85.224
2026-07-21 19:54:14,58,71,0,0,8.746,85.211
2026-07-21 19:59:14,48,57,0,0,8.684,85.257
2026-07-21 20:04:14,45,54,0,0,8.61,85.018
2026-07-21 20:09:15,12,12,0,0,8.476,84.816
2026-07-21 20:14:14,26,28,0,0,8.385,84.181
2026-07-21 20:19:14,28,30,0,0,8.276,84.351
2026-07-21 20:24:14,28,29,0,0,8.198,85.163
2026-07-21 20:29:14,34,34,0,0,8.059,85.793
2026-07-21 20:34:15,22,22,0,0,7.931,83.984
2026-07-21 20:39:14,20,21,0,0,7.798,83.37
2026-07-21 20:44:14,29,32,0,0,7.72,84.902
2026-07-21 20:49:14,63,79,0,0,7.611,84.059
2026-07-21 20:54:14,62,78,0,0,7.515,84.475
2026-07-21 20:59:15,35,37,0,0,7.365,84.854
2026-07-21 21:04:15,64,80,0,0,7.253,84.913
2026-07-21 21:09:15,88,96,0,0,7.144,85.951
2026-07-21 21:14:15,105,115,0,0,7.029,85.831
2026-07-21 21:19:15,197,208,0,0,6.879,86.506
2026-07-21 21:24:15,148,158,0,0,6.778,86.851
2026-07-21 21:29:15,90,95,0,0,6.671,86.744
2026-07-21 21:34:15,255,270,0,0,6.567,86.916
2026-07-21 21:39:21,206,218,0,0,6.473,86.39
2026-07-21 21:44:15,150,160,0,0,6.342,86.882
2026-07-21 21:49:15,136,143,0,0,6.26,87.635
2026-07-21 21:54:15,143,149,0,0,6.182,88.091
2026-07-21 21:59:15,121,127,0,0,6.094,88.203
2026-07-21 22:04:15,127,134,0,0,6.035,88.184
2026-07-21 22:09:15,110,117,0,0,5.953,87.513
2026-07-21 22:14:15,124,129,0,0,5.854,87.225
2026-07-21 22:19:15,110,116,0,0,5.744,87.862
2026-07-21 22:24:15,155,163,0,0,5.656,87.378
2026-07-21 22:29:15,89,96,0,0,5.571,87.624
2026-07-21 22:34:15,89,98,0,0,5.536,87.921
2026-07-21 22:39:15,56,68,0,0,5.475,87.418
2026-07-21 22:44:15,91,98,0,0,5.37,87.715
2026-07-21 22:49:15,97,102,0,0,5.325,88.093
2026-07-21 22:54:15,115,123,0,0,5.272,88.249
2026-07-21 22:59:15,53,63,0,0,5.205,87.746
2026-07-21 23:04:15,47,59,0,0,5.127,87.98
2026-07-21 23:09:15,46,56,0,0,5.039,88.192
2026-07-21 23:14:22,51,61,0,0,4.973,88.663
2026-07-21 23:19:15,43,49,0,0,4.967,88.917
2026-07-21 23:24:22,65,84,0,0,4.916,88.207
2026-07-21 23:29:15,64,79,0,0,4.866,88.062
2026-07-21 23:34:15,65,82,0,0,4.786,88.081
2026-07-21 23:39:15,64,78,0,0,4.762,87.61
2026-07-21 23:44:15,67,83,0,0,4.695,87.883
2026-07-21 23:49:15,102,110,0,0,4.623,87.727
2026-07-21 23:54:15,66,84,0,0,4.577,87.927
2026-07-21 23:59:15,58,72,0,0,4.497,87.769
2026-07-22 00:04:15,84,93,0,0,4.441,88.24
2026-07-22 00:09:15,84,93,0,0,4.428,89.073
2026-07-22 00:14:15,59,72,0,0,4.441,88.879
2026-07-22 00:19:15,54,63,0,0,4.412,88.284
2026-07-22 00:24:15,62,76,0,0,4.38,88.173
2026-07-22 00:29:15,62,76,0,0,4.356,88.244
2026-07-22 00:34:15,64,78,0,0,4.326,88.98
2026-07-22 00:39:15,57,69,0,0,4.388,89.544
2026-07-22 00:44:15,57,67,0,0,4.438,89.457
2026-07-22 00:49:15,53,65,0,0,4.519,89.306
2026-07-22 00:54:15,57,70,0,0,4.628,89.178
2026-07-22 00:59:15,52,59,0,0,4.716,89.342
2026-07-22 01:04:15,50,59,0,0,4.794,88.854
2026-07-22 01:09:15,50,59,0,0,4.876,88.488
2026-07-22 01:14:15,50,61,0,0,4.924,88.446
2026-07-22 01:19:15,51,62,0,0,4.97,88.409
2026-07-22 01:24:15,49,56,0,0,5.021,88.436
2026-07-22 01:29:15,65,81,0,0,5.109,88.791
2026-07-22 01:34:15,70,85,0,0,5.165,88.799
2026-07-22 01:39:15,60,75,0,0,5.218,88.333
2026-07-22 01:44:15,56,68,0,0,5.248,88.055
2026-07-22 01:49:15,55,69,0,0,5.256,88.165
2026-07-22 01:54:15,50,60,0,0,5.29,87.603
2026-07-22 01:59:15,47,57,0,0,5.293,87.744
2026-07-22 02:04:15,48,59,0,0,5.293,88.15
2026-07-22 02:09:15,49,59,0,0,5.28,88.059
2026-07-22 02:14:16,45,54,0,0,5.288,88.16
2026-07-22 02:19:16,35,35,0,0,5.274,87.915
2026-07-22 02:24:16,28,28,0,0,5.272,87.502
2026-07-22 02:29:16,33,33,0,0,5.261,87.566
2026-07-22 02:34:16,40,42,0,0,5.274,87.841
2026-07-22 02:39:16,23,23,0,0,5.234,86.758
2026-07-22 02:44:16,23,23,0,0,5.178,86.723
2026-07-22 02:49:16,25,29,0,0,5.063,86.512
2026-07-22 02:54:16,18,20,0,0,4.93,86.386
2026-07-22 02:59:16,13,15,0,0,4.804,87.05
2026-07-22 03:04:16,10,10,0,0,4.727,87.053
2026-07-22 03:09:16,15,17,0,0,4.623,86.901
2026-07-22 03:14:16,10,11,0,0,4.519,87.521
2026-07-22 03:19:16,11,14,0,0,4.433,87.339
2026-07-22 03:24:17,10,10,0,0,4.326,86.517
2026-07-22 03:29:16,33,35,0,0,4.193,87.158
2026-07-22 03:34:16,23,25,0,0,4.078,87.254
2026-07-22 03:39:16,25,25,0,0,3.995,87.82
2026-07-22 03:44:16,20,22,0,0,3.947,87.345
2026-07-22 03:49:16,22,22,0,0,3.851,87.446
2026-07-22 03:54:16,31,32,0,0,3.776,87.399
2026-07-22 03:59:16,29,32,0,0,3.685,87.839
2026-07-22 04:04:16,26,26,0,0,3.651,87.948
2026-07-22 04:09:16,30,31,0,0,3.579,88.27
2026-07-22 04:14:16,28,32,0,0,3.557,88.263
2026-07-22 04:19:16,26,30,0,0,3.515,88.074
2026-07-22 04:24:16,25,28,0,0,3.48,87.837
2026-07-22 04:29:16,16,22,0,0,3.386,87.685
2026-07-22 04:34:16,14,15,0,0,3.314,87.851
2026-07-22 04:39:16,23,26,0,0,3.239,86.473
2026-07-22 04:44:16,30,33,0,0,3.159,86.966
2026-07-22 04:49:16,25,29,0,0,3.114,87.82
2026-07-22 04:54:16,33,33,0,0,3.085,88.055
2026-07-22 04:59:16,26,32,0,0,3.058,88.053
2026-07-22 05:04:16,31,34,0,0,3.029,88.171
2026-07-22 05:09:16,26,26,0,0,3.037,88.203
2026-07-22 05:14:16,31,31,0,0,2.991,87.929
2026-07-22 05:19:16,25,29,0,0,2.972,87.723
2026-07-22 05:24:16,23,25,0,0,2.895,88.251
2026-07-22 05:29:16,19,23,0,0,2.871,88.842
2026-07-22 05:34:16,25,26,0,0,2.866,88.608
2026-07-22 05:39:16,23,24,0,0,2.868,88.932
2026-07-22 05:44:26,24,25,0,0,2.85,88.654
2026-07-22 05:49:16,22,25,0,0,2.807,88.781
2026-07-22 05:54:16,17,21,0,0,2.799,89.109
2026-07-22 05:59:16,26,30,0,0,2.788,88.192
2026-07-22 06:04:16,34,36,0,0,2.753,87.652
2026-07-22 06:09:16,31,31,0,0,2.719,88.324
2026-07-22 06:14:16,29,33,0,0,2.687,88.684
2026-07-22 06:19:16,33,37,0,0,2.692,88.562
2026-07-22 06:24:16,29,29,0,0,2.687,88.919
2026-07-22 06:29:16,29,29,0,0,2.716,89.258
2026-07-22 06:34:16,22,23,0,0,2.756,89.314
2026-07-22 06:39:16,11,11,0,0,2.794,89.13
2026-07-22 06:44:23,12,16,0,0,2.831,89.172
2026-07-22 06:49:16,7,7,0,0,2.86,88.884
2026-07-22 06:54:16,7,9,0,0,2.895,88.957
2026-07-22 06:59:16,5,8,0,0,2.932,89.113
2026-07-22 07:04:16,5,5,0,0,2.983,88.844
2026-07-22 07:14:16,70,88,0,0,3.085,88.722
2026-07-22 07:19:16,11,14,0,0,3.109,87.957
2026-07-22 07:24:16,17,21,0,0,3.109,88.039
2026-07-22 07:29:16,7,9,0,0,3.106,87.681
2026-07-22 07:34:16,7,7,0,0,3.082,87.99
2026-07-22 07:39:16,7,7,0,0,3.063,88.057
2026-07-22 07:44:25,21,22,0,0,3.082,88.171
2026-07-22 07:49:16,23,23,0,0,3.079,88.24
2026-07-22 07:54:16,15,18,0,0,3.098,87.772
2026-07-22 07:59:16,14,14,0,0,3.109,87.942
2026-07-22 08:04:16,10,11,0,0,3.183,88.097
2026-07-22 08:09:16,17,17,0,0,3.226,87.807
2026-07-22 08:14:16,17,17,0,0,3.269,88.072
2026-07-22 08:19:16,11,14,0,0,3.373,88.087
2026-07-22 08:24:16,31,32,0,0,3.456,87.921
2026-07-22 08:29:26,43,48,0,0,3.563,87.83
2026-07-22 08:34:16,54,64,0,0,3.675,88.411
2026-07-22 08:39:16,58,73,0,0,3.878,87.885
2026-07-22 08:44:16,40,47,0,0,4.142,87.898
2026-07-22 08:49:23,37,38,0,0,4.342,85.691
2026-07-22 08:54:16,25,29,0,0,4.54,85.215
2026-07-22 08:59:16,34,38,0,0,4.759,84.415
2026-07-22 09:04:16,36,38,0,0,4.978,84.86
2026-07-22 09:09:16,31,32,0,0,5.224,84.707
2026-07-22 09:14:16,33,33,0,0,5.525,83.984
2026-07-22 09:19:16,34,36,0,0,5.768,85.022
2026-07-22 09:24:16,27,29,0,0,6.126,83.757
2026-07-22 09:29:16,27,28,0,0,6.457,82.655
2026-07-22 09:34:16,28,29,0,0,6.767,82.132
2026-07-22 09:39:17,26,28,0,0,7.154,80.349
2026-07-22 09:44:16,24,26,0,0,7.472,78.781
2026-07-22 09:49:16,24,27,0,0,7.83,77.44
2026-07-22 09:54:16,19,21,0,0,8.107,76.326
2026-07-22 09:59:17,15,20,0,0,8.423,75.275
2026-07-22 10:04:17,10,12,0,0,8.714,74.598
2026-07-22 10:09:17,9,9,0,0,9.005,73.414
2026-07-22 10:14:25,4,4,0,0,9.24,69.559
2026-07-22 10:19:16,7,7,0,0,9.429,72.508
2026-07-22 10:24:16,4,5,0,0,9.64,73.568
2026-07-22 10:29:17,5,5,0,0,9.886,72.389
2026-07-22 10:34:29,3,3,0,0,10.126,70.818
2026-07-22 10:39:17,3,4,0,0,10.401,68.87
2026-07-22 10:44:17,4,4,0,0,10.698,67.934
2026-07-22 10:49:17,5,5,0,0,10.954,67.463
2026-07-22 10:54:16,1,1,0,0,11.224,64.346
2026-07-22 10:59:17,0,1,0,0,11.392,63.606
2026-07-22 11:04:17,1,2,0,0,11.587,65.5
2026-07-22 11:09:17,3,4,0,0,11.766,64.909
2026-07-22 11:14:17,6,6,0,0,11.921,64.359
2026-07-22 11:19:17,5,5,0,0,12.041,63.518
2026-07-22 11:24:17,4,4,0,0,12.134,64.432
2026-07-22 11:29:17,1,2,0,0,12.201,61.475
2026-07-22 11:34:17,0,0,0,0,12.193,58.74
2026-07-22 11:39:16,1,1,0,0,12.161,60.234
2026-07-22 11:44:17,0,0,0,0,12.185,57.928
2026-07-22 11:49:17,1,1,0,0,12.23,60.451
2026-07-22 11:54:17,2,3,0,0,12.329,61.72
2026-07-22 11:59:16,1,1,0,0,12.508,61.348
2026-07-22 12:04:17,3,3,0,0,12.674,60.865
2026-07-22 12:09:17,3,3,0,0,12.911,60.4
2026-07-22 12:14:17,2,3,0,0,13.09,59.33
2026-07-22 12:19:16,4,4,0,0,13.243,59.328
2026-07-22 12:24:16,4,4,0,0,13.331,60.964
2026-07-22 12:29:17,5,6,0,0,13.491,60.339
2026-07-22 12:34:17,6,6,0,0,13.68,59.949
2026-07-22 12:39:17,3,3,0,0,13.891,56.684
2026-07-22 12:44:17,3,3,0,0,14.006,57.558
2026-07-22 12:49:16,5,5,0,0,14.191,57.266
2026-07-22 12:54:17,5,5,0,0,14.281,55.971
2026-07-22 12:59:17,4,4,0,0,14.391,57.411
2026-07-22 13:04:25,4,4,0,0,14.543,56.709
2026-07-22 13:09:17,4,5,0,0,14.693,55.912
2026-07-22 13:14:17,3,3,0,0,14.834,53.195
2026-07-22 13:19:17,1,3,0,0,14.949,52.061
2026-07-22 13:24:17,2,2,0,0,15.048,56.415
2026-07-22 13:29:17,17,18,0,0,15.195,54.275
2026-07-22 13:34:17,0,0,0,0,15.232,53.26
2026-07-22 13:39:17,7,7,0,0,15.176,55.374
2026-07-22 13:44:17,2,2,0,0,15.109,53.127
2026-07-22 13:49:17,1,1,0,0,15.042,52.242
2026-07-22 13:54:17,2,3,0,0,14.928,52.364
2026-07-22 13:59:17,3,4,0,0,14.815,51.786
2026-07-22 14:04:17,6,6,0,0,14.668,53.022
2026-07-22 14:09:17,5,5,0,0,14.57,55.032
2026-07-22 14:14:17,4,4,0,0,14.551,55.69
2026-07-22 14:19:17,4,4,0,0,14.564,54.248
2026-07-22 14:24:17,4,4,0,0,14.575,54.548
2026-07-22 14:29:17,4,4,0,0,14.615,55.563
2026-07-22 14:34:17,8,9,0,0,14.644,53.686
2026-07-22 14:39:17,6,6,0,0,14.668,53.689
2026-07-22 14:44:17,5,5,0,0,14.623,54.201
2026-07-22 14:49:17,7,7,0,0,14.575,53.503
2026-07-22 14:54:17,7,7,0,0,14.503,55.727
2026-07-22 14:59:17,8,9,0,0,14.495,56.459
2026-07-22 15:04:17,8,8,0,0,14.54,56.247
2026-07-22 15:09:17,22,24,0,0,14.548,55.477
2026-07-22 15:14:17,25,26,0,0,14.554,54.403
2026-07-22 15:19:17,23,25,0,0,14.61,53.741
2026-07-22 15:24:17,19,20,0,0,14.618,55.982
2026-07-22 15:29:17,15,18,0,0,14.706,54.615
2026-07-22 15:34:17,18,19,0,0,14.751,53.749
2026-07-22 15:39:17,7,7,0,0,14.767,54.14
2026-07-22 15:44:17,12,14,0,0,14.781,51.488
2026-07-22 15:49:17,12,13,0,0,14.751,52.471
2026-07-22 15:54:17,17,19,0,0,14.733,53.888
2026-07-22 15:59:17,16,17,0,0,14.666,54.992
2026-07-22 16:04:41,11,13,0,0,14.575,54.99
2026-07-22 16:09:28,8,9,0,0,14.527,54.792
2026-07-22 16:15:32,4,4,0,0,14.455,52.877
2026-07-22 16:22:13,3,3,0,0,14.42,52.413
2026-07-22 16:28:27,5,5,0,0,14.364,52.473
2026-07-22 16:34:27,6,6,0,0,14.268,54.563
2026-07-22 16:40:58,3,4,0,0,14.18,53.659
2026-07-22 16:46:20,2,2,0,0,14.158,52.558
2026-07-22 16:52:00,3,3,0,0,14.145,54.119
2026-07-22 16:57:59,34,37,0,0,14.1,57.045
2026-07-22 17:03:01,21,24,0,0,14.036,57.399
2026-07-22 17:08:01,46,55,0,0,13.897,56.989
2026-07-22 17:13:38,47,58,0,0,13.75,56.985
2026-07-22 17:19:04,44,52,0,0,13.582,57.966
2026-07-22 17:24:35,34,38,0,0,13.416,59.162
2026-07-22 17:30:12,54,65,0,0,13.251,59.316
2026-07-22 17:35:49,67,78,0,0,13.048,59.829
2026-07-22 17:41:19,64,76,0,0,12.869,61.304
2026-07-22 17:47:07,72,81,0,0,12.714,62.33
2026-07-22 17:52:42,114,117,0,0,12.508,65.927
2026-07-22 17:58:14,101,107,0,0,12.297,67.278
2026-07-22 18:03:57,66,79,0,0,12.158,65.504
2026-07-22 18:09:05,527,574,0,0,11.953,66.843
2026-07-22 18:14:35,174,185,0,0,11.782,66.204
2026-07-22 18:20:04,92,95,0,0,11.619,67.518
2026-07-22 18:25:39,72,81,0,0,11.472,68.636
2026-07-22 18:31:15,72,80,0,0,11.392,68.041
2026-07-22 18:36:47,82,88,0,0,11.315,69.917
2026-07-22 18:42:18,72,81,0,0,11.194,70.621
2026-07-22 18:56:06,39,46,0,0,10.612,73.145
2026-07-22 19:00:34,36,41,0,0,10.537,72.586
2026-07-22 19:05:51,35,38,0,0,10.532,70.72
2026-07-22 19:10:54,26,29,0,0,10.564,69.214
2026-07-22 19:16:22,10,17,0,0,10.623,66.917
2026-07-22 19:21:41,6,7,0,0,10.639,67.081
2026-07-22 19:27:01,20,21,0,0,10.708,66.965
2026-07-22 19:32:43,44,53,0,0,10.746,65.115
2026-07-22 19:38:23,43,52,0,0,10.805,66.942
2026-07-22 19:43:53,13,15,0,0,10.85,65.147
2026-07-22 19:49:46,21,21,0,0,10.919,64.611
2026-07-22 19:55:32,43,51,0,0,10.927,65.897
2026-07-22 20:01:31,59,74,0,0,10.914,66.127
2026-07-22 20:06:42,29,29,0,0,10.893,64.096
2026-07-22 20:12:33,32,34,0,0,10.919,63.572
2026-07-22 20:18:34,24,27,0,0,10.895,63.026
2026-07-22 20:24:12,27,29,0,0,10.893,65.237
2026-07-22 20:30:01,29,32,0,0,10.845,64.979
2026-07-22 20:35:31,27,29,0,0,10.772,65.963
2026-07-22 20:41:44,25,25,0,0,10.703,65.651
2026-07-22 20:47:41,21,24,0,0,10.644,65.22
2026-07-22 20:53:31,86,91,0,0,10.596,65.521
2026-07-22 20:58:53,106,115,0,0,10.554,67.125
2026-07-22 21:04:52,68,80,0,0,10.532,63.728
2026-07-22 21:10:31,97,101,0,0,10.521,66.768
2026-07-22 21:16:55,80,88,0,0,10.495,65.441
2026-07-22 21:21:54,47,54,0,0,10.46,66.297
2026-07-22 21:27:28,40,48,0,0,10.433,68.044
2026-07-22 21:33:06,40,46,0,0,10.364,68.895
2026-07-22 21:38:24,31,38,0,0,10.305,69.154
2026-07-22 21:44:17,43,53,0,0,10.244,70.085
2026-07-22 21:48:51,31,34,0,0,10.193,69.721
2026-07-22 21:54:27,30,30,0,0,10.132,69.42
2026-07-22 22:00:19,56,68,0,0,10.142,71.325
2026-07-22 22:05:26,73,84,0,0,10.121,71.38
2026-07-22 22:10:10,114,124,0,0,10.118,72.04
2026-07-22 22:15:42,93,97,0,0,10.094,72.094
2026-07-22 22:21:01,84,91,0,0,10.089,71.781
2026-07-22 22:26:46,59,73,0,0,10.027,72.46
2026-07-22 22:31:32,62,76,0,0,9.979,73.482
2026-07-22 22:37:00,117,124,0,0,9.929,73.282
2026-07-22 22:42:49,105,111,0,0,9.931,73.641
2026-07-22 22:48:04,107,112,0,0,9.878,73.229
2026-07-22 22:54:05,65,79,0,0,9.883,73.185
2026-07-22 22:59:01,55,66,0,0,9.854,72.286
2026-07-22 23:04:01,48,59,0,0,9.833,72.319
2026-07-22 23:09:18,41,48,0,0,9.854,72.292
2026-07-22 23:14:25,38,44,0,0,9.838,73.473
2026-07-22 23:19:21,39,47,0,0,9.854,72.712
2026-07-22 23:24:36,42,51,0,0,9.862,74.133
2026-07-22 23:29:49,61,76,0,0,9.843,74.388
2026-07-22 23:35:22,46,56,0,0,9.795,74.924
2026-07-22 23:40:06,45,53,0,0,9.774,74.337
2026-07-22 23:44:21,46,53,0,0,9.739,74.026
2026-07-22 23:50:05,43,51,0,0,9.744,73.242
2026-07-22 23:54:49,47,55,0,0,9.779,74.301
2026-07-23 00:00:43,44,50,0,0,9.782,71.869
2026-07-23 00:05:22,39,44,0,0,9.798,74.053
2026-07-23 00:10:00,39,46,0,0,9.76,75.35
2026-07-23 00:15:39,39,46,0,0,9.694,75.462
2026-07-23 00:20:24,39,44,0,0,9.659,74.734
2026-07-23 00:25:27,47,56,0,0,9.614,76.086
2026-07-23 00:30:37,37,38,0,0,9.6,72.92
2026-07-23 00:35:48,43,52,0,0,9.667,75.325
2026-07-23 00:41:14,44,53,0,0,9.667,74.741
2026-07-23 00:45:55,41,47,0,0,9.64,74.14
2026-07-23 00:50:55,37,43,0,0,9.662,76.084
2026-07-23 00:56:20,37,42,0,0,9.632,74.465
2026-07-23 01:01:48,48,57,0,0,9.667,75.241
2026-07-23 01:06:53,51,63,0,0,9.672,75.098
2026-07-23 01:11:44,36,41,0,0,9.704,73.149
2026-07-23 01:16:53,34,37,0,0,9.768,72.401
2026-07-23 01:22:33,36,41,0,0,9.843,73.543
2026-07-23 01:27:18,34,34,0,0,9.867,71.918
2026-07-23 01:31:06,39,46,0,0,9.883,73.381
2026-07-23 01:36:58,39,45,0,0,9.926,72.786
2026-07-23 01:41:22,47,56,0,0,9.942,73.889
2026-07-23 01:46:41,37,44,0,0,9.897,74.713
2026-07-23 01:51:07,34,35,0,0,9.854,73.629
2026-07-23 01:55:11,34,38,0,0,9.827,74.512
2026-07-23 02:00:56,37,42,0,0,9.83,74.253
2026-07-23 02:05:19,36,40,0,0,9.8,73.175
2026-07-23 02:10:54,36,38,0,0,9.806,73.33
2026-07-23 02:15:19,34,35,0,0,9.766,73.889
2026-07-23 02:19:47,31,32,0,0,9.736,73.9
2026-07-23 02:24:52,33,35,0,0,9.707,74.097
2026-07-23 02:29:21,29,29,0,0,9.624,73.648
2026-07-23 02:33:56,30,31,0,0,9.587,75.392
2026-07-23 02:38:12,30,30,0,0,9.517,74.869
2026-07-23 02:43:23,32,33,0,0,9.48,75.842
2026-07-23 02:47:42,36,38,0,0,9.432,75.312
2026-07-23 02:52:09,28,28,0,0,9.373,75.769
2026-07-23 02:57:50,26,26,0,0,9.355,75.216
2026-07-23 03:02:21,28,28,0,0,9.373,76.151
2026-07-23 03:07:26,34,35,0,0,9.405,76.691
2026-07-23 03:11:53,28,28,0,0,9.411,75.96
2026-07-23 03:16:24,25,26,0,0,9.411,75.283
2026-07-23 03:21:52,29,30,0,0,9.467,75.733
2026-07-23 03:26:12,27,30,0,0,9.48,75.771
2026-07-23 03:31:31,20,21,0,0,9.525,73.618
2026-07-23 03:35:41,21,22,0,0,9.611,72.998
2026-07-23 03:40:20,26,26,0,0,9.696,73.931
2026-07-23 03:45:34,22,22,0,0,9.763,74.285
2026-07-23 03:54:31,26,27,0,0,9.827,72.029
2026-07-23 03:59:52,25,28,0,0,9.897,73.089
2026-07-23 04:04:30,27,28,0,0,9.939,74.558
2026-07-23 04:09:38,33,37,0,0,9.926,74.802
2026-07-23 04:13:58,32,33,0,0,9.913,75.008
2026-07-23 04:18:36,25,27,0,0,9.907,73.486
2026-07-23 04:24:01,16,16,0,0,9.953,73.135
2026-07-23 04:28:21,22,24,0,0,9.966,74.344
2026-07-23 04:32:51,19,19,0,0,10.011,74.415
2026-07-23 04:37:52,25,28,0,0,9.993,74.93
2026-07-23 04:42:21,26,28,0,0,9.982,74.797
2026-07-23 04:47:51,22,24,0,0,9.966,74.68
2026-07-23 04:52:34,26,27,0,0,9.955,74.797
2026-07-23 04:56:55,26,26,0,0,9.929,76.143
2026-07-23 05:02:00,19,19,0,0,9.929,76.078
2026-07-23 05:06:41,25,25,0,0,9.854,76.916
2026-07-23 05:11:54,21,21,0,0,9.83,77.297
2026-07-23 05:16:07,21,21,0,0,9.806,77.265
2026-07-23 05:20:58,21,21,0,0,9.787,77.021
2026-07-23 05:26:08,18,20,0,0,9.752,76.511
2026-07-23 05:30:39,18,21,0,0,9.8,76.479
2026-07-23 05:35:06,13,17,0,0,9.822,75.804
2026-07-23 05:40:25,21,21,0,0,9.873,76.256
2026-07-23 05:44:39,9,10,0,0,9.902,75.685
2026-07-23 05:50:12,29,29,0,0,9.966,76.555
2026-07-23 05:54:42,17,19,0,0,10.054,76.004
2026-07-23 05:59:03,0,0,0,0,10.246,73.961
2026-07-23 06:04:33,0,0,0,0,10.596,72.721
2026-07-23 06:08:52,0,0,0,0,10.887,72.254
2026-07-23 06:14:13,7,7,0,0,11.05,72.397
2026-07-23 06:18:25,5,5,0,0,11.072,71.445
2026-07-23 06:23:08,3,3,0,0,11.048,71.876
2026-07-23 06:28:34,0,0,0,0,11.072,71.543
2026-07-23 06:32:55,0,0,0,0,11.136,71.575
2026-07-23 06:37:12,0,0,0,0,11.226,70.387
2026-07-23 06:42:36,0,1,0,0,11.325,70.902
2026-07-23 06:47:08,0,0,0,0,11.373,70.457
2026-07-23 06:52:44,0,0,0,0,11.363,69.635
2026-07-23 06:57:15,0,0,0,0,11.4,69.553
2026-07-23 07:01:35,0,0,0,0,11.453,68.949
2026-07-23 07:06:48,0,0,0,0,11.488,68.817
2026-07-23 07:11:11,0,0,0,0,11.461,68.966
2026-07-23 07:15:44,0,0,0,0,11.44,69.011
2026-07-23 07:20:00,0,0,0,0,11.427,69.132
2026-07-23 07:25:33,0,0,0,0,11.387,68.329
2026-07-23 07:29:52,0,0,0,0,11.376,68.601
2026-07-23 07:34:13,0,0,0,0,11.365,68.176
2026-07-23 07:39:17,0,0,0,0,11.526,68.1
2026-07-23 07:44:05,0,1,0,0,11.64,68.573
2026-07-23 07:49:55,46,60,0,0,11.646,68.294
2026-07-23 07:54:22,62,75,0,0,11.611,68.491
2026-07-23 07:59:34,49,62,0,0,11.539,68.781
2026-07-23 08:05:06,61,75,0,0,11.477,70.701
2026-07-23 08:09:24,15,17,0,0,11.384,70.242
2026-07-23 08:14:48,30,32,0,0,11.301,71.327
2026-07-23 08:19:31,21,22,0,0,11.237,72.309
2026-07-23 08:24:10,29,32,0,0,11.109,72.489
2026-07-23 08:29:35,33,38,0,0,11.01,73.145
2026-07-23 08:34:08,35,38,0,0,10.946,73.061
2026-07-23 08:38:36,15,17,0,0,10.877,73.768
2026-07-23 08:43:52,33,36,0,0,10.821,74.224
2026-07-23 08:48:28,5,5,0,0,10.81,72.994
2026-07-23 08:53:40,5,5,0,0,10.853,73.025
2026-07-23 08:57:57,51,61,0,0,10.933,74.409
2026-07-23 09:02:29,45,53,0,0,11.013,74.28
2026-07-23 09:07:31,21,21,0,0,11.112,73.707
2026-07-23 09:12:08,13,16,0,0,11.242,73.135
2026-07-23 09:17:17,24,25,0,0,11.376,73.078
2026-07-23 09:21:57,37,40,0,0,11.56,72.5
2026-07-23 09:26:20,35,37,0,0,11.702,72.605
2026-07-23 09:31:57,35,37,0,0,11.793,72.986
2026-07-23 09:36:29,24,26,0,0,11.889,73.004
2026-07-23 09:41:19,15,17,0,0,11.945,71.895
2026-07-23 09:46:18,16,17,0,0,12.038,72.51
2026-07-23 09:50:41,7,14,0,0,12.137,71.71
2026-07-23 09:55:54,30,33,0,0,12.204,71.171
2026-07-23 10:00:30,19,19,0,0,12.295,68.607
2026-07-23 10:04:40,18,19,0,0,12.396,69.034
2026-07-23 10:24:24,12,15,0,0,12.586,68.489
2026-07-23 10:29:20,7,8,0,0,12.626,67.436
2026-07-23 10:34:20,5,5,0,0,12.644,68.086
2026-07-23 10:39:21,4,4,0,0,12.73,66.639
2026-07-23 10:44:21,2,3,0,0,12.829,65.679
2026-07-23 10:49:21,4,4,0,0,12.935,65.002
2026-07-23 10:54:21,2,3,0,0,13.04,64.712
2026-07-23 10:59:21,1,1,0,0,13.09,62.692
2026-07-23 11:04:21,2,2,0,0,13.162,62.429
2026-07-23 11:09:21,1,2,0,0,13.261,61.561
2026-07-23 11:14:20,6,6,0,0,13.331,62.252
2026-07-23 11:19:21,6,6,0,0,13.384,62.219
2026-07-23 11:24:21,3,3,0,0,13.437,62.379
2026-07-23 11:29:21,2,3,0,0,13.515,62.416
2026-07-23 11:34:20,2,3,0,0,13.566,61.094
2026-07-23 11:39:21,4,5,0,0,13.659,61.027
2026-07-23 11:44:21,3,3,0,0,13.795,58.834
2026-07-23 11:49:21,2,3,0,0,13.897,58.763
2026-07-23 11:54:21,3,3,0,0,13.99,58.179
2026-07-23 11:59:21,2,2,0,0,14.084,59.229
2026-07-23 12:04:21,2,2,0,0,14.124,57.83
2026-07-23 12:09:21,3,3,0,0,14.073,59.23
2026-07-23 12:14:21,8,8,0,0,14.03,59.053
2026-07-23 12:19:21,8,8,0,0,14.038,59.9
2026-07-23 12:24:21,6,7,0,0,14.084,60.268
2026-07-23 12:29:21,5,6,0,0,14.14,59.658
2026-07-23 12:34:21,5,6,0,0,14.18,60.079
2026-07-23 12:39:21,6,6,0,0,14.185,59.103
2026-07-23 12:44:21,4,5,0,0,14.252,58.107
2026-07-23 12:49:21,7,7,0,0,14.335,58.851
2026-07-23 12:54:21,6,7,0,0,14.482,58.38
2026-07-23 12:59:22,3,4,0,0,14.652,58.452
2026-07-23 13:04:21,5,6,0,0,14.847,58.683
2026-07-23 13:09:21,1,3,0,0,15.074,56.697
2026-07-23 13:14:21,4,4,0,0,15.296,56.646
2026-07-23 13:19:21,4,4,0,0,15.47,57.613
2026-07-23 13:24:21,5,5,0,0,15.59,56.671
2026-07-23 13:29:21,6,6,0,0,15.686,57.46
2026-07-23 13:34:21,5,5,0,0,15.779,56.53
2026-07-23 13:39:20,7,8,0,0,15.803,58.157
2026-07-23 13:44:21,13,14,0,0,15.865,58.189
2026-07-23 13:49:21,8,8,0,0,15.948,58.204
2026-07-23 13:54:21,8,8,0,0,15.958,58.09
2026-07-23 13:59:21,12,14,0,0,16.02,58.166
2026-07-23 14:04:30,14,18,0,0,16.044,57.745
2026-07-23 14:09:21,17,19,0,0,16.06,58.385
2026-07-23 14:14:21,13,13,0,0,15.993,59.129
2026-07-23 14:19:21,17,17,0,0,15.91,60.31
2026-07-23 14:24:21,24,25,0,0,15.9,60.363
2026-07-23 14:29:21,22,24,0,0,15.908,59.826
2026-07-23 14:34:21,24,24,0,0,15.851,60.279
2026-07-23 14:39:21,25,27,0,0,15.817,58.975
2026-07-23 14:44:21,22,24,0,0,15.787,58.252
2026-07-23 14:49:21,9,9,0,0,15.793,56.61
2026-07-23 14:54:21,5,5,0,0,15.811,55.088
2026-07-23 14:59:21,8,11,0,0,15.793,55.975
2026-07-23 15:04:21,8,8,0,0,15.774,54.754
2026-07-23 15:09:21,7,8,0,0,15.686,56.217
2026-07-23 15:14:21,30,33,0,0,15.659,57.191
2026-07-23 15:19:21,7,11,0,0,15.582,55.307
2026-07-23 15:24:21,9,11,0,0,15.488,57.163
2026-07-23 15:29:21,13,14,0,0,15.443,57.544
2026-07-23 15:34:21,24,26,0,0,15.387,60.97
2026-07-23 15:39:21,36,41,0,0,15.333,60.125
2026-07-23 15:44:21,30,31,0,0,15.363,58.62
2026-07-23 15:49:29,28,33,0,0,15.333,59.831
2026-07-23 15:54:21,24,25,0,0,15.328,60.133
2026-07-23 15:59:21,25,27,0,0,15.309,60.241
2026-07-23 16:09:21,23,25,0,0,15.333,61.597
2026-07-23 16:14:21,24,25,0,0,15.32,60.361
2026-07-23 16:19:21,23,23,0,0,15.285,60.238
2026-07-23 16:24:21,22,23,0,0,15.277,59.715
2026-07-23 16:29:21,34,39,0,0,15.251,60.451
2026-07-23 16:34:21,36,40,0,0,15.211,61.178
2026-07-23 16:39:21,44,52,0,0,15.176,61.607
2026-07-23 16:44:21,43,50,0,0,15.112,60.878
2026-07-23 16:49:21,35,41,0,0,15.077,61.88
2026-07-23 16:54:21,24,25,0,0,15.029,60.398
2026-07-23 16:59:21,29,34,0,0,14.917,60.014
2026-07-23 17:04:21,25,26,0,0,14.829,60.575
2026-07-23 17:09:21,80,86,0,0,14.693,61.468
2026-07-23 17:14:21,59,71,0,0,14.54,62.431
2026-07-23 17:19:21,50,62,0,0,14.361,61.136
2026-07-23 17:24:21,51,62,0,0,14.188,62.196
2026-07-23 17:29:21,54,69,0,0,13.998,63.23
2026-07-23 17:34:21,54,68,0,0,13.859,64.617
2026-07-23 17:39:21,60,73,0,0,13.723,65.668
2026-07-23 17:44:28,37,45,0,0,13.571,66.002
2026-07-23 17:49:21,61,73,0,0,13.416,66.04
2026-07-23 17:54:22,60,73,0,0,13.267,65.252
2026-07-23 17:59:21,45,54,0,0,13.149,65.509
2026-07-23 18:04:21,44,54,0,0,13.061,66.257
2026-07-23 18:09:22,53,64,0,0,12.957,66.576
2026-07-23 18:14:22,51,64,0,0,12.863,66.271
2026-07-23 18:19:30,62,75,0,0,12.783,65.13
2026-07-23 18:24:21,31,35,0,0,12.733,65.895
2026-07-23 18:29:21,32,33,0,0,12.636,66.852
2026-07-23 18:34:21,41,49,0,0,12.546,66.957
2026-07-23 18:39:22,31,32,0,0,12.471,66.753
2026-07-23 18:44:22,29,30,0,0,12.425,67.312
2026-07-23 18:49:22,28,29,0,0,12.359,68.594
2026-07-23 18:54:22,28,28,0,0,12.303,69.33
2026-07-23 18:59:32,36,40,0,0,12.252,69.267
2026-07-23 19:04:22,47,57,0,0,12.19,70.287
2026-07-23 19:09:22,48,59,0,0,12.118,70.446
2026-07-23 19:14:21,44,53,0,0,12.07,71.76
2026-07-23 19:19:21,35,40,0,0,12.006,71.329
2026-07-23 19:24:22,38,43,0,0,11.942,72.914
2026-07-23 19:29:22,41,48,0,0,11.899,72.981
2026-07-23 19:34:22,45,54,0,0,11.881,72.643
2026-07-23 19:39:22,53,64,0,0,11.83,72.584
2026-07-23 19:44:22,45,54,0,0,11.827,72.162
2026-07-23 19:49:22,52,66,0,0,11.827,72.166
2026-07-23 19:54:22,47,57,0,0,11.814,72.37
2026-07-23 20:04:22,82,86,0,0,11.806,73.45
2026-07-23 20:09:32,90,96,0,0,11.819,74.039
2026-07-23 20:15:01,71,80,0,0,11.806,73.622
2026-07-23 20:19:22,46,55,0,0,11.833,69.008
2026-07-23 20:34:22,56,71,0,0,12.017,69.288
2026-07-23 20:39:21,65,76,0,0,12.057,69.813
2026-07-23 20:44:22,54,67,0,0,12.086,70.806
2026-07-23 20:49:22,68,78,0,0,12.081,71.325
2026-07-23 20:54:22,73,81,0,0,12.03,71.461
2026-07-23 20:59:22,75,82,0,0,12.012,71.735
2026-07-23 21:04:22,89,93,0,0,12.004,72.271
2026-07-23 21:09:22,138,150,0,0,11.931,72.996
2026-07-23 21:14:22,95,98,0,0,11.867,73.294
2026-07-23 21:19:22,55,70,0,0,11.817,73.211
2026-07-23 21:24:22,69,80,0,0,11.744,73.789
2026-07-23 21:29:22,56,72,0,0,11.662,74.947
2026-07-23 21:34:21,51,62,0,0,11.574,73.749
2026-07-23 21:39:22,42,51,0,0,11.523,72.357
2026-07-23 21:44:22,38,45,0,0,11.491,72.254
2026-07-23 21:49:22,29,30,0,0,11.536,69.881
2026-07-23 21:54:22,32,38,0,0,11.523,72.752
2026-07-23 21:59:22,29,32,0,0,11.59,69.263
2026-07-23 22:04:22,26,26,0,0,11.694,67.009
2026-07-23 22:09:22,29,30,0,0,11.806,68.161
2026-07-23 22:14:22,20,23,0,0,11.894,67.484
2026-07-23 22:19:22,32,36,0,0,11.953,67.18
2026-07-23 22:24:22,27,28,0,0,11.982,67.985
2026-07-23 22:29:22,27,28,0,0,11.99,68.407
2026-07-23 22:34:22,27,29,0,0,11.963,67.854
2026-07-23 22:39:22,26,26,0,0,11.942,67.352
2026-07-23 22:44:22,30,30,0,0,11.937,67.846
2026-07-23 22:49:22,26,28,0,0,11.915,65.901
2026-07-23 22:54:22,25,25,0,0,11.974,65.725
2026-07-23 22:59:22,38,43,0,0,12.009,65.628
2026-07-23 23:04:22,63,76,0,0,12.044,68.092
2026-07-23 23:09:22,51,61,0,0,11.995,67.344
2026-07-23 23:14:22,39,47,0,0,11.95,66.818
2026-07-23 23:19:22,43,51,0,0,11.894,69.309
2026-07-23 23:24:22,44,52,0,0,11.809,70.558
2026-07-23 23:29:22,51,63,0,0,11.752,70.726
2026-07-23 23:34:22,47,56,0,0,11.643,71.214
2026-07-23 23:39:22,51,62,0,0,11.576,71.14
2026-07-23 23:44:22,44,54,0,0,11.52,70.425
2026-07-23 23:49:22,49,61,0,0,11.526,71.779
2026-07-23 23:54:22,51,62,0,0,11.491,72.553
2026-07-23 23:59:22,46,54,0,0,11.477,73.91
2026-07-24 00:04:22,42,50,0,0,11.443,73.9
2026-07-24 00:09:23,45,52,0,0,11.379,74.709
2026-07-24 00:14:23,40,47,0,0,11.349,73.135
2026-07-24 00:19:23,39,44,0,0,11.277,73.042
2026-07-24 00:24:23,41,49,0,0,11.189,75.35
2026-07-24 00:29:23,84,88,0,0,11.144,75.304
2026-07-24 00:34:23,42,50,0,0,11.042,75.84
2026-07-24 00:39:23,46,57,0,0,10.906,76.605
2026-07-24 00:44:23,41,47,0,0,10.748,76.837
2026-07-24 00:49:23,36,38,0,0,10.623,76.937
2026-07-24 00:54:22,37,41,0,0,10.546,77.579
2026-07-24 00:59:23,52,66,0,0,10.457,77.795
2026-07-24 01:04:23,42,52,0,0,10.345,77.94
2026-07-24 01:09:23,40,47,0,0,10.222,78.087
2026-07-24 01:14:23,37,40,0,0,10.051,77.951
2026-07-24 01:19:23,34,35,0,0,9.931,78.611
2026-07-24 01:24:23,29,32,0,0,9.822,78.472
2026-07-24 01:29:23,32,34,0,0,9.747,79.151
2026-07-24 01:34:23,32,37,0,0,9.728,79.838
2026-07-24 01:39:23,33,35,0,0,9.71,80.028
2026-07-24 01:44:23,29,29,0,0,9.696,80.013
2026-07-24 01:49:23,29,31,0,0,9.704,79.977
2026-07-24 01:54:22,29,30,0,0,9.715,80.089
2026-07-24 01:59:23,30,31,0,0,9.694,79.454
2026-07-24 02:04:22,31,31,0,0,9.694,78.764
2026-07-24 02:09:22,32,35,0,0,9.704,79.781
2026-07-24 02:14:23,30,31,0,0,9.763,80.027
2026-07-24 02:19:23,27,27,0,0,9.75,80.397
2026-07-24 02:24:32,27,28,0,0,9.784,80.389
2026-07-24 02:29:23,28,29,0,0,9.827,80.118
2026-07-24 02:34:22,26,26,0,0,9.878,80.038
2026-07-24 02:39:22,36,39,0,0,9.955,79.956
2026-07-24 02:44:23,33,38,0,0,10.009,80.843
2026-07-24 02:49:23,32,34,0,0,10.014,81.066
2026-07-24 02:54:23,26,29,0,0,10.014,80.488
2026-07-24 02:59:22,29,30,0,0,9.995,80.5
2026-07-24 03:04:23,30,32,0,0,9.993,80.805
2026-07-24 03:09:23,30,30,0,0,9.995,80.095
2026-07-24 03:14:22,26,27,0,0,9.966,79.971
2026-07-24 03:19:23,26,29,0,0,9.942,80
2026-07-24 03:24:23,21,22,0,0,9.931,80.057
2026-07-24 03:29:23,19,21,0,0,9.945,79.809
2026-07-24 03:34:23,20,22,0,0,9.99,79.594
2026-07-24 03:39:23,20,21,0,0,10.019,80.135
2026-07-24 03:44:23,18,22,0,0,10.049,80.763
2026-07-24 03:49:23,24,24,0,0,10.108,81.005
2026-07-24 03:54:23,27,29,0,0,10.105,80.946
2026-07-24 03:59:23,27,27,0,0,10.118,80.467
2026-07-24 04:04:23,21,21,0,0,10.051,79.903
2026-07-24 04:09:23,22,22,0,0,9.958,80.25
2026-07-24 04:14:23,22,25,0,0,9.835,79.943
2026-07-24 04:19:23,25,25,0,0,9.736,79.853
2026-07-24 04:24:23,22,25,0,0,9.632,80.091
2026-07-24 04:29:23,25,25,0,0,9.517,80.28
2026-07-24 04:34:23,22,25,0,0,9.405,80.589
2026-07-24 04:39:23,20,21,0,0,9.277,81.087
2026-07-24 04:44:23,27,30,0,0,9.224,81.434
2026-07-24 04:49:23,20,22,0,0,9.178,81.663
2026-07-24 04:54:23,17,18,0,0,9.112,82.064
2026-07-24 04:59:23,12,13,0,0,9.066,82.626
2026-07-24 05:04:23,9,10,0,0,9.047,83.284
2026-07-24 05:09:23,9,10,0,0,9.05,83.79
2026-07-24 05:14:23,8,8,0,0,9.09,84.021
2026-07-24 05:19:23,10,10,0,0,9.149,84.108
2026-07-24 05:24:23,12,15,0,0,9.2,83.857
2026-07-24 05:29:23,12,14,0,0,9.202,82.565
2026-07-24 05:34:23,8,9,0,0,9.141,82.233
2026-07-24 05:39:23,12,13,0,0,9.071,82.209
2026-07-24 05:44:23,13,13,0,0,8.994,82.485
2026-07-24 05:49:23,12,17,0,0,8.943,82.506
2026-07-24 05:54:23,10,10,0,0,8.861,82.787
2026-07-24 05:59:23,13,13,0,0,8.826,82.916
2026-07-24 06:04:23,18,22,0,0,8.783,83.099
2026-07-24 06:09:23,22,22,0,0,8.738,82.876
2026-07-24 06:14:23,13,16,0,0,8.716,82.918
2026-07-24 06:19:23,25,26,0,0,8.692,82.775
2026-07-24 06:24:23,22,23,0,0,8.663,82.834
2026-07-24 06:29:23,20,23,0,0,8.599,82.554
2026-07-24 06:34:24,23,23,0,0,8.519,82.457
2026-07-24 06:39:23,22,25,0,0,8.473,82.924
2026-07-24 06:44:23,23,25,0,0,8.385,83.214
2026-07-24 06:49:24,33,33,0,0,8.356,83.208
2026-07-24 06:54:23,39,42,0,0,8.305,83.357
2026-07-24 06:59:23,33,35,0,0,8.26,83.605
2026-07-24 07:04:24,27,27,0,0,8.185,83.769
2026-07-24 07:09:23,21,21,0,0,8.145,83.824
2026-07-24 07:14:24,17,19,0,0,8.099,84.318
2026-07-24 07:19:24,13,14,0,0,8.086,85.207
2026-07-24 07:24:24,16,20,0,0,8.083,84.757
2026-07-24 07:29:24,25,26,0,0,8.083,84.703
2026-07-24 07:34:23,28,28,0,0,8.07,84.175
2026-07-24 07:39:24,20,21,0,0,8.059,83.87
2026-07-24 07:44:24,22,22,0,0,8.003,83.488
2026-07-24 07:49:24,19,20,0,0,7.942,83.649
2026-07-24 07:54:24,10,10,0,0,7.931,84.318
2026-07-24 07:59:24,21,21,0,0,8.011,84.354
2026-07-24 08:04:24,25,27,0,0,8.102,84.476
2026-07-24 08:09:24,8,8,0,0,8.254,83.775
2026-07-24 08:14:24,10,12,0,0,8.364,83.603
2026-07-24 08:19:23,20,22,0,0,8.503,83.693
2026-07-24 08:24:24,26,28,0,0,8.642,82.834
2026-07-24 08:29:24,23,25,0,0,8.722,82.382
2026-07-24 08:34:24,18,19,0,0,8.839,81.907
2026-07-24 08:39:24,15,19,0,0,9.005,81.72
2026-07-24 08:44:23,10,10,0,0,9.138,81.192
2026-07-24 08:49:24,26,27,0,0,9.376,80.36
2026-07-24 08:54:24,10,10,0,0,9.59,79.119
2026-07-24 08:59:24,9,9,0,0,9.851,79.035
2026-07-24 09:04:24,24,24,0,0,10.105,80.616
2026-07-24 09:09:24,17,17,0,0,10.27,80.641
2026-07-24 09:14:24,20,20,0,0,10.412,79.393
2026-07-24 09:19:23,19,21,0,0,10.505,78.846
2026-07-24 09:24:24,27,27,0,0,10.636,79.176
2026-07-24 09:29:24,22,25,0,0,10.783,78.848
2026-07-24 09:34:24,18,20,0,0,11.029,77.387
2026-07-24 09:39:23,18,20,0,0,11.395,76.925
2026-07-24 09:44:30,9,9,0,0,11.851,75.992
2026-07-24 09:49:24,12,12,0,0,12.313,74.468
2026-07-24 09:54:24,14,17,0,0,12.711,74.688
2026-07-24 09:59:24,8,8,0,0,13.122,73.612
2026-07-24 10:04:24,21,23,0,0,13.51,73.181
2026-07-24 10:09:24,21,23,0,0,13.758,71.52
2026-07-24 10:14:24,21,21,0,0,13.974,70.915
2026-07-24 10:19:24,24,24,0,0,14.094,70.347
2026-07-24 10:24:24,18,19,0,0,14.239,68.847
2026-07-24 10:29:24,16,18,0,0,14.412,69.122
2026-07-24 10:34:24,19,23,0,0,14.612,68.228
2026-07-24 10:39:24,11,11,0,0,14.882,66.728
2026-07-24 10:44:24,17,20,0,0,15.146,65.214
2026-07-24 10:49:24,9,11,0,0,15.515,63.293
2026-07-24 10:54:24,13,13,0,0,15.945,62.757
2026-07-24 10:59:24,25,25,0,0,16.353,62.734
2026-07-24 11:04:24,6,6,0,0,16.677,62.143
2026-07-24 11:09:24,15,17,0,0,16.839,62.666
2026-07-24 11:14:24,25,26,0,0,16.93,63.255
2026-07-24 11:19:24,14,16,0,0,17.034,61.823
2026-07-24 11:24:24,11,12,0,0,17.181,61.58
2026-07-24 11:29:24,8,8,0,0,17.43,60.506
2026-07-24 11:34:24,9,9,0,0,17.779,58.832
2026-07-24 11:39:24,0,1,0,0,18.089,54.76
2026-07-24 11:44:24,2,2,0,0,18.327,55.629
2026-07-24 11:49:24,3,3,0,0,18.49,54.477
2026-07-24 11:54:24,8,8,0,0,18.663,55.557
2026-07-24 11:59:24,6,7,0,0,18.799,54.55
2026-07-24 12:04:24,7,7,0,0,19.013,54.824
2026-07-24 12:09:24,8,11,0,0,19.379,54.769
2026-07-24 12:14:24,10,11,0,0,19.691,52.65
2026-07-24 12:19:24,6,6,0,0,19.913,52.16
2026-07-24 12:24:34,0,0,0,0,20.145,49.711
2026-07-24 12:29:24,0,0,0,0,20.327,48.561
2026-07-24 12:34:24,4,4,0,0,20.487,51.774
2026-07-24 12:39:24,1,1,0,0,20.586,50.407
2026-07-24 12:44:24,4,4,0,0,20.615,49.924
2026-07-24 12:49:24,3,4,0,0,20.719,48.952
2026-07-24 12:54:24,4,4,0,0,20.829,48.734
2026-07-24 12:59:24,5,5,0,0,20.936,49.661
2026-07-24 13:04:24,5,5,0,0,21.115,49.005
2026-07-24 13:09:25,5,5,0,0,21.208,47.098
2026-07-24 13:14:24,2,2,0,0,21.286,45.73
2026-07-24 13:19:25,3,3,0,0,21.363,46.39
2026-07-24 13:24:25,1,1,0,0,21.47,45.011
2026-07-24 13:29:24,3,3,0,0,21.526,44.711
2026-07-24 13:34:25,1,1,0,0,21.603,45.766
2026-07-24 13:39:25,1,1,0,0,21.729,44.858
2026-07-24 13:44:25,4,4,0,0,21.79,46.707
2026-07-24 13:49:25,1,1,0,0,21.801,46.184
2026-07-24 13:54:25,1,2,0,0,21.9,48.227
2026-07-24 13:59:25,2,2,0,0,21.977,46.861
2026-07-24 14:04:25,2,2,0,0,22.076,47.826
2026-07-24 14:09:25,1,1,0,0,22.095,44.538
2026-07-24 14:14:25,1,2,0,0,22.057,44.757
2026-07-24 14:19:25,1,1,0,0,22.081,45.759
2026-07-24 14:24:25,0,0,0,0,22.079,44.177
2026-07-24 14:29:25,1,1,0,0,22.033,44.546
2026-07-24 14:34:25,0,0,0,0,22.015,45.52
2026-07-24 14:39:25,0,0,0,0,21.972,43.691
2026-07-24 14:44:25,0,0,0,0,21.958,44.055
2026-07-24 14:49:25,1,1,0,0,21.897,43.51
2026-07-24 14:54:24,0,0,0,0,21.905,43.987
2026-07-24 14:59:25,0,1,0,0,21.87,42.993
2026-07-24 15:04:25,1,1,0,0,21.854,44.078
2026-07-24 15:09:25,0,0,0,0,21.878,45.518
2026-07-24 15:14:24,2,2,0,0,21.881,46.955
2026-07-24 15:19:25,3,3,0,0,21.953,46.584
2026-07-24 15:24:25,3,3,0,0,21.999,47.925
2026-07-24 15:29:25,3,3,0,0,22.015,48.383
2026-07-24 15:34:25,5,5,0,0,22.023,48.538
2026-07-24 15:39:25,6,6,0,0,22.031,47.527
2026-07-24 15:44:25,3,3,0,0,22.012,47.681
2026-07-24 15:49:25,4,4,0,0,21.988,48.538
2026-07-24 15:54:25,3,3,0,0,21.913,47.243
2026-07-24 15:59:25,4,4,0,0,21.83,47.628
2026-07-24 16:05:42,7,7,0,0,21.726,47.712
2026-07-24 16:10:22,8,8,0,0,21.646,48.088
2026-07-24 16:14:44,17,18,0,0,21.545,47.792
2026-07-24 16:19:25,21,22,0,0,21.478,47.113
2026-07-24 16:24:25,17,19,0,0,21.318,47.819
2026-07-24 16:29:25,11,14,0,0,21.208,50.107
2026-07-24 16:34:25,7,7,0,0,21.04,52.236
2026-07-24 16:39:25,15,16,0,0,20.856,53.403
2026-07-24 16:44:25,16,17,0,0,20.645,54.369
2026-07-24 16:49:25,16,19,0,0,20.447,54.346
2026-07-24 16:54:25,36,42,0,0,20.225,54.412
2026-07-24 16:59:25,8,8,0,0,20.014,54.618
2026-07-24 17:04:25,5,7,0,0,19.809,53.657
2026-07-24 17:09:25,6,6,0,0,19.614,54.1
2026-07-24 17:14:25,4,4,0,0,19.406,54.08
2026-07-24 17:19:25,5,5,0,0,19.179,55.141
2026-07-24 17:24:25,4,4,0,0,18.968,54.966
2026-07-24 17:29:25,2,2,0,0,18.773,55.051
2026-07-24 17:34:25,1,1,0,0,18.605,55.641
2026-07-24 17:39:25,4,4,0,0,18.434,56.577
2026-07-24 17:44:26,18,20,0,0,18.276,57.025
2026-07-24 17:49:25,8,9,0,0,18.124,57.968
2026-07-24 17:54:25,16,20,0,0,17.998,58.651
2026-07-24 17:59:25,30,33,0,0,17.862,58.914
2026-07-24 18:04:25,8,12,0,0,17.707,60.508
2026-07-24 18:09:25,13,14,0,0,17.571,59.373
2026-07-24 18:14:25,8,10,0,0,17.456,61.96
2026-07-24 18:19:25,23,25,0,0,17.309,62.219
2026-07-24 18:24:25,25,26,0,0,17.205,60.917
2026-07-24 18:29:25,23,23,0,0,17.077,62.29
2026-07-24 18:34:25,25,25,0,0,16.978,65.736
2026-07-24 18:39:26,22,22,0,0,16.821,64.727
2026-07-24 18:44:25,36,42,0,0,16.706,65.538
2026-07-24 18:49:25,40,48,0,0,16.596,66.787
2026-07-24 18:54:26,41,51,0,0,16.442,65.891
2026-07-24 18:59:25,16,17,0,0,16.343,65.41
2026-07-24 19:04:26,18,18,0,0,16.271,65.481
2026-07-24 19:09:26,132,138,0,0,16.199,66.633
2026-07-24 19:14:25,104,110,0,0,16.148,67.234
2026-07-24 19:19:26,126,133,0,0,16.068,67.69
2026-07-24 19:24:25,110,115,0,0,16.001,67.772
2026-07-24 19:29:26,60,71,0,0,15.918,68.405
2026-07-24 19:34:25,55,67,0,0,15.835,69.298
2026-07-24 19:39:26,41,49,0,0,15.774,68.783
2026-07-24 19:44:26,55,67,0,0,15.726,68.191
2026-07-24 19:49:26,53,68,0,0,15.665,70.093
2026-07-24 19:54:26,51,64,0,0,15.592,70.6
2026-07-24 19:59:26,28,31,0,0,15.467,69.803
2026-07-24 20:04:26,34,41,0,0,15.389,70.101
2026-07-24 20:09:26,37,46,0,0,15.336,71.411
2026-07-24 20:14:26,30,34,0,0,15.28,71.903
2026-07-24 20:19:26,49,61,0,0,15.171,71.943
2026-07-24 20:24:26,44,53,0,0,15.077,70.36
2026-07-24 20:29:26,41,48,0,0,15.058,70.965
2026-07-24 20:34:26,51,65,0,0,15.01,71.729
2026-07-24 20:39:26,91,95,0,0,14.965,71.802
2026-07-24 20:44:26,132,135,0,0,14.936,72.376
2026-07-24 20:49:26,76,81,0,0,14.858,72.792
2026-07-24 20:54:26,48,58,0,0,14.818,71.96
2026-07-24 20:59:26,65,75,0,0,14.797,73.141
2026-07-24 21:04:26,121,127,0,0,14.741,73.631
2026-07-24 21:09:26,155,163,0,0,14.695,73.152
2026-07-24 21:14:26,154,164,0,0,14.666,73.459
2026-07-24 21:19:26,55,69,0,0,14.62,73.366
2026-07-24 21:24:26,70,78,0,0,14.572,73.831
2026-07-24 21:29:26,58,70,0,0,14.538,74.121
2026-07-24 21:34:26,61,71,0,0,14.498,74.423
2026-07-24 21:39:26,64,75,0,0,14.495,74.24
2026-07-24 21:44:26,57,70,0,0,14.482,74.137
2026-07-24 21:49:26,40,46,0,0,14.46,73.509
2026-07-24 21:54:26,45,57,0,0,14.447,73.057
2026-07-24 21:59:26,40,48,0,0,14.508,72.534
2026-07-24 22:04:26,35,40,0,0,14.564,71.914
2026-07-24 22:09:26,36,40,0,0,14.679,72.38
2026-07-24 22:14:26,52,64,0,0,14.706,72.523
2026-07-24 22:19:26,47,58,0,0,14.693,72.307
2026-07-24 22:24:26,40,47,0,0,14.701,73.234
2026-07-24 22:29:26,38,44,0,0,14.655,73.408
2026-07-24 22:34:26,45,55,0,0,14.604,73.597
2026-07-24 22:39:26,42,51,0,0,14.567,72.838
2026-07-24 22:44:26,42,50,0,0,14.532,72.491
2026-07-24 22:49:26,46,54,0,0,14.503,74.632
2026-07-24 22:54:26,103,113,0,0,14.468,75.312
2026-07-24 22:59:26,67,78,0,0,14.396,75.306
2026-07-24 23:04:26,75,80,0,0,14.369,75.327
2026-07-24 23:09:26,70,76,0,0,14.287,75.886
2026-07-24 23:14:35,62,76,0,0,14.241,76.139
2026-07-24 23:19:34,61,72,0,0,14.193,76.219
2026-07-24 23:24:26,52,63,0,0,14.148,76.069
2026-07-24 23:29:26,48,57,0,0,14.081,75.388
2026-07-24 23:34:26,52,63,0,0,14.06,76.498
2026-07-24 23:39:27,50,60,0,0,14.057,76.992
2026-07-24 23:44:26,54,68,0,0,14.054,76.99
2026-07-24 23:49:26,43,50,0,0,13.993,75.661
2026-07-24 23:54:26,41,49,0,0,13.948,75.138
2026-07-24 23:59:26,61,73,0,0,13.964,76.471
2026-07-25 00:04:26,51,63,0,0,13.972,77.568
2026-07-25 00:09:27,50,63,0,0,13.964,77.196
2026-07-25 00:14:26,43,52,0,0,13.945,77.446
2026-07-25 00:19:27,42,50,0,0,13.937,77.503
2026-07-25 00:24:27,43,51,0,0,13.905,76.86
2026-07-25 00:29:27,47,58,0,0,13.902,77.604
2026-07-25 00:34:27,51,62,0,0,13.873,78.358
2026-07-25 00:39:26,42,51,0,0,13.833,78.312
2026-07-25 00:44:27,46,55,0,0,13.835,78.745
2026-07-25 00:49:27,63,75,0,0,13.766,78.678
2026-07-25 00:54:27,61,73,0,0,13.758,78.955
2026-07-25 00:59:27,53,64,0,0,13.734,79.222
2026-07-25 01:04:27,46,56,0,0,13.71,79.359
2026-07-25 01:09:27,43,50,0,0,13.68,79.845
2026-07-25 01:14:27,40,50,0,0,13.632,80.091
2026-07-25 01:19:27,40,48,0,0,13.571,79.924
2026-07-25 01:24:27,35,39,0,0,13.574,79.899
2026-07-25 01:29:27,41,49,0,0,13.515,80.673
2026-07-25 01:34:31,39,45,0,0,13.499,80.635
2026-07-25 01:39:27,38,43,0,0,13.51,80.669
2026-07-25 01:44:27,38,43,0,0,13.48,80.641
2026-07-25 01:49:27,40,47,0,0,13.504,81.135
2026-07-25 01:54:27,39,47,0,0,13.48,81.861
2026-07-25 01:59:27,41,49,0,0,13.429,82.346
2026-07-25 02:04:36,38,44,0,0,13.392,82.174
2026-07-25 02:09:27,39,48,0,0,13.299,83.019
2026-07-25 02:14:27,41,49,0,0,13.243,83.038
2026-07-25 02:19:27,42,50,0,0,13.205,83.345
2026-07-25 02:24:27,41,48,0,0,13.149,83.401
2026-07-25 02:29:27,42,49,0,0,13.072,83.7
2026-07-25 02:34:27,37,41,0,0,13.032,83.998
2026-07-25 02:39:26,42,51,0,0,13.013,84.764
2026-07-25 02:44:27,41,50,0,0,12.938,84.953
2026-07-25 02:49:27,35,41,0,0,12.914,85.207
2026-07-25 02:54:27,36,39,0,0,12.869,85.445
2026-07-25 02:59:27,34,37,0,0,12.823,85.735
2026-07-25 03:04:27,34,40,0,0,12.821,85.823
2026-07-25 03:09:27,39,46,0,0,12.789,86.016
2026-07-25 03:14:27,32,36,0,0,12.775,86.044
2026-07-25 03:19:27,29,30,0,0,12.773,86.327
2026-07-25 03:24:27,21,23,0,0,12.722,86.02
2026-07-25 03:29:27,21,23,0,0,12.695,85.911
2026-07-25 03:34:27,20,21,0,0,12.658,86.271
2026-07-25 03:39:27,19,19,0,0,12.628,86.212
2026-07-25 03:44:27,17,19,0,0,12.626,86.218
2026-07-25 03:49:27,16,19,0,0,12.604,86.405
2026-07-25 03:54:27,7,7,0,0,12.599,86.113
2026-07-25 03:59:27,6,6,0,0,12.591,86.344
2026-07-25 04:04:27,8,8,0,0,12.626,86.556
2026-07-25 04:09:27,6,7,0,0,12.61,86.527
2026-07-25 04:14:27,7,7,0,0,12.626,86.695
2026-07-25 04:19:27,5,5,0,0,12.66,86.573
2026-07-25 04:24:27,11,12,0,0,12.684,86.39
2026-07-25 04:29:27,7,7,0,0,12.676,86.466
2026-07-25 04:34:27,3,3,0,0,12.682,86.439
2026-07-25 04:39:27,8,9,0,0,12.666,86.409
2026-07-25 04:44:27,15,16,0,0,12.626,86.365
2026-07-25 04:49:27,24,25,0,0,12.612,86.514
2026-07-25 04:54:27,28,28,0,0,12.612,86.51
2026-07-25 04:59:27,30,31,0,0,12.588,86.59
2026-07-25 05:04:27,29,29,0,0,12.586,86.718
2026-07-25 05:09:27,26,27,0,0,12.599,86.882
2026-07-25 05:14:27,26,26,0,0,12.612,86.906
2026-07-25 05:19:27,28,29,0,0,12.636,86.813
2026-07-25 05:24:27,29,30,0,0,12.644,86.987
2026-07-25 05:29:27,28,29,0,0,12.631,86.918
2026-07-25 05:34:27,28,28,0,0,12.583,86.634
2026-07-25 05:39:27,29,30,0,0,12.53,86.969
2026-07-25 05:44:27,28,31,0,0,12.487,86.979
2026-07-25 05:49:27,25,28,0,0,12.479,87.051
2026-07-25 05:54:27,26,27,0,0,12.471,87.193
2026-07-25 05:59:27,25,25,0,0,12.457,87.359
2026-07-25 06:04:27,25,27,0,0,12.471,87.435
2026-07-25 06:09:28,23,26,0,0,12.412,87.215
2026-07-25 06:14:34,23,24,0,0,12.447,87.175
2026-07-25 06:19:28,21,23,0,0,12.441,87.114
2026-07-25 06:24:27,15,16,0,0,12.455,87.185
2026-07-25 06:29:27,17,19,0,0,12.468,87.198
2026-07-25 06:34:27,18,20,0,0,12.471,87.12
2026-07-25 06:39:28,17,18,0,0,12.452,87.242
2026-07-25 06:44:27,35,40,0,0,12.447,87.24
2026-07-25 06:49:27,24,24,0,0,12.396,87.057
2026-07-25 06:54:27,26,27,0,0,12.377,87.027
2026-07-25 06:59:27,23,23,0,0,12.348,87.412
2026-07-25 07:04:28,28,28,0,0,12.324,87.475
2026-07-25 07:09:28,29,30,0,0,12.297,87.521
2026-07-25 07:14:28,26,27,0,0,12.305,87.75
2026-07-25 07:19:27,26,27,0,0,12.313,87.713
2026-07-25 07:24:27,29,31,0,0,12.305,87.641
2026-07-25 07:29:28,34,36,0,0,12.324,87.511
2026-07-25 07:34:27,36,39,0,0,12.329,87.717
2026-07-25 07:39:28,30,31,0,0,12.332,87.822
2026-07-25 07:44:27,32,37,0,0,12.308,87.771
2026-07-25 07:49:27,29,29,0,0,12.316,87.967
2026-07-25 07:54:28,23,23,0,0,12.324,87.502
2026-07-25 07:59:28,19,20,0,0,12.348,87.496
2026-07-25 08:04:28,19,20,0,0,12.385,86.983
2026-07-25 08:09:28,23,25,0,0,12.401,87.095
2026-07-25 08:14:28,31,32,0,0,12.412,86.508
2026-07-25 08:19:28,9,11,0,0,12.433,86.092
2026-07-25 08:24:27,25,28,0,0,12.401,86.115
2026-07-25 08:29:28,16,17,0,0,12.383,86.727
2026-07-25 08:34:34,26,26,0,0,12.335,87.128
2026-07-25 08:45:29,8,8,0,0,12.34,86.893
2026-07-25 08:50:29,5,5,0,0,12.343,86.79
2026-07-25 08:55:29,13,14,0,0,12.396,87.177
2026-07-25 09:00:29,11,14,0,0,12.388,87.311
2026-07-25 09:05:29,8,11,0,0,12.401,87.334
2026-07-25 09:10:29,9,9,0,0,12.399,87.351
2026-07-25 09:15:29,14,14,0,0,12.401,87.561
2026-07-25 09:20:29,18,23,0,0,12.415,87.788
2026-07-25 09:25:29,20,20,0,0,12.391,87.982
2026-07-25 09:30:29,19,19,0,0,12.369,88.297
2026-07-25 09:35:29,21,23,0,0,12.361,88.299
2026-07-25 09:40:29,12,16,0,0,12.388,88.272
2026-07-25 09:45:29,26,27,0,0,12.433,88.028
2026-07-25 09:50:29,37,40,0,0,12.46,88.255
2026-07-25 09:55:29,30,32,0,0,12.514,88.648
2026-07-25 10:00:29,27,29,0,0,12.572,88.436
2026-07-25 10:05:29,24,26,0,0,12.599,88.358
2026-07-25 10:10:29,23,23,0,0,12.644,88.158
2026-07-25 10:15:29,36,43,0,0,12.695,88.045
2026-07-25 10:20:29,32,35,0,0,12.724,88.095
2026-07-25 10:25:29,20,21,0,0,12.773,87.957
2026-07-25 10:30:30,15,15,0,0,12.813,87.887
2026-07-25 10:35:29,9,11,0,0,12.858,87.86
2026-07-25 10:40:29,12,13,0,0,12.903,87.252
2026-07-25 10:45:29,13,16,0,0,12.954,87.759
2026-07-25 10:50:29,13,14,0,0,13.021,87.191
2026-07-25 10:55:29,21,21,0,0,13.09,87.587
2026-07-25 11:00:30,17,19,0,0,13.16,87.854
2026-07-25 11:05:30,11,11,0,0,13.232,87.563
2026-07-25 11:10:29,7,8,0,0,13.304,87.139
2026-07-25 11:15:30,13,14,0,0,13.379,87.528
2026-07-25 11:20:30,25,25,0,0,13.47,86.943
2026-07-25 11:25:30,26,26,0,0,13.539,87.429
2026-07-25 11:30:29,26,27,0,0,13.59,87.16
2026-07-25 11:35:29,28,29,0,0,13.627,86.117
2026-07-25 11:40:30,29,30,0,0,13.656,86.214
2026-07-25 11:45:29,37,42,0,0,13.632,86.437
2026-07-25 11:50:30,34,39,0,0,13.67,86.403
2026-07-25 11:55:30,52,65,0,0,13.646,86.416
2026-07-25 12:00:30,181,198,0,0,13.638,86.84
2026-07-25 12:05:30,47,58,0,0,13.646,86.714
2026-07-25 12:10:30,45,54,0,0,13.638,86.817
2026-07-25 12:15:36,60,71,0,0,13.638,86.754
2026-07-25 12:20:30,53,65,0,0,13.632,86.777
2026-07-25 12:25:30,46,56,0,0,13.678,86.195
2026-07-25 12:30:30,39,48,0,0,13.683,86.325
2026-07-25 12:35:30,74,82,0,0,13.683,86.151
2026-07-25 12:40:30,54,69,0,0,13.747,86.382
2026-07-25 12:45:30,73,82,0,0,13.747,86.061
2026-07-25 12:50:30,45,52,0,0,13.803,86.302
2026-07-25 12:55:30,42,49,0,0,13.838,85.911
2026-07-25 13:00:30,44,53,0,0,13.91,85.646
2026-07-25 13:05:29,33,36,0,0,13.934,85.232
2026-07-25 13:10:37,33,36,0,0,13.988,85.413
2026-07-25 13:15:30,35,39,0,0,14.02,85.011
2026-07-25 13:20:30,33,37,0,0,14.025,84.549
2026-07-25 13:25:30,49,62,0,0,14.057,84.64
2026-07-25 13:30:30,47,58,0,0,14.084,85.224
2026-07-25 13:35:30,38,47,0,0,14.084,85.094
2026-07-25 13:40:30,36,43,0,0,14.097,84.48
2026-07-25 13:45:30,87,92,0,0,14.084,84.494
2026-07-25 13:50:30,34,39,0,0,14.081,85.272
2026-07-25 13:55:30,30,32,0,0,14.084,85.037
2026-07-25 14:00:30,34,39,0,0,14.11,85.323
2026-07-25 14:05:30,39,46,0,0,14.118,85.533
2026-07-25 14:10:30,29,30,0,0,14.169,85.196
2026-07-25 14:15:37,36,44,0,0,14.209,85.711
2026-07-25 14:20:30,34,38,0,0,14.26,85.621
2026-07-25 14:25:30,41,49,0,0,14.361,85.173
2026-07-25 14:30:30,49,60,0,0,14.498,84.026
2026-07-25 14:35:30,48,58,0,0,14.602,83.83
2026-07-25 14:40:30,47,57,0,0,14.706,83.948
2026-07-25 14:45:30,30,30,0,0,14.751,83.689
2026-07-25 14:50:30,39,46,0,0,14.869,83.134
2026-07-25 14:55:38,23,24,0,0,14.954,82.76
2026-07-25 15:00:30,29,29,0,0,15.002,83.429
2026-07-25 15:05:30,24,24,0,0,15.04,82.951
2026-07-25 15:10:30,24,25,0,0,15.082,83.185
2026-07-25 15:15:30,32,35,0,0,15.128,82.258
2026-07-25 15:20:30,33,36,0,0,15.112,82.331
2026-07-25 15:25:30,33,36,0,0,15.12,83.126
2026-07-25 15:30:30,33,35,0,0,15.12,81.982
2026-07-25 15:35:30,131,143,0,0,15.066,82.741
2026-07-25 15:40:30,61,71,0,0,15.024,83.191
2026-07-25 15:45:30,101,105,0,0,14.984,83.273
2026-07-25 15:50:30,71,78,0,0,14.879,82.685
2026-07-25 15:55:30,54,68,0,0,14.839,82.569
2026-07-25 16:00:30,47,57,0,0,14.767,82.8
2026-07-25 16:06:36,41,48,0,0,14.703,82.867
2026-07-25 16:11:23,42,51,0,0,14.57,83.66
2026-07-25 16:15:47,42,51,0,0,14.508,84.097
2026-07-25 16:20:33,41,49,0,0,14.474,84.316
2026-07-25 16:25:30,62,72,0,0,14.444,85.079
2026-07-25 16:30:30,41,49,0,0,14.377,84.862
2026-07-25 16:35:30,43,51,0,0,14.34,84.768
2026-07-25 16:40:30,43,51,0,0,14.327,85.02
2026-07-25 16:45:30,39,46,0,0,14.292,84.85
2026-07-25 16:50:30,50,62,0,0,14.257,84.831
2026-07-25 16:55:30,60,71,0,0,14.185,85.186
2026-07-25 17:00:30,52,62,0,0,14.108,85.562
2026-07-25 17:05:30,46,58,0,0,14.06,85.779
2026-07-25 17:10:30,37,44,0,0,14.009,84.391
2026-07-25 17:15:30,40,49,0,0,13.977,84.74
2026-07-25 17:20:30,48,58,0,0,13.948,84.684
2026-07-25 17:25:30,42,50,0,0,13.894,84.932
2026-07-25 17:30:30,44,51,0,0,13.87,85.314
2026-07-25 17:35:30,45,52,0,0,13.811,85.299
2026-07-25 17:40:30,47,58,0,0,13.747,85.451
2026-07-25 17:45:30,46,55,0,0,13.694,85.056
2026-07-25 17:50:30,49,58,0,0,13.67,85.333
2026-07-25 17:55:30,47,56,0,0,13.635,85.312
2026-07-25 18:00:30,47,58,0,0,13.616,85.413
2026-07-25 18:05:30,48,58,0,0,13.555,85.676
2026-07-25 18:10:30,50,60,0,0,13.518,85.943
2026-07-25 18:15:30,48,59,0,0,13.478,85.173
2026-07-25 18:20:30,48,60,0,0,13.437,85.768
2026-07-25 18:25:38,47,58,0,0,13.413,86.166
2026-07-25 18:30:30,49,59,0,0,13.36,86.056
2026-07-25 18:35:31,49,61,0,0,13.293,85.762
2026-07-25 18:40:31,50,63,0,0,13.269,85.947
2026-07-25 18:45:31,50,62,0,0,13.205,85.815
2026-07-25 18:50:30,62,74,0,0,13.176,85.821
2026-07-25 18:55:30,65,76,0,0,13.13,85.882
2026-07-25 19:00:30,86,92,0,0,13.082,86.075
2026-07-25 19:05:31,150,160,0,0,13.04,85.567
2026-07-25 19:10:30,117,120,0,0,12.989,85.583
2026-07-25 19:15:31,123,129,0,0,12.927,85.951
2026-07-25 19:20:31,73,82,0,0,12.874,85.957
2026-07-25 19:25:31,82,85,0,0,12.845,85.686
2026-07-25 19:30:31,99,105,0,0,12.818,85.873
2026-07-25 19:35:31,152,159,0,0,12.778,85.974
2026-07-25 19:40:31,133,140,0,0,12.759,85.907
2026-07-25 19:45:31,89,94,0,0,12.722,85.432
2026-07-25 19:50:31,179,185,0,0,12.684,85.735
2026-07-25 19:55:30,82,85,0,0,12.663,86.084
2026-07-25 20:00:30,106,109,0,0,12.62,86.105
2026-07-25 20:05:30,87,92,0,0,12.618,86.063
2026-07-25 20:10:30,66,78,0,0,12.572,86.21
2026-07-25 20:15:30,62,75,0,0,12.546,86.21
2026-07-25 20:20:30,74,81,0,0,12.487,86.409
2026-07-25 20:25:30,71,78,0,0,12.452,86.504
2026-07-25 20:30:30,55,69,0,0,12.42,86.657
2026-07-25 20:35:31,52,65,0,0,12.353,86.283
2026-07-25 20:40:30,55,67,0,0,12.332,86.592
2026-07-25 20:45:37,53,66,0,0,12.284,86.59
2026-07-25 20:50:30,54,67,0,0,12.244,86.796
2026-07-25 20:55:30,60,75,0,0,12.19,86.876
2026-07-25 21:00:31,57,72,0,0,12.15,86.725
2026-07-25 21:05:30,62,75,0,0,12.134,86.956
2026-07-25 21:10:30,69,78,0,0,12.097,86.609
2026-07-25 21:15:39,64,75,0,0,12.094,86.43
2026-07-25 21:20:37,58,72,0,0,12.094,86.088
2026-07-25 21:25:30,92,95,0,0,12.097,86.079
2026-07-25 21:30:31,93,98,0,0,12.073,86.464
2026-07-25 21:35:31,72,81,0,0,12.081,86.277
2026-07-25 21:40:30,55,70,0,0,12.073,85.81
2026-07-25 21:45:31,66,78,0,0,12.089,85.819
2026-07-25 21:50:31,59,73,0,0,12.092,85.533
2026-07-25 21:55:31,55,69,0,0,12.084,85.272
2026-07-25 22:00:30,58,72,0,0,12.108,85.417
2026-07-25 22:05:31,61,74,0,0,12.118,85.667
2026-07-25 22:10:31,56,68,0,0,12.097,85.43
2026-07-25 22:15:31,57,70,0,0,12.044,85.611
2026-07-25 22:20:31,56,69,0,0,12.028,85.915
2026-07-25 22:25:31,56,69,0,0,11.979,85.711
2026-07-25 22:30:31,64,76,0,0,11.961,85.703
2026-07-25 22:35:31,109,114,0,0,11.963,85.15
2026-07-25 22:40:31,70,80,0,0,11.958,85.014
2026-07-25 22:45:31,74,83,0,0,11.955,85.108
2026-07-25 22:50:30,90,95,0,0,11.889,85.358
2026-07-25 22:55:31,65,78,0,0,11.886,85.402
2026-07-25 23:00:31,94,98,0,0,11.835,85.632
2026-07-25 23:05:31,87,91,0,0,11.817,85.884
2026-07-25 23:10:31,80,84,0,0,11.795,86.218
2026-07-25 23:15:31,86,91,0,0,11.755,86.313
2026-07-25 23:20:31,90,94,0,0,11.691,86.63
2026-07-25 23:25:31,85,89,0,0,11.656,86.533
2026-07-25 23:30:31,78,84,0,0,11.638,86.447
2026-07-25 23:35:31,75,83,0,0,11.6,86.536
2026-07-25 23:40:31,79,83,0,0,11.574,86.756
2026-07-25 23:45:31,99,106,0,0,11.574,86.771
2026-07-25 23:50:31,116,121,0,0,11.576,86.569
2026-07-25 23:55:31,117,122,0,0,11.563,86.42
2026-07-26 00:00:31,112,121,0,0,11.531,86.666
2026-07-26 00:05:31,117,122,0,0,11.509,86.59
2026-07-26 00:10:31,102,106,0,0,11.48,86.308
2026-07-26 00:15:31,110,115,0,0,11.451,86.576
2026-07-26 00:20:31,98,100,0,0,11.416,86.422
2026-07-26 00:25:31,72,82,0,0,11.371,86.327
2026-07-26 00:30:31,83,87,0,0,11.336,86.342
2026-07-26 00:35:31,79,86,0,0,11.301,86.493
2026-07-26 00:40:31,92,97,0,0,11.323,86.193
2026-07-26 00:45:31,83,89,0,0,11.336,86.441
2026-07-26 00:50:31,72,79,0,0,11.312,86.094
2026-07-26 00:55:31,69,80,0,0,11.277,86.403
2026-07-26 01:00:31,68,80,0,0,11.264,86.292
2026-07-26 01:05:31,67,79,0,0,11.264,86.321
2026-07-26 01:10:31,68,82,0,0,11.283,86.365
2026-07-26 01:15:31,68,79,0,0,11.258,86.208
2026-07-26 01:20:31,70,80,0,0,11.229,86.361
2026-07-26 01:25:31,71,81,0,0,11.194,86.302
2026-07-26 01:30:31,71,80,0,0,11.202,86.319
2026-07-26 01:35:31,74,82,0,0,11.168,86.433
2026-07-26 01:40:31,88,91,0,0,11.157,86.536
2026-07-26 01:45:31,101,104,0,0,11.122,86.611
2026-07-26 01:50:31,106,115,0,0,11.098,86.687
2026-07-26 01:55:31,68,78,0,0,11.074,86.668
2026-07-26 02:00:31,56,70,0,0,11.074,86.462
2026-07-26 02:05:31,65,77,0,0,11.093,86.485
2026-07-26 02:10:31,122,130,0,0,11.101,86.525
2026-07-26 02:15:31,87,92,0,0,11.109,86.38
2026-07-26 02:20:31,77,85,0,0,11.098,86.422
2026-07-26 02:25:32,72,80,0,0,11.077,86.012
2026-07-26 02:30:31,65,78,0,0,11.023,86.048
2026-07-26 02:35:32,58,72,0,0,10.949,85.945
2026-07-26 02:40:31,57,70,0,0,10.922,86.079
2026-07-26 02:45:32,56,70,0,0,10.871,86.117
2026-07-26 02:50:31,56,68,0,0,10.847,86.483
2026-07-26 02:55:32,53,68,0,0,10.845,86.079
2026-07-26 03:00:32,53,67,0,0,10.829,86.166
2026-07-26 03:05:32,54,66,0,0,10.831,85.974
2026-07-26 03:10:32,51,64,0,0,10.861,86.308
2026-07-26 03:15:32,57,69,0,0,10.858,86.248
2026-07-26 03:20:31,56,69,0,0,10.853,86.191
2026-07-26 03:25:32,54,66,0,0,10.869,85.466
2026-07-26 03:30:41,51,63,0,0,10.879,85.226
2026-07-26 03:35:31,50,61,0,0,10.906,84.923
2026-07-26 03:40:32,53,64,0,0,10.933,85.44
2026-07-26 03:45:32,51,63,0,0,10.973,85.409
2026-07-26 03:50:32,52,64,0,0,10.999,85.524
2026-07-26 03:55:31,55,66,0,0,10.986,85.678
2026-07-26 04:00:31,53,67,0,0,10.975,85.102
2026-07-26 04:05:32,52,66,0,0,10.922,85.114
2026-07-26 04:10:32,53,66,0,0,10.887,85.243
2026-07-26 04:15:32,54,67,0,0,10.853,85.497
2026-07-26 04:20:32,53,67,0,0,10.813,85.464
2026-07-26 04:25:31,53,65,0,0,10.786,85.632
2026-07-26 04:30:41,56,69,0,0,10.756,85.722
2026-07-26 04:35:31,53,67,0,0,10.714,85.716
2026-07-26 04:40:32,51,62,0,0,10.724,85.539
2026-07-26 04:45:32,51,61,0,0,10.676,85.373
2026-07-26 04:50:31,51,61,0,0,10.647,85.094
2026-07-26 04:55:32,46,55,0,0,10.607,84.455
2026-07-26 05:00:32,43,52,0,0,10.658,83.977
2026-07-26 05:05:32,45,52,0,0,10.676,84.057
2026-07-26 05:10:38,57,71,0,0,10.706,84.631
2026-07-26 05:15:32,62,75,0,0,10.708,84.509
2026-07-26 05:20:32,55,68,0,0,10.695,84.831
2026-07-26 05:25:32,49,60,0,0,10.708,84.309
2026-07-26 05:30:32,39,47,0,0,10.676,84.291
2026-07-26 05:35:32,48,58,0,0,10.708,84.711
2026-07-26 05:40:32,49,59,0,0,10.679,84.789
2026-07-26 05:45:32,42,50,0,0,10.671,84.875
2026-07-26 05:50:32,39,46,0,0,10.684,84.898
2026-07-26 05:55:32,38,44,0,0,10.671,84.797
2026-07-26 06:00:31,33,37,0,0,10.674,84.681
2026-07-26 06:05:32,30,31,0,0,10.623,84.799
2026-07-26 06:10:32,25,29,0,0,10.607,84.614
2026-07-26 06:15:41,26,28,0,0,10.636,84.627
2026-07-26 06:20:32,25,27,0,0,10.655,84.513
2026-07-26 06:25:32,24,25,0,0,10.623,84.545
2026-07-26 06:30:32,20,21,0,0,10.61,84.234
2026-07-26 06:35:32,18,20,0,0,10.58,84.541
2026-07-26 06:40:32,15,17,0,0,10.594,83.286
2026-07-26 06:45:32,15,16,0,0,10.519,83.12
2026-07-26 06:50:32,16,19,0,0,10.42,83.185
2026-07-26 06:55:32,17,20,0,0,10.345,83.069
2026-07-26 07:00:32,20,22,0,0,10.249,83.42
2026-07-26 07:05:32,26,26,0,0,10.206,83.645
2026-07-26 07:10:32,28,30,0,0,10.134,83.708
2026-07-26 07:15:32,29,31,0,0,10.084,83.895
2026-07-26 07:20:32,29,31,0,0,10.025,83.916
2026-07-26 07:25:41,31,37,0,0,9.982,83.822
2026-07-26 07:30:32,29,31,0,0,9.969,83.775
2026-07-26 07:35:41,30,31,0,0,9.998,83.849
2026-07-26 07:40:32,30,33,0,0,9.982,83.517
2026-07-26 07:45:32,30,31,0,0,9.995,83.624
2026-07-26 07:50:32,31,35,0,0,9.953,83.542
2026-07-26 07:55:43,30,31,0,0,9.921,83.641
2026-07-26 08:00:32,22,25,0,0,9.87,83.773
2026-07-26 08:05:32,24,27,0,0,9.83,83.95
2026-07-26 08:10:32,25,25,0,0,9.859,84.116
2026-07-26 08:15:32,26,26,0,0,9.891,84.444
2026-07-26 08:20:32,18,18,0,0,9.939,83.557
2026-07-26 08:25:32,9,12,0,0,10.009,82.695
2026-07-26 08:30:32,7,10,0,0,10.118,82.293
2026-07-26 08:35:32,7,7,0,0,10.254,82.197
2026-07-26 08:40:32,5,6,0,0,10.383,81.449
2026-07-26 08:45:32,3,4,0,0,10.594,81.352
2026-07-26 08:50:32,6,6,0,0,10.778,81.438
2026-07-26 08:55:32,8,10,0,0,10.991,81.459
2026-07-26 09:00:41,16,18,0,0,11.192,82.247
2026-07-26 09:05:32,22,24,0,0,11.416,81.152
2026-07-26 09:10:32,15,17,0,0,11.6,81.095
2026-07-26 09:15:32,15,15,0,0,11.752,79.735
2026-07-26 09:20:32,20,20,0,0,11.905,79.876
2026-07-26 09:25:32,24,25,0,0,12.009,80.339
2026-07-26 09:30:32,28,28,0,0,12.158,80.086
2026-07-26 09:35:32,28,29,0,0,12.332,79.443
2026-07-26 09:40:32,29,29,0,0,12.473,79.149
2026-07-26 09:45:34,21,21,0,0,12.679,77.816
2026-07-26 09:50:33,19,23,0,0,12.826,77.719
2026-07-26 09:55:32,18,19,0,0,13.064,77.919
2026-07-26 10:00:43,12,13,0,0,13.344,75.792
2026-07-26 10:05:32,8,8,0,0,13.696,75.319
2026-07-26 10:10:32,9,9,0,0,14.014,73.307
2026-07-26 10:15:32,8,9,0,0,14.396,71.087
2026-07-26 10:20:33,13,14,0,0,14.743,74.318
2026-07-26 10:25:32,16,19,0,0,15.034,73.854
2026-07-26 10:30:32,13,14,0,0,15.267,72.18
2026-07-26 10:35:33,13,14,0,0,15.502,71.52
2026-07-26 10:40:33,14,14,0,0,15.771,70.051
2026-07-26 10:45:33,9,11,0,0,16.044,67.646
2026-07-26 10:50:32,8,8,0,0,16.305,67.873
2026-07-26 10:55:33,9,12,0,0,16.532,68.065
2026-07-26 11:00:33,8,9,0,0,16.679,66.833
2026-07-26 11:05:33,5,7,0,0,16.869,64.548
2026-07-26 11:10:40,3,3,0,0,17.096,63.446
2026-07-26 11:15:33,5,5,0,0,17.39,63.261
2026-07-26 11:20:32,4,4,0,0,17.584,61.348
2026-07-26 11:25:33,4,4,0,0,17.795,60.81
2026-07-26 11:30:40,6,7,0,0,18.017,60.649
2026-07-26 11:35:33,4,6,0,0,18.257,60.899
2026-07-26 11:40:33,4,4,0,0,18.474,58.675
2026-07-26 11:45:33,3,3,0,0,18.674,57.825
2026-07-26 11:50:33,6,6,0,0,18.906,57.983
2026-07-26 11:55:33,3,3,0,0,19.08,58.105
2026-07-26 12:00:33,5,5,0,0,19.283,56.779
2026-07-26 12:05:32,3,4,0,0,19.43,55.299
2026-07-26 12:10:33,2,2,0,0,19.59,53.84
2026-07-26 12:15:33,2,2,0,0,19.777,52.515
2026-07-26 12:20:33,1,1,0,0,19.94,52.148
2026-07-26 12:25:32,1,1,0,0,20.113,54.746
2026-07-26 12:30:33,3,4,0,0,20.335,54.002
2026-07-26 12:35:33,2,2,0,0,20.466,54.565
2026-07-26 12:40:33,3,3,0,0,20.658,51.643
2026-07-26 12:45:33,3,3,0,0,20.754,51.942
2026-07-26 12:50:33,5,6,0,0,20.869,53.449
2026-07-26 12:55:33,4,6,0,0,20.93,53.182
2026-07-26 13:00:33,5,5,0,0,20.995,50.865
2026-07-26 13:05:42,6,6,0,0,21.021,51.79
2026-07-26 13:10:33,6,6,0,0,21.088,49.203
2026-07-26 13:15:32,2,3,0,0,21.155,49.905
2026-07-26 13:20:33,0,0,0,0,21.211,49.43
2026-07-26 13:25:33,0,0,0,0,21.366,48.715
2026-07-26 13:30:33,0,0,0,0,21.475,48.784
2026-07-26 13:35:33,0,0,0,0,21.587,47.695
2026-07-26 13:40:33,0,0,0,0,21.622,47.365
2026-07-26 13:45:32,0,0,0,0,21.673,48.511
2026-07-26 13:50:33,1,1,0,0,21.71,47.119
2026-07-26 13:55:33,0,0,0,0,21.732,47.092
2026-07-26 14:00:33,1,1,0,0,21.809,46.39
2026-07-26 14:05:33,3,3,0,0,21.902,46.207
2026-07-26 14:10:33,5,5,0,0,22.033,45.133
2026-07-26 14:15:33,2,3,0,0,22.105,44.105
2026-07-26 14:20:33,5,5,0,0,22.204,46.888
2026-07-26 14:25:33,4,4,0,0,22.274,46.579
2026-07-26 14:30:33,3,3,0,0,22.244,45.61
2026-07-26 14:35:33,4,4,0,0,22.21,45.642
2026-07-26 14:40:33,3,3,0,0,22.159,46.775
2026-07-26 14:45:33,4,5,0,0,22.113,47.149
2026-07-26 14:50:33,5,6,0,0,22.135,48.196
2026-07-26 14:55:33,2,2,0,0,22.116,46.979
2026-07-26 15:00:34,3,3,0,0,22.028,47.578
2026-07-26 15:05:42,4,4,0,0,21.924,47.429
2026-07-26 15:10:33,0,0,0,0,21.929,48.204
2026-07-26 15:15:33,4,5,0,0,21.9,50.058
2026-07-26 15:20:33,14,15,0,0,21.87,51.126
2026-07-26 15:25:33,3,3,0,0,21.838,50.422
2026-07-26 15:30:33,2,2,0,0,21.742,50.672
2026-07-26 15:35:33,2,3,0,0,21.609,50.617
2026-07-26 15:40:33,5,5,0,0,21.513,51.843
2026-07-26 15:45:33,0,1,0,0,21.478,52.167
2026-07-26 15:50:33,5,5,0,0,21.342,53.182
2026-07-26 15:55:33,6,7,0,0,21.272,53.245
2026-07-26 16:03:54,1,1,0,0,21.171,53.905
2026-07-26 16:07:11,0,0,0,0,21.04,54.719
2026-07-26 16:11:30,3,4,0,0,20.848,55.543
2026-07-26 16:15:53,25,26,0,0,20.65,55.875
2026-07-26 16:20:39,11,11,0,0,20.479,57.584
2026-07-26 16:25:33,36,41,0,0,20.295,57.533
2026-07-26 16:30:33,15,16,0,0,20.1,58.107
2026-07-26 16:35:33,5,5,0,0,19.884,59.024
2026-07-26 16:40:33,18,18,0,0,19.681,60.278
2026-07-26 16:45:41,3,4,0,0,19.475,61.077
2026-07-26 16:50:34,7,7,0,0,19.331,61.071
2026-07-26 16:55:33,8,10,0,0,19.163,60.096
2026-07-26 17:00:33,5,5,0,0,19.04,60.417
2026-07-26 17:05:33,5,6,0,0,18.928,60.691
2026-07-26 17:10:33,5,5,0,0,18.765,61.994
2026-07-26 17:15:33,5,5,0,0,18.591,61.626
2026-07-26 17:20:34,4,5,0,0,18.46,61.428
2026-07-26 17:25:33,26,26,0,0,18.313,62.866
2026-07-26 17:30:33,6,6,0,0,18.132,62.944
2026-07-26 17:35:34,12,12,0,0,17.95,63.76
2026-07-26 17:40:34,8,8,0,0,17.755,64.552
2026-07-26 17:45:34,6,6,0,0,17.593,65.237
2026-07-26 17:50:33,26,28,0,0,17.384,66.595
2026-07-26 17:55:34,32,38,0,0,17.213,68.035
2026-07-26 18:00:34,18,19,0,0,17.026,68.342
2026-07-26 18:05:34,6,6,0,0,16.872,67.356
2026-07-26 18:10:34,60,70,0,0,16.751,70.024
2026-07-26 18:15:34,99,105,0,0,16.583,70.137
2026-07-26 18:20:34,86,91,0,0,16.431,70.989
2026-07-26 18:25:34,110,115,0,0,16.271,71.584
2026-07-26 18:30:35,78,84,0,0,16.102,71.775
2026-07-26 18:35:33,100,106,0,0,15.977,72.441
2026-07-26 18:40:34,47,57,0,0,15.881,72.866
2026-07-26 18:45:33,40,47,0,0,15.723,73.139
2026-07-26 18:50:34,35,41,0,0,15.568,73.574
2026-07-26 18:55:33,33,38,0,0,15.446,74.52
2026-07-26 19:00:34,28,30,0,0,15.36,74.453
2026-07-26 19:05:34,34,40,0,0,15.259,74.812
2026-07-26 19:10:34,72,79,0,0,15.171,74.873
2026-07-26 19:15:34,53,67,0,0,15.093,75.384
2026-07-26 19:20:34,42,50,0,0,14.984,75.563
2026-07-26 19:25:34,48,58,0,0,14.949,75.556
2026-07-26 19:30:34,47,57,0,0,14.917,75.647
2026-07-26 19:35:34,38,47,0,0,14.903,75.67
2026-07-26 19:40:34,39,47,0,0,14.831,75.516
2026-07-26 19:45:33,42,50,0,0,14.813,75.493
2026-07-26 19:50:34,23,24,0,0,14.778,75.453
2026-07-26 19:55:34,35,39,0,0,14.767,75.348
2026-07-26 20:00:34,43,51,0,0,14.743,75.655
2026-07-26 20:05:34,35,40,0,0,14.687,76.424
2026-07-26 20:10:34,34,38,0,0,14.615,76.517
2026-07-26 20:15:34,42,49,0,0,14.559,76.794
2026-07-26 20:20:34,29,31,0,0,14.519,77.272
2026-07-26 20:25:34,31,32,0,0,14.492,77.001
2026-07-26 20:30:34,96,101,0,0,14.452,77.597
2026-07-26 20:35:34,96,100,0,0,14.399,77.558
2026-07-26 20:40:34,69,77,0,0,14.364,77.852
2026-07-26 20:45:34,34,36,0,0,14.348,77.972
2026-07-26 20:50:34,67,76,0,0,14.297,78.1
2026-07-26 20:55:34,45,55,0,0,14.257,78.371
2026-07-26 21:00:34,52,65,0,0,14.204,78.327
2026-07-26 21:05:34,36,39,0,0,14.18,78.447
2026-07-26 21:10:34,30,34,0,0,14.153,78.613
2026-07-26 21:15:34,62,75,0,0,14.097,78.72
2026-07-26 21:20:43,31,32,0,0,14.057,78.672
2026-07-26 21:25:34,31,32,0,0,14.046,78.859
2026-07-26 21:30:34,24,26,0,0,14.017,78.384
2026-07-26 21:35:34,87,93,0,0,14.03,78.901
2026-07-26 21:40:34,125,132,0,0,14.004,79.056
2026-07-26 21:45:34,91,94,0,0,13.98,79.134
2026-07-26 21:50:34,33,35,0,0,13.926,78.913
2026-07-26 21:55:34,28,30,0,0,13.859,78.899
2026-07-26 22:00:34,29,30,0,0,13.798,79.077
2026-07-26 22:05:34,29,30,0,0,13.758,79.254
2026-07-26 22:10:34,31,35,0,0,13.691,79.277
2026-07-26 22:15:34,31,32,0,0,13.678,79.565
2026-07-26 22:20:34,43,54,0,0,13.608,79.668
2026-07-26 22:25:34,41,50,0,0,13.51,79.672
2026-07-26 22:30:34,67,77,0,0,13.443,79.885
2026-07-26 22:35:34,49,62,0,0,13.408,80.179
2026-07-26 22:40:34,50,59,0,0,13.32,80.303
2026-07-26 22:45:34,42,48,0,0,13.237,80.677
2026-07-26 22:50:34,40,47,0,0,13.176,80.378
2026-07-26 22:55:34,34,36,0,0,13.069,80.648
2026-07-26 23:00:34,32,33,0,0,12.992,80.873
2026-07-26 23:05:34,32,35,0,0,12.925,80.927
2026-07-26 23:10:34,35,38,0,0,12.869,81.402
2026-07-26 23:15:34,32,35,0,0,12.815,81.324
2026-07-26 23:20:34,34,37,0,0,12.727,81.634
2026-07-26 23:25:34,35,37,0,0,12.642,82.121
2026-07-26 23:30:34,37,43,0,0,12.588,82.333
2026-07-26 23:35:34,37,45,0,0,12.58,82.506
2026-07-26 23:40:34,38,44,0,0,12.556,82.617
2026-07-26 23:45:34,39,44,0,0,12.548,82.823
2026-07-26 23:50:34,36,43,0,0,12.554,82.693
2026-07-26 23:55:35,35,39,0,0,12.594,82.457
2026-07-27 00:00:34,37,40,0,0,12.676,82.107
2026-07-27 00:05:34,38,43,0,0,12.738,81.722
2026-07-27 00:10:35,45,54,0,0,12.749,81.739
2026-07-27 00:15:35,51,64,0,0,12.727,81.934
2026-07-27 00:20:34,36,41,0,0,12.684,82.058
2026-07-27 00:25:34,32,33,0,0,12.658,82.233
2026-07-27 00:30:35,34,36,0,0,12.61,82.333
2026-07-27 00:35:34,35,38,0,0,12.607,82.313
2026-07-27 00:40:35,32,32,0,0,12.567,82.35
2026-07-27 00:45:34,35,40,0,0,12.564,82.161
2026-07-27 00:50:35,34,38,0,0,12.519,82.06
2026-07-27 00:55:41,32,38,0,0,12.471,82.151
2026-07-27 01:00:35,32,36,0,0,12.393,82.464
2026-07-27 01:05:35,34,36,0,0,12.377,82.397
2026-07-27 01:10:35,32,33,0,0,12.316,82.548
2026-07-27 01:15:35,36,40,0,0,12.236,82.476
2026-07-27 01:20:35,42,49,0,0,12.11,82.855
2026-07-27 01:25:34,38,48,0,0,12.028,82.893
2026-07-27 01:30:35,42,51,0,0,11.947,83.229
2026-07-27 01:35:35,42,50,0,0,11.838,83.487
2026-07-27 01:40:35,42,51,0,0,11.774,83.612
2026-07-27 01:45:34,42,49,0,0,11.702,84.053
2026-07-27 01:50:35,39,45,0,0,11.64,84.558
2026-07-27 01:55:35,39,45,0,0,11.659,84.888
2026-07-27 02:00:35,41,48,0,0,11.667,84.478
2026-07-27 02:05:35,41,51,0,0,11.654,84.698
2026-07-27 02:10:35,43,50,0,0,11.667,84.454
2026-07-27 02:15:35,43,50,0,0,11.632,84.427
2026-07-27 02:20:35,42,49,0,0,11.622,84.461
2026-07-27 02:25:35,40,49,0,0,11.643,84.417
2026-07-27 02:30:41,41,49,0,0,11.664,84.084
2026-07-27 02:35:35,44,53,0,0,11.64,84.303
2026-07-27 02:40:34,42,48,0,0,11.627,83.933
2026-07-27 02:45:35,38,43,0,0,11.6,83.664
2026-07-27 02:50:35,38,44,0,0,11.491,84.063
2026-07-27 02:55:34,37,43,0,0,11.44,84.314
2026-07-27 03:00:35,36,39,0,0,11.376,84.482
2026-07-27 03:05:35,37,41,0,0,11.344,84.57
2026-07-27 03:10:35,36,40,0,0,11.333,85.073
2026-07-27 03:15:35,32,39,0,0,11.328,84.858
2026-07-27 03:20:35,35,37,0,0,11.352,84.9
2026-07-27 03:25:35,35,39,0,0,11.352,84.667
2026-07-27 03:30:35,33,34,0,0,11.344,84.284
2026-07-27 03:35:35,35,37,0,0,11.264,84.269
2026-07-27 03:40:35,36,40,0,0,11.173,84.62
2026-07-27 03:45:35,35,40,0,0,11.125,84.812
2026-07-27 03:50:35,35,40,0,0,11.096,85.087
2026-07-27 03:55:35,35,38,0,0,11.072,85.537
2026-07-27 04:00:35,32,36,0,0,11.069,85.588
2026-07-27 04:05:35,33,36,0,0,11.064,85.566
2026-07-27 04:10:35,31,31,0,0,11.077,85.588
2026-07-27 04:15:35,35,39,0,0,11.074,85.453
2026-07-27 04:20:35,33,36,0,0,11.061,85.211
2026-07-27 04:25:35,36,38,0,0,11.042,85.121
2026-07-27 04:30:35,39,44,0,0,10.975,85.051
2026-07-27 04:35:35,36,42,0,0,10.933,85.155
2026-07-27 04:40:35,35,37,0,0,10.871,84.61
2026-07-27 04:45:35,33,37,0,0,10.81,84.929
2026-07-27 04:50:35,35,39,0,0,10.738,84.904
2026-07-27 04:55:43,36,38,0,0,10.666,85.297
2026-07-27 05:00:35,33,34,0,0,10.575,85.045
2026-07-27 05:05:35,33,37,0,0,10.497,85.056
2026-07-27 05:10:35,32,32,0,0,10.425,85.958
2026-07-27 05:15:35,31,34,0,0,10.391,85.73
2026-07-27 05:20:35,32,32,0,0,10.343,85.449
2026-07-27 05:25:35,33,34,0,0,10.303,85.285
2026-07-27 05:30:35,32,35,0,0,10.294,85.472
2026-07-27 05:35:35,34,37,0,0,10.27,85.432
2026-07-27 05:40:35,30,30,0,0,10.244,85.779
2026-07-27 05:45:44,31,32,0,0,10.26,86.226
2026-07-27 05:50:35,32,34,0,0,10.286,86.908
2026-07-27 05:55:35,33,37,0,0,10.337,86.903
2026-07-27 06:00:35,28,30,0,0,10.377,87.091
2026-07-27 06:05:36,26,27,0,0,10.455,88.15
2026-07-27 06:10:35,25,28,0,0,10.546,88.457
2026-07-27 06:15:35,28,28,0,0,10.623,88.181
2026-07-27 06:20:35,24,25,0,0,10.698,88.163
2026-07-27 06:25:35,24,24,0,0,10.746,88.318
2026-07-27 06:30:36,21,22,0,0,10.834,87.984
2026-07-27 06:35:35,22,24,0,0,10.863,87.75
2026-07-27 06:40:36,26,28,0,0,10.887,87.481
2026-07-27 06:45:35,24,26,0,0,10.882,87.336
2026-07-27 06:50:35,26,26,0,0,10.885,87.347
2026-07-27 06:55:36,18,19,0,0,10.887,87.465
2026-07-27 07:00:36,13,19,0,0,10.885,87.494
2026-07-27 07:05:36,19,19,0,0,10.887,87.633
2026-07-27 07:10:35,21,21,0,0,10.869,87.507
2026-07-27 07:15:35,13,14,0,0,10.866,87.658
2026-07-27 07:20:36,15,18,0,0,10.869,87.605
2026-07-27 07:25:36,19,19,0,0,10.895,87.547
2026-07-27 07:30:36,13,16,0,0,10.914,87.477
2026-07-27 07:35:36,9,12,0,0,10.949,87.587
2026-07-27 07:40:36,13,14,0,0,10.925,87.559
2026-07-27 07:45:36,14,17,0,0,10.911,87.692
2026-07-27 07:50:36,14,15,0,0,10.909,87.759
2026-07-27 07:55:36,16,17,0,0,10.938,87.759
2026-07-27 08:00:36,13,14,0,0,10.949,87.862
2026-07-27 08:05:36,10,12,0,0,11.005,88.108
2026-07-27 08:10:36,14,15,0,0,11.072,88.259
2026-07-27 08:15:35,36,39,0,0,11.144,88.022
2026-07-27 08:20:36,12,12,0,0,11.216,87.94
2026-07-27 08:25:36,28,30,0,0,11.323,87.811
2026-07-27 08:30:36,21,21,0,0,11.416,87.832
2026-07-27 08:35:35,14,14,0,0,11.59,87.717
2026-07-27 08:40:36,15,17,0,0,11.795,86.683
2026-07-27 08:45:36,23,25,0,0,11.985,86.138
2026-07-27 08:50:36,24,26,0,0,12.164,85.15
2026-07-27 08:55:36,25,27,0,0,12.34,84.141
2026-07-27 09:00:36,25,25,0,0,12.433,83.595
2026-07-27 09:05:36,24,26,0,0,12.532,83.368
2026-07-27 09:10:35,25,25,0,0,12.626,83.738
2026-07-27 09:15:36,23,24,0,0,12.829,83.593
2026-07-27 09:20:36,23,23,0,0,13,82.424
2026-07-27 09:25:36,24,24,0,0,13.192,81.593
2026-07-27 09:30:44,24,24,0,0,13.331,81.501
2026-07-27 09:35:36,25,27,0,0,13.464,81.032
2026-07-27 09:40:36,23,23,0,0,13.606,79.975
2026-07-27 09:45:36,23,23,0,0,13.75,79.731
2026-07-27 09:50:36,20,23,0,0,13.956,79.229
2026-07-27 09:55:36,18,19,0,0,14.166,77.986
2026-07-27 10:00:36,25,25,0,0,14.244,78.43
2026-07-27 10:05:36,29,31,0,0,14.327,78.173
2026-07-27 10:10:36,25,25,0,0,14.474,77.791
2026-07-27 10:15:36,18,18,0,0,14.639,76.639
2026-07-27 10:20:36,20,22,0,0,14.922,76.443
2026-07-27 10:25:36,23,23,0,0,15.197,75.703
2026-07-27 10:30:35,22,23,0,0,15.523,74.999
2026-07-27 10:35:35,23,25,0,0,15.857,72.88
2026-07-27 10:40:36,24,24,0,0,16.159,72.899
2026-07-27 10:45:36,27,28,0,0,16.484,72.92
2026-07-27 10:50:36,25,26,0,0,16.77,72.367
2026-07-27 10:55:36,23,26,0,0,17.024,71.161
2026-07-27 11:00:36,26,28,0,0,17.165,70.192
2026-07-27 11:05:36,24,25,0,0,17.307,67.283
2026-07-27 11:10:36,22,26,0,0,17.333,67.642
2026-07-27 11:15:36,25,25,0,0,17.4,68.1
2026-07-27 11:20:45,27,27,0,0,17.568,68.128
2026-07-27 11:25:36,27,28,0,0,17.793,67.875
2026-07-27 11:30:46,24,25,0,0,17.897,67.312
2026-07-27 11:35:36,22,23,0,0,17.969,66.789
2026-07-27 11:40:36,24,25,0,0,18.041,66.702
2026-07-27 11:45:36,24,24,0,0,18.207,65.792
2026-07-27 11:50:37,24,25,0,0,18.289,65.25
2026-07-27 11:55:36,30,34,0,0,18.319,66.805
2026-07-27 12:00:36,30,33,0,0,18.305,65.366
2026-07-27 12:05:36,31,34,0,0,18.287,65.855
2026-07-27 12:10:36,28,30,0,0,18.367,63.402
2026-07-27 12:15:36,26,26,0,0,18.37,63.697
2026-07-27 12:21:25,26,28,0,0,18.415,63.717
2026-07-27 12:26:46,30,34,0,0,18.57,65.019
2026-07-27 12:32:37,32,35,0,0,18.687,63.362
2026-07-27 12:39:45,28,33,0,0,18.786,63.862
2026-07-27 12:44:21,27,28,0,0,18.888,61.954
2026-07-27 13:02:08,29,30,0,0,19.037,61.224
2026-07-27 13:05:05,17,20,0,0,19.208,58.952
2026-07-27 13:15:36,2,3,0,0,20.284,56.718
2026-07-27 13:20:36,4,5,0,0,20.41,56.192
2026-07-27 13:25:36,2,3,0,0,20.538,55.158
2026-07-27 13:30:36,3,3,0,0,20.709,55.58
2026-07-27 13:35:36,2,3,0,0,20.909,54.016
2026-07-27 13:40:36,2,2,0,0,21.061,54.363
2026-07-27 13:45:36,1,1,0,0,21.147,50.92
2026-07-27 13:50:36,4,4,0,0,21.192,51.132
2026-07-27 13:55:36,3,3,0,0,21.211,49.434
2026-07-27 14:00:36,0,0,0,0,21.238,48.994
2026-07-27 14:05:36,2,2,0,0,21.246,48.265
2026-07-27 14:10:36,1,1,0,0,21.256,47.864
2026-07-27 14:15:36,2,2,0,0,21.283,47.527
2026-07-27 14:20:37,1,2,0,0,21.291,50.138
2026-07-27 14:25:36,2,2,0,0,21.278,49.385
2026-07-27 14:30:37,0,0,0,0,21.259,49.655
2026-07-27 14:35:36,1,1,0,0,21.229,51.055
2026-07-27 14:40:37,0,0,0,0,21.302,51.685
2026-07-27 14:45:37,0,0,0,0,21.384,50.138
2026-07-27 14:50:36,0,0,0,0,21.432,48.799
2026-07-27 14:55:37,0,0,0,0,21.515,49.585
2026-07-27 15:00:37,0,0,0,0,21.593,50.168
2026-07-27 15:05:37,0,0,0,0,21.699,49.859
2026-07-27 15:10:37,0,0,0,0,21.801,49.331
2026-07-27 15:15:37,0,0,0,0,21.849,47.883
2026-07-27 15:20:37,0,0,0,0,21.828,48.295
2026-07-27 15:25:37,0,0,0,0,21.82,49.301
2026-07-27 15:30:37,0,0,0,0,21.753,49.964
2026-07-27 15:35:37,0,0,0,0,21.699,50.861
2026-07-27 15:40:37,0,0,0,0,21.673,48.749
2026-07-27 15:45:37,0,0,0,0,21.619,50.174
2026-07-27 15:50:37,0,0,0,0,21.545,49.684
2026-07-27 15:55:37,0,1,0,0,21.521,50.247
2026-07-27 16:03:52,0,0,0,0,21.454,48.854
2026-07-27 16:05:37,0,0,0,0,21.347,50.807
2026-07-27 16:10:46,0,0,0,0,21.221,51.174
2026-07-27 16:15:37,0,1,0,0,21.109,50.827
2026-07-27 16:20:37,0,1,0,0,21.005,51.593
2026-07-27 16:25:54,1,1,0,0,20.906,52.652
2026-07-27 16:30:37,0,0,0,0,20.794,52.705
2026-07-27 16:35:37,0,0,0,0,20.631,53.796
2026-07-27 16:40:37,4,5,0,0,20.506,54.22
2026-07-27 16:45:36,5,5,0,0,20.364,54.639
2026-07-27 16:50:37,3,4,0,0,20.199,54.294
2026-07-27 16:55:37,3,3,0,0,20.068,56.507
2026-07-27 17:00:43,1,1,0,0,19.884,56.943
2026-07-27 17:05:37,4,5,0,0,19.702,56.795
2026-07-27 17:10:37,2,2,0,0,19.51,57.647
2026-07-27 17:15:37,5,5,0,0,19.31,57.813
2026-07-27 17:20:37,0,0,0,0,19.077,61.84
2026-07-27 17:25:37,0,0,0,0,18.853,63.059
2026-07-27 17:30:36,2,2,0,0,18.591,64.127
2026-07-27 17:35:37,1,1,0,0,18.354,64.596
2026-07-27 17:40:37,25,27,0,0,18.132,66.208
2026-07-27 17:45:37,8,10,0,0,17.836,67.077
2026-07-27 17:50:37,5,6,0,0,17.571,67.608
2026-07-27 17:55:37,43,50,0,0,17.315,68.413
2026-07-27 18:00:37,108,119,0,0,17.069,68.962
2026-07-27 18:05:37,29,32,0,0,16.893,69.898
2026-07-27 18:10:37,9,11,0,0,16.695,70.816
2026-07-27 18:15:37,24,25,0,0,16.5,71.42
2026-07-27 18:20:37,31,34,0,0,16.292,72.313
2026-07-27 18:25:37,35,40,0,0,16.14,72.603
2026-07-27 18:30:37,50,61,0,0,15.993,73.124
2026-07-27 18:35:37,56,68,0,0,15.9,73.435
2026-07-27 18:40:37,74,80,0,0,15.798,73.705
2026-07-27 18:45:37,50,64,0,0,15.737,73.551
2026-07-27 18:50:37,30,35,0,0,15.665,73.454
2026-07-27 18:55:37,25,27,0,0,15.64,73.427
2026-07-27 19:00:38,35,39,0,0,15.616,73.772
2026-07-27 19:05:37,23,23,0,0,15.614,73.965
2026-07-27 19:10:38,37,44,0,0,15.584,74.426
2026-07-27 19:15:38,30,31,0,0,15.547,74.245
2026-07-27 19:20:38,14,15,0,0,15.534,73.73
2026-07-27 19:25:38,81,86,0,0,15.552,74.02
2026-07-27 19:30:38,43,51,0,0,15.555,74.327
2026-07-27 19:35:41,36,40,0,0,15.563,74.318
2026-07-27 19:40:38,28,28,0,0,15.52,74.497
2026-07-27 19:45:38,22,22,0,0,15.502,75.59
2026-07-27 19:50:42,30,33,0,0,15.387,75.622
2026-07-27 19:55:37,9,11,0,0,15.312,74.661
2026-07-27 20:00:41,19,23,0,0,15.267,74.884
2026-07-27 20:05:38,2,2,0,0,15.237,73.894
2026-07-27 20:10:38,2,2,0,0,15.213,73.934
2026-07-27 20:15:47,30,35,0,0,15.184,74.117
2026-07-27 20:20:38,33,37,0,0,15.184,74.432
2026-07-27 20:25:38,14,18,0,0,15.13,74.365
2026-07-27 20:30:44,8,8,0,0,15.032,74.932
2026-07-27 20:35:38,4,4,0,0,14.944,76.534
2026-07-27 20:40:38,4,4,0,0,14.85,77.146
2026-07-27 20:45:38,8,8,0,0,14.789,77.589
2026-07-27 20:50:38,6,7,0,0,14.73,77.814
2026-07-27 20:55:38,6,6,0,0,14.679,77.848
2026-07-27 21:00:38,4,4,0,0,14.655,77.974
2026-07-27 21:05:38,33,35,0,0,14.578,78.428
2026-07-27 21:10:38,7,7,0,0,14.495,79.437
2026-07-27 21:15:38,9,12,0,0,14.377,79.792
2026-07-27 21:20:38,7,7,0,0,14.241,80.044
2026-07-27 21:25:38,6,6,0,0,14.148,80.32
2026-07-27 21:30:38,5,5,0,0,14.07,80.5
2026-07-27 21:35:41,21,23,0,0,13.988,80.589
2026-07-27 21:40:41,20,23,0,0,13.939,80.543
2026-07-27 21:45:50,11,12,0,0,13.897,80.62
2026-07-27 21:50:41,4,4,0,0,13.814,80.976
2026-07-27 21:55:41,6,6,0,0,13.758,81.139
2026-07-27 22:00:38,6,6,0,0,13.688,81.528
2026-07-27 22:05:38,8,9,0,0,13.646,81.669
2026-07-27 22:10:38,7,9,0,0,13.584,81.528
2026-07-27 22:15:38,6,7,0,0,13.55,81.785
2026-07-27 22:20:37,5,5,0,0,13.47,81.984
2026-07-27 22:25:48,39,44,0,0,13.427,82.489
2026-07-27 22:30:38,14,15,0,0,13.397,81.785
2026-07-27 22:35:37,5,5,0,0,13.355,80.679
2026-07-27 22:45:39,4,4,0,0,13.221,79.845
2026-07-27 22:50:47,1,1,0,0,13.128,79.695
2026-07-27 22:55:38,2,2,0,0,13.037,80.379
2026-07-27 23:00:41,1,1,0,0,12.986,80.591
2026-07-27 23:15:38,0,0,0,0,12.818,81.013
2026-07-27 23:20:46,8,9,0,0,12.802,81.324
2026-07-27 23:25:38,25,25,0,0,12.799,81.222
2026-07-27 23:30:37,1,1,0,0,12.759,81.139
2026-07-27 23:35:38,1,2,0,0,12.751,80.954
2026-07-27 23:40:38,0,0,0,0,12.674,81.121
2026-07-27 23:45:38,0,0,0,0,12.658,81.245
2026-07-27 23:50:38,0,0,0,0,12.66,81.045
2026-07-27 23:55:38,0,0,0,0,12.658,81.085
2026-07-28 00:00:38,0,0,0,0,12.66,80.759
2026-07-28 00:05:38,0,0,0,0,12.684,80.919
2026-07-28 00:10:38,0,0,0,0,12.7,80.963
2026-07-28 00:15:38,0,0,0,0,12.751,80.809
2026-07-28 00:20:38,0,0,0,0,12.765,80.688
2026-07-28 00:25:38,0,0,0,0,12.778,80.875
2026-07-28 00:30:38,0,0,0,0,12.813,80.801
2026-07-28 00:35:38,2,3,0,0,12.818,80.847
2026-07-28 00:40:38,0,0,0,0,12.826,80.334
2026-07-28 00:45:39,0,0,0,0,12.823,80.584
2026-07-28 00:50:38,0,0,0,0,12.821,80.357
2026-07-28 00:55:39,0,1,0,0,12.775,80.616
2026-07-28 01:00:38,0,0,0,0,12.711,80.893
2026-07-28 01:05:39,1,1,0,0,12.676,81.074
2026-07-28 01:10:38,2,2,0,0,12.674,80.563
2026-07-28 01:15:38,3,5,0,0,12.628,80.084
2026-07-28 01:20:38,1,2,0,0,12.599,79.779
2026-07-28 01:25:38,0,0,0,0,12.567,79.691
2026-07-28 01:30:38,0,0,0,0,12.575,79.632
2026-07-28 01:35:38,0,0,0,0,12.54,79.542
2026-07-28 01:40:38,0,0,0,0,12.548,79.853
2026-07-28 01:45:38,1,1,0,0,12.583,79.752
2026-07-28 01:50:38,1,2,0,0,12.572,79.323
2026-07-28 01:55:38,0,1,0,0,12.626,79.275
2026-07-28 02:00:38,0,0,0,0,12.612,79.065
2026-07-28 02:05:38,0,0,0,0,12.676,78.705
2026-07-28 02:10:38,0,0,0,0,12.647,78.951
2026-07-28 02:15:38,0,0,0,0,12.676,78.754
2026-07-28 02:20:38,0,0,0,0,12.682,79.058
2026-07-28 02:25:46,0,0,0,0,12.658,79.197
2026-07-28 02:30:38,0,0,0,0,12.684,79.061
2026-07-28 02:35:38,0,0,0,0,12.733,78.939
2026-07-28 02:40:38,0,0,0,0,12.733,78.829
2026-07-28 02:45:38,0,0,0,0,12.716,78.974
2026-07-28 02:50:38,0,0,0,0,12.722,78.522
2026-07-28 02:55:38,0,0,0,0,12.724,78.802
2026-07-28 03:00:38,0,0,0,0,12.684,78.663
2026-07-28 03:05:38,0,0,0,0,12.65,79.071
2026-07-28 03:10:38,0,0,0,0,12.636,79.222
2026-07-28 03:15:38,0,0,0,0,12.626,79.441
2026-07-28 03:20:38,0,0,0,0,12.639,79.685
2026-07-28 03:25:38,0,0,0,0,12.628,79.811
2026-07-28 03:30:38,0,0,0,0,12.61,79.338
2026-07-28 03:35:38,0,0,0,0,12.62,79.012
2026-07-28 03:40:38,1,2,0,0,12.642,79.151
2026-07-28 03:45:38,0,0,0,0,12.668,78.434
2026-07-28 03:50:46,0,0,0,0,12.69,78.316
2026-07-28 03:55:38,0,0,0,0,12.684,78.026
2026-07-28 04:00:38,0,0,0,0,12.658,78.138
2026-07-28 04:05:38,0,0,0,0,12.676,78.06
2026-07-28 04:10:38,0,0,0,0,12.7,78.016
2026-07-28 04:15:38,0,0,0,0,12.658,78.169
2026-07-28 04:20:38,0,0,0,0,12.674,78.079
2026-07-28 04:25:38,0,0,0,0,12.668,78.163
2026-07-28 04:30:38,0,0,0,0,12.65,78.01
2026-07-28 04:35:38,0,0,0,0,12.636,78.199
2026-07-28 04:40:38,0,0,0,0,12.66,78.026
2026-07-28 04:45:38,0,0,0,0,12.679,78.071
2026-07-28 04:50:38,0,0,0,0,12.658,78.331
2026-07-28 04:55:39,0,0,0,0,12.663,78.169
2026-07-28 05:00:46,0,0,0,0,12.674,78.636
2026-07-28 05:05:39,0,0,0,0,12.671,77.932
2026-07-28 05:10:39,0,0,0,0,12.687,78.22
2026-07-28 05:15:39,0,0,0,0,12.647,78.304
2026-07-28 05:20:39,0,0,0,0,12.628,78.607
2026-07-28 05:25:39,0,0,0,0,12.61,78.6
2026-07-28 05:30:46,0,0,0,0,12.583,79.241
2026-07-28 05:35:39,0,0,0,0,12.575,78.962
2026-07-28 05:40:39,0,0,0,0,12.535,79.267
2026-07-28 05:45:39,0,0,0,0,12.495,79.636
2026-07-28 05:50:39,0,0,0,0,12.492,79.716
2026-07-28 05:55:39,1,1,0,0,12.46,79.761
2026-07-28 06:00:38,1,2,0,0,12.471,79.775
2026-07-28 06:05:39,0,0,0,0,12.433,79.739
2026-07-28 06:10:39,0,0,0,0,12.367,79.374
2026-07-28 06:15:39,0,0,0,0,12.263,79.325
2026-07-28 06:20:39,0,0,0,0,12.222,79.611
2026-07-28 06:25:39,0,0,0,0,12.204,79.065
2026-07-28 06:30:39,0,0,0,0,12.196,79.17
2026-07-28 06:35:39,0,0,0,0,12.185,79.307
2026-07-28 06:40:39,1,1,0,0,12.204,79.466
2026-07-28 06:45:39,3,3,0,0,12.161,79.683
2026-07-28 06:50:38,7,7,0,0,12.153,79.531
2026-07-28 06:55:39,0,0,0,0,12.148,79.798
2026-07-28 07:00:39,0,0,0,0,12.134,79.973
2026-07-28 07:05:39,3,3,0,0,12.137,80.11
2026-07-28 07:10:39,6,6,0,0,12.137,80.254
2026-07-28 07:15:39,21,21,0,0,12.166,80.212
2026-07-28 07:20:39,6,6,0,0,12.182,80.307
2026-07-28 07:25:39,7,8,0,0,12.222,80.135
2026-07-28 07:30:39,4,5,0,0,12.241,80.069
2026-07-28 07:35:39,2,3,0,0,12.23,80.194
2026-07-28 07:40:38,4,4,0,0,12.209,80.158
2026-07-28 07:45:39,2,2,0,0,12.196,80.276
2026-07-28 07:50:39,1,1,0,0,12.166,80.234
2026-07-28 07:55:39,1,1,0,0,12.153,80.143
2026-07-28 08:00:39,1,2,0,0,12.15,79.582
2026-07-28 08:05:47,1,1,0,0,12.172,79.941
2026-07-28 08:10:39,0,0,0,0,12.185,79.494
2026-07-28 08:15:45,1,1,0,0,12.22,79.031
2026-07-28 08:20:39,0,0,0,0,12.257,78.894
2026-07-28 08:25:39,1,1,0,0,12.287,79.204
2026-07-28 08:30:39,1,1,0,0,12.327,79.826
2026-07-28 08:35:39,0,0,0,0,12.377,80.276
2026-07-28 08:40:39,15,15,0,0,12.415,80.627
2026-07-28 08:45:39,0,0,0,0,12.46,79.941
2026-07-28 08:50:39,0,0,0,0,12.5,79.483
2026-07-28 08:55:39,1,1,0,0,12.535,79.267
2026-07-28 09:00:39,1,1,0,0,12.538,78.678
2026-07-28 09:05:39,2,2,0,0,12.527,79.224
2026-07-28 09:10:39,2,2,0,0,12.626,79.111
2026-07-28 09:15:39,2,4,0,0,12.714,79.143
2026-07-28 09:20:39,3,5,0,0,12.853,78.804
2026-07-28 09:25:39,3,3,0,0,12.959,78.524
2026-07-28 09:30:39,3,3,0,0,13.112,77.698
2026-07-28 09:35:39,3,3,0,0,13.283,76.853
2026-07-28 09:40:39,4,4,0,0,13.448,76.191
2026-07-28 09:45:39,5,5,0,0,13.592,75.964
2026-07-28 09:50:39,4,4,0,0,13.798,75.88
2026-07-28 09:55:39,3,3,0,0,14.009,75.245
2026-07-28 10:00:39,4,4,0,0,14.247,74.983
2026-07-28 10:05:39,5,6,0,0,14.532,74.131
2026-07-28 10:10:39,12,15,0,0,14.778,73.978
2026-07-28 10:15:39,22,22,0,0,14.994,72.841
2026-07-28 10:20:39,11,12,0,0,15.146,71.811
2026-07-28 10:25:39,11,11,0,0,15.256,71.436
2026-07-28 10:30:39,13,15,0,0,15.397,71.642
2026-07-28 10:35:39,11,12,0,0,15.568,71.224
2026-07-28 10:40:39,14,16,0,0,15.737,69.895
2026-07-28 10:45:39,9,9,0,0,15.867,69.414
2026-07-28 10:50:39,6,6,0,0,15.902,69.793
2026-07-28 10:55:39,8,8,0,0,16.049,68.149
2026-07-28 11:00:39,7,8,0,0,16.183,68.027
2026-07-28 11:05:39,8,8,0,0,16.335,68.166
2026-07-28 11:10:47,8,9,0,0,16.546,68.22
2026-07-28 11:15:39,5,6,0,0,16.709,66.591
2026-07-28 11:20:39,3,4,0,0,16.893,67.18
2026-07-28 11:25:50,3,3,0,0,17.139,65.563
2026-07-28 11:30:39,4,4,0,0,17.43,64.922
2026-07-28 11:35:47,3,3,0,0,17.718,64.111
2026-07-28 11:40:39,0,0,0,0,17.881,63.753
2026-07-28 11:45:39,2,2,0,0,17.974,62.915
2026-07-28 11:50:39,0,0,0,0,18.006,62.12
2026-07-28 11:55:40,1,2,0,0,18.004,62.624
2026-07-28 12:00:39,1,2,0,0,18.046,60.295
2026-07-28 12:05:47,1,1,0,0,18.052,59.587
2026-07-28 12:10:39,0,0,0,0,18.033,60.4
2026-07-28 12:15:39,0,0,0,0,18.079,58.969
2026-07-28 12:20:40,0,0,0,0,18.137,58.668
2026-07-28 12:25:40,1,1,0,0,18.135,59.154
2026-07-28 12:30:39,0,0,0,0,18.159,57.998
2026-07-28 12:35:40,1,2,0,0,18.151,58.914
2026-07-28 12:40:39,0,1,0,0,18.151,58.58
2026-07-28 12:45:40,1,1,0,0,18.121,59.105
2026-07-28 12:50:39,3,3,0,0,18.257,59.335
2026-07-28 12:55:41,0,0,0,0,18.362,59.032
2026-07-28 13:00:40,6,6,0,0,18.391,59.333
2026-07-28 13:05:39,6,6,0,0,18.463,60.871
2026-07-28 13:10:40,0,0,0,0,18.602,58.784
2026-07-28 13:15:40,0,0,0,0,18.738,58.368
2026-07-28 13:20:40,0,0,0,0,18.858,57.188
2026-07-28 13:25:40,0,0,0,0,18.978,57.716
2026-07-28 13:30:40,0,0,0,0,19.147,54.452
2026-07-28 13:35:39,0,0,0,0,19.344,54.678
2026-07-28 13:40:40,0,0,0,0,19.547,53.131
2026-07-28 13:45:40,0,0,0,0,19.697,55.089
2026-07-28 13:50:40,0,0,0,0,19.801,54.266
2026-07-28 13:55:40,1,1,0,0,19.83,55.007
2026-07-28 14:00:39,0,0,0,0,19.908,54.966
2026-07-28 14:05:40,0,0,0,0,19.988,54.788
2026-07-28 14:10:40,1,1,0,0,19.948,55.568
2026-07-28 14:15:40,0,0,0,0,19.902,53.474
2026-07-28 14:20:40,0,0,0,0,19.713,54.073
2026-07-28 14:25:40,0,0,0,0,19.523,55.372
2026-07-28 14:30:40,0,0,0,0,19.368,54.544
2026-07-28 14:35:40,0,0,0,0,19.184,55.347
2026-07-28 14:40:40,0,0,0,0,19.064,55.482
2026-07-28 14:45:40,0,1,0,0,19.069,55.475
2026-07-28 14:50:40,0,1,0,0,19.083,56.121
2026-07-28 14:55:40,0,0,0,0,19.067,55.599
2026-07-28 15:00:40,0,0,0,0,18.992,55.772
2026-07-28 15:05:40,0,0,0,0,18.912,54.863
2026-07-28 15:10:50,0,0,0,0,18.85,55.385
2026-07-28 15:15:39,0,0,0,0,18.751,56.079
2026-07-28 15:20:39,0,0,0,0,18.711,57.912
2026-07-28 15:25:40,0,0,0,0,18.719,57.769
2026-07-28 15:30:40,1,1,0,0,18.759,56.959
2026-07-28 15:35:40,0,0,0,0,18.741,57.636
2026-07-28 15:40:40,4,4,0,0,18.711,58.452
2026-07-28 15:45:40,1,1,0,0,18.661,58.073
2026-07-28 15:50:40,0,0,0,0,18.538,58.351
2026-07-28 15:55:39,2,2,0,0,18.415,58.836
2026-07-28 16:00:40,2,2,0,0,18.367,59.219
2026-07-28 16:05:40,5,5,0,0,18.372,60.045
2026-07-28 16:10:40,3,3,0,0,18.402,59.19
2026-07-28 16:15:40,3,4,0,0,18.447,59.223
2026-07-28 16:20:40,2,2,0,0,18.45,58.67
2026-07-28 16:25:40,2,2,0,0,18.375,60.032
2026-07-28 16:30:40,2,2,0,0,18.362,59.366
2026-07-28 16:35:40,1,2,0,0,18.348,59.417
2026-07-28 16:40:40,0,0,0,0,18.273,58.763
2026-07-28 16:45:40,2,2,0,0,18.199,60.171
2026-07-28 16:50:40,7,8,0,0,18.153,59.589
2026-07-28 16:55:40,3,3,0,0,18.057,60.295
2026-07-28 17:00:40,6,6,0,0,17.921,60.583
2026-07-28 17:05:49,7,8,0,0,17.747,60.945
2026-07-28 17:10:40,7,7,0,0,17.598,61.435
2026-07-28 17:15:40,12,12,0,0,17.464,62.187
2026-07-28 17:20:40,5,5,0,0,17.304,62.671
2026-07-28 17:25:40,6,6,0,0,17.098,63.505
2026-07-28 17:30:40,10,11,0,0,16.925,64.222
2026-07-28 17:35:40,6,7,0,0,16.767,64.581
2026-07-28 17:40:40,19,20,0,0,16.546,65.138
2026-07-28 17:45:40,40,47,0,0,16.38,66.074
2026-07-28 17:50:40,29,31,0,0,16.175,66.906
2026-07-28 17:55:40,36,40,0,0,16.006,67.384
2026-07-28 18:00:40,32,35,0,0,15.811,67.711
2026-07-28 18:05:40,29,33,0,0,15.603,68.134
2026-07-28 18:10:40,35,42,0,0,15.371,69.013
2026-07-28 18:15:40,34,37,0,0,15.205,69.75
2026-07-28 18:20:40,38,46,0,0,14.997,69.9
2026-07-28 18:25:40,42,50,0,0,14.845,70.186
2026-07-28 18:30:40,44,53,0,0,14.671,70.892
2026-07-28 18:35:46,49,62,0,0,14.519,71.283
2026-07-28 18:40:40,49,63,0,0,14.38,71.726
2026-07-28 18:45:40,40,47,0,0,14.249,72.183
2026-07-28 18:50:40,48,59,0,0,14.134,72.504
2026-07-28 18:55:40,41,48,0,0,14.017,72.824
2026-07-28 19:00:40,46,55,0,0,13.886,73.242
2026-07-28 19:05:40,38,45,0,0,13.803,73.864
2026-07-28 19:10:40,58,71,0,0,13.686,74.543
2026-07-28 19:15:40,44,55,0,0,13.606,74.674
2026-07-28 19:20:40,31,35,0,0,13.555,74.52
2026-07-28 19:25:40,34,40,0,0,13.491,75.085
2026-07-28 19:30:40,41,48,0,0,13.429,74.886
2026-07-28 19:35:40,41,50,0,0,13.363,75.153
2026-07-28 19:40:40,33,34,0,0,13.296,75.498
2026-07-28 19:45:40,28,30,0,0,13.267,75.668
2026-07-28 19:50:40,19,20,0,0,13.28,75.039
2026-07-28 19:55:40,16,20,0,0,13.259,75.491
2026-07-28 20:00:40,33,37,0,0,13.24,75.565
2026-07-28 20:05:40,12,13,0,0,13.253,75.195
2026-07-28 20:10:40,13,13,0,0,13.267,75.571
2026-07-28 20:15:50,21,21,0,0,13.275,75.407
2026-07-28 20:20:40,19,23,0,0,13.307,75.586
2026-07-28 20:25:40,11,12,0,0,13.299,75.485
2026-07-28 20:30:40,35,40,0,0,13.333,75.558
2026-07-28 20:35:40,31,36,0,0,13.299,75.682
2026-07-28 20:40:40,21,24,0,0,13.325,76.004
2026-07-28 20:45:41,15,18,0,0,13.315,75.708
2026-07-28 20:50:41,6,7,0,0,13.333,75.697
2026-07-28 20:55:41,25,25,0,0,13.352,76.027
2026-07-28 21:00:41,25,26,0,0,13.331,75.931
2026-07-28 21:05:41,33,34,0,0,13.325,76.286
2026-07-28 21:10:41,40,45,0,0,13.379,76.261
2026-07-28 21:15:41,46,56,0,0,13.371,76.42
2026-07-28 21:20:41,30,32,0,0,13.376,76.282
2026-07-28 21:25:41,27,28,0,0,13.416,76.269
2026-07-28 21:30:40,37,42,0,0,13.403,76.382
2026-07-28 21:35:41,34,37,0,0,13.387,76.067
2026-07-28 21:40:41,35,41,0,0,13.32,76.446
2026-07-28 21:45:40,24,24,0,0,13.28,76.57
2026-07-28 21:50:41,13,14,0,0,13.21,76.717
2026-07-28 21:55:41,9,12,0,0,13.141,77.021
2026-07-28 22:00:41,14,14,0,0,13.058,77.247
2026-07-28 22:05:41,9,14,0,0,12.997,77.7
2026-07-28 22:10:41,11,14,0,0,12.901,78.06
2026-07-28 22:15:41,15,18,0,0,12.802,78.842
2026-07-28 22:20:41,19,21,0,0,12.743,79.021
2026-07-28 22:25:41,23,25,0,0,12.668,79.201
2026-07-28 22:30:41,35,40,0,0,12.628,79.401
2026-07-28 22:35:41,50,61,0,0,12.556,79.355
2026-07-28 22:40:41,35,37,0,0,12.535,79.382
2026-07-28 22:45:41,36,41,0,0,12.471,79.973
2026-07-28 22:50:41,35,42,0,0,12.433,80.074
2026-07-28 22:55:41,31,33,0,0,12.372,80.271
2026-07-28 23:00:41,30,31,0,0,12.316,80.494
2026-07-28 23:05:40,35,40,0,0,12.26,80.456
2026-07-28 23:10:41,26,28,0,0,12.23,80.202
2026-07-28 23:15:40,32,33,0,0,12.177,80.351
2026-07-28 23:20:41,32,33,0,0,12.137,80.589
2026-07-28 23:25:41,34,37,0,0,12.118,80.687
2026-07-28 23:30:41,34,37,0,0,12.11,80.91
2026-07-28 23:35:41,32,36,0,0,12.076,81.011
2026-07-28 23:40:41,36,39,0,0,12.076,81.369
2026-07-28 23:45:41,35,38,0,0,12.046,81.495
2026-07-28 23:50:41,36,41,0,0,12.038,81.291
2026-07-28 23:55:41,38,42,0,0,11.993,81.396
2026-07-29 00:00:41,36,40,0,0,11.958,81.482
2026-07-29 00:05:41,35,39,0,0,11.95,81.711
2026-07-29 00:10:41,35,38,0,0,11.934,81.812
2026-07-29 00:15:41,30,31,0,0,11.889,81.484
2026-07-29 00:20:41,32,37,0,0,11.843,81.322
2026-07-29 00:25:41,36,39,0,0,11.766,81.476
2026-07-29 00:30:41,34,35,0,0,11.72,81.85
2026-07-29 00:35:41,34,38,0,0,11.726,81.854
2026-07-29 00:40:41,35,39,0,0,11.68,81.755
2026-07-29 00:45:41,36,40,0,0,11.659,81.913
2026-07-29 00:50:41,35,37,0,0,11.64,81.774
2026-07-29 00:55:41,35,41,0,0,11.6,81.951
2026-07-29 01:00:41,35,37,0,0,11.606,81.991
2026-07-29 01:05:41,35,38,0,0,11.574,82.13
2026-07-29 01:10:41,32,37,0,0,11.571,82.132
2026-07-29 01:15:41,31,36,0,0,11.574,82.224
2026-07-29 01:20:41,38,45,0,0,11.603,82.275
2026-07-29 01:25:41,39,43,0,0,11.568,82.373
2026-07-29 01:30:51,35,39,0,0,11.568,82.157
2026-07-29 01:35:41,35,39,0,0,11.558,82.308
2026-07-29 01:40:41,35,38,0,0,11.552,82.033
2026-07-29 01:45:41,35,37,0,0,11.536,82.035
2026-07-29 01:50:41,36,40,0,0,11.501,82.323
2026-07-29 01:55:41,36,40,0,0,11.435,82.462
2026-07-29 02:00:41,35,39,0,0,11.421,82.602
2026-07-29 02:05:48,37,43,0,0,11.349,82.518
2026-07-29 02:10:41,35,40,0,0,11.349,82.645
2026-07-29 02:15:57,42,48,0,0,11.331,82.773
2026-07-29 02:20:41,38,46,0,0,11.323,83.124
2026-07-29 02:25:41,38,43,0,0,11.317,83.099
2026-07-29 02:30:41,39,46,0,0,11.325,83.036
2026-07-29 02:35:42,40,46,0,0,11.317,83.103
2026-07-29 02:40:41,39,49,0,0,11.312,82.945
2026-07-29 02:45:42,39,47,0,0,11.312,83.195
2026-07-29 02:50:41,38,44,0,0,11.301,83.063
2026-07-29 02:55:41,38,42,0,0,11.299,83.073
2026-07-29 03:00:41,38,42,0,0,11.242,83.219
2026-07-29 03:05:52,40,47,0,0,11.248,83.252
2026-07-29 03:10:42,40,45,0,0,11.229,83.281
2026-07-29 03:15:41,37,44,0,0,11.192,83.296
2026-07-29 03:20:42,38,44,0,0,11.186,83.21
2026-07-29 03:25:42,42,50,0,0,11.168,83.422
2026-07-29 03:30:42,44,50,0,0,11.146,83.549
2026-07-29 03:35:42,40,52,0,0,11.13,83.738
2026-07-29 03:40:42,39,42,0,0,11.12,83.511
2026-07-29 03:45:42,39,45,0,0,11.106,83.548
2026-07-29 03:50:42,38,46,0,0,11.098,83.67
2026-07-29 03:55:42,38,45,0,0,11.112,83.652
2026-07-29 04:00:42,36,39,0,0,11.109,83.412
2026-07-29 04:05:42,39,48,0,0,11.109,83.677
2026-07-29 04:10:42,39,45,0,0,11.064,83.744
2026-07-29 04:15:42,40,46,0,0,11.045,83.53
2026-07-29 04:20:42,40,48,0,0,10.978,83.937
2026-07-29 04:25:42,40,45,0,0,10.949,84.198
2026-07-29 04:30:42,42,50,0,0,10.935,84.002
2026-07-29 04:35:42,43,50,0,0,10.951,84.183
2026-07-29 04:40:42,39,45,0,0,10.949,84.232
2026-07-29 04:45:41,40,46,0,0,10.951,84.286
2026-07-29 04:50:42,41,50,0,0,10.933,83.954
2026-07-29 04:55:41,38,46,0,0,10.914,84.417
2026-07-29 05:00:42,39,46,0,0,10.935,84.358
2026-07-29 05:05:42,42,50,0,0,10.885,84.295
2026-07-29 05:10:42,41,50,0,0,10.89,84.248
2026-07-29 05:15:42,42,52,0,0,10.885,84.412
2026-07-29 05:20:42,42,47,0,0,10.869,84.269
2026-07-29 05:25:42,43,52,0,0,10.906,84.473
2026-07-29 05:30:42,43,52,0,0,10.925,84.204
2026-07-29 05:35:42,40,50,0,0,10.949,84.244
2026-07-29 05:40:42,40,46,0,0,10.962,84.373
2026-07-29 05:45:42,40,45,0,0,10.959,84.433
2026-07-29 05:50:42,39,47,0,0,10.959,84.335
2026-07-29 05:55:42,39,44,0,0,10.967,84.446
2026-07-29 06:00:42,38,47,0,0,10.959,84.204
2026-07-29 06:05:42,38,45,0,0,10.97,84.187
2026-07-29 06:10:42,38,46,0,0,10.975,84.019
2026-07-29 06:15:42,38,41,0,0,11.002,84.059
2026-07-29 06:20:42,39,45,0,0,11.002,84.028
2026-07-29 06:25:42,40,45,0,0,10.978,83.937
2026-07-29 06:30:42,41,47,0,0,10.957,84.101
2026-07-29 06:35:42,39,46,0,0,10.869,84.339
2026-07-29 06:40:42,41,48,0,0,10.767,84.671
2026-07-29 06:45:42,40,46,0,0,10.756,84.812
2026-07-29 06:50:42,40,46,0,0,10.756,84.843
2026-07-29 06:55:42,39,43,0,0,10.732,84.867
2026-07-29 07:00:42,33,38,0,0,10.698,85.161
2026-07-29 07:05:42,35,39,0,0,10.743,85.239
2026-07-29 07:10:42,33,37,0,0,10.783,85.155
2026-07-29 07:15:52,35,40,0,0,10.783,85.003
2026-07-29 07:20:42,37,41,0,0,10.807,85.23
2026-07-29 07:25:42,35,40,0,0,10.799,85.363
2026-07-29 07:30:42,41,47,0,0,10.826,85.121
2026-07-29 07:35:43,35,41,0,0,10.871,84.902
2026-07-29 07:40:42,35,41,0,0,10.885,84.932
2026-07-29 07:45:42,32,34,0,0,10.909,84.986
2026-07-29 07:50:42,33,33,0,0,10.959,84.793
2026-07-29 07:55:42,35,39,0,0,11.026,84.734
2026-07-29 08:00:42,33,34,0,0,11.056,84.469
2026-07-29 08:05:42,43,52,0,0,11.066,84.967
2026-07-29 08:10:43,33,36,0,0,11.112,84.251
2026-07-29 08:15:42,33,37,0,0,11.173,84.383
2026-07-29 08:20:43,31,34,0,0,11.165,83.975
2026-07-29 08:25:42,32,33,0,0,11.178,84.255
2026-07-29 08:30:43,29,30,0,0,11.176,84.364
2026-07-29 08:35:42,36,40,0,0,11.173,84.381
2026-07-29 08:40:42,33,34,0,0,11.205,84.219
2026-07-29 08:45:43,35,39,0,0,11.229,84
2026-07-29 08:50:42,35,37,0,0,11.205,84.288
2026-07-29 08:55:42,36,42,0,0,11.24,83.998
2026-07-29 09:00:43,36,42,0,0,11.277,84.152
2026-07-29 09:05:43,38,41,0,0,11.285,84.036
2026-07-29 09:10:43,36,43,0,0,11.32,83.826
2026-07-29 09:15:43,41,50,0,0,11.365,83.937
2026-07-29 09:20:42,38,47,0,0,11.413,84.137
2026-07-29 09:25:43,38,45,0,0,11.461,83.664
2026-07-29 09:30:43,38,44,0,0,11.526,83.639
2026-07-29 09:35:43,35,36,0,0,11.579,83.714
2026-07-29 09:40:43,32,36,0,0,11.64,83.818
2026-07-29 09:45:43,32,35,0,0,11.739,83.34
2026-07-29 09:50:42,47,56,0,0,11.819,83.189
2026-07-29 09:55:43,32,33,0,0,11.857,82.552
2026-07-29 10:00:43,38,43,0,0,11.873,82.34
2026-07-29 10:05:43,30,31,0,0,11.982,82.565
2026-07-29 10:10:50,29,31,0,0,12.158,81.997
2026-07-29 10:15:43,38,42,0,0,12.289,81.663
2026-07-29 10:20:43,29,29,0,0,12.433,81.329
2026-07-29 10:25:43,36,44,0,0,12.623,81.034
2026-07-29 10:30:43,34,37,0,0,12.866,80.28
2026-07-29 10:35:43,50,61,0,0,13.114,79.584
2026-07-29 10:40:43,34,37,0,0,13.365,79.594
2026-07-29 10:45:43,35,39,0,0,13.603,78.352
2026-07-29 10:50:43,33,36,0,0,13.838,77.577
2026-07-29 10:55:43,35,39,0,0,13.985,77.217
2026-07-29 11:00:43,35,41,0,0,14.073,77.204
2026-07-29 11:05:43,37,44,0,0,14.148,76.876
2026-07-29 11:10:43,34,41,0,0,14.174,77.291
2026-07-29 11:15:43,36,42,0,0,14.225,77.389
2026-07-29 11:20:43,40,49,0,0,14.287,76.851
2026-07-29 11:25:43,41,50,0,0,14.407,76.267
2026-07-29 11:30:43,39,48,0,0,14.522,75.451
2026-07-29 11:35:43,35,40,0,0,14.642,74.674
2026-07-29 11:40:43,34,40,0,0,14.837,74.428
2026-07-29 11:45:43,32,36,0,0,14.976,74.602
2026-07-29 11:50:43,27,28,0,0,15.216,73.524
2026-07-29 11:55:43,20,23,0,0,15.48,71.268
2026-07-29 12:00:43,19,20,0,0,15.739,69.544
2026-07-29 12:05:51,20,23,0,0,16.049,69.748
2026-07-29 12:10:43,29,30,0,0,16.247,68.645
2026-07-29 12:15:43,29,31,0,0,16.394,67.411
2026-07-29 12:20:43,32,35,0,0,16.455,67.592
2026-07-29 12:25:43,35,41,0,0,16.463,65.95
2026-07-29 12:30:43,35,39,0,0,16.431,65.26
2026-07-29 12:35:43,33,36,0,0,16.332,65.933
2026-07-29 12:40:43,23,26,0,0,16.255,65.807
2026-07-29 12:45:53,22,23,0,0,16.231,65.231
2026-07-29 12:50:43,22,22,0,0,16.337,64.518
2026-07-29 12:55:43,23,24,0,0,16.575,64.146
2026-07-29 13:00:43,20,20,0,0,16.904,63.764
2026-07-29 13:05:43,13,16,0,0,17.2,62.082
2026-07-29 13:10:43,12,14,0,0,17.395,61.136
2026-07-29 13:15:43,26,27,0,0,17.523,60.413
2026-07-29 13:20:43,8,9,0,0,17.633,55.444
2026-07-29 13:25:43,4,4,0,0,17.817,49.869
2026-07-29 13:30:43,10,13,0,0,18.1,52.106
2026-07-29 13:35:43,7,8,0,0,18.335,54.374
2026-07-29 13:40:43,10,12,0,0,18.468,53.39
2026-07-29 13:45:43,38,46,0,0,18.575,53.918
2026-07-29 13:50:43,14,15,0,0,18.669,55.069
2026-07-29 13:55:43,13,17,0,0,18.719,53.556
2026-07-29 14:00:43,13,13,0,0,18.783,52.803
2026-07-29 14:05:43,5,5,0,0,18.778,51.134
2026-07-29 14:10:43,14,15,0,0,18.837,53.268
2026-07-29 14:15:43,2,2,0,0,18.848,50.464
2026-07-29 14:20:49,7,7,0,0,18.92,49.423
2026-07-29 14:25:43,9,12,0,0,18.949,52.019
2026-07-29 14:30:43,11,12,0,0,18.981,51.267
2026-07-29 14:35:43,41,50,0,0,19.029,49.959
2026-07-29 14:40:43,27,27,0,0,19.128,46.518
2026-07-29 14:45:43,0,0,0,0,19.382,43.008
2026-07-29 14:50:43,0,0,0,0,19.713,41.009
2026-07-29 14:55:43,0,0,0,0,20.087,40.593
2026-07-29 15:00:45,7,9,0,0,20.354,41.446
2026-07-29 15:05:43,25,26,0,0,20.506,40.25
2026-07-29 15:10:43,29,33,0,0,20.562,40.176
2026-07-29 15:15:43,46,57,0,0,20.599,39.27
2026-07-29 15:20:43,8,11,0,0,20.621,41.107
2026-07-29 15:25:43,13,15,0,0,20.519,43.559
2026-07-29 15:30:43,5,6,0,0,20.45,39.602
2026-07-29 15:35:43,4,4,0,0,20.49,40.788
2026-07-29 15:40:43,2,2,0,0,20.503,37.965
2026-07-29 15:45:43,1,1,0,0,20.549,39.237
2026-07-29 15:50:43,5,6,0,0,20.629,37.223
2026-07-29 15:55:44,0,1,0,0,20.717,38.137
2026-07-29 16:00:43,0,0,0,0,20.802,38.104
2026-07-29 16:05:43,0,0,0,0,20.893,38.133
2026-07-29 16:10:43,0,0,0,0,21.037,38.856
2026-07-29 16:15:44,3,3,0,0,21.109,38.667
2026-07-29 16:20:43,0,0,0,0,21.133,38.892
2026-07-29 16:25:43,0,0,0,0,21.189,38.835
2026-07-29 16:30:43,0,0,0,0,21.189,40.187
2026-07-29 16:35:44,0,0,0,0,21.176,39.268
2026-07-29 16:40:43,0,0,0,0,21.152,38.381
2026-07-29 16:45:43,0,0,0,0,21.179,38.619
2026-07-29 16:50:44,3,4,0,0,21.141,38.224
2026-07-29 16:55:44,0,0,0,0,21.096,37.194
2026-07-29 17:00:43,0,0,0,0,21.088,37.587
2026-07-29 17:05:43,0,0,0,0,21.067,37.872
2026-07-29 17:10:44,0,0,0,0,21.096,37.086
2026-07-29 17:15:52,0,0,0,0,21.152,38.324
2026-07-29 17:20:53,0,0,0,0,21.163,37.843
2026-07-29 17:25:44,0,0,0,0,21.117,38.28
2026-07-29 17:30:44,0,0,0,0,21.005,38.524
2026-07-29 17:35:44,0,2,0,0,20.872,37.887
2026-07-29 17:40:44,0,0,0,0,20.717,39.298
2026-07-29 17:45:44,0,0,0,0,20.551,36.695
2026-07-29 17:50:44,0,0,0,0,20.578,35.468
2026-07-29 17:55:50,0,0,0,0,20.597,37.534
2026-07-29 18:00:44,0,0,0,0,20.541,38.099
2026-07-29 18:05:44,0,0,0,0,20.354,38.587
2026-07-29 18:10:44,0,0,0,0,20.161,40.294
2026-07-29 18:15:44,0,0,0,0,19.94,37.997
2026-07-29 18:20:44,0,0,0,0,19.745,41.599
2026-07-29 18:25:44,0,0,0,0,19.595,40.334
2026-07-29 18:30:44,0,0,0,0,19.467,39.018
2026-07-29 18:35:44,0,0,0,0,19.438,38.804
2026-07-29 18:40:44,0,0,0,0,19.451,40.107
2026-07-29 18:45:44,0,0,0,0,19.395,40.189
2026-07-29 18:50:44,0,0,0,0,19.253,39.869
2026-07-29 18:55:44,0,0,0,0,19.165,40.004
2026-07-29 19:00:44,27,29,0,0,19.141,41.807
2026-07-29 19:05:44,0,0,0,0,19.04,41.131
2026-07-29 19:10:44,0,0,0,0,18.957,41.103
2026-07-29 19:15:57,15,15,0,0,18.866,41.66
2026-07-29 19:20:43,2,2,0,0,18.762,41.021
2026-07-29 19:25:44,3,3,0,0,18.658,42.106
2026-07-29 19:30:44,0,0,0,0,18.54,43.31
2026-07-29 19:35:44,0,0,0,0,18.484,43.76
2026-07-29 19:40:44,0,0,0,0,18.351,43.5
2026-07-29 19:45:44,7,7,0,0,18.215,43.298
2026-07-29 19:50:44,33,36,0,0,18.129,46.291
2026-07-29 19:55:44,32,35,0,0,17.998,47.513
2026-07-29 20:00:52,13,14,0,0,17.897,46.853
2026-07-29 20:05:44,26,26,0,0,17.763,53.455
2026-07-29 20:10:44,13,16,0,0,17.539,55.444
2026-07-29 20:15:44,6,7,0,0,17.277,56.36
2026-07-29 20:20:44,7,7,0,0,17.029,56.348
2026-07-29 20:25:44,43,52,0,0,16.874,56.577
2026-07-29 20:30:44,39,47,0,0,16.722,57.285
2026-07-29 20:35:44,32,35,0,0,16.621,57.066
2026-07-29 20:40:44,17,17,0,0,16.532,56.966
2026-07-29 20:45:44,13,13,0,0,16.466,57.054
2026-07-29 20:50:44,24,26,0,0,16.426,57.312
2026-07-29 20:55:44,10,10,0,0,16.38,57.338
2026-07-29 21:00:44,23,24,0,0,16.329,57.613
2026-07-29 21:05:52,9,9,0,0,16.292,57.529
2026-07-29 21:10:44,10,10,0,0,16.252,58.368
2026-07-29 21:15:44,25,26,0,0,16.191,59.082
2026-07-29 21:20:44,17,18,0,0,16.153,58.868
2026-07-29 21:25:44,16,18,0,0,16.065,60.39
2026-07-29 21:30:44,15,18,0,0,15.977,60.745
2026-07-29 21:35:44,15,16,0,0,15.875,60.848
2026-07-29 21:40:44,7,9,0,0,15.798,61.514
2026-07-29 21:45:44,8,9,0,0,15.697,61.8
2026-07-29 21:50:44,18,22,0,0,15.63,62.446
2026-07-29 21:55:44,26,26,0,0,15.531,62.62
2026-07-29 22:00:44,33,37,0,0,15.462,62.111
2026-07-29 22:05:44,28,28,0,0,15.446,61.788
2026-07-29 22:10:44,13,13,0,0,15.456,62.503
2026-07-29 22:15:44,16,17,0,0,15.448,62.944
2026-07-29 22:20:44,18,20,0,0,15.408,62.837
2026-07-29 22:25:44,14,17,0,0,15.355,63.404
2026-07-29 22:30:44,18,19,0,0,15.301,63.402
2026-07-29 22:35:44,19,20,0,0,15.216,63.598
2026-07-29 22:40:44,18,19,0,0,15.168,64.39
2026-07-29 22:45:44,16,16,0,0,15.077,63.955
2026-07-29 22:50:44,13,13,0,0,15.005,64.098
2026-07-29 22:55:45,16,18,0,0,14.949,64.174
2026-07-29 23:00:44,17,20,0,0,14.887,63.873
2026-07-29 23:05:44,18,20,0,0,14.845,64.373
2026-07-29 23:10:44,18,19,0,0,14.783,65.271
2026-07-29 23:15:44,17,19,0,0,14.666,66.148
2026-07-29 23:20:44,17,19,0,0,14.546,66.021
2026-07-29 23:25:44,17,19,0,0,14.393,66.147
2026-07-29 23:30:44,23,23,0,0,14.271,66.738
2026-07-29 23:35:44,22,22,0,0,14.158,67.02
2026-07-29 23:40:44,20,20,0,0,14.041,67.423
2026-07-29 23:45:44,23,25,0,0,13.948,67.676
2026-07-29 23:50:44,24,27,0,0,13.822,68.199
2026-07-29 23:55:45,24,24,0,0,13.694,68.624
2026-07-30 00:00:45,21,24,0,0,13.571,68.872
2026-07-30 00:05:45,26,28,0,0,13.432,69.355
2026-07-30 00:10:44,28,28,0,0,13.323,69.198
2026-07-30 00:15:44,20,21,0,0,13.219,69.46
2026-07-30 00:20:54,20,24,0,0,13.048,69.834
2026-07-30 00:25:45,23,23,0,0,12.879,70.909
2026-07-30 00:30:45,25,25,0,0,12.695,70.755
2026-07-30 00:35:45,32,35,0,0,12.578,71.169
2026-07-30 00:40:45,30,31,0,0,12.449,71.72
2026-07-30 00:45:45,31,32,0,0,12.361,71.707
2026-07-30 00:50:45,27,30,0,0,12.257,72.027
2026-07-30 00:55:44,29,30,0,0,12.212,72.323
2026-07-30 01:00:45,26,27,0,0,12.15,71.911
2026-07-30 01:05:45,28,30,0,0,12.142,71.607
2026-07-30 01:10:45,35,40,0,0,12.084,72.199
2026-07-30 01:15:45,34,36,0,0,11.99,72.204
2026-07-30 01:20:45,28,33,0,0,11.939,71.644
2026-07-30 01:25:45,26,27,0,0,11.857,72.05
2026-07-30 01:30:45,28,29,0,0,11.811,72.426
2026-07-30 01:35:45,28,29,0,0,11.704,72.584
2026-07-30 01:40:45,28,32,0,0,11.616,72.801
2026-07-30 01:45:45,28,29,0,0,11.496,73.028
2026-07-30 01:50:54,37,40,0,0,11.413,73.019
2026-07-30 01:55:45,35,41,0,0,11.339,72.679
2026-07-30 02:00:45,38,45,0,0,11.299,73.959
2026-07-30 02:05:45,40,49,0,0,11.248,74.138
2026-07-30 02:10:45,39,49,0,0,11.248,73.847
2026-07-30 02:15:45,38,43,0,0,11.248,74.213
2026-07-30 02:20:45,35,38,0,0,11.173,73.927
2026-07-30 02:25:54,35,38,0,0,11.17,74.14
2026-07-30 02:30:45,36,43,0,0,11.082,74.905
2026-07-30 02:35:45,35,38,0,0,11.029,74.798
2026-07-30 02:40:45,35,38,0,0,10.973,74.768
2026-07-30 02:45:55,36,42,0,0,10.917,74.533
2026-07-30 02:50:45,39,45,0,0,10.858,74.772
2026-07-30 02:55:45,36,43,0,0,10.789,75.062
2026-07-30 03:00:45,33,37,0,0,10.711,75.422
2026-07-30 03:05:45,31,32,0,0,10.655,75.769
2026-07-30 03:10:45,30,33,0,0,10.602,75.72
2026-07-30 03:15:45,34,35,0,0,10.58,76.053
2026-07-30 03:20:45,30,30,0,0,10.529,76.424
2026-07-30 03:25:45,25,26,0,0,10.495,76.349
2026-07-30 03:30:45,22,22,0,0,10.519,75.355
2026-07-30 03:35:45,18,21,0,0,10.521,74.648
2026-07-30 03:40:55,51,62,0,0,10.527,75.165
2026-07-30 03:45:45,29,30,0,0,10.444,75.323
2026-07-30 03:50:45,31,31,0,0,10.335,75.088
2026-07-30 03:55:45,33,34,0,0,10.233,75.697
2026-07-30 04:00:45,33,38,0,0,10.116,75.817
2026-07-30 04:05:45,32,35,0,0,9.966,76.271
2026-07-30 04:10:45,32,34,0,0,9.83,76.441
2026-07-30 04:15:44,31,31,0,0,9.683,76.713
2026-07-30 04:20:45,29,30,0,0,9.579,76.759
2026-07-30 04:25:45,23,25,0,0,9.429,76.761
2026-07-30 04:30:45,20,25,0,0,9.304,77.186
2026-07-30 04:35:45,22,22,0,0,9.205,77.423
2026-07-30 04:40:45,32,32,0,0,9.112,77.942
2026-07-30 04:45:44,27,30,0,0,9.013,77.831
2026-07-30 04:50:45,23,27,0,0,8.887,77.751
2026-07-30 04:55:45,27,30,0,0,8.762,77.82
2026-07-30 05:00:45,30,30,0,0,8.679,78.749
2026-07-30 05:05:45,31,33,0,0,8.599,78.972
2026-07-30 05:10:45,34,34,0,0,8.588,78.739
2026-07-30 05:15:45,31,33,0,0,8.537,78.905
2026-07-30 05:20:45,25,25,0,0,8.497,78.787
2026-07-30 05:25:45,19,22,0,0,8.433,78.829
2026-07-30 05:30:45,13,15,0,0,8.38,78.779
2026-07-30 05:35:45,15,16,0,0,8.302,78.934
2026-07-30 05:40:45,10,10,0,0,8.236,79.204
2026-07-30 05:45:45,8,8,0,0,8.185,79.668
2026-07-30 05:50:45,5,5,0,0,8.118,79.195
2026-07-30 05:55:45,5,8,0,0,8.132,78.739
2026-07-30 06:00:45,5,7,0,0,8.129,78.524
2026-07-30 06:05:45,4,4,0,0,8.124,78.541
2026-07-30 06:10:45,5,5,0,0,8.148,77.94
2026-07-30 06:15:45,25,25,0,0,8.129,78.329
2026-07-30 06:20:45,8,10,0,0,8.129,78.241
2026-07-30 06:25:45,10,10,0,0,8.134,78.468
2026-07-30 06:30:45,13,17,0,0,8.094,78.283
2026-07-30 06:35:45,8,8,0,0,8.054,78.23
2026-07-30 06:40:45,10,12,0,0,8.017,78.804
2026-07-30 06:45:45,28,28,0,0,7.971,79.145
2026-07-30 06:50:45,27,28,0,0,7.905,79.641
2026-07-30 06:55:45,37,42,0,0,7.856,80.315
2026-07-30 07:00:45,23,26,0,0,7.787,79.063
2026-07-30 07:05:45,17,19,0,0,7.67,78.64
2026-07-30 07:10:45,17,20,0,0,7.52,79.147
2026-07-30 07:15:45,10,12,0,0,7.459,79.653
2026-07-30 07:20:45,14,15,0,0,7.376,80.191
2026-07-30 07:25:45,10,10,0,0,7.312,80.093
2026-07-30 07:30:45,7,9,0,0,7.256,79.639
2026-07-30 07:35:45,14,14,0,0,7.178,79.679
2026-07-30 07:41:01,13,13,0,0,7.141,80.086
2026-07-30 07:45:45,13,15,0,0,7.157,80.767
2026-07-30 07:50:46,19,22,0,0,7.144,81.051
2026-07-30 07:55:45,14,18,0,0,7.168,80.503
2026-07-30 08:00:45,26,27,0,0,7.16,80.072
2026-07-30 08:05:45,31,33,0,0,7.146,80.507
2026-07-30 08:10:47,31,31,0,0,7.144,80.755
2026-07-30 08:15:46,34,37,0,0,7.21,81.097
2026-07-30 08:20:45,22,26,0,0,7.29,80.53
2026-07-30 08:25:46,18,19,0,0,7.435,81.268
2026-07-30 08:30:46,42,48,0,0,7.616,81.551
2026-07-30 08:35:46,38,45,0,0,7.87,82.165
2026-07-30 08:40:46,30,31,0,0,8.156,82.39
2026-07-30 08:45:46,25,27,0,0,8.447,82.577
2026-07-30 08:50:46,20,20,0,0,8.748,81.764
2026-07-30 08:55:46,25,25,0,0,9.015,81.76
2026-07-30 09:00:45,23,23,0,0,9.314,81.093
2026-07-30 09:05:46,19,22,0,0,9.63,80.555
2026-07-30 09:10:46,22,22,0,0,9.91,79.443
2026-07-30 09:15:46,20,22,0,0,10.158,78.579
2026-07-30 09:20:46,25,28,0,0,10.449,78.701
2026-07-30 09:25:46,24,25,0,0,10.708,77.688
2026-07-30 09:30:46,25,26,0,0,10.959,77.598
2026-07-30 09:35:46,22,22,0,0,11.25,76.37
2026-07-30 09:40:52,24,24,0,0,11.531,76.031
2026-07-30 09:45:46,19,20,0,0,11.809,74.383
2026-07-30 09:50:46,17,18,0,0,12.068,74.43
2026-07-30 09:55:46,19,21,0,0,12.316,73.902
2026-07-30 10:00:46,20,20,0,0,12.522,73.791
2026-07-30 10:05:52,18,18,0,0,12.81,72.491
2026-07-30 10:10:52,9,12,0,0,13.066,71.031
2026-07-30 10:15:46,11,11,0,0,13.373,69.08
2026-07-30 10:20:46,9,12,0,0,13.696,67.894
2026-07-30 10:25:54,13,14,0,0,14.009,67.299
2026-07-30 10:30:46,13,17,0,0,14.268,65.897
2026-07-30 10:35:46,11,14,0,0,14.514,64.88
2026-07-30 10:40:46,20,22,0,0,14.741,65.666
2026-07-30 10:45:45,16,17,0,0,14.965,63.636
2026-07-30 10:50:46,8,11,0,0,15.179,63.493
2026-07-30 10:55:46,18,19,0,0,15.363,62.164
2026-07-30 11:00:46,20,20,0,0,15.531,61.994
2026-07-30 11:05:46,17,19,0,0,15.686,61.792
2026-07-30 11:10:46,16,18,0,0,15.873,60.464
2026-07-30 11:15:46,12,15,0,0,16.038,59.942
2026-07-30 11:20:46,6,6,0,0,16.249,58.565
2026-07-30 11:25:46,14,15,0,0,16.418,57.38
2026-07-30 11:30:46,14,15,0,0,16.559,58.414
2026-07-30 11:35:46,18,21,0,0,16.698,57.684
2026-07-30 11:40:53,14,18,0,0,16.866,57.922
2026-07-30 11:45:46,15,17,0,0,17.008,56.808
2026-07-30 11:50:46,18,20,0,0,17.149,56.766
2026-07-30 11:55:46,10,12,0,0,17.325,56.568
2026-07-30 12:00:46,12,13,0,0,17.539,56.165
2026-07-30 12:05:46,8,10,0,0,17.721,55.587
2026-07-30 12:10:46,7,11,0,0,17.9,55.095
2026-07-30 12:15:56,5,7,0,0,18.068,55.379
2026-07-30 12:20:46,9,9,0,0,18.276,54.746
2026-07-30 12:25:46,8,8,0,0,18.492,54.189
2026-07-30 12:30:46,2,2,0,0,18.674,51.101
2026-07-30 12:35:46,3,3,0,0,18.928,50.912
2026-07-30 12:40:46,3,3,0,0,19.115,49.306
2026-07-30 12:45:46,1,1,0,0,19.283,49.989
2026-07-30 12:50:55,2,2,0,0,19.419,50.113
2026-07-30 12:55:46,3,3,0,0,19.606,51.162
2026-07-30 13:00:46,2,2,0,0,19.785,50.453
2026-07-30 13:05:46,5,5,0,0,19.977,51.649
2026-07-30 13:10:46,6,6,0,0,20.241,51.082
2026-07-30 13:15:46,5,5,0,0,20.391,49.938
2026-07-30 13:20:46,4,5,0,0,20.554,49.316
2026-07-30 13:25:46,3,4,0,0,20.701,48.288
2026-07-30 13:30:46,3,4,0,0,20.829,47.092
2026-07-30 13:35:46,6,6,0,0,20.941,48.475
2026-07-30 13:40:46,11,11,0,0,21.045,49.327
2026-07-30 13:45:46,5,6,0,0,21.149,48.503
2026-07-30 13:50:46,5,6,0,0,21.173,48.297
2026-07-30 13:55:46,6,8,0,0,21.235,48.417
2026-07-30 14:00:46,5,6,0,0,21.286,48.841
2026-07-30 14:05:47,6,8,0,0,21.328,49.579
2026-07-30 14:10:46,5,5,0,0,21.363,50.012
2026-07-30 14:15:46,4,4,0,0,21.427,49.505
2026-07-30 14:20:46,4,4,0,0,21.478,49.537
2026-07-30 14:25:46,7,7,0,0,21.497,48.889
2026-07-30 14:30:47,4,4,0,0,21.513,49.947
2026-07-30 14:35:47,4,5,0,0,21.513,49.545
2026-07-30 14:40:46,3,3,0,0,21.489,49.186
2026-07-30 14:45:47,4,4,0,0,21.459,49.2
2026-07-30 14:50:47,4,4,0,0,21.478,49.795
2026-07-30 14:55:47,4,5,0,0,21.486,49.083
2026-07-30 15:00:47,3,3,0,0,21.475,48.845
2026-07-30 15:05:46,3,3,0,0,21.489,47.962
2026-07-30 15:10:57,2,2,0,0,21.523,47.035
2026-07-30 15:15:46,2,2,0,0,21.55,48.822
2026-07-30 15:20:47,1,1,0,0,21.558,47.641
2026-07-30 15:25:47,0,1,0,0,21.619,44.956
2026-07-30 15:30:47,1,1,0,0,21.686,41.787
2026-07-30 15:35:47,0,0,0,0,21.764,42.686
2026-07-30 15:40:47,1,2,0,0,21.774,41.894
2026-07-30 15:45:47,0,0,0,0,21.761,40.79
2026-07-30 15:50:47,0,0,0,0,21.721,42.152
2026-07-30 15:55:47,0,1,0,0,21.659,42.556
2026-07-30 16:00:47,0,1,0,0,21.529,42.344
2026-07-30 16:05:48,0,0,0,0,21.414,43.622
2026-07-30 16:10:47,0,0,0,0,21.272,43.893
2026-07-30 16:15:47,0,0,0,0,21.107,44.999
2026-07-30 16:20:47,0,0,0,0,20.946,46.121
2026-07-30 16:25:47,1,1,0,0,20.757,47.985
2026-07-30 16:30:47,0,0,0,0,20.514,48.255
2026-07-30 16:35:47,1,1,0,0,20.287,51.097
2026-07-30 16:40:47,0,0,0,0,20.012,50.889
2026-07-30 16:45:47,0,0,0,0,19.737,51.584
2026-07-30 16:50:47,0,0,0,0,19.499,51.929
2026-07-30 16:55:46,1,1,0,0,19.28,52.799
2026-07-30 17:00:47,0,0,0,0,19.08,54.082
2026-07-30 17:05:47,0,0,0,0,18.816,54.733
2026-07-30 17:10:47,0,0,0,0,18.53,55.378
2026-07-30 17:15:47,0,0,0,0,18.225,56.285
2026-07-30 17:20:47,0,0,0,0,17.956,57.142
2026-07-30 17:25:47,0,0,0,0,17.694,57.581
2026-07-30 17:30:47,0,0,0,0,17.408,58.174
2026-07-30 17:35:47,0,0,0,0,17.16,58.752
2026-07-30 17:40:57,2,2,0,0,16.946,59.238
2026-07-30 17:45:47,0,1,0,0,16.751,59.728
2026-07-30 17:50:47,0,0,0,0,16.538,60.224
2026-07-30 17:55:47,0,0,0,0,16.295,60.958
2026-07-30 18:00:47,1,1,0,0,16.07,61.483
2026-07-30 18:05:47,2,2,0,0,15.846,61.712
2026-07-30 18:10:47,2,2,0,0,15.649,62.935
2026-07-30 18:15:47,3,4,0,0,15.448,63.131
2026-07-30 18:20:47,7,8,0,0,15.259,63.703
2026-07-30 18:25:47,17,18,0,0,15.117,63.69
2026-07-30 18:30:47,11,13,0,0,14.922,65.13
2026-07-30 18:35:47,15,16,0,0,14.81,64.159
2026-07-30 18:40:47,33,34,0,0,14.658,64.935
2026-07-30 18:45:47,14,15,0,0,14.527,65.763
2026-07-30 18:50:47,11,12,0,0,14.417,66.633
2026-07-30 18:55:47,15,16,0,0,14.329,67.001
2026-07-30 19:00:47,3,4,0,0,14.191,66.704
2026-07-30 19:05:47,8,8,0,0,14.038,67.072
2026-07-30 19:10:47,3,4,0,0,13.886,67.707
2026-07-30 19:15:47,19,21,0,0,13.761,68.145
2026-07-30 19:20:47,23,24,0,0,13.624,68.702
2026-07-30 19:25:47,29,32,0,0,13.555,68.252
2026-07-30 19:30:47,30,32,0,0,13.483,68.323
2026-07-30 19:35:47,11,12,0,0,13.379,69.248
2026-07-30 19:40:47,23,24,0,0,13.333,69.811
2026-07-30 19:45:47,11,12,0,0,13.24,70.112
2026-07-30 19:50:47,25,26,0,0,13.178,70.383
2026-07-30 19:55:47,21,21,0,0,13.082,70.886
2026-07-30 20:00:47,16,16,0,0,12.935,71.667
2026-07-30 20:05:54,9,9,0,0,12.911,71.752
2026-07-30 20:10:47,24,26,0,0,12.839,71.876
2026-07-30 20:15:47,24,27,0,0,12.773,72.099
2026-07-30 20:20:47,24,26,0,0,12.658,72.679
2026-07-30 20:25:47,23,24,0,0,12.551,72.981
2026-07-30 20:30:47,21,23,0,0,12.473,73.603
2026-07-30 20:35:48,8,8,0,0,12.492,73.646
2026-07-30 20:40:47,6,7,0,0,12.393,73.915
2026-07-30 20:45:48,6,6,0,0,12.316,74.198
2026-07-30 20:50:47,4,4,0,0,12.289,74.426
2026-07-30 20:55:48,3,3,0,0,12.196,74.774
2026-07-30 21:00:47,5,5,0,0,12.076,75.338
2026-07-30 21:05:48,4,4,0,0,12.004,75.785
2026-07-30 21:10:47,5,6,0,0,11.902,76.155
2026-07-30 21:15:47,4,4,0,0,11.841,76.612
2026-07-30 21:20:47,1,1,0,0,11.766,76.963
2026-07-30 21:25:47,4,4,0,0,11.686,77.33
2026-07-30 21:30:48,22,27,0,0,11.656,77.61
2026-07-30 21:35:48,16,19,0,0,11.627,77.633
2026-07-30 21:40:48,14,15,0,0,11.664,77.566
2026-07-30 21:45:48,14,18,0,0,11.678,77.543
2026-07-30 21:50:55,4,5,0,0,11.648,77.764
2026-07-30 21:55:48,12,12,0,0,11.63,77.61
2026-07-30 22:00:48,15,17,0,0,11.702,77.427
2026-07-30 22:05:48,25,26,0,0,11.798,77.089
2026-07-30 22:10:48,17,22,0,0,11.833,76.904
2026-07-30 22:15:54,33,34,0,0,11.905,76.584
2026-07-30 22:20:48,20,23,0,0,11.894,76.74
2026-07-30 22:25:47,29,30,0,0,11.833,76.702
2026-07-30 22:30:48,25,25,0,0,11.747,76.738
2026-07-30 22:35:48,31,31,0,0,11.798,76.202
2026-07-30 22:40:48,12,12,0,0,11.638,75.613
2026-07-30 22:45:47,8,8,0,0,11.296,76.082
2026-07-30 22:50:58,6,7,0,0,10.999,76.74
2026-07-30 22:55:48,8,8,0,0,10.826,78.442
2026-07-30 23:00:48,14,20,0,0,10.767,78.766
2026-07-30 23:05:48,10,14,0,0,10.692,78.989
2026-07-30 23:10:48,12,13,0,0,10.631,78.369
2026-07-30 23:15:57,19,19,0,0,10.5,78.909
2026-07-30 23:20:48,12,12,0,0,10.356,78.779
2026-07-30 23:25:48,19,20,0,0,10.351,79.452
2026-07-30 23:30:48,28,31,0,0,10.449,78.93
2026-07-30 23:36:08,28,29,0,0,10.431,78.043
2026-07-30 23:40:48,30,30,0,0,10.182,78.215
2026-07-30 23:45:48,28,30,0,0,10.046,79.96
2026-07-30 23:50:48,25,27,0,0,10.003,80.221
2026-07-30 23:55:48,31,31,0,0,10.121,79.367
2026-07-31 00:00:48,29,32,0,0,10.126,79.763
2026-07-31 00:05:48,30,31,0,0,10.145,78.798
2026-07-31 00:10:48,32,34,0,0,10.116,78.06
2026-07-31 00:15:48,30,30,0,0,9.918,77.869
2026-07-31 00:20:48,29,30,0,0,9.763,79.773
2026-07-31 00:25:48,28,31,0,0,9.827,80.034
2026-07-31 00:30:48,30,30,0,0,9.873,78.642
2026-07-31 00:35:48,33,33,0,0,9.843,79.538
2026-07-31 00:40:48,32,35,0,0,9.859,78.136
2026-07-31 00:45:48,28,29,0,0,9.731,77.581
2026-07-31 00:50:48,31,31,0,0,9.565,80.027
2026-07-31 00:55:48,29,32,0,0,9.523,78.565
2026-07-31 01:00:48,22,22,0,0,9.344,78.667
2026-07-31 01:05:48,20,21,0,0,9.186,80.276
2026-07-31 01:10:48,18,20,0,0,9.039,80.341
2026-07-31 01:15:48,15,19,0,0,8.922,80.488
2026-07-31 01:20:48,10,16,0,0,8.823,81.781
2026-07-31 01:25:48,18,19,0,0,8.778,83.504
2026-07-31 01:30:48,19,21,0,0,9.013,82.678
2026-07-31 01:35:48,26,28,0,0,9.234,81.362
2026-07-31 01:40:48,17,18,0,0,9.234,81.478
2026-07-31 01:45:48,23,25,0,0,9.202,81.886
2026-07-31 01:50:48,21,21,0,0,9.282,81.816
2026-07-31 01:55:48,12,16,0,0,9.363,82.331
2026-07-31 02:00:48,17,18,0,0,9.435,81.947
2026-07-31 02:05:48,10,12,0,0,9.576,81.671
2026-07-31 02:10:48,17,18,0,0,9.627,81.743
2026-07-31 02:15:48,16,18,0,0,9.667,81.938
2026-07-31 02:20:48,12,12,0,0,9.784,81.993
2026-07-31 02:25:56,12,12,0,0,9.787,81.142
2026-07-31 02:30:48,10,13,0,0,9.707,81.15
2026-07-31 02:35:48,13,13,0,0,9.565,81.398
2026-07-31 02:40:48,14,14,0,0,9.475,81.978
2026-07-31 02:45:48,12,14,0,0,9.376,82.077
2026-07-31 02:50:48,18,20,0,0,9.314,82.634
2026-07-31 02:55:48,22,26,0,0,9.24,82.922
2026-07-31 03:00:48,25,26,0,0,9.202,83.927
2026-07-31 03:05:48,26,29,0,0,9.189,85.104
2026-07-31 03:10:48,26,29,0,0,9.165,85.667
2026-07-31 03:15:48,27,32,0,0,9.237,85.417
2026-07-31 03:20:48,27,30,0,0,9.309,85.316
2026-07-31 03:25:48,23,27,0,0,9.363,84.73
2026-07-31 03:30:48,21,27,0,0,9.451,84.417
2026-07-31 03:35:48,26,27,0,0,9.614,83.46
2026-07-31 03:40:48,24,24,0,0,9.632,83.368
2026-07-31 03:45:48,25,25,0,0,9.662,83.099
2026-07-31 03:50:48,26,27,0,0,9.707,83.061
2026-07-31 03:55:48,22,26,0,0,9.68,83.366
2026-07-31 04:00:48,26,28,0,0,9.688,83.492
2026-07-31 04:05:48,22,25,0,0,9.702,83.408
2026-07-31 04:10:48,25,27,0,0,9.752,83.364
2026-07-31 04:15:48,24,24,0,0,9.763,83.088
2026-07-31 04:20:48,24,24,0,0,9.865,82.63
2026-07-31 04:25:48,27,28,0,0,9.881,82.569
2026-07-31 04:30:48,27,27,0,0,9.913,82.478
2026-07-31 04:35:48,21,22,0,0,10.062,81.751
2026-07-31 04:40:48,24,27,0,0,10.22,81.142
2026-07-31 04:45:48,27,31,0,0,10.158,81.182
2026-07-31 04:50:48,24,27,0,0,10.081,81.539
2026-07-31 04:55:48,22,22,0,0,9.945,82.001
2026-07-31 05:00:48,25,26,0,0,9.886,82.081
2026-07-31 05:05:48,22,22,0,0,9.83,82.453
2026-07-31 05:10:48,18,21,0,0,9.752,82.682
2026-07-31 05:15:48,20,21,0,0,9.67,82.973
2026-07-31 05:20:48,16,18,0,0,9.704,82.75
2026-07-31 05:25:48,18,20,0,0,9.718,82.83
2026-07-31 05:30:48,13,17,0,0,9.646,82.703
2026-07-31 05:36:04,13,18,0,0,9.565,83.38
2026-07-31 05:40:56,18,21,0,0,9.488,83.715
2026-07-31 05:45:49,10,13,0,0,9.44,84.059
2026-07-31 05:50:49,10,12,0,0,9.443,84.278
2026-07-31 05:55:48,12,12,0,0,9.461,84.517
2026-07-31 06:00:49,9,10,0,0,9.512,84.146
2026-07-31 06:05:49,17,20,0,0,9.528,83.652
2026-07-31 06:10:58,14,17,0,0,9.515,83.843
2026-07-31 06:15:49,21,22,0,0,9.496,83.662
2026-07-31 06:20:49,18,19,0,0,9.453,84.379
2026-07-31 06:25:58,12,17,0,0,9.477,84.581
2026-07-31 06:30:49,20,22,0,0,9.453,85.003
2026-07-31 06:35:49,21,22,0,0,9.485,85.48
2026-07-31 06:40:49,21,26,0,0,9.552,85.627
2026-07-31 06:45:58,25,27,0,0,9.64,85.539
2026-07-31 06:50:49,25,26,0,0,9.704,85.276
2026-07-31 06:55:49,26,28,0,0,9.715,85.016
2026-07-31 07:00:49,21,24,0,0,9.774,84.879
2026-07-31 07:05:49,25,25,0,0,9.83,84.646
2026-07-31 07:10:49,22,22,0,0,9.942,84.196
2026-07-31 07:15:49,22,25,0,0,10.073,83.588
2026-07-31 07:20:49,20,21,0,0,10.19,82.951
2026-07-31 07:25:49,20,21,0,0,10.303,83.048
2026-07-31 07:30:49,18,19,0,0,10.292,82.926
2026-07-31 07:35:49,18,22,0,0,10.297,83.092
2026-07-31 07:40:49,21,24,0,0,10.353,82.935
2026-07-31 07:45:49,12,12,0,0,10.393,82.931
2026-07-31 07:50:49,15,18,0,0,10.348,83.212
2026-07-31 07:55:49,10,12,0,0,10.308,83.504
2026-07-31 08:00:49,16,17,0,0,10.303,84.053
2026-07-31 08:05:49,36,37,0,0,10.284,84.436
2026-07-31 08:11:00,12,17,0,0,10.27,84.911
2026-07-31 08:15:49,17,20,0,0,10.292,86.609
2026-07-31 08:20:49,25,28,0,0,10.476,85.705
2026-07-31 08:25:49,22,25,0,0,10.543,84.787
2026-07-31 08:30:49,21,22,0,0,10.714,88.997
2026-07-31 08:35:49,26,26,0,0,11.176,86.378
2026-07-31 08:40:49,27,29,0,0,11.397,86.71
2026-07-31 08:45:49,26,27,0,0,11.555,84.951
2026-07-31 08:50:49,26,29,0,0,11.67,85.77
2026-07-31 08:55:49,31,31,0,0,11.696,82.596
2026-07-31 09:00:49,28,29,0,0,11.614,85.449
2026-07-31 09:05:49,28,30,0,0,11.536,88.118
2026-07-31 09:10:49,31,32,0,0,11.576,85.398
2026-07-31 09:15:49,29,32,0,0,11.509,82.333
2026-07-31 09:20:49,45,54,0,0,11.365,88.354
2026-07-31 09:25:49,32,34,0,0,11.448,89.659
2026-07-31 09:30:49,30,32,0,0,11.723,91.147
2026-07-31 09:36:05,36,43,0,0,12.03,91.059
2026-07-31 09:40:49,36,42,0,0,12.148,84.438
2026-07-31 09:45:49,34,36,0,0,12.121,84.175
2026-07-31 09:50:49,26,28,0,0,12.006,82.157
2026-07-31 09:55:49,11,14,0,0,11.766,81.112
2026-07-31 10:00:49,15,16,0,0,11.499,81.493
2026-07-31 10:05:49,1,1,0,0,11.248,79.807
2026-07-31 10:10:49,1,1,0,0,11.01,81.251
2026-07-31 10:15:49,0,0,0,0,10.783,79.164
2026-07-31 10:20:50,3,3,0,0,10.57,79.901
2026-07-31 10:25:49,0,0,0,0,10.329,79.201
2026-07-31 10:30:49,0,0,0,0,10.142,78.535
2026-07-31 10:35:49,12,12,0,0,10.001,79.542
2026-07-31 10:40:55,0,0,0,0,9.918,80.952
2026-07-31 10:45:49,0,0,0,0,9.95,80.337
2026-07-31 10:50:49,2,3,0,0,10.014,82.268
2026-07-31 10:55:49,3,3,0,0,10.06,78.657
2026-07-31 11:00:49,0,0,0,0,9.977,80.635
2026-07-31 11:05:49,0,1,0,0,9.958,81.35
2026-07-31 11:10:49,0,1,0,0,9.926,79.37
2026-07-31 11:15:49,0,0,0,0,9.902,80.555
2026-07-31 11:20:50,0,0,0,0,9.942,79.46
2026-07-31 11:25:49,0,0,0,0,9.902,78.304
2026-07-31 11:30:49,3,3,0,0,9.819,78.63
2026-07-31 11:35:49,1,2,0,0,9.667,79.414
2026-07-31 11:40:49,0,0,0,0,9.549,79.405
2026-07-31 11:45:49,0,0,0,0,9.491,80.715
2026-07-31 11:50:58,0,0,0,0,9.44,81.972
2026-07-31 11:55:49,0,0,0,0,9.453,82.296
2026-07-31 12:00:49,0,0,0,0,9.485,81.89
2026-07-31 12:05:49,0,0,0,0,9.493,85.215
2026-07-31 12:10:49,0,0,0,0,9.536,82.19
2026-07-31 12:15:49,0,0,0,0,9.694,85.783
2026-07-31 12:20:49,0,0,0,0,9.902,82.537
2026-07-31 12:25:50,1,1,0,0,10.081,86.992
2026-07-31 12:30:49,1,1,0,0,10.265,87.557
2026-07-31 12:35:49,1,1,0,0,10.412,85.972
2026-07-31 12:40:49,0,0,0,0,10.495,81.003
2026-07-31 12:45:58,0,0,0,0,10.532,89.899
2026-07-31 12:50:49,0,0,0,0,10.871,93.834
2026-07-31 12:55:50,2,2,0,0,11.307,81.358
2026-07-31 13:00:49,44,52,0,0,11.226,78.649
2026-07-31 13:05:50,26,28,0,0,10.885,78.991
2026-07-31 13:10:49,12,13,0,0,10.543,79.941
2026-07-31 13:15:57,9,9,0,0,10.3,80.406
2026-07-31 13:20:49,21,22,0,0,10.118,81.823
2026-07-31 13:25:50,26,27,0,0,9.891,82.739
2026-07-31 13:30:49,42,52,0,0,9.766,83.324
2026-07-31 13:35:50,44,52,0,0,9.699,83.92
2026-07-31 13:40:50,83,88,0,0,9.611,83.284
2026-07-31 13:45:50,91,96,0,0,9.493,82.827
2026-07-31 13:50:50,67,79,0,0,9.427,84.064
2026-07-31 13:55:50,44,52,0,0,9.368,83.611
2026-07-31 14:00:50,25,25,0,0,9.264,84.772
2026-07-31 14:05:50,12,17,0,0,9.149,85.64
2026-07-31 14:10:50,21,22,0,0,9.112,86.023
2026-07-31 14:15:50,13,13,0,0,9.112,85.953
2026-07-31 14:20:50,16,17,0,0,9.144,86.279
2026-07-31 14:25:50,6,6,0,0,9.194,86.18
2026-07-31 14:30:50,5,5,0,0,9.309,86.527
2026-07-31 14:35:50,4,4,0,0,9.389,86.281
2026-07-31 14:40:50,4,4,0,0,9.555,85.222
2026-07-31 14:45:50,7,7,0,0,9.71,84.984
2026-07-31 14:50:50,8,9,0,0,9.843,82.844
2026-07-31 14:55:50,19,20,0,0,9.958,84.238
2026-07-31 15:00:50,6,6,0,0,10.148,82.365
2026-07-31 15:05:50,3,3,0,0,10.273,83.023
2026-07-31 15:10:50,1,1,0,0,10.519,82.943
2026-07-31 15:15:50,3,3,0,0,10.783,80.837
2026-07-31 15:20:50,2,3,0,0,10.975,79.418
2026-07-31 15:25:50,2,2,0,0,11.218,78.068
2026-07-31 15:30:50,6,6,0,0,11.376,77.772
2026-07-31 15:40:50,1,2,0,0,11.638,76.126
2026-07-31 15:49:08,1,1,0,0,11.582,75.186
2026-07-31 15:50:50,7,7,0,0,11.501,75.405
2026-07-31 15:55:50,3,3,0,0,11.488,74.751
2026-07-31 16:06:05,3,3,0,0,11.443,75.474
2026-07-31 16:10:50,1,1,0,0,11.4,73.967
2026-07-31 16:15:50,4,4,0,0,11.333,74.48
2026-07-31 16:20:50,1,1,0,0,11.304,74.713
2026-07-31 16:25:50,2,2,0,0,11.323,75.38
2026-07-31 16:30:50,2,2,0,0,11.336,75.59
2026-07-31 16:35:50,2,2,0,0,11.304,75.758
2026-07-31 16:40:57,2,2,0,0,11.216,77.436
2026-07-31 16:45:50,2,2,0,0,11.12,77.841
2026-07-31 16:50:50,2,2,0,0,11.056,78.977
2026-07-31 16:55:50,25,27,0,0,10.981,78.92
2026-07-31 17:00:50,33,34,0,0,10.906,80.194
2026-07-31 17:05:50,30,30,0,0,10.845,78.949
2026-07-31 17:10:51,14,17,0,0,10.805,78.617
2026-07-31 17:15:50,5,6,0,0,10.772,75.817
2026-07-31 17:20:50,5,5,0,0,10.724,76.799
2026-07-31 17:25:50,10,10,0,0,10.655,77.804
2026-07-31 17:30:50,17,20,0,0,10.604,75.39
2026-07-31 17:35:50,7,7,0,0,10.479,76.46
2026-07-31 17:40:50,8,10,0,0,10.356,77.478
2026-07-31 17:45:50,21,21,0,0,10.276,77.833
2026-07-31 17:50:50,22,25,0,0,10.198,78.678
2026-07-31 17:55:50,7,7,0,0,10.094,80.303
2026-07-31 18:00:50,29,29,0,0,9.985,80.749
2026-07-31 18:05:50,7,7,0,0,9.817,80.763
