fecha,mp25_ugm3,mp10_ugm3,so2_ppb,cov_ppb,temperatura_c,humedad_pct
2026-06-01 15:13:15,54,68,0,4294,18.933,52.169
2026-06-01 15:18:15,55,68,0,316,18.196,54.296
2026-06-01 15:23:15,53,66,0,191,18.952,51.671
2026-06-01 15:28:15,51,64,0,107,18.978,52.015
2026-06-01 15:33:15,49,62,0,100,19.235,51.225
2026-06-01 15:38:16,50,61,0,68,19.318,52.106
2026-06-01 15:43:15,49,62,0,46,19.165,51.374
2026-06-01 15:48:15,47,60,0,64,19.467,50.838
2026-06-01 15:53:15,47,60,0,56,19.44,52.865
2026-06-01 15:58:15,46,56,0,44,19.269,54.002
2026-06-01 16:03:15,50,62,0,36,19.253,51.103
2026-06-01 16:08:15,43,54,0,36,18.944,53.327
2026-06-01 16:13:15,46,55,0,40,19.339,53.11
2026-06-01 16:18:16,48,60,0,35,18.653,54.681
2026-06-01 16:23:15,46,58,0,30,18.944,54.41
2026-06-01 16:28:16,46,58,0,52,18.607,54.71
2026-06-01 16:33:15,46,57,0,29,18.228,56.65
2026-06-01 16:38:16,47,59,0,41,18.033,58.576
2026-06-01 16:43:15,45,55,0,31,17.868,58.382
2026-06-01 16:48:15,45,55,0,34,17.507,59.986
2026-06-01 16:53:15,47,57,0,32,17.168,61.098
2026-06-01 16:58:16,44,56,0,36,16.135,64.979
2026-06-01 17:03:15,43,54,0,48,16.169,65.162
2026-06-01 17:08:25,45,57,0,21,15.245,66.841
2026-06-01 17:13:15,46,57,0,17,14.495,69.099
2026-06-01 17:18:15,47,57,0,26,14.984,66.57
2026-06-01 17:23:15,56,69,0,93,14.639,68.664
2026-06-01 17:28:16,51,64,0,58,14.07,70.059
2026-06-01 17:33:16,130,141,0,165,14.215,70.402
2026-06-01 17:38:25,59,73,0,80,14.182,69.98
2026-06-01 17:43:15,64,75,0,51,14.134,69.315
2026-06-01 17:48:16,60,73,0,56,13.186,73.259
2026-06-01 17:53:15,49,62,0,20,13.061,72.731
2026-06-01 17:58:16,51,63,0,51,13.771,70.667
2026-06-01 18:03:16,53,67,0,34,13.531,70.108
2026-06-01 18:08:16,52,65,0,71,13.341,71.26
2026-06-01 18:12:54,50,62,0,71,13.427,71.026
2026-06-01 18:17:54,50,63,0,40,13.403,71.232
2026-06-01 18:23:02,48,63,0,60,13.235,71.733
2026-06-01 18:27:54,50,62,0,86,13.389,71.573
2026-06-01 18:32:54,51,65,0,47,13.307,71.495
2026-06-01 18:37:55,93,101,0,152,13.416,71.394
2026-06-01 18:42:54,52,66,0,71,13.293,70.904
2026-06-01 18:47:54,51,65,0,86,12.647,73.698
2026-06-01 18:52:54,49,61,0,41,12.698,74.356
2026-06-01 18:57:54,49,61,0,57,12.858,73.807
2026-06-01 19:02:54,91,94,0,322,12.754,73.944
2026-06-01 19:07:55,48,60,0,29,12.329,75.531
2026-06-01 19:12:54,49,60,0,26,11.921,77.457
2026-06-01 19:18:01,49,61,0,40,12.319,76.25
2026-06-01 19:22:54,52,66,0,43,12.599,75.05
2026-06-01 19:27:54,51,65,0,52,12.201,76.523
2026-06-01 19:32:54,51,63,0,63,12.116,76.542
2026-06-01 19:42:55,56,70,0,125,12.34,75.441
2026-06-01 19:47:55,50,62,0,70,12.359,75.769
2026-06-01 19:53:40,49,61,0,59,11.998,76.616
2026-06-01 19:57:55,53,66,0,110,12.303,75.699
2026-06-01 20:02:54,69,80,0,81,12.433,75.485
2026-06-01 20:07:55,57,72,0,109,12.308,76.141
2026-06-01 20:12:55,52,67,0,85,12.142,75.918
2026-06-01 20:17:54,47,59,0,66,12.297,74.962
2026-06-01 20:22:55,60,74,0,156,12.017,76.326
2026-06-01 20:27:55,53,67,0,94,12.383,75.384
2026-06-01 20:32:55,57,74,0,156,11.995,76.979
2026-06-01 20:42:55,51,67,0,64,12.252,75.443
2026-06-01 20:47:55,50,64,0,50,12.289,75.8
2026-06-01 20:52:55,50,65,0,71,12.348,75.912
2026-06-01 20:57:55,80,88,0,74,11.985,76.931
2026-06-01 21:02:55,68,80,0,88,11.795,78.272
2026-06-01 21:07:55,55,69,0,86,11.558,79.58
2026-06-01 21:12:56,51,63,0,45,11.456,79.344
2026-06-01 21:17:56,53,67,0,120,11.769,78.306
2026-06-01 21:22:56,53,66,0,111,11.79,78.243
2026-06-01 21:27:56,57,70,0,138,11.432,79.479
2026-06-01 21:32:56,53,68,0,159,11.542,79.098
2026-06-01 21:37:56,53,68,0,108,11.25,79.8
2026-06-01 21:43:02,54,70,0,61,11.387,79.588
2026-06-01 21:47:56,57,72,0,99,11.093,80.595
2026-06-01 21:52:56,52,68,0,45,11.325,79.653
2026-06-01 21:57:56,61,79,0,88,11.138,80.755
2026-06-01 22:02:56,55,69,0,64,11.469,79.418
2026-06-01 22:08:05,61,77,0,113,11.018,80.835
2026-06-01 22:12:56,55,71,0,69,11.114,80.372
2026-06-01 22:17:56,59,75,0,67,10.861,81.505
2026-06-01 22:22:56,86,93,0,214,10.727,81.572
2026-06-01 22:27:56,64,80,0,134,11.026,80.41
2026-06-01 22:32:56,54,68,0,54,11.136,80.002
2026-06-01 22:37:56,70,83,0,106,10.562,82.363
2026-06-01 22:42:56,65,81,0,104,10.853,81.423
2026-06-01 22:47:56,60,76,0,84,10.564,82.041
2026-06-01 22:52:56,55,69,0,60,10.671,82.352
2026-06-01 23:02:56,57,70,0,56,10.372,83.319
2026-06-01 23:07:56,59,74,0,75,10.361,83.544
2026-06-01 23:12:56,51,64,0,38,10.572,82.231
2026-06-01 23:17:56,50,63,0,29,10.447,82.548
2026-06-01 23:22:56,51,66,0,36,10.602,82.001
2026-06-01 23:27:56,54,70,0,38,10.19,83.813
2026-06-01 23:32:56,52,65,0,55,10.428,82.622
2026-06-01 23:42:56,52,65,0,71,10.34,83.544
2026-06-01 23:47:56,53,66,0,95,10.246,83.99
2026-06-01 23:52:56,56,73,0,148,10.244,83.464
2026-06-01 23:57:56,48,60,0,33,10.236,83.763
2026-06-02 00:02:56,53,64,0,40,10.033,85.041
2026-06-02 00:07:56,51,65,0,52,10.156,84.627
2026-06-02 00:12:57,49,58,0,45,10.26,83.723
2026-06-02 00:17:57,54,65,0,26,10.006,85.009
2026-06-02 00:22:57,52,64,0,19,10.078,84.496
2026-06-02 00:27:57,52,65,0,32,10.393,83.206
2026-06-02 00:32:57,54,66,0,60,10.27,83.372
2026-06-02 00:38:18,52,65,0,67,10.113,84.463
2026-06-02 00:42:57,51,66,0,46,10.121,84.473
2026-06-02 00:47:57,51,63,0,40,10.094,84.852
2026-06-02 00:52:57,53,65,0,23,10.081,84.942
2026-06-02 01:02:58,53,67,0,35,10.244,84.221
2026-06-02 01:07:58,49,62,0,35,10.092,84.12
2026-06-02 01:12:58,51,64,0,38,10.313,83.082
2026-06-02 01:17:58,51,62,0,37,10.043,84.196
2026-06-02 01:22:58,50,63,0,39,10.017,84.16
2026-06-02 01:27:58,50,62,0,48,9.835,85.371
2026-06-02 01:32:57,52,65,0,58,9.763,85.352
2026-06-02 01:37:58,49,62,0,43,9.873,84.698
2026-06-02 01:42:58,50,61,0,50,9.945,83.893
2026-06-02 01:48:06,54,66,0,50,9.619,85.55
2026-06-02 01:52:58,49,59,0,35,9.659,85.531
2026-06-02 01:57:58,52,67,0,30,9.784,84.862
2026-06-02 02:02:58,54,67,0,38,9.624,85.812
2026-06-02 02:07:57,53,68,0,52,9.512,85.985
2026-06-02 02:13:08,54,68,0,48,9.691,84.881
2026-06-02 02:17:57,54,67,0,39,9.467,85.747
2026-06-02 02:22:58,53,66,0,77,9.293,85.852
2026-06-02 02:27:58,51,63,0,41,9.261,85.27
2026-06-02 02:32:58,52,65,0,44,8.882,86.947
2026-06-02 02:37:58,51,65,0,38,8.938,86.145
2026-06-02 02:42:58,56,71,0,41,8.788,85.787
2026-06-02 02:47:58,54,67,0,47,8.684,86.313
2026-06-02 02:52:58,54,66,0,35,8.292,86.723
2026-06-02 02:57:58,58,72,0,52,8.065,88.93
2026-06-02 03:02:58,52,67,0,39,8.19,88.257
2026-06-02 03:07:58,55,69,0,45,8.222,87.885
2026-06-02 03:12:59,54,66,0,41,8.188,86.922
2026-06-02 03:17:59,56,69,0,41,8.105,87.097
2026-06-02 03:22:59,58,73,0,49,8.284,86.157
2026-06-02 03:27:59,60,74,0,51,8.033,87.25
2026-06-02 03:32:59,61,75,0,58,7.91,87.673
2026-06-02 03:37:59,60,75,0,57,8.001,86.35
2026-06-02 03:43:08,62,80,0,60,7.739,87.66
2026-06-02 03:47:59,63,80,0,62,7.755,88.945
2026-06-02 03:53:08,61,79,0,51,7.723,87.219
2026-06-02 03:57:59,61,75,0,57,7.854,87.658
2026-06-02 04:02:59,61,77,0,59,7.691,87.29
2026-06-02 04:07:59,62,77,0,52,7.552,89.293
2026-06-02 04:12:59,59,76,0,48,7.333,89.878
2026-06-02 04:17:59,60,76,0,50,7.213,88.45
2026-06-02 04:22:59,60,72,0,64,7.245,89.315
2026-06-02 04:27:59,57,75,0,51,7.146,88.207
2026-06-02 04:32:59,58,73,0,44,7.314,89.104
2026-06-02 04:37:59,59,75,0,46,7.221,88.772
2026-06-02 04:42:59,57,71,0,48,7.288,87.698
2026-06-02 04:47:59,61,76,0,47,6.978,90.109
2026-06-02 05:03:42,61,76,0,53,7.122,89.058
2026-06-02 05:07:59,60,76,0,55,7.25,87.509
2026-06-02 05:12:59,56,69,0,51,7.029,87.606
2026-06-02 05:17:59,60,75,0,55,7.015,88.364
2026-06-02 05:22:59,58,72,0,47,6.847,87.826
2026-06-02 05:27:59,56,70,0,49,6.796,87.845
2026-06-02 05:32:59,55,69,0,50,6.722,88.909
2026-06-02 05:37:59,54,70,0,44,6.599,88.339
2026-06-02 05:43:00,58,73,0,54,6.521,90.912
2026-06-02 05:47:59,60,75,0,54,6.455,92.26
2026-06-02 05:52:59,58,76,0,45,6.398,91.475
2026-06-02 05:57:59,57,72,0,59,6.559,91.56
2026-06-02 06:02:59,59,76,0,69,6.617,90.853
2026-06-02 06:08:00,58,72,0,50,6.794,89.209
2026-06-02 06:13:01,59,76,0,43,6.714,91.705
2026-06-02 06:18:00,57,72,0,49,6.834,89.163
2026-06-02 06:23:01,56,71,0,41,6.866,91.503
2026-06-02 06:28:00,58,71,0,49,6.836,90.136
2026-06-02 06:33:00,54,68,0,48,7.021,88.879
2026-06-02 06:38:00,51,61,0,53,6.981,88.713
2026-06-02 06:43:01,54,67,0,47,6.903,88.314
2026-06-02 06:48:00,56,71,0,52,7.015,89.901
2026-06-02 06:53:00,55,65,0,57,6.871,89.184
2026-06-02 06:58:00,49,61,0,39,6.89,89.352
2026-06-02 07:03:00,50,64,0,51,6.78,87.658
2026-06-02 07:08:01,55,69,0,115,6.719,86.897
2026-06-02 07:13:01,62,77,0,121,6.489,86.332
2026-06-02 07:18:01,63,79,0,75,6.591,87.542
2026-06-02 07:23:01,59,77,0,71,6.415,90.376
2026-06-02 07:28:08,60,76,0,64,6.617,89.937
2026-06-02 07:33:00,61,76,0,50,6.617,90.265
2026-06-02 07:38:01,61,77,0,47,6.791,89.752
2026-06-02 07:43:00,58,72,0,71,6.556,90.429
2026-06-02 07:48:00,57,69,0,54,6.879,88.663
2026-06-02 07:53:01,53,63,0,55,6.925,87.173
2026-06-02 07:58:01,66,82,0,90,6.868,86.584
2026-06-02 08:03:01,186,208,0,134,6.78,90.408
2026-06-02 08:08:01,70,88,0,163,7.021,88.467
2026-06-02 08:13:00,54,67,0,95,7.127,87.545
2026-06-02 08:18:01,66,85,0,100,7.119,87.46
2026-06-02 08:23:01,53,63,0,59,7.154,88.055
2026-06-02 08:28:01,53,66,0,78,7.424,88.701
2026-06-02 08:38:01,89,99,0,285,7.899,85.609
2026-06-02 08:43:01,141,148,0,305,7.926,84.768
2026-06-02 08:48:01,124,132,0,236,7.808,86.214
2026-06-02 08:53:01,123,133,0,205,8.193,85.211
2026-06-02 08:58:01,178,194,0,358,8.447,84.362
2026-06-02 09:03:01,131,144,0,261,8.369,85.274
2026-06-02 09:08:01,118,128,0,167,8.706,83.696
2026-06-02 09:13:02,101,110,0,134,8.818,83.599
2026-06-02 09:18:02,110,118,0,158,9.373,82.336
2026-06-02 09:28:02,113,123,0,108,10.492,77.219
2026-06-02 09:33:02,114,120,0,127,9.91,79.351
2026-06-02 09:38:12,103,110,0,126,9.614,80.624
2026-06-02 09:43:02,91,98,0,118,10.313,80.105
2026-06-02 09:48:02,108,118,0,111,10.997,79.161
2026-06-02 09:53:02,113,120,0,108,11.288,78.083
2026-06-02 09:58:02,100,107,0,83,11.619,75.323
2026-06-02 10:03:02,92,100,0,79,11.894,75.065
2026-06-02 10:08:02,75,87,0,71,12.863,70.349
2026-06-02 10:13:02,67,81,0,59,13.379,68.537
2026-06-02 10:18:02,57,72,0,52,13.045,64.628
2026-06-02 10:23:02,59,74,0,62,13.317,63.926
2026-06-02 10:28:02,67,78,0,64,13.691,63.505
2026-06-02 10:33:02,62,78,0,57,14.009,63.644
2026-06-02 10:38:02,61,76,0,54,14.086,63.093
2026-06-02 10:43:02,62,75,0,58,14.458,62.349
2026-06-02 10:48:02,60,76,0,40,14.452,61.475
2026-06-02 10:53:02,58,73,0,49,14.586,60.821
2026-06-02 11:03:02,57,72,0,59,15.018,59.282
2026-06-02 11:08:02,60,73,0,71,15.029,59.867
2026-06-02 11:13:11,55,71,0,53,15.406,60.005
2026-06-02 11:18:02,56,71,0,63,15.697,59.444
2026-06-02 11:23:02,57,72,0,41,16.289,57.741
2026-06-02 11:28:02,58,71,0,55,16.471,57.067
2026-06-02 11:33:02,61,74,0,55,16.049,59.066
2026-06-02 11:43:02,53,67,0,39,16.914,54.475
2026-06-02 11:48:03,54,67,0,29,17.24,52.131
2026-06-02 11:53:02,51,65,0,31,17.47,53.85
2026-06-02 11:58:03,52,66,0,43,17.649,53.052
2026-06-02 12:03:02,51,63,0,13,17.787,51.578
2026-06-02 12:08:09,51,63,0,31,17.94,53.463
2026-06-02 12:13:04,48,60,0,0,18.484,48.414
2026-06-02 12:18:04,48,61,0,10,18.322,50.144
2026-06-02 12:23:04,48,60,0,4,18.332,48.526
2026-06-02 12:28:04,49,60,0,5,19.2,46.575
2026-06-02 12:33:04,49,59,0,10,19.026,47.874
2026-06-02 12:38:04,48,60,0,3,19.141,46.476
2026-06-02 12:43:04,45,57,0,2,18.522,46.182
2026-06-02 12:48:04,45,56,0,1,19.702,45.347
2026-06-02 12:53:03,47,58,0,12,19.51,45.745
2026-06-02 12:58:04,45,54,0,17,19.638,45.019
2026-06-02 13:03:03,44,52,0,35,20.012,43.704
2026-06-02 13:08:04,42,53,0,0,20.314,42.604
2026-06-02 13:13:04,42,53,0,0,20.669,40.242
2026-06-02 13:18:04,40,48,0,0,21.262,40.979
2026-06-02 13:23:04,41,51,0,0,21.448,37.368
2026-06-02 13:28:04,42,50,0,0,21.489,39.352
2026-06-02 13:33:04,43,51,0,0,21.884,39.661
2026-06-02 13:38:04,39,46,0,0,21.828,37.885
2026-06-02 13:43:04,34,39,0,0,22.354,33.036
2026-06-02 13:48:03,40,48,0,0,21.448,39.111
2026-06-02 13:53:04,41,50,0,0,21.718,37.959
2026-06-02 13:58:04,39,47,0,0,21.889,39.003
2026-06-02 14:03:04,35,44,0,0,22.258,39.636
2026-06-02 14:08:04,39,48,0,0,22.501,35.234
2026-06-02 14:13:04,36,44,0,0,22.22,35.976
2026-06-02 14:18:04,35,43,0,5,22.436,38.541
2026-06-02 14:23:04,37,43,0,7,22.768,38.795
2026-06-02 14:28:11,35,41,0,14,22.34,35.129
2026-06-02 14:33:04,37,45,0,35,21.812,36.556
2026-06-02 14:38:04,37,42,0,65,21.956,36.813
2026-06-02 14:43:04,35,42,0,0,21.913,36.258
2026-06-02 14:48:04,33,38,0,0,21.745,34.541
2026-06-02 14:53:04,38,46,0,27,21.921,38.61
2026-06-02 14:58:04,34,39,0,0,21.358,38.905
2026-06-02 15:03:11,33,38,0,0,21.323,39.998
2026-06-02 15:08:04,31,35,0,45,21.78,38.541
2026-06-02 15:13:05,27,29,0,0,21.213,36.248
2026-06-02 15:23:05,32,36,0,0,21.772,35.272
2026-06-02 15:28:05,35,43,0,26,21.809,36.784
2026-06-02 15:33:05,35,43,0,19,21.844,36.672
2026-06-02 15:38:05,31,35,0,46,20.848,38.362
2026-06-02 15:43:05,31,34,0,12,21.288,37.164
2026-06-02 15:48:05,28,31,0,0,21.003,34.618
2026-06-02 15:53:05,28,29,0,11,21.013,35.367
2026-06-02 15:58:05,27,27,0,23,21.152,35.922
2026-06-02 16:03:05,29,32,0,75,20.653,40.99
2026-06-02 16:08:05,24,26,0,57,20.18,37.843
2026-06-02 16:13:05,23,23,0,16,19.99,37.603
2026-06-02 16:18:05,23,25,0,38,19.793,37.08
2026-06-02 16:23:05,23,26,0,26,19.734,37.894
2026-06-02 16:28:06,23,24,0,37,19.611,39.754
2026-06-02 16:33:05,24,28,0,43,19.339,40.916
2026-06-02 16:38:05,24,24,0,27,18.559,45.621
2026-06-02 16:43:05,23,26,0,32,17.985,49.262
2026-06-02 16:48:05,26,27,0,29,17.619,48.707
2026-06-02 16:53:06,29,31,0,36,18.025,41.623
2026-06-02 16:58:05,28,31,0,28,18.105,42.489
2026-06-02 17:03:06,26,28,0,26,17.659,43.248
2026-06-02 17:08:11,38,45,0,28,17.293,44.439
2026-06-02 17:13:33,29,31,0,13,17.448,41.339
2026-06-02 17:18:35,26,28,0,20,16.861,45.043
2026-06-02 17:23:06,26,29,0,17,16.877,44.141
2026-06-02 17:28:06,24,28,0,4,16.749,43.552
2026-06-02 17:33:05,26,28,0,12,16.129,47.155
2026-06-02 17:38:06,28,29,0,36,16.442,45.085
2026-06-02 17:43:05,26,29,0,78,16.252,45.026
2026-06-02 17:48:06,25,26,0,3,16.14,44.051
2026-06-02 17:53:06,27,30,0,16,15.932,46.163
2026-06-02 18:03:06,24,24,0,0,15.721,44.654
2026-06-02 18:08:06,34,40,0,64,15.494,46.176
2026-06-02 18:13:06,31,32,0,35,15.841,44.845
2026-06-02 18:18:06,35,40,0,44,15.296,46.518
2026-06-02 18:23:28,31,35,0,53,15.448,47.525
2026-06-02 18:28:07,30,32,0,89,14.428,51.919
2026-06-02 18:33:06,28,30,0,34,14.591,50.975
2026-06-02 18:43:06,29,29,0,140,14.439,51.589
2026-06-02 18:48:07,28,29,0,26,15.208,46.914
2026-06-02 18:53:07,27,27,0,39,14.468,50.449
2026-06-02 18:58:07,24,27,0,21,14.578,50.542
2026-06-02 19:03:07,34,38,0,48,14.212,50.744
2026-06-02 19:08:06,24,25,0,13,14.367,48.757
2026-06-02 19:13:07,28,29,0,28,14.308,48.86
2026-06-02 19:18:06,24,26,0,19,14.516,48.625
2026-06-02 19:23:07,30,33,0,33,13.833,53.195
2026-06-02 19:28:16,45,54,0,118,13.705,53.19
2026-06-02 19:33:06,29,29,0,0,13.624,51.963
2026-06-02 19:38:07,21,25,0,0,13.341,52.738
2026-06-02 19:43:07,22,26,0,20,13.192,55.238
2026-06-02 19:48:07,22,24,0,42,12.562,59.074
2026-06-02 19:53:07,27,31,0,49,12.722,57.525
2026-06-02 19:58:14,24,25,0,16,12.628,56.613
2026-06-02 20:03:07,32,32,0,55,12.388,58.273
2026-06-02 20:08:07,21,22,0,0,12.401,58.485
2026-06-02 20:13:06,24,25,0,0,12.618,55.9
2026-06-02 20:23:07,21,24,0,5,12.591,57.128
2026-06-02 20:28:07,21,24,0,4,12.773,55.265
2026-06-02 20:33:07,18,21,0,69,12.436,59.299
2026-06-02 20:38:07,17,21,0,21,12.578,58.307
2026-06-02 20:43:07,22,24,0,67,12.452,60.358
2026-06-02 20:48:07,49,60,0,164,12.182,59.465
2026-06-02 20:53:07,44,53,0,112,12.263,59.557
2026-06-02 20:58:07,27,29,0,56,11.873,61.26
2026-06-02 21:03:07,62,80,0,41,11.574,62.116
2026-06-02 21:08:07,44,53,0,63,11.189,64.68
2026-06-02 21:13:15,32,33,0,6,11.328,62.66
2026-06-02 21:18:08,37,42,0,107,11.226,62.843
2026-06-02 21:23:08,28,28,0,43,10.922,61.803
2026-06-02 21:28:08,29,30,0,30,10.863,61.746
2026-06-02 21:33:08,36,41,0,35,10.548,64.012
2026-06-02 21:38:08,37,40,0,19,10.57,61.865
2026-06-02 21:43:08,35,38,0,22,10.401,63.604
2026-06-02 21:48:08,37,41,0,56,10.169,65.492
2026-06-02 21:53:08,27,28,0,20,10.26,62.839
2026-06-02 21:58:08,32,39,0,54,10.089,65.868
2026-06-02 22:03:08,38,46,0,113,9.83,66.621
2026-06-02 22:08:09,35,45,0,79,10.092,65.71
2026-06-02 22:13:08,38,45,0,85,9.752,67.024
2026-06-02 22:18:09,40,47,0,113,9.803,66.385
2026-06-02 22:23:08,38,44,0,145,9.416,67.404
2026-06-02 22:28:08,35,35,0,64,9.563,67.718
2026-06-02 22:33:08,35,37,0,50,9.098,68.506
2026-06-02 22:38:09,33,34,0,44,9.2,68.203
2026-06-02 22:43:08,31,31,0,28,9.16,68.138
2026-06-02 22:48:09,32,33,0,85,8.986,69.715
2026-06-02 22:53:08,50,62,0,103,9.021,68.798
2026-06-02 22:58:09,38,43,0,35,8.882,68.844
2026-06-02 23:03:08,28,29,0,33,9.047,67.581
2026-06-02 23:08:09,50,59,0,74,8.941,69.662
2026-06-02 23:13:08,42,50,0,107,8.887,68.754
2026-06-02 23:18:09,95,104,0,104,8.716,69.752
2026-06-02 23:23:18,38,45,0,37,8.82,68.681
2026-06-02 23:28:08,38,44,0,68,9.021,68.83
2026-06-02 23:33:09,55,69,0,136,8.946,69.025
2026-06-02 23:38:08,62,75,0,202,8.818,70.411
2026-06-02 23:43:09,34,39,0,68,8.556,71.138
2026-06-02 23:48:08,47,56,0,102,8.543,71.092
2026-06-02 23:53:17,29,30,0,27,8.706,68.933
2026-06-02 23:58:08,26,27,0,25,8.764,68.617
2026-06-03 00:03:09,28,31,0,48,8.436,70.091
2026-06-03 00:08:09,33,33,0,76,8.497,70.595
2026-06-03 00:13:09,40,44,0,54,8.545,70.932
2026-06-03 00:18:10,35,41,0,84,8.334,71.584
2026-06-03 00:23:10,33,34,0,53,8.391,71.09
2026-06-03 00:28:09,35,40,0,72,7.969,73.397
2026-06-03 00:33:10,33,34,0,40,8.086,72.546
2026-06-03 00:38:10,36,41,0,61,8.276,71.705
2026-06-03 00:43:09,51,61,0,192,8.377,71.672
2026-06-03 00:48:10,30,32,0,59,8.043,73.654
2026-06-03 00:53:10,35,36,0,84,7.774,73.803
2026-06-03 00:58:09,39,41,0,72,8.156,70.877
2026-06-03 01:03:10,34,35,0,67,8.329,70.141
2026-06-03 01:08:09,34,35,0,71,8.169,72.685
2026-06-03 01:13:10,29,34,0,55,8.228,72.185
2026-06-03 01:18:18,37,43,0,102,8.027,73.171
2026-06-03 01:23:10,37,40,0,94,7.643,74.087
2026-06-03 01:28:10,37,43,0,76,7.547,74.322
2026-06-03 01:33:10,34,35,0,129,8.107,72.347
2026-06-03 01:38:09,34,35,0,58,8.185,73.143
2026-06-03 01:43:10,36,41,0,99,8.065,72.035
2026-06-03 01:48:10,36,43,0,101,7.963,73.797
2026-06-03 01:53:10,37,43,0,87,8.011,72.616
2026-06-03 01:58:10,34,40,0,99,8.372,72.491
2026-06-03 02:03:10,35,40,0,66,8.217,73.206
2026-06-03 02:08:10,34,36,0,52,8.107,73.215
2026-06-03 02:13:19,28,32,0,38,8.676,70.322
2026-06-03 02:18:17,33,34,0,47,8.364,73.168
2026-06-03 02:23:10,37,43,0,69,8.262,72.492
2026-06-03 02:28:10,33,33,0,75,7.816,72.779
2026-06-03 02:33:10,28,32,0,37,8.479,69.105
2026-06-03 02:38:10,28,31,0,67,8.762,69.483
2026-06-03 02:43:10,30,32,0,75,8.759,70.036
2026-06-03 02:48:10,34,40,0,59,8.292,71.653
2026-06-03 02:53:10,32,36,0,53,8.385,69.597
2026-06-03 02:58:10,28,33,0,51,8.326,70.755
2026-06-03 03:03:10,30,31,0,46,7.867,72.544
2026-06-03 03:08:10,27,30,0,43,7.995,72.838
2026-06-03 03:13:11,27,30,0,19,7.664,73.768
2026-06-03 03:18:11,31,32,0,47,7.539,73.726
2026-06-03 03:23:11,33,33,0,60,7.728,73.038
2026-06-03 03:28:11,27,29,0,41,7.75,73.803
2026-06-03 03:33:11,39,43,0,68,7.162,73.967
2026-06-03 03:38:11,37,42,0,97,7.499,67.335
2026-06-03 03:43:11,40,44,0,99,8.027,66.534
2026-06-03 03:48:11,40,45,0,95,8.273,68.344
2026-06-03 03:53:11,40,42,0,90,8.265,63.8
2026-06-03 03:58:11,40,44,0,98,8.342,64.655
2026-06-03 04:03:11,37,42,0,96,8.204,64.859
2026-06-03 04:08:11,37,38,0,59,8.706,62.711
2026-06-03 04:13:11,32,32,0,56,8.981,62.49
2026-06-03 04:18:11,34,35,0,57,8.799,65.58
2026-06-03 04:23:12,27,30,0,42,8.593,64.951
2026-06-03 04:28:11,30,34,0,38,9.12,61.758
2026-06-03 04:33:11,33,35,0,68,8.61,68.214
2026-06-03 04:38:11,32,35,0,53,7.95,70.455
2026-06-03 04:43:12,32,32,0,69,8.18,67.747
2026-06-03 04:48:11,32,32,0,62,8.559,67.499
2026-06-03 04:53:11,30,33,0,60,8.214,67.608
2026-06-03 04:58:12,29,33,0,42,8.286,68.163
2026-06-03 05:03:11,35,36,0,55,8.417,66.288
2026-06-03 05:08:12,35,37,0,75,8.487,68.207
2026-06-03 05:13:11,31,32,0,53,8.124,69.492
2026-06-03 05:18:11,30,33,0,53,7.867,70.305
2026-06-03 05:23:11,30,31,0,56,8.043,66.831
2026-06-03 05:28:12,33,36,0,55,8.065,67.693
2026-06-03 05:33:12,28,28,0,46,8.521,63.009
2026-06-03 05:38:11,31,34,0,67,8.407,66.48
2026-06-03 05:43:11,29,32,0,46,7.712,68.659
2026-06-03 05:48:12,23,28,0,40,8.513,64.035
2026-06-03 05:53:11,20,24,0,30,8.393,65.427
2026-06-03 05:58:12,27,29,0,54,8.217,67.18
2026-06-03 06:03:12,30,30,0,50,7.926,69.292
2026-06-03 06:08:11,22,24,0,62,7.822,70.688
2026-06-03 06:13:13,22,23,0,5,7.899,67.625
2026-06-03 06:18:13,19,23,0,48,7.963,69.334
2026-06-03 06:23:13,49,58,0,93,7.274,71.274
2026-06-03 06:28:13,32,34,0,52,7.306,70.139
2026-06-03 06:33:13,32,37,0,78,7.515,70.341
2026-06-03 06:38:13,27,31,0,56,7.576,71.316
2026-06-03 06:43:13,28,29,0,74,7.867,68.557
2026-06-03 06:48:13,29,32,0,57,7.84,67.064
2026-06-03 06:53:14,23,24,0,38,8.166,66.805
2026-06-03 06:58:13,23,28,0,41,7.979,69.174
2026-06-03 07:03:13,24,27,0,45,8.204,70.539
2026-06-03 07:08:13,37,37,0,54,7.926,68.487
2026-06-03 07:13:12,45,55,0,55,8.193,68.794
2026-06-03 07:18:13,33,34,0,55,7.851,69.088
2026-06-03 07:23:13,30,34,0,41,8.222,66.734
2026-06-03 07:28:13,33,36,0,59,8.391,67.558
2026-06-03 07:33:13,40,49,0,187,7.953,70.286
2026-06-03 07:38:13,49,60,0,128,7.99,63.448
2026-06-03 07:43:13,43,49,0,128,7.939,67.1
2026-06-03 07:48:13,34,35,0,96,7.848,68.521
2026-06-03 07:53:13,44,53,0,272,7.835,68.653
2026-06-03 07:58:13,44,55,0,191,8.158,68.817
2026-06-03 08:03:13,39,45,0,126,8.006,69.103
2026-06-03 08:08:13,36,41,0,110,8.153,69.341
2026-06-03 08:13:13,35,37,0,121,8.046,67.112
2026-06-03 08:18:13,30,33,0,56,8.511,64.956
2026-06-03 08:23:13,39,44,0,116,8.684,64.859
2026-06-03 08:28:22,29,31,0,60,8.997,64.14
2026-06-03 08:33:13,28,31,0,82,9.312,62.128
2026-06-03 08:38:13,52,65,0,197,9.322,66.972
2026-06-03 08:43:13,29,32,0,67,9.622,62.891
2026-06-03 08:48:13,31,32,0,71,9.838,64.443
2026-06-03 08:53:13,26,30,0,83,10.124,64.069
2026-06-03 08:58:13,27,31,0,99,10.383,65.668
2026-06-03 09:03:13,45,55,0,178,10.329,65.679
2026-06-03 09:08:13,43,51,0,137,10.068,69.406
2026-06-03 09:13:14,49,59,0,104,10.484,66.942
2026-06-03 09:18:14,54,68,0,162,10.626,63.541
2026-06-03 09:23:21,45,55,0,158,10.756,63.326
2026-06-03 09:28:14,48,59,0,151,11.066,63.606
2026-06-03 09:33:14,45,52,0,123,11.296,61.72
2026-06-03 09:38:14,44,54,0,129,11.6,61.947
2026-06-03 09:43:14,47,56,0,152,11.774,58.355
2026-06-03 09:48:14,55,68,0,201,12.054,57.922
2026-06-03 09:53:15,47,60,0,271,12.247,57.17
2026-06-03 09:58:15,70,83,0,230,12.535,56.02
2026-06-03 10:03:14,49,58,0,144,12.7,55.648
2026-06-03 10:08:14,48,60,0,142,12.85,55.904
2026-06-03 10:13:15,45,55,0,103,13.058,54.821
2026-06-03 10:18:15,48,62,0,120,13.555,54.309
2026-06-03 10:23:14,41,50,0,93,13.731,49.06
2026-06-03 10:28:15,40,48,0,101,13.958,50.258
2026-06-03 10:33:14,37,43,0,87,14.308,49.972
2026-06-03 10:38:15,36,44,0,98,14.634,51.244
2026-06-03 10:43:15,35,39,0,84,14.874,46.352
2026-06-03 10:48:14,31,37,0,70,15.053,45.148
2026-06-03 10:53:14,32,36,0,94,15.288,47.691
2026-06-03 10:58:14,30,36,0,121,15.707,46.794
2026-06-03 11:03:14,32,35,0,137,15.982,44.219
2026-06-03 11:08:14,36,40,0,122,15.964,42.06
2026-06-03 11:13:15,33,37,0,61,16.42,45.265
2026-06-03 11:18:14,31,31,0,56,16.789,46.544
2026-06-03 11:23:14,29,31,0,53,17.029,43.35
2026-06-03 11:28:15,29,29,0,39,17.304,43.952
2026-06-03 11:33:14,31,36,0,41,17.456,38.568
2026-06-03 11:38:14,30,36,0,55,17.63,37.544
2026-06-03 11:43:14,24,24,0,19,18.004,34.463
2026-06-03 11:48:15,22,23,0,26,18.041,32.857
2026-06-03 11:53:14,23,25,0,22,17.972,33.765
2026-06-03 11:58:15,24,25,0,25,18.57,35.817
2026-06-03 12:03:15,25,26,0,19,18.148,32.487
2026-06-03 12:08:14,26,29,0,14,18.701,32.348
2026-06-03 12:13:16,27,29,0,0,19.088,34.507
2026-06-03 12:18:16,29,32,0,27,19.051,35.119
2026-06-03 12:23:16,24,25,0,16,19.334,31.612
2026-06-03 12:28:16,22,24,0,8,19.368,32.539
2026-06-03 12:33:16,22,24,0,12,19.422,32.964
2026-06-03 12:38:16,24,24,0,21,19.836,33.532
2026-06-03 12:43:16,22,23,0,11,20.18,32.315
2026-06-03 12:48:16,23,25,0,14,19.921,32.115
2026-06-03 12:53:16,23,24,0,39,20.356,33.487
2026-06-03 12:58:16,22,25,0,20,20.442,32.479
2026-06-03 13:03:16,23,25,0,12,20.324,31.015
2026-06-03 13:08:16,23,25,0,8,20.631,31.055
2026-06-03 13:13:16,19,23,0,30,20.821,32.909
2026-06-03 13:18:16,23,24,0,42,21.048,33.038
2026-06-03 13:23:16,24,26,0,57,21.32,33.49
2026-06-03 13:28:16,21,24,0,67,20.898,34.066
2026-06-03 13:33:16,19,19,0,16,21.192,31.52
2026-06-03 13:38:16,21,22,0,0,21.32,32.3
2026-06-03 13:43:16,23,23,0,6,21.032,32.619
2026-06-03 13:48:16,21,21,0,0,20.789,31.642
2026-06-03 13:53:16,27,28,0,24,21.251,35.981
2026-06-03 13:58:16,32,37,0,50,21.785,34.364
2026-06-03 14:03:16,22,23,0,0,21.475,30.79
2026-06-03 14:08:16,19,23,0,0,21.179,31.234
2026-06-03 14:13:16,23,24,0,0,21.291,31.984
2026-06-03 14:18:16,23,24,0,2,22.063,31.076
2026-06-03 14:23:16,21,22,0,0,21.74,31.385
2026-06-03 14:28:16,22,24,0,0,21.513,34.347
2026-06-03 14:33:16,18,19,0,0,21.216,36.985
2026-06-03 14:38:16,21,22,0,6,21.809,34.656
2026-06-03 14:43:16,22,22,0,0,21.216,36.668
2026-06-03 14:48:16,20,22,0,0,21.251,35.342
2026-06-03 14:53:16,19,19,0,3,21.772,36.651
2026-06-03 14:58:16,18,20,0,0,22.25,34.711
2026-06-03 15:03:16,16,19,0,13,22.506,32.983
2026-06-03 15:08:16,19,23,0,0,21.721,34.576
2026-06-03 15:13:17,24,25,0,0,22.298,32.977
2026-06-03 15:18:17,21,23,0,45,22.164,37.029
2026-06-03 15:23:17,19,20,0,84,22.148,41.229
2026-06-03 15:28:17,15,16,0,26,21.662,41.091
2026-06-03 15:33:17,19,19,0,69,22.177,40.729
2026-06-03 15:38:17,16,18,0,36,21.777,40.685
2026-06-03 15:43:26,15,18,0,50,21.886,44.086
2026-06-03 15:48:18,16,18,0,30,21.689,41.398
2026-06-03 15:53:17,20,23,0,39,21.79,45.778
2026-06-03 15:58:17,19,20,0,44,21.814,46.722
2026-06-03 16:03:17,12,13,0,32,21.366,48.419
2026-06-03 16:08:17,14,15,0,55,21.368,50.252
2026-06-03 16:13:18,15,16,0,44,20.784,48.85
2026-06-03 16:18:18,18,20,0,40,20.503,49.728
2026-06-03 16:23:17,28,30,0,58,20.228,53.272
2026-06-03 16:28:17,18,20,0,49,19.096,53.531
2026-06-03 16:33:18,14,17,0,41,19.203,52.15
2026-06-03 16:38:17,19,19,0,77,18.954,55.393
2026-06-03 16:43:17,17,18,0,59,18.386,55.683
2026-06-03 16:48:17,17,19,0,35,18.111,54.885
2026-06-03 16:53:18,16,18,0,53,17.443,57.436
2026-06-03 16:58:18,22,24,0,14,17.032,55.124
2026-06-03 17:03:18,19,19,0,46,16.765,57.592
2026-06-03 17:08:18,20,23,0,56,16.866,56.873
2026-06-03 17:13:18,24,24,0,51,16.594,53.653
2026-06-03 17:18:17,22,23,0,37,15.918,57.584
2026-06-03 17:23:17,20,20,0,21,15.6,59.084
2026-06-03 17:28:18,26,26,0,34,15.141,59.297
2026-06-03 17:33:18,22,25,0,42,14.944,61.454
2026-06-03 17:38:18,22,23,0,25,14.706,59.824
2026-06-03 17:43:18,25,28,0,43,14.492,60.863
2026-06-03 17:48:18,26,27,0,89,14.319,60.045
2026-06-03 17:53:18,25,27,0,17,14.252,59.827
2026-06-03 17:58:18,24,24,0,43,13.972,62.362
2026-06-03 18:03:18,28,29,0,20,13.803,59.927
2026-06-03 18:08:18,21,24,0,8,14.15,57.148
2026-06-03 18:13:19,20,21,0,0,13.907,57.451
2026-06-03 18:18:19,25,26,0,31,13.624,59.524
2026-06-03 18:23:19,18,19,0,9,13.822,57.865
2026-06-03 18:28:19,14,18,0,17,13.494,58.391
2026-06-03 18:33:19,18,19,0,6,13.429,58.149
2026-06-03 18:38:19,26,29,0,67,13.544,58.689
2026-06-03 18:43:19,22,24,0,28,13.21,59.597
2026-06-03 18:48:19,22,24,0,21,13.571,57.544
2026-06-03 18:53:19,20,21,0,6,13.371,58.263
2026-06-03 18:58:19,22,24,0,31,13.392,59.269
2026-06-03 19:03:19,27,30,0,29,13.189,59.753
2026-06-03 19:08:19,37,41,0,81,13.016,60.739
2026-06-03 19:13:19,25,26,0,20,13.296,57.67
2026-06-03 19:18:19,20,22,0,27,12.967,60.547
2026-06-03 19:23:19,20,21,0,23,12.727,62.023
2026-06-03 19:28:19,25,25,0,41,12.503,62.666
2026-06-03 19:33:19,20,20,0,4,12.578,60.522
2026-06-03 19:38:19,16,20,0,13,12.53,60.503
2026-06-03 19:43:19,21,24,0,22,12.369,62.32
2026-06-03 19:48:19,17,20,0,23,12.586,61.535
2026-06-03 19:53:19,33,34,0,84,12.407,62.12
2026-06-03 19:58:19,21,22,0,76,12.268,63.867
2026-06-03 20:03:29,22,24,0,15,12.337,60.417
2026-06-03 20:08:19,22,26,0,31,11.942,62.454
2026-06-03 20:13:19,26,28,0,28,12.1,62.555
2026-06-03 20:18:19,28,29,0,26,12.086,60.915
2026-06-03 20:23:19,27,27,0,21,11.969,61.683
2026-06-03 20:28:19,28,29,0,28,11.851,63.398
2026-06-03 20:33:20,31,34,0,78,11.806,64.356
2026-06-03 20:38:19,26,28,0,74,11.897,64.108
2026-06-03 20:43:28,26,27,0,81,11.616,65.7
2026-06-03 20:48:19,37,42,0,141,11.253,67.329
2026-06-03 20:53:20,46,55,0,216,11.072,66.173
2026-06-03 20:58:40,48,60,0,115,11.16,64.42
2026-06-03 21:03:20,42,54,0,80,11.093,65.159
2026-06-03 21:08:19,36,40,0,75,11.088,64.314
2026-06-03 21:13:20,34,38,0,28,10.895,65.563
2026-06-03 21:18:20,33,33,0,27,10.874,65.466
2026-06-03 21:23:20,26,30,0,17,11.072,63.726
2026-06-03 21:28:20,33,38,0,35,10.943,64.727
2026-06-03 21:33:20,36,41,0,62,10.874,64.399
2026-06-03 21:38:20,47,57,0,150,10.711,67.173
2026-06-03 21:43:21,38,44,0,69,10.65,67.415
2026-06-03 21:48:20,47,58,0,132,10.527,66.385
2026-06-03 21:53:20,38,43,0,102,10.746,66.641
2026-06-03 21:58:38,45,53,0,130,10.7,66.169
2026-06-03 22:08:20,48,59,0,149,10.505,68.334
2026-06-03 22:13:20,52,65,0,190,10.305,67.074
2026-06-03 22:18:20,30,36,0,51,10.519,66.324
2026-06-03 22:23:21,29,32,0,52,10.297,66.86
2026-06-03 22:28:20,35,41,0,113,10.348,66.663
2026-06-03 22:33:20,53,65,0,213,10.11,67.692
2026-06-03 22:38:20,26,30,0,58,10.321,67.999
2026-06-03 22:43:20,29,31,0,69,10.033,68.813
2026-06-03 22:48:20,38,44,0,99,9.841,69.269
2026-06-03 22:53:21,46,55,0,111,10.062,66.944
2026-06-03 22:58:20,29,30,0,47,10.06,67.686
2026-06-03 23:03:20,48,57,0,149,9.993,67.705
2026-06-03 23:08:28,30,33,0,123,9.71,71.23
2026-06-03 23:13:20,34,38,0,194,9.857,70.038
2026-06-03 23:18:21,38,41,0,111,9.715,68.317
2026-06-03 23:23:20,42,51,0,175,9.64,70.049
2026-06-03 23:28:21,32,34,0,53,9.608,68.872
2026-06-03 23:33:21,33,35,0,40,9.664,68.3
2026-06-03 23:38:21,22,26,0,31,9.883,66.024
2026-06-03 23:43:29,20,22,0,66,9.907,67.901
2026-06-03 23:48:21,18,21,0,70,9.68,68.706
2026-06-03 23:53:21,29,31,0,70,9.437,70.701
2026-06-03 23:58:21,23,26,0,38,9.552,68.273
2026-06-04 00:03:21,22,27,0,61,9.437,70.883
2026-06-04 00:08:21,35,40,0,102,9.261,69.862
2026-06-04 00:13:22,41,48,0,98,9.218,69.811
2026-06-04 00:18:21,36,37,0,70,9.002,70.617
2026-06-04 00:23:22,27,28,0,44,9.09,71.169
2026-06-04 00:28:22,26,27,0,79,9.184,71.659
2026-06-04 00:33:22,31,31,0,86,8.925,70.753
2026-06-04 00:38:22,39,43,0,145,8.935,70.993
2026-06-04 00:43:22,35,41,0,120,8.898,70.879
2026-06-04 00:48:21,38,42,0,97,8.759,70.343
2026-06-04 00:53:22,20,20,0,46,9.01,68.084
2026-06-04 00:58:22,21,22,0,52,9.16,67.634
2026-06-04 01:03:22,19,19,0,74,9.088,70.726
2026-06-04 01:08:22,24,27,0,40,8.615,71.022
2026-06-04 01:13:22,15,20,0,38,8.567,70.993
2026-06-04 01:18:29,19,22,0,55,8.647,71.472
2026-06-04 01:23:22,24,27,0,61,8.455,70.36
2026-06-04 01:28:22,26,29,0,62,8.297,70.986
2026-06-04 01:33:22,28,28,0,65,8.5,69.7
2026-06-04 01:38:22,23,24,0,66,8.27,71.235
2026-06-04 01:43:22,27,29,0,60,8.342,69.351
2026-06-04 01:48:22,24,28,0,49,8.153,70.522
2026-06-04 01:53:22,20,23,0,63,8.188,71.035
2026-06-04 01:58:22,24,24,0,57,8.14,70.864
2026-06-04 02:03:22,23,27,0,64,8.118,70.675
2026-06-04 02:08:22,28,29,0,70,8.15,70.53
2026-06-04 02:13:22,23,23,0,56,8.204,69.91
2026-06-04 02:18:22,19,22,0,52,8.054,72.302
2026-06-04 02:23:22,17,23,0,34,8.153,70.152
2026-06-04 02:28:22,24,24,0,56,8.086,70.926
2026-06-04 02:33:22,23,27,0,61,7.99,70.427
2026-06-04 02:38:22,23,23,0,60,8.102,70.926
2026-06-04 02:43:22,23,24,0,71,8.03,72.523
2026-06-04 02:48:22,24,24,0,75,7.902,71.481
2026-06-04 02:53:22,24,24,0,80,7.611,72.523
2026-06-04 02:58:31,29,30,0,83,7.763,70.949
2026-06-04 03:03:23,28,29,0,67,7.771,71.384
2026-06-04 03:08:22,17,19,0,61,7.726,73.025
2026-06-04 03:13:24,17,20,0,19,7.686,73.57
2026-06-04 03:18:23,14,16,0,44,7.678,71.97
2026-06-04 03:23:23,24,29,0,67,7.683,73.461
2026-06-04 03:28:24,27,28,0,74,7.563,72.744
2026-06-04 03:33:23,27,27,0,72,7.25,73.566
2026-06-04 03:38:23,33,34,0,88,7.274,71.173
2026-06-04 03:43:30,27,27,0,73,7.248,71.625
2026-06-04 03:48:23,21,22,0,48,7.25,73.852
2026-06-04 03:53:24,15,17,0,46,7.117,73.992
2026-06-04 03:58:24,23,28,0,63,7.288,72.843
2026-06-04 04:03:23,17,22,0,54,6.901,74.4
2026-06-04 04:08:24,23,27,0,77,7.176,73.345
2026-06-04 04:13:23,27,29,0,80,6.975,73.408
2026-06-04 04:18:23,23,27,0,75,6.938,74.032
2026-06-04 04:23:24,30,31,0,81,6.804,73.538
2026-06-04 04:28:24,29,32,0,110,6.82,72.208
2026-06-04 04:33:30,29,31,0,64,6.612,73.488
2026-06-04 04:38:23,22,25,0,47,6.767,72.946
2026-06-04 04:43:23,21,24,0,58,6.641,73.103
2026-06-04 04:48:23,13,16,0,41,6.431,74.404
2026-06-04 04:53:23,17,21,0,44,6.532,73.61
2026-06-04 04:58:24,20,24,0,52,6.692,73.133
2026-06-04 05:03:23,11,15,0,52,6.655,72.637
2026-06-04 05:08:24,13,15,0,40,6.254,75.855
2026-06-04 05:13:24,15,16,0,50,6.532,75.548
2026-06-04 05:18:23,11,17,0,60,6.604,73.385
2026-06-04 05:23:24,15,20,0,64,6.639,74.329
2026-06-04 05:28:23,16,20,0,55,6.623,74.707
2026-06-04 05:33:24,20,24,0,54,6.441,74.312
2026-06-04 05:38:24,21,25,0,69,6.342,72.918
2026-06-04 05:43:23,25,25,0,95,6.519,72.029
2026-06-04 05:48:24,27,29,0,72,6.543,71.354
2026-06-04 05:53:23,11,17,0,52,6.278,75.889
2026-06-04 05:58:24,15,19,0,46,5.977,76.967
2026-06-04 06:03:23,16,16,0,62,6.23,74.65
2026-06-04 06:08:24,13,13,0,56,6.23,75.094
2026-06-04 06:13:25,11,11,0,4,6.265,74.11
2026-06-04 06:18:25,10,11,0,41,6.366,73.868
2026-06-04 06:23:24,14,15,0,42,6.39,73.154
2026-06-04 06:28:25,11,19,0,47,6.292,73.131
2026-06-04 06:33:24,14,17,0,49,6.164,74.381
2026-06-04 06:38:25,16,20,0,55,6.302,73.282
2026-06-04 06:43:25,11,13,0,56,6.484,71.249
2026-06-04 06:48:25,10,11,0,55,6.858,70.608
2026-06-04 06:53:25,10,13,0,44,6.612,72.079
2026-06-04 06:58:25,16,20,0,35,6.989,69.088
2026-06-04 07:03:25,10,11,0,55,6.842,72.792
2026-06-04 07:08:25,51,61,0,112,6.698,72.372
2026-06-04 07:13:25,30,31,0,89,6.831,71.354
2026-06-04 07:18:25,25,29,0,84,6.647,71.565
2026-06-04 07:23:25,33,35,0,94,6.487,71.152
2026-06-04 07:28:25,24,29,0,62,6.468,71.682
2026-06-04 07:33:25,16,17,0,52,6.647,70.644
2026-06-04 07:38:25,23,27,0,61,6.783,68.84
2026-06-04 07:43:25,25,30,0,55,6.455,72.906
2026-06-04 07:48:25,36,40,0,109,6.241,74.406
2026-06-04 07:53:25,34,38,0,100,6.556,73.889
2026-06-04 07:58:26,20,25,0,86,6.591,73.69
2026-06-04 08:03:25,28,28,0,99,6.748,72.077
2026-06-04 08:08:26,30,32,0,99,6.81,72.826
2026-06-04 08:13:25,30,32,0,100,7.168,68.134
2026-06-04 08:18:25,44,50,0,143,7.306,69.101
2026-06-04 08:23:25,41,44,0,137,7.557,68.046
2026-06-04 08:28:25,46,56,0,147,7.621,70.495
2026-06-04 08:33:25,52,65,0,154,7.84,67.644
2026-06-04 08:38:50,28,29,0,88,7.838,64.134
2026-06-04 08:43:25,21,23,0,65,8.62,60.777
2026-06-04 08:48:25,30,32,0,121,8.492,66.898
2026-06-04 08:53:25,28,31,0,116,8.431,67.98
2026-06-04 08:58:26,41,47,0,140,8.471,69.072
2026-06-04 09:03:25,42,47,0,151,8.305,70.713
2026-06-04 09:08:25,44,50,0,175,8.417,68.87
2026-06-04 09:13:35,47,54,0,109,8.684,68.691
2026-06-04 09:18:27,39,43,0,99,10.554,66.126
2026-06-04 09:23:26,30,30,0,92,11.819,61.573
2026-06-04 09:28:26,34,36,0,68,12.767,57.037
2026-06-04 09:33:26,34,36,0,85,11.403,58.324
2026-06-04 09:38:26,37,43,0,88,11.851,59.091
2026-06-04 09:43:26,35,38,0,61,12.3,55.961
2026-06-04 09:48:27,25,26,0,60,12.917,44.2
2026-06-04 09:53:26,27,30,0,77,13.355,47.33
2026-06-04 09:58:26,22,24,0,57,13.624,48.631
2026-06-04 10:03:27,21,22,0,71,14.07,49.652
2026-06-04 10:08:26,26,26,0,57,14.596,44.551
2026-06-04 10:13:26,19,22,0,37,14.845,42.844
2026-06-04 10:18:26,16,18,0,35,15.021,41.826
2026-06-04 10:23:26,14,14,0,35,15.486,43.06
2026-06-04 10:28:27,13,16,0,35,15.867,41.095
2026-06-04 10:33:26,18,20,0,32,16.094,38.816
2026-06-04 10:38:26,24,25,0,32,16.225,39.174
2026-06-04 10:43:27,18,20,0,16,16.353,41.324
2026-06-04 10:48:27,13,17,0,27,16.904,38.72
2026-06-04 10:53:26,17,19,0,31,17.101,39.8
2026-06-04 10:58:27,17,19,0,35,17.358,39.443
2026-06-04 11:03:27,19,22,0,29,17.625,38.932
2026-06-04 11:08:27,24,24,0,26,18.124,36.748
2026-06-04 11:13:27,26,26,0,36,18.34,35.733
2026-06-04 11:18:27,23,24,0,22,18.725,35.203
2026-06-04 11:23:27,20,20,0,14,18.468,34.761
2026-06-04 11:28:26,27,30,0,59,19.026,34.982
2026-06-04 11:33:27,20,20,0,20,19.315,34.007
2026-06-04 11:38:27,15,17,0,0,19.643,34.047
2026-06-04 11:43:27,19,19,0,8,20.378,34.423
2026-06-04 11:48:27,21,22,0,11,20.631,34.682
2026-06-04 11:53:27,11,12,0,0,21.307,37.496
2026-06-04 11:58:27,11,13,0,0,21.569,37.763
2026-06-04 12:03:27,17,17,0,19,21.996,31.915
2026-06-04 12:08:27,11,14,0,0,22.565,33.424
2026-06-04 12:13:28,10,11,0,0,22.404,35.548
2026-06-04 12:18:28,10,11,0,0,22.509,35.857
2026-06-04 12:23:28,14,17,0,0,22.858,31.676
2026-06-04 12:33:28,8,8,0,0,23.478,32.132
2026-06-04 12:38:28,7,8,0,0,23.756,31.184
2026-06-04 12:43:28,25,26,0,7,24.263,30.021
2026-06-04 12:48:28,10,10,0,0,24.493,30.131
2026-06-04 12:53:28,8,11,0,0,23.611,29.603
2026-06-04 12:58:28,11,12,0,0,23.291,29.813
2026-06-04 13:03:28,11,11,0,0,24.175,27.238
2026-06-04 13:08:28,7,10,0,0,24.61,28.35
2026-06-04 13:13:28,11,12,0,6,23.708,28.382
2026-06-04 13:18:28,18,19,0,0,23.136,29.958
2026-06-04 13:23:28,22,22,0,0,23.294,30.809
2026-06-04 13:28:28,22,22,0,0,23.47,30.421
2026-06-04 13:33:28,22,26,0,8,23.74,30.118
2026-06-04 13:38:28,19,19,0,0,23.651,29.527
2026-06-04 13:43:28,18,18,0,0,23.382,30.295
2026-06-04 13:48:28,14,15,0,25,23.443,31.627
2026-06-04 13:53:28,15,18,0,0,23.55,30.547
2026-06-04 13:58:28,17,20,0,0,23.336,31.512
2026-06-04 14:03:28,10,14,0,0,23.264,31.163
2026-06-04 14:08:28,13,14,0,1,23.411,32.273
2026-06-04 14:13:28,16,17,0,0,23.163,31.535
2026-06-04 14:18:28,9,11,0,0,24.21,29.222
2026-06-04 14:23:28,10,11,0,11,23.9,31.507
2026-06-04 14:28:28,12,16,0,0,23.254,32.857
2026-06-04 14:33:28,15,15,0,0,23.505,32.281
2026-06-04 14:38:28,19,20,0,25,24.242,32.041
2026-06-04 14:43:28,18,20,0,10,23.347,33.311
2026-06-04 14:48:29,18,18,0,16,23.286,34.305
2026-06-04 14:53:29,19,19,0,15,24.413,32.418
2026-06-04 14:58:28,22,22,0,13,24.904,32.705
2026-06-04 15:03:29,19,21,0,0,25.163,32.853
2026-06-04 15:08:29,21,22,0,0,23.806,34.631
2026-06-04 15:13:30,18,18,0,0,24.3,34.7
2026-06-04 15:18:29,22,24,0,15,23.416,37.725
2026-06-04 15:23:29,24,25,0,0,23.104,39.275
2026-06-04 15:28:29,24,26,0,0,23.288,39.68
2026-06-04 15:33:30,23,24,0,0,22.813,41.162
2026-06-04 15:38:29,21,23,0,0,22.226,42.911
2026-06-04 15:43:29,20,22,0,0,21.208,44.614
2026-06-04 15:48:30,23,23,0,11,21.991,45.73
2026-06-04 15:53:30,23,25,0,17,21.689,44.687
2026-06-04 15:58:29,19,21,0,0,20.941,46.579
2026-06-04 16:03:30,18,22,0,7,21.149,45.6
2026-06-04 16:08:29,24,25,0,4,20.872,45.289
2026-06-04 16:13:30,24,25,0,18,20.546,47.414
2026-06-04 16:18:29,28,29,0,0,19.67,49.484
2026-06-04 16:23:30,23,26,0,0,20.031,49.093
2026-06-04 16:28:29,26,29,0,8,19.654,51.416
2026-06-04 16:33:30,23,24,0,11,19.205,53.083
2026-06-04 16:38:30,27,27,0,18,19.264,52.932
2026-06-04 16:43:30,27,28,0,7,18.685,54.414
2026-06-04 16:48:29,26,27,0,0,18.733,54.245
2026-06-04 16:53:30,27,28,0,2,18.938,53.491
2026-06-04 16:58:30,32,33,0,13,18.626,54.954
2026-06-04 17:03:29,29,31,0,1,18.623,54.412
2026-06-04 17:08:30,27,31,0,25,18.503,54.897
2026-06-04 17:13:30,27,27,0,12,18.183,56.377
2026-06-04 17:18:30,36,40,0,56,18.231,56.15
2026-06-04 17:23:30,28,28,0,3,18.164,56.055
2026-06-04 17:28:30,27,28,0,0,18.054,56.415
2026-06-04 17:33:29,26,27,0,176,17.459,58.334
2026-06-04 17:38:30,26,27,0,3,17.689,56.573
2026-06-04 17:43:30,28,29,0,4,17.534,57.891
2026-06-04 17:48:30,27,29,0,10,17.032,60.623
2026-06-04 17:53:30,32,33,0,18,16.962,60.918
2026-06-04 17:58:30,29,34,0,49,17.026,61.054
2026-06-04 18:03:39,34,39,0,86,16.602,62.326
2026-06-04 18:08:30,34,37,0,73,16.102,63.722
2026-06-04 18:13:31,32,35,0,37,15.59,65.527
2026-06-04 18:18:31,28,35,0,27,15.096,67.035
2026-06-04 18:23:31,42,51,0,54,14.933,67.663
2026-06-04 18:28:31,33,38,0,56,14.909,67.98
2026-06-04 18:33:31,31,35,0,64,14.5,69.454
2026-06-04 18:38:39,32,35,0,43,14.164,70.881
2026-06-04 18:43:52,34,36,0,60,13.894,71.804
2026-06-04 18:48:31,34,37,0,58,13.742,72.752
2026-06-04 18:53:31,32,36,0,56,13.555,73.341
2026-06-04 18:58:39,31,33,0,43,13.275,73.988
2026-06-04 19:03:31,63,79,0,70,13.141,74.644
2026-06-04 19:08:32,35,42,0,48,13.192,75.025
2026-06-04 19:13:31,44,53,0,87,13.146,75.203
2026-06-04 19:18:31,36,42,0,230,13.106,74.238
2026-06-04 19:23:31,43,50,0,60,12.992,74.871
2026-06-04 19:28:31,50,62,0,68,12.794,76.069
2026-06-04 19:33:31,39,46,0,109,12.724,76.092
2026-06-04 19:38:31,36,41,0,57,12.626,76.28
2026-06-04 19:43:32,46,55,0,187,12.206,77.6
2026-06-04 19:48:31,39,45,0,36,12.017,78.257
2026-06-04 19:53:31,37,43,0,44,11.766,78.907
2026-06-04 19:58:31,38,42,0,39,11.59,79.887
2026-06-04 20:03:31,39,45,0,42,11.638,80.234
2026-06-04 20:08:38,39,43,0,46,11.787,79.855
2026-06-04 20:13:31,36,42,0,36,11.579,80.002
2026-06-04 20:18:31,48,59,0,103,11.379,79.664
2026-06-04 20:23:31,40,47,0,159,11.221,80.185
2026-06-04 20:28:31,40,44,0,152,11.461,79.937
2026-06-04 20:33:31,40,48,0,55,11.392,81.547
2026-06-04 20:38:32,34,40,0,70,11.28,81.081
2026-06-04 20:43:31,41,48,0,103,11.061,82.054
2026-06-04 20:48:32,54,69,0,75,11.029,83.727
2026-06-04 20:53:31,39,45,0,43,11.101,83.351
2026-06-04 20:58:31,37,42,0,43,11.162,82.647
2026-06-04 21:03:31,39,44,0,50,10.826,82.844
2026-06-04 21:08:32,47,56,0,67,10.735,83.839
2026-06-04 21:13:33,39,44,0,67,10.543,84.024
2026-06-04 21:18:33,41,50,0,49,10.439,85.184
2026-06-04 21:23:32,38,42,0,47,10.473,85.173
2026-06-04 21:28:41,38,44,0,35,10.449,85.302
2026-06-04 21:33:33,38,43,0,47,10.447,84.091
2026-06-04 21:38:32,39,47,0,81,10.367,84.417
2026-06-04 21:43:33,39,43,0,86,10.385,83.349
2026-06-04 21:48:32,40,47,0,106,10.169,84.087
2026-06-04 21:53:32,42,52,0,95,9.993,86.496
2026-06-04 21:58:33,38,44,0,47,10.217,86.903
2026-06-04 22:03:33,38,45,0,31,10.145,87.044
2026-06-04 22:08:32,37,42,0,60,10.129,85.745
2026-06-04 22:13:33,38,45,0,46,9.774,88.56
2026-06-04 22:18:32,37,41,0,79,9.883,86.241
2026-06-04 22:23:33,40,47,0,86,9.571,87.404
2026-06-04 22:28:32,38,45,0,70,9.515,87.601
2026-06-04 22:33:33,55,67,0,93,9.451,88.522
2026-06-04 22:38:33,72,86,0,135,9.461,88.589
2026-06-04 22:43:32,47,54,0,81,9.405,88.923
2026-06-04 22:48:33,74,86,0,146,9.6,88.284
2026-06-04 22:53:33,54,67,0,114,9.448,89.426
2026-06-04 22:58:43,46,55,0,73,9.517,89.462
2026-06-04 23:03:32,42,53,0,62,9.355,90.242
2026-06-04 23:08:33,63,79,0,116,9.427,90.326
2026-06-04 23:13:33,77,88,0,156,9.552,87.79
2026-06-04 23:18:33,50,59,0,89,9.72,89.165
2026-06-04 23:23:33,48,57,0,65,9.875,92.22
2026-06-04 23:28:33,47,59,0,61,10.089,92.049
2026-06-04 23:33:33,49,61,0,64,10.559,91.94
2026-06-04 23:38:33,48,62,0,55,10.634,90.887
2026-06-04 23:43:33,52,66,0,43,10.746,93.063
2026-06-04 23:48:33,57,71,0,81,10.845,91.147
2026-06-04 23:53:33,50,62,0,70,10.65,91.91
2026-06-04 23:58:33,53,65,0,61,11.034,90.908
2026-06-05 00:03:33,52,64,0,74,11.04,90.899
2026-06-05 00:08:33,53,66,0,76,11.09,90.305
2026-06-05 00:13:34,53,66,0,100,11.056,90.075
2026-06-05 00:18:34,53,70,0,106,11.245,89.348
2026-06-05 00:23:34,53,66,0,69,11.248,89.254
2026-06-05 00:28:34,52,65,0,73,11.264,88.974
2026-06-05 00:33:34,52,65,0,66,11.205,89.298
2026-06-05 00:38:34,53,66,0,87,11.405,87.82
2026-06-05 00:43:35,50,65,0,80,11.277,88.722
2026-06-05 00:48:34,53,66,0,71,11.061,89.624
2026-06-05 00:53:34,52,65,0,43,11.229,90.105
2026-06-05 00:58:34,48,62,0,47,11.216,90.181
2026-06-05 01:03:34,49,64,0,48,11.005,91.395
2026-06-05 01:08:34,50,60,0,41,11.181,90.363
2026-06-05 01:13:34,52,64,0,32,11.101,91.038
2026-06-05 01:18:34,49,64,0,51,11.307,89.975
2026-06-05 01:23:34,52,63,0,41,11.181,90.286
2026-06-05 01:28:34,49,62,0,47,11.339,89.823
2026-06-05 01:33:34,48,57,0,30,11.627,88.656
2026-06-05 01:38:34,47,57,0,44,11.777,87.559
2026-06-05 01:43:34,46,57,0,45,11.766,87.568
2026-06-05 01:48:35,48,59,0,50,11.878,87.074
2026-06-05 01:53:34,46,57,0,55,12.006,86.311
2026-06-05 01:58:34,45,54,0,56,11.785,87.29
2026-06-05 02:03:34,48,60,0,72,12.044,86.018
2026-06-05 02:08:44,46,58,0,68,12.006,86.037
2026-06-05 02:13:34,47,59,0,102,11.921,85.907
2026-06-05 02:18:34,48,60,0,71,11.755,85.245
2026-06-05 02:23:34,51,64,0,69,11.485,85.636
2026-06-05 02:28:35,50,63,0,98,11.627,84.175
2026-06-05 02:33:34,52,64,0,100,11.515,84.179
2026-06-05 02:38:34,52,65,0,94,11.258,85.838
2026-06-05 02:43:34,49,63,0,88,11.336,84.978
2026-06-05 02:48:35,50,62,0,86,11.384,84.427
2026-06-05 02:53:34,48,61,0,74,11.333,84.236
2026-06-05 02:58:35,50,61,0,87,11.106,85.068
2026-06-05 03:03:35,51,64,0,82,11.061,84.282
2026-06-05 03:08:34,48,58,0,92,10.925,84.654
2026-06-05 03:13:35,51,63,0,114,10.554,86.088
2026-06-05 03:18:36,51,63,0,96,10.623,85.85
2026-06-05 03:23:36,47,58,0,93,10.719,85.32
2026-06-05 03:28:36,50,61,0,83,10.415,86.09
2026-06-05 03:33:36,51,65,0,98,10.481,85.495
2026-06-05 03:38:35,50,61,0,152,10.468,85.051
2026-06-05 03:43:36,51,64,0,118,9.865,86.731
2026-06-05 03:48:35,50,62,0,109,10.254,85.533
2026-06-05 03:53:36,49,61,0,99,10.385,85.659
2026-06-05 03:58:36,51,65,0,82,10.289,87.814
2026-06-05 04:03:36,50,62,0,77,10.34,88.03
2026-06-05 04:08:35,52,65,0,93,10.337,87.32
2026-06-05 04:13:36,49,62,0,78,9.411,92.274
2026-06-05 04:18:36,52,65,0,85,10.043,89.773
2026-06-05 04:23:36,50,63,0,92,10.246,88.438
2026-06-05 04:28:35,49,63,0,91,10.182,88.175
2026-06-05 04:33:36,52,68,0,84,10.078,88.108
2026-06-05 04:38:35,51,65,0,92,10.108,87.954
2026-06-05 04:43:36,52,66,0,91,10.073,88.202
2026-06-05 04:48:36,49,64,0,84,9.651,90.55
2026-06-05 04:53:36,50,63,0,95,9.891,89.529
2026-06-05 04:58:36,52,67,0,104,10.03,88.789
2026-06-05 05:03:36,50,63,0,98,10.142,88.392
2026-06-05 05:08:36,49,65,0,91,9.64,89.565
2026-06-05 05:13:36,50,62,0,85,9.846,88.703
2026-06-05 05:18:36,48,59,0,98,9.678,90.012
2026-06-05 05:23:36,48,63,0,81,9.224,92.833
2026-06-05 05:28:36,48,61,0,89,9.464,89.842
2026-06-05 05:33:36,52,65,0,119,8.901,91.354
2026-06-05 05:38:36,53,67,0,124,9.013,92.205
2026-06-05 05:43:36,54,68,0,138,9.106,88.068
2026-06-05 05:48:36,55,69,0,122,8.404,88.362
2026-06-05 05:53:36,55,70,0,153,8.62,86.542
2026-06-05 05:58:36,55,70,0,148,8.639,87.4
2026-06-05 06:03:37,56,69,0,138,8.644,87.376
2026-06-05 06:08:36,56,69,0,133,8.457,86.975
2026-06-05 06:13:37,57,72,0,155,8.225,87.166
2026-06-05 06:18:37,55,72,0,139,8.305,86.725
2026-06-05 06:23:37,80,90,0,335,8.519,86.559
2026-06-05 06:28:37,64,80,0,154,8.481,86.639
2026-06-05 06:33:37,58,74,0,174,8.529,86.857
2026-06-05 06:38:37,57,73,0,124,8.441,87.677
2026-06-05 06:43:37,56,69,0,104,8.22,90.218
2026-06-05 06:48:37,51,65,0,87,8.407,90.353
2026-06-05 06:53:37,51,64,0,99,8.711,89.272
2026-06-05 06:58:37,42,52,0,89,8.58,90.075
2026-06-05 07:03:37,43,54,0,91,8.634,90.563
2026-06-05 07:08:38,54,66,0,131,8.604,90.561
2026-06-05 07:13:37,51,65,0,119,8.735,90.508
2026-06-05 07:18:37,56,70,0,144,8.642,90.361
2026-06-05 07:23:37,56,70,0,137,8.479,90.649
2026-06-05 07:28:37,54,66,0,138,8.409,90.635
2026-06-05 07:33:37,52,64,0,133,8.596,89.304
2026-06-05 07:38:37,63,81,0,188,8.529,88.305
2026-06-05 07:43:37,62,76,0,170,8.585,88.53
2026-06-05 07:48:37,65,81,0,183,8.513,89.087
2026-06-05 07:53:37,55,71,0,169,7.75,88.709
2026-06-05 07:58:38,54,66,0,147,7.776,88.31
2026-06-05 08:03:38,56,73,0,148,7.413,90.46
2026-06-05 08:08:38,58,74,0,144,7.274,90.826
2026-06-05 08:13:38,55,69,0,133,7.584,89.569
2026-06-05 08:18:37,56,71,0,143,7.827,89.392
2026-06-05 08:23:38,54,67,0,171,7.905,88.699
2026-06-05 08:28:38,58,72,0,127,8.022,88.354
2026-06-05 08:33:38,55,67,0,151,8.017,88.78
2026-06-05 08:38:38,56,69,0,151,8.03,88.928
2026-06-05 08:43:38,59,73,0,206,7.955,90.048
2026-06-05 08:48:37,57,70,0,141,8.326,87.406
2026-06-05 08:53:38,57,74,0,164,8.623,87.168
2026-06-05 08:58:46,59,75,0,141,8.925,86.189
2026-06-05 09:03:38,58,74,0,154,8.468,88.368
2026-06-05 09:08:38,82,92,0,176,8.911,87.61
2026-06-05 09:13:39,60,75,0,164,9.192,86.239
2026-06-05 09:18:51,60,74,0,141,9.031,86.21
2026-06-05 09:23:39,75,88,0,154,9.568,84.778
2026-06-05 09:29:00,67,82,0,141,9.849,83.958
2026-06-05 09:33:38,58,73,0,107,9.822,84.227
2026-06-05 09:38:39,56,73,0,111,9.915,83.122
2026-06-05 09:43:39,56,70,0,114,10.196,81.446
2026-06-05 09:48:38,55,71,0,92,10.18,81.158
2026-06-05 09:53:39,55,65,0,109,10.511,81.9
2026-06-05 09:58:39,56,71,0,114,10.409,81.707
2026-06-05 10:03:39,58,74,0,171,10.228,82.188
2026-06-05 10:08:39,61,77,0,154,10.81,79.616
2026-06-05 10:13:39,56,71,0,99,11.576,75.605
2026-06-05 10:18:38,57,71,0,107,11.841,75.142
2026-06-05 10:23:39,54,69,0,81,12.188,71.615
2026-06-05 10:28:39,54,69,0,85,12.658,69.103
2026-06-05 10:33:39,54,68,0,82,12.698,68.166
2026-06-05 10:38:39,78,85,0,120,12.692,69.298
2026-06-05 10:43:39,53,68,0,77,13.122,68.519
2026-06-05 10:48:39,52,66,0,70,13.659,67.476
2026-06-05 10:53:39,56,69,0,99,14.004,64.659
2026-06-05 10:58:39,49,61,0,60,14.022,61.721
2026-06-05 11:03:39,52,67,0,48,14.161,61.02
2026-06-05 11:08:39,50,61,0,38,14.845,58.597
2026-06-05 11:13:48,49,61,0,49,15.259,57.64
2026-06-05 11:18:39,48,60,0,58,15.2,58.963
2026-06-05 11:23:39,49,60,0,50,15.333,58.422
2026-06-05 11:28:39,46,58,0,45,15.985,55.685
2026-06-05 11:33:39,49,60,0,37,15.203,57.403
2026-06-05 11:38:39,47,58,0,52,15.99,56.915
2026-06-05 11:43:39,48,59,0,43,16.006,56.407
2026-06-05 11:48:39,47,58,0,24,16.375,55.86
2026-06-05 11:53:39,50,63,0,38,16.783,54.96
2026-06-05 11:58:39,50,63,0,21,16.922,54.313
2026-06-05 12:03:39,50,61,0,42,17.683,53.945
2026-06-05 12:08:39,51,62,0,39,17.366,55.114
2026-06-05 12:13:40,51,63,0,19,17.4,56.095
2026-06-05 12:18:40,47,60,0,51,16.329,60.745
2026-06-05 12:23:40,50,63,0,33,17.219,57.899
2026-06-05 12:28:40,46,57,0,44,16.217,60.482
2026-06-05 12:33:40,43,52,0,18,15.774,61.626
2026-06-05 12:38:40,46,56,0,40,16.297,61.962
2026-06-05 12:43:40,47,56,0,44,16.957,61.189
2026-06-05 12:48:41,45,55,0,22,16.159,64.041
2026-06-05 12:53:40,45,55,0,16,16.46,63.474
2026-06-05 12:58:41,44,54,0,13,15.862,65.231
2026-06-05 13:03:40,41,50,0,16,15.424,66.993
2026-06-05 13:08:40,41,54,0,13,15.563,65.971
2026-06-05 13:13:40,42,51,0,5,15.061,67.753
2026-06-05 13:18:40,44,54,0,37,16.444,63.966
2026-06-05 13:23:40,44,54,0,32,16.255,63.984
2026-06-05 13:28:41,44,53,0,68,15.862,65.698
2026-06-05 13:33:41,42,52,0,1,15.307,66.744
2026-06-05 13:38:40,43,51,0,9,15.873,65.109
2026-06-05 13:43:44,42,52,0,10,15.763,65.22
2026-06-05 13:48:40,43,55,0,37,16.677,62.936
2026-06-05 13:53:41,43,52,0,22,16.807,62.652
2026-06-05 13:58:41,44,53,0,9,16.709,62.977
2026-06-05 14:03:40,44,52,0,0,16.212,63.604
2026-06-05 14:08:41,45,55,0,0,16.725,61.399
2026-06-05 14:13:40,44,54,0,3,16.888,61.67
2026-06-05 14:18:40,48,62,0,15,17.574,59.812
2026-06-05 14:23:40,45,53,0,9,17.016,60.566
2026-06-05 14:28:41,43,53,0,16,18.004,58.225
2026-06-05 14:33:40,41,50,0,8,16.637,61.256
2026-06-05 14:38:41,46,56,0,41,17.518,60.236
2026-06-05 14:43:40,44,53,0,11,17.988,58.521
2026-06-05 14:48:41,42,53,0,37,17.454,60.699
2026-06-05 14:53:41,41,49,0,5,18.348,57.861
2026-06-05 14:58:40,41,49,0,35,18.068,58.681
2026-06-05 15:03:41,42,52,0,27,18.495,58.075
2026-06-05 15:08:40,41,49,0,41,18.922,56.396
2026-06-05 15:13:42,40,48,0,33,18.5,57.817
2026-06-05 15:18:42,43,51,0,42,18.762,57.396
2026-06-05 15:23:42,42,52,0,16,18.079,59.375
2026-06-05 15:28:42,40,49,0,34,17.662,59.352
2026-06-05 15:33:42,40,49,0,11,17.232,61.508
2026-06-05 15:38:42,40,50,0,0,16.426,64.628
2026-06-05 15:43:42,41,50,0,8,17.235,62.532
2026-06-05 15:48:42,41,50,0,5,16.394,65.34
2026-06-05 15:53:42,40,49,0,11,16.663,64.741
2026-06-05 15:58:42,42,50,0,15,16.73,64.333
2026-06-05 16:03:42,41,50,0,10,16.068,65.994
2026-06-05 16:08:42,40,47,0,7,15.918,66.665
2026-06-05 16:13:42,39,47,0,29,15.873,67.104
2026-06-05 16:18:42,42,50,0,4,15.95,66.303
2026-06-05 16:23:42,45,54,0,52,16.343,65.628
2026-06-05 16:28:42,42,51,0,38,16.172,66.993
2026-06-05 16:33:42,42,51,0,10,15.595,67.747
2026-06-05 16:38:42,40,51,0,45,16.183,66.408
2026-06-05 16:43:42,41,49,0,36,15.584,68.611
2026-06-05 16:48:42,41,50,0,12,15.526,68.065
2026-06-05 16:53:42,43,53,0,10,15.24,68.477
2026-06-05 16:58:42,41,51,0,6,15.397,67.716
2026-06-05 17:03:42,41,50,0,22,15.349,68.245
2026-06-05 17:08:42,40,49,0,52,15.253,69.441
2026-06-05 17:13:42,43,53,0,51,15.096,69.896
2026-06-05 17:18:42,41,49,0,64,14.952,70.6
2026-06-05 17:23:42,43,52,0,38,14.639,71.834
2026-06-05 17:28:42,44,53,0,96,14.524,71.955
2026-06-05 17:33:42,44,54,0,104,14.538,72.265
2026-06-05 17:38:42,43,52,0,60,14.588,71.745
2026-06-05 17:43:42,42,49,0,110,14.118,73.496
2026-06-05 17:48:51,41,50,0,84,14.07,73.702
2026-06-05 17:53:42,42,51,0,52,13.782,74.89
2026-06-05 17:58:42,43,53,0,77,13.801,74.713
2026-06-05 18:03:42,42,51,0,37,13.595,75.153
2026-06-05 18:09:03,44,54,0,50,13.584,75.235
2026-06-05 18:13:43,41,51,0,44,13.667,74.974
2026-06-05 18:18:43,41,51,0,65,13.865,74.261
2026-06-05 18:23:44,94,101,0,125,13.614,75.426
2026-06-05 18:28:43,46,56,0,37,13.347,76.088
2026-06-05 18:33:43,41,52,0,57,13.419,75.926
2026-06-05 18:38:43,41,51,0,59,13.291,76.864
2026-06-05 18:43:43,38,46,0,22,13.325,76.58
2026-06-05 18:48:43,38,45,0,22,13.146,77.44
2026-06-05 18:53:43,33,39,0,12,13.235,77.499
2026-06-05 18:58:49,35,39,0,17,12.885,79.092
2026-06-05 19:03:43,32,36,0,26,13.192,77.869
2026-06-05 19:08:43,33,33,0,27,13.237,77.831
2026-06-05 19:13:43,29,33,0,19,12.97,78.76
2026-06-05 19:19:04,32,38,0,54,12.978,78.707
2026-06-05 19:23:44,36,42,0,70,13.04,78.356
2026-06-05 19:28:43,35,38,0,47,13.002,78.718
2026-06-05 19:33:43,35,38,0,83,12.919,78.941
2026-06-05 19:38:44,35,37,0,69,13.013,78.541
2026-06-05 19:43:43,44,54,0,158,12.273,81.446
2026-06-05 19:48:44,36,44,0,64,12.639,80.025
2026-06-05 19:53:43,38,50,0,89,12.58,80.034
2026-06-05 19:58:44,40,51,0,115,12.666,79.735
2026-06-05 20:03:44,41,52,0,131,12.449,80.646
2026-06-05 20:08:44,32,36,0,76,12.057,82.306
2026-06-05 20:13:44,39,46,0,121,12.417,81.037
2026-06-05 20:18:43,38,44,0,84,12.46,80.681
2026-06-05 20:23:44,39,45,0,122,12.524,80.458
2026-06-05 20:28:44,41,50,0,166,11.995,82.724
2026-06-05 20:33:43,39,43,0,84,12.097,82.149
2026-06-05 20:38:45,39,45,0,98,12.401,80.833
2026-06-05 20:43:51,45,51,0,127,12.02,82.573
2026-06-05 20:48:44,46,55,0,139,12.129,82.745
2026-06-05 20:53:44,40,48,0,92,12.049,82.567
2026-06-05 20:58:44,44,53,0,117,12.327,81.325
2026-06-05 21:03:44,43,52,0,112,12.348,81.236
2026-06-05 21:08:44,47,55,0,145,12.238,81.608
2026-06-05 21:13:45,51,64,0,225,11.798,83.546
2026-06-05 21:18:45,52,63,0,202,12.036,82.064
2026-06-05 21:23:45,52,63,0,123,11.945,82.228
2026-06-05 21:28:45,45,55,0,106,11.931,82.094
2026-06-05 21:33:45,40,50,0,61,11.635,83.281
2026-06-05 21:38:45,51,63,0,169,11.579,83.338
2026-06-05 21:43:45,44,53,0,124,11.83,82.371
2026-06-05 21:48:45,42,51,0,93,11.622,82.842
2026-06-05 21:53:45,41,52,0,96,11.643,82.798
2026-06-05 21:58:53,44,55,0,114,11.675,82.134
2026-06-05 22:03:45,59,74,0,258,11.189,84.154
2026-06-05 22:08:45,56,70,0,179,11.053,84.719
2026-06-05 22:13:45,48,59,0,134,11.368,83.775
2026-06-05 22:18:45,55,68,0,2116,11.344,83.841
2026-06-05 22:23:45,41,47,0,37,11.005,85.207
2026-06-05 22:28:45,42,51,0,28,10.981,85.459
2026-06-05 22:33:45,48,58,0,122,10.786,86.235
2026-06-05 22:38:45,41,46,0,42,11.09,85.327
2026-06-05 22:43:45,40,48,0,32,11.074,86.086
2026-06-05 22:48:45,40,46,0,67,11.173,84.875
2026-06-05 22:53:45,42,52,0,31,11.202,85.081
2026-06-05 22:58:45,42,52,0,93,11.066,84.496
2026-06-05 23:03:45,48,62,0,121,10.922,85.058
2026-06-05 23:08:45,46,55,0,108,10.986,85.033
2026-06-05 23:13:45,45,53,0,67,10.778,85.621
2026-06-05 23:18:45,41,52,0,64,10.756,86.269
2026-06-05 23:23:45,40,52,0,88,10.756,85.484
2026-06-05 23:28:45,47,55,0,182,10.674,84.826
2026-06-05 23:33:45,56,70,0,198,10.308,86.077
2026-06-05 23:38:45,47,60,0,103,10.142,86.489
2026-06-05 23:43:45,51,60,0,116,10.009,87.708
2026-06-05 23:48:45,50,62,0,111,10.145,87.078
2026-06-05 23:53:45,52,62,0,101,10.156,87.343
2026-06-05 23:58:46,48,60,0,134,10.068,87.572
2026-06-06 00:03:45,50,62,0,93,9.99,86.805
2026-06-06 00:08:45,49,60,0,92,9.854,87.637
2026-06-06 00:13:46,51,61,0,141,9.704,88.57
2026-06-06 00:18:46,50,62,0,111,9.75,88.678
2026-06-06 00:23:47,49,58,0,89,9.814,88.163
2026-06-06 00:28:46,48,60,0,74,9.515,88.942
2026-06-06 00:33:46,48,60,0,75,9.416,89.892
2026-06-06 00:38:47,47,59,0,85,9.488,89.661
2026-06-06 00:43:46,50,59,0,56,9.411,89.272
2026-06-06 00:48:46,47,57,0,64,9.352,89.466
2026-06-06 00:53:46,45,56,0,68,9.154,89.666
2026-06-06 00:58:46,43,57,0,58,9.25,89.13
2026-06-06 01:04:07,45,53,0,68,9.096,88.491
2026-06-06 01:08:46,51,63,0,97,9.149,87.147
2026-06-06 01:13:47,43,53,0,82,9.047,88.865
2026-06-06 01:18:47,43,54,0,48,9.021,89.42
2026-06-06 01:23:47,45,56,0,83,9.031,87.872
2026-06-06 01:28:56,44,54,0,80,9.253,87.282
2026-06-06 01:33:47,91,100,0,139,9.037,87.98
2026-06-06 01:38:47,47,56,0,84,8.818,88.219
2026-06-06 01:43:47,43,57,0,76,8.845,89.653
2026-06-06 01:48:46,45,56,0,55,8.877,88.692
2026-06-06 01:53:47,43,56,0,69,8.708,89.193
2026-06-06 01:58:46,46,56,0,55,8.567,90.33
2026-06-06 02:03:47,43,54,0,56,8.561,89.497
2026-06-06 02:08:47,43,55,0,65,8.556,87.505
2026-06-06 02:13:47,44,55,0,75,8.286,89.249
2026-06-06 02:18:47,43,55,0,97,8.372,87.906
2026-06-06 02:23:47,49,60,0,127,8.236,87.069
2026-06-06 02:28:47,49,57,0,73,7.827,89.663
2026-06-06 02:33:47,49,63,0,89,7.803,93.151
2026-06-06 02:38:46,48,58,0,80,7.8,93.088
2026-06-06 02:43:47,49,60,0,72,7.998,92.905
2026-06-06 02:48:46,50,63,0,79,8.132,92.808
2026-06-06 02:53:47,52,62,0,80,8.407,91.919
2026-06-06 02:58:46,54,68,0,88,8.591,92.407
2026-06-06 03:03:47,57,68,0,93,8.561,91.787
2026-06-06 03:08:47,53,65,0,80,9.031,92.453
2026-06-06 03:13:48,52,67,0,97,9.085,91.585
2026-06-06 03:18:48,49,63,0,87,8.978,91.011
2026-06-06 03:23:48,50,62,0,83,9.552,89.676
2026-06-06 03:28:48,43,56,0,59,9.579,93.048
2026-06-06 03:33:48,47,59,0,62,9.8,90.981
2026-06-06 03:38:48,49,59,0,71,9.851,90.75
2026-06-06 03:43:48,46,58,0,58,10.068,90.3
2026-06-06 03:48:48,51,63,0,63,9.771,89.804
2026-06-06 03:53:48,49,59,0,63,9.83,90.674
2026-06-06 03:58:48,51,61,0,114,10.001,89.666
2026-06-06 04:03:48,50,59,0,83,9.838,89.071
2026-06-06 04:08:48,46,58,0,88,9.798,88.512
2026-06-06 04:13:48,47,58,0,59,9.843,91.541
2026-06-06 04:18:48,49,60,0,77,9.907,89.428
2026-06-06 04:23:48,50,59,0,80,10.174,88.986
2026-06-06 04:28:48,46,58,0,58,10.217,90.088
2026-06-06 04:33:48,50,62,0,81,10.286,87.858
2026-06-06 04:38:48,48,58,0,78,9.688,89.731
2026-06-06 04:43:48,49,59,0,71,9.611,91.015
2026-06-06 04:48:48,52,62,0,75,9.64,90.805
2026-06-06 04:53:48,47,58,0,90,9.646,89.716
2026-06-06 04:58:48,47,58,0,88,9.678,89.369
2026-06-06 05:03:48,47,58,0,69,10.033,89.254
2026-06-06 05:08:48,46,54,0,52,9.825,90.897
2026-06-06 05:13:48,43,54,0,60,10.014,90.159
2026-06-06 05:18:48,46,56,0,70,10.129,90.017
2026-06-06 05:23:48,45,54,0,46,10.18,90.258
2026-06-06 05:28:48,43,55,0,53,10.38,89.459
2026-06-06 05:33:48,44,54,0,60,10.423,89.291
2026-06-06 05:38:57,45,56,0,69,10.471,88.842
2026-06-06 05:43:48,43,55,0,84,10.61,88.064
2026-06-06 05:48:48,48,57,0,91,10.521,87.051
2026-06-06 05:53:49,45,55,0,78,10.508,86.885
2026-06-06 05:58:48,46,55,0,78,10.433,86.865
2026-06-06 06:03:48,48,58,0,86,10.305,88.005
2026-06-06 06:08:48,46,58,0,86,10.222,88.179
2026-06-06 06:13:50,47,58,0,108,9.806,90.208
2026-06-06 06:18:49,48,59,0,98,9.843,89.253
2026-06-06 06:23:50,48,59,0,104,10.172,87.868
2026-06-06 06:28:49,48,58,0,93,10.126,88.06
2026-06-06 06:33:50,48,60,0,99,10.057,88.215
2026-06-06 06:38:50,45,56,0,84,10.126,87.729
2026-06-06 06:43:49,46,57,0,94,10.172,87.204
2026-06-06 06:48:50,49,59,0,86,9.675,89.443
2026-06-06 06:53:49,43,55,0,80,9.897,88.047
2026-06-06 06:58:50,51,63,0,110,9.963,87.536
2026-06-06 07:03:50,47,59,0,83,9.897,87.227
2026-06-06 07:08:49,50,63,0,94,9.857,86.905
2026-06-06 07:13:59,50,59,0,93,9.253,89.983
2026-06-06 07:18:50,49,64,0,107,9.443,89.174
2026-06-06 07:23:49,49,59,0,112,9.504,88.371
2026-06-06 07:28:49,51,64,0,98,9.464,88.306
2026-06-06 07:33:49,50,61,0,97,9.493,88.598
2026-06-06 07:38:49,55,68,0,106,9.162,88.398
2026-06-06 07:43:50,55,69,0,126,9.184,89.998
2026-06-06 07:48:50,55,70,0,118,9.047,90.717
2026-06-06 07:53:50,54,68,0,116,9.322,89.655
2026-06-06 07:58:49,50,62,0,93,9.309,90.683
2026-06-06 08:03:50,50,64,0,120,9.437,89.443
2026-06-06 08:08:50,59,74,0,168,9.432,88.207
2026-06-06 08:13:50,62,79,0,151,9.373,89.195
2026-06-06 08:18:50,61,77,0,183,9.4,88.663
2026-06-06 08:23:50,63,80,0,142,9.464,88.575
2026-06-06 08:28:49,110,123,0,183,9.616,87.805
2026-06-06 08:33:50,88,96,0,162,9.448,88.675
2026-06-06 08:38:49,103,110,0,198,8.989,90.693
2026-06-06 08:43:50,101,105,0,156,9.576,89.544
2026-06-06 08:48:50,73,88,0,187,9.712,88.078
2026-06-06 08:53:50,61,74,0,125,9.915,87.143
2026-06-06 08:58:50,54,67,0,108,10.062,86.197
2026-06-06 09:03:50,57,73,0,124,10.23,85.69
2026-06-06 09:08:50,56,69,0,119,10.292,85.545
2026-06-06 09:13:51,65,80,0,158,10.447,85.781
2026-06-06 09:18:51,72,87,0,135,10.714,85.075
2026-06-06 09:23:51,65,80,0,130,11.002,84.745
2026-06-06 09:28:51,79,88,0,139,11.264,84.925
2026-06-06 09:34:00,89,96,0,154,11.264,85.159
2026-06-06 09:38:51,67,81,0,122,11.104,84.435
2026-06-06 09:43:51,74,85,0,155,11.384,84.269
2026-06-06 09:48:51,74,87,0,121,11.608,84.972
2026-06-06 09:53:58,67,81,0,109,12.07,84.061
2026-06-06 09:58:51,61,77,0,128,12.046,84.162
2026-06-06 10:03:51,64,79,0,149,12.353,82.769
2026-06-06 10:08:58,57,73,0,116,12.554,80.778
2026-06-06 10:13:51,59,75,0,121,12.452,81.726
2026-06-06 10:19:01,56,70,0,130,12.754,80.795
2026-06-06 10:23:51,54,70,0,99,12.821,81.184
2026-06-06 10:28:51,52,66,0,74,12.815,79.531
2026-06-06 10:33:51,48,58,0,65,13.421,76.731
2026-06-06 10:38:51,52,66,0,68,13.291,78.15
2026-06-06 10:43:51,55,69,0,73,13.71,77.247
2026-06-06 10:48:51,52,68,0,71,14.188,75.165
2026-06-06 10:53:52,52,64,0,52,13.568,75.93
2026-06-06 10:59:12,54,67,0,65,13.472,77.959
2026-06-06 11:03:51,50,64,0,86,14.076,75.922
2026-06-06 11:08:59,50,64,0,55,13.793,76.012
2026-06-06 11:13:51,50,65,0,69,14.522,73.923
2026-06-06 11:18:51,50,63,0,43,14.895,71.228
2026-06-06 11:24:01,51,65,0,54,15.018,70.556
2026-06-06 11:28:51,49,61,0,67,14.236,72.941
2026-06-06 11:33:51,50,61,0,31,15.179,69.727
2026-06-06 11:38:51,49,58,0,35,14.879,71.436
2026-06-06 11:43:51,50,64,0,42,15.755,68.765
2026-06-06 11:48:51,48,60,0,30,16.054,66.206
2026-06-06 11:53:51,49,61,0,20,15.141,68.447
2026-06-06 11:58:51,49,62,0,28,16.978,65.332
2026-06-06 12:03:52,50,62,0,30,17.291,63.232
2026-06-06 12:08:52,49,62,0,15,16.524,64.869
2026-06-06 12:13:52,49,61,0,22,17.56,62.78
2026-06-06 12:18:52,48,60,0,18,17.819,62.074
2026-06-06 12:23:52,47,62,0,15,17.699,61.916
2026-06-06 12:28:53,48,60,0,8,17.141,63.032
2026-06-06 12:33:53,49,59,0,4,17.934,60.304
2026-06-06 12:38:53,46,56,0,4,17.913,60.657
2026-06-06 12:43:53,46,58,0,1,17.801,60.703
2026-06-06 12:48:53,46,59,0,3,18.452,59.291
2026-06-06 12:53:53,46,58,0,0,18.335,59.909
2026-06-06 12:58:53,47,57,0,0,18.709,57.851
2026-06-06 13:03:52,47,58,0,0,18.471,56.924
2026-06-06 13:08:53,47,58,0,0,19.189,57.209
2026-06-06 13:13:52,46,58,0,0,19.152,56.795
2026-06-06 13:18:53,44,53,0,0,18.949,53.863
2026-06-06 13:23:53,45,55,0,0,19.197,54.199
2026-06-06 13:28:53,46,57,0,0,19.096,54.769
2026-06-06 13:33:52,42,51,0,0,19.355,55.109
2026-06-06 13:38:53,46,56,0,0,19.801,53.386
2026-06-06 13:43:53,44,54,0,0,19.707,54.225
2026-06-06 13:48:53,43,52,0,0,19.78,54.13
2026-06-06 13:53:53,43,53,0,0,19.678,54.54
2026-06-06 13:58:53,45,56,0,0,20.271,52.902
2026-06-06 14:03:53,44,54,0,0,20.188,52.045
2026-06-06 14:08:53,43,52,0,0,20.458,51.856
2026-06-06 14:13:53,43,53,0,0,20.685,51.395
2026-06-06 14:19:03,44,55,0,0,20.642,50.149
2026-06-06 14:23:53,42,52,0,0,20.34,50.945
2026-06-06 14:28:53,42,51,0,0,20.973,50.031
2026-06-06 14:33:53,44,55,0,0,21.216,48.5
2026-06-06 14:38:53,45,55,0,0,21.395,49.596
2026-06-06 14:43:53,42,52,0,0,20.968,49.535
2026-06-06 14:48:53,42,51,0,0,21.448,48.042
2026-06-06 14:53:53,39,46,0,0,21.748,48.419
2026-06-06 14:58:53,41,50,0,0,20.562,50.592
2026-06-06 15:03:53,40,48,0,0,21.849,47.698
2026-06-06 15:08:53,42,50,0,0,21.937,46.659
2026-06-06 15:13:54,40,46,0,0,21.464,48.213
2026-06-06 15:18:54,38,46,0,0,21.713,49.522
2026-06-06 15:23:54,37,44,0,0,21.852,47.985
2026-06-06 15:28:54,36,42,0,0,21.932,47.204
2026-06-06 15:33:54,37,44,0,0,21.828,47.7
2026-06-06 15:38:54,34,40,0,0,22.081,47.237
2026-06-06 15:43:54,37,45,0,0,21.16,47.933
2026-06-06 15:48:54,31,34,0,0,20.3,50.624
2026-06-06 15:53:54,33,38,0,0,19.574,52.213
2026-06-06 15:58:54,33,37,0,0,20.161,50.983
2026-06-06 16:03:54,33,37,0,0,19.376,53.632
2026-06-06 16:08:54,33,39,0,0,19.755,54.269
2026-06-06 16:13:54,32,34,0,32,20.057,51.805
2026-06-06 16:18:54,30,33,0,0,20.209,52.253
2026-06-06 16:23:54,27,32,0,0,19.761,54.458
2026-06-06 16:28:54,30,31,0,0,20.039,53.375
2026-06-06 16:33:54,27,28,0,0,19.08,55.864
2026-06-06 16:38:54,26,27,0,2,19.416,55.244
2026-06-06 16:43:54,27,29,0,0,19.307,55.4
2026-06-06 16:48:54,27,27,0,0,18.375,58.193
2026-06-06 16:53:54,27,29,0,0,17.528,61.924
2026-06-06 16:58:54,30,34,0,0,18.054,59.417
2026-06-06 17:03:55,26,28,0,3,17.691,61.781
2026-06-06 17:08:54,38,44,0,23,17.077,63.823
2026-06-06 17:13:54,33,36,0,11,16.968,63.871
2026-06-06 17:18:54,31,32,0,9,16.661,65.25
2026-06-06 17:23:55,26,28,0,0,15.841,66.978
2026-06-06 17:28:54,33,36,0,16,16.364,65.588
2026-06-06 17:33:54,37,46,0,46,16.321,65.567
2026-06-06 17:38:54,38,45,0,77,15.755,67.678
2026-06-06 17:43:55,31,32,0,122,15.034,70.066
2026-06-06 17:48:54,29,30,0,6,14.388,72.183
2026-06-06 17:53:54,27,29,0,20,14.492,71.689
2026-06-06 17:58:54,30,32,0,22,14.564,70.951
2026-06-06 18:03:55,34,38,0,33,14.281,71.493
2026-06-06 18:08:55,32,35,0,35,13.881,72.889
2026-06-06 18:13:55,32,35,0,38,13.705,73.377
2026-06-06 18:18:56,26,27,0,26,13.996,72.59
2026-06-06 18:23:55,31,35,0,45,13.608,73.833
2026-06-06 18:28:56,34,39,0,40,13.277,74.999
2026-06-06 18:33:55,25,27,0,8,12.775,76.256
2026-06-06 18:38:56,38,44,0,57,12.567,77.534
2026-06-06 18:43:56,28,34,0,47,12.54,77.352
2026-06-06 18:48:56,26,28,0,26,12.289,78.218
2026-06-06 18:53:55,30,33,0,24,11.843,80.166
2026-06-06 18:58:56,29,32,0,34,11.825,80.336
2026-06-06 19:03:56,29,32,0,41,11.59,80.704
2026-06-06 19:08:56,25,26,0,10,11.643,81.346
2026-06-06 19:13:56,28,30,0,19,11.667,80.982
2026-06-06 19:18:55,28,31,0,41,11.443,81.215
2026-06-06 19:23:56,37,43,0,17,12.065,78.865
2026-06-06 19:28:56,30,34,0,22,11.555,80.706
2026-06-06 19:33:56,41,49,0,40,11.568,81.263
2026-06-06 19:38:56,30,31,0,22,11.379,81.739
2026-06-06 19:43:55,28,28,0,42,11.026,82.594
2026-06-06 19:48:56,40,44,0,71,10.962,83.004
2026-06-06 19:53:55,33,34,0,35,10.789,83.933
2026-06-06 19:58:56,32,38,0,35,10.684,83.908
2026-06-06 20:03:56,31,32,0,21,10.634,84.177
2026-06-06 20:08:56,32,36,0,26,10.698,84.005
2026-06-06 20:13:56,29,33,0,43,10.639,84.003
2026-06-06 20:18:56,31,33,0,29,10.81,83.689
2026-06-06 20:23:56,31,33,0,34,10.74,83.75
2026-06-06 20:28:56,34,40,0,32,10.89,83.969
2026-06-06 20:33:56,45,57,0,80,10.813,83.09
2026-06-06 20:38:56,34,39,0,56,10.815,83.847
2026-06-06 20:43:56,35,36,0,66,10.254,84.528
2026-06-06 20:48:56,29,35,0,31,10.185,86.628
2026-06-06 20:53:56,34,40,0,52,10.236,84.299
2026-06-06 20:58:56,33,36,0,40,10.011,85.539
2026-06-06 21:03:56,35,40,0,70,9.811,86.157
2026-06-06 21:09:05,35,41,0,69,9.739,85.875
2026-06-06 21:13:57,37,43,0,106,9.614,86.386
2026-06-06 21:18:57,35,41,0,57,9.416,87.423
2026-06-06 21:23:57,34,36,0,53,9.389,87.509
2026-06-06 21:28:57,32,36,0,61,9.32,87.37
2026-06-06 21:33:57,29,30,0,70,9.277,87.465
2026-06-06 21:38:57,34,40,0,61,9.154,87.978
2026-06-06 21:43:57,32,36,0,58,9.007,88.461
2026-06-06 21:48:57,32,34,0,53,9.25,87.753
2026-06-06 21:53:57,30,34,0,52,9.015,88.923
2026-06-06 21:58:57,28,31,0,62,9.112,88.52
2026-06-06 22:03:57,31,33,0,62,9.114,88.167
2026-06-06 22:08:58,30,34,0,33,9.253,88.659
2026-06-06 22:13:58,34,39,0,38,9.32,88.123
2026-06-06 22:18:57,33,36,0,94,9.226,87.343
2026-06-06 22:23:58,31,35,0,55,9.192,87.191
2026-06-06 22:28:57,35,41,0,98,9.061,86.573
2026-06-06 22:33:57,42,51,0,150,8.949,87.074
2026-06-06 22:38:58,39,44,0,70,8.772,89.403
2026-06-06 22:43:57,31,32,0,32,8.845,89.676
2026-06-06 22:48:58,31,34,0,54,8.65,89.26
2026-06-06 22:53:57,31,33,0,56,8.567,88.976
2026-06-06 22:58:57,53,66,0,95,8.706,88.305
2026-06-06 23:03:57,43,54,0,99,8.679,87.618
2026-06-06 23:08:57,50,65,0,138,8.642,87.042
2026-06-06 23:13:57,36,42,0,79,8.583,87.589
2026-06-06 23:18:57,37,43,0,88,8.556,85.691
2026-06-06 23:23:57,50,60,0,169,8.265,88.476
2026-06-06 23:28:57,45,53,0,92,8.289,89.878
2026-06-06 23:33:58,37,42,0,70,8.027,89.335
2026-06-06 23:38:57,39,47,0,64,8.017,90.275
2026-06-06 23:43:58,47,59,0,70,8.233,88.44
2026-06-06 23:48:57,39,44,0,103,8.153,87.095
2026-06-06 23:53:58,41,55,0,112,8.086,87.435
2026-06-06 23:58:58,43,50,0,101,7.891,87.168
2026-06-07 00:03:57,52,67,0,161,7.76,88.038
2026-06-07 00:08:58,47,57,0,197,7.875,89.47
2026-06-07 00:13:59,54,65,0,252,7.718,88.768
2026-06-07 00:18:59,41,53,0,133,7.621,87.975
2026-06-07 00:23:59,43,52,0,135,7.453,88.951
2026-06-07 00:28:59,43,50,0,118,7.488,90.048
2026-06-07 00:33:59,41,47,0,93,7.288,88.423
2026-06-07 00:38:59,43,49,0,71,7.144,91.24
2026-06-07 00:43:59,41,47,0,71,7.453,93.142
2026-06-07 00:48:59,41,49,0,62,7.579,92.854
2026-06-07 00:53:59,40,49,0,81,7.459,89.018
2026-06-07 00:58:58,39,47,0,93,7.627,88.444
2026-06-07 01:03:59,41,46,0,91,7.413,87.156
2026-06-07 01:08:58,50,62,0,140,7.344,87.498
2026-06-07 01:13:59,45,56,0,126,7.408,90.471
2026-06-07 01:18:59,49,59,0,185,7.37,86.99
2026-06-07 01:23:59,53,65,0,182,7.162,87.4
2026-06-07 01:28:59,50,62,0,137,7.026,87.641
2026-06-07 01:33:59,44,56,0,125,7.066,87.933
2026-06-07 01:38:59,43,57,0,110,7.071,87.683
2026-06-07 01:43:59,44,56,0,121,7.077,87.431
2026-06-07 01:48:59,45,58,0,150,7.074,86.514
2026-06-07 01:53:59,42,50,0,122,6.711,88.488
2026-06-07 01:58:59,39,47,0,80,6.516,91.736
2026-06-07 02:03:59,42,49,0,106,6.823,89.867
2026-06-07 02:08:59,48,59,0,174,6.799,89.602
2026-06-07 02:13:59,42,50,0,89,6.535,89.63
2026-06-07 02:18:59,54,67,0,160,6.364,86.107
2026-06-07 02:23:59,51,65,0,155,6.444,87.462
2026-06-07 02:28:59,48,58,0,107,6.334,87.734
2026-06-07 02:33:59,44,54,0,108,6.268,89.148
2026-06-07 02:39:20,45,54,0,113,6.238,89.893
2026-06-07 02:43:59,46,54,0,97,6.249,93.531
2026-06-07 02:48:59,42,48,0,84,6.503,90.78
2026-06-07 02:53:59,45,57,0,122,6.265,87.79
2026-06-07 02:58:59,46,60,0,113,6.073,89.811
2026-06-07 03:03:59,46,58,0,111,6.292,88.722
2026-06-07 03:08:59,44,53,0,111,5.838,92.251
2026-06-07 03:14:00,46,54,0,113,6.073,90.483
2026-06-07 03:19:00,42,50,0,99,6.278,89.716
2026-06-07 03:24:00,42,47,0,83,6.164,89.548
2026-06-07 03:29:00,42,52,0,101,6.073,88.36
2026-06-07 03:34:00,44,51,0,101,5.966,88.226
2026-06-07 03:39:00,45,54,0,87,5.776,88.484
2026-06-07 03:44:00,42,51,0,86,5.718,89.411
2026-06-07 03:49:01,50,59,0,100,5.8,89.27
2026-06-07 03:54:00,54,65,0,116,5.686,88.963
2026-06-07 03:59:01,52,64,0,138,5.672,90.733
2026-06-07 04:04:01,44,51,0,90,5.75,89.274
2026-06-07 04:09:00,42,50,0,88,5.627,91.601
2026-06-07 04:14:00,45,54,0,74,5.21,89.361
2026-06-07 04:19:00,48,57,0,118,5.293,90.574
2026-06-07 04:24:01,45,58,0,94,5.397,88.987
2026-06-07 04:29:00,45,55,0,121,5.41,90.553
2026-06-07 04:34:00,47,58,0,145,5.544,89.754
2026-06-07 04:39:00,46,55,0,196,5.64,89.016
2026-06-07 04:44:00,44,50,0,221,5.8,88.184
2026-06-07 04:49:00,46,58,0,120,5.56,89.615
2026-06-07 04:54:01,50,60,0,117,5.475,89.586
2026-06-07 04:59:00,48,59,0,90,5.146,91.152
2026-06-07 05:04:00,41,50,0,80,5.33,90.254
2026-06-07 05:09:00,46,55,0,96,5.261,88.234
2026-06-07 05:14:00,46,56,0,105,5.165,88.812
2026-06-07 05:19:01,45,54,0,104,5.018,90.494
2026-06-07 05:24:00,43,50,0,69,5.125,91.927
2026-06-07 05:29:01,39,47,0,71,5.138,92.507
2026-06-07 05:34:01,44,51,0,88,4.922,91.524
2026-06-07 05:39:01,43,53,0,96,4.86,92.148
2026-06-07 05:44:01,47,55,0,99,4.911,92.144
2026-06-07 05:49:01,47,55,0,80,5.098,93.943
2026-06-07 05:54:01,43,52,0,88,5.2,90.321
2026-06-07 05:59:01,45,52,0,113,5.005,90.231
2026-06-07 06:04:00,46,59,0,108,5.087,88.911
2026-06-07 06:09:01,43,52,0,100,4.94,89.382
2026-06-07 06:14:02,41,47,0,76,4.882,89.258
2026-06-07 06:19:01,43,48,0,87,4.9,89.247
2026-06-07 06:24:02,47,53,0,108,4.967,88.663
2026-06-07 06:29:02,47,59,0,100,4.684,90.712
2026-06-07 06:34:02,42,52,0,92,4.716,91.375
2026-06-07 06:39:02,53,65,0,113,4.863,92.52
2026-06-07 06:44:02,44,55,0,90,4.954,90.885
2026-06-07 06:49:02,50,59,0,177,4.609,88.505
2026-06-07 06:54:02,50,62,0,124,4.532,89.888
2026-06-07 06:59:01,42,50,0,111,4.604,90.654
2026-06-07 07:04:02,42,50,0,96,4.516,89.632
2026-06-07 07:09:01,44,51,0,101,4.687,89.71
2026-06-07 07:14:02,39,41,0,74,4.26,92.564
2026-06-07 07:19:01,42,47,0,89,4.412,93.87
2026-06-07 07:24:02,44,49,0,67,4.708,94.971
2026-06-07 07:29:02,42,45,0,62,4.914,94.372
2026-06-07 07:34:02,43,52,0,81,4.962,91.333
2026-06-07 07:39:02,42,48,0,95,4.839,93.493
2026-06-07 07:44:02,58,73,0,121,4.951,92.52
2026-06-07 07:49:23,54,66,0,93,4.967,91.381
2026-06-07 07:54:02,57,72,0,109,4.535,90.456
2026-06-07 07:59:02,48,57,0,97,4.78,90.87
2026-06-07 08:04:02,47,55,0,94,5.015,90.435
2026-06-07 08:09:02,48,59,0,113,5.17,90.532
2026-06-07 08:14:02,48,61,0,105,5.21,89.405
2026-06-07 08:19:02,46,59,0,81,4.823,91.541
2026-06-07 08:24:02,47,56,0,85,5.245,91.778
2026-06-07 08:29:02,51,61,0,72,5.085,90.782
2026-06-07 08:34:02,50,59,0,77,5.338,90.149
2026-06-07 08:39:02,49,62,0,82,5.435,88.829
2026-06-07 08:44:02,47,59,0,80,5.234,90.901
2026-06-07 08:49:02,53,64,0,85,5.418,90.876
2026-06-07 08:54:23,50,62,0,80,5.56,90.151
2026-06-07 08:59:02,49,59,0,106,5.597,90.252
2026-06-07 09:04:02,49,61,0,97,5.531,89.785
2026-06-07 09:09:02,45,54,0,87,5.533,91.135
2026-06-07 09:14:03,41,51,0,66,5.811,89.893
2026-06-07 09:19:03,42,47,0,77,7.109,87.666
2026-06-07 09:24:12,41,47,0,61,9.234,77.976
2026-06-07 09:29:03,41,45,0,65,8.607,81.888
2026-06-07 09:34:03,45,60,0,70,7.966,86.063
2026-06-07 09:39:04,43,51,0,64,8.471,85.005
2026-06-07 09:44:03,45,53,0,78,9.269,83.525
2026-06-07 09:49:03,43,53,0,55,9.517,81.045
2026-06-07 09:54:03,44,51,0,61,10.22,79.063
2026-06-07 09:59:04,46,57,0,50,10.775,76.082
2026-06-07 10:04:04,48,59,0,50,11.224,76.738
2026-06-07 10:09:04,43,53,0,79,11.889,74.293
2026-06-07 10:14:03,43,52,0,76,11.608,73.484
2026-06-07 10:19:04,46,57,0,63,11.317,71.56
2026-06-07 10:24:04,46,55,0,48,12.081,70.761
2026-06-07 10:29:04,43,54,0,41,12.684,69.156
2026-06-07 10:34:03,39,46,0,25,13.112,67.392
2026-06-07 10:39:10,41,52,0,26,13.331,68.929
2026-06-07 10:44:03,43,50,0,29,13.528,69.402
2026-06-07 10:49:03,41,50,0,19,13.931,67.73
2026-06-07 10:54:04,40,50,0,11,14.03,66.74
2026-06-07 10:59:03,36,45,0,0,14.335,61.483
2026-06-07 11:04:03,41,51,0,0,14.479,65.239
2026-06-07 11:09:03,40,46,0,0,14.372,65.633
2026-06-07 11:14:04,38,44,0,0,14.97,61.885
2026-06-07 11:19:03,38,45,0,0,15.072,61.914
2026-06-07 11:24:03,36,43,0,0,15.662,61.193
2026-06-07 11:29:11,40,48,0,0,15.232,59.633
2026-06-07 11:34:03,40,50,0,18,16.14,57.138
2026-06-07 11:39:04,38,48,0,0,16.703,55.206
2026-06-07 11:44:04,36,42,0,0,16.829,55.288
2026-06-07 11:49:03,70,79,0,36,17.36,58.359
2026-06-07 11:54:11,43,50,0,0,17.52,54.601
2026-06-07 11:59:03,35,42,0,0,18.281,52.465
2026-06-07 12:04:03,34,41,0,0,17.929,50.979
2026-06-07 12:09:04,36,42,0,0,17.55,53.836
2026-06-07 12:14:05,32,40,0,0,18.671,51.984
2026-06-07 12:19:04,32,35,0,0,19.171,48.871
2026-06-07 12:24:05,32,36,0,0,19.622,47.073
2026-06-07 12:29:04,32,34,0,0,19.387,47.044
2026-06-07 12:34:05,33,38,0,0,20.044,47.819
2026-06-07 12:39:04,32,35,0,0,19.897,47.313
2026-06-07 12:44:05,32,35,0,0,19.924,46.445
2026-06-07 12:49:05,32,37,0,0,20.647,44.301
2026-06-07 12:54:05,32,36,0,0,19.838,44.603
2026-06-07 12:59:05,32,34,0,0,20.252,42.997
2026-06-07 13:04:05,28,28,0,0,20.885,43.403
2026-06-07 13:09:05,33,37,0,0,20.565,42.344
2026-06-07 13:14:05,30,35,0,0,20.938,40.994
2026-06-07 13:19:05,32,36,0,0,20.973,41.314
2026-06-07 13:24:11,34,39,0,0,20.938,44.593
2026-06-07 13:29:05,27,32,0,0,21.44,41.677
2026-06-07 13:34:05,28,28,0,0,21.967,40.153
2026-06-07 13:39:05,31,33,0,0,21.691,40.647
2026-06-07 13:44:05,28,28,0,0,21.836,40.073
2026-06-07 13:49:05,29,29,0,0,21.537,40.044
2026-06-07 13:54:05,25,26,0,0,21.999,42.341
2026-06-07 13:59:05,28,29,0,0,21.884,40.86
2026-06-07 14:04:12,27,30,0,0,22.212,39.397
2026-06-07 14:09:05,31,35,0,0,22.057,41.292
2026-06-07 14:14:05,32,35,0,0,22.354,40.49
2026-06-07 14:19:05,33,36,0,0,22.463,41.509
2026-06-07 14:24:05,29,32,0,0,22.533,39.623
2026-06-07 14:29:05,31,33,0,0,22.73,39.546
2026-06-07 14:34:05,33,37,0,0,22.706,41.45
2026-06-07 14:39:05,34,39,0,0,22.258,40.826
2026-06-07 14:44:05,31,34,0,0,22.698,39.651
2026-06-07 14:49:05,29,31,0,0,22.936,41.621
2026-06-07 14:54:05,30,34,0,0,23.056,38.999
2026-06-07 14:59:05,28,29,0,0,23.593,40.752
2026-06-07 15:04:05,28,32,0,0,23.71,40.67
2026-06-07 15:09:05,29,32,0,0,24.453,39.029
2026-06-07 15:14:06,27,29,0,0,24.3,39.241
2026-06-07 15:19:06,28,29,0,0,24.41,39.914
2026-06-07 15:24:06,26,28,0,0,24.551,38.739
2026-06-07 15:29:13,26,26,0,0,24.047,39.308
2026-06-07 15:34:06,24,24,0,0,24.162,39.14
2026-06-07 15:39:06,22,22,0,0,23.686,39.481
2026-06-07 15:44:06,23,24,0,0,23.291,41.856
2026-06-07 15:49:07,26,26,0,0,23.638,42.85
2026-06-07 15:54:06,21,23,0,0,23.419,43.615
2026-06-07 15:59:06,27,27,0,0,23.232,42.821
2026-06-07 16:04:07,23,23,0,0,22.872,46.157
2026-06-07 16:09:06,22,22,0,0,22.1,45.488
2026-06-07 16:14:06,23,23,0,0,21.908,47.481
2026-06-07 16:19:06,19,20,0,6,21.566,50.086
2026-06-07 16:24:06,18,19,0,0,19.219,49.983
2026-06-07 16:29:06,18,19,0,0,17.926,52.259
2026-06-07 16:34:06,20,22,0,0,17.277,55.389
2026-06-07 16:39:06,22,23,0,0,16.885,56.821
2026-06-07 16:44:07,22,22,0,0,16.364,58.286
2026-06-07 16:49:06,23,23,0,0,16.132,57.464
2026-06-07 16:54:07,23,24,0,0,15.897,57.657
2026-06-07 16:59:06,24,26,0,0,15.464,60.287
2026-06-07 17:04:06,25,26,0,0,15.376,59.387
2026-06-07 17:09:07,24,26,0,0,15.203,60.36
2026-06-07 17:14:06,22,23,0,0,14.89,62.244
2026-06-07 17:19:07,22,23,0,0,14.554,63.15
2026-06-07 17:24:06,23,26,0,0,14.42,63.438
2026-06-07 17:29:07,26,27,0,0,14.297,63.862
2026-06-07 17:34:07,24,25,0,0,13.854,64.661
2026-06-07 17:39:07,25,27,0,0,13.715,65.366
2026-06-07 17:44:07,26,30,0,0,13.344,67.182
2026-06-07 17:49:07,24,26,0,0,13.235,66.517
2026-06-07 17:54:06,21,26,0,0,13.144,66.591
2026-06-07 17:59:07,27,27,0,0,12.967,67.501
2026-06-07 18:04:07,25,25,0,0,12.895,66.848
2026-06-07 18:09:07,27,27,0,0,13.141,65.771
2026-06-07 18:14:08,26,29,0,0,12.503,68.031
2026-06-07 18:19:07,29,32,0,0,13.002,64.438
2026-06-07 18:24:08,32,32,0,0,12.81,64.542
2026-06-07 18:29:08,28,33,0,0,12.642,65.195
2026-06-07 18:34:08,29,31,0,0,13.141,61.582
2026-06-07 18:39:08,30,36,0,0,12.433,65.607
2026-06-07 18:44:08,27,32,0,0,12.238,66.414
2026-06-07 18:49:07,30,31,0,0,12.313,65.607
2026-06-07 18:54:08,30,37,0,0,12.773,63.121
2026-06-07 18:59:17,31,32,0,0,12.519,64.579
2026-06-07 19:04:08,29,32,0,0,12.636,63.728
2026-06-07 19:09:08,31,32,0,0,12.393,64.895
2026-06-07 19:14:08,29,31,0,0,12.201,66.324
2026-06-07 19:19:08,32,33,0,0,12.164,65.74
2026-06-07 19:24:08,32,35,0,0,11.835,67.465
2026-06-07 19:29:08,33,34,0,0,11.843,66.929
2026-06-07 19:34:08,30,37,0,0,12.097,65.473
2026-06-07 19:39:17,31,33,0,0,11.744,67.06
2026-06-07 19:44:08,33,35,0,0,11.518,67.903
2026-06-07 19:49:08,32,35,0,0,11.504,67.728
2026-06-07 19:54:08,29,29,0,0,11.509,67.419
2026-06-07 19:59:08,31,32,0,0,11.323,67.819
2026-06-07 20:04:08,31,33,0,0,11.598,66.19
2026-06-07 20:09:08,27,33,0,0,11.63,65.582
2026-06-07 20:14:08,28,28,0,0,11.574,65.466
2026-06-07 20:19:08,29,32,0,0,11.133,67.894
2026-06-07 20:24:09,27,29,0,0,10.959,68.754
2026-06-07 20:29:15,29,29,0,0,10.46,70.831
2026-06-07 20:34:08,26,27,0,0,10.34,71.155
2026-06-07 20:39:08,29,32,0,8,10.684,70.267
2026-06-07 20:44:08,32,33,0,0,10.182,71.121
2026-06-07 20:49:08,33,34,0,60,9.966,72.462
2026-06-07 20:54:08,32,33,0,0,9.862,72.338
2026-06-07 20:59:08,27,30,0,0,10.078,71.054
2026-06-07 21:04:08,28,32,0,0,10.124,71.39
2026-06-07 21:09:08,30,32,0,0,10.134,71.434
2026-06-07 21:14:09,35,41,0,11,9.939,72.128
2026-06-07 21:19:09,32,34,0,17,9.966,72.149
2026-06-07 21:24:09,42,48,0,31,9.565,73.921
2026-06-07 21:29:09,244,266,0,411,9.467,73.736
2026-06-07 21:34:09,116,126,0,182,9.579,73.232
2026-06-07 21:39:09,82,90,0,140,9.507,73.826
2026-06-07 21:44:10,46,53,0,98,9.12,75.025
2026-06-07 21:49:09,47,55,0,111,9.16,74.554
2026-06-07 21:54:09,39,46,0,55,9.104,74.734
2026-06-07 21:59:09,35,41,0,60,8.911,75.113
2026-06-07 22:04:10,34,36,0,26,8.505,76.866
2026-06-07 22:09:10,36,39,0,25,8.465,76.467
2026-06-07 22:14:10,33,35,0,0,8.708,75.643
2026-06-07 22:19:09,33,40,0,0,8.54,75.933
2026-06-07 22:24:16,38,44,0,4,8.449,76.401
2026-06-07 22:29:09,35,37,0,0,8.532,76.002
2026-06-07 22:34:10,35,36,0,10,8.503,75.991
2026-06-07 22:39:10,36,40,0,15,8.465,75.634
2026-06-07 22:44:10,36,37,0,32,8.465,75.201
2026-06-07 22:49:10,40,43,0,93,8.153,76.591
2026-06-07 22:54:10,45,55,0,34,8.019,77.217
2026-06-07 22:59:10,44,55,0,55,8.065,76.54
2026-06-07 23:04:09,40,48,0,92,7.71,77.663
2026-06-07 23:09:10,28,28,0,3,8.161,76.187
2026-06-07 23:14:09,31,31,0,0,7.827,77
2026-06-07 23:19:18,30,34,0,58,7.875,77.066
2026-06-07 23:24:09,36,41,0,74,7.75,77.173
2026-06-07 23:29:10,33,37,0,78,7.803,77.139
2026-06-07 23:34:09,39,43,0,48,7.6,78.239
2026-06-07 23:39:10,29,34,0,29,7.461,78.546
2026-06-07 23:44:10,31,32,0,38,7.488,78.468
2026-06-07 23:49:10,33,36,0,100,7.336,78.783
2026-06-07 23:54:09,37,37,0,67,7.205,78.76
2026-06-07 23:59:10,24,29,0,81,7.146,78.649
2026-06-08 00:04:10,40,43,0,41,7.29,78.226
2026-06-08 00:09:10,40,45,0,29,7.266,78.562
2026-06-08 00:14:11,31,36,0,0,7.152,78.792
2026-06-08 00:19:11,30,31,0,68,7.082,79.58
2026-06-08 00:24:11,31,36,0,68,6.812,80.229
2026-06-08 00:29:11,32,35,0,62,6.834,79.832
2026-06-08 00:34:28,32,35,0,42,6.722,80.707
2026-06-08 00:39:11,35,39,0,54,6.535,81.032
2026-06-08 00:44:11,32,34,0,26,6.556,81.036
2026-06-08 00:49:11,31,34,0,22,6.583,80.715
2026-06-08 00:54:11,30,32,0,13,6.601,80.639
2026-06-08 00:59:11,29,29,0,44,6.492,80.62
2026-06-08 01:04:11,30,30,0,35,6.441,80.933
2026-06-08 01:09:11,40,47,0,60,6.334,80.336
2026-06-08 01:14:11,31,34,0,53,6.404,80.835
2026-06-08 01:19:11,24,29,0,55,6.302,80.748
2026-06-08 01:24:11,28,28,0,48,6.233,80.896
2026-06-08 01:29:11,30,35,0,57,6.238,80.36
2026-06-08 01:34:11,37,37,0,59,6.059,81.602
2026-06-08 01:39:11,38,39,0,62,5.971,81.345
2026-06-08 01:44:11,33,33,0,77,6.051,80.965
2026-06-08 01:49:11,30,36,0,52,5.624,83.012
2026-06-08 01:54:11,33,38,0,43,5.653,83.235
2026-06-08 01:59:11,33,36,0,52,5.953,81.318
2026-06-08 02:04:11,29,33,0,55,5.875,81.51
2026-06-08 02:09:11,30,33,0,45,5.792,81.766
2026-06-08 02:14:32,25,32,0,39,5.8,81.808
2026-06-08 02:19:11,25,28,0,32,5.475,83.492
2026-06-08 02:24:11,28,28,0,45,5.6,83.061
2026-06-08 02:29:11,29,31,0,31,5.507,83.13
2026-06-08 02:34:11,26,29,0,44,5.589,82.832
2026-06-08 02:39:12,38,40,0,43,5.557,83.757
2026-06-08 02:44:12,34,34,0,55,5.296,84.106
2026-06-08 02:49:11,30,31,0,58,4.754,84.572
2026-06-08 02:54:12,39,43,0,99,4.847,83.12
2026-06-08 02:59:11,38,42,0,96,5.127,81.556
2026-06-08 03:04:21,35,40,0,86,4.914,83.263
2026-06-08 03:09:21,30,35,0,65,4.954,83.521
2026-06-08 03:14:13,34,39,0,27,5.138,84.07
2026-06-08 03:19:12,30,35,0,59,5.021,83.736
2026-06-08 03:24:13,38,40,0,62,4.957,84.145
2026-06-08 03:29:12,38,38,0,64,4.983,83.956
2026-06-08 03:34:12,36,36,0,57,4.967,83.744
2026-06-08 03:39:13,33,39,0,70,5.021,83.267
2026-06-08 03:44:19,39,43,0,42,4.831,84.826
2026-06-08 03:49:33,33,37,0,29,4.919,84.782
2026-06-08 03:54:13,36,43,0,26,4.754,85.798
2026-06-08 03:59:12,37,38,0,30,4.97,84.221
2026-06-08 04:04:13,35,39,0,67,4.716,83.929
2026-06-08 04:09:13,34,37,0,67,4.892,82.943
2026-06-08 04:14:13,38,40,0,71,4.689,83.963
2026-06-08 04:19:21,39,41,0,79,4.786,81.606
2026-06-08 04:24:13,35,38,0,75,4.561,83.059
2026-06-08 04:29:12,34,37,0,66,4.476,83.643
2026-06-08 04:34:13,29,34,0,64,4.617,83.628
2026-06-08 04:39:12,29,30,0,47,4.366,84.984
2026-06-08 04:44:13,29,30,0,37,4.422,84.618
2026-06-08 04:49:12,33,35,0,64,4.377,84.415
2026-06-08 04:54:13,30,33,0,53,4.492,83.614
2026-06-08 04:59:13,30,32,0,39,4.334,84.656
2026-06-08 05:04:13,26,30,0,60,4.527,83.431
2026-06-08 05:09:13,29,30,0,54,4.19,84.412
2026-06-08 05:14:13,26,32,0,68,4.31,83.721
2026-06-08 05:19:13,29,30,0,54,4.361,83.776
2026-06-08 05:24:13,25,26,0,43,4.252,84.249
2026-06-08 05:29:22,27,31,0,48,4.236,84.007
2026-06-08 05:34:13,29,32,0,63,4.254,84.061
2026-06-08 05:39:12,33,36,0,54,4.353,83.658
2026-06-08 05:44:13,23,30,0,61,4.377,83.298
2026-06-08 05:49:12,29,29,0,40,4.31,83.658
2026-06-08 05:54:13,27,32,0,47,4.118,84.555
2026-06-08 05:59:12,25,25,0,68,4.065,84.352
2026-06-08 06:04:13,25,26,0,57,4.011,84.442
2026-06-08 06:09:13,26,32,0,41,4.017,84.814
2026-06-08 06:14:14,31,32,0,8,4.075,84.27
2026-06-08 06:19:14,24,30,0,41,4.022,85.033
2026-06-08 06:24:14,22,26,0,29,4.03,84.763
2026-06-08 06:29:14,26,30,0,41,3.95,84.33
2026-06-08 06:34:14,24,29,0,43,3.864,84.909
2026-06-08 06:39:14,25,31,0,26,4.15,84.219
2026-06-08 06:44:15,21,24,0,42,4.26,83.817
2026-06-08 06:49:14,29,29,0,219,4.123,83.817
2026-06-08 06:54:14,26,32,0,132,4.075,82.521
2026-06-08 06:59:14,25,26,0,107,3.792,83.853
2026-06-08 07:04:14,64,83,0,132,3.584,84.267
2026-06-08 07:09:14,56,71,0,104,3.712,83.462
2026-06-08 07:14:14,25,30,0,45,3.499,84.892
2026-06-08 07:19:14,33,33,0,65,3.56,84.852
2026-06-08 07:24:14,32,34,0,76,3.659,84.581
2026-06-08 07:29:14,35,36,0,74,3.75,82.788
2026-06-08 07:34:14,25,26,0,75,3.547,84.015
2026-06-08 07:39:14,25,29,0,62,3.469,85.039
2026-06-08 07:44:14,27,29,0,65,3.421,85.724
2026-06-08 07:49:15,40,42,0,90,3.659,84.999
2026-06-08 07:54:14,47,57,0,63,3.758,85.564
2026-06-08 07:59:21,101,109,0,243,3.755,85.44
2026-06-08 08:04:14,54,63,0,100,3.904,84.997
2026-06-08 08:09:15,43,54,0,98,3.91,84.833
2026-06-08 08:14:14,44,49,0,96,3.8,85.413
2026-06-08 08:19:14,54,66,0,102,3.747,85.67
2026-06-08 08:24:14,37,45,0,98,4.011,84.768
2026-06-08 08:29:14,33,37,0,100,4.153,84.24
2026-06-08 08:34:14,39,45,0,203,4.246,84.452
2026-06-08 08:39:14,39,41,0,191,4.281,84.36
2026-06-08 08:44:14,53,66,0,248,4.393,83.693
2026-06-08 08:49:14,44,52,0,199,4.468,82.891
2026-06-08 08:54:15,32,36,0,104,4.262,84.208
2026-06-08 08:59:14,36,40,0,114,4.318,83.036
2026-06-08 09:04:14,33,36,0,68,4.401,81.449
2026-06-08 09:09:15,40,47,0,85,4.385,83.183
2026-06-08 09:14:15,36,37,0,41,4.657,81.577
2026-06-08 09:19:15,22,26,0,74,6.249,78.604
2026-06-08 09:24:16,26,29,0,97,8.615,70.77
2026-06-08 09:29:15,43,51,0,131,8.089,71.749
2026-06-08 09:34:16,33,38,0,94,7.79,73.475
2026-06-08 09:39:15,31,32,0,67,7.963,73.356
2026-06-08 09:44:25,35,39,0,57,8.559,71.213
2026-06-08 09:49:15,43,51,0,113,8.909,71.02
2026-06-08 09:54:15,33,34,0,73,9.317,70.997
2026-06-08 09:59:15,36,41,0,59,9.942,67.188
2026-06-08 10:04:15,38,43,0,66,10.425,65.174
2026-06-08 10:09:25,33,33,0,11,10.775,58.9
2026-06-08 10:14:15,33,35,0,27,11.189,60.817
2026-06-08 10:19:16,37,41,0,9,11.181,60.14
2026-06-08 10:24:16,38,42,0,35,11.795,57.931
2026-06-08 10:29:16,35,39,0,9,12.012,56.65
2026-06-08 10:34:16,33,36,0,0,12.308,54.761
2026-06-08 10:39:16,28,32,0,0,12.802,56.224
2026-06-08 10:44:16,29,32,0,28,13.344,54.801
2026-06-08 10:49:15,30,30,0,65,13.654,52.095
2026-06-08 10:54:16,29,30,0,0,14.001,52.007
2026-06-08 10:59:16,26,28,0,0,14.388,51.605
2026-06-08 11:04:16,25,25,0,0,14.775,47.765
2026-06-08 11:09:16,25,26,0,0,15.136,49.745
2026-06-08 11:14:16,19,22,0,0,15.462,49.673
2026-06-08 11:19:16,23,25,0,0,16.076,48.837
2026-06-08 11:24:16,24,24,0,0,16.188,46.707
2026-06-08 11:29:16,20,23,0,0,16.994,43.184
2026-06-08 11:34:16,18,19,0,0,17.309,41.038
2026-06-08 11:39:16,18,19,0,0,17.868,41.398
2026-06-08 11:44:17,14,16,0,0,18.201,40.483
2026-06-08 11:49:16,13,15,0,0,18.263,39.193
2026-06-08 11:54:17,14,16,0,0,18.404,40.769
2026-06-08 11:59:16,9,12,0,0,19.077,38.141
2026-06-08 12:04:16,11,12,0,0,19.211,37.856
2026-06-08 12:09:16,7,8,0,0,19.585,38.934
2026-06-08 12:14:17,13,16,0,0,19.606,36.628
2026-06-08 12:19:17,11,13,0,0,19.796,38.839
2026-06-08 12:24:17,8,8,0,0,20.129,37.301
2026-06-08 12:29:17,8,8,0,0,20.199,35.453
2026-06-08 12:34:17,13,13,0,0,20.802,35.503
2026-06-08 12:39:17,8,12,0,0,20.081,34.904
2026-06-08 12:44:17,9,11,0,0,20.711,36.481
2026-06-08 12:49:17,8,10,0,0,20.85,32.163
2026-06-08 12:54:17,8,13,0,0,21.718,34.528
2026-06-08 12:59:17,12,14,0,0,21.689,31.051
2026-06-08 13:04:17,12,15,0,0,22.036,35.07
2026-06-08 13:09:17,8,10,0,0,22.079,34.068
2026-06-08 13:14:18,14,16,0,0,22.316,35.794
2026-06-08 13:19:17,24,26,0,0,21.366,33.956
2026-06-08 13:24:17,28,29,0,0,21.208,33.832
2026-06-08 13:29:17,26,26,0,0,21.798,34.408
2026-06-08 13:34:17,26,28,0,0,21.304,33.733
2026-06-08 13:39:17,32,40,0,0,22.033,34.532
2026-06-08 13:44:18,26,26,0,0,22.087,35.051
2026-06-08 13:49:17,26,29,0,0,22.055,35.26
2026-06-08 13:54:18,30,33,0,0,21.897,35.953
2026-06-08 13:59:17,29,34,0,10,22.097,35.213
2026-06-08 14:04:17,32,34,0,0,22.095,36.189
2026-06-08 14:09:17,30,35,0,0,21.176,37.73
2026-06-08 14:14:17,29,34,0,0,20.968,36.741
2026-06-08 14:19:18,29,34,0,0,21.011,37.803
2026-06-08 14:24:18,29,31,0,0,20.973,37.885
2026-06-08 14:29:17,31,34,0,0,21.737,36.498
2026-06-08 14:34:17,29,30,0,0,21.595,36.536
2026-06-08 14:39:18,32,36,0,0,21.165,37.858
2026-06-08 14:44:17,33,36,0,0,20.177,39.279
2026-06-08 14:49:17,29,34,0,0,20.354,39.96
2026-06-08 14:54:18,29,32,0,0,20.784,39.701
2026-06-08 14:59:17,29,30,0,0,20.5,39.947
2026-06-08 15:04:18,30,36,0,0,21.011,39.106
2026-06-08 15:09:18,34,37,0,0,20.367,40.754
2026-06-08 15:14:18,32,36,0,0,21.037,39.098
2026-06-08 15:19:40,34,41,0,0,21.529,39.275
2026-06-08 15:24:19,32,35,0,0,19.966,41.866
2026-06-08 15:29:18,32,35,0,0,19.94,42.028
2026-06-08 15:34:19,32,36,0,0,19.264,43.655
2026-06-08 15:39:19,33,41,0,0,19.197,44.177
2026-06-08 15:44:18,33,40,0,0,18.896,46.48
2026-06-08 15:49:28,33,37,0,0,18.856,46.8
2026-06-08 15:54:18,33,38,0,0,18.914,45.802
2026-06-08 15:59:19,33,39,0,0,18.912,46.869
2026-06-08 16:04:19,33,40,0,0,19.352,45.581
2026-06-08 16:09:19,31,36,0,0,18.5,47.954
2026-06-08 16:14:18,37,44,0,301,19.016,47.067
2026-06-08 16:19:19,39,48,0,17,18.957,46.581
2026-06-08 16:24:19,33,36,0,0,17.857,50.968
2026-06-08 16:29:18,32,38,0,0,17.598,53.115
2026-06-08 16:34:19,34,38,0,0,16.655,57.609
2026-06-08 16:39:18,33,38,0,0,16.727,57.674
2026-06-08 16:44:29,59,69,0,101,16.231,58.731
2026-06-08 16:49:19,34,40,0,0,16.709,56.293
2026-06-08 16:54:19,35,41,0,60,16.07,57.916
2026-06-08 16:59:40,33,37,0,2,15.769,59.011
2026-06-08 17:04:19,33,39,0,29,15.566,61.247
2026-06-08 17:09:28,36,42,0,0,14.917,64.161
2026-06-08 17:14:19,35,39,0,2,14.628,65.538
2026-06-08 17:19:19,34,42,0,0,14.321,65.805
2026-06-08 17:24:18,38,45,0,0,14.252,66.089
2026-06-08 17:29:19,41,52,0,236,14.546,65.197
2026-06-08 17:34:19,50,62,0,222,14.356,65.592
2026-06-08 17:39:19,44,52,0,69,14.182,65.088
2026-06-08 17:44:19,39,48,0,0,13.592,67.545
2026-06-08 17:49:19,41,48,0,0,13.379,68.413
2026-06-08 17:54:19,43,50,0,22,13.32,68.098
2026-06-08 17:59:19,43,51,0,37,13.405,67.337
2026-06-08 18:04:19,40,49,0,0,13.277,67.602
2026-06-08 18:09:19,48,60,0,0,13.315,67.182
2026-06-08 18:14:20,50,62,0,0,13.24,67.594
2026-06-08 18:19:20,53,66,0,29,13.309,66.99
2026-06-08 18:24:20,70,79,0,69,13.344,67.144
2026-06-08 18:29:20,51,64,0,18,13.357,66.709
2026-06-08 18:34:20,51,62,0,0,13.696,65.031
2026-06-08 18:39:20,46,56,0,0,13.664,65.098
2026-06-08 18:44:20,45,53,0,0,13.766,64.731
2026-06-08 18:49:20,43,55,0,0,13.096,67.068
2026-06-08 18:54:20,45,55,0,0,13.429,66.177
2026-06-08 18:59:20,48,59,0,0,13.555,65.748
2026-06-08 19:04:20,45,55,0,0,13.502,66.196
2026-06-08 19:09:20,51,63,0,121,13.753,65.611
2026-06-08 19:14:20,49,59,0,0,13.651,65.784
2026-06-08 19:19:20,48,60,0,0,13.592,66.572
2026-06-08 19:24:21,77,83,0,103,13.603,66.126
2026-06-08 19:29:20,48,62,0,31,13.088,68.151
2026-06-08 19:34:20,52,66,0,90,13.058,68.359
2026-06-08 19:39:20,45,55,0,25,12.487,70.719
2026-06-08 19:44:20,46,55,0,0,12.102,71.785
2026-06-08 19:49:20,47,56,0,35,12.142,72.115
2026-06-08 19:54:29,49,56,0,108,12.287,71.878
2026-06-08 19:59:21,47,59,0,0,12.417,70.656
2026-06-08 20:04:21,47,56,0,35,12.289,71.441
2026-06-08 20:09:21,51,64,0,0,12.407,71.213
2026-06-08 20:14:20,52,64,0,18,12.377,71.255
2026-06-08 20:19:30,50,63,0,62,12.538,70.841
2026-06-08 20:24:20,60,76,0,172,12.15,72.473
2026-06-08 20:29:21,60,75,0,30,11.825,73.437
2026-06-08 20:34:20,47,60,0,20,11.59,74.406
2026-06-08 20:39:21,51,63,0,106,11.897,73.301
2026-06-08 20:44:20,54,68,0,104,11.646,74.344
2026-06-08 20:49:20,57,72,0,121,11.248,75.674
2026-06-08 20:54:20,54,69,0,36,11.037,76.813
2026-06-08 20:59:20,52,68,0,61,11.045,76.78
2026-06-08 21:04:20,53,69,0,104,11.149,75.954
2026-06-08 21:24:21,59,73,0,158,10.529,78.724
2026-06-08 21:29:21,83,91,0,124,10.367,79.826
2026-06-08 21:34:21,54,69,0,39,9.891,81.669
2026-06-08 21:39:22,59,73,0,95,10.116,81.032
2026-06-08 21:44:29,58,72,0,80,10.262,80.257
2026-06-08 21:49:21,56,72,0,137,9.995,80.305
2026-06-08 21:54:22,54,71,0,85,9.59,82.361
2026-06-08 21:59:22,53,66,0,126,9.739,81.572
2026-06-08 22:04:22,54,67,0,121,9.843,81.009
2026-06-08 22:09:22,53,65,0,143,10.011,80.233
2026-06-08 22:14:22,54,71,0,118,9.891,81.026
2026-06-08 22:19:21,53,70,0,115,9.555,83.24
2026-06-08 22:24:22,53,66,0,129,9.752,83.271
2026-06-08 22:29:22,54,67,0,116,9.752,83.439
2026-06-08 22:34:21,52,67,0,109,9.902,82.693
2026-06-08 22:39:22,52,66,0,97,10.068,82.037
2026-06-08 22:44:22,56,73,0,92,9.867,83.342
2026-06-08 22:49:22,56,71,0,104,9.811,84.091
2026-06-08 22:54:22,57,72,0,95,10.084,83.223
2026-06-08 22:59:22,57,70,0,98,9.913,82.817
2026-06-08 23:04:22,55,69,0,95,9.851,83.485
2026-06-08 23:09:22,56,71,0,104,9.921,84.124
2026-06-08 23:14:22,56,70,0,100,9.784,84.431
2026-06-08 23:19:22,56,71,0,77,9.814,85.728
2026-06-08 23:24:22,55,71,0,56,9.923,86.199
2026-06-08 23:29:22,53,66,0,58,10.07,85.276
2026-06-08 23:34:22,56,74,0,84,10.246,84.24
2026-06-08 23:39:22,54,71,0,80,9.942,85.176
2026-06-08 23:44:22,54,69,0,104,10.1,84.511
2026-06-08 23:49:22,54,71,0,98,9.915,84.829
2026-06-08 23:54:22,52,65,0,92,9.822,84.871
2026-06-09 00:04:31,55,69,0,113,9.419,86.336
2026-06-09 00:09:30,53,66,0,123,9.795,84.457
2026-06-09 00:14:23,55,70,0,176,9.854,83.883
2026-06-09 00:19:23,55,69,0,94,9.582,86.119
2026-06-09 00:24:23,55,72,0,95,9.576,85.804
2026-06-09 00:29:23,54,69,0,100,9.654,84.951
2026-06-09 00:34:23,54,67,0,91,9.325,87.048
2026-06-09 00:39:23,55,71,0,92,9.298,86.826
2026-06-09 00:44:23,54,68,0,116,9.368,85.049
2026-06-09 00:49:23,53,68,0,98,8.943,86.521
2026-06-09 00:54:23,51,64,0,97,8.965,86.702
2026-06-09 00:59:23,55,67,0,94,8.999,85.634
2026-06-09 01:04:23,55,69,0,100,8.634,87.563
2026-06-09 01:09:23,53,67,0,85,8.679,88.047
2026-06-09 01:14:23,55,69,0,95,8.917,86.962
2026-06-09 01:19:23,52,66,0,88,8.585,87.08
2026-06-09 01:24:23,51,63,0,105,8.532,88.793
2026-06-09 01:29:24,55,68,0,113,8.839,87.242
2026-06-09 01:34:23,52,64,0,94,8.82,86.319
2026-06-09 01:39:23,53,67,0,98,8.946,86.069
2026-06-09 01:44:23,52,66,0,103,8.722,87.366
2026-06-09 01:49:23,51,67,0,96,8.626,88.465
2026-06-09 01:54:24,52,67,0,88,8.951,86.535
2026-06-09 01:59:23,54,65,0,92,8.818,87.32
2026-06-09 02:04:23,56,73,0,88,8.93,87.656
2026-06-09 02:09:23,54,70,0,89,8.74,88.518
2026-06-09 02:14:23,55,69,0,84,8.775,88.224
2026-06-09 02:19:23,53,68,0,90,8.925,87.853
2026-06-09 02:24:24,55,72,0,94,9.01,87.397
2026-06-09 02:29:23,54,70,0,126,9.023,86.031
2026-06-09 02:34:23,57,71,0,139,9.034,85.785
2026-06-09 02:39:24,53,67,0,97,8.957,85.972
2026-06-09 02:44:24,55,69,0,105,8.949,86.464
2026-06-09 02:49:23,57,74,0,102,8.62,87.086
2026-06-09 02:54:24,55,72,0,90,8.644,87.05
2026-06-09 02:59:23,54,68,0,99,8.452,86.998
2026-06-09 03:04:24,57,71,0,98,8.532,87.063
2026-06-09 03:09:24,56,69,0,83,8.593,86.508
2026-06-09 03:14:24,60,77,0,165,8.674,86.655
2026-06-09 03:19:25,58,74,0,99,8.529,87.313
2026-06-09 03:24:24,59,73,0,100,8.74,86.952
2026-06-09 03:29:25,57,73,0,103,8.567,88.007
2026-06-09 03:34:24,59,76,0,102,8.711,89.098
2026-06-09 03:39:25,61,75,0,92,8.278,92.093
2026-06-09 03:44:25,59,75,0,103,8.722,90.958
2026-06-09 03:49:25,58,75,0,103,8.983,89.024
2026-06-09 03:54:25,58,75,0,100,8.994,89.001
2026-06-09 03:59:25,60,79,0,90,8.858,89.834
2026-06-09 04:04:24,60,80,0,89,8.855,90.366
2026-06-09 04:09:25,57,74,0,95,8.845,90.767
2026-06-09 04:14:25,61,80,0,96,8.951,89.399
2026-06-09 04:19:24,57,74,0,89,8.89,89.686
2026-06-09 04:24:25,58,74,0,119,8.906,89.19
2026-06-09 04:29:25,60,77,0,95,8.946,88.932
2026-06-09 04:34:24,58,76,0,112,9.039,88.474
2026-06-09 04:39:25,60,79,0,79,8.957,91.282
2026-06-09 04:44:25,62,79,0,84,8.965,91.877
2026-06-09 04:49:25,61,76,0,84,9.088,91.162
2026-06-09 04:54:25,58,74,0,90,9.152,91.509
2026-06-09 04:59:25,58,74,0,87,9.176,91.158
2026-06-09 05:04:31,60,76,0,86,9.173,91.259
2026-06-09 05:09:25,55,72,0,80,9.039,92.091
2026-06-09 05:14:25,59,76,0,83,9.347,90.841
2026-06-09 05:19:34,56,73,0,77,9.264,91.183
2026-06-09 05:24:25,56,72,0,71,9.357,91.026
2026-06-09 05:29:25,55,69,0,75,9.379,90.937
2026-06-09 05:34:25,55,72,0,78,9.314,91.156
2026-06-09 05:39:25,54,72,0,94,9.576,90.153
2026-06-09 05:44:25,55,71,0,69,9.624,89.619
2026-06-09 05:49:25,54,70,0,67,9.736,88.883
2026-06-09 05:54:25,52,67,0,71,9.6,89.773
2026-06-09 05:59:25,58,73,0,91,9.966,87.57
2026-06-09 06:04:25,58,73,0,88,9.533,89.377
2026-06-09 06:09:25,55,71,0,70,9.48,89.781
2026-06-09 06:14:35,54,72,0,221,9.379,89.941
2026-06-09 06:19:26,55,70,0,112,9.501,89.565
2026-06-09 06:24:26,55,72,0,97,9.63,89.413
2026-06-09 06:29:26,54,72,0,116,9.555,90.044
2026-06-09 06:34:26,56,70,0,77,9.643,89.76
2026-06-09 06:39:26,53,68,0,77,9.718,88.883
2026-06-09 06:44:26,56,70,0,89,9.961,87.818
2026-06-09 06:49:26,57,74,0,121,9.75,88.654
2026-06-09 06:54:26,80,89,0,197,9.667,89.123
2026-06-09 06:59:26,59,76,0,107,9.835,88.577
2026-06-09 07:04:26,64,82,0,128,9.803,88.368
2026-06-09 07:09:26,68,84,0,263,9.477,89.996
2026-06-09 07:14:26,59,75,0,123,9.565,89.193
2026-06-09 07:19:26,57,71,0,96,9.841,88.215
2026-06-09 07:24:26,58,74,0,102,9.592,89.525
2026-06-09 07:29:26,58,74,0,124,10.019,87.027
2026-06-09 07:34:26,57,73,0,122,10.014,86.742
2026-06-09 07:39:26,57,73,0,118,10.03,86.937
2026-06-09 07:44:26,61,74,0,127,9.833,88.041
2026-06-09 07:49:26,60,78,0,163,9.437,89.68
2026-06-09 07:54:26,58,73,0,159,9.782,87.87
2026-06-09 07:59:26,69,85,0,155,9.688,88.274
2026-06-09 08:04:26,61,76,0,157,9.485,89.525
2026-06-09 08:09:26,61,79,0,148,9.325,90.5
2026-06-09 08:14:26,59,76,0,141,9.595,89.02
2026-06-09 08:19:26,68,85,0,265,9.504,89.962
2026-06-09 08:24:26,61,80,0,225,9.347,89.912
2026-06-09 08:29:26,62,81,0,221,9.21,90.698
2026-06-09 08:34:34,62,79,0,203,9.314,90.489
2026-06-09 08:39:34,59,75,0,154,9.36,90.122
2026-06-09 08:44:26,63,82,0,153,9.4,89.426
2026-06-09 08:49:26,61,79,0,169,9.464,88.82
2026-06-09 08:54:26,62,81,0,139,9.472,89.466
2026-06-09 08:59:26,62,79,0,147,9.496,89.748
2026-06-09 09:04:26,61,79,0,131,9.704,88.636
2026-06-09 09:09:27,62,78,0,143,9.838,88.009
2026-06-09 09:14:28,60,77,0,349,10.003,87.33
2026-06-09 09:19:28,61,79,0,130,10.07,87.797
2026-06-09 09:24:27,61,78,0,100,10.276,86.304
2026-06-09 09:29:27,57,75,0,103,10.236,85.379
2026-06-09 09:34:27,56,71,0,112,10.246,85.169
2026-06-09 09:39:27,60,77,0,96,10.311,85.108
2026-06-09 09:44:28,60,75,0,141,10.388,84.726
2026-06-09 09:49:27,61,77,0,110,10.546,83.939
2026-06-09 09:54:28,60,76,0,100,10.735,82.947
2026-06-09 09:59:28,75,87,0,119,10.959,82.123
2026-06-09 10:04:37,65,82,0,152,10.762,83.242
2026-06-09 10:09:28,61,79,0,123,11.098,82.342
2026-06-09 10:14:27,68,82,0,131,11.341,81.133
2026-06-09 10:19:28,67,81,0,163,11.728,79.363
2026-06-09 10:24:27,60,78,0,118,11.429,80.58
2026-06-09 10:29:28,62,78,0,200,11.873,79.086
2026-06-09 10:34:28,58,73,0,92,11.926,77.444
2026-06-09 10:39:28,64,79,0,104,11.664,78.413
2026-06-09 10:44:37,60,80,0,134,12.182,77.246
2026-06-09 10:49:28,70,82,0,186,12.097,77.808
2026-06-09 10:54:28,66,81,0,115,11.68,78.733
2026-06-09 10:59:28,58,78,0,85,11.835,78.846
2026-06-09 11:04:28,65,80,0,162,12.15,78.636
2026-06-09 11:09:28,59,75,0,133,11.664,79.935
2026-06-09 11:14:28,61,75,0,256,12.025,79.395
2026-06-09 11:19:28,55,69,0,83,11.873,78.642
2026-06-09 11:24:28,50,67,0,66,11.809,79.5
2026-06-09 11:29:28,50,65,0,57,12.102,78.974
2026-06-09 11:34:28,50,63,0,45,11.902,79.611
2026-06-09 11:39:28,53,69,0,118,12.393,77.41
2026-06-09 11:44:28,46,59,0,19,12.086,77.394
2026-06-09 11:49:28,47,58,0,69,12.281,78.707
2026-06-09 11:54:28,46,57,0,59,12.465,77.164
2026-06-09 11:59:28,46,56,0,10,12.703,75.558
2026-06-09 12:04:28,46,55,0,48,12.869,75.567
2026-06-09 12:09:28,49,61,0,35,12.885,75.506
2026-06-09 12:14:29,53,67,0,97,12.401,77.198
2026-06-09 12:19:29,45,55,0,18,12.185,77.4
2026-06-09 12:24:29,45,57,0,17,12.044,78.688
2026-06-09 12:29:29,47,58,0,47,12.642,76.904
2026-06-09 12:34:29,44,55,0,20,12.177,77.988
2026-06-09 12:39:29,45,54,0,53,12.433,76.679
2026-06-09 12:44:29,45,56,0,30,12.465,76.519
2026-06-09 12:49:29,46,55,0,59,12.594,76.62
2026-06-09 12:54:29,47,56,0,41,12.847,75.674
2026-06-09 12:59:29,45,55,0,29,12.252,77.453
2026-06-09 13:04:29,41,50,0,6,12.14,77.967
2026-06-09 13:09:29,45,54,0,39,12.791,76.16
2026-06-09 13:14:29,41,51,0,33,12.97,75.22
2026-06-09 13:19:29,44,53,0,7,13.04,74.194
2026-06-09 13:24:29,41,54,0,73,13.288,74.137
2026-06-09 13:29:29,41,50,0,5,12.324,75.87
2026-06-09 13:34:29,39,45,0,18,13.074,74.15
2026-06-09 13:39:29,41,50,0,0,13.066,73.955
2026-06-09 13:44:30,36,46,0,0,12.532,75.525
2026-06-09 13:49:38,39,48,0,17,12.879,74.795
2026-06-09 13:54:29,51,63,0,65,12.973,74.495
2026-06-09 13:59:29,44,53,0,45,12.62,75.75
2026-06-09 14:04:29,33,37,0,9,12.38,75.924
2026-06-09 14:09:29,37,46,0,18,12.775,74.65
2026-06-09 14:14:30,33,38,0,0,12.255,75.649
2026-06-09 14:19:29,39,44,0,13,12.658,75.321
2026-06-09 14:24:29,38,44,0,0,12.919,74.552
2026-06-09 14:29:38,37,44,0,0,13.021,74.121
2026-06-09 14:34:29,35,42,0,8,13.277,74.575
2026-06-09 14:39:29,36,45,0,6,13.104,74.776
2026-06-09 14:44:29,38,46,0,4,12.879,74.617
2026-06-09 14:49:30,37,45,0,6,13.531,72.941
2026-06-09 14:54:38,36,43,0,0,13.502,72.752
2026-06-09 14:59:29,36,41,0,30,13.437,73.44
2026-06-09 15:04:29,35,40,0,0,13.08,73.921
2026-06-09 15:09:29,36,41,0,36,13.09,73.784
2026-06-09 15:14:31,36,43,0,0,12.967,73.847
2026-06-09 15:19:31,36,40,0,12,12.992,74.505
2026-06-09 15:24:30,34,39,0,13,13.219,74.28
2026-06-09 15:29:30,36,43,0,50,13.502,73.244
2026-06-09 15:34:38,35,41,0,35,13.32,73.715
2026-06-09 15:39:30,38,43,0,50,13.208,74.617
2026-06-09 15:44:31,35,39,0,12,13.339,73.282
2026-06-09 15:49:30,32,36,0,0,13.429,72.83
2026-06-09 15:54:31,35,39,0,5,13.365,73.267
2026-06-09 15:59:31,33,42,0,0,13.475,73.669
2026-06-09 16:04:30,33,37,0,7,13.157,73.98
2026-06-09 16:09:37,36,42,0,22,13.373,74.362
2026-06-09 16:14:31,33,34,0,0,13.464,72.864
2026-06-09 16:19:31,36,41,0,55,12.719,74.821
2026-06-09 16:24:31,35,40,0,8,13.002,74.829
2026-06-09 16:29:31,35,40,0,22,13.376,73.656
2026-06-09 16:34:31,36,40,0,43,13.459,73.32
2026-06-09 16:39:31,36,42,0,44,13.082,74.901
2026-06-09 16:44:31,43,51,0,160,13.21,74.247
2026-06-09 16:49:31,37,44,0,52,12.711,76.191
2026-06-09 16:54:31,49,60,0,96,12.682,76.982
2026-06-09 16:59:31,44,54,0,119,12.866,76.502
2026-06-09 17:04:31,43,52,0,212,12.885,76.105
2026-06-09 17:09:31,44,53,0,141,12.885,76.437
2026-06-09 17:14:31,51,64,0,137,12.666,77.021
2026-06-09 17:19:31,51,62,0,160,12.54,77.722
2026-06-09 17:24:31,47,59,0,156,12.634,77.019
2026-06-09 17:29:41,46,56,0,180,11.819,80.341
2026-06-09 17:34:31,46,56,0,147,11.833,79.634
2026-06-09 17:39:31,52,63,0,166,11.672,80.326
2026-06-09 17:44:31,44,53,0,92,11.766,79.393
2026-06-09 17:49:31,40,52,0,144,11.699,79.019
2026-06-09 17:54:31,48,57,0,288,11.782,78.724
2026-06-09 17:59:31,53,64,0,298,11.755,78.964
2026-06-09 18:04:31,64,77,0,376,11.862,78.36
2026-06-09 18:09:31,58,72,0,294,11.696,79.021
2026-06-09 18:14:32,65,79,0,560,11.387,80.093
2026-06-09 18:19:32,58,73,0,199,10.789,82.596
2026-06-09 18:24:32,52,64,0,108,10.813,82.237
2026-06-09 18:29:32,48,57,0,78,10.385,83.778
2026-06-09 18:34:32,66,83,0,83,10.513,83.279
2026-06-09 18:39:32,64,78,0,129,10.762,82.115
2026-06-09 18:44:32,48,58,0,47,10.786,81.623
2026-06-09 18:49:32,45,54,0,44,10.949,81.186
2026-06-09 18:54:32,51,63,0,155,10.66,82.184
2026-06-09 18:59:33,39,45,0,41,10.383,83.652
2026-06-09 19:04:33,39,49,0,66,10.537,83.189
2026-06-09 19:09:32,38,47,0,60,10.671,82.384
2026-06-09 19:14:33,39,42,0,23,10.254,83.923
2026-06-09 19:19:32,38,43,0,27,10.23,84.158
2026-06-09 19:24:32,37,44,0,50,10.233,84.043
2026-06-09 19:29:32,38,46,0,59,10.468,82.907
2026-06-09 19:34:32,41,49,0,53,10.292,83.994
2026-06-09 19:39:32,41,46,0,95,10.535,83.023
2026-06-09 19:44:32,42,53,0,133,10.497,82.956
2026-06-09 19:49:42,47,55,0,111,10.399,83.454
2026-06-09 19:54:33,46,56,0,150,10.308,83.467
2026-06-09 19:59:33,51,66,0,171,9.79,85.831
2026-06-09 20:04:32,48,58,0,179,10.043,84.98
2026-06-09 20:09:33,54,69,0,259,10.081,84.728
2026-06-09 20:14:32,42,49,0,78,9.881,85.579
2026-06-09 20:19:33,85,94,0,155,9.905,85.394
2026-06-09 20:24:32,93,105,0,256,9.934,85.449
2026-06-09 20:29:32,53,65,0,114,9.792,85.903
2026-06-09 20:34:32,37,46,0,48,9.579,86.983
2026-06-09 20:39:32,50,59,0,128,9.702,86.487
2026-06-09 20:44:33,43,54,0,56,9.667,86.554
2026-06-09 20:49:32,48,56,0,74,9.579,87.206
2026-06-09 20:54:33,57,72,0,189,9.736,86.304
2026-06-09 20:59:53,59,75,0,92,9.779,86.565
2026-06-09 21:04:33,41,49,0,41,9.664,87.072
2026-06-09 21:09:32,56,72,0,66,9.817,86.319
2026-06-09 21:14:34,58,72,0,211,9.79,86.027
2026-06-09 21:19:34,43,53,0,51,9.715,86.458
2026-06-09 21:24:33,40,47,0,57,9.939,85.632
2026-06-09 21:29:34,46,58,0,99,9.907,85.732
2026-06-09 21:34:55,47,58,0,77,9.758,86.22
2026-06-09 21:39:33,48,58,0,69,9.678,86.504
2026-06-09 21:44:34,46,54,0,78,9.768,86.397
2026-06-09 21:49:34,47,57,0,98,9.907,85.619
2026-06-09 21:54:34,46,55,0,99,9.736,86.422
2026-06-09 21:59:34,43,53,0,38,9.833,86.229
2026-06-09 22:04:34,52,64,0,125,9.792,86.315
2026-06-09 22:09:34,45,55,0,172,9.977,85.569
2026-06-09 22:14:34,42,48,0,77,9.614,86.72
2026-06-09 22:19:33,40,49,0,84,9.704,86.374
2026-06-09 22:24:34,55,67,0,216,9.83,84.736
2026-06-09 22:29:34,56,72,0,220,9.477,85.897
2026-06-09 22:34:34,57,72,0,220,9.464,86.655
2026-06-09 22:39:34,56,73,0,317,9.339,87.446
2026-06-09 22:44:34,55,67,0,230,9.598,86.094
2026-06-09 22:49:34,51,62,0,196,9.541,86.687
2026-06-09 22:54:34,41,47,0,82,9.253,88.284
2026-06-09 22:59:34,42,53,0,123,9.493,87.379
2026-06-09 23:04:34,52,63,0,148,9.614,86.082
2026-06-09 23:09:34,50,60,0,157,9.632,86.407
2026-06-09 23:14:34,59,74,0,208,9.031,88.471
2026-06-09 23:19:34,49,58,0,138,9.304,87.713
2026-06-09 23:24:34,46,56,0,81,9.245,89.035
2026-06-09 23:29:34,45,55,0,157,9.523,87.242
2026-06-09 23:34:34,48,58,0,142,9.453,86.815
2026-06-09 23:39:34,44,54,0,118,9.336,87.606
2026-06-09 23:44:34,43,54,0,75,9.387,88.167
2026-06-09 23:49:34,41,53,0,86,9.331,88.499
2026-06-09 23:54:34,39,48,0,105,9.576,87.227
2026-06-09 23:59:34,49,59,0,126,9.453,86.817
2026-06-10 00:04:34,47,58,0,138,8.965,88.82
2026-06-10 00:09:34,41,50,0,110,8.965,89.665
2026-06-10 00:14:35,43,54,0,178,9.293,88.104
2026-06-10 00:19:35,44,54,0,81,9.475,87.759
2026-06-10 00:24:35,52,64,0,169,9.224,87.914
2026-06-10 00:29:35,55,69,0,137,8.989,87.984
2026-06-10 00:34:35,50,60,0,142,8.986,87.843
2026-06-10 00:39:35,55,69,0,157,9.098,87.324
2026-06-10 00:44:35,56,72,0,150,8.738,88.97
2026-06-10 00:49:46,54,69,0,145,9.007,88.587
2026-06-10 00:54:35,52,64,0,128,9.197,88.814
2026-06-10 00:59:35,52,63,0,107,8.938,89.466
2026-06-10 01:04:35,49,61,0,97,9.178,89.205
2026-06-10 01:09:35,49,60,0,108,9.208,88.509
2026-06-10 01:14:35,47,58,0,110,9.248,88.907
2026-06-10 01:19:35,49,61,0,130,9.357,87.32
2026-06-10 01:24:35,50,64,0,157,9.242,87.98
2026-06-10 01:29:35,50,61,0,126,8.756,89.674
2026-06-10 01:34:35,51,61,0,127,9.189,88.526
2026-06-10 01:39:35,47,59,0,111,9.144,88.606
2026-06-10 01:44:35,46,59,0,99,9.093,89.079
2026-06-10 01:49:35,48,58,0,95,9.293,88.106
2026-06-10 01:54:35,50,59,0,91,9.389,87.969
2026-06-10 01:59:36,48,59,0,113,9.261,87.555
2026-06-10 02:04:44,54,68,0,137,8.983,87.715
2026-06-10 02:09:36,54,66,0,133,9.005,88.039
2026-06-10 02:14:35,52,60,0,113,8.834,89.024
2026-06-10 02:19:35,52,64,0,124,8.772,89.876
2026-06-10 02:24:35,52,64,0,112,9.104,88.385
2026-06-10 02:29:36,50,65,0,101,9.133,88.625
2026-06-10 02:34:35,52,62,0,104,9.269,88.343
2026-06-10 02:39:35,48,59,0,84,9.01,89.626
2026-06-10 02:44:36,48,60,0,87,9.077,89.283
2026-06-10 02:49:36,48,57,0,89,9.141,88.835
2026-06-10 02:54:36,47,58,0,79,9.285,88.265
2026-06-10 02:59:35,47,57,0,87,9.565,87.32
2026-06-10 03:04:36,45,55,0,80,9.2,88.398
2026-06-10 03:09:35,49,59,0,154,9.186,87.856
2026-06-10 03:14:37,50,63,0,224,9.16,88.144
2026-06-10 03:19:36,51,64,0,116,9.178,88.144
2026-06-10 03:24:37,52,64,0,141,9.202,88.07
2026-06-10 03:29:36,50,62,0,113,8.911,89.325
2026-06-10 03:34:37,49,60,0,102,8.93,89.439
2026-06-10 03:39:37,50,61,0,109,9.288,87.986
2026-06-10 03:44:37,51,67,0,116,9.501,86.941
2026-06-10 03:49:42,50,62,0,99,9.053,88.835
2026-06-10 03:54:37,49,59,0,107,9.237,87.933
2026-06-10 03:59:37,54,67,0,114,9.021,88.745
2026-06-10 04:04:37,49,60,0,101,9.034,89.05
2026-06-10 04:09:37,49,60,0,86,8.983,89.199
2026-06-10 04:14:37,52,64,0,109,9.09,88.598
2026-06-10 04:19:37,52,65,0,139,9.186,87.374
2026-06-10 04:24:37,52,64,0,125,9.021,88.461
2026-06-10 04:29:37,55,67,0,112,9.266,87.149
2026-06-10 04:34:37,51,65,0,109,9.208,87.675
2026-06-10 04:39:37,55,66,0,118,9.381,86.975
2026-06-10 04:44:37,51,63,0,97,9.186,87.938
2026-06-10 04:49:37,53,65,0,134,9.149,87.742
2026-06-10 04:54:37,50,59,0,117,9.208,87.826
2026-06-10 04:59:37,54,66,0,115,9.109,87.919
2026-06-10 05:04:37,54,67,0,110,9.189,87.116
2026-06-10 05:09:37,58,73,0,138,9.074,87.32
2026-06-10 05:14:37,63,80,0,168,9.061,86.998
2026-06-10 05:19:37,60,77,0,173,8.839,87.908
2026-06-10 05:24:37,59,74,0,158,8.917,87.786
2026-06-10 05:29:37,62,80,0,196,9.007,87.141
2026-06-10 05:34:37,60,76,0,175,9.077,87.296
2026-06-10 05:39:37,60,76,0,133,9.079,87.584
2026-06-10 05:44:37,55,69,0,126,9.21,87.227
2026-06-10 05:49:38,58,72,0,115,9.411,86.704
2026-06-10 05:54:37,56,72,0,127,9.592,86.235
2026-06-10 05:59:46,56,71,0,105,9.736,85.236
2026-06-10 06:04:46,54,68,0,124,9.8,85.882
2026-06-10 06:09:37,52,65,0,111,9.795,85.331
2026-06-10 06:14:38,55,67,0,169,10.078,84.051
2026-06-10 06:19:38,52,66,0,166,9.913,84.629
2026-06-10 06:24:38,57,72,0,155,9.841,84.854
2026-06-10 06:29:38,54,68,0,149,9.961,84.234
2026-06-10 06:34:38,56,72,0,123,9.838,84.785
2026-06-10 06:39:38,55,71,0,157,9.87,85.127
2026-06-10 06:44:39,55,69,0,197,9.648,85.716
2026-06-10 06:49:38,54,66,0,156,9.664,85.608
2026-06-10 06:54:38,54,71,0,217,9.56,85.972
2026-06-10 06:59:38,56,70,0,130,9.333,86.834
2026-06-10 07:04:38,54,68,0,130,9.715,85.196
2026-06-10 07:09:39,54,67,0,102,9.75,85.266
2026-06-10 07:14:38,67,81,0,237,9.659,85.478
2026-06-10 07:19:54,61,77,0,167,9.451,86.269
2026-06-10 07:24:38,56,70,0,150,9.445,86.565
2026-06-10 07:29:38,57,75,0,148,9.723,85.218
2026-06-10 07:34:38,53,65,0,106,9.6,85.781
2026-06-10 07:39:49,57,75,0,138,9.571,85.941
2026-06-10 07:44:38,52,65,0,125,9.806,85.117
2026-06-10 07:49:39,54,66,0,152,9.691,85.461
2026-06-10 07:54:38,55,69,0,102,9.557,86.094
2026-06-10 07:59:39,54,66,0,110,9.627,85.703
2026-06-10 08:04:38,51,61,0,142,9.8,85.339
2026-06-10 08:09:46,55,70,0,167,9.942,84.385
2026-06-10 08:14:38,51,63,0,124,9.795,85.579
2026-06-10 08:19:39,47,59,0,94,9.726,85.634
2026-06-10 08:24:38,48,59,0,77,9.819,85.541
2026-06-10 08:29:39,48,59,0,112,10.084,84.375
2026-06-10 08:34:39,47,58,0,94,10.431,82.544
2026-06-10 08:39:39,52,61,0,184,10.57,83.334
2026-06-10 08:44:39,49,61,0,127,10.604,82.68
2026-06-10 08:49:39,47,57,0,135,10.716,82.788
2026-06-10 08:54:38,48,58,0,170,10.885,81.257
2026-06-10 08:59:39,69,86,0,239,10.278,84.995
2026-06-10 09:04:39,77,87,0,221,10.698,82.754
2026-06-10 09:09:39,61,78,0,235,10.69,83.061
2026-06-10 09:14:40,58,72,0,350,10.794,83.038
2026-06-10 09:19:40,56,69,0,128,10.858,82.563
2026-06-10 09:24:40,57,69,0,181,10.682,82.706
2026-06-10 09:29:40,59,74,0,168,10.383,84.278
2026-06-10 09:34:40,58,75,0,251,10.383,84.749
2026-06-10 09:39:40,59,73,0,133,10.367,84.885
2026-06-10 09:44:40,61,79,0,137,10.887,82.794
2026-06-10 09:49:40,58,72,0,141,11.088,82.153
2026-06-10 09:54:40,46,57,0,92,11.483,78.844
2026-06-10 09:59:40,51,65,0,127,11.488,79.323
2026-06-10 10:04:40,49,63,0,109,11.528,79.645
2026-06-10 10:09:40,52,65,0,96,11.747,78.02
2026-06-10 10:14:40,54,66,0,122,11.937,78.064
2026-06-10 10:19:40,54,67,0,114,11.619,79.147
2026-06-10 10:24:40,53,64,0,105,11.333,78.71
2026-06-10 10:29:40,54,65,0,122,11.822,78.573
2026-06-10 10:35:01,55,71,0,146,11.774,79.624
2026-06-10 10:39:40,53,64,0,145,11.702,79.784
2026-06-10 10:44:40,54,68,0,129,11.769,79.986
2026-06-10 10:49:40,51,63,0,136,11.795,78.371
2026-06-10 10:54:40,52,65,0,103,11.555,78.833
2026-06-10 10:59:40,51,61,0,94,11.846,77.251
2026-06-10 11:04:40,45,56,0,57,12.009,75.575
2026-06-10 11:09:40,43,53,0,97,12.15,75.703
2026-06-10 11:14:40,49,61,0,104,12.236,75.479
2026-06-10 11:19:40,49,62,0,121,11.798,78.876
2026-06-10 11:24:40,75,87,0,138,11.793,80.465
2026-06-10 11:29:40,52,64,0,115,11.75,79.492
2026-06-10 11:34:40,55,68,0,129,11.814,79.975
2026-06-10 11:39:40,52,67,0,112,11.785,79.286
2026-06-10 11:44:40,51,63,0,95,11.835,79.887
2026-06-10 11:49:40,50,64,0,91,12.07,78.22
2026-06-10 11:54:41,78,88,0,148,12.289,77.589
2026-06-10 11:59:40,69,83,0,200,12.201,79.182
2026-06-10 12:04:40,56,72,0,125,12.281,79.418
2026-06-10 12:09:40,52,64,0,110,12.214,80.44
2026-06-10 12:14:41,54,67,0,234,12.188,80.986
2026-06-10 12:19:41,57,71,0,182,12.586,79.87
2026-06-10 12:24:41,51,64,0,115,12.548,78.985
2026-06-10 12:29:41,51,62,0,94,12.503,78.251
2026-06-10 12:34:41,56,68,0,110,12.532,76.647
2026-06-10 12:39:41,56,72,0,126,12.311,79.819
2026-06-10 12:44:41,53,66,0,113,11.985,81.308
2026-06-10 12:49:42,56,69,0,162,11.931,83.837
2026-06-10 12:54:41,56,69,0,127,12.049,84.991
2026-06-10 12:59:42,59,75,0,155,12.038,85.066
2026-06-10 13:04:41,74,85,0,206,12.337,83.254
2026-06-10 13:09:41,58,75,0,177,12.404,84.723
2026-06-10 13:14:41,67,78,0,200,12.53,84.791
2026-06-10 13:19:42,53,68,0,143,12.781,84.196
2026-06-10 13:24:41,56,73,0,243,12.962,83.427
2026-06-10 13:29:41,56,69,0,142,13.045,81.938
2026-06-10 13:34:41,54,68,0,211,13.21,80.341
2026-06-10 13:39:42,53,64,0,165,13.026,79.735
2026-06-10 13:44:41,56,69,0,160,13.173,81.345
2026-06-10 13:49:42,56,70,0,139,13.074,81.951
2026-06-10 13:54:41,54,68,0,121,13.162,80.17
2026-06-10 13:59:42,53,68,0,111,13.227,80.856
2026-06-10 14:04:41,65,77,0,173,12.901,81.234
2026-06-10 14:09:42,64,76,0,200,12.866,83.37
2026-06-10 14:14:42,57,73,0,156,13.04,82.188
2026-06-10 14:19:42,68,81,0,251,12.834,82.098
2026-06-10 14:24:41,75,83,0,248,12.877,82.962
2026-06-10 14:29:42,64,78,0,185,12.642,84.452
2026-06-10 14:34:42,74,82,0,186,12.695,83.681
2026-06-10 14:39:41,71,80,0,165,12.759,82.867
2026-06-10 14:44:42,66,79,0,147,12.69,84.444
2026-06-10 14:49:42,62,77,0,140,12.708,84.211
2026-06-10 14:54:42,62,76,0,168,12.663,84.999
2026-06-10 14:59:42,69,81,0,165,12.583,84.841
2026-06-10 15:04:42,59,76,0,147,12.658,84.576
2026-06-10 15:09:42,45,55,0,69,12.249,84.017
2026-06-10 15:14:43,33,41,0,53,11.846,84.059
2026-06-10 15:19:44,39,42,0,26,11.899,84.436
2026-06-10 15:24:44,36,43,0,68,12.383,82.987
2026-06-10 15:29:43,22,27,0,0,12.369,76.427
2026-06-10 15:34:43,41,47,0,62,12.58,81.293
2026-06-10 15:39:43,46,55,0,81,12.548,83.197
2026-06-10 15:44:43,46,55,0,81,12.313,82.268
2026-06-10 15:49:53,52,65,0,112,12.604,82.384
2026-06-10 15:54:43,36,42,0,63,12.77,79.782
2026-06-10 15:59:43,35,39,0,50,12.997,78.575
2026-06-10 16:04:43,35,44,0,54,13.178,81.055
2026-06-10 16:09:43,33,34,0,7,12.805,79.067
2026-06-10 16:14:43,40,46,0,47,13.918,74.945
2026-06-10 16:19:43,36,39,0,18,14.124,72.248
2026-06-10 16:24:43,26,26,0,0,12.919,74.898
2026-06-10 16:29:43,29,29,0,7,12.524,76.376
2026-06-10 16:34:43,27,28,0,0,12.46,76.193
2026-06-10 16:39:43,29,31,0,23,12.284,76.839
2026-06-10 16:44:43,29,33,0,10,12.214,78.195
2026-06-10 16:49:43,26,27,0,37,12.14,77.894
2026-06-10 16:54:43,36,41,0,52,12.201,78.113
2026-06-10 16:59:43,33,36,0,118,11.889,80.038
2026-06-10 17:04:43,33,37,0,139,11.803,80.439
2026-06-10 17:09:43,34,37,0,86,11.59,80.751
2026-06-10 17:14:43,46,55,0,132,11.347,81.749
2026-06-10 17:19:43,40,47,0,146,11.245,82.619
2026-06-10 17:24:43,42,51,0,178,11.098,83.136
2026-06-10 17:29:43,42,51,0,86,10.06,86.424
2026-06-10 17:34:43,37,42,0,64,9.715,87.309
2026-06-10 17:39:44,37,44,0,102,9.68,87.185
2026-06-10 17:44:43,45,54,0,156,9.515,87.423
2026-06-10 17:49:43,55,67,0,193,9.328,88.11
2026-06-10 17:54:44,38,46,0,93,9.053,88.577
2026-06-10 17:59:43,38,49,0,121,8.81,89.813
2026-06-10 18:04:43,46,57,0,104,8.935,89.262
2026-06-10 18:09:43,49,59,0,109,8.631,90.067
2026-06-10 18:14:45,38,46,0,188,8.54,89.407
2026-06-10 18:19:44,39,46,0,127,8.399,89.878
2026-06-10 18:24:48,38,43,0,90,8.254,90.426
2026-06-10 18:29:44,36,38,0,81,8.262,90.55
2026-06-10 18:34:52,31,33,0,72,8.26,90.448
2026-06-10 18:39:45,36,41,0,51,8.278,90.17
2026-06-10 18:44:45,42,51,0,80,8.385,89.676
2026-06-10 18:49:44,42,52,0,145,8.385,89.367
2026-06-10 18:54:45,56,74,0,80,8.316,88.974
2026-06-10 18:59:45,78,91,0,120,8.081,90.18
2026-06-10 19:04:44,85,94,0,152,7.995,89.638
2026-06-10 19:09:44,46,56,0,98,7.827,90.681
2026-06-10 19:14:45,51,59,0,164,7.76,91.061
2026-06-10 19:19:44,39,43,0,113,7.969,90.763
2026-06-10 19:24:45,34,38,0,68,8.385,89.878
2026-06-10 19:29:44,33,34,0,119,8.372,88.249
2026-06-10 19:34:45,44,56,0,229,8.121,88.661
2026-06-10 19:39:45,37,38,0,147,7.771,89.953
2026-06-10 19:44:44,43,51,0,201,8.019,88.56
2026-06-10 19:49:45,49,61,0,157,7.739,89.31
2026-06-10 19:54:44,33,35,0,143,7.576,88.341
2026-06-10 19:59:45,40,47,0,147,7.523,89.373
2026-06-10 20:04:44,50,61,0,209,7.389,89.897
2026-06-10 20:09:45,37,40,0,245,7.248,89.567
2026-06-10 20:14:44,40,47,0,314,7.218,89.626
2026-06-10 20:19:45,27,29,0,203,7.168,89.314
2026-06-10 20:24:45,36,36,0,155,7.13,89.069
2026-06-10 20:29:45,36,39,0,174,7.2,89.295
2026-06-10 20:34:45,38,42,0,167,7.098,90.277
2026-06-10 20:39:45,42,48,0,357,6.65,91.477
2026-06-10 20:44:45,34,35,0,112,6.81,91.198
2026-06-10 20:49:45,35,36,0,156,6.77,89.544
2026-06-10 20:54:44,59,73,0,241,6.617,93.048
2026-06-10 20:59:45,41,45,0,234,6.548,90.37
2026-06-10 21:04:45,45,51,0,349,6.66,89.975
2026-06-10 21:09:45,61,76,0,345,6.401,90.351
2026-06-10 21:14:46,50,62,0,408,6.302,92.136
2026-06-10 21:19:46,37,42,0,171,6.364,91.412
2026-06-10 21:24:46,47,57,0,192,6.463,90.866
2026-06-10 21:29:46,42,48,0,148,6.268,92.089
2026-06-10 21:34:46,40,45,0,154,6.18,92.266
2026-06-10 21:39:46,52,64,0,185,6.382,92.344
2026-06-10 21:44:46,44,51,0,161,6.489,90.918
2026-06-10 21:49:46,45,54,0,219,6.447,90.159
2026-06-10 21:54:46,38,44,0,171,6.137,91.103
2026-06-10 21:59:46,33,37,0,152,6.046,91.759
2026-06-10 22:04:46,30,31,0,125,6.214,90.803
2026-06-10 22:09:46,33,34,0,158,5.955,91.232
2026-06-10 22:14:46,33,36,0,207,5.918,90.948
2026-06-10 22:19:46,28,28,0,137,5.875,90.895
2026-06-10 22:24:46,46,54,0,232,5.774,92.308
2026-06-10 22:29:46,45,51,0,168,5.8,92.211
2026-06-10 22:34:46,46,54,0,232,5.71,91.757
2026-06-10 22:39:46,53,63,0,229,5.827,93.331
2026-06-10 22:44:46,42,49,0,151,5.747,93.35
2026-06-10 22:49:46,30,31,0,125,5.499,92.732
2026-06-10 22:54:46,23,25,0,88,5.523,92.014
2026-06-10 22:59:46,23,26,0,100,5.597,92.804
2026-06-10 23:04:46,15,23,0,132,5.629,90.532
2026-06-10 23:09:46,14,14,0,111,5.52,90.693
2026-06-10 23:14:46,43,49,0,212,5.536,91.759
2026-06-10 23:19:46,47,56,0,158,5.304,90.742
2026-06-10 23:24:46,36,40,0,123,5.21,91.78
2026-06-10 23:29:46,47,58,0,214,5.341,90.761
2026-06-10 23:34:46,34,36,0,133,4.906,91.173
2026-06-10 23:39:47,44,50,0,181,5.119,91.667
2026-06-10 23:44:46,51,61,0,219,5.098,93.474
2026-06-10 23:49:46,41,45,0,181,5.133,92.129
2026-06-10 23:54:46,37,41,0,145,4.986,91.658
2026-06-10 23:59:46,46,53,0,171,5.154,91.726
2026-06-11 00:04:46,33,36,0,173,4.663,91.953
2026-06-11 00:09:46,41,48,0,154,4.951,94.767
2026-06-11 00:14:48,39,43,0,207,5.362,92.619
2026-06-11 00:19:47,35,39,0,132,4.967,91.601
2026-06-11 00:24:47,34,35,0,150,4.9,92.346
2026-06-11 00:29:48,18,21,0,92,4.759,92.32
2026-06-11 00:34:48,10,10,0,72,4.89,94.238
2026-06-11 00:39:48,21,24,0,101,4.569,95.398
2026-06-11 00:44:48,18,18,0,107,4.82,93.321
2026-06-11 00:49:55,14,20,0,84,4.818,93.195
2026-06-11 00:54:47,23,26,0,92,5.042,93.863
2026-06-11 00:59:48,15,18,0,110,4.994,92.756
2026-06-11 01:04:47,22,29,0,128,4.994,90.601
2026-06-11 01:09:48,20,22,0,108,4.997,89.054
2026-06-11 01:14:47,25,26,0,138,4.513,91.677
2026-06-11 01:19:48,29,31,0,134,4.273,92.251
2026-06-11 01:24:47,25,33,0,107,4.294,94.49
2026-06-11 01:29:48,33,34,0,120,4.585,94.944
2026-06-11 01:34:48,27,31,0,121,4.463,92.327
2026-06-11 01:39:48,21,30,0,126,4.097,92.703
2026-06-11 01:44:47,23,26,0,108,4.34,90.315
2026-06-11 01:49:48,26,30,0,123,4.113,91.887
2026-06-11 01:54:48,31,31,0,119,4.078,95.345
2026-06-11 01:59:48,32,36,0,130,4.313,93.163
2026-06-11 02:04:48,24,29,0,107,4.035,91.45
2026-06-11 02:09:48,32,33,0,118,3.936,92.333
2026-06-11 02:14:48,27,32,0,112,4.014,93.323
2026-06-11 02:19:47,24,27,0,102,4.022,93.083
2026-06-11 02:24:48,24,26,0,103,4.033,92.377
2026-06-11 02:29:48,21,24,0,91,3.814,91.959
2026-06-11 02:34:48,24,25,0,110,3.92,93.281
2026-06-11 02:39:48,20,22,0,94,3.723,93.109
2026-06-11 02:44:48,18,22,0,88,3.819,94.168
2026-06-11 02:49:48,16,20,0,94,3.848,93.119
2026-06-11 02:54:48,21,22,0,99,3.83,91.425
2026-06-11 02:59:48,12,12,0,92,3.744,91.816
2026-06-11 03:04:48,14,16,0,84,4.065,95.276
2026-06-11 03:09:48,12,16,0,90,3.72,93.544
2026-06-11 03:14:49,16,17,0,126,3.83,92.941
2026-06-11 03:19:49,18,20,0,103,3.64,94.649
2026-06-11 03:24:49,16,20,0,104,3.627,94.307
2026-06-11 03:29:49,21,25,0,101,3.8,93.857
2026-06-11 03:34:56,21,29,0,97,3.846,94.662
2026-06-11 03:39:49,9,9,0,96,3.947,93.903
2026-06-11 03:44:49,12,17,0,85,3.982,93.876
2026-06-11 03:49:49,12,15,0,91,3.827,92.899
2026-06-11 03:54:49,10,12,0,83,3.811,95.896
2026-06-11 03:59:49,9,9,0,83,3.819,93.039
2026-06-11 04:04:49,20,21,0,87,3.683,93.968
2026-06-11 04:09:49,15,21,0,89,3.627,91.705
2026-06-11 04:14:49,14,14,0,88,3.531,92.522
2026-06-11 04:19:49,10,10,0,96,3.6,92.989
2026-06-11 04:24:49,12,12,0,89,3.766,91.41
2026-06-11 04:29:49,12,16,0,96,3.488,92.049
2026-06-11 04:34:49,20,24,0,98,3.541,92.985
2026-06-11 04:39:49,16,19,0,88,3.688,95.278
2026-06-11 04:44:49,23,26,0,91,3.6,95.377
2026-06-11 04:49:49,12,12,0,98,3.354,92.079
2026-06-11 04:54:49,23,25,0,96,3.189,91.936
2026-06-11 04:59:49,18,18,0,89,3.111,91.351
2026-06-11 05:04:49,17,21,0,107,3.197,92.566
2026-06-11 05:09:49,26,26,0,112,2.703,92.831
2026-06-11 05:14:49,23,27,0,120,3.069,93.426
2026-06-11 05:19:49,27,27,0,118,3.082,93.96
2026-06-11 05:24:49,16,19,0,87,3.095,95.61
2026-06-11 05:29:49,8,10,0,90,3.181,93.342
2026-06-11 05:34:49,9,10,0,86,2.86,94.233
2026-06-11 05:39:49,9,9,0,86,2.81,93.264
2026-06-11 05:44:49,6,6,0,83,2.908,93.283
2026-06-11 05:49:49,9,9,0,76,2.692,91.551
2026-06-11 05:54:49,9,11,0,91,2.826,92.234
2026-06-11 05:59:49,9,10,0,96,2.964,92.751
2026-06-11 06:04:50,16,16,0,89,3.002,93.414
2026-06-11 06:09:49,9,11,0,82,2.906,94.385
2026-06-11 06:14:50,8,8,0,,2.778,93.708
2026-06-11 06:19:50,6,6,0,,2.612,92.743
2026-06-11 06:24:51,5,8,0,,2.796,96.491
2026-06-11 06:29:50,2,2,0,,2.7,95.448
2026-06-11 06:34:50,1,2,0,,2.628,95.549
2026-06-11 06:39:51,2,2,0,,2.655,93.235
2026-06-11 06:44:50,6,8,0,,2.615,94.107
2026-06-11 06:49:51,4,4,0,,2.663,93.525
2026-06-11 06:54:50,4,6,0,,2.548,93.407
2026-06-11 06:59:51,4,5,0,,2.241,94.046
2026-06-11 07:04:51,6,6,0,,2.468,95.267
2026-06-11 07:09:51,6,6,0,,2.449,94.549
2026-06-11 07:14:51,6,8,0,,2.292,94.454
2026-06-11 07:19:50,6,6,0,,2.409,94.948
2026-06-11 07:24:51,9,11,0,,2.393,93.746
2026-06-11 07:29:51,24,31,0,,2.361,94.916
2026-06-11 07:34:51,4,5,0,,2.313,95.177
2026-06-11 07:39:51,5,5,0,,2.334,94.736
2026-06-11 07:44:57,2,2,0,,2.259,93.668
2026-06-11 07:49:51,4,7,0,,2.19,96.718
2026-06-11 07:54:51,11,11,0,,2.337,95.944
2026-06-11 07:59:51,6,8,0,,2.617,95.843
2026-06-11 08:04:51,16,16,0,,2.318,94.242
2026-06-11 08:09:51,11,11,0,,2.631,96.92
2026-06-11 08:15:00,5,5,0,,2.644,96.464
2026-06-11 08:19:51,12,12,0,,2.625,94.692
2026-06-11 08:24:51,6,6,0,,2.828,95.196
2026-06-11 08:29:51,9,9,0,,2.687,93.132
2026-06-11 08:34:51,56,69,0,,2.791,93.519
2026-06-11 08:39:51,40,43,0,,2.756,93.5
2026-06-11 08:44:51,27,34,0,,2.882,94.086
2026-06-11 08:49:51,28,28,0,,2.954,92.747
2026-06-11 08:54:51,48,53,0,,2.911,93.718
2026-06-11 08:59:51,125,131,0,,2.831,93.908
2026-06-11 09:04:51,89,102,0,,2.93,95.047
2026-06-11 09:09:51,11,11,0,,2.956,94.689
2026-06-11 09:14:52,11,12,0,,3.103,93.094
2026-06-11 09:19:52,26,31,0,,5.44,84.356
2026-06-11 09:24:52,34,38,0,,6.949,80.286
2026-06-11 09:29:52,12,12,0,,5.571,87.702
2026-06-11 09:34:52,8,8,0,,5.504,91.269
2026-06-11 09:39:52,12,16,0,,5.608,91.858
2026-06-11 09:44:52,21,23,0,,6.321,90.986
2026-06-11 09:49:52,20,22,0,,6.663,88.28
2026-06-11 09:54:52,22,24,0,,7.01,87.62
2026-06-11 09:59:52,15,19,0,,7.493,86.435
2026-06-11 10:04:52,17,22,0,,7.79,82.779
2026-06-11 10:09:52,11,11,0,,8.051,82.373
2026-06-11 10:14:52,10,13,0,,8.294,83.572
2026-06-11 10:19:52,6,6,0,,8.457,82.455
2026-06-11 10:24:52,7,8,0,,9.165,81.713
2026-06-11 10:29:52,7,7,0,,9.365,81.482
2026-06-11 10:34:52,8,8,0,,9.675,81.974
2026-06-11 10:39:52,4,6,0,,10.017,80.37
2026-06-11 10:44:52,3,4,0,,10.554,77.783
2026-06-11 10:49:53,7,7,0,,10.829,78.287
2026-06-11 10:54:52,3,3,0,,11.048,77.024
2026-06-11 10:59:52,3,3,0,90,11.2,75.163
2026-06-11 11:04:53,2,2,0,100,11.795,74.48
2026-06-11 11:09:52,3,3,0,79,12.188,71.272
2026-06-11 11:14:53,1,1,0,81,12.746,68.512
2026-06-11 11:19:52,0,0,0,70,13.2,65.355
2026-06-11 11:24:52,0,0,0,54,13.264,63.284
2026-06-11 11:29:52,0,0,0,64,13.945,62.971
2026-06-11 11:34:52,1,1,0,51,13.771,61.46
2026-06-11 11:39:52,0,0,0,59,14.511,63.694
2026-06-11 11:45:13,0,0,0,61,14.944,62.776
2026-06-11 11:49:53,0,0,0,55,15.299,62.473
2026-06-11 11:54:52,0,0,0,44,15.707,59.112
2026-06-11 11:59:52,0,0,0,42,16.017,55.423
2026-06-11 12:04:53,0,0,0,50,16.701,55.397
2026-06-11 12:09:52,0,0,0,17,16.46,53.239
2026-06-11 12:14:54,0,0,0,45,16.471,54.969
2026-06-11 12:19:53,1,1,0,40,16.661,55.763
2026-06-11 12:24:54,0,0,0,52,16.564,57.943
2026-06-11 12:30:05,0,0,0,24,16.952,53.779
2026-06-11 12:34:54,1,1,0,54,17.141,54.185
2026-06-11 12:39:53,3,3,0,28,17.558,53.102
2026-06-11 12:44:54,2,2,0,36,17.491,52.335
2026-06-11 12:49:54,6,6,0,43,18.081,50.91
2026-06-11 12:54:54,5,5,0,29,18.207,50.489
2026-06-11 12:59:54,5,5,0,36,18.802,50.018
2026-06-11 13:04:54,4,4,0,46,18.759,49.562
2026-06-11 13:09:54,4,4,0,20,18.61,50.378
2026-06-11 13:14:53,6,7,0,33,19.029,50.149
2026-06-11 13:19:54,6,6,0,34,18.674,53.047
2026-06-11 13:24:54,4,4,0,38,19.152,49.903
2026-06-11 13:29:54,3,3,0,36,19.227,50.735
2026-06-11 13:35:03,6,7,0,48,19.633,47.677
2026-06-11 13:40:00,6,6,0,27,19.04,48.026
2026-06-11 13:44:53,4,4,0,20,19.051,47.733
2026-06-11 13:49:54,3,4,0,2,18.722,48.105
2026-06-11 13:54:54,3,3,0,0,18.858,46.234
2026-06-11 13:59:54,2,2,0,0,18.765,43.439
2026-06-11 14:04:54,2,2,0,10,19.288,46.729
2026-06-11 14:09:54,2,2,0,18,19.411,47.735
2026-06-11 14:14:54,2,2,0,2,19.643,42.957
2026-06-11 14:20:00,0,0,0,7,19.972,42.806
2026-06-11 14:24:54,1,1,0,38,20.084,44.851
2026-06-11 14:29:54,1,2,0,27,20.028,43.729
2026-06-11 14:34:54,0,0,0,11,20.495,41.711
2026-06-11 14:39:54,1,2,0,0,20.282,42.148
2026-06-11 14:44:54,2,3,0,26,20.458,39.909
2026-06-11 14:49:54,1,1,0,46,20.818,39.472
2026-06-11 14:54:54,0,0,0,23,21.216,41.061
2026-06-11 14:59:54,1,1,0,9,20.631,41.116
2026-06-11 15:04:54,1,1,0,11,21.411,40.996
2026-06-11 15:09:54,0,1,0,3,21.123,41.145
2026-06-11 15:14:55,1,1,0,0,22.015,39.342
2026-06-11 15:19:55,0,1,0,27,22.501,42.173
2026-06-11 15:24:55,0,0,0,33,22.81,41.724
2026-06-11 15:29:55,0,0,0,12,21.87,41.778
2026-06-11 15:35:04,0,1,0,30,21.651,41.782
2026-06-11 15:39:55,0,0,0,0,21.491,41.232
2026-06-11 15:44:55,0,0,0,4,21.531,38.205
2026-06-11 15:49:55,0,0,0,0,21.724,37.194
2026-06-11 15:54:55,0,0,0,94,21.865,47.428
2026-06-11 15:59:55,0,0,0,39,21.141,49.861
2026-06-11 16:04:55,0,0,0,35,21.139,47.981
2026-06-11 16:09:56,0,0,0,41,21.654,47.265
2026-06-11 16:14:55,0,0,0,36,21.675,45.707
2026-06-11 16:19:55,0,0,0,64,21.772,48.082
2026-06-11 16:24:55,0,0,0,97,20.743,52.223
2026-06-11 16:29:55,0,0,0,89,20.607,55.023
2026-06-11 16:34:55,0,0,0,94,20.274,54.882
2026-06-11 16:39:55,2,2,0,115,19.36,52.249
2026-06-11 16:44:55,2,2,0,76,18.783,54.794
2026-06-11 16:49:55,22,23,0,136,18.132,59.686
2026-06-11 16:55:02,17,17,0,84,17.192,60.672
2026-06-11 16:59:55,4,4,0,64,16.583,61.632
2026-06-11 17:04:55,2,3,0,68,16.094,62.519
2026-06-11 17:09:55,4,4,0,51,15.838,61.805
2026-06-11 17:14:56,7,7,0,64,15.654,61.382
2026-06-11 17:19:55,6,6,0,66,15.176,64.577
2026-06-11 17:24:55,3,4,0,64,14.815,64.558
2026-06-11 17:29:56,2,2,0,42,14.524,63.923
2026-06-11 17:35:41,1,2,0,108,14.839,64.096
2026-06-11 17:39:55,4,4,0,144,14.591,62.357
2026-06-11 17:44:56,16,18,0,72,14.407,63.394
2026-06-11 17:49:55,30,34,0,112,13.996,66.827
2026-06-11 17:54:55,2,2,0,50,13.899,64.607
2026-06-11 17:59:56,3,4,0,53,13.726,66.913
2026-06-11 18:04:56,3,4,0,63,13.568,67.032
2026-06-11 18:09:55,9,13,0,71,13.646,66.61
2026-06-11 18:14:57,2,2,0,81,13.534,65.786
2026-06-11 18:19:56,2,2,0,46,13.603,64.863
2026-06-11 18:24:57,2,2,0,57,13.307,66.951
2026-06-11 18:30:17,6,7,0,110,12.97,71.127
2026-06-11 18:34:56,2,2,0,72,12.834,69.301
2026-06-11 18:39:57,13,13,0,186,13.002,70.69
2026-06-11 18:44:57,2,4,0,108,12.757,69.671
2026-06-11 18:49:56,2,2,0,100,13.021,68.195
2026-06-11 18:54:57,4,5,0,104,12.959,67.533
2026-06-11 18:59:57,4,4,0,83,12.807,68.605
2026-06-11 19:04:56,3,3,0,71,12.992,66.288
2026-06-11 19:09:57,6,6,0,81,13.205,63.545
2026-06-11 19:14:57,5,5,0,66,13.718,59.908
2026-06-11 19:19:57,4,4,0,52,14.292,56.203
2026-06-11 19:24:57,26,29,0,108,13.878,61.445
2026-06-11 19:29:57,8,12,0,113,13.192,65.668
2026-06-11 19:34:57,7,8,0,82,13.336,63.982
2026-06-11 19:39:57,32,33,0,163,12.749,68.456
2026-06-11 19:44:57,9,12,0,123,12.53,69.948
2026-06-11 19:49:57,27,29,0,264,12.305,69.538
2026-06-11 19:54:57,3,3,0,104,12.471,67.329
2026-06-11 20:00:07,3,4,0,77,12.324,67.547
2026-06-11 20:04:57,2,4,0,96,12.247,69.29
2026-06-11 20:09:57,18,22,0,188,11.809,70.45
2026-06-11 20:15:18,5,6,0,113,11.75,70.07
2026-06-11 20:19:57,7,7,0,126,11.761,70.129
2026-06-11 20:24:57,13,13,0,149,13.096,64.512
2026-06-11 20:29:57,5,5,0,96,12.476,65.887
2026-06-11 20:34:57,12,12,0,105,12.209,68.054
2026-06-11 20:39:57,9,9,0,154,12.217,69.09
2026-06-11 20:44:57,6,6,0,154,12.012,70.85
2026-06-11 20:49:57,13,13,0,195,11.91,69.067
2026-06-11 20:54:57,5,6,0,206,11.857,70.511
2026-06-11 20:59:57,13,13,0,157,11.731,71.893
2026-06-11 21:04:57,10,10,0,119,11.859,69.687
2026-06-11 21:09:57,5,6,0,94,11.937,68.817
2026-06-11 21:14:58,5,5,0,218,11.59,71.844
2026-06-11 21:20:07,5,5,0,98,11.659,70.202
2026-06-11 21:24:58,4,5,0,105,11.44,71.84
2026-06-11 21:29:58,5,5,0,102,11.654,70.423
2026-06-11 21:34:58,5,5,0,123,11.48,71.695
2026-06-11 21:39:58,5,5,0,95,11.579,70.12
2026-06-11 21:44:58,5,5,0,92,11.59,70.186
2026-06-11 21:49:58,6,6,0,120,11.718,71.241
2026-06-11 21:54:58,9,9,0,158,11.811,71.266
2026-06-11 21:59:58,14,16,0,132,11.63,73.044
2026-06-11 22:04:58,23,23,0,158,11.403,72.79
2026-06-11 22:09:59,17,20,0,165,11.443,73.116
2026-06-11 22:14:58,8,9,0,149,11.397,72.95
2026-06-11 22:19:58,8,9,0,192,11.421,74.491
2026-06-11 22:24:58,19,19,0,178,11.17,74.062
2026-06-11 22:30:07,37,42,0,201,11.064,74.207
2026-06-11 22:34:58,28,29,0,189,11.08,74.48
2026-06-11 22:39:58,30,31,0,200,11.077,74.636
2026-06-11 22:44:58,6,8,0,118,10.925,75.615
2026-06-11 22:49:59,17,19,0,135,11.048,75.981
2026-06-11 22:55:15,29,29,0,185,11.154,75.703
2026-06-11 22:59:58,18,20,0,146,11.133,76.155
2026-06-11 23:04:59,18,21,0,138,11.122,75.983
2026-06-11 23:09:58,37,41,0,197,10.946,76.406
2026-06-11 23:14:58,26,30,0,172,10.772,77.661
2026-06-11 23:19:58,30,30,0,181,10.556,77.368
2026-06-11 23:24:58,28,29,0,166,10.644,75.884
2026-06-11 23:29:59,23,25,0,140,10.783,76.456
2026-06-11 23:34:58,23,26,0,142,10.746,77.309
2026-06-11 23:39:59,31,32,0,176,10.457,78.777
2026-06-11 23:44:59,30,32,0,211,10.468,77.886
2026-06-11 23:49:59,26,27,0,187,10.249,78.539
2026-06-11 23:54:59,26,29,0,132,10.268,78.865
2026-06-11 23:59:59,25,30,0,121,10.399,78.556
2026-06-12 00:04:59,53,64,0,209,10.26,79.575
2026-06-12 00:09:59,18,21,0,121,10.351,78.653
2026-06-12 00:15:00,39,46,0,429,10.228,78.802
2026-06-12 00:19:59,19,22,0,124,10.217,79.779
2026-06-12 00:25:00,23,23,0,151,9.846,80.051
2026-06-12 00:30:00,29,29,0,146,10.156,77.772
2026-06-12 00:35:00,20,21,0,123,10.204,78.442
2026-06-12 00:40:00,16,17,0,112,10.051,79.647
2026-06-12 00:45:00,22,26,0,136,10.097,79.906
2026-06-12 00:50:00,22,23,0,158,10.068,79.147
2026-06-12 00:55:00,27,29,0,226,10.153,79.784
2026-06-12 01:00:00,23,26,0,160,10.137,80.061
2026-06-12 01:05:00,16,18,0,118,9.881,80.788
2026-06-12 01:10:00,16,20,0,138,9.966,79.973
2026-06-12 01:15:00,20,21,0,127,9.977,79.992
2026-06-12 01:20:00,32,33,0,165,9.937,79.065
2026-06-12 01:25:00,28,28,0,133,9.977,80.046
2026-06-12 01:30:00,18,22,0,126,9.881,80.788
2026-06-12 01:35:00,26,26,0,131,9.838,80.093
2026-06-12 01:40:00,21,23,0,116,9.894,79.407
2026-06-12 01:45:00,9,10,0,111,9.985,78.609
2026-06-12 01:50:00,14,15,0,128,9.95,78.71
2026-06-12 01:55:00,15,15,0,116,9.894,80.13
2026-06-12 02:00:00,14,17,0,128,9.891,80.202
2026-06-12 02:05:09,13,14,0,118,9.979,80.248
2026-06-12 02:10:00,20,21,0,125,9.833,80.99
2026-06-12 02:15:00,16,18,0,128,9.662,81.259
2026-06-12 02:20:00,14,16,0,117,9.8,81.404
2026-06-12 02:25:00,10,10,0,114,9.635,81.856
2026-06-12 02:30:00,10,10,0,106,9.806,80.65
2026-06-12 02:35:00,10,13,0,116,9.897,80.492
2026-06-12 02:40:00,9,9,0,110,9.691,81.739
2026-06-12 02:45:00,9,10,0,103,9.64,82.113
2026-06-12 02:50:00,13,14,0,125,9.774,80.929
2026-06-12 02:55:01,19,22,0,141,9.95,80.049
2026-06-12 03:00:00,10,10,0,101,9.328,83.237
2026-06-12 03:05:00,23,25,0,146,9.44,81.81
2026-06-12 03:10:00,26,27,0,137,9.416,80.963
2026-06-12 03:15:01,16,20,0,277,9.576,79.765
2026-06-12 03:20:01,13,13,0,128,9.595,80.646
2026-06-12 03:25:01,19,21,0,139,9.218,82.006
2026-06-12 03:30:01,22,28,0,141,9.501,80.862
2026-06-12 03:35:02,22,23,0,154,9.539,80.435
2026-06-12 03:40:01,20,21,0,133,9.539,80.755
2026-06-12 03:45:01,18,19,0,125,9.571,80.772
2026-06-12 03:50:01,27,27,0,144,9.512,80.16
2026-06-12 03:55:01,27,27,0,147,9.317,80.543
2026-06-12 04:00:01,22,24,0,122,9.298,81.625
2026-06-12 04:05:01,20,20,0,130,9.197,81.284
2026-06-12 04:10:01,17,20,0,131,9.389,79.918
2026-06-12 04:15:02,17,20,0,121,9.376,79.771
2026-06-12 04:20:02,15,19,0,128,9.328,80.749
2026-06-12 04:25:01,22,22,0,123,9.528,77.856
2026-06-12 04:30:02,13,14,0,109,9.574,79.166
2026-06-12 04:35:02,14,15,0,124,9.507,79.773
2026-06-12 04:40:02,20,21,0,137,9.461,80.097
2026-06-12 04:45:01,23,26,0,143,9.6,78.463
2026-06-12 04:50:02,15,19,0,110,9.579,79.966
2026-06-12 04:55:02,26,26,0,132,9.539,78.913
2026-06-12 05:00:02,23,29,0,125,9.045,81.364
2026-06-12 05:05:02,23,26,0,132,9.186,79.458
2026-06-12 05:10:01,21,22,0,133,9.416,78.802
2026-06-12 05:15:02,20,20,0,124,9.533,79.855
2026-06-12 05:20:02,21,26,0,129,9.149,81.304
2026-06-12 05:25:02,16,16,0,113,9.16,81.282
2026-06-12 05:30:02,20,20,0,113,9.448,80.215
2026-06-12 05:35:02,21,22,0,120,9.173,80.458
2026-06-12 05:40:02,21,22,0,127,9.288,78.976
2026-06-12 05:45:01,17,21,0,113,9.282,81.123
2026-06-12 05:50:02,22,23,0,102,9.234,81.404
2026-06-12 05:55:02,20,24,0,116,9.162,81.428
2026-06-12 06:00:02,29,31,0,129,9.264,80.765
2026-06-12 06:05:02,28,28,0,137,9.122,81.699
2026-06-12 06:10:02,30,32,0,146,9.141,80.698
2026-06-12 06:15:03,30,32,0,366,8.658,82.725
2026-06-12 06:20:03,27,28,0,150,9.05,81.184
2026-06-12 06:25:03,29,30,0,133,9.101,81.507
2026-06-12 06:30:03,29,31,0,152,9.125,80.46
2026-06-12 06:35:03,29,30,0,130,8.994,81.974
2026-06-12 06:40:03,27,27,0,154,9.085,81.177
2026-06-12 06:45:03,30,32,0,166,8.994,81.263
2026-06-12 06:50:03,26,26,0,133,8.738,81.984
2026-06-12 06:55:03,23,24,0,131,8.925,81.964
2026-06-12 07:00:03,17,22,0,113,9.01,80.995
2026-06-12 07:05:03,53,66,0,151,9.152,80.103
2026-06-12 07:10:03,27,30,0,128,8.946,82.107
2026-06-12 07:15:03,26,28,0,185,9.224,79.883
2026-06-12 07:20:12,38,44,0,162,8.973,80.328
2026-06-12 07:25:03,31,36,0,151,9.192,80.133
2026-06-12 07:30:10,34,36,0,159,9.12,80.952
2026-06-12 07:35:03,54,65,0,267,8.786,81.585
2026-06-12 07:40:03,47,54,0,194,8.989,80.788
2026-06-12 07:45:03,45,55,0,162,8.935,81.696
2026-06-12 07:50:03,42,54,0,165,8.642,82.657
2026-06-12 07:55:03,22,23,0,115,9.173,79.218
2026-06-12 08:00:03,24,26,0,122,9.56,78.815
2026-06-12 08:05:03,38,41,0,182,9.224,80.25
2026-06-12 08:10:03,42,50,0,212,9.144,80.652
2026-06-12 08:15:03,23,27,0,127,9.13,79.956
2026-06-12 08:20:03,29,31,0,163,9.44,79.756
2026-06-12 08:25:03,42,48,0,172,9.437,79.966
2026-06-12 08:30:03,81,90,0,330,9.547,78.125
2026-06-12 08:35:03,45,53,0,209,9.528,77.757
2026-06-12 08:40:03,57,72,0,175,9.392,79.386
2026-06-12 08:45:03,30,31,0,168,9.525,76.338
2026-06-12 08:50:03,42,50,0,200,9.814,78.472
2026-06-12 08:55:03,38,40,0,157,10.078,77.988
2026-06-12 09:00:03,55,68,0,295,9.926,79.88
2026-06-12 09:05:03,43,50,0,184,9.71,79.164
2026-06-12 09:10:03,40,48,0,215,10.068,79.378
2026-06-12 09:15:04,38,41,0,385,10.105,77.112
2026-06-12 09:20:04,41,48,0,230,10.492,77.162
2026-06-12 09:25:04,46,56,0,289,10.666,76.481
2026-06-12 09:30:04,42,52,0,177,10.695,77.425
2026-06-12 09:35:04,38,43,0,170,10.527,76.42
2026-06-12 09:40:04,43,52,0,189,11.141,74.037
2026-06-12 09:45:04,35,38,0,160,11.509,72.954
2026-06-12 09:50:04,37,41,0,175,11.937,73.494
2026-06-12 09:55:05,44,52,0,225,11.971,72.664
2026-06-12 10:00:04,39,44,0,154,13.173,68.609
2026-06-12 10:05:04,34,40,0,144,13.467,66.013
2026-06-12 10:10:04,28,29,0,99,13.427,62.931
2026-06-12 10:15:05,30,32,0,123,13.974,62.593
2026-06-12 10:20:04,28,28,0,124,14.03,62.996
2026-06-12 10:25:04,28,29,0,128,14.121,64.72
2026-06-12 10:30:05,33,34,0,145,14.404,63.308
2026-06-12 10:35:04,38,42,0,135,13.886,64.001
2026-06-12 10:40:05,34,37,0,144,13.98,64.39
2026-06-12 10:45:04,32,35,0,114,14.086,63.196
2026-06-12 10:50:05,34,36,0,353,14.236,62.79
2026-06-12 10:55:04,34,38,0,118,15.376,63.711
2026-06-12 11:00:05,34,37,0,118,15.112,61.067
2026-06-12 11:05:04,32,32,0,106,15.205,61.971
2026-06-12 11:10:05,31,32,0,549,15.793,58.385
2026-06-12 11:15:05,28,30,0,105,16.14,57.031
2026-06-12 11:20:04,25,26,0,77,16.642,54.298
2026-06-12 11:25:05,27,28,0,94,16.888,54.992
2026-06-12 11:30:04,29,31,0,77,17.24,53.567
2026-06-12 11:35:05,24,24,0,77,17.633,50.819
2026-06-12 11:40:05,25,26,0,83,17.699,50.214
2026-06-12 11:45:05,26,29,0,113,18.356,50.504
2026-06-12 11:50:05,24,24,0,88,18.516,52.305
2026-06-12 11:55:05,23,25,0,85,18.482,51.053
2026-06-12 12:00:05,24,24,0,73,18.535,50.75
2026-06-12 12:05:05,22,25,0,61,18.479,45.677
2026-06-12 12:10:05,26,27,0,124,18.738,47.988
2026-06-12 12:15:06,22,23,0,79,18.81,46.792
2026-06-12 12:20:06,22,22,0,146,18.789,50.868
2026-06-12 12:25:06,21,24,0,94,18.655,48.534
2026-06-12 12:30:06,24,24,0,79,19.245,52.751
2026-06-12 12:35:06,24,24,0,86,19.053,48.253
2026-06-12 12:40:06,29,30,0,78,19.077,47.414
2026-06-12 12:45:06,24,25,0,71,19.726,48.364
2026-06-12 12:50:06,27,31,0,62,20.135,47.325
2026-06-12 12:55:06,22,22,0,51,20.169,47.193
2026-06-12 13:00:06,25,25,0,62,20.5,45.097
2026-06-12 13:05:06,19,22,0,46,20.549,44.956
2026-06-12 13:10:06,19,20,0,61,20.743,48.204
2026-06-12 13:15:06,13,15,0,44,21.077,46.445
2026-06-12 13:20:06,16,16,0,46,21.181,46.867
2026-06-12 13:25:06,11,13,0,36,21.39,47.212
2026-06-12 13:30:06,10,11,0,71,21.614,43.851
2026-06-12 13:35:06,15,16,0,37,22.148,40.775
2026-06-12 13:40:06,7,8,0,12,22.25,37.309
2026-06-12 13:45:06,13,13,0,22,22.565,38.932
2026-06-12 13:50:06,19,21,0,15,22.712,40.502
2026-06-12 13:55:06,13,13,0,18,22.49,38.852
2026-06-12 14:00:15,7,7,0,19,23.136,36.893
2026-06-12 14:05:06,7,7,0,0,23.473,35.43
2026-06-12 14:10:06,4,4,0,5,23.307,33.815
2026-06-12 14:15:06,7,7,0,18,23.358,35.186
2026-06-12 14:20:06,7,7,0,12,23.611,33.664
2026-06-12 14:25:15,6,6,0,17,23.515,38.945
2026-06-12 14:30:06,2,3,0,0,23.457,38.453
2026-06-12 14:35:07,0,1,0,10,22.912,40.279
2026-06-12 14:40:06,0,0,0,31,23.753,41.448
2026-06-12 14:45:06,1,2,0,0,24.081,38.467
2026-06-12 14:50:06,3,3,0,20,23.878,39.829
2026-06-12 14:55:06,3,4,0,11,23.953,38.16
2026-06-12 15:00:06,3,3,0,3,23.924,38.251
2026-06-12 15:05:07,2,2,0,0,24.453,34.44
2026-06-12 15:10:06,3,3,0,0,24.653,36.641
2026-06-12 15:15:07,2,2,0,0,24.033,34.98
2026-06-12 15:20:08,4,4,0,12,23.459,41.478
2026-06-12 15:25:07,2,2,0,21,23.128,43.54
2026-06-12 15:30:07,3,3,0,27,22.762,43.851
2026-06-12 15:35:07,4,4,0,25,22.925,43.846
2026-06-12 15:40:07,3,4,0,37,22.453,46.276
2026-06-12 15:45:07,3,3,0,36,21.072,53.537
2026-06-12 15:50:07,6,6,0,42,20.837,54.38
2026-06-12 15:55:17,3,4,0,37,20.506,55.463
2026-06-12 16:00:08,7,7,0,44,20.431,53.588
2026-06-12 16:05:07,4,5,0,54,19.929,57.291
2026-06-12 16:10:07,7,7,0,40,19.67,57.127
2026-06-12 16:15:08,6,6,0,38,19.929,54.723
2026-06-12 16:20:08,6,6,0,25,20.087,50.758
2026-06-12 16:25:08,6,7,0,43,19.854,52.156
2026-06-12 16:30:08,7,7,0,50,19.603,55.213
2026-06-12 16:35:08,5,5,0,67,19.219,59.406
2026-06-12 16:40:07,5,5,0,54,18.805,59.166
2026-06-12 16:45:08,4,4,0,38,18.241,58.113
2026-06-12 16:50:08,4,5,0,51,17.977,59.454
2026-06-12 16:55:08,7,7,0,55,17.95,60.066
2026-06-12 17:00:08,6,6,0,52,17.731,58.826
2026-06-12 17:05:08,4,4,0,50,17.593,58.994
2026-06-12 17:10:08,19,19,0,146,17.101,63.774
2026-06-12 17:15:08,5,5,0,36,16.893,58.208
2026-06-12 17:20:08,4,6,0,31,16.741,56.947
2026-06-12 17:25:08,3,4,0,35,16.412,60.382
2026-06-12 17:30:07,4,4,0,27,16.183,58.219
2026-06-12 17:35:08,4,4,0,15,16.076,59.202
2026-06-12 17:40:07,6,6,0,16,15.929,57.752
2026-06-12 17:45:08,4,5,0,20,15.945,57.313
2026-06-12 17:50:11,6,6,0,24,15.718,58.5
2026-06-12 17:55:08,6,7,0,17,15.662,56.758
2026-06-12 18:00:08,6,8,0,13,15.534,58.715
2026-06-12 18:05:08,4,4,0,9,15.694,56.56
2026-06-12 18:10:08,4,4,0,0,15.867,54.132
2026-06-12 18:15:09,3,3,0,0,15.873,55.048
2026-06-12 18:20:09,3,3,0,14,15.614,56.633
2026-06-12 18:25:09,3,3,0,19,15.184,58.965
2026-06-12 18:30:09,5,5,0,16,15.389,57.218
2026-06-12 18:35:09,4,4,0,13,15.245,57.958
2026-06-12 18:40:09,4,5,0,14,15.171,57.624
2026-06-12 18:45:09,7,7,0,38,15.296,59.375
2026-06-12 18:50:09,20,24,0,120,14.866,62.818
2026-06-12 18:55:09,8,8,0,60,14.746,61.603
2026-06-12 19:00:09,6,6,0,27,14.725,59.049
2026-06-12 19:05:09,3,4,0,9,15.045,56.041
2026-06-12 19:10:09,5,5,0,23,14.911,58.641
2026-06-12 19:15:09,7,8,0,87,14.682,62.866
2026-06-12 19:20:09,18,19,0,104,14.644,62.9
2026-06-12 19:25:09,7,7,0,67,14.626,60.44
2026-06-12 19:30:09,5,6,0,76,14.687,59.509
2026-06-12 19:35:09,17,18,0,125,14.399,63.322
2026-06-12 19:40:09,13,13,0,74,14.324,63.322
2026-06-12 19:45:09,8,8,0,54,14.588,59.782
2026-06-12 19:50:09,17,18,0,116,14.706,62.055
2026-06-12 19:55:09,32,36,0,202,14.377,61.573
2026-06-12 20:00:09,27,28,0,121,13.953,62.894
2026-06-12 20:05:09,8,12,0,56,14.11,60.02
2026-06-12 20:10:09,5,5,0,63,13.809,64.191
2026-06-12 20:15:09,9,9,0,76,13.558,65.162
2026-06-12 20:20:10,7,8,0,92,13.504,66.265
2026-06-12 20:25:20,7,8,0,63,13.384,65.536
2026-06-12 20:30:09,4,4,0,53,13.4,63.547
2026-06-12 20:35:19,46,55,0,75,13.494,62.647
2026-06-12 20:40:09,14,14,0,51,13.44,62.847
2026-06-12 20:45:10,15,16,0,57,13.336,62.271
2026-06-12 20:50:18,18,20,0,159,13.381,63.348
2026-06-12 20:55:10,5,5,0,40,13.106,63.079
2026-06-12 21:00:09,10,13,0,132,12.858,67.837
2026-06-12 21:05:10,18,19,0,171,13.058,66.496
2026-06-12 21:10:09,29,31,0,183,12.866,65.456
2026-06-12 21:15:11,33,34,0,330,12.481,67.653
2026-06-12 21:20:10,21,21,0,197,12.548,68.424
2026-06-12 21:25:11,25,27,0,198,12.265,67.972
2026-06-12 21:30:10,26,27,0,99,12.431,64.367
2026-06-12 21:35:11,10,14,0,58,12.209,66.276
2026-06-12 21:40:11,30,33,0,58,12.655,62.414
2026-06-12 21:45:11,8,10,0,52,12.337,65.481
2026-06-12 21:50:10,7,10,0,96,11.937,67.528
2026-06-12 21:55:11,8,8,0,63,11.969,65.786
2026-06-12 22:00:11,10,10,0,44,12.401,62.574
2026-06-12 22:05:11,7,9,0,87,12.033,66.087
2026-06-12 22:10:20,10,12,0,184,11.899,66.196
2026-06-12 22:15:11,7,7,0,76,11.606,66.982
2026-06-12 22:20:10,6,7,0,87,11.451,67.369
2026-06-12 22:25:11,10,10,0,89,11.403,68.147
2026-06-12 22:30:11,10,12,0,89,11.467,67.518
2026-06-12 22:35:11,17,20,0,102,11.307,68.329
2026-06-12 22:40:27,17,19,0,101,10.85,71.203
2026-06-12 22:45:10,36,41,0,194,10.959,68.922
2026-06-12 22:50:11,20,22,0,94,11.376,66.074
2026-06-12 22:55:10,22,25,0,94,11.395,67.293
2026-06-12 23:00:11,13,16,0,63,11.413,65.878
2026-06-12 23:05:11,23,23,0,90,10.89,70.066
2026-06-12 23:10:11,30,33,0,151,10.746,70.234
2026-06-12 23:15:11,19,22,0,88,10.941,68.811
2026-06-12 23:20:11,18,19,0,90,11.005,67.966
2026-06-12 23:25:11,21,21,0,99,10.772,69.971
2026-06-12 23:30:11,28,29,0,141,10.594,70.844
2026-06-12 23:35:11,33,36,0,169,10.655,70.081
2026-06-12 23:40:11,23,26,0,100,10.626,70.701
2026-06-12 23:45:11,26,27,0,111,10.337,71.987
2026-06-12 23:50:11,33,34,0,137,10.198,73.755
2026-06-12 23:55:11,23,25,0,111,10.078,73.999
2026-06-13 00:00:11,23,23,0,122,10.161,72.832
2026-06-13 00:05:11,22,23,0,98,10.335,71.226
2026-06-13 00:10:11,19,19,0,120,10.409,71.571
2026-06-13 00:15:12,21,23,0,221,10.249,71.991
2026-06-13 00:20:12,20,22,0,167,10.161,72.433
2026-06-13 00:25:12,29,31,0,151,9.979,73.253
2026-06-13 00:30:12,27,29,0,163,10.124,73.509
2026-06-13 00:35:12,30,32,0,187,9.993,73.459
2026-06-13 00:40:21,32,34,0,151,10.321,73.723
2026-06-13 00:45:12,34,36,0,149,10.233,73.685
2026-06-13 00:50:12,37,41,0,188,10.222,73.017
2026-06-13 00:55:12,37,43,0,199,10.311,73.965
2026-06-13 01:00:12,35,38,0,145,10.297,74.848
2026-06-13 01:05:12,48,57,0,248,10.142,74.705
2026-06-13 01:10:12,46,55,0,232,9.966,74.797
2026-06-13 01:15:12,46,56,0,259,10.081,74.083
2026-06-13 01:20:12,38,49,0,162,10.433,73.564
2026-06-13 01:25:12,40,46,0,174,9.955,75.998
2026-06-13 01:30:12,49,60,0,195,10.246,75.228
2026-06-13 01:35:12,42,53,0,187,9.897,75.567
2026-06-13 01:40:12,42,49,0,197,10.172,73.736
2026-06-13 01:45:12,41,48,0,138,10.022,76.511
2026-06-13 01:50:12,38,41,0,135,9.963,77.202
2026-06-13 01:55:12,37,41,0,128,10.003,76.101
2026-06-13 02:00:13,50,63,0,217,9.894,76.347
2026-06-13 02:05:12,44,53,0,159,10.03,76.937
2026-06-13 02:10:12,32,34,0,152,9.982,75.989
2026-06-13 02:15:12,34,35,0,169,9.929,75.798
2026-06-13 02:20:13,42,48,0,168,9.923,76.706
2026-06-13 02:25:12,34,38,0,181,9.859,76.296
2026-06-13 02:30:13,39,46,0,156,9.886,76.887
2026-06-13 02:35:12,40,43,0,163,9.771,77.253
2026-06-13 02:40:12,39,45,0,169,9.539,77.686
2026-06-13 02:45:22,41,49,0,175,9.736,76.803
2026-06-13 02:50:13,39,44,0,167,9.587,76.868
2026-06-13 02:55:12,39,45,0,141,9.298,78.865
2026-06-13 03:00:12,38,43,0,149,9.424,77.839
2026-06-13 03:05:13,35,44,0,142,9.603,77.438
2026-06-13 03:10:12,38,40,0,157,9.501,76.874
2026-06-13 03:15:14,38,43,0,320,9.507,76.427
2026-06-13 03:20:13,37,41,0,150,9.477,78.243
2026-06-13 03:25:13,31,33,0,145,9.373,78.295
2026-06-13 03:30:14,39,44,0,141,9.058,79.306
2026-06-13 03:35:13,32,34,0,159,9.272,78.15
2026-06-13 03:40:14,81,93,0,229,9.25,78.695
2026-06-13 03:45:13,52,64,0,185,9.165,79.258
2026-06-13 03:50:14,44,54,0,187,9.138,78.884
2026-06-13 03:55:14,39,43,0,172,9.013,79.25
2026-06-13 04:00:14,38,42,0,152,9.128,79.328
2026-06-13 04:05:13,39,45,0,151,9.154,79.208
2026-06-13 04:10:14,38,41,0,156,8.946,79.92
2026-06-13 04:15:14,38,42,0,156,8.975,79.533
2026-06-13 04:20:14,38,44,0,140,9.045,80.004
2026-06-13 04:25:14,39,44,0,151,9.096,79.182
2026-06-13 04:30:14,38,43,0,162,9.178,79.044
2026-06-13 04:35:14,35,39,0,147,8.994,79.548
2026-06-13 04:40:14,36,43,0,161,9.039,79.027
2026-06-13 04:45:14,35,41,0,149,9.194,79.243
2026-06-13 04:50:14,42,48,0,161,9.237,78.976
2026-06-13 04:55:14,38,41,0,134,9.101,79.58
2026-06-13 05:00:14,33,34,0,122,9.274,79.159
2026-06-13 05:05:14,32,35,0,144,9.128,79.084
2026-06-13 05:10:14,36,41,0,157,9.063,78.766
2026-06-13 05:15:14,36,39,0,165,9.096,78.522
2026-06-13 05:20:14,38,41,0,151,9.261,78.506
2026-06-13 05:25:14,36,39,0,150,9.245,78.625
2026-06-13 05:30:14,34,39,0,131,9.047,79.939
2026-06-13 05:35:14,38,42,0,157,8.922,80.248
2026-06-13 05:40:14,36,41,0,155,8.882,79.935
2026-06-13 05:45:14,36,37,0,125,8.732,80.858
2026-06-13 05:50:14,35,36,0,108,8.812,80.688
2026-06-13 05:55:14,36,37,0,119,8.831,80.414
2026-06-13 06:00:14,39,42,0,120,8.687,81.039
2026-06-13 06:05:14,36,42,0,136,8.754,80.646
2026-06-13 06:10:14,36,42,0,132,8.762,80.265
2026-06-13 06:15:15,49,59,0,295,8.519,81.198
2026-06-13 06:20:15,42,48,0,165,8.334,81.984
2026-06-13 06:25:15,41,47,0,163,8.455,81.31
2026-06-13 06:30:15,36,40,0,156,8.286,81.881
2026-06-13 06:35:15,37,38,0,181,8.177,82.466
2026-06-13 06:40:15,35,37,0,130,8.292,82.418
2026-06-13 06:45:15,35,35,0,132,8.377,82.121
2026-06-13 06:50:15,39,41,0,146,8.185,82.865
2026-06-13 06:55:15,44,51,0,160,8.156,82.413
2026-06-13 07:00:24,39,42,0,146,8.067,83.128
2026-06-13 07:05:15,36,38,0,144,8.334,82.233
2026-06-13 07:10:15,36,40,0,133,8.094,83.044
2026-06-13 07:15:36,37,40,0,125,8.11,83.16
2026-06-13 07:20:15,34,36,0,129,8.265,82.813
2026-06-13 07:25:15,40,45,0,146,8.105,82.714
2026-06-13 07:30:15,37,38,0,144,8.276,81.327
2026-06-13 07:35:15,36,40,0,142,8.391,81.291
2026-06-13 07:40:15,39,44,0,129,8.281,82.003
2026-06-13 07:45:15,39,42,0,140,8.268,81.764
2026-06-13 07:50:15,40,45,0,139,8.391,81.097
2026-06-13 07:55:15,54,63,0,152,8.124,82.085
2026-06-13 08:00:15,59,73,0,207,8.23,80.944
2026-06-13 08:05:15,49,59,0,150,8.385,80.908
2026-06-13 08:10:15,48,57,0,139,8.561,80.749
2026-06-13 08:15:15,45,55,0,116,8.5,81.587
2026-06-13 08:20:16,48,58,0,130,8.444,81.661
2026-06-13 08:25:15,48,61,0,136,8.529,81.48
2026-06-13 08:30:15,50,62,0,138,8.652,81.316
2026-06-13 08:35:15,50,62,0,131,8.409,82.142
2026-06-13 08:40:15,52,62,0,165,8.831,79.693
2026-06-13 08:45:15,46,55,0,153,9.074,80.986
2026-06-13 08:50:16,56,67,0,396,9.2,79.773
2026-06-13 08:55:15,50,58,0,189,9.587,80.244
2026-06-13 09:00:15,47,55,0,134,9.883,80.435
2026-06-13 09:05:16,58,72,0,313,9.979,79.405
2026-06-13 09:10:16,64,80,0,318,10.236,78.043
2026-06-13 09:15:17,94,102,0,530,10.607,75.876
2026-06-13 09:20:16,88,93,0,349,10.895,75.184
2026-06-13 09:25:27,67,81,0,261,11.253,72.416
2026-06-13 09:30:16,72,84,0,264,11.44,72.328
2026-06-13 09:35:17,72,85,0,244,12.124,68.743
2026-06-13 09:40:17,90,93,0,288,12.594,69.219
2026-06-13 09:45:17,87,91,0,200,13.122,68.235
2026-06-13 09:50:17,79,88,0,188,13.603,64.853
2026-06-13 09:55:17,85,89,0,235,14.185,62.578
2026-06-13 10:00:17,86,89,0,217,14.514,62.732
2026-06-13 10:05:17,72,81,0,184,13.753,63.915
2026-06-13 10:10:26,61,75,0,122,14.03,61.649
2026-06-13 10:15:16,65,76,0,145,15.05,60.464
2026-06-13 10:20:17,64,77,0,113,15.526,57.981
2026-06-13 10:25:17,65,75,0,105,15.55,58.649
2026-06-13 10:30:17,65,77,0,93,15.285,58.534
2026-06-13 10:35:17,70,79,0,83,16.161,56.955
2026-06-13 10:40:17,65,73,0,92,16.348,57.23
2026-06-13 10:45:17,61,73,0,74,16.329,55.254
2026-06-13 10:50:17,58,69,0,70,16.805,54.58
2026-06-13 10:55:17,55,66,0,55,17.144,53.449
2026-06-13 11:00:17,50,61,0,54,16.89,52.188
2026-06-13 11:05:17,50,62,0,52,17.491,52.595
2026-06-13 11:10:17,49,60,0,45,18.145,50.283
2026-06-13 11:15:17,44,54,0,29,18.444,46.68
2026-06-13 11:20:38,40,50,0,36,19.08,45.652
2026-06-13 11:25:17,40,46,0,36,19.646,44.38
2026-06-13 11:30:17,38,45,0,13,20.041,42.636
2026-06-13 11:35:17,36,45,0,18,20.623,40.445
2026-06-13 11:40:17,37,44,0,7,20.754,40.969
2026-06-13 11:45:17,39,46,0,16,20.693,41.702
2026-06-13 11:50:17,39,45,0,6,20.946,41.232
2026-06-13 11:55:17,39,46,0,3,20.968,40.87
2026-06-13 12:00:17,39,47,0,0,21.032,40.319
2026-06-13 12:05:17,38,45,0,0,21.737,39.352
2026-06-13 12:10:17,36,41,0,0,21.699,39.193
2026-06-13 12:15:18,38,45,0,0,21.972,39.451
2026-06-13 12:20:18,37,43,0,0,22.047,39.043
2026-06-13 12:25:18,36,44,0,0,21.537,41.707
2026-06-13 12:30:18,37,43,0,0,22.068,38.179
2026-06-13 12:35:18,34,41,0,0,22.164,38.585
2026-06-13 12:40:18,35,40,0,7,22.442,41.431
2026-06-13 12:45:18,36,41,0,20,21.224,41.353
2026-06-13 12:50:18,35,40,0,8,22.463,40.092
2026-06-13 12:55:18,34,37,0,0,21.983,40.033
2026-06-13 13:00:18,33,37,0,0,22.461,38.053
2026-06-13 13:05:18,32,35,0,0,23.43,36.306
2026-06-13 13:10:18,33,38,0,0,22.784,37.425
2026-06-13 13:15:18,34,37,0,0,23.099,37.374
2026-06-13 13:20:18,32,34,0,0,23.71,37.408
2026-06-13 13:25:18,33,36,0,0,23.742,37.793
2026-06-13 13:30:19,29,33,0,0,23.478,35.23
2026-06-13 13:35:18,32,35,0,0,23.641,35.329
2026-06-13 13:40:18,28,28,0,0,24.039,34.707
2026-06-13 13:45:18,28,28,0,0,23.726,33.889
2026-06-13 13:50:18,24,24,0,0,23.566,33.387
2026-06-13 13:55:27,24,26,0,0,23.433,35.016
2026-06-13 14:00:19,25,27,0,0,23.467,34.56
2026-06-13 14:05:18,28,28,0,0,24.258,33.101
2026-06-13 14:10:19,25,26,0,0,24.391,33.464
2026-06-13 14:15:18,20,23,0,0,24.081,31.612
2026-06-13 14:20:19,22,22,0,0,24.244,33.168
2026-06-13 14:25:18,22,22,0,0,24.156,32.138
2026-06-13 14:30:19,24,25,0,0,24.322,33.883
2026-06-13 14:35:18,23,24,0,0,24.733,34.908
2026-06-13 14:40:19,25,26,0,0,24.821,34.623
2026-06-13 14:45:19,29,33,0,0,24.415,35.424
2026-06-13 14:50:19,23,24,0,0,24.899,34.913
2026-06-13 14:55:19,26,26,0,0,24.768,36.092
2026-06-13 15:00:19,29,31,0,0,24.765,35.279
2026-06-13 15:05:19,21,22,0,0,24.789,35.619
2026-06-13 15:10:19,23,24,0,0,25.088,33.515
2026-06-13 15:15:20,23,23,0,0,24.931,32.958
2026-06-13 15:20:19,25,25,0,0,25.676,34.698
2026-06-13 15:25:20,21,23,0,0,25.547,35.285
2026-06-13 15:30:20,19,19,0,0,25.219,34.028
2026-06-13 15:35:19,24,24,0,0,25.547,35.665
2026-06-13 15:40:20,22,23,0,0,24.605,35.375
2026-06-13 15:45:20,19,19,0,0,24.439,36.399
2026-06-13 15:50:20,23,23,0,0,24.615,35.672
2026-06-13 15:55:20,18,19,0,0,24.53,35.596
2026-06-13 16:00:20,16,16,0,0,24.509,39.125
2026-06-13 16:05:20,21,21,0,2,23.547,42.133
2026-06-13 16:10:20,17,17,0,12,24.081,39.504
2026-06-13 16:15:20,15,17,0,27,23.852,39.991
2026-06-13 16:20:29,14,14,0,41,22.789,42.732
2026-06-13 16:25:28,11,14,0,43,21.085,45.669
2026-06-13 16:30:20,12,15,0,82,20.228,48.77
2026-06-13 16:35:20,14,15,0,134,19.627,50.722
2026-06-13 16:40:20,16,17,0,44,19.515,48.948
2026-06-13 16:45:20,13,16,0,50,19.51,48.843
2026-06-13 16:50:20,16,19,0,65,18.952,50.254
2026-06-13 16:55:20,16,18,0,66,18.556,52.148
2026-06-13 17:00:20,17,18,0,42,17.913,53.552
2026-06-13 17:05:20,17,18,0,50,17.366,55.034
2026-06-13 17:10:20,18,22,0,91,17.09,55.646
2026-06-13 17:15:20,22,22,0,32,17.008,55.482
2026-06-13 17:20:20,17,18,0,22,16.709,55.202
2026-06-13 17:25:20,19,20,0,26,16.308,56.007
2026-06-13 17:30:20,19,20,0,24,15.91,57.827
2026-06-13 17:35:20,19,19,0,33,15.694,58.668
2026-06-13 17:40:20,19,19,0,40,15.419,59.66
2026-06-13 17:45:20,22,24,0,43,15.349,59.919
2026-06-13 17:50:41,24,25,0,57,15.109,61.601
2026-06-13 17:55:20,24,26,0,52,14.805,62.091
2026-06-13 18:00:20,23,23,0,44,14.677,62.006
2026-06-13 18:05:20,23,23,0,32,14.767,61.102
2026-06-13 18:10:20,21,21,0,29,14.815,60.211
2026-06-13 18:15:21,23,23,0,36,14.361,61.996
2026-06-13 18:20:21,21,21,0,24,14.383,60.726
2026-06-13 18:25:21,20,23,0,44,14.049,63.011
2026-06-13 18:30:21,24,26,0,101,13.769,65.302
2026-06-13 18:35:21,23,24,0,56,13.718,64.356
2026-06-13 18:40:21,25,26,0,52,13.771,65.115
2026-06-13 18:45:22,25,29,0,48,13.798,64.457
2026-06-13 18:50:21,23,24,0,46,13.646,65.401
2026-06-13 18:55:21,23,25,0,56,13.44,66.662
2026-06-13 19:00:21,35,39,0,116,12.93,69.448
2026-06-13 19:05:22,28,28,0,142,12.967,69.832
2026-06-13 19:10:21,44,52,0,137,12.781,70.465
2026-06-13 19:15:22,28,30,0,67,13.058,68.622
2026-06-13 19:20:21,42,50,0,191,12.716,70.139
2026-06-13 19:25:22,33,37,0,124,12.551,70.511
2026-06-13 19:30:22,26,26,0,53,12.858,68.05
2026-06-13 19:35:22,21,22,0,50,12.647,68.525
2026-06-13 19:40:22,21,21,0,46,12.802,66.549
2026-06-13 19:45:21,25,25,0,53,13.037,67.236
2026-06-13 19:50:22,20,22,0,39,12.692,68.496
2026-06-13 19:55:30,28,30,0,60,12.586,68.592
2026-06-13 20:00:22,26,26,0,46,12.767,68.598
2026-06-13 20:05:22,36,37,0,76,12.596,69.874
2026-06-13 20:10:22,21,22,0,57,12.551,70.356
2026-06-13 20:15:22,35,39,0,154,13.189,68.802
2026-06-13 20:20:22,22,28,0,54,13.074,69.473
2026-06-13 20:25:22,26,30,0,79,13.405,68.655
2026-06-13 20:30:22,41,50,0,241,12.978,70.049
2026-06-13 20:35:21,25,28,0,84,12.845,70.349
2026-06-13 20:40:22,29,30,0,102,12.097,73.953
2026-06-13 20:45:22,26,29,0,69,12.327,73.784
2026-06-13 20:50:22,25,27,0,93,11.859,75.409
2026-06-13 20:55:22,26,29,0,77,12.086,74.335
2026-06-13 21:00:22,24,24,0,91,11.985,74.756
2026-06-13 21:05:22,57,69,0,785,12.102,75.153
2026-06-13 21:10:22,51,62,0,243,11.918,75.109
2026-06-13 21:15:23,26,27,0,227,11.595,77.021
2026-06-13 21:20:23,39,46,0,134,11.614,78.133
2026-06-13 21:25:23,28,29,0,90,11.595,78.459
2026-06-13 21:30:23,26,26,0,91,11.763,77.291
2026-06-13 21:35:23,28,29,0,227,11.59,77.515
2026-06-13 21:40:23,26,28,0,136,11.299,78.804
2026-06-13 21:45:23,33,37,0,137,11.064,80.532
2026-06-13 21:50:23,29,32,0,268,11.218,79.349
2026-06-13 21:55:32,28,30,0,91,11.125,79.8
2026-06-13 22:00:23,34,38,0,159,10.991,80.654
2026-06-13 22:05:23,33,35,0,157,11.01,80.051
2026-06-13 22:10:23,34,38,0,125,10.813,81.001
2026-06-13 22:15:23,39,42,0,154,10.978,80.58
2026-06-13 22:20:23,48,58,0,181,10.74,81.051
2026-06-13 22:25:23,55,71,0,230,10.556,81.848
2026-06-13 22:30:23,47,56,0,182,10.698,80.833
2026-06-13 22:35:23,40,46,0,151,10.383,81.612
2026-06-13 22:40:23,45,52,0,143,10.18,83.374
2026-06-13 22:45:23,49,60,0,161,10.206,82.93
2026-06-13 22:50:23,136,144,0,378,10.233,83.347
2026-06-13 22:55:23,66,81,0,255,10.27,83.469
2026-06-13 23:00:23,47,58,0,164,10.23,84.04
2026-06-13 23:05:23,47,56,0,179,9.998,85.188
2026-06-13 23:10:23,51,64,0,230,10.18,84.101
2026-06-13 23:15:23,51,62,0,176,10.116,82.809
2026-06-13 23:20:23,44,53,0,172,10.166,82.115
2026-06-13 23:25:23,43,52,0,220,10.054,82.159
2026-06-13 23:30:23,43,53,0,188,10.158,81.905
2026-06-13 23:35:23,41,48,0,172,9.937,81.9
2026-06-13 23:40:23,42,53,0,175,9.582,83.382
2026-06-13 23:45:24,46,56,0,170,9.504,84.194
2026-06-13 23:50:23,44,55,0,171,9.552,84.387
2026-06-13 23:55:23,39,45,0,160,9.258,84.925
2026-06-14 00:00:23,36,46,0,171,9.266,83.488
2026-06-14 00:05:23,35,39,0,115,9.237,83.559
2026-06-14 00:10:24,43,51,0,356,9.101,84.288
2026-06-14 00:15:35,42,48,0,450,9.154,83.538
2026-06-14 00:20:24,40,46,0,146,8.839,84.072
2026-06-14 00:25:25,44,55,0,218,8.577,85.966
2026-06-14 00:30:24,43,54,0,143,8.682,86.605
2026-06-14 00:35:25,40,48,0,126,8.722,85.196
2026-06-14 00:40:46,74,88,0,233,8.481,87.12
2026-06-14 00:45:24,40,46,0,135,8.372,85.999
2026-06-14 00:50:24,40,44,0,122,8.492,86.872
2026-06-14 00:55:25,36,37,0,140,8.519,84.927
2026-06-14 01:00:25,34,35,0,181,8.46,85.058
2026-06-14 01:05:25,35,36,0,144,8.318,85.367
2026-06-14 01:10:24,35,37,0,123,8.233,86.124
2026-06-14 01:15:24,36,37,0,126,8.326,86.149
2026-06-14 01:20:24,35,35,0,106,8.238,85.087
2026-06-14 01:25:25,32,35,0,125,8.065,85.829
2026-06-14 01:30:24,35,38,0,103,8.105,87.374
2026-06-14 01:35:25,35,36,0,120,8.169,86.159
2026-06-14 01:40:24,27,27,0,96,7.929,84.984
2026-06-14 01:45:25,27,28,0,96,7.889,85.064
2026-06-14 01:50:25,28,29,0,110,7.95,85.161
2026-06-14 01:55:25,28,29,0,92,7.915,84.455
2026-06-14 02:00:25,31,34,0,100,7.851,85.697
2026-06-14 02:05:25,34,34,0,108,7.728,84.946
2026-06-14 02:10:25,36,40,0,104,7.702,86.453
2026-06-14 02:15:25,36,38,0,129,7.611,86.433
2026-06-14 02:20:31,32,33,0,100,7.584,86.817
2026-06-14 02:25:25,31,32,0,92,7.464,86.765
2026-06-14 02:30:25,33,33,0,130,7.643,84.665
2026-06-14 02:35:25,34,34,0,90,7.509,85.623
2026-06-14 02:40:25,32,34,0,100,7.6,86.178
2026-06-14 02:45:33,27,27,0,92,7.921,82.93
2026-06-14 02:50:25,27,28,0,75,7.387,84.763
2026-06-14 02:55:25,23,25,0,91,7.456,83.706
2026-06-14 03:00:25,31,34,0,96,7.384,86.334
2026-06-14 03:05:25,31,34,0,90,7.453,84.673
2026-06-14 03:10:25,29,31,0,106,7.301,85.079
2026-06-14 03:15:26,32,33,0,188,7.189,85.537
2026-06-14 03:20:26,35,35,0,109,7.098,85.819
2026-06-14 03:25:26,34,35,0,138,7.026,87.265
2026-06-14 03:30:26,37,39,0,104,7.013,86.09
2026-06-14 03:35:26,37,38,0,128,6.938,84.599
2026-06-14 03:40:26,42,47,0,198,7.002,84.127
2026-06-14 03:45:26,34,36,0,121,6.895,84.734
2026-06-14 03:50:26,38,42,0,111,6.607,86.834
2026-06-14 03:55:26,35,36,0,96,6.585,88.364
2026-06-14 04:00:26,32,32,0,90,6.791,86.052
2026-06-14 04:05:26,28,31,0,98,6.74,85.92
2026-06-14 04:10:26,29,31,0,84,6.66,85.337
2026-06-14 04:15:26,27,27,0,75,6.74,84.936
2026-06-14 04:20:26,25,30,0,89,6.428,86.096
2026-06-14 04:25:26,30,30,0,96,6.754,84.543
2026-06-14 04:30:26,34,34,0,96,6.559,84.81
2026-06-14 04:35:26,35,38,0,125,6.524,84.898
2026-06-14 04:40:26,38,41,0,115,6.441,85.581
2026-06-14 04:45:26,32,33,0,95,6.358,86.47
2026-06-14 04:50:26,25,27,0,75,6.641,84.692
2026-06-14 04:55:26,25,27,0,82,6.561,84.871
2026-06-14 05:00:26,24,25,0,93,6.297,85.299
2026-06-14 05:05:26,33,34,0,89,6.23,87.273
2026-06-14 05:10:26,33,33,0,90,6.356,85.47
2026-06-14 05:15:26,33,37,0,91,6.276,85.978
2026-06-14 05:20:26,34,39,0,95,6.222,85.804
2026-06-14 05:25:26,34,35,0,97,6.265,85.129
2026-06-14 05:30:26,33,35,0,95,6.051,86.102
2026-06-14 05:35:26,38,46,0,98,6.142,86.58
2026-06-14 05:40:26,38,45,0,99,6.23,86.468
2026-06-14 05:45:26,38,39,0,109,6.142,84.764
2026-06-14 05:50:27,38,44,0,108,5.966,85.968
2026-06-14 05:55:26,41,43,0,95,5.902,86.22
2026-06-14 06:00:26,38,43,0,100,5.904,86.941
2026-06-14 06:05:36,41,46,0,98,5.862,86.086
2026-06-14 06:10:26,37,38,0,116,5.929,86.586
2026-06-14 06:15:28,35,38,0,193,5.838,87.704
2026-06-14 06:20:27,38,42,0,96,5.896,85.564
2026-06-14 06:25:27,37,38,0,102,5.597,86.464
2026-06-14 06:30:27,36,37,0,96,5.483,87.946
2026-06-14 06:35:36,33,38,0,91,5.483,87.715
2026-06-14 06:40:27,35,37,0,99,5.589,87.038
2026-06-14 06:45:27,32,34,0,101,5.322,86.126
2026-06-14 06:50:27,31,33,0,95,5.48,85.892
2026-06-14 06:55:27,29,31,0,96,5.301,86.264
2026-06-14 07:00:28,32,33,0,85,5.288,87.574
2026-06-14 07:05:27,33,33,0,94,5.464,86.849
2026-06-14 07:10:28,31,33,0,96,5.416,86.262
2026-06-14 07:15:28,32,33,0,91,5.459,86.552
2026-06-14 07:20:27,30,34,0,88,5.656,85.857
2026-06-14 07:25:28,32,36,0,95,5.405,86.002
2026-06-14 07:30:28,30,30,0,85,5.435,85.646
2026-06-14 07:35:28,23,26,0,83,5.459,85.23
2026-06-14 07:40:27,25,26,0,96,5.421,85.102
2026-06-14 07:45:28,23,25,0,98,5.309,85.096
2026-06-14 07:50:28,26,31,0,93,4.991,86.914
2026-06-14 07:55:28,28,30,0,94,5.157,88.003
2026-06-14 08:00:28,30,31,0,93,5.224,86.353
2026-06-14 08:05:28,28,30,0,95,5.418,85.97
2026-06-14 08:10:28,25,25,0,78,5.336,86.638
2026-06-14 08:15:28,33,35,0,85,5.435,86.102
2026-06-14 08:20:28,28,28,0,78,5.648,84.709
2026-06-14 08:25:37,32,33,0,93,5.653,84.429
2026-06-14 08:30:28,31,35,0,127,5.747,84.812
2026-06-14 08:35:28,54,67,0,114,5.886,83.969
2026-06-14 08:40:28,54,65,0,127,5.886,84.326
2026-06-14 08:45:28,56,68,0,142,5.945,83.996
2026-06-14 08:50:28,33,34,0,75,5.942,85.224
2026-06-14 08:55:29,26,30,0,65,6.051,85.529
2026-06-14 09:00:28,25,25,0,76,6.316,84.27
2026-06-14 09:05:28,52,64,0,274,6.447,83.624
2026-06-14 09:10:28,35,37,0,81,6.334,83.95
2026-06-14 09:15:29,53,66,0,211,6.617,83.405
2026-06-14 09:20:29,55,67,0,129,7.232,81.032
2026-06-14 09:25:29,38,42,0,97,8.329,77.516
2026-06-14 09:30:29,49,60,0,129,8.284,78.371
2026-06-14 09:35:29,45,53,0,137,8.735,73.828
2026-06-14 09:40:29,40,47,0,97,9.606,73.187
2026-06-14 09:45:29,44,50,0,104,10.172,74.167
2026-06-14 09:50:29,42,49,0,77,10.591,72.096
2026-06-14 09:55:29,40,48,0,70,10.802,71.293
2026-06-14 10:00:29,35,39,0,55,11.317,69.54
2026-06-14 10:05:29,37,40,0,58,12.038,66.944
2026-06-14 10:10:29,60,75,0,127,12.465,64.359
2026-06-14 10:15:29,34,34,0,45,12.69,63.289
2026-06-14 10:20:29,36,38,0,24,13.256,62.944
2026-06-14 10:25:29,36,40,0,39,13.763,61.222
2026-06-14 10:30:29,35,36,0,33,14.172,60.693
2026-06-14 10:35:29,36,40,0,19,14.842,56.4
2026-06-14 10:40:29,39,46,0,49,15.414,55.524
2026-06-14 10:45:29,32,35,0,32,15.878,55.049
2026-06-14 10:50:29,32,33,0,9,15.769,54.769
2026-06-14 10:55:29,34,36,0,7,16.415,52.364
2026-06-14 11:00:50,30,31,0,453,16.989,51.055
2026-06-14 11:05:29,28,28,0,0,16.815,47.384
2026-06-14 11:10:29,24,24,0,0,17.141,45.925
2026-06-14 11:15:30,27,28,0,0,17.448,46.142
2026-06-14 11:20:29,25,26,0,0,18.204,43.893
2026-06-14 11:25:29,25,26,0,0,18.522,42.112
2026-06-14 11:30:29,28,28,0,0,19.528,41.316
2026-06-14 11:35:29,24,26,0,0,19.512,41.311
2026-06-14 11:40:29,24,24,0,0,20.442,41.509
2026-06-14 11:45:29,23,27,0,0,19.755,39.188
2026-06-14 11:50:30,25,26,0,0,20.928,39.474
2026-06-14 11:55:38,21,21,0,0,21.128,37.605
2026-06-14 12:00:30,21,21,0,0,20.96,38.831
2026-06-14 12:05:29,24,24,0,0,22.065,37.425
2026-06-14 12:10:29,22,23,0,0,22.196,38.182
2026-06-14 12:15:31,18,18,0,0,22.399,36.382
2026-06-14 12:20:30,14,15,0,0,21.796,34.398
2026-06-14 12:25:30,8,11,0,0,22.952,32.483
2026-06-14 12:30:31,12,13,0,0,22.37,36.924
2026-06-14 12:35:30,7,7,0,0,23.729,31.499
2026-06-14 12:40:31,6,6,0,0,24.057,28.522
2026-06-14 12:45:30,4,4,0,0,23.852,29.988
2026-06-14 12:50:31,4,4,0,0,24.575,28.651
2026-06-14 12:55:30,7,8,0,0,23.475,29.641
2026-06-14 13:00:31,6,7,0,0,24.324,29.492
2026-06-14 13:05:31,6,7,0,0,24.247,32.247
2026-06-14 13:10:31,4,4,0,0,24.121,29.943
2026-06-14 13:15:31,3,3,0,0,23.889,35.047
2026-06-14 13:20:30,6,6,0,0,23.569,33.786
2026-06-14 13:25:31,1,2,0,0,24.14,32.891
2026-06-14 13:30:31,5,5,0,0,23.804,32.045
2026-06-14 13:35:31,6,6,0,0,23.884,30.017
2026-06-14 13:40:31,8,9,0,0,24.156,32.367
2026-06-14 13:45:31,5,5,0,0,23.812,30.818
2026-06-14 13:50:31,9,9,0,0,24.573,30.852
2026-06-14 13:55:31,12,12,0,0,24.402,30.538
2026-06-14 14:00:31,8,8,0,0,24.391,31.278
2026-06-14 14:05:31,5,6,0,0,24.143,34.551
2026-06-14 14:10:31,5,6,0,0,24.175,33.979
2026-06-14 14:15:31,7,7,0,0,24.151,34.579
2026-06-14 14:20:41,16,18,0,0,23.395,38.07
2026-06-14 14:25:31,12,13,0,0,23.104,40.05
2026-06-14 14:30:31,9,11,0,0,23.101,40.168
2026-06-14 14:35:31,11,13,0,0,23.443,39.256
2026-06-14 14:40:31,17,18,0,0,23.045,39.745
2026-06-14 14:45:31,12,13,0,0,22.882,39.314
2026-06-14 14:50:31,12,14,0,0,23.179,37.044
2026-06-14 14:55:31,8,8,0,0,23.513,37.555
2026-06-14 15:00:31,13,13,0,0,24.036,36.052
2026-06-14 15:05:31,9,12,0,0,24.25,39.974
2026-06-14 15:10:31,10,12,0,0,24.22,38.377
2026-06-14 15:15:32,12,13,0,0,24.722,36.733
2026-06-14 15:20:32,7,8,0,0,24.447,37.648
2026-06-14 15:25:32,11,12,0,0,23.849,40.397
2026-06-14 15:30:32,10,11,0,0,23.78,39.996
2026-06-14 15:35:32,32,35,0,16,23.713,41.593
2026-06-14 15:40:32,22,23,0,16,24.052,41.463
2026-06-14 15:45:32,11,13,0,0,23.563,39.966
2026-06-14 15:50:32,43,53,0,72,22.864,44.433
2026-06-14 15:55:32,45,53,0,45,22.314,45.389
2026-06-14 16:02:38,8,8,0,10,23.147,43.584
2026-06-14 16:05:32,35,41,0,6,22.533,42.228
2026-06-14 16:10:32,14,16,0,0,22.079,42.922
2026-06-14 16:15:32,16,18,0,13,21.983,43.269
2026-06-14 16:20:32,21,23,0,33,21.31,46.306
2026-06-14 16:25:33,22,25,0,46,19.894,51.906
2026-06-14 16:30:32,42,52,0,186,18.284,57.699
2026-06-14 16:35:41,28,29,0,83,17.779,55.988
2026-06-14 16:40:33,22,22,0,36,17.24,57.455
2026-06-14 16:45:39,22,22,0,43,16.888,56.909
2026-06-14 16:50:32,22,23,0,25,16.514,58.693
2026-06-14 16:55:32,18,19,0,57,16.431,61.55
2026-06-14 17:00:32,24,26,0,107,16.268,62.244
2026-06-14 17:05:41,26,26,0,96,15.841,61.821
2026-06-14 17:10:32,24,25,0,5,15.94,58.342
2026-06-14 17:15:32,25,25,0,5,15.99,57.689
2026-06-14 17:20:33,28,29,0,0,15.689,58.219
2026-06-14 17:25:33,27,28,0,0,15.622,57.972
2026-06-14 17:30:39,49,62,0,17,15.269,58.389
2026-06-14 17:35:32,45,54,0,39,15.496,56.57
2026-06-14 17:40:33,23,25,0,20,15.101,57.947
2026-06-14 17:45:32,46,56,0,230,14.855,57.909
2026-06-14 17:50:33,38,43,0,38,14.831,56.905
2026-06-14 17:55:32,36,42,0,80,14.957,56.438
2026-06-14 18:00:33,23,25,0,1,14.361,56.787
2026-06-14 18:05:32,104,109,0,534,14.084,59.625
2026-06-14 18:10:33,42,49,0,170,13.763,59.358
2026-06-14 18:15:34,23,24,0,0,13.753,56.413
2026-06-14 18:20:34,48,57,0,116,13.678,57.554
2026-06-14 18:25:34,20,23,0,27,13.304,60.333
2026-06-14 18:30:34,102,107,0,117,13.48,58.664
2026-06-14 18:35:33,41,49,0,48,13.186,60.796
2026-06-14 18:40:34,41,49,0,110,12.757,64.813
2026-06-14 18:45:34,46,58,0,183,12.61,64.684
2026-06-14 18:50:34,63,76,0,548,12.209,68.229
2026-06-14 18:55:34,64,76,0,321,12.337,68.145
2026-06-14 19:00:34,81,87,0,172,12.543,67.846
2026-06-14 19:05:34,49,60,0,263,12.255,67.753
2026-06-14 19:10:34,42,50,0,203,12.893,63.434
2026-06-14 19:15:34,36,41,0,52,12.543,64.851
2026-06-14 19:20:34,50,60,0,301,12.871,64.806
2026-06-14 19:25:34,48,58,0,261,12.484,66.534
2026-06-14 19:30:34,49,59,0,249,12.388,66.484
2026-06-14 19:35:34,120,124,0,318,12.036,68.557
2026-06-14 19:40:34,76,85,0,788,11.643,71.064
2026-06-14 19:45:34,132,137,0,300,11.635,71.266
2026-06-14 19:50:34,92,95,0,429,11.435,72.338
2026-06-14 19:55:34,77,86,0,451,11.162,73.845
2026-06-14 20:00:34,68,79,0,193,11.162,74.529
2026-06-14 20:05:34,152,157,0,424,11.007,75.445
2026-06-14 20:10:34,75,84,0,251,10.805,75.542
2026-06-14 20:15:34,51,63,0,263,10.586,76.898
2026-06-14 20:20:34,69,81,0,329,10.914,75.712
2026-06-14 20:25:34,60,76,0,176,10.596,76.509
2026-06-14 20:30:34,45,54,0,111,10.772,77.488
2026-06-14 20:35:34,48,58,0,109,11.072,76.975
2026-06-14 20:40:34,43,52,0,67,11.293,76.462
2026-06-14 20:45:34,66,80,0,243,11.032,77.164
2026-06-14 20:50:34,50,58,0,125,10.975,79.578
2026-06-14 20:55:41,51,66,0,114,11.021,81.161
2026-06-14 21:00:34,59,75,0,165,10.853,80.902
2026-06-14 21:05:34,59,75,0,183,10.959,79.592
2026-06-14 21:10:34,72,85,0,376,10.858,78.308
2026-06-14 21:15:35,53,66,0,375,10.607,79.086
2026-06-14 21:20:35,69,83,0,199,10.479,81.404
2026-06-14 21:25:35,187,196,0,577,10.126,82.487
2026-06-14 21:30:35,58,72,0,132,10.217,84.583
2026-06-14 21:35:35,100,105,0,478,10.102,83.42
2026-06-14 21:40:35,55,68,0,135,10.014,84.263
2026-06-14 21:45:35,76,86,0,521,9.934,83.681
2026-06-14 21:50:35,82,92,0,510,9.624,84.515
2026-06-14 21:55:35,52,65,0,108,9.867,83.87
2026-06-14 22:00:35,56,71,0,134,9.894,82.907
2026-06-14 22:05:35,56,71,0,186,9.993,84.579
2026-06-14 22:10:35,55,68,0,143,10.15,83.851
2026-06-14 22:15:36,54,68,0,142,9.865,83.443
2026-06-14 22:20:35,56,71,0,157,9.867,85.735
2026-06-14 22:25:35,62,80,0,176,9.744,85.192
2026-06-14 22:30:35,70,83,0,248,9.622,85.386
2026-06-14 22:35:35,71,87,0,243,9.357,86.807
2026-06-14 22:40:35,62,79,0,232,9.675,84.566
2026-06-14 22:45:35,63,80,0,266,9.523,86.021
2026-06-14 22:50:35,56,68,0,153,9.368,86.241
2026-06-14 22:55:35,63,81,0,260,9.459,86.329
2026-06-14 23:00:36,72,87,0,230,9.4,87.013
2026-06-14 23:05:36,67,83,0,184,8.909,89.377
2026-06-14 23:10:35,59,74,0,215,8.62,91.768
2026-06-14 23:15:36,71,87,0,256,8.708,89.613
2026-06-14 23:20:36,61,76,0,171,8.695,87.379
2026-06-14 23:25:36,58,74,0,157,8.241,86.042
2026-06-14 23:30:36,139,150,0,261,8.273,85.861
2026-06-14 23:35:36,97,103,0,218,8.132,85.848
2026-06-14 23:40:35,82,93,0,183,7.987,86.105
2026-06-14 23:45:36,62,76,0,159,8.097,84.236
2026-06-14 23:50:35,64,82,0,162,7.667,86.838
2026-06-14 23:55:36,57,74,0,149,7.776,85.609
2026-06-15 00:00:36,55,69,0,188,7.699,87.553
2026-06-15 00:05:36,58,73,0,167,7.672,84.961
2026-06-15 00:10:36,56,68,0,143,7.314,86.504
2026-06-15 00:15:37,53,67,0,331,7.082,86.351
2026-06-15 00:20:47,50,61,0,130,6.962,86.987
2026-06-15 00:25:37,43,56,0,102,7.192,86.275
2026-06-15 00:30:37,45,55,0,120,7.21,85.703
2026-06-15 00:35:37,43,51,0,112,6.991,86.924
2026-06-15 00:40:37,48,58,0,144,7.258,85.747
2026-06-15 00:45:37,56,70,0,188,6.791,87.91
2026-06-15 00:50:37,49,60,0,134,6.999,87.099
2026-06-15 00:55:37,50,62,0,106,6.906,87.284
2026-06-15 01:00:37,54,65,0,170,6.668,88.329
2026-06-15 01:05:37,45,54,0,153,6.858,88.751
2026-06-15 01:10:37,45,52,0,190,6.866,88.335
2026-06-15 01:15:46,46,55,0,203,6.973,86.691
2026-06-15 01:20:37,43,53,0,117,6.767,87.482
2026-06-15 01:25:37,40,44,0,83,6.62,87.643
2026-06-15 01:30:37,40,46,0,90,6.639,89.783
2026-06-15 01:35:37,47,56,0,111,6.679,91.74
2026-06-15 01:40:37,42,48,0,86,6.631,90.408
2026-06-15 01:45:37,45,57,0,100,6.722,88.636
2026-06-15 01:50:37,44,57,0,100,6.302,88.858
2026-06-15 01:55:37,41,49,0,85,6.545,87.914
2026-06-15 02:00:37,40,41,0,77,6.34,88.772
2026-06-15 02:05:37,47,58,0,112,6.398,91.694
2026-06-15 02:10:37,50,63,0,112,6.607,93.971
2026-06-15 02:15:37,40,46,0,77,6.436,89.253
2026-06-15 02:20:37,49,59,0,122,6.66,90.098
2026-06-15 02:25:37,49,59,0,117,6.313,90.941
2026-06-15 02:30:37,44,53,0,91,6.641,91.221
2026-06-15 02:35:37,42,49,0,75,6.601,90.769
2026-06-15 02:40:37,41,48,0,93,6.772,89.13
2026-06-15 02:45:37,46,52,0,99,6.666,89.638
2026-06-15 02:50:37,41,48,0,107,6.722,91.442
2026-06-15 02:55:37,38,46,0,85,6.7,89.832
2026-06-15 03:00:38,31,36,0,67,6.548,89.544
2026-06-15 03:05:37,37,41,0,72,6.62,89.01
2026-06-15 03:10:37,35,37,0,84,6.516,88.814
2026-06-15 03:15:38,44,50,0,206,6.532,91.826
2026-06-15 03:20:38,38,39,0,93,6.687,88.064
2026-06-15 03:25:38,37,44,0,81,6.724,86.865
2026-06-15 03:30:38,41,49,0,99,6.479,88.039
2026-06-15 03:35:38,42,50,0,103,6.519,89.724
2026-06-15 03:40:39,48,59,0,112,6.521,91.28
2026-06-15 03:45:59,38,41,0,88,6.051,88.957
2026-06-15 03:50:38,38,43,0,100,6.524,88.606
2026-06-15 03:55:38,41,48,0,112,6.233,87.095
2026-06-15 04:00:38,41,46,0,120,6.302,87.896
2026-06-15 04:05:38,35,41,0,82,6.212,88.862
2026-06-15 04:10:38,37,39,0,85,6.31,88.978
2026-06-15 04:15:38,38,44,0,100,6.332,88.184
2026-06-15 04:20:38,38,38,0,84,6.26,87.967
2026-06-15 04:25:39,38,38,0,94,6.374,89.895
2026-06-15 04:30:38,42,47,0,90,6.708,87.627
2026-06-15 04:35:38,44,49,0,84,7.234,86.479
2026-06-15 04:40:38,41,44,0,120,6.807,85.594
2026-06-15 04:45:39,45,56,0,231,6.46,85.625
2026-06-15 04:50:38,41,46,0,114,6.5,84.269
2026-06-15 04:55:39,40,46,0,119,6.321,84.671
2026-06-15 05:00:38,40,45,0,100,5.896,88.16
2026-06-15 05:05:39,36,42,0,81,5.779,89.167
2026-06-15 05:10:39,33,33,0,66,5.822,88.226
2026-06-15 05:15:39,33,34,0,79,5.955,86.922
2026-06-15 05:20:39,33,36,0,79,5.64,88.137
2026-06-15 05:25:38,35,38,0,96,5.811,88.156
2026-06-15 05:30:39,33,37,0,95,5.755,86.952
2026-06-15 05:35:38,38,42,0,98,5.736,87.288
2026-06-15 05:40:39,41,48,0,103,5.496,90.134
2026-06-15 05:45:38,39,45,0,82,5.891,87.925
2026-06-15 05:50:39,37,40,0,96,6.043,86.767
2026-06-15 05:55:38,33,37,0,77,6.049,86.865
2026-06-15 06:00:39,31,33,0,86,6.073,86.332
2026-06-15 06:05:38,32,33,0,83,5.937,86.128
2026-06-15 06:10:39,38,43,0,96,5.907,88.785
2026-06-15 06:15:40,38,39,0,147,5.961,88.108
2026-06-15 06:20:40,37,43,0,100,6.003,87.606
2026-06-15 06:25:40,41,42,0,91,5.795,87.889
2026-06-15 06:30:40,41,45,0,112,6.118,86.168
2026-06-15 06:35:47,42,48,0,87,6.001,86.542
2026-06-15 06:40:40,34,37,0,99,5.728,87.515
2026-06-15 06:45:40,31,32,0,78,6.107,85.411
2026-06-15 06:50:40,28,31,0,77,5.795,86.292
2026-06-15 06:55:40,25,28,0,72,5.734,86.439
2026-06-15 07:00:40,58,71,0,100,5.838,86.077
2026-06-15 07:05:59,65,81,0,113,5.95,86.454
2026-06-15 07:10:40,42,45,0,85,5.888,86.607
2026-06-15 07:15:40,64,79,0,160,5.672,87.225
2026-06-15 07:20:40,31,31,0,82,5.72,86.632
2026-06-15 07:25:40,34,36,0,83,5.747,86.01
2026-06-15 07:30:40,61,80,0,145,5.699,85.59
2026-06-15 07:35:46,68,88,0,176,5.517,85.831
2026-06-15 07:40:40,55,68,0,135,5.597,85.354
2026-06-15 07:45:48,45,54,0,174,5.568,85.529
2026-06-15 07:50:40,35,39,0,171,5.394,86.012
2026-06-15 07:55:40,38,39,0,97,5.368,86.771
2026-06-15 08:00:40,39,40,0,106,5.328,86.964
2026-06-15 08:05:40,32,39,0,82,5.571,86.485
2026-06-15 08:10:40,36,40,0,85,5.977,84.106
2026-06-15 08:15:40,36,37,0,103,6.5,81.182
2026-06-15 08:20:40,28,28,0,124,6.097,83.864
2026-06-15 08:25:40,41,48,0,136,6.513,82.344
2026-06-15 08:30:40,28,29,0,173,6.639,82.931
2026-06-15 08:35:40,28,28,0,116,6.674,84.217
2026-06-15 08:40:40,30,30,0,135,6.858,83.498
2026-06-15 08:45:40,67,84,0,285,6.807,83.54
2026-06-15 08:50:40,41,49,0,209,7.165,83.412
2026-06-15 08:55:47,40,45,0,162,7.4,82.367
2026-06-15 09:00:40,25,25,0,119,7.557,82.359
2026-06-15 09:05:40,50,59,0,1472,7.84,83.078
2026-06-15 09:10:49,57,71,0,469,8.07,80.177
2026-06-15 09:15:41,60,75,0,632,8.07,81.97
2026-06-15 09:20:41,54,68,0,269,8.631,77.288
2026-06-15 09:25:41,74,86,0,418,8.906,77.986
2026-06-15 09:30:41,84,94,0,297,9.17,77.97
2026-06-15 09:35:41,78,90,0,288,9.146,76.256
2026-06-15 09:40:41,92,97,0,342,9.627,76.292
2026-06-15 09:45:41,68,83,0,221,9.857,77.881
2026-06-15 09:50:41,74,87,0,266,9.966,77.69
2026-06-15 09:55:41,60,76,0,172,10.359,71.527
2026-06-15 10:00:41,73,87,0,246,10.853,74.468
2026-06-15 10:05:41,70,84,0,358,10.986,74.301
2026-06-15 10:10:41,61,77,0,270,11.691,72.779
2026-06-15 10:15:41,81,90,0,259,11.921,73.599
2026-06-15 10:20:50,64,78,0,220,12.177,69.37
2026-06-15 10:25:51,58,72,0,205,12.391,69.427
2026-06-15 10:30:41,52,64,0,150,12.716,67.194
2026-06-15 10:35:42,47,57,0,92,13.109,61.721
2026-06-15 10:40:41,42,51,0,86,13.528,62.013
2026-06-15 10:45:41,41,52,0,73,13.592,57.437
2026-06-15 10:50:42,40,46,0,53,13.817,57.592
2026-06-15 10:55:42,41,50,0,102,13.59,59.145
2026-06-15 11:00:41,43,53,0,85,14.006,57.365
2026-06-15 11:05:42,45,54,0,76,14.666,57.523
2026-06-15 11:10:42,43,52,0,61,14.93,57.787
2026-06-15 11:15:41,42,51,0,43,15.232,57.165
2026-06-15 11:20:42,49,59,0,66,15.154,56.284
2026-06-15 11:25:42,46,56,0,63,15.79,59.663
2026-06-15 11:30:42,46,57,0,35,15.892,55.978
2026-06-15 11:35:42,45,54,0,46,16.268,54.609
2026-06-15 11:40:41,36,40,0,21,16.634,48.067
2026-06-15 11:45:42,35,41,0,106,16.765,48.976
2026-06-15 11:50:42,33,37,0,31,17.256,47.338
2026-06-15 11:55:42,42,49,0,49,17.79,52.112
2026-06-15 12:00:42,43,51,0,39,18.014,50.35
2026-06-15 12:05:42,39,45,0,37,18.255,47.441
2026-06-15 12:10:42,35,44,0,30,18.762,47.101
2026-06-15 12:15:43,39,45,0,8,18.613,47.202
2026-06-15 12:20:43,36,42,0,106,19.187,45.225
2026-06-15 12:25:43,38,45,0,46,19.005,42.903
2026-06-15 12:30:43,39,46,0,13,19.633,42.024
2026-06-15 12:35:43,36,41,0,3,19.854,44.961
2026-06-15 12:40:43,32,34,0,0,20.028,41.221
2026-06-15 12:45:43,32,36,0,0,19.849,42.606
2026-06-15 12:50:43,30,33,0,0,20.127,39.733
2026-06-15 12:55:43,27,28,0,0,20.041,38.459
2026-06-15 13:01:04,26,26,0,0,20.61,40.338
2026-06-15 13:05:43,29,29,0,0,20.367,38.955
2026-06-15 13:10:43,27,28,0,6,21.003,42.554
2026-06-15 13:15:52,27,29,0,0,21.224,42.304
2026-06-15 13:20:43,32,34,0,0,21.262,42.377
2026-06-15 13:25:43,31,32,0,0,21.211,43.771
2026-06-15 13:30:43,25,27,0,0,21.296,41.824
2026-06-15 13:35:43,23,23,0,0,21.745,40.582
2026-06-15 13:40:43,19,19,0,0,21.774,39.081
2026-06-15 13:45:43,23,24,0,0,21.788,38.247
2026-06-15 13:50:43,21,22,0,0,21.988,36.107
2026-06-15 13:55:43,18,21,0,0,21.908,39.703
2026-06-15 14:00:43,18,19,0,0,21.988,36.025
2026-06-15 14:05:43,18,19,0,0,22.084,36.3
2026-06-15 14:10:43,19,19,0,0,22.388,36.76
2026-06-15 14:15:43,18,18,0,0,22.645,36.489
2026-06-15 14:20:43,13,14,0,0,22.599,37.688
2026-06-15 14:25:43,15,16,0,0,22.634,36.308
2026-06-15 14:30:43,13,15,0,0,22.356,34.669
2026-06-15 14:35:51,11,12,0,0,22.922,38.068
2026-06-15 14:40:44,12,16,0,0,22.821,34.003
2026-06-15 14:45:43,13,14,0,0,22.818,33.22
2026-06-15 14:50:43,8,9,0,0,23.064,38.432
2026-06-15 14:55:43,7,8,0,0,23.091,36.973
2026-06-15 15:00:53,7,7,0,0,23.115,34.417
2026-06-15 15:05:44,4,4,0,0,22.714,38.52
2026-06-15 15:10:43,3,3,0,0,22.535,38.27
2026-06-15 15:15:44,6,6,0,0,23.013,38.423
2026-06-15 15:20:44,7,7,0,0,22.861,39.392
2026-06-15 15:25:44,11,11,0,0,22.29,43.39
2026-06-15 15:30:44,19,20,0,19,22.391,38.72
2026-06-15 15:35:44,17,18,0,14,22.148,42.281
2026-06-15 15:40:44,19,20,0,22,22.37,42.65
2026-06-15 15:45:45,15,17,0,43,21.908,47.923
2026-06-15 15:50:44,17,17,0,60,22.057,46.289
2026-06-15 15:55:44,18,19,0,51,22.121,46.161
2026-06-15 16:02:41,17,20,0,52,21.454,45.617
2026-06-15 16:05:45,18,19,0,36,21.197,44.32
2026-06-15 16:10:45,12,14,0,25,19.964,50.628
2026-06-15 16:15:45,6,7,0,25,19.691,51.218
2026-06-15 16:20:45,12,14,0,56,19.932,52.471
2026-06-15 16:25:45,12,13,0,78,19.008,56.434
2026-06-15 16:30:45,13,13,0,68,19.267,52.276
2026-06-15 16:35:45,11,12,0,56,19.056,50.355
2026-06-15 16:40:44,12,14,0,74,18.783,49.789
2026-06-15 16:45:45,15,21,0,44,17.79,56.455
2026-06-15 16:50:44,15,18,0,65,17.75,55.624
2026-06-15 16:55:45,10,12,0,83,17.253,58.872
2026-06-15 17:00:44,21,23,0,67,16.823,57.565
2026-06-15 17:05:45,30,34,0,71,16.586,54.603
2026-06-15 17:10:45,29,34,0,52,16.118,56.827
2026-06-15 17:15:45,28,28,0,64,15.635,59.244
2026-06-15 17:20:45,36,41,0,61,15.929,54.973
2026-06-15 17:25:45,23,27,0,68,15.01,60.335
2026-06-15 17:30:45,29,29,0,90,14.623,61.258
2026-06-15 17:35:45,27,28,0,57,15.507,53.762
2026-06-15 17:40:45,37,41,0,165,15.52,55.191
2026-06-15 17:45:45,24,25,0,30,15.446,51.507
2026-06-15 17:50:45,21,23,0,90,14.591,55.971
2026-06-15 17:55:45,34,37,0,55,14.767,57.474
2026-06-15 18:00:45,29,29,0,78,14.484,55.833
2026-06-15 18:05:45,29,30,0,50,14.207,56.325
2026-06-15 18:10:45,27,28,0,54,14.225,54.838
2026-06-15 18:15:53,27,29,0,61,14.009,56.747
2026-06-15 18:20:46,42,51,0,125,13.632,56.909
2026-06-15 18:25:46,26,28,0,39,13.229,60.539
2026-06-15 18:30:46,25,27,0,97,13.058,61.235
2026-06-15 18:35:46,19,21,0,0,12.919,60.415
2026-06-15 18:40:46,17,20,0,0,12.583,61.659
2026-06-15 18:45:46,17,22,0,29,12.198,64.459
2026-06-15 18:50:46,26,28,0,93,11.963,64.741
2026-06-15 18:55:46,25,25,0,38,12.116,64.758
2026-06-15 19:00:46,26,28,0,51,11.563,67.93
2026-06-15 19:05:46,26,27,0,90,11.376,69.355
2026-06-15 19:10:46,26,28,0,72,11.429,68.617
2026-06-15 19:15:46,26,28,0,115,11.186,69.557
2026-06-15 19:20:46,29,30,0,103,11.122,69.488
2026-06-15 19:25:46,26,28,0,89,10.965,70.102
2026-06-15 19:30:46,21,26,0,96,10.946,70.446
2026-06-15 19:35:47,28,29,0,75,11.098,68.737
2026-06-15 19:40:46,22,26,0,72,10.578,71.401
2026-06-15 19:45:46,25,26,0,113,10.556,72.113
2026-06-15 19:50:46,26,30,0,85,10.636,69.467
2026-06-15 19:55:46,31,33,0,109,10.511,70.64
2026-06-15 20:00:47,29,30,0,92,10.193,72.462
2026-06-15 20:05:47,45,54,0,226,9.95,73.601
2026-06-15 20:10:46,26,27,0,111,10.068,72.445
2026-06-15 20:15:46,22,25,0,60,10.249,70.211
2026-06-15 20:20:46,23,26,0,62,9.998,71.319
2026-06-15 20:25:46,28,31,0,120,9.87,73.833
2026-06-15 20:30:47,33,38,0,162,9.817,74.604
2026-06-15 20:35:55,38,45,0,129,9.739,75.308
2026-06-15 20:40:47,35,35,0,111,9.504,75.628
2026-06-15 20:45:46,33,36,0,153,9.464,75.868
2026-06-15 20:50:47,31,34,0,175,9.258,76.694
2026-06-15 20:55:47,39,43,0,179,9.149,76.588
2026-06-15 21:00:47,35,36,0,109,9.114,76.918
2026-06-15 21:05:46,31,37,0,123,9.045,77.591
2026-06-15 21:10:46,42,53,0,194,9.114,77.547
2026-06-15 21:15:48,30,34,0,201,9.181,75.556
2026-06-15 21:20:47,55,70,0,154,9.088,77.2
2026-06-15 21:25:48,48,60,0,299,9.077,77.516
2026-06-15 21:30:47,38,42,0,199,9.256,76.181
2026-06-15 21:35:48,59,74,0,166,9.055,76.845
2026-06-15 21:40:48,84,92,0,517,9.224,76.774
2026-06-15 21:45:48,53,65,0,252,8.973,77.4
2026-06-15 21:50:47,63,79,0,224,8.978,77.61
2026-06-15 21:55:48,47,56,0,155,9.17,76.298
2026-06-15 22:00:47,49,60,0,193,8.887,77.955
2026-06-15 22:05:48,41,47,0,111,8.994,77.499
2026-06-15 22:10:47,41,48,0,159,9.248,76.662
2026-06-15 22:15:48,49,59,0,175,8.61,78.789
2026-06-15 22:20:48,34,36,0,104,8.887,75.676
2026-06-15 22:25:48,39,45,0,116,8.695,77.978
2026-06-15 22:30:48,53,67,0,197,8.58,79.096
2026-06-15 22:35:48,42,54,0,150,8.634,79.176
2026-06-15 22:40:48,56,69,0,278,8.866,75.912
2026-06-15 22:45:48,29,30,0,84,8.938,74.772
2026-06-15 22:50:48,44,54,0,159,8.791,76.38
2026-06-15 22:55:48,30,33,0,105,8.708,77.236
2026-06-15 23:00:48,38,45,0,123,8.612,77.396
2026-06-15 23:05:48,47,56,0,228,8.404,78.056
2026-06-15 23:10:48,32,35,0,123,8.61,76.406
2026-06-15 23:15:48,34,40,0,133,8.532,77.324
2026-06-15 23:20:48,40,45,0,186,8.294,77.455
2026-06-15 23:25:48,39,45,0,114,8.284,78.161
2026-06-15 23:30:48,37,45,0,149,8.182,78.813
2026-06-15 23:35:48,47,57,0,165,7.862,79.09
2026-06-15 23:40:48,52,62,0,181,7.889,78.833
2026-06-15 23:45:48,34,36,0,101,7.883,78.781
2026-06-15 23:50:48,29,33,0,112,7.87,79.46
2026-06-15 23:55:48,32,34,0,117,7.953,78.974
2026-06-16 00:00:48,37,41,0,118,8.027,79.06
2026-06-16 00:05:50,33,34,0,129,7.84,80.049
2026-06-16 00:10:48,36,41,0,130,7.873,80.116
2026-06-16 00:15:49,28,29,0,175,7.873,78.703
2026-06-16 00:20:58,33,34,0,107,8.174,77.11
2026-06-16 00:25:49,28,28,0,108,8.19,76.912
2026-06-16 00:30:49,32,32,0,99,7.99,78.113
2026-06-16 00:35:49,32,33,0,123,7.784,78.623
2026-06-16 00:40:49,30,34,0,97,8.078,78.079
2026-06-16 00:45:49,30,32,0,103,7.811,79.098
2026-06-16 00:50:49,28,34,0,88,8.786,73.318
2026-06-16 00:55:49,29,33,0,100,8.265,76.595
2026-06-16 01:00:49,28,31,0,99,8.401,76.94
2026-06-16 01:05:49,24,29,0,73,8.583,74.749
2026-06-16 01:10:49,28,29,0,108,8.439,76.95
2026-06-16 01:15:49,29,32,0,104,8.161,77.772
2026-06-16 01:20:49,27,29,0,93,8.3,75.804
2026-06-16 01:25:49,24,28,0,77,8.305,76.334
2026-06-16 01:30:50,17,20,0,64,8.222,75.424
2026-06-16 01:35:49,19,22,0,89,8.326,76.486
2026-06-16 01:40:49,21,22,0,76,8.257,75.882
2026-06-16 01:45:49,23,28,0,80,8.294,75.765
2026-06-16 01:50:49,29,30,0,93,8.292,75.355
2026-06-16 01:55:49,28,29,0,111,8.329,75.584
2026-06-16 02:00:50,29,30,0,103,8.241,75.84
2026-06-16 02:05:49,29,29,0,92,8.121,76.725
2026-06-16 02:10:49,27,29,0,96,8.038,77.198
2026-06-16 02:15:49,29,30,0,91,8.089,76.7
2026-06-16 02:20:50,29,30,0,101,7.929,76.733
2026-06-16 02:25:49,29,29,0,106,8.057,76.252
2026-06-16 02:30:49,32,35,0,112,7.84,77.093
2026-06-16 02:35:50,27,27,0,99,7.987,76.05
2026-06-16 02:40:49,30,32,0,126,7.84,75.804
2026-06-16 02:45:50,32,33,0,113,7.814,76.511
2026-06-16 02:50:49,27,30,0,112,7.723,77.312
2026-06-16 02:55:50,29,29,0,115,7.947,75.508
2026-06-16 03:00:57,32,34,0,122,7.547,77.251
2026-06-16 03:05:50,27,28,0,118,8.043,74.135
2026-06-16 03:10:50,28,31,0,121,8.185,72.952
2026-06-16 03:15:58,29,30,0,152,8.305,72.098
2026-06-16 03:20:51,27,27,0,106,7.662,76.465
2026-06-16 03:25:51,24,27,0,108,8.161,74.94
2026-06-16 03:30:50,23,27,0,108,7.963,75.622
2026-06-16 03:35:51,27,27,0,93,8.23,75.46
2026-06-16 03:40:51,27,28,0,104,8.367,74.648
2026-06-16 03:45:51,22,27,0,113,8.334,75.912
2026-06-16 03:50:51,24,28,0,119,8.342,75.132
2026-06-16 03:55:50,24,24,0,96,8.174,75.695
2026-06-16 04:00:58,27,28,0,121,8.519,72.656
2026-06-16 04:05:51,29,30,0,110,8.489,74.652
2026-06-16 04:10:51,28,28,0,125,8.626,71.859
2026-06-16 04:15:50,28,28,0,96,8.481,74.413
2026-06-16 04:20:51,19,20,0,110,8.684,72.914
2026-06-16 04:25:51,14,16,0,99,8.828,74.362
2026-06-16 04:30:51,17,20,0,93,8.807,75.334
2026-06-16 04:35:51,13,15,0,96,8.807,74.14
2026-06-16 04:40:51,20,23,0,103,8.607,73.999
2026-06-16 04:45:51,10,13,0,78,8.396,75.353
2026-06-16 04:50:51,13,17,0,101,8.642,74.415
2026-06-16 04:55:51,14,15,0,99,8.391,74.36
2026-06-16 05:00:51,11,14,0,86,8.521,75.655
2026-06-16 05:05:51,11,11,0,66,8.254,75.992
2026-06-16 05:10:51,20,22,0,90,8.513,73.875
2026-06-16 05:15:51,17,19,0,98,8.543,74.764
2026-06-16 05:20:51,9,9,0,102,8.492,73.366
2026-06-16 05:25:51,18,20,0,92,8.591,72.08
2026-06-16 05:30:51,23,26,0,112,8.596,72.641
2026-06-16 05:35:51,18,20,0,109,8.383,73.465
2026-06-16 05:40:51,20,23,0,104,8.305,73.419
2026-06-16 05:45:51,7,9,0,80,8.618,70.425
2026-06-16 05:50:51,8,9,0,66,8.626,71.781
2026-06-16 05:55:51,8,11,0,69,8.481,73.725
2026-06-16 06:00:51,9,9,0,65,8.631,71.003
2026-06-16 06:05:51,8,9,0,70,8.241,74.68
2026-06-16 06:10:51,6,6,0,63,8.124,74.846
2026-06-16 06:15:52,4,4,0,67,8.204,73.95
2026-06-16 06:20:52,7,7,0,67,8.153,72.679
2026-06-16 06:25:52,8,8,0,71,7.977,73.616
2026-06-16 06:30:52,7,7,0,72,7.99,73.561
2026-06-16 06:35:52,7,8,0,70,7.827,75.224
2026-06-16 06:40:52,8,10,0,79,7.819,72.87
2026-06-16 06:45:52,7,7,0,66,7.784,74.138
2026-06-16 06:50:52,16,18,0,112,8.153,72.952
2026-06-16 06:55:52,8,8,0,103,7.822,74.798
2026-06-16 07:00:52,9,9,0,64,7.862,72.326
2026-06-16 07:05:52,9,9,0,83,8.121,71.859
2026-06-16 07:10:52,13,16,0,73,8.241,69.563
2026-06-16 07:15:52,24,29,0,72,8.091,71.461
2026-06-16 07:20:52,19,23,0,116,8.262,72.477
2026-06-16 07:26:01,42,48,0,168,7.979,72.401
2026-06-16 07:30:52,28,29,0,123,8.18,73.921
2026-06-16 07:35:52,22,23,0,105,8.166,72.91
2026-06-16 07:41:00,22,23,0,164,8.033,70.503
2026-06-16 07:46:01,26,28,0,197,8.196,72.34
2026-06-16 07:50:52,21,26,0,112,8.228,72.763
2026-06-16 07:55:52,39,40,0,170,8.113,75.432
2026-06-16 08:00:52,13,18,0,76,8.292,71.184
2026-06-16 08:05:53,8,8,0,79,8.626,69.721
2026-06-16 08:10:52,11,11,0,101,8.612,70.093
2026-06-16 08:15:53,11,13,0,118,8.796,71.947
2026-06-16 08:20:52,11,13,0,102,8.919,71.964
2026-06-16 08:25:53,10,13,0,150,8.417,73.91
2026-06-16 08:30:52,7,9,0,119,8.89,73.959
2026-06-16 08:35:52,15,16,0,141,9.152,71.811
2026-06-16 08:40:52,28,29,0,238,9.272,73.755
2026-06-16 08:45:53,35,37,0,230,9.29,73.028
2026-06-16 08:50:52,36,40,0,178,9.549,66.652
2026-06-16 08:55:53,35,39,0,163,9.787,70.276
2026-06-16 09:00:52,34,37,0,104,9.91,68.002
2026-06-16 09:05:53,33,35,0,79,10.204,66.702
2026-06-16 09:10:53,33,33,0,280,10.116,71.678
2026-06-16 09:15:54,27,32,0,182,10.634,70.358
2026-06-16 09:20:54,28,30,0,181,10.714,71.325
2026-06-16 09:25:54,26,27,0,135,11.093,71.384
2026-06-16 09:30:53,37,40,0,141,11.2,72.87
2026-06-16 09:35:54,91,94,0,328,11.507,69.044
2026-06-16 09:40:54,60,75,0,277,11.979,69.04
2026-06-16 09:45:54,73,86,0,647,12.049,68.947
2026-06-16 09:50:54,52,65,0,274,12.514,68.018
2026-06-16 09:55:54,39,45,0,146,12.783,60.928
2026-06-16 10:01:03,68,80,0,329,13.152,66.957
2026-06-16 10:05:54,65,77,0,340,13.069,65.929
2026-06-16 10:10:54,62,75,0,284,13.325,66.967
2026-06-16 10:15:54,56,70,0,225,13.213,65.477
2026-06-16 10:20:54,56,70,0,280,13.478,66.822
2026-06-16 10:25:54,50,61,0,253,13.996,63.942
2026-06-16 10:30:54,47,57,0,159,14.094,66.122
2026-06-16 10:35:54,49,59,0,170,13.6,65.687
2026-06-16 10:40:54,80,86,0,232,13.929,61.645
2026-06-16 10:45:54,57,73,0,180,14.199,59.528
2026-06-16 10:50:54,55,68,0,163,14.786,59.438
2026-06-16 10:55:54,54,65,0,148,15.192,60.253
2026-06-16 11:00:54,46,55,0,148,15.713,53.243
2026-06-16 11:05:54,47,56,0,120,16.281,54.042
2026-06-16 11:10:54,36,42,0,61,15.777,51.528
2026-06-16 11:15:54,30,32,0,65,16.38,51.807
2026-06-16 11:20:54,26,27,0,70,16.444,52.934
2026-06-16 11:25:54,25,28,0,49,16.204,53.977
2026-06-16 11:30:54,23,26,0,121,16.423,53.531
2026-06-16 11:35:54,34,38,0,110,16.311,48.017
2026-06-16 11:40:54,27,28,0,109,16.634,47.752
2026-06-16 11:45:54,27,28,0,72,16.759,46.15
2026-06-16 11:50:54,33,38,0,100,16.679,51.28
2026-06-16 11:55:54,29,31,0,125,16.028,49.77
2026-06-16 12:00:54,27,29,0,106,16.297,52.619
2026-06-16 12:06:00,24,24,0,63,16.65,53.699
2026-06-16 12:10:54,25,28,0,61,16.93,53.731
2026-06-16 12:15:55,25,28,0,78,16.845,56.27
2026-06-16 12:20:55,29,30,0,108,16.468,56.238
2026-06-16 12:25:55,27,28,0,160,16.805,52.413
2026-06-16 12:30:55,27,28,0,88,16.818,58.668
2026-06-16 12:35:55,24,25,0,105,16.591,52.274
2026-06-16 12:40:56,30,31,0,311,16.952,55.717
2026-06-16 12:45:55,11,11,0,87,17.213,48.902
2026-06-16 12:50:56,25,25,0,83,17.267,55.021
2026-06-16 12:55:55,30,31,0,66,16.647,53.981
2026-06-16 13:00:55,31,34,0,70,17.117,53.842
2026-06-16 13:05:55,27,28,0,63,17.09,54.311
2026-06-16 13:10:56,30,34,0,86,17.43,53.07
2026-06-16 13:15:55,27,28,0,71,17.096,48.854
2026-06-16 13:20:55,26,28,0,77,17.47,48.484
2026-06-16 13:25:55,22,22,0,72,17.609,48.341
2026-06-16 13:30:55,20,22,0,93,17.52,53.585
2026-06-16 13:35:55,20,20,0,133,17.739,54.718
2026-06-16 13:40:56,16,17,0,158,17.534,54.893
2026-06-16 13:45:55,19,24,0,150,17.846,55.326
2026-06-16 13:50:55,25,25,0,100,17.785,59.093
2026-06-16 13:55:55,23,24,0,97,17.483,55.042
2026-06-16 14:00:56,24,28,0,105,17.472,54.14
2026-06-16 14:05:56,25,27,0,119,17.398,57.054
2026-06-16 14:10:56,22,23,0,138,17.261,59.671
2026-06-16 14:15:56,4,4,0,40,17.184,55.843
2026-06-16 14:20:56,11,11,0,76,17.448,59.227
2026-06-16 14:25:56,8,9,0,72,17.293,58.136
2026-06-16 14:30:56,13,15,0,103,16.984,59.885
2026-06-16 14:35:56,23,23,0,152,17.053,54.313
2026-06-16 14:40:56,18,19,0,140,17.069,57.859
2026-06-16 14:45:56,24,24,0,94,17.368,51.933
2026-06-16 14:50:55,23,24,0,130,17.253,53.907
2026-06-16 14:55:56,24,26,0,127,17.064,53.588
2026-06-16 15:00:55,27,28,0,145,16.978,56.242
2026-06-16 15:05:56,24,26,0,123,17.16,57.289
2026-06-16 15:11:17,27,29,0,112,16.324,55.967
2026-06-16 15:15:57,25,26,0,140,16.369,55.687
2026-06-16 15:20:56,25,29,0,163,16.575,55.568
2026-06-16 15:25:57,14,15,0,112,16.572,53.874
2026-06-16 15:31:18,8,8,0,189,16.471,51.584
2026-06-16 15:35:57,31,32,0,108,16.65,53.243
2026-06-16 15:40:57,30,31,0,99,16.599,51.326
2026-06-16 15:45:57,22,22,0,74,16.839,47.513
2026-06-16 15:50:57,35,39,0,146,16.615,50.668
2026-06-16 15:55:57,33,37,0,144,16.869,54.523
2026-06-16 16:02:42,30,32,0,94,16.96,54.815
2026-06-16 16:05:57,34,38,0,93,16.45,53.203
2026-06-16 16:10:57,26,26,0,89,17.024,50.867
2026-06-16 16:15:57,28,30,0,88,16.981,56.953
2026-06-16 16:20:57,31,34,0,102,16.183,60.85
2026-06-16 16:25:57,34,38,0,177,16.094,56.581
2026-06-16 16:30:57,27,27,0,99,15.937,57.052
2026-06-16 16:35:57,16,16,0,63,16.148,55.673
2026-06-16 16:40:57,35,39,0,139,16.143,59.524
2026-06-16 16:45:57,33,37,0,155,16.126,57.495
2026-06-16 16:50:57,34,37,0,187,15.83,55.076
2026-06-16 16:55:57,34,37,0,146,16.073,54.876
2026-06-16 17:00:57,31,32,0,137,16.054,57.42
2026-06-16 17:05:57,39,46,0,181,15.916,58.176
2026-06-16 17:10:57,89,100,0,256,15.6,55.515
2026-06-16 17:15:57,30,30,0,135,14.879,61.884
2026-06-16 17:20:57,24,26,0,120,15.024,57.552
2026-06-16 17:25:57,26,27,0,129,14.89,56.713
2026-06-16 17:30:57,29,31,0,187,14.546,61.918
2026-06-16 17:35:58,25,25,0,210,14.223,62.978
2026-06-16 17:40:57,21,21,0,105,14.223,62.734
2026-06-16 17:46:18,31,32,0,180,13.972,63.955
2026-06-16 17:50:58,35,42,0,186,13.982,60.321
2026-06-16 17:55:57,51,62,0,176,13.737,59.831
2026-06-16 18:00:58,42,50,0,192,13.523,60.251
2026-06-16 18:05:57,30,30,0,153,13.125,62.967
2026-06-16 18:10:57,26,27,0,125,12.66,62.849
2026-06-16 18:15:58,20,20,0,165,12.588,61.784
2026-06-16 18:20:58,19,22,0,92,12.874,60.495
2026-06-16 18:25:58,28,29,0,123,12.567,61.636
2026-06-16 18:30:58,26,29,0,134,12.225,62.99
2026-06-16 18:35:59,36,44,0,154,12.679,60.329
2026-06-16 18:40:58,45,56,0,152,12.26,63.623
2026-06-16 18:45:59,30,31,0,132,11.913,64.411
2026-06-16 18:50:59,56,69,0,198,12.353,61.947
2026-06-16 18:55:58,48,60,0,186,12.554,61.163
2026-06-16 19:00:58,37,42,0,137,11.766,64.962
2026-06-16 19:05:58,36,44,0,180,12.1,61.987
2026-06-16 19:10:59,36,41,0,173,11.544,65.386
2026-06-16 19:15:58,34,35,0,153,11.539,63.993
2026-06-16 19:20:59,31,34,0,152,10.97,66.576
2026-06-16 19:25:59,33,38,0,143,11.571,61.212
2026-06-16 19:30:59,34,38,0,159,11.483,62.874
2026-06-16 19:35:59,38,43,0,161,11.606,62.784
2026-06-16 19:40:59,47,55,0,217,11.365,65.265
2026-06-16 19:45:58,49,58,0,201,11.627,64.888
2026-06-16 19:50:59,45,53,0,196,11.563,63.993
2026-06-16 19:55:59,47,56,0,225,11.803,61.17
2026-06-16 20:00:59,37,42,0,190,11.934,59.866
2026-06-16 20:05:58,41,48,0,260,11.616,60.201
2026-06-16 20:10:59,39,46,0,250,11.504,61.157
2026-06-16 20:15:58,37,38,0,145,11.509,59.925
2026-06-16 20:20:59,36,38,0,159,11.646,58.456
2026-06-16 20:25:59,48,59,0,242,12.34,60.606
2026-06-16 20:30:59,49,59,0,199,12.588,62.16
2026-06-16 20:35:59,49,61,0,211,12.297,63.577
2026-06-16 20:40:59,58,73,0,227,11.59,65.654
2026-06-16 20:45:59,47,59,0,179,12.062,64.079
2026-06-16 20:51:20,43,54,0,149,10.983,67.991
2026-06-16 20:55:59,42,49,0,159,10.511,68.819
2026-06-16 21:00:59,40,47,0,144,10.006,70.884
2026-06-16 21:05:59,45,56,0,178,9.942,71.447
2026-06-16 21:10:59,40,46,0,137,9.574,72.029
2026-06-16 21:16:00,38,50,0,311,9.325,73.644
2026-06-16 21:21:00,43,52,0,251,9.221,74.474
2026-06-16 21:26:00,45,53,0,151,8.882,75.849
2026-06-16 21:31:00,43,53,0,154,8.828,75.968
2026-06-16 21:36:00,44,56,0,144,8.93,75.815
2026-06-16 21:41:00,49,60,0,185,8.588,76.929
2026-06-16 21:46:00,48,60,0,309,8.551,76.433
2026-06-16 21:51:00,43,53,0,182,8.348,77.431
2026-06-16 21:56:00,41,49,0,163,8.404,75.855
2026-06-16 22:01:00,42,51,0,182,8.124,77.804
2026-06-16 22:06:00,52,64,0,254,8.305,77.181
2026-06-16 22:11:00,50,62,0,219,8.316,76.643
2026-06-16 22:16:00,56,69,0,225,7.945,77.915
2026-06-16 22:21:00,49,58,0,189,8.425,77.618
2026-06-16 22:26:00,49,60,0,188,8.241,77.61
2026-06-16 22:31:09,50,61,0,200,8.035,77.507
2026-06-16 22:36:00,43,51,0,175,8.177,76.63
2026-06-16 22:41:00,45,55,0,168,7.774,78.018
2026-06-16 22:46:00,43,51,0,149,7.827,77.522
2026-06-16 22:51:00,36,38,0,257,7.6,76.515
2026-06-16 22:56:00,34,35,0,138,7.742,75.409
2026-06-16 23:01:00,50,61,0,663,7.397,79.256
2026-06-16 23:06:07,44,56,0,3046,7.565,77.7
2026-06-16 23:11:00,50,62,0,214,7.248,78.644
2026-06-16 23:16:00,47,57,0,156,7.411,77.808
2026-06-16 23:21:00,42,47,0,109,6.882,80.065
2026-06-16 23:26:00,41,50,0,108,7.093,79.183
2026-06-16 23:31:00,43,48,0,193,6.919,79.344
2026-06-16 23:36:00,40,45,0,123,6.922,79.483
2026-06-16 23:41:09,46,54,0,144,6.23,81.881
2026-06-16 23:46:00,41,49,0,117,6.775,80.057
2026-06-16 23:51:00,30,31,0,154,6.74,77.862
2026-06-16 23:56:00,33,33,0,103,6.62,78.188
2026-06-17 00:01:00,25,30,0,111,6.612,77.86
2026-06-17 00:06:00,32,35,0,141,6.593,78.697
2026-06-17 00:11:00,33,34,0,100,6.572,78.705
2026-06-17 00:16:01,29,33,0,171,6.388,78.567
2026-06-17 00:21:01,30,35,0,108,6.711,76.303
2026-06-17 00:26:01,30,33,0,113,6.316,78.405
2026-06-17 00:31:01,31,33,0,85,6.425,77.526
2026-06-17 00:36:01,33,34,0,127,6.204,78.852
2026-06-17 00:41:01,29,33,0,98,6.073,79.193
2026-06-17 00:46:01,36,39,0,112,6.137,79.794
2026-06-17 00:51:02,38,41,0,94,6.089,80.141
2026-06-17 00:56:02,37,44,0,112,6.292,79.279
2026-06-17 01:01:01,40,43,0,125,6.201,79.853
2026-06-17 01:06:02,33,33,0,120,6.601,76.921
2026-06-17 01:11:02,30,33,0,110,7.069,73.931
2026-06-17 01:16:01,31,33,0,99,6.815,76.21
2026-06-17 01:21:01,36,41,0,125,6.543,77.999
2026-06-17 01:26:01,50,61,0,140,6.682,77.722
2026-06-17 01:31:02,42,46,0,120,6.38,78.709
2026-06-17 01:36:01,36,42,0,116,6.369,78.892
2026-06-17 01:41:02,34,38,0,125,6.42,78.533
2026-06-17 01:46:01,37,39,0,118,6.412,78.541
2026-06-17 01:51:02,35,38,0,111,6.105,79.967
2026-06-17 01:56:01,33,37,0,128,6.027,79.916
2026-06-17 02:01:02,42,44,0,123,6.038,79.552
2026-06-17 02:06:01,36,39,0,131,5.686,79.71
2026-06-17 02:11:02,41,47,0,145,5.459,80.904
2026-06-17 02:16:02,33,34,0,124,5.803,79.859
2026-06-17 02:21:02,32,34,0,121,5.966,79.227
2026-06-17 02:26:02,30,30,0,111,5.33,81.823
2026-06-17 02:31:01,25,29,0,105,5.683,79.704
2026-06-17 02:36:02,29,32,0,101,5.848,79.74
2026-06-17 02:41:02,32,32,0,110,5.453,80.997
2026-06-17 02:46:01,32,36,0,114,5.79,79.388
2026-06-17 02:51:02,32,33,0,112,6.043,78.59
2026-06-17 02:56:02,29,31,0,115,6.009,79.084
2026-06-17 03:01:02,31,32,0,109,6.067,78.291
2026-06-17 03:06:02,29,30,0,105,6.014,78.615
2026-06-17 03:11:02,33,36,0,116,5.851,79.407
2026-06-17 03:16:03,41,46,0,207,6.361,76.124
2026-06-17 03:21:03,37,42,0,118,6.073,78.655
2026-06-17 03:26:03,32,38,0,110,5.862,79.195
2026-06-17 03:31:03,32,33,0,121,6.078,78.047
2026-06-17 03:36:03,34,36,0,125,6.033,78.483
2026-06-17 03:41:03,28,28,0,108,5.904,78.792
2026-06-17 03:46:03,28,30,0,96,6.166,78.258
2026-06-17 03:51:03,30,32,0,98,5.859,79.498
2026-06-17 03:56:03,32,32,0,89,5.766,80.387
2026-06-17 04:01:03,32,34,0,107,5.939,79.548
2026-06-17 04:06:03,34,38,0,120,6.014,78.386
2026-06-17 04:11:03,36,38,0,134,6.046,77.768
2026-06-17 04:16:03,34,37,0,137,6.244,76.83
2026-06-17 04:21:12,33,35,0,121,5.939,79.302
2026-06-17 04:26:03,33,40,0,111,6.201,77.295
2026-06-17 04:31:03,33,35,0,109,5.827,79.817
2026-06-17 04:36:03,34,37,0,114,5.977,78.796
2026-06-17 04:41:03,30,34,0,106,5.896,78.588
2026-06-17 04:46:03,36,37,0,129,6.233,76.103
2026-06-17 04:51:03,30,32,0,109,6.249,77.247
2026-06-17 04:56:03,30,32,0,102,5.435,80.276
2026-06-17 05:01:03,32,35,0,122,5.8,78.958
2026-06-17 05:06:03,35,37,0,117,5.464,79.04
2026-06-17 05:11:03,37,40,0,128,5.517,79.369
2026-06-17 05:16:03,34,35,0,125,5.573,79.09
2026-06-17 05:21:03,35,36,0,125,5.595,79.218
2026-06-17 05:26:03,31,37,0,111,5.571,79.134
2026-06-17 05:31:03,29,31,0,106,5.552,80.383
2026-06-17 05:36:03,29,31,0,107,5.811,78.667
2026-06-17 05:41:03,24,26,0,95,5.621,79.908
2026-06-17 05:46:04,23,28,0,102,5.584,79.172
2026-06-17 05:51:03,25,29,0,96,5.648,79.365
2026-06-17 05:56:03,30,34,0,104,5.41,80.416
2026-06-17 06:01:03,36,40,0,110,5.445,79.939
2026-06-17 06:06:04,37,40,0,113,5.213,80.749
2026-06-17 06:11:03,35,38,0,128,5.106,80.173
2026-06-17 06:16:05,32,33,0,151,5.394,79.931
2026-06-17 06:21:04,26,31,0,113,5.346,79.868
2026-06-17 06:26:04,28,28,0,107,5.135,80.975
2026-06-17 06:31:04,31,32,0,109,5.264,79.702
2026-06-17 06:36:05,24,24,0,114,5.362,77.78
2026-06-17 06:41:04,26,28,0,117,5.723,76.771
2026-06-17 06:46:05,29,29,0,117,5.571,77.799
2026-06-17 06:51:04,24,25,0,109,5.707,75.93
2026-06-17 06:56:04,25,29,0,109,6.252,73.894
2026-06-17 07:01:05,37,40,0,143,5.942,76.979
2026-06-17 07:06:05,34,37,0,124,5.806,77.951
2026-06-17 07:11:05,30,33,0,93,5.696,78.396
2026-06-17 07:16:05,45,52,0,161,5.448,78.216
2026-06-17 07:21:05,38,42,0,137,5.181,79.422
2026-06-17 07:26:05,38,39,0,127,5.111,79.353
2026-06-17 07:31:14,36,39,0,126,4.855,79.866
2026-06-17 07:36:04,37,40,0,107,4.876,80.391
2026-06-17 07:41:05,34,38,0,115,4.615,81.278
2026-06-17 07:46:05,43,50,0,144,4.607,80.574
2026-06-17 07:51:05,42,49,0,150,4.719,80.158
2026-06-17 07:56:05,36,41,0,138,4.481,79.54
2026-06-17 08:01:14,42,49,0,,4.697,79.096
2026-06-17 08:06:05,31,35,0,,5.095,76.971
2026-06-17 08:11:05,43,51,0,,6.113,79.302
2026-06-17 08:16:05,39,40,0,,6.38,75.437
2026-06-17 08:21:05,45,53,0,,6.164,82.632
2026-06-17 08:26:05,47,59,0,,6.604,86.096
2026-06-17 08:31:05,54,68,0,,6.81,86.348
2026-06-17 08:36:14,51,61,0,,6.898,88.305
2026-06-17 08:41:05,51,60,0,,7.047,86.542
2026-06-17 08:46:13,50,62,0,,7.146,87.477
2026-06-17 08:51:05,48,60,0,,7.082,86.535
2026-06-17 08:56:05,49,59,0,,6.965,86.151
2026-06-17 09:01:05,53,66,0,,7.013,85.47
2026-06-17 09:06:05,50,63,0,,6.943,85.953
2026-06-17 09:11:05,51,66,0,,7.082,84.332
2026-06-17 09:16:06,50,59,0,,6.858,85.581
2026-06-17 09:21:06,53,62,0,,7.109,84.866
2026-06-17 09:26:06,61,76,0,,8.994,78.207
2026-06-17 09:31:06,65,81,0,,8.342,82.006
2026-06-17 09:36:06,48,58,0,,8.82,80.091
2026-06-17 09:41:06,44,55,0,,9.331,80.101
2026-06-17 09:46:06,48,57,0,,9.638,79.748
2026-06-17 09:51:06,44,53,0,,9.704,78.937
2026-06-17 09:56:06,43,54,0,,9.891,77.415
2026-06-17 10:01:06,43,51,0,,10.169,76.45
2026-06-17 10:06:06,43,53,0,,10.206,76.475
2026-06-17 10:11:06,41,49,0,,10.551,77.625
2026-06-17 10:16:06,41,47,0,,10.743,76.761
2026-06-17 10:21:06,42,55,0,,10.551,78.228
2026-06-17 10:26:06,40,52,0,,10.933,76.507
2026-06-17 10:31:06,40,52,0,,11.181,76.418
2026-06-17 10:36:06,40,50,0,,11.568,74.474
2026-06-17 10:41:06,40,49,0,167,11.632,74.877
2026-06-17 10:46:06,42,52,0,138,11.125,75.588
2026-06-17 10:51:06,37,44,0,131,11.339,74.612
2026-06-17 10:56:06,40,53,0,183,11.782,73.778
2026-06-17 11:01:06,41,52,0,138,11.632,73.595
2026-06-17 11:06:06,40,51,0,137,11.672,73.402
2026-06-17 11:11:06,44,55,0,132,11.771,73.351
2026-06-17 11:16:06,41,51,0,111,11.558,73.936
2026-06-17 11:21:06,40,50,0,105,11.969,71.722
2026-06-17 11:31:08,37,45,0,86,12.62,71.247
2026-06-17 11:36:06,39,47,0,105,13.363,68.966
2026-06-17 11:41:06,36,41,0,97,13.09,68.723
2026-06-17 11:46:06,35,41,0,79,13.373,68.596
2026-06-17 11:51:06,34,40,0,67,13.405,67.611
2026-06-17 11:56:06,38,44,0,74,13.587,68.357
2026-06-17 12:01:07,33,39,0,68,14.062,67.613
2026-06-17 12:06:06,31,36,0,48,12.885,72.092
2026-06-17 12:11:06,31,36,0,41,13.277,70.841
2026-06-17 12:16:08,31,34,0,68,13.646,69.841
2026-06-17 12:21:07,31,32,0,74,13.202,70.373
2026-06-17 12:26:08,30,32,0,55,13.045,70.986
2026-06-17 12:31:07,26,28,0,48,13.05,71.018
2026-06-17 12:36:08,28,30,0,44,13.074,71.316
2026-06-17 12:41:08,25,27,0,36,12.527,72.965
2026-06-17 12:46:08,25,26,0,25,12.839,72.742
2026-06-17 12:51:08,21,26,0,25,12.281,74.138
2026-06-17 12:56:08,29,31,0,55,12.506,73.828
2026-06-17 13:01:08,31,33,0,82,12.714,73.887
2026-06-17 13:06:08,26,27,0,39,12.615,72.563
2026-06-17 13:11:08,27,28,0,56,13.328,71.125
2026-06-17 13:16:08,25,26,0,41,13.315,71.508
2026-06-17 13:21:08,25,26,0,32,13.197,71.893
2026-06-17 13:26:08,28,30,0,32,13.026,72.378
2026-06-17 13:31:08,31,32,0,50,12.695,74.379
2026-06-17 13:36:08,35,37,0,26,12.818,73.461
2026-06-17 13:41:08,31,32,0,44,13.149,72.708
2026-06-17 13:46:08,27,30,0,85,12.201,75.926
2026-06-17 13:51:08,27,30,0,21,12.716,73.952
2026-06-17 13:56:08,24,25,0,11,12.572,74.701
2026-06-17 14:01:08,26,29,0,8,12.38,75.266
2026-06-17 14:06:08,25,27,0,27,13.2,72.918
2026-06-17 14:11:08,26,26,0,35,12.943,74.276
2026-06-17 14:16:08,26,28,0,35,13.085,73.622
2026-06-17 14:21:08,25,28,0,47,13.531,72.071
2026-06-17 14:26:08,27,31,0,20,12.834,73.809
2026-06-17 14:31:08,26,31,0,13,12.393,75.214
2026-06-17 14:36:08,27,27,0,4,12.714,75.058
2026-06-17 14:41:08,32,34,0,42,13.189,73.623
2026-06-17 14:46:08,26,27,0,23,12.727,74.522
2026-06-17 14:51:08,26,28,0,2,12.42,75.464
2026-06-17 14:56:08,26,28,0,13,12.791,74.308
2026-06-17 15:01:08,25,28,0,5,12.69,74.31
2026-06-17 15:06:08,25,26,0,37,12.77,74.636
2026-06-17 15:11:08,25,26,0,42,12.781,74.835
2026-06-17 15:16:09,25,26,0,21,13.021,73.551
2026-06-17 15:21:09,22,24,0,32,13.024,73.356
2026-06-17 15:26:09,14,17,0,0,12.177,75.138
2026-06-17 15:31:09,18,20,0,32,12.7,74.299
2026-06-17 15:36:09,27,29,0,39,12.316,75.317
2026-06-17 15:41:10,24,25,0,7,12.142,75.418
2026-06-17 15:46:09,29,32,0,30,12.607,74.131
2026-06-17 15:51:10,25,26,0,3,12.716,73.646
2026-06-17 15:56:09,22,25,0,48,12.997,72.588
2026-06-17 16:02:46,25,26,0,26,13.08,72.534
2026-06-17 16:06:09,27,28,0,55,12.919,73.425
2026-06-17 16:11:10,36,40,0,62,12.511,74.619
2026-06-17 16:16:09,26,28,0,30,12.706,74.329
2026-06-17 16:21:09,20,24,0,3,12.607,73.858
2026-06-17 16:26:09,27,28,0,43,12.831,72.901
2026-06-17 16:31:10,25,30,0,96,12.66,73.875
2026-06-17 16:36:09,25,25,0,54,12.797,72.828
2026-06-17 16:41:09,25,27,0,16,12.682,73.007
2026-06-17 16:46:09,25,26,0,17,12.604,73.421
2026-06-17 16:51:09,20,20,0,27,12.604,73.616
2026-06-17 16:56:09,26,26,0,93,12.967,72.79
2026-06-17 17:01:09,18,21,0,37,12.562,74.316
2026-06-17 17:06:13,14,16,0,96,12.684,73.417
2026-06-17 17:11:09,14,18,0,58,12.626,73.734
2026-06-17 17:16:10,29,31,0,650,12.364,74.871
2026-06-17 17:21:10,48,59,0,285,12.198,74.951
2026-06-17 17:26:10,49,58,0,326,12.19,75.42
2026-06-17 17:31:09,37,42,0,206,12.201,75.645
2026-06-17 17:36:10,35,41,0,226,12.177,75.388
2026-06-17 17:41:09,43,51,0,286,11.736,76.979
2026-06-17 17:46:10,32,32,0,186,11.846,76.816
2026-06-17 17:51:10,44,53,0,180,11.822,76.614
2026-06-17 17:56:10,56,71,0,173,11.619,77.619
2026-06-17 18:01:13,36,41,0,113,11.336,78.916
2026-06-17 18:06:10,32,33,0,166,11.413,78.663
2026-06-17 18:11:10,28,31,0,59,11.146,79.279
2026-06-17 18:16:11,22,25,0,96,11.419,77.957
2026-06-17 18:21:10,18,21,0,45,11.451,77.94
2026-06-17 18:26:11,27,27,0,103,11.456,77.852
2026-06-17 18:31:10,26,26,0,95,11.341,77.938
2026-06-17 18:36:11,38,43,0,125,11.264,78.333
2026-06-17 18:41:11,25,26,0,60,11.16,77.73
2026-06-17 18:46:11,33,38,0,41,11.44,76.691
2026-06-17 18:51:11,26,28,0,23,11.793,74.842
2026-06-17 18:56:11,34,38,0,48,11.851,74.871
2026-06-17 19:01:11,30,31,0,54,11.825,75.02
2026-06-17 19:06:11,58,72,0,464,11.793,75.367
2026-06-17 19:11:11,50,63,0,132,11.392,77.497
2026-06-17 19:16:11,42,52,0,160,11.266,77.925
2026-06-17 19:21:11,37,40,0,181,11.456,76.954
2026-06-17 19:26:11,29,29,0,90,11.226,77.396
2026-06-17 19:31:11,40,47,0,139,11.216,78.022
2026-06-17 19:36:11,30,33,0,99,11.09,77.999
2026-06-17 19:41:12,34,39,0,112,10.941,78.775
2026-06-17 19:46:11,41,52,0,248,10.612,79.899
2026-06-17 19:51:11,38,43,0,171,10.898,78.882
2026-06-17 19:56:11,38,43,0,156,10.794,79.218
2026-06-17 20:01:11,40,46,0,185,10.839,79.151
2026-06-17 20:06:11,41,47,0,151,10.497,80.255
2026-06-17 20:11:11,37,41,0,198,10.706,79.8
2026-06-17 20:16:11,50,58,0,261,10.575,80.217
2026-06-17 20:21:11,43,55,0,164,10.316,81.465
2026-06-17 20:26:11,23,27,0,41,10.965,78.396
2026-06-17 20:31:11,21,23,0,34,11.189,77.349
2026-06-17 20:36:11,26,28,0,69,11.253,77.215
2026-06-17 20:41:11,28,30,0,91,11.253,77.406
2026-06-17 20:46:11,34,36,0,43,11.477,76.162
2026-06-17 20:51:11,21,23,0,10,11.515,76.048
2026-06-17 20:56:11,21,21,0,4,11.833,74.724
2026-06-17 21:01:11,23,28,0,22,11.723,75.83
2026-06-17 21:06:11,27,27,0,52,11.766,75.241
2026-06-17 21:11:11,34,41,0,113,11.718,75.632
2026-06-17 21:16:13,26,28,0,91,11.547,76.721
2026-06-17 21:21:12,28,32,0,111,11.154,78.592
2026-06-17 21:26:16,43,52,0,300,11.283,78.421
2026-06-17 21:31:12,50,62,0,314,11.237,78.043
2026-06-17 21:36:12,45,55,0,253,10.946,79.027
2026-06-17 21:41:12,47,57,0,238,10.791,79.994
2026-06-17 21:46:12,46,54,0,806,10.829,79.861
2026-06-17 21:51:12,37,41,0,160,10.447,81.247
2026-06-17 21:56:13,37,40,0,143,10.396,80.915
2026-06-17 22:01:16,26,27,0,64,10.938,78.285
2026-06-17 22:06:13,35,39,0,174,10.564,80.051
2026-06-17 22:16:12,18,22,0,198,10.698,80.364
2026-06-17 22:21:13,8,8,0,4,10.89,79.91
2026-06-17 22:26:12,5,5,0,0,11.2,78.691
2026-06-17 22:31:13,7,8,0,0,11.114,79.113
2026-06-17 22:36:12,13,15,0,8,11.192,78.823
2026-06-17 22:41:13,22,25,0,25,11.248,78.499
2026-06-17 22:46:12,8,9,0,7,11.264,78.405
2026-06-17 22:51:14,17,17,0,32,11.098,79.058
2026-06-17 22:56:12,10,10,0,14,11.098,79.138
2026-06-17 23:01:13,13,19,0,48,10.639,80.437
2026-06-17 23:06:13,22,23,0,65,10.666,80.479
2026-06-17 23:11:12,9,14,0,23,10.586,80.36
2026-06-17 23:16:13,10,10,0,55,10.377,81.123
2026-06-17 23:21:12,14,15,0,58,10.209,81.543
2026-06-17 23:26:13,22,23,0,125,9.838,82.35
2026-06-17 23:31:13,26,29,0,97,9.651,83.052
2026-06-17 23:36:13,10,13,0,73,9.448,83.384
2026-06-17 23:41:13,23,23,0,107,9.363,84.156
2026-06-17 23:46:16,19,20,0,88,9.152,84.253
2026-06-17 23:51:13,26,26,0,117,9.104,85.478
2026-06-17 23:56:13,26,29,0,157,8.847,85.152
2026-06-18 00:01:13,24,27,0,111,9.117,84.883
2026-06-18 00:06:14,24,27,0,113,9.061,85.199
2026-06-18 00:11:12,24,24,0,78,9.258,85.073
2026-06-18 00:16:14,18,19,0,119,9.443,83.881
2026-06-18 00:21:14,13,16,0,71,9.819,82.84
2026-06-18 00:26:14,21,23,0,110,9.67,83.187
2026-06-18 00:31:14,38,43,0,160,9.477,83.298
2026-06-18 00:36:14,52,65,0,191,9.44,83.668
2026-06-18 00:41:14,31,33,0,120,8.922,84.85
2026-06-18 00:46:14,27,30,0,106,9.074,84.812
2026-06-18 00:51:14,27,30,0,119,9.216,84.341
2026-06-18 00:56:14,28,30,0,125,9.058,85.035
2026-06-18 01:01:14,29,31,0,115,8.903,86.155
2026-06-18 01:06:14,28,29,0,110,9.122,85.936
2026-06-18 01:11:14,23,26,0,64,9.555,84.532
2026-06-18 01:16:14,20,20,0,54,9.934,83
2026-06-18 01:21:14,26,27,0,109,10.041,83.355
2026-06-18 01:26:14,60,74,0,160,10.017,83.508
2026-06-18 01:31:14,29,32,0,118,9.966,83.742
2026-06-18 01:36:14,22,27,0,107,10.078,83.651
2026-06-18 01:41:14,45,55,0,156,10.094,83.12
2026-06-18 01:46:14,36,40,0,162,9.979,83.675
2026-06-18 01:51:14,34,40,0,167,10.086,83.137
2026-06-18 01:56:14,36,37,0,192,10.18,82.478
2026-06-18 02:01:14,36,37,0,167,10.006,83.635
2026-06-18 02:06:14,39,44,0,159,10.105,83.652
2026-06-18 02:11:14,35,37,0,170,9.776,84.194
2026-06-18 02:16:14,31,31,0,108,9.819,84.318
2026-06-18 02:21:14,29,30,0,104,9.979,83.946
2026-06-18 02:26:14,31,33,0,133,10.137,83.231
2026-06-18 02:31:15,33,35,0,122,10.236,83.387
2026-06-18 02:36:14,29,34,0,123,10.26,82.983
2026-06-18 02:41:15,40,47,0,143,10.319,83.54
2026-06-18 02:46:14,38,44,0,141,10.393,83.24
2026-06-18 02:51:15,30,31,0,103,10.383,82.819
2026-06-18 02:56:14,32,33,0,103,10.244,83.155
2026-06-18 03:01:14,29,32,0,111,10.201,83.117
2026-06-18 03:06:15,34,39,0,140,10.134,83.708
2026-06-18 03:11:14,33,33,0,126,10.137,83.788
2026-06-18 03:16:16,26,27,0,202,10.281,82.962
2026-06-18 03:21:15,27,28,0,125,10.372,83.04
2026-06-18 03:26:15,26,28,0,112,10.348,82.758
2026-06-18 03:31:15,22,24,0,130,10.372,83.538
2026-06-18 03:36:16,23,28,0,115,10.137,84.198
2026-06-18 03:41:15,23,26,0,97,9.934,85.266
2026-06-18 03:46:16,23,27,0,92,10.092,84.534
2026-06-18 03:51:15,20,21,0,69,10.305,83.693
2026-06-18 03:56:15,19,19,0,54,10.57,81.778
2026-06-18 04:01:15,17,20,0,57,10.385,83.015
2026-06-18 04:06:15,15,16,0,47,10.559,82.21
2026-06-18 04:11:15,14,14,0,49,10.706,81.667
2026-06-18 04:16:16,13,14,0,74,10.508,83.324
2026-06-18 04:21:16,10,13,0,68,10.636,82.935
2026-06-18 04:26:15,13,13,0,87,10.666,83.027
2026-06-18 04:31:16,20,21,0,111,10.626,83.015
2026-06-18 04:36:15,17,18,0,108,10.762,82.462
2026-06-18 04:41:16,17,21,0,114,10.65,82.706
2026-06-18 04:46:15,19,19,0,104,10.671,82.594
2026-06-18 04:51:16,17,21,0,129,10.81,82.273
2026-06-18 04:56:16,22,23,0,106,10.586,82.539
2026-06-18 05:01:16,15,18,0,93,10.335,84.469
2026-06-18 05:06:16,12,15,0,108,10.337,84.471
2026-06-18 05:11:15,16,18,0,110,10.586,83.538
2026-06-18 05:16:16,17,23,0,120,10.537,83.567
2026-06-18 05:21:15,21,21,0,141,10.586,83.498
2026-06-18 05:26:16,23,23,0,122,10.599,83.584
2026-06-18 05:31:16,18,22,0,129,10.476,84.074
2026-06-18 05:36:15,14,20,0,100,10.222,84.473
2026-06-18 05:41:16,18,22,0,99,10.503,83.374
2026-06-18 05:46:16,18,21,0,94,10.468,83.549
2026-06-18 05:51:16,14,18,0,100,10.508,83.754
2026-06-18 05:56:16,13,14,0,91,10.375,84.772
2026-06-18 06:01:16,13,13,0,87,10.391,84.454
2026-06-18 06:06:16,9,10,0,83,10.393,84.414
2026-06-18 06:11:16,8,9,0,99,10.636,83.475
2026-06-18 06:16:17,12,14,0,179,10.532,84.066
2026-06-18 06:21:17,10,10,0,149,10.58,84.034
2026-06-18 06:26:17,9,9,0,107,10.497,83.912
2026-06-18 06:31:17,10,14,0,112,10.447,84.12
2026-06-18 06:36:17,10,10,0,93,10.391,84.381
2026-06-18 06:41:17,10,13,0,91,10.46,83.994
2026-06-18 06:46:17,9,9,0,77,10.369,84.394
2026-06-18 06:51:17,16,16,0,74,10.329,84.249
2026-06-18 06:56:17,14,15,0,87,10.524,83.694
2026-06-18 07:01:17,10,13,0,165,10.591,83.595
2026-06-18 07:06:17,26,27,0,255,10.644,83.26
2026-06-18 07:11:17,29,31,0,161,10.628,83.78
2026-06-18 07:16:17,23,29,0,126,10.27,84.797
2026-06-18 07:21:17,22,22,0,90,10.265,84.553
2026-06-18 07:26:18,16,16,0,99,10.457,84.255
2026-06-18 07:31:17,10,14,0,81,10.492,83.734
2026-06-18 07:36:17,16,16,0,127,10.692,83.418
2026-06-18 07:41:17,21,22,0,183,10.58,83.86
2026-06-18 07:46:17,35,35,0,241,10.484,84.545
2026-06-18 07:51:17,35,40,0,265,10.225,85.569
2026-06-18 07:56:17,33,40,0,207,10.278,85.197
2026-06-18 08:01:17,34,34,0,205,10.324,85.041
2026-06-18 08:06:17,31,32,0,163,10.305,85.304
2026-06-18 08:11:17,51,60,0,237,10.537,84.476
2026-06-18 08:16:17,62,81,0,247,10.481,84.591
2026-06-18 08:21:17,41,47,0,267,10.241,85.199
2026-06-18 08:26:17,45,56,0,207,10.38,84.528
2026-06-18 08:31:17,44,51,0,233,9.907,86.512
2026-06-18 08:36:17,39,45,0,187,10.086,85.73
2026-06-18 08:41:17,45,53,0,169,10.126,85.487
2026-06-18 08:46:17,38,41,0,188,10.447,84.28
2026-06-18 08:51:17,29,30,0,158,10.479,84.238
2026-06-18 08:56:17,39,47,0,183,10.746,83.637
2026-06-18 09:01:17,37,41,0,275,10.837,83.097
2026-06-18 09:06:17,46,56,0,207,10.847,83.387
2026-06-18 09:11:18,46,54,0,226,10.85,83.973
2026-06-18 09:16:18,34,35,0,377,10.623,84.742
2026-06-18 09:21:19,23,27,0,116,10.893,83.616
2026-06-18 09:26:19,28,32,0,257,11.162,83.231
2026-06-18 09:31:18,28,32,0,201,11.355,82.788
2026-06-18 09:36:19,35,38,0,181,11.52,83.088
2026-06-18 09:41:18,45,56,0,212,11.579,81.629
2026-06-18 09:46:18,43,53,0,232,11.643,81.84
2026-06-18 09:51:19,42,50,0,250,12.108,79.714
2026-06-18 09:56:18,44,52,0,219,12.276,79.842
2026-06-18 10:01:19,50,62,0,165,12.498,77.709
2026-06-18 10:06:19,45,54,0,182,12.847,78.36
2026-06-18 10:11:18,44,53,0,165,13.122,76.919
2026-06-18 10:16:18,43,53,0,143,13.331,75.237
2026-06-18 10:21:18,43,51,0,134,13.544,74.665
2026-06-18 10:26:19,41,50,0,128,13.475,73.452
2026-06-18 10:31:19,35,41,0,102,13.822,71.987
2026-06-18 10:36:19,35,37,0,97,14.036,71.689
2026-06-18 10:41:19,37,43,0,122,14.3,71.06
2026-06-18 10:46:19,42,51,0,168,14.18,71.113
2026-06-18 10:51:18,35,38,0,109,14.49,69.86
2026-06-18 10:56:19,35,39,0,107,14.666,68.689
2026-06-18 11:01:19,32,38,0,111,14.743,68.712
2026-06-18 11:06:18,39,46,0,104,14.936,69.868
2026-06-18 11:11:19,38,43,0,82,14.949,68.422
2026-06-18 11:16:19,29,30,0,81,15.037,66.988
2026-06-18 11:21:19,23,24,0,43,15.029,65.901
2026-06-18 11:26:19,26,26,0,59,14.952,67.501
2026-06-18 11:31:19,26,29,0,71,15.432,66.108
2026-06-18 11:36:19,27,29,0,44,15,66.955
2026-06-18 11:41:19,28,31,0,42,15.269,66.295
2026-06-18 11:46:19,29,31,0,57,15.918,64.42
2026-06-18 11:51:19,35,37,0,85,15.312,67.558
2026-06-18 11:56:19,31,32,0,64,15.349,66.362
2026-06-18 12:01:19,31,32,0,64,16.38,63.377
2026-06-18 12:06:19,32,35,0,83,16.583,63.697
2026-06-18 12:11:19,32,36,0,74,15.814,65.162
2026-06-18 12:16:20,32,33,0,39,16.466,63.329
2026-06-18 12:21:20,32,35,0,62,16.41,63.896
2026-06-18 12:26:20,32,37,0,65,16.759,62.421
2026-06-18 12:31:20,30,35,0,50,17.074,61.433
2026-06-18 12:37:05,29,30,0,48,16.973,62.17
2026-06-18 12:41:20,28,32,0,23,16.952,61.491
2026-06-18 12:46:20,32,36,0,40,17.235,61.62
2026-06-18 12:51:21,29,34,0,51,17.363,61.735
2026-06-18 12:56:20,26,29,0,32,17.323,61.628
2026-06-18 13:01:21,30,35,0,38,17.467,60.497
2026-06-18 13:06:20,29,29,0,36,17.55,60.564
2026-06-18 13:11:20,28,30,0,34,17.769,60.361
2026-06-18 13:16:20,32,34,0,19,17.865,59.028
2026-06-18 13:21:21,30,33,0,12,17.595,59.69
2026-06-18 13:26:20,25,26,0,17,18.143,58.841
2026-06-18 13:31:21,27,27,0,0,17.619,59.337
2026-06-18 13:36:20,26,29,0,2,18.687,56.772
2026-06-18 13:41:23,27,29,0,0,18.322,56.593
2026-06-18 13:46:20,30,31,0,19,19.096,56.734
2026-06-18 13:51:21,27,27,0,0,19.179,55.238
2026-06-18 13:56:20,27,27,0,6,19.352,55.234
2026-06-18 14:01:20,17,17,0,0,19.464,51.702
2026-06-18 14:06:20,20,20,0,0,19.694,50.601
2026-06-18 14:11:21,18,20,0,0,19.905,51.904
2026-06-18 14:16:24,23,23,0,0,20.1,52.171
2026-06-18 14:21:20,18,19,0,0,20.412,49.777
2026-06-18 14:26:20,14,17,0,0,20.37,48.913
2026-06-18 14:31:20,19,19,0,0,20.364,51.498
2026-06-18 14:36:21,18,20,0,0,20.706,49.697
2026-06-18 14:41:20,6,6,0,0,20.874,48.545
2026-06-18 14:46:21,14,16,0,0,20.124,50.868
2026-06-18 14:51:21,7,7,0,0,20.391,49.932
2026-06-18 14:56:21,6,7,0,0,21.165,48.467
2026-06-18 15:01:20,8,8,0,0,21.045,49.434
2026-06-18 15:06:21,10,10,0,0,21.029,49.146
2026-06-18 15:11:21,7,7,0,0,21.742,47.758
2026-06-18 15:16:22,5,5,0,0,20.418,47.836
2026-06-18 15:21:22,3,3,0,0,20.581,48.129
2026-06-18 15:26:22,2,2,0,0,19.52,50.641
2026-06-18 15:31:22,1,1,0,0,20.634,47.712
2026-06-18 15:36:22,0,0,0,0,21.352,45.78
2026-06-18 15:41:22,2,2,0,0,20.834,48.444
2026-06-18 15:46:22,0,0,0,0,21.945,46.892
2026-06-18 15:51:22,5,5,0,0,21.539,47.41
2026-06-18 15:56:22,1,1,0,0,21.956,46.749
2026-06-18 16:02:47,5,5,0,0,20.001,50.378
2026-06-18 16:06:22,5,5,0,0,18.623,54.838
2026-06-18 16:11:23,8,8,0,17,19.585,52.574
2026-06-18 16:16:24,5,5,0,38,19.966,51.939
2026-06-18 16:21:23,7,7,0,15,18.837,55.427
2026-06-18 16:26:24,6,6,0,6,18.81,54.975
2026-06-18 16:31:23,5,5,0,69,18.789,57.405
2026-06-18 16:36:23,12,12,0,59,17.288,61.123
2026-06-18 16:41:23,12,12,0,47,17.141,62.925
2026-06-18 16:46:24,23,25,0,135,17.235,62.368
2026-06-18 16:51:23,23,23,0,114,16.791,63.953
2026-06-18 16:56:27,13,13,0,37,17.01,63.627
2026-06-18 17:01:23,12,14,0,51,16.909,62.58
2026-06-18 17:06:24,7,7,0,2,16.693,63.078
2026-06-18 17:11:23,28,28,0,82,16.407,65.698
2026-06-18 17:16:24,13,14,0,84,16.159,66.665
2026-06-18 17:21:23,19,20,0,71,15.272,69.393
2026-06-18 17:26:24,23,25,0,79,15.208,69.353
2026-06-18 17:31:23,16,18,0,113,14.169,73.021
2026-06-18 17:36:24,12,12,0,52,13.584,75.067
2026-06-18 17:41:24,18,20,0,112,13.363,75.758
2026-06-18 17:46:24,39,48,0,84,12.855,77.48
2026-06-18 17:51:23,21,26,0,61,12.967,76.555
2026-06-18 17:56:24,17,19,0,74,12.647,77.696
2026-06-18 18:01:24,9,11,0,29,12.439,78.714
2026-06-18 18:06:23,8,8,0,43,12.3,78.777
2026-06-18 18:11:24,7,7,0,29,12.42,78.489
2026-06-18 18:16:24,12,13,0,95,12.236,78.859
2026-06-18 18:21:24,33,34,0,97,12.001,79.775
2026-06-18 18:26:24,17,17,0,72,12.033,79.664
2026-06-18 18:31:24,8,10,0,43,11.902,79.904
2026-06-18 18:36:24,20,21,0,40,11.953,79.437
2026-06-18 18:41:24,43,54,0,48,11.995,79.66
2026-06-18 18:46:24,28,30,0,92,11.744,79.927
2026-06-18 18:51:24,32,34,0,133,11.616,80.633
2026-06-18 18:56:24,8,8,0,78,11.363,82.293
2026-06-18 19:01:24,9,12,0,68,11.44,82.186
2026-06-18 19:06:24,12,12,0,62,11.344,82.355
2026-06-18 19:11:25,7,9,0,82,11.152,83.076
2026-06-18 19:16:26,7,9,0,94,11.045,82.741
2026-06-18 19:21:25,10,10,0,84,11.09,83.79
2026-06-18 19:26:25,10,10,0,47,11.376,82.073
2026-06-18 19:31:25,18,18,0,63,11.672,80.633
2026-06-18 19:36:25,25,26,0,83,11.44,81.423
2026-06-18 19:41:25,22,26,0,69,11.189,81.823
2026-06-18 19:46:25,9,9,0,35,11.216,81.922
2026-06-18 19:51:25,18,20,0,48,11.002,81.766
2026-06-18 19:56:25,10,12,0,62,10.586,83.309
2026-06-18 20:01:25,9,9,0,77,10.607,83.08
2026-06-18 20:06:25,10,13,0,77,10.556,83.857
2026-06-18 20:11:25,31,32,0,112,10.863,83.349
2026-06-18 20:16:25,25,27,0,139,10.412,83.734
2026-06-18 20:21:25,22,22,0,80,10.505,85.335
2026-06-18 20:26:25,25,25,0,85,10.244,85.695
2026-06-18 20:31:29,32,35,0,88,10.479,85.115
2026-06-18 20:36:25,32,33,0,163,10.303,85.096
2026-06-18 20:41:26,33,33,0,122,10.46,85.27
2026-06-18 20:46:25,41,47,0,135,10.254,85.566
2026-06-18 20:51:25,33,35,0,165,9.808,86.651
2026-06-18 20:56:28,23,23,0,102,9.955,85.97
2026-06-18 21:01:25,29,30,0,175,9.624,87.183
2026-06-18 21:06:26,23,26,0,100,9.72,86.325
2026-06-18 21:11:25,48,58,0,325,9.67,84.564
2026-06-18 21:16:25,44,54,0,274,9.387,85.619
2026-06-18 21:21:25,29,30,0,139,9.288,87.793
2026-06-18 21:26:27,23,23,0,82,9.552,87.755
2026-06-18 21:31:27,21,23,0,84,9.808,86.773
2026-06-18 21:36:25,22,24,0,119,9.555,86.1
2026-06-18 21:41:25,42,51,0,261,9.149,88.6
2026-06-18 21:46:26,20,22,0,100,9.261,88.316
2026-06-18 21:51:26,20,24,0,122,9.29,88.497
2026-06-18 21:56:26,15,15,0,81,9.678,89.565
2026-06-18 22:01:26,13,15,0,83,9.44,88.896
2026-06-18 22:06:27,9,9,0,79,9.384,90.082
2026-06-18 22:11:27,8,8,0,119,9.304,90.084
2026-06-18 22:16:27,8,8,0,111,9.205,88.07
2026-06-18 22:21:27,7,8,0,83,9.2,90.399
2026-06-18 22:26:29,5,5,0,129,9.373,88.007
2026-06-18 22:31:26,61,79,0,392,9.074,86.649
2026-06-18 22:36:27,49,62,0,261,9.282,86.945
2026-06-18 22:41:26,74,87,0,451,8.78,85.655
2026-06-18 22:46:27,54,69,0,313,8.439,87.683
2026-06-18 22:51:28,57,73,0,348,8.262,86.325
2026-06-18 22:56:30,54,63,0,300,8.222,87.736
2026-06-18 23:01:27,49,61,0,274,8.273,87.406
2026-06-18 23:06:27,44,55,0,265,8.188,89.876
2026-06-18 23:11:27,38,42,0,248,8.11,88.883
2026-06-18 23:16:27,28,29,0,179,7.979,89.377
2026-06-18 23:21:27,11,14,0,101,8.15,91.757
2026-06-18 23:26:26,40,43,0,218,7.875,88.104
2026-06-18 23:31:27,61,75,0,335,7.803,86.628
2026-06-18 23:36:27,45,55,0,261,7.699,88.306
2026-06-18 23:41:27,43,52,0,254,7.808,89.083
2026-06-18 23:46:27,43,48,0,220,7.664,88.814
2026-06-18 23:51:27,37,38,0,219,7.718,89.52
2026-06-18 23:56:27,33,36,0,175,7.549,90.258
2026-06-19 00:01:27,37,42,0,186,7.603,89.264
2026-06-19 00:06:27,28,29,0,141,7.296,89.819
2026-06-19 00:11:27,23,23,0,125,7.325,91.824
2026-06-19 00:16:26,22,22,0,117,7.563,89.214
2026-06-19 00:21:27,23,27,0,139,7.138,88.099
2026-06-19 00:26:27,19,22,0,132,7.357,88.989
2026-06-19 00:31:27,18,19,0,141,7.288,89.352
2026-06-19 00:36:27,29,29,0,168,7.285,88.629
2026-06-19 00:41:27,31,32,0,178,7.122,89.661
2026-06-19 00:46:27,31,31,0,149,7.109,90.08
2026-06-19 00:51:27,27,28,0,146,7.248,90.151
2026-06-19 00:56:27,27,30,0,156,7.221,88.791
2026-06-19 01:01:27,27,30,0,149,6.943,88.842
2026-06-19 01:06:27,30,33,0,160,7.029,87.923
2026-06-19 01:11:28,29,31,0,297,6.981,88.966
2026-06-19 01:16:28,32,36,0,145,6.938,87.723
2026-06-19 01:21:28,25,25,0,142,6.617,89.802
2026-06-19 01:26:28,32,33,0,173,6.604,89.985
2026-06-19 01:31:28,36,39,0,181,6.577,92.795
2026-06-19 01:36:28,37,38,0,172,6.708,91.789
2026-06-19 01:41:28,34,39,0,145,6.756,89.777
2026-06-19 01:46:28,32,36,0,155,6.746,91.934
2026-06-19 01:51:28,31,33,0,154,6.818,89.138
2026-06-19 01:56:28,32,35,0,146,6.585,90.918
2026-06-19 02:01:28,31,33,0,147,6.334,92.219
2026-06-19 02:06:28,31,35,0,153,6.852,95.312
2026-06-19 02:11:28,30,31,0,147,6.615,92.096
2026-06-19 02:16:28,25,29,0,119,6.641,93.693
2026-06-19 02:21:28,25,30,0,102,6.954,94.328
2026-06-19 02:26:28,27,30,0,119,6.775,91.335
2026-06-19 02:31:28,23,23,0,106,6.82,93.815
2026-06-19 02:36:28,24,25,0,108,6.828,92.278
2026-06-19 02:41:28,25,25,0,134,6.844,91.097
2026-06-19 02:46:28,23,23,0,124,6.914,90.927
2026-06-19 02:51:29,20,25,0,111,6.868,89.258
2026-06-19 02:56:28,24,25,0,134,6.871,89.865
2026-06-19 03:01:28,27,29,0,130,6.682,91.396
2026-06-19 03:06:28,22,25,0,126,6.746,92.169
2026-06-19 03:11:28,25,25,0,152,6.639,90.13
2026-06-19 03:16:28,25,27,0,155,6.276,90.147
2026-06-19 03:21:28,25,28,0,137,6.286,89.928
2026-06-19 03:26:28,24,24,0,123,6.142,92.308
2026-06-19 03:31:28,24,25,0,137,6.305,90.309
2026-06-19 03:36:29,25,29,0,136,6.212,91.16
2026-06-19 03:41:28,76,91,0,194,6.035,92.173
2026-06-19 03:46:29,42,48,0,128,6.126,92.262
2026-06-19 03:51:28,23,23,0,107,6.011,91.942
2026-06-19 03:56:28,16,16,0,99,6.075,93.807
2026-06-19 04:01:29,20,25,0,108,6.051,91.005
2026-06-19 04:06:28,25,28,0,117,6.035,93.38
2026-06-19 04:11:30,21,24,0,203,6.222,91.133
2026-06-19 04:16:29,20,24,0,113,6.22,92.316
2026-06-19 04:21:30,43,48,0,139,6.099,92.869
2026-06-19 04:26:29,29,29,0,118,5.6,91.326
2026-06-19 04:31:30,42,49,0,143,5.734,92.548
2026-06-19 04:36:30,34,35,0,136,5.75,91.301
2026-06-19 04:41:30,32,32,0,121,5.79,91.736
2026-06-19 04:46:30,23,24,0,114,5.702,92.821
2026-06-19 04:51:30,25,29,0,120,5.56,91.156
2026-06-19 04:56:30,25,25,0,129,5.619,91.477
2026-06-19 05:01:29,35,39,0,118,5.651,91.505
2026-06-19 05:06:30,25,28,0,121,5.181,91.002
2026-06-19 05:11:29,51,64,0,156,5.357,91.656
2026-06-19 05:16:30,45,54,0,132,5.261,93.273
2026-06-19 05:21:30,43,48,0,136,5.611,95.274
2026-06-19 05:26:30,41,49,0,134,5.539,91.835
2026-06-19 05:31:30,49,59,0,132,5.111,93.435
2026-06-19 05:36:30,50,62,0,135,5.357,91.488
2026-06-19 05:41:29,39,43,0,127,5.413,89.785
2026-06-19 05:46:30,45,56,0,141,5.317,90.805
2026-06-19 05:51:30,63,81,0,178,5.608,91.528
2026-06-19 05:56:30,60,73,0,173,5.354,91.606
2026-06-19 06:01:30,66,83,0,185,5.288,91.906
2026-06-19 06:06:30,58,71,0,148,4.911,92.327
2026-06-19 06:11:30,46,58,0,130,5.007,90.712
2026-06-19 06:16:30,58,73,0,157,5.013,90.414
2026-06-19 06:21:30,57,71,0,157,4.839,91.494
2026-06-19 06:26:30,67,86,0,178,4.874,93.794
2026-06-19 06:31:30,55,68,0,159,4.844,92.526
2026-06-19 06:36:30,60,78,0,160,5.069,94.296
2026-06-19 06:41:30,55,71,0,153,5.058,91.435
2026-06-19 06:46:30,43,49,0,116,5.069,95.24
2026-06-19 06:51:30,41,48,0,111,5.336,95.122
2026-06-19 06:56:30,42,47,0,103,5.368,93.786
2026-06-19 07:01:30,39,46,0,122,5.296,90.246
2026-06-19 07:06:30,39,43,0,133,4.983,90.49
2026-06-19 07:11:31,44,54,0,256,4.924,91.951
2026-06-19 07:16:31,44,54,0,150,5.24,91.108
2026-06-19 07:21:31,43,49,0,151,5.232,90.746
2026-06-19 07:26:31,39,47,0,139,4.855,93.588
2026-06-19 07:31:31,37,45,0,132,5.245,93.842
2026-06-19 07:36:31,35,39,0,120,5.24,94.801
2026-06-19 07:41:32,39,45,0,137,5.13,90.42
2026-06-19 07:46:31,42,54,0,141,5.055,90.382
2026-06-19 07:51:31,39,44,0,131,4.764,91.044
2026-06-19 07:56:31,39,48,0,145,5.045,92.323
2026-06-19 08:01:31,55,69,0,189,4.967,90.86
2026-06-19 08:06:31,51,61,0,164,5.002,90.391
2026-06-19 08:11:31,41,44,0,137,4.858,92.514
2026-06-19 08:16:31,39,45,0,159,5.21,92.653
2026-06-19 08:21:31,38,38,0,138,5.544,92.854
2026-06-19 08:26:32,38,40,0,168,5.579,93.222
2026-06-19 08:31:31,39,45,0,171,5.704,92.186
2026-06-19 08:36:32,43,50,0,166,6.019,91.69
2026-06-19 08:41:31,38,43,0,156,6.158,89.333
2026-06-19 08:46:32,45,51,0,141,6.366,88.432
2026-06-19 08:51:32,54,65,0,173,6.324,88.984
2026-06-19 08:56:31,58,72,0,193,6.489,88.686
2026-06-19 09:01:32,52,61,0,172,6.423,89.665
2026-06-19 09:06:31,45,55,0,146,6.831,88.356
2026-06-19 09:11:32,73,89,0,301,6.553,87.441
2026-06-19 09:16:31,53,67,0,228,6.639,88.993
2026-06-19 09:21:31,60,75,0,229,8.105,82.867
2026-06-19 09:26:32,72,87,0,253,9.643,78.802
2026-06-19 09:31:32,65,83,0,213,8.61,83.363
2026-06-19 09:36:32,73,90,0,200,8.666,81.957
2026-06-19 09:41:32,70,86,0,201,9.085,81.161
2026-06-19 09:46:32,57,71,0,155,9.595,80.112
2026-06-19 09:51:32,54,67,0,155,10.161,80.202
2026-06-19 09:56:32,55,68,0,156,10.535,79.504
2026-06-19 10:01:33,45,55,0,108,10.26,78.133
2026-06-19 10:06:32,41,47,0,106,10.556,77.974
2026-06-19 10:11:33,42,50,0,158,10.66,78.413
2026-06-19 10:16:33,40,45,0,106,10.959,78.329
2026-06-19 10:21:33,38,47,0,113,11.141,76.929
2026-06-19 10:26:32,37,42,0,114,11.221,75.926
2026-06-19 10:31:33,40,44,0,118,11.216,77.501
2026-06-19 10:36:33,52,65,0,133,11.477,75.958
2026-06-19 10:41:33,40,44,0,104,11.758,75.437
2026-06-19 10:46:33,38,44,0,107,12.113,73.374
2026-06-19 10:51:33,34,37,0,83,12.679,71.949
2026-06-19 10:56:33,33,34,0,58,12.684,70.419
2026-06-19 11:01:32,33,37,0,78,12.997,69.462
2026-06-19 11:06:33,35,39,0,86,12.73,69.98
2026-06-19 11:11:33,33,38,0,62,13.427,66.52
2026-06-19 11:16:33,33,36,0,67,14.124,64.163
2026-06-19 11:21:33,34,36,0,42,14.18,64.714
2026-06-19 11:26:33,32,38,0,49,14.145,67.346
2026-06-19 11:31:33,30,32,0,43,14.62,65.759
2026-06-19 11:36:33,32,37,0,58,14.765,63.577
2026-06-19 11:41:33,32,35,0,44,15.018,63.049
2026-06-19 11:46:33,26,29,0,32,15.523,60.249
2026-06-19 11:51:33,28,28,0,37,16.241,60.388
2026-06-19 11:56:33,27,30,0,19,15.926,59.383
2026-06-19 12:01:33,27,29,0,12,16.295,57.762
2026-06-19 12:06:33,29,30,0,10,15.835,57.926
2026-06-19 12:11:33,29,33,0,0,16.631,56.722
2026-06-19 12:16:33,29,32,0,2,17.187,56.48
2026-06-19 12:21:33,27,27,0,0,16.767,53.871
2026-06-19 12:26:33,26,27,0,0,17.737,53.071
2026-06-19 12:31:36,23,24,0,0,18.132,52.761
2026-06-19 12:36:33,22,23,0,0,18.172,54.445
2026-06-19 12:41:33,22,24,0,35,18.73,51.605
2026-06-19 12:46:33,17,18,0,0,18.765,49.344
2026-06-19 12:51:33,21,21,0,0,19.051,50.529
2026-06-19 12:56:33,19,19,0,0,19.08,49.909
2026-06-19 13:01:33,24,24,0,0,19.005,48.736
2026-06-19 13:06:33,24,25,0,0,19.272,49.55
2026-06-19 13:11:34,18,21,0,0,19.312,51.029
2026-06-19 13:16:34,16,16,0,0,19.531,46.991
2026-06-19 13:21:35,14,16,0,0,20.071,47.973
2026-06-19 13:26:35,18,18,0,0,20.167,47.218
2026-06-19 13:31:35,13,14,0,0,19.937,46.731
2026-06-19 13:36:34,16,16,0,0,20.177,47.273
2026-06-19 13:41:35,18,19,0,0,19.812,47.914
2026-06-19 13:46:37,9,13,0,0,20.204,44.856
2026-06-19 13:51:34,8,8,0,0,20.092,44.362
2026-06-19 13:56:35,7,7,0,0,20.434,42.135
2026-06-19 14:01:34,8,8,0,0,20.642,42.716
2026-06-19 14:06:34,5,5,0,0,20.249,43.144
2026-06-19 14:11:34,7,7,0,0,20.191,43.939
2026-06-19 14:16:34,13,13,0,0,19.897,46.344
2026-06-19 14:21:34,15,16,0,0,19.98,46.05
2026-06-19 14:26:35,15,17,0,0,20.57,44.973
2026-06-19 14:31:35,7,8,0,0,20.776,43.918
2026-06-19 14:36:35,8,9,0,0,20.818,43.264
2026-06-19 14:41:34,6,7,0,0,20.645,43.708
2026-06-19 14:46:35,9,9,0,0,20.252,43.857
2026-06-19 14:51:34,10,11,0,0,21.264,41.656
2026-06-19 14:56:35,8,8,0,0,21.681,41.267
2026-06-19 15:01:34,6,6,0,0,20.842,41.398
2026-06-19 15:06:35,7,8,0,0,22.057,40.34
2026-06-19 15:11:35,9,9,0,0,21.157,43.55
2026-06-19 15:16:35,6,6,0,0,22.036,41.478
2026-06-19 15:21:34,7,7,0,0,21.438,43.689
2026-06-19 15:26:35,9,9,0,0,21.235,45.141
2026-06-19 15:31:35,8,8,0,0,21.224,47.317
2026-06-19 15:36:38,8,8,0,0,21.427,44.406
2026-06-19 15:41:35,5,7,0,0,21.726,44.381
2026-06-19 15:46:38,7,8,0,0,21.227,44.586
2026-06-19 15:51:35,18,19,0,4,21.718,43.727
2026-06-19 15:56:35,4,4,0,0,21.87,40.538
2026-06-19 16:02:48,11,11,0,0,21.147,44.01
2026-06-19 16:06:35,13,13,0,0,21.291,44.765
2026-06-19 16:11:36,23,23,0,0,20.749,45.74
2026-06-19 16:16:36,12,16,0,18,21.011,46.3
2026-06-19 16:21:36,17,17,0,12,20.063,47.22
2026-06-19 16:26:36,28,29,0,27,18.503,52.814
2026-06-19 16:31:36,24,24,0,66,17.646,55.944
2026-06-19 16:36:36,26,26,0,68,17.253,57.31
2026-06-19 16:41:36,9,9,0,34,16.69,58.351
2026-06-19 16:46:36,8,9,0,29,16.249,60.287
2026-06-19 16:51:36,10,10,0,17,16.196,60.327
2026-06-19 16:56:36,8,9,0,0,16.196,57.5
2026-06-19 17:01:37,12,12,0,16,15.536,61.645
2026-06-19 17:06:36,19,23,0,34,15.849,62.074
2026-06-19 17:11:36,33,36,0,118,15.614,61.952
2026-06-19 17:16:36,32,36,0,50,15.36,62.748
2026-06-19 17:21:36,18,20,0,46,15.502,61.889
2026-06-19 17:26:36,14,17,0,20,14.906,63.512
2026-06-19 17:31:36,18,18,0,47,14.134,66.925
2026-06-19 17:36:36,13,13,0,40,14.07,67.472
2026-06-19 17:41:36,12,14,0,27,13.83,67.474
2026-06-19 17:46:36,11,12,0,14,13.582,68.332
2026-06-19 17:51:36,17,19,0,37,13.504,69.063
2026-06-19 17:56:36,14,17,0,32,13.435,68.424
2026-06-19 18:01:36,13,14,0,14,13.363,67.552
2026-06-19 18:06:37,13,18,0,26,13.253,67.529
2026-06-19 18:11:36,9,9,0,46,12.738,69.662
2026-06-19 18:16:36,8,8,0,20,12.976,68.033
2026-06-19 18:21:36,6,7,0,10,12.554,68.266
2026-06-19 18:26:36,5,5,0,9,12.805,67.562
2026-06-19 18:31:39,6,7,0,30,12.647,67.739
2026-06-19 18:36:36,6,8,0,13,12.492,68.643
2026-06-19 18:41:36,6,7,0,0,12.551,67.486
2026-06-19 18:46:36,6,8,0,0,12.765,66.244
2026-06-19 18:51:37,12,14,0,11,12.749,65.395
2026-06-19 18:56:36,8,8,0,19,12.957,64.39
2026-06-19 19:01:39,8,8,0,58,13.216,63.757
2026-06-19 19:06:36,21,22,0,259,13.17,63.671
2026-06-19 19:11:38,24,25,0,192,12.85,65.778
2026-06-19 19:16:37,26,26,0,230,12.922,64.508
2026-06-19 19:21:37,31,32,0,199,12.933,65.172
2026-06-19 19:26:38,41,47,0,210,12.861,65.437
2026-06-19 19:31:38,27,30,0,137,13.01,63.112
2026-06-19 19:36:38,26,29,0,121,12.802,64.266
2026-06-19 19:41:38,35,40,0,266,12.58,66.786
2026-06-19 19:46:38,12,14,0,80,12.204,68.729
2026-06-19 19:51:38,9,10,0,51,12.153,69.286
2026-06-19 19:56:38,10,10,0,101,11.883,71.331
2026-06-19 20:01:38,15,16,0,113,11.846,70.715
2026-06-19 20:06:38,56,72,0,227,11.995,70.963
2026-06-19 20:11:38,29,32,0,148,11.809,70.73
2026-06-19 20:16:38,30,31,0,133,11.651,71.441
2026-06-19 20:21:38,15,18,0,94,11.592,71.621
2026-06-19 20:26:37,6,8,0,45,11.64,71.09
2026-06-19 20:31:41,6,7,0,36,11.622,70.556
2026-06-19 20:36:41,7,9,0,46,11.547,71.443
2026-06-19 20:41:38,22,25,0,226,11.379,72.588
2026-06-19 20:46:38,22,23,0,224,11.023,73.318
2026-06-19 20:51:41,13,13,0,138,11.088,73.58
2026-06-19 20:56:37,28,29,0,165,11.128,73.547
2026-06-19 21:01:42,36,41,0,159,10.986,73.339
2026-06-19 21:06:37,37,40,0,163,11.144,73.021
2026-06-19 21:11:38,36,40,0,150,10.802,73.53
2026-06-19 21:16:37,41,52,0,194,10.572,74.438
2026-06-19 21:21:38,32,34,0,154,10.949,71.255
2026-06-19 21:26:38,28,31,0,125,11.021,71.472
2026-06-19 21:31:38,53,64,0,194,10.61,74.764
2026-06-19 21:36:38,79,90,0,191,10.81,73.911
2026-06-19 21:41:41,52,64,0,174,10.789,73.303
2026-06-19 21:46:38,12,12,0,100,10.682,73.04
2026-06-19 21:51:38,34,34,0,259,10.596,74.285
2026-06-19 21:56:38,43,53,0,210,10.383,74.598
2026-06-19 22:01:39,27,31,0,153,10.345,73.9
2026-06-19 22:06:38,26,30,0,104,10.409,73.696
2026-06-19 22:11:39,31,31,0,212,10.639,72.113
2026-06-19 22:16:39,23,26,0,133,10.42,73.374
2026-06-19 22:21:39,22,23,0,140,10.546,73.686
2026-06-19 22:26:40,21,21,0,105,10.18,74.1
2026-06-19 22:31:42,17,21,0,63,10.623,71.111
2026-06-19 22:36:39,9,9,0,64,10.532,72.126
2026-06-19 22:41:39,27,27,0,200,10.393,73.047
2026-06-19 22:46:39,17,20,0,104,10.257,71.281
2026-06-19 22:51:39,22,23,0,166,10.273,71.817
2026-06-19 22:56:39,17,18,0,204,9.939,74.074
2026-06-19 23:01:39,27,27,0,163,9.525,75.376
2026-06-19 23:06:39,21,23,0,117,9.894,72.59
2026-06-19 23:11:40,7,7,0,46,10.212,70.265
2026-06-19 23:16:39,8,9,0,82,10.113,72.799
2026-06-19 23:21:40,8,8,0,148,9.891,73.627
2026-06-19 23:26:39,8,9,0,105,9.659,74.278
2026-06-19 23:31:39,17,21,0,184,9.56,74.186
2026-06-19 23:36:39,13,16,0,154,9.614,74.077
2026-06-19 23:41:41,15,16,0,101,9.587,74.112
2026-06-19 23:46:39,9,13,0,113,9.63,74.089
2026-06-19 23:51:39,14,16,0,133,9.333,75.563
2026-06-19 23:56:39,13,14,0,96,9.109,75.5
2026-06-20 00:01:39,16,16,0,98,9.429,74.301
2026-06-20 00:06:40,31,32,0,159,9.72,70.789
2026-06-20 00:11:39,31,31,0,142,9.563,71.913
2026-06-20 00:16:43,21,24,0,107,9.483,72.134
2026-06-20 00:21:41,19,21,0,113,9.395,72.321
2026-06-20 00:26:39,22,22,0,108,9.387,72.38
2026-06-20 00:31:40,20,23,0,101,9.496,72.069
2026-06-20 00:36:43,22,24,0,107,9.24,73.047
2026-06-20 00:41:43,22,22,0,113,9.023,74.222
2026-06-20 00:46:43,20,22,0,87,9.16,72.969
2026-06-20 00:51:40,23,26,0,90,8.772,74.949
2026-06-20 00:56:40,24,26,0,123,8.791,74.692
2026-06-20 01:01:39,26,27,0,118,8.596,75.355
2026-06-20 01:06:39,26,27,0,131,8.615,74.701
2026-06-20 01:11:41,26,26,0,191,8.198,76.618
2026-06-20 01:16:42,28,31,0,146,8.342,76.218
2026-06-20 01:21:41,29,30,0,142,8.217,77.003
2026-06-20 01:26:41,32,36,0,126,7.979,78.037
2026-06-20 01:31:40,32,35,0,142,7.926,78.218
2026-06-20 01:36:47,36,44,0,145,8.166,77.217
2026-06-20 01:41:40,34,35,0,141,8.156,77.274
2026-06-20 01:46:41,35,35,0,125,8.054,77.932
2026-06-20 01:51:41,36,45,0,134,7.894,78.71
2026-06-20 01:56:41,42,52,0,155,7.779,79.431
2026-06-20 02:01:41,40,50,0,140,7.886,78.974
2026-06-20 02:06:44,34,34,0,120,8.529,76.221
2026-06-20 02:11:40,39,46,0,143,8.078,78.304
2026-06-20 02:16:41,44,50,0,150,7.913,79.275
2026-06-20 02:21:41,45,52,0,173,7.998,78.863
2026-06-20 02:26:44,40,46,0,158,8.001,79.086
2026-06-20 02:31:41,37,40,0,138,7.755,80.522
2026-06-20 02:36:41,39,44,0,168,7.435,78.96
2026-06-20 02:41:41,40,47,0,184,7.285,78.817
2026-06-20 02:46:41,37,44,0,179,6.81,82.287
2026-06-20 02:51:42,35,39,0,148,7.29,83.178
2026-06-20 02:56:41,36,42,0,160,7.854,81.631
2026-06-20 03:01:41,33,33,0,182,7.627,81.779
2026-06-20 03:06:41,33,33,0,133,7.624,85.451
2026-06-20 03:11:41,37,38,0,126,7.985,85.924
2026-06-20 03:16:40,33,33,0,131,7.808,84.604
2026-06-20 03:21:41,34,37,0,128,8.193,86.042
2026-06-20 03:26:41,36,37,0,125,8.583,83.916
2026-06-20 03:31:41,33,36,0,127,8.134,84.681
2026-06-20 03:36:41,35,37,0,127,9.528,83.79
2026-06-20 03:41:41,34,38,0,131,9.766,82.336
2026-06-20 03:46:41,30,31,0,155,8.983,82.294
2026-06-20 03:51:41,43,50,0,159,7.83,78.209
2026-06-20 03:56:41,40,45,0,170,7.274,78.403
2026-06-20 04:01:41,39,44,0,167,7.144,81.07
2026-06-20 04:06:41,36,37,0,142,7.459,85.609
2026-06-20 04:11:42,39,40,0,241,8.407,87.257
2026-06-20 04:16:42,33,33,0,140,8.505,85.936
2026-06-20 04:21:42,35,36,0,128,8.316,86.416
2026-06-20 04:26:42,39,45,0,135,8.484,87.135
2026-06-20 04:31:42,36,40,0,120,8.476,88.036
2026-06-20 04:36:42,34,35,0,109,8.436,87.513
2026-06-20 04:41:42,36,40,0,105,8.682,86.06
2026-06-20 04:46:42,37,44,0,115,8.511,86.803
2026-06-20 04:51:42,34,40,0,116,8.471,87.538
2026-06-20 04:56:42,36,40,0,126,8.372,86.071
2026-06-20 05:01:42,35,38,0,173,8.091,83.988
2026-06-20 05:06:42,37,42,0,145,7.686,85.766
2026-06-20 05:11:42,38,42,0,153,7.557,86.426
2026-06-20 05:16:42,34,38,0,132,7.403,88.833
2026-06-20 05:21:42,33,37,0,110,7.328,90.492
2026-06-20 05:26:42,35,41,0,128,7.397,87.214
2026-06-20 05:31:42,36,37,0,90,8.03,91.736
2026-06-20 05:36:42,36,37,0,126,7.584,86.149
2026-06-20 05:41:42,35,37,0,140,7.547,86.596
2026-06-20 05:46:43,36,41,0,122,7.488,88.835
2026-06-20 05:51:42,33,36,0,114,7.736,89.19
2026-06-20 05:56:42,35,37,0,129,7.523,87.769
2026-06-20 06:01:43,32,33,0,150,7.456,87.793
2026-06-20 06:06:42,37,43,0,143,7.346,85.905
2026-06-20 06:11:42,41,47,0,164,6.767,88.98
2026-06-20 06:16:42,41,47,0,179,6.252,89.537
2026-06-20 06:21:42,43,51,0,167,6.684,86.365
2026-06-20 06:26:42,43,49,0,146,6.593,86.382
2026-06-20 06:31:43,41,47,0,174,6.398,88.812
2026-06-20 06:36:42,41,46,0,164,6.818,86.628
2026-06-20 06:41:42,42,49,0,163,6.783,86.964
2026-06-20 06:46:42,44,50,0,191,6.671,86.88
2026-06-20 06:51:43,44,49,0,172,6.874,86.237
2026-06-20 06:56:42,44,52,0,180,6.97,85.754
2026-06-20 07:01:43,45,57,0,207,6.895,85.88
2026-06-20 07:06:42,50,61,0,191,6.906,84.791
2026-06-20 07:11:44,48,61,0,299,6.965,84.482
2026-06-20 07:16:43,46,58,0,192,6.535,86.744
2026-06-20 07:21:44,44,54,0,206,6.714,86.441
2026-06-20 07:26:44,45,53,0,192,6.834,87.029
2026-06-20 07:31:44,49,62,0,177,7.021,85.569
2026-06-20 07:36:43,57,73,0,202,7.085,85.951
2026-06-20 07:41:44,49,60,0,192,6.65,86.866
2026-06-20 07:46:44,44,56,0,171,6.545,89.191
2026-06-20 07:51:44,41,49,0,161,6.852,89.815
2026-06-20 07:56:44,41,48,0,163,6.949,86.659
2026-06-20 08:01:44,51,60,0,228,6.708,87.154
2026-06-20 08:06:44,50,62,0,177,6.74,86.18
2026-06-20 08:11:44,49,59,0,176,6.818,85.903
2026-06-20 08:16:44,50,60,0,185,6.887,85.663
2026-06-20 08:21:43,55,68,0,197,6.898,86.18
2026-06-20 08:26:44,55,70,0,187,6.922,84.209
2026-06-20 08:31:44,61,75,0,234,6.893,85.213
2026-06-20 08:36:44,66,84,0,215,6.917,84.85
2026-06-20 08:41:44,64,79,0,222,7.018,84.475
2026-06-20 08:46:44,56,70,0,278,7.237,83.687
2026-06-20 08:51:44,65,84,0,269,7.424,82.909
2026-06-20 08:56:44,58,70,0,199,7.461,81.636
2026-06-20 09:01:44,77,91,0,225,7.584,82.167
2026-06-20 09:06:44,59,74,0,184,7.005,85.138
2026-06-20 09:11:44,56,71,0,163,6.949,86.708
2026-06-20 09:16:44,51,61,0,139,7.224,86.594
2026-06-20 09:21:44,52,62,0,135,9.01,81.213
2026-06-20 09:26:44,49,59,0,157,10.938,73.351
2026-06-20 09:31:44,51,61,0,150,9.517,78.31
2026-06-20 09:36:44,44,56,0,109,9.549,79.721
2026-06-20 09:41:44,43,48,0,125,10.447,77.562
2026-06-20 09:46:44,43,50,0,108,11.013,73.253
2026-06-20 09:51:45,46,55,0,133,11.822,71.361
2026-06-20 09:56:44,46,57,0,106,12.391,69.753
2026-06-20 10:01:44,49,58,0,114,12.49,70.791
2026-06-20 10:06:44,49,60,0,120,12.54,70.492
2026-06-20 10:11:45,47,56,0,122,12.893,68.601
2026-06-20 10:16:45,46,55,0,88,13.486,66.024
2026-06-20 10:21:45,43,53,0,90,14.044,63.53
2026-06-20 10:26:45,43,49,0,83,14.22,63.314
2026-06-20 10:31:45,43,51,0,48,13.958,63.562
2026-06-20 10:36:45,44,53,0,85,14.399,64.333
2026-06-20 10:41:46,44,54,0,82,14.06,63.919
2026-06-20 10:46:45,45,54,0,79,13.817,65.019
2026-06-20 10:51:45,49,59,0,101,13.614,65.292
2026-06-20 10:56:45,45,53,0,110,14.137,64.361
2026-06-20 11:01:45,44,54,0,54,15.045,62.549
2026-06-20 11:06:45,46,58,0,73,15.349,60.997
2026-06-20 11:11:46,46,58,0,78,15.296,63.11
2026-06-20 11:16:45,43,51,0,63,15.171,59.101
2026-06-20 11:21:45,45,54,0,55,15.841,60.978
2026-06-20 11:26:45,46,55,0,36,15.841,59.41
2026-06-20 11:31:46,43,52,0,57,16.241,59.133
2026-06-20 11:36:45,41,51,0,33,16.14,58.719
2026-06-20 11:41:45,41,49,0,29,15.798,58.073
2026-06-20 11:46:46,41,50,0,68,16.359,57.365
2026-06-20 11:51:45,41,49,0,85,16.444,57.722
2026-06-20 11:56:47,39,47,0,50,16.679,57.47
2026-06-20 12:01:45,39,48,0,37,16.944,57.289
2026-06-20 12:06:46,39,47,0,31,17.123,55.542
2026-06-20 12:11:46,39,45,0,39,17.307,56.142
2026-06-20 12:16:45,38,45,0,21,17.555,53.556
2026-06-20 12:21:46,40,47,0,32,17.721,55.023
2026-06-20 12:26:45,37,44,0,6,17.635,52.515
2026-06-20 12:31:46,36,41,0,2,17.742,51.151
2026-06-20 12:36:45,34,40,0,0,17.934,49.884
2026-06-20 12:41:46,35,42,0,3,18.308,51.284
2026-06-20 12:46:46,37,44,0,6,17.713,52.869
2026-06-20 12:51:46,36,45,0,0,18.084,50.266
2026-06-20 12:56:45,35,44,0,0,18.439,49.247
2026-06-20 13:01:46,37,45,0,72,18.682,48.126
2026-06-20 13:06:46,32,34,0,0,18.233,47.454
2026-06-20 13:11:50,30,33,0,0,18.581,47.62
2026-06-20 13:16:46,30,35,0,0,17.95,47.449
2026-06-20 13:21:47,30,30,0,0,18.292,46.922
2026-06-20 13:26:46,26,28,0,0,18.108,47.342
2026-06-20 13:31:47,32,35,0,0,19.005,47.449
2026-06-20 13:36:47,33,37,0,0,18.89,46.424
2026-06-20 13:41:46,34,39,0,0,19.219,48.095
2026-06-20 13:46:47,34,38,0,0,19.43,47.397
2026-06-20 13:51:47,32,35,0,0,18.626,47.874
2026-06-20 13:56:47,34,39,0,0,19.502,48.932
2026-06-20 14:01:46,31,33,0,0,18.706,50.859
2026-06-20 14:06:47,30,33,0,0,19.494,49.509
2026-06-20 14:11:46,30,30,0,0,18.412,52.631
2026-06-20 14:16:48,29,32,0,0,18.297,52.942
2026-06-20 14:21:47,33,35,0,0,18.014,53.848
2026-06-20 14:26:46,29,30,0,0,18.092,53.718
2026-06-20 14:31:50,28,30,0,0,17.638,54.55
2026-06-20 14:36:47,29,30,0,0,18.062,53.216
2026-06-20 14:41:47,25,26,0,0,17.905,51.765
2026-06-20 14:46:47,23,23,0,0,18.156,51.658
2026-06-20 14:51:47,19,22,0,0,18.103,49.188
2026-06-20 14:56:47,15,16,0,0,18.858,47.819
2026-06-20 15:01:47,14,15,0,0,18.46,49.125
2026-06-20 15:06:47,14,18,0,0,18.645,48.877
2026-06-20 15:11:47,14,17,0,0,18.303,49.598
2026-06-20 15:16:48,19,19,0,1,18.212,50.827
2026-06-20 15:21:47,18,21,0,0,18.554,49.949
2026-06-20 15:26:47,16,19,0,0,18.84,48.37
2026-06-20 15:31:47,11,13,0,0,17.683,49.921
2026-06-20 15:36:48,9,12,0,0,17.336,50.67
2026-06-20 15:41:54,22,23,0,0,17.472,50.182
2026-06-20 15:46:47,24,25,0,0,16.703,52.841
2026-06-20 15:51:47,34,39,0,0,17.451,51.767
2026-06-20 15:56:47,22,22,0,0,16.53,54.727
2026-06-20 16:02:50,21,22,0,0,17.211,52.831
2026-06-20 16:06:47,20,23,0,0,16.81,54.168
2026-06-20 16:11:49,22,23,0,0,16.471,54.212
2026-06-20 16:16:48,28,31,0,0,16.738,53.785
2026-06-20 16:21:50,23,25,0,0,16.22,55.009
2026-06-20 16:26:48,19,20,0,0,16.396,54.889
2026-06-20 16:31:49,23,25,0,0,16.276,55.801
2026-06-20 16:36:48,23,23,0,0,16.159,55.738
2026-06-20 16:41:52,14,17,0,0,15.582,58.557
2026-06-20 16:46:50,13,15,0,0,16.028,58.292
2026-06-20 16:51:48,13,14,0,0,15.195,60.444
2026-06-20 16:56:49,9,12,0,0,15.309,59.602
2026-06-20 17:01:49,9,12,0,0,15.285,59.98
2026-06-20 17:06:48,15,16,0,6,15.112,61.517
2026-06-20 17:11:52,18,18,0,0,15.125,60.995
2026-06-20 17:16:48,33,38,0,0,14.701,63.043
2026-06-20 17:21:49,25,25,0,0,14.514,63.863
2026-06-20 17:26:48,26,28,0,44,14.564,63.965
2026-06-20 17:31:49,8,8,0,0,14.463,64.411
2026-06-20 17:36:49,9,9,0,17,14.388,65.189
2026-06-20 17:41:48,19,20,0,15,13.867,67.684
2026-06-20 17:46:49,8,11,0,0,14.335,65.803
2026-06-20 17:51:48,14,16,0,60,13.809,68.229
2026-06-20 17:56:48,7,7,0,39,13.037,71.39
2026-06-20 18:01:50,8,8,0,14,12.775,72.052
2026-06-20 18:06:49,5,5,0,12,12.767,72.51
2026-06-20 18:11:49,7,7,0,21,12.727,72.328
2026-06-20 18:16:50,19,19,0,27,12.137,74.419
2026-06-20 18:21:52,26,29,0,160,12.177,74.27
2026-06-20 18:26:49,13,14,0,54,12.26,73.896
2026-06-20 18:31:49,16,16,0,100,12.238,74.726
2026-06-20 18:36:49,8,8,0,42,12.391,74.678
2026-06-20 18:41:49,6,7,0,2,12.03,75.247
2026-06-20 18:46:49,8,8,0,55,12.07,75.432
2026-06-20 18:51:49,44,53,0,97,11.987,76.225
2026-06-20 18:56:57,13,14,0,34,11.368,78.22
2026-06-20 19:01:49,16,20,0,69,11.451,78.018
2026-06-20 19:06:56,14,15,0,59,11.459,78.539
2026-06-20 19:11:50,12,14,0,46,11.558,77.875
2026-06-20 19:16:50,12,14,0,73,11.093,79.534
2026-06-20 19:21:50,19,22,0,32,11.192,79.632
2026-06-20 19:26:50,20,20,0,86,11.285,79.225
2026-06-20 19:31:50,17,18,0,16,11.526,78.323
2026-06-20 19:36:50,25,25,0,115,11.034,80.034
2026-06-20 19:41:50,25,25,0,23,11.379,79.729
2026-06-20 19:46:50,27,28,0,71,11.283,79.449
2026-06-20 19:51:50,41,45,0,201,10.89,80.616
2026-06-20 19:56:50,27,28,0,94,11.09,80.864
2026-06-20 20:01:50,77,88,0,133,10.682,81.985
2026-06-20 20:06:50,53,65,0,105,10.711,81.339
2026-06-20 20:11:50,25,27,0,60,10.65,81.642
2026-06-20 20:21:50,37,39,0,249,10.508,82.569
2026-06-20 20:26:50,25,26,0,55,10.137,84.44
2026-06-20 20:31:50,17,22,0,42,10.367,83.773
2026-06-20 20:36:50,17,20,0,45,10.34,84.366
2026-06-20 20:41:50,17,19,0,60,9.929,84.885
2026-06-20 20:46:50,21,23,0,45,10.367,83.387
2026-06-20 20:51:50,32,32,0,44,10.361,84.448
2026-06-20 20:56:50,23,25,0,25,10.519,83.649
2026-06-20 21:01:50,28,32,0,97,10.172,83.063
2026-06-20 21:06:50,16,18,0,23,9.947,84.564
2026-06-20 21:11:54,19,22,0,74,9.854,83.181
2026-06-20 21:16:50,17,21,0,74,9.694,83.679
2026-06-20 21:21:50,23,25,0,104,9.8,84.751
2026-06-20 21:26:50,20,22,0,53,9.656,85.636
2026-06-20 21:31:50,22,26,0,55,9.282,85.827
2026-06-20 21:36:50,20,26,0,33,9.266,85.953
2026-06-20 21:41:53,20,22,0,20,9.312,86.294
2026-06-20 21:46:50,20,23,0,18,9.117,86.485
2026-06-20 21:51:50,22,24,0,43,9.232,85.59
2026-06-20 21:56:51,26,28,0,30,9.157,86.214
2026-06-20 22:01:50,50,60,0,245,9.197,85.005
2026-06-20 22:06:53,31,32,0,58,9.071,85.262
2026-06-20 22:11:52,34,39,0,105,9.053,84.61
2026-06-20 22:16:52,35,39,0,230,8.965,83.63
2026-06-20 22:21:51,40,46,0,169,8.716,85.682
2026-06-20 22:26:52,38,40,0,310,8.396,87.301
2026-06-20 22:31:54,35,36,0,151,8.233,88.085
2026-06-20 22:36:51,33,37,0,81,8.22,88.347
2026-06-20 22:41:52,33,33,0,55,8.174,88.272
2026-06-20 22:46:51,34,34,0,63,7.864,88.661
2026-06-20 22:51:54,35,35,0,72,7.835,89.281
2026-06-20 22:56:51,30,31,0,76,7.779,90.216
2026-06-20 23:01:52,32,32,0,89,7.953,89.371
2026-06-20 23:06:51,31,31,0,121,8.038,87.074
2026-06-20 23:11:52,87,96,0,259,7.91,87.521
2026-06-20 23:21:52,37,37,0,113,7.544,90.696
2026-06-20 23:26:55,32,34,0,80,7.792,90.283
2026-06-20 23:31:51,29,34,0,93,7.6,89.897
2026-06-20 23:36:54,29,36,0,76,7.408,89.859
2026-06-20 23:41:52,28,33,0,71,7.387,90.83
2026-06-20 23:46:52,31,33,0,71,7.437,90.098
2026-06-20 23:51:53,32,32,0,73,7.306,90.136
2026-06-20 23:56:52,30,32,0,75,7.296,91.286
2026-06-21 00:01:52,28,32,0,91,7.058,90.609
2026-06-21 00:06:52,37,42,0,103,7.264,90.721
2026-06-21 00:11:52,31,32,0,69,7.111,91.143
2026-06-21 00:16:52,30,33,0,61,7.25,91.663
2026-06-21 00:21:52,27,28,0,80,7.197,90.014
2026-06-21 00:26:52,29,29,0,105,7.061,89.892
2026-06-21 00:31:52,32,35,0,181,7.063,88.57
2026-06-21 00:36:52,35,36,0,95,7.045,92.066
2026-06-21 00:41:52,35,37,0,59,7.21,92.436
2026-06-21 00:46:52,34,36,0,113,6.991,90.956
2026-06-21 00:51:52,31,32,0,106,6.671,91.694
2026-06-21 00:56:52,33,35,0,70,6.847,91.049
2026-06-21 01:01:52,28,30,0,97,6.751,91.593
2026-06-21 01:06:52,25,29,0,94,6.625,91.78
2026-06-21 01:11:53,21,25,0,129,6.767,93.386
2026-06-21 01:16:53,25,27,0,77,7.055,93.1
2026-06-21 01:21:53,29,30,0,106,6.78,91.677
2026-06-21 01:26:53,27,30,0,101,6.505,92.646
2026-06-21 01:31:53,29,32,0,86,6.679,94.01
2026-06-21 01:36:53,28,28,0,66,6.898,93.468
2026-06-21 01:41:53,29,30,0,66,7.037,93.313
2026-06-21 01:46:53,30,30,0,71,7.285,94.917
2026-06-21 01:51:53,31,31,0,53,7.87,93.052
2026-06-21 01:56:53,31,35,0,89,8.326,91.883
2026-06-21 02:01:53,32,34,0,125,8.166,91.417
2026-06-21 02:06:53,37,42,0,132,8.529,91.799
2026-06-21 02:11:53,40,42,0,137,8.642,91.343
2026-06-21 02:16:53,40,47,0,200,8.754,91.217
2026-06-21 02:21:53,43,50,0,138,8.706,91.381
2026-06-21 02:26:53,44,51,0,116,8.847,92.341
2026-06-21 02:31:53,42,50,0,126,8.935,92.327
2026-06-21 02:36:53,44,52,0,115,9.154,91.585
2026-06-21 02:41:53,47,58,0,128,9.197,92.049
2026-06-21 02:46:53,45,55,0,107,9.499,91.925
2026-06-21 02:51:53,46,56,0,97,9.541,91.631
2026-06-21 02:56:53,43,54,0,108,9.651,90.885
2026-06-21 03:01:53,39,48,0,120,9.739,90.008
2026-06-21 03:06:53,41,47,0,128,9.795,89.75
2026-06-21 03:11:53,42,49,0,136,9.803,89.556
2026-06-21 03:16:53,42,50,0,137,9.867,89.638
2026-06-21 03:21:53,41,50,0,132,9.969,88.959
2026-06-21 03:26:53,42,53,0,140,10.014,88.877
2026-06-21 03:31:53,44,54,0,143,9.91,89.336
2026-06-21 03:36:53,43,50,0,139,9.875,89.495
2026-06-21 03:41:53,39,48,0,133,10.116,88.476
2026-06-21 03:46:53,43,50,0,221,10.025,85.663
2026-06-21 03:51:54,46,55,0,212,10.078,85.934
2026-06-21 03:56:53,50,62,0,292,9.331,86.464
2026-06-21 04:01:53,49,59,0,187,9.763,85.571
2026-06-21 04:06:53,48,57,0,188,9.317,85.14
2026-06-21 04:11:54,50,62,0,438,9.106,84.93
2026-06-21 04:16:54,51,63,0,219,8.989,86.475
2026-06-21 04:21:54,51,63,0,209,8.919,87.757
2026-06-21 04:26:54,49,59,0,160,9.037,89.686
2026-06-21 04:31:55,52,63,0,218,9.16,86.596
2026-06-21 04:36:55,54,66,0,206,9.141,86.016
2026-06-21 04:41:55,54,66,0,216,9.063,85.743
2026-06-21 04:46:55,52,64,0,208,9.208,85.356
2026-06-21 04:51:55,53,66,0,188,9.266,85.415
2026-06-21 04:56:54,79,89,0,251,9.328,85.415
2026-06-21 05:01:55,57,74,0,187,9.088,86.582
2026-06-21 05:06:55,54,66,0,191,9.234,86.306
2026-06-21 05:11:55,57,70,0,186,9.371,86.166
2026-06-21 05:16:55,55,66,0,197,9.357,86.351
2026-06-21 05:21:54,53,67,0,178,9.232,86.187
2026-06-21 05:26:55,52,62,0,190,9.2,87.683
2026-06-21 05:31:55,53,64,0,187,9.328,86.632
2026-06-21 05:36:55,47,59,0,153,9.491,87.231
2026-06-21 05:41:55,44,55,0,143,9.397,88.673
2026-06-21 05:46:55,43,49,0,127,9.544,87.879
2026-06-21 05:51:54,40,46,0,139,9.63,87.421
2026-06-21 05:56:55,40,44,0,124,9.512,88.379
2026-06-21 06:01:54,43,49,0,137,9.624,87.528
2026-06-21 06:06:55,53,65,0,208,9.261,86.226
2026-06-21 06:11:55,52,63,0,215,9.208,86.132
2026-06-21 06:16:55,51,63,0,176,9.36,84.856
2026-06-21 06:21:55,52,63,0,186,9.373,84.963
2026-06-21 06:26:55,52,64,0,176,9.336,84.114
2026-06-21 06:31:55,53,65,0,181,9.181,84.551
2026-06-21 06:36:55,54,66,0,187,9.039,85.131
2026-06-21 06:41:55,54,67,0,177,9.29,84.78
2026-06-21 06:46:55,55,67,0,167,9.4,84.906
2026-06-21 06:51:55,53,64,0,171,9.429,84.494
2026-06-21 06:56:55,52,64,0,179,9.01,86.168
2026-06-21 07:01:55,54,66,0,218,9.184,85.855
2026-06-21 07:06:55,53,66,0,199,9.403,85.453
2026-06-21 07:11:56,51,65,0,378,9.266,85.814
2026-06-21 07:16:56,51,63,0,180,9.477,85.119
2026-06-21 07:21:56,51,64,0,170,9.504,85.344
2026-06-21 07:26:56,55,68,0,198,8.935,87.143
2026-06-21 07:31:56,59,74,0,206,8.997,86.782
2026-06-21 07:36:56,57,73,0,184,9.25,86.18
2026-06-21 07:41:56,62,79,0,225,9.221,85.976
2026-06-21 07:46:56,55,68,0,178,9.29,86.218
2026-06-21 07:51:56,55,68,0,182,9.451,85.894
2026-06-21 07:56:56,51,65,0,174,9.576,85.632
2026-06-21 08:01:56,51,63,0,174,9.654,85.096
2026-06-21 08:06:56,53,65,0,194,9.395,85.724
2026-06-21 08:11:56,56,70,0,280,9.373,85.773
2026-06-21 08:16:56,55,68,0,227,9.379,85.882
2026-06-21 08:21:56,61,79,0,205,9.427,85.93
2026-06-21 08:26:56,61,74,0,195,9.501,86.044
2026-06-21 08:31:56,56,68,0,181,9.672,85.419
2026-06-21 08:36:56,57,72,0,167,9.691,85.257
2026-06-21 08:41:56,54,67,0,157,9.416,86.845
2026-06-21 08:46:56,79,89,0,169,9.758,86.214
2026-06-21 08:51:56,53,65,0,119,9.982,85.55
2026-06-21 08:56:56,42,56,0,110,10.311,84.816
2026-06-21 09:01:56,42,52,0,112,10.711,83.679
2026-06-21 09:06:56,30,36,0,96,10.847,82.962
2026-06-21 09:11:56,41,47,0,93,10.813,83.202
2026-06-21 09:16:56,48,57,0,117,10.874,82.645
2026-06-21 09:21:56,46,55,0,127,11.005,81.976
2026-06-21 09:26:56,42,52,0,127,10.615,82.918
2026-06-21 09:31:56,100,112,0,244,10.631,83.279
2026-06-21 09:36:56,39,47,0,114,11.109,81.764
2026-06-21 09:41:57,38,47,0,106,10.861,82.26
2026-06-21 09:46:56,35,44,0,113,10.238,83.641
2026-06-21 09:51:56,37,43,0,119,10.703,82.247
2026-06-21 09:56:56,34,40,0,106,10.965,81.407
2026-06-21 10:01:56,38,45,0,122,11.152,80.923
2026-06-21 10:06:56,38,48,0,99,11.686,78.876
2026-06-21 10:11:58,40,48,0,129,11.6,78.737
2026-06-21 10:16:58,40,48,0,81,11.793,78.241
2026-06-21 10:21:57,42,48,0,117,12.132,77.761
2026-06-21 10:26:58,45,55,0,93,12.19,77.818
2026-06-21 10:31:58,43,52,0,102,12.351,77.764
2026-06-21 10:36:58,43,53,0,75,12.604,76.158
2026-06-21 10:41:57,40,50,0,60,12.847,74.251
2026-06-21 10:46:58,39,48,0,77,11.83,78.091
2026-06-21 10:51:57,44,54,0,43,12.588,74.61
2026-06-21 10:56:58,44,55,0,53,13.219,73.007
2026-06-21 11:01:58,43,52,0,49,13.272,73.099
2026-06-21 11:06:58,42,52,0,50,13.731,71.819
2026-06-21 11:11:58,42,50,0,18,13.891,68.573
2026-06-21 11:16:57,38,46,0,34,14.166,68.022
2026-06-21 11:21:58,38,48,0,21,13.806,67.537
2026-06-21 11:26:58,36,42,0,17,14.057,66.843
2026-06-21 11:31:59,35,44,0,0,14.196,64.338
2026-06-21 11:36:58,38,44,0,44,13.854,68.05
2026-06-21 11:41:58,37,47,0,31,13.705,67.257
2026-06-21 11:46:58,43,51,0,13,13.619,68.727
2026-06-21 11:51:57,39,46,0,0,13.875,66.364
2026-06-21 11:56:58,37,45,0,9,13.886,66.816
2026-06-21 12:01:58,37,48,0,14,13.221,68.321
2026-06-21 12:06:58,38,45,0,1,13.197,67.688
2026-06-21 12:11:58,37,41,0,0,14.714,63.602
2026-06-21 12:16:58,33,39,0,0,15.317,61.197
2026-06-21 12:21:58,33,38,0,0,15.769,58.21
2026-06-21 12:26:58,33,37,0,0,16.126,57.466
2026-06-21 12:31:58,32,37,0,0,16.257,55.534
2026-06-21 12:36:58,30,34,0,0,16.14,55.549
2026-06-21 12:41:58,32,36,0,0,16.402,54.609
2026-06-21 12:46:58,32,34,0,0,17.093,51.641
2026-06-21 12:51:58,31,35,0,0,16.391,52.185
2026-06-21 12:56:58,29,33,0,0,16.754,51.723
2026-06-21 13:01:58,30,36,0,0,17.454,51.517
2026-06-21 13:06:58,31,36,0,0,16.372,52.177
2026-06-21 13:11:59,33,37,0,0,16.685,49.097
2026-06-21 13:16:59,36,44,0,0,16.495,51.229
2026-06-21 13:21:59,29,32,0,0,16.407,52.064
2026-06-21 13:26:59,27,32,0,0,15.835,55.509
2026-06-21 13:31:59,24,25,0,0,15.355,56.629
2026-06-21 13:36:59,32,36,0,0,16.685,53.766
2026-06-21 13:41:59,24,26,0,0,16.727,53.018
2026-06-21 13:46:59,23,24,0,0,16.621,52.341
2026-06-21 13:52:00,20,24,0,0,16.543,51.63
2026-06-21 13:56:59,19,19,0,0,15.745,53.152
2026-06-21 14:01:59,18,19,0,0,15.659,52.322
2026-06-21 14:06:59,16,17,0,0,15.889,50.226
2026-06-21 14:11:59,22,23,0,0,16.484,49.915
2026-06-21 14:16:59,17,19,0,0,16.164,50.26
2026-06-21 14:22:00,15,16,0,0,16.348,49.362
2026-06-21 14:26:59,17,17,0,0,16.444,48.133
2026-06-21 14:31:59,14,16,0,0,16.065,48.669
2026-06-21 14:36:59,13,13,0,0,15.972,49.28
2026-06-21 14:41:59,17,19,0,0,15.974,48.78
2026-06-21 14:46:59,19,20,0,0,16.017,45.358
2026-06-21 14:52:00,13,15,0,0,16.637,46.333
2026-06-21 14:56:59,8,11,0,0,16.5,46.239
2026-06-21 15:01:59,6,6,0,0,16.677,43.784
2026-06-21 15:06:59,4,5,0,0,16.396,45.253
2026-06-21 15:12:00,5,6,0,0,16.436,44.134
2026-06-21 15:16:59,7,7,0,0,16.749,44.055
2026-06-21 15:21:59,4,4,0,0,16.143,44.084
2026-06-21 15:27:00,5,5,0,0,16.57,43.037
2026-06-21 15:31:59,5,5,0,0,16.463,42.487
2026-06-21 15:37:00,2,2,0,0,16.685,41.03
2026-06-21 15:42:00,1,1,0,0,16.783,41.442
2026-06-21 15:46:59,2,2,0,0,17.064,39.97
2026-06-21 15:52:00,1,1,0,0,16.813,39.531
2026-06-21 15:57:00,1,2,0,0,16.754,39.527
2026-06-21 16:02:51,3,3,0,0,16.407,39.329
2026-06-21 16:07:00,1,2,0,0,16.861,38.476
2026-06-21 16:12:01,1,1,0,0,16.231,39.848
2026-06-21 16:17:00,0,0,0,0,15.464,40
2026-06-21 16:22:01,7,8,0,0,15.95,40.229
2026-06-21 16:27:00,3,3,0,0,16.126,39.489
2026-06-21 16:32:01,6,7,0,0,15.275,40.967
2026-06-21 16:37:00,2,2,0,0,15.293,43.517
2026-06-21 16:42:01,7,7,0,0,15.184,44.803
2026-06-21 16:47:01,5,7,0,0,14.356,45.831
2026-06-21 16:52:01,2,3,0,0,14.324,43.752
2026-06-21 16:57:01,1,2,0,0,14.014,45.038
2026-06-21 17:02:00,1,1,0,0,13.587,45.934
2026-06-21 17:07:01,3,3,0,0,13.795,46.554
2026-06-21 17:12:01,3,3,0,0,13.921,46.72
2026-06-21 17:17:01,1,1,0,0,13.656,47.752
2026-06-21 17:22:01,6,6,0,0,13.614,47.775
2026-06-21 17:27:01,3,3,0,0,13.144,48.606
2026-06-21 17:32:01,1,1,0,0,12.81,52.663
2026-06-21 17:37:01,4,4,0,1,12.164,57.266
2026-06-21 17:42:01,30,33,0,0,11.974,56.291
2026-06-21 17:47:01,17,19,0,0,11.429,57.439
2026-06-21 17:52:01,8,13,0,0,11.611,56.541
2026-06-21 17:57:01,10,15,0,0,11.133,58.487
2026-06-21 18:02:01,7,7,0,0,10.938,60.413
2026-06-21 18:07:01,5,5,0,0,10.623,60.655
2026-06-21 18:12:01,4,4,0,0,10.639,60.945
2026-06-21 18:17:01,5,5,0,0,10.311,62.381
2026-06-21 18:22:01,6,8,0,1,10.193,62.528
2026-06-21 18:27:01,22,26,0,0,9.795,63.913
2026-06-21 18:32:01,5,5,0,0,9.253,65.298
2026-06-21 18:37:01,4,4,0,0,8.61,67.665
2026-06-21 18:42:01,4,4,0,0,8.436,68.384
2026-06-21 18:47:01,3,4,0,0,8.356,68.577
2026-06-21 18:52:02,3,3,0,0,8.051,70.265
2026-06-21 18:57:01,3,3,0,57,7.995,71.136
2026-06-21 19:02:01,8,9,0,57,7.736,72.048
2026-06-21 19:07:01,4,4,0,34,7.824,70.316
2026-06-21 19:12:02,8,8,0,0,8.204,67.596
2026-06-21 19:17:02,19,19,0,140,8.505,67.526
2026-06-21 19:22:02,35,38,0,49,8.569,66.578
2026-06-21 19:27:02,15,15,0,0,8.305,67.346
2026-06-21 19:32:02,9,9,0,17,7.656,70.064
2026-06-21 19:37:05,2,2,0,0,7.883,69.429
2026-06-21 19:42:02,1,3,0,0,7.523,70.812
2026-06-21 19:47:03,7,8,0,0,7.605,69.742
2026-06-21 19:52:02,6,6,0,0,7.405,70.709
2026-06-21 19:57:02,39,43,0,2,7.411,70.484
2026-06-21 20:02:03,7,7,0,0,7.659,69.273
2026-06-21 20:07:02,9,13,0,27,7.362,71.176
2026-06-21 20:12:03,2,2,0,0,7.424,70.366
2026-06-21 20:17:02,22,22,0,0,7.683,69.076
2026-06-21 20:22:02,11,11,0,0,7.763,68.399
2026-06-21 20:27:02,8,8,0,0,7.734,68.729
2026-06-21 20:32:04,3,5,0,0,7.288,70.692
2026-06-21 20:37:02,5,5,0,0,7.408,70.087
2026-06-21 20:42:02,3,3,0,0,7.248,70.974
2026-06-21 20:47:03,3,5,0,0,7.29,70.778
2026-06-21 20:52:02,8,8,0,21,7.157,71.85
2026-06-21 20:57:15,9,9,0,93,7.127,72.664
2026-06-21 21:02:02,13,15,0,144,6.74,73.236
2026-06-21 21:07:03,23,25,0,137,6.644,74.163
2026-06-21 21:12:02,6,6,0,56,6.374,75.277
2026-06-21 21:17:02,5,6,0,0,6.276,74.953
2026-06-21 21:22:03,27,30,0,85,5.755,77.116
2026-06-21 21:27:05,5,6,0,0,6.091,75.701
2026-06-21 21:32:02,28,28,0,141,5.84,77.228
2026-06-21 21:37:03,7,7,0,40,5.768,77.072
2026-06-21 21:42:06,10,10,0,49,5.491,77.991
2026-06-21 21:47:02,10,11,0,13,5.533,77.948
2026-06-21 21:52:03,10,14,0,39,5.445,78.27
2026-06-21 21:57:05,16,19,0,84,5.264,78.813
2026-06-21 22:02:03,29,32,0,106,5.32,78.39
2026-06-21 22:07:02,23,28,0,82,5.459,78.104
2026-06-21 22:12:04,15,20,0,82,5.378,77.627
2026-06-21 22:17:06,25,28,0,100,5.074,79.023
2026-06-21 22:22:04,29,34,0,146,5.258,78.262
2026-06-21 22:27:03,22,24,0,134,5.098,79.008
2026-06-21 22:32:05,20,23,0,151,5.2,78.201
2026-06-21 22:37:04,11,14,0,78,5.021,79.121
2026-06-21 22:42:04,14,20,0,143,4.874,79.582
2026-06-21 22:47:04,15,19,0,118,5.125,78.409
2026-06-21 22:52:03,15,19,0,120,4.593,79.647
2026-06-21 22:57:04,33,34,0,176,4.497,79.458
2026-06-21 23:02:05,18,22,0,151,4.524,79.323
2026-06-21 23:07:04,15,18,0,104,4.468,80.774
2026-06-21 23:12:04,10,10,0,78,4.529,80.639
2026-06-21 23:17:04,7,11,0,56,4.372,81.301
2026-06-21 23:22:04,10,12,0,90,4.401,81.049
2026-06-21 23:27:04,11,17,0,79,4.321,81.257
2026-06-21 23:32:04,12,14,0,67,4.433,81.078
2026-06-21 23:37:05,10,10,0,90,4.3,80.976
2026-06-21 23:42:04,11,19,0,80,4.089,82.567
2026-06-21 23:47:04,8,9,0,77,3.856,81.964
2026-06-21 23:52:04,6,8,0,79,3.977,82.125
2026-06-21 23:57:04,9,10,0,105,3.888,81.724
2026-06-22 00:02:04,20,24,0,110,3.584,83.189
2026-06-22 00:07:04,12,14,0,104,3.872,81.663
2026-06-22 00:12:04,18,20,0,122,3.301,83.385
2026-06-22 00:17:04,20,24,0,191,3.424,81.741
2026-06-22 00:22:04,24,29,0,161,3.322,83.05
2026-06-22 00:27:05,34,35,0,133,3.218,85.047
2026-06-22 00:32:04,27,29,0,152,3.461,82.975
2026-06-22 00:37:04,24,25,0,117,3.277,84.093
2026-06-22 00:42:05,20,24,0,77,3.445,83.944
2026-06-22 00:47:04,15,15,0,93,3.322,83.673
2026-06-22 00:52:04,17,18,0,108,3.298,83.441
2026-06-22 00:57:04,12,12,0,107,3.178,83.933
2026-06-22 01:02:04,16,21,0,87,3.32,83.609
2026-06-22 01:07:04,15,15,0,91,3.053,84.7
2026-06-22 01:12:05,10,10,0,73,3.344,83.059
2026-06-22 01:17:05,8,9,0,87,3.28,83.164
2026-06-22 01:22:05,6,8,0,96,3.264,82.804
2026-06-22 01:27:05,8,9,0,111,3.205,82.84
2026-06-22 01:32:05,10,12,0,153,3.018,83.746
2026-06-22 01:37:05,6,6,0,74,2.799,84.579
2026-06-22 01:42:05,6,8,0,101,2.956,84.11
2026-06-22 01:47:05,8,9,0,116,2.932,83.382
2026-06-22 01:52:05,9,10,0,114,2.815,83.912
2026-06-22 01:57:05,9,9,0,117,2.74,83.647
2026-06-22 02:02:05,19,20,0,147,2.364,85.848
2026-06-22 02:07:05,22,26,0,189,2.732,83.197
2026-06-22 02:12:05,22,26,0,130,2.425,85.154
2026-06-22 02:17:05,11,11,0,90,2.54,85.152
2026-06-22 02:22:05,6,9,0,92,2.591,84.627
2026-06-22 02:27:05,7,8,0,124,2.668,83.397
2026-06-22 02:32:06,11,15,0,120,2.219,85.028
2026-06-22 02:37:05,16,19,0,116,2.326,84.305
2026-06-22 02:42:06,24,26,0,130,2.27,85.283
2026-06-22 02:47:05,25,26,0,118,2.289,85.684
2026-06-22 02:52:05,26,27,0,110,2.089,86.811
2026-06-22 02:57:05,11,11,0,,2.126,85.564
2026-06-22 03:02:05,8,8,0,,1.87,86.567
2026-06-22 03:07:05,15,18,0,,1.891,86.226
2026-06-22 03:12:06,8,11,0,,1.894,86.742
2026-06-22 03:17:06,11,11,0,,1.824,86.638
2026-06-22 03:22:05,9,9,0,,1.595,87.496
2026-06-22 03:27:06,7,7,0,,1.822,87.265
2026-06-22 03:32:06,9,11,0,,1.53,88.034
2026-06-22 03:37:06,5,5,0,,1.637,87.07
2026-06-22 03:42:06,4,5,0,,1.72,85.642
2026-06-22 03:47:06,12,15,0,,1.629,87.16
2026-06-22 03:52:05,7,7,0,,1.672,85.741
2026-06-22 03:57:06,12,12,0,,1.552,86.617
2026-06-22 04:02:06,34,35,0,,1.555,86.067
2026-06-22 04:07:06,28,32,0,,1.605,86.077
2026-06-22 04:12:07,24,26,0,,1.442,86.533
2026-06-22 04:17:07,12,16,0,,1.33,86.882
2026-06-22 04:22:07,12,15,0,,1.255,86.42
2026-06-22 04:27:07,27,28,0,,1.202,86.969
2026-06-22 04:32:06,11,11,0,,1.223,87.303
2026-06-22 04:37:07,11,12,0,,1.207,86.924
2026-06-22 04:42:06,18,18,0,,1.063,88.289
2026-06-22 04:47:07,12,12,0,,1.279,87.494
2026-06-22 04:52:07,8,8,0,,1.082,89.468
2026-06-22 04:57:07,10,11,0,,1.191,87.145
2026-06-22 05:02:07,11,11,0,,1.221,86.91
2026-06-22 05:07:07,11,12,0,,1.167,86.975
2026-06-22 05:12:07,11,11,0,,1.09,87.21
2026-06-22 05:17:06,8,8,0,,0.954,88.003
2026-06-22 05:22:07,11,11,0,,1.02,87.442
2026-06-22 05:27:07,9,9,0,,0.644,89.365
2026-06-22 05:32:07,17,18,0,,0.916,88.408
2026-06-22 05:37:07,5,10,0,,0.676,88.028
2026-06-22 05:42:07,9,9,0,,0.663,87.538
2026-06-22 05:47:07,18,21,0,,0.494,87.402
2026-06-22 05:52:07,18,18,0,,0.436,87.616
2026-06-22 05:57:07,15,18,0,,0.572,88.217
2026-06-22 06:02:07,11,20,0,,0.647,88.772
2026-06-22 06:07:07,17,18,0,,0.609,87.843
2026-06-22 06:12:07,15,17,0,,0.628,89.146
2026-06-22 06:17:07,19,19,0,,0.604,88.682
2026-06-22 06:22:07,18,20,0,,0.612,87.414
2026-06-22 06:27:07,21,23,0,,0.385,88.335
2026-06-22 06:32:07,21,25,0,,0.534,89.571
2026-06-22 06:37:07,11,16,0,,0.5,88.703
2026-06-22 06:42:07,12,12,0,,0.454,90.319
2026-06-22 06:47:07,8,10,0,,0.452,88.409
2026-06-22 06:52:07,11,11,0,,0.46,88.114
2026-06-22 06:57:07,10,10,0,,0.444,88.385
2026-06-22 07:02:07,20,26,0,,0.524,87.616
2026-06-22 07:07:07,53,64,0,,0.388,87.853
2026-06-22 07:12:08,46,50,0,,0.39,88.43
2026-06-22 07:17:08,29,31,0,,0.497,89.991
2026-06-22 07:22:08,19,20,0,,0.385,90.22
2026-06-22 07:27:08,12,17,0,,0.524,89.109
2026-06-22 07:32:08,32,33,0,,0.478,89.02
2026-06-22 07:37:08,43,50,0,,0.441,89.396
2026-06-22 07:42:08,72,91,0,,0.446,88.524
2026-06-22 07:47:08,27,31,0,,0.214,90.901
2026-06-22 07:52:09,27,32,0,,0.462,89.989
2026-06-22 07:57:08,34,36,0,,0.484,89.632
2026-06-22 08:02:08,26,27,0,,0.369,88.701
2026-06-22 08:07:09,21,27,0,,0.42,88.377
2026-06-22 08:12:08,33,33,0,,0.321,89.438
2026-06-22 08:17:09,27,27,0,,0.585,90.084
2026-06-22 08:22:08,377,414,0,,0.556,87.202
2026-06-22 08:27:08,72,89,0,,0.388,87.908
2026-06-22 08:32:08,52,65,0,,0.321,88.234
2026-06-22 08:37:09,46,51,0,,0.46,88.453
2026-06-22 08:42:08,34,34,0,,0.262,89.602
2026-06-22 08:47:09,40,43,0,,0.422,89.035
2026-06-22 08:52:08,41,41,0,,0.548,88.497
2026-06-22 08:57:09,39,42,0,,0.673,88.007
2026-06-22 09:02:09,39,43,0,,0.764,87.99
2026-06-22 09:07:08,36,39,0,,0.834,88.162
2026-06-22 09:12:09,34,35,0,,1.026,88.327
2026-06-22 09:17:08,31,32,0,,1.101,87.765
2026-06-22 09:22:09,31,34,0,,2.9,81.879
2026-06-22 09:27:08,40,41,0,,4.465,75.878
2026-06-22 09:32:09,36,36,0,,2.916,82.266
2026-06-22 09:37:08,36,39,0,,3.405,82.281
2026-06-22 09:42:09,19,22,0,,3.766,81.066
2026-06-22 09:47:09,31,33,0,,4.671,79.397
2026-06-22 09:52:09,23,23,0,,4.9,78.48
2026-06-22 09:57:09,30,31,0,,5.357,75.722
2026-06-22 10:02:09,14,18,0,,5.68,75.003
2026-06-22 10:07:09,22,24,0,,6.329,75.079
2026-06-22 10:12:10,35,35,0,,6.516,72.34
2026-06-22 10:17:10,39,40,0,,6.521,73.377
2026-06-22 10:22:10,24,24,0,,7.013,71.773
2026-06-22 10:27:10,15,19,0,,7.517,67.735
2026-06-22 10:32:10,10,13,0,,7.763,65.933
2026-06-22 10:37:11,10,11,0,,8.209,63.181
2026-06-22 10:42:10,6,6,0,,8.148,62.339
2026-06-22 10:47:24,9,11,0,,9.047,62.652
2026-06-22 10:52:10,15,17,0,,9.125,60.194
2026-06-22 10:57:13,11,19,0,,9.336,60.279
2026-06-22 11:02:10,10,10,0,,9.512,58.412
2026-06-22 11:12:10,20,22,0,,10.97,54.155
2026-06-22 11:17:10,12,13,0,172,11.331,55.255
2026-06-22 11:22:10,6,6,0,150,11.755,52.837
2026-06-22 11:27:10,8,10,0,136,12.436,50.151
2026-06-22 11:32:12,12,12,0,117,12.984,48.843
2026-06-22 11:37:11,8,9,0,127,13.445,48.019
2026-06-22 11:42:10,8,9,0,127,13.985,47.729
2026-06-22 11:47:11,8,8,0,118,14.612,45.482
2026-06-22 11:52:10,11,12,0,104,14.823,44.425
2026-06-22 11:57:10,15,18,0,98,14.778,43.798
2026-06-22 12:02:23,9,9,0,100,15.64,41.789
2026-06-22 12:07:10,11,11,0,88,15.881,41.377
2026-06-22 12:12:12,12,13,0,67,15.745,39.8
2026-06-22 12:17:11,27,28,0,91,16.394,38.568
2026-06-22 12:22:10,11,11,0,60,16.231,38.53
2026-06-22 12:27:12,11,13,0,57,16.778,36.313
2026-06-22 12:32:10,18,18,0,61,16.244,38.24
2026-06-22 12:37:11,26,27,0,56,16.092,37.658
2026-06-22 12:42:11,6,8,0,52,16.88,39.192
2026-06-22 12:47:11,7,7,0,57,16.89,39.613
2026-06-22 12:52:10,44,54,0,96,16.973,38.669
2026-06-22 12:57:10,6,6,0,37,17.368,37.423
2026-06-22 13:02:18,7,7,0,33,17.366,37.719
2026-06-22 13:07:10,7,7,0,25,17.229,36.868
2026-06-22 13:12:11,5,5,0,0,17.315,35.911
2026-06-22 13:17:24,8,8,0,37,17.798,36.201
2026-06-22 13:22:12,5,6,0,17,17.544,34.799
2026-06-22 13:27:11,5,5,0,25,17.769,35.905
2026-06-22 13:32:11,6,6,0,34,17.889,36.13
2026-06-22 13:37:12,4,4,0,18,17.902,34.412
2026-06-22 13:42:11,4,4,0,38,18.108,37.03
2026-06-22 13:47:11,5,5,0,0,18.22,31.987
2026-06-22 13:52:11,4,4,0,4,17.627,33.881
2026-06-22 13:57:11,5,5,0,19,18.116,34.764
2026-06-22 14:02:12,3,3,0,25,18.204,35.428
2026-06-22 14:07:11,4,5,0,34,18.231,35.697
2026-06-22 14:12:12,5,5,0,14,18.495,34.133
2026-06-22 14:17:11,4,4,0,13,18.711,33.481
2026-06-22 14:22:13,5,5,0,8,18.826,33.158
2026-06-22 14:27:11,5,5,0,0,18.775,33.01
2026-06-22 14:32:12,5,6,0,0,19.029,31.888
2026-06-22 14:37:11,4,5,0,10,19.47,33.269
2026-06-22 14:42:12,5,6,0,19,19.654,32.018
2026-06-22 14:47:12,6,6,0,17,19.857,32.827
2026-06-22 14:52:11,6,6,0,0,19.913,30.566
2026-06-22 14:57:14,4,4,0,1,19.894,30.763
2026-06-22 15:02:12,4,4,0,0,19.296,32.067
2026-06-22 15:07:12,4,4,0,0,20.151,29.67
2026-06-22 15:12:12,6,7,0,0,20.37,30.461
2026-06-22 15:17:15,6,6,0,0,20.674,29.788
2026-06-22 15:22:12,4,4,0,0,19.55,31.192
2026-06-22 15:27:12,5,5,0,3,20.129,29.752
2026-06-22 15:32:12,6,6,0,19,19.937,30.292
2026-06-22 15:37:11,4,5,0,0,19.627,29.874
2026-06-22 15:42:12,6,6,0,6,19.94,31.667
2026-06-22 15:47:12,5,5,0,3,20.108,30.053
2026-06-22 15:52:12,5,5,0,18,20.228,30.999
2026-06-22 15:57:12,5,5,0,38,19.462,32.401
2026-06-22 16:03:10,5,5,0,68,19.782,31.36
2026-06-22 16:07:44,3,3,0,27,19.144,31.022
2026-06-22 16:12:13,4,4,0,0,18.522,32.155
2026-06-22 16:17:13,3,4,0,40,18.156,33.87
2026-06-22 16:22:16,1,1,0,25,18.204,30.704
2026-06-22 16:27:13,1,2,0,82,16.263,39.136
2026-06-22 16:32:14,4,4,0,83,16.017,36.067
2026-06-22 16:37:13,6,6,0,144,15.128,36.018
2026-06-22 16:42:13,22,24,0,130,14.57,36.126
2026-06-22 16:47:14,7,7,0,129,14.038,40.199
2026-06-22 16:52:18,12,13,0,95,14.249,35.163
2026-06-22 16:57:13,3,3,0,121,13.309,44.603
2026-06-22 17:02:13,4,4,0,48,13.186,35.64
2026-06-22 17:07:13,3,3,0,41,12.065,40.262
2026-06-22 17:12:13,8,9,0,165,11.379,44.713
2026-06-22 17:17:13,1,1,0,64,11.419,45.711
2026-06-22 17:22:13,2,3,0,66,10.735,42.375
2026-06-22 17:27:13,2,2,0,37,10.853,43.874
2026-06-22 17:32:13,3,3,0,36,11.331,37.957
2026-06-22 17:37:16,2,2,0,51,11.266,39.06
2026-06-22 17:42:13,4,4,0,55,11.221,35.897
2026-06-22 17:47:13,1,3,0,25,11.015,36.95
2026-06-22 17:52:13,2,2,0,7,10.893,36.809
2026-06-22 17:57:13,5,5,0,20,10.748,37.343
2026-06-22 18:02:13,2,2,0,1,10.596,36.605
2026-06-22 18:07:16,0,1,0,0,10.786,37.357
2026-06-22 18:12:13,19,22,0,103,10.265,41.196
2026-06-22 18:17:13,38,41,0,196,10.185,41.295
2026-06-22 18:22:13,26,26,0,148,9.891,40.756
2026-06-22 18:27:15,9,12,0,78,10.431,38.337
2026-06-22 18:32:13,17,18,0,89,10.038,40.029
2026-06-22 18:37:13,25,28,0,204,9.678,40.744
2026-06-22 18:42:13,35,36,0,327,9.926,42.741
2026-06-22 18:47:13,7,8,0,73,10.567,36.617
2026-06-22 18:52:13,14,15,0,171,10.116,41.314
2026-06-22 18:57:13,20,21,0,339,9.387,42.877
2026-06-22 19:02:15,8,10,0,114,9.774,37.624
2026-06-22 19:07:13,9,13,0,94,9.942,37.723
2026-06-22 19:12:15,15,16,0,46,9.742,41.278
2026-06-22 19:17:15,12,12,0,158,9.752,39.594
2026-06-22 19:22:14,8,8,0,92,9.24,43.51
2026-06-22 19:27:17,20,23,0,175,9.234,41.547
2026-06-22 19:32:14,9,10,0,127,9.298,43.702
2026-06-22 19:37:15,10,13,0,121,9.021,44.793
2026-06-22 19:42:17,10,10,0,120,8.428,48.282
2026-06-22 19:47:15,8,8,0,131,8.132,51.12
2026-06-22 19:52:14,38,39,0,358,8.241,51.105
2026-06-22 19:57:15,22,26,0,206,8.204,50.994
2026-06-22 20:02:16,26,29,0,270,7.856,48.515
2026-06-22 20:07:15,18,20,0,167,7.99,47.986
2026-06-22 20:12:15,34,37,0,299,7.99,48.372
2026-06-22 20:17:18,27,30,0,202,7.723,50.121
2026-06-22 20:22:16,8,9,0,141,7.8,49.27
2026-06-22 20:27:18,9,14,0,149,7.408,52.24
2026-06-22 20:32:14,24,24,0,192,8.519,45.326
2026-06-22 20:37:15,8,11,0,98,8.375,45.877
2026-06-22 20:42:15,14,16,0,156,8.113,48.65
2026-06-22 20:47:18,16,18,0,145,8.329,47.202
2026-06-22 20:52:14,20,22,0,210,7.328,52.907
2026-06-22 20:57:15,16,17,0,253,7.314,52.989
2026-06-22 21:07:22,22,22,0,244,6.756,56.753
2026-06-22 21:12:18,24,24,0,429,6.943,54.727
2026-06-22 21:17:15,11,13,0,181,5.985,59.98
2026-06-22 21:22:15,37,41,0,348,5.507,60.346
2026-06-22 21:27:15,29,32,0,297,5.998,57.981
2026-06-22 21:32:15,28,29,0,249,5.945,58.534
2026-06-22 21:37:22,24,28,0,724,5.421,62.227
2026-06-22 21:42:15,25,29,0,434,5.483,61.561
2026-06-22 21:47:15,28,32,0,237,5.41,61.13
2026-06-22 21:52:15,37,37,0,229,5.386,60.533
2026-06-22 21:57:19,37,44,0,246,5.186,61.653
2026-06-22 22:03:28,47,60,0,347,5.005,62.912
2026-06-22 22:07:15,34,36,0,239,4.866,63.2
2026-06-22 22:12:19,25,26,0,150,4.711,63.697
2026-06-22 22:17:16,63,80,0,303,4.647,62.988
2026-06-22 22:22:16,54,65,0,254,4.564,62.982
2026-06-22 22:27:16,42,49,0,261,4.326,65.889
2026-06-22 22:32:19,44,49,0,286,4.326,64.781
2026-06-22 22:37:16,37,37,0,216,3.709,67.014
2026-06-22 22:42:16,30,32,0,213,4.078,64.554
2026-06-22 22:47:16,31,32,0,153,4.174,65.904
2026-06-22 22:52:16,21,24,0,165,4.07,65.838
2026-06-22 22:57:16,24,30,0,250,3.731,67.657
2026-06-22 23:02:16,14,16,0,187,3.659,69.128
2026-06-22 23:07:16,18,21,0,204,3.648,68.985
2026-06-22 23:12:16,21,25,0,189,3.36,69.116
2026-06-22 23:17:16,38,40,0,,3.349,67.653
2026-06-22 23:22:16,27,27,0,,3.41,65.473
2026-06-22 23:27:16,30,31,0,,3.408,68.035
2026-06-22 23:32:16,27,27,0,,3.074,70.024
2026-06-22 23:37:16,30,31,0,,2.991,70.572
2026-06-22 23:42:18,30,33,0,,2.858,69.698
2026-06-22 23:47:16,39,40,0,,2.753,70.715
2026-06-22 23:52:16,38,43,0,,2.628,70.881
2026-06-22 23:57:16,39,42,0,,2.47,71.449
2026-06-23 00:02:19,44,48,0,,2.735,66.137
2026-06-23 00:07:16,33,36,0,,2.561,69.954
2026-06-23 00:12:16,25,26,0,,2.353,72.845
2026-06-23 00:17:17,23,28,0,,2.34,73.107
2026-06-23 00:22:16,22,23,0,,2.129,74.2
2026-06-23 00:27:16,16,16,0,,2.158,73.587
2026-06-23 00:32:16,11,15,0,,2.139,74.007
2026-06-23 00:37:16,11,11,0,,1.982,75.327
2026-06-23 00:42:17,17,17,0,,2.155,72.668
2026-06-23 00:47:17,11,12,0,,1.843,74.938
2026-06-23 00:52:17,12,15,0,,2.089,73.181
2026-06-23 00:57:17,16,18,0,,1.995,72.576
2026-06-23 01:02:20,15,15,0,,1.835,74.274
2026-06-23 01:07:16,15,17,0,,1.963,72.452
2026-06-23 01:12:18,22,27,0,,1.811,70.823
2026-06-23 01:22:18,12,12,0,,1.565,75.762
2026-06-23 01:27:17,12,15,0,,1.667,73.173
2026-06-23 01:32:21,10,11,0,,1.362,75.348
2026-06-23 01:37:18,12,12,0,,1.768,71.787
2026-06-23 01:42:18,8,8,0,,2.073,70.793
2026-06-23 01:47:17,8,8,0,,1.557,75.111
2026-06-23 01:52:19,7,8,0,,1.48,75.249
2026-06-23 01:57:17,8,8,0,,1.621,75.02
2026-06-23 02:02:18,10,11,0,,1.525,73.995
2026-06-23 02:07:18,7,7,0,,1.416,74.514
2026-06-23 02:12:18,9,9,0,,1.394,75.453
2026-06-23 02:17:18,8,8,0,,1.528,75.138
2026-06-23 02:22:18,8,10,0,,1.45,75.544
2026-06-23 02:27:18,10,10,0,,1.293,76.511
2026-06-23 02:32:18,11,11,0,,1.141,74.774
2026-06-23 02:37:18,12,12,0,,1.103,74.299
2026-06-23 02:42:18,17,17,0,,1.074,75.138
2026-06-23 02:47:18,10,11,0,,0.983,75.743
2026-06-23 02:52:18,10,10,0,,0.994,76.689
2026-06-23 02:57:18,10,13,0,,0.564,76.681
2026-06-23 03:02:18,17,18,0,,0.332,76.372
2026-06-23 03:07:18,27,28,0,,0.716,72.021
2026-06-23 03:12:18,15,21,0,,0.898,74.316
2026-06-23 03:17:18,16,19,0,,0.711,75.367
2026-06-23 03:22:18,20,21,0,,0.615,75.983
2026-06-23 03:27:18,20,20,0,,0.924,72.685
2026-06-23 03:32:18,8,8,0,,1.069,74.331
2026-06-23 03:37:18,11,11,0,,1.207,73.124
2026-06-23 03:42:18,11,11,0,,0.703,75.771
2026-06-23 03:47:18,10,10,0,,0.748,75.668
2026-06-23 03:52:18,10,11,0,,0.804,75.012
2026-06-23 03:57:18,8,8,0,,1.042,74.842
2026-06-23 04:02:18,10,13,0,,0.951,76.151
2026-06-23 04:07:18,8,8,0,,0.793,76.179
2026-06-23 04:12:19,10,10,0,,0.572,76.328
2026-06-23 04:17:22,21,27,0,,0.62,70.602
2026-06-23 04:22:19,13,23,0,,0.398,74.604
2026-06-23 04:27:19,13,17,0,,0.398,74.608
2026-06-23 04:32:20,17,18,0,,0.38,74.667
2026-06-23 04:37:19,7,11,0,,0.097,78.253
2026-06-23 04:42:19,16,17,0,,0.46,73.156
2026-06-23 04:47:19,13,13,0,,0.35,76.401
2026-06-23 04:52:19,13,20,0,,-0.09,77.644
2026-06-23 04:57:19,13,17,0,,0.089,78.586
2026-06-23 05:02:22,10,13,0,,-0.018,79.662
2026-06-23 05:07:19,7,7,0,,0.249,78.239
2026-06-23 05:12:19,5,5,0,,-0.085,80.219
2026-06-23 05:17:19,7,10,0,,0.032,77.783
2026-06-23 05:22:19,22,26,0,,-0.235,77.368
2026-06-23 05:27:19,13,23,0,,-0.208,78.716
2026-06-23 05:32:19,7,7,0,,-0.275,80.654
2026-06-23 05:37:19,10,10,0,,-0.184,79.803
2026-06-23 05:42:22,16,16,0,,-0.408,79.782
2026-06-23 05:47:19,10,11,0,,0.022,76.841
2026-06-23 05:52:19,10,12,0,,0.011,77.938
2026-06-23 05:57:19,11,11,0,,-0.622,81.169
2026-06-23 06:02:19,16,16,0,,-0.229,80.439
2026-06-23 06:07:19,17,23,0,,-0.285,80.568
2026-06-23 06:12:19,16,19,0,,-0.288,79
2026-06-23 06:17:19,17,20,0,,-0.451,79.09
2026-06-23 06:22:19,20,26,0,,-0.219,80.419
2026-06-23 06:27:20,11,13,0,,-0.309,78.243
2026-06-23 06:32:19,10,13,0,,-0.227,77.473
2026-06-23 06:37:20,23,26,0,,-0.133,77.249
2026-06-23 06:42:20,18,22,0,,-0.125,77.421
2026-06-23 06:47:20,29,35,0,,-0.267,78.895
2026-06-23 06:52:22,23,25,0,,-0.317,78.989
2026-06-23 06:57:19,28,35,0,,-0.381,78.937
2026-06-23 07:02:20,10,16,0,,-0.299,77.465
2026-06-23 07:07:19,22,25,0,,-0.307,78.846
2026-06-23 07:12:20,29,29,0,,-0.523,80.048
2026-06-23 07:22:24,28,28,0,,-0.504,78.163
2026-06-23 07:27:21,17,20,0,,-0.443,76.105
2026-06-23 07:32:21,19,19,0,,-0.44,78.777
2026-06-23 07:37:24,23,28,0,,-0.614,78.409
2026-06-23 07:42:21,13,16,0,,-0.619,79.229
2026-06-23 07:47:23,12,13,0,,-0.755,79.575
2026-06-23 07:52:21,37,40,0,,-0.945,82.34
2026-06-23 07:57:21,25,27,0,,-0.619,80.055
2026-06-23 08:02:21,54,67,0,,-0.638,80.028
2026-06-23 08:07:20,12,13,0,,-0.355,77.124
2026-06-23 08:12:21,21,25,0,,-0.467,78.195
2026-06-23 08:17:22,12,12,0,,-0.16,77.875
2026-06-23 08:22:24,12,12,0,,-0.149,78.045
2026-06-23 08:27:20,12,18,0,,-0.171,77.12
2026-06-23 08:32:21,16,19,0,,-0.128,79.298
2026-06-23 08:37:21,38,40,0,,-0.157,78.31
2026-06-23 08:42:20,13,17,0,,-0.2,80.152
2026-06-23 08:47:21,25,26,0,,0.222,74.217
2026-06-23 08:52:24,16,25,0,,0.019,75.613
2026-06-23 08:57:21,10,18,0,,0.241,77.745
2026-06-23 09:02:21,11,19,0,,0.235,77.307
2026-06-23 09:07:21,5,10,0,,0.291,77.469
2026-06-23 09:12:21,10,10,0,,0.967,72.912
2026-06-23 09:17:21,8,8,0,,0.809,76.183
2026-06-23 09:22:21,11,13,0,,2.66,69.477
2026-06-23 09:27:21,8,10,0,,3.848,66.536
2026-06-23 09:32:21,22,23,0,,3.002,69.322
2026-06-23 09:37:21,122,128,0,,3.424,66.986
2026-06-23 09:42:21,17,18,0,,3.95,67.697
2026-06-23 09:47:21,42,43,0,,4.828,60.283
2026-06-23 09:52:21,60,73,0,,5.007,58.26
2026-06-23 09:57:21,51,63,0,,5.394,60.846
2026-06-23 10:02:21,45,52,0,,5.675,55.004
2026-06-23 10:07:21,31,36,0,,6.521,51.521
2026-06-23 10:12:22,25,29,0,,7.039,48.143
2026-06-23 10:17:22,25,25,0,,7.638,47.298
2026-06-23 10:22:22,31,33,0,,7.982,45.947
2026-06-23 10:27:22,28,30,0,,8.278,46.552
2026-06-23 10:32:22,30,30,0,,8.7,45.253
2026-06-23 10:37:22,30,31,0,,8.882,45.486
2026-06-23 10:42:22,29,31,0,,9.298,42.949
2026-06-23 10:47:22,22,22,0,,9.678,43.058
2026-06-23 10:52:22,20,22,0,,10.068,43.166
2026-06-23 10:57:22,9,13,0,,10.431,40.834
2026-06-23 11:02:22,9,10,0,,10.682,40.315
2026-06-23 11:07:22,19,19,0,,10.973,36.466
2026-06-23 11:12:22,16,17,0,278,11.419,35.556
2026-06-23 11:17:22,18,20,0,244,11.795,34.784
2026-06-23 11:22:22,21,21,0,254,12.271,35.903
2026-06-23 11:27:22,19,21,0,227,12.449,35.791
2026-06-23 11:32:23,17,19,0,216,13.269,33.008
2026-06-23 11:37:23,24,24,0,214,13.63,34.776
2026-06-23 11:42:22,20,20,0,205,14.455,31.949
2026-06-23 11:47:22,17,17,0,200,14.863,30.616
2026-06-23 11:52:23,11,11,0,184,14.949,31.358
2026-06-23 11:57:23,9,11,0,182,15.579,30.969
2026-06-23 12:02:22,7,7,0,182,15.673,31.371
2026-06-23 12:07:23,6,7,0,183,16.244,29.582
2026-06-23 12:12:22,8,8,0,167,16.765,28.625
2026-06-23 12:17:22,7,11,0,140,17.419,26.91
2026-06-23 12:22:22,8,8,0,133,17.24,27.77
2026-06-23 12:27:22,6,6,0,155,18.108,27.803
2026-06-23 12:32:23,9,9,0,156,17.584,28.197
2026-06-23 12:37:23,8,8,0,169,19.203,25.229
2026-06-23 12:42:23,5,5,0,152,19.633,26.444
2026-06-23 12:47:23,6,6,0,123,19.48,25.462
2026-06-23 12:52:22,6,6,0,122,19.905,24.657
2026-06-23 12:57:23,5,5,0,133,19.83,25.796
2026-06-23 13:02:23,7,7,0,115,19.665,24.577
2026-06-23 13:07:23,4,7,0,96,20.3,25.502
2026-06-23 13:12:24,5,6,0,16,20.669,25.489
2026-06-23 13:17:23,6,6,0,116,19.713,25.68
2026-06-23 13:22:24,7,7,0,95,20.028,25.397
2026-06-23 13:27:23,4,4,0,108,20.685,25.222
2026-06-23 13:32:24,6,7,0,97,20.837,24.276
2026-06-23 13:37:24,9,9,0,114,20.997,26.38
2026-06-23 13:42:24,6,6,0,99,21.379,25.548
2026-06-23 13:47:24,5,5,0,102,20.869,23.036
2026-06-23 13:52:24,3,3,0,124,21.513,24.905
2026-06-23 13:57:24,4,6,0,144,21.35,26.067
2026-06-23 14:02:24,4,4,0,87,21.75,23.654
2026-06-23 14:07:24,3,3,0,75,21.809,23.873
2026-06-23 14:12:24,3,3,0,66,21.86,22.883
2026-06-23 14:17:24,3,4,0,92,21.756,24.915
2026-06-23 14:22:24,1,1,0,52,21.539,23.736
2026-06-23 14:27:24,2,2,0,46,21.534,21.977
2026-06-23 14:32:24,0,0,0,58,21.828,22.843
2026-06-23 14:37:24,0,0,0,65,21.63,22.235
2026-06-23 14:42:24,1,1,0,57,22.137,23.009
2026-06-23 14:47:24,0,0,0,62,21.999,22.862
2026-06-23 14:52:24,0,0,0,92,21.302,22.357
2026-06-23 14:57:24,0,1,0,110,21.566,24.423
2026-06-23 15:02:24,0,0,0,84,21.395,22.735
2026-06-23 15:07:24,1,1,0,80,21.246,22.166
2026-06-23 15:12:24,1,1,0,61,21.494,21.811
2026-06-23 15:17:24,1,3,0,54,21.67,22.307
2026-06-23 15:22:24,2,2,0,54,21.502,22.66
2026-06-23 15:27:24,4,4,0,81,21.814,23.175
2026-06-23 15:32:24,2,3,0,85,20.925,30.824
2026-06-23 15:37:24,3,3,0,105,20.009,30.873
2026-06-23 15:42:25,2,2,0,99,20.025,31.367
2026-06-23 15:47:24,2,3,0,82,19.563,31.882
2026-06-23 15:52:24,4,5,0,106,20.327,32.979
2026-06-23 15:57:24,5,5,0,106,19.304,33.813
2026-06-23 16:03:22,4,4,0,105,19.32,31.861
2026-06-23 16:08:04,3,4,0,77,18.719,31.97
2026-06-23 16:12:28,4,4,0,5,18.105,32.701
2026-06-23 16:17:25,2,3,0,67,17.331,32.464
2026-06-23 16:22:25,4,4,0,70,16.193,34.454
2026-06-23 16:27:25,2,3,0,66,14.949,38.022
2026-06-23 16:32:25,2,2,0,78,14.482,38.024
2026-06-23 16:37:25,2,2,0,70,13.843,40.767
2026-06-23 16:42:25,3,4,0,81,13.592,41.74
2026-06-23 16:47:26,3,4,0,83,12.957,42.896
2026-06-23 16:52:25,4,4,0,122,12.831,43.166
2026-06-23 16:57:25,3,4,0,75,12.906,40.641
2026-06-23 17:02:25,2,2,0,95,12.444,44.362
2026-06-23 17:07:25,4,4,0,84,11.923,44.086
2026-06-23 17:12:26,1,1,0,83,11.793,44.328
2026-06-23 17:17:25,1,4,0,83,11.603,44.834
2026-06-23 17:22:25,1,1,0,72,11.795,39.846
2026-06-23 17:27:26,1,1,0,56,11.993,41.301
2026-06-23 17:32:25,1,1,0,47,11.947,39.092
2026-06-23 17:37:26,1,1,0,51,11.763,40.248
2026-06-23 17:42:26,0,0,0,57,11.376,41.242
2026-06-23 17:47:25,0,0,0,50,11.542,39.748
2026-06-23 17:52:26,0,0,0,67,10.634,43.966
2026-06-23 17:57:26,17,19,0,161,10.756,43.649
2026-06-23 18:02:26,0,0,0,64,10.842,39.914
2026-06-23 18:07:26,0,0,0,45,10.425,41.234
2026-06-23 18:12:26,0,0,0,50,10.412,40.973
2026-06-23 18:17:26,0,0,0,50,10.596,39.499
2026-06-23 18:22:26,1,1,0,41,11.05,36.233
2026-06-23 18:27:26,0,0,0,59,11.029,37.395
2026-06-23 18:32:26,0,0,0,58,10.412,39.386
2026-06-23 18:37:26,1,2,0,94,9.59,42.947
2026-06-23 18:42:25,2,2,0,92,9.464,44.071
2026-06-23 18:47:26,1,1,0,94,9.59,43.281
2026-06-23 18:52:25,1,2,0,74,10.084,38.823
2026-06-23 18:57:26,2,3,0,82,9.611,42.787
2026-06-23 19:02:26,1,1,0,93,9.104,45.484
2026-06-23 19:07:26,26,27,0,289,9.274,42.798
2026-06-23 19:12:27,7,7,0,67,9.037,45.575
2026-06-23 19:17:27,38,42,0,415,8.775,45.841
2026-06-23 19:22:27,7,7,0,208,8.086,49.001
2026-06-23 19:27:27,0,1,0,122,8.188,46.712
2026-06-23 19:32:26,6,6,0,156,8.428,44.032
2026-06-23 19:37:27,1,1,0,93,8.487,45.499
2026-06-23 19:42:27,1,1,0,89,8.244,45.627
2026-06-23 19:47:27,2,2,0,83,8.225,46.222
2026-06-23 19:52:27,1,1,0,76,8.278,45.967
2026-06-23 19:57:27,0,0,0,77,8.22,45.526
2026-06-23 20:02:27,0,1,0,64,8.553,43.769
2026-06-23 20:07:28,0,1,0,89,8.003,46.508
2026-06-23 20:12:27,7,7,0,281,7.648,49.255
2026-06-23 20:17:27,2,2,0,119,7.613,48.419
2026-06-23 20:22:28,9,9,0,206,7.21,47.914
2026-06-23 20:27:27,1,1,0,123,7.111,50.25
2026-06-23 20:32:27,1,1,0,104,7.309,47.151
2026-06-23 20:37:28,40,42,0,246,6.834,49.249
2026-06-23 20:42:27,25,29,0,312,6.569,52.841
2026-06-23 20:47:27,6,6,0,145,6.604,52.461
2026-06-23 20:52:27,2,2,0,165,6.556,51.034
2026-06-23 20:57:27,1,1,0,118,6.398,51.057
2026-06-23 21:02:27,0,1,0,126,6.273,53.525
2026-06-23 21:07:27,0,1,0,109,6.537,50.699
2026-06-23 21:12:27,28,28,0,470,6.348,54.647
2026-06-23 21:17:27,2,3,0,259,6.065,55.631
2026-06-23 21:22:27,30,33,0,382,5.766,55.633
2026-06-23 21:27:27,41,42,0,489,5.651,55.465
2026-06-23 21:32:28,41,44,0,498,5.477,53.754
2026-06-23 21:37:28,28,31,0,398,5.175,56.797
2026-06-23 21:42:27,28,30,0,290,5.571,53.081
2026-06-23 21:47:27,5,5,0,237,5.293,56.034
2026-06-23 21:52:27,3,3,0,188,5.005,59.137
2026-06-23 21:57:27,31,34,0,328,4.732,58.017
2026-06-23 22:02:28,7,7,0,174,5.127,56.133
2026-06-23 22:07:27,6,8,0,119,5.702,54.246
2026-06-23 22:12:29,6,6,0,44,5.224,55.398
2026-06-23 22:17:28,6,9,0,197,5.079,58.988
2026-06-23 22:22:28,7,10,0,184,4.911,58.83
2026-06-23 22:27:28,7,14,0,197,4.663,59.658
2026-06-23 22:32:29,9,10,0,270,4.404,62.059
2026-06-23 22:37:28,23,24,0,463,4.575,58.452
2026-06-23 22:42:29,19,21,0,313,4.35,60.737
2026-06-23 22:47:28,11,14,0,306,4.001,61.403
2026-06-23 22:52:28,18,21,0,268,4.238,59.164
2026-06-23 22:57:28,27,31,0,253,4.139,59.511
2026-06-23 23:02:28,27,27,0,301,4.187,59.143
2026-06-23 23:07:28,32,37,0,252,3.931,60.144
2026-06-23 23:12:28,29,29,0,228,4.107,61.76
2026-06-23 23:17:28,18,22,0,201,3.872,63.722
2026-06-23 23:22:28,18,21,0,177,3.766,62.057
2026-06-23 23:27:28,20,27,0,207,3.485,62.805
2026-06-23 23:32:28,29,34,0,235,3.397,64.312
2026-06-23 23:37:28,27,32,0,227,3.317,62.711
2026-06-23 23:42:29,22,24,0,213,3.413,62.559
2026-06-23 23:47:28,38,38,0,319,3.629,58.832
2026-06-23 23:52:29,24,25,0,286,3.747,58.786
2026-06-23 23:57:28,16,17,0,219,3.616,60.218
2026-06-24 00:02:29,17,21,0,200,3.41,63.398
2026-06-24 00:07:29,24,27,0,263,3.199,63.381
2026-06-24 00:12:29,12,16,0,190,3.181,63.844
2026-06-24 00:17:29,25,27,0,211,2.994,65.738
2026-06-24 00:22:28,12,15,0,202,2.994,61.735
2026-06-24 00:27:29,11,12,0,196,3.13,61.927
2026-06-24 00:32:28,26,30,0,216,3.069,65.429
2026-06-24 00:37:29,20,23,0,213,2.954,66.055
2026-06-24 00:42:29,15,15,0,203,3.055,64.264
2026-06-24 00:47:29,15,17,0,251,2.954,64.041
2026-06-24 00:52:28,15,19,0,250,2.858,63.463
2026-06-24 00:57:29,21,23,0,204,2.863,64.985
2026-06-24 01:02:29,11,12,0,214,2.762,65.719
2026-06-24 01:07:29,26,30,0,253,2.753,63.856
2026-06-24 01:12:30,12,15,0,,2.607,67.646
2026-06-24 01:17:30,11,11,0,,2.663,66.696
2026-06-24 01:22:30,11,11,0,,2.585,68.292
2026-06-24 01:27:30,19,23,0,,2.409,64.499
2026-06-24 01:32:30,8,9,0,,2.356,65.738
2026-06-24 01:37:30,15,21,0,,2.697,61.763
2026-06-24 01:42:30,12,17,0,,2.551,66.23
2026-06-24 01:47:30,32,32,0,,2.161,66.753
2026-06-24 01:52:30,20,25,0,,2.161,68.763
2026-06-24 01:57:30,12,12,0,,2.035,70.396
2026-06-24 02:02:30,7,7,0,,2.118,70.213
2026-06-24 02:07:30,7,7,0,,2.129,69.727
2026-06-24 02:12:30,5,7,0,,2.099,68.172
2026-06-24 02:17:30,8,8,0,,2.089,67.989
2026-06-24 02:22:30,4,4,0,,2.041,68.752
2026-06-24 02:27:30,4,5,0,,2.225,67.287
2026-06-24 02:32:30,9,9,0,,2.195,64.422
2026-06-24 02:37:30,16,18,0,,2.454,63.083
2026-06-24 02:42:30,17,19,0,,2.585,61.313
2026-06-24 02:47:30,9,9,0,,2.692,65.963
2026-06-24 02:52:30,7,7,0,,2.575,67.64
2026-06-24 02:57:30,5,8,0,,2.794,67.245
2026-06-24 03:02:30,7,7,0,,2.938,68.216
2026-06-24 03:07:30,8,9,0,,3.181,63.741
2026-06-24 03:12:30,19,23,0,,2.876,68.434
2026-06-24 03:17:30,26,26,0,,2.751,67.51
2026-06-24 03:22:30,16,19,0,,2.914,68.262
2026-06-24 03:27:30,9,11,0,,2.879,67.701
2026-06-24 03:32:30,15,19,0,,2.98,65.021
2026-06-24 03:37:30,30,33,0,,3.013,58.202
2026-06-24 03:42:30,22,24,0,,3.066,65.818
2026-06-24 03:47:30,22,26,0,,3.055,65.986
2026-06-24 03:52:30,9,9,0,,2.855,70.349
2026-06-24 03:57:30,5,6,0,,3.309,70.217
2026-06-24 04:02:30,9,9,0,,3.061,69.862
2026-06-24 04:07:30,8,9,0,,2.967,70.078
2026-06-24 04:12:32,9,9,0,,3.109,66.457
2026-06-24 04:17:31,6,6,0,,3.197,68.302
2026-06-24 04:22:31,7,7,0,,3.394,64.478
2026-06-24 04:27:31,12,15,0,,3.258,67.234
2026-06-24 04:32:31,11,15,0,,3.021,69.874
2026-06-24 04:37:31,15,19,0,,3.223,67.642
2026-06-24 04:42:32,20,20,0,,3.274,68.962
2026-06-24 04:47:31,22,26,0,,3.464,67.909
2026-06-24 04:52:32,46,51,0,,3.552,68.016
2026-06-24 04:57:31,15,16,0,,3.346,68.403
2026-06-24 05:02:31,17,20,0,,3.533,63.701
2026-06-24 05:07:32,27,27,0,,3.822,59.492
2026-06-24 05:12:32,15,15,0,,4.107,61.937
2026-06-24 05:17:31,10,10,0,,4.27,63.98
2026-06-24 05:22:32,8,8,0,,4.238,64.783
2026-06-24 05:27:31,9,10,0,,4.593,63.949
2026-06-24 05:32:31,12,12,0,,4.441,63.034
2026-06-24 05:37:31,8,9,0,,4.444,64.89
2026-06-24 05:42:32,9,9,0,,4.852,59.673
2026-06-24 05:47:32,8,8,0,,4.738,58.801
2026-06-24 05:52:31,9,10,0,,4.892,57.727
2026-06-24 05:57:32,25,29,0,,4.892,55.389
2026-06-24 06:02:31,21,25,0,,4.94,56.671
2026-06-24 06:07:32,45,52,0,,4.583,58.927
2026-06-24 06:12:32,15,21,0,,4.556,62.137
2026-06-24 06:17:32,11,11,0,,4.604,61.693
2026-06-24 06:22:32,29,29,0,,4.385,62.246
2026-06-24 06:27:31,26,29,0,,4.43,61.552
2026-06-24 06:32:32,15,18,0,,4.572,58.765
2026-06-24 06:37:32,24,26,0,,4.479,60.136
2026-06-24 06:42:31,16,18,0,,4.332,60.125
2026-06-24 06:47:32,23,25,0,,4.433,60.19
2026-06-24 06:52:32,39,47,0,,4.495,60.606
2026-06-24 06:57:32,14,14,0,,4.428,58.588
2026-06-24 07:02:32,23,24,0,,4.372,61.725
2026-06-24 07:07:32,16,22,0,,4.358,62.45
2026-06-24 07:12:33,9,9,0,,4.7,59.843
2026-06-24 07:17:33,75,93,0,,4.767,62.05
2026-06-24 07:22:33,21,27,0,,4.134,64.594
2026-06-24 07:27:33,9,12,0,,4.372,62.658
2026-06-24 07:32:33,8,9,0,,4.54,62.069
2026-06-24 07:37:33,9,10,0,,4.529,64.51
2026-06-24 07:42:33,10,10,0,,4.529,62.158
2026-06-24 07:47:33,9,10,0,,4.481,64.615
2026-06-24 07:52:33,9,10,0,,4.764,61.042
2026-06-24 07:57:33,20,24,0,,4.855,61.876
2026-06-24 08:02:33,17,20,0,,4.927,61.422
2026-06-24 08:07:33,21,21,0,,4.748,61.044
2026-06-24 08:12:33,18,24,0,,5.253,60.369
2026-06-24 08:17:33,12,12,0,,5.272,59.719
2026-06-24 08:22:33,9,9,0,,5.565,59.93
2026-06-24 08:27:33,25,25,0,,5.429,61.361
2026-06-24 08:32:33,26,30,0,,5.56,56.14
2026-06-24 08:37:33,29,33,0,,5.814,58.504
2026-06-24 08:42:33,26,26,0,,5.766,61.84
2026-06-24 08:47:33,14,17,0,,5.819,63.202
2026-06-24 08:52:33,17,18,0,,5.886,59.822
2026-06-24 08:57:33,9,9,0,,6.166,54.51
2026-06-24 09:02:33,9,9,0,,6.305,59.07
2026-06-24 09:07:34,46,54,0,,6.35,59.272
2026-06-24 09:12:33,42,47,0,,6.276,56.539
2026-06-24 09:17:33,22,22,0,,6.596,56.581
2026-06-24 09:22:34,15,22,0,,7.224,58.334
2026-06-24 09:27:33,22,24,0,,9.774,48.067
2026-06-24 09:32:33,29,33,0,,8.206,53.987
2026-06-24 09:37:33,22,24,0,,8.695,45.642
2026-06-24 09:42:33,18,19,0,,9.539,46.586
2026-06-24 09:47:33,8,11,0,,9.598,43.929
2026-06-24 09:52:33,6,8,0,,10.057,44.271
2026-06-24 09:57:33,16,16,0,,10.172,47.567
2026-06-24 10:02:33,26,26,0,,10.412,44.851
2026-06-24 10:07:34,28,31,0,,10.423,47.305
2026-06-24 10:12:34,33,37,0,,10.74,45.268
2026-06-24 10:17:34,21,21,0,,10.887,43.681
2026-06-24 10:22:34,17,20,0,,11.555,40.517
2026-06-24 10:27:35,5,5,0,621,12.198,36.597
2026-06-24 10:32:34,32,36,0,345,11.918,42.817
2026-06-24 10:37:35,25,25,0,324,11.873,45.438
2026-06-24 10:42:35,22,25,0,330,12.682,42.743
2026-06-24 10:47:35,25,27,0,295,13.045,40.656
2026-06-24 10:52:35,22,24,0,255,13.798,37.755
2026-06-24 10:57:35,31,34,0,283,13.982,38.362
2026-06-24 11:02:35,13,14,0,221,14.668,32.207
2026-06-24 11:07:36,16,19,0,304,14.383,33.113
2026-06-24 11:12:35,11,14,0,225,14.65,31.043
2026-06-24 11:17:34,11,12,0,228,14.92,31.814
2026-06-24 11:22:35,18,19,0,257,15.611,31.644
2026-06-24 11:27:35,14,19,0,233,16.426,29.494
2026-06-24 11:32:38,12,12,0,177,16.511,26.74
2026-06-24 11:37:35,8,9,0,190,17.59,26.477
2026-06-24 11:42:35,11,11,0,171,17.811,25.115
2026-06-24 11:47:36,7,8,0,163,18.816,25.209
2026-06-24 11:52:36,9,9,0,196,19.272,25.382
2026-06-24 11:57:35,16,17,0,218,17.972,27.808
2026-06-24 12:02:35,10,11,0,178,17.771,25.985
2026-06-24 12:07:38,6,6,0,208,18.581,25.451
2026-06-24 12:12:35,12,12,0,200,18.351,27.873
2026-06-24 12:17:35,12,15,0,201,19.408,25.804
2026-06-24 12:22:36,13,14,0,191,19.088,26.206
2026-06-24 12:27:35,13,16,0,156,18.348,25.838
2026-06-24 12:32:35,10,10,0,157,19.35,25.498
2026-06-24 12:37:35,11,12,0,159,19.502,25.214
2026-06-24 12:42:35,14,17,0,196,18.885,26.536
2026-06-24 12:47:35,11,13,0,141,19.718,26.685
2026-06-24 12:52:34,19,21,0,235,20.135,26.515
2026-06-24 12:57:35,18,18,0,150,20.055,24.659
2026-06-24 13:02:34,13,15,0,166,19.996,27.709
2026-06-24 13:07:35,12,15,0,164,20.204,26.254
2026-06-24 13:12:39,15,15,0,42,20.322,25.104
2026-06-24 13:17:36,15,15,0,192,20.095,29.449
2026-06-24 13:22:37,16,18,0,169,19.908,25.653
2026-06-24 13:27:36,13,16,0,138,20.327,25.195
2026-06-24 13:32:36,11,12,0,149,20.471,24.413
2026-06-24 13:37:38,12,13,0,120,20.215,24.577
2026-06-24 13:42:36,14,14,0,123,20.984,24.131
2026-06-24 13:47:37,11,14,0,133,21.905,25.376
2026-06-24 13:52:36,8,9,0,154,21.705,24.102
2026-06-24 13:57:37,13,14,0,159,22.314,22.78
2026-06-24 14:02:36,12,12,0,111,21.011,22.462
2026-06-24 14:07:36,8,8,0,109,21.531,22.422
2026-06-24 14:12:36,8,8,0,116,21.328,23.208
2026-06-24 14:17:37,9,11,0,122,21.037,22.828
2026-06-24 14:22:36,9,9,0,137,21.355,23.871
2026-06-24 14:27:36,9,12,0,156,21.24,25.104
2026-06-24 14:32:36,7,7,0,172,21.467,24.974
2026-06-24 14:37:36,8,9,0,150,21.051,23.864
2026-06-24 14:42:38,9,11,0,150,21.144,25.3
2026-06-24 14:47:36,8,8,0,140,21.39,23.736
2026-06-24 14:52:36,8,10,0,170,21.144,24.646
2026-06-24 14:57:40,16,18,0,217,20.957,25.609
2026-06-24 15:02:36,18,19,0,198,20.781,26.107
2026-06-24 15:07:37,8,8,0,167,20.484,29.342
2026-06-24 15:12:40,8,9,0,186,20.06,30.553
2026-06-24 15:17:36,17,19,0,261,19.782,36.201
2026-06-24 15:22:37,43,52,0,447,18.735,35.497
2026-06-24 15:27:36,7,7,0,197,17.849,40.855
2026-06-24 15:32:40,6,7,0,218,17.737,40.887
2026-06-24 15:37:36,7,7,0,204,17.886,41.477
2026-06-24 15:42:37,23,25,0,231,17.256,41.295
2026-06-24 15:47:36,36,43,0,320,17.665,41.156
2026-06-24 15:52:37,11,11,0,262,17.625,35.018
2026-06-24 15:57:37,7,8,0,213,17.654,36.208
2026-06-24 16:02:57,16,17,0,229,17.101,36.859
2026-06-24 16:07:37,32,37,0,245,17.384,39.613
2026-06-24 16:12:38,8,9,0,305,16.861,42.117
2026-06-24 16:17:38,13,15,0,266,17.008,42.728
2026-06-24 16:22:38,8,8,0,213,17.245,37.797
2026-06-24 16:27:38,6,7,0,168,17.227,35.339
2026-06-24 16:32:38,6,7,0,177,16.474,38.274
2026-06-24 16:37:38,7,7,0,180,16.508,40.239
2026-06-24 16:42:38,8,9,0,248,16.757,41.026
2026-06-24 16:47:38,37,43,0,483,16.562,38.331
2026-06-24 16:52:37,25,25,0,369,16.383,37.923
2026-06-24 16:57:38,17,22,0,164,16.837,32.043
2026-06-24 17:02:38,16,16,0,218,16.249,35.831
2026-06-24 17:07:37,8,9,0,220,16.332,36.632
2026-06-24 17:12:38,9,9,0,219,15.902,39.882
2026-06-24 17:17:37,6,7,0,181,15.619,38.432
2026-06-24 17:22:38,19,20,0,209,15.397,38.909
2026-06-24 17:27:38,5,5,0,146,15.384,38.705
2026-06-24 17:32:38,14,15,0,329,15.627,38.898
2026-06-24 17:37:38,29,30,0,374,15.336,40.956
2026-06-24 17:42:38,18,21,0,308,15.096,42.28
2026-06-24 17:47:38,8,8,0,154,14.957,35.491
2026-06-24 17:52:38,11,11,0,154,15.045,37.931
2026-06-24 17:57:38,8,8,0,163,15.117,39.089
2026-06-24 18:02:38,6,8,0,156,14.511,40.286
2026-06-24 18:07:38,12,14,0,214,14.49,42.411
2026-06-24 18:12:38,18,20,0,187,14.132,42.655
2026-06-24 18:17:38,8,8,0,135,13.822,40.975
2026-06-24 18:22:38,7,7,0,157,13.08,44.761
2026-06-24 18:27:38,8,9,0,146,12.791,44.364
2026-06-24 18:32:38,9,13,0,146,12.383,47.838
2026-06-24 18:37:38,16,20,0,280,11.841,46.417
2026-06-24 18:42:38,36,45,0,195,12.198,42.003
2026-06-24 18:47:38,10,12,0,135,11.857,42.207
2026-06-24 18:52:38,10,12,0,139,11.405,44.233
2026-06-24 18:57:38,14,18,0,160,11.443,42.938
2026-06-24 19:02:38,15,20,0,158,11.184,44.095
2026-06-24 19:07:38,18,20,0,170,11.005,43.269
2026-06-24 19:12:39,18,19,0,86,11.141,42.207
2026-06-24 19:17:39,17,19,0,174,10.999,42.135
2026-06-24 19:22:40,25,25,0,154,10.994,41.385
2026-06-24 19:27:39,19,20,0,161,10.922,40.702
2026-06-24 19:32:39,15,17,0,153,10.663,42.619
2026-06-24 19:37:39,22,22,0,241,10.783,41.633
2026-06-24 19:42:39,17,19,0,173,10.108,44.919
2026-06-24 19:47:39,22,26,0,188,9.83,47.05
2026-06-24 19:52:39,42,53,0,454,9.867,47.605
2026-06-24 19:57:39,32,33,0,394,9.63,46.771
2026-06-24 20:02:39,34,36,0,255,9.504,46.96
2026-06-24 20:07:39,44,56,0,330,9.336,48.501
2026-06-24 20:12:39,27,27,0,231,9.79,45.249
2026-06-24 20:17:39,24,26,0,195,9.763,43.928
2026-06-24 20:22:39,22,26,0,193,9.25,47.546
2026-06-24 20:27:39,26,30,0,235,9.277,46.022
2026-06-24 20:32:39,34,40,0,298,9.074,50.327
2026-06-24 20:37:39,50,62,0,326,8.714,50.348
2026-06-24 20:42:39,40,49,0,288,8.647,49.688
2026-06-24 20:47:39,36,41,0,743,8.369,51.044
2026-06-24 20:52:40,29,30,0,240,8.22,52.654
2026-06-24 20:57:39,29,33,0,443,8.116,50.804
2026-06-24 21:02:40,29,34,0,277,7.848,54.332
2026-06-24 21:07:40,31,36,0,293,7.456,53.997
2026-06-24 21:12:39,27,27,0,238,7.902,50.636
2026-06-24 21:17:40,29,33,0,248,7.536,55.307
2026-06-24 21:22:39,52,62,0,522,7.101,56.905
2026-06-24 21:27:40,37,38,0,310,7.186,55.673
2026-06-24 21:32:39,32,36,0,309,7.197,54.78
2026-06-24 21:37:40,27,31,0,268,7.055,53.064
2026-06-24 21:42:39,35,42,0,532,6.994,57.478
2026-06-24 21:47:40,31,32,0,480,6.965,56.297
2026-06-24 21:52:39,32,32,0,366,7.264,52.791
2026-06-24 21:57:40,32,34,0,361,7.071,54.843
2026-06-24 22:02:40,34,34,0,300,6.66,57.296
2026-06-24 22:07:40,44,51,0,824,6.361,59.656
2026-06-24 22:12:41,38,39,0,349,6.201,59.005
2026-06-24 22:17:40,30,34,0,490,6.073,59.532
2026-06-24 22:22:41,41,42,0,542,6.121,57.851
2026-06-24 22:27:40,31,34,0,298,6.059,60.079
2026-06-24 22:32:41,34,36,0,430,5.803,61.283
2026-06-24 22:37:41,64,82,0,457,5.95,58.017
2026-06-24 22:42:41,38,47,0,349,5.835,58.117
2026-06-24 22:47:40,43,49,0,474,5.597,60.257
2026-06-24 22:52:41,36,37,0,343,5.83,58.971
2026-06-24 22:57:40,60,73,0,548,5.456,60.23
2026-06-24 23:02:41,25,28,0,247,5.739,59.948
2026-06-24 23:07:41,23,28,0,235,5.747,57.762
2026-06-24 23:12:41,26,30,0,285,5.536,59.299
2026-06-24 23:17:40,22,23,0,252,5.437,60.621
2026-06-24 23:22:41,24,28,0,257,5.085,62.801
2026-06-24 23:27:40,39,45,0,303,5.282,59.944
2026-06-24 23:32:41,35,36,0,320,5.133,60.783
2026-06-24 23:37:41,30,31,0,278,5.106,62.034
2026-06-24 23:42:41,43,49,0,400,4.887,61.176
2026-06-24 23:47:41,39,43,0,360,4.708,60.592
2026-06-24 23:52:41,38,40,0,315,5.069,59.011
2026-06-24 23:57:41,43,51,0,403,4.572,62.771
2026-06-25 00:02:41,30,32,0,333,4.449,62.786
2026-06-25 00:07:41,35,36,0,350,4.366,62.591
2026-06-25 00:12:41,37,44,0,340,4.19,62.549
2026-06-25 00:17:41,32,33,0,616,4.3,62.986
2026-06-25 00:22:41,25,26,0,278,4.382,63.72
2026-06-25 00:27:41,21,25,0,285,4.107,62.772
2026-06-25 00:32:41,26,26,0,244,4.147,62.374
2026-06-25 00:37:41,20,25,0,202,4.222,61.264
2026-06-25 00:42:41,9,10,0,177,4.073,62.784
2026-06-25 00:47:41,12,12,0,200,3.995,64.542
2026-06-25 00:52:41,19,20,0,232,4.025,61.275
2026-06-25 00:57:41,20,22,0,221,4.39,59.417
2026-06-25 01:02:41,10,10,0,198,3.846,63.539
2026-06-25 01:07:41,16,20,0,220,3.744,63.478
2026-06-25 01:12:42,10,14,0,145,3.92,63.331
2026-06-25 01:17:42,16,16,0,239,3.725,63.047
2026-06-25 01:22:42,31,36,0,354,3.979,59.81
2026-06-25 01:27:42,10,20,0,219,3.675,63.104
2026-06-25 01:32:42,10,10,0,215,3.595,64.18
2026-06-25 01:37:42,10,14,0,188,3.496,66.202
2026-06-25 01:42:42,14,16,0,243,3.138,66.347
2026-06-25 01:47:42,17,17,0,235,3.199,66.581
2026-06-25 01:52:42,9,10,0,205,3.005,67.472
2026-06-25 01:57:42,12,12,0,193,3.199,64.298
2026-06-25 02:02:42,18,19,0,242,2.85,67.398
2026-06-25 02:07:43,10,15,0,193,2.999,67.159
2026-06-25 02:12:42,23,25,0,292,3.159,64.436
2026-06-25 02:17:43,9,9,0,238,3.306,65.124
2026-06-25 02:22:43,10,12,0,226,3.026,65.721
2026-06-25 02:27:43,31,34,0,272,3.125,64.344
2026-06-25 02:32:42,15,15,0,208,2.879,66.684
2026-06-25 02:37:43,18,19,0,228,3.055,63.717
2026-06-25 02:42:42,26,27,0,262,3.141,62.986
2026-06-25 02:47:42,22,27,0,240,3.066,65.971
2026-06-25 02:52:43,16,17,0,205,2.922,65.807
2026-06-25 02:57:42,22,24,0,230,2.892,64.756
2026-06-25 03:02:43,23,26,0,206,2.927,66.412
2026-06-25 03:07:42,12,19,0,218,2.713,67.606
2026-06-25 03:12:43,12,17,0,,2.591,67.079
2026-06-25 03:17:42,20,24,0,,2.767,64.912
2026-06-25 03:22:43,23,31,0,,2.703,67.295
2026-06-25 03:27:42,20,23,0,,2.575,67.924
2026-06-25 03:32:42,18,20,0,,2.468,66.549
2026-06-25 03:37:43,22,23,0,,2.543,68.413
2026-06-25 03:42:42,9,9,0,,2.401,68.516
2026-06-25 03:47:42,11,12,0,,2.265,69.172
2026-06-25 03:52:42,21,24,0,,2.273,66.093
2026-06-25 03:57:42,26,26,0,,2.473,65.096
2026-06-25 04:02:43,27,34,0,,2.366,68.516
2026-06-25 04:07:43,25,26,0,,2.115,69.927
2026-06-25 04:12:44,26,30,0,,2.147,67.735
2026-06-25 04:17:44,28,32,0,,2.027,69.874
2026-06-25 04:22:44,35,35,0,,2.094,66.116
2026-06-25 04:27:44,33,36,0,,2.089,65.571
2026-06-25 04:32:44,36,41,0,,2.123,65.323
2026-06-25 04:37:44,25,27,0,,2.078,67.199
2026-06-25 04:42:44,12,16,0,,2.337,65.332
2026-06-25 04:47:44,12,12,0,,2.305,66.272
2026-06-25 04:52:44,17,18,0,,1.926,70.667
2026-06-25 04:57:44,15,18,0,,1.784,68.985
2026-06-25 05:02:44,16,18,0,,1.781,67.177
2026-06-25 05:07:44,8,8,0,,1.757,70.013
2026-06-25 05:12:44,17,17,0,,1.859,67.825
2026-06-25 05:17:44,10,10,0,,1.584,69.206
2026-06-25 05:22:44,7,8,0,,2.099,71.142
2026-06-25 05:27:44,7,7,0,,1.963,70.379
2026-06-25 05:32:44,9,9,0,,1.739,68.674
2026-06-25 05:37:44,12,12,0,,2.182,63.081
2026-06-25 05:42:44,12,17,0,,1.998,67.772
2026-06-25 05:47:44,11,12,0,,2.7,62.565
2026-06-25 05:52:44,9,9,0,,2.492,62.767
2026-06-25 05:57:44,12,15,0,,2.361,62.25
2026-06-25 06:02:44,11,12,0,,1.91,69.761
2026-06-25 06:07:44,5,5,0,,2.062,70.286
2026-06-25 06:12:44,7,11,0,,1.979,69.504
2026-06-25 06:17:44,4,5,0,,2.179,65.796
2026-06-25 06:22:44,4,5,0,,2.166,66.62
2026-06-25 06:27:44,5,5,0,,2.222,66.957
2026-06-25 06:32:44,8,9,0,,2.436,63.476
2026-06-25 06:37:44,11,12,0,,2.118,66.303
2026-06-25 06:42:44,17,18,0,,1.757,70.677
2026-06-25 06:47:44,9,9,0,,1.84,65.195
2026-06-25 06:52:44,18,21,0,,2.227,62.635
2026-06-25 06:57:44,12,12,0,,1.784,68.989
2026-06-25 07:02:44,35,39,0,,1.651,69.851
2026-06-25 07:07:44,11,11,0,,2.23,62.297
2026-06-25 07:12:45,11,12,0,,2.19,66.978
2026-06-25 07:17:45,9,11,0,,1.982,66.253
2026-06-25 07:22:45,7,7,0,,2.227,64.436
2026-06-25 07:27:46,8,8,0,,2.209,65.004
2026-06-25 07:32:45,4,4,0,,2.286,65.431
2026-06-25 07:37:45,5,7,0,,2.3,65.822
2026-06-25 07:42:45,4,4,0,,2.361,62.832
2026-06-25 07:47:45,7,7,0,,2.388,64.281
2026-06-25 07:52:45,1,1,0,,2.195,68.222
2026-06-25 07:57:45,2,5,0,,2.214,67.035
2026-06-25 08:02:45,23,26,0,,2.276,65.895
2026-06-25 08:07:45,21,28,0,,2.292,64.499
2026-06-25 08:12:45,15,22,0,,2.3,63.078
2026-06-25 08:17:45,12,12,0,,2.38,61.601
2026-06-25 08:22:45,19,22,0,,2.214,63.976
2026-06-25 08:27:46,4,4,0,,2.297,67.833
2026-06-25 08:32:45,2,2,0,,2.203,69.376
2026-06-25 08:37:46,4,4,0,,2.038,70.789
2026-06-25 08:42:46,9,9,0,,1.971,71.295
2026-06-25 08:47:46,5,5,0,,2.059,69.364
2026-06-25 08:52:45,5,5,0,,2.137,68.651
2026-06-25 08:57:46,11,12,0,,2.171,65.666
2026-06-25 09:02:46,6,8,0,,2.041,70.539
2026-06-25 09:07:46,9,9,0,,2.345,66.627
2026-06-25 09:12:45,7,9,0,,2.265,70.656
2026-06-25 09:17:46,16,19,0,,2.406,66.515
2026-06-25 09:22:45,15,15,0,,5.007,60.773
2026-06-25 09:27:46,12,12,0,,5.987,59.068
2026-06-25 09:32:45,9,9,0,,4.564,59.663
2026-06-25 09:37:46,6,8,0,,5.13,61.176
2026-06-25 09:42:46,6,9,0,,5.744,58.38
2026-06-25 09:47:46,21,21,0,,6.516,57.55
2026-06-25 09:52:46,18,23,0,,7.469,55.597
2026-06-25 09:57:46,7,8,0,,8.361,50.741
2026-06-25 10:03:06,6,7,0,,9.154,49.024
2026-06-25 10:08:06,7,7,0,,9.547,46.995
2026-06-25 10:12:47,22,22,0,,9.897,46.281
2026-06-25 10:17:47,23,23,0,,10.305,46.447
2026-06-25 10:22:47,27,27,0,,10.543,43.712
2026-06-25 10:27:47,28,31,0,,10.914,42.381
2026-06-25 10:32:47,20,22,0,,11.256,37.627
2026-06-25 10:37:47,10,13,0,,11.568,37.427
2026-06-25 10:42:47,17,18,0,352,12.052,37.687
2026-06-25 10:47:47,12,14,0,308,12.449,39.43
2026-06-25 10:52:47,3,5,0,255,12.949,37.986
2026-06-25 10:57:47,3,3,0,249,13.307,36.266
2026-06-25 11:02:47,2,2,0,227,13.921,36.882
2026-06-25 11:07:47,1,1,0,224,14.506,31.85
2026-06-25 11:12:47,6,7,0,247,15.224,28.375
2026-06-25 11:17:47,3,4,0,195,16.038,27.867
2026-06-25 11:22:47,5,5,0,192,16.717,30.007
2026-06-25 11:27:47,4,4,0,180,16.92,30.652
2026-06-25 11:32:47,3,3,0,178,17.107,27.963
2026-06-25 11:37:47,2,3,0,156,17.641,25.619
2026-06-25 11:42:47,4,5,0,186,17.32,26.731
2026-06-25 11:47:47,5,5,0,172,17.739,25.811
2026-06-25 11:52:47,3,4,0,160,18.089,27.196
2026-06-25 11:57:47,7,7,0,162,17.929,27.036
2026-06-25 12:02:47,4,5,0,141,17.432,27.564
2026-06-25 12:07:47,3,4,0,217,17.595,28.543
2026-06-25 12:12:47,6,6,0,193,17.852,29.105
2026-06-25 12:17:47,2,2,0,138,18.201,29.861
2026-06-25 12:22:47,0,0,0,170,18.081,33.038
2026-06-25 12:27:47,2,2,0,193,17.881,31.367
2026-06-25 12:32:47,3,3,0,234,18.257,29.628
2026-06-25 12:37:47,4,4,0,145,19.203,27.69
2026-06-25 12:42:47,0,0,0,122,19.545,27.062
2026-06-25 12:47:47,0,1,0,133,20.482,25.001
2026-06-25 12:52:47,0,1,0,81,20.96,23.582
2026-06-25 12:57:47,2,2,0,87,20.872,24.11
2026-06-25 13:02:47,0,0,0,88,20.946,28.892
2026-06-25 13:07:47,0,0,0,106,21.513,24.831
2026-06-25 13:12:49,0,0,0,2,21.748,26.244
2026-06-25 13:17:48,0,0,0,79,21.478,24.667
2026-06-25 13:22:49,0,0,0,83,21.934,22.294
2026-06-25 13:27:48,0,0,0,47,21.756,22.555
2026-06-25 13:32:49,0,0,0,67,22.167,24.77
2026-06-25 13:42:49,0,0,0,50,22.388,24.812
2026-06-25 13:47:48,0,0,0,51,22.418,24.121
2026-06-25 13:52:49,0,0,0,56,22.314,23.387
2026-06-25 13:57:48,0,0,0,46,22.26,27.41
2026-06-25 14:02:49,0,0,0,48,22.212,25.018
2026-06-25 14:07:48,0,0,0,39,22.506,28.672
2026-06-25 14:12:48,0,0,0,52,22.752,27.307
2026-06-25 14:17:48,0,0,0,59,22.784,29.161
2026-06-25 14:22:49,0,0,0,86,23,31.661
2026-06-25 14:27:49,0,0,0,104,23.163,32.001
2026-06-25 14:32:48,0,0,0,117,23.168,32.445
2026-06-25 14:37:49,0,1,0,93,23.419,31.911
2026-06-25 14:42:48,0,0,0,52,23.331,29.037
2026-06-25 14:47:49,0,0,0,74,23.983,28.39
2026-06-25 14:52:49,0,0,0,63,24.263,27.597
2026-06-25 14:57:49,0,0,0,92,24.41,29.122
2026-06-25 15:02:49,0,0,0,48,24.605,25.735
2026-06-25 15:07:49,0,0,0,57,24.842,25.79
2026-06-25 15:12:49,0,0,0,26,24.474,25.598
2026-06-25 15:17:49,0,0,0,20,24.351,25.664
2026-06-25 15:22:49,0,0,0,0,24.589,25.409
2026-06-25 15:27:48,0,0,0,25,25.04,24.951
2026-06-25 15:32:49,0,0,0,5,24.311,24.608
2026-06-25 15:37:49,0,0,0,0,24.236,24.793
2026-06-25 15:42:49,0,0,0,38,24.306,29.386
2026-06-25 15:47:49,0,0,0,63,22.746,31.865
2026-06-25 15:52:49,0,0,0,48,22.511,31.375
2026-06-25 15:57:48,0,0,0,62,22.506,30.229
2026-06-25 16:03:23,0,0,0,31,21.344,31.69
2026-06-25 16:07:49,0,0,0,72,20.824,35.535
2026-06-25 16:12:52,0,0,0,0,20.412,34.204
2026-06-25 16:17:50,0,1,0,65,20.538,35.936
2026-06-25 16:22:50,1,1,0,28,19.328,36.384
2026-06-25 16:27:50,1,1,0,59,18.143,41.265
2026-06-25 16:32:50,0,0,0,119,17.731,42.384
2026-06-25 16:37:50,1,1,0,93,17.472,36.353
2026-06-25 16:42:50,7,7,0,74,17.649,37.612
2026-06-25 16:47:50,22,27,0,140,17.016,39.377
2026-06-25 16:52:50,3,3,0,186,15.924,43.107
2026-06-25 16:57:50,3,4,0,92,15.9,41.309
2026-06-25 17:02:50,3,3,0,120,15.608,44.246
2026-06-25 17:07:50,2,2,0,101,15.694,40.302
2026-06-25 17:12:50,4,4,0,78,15.827,39.415
