fecha,mp25_ugm3,mp10_ugm3,so2_ppb,cov_ppb,temperatura_c,humedad_pct
2026-07-03 10:47:09,30,30,0,,6.735,74.089
2026-07-03 10:52:09,67,81,0,,7.109,71.295
2026-07-06 08:03:38,2,2,0,,-0.689,92.051
2026-07-06 09:47:53,0,0,0,,3.44,77.713
2026-07-06 13:46:28,2,2,0,760,19.558,27.865
2026-07-06 13:56:30,1,1,0,134,19.878,27.566
2026-07-06 16:03:12,8,8,0,244,19.713,38.959
2026-07-06 16:21:37,0,0,0,448,17.827,39.352
2026-07-06 16:26:15,0,0,0,549,17.184,44.238
2026-07-06 16:31:14,0,0,0,587,16.241,42.322
2026-07-06 16:36:14,0,0,0,594,15.622,44.732
2026-07-06 16:41:14,0,0,0,635,14.741,46.407
2026-07-06 16:46:14,0,0,0,651,14.794,45.593
2026-07-06 16:51:14,1,1,0,645,14.332,46.003
2026-07-06 16:56:14,1,1,0,676,14.158,46.976
2026-07-06 17:01:14,3,3,0,688,13.849,47.399
2026-07-06 17:06:14,5,5,0,787,13.496,47.895
2026-07-06 17:11:14,3,3,0,694,13.445,47.588
2026-07-06 17:16:14,4,4,0,722,13.2,48.507
2026-07-06 17:21:14,4,4,0,787,12.77,50.182
2026-07-06 17:26:14,4,4,0,782,12.575,50.443
2026-07-06 17:31:14,1,1,0,698,12.567,49.468
2026-07-06 17:36:14,3,4,0,754,12.372,48.488
2026-07-06 17:41:14,4,4,0,778,12.164,50.588
2026-07-06 17:46:14,12,15,0,759,12.18,48.644
2026-07-06 17:51:14,12,13,0,772,12.07,49.232
2026-07-06 17:56:14,7,9,0,760,12.153,47.229
2026-07-06 18:01:14,4,5,0,1040,12.188,46.707
2026-07-06 18:06:14,3,3,0,740,12.182,45.778
2026-07-06 18:11:14,28,30,0,790,11.787,48.234
2026-07-06 18:16:14,14,15,0,800,11.873,50.84
2026-07-06 18:21:14,295,312,0,1801,11.248,50.561
2026-07-06 18:26:14,36,41,0,727,11.114,52.221
2026-07-06 18:31:14,57,71,0,929,11.555,49.566
2026-07-06 18:36:14,29,29,0,1119,11.381,50.628
2026-07-06 18:41:14,9,9,0,759,11.317,50.943
2026-07-06 18:46:14,3,3,0,747,11.59,47.889
2026-07-06 18:51:14,14,15,0,1165,11.373,49.179
2026-07-06 18:56:14,37,40,0,846,11.582,48.175
2026-07-06 19:01:14,20,22,0,1875,10.911,51.324
2026-07-06 19:06:15,26,28,0,1181,11.25,50.563
2026-07-06 19:11:14,7,10,0,903,11.04,51.597
2026-07-06 19:16:11,32,34,0,1585,10.724,52.389
2026-07-06 19:21:11,44,53,0,1692,10.436,53.615
2026-07-06 19:26:11,26,27,0,1098,10.66,52.251
2026-07-06 19:31:11,26,27,0,896,10.383,52.7
2026-07-06 19:36:11,68,82,0,2429,10.276,52.57
2026-07-06 19:41:11,10,12,0,901,9.913,55.116
2026-07-06 19:46:12,8,8,0,931,10.177,53.621
2026-07-06 19:51:14,67,81,0,1603,9.464,55.772
2026-07-06 19:56:11,49,60,0,866,8.847,58.723
2026-07-06 20:01:21,50,62,0,1049,9.365,52.692
2026-07-06 20:06:12,47,56,0,1647,9.448,52.793
2026-07-06 20:11:12,62,77,0,2159,9.261,53.678
2026-07-06 20:16:11,2,2,0,694,9.533,53.375
2026-07-06 20:21:11,50,62,0,1454,9.125,55.301
2026-07-06 20:26:11,27,27,0,1005,9.301,53.106
2026-07-06 20:31:11,12,14,0,845,8.871,57.214
2026-07-06 20:36:12,20,21,0,908,8.858,53.463
2026-07-06 20:41:11,54,66,0,1611,9.09,54.792
2026-07-06 20:46:12,42,49,0,1725,8.874,54.492
2026-07-06 20:51:11,53,66,0,1183,8.089,58.515
2026-07-06 20:56:11,42,48,0,1150,8.308,57.582
2026-07-06 21:01:11,36,36,0,931,8.262,56.85
2026-07-06 21:06:11,48,56,0,1616,8.132,56.84
2026-07-06 21:11:12,4,4,0,624,8.134,54.855
2026-07-06 21:16:12,6,9,0,870,8.385,53.541
2026-07-06 21:21:12,3,3,0,648,7.963,56.253
2026-07-06 21:26:12,29,29,0,1519,7.365,59.524
2026-07-06 21:31:11,4,4,0,803,7.686,60.056
2026-07-06 21:36:12,9,11,0,829,7.285,59.225
2026-07-06 21:41:12,3,3,0,773,8.158,51.731
2026-07-06 21:46:11,23,24,0,922,7.381,57.373
2026-07-06 21:51:12,26,28,0,1035,7.771,58.122
2026-07-06 21:56:11,7,7,0,758,7.563,58.395
2026-07-06 22:01:11,4,4,0,760,7.544,58.517
2026-07-06 22:06:12,19,20,0,1033,7.17,59.77
2026-07-06 22:11:12,18,22,0,916,7.264,59.093
2026-07-06 22:16:13,11,13,0,,6.986,58.42
2026-07-06 22:21:23,3,4,0,,8.097,52.877
2026-07-06 22:26:13,2,2,0,,7.509,56.936
2026-07-06 22:31:13,2,2,0,,7.336,60.159
2026-07-06 22:36:13,6,7,0,,6.796,61.38
2026-07-06 22:41:12,2,2,0,,6.831,59.879
2026-07-06 22:46:13,6,7,0,,6.545,62.86
2026-07-06 22:51:13,22,22,0,,7.119,53.987
2026-07-06 22:56:13,25,27,0,,7.253,58.475
2026-07-06 23:01:13,3,3,0,,7.32,55.284
2026-07-06 23:06:13,13,15,0,,6.836,61.927
2026-07-06 23:11:13,10,13,0,,7.111,58.643
2026-07-06 23:16:13,10,10,0,,6.959,58.096
2026-07-06 23:21:13,10,11,0,,6.537,63.589
2026-07-06 23:26:13,8,8,0,,6.254,64.228
2026-07-06 23:31:13,31,34,0,,6.46,58.294
2026-07-06 23:36:13,11,14,0,,6.417,59.061
2026-07-06 23:41:13,11,13,0,,6.5,56.064
2026-07-06 23:46:13,25,25,0,,6.532,54.349
2026-07-06 23:51:13,5,5,0,,6.746,58.317
2026-07-06 23:56:13,5,5,0,,5.824,63.747
2026-07-07 00:01:13,6,7,0,,5.763,61.237
2026-07-07 00:06:13,2,3,0,,5.987,62.366
2026-07-07 00:11:13,5,5,0,,5.448,65.172
2026-07-07 00:16:34,6,11,0,,5.579,59.518
2026-07-07 00:21:13,9,10,0,,5.293,64.577
2026-07-07 00:26:13,1,1,0,,5.224,62.484
2026-07-07 00:31:13,20,20,0,,5.37,59.362
2026-07-07 00:36:22,1,1,0,,4.852,65.569
2026-07-07 00:41:14,15,22,0,,5.181,60.632
2026-07-07 00:46:13,32,35,0,,4.727,64.048
2026-07-07 00:51:13,7,9,0,,5.32,58.446
2026-07-07 00:56:13,5,5,0,,5.71,58.3
2026-07-07 01:01:14,2,5,0,,4.748,62.9
2026-07-07 01:06:13,6,6,0,,4.892,59.61
2026-07-07 01:11:13,1,1,0,,5.293,58.427
2026-07-07 01:16:14,3,5,0,,5.181,57.05
2026-07-07 01:21:14,3,5,0,,4.863,61.456
2026-07-07 01:26:14,1,2,0,,4.719,61.021
2026-07-07 01:31:14,1,2,0,,4.631,63.562
2026-07-07 01:36:14,5,5,0,,4.388,62.33
2026-07-07 01:41:15,6,6,0,,4.652,58.879
2026-07-07 01:46:14,2,2,0,,4.422,63.348
2026-07-07 01:51:14,2,4,0,,4.083,60.917
2026-07-07 01:56:14,2,2,0,,4.588,58.458
2026-07-07 02:01:35,6,6,0,,4.003,61.613
2026-07-07 02:06:14,1,1,0,,4.831,55.089
2026-07-07 02:11:14,0,1,0,,4.727,60.068
2026-07-07 02:16:15,1,1,0,,4.27,65.62
2026-07-07 02:21:14,0,0,0,,4.377,64.962
2026-07-07 02:26:14,1,1,0,,4.238,62.406
2026-07-07 02:31:14,4,4,0,,3.968,62.797
2026-07-07 02:36:14,0,0,0,,4.644,58.092
2026-07-07 02:41:15,0,0,0,,4.345,62.41
2026-07-07 02:46:14,0,0,0,,3.568,66.847
2026-07-07 02:51:14,0,0,0,,3.779,66.713
2026-07-07 02:56:14,1,1,0,,3.589,66.757
2026-07-07 03:01:15,9,9,0,,3.496,63.852
2026-07-07 03:06:14,10,10,0,,3.808,60.415
2026-07-07 03:11:14,14,17,0,,3.899,55.009
2026-07-07 03:16:15,5,5,0,,3.771,60.571
2026-07-07 03:21:15,1,1,0,,3.608,64.743
2026-07-07 03:26:15,1,1,0,,3.79,67.329
2026-07-07 03:31:15,0,0,0,,3.466,69.303
2026-07-07 03:36:15,0,0,0,,3.76,65.118
2026-07-07 03:41:15,0,1,0,,3.696,65.508
2026-07-07 03:46:15,5,5,0,,3.709,62.584
2026-07-07 03:51:15,2,4,0,,3.915,62.175
2026-07-07 03:56:15,0,0,0,,3.835,66.307
2026-07-07 04:01:15,0,0,0,,3.525,67.997
2026-07-07 04:06:15,2,2,0,,3.576,63.717
2026-07-07 04:11:14,4,4,0,,3.645,62.288
2026-07-07 04:16:16,5,5,0,,3.846,57.924
2026-07-07 04:21:37,8,8,0,,4.187,56.266
2026-07-07 04:26:16,0,1,0,,3.632,64.96
2026-07-07 04:31:16,0,0,0,,3.458,65.256
2026-07-07 04:36:16,0,0,0,,3.611,64.779
2026-07-07 04:41:16,1,1,0,,3.458,64.695
2026-07-07 04:46:16,0,0,0,,3.029,67.022
2026-07-07 04:51:16,0,0,0,,3.103,67.522
2026-07-07 04:56:16,0,0,0,,3.189,64.207
2026-07-07 05:01:16,0,0,0,,3.047,66.127
2026-07-07 05:06:16,1,1,0,,2.919,64.554
2026-07-07 05:11:26,0,0,0,,3.199,63.005
2026-07-07 05:16:16,0,0,0,,2.882,67.335
2026-07-07 05:21:16,0,1,0,,2.836,66.95
2026-07-07 05:26:16,0,2,0,,3.189,59.843
2026-07-07 05:31:16,0,0,0,,3.274,62.874
2026-07-07 05:36:16,0,0,0,,2.996,67.016
2026-07-07 05:41:16,0,0,0,,2.836,67.516
2026-07-07 05:46:16,0,0,0,,3.087,60.735
2026-07-07 05:51:16,0,0,0,,2.844,62.662
2026-07-07 05:56:25,1,1,0,,3.103,60.76
2026-07-07 06:01:16,2,2,0,,3.055,61.203
2026-07-07 06:06:16,0,2,0,,2.839,64.781
2026-07-07 06:11:16,0,0,0,,3.33,62.28
2026-07-07 06:16:16,0,0,0,,3.138,63.202
2026-07-07 06:21:16,0,0,0,,2.852,68.512
2026-07-07 06:26:16,0,0,0,,3.373,62.647
2026-07-07 06:31:16,1,2,0,,4.9,51.321
2026-07-07 06:36:16,0,0,0,,4.289,60.747
2026-07-07 06:41:16,8,8,0,,3.859,61.809
2026-07-07 06:46:16,6,6,0,,4.059,62.965
2026-07-07 06:51:30,1,1,0,,4.062,63.171
2026-07-07 06:56:16,34,35,0,,3.875,63.795
2026-07-07 07:01:16,6,8,0,,3.792,65.416
2026-07-07 07:06:16,9,10,0,,3.859,62.454
2026-07-07 07:11:17,12,14,0,,3.603,60.365
2026-07-07 07:16:18,67,85,0,,3.525,65.519
2026-07-07 07:21:17,14,16,0,,3.445,62.883
2026-07-07 07:26:17,43,53,0,,2.713,68.212
2026-07-07 07:31:17,4,4,0,,3.456,62.33
2026-07-07 07:36:18,11,11,0,,3.344,66.089
2026-07-07 07:41:18,20,24,0,,2.804,65.561
2026-07-07 07:46:17,0,1,0,,2.687,68.651
2026-07-07 07:51:18,0,1,0,,2.743,67.405
2026-07-07 07:56:17,0,1,0,,2.948,63.852
2026-07-07 08:01:18,1,1,0,,2.914,65.994
2026-07-07 08:06:18,4,4,0,,2.815,68.292
2026-07-07 08:11:18,5,5,0,,3.269,58.536
2026-07-07 08:16:18,4,4,0,,3.469,62.288
2026-07-07 08:21:18,2,2,0,,3.589,56.932
2026-07-07 08:26:18,37,38,0,,3.181,63.478
2026-07-07 08:31:28,30,33,0,,3.619,62.83
2026-07-07 08:36:18,18,20,0,,3.376,64.409
2026-07-07 08:41:18,27,30,0,,3.41,61.794
2026-07-07 08:46:18,1,1,0,,3.771,58.307
2026-07-07 08:51:18,1,1,0,,4.302,60.539
2026-07-07 08:56:17,0,1,0,,3.547,64.491
2026-07-07 09:01:18,12,15,0,,3.744,61
2026-07-07 09:06:18,0,0,0,,3.563,62.107
2026-07-07 09:11:18,27,30,0,,4.043,59.051
2026-07-07 09:16:18,34,34,0,,3.717,63.732
2026-07-07 09:21:18,38,42,0,,3.878,57.277
2026-07-07 09:26:18,34,36,0,,7.168,52.875
2026-07-07 09:31:27,5,6,0,,8.634,51.477
2026-07-07 09:36:18,9,9,0,,8.519,50.531
2026-07-07 09:41:18,8,8,0,,7.48,54.817
2026-07-07 09:46:18,1,2,0,,7.979,51.307
2026-07-07 09:51:18,9,10,0,,8.537,49.211
2026-07-07 09:56:18,0,0,0,,8.989,47.168
2026-07-07 10:01:18,0,1,0,,9.817,42.417
2026-07-07 10:06:18,3,4,0,,10.505,38.549
2026-07-07 10:11:18,4,6,0,,10.898,37.322
2026-07-07 10:16:19,8,8,0,,11.526,40.061
2026-07-07 10:21:19,13,14,0,,11.779,36.327
2026-07-07 10:26:19,10,10,0,,12.06,39.188
2026-07-07 10:31:19,21,22,0,,12.423,38.06
2026-07-07 10:36:19,13,17,0,1232,12.973,38.104
2026-07-07 10:41:19,10,17,0,1812,13.6,39.472
2026-07-07 10:46:19,14,14,0,1321,14.028,35.89
2026-07-07 10:51:34,4,4,0,1212,14.223,29.142
2026-07-07 10:56:19,6,6,0,1288,14.711,35.154
2026-07-07 11:01:19,2,2,0,1317,14.887,30.175
2026-07-07 11:06:19,2,2,0,1253,15.451,29.237
2026-07-07 11:11:19,4,4,0,1282,15.942,30.192
2026-07-07 11:16:19,5,5,0,1406,16.273,30.091
2026-07-07 11:21:19,4,5,0,1877,16.741,32.02
2026-07-07 11:26:19,5,9,0,1351,17.475,26.902
2026-07-07 11:31:19,11,11,0,2460,18.057,26.797
2026-07-07 11:36:19,9,9,0,2006,18.821,28.844
2026-07-07 11:41:19,5,5,0,1426,19.243,28.613
2026-07-07 11:46:19,1,1,0,1205,19.51,30.236
2026-07-07 11:51:19,4,4,0,1249,19.2,26.66
2026-07-07 11:56:28,10,14,0,1709,20.792,30.606
2026-07-07 12:01:19,5,7,0,1344,21.165,30.406
2026-07-07 12:06:19,1,4,0,1244,21.379,25.996
2026-07-07 12:11:20,1,1,0,1454,21.497,27.251
2026-07-07 12:16:19,0,0,0,1209,22.015,30.732
2026-07-07 12:21:19,1,2,0,1299,22.509,25.691
2026-07-07 12:26:19,3,3,0,1329,22.808,27.145
2026-07-07 12:31:19,0,0,0,1318,23.16,28.491
2026-07-07 12:36:19,4,5,0,1331,23.489,25.235
2026-07-07 12:41:19,0,0,0,1203,23.497,24.911
2026-07-07 12:46:19,0,0,0,1261,23.916,23.541
2026-07-07 12:51:19,0,0,0,1140,23.638,21.636
2026-07-07 12:56:19,0,0,0,1187,23.392,21.34
2026-07-07 13:01:19,2,7,0,2124,24.119,25.418
2026-07-07 13:06:19,0,0,0,1943,24.829,24.24
2026-07-07 13:11:20,0,0,0,1240,25.214,22.281
2026-07-07 13:16:21,0,0,0,893,25.684,21.081
2026-07-07 13:21:20,0,0,0,1585,25.609,20.974
2026-07-07 13:26:20,0,0,0,2231,25.417,21.491
2026-07-07 13:31:20,0,0,0,934,25.19,18.493
2026-07-07 13:36:21,0,0,0,1164,25.574,22.683
2026-07-07 13:41:20,0,0,0,1063,25.529,23.614
2026-07-07 13:46:21,0,0,0,1045,25.483,21.174
2026-07-07 13:51:20,0,0,0,989,25.684,18.922
2026-07-07 13:56:21,0,0,0,984,25.542,18.792
2026-07-07 14:01:20,0,0,0,980,25.745,19.027
2026-07-07 14:06:21,0,0,0,1486,26.124,22.515
2026-07-07 14:11:20,0,0,0,1062,25.593,21.455
2026-07-07 14:16:21,0,0,0,983,26.055,22.283
2026-07-07 14:21:20,0,0,0,1609,26.255,24.308
2026-07-07 14:26:21,1,1,0,1067,25.513,20.614
2026-07-07 14:31:21,0,0,0,1270,25.101,29.695
2026-07-07 14:36:21,0,0,0,1119,25.507,27.249
2026-07-07 14:41:21,0,0,0,1004,24.706,27.946
2026-07-07 14:46:21,0,0,0,1366,25.31,30.278
2026-07-07 14:51:21,0,0,0,1098,25.067,32.418
2026-07-07 14:56:21,0,0,0,1177,24.802,31.64
2026-07-07 15:01:21,0,0,0,1349,25.417,30.078
2026-07-07 15:06:29,0,0,0,1319,26.057,29.494
2026-07-07 15:11:21,0,0,0,963,25.817,26.355
2026-07-07 15:16:21,0,0,0,984,26.808,26.91
2026-07-07 15:21:21,0,0,0,1056,26.477,24.249
2026-07-07 15:26:21,0,0,0,1115,24.346,31.675
2026-07-07 15:31:21,0,0,0,952,22.72,30.069
2026-07-07 15:36:21,0,0,0,964,22.007,32.912
2026-07-07 15:41:21,0,0,0,935,21.603,35.489
2026-07-07 15:46:21,0,0,0,937,21.865,30.946
2026-07-07 15:51:21,0,0,0,948,21.78,36.435
2026-07-07 15:56:21,0,0,0,952,22.362,36.248
2026-07-07 16:03:15,0,0,0,1195,22.671,36.58
2026-07-07 16:06:21,0,0,0,973,22.479,37.53
2026-07-07 16:11:21,3,3,0,1322,21.929,39.016
2026-07-07 16:16:22,0,0,0,881,21.582,38.198
2026-07-07 16:21:22,0,0,0,1043,21.529,37.631
2026-07-07 16:26:22,0,0,0,984,20.885,34.936
2026-07-07 16:31:29,0,0,0,946,20.882,37.265
2026-07-07 16:36:22,0,0,0,985,20.482,37.021
2026-07-07 16:41:22,0,0,0,991,20.028,37.078
2026-07-07 16:46:22,0,0,0,997,19.633,37.343
2026-07-07 16:51:22,0,0,0,922,19.494,39.672
2026-07-07 16:56:22,0,0,0,974,19.253,39.92
2026-07-07 17:01:22,0,0,0,1026,18.989,41.141
2026-07-07 17:06:22,2,3,0,1728,18.463,42.367
2026-07-07 17:11:22,0,1,0,931,18.693,37.614
2026-07-07 17:16:22,1,1,0,927,19.088,33.988
2026-07-07 17:21:22,0,0,0,1232,18.658,37.187
2026-07-07 17:26:22,0,1,0,1040,18.583,35.316
2026-07-07 17:31:22,1,1,0,1031,18.762,36.929
2026-07-07 17:36:32,0,0,0,1166,18.631,35.018
2026-07-07 17:41:22,34,38,0,1400,18.661,31.457
2026-07-07 17:46:22,0,0,0,943,18.476,33.105
2026-07-07 17:51:22,1,1,0,907,18.706,31.783
2026-07-07 17:56:22,0,0,0,1006,18.03,32.26
2026-07-07 18:01:22,4,4,0,1195,17.531,36.418
2026-07-07 18:06:22,3,4,0,1089,17.865,32.052
2026-07-07 18:11:22,0,0,0,1201,18.257,30.749
2026-07-07 18:16:22,0,0,0,908,17.969,32.016
2026-07-07 18:21:22,0,0,0,858,17.916,32.405
2026-07-07 18:26:22,1,1,0,912,17.758,33.631
2026-07-07 18:31:22,1,1,0,920,17.339,35.896
2026-07-07 18:36:23,5,5,0,1476,17.181,37.259
2026-07-07 18:41:22,4,4,0,1012,17.112,36.741
2026-07-07 18:46:23,12,12,0,1387,17.042,34.867
2026-07-07 18:51:23,4,5,0,997,17.261,34.98
2026-07-07 18:56:22,34,40,0,1619,17.641,34.095
2026-07-07 19:01:22,5,5,0,1027,17.582,33.719
2026-07-07 19:06:22,9,9,0,1082,17.654,32.811
2026-07-07 19:11:23,22,22,0,1241,17.71,32.93
2026-07-07 19:16:24,5,5,0,899,16.775,37.065
2026-07-07 19:21:24,9,11,0,1343,16.885,38.652
2026-07-07 19:26:23,4,5,0,1305,16.612,41.068
2026-07-07 19:31:33,35,40,0,1457,16.663,35.007
2026-07-07 19:36:24,26,26,0,1283,16.952,33.105
2026-07-07 19:41:31,14,18,0,1275,16.463,36.821
2026-07-07 19:46:24,12,13,0,1104,16.906,33.836
2026-07-07 19:51:23,20,21,0,1346,16.327,35.468
2026-07-07 19:56:24,16,17,0,1222,16.233,37.175
2026-07-07 20:01:24,6,6,0,1006,16.332,36.206
2026-07-07 20:06:24,6,6,0,1013,15.806,39.697
2026-07-07 20:11:24,5,5,0,1066,15.742,38.799
2026-07-07 20:16:24,6,6,0,1124,15.678,41.78
2026-07-07 20:21:24,20,20,0,1311,15.227,40.96
2026-07-07 20:26:24,29,30,0,1486,15.475,39.521
2026-07-07 20:31:24,11,11,0,1140,15.6,38.041
2026-07-07 20:36:24,15,16,0,1398,15.136,41.402
2026-07-07 20:41:24,15,16,0,1357,14.933,40.181
2026-07-07 20:46:24,8,8,0,975,15.563,38.505
2026-07-07 20:51:24,7,9,0,1012,15.013,40.546
2026-07-07 20:56:34,5,6,0,917,14.858,40.75
2026-07-07 21:01:24,7,7,0,1009,14.324,43.516
2026-07-07 21:06:24,21,23,0,1155,14.463,41.341
2026-07-07 21:11:24,21,23,0,1082,14.132,45.091
2026-07-07 21:16:24,17,19,0,1186,14.522,41.248
2026-07-07 21:21:24,39,47,0,3380,14.03,46.295
2026-07-07 21:26:24,7,9,0,850,13.937,43.933
2026-07-07 21:31:24,8,8,0,972,13.539,47.897
2026-07-07 21:36:24,27,28,0,1631,13.4,47.731
2026-07-07 21:41:24,3,4,0,886,13.715,43.758
2026-07-07 21:46:24,14,15,0,1369,13.296,48.089
2026-07-07 21:51:30,6,6,0,932,12.943,48.803
2026-07-07 21:56:24,7,8,0,1025,13.101,46.962
2026-07-07 22:01:24,35,39,0,1485,12.885,47.161
2026-07-07 22:06:25,39,44,0,2626,12.893,47.073
2026-07-07 22:11:24,2,2,0,835,13.611,41.528
2026-07-07 22:16:25,20,20,0,2723,12.754,48.337
2026-07-07 22:21:25,7,9,0,944,12.692,46.483
2026-07-07 22:26:25,4,4,0,1014,13.344,43.828
2026-07-07 22:31:34,7,7,0,1149,12.927,45.102
2026-07-07 22:36:32,10,10,0,1219,12.19,50.731
2026-07-07 22:41:25,8,8,0,1166,12.273,51.076
2026-07-07 22:46:25,4,6,0,1241,12.142,49.888
2026-07-07 22:51:25,5,6,0,1130,12.401,47.098
2026-07-07 22:56:46,10,10,0,1277,12.241,50.582
2026-07-07 23:01:25,7,7,0,1240,11.998,51.296
2026-07-07 23:06:25,3,3,0,918,12.364,44.958
2026-07-07 23:11:26,3,3,0,1037,12.263,47.767
2026-07-07 23:16:25,27,27,0,1930,11.889,50.256
2026-07-07 23:21:25,9,10,0,1358,11.59,50.435
2026-07-07 23:26:25,12,15,0,1274,11.509,49.505
2026-07-07 23:31:25,5,5,0,1043,11.809,47.601
2026-07-07 23:36:32,6,8,0,992,11.507,48.425
2026-07-07 23:41:25,4,5,0,987,11.181,47.943
2026-07-07 23:46:28,1,1,0,904,11.761,43.289
2026-07-07 23:51:25,0,0,0,837,11.854,42.665
2026-07-07 23:56:25,2,2,0,913,13.184,37.372
2026-07-08 00:01:26,3,3,0,965,11.726,47.107
2026-07-08 00:06:25,21,21,0,1308,11.034,48.879
2026-07-08 00:11:25,3,3,0,975,10.877,49.02
2026-07-08 00:16:25,7,7,0,970,10.837,47.315
2026-07-08 00:21:25,2,2,0,917,11.178,45.827
2026-07-08 00:26:26,2,3,0,877,12.14,40.956
2026-07-08 00:31:25,8,9,0,1067,11.152,48.891
2026-07-08 00:36:26,10,10,0,1071,10.692,52.206
2026-07-08 00:41:25,8,9,0,1074,10.249,54.204
2026-07-08 00:46:25,15,18,0,1105,10.027,53.508
2026-07-08 00:51:26,14,15,0,1039,10.527,50.779
2026-07-08 00:56:25,8,8,0,1027,11.67,42.814
2026-07-08 01:01:26,8,9,0,947,11.846,42.131
2026-07-08 01:06:26,5,7,0,1029,11.448,46.388
2026-07-08 01:11:25,6,6,0,1092,11.218,47.033
2026-07-08 01:16:27,8,9,0,915,12.017,41.757
2026-07-08 01:21:27,5,7,0,1130,12.324,42.625
2026-07-08 01:26:26,8,8,0,1107,12.639,43.51
2026-07-08 01:31:27,6,8,0,1155,13.17,42.083
2026-07-08 01:36:27,8,8,0,1083,13.264,43.739
2026-07-08 01:41:26,9,9,0,1192,12.588,44.143
2026-07-08 01:46:27,21,22,0,1287,13.005,45.629
2026-07-08 01:51:27,23,25,0,1241,13.389,45.831
2026-07-08 01:56:27,22,24,0,1244,13.437,45.36
2026-07-08 02:01:26,22,25,0,1166,12.674,48.181
2026-07-08 02:06:27,15,17,0,1142,11.889,51.689
2026-07-08 02:11:27,13,16,0,1093,11.614,52.745
2026-07-08 02:16:27,12,14,0,1030,11.216,54.647
2026-07-08 02:21:27,17,17,0,1080,10.911,54.756
2026-07-08 02:26:27,13,13,0,1082,11.643,50.01
2026-07-08 02:31:27,12,13,0,1049,11.08,52.37
2026-07-08 02:36:27,13,19,0,1052,11.341,52.026
2026-07-08 02:41:27,16,16,0,1026,11.686,49.455
2026-07-08 02:46:27,9,9,0,1021,11.672,49.743
2026-07-08 02:51:27,9,10,0,1024,11.493,52.331
2026-07-08 02:56:27,9,10,0,1023,11.678,50.888
2026-07-08 03:01:27,14,14,0,991,11.459,52.408
2026-07-08 03:06:27,10,10,0,968,11.485,52.091
2026-07-08 03:11:27,10,15,0,1052,11.68,50.376
2026-07-08 03:16:27,8,9,0,965,11.368,54.95
2026-07-08 03:21:27,20,20,0,1095,10.516,57.222
2026-07-08 03:26:27,12,12,0,1017,10.783,57.003
2026-07-08 03:31:37,13,13,0,985,10.799,57.926
2026-07-08 03:36:27,17,21,0,1072,10.692,56.943
2026-07-08 03:41:27,18,21,0,1040,10.551,56.354
2026-07-08 03:46:27,12,12,0,1023,10.778,57.565
2026-07-08 03:51:27,18,25,0,988,10.361,58.401
2026-07-08 03:56:27,22,23,0,1095,10.628,55.555
2026-07-08 04:01:27,21,23,0,990,10.634,55.318
2026-07-08 04:06:27,25,27,0,940,10.682,58.296
2026-07-08 04:11:27,26,27,0,997,10.586,59.427
2026-07-08 04:16:28,25,27,0,949,10.436,61.33
2026-07-08 04:21:28,23,27,0,1130,10.284,60.287
2026-07-08 04:26:28,18,23,0,1135,10.369,58.223
2026-07-08 04:31:28,20,22,0,1100,10.105,60.976
2026-07-08 04:36:28,18,21,0,1117,9.969,62.04
2026-07-08 04:41:28,17,21,0,1174,9.982,60.724
2026-07-08 04:46:28,20,22,0,1132,9.867,61.174
2026-07-08 04:51:28,22,27,0,1440,9.477,65.002
2026-07-08 04:56:28,20,24,0,1112,9.627,62.891
2026-07-08 05:01:28,20,23,0,988,9.395,64.928
2026-07-08 05:06:28,27,29,0,1104,9.387,60.571
2026-07-08 05:11:28,26,27,0,973,9.587,63.949
2026-07-08 05:16:28,26,26,0,1036,9.464,63.493
2026-07-08 05:21:28,24,28,0,1093,9.389,61.668
2026-07-08 05:26:28,26,26,0,997,9.074,62.94
2026-07-08 05:31:28,16,17,0,1015,9.635,60.287
2026-07-08 05:36:29,13,15,0,1011,9.865,58.158
2026-07-08 05:41:28,15,19,0,1007,9.306,63.289
2026-07-08 05:46:28,10,13,0,1031,10.217,53.941
2026-07-08 05:51:36,14,19,0,1010,10.281,56.779
2026-07-08 05:56:28,16,19,0,1017,9.627,60.245
2026-07-08 06:01:28,18,20,0,1041,9.549,60.066
2026-07-08 06:06:29,16,17,0,981,9.75,57.941
2026-07-08 06:11:28,15,19,0,944,9.67,57.655
2026-07-08 06:16:34,8,8,0,930,10.15,53.625
2026-07-08 06:21:28,10,13,0,968,10.289,51.588
2026-07-08 06:26:29,13,15,0,1202,9.742,59.23
2026-07-08 06:31:29,10,16,0,1068,9.6,57.979
2026-07-08 06:36:28,9,10,0,974,9.512,60.442
2026-07-08 06:41:29,7,7,0,925,9.659,60.966
2026-07-08 06:46:28,7,7,0,854,9.531,60.522
2026-07-08 06:51:29,7,7,0,983,9.274,61.811
2026-07-08 06:56:28,7,7,0,913,9.624,54.96
2026-07-08 07:01:29,7,7,0,1202,9.515,59.545
2026-07-08 07:06:29,9,9,0,953,9.565,57.64
2026-07-08 07:11:29,14,15,0,1424,9.587,58.971
2026-07-08 07:16:30,23,28,0,1342,9.298,61.885
2026-07-08 07:21:30,16,16,0,1082,9.427,60.377
2026-07-08 07:26:30,14,15,0,1243,9.336,60.625
2026-07-08 07:31:30,14,15,0,1142,9.384,59.745
2026-07-08 07:36:30,13,17,0,1106,9.013,59.681
2026-07-08 07:41:30,14,15,0,1056,9.154,58.284
2026-07-08 07:46:30,8,10,0,970,9.149,58.349
2026-07-08 07:51:30,9,10,0,1023,9.282,57.638
2026-07-08 07:56:30,21,24,0,1004,9.477,55.414
2026-07-08 08:01:30,27,31,0,1072,9.237,58.612
2026-07-08 08:06:30,14,20,0,1070,9.437,52.671
2026-07-08 08:11:30,21,22,0,1041,9.584,54.405
2026-07-08 08:16:30,15,22,0,1370,9.427,58.727
2026-07-08 08:21:30,10,10,0,1098,9.696,50.271
2026-07-08 08:26:30,16,20,0,1021,10.193,49.692
2026-07-08 08:31:30,18,21,0,1333,10.027,55.574
2026-07-08 08:36:37,10,14,0,1129,10.03,55.32
2026-07-08 08:41:30,33,36,0,2739,9.891,58.08
2026-07-08 08:46:30,22,26,0,1616,9.838,57.21
2026-07-08 08:51:30,29,29,0,1250,9.891,58.273
2026-07-08 08:56:38,32,33,0,3424,10.124,59.703
2026-07-08 09:01:30,35,41,0,1921,9.942,58.879
2026-07-08 09:06:30,28,28,0,981,10.217,55.179
2026-07-08 09:11:30,44,51,0,1670,11.069,55.294
2026-07-08 09:16:30,28,30,0,1231,11.323,57.088
2026-07-08 09:21:30,40,46,0,1614,11.299,60.745
2026-07-08 09:26:30,37,41,0,1337,11.005,62.742
2026-07-08 09:31:30,35,36,0,1278,11.026,59.814
2026-07-08 09:36:30,46,57,0,1453,11.05,56.861
2026-07-08 09:41:30,51,63,0,1390,11.459,58.128
2026-07-08 09:46:30,40,46,0,1090,11.275,54.092
2026-07-08 09:51:30,45,53,0,1196,10.815,53.876
2026-07-08 09:56:30,50,58,0,1433,11.456,54.491
2026-07-08 10:01:30,45,54,0,1244,11.75,56.749
2026-07-08 10:06:30,48,57,0,1602,11.83,55.292
2026-07-08 10:11:30,53,64,0,1511,11.552,55.633
2026-07-08 10:16:31,54,69,0,1798,11.899,57.069
2026-07-08 10:21:32,50,62,0,1373,12.004,58.496
2026-07-08 10:26:31,44,51,0,1337,11.819,55.746
2026-07-08 10:31:32,51,60,0,1799,11.456,56.36
2026-07-08 10:36:31,42,49,0,1397,11.638,55.011
2026-07-08 10:41:31,50,63,0,1651,11.947,55.738
2026-07-08 10:46:31,44,52,0,1376,12.247,56.339
2026-07-08 10:51:32,49,57,0,1708,12.337,56.221
2026-07-08 10:56:31,48,57,0,1545,12.212,54.298
2026-07-08 11:01:32,50,62,0,1498,12.54,55.585
2026-07-08 11:06:31,48,57,0,1171,12.562,57.401
2026-07-08 11:11:31,43,53,0,1255,12.332,55.784
2026-07-08 11:16:32,45,53,0,1240,12.49,48.028
2026-07-08 11:21:32,54,66,0,1441,12.612,49.676
2026-07-08 11:26:38,45,54,0,1186,12.69,54.441
2026-07-08 11:31:31,29,31,0,1130,12.981,56.568
2026-07-08 11:36:32,39,45,0,1249,13.202,57.111
2026-07-08 11:41:32,54,68,0,1618,13.464,52.444
2026-07-08 11:46:32,50,61,0,1227,13.63,54.723
2026-07-08 11:51:32,45,54,0,1157,13.616,50.455
2026-07-08 11:56:31,43,52,0,1226,14.097,47.714
2026-07-08 12:01:32,45,54,0,1228,14.479,49.098
2026-07-08 12:06:31,42,49,0,1058,15.224,45.287
2026-07-08 12:11:32,39,48,0,1017,15.574,42.528
2026-07-08 12:16:32,34,36,0,915,16.084,38.015
2026-07-08 12:21:32,37,42,0,1338,16.426,36.874
2026-07-08 12:26:32,35,38,0,905,16.864,40.895
2026-07-08 12:31:32,34,36,0,864,17.475,35.703
2026-07-08 12:36:32,33,37,0,847,17.745,34.967
2026-07-08 12:41:32,33,36,0,863,17.635,35.415
2026-07-08 12:46:31,30,35,0,914,18.629,34.213
2026-07-08 12:51:32,32,35,0,930,18.746,34.263
2026-07-08 12:56:32,28,30,0,926,18.607,31.56
2026-07-08 13:01:32,29,30,0,869,18.805,30.988
2026-07-08 13:06:32,28,28,0,917,19.515,29.952
2026-07-08 13:11:32,29,32,0,822,19.78,30.229
2026-07-08 13:16:33,33,38,0,630,19.43,28.764
2026-07-08 13:21:33,77,78,0,1205,19.419,29.233
2026-07-08 13:26:33,121,125,0,1226,19.817,27.068
2026-07-08 13:31:33,59,69,0,1199,19.494,30.555
2026-07-08 13:36:45,48,60,0,1140,19.86,32.336
2026-07-08 13:41:33,53,66,0,1233,19.836,32.666
2026-07-08 13:46:33,55,67,0,1298,19.91,30.835
2026-07-08 13:51:33,51,62,0,1032,19.665,28.997
2026-07-08 13:56:33,49,62,0,1028,19.681,29.34
2026-07-08 14:01:33,49,61,0,907,19.181,32.653
2026-07-08 14:06:33,35,38,0,865,19.424,33.992
2026-07-08 14:11:33,31,34,0,881,19.462,35.218
2026-07-08 14:16:33,33,35,0,966,19.195,35.979
2026-07-08 14:21:33,33,36,0,873,19.288,32.216
2026-07-08 14:26:33,32,35,0,931,19.502,34.013
2026-07-08 14:31:33,30,34,0,918,19.051,34.606
2026-07-08 14:36:33,32,35,0,1232,19.512,34.448
2026-07-08 14:41:33,38,46,0,1019,19.024,38.266
2026-07-08 14:46:33,32,35,0,918,19.176,39.783
2026-07-08 14:51:33,31,34,0,843,18.701,36.54
2026-07-08 14:56:33,31,35,0,844,18.669,38.45
2026-07-08 15:01:33,31,34,0,1263,18.837,40.881
2026-07-08 15:06:33,32,35,0,934,19.107,37.648
2026-07-08 15:11:34,33,37,0,866,18.762,39.472
2026-07-08 15:16:33,33,36,0,866,18.431,40.544
2026-07-08 15:21:33,41,49,0,1195,18.778,41.641
2026-07-08 15:26:33,33,38,0,876,18.559,38.993
2026-07-08 15:31:33,33,37,0,1052,18.842,38.234
2026-07-08 15:36:34,29,30,0,896,18.735,37.606
2026-07-08 15:41:33,28,30,0,930,18.589,40.605
2026-07-08 15:46:33,29,32,0,881,18.089,39.781
2026-07-08 15:51:33,32,33,0,1040,18.089,42.386
2026-07-08 15:56:40,41,50,0,1054,17.534,44.158
2026-07-08 16:03:17,30,31,0,855,17.758,46.781
2026-07-08 16:06:45,30,34,0,897,17.598,40.921
2026-07-08 16:11:33,27,29,0,874,17.635,44.929
2026-07-08 16:16:34,26,28,0,910,17.598,45.329
2026-07-08 16:21:35,24,28,0,1007,17.016,49.488
2026-07-08 16:26:34,24,27,0,947,17.107,48.73
2026-07-08 16:31:34,24,26,0,1778,16.575,51.486
2026-07-08 16:36:35,22,24,0,979,16.313,50.502
2026-07-08 16:41:34,23,23,0,735,15.974,51.13
2026-07-08 16:46:35,29,30,0,880,15.977,48.515
2026-07-08 16:51:35,27,27,0,1334,15.691,53.592
2026-07-08 16:56:34,24,25,0,852,15.673,49.182
2026-07-08 17:01:35,25,27,0,768,15.277,47.782
2026-07-08 17:06:34,36,41,0,842,15.074,48.868
2026-07-08 17:11:35,21,21,0,860,14.986,50.588
2026-07-08 17:16:34,20,20,0,746,14.807,47.475
2026-07-08 17:21:35,13,14,0,677,14.415,49.549
2026-07-08 17:26:35,13,14,0,655,14.094,49.84
2026-07-08 17:31:35,8,8,0,651,14.356,45.495
2026-07-08 17:36:35,47,57,0,1020,13.843,51.395
2026-07-08 17:41:35,81,85,0,3812,13.921,50.746
2026-07-08 17:46:35,21,25,0,699,14.215,45.589
2026-07-08 17:51:35,27,27,0,760,13.841,49.673
2026-07-08 17:56:34,19,20,0,640,14.057,47.317
2026-07-08 18:01:35,28,29,0,940,13.905,50.395
2026-07-08 18:06:35,39,49,0,843,13.779,51.795
2026-07-08 18:11:35,33,36,0,821,13.779,48.488
2026-07-08 18:16:35,37,45,0,1363,13.576,52.366
2026-07-08 18:21:35,25,27,0,877,13.747,48.454
2026-07-08 18:26:35,24,26,0,1089,13.827,50.512
2026-07-08 18:31:35,24,25,0,619,13.4,50.413
2026-07-08 18:36:35,25,26,0,666,13.205,51.399
2026-07-08 18:41:35,32,32,0,1541,13.245,54.307
2026-07-08 18:46:35,21,21,0,951,13.101,53.119
2026-07-08 18:51:38,28,30,0,945,12.957,51.504
2026-07-08 18:56:42,25,25,0,800,13.064,53.285
2026-07-08 19:01:35,30,34,0,1227,12.757,53.981
2026-07-08 19:06:35,10,12,0,611,13.149,49.888
2026-07-08 19:11:35,21,22,0,773,12.837,54.227
2026-07-08 19:16:36,21,24,0,670,12.951,50.798
2026-07-08 19:21:45,19,21,0,702,12.794,51.988
2026-07-08 19:26:36,10,10,0,673,13.421,44.965
2026-07-08 19:31:36,17,21,0,640,13.416,47.775
2026-07-08 19:36:36,14,15,0,647,13.245,47.262
2026-07-08 19:41:36,15,17,0,695,13.331,48.589
2026-07-08 19:46:36,39,45,0,887,13.237,52.314
2026-07-08 19:51:36,33,37,0,1002,12.626,53.195
2026-07-08 19:56:36,27,29,0,793,13.032,48.356
2026-07-08 20:01:36,39,44,0,804,13.384,45.776
2026-07-08 20:06:36,33,36,0,783,13.138,50.682
2026-07-08 20:11:36,72,83,0,2209,12.839,50.594
2026-07-08 20:16:36,39,47,0,745,13.165,47.164
2026-07-08 20:21:36,35,38,0,714,12.903,53.293
2026-07-08 20:26:36,37,42,0,901,12.749,53.445
2026-07-08 20:31:36,38,42,0,950,12.869,49.028
2026-07-08 20:36:36,35,38,0,1063,12.77,53.361
2026-07-08 20:41:37,27,29,0,693,12.487,54.142
2026-07-08 20:46:36,21,22,0,703,12.626,54.66
2026-07-08 20:51:36,29,31,0,945,12.367,55.437
2026-07-08 20:56:36,36,38,0,823,12.351,54.658
2026-07-08 21:01:36,36,39,0,1292,12.086,55.494
2026-07-08 21:06:36,32,33,0,732,12.516,50.064
2026-07-08 21:11:36,22,24,0,668,12.449,50.901
2026-07-08 21:16:36,25,26,0,647,12.639,49.064
2026-07-08 21:21:36,27,28,0,651,12.821,48.58
2026-07-08 21:26:36,37,41,0,838,12.49,52.669
2026-07-08 21:31:36,36,38,0,882,12.385,53.987
2026-07-08 21:36:36,32,33,0,726,12.506,52.913
2026-07-08 21:41:36,36,39,0,824,12.62,52.28
2026-07-08 21:46:36,34,37,0,936,12.423,55.625
2026-07-08 21:51:37,39,45,0,1166,12.295,54.767
2026-07-08 21:56:36,40,46,0,971,12.247,54.531
2026-07-08 22:01:37,37,42,0,807,12.161,56.69
2026-07-08 22:06:46,42,51,0,979,11.953,56.076
2026-07-08 22:11:37,37,41,0,836,12.086,53.417
2026-07-08 22:16:38,36,40,0,659,12.412,50.802
2026-07-08 22:21:37,34,42,0,761,12.097,53.718
2026-07-08 22:26:38,44,53,0,1419,12.252,54.178
2026-07-08 22:31:37,40,49,0,1080,12.417,51.42
2026-07-08 22:36:38,44,54,0,839,12.134,55.526
2026-07-08 22:41:38,56,71,0,1221,12.124,54.996
2026-07-08 22:46:38,38,42,0,824,12.212,55.059
2026-07-08 22:51:38,40,46,0,840,12.343,53.199
2026-07-08 22:56:38,48,58,0,1248,11.953,54.256
2026-07-08 23:01:37,34,41,0,765,12.086,52.433
2026-07-08 23:06:38,29,29,0,734,12.351,49.804
2026-07-08 23:11:37,37,41,0,756,12.543,49.341
2026-07-08 23:16:38,36,39,0,729,12.273,54.04
2026-07-08 23:21:37,32,34,0,799,11.987,53.615
2026-07-08 23:26:38,39,47,0,1004,12.273,54.779
2026-07-08 23:31:37,32,35,0,880,11.827,54.119
2026-07-08 23:36:38,36,39,0,738,12.367,50.292
2026-07-08 23:41:38,36,43,0,817,12.036,57.581
2026-07-08 23:46:38,37,43,0,870,11.456,59.187
2026-07-08 23:51:38,41,51,0,1083,11.363,56.6
2026-07-08 23:56:38,40,45,0,960,11.563,58.79
2026-07-09 00:01:38,42,52,0,1071,11.857,54.306
2026-07-09 00:06:38,41,52,0,1135,11.68,55.046
2026-07-09 00:11:44,41,49,0,1096,11.857,56.057
2026-07-09 00:16:38,37,43,0,871,11.731,54.857
2026-07-09 00:21:38,41,48,0,882,11.643,55.685
2026-07-09 00:26:38,45,54,0,1071,12.004,50.304
2026-07-09 00:31:38,37,42,0,811,11.766,52.486
2026-07-09 00:36:38,32,37,0,784,11.803,54.466
2026-07-09 00:41:38,27,30,0,692,11.995,51.767
2026-07-09 00:46:38,26,28,0,743,11.771,52.192
2026-07-09 00:51:39,33,34,0,766,11.782,50.199
2026-07-09 00:56:38,29,31,0,690,11.638,51.815
2026-07-09 01:01:39,29,31,0,669,11.683,52.183
2026-07-09 01:06:38,28,31,0,706,11.424,52.171
2026-07-09 01:11:38,29,32,0,707,11.619,49.905
2026-07-09 01:16:42,27,29,0,685,11.339,51.034
2026-07-09 01:21:39,22,25,0,709,11.707,48.206
2026-07-09 01:26:39,13,18,0,670,11.659,52.919
2026-07-09 01:31:39,18,21,0,708,11.421,51.504
2026-07-09 01:36:40,12,12,0,647,11.614,52.974
2026-07-09 01:41:40,15,16,0,706,11.509,55.431
2026-07-09 01:46:39,19,23,0,782,11.392,53.289
2026-07-09 01:51:39,21,21,0,743,10.986,53.983
2026-07-09 01:56:40,25,27,0,753,11.208,54.315
2026-07-09 02:01:39,21,25,0,754,11.381,53.726
2026-07-09 02:06:39,30,32,0,823,11.007,52.042
2026-07-09 02:11:46,31,33,0,764,11.114,52.515
2026-07-09 02:16:39,27,31,0,790,11.221,51.702
2026-07-09 02:21:39,10,13,0,635,11.542,48.891
2026-07-09 02:26:39,14,16,0,625,11.2,55.376
2026-07-09 02:31:39,16,18,0,674,11.032,53.466
2026-07-09 02:36:39,14,16,0,637,11.723,48.376
2026-07-09 02:41:39,16,17,0,635,12.289,43.552
2026-07-09 02:46:40,16,18,0,642,12.54,43.779
2026-07-09 02:51:39,18,20,0,703,11.704,53.003
2026-07-09 02:56:40,25,26,0,734,11.699,50.876
2026-07-09 03:01:39,21,25,0,681,11.611,54.332
2026-07-09 03:06:39,18,22,0,657,11.71,51.555
2026-07-09 03:11:40,25,25,0,709,11.787,47.111
2026-07-09 03:16:39,21,21,0,765,11.571,47.462
2026-07-09 03:21:40,23,25,0,709,12.052,45.522
2026-07-09 03:26:39,18,20,0,623,11.822,50.455
2026-07-09 03:31:39,19,22,0,629,11.798,51.635
2026-07-09 03:36:39,23,23,0,697,11.566,51.027
2026-07-09 03:41:40,23,23,0,716,11.744,49.474
2026-07-09 03:46:39,22,23,0,664,11.349,55.904
2026-07-09 03:51:40,29,29,0,781,11.435,48.759
2026-07-09 03:56:40,25,28,0,688,11.793,47.214
2026-07-09 04:01:39,21,23,0,683,11.728,48.891
2026-07-09 04:06:40,27,27,0,679,11.435,52.074
2026-07-09 04:11:40,20,20,0,677,11.485,54.367
2026-07-09 04:16:41,22,22,0,641,11.413,55.639
2026-07-09 04:21:41,26,27,0,780,11.443,50.558
2026-07-09 04:26:41,22,25,0,718,11.258,53.257
2026-07-09 04:31:41,23,25,0,730,11.491,48.791
2026-07-09 04:36:40,22,23,0,650,11.67,55.391
2026-07-09 04:41:41,23,23,0,779,11.544,49.798
2026-07-09 04:46:40,27,27,0,792,11.608,51.179
2026-07-09 04:51:44,26,28,0,809,11.582,50.05
2026-07-09 04:56:41,33,38,0,881,11.21,49.858
2026-07-09 05:01:41,41,44,0,930,11.056,50.365
2026-07-09 05:06:40,32,36,0,873,11.304,49.522
2026-07-09 05:11:50,30,33,0,824,11.317,49.543
2026-07-09 05:16:41,31,31,0,837,11.368,48.511
2026-07-09 05:21:41,23,27,0,690,10.794,56.644
2026-07-09 05:26:41,27,29,0,746,11.226,49.163
2026-07-09 05:31:41,26,29,0,794,10.885,50.628
2026-07-09 05:36:41,22,23,0,738,11.584,44.662
2026-07-09 05:41:41,28,28,0,695,11.072,56.299
2026-07-09 05:46:41,27,30,0,734,10.81,52.978
2026-07-09 05:51:41,26,30,0,781,10.813,50.067
2026-07-09 05:56:41,28,30,0,702,11.157,50.086
2026-07-09 06:01:47,26,28,0,715,11.072,52.73
2026-07-09 06:06:41,22,22,0,749,10.783,49.493
2026-07-09 06:11:41,25,25,0,744,10.975,46.167
2026-07-09 06:16:41,16,17,0,698,10.89,54.233
2026-07-09 06:21:41,14,17,0,681,10.65,52.104
2026-07-09 06:26:41,16,18,0,654,10.957,48.734
2026-07-09 06:31:41,16,17,0,638,10.65,52.078
2026-07-09 06:36:41,19,21,0,681,10.949,46.413
2026-07-09 06:41:44,22,27,0,711,10.393,52.869
2026-07-09 06:46:41,23,23,0,685,10.981,48.696
2026-07-09 06:51:41,23,27,0,736,10.914,46.625
2026-07-09 06:56:41,22,23,0,751,10.543,54.22
2026-07-09 07:02:02,22,25,0,675,10.572,50.685
2026-07-09 07:06:55,19,22,0,673,10.572,49.394
2026-07-09 07:11:41,12,13,0,636,10.487,48.15
2026-07-09 07:16:42,27,30,0,649,10.666,48.679
2026-07-09 07:21:42,23,27,0,777,10.564,45.896
2026-07-09 07:26:42,25,25,0,875,10.262,49.322
2026-07-09 07:31:42,26,27,0,803,10.484,46.024
2026-07-09 07:36:42,22,23,0,750,10.684,49.89
2026-07-09 07:41:42,28,29,0,844,10.738,45.011
2026-07-09 07:46:42,28,28,0,921,10.711,45.221
2026-07-09 07:51:42,27,28,0,812,10.623,48.955
2026-07-09 07:56:42,33,39,0,974,10.642,47.069
2026-07-09 08:01:42,31,33,0,876,10.842,48.694
2026-07-09 08:06:43,40,43,0,1352,10.628,49.419
2026-07-09 08:11:42,37,43,0,1219,10.914,49.186
2026-07-09 08:16:43,21,21,0,787,10.847,51.553
2026-07-09 08:21:42,28,28,0,870,10.967,45.369
2026-07-09 08:26:44,14,15,0,828,11.2,46.77
2026-07-09 08:31:46,19,22,0,727,11.218,48.942
2026-07-09 08:36:42,22,25,0,1314,10.959,53.48
2026-07-09 08:41:42,32,32,0,1405,11.114,54.325
2026-07-09 08:46:42,42,49,0,1009,11.114,51.963
2026-07-09 08:51:51,37,38,0,1040,11.52,51.712
2026-07-09 08:56:42,35,36,0,1267,11.667,51.654
2026-07-09 09:01:42,42,49,0,1180,11.608,50.083
2026-07-09 09:06:42,50,63,0,1431,11.814,51.776
2026-07-09 09:11:43,48,57,0,1119,11.752,48.07
2026-07-09 09:16:43,48,60,0,949,11.83,51.441
2026-07-09 09:21:43,46,54,0,956,12.292,47.437
2026-07-09 09:26:43,47,57,0,1236,12.522,45.461
2026-07-09 09:31:43,41,49,0,1131,12.313,51.977
2026-07-09 09:36:42,47,59,0,1125,12.733,51.197
2026-07-09 09:41:43,55,70,0,1247,13.024,54.256
2026-07-09 09:46:43,79,88,0,1287,13.208,54.071
2026-07-09 09:51:42,61,78,0,1214,13.042,46.926
2026-07-09 09:56:49,59,73,0,1106,13.531,49.377
2026-07-09 10:01:42,58,71,0,1052,13.785,47.296
2026-07-09 10:06:43,58,71,0,1126,14.191,48.915
2026-07-09 10:11:42,58,73,0,1015,14.201,47.304
2026-07-09 10:16:44,51,63,0,930,14.212,44.195
2026-07-09 10:21:47,44,54,0,849,15.211,38.377
2026-07-09 10:26:44,43,53,0,829,15.657,39.764
2026-07-09 10:31:44,42,51,0,808,16.044,39.859
2026-07-09 10:36:43,40,49,0,753,16.159,39.483
2026-07-09 10:41:44,41,48,0,1281,16.353,39.335
2026-07-09 10:46:44,37,45,0,748,16.679,37.229
2026-07-09 10:51:44,36,42,0,763,16.968,37.86
2026-07-09 10:56:44,36,42,0,773,17.165,35.056
2026-07-09 11:01:44,37,46,0,722,17.384,39.529
2026-07-09 11:06:44,53,67,0,914,16.791,37.215
2026-07-09 11:11:44,42,52,0,829,17.35,36.144
2026-07-09 11:16:44,36,42,0,661,17.39,36.485
2026-07-09 11:21:44,32,35,0,628,17.699,33.458
2026-07-09 11:26:44,34,40,0,647,17.534,35.14
2026-07-09 11:31:44,37,44,0,697,17.649,36.288
2026-07-09 11:36:44,37,43,0,766,17.958,37.107
2026-07-09 11:41:53,32,36,0,693,17.534,32.27
2026-07-09 11:46:44,34,38,0,671,18.001,34.578
2026-07-09 11:51:44,40,49,0,931,17.993,38.448
2026-07-09 11:56:44,41,49,0,967,18.434,38.305
2026-07-09 12:01:44,40,51,0,884,18.495,34.862
2026-07-09 12:06:44,36,41,0,645,18.447,31.062
2026-07-09 12:11:53,35,41,0,640,18.687,31.661
2026-07-09 12:16:49,36,41,0,704,18.506,31.728
2026-07-09 12:21:44,35,41,0,749,17.966,34.541
2026-07-09 12:26:44,36,45,0,815,18.567,36.233
2026-07-09 12:31:44,36,43,0,1011,18.709,37.887
2026-07-09 12:36:44,32,34,0,770,18.076,36.531
2026-07-09 12:41:44,32,35,0,751,18.081,36.657
2026-07-09 12:46:44,33,36,0,852,18.284,35.066
2026-07-09 12:51:44,27,28,0,723,17.94,42.098
2026-07-09 12:56:44,27,27,0,869,18.295,42.65
2026-07-09 13:01:44,26,27,0,889,18.346,41.29
2026-07-09 13:06:44,27,27,0,859,18.201,41.293
2026-07-09 13:11:44,28,30,0,1502,18.068,46.842
2026-07-09 13:16:45,43,53,0,794,18.223,45.77
2026-07-09 13:21:45,24,26,0,760,18.164,37.309
2026-07-09 13:26:45,32,35,0,774,18.431,43.723
2026-07-09 13:31:45,19,19,0,714,18.682,42.257
2026-07-09 13:36:45,30,35,0,1076,18.775,44.927
2026-07-09 13:41:46,32,36,0,1041,18.93,45.864
2026-07-09 13:46:45,30,34,0,764,19.051,42.615
2026-07-09 13:51:45,25,27,0,1040,19.219,44.349
2026-07-09 13:56:45,9,16,0,630,18.949,40.128
2026-07-09 14:01:45,9,9,0,600,19.053,34.795
2026-07-09 14:06:46,12,13,0,857,19.304,35.684
2026-07-09 14:11:45,14,14,0,546,19.475,33.94
2026-07-09 14:16:45,8,13,0,585,19.44,34.366
2026-07-09 14:21:46,19,19,0,678,19.277,33.462
2026-07-09 14:26:45,19,21,0,859,18.986,34.387
2026-07-09 14:31:45,17,17,0,689,18.239,42.329
2026-07-09 14:36:45,13,16,0,663,18.46,38.856
2026-07-09 14:41:45,32,34,0,795,18.607,39.348
2026-07-09 14:46:46,19,20,0,614,18.279,38.574
2026-07-09 15:43:11,38,46,0,1113,19.884,37.498
2026-07-09 15:48:10,36,40,0,1178,19.894,38.406
2026-07-09 15:53:10,34,37,0,897,19.91,39.237
2026-07-09 15:58:10,32,33,0,804,19.43,39.67
2026-07-09 16:03:59,28,28,0,739,19.836,41.028
2026-07-09 16:08:24,24,26,0,696,19.873,40.096
2026-07-09 16:13:11,22,23,0,909,19.269,44.208
2026-07-09 16:18:24,11,12,0,683,19.08,47.145
2026-07-09 16:23:10,20,20,0,800,18.872,46.605
2026-07-09 16:28:11,13,13,0,677,18.96,43.237
2026-07-09 16:33:10,13,15,0,674,18.759,43.439
2026-07-09 16:38:11,15,18,0,658,18.639,43.233
2026-07-09 16:43:11,16,16,0,630,17.916,44.034
2026-07-09 16:48:10,8,10,0,612,17.71,45.846
2026-07-09 16:53:27,32,34,0,686,17.619,40.979
2026-07-09 16:58:10,14,15,0,611,17.574,45.354
2026-07-09 17:03:11,12,15,0,858,17.208,43.889
2026-07-09 17:08:11,30,35,0,1014,16.952,47.769
2026-07-09 17:13:11,37,47,0,731,16.941,39.298
2026-07-09 17:18:11,19,20,0,608,16.874,38.278
2026-07-09 17:23:11,11,11,0,574,16.452,42.709
2026-07-09 17:28:11,29,29,0,705,16.305,44.443
2026-07-09 17:33:11,23,24,0,480,15.785,46.226
2026-07-09 17:38:11,16,18,0,572,15.675,48.046
2026-07-09 17:43:11,19,23,0,608,16.084,43.601
2026-07-09 17:48:11,24,26,0,631,16.068,38.125
2026-07-09 17:53:11,20,21,0,601,16.185,39.909
2026-07-09 17:58:11,21,24,0,631,15.857,42.4
2026-07-09 18:03:32,16,16,0,604,15.416,45.619
2026-07-09 18:08:18,13,15,0,586,15.379,42.915
2026-07-09 18:13:20,14,18,0,669,15.002,48.412
2026-07-09 18:18:11,14,17,0,554,14.869,44.538
2026-07-09 18:23:11,20,21,0,550,14.781,46.005
2026-07-09 18:28:11,45,54,0,981,14.634,47.742
2026-07-09 18:33:11,53,66,0,986,14.639,45.081
2026-07-09 18:38:11,6,6,0,488,14.73,44.841
2026-07-09 18:43:12,11,11,0,426,14.372,43.157
2026-07-09 18:48:12,8,8,0,547,14.492,44.61
2026-07-09 18:53:12,7,7,0,509,14.479,44.235
2026-07-09 18:58:12,6,6,0,487,14.359,45.94
2026-07-09 19:03:12,12,13,0,595,14.511,42.241
2026-07-09 19:08:12,9,9,0,523,14.327,45.072
2026-07-09 19:13:12,9,9,0,597,14.572,43.388
2026-07-09 19:18:12,7,8,0,559,14.268,46.382
2026-07-09 19:23:12,50,60,0,1430,13.988,47.193
2026-07-09 19:28:12,42,50,0,750,13.98,50.918
2026-07-09 19:33:12,22,24,0,644,13.795,47.17
2026-07-09 19:38:12,22,22,0,659,14.148,43.59
2026-07-09 19:43:12,19,20,0,639,13.918,46.745
2026-07-09 19:48:12,13,13,0,569,14.116,45.19
2026-07-09 19:53:12,24,25,0,668,13.934,47.424
2026-07-09 19:58:12,22,24,0,593,14.02,46.598
2026-07-09 20:03:12,7,7,0,496,14.022,45.574
2026-07-09 20:08:12,10,10,0,509,14.239,44.481
2026-07-09 20:13:12,8,8,0,486,14.479,43.371
2026-07-09 20:18:12,14,16,0,540,14.746,40.809
2026-07-09 20:23:12,20,24,0,611,14.818,42.461
2026-07-09 20:28:12,33,33,0,1180,14.209,48.538
2026-07-09 20:33:13,35,37,0,951,14.132,46.798
2026-07-09 20:38:13,29,31,0,854,14.188,46.735
2026-07-09 20:43:12,29,30,0,1116,13.918,49.774
2026-07-09 20:48:12,29,30,0,790,13.857,50.401
2026-07-09 20:53:12,26,26,0,771,13.98,49.303
2026-07-09 20:58:12,22,24,0,659,13.857,48.423
2026-07-09 21:03:12,15,17,0,621,13.64,52.108
2026-07-09 21:08:12,26,26,0,662,13.531,52.307
2026-07-09 21:13:12,25,26,0,667,13.384,51.67
2026-07-09 21:18:12,25,26,0,702,13.363,53.081
2026-07-09 21:23:12,32,33,0,1388,13.299,52.089
2026-07-09 21:28:12,30,31,0,862,13.176,55.927
2026-07-09 21:33:13,30,30,0,688,13.106,50.584
2026-07-09 21:38:13,21,22,0,573,13.363,50.832
2026-07-09 21:43:14,22,22,0,504,13.491,48.473
2026-07-09 21:48:14,24,26,0,670,13.323,52.434
2026-07-09 21:53:13,32,34,0,744,13.21,48.871
2026-07-09 21:58:14,22,26,0,588,13.56,46.367
2026-07-09 22:03:14,22,29,0,617,13.558,47.368
2026-07-09 22:08:14,35,38,0,802,13.395,48.559
2026-07-09 22:13:14,21,25,0,614,13.568,45.64
2026-07-09 22:18:14,18,19,0,626,13.566,47.443
2026-07-09 22:23:14,47,57,0,808,13.243,50.193
2026-07-09 22:28:14,33,38,0,862,13.531,45.9
2026-07-09 22:33:14,17,22,0,588,14.068,42.964
2026-07-09 22:38:13,24,27,0,553,13.926,46.18
2026-07-09 22:43:14,26,28,0,605,13.753,49.112
2026-07-09 22:48:14,44,51,0,1047,13.499,50.79
2026-07-09 22:53:14,31,33,0,1068,13.627,49.079
2026-07-09 22:58:14,19,19,0,616,13.52,51.639
2026-07-09 23:03:14,33,34,0,1955,13.427,52.743
2026-07-09 23:08:14,27,28,0,945,13.478,50.968
2026-07-09 23:13:14,30,32,0,864,13.283,54.065
2026-07-09 23:18:14,33,34,0,868,12.989,52.244
2026-07-09 23:23:14,38,44,0,1026,12.984,49.808
2026-07-09 23:28:14,33,37,0,910,13.16,52.185
2026-07-09 23:33:14,27,28,0,732,13.24,52.551
2026-07-09 23:38:14,25,25,0,620,13.224,51.046
2026-07-09 23:43:14,22,26,0,630,13.045,53.501
2026-07-09 23:48:14,32,32,0,794,12.61,55.746
2026-07-09 23:53:14,31,34,0,707,12.642,53.609
2026-07-09 23:58:14,31,32,0,771,12.914,51.504
2026-07-10 00:03:14,31,34,0,785,13.104,49.55
2026-07-10 00:08:14,26,28,0,752,12.724,52.217
2026-07-10 00:13:14,26,26,0,628,12.791,51.65
2026-07-10 00:18:14,9,9,0,543,12.708,55.16
2026-07-10 00:23:14,6,6,0,522,12.578,54.895
2026-07-10 00:28:14,6,6,0,508,12.623,53.268
2026-07-10 00:33:14,7,9,0,500,12.863,52.345
2026-07-10 00:38:14,9,10,0,612,12.783,56.985
2026-07-10 00:43:15,21,22,0,773,12.172,57.659
2026-07-10 00:48:15,21,22,0,708,12.332,52.297
2026-07-10 00:53:15,14,18,0,775,12.551,56.091
2026-07-10 00:58:15,25,26,0,767,12.3,52.576
2026-07-10 01:03:15,25,26,0,680,12.655,49.829
2026-07-10 01:08:15,31,32,0,799,13.197,44.69
2026-07-10 01:13:15,21,21,0,656,13.021,47.822
2026-07-10 01:18:15,10,10,0,560,13.144,47.393
2026-07-10 01:23:15,10,12,0,500,13.51,44.767
2026-07-10 01:28:15,9,9,0,512,13.606,45.148
2026-07-10 01:33:15,16,18,0,704,13.331,51.521
2026-07-10 01:38:15,34,37,0,766,12.57,58.355
2026-07-10 01:43:15,33,40,0,811,12.289,55.986
2026-07-10 01:48:15,36,41,0,921,12.591,49.938
2026-07-10 01:53:15,33,38,0,884,12.805,51.37
2026-07-10 01:58:15,36,38,0,904,12.81,49.377
2026-07-10 02:03:15,30,31,0,778,12.642,53.388
2026-07-10 02:08:15,31,35,0,886,12.623,52.494
2026-07-10 02:13:15,24,27,0,688,12.316,54.986
2026-07-10 02:18:15,22,22,0,673,12.535,50.956
2026-07-10 02:23:15,22,25,0,651,12.951,51.492
2026-07-10 02:28:15,25,25,0,707,12.599,55.198
2026-07-10 02:33:15,28,29,0,661,12.439,55.921
2026-07-10 02:38:15,28,30,0,708,12.423,55.851
2026-07-10 02:43:15,32,32,0,870,12.319,54.327
2026-07-10 02:48:15,37,43,0,904,12.177,53.913
2026-07-10 02:53:15,37,41,0,898,12.3,53.592
2026-07-10 02:58:16,34,39,0,840,12.177,53.88
2026-07-10 03:03:15,36,38,0,886,12.116,53.634
2026-07-10 03:08:15,34,35,0,768,11.929,57.928
2026-07-10 03:13:15,36,41,0,835,11.659,57.264
2026-07-10 03:18:15,34,35,0,778,11.619,57.928
2026-07-10 03:23:15,31,34,0,732,11.771,54.71
2026-07-10 03:28:15,30,33,0,741,11.726,53.943
2026-07-10 03:33:15,30,34,0,680,11.987,54.203
2026-07-10 03:38:15,27,31,0,674,11.571,57.626
2026-07-10 03:43:16,33,35,0,803,11.659,57.542
2026-07-10 03:48:17,30,33,0,800,11.59,58.288
2026-07-10 03:53:16,26,27,0,722,11.707,57.84
2026-07-10 03:58:16,26,27,0,683,11.865,55.601
2026-07-10 04:03:17,26,29,0,694,12.118,55.065
2026-07-10 04:08:17,23,26,0,703,12.204,53.661
2026-07-10 04:13:17,26,27,0,681,12.364,52.118
2026-07-10 04:18:17,21,21,0,616,12.089,57.872
2026-07-10 04:23:17,27,29,0,706,12.126,57.937
2026-07-10 04:28:16,30,32,0,829,12.113,55.109
2026-07-10 04:33:17,28,29,0,723,12.164,55.938
2026-07-10 04:38:17,29,32,0,766,12.129,55.07
2026-07-10 04:43:17,27,27,0,692,12.18,55.95
2026-07-10 04:48:17,36,40,0,867,12.057,55.662
2026-07-10 04:53:16,33,35,0,774,11.715,57.71
2026-07-10 04:58:17,31,33,0,772,11.616,58.164
2026-07-10 05:03:26,37,43,0,908,11.688,56.324
2026-07-10 05:08:17,29,30,0,733,11.288,59.345
2026-07-10 05:13:17,26,26,0,675,11.838,57.855
2026-07-10 05:18:17,26,27,0,653,11.667,57.169
2026-07-10 05:23:17,23,23,0,646,11.349,58.208
2026-07-10 05:28:17,21,23,0,587,11.24,59.599
2026-07-10 05:33:24,22,23,0,649,11.969,53.667
2026-07-10 05:38:17,12,16,0,560,11.606,59.187
2026-07-10 05:43:17,13,18,0,576,11.357,55.507
2026-07-10 05:48:17,12,15,0,556,11.526,57.97
2026-07-10 05:53:17,22,25,0,656,11.707,51.336
2026-07-10 05:58:17,27,27,0,669,11.664,53.119
2026-07-10 06:03:17,27,27,0,667,11.699,52.415
2026-07-10 06:08:17,18,20,0,598,11.63,55.532
2026-07-10 06:13:17,22,26,0,629,11.44,54.529
2026-07-10 06:18:17,18,19,0,587,11.656,55.072
2026-07-10 06:23:17,22,25,0,606,11.632,54.943
2026-07-10 06:28:17,22,22,0,597,11.448,59.196
2026-07-10 06:33:17,19,20,0,566,11.341,59.652
2026-07-10 06:38:26,18,19,0,576,11.571,58.948
2026-07-10 06:43:18,25,26,0,651,11.275,57.487
2026-07-10 06:48:18,26,26,0,720,11.299,54.943
2026-07-10 06:53:18,29,29,0,660,11.445,56.69
2026-07-10 06:58:18,25,28,0,786,11.395,57.642
2026-07-10 07:03:18,30,31,0,693,11.558,53.836
2026-07-10 07:08:18,20,23,0,669,11.523,53.854
2026-07-10 07:13:18,25,26,0,671,11.811,51.197
2026-07-10 07:18:18,26,27,0,659,13.173,41.665
2026-07-10 07:23:18,27,28,0,780,12.327,49.537
2026-07-10 07:28:18,27,27,0,740,12.319,49.554
2026-07-10 07:33:18,27,31,0,745,12.353,50.802
2026-07-10 07:38:27,29,29,0,790,12.263,53.684
2026-07-10 07:43:18,34,35,0,725,12.169,53.787
2026-07-10 07:48:19,34,39,0,824,12.017,52.957
2026-07-10 07:53:18,36,40,0,763,12.142,50.971
2026-07-10 07:58:18,31,33,0,791,12.209,47.557
2026-07-10 08:03:18,31,34,0,792,12.348,48.271
2026-07-10 08:08:18,21,25,0,674,13.395,43.937
2026-07-10 08:13:18,28,29,0,738,14.014,42.655
2026-07-10 08:18:18,28,28,0,848,13.667,44.62
2026-07-10 08:23:19,33,33,0,863,12.903,49.732
2026-07-10 08:28:18,37,41,0,1104,13.034,48.793
2026-07-10 08:33:18,26,28,0,723,13.48,46.188
2026-07-10 08:38:18,33,37,0,1064,13.16,50.746
2026-07-10 08:43:18,35,40,0,720,13.245,51.05
2026-07-10 08:48:18,117,121,0,1374,13.317,50.542
2026-07-10 08:53:18,68,81,0,1106,13.301,53.724
2026-07-10 08:58:18,27,29,0,693,12.716,57.823
2026-07-10 09:03:18,25,28,0,720,13.136,53.253
2026-07-10 09:08:18,22,25,0,813,13.368,51.416
2026-07-10 09:13:18,41,48,0,737,13.59,49.982
2026-07-10 09:18:18,29,30,0,656,13.328,53.396
2026-07-10 09:23:19,31,37,0,714,13.28,54.515
2026-07-10 09:28:18,40,46,0,1130,13.325,56.697
2026-07-10 09:33:19,38,43,0,836,12.97,57.085
2026-07-10 09:38:18,40,47,0,876,12.994,57.26
2026-07-10 09:43:19,39,45,0,921,13.379,54.359
2026-07-10 09:48:20,37,42,0,922,13.443,54.334
2026-07-10 09:53:20,34,37,0,888,13.427,51.874
2026-07-10 09:58:20,36,41,0,748,13.678,52.358
2026-07-10 10:03:19,35,39,0,816,13.587,51.412
2026-07-10 10:08:20,30,30,0,694,14.057,50.594
2026-07-10 10:13:19,37,43,0,771,14.247,53.628
2026-07-10 10:18:20,46,55,0,838,14.249,52.038
2026-07-10 10:23:20,33,39,0,803,14.746,50.836
2026-07-10 10:28:20,37,43,0,739,14.885,51.948
2026-07-10 10:33:20,35,37,0,781,14.695,53.861
2026-07-10 10:38:19,30,30,0,645,14.54,56.407
2026-07-10 10:43:20,34,36,0,706,14.548,54.763
2026-07-10 10:48:20,34,38,0,747,14.252,57.798
2026-07-10 10:53:20,35,37,0,738,14.073,63.224
2026-07-10 10:58:20,35,37,0,836,14.134,64.045
2026-07-10 11:03:20,36,38,0,759,14.182,65.784
2026-07-10 11:08:20,30,31,0,663,14.044,60.43
2026-07-10 11:13:20,32,34,0,686,13.918,64.655
2026-07-10 11:18:20,36,42,0,865,13.568,64.016
2026-07-10 11:23:20,34,36,0,672,13.956,60.903
2026-07-10 11:28:20,35,41,0,799,14.105,60.281
2026-07-10 11:33:20,32,36,0,665,14.548,57.67
2026-07-10 11:38:20,33,36,0,664,14.639,61.254
2026-07-10 11:43:20,36,41,0,1032,14.586,62.238
2026-07-10 11:48:20,44,53,0,827,14.655,63.039
2026-07-10 11:53:20,39,43,0,716,14.594,64.743
2026-07-10 11:58:20,41,51,0,732,14.292,62.845
2026-07-10 12:03:20,38,46,0,658,14.5,64.321
2026-07-10 12:08:20,41,49,0,862,14.511,65.807
2026-07-10 12:13:41,39,47,0,876,14.348,66.063
2026-07-10 12:18:20,38,44,0,792,14.677,65.738
2026-07-10 12:23:20,43,51,0,1092,14.575,64.741
2026-07-10 12:28:20,42,48,0,907,14.781,62.13
2026-07-10 12:33:20,41,48,0,869,14.898,63.329
2026-07-10 12:38:20,41,47,0,733,14.933,60.016
2026-07-10 12:43:21,42,49,0,1128,15.061,62.954
2026-07-10 12:48:21,45,54,0,831,15.793,61.782
2026-07-10 12:53:21,45,52,0,840,15.958,60.436
2026-07-10 12:58:28,44,53,0,790,15.414,58.399
2026-07-10 13:03:21,42,51,0,735,15.766,56.594
2026-07-10 13:08:21,36,41,0,809,16.372,53.972
2026-07-10 13:13:21,30,34,0,644,16.711,50.653
2026-07-10 13:18:32,26,27,0,555,17.144,46.644
2026-07-10 13:23:21,23,25,0,601,17.39,45.94
2026-07-10 13:28:22,23,27,0,535,17.443,47.082
2026-07-10 13:33:21,28,28,0,593,18.135,47.576
2026-07-10 13:38:22,22,23,0,545,18.46,44.168
2026-07-10 13:43:21,19,22,0,500,19.088,41.807
2026-07-10 13:48:21,18,20,0,596,19.395,43.083
2026-07-10 13:53:22,24,24,0,457,19.173,43.464
2026-07-10 13:58:21,27,28,0,556,19.545,43.685
2026-07-10 14:03:21,30,30,0,565,19.4,44.387
2026-07-10 14:08:21,26,28,0,489,18.989,45.221
2026-07-10 14:13:22,28,28,0,510,19.75,45.703
2026-07-10 14:18:21,28,28,0,489,20.388,42.388
2026-07-10 14:23:22,29,32,0,490,20.637,42.318
2026-07-10 14:28:22,27,27,0,441,21.032,41.471
2026-07-10 14:33:21,26,27,0,439,20.733,41.196
2026-07-10 14:38:22,28,30,0,419,21.101,40.876
2026-07-10 14:43:21,26,27,0,397,21.101,39.882
2026-07-10 14:48:22,22,25,0,436,20.984,40.965
2026-07-10 14:53:22,24,25,0,465,20.885,40.681
2026-07-10 14:58:21,22,25,0,428,20.151,43.739
2026-07-10 15:03:22,23,24,0,417,20.621,40.05
2026-07-10 15:08:21,24,25,0,440,20.167,45.341
2026-07-10 15:13:22,26,26,0,473,20.025,46.18
2026-07-10 15:18:21,27,31,0,516,20.597,45.867
2026-07-10 15:23:22,22,22,0,392,19.996,41.976
2026-07-10 15:28:22,18,21,0,399,19.934,43.786
2026-07-10 15:33:22,20,20,0,391,20.407,42.169
2026-07-10 15:38:22,9,11,0,307,21.088,39.712
2026-07-10 15:43:23,7,8,0,276,21.86,39.342
2026-07-10 15:48:23,10,11,0,346,21.483,39.373
2026-07-10 15:53:23,6,7,0,303,21.886,38.972
2026-07-10 15:58:23,5,5,0,285,22.119,39.869
2026-07-10 16:03:49,5,5,0,240,22.402,39.02
2026-07-10 16:08:23,3,3,0,281,22.671,40.223
2026-07-10 16:13:23,7,7,0,340,22.963,41.187
2026-07-10 16:18:23,4,4,0,312,22.402,40.895
2026-07-10 16:23:23,3,3,0,443,22.076,41.023
2026-07-10 16:28:23,5,5,0,441,21.908,41.73
2026-07-10 16:33:23,20,22,0,471,21.099,43.17
2026-07-10 16:38:23,24,26,0,483,21.181,42.89
2026-07-10 16:43:23,18,22,0,396,20.444,43.416
2026-07-10 16:48:23,21,22,0,489,21.075,42.543
2026-07-10 16:53:23,21,22,0,624,20.845,44.643
2026-07-10 16:58:23,23,23,0,646,20.541,44.75
2026-07-10 17:03:23,27,27,0,826,20.044,49.219
2026-07-10 17:08:23,24,25,0,723,20.031,50.327
2026-07-10 17:13:23,19,20,0,560,19.82,47.998
2026-07-10 17:18:23,26,26,0,683,19.504,47.044
2026-07-10 17:23:23,18,19,0,700,19.504,50.266
2026-07-10 17:28:44,18,19,0,543,18.872,51.219
2026-07-10 17:33:23,15,19,0,511,17.876,57.199
2026-07-10 17:38:23,10,10,0,489,17.438,57.081
2026-07-10 17:43:23,9,12,0,510,17.018,59.715
2026-07-10 17:48:30,9,11,0,469,16.383,60.409
2026-07-10 17:53:23,9,11,0,474,16.444,59.61
2026-07-10 17:58:23,16,17,0,537,16.484,59.026
2026-07-10 18:03:23,17,17,0,523,16.364,58.883
2026-07-10 18:08:23,20,22,0,516,16.407,58.857
2026-07-10 18:13:23,19,20,0,528,16.321,58.53
2026-07-10 18:18:23,20,20,0,537,16.276,59.398
2026-07-10 18:23:23,21,23,0,507,16.276,59.204
2026-07-10 18:28:23,19,20,0,565,16.097,60.369
2026-07-10 18:33:23,23,25,0,519,16.137,60.222
2026-07-10 18:38:23,20,20,0,476,16.135,59.969
2026-07-10 18:43:24,20,21,0,762,15.91,61.742
2026-07-10 18:48:25,18,19,0,599,15.707,62.526
2026-07-10 18:53:24,18,21,0,526,15.715,61.636
2026-07-10 18:58:24,17,18,0,545,15.75,61.136
2026-07-10 19:03:24,18,20,0,566,15.512,62.847
2026-07-10 19:08:25,20,21,0,619,15.323,63.728
2026-07-10 19:13:24,19,21,0,655,15.088,65.466
2026-07-10 19:18:24,24,24,0,579,14.968,65.79
2026-07-10 19:23:24,25,27,0,1021,15.093,64.569
2026-07-10 19:28:24,31,31,0,659,15.016,64.224
2026-07-10 19:33:25,28,29,0,757,14.882,65.635
2026-07-10 19:38:24,38,45,0,784,14.807,66.282
2026-07-10 19:43:24,26,27,0,566,15.146,62.973
2026-07-10 19:48:25,27,27,0,640,14.984,64.892
2026-07-10 19:53:25,27,27,0,613,15.13,63.36
2026-07-10 19:58:25,30,32,0,784,14.831,65.42
2026-07-10 20:03:24,19,19,0,494,14.92,63.015
2026-07-10 20:08:25,20,20,0,453,14.805,64.024
2026-07-10 20:13:25,9,9,0,420,14.706,63.347
2026-07-10 20:18:25,16,19,0,475,14.428,65.532
2026-07-10 20:23:24,13,16,0,484,14.61,63.705
2026-07-10 20:28:25,13,15,0,449,14.586,63.627
2026-07-10 20:33:24,9,13,0,508,14.348,64.993
2026-07-10 20:38:25,12,13,0,458,14.217,64.344
2026-07-10 20:43:25,28,28,0,932,14.148,64.569
2026-07-10 20:48:25,32,34,0,1119,14.164,64.247
2026-07-10 20:53:26,6,8,0,503,14.073,62.843
2026-07-10 20:58:25,25,25,0,652,14.129,63.055
2026-07-10 21:03:25,25,25,0,662,13.745,64.148
2026-07-10 21:08:25,29,29,0,625,13.798,63.844
2026-07-10 21:13:25,20,24,0,494,13.571,64.848
2026-07-10 21:18:25,18,20,0,566,13.488,65.767
2026-07-10 21:23:25,13,15,0,460,13.315,65.546
2026-07-10 21:28:25,29,32,0,645,12.994,67.209
2026-07-10 21:33:25,19,19,0,451,12.882,66.467
2026-07-10 21:38:25,24,25,0,440,12.882,66.549
2026-07-10 21:43:26,21,22,0,591,12.604,67.32
2026-07-10 21:48:26,19,21,0,536,12.679,67.598
2026-07-10 21:53:35,19,19,0,545,12.706,67.632
2026-07-10 21:58:26,29,31,0,856,12.391,69.187
2026-07-10 22:03:26,19,21,0,586,12.524,68.535
2026-07-10 22:08:26,24,26,0,688,12.225,69.875
2026-07-10 22:13:26,32,37,0,783,11.937,70.545
2026-07-10 22:18:26,29,31,0,769,11.616,71.556
2026-07-10 22:23:26,21,24,0,613,11.774,71.392
2026-07-10 22:28:47,21,22,0,584,11.723,70.905
2026-07-10 22:33:26,25,25,0,614,11.349,72.372
2026-07-10 22:38:34,25,25,0,553,11.304,72.645
2026-07-10 22:43:26,19,22,0,516,11.875,70.356
2026-07-10 22:48:26,20,21,0,497,11.419,71.96
2026-07-10 22:53:26,13,15,0,509,11.667,70.509
2026-07-10 22:58:26,20,23,0,493,11.68,70.64
2026-07-10 23:03:26,23,23,0,480,11.72,70.469
2026-07-10 23:08:26,25,26,0,490,11.576,70.888
2026-07-10 23:13:34,30,33,0,709,11.352,71.768
2026-07-10 23:18:26,25,27,0,564,11.403,71.447
2026-07-10 23:23:26,21,25,0,506,11.258,71.794
2026-07-10 23:28:26,23,25,0,499,11.098,72.283
2026-07-10 23:33:26,18,19,0,459,11.59,69.771
2026-07-10 23:38:26,25,25,0,566,11.651,69.837
2026-07-10 23:43:35,34,40,0,751,11.13,72.18
2026-07-10 23:48:26,26,27,0,550,10.81,72.592
2026-07-10 23:53:26,29,31,0,643,10.813,72.803
2026-07-10 23:58:26,32,33,0,586,10.575,73.479
2026-07-11 00:03:27,22,22,0,524,10.807,72.403
2026-07-11 00:08:26,23,26,0,498,10.77,72.342
2026-07-11 00:13:26,23,25,0,547,10.695,72.798
2026-07-11 00:18:36,23,26,0,583,10.409,73.671
2026-07-11 00:23:26,20,22,0,572,10.148,74.781
2026-07-11 00:28:26,20,22,0,524,10.054,75.144
2026-07-11 00:33:26,20,22,0,533,10.092,74.228
2026-07-11 00:38:26,13,18,0,507,10.209,74.018
2026-07-11 00:43:34,15,19,0,658,9.891,75.22
2026-07-11 00:48:27,14,15,0,552,9.846,75.584
2026-07-11 00:53:27,14,15,0,575,9.923,75.126
2026-07-11 00:58:27,14,20,0,577,9.883,75.558
2026-07-11 01:03:27,13,16,0,693,9.953,75.565
2026-07-11 01:08:28,15,18,0,598,9.867,75.947
2026-07-11 01:13:28,15,20,0,567,9.715,76.572
2026-07-11 01:18:27,13,14,0,581,9.766,76.204
2026-07-11 01:23:27,20,21,0,591,9.817,76.307
2026-07-11 01:28:28,24,27,0,587,9.437,77.886
2026-07-11 01:33:28,27,27,0,640,9.726,77.082
2026-07-11 01:38:27,24,26,0,623,9.966,75.188
2026-07-11 01:43:28,22,22,0,580,9.64,76.792
2026-07-11 01:48:28,22,22,0,640,9.491,77.244
2026-07-11 01:53:27,22,22,0,627,9.328,77.904
2026-07-11 01:58:28,19,22,0,565,9.298,78.318
2026-07-11 02:03:27,17,17,0,554,9.475,76.673
2026-07-11 02:08:28,20,21,0,633,9.01,78.607
2026-07-11 02:13:27,23,26,0,601,9.381,78.066
2026-07-11 02:18:28,18,19,0,578,9.328,77.616
2026-07-11 02:23:28,24,24,0,633,9.261,77.883
2026-07-11 02:28:28,28,28,0,613,9.258,78.478
2026-07-11 02:33:28,20,22,0,566,9.229,78.178
2026-07-11 02:38:28,16,20,0,542,9.152,77.936
2026-07-11 02:43:28,26,28,0,650,8.831,79.964
2026-07-11 02:48:27,30,34,0,632,9.221,78.281
2026-07-11 02:53:28,16,19,0,530,8.866,78.867
2026-07-11 02:58:28,18,20,0,578,8.847,78.703
2026-07-11 03:03:28,16,20,0,577,8.626,79.494
2026-07-11 03:08:28,18,22,0,566,8.524,79.691
2026-07-11 03:13:28,22,23,0,538,8.407,80.137
2026-07-11 03:18:28,23,27,0,554,8.353,80.521
2026-07-11 03:23:34,19,23,0,579,8.342,79.584
2026-07-11 03:28:28,24,26,0,591,8.326,80.444
2026-07-11 03:33:28,23,27,0,574,8.244,80.192
2026-07-11 03:38:28,20,24,0,589,8.188,80.639
2026-07-11 03:43:29,27,27,0,800,8.209,80.889
2026-07-11 03:48:29,29,33,0,698,8.262,79.84
2026-07-11 03:53:29,29,33,0,678,8.244,80.076
2026-07-11 03:58:29,25,25,0,629,8.124,80.505
2026-07-11 04:03:29,35,38,0,741,8.377,79.977
2026-07-11 04:08:29,20,20,0,573,7.758,81.779
2026-07-11 04:13:29,9,11,0,566,7.806,82.088
2026-07-11 04:18:29,11,11,0,502,7.798,81.917
2026-07-11 04:23:29,8,11,0,521,7.72,82.294
2026-07-11 04:28:29,11,15,0,523,7.99,81.034
2026-07-11 04:33:29,13,13,0,506,8.081,81.118
2026-07-11 04:38:29,9,13,0,505,8.086,80.83
2026-07-11 04:43:29,23,25,0,586,7.867,82.195
2026-07-11 04:48:29,21,25,0,544,7.894,81.684
2026-07-11 04:53:29,22,25,0,646,7.76,82.048
2026-07-11 04:58:29,24,24,0,649,8.057,80.74
2026-07-11 05:03:29,23,28,0,574,8.145,80.196
2026-07-11 05:08:29,16,20,0,554,7.659,82.39
2026-07-11 05:13:38,19,22,0,542,7.76,81.718
2026-07-11 05:18:29,22,27,0,577,7.675,82.275
2026-07-11 05:23:29,23,30,0,606,7.694,82.495
2026-07-11 05:28:29,10,10,0,510,8.03,81.623
2026-07-11 05:33:29,10,13,0,480,8.265,80.509
2026-07-11 05:38:30,13,17,0,542,7.664,82.334
2026-07-11 05:43:30,11,15,0,526,7.688,82.575
2026-07-11 05:48:29,13,13,0,545,8.145,80.957
2026-07-11 05:53:30,10,10,0,519,7.942,81.503
2026-07-11 05:58:29,13,15,0,512,8.027,81.154
2026-07-11 06:04:30,18,21,0,587,7.979,80.87
2026-07-11 06:09:06,18,19,0,545,8.252,79.719
2026-07-11 06:13:58,28,29,0,661,8.511,77.742
2026-07-11 06:18:39,14,16,0,480,8.057,80.852
2026-07-11 06:23:30,9,9,0,506,8.302,80.072
2026-07-11 06:28:29,9,11,0,511,8.086,80.589
2026-07-11 06:33:30,7,7,0,488,8.201,80.242
2026-07-11 06:38:29,7,7,0,497,8.057,81.228
2026-07-11 06:43:31,8,10,0,722,7.739,81.766
2026-07-11 06:48:31,13,13,0,561,7.886,81.184
2026-07-11 06:53:31,10,13,0,547,7.998,80.793
2026-07-11 06:58:30,10,15,0,515,7.867,81.293
2026-07-11 07:03:31,11,11,0,560,8.18,79.765
2026-07-11 07:08:31,7,8,0,540,8.273,80.011
2026-07-11 07:13:31,9,9,0,498,7.549,83.16
2026-07-11 07:18:31,7,7,0,542,7.726,82.777
2026-07-11 07:23:30,4,8,0,522,7.966,81.417
2026-07-11 07:28:31,6,6,0,514,7.91,81.398
2026-07-11 07:33:31,7,8,0,491,7.726,81.778
2026-07-11 07:38:31,39,43,0,548,7.654,81.608
2026-07-11 07:43:31,11,11,0,510,7.584,81.57
2026-07-11 07:48:31,7,7,0,495,7.333,82.247
2026-07-11 07:53:31,6,6,0,512,7.461,81.591
2026-07-11 07:58:31,11,11,0,490,7.248,82.245
2026-07-11 08:03:31,10,15,0,493,7.509,80.866
2026-07-11 08:08:31,5,5,0,442,7.352,82.659
2026-07-11 08:13:31,5,5,0,451,7.75,80.761
2026-07-11 08:18:31,13,14,0,457,7.792,81.011
2026-07-11 08:23:31,15,17,0,444,7.889,80.181
2026-07-11 08:28:31,15,17,0,459,7.79,80.967
2026-07-11 08:33:31,130,143,0,877,8.03,79.815
2026-07-11 08:38:31,29,30,0,557,7.461,82.394
2026-07-11 08:43:31,52,61,0,562,7.613,81.484
2026-07-11 08:48:31,51,62,0,553,7.905,80.572
2026-07-11 08:53:31,41,48,0,556,8.238,79.592
2026-07-11 08:58:31,45,54,0,535,7.832,80.898
2026-07-11 09:03:31,48,58,0,489,8.217,79.43
2026-07-11 09:08:31,37,43,0,465,8.465,78.909
2026-07-11 09:13:31,31,31,0,455,8.415,79.01
2026-07-11 09:18:32,24,24,0,415,8.871,77.44
2026-07-11 09:23:31,16,20,0,440,10.062,74.016
2026-07-11 09:28:31,14,16,0,450,12.834,65.468
2026-07-11 09:33:31,21,22,0,487,14.009,61.416
2026-07-11 09:38:31,9,9,0,481,13.384,64.012
2026-07-11 09:43:32,13,14,0,640,12.492,67.793
2026-07-11 09:48:32,15,15,0,584,13.16,66.927
2026-07-11 09:53:32,20,23,0,495,13.68,62.965
2026-07-11 09:58:32,13,13,0,457,13.875,63.06
2026-07-11 10:03:32,12,14,0,472,14.452,61.182
2026-07-11 10:08:32,7,9,0,435,15.066,58.811
2026-07-11 10:13:32,6,6,0,359,15.288,55.143
2026-07-11 10:18:38,5,6,0,409,15.806,55.683
2026-07-11 10:23:32,5,5,0,379,16.118,53.878
2026-07-11 10:28:32,9,9,0,401,16.532,54.782
2026-07-11 10:33:32,9,9,0,368,16.669,53.195
2026-07-11 10:38:32,8,8,0,576,17.037,52.314
2026-07-11 10:43:32,8,8,0,407,17.235,52.671
2026-07-11 10:48:32,13,15,0,387,17.595,49.077
2026-07-11 10:53:33,9,9,0,349,18.193,49.022
2026-07-11 10:58:32,9,13,0,371,18.196,50.729
2026-07-11 11:03:41,8,9,0,346,18.383,49.94
2026-07-11 11:08:33,9,11,0,280,18.543,47.578
2026-07-11 11:13:32,7,7,0,339,19.104,47.609
2026-07-11 11:18:42,8,9,0,264,19.633,44.704
2026-07-11 11:23:32,8,8,0,350,20.076,45.575
2026-07-11 11:28:32,5,5,0,372,20.458,43.975
2026-07-11 11:33:32,4,4,0,257,20.653,44.244
2026-07-11 11:38:33,9,9,0,964,21.123,44.616
2026-07-11 11:43:32,8,10,0,458,21.032,44.04
2026-07-11 11:48:33,42,49,0,756,21.315,42.64
2026-07-11 11:53:33,5,5,0,280,21.208,41.267
2026-07-11 11:58:32,4,4,0,286,21.983,41.141
2026-07-11 12:03:33,5,5,0,208,21.777,41.473
2026-07-11 12:08:33,2,3,0,187,22.308,40.416
2026-07-11 12:13:33,3,3,0,238,22.869,40.82
2026-07-11 12:18:33,2,3,0,197,23.077,38.516
2026-07-11 12:23:33,4,4,0,161,23.481,38.852
2026-07-11 12:28:33,2,2,0,152,23.753,38.018
2026-07-11 12:33:33,1,1,0,197,23.964,39.691
2026-07-11 12:38:32,2,2,0,164,24.394,37.706
2026-07-11 12:43:34,3,4,0,93,24.284,37.168
2026-07-11 12:48:34,1,1,0,199,24.712,37.938
2026-07-11 12:53:34,2,2,0,180,24.829,37.755
2026-07-11 12:58:34,2,2,0,127,24.418,36.38
2026-07-11 13:03:34,3,3,0,119,25.176,36.868
2026-07-11 13:08:34,1,1,0,98,25.561,35.884
2026-07-11 13:13:34,1,2,0,675,25.352,34.782
2026-07-11 13:18:34,1,2,0,55,25.483,33.883
2026-07-11 13:23:34,0,1,0,59,25.774,35.077
2026-07-11 13:28:34,1,1,0,50,25.438,34.766
2026-07-11 13:33:34,0,0,0,26,25.545,33.492
2026-07-11 13:38:34,0,0,0,0,25.612,32.323
2026-07-11 13:43:34,0,0,0,36,26.039,33.54
2026-07-11 13:48:34,0,0,0,62,26.26,33.424
2026-07-11 13:53:34,0,0,0,9,26.055,31.699
2026-07-11 13:58:34,0,0,0,13,26.02,31.73
2026-07-11 14:03:34,0,0,0,0,26.055,32.031
2026-07-11 14:08:34,0,1,0,0,26.359,31.922
2026-07-11 14:13:34,0,0,0,0,26.402,31.844
2026-07-11 14:18:34,0,0,0,0,26.399,32.502
2026-07-11 14:23:34,0,0,0,0,26.477,33.437
2026-07-11 14:28:34,1,1,0,0,25.993,33.763
2026-07-11 14:33:34,2,2,0,0,26.383,34.299
2026-07-11 14:38:35,1,1,0,0,27.094,32.918
2026-07-11 14:43:34,4,5,0,63,27.11,33.172
2026-07-11 14:48:34,2,2,0,31,26.346,34.879
2026-07-11 14:53:34,2,3,0,0,26.18,32.861
2026-07-11 14:58:35,0,0,0,45,26.637,33.971
2026-07-11 15:03:34,2,2,0,21,27.425,31.07
2026-07-11 15:08:34,1,1,0,11,27.067,32.188
2026-07-11 15:13:34,2,3,0,31,27.884,33.012
2026-07-11 15:18:41,3,3,0,61,28.084,31.896
2026-07-11 15:23:34,2,2,0,122,27.921,34.007
2026-07-11 15:28:34,3,4,0,57,27.473,32.746
2026-07-11 15:33:35,1,1,0,15,26.883,32.024
2026-07-11 15:38:34,2,2,0,89,27.793,31.692
2026-07-11 15:43:36,2,3,0,0,28.162,30.023
2026-07-11 15:48:36,2,2,0,248,26.957,34.974
2026-07-11 15:53:35,1,1,0,95,26.88,33.963
2026-07-11 15:58:42,1,2,0,67,26.303,35.316
2026-07-11 16:04:18,3,3,0,119,25.924,35.917
2026-07-11 16:08:53,4,4,0,114,24.661,38.751
2026-07-11 16:13:35,2,2,0,93,24.397,39.256
2026-07-11 16:18:35,4,4,0,146,24.535,37.587
2026-07-11 16:23:36,3,4,0,147,24.367,38.266
2026-07-11 16:28:44,3,3,0,170,24.322,37.011
2026-07-11 16:33:35,4,4,0,161,23.953,37.688
2026-07-11 16:38:42,2,2,0,179,23.109,39.752
2026-07-11 16:43:36,3,4,0,174,22.752,40.431
2026-07-11 16:48:36,3,3,0,304,23.272,41.663
2026-07-11 16:53:35,1,1,0,181,22.466,40.015
2026-07-11 16:58:35,4,4,0,195,21.844,43.926
2026-07-11 17:03:39,4,5,0,197,21.521,43.825
2026-07-11 17:08:36,2,2,0,184,21.627,40.929
2026-07-11 17:13:35,5,5,0,250,21.243,46.602
2026-07-11 17:18:36,5,5,0,234,20.476,47.672
2026-07-11 17:23:36,7,8,0,133,21.67,42.299
2026-07-11 17:28:36,6,6,0,130,21.555,41.429
2026-07-11 17:33:36,1,2,0,159,21.085,44.05
2026-07-11 17:38:36,41,49,0,255,19.761,49.245
2026-07-11 17:43:36,4,4,0,228,19.296,50.897
2026-07-11 17:48:35,6,6,0,164,19.451,48.459
2026-07-11 17:53:36,5,5,0,111,19.467,48.055
2026-07-11 17:58:45,3,3,0,203,18.84,51.385
2026-07-11 18:03:36,4,4,0,57,19.974,46.611
2026-07-11 18:08:36,16,16,0,253,18.394,51.99
2026-07-11 18:13:36,3,4,0,172,18.041,53.083
2026-07-11 18:18:36,13,14,0,150,17.673,53.674
2026-07-11 18:23:36,4,4,0,150,17.398,54.571
2026-07-11 18:28:36,6,6,0,163,17.32,54.62
2026-07-11 18:33:36,5,5,0,199,17.155,54.697
2026-07-11 18:38:36,6,7,0,221,16.882,56.079
2026-07-11 18:43:37,7,7,0,90,17.155,54.315
2026-07-11 18:48:37,8,8,0,113,17.651,53.35
2026-07-11 18:53:37,8,8,0,163,16.813,56.451
2026-07-11 18:58:37,7,7,0,260,16.936,56.888
2026-07-11 19:03:37,7,8,0,249,16.674,57.188
2026-07-11 19:08:37,6,6,0,98,17.026,55.866
2026-07-11 19:13:37,7,7,0,107,16.741,56.957
2026-07-11 19:18:37,6,6,0,89,16.952,56.146
2026-07-11 19:23:37,8,8,0,135,16.621,57.808
2026-07-11 19:28:37,6,6,0,154,16.407,58.391
2026-07-11 19:33:37,19,20,0,282,16.506,57.626
2026-07-11 19:38:37,4,4,0,163,16.094,59.188
2026-07-11 19:43:37,7,9,0,152,15.98,59.045
2026-07-11 19:48:37,4,6,0,162,15.697,60.243
2026-07-11 19:53:45,7,7,0,203,15.675,60.615
2026-07-11 19:58:37,6,7,0,162,16.143,57.525
2026-07-11 20:03:37,6,6,0,124,16.292,56.583
2026-07-11 20:08:37,4,4,0,144,15.964,55.995
2026-07-11 20:13:37,24,24,0,236,16.118,55.496
2026-07-11 20:18:37,8,8,0,182,16.682,52.968
2026-07-11 20:23:37,6,6,0,102,16.928,51.536
2026-07-11 20:28:37,6,6,0,100,17.181,52.352
2026-07-11 20:33:37,7,7,0,519,16.639,54.918
2026-07-11 20:38:37,4,5,0,429,16.503,55.395
2026-07-11 20:43:37,28,29,0,441,16.386,54.357
2026-07-11 20:48:38,14,15,0,432,16.359,54.416
2026-07-11 20:53:37,31,35,0,643,16.199,55.4
2026-07-11 20:58:37,19,20,0,453,15.98,56.35
2026-07-11 21:03:38,6,6,0,423,15.702,58.193
2026-07-11 21:08:37,6,7,0,609,15.496,58.149
2026-07-11 21:13:37,14,14,0,542,15.109,59.633
2026-07-11 21:18:37,24,26,0,408,15.312,58.658
2026-07-11 21:23:37,21,21,0,369,14.917,60.499
2026-07-11 21:28:38,5,5,0,317,14.85,60.609
2026-07-11 21:33:37,1,1,0,221,14.754,60.566
2026-07-11 21:38:38,45,54,0,310,14.522,61.508
2026-07-11 21:43:38,5,6,0,383,14.239,62.906
2026-07-11 21:48:38,17,18,0,368,14.263,61.563
2026-07-11 21:53:39,12,14,0,461,14.124,62.059
2026-07-11 21:58:38,5,5,0,296,14.078,61.973
2026-07-11 22:03:39,22,24,0,667,13.803,63.335
2026-07-11 22:08:39,9,9,0,586,13.608,64.142
2026-07-11 22:13:38,12,12,0,337,13.809,62.812
2026-07-11 22:18:39,20,22,0,402,13.835,62.994
2026-07-11 22:23:39,8,8,0,427,13.542,64.083
2026-07-11 22:28:39,20,22,0,502,13.176,64.995
2026-07-11 22:33:39,24,24,0,459,13.034,65.372
2026-07-11 22:38:39,8,10,0,350,13.181,65.021
2026-07-11 22:43:39,3,4,0,243,13.01,65.832
2026-07-11 22:48:39,5,5,0,304,12.412,68.281
2026-07-11 22:53:39,12,13,0,401,12.343,68.201
2026-07-11 22:58:40,3,3,0,331,12.465,67.894
2026-07-11 23:03:39,12,14,0,566,12.281,69.008
2026-07-11 23:08:39,4,4,0,397,12.644,67.047
2026-07-11 23:13:39,10,12,0,398,12.631,67.234
2026-07-11 23:18:38,14,15,0,413,12.49,67.285
2026-07-11 23:23:39,22,24,0,537,12.391,67.508
2026-07-11 23:28:38,16,18,0,429,12.551,66.625
2026-07-11 23:33:39,6,6,0,461,12.113,69.235
2026-07-11 23:38:39,7,10,0,434,12.161,68.367
2026-07-11 23:43:39,4,5,0,282,12.212,67.604
2026-07-11 23:48:39,2,2,0,379,11.939,69.025
2026-07-11 23:53:39,4,4,0,308,11.859,68.893
2026-07-11 23:58:39,4,4,0,224,12.396,66.736
2026-07-12 00:03:39,4,4,0,222,12.452,66.749
2026-07-12 00:08:45,3,5,0,261,11.953,68.945
2026-07-12 00:13:39,10,10,0,337,11.819,69.177
2026-07-12 00:18:39,26,29,0,477,11.704,69.254
2026-07-12 00:23:39,29,29,0,570,11.769,69.063
2026-07-12 00:28:39,17,20,0,426,11.576,69.748
2026-07-12 00:33:44,38,45,0,508,11.392,70.249
2026-07-12 00:38:39,41,46,0,632,11.654,69.107
2026-07-12 00:43:40,33,35,0,872,10.949,71.123
2026-07-12 00:48:48,22,22,0,590,11.026,71.523
2026-07-12 00:53:40,12,13,0,434,10.869,72.103
2026-07-12 00:58:40,10,13,0,460,10.559,73.211
2026-07-12 01:03:40,9,12,0,377,10.869,72.208
2026-07-12 01:08:40,9,9,0,449,11.034,71.499
2026-07-12 01:13:40,8,9,0,437,10.791,72.473
2026-07-12 01:18:59,5,5,0,440,10.607,73.12
2026-07-12 01:23:40,7,7,0,394,10.495,73.469
2026-07-12 01:28:40,9,12,0,457,10.359,73.828
2026-07-12 01:33:40,10,10,0,466,10.409,73.217
2026-07-12 01:38:40,12,12,0,423,10.468,73.448
2026-07-12 01:43:40,5,5,0,306,10.746,72.637
2026-07-12 01:48:40,8,8,0,325,10.759,72.845
2026-07-12 01:53:40,7,7,0,390,10.54,73.791
2026-07-12 01:58:40,8,8,0,401,10.42,73.608
2026-07-12 02:03:40,12,15,0,437,10.343,73.429
2026-07-12 02:08:40,22,22,0,454,10.537,72.937
2026-07-12 02:13:40,17,18,0,450,10.642,71.676
2026-07-12 02:18:40,10,10,0,343,10.495,73.046
2026-07-12 02:23:40,13,16,0,367,10.132,74.411
2026-07-12 02:28:40,5,7,0,397,10.19,73.986
2026-07-12 02:33:40,8,8,0,400,9.958,75.184
2026-07-12 02:38:41,5,5,0,415,9.969,75.254
2026-07-12 02:43:40,7,8,0,380,9.934,75.365
2026-07-12 02:48:41,7,7,0,431,9.627,76.038
2026-07-12 02:53:40,8,8,0,413,9.854,75.373
2026-07-12 02:58:40,8,10,0,395,10.043,74.617
2026-07-12 03:03:40,13,13,0,472,9.857,74.673
2026-07-12 03:08:40,20,21,0,466,9.659,75.565
2026-07-12 03:13:40,13,15,0,397,9.784,75.977
2026-07-12 03:18:40,10,10,0,470,9.333,76.79
2026-07-12 03:23:40,21,21,0,526,9.357,76.189
2026-07-12 03:28:41,13,16,0,464,9.651,75.289
2026-07-12 03:33:40,9,9,0,416,9.592,75.992
2026-07-12 03:38:41,10,10,0,481,9.096,77.387
2026-07-12 03:43:42,22,24,0,728,8.962,77.104
2026-07-12 03:48:41,9,9,0,509,9.104,77.461
2026-07-12 03:53:41,8,8,0,447,9.208,77.684
2026-07-12 03:58:42,9,9,0,464,9.202,77.343
2026-07-12 04:03:42,7,8,0,458,9.272,77.244
2026-07-12 04:08:42,9,9,0,514,9.063,77.509
2026-07-12 04:13:42,20,21,0,540,8.973,77.635
2026-07-12 04:18:42,16,20,0,501,9.16,76.778
2026-07-12 04:23:42,16,18,0,517,9.125,76.265
2026-07-12 04:28:42,18,18,0,529,8.845,77.253
2026-07-12 04:33:42,18,19,0,527,8.663,77.799
2026-07-12 04:38:42,9,10,0,448,8.529,79.752
2026-07-12 04:43:42,6,8,0,402,8.585,80.017
2026-07-12 04:48:42,9,9,0,342,8.89,78.995
2026-07-12 04:53:42,7,7,0,387,8.62,80.032
2026-07-12 04:58:51,4,4,0,386,9.034,78.64
2026-07-12 05:03:41,4,6,0,398,8.732,79.189
2026-07-12 05:08:42,7,8,0,428,8.783,78.993
2026-07-12 05:13:42,9,9,0,441,8.708,79.134
2026-07-12 05:18:42,9,9,0,433,8.716,79.023
2026-07-12 05:23:42,6,7,0,338,8.644,80.091
2026-07-12 05:28:42,7,8,0,382,8.631,79.603
2026-07-12 05:33:42,6,6,0,378,8.356,80.431
2026-07-12 05:38:42,4,6,0,418,8.698,78.974
2026-07-12 05:43:42,4,4,0,377,8.537,79.775
2026-07-12 05:48:42,7,8,0,399,8.316,80.261
2026-07-12 05:53:42,8,8,0,402,8.484,79.38
2026-07-12 05:58:51,7,7,0,415,8.46,78.823
2026-07-12 06:03:51,8,8,0,436,8.548,78.932
2026-07-12 06:08:42,7,8,0,387,8.567,78.997
2026-07-12 06:13:42,14,17,0,436,8.457,78.913
2026-07-12 06:18:42,11,13,0,416,8.439,79.09
2026-07-12 06:23:42,8,9,0,375,8.724,78.556
2026-07-12 06:28:42,2,4,0,286,8.927,78.11
2026-07-12 06:34:03,3,3,0,305,8.826,78.768
2026-07-12 06:38:49,2,2,0,324,8.217,80.79
2026-07-12 06:43:43,3,3,0,439,8.31,79.908
2026-07-12 06:48:43,4,4,0,453,8.049,80.353
2026-07-12 06:53:43,4,4,0,392,8.308,79.636
2026-07-12 06:58:43,3,3,0,428,8.278,78.894
2026-07-12 07:03:43,3,3,0,426,8.129,80.139
2026-07-12 07:08:43,3,3,0,422,7.808,80.152
2026-07-12 07:13:43,9,9,0,395,8.252,79.445
2026-07-12 07:18:43,8,8,0,411,8.455,78.228
2026-07-12 07:23:43,3,4,0,406,8.236,79.235
2026-07-12 07:28:43,6,6,0,387,7.902,80.576
2026-07-12 07:33:43,4,6,0,422,7.627,80.688
2026-07-12 07:38:43,8,8,0,399,7.488,82.073
2026-07-12 07:43:49,3,3,0,418,7.605,81.219
2026-07-12 07:48:43,4,4,0,338,8.113,80.118
2026-07-12 07:53:44,3,3,0,385,7.632,81.737
2026-07-12 07:58:43,5,5,0,319,8.027,81.224
2026-07-12 08:03:43,6,7,0,298,8.42,79.801
2026-07-12 08:08:43,8,9,0,366,8.198,80.33
2026-07-12 08:13:44,18,21,0,388,7.947,80.78
2026-07-12 08:18:43,11,18,0,396,8.033,80.749
2026-07-12 08:23:43,4,4,0,392,8.334,80.217
2026-07-12 08:28:44,11,13,0,433,8.265,80.151
2026-07-12 08:33:43,13,13,0,506,8.262,80.707
2026-07-12 08:38:43,8,8,0,363,8.746,78.062
2026-07-12 08:43:43,4,7,0,352,8.695,78.38
2026-07-12 08:48:43,19,22,0,332,8.949,78.876
2026-07-12 08:53:43,11,15,0,413,8.788,79.431
2026-07-12 08:58:43,7,8,0,347,8.938,79.605
2026-07-12 09:03:44,9,9,0,391,9.047,78.497
2026-07-12 09:08:43,27,28,0,387,8.997,79.634
2026-07-12 09:13:43,7,8,0,364,9.154,78.026
2026-07-12 09:18:43,9,9,0,518,9.325,76.937
2026-07-12 09:23:43,10,13,0,382,10.473,74.884
2026-07-12 09:28:43,8,8,0,403,13.865,63.419
2026-07-12 09:33:50,10,10,0,396,14.623,61.702
2026-07-12 09:38:52,31,35,0,388,13.683,63.627
2026-07-12 09:43:45,44,52,0,418,13.261,63.484
2026-07-12 09:48:44,15,17,0,368,13.387,65.523
2026-07-12 09:53:45,5,6,0,283,13.763,64.802
2026-07-12 09:58:44,4,4,0,345,14.434,62.208
2026-07-12 10:03:45,6,6,0,362,15.157,59.354
2026-07-12 10:08:45,6,7,0,366,15.675,56.974
2026-07-12 10:13:45,12,13,0,310,16.022,58.25
2026-07-12 10:18:45,8,8,0,316,16.193,56.213
2026-07-12 10:23:45,9,9,0,266,16.535,54.477
2026-07-12 10:28:45,6,7,0,249,16.968,53.564
2026-07-12 10:33:45,4,4,0,219,17.301,50.983
2026-07-12 10:39:06,6,6,0,283,17.71,50.664
2026-07-12 10:43:45,6,6,0,151,18.02,49.135
2026-07-12 10:48:45,7,7,0,179,18.482,49.369
2026-07-12 10:53:53,4,4,0,231,18.912,50.075
2026-07-12 10:58:45,5,5,0,183,19.099,49.436
2026-07-12 11:03:45,5,5,0,131,19.328,45.78
2026-07-12 11:08:45,3,3,0,123,20.097,42.772
2026-07-12 11:13:45,7,7,0,114,19.432,45.11
2026-07-12 11:18:45,6,6,0,58,20.103,43.846
2026-07-12 11:23:45,4,4,0,129,20.997,44.303
2026-07-12 11:28:45,7,7,0,126,21.2,42.426
2026-07-12 11:33:45,7,7,0,176,21.224,44.122
2026-07-12 11:38:45,4,5,0,87,21.099,43.826
2026-07-12 11:43:45,4,5,0,60,21.032,44.504
2026-07-12 11:48:45,3,3,0,12,21.099,43.531
2026-07-12 11:53:45,3,3,0,35,22.431,40.321
2026-07-12 11:58:45,3,3,0,122,22.837,39.659
2026-07-12 12:03:45,3,3,0,67,23.088,39.516
2026-07-12 12:08:45,0,1,0,0,22.242,40.221
2026-07-12 12:13:45,1,1,0,0,22.88,38.81
2026-07-12 12:18:45,2,2,0,72,23.483,42.19
2026-07-12 12:24:09,2,2,0,94,24.199,40.983
2026-07-12 12:28:45,0,0,0,80,24.055,40.004
2026-07-12 12:33:56,2,2,0,34,24.541,38.755
2026-07-12 12:38:45,1,1,0,17,24.378,38.503
2026-07-12 12:43:46,3,3,0,47,25.155,40.086
2026-07-12 12:48:47,1,1,0,54,25.152,38.335
2026-07-12 12:53:46,1,1,0,59,25.206,36.397
2026-07-12 12:58:46,0,0,0,0,25,35.924
2026-07-12 13:03:47,0,1,0,0,25.334,36.144
2026-07-12 13:08:46,1,1,0,0,25.609,36.494
2026-07-12 13:13:46,3,3,0,0,25.668,34.347
2026-07-12 13:18:46,3,3,0,0,26.159,32.329
2026-07-12 13:23:46,1,1,0,0,26.308,34.528
2026-07-12 13:28:55,0,0,0,0,26.089,37.244
2026-07-12 13:33:46,2,3,0,0,26.538,33.136
2026-07-12 13:38:46,0,0,0,0,27.128,35.064
2026-07-12 13:43:46,2,2,0,0,27.438,33.775
2026-07-12 13:48:46,2,3,0,0,27.393,32.243
2026-07-12 13:53:46,1,1,0,0,27.598,33.647
2026-07-12 13:58:47,3,3,0,0,27.782,31.547
2026-07-12 14:03:46,3,5,0,0,27.988,32.706
2026-07-12 14:08:46,3,3,0,0,28.164,31.888
2026-07-12 14:13:47,7,7,0,91,28.223,32.117
2026-07-12 14:18:47,2,2,0,20,28.418,33.229
2026-07-12 14:23:47,5,7,0,41,28.57,31.999
2026-07-12 14:28:47,5,5,0,0,28.429,30.612
2026-07-12 14:33:47,4,5,0,0,28.658,31.495
2026-07-12 14:38:47,4,4,0,0,28.188,33.183
2026-07-12 14:43:47,4,4,0,0,28.498,33.841
2026-07-12 14:48:47,3,3,0,0,28.626,35.793
2026-07-12 14:53:47,3,3,0,0,28.893,34.835
2026-07-12 14:58:47,3,3,0,0,29.11,34.457
2026-07-12 15:03:46,2,2,0,0,29.203,32.685
2026-07-12 15:08:47,3,3,0,0,28.819,36.393
2026-07-12 15:13:47,2,2,0,0,29.224,34.282
2026-07-12 15:18:47,3,3,0,0,29.302,33.734
2026-07-12 15:23:47,2,2,0,0,28.298,36.811
2026-07-12 15:28:47,3,3,0,0,28.503,36.966
2026-07-12 15:33:47,3,3,0,0,28.084,37.572
2026-07-12 15:38:47,4,4,0,0,28.37,37.093
2026-07-12 15:43:48,4,4,0,0,28.114,38.079
2026-07-12 15:48:48,3,3,0,0,27.911,39.88
2026-07-12 15:53:48,2,4,0,24,28.418,38.844
2026-07-12 15:58:54,3,3,0,0,27.935,36.599
2026-07-12 16:03:58,2,2,0,0,27.339,41.642
2026-07-12 16:08:48,1,1,0,0,27.262,38.747
2026-07-12 16:13:48,1,1,0,0,26.813,38.133
2026-07-12 16:18:48,0,0,0,0,26.239,38.364
2026-07-12 16:23:48,1,1,0,179,26.311,40.199
2026-07-12 16:28:49,0,1,0,109,25.689,40.618
2026-07-12 16:33:48,1,1,0,0,24.621,42.23
2026-07-12 16:38:48,1,1,0,0,24.028,43.54
2026-07-12 16:43:48,0,1,0,21,23.686,45.032
2026-07-12 16:48:48,1,1,0,0,23.9,43.643
2026-07-12 16:53:48,0,0,0,0,22.987,45.123
2026-07-12 16:58:48,0,0,0,76,22.856,47.635
2026-07-12 17:03:48,1,2,0,26,22.768,44.473
2026-07-12 17:08:48,2,2,0,56,22.709,45.738
2026-07-12 17:13:48,4,4,0,88,22.388,45.579
2026-07-12 17:18:49,8,8,0,84,22.407,45.349
2026-07-12 17:23:48,5,5,0,46,21.777,46.955
2026-07-12 17:28:49,5,5,0,153,21.123,49.056
2026-07-12 17:33:48,4,4,0,124,20.607,51.002
2026-07-12 17:38:48,5,7,0,100,20.38,49.694
2026-07-12 17:43:49,5,5,0,138,20.025,51.935
2026-07-12 17:48:55,7,8,0,65,19.635,50.842
2026-07-12 17:53:48,9,11,0,38,19.673,50.836
2026-07-12 17:58:49,11,13,0,132,18.679,55.168
2026-07-12 18:03:48,12,13,0,113,18.308,55.814
2026-07-12 18:08:48,15,18,0,302,17.862,57.342
2026-07-12 18:13:48,13,15,0,153,17.673,57.996
2026-07-12 18:18:49,13,14,0,143,17.905,56.739
2026-07-12 18:23:48,15,17,0,66,18.284,54.838
2026-07-12 18:28:48,18,18,0,41,17.873,55.526
2026-07-12 18:33:48,20,22,0,41,17.699,55.578
2026-07-12 18:38:48,23,25,0,88,17.371,56.955
2026-07-12 18:43:49,22,24,0,31,17.646,55.62
2026-07-12 18:48:49,22,24,0,71,17.798,55.21
2026-07-12 18:53:50,23,26,0,58,17.811,54.346
2026-07-12 18:58:50,18,20,0,51,18.308,52.413
2026-07-12 19:03:50,20,22,0,79,18.57,51.488
2026-07-12 19:08:50,18,18,0,11,18.492,49.203
2026-07-12 19:13:50,13,15,0,0,19.561,47.78
2026-07-12 19:18:59,22,22,0,96,18.623,51.334
2026-07-12 19:23:49,25,25,0,172,17.929,53.707
2026-07-12 19:29:00,16,18,0,25,18.052,51.898
2026-07-12 19:33:50,12,15,0,0,18.1,51.654
2026-07-12 19:38:50,13,14,0,0,18.273,50.636
2026-07-12 19:43:50,15,18,0,0,18.281,50.306
2026-07-12 19:48:50,19,22,0,0,18.442,50.037
2026-07-12 19:53:50,36,40,0,199,17.977,52.042
2026-07-12 19:58:50,18,18,0,40,18.108,51.527
2026-07-12 20:03:50,20,20,0,8,17.579,53.583
2026-07-12 20:08:50,19,24,0,0,16.941,55.95
2026-07-12 20:13:50,19,20,0,0,16.981,55.315
2026-07-12 20:18:49,21,23,0,0,16.583,57.504
2026-07-12 20:23:50,15,16,0,0,16.559,57.67
2026-07-12 20:28:59,11,14,0,22,16.474,57.521
2026-07-12 20:33:50,19,20,0,37,16.07,58.879
2026-07-12 20:38:50,12,13,0,0,16.698,55.925
2026-07-12 20:43:50,16,16,0,9,16.006,58.979
2026-07-12 20:48:50,9,9,0,0,15.929,58.956
2026-07-12 20:53:50,9,9,0,0,16.078,58.237
2026-07-12 20:58:50,7,7,0,0,15.624,59.867
2026-07-12 21:03:50,7,7,0,0,15.579,59.846
2026-07-12 21:08:50,7,7,0,0,15.657,59.312
2026-07-12 21:13:50,17,18,0,418,15.018,62.727
2026-07-12 21:18:50,11,11,0,252,15.221,61.659
2026-07-12 21:23:50,6,7,0,245,14.757,62.645
2026-07-12 21:29:00,8,8,0,78,14.586,63.707
2026-07-12 21:33:50,21,23,0,181,14.241,64.67
2026-07-12 21:38:50,9,11,0,105,14.532,63.619
2026-07-12 21:43:51,8,8,0,60,14.297,64.459
2026-07-12 21:48:51,9,9,0,165,14.18,65.174
2026-07-12 21:53:51,8,8,0,116,14.105,65.242
2026-07-12 21:58:51,7,7,0,95,13.964,65.838
2026-07-12 22:03:51,4,5,0,111,13.731,66.549
2026-07-12 22:08:51,9,9,0,94,13.833,66.284
2026-07-12 22:13:51,8,8,0,168,13.614,67.255
2026-07-12 22:18:51,7,7,0,130,13.627,66.883
2026-07-12 22:23:51,24,24,0,493,13.403,68.55
2026-07-12 22:28:51,6,8,0,363,13.614,67.024
2026-07-12 22:33:51,5,5,0,257,13.739,66.822
2026-07-12 22:38:51,15,16,0,340,13.502,67.602
2026-07-12 22:43:51,19,21,0,366,13.36,67.938
2026-07-12 22:48:51,7,10,0,230,13.034,69.057
2026-07-12 22:53:51,13,17,0,117,13.349,67.552
2026-07-12 22:58:51,24,24,0,145,13.421,67.239
2026-07-12 23:03:51,16,17,0,135,13.082,68.557
2026-07-12 23:08:52,15,16,0,344,12.786,69.793
2026-07-12 23:13:51,6,7,0,270,12.636,69.992
2026-07-12 23:18:51,9,9,0,327,12.599,69.942
2026-07-12 23:23:51,7,7,0,253,12.263,71.575
2026-07-12 23:28:51,25,25,0,289,12.14,71.724
2026-07-12 23:33:51,6,6,0,70,12.727,69.322
2026-07-12 23:38:51,5,5,0,97,12.324,70.934
2026-07-12 23:43:52,6,6,0,77,12.551,69.86
2026-07-12 23:48:52,8,8,0,243,12.471,70.127
2026-07-12 23:53:51,8,9,0,266,12.289,70.812
2026-07-12 23:58:59,6,7,0,307,12.057,71.47
2026-07-13 00:03:51,9,10,0,234,12.02,70.619
2026-07-13 00:08:51,10,12,0,222,11.929,70.785
2026-07-13 00:13:51,6,6,0,167,12.068,69.53
2026-07-13 00:18:52,6,6,0,281,11.91,70.637
2026-07-13 00:23:52,9,10,0,363,11.699,70.942
2026-07-13 00:28:52,17,18,0,323,11.515,71.377
2026-07-13 00:33:51,9,12,0,228,11.456,71.016
2026-07-13 00:38:51,8,8,0,214,11.515,70.564
2026-07-13 00:43:53,6,9,0,277,11.221,71.649
2026-07-13 00:48:52,6,9,0,310,10.986,72.193
2026-07-13 00:53:53,8,10,0,320,11.09,71.81
2026-07-13 00:58:53,10,10,0,292,11.117,71.06
2026-07-13 01:03:52,6,9,0,342,10.951,71.455
2026-07-13 01:08:53,12,12,0,270,11.088,70.732
2026-07-13 01:13:53,9,10,0,332,10.877,71.18
2026-07-13 01:18:53,8,8,0,222,11.488,69.271
2026-07-13 01:23:53,8,9,0,269,11.381,69.582
2026-07-13 01:28:53,9,10,0,229,11.264,69.633
2026-07-13 01:33:52,5,5,0,304,10.81,71.552
2026-07-13 01:39:01,12,12,0,312,11.061,70.692
2026-07-13 01:43:53,10,12,0,460,10.847,71.342
2026-07-13 01:48:53,16,16,0,415,10.7,72.319
2026-07-13 01:53:53,19,22,0,398,10.54,72.902
2026-07-13 01:58:53,18,22,0,396,10.521,72.721
2026-07-13 02:03:53,22,23,0,456,10.524,73.107
2026-07-13 02:08:53,23,23,0,474,10.505,73.198
2026-07-13 02:13:53,17,20,0,458,10.15,74.007
2026-07-13 02:18:53,21,23,0,477,10.038,74.127
2026-07-13 02:23:53,17,17,0,492,9.969,74.465
2026-07-13 02:28:53,20,22,0,489,9.987,74.354
2026-07-13 02:33:53,22,23,0,487,9.83,74.323
2026-07-13 02:38:53,23,28,0,481,9.533,75.542
2026-07-13 02:43:53,22,24,0,478,9.528,74.968
2026-07-13 02:48:53,22,22,0,386,9.48,77.125
2026-07-13 02:53:53,20,24,0,369,9.475,78.01
2026-07-13 02:58:53,21,23,0,379,9.352,78.049
2026-07-13 03:04:00,20,24,0,291,9.742,78.306
2026-07-13 03:08:53,18,20,0,350,9.632,78.449
2026-07-13 03:13:53,23,27,0,340,9.632,78.079
2026-07-13 03:18:53,21,23,0,252,9.742,79.218
2026-07-13 03:23:53,19,21,0,339,9.403,79.903
2026-07-13 03:28:53,17,20,0,364,9.363,78.781
2026-07-13 03:33:53,20,23,0,346,9.098,80.522
2026-07-13 03:38:53,20,23,0,361,9.36,79.668
2026-07-13 03:43:54,21,22,0,583,8.957,79.586
2026-07-13 03:48:54,23,23,0,460,9.112,79.637
2026-07-13 03:53:54,24,24,0,423,8.965,81.108
2026-07-13 03:58:54,22,22,0,468,8.796,80.244
2026-07-13 04:03:54,26,26,0,448,8.748,80.156
2026-07-13 04:08:54,23,23,0,455,8.556,80.505
2026-07-13 04:13:54,29,29,0,470,8.78,79.437
2026-07-13 04:18:54,22,26,0,484,8.631,80.112
2026-07-13 04:23:54,24,28,0,440,8.481,81.057
2026-07-13 04:28:54,24,24,0,448,8.511,81.112
2026-07-13 04:33:54,24,24,0,396,8.631,81.051
2026-07-13 04:38:54,22,24,0,336,8.738,83.41
2026-07-13 04:43:54,24,27,0,331,8.62,84.093
2026-07-13 04:48:54,22,23,0,401,8.65,81.377
2026-07-13 04:53:54,26,28,0,416,8.457,82.371
2026-07-13 04:58:55,30,32,0,430,8.337,83.042
2026-07-13 05:03:54,27,29,0,424,8.313,83.387
2026-07-13 05:08:54,24,26,0,376,8.305,83.767
2026-07-13 05:13:54,23,24,0,402,8.105,83.584
2026-07-13 05:19:01,27,28,0,426,8.014,83.586
2026-07-13 05:23:54,28,30,0,421,8.083,84.558
2026-07-13 05:28:55,27,30,0,414,8.078,83.78
2026-07-13 05:33:54,27,27,0,581,7.91,83
2026-07-13 05:38:54,23,24,0,485,7.897,83.281
2026-07-13 05:43:55,27,27,0,425,7.734,85.346
2026-07-13 05:48:54,26,26,0,437,7.795,85.394
2026-07-13 05:53:54,25,27,0,459,7.736,82.354
2026-07-13 05:58:54,23,25,0,470,7.71,83.132
2026-07-13 06:03:55,24,28,0,460,7.771,83.063
2026-07-13 06:08:54,24,27,0,435,7.646,82.277
2026-07-13 06:13:55,27,29,0,479,7.467,83.021
2026-07-13 06:18:55,24,28,0,478,7.317,84.896
2026-07-13 06:23:54,30,30,0,480,7.499,83.977
2026-07-13 06:28:55,24,28,0,504,7.21,84.116
2026-07-13 06:33:55,28,32,0,459,6.858,85.968
2026-07-13 06:39:01,31,34,0,585,7.21,84.087
2026-07-13 06:43:56,24,24,0,729,6.879,83.893
2026-07-13 06:48:56,25,29,0,525,6.917,84.694
2026-07-13 06:53:56,31,35,0,565,6.858,85.356
2026-07-13 06:58:55,30,30,0,574,6.991,84.068
2026-07-13 07:03:56,27,28,0,553,6.663,84.042
2026-07-13 07:08:56,32,34,0,529,6.78,85.358
2026-07-13 07:13:56,33,38,0,454,6.922,86.969
2026-07-13 07:18:56,28,33,0,435,6.818,85.63
2026-07-13 07:23:55,33,38,0,461,6.938,86.325
2026-07-13 07:28:56,33,36,0,489,7.021,84.549
2026-07-13 07:33:56,40,44,0,571,6.999,85.268
2026-07-13 07:39:04,43,48,0,589,6.935,86.615
2026-07-13 07:44:05,38,41,0,1049,7.002,86.206
2026-07-13 07:48:56,35,35,0,704,6.981,85.911
2026-07-13 07:53:56,36,36,0,748,6.796,87.544
2026-07-13 07:58:56,31,34,0,493,7.061,86.638
2026-07-13 08:03:56,33,34,0,467,7.328,86.752
2026-07-13 08:08:56,36,39,0,701,7.408,86.18
2026-07-13 08:13:56,34,34,0,510,7.119,85.606
2026-07-13 08:18:56,38,45,0,781,6.858,86.746
2026-07-13 08:23:56,50,61,0,1166,7.312,85.707
2026-07-13 08:28:56,40,45,0,1186,7.491,85.129
2026-07-13 08:33:56,54,67,0,586,7.285,87.317
2026-07-13 08:38:56,49,57,0,600,7.36,86.668
2026-07-13 08:43:56,45,51,0,591,7.728,84.845
2026-07-13 08:48:56,39,43,0,642,7.694,85.276
2026-07-13 08:53:56,36,39,0,625,7.806,84.879
2026-07-13 08:58:56,33,33,0,507,7.963,84.513
2026-07-13 09:03:56,33,34,0,529,7.982,84.021
2026-07-13 09:08:56,30,32,0,505,7.664,85.682
2026-07-13 09:13:56,25,30,0,416,8.206,83.79
2026-07-13 09:18:56,31,33,0,577,8.132,84.77
2026-07-13 09:23:56,34,37,0,526,9.654,78.73
2026-07-13 09:28:56,32,34,0,446,12.247,71.276
2026-07-13 09:33:56,35,38,0,467,14.044,64.766
2026-07-13 09:38:56,36,42,0,439,13.4,66.709
2026-07-13 09:43:57,39,45,0,654,12.476,70.77
2026-07-13 09:48:57,38,44,0,492,12.479,69.235
2026-07-13 09:53:57,37,40,0,526,12.781,69.774
2026-07-13 09:58:57,40,44,0,464,13.013,69.977
2026-07-13 10:03:58,36,41,0,474,13.16,69.654
2026-07-13 10:08:58,36,43,0,527,14.116,66.229
2026-07-13 10:13:58,35,41,0,507,15.024,61.18
2026-07-13 10:18:57,33,37,0,304,15.253,58.635
2026-07-13 10:23:57,33,37,0,319,15.761,57.678
2026-07-13 10:28:57,35,39,0,289,15.323,57.939
2026-07-13 10:33:57,39,45,0,304,15.875,56.882
2026-07-13 10:38:57,34,38,0,285,16.621,55.038
2026-07-13 10:43:58,35,38,0,313,17.064,54.281
2026-07-13 10:48:58,35,40,0,283,17.571,52.556
2026-07-13 10:53:58,36,42,0,234,17.344,52.36
2026-07-13 10:58:57,33,37,0,199,17.654,49.921
2026-07-13 11:03:58,33,36,0,200,17.416,51.094
2026-07-13 11:08:57,29,33,0,256,18.081,51.387
2026-07-13 11:13:58,29,31,0,315,18.757,50.098
2026-07-13 11:18:57,32,33,0,195,18.84,48.706
2026-07-13 11:23:57,26,26,0,194,19.176,47.733
2026-07-13 11:28:58,29,29,0,263,19.822,46.283
2026-07-13 11:33:58,29,30,0,282,20.252,46.35
2026-07-13 11:38:57,27,27,0,237,20.858,43.187
2026-07-13 11:43:57,25,26,0,137,20.22,43.704
2026-07-13 11:49:06,22,24,0,88,21.603,43.628
2026-07-13 11:53:58,22,24,0,25,22.071,42.016
2026-07-13 11:58:58,25,26,0,0,22.164,39.563
2026-07-13 12:03:58,24,25,0,0,21.82,39.993
2026-07-13 12:08:57,30,33,0,70,21.993,40.504
2026-07-13 12:13:58,23,24,0,0,22.933,39.167
2026-07-13 12:18:58,25,26,0,0,23.606,38.419
2026-07-13 12:23:58,23,24,0,0,22.639,38.77
2026-07-13 12:28:58,25,26,0,0,23.43,38.003
2026-07-13 12:33:58,26,28,0,0,23.777,37.78
2026-07-13 12:38:58,25,26,0,0,23.646,38.129
2026-07-13 12:43:59,21,24,0,0,24.343,37.4
2026-07-13 12:48:59,23,23,0,0,24.818,37.324
2026-07-13 12:53:59,22,22,0,0,24.805,35.905
2026-07-13 12:58:59,23,24,0,0,25.438,34.425
2026-07-13 13:04:08,20,22,0,0,24.995,34.86
2026-07-13 13:08:59,25,27,0,0,25.398,35.03
2026-07-13 13:13:59,19,20,0,0,25.465,35.36
2026-07-13 13:18:59,22,22,0,0,25.387,34.475
2026-07-13 13:23:59,22,24,0,0,25.502,33.744
2026-07-13 13:28:59,15,19,0,0,25.16,33.343
2026-07-13 13:33:59,16,18,0,0,25.529,33.908
2026-07-13 13:38:59,17,18,0,0,25.571,34.766
2026-07-13 13:43:59,17,17,0,0,25.897,32.163
2026-07-13 13:48:59,13,15,0,0,25.849,33.544
2026-07-13 13:53:59,11,14,0,0,24.607,34.064
2026-07-13 13:58:59,13,13,0,0,25.417,34.887
2026-07-13 14:03:59,13,14,0,0,26.057,33.837
2026-07-13 14:08:59,9,9,0,0,25.315,32.783
2026-07-13 14:13:59,11,12,0,0,25.74,33.084
2026-07-13 14:18:59,6,7,0,0,25.296,33.862
2026-07-13 14:23:59,12,15,0,0,25.956,34.248
2026-07-13 14:28:59,7,7,0,0,26.252,34.211
2026-07-13 14:33:59,8,9,0,0,25.988,33.626
2026-07-13 14:38:59,8,8,0,0,26.071,32.132
2026-07-13 14:43:59,11,13,0,0,26.322,31.966
2026-07-13 14:48:59,8,8,0,0,26.503,32.457
2026-07-13 14:53:59,7,7,0,0,25.913,32.607
2026-07-13 14:58:59,7,7,0,0,26.108,32.926
2026-07-13 15:03:59,9,11,0,0,27.019,32.01
2026-07-13 15:08:59,14,16,0,0,25.326,34.026
2026-07-13 15:13:59,19,22,0,24,26.073,33.508
2026-07-13 15:18:59,17,21,0,0,26.469,32.598
2026-07-13 15:24:00,19,21,0,0,25.796,32.951
2026-07-13 15:28:59,19,19,0,0,25.697,32.262
2026-07-13 15:33:59,18,19,0,0,26.167,31.852
2026-07-13 15:38:59,11,12,0,0,26.511,31.451
2026-07-13 15:44:01,12,13,0,0,26.575,31.266
2026-07-13 15:49:00,28,31,0,0,25.483,32.823
2026-07-13 15:54:01,21,22,0,6,26.122,31.812
2026-07-13 15:59:08,17,18,0,0,25.505,31.688
2026-07-13 16:04:26,12,13,0,0,25.582,32.592
2026-07-13 16:09:00,17,19,0,13,25.037,32.809
2026-07-13 16:14:00,17,18,0,19,24.645,33.998
2026-07-13 16:19:00,20,22,0,7,25.929,33.256
2026-07-13 16:24:01,22,23,0,0,25.096,35.358
2026-07-13 16:29:00,20,23,0,0,24.615,35.651
2026-07-13 16:34:00,21,21,0,19,23.868,37.574
2026-07-13 16:39:00,20,20,0,29,23.98,37.229
2026-07-13 16:44:01,19,19,0,57,23.526,38.581
2026-07-13 16:49:09,18,19,0,158,23.571,38.537
2026-07-13 16:54:00,13,15,0,0,22.984,35.592
2026-07-13 16:59:01,13,14,0,12,23.312,36.899
2026-07-13 17:04:01,18,19,0,73,22.258,41.143
2026-07-13 17:09:10,17,18,0,62,21.988,41.904
2026-07-13 17:14:01,19,22,0,0,21.529,41.684
2026-07-13 17:19:01,17,18,0,30,21.123,42.301
2026-07-13 17:24:01,18,22,0,0,20.647,42.272
2026-07-13 17:29:01,15,17,0,0,20.418,43.125
2026-07-13 17:34:01,15,18,0,0,20.167,43.584
2026-07-13 17:39:01,11,14,0,0,19.47,46.129
2026-07-13 17:44:01,21,21,0,2,19.211,47.481
2026-07-13 17:49:08,18,20,0,58,18.741,47.674
2026-07-13 17:54:01,15,19,0,179,17.921,51.265
2026-07-13 17:59:04,17,18,0,97,16.941,54.929
2026-07-13 18:04:01,22,23,0,117,16.34,56.642
2026-07-13 18:09:01,22,25,0,125,16.215,56.84
2026-07-13 18:14:01,20,22,0,118,15.843,57.052
2026-07-13 18:19:01,26,27,0,123,15.739,58.391
2026-07-13 18:24:01,43,51,0,470,15.355,59.265
2026-07-13 18:29:10,20,23,0,54,15.36,58.282
2026-07-13 18:34:01,21,23,0,72,14.751,60.878
2026-07-13 18:39:01,25,27,0,141,14.417,61.885
2026-07-13 18:44:02,25,28,0,297,14.105,62.7
2026-07-13 18:49:02,21,23,0,95,14.15,62.072
2026-07-13 18:54:02,24,25,0,38,14.367,60.588
2026-07-13 18:59:02,21,25,0,72,14.108,60.899
2026-07-13 19:04:02,24,25,0,36,14.094,60.947
2026-07-13 19:09:02,21,23,0,7,13.966,60.873
2026-07-13 19:14:02,24,24,0,0,13.982,60.745
2026-07-13 19:19:02,26,27,0,7,14.02,60.848
2026-07-13 19:24:02,21,21,0,35,13.64,62.154
2026-07-13 19:29:02,25,25,0,43,13.63,62.36
2026-07-13 19:34:02,25,25,0,21,13.478,62.742
2026-07-13 19:39:02,26,27,0,49,13.475,63.242
2026-07-13 19:44:02,22,27,0,149,13.384,63.415
2026-07-13 19:49:02,27,27,0,203,12.919,65.62
2026-07-13 19:54:02,27,29,0,221,12.682,66.482
2026-07-13 19:59:02,21,25,0,177,12.634,66.85
2026-07-13 20:04:02,26,28,0,337,12.321,68.378
2026-07-13 20:09:02,24,26,0,125,12.393,67.198
2026-07-13 20:14:02,22,25,0,97,12.535,66.265
2026-07-13 20:19:02,22,26,0,120,12.404,66.858
2026-07-13 20:24:02,26,27,0,125,12.153,67.999
2026-07-13 20:29:02,26,28,0,110,12.212,68.002
2026-07-13 20:34:02,28,28,0,74,12.375,67.331
2026-07-13 20:39:03,31,31,0,78,12.687,65.916
2026-07-13 20:44:02,28,29,0,97,12.933,65.157
2026-07-13 20:49:02,28,28,0,139,12.417,67.598
2026-07-13 20:54:02,27,30,0,187,12.126,68.924
2026-07-13 20:59:02,29,31,0,508,12.353,68.96
2026-07-13 21:04:03,32,34,0,422,12.062,69.32
2026-07-13 21:09:02,37,41,0,398,12.287,68.372
2026-07-13 21:14:02,34,34,0,211,12.543,66.112
2026-07-13 21:19:03,30,31,0,160,12.679,65.126
2026-07-13 21:24:02,34,35,0,181,12.863,64.893
2026-07-13 21:29:02,45,54,0,642,12.658,66.763
2026-07-13 21:34:02,46,54,0,567,12.903,65.031
2026-07-13 21:39:03,32,34,0,55,14.132,60.663
2026-07-13 21:44:04,36,41,0,209,13.149,64.281
2026-07-13 21:49:03,34,37,0,188,12.861,64.876
2026-07-13 21:54:03,33,37,0,81,12.97,64.636
2026-07-13 21:59:03,33,37,0,236,12.962,65.212
2026-07-13 22:04:04,37,45,0,93,13.672,63.23
2026-07-13 22:09:04,40,50,0,304,13.443,64.344
2026-07-13 22:14:04,27,29,0,114,12.943,64.579
2026-07-13 22:19:04,31,33,0,164,12.634,66.301
2026-07-13 22:24:04,33,39,0,266,12.706,66.383
2026-07-13 22:29:03,32,33,0,283,12.602,66.778
2026-07-13 22:34:04,33,37,0,208,12.604,66.293
2026-07-13 22:39:03,44,54,0,461,12.206,67.65
2026-07-13 22:44:04,51,61,0,497,12.073,69.153
2026-07-13 22:49:04,32,32,0,312,11.902,69.731
2026-07-13 22:54:03,31,35,0,214,12.086,68.353
2026-07-13 22:59:04,29,30,0,246,11.939,69.044
2026-07-13 23:04:04,28,30,0,266,11.704,70.011
2026-07-13 23:09:04,27,29,0,337,11.536,71.523
2026-07-13 23:14:04,29,31,0,379,11.582,71.361
2026-07-13 23:19:04,34,35,0,562,11.59,71.352
2026-07-13 23:24:04,33,35,0,354,11.416,71.857
2026-07-13 23:29:04,33,36,0,310,11.309,72.244
2026-07-13 23:34:04,32,34,0,356,11.106,72.933
2026-07-13 23:39:04,33,34,0,373,10.863,73.904
2026-07-13 23:44:04,32,33,0,298,10.775,73.929
2026-07-13 23:49:04,31,31,0,299,10.837,74.306
2026-07-13 23:54:12,29,29,0,404,10.708,74.774
2026-07-13 23:59:04,25,25,0,352,10.834,73.85
2026-07-14 00:04:04,29,30,0,346,10.869,74.117
2026-07-14 00:09:04,27,30,0,331,10.81,74.255
2026-07-14 00:14:04,28,29,0,369,11.018,73.431
2026-07-14 00:19:04,32,36,0,386,10.727,74.594
2026-07-14 00:24:04,31,32,0,313,10.364,75.983
2026-07-14 00:29:04,29,32,0,325,10.554,75.594
2026-07-14 00:34:04,29,32,0,305,10.294,76.673
2026-07-14 00:39:04,28,30,0,371,10.634,75.889
2026-07-14 00:44:05,31,31,0,544,10.537,75.189
2026-07-14 00:49:05,35,38,0,521,10.497,75.409
2026-07-14 00:54:05,33,39,0,514,10.524,75.146
2026-07-14 00:59:05,38,42,0,588,10.228,76.044
2026-07-14 01:04:05,40,49,0,526,9.958,77.597
2026-07-14 01:09:05,42,53,0,489,9.763,78.51
2026-07-14 01:14:05,43,55,0,571,9.958,78.043
2026-07-14 01:19:05,42,53,0,602,10.086,77.806
2026-07-14 01:24:05,46,56,0,596,9.974,78.112
2026-07-14 01:29:05,38,45,0,397,9.715,79.222
2026-07-14 01:34:05,63,79,0,665,9.83,78.449
2026-07-14 01:39:05,40,46,0,419,10.003,78.083
2026-07-14 01:44:05,42,53,0,452,9.811,79.101
2026-07-14 01:49:05,40,43,0,402,9.875,78.377
2026-07-14 01:54:05,35,39,0,391,9.95,78.184
2026-07-14 01:59:14,39,45,0,405,10.078,78.691
2026-07-14 02:04:05,35,41,0,432,9.651,79.565
2026-07-14 02:09:05,38,40,0,388,9.87,79.292
2026-07-14 02:14:05,35,41,0,364,9.678,80.254
2026-07-14 02:19:05,42,50,0,376,9.667,80.687
2026-07-14 02:24:05,39,44,0,438,9.651,80.509
2026-07-14 02:29:06,38,42,0,472,9.763,79.431
2026-07-14 02:34:06,35,43,0,471,9.654,79.485
2026-07-14 02:39:05,36,42,0,470,9.763,79.14
2026-07-14 02:44:05,41,49,0,493,9.395,80.736
2026-07-14 02:49:06,40,48,0,439,9.32,81.665
2026-07-14 02:54:05,43,49,0,501,9.584,79.994
2026-07-14 02:59:05,41,48,0,489,9.077,81.697
2026-07-14 03:04:05,44,54,0,467,9.336,82.087
2026-07-14 03:09:05,40,47,0,510,9.355,81.409
2026-07-14 03:14:05,41,49,0,494,9.224,81.44
2026-07-14 03:19:05,40,53,0,507,9.312,81.051
2026-07-14 03:24:05,41,48,0,507,9.061,81.898
2026-07-14 03:29:14,43,51,0,489,8.917,83.483
2026-07-14 03:34:05,41,51,0,495,9.202,81.766
2026-07-14 03:39:05,40,49,0,467,8.903,81.915
2026-07-14 03:44:07,44,50,0,793,8.85,83.34
2026-07-14 03:49:16,42,52,0,577,9.05,82.71
2026-07-14 03:54:07,42,55,0,525,8.652,84.805
2026-07-14 03:59:07,46,55,0,560,8.78,85.585
2026-07-14 04:04:07,47,57,0,544,9.01,83.822
2026-07-14 04:09:07,43,49,0,557,8.978,82.214
2026-07-14 04:14:07,42,50,0,541,8.708,84.047
2026-07-14 04:19:07,40,50,0,520,8.599,84.795
2026-07-14 04:24:07,44,51,0,535,8.78,84.154
2026-07-14 04:29:07,40,48,0,531,8.743,84.005
2026-07-14 04:34:07,41,50,0,532,8.575,84.944
2026-07-14 04:39:07,43,50,0,527,8.468,85.957
2026-07-14 04:44:06,42,49,0,523,8.567,84.89
2026-07-14 04:49:07,44,52,0,547,8.527,84.78
2026-07-14 04:54:07,41,52,0,512,8.481,85.384
2026-07-14 04:59:07,44,55,0,533,8.788,84.932
2026-07-14 05:04:07,42,51,0,533,8.949,83.788
2026-07-14 05:09:07,44,51,0,592,8.553,84.694
2026-07-14 05:14:07,43,49,0,500,8.428,84.959
2026-07-14 05:19:26,43,51,0,521,8.682,86.613
2026-07-14 05:24:07,45,55,0,520,8.735,88.442
2026-07-14 05:29:07,44,55,0,537,8.407,89.38
2026-07-14 05:34:07,46,59,0,538,8.569,88.32
2026-07-14 05:39:07,40,47,0,497,8.492,89.174
2026-07-14 05:44:07,45,56,0,427,9.16,86.157
2026-07-14 05:49:07,46,56,0,506,9.122,85.871
2026-07-14 05:54:07,45,56,0,522,8.951,86.809
2026-07-14 05:59:07,47,57,0,519,9.042,85.836
2026-07-14 06:04:07,46,57,0,513,8.941,86.176
2026-07-14 06:09:07,47,58,0,510,8.938,86.672
2026-07-14 06:14:07,48,60,0,537,8.999,86.849
2026-07-14 06:19:17,48,60,0,516,8.529,88.501
2026-07-14 06:24:07,47,54,0,526,8.7,87.429
2026-07-14 06:29:07,47,57,0,595,8.812,85.943
2026-07-14 06:34:07,47,59,0,519,8.308,88.448
2026-07-14 06:39:07,46,55,0,497,8.444,88.64
2026-07-14 06:44:08,44,55,0,840,8.588,86.908
2026-07-14 06:49:08,50,61,0,717,8.615,87.627
2026-07-14 06:54:08,49,60,0,690,8.73,86.454
2026-07-14 06:59:09,45,57,0,623,8.345,88.61
2026-07-14 07:04:08,48,55,0,578,8.5,86.91
2026-07-14 07:09:08,52,68,0,661,8.353,86.632
2026-07-14 07:14:09,50,62,0,792,8.372,86.592
2026-07-14 07:19:08,49,61,0,709,8.284,87.7
2026-07-14 07:24:09,51,63,0,704,7.969,89.388
2026-07-14 07:29:08,53,67,0,698,8.241,87.381
2026-07-14 07:34:09,52,65,0,921,8.166,88.432
2026-07-14 07:39:08,48,57,0,678,8.166,87.435
2026-07-14 07:44:08,48,57,0,795,7.889,91.425
2026-07-14 07:49:08,49,61,0,614,8.276,90.225
2026-07-14 07:54:15,49,61,0,623,8.22,91.084
2026-07-14 07:59:08,48,59,0,555,8.417,90.382
2026-07-14 08:04:09,50,62,0,753,8.508,90.256
2026-07-14 08:09:08,53,66,0,640,8.743,88.93
2026-07-14 08:14:09,50,61,0,579,8.77,89.134
2026-07-14 08:19:08,45,58,0,654,8.529,90.338
2026-07-14 08:24:09,50,61,0,670,8.463,92.465
2026-07-14 08:29:08,152,164,0,1316,8.626,91.398
2026-07-14 08:34:08,57,72,0,645,8.711,89.539
2026-07-14 08:39:08,54,67,0,694,8.78,89.703
2026-07-14 08:44:08,56,72,0,773,8.537,90.515
2026-07-14 08:49:08,59,75,0,618,8.818,89.127
2026-07-14 08:54:08,54,68,0,619,9.122,88.465
2026-07-14 08:59:09,54,69,0,649,9.079,87.66
2026-07-14 09:04:08,63,81,0,638,9.16,87.58
2026-07-14 09:09:09,61,76,0,711,8.82,89.415
2026-07-14 09:14:09,60,77,0,645,8.679,89.483
2026-07-14 09:19:08,62,80,0,598,8.861,89.342
2026-07-14 09:24:16,73,86,0,640,8.946,89.382
2026-07-14 09:29:08,64,80,0,687,8.743,90.094
2026-07-14 09:34:09,64,81,0,657,8.917,90.015
2026-07-14 09:39:09,65,82,0,614,9.258,88.255
2026-07-14 09:44:10,68,84,0,1306,9.096,88.726
2026-07-14 09:49:10,72,88,0,729,9.261,87.862
2026-07-14 09:54:10,73,88,0,718,9.715,86.445
2026-07-14 09:59:09,80,92,0,698,9.913,85.06
2026-07-14 10:04:10,79,91,0,723,10.177,84.745
2026-07-14 10:09:09,67,83,0,597,10.575,82.849
2026-07-14 10:14:10,65,82,0,591,10.799,82.079
2026-07-14 10:19:10,68,85,0,604,10.596,82.363
2026-07-14 10:24:10,61,78,0,580,10.305,82.888
2026-07-14 10:29:10,60,78,0,578,11.261,80.16
2026-07-14 10:34:10,61,80,0,541,11.814,77.816
2026-07-14 10:39:10,64,79,0,557,11.859,77.139
2026-07-14 10:44:09,57,71,0,519,12.241,75.855
2026-07-14 10:49:10,58,72,0,539,12.538,74.842
2026-07-14 10:54:19,60,76,0,602,12.698,74.667
2026-07-14 10:59:10,69,81,0,556,12.871,74.657
2026-07-14 11:04:10,59,75,0,504,12.757,74.549
2026-07-14 11:09:10,59,75,0,568,13.427,72.868
2026-07-14 11:14:10,61,76,0,547,13.317,72.283
2026-07-14 11:19:10,57,73,0,479,12.97,72.035
2026-07-14 11:24:10,57,73,0,480,12.911,73.831
2026-07-14 11:29:27,58,75,0,475,13.534,72.643
2026-07-14 11:34:19,59,75,0,532,13.68,71.317
2026-07-14 11:39:10,55,69,0,461,13.544,72.233
2026-07-14 11:44:10,61,75,0,717,14.471,68.754
2026-07-14 11:49:10,43,53,0,278,15.109,62.524
2026-07-14 11:54:10,39,44,0,235,15.357,60.644
2026-07-14 11:59:10,42,52,0,268,16.378,59.202
2026-07-14 12:04:10,36,47,0,226,16.094,57.951
2026-07-14 12:09:10,38,49,0,251,16.583,57.422
2026-07-14 12:14:10,33,35,0,244,15.181,59.801
2026-07-14 12:19:10,39,46,0,486,16.022,58.889
2026-07-14 12:24:10,37,46,0,355,16.022,59.114
2026-07-14 12:29:10,36,46,0,251,16.327,57.613
2026-07-14 12:34:10,37,46,0,306,15.937,59.043
2026-07-14 12:39:10,39,48,0,403,16.07,60.247
2026-07-14 12:44:11,40,49,0,401,15.793,61.592
2026-07-14 12:49:11,39,46,0,308,15.373,61.926
2026-07-14 12:54:11,36,44,0,370,15.675,61.878
2026-07-14 12:59:22,36,42,0,375,15.945,60.238
2026-07-14 13:04:21,33,38,0,256,16.121,59.095
2026-07-14 13:09:11,33,38,0,267,16.121,58.567
2026-07-14 13:14:11,33,38,0,202,15.98,58.769
2026-07-14 13:19:11,32,34,0,175,16.404,57.649
2026-07-14 13:24:12,30,34,0,199,17.09,55.831
2026-07-14 13:29:12,33,36,0,188,17.446,54.78
2026-07-14 13:34:11,31,36,0,158,18.07,53.985
2026-07-14 13:39:21,29,30,0,154,18.375,51.805
2026-07-14 13:44:11,28,30,0,100,17.28,54.416
2026-07-14 13:49:11,18,21,0,70,17.155,53.054
2026-07-14 13:54:12,23,23,0,76,17.969,51.828
2026-07-14 13:59:12,24,25,0,201,18.215,52.217
2026-07-14 14:04:11,12,15,0,168,18.535,50.55
2026-07-14 14:09:11,15,16,0,183,18.671,50.283
2026-07-14 14:14:12,38,48,0,218,19.032,49.499
2026-07-14 14:19:12,25,26,0,173,19.115,48.194
2026-07-14 14:24:12,18,19,0,69,18.543,47.906
2026-07-14 14:29:12,28,29,0,182,18.436,51.029
2026-07-14 14:34:11,23,23,0,101,18.81,49.476
2026-07-14 14:39:12,22,23,0,149,18.842,51.177
2026-07-14 14:44:12,22,23,0,183,18.96,51.132
2026-07-14 14:49:20,20,23,0,129,18.514,52.77
2026-07-14 14:54:22,19,20,0,114,18.53,51.725
2026-07-14 14:59:12,14,16,0,97,18.81,52.141
2026-07-14 15:04:12,8,12,0,100,18.97,50.609
2026-07-14 15:09:12,18,18,0,154,18.938,51.824
2026-07-14 15:14:12,15,16,0,129,18.808,52.146
2026-07-14 15:19:12,10,12,0,95,18.808,52.177
2026-07-14 15:24:12,10,15,0,271,18.874,51.643
2026-07-14 15:29:12,18,22,0,192,18.364,53.297
2026-07-14 15:34:11,16,18,0,171,18.575,53.15
2026-07-14 15:39:12,17,19,0,250,18.914,54.117
2026-07-14 15:44:14,14,17,0,162,18.783,52.822
2026-07-14 15:49:12,17,18,0,406,18.61,52.589
2026-07-14 15:54:13,25,25,0,369,18.661,53.379
2026-07-14 15:59:13,20,22,0,251,18.613,53.022
2026-07-14 16:05:08,13,15,0,201,18.565,54.559
2026-07-14 16:09:34,16,16,0,397,18.522,56.406
2026-07-14 16:14:13,13,16,0,337,18.41,57.022
2026-07-14 16:19:13,20,24,0,318,18.343,56.907
2026-07-14 16:24:13,8,9,0,296,17.758,58.631
2026-07-14 16:29:13,14,16,0,402,17.32,61.426
2026-07-14 16:34:13,14,18,0,548,17.55,63.35
2026-07-14 16:39:13,17,19,0,521,17.552,62.717
2026-07-14 16:44:13,24,25,0,571,17.494,62.147
2026-07-14 16:49:13,22,25,0,570,17.293,63.518
2026-07-14 16:54:20,24,25,0,528,16.938,65.841
2026-07-14 16:59:22,22,23,0,584,16.487,66.547
2026-07-14 17:04:13,36,42,0,528,15.766,67.777
2026-07-14 17:09:23,36,46,0,491,15.47,68.813
2026-07-14 17:14:13,40,49,0,550,15.71,67.44
2026-07-14 17:19:13,37,44,0,486,15.729,67.268
2026-07-14 17:24:13,31,32,0,582,15.592,67.51
2026-07-14 17:29:13,29,31,0,660,15.259,68.058
2026-07-14 17:34:13,39,47,0,775,14.508,72.292
2026-07-14 17:39:19,42,50,0,814,14.717,70.974
2026-07-14 17:44:13,29,31,0,493,14.54,68.083
2026-07-14 17:49:14,32,35,0,610,14.134,71.197
2026-07-14 17:54:13,26,30,0,552,13.721,72.756
2026-07-14 17:59:13,29,32,0,570,14.065,70.934
2026-07-14 18:04:13,36,40,0,602,14.158,69.111
2026-07-14 18:09:13,28,28,0,442,13.857,70.44
2026-07-14 18:14:13,24,26,0,327,14.369,65.681
2026-07-14 18:19:13,81,85,0,981,14.289,68.304
2026-07-14 18:24:22,85,91,0,1284,14.142,69.017
2026-07-14 18:29:13,54,67,0,679,14.02,69.559
2026-07-14 18:34:13,34,39,0,477,13.899,69.082
2026-07-14 18:39:13,33,34,0,448,13.964,68.834
2026-07-14 18:44:14,38,41,0,910,13.854,69.238
2026-07-14 18:49:15,45,54,0,1002,13.934,68.857
2026-07-14 18:54:14,40,50,0,627,13.886,68.666
2026-07-14 18:59:15,39,46,0,564,13.753,69.526
2026-07-14 19:04:14,47,57,0,566,13.534,70.967
2026-07-14 19:09:15,45,53,0,566,13.272,71.657
2026-07-14 19:14:14,45,54,0,612,13.464,70.888
2026-07-14 19:19:14,43,51,0,632,13.397,71.123
2026-07-14 19:24:15,43,51,0,751,13.235,71.487
2026-07-14 19:29:14,46,54,0,1032,13.491,70.45
2026-07-14 19:34:15,36,42,0,540,13.459,70.463
2026-07-14 19:39:35,36,41,0,454,13.729,69.652
2026-07-14 19:44:14,52,64,0,996,13.405,71.226
2026-07-14 19:49:15,43,51,0,775,13.571,70.989
2026-07-14 19:54:15,50,61,0,1051,13.478,71.634
2026-07-14 19:59:15,43,50,0,707,12.783,73.782
2026-07-14 20:04:15,60,73,0,546,12.636,74.291
2026-07-14 20:09:15,49,59,0,791,12.863,73.828
2026-07-14 20:14:15,46,55,0,714,12.722,74.159
2026-07-14 20:19:15,47,56,0,869,12.644,74.163
2026-07-14 20:24:15,45,55,0,743,12.708,73.799
2026-07-14 20:29:14,57,69,0,795,12.538,74.396
2026-07-14 20:34:15,40,50,0,618,12.076,76.099
2026-07-14 20:39:15,50,60,0,853,12.105,76.141
2026-07-14 20:44:15,30,33,0,479,12.097,76.088
2026-07-14 20:49:15,32,32,0,445,12.145,76.025
2026-07-14 20:54:24,30,31,0,493,12.172,76.143
2026-07-14 20:59:15,39,43,0,855,11.825,77.637
2026-07-14 21:04:15,32,32,0,533,11.913,77.396
2026-07-14 21:09:15,59,74,0,895,11.926,76.95
2026-07-14 21:14:15,53,63,0,922,12.049,76.403
2026-07-14 21:19:15,44,52,0,738,11.312,79.292
2026-07-14 21:24:15,47,57,0,712,11.355,79.548
2026-07-14 21:29:15,49,59,0,667,11.493,79.208
2026-07-14 21:34:15,53,64,0,1027,11.664,78.716
2026-07-14 21:39:15,45,54,0,585,11.544,79.088
2026-07-14 21:44:16,41,48,0,1014,11.622,78.545
2026-07-14 21:49:16,53,66,0,962,11.234,80.051
2026-07-14 21:54:16,45,55,0,663,11.248,80.069
2026-07-14 21:59:16,46,56,0,694,11.152,80.343
2026-07-14 22:04:25,40,48,0,597,11.114,80.53
2026-07-14 22:09:25,69,83,0,962,11.093,80.902
2026-07-14 22:14:16,41,52,0,630,10.877,81.768
2026-07-14 22:19:16,78,90,0,731,11.09,80.957
2026-07-14 22:24:16,63,81,0,671,11.002,81.415
2026-07-14 22:29:16,58,72,0,682,11.117,80.992
2026-07-14 22:34:16,46,56,0,674,10.933,81.65
2026-07-14 22:39:16,50,62,0,910,11.122,80.799
2026-07-14 22:44:16,46,55,0,689,11.074,80.805
2026-07-14 22:49:16,44,52,0,652,10.962,81.316
2026-07-14 22:54:16,45,55,0,669,10.703,82.506
2026-07-14 22:59:16,45,52,0,582,10.914,81.884
2026-07-14 23:04:16,45,52,0,551,10.975,81.118
2026-07-14 23:09:16,48,58,0,735,10.682,82.67
2026-07-14 23:14:16,52,62,0,748,10.97,81.634
2026-07-14 23:19:16,43,53,0,575,10.65,82.794
2026-07-14 23:24:16,44,52,0,657,10.805,81.882
2026-07-14 23:29:16,52,64,0,966,10.959,81.242
2026-07-14 23:34:16,51,61,0,658,10.813,80.975
2026-07-14 23:39:16,49,60,0,642,10.505,82.43
2026-07-14 23:44:16,52,62,0,666,10.217,84.167
2026-07-14 23:49:16,49,58,0,607,10.479,83.744
2026-07-14 23:54:16,46,55,0,644,10.754,82.907
2026-07-14 23:59:16,46,56,0,653,10.433,83.979
2026-07-15 00:04:16,46,55,0,570,10.794,82.476
2026-07-15 00:09:25,47,56,0,571,10.572,83.395
2026-07-15 00:14:16,49,59,0,589,10.666,83.189
2026-07-15 00:19:16,51,63,0,609,10.476,84.654
2026-07-15 00:24:17,49,60,0,556,10.671,83.797
2026-07-15 00:29:17,53,66,0,577,10.81,83.736
2026-07-15 00:34:16,53,64,0,632,10.911,83.019
2026-07-15 00:39:23,56,68,0,586,10.81,83.017
2026-07-15 00:44:17,55,69,0,1128,10.81,83.382
2026-07-15 00:49:17,54,66,0,664,10.671,84.471
2026-07-15 00:54:18,56,70,0,671,10.754,83.656
2026-07-15 00:59:17,53,65,0,587,10.367,85.722
2026-07-15 01:04:17,55,68,0,789,10.658,84.408
2026-07-15 01:09:18,54,67,0,703,10.572,84.591
2026-07-15 01:14:18,53,65,0,753,10.652,84.793
2026-07-15 01:19:17,54,66,0,675,10.361,85.382
2026-07-15 01:24:17,53,65,0,613,10.684,84.253
2026-07-15 01:29:18,54,67,0,630,10.692,83.733
2026-07-15 01:34:18,52,65,0,566,10.586,84.32
2026-07-15 01:39:18,58,71,0,780,10.303,84.98
2026-07-15 01:44:17,55,67,0,692,10.025,86.531
2026-07-15 01:49:18,55,67,0,627,10.292,85.894
2026-07-15 01:54:18,55,67,0,704,10.431,84.852
2026-07-15 01:59:18,54,66,0,647,9.921,87.044
2026-07-15 02:04:18,57,72,0,691,10.174,85.835
2026-07-15 02:09:18,56,70,0,600,9.763,87.156
2026-07-15 02:14:18,56,71,0,593,9.667,88.039
2026-07-15 02:19:18,55,68,0,628,10.001,87.328
2026-07-15 02:24:18,56,69,0,585,10.193,85.913
2026-07-15 02:29:17,57,71,0,624,10.217,86.393
2026-07-15 02:34:18,57,72,0,575,9.979,86.247
2026-07-15 02:39:18,57,71,0,563,9.742,87.023
2026-07-15 02:44:18,57,71,0,568,10.017,85.472
2026-07-15 02:49:18,57,72,0,663,9.536,88.15
2026-07-15 02:54:18,59,73,0,636,9.755,87.896
2026-07-15 02:59:18,57,74,0,626,9.897,87.212
2026-07-15 03:04:18,60,75,0,717,9.942,87.082
2026-07-15 03:09:18,58,73,0,770,10.035,86.647
2026-07-15 03:14:18,59,74,0,583,9.795,87.296
2026-07-15 03:19:18,56,71,0,573,9.768,87.921
2026-07-15 03:24:18,55,68,0,548,9.817,87.891
2026-07-15 03:29:18,52,63,0,602,9.929,87.341
2026-07-15 03:34:18,53,62,0,528,10.025,87.076
2026-07-15 03:39:18,52,62,0,549,9.755,88.623
2026-07-15 03:44:29,54,66,0,1085,9.993,87.744
2026-07-15 03:49:19,53,65,0,574,10.07,86.92
2026-07-15 03:54:19,50,60,0,598,10.153,86.885
2026-07-15 03:59:19,49,58,0,543,10.27,86.451
2026-07-15 04:04:19,47,57,0,544,10.329,85.875
2026-07-15 04:09:19,42,54,0,501,10.148,86.704
2026-07-15 04:14:19,43,51,0,510,9.891,87.639
2026-07-15 04:19:19,43,50,0,503,9.8,88.692
2026-07-15 04:24:19,41,49,0,522,10.038,87.484
2026-07-15 04:29:19,43,51,0,539,9.736,88.844
2026-07-15 04:34:19,42,50,0,511,9.699,89.516
2026-07-15 04:39:19,42,51,0,528,10.03,87.732
2026-07-15 04:44:19,42,53,0,462,10.182,87.822
2026-07-15 04:49:19,43,54,0,523,10.156,87.076
2026-07-15 04:54:19,44,55,0,482,10.089,87.477
2026-07-15 04:59:19,45,54,0,510,10.054,87.57
2026-07-15 05:04:19,45,56,0,522,10.1,87.233
2026-07-15 05:09:19,42,48,0,501,10.033,87.53
2026-07-15 05:14:20,42,50,0,592,9.531,89.281
2026-07-15 05:19:27,45,53,0,518,9.67,88.554
2026-07-15 05:24:19,44,55,0,487,9.63,89.195
2026-07-15 05:29:20,49,56,0,530,9.907,87.593
2026-07-15 05:34:19,45,54,0,459,9.913,88.003
2026-07-15 05:39:19,44,53,0,505,10.046,86.948
2026-07-15 05:44:19,42,53,0,491,9.894,87.498
2026-07-15 05:49:20,50,59,0,499,9.838,87.492
2026-07-15 05:54:19,48,59,0,526,9.87,87.28
2026-07-15 05:59:19,49,60,0,526,9.95,87.091
2026-07-15 06:04:19,49,60,0,521,10.07,86.527
2026-07-15 06:09:19,48,58,0,535,10.092,86.283
2026-07-15 06:14:19,48,58,0,512,10.051,86.229
2026-07-15 06:19:20,49,58,0,514,9.867,86.95
2026-07-15 06:24:19,47,58,0,510,9.822,87.204
2026-07-15 06:29:19,47,59,0,494,10.006,86.414
2026-07-15 06:34:19,47,57,0,484,9.91,86.416
2026-07-15 06:39:20,50,61,0,546,9.563,88.234
2026-07-15 06:44:21,50,61,0,1136,9.774,87.42
2026-07-15 06:49:20,50,59,0,630,9.83,87.326
2026-07-15 06:54:21,51,63,0,621,9.883,86.613
2026-07-15 06:59:21,51,63,0,617,9.675,87.439
2026-07-15 07:04:21,51,61,0,628,10.009,86.014
2026-07-15 07:09:21,55,68,0,686,10.214,84.98
2026-07-15 07:14:21,54,65,0,649,10.116,85.81
2026-07-15 07:19:21,53,65,0,639,10.265,84.852
2026-07-15 07:24:21,54,66,0,658,10.286,84.898
2026-07-15 07:29:21,50,60,0,601,10.393,83.708
2026-07-15 07:34:21,49,59,0,564,10.249,84.473
2026-07-15 07:39:21,52,64,0,584,10.431,83.801
2026-07-15 07:44:21,50,59,0,566,10.54,83.502
2026-07-15 07:49:21,38,41,0,425,10.869,82.34
2026-07-15 07:54:21,35,39,0,450,10.991,81.734
2026-07-15 07:59:21,33,35,0,363,11.253,80.62
2026-07-15 08:04:21,26,27,0,285,11.325,80.608
2026-07-15 08:09:21,35,39,0,350,11.288,81.11
2026-07-15 08:14:21,26,28,0,341,11.392,80.561
2026-07-15 08:19:21,26,30,0,386,11.304,81.007
2026-07-15 08:24:21,26,28,0,346,11.574,79.912
2026-07-15 08:29:31,27,29,0,504,11.683,79.906
2026-07-15 08:34:21,26,27,0,484,11.68,79.918
2026-07-15 08:39:21,33,38,0,560,11.509,80.858
2026-07-15 08:44:21,32,33,0,770,11.59,80.507
2026-07-15 08:49:21,54,68,0,650,11.237,82.079
2026-07-15 08:54:28,43,54,0,554,11.379,81.684
2026-07-15 08:59:21,38,46,0,590,11.261,82.243
2026-07-15 09:04:28,37,41,0,670,11.045,83.204
2026-07-15 09:09:21,35,39,0,560,11.117,83.155
2026-07-15 09:14:21,34,40,0,466,11.371,82.176
2026-07-15 09:19:21,35,38,0,654,11.17,82.628
2026-07-15 09:24:21,37,41,0,601,11.59,80.521
2026-07-15 09:29:21,46,55,0,536,11.995,79.718
2026-07-15 09:34:21,40,47,0,506,11.648,80.883
2026-07-15 09:39:21,36,39,0,487,11.744,80.555
2026-07-15 09:44:22,34,34,0,792,11.873,79.87
2026-07-15 09:49:22,36,42,0,565,11.974,79.004
2026-07-15 09:54:22,43,52,0,560,12.118,80.597
2026-07-15 09:59:22,44,52,0,650,11.985,80.013
2026-07-15 10:04:22,46,57,0,602,12.156,79.66
2026-07-15 10:09:22,49,61,0,820,12.028,79.044
2026-07-15 10:14:22,44,51,0,656,12.025,79.725
2026-07-15 10:19:22,44,51,0,567,12.108,79.336
2026-07-15 10:24:23,49,60,0,546,12.327,79.954
2026-07-15 10:29:22,44,51,0,528,12.546,78.648
2026-07-15 10:34:22,45,53,0,559,12.596,78.899
2026-07-15 10:39:22,46,57,0,595,13.029,78.144
2026-07-15 10:44:22,44,53,0,467,13.512,75.8
2026-07-15 10:49:22,43,51,0,501,13.243,77.7
2026-07-15 10:54:23,43,52,0,493,13.197,77.433
2026-07-15 10:59:23,41,48,0,498,13.515,76.116
2026-07-15 11:04:22,45,54,0,494,13.755,74.692
2026-07-15 11:09:22,43,52,0,477,13.451,74.9
2026-07-15 11:14:32,50,60,0,556,13.817,74.001
2026-07-15 11:19:22,43,52,0,649,13.587,74.411
2026-07-15 11:24:23,27,30,0,348,13.344,72.462
2026-07-15 11:29:22,35,36,0,436,13.344,72.504
2026-07-15 11:34:22,32,34,0,349,13.387,71.661
2026-07-15 11:39:23,22,24,0,282,13.368,71.611
2026-07-15 11:44:23,26,26,0,338,13.317,71.848
2026-07-15 11:49:43,22,24,0,272,13.437,71.739
2026-07-15 11:54:23,24,26,0,278,13.555,71.289
2026-07-15 11:59:22,25,27,0,281,13.248,73.088
2026-07-15 12:04:32,24,26,0,342,13.272,73.623
2026-07-15 12:09:23,21,24,0,370,13.333,74.356
2026-07-15 12:14:22,20,22,0,299,13.424,73.919
2026-07-15 12:19:30,15,19,0,266,13.395,72.889
2026-07-15 12:24:23,15,16,0,269,13.731,72.616
2026-07-15 12:29:23,15,16,0,287,13.731,72.17
2026-07-15 12:34:23,13,14,0,270,13.822,71.901
2026-07-15 12:39:23,9,12,0,294,13.67,72.342
2026-07-15 12:44:24,15,17,0,366,13.315,73.734
2026-07-15 12:49:24,25,27,0,431,13.809,73.717
2026-07-15 12:54:24,22,22,0,412,13.427,74.669
2026-07-15 12:59:24,22,25,0,388,13.817,72.132
2026-07-15 13:04:24,26,28,0,431,14.094,68.952
2026-07-15 13:09:24,26,27,0,384,14.153,70.44
2026-07-15 13:14:24,25,26,0,489,14.244,70.48
2026-07-15 13:19:24,31,34,0,409,14.415,69.687
2026-07-15 13:24:31,28,28,0,427,14.166,71.373
2026-07-15 13:29:24,25,27,0,356,14.423,69.91
2026-07-15 13:34:24,26,29,0,337,14.575,69.065
2026-07-15 13:39:24,29,31,0,403,14.498,68.369
2026-07-15 13:44:24,23,27,0,413,14.693,67.438
2026-07-15 13:49:24,35,39,0,500,14.743,68.071
2026-07-15 13:54:24,29,30,0,437,14.46,70.427
2026-07-15 13:59:25,29,31,0,416,14.818,68.119
2026-07-15 14:04:24,26,26,0,376,14.345,69.023
2026-07-15 14:09:24,27,28,0,711,14.727,66.91
2026-07-15 14:14:24,35,39,0,473,14.404,69.341
2026-07-15 14:19:24,32,35,0,491,14.602,68.878
2026-07-15 14:24:55,36,39,0,692,14.174,70.961
2026-07-15 14:29:32,29,29,0,405,14.425,69.946
2026-07-15 14:34:25,34,39,0,690,14.562,70.116
2026-07-15 14:39:24,39,46,0,571,14.514,71.169
2026-07-15 14:44:25,11,12,0,120,16.653,54.71
2026-07-15 14:49:25,38,44,0,372,15.817,62.446
2026-07-15 14:54:24,29,31,0,332,15.357,60.884
2026-07-15 14:59:24,11,11,0,90,16.722,52.679
2026-07-15 15:04:24,0,0,0,0,19.24,39.71
2026-07-15 15:09:24,0,0,0,0,19.216,40.517
2026-07-15 15:14:24,0,0,0,0,19.646,37.74
2026-07-15 15:19:26,0,0,0,0,19.475,39.598
2026-07-15 15:24:28,0,0,0,0,19.889,37.336
2026-07-15 15:29:24,0,0,0,0,20.159,36.939
2026-07-15 15:34:24,0,0,0,0,20.311,36.994
2026-07-15 15:39:24,0,0,0,0,20.378,37.048
2026-07-15 15:44:25,0,0,0,0,20.252,37.803
2026-07-15 15:49:25,0,0,0,0,20.063,38.776
2026-07-15 15:54:25,0,0,0,0,20.06,39.708
2026-07-15 15:59:25,0,0,0,0,19.448,42.552
2026-07-15 16:05:37,0,0,0,0,19.211,44.484
2026-07-15 16:10:20,0,0,0,0,19.024,45.6
2026-07-15 16:14:28,0,0,0,0,19.224,44.174
2026-07-15 16:19:25,0,0,0,0,19.176,45.755
2026-07-15 16:24:26,0,0,0,0,19.179,43.697
2026-07-15 16:29:25,0,0,0,0,19.261,44.381
2026-07-15 16:34:26,0,0,0,0,19.683,42.354
2026-07-15 16:39:33,0,0,0,0,19.897,41.848
2026-07-15 16:44:25,0,0,0,0,19.99,43.743
2026-07-15 16:49:26,0,0,0,0,19.483,45.541
2026-07-15 16:54:47,7,10,0,22,19.136,48.887
2026-07-15 16:59:26,2,3,0,0,19.189,45.495
2026-07-15 17:04:26,0,0,0,0,19.275,43.779
2026-07-15 17:09:26,0,1,0,0,18.976,47.712
2026-07-15 17:14:26,2,3,0,95,18.319,51.868
2026-07-15 17:19:26,4,6,0,203,17.766,55.042
2026-07-15 17:24:26,16,16,0,492,17.438,57.216
2026-07-15 17:29:26,0,0,0,77,17.988,50.252
2026-07-15 17:34:35,0,0,0,0,18.212,47.912
2026-07-15 17:39:26,29,33,0,275,18.03,48.94
2026-07-15 17:44:26,11,11,0,192,18.017,48.391
2026-07-15 17:49:26,0,0,0,0,17.822,48.864
2026-07-15 17:54:26,23,23,0,420,17.272,53.747
2026-07-15 17:59:26,17,17,0,429,17.144,52.312
2026-07-15 18:04:27,22,22,0,410,16.938,55.04
2026-07-15 18:09:26,4,4,0,212,16.775,54.632
2026-07-15 18:14:26,0,0,0,86,16.487,54.636
2026-07-15 18:19:26,5,6,0,124,16.551,52.827
2026-07-15 18:24:35,3,3,0,172,16.321,56.703
2026-07-15 18:29:26,103,113,0,319,16.124,57.794
2026-07-15 18:34:26,6,6,0,346,15.659,58.208
2026-07-15 18:39:26,24,24,0,390,15.766,60.377
2026-07-15 18:44:27,0,0,0,109,15.643,59.15
2026-07-15 18:49:27,0,0,0,199,15.341,62.149
2026-07-15 18:54:27,0,0,0,104,15.01,63.9
2026-07-15 18:59:27,0,0,0,111,14.933,63.768
2026-07-15 19:04:27,1,1,0,163,15.106,59.166
2026-07-15 19:09:27,13,15,0,174,15.723,58.286
2026-07-15 19:14:27,6,6,0,180,15.229,61.874
2026-07-15 19:19:27,18,20,0,326,14.546,65.26
2026-07-15 19:24:27,9,11,0,300,14.412,66.036
2026-07-15 19:29:27,8,9,0,436,14.383,66.238
2026-07-15 19:34:27,8,9,0,170,14.001,68.805
2026-07-15 19:39:27,6,6,0,150,13.956,68.989
2026-07-15 19:44:27,6,6,0,123,13.918,69.063
2026-07-15 19:49:27,7,7,0,109,13.64,70.991
2026-07-15 19:54:27,5,6,0,128,13.592,70.858
2026-07-15 19:59:27,5,5,0,74,13.448,71.447
2026-07-15 20:04:27,3,3,0,85,13.416,71.676
2026-07-15 20:09:27,6,6,0,227,13.072,72.815
2026-07-15 20:14:34,6,6,0,122,13.197,72.929
2026-07-15 20:19:27,6,7,0,115,13.058,73.513
2026-07-15 20:24:27,9,9,0,184,12.895,73.896
2026-07-15 20:29:27,5,5,0,185,12.967,73.791
2026-07-15 20:34:45,10,12,0,262,12.863,73.767
2026-07-15 20:39:27,10,13,0,425,12.794,74.013
2026-07-15 20:44:27,6,7,0,129,12.909,73.694
2026-07-15 20:49:27,19,22,0,270,12.719,74.44
2026-07-15 20:54:27,5,6,0,168,12.19,76.71
2026-07-15 20:59:28,12,12,0,152,12.185,75.918
2026-07-15 21:04:28,10,13,0,172,12.247,76.824
2026-07-15 21:09:27,22,22,0,367,12.522,75.456
2026-07-15 21:14:28,10,10,0,361,12.14,76.542
2026-07-15 21:19:27,6,6,0,277,12.102,76.63
2026-07-15 21:24:28,34,35,0,778,12.022,77.003
2026-07-15 21:29:28,12,13,0,311,12.161,76.721
2026-07-15 21:34:28,19,21,0,299,12.305,76.303
2026-07-15 21:39:27,37,41,0,280,12.214,76.7
2026-07-15 21:44:28,26,28,0,637,12.15,77.164
2026-07-15 21:49:28,27,27,0,488,12.319,76.622
2026-07-15 21:54:28,57,71,0,702,12.441,76.298
2026-07-15 21:59:28,23,25,0,395,12.081,77.446
2026-07-15 22:04:49,26,27,0,335,12.126,77.419
2026-07-15 22:09:28,23,27,0,487,12.1,77.936
2026-07-15 22:14:28,8,8,0,228,12.22,77.373
2026-07-15 22:19:29,8,8,0,225,12.276,77.089
2026-07-15 22:24:28,10,10,0,270,12.353,77.038
2026-07-15 22:29:29,20,21,0,718,12.23,77.413
2026-07-15 22:34:38,10,10,0,659,12.177,77.642
2026-07-15 22:39:29,8,9,0,315,12.236,77.188
2026-07-15 22:44:29,12,13,0,424,12.142,77.547
2026-07-15 22:49:29,10,13,0,433,12.129,78.052
2026-07-15 22:54:29,15,19,0,416,12.3,77.276
2026-07-15 22:59:29,12,16,0,367,12.15,77.875
2026-07-15 23:04:29,10,12,0,349,11.883,78.733
2026-07-15 23:09:29,16,17,0,298,11.995,78.47
2026-07-15 23:14:29,10,12,0,278,12.044,78.146
2026-07-15 23:19:29,4,5,0,120,12.201,77.528
2026-07-15 23:24:29,4,5,0,67,12.332,77.211
2026-07-15 23:29:29,10,10,0,104,12.198,77.417
2026-07-15 23:34:29,9,12,0,153,12.204,77.482
2026-07-15 23:39:29,6,6,0,103,12.265,77.16
2026-07-15 23:44:29,5,6,0,103,12.345,76.593
2026-07-15 23:49:29,3,3,0,31,12.578,74.858
2026-07-15 23:54:29,3,4,0,91,12.463,75.197
2026-07-15 23:59:29,6,7,0,110,12.674,74.274
2026-07-16 00:04:29,2,2,0,47,12.778,73.238
2026-07-16 00:09:29,3,3,0,0,13.056,71.787
2026-07-16 00:14:29,2,2,0,53,12.954,72.805
2026-07-16 00:19:29,3,4,0,98,13,72.426
2026-07-16 00:24:29,2,3,0,223,12.986,72.748
2026-07-16 00:29:29,3,4,0,306,12.898,72.428
2026-07-16 00:34:29,6,6,0,290,12.631,73.896
2026-07-16 00:39:29,3,4,0,317,12.845,73.301
2026-07-16 00:44:30,5,5,0,180,12.53,74.705
2026-07-16 00:49:30,4,7,0,282,12.642,74.421
2026-07-16 00:54:30,4,4,0,285,12.532,74.831
2026-07-16 00:59:30,6,6,0,272,12.554,75.058
2026-07-16 01:04:30,5,6,0,306,12.42,75.981
2026-07-16 01:09:30,5,5,0,291,12.247,76.437
2026-07-16 01:14:30,6,8,0,344,12.164,76.872
2026-07-16 01:19:30,8,8,0,233,11.979,77.722
2026-07-16 01:24:30,5,6,0,236,12.033,77.331
2026-07-16 01:29:30,4,4,0,165,11.995,77.131
2026-07-16 01:34:30,4,5,0,75,12.503,74.278
2026-07-16 01:39:31,4,4,0,101,12.455,74.402
2026-07-16 01:44:30,2,2,0,126,12.514,73.931
2026-07-16 01:49:30,1,2,0,84,12.879,71.205
2026-07-16 01:54:30,3,3,0,106,12.935,71.529
2026-07-16 01:59:30,2,3,0,110,13.064,69.958
2026-07-16 02:04:30,2,3,0,119,13.074,69.906
2026-07-16 02:09:30,3,3,0,106,12.922,71.138
2026-07-16 02:14:30,4,5,0,189,12.73,72.99
2026-07-16 02:19:40,5,5,0,174,12.316,74.331
2026-07-16 02:24:30,7,7,0,141,12.449,73.698
2026-07-16 02:29:30,5,5,0,183,12.412,74.182
2026-07-16 02:34:31,5,6,0,156,12.361,73.963
2026-07-16 02:39:30,6,8,0,216,12.212,74.776
2026-07-16 02:44:31,0,0,0,0,16.637,49.701
2026-07-16 02:49:30,3,3,0,0,16.928,49.201
2026-07-16 02:54:30,0,1,0,0,17.09,49.205
2026-07-16 02:59:30,0,0,0,0,17.195,45.417
2026-07-16 03:04:31,0,0,0,0,17.948,44.549
2026-07-16 03:09:30,0,0,0,0,17.996,42.228
2026-07-16 03:14:30,0,0,0,0,18.655,40.502
2026-07-16 03:19:30,0,0,0,0,18.535,41.551
2026-07-16 03:24:31,0,0,0,0,19.307,38.381
2026-07-16 03:29:30,0,0,0,0,18.655,41.677
2026-07-16 03:34:30,0,0,0,0,18.773,41.841
2026-07-16 03:39:30,0,0,0,0,18.938,39.996
2026-07-16 03:44:31,0,0,0,40,18.495,41.572
2026-07-16 03:49:32,0,0,0,0,18.062,43.712
2026-07-16 03:54:31,0,0,0,0,17.849,43.718
2026-07-16 03:59:32,0,0,0,0,18.805,41.116
2026-07-16 04:04:32,0,0,0,0,18.276,43.435
2026-07-16 04:09:41,0,0,0,0,19.801,37.147
2026-07-16 04:14:32,0,0,0,0,19.622,37.124
2026-07-16 04:19:32,0,0,0,0,19.996,36.769
2026-07-16 04:24:32,0,0,0,0,19.99,36.363
2026-07-16 04:29:32,0,0,0,0,20.156,35.516
2026-07-16 04:34:32,0,0,0,0,17.622,47.887
2026-07-16 04:39:32,3,3,0,11,16.204,54.369
2026-07-16 04:44:32,1,1,0,4,15.873,55.461
2026-07-16 04:49:32,1,2,0,0,15.515,56.238
2026-07-16 04:54:32,3,3,0,2,15.069,59.757
2026-07-16 04:59:32,2,2,0,0,14.524,63.274
2026-07-16 05:04:32,4,4,0,11,14.596,64.033
2026-07-16 05:09:32,4,4,0,0,13.958,67.625
2026-07-16 05:14:32,4,4,0,0,13.512,69.738
2026-07-16 05:19:32,4,5,0,0,13.28,71.764
2026-07-16 05:24:32,3,3,0,0,13.403,70.94
2026-07-16 05:29:32,2,2,0,0,13.392,71.014
2026-07-16 05:34:32,2,2,0,0,13.507,70.625
2026-07-16 05:39:32,3,4,0,0,13.403,71.497
2026-07-16 05:44:32,4,4,0,72,13.523,70.959
2026-07-16 05:49:32,2,2,0,27,13.453,70.9
2026-07-16 05:54:32,2,3,0,0,13.651,69.763
2026-07-16 05:59:32,1,1,0,0,13.555,70.688
2026-07-16 06:04:32,2,2,0,0,13.16,72.746
2026-07-16 06:09:32,2,2,0,0,13.138,73.782
2026-07-16 06:14:32,2,2,0,0,13.184,72.725
2026-07-16 06:19:32,1,2,0,0,13.24,73.591
2026-07-16 06:24:32,2,3,0,17,12.967,75.014
2026-07-16 06:29:32,4,5,0,0,13.085,74.65
2026-07-16 06:34:32,3,3,0,28,13.146,74.32
2026-07-16 06:39:32,4,5,0,50,12.976,75.044
2026-07-16 06:44:33,1,1,0,0,12.93,74.409
2026-07-16 06:49:34,2,2,0,15,13.01,74.148
2026-07-16 06:54:33,4,4,0,0,12.938,74.766
2026-07-16 06:59:33,1,3,0,0,12.981,74.156
2026-07-16 07:04:33,3,4,0,0,13.045,74.209
2026-07-16 07:09:33,8,8,0,12,12.935,74.661
2026-07-16 07:14:33,4,4,0,0,13.013,74.446
2026-07-16 07:19:33,3,4,0,0,12.962,74.835
2026-07-16 07:24:33,6,6,0,0,12.791,75.931
2026-07-16 07:29:33,2,4,0,1,12.754,76.309
2026-07-16 07:34:34,1,2,0,15,12.706,76.631
2026-07-16 07:39:33,1,1,0,0,12.519,77.843
2026-07-16 07:44:38,3,3,0,0,12.471,78.371
2026-07-16 07:49:33,1,1,0,0,12.484,78.482
2026-07-16 07:54:33,2,2,0,0,12.594,77.587
2026-07-16 07:59:34,2,3,0,0,12.604,77.673
2026-07-16 08:04:34,2,2,0,83,12.626,77.738
2026-07-16 08:09:34,3,4,0,34,12.716,77.511
2026-07-16 08:14:34,3,3,0,70,12.813,77.223
2026-07-16 08:19:34,2,2,0,40,12.733,77.715
2026-07-16 08:24:33,1,1,0,55,12.404,79.739
2026-07-16 08:29:33,2,4,0,149,12.588,79.956
2026-07-16 08:34:33,3,3,0,309,12.668,79.485
2026-07-16 08:39:33,3,6,0,273,12.588,80.044
2026-07-16 08:44:33,32,35,0,341,12.575,79.183
2026-07-16 08:49:34,21,22,0,151,12.404,79.346
2026-07-16 08:54:33,8,12,0,140,12.471,79.544
2026-07-16 08:59:34,3,3,0,75,12.404,80.206
2026-07-16 09:04:33,2,3,0,59,12.3,80.854
2026-07-16 09:09:34,4,5,0,99,12.441,80.62
2026-07-16 09:14:34,3,4,0,39,12.265,80.664
2026-07-16 09:19:33,2,2,0,58,12.281,80.511
2026-07-16 09:24:34,2,2,0,32,12.791,75.47
2026-07-16 09:29:34,1,1,0,24,13.13,73.681
2026-07-16 09:34:34,1,2,0,70,13.208,73.805
2026-07-16 09:39:34,4,5,0,11,14.458,65.155
2026-07-16 09:44:35,4,4,0,118,13.827,72.176
2026-07-16 09:49:35,2,2,0,45,13.675,71.676
2026-07-16 09:54:35,6,6,0,106,13.731,70.928
2026-07-16 09:59:34,0,1,0,3,14.012,67.556
2026-07-16 10:04:35,1,1,0,23,14.068,67.537
2026-07-16 10:09:35,0,0,0,0,17.547,40.25
2026-07-16 10:14:35,0,0,0,0,18.813,34.969
2026-07-16 10:19:34,0,0,0,0,18.492,36.899
2026-07-16 10:24:35,0,0,0,0,18.164,39.907
2026-07-16 10:29:35,0,0,0,0,18.482,37.675
2026-07-16 10:34:35,0,0,0,0,17.785,43.935
2026-07-16 10:39:35,0,0,0,0,17.544,42.894
2026-07-16 10:44:35,0,0,0,0,17.245,44.324
2026-07-16 10:49:56,0,0,0,0,17.331,44.135
2026-07-16 10:54:35,0,0,0,0,17.219,44.862
2026-07-16 10:59:35,0,0,0,0,16.954,48.37
2026-07-16 11:04:35,0,0,0,0,16.407,51.673
2026-07-16 11:09:35,0,0,0,29,16.121,52.673
2026-07-16 11:14:35,0,0,0,0,16.372,49.461
2026-07-16 11:19:35,0,0,0,0,16.303,49.323
2026-07-16 11:29:35,0,0,0,0,16.249,49.625
2026-07-16 11:34:35,0,0,0,0,16.017,51.305
2026-07-16 11:39:35,0,0,0,0,15.787,54.151
2026-07-16 12:24:34,0,0,0,,12.273,76.16
2026-07-16 12:29:33,0,0,0,1475,12.343,75.144
2026-07-16 12:34:33,0,0,0,433,12.441,78.678
2026-07-16 12:39:33,0,0,0,222,12.452,73.248
2026-07-16 12:44:34,0,0,0,272,11.955,80.345
2026-07-16 12:49:34,0,0,0,168,12.102,75.64
2026-07-16 12:54:34,0,0,0,70,12.746,72.254
2026-07-16 12:59:33,0,0,0,144,12.417,79.111
2026-07-16 13:04:33,0,0,0,329,12.07,83.078
2026-07-16 13:09:34,6,6,0,153,12.033,78.192
2026-07-16 13:14:34,0,1,0,101,12.391,77.787
2026-07-16 13:19:34,0,0,0,154,12.321,77.865
2026-07-16 13:24:33,0,0,0,151,12.097,76.78
2026-07-16 13:29:34,0,0,0,99,12.297,77.757
2026-07-16 13:34:34,0,0,0,205,12.156,81.762
2026-07-16 13:39:33,0,0,0,169,12.049,81.882
2026-07-16 13:44:34,0,0,0,174,11.979,82.048
2026-07-16 13:49:34,0,0,0,99,12.036,79.319
2026-07-16 13:54:33,6,6,0,241,11.769,83.818
2026-07-16 13:59:34,0,0,0,102,11.873,79.853
2026-07-16 14:04:34,0,0,0,126,11.875,81.573
2026-07-16 14:09:34,0,0,0,153,11.632,81.898
2026-07-16 14:14:34,0,0,0,72,11.822,79.204
2026-07-16 14:19:34,1,1,0,76,11.582,81.066
2026-07-16 14:24:34,0,0,0,42,11.881,77.003
2026-07-16 14:29:34,0,0,0,5,11.766,78.745
2026-07-16 14:34:34,0,0,0,10,11.998,75.815
2026-07-16 14:39:34,0,0,0,27,11.723,80.513
2026-07-16 14:44:41,0,0,0,0,11.728,75.849
2026-07-16 14:49:34,0,0,0,5,11.443,79.407
2026-07-16 14:54:34,0,0,0,0,11.563,78.897
2026-07-16 14:59:34,0,0,0,20,11.809,79.176
2026-07-16 15:04:34,0,0,0,16,11.814,78.129
2026-07-16 15:09:34,0,0,0,0,12.089,75.683
2026-07-16 15:14:34,0,0,0,0,12.18,73.873
2026-07-16 15:19:34,0,0,0,104,11.67,80.801
2026-07-16 15:24:13,0,1,0,38,11.873,78.464
2026-07-16 15:29:13,0,0,0,57,11.819,75.922
2026-07-16 15:34:20,0,0,0,44,11.563,79.5
2026-07-16 15:39:13,0,0,0,70,11.915,78.936
2026-07-16 15:44:14,0,0,0,113,11.574,80.065
2026-07-16 15:49:13,1,1,0,118,11.937,77.989
2026-07-16 15:54:14,0,1,0,35,12.012,73.828
2026-07-16 15:59:13,1,1,0,66,11.632,79.569
2026-07-16 16:04:33,0,0,0,18,11.857,75.596
2026-07-16 16:09:29,0,0,0,126,11.67,80.715
2026-07-16 16:14:13,0,0,0,62,11.752,78.228
2026-07-16 16:19:14,0,0,0,143,11.611,83.858
2026-07-16 16:24:13,4,5,0,278,11.766,83.485
2026-07-16 16:29:13,1,1,0,101,12.105,74.446
2026-07-16 16:34:13,0,0,0,53,11.995,79.441
2026-07-16 16:39:13,1,3,0,177,11.758,82.592
2026-07-16 16:44:13,0,0,0,53,11.542,81.406
2026-07-16 16:49:13,0,0,0,182,11.632,82.476
2026-07-16 16:54:14,0,0,0,2,12.006,78.491
2026-07-16 16:59:14,0,0,0,10,11.68,80.698
2026-07-16 17:04:15,0,0,0,78,11.921,78.451
2026-07-16 17:09:14,53,67,0,307,11.018,85.585
2026-07-16 17:14:14,2,3,0,121,11.646,81.764
2026-07-16 17:19:13,5,5,0,171,11.301,84.839
2026-07-16 17:24:14,26,29,0,349,11.667,83.998
2026-07-16 17:29:13,16,16,0,619,10.981,88.007
2026-07-16 17:34:14,12,14,0,516,10.751,89.197
2026-07-16 17:39:14,5,6,0,372,11.339,86.87
2026-07-16 17:44:23,20,24,0,608,11.173,87.505
2026-07-16 17:49:14,8,9,0,427,11.539,86.435
2026-07-16 17:54:13,33,38,0,399,11.355,86.418
2026-07-16 17:59:14,20,25,0,478,11.547,86.517
2026-07-16 18:04:14,7,10,0,392,11.504,86.061
2026-07-16 18:09:14,5,6,0,351,11.766,84.507
2026-07-16 18:14:14,6,9,0,582,11.536,86.418
2026-07-16 18:19:15,6,6,0,650,11.563,86.714
2026-07-16 18:24:15,4,4,0,856,11.2,87.599
2026-07-16 18:29:36,10,12,0,682,11.419,86.876
2026-07-16 18:34:15,20,20,0,669,10.895,88.825
2026-07-16 18:39:15,31,32,0,962,10.911,88.978
2026-07-16 18:44:15,21,22,0,751,11.096,88.129
2026-07-16 18:49:15,7,9,0,613,11.101,87.776
2026-07-16 18:54:15,12,14,0,696,10.946,88.917
2026-07-16 18:59:15,26,26,0,674,11.061,88.247
2026-07-16 19:04:15,27,28,0,623,10.925,88.944
2026-07-16 19:09:15,34,34,0,691,11.04,89.447
2026-07-16 19:14:15,53,65,0,690,10.874,88.778
2026-07-16 19:19:15,50,64,0,812,10.655,90.391
2026-07-16 19:24:15,32,33,0,655,10.516,91.187
2026-07-16 19:29:15,17,22,0,559,10.735,90.229
2026-07-16 19:34:15,9,10,0,520,10.543,90.294
2026-07-16 19:39:15,6,8,0,585,10.786,90.828
2026-07-16 19:44:15,16,17,0,582,10.778,90.445
2026-07-16 19:49:15,22,23,0,685,10.634,90.765
2026-07-16 19:54:15,15,19,0,582,10.607,90.817
2026-07-16 19:59:16,18,19,0,901,10.572,91.742
2026-07-16 20:04:15,40,45,0,825,10.719,90.426
2026-07-16 20:09:15,26,26,0,813,10.772,89.792
2026-07-16 20:14:15,37,41,0,739,10.735,90.242
2026-07-16 20:19:15,27,29,0,653,10.778,90.361
2026-07-16 20:24:15,23,25,0,596,10.69,90.109
2026-07-16 20:29:15,31,34,0,717,10.644,91.255
2026-07-16 20:34:15,23,28,0,480,10.789,90.712
2026-07-16 20:39:15,31,31,0,567,10.756,90.227
2026-07-16 20:44:15,31,32,0,571,10.861,90.725
2026-07-16 20:49:15,30,31,0,629,10.802,90.164
2026-07-16 20:54:16,28,29,0,610,10.831,91.042
2026-07-16 20:59:15,38,44,0,639,10.853,89.617
2026-07-16 21:04:23,48,59,0,682,10.559,91.005
2026-07-16 21:09:15,47,58,0,894,10.433,92.014
2026-07-16 21:14:15,37,43,0,591,10.319,91.887
2026-07-16 21:19:15,49,59,0,874,10.468,92.571
2026-07-16 21:24:22,41,52,0,1494,10.575,91.644
2026-07-16 21:29:17,54,68,0,1046,10.329,92.484
2026-07-16 21:34:16,41,47,0,674,10.337,92.955
2026-07-16 21:39:17,32,33,0,608,10.409,92.545
2026-07-16 21:44:16,31,34,0,576,10.415,92.495
2026-07-16 21:49:25,21,21,0,476,10.543,92.455
2026-07-16 21:54:16,30,30,0,651,10.18,93.933
2026-07-16 21:59:16,26,26,0,486,10.332,93.723
2026-07-16 22:04:16,12,12,0,410,10.409,92.592
2026-07-16 22:09:16,17,20,0,454,10.548,92.528
2026-07-16 22:14:17,20,21,0,435,10.66,92.682
2026-07-16 22:19:17,15,19,0,525,10.655,92.028
2026-07-16 22:24:16,7,7,0,420,10.532,92.033
2026-07-16 22:29:16,42,53,0,795,10.303,93.662
2026-07-16 22:34:16,38,43,0,607,10.348,93.1
2026-07-16 22:39:17,30,31,0,561,10.137,94.204
2026-07-16 22:44:17,21,22,0,550,10.27,93.706
2026-07-16 22:49:16,5,5,0,351,10.249,93.874
2026-07-16 22:54:16,5,5,0,468,10.471,93.073
2026-07-16 22:59:25,4,5,0,374,10.412,92.699
2026-07-16 23:04:17,7,7,0,485,10.19,94.122
2026-07-16 23:09:16,7,8,0,481,10.345,93.802
2026-07-16 23:14:17,7,8,0,482,10.5,91.805
2026-07-16 23:19:17,22,23,0,684,10.156,94.092
2026-07-16 23:24:17,4,4,0,378,10.209,93.851
2026-07-16 23:29:16,1,1,0,296,10.276,93.17
2026-07-16 23:34:17,0,0,0,252,10.252,92.528
2026-07-16 23:39:17,2,2,0,270,10.303,92.259
2026-07-16 23:44:17,0,0,0,155,10.439,90.563
2026-07-16 23:49:17,0,0,0,177,10.481,90.693
2026-07-16 23:54:17,0,0,0,187,10.444,90.88
2026-07-16 23:59:16,0,0,0,142,10.303,88.186
2026-07-17 00:04:17,0,0,0,219,10.407,89.436
2026-07-17 00:09:16,0,0,0,271,10.436,90.977
2026-07-17 00:14:17,0,0,0,236,10.238,92.013
2026-07-17 00:19:17,9,13,0,438,10.27,91.616
2026-07-17 00:24:18,4,5,0,463,10.431,91.148
2026-07-17 00:29:18,5,7,0,565,10.479,90.698
2026-07-17 00:34:18,1,1,0,366,10.073,92.11
2026-07-17 00:39:27,2,2,0,351,10.03,91.982
2026-07-17 00:44:18,2,3,0,417,10.174,91.517
2026-07-17 00:49:18,0,0,0,362,10.198,91.219
2026-07-17 00:54:26,0,0,0,409,10.177,91.375
2026-07-17 00:59:18,0,0,0,482,10.281,91.21
2026-07-17 01:04:18,0,0,0,491,10.324,91.961
2026-07-17 01:09:18,0,0,0,424,10.286,91.581
2026-07-17 01:14:18,0,0,0,434,10.27,91.087
2026-07-17 01:19:18,17,17,0,527,10.078,92.152
2026-07-17 01:24:18,2,2,0,596,10.14,92.209
2026-07-17 01:29:18,2,2,0,609,10.014,92.823
2026-07-17 01:34:18,1,1,0,602,10.003,92.682
2026-07-17 01:39:18,1,1,0,568,9.993,93.657
2026-07-17 01:44:18,2,2,0,477,10.172,91.778
2026-07-17 01:49:26,2,2,0,511,10.134,91.93
2026-07-17 01:54:18,0,0,0,446,10.22,91.681
2026-07-17 01:59:18,1,1,0,397,10.257,91.272
2026-07-17 02:04:18,1,1,0,447,10.164,91.885
2026-07-17 02:09:18,3,4,0,506,10.359,91.08
2026-07-17 02:14:19,2,2,0,527,10.217,91.591
2026-07-17 02:19:18,0,0,0,379,9.971,92.028
2026-07-17 02:24:18,0,0,0,327,10.051,90.664
2026-07-17 02:29:18,0,0,0,349,10.051,91.028
2026-07-17 02:34:18,3,4,0,451,10.142,90.984
2026-07-17 02:39:18,0,0,0,368,9.576,93.714
2026-07-17 02:44:18,0,0,0,362,9.883,92.386
2026-07-17 02:49:18,4,4,0,338,9.95,89.768
2026-07-17 02:54:18,10,13,0,262,9.656,88.045
2026-07-17 02:59:25,2,2,0,279,9.763,89.687
2026-07-17 03:04:28,0,0,0,257,9.582,90.073
2026-07-17 03:09:19,0,0,0,325,9.755,90.841
2026-07-17 03:14:18,0,0,0,268,9.56,90.454
2026-07-17 03:19:18,0,0,0,322,9.475,91.292
2026-07-17 03:24:19,0,0,0,462,9.539,91.196
2026-07-17 03:29:19,0,0,0,383,9.627,89.596
2026-07-17 03:34:28,0,0,0,363,9.16,91.921
2026-07-17 03:39:20,0,0,0,366,9.437,91.36
2026-07-17 03:44:19,0,0,0,277,9.309,90.111
2026-07-17 03:49:19,0,0,0,337,9.4,91.244
2026-07-17 03:54:19,0,0,0,424,9.531,91.168
2026-07-17 03:59:19,0,0,0,395,9.347,91.276
2026-07-17 04:04:30,0,0,0,378,9.154,91.999
2026-07-17 04:09:19,0,0,0,365,9.031,92.554
2026-07-17 04:14:19,0,0,0,391,9.079,92.459
2026-07-17 04:19:19,0,0,0,343,9.184,92.167
2026-07-17 04:24:19,0,0,0,348,9.122,91.993
2026-07-17 04:29:19,0,0,0,353,8.951,93.449
2026-07-17 04:34:19,0,0,0,397,9.16,93.104
2026-07-17 04:39:19,0,0,0,432,9.157,92.697
2026-07-17 04:44:19,0,0,0,340,9.093,92.758
2026-07-17 04:49:20,0,0,0,318,8.893,93.722
2026-07-17 04:54:20,0,0,0,342,9.104,93.779
2026-07-17 04:59:20,0,0,0,424,9.106,93.06
2026-07-17 05:04:19,0,0,0,354,9.152,93.334
2026-07-17 05:09:19,0,0,0,371,9.136,92.877
2026-07-17 05:14:40,0,0,0,452,9.253,93.168
2026-07-17 05:19:19,0,0,0,338,9.141,93.172
2026-07-17 05:24:19,0,0,0,338,8.879,94.217
2026-07-17 05:29:20,0,0,0,324,8.639,95.598
2026-07-17 05:34:19,0,0,0,291,8.946,95.209
2026-07-17 05:39:20,0,0,0,361,9.077,94.195
2026-07-17 05:44:20,0,0,0,271,8.796,94.582
2026-07-17 05:49:20,0,0,0,226,8.994,94.402
2026-07-17 05:54:20,0,0,0,315,9.106,94.114
2026-07-17 05:59:20,0,0,0,362,9.149,93.516
2026-07-17 06:04:19,0,0,0,307,9.096,94.303
2026-07-17 06:09:20,0,0,0,308,9.144,94.166
2026-07-17 06:14:19,1,1,0,294,8.959,94.593
2026-07-17 06:19:20,0,0,0,356,9.063,93.943
2026-07-17 06:24:21,0,0,0,413,9.325,93.903
2026-07-17 06:29:21,0,0,0,398,9.306,93.475
2026-07-17 06:34:21,0,1,0,370,9.096,94.141
2026-07-17 06:39:21,0,0,0,325,9.336,93.554
2026-07-17 06:44:21,0,0,0,298,9.421,93.569
2026-07-17 06:49:21,0,0,0,241,9.133,94.336
2026-07-17 06:54:21,0,0,0,347,9.309,94.208
2026-07-17 06:59:21,0,0,0,266,9.368,93.496
2026-07-17 07:04:21,0,0,0,314,9.445,93.475
2026-07-17 07:09:21,0,0,0,253,9.288,94.242
2026-07-17 07:14:21,0,0,0,388,9.469,93.159
2026-07-17 07:19:21,0,0,0,486,9.528,94.221
2026-07-17 07:24:21,27,27,0,493,9.509,93.498
2026-07-17 07:29:21,0,0,0,306,9.387,93.327
2026-07-17 07:34:21,0,0,0,348,9.464,93.449
2026-07-17 07:39:21,0,0,0,326,9.141,94.509
2026-07-17 07:44:21,0,0,0,368,9.459,94.639
2026-07-17 07:49:21,0,0,0,262,9.312,94.181
2026-07-17 07:54:21,0,0,0,363,9.317,94.729
2026-07-17 07:59:21,0,1,0,427,9.515,94.187
2026-07-17 08:04:21,0,1,0,622,9.395,94.435
2026-07-17 08:09:21,0,0,0,466,9.552,94.462
2026-07-17 08:14:21,0,0,0,365,9.512,93.414
2026-07-17 08:19:21,0,0,0,287,9.512,93.636
2026-07-17 08:24:21,0,1,0,303,9.571,92.93
2026-07-17 08:29:21,0,0,0,379,9.587,93.313
2026-07-17 08:34:21,0,0,0,428,9.688,93.462
2026-07-17 08:39:21,0,0,0,407,9.304,94.628
2026-07-17 08:44:21,0,0,0,324,9.36,94.757
2026-07-17 08:49:22,1,1,0,364,9.646,94.36
2026-07-17 08:54:22,0,0,0,380,9.56,93.744
2026-07-17 08:59:21,0,0,0,226,9.608,93.79
2026-07-17 09:04:21,0,0,0,289,9.627,93.107
2026-07-17 09:09:21,0,0,0,312,9.728,93.092
2026-07-17 09:14:21,1,1,0,368,9.699,92.962
2026-07-17 09:19:21,0,0,0,391,9.782,93.926
2026-07-17 09:24:23,54,68,0,1084,9.523,94.25
2026-07-17 09:29:23,42,49,0,677,9.56,94.175
2026-07-17 09:34:23,16,21,0,547,9.688,94.504
2026-07-17 09:39:23,21,22,0,499,9.624,94.723
2026-07-17 09:44:23,23,23,0,453,9.752,94.099
2026-07-17 09:49:22,20,20,0,556,9.854,93.876
2026-07-17 09:54:23,35,37,0,371,9.819,94.13
2026-07-17 09:59:22,19,19,0,378,9.859,94.311
2026-07-17 10:04:23,8,8,0,328,9.945,93.477
2026-07-17 10:09:23,9,9,0,272,9.726,94.214
2026-07-17 10:14:23,23,23,0,385,9.83,94.179
2026-07-17 10:19:22,22,26,0,359,9.899,93.187
2026-07-17 10:24:23,26,26,0,264,9.736,94.446
2026-07-17 10:29:23,7,7,0,228,9.87,93.792
2026-07-17 10:34:23,3,3,0,221,9.811,94.652
2026-07-17 10:39:23,5,7,0,201,9.718,94.528
2026-07-17 10:44:23,39,45,0,603,9.817,94.076
2026-07-17 10:49:23,7,7,0,307,10.011,94.019
2026-07-17 10:54:23,27,29,0,410,10.169,94.156
2026-07-17 10:59:42,5,7,0,276,10.217,93.83
2026-07-17 11:05:03,18,21,0,286,10.3,93.258
2026-07-17 11:09:59,41,45,0,492,10.134,94.202
2026-07-17 11:14:23,23,25,0,482,10.166,94.385
2026-07-17 11:19:22,46,55,0,446,10.359,94.246
2026-07-17 11:24:23,12,15,0,276,10.06,94.374
2026-07-17 11:29:23,23,23,0,334,10.201,95.574
2026-07-17 11:34:23,38,43,0,341,10.027,95.007
2026-07-17 11:39:23,31,34,0,425,10.014,95.511
2026-07-17 11:44:23,35,40,0,549,10.297,95.221
2026-07-17 11:49:23,30,30,0,439,10.303,93.969
2026-07-17 11:54:23,23,23,0,450,10.303,94.608
2026-07-17 11:59:23,12,12,0,302,10.505,93.594
2026-07-17 12:04:23,34,36,0,398,10.671,93.767
2026-07-17 12:09:23,28,29,0,427,10.583,93.79
2026-07-17 12:14:23,32,34,0,433,10.372,94.984
2026-07-17 12:19:23,25,27,0,320,10.521,94.801
2026-07-17 12:24:24,25,27,0,567,10.842,94.668
2026-07-17 12:29:24,22,27,0,332,10.799,94.46
2026-07-17 12:34:24,21,22,0,284,10.989,93.346
2026-07-17 12:39:24,18,22,0,358,10.775,93.42
2026-07-17 12:44:24,12,15,0,273,11.04,92.844
2026-07-17 12:49:30,7,7,0,218,10.861,93.092
2026-07-17 12:54:24,25,30,0,322,11.002,92.924
2026-07-17 12:59:24,9,10,0,270,10.708,93.701
2026-07-17 13:04:24,34,34,0,523,10.81,93.34
2026-07-17 13:09:24,10,10,0,298,10.775,93.474
2026-07-17 13:14:24,8,8,0,269,10.914,92.915
2026-07-17 13:19:24,15,16,0,297,10.863,93.355
2026-07-17 13:24:24,29,29,0,412,10.887,93.498
2026-07-17 13:29:24,33,35,0,577,10.735,94.296
2026-07-17 13:34:25,32,33,0,454,10.887,93.63
2026-07-17 13:39:24,51,63,0,479,10.623,94.658
2026-07-17 13:44:24,39,47,0,408,10.671,93.731
2026-07-17 13:49:24,30,35,0,438,10.714,94.263
2026-07-17 13:54:25,28,29,0,381,10.813,93.47
2026-07-17 13:59:25,37,41,0,418,10.634,95.001
2026-07-17 14:04:24,27,29,0,389,10.447,94.872
2026-07-17 14:09:24,33,33,0,554,10.655,94.912
2026-07-17 14:14:24,25,27,0,345,10.532,94.238
2026-07-17 14:19:25,65,78,0,1008,10.732,93.826
2026-07-17 14:24:24,40,45,0,490,10.746,93.79
2026-07-17 14:29:24,46,55,0,417,10.666,94.475
2026-07-17 14:34:25,22,23,0,325,10.842,94.149
2026-07-17 14:39:24,32,33,0,360,10.436,94.818
2026-07-17 14:44:24,29,29,0,360,10.505,94.906
2026-07-17 14:49:24,30,31,0,440,10.682,95.293
2026-07-17 14:54:24,23,25,0,349,10.682,94.191
2026-07-17 14:59:24,38,45,0,469,10.826,94.063
2026-07-17 15:04:25,9,10,0,216,10.935,93.393
2026-07-17 15:09:24,6,6,0,172,10.789,93.18
2026-07-17 15:14:25,12,13,0,190,11.053,92.095
2026-07-17 15:19:25,15,16,0,234,10.829,93.807
2026-07-17 15:24:26,32,34,0,465,10.676,94.83
2026-07-17 15:29:25,23,23,0,365,10.802,95.444
2026-07-17 15:34:26,43,51,0,589,10.562,95.938
2026-07-17 15:39:26,38,44,0,769,10.826,95.173
2026-07-17 15:44:26,38,44,0,701,10.738,95.823
2026-07-17 15:49:26,38,44,0,549,10.842,94.944
2026-07-17 15:54:26,37,43,0,509,10.877,94.765
2026-07-17 15:59:26,30,32,0,994,11.005,94.372
2026-07-17 16:05:03,34,36,0,394,10.604,95.383
2026-07-17 16:09:48,37,41,0,463,10.855,95.465
2026-07-17 16:14:26,40,46,0,480,10.647,95.547
2026-07-17 16:19:25,33,35,0,361,10.778,94.969
2026-07-17 16:24:26,38,43,0,409,10.647,95.41
2026-07-17 16:29:26,50,58,0,523,10.61,96.382
2026-07-17 16:34:34,32,32,0,442,10.764,95.242
2026-07-17 16:39:26,20,22,0,307,10.789,94.729
2026-07-17 16:44:26,25,25,0,374,10.692,95.163
2026-07-17 16:49:26,7,7,0,258,11.045,94.36
2026-07-17 16:54:26,6,8,0,379,11.045,93.807
2026-07-17 16:59:26,38,42,0,563,11.112,94.126
2026-07-17 17:04:26,25,28,0,435,10.783,95.638
2026-07-17 17:09:26,38,42,0,627,10.986,95.104
2026-07-17 17:14:26,37,42,0,528,10.778,95.656
2026-07-17 17:19:26,36,39,0,514,10.85,95.532
2026-07-17 17:24:32,27,27,0,447,11.037,94.853
2026-07-17 17:29:35,29,29,0,379,11.082,94.116
2026-07-17 17:34:26,40,46,0,410,11.128,93.752
2026-07-17 17:39:26,31,34,0,451,11.096,94.208
2026-07-17 17:44:26,21,22,0,316,10.81,95.877
2026-07-17 17:49:26,35,38,0,386,10.829,95.614
2026-07-17 17:54:26,32,33,0,356,10.74,96.363
2026-07-17 17:59:26,27,27,0,341,10.738,96.758
2026-07-17 18:04:26,23,23,0,626,10.887,96.712
2026-07-17 18:09:26,56,70,0,1603,10.877,96.543
2026-07-17 18:14:34,37,39,0,531,10.959,96.394
2026-07-17 18:19:26,23,23,0,311,10.853,96.789
2026-07-17 18:24:27,30,32,0,,10.388,98.801
2026-07-17 18:29:27,0,0,0,,10.943,93.119
2026-07-17 18:34:27,4,4,0,,10.898,94.427
2026-07-17 18:39:27,9,10,0,,10.666,96.518
2026-07-17 18:44:27,1,1,0,,10.845,93.613
2026-07-17 18:49:28,0,0,0,,10.903,92.436
2026-07-17 18:54:28,0,0,0,,10.858,90.633
2026-07-17 18:59:27,0,0,0,,10.772,90.99
2026-07-17 19:04:27,0,0,0,,10.586,89.937
2026-07-17 19:09:27,0,0,0,,10.532,91.492
2026-07-17 19:14:27,0,0,0,,10.586,90.162
2026-07-17 19:19:28,0,0,0,,10.316,91.799
2026-07-17 19:24:28,0,0,0,,10.866,87.423
2026-07-17 19:29:27,0,0,0,,10.602,89.203
2026-07-17 19:34:28,0,0,0,,10.708,89.607
2026-07-17 19:39:27,5,5,0,,10.316,93.123
2026-07-17 19:44:28,0,0,0,,10.407,91.959
2026-07-17 19:49:28,0,0,0,,10.27,93.323
2026-07-17 19:54:28,0,0,0,,10.319,92.451
2026-07-17 19:59:28,0,0,0,,10.22,94.301
2026-07-17 20:04:27,0,0,0,,10.172,94.471
2026-07-17 20:09:28,0,0,0,,10.148,94.423
2026-07-17 20:14:28,0,0,0,,10.129,96.18
2026-07-17 20:19:28,0,0,0,,10.225,91.875
2026-07-17 20:24:28,0,0,0,,10.019,93.023
2026-07-17 20:29:28,0,0,0,,10.054,94.114
2026-07-17 20:34:28,0,0,0,,10.073,92.569
2026-07-17 20:39:28,18,21,0,,9.873,94.841
2026-07-17 20:44:27,14,16,0,,9.742,95.602
2026-07-17 20:49:28,0,0,0,,9.662,95.45
2026-07-17 20:54:28,0,0,0,,9.598,93.897
2026-07-17 20:59:28,0,0,0,,9.841,90.279
2026-07-17 21:04:27,0,0,0,,9.52,93.245
2026-07-17 21:09:28,1,1,0,,9.528,93.853
2026-07-17 21:14:28,0,0,0,,9.619,91.206
2026-07-17 21:19:28,0,0,0,,9.504,93.735
2026-07-17 21:24:29,0,0,0,,9.331,94.742
2026-07-17 21:29:29,0,0,0,,9.176,94.948
2026-07-17 21:34:29,0,0,0,,9.2,96.222
2026-07-17 21:39:28,4,4,0,,9.144,95.629
2026-07-17 21:44:29,2,2,0,,9.2,95.349
2026-07-17 21:49:29,20,20,0,,9.146,96.197
2026-07-17 21:54:29,0,0,0,,9.288,95.703
2026-07-17 21:59:29,0,0,0,,9.424,94.784
2026-07-17 22:04:29,0,0,0,,9.314,94.687
2026-07-17 22:09:29,0,0,0,,9.493,94.193
2026-07-17 22:14:29,0,0,0,,9.421,95.997
2026-07-17 22:19:29,0,0,0,,9.491,94.889
2026-07-17 22:24:29,0,0,0,,9.427,95.879
2026-07-17 22:29:29,0,0,0,,9.24,96.817
2026-07-17 22:34:29,0,0,0,,9.325,95.215
2026-07-17 22:39:29,0,0,0,,9.261,95.152
2026-07-17 22:44:29,43,49,0,,9.638,90.853
2026-07-17 22:49:29,0,0,0,,9.063,96.062
2026-07-17 22:54:29,0,0,0,,8.946,97.346
2026-07-17 22:59:29,0,0,0,,9.192,96.483
2026-07-17 23:04:29,0,0,0,,9.21,96.602
2026-07-17 23:09:29,0,2,0,,9.264,95.53
2026-07-17 23:14:29,3,3,0,,9.395,94.795
2026-07-17 23:19:29,0,0,0,,9.501,93.176
2026-07-17 23:24:29,0,0,0,,9.373,95.566
2026-07-17 23:29:29,0,0,0,,9.627,93.571
2026-07-17 23:34:29,0,0,0,,9.64,94.731
2026-07-17 23:39:29,0,0,0,,10.401,85.892
2026-07-17 23:44:37,0,0,0,,10.19,87.809
2026-07-17 23:49:29,0,0,0,,9.854,89.951
2026-07-17 23:54:29,0,0,0,,9.878,90.857
2026-07-17 23:59:29,0,0,0,,9.854,91.194
2026-07-18 00:04:29,0,0,0,,9.798,87.925
2026-07-18 00:09:29,0,0,0,,9.758,90.843
2026-07-18 00:14:29,0,0,0,,9.587,94.614
2026-07-18 00:19:30,0,0,0,,9.507,93.733
2026-07-18 00:24:30,0,0,0,,9.443,94.668
2026-07-18 00:29:30,0,0,0,,9.509,94.347
2026-07-18 00:34:31,0,0,0,,9.654,91.215
2026-07-18 00:39:30,0,0,0,,9.544,95.259
2026-07-18 00:44:30,0,0,0,,9.429,95.472
2026-07-18 00:49:30,0,0,0,,9.675,93.573
2026-07-18 00:54:30,0,0,0,,9.437,95.27
2026-07-18 00:59:30,0,0,0,,9.435,96.129
2026-07-18 01:04:30,0,0,0,,9.336,96.436
2026-07-18 01:09:30,0,0,0,,9.189,96.701
2026-07-18 01:14:30,0,0,0,,9.186,96.897
2026-07-18 01:19:31,0,0,0,,9.384,94.952
2026-07-18 01:24:30,0,0,0,,9.379,96.024
2026-07-18 01:29:31,0,0,0,,9.328,95.968
2026-07-18 01:34:31,0,0,0,,9.59,91.7
2026-07-18 01:39:30,0,0,0,,9.224,96.735
2026-07-18 01:44:30,0,0,0,,9.352,96.474
2026-07-18 01:49:30,0,0,0,,9.459,96.543
2026-07-18 01:54:31,0,0,0,,9.317,96.438
2026-07-18 01:59:30,0,0,0,,9.224,96.411
2026-07-18 02:04:40,0,0,0,,9.322,97.08
2026-07-18 02:09:30,0,0,0,,9.301,96.564
2026-07-18 02:14:30,0,0,0,,9.232,96.813
2026-07-18 02:19:31,0,0,0,,9.285,96.592
2026-07-18 02:24:30,0,0,0,,9.347,97
2026-07-18 02:29:31,0,0,0,,9.221,96.6
2026-07-18 02:34:30,0,0,0,,9.226,97.017
2026-07-18 02:39:30,0,0,0,,9.202,97.614
2026-07-18 02:44:30,0,0,0,,9.114,97.729
2026-07-18 02:49:40,0,0,0,,9.031,98.2
2026-07-18 02:54:31,0,0,0,,9.112,97.944
2026-07-18 02:59:31,0,0,0,,9.197,97.33
2026-07-18 03:04:31,0,0,0,,9.149,97.346
2026-07-18 03:09:30,0,0,0,,9.192,95.837
2026-07-18 03:14:31,0,0,0,,9.269,96.323
2026-07-18 03:19:30,0,0,0,,9.274,95.032
2026-07-18 03:24:32,0,0,0,,9.314,93.907
2026-07-18 03:29:32,0,0,0,,9.373,90.902
2026-07-18 03:34:32,0,0,0,,9.096,94.835
2026-07-18 03:39:32,0,0,0,,8.845,96.84
2026-07-18 03:44:32,0,0,0,,8.887,97.586
2026-07-18 03:49:32,0,0,0,,8.911,94.992
2026-07-18 03:54:32,0,0,0,,8.74,97.565
2026-07-18 03:59:32,0,0,0,,8.714,97.63
2026-07-18 04:04:32,0,0,0,,8.684,97.096
2026-07-18 04:09:32,0,0,0,,8.703,97.988
2026-07-18 04:14:32,0,0,0,,8.703,98.046
2026-07-18 04:19:32,0,0,0,,8.77,98.459
2026-07-18 04:24:38,0,0,0,,8.618,98.742
2026-07-18 04:29:32,0,0,0,,8.706,97.397
2026-07-18 04:34:32,0,0,0,,8.631,98.843
2026-07-18 04:39:32,0,0,0,,8.545,98.95
2026-07-18 04:44:32,0,0,0,,8.692,98.843
2026-07-18 04:49:32,0,0,0,,8.663,98.704
2026-07-18 04:54:32,0,0,0,,8.417,98.431
2026-07-18 04:59:32,0,0,0,,8.577,98.698
2026-07-18 05:04:32,0,0,0,,8.567,98.412
2026-07-18 05:09:32,0,0,0,,8.585,97.731
2026-07-18 05:14:32,0,0,0,,8.529,97.799
2026-07-18 05:19:32,0,0,0,,8.521,98.543
2026-07-18 05:24:33,0,0,0,,8.465,98.646
2026-07-18 05:29:32,0,0,0,,8.556,98.866
2026-07-18 05:34:32,0,0,0,,8.511,98.303
2026-07-18 05:39:32,0,0,0,,8.417,98.501
2026-07-18 05:44:32,0,0,0,,8.404,98.29
2026-07-18 05:49:32,0,0,0,,8.372,98.15
2026-07-18 05:54:33,0,0,0,,8.268,98.143
2026-07-18 05:59:32,0,0,0,,8.065,97.162
2026-07-18 06:04:33,0,0,0,,8.169,98.316
2026-07-18 06:09:32,0,0,0,,8.075,98.192
2026-07-18 06:14:32,0,0,0,,7.963,98.33
2026-07-18 06:19:32,0,0,0,,8.049,98.614
2026-07-18 06:24:33,0,0,0,,7.867,98.122
2026-07-18 06:29:34,0,0,0,,8.046,97.618
2026-07-18 06:34:33,0,0,0,,7.846,98.646
2026-07-18 06:39:33,0,0,0,,7.926,97.593
2026-07-18 06:44:33,0,0,0,,8.035,98.585
2026-07-18 06:49:33,0,0,0,,7.766,96.283
2026-07-18 06:54:33,3,3,0,,7.806,98.227
2026-07-18 06:59:33,0,0,0,,7.843,97.952
2026-07-18 07:04:33,0,0,0,,7.758,98.135
2026-07-18 07:09:33,0,0,0,,7.627,98.826
2026-07-18 07:14:34,8,8,0,,7.715,98.765
2026-07-18 07:19:33,0,0,0,,7.715,98.646
2026-07-18 07:24:42,0,0,0,,7.648,98.562
2026-07-18 07:29:34,0,0,0,,7.75,98.852
2026-07-18 07:34:34,0,0,0,,7.824,98.953
2026-07-18 07:39:33,0,0,0,,7.664,98.068
2026-07-18 07:44:34,1,1,0,,7.638,98.603
2026-07-18 07:49:34,0,0,0,,7.739,98.856
2026-07-18 07:54:41,0,0,0,,7.659,99.173
2026-07-18 07:59:33,0,0,0,,7.712,99.22
2026-07-18 08:04:34,0,0,0,,7.774,99.102
2026-07-18 08:09:34,0,0,0,,7.72,98.854
2026-07-18 08:14:34,0,0,0,,7.76,98.599
2026-07-18 08:19:34,0,0,0,,7.816,99.116
2026-07-18 08:24:34,8,8,0,,7.83,99.463
2026-07-18 08:29:34,7,10,0,,7.864,99.009
2026-07-18 08:34:34,5,6,0,,7.75,98.728
2026-07-18 08:39:34,7,7,0,,7.889,99.009
2026-07-18 08:44:34,11,11,0,,7.953,99.058
2026-07-18 08:49:34,7,7,0,,8.054,99.049
2026-07-18 08:54:34,2,3,0,,7.958,97.574
2026-07-18 08:59:43,3,3,0,,8.049,98.423
2026-07-18 09:04:34,2,3,0,,8.254,98.833
2026-07-18 09:09:34,1,1,0,,8.316,98.402
2026-07-18 09:14:34,0,0,0,,8.439,98.259
2026-07-18 09:19:34,4,4,0,,8.626,97.25
2026-07-18 09:24:35,6,6,0,,8.583,96.947
2026-07-18 09:29:35,6,7,0,,8.62,96.579
2026-07-18 09:34:35,8,8,0,,8.66,96.842
2026-07-18 09:39:35,42,51,0,,8.719,96.956
2026-07-18 09:44:35,19,20,0,,8.754,96.993
2026-07-18 09:49:35,3,3,0,,8.484,96.327
2026-07-18 09:54:35,6,6,0,,8.423,96.72
2026-07-18 09:59:35,4,4,0,,8.604,96.972
2026-07-18 10:04:35,6,6,0,,8.682,96.277
2026-07-18 10:09:35,3,4,0,,8.743,96.276
2026-07-18 10:14:35,4,4,0,,8.97,97.429
2026-07-18 10:19:35,6,6,0,,8.7,96.949
2026-07-18 10:24:45,8,9,0,,8.871,96.449
2026-07-18 10:29:35,7,7,0,,8.663,95.226
2026-07-18 10:34:35,8,8,0,,8.978,96.653
2026-07-18 10:39:35,6,7,0,,9.162,97.086
2026-07-18 10:44:35,8,8,0,,9.405,97.496
2026-07-18 10:49:35,10,10,0,,9.475,96.211
2026-07-18 10:54:35,8,8,0,,9.517,95.505
2026-07-18 10:59:35,7,7,0,,9.549,95.663
2026-07-18 11:04:35,5,7,0,,9.48,94.221
2026-07-18 11:09:35,3,3,0,,9.619,93.533
2026-07-18 11:14:35,21,24,0,,9.427,95.017
2026-07-18 11:19:35,8,8,0,,9.56,96.111
2026-07-18 11:24:35,7,7,0,,9.728,96.411
2026-07-18 11:29:35,7,8,0,,9.817,94.586
2026-07-18 11:34:35,3,3,0,,9.953,92.554
2026-07-18 11:39:35,3,3,0,,9.886,88.945
2026-07-18 11:44:36,3,4,0,,10.003,94.004
2026-07-18 11:49:35,1,2,0,,9.672,94
2026-07-18 11:54:35,1,1,0,,9.897,94.002
2026-07-18 11:59:35,0,0,0,,9.814,93.907
2026-07-18 12:04:56,0,0,0,,9.873,95.389
2026-07-18 12:09:36,0,0,0,,10.34,95.774
2026-07-18 12:14:35,5,5,0,,10.017,94.896
2026-07-18 12:19:36,2,2,0,,9.774,95.013
2026-07-18 12:24:36,1,1,0,,9.945,95.127
2026-07-18 12:29:36,8,9,0,,10.332,95.52
2026-07-18 12:34:36,4,4,0,,10.524,94.589
2026-07-18 12:39:37,2,2,0,,10.666,95.066
2026-07-18 12:44:37,2,2,0,,10.359,92.877
2026-07-18 12:49:36,5,5,0,,10.156,93.964
2026-07-18 12:54:36,2,2,0,,10.473,94.879
2026-07-18 12:59:36,2,3,0,,10.706,95.583
2026-07-18 13:04:37,23,28,0,,10.591,93.92
2026-07-18 13:09:36,10,10,0,,10.626,93.8
2026-07-18 13:14:36,10,12,0,,10.423,93.624
2026-07-18 13:19:36,4,5,0,,10.206,92.812
2026-07-18 13:24:36,8,8,0,,10.532,95.04
2026-07-18 13:29:37,3,4,0,,10.348,93.258
2026-07-18 13:34:39,36,41,0,,10.519,94.162
2026-07-18 13:39:37,21,25,0,,10.543,94.084
2026-07-18 13:44:37,8,8,0,,10.695,94.587
2026-07-18 13:49:36,5,5,0,,10.786,93.794
2026-07-18 13:54:37,3,4,0,,10.772,93.588
2026-07-18 13:59:37,4,4,0,1472,10.618,93.174
2026-07-18 14:04:37,4,4,0,1485,10.925,95.776
2026-07-18 14:09:37,6,6,0,1357,10.887,94.46
2026-07-18 14:14:37,5,5,0,1292,10.484,94.418
2026-07-18 14:19:37,5,7,0,1208,10.7,94.771
2026-07-18 14:24:37,10,10,0,1713,11.114,95.907
2026-07-18 14:29:37,10,10,0,1501,11.315,95.535
2026-07-18 14:34:37,8,8,0,1443,11.234,92.907
2026-07-18 14:39:37,53,66,0,2151,11.058,93.809
2026-07-18 14:44:37,12,12,0,1285,10.837,90.534
2026-07-18 14:49:37,6,6,0,1332,10.791,91.379
2026-07-18 14:54:37,9,10,0,1674,10.949,93.138
2026-07-18 14:59:37,12,12,0,1359,11.002,94.704
2026-07-18 15:04:37,14,17,0,1362,11.226,94.965
2026-07-18 15:09:37,13,16,0,1489,11.403,94.75
2026-07-18 15:14:37,16,17,0,1377,11.339,91.404
2026-07-18 15:19:37,32,33,0,1318,11.654,93.113
2026-07-18 15:24:38,17,18,0,1377,11.728,93.285
2026-07-18 15:29:38,4,5,0,1066,11.683,93.054
2026-07-18 15:34:38,2,2,0,987,12.399,91.641
2026-07-18 15:39:38,5,5,0,1195,12.452,90.227
2026-07-18 15:44:38,7,8,0,1081,12.727,85.63
2026-07-18 15:49:38,12,12,0,2122,12.762,88.982
2026-07-18 15:54:38,16,19,0,1397,12.652,89.239
2026-07-18 15:59:38,4,5,0,1239,12.353,87.904
2026-07-18 16:04:54,3,3,0,1052,12.626,89.655
2026-07-18 16:09:45,5,5,0,1519,12.481,90.74
2026-07-18 16:14:38,16,17,0,7750,12.316,91.107
2026-07-18 16:19:38,35,37,0,4509,12.377,92.104
2026-07-18 16:24:38,18,21,0,4199,12.204,90.038
2026-07-18 16:29:38,22,24,0,1754,12.327,91.429
2026-07-18 16:34:38,13,14,0,1086,12.161,90.86
2026-07-18 16:39:38,15,16,0,1114,12.271,92.64
2026-07-18 16:44:38,16,18,0,1175,12.164,91.778
2026-07-18 16:49:38,16,17,0,1346,11.931,92.512
2026-07-18 16:54:39,33,37,0,1985,11.79,93.105
2026-07-18 16:59:38,26,27,0,1327,11.28,93.716
2026-07-18 17:04:38,6,9,0,935,11.304,93.651
2026-07-18 17:09:39,9,9,0,1186,11.496,94.851
2026-07-18 17:14:38,40,49,0,1557,11.448,94.416
2026-07-18 17:19:38,34,38,0,1411,11.339,94.292
2026-07-18 17:24:38,22,22,0,1080,11.25,93.01
2026-07-18 17:29:39,23,26,0,1540,11.296,94.795
2026-07-18 17:34:38,10,12,0,1022,11.248,94.288
2026-07-18 17:39:38,9,9,0,1059,11.013,95.272
2026-07-18 17:44:38,6,8,0,938,10.607,93.361
2026-07-18 17:49:39,22,23,0,1202,10.425,93.929
2026-07-18 17:54:38,37,39,0,1546,10.126,94.475
2026-07-18 17:59:39,7,7,0,1073,9.6,94.252
2026-07-18 18:04:38,0,0,0,735,9.795,92.978
2026-07-18 18:09:39,2,2,0,831,9.752,93.281
2026-07-18 18:14:39,2,2,0,953,9.389,93.361
2026-07-18 18:19:39,0,0,0,789,9.59,93.453
2026-07-18 18:24:39,2,2,0,1028,9.096,92.365
2026-07-18 18:29:46,0,0,0,787,9.448,88.932
2026-07-18 18:34:39,0,0,0,711,9.68,88.387
2026-07-18 18:39:40,0,0,0,661,9.598,87.456
2026-07-18 18:44:40,0,0,0,808,9.509,90.357
2026-07-18 18:49:40,0,0,0,740,9.314,88.625
2026-07-18 18:54:40,0,0,0,1400,9.224,91.164
2026-07-18 18:59:39,10,13,0,1331,9.053,90.374
2026-07-18 19:04:40,30,36,0,1435,8.962,92.425
2026-07-18 19:09:39,46,54,0,10833,8.898,93.264
2026-07-18 19:14:40,29,31,0,1208,8.754,91.559
2026-07-18 19:19:40,13,13,0,897,8.756,91.044
2026-07-18 19:24:40,11,11,0,1258,8.465,91.597
2026-07-18 19:30:01,28,31,0,1672,8.054,92.6
2026-07-18 19:34:40,2,2,0,881,7.993,92.714
2026-07-18 19:39:40,4,6,0,927,8.022,91.606
2026-07-18 19:44:40,16,16,0,1552,7.856,92.571
2026-07-18 19:49:40,21,22,0,1295,7.707,95.04
2026-07-18 19:54:40,3,3,0,1023,7.672,94.151
2026-07-18 19:59:40,3,3,0,916,7.496,95.076
2026-07-18 20:04:40,22,22,0,1636,7.557,93.825
2026-07-19 20:33:30,5,5,0,,7.723,96.869
2026-07-19 20:38:31,42,48,0,,7.897,95.932
2026-07-19 20:43:30,41,43,0,,8.043,95.055
2026-07-19 20:48:31,32,34,0,,8.209,95.913
2026-07-19 20:53:30,28,28,0,,8.23,93.811
2026-07-19 20:58:30,39,43,0,,8.401,93.926
2026-07-19 21:03:30,40,48,0,,8.551,92.478
2026-07-19 21:08:31,49,57,0,,8.738,91.646
2026-07-19 21:13:31,36,40,0,,8.73,91.427
2026-07-19 21:18:30,42,50,0,,8.919,90.777
2026-07-19 21:23:30,37,40,0,,8.946,90.239
2026-07-19 21:28:31,35,36,0,,9.029,90.656
2026-07-19 21:33:30,33,36,0,,8.746,91.541
2026-07-19 21:38:31,34,39,0,,9.031,89.447
2026-07-19 21:43:39,31,34,0,,9.098,88.871
2026-07-19 21:48:31,56,69,0,,9.101,89.924
2026-07-19 21:53:31,26,26,0,,9.05,88.272
2026-07-19 21:58:31,37,38,0,,8.975,90.185
2026-07-19 22:03:31,62,77,0,,8.983,90.387
2026-07-19 22:08:31,28,31,0,,9.16,90.008
2026-07-19 22:13:31,19,19,0,,9.202,89.888
2026-07-19 22:18:30,37,42,0,,9.387,89.729
2026-07-19 22:28:32,37,40,0,,9.515,90.056
2026-07-19 22:33:31,49,57,0,,9.149,92.079
2026-07-19 22:38:31,55,70,0,,9.501,90.057
2026-07-19 22:43:53,51,62,0,,9.456,90.143
2026-07-19 22:48:31,26,26,0,,9.293,91.673
2026-07-19 22:53:31,36,40,0,,9.533,90.944
2026-07-19 22:58:31,40,43,0,,9.48,91.246
2026-07-19 23:03:32,34,37,0,,9.536,90.689
2026-07-19 23:08:31,33,34,0,,9.622,90.279
2026-07-19 23:13:37,34,37,0,,9.587,89.703
2026-07-19 23:18:32,40,49,0,,9.451,90.582
2026-07-19 23:23:32,42,48,0,,9.528,90.241
2026-07-19 23:28:31,40,45,0,,9.576,89.655
2026-07-19 23:32:32,46,55,0,,9.389,90.263
2026-07-19 23:37:44,45,54,0,,9.125,90.836
2026-07-19 23:42:32,47,57,0,,9.349,90.723
2026-07-19 23:47:32,48,57,0,,9.288,90.798
2026-07-19 23:52:32,48,56,0,,9.392,90.677
2026-07-19 23:57:32,54,69,0,,9.24,90.612
2026-07-20 00:02:32,48,58,0,,9.16,91.646
2026-07-20 00:07:32,48,57,0,,9.274,90.983
2026-07-20 00:12:32,49,58,0,,9.272,91.185
2026-07-20 00:17:32,50,59,0,,8.997,92.28
2026-07-20 00:22:32,46,54,0,,9.288,91.599
2026-07-20 00:27:32,47,55,0,,9.336,91.604
2026-07-20 00:32:33,47,54,0,,9.325,90.782
2026-07-20 00:37:34,44,54,0,,9.565,90.433
2026-07-20 00:42:32,44,52,0,,9.67,89.727
2026-07-20 00:47:35,42,49,0,,9.752,89.3
2026-07-20 00:52:32,39,47,0,,9.643,90.092
2026-07-20 00:57:33,40,46,0,,9.56,90.405
2026-07-20 01:02:33,43,51,0,,9.477,90.681
2026-07-20 01:07:33,39,49,0,,9.736,89.966
2026-07-20 01:12:34,44,52,0,,9.272,91.847
2026-07-20 01:17:33,42,49,0,,9.429,91.24
2026-07-20 01:22:39,38,43,0,,9.491,90.853
2026-07-20 01:27:36,38,43,0,,9.638,90.75
2026-07-20 01:32:32,37,42,0,,9.034,93.165
2026-07-20 01:37:32,37,41,0,,9.309,91.7
2026-07-20 01:42:33,30,31,0,,9.109,93.483
2026-07-20 01:47:33,31,37,0,,9.32,91.942
2026-07-20 01:52:32,32,32,0,,9.357,91.29
2026-07-20 01:57:33,28,29,0,,9.576,90.506
2026-07-20 02:02:33,27,29,0,,9.555,90.302
2026-07-20 02:07:33,30,31,0,,9.17,92.621
2026-07-20 02:12:33,30,31,0,,9.272,92.924
2026-07-20 02:17:33,29,30,0,,9.218,93.134
2026-07-20 02:22:33,30,31,0,,9.146,92.508
2026-07-20 02:27:33,29,30,0,,9.136,93.186
2026-07-20 02:32:33,30,30,0,,8.812,94.507
2026-07-20 02:37:33,34,35,0,,8.911,93.945
2026-07-20 02:42:34,29,30,0,,8.909,94.177
2026-07-20 02:47:34,29,34,0,,8.529,96.214
2026-07-20 02:52:34,30,31,0,,8.7,95.419
2026-07-20 02:57:33,39,43,0,,8.484,97.046
2026-07-20 03:02:33,41,45,0,,8.759,94.978
2026-07-20 03:07:34,39,43,0,,8.836,95.593
2026-07-20 03:12:34,35,41,0,,8.834,96.049
2026-07-20 03:17:36,39,42,0,,8.85,95.518
2026-07-20 03:22:33,38,40,0,,8.898,95.135
2026-07-20 03:27:36,35,39,0,,8.724,95.74
2026-07-20 03:32:35,38,39,0,,8.668,95.797
2026-07-20 03:37:36,36,39,0,,8.909,95.707
2026-07-20 03:42:35,36,37,0,,8.871,94.923
2026-07-20 03:47:34,36,39,0,,8.711,95.678
2026-07-20 03:52:34,39,44,0,,8.828,95.841
2026-07-20 03:57:34,51,60,0,,8.682,95.894
2026-07-20 04:02:34,45,53,0,,8.738,95.646
2026-07-20 04:07:34,36,41,0,,8.61,96.63
2026-07-20 04:12:34,36,37,0,,8.615,96.953
2026-07-20 04:17:34,32,36,0,,8.561,97.309
2026-07-20 04:22:34,29,29,0,,8.847,96.911
2026-07-20 04:27:35,31,33,0,,8.786,96.731
2026-07-20 04:32:36,28,30,0,,8.772,96.659
2026-07-20 04:37:34,24,27,0,,8.951,95.919
2026-07-20 04:42:34,21,26,0,,8.954,96.51
2026-07-20 04:47:45,20,22,0,,8.973,96.512
2026-07-20 04:52:35,19,21,0,,9.09,96.325
2026-07-20 04:57:34,13,14,0,,9.098,95.938
2026-07-20 05:02:34,7,7,0,,9.031,96.785
2026-07-20 05:07:34,8,8,0,,9.074,97.094
2026-07-20 05:12:34,4,4,0,,9.058,97.305
2026-07-20 05:17:34,7,7,0,,9.165,97.153
2026-07-20 05:22:35,5,5,0,,9.136,96.611
2026-07-20 05:27:34,4,4,0,,9.213,96.031
2026-07-20 05:32:35,4,4,0,,9.192,96.11
2026-07-20 05:37:35,5,5,0,,9.176,96.213
2026-07-20 05:42:35,5,5,0,,9.104,96.371
2026-07-20 05:47:35,3,3,0,,9.277,96.495
2026-07-20 05:52:35,2,2,0,,9.205,96.279
2026-07-20 05:57:35,2,2,0,,9.17,95.776
2026-07-20 06:02:35,3,3,0,,9.288,96.489
2026-07-20 06:07:35,3,5,0,,9.293,95.488
2026-07-20 06:12:36,7,7,0,,8.962,97.174
2026-07-20 06:17:36,4,4,0,,9.13,96.869
2026-07-20 06:22:35,4,4,0,,9.165,96.712
2026-07-20 06:27:39,7,7,0,,9.088,96.844
2026-07-20 06:32:36,7,7,0,,9.133,96.079
2026-07-20 06:37:36,6,7,0,,9.101,96.205
2026-07-20 06:42:36,3,3,0,,8.909,96.945
2026-07-20 06:47:36,4,6,0,,9.096,96.562
2026-07-20 06:52:37,0,0,0,,9.21,95.963
2026-07-20 06:57:37,3,3,0,,9.25,96.098
2026-07-20 07:02:36,9,9,0,,9.088,96.247
2026-07-20 07:07:36,7,9,0,,9.106,96.272
2026-07-20 07:12:35,6,6,0,,9.09,96.766
2026-07-20 07:17:36,4,4,0,,8.978,97.3
2026-07-20 07:22:37,7,9,0,,9.138,96.686
2026-07-20 07:27:35,9,10,0,,9.221,96.413
2026-07-20 07:32:36,8,9,0,,9.16,96.092
2026-07-20 07:37:35,13,13,0,,9.061,96.733
2026-07-20 07:42:36,7,7,0,,9.071,96.682
2026-07-20 07:47:36,18,18,0,,8.973,97.099
2026-07-20 07:52:37,20,22,0,,9.101,97.372
2026-07-20 07:57:37,10,13,0,,9.125,96.35
2026-07-20 08:02:36,8,8,0,,9.218,96.466
2026-07-20 08:07:36,7,7,0,,9.085,95.881
2026-07-20 08:12:36,9,9,0,,9.023,96.52
2026-07-20 08:17:36,10,10,0,,9.178,95.493
2026-07-20 08:22:36,8,8,0,,9.058,95.844
2026-07-20 08:27:36,8,8,0,,8.706,96.365
2026-07-20 08:32:37,38,43,0,,8.812,95.2
2026-07-20 08:37:37,6,6,0,,8.74,97.101
2026-07-20 08:42:38,2,3,0,,8.93,96.312
2026-07-20 08:47:36,31,31,0,,9.047,96.613
2026-07-20 08:52:37,8,8,0,,8.882,97.202
2026-07-20 08:57:36,45,54,0,,8.938,96.687
2026-07-20 09:02:37,3,3,0,,8.722,97.273
2026-07-20 09:07:37,8,8,0,,8.636,96.873
2026-07-20 09:12:36,2,2,0,,8.759,95.074
2026-07-20 09:17:37,1,1,0,,8.764,95.07
2026-07-20 09:22:52,9,13,0,,8.556,96.48
2026-07-20 09:27:40,0,0,0,,8.561,95.844
2026-07-20 09:32:37,0,1,0,,8.668,96.186
2026-07-20 09:37:37,1,1,0,,8.658,96.312
2026-07-20 09:42:37,7,7,0,,8.69,95.864
2026-07-20 09:47:37,2,2,0,,8.703,95.905
2026-07-20 09:52:37,7,7,0,,8.679,96.787
2026-07-20 09:57:37,4,4,0,,8.81,96.775
2026-07-20 10:02:37,13,13,0,,8.759,96.516
2026-07-20 10:07:37,9,9,0,,8.786,96.661
2026-07-20 10:12:37,3,3,0,,8.692,97.019
2026-07-20 10:17:54,3,3,0,,8.69,97.023
2026-07-20 10:22:37,31,32,0,,8.732,96.962
2026-07-20 10:27:38,48,56,0,,8.807,96.735
2026-07-20 10:32:37,7,7,0,,8.724,96.106
2026-07-20 10:37:39,9,9,0,,8.901,96.958
2026-07-20 10:42:37,19,20,0,,8.834,96.392
2026-07-20 10:47:37,10,14,0,,8.927,96.153
2026-07-20 10:52:37,7,8,0,,9.013,94.675
2026-07-20 10:57:37,10,10,0,,8.85,96.274
2026-07-20 11:02:37,8,8,0,,9.074,96.384
2026-07-20 11:07:38,10,14,0,,9.264,95.631
2026-07-20 11:12:39,3,4,0,,9.018,95.77
2026-07-20 11:17:38,4,6,0,,9.208,95.101
2026-07-20 11:22:37,22,22,0,,9.234,95.705
2026-07-20 11:27:37,2,2,0,,8.973,95.442
2026-07-20 11:32:38,7,7,0,,9.031,95.856
2026-07-20 11:37:39,9,9,0,,9.277,96.02
2026-07-20 11:42:39,30,30,0,,9.023,96.11
2026-07-20 11:47:39,18,18,0,,9.25,96.068
2026-07-20 11:52:38,32,32,0,,9.52,94.935
2026-07-20 11:57:38,10,13,0,,9.614,94.216
2026-07-20 12:02:38,7,9,0,,9.923,93.754
2026-07-20 12:07:38,17,20,0,,10.319,93.189
2026-07-20 12:12:38,7,7,0,,10.169,93.207
2026-07-20 12:17:43,5,5,0,,10.193,93.592
2026-07-20 12:22:38,10,13,0,,10.217,93.208
2026-07-20 12:27:41,8,8,0,,10.284,92.499
2026-07-20 12:32:39,8,8,0,,10.225,92.205
2026-07-20 12:37:51,9,10,0,,10.18,92.344
2026-07-20 12:42:38,12,13,0,,10.436,92.682
2026-07-20 12:47:38,10,10,0,,10.61,91.089
2026-07-20 12:52:38,7,7,0,,10.521,91.107
2026-07-20 12:57:38,7,7,0,,10.449,91.44
2026-07-20 13:02:38,6,6,0,,10.546,89.638
2026-07-20 13:07:39,6,6,0,,10.471,91.057
2026-07-20 13:12:38,5,5,0,,10.612,90.744
2026-07-20 13:17:39,13,14,0,,10.786,90.607
2026-07-20 13:22:39,16,16,0,,11.037,91.169
2026-07-20 13:27:38,7,7,0,,10.874,87.656
2026-07-20 13:32:56,6,6,0,,11.013,88.974
2026-07-20 13:37:38,3,4,0,,10.874,90.433
2026-07-20 13:42:39,12,12,0,,10.746,90.904
2026-07-20 13:47:39,5,6,0,,10.97,89.56
2026-07-20 13:52:39,13,14,0,,11.194,88.902
2026-07-20 13:57:39,12,12,0,,11.101,89.499
2026-07-20 14:02:40,18,19,0,,11.173,90.939
2026-07-20 14:07:39,10,10,0,,11.165,90.851
2026-07-20 14:12:39,13,14,0,,10.759,92.383
2026-07-20 14:17:39,9,9,0,,11.072,89.529
2026-07-20 14:22:39,9,9,0,,11.309,88.732
2026-07-20 14:27:39,3,3,0,,11.007,87.206
2026-07-20 14:32:40,4,4,0,,10.837,90.849
2026-07-20 14:37:40,5,5,0,,11.173,89.79
2026-07-20 14:42:40,26,26,0,,11.264,87.639
2026-07-20 14:47:40,20,20,0,,11.635,90.845
2026-07-20 14:52:40,8,8,0,,11.469,89.758
2026-07-20 14:57:40,16,16,0,,11.718,90.263
2026-07-20 15:02:40,26,28,0,,12.012,86.996
2026-07-20 15:07:40,16,18,0,,11.843,88.442
2026-07-20 15:12:40,18,18,0,,11.87,85.602
2026-07-20 15:17:40,16,16,0,,11.947,87.833
2026-07-20 15:22:40,10,14,0,,11.83,87.334
2026-07-20 15:27:40,24,25,0,1539,12.247,88.892
2026-07-20 15:32:40,22,24,0,1450,12.393,86.498
2026-07-20 15:37:40,22,24,0,1426,12.401,86.13
2026-07-20 15:42:40,20,20,0,1394,12.249,85.976
2026-07-20 15:47:41,12,12,0,1523,12.684,86.239
2026-07-20 15:52:40,32,34,0,1583,12.295,84.925
2026-07-20 15:57:40,25,26,0,1324,12.356,86.569
2026-07-20 16:03:41,5,5,0,1245,12.578,85.754
2026-07-20 16:08:17,9,9,0,1523,12.492,85.995
2026-07-20 16:12:40,14,14,0,1725,11.859,85.175
2026-07-20 16:17:41,13,14,0,1588,12.148,86.472
2026-07-20 16:22:41,8,8,0,1322,11.862,85.55
2026-07-20 16:27:40,7,7,0,1364,12.084,86.714
2026-07-20 16:32:40,15,15,0,1404,11.886,85.384
2026-07-20 16:37:40,8,8,0,1293,11.747,86.878
2026-07-20 16:42:40,12,13,0,1561,11.889,89.802
2026-07-20 16:47:40,7,7,0,1190,11.624,85.968
2026-07-20 16:52:40,22,22,0,1424,11.761,88.921
2026-07-20 16:57:41,10,13,0,1839,11.574,90.431
2026-07-20 17:02:40,29,29,0,1953,11.643,91.131
2026-07-20 17:07:40,34,35,0,1923,11.606,90.796
2026-07-20 17:12:40,52,62,0,2727,11.702,89.068
2026-07-20 17:17:40,39,45,0,2004,11.456,89.474
2026-07-20 17:22:40,36,37,0,1917,11.646,90.58
2026-07-20 17:27:40,37,40,0,2394,11.114,92.19
2026-07-20 17:32:42,34,39,0,2189,11.317,90.67
2026-07-20 17:37:41,33,35,0,2076,11.277,91.642
2026-07-20 17:42:41,40,48,0,2373,11.221,91.667
2026-07-20 17:47:42,31,32,0,2161,11.101,91.787
2026-07-20 17:52:41,41,49,0,2615,10.933,92.909
2026-07-20 17:57:41,40,48,0,2424,10.909,92.955
2026-07-20 18:02:41,44,51,0,2658,11.082,92.907
2026-07-20 18:07:41,44,53,0,2089,10.671,92.638
2026-07-20 18:12:41,40,46,0,2281,10.618,93.868
2026-07-20 18:17:41,38,42,0,2314,10.543,94.04
2026-07-20 18:22:41,39,42,0,2286,10.516,93.846
2026-07-20 18:27:42,33,33,0,1880,10.329,94.338
2026-07-20 18:32:42,22,22,0,1628,10.484,93.746
2026-07-20 18:37:41,26,28,0,1912,10.602,92.648
2026-07-20 18:42:41,23,23,0,1700,10.519,92.333
2026-07-20 18:47:41,12,13,0,1604,10.345,93.001
2026-07-20 18:52:41,30,31,0,2143,10.185,93.489
2026-07-20 18:57:41,19,21,0,1491,10.062,93.06
2026-07-20 19:02:42,22,23,0,1391,10.081,93.29
2026-07-20 19:07:42,30,31,0,1685,9.947,93.308
2026-07-20 19:12:42,37,41,0,2301,9.752,93.752
2026-07-20 19:17:42,25,27,0,1431,9.582,94.135
2026-07-20 19:22:41,15,15,0,1308,9.704,93.451
2026-07-20 19:27:42,7,7,0,1223,9.301,94.452
2026-07-20 19:32:42,47,56,0,2707,9.464,93.87
2026-07-20 19:37:42,61,76,0,3307,9.411,94.45
2026-07-20 19:42:41,48,58,0,2430,9.651,94.986
2026-07-20 19:47:42,30,30,0,1721,9.739,93.193
2026-07-20 19:52:42,20,24,0,1453,9.611,94.439
2026-07-20 19:57:42,40,44,0,2116,9.576,93.855
2026-07-20 20:02:42,34,36,0,1758,9.349,95.236
2026-07-20 20:07:42,29,29,0,1454,9.448,95.23
2026-07-20 20:12:41,14,16,0,1446,9.595,94.538
2026-07-20 20:17:42,49,61,0,2712,9.515,94.221
2026-07-20 20:22:42,33,35,0,1510,9.304,95.688
2026-07-20 20:27:42,22,23,0,1280,9.352,95.57
2026-07-20 20:32:46,23,26,0,2582,9.501,95.413
2026-07-20 20:37:43,7,7,0,1382,9.763,94.612
2026-07-20 20:42:43,34,34,0,2064,9.68,94.912
2026-07-20 20:47:43,31,33,0,2016,9.731,94.534
2026-07-20 20:52:43,46,56,0,2387,9.731,94.427
2026-07-20 20:57:43,28,29,0,1793,9.491,95.894
2026-07-20 21:02:43,22,22,0,1759,9.819,95.165
2026-07-20 21:07:43,10,13,0,1572,10.06,94.261
2026-07-20 21:12:43,16,17,0,1952,9.768,94.856
2026-07-20 21:17:43,35,39,0,1884,9.776,94.889
2026-07-20 21:22:43,6,6,0,1018,10.174,93.311
2026-07-20 21:27:43,30,34,0,2264,9.803,95.555
2026-07-20 21:32:43,14,14,0,1488,9.921,95.339
2026-07-20 21:37:43,66,84,0,2639,10.001,94.212
2026-07-20 21:42:43,41,47,0,1683,9.715,95.595
2026-07-20 21:47:43,31,35,0,1823,9.894,95.055
2026-07-20 21:52:43,15,15,0,1400,9.827,94.752
2026-07-20 21:57:44,26,26,0,1382,10.094,93.714
2026-07-20 22:02:43,34,35,0,2113,10.118,93.952
2026-07-20 22:07:43,7,8,0,1061,10.025,93.87
2026-07-20 22:12:43,35,35,0,2450,10.252,92.415
2026-07-20 22:17:45,22,22,0,1673,10.273,92.81
2026-07-20 22:22:44,20,20,0,1463,10.281,92.51
2026-07-20 22:27:43,22,22,0,1510,10.142,93.252
2026-07-20 22:32:43,14,15,0,1519,10.281,92.777
2026-07-20 22:37:43,32,34,0,1525,9.987,93.88
2026-07-20 22:42:43,16,16,0,1356,9.907,94.7
2026-07-20 22:47:44,22,22,0,1424,9.907,94.238
2026-07-20 22:52:44,7,8,0,1248,9.817,95.425
2026-07-20 22:57:45,7,7,0,1351,9.974,93.498
2026-07-20 23:02:52,4,4,0,1112,10.068,94.179
2026-07-20 23:07:50,5,5,0,1206,9.945,94.521
2026-07-20 23:12:44,2,2,0,998,10.094,93.706
2026-07-20 23:17:44,1,1,0,892,10.34,93.248
2026-07-20 23:22:44,2,2,0,1050,10.206,94.212
2026-07-20 23:27:48,0,0,0,719,11.232,81.737
2026-07-20 23:32:44,0,0,0,803,10.735,87.715
2026-07-20 23:37:44,6,8,0,1327,10.388,92.444
2026-07-20 23:42:45,8,8,0,1311,10.292,93.136
2026-07-20 23:47:44,7,7,0,1397,10.319,92.827
2026-07-20 23:52:49,2,2,0,1196,10.367,92.331
2026-07-20 23:57:44,1,1,0,1163,10.246,92.558
2026-07-21 00:02:44,0,1,0,1234,10.068,93.512
2026-07-21 00:07:46,1,1,0,1086,9.79,92.394
2026-07-21 00:12:44,0,0,0,1200,9.766,93.18
2026-07-21 00:17:47,0,0,0,1305,9.806,92.915
2026-07-21 00:22:44,12,14,0,2958,9.995,92.625
2026-07-21 00:27:45,1,2,0,1453,9.827,92.919
2026-07-21 00:32:45,2,2,0,1420,9.779,93.21
2026-07-21 00:37:44,2,2,0,1358,9.512,94.195
2026-07-21 00:42:45,5,5,0,1147,9.413,94.469
2026-07-21 00:47:45,3,3,0,1193,9.344,95.061
2026-07-21 00:52:45,2,3,0,1176,9.614,94.244
2026-07-21 00:57:45,1,1,0,1272,9.563,93.996
2026-07-21 01:02:44,30,30,0,1846,9.64,92.903
2026-07-21 01:07:45,1,1,0,1136,9.221,94.463
2026-07-21 01:12:45,1,1,0,999,9.162,94.088
2026-07-21 01:17:45,0,0,0,1082,9.306,94.303
2026-07-21 01:22:45,0,0,0,947,9.373,93.338
2026-07-21 01:27:46,0,0,0,1078,9.36,93.516
2026-07-21 01:32:45,0,1,0,1285,9.274,93.912
2026-07-21 01:37:45,0,0,0,953,9.336,93.525
2026-07-21 01:42:45,0,0,0,1222,9.226,93.983
2026-07-21 01:47:46,0,0,0,1130,9.336,93.622
2026-07-21 01:52:45,1,1,0,1327,9.6,93.214
2026-07-21 01:57:45,0,0,0,951,9.619,90.746
2026-07-21 02:02:46,0,0,0,1154,9.64,91.955
2026-07-21 02:07:46,0,0,0,962,9.395,92.1
2026-07-21 02:12:45,0,0,0,936,9.031,93.34
2026-07-21 02:17:45,0,0,0,1019,9.381,93.157
2026-07-21 02:22:45,0,0,0,977,9.298,92.98
2026-07-21 02:27:45,0,0,0,839,9.2,93.186
2026-07-21 02:32:47,0,0,0,1008,9.421,92.386
2026-07-21 02:37:46,0,0,0,971,9.437,91.822
2026-07-21 02:42:46,0,0,0,1007,9.651,91.753
2026-07-21 02:47:47,0,0,0,993,9.624,91.774
2026-07-21 02:52:46,0,0,0,988,9.76,91.944
2026-07-21 02:57:47,0,0,0,960,9.966,91.391
2026-07-21 03:02:47,0,0,0,1126,9.782,91.768
2026-07-21 03:07:47,0,1,0,1071,9.261,93.828
2026-07-21 03:12:47,0,0,0,1003,9.523,93.138
2026-07-21 03:17:47,0,0,0,954,9.56,91.492
2026-07-21 03:22:47,0,0,0,997,9.817,91.597
2026-07-21 03:27:48,0,0,0,1197,9.784,91.902
2026-07-21 03:32:47,0,0,0,1164,9.792,92.47
2026-07-21 03:37:54,0,0,0,1237,9.509,93.29
2026-07-21 03:42:47,0,0,0,1067,9.384,93.773
2026-07-21 03:47:47,0,0,0,1136,9.667,92.365
2026-07-21 03:52:47,0,0,0,1279,9.648,91.965
2026-07-21 03:57:47,0,0,0,1201,9.648,91.591
2026-07-21 04:02:47,0,0,0,1224,9.296,93.168
2026-07-21 04:07:59,1,1,0,1188,9.336,93.817
2026-07-21 04:12:47,0,0,0,1121,9.282,93.254
2026-07-21 04:17:47,0,0,0,1227,9.013,94.452
2026-07-21 04:22:47,2,2,0,1202,9.047,95.114
2026-07-21 04:27:48,1,2,0,1122,9.149,94.418
2026-07-21 04:32:47,1,1,0,1139,8.946,95.08
2026-07-21 04:37:47,0,1,0,1137,9.282,93.874
2026-07-21 04:42:48,1,1,0,1172,9.096,94.814
2026-07-21 04:47:47,0,0,0,1064,9.266,93.092
2026-07-21 04:52:47,0,0,0,974,9.48,92.222
2026-07-21 04:57:48,0,0,0,1069,9.598,92.459
2026-07-21 05:02:50,0,1,0,1076,9.461,93.132
2026-07-21 05:07:50,0,0,0,1046,9.592,93.18
2026-07-21 05:12:50,0,0,0,1010,9.405,93.525
2026-07-21 05:17:48,0,0,0,994,9.408,93.254
2026-07-21 05:22:48,0,0,0,986,9.501,93.001
2026-07-21 05:27:50,0,0,0,996,9.531,93.676
2026-07-21 05:32:48,0,0,0,1101,9.512,92.926
2026-07-21 05:37:48,0,1,0,1351,9.528,93.947
2026-07-21 05:42:51,0,0,0,1219,9.619,93.657
2026-07-21 05:47:49,0,0,0,1334,9.654,92.804
2026-07-21 05:52:49,0,0,0,1233,9.774,91.833
2026-07-21 05:57:48,1,2,0,1248,9.328,94.17
2026-07-21 06:02:48,0,0,0,1144,9.376,93.773
2026-07-21 06:07:48,1,1,0,1131,9.448,93.716
2026-07-21 06:12:48,0,0,0,1132,9.2,94.408
2026-07-21 06:17:48,1,1,0,1274,9.549,94.292
2026-07-21 06:22:48,0,0,0,1028,9.664,92.411
2026-07-21 06:27:48,0,0,0,1010,9.672,92.39
2026-07-21 06:32:49,1,1,0,1108,9.718,93.475
2026-07-21 06:37:48,0,0,0,1049,9.437,94.643
2026-07-21 06:42:50,0,0,0,1169,9.667,93.365
2026-07-21 06:47:48,0,0,0,1017,9.632,93.989
2026-07-21 06:52:54,1,1,0,1084,9.854,94.074
2026-07-21 06:57:49,1,2,0,1171,9.79,94.259
2026-07-21 07:02:50,0,2,0,1031,9.651,94.91
2026-07-21 07:07:49,1,2,0,1082,9.795,94.082
2026-07-21 07:12:48,0,1,0,982,9.499,96.171
2026-07-21 07:17:49,0,0,0,1145,9.795,94.769
2026-07-21 07:22:51,0,0,0,962,9.739,94.425
2026-07-21 07:27:48,1,1,0,997,9.768,94.677
2026-07-21 07:32:48,0,0,0,926,9.528,94.986
2026-07-21 07:37:48,4,4,0,1124,9.8,95.112
2026-07-21 07:42:48,4,4,0,1092,9.787,94.912
2026-07-21 07:47:49,1,2,0,1101,9.947,94.334
2026-07-21 07:52:48,2,3,0,1166,9.8,94.473
2026-07-21 07:57:52,0,0,0,665,9.91,90.489
2026-07-21 08:02:49,0,0,0,681,9.985,91.229
2026-07-21 08:07:49,0,0,0,899,9.707,92.716
2026-07-21 08:12:48,0,0,0,629,9.587,90.572
2026-07-21 08:17:49,0,0,0,566,10.076,89.485
2026-07-21 08:22:49,0,0,0,763,9.774,91.915
2026-07-21 08:27:49,1,2,0,766,9.859,90.685
2026-07-21 08:32:49,1,1,0,765,9.624,91.011
2026-07-21 08:37:49,0,0,0,666,10.07,86.824
2026-07-21 08:42:52,0,0,0,703,9.931,89.71
2026-07-21 08:47:51,0,0,0,845,9.755,92.672
2026-07-21 08:52:49,0,0,0,913,9.704,92.531
2026-07-21 08:57:53,0,0,0,838,9.651,91.801
2026-07-21 09:02:50,0,0,0,839,9.718,92.436
2026-07-21 09:07:50,2,3,0,1035,9.624,94.113
2026-07-21 09:12:50,2,3,0,885,9.525,94.208
2026-07-21 09:17:51,1,1,0,958,9.696,93.773
2026-07-21 09:22:50,2,2,0,824,9.699,92.753
2026-07-21 09:27:49,3,3,0,920,9.977,90.387
2026-07-21 09:32:50,4,4,0,1085,10.158,90.553
2026-07-21 09:37:50,5,5,0,1084,10.105,91.965
2026-07-21 09:42:50,0,0,0,935,10.18,92.566
2026-07-21 09:47:50,0,0,0,781,9.982,91.566
2026-07-21 09:52:50,0,0,0,851,10.303,92.882
2026-07-21 09:57:49,0,0,0,751,10.567,89.628
2026-07-21 10:02:50,0,0,0,793,10.286,92.632
2026-07-21 10:07:52,0,0,0,873,10.714,91.29
2026-07-21 10:12:50,0,0,0,1073,10.914,91.007
2026-07-21 10:17:50,1,2,0,1186,10.885,91.147
2026-07-21 10:22:50,8,9,0,1175,10.914,91.557
2026-07-21 10:27:50,1,1,0,753,10.537,87.24
2026-07-21 10:32:51,6,6,0,785,11.005,88.167
2026-07-21 10:37:50,0,0,0,883,10.943,91.185
2026-07-21 10:42:50,5,6,0,914,10.842,90.572
2026-07-21 10:47:50,2,2,0,4250,10.895,89.911
2026-07-21 10:52:50,1,1,0,796,11.117,90.784
2026-07-21 10:57:53,0,0,0,833,11.315,91.41
2026-07-21 11:02:53,26,26,0,1256,11.312,90.445
2026-07-21 11:07:50,0,1,0,821,11.277,90.334
2026-07-21 11:12:50,1,1,0,872,11.419,90.485
2026-07-21 11:17:50,1,1,0,778,11.395,89.365
2026-07-21 11:22:53,0,0,0,738,11.387,89.153
2026-07-21 11:27:52,8,8,0,1165,11.216,90.641
2026-07-21 11:32:55,5,5,0,1174,11.397,90.473
2026-07-21 11:38:17,5,5,0,1082,11.304,88.398
2026-07-21 11:42:52,5,5,0,930,11.066,90.057
2026-07-21 11:47:54,2,3,0,909,11.266,89.596
2026-07-21 11:52:54,5,5,0,1069,11.365,90.464
2026-07-21 11:57:51,2,2,0,917,11.216,87.053
2026-07-21 12:02:51,3,3,0,988,11.395,89.188
2026-07-21 12:07:52,3,4,0,1055,11.339,89.731
2026-07-21 12:13:04,2,2,0,931,11.485,88.894
2026-07-21 12:17:52,1,1,0,852,10.978,90.103
2026-07-21 12:22:51,5,5,0,917,11.2,90.397
2026-07-21 12:27:51,6,6,0,996,11.165,89.893
2026-07-21 12:32:53,10,13,0,1008,11.122,90.969
2026-07-21 12:37:51,4,4,0,894,11.12,90.321
2026-07-21 12:42:51,4,5,0,1109,10.938,91.402
2026-07-21 12:47:51,29,30,0,1389,10.626,92.707
2026-07-21 12:57:53,0,0,0,445,10.073,86.641
2026-07-21 13:02:53,0,0,0,,10.078,84.177
2026-07-21 13:07:51,0,0,0,,9.953,85.344
2026-07-21 13:12:52,0,0,0,,9.448,84.803
2026-07-21 13:17:51,0,0,0,,9.162,85.348
2026-07-21 13:22:51,0,0,0,,9.331,83.824
2026-07-21 13:27:52,0,0,0,,9.138,86.063
2026-07-21 13:32:51,0,0,0,,8.812,86.374
2026-07-21 13:37:51,0,0,0,,8.812,86.514
2026-07-21 13:42:51,0,0,0,,8.767,86.905
2026-07-21 13:47:58,0,0,0,,8.759,86.433
2026-07-21 13:52:51,0,0,0,,8.885,84.103
2026-07-21 13:57:52,0,0,0,,8.615,89.457
2026-07-21 14:03:09,0,0,0,,8.893,84.602
2026-07-21 14:07:52,0,0,0,,8.97,87.523
2026-07-21 14:12:52,0,0,0,,8.855,89.781
2026-07-21 14:17:53,0,0,0,,8.994,88.078
2026-07-21 14:22:52,0,0,0,,9.274,84.148
2026-07-21 14:27:52,0,0,0,,9.17,84.988
2026-07-21 14:32:53,0,0,0,,9.17,87.997
2026-07-21 14:37:53,0,0,0,,9.031,90.113
2026-07-21 14:42:55,0,0,0,,9.194,85.945
2026-07-21 14:47:53,0,0,0,,9.416,81.722
2026-07-21 14:52:53,0,0,0,,9.403,84.837
2026-07-21 14:57:53,0,0,0,,9.429,83.979
2026-07-21 15:02:52,0,0,0,,9.549,84.312
2026-07-21 15:07:53,0,0,0,,9.499,86.01
2026-07-21 15:12:52,0,0,0,,9.352,87.709
2026-07-21 15:17:53,0,0,0,,9.734,79.561
2026-07-21 15:22:56,0,0,0,,9.651,83.992
2026-07-21 15:27:53,0,0,0,,9.547,81.257
2026-07-21 15:33:00,0,0,0,,9.467,86.34
2026-07-21 15:37:53,0,0,0,,9.467,84.078
2026-07-21 15:42:53,0,0,0,,9.472,85.503
2026-07-21 15:47:53,0,0,0,,9.576,79.298
2026-07-21 15:52:53,13,15,0,,9.525,88.467
2026-07-21 15:57:53,0,0,0,,9.683,81.179
2026-07-21 16:04:14,0,0,0,,9.87,81.339
2026-07-21 16:09:03,0,0,0,,9.857,80.219
2026-07-21 16:12:53,0,0,0,,9.907,82.394
2026-07-21 16:17:56,0,0,0,,9.907,82.161
2026-07-21 16:22:55,0,0,0,,10.217,75.996
2026-07-21 16:27:53,0,0,0,,10.27,78.121
2026-07-21 16:32:54,0,0,0,,10.348,78.567
2026-07-21 16:37:53,0,0,0,,10.212,82.039
2026-07-21 16:42:54,0,0,0,,10.276,84.648
2026-07-21 16:47:53,0,0,0,,10.441,77.223
2026-07-21 16:52:53,3,3,0,,10.524,75.167
2026-07-21 16:57:53,0,0,0,,10.367,76.937
2026-07-21 17:02:53,0,0,0,,9.995,84.568
2026-07-21 17:07:54,2,2,0,,10.126,85.888
2026-07-21 17:12:53,7,7,0,,10.172,87.9
2026-07-21 17:17:56,0,0,0,,10.06,84.263
2026-07-21 17:22:53,0,0,0,,10.051,85.382
2026-07-21 17:28:07,0,0,0,,10.017,86.552
2026-07-21 17:32:54,3,4,0,,10.126,89.296
2026-07-21 17:37:54,9,9,0,,10.327,89.686
2026-07-21 17:42:55,6,8,0,,10.246,88.486
2026-07-21 17:47:54,14,14,0,,10.051,89.846
2026-07-21 17:52:54,7,9,0,,10.1,89.346
2026-07-21 17:57:54,2,3,0,,9.83,87.744
2026-07-21 18:02:54,1,2,0,,9.897,90.916
2026-07-21 18:07:55,3,3,0,,9.688,90.799
2026-07-21 18:12:54,2,2,0,,9.619,89.592
2026-07-21 18:17:54,5,5,0,,9.539,92.634
2026-07-21 18:22:54,22,22,0,,9.309,92.638
2026-07-21 18:27:55,31,33,0,,9.314,91.274
2026-07-21 18:32:55,37,40,0,,9.264,91.673
2026-07-21 18:37:54,46,55,0,,9.317,91.225
2026-07-21 18:42:54,39,44,0,,9.192,89.012
2026-07-21 18:47:55,21,22,0,,9.045,89.289
2026-07-21 18:52:54,29,29,0,,8.906,90.855
2026-07-21 18:57:54,3,3,0,,8.764,91.145
2026-07-21 19:02:55,3,3,0,,8.663,90.527
2026-07-21 19:07:55,4,7,0,,8.593,90.262
2026-07-21 19:12:55,7,7,0,,8.628,90.546
2026-07-21 19:17:55,2,3,0,,8.572,90.78
2026-07-21 19:22:55,26,28,0,,8.612,88.905
2026-07-21 19:27:58,96,101,0,,8.567,89.783
2026-07-21 19:32:55,117,122,0,,8.658,91.862
2026-07-21 19:37:54,78,89,0,,8.786,87.637
2026-07-21 19:42:55,39,44,0,,8.407,90.057
2026-07-21 19:47:55,2,2,0,,8.265,90.382
2026-07-21 19:52:55,15,20,0,,8.124,89.954
2026-07-21 19:57:54,0,0,0,,7.704,90.836
2026-07-21 20:02:55,33,35,0,,7.814,92.171
2026-07-21 20:07:55,36,45,0,,7.37,92.388
2026-07-21 20:12:55,9,9,0,,7.181,92.323
2026-07-21 20:17:55,6,7,0,,6.954,92.548
2026-07-21 20:22:55,53,63,0,,6.871,92.711
2026-07-21 20:27:55,5,5,0,,7.098,91.621
2026-07-21 20:32:56,109,112,0,,6.97,91.435
2026-07-21 20:37:56,51,64,0,,7.087,92.329
2026-07-21 20:42:56,21,23,0,,6.957,93.47
2026-07-21 20:47:56,36,36,0,,7.026,92.375
2026-07-21 20:52:56,21,23,0,,7.194,92.384
2026-07-21 20:57:56,20,20,0,,7.146,92.989
2026-07-21 21:02:56,33,36,0,,6.983,93.025
2026-07-21 21:07:56,28,28,0,,6.882,93.107
2026-07-21 21:12:56,18,21,0,,6.831,93.229
2026-07-21 21:17:56,24,25,0,,6.708,93.699
2026-07-21 21:22:58,0,0,0,,6.666,92.463
2026-07-21 21:27:56,1,1,0,,6.591,92.793
2026-07-21 21:32:56,30,34,0,,6.553,92.47
2026-07-21 21:37:56,38,42,0,,6.294,93.903
2026-07-21 21:42:58,10,10,0,,6.15,94.397
2026-07-21 21:47:56,0,1,0,,6.329,93.241
2026-07-21 21:52:56,0,0,0,,6.321,93.325
2026-07-21 21:57:56,0,0,0,,6.153,93.968
2026-07-21 22:02:57,0,0,0,,5.971,94.517
2026-07-21 22:07:56,0,0,0,,6.188,93.39
2026-07-21 22:12:56,42,48,0,,6.265,92.73
2026-07-21 22:17:56,35,35,0,,5.851,93.06
2026-07-21 22:22:57,30,30,0,,5.886,94.387
2026-07-21 22:27:56,15,15,0,,5.72,95.03
2026-07-21 22:32:56,6,7,0,,5.915,94.509
2026-07-21 22:37:56,16,18,0,,5.87,94.362
2026-07-21 22:42:56,6,7,0,,5.899,94.732
2026-07-21 22:47:56,31,36,0,,5.755,94.061
2026-07-21 22:52:56,32,32,0,,5.862,94.677
2026-07-21 22:57:56,33,33,0,,5.699,94.401
2026-07-21 23:02:57,32,34,0,,5.728,94.683
2026-07-21 23:07:56,2,3,0,,5.931,94.09
2026-07-21 23:12:56,98,105,0,,5.838,95.017
2026-07-21 23:17:57,47,57,0,,5.854,95.394
2026-07-21 23:22:56,49,60,0,,5.763,95.215
2026-07-21 23:27:56,5,5,0,,5.958,94.895
2026-07-21 23:32:57,3,5,0,,6.249,95.318
2026-07-21 23:37:58,2,2,0,,6.281,94.856
2026-07-21 23:42:57,1,1,0,,6.241,93.651
2026-07-21 23:47:57,15,15,0,,6.062,95.022
2026-07-21 23:52:58,0,0,0,,6.134,95.539
2026-07-21 23:57:57,0,0,0,,6.241,95.156
2026-07-22 00:03:02,0,0,0,,6.431,93.939
2026-07-22 00:07:57,11,11,0,,6.396,94.526
2026-07-22 00:12:57,7,8,0,,6.489,94.694
2026-07-22 00:17:57,14,15,0,,6.516,94.381
2026-07-22 00:22:57,6,6,0,,6.415,95.78
2026-07-22 00:27:58,11,11,0,,6.497,94.515
2026-07-22 00:32:58,6,6,0,,6.369,94.706
2026-07-22 00:37:58,15,17,0,,6.366,95.486
2026-07-22 00:42:57,2,2,0,,6.441,94.607
2026-07-22 00:47:57,6,8,0,,6.489,94.334
2026-07-22 00:52:57,34,35,0,,6.401,94.107
2026-07-22 00:57:58,24,24,0,,6.308,94.576
2026-07-22 01:02:57,20,24,0,,6.214,94.69
2026-07-22 01:07:57,54,67,0,,6.268,95.404
2026-07-22 01:12:57,29,31,0,,6.398,95.022
2026-07-22 01:17:58,25,28,0,,6.508,94.298
2026-07-22 01:22:57,11,11,0,,6.377,93.907
2026-07-22 01:27:58,8,8,0,,6.332,94.137
2026-07-22 01:32:58,9,9,0,,6.164,94.479
2026-07-22 01:37:57,7,8,0,,6.102,94.855
2026-07-22 01:42:58,3,3,0,,5.939,95.247
2026-07-22 01:47:57,2,2,0,,5.998,94.286
2026-07-22 01:52:58,2,2,0,,5.921,94.492
2026-07-22 01:57:58,2,2,0,,5.977,94.376
2026-07-22 02:02:57,0,1,0,,5.969,94.851
2026-07-22 02:07:58,1,2,0,,5.736,94.177
2026-07-22 02:12:57,1,1,0,,5.48,95.9
2026-07-22 02:17:58,0,0,0,,5.774,93.968
2026-07-22 02:22:58,7,9,0,,5.464,94.492
2026-07-22 02:27:58,3,3,0,,5.218,94.902
2026-07-22 02:32:59,3,3,0,,5.095,96.264
2026-07-22 02:37:59,2,2,0,,5.344,95.661
2026-07-22 02:42:59,1,1,0,,5.272,94.877
2026-07-22 02:47:59,2,2,0,,4.916,95.986
2026-07-22 02:52:59,0,1,0,,4.97,95.444
2026-07-22 02:57:59,0,0,0,,4.908,95.152
2026-07-22 03:02:59,1,1,0,,4.999,95.23
2026-07-22 03:08:01,2,2,0,,4.802,94.429
2026-07-22 03:18:00,1,1,0,,5.408,94.664
2026-07-22 03:22:59,0,1,0,,5.079,92.377
2026-07-22 03:27:59,0,0,0,,4.932,93.573
2026-07-22 03:32:59,0,0,0,,4.716,94.423
2026-07-22 03:37:59,9,9,0,,4.866,95.776
2026-07-22 03:43:00,23,24,0,,5.002,96.079
2026-07-22 03:47:59,10,12,0,,4.946,96.045
2026-07-22 03:52:59,2,2,0,,4.986,95.03
2026-07-22 03:57:59,0,0,0,,4.908,95.274
2026-07-22 04:02:59,0,0,0,,4.916,94.603
2026-07-22 04:08:00,0,0,0,,4.738,95.831
2026-07-22 04:12:59,0,0,0,,4.802,93.954
2026-07-22 04:17:59,0,0,0,,4.676,94.902
2026-07-22 04:22:59,1,2,0,,4.679,96.131
2026-07-22 04:28:00,0,0,0,,4.644,95.093
2026-07-22 04:32:59,0,0,0,,4.588,95.772
2026-07-22 04:38:00,0,0,0,,4.689,95.173
2026-07-22 04:42:59,1,2,0,,4.519,96.346
2026-07-22 04:47:59,1,1,0,,4.497,95.139
2026-07-22 04:53:00,0,0,0,,4.529,95.051
2026-07-22 04:58:00,0,1,0,,4.412,94.254
2026-07-22 05:03:00,0,0,0,,4.211,95.093
2026-07-22 05:08:02,0,0,0,,4.289,95.251
2026-07-22 05:13:00,1,1,0,,4.211,94.542
2026-07-22 05:17:59,0,3,0,,4.11,95.211
2026-07-22 05:23:00,2,2,0,,3.979,93.924
2026-07-22 05:27:59,3,3,0,,3.936,94.156
2026-07-22 05:33:01,1,2,0,,3.669,94.942
2026-07-22 05:38:00,0,1,0,,3.734,96.255
2026-07-22 05:43:00,2,2,0,,3.717,95.329
2026-07-22 05:48:01,2,2,0,,3.856,95.637
2026-07-22 05:53:00,5,5,0,,3.717,94.662
2026-07-22 05:58:01,1,2,0,,3.509,96.138
2026-07-22 06:03:01,6,6,0,,3.763,98.244
2026-07-22 06:08:00,1,1,0,,3.643,95.629
2026-07-22 06:13:01,0,0,0,,3.696,96.985
2026-07-22 06:18:01,2,2,0,,3.632,96.14
2026-07-22 06:23:01,0,0,0,,3.68,95.991
2026-07-22 06:28:01,2,2,0,,3.798,95.997
2026-07-22 06:33:01,0,0,0,,3.669,95.398
2026-07-22 06:38:00,0,0,0,,3.816,96.062
2026-07-22 06:43:01,1,1,0,,3.763,96.249
2026-07-22 06:48:01,0,1,0,,3.987,97.836
2026-07-22 06:53:01,1,1,0,,3.947,96.268
2026-07-22 06:58:01,0,0,0,,4.265,98.044
2026-07-22 07:03:01,5,5,0,,3.549,96.44
2026-07-22 07:08:01,6,6,0,,3.744,95.802
2026-07-22 07:13:00,2,5,0,,3.824,95.864
2026-07-22 07:18:01,4,4,0,,3.872,94.805
2026-07-22 07:23:01,4,4,0,,3.704,95.947
2026-07-22 07:28:01,4,4,0,,3.771,95.951
2026-07-22 07:33:01,1,2,0,,3.629,95.917
2026-07-22 07:38:01,2,2,0,,3.699,97.168
2026-07-22 07:43:01,97,105,0,,3.669,96.59
2026-07-22 07:48:02,70,89,0,,3.811,98.469
2026-07-22 07:53:01,30,36,0,,3.883,95.839
2026-07-22 07:58:01,0,1,0,,3.838,96.579
2026-07-22 08:03:01,0,0,0,,4.011,96.586
2026-07-22 08:08:01,5,5,0,,4.142,95.293
2026-07-22 08:13:02,22,25,0,,4.209,95.205
2026-07-22 08:18:01,12,12,0,,4.187,95.314
2026-07-22 08:23:01,12,12,0,,4.377,94.427
2026-07-22 08:28:01,8,8,0,,4.465,94.46
2026-07-22 08:33:02,47,55,0,,4.641,93.945
2026-07-22 08:38:02,43,45,0,,4.93,93.315
2026-07-22 08:43:02,46,55,0,,5.047,92.964
2026-07-22 08:48:02,57,70,0,,5.192,93.399
2026-07-22 08:53:03,43,48,0,,5.413,92.228
2026-07-22 08:58:02,32,35,0,,5.496,91.396
2026-07-22 09:03:02,45,51,0,,5.397,92.442
2026-07-22 09:08:02,39,40,0,,5.397,92.69
2026-07-22 09:13:02,36,37,0,,5.822,92.491
2026-07-22 09:18:03,29,32,0,,6.054,92.4
2026-07-22 09:23:02,34,36,0,,6.356,90.357
2026-07-22 09:28:03,54,68,0,,6.332,90.061
2026-07-22 09:33:02,45,52,0,,6.617,89.605
2026-07-22 09:38:02,48,57,0,,7.298,86.708
2026-07-22 09:43:02,29,29,0,,7.632,86.731
2026-07-22 09:48:02,44,51,0,,7.931,86.521
2026-07-22 09:53:02,31,33,0,,8.169,83.349
2026-07-22 09:58:02,18,20,0,,8.316,83.984
2026-07-22 10:03:02,23,24,0,,8.367,84.909
2026-07-22 10:08:03,19,22,0,,8.612,83.981
2026-07-22 10:13:04,20,23,0,,8.706,83.418
2026-07-22 10:18:02,38,43,0,,8.572,80.734
2026-07-22 10:23:02,38,41,0,,8.732,81.816
2026-07-22 10:28:03,24,26,0,,8.983,83.076
2026-07-22 10:33:03,13,16,0,,8.722,81.943
2026-07-22 10:38:03,18,19,0,,8.751,81.282
2026-07-22 10:43:02,24,26,0,,9.015,82.8
2026-07-22 10:48:03,27,28,0,,9.325,82.453
2026-07-22 10:53:03,28,28,0,,9.565,80.82
2026-07-22 10:58:02,33,37,0,,9.752,79.292
2026-07-22 11:03:03,32,32,0,,9.982,81.703
2026-07-22 11:08:03,38,41,0,,10.11,80.593
2026-07-22 11:13:02,38,44,0,,9.883,81.528
2026-07-22 11:18:03,23,26,0,,10.118,82.981
2026-07-22 11:23:02,12,15,0,,10.319,81.295
2026-07-22 11:28:03,8,9,0,,10.479,78.823
2026-07-22 11:33:04,8,9,0,,10.596,79.229
2026-07-22 11:38:03,3,3,0,,10.748,73.944
2026-07-22 11:43:04,2,2,0,,10.706,73.873
2026-07-22 11:48:03,4,4,0,,10.746,73.419
2026-07-22 11:53:04,17,18,0,,10.911,73.545
2026-07-22 11:58:04,9,9,0,,10.735,72.857
2026-07-22 12:03:04,2,2,0,,11.299,74.049
2026-07-22 12:08:04,3,3,0,,11.52,73.364
2026-07-22 12:13:04,8,8,0,,11.507,71.096
2026-07-22 12:18:04,10,10,0,,12.479,71.813
2026-07-22 12:23:04,7,8,0,1488,12.823,70.32
2026-07-22 12:28:04,14,15,0,1522,13.112,66.807
2026-07-22 12:33:04,16,18,0,1551,13.576,65.286
2026-07-22 12:38:04,7,8,0,1561,13.429,64.838
2026-07-22 12:43:04,6,6,0,1412,13.32,65.742
2026-07-22 12:48:05,5,5,0,1386,14.415,63.081
2026-07-22 12:53:04,6,6,0,1495,14.783,62.191
2026-07-22 12:58:04,5,5,0,1604,14.484,62.305
2026-07-22 13:03:04,5,5,0,1426,14.351,62.053
2026-07-22 13:08:04,4,5,0,1517,15.093,61.5
2026-07-22 13:13:06,5,6,0,1511,15.296,61.441
2026-07-22 13:18:04,6,6,0,1542,14.97,61.117
2026-07-22 13:23:04,8,8,0,2022,13.918,63.158
2026-07-22 13:28:04,7,7,0,1661,14.575,63.295
2026-07-22 13:33:04,3,4,0,1601,14.548,62.927
2026-07-22 13:38:04,5,6,0,1471,14.276,61.054
2026-07-22 13:43:05,6,6,0,1774,14.746,61.83
2026-07-22 13:48:05,2,2,0,1324,13.985,59.77
2026-07-22 13:53:04,2,2,0,1907,14.564,62.452
2026-07-22 13:58:04,0,0,0,1294,14.677,58.86
2026-07-22 14:03:05,1,2,0,1324,14.658,62.263
2026-07-22 14:08:04,0,0,0,1374,14.725,59.81
2026-07-22 14:13:04,30,31,0,4334,14.751,64.657
2026-07-22 14:18:04,35,37,0,5008,14.751,63.886
2026-07-22 14:23:04,20,20,0,2501,14.586,64.308
2026-07-22 14:28:04,5,5,0,1930,14.14,65.176
2026-07-22 14:33:06,5,5,0,1969,14.468,65.799
2026-07-22 14:38:05,4,4,0,1886,14.519,64.182
2026-07-22 14:43:05,5,6,0,1771,14.383,66.16
2026-07-22 14:48:05,9,11,0,1858,14.474,67.322
2026-07-22 14:53:06,6,6,0,1496,14.409,60.236
2026-07-22 14:58:08,5,5,0,1692,14.538,65.46
2026-07-22 15:03:05,6,6,0,1744,14.599,63.205
2026-07-22 15:08:08,8,8,0,1668,14.452,61.571
2026-07-22 15:13:05,7,7,0,1835,14.602,69.591
2026-07-22 15:18:06,9,9,0,1641,14.62,62.435
2026-07-22 15:23:05,8,9,0,1695,14.717,64.581
2026-07-22 15:28:05,7,8,0,1559,15.061,60.934
2026-07-22 15:33:06,9,9,0,1742,15.309,60.913
2026-07-22 15:38:05,9,9,0,1547,15.488,61.498
2026-07-22 15:43:05,8,8,0,1507,15.373,58.805
2026-07-22 15:48:05,8,9,0,1555,15.574,60.432
2026-07-22 15:53:06,11,13,0,1504,15.339,59.667
2026-07-22 15:58:05,13,14,0,1579,15.446,59.299
2026-07-22 16:04:13,19,19,0,2833,16.084,59.423
2026-07-22 16:08:52,12,12,0,1643,15.819,64.508
2026-07-22 16:14:08,26,29,0,1691,15.801,60.199
2026-07-22 16:20:43,12,13,0,1597,16.183,60.051
2026-07-22 16:26:51,8,8,0,1545,16.423,62.072
2026-07-22 16:33:33,9,11,0,1614,16.353,62.16
2026-07-22 16:39:21,9,9,0,1584,16.017,66.311
2026-07-22 16:45:34,12,13,0,1590,15.624,63.64
2026-07-22 16:50:44,43,53,0,1834,16.279,61.012
2026-07-22 16:56:52,14,15,0,1545,15.851,61.731
2026-07-22 17:01:44,19,20,0,1639,15.598,63.705
2026-07-22 17:06:54,11,12,0,1605,15.627,63.009
2026-07-22 17:12:35,7,7,0,1691,15.448,65.973
2026-07-22 17:18:28,34,39,0,2613,15.184,68.323
2026-07-22 17:23:18,27,27,0,2175,14.805,69.427
2026-07-22 17:29:22,28,29,0,1673,14.255,69.744
2026-07-22 17:34:16,8,11,0,1420,13.555,73.936
2026-07-22 17:40:17,5,5,0,1425,12.949,77.738
2026-07-22 17:45:41,6,6,0,1829,12.861,76.101
2026-07-22 17:51:37,8,8,0,1728,13.122,76.267
2026-07-22 17:56:54,17,18,0,2138,13.032,75.905
2026-07-22 18:02:45,3,4,0,1528,12.818,74.97
2026-07-22 18:07:51,13,16,0,2596,12.073,80.03
2026-07-22 18:13:54,14,15,0,2060,11.515,81.642
2026-07-22 18:18:57,10,10,0,1715,11.712,80.015
2026-07-22 18:25:08,15,17,0,2314,11.849,77.648
2026-07-22 18:30:12,19,22,0,2126,11.809,80.318
2026-07-22 18:36:03,13,13,0,1818,11.71,80.547
2026-07-22 18:41:20,24,25,0,1972,11.339,78.518
2026-07-22 18:53:07,61,77,0,3983,10.802,82.052
2026-07-22 18:59:20,57,72,0,2594,10.815,82.104
2026-07-22 19:03:43,27,30,0,1774,11.098,78.726
2026-07-22 19:08:53,10,12,0,1279,11.317,75.504
2026-07-22 19:13:39,12,13,0,1407,11.162,78.201
2026-07-22 19:19:04,18,19,0,1488,11.074,78.367
2026-07-22 19:25:08,38,45,0,2065,11.112,80.601
2026-07-22 19:31:10,16,20,0,2049,11.299,77.204
2026-07-22 19:36:17,29,32,0,1690,11.192,79.288
2026-07-22 19:42:53,28,31,0,1894,10.914,78.922
2026-07-22 19:48:12,30,32,0,1784,10.959,78.585
2026-07-22 19:54:37,48,57,0,1926,10.89,77.282
2026-07-22 20:00:04,20,25,0,1493,11.146,76.298
2026-07-22 20:05:35,15,15,0,1459,10.858,77.436
2026-07-22 20:11:03,3,3,0,1203,10.73,79.121
2026-07-22 20:17:39,34,35,0,2160,10.535,82.214
2026-07-22 20:23:08,31,32,0,2161,10.748,80.896
2026-07-22 20:29:08,27,27,0,1795,10.519,82.06
2026-07-22 20:34:07,13,15,0,1489,10.407,80.975
2026-07-22 20:40:56,25,25,0,1696,10.583,79.382
2026-07-22 20:46:50,5,5,0,1764,10.543,79.885
2026-07-22 20:51:56,2,4,0,1731,10.078,82.436
2026-07-22 20:57:40,2,2,0,1321,9.966,83.216
2026-07-22 21:03:45,6,6,0,1606,10.193,82.159
2026-07-22 21:08:49,9,10,0,2105,10.121,82.872
2026-07-22 21:15:14,22,22,0,1844,10.236,80.261
2026-07-22 21:19:46,5,5,0,1399,10.164,80.143
2026-07-22 21:25:52,16,17,0,2018,10.26,81.289
2026-07-22 21:31:32,10,10,0,1603,10.19,79.538
2026-07-22 21:36:15,85,94,0,3443,10.356,83.626
2026-07-22 21:41:37,87,98,0,3655,10.236,83.469
2026-07-22 21:46:38,51,64,0,2980,9.95,82.422
2026-07-22 21:52:41,32,35,0,1847,9.993,82.487
2026-07-22 21:58:21,37,41,0,1838,10.076,79.967
2026-07-22 22:02:43,6,6,0,1264,9.998,81.23
2026-07-22 22:08:35,3,3,0,1156,9.942,81.675
2026-07-22 22:14:36,20,22,0,1411,9.859,81.491
2026-07-22 22:19:39,20,21,0,1413,9.779,81.188
2026-07-22 22:25:10,7,9,0,1164,9.843,81.188
2026-07-22 22:30:04,7,8,0,1360,9.929,80.81
2026-07-22 22:36:00,13,13,0,1600,10.054,80.275
2026-07-22 22:41:28,9,12,0,1662,10.126,82.93
2026-07-22 22:46:04,12,12,0,1499,9.843,84.017
2026-07-22 22:51:19,35,36,0,2204,9.803,82.783
2026-07-22 22:56:57,13,16,0,1349,9.704,82.146
2026-07-22 23:02:19,22,27,0,1710,9.867,84.265
2026-07-22 23:08:06,27,27,0,1693,9.763,81.697
2026-07-22 23:11:52,9,13,0,1548,9.865,81.669
2026-07-22 23:17:43,10,10,0,1416,9.966,82.828
2026-07-22 23:23:19,10,13,0,1465,9.678,84.732
2026-07-22 23:28:13,22,27,0,1563,9.83,83.668
2026-07-22 23:33:43,27,30,0,1516,9.72,84.332
2026-07-22 23:37:53,23,23,0,1569,9.859,82.991
2026-07-22 23:43:23,21,21,0,1461,9.75,83.115
2026-07-22 23:48:44,7,7,0,1350,9.87,81.949
2026-07-22 23:53:58,20,20,0,1483,9.723,84.517
2026-07-22 23:59:16,14,16,0,1996,9.934,85.022
2026-07-23 00:04:12,20,23,0,1725,9.857,83.584
2026-07-23 00:09:32,16,21,0,1751,9.827,85.474
2026-07-23 00:15:06,20,21,0,1900,9.704,82.426
2026-07-23 00:19:13,20,22,0,1707,9.437,85.506
2026-07-23 00:24:57,15,15,0,1592,9.79,83.879
2026-07-23 00:30:05,39,47,0,2042,9.881,83.878
2026-07-23 00:35:15,27,28,0,1899,9.979,84.526
2026-07-23 00:40:44,28,28,0,1888,9.776,85.251
2026-07-23 00:44:08,22,22,0,1702,9.931,84.74
2026-07-23 00:49:43,26,29,0,1838,9.808,84.875
2026-07-23 00:55:33,23,23,0,1645,9.883,83.265
2026-07-23 01:00:20,28,29,0,1711,9.672,84.854
2026-07-23 01:05:03,22,23,0,1693,9.758,85.022
2026-07-23 01:09:55,21,22,0,1671,9.592,85.571
2026-07-23 01:15:27,19,21,0,1584,9.715,85.436
2026-07-23 01:20:36,14,15,0,1525,9.678,84.703
2026-07-23 01:24:52,7,7,0,1261,9.974,80.86
2026-07-23 01:30:27,5,8,0,1367,10.161,81.436
2026-07-23 01:36:16,9,9,0,1528,10.166,82.121
2026-07-23 01:40:26,7,8,0,1497,10.001,83.372
2026-07-23 01:45:47,14,14,0,1412,10.129,81.778
2026-07-23 01:49:15,9,9,0,1476,9.934,82.67
2026-07-23 01:54:27,15,15,0,1537,9.736,83.492
2026-07-23 01:59:59,5,7,0,1331,10.121,79.883
2026-07-23 02:04:27,7,7,0,1363,10.009,81.762
2026-07-23 02:09:08,18,21,0,1909,9.817,82.529
2026-07-23 02:13:36,21,22,0,1571,9.579,84.377
2026-07-23 02:18:40,16,20,0,1580,9.664,83.767
2026-07-23 02:23:55,15,18,0,1434,9.429,84.938
2026-07-23 02:27:24,17,21,0,1478,9.782,82.71
2026-07-23 02:32:50,18,20,0,1514,9.792,83.145
2026-07-23 02:37:23,20,23,0,1444,9.544,85.026
2026-07-23 02:42:27,13,14,0,1446,9.672,83.836
2026-07-23 02:46:02,14,17,0,1409,9.742,83.178
2026-07-23 02:51:17,9,10,0,1318,9.752,81.789
2026-07-23 02:57:07,15,15,0,1801,9.437,83.563
2026-07-23 03:01:21,10,13,0,1485,9.598,82.466
2026-07-23 03:06:42,10,13,0,1455,9.87,82.499
2026-07-23 03:11:04,14,16,0,1368,10.043,77.227
2026-07-23 03:15:32,4,4,0,1270,9.79,81.354
2026-07-23 03:21:10,2,2,0,1196,10.3,75.378
2026-07-23 03:25:26,2,2,0,1035,11.184,67.682
2026-07-23 03:29:53,3,3,0,1124,11.226,69.607
2026-07-23 03:34:53,1,1,0,1201,10.959,70.961
2026-07-23 03:39:29,0,1,0,1073,10.879,71.556
2026-07-23 03:44:46,4,4,0,1294,10.492,75.838
2026-07-23 03:48:26,4,5,0,1279,10.874,74.468
2026-07-23 03:53:45,5,7,0,1290,10.57,75.882
2026-07-23 03:59:01,4,5,0,1338,10.38,77.745
2026-07-23 04:03:38,4,4,0,1184,10.65,74.053
2026-07-23 04:08:01,8,9,0,1288,10.775,74.129
2026-07-23 04:13:03,5,5,0,1419,10.5,77.948
2026-07-23 04:17:30,4,4,0,1355,10.468,79.634
2026-07-23 04:22:56,4,4,0,1356,10.479,78.52
2026-07-23 04:26:50,8,8,0,1245,10.201,76.931
2026-07-23 04:32:02,5,5,0,1243,10.193,78.661
2026-07-23 04:37:02,5,5,0,1247,10.062,80.172
2026-07-23 04:41:25,7,8,0,1387,10.089,80.633
2026-07-23 04:47:02,5,5,0,1357,9.91,80.929
2026-07-23 04:51:30,5,7,0,1295,9.779,81.863
2026-07-23 04:55:59,9,10,0,1370,9.979,80.156
2026-07-23 05:01:07,8,9,0,1311,10.051,79.721
2026-07-23 05:05:44,8,8,0,1267,9.993,78.516
2026-07-23 05:10:12,8,8,0,1293,9.763,81.06
2026-07-23 05:15:18,9,10,0,1341,9.784,81.343
2026-07-23 05:20:00,9,9,0,1225,9.953,80.16
2026-07-23 05:25:12,8,10,0,1195,9.929,80.21
2026-07-23 05:28:50,7,7,0,1309,9.779,81.362
2026-07-23 05:34:13,8,8,0,1355,10.017,82.058
2026-07-23 05:39:34,7,8,0,1233,9.881,79.58
2026-07-23 05:43:54,7,7,0,1234,10.118,78.821
2026-07-23 05:49:19,2,2,0,1028,10.468,75.264
2026-07-23 05:53:55,1,3,0,1202,10.578,76.156
2026-07-23 05:58:10,4,4,0,1327,10.222,78.112
2026-07-23 06:03:37,3,4,0,1244,10.014,78.31
2026-07-23 06:07:52,4,4,0,1174,10.583,74.322
2026-07-23 06:12:23,4,4,0,1222,10.254,78.894
2026-07-23 06:17:44,5,5,0,1297,10.182,78.174
2026-07-23 06:22:13,4,4,0,1321,10.276,78.833
2026-07-23 06:27:45,4,4,0,1269,10.313,78.886
2026-07-23 06:31:58,5,5,0,1457,10.26,79.96
2026-07-23 06:36:10,6,6,0,1384,9.961,79.716
2026-07-23 06:41:45,5,5,0,1480,9.91,80.9
2026-07-23 06:46:40,7,7,0,1221,9.715,79.435
2026-07-23 06:51:45,7,8,0,1532,9.907,81.369
2026-07-23 06:56:18,4,4,0,1346,9.595,81.795
2026-07-23 07:00:40,4,4,0,1233,9.678,81.224
2026-07-23 07:06:02,4,4,0,1351,9.483,82.165
2026-07-23 07:10:20,0,1,0,1108,9.336,80.936
2026-07-23 07:14:38,1,1,0,1084,9.448,81.364
2026-07-23 07:19:05,1,1,0,1253,9.101,84.442
2026-07-23 07:24:42,0,1,0,1139,9.058,83.393
2026-07-23 07:29:08,0,0,0,1100,9.365,81.568
2026-07-23 07:33:15,0,0,0,1269,9.368,83.027
2026-07-23 07:38:21,1,1,0,1166,9.058,82.676
2026-07-23 07:43:22,0,0,0,1194,9.088,83.065
2026-07-23 07:48:40,2,2,0,1139,9.031,82.439
2026-07-23 07:53:02,1,1,0,1085,8.548,84.503
2026-07-23 07:58:00,0,0,0,977,9.154,79.555
2026-07-23 08:03:38,0,0,0,1092,9.096,82.876
2026-07-23 08:08:15,50,64,0,1332,9.026,82.14
2026-07-23 08:13:10,13,16,0,1254,9.031,83.584
2026-07-23 08:18:53,8,8,0,1141,8.911,81.699
2026-07-23 08:23:34,3,4,0,1334,9.106,82.916
2026-07-23 08:29:02,1,2,0,1391,8.834,83.857
2026-07-23 08:33:28,7,7,0,1101,8.949,81.762
2026-07-23 08:37:47,9,9,0,2142,9.544,80.416
2026-07-23 08:42:58,9,13,0,1639,9.112,82.346
2026-07-23 08:47:28,7,8,0,1359,9.531,79.969
2026-07-23 08:52:48,20,22,0,5084,9.723,81.423
2026-07-23 08:57:15,20,22,0,1388,10.03,80.788
2026-07-23 09:01:52,7,7,0,1279,10.041,79.208
2026-07-23 09:06:55,8,8,0,1241,10.164,79.96
2026-07-23 09:11:07,9,10,0,1224,10.602,77.839
2026-07-23 09:15:27,46,57,0,2829,10.735,79.071
2026-07-23 09:21:28,12,15,0,1446,10.813,81.306
2026-07-23 09:25:34,15,16,0,1476,11.015,78.865
2026-07-23 09:30:57,27,30,0,1783,11.032,81.119
2026-07-23 09:35:30,5,5,0,1076,11.501,73.568
2026-07-23 09:40:12,0,0,0,839,11.998,68.468
2026-07-23 09:45:20,0,0,0,814,12.476,63.085
2026-07-23 09:49:50,2,2,0,780,12.562,62.093
2026-07-23 09:54:52,7,10,0,884,12.781,63.648
2026-07-23 09:59:28,27,27,0,1175,12.743,63.612
2026-07-23 10:03:43,12,12,0,1120,12.855,65.298
2026-07-23 10:23:22,1,1,0,838,13.961,60.312
2026-07-23 10:28:15,2,2,0,806,14.388,58.508
2026-07-23 10:33:15,1,1,0,856,14.578,56.264
2026-07-23 10:38:15,2,3,0,771,15.088,54.138
2026-07-23 10:43:15,9,9,0,1108,14.893,57.272
2026-07-23 10:48:15,6,6,0,863,14.562,55.822
2026-07-23 10:53:15,9,9,0,1034,14.265,61.321
2026-07-23 10:58:15,5,5,0,1008,14.583,58.935
2026-07-23 11:03:15,6,6,0,1294,14.201,63.425
2026-07-23 11:08:15,5,5,0,1379,14.391,62.753
2026-07-23 11:13:15,5,5,0,1080,14.54,61.084
2026-07-23 11:18:15,3,3,0,870,14.567,58.488
2026-07-23 11:23:15,7,7,0,1213,15.152,57.737
2026-07-23 11:28:15,2,3,0,769,14.599,54.788
2026-07-23 11:33:16,2,3,0,579,14.826,55.805
2026-07-23 11:38:16,0,0,0,715,14.538,54.071
2026-07-23 11:43:16,0,0,0,801,15.08,52.669
2026-07-23 11:48:16,7,7,0,735,15.195,50.847
2026-07-23 11:53:16,5,6,0,1187,15.464,55.04
2026-07-23 11:58:16,0,0,0,680,15.021,51.277
2026-07-23 12:03:17,0,0,0,816,16.004,51.839
2026-07-23 12:08:16,1,2,0,756,16.108,53.337
2026-07-23 12:13:16,1,1,0,895,16.217,47.174
2026-07-23 12:18:17,3,3,0,652,15.595,49.943
2026-07-23 12:23:16,1,1,0,644,15.59,49.722
2026-07-23 12:28:17,4,5,0,783,16.204,48.95
2026-07-23 12:33:17,2,3,0,809,16.337,50.615
2026-07-23 12:38:16,1,1,0,652,15.606,50.226
2026-07-23 12:43:16,0,0,0,718,16.081,52.848
2026-07-23 12:48:16,1,1,0,685,15.849,50.231
2026-07-23 12:53:17,0,0,0,653,16.556,49.48
2026-07-23 12:58:16,1,2,0,792,16.904,51.231
2026-07-23 13:03:17,1,2,0,681,16.637,48.332
2026-07-23 13:08:16,1,2,0,849,17.155,51.439
2026-07-23 13:13:17,1,1,0,689,17.171,47.799
2026-07-23 13:18:16,2,2,0,927,17.341,50.846
2026-07-23 13:23:17,2,2,0,806,17.048,49.488
2026-07-23 13:28:17,3,3,0,820,17.267,50.596
2026-07-23 13:33:17,1,1,0,753,17.184,50.113
2026-07-23 13:38:17,3,3,0,993,17.155,53.836
2026-07-23 13:43:17,3,3,0,919,16.703,53.091
2026-07-23 13:48:17,2,2,0,820,17.165,51.841
2026-07-23 13:53:17,1,1,0,828,17.229,52.764
2026-07-23 13:58:17,2,2,0,810,17.131,53.461
2026-07-23 14:03:17,1,1,0,787,17.32,54.624
2026-07-23 14:08:16,1,1,0,766,17.147,51.355
2026-07-23 14:13:17,0,0,0,719,16.917,51.048
2026-07-23 14:18:17,1,1,0,748,16.677,52.37
2026-07-23 14:23:17,20,23,0,1108,16.973,53.371
2026-07-23 14:28:17,4,4,0,807,16.751,50.51
2026-07-23 14:33:18,2,2,0,524,16.829,51.631
2026-07-23 14:38:18,1,1,0,728,16.151,51.496
2026-07-23 14:43:18,2,2,0,819,16.49,50.094
2026-07-23 14:48:18,0,1,0,628,16.423,50.79
2026-07-23 14:53:18,1,2,0,907,16.599,56.034
2026-07-23 14:58:18,0,1,0,686,16.466,50.632
2026-07-23 15:03:18,0,0,0,753,16.49,52.232
2026-07-23 15:08:18,2,2,0,566,15.854,49.312
2026-07-23 15:13:18,0,0,0,614,16.391,51.595
2026-07-23 15:18:18,0,0,0,470,16.025,47.431
2026-07-23 15:23:18,0,0,0,551,16.337,48.189
2026-07-23 15:28:19,1,1,0,648,16.463,50.214
2026-07-23 15:33:19,6,6,0,856,16.823,49.985
2026-07-23 15:38:18,3,3,0,718,17.013,49.869
2026-07-23 15:43:18,0,1,0,705,16.645,50.287
2026-07-23 15:48:18,0,0,0,904,16.952,49.346
2026-07-23 15:53:18,0,1,0,673,16.89,50.453
2026-07-23 15:58:18,1,1,0,584,16.674,51.326
2026-07-23 16:04:43,4,5,0,683,16.591,52.524
2026-07-23 16:08:18,0,0,0,671,16.682,53.77
2026-07-23 16:13:18,1,1,0,672,16.396,50.87
2026-07-23 16:18:18,0,0,0,721,16.65,51.366
2026-07-23 16:23:18,1,1,0,1042,16.735,56.743
2026-07-23 16:28:18,19,24,0,1295,16.65,55.192
2026-07-23 16:33:18,13,14,0,992,16.236,52.602
2026-07-23 16:38:18,0,0,0,546,15.881,49.383
2026-07-23 16:43:18,1,1,0,671,15.819,52.843
2026-07-23 16:48:18,3,3,0,848,15.451,54.868
2026-07-23 16:53:18,7,7,0,1026,15.093,57.403
2026-07-23 16:58:19,0,0,0,668,14.783,56.585
2026-07-23 17:03:18,0,0,0,650,14.599,57.834
2026-07-23 17:08:18,8,8,0,748,14.428,59.391
2026-07-23 17:13:18,70,79,0,1913,14.46,61.327
2026-07-23 17:18:18,9,11,0,821,14.372,59.322
2026-07-23 17:23:19,31,33,0,942,14.118,59.608
2026-07-23 17:28:18,44,52,0,1521,14.022,58.549
2026-07-23 17:33:19,4,5,0,608,14.078,58.391
2026-07-23 17:38:20,14,15,0,1019,13.945,59.791
2026-07-23 17:43:19,46,56,0,1815,13.467,62.755
2026-07-23 17:48:21,13,15,0,946,13.865,61.832
2026-07-23 17:53:20,0,0,0,583,13.846,51.094
2026-07-23 17:58:20,32,35,0,1050,13.982,53.718
2026-07-23 18:03:20,1,2,0,617,13.507,60.36
2026-07-23 18:08:19,0,0,0,684,13.475,61.544
2026-07-23 18:13:20,11,11,0,1109,13.154,64.743
2026-07-23 18:18:19,0,0,0,738,13.032,62.462
2026-07-23 18:23:20,0,0,0,799,12.642,66.099
2026-07-23 18:28:19,22,22,0,1718,12.708,66.99
2026-07-23 18:33:20,24,24,0,1443,12.738,63.814
2026-07-23 18:38:21,1,2,0,715,12.66,63.28
2026-07-23 18:43:19,2,2,0,692,12.783,62.261
2026-07-23 18:48:20,0,0,0,679,12.668,62.967
2026-07-23 18:53:19,2,2,0,706,12.783,63.142
2026-07-23 18:58:20,6,6,0,920,12.898,62.42
2026-07-23 19:03:19,4,5,0,1297,12.506,65.601
2026-07-23 19:08:20,8,8,0,1017,12.324,69.16
2026-07-23 19:13:19,15,16,0,761,12.676,63.455
2026-07-23 19:18:20,24,26,0,767,12.903,58.855
2026-07-23 19:23:20,0,0,0,423,12.837,59.276
2026-07-23 19:28:20,0,0,0,469,12.594,61.666
2026-07-23 19:33:20,0,0,0,541,12.455,62.94
2026-07-23 19:38:20,1,1,0,798,12.327,68.702
2026-07-23 19:43:20,5,5,0,941,12.134,67.234
2026-07-23 19:48:20,1,1,0,562,12.289,61.842
2026-07-23 19:53:20,59,74,0,1955,11.915,65.561
2026-07-23 20:03:20,0,0,0,524,11.99,64.09
2026-07-23 20:08:20,5,6,0,961,11.662,67.518
2026-07-23 20:14:31,0,0,0,604,11.83,64.83
2026-07-23 20:18:20,0,0,0,436,11.947,65.395
2026-07-23 20:23:20,3,3,0,1272,11.95,65.572
2026-07-23 20:33:21,0,0,0,579,11.819,67.56
2026-07-23 20:38:21,0,0,0,865,11.835,70.104
2026-07-23 20:43:21,3,4,0,1408,11.793,70.127
2026-07-23 20:48:21,18,19,0,1430,11.723,69.832
2026-07-23 20:53:21,12,12,0,1382,11.736,69.942
2026-07-23 20:58:21,12,14,0,1488,11.769,69.549
2026-07-23 21:03:21,12,12,0,1661,11.483,70.686
2026-07-23 21:08:21,12,13,0,1381,11.475,70.713
2026-07-23 21:13:21,3,3,0,967,10.986,71.026
2026-07-23 21:18:21,1,1,0,703,11.448,69.046
2026-07-23 21:23:21,6,6,0,1288,11.475,73.267
2026-07-23 21:28:22,32,35,0,1555,11.122,73.519
2026-07-23 21:33:21,21,22,0,1104,11.2,71.722
2026-07-23 21:38:21,30,35,0,1370,11.56,70.608
2026-07-23 21:43:21,36,43,0,1380,11.154,73.265
2026-07-23 21:48:21,25,25,0,1137,11.376,71.878
2026-07-23 21:53:22,3,4,0,723,11.413,70.186
2026-07-23 21:58:21,5,6,0,829,11.339,69.555
2026-07-23 22:03:22,27,28,0,1051,11.283,73.58
2026-07-23 22:08:21,4,5,0,775,11.339,69.652
2026-07-23 22:13:21,10,12,0,1154,11.178,72.758
2026-07-23 22:18:22,13,13,0,1419,11.264,72.38
2026-07-23 22:23:22,13,14,0,1222,10.959,76.618
2026-07-23 22:28:22,10,15,0,1275,11.015,76.202
2026-07-23 22:33:22,20,21,0,1311,10.698,76.336
2026-07-23 22:38:21,37,41,0,1782,10.471,76.58
2026-07-23 22:43:21,21,21,0,1513,10.449,75.533
2026-07-23 22:48:21,8,9,0,822,10.562,74.093
2026-07-23 22:53:21,6,9,0,815,10.303,75.563
2026-07-23 22:58:21,6,8,0,748,10.855,71.932
2026-07-23 23:03:22,5,6,0,750,10.639,72.803
2026-07-23 23:08:21,7,7,0,781,10.623,74.406
2026-07-23 23:13:22,38,45,0,1840,10.631,75.777
2026-07-23 23:18:21,26,29,0,1235,10.345,78.154
2026-07-23 23:23:22,8,9,0,1050,10.572,76.898
2026-07-23 23:28:22,22,25,0,1224,10.703,77.255
2026-07-23 23:33:23,10,10,0,1448,10.447,76.233
2026-07-23 23:38:22,5,7,0,939,10.762,74.602
2026-07-23 23:43:22,4,4,0,926,10.415,78.976
2026-07-23 23:48:24,8,8,0,1233,10.58,74.184
2026-07-23 23:53:23,8,8,0,1179,10.7,78.028
2026-07-23 23:58:22,4,4,0,984,10.967,74.068
2026-07-24 00:03:23,5,6,0,1115,10.754,78.014
2026-07-24 00:08:22,17,18,0,1318,10.708,78.007
2026-07-24 00:13:24,25,28,0,1303,10.626,77.066
2026-07-24 00:18:23,12,16,0,1294,10.596,75.245
2026-07-24 00:23:23,8,8,0,1004,10.655,76.349
2026-07-24 00:28:23,8,9,0,913,10.5,75.767
2026-07-24 00:33:23,4,5,0,930,10.238,76.847
2026-07-24 00:38:23,8,9,0,843,10.252,77.265
2026-07-24 00:43:23,5,7,0,981,10.383,78.051
2026-07-24 00:48:23,5,5,0,1062,9.897,79.546
2026-07-24 00:53:23,5,6,0,986,9.929,78.142
2026-07-24 00:58:23,5,5,0,774,9.878,76.158
2026-07-24 01:03:23,4,4,0,840,9.648,77.774
2026-07-24 01:08:22,2,3,0,746,9.64,76.746
2026-07-24 01:13:23,2,3,0,747,9.68,77.364
2026-07-24 01:18:23,1,2,0,829,9.838,78.426
2026-07-24 01:23:23,1,1,0,884,9.782,78.562
2026-07-24 01:28:23,0,1,0,748,9.854,76.116
2026-07-24 01:33:23,1,2,0,753,9.691,77.574
2026-07-24 01:38:23,5,5,0,830,9.977,75.008
2026-07-24 01:43:23,4,4,0,858,9.619,78.718
2026-07-24 01:48:23,2,2,0,1002,9.72,80.446
2026-07-24 01:53:23,2,3,0,912,9.592,81.417
2026-07-24 01:58:23,0,1,0,754,9.467,78.701
2026-07-24 02:03:23,1,1,0,764,9.36,79.677
2026-07-24 02:08:23,0,1,0,769,9.616,79.977
2026-07-24 02:13:23,0,0,0,846,9.608,79.035
2026-07-24 02:18:23,2,3,0,932,9.616,80.233
2026-07-24 02:23:23,2,2,0,941,9.64,80.002
2026-07-24 02:28:23,3,3,0,908,9.491,78.802
2026-07-24 02:33:24,1,1,0,1053,9.32,80.181
2026-07-24 02:38:24,5,8,0,1149,9.189,80.736
2026-07-24 02:43:24,3,3,0,946,9.208,80.414
2026-07-24 02:48:24,10,13,0,1222,8.933,82.157
2026-07-24 02:53:24,19,20,0,1283,8.978,82.449
2026-07-24 02:58:24,7,7,0,1112,8.658,84.181
2026-07-24 03:03:24,3,3,0,952,8.391,83.813
2026-07-24 03:08:24,2,2,0,812,8.407,82.447
2026-07-24 03:13:24,2,2,0,913,8.375,82.815
2026-07-24 03:18:24,2,2,0,869,8.326,82.804
2026-07-24 03:23:24,3,3,0,820,8.067,82.809
2026-07-24 03:28:24,3,3,0,925,8.017,84.002
2026-07-24 03:33:24,18,19,0,1113,7.889,84.911
2026-07-24 03:38:24,8,9,0,965,7.963,84.547
2026-07-24 03:43:24,2,3,0,848,7.763,84.036
2026-07-24 03:48:25,6,6,0,814,7.907,83.994
2026-07-24 03:53:24,4,6,0,798,7.814,83.799
2026-07-24 04:07:09,3,4,0,,7.782,84.045
2026-07-24 04:12:08,3,3,0,,7.787,82.964
2026-07-24 04:17:09,2,2,0,,7.782,84.446
2026-07-24 04:22:09,1,2,0,,7.589,84.879
2026-07-24 04:27:10,3,4,0,,7.512,84.709
2026-07-24 04:32:09,4,4,0,,7.397,85.091
2026-07-24 04:37:09,4,4,0,,7.501,84.524
2026-07-24 04:42:09,8,8,0,,7.517,85.703
2026-07-24 04:47:09,7,7,0,,7.568,85.226
2026-07-24 04:52:09,8,9,0,,7.437,86.109
2026-07-24 04:57:09,3,3,0,,7.424,85.676
2026-07-24 05:02:09,2,3,0,,7.576,84.738
2026-07-24 05:07:09,3,4,0,,7.408,85.678
2026-07-24 05:12:09,6,7,0,,7.37,86.37
2026-07-24 05:17:10,6,7,0,,7.691,84.558
2026-07-24 05:22:09,6,6,0,,7.632,85.279
2026-07-24 05:27:11,7,7,0,,7.547,86.039
2026-07-24 05:32:09,5,5,0,,7.392,86.666
2026-07-24 05:37:09,6,7,0,,7.704,85.135
2026-07-24 05:42:10,8,8,0,,7.827,84.433
2026-07-24 05:47:10,8,8,0,,7.595,86.212
2026-07-24 05:52:09,7,8,0,,7.354,87.206
2026-07-24 05:57:09,8,9,0,,7.99,83.813
2026-07-24 06:02:09,11,13,0,,7.787,85.255
2026-07-24 06:07:09,9,13,0,,7.638,86.016
2026-07-24 06:12:10,9,13,0,,7.595,86.193
2026-07-24 06:17:09,11,13,0,,7.389,87.137
2026-07-24 06:22:09,8,8,0,,7.496,86.573
2026-07-24 06:27:10,9,11,0,,7.755,85.218
2026-07-24 06:32:10,8,9,0,,7.688,85.461
2026-07-24 06:37:09,7,8,0,,7.656,85.712
2026-07-24 06:42:10,7,8,0,,7.696,85.794
2026-07-24 06:47:09,7,8,0,,7.194,87.587
2026-07-24 06:52:09,4,4,0,,7.573,86.123
2026-07-24 06:57:10,6,6,0,,7.512,87.343
2026-07-24 07:02:09,7,7,0,,7.499,86.979
2026-07-24 07:06:56,3,3,0,,7.531,86.7
2026-07-24 07:11:56,2,6,0,,7.702,85.575
2026-07-24 07:16:56,9,9,0,,7.899,84.715
2026-07-24 07:21:56,23,24,0,,7.859,85.295
2026-07-24 07:26:56,32,35,0,,7.891,85.352
2026-07-24 07:31:56,13,13,0,,7.937,85.499
2026-07-24 07:36:56,13,16,0,,7.565,87.185
2026-07-24 07:41:56,6,6,0,,7.651,87.17
2026-07-24 07:46:56,6,6,0,,7.688,87.143
2026-07-24 07:51:56,4,7,0,,7.856,86.954
2026-07-24 07:56:56,4,6,0,,7.731,87.332
2026-07-24 08:01:56,6,6,0,,7.918,87.107
2026-07-24 08:06:56,13,14,0,,7.937,87.532
2026-07-24 08:11:56,28,28,0,,7.945,88.001
2026-07-24 08:16:56,27,27,0,,8.172,86.884
2026-07-24 08:21:56,20,23,0,,8.404,86.624
2026-07-24 08:26:56,22,23,0,,8.444,86.334
2026-07-24 08:31:57,9,9,0,,8.732,86.819
2026-07-24 08:36:56,18,19,0,,8.796,86.357
2026-07-24 08:41:57,32,33,0,,8.834,85.491
2026-07-24 08:46:56,29,32,0,,8.994,86.266
2026-07-24 08:51:57,52,64,0,,9.053,85.669
2026-07-24 08:56:56,61,77,0,,9.36,85.97
2026-07-24 09:01:56,47,54,0,,9.531,84.358
2026-07-24 09:06:56,38,42,0,,9.475,82.993
2026-07-24 09:11:56,13,15,0,,9.875,81.917
2026-07-24 09:16:56,22,22,0,,10.177,81.833
2026-07-24 09:21:56,23,28,0,,10.108,82.806
2026-07-24 09:26:57,22,23,0,,10.457,82.092
2026-07-24 09:31:56,12,14,0,,12.214,76.588
2026-07-24 09:36:56,21,21,0,1516,12.311,74.684
2026-07-24 09:41:56,20,20,0,1325,12.137,75.546
2026-07-24 09:46:56,23,23,0,1394,12.113,74.341
2026-07-24 09:51:56,19,21,0,1269,12.337,74.114
2026-07-24 09:56:56,25,26,0,1403,13.208,71.714
2026-07-24 10:01:57,27,28,0,1514,13.745,70.905
2026-07-24 10:06:58,6,7,0,1176,13.4,67.083
2026-07-24 10:11:57,4,4,0,1534,13.699,69.029
2026-07-24 10:16:57,6,7,0,1358,14.174,70.192
2026-07-24 10:21:57,21,24,0,1322,14.954,68.046
2026-07-24 10:26:57,30,33,0,1486,15.021,66.839
2026-07-24 10:31:57,20,21,0,1132,15.446,65.626
2026-07-24 10:36:57,13,14,0,1101,15.542,64.67
2026-07-24 10:41:57,20,21,0,1443,15.478,66.219
2026-07-24 10:46:58,7,7,0,1039,16.046,60.423
2026-07-24 10:51:57,7,7,0,1217,15.916,62.4
2026-07-24 10:56:58,9,9,0,1126,16.273,60.211
2026-07-24 11:01:57,6,6,0,1030,16.351,62.248
2026-07-24 11:06:58,5,6,0,1003,16.778,61.46
2026-07-24 11:11:57,6,6,0,1061,16.922,61.464
2026-07-24 11:16:58,4,4,0,1035,16.861,59.511
2026-07-24 11:21:58,5,5,0,971,17.344,58.202
2026-07-24 11:26:57,4,4,0,906,17.224,58.09
2026-07-24 11:31:58,5,5,0,879,18.041,57.56
2026-07-24 11:36:58,3,4,0,888,18.458,56.205
2026-07-24 11:41:58,4,4,0,941,18.698,55.578
2026-07-24 11:46:58,5,5,0,1005,18.773,56.14
2026-07-24 11:51:57,3,3,0,895,19.104,55.545
2026-07-24 11:56:58,1,2,0,778,18.738,55.446
2026-07-24 12:01:58,1,1,0,757,18.938,52.898
2026-07-24 12:06:58,1,1,0,735,19.2,53.476
2026-07-24 12:11:58,3,3,0,804,20.055,52.736
2026-07-24 12:16:58,5,5,0,877,19.635,54.43
2026-07-24 12:21:58,1,2,0,737,20.436,50.052
2026-07-24 12:26:58,2,2,0,684,20.124,49.869
2026-07-24 12:31:58,1,1,0,885,20.549,51.134
2026-07-24 12:36:59,0,0,0,685,20.733,49.278
2026-07-24 12:41:58,1,2,0,806,19.801,51.111
2026-07-24 12:46:58,1,2,0,642,20.885,46.653
2026-07-24 12:51:58,0,0,0,555,21.355,47.532
2026-07-24 12:56:58,0,0,0,645,21.523,47.798
2026-07-24 13:01:58,0,0,0,610,21.686,47.374
2026-07-24 13:06:59,1,1,0,485,21.694,47.517
2026-07-24 13:11:59,1,1,0,700,21.756,47.159
2026-07-24 13:16:59,0,0,0,612,21.991,47.277
2026-07-24 13:21:59,0,0,0,577,21.86,48.017
2026-07-24 13:26:59,0,0,0,614,22.332,47.273
2026-07-24 13:31:59,0,0,0,708,22.015,50.064
2026-07-24 13:36:59,1,2,0,715,21.772,47.332
2026-07-24 13:41:59,3,3,0,732,22.103,48.379
2026-07-24 13:46:59,0,1,0,711,22.188,48.557
2026-07-24 13:51:59,1,2,0,538,22.335,45.877
2026-07-24 13:56:59,1,1,0,585,22.252,46.251
2026-07-24 14:02:00,0,0,0,537,22.458,46.171
2026-07-24 14:06:59,0,0,0,775,22.292,49.501
2026-07-24 14:11:59,2,3,0,689,22.463,48.604
2026-07-24 14:16:59,1,1,0,622,22.073,48.782
2026-07-24 14:22:00,1,1,0,806,22.506,49.97
2026-07-24 14:27:00,1,1,0,688,22.469,49.549
2026-07-24 14:32:00,1,1,0,537,22.685,48.093
2026-07-24 14:37:00,0,1,0,613,21.929,50.641
2026-07-24 14:42:00,0,1,0,605,22.282,51.488
2026-07-24 14:46:59,0,2,0,806,22.543,50.68
2026-07-24 14:52:00,3,3,0,1745,22.786,52.94
2026-07-24 14:56:59,1,3,0,701,22.535,51.021
2026-07-24 15:01:59,1,1,0,1086,22.741,51.067
2026-07-24 15:06:59,2,2,0,751,22.909,50.022
2026-07-24 15:12:00,3,3,0,659,23.302,47.222
2026-07-24 15:16:59,3,3,0,498,23.641,47.12
2026-07-24 15:22:00,3,3,0,471,23.857,44.874
2026-07-24 15:26:59,3,4,0,536,23.916,47.828
2026-07-24 15:32:00,3,3,0,618,24.284,44.341
2026-07-24 15:36:59,3,3,0,623,23.475,44.229
2026-07-24 15:42:00,4,4,0,778,23.422,46.63
2026-07-24 15:47:00,5,5,0,605,23.003,44.055
2026-07-24 15:52:00,3,3,0,543,23.574,45.497
2026-07-24 15:57:00,4,4,0,749,24.391,44.635
2026-07-24 16:04:02,0,2,0,653,23.08,45.852
2026-07-24 16:07:49,0,1,0,437,24.049,45.213
2026-07-24 16:12:44,1,2,0,775,23.713,45.858
2026-07-24 16:17:02,1,2,0,733,23.457,47.386
2026-07-24 16:22:01,1,1,0,802,23.395,47.628
2026-07-24 16:27:01,2,2,0,852,23.876,46.987
2026-07-24 16:32:01,0,0,0,668,23.443,45.465
2026-07-24 16:37:01,3,3,0,616,23.077,46.918
2026-07-24 16:42:01,1,2,0,911,23.288,47.21
2026-07-24 16:47:01,3,3,0,1367,23.195,49.142
2026-07-24 16:52:01,4,4,0,945,23.168,49.417
2026-07-24 16:57:00,4,4,0,1053,22.784,52.843
2026-07-24 17:02:01,2,2,0,783,21.817,55.709
2026-07-24 17:07:01,5,5,0,937,20.797,58.496
2026-07-24 17:12:01,4,4,0,843,20.888,57.598
2026-07-24 17:17:01,2,2,0,728,20.661,58.343
2026-07-24 17:22:01,5,5,0,503,20.567,52.373
2026-07-24 17:27:01,2,2,0,392,20.209,53.129
2026-07-24 17:32:01,2,2,0,580,19.942,57.851
2026-07-24 17:37:01,12,12,0,695,19.796,58.828
2026-07-24 17:42:01,43,54,0,1226,19.352,62.816
2026-07-24 17:47:01,17,18,0,872,19.018,61.153
2026-07-24 17:52:01,14,14,0,748,18.834,63.043
2026-07-24 17:57:01,5,6,0,725,18.57,63.003
2026-07-24 18:02:01,9,9,0,903,18.476,63.232
2026-07-24 18:07:01,2,3,0,866,18.044,65.845
2026-07-24 18:12:01,2,2,0,538,18.151,62.95
2026-07-24 18:17:01,2,3,0,679,17.534,67.663
2026-07-24 18:22:01,1,1,0,728,17.141,69.608
2026-07-24 18:27:01,2,2,0,716,16.989,69.429
2026-07-24 18:32:01,32,34,0,4766,17.08,68.905
2026-07-24 18:37:01,5,6,0,565,17.096,66.925
2026-07-24 18:42:01,27,29,0,736,17.123,66.406
2026-07-24 18:47:01,4,5,0,664,17.021,67.083
2026-07-24 18:52:02,5,7,0,629,16.882,68.149
2026-07-24 18:57:01,5,6,0,566,16.842,68.332
2026-07-24 19:02:01,4,4,0,490,17.133,65.487
2026-07-24 19:07:02,5,5,0,803,17.021,66.673
2026-07-24 19:12:02,7,7,0,794,16.914,68.31
2026-07-24 19:17:02,11,11,0,772,16.695,69.137
2026-07-24 19:22:03,6,7,0,683,16.567,69.099
2026-07-24 19:27:02,7,7,0,791,16.353,70.547
2026-07-24 19:32:02,30,34,0,1797,16.551,70.228
2026-07-24 19:37:02,6,7,0,793,16.527,69.731
2026-07-24 19:42:02,6,6,0,797,16.369,70.94
2026-07-24 19:47:03,9,9,0,832,16.247,71.153
2026-07-24 19:52:02,7,7,0,1527,16.22,71.617
2026-07-24 19:57:03,6,6,0,955,16.161,71.462
2026-07-24 20:02:02,8,8,0,809,16.273,70.083
2026-07-24 20:07:02,9,9,0,897,16.124,70.89
2026-07-24 20:12:02,12,12,0,859,16.054,71.48
2026-07-24 20:17:02,60,73,0,1548,16.129,70.755
2026-07-24 20:22:02,12,12,0,878,16.041,71.319
2026-07-24 20:27:02,6,7,0,860,15.921,72.037
2026-07-24 20:32:02,2,3,0,631,15.771,72.794
2026-07-24 20:37:02,4,4,0,679,15.825,72.872
2026-07-24 20:42:02,3,3,0,746,15.833,72.471
2026-07-24 20:47:03,11,13,0,1035,15.539,73.948
2026-07-24 20:52:03,5,6,0,629,15.387,73.831
2026-07-24 20:57:02,15,18,0,1249,15.389,74.844
2026-07-24 21:02:03,8,12,0,955,15.44,73.818
2026-07-24 21:07:02,5,6,0,688,15.448,73.866
2026-07-24 21:12:02,8,8,0,930,15.523,73.54
2026-07-24 21:17:03,4,4,0,614,15.32,74.329
2026-07-24 21:22:03,6,6,0,743,15.317,74.541
2026-07-24 21:27:03,4,4,0,557,15.416,72.742
2026-07-24 21:32:02,5,5,0,660,15.211,75.439
2026-07-24 21:37:03,5,5,0,774,15.269,74.581
2026-07-24 21:42:02,3,3,0,617,15.296,74.644
2026-07-24 21:47:02,5,5,0,557,15.478,73.41
2026-07-24 21:52:02,12,13,0,1826,15.381,75.394
2026-07-24 21:57:03,15,15,0,1597,15.296,75.537
2026-07-24 22:02:03,6,7,0,863,15.325,75.336
2026-07-24 22:07:04,5,5,0,957,15.51,74.097
2026-07-24 22:12:04,9,11,0,1573,15.331,77.524
2026-07-24 22:17:04,15,16,0,1308,15.339,76.231
2026-07-24 22:22:04,24,25,0,1593,15.149,77.038
2026-07-24 22:27:04,28,29,0,1580,14.981,78.428
2026-07-24 22:32:04,26,27,0,1290,14.842,77.272
2026-07-24 22:37:04,26,27,0,1438,14.783,77.488
2026-07-24 22:42:04,24,25,0,1190,15.008,76.677
2026-07-24 22:47:04,21,23,0,919,14.805,77.446
2026-07-24 22:52:03,17,20,0,808,14.639,78.333
2026-07-24 22:57:04,8,9,0,983,14.882,77.9
2026-07-24 23:02:04,6,7,0,853,14.863,77.19
2026-07-24 23:07:04,8,9,0,1096,14.693,78.123
2026-07-24 23:12:04,8,9,0,746,14.799,77.915
2026-07-24 23:17:04,18,18,0,1066,14.647,78.686
2026-07-24 23:22:04,11,13,0,1130,14.727,78.617
2026-07-24 23:27:04,12,15,0,1292,14.516,79.651
2026-07-24 23:32:04,8,9,0,780,14.567,77.301
2026-07-24 23:37:04,21,24,0,1346,14.65,79.143
2026-07-24 23:42:05,7,8,0,1000,14.567,79.088
2026-07-24 23:47:04,9,11,0,850,14.602,78.003
2026-07-24 23:52:04,6,6,0,1220,14.575,79.22
2026-07-24 23:57:04,7,7,0,955,14.554,80.147
2026-07-25 00:02:04,6,7,0,846,14.359,79.87
2026-07-25 00:07:04,8,8,0,825,14.124,79.92
2026-07-25 00:12:04,6,7,0,958,14.324,81.146
2026-07-25 00:17:04,5,6,0,1035,13.974,82.338
2026-07-25 00:22:04,5,5,0,786,13.988,81.28
2026-07-25 00:27:04,4,4,0,786,14.129,80.931
2026-07-25 00:32:04,3,4,0,927,14.15,81.581
2026-07-25 00:37:04,5,5,0,869,14.348,80.616
2026-07-25 00:42:04,5,6,0,728,14.319,79.615
2026-07-25 00:47:04,4,4,0,698,14.161,80.32
2026-07-25 00:52:04,7,7,0,735,14.249,80.011
2026-07-25 00:57:04,5,6,0,893,14.335,80.938
2026-07-25 01:02:04,6,7,0,841,14.185,80.011
2026-07-25 01:07:06,6,6,0,1051,14.313,80.313
2026-07-25 01:12:05,12,13,0,1396,14.273,81.51
2026-07-25 01:17:05,9,9,0,1197,14.185,82.735
2026-07-25 01:22:05,19,20,0,1111,13.827,82.823
2026-07-25 01:27:05,17,21,0,1064,13.956,81.621
2026-07-25 01:32:05,17,18,0,1178,14.14,81.497
2026-07-25 01:37:05,14,18,0,1157,14.038,81.606
2026-07-25 01:42:05,14,17,0,1106,14.164,81.255
2026-07-25 01:47:06,12,16,0,1055,14.225,81.224
2026-07-25 01:52:05,18,19,0,948,13.972,81.837
2026-07-25 01:57:05,11,11,0,951,13.996,82.27
2026-07-25 02:02:05,8,8,0,852,14.044,81.551
2026-07-25 02:07:05,7,7,0,790,13.809,83.443
2026-07-25 02:12:05,4,5,0,741,13.993,83.719
2026-07-25 02:17:06,7,7,0,922,14.097,83.24
2026-07-25 02:22:05,5,5,0,813,13.528,87.5
2026-07-25 02:27:06,5,5,0,779,13.512,87.526
2026-07-25 02:32:06,11,13,0,920,13.79,85.753
2026-07-25 02:37:06,10,10,0,941,13.608,87.368
2026-07-25 02:42:06,12,12,0,831,13.363,89.054
2026-07-25 02:47:05,6,6,0,828,13.587,88.331
2026-07-25 02:52:06,25,25,0,1183,13.542,89.176
2026-07-25 02:57:06,8,9,0,899,13.651,87.805
2026-07-25 03:02:06,8,8,0,927,13.598,88.617
2026-07-25 03:07:06,12,13,0,1008,13.688,87.948
2026-07-25 03:12:05,13,13,0,999,13.627,87.494
2026-07-25 03:17:06,13,13,0,941,13.563,87.654
2026-07-25 03:22:06,15,17,0,977,13.373,89.321
2026-07-25 03:27:06,18,18,0,904,13.424,88.921
2026-07-25 03:32:06,17,21,0,1052,13.464,88.89
2026-07-25 03:37:06,24,25,0,1096,13.579,88.329
2026-07-25 03:42:06,21,25,0,1079,13.44,89.352
2026-07-25 03:47:06,20,20,0,1108,13.333,89.645
2026-07-25 03:52:06,24,25,0,1023,13.01,91.255
2026-07-25 03:57:06,21,25,0,1039,12.879,91.879
2026-07-25 04:02:06,21,24,0,868,12.903,91.761
2026-07-25 04:07:08,21,22,0,1906,12.973,91.299
2026-07-25 04:12:06,13,14,0,870,13.032,91.093
2026-07-25 04:17:08,9,9,0,839,13.168,90.836
2026-07-25 04:22:07,21,22,0,1092,12.845,92.358
2026-07-25 04:27:07,24,26,0,1072,13.114,91.179
2026-07-25 04:32:07,24,25,0,1002,13.053,90.975
2026-07-25 04:37:07,21,25,0,1033,13.01,91.396
2026-07-25 04:42:07,24,24,0,942,12.679,92.419
2026-07-25 04:47:07,8,9,0,863,12.642,92.783
2026-07-25 04:52:07,12,13,0,838,12.711,92.659
2026-07-25 04:57:07,6,8,0,836,12.62,92.589
2026-07-25 05:02:07,5,6,0,825,12.741,91.805
2026-07-25 05:07:07,7,10,0,790,12.781,91.58
2026-07-25 05:12:07,7,7,0,808,12.823,91.454
2026-07-25 05:17:07,9,9,0,1013,12.919,91.091
2026-07-25 05:22:07,8,8,0,813,12.906,91.152
2026-07-25 05:27:07,7,8,0,753,13.034,90.347
2026-07-25 05:32:07,9,12,0,824,12.871,91.488
2026-07-25 05:37:07,10,10,0,903,13.04,90.719
2026-07-25 05:42:07,12,13,0,815,12.818,91.765
2026-07-25 05:47:07,12,12,0,730,12.81,91.675
2026-07-25 05:52:07,8,8,0,802,12.719,91.961
2026-07-25 05:57:08,10,10,0,838,12.623,92.198
2026-07-25 06:02:08,14,15,0,798,12.626,92.861
2026-07-25 06:07:07,9,12,0,727,12.767,91.915
2026-07-25 06:12:08,12,12,0,758,12.861,91.597
2026-07-25 06:17:07,9,9,0,800,12.711,92.543
2026-07-25 06:22:07,10,12,0,829,12.973,90.885
2026-07-25 06:27:07,6,8,0,879,13.064,90.715
2026-07-25 06:32:07,15,18,0,795,12.658,93.226
2026-07-25 06:37:08,16,17,0,758,12.604,92.983
2026-07-25 06:42:07,18,18,0,753,12.682,92.896
2026-07-25 06:47:07,9,13,0,832,13.032,91.73
2026-07-25 06:52:07,18,20,0,997,12.967,91.49
2026-07-25 06:57:07,22,24,0,902,12.93,91.696
2026-07-25 07:02:07,21,21,0,884,13.194,90.736
2026-07-25 07:07:09,17,18,0,1849,13.021,91.343
2026-07-25 07:12:08,14,14,0,931,13.125,91.086
2026-07-25 07:17:08,15,17,0,899,13.197,90.546
2026-07-25 07:22:08,21,24,0,956,12.882,92.301
2026-07-25 07:27:08,20,20,0,995,13.016,91.61
2026-07-25 07:32:09,15,16,0,1022,13.237,90.189
2026-07-25 07:37:09,15,17,0,937,12.901,91.942
2026-07-25 07:42:08,16,16,0,844,12.684,93.088
2026-07-25 07:47:09,14,15,0,802,12.879,91.997
2026-07-25 07:52:08,12,13,0,788,12.893,92.32
2026-07-25 07:57:08,9,12,0,815,13.061,91.576
2026-07-25 08:02:09,25,25,0,1067,13.013,91.772
2026-07-25 08:07:09,17,20,0,983,12.959,92.59
2026-07-25 08:12:08,21,22,0,900,12.909,92.634
2026-07-25 08:17:09,15,16,0,801,12.794,92.726
2026-07-25 08:22:08,12,12,0,804,12.925,92.774
2026-07-25 08:27:09,12,12,0,718,13.101,91.276
2026-07-25 08:32:08,12,14,0,765,13.048,92.136
2026-07-25 08:37:09,13,15,0,816,12.861,93.489
2026-07-25 08:42:08,12,12,0,781,13.074,92.259
2026-07-25 08:47:09,8,8,0,780,13.283,91.282
2026-07-25 08:52:09,12,12,0,1276,13.413,90.962
2026-07-25 08:57:08,18,21,0,965,13.384,91.339
2026-07-25 09:02:09,39,45,0,1367,13.384,91.282
2026-07-25 09:07:08,32,34,0,1170,13.432,91.139
2026-07-25 09:12:09,31,32,0,1031,13.515,90.881
2026-07-25 09:17:09,31,34,0,999,13.568,90.952
2026-07-25 09:22:09,46,55,0,1114,13.694,90.801
2026-07-25 09:27:09,42,51,0,1003,13.56,91.782
2026-07-25 09:32:12,38,42,0,1013,13.891,90.761
2026-07-25 09:37:09,33,34,0,956,13.993,89.739
2026-07-25 09:42:09,27,28,0,848,13.945,89.51
2026-07-25 09:47:09,29,29,0,805,14.049,90.098
2026-07-25 09:52:09,26,27,0,756,13.958,88.482
2026-07-25 09:57:09,24,25,0,757,14.543,88.694
2026-07-25 10:02:09,26,28,0,893,14.701,88.186
2026-07-25 10:07:10,25,26,0,1717,14.906,88.005
2026-07-25 10:12:10,23,24,0,773,14.965,84.694
2026-07-25 10:17:10,26,26,0,759,15.187,84.768
2026-07-25 10:22:10,24,24,0,908,15.381,86.855
2026-07-25 10:27:10,27,29,0,898,15.518,85.732
2026-07-25 10:32:10,26,27,0,908,15.566,85.386
2026-07-25 10:37:10,37,40,0,1001,15.486,85.323
2026-07-25 10:42:10,36,40,0,1037,15.387,85.102
2026-07-25 10:47:10,33,38,0,1107,15.592,85.079
2026-07-25 10:52:11,35,38,0,1018,15.488,85.573
2026-07-25 10:57:10,29,30,0,933,15.916,83.818
2026-07-25 11:02:10,34,36,0,1005,16.076,82.281
2026-07-25 11:07:10,34,39,0,965,15.723,84.873
2026-07-25 11:12:10,28,28,0,773,15.814,83.567
2026-07-25 11:17:10,23,24,0,693,16.054,81.667
2026-07-25 11:22:11,21,21,0,728,16.244,81.995
2026-07-25 11:27:10,22,23,0,737,16.311,83.353
2026-07-25 11:32:10,23,24,0,679,16.118,82.746
2026-07-25 11:37:10,24,24,0,623,15.889,80.33
2026-07-25 11:42:10,36,42,0,773,16.228,80.917
2026-07-25 11:47:10,30,32,0,829,16.335,82.647
2026-07-25 11:52:10,34,37,0,812,16.14,80.595
2026-07-25 11:57:10,36,41,0,923,15.779,83.887
2026-07-25 12:02:11,31,34,0,745,16.172,80.891
2026-07-25 12:07:10,33,35,0,740,16.121,81.606
2026-07-25 12:12:10,31,32,0,714,15.817,82.476
2026-07-25 12:17:11,29,29,0,666,16.132,81.497
2026-07-25 12:22:11,30,30,0,790,15.985,84.423
2026-07-25 12:27:11,29,29,0,963,16.11,83.681
2026-07-25 12:32:10,24,25,0,908,16.143,84.385
2026-07-25 12:37:10,20,20,0,707,16.145,82.117
2026-07-25 12:42:11,20,20,0,667,16.324,81.461
2026-07-25 12:47:11,17,18,0,629,16.257,80.547
2026-07-25 12:52:10,18,18,0,661,16.383,80.778
2026-07-25 12:57:11,19,20,0,697,16.196,84.32
2026-07-25 13:02:11,20,20,0,1061,16.447,81.333
2026-07-25 13:07:12,18,18,0,1239,16.626,79.939
2026-07-25 13:12:12,25,25,0,939,16.527,82.489
2026-07-25 13:17:12,18,19,0,1344,16.522,82.722
2026-07-25 13:22:12,19,19,0,1188,16.562,82.504
2026-07-25 13:27:12,25,27,0,936,16.634,81.253
2026-07-25 13:32:12,20,25,0,807,16.321,82.59
2026-07-25 13:37:11,12,13,0,613,16.287,81.984
2026-07-25 13:42:12,11,13,0,663,16.313,80.16
2026-07-25 13:47:12,14,17,0,736,16.511,80.488
2026-07-25 13:52:12,23,26,0,668,16.594,80.078
2026-07-25 13:57:12,13,13,0,606,16.677,80.406
2026-07-25 14:02:12,4,5,0,411,16.722,76.284
2026-07-25 14:07:12,5,6,0,380,16.711,76.538
2026-07-25 14:12:12,5,5,0,424,17.307,76.336
2026-07-25 14:17:11,4,4,0,494,17.747,74.89
2026-07-25 14:22:12,6,6,0,583,18.044,74.701
2026-07-25 14:27:12,11,11,0,639,18.22,74.27
2026-07-25 14:32:12,13,15,0,593,18.129,71.581
2026-07-25 14:37:12,19,19,0,836,18.212,74.02
2026-07-25 14:42:12,20,20,0,547,18.38,72.805
2026-07-25 14:47:12,23,24,0,570,18.303,72.191
2026-07-25 14:52:12,20,22,0,446,18.442,70.118
2026-07-25 14:57:12,18,19,0,463,18.602,72.651
2026-07-25 15:02:12,18,18,0,467,18.597,72.307
2026-07-25 15:07:12,11,11,0,456,18.548,71.508
2026-07-25 15:12:12,13,13,0,1158,18.506,73.221
2026-07-25 15:17:12,12,12,0,635,18.022,74.278
2026-07-25 15:22:12,12,13,0,599,17.822,74.394
2026-07-25 15:27:12,28,28,0,996,17.977,76.25
2026-07-25 15:32:12,17,19,0,731,17.555,77.415
2026-07-25 15:37:12,19,19,0,837,17.472,77.873
2026-07-25 15:42:12,15,17,0,673,17.691,77.865
2026-07-25 15:47:12,7,7,0,424,17.277,77.44
2026-07-25 15:52:12,7,7,0,594,17.408,78.358
2026-07-25 15:57:13,6,6,0,665,17.464,76.742
2026-07-25 16:03:53,5,5,0,457,17.376,75.592
2026-07-25 16:07:52,5,5,0,813,17.208,77.145
2026-07-25 16:13:12,3,3,0,577,16.621,80.645
2026-07-25 16:18:10,8,8,0,679,16.666,80.444
2026-07-25 16:22:13,5,5,0,575,16.415,81.438
2026-07-25 16:27:13,3,3,0,526,16.14,80.675
2026-07-25 16:32:13,3,3,0,549,16.159,80.812
2026-07-25 16:37:13,8,8,0,844,16.332,82.901
2026-07-25 16:42:13,5,5,0,817,16.418,80.221
2026-07-25 16:47:14,15,17,0,809,16.028,82.529
2026-07-25 16:52:13,16,16,0,831,15.889,82.573
2026-07-25 16:57:13,8,8,0,701,15.755,83.664
2026-07-25 17:02:13,5,6,0,569,15.259,85.207
2026-07-25 17:07:14,3,3,0,757,15.352,84.599
2026-07-25 17:12:13,3,3,0,792,15.462,84.648
2026-07-25 17:17:14,2,2,0,493,14.965,84.106
2026-07-25 17:22:13,39,48,0,959,15.349,83.931
2026-07-25 17:27:13,39,47,0,901,15.416,83.248
2026-07-25 17:32:14,26,26,0,809,15.389,83.294
2026-07-25 17:37:14,6,6,0,606,15.365,82.445
2026-07-25 17:42:13,20,21,0,724,14.968,84.333
2026-07-25 17:47:14,18,20,0,870,15.184,83.71
2026-07-25 17:52:14,71,78,0,1279,15.154,83.235
2026-07-25 17:57:13,31,32,0,875,15.085,83.811
2026-07-25 18:02:14,17,18,0,705,14.679,84.675
2026-07-25 18:07:14,5,6,0,604,14.682,85.108
2026-07-25 18:12:13,4,4,0,612,14.311,85.684
2026-07-25 18:17:14,48,57,0,1582,14.436,85.886
2026-07-25 18:22:13,47,57,0,1237,14.132,87.111
2026-07-25 18:27:14,12,13,0,704,14.335,86.13
2026-07-25 18:32:13,15,16,0,770,14.249,86.634
2026-07-25 18:37:14,17,19,0,702,14.404,85.735
2026-07-25 18:42:14,9,9,0,498,14.068,86.166
2026-07-25 18:47:14,5,5,0,494,14.113,86.699
2026-07-25 18:52:14,18,20,0,500,14.02,86.119
2026-07-25 18:57:14,24,25,0,650,14.164,85.604
2026-07-25 19:02:14,9,9,0,496,14.041,85.884
2026-07-25 19:07:15,100,106,0,2663,13.923,86.426
2026-07-25 19:12:15,13,13,0,613,14.255,84.219
2026-07-25 19:17:15,26,26,0,848,14.204,85.943
2026-07-25 19:22:15,32,35,0,961,13.972,86.54
2026-07-25 19:27:15,34,36,0,959,13.646,87.9
2026-07-25 19:32:14,36,39,0,1035,13.71,87.416
2026-07-25 19:37:15,7,8,0,523,13.779,86.781
2026-07-25 19:42:15,7,8,0,596,13.972,86.317
2026-07-25 19:47:15,20,22,0,728,13.891,86.695
2026-07-25 19:52:15,42,51,0,786,13.504,88.442
2026-07-25 19:57:15,39,44,0,761,13.571,87.194
2026-07-25 20:02:15,52,66,0,920,13.859,85.903
2026-07-25 20:07:15,38,43,0,749,14.084,84.282
2026-07-25 20:12:15,11,11,0,467,14.161,83.698
2026-07-25 20:17:15,24,24,0,637,14.177,83.082
2026-07-25 20:22:15,6,6,0,449,14.078,84.463
2026-07-25 20:27:15,12,12,0,771,13.819,86.164
2026-07-25 20:32:15,4,4,0,506,13.64,86.54
2026-07-25 20:37:15,2,3,0,467,13.894,85.283
2026-07-25 20:42:15,36,40,0,1338,13.67,87.198
2026-07-25 20:47:15,26,27,0,865,13.782,86.042
2026-07-25 20:52:15,34,37,0,1000,13.427,87.793
2026-07-25 20:57:16,21,21,0,853,13.632,86.679
2026-07-25 21:02:15,5,5,0,469,13.528,86.403
2026-07-25 21:07:15,5,5,0,508,13.475,87.038
2026-07-25 21:12:15,17,18,0,935,13.186,88.562
2026-07-25 21:17:15,9,9,0,796,13.405,87.874
2026-07-25 21:22:16,21,24,0,799,13.427,87.305
2026-07-25 21:27:16,38,42,0,751,13.202,88.013
2026-07-25 21:32:16,4,4,0,501,13.045,88.728
2026-07-25 21:37:15,40,49,0,785,13.058,88.741
2026-07-25 21:42:15,46,55,0,889,13.32,87.454
2026-07-25 21:47:15,33,39,0,810,13.341,87.523
2026-07-25 21:52:15,15,15,0,600,12.965,88.604
2026-07-25 21:57:15,5,5,0,465,13.2,87.738
2026-07-25 22:02:16,15,18,0,500,13.235,87.462
2026-07-25 22:07:17,17,18,0,1055,13.149,88.293
2026-07-25 22:12:16,43,53,0,998,13.074,88.646
2026-07-25 22:17:16,25,25,0,702,13.136,88.223
2026-07-25 22:22:17,14,15,0,576,12.935,88.608
2026-07-25 22:27:16,13,13,0,529,13.064,88.202
2026-07-25 22:32:17,29,32,0,848,13.251,87.717
2026-07-25 22:37:17,39,43,0,1045,13.221,87.683
2026-07-25 22:42:16,42,49,0,1171,13.152,88.146
2026-07-25 22:47:17,33,34,0,1050,12.951,88.61
2026-07-25 22:52:16,15,21,0,627,12.885,88.755
2026-07-25 22:57:16,21,24,0,578,13.106,87.282
2026-07-25 23:02:16,29,32,0,885,13.194,87.616
2026-07-25 23:07:17,25,28,0,884,12.992,87.746
2026-07-25 23:12:17,57,70,0,931,13.21,87.217
2026-07-25 23:17:17,24,25,0,743,13.197,86.718
2026-07-25 23:22:17,35,40,0,847,13.077,87.065
2026-07-25 23:27:17,33,34,0,959,12.369,90.262
2026-07-25 23:32:17,27,27,0,846,12.711,88.644
2026-07-25 23:37:16,20,21,0,624,12.746,88.034
2026-07-25 23:42:17,31,32,0,1071,12.263,89.186
2026-07-25 23:47:17,33,34,0,911,12.468,89.848
2026-07-25 23:52:17,21,21,0,755,12.49,88.825
2026-07-25 23:57:17,14,14,0,662,12.137,89.611
2026-07-26 00:02:17,10,13,0,553,11.99,90.479
2026-07-26 00:07:17,13,16,0,560,11.865,91.019
2026-07-26 00:12:17,6,9,0,531,11.969,90.395
2026-07-26 00:17:17,9,9,0,604,12.033,89.748
2026-07-26 00:22:17,21,22,0,777,11.969,89.851
2026-07-26 00:27:17,19,24,0,698,11.873,91.211
2026-07-26 00:32:17,13,15,0,578,12.033,90.193
2026-07-26 00:37:17,17,18,0,916,11.894,91.002
2026-07-26 00:42:17,6,7,0,494,11.998,90.645
2026-07-26 00:47:17,12,12,0,531,12.028,90.944
2026-07-26 00:52:17,52,61,0,916,12.198,90.809
2026-07-26 00:57:17,43,53,0,910,12.081,90.744
2026-07-26 01:02:17,24,25,0,698,12.303,89.571
2026-07-26 01:07:18,36,38,0,1819,12.279,89.268
2026-07-26 01:12:18,18,21,0,821,12.327,89.92
2026-07-26 01:17:18,15,20,0,813,12.289,89.35
2026-07-26 01:22:18,20,21,0,831,12.209,90.708
2026-07-26 01:27:18,27,28,0,885,12.463,89.327
2026-07-26 01:32:18,25,26,0,868,12.303,89.991
2026-07-26 01:37:18,20,20,0,934,12.433,88.898
2026-07-26 01:42:18,19,20,0,819,11.998,91.269
2026-07-26 01:47:18,21,21,0,811,12.177,90.183
2026-07-26 01:52:18,10,10,0,767,11.977,90.626
2026-07-26 01:57:18,15,16,0,842,12.158,90.103
2026-07-26 02:02:18,12,12,0,781,11.902,90.88
2026-07-26 02:07:18,28,30,0,847,12.049,90.664
2026-07-26 02:12:18,26,27,0,876,11.811,91.244
2026-07-26 02:17:18,12,13,0,566,11.606,92.713
2026-07-26 02:22:18,7,7,0,544,11.83,92.184
2026-07-26 02:27:18,10,10,0,629,11.963,91.04
2026-07-26 02:32:18,8,8,0,681,11.857,90.82
2026-07-26 02:37:18,8,8,0,712,11.947,90.586
2026-07-26 02:42:18,6,7,0,832,11.857,90.769
2026-07-26 02:47:19,6,6,0,695,11.811,90.862
2026-07-26 02:52:18,7,7,0,627,11.579,92.295
2026-07-26 02:57:18,7,7,0,620,11.83,91.568
2026-07-26 03:02:18,6,6,0,658,11.761,90.895
2026-07-26 03:07:19,22,25,0,725,11.961,90.435
2026-07-26 03:12:18,12,13,0,692,11.857,90.351
2026-07-26 03:17:19,16,16,0,682,11.91,90.826
2026-07-26 03:22:18,27,28,0,875,11.771,91.524
2026-07-26 03:27:18,29,31,0,837,11.958,91.723
2026-07-26 03:32:19,19,21,0,579,11.726,92.493
2026-07-26 03:37:18,16,19,0,540,11.846,91.934
2026-07-26 03:42:19,12,12,0,576,11.814,90.53
2026-07-26 03:47:18,12,12,0,628,11.83,90.593
2026-07-26 03:52:18,12,12,0,567,11.651,91.618
2026-07-26 03:57:19,6,6,0,508,11.72,91.347
2026-07-26 04:02:19,10,12,0,648,11.771,90.096
2026-07-26 04:07:20,12,12,0,1390,11.734,89.892
2026-07-26 04:12:20,15,18,0,911,11.755,90.04
2026-07-26 04:17:20,19,20,0,753,11.606,91.33
2026-07-26 04:22:19,7,9,0,700,11.691,90.323
2026-07-26 04:27:20,13,14,0,747,11.552,90.487
2026-07-26 04:32:20,27,27,0,848,11.248,91.677
2026-07-26 04:37:22,12,13,0,695,11.128,92.497
2026-07-26 04:42:20,7,7,0,620,11.323,92.455
2026-07-26 04:47:19,6,6,0,620,11.491,90.99
2026-07-26 04:52:19,5,6,0,611,11.283,91.972
2026-07-26 04:57:20,8,9,0,727,11.173,91.681
2026-07-26 05:02:19,6,8,0,630,11.395,91.444
2026-07-26 05:07:20,8,8,0,663,11.365,91.412
2026-07-26 05:12:20,8,8,0,661,11.331,90.809
2026-07-26 05:17:20,5,5,0,595,11.368,90.931
2026-07-26 05:22:20,3,3,0,605,10.903,91.276
2026-07-26 05:27:20,4,4,0,595,10.981,91.927
2026-07-26 05:32:20,5,5,0,565,11.09,91.154
2026-07-26 05:37:20,5,6,0,574,10.997,91.803
2026-07-26 05:42:20,9,9,0,596,11.093,93.432
2026-07-26 05:47:20,8,8,0,637,11.05,91.595
2026-07-26 05:52:20,6,6,0,659,10.719,92.291
2026-07-26 05:57:20,6,6,0,583,10.826,91.606
2026-07-26 06:02:20,5,5,0,567,10.858,91.871
2026-07-26 06:07:20,5,7,0,591,10.887,91.749
2026-07-26 06:12:20,6,8,0,657,10.799,90.593
2026-07-26 06:17:20,13,15,0,664,10.521,93.477
2026-07-26 06:22:20,8,8,0,538,10.65,93.643
2026-07-26 06:27:20,8,8,0,507,10.89,92.327
2026-07-26 06:32:21,5,6,0,609,10.901,91.135
2026-07-26 06:37:20,5,5,0,603,10.714,91.391
2026-07-26 06:42:20,4,4,0,610,10.449,93.104
2026-07-26 06:47:20,5,5,0,540,10.551,92.268
2026-07-26 06:52:20,7,7,0,591,10.708,91.36
2026-07-26 06:57:20,8,9,0,640,10.756,91.81
2026-07-26 07:02:20,9,9,0,596,10.471,92.476
2026-07-26 07:07:21,9,9,0,1082,10.655,90.818
2026-07-26 07:12:21,4,4,0,600,10.254,92.821
2026-07-26 07:17:21,5,5,0,598,10.273,93.01
2026-07-26 07:22:21,6,6,0,601,10.19,92.493
2026-07-26 07:27:21,9,9,0,640,10.212,92.129
2026-07-26 07:32:21,19,22,0,759,9.817,92.896
2026-07-26 07:37:21,7,7,0,678,10.113,91.112
2026-07-26 07:42:21,6,8,0,636,10.124,93.538
2026-07-26 07:47:21,12,12,0,605,10.014,95.133
2026-07-26 07:52:21,16,17,0,651,10.07,95.07
2026-07-26 07:57:21,9,10,0,599,9.945,94.284
2026-07-26 08:02:21,8,9,0,601,9.867,93.233
2026-07-26 08:07:21,10,14,0,720,10.156,91.957
2026-07-26 08:12:21,7,7,0,616,10.043,92.363
2026-07-26 08:17:21,14,15,0,612,10.126,93.926
2026-07-26 08:22:21,12,16,0,641,10.433,92.869
2026-07-26 08:27:21,7,7,0,747,10.383,92.373
2026-07-26 08:32:22,13,13,0,613,10.516,94.214
2026-07-26 08:37:22,20,22,0,631,10.751,94.799
2026-07-26 08:42:21,23,25,0,570,11.253,92.102
2026-07-26 08:47:21,13,18,0,705,11.339,91.248
2026-07-26 08:52:21,12,13,0,636,11.312,92.259
2026-07-26 08:57:22,12,12,0,613,11.859,90.305
2026-07-26 09:02:22,46,54,0,821,12.06,89.947
2026-07-26 09:07:21,41,49,0,754,12.241,89.445
2026-07-26 09:12:22,43,50,0,801,12.396,89.157
2026-07-26 09:17:22,46,53,0,858,12.58,88.928
2026-07-26 09:22:22,43,52,0,850,12.698,87.019
2026-07-26 09:27:22,40,45,0,830,12.759,86.87
2026-07-26 09:32:22,50,59,0,1039,13.125,85.89
2026-07-26 09:37:22,49,60,0,940,13.523,85.072
2026-07-26 09:42:22,39,45,0,813,13.68,82.663
2026-07-26 09:47:22,43,52,0,751,13.942,81.028
2026-07-26 09:52:22,39,47,0,730,14.033,83.132
2026-07-26 09:57:22,29,29,0,562,14.223,82.176
2026-07-26 10:02:21,32,36,0,649,14.898,82.596
2026-07-26 10:07:23,34,38,0,1586,14.89,80.948
2026-07-26 10:12:23,37,42,0,865,15.173,80.749
2026-07-26 10:17:23,29,29,0,628,15.125,79.309
2026-07-26 10:22:23,27,27,0,582,15.488,77.164
2026-07-26 10:27:22,29,29,0,629,15.707,76.059
2026-07-26 10:32:22,27,28,0,562,15.622,75.97
2026-07-26 10:37:23,28,28,0,526,15.94,75.561
2026-07-26 10:42:23,29,30,0,768,15.937,76.42
2026-07-26 10:47:23,30,30,0,688,15.916,78.033
2026-07-26 10:52:23,28,29,0,641,16.305,78.251
2026-07-26 10:57:23,31,31,0,588,16.698,75.603
2026-07-26 11:02:23,27,27,0,514,16.885,73.129
2026-07-26 11:07:23,27,27,0,507,16.898,73.519
2026-07-26 11:12:22,24,26,0,477,17.104,72.134
2026-07-26 11:17:23,25,25,0,550,17.309,71.714
2026-07-26 11:22:23,32,35,0,680,17.52,72.269
2026-07-26 11:27:22,36,42,0,834,17.985,71.638
2026-07-26 11:32:23,26,26,0,782,18.108,69.946
2026-07-26 11:37:23,26,27,0,514,17.87,71.903
2026-07-26 11:42:23,26,26,0,489,18.081,69.599
2026-07-26 11:47:23,24,24,0,376,18.265,66.539
2026-07-26 11:52:23,22,23,0,391,18.431,65.633
2026-07-26 11:57:23,18,20,0,397,19.024,64.499
2026-07-26 12:02:23,20,22,0,533,19.35,63.825
2026-07-26 12:07:23,19,19,0,336,19.221,64.966
2026-07-26 12:12:23,15,16,0,344,19.633,64.222
2026-07-26 12:17:23,18,19,0,353,19.683,65.105
2026-07-26 12:22:23,19,20,0,325,19.269,63.352
2026-07-26 12:27:23,20,20,0,328,19.884,63.078
2026-07-26 12:32:23,11,12,0,435,19.686,62.147
2026-07-26 12:37:23,5,6,0,235,20.041,59.015
2026-07-26 12:42:23,6,6,0,248,19.368,60.306
2026-07-26 12:47:23,5,5,0,179,19.056,61.397
2026-07-26 12:52:24,3,4,0,210,19.918,60.686
2026-07-26 12:57:23,6,6,0,257,19.83,61.283
2026-07-26 13:02:23,6,6,0,207,20.228,58.309
2026-07-26 13:07:24,5,5,0,210,19.846,59.612
2026-07-26 13:12:25,4,4,0,238,20.578,57.207
2026-07-26 13:17:24,5,5,0,228,20.645,58.673
2026-07-26 13:22:24,4,4,0,241,21.374,57.031
2026-07-26 13:27:24,4,4,0,311,21.817,56.579
2026-07-26 13:32:24,5,5,0,219,21.518,55.036
2026-07-26 13:37:25,4,4,0,283,22.252,55.032
2026-07-26 13:42:24,5,5,0,308,22.637,57.615
2026-07-26 13:47:25,3,3,0,226,21.667,55.072
2026-07-26 13:52:25,5,5,0,228,21.905,55.219
2026-07-26 13:57:24,3,3,0,213,22.618,52.577
2026-07-26 14:02:24,2,2,0,137,22.557,53.625
2026-07-26 14:07:25,1,1,0,134,21.718,53.138
2026-07-26 14:12:24,0,0,0,145,22.295,52.297
2026-07-26 14:17:24,1,2,0,100,21.993,50.859
2026-07-26 14:22:25,2,3,0,330,22.808,51.916
2026-07-26 14:27:24,1,1,0,157,22.399,53.543
2026-07-26 14:32:25,0,1,0,109,22.469,50.638
2026-07-26 14:37:25,0,1,0,133,23.013,52.598
2026-07-26 14:42:25,7,8,0,146,22.768,47.729
2026-07-26 14:47:25,2,2,0,67,22.378,50.262
2026-07-26 14:52:25,0,0,0,62,22.137,51.248
2026-07-26 14:57:25,0,0,0,48,21.804,51.879
2026-07-26 15:02:25,3,3,0,154,22.148,53.253
2026-07-26 15:07:26,1,1,0,121,21.75,55.347
2026-07-26 15:12:25,3,3,0,203,22.466,53.133
2026-07-26 15:17:25,3,3,0,312,21.87,55.118
2026-07-26 15:22:25,5,5,0,142,21.873,54.849
2026-07-26 15:27:25,4,4,0,208,22.127,55.395
2026-07-26 15:32:25,6,7,0,97,21.152,56.47
2026-07-26 15:37:25,5,5,0,199,21.809,58.351
2026-07-26 15:42:25,10,10,0,223,21.44,59.358
2026-07-26 15:47:25,8,8,0,205,21.278,60.039
2026-07-26 15:52:26,29,30,0,377,21.456,59.263
2026-07-26 15:57:25,7,7,0,424,21.229,60.421
2026-07-26 16:03:54,9,9,0,252,21.299,59.28
2026-07-26 16:09:15,7,8,0,359,21.523,59.354
2026-07-26 16:13:37,8,8,0,357,21.374,61.723
2026-07-26 16:18:16,8,9,0,419,21.344,63.011
2026-07-26 16:22:28,7,8,0,330,21.224,62.717
2026-07-26 16:27:26,7,7,0,412,21.043,63.253
2026-07-26 16:32:26,8,8,0,544,20.877,65.546
2026-07-26 16:37:26,8,8,0,400,19.958,68.847
2026-07-26 16:42:26,8,8,0,391,19.681,71.312
2026-07-26 16:47:26,10,10,0,432,19.494,71.836
2026-07-26 16:52:26,8,8,0,443,19.579,70.177
2026-07-26 16:57:26,10,10,0,497,19.374,72.595
2026-07-26 17:02:26,8,8,0,438,19.275,71.371
2026-07-26 17:07:26,9,9,0,385,18.703,69.902
2026-07-26 17:12:26,8,10,0,377,18.949,71.138
2026-07-26 17:17:26,5,6,0,338,18.711,69.294
2026-07-26 17:22:26,8,8,0,221,18.37,68.42
2026-07-26 17:27:26,7,7,0,223,17.966,69.811
2026-07-26 17:32:26,35,41,0,359,18.017,71.853
2026-07-26 17:37:26,23,23,0,252,17.844,69.774
2026-07-26 17:42:26,6,6,0,185,18.145,68.34
2026-07-26 17:47:26,20,22,0,540,18.022,72.178
2026-07-26 17:52:26,10,10,0,324,17.109,74.573
2026-07-26 17:57:26,20,22,0,277,17.625,70.585
2026-07-26 18:02:27,14,19,0,666,17.595,71.287
2026-07-26 18:07:26,11,12,0,410,17.379,72.296
2026-07-26 18:12:26,13,13,0,484,17.32,72.717
2026-07-26 18:17:27,35,42,0,323,17.08,72.382
2026-07-26 18:22:26,26,27,0,374,16.743,73.608
2026-07-26 18:27:27,13,14,0,236,16.815,73.33
2026-07-26 18:32:26,8,9,0,176,17.034,72.273
2026-07-26 18:37:27,8,8,0,209,17.034,73.303
2026-07-26 18:42:26,6,6,0,231,17.01,73.013
2026-07-26 18:47:26,6,6,0,212,16.815,72.847
2026-07-26 18:52:26,5,5,0,101,17.133,70.831
2026-07-26 18:57:27,6,7,0,180,16.941,71.871
2026-07-26 19:02:26,8,9,0,321,16.519,73.911
2026-07-26 19:07:27,15,17,0,247,16.444,73.849
2026-07-26 19:12:28,19,19,0,791,16.348,74.388
2026-07-26 19:17:28,49,59,0,745,15.953,75.891
2026-07-26 19:22:28,7,7,0,352,15.771,76.012
2026-07-26 19:27:27,6,6,0,254,15.611,76.313
2026-07-26 19:32:28,13,13,0,300,15.59,76.801
2026-07-26 19:37:27,34,37,0,435,15.488,77.295
2026-07-26 19:42:28,5,5,0,314,15.539,76.885
2026-07-26 19:47:27,4,5,0,257,15.606,75.693
2026-07-26 19:52:27,16,16,0,386,15.371,77.761
2026-07-26 19:57:27,5,5,0,284,15.504,76.67
2026-07-26 20:02:28,7,7,0,233,15.55,76.416
2026-07-26 20:07:28,18,18,0,502,15.544,77.597
2026-07-26 20:12:27,6,8,0,337,15.702,76.588
2026-07-26 20:17:27,4,4,0,219,15.929,75.224
2026-07-26 20:22:28,37,42,0,557,15.9,75.672
2026-07-26 20:27:28,4,4,0,323,15.929,76.124
2026-07-26 20:32:28,3,3,0,210,15.966,75.046
2026-07-26 20:37:28,43,53,0,988,15.753,77.297
2026-07-26 20:42:28,4,4,0,223,16.065,73.603
2026-07-26 20:47:28,5,5,0,283,15.956,74.837
2026-07-26 20:52:28,35,41,0,816,15.568,77.24
2026-07-26 20:57:27,7,8,0,188,16.236,72.515
2026-07-26 21:02:28,23,23,0,555,15.878,75.029
2026-07-26 21:07:28,25,25,0,686,15.787,75.153
2026-07-26 21:12:28,4,5,0,267,15.574,75.878
2026-07-26 21:17:28,13,13,0,400,15.472,76.765
2026-07-26 21:22:28,2,2,0,291,15.112,78.052
2026-07-26 21:27:28,9,11,0,437,15.029,78.476
2026-07-26 21:32:28,25,25,0,342,14.885,79.052
2026-07-26 21:37:28,25,26,0,709,14.981,79.931
2026-07-26 21:42:28,24,27,0,683,14.551,81.083
2026-07-26 21:47:28,45,56,0,877,14.535,81.135
2026-07-26 21:52:28,12,15,0,336,14.815,79.393
2026-07-26 21:57:28,8,8,0,361,14.759,79.883
2026-07-26 22:02:28,53,66,0,1246,14.452,81.48
2026-07-26 22:07:29,42,50,0,2193,14.041,83.092
2026-07-26 22:12:29,25,28,0,685,14.094,82.855
2026-07-26 22:17:29,20,21,0,585,14.289,82.098
2026-07-26 22:22:29,24,24,0,513,14.142,82.287
2026-07-26 22:27:29,8,9,0,324,14.068,82.411
2026-07-26 22:32:29,20,23,0,477,13.806,83.559
2026-07-26 22:37:29,6,8,0,499,13.59,84.713
2026-07-26 22:42:29,6,6,0,383,13.616,84.28
2026-07-26 22:47:29,11,13,0,489,13.715,83.988
2026-07-26 22:52:29,8,9,0,366,13.664,83.761
2026-07-26 22:57:29,24,25,0,414,13.881,82.979
2026-07-26 23:02:29,8,9,0,396,13.729,83.519
2026-07-26 23:07:29,15,17,0,627,13.825,83.338
2026-07-26 23:12:29,61,75,0,552,13.718,83.395
2026-07-26 23:17:29,83,86,0,794,13.571,84.421
2026-07-26 23:22:29,70,79,0,786,13.766,83.673
2026-07-26 23:27:30,19,19,0,501,13.71,83.782
2026-07-26 23:32:29,43,51,0,631,13.721,83.281
2026-07-26 23:37:29,7,7,0,332,13.956,82.052
2026-07-26 23:42:30,12,13,0,468,14.009,82.172
2026-07-26 23:47:29,8,8,0,538,13.817,83.218
2026-07-26 23:52:29,4,4,0,371,13.603,83.569
2026-07-26 23:57:29,3,4,0,369,13.686,82.933
2026-07-27 00:02:29,1,1,0,352,13.795,82.31
2026-07-27 00:07:29,2,3,0,441,13.63,83.063
2026-07-27 00:12:29,5,5,0,489,13.737,82.918
2026-07-27 00:17:29,6,6,0,410,13.536,83.328
2026-07-27 00:22:30,1,2,0,329,13.643,82.819
2026-07-27 00:27:29,28,28,0,712,13.459,84.322
2026-07-27 00:32:29,8,9,0,530,13.472,83.742
2026-07-27 00:37:29,4,5,0,461,13.144,84.694
2026-07-27 00:42:29,2,2,0,457,13.008,85.203
2026-07-27 00:47:29,2,2,0,298,13.221,84.057
2026-07-27 00:52:29,3,4,0,350,13.146,84.127
2026-07-27 00:57:30,1,1,0,439,13.101,84.959
2026-07-27 01:02:29,5,5,0,612,12.986,85.106
2026-07-27 01:07:31,6,6,0,1193,12.62,86.525
2026-07-27 01:12:30,6,6,0,644,12.548,86.901
2026-07-27 01:17:31,7,7,0,577,12.535,86.803
2026-07-27 01:22:31,4,4,0,449,12.735,86.437
2026-07-27 01:27:30,3,3,0,442,12.855,85.466
2026-07-27 01:32:31,3,4,0,486,12.783,85.474
2026-07-27 01:37:31,5,5,0,487,12.639,86.073
2026-07-27 01:42:31,3,3,0,465,12.602,86.159
2026-07-27 01:47:31,2,2,0,446,12.209,87.448
2026-07-27 01:52:31,3,3,0,504,12.404,86.096
2026-07-27 01:57:30,3,3,0,517,12.177,87.488
2026-07-27 02:02:31,3,3,0,509,11.755,89.422
2026-07-27 02:07:31,9,10,0,573,11.985,88.106
2026-07-27 02:12:31,2,2,0,454,11.568,89.981
2026-07-27 02:17:31,2,3,0,397,11.857,88.774
2026-07-27 02:22:31,1,1,0,445,11.937,87.639
2026-07-27 02:27:30,2,2,0,385,11.79,88.856
2026-07-27 02:32:31,4,4,0,411,11.493,90.004
2026-07-27 02:37:31,1,1,0,384,11.526,89.31
2026-07-27 02:42:31,2,2,0,386,11.509,89.712
2026-07-27 02:47:31,3,3,0,384,12.249,86.651
2026-07-27 02:52:31,4,4,0,405,11.699,88.72
2026-07-27 02:57:31,5,5,0,370,11.926,88.48
2026-07-27 03:02:31,6,6,0,366,12.238,88.026
2026-07-27 03:07:31,8,8,0,325,12.257,89.052
2026-07-27 03:12:32,5,5,0,350,12.052,88.778
2026-07-27 03:17:31,6,6,0,359,11.969,88.051
2026-07-27 03:22:31,6,6,0,360,11.921,88.318
2026-07-27 03:27:31,6,6,0,408,11.584,89.426
2026-07-27 03:32:32,7,7,0,368,11.582,89.947
2026-07-27 03:37:31,10,10,0,366,11.67,90.811
2026-07-27 03:42:31,10,13,0,291,11.702,92.257
2026-07-27 03:47:31,9,10,0,356,11.728,90.49
2026-07-27 03:52:31,18,20,0,328,11.851,90.18
2026-07-27 03:57:31,21,21,0,270,12.126,90.994
2026-07-27 04:02:32,18,22,0,292,12.054,90.473
2026-07-27 04:07:33,24,27,0,356,12.3,90.134
2026-07-27 04:12:32,25,25,0,332,11.878,92.142
2026-07-27 04:17:32,21,21,0,289,12.065,90.91
2026-07-27 04:22:32,26,27,0,277,12.273,90.231
2026-07-27 04:27:32,25,25,0,295,12.177,89.743
2026-07-27 04:32:32,13,15,0,282,12.006,90.614
2026-07-27 04:37:32,13,14,0,307,12.172,89.209
2026-07-27 04:42:32,10,10,0,239,12.025,90.498
2026-07-27 04:47:32,9,9,0,263,12.049,89.888
2026-07-27 04:52:32,5,6,0,215,12.065,90.006
2026-07-27 04:57:32,6,6,0,203,12.06,90.645
2026-07-27 05:02:32,5,5,0,198,12.116,90.162
2026-07-27 05:07:32,2,2,0,130,12.511,89.033
2026-07-27 05:12:32,2,3,0,186,12.401,89.138
2026-07-27 05:17:32,3,4,0,217,12.554,88.425
2026-07-27 05:22:32,1,1,0,241,12.524,88.684
2026-07-27 05:27:32,2,2,0,161,12.826,88.144
2026-07-27 05:32:32,2,2,0,144,12.692,88.472
2026-07-27 05:37:32,1,1,0,145,12.821,87.98
2026-07-27 05:42:33,2,2,0,145,12.957,87.568
2026-07-27 05:47:33,1,1,0,182,12.692,88.64
2026-07-27 05:52:32,2,2,0,208,12.754,88.402
2026-07-27 05:57:32,2,2,0,286,12.749,87.91
2026-07-27 06:02:32,2,2,0,219,12.706,88.366
2026-07-27 06:07:33,3,3,0,224,12.861,88.198
2026-07-27 06:12:33,3,3,0,204,12.855,88.394
2026-07-27 06:17:32,3,3,0,255,12.882,88.15
2026-07-27 06:22:33,4,4,0,327,12.741,88.636
2026-07-27 06:27:33,1,2,0,238,12.727,88.745
2026-07-27 06:32:32,1,1,0,246,12.855,88.596
2026-07-27 06:37:33,3,3,0,531,12.871,88.574
2026-07-27 06:42:33,1,1,0,371,13.034,87.858
2026-07-27 06:47:33,3,3,0,288,13.21,87.322
2026-07-27 06:52:33,3,3,0,419,13.064,87.9
2026-07-27 06:57:33,17,20,0,272,13.205,87.006
2026-07-27 07:02:33,25,26,0,461,13.331,86.689
2026-07-27 07:07:34,14,14,0,530,13.288,86.456
2026-07-27 07:12:34,5,5,0,430,13.397,86.069
2026-07-27 07:17:34,4,4,0,535,13.456,86.149
2026-07-27 07:22:34,2,2,0,611,13.251,87.036
2026-07-27 07:27:34,3,4,0,522,13.243,86.092
2026-07-27 07:32:34,6,6,0,463,13.01,86.55
2026-07-27 07:37:34,5,5,0,340,12.965,86.739
2026-07-27 07:42:34,3,3,0,441,13.146,86.401
2026-07-27 07:47:33,10,12,0,458,12.837,87.603
2026-07-27 07:52:34,7,7,0,551,12.925,87.462
2026-07-27 07:57:33,5,6,0,779,12.965,87.236
2026-07-27 08:02:34,20,24,0,740,12.813,87.566
2026-07-27 08:07:34,19,21,0,810,12.823,88.215
2026-07-27 08:12:34,13,15,0,2845,12.866,87.742
2026-07-27 08:17:34,24,29,0,1233,12.716,88.932
2026-07-27 08:22:35,7,8,0,679,12.984,88.209
2026-07-27 08:27:34,10,12,0,1059,13.232,87.891
2026-07-27 08:32:34,12,12,0,834,13.365,87.482
2026-07-27 08:37:34,46,56,0,825,13.411,87.082
2026-07-27 08:42:34,38,44,0,939,13.59,87.177
2026-07-27 08:47:34,8,9,0,612,13.293,87.029
2026-07-27 08:52:34,9,9,0,636,13.817,85.899
2026-07-27 09:02:34,29,29,0,683,14.215,85.001
2026-07-27 09:07:34,24,24,0,647,15.229,82.113
2026-07-27 09:12:34,21,21,0,512,18.004,72.128
2026-07-27 09:17:34,20,24,0,516,17.916,72.595
2026-07-27 09:22:34,19,20,0,490,15.83,78.285
2026-07-27 09:27:34,20,20,0,508,17.053,74.739
2026-07-27 09:32:34,16,19,0,452,18.864,68.861
2026-07-27 09:37:34,7,7,0,307,17.902,71.379
2026-07-27 09:42:34,4,4,0,306,18.442,69.683
2026-07-27 09:47:34,3,3,0,234,17.128,73.927
2026-07-27 09:52:35,2,2,0,206,16.938,73.961
2026-07-27 09:57:35,3,3,0,256,16.69,75.498
2026-07-27 10:02:34,2,2,0,402,17.358,74.701
2026-07-27 10:07:35,3,4,0,413,17.731,72.489
2026-07-27 10:12:35,5,6,0,315,17.852,72.439
2026-07-27 10:17:35,5,5,0,477,18.062,72.502
2026-07-27 10:22:35,4,5,0,293,18.196,71.447
2026-07-27 10:27:35,3,3,0,313,18.121,71.466
2026-07-27 10:32:35,2,3,0,214,18.145,70.902
2026-07-27 10:37:35,1,3,0,190,17.921,71.428
2026-07-27 10:42:35,3,3,0,259,18.698,70.497
2026-07-27 10:47:35,2,2,0,292,18.85,70.371
2026-07-27 10:52:35,2,2,0,257,19.088,69.975
2026-07-27 10:57:35,0,0,0,230,18.92,70.524
2026-07-27 11:02:35,0,0,0,243,19.042,70.375
2026-07-27 11:07:36,0,0,0,257,18.888,71.407
2026-07-27 11:12:35,0,0,0,185,18.928,69.141
2026-07-27 11:17:35,0,0,0,206,18.049,72.281
2026-07-27 11:22:35,0,0,0,417,19.2,69.95
2026-07-27 11:27:35,0,0,0,142,18.319,70.27
2026-07-27 11:32:36,0,0,0,194,19.067,70.156
2026-07-27 11:37:36,0,0,0,210,19.056,68.851
2026-07-27 11:42:35,0,0,0,220,19.488,68.393
2026-07-27 11:47:36,1,1,0,175,19.125,64.68
2026-07-27 11:52:36,0,0,0,107,19.24,64.336
2026-07-27 11:57:35,0,0,0,149,19.446,65.677
2026-07-27 12:02:36,0,0,0,166,20.049,63.966
2026-07-27 12:07:36,0,0,0,137,20.263,62.851
2026-07-27 12:12:35,0,0,0,182,20.618,64.47
2026-07-27 12:17:36,0,0,0,206,21.569,61.811
2026-07-27 12:23:51,0,0,0,102,20.183,64.163
2026-07-27 12:28:43,0,0,0,86,19.86,64.693
2026-07-27 12:35:58,0,0,0,131,20.845,62.828
2026-07-27 12:41:44,0,0,0,108,20.81,62.788
2026-07-27 12:46:40,0,0,0,123,20.573,65.523
2026-07-27 13:02:38,0,0,0,116,20.535,64.935
2026-07-27 13:19:08,3,3,0,199,20.698,65.365
2026-07-27 13:22:37,0,0,0,142,18.888,70.461
2026-07-27 13:27:37,0,0,0,174,20.087,67.804
2026-07-27 13:32:37,0,0,0,178,19.181,69.822
2026-07-27 13:37:37,0,0,0,242,19.691,70.194
2026-07-27 13:42:37,0,0,0,212,19.163,70.89
2026-07-27 13:47:37,0,0,0,205,20.695,65.822
2026-07-27 13:52:37,0,0,0,194,19.697,70.575
2026-07-27 13:57:37,0,0,0,130,19.857,66.372
2026-07-27 14:02:37,0,0,0,162,20.605,67.314
2026-07-27 14:07:37,0,0,0,175,20.784,66.309
2026-07-27 14:12:37,0,0,0,122,18.986,71.737
2026-07-27 14:17:37,0,0,0,147,19.905,68.657
2026-07-27 14:22:37,0,0,0,114,19.088,70.381
2026-07-27 14:27:37,0,0,0,74,18.145,74.167
2026-07-27 14:32:37,0,0,0,93,18.952,72.119
2026-07-27 14:37:37,0,0,0,137,19.52,70.709
2026-07-27 14:42:37,0,0,0,114,18.866,72.252
2026-07-27 14:47:37,0,0,0,151,18.773,72.809
2026-07-27 14:52:37,0,0,0,143,19.219,70.976
2026-07-27 14:57:38,0,0,0,198,18.77,72.904
2026-07-27 15:02:37,0,0,0,127,18.743,71.93
2026-07-27 15:07:37,0,0,0,177,18.821,71.943
2026-07-27 15:12:37,0,0,0,138,17.905,74.257
2026-07-27 15:17:38,0,0,0,148,17.849,74.97
2026-07-27 15:22:38,0,0,0,245,18.474,72.96
2026-07-27 15:27:37,1,2,0,275,18.506,72.557
2026-07-27 15:32:37,0,0,0,181,17.929,74.638
2026-07-27 15:37:38,0,0,0,204,17.785,74.995
2026-07-27 15:42:37,1,1,0,264,18.249,74.013
2026-07-27 15:47:38,1,1,0,361,18.065,74.39
2026-07-27 15:52:37,0,0,0,213,17.758,73.971
2026-07-27 15:57:38,1,1,0,208,18.18,73.919
2026-07-27 16:03:52,1,1,0,175,17.379,76.099
2026-07-27 16:07:38,0,0,0,339,17.737,76.156
2026-07-27 16:12:38,0,1,0,266,17.657,76.006
2026-07-27 16:17:38,2,2,0,235,17.221,77.41
2026-07-27 16:22:38,4,4,0,273,17.571,76.864
2026-07-27 16:27:38,1,1,0,220,16.711,78.779
2026-07-27 16:32:38,1,1,0,188,16.434,79.956
2026-07-27 16:37:38,1,1,0,278,17.104,78.239
2026-07-27 16:42:39,5,5,0,343,16.671,79.721
2026-07-27 16:47:38,6,6,0,297,16.599,79.607
2026-07-27 16:52:39,2,2,0,299,16.623,79.908
2026-07-27 16:57:39,2,2,0,271,16.487,81.181
2026-07-27 17:02:38,3,3,0,302,16.682,80.004
2026-07-27 17:07:39,1,1,0,255,15.822,82.657
2026-07-27 17:12:39,1,1,0,226,15.849,83
2026-07-27 17:17:39,2,2,0,280,15.771,83.727
2026-07-27 17:22:39,0,0,0,341,16.068,82.901
2026-07-27 17:27:39,0,0,0,384,15.964,82.947
2026-07-27 17:32:39,0,0,0,346,16.044,82.75
2026-07-27 17:37:39,1,1,0,385,15.83,83.067
2026-07-27 17:42:39,4,5,0,713,15.851,83.384
2026-07-27 17:47:39,8,9,0,541,15.98,82.581
2026-07-27 17:52:39,3,3,0,420,15.9,83.069
2026-07-27 17:57:39,17,17,0,357,15.496,84.581
2026-07-27 18:02:39,0,0,0,363,15.446,85.039
2026-07-27 18:07:39,8,8,0,715,15.851,83.49
2026-07-27 18:12:39,2,2,0,410,15.814,83.055
2026-07-27 18:17:39,0,0,0,381,15.603,83.538
2026-07-27 18:22:39,16,17,0,671,15.149,85.312
2026-07-27 18:27:39,4,4,0,351,15.088,85.876
2026-07-27 18:32:39,2,3,0,272,14.781,86.607
2026-07-27 18:37:39,0,0,0,271,14.564,87.334
2026-07-27 18:42:39,1,1,0,252,14.957,85.674
2026-07-27 18:47:39,0,0,0,202,14.738,86.447
2026-07-27 18:52:39,1,2,0,440,14.936,85.978
2026-07-27 18:57:39,3,3,0,292,14.602,86.733
2026-07-27 19:02:39,0,0,0,237,14.492,87.559
2026-07-27 19:07:40,0,0,0,307,14.42,86.781
2026-07-27 19:12:40,1,1,0,539,14.722,86.073
2026-07-27 19:17:40,2,2,0,330,14.562,86.491
2026-07-27 19:22:40,3,4,0,402,14.855,85.409
2026-07-27 19:27:40,0,0,0,172,14.367,85.945
2026-07-27 19:32:40,0,0,0,124,14.482,85.743
2026-07-27 19:37:40,18,18,0,385,14.586,85.848
2026-07-27 19:42:40,5,6,0,340,14.49,86.397
2026-07-27 19:47:40,1,2,0,225,14.623,85.501
2026-07-27 19:52:40,0,1,0,124,14.319,86.422
2026-07-27 19:57:40,2,2,0,224,14.591,85.321
2026-07-27 20:02:40,4,5,0,124,14.201,86.134
2026-07-27 20:07:40,0,0,0,73,14.044,86.227
2026-07-27 20:12:40,39,49,0,149,14.041,86.117
2026-07-27 20:17:40,7,7,0,69,14.249,85.207
2026-07-27 20:22:40,14,15,0,99,13.918,86.544
2026-07-27 20:27:40,6,6,0,88,14.166,85.613
2026-07-27 20:32:40,4,4,0,57,14.028,86.079
2026-07-27 20:37:40,3,3,0,60,13.785,86.756
2026-07-27 20:42:40,4,4,0,97,13.798,86.531
2026-07-27 20:47:40,0,2,0,30,13.966,85.894
2026-07-27 20:52:40,0,0,0,9,13.771,85.14
2026-07-27 20:57:40,0,0,0,0,13.729,84.74
2026-07-27 21:02:40,0,0,0,0,13.707,84.606
2026-07-27 21:07:40,0,2,0,9,13.886,84.124
2026-07-27 21:12:40,0,0,0,0,13.846,83.441
2026-07-27 21:17:40,0,0,0,0,13.875,82.8
2026-07-27 21:22:41,2,2,0,0,13.827,82.706
2026-07-27 21:27:41,9,14,0,0,13.475,84.309
2026-07-27 21:32:41,2,2,0,0,13.817,82.989
2026-07-27 21:37:41,0,1,0,0,13.817,83.17
2026-07-27 21:42:40,0,0,0,0,13.891,83.059
2026-07-27 21:47:40,1,1,0,16,13.707,84.087
2026-07-27 21:52:40,0,1,0,44,13.875,84.196
2026-07-27 21:57:41,1,1,0,48,13.523,85.669
2026-07-27 22:02:41,0,0,0,0,13.315,85.11
2026-07-27 22:07:41,0,0,0,0,13.63,84.064
2026-07-27 22:12:42,0,0,0,56,13.635,84.261
2026-07-27 22:17:41,0,0,0,36,13.819,83.065
2026-07-27 22:22:42,0,2,0,31,13.769,82.699
2026-07-27 22:27:41,0,0,0,0,13.453,83.038
2026-07-27 22:32:42,0,0,0,0,13.555,82.569
2026-07-27 22:37:41,0,0,0,0,13.846,80.887
2026-07-27 22:42:42,0,0,0,0,13.798,81.675
2026-07-27 22:47:42,0,0,0,0,13.603,82.01
2026-07-27 22:52:42,0,0,0,0,13.664,81.518
2026-07-27 22:57:42,0,0,0,0,13.464,81.642
2026-07-27 23:02:42,0,0,0,0,13.429,81.602
2026-07-27 23:07:41,0,0,0,0,13.371,81.713
2026-07-27 23:12:42,19,20,0,0,13.376,81.947
2026-07-27 23:17:41,8,10,0,0,13.363,82.678
2026-07-27 23:22:42,2,3,0,4,13.376,82.741
2026-07-27 23:27:42,0,0,0,0,13.251,83.437
2026-07-27 23:32:42,13,17,0,0,13.288,83.315
2026-07-27 23:37:42,14,15,0,0,13.309,83.137
2026-07-27 23:42:42,1,2,0,0,13.267,82.821
2026-07-27 23:47:42,0,0,0,0,13.309,82.815
2026-07-27 23:52:42,0,0,0,0,13.384,82.357
2026-07-27 23:57:42,0,0,0,0,13.141,82.457
2026-07-28 00:02:42,0,0,0,0,13.192,81.938
2026-07-28 00:07:42,0,0,0,0,13.448,81.652
2026-07-28 00:12:42,0,0,0,0,13.069,82.891
2026-07-28 00:17:42,0,0,0,0,13.28,82.367
2026-07-28 00:22:42,0,0,0,0,13.082,83.853
2026-07-28 00:27:42,0,0,0,0,13.037,82.499
2026-07-28 00:32:42,0,0,0,0,13.403,81.518
2026-07-28 00:37:42,0,0,0,0,13.165,81.661
2026-07-28 00:42:42,0,0,0,0,13.264,82.075
2026-07-28 00:47:42,0,0,0,0,13.072,82.308
2026-07-28 00:52:42,0,0,0,0,13.301,81.629
2026-07-28 00:57:42,0,0,0,0,13.122,82.472
2026-07-28 01:02:42,0,0,0,0,13.237,82.205
2026-07-28 01:07:43,0,0,0,0,13.122,82.693
2026-07-28 01:12:43,0,0,0,0,13.128,81.81
2026-07-28 01:17:43,0,0,0,0,13.17,81.711
2026-07-28 01:22:43,0,0,0,0,13.491,81.31
2026-07-28 01:27:43,0,0,0,0,13.632,80.152
2026-07-28 01:32:43,0,0,0,0,13.638,80.082
2026-07-28 01:37:43,0,0,0,4,13.827,79.206
2026-07-28 01:42:44,0,0,0,0,13.552,79.645
2026-07-28 01:47:43,0,0,0,0,13.779,79.346
2026-07-28 01:52:43,0,0,0,33,14.044,78.504
2026-07-28 01:57:43,0,0,0,48,14.172,77.764
2026-07-28 02:02:43,0,0,0,0,13.793,79.01
2026-07-28 02:07:43,0,0,0,179,13.988,78.962
2026-07-28 02:12:43,0,0,0,112,13.798,79.866
2026-07-28 02:17:44,0,0,0,187,13.662,81.211
2026-07-28 02:22:44,0,0,0,159,13.64,81.373
2026-07-28 02:27:44,0,0,0,199,13.656,81.795
2026-07-28 02:32:43,0,0,0,158,13.635,81.577
2026-07-28 02:37:44,0,0,0,127,13.798,81.335
2026-07-28 02:42:44,1,2,0,195,13.883,81.884
2026-07-28 02:47:43,1,2,0,276,13.75,83.179
2026-07-28 02:52:44,4,4,0,392,13.801,84.278
2026-07-28 02:57:44,5,5,0,364,13.51,86.008
2026-07-28 03:03:32,4,4,0,437,13.55,85.213
2026-07-28 03:08:34,2,2,0,379,13.486,85.537
2026-07-28 03:13:32,2,2,0,391,13.114,87.397
2026-07-28 03:18:33,1,1,0,334,13.173,86.786
2026-07-28 03:23:33,0,1,0,335,12.973,87.734
2026-07-28 03:28:33,1,3,0,133,13.005,86.424
2026-07-28 03:33:34,0,0,0,179,12.959,87.442
2026-07-28 03:38:33,0,0,0,190,13.165,86.723
2026-07-28 03:43:33,0,0,0,345,12.941,88.081
2026-07-28 03:48:32,0,0,0,299,13.021,87.698
2026-07-28 03:53:33,0,0,0,289,13.069,87.36
2026-07-28 03:58:33,0,0,0,337,12.81,89.256
2026-07-28 04:03:33,0,0,0,172,12.754,87.284
2026-07-28 04:08:33,0,0,0,201,12.794,88.064
2026-07-28 04:13:33,0,0,0,170,12.799,87.694
2026-07-28 04:18:33,0,0,0,187,12.834,87.446
2026-07-28 04:23:33,0,0,0,190,12.959,86.735
2026-07-28 04:28:33,0,0,0,247,12.823,87.412
2026-07-28 04:33:33,0,0,0,112,12.431,87.753
2026-07-28 04:38:33,0,0,0,166,12.441,88.278
2026-07-28 04:43:33,0,0,0,226,12.441,88.219
2026-07-28 04:48:33,0,0,0,236,12.204,89.569
2026-07-28 04:53:33,0,1,0,256,12.276,89.235
2026-07-28 04:58:33,0,0,0,183,12.391,88.074
2026-07-28 05:03:33,0,0,0,121,12.439,87.048
2026-07-28 05:08:33,0,0,0,56,12.423,86.477
2026-07-28 05:13:34,0,0,0,175,12.652,86.515
2026-07-28 05:18:34,0,0,0,219,12.652,87.225
2026-07-28 05:23:33,0,0,0,304,12.676,86.998
2026-07-28 05:28:33,0,0,0,302,12.687,87.221
2026-07-28 05:33:33,0,0,0,324,12.46,88.274
2026-07-28 05:38:33,1,1,0,336,12.03,90.511
2026-07-28 05:43:34,0,0,0,306,12.375,88.965
2026-07-28 05:48:36,1,1,0,420,12.38,89.094
2026-07-28 05:53:33,0,1,0,403,12.58,87.883
2026-07-28 05:58:33,0,0,0,415,12.404,88.621
2026-07-28 06:03:34,0,0,0,466,12.273,89.191
2026-07-28 06:08:34,0,0,0,311,12.481,87.408
2026-07-28 06:13:34,0,0,0,382,12.332,89.203
2026-07-28 06:18:34,0,0,0,600,12.54,88.434
2026-07-28 06:23:34,0,0,0,601,12.393,89.003
2026-07-28 06:28:34,0,1,0,410,12.327,89.022
2026-07-28 06:33:34,0,0,0,502,12.465,88.633
2026-07-28 06:38:34,0,0,0,482,12.417,88.64
2026-07-28 06:43:34,1,1,0,536,12.265,89.245
2026-07-28 06:48:34,0,0,0,497,12.361,88.654
2026-07-28 06:53:34,0,0,0,397,12.081,89.283
2026-07-28 06:58:34,0,1,0,424,12.292,88.669
2026-07-28 07:03:34,0,0,0,363,12.006,89.68
2026-07-28 07:08:34,0,0,0,288,12.052,89.617
2026-07-28 07:13:35,2,2,0,637,12.356,88.863
2026-07-28 07:18:35,6,6,0,556,11.95,90.441
2026-07-28 07:23:34,8,8,0,662,11.99,90.189
2026-07-28 07:28:35,6,6,0,562,11.939,90.38
2026-07-28 07:33:34,3,5,0,340,11.883,89.932
2026-07-28 07:38:34,0,1,0,276,11.99,88.924
2026-07-28 07:43:35,1,1,0,206,11.841,88.68
2026-07-28 07:48:35,1,1,0,144,11.777,88.039
2026-07-28 07:53:34,0,0,0,166,12.033,86.931
2026-07-28 07:58:35,0,0,0,218,12.081,86.836
2026-07-28 08:03:34,6,6,0,518,12.142,87.874
2026-07-28 08:08:35,0,0,0,700,12.263,87.242
2026-07-28 08:13:34,0,0,0,437,12.535,85.547
2026-07-28 08:18:35,1,1,0,735,12.503,86.828
2026-07-28 08:23:35,36,38,0,688,12.666,85.474
2026-07-28 08:28:35,5,6,0,597,12.49,86.609
2026-07-28 08:33:35,7,9,0,705,12.631,86.88
2026-07-28 08:38:35,43,50,0,675,12.714,86.599
2026-07-28 08:43:35,43,51,0,673,12.834,86.664
2026-07-28 08:48:35,33,39,0,608,12.783,86.153
2026-07-28 08:53:35,39,45,0,572,12.906,85.8
2026-07-28 08:58:35,35,39,0,572,13.104,85.194
2026-07-28 09:03:36,31,31,0,1054,13.24,85.543
2026-07-28 09:08:36,6,7,0,477,13.202,85.974
2026-07-28 09:13:36,7,8,0,551,13.579,85.703
2026-07-28 09:18:36,7,8,0,581,13.518,85.094
2026-07-28 09:23:36,9,9,0,489,13.803,84.433
2026-07-28 09:28:36,14,18,0,479,13.782,83.452
2026-07-28 09:33:36,13,16,0,485,13.931,83.748
2026-07-28 09:38:36,8,9,0,510,14.158,84.175
2026-07-28 09:43:36,7,7,0,427,14.364,82.066
2026-07-28 09:48:36,5,5,0,387,14.746,80.095
2026-07-28 09:53:36,6,7,0,396,14.532,80.072
2026-07-28 09:58:36,3,4,0,363,14.773,80.73
2026-07-28 10:03:36,3,4,0,364,14.543,81.608
2026-07-28 10:08:36,1,1,0,328,14.677,78.796
2026-07-28 10:13:36,1,1,0,287,14.847,78.863
2026-07-28 10:18:36,3,3,0,324,15.299,78.415
2026-07-28 10:23:37,2,2,0,376,14.89,79.796
2026-07-28 10:28:36,0,1,0,181,15.077,78.586
2026-07-28 10:33:36,4,4,0,180,14.751,79.834
2026-07-28 10:38:36,8,8,0,248,15.325,77.366
2026-07-28 10:43:37,2,3,0,120,14.727,78.073
2026-07-28 10:48:36,2,2,0,202,15.942,74.203
2026-07-28 10:53:36,0,1,0,107,16.089,72.828
2026-07-28 10:58:36,0,0,0,39,16.311,70.066
2026-07-28 11:03:36,0,0,0,14,16.02,71.359
2026-07-28 11:08:36,0,0,0,74,15.956,72.05
2026-07-28 11:13:37,0,1,0,78,16.292,69.647
2026-07-28 11:18:36,0,1,0,4,17.032,67.167
2026-07-28 11:23:37,0,0,0,12,17.104,68.016
2026-07-28 11:28:36,8,9,0,49,17.534,66.463
2026-07-28 11:33:36,0,1,0,19,16.177,69.021
2026-07-28 11:38:36,0,1,0,0,16.129,69.998
2026-07-28 11:43:37,3,3,0,37,17,68.561
2026-07-28 11:48:36,0,0,0,0,16.423,68.13
2026-07-28 11:53:37,4,4,0,0,16.711,70.043
2026-07-28 11:58:36,4,4,0,34,16.431,68.596
2026-07-28 12:03:37,2,2,0,12,17.368,66.826
2026-07-28 12:08:37,1,2,0,5,16.815,68.166
2026-07-28 12:13:37,0,0,0,0,16.61,67.31
2026-07-28 12:18:37,0,0,0,12,16.637,67.491
2026-07-28 12:23:37,1,2,0,0,16.348,66.766
2026-07-28 12:28:37,1,1,0,2,17.232,66.955
2026-07-28 12:33:37,1,1,0,92,17.408,66.911
2026-07-28 12:38:37,1,1,0,0,16.791,67.922
2026-07-28 12:43:38,0,0,0,0,16.97,67.192
2026-07-28 12:48:37,0,0,0,3,16.925,68.836
2026-07-28 12:53:37,0,0,0,0,16.399,70.234
2026-07-28 12:58:38,1,2,0,17,17.157,68.042
2026-07-28 13:03:38,0,0,0,15,16.815,68.474
2026-07-28 13:08:37,0,0,0,0,16.508,68.87
2026-07-28 13:13:38,1,1,0,3,17.034,68.008
2026-07-28 13:18:38,0,0,0,0,16.711,69.069
2026-07-28 13:23:38,0,0,0,0,16.738,68.502
2026-07-28 13:28:38,0,3,0,0,17.988,64.258
2026-07-28 13:33:37,0,0,0,0,16.38,68.846
2026-07-28 13:38:38,1,1,0,0,17.635,66.868
2026-07-28 13:43:37,3,3,0,0,17.229,66.614
2026-07-28 13:48:38,0,0,0,0,16.522,69.294
2026-07-28 13:53:38,35,40,0,53,18.025,65.92
2026-07-28 13:58:38,4,4,0,73,17.069,68.06
2026-07-28 14:03:38,0,0,0,20,17.384,67.262
2026-07-28 14:08:38,3,3,0,24,17.029,68.977
2026-07-28 14:13:38,0,2,0,30,16.896,69.216
2026-07-28 14:18:38,0,0,0,39,16.775,68.578
2026-07-28 14:23:38,2,2,0,0,16.394,69.443
2026-07-28 14:28:38,20,24,0,31,16.909,69.42
2026-07-28 14:33:38,0,1,0,0,16.484,69.82
2026-07-28 14:38:38,3,4,0,78,17.157,69.902
2026-07-28 14:43:38,2,2,0,34,16.484,70.41
2026-07-28 14:48:38,4,4,0,33,15.942,71.674
2026-07-28 14:53:38,1,2,0,0,15.587,72.197
2026-07-28 14:58:38,6,6,0,43,16.108,71.857
2026-07-28 15:03:39,8,8,0,97,16.599,70.915
2026-07-28 15:08:38,2,2,0,56,16.588,70.028
2026-07-28 15:13:39,2,2,0,18,16.687,69.782
2026-07-28 15:18:39,8,8,0,56,16.786,69.877
2026-07-28 15:23:39,2,2,0,32,16.447,70.066
2026-07-28 15:28:39,1,1,0,31,16.952,69.66
2026-07-28 15:33:39,1,1,0,55,16.954,70.587
2026-07-28 15:38:39,2,2,0,61,17.069,68.086
2026-07-28 15:43:39,6,6,0,24,17.058,68.949
2026-07-28 15:48:39,2,2,0,144,16.813,69.654
2026-07-28 15:53:39,3,3,0,50,17.486,67.541
2026-07-28 15:58:39,1,2,0,70,18.062,65.429
2026-07-28 16:04:05,4,5,0,12,18.116,65.654
2026-07-28 16:08:39,5,5,0,8,17.795,66.206
2026-07-28 16:13:39,4,5,0,72,17.566,66.311
2026-07-28 16:18:39,13,14,0,7,16.834,68.868
2026-07-28 16:23:39,32,39,0,55,17.008,68.018
2026-07-28 16:28:40,12,13,0,198,17.32,67.962
2026-07-28 16:33:39,1,1,0,143,17.379,67.888
2026-07-28 16:38:39,1,1,0,253,17.096,68.058
2026-07-28 16:43:39,13,14,0,209,17.531,67.285
2026-07-28 16:48:39,18,19,0,127,17.259,68.578
2026-07-28 16:53:39,4,6,0,169,16.722,70.15
2026-07-28 16:58:40,4,4,0,147,17.285,67.594
2026-07-28 17:03:39,3,5,0,108,17.358,69.263
2026-07-28 17:08:40,1,3,0,196,16.586,71.184
2026-07-28 17:13:40,2,2,0,235,16.735,71.533
2026-07-28 17:18:40,2,3,0,207,16.057,73.725
2026-07-28 17:23:40,2,2,0,256,15.787,74.76
2026-07-28 17:28:40,4,4,0,230,15.721,74.203
2026-07-28 17:33:40,1,1,0,200,15.63,74.634
2026-07-28 17:38:39,20,20,0,1195,15.467,76.458
2026-07-28 17:43:40,27,29,0,752,15.203,76.311
2026-07-28 17:48:40,19,19,0,607,14.885,77.091
2026-07-28 17:53:40,8,8,0,466,14.781,77.766
2026-07-28 17:58:40,42,51,0,804,14.327,79.769
2026-07-28 18:03:41,15,16,0,667,14.089,79.697
2026-07-28 18:08:41,7,9,0,440,13.638,81.406
2026-07-28 18:13:41,5,5,0,326,13.64,81.064
2026-07-28 18:18:40,2,2,0,312,13.365,82.367
2026-07-28 18:23:41,2,2,0,196,13.085,82.415
2026-07-28 18:28:40,19,21,0,276,13.128,82.436
2026-07-28 18:33:41,28,31,0,255,13.144,82.17
2026-07-28 18:38:41,14,20,0,191,13.186,81.718
2026-07-28 18:43:40,8,9,0,158,13.032,82.296
2026-07-28 18:48:41,8,8,0,230,12.807,83.2
2026-07-28 18:53:41,7,10,0,195,12.644,83.673
2026-07-28 18:58:41,9,9,0,205,12.615,83.948
2026-07-28 19:03:40,7,7,0,187,12.716,83.366
2026-07-28 19:08:41,8,10,0,192,12.578,83.719
2026-07-28 19:13:41,9,15,0,202,12.372,84.97
2026-07-28 19:18:41,36,39,0,203,12.447,84.593
2026-07-28 19:23:41,8,8,0,216,12.289,85.098
2026-07-28 19:28:40,6,6,0,176,12.289,84.923
2026-07-28 19:33:41,10,12,0,196,12.327,84.887
2026-07-28 19:38:41,16,21,0,257,12.303,85.094
2026-07-28 19:43:41,5,6,0,258,12.562,84.169
2026-07-28 19:48:41,18,19,0,551,12.263,85.749
2026-07-28 19:53:41,21,24,0,384,12.3,85.699
2026-07-28 19:58:41,19,19,0,397,12.425,85.644
2026-07-28 20:03:41,25,26,0,495,12.308,86.174
2026-07-28 20:08:41,33,33,0,605,12.327,86.082
2026-07-28 20:13:41,9,9,0,409,12.404,85.943
2026-07-28 20:18:41,5,5,0,316,12.337,86.382
2026-07-28 20:23:41,4,5,0,282,12.548,85.516
2026-07-28 20:28:41,7,7,0,305,12.524,85.798
2026-07-28 20:33:41,12,12,0,454,12.711,85.392
2026-07-28 20:38:41,5,5,0,375,12.594,86.157
2026-07-28 20:43:41,4,4,0,340,12.5,86.683
2026-07-28 20:48:42,6,6,0,278,12.73,85.646
2026-07-28 20:53:41,5,5,0,448,12.984,85.096
2026-07-28 20:58:41,44,52,0,744,12.757,85.859
2026-07-28 21:03:42,31,31,0,1144,12.604,86.561
2026-07-28 21:08:42,8,8,0,407,12.519,86.798
2026-07-28 21:13:42,8,10,0,360,12.535,86.58
2026-07-28 21:18:42,8,10,0,450,12.639,86.159
2026-07-28 21:23:42,17,17,0,418,12.247,87.166
2026-07-28 21:28:42,14,17,0,525,12.3,87.107
2026-07-28 21:33:42,15,17,0,529,12.279,87.158
2026-07-28 21:38:42,9,9,0,477,12.18,87.627
2026-07-28 21:43:42,13,13,0,395,11.961,87.866
2026-07-28 21:48:42,12,16,0,343,11.985,87.406
2026-07-28 21:53:42,14,16,0,389,11.886,87.977
2026-07-28 21:58:42,12,12,0,369,12.001,87.431
2026-07-28 22:03:42,14,18,0,411,11.987,87.669
2026-07-28 22:08:42,22,26,0,405,12.222,86.939
2026-07-28 22:13:42,20,21,0,406,11.955,87.978
2026-07-28 22:18:42,14,18,0,419,12.102,87.208
2026-07-28 22:23:43,8,8,0,522,12.052,87.57
2026-07-28 22:28:42,8,10,0,400,11.857,87.887
2026-07-28 22:33:42,9,9,0,374,11.782,88.501
2026-07-28 22:38:43,12,13,0,392,11.509,89.645
2026-07-28 22:43:42,9,9,0,277,11.643,89.144
2026-07-28 22:48:42,4,4,0,300,11.728,88.684
2026-07-28 22:53:42,7,7,0,345,11.574,89.031
2026-07-28 22:58:43,6,7,0,315,11.566,89.188
2026-07-28 23:03:42,5,8,0,345,11.435,89.733
2026-07-28 23:08:43,6,6,0,380,11.579,89.119
2026-07-28 23:13:42,9,9,0,559,11.937,87.994
2026-07-28 23:18:43,9,10,0,512,12.014,87.147
2026-07-28 23:23:43,12,14,0,532,11.929,87.463
2026-07-28 23:28:42,25,25,0,622,11.899,87.437
2026-07-28 23:33:42,13,14,0,764,11.822,88.276
2026-07-28 23:38:42,21,22,0,675,11.584,88.963
2026-07-28 23:43:43,21,22,0,552,11.528,89.575
2026-07-28 23:48:43,20,23,0,514,11.688,88.785
2026-07-28 23:53:43,7,7,0,486,11.758,88.35
2026-07-28 23:58:42,2,3,0,462,11.814,87.721
2026-07-29 00:03:44,5,5,0,794,11.67,87.864
2026-07-29 00:08:44,25,26,0,667,11.421,88.825
2026-07-29 00:13:44,34,37,0,576,11.408,89.439
2026-07-29 00:18:43,4,4,0,383,11.266,89.766
2026-07-29 00:23:44,1,2,0,434,11.485,88.667
2026-07-29 00:28:44,4,5,0,411,11.518,88.739
2026-07-29 00:33:44,3,3,0,412,11.707,87.988
2026-07-29 00:38:44,2,3,0,449,11.475,88.68
2026-07-29 00:43:46,2,3,0,371,11.28,89.562
2026-07-29 00:48:44,3,3,0,438,11.312,89.338
2026-07-29 00:53:44,1,1,0,351,11.469,88.77
2026-07-29 00:58:43,2,4,0,409,11.493,88.795
2026-07-29 01:03:44,2,2,0,422,11.448,88.915
2026-07-29 01:08:44,2,2,0,361,11.368,89.047
2026-07-29 01:13:44,18,18,0,581,11.299,89.325
2026-07-29 01:18:44,3,3,0,446,11.371,89.138
2026-07-29 01:23:44,2,3,0,529,11.48,88.417
2026-07-29 01:28:44,3,3,0,372,11.066,90.933
2026-07-29 01:33:44,2,3,0,309,11.146,90.87
2026-07-29 01:38:45,2,3,0,280,11.082,90.893
2026-07-29 01:43:44,3,3,0,269,11.349,89.737
2026-07-29 01:48:44,2,2,0,371,11.288,89.899
2026-07-29 01:53:44,0,0,0,324,11.266,89.787
2026-07-29 01:58:44,10,10,0,417,11.405,89.588
2026-07-29 02:03:44,6,7,0,468,11.696,87.944
2026-07-29 02:08:44,9,9,0,566,11.769,87.996
2026-07-29 02:13:44,3,3,0,532,11.75,87.721
2026-07-29 02:18:45,1,2,0,502,11.771,87.894
2026-07-29 02:23:44,4,5,0,502,11.542,88.636
2026-07-29 02:28:44,5,5,0,475,11.173,90.412
2026-07-29 02:33:45,4,4,0,491,11.499,89.233
2026-07-29 02:38:44,2,2,0,498,11.542,88.512
2026-07-29 02:43:45,3,3,0,493,11.288,89.638
2026-07-29 02:48:44,3,3,0,452,11.242,89.638
2026-07-29 02:53:44,8,9,0,473,11.253,89.644
2026-07-29 02:58:45,4,4,0,420,10.911,91.526
2026-07-29 03:03:45,2,2,0,643,11.045,90.656
2026-07-29 03:08:45,2,3,0,411,11.04,90.719
2026-07-29 03:13:45,3,3,0,364,11.405,89.333
2026-07-29 03:18:45,2,2,0,488,11.485,88.553
2026-07-29 03:23:46,4,4,0,466,11.526,88.53
2026-07-29 03:28:45,6,6,0,331,11.459,89.544
2026-07-29 03:33:45,5,5,0,299,11.579,89.399
2026-07-29 03:38:45,5,5,0,319,11.192,90.475
2026-07-29 03:43:46,5,5,0,391,11.614,89.262
2026-07-29 03:48:45,4,4,0,378,11.707,88.566
2026-07-29 03:53:45,6,6,0,496,11.616,88.282
2026-07-29 03:58:46,5,5,0,513,11.432,89.13
2026-07-29 04:03:46,6,6,0,469,11.266,89.558
2026-07-29 04:08:46,8,9,0,518,11.52,88.654
2026-07-29 04:13:45,6,9,0,466,11.28,89.823
2026-07-29 04:18:45,5,6,0,374,11.403,89.579
2026-07-29 04:23:46,6,6,0,464,11.646,88.665
2026-07-29 04:28:45,6,6,0,517,11.712,88.156
2026-07-29 04:33:46,5,5,0,512,11.678,88.249
2026-07-29 04:38:46,5,6,0,464,11.67,88.045
2026-07-29 04:43:46,5,8,0,467,11.296,89.943
2026-07-29 04:48:46,8,8,0,475,11.509,88.749
2026-07-29 04:53:46,9,10,0,461,11.328,89.872
2026-07-29 04:58:47,6,6,0,405,11.411,89.228
2026-07-29 05:03:46,5,7,0,350,11.515,88.924
2026-07-29 05:08:46,6,8,0,401,11.579,88.844
2026-07-29 05:13:45,4,4,0,335,11.285,89.556
2026-07-29 05:18:46,3,5,0,293,11.539,88.419
2026-07-29 05:23:46,4,4,0,298,11.801,87.359
2026-07-29 05:28:46,3,3,0,341,11.381,89.127
2026-07-29 05:33:46,2,3,0,287,11.646,87.734
2026-07-29 05:38:45,3,3,0,367,11.44,89.06
2026-07-29 05:43:46,0,1,0,394,11.624,88.308
2026-07-29 05:48:46,1,2,0,360,11.165,90.18
2026-07-29 05:53:46,1,2,0,424,11.459,88.846
2026-07-29 05:58:46,10,13,0,520,11.526,88.625
2026-07-29 06:03:47,16,18,0,899,11.616,87.959
2026-07-29 06:08:46,12,12,0,549,11.266,89.43
2026-07-29 06:13:47,8,9,0,561,11.405,89.02
2026-07-29 06:18:47,12,13,0,519,11.515,88.636
2026-07-29 06:23:47,13,14,0,514,11.379,89.054
2026-07-29 06:28:47,10,10,0,512,11.542,88.541
2026-07-29 06:33:47,6,6,0,446,11.122,90.416
2026-07-29 06:38:47,9,10,0,468,11.363,89.308
2026-07-29 06:43:47,5,6,0,465,11.197,90.014
2026-07-29 06:48:47,12,14,0,603,11.232,90.015
2026-07-29 06:53:47,19,19,0,636,11.09,90.696
2026-07-29 06:58:47,20,25,0,685,11.061,90.328
2026-07-29 07:03:47,16,20,0,476,11.355,89.441
2026-07-29 07:08:47,20,21,0,656,11.493,89.09
2026-07-29 07:13:47,19,20,0,553,11.568,88.787
2026-07-29 07:18:47,28,30,0,707,11.707,88.217
2026-07-29 07:23:47,18,20,0,532,11.547,89.209
2026-07-29 07:28:47,19,20,0,607,11.507,89.544
2026-07-29 07:33:47,29,33,0,599,11.397,89.449
2026-07-29 07:38:47,16,16,0,442,11.622,88.301
2026-07-29 07:43:47,32,33,0,675,11.563,88.844
2026-07-29 07:48:47,28,29,0,644,11.576,88.812
2026-07-29 07:53:47,36,43,0,776,11.427,89.024
2026-07-29 07:58:47,26,26,0,657,11.606,88.224
2026-07-29 08:03:48,29,32,0,1066,11.528,88.993
2026-07-29 08:08:47,36,40,0,885,11.413,88.844
2026-07-29 08:13:47,38,43,0,785,11.822,87.351
2026-07-29 08:18:47,22,25,0,499,12.174,86.029
2026-07-29 08:23:47,25,25,0,443,12.148,86.269
2026-07-29 08:28:47,25,27,0,430,12.15,85.806
2026-07-29 08:33:47,10,15,0,491,12.431,84.633
2026-07-29 08:38:48,39,42,0,484,12.62,83.675
2026-07-29 08:43:47,28,30,0,513,12.385,84.766
2026-07-29 08:48:48,32,33,0,556,12.07,86.494
2026-07-29 08:53:48,30,34,0,557,12.209,86.132
2026-07-29 08:58:48,36,41,0,579,12.433,85.756
2026-07-29 09:03:48,26,27,0,1067,12.332,85.417
2026-07-29 09:08:48,29,30,0,803,12.538,84.852
2026-07-29 09:13:48,36,41,0,758,12.359,85.575
2026-07-29 09:18:49,53,66,0,1077,12.738,85.117
2026-07-29 09:23:49,40,48,0,813,12.695,86.254
2026-07-29 09:28:48,33,37,0,668,12.375,86.8
2026-07-29 09:33:48,33,35,0,780,12.428,86.363
2026-07-29 09:38:48,35,39,0,715,12.652,86.14
2026-07-29 09:43:48,38,44,0,716,12.922,85.791
2026-07-29 09:48:48,38,42,0,742,12.733,85.829
2026-07-29 09:53:49,39,44,0,835,13.16,84.616
2026-07-29 09:58:49,37,41,0,710,12.615,86.689
2026-07-29 10:03:49,39,46,0,741,13.008,84.841
2026-07-29 10:08:49,38,45,0,706,13.061,84.599
2026-07-29 10:13:49,37,41,0,647,13.304,84.24
2026-07-29 10:18:49,44,51,0,669,13.328,83.86
2026-07-29 10:23:49,33,34,0,585,13.539,82.472
2026-07-29 10:28:49,35,39,0,628,13.504,83.181
2026-07-29 10:33:49,36,39,0,601,13.526,83.181
2026-07-29 10:38:48,32,37,0,691,13.603,83.178
2026-07-29 10:43:49,39,46,0,815,13.491,83.414
2026-07-29 10:48:49,28,29,0,544,13.755,81.179
2026-07-29 10:53:49,32,36,0,699,13.456,84.026
2026-07-29 10:58:49,33,37,0,540,13.502,81.86
2026-07-29 11:03:48,34,38,0,748,13.739,83.155
2026-07-29 11:08:49,34,35,0,652,13.667,82.609
2026-07-29 11:13:48,31,33,0,766,13.152,84.219
2026-07-29 11:18:49,39,45,0,778,13.718,82.926
2026-07-29 11:23:49,35,39,0,735,14.07,82.647
2026-07-29 11:28:49,38,44,0,727,14.084,82.363
2026-07-29 11:33:49,42,50,0,689,13.846,82.481
2026-07-29 11:38:49,43,50,0,739,14.415,80.81
2026-07-29 11:43:49,51,63,0,676,14.612,80.725
2026-07-29 11:48:49,36,42,0,631,14.773,80.986
2026-07-29 11:53:49,34,38,0,534,14.666,79.756
2026-07-29 11:58:49,31,33,0,541,14.981,79.155
2026-07-29 12:03:50,35,38,0,1004,15.173,78.482
2026-07-29 12:08:50,21,21,0,460,15.349,78.712
2026-07-29 12:13:50,11,11,0,375,15.835,75.947
2026-07-29 12:18:50,24,26,0,368,15.787,75.889
2026-07-29 12:23:50,25,26,0,350,16.223,74.945
2026-07-29 12:28:50,23,25,0,357,16.458,74.659
2026-07-29 12:33:50,24,26,0,393,16.327,75.939
2026-07-29 12:38:50,24,24,0,361,16.685,73.891
2026-07-29 12:43:50,25,25,0,353,17.096,74.371
2026-07-29 12:48:50,27,28,0,323,16.602,74.921
2026-07-29 12:53:50,26,26,0,327,17.331,70.806
2026-07-29 12:58:50,27,28,0,302,17.331,70.947
2026-07-29 13:03:50,22,24,0,304,16.962,70.503
2026-07-29 13:08:51,22,24,0,278,17.125,71.075
2026-07-29 13:13:50,20,20,0,358,18.567,68.847
2026-07-29 13:18:51,22,24,0,306,17.988,69.069
2026-07-29 13:23:51,26,27,0,374,18.065,69.91
2026-07-29 13:28:50,22,22,0,290,17.341,70.404
2026-07-29 13:33:50,19,20,0,264,17.259,69.46
2026-07-29 13:38:50,18,18,0,259,17.467,69.792
2026-07-29 13:43:51,23,23,0,254,17.611,68.702
2026-07-29 13:48:50,21,21,0,242,18.153,66.011
2026-07-29 13:53:51,5,5,0,120,18.813,58.811
2026-07-29 13:58:51,5,5,0,208,19.43,62.614
2026-07-29 14:03:50,9,9,0,259,19.504,62.294
2026-07-29 14:08:51,30,34,0,310,19.771,62.975
2026-07-29 14:13:51,18,19,0,267,19.088,63.631
2026-07-29 14:18:50,8,9,0,220,19.82,62.763
2026-07-29 14:23:51,7,7,0,208,19.59,62.198
2026-07-29 14:28:51,14,14,0,195,19.267,61.308
2026-07-29 14:33:51,21,22,0,223,19.793,59.816
2026-07-29 14:38:51,7,8,0,378,20.039,63.547
2026-07-29 14:43:50,23,24,0,284,19.472,64.968
2026-07-29 14:48:51,13,13,0,319,19.112,67.548
2026-07-29 14:53:51,20,20,0,305,18.428,67.392
2026-07-29 14:58:51,17,17,0,283,18.388,68.695
2026-07-29 15:03:52,13,13,0,593,17.753,71.203
2026-07-29 15:08:52,11,13,0,450,18.281,69.587
2026-07-29 15:13:51,11,14,0,404,18.052,70.267
2026-07-29 15:18:51,12,12,0,465,17.822,72.534
2026-07-29 15:23:52,15,19,0,502,17.48,73.795
2026-07-29 15:28:51,14,14,0,511,17.63,72.374
2026-07-29 15:33:51,15,15,0,445,17.833,72.008
2026-07-29 15:38:52,14,16,0,585,17.43,71.487
2026-07-29 15:43:52,11,13,0,332,17.374,69.338
2026-07-29 15:48:52,19,19,0,500,17.689,71.613
2026-07-29 15:53:52,26,27,0,495,17.747,68.975
2026-07-29 15:58:52,23,24,0,785,17.52,69.616
2026-07-29 16:03:52,23,25,0,801,17.868,70.289
2026-07-29 16:08:52,34,39,0,563,17.47,73.271
2026-07-29 16:13:52,14,16,0,394,17.184,70.535
2026-07-29 16:18:52,4,4,0,248,17.47,68.308
2026-07-29 16:23:52,4,4,0,251,18.044,67.104
2026-07-29 16:28:52,4,6,0,209,17.825,66.053
2026-07-29 16:33:52,12,16,0,249,18.177,68.153
2026-07-29 16:38:52,13,14,0,352,18.447,69.917
2026-07-29 16:43:52,10,11,0,456,18.338,73.011
2026-07-29 16:48:52,15,18,0,472,17.876,72.714
2026-07-29 16:53:52,12,12,0,378,18.041,68.878
2026-07-29 16:58:52,9,13,0,345,18.42,67.724
2026-07-29 17:03:52,11,11,0,312,17.988,68.979
2026-07-29 17:08:52,7,7,0,329,17.934,68.3
2026-07-29 17:13:52,7,7,0,194,18.265,63.856
2026-07-29 17:18:52,7,7,0,237,18.354,62.275
2026-07-29 17:23:52,25,27,0,382,18.1,66.391
2026-07-29 17:28:52,13,13,0,267,17.966,66.639
2026-07-29 17:33:52,6,7,0,388,17.673,69.614
2026-07-29 17:38:53,7,9,0,260,17.771,66.816
2026-07-29 17:43:52,6,7,0,283,17.558,67.716
2026-07-29 17:48:52,8,8,0,335,17.448,68.416
2026-07-29 17:53:53,9,9,0,391,17.43,69.174
2026-07-29 17:58:53,8,8,0,260,17.192,67.196
2026-07-29 18:03:53,13,13,0,729,17.064,70.284
2026-07-29 18:08:53,8,11,0,285,17.128,67.964
2026-07-29 18:13:53,11,12,0,385,17.053,66.726
2026-07-29 18:18:54,8,8,0,259,16.989,66.749
2026-07-29 18:23:54,9,12,0,273,17.245,66.456
2026-07-29 18:28:53,5,5,0,151,17.539,63.329
2026-07-29 18:33:54,8,9,0,175,17.435,64.096
2026-07-29 18:38:54,6,6,0,214,17.277,65.729
2026-07-29 18:43:53,11,15,0,229,17.392,65.624
2026-07-29 18:48:54,6,6,0,146,17.229,65.782
2026-07-29 18:53:53,7,7,0,212,16.962,67.173
2026-07-29 18:58:53,5,5,0,328,16.914,67.781
2026-07-29 19:03:54,5,5,0,176,17.123,65.328
2026-07-29 19:08:54,11,11,0,145,17.304,64.336
2026-07-29 19:13:53,13,15,0,171,17.261,64.796
2026-07-29 19:18:54,5,5,0,188,16.97,66.004
2026-07-29 19:23:54,3,3,0,104,17.422,62.191
2026-07-29 19:28:53,13,13,0,246,17.512,62.248
2026-07-29 19:33:53,4,4,0,93,17.635,62.278
2026-07-29 19:38:53,28,29,0,320,17.328,64.249
2026-07-29 19:43:53,27,30,0,457,17.275,65.523
2026-07-29 19:48:54,5,6,0,390,17.155,64.766
2026-07-29 19:53:53,14,17,0,328,16.922,67.833
2026-07-29 19:58:54,42,51,0,599,16.754,68.21
2026-07-29 20:03:54,5,5,0,149,17.307,63.608
2026-07-29 20:08:53,42,49,0,323,16.308,69.105
2026-07-29 20:13:54,36,40,0,434,16.612,68.92
2026-07-29 20:18:54,25,25,0,790,16.305,70.047
2026-07-29 20:23:54,33,36,0,594,16.378,69.99
2026-07-29 20:28:54,17,17,0,349,15.867,70.65
2026-07-29 20:33:54,5,6,0,260,16.017,68.813
2026-07-29 20:38:54,28,28,0,468,15.526,70.312
2026-07-29 20:43:54,3,3,0,349,15.643,72.573
2026-07-29 20:48:54,5,5,0,411,15.574,73.671
2026-07-29 20:53:54,9,9,0,402,15.269,74.203
2026-07-29 20:58:54,13,15,0,423,14.984,76.864
2026-07-29 21:03:55,19,19,0,850,15.2,75.802
2026-07-29 21:08:55,23,25,0,470,15.307,75.134
2026-07-29 21:13:55,21,23,0,480,15.384,75.155
2026-07-29 21:18:55,20,20,0,490,15.52,74.238
2026-07-29 21:23:55,25,25,0,530,15.12,75.964
2026-07-29 21:28:55,26,29,0,708,15.093,76.403
2026-07-29 21:33:55,18,19,0,447,14.81,77.204
2026-07-29 21:38:55,25,27,0,515,14.821,77.051
2026-07-29 21:43:55,9,12,0,435,14.602,78.394
2026-07-29 21:48:56,9,9,0,427,14.463,78.466
2026-07-29 21:53:55,11,13,0,464,14.984,76.401
2026-07-29 21:58:55,25,26,0,553,14.695,78.621
2026-07-29 22:03:55,31,31,0,610,14.612,78.527
2026-07-29 22:08:55,34,36,0,613,14.423,79.389
2026-07-29 22:13:55,24,27,0,500,14.474,77.749
2026-07-29 22:18:55,18,19,0,340,14.105,78.319
2026-07-29 22:23:55,21,21,0,382,14.207,78.434
2026-07-29 22:28:55,26,27,0,390,14.169,78.857
2026-07-29 22:33:55,17,19,0,414,14.337,78.974
2026-07-29 22:38:55,16,19,0,377,13.883,80.383
2026-07-29 22:43:55,12,14,0,390,14.086,79.99
2026-07-29 22:48:55,9,14,0,397,13.843,80.45
2026-07-29 22:53:55,15,16,0,327,13.883,79.752
2026-07-29 22:58:55,16,17,0,389,13.939,80.156
2026-07-29 23:03:55,17,18,0,379,13.544,81.554
2026-07-29 23:08:55,13,13,0,351,13.432,81.751
2026-07-29 23:13:55,13,13,0,290,13.582,80.391
2026-07-29 23:18:55,8,8,0,272,13.614,79.615
2026-07-29 23:23:55,8,8,0,306,13.373,80.187
2026-07-29 23:28:55,13,16,0,337,13.125,81.781
2026-07-29 23:33:55,19,22,0,374,13.01,82.006
2026-07-29 23:38:55,19,20,0,366,13.064,81.375
2026-07-29 23:43:55,13,16,0,385,12.679,83.017
2026-07-29 23:48:55,13,14,0,392,12.5,83.666
2026-07-29 23:53:55,15,16,0,380,12.126,84.787
2026-07-29 23:58:55,27,29,0,573,11.958,85.096
2026-07-30 00:03:56,17,20,0,749,11.937,84.866
2026-07-30 00:08:56,13,16,0,393,11.707,86.267
2026-07-30 00:13:56,21,24,0,432,11.416,86.485
2026-07-30 00:18:56,26,26,0,415,11.373,86.823
2026-07-30 00:23:57,22,24,0,443,11.461,85.663
2026-07-30 00:28:57,26,29,0,627,11.245,86.559
2026-07-30 00:33:57,25,29,0,464,11.152,86.517
2026-07-30 00:38:56,25,26,0,478,11.176,87.286
2026-07-30 00:43:57,22,25,0,414,11.015,88.047
2026-07-30 00:48:56,16,18,0,382,11.17,86.788
2026-07-30 00:53:56,10,13,0,380,11.093,86.336
2026-07-30 00:58:57,10,10,0,403,10.951,86.763
2026-07-30 01:03:56,12,12,0,453,10.634,88.221
2026-07-30 01:08:57,9,9,0,379,10.57,88.463
2026-07-30 01:13:56,8,9,0,352,10.554,89.439
2026-07-30 01:18:57,10,10,0,428,10.521,88.131
2026-07-30 01:23:57,10,10,0,437,10.324,88.709
2026-07-30 01:28:57,9,9,0,396,10.153,90.328
2026-07-30 01:33:56,12,12,0,401,10.252,90.317
2026-07-30 01:38:56,6,8,0,425,10.303,89.787
2026-07-30 01:43:56,8,8,0,332,10.468,89.363
2026-07-30 01:48:57,7,8,0,366,10.26,89.893
2026-07-30 01:53:56,8,9,0,378,10.343,90.044
2026-07-30 01:58:57,7,7,0,355,10.257,89.342
2026-07-30 02:03:57,9,9,0,408,10.286,89.745
2026-07-30 02:08:57,8,8,0,360,10.516,88.522
2026-07-30 02:13:57,9,10,0,368,10.377,88.333
2026-07-30 02:18:56,9,9,0,452,10.23,87.858
2026-07-30 02:23:57,9,10,0,491,10.158,88.305
2026-07-30 02:28:57,9,10,0,476,10.078,89.109
2026-07-30 02:33:57,12,12,0,392,10.068,91.072
2026-07-30 02:38:58,14,15,0,398,10.108,89.485
2026-07-30 02:43:57,10,12,0,389,9.955,90.347
2026-07-30 02:48:57,18,21,0,422,9.923,88.484
2026-07-30 02:53:57,9,10,0,381,9.64,89.373
2026-07-30 02:58:57,14,16,0,422,9.715,88.869
2026-07-30 03:03:58,17,21,0,828,9.331,91.778
2026-07-30 03:08:58,10,16,0,468,9.32,91.992
2026-07-30 03:13:58,18,20,0,461,9.584,91.761
2026-07-30 03:18:58,16,19,0,456,9.501,91.37
2026-07-30 03:23:58,14,14,0,404,9.587,90.91
2026-07-30 03:28:58,17,17,0,444,9.421,91.412
2026-07-30 03:33:58,13,15,0,403,9.387,91.396
2026-07-30 03:38:58,17,21,0,442,9.435,90.952
2026-07-30 03:43:58,15,16,0,433,9.523,90.26
2026-07-30 03:48:58,13,15,0,463,9.376,88.808
2026-07-30 03:53:58,15,15,0,480,9.331,88.993
2026-07-30 03:58:58,21,22,0,464,9.387,91.559
2026-07-30 04:03:58,19,21,0,484,9.141,91.114
2026-07-30 04:09:01,15,16,0,459,9.21,91.036
2026-07-30 04:13:58,18,20,0,456,9.101,91.19
2026-07-30 04:18:58,14,16,0,439,9.09,92.318
2026-07-30 04:23:58,13,14,0,452,8.679,93.798
2026-07-30 04:28:59,14,18,0,407,9.096,92.863
2026-07-30 04:33:59,16,20,0,400,9.459,91.095
2026-07-30 04:38:58,19,19,0,379,9.707,90.361
2026-07-30 04:43:58,15,18,0,380,10.166,88.034
2026-07-30 04:48:58,15,15,0,350,10.399,86.163
2026-07-30 04:53:59,18,21,0,353,11.192,86.462
2026-07-30 04:58:58,23,26,0,451,10.73,85.976
2026-07-30 05:03:59,16,17,0,443,10.377,87.156
2026-07-30 05:08:58,14,14,0,403,10.292,87.088
2026-07-30 05:13:59,14,14,0,413,10.003,89.047
2026-07-30 05:18:58,15,20,0,390,10.196,89.777
2026-07-30 05:23:59,16,17,0,411,9.993,89.443
2026-07-30 05:28:58,17,19,0,402,9.942,90.63
2026-07-30 05:33:58,7,9,0,398,9.694,90.407
2026-07-30 05:38:59,13,19,0,354,10.895,86.561
2026-07-30 05:43:58,14,16,0,337,10.746,89.052
2026-07-30 05:48:59,10,10,0,338,10.519,88.066
2026-07-30 05:53:59,9,9,0,312,10.412,89.249
2026-07-30 05:58:59,8,9,0,359,10.383,88.07
2026-07-30 06:03:59,8,10,0,658,10.078,87.446
2026-07-30 06:08:59,8,8,0,448,9.939,88.314
2026-07-30 06:14:00,9,15,0,459,9.958,89.724
2026-07-30 06:18:59,16,17,0,489,9.768,90.893
2026-07-30 06:24:00,8,10,0,425,9.571,92.32
2026-07-30 06:29:00,8,9,0,599,9.549,88.959
2026-07-30 06:33:59,8,8,0,423,9.125,90.973
2026-07-30 06:38:59,7,8,0,476,8.981,89.483
2026-07-30 06:44:00,9,10,0,487,8.807,91.206
2026-07-30 06:48:59,7,9,0,430,8.569,92.8
2026-07-30 06:53:59,8,8,0,479,8.428,92.093
2026-07-30 06:58:59,7,7,0,445,8.18,92.291
2026-07-30 07:03:59,10,10,0,475,8.26,92.999
2026-07-30 07:08:59,15,19,0,487,8.196,92.939
2026-07-30 07:14:00,13,17,0,478,8.15,95.047
2026-07-30 07:19:00,10,13,0,472,8.484,94.954
2026-07-30 07:24:00,8,8,0,508,8.102,93.201
2026-07-30 07:29:00,9,9,0,480,8.102,93.92
2026-07-30 07:34:00,26,28,0,529,7.926,94.151
2026-07-30 07:39:00,26,26,0,420,8.337,93.62
2026-07-30 07:44:00,30,33,0,619,8.281,89.941
2026-07-30 07:49:00,29,29,0,677,7.886,89.705
2026-07-30 07:54:00,28,29,0,671,7.843,89.72
2026-07-30 07:58:59,34,35,0,629,7.851,92.028
2026-07-30 08:04:00,23,27,0,577,7.902,92.951
2026-07-30 08:09:00,18,22,0,552,7.99,92.19
2026-07-30 08:13:59,14,19,0,454,8.022,93.851
2026-07-30 08:19:00,17,18,0,387,8.289,95.051
2026-07-30 08:24:00,21,23,0,428,8.481,93.266
2026-07-30 08:29:00,16,17,0,504,8.487,90.83
2026-07-30 08:34:00,32,34,0,779,8.588,89.298
2026-07-30 08:39:00,29,33,0,555,8.425,90.965
2026-07-30 08:44:00,43,54,0,855,8.428,90.509
2026-07-30 08:49:00,30,34,0,562,8.465,91.467
2026-07-30 08:54:00,26,28,0,581,8.722,90.25
2026-07-30 08:59:00,11,13,0,1067,10.182,84.242
2026-07-30 09:04:01,10,17,0,1574,11.093,82.169
2026-07-30 09:09:01,16,18,0,456,12.041,80.578
2026-07-30 09:14:01,10,14,0,702,13.157,76.948
2026-07-30 09:19:01,10,15,0,417,13.397,75.834
2026-07-30 09:24:01,15,17,0,567,15.424,69.853
2026-07-30 09:29:01,12,15,0,546,16.842,65.674
2026-07-30 09:34:01,26,26,0,405,16.77,65.614
2026-07-30 09:39:01,25,25,0,407,17.016,66.135
2026-07-30 09:44:01,25,27,0,364,15.739,70.989
2026-07-30 09:49:01,28,30,0,341,14.762,74.396
2026-07-30 09:54:01,30,33,0,340,14.842,74.014
2026-07-30 09:59:02,28,30,0,335,15.296,72.183
2026-07-30 10:04:01,24,24,0,344,15.47,72.286
2026-07-30 10:09:01,24,26,0,339,16.006,71.512
2026-07-30 10:14:01,26,26,0,331,16.519,70.469
2026-07-30 10:19:01,28,29,0,339,16.61,69.98
2026-07-30 10:24:02,26,26,0,294,16.682,69.235
2026-07-30 10:29:01,19,20,0,309,17.147,68.3
2026-07-30 10:34:02,23,25,0,212,16.434,68.884
2026-07-30 10:39:02,28,30,0,220,17.211,66.887
2026-07-30 10:44:02,33,37,0,267,17.614,67.142
2026-07-30 10:49:02,24,24,0,229,18.044,63.846
2026-07-30 10:54:01,20,20,0,180,17.691,64.914
2026-07-30 10:59:02,19,20,0,154,18.402,62.198
2026-07-30 11:04:01,20,22,0,193,18.773,63.196
2026-07-30 11:09:02,16,18,0,197,19.39,60.104
2026-07-30 11:14:01,17,19,0,180,19.649,59.589
2026-07-30 11:19:01,15,18,0,99,19.681,56.675
2026-07-30 11:24:02,13,16,0,71,19.873,57.153
2026-07-30 11:29:02,9,11,0,105,20.391,55.812
2026-07-30 11:34:02,10,11,0,57,19.774,56.724
2026-07-30 11:39:02,7,8,0,109,20.784,55.131
2026-07-30 11:44:02,11,11,0,67,20.458,55.233
2026-07-30 11:49:02,18,18,0,59,20.338,58.189
2026-07-30 11:54:02,12,14,0,57,20.511,54.601
2026-07-30 11:59:02,8,8,0,35,20.642,53.308
2026-07-30 12:04:02,7,7,0,0,21.379,49.812
2026-07-30 12:09:03,4,4,0,8,21.067,49.596
2026-07-30 12:14:03,9,9,0,37,20.113,55.461
2026-07-30 12:19:03,6,7,0,11,19.753,57.745
2026-07-30 12:24:03,6,7,0,30,20.965,54.943
2026-07-30 12:29:03,3,3,0,1,20.986,53.991
2026-07-30 12:34:03,1,1,0,10,21.021,55.032
2026-07-30 12:39:03,3,3,0,0,20.095,56.516
2026-07-30 12:44:03,3,3,0,0,20.37,55.954
2026-07-30 12:49:03,1,1,0,0,19.766,57.224
2026-07-30 12:54:02,4,4,0,0,20.471,55.561
2026-07-30 12:59:03,3,3,0,0,19.707,57.514
2026-07-30 13:04:03,4,4,0,0,19.104,58.893
2026-07-30 13:09:03,3,3,0,13,20.589,57.186
2026-07-30 13:14:03,1,2,0,0,18.594,58.323
2026-07-30 13:19:03,5,5,0,0,20.065,55.467
2026-07-30 13:24:03,3,3,0,0,19.611,56.854
2026-07-30 13:29:03,2,2,0,0,20.482,54.765
2026-07-30 13:34:03,3,3,0,0,19.512,56.688
2026-07-30 13:39:03,0,0,0,0,19.31,56.343
2026-07-30 13:44:03,0,0,0,0,19.43,54.521
2026-07-30 13:49:03,1,1,0,0,20.415,52.516
2026-07-30 13:54:03,0,0,0,0,19.569,54.729
2026-07-30 13:59:03,0,0,0,0,19.133,55.2
2026-07-30 14:04:03,0,0,0,0,19.977,53.539
2026-07-30 14:09:03,1,2,0,0,19.128,55.236
2026-07-30 14:14:03,1,1,0,0,19.125,55.894
2026-07-30 14:19:03,2,2,0,0,20.025,54.286
2026-07-30 14:24:03,0,0,0,0,19.83,54.044
2026-07-30 14:29:03,0,0,0,0,19.531,53.218
2026-07-30 14:34:03,0,0,0,0,19.627,53.907
2026-07-30 14:39:03,0,0,0,0,20.348,53.194
2026-07-30 14:44:03,1,1,0,0,20.215,53.125
2026-07-30 14:49:03,0,0,0,0,20.685,51.704
2026-07-30 14:54:03,0,0,0,0,20.73,51.633
2026-07-30 14:59:03,1,1,0,0,20.936,49.921
2026-07-30 15:04:04,0,0,0,42,20.578,52.692
2026-07-30 15:09:04,0,0,0,0,19.98,53.623
2026-07-30 15:14:04,0,0,0,0,20.701,51.351
2026-07-30 15:19:04,0,0,0,0,21.734,49.61
2026-07-30 15:24:04,0,0,0,0,20.431,51.607
2026-07-30 15:29:04,0,0,0,0,20.055,52.635
2026-07-30 15:34:04,0,0,0,0,20.671,50.107
2026-07-30 15:39:04,0,0,0,0,20.909,50.605
2026-07-30 15:44:04,0,0,0,0,19.854,52.829
2026-07-30 15:49:04,0,0,0,0,20.549,52.156
2026-07-30 15:54:04,0,0,0,0,20.095,53.382
2026-07-30 15:59:04,0,0,0,0,19.248,54.855
2026-07-30 16:04:04,0,0,0,0,19.737,54.025
2026-07-30 16:09:05,1,1,0,0,20.295,53.243
2026-07-30 16:14:04,0,0,0,0,20.364,52.843
2026-07-30 16:19:05,0,0,0,0,19.237,53.987
2026-07-30 16:24:05,0,0,0,0,20.348,52.343
2026-07-30 16:29:05,0,1,0,0,20.802,52.335
2026-07-30 16:34:04,0,0,0,0,19.494,55.036
2026-07-30 16:39:05,1,2,0,0,19.219,54.529
2026-07-30 16:44:05,1,2,0,0,20.193,52.28
2026-07-30 16:49:04,8,8,0,0,19.67,55
2026-07-30 16:54:05,3,3,0,12,20.872,51.345
2026-07-30 16:59:05,2,2,0,0,19.422,56.026
2026-07-30 17:04:05,1,1,0,7,19.245,57.31
2026-07-30 17:09:04,2,2,0,82,18.516,59.774
2026-07-30 17:14:05,22,23,0,95,17.926,61.267
2026-07-30 17:19:05,4,5,0,164,16.631,65.233
2026-07-30 17:24:05,19,20,0,541,16.426,67.798
2026-07-30 17:29:04,1,1,0,189,16.313,67.516
2026-07-30 17:34:05,0,0,0,300,15.854,69.858
2026-07-30 17:39:05,0,0,0,184,15.323,71.441
2026-07-30 17:44:05,23,24,0,583,14.722,72.777
2026-07-30 17:49:05,17,18,0,377,14.879,71.253
2026-07-30 17:54:05,3,3,0,144,14.116,74.037
2026-07-30 17:59:05,11,12,0,205,14.404,73.917
2026-07-30 18:04:06,3,4,0,114,13.459,76.609
2026-07-30 18:09:06,6,6,0,209,13.568,76.053
2026-07-30 18:14:06,1,3,0,90,13.427,76.542
2026-07-30 18:19:06,1,1,0,78,13.451,76.029
2026-07-30 18:24:05,2,2,0,60,12.871,78.041
2026-07-30 18:29:06,4,4,0,124,12.69,78.789
2026-07-30 18:34:06,26,28,0,150,12.893,78.6
2026-07-30 18:39:06,2,3,0,0,13.939,74.354
2026-07-30 18:44:06,7,7,0,69,13.726,75.537
2026-07-30 18:49:06,2,2,0,55,13.112,77.589
2026-07-30 18:54:06,4,6,0,4,13.248,76.948
2026-07-30 18:59:06,4,4,0,0,13.437,76.633
2026-07-30 19:04:06,4,4,0,261,13.491,76.824
2026-07-30 19:09:06,4,4,0,0,14.02,74.564
2026-07-30 19:14:06,5,5,0,94,13.766,76.059
2026-07-30 19:19:06,1,1,0,5,13.718,76.002
2026-07-30 19:24:06,2,2,0,0,13.918,75.268
2026-07-30 19:29:06,0,0,0,0,13.707,76.095
2026-07-30 19:34:06,1,1,0,0,13.656,76.259
2026-07-30 19:39:06,1,2,0,0,13.381,77.179
2026-07-30 19:44:06,1,1,0,0,13.288,77.738
2026-07-30 19:49:06,1,1,0,0,13.336,77.608
2026-07-30 19:54:06,0,0,0,0,13.202,78.268
2026-07-30 19:59:06,1,2,0,0,12.901,79.508
2026-07-30 20:04:07,0,0,0,0,12.906,79.763
2026-07-30 20:09:06,1,1,0,4,12.909,79.897
2026-07-30 20:14:06,0,0,0,0,12.906,80.067
2026-07-30 20:19:06,2,2,0,0,12.514,81.602
2026-07-30 20:24:06,0,2,0,20,12.719,81.28
2026-07-30 20:29:07,4,4,0,11,12.543,81.598
2026-07-30 20:34:06,3,4,0,34,12.607,81.495
2026-07-30 20:39:06,2,4,0,0,12.615,81.453
2026-07-30 20:44:06,3,3,0,0,12.527,82.06
2026-07-30 20:49:06,0,0,0,0,12.503,82.062
2026-07-30 20:54:06,2,2,0,65,12.337,82.428
2026-07-30 20:59:07,2,2,0,0,12.311,83.323
2026-07-30 21:04:08,2,2,0,0,12.385,83.363
2026-07-30 21:09:07,1,1,0,0,12.161,84.082
2026-07-30 21:14:07,2,2,0,41,12.166,83.857
2026-07-30 21:19:07,1,2,0,0,12.15,84.532
2026-07-30 21:24:07,1,1,0,0,12.212,84.16
2026-07-30 21:29:08,3,3,0,22,11.632,86.006
2026-07-30 21:34:08,2,3,0,0,11.878,85.056
2026-07-30 21:39:08,5,6,0,137,11.52,86.105
2026-07-30 21:44:07,7,7,0,169,11.315,86.075
2026-07-30 21:49:07,6,6,0,238,11.026,86.082
2026-07-30 21:54:07,14,18,0,358,10.821,86.134
2026-07-30 21:59:07,5,6,0,188,10.594,87.946
2026-07-30 22:04:07,6,10,0,206,10.815,87.423
2026-07-30 22:09:07,8,8,0,234,10.759,87.334
2026-07-30 22:14:08,10,10,0,208,10.61,89.378
2026-07-30 22:19:08,23,25,0,654,10.85,88.144
2026-07-30 22:24:08,4,4,0,134,10.874,88.306
2026-07-30 22:29:08,9,9,0,202,11.106,86.975
2026-07-30 22:34:07,2,2,0,0,11.472,86.813
2026-07-30 22:39:08,6,6,0,54,11.317,86.916
2026-07-30 22:44:08,4,5,0,40,11.098,87.166
2026-07-30 22:49:08,5,5,0,303,11.349,86.039
2026-07-30 22:54:08,4,4,0,71,11.258,86.739
2026-07-30 22:59:08,2,2,0,146,11.242,86.201
2026-07-30 23:04:08,2,2,0,49,11.122,86.548
2026-07-30 23:09:08,2,2,0,92,10.885,86.945
2026-07-30 23:14:08,0,0,0,100,10.799,87.17
2026-07-30 23:19:08,0,1,0,58,10.714,87.276
2026-07-30 23:24:08,1,1,0,58,10.423,87.671
2026-07-30 23:29:08,0,0,0,52,10.3,87.706
2026-07-30 23:34:08,0,0,0,57,10.34,86.937
2026-07-30 23:39:08,0,0,0,40,10.294,86.769
2026-07-30 23:44:08,0,0,0,101,10.238,86.735
2026-07-30 23:49:08,0,0,0,160,10.246,86.46
2026-07-30 23:54:08,0,0,0,199,10.113,86.493
2026-07-30 23:59:08,0,0,0,293,9.931,87.065
2026-07-31 00:04:09,2,2,0,258,9.993,86.887
2026-07-31 00:09:09,0,0,0,216,9.763,88.387
2026-07-31 00:14:09,0,1,0,138,9.565,88.747
2026-07-31 00:19:09,0,0,0,181,9.59,88.383
2026-07-31 00:24:09,0,0,0,185,9.576,88.516
2026-07-31 00:29:09,0,0,0,157,9.56,89.43
2026-07-31 00:34:09,0,0,0,228,9.646,88.242
2026-07-31 00:39:09,2,2,0,291,9.68,88.203
2026-07-31 00:44:09,0,1,0,143,9.67,89.407
2026-07-31 00:49:09,1,1,0,170,9.549,89.636
2026-07-31 00:54:09,0,0,0,119,9.862,88.667
2026-07-31 00:59:09,1,1,0,197,9.784,87.441
2026-07-31 01:04:09,0,0,0,156,9.563,88.625
2026-07-31 01:09:09,0,0,0,261,9.686,87.256
2026-07-31 01:14:09,3,3,0,388,9.456,89.253
2026-07-31 01:19:09,0,0,0,347,9.411,87.45
2026-07-31 01:24:09,3,3,0,224,9.611,88.461
2026-07-31 01:29:09,1,1,0,327,9.512,87.669
2026-07-31 01:34:09,5,7,0,378,9.298,89.111
2026-07-31 01:39:10,4,4,0,251,9.154,90.82
2026-07-31 01:44:09,0,0,0,179,9.096,90.21
2026-07-31 01:49:09,0,0,0,316,9.373,88.865
2026-07-31 01:54:10,1,1,0,413,9.282,88.303
2026-07-31 01:59:10,0,0,0,398,9.317,89.405
2026-07-31 02:04:09,1,1,0,390,9.448,88.697
2026-07-31 02:09:09,2,3,0,283,9.477,90.235
2026-07-31 02:14:10,2,3,0,369,9.368,89.605
2026-07-31 02:19:09,3,4,0,429,9.646,88.583
2026-07-31 02:24:10,4,4,0,401,9.64,88.688
2026-07-31 02:29:10,4,4,0,323,9.565,89.3
2026-07-31 02:34:10,7,7,0,272,9.576,89.325
2026-07-31 02:39:09,3,3,0,237,9.555,90.094
2026-07-31 02:44:10,3,3,0,246,9.616,89.682
2026-07-31 02:49:10,3,3,0,306,9.72,89.262
2026-07-31 02:54:10,3,3,0,321,9.389,90.492
2026-07-31 02:59:09,3,4,0,328,9.688,89.735
2026-07-31 03:04:11,3,3,0,604,9.587,88.8
2026-07-31 03:09:11,4,4,0,375,9.387,90.872
2026-07-31 03:14:11,3,3,0,335,9.611,89.676
2026-07-31 03:19:10,3,4,0,266,9.576,90.324
2026-07-31 03:24:11,3,3,0,225,9.643,89.996
2026-07-31 03:29:11,1,1,0,160,9.83,89.071
2026-07-31 03:34:11,2,3,0,157,9.827,89.014
2026-07-31 03:39:10,2,2,0,233,9.857,88.635
2026-07-31 03:44:11,4,4,0,321,10.051,87.877
2026-07-31 03:49:11,2,3,0,341,10.134,87.839
2026-07-31 03:54:10,2,3,0,365,9.899,88.505
2026-07-31 03:59:11,4,5,0,327,9.616,89.525
2026-07-31 04:04:11,3,3,0,326,9.475,90.414
2026-07-31 04:09:11,2,4,0,332,9.739,89.499
2026-07-31 04:14:11,2,4,0,370,9.947,88.327
2026-07-31 04:19:11,2,2,0,376,9.784,88.451
2026-07-31 04:24:11,2,2,0,382,9.675,89.058
2026-07-31 04:29:10,1,1,0,221,9.549,89.56
2026-07-31 04:34:11,1,2,0,281,9.616,88.814
2026-07-31 04:39:11,1,1,0,322,9.36,89.508
2026-07-31 04:44:11,2,2,0,344,8.81,91.19
2026-07-31 04:49:11,1,2,0,199,8.962,90.897
2026-07-31 04:54:11,1,1,0,201,8.671,90.7
2026-07-31 04:59:11,0,0,0,167,8.919,90.166
2026-07-31 05:04:11,0,0,0,252,9.197,87.957
2026-07-31 05:09:11,4,4,0,341,8.887,89.3
2026-07-31 05:14:11,4,4,0,278,8.834,91.499
2026-07-31 05:19:12,7,7,0,253,9.341,90.107
2026-07-31 05:24:11,3,4,0,277,9.437,89.499
2026-07-31 05:29:11,4,4,0,337,9.499,88.911
2026-07-31 05:34:11,4,4,0,309,9.784,89.071
2026-07-31 05:39:11,3,3,0,437,9.549,89.134
2026-07-31 05:44:11,3,3,0,321,9.598,89.819
2026-07-31 05:49:11,4,4,0,312,9.606,90.098
2026-07-31 05:54:11,3,3,0,280,9.659,89.449
2026-07-31 05:59:11,1,2,0,320,9.939,88.11
2026-07-31 06:04:12,3,4,0,502,9.827,88.673
2026-07-31 06:09:12,4,5,0,404,9.758,89.201
2026-07-31 06:14:12,7,7,0,378,9.688,89.613
2026-07-31 06:19:12,4,5,0,419,9.835,89.148
2026-07-31 06:24:13,5,7,0,500,10.017,88.608
2026-07-31 06:29:12,7,7,0,359,9.977,88.356
2026-07-31 06:34:12,5,7,0,444,10.049,88.984
2026-07-31 06:39:14,4,4,0,342,10.014,89.02
2026-07-31 06:44:12,4,4,0,379,9.931,89.445
2026-07-31 06:49:12,9,9,0,467,9.736,90.567
2026-07-31 06:54:12,10,10,0,498,10.051,89.1
2026-07-31 06:59:12,5,9,0,184,10.794,85.539
2026-07-31 07:04:12,4,4,0,243,10.594,86.741
2026-07-31 07:09:12,28,30,0,154,10.823,87.387
2026-07-31 07:14:12,4,5,0,59,11.13,86.723
2026-07-31 07:19:12,6,6,0,44,11.053,89.338
2026-07-31 07:24:12,5,5,0,127,11.018,89.59
2026-07-31 07:29:12,4,5,0,215,10.797,90.687
2026-07-31 07:34:12,4,4,0,162,10.775,91.492
2026-07-31 07:39:12,4,4,0,65,10.775,92.796
2026-07-31 07:44:12,4,4,0,74,11.018,92.377
2026-07-31 07:49:12,3,3,0,243,11.128,92.194
2026-07-31 07:54:12,2,4,0,231,11.285,91.702
2026-07-31 07:59:13,4,4,0,338,11.312,91.526
2026-07-31 08:04:12,3,3,0,289,11.339,92.068
2026-07-31 08:09:13,2,2,0,305,11.451,91.11
2026-07-31 08:14:12,34,37,0,881,11.355,92.249
2026-07-31 08:19:12,23,27,0,679,11.451,92.295
2026-07-31 08:24:13,6,6,0,509,11.117,92.297
2026-07-31 08:29:13,8,9,0,442,11.376,91.089
2026-07-31 08:34:12,4,4,0,311,11.141,91.141
2026-07-31 08:39:13,5,6,0,335,10.965,92.23
2026-07-31 08:44:13,10,13,0,401,11.069,92.428
2026-07-31 08:49:13,6,8,0,342,10.861,93.729
2026-07-31 08:54:13,5,5,0,300,10.837,94.181
2026-07-31 08:59:13,6,6,0,308,11.112,92.667
2026-07-31 09:04:13,3,5,0,482,11.291,92.411
2026-07-31 09:09:13,3,3,0,176,11.144,92.503
2026-07-31 09:14:14,1,2,0,152,11.275,92.396
2026-07-31 09:19:14,3,3,0,264,11.363,92.453
2026-07-31 09:24:14,3,5,0,294,11.469,92.383
2026-07-31 09:29:13,4,5,0,426,11.672,91.486
2026-07-31 09:34:14,6,8,0,242,11.429,91.625
2026-07-31 09:39:14,5,6,0,277,11.128,92.737
2026-07-31 09:44:14,2,3,0,193,11.285,91.538
2026-07-31 09:49:14,0,1,0,232,11.088,91.486
2026-07-31 09:54:14,18,22,0,0,11.093,86.706
2026-07-31 09:59:14,0,0,0,0,11.029,88.169
2026-07-31 10:04:14,0,0,0,0,10.735,80.757
2026-07-31 10:09:14,0,0,0,0,10.324,80.173
2026-07-31 10:14:14,0,0,0,0,10.412,81.036
2026-07-31 10:19:14,0,0,0,0,10.564,81.24
2026-07-31 10:24:14,0,0,0,0,10.388,81.057
2026-07-31 10:29:14,4,4,0,0,9.987,84.64
2026-07-31 10:34:14,0,0,0,0,9.857,87.351
2026-07-31 10:39:14,0,0,0,0,10.903,77.614
2026-07-31 10:44:14,0,0,0,0,10.388,85.497
2026-07-31 10:49:14,1,1,0,0,10.246,86.819
2026-07-31 10:54:14,4,4,0,0,10.409,86.004
2026-07-31 10:59:14,2,2,0,0,10.636,87.801
2026-07-31 11:04:14,8,9,0,58,10.802,88.379
